tenant_id,site_id,source_system,source_object,source_record_id,canonical_id,crosswalk_status,source_event_at,ingested_at,effective_from,effective_to,record_version,supersedes_source_record_id,is_deleted,semantic_status,uom,currency,data_quality_state,freshness_state,transformation_version,customer_scope,program_scope,product_scope,sensitivity_class,snapshot_id,scenario_id,labor_capacity_id,calendar_week_id,product_family,skill_code,shift_id,qualified_people,regular_minutes,overtime_minutes,absence_minutes,net_available_minutes,capacity_state
TEN-COOLIT-SYN-001,SITE-COOLIT-SYN-01,ERP,LABOR_CAPACITY,LABCAP-001-1,LABCAP-001-1,RESOLVED,2026-09-25T23:59:59-06:00,2026-09-26T08:00:00-06:00,2026-06-29T00:00:00-06:00,,1,,false,HISTORICAL_ACTUAL,,,VALID,CURRENT,coolit-synthetic-v2.0.0,ALL_SYNTHETIC_CUSTOMERS,ALL_SYNTHETIC_PROGRAMS,ALL_SYNTHETIC_PRODUCTS,SYNTHETIC_INTERNAL,SNP-COOLIT-20260925-BL,SCN-BASELINE,LABCAP-001-1,2026-H01,COLDPLATE_LOOP,SKILL-CPL-ASSEMBLY,SHIFT-A,8,19200,0,0,19200,QUALIFIED_AVAILABLE
TEN-COOLIT-SYN-001,SITE-COOLIT-SYN-01,ERP,LABOR_CAPACITY,LABCAP-001-2,LABCAP-001-2,RESOLVED,2026-09-25T23:59:59-06:00,2026-09-26T08:00:00-06:00,2026-06-29T00:00:00-06:00,,1,,false,HISTORICAL_ACTUAL,,,VALID,CURRENT,coolit-synthetic-v2.0.0,ALL_SYNTHETIC_CUSTOMERS,ALL_SYNTHETIC_PROGRAMS,ALL_SYNTHETIC_PRODUCTS,SYNTHETIC_INTERNAL,SNP-COOLIT-20260925-BL,SCN-BASELINE,LABCAP-001-2,2026-H01,RACK_MANIFOLD,SKILL-RM-ASSEMBLY,SHIFT-B,9,21600,0,60,21540,QUALIFIED_AVAILABLE
TEN-COOLIT-SYN-001,SITE-COOLIT-SYN-01,ERP,LABOR_CAPACITY,LABCAP-001-3,LABCAP-001-3,RESOLVED,2026-09-25T23:59:59-06:00,2026-09-26T08:00:00-06:00,2026-06-29T00:00:00-06:00,,1,,false,HISTORICAL_ACTUAL,,,VALID,CURRENT,coolit-synthetic-v2.0.0,ALL_SYNTHETIC_CUSTOMERS,ALL_SYNTHETIC_PROGRAMS,ALL_SYNTHETIC_PRODUCTS,SYNTHETIC_INTERNAL,SNP-COOLIT-20260925-BL,SCN-BASELINE,LABCAP-001-3,2026-H01,COOLANT_DISTRIBUTION_UNIT,SKILL-CDU-ASSEMBLY,SHIFT-C,10,24000,0,120,23880,QUALIFIED_AVAILABLE
TEN-COOLIT-SYN-001,SITE-COOLIT-SYN-01,ERP,LABOR_CAPACITY,LABCAP-002-1,LABCAP-002-1,RESOLVED,2026-09-25T23:59:59-06:00,2026-09-26T08:00:00-06:00,2026-06-29T00:00:00-06:00,,1,,false,HISTORICAL_ACTUAL,,,VALID,CURRENT,coolit-synthetic-v2.0.0,ALL_SYNTHETIC_CUSTOMERS,ALL_SYNTHETIC_PROGRAMS,ALL_SYNTHETIC_PRODUCTS,SYNTHETIC_INTERNAL,SNP-COOLIT-20260925-BL,SCN-BASELINE,LABCAP-002-1,2026-H02,COLDPLATE_LOOP,SKILL-CPL-ASSEMBLY,SHIFT-B,9,21600,0,60,21540,QUALIFIED_AVAILABLE
TEN-COOLIT-SYN-001,SITE-COOLIT-SYN-01,ERP,LABOR_CAPACITY,LABCAP-002-2,LABCAP-002-2,RESOLVED,2026-09-25T23:59:59-06:00,2026-09-26T08:00:00-06:00,2026-06-29T00:00:00-06:00,,1,,false,HISTORICAL_ACTUAL,,,VALID,CURRENT,coolit-synthetic-v2.0.0,ALL_SYNTHETIC_CUSTOMERS,ALL_SYNTHETIC_PROGRAMS,ALL_SYNTHETIC_PRODUCTS,SYNTHETIC_INTERNAL,SNP-COOLIT-20260925-BL,SCN-BASELINE,LABCAP-002-2,2026-H02,RACK_MANIFOLD,SKILL-RM-ASSEMBLY,SHIFT-C,10,24000,0,120,23880,QUALIFIED_AVAILABLE
TEN-COOLIT-SYN-001,SITE-COOLIT-SYN-01,ERP,LABOR_CAPACITY,LABCAP-002-3,LABCAP-002-3,RESOLVED,2026-09-25T23:59:59-06:00,2026-09-26T08:00:00-06:00,2026-06-29T00:00:00-06:00,,1,,false,HISTORICAL_ACTUAL,,,VALID,CURRENT,coolit-synthetic-v2.0.0,ALL_SYNTHETIC_CUSTOMERS,ALL_SYNTHETIC_PROGRAMS,ALL_SYNTHETIC_PRODUCTS,SYNTHETIC_INTERNAL,SNP-COOLIT-20260925-BL,SCN-BASELINE,LABCAP-002-3,2026-H02,COOLANT_DISTRIBUTION_UNIT,SKILL-CDU-ASSEMBLY,SHIFT-A,11,26400,0,180,26220,QUALIFIED_AVAILABLE
TEN-COOLIT-SYN-001,SITE-COOLIT-SYN-01,ERP,LABOR_CAPACITY,LABCAP-003-1,LABCAP-003-1,RESOLVED,2026-09-25T23:59:59-06:00,2026-09-26T08:00:00-06:00,2026-06-29T00:00:00-06:00,,1,,false,HISTORICAL_ACTUAL,,,VALID,CURRENT,coolit-synthetic-v2.0.0,ALL_SYNTHETIC_CUSTOMERS,ALL_SYNTHETIC_PROGRAMS,ALL_SYNTHETIC_PRODUCTS,SYNTHETIC_INTERNAL,SNP-COOLIT-20260925-BL,SCN-BASELINE,LABCAP-003-1,2026-H03,COLDPLATE_LOOP,SKILL-CPL-ASSEMBLY,SHIFT-C,10,24000,0,120,23880,QUALIFIED_AVAILABLE
TEN-COOLIT-SYN-001,SITE-COOLIT-SYN-01,ERP,LABOR_CAPACITY,LABCAP-003-2,LABCAP-003-2,RESOLVED,2026-09-25T23:59:59-06:00,2026-09-26T08:00:00-06:00,2026-06-29T00:00:00-06:00,,1,,false,HISTORICAL_ACTUAL,,,VALID,CURRENT,coolit-synthetic-v2.0.0,ALL_SYNTHETIC_CUSTOMERS,ALL_SYNTHETIC_PROGRAMS,ALL_SYNTHETIC_PRODUCTS,SYNTHETIC_INTERNAL,SNP-COOLIT-20260925-BL,SCN-BASELINE,LABCAP-003-2,2026-H03,RACK_MANIFOLD,SKILL-RM-ASSEMBLY,SHIFT-A,11,26400,0,180,26220,QUALIFIED_AVAILABLE
TEN-COOLIT-SYN-001,SITE-COOLIT-SYN-01,ERP,LABOR_CAPACITY,LABCAP-003-3,LABCAP-003-3,RESOLVED,2026-09-25T23:59:59-06:00,2026-09-26T08:00:00-06:00,2026-06-29T00:00:00-06:00,,1,,false,HISTORICAL_ACTUAL,,,VALID,CURRENT,coolit-synthetic-v2.0.0,ALL_SYNTHETIC_CUSTOMERS,ALL_SYNTHETIC_PROGRAMS,ALL_SYNTHETIC_PRODUCTS,SYNTHETIC_INTERNAL,SNP-COOLIT-20260925-BL,SCN-BASELINE,LABCAP-003-3,2026-H03,COOLANT_DISTRIBUTION_UNIT,SKILL-CDU-ASSEMBLY,SHIFT-B,12,28800,0,240,28560,QUALIFIED_AVAILABLE
TEN-COOLIT-SYN-001,SITE-COOLIT-SYN-01,ERP,LABOR_CAPACITY,LABCAP-004-1,LABCAP-004-1,RESOLVED,2026-09-25T23:59:59-06:00,2026-09-26T08:00:00-06:00,2026-06-29T00:00:00-06:00,,1,,false,HISTORICAL_ACTUAL,,,VALID,CURRENT,coolit-synthetic-v2.0.0,ALL_SYNTHETIC_CUSTOMERS,ALL_SYNTHETIC_PROGRAMS,ALL_SYNTHETIC_PRODUCTS,SYNTHETIC_INTERNAL,SNP-COOLIT-20260925-BL,SCN-BASELINE,LABCAP-004-1,2026-H04,COLDPLATE_LOOP,SKILL-CPL-ASSEMBLY,SHIFT-A,11,26400,0,180,26220,QUALIFIED_AVAILABLE
TEN-COOLIT-SYN-001,SITE-COOLIT-SYN-01,ERP,LABOR_CAPACITY,LABCAP-004-2,LABCAP-004-2,RESOLVED,2026-09-25T23:59:59-06:00,2026-09-26T08:00:00-06:00,2026-06-29T00:00:00-06:00,,1,,false,HISTORICAL_ACTUAL,,,VALID,CURRENT,coolit-synthetic-v2.0.0,ALL_SYNTHETIC_CUSTOMERS,ALL_SYNTHETIC_PROGRAMS,ALL_SYNTHETIC_PRODUCTS,SYNTHETIC_INTERNAL,SNP-COOLIT-20260925-BL,SCN-BASELINE,LABCAP-004-2,2026-H04,RACK_MANIFOLD,SKILL-RM-ASSEMBLY,SHIFT-B,12,28800,0,240,28560,QUALIFIED_AVAILABLE
TEN-COOLIT-SYN-001,SITE-COOLIT-SYN-01,ERP,LABOR_CAPACITY,LABCAP-004-3,LABCAP-004-3,RESOLVED,2026-09-25T23:59:59-06:00,2026-09-26T08:00:00-06:00,2026-06-29T00:00:00-06:00,,1,,false,HISTORICAL_ACTUAL,,,VALID,CURRENT,coolit-synthetic-v2.0.0,ALL_SYNTHETIC_CUSTOMERS,ALL_SYNTHETIC_PROGRAMS,ALL_SYNTHETIC_PRODUCTS,SYNTHETIC_INTERNAL,SNP-COOLIT-20260925-BL,SCN-BASELINE,LABCAP-004-3,2026-H04,COOLANT_DISTRIBUTION_UNIT,SKILL-CDU-ASSEMBLY,SHIFT-C,8,19200,0,300,18900,QUALIFIED_AVAILABLE
TEN-COOLIT-SYN-001,SITE-COOLIT-SYN-01,ERP,LABOR_CAPACITY,LABCAP-005-1,LABCAP-005-1,RESOLVED,2026-09-25T23:59:59-06:00,2026-09-26T08:00:00-06:00,2026-06-29T00:00:00-06:00,,1,,false,HISTORICAL_ACTUAL,,,VALID,CURRENT,coolit-synthetic-v2.0.0,ALL_SYNTHETIC_CUSTOMERS,ALL_SYNTHETIC_PROGRAMS,ALL_SYNTHETIC_PRODUCTS,SYNTHETIC_INTERNAL,SNP-COOLIT-20260925-BL,SCN-BASELINE,LABCAP-005-1,2026-H05,COLDPLATE_LOOP,SKILL-CPL-ASSEMBLY,SHIFT-B,12,28800,0,240,28560,QUALIFIED_AVAILABLE
TEN-COOLIT-SYN-001,SITE-COOLIT-SYN-01,ERP,LABOR_CAPACITY,LABCAP-005-2,LABCAP-005-2,RESOLVED,2026-09-25T23:59:59-06:00,2026-09-26T08:00:00-06:00,2026-06-29T00:00:00-06:00,,1,,false,HISTORICAL_ACTUAL,,,VALID,CURRENT,coolit-synthetic-v2.0.0,ALL_SYNTHETIC_CUSTOMERS,ALL_SYNTHETIC_PROGRAMS,ALL_SYNTHETIC_PRODUCTS,SYNTHETIC_INTERNAL,SNP-COOLIT-20260925-BL,SCN-BASELINE,LABCAP-005-2,2026-H05,RACK_MANIFOLD,SKILL-RM-ASSEMBLY,SHIFT-C,8,19200,0,300,18900,QUALIFIED_AVAILABLE
TEN-COOLIT-SYN-001,SITE-COOLIT-SYN-01,ERP,LABOR_CAPACITY,LABCAP-005-3,LABCAP-005-3,RESOLVED,2026-09-25T23:59:59-06:00,2026-09-26T08:00:00-06:00,2026-06-29T00:00:00-06:00,,1,,false,HISTORICAL_ACTUAL,,,VALID,CURRENT,coolit-synthetic-v2.0.0,ALL_SYNTHETIC_CUSTOMERS,ALL_SYNTHETIC_PROGRAMS,ALL_SYNTHETIC_PRODUCTS,SYNTHETIC_INTERNAL,SNP-COOLIT-20260925-BL,SCN-BASELINE,LABCAP-005-3,2026-H05,COOLANT_DISTRIBUTION_UNIT,SKILL-CDU-ASSEMBLY,SHIFT-A,9,21600,0,360,21240,QUALIFIED_AVAILABLE
TEN-COOLIT-SYN-001,SITE-COOLIT-SYN-01,ERP,LABOR_CAPACITY,LABCAP-006-1,LABCAP-006-1,RESOLVED,2026-09-25T23:59:59-06:00,2026-09-26T08:00:00-06:00,2026-06-29T00:00:00-06:00,,1,,false,HISTORICAL_ACTUAL,,,VALID,CURRENT,coolit-synthetic-v2.0.0,ALL_SYNTHETIC_CUSTOMERS,ALL_SYNTHETIC_PROGRAMS,ALL_SYNTHETIC_PRODUCTS,SYNTHETIC_INTERNAL,SNP-COOLIT-20260925-BL,SCN-BASELINE,LABCAP-006-1,2026-H06,COLDPLATE_LOOP,SKILL-CPL-ASSEMBLY,SHIFT-C,8,19200,0,300,18900,QUALIFIED_AVAILABLE
TEN-COOLIT-SYN-001,SITE-COOLIT-SYN-01,ERP,LABOR_CAPACITY,LABCAP-006-2,LABCAP-006-2,RESOLVED,2026-09-25T23:59:59-06:00,2026-09-26T08:00:00-06:00,2026-06-29T00:00:00-06:00,,1,,false,HISTORICAL_ACTUAL,,,VALID,CURRENT,coolit-synthetic-v2.0.0,ALL_SYNTHETIC_CUSTOMERS,ALL_SYNTHETIC_PROGRAMS,ALL_SYNTHETIC_PRODUCTS,SYNTHETIC_INTERNAL,SNP-COOLIT-20260925-BL,SCN-BASELINE,LABCAP-006-2,2026-H06,RACK_MANIFOLD,SKILL-RM-ASSEMBLY,SHIFT-A,9,21600,0,360,21240,QUALIFIED_AVAILABLE
TEN-COOLIT-SYN-001,SITE-COOLIT-SYN-01,ERP,LABOR_CAPACITY,LABCAP-006-3,LABCAP-006-3,RESOLVED,2026-09-25T23:59:59-06:00,2026-09-26T08:00:00-06:00,2026-06-29T00:00:00-06:00,,1,,false,HISTORICAL_ACTUAL,,,VALID,CURRENT,coolit-synthetic-v2.0.0,ALL_SYNTHETIC_CUSTOMERS,ALL_SYNTHETIC_PROGRAMS,ALL_SYNTHETIC_PRODUCTS,SYNTHETIC_INTERNAL,SNP-COOLIT-20260925-BL,SCN-BASELINE,LABCAP-006-3,2026-H06,COOLANT_DISTRIBUTION_UNIT,SKILL-CDU-ASSEMBLY,SHIFT-B,10,24000,0,420,23580,QUALIFIED_AVAILABLE
TEN-COOLIT-SYN-001,SITE-COOLIT-SYN-01,ERP,LABOR_CAPACITY,LABCAP-007-1,LABCAP-007-1,RESOLVED,2026-09-25T23:59:59-06:00,2026-09-26T08:00:00-06:00,2026-06-29T00:00:00-06:00,,1,,false,HISTORICAL_ACTUAL,,,VALID,CURRENT,coolit-synthetic-v2.0.0,ALL_SYNTHETIC_CUSTOMERS,ALL_SYNTHETIC_PROGRAMS,ALL_SYNTHETIC_PRODUCTS,SYNTHETIC_INTERNAL,SNP-COOLIT-20260925-BL,SCN-BASELINE,LABCAP-007-1,2026-H07,COLDPLATE_LOOP,SKILL-CPL-ASSEMBLY,SHIFT-A,9,21600,0,360,21240,QUALIFIED_AVAILABLE
TEN-COOLIT-SYN-001,SITE-COOLIT-SYN-01,ERP,LABOR_CAPACITY,LABCAP-007-2,LABCAP-007-2,RESOLVED,2026-09-25T23:59:59-06:00,2026-09-26T08:00:00-06:00,2026-06-29T00:00:00-06:00,,1,,false,HISTORICAL_ACTUAL,,,VALID,CURRENT,coolit-synthetic-v2.0.0,ALL_SYNTHETIC_CUSTOMERS,ALL_SYNTHETIC_PROGRAMS,ALL_SYNTHETIC_PRODUCTS,SYNTHETIC_INTERNAL,SNP-COOLIT-20260925-BL,SCN-BASELINE,LABCAP-007-2,2026-H07,RACK_MANIFOLD,SKILL-RM-ASSEMBLY,SHIFT-B,10,24000,0,420,23580,QUALIFIED_AVAILABLE
TEN-COOLIT-SYN-001,SITE-COOLIT-SYN-01,ERP,LABOR_CAPACITY,LABCAP-007-3,LABCAP-007-3,RESOLVED,2026-09-25T23:59:59-06:00,2026-09-26T08:00:00-06:00,2026-06-29T00:00:00-06:00,,1,,false,HISTORICAL_ACTUAL,,,VALID,CURRENT,coolit-synthetic-v2.0.0,ALL_SYNTHETIC_CUSTOMERS,ALL_SYNTHETIC_PROGRAMS,ALL_SYNTHETIC_PRODUCTS,SYNTHETIC_INTERNAL,SNP-COOLIT-20260925-BL,SCN-BASELINE,LABCAP-007-3,2026-H07,COOLANT_DISTRIBUTION_UNIT,SKILL-CDU-ASSEMBLY,SHIFT-C,11,26400,0,480,25920,QUALIFIED_AVAILABLE
TEN-COOLIT-SYN-001,SITE-COOLIT-SYN-01,ERP,LABOR_CAPACITY,LABCAP-008-1,LABCAP-008-1,RESOLVED,2026-09-25T23:59:59-06:00,2026-09-26T08:00:00-06:00,2026-06-29T00:00:00-06:00,,1,,false,HISTORICAL_ACTUAL,,,VALID,CURRENT,coolit-synthetic-v2.0.0,ALL_SYNTHETIC_CUSTOMERS,ALL_SYNTHETIC_PROGRAMS,ALL_SYNTHETIC_PRODUCTS,SYNTHETIC_INTERNAL,SNP-COOLIT-20260925-BL,SCN-BASELINE,LABCAP-008-1,2026-H08,COLDPLATE_LOOP,SKILL-CPL-ASSEMBLY,SHIFT-B,10,24000,0,420,23580,QUALIFIED_AVAILABLE
TEN-COOLIT-SYN-001,SITE-COOLIT-SYN-01,ERP,LABOR_CAPACITY,LABCAP-008-2,LABCAP-008-2,RESOLVED,2026-09-25T23:59:59-06:00,2026-09-26T08:00:00-06:00,2026-06-29T00:00:00-06:00,,1,,false,HISTORICAL_ACTUAL,,,VALID,CURRENT,coolit-synthetic-v2.0.0,ALL_SYNTHETIC_CUSTOMERS,ALL_SYNTHETIC_PROGRAMS,ALL_SYNTHETIC_PRODUCTS,SYNTHETIC_INTERNAL,SNP-COOLIT-20260925-BL,SCN-BASELINE,LABCAP-008-2,2026-H08,RACK_MANIFOLD,SKILL-RM-ASSEMBLY,SHIFT-C,11,26400,0,480,25920,QUALIFIED_AVAILABLE
TEN-COOLIT-SYN-001,SITE-COOLIT-SYN-01,ERP,LABOR_CAPACITY,LABCAP-008-3,LABCAP-008-3,RESOLVED,2026-09-25T23:59:59-06:00,2026-09-26T08:00:00-06:00,2026-06-29T00:00:00-06:00,,1,,false,HISTORICAL_ACTUAL,,,VALID,CURRENT,coolit-synthetic-v2.0.0,ALL_SYNTHETIC_CUSTOMERS,ALL_SYNTHETIC_PROGRAMS,ALL_SYNTHETIC_PRODUCTS,SYNTHETIC_INTERNAL,SNP-COOLIT-20260925-BL,SCN-BASELINE,LABCAP-008-3,2026-H08,COOLANT_DISTRIBUTION_UNIT,SKILL-CDU-ASSEMBLY,SHIFT-A,12,28800,0,540,28260,QUALIFIED_AVAILABLE
TEN-COOLIT-SYN-001,SITE-COOLIT-SYN-01,ERP,LABOR_CAPACITY,LABCAP-009-1,LABCAP-009-1,RESOLVED,2026-09-25T23:59:59-06:00,2026-09-26T08:00:00-06:00,2026-06-29T00:00:00-06:00,,1,,false,HISTORICAL_ACTUAL,,,VALID,CURRENT,coolit-synthetic-v2.0.0,ALL_SYNTHETIC_CUSTOMERS,ALL_SYNTHETIC_PROGRAMS,ALL_SYNTHETIC_PRODUCTS,SYNTHETIC_INTERNAL,SNP-COOLIT-20260925-BL,SCN-BASELINE,LABCAP-009-1,2026-H09,COLDPLATE_LOOP,SKILL-CPL-ASSEMBLY,SHIFT-C,11,26400,0,480,25920,QUALIFIED_AVAILABLE
TEN-COOLIT-SYN-001,SITE-COOLIT-SYN-01,ERP,LABOR_CAPACITY,LABCAP-009-2,LABCAP-009-2,RESOLVED,2026-09-25T23:59:59-06:00,2026-09-26T08:00:00-06:00,2026-06-29T00:00:00-06:00,,1,,false,HISTORICAL_ACTUAL,,,VALID,CURRENT,coolit-synthetic-v2.0.0,ALL_SYNTHETIC_CUSTOMERS,ALL_SYNTHETIC_PROGRAMS,ALL_SYNTHETIC_PRODUCTS,SYNTHETIC_INTERNAL,SNP-COOLIT-20260925-BL,SCN-BASELINE,LABCAP-009-2,2026-H09,RACK_MANIFOLD,SKILL-RM-ASSEMBLY,SHIFT-A,12,28800,0,540,28260,QUALIFIED_AVAILABLE
TEN-COOLIT-SYN-001,SITE-COOLIT-SYN-01,ERP,LABOR_CAPACITY,LABCAP-009-3,LABCAP-009-3,RESOLVED,2026-09-25T23:59:59-06:00,2026-09-26T08:00:00-06:00,2026-06-29T00:00:00-06:00,,1,,false,HISTORICAL_ACTUAL,,,VALID,CURRENT,coolit-synthetic-v2.0.0,ALL_SYNTHETIC_CUSTOMERS,ALL_SYNTHETIC_PROGRAMS,ALL_SYNTHETIC_PRODUCTS,SYNTHETIC_INTERNAL,SNP-COOLIT-20260925-BL,SCN-BASELINE,LABCAP-009-3,2026-H09,COOLANT_DISTRIBUTION_UNIT,SKILL-CDU-ASSEMBLY,SHIFT-B,8,19200,0,600,18600,QUALIFIED_AVAILABLE
TEN-COOLIT-SYN-001,SITE-COOLIT-SYN-01,ERP,LABOR_CAPACITY,LABCAP-010-1,LABCAP-010-1,RESOLVED,2026-09-25T23:59:59-06:00,2026-09-26T08:00:00-06:00,2026-06-29T00:00:00-06:00,,1,,false,HISTORICAL_ACTUAL,,,VALID,CURRENT,coolit-synthetic-v2.0.0,ALL_SYNTHETIC_CUSTOMERS,ALL_SYNTHETIC_PROGRAMS,ALL_SYNTHETIC_PRODUCTS,SYNTHETIC_INTERNAL,SNP-COOLIT-20260925-BL,SCN-BASELINE,LABCAP-010-1,2026-H10,COLDPLATE_LOOP,SKILL-CPL-ASSEMBLY,SHIFT-A,12,28800,0,540,28260,QUALIFIED_AVAILABLE
TEN-COOLIT-SYN-001,SITE-COOLIT-SYN-01,ERP,LABOR_CAPACITY,LABCAP-010-2,LABCAP-010-2,RESOLVED,2026-09-25T23:59:59-06:00,2026-09-26T08:00:00-06:00,2026-06-29T00:00:00-06:00,,1,,false,HISTORICAL_ACTUAL,,,VALID,CURRENT,coolit-synthetic-v2.0.0,ALL_SYNTHETIC_CUSTOMERS,ALL_SYNTHETIC_PROGRAMS,ALL_SYNTHETIC_PRODUCTS,SYNTHETIC_INTERNAL,SNP-COOLIT-20260925-BL,SCN-BASELINE,LABCAP-010-2,2026-H10,RACK_MANIFOLD,SKILL-RM-ASSEMBLY,SHIFT-B,8,19200,0,600,18600,QUALIFIED_AVAILABLE
TEN-COOLIT-SYN-001,SITE-COOLIT-SYN-01,ERP,LABOR_CAPACITY,LABCAP-010-3,LABCAP-010-3,RESOLVED,2026-09-25T23:59:59-06:00,2026-09-26T08:00:00-06:00,2026-06-29T00:00:00-06:00,,1,,false,HISTORICAL_ACTUAL,,,VALID,CURRENT,coolit-synthetic-v2.0.0,ALL_SYNTHETIC_CUSTOMERS,ALL_SYNTHETIC_PROGRAMS,ALL_SYNTHETIC_PRODUCTS,SYNTHETIC_INTERNAL,SNP-COOLIT-20260925-BL,SCN-BASELINE,LABCAP-010-3,2026-H10,COOLANT_DISTRIBUTION_UNIT,SKILL-CDU-ASSEMBLY,SHIFT-C,9,21600,0,0,21600,QUALIFIED_AVAILABLE
TEN-COOLIT-SYN-001,SITE-COOLIT-SYN-01,ERP,LABOR_CAPACITY,LABCAP-011-1,LABCAP-011-1,RESOLVED,2026-09-25T23:59:59-06:00,2026-09-26T08:00:00-06:00,2026-06-29T00:00:00-06:00,,1,,false,HISTORICAL_ACTUAL,,,VALID,CURRENT,coolit-synthetic-v2.0.0,ALL_SYNTHETIC_CUSTOMERS,ALL_SYNTHETIC_PROGRAMS,ALL_SYNTHETIC_PRODUCTS,SYNTHETIC_INTERNAL,SNP-COOLIT-20260925-BL,SCN-BASELINE,LABCAP-011-1,2026-H11,COLDPLATE_LOOP,SKILL-CPL-ASSEMBLY,SHIFT-B,8,19200,0,600,18600,QUALIFIED_AVAILABLE
TEN-COOLIT-SYN-001,SITE-COOLIT-SYN-01,ERP,LABOR_CAPACITY,LABCAP-011-2,LABCAP-011-2,RESOLVED,2026-09-25T23:59:59-06:00,2026-09-26T08:00:00-06:00,2026-06-29T00:00:00-06:00,,1,,false,HISTORICAL_ACTUAL,,,VALID,CURRENT,coolit-synthetic-v2.0.0,ALL_SYNTHETIC_CUSTOMERS,ALL_SYNTHETIC_PROGRAMS,ALL_SYNTHETIC_PRODUCTS,SYNTHETIC_INTERNAL,SNP-COOLIT-20260925-BL,SCN-BASELINE,LABCAP-011-2,2026-H11,RACK_MANIFOLD,SKILL-RM-ASSEMBLY,SHIFT-C,9,21600,0,0,21600,QUALIFIED_AVAILABLE
TEN-COOLIT-SYN-001,SITE-COOLIT-SYN-01,ERP,LABOR_CAPACITY,LABCAP-011-3,LABCAP-011-3,RESOLVED,2026-09-25T23:59:59-06:00,2026-09-26T08:00:00-06:00,2026-06-29T00:00:00-06:00,,1,,false,HISTORICAL_ACTUAL,,,VALID,CURRENT,coolit-synthetic-v2.0.0,ALL_SYNTHETIC_CUSTOMERS,ALL_SYNTHETIC_PROGRAMS,ALL_SYNTHETIC_PRODUCTS,SYNTHETIC_INTERNAL,SNP-COOLIT-20260925-BL,SCN-BASELINE,LABCAP-011-3,2026-H11,COOLANT_DISTRIBUTION_UNIT,SKILL-CDU-ASSEMBLY,SHIFT-A,10,24000,0,60,23940,QUALIFIED_AVAILABLE
TEN-COOLIT-SYN-001,SITE-COOLIT-SYN-01,ERP,LABOR_CAPACITY,LABCAP-012-1,LABCAP-012-1,RESOLVED,2026-09-25T23:59:59-06:00,2026-09-26T08:00:00-06:00,2026-06-29T00:00:00-06:00,,1,,false,HISTORICAL_ACTUAL,,,VALID,CURRENT,coolit-synthetic-v2.0.0,ALL_SYNTHETIC_CUSTOMERS,ALL_SYNTHETIC_PROGRAMS,ALL_SYNTHETIC_PRODUCTS,SYNTHETIC_INTERNAL,SNP-COOLIT-20260925-BL,SCN-BASELINE,LABCAP-012-1,2026-H12,COLDPLATE_LOOP,SKILL-CPL-ASSEMBLY,SHIFT-C,9,21600,0,0,21600,QUALIFIED_AVAILABLE
TEN-COOLIT-SYN-001,SITE-COOLIT-SYN-01,ERP,LABOR_CAPACITY,LABCAP-012-2,LABCAP-012-2,RESOLVED,2026-09-25T23:59:59-06:00,2026-09-26T08:00:00-06:00,2026-06-29T00:00:00-06:00,,1,,false,HISTORICAL_ACTUAL,,,VALID,CURRENT,coolit-synthetic-v2.0.0,ALL_SYNTHETIC_CUSTOMERS,ALL_SYNTHETIC_PROGRAMS,ALL_SYNTHETIC_PRODUCTS,SYNTHETIC_INTERNAL,SNP-COOLIT-20260925-BL,SCN-BASELINE,LABCAP-012-2,2026-H12,RACK_MANIFOLD,SKILL-RM-ASSEMBLY,SHIFT-A,10,24000,0,60,23940,QUALIFIED_AVAILABLE
TEN-COOLIT-SYN-001,SITE-COOLIT-SYN-01,ERP,LABOR_CAPACITY,LABCAP-012-3,LABCAP-012-3,RESOLVED,2026-09-25T23:59:59-06:00,2026-09-26T08:00:00-06:00,2026-06-29T00:00:00-06:00,,1,,false,HISTORICAL_ACTUAL,,,VALID,CURRENT,coolit-synthetic-v2.0.0,ALL_SYNTHETIC_CUSTOMERS,ALL_SYNTHETIC_PROGRAMS,ALL_SYNTHETIC_PRODUCTS,SYNTHETIC_INTERNAL,SNP-COOLIT-20260925-BL,SCN-BASELINE,LABCAP-012-3,2026-H12,COOLANT_DISTRIBUTION_UNIT,SKILL-CDU-ASSEMBLY,SHIFT-B,11,26400,0,120,26280,QUALIFIED_AVAILABLE
TEN-COOLIT-SYN-001,SITE-COOLIT-SYN-01,ERP,LABOR_CAPACITY,LABCAP-013-1,LABCAP-013-1,RESOLVED,2026-09-25T23:59:59-06:00,2026-09-26T08:00:00-06:00,2026-06-29T00:00:00-06:00,,1,,false,HISTORICAL_ACTUAL,,,VALID,CURRENT,coolit-synthetic-v2.0.0,ALL_SYNTHETIC_CUSTOMERS,ALL_SYNTHETIC_PROGRAMS,ALL_SYNTHETIC_PRODUCTS,SYNTHETIC_INTERNAL,SNP-COOLIT-20260925-BL,SCN-BASELINE,LABCAP-013-1,2026-H13,COLDPLATE_LOOP,SKILL-CPL-ASSEMBLY,SHIFT-A,10,24000,0,60,23940,QUALIFIED_AVAILABLE
TEN-COOLIT-SYN-001,SITE-COOLIT-SYN-01,ERP,LABOR_CAPACITY,LABCAP-013-2,LABCAP-013-2,RESOLVED,2026-09-25T23:59:59-06:00,2026-09-26T08:00:00-06:00,2026-06-29T00:00:00-06:00,,1,,false,HISTORICAL_ACTUAL,,,VALID,CURRENT,coolit-synthetic-v2.0.0,ALL_SYNTHETIC_CUSTOMERS,ALL_SYNTHETIC_PROGRAMS,ALL_SYNTHETIC_PRODUCTS,SYNTHETIC_INTERNAL,SNP-COOLIT-20260925-BL,SCN-BASELINE,LABCAP-013-2,2026-H13,RACK_MANIFOLD,SKILL-RM-ASSEMBLY,SHIFT-B,11,26400,0,120,26280,QUALIFIED_AVAILABLE
TEN-COOLIT-SYN-001,SITE-COOLIT-SYN-01,ERP,LABOR_CAPACITY,LABCAP-013-3,LABCAP-013-3,RESOLVED,2026-09-25T23:59:59-06:00,2026-09-26T08:00:00-06:00,2026-06-29T00:00:00-06:00,,1,,false,HISTORICAL_ACTUAL,,,VALID,CURRENT,coolit-synthetic-v2.0.0,ALL_SYNTHETIC_CUSTOMERS,ALL_SYNTHETIC_PROGRAMS,ALL_SYNTHETIC_PRODUCTS,SYNTHETIC_INTERNAL,SNP-COOLIT-20260925-BL,SCN-BASELINE,LABCAP-013-3,2026-H13,COOLANT_DISTRIBUTION_UNIT,SKILL-CDU-ASSEMBLY,SHIFT-C,12,28800,0,180,28620,QUALIFIED_AVAILABLE
TEN-COOLIT-SYN-001,SITE-COOLIT-SYN-01,ERP,LABOR_CAPACITY,LABCAP-014-1,LABCAP-014-1,RESOLVED,2026-09-25T23:59:59-06:00,2026-09-26T08:00:00-06:00,2026-06-29T00:00:00-06:00,,1,,false,HISTORICAL_ACTUAL,,,VALID,CURRENT,coolit-synthetic-v2.0.0,ALL_SYNTHETIC_CUSTOMERS,ALL_SYNTHETIC_PROGRAMS,ALL_SYNTHETIC_PRODUCTS,SYNTHETIC_INTERNAL,SNP-COOLIT-20260925-BL,SCN-BASELINE,LABCAP-014-1,2026-H14,COLDPLATE_LOOP,SKILL-CPL-ASSEMBLY,SHIFT-B,11,26400,0,120,26280,QUALIFIED_AVAILABLE
TEN-COOLIT-SYN-001,SITE-COOLIT-SYN-01,ERP,LABOR_CAPACITY,LABCAP-014-2,LABCAP-014-2,RESOLVED,2026-09-25T23:59:59-06:00,2026-09-26T08:00:00-06:00,2026-06-29T00:00:00-06:00,,1,,false,HISTORICAL_ACTUAL,,,VALID,CURRENT,coolit-synthetic-v2.0.0,ALL_SYNTHETIC_CUSTOMERS,ALL_SYNTHETIC_PROGRAMS,ALL_SYNTHETIC_PRODUCTS,SYNTHETIC_INTERNAL,SNP-COOLIT-20260925-BL,SCN-BASELINE,LABCAP-014-2,2026-H14,RACK_MANIFOLD,SKILL-RM-ASSEMBLY,SHIFT-C,12,28800,0,180,28620,QUALIFIED_AVAILABLE
TEN-COOLIT-SYN-001,SITE-COOLIT-SYN-01,ERP,LABOR_CAPACITY,LABCAP-014-3,LABCAP-014-3,RESOLVED,2026-09-25T23:59:59-06:00,2026-09-26T08:00:00-06:00,2026-06-29T00:00:00-06:00,,1,,false,HISTORICAL_ACTUAL,,,VALID,CURRENT,coolit-synthetic-v2.0.0,ALL_SYNTHETIC_CUSTOMERS,ALL_SYNTHETIC_PROGRAMS,ALL_SYNTHETIC_PRODUCTS,SYNTHETIC_INTERNAL,SNP-COOLIT-20260925-BL,SCN-BASELINE,LABCAP-014-3,2026-H14,COOLANT_DISTRIBUTION_UNIT,SKILL-CDU-ASSEMBLY,SHIFT-A,8,19200,0,240,18960,QUALIFIED_AVAILABLE
TEN-COOLIT-SYN-001,SITE-COOLIT-SYN-01,ERP,LABOR_CAPACITY,LABCAP-015-1,LABCAP-015-1,RESOLVED,2026-09-25T23:59:59-06:00,2026-09-26T08:00:00-06:00,2026-06-29T00:00:00-06:00,,1,,false,HISTORICAL_ACTUAL,,,VALID,CURRENT,coolit-synthetic-v2.0.0,ALL_SYNTHETIC_CUSTOMERS,ALL_SYNTHETIC_PROGRAMS,ALL_SYNTHETIC_PRODUCTS,SYNTHETIC_INTERNAL,SNP-COOLIT-20260925-BL,SCN-BASELINE,LABCAP-015-1,2026-H15,COLDPLATE_LOOP,SKILL-CPL-ASSEMBLY,SHIFT-C,12,28800,0,180,28620,QUALIFIED_AVAILABLE
TEN-COOLIT-SYN-001,SITE-COOLIT-SYN-01,ERP,LABOR_CAPACITY,LABCAP-015-2,LABCAP-015-2,RESOLVED,2026-09-25T23:59:59-06:00,2026-09-26T08:00:00-06:00,2026-06-29T00:00:00-06:00,,1,,false,HISTORICAL_ACTUAL,,,VALID,CURRENT,coolit-synthetic-v2.0.0,ALL_SYNTHETIC_CUSTOMERS,ALL_SYNTHETIC_PROGRAMS,ALL_SYNTHETIC_PRODUCTS,SYNTHETIC_INTERNAL,SNP-COOLIT-20260925-BL,SCN-BASELINE,LABCAP-015-2,2026-H15,RACK_MANIFOLD,SKILL-RM-ASSEMBLY,SHIFT-A,8,19200,0,240,18960,QUALIFIED_AVAILABLE
TEN-COOLIT-SYN-001,SITE-COOLIT-SYN-01,ERP,LABOR_CAPACITY,LABCAP-015-3,LABCAP-015-3,RESOLVED,2026-09-25T23:59:59-06:00,2026-09-26T08:00:00-06:00,2026-06-29T00:00:00-06:00,,1,,false,HISTORICAL_ACTUAL,,,VALID,CURRENT,coolit-synthetic-v2.0.0,ALL_SYNTHETIC_CUSTOMERS,ALL_SYNTHETIC_PROGRAMS,ALL_SYNTHETIC_PRODUCTS,SYNTHETIC_INTERNAL,SNP-COOLIT-20260925-BL,SCN-BASELINE,LABCAP-015-3,2026-H15,COOLANT_DISTRIBUTION_UNIT,SKILL-CDU-ASSEMBLY,SHIFT-B,9,21600,0,300,21300,QUALIFIED_AVAILABLE
TEN-COOLIT-SYN-001,SITE-COOLIT-SYN-01,ERP,LABOR_CAPACITY,LABCAP-016-1,LABCAP-016-1,RESOLVED,2026-09-25T23:59:59-06:00,2026-09-26T08:00:00-06:00,2026-06-29T00:00:00-06:00,,1,,false,HISTORICAL_ACTUAL,,,VALID,CURRENT,coolit-synthetic-v2.0.0,ALL_SYNTHETIC_CUSTOMERS,ALL_SYNTHETIC_PROGRAMS,ALL_SYNTHETIC_PRODUCTS,SYNTHETIC_INTERNAL,SNP-COOLIT-20260925-BL,SCN-BASELINE,LABCAP-016-1,2026-H16,COLDPLATE_LOOP,SKILL-CPL-ASSEMBLY,SHIFT-A,8,19200,0,240,18960,QUALIFIED_AVAILABLE
TEN-COOLIT-SYN-001,SITE-COOLIT-SYN-01,ERP,LABOR_CAPACITY,LABCAP-016-2,LABCAP-016-2,RESOLVED,2026-09-25T23:59:59-06:00,2026-09-26T08:00:00-06:00,2026-06-29T00:00:00-06:00,,1,,false,HISTORICAL_ACTUAL,,,VALID,CURRENT,coolit-synthetic-v2.0.0,ALL_SYNTHETIC_CUSTOMERS,ALL_SYNTHETIC_PROGRAMS,ALL_SYNTHETIC_PRODUCTS,SYNTHETIC_INTERNAL,SNP-COOLIT-20260925-BL,SCN-BASELINE,LABCAP-016-2,2026-H16,RACK_MANIFOLD,SKILL-RM-ASSEMBLY,SHIFT-B,9,21600,0,300,21300,QUALIFIED_AVAILABLE
TEN-COOLIT-SYN-001,SITE-COOLIT-SYN-01,ERP,LABOR_CAPACITY,LABCAP-016-3,LABCAP-016-3,RESOLVED,2026-09-25T23:59:59-06:00,2026-09-26T08:00:00-06:00,2026-06-29T00:00:00-06:00,,1,,false,HISTORICAL_ACTUAL,,,VALID,CURRENT,coolit-synthetic-v2.0.0,ALL_SYNTHETIC_CUSTOMERS,ALL_SYNTHETIC_PROGRAMS,ALL_SYNTHETIC_PRODUCTS,SYNTHETIC_INTERNAL,SNP-COOLIT-20260925-BL,SCN-BASELINE,LABCAP-016-3,2026-H16,COOLANT_DISTRIBUTION_UNIT,SKILL-CDU-ASSEMBLY,SHIFT-C,10,24000,0,360,23640,QUALIFIED_AVAILABLE
TEN-COOLIT-SYN-001,SITE-COOLIT-SYN-01,ERP,LABOR_CAPACITY,LABCAP-017-1,LABCAP-017-1,RESOLVED,2026-09-25T23:59:59-06:00,2026-09-26T08:00:00-06:00,2026-06-29T00:00:00-06:00,,1,,false,HISTORICAL_ACTUAL,,,VALID,CURRENT,coolit-synthetic-v2.0.0,ALL_SYNTHETIC_CUSTOMERS,ALL_SYNTHETIC_PROGRAMS,ALL_SYNTHETIC_PRODUCTS,SYNTHETIC_INTERNAL,SNP-COOLIT-20260925-BL,SCN-BASELINE,LABCAP-017-1,2026-H17,COLDPLATE_LOOP,SKILL-CPL-ASSEMBLY,SHIFT-B,9,21600,0,300,21300,QUALIFIED_AVAILABLE
TEN-COOLIT-SYN-001,SITE-COOLIT-SYN-01,ERP,LABOR_CAPACITY,LABCAP-017-2,LABCAP-017-2,RESOLVED,2026-09-25T23:59:59-06:00,2026-09-26T08:00:00-06:00,2026-06-29T00:00:00-06:00,,1,,false,HISTORICAL_ACTUAL,,,VALID,CURRENT,coolit-synthetic-v2.0.0,ALL_SYNTHETIC_CUSTOMERS,ALL_SYNTHETIC_PROGRAMS,ALL_SYNTHETIC_PRODUCTS,SYNTHETIC_INTERNAL,SNP-COOLIT-20260925-BL,SCN-BASELINE,LABCAP-017-2,2026-H17,RACK_MANIFOLD,SKILL-RM-ASSEMBLY,SHIFT-C,10,24000,0,360,23640,QUALIFIED_AVAILABLE
TEN-COOLIT-SYN-001,SITE-COOLIT-SYN-01,ERP,LABOR_CAPACITY,LABCAP-017-3,LABCAP-017-3,RESOLVED,2026-09-25T23:59:59-06:00,2026-09-26T08:00:00-06:00,2026-06-29T00:00:00-06:00,,1,,false,HISTORICAL_ACTUAL,,,VALID,CURRENT,coolit-synthetic-v2.0.0,ALL_SYNTHETIC_CUSTOMERS,ALL_SYNTHETIC_PROGRAMS,ALL_SYNTHETIC_PRODUCTS,SYNTHETIC_INTERNAL,SNP-COOLIT-20260925-BL,SCN-BASELINE,LABCAP-017-3,2026-H17,COOLANT_DISTRIBUTION_UNIT,SKILL-CDU-ASSEMBLY,SHIFT-A,11,26400,0,420,25980,QUALIFIED_AVAILABLE
TEN-COOLIT-SYN-001,SITE-COOLIT-SYN-01,ERP,LABOR_CAPACITY,LABCAP-018-1,LABCAP-018-1,RESOLVED,2026-09-25T23:59:59-06:00,2026-09-26T08:00:00-06:00,2026-06-29T00:00:00-06:00,,1,,false,HISTORICAL_ACTUAL,,,VALID,CURRENT,coolit-synthetic-v2.0.0,ALL_SYNTHETIC_CUSTOMERS,ALL_SYNTHETIC_PROGRAMS,ALL_SYNTHETIC_PRODUCTS,SYNTHETIC_INTERNAL,SNP-COOLIT-20260925-BL,SCN-BASELINE,LABCAP-018-1,2026-H18,COLDPLATE_LOOP,SKILL-CPL-ASSEMBLY,SHIFT-C,10,24000,0,360,23640,QUALIFIED_AVAILABLE
TEN-COOLIT-SYN-001,SITE-COOLIT-SYN-01,ERP,LABOR_CAPACITY,LABCAP-018-2,LABCAP-018-2,RESOLVED,2026-09-25T23:59:59-06:00,2026-09-26T08:00:00-06:00,2026-06-29T00:00:00-06:00,,1,,false,HISTORICAL_ACTUAL,,,VALID,CURRENT,coolit-synthetic-v2.0.0,ALL_SYNTHETIC_CUSTOMERS,ALL_SYNTHETIC_PROGRAMS,ALL_SYNTHETIC_PRODUCTS,SYNTHETIC_INTERNAL,SNP-COOLIT-20260925-BL,SCN-BASELINE,LABCAP-018-2,2026-H18,RACK_MANIFOLD,SKILL-RM-ASSEMBLY,SHIFT-A,11,26400,0,420,25980,QUALIFIED_AVAILABLE
TEN-COOLIT-SYN-001,SITE-COOLIT-SYN-01,ERP,LABOR_CAPACITY,LABCAP-018-3,LABCAP-018-3,RESOLVED,2026-09-25T23:59:59-06:00,2026-09-26T08:00:00-06:00,2026-06-29T00:00:00-06:00,,1,,false,HISTORICAL_ACTUAL,,,VALID,CURRENT,coolit-synthetic-v2.0.0,ALL_SYNTHETIC_CUSTOMERS,ALL_SYNTHETIC_PROGRAMS,ALL_SYNTHETIC_PRODUCTS,SYNTHETIC_INTERNAL,SNP-COOLIT-20260925-BL,SCN-BASELINE,LABCAP-018-3,2026-H18,COOLANT_DISTRIBUTION_UNIT,SKILL-CDU-ASSEMBLY,SHIFT-B,12,28800,0,480,28320,QUALIFIED_AVAILABLE
TEN-COOLIT-SYN-001,SITE-COOLIT-SYN-01,ERP,LABOR_CAPACITY,LABCAP-019-1,LABCAP-019-1,RESOLVED,2026-09-25T23:59:59-06:00,2026-09-26T08:00:00-06:00,2026-06-29T00:00:00-06:00,,1,,false,HISTORICAL_ACTUAL,,,VALID,CURRENT,coolit-synthetic-v2.0.0,ALL_SYNTHETIC_CUSTOMERS,ALL_SYNTHETIC_PROGRAMS,ALL_SYNTHETIC_PRODUCTS,SYNTHETIC_INTERNAL,SNP-COOLIT-20260925-BL,SCN-BASELINE,LABCAP-019-1,2026-H19,COLDPLATE_LOOP,SKILL-CPL-ASSEMBLY,SHIFT-A,11,26400,0,420,25980,QUALIFIED_AVAILABLE
TEN-COOLIT-SYN-001,SITE-COOLIT-SYN-01,ERP,LABOR_CAPACITY,LABCAP-019-2,LABCAP-019-2,RESOLVED,2026-09-25T23:59:59-06:00,2026-09-26T08:00:00-06:00,2026-06-29T00:00:00-06:00,,1,,false,HISTORICAL_ACTUAL,,,VALID,CURRENT,coolit-synthetic-v2.0.0,ALL_SYNTHETIC_CUSTOMERS,ALL_SYNTHETIC_PROGRAMS,ALL_SYNTHETIC_PRODUCTS,SYNTHETIC_INTERNAL,SNP-COOLIT-20260925-BL,SCN-BASELINE,LABCAP-019-2,2026-H19,RACK_MANIFOLD,SKILL-RM-ASSEMBLY,SHIFT-B,12,28800,0,480,28320,QUALIFIED_AVAILABLE
TEN-COOLIT-SYN-001,SITE-COOLIT-SYN-01,ERP,LABOR_CAPACITY,LABCAP-019-3,LABCAP-019-3,RESOLVED,2026-09-25T23:59:59-06:00,2026-09-26T08:00:00-06:00,2026-06-29T00:00:00-06:00,,1,,false,HISTORICAL_ACTUAL,,,VALID,CURRENT,coolit-synthetic-v2.0.0,ALL_SYNTHETIC_CUSTOMERS,ALL_SYNTHETIC_PROGRAMS,ALL_SYNTHETIC_PRODUCTS,SYNTHETIC_INTERNAL,SNP-COOLIT-20260925-BL,SCN-BASELINE,LABCAP-019-3,2026-H19,COOLANT_DISTRIBUTION_UNIT,SKILL-CDU-ASSEMBLY,SHIFT-C,8,19200,0,540,18660,QUALIFIED_AVAILABLE
TEN-COOLIT-SYN-001,SITE-COOLIT-SYN-01,ERP,LABOR_CAPACITY,LABCAP-020-1,LABCAP-020-1,RESOLVED,2026-09-25T23:59:59-06:00,2026-09-26T08:00:00-06:00,2026-06-29T00:00:00-06:00,,1,,false,HISTORICAL_ACTUAL,,,VALID,CURRENT,coolit-synthetic-v2.0.0,ALL_SYNTHETIC_CUSTOMERS,ALL_SYNTHETIC_PROGRAMS,ALL_SYNTHETIC_PRODUCTS,SYNTHETIC_INTERNAL,SNP-COOLIT-20260925-BL,SCN-BASELINE,LABCAP-020-1,2026-H20,COLDPLATE_LOOP,SKILL-CPL-ASSEMBLY,SHIFT-B,12,28800,0,480,28320,QUALIFIED_AVAILABLE
TEN-COOLIT-SYN-001,SITE-COOLIT-SYN-01,ERP,LABOR_CAPACITY,LABCAP-020-2,LABCAP-020-2,RESOLVED,2026-09-25T23:59:59-06:00,2026-09-26T08:00:00-06:00,2026-06-29T00:00:00-06:00,,1,,false,HISTORICAL_ACTUAL,,,VALID,CURRENT,coolit-synthetic-v2.0.0,ALL_SYNTHETIC_CUSTOMERS,ALL_SYNTHETIC_PROGRAMS,ALL_SYNTHETIC_PRODUCTS,SYNTHETIC_INTERNAL,SNP-COOLIT-20260925-BL,SCN-BASELINE,LABCAP-020-2,2026-H20,RACK_MANIFOLD,SKILL-RM-ASSEMBLY,SHIFT-C,8,19200,0,540,18660,QUALIFIED_AVAILABLE
TEN-COOLIT-SYN-001,SITE-COOLIT-SYN-01,ERP,LABOR_CAPACITY,LABCAP-020-3,LABCAP-020-3,RESOLVED,2026-09-25T23:59:59-06:00,2026-09-26T08:00:00-06:00,2026-06-29T00:00:00-06:00,,1,,false,HISTORICAL_ACTUAL,,,VALID,CURRENT,coolit-synthetic-v2.0.0,ALL_SYNTHETIC_CUSTOMERS,ALL_SYNTHETIC_PROGRAMS,ALL_SYNTHETIC_PRODUCTS,SYNTHETIC_INTERNAL,SNP-COOLIT-20260925-BL,SCN-BASELINE,LABCAP-020-3,2026-H20,COOLANT_DISTRIBUTION_UNIT,SKILL-CDU-ASSEMBLY,SHIFT-A,9,21600,0,600,21000,QUALIFIED_AVAILABLE
TEN-COOLIT-SYN-001,SITE-COOLIT-SYN-01,ERP,LABOR_CAPACITY,LABCAP-021-1,LABCAP-021-1,RESOLVED,2026-09-25T23:59:59-06:00,2026-09-26T08:00:00-06:00,2026-06-29T00:00:00-06:00,,1,,false,HISTORICAL_ACTUAL,,,VALID,CURRENT,coolit-synthetic-v2.0.0,ALL_SYNTHETIC_CUSTOMERS,ALL_SYNTHETIC_PROGRAMS,ALL_SYNTHETIC_PRODUCTS,SYNTHETIC_INTERNAL,SNP-COOLIT-20260925-BL,SCN-BASELINE,LABCAP-021-1,2026-H21,COLDPLATE_LOOP,SKILL-CPL-ASSEMBLY,SHIFT-C,8,19200,0,540,18660,QUALIFIED_AVAILABLE
TEN-COOLIT-SYN-001,SITE-COOLIT-SYN-01,ERP,LABOR_CAPACITY,LABCAP-021-2,LABCAP-021-2,RESOLVED,2026-09-25T23:59:59-06:00,2026-09-26T08:00:00-06:00,2026-06-29T00:00:00-06:00,,1,,false,HISTORICAL_ACTUAL,,,VALID,CURRENT,coolit-synthetic-v2.0.0,ALL_SYNTHETIC_CUSTOMERS,ALL_SYNTHETIC_PROGRAMS,ALL_SYNTHETIC_PRODUCTS,SYNTHETIC_INTERNAL,SNP-COOLIT-20260925-BL,SCN-BASELINE,LABCAP-021-2,2026-H21,RACK_MANIFOLD,SKILL-RM-ASSEMBLY,SHIFT-A,9,21600,0,600,21000,QUALIFIED_AVAILABLE
TEN-COOLIT-SYN-001,SITE-COOLIT-SYN-01,ERP,LABOR_CAPACITY,LABCAP-021-3,LABCAP-021-3,RESOLVED,2026-09-25T23:59:59-06:00,2026-09-26T08:00:00-06:00,2026-06-29T00:00:00-06:00,,1,,false,HISTORICAL_ACTUAL,,,VALID,CURRENT,coolit-synthetic-v2.0.0,ALL_SYNTHETIC_CUSTOMERS,ALL_SYNTHETIC_PROGRAMS,ALL_SYNTHETIC_PRODUCTS,SYNTHETIC_INTERNAL,SNP-COOLIT-20260925-BL,SCN-BASELINE,LABCAP-021-3,2026-H21,COOLANT_DISTRIBUTION_UNIT,SKILL-CDU-ASSEMBLY,SHIFT-B,10,24000,0,0,24000,QUALIFIED_AVAILABLE
TEN-COOLIT-SYN-001,SITE-COOLIT-SYN-01,ERP,LABOR_CAPACITY,LABCAP-022-1,LABCAP-022-1,RESOLVED,2026-09-25T23:59:59-06:00,2026-09-26T08:00:00-06:00,2026-06-29T00:00:00-06:00,,1,,false,HISTORICAL_ACTUAL,,,VALID,CURRENT,coolit-synthetic-v2.0.0,ALL_SYNTHETIC_CUSTOMERS,ALL_SYNTHETIC_PROGRAMS,ALL_SYNTHETIC_PRODUCTS,SYNTHETIC_INTERNAL,SNP-COOLIT-20260925-BL,SCN-BASELINE,LABCAP-022-1,2026-H22,COLDPLATE_LOOP,SKILL-CPL-ASSEMBLY,SHIFT-A,9,21600,0,600,21000,QUALIFIED_AVAILABLE
TEN-COOLIT-SYN-001,SITE-COOLIT-SYN-01,ERP,LABOR_CAPACITY,LABCAP-022-2,LABCAP-022-2,RESOLVED,2026-09-25T23:59:59-06:00,2026-09-26T08:00:00-06:00,2026-06-29T00:00:00-06:00,,1,,false,HISTORICAL_ACTUAL,,,VALID,CURRENT,coolit-synthetic-v2.0.0,ALL_SYNTHETIC_CUSTOMERS,ALL_SYNTHETIC_PROGRAMS,ALL_SYNTHETIC_PRODUCTS,SYNTHETIC_INTERNAL,SNP-COOLIT-20260925-BL,SCN-BASELINE,LABCAP-022-2,2026-H22,RACK_MANIFOLD,SKILL-RM-ASSEMBLY,SHIFT-B,10,24000,0,0,24000,QUALIFIED_AVAILABLE
TEN-COOLIT-SYN-001,SITE-COOLIT-SYN-01,ERP,LABOR_CAPACITY,LABCAP-022-3,LABCAP-022-3,RESOLVED,2026-09-25T23:59:59-06:00,2026-09-26T08:00:00-06:00,2026-06-29T00:00:00-06:00,,1,,false,HISTORICAL_ACTUAL,,,VALID,CURRENT,coolit-synthetic-v2.0.0,ALL_SYNTHETIC_CUSTOMERS,ALL_SYNTHETIC_PROGRAMS,ALL_SYNTHETIC_PRODUCTS,SYNTHETIC_INTERNAL,SNP-COOLIT-20260925-BL,SCN-BASELINE,LABCAP-022-3,2026-H22,COOLANT_DISTRIBUTION_UNIT,SKILL-CDU-ASSEMBLY,SHIFT-C,11,26400,0,60,26340,QUALIFIED_AVAILABLE
TEN-COOLIT-SYN-001,SITE-COOLIT-SYN-01,ERP,LABOR_CAPACITY,LABCAP-023-1,LABCAP-023-1,RESOLVED,2026-09-25T23:59:59-06:00,2026-09-26T08:00:00-06:00,2026-06-29T00:00:00-06:00,,1,,false,HISTORICAL_ACTUAL,,,VALID,CURRENT,coolit-synthetic-v2.0.0,ALL_SYNTHETIC_CUSTOMERS,ALL_SYNTHETIC_PROGRAMS,ALL_SYNTHETIC_PRODUCTS,SYNTHETIC_INTERNAL,SNP-COOLIT-20260925-BL,SCN-BASELINE,LABCAP-023-1,2026-H23,COLDPLATE_LOOP,SKILL-CPL-ASSEMBLY,SHIFT-B,10,24000,0,0,24000,QUALIFIED_AVAILABLE
TEN-COOLIT-SYN-001,SITE-COOLIT-SYN-01,ERP,LABOR_CAPACITY,LABCAP-023-2,LABCAP-023-2,RESOLVED,2026-09-25T23:59:59-06:00,2026-09-26T08:00:00-06:00,2026-06-29T00:00:00-06:00,,1,,false,HISTORICAL_ACTUAL,,,VALID,CURRENT,coolit-synthetic-v2.0.0,ALL_SYNTHETIC_CUSTOMERS,ALL_SYNTHETIC_PROGRAMS,ALL_SYNTHETIC_PRODUCTS,SYNTHETIC_INTERNAL,SNP-COOLIT-20260925-BL,SCN-BASELINE,LABCAP-023-2,2026-H23,RACK_MANIFOLD,SKILL-RM-ASSEMBLY,SHIFT-C,11,26400,0,60,26340,QUALIFIED_AVAILABLE
TEN-COOLIT-SYN-001,SITE-COOLIT-SYN-01,ERP,LABOR_CAPACITY,LABCAP-023-3,LABCAP-023-3,RESOLVED,2026-09-25T23:59:59-06:00,2026-09-26T08:00:00-06:00,2026-06-29T00:00:00-06:00,,1,,false,HISTORICAL_ACTUAL,,,VALID,CURRENT,coolit-synthetic-v2.0.0,ALL_SYNTHETIC_CUSTOMERS,ALL_SYNTHETIC_PROGRAMS,ALL_SYNTHETIC_PRODUCTS,SYNTHETIC_INTERNAL,SNP-COOLIT-20260925-BL,SCN-BASELINE,LABCAP-023-3,2026-H23,COOLANT_DISTRIBUTION_UNIT,SKILL-CDU-ASSEMBLY,SHIFT-A,12,28800,0,120,28680,QUALIFIED_AVAILABLE
TEN-COOLIT-SYN-001,SITE-COOLIT-SYN-01,ERP,LABOR_CAPACITY,LABCAP-024-1,LABCAP-024-1,RESOLVED,2026-09-25T23:59:59-06:00,2026-09-26T08:00:00-06:00,2026-06-29T00:00:00-06:00,,1,,false,HISTORICAL_ACTUAL,,,VALID,CURRENT,coolit-synthetic-v2.0.0,ALL_SYNTHETIC_CUSTOMERS,ALL_SYNTHETIC_PROGRAMS,ALL_SYNTHETIC_PRODUCTS,SYNTHETIC_INTERNAL,SNP-COOLIT-20260925-BL,SCN-BASELINE,LABCAP-024-1,2026-H24,COLDPLATE_LOOP,SKILL-CPL-ASSEMBLY,SHIFT-C,11,26400,0,60,26340,QUALIFIED_AVAILABLE
TEN-COOLIT-SYN-001,SITE-COOLIT-SYN-01,ERP,LABOR_CAPACITY,LABCAP-024-2,LABCAP-024-2,RESOLVED,2026-09-25T23:59:59-06:00,2026-09-26T08:00:00-06:00,2026-06-29T00:00:00-06:00,,1,,false,HISTORICAL_ACTUAL,,,VALID,CURRENT,coolit-synthetic-v2.0.0,ALL_SYNTHETIC_CUSTOMERS,ALL_SYNTHETIC_PROGRAMS,ALL_SYNTHETIC_PRODUCTS,SYNTHETIC_INTERNAL,SNP-COOLIT-20260925-BL,SCN-BASELINE,LABCAP-024-2,2026-H24,RACK_MANIFOLD,SKILL-RM-ASSEMBLY,SHIFT-A,12,28800,0,120,28680,QUALIFIED_AVAILABLE
TEN-COOLIT-SYN-001,SITE-COOLIT-SYN-01,ERP,LABOR_CAPACITY,LABCAP-024-3,LABCAP-024-3,RESOLVED,2026-09-25T23:59:59-06:00,2026-09-26T08:00:00-06:00,2026-06-29T00:00:00-06:00,,1,,false,HISTORICAL_ACTUAL,,,VALID,CURRENT,coolit-synthetic-v2.0.0,ALL_SYNTHETIC_CUSTOMERS,ALL_SYNTHETIC_PROGRAMS,ALL_SYNTHETIC_PRODUCTS,SYNTHETIC_INTERNAL,SNP-COOLIT-20260925-BL,SCN-BASELINE,LABCAP-024-3,2026-H24,COOLANT_DISTRIBUTION_UNIT,SKILL-CDU-ASSEMBLY,SHIFT-B,8,19200,0,180,19020,QUALIFIED_AVAILABLE
TEN-COOLIT-SYN-001,SITE-COOLIT-SYN-01,ERP,LABOR_CAPACITY,LABCAP-025-1,LABCAP-025-1,RESOLVED,2026-09-25T23:59:59-06:00,2026-09-26T08:00:00-06:00,2026-06-29T00:00:00-06:00,,1,,false,HISTORICAL_ACTUAL,,,VALID,CURRENT,coolit-synthetic-v2.0.0,ALL_SYNTHETIC_CUSTOMERS,ALL_SYNTHETIC_PROGRAMS,ALL_SYNTHETIC_PRODUCTS,SYNTHETIC_INTERNAL,SNP-COOLIT-20260925-BL,SCN-BASELINE,LABCAP-025-1,2026-H25,COLDPLATE_LOOP,SKILL-CPL-ASSEMBLY,SHIFT-A,12,28800,0,120,28680,QUALIFIED_AVAILABLE
TEN-COOLIT-SYN-001,SITE-COOLIT-SYN-01,ERP,LABOR_CAPACITY,LABCAP-025-2,LABCAP-025-2,RESOLVED,2026-09-25T23:59:59-06:00,2026-09-26T08:00:00-06:00,2026-06-29T00:00:00-06:00,,1,,false,HISTORICAL_ACTUAL,,,VALID,CURRENT,coolit-synthetic-v2.0.0,ALL_SYNTHETIC_CUSTOMERS,ALL_SYNTHETIC_PROGRAMS,ALL_SYNTHETIC_PRODUCTS,SYNTHETIC_INTERNAL,SNP-COOLIT-20260925-BL,SCN-BASELINE,LABCAP-025-2,2026-H25,RACK_MANIFOLD,SKILL-RM-ASSEMBLY,SHIFT-B,8,19200,0,180,19020,QUALIFIED_AVAILABLE
TEN-COOLIT-SYN-001,SITE-COOLIT-SYN-01,ERP,LABOR_CAPACITY,LABCAP-025-3,LABCAP-025-3,RESOLVED,2026-09-25T23:59:59-06:00,2026-09-26T08:00:00-06:00,2026-06-29T00:00:00-06:00,,1,,false,HISTORICAL_ACTUAL,,,VALID,CURRENT,coolit-synthetic-v2.0.0,ALL_SYNTHETIC_CUSTOMERS,ALL_SYNTHETIC_PROGRAMS,ALL_SYNTHETIC_PRODUCTS,SYNTHETIC_INTERNAL,SNP-COOLIT-20260925-BL,SCN-BASELINE,LABCAP-025-3,2026-H25,COOLANT_DISTRIBUTION_UNIT,SKILL-CDU-ASSEMBLY,SHIFT-C,9,21600,0,240,21360,QUALIFIED_AVAILABLE
TEN-COOLIT-SYN-001,SITE-COOLIT-SYN-01,ERP,LABOR_CAPACITY,LABCAP-026-1,LABCAP-026-1,RESOLVED,2026-09-25T23:59:59-06:00,2026-09-26T08:00:00-06:00,2026-06-29T00:00:00-06:00,,1,,false,HISTORICAL_ACTUAL,,,VALID,CURRENT,coolit-synthetic-v2.0.0,ALL_SYNTHETIC_CUSTOMERS,ALL_SYNTHETIC_PROGRAMS,ALL_SYNTHETIC_PRODUCTS,SYNTHETIC_INTERNAL,SNP-COOLIT-20260925-BL,SCN-BASELINE,LABCAP-026-1,2026-H26,COLDPLATE_LOOP,SKILL-CPL-ASSEMBLY,SHIFT-B,8,19200,0,180,19020,QUALIFIED_AVAILABLE
TEN-COOLIT-SYN-001,SITE-COOLIT-SYN-01,ERP,LABOR_CAPACITY,LABCAP-026-2,LABCAP-026-2,RESOLVED,2026-09-25T23:59:59-06:00,2026-09-26T08:00:00-06:00,2026-06-29T00:00:00-06:00,,1,,false,HISTORICAL_ACTUAL,,,VALID,CURRENT,coolit-synthetic-v2.0.0,ALL_SYNTHETIC_CUSTOMERS,ALL_SYNTHETIC_PROGRAMS,ALL_SYNTHETIC_PRODUCTS,SYNTHETIC_INTERNAL,SNP-COOLIT-20260925-BL,SCN-BASELINE,LABCAP-026-2,2026-H26,RACK_MANIFOLD,SKILL-RM-ASSEMBLY,SHIFT-C,9,21600,0,240,21360,QUALIFIED_AVAILABLE
TEN-COOLIT-SYN-001,SITE-COOLIT-SYN-01,ERP,LABOR_CAPACITY,LABCAP-026-3,LABCAP-026-3,RESOLVED,2026-09-25T23:59:59-06:00,2026-09-26T08:00:00-06:00,2026-06-29T00:00:00-06:00,,1,,false,HISTORICAL_ACTUAL,,,VALID,CURRENT,coolit-synthetic-v2.0.0,ALL_SYNTHETIC_CUSTOMERS,ALL_SYNTHETIC_PROGRAMS,ALL_SYNTHETIC_PRODUCTS,SYNTHETIC_INTERNAL,SNP-COOLIT-20260925-BL,SCN-BASELINE,LABCAP-026-3,2026-H26,COOLANT_DISTRIBUTION_UNIT,SKILL-CDU-ASSEMBLY,SHIFT-A,10,24000,0,300,23700,QUALIFIED_AVAILABLE
TEN-COOLIT-SYN-001,SITE-COOLIT-SYN-01,ERP,LABOR_CAPACITY,LABCAP-027-1,LABCAP-027-1,RESOLVED,2026-09-25T23:59:59-06:00,2026-09-26T08:00:00-06:00,2026-06-29T00:00:00-06:00,,1,,false,HISTORICAL_ACTUAL,,,VALID,CURRENT,coolit-synthetic-v2.0.0,ALL_SYNTHETIC_CUSTOMERS,ALL_SYNTHETIC_PROGRAMS,ALL_SYNTHETIC_PRODUCTS,SYNTHETIC_INTERNAL,SNP-COOLIT-20260925-BL,SCN-BASELINE,LABCAP-027-1,2026-H27,COLDPLATE_LOOP,SKILL-CPL-ASSEMBLY,SHIFT-C,9,21600,0,240,21360,QUALIFIED_AVAILABLE
TEN-COOLIT-SYN-001,SITE-COOLIT-SYN-01,ERP,LABOR_CAPACITY,LABCAP-027-2,LABCAP-027-2,RESOLVED,2026-09-25T23:59:59-06:00,2026-09-26T08:00:00-06:00,2026-06-29T00:00:00-06:00,,1,,false,HISTORICAL_ACTUAL,,,VALID,CURRENT,coolit-synthetic-v2.0.0,ALL_SYNTHETIC_CUSTOMERS,ALL_SYNTHETIC_PROGRAMS,ALL_SYNTHETIC_PRODUCTS,SYNTHETIC_INTERNAL,SNP-COOLIT-20260925-BL,SCN-BASELINE,LABCAP-027-2,2026-H27,RACK_MANIFOLD,SKILL-RM-ASSEMBLY,SHIFT-A,10,24000,0,300,23700,QUALIFIED_AVAILABLE
TEN-COOLIT-SYN-001,SITE-COOLIT-SYN-01,ERP,LABOR_CAPACITY,LABCAP-027-3,LABCAP-027-3,RESOLVED,2026-09-25T23:59:59-06:00,2026-09-26T08:00:00-06:00,2026-06-29T00:00:00-06:00,,1,,false,HISTORICAL_ACTUAL,,,VALID,CURRENT,coolit-synthetic-v2.0.0,ALL_SYNTHETIC_CUSTOMERS,ALL_SYNTHETIC_PROGRAMS,ALL_SYNTHETIC_PRODUCTS,SYNTHETIC_INTERNAL,SNP-COOLIT-20260925-BL,SCN-BASELINE,LABCAP-027-3,2026-H27,COOLANT_DISTRIBUTION_UNIT,SKILL-CDU-ASSEMBLY,SHIFT-B,11,26400,0,360,26040,QUALIFIED_AVAILABLE
TEN-COOLIT-SYN-001,SITE-COOLIT-SYN-01,ERP,LABOR_CAPACITY,LABCAP-028-1,LABCAP-028-1,RESOLVED,2026-09-25T23:59:59-06:00,2026-09-26T08:00:00-06:00,2026-06-29T00:00:00-06:00,,1,,false,HISTORICAL_ACTUAL,,,VALID,CURRENT,coolit-synthetic-v2.0.0,ALL_SYNTHETIC_CUSTOMERS,ALL_SYNTHETIC_PROGRAMS,ALL_SYNTHETIC_PRODUCTS,SYNTHETIC_INTERNAL,SNP-COOLIT-20260925-BL,SCN-BASELINE,LABCAP-028-1,2026-H28,COLDPLATE_LOOP,SKILL-CPL-ASSEMBLY,SHIFT-A,10,24000,0,300,23700,QUALIFIED_AVAILABLE
TEN-COOLIT-SYN-001,SITE-COOLIT-SYN-01,ERP,LABOR_CAPACITY,LABCAP-028-2,LABCAP-028-2,RESOLVED,2026-09-25T23:59:59-06:00,2026-09-26T08:00:00-06:00,2026-06-29T00:00:00-06:00,,1,,false,HISTORICAL_ACTUAL,,,VALID,CURRENT,coolit-synthetic-v2.0.0,ALL_SYNTHETIC_CUSTOMERS,ALL_SYNTHETIC_PROGRAMS,ALL_SYNTHETIC_PRODUCTS,SYNTHETIC_INTERNAL,SNP-COOLIT-20260925-BL,SCN-BASELINE,LABCAP-028-2,2026-H28,RACK_MANIFOLD,SKILL-RM-ASSEMBLY,SHIFT-B,11,26400,0,360,26040,QUALIFIED_AVAILABLE
TEN-COOLIT-SYN-001,SITE-COOLIT-SYN-01,ERP,LABOR_CAPACITY,LABCAP-028-3,LABCAP-028-3,RESOLVED,2026-09-25T23:59:59-06:00,2026-09-26T08:00:00-06:00,2026-06-29T00:00:00-06:00,,1,,false,HISTORICAL_ACTUAL,,,VALID,CURRENT,coolit-synthetic-v2.0.0,ALL_SYNTHETIC_CUSTOMERS,ALL_SYNTHETIC_PROGRAMS,ALL_SYNTHETIC_PRODUCTS,SYNTHETIC_INTERNAL,SNP-COOLIT-20260925-BL,SCN-BASELINE,LABCAP-028-3,2026-H28,COOLANT_DISTRIBUTION_UNIT,SKILL-CDU-ASSEMBLY,SHIFT-C,12,28800,0,420,28380,QUALIFIED_AVAILABLE
TEN-COOLIT-SYN-001,SITE-COOLIT-SYN-01,ERP,LABOR_CAPACITY,LABCAP-029-1,LABCAP-029-1,RESOLVED,2026-09-25T23:59:59-06:00,2026-09-26T08:00:00-06:00,2026-06-29T00:00:00-06:00,,1,,false,HISTORICAL_ACTUAL,,,VALID,CURRENT,coolit-synthetic-v2.0.0,ALL_SYNTHETIC_CUSTOMERS,ALL_SYNTHETIC_PROGRAMS,ALL_SYNTHETIC_PRODUCTS,SYNTHETIC_INTERNAL,SNP-COOLIT-20260925-BL,SCN-BASELINE,LABCAP-029-1,2026-H29,COLDPLATE_LOOP,SKILL-CPL-ASSEMBLY,SHIFT-B,11,26400,0,360,26040,QUALIFIED_AVAILABLE
TEN-COOLIT-SYN-001,SITE-COOLIT-SYN-01,ERP,LABOR_CAPACITY,LABCAP-029-2,LABCAP-029-2,RESOLVED,2026-09-25T23:59:59-06:00,2026-09-26T08:00:00-06:00,2026-06-29T00:00:00-06:00,,1,,false,HISTORICAL_ACTUAL,,,VALID,CURRENT,coolit-synthetic-v2.0.0,ALL_SYNTHETIC_CUSTOMERS,ALL_SYNTHETIC_PROGRAMS,ALL_SYNTHETIC_PRODUCTS,SYNTHETIC_INTERNAL,SNP-COOLIT-20260925-BL,SCN-BASELINE,LABCAP-029-2,2026-H29,RACK_MANIFOLD,SKILL-RM-ASSEMBLY,SHIFT-C,12,28800,0,420,28380,QUALIFIED_AVAILABLE
TEN-COOLIT-SYN-001,SITE-COOLIT-SYN-01,ERP,LABOR_CAPACITY,LABCAP-029-3,LABCAP-029-3,RESOLVED,2026-09-25T23:59:59-06:00,2026-09-26T08:00:00-06:00,2026-06-29T00:00:00-06:00,,1,,false,HISTORICAL_ACTUAL,,,VALID,CURRENT,coolit-synthetic-v2.0.0,ALL_SYNTHETIC_CUSTOMERS,ALL_SYNTHETIC_PROGRAMS,ALL_SYNTHETIC_PRODUCTS,SYNTHETIC_INTERNAL,SNP-COOLIT-20260925-BL,SCN-BASELINE,LABCAP-029-3,2026-H29,COOLANT_DISTRIBUTION_UNIT,SKILL-CDU-ASSEMBLY,SHIFT-A,8,19200,0,480,18720,QUALIFIED_AVAILABLE
TEN-COOLIT-SYN-001,SITE-COOLIT-SYN-01,ERP,LABOR_CAPACITY,LABCAP-030-1,LABCAP-030-1,RESOLVED,2026-09-25T23:59:59-06:00,2026-09-26T08:00:00-06:00,2026-06-29T00:00:00-06:00,,1,,false,HISTORICAL_ACTUAL,,,VALID,CURRENT,coolit-synthetic-v2.0.0,ALL_SYNTHETIC_CUSTOMERS,ALL_SYNTHETIC_PROGRAMS,ALL_SYNTHETIC_PRODUCTS,SYNTHETIC_INTERNAL,SNP-COOLIT-20260925-BL,SCN-BASELINE,LABCAP-030-1,2026-H30,COLDPLATE_LOOP,SKILL-CPL-ASSEMBLY,SHIFT-C,12,28800,0,420,28380,QUALIFIED_AVAILABLE
TEN-COOLIT-SYN-001,SITE-COOLIT-SYN-01,ERP,LABOR_CAPACITY,LABCAP-030-2,LABCAP-030-2,RESOLVED,2026-09-25T23:59:59-06:00,2026-09-26T08:00:00-06:00,2026-06-29T00:00:00-06:00,,1,,false,HISTORICAL_ACTUAL,,,VALID,CURRENT,coolit-synthetic-v2.0.0,ALL_SYNTHETIC_CUSTOMERS,ALL_SYNTHETIC_PROGRAMS,ALL_SYNTHETIC_PRODUCTS,SYNTHETIC_INTERNAL,SNP-COOLIT-20260925-BL,SCN-BASELINE,LABCAP-030-2,2026-H30,RACK_MANIFOLD,SKILL-RM-ASSEMBLY,SHIFT-A,8,19200,0,480,18720,QUALIFIED_AVAILABLE
TEN-COOLIT-SYN-001,SITE-COOLIT-SYN-01,ERP,LABOR_CAPACITY,LABCAP-030-3,LABCAP-030-3,RESOLVED,2026-09-25T23:59:59-06:00,2026-09-26T08:00:00-06:00,2026-06-29T00:00:00-06:00,,1,,false,HISTORICAL_ACTUAL,,,VALID,CURRENT,coolit-synthetic-v2.0.0,ALL_SYNTHETIC_CUSTOMERS,ALL_SYNTHETIC_PROGRAMS,ALL_SYNTHETIC_PRODUCTS,SYNTHETIC_INTERNAL,SNP-COOLIT-20260925-BL,SCN-BASELINE,LABCAP-030-3,2026-H30,COOLANT_DISTRIBUTION_UNIT,SKILL-CDU-ASSEMBLY,SHIFT-B,9,21600,0,540,21060,QUALIFIED_AVAILABLE
TEN-COOLIT-SYN-001,SITE-COOLIT-SYN-01,ERP,LABOR_CAPACITY,LABCAP-031-1,LABCAP-031-1,RESOLVED,2026-09-25T23:59:59-06:00,2026-09-26T08:00:00-06:00,2026-06-29T00:00:00-06:00,,1,,false,HISTORICAL_ACTUAL,,,VALID,CURRENT,coolit-synthetic-v2.0.0,ALL_SYNTHETIC_CUSTOMERS,ALL_SYNTHETIC_PROGRAMS,ALL_SYNTHETIC_PRODUCTS,SYNTHETIC_INTERNAL,SNP-COOLIT-20260925-BL,SCN-BASELINE,LABCAP-031-1,2026-H31,COLDPLATE_LOOP,SKILL-CPL-ASSEMBLY,SHIFT-A,8,19200,0,480,18720,QUALIFIED_AVAILABLE
TEN-COOLIT-SYN-001,SITE-COOLIT-SYN-01,ERP,LABOR_CAPACITY,LABCAP-031-2,LABCAP-031-2,RESOLVED,2026-09-25T23:59:59-06:00,2026-09-26T08:00:00-06:00,2026-06-29T00:00:00-06:00,,1,,false,HISTORICAL_ACTUAL,,,VALID,CURRENT,coolit-synthetic-v2.0.0,ALL_SYNTHETIC_CUSTOMERS,ALL_SYNTHETIC_PROGRAMS,ALL_SYNTHETIC_PRODUCTS,SYNTHETIC_INTERNAL,SNP-COOLIT-20260925-BL,SCN-BASELINE,LABCAP-031-2,2026-H31,RACK_MANIFOLD,SKILL-RM-ASSEMBLY,SHIFT-B,9,21600,0,540,21060,QUALIFIED_AVAILABLE
TEN-COOLIT-SYN-001,SITE-COOLIT-SYN-01,ERP,LABOR_CAPACITY,LABCAP-031-3,LABCAP-031-3,RESOLVED,2026-09-25T23:59:59-06:00,2026-09-26T08:00:00-06:00,2026-06-29T00:00:00-06:00,,1,,false,HISTORICAL_ACTUAL,,,VALID,CURRENT,coolit-synthetic-v2.0.0,ALL_SYNTHETIC_CUSTOMERS,ALL_SYNTHETIC_PROGRAMS,ALL_SYNTHETIC_PRODUCTS,SYNTHETIC_INTERNAL,SNP-COOLIT-20260925-BL,SCN-BASELINE,LABCAP-031-3,2026-H31,COOLANT_DISTRIBUTION_UNIT,SKILL-CDU-ASSEMBLY,SHIFT-C,10,24000,0,600,23400,QUALIFIED_AVAILABLE
TEN-COOLIT-SYN-001,SITE-COOLIT-SYN-01,ERP,LABOR_CAPACITY,LABCAP-032-1,LABCAP-032-1,RESOLVED,2026-09-25T23:59:59-06:00,2026-09-26T08:00:00-06:00,2026-06-29T00:00:00-06:00,,1,,false,HISTORICAL_ACTUAL,,,VALID,CURRENT,coolit-synthetic-v2.0.0,ALL_SYNTHETIC_CUSTOMERS,ALL_SYNTHETIC_PROGRAMS,ALL_SYNTHETIC_PRODUCTS,SYNTHETIC_INTERNAL,SNP-COOLIT-20260925-BL,SCN-BASELINE,LABCAP-032-1,2026-H32,COLDPLATE_LOOP,SKILL-CPL-ASSEMBLY,SHIFT-B,9,21600,0,540,21060,QUALIFIED_AVAILABLE
TEN-COOLIT-SYN-001,SITE-COOLIT-SYN-01,ERP,LABOR_CAPACITY,LABCAP-032-2,LABCAP-032-2,RESOLVED,2026-09-25T23:59:59-06:00,2026-09-26T08:00:00-06:00,2026-06-29T00:00:00-06:00,,1,,false,HISTORICAL_ACTUAL,,,VALID,CURRENT,coolit-synthetic-v2.0.0,ALL_SYNTHETIC_CUSTOMERS,ALL_SYNTHETIC_PROGRAMS,ALL_SYNTHETIC_PRODUCTS,SYNTHETIC_INTERNAL,SNP-COOLIT-20260925-BL,SCN-BASELINE,LABCAP-032-2,2026-H32,RACK_MANIFOLD,SKILL-RM-ASSEMBLY,SHIFT-C,10,24000,0,600,23400,QUALIFIED_AVAILABLE
TEN-COOLIT-SYN-001,SITE-COOLIT-SYN-01,ERP,LABOR_CAPACITY,LABCAP-032-3,LABCAP-032-3,RESOLVED,2026-09-25T23:59:59-06:00,2026-09-26T08:00:00-06:00,2026-06-29T00:00:00-06:00,,1,,false,HISTORICAL_ACTUAL,,,VALID,CURRENT,coolit-synthetic-v2.0.0,ALL_SYNTHETIC_CUSTOMERS,ALL_SYNTHETIC_PROGRAMS,ALL_SYNTHETIC_PRODUCTS,SYNTHETIC_INTERNAL,SNP-COOLIT-20260925-BL,SCN-BASELINE,LABCAP-032-3,2026-H32,COOLANT_DISTRIBUTION_UNIT,SKILL-CDU-ASSEMBLY,SHIFT-A,11,26400,0,0,26400,QUALIFIED_AVAILABLE
TEN-COOLIT-SYN-001,SITE-COOLIT-SYN-01,ERP,LABOR_CAPACITY,LABCAP-033-1,LABCAP-033-1,RESOLVED,2026-09-25T23:59:59-06:00,2026-09-26T08:00:00-06:00,2026-06-29T00:00:00-06:00,,1,,false,HISTORICAL_ACTUAL,,,VALID,CURRENT,coolit-synthetic-v2.0.0,ALL_SYNTHETIC_CUSTOMERS,ALL_SYNTHETIC_PROGRAMS,ALL_SYNTHETIC_PRODUCTS,SYNTHETIC_INTERNAL,SNP-COOLIT-20260925-BL,SCN-BASELINE,LABCAP-033-1,2026-H33,COLDPLATE_LOOP,SKILL-CPL-ASSEMBLY,SHIFT-C,10,24000,0,600,23400,QUALIFIED_AVAILABLE
TEN-COOLIT-SYN-001,SITE-COOLIT-SYN-01,ERP,LABOR_CAPACITY,LABCAP-033-2,LABCAP-033-2,RESOLVED,2026-09-25T23:59:59-06:00,2026-09-26T08:00:00-06:00,2026-06-29T00:00:00-06:00,,1,,false,HISTORICAL_ACTUAL,,,VALID,CURRENT,coolit-synthetic-v2.0.0,ALL_SYNTHETIC_CUSTOMERS,ALL_SYNTHETIC_PROGRAMS,ALL_SYNTHETIC_PRODUCTS,SYNTHETIC_INTERNAL,SNP-COOLIT-20260925-BL,SCN-BASELINE,LABCAP-033-2,2026-H33,RACK_MANIFOLD,SKILL-RM-ASSEMBLY,SHIFT-A,11,26400,0,0,26400,QUALIFIED_AVAILABLE
TEN-COOLIT-SYN-001,SITE-COOLIT-SYN-01,ERP,LABOR_CAPACITY,LABCAP-033-3,LABCAP-033-3,RESOLVED,2026-09-25T23:59:59-06:00,2026-09-26T08:00:00-06:00,2026-06-29T00:00:00-06:00,,1,,false,HISTORICAL_ACTUAL,,,VALID,CURRENT,coolit-synthetic-v2.0.0,ALL_SYNTHETIC_CUSTOMERS,ALL_SYNTHETIC_PROGRAMS,ALL_SYNTHETIC_PRODUCTS,SYNTHETIC_INTERNAL,SNP-COOLIT-20260925-BL,SCN-BASELINE,LABCAP-033-3,2026-H33,COOLANT_DISTRIBUTION_UNIT,SKILL-CDU-ASSEMBLY,SHIFT-B,12,28800,0,60,28740,QUALIFIED_AVAILABLE
TEN-COOLIT-SYN-001,SITE-COOLIT-SYN-01,ERP,LABOR_CAPACITY,LABCAP-034-1,LABCAP-034-1,RESOLVED,2026-09-25T23:59:59-06:00,2026-09-26T08:00:00-06:00,2026-06-29T00:00:00-06:00,,1,,false,HISTORICAL_ACTUAL,,,VALID,CURRENT,coolit-synthetic-v2.0.0,ALL_SYNTHETIC_CUSTOMERS,ALL_SYNTHETIC_PROGRAMS,ALL_SYNTHETIC_PRODUCTS,SYNTHETIC_INTERNAL,SNP-COOLIT-20260925-BL,SCN-BASELINE,LABCAP-034-1,2026-H34,COLDPLATE_LOOP,SKILL-CPL-ASSEMBLY,SHIFT-A,11,26400,0,0,26400,QUALIFIED_AVAILABLE
TEN-COOLIT-SYN-001,SITE-COOLIT-SYN-01,ERP,LABOR_CAPACITY,LABCAP-034-2,LABCAP-034-2,RESOLVED,2026-09-25T23:59:59-06:00,2026-09-26T08:00:00-06:00,2026-06-29T00:00:00-06:00,,1,,false,HISTORICAL_ACTUAL,,,VALID,CURRENT,coolit-synthetic-v2.0.0,ALL_SYNTHETIC_CUSTOMERS,ALL_SYNTHETIC_PROGRAMS,ALL_SYNTHETIC_PRODUCTS,SYNTHETIC_INTERNAL,SNP-COOLIT-20260925-BL,SCN-BASELINE,LABCAP-034-2,2026-H34,RACK_MANIFOLD,SKILL-RM-ASSEMBLY,SHIFT-B,12,28800,0,60,28740,QUALIFIED_AVAILABLE
TEN-COOLIT-SYN-001,SITE-COOLIT-SYN-01,ERP,LABOR_CAPACITY,LABCAP-034-3,LABCAP-034-3,RESOLVED,2026-09-25T23:59:59-06:00,2026-09-26T08:00:00-06:00,2026-06-29T00:00:00-06:00,,1,,false,HISTORICAL_ACTUAL,,,VALID,CURRENT,coolit-synthetic-v2.0.0,ALL_SYNTHETIC_CUSTOMERS,ALL_SYNTHETIC_PROGRAMS,ALL_SYNTHETIC_PRODUCTS,SYNTHETIC_INTERNAL,SNP-COOLIT-20260925-BL,SCN-BASELINE,LABCAP-034-3,2026-H34,COOLANT_DISTRIBUTION_UNIT,SKILL-CDU-ASSEMBLY,SHIFT-C,8,19200,0,120,19080,QUALIFIED_AVAILABLE
TEN-COOLIT-SYN-001,SITE-COOLIT-SYN-01,ERP,LABOR_CAPACITY,LABCAP-035-1,LABCAP-035-1,RESOLVED,2026-09-25T23:59:59-06:00,2026-09-26T08:00:00-06:00,2026-06-29T00:00:00-06:00,,1,,false,HISTORICAL_ACTUAL,,,VALID,CURRENT,coolit-synthetic-v2.0.0,ALL_SYNTHETIC_CUSTOMERS,ALL_SYNTHETIC_PROGRAMS,ALL_SYNTHETIC_PRODUCTS,SYNTHETIC_INTERNAL,SNP-COOLIT-20260925-BL,SCN-BASELINE,LABCAP-035-1,2026-H35,COLDPLATE_LOOP,SKILL-CPL-ASSEMBLY,SHIFT-B,12,28800,0,60,28740,QUALIFIED_AVAILABLE
TEN-COOLIT-SYN-001,SITE-COOLIT-SYN-01,ERP,LABOR_CAPACITY,LABCAP-035-2,LABCAP-035-2,RESOLVED,2026-09-25T23:59:59-06:00,2026-09-26T08:00:00-06:00,2026-06-29T00:00:00-06:00,,1,,false,HISTORICAL_ACTUAL,,,VALID,CURRENT,coolit-synthetic-v2.0.0,ALL_SYNTHETIC_CUSTOMERS,ALL_SYNTHETIC_PROGRAMS,ALL_SYNTHETIC_PRODUCTS,SYNTHETIC_INTERNAL,SNP-COOLIT-20260925-BL,SCN-BASELINE,LABCAP-035-2,2026-H35,RACK_MANIFOLD,SKILL-RM-ASSEMBLY,SHIFT-C,8,19200,0,120,19080,QUALIFIED_AVAILABLE
TEN-COOLIT-SYN-001,SITE-COOLIT-SYN-01,ERP,LABOR_CAPACITY,LABCAP-035-3,LABCAP-035-3,RESOLVED,2026-09-25T23:59:59-06:00,2026-09-26T08:00:00-06:00,2026-06-29T00:00:00-06:00,,1,,false,HISTORICAL_ACTUAL,,,VALID,CURRENT,coolit-synthetic-v2.0.0,ALL_SYNTHETIC_CUSTOMERS,ALL_SYNTHETIC_PROGRAMS,ALL_SYNTHETIC_PRODUCTS,SYNTHETIC_INTERNAL,SNP-COOLIT-20260925-BL,SCN-BASELINE,LABCAP-035-3,2026-H35,COOLANT_DISTRIBUTION_UNIT,SKILL-CDU-ASSEMBLY,SHIFT-A,9,21600,0,180,21420,QUALIFIED_AVAILABLE
TEN-COOLIT-SYN-001,SITE-COOLIT-SYN-01,ERP,LABOR_CAPACITY,LABCAP-036-1,LABCAP-036-1,RESOLVED,2026-09-25T23:59:59-06:00,2026-09-26T08:00:00-06:00,2026-06-29T00:00:00-06:00,,1,,false,HISTORICAL_ACTUAL,,,VALID,CURRENT,coolit-synthetic-v2.0.0,ALL_SYNTHETIC_CUSTOMERS,ALL_SYNTHETIC_PROGRAMS,ALL_SYNTHETIC_PRODUCTS,SYNTHETIC_INTERNAL,SNP-COOLIT-20260925-BL,SCN-BASELINE,LABCAP-036-1,2026-H36,COLDPLATE_LOOP,SKILL-CPL-ASSEMBLY,SHIFT-C,8,19200,0,120,19080,QUALIFIED_AVAILABLE
TEN-COOLIT-SYN-001,SITE-COOLIT-SYN-01,ERP,LABOR_CAPACITY,LABCAP-036-2,LABCAP-036-2,RESOLVED,2026-09-25T23:59:59-06:00,2026-09-26T08:00:00-06:00,2026-06-29T00:00:00-06:00,,1,,false,HISTORICAL_ACTUAL,,,VALID,CURRENT,coolit-synthetic-v2.0.0,ALL_SYNTHETIC_CUSTOMERS,ALL_SYNTHETIC_PROGRAMS,ALL_SYNTHETIC_PRODUCTS,SYNTHETIC_INTERNAL,SNP-COOLIT-20260925-BL,SCN-BASELINE,LABCAP-036-2,2026-H36,RACK_MANIFOLD,SKILL-RM-ASSEMBLY,SHIFT-A,9,21600,0,180,21420,QUALIFIED_AVAILABLE
TEN-COOLIT-SYN-001,SITE-COOLIT-SYN-01,ERP,LABOR_CAPACITY,LABCAP-036-3,LABCAP-036-3,RESOLVED,2026-09-25T23:59:59-06:00,2026-09-26T08:00:00-06:00,2026-06-29T00:00:00-06:00,,1,,false,HISTORICAL_ACTUAL,,,VALID,CURRENT,coolit-synthetic-v2.0.0,ALL_SYNTHETIC_CUSTOMERS,ALL_SYNTHETIC_PROGRAMS,ALL_SYNTHETIC_PRODUCTS,SYNTHETIC_INTERNAL,SNP-COOLIT-20260925-BL,SCN-BASELINE,LABCAP-036-3,2026-H36,COOLANT_DISTRIBUTION_UNIT,SKILL-CDU-ASSEMBLY,SHIFT-B,10,24000,0,240,23760,QUALIFIED_AVAILABLE
TEN-COOLIT-SYN-001,SITE-COOLIT-SYN-01,ERP,LABOR_CAPACITY,LABCAP-037-1,LABCAP-037-1,RESOLVED,2026-09-25T23:59:59-06:00,2026-09-26T08:00:00-06:00,2026-06-29T00:00:00-06:00,,1,,false,HISTORICAL_ACTUAL,,,VALID,CURRENT,coolit-synthetic-v2.0.0,ALL_SYNTHETIC_CUSTOMERS,ALL_SYNTHETIC_PROGRAMS,ALL_SYNTHETIC_PRODUCTS,SYNTHETIC_INTERNAL,SNP-COOLIT-20260925-BL,SCN-BASELINE,LABCAP-037-1,2026-H37,COLDPLATE_LOOP,SKILL-CPL-ASSEMBLY,SHIFT-A,9,21600,0,180,21420,QUALIFIED_AVAILABLE
TEN-COOLIT-SYN-001,SITE-COOLIT-SYN-01,ERP,LABOR_CAPACITY,LABCAP-037-2,LABCAP-037-2,RESOLVED,2026-09-25T23:59:59-06:00,2026-09-26T08:00:00-06:00,2026-06-29T00:00:00-06:00,,1,,false,HISTORICAL_ACTUAL,,,VALID,CURRENT,coolit-synthetic-v2.0.0,ALL_SYNTHETIC_CUSTOMERS,ALL_SYNTHETIC_PROGRAMS,ALL_SYNTHETIC_PRODUCTS,SYNTHETIC_INTERNAL,SNP-COOLIT-20260925-BL,SCN-BASELINE,LABCAP-037-2,2026-H37,RACK_MANIFOLD,SKILL-RM-ASSEMBLY,SHIFT-B,10,24000,0,240,23760,QUALIFIED_AVAILABLE
TEN-COOLIT-SYN-001,SITE-COOLIT-SYN-01,ERP,LABOR_CAPACITY,LABCAP-037-3,LABCAP-037-3,RESOLVED,2026-09-25T23:59:59-06:00,2026-09-26T08:00:00-06:00,2026-06-29T00:00:00-06:00,,1,,false,HISTORICAL_ACTUAL,,,VALID,CURRENT,coolit-synthetic-v2.0.0,ALL_SYNTHETIC_CUSTOMERS,ALL_SYNTHETIC_PROGRAMS,ALL_SYNTHETIC_PRODUCTS,SYNTHETIC_INTERNAL,SNP-COOLIT-20260925-BL,SCN-BASELINE,LABCAP-037-3,2026-H37,COOLANT_DISTRIBUTION_UNIT,SKILL-CDU-ASSEMBLY,SHIFT-C,11,26400,0,300,26100,QUALIFIED_AVAILABLE
TEN-COOLIT-SYN-001,SITE-COOLIT-SYN-01,ERP,LABOR_CAPACITY,LABCAP-038-1,LABCAP-038-1,RESOLVED,2026-09-25T23:59:59-06:00,2026-09-26T08:00:00-06:00,2026-06-29T00:00:00-06:00,,1,,false,HISTORICAL_ACTUAL,,,VALID,CURRENT,coolit-synthetic-v2.0.0,ALL_SYNTHETIC_CUSTOMERS,ALL_SYNTHETIC_PROGRAMS,ALL_SYNTHETIC_PRODUCTS,SYNTHETIC_INTERNAL,SNP-COOLIT-20260925-BL,SCN-BASELINE,LABCAP-038-1,2026-H38,COLDPLATE_LOOP,SKILL-CPL-ASSEMBLY,SHIFT-B,10,24000,0,240,23760,QUALIFIED_AVAILABLE
TEN-COOLIT-SYN-001,SITE-COOLIT-SYN-01,ERP,LABOR_CAPACITY,LABCAP-038-2,LABCAP-038-2,RESOLVED,2026-09-25T23:59:59-06:00,2026-09-26T08:00:00-06:00,2026-06-29T00:00:00-06:00,,1,,false,HISTORICAL_ACTUAL,,,VALID,CURRENT,coolit-synthetic-v2.0.0,ALL_SYNTHETIC_CUSTOMERS,ALL_SYNTHETIC_PROGRAMS,ALL_SYNTHETIC_PRODUCTS,SYNTHETIC_INTERNAL,SNP-COOLIT-20260925-BL,SCN-BASELINE,LABCAP-038-2,2026-H38,RACK_MANIFOLD,SKILL-RM-ASSEMBLY,SHIFT-C,11,26400,0,300,26100,QUALIFIED_AVAILABLE
TEN-COOLIT-SYN-001,SITE-COOLIT-SYN-01,ERP,LABOR_CAPACITY,LABCAP-038-3,LABCAP-038-3,RESOLVED,2026-09-25T23:59:59-06:00,2026-09-26T08:00:00-06:00,2026-06-29T00:00:00-06:00,,1,,false,HISTORICAL_ACTUAL,,,VALID,CURRENT,coolit-synthetic-v2.0.0,ALL_SYNTHETIC_CUSTOMERS,ALL_SYNTHETIC_PROGRAMS,ALL_SYNTHETIC_PRODUCTS,SYNTHETIC_INTERNAL,SNP-COOLIT-20260925-BL,SCN-BASELINE,LABCAP-038-3,2026-H38,COOLANT_DISTRIBUTION_UNIT,SKILL-CDU-ASSEMBLY,SHIFT-A,12,28800,0,360,28440,QUALIFIED_AVAILABLE
TEN-COOLIT-SYN-001,SITE-COOLIT-SYN-01,ERP,LABOR_CAPACITY,LABCAP-039-1,LABCAP-039-1,RESOLVED,2026-09-25T23:59:59-06:00,2026-09-26T08:00:00-06:00,2026-06-29T00:00:00-06:00,,1,,false,HISTORICAL_ACTUAL,,,VALID,CURRENT,coolit-synthetic-v2.0.0,ALL_SYNTHETIC_CUSTOMERS,ALL_SYNTHETIC_PROGRAMS,ALL_SYNTHETIC_PRODUCTS,SYNTHETIC_INTERNAL,SNP-COOLIT-20260925-BL,SCN-BASELINE,LABCAP-039-1,2026-H39,COLDPLATE_LOOP,SKILL-CPL-ASSEMBLY,SHIFT-C,11,26400,0,300,26100,QUALIFIED_AVAILABLE
TEN-COOLIT-SYN-001,SITE-COOLIT-SYN-01,ERP,LABOR_CAPACITY,LABCAP-039-2,LABCAP-039-2,RESOLVED,2026-09-25T23:59:59-06:00,2026-09-26T08:00:00-06:00,2026-06-29T00:00:00-06:00,,1,,false,HISTORICAL_ACTUAL,,,VALID,CURRENT,coolit-synthetic-v2.0.0,ALL_SYNTHETIC_CUSTOMERS,ALL_SYNTHETIC_PROGRAMS,ALL_SYNTHETIC_PRODUCTS,SYNTHETIC_INTERNAL,SNP-COOLIT-20260925-BL,SCN-BASELINE,LABCAP-039-2,2026-H39,RACK_MANIFOLD,SKILL-RM-ASSEMBLY,SHIFT-A,12,28800,0,360,28440,QUALIFIED_AVAILABLE
TEN-COOLIT-SYN-001,SITE-COOLIT-SYN-01,ERP,LABOR_CAPACITY,LABCAP-039-3,LABCAP-039-3,RESOLVED,2026-09-25T23:59:59-06:00,2026-09-26T08:00:00-06:00,2026-06-29T00:00:00-06:00,,1,,false,HISTORICAL_ACTUAL,,,VALID,CURRENT,coolit-synthetic-v2.0.0,ALL_SYNTHETIC_CUSTOMERS,ALL_SYNTHETIC_PROGRAMS,ALL_SYNTHETIC_PRODUCTS,SYNTHETIC_INTERNAL,SNP-COOLIT-20260925-BL,SCN-BASELINE,LABCAP-039-3,2026-H39,COOLANT_DISTRIBUTION_UNIT,SKILL-CDU-ASSEMBLY,SHIFT-B,8,19200,0,420,18780,QUALIFIED_AVAILABLE
TEN-COOLIT-SYN-001,SITE-COOLIT-SYN-01,ERP,LABOR_CAPACITY,LABCAP-040-1,LABCAP-040-1,RESOLVED,2026-09-25T23:59:59-06:00,2026-09-26T08:00:00-06:00,2026-06-29T00:00:00-06:00,,1,,false,HISTORICAL_ACTUAL,,,VALID,CURRENT,coolit-synthetic-v2.0.0,ALL_SYNTHETIC_CUSTOMERS,ALL_SYNTHETIC_PROGRAMS,ALL_SYNTHETIC_PRODUCTS,SYNTHETIC_INTERNAL,SNP-COOLIT-20260925-BL,SCN-BASELINE,LABCAP-040-1,2026-H40,COLDPLATE_LOOP,SKILL-CPL-ASSEMBLY,SHIFT-A,12,28800,0,360,28440,QUALIFIED_AVAILABLE
TEN-COOLIT-SYN-001,SITE-COOLIT-SYN-01,ERP,LABOR_CAPACITY,LABCAP-040-2,LABCAP-040-2,RESOLVED,2026-09-25T23:59:59-06:00,2026-09-26T08:00:00-06:00,2026-06-29T00:00:00-06:00,,1,,false,HISTORICAL_ACTUAL,,,VALID,CURRENT,coolit-synthetic-v2.0.0,ALL_SYNTHETIC_CUSTOMERS,ALL_SYNTHETIC_PROGRAMS,ALL_SYNTHETIC_PRODUCTS,SYNTHETIC_INTERNAL,SNP-COOLIT-20260925-BL,SCN-BASELINE,LABCAP-040-2,2026-H40,RACK_MANIFOLD,SKILL-RM-ASSEMBLY,SHIFT-B,8,19200,0,420,18780,QUALIFIED_AVAILABLE
TEN-COOLIT-SYN-001,SITE-COOLIT-SYN-01,ERP,LABOR_CAPACITY,LABCAP-040-3,LABCAP-040-3,RESOLVED,2026-09-25T23:59:59-06:00,2026-09-26T08:00:00-06:00,2026-06-29T00:00:00-06:00,,1,,false,HISTORICAL_ACTUAL,,,VALID,CURRENT,coolit-synthetic-v2.0.0,ALL_SYNTHETIC_CUSTOMERS,ALL_SYNTHETIC_PROGRAMS,ALL_SYNTHETIC_PRODUCTS,SYNTHETIC_INTERNAL,SNP-COOLIT-20260925-BL,SCN-BASELINE,LABCAP-040-3,2026-H40,COOLANT_DISTRIBUTION_UNIT,SKILL-CDU-ASSEMBLY,SHIFT-C,9,21600,0,480,21120,QUALIFIED_AVAILABLE
TEN-COOLIT-SYN-001,SITE-COOLIT-SYN-01,ERP,LABOR_CAPACITY,LABCAP-041-1,LABCAP-041-1,RESOLVED,2026-09-25T23:59:59-06:00,2026-09-26T08:00:00-06:00,2026-06-29T00:00:00-06:00,,1,,false,HISTORICAL_ACTUAL,,,VALID,CURRENT,coolit-synthetic-v2.0.0,ALL_SYNTHETIC_CUSTOMERS,ALL_SYNTHETIC_PROGRAMS,ALL_SYNTHETIC_PRODUCTS,SYNTHETIC_INTERNAL,SNP-COOLIT-20260925-BL,SCN-BASELINE,LABCAP-041-1,2026-H41,COLDPLATE_LOOP,SKILL-CPL-ASSEMBLY,SHIFT-B,8,19200,0,420,18780,QUALIFIED_AVAILABLE
TEN-COOLIT-SYN-001,SITE-COOLIT-SYN-01,ERP,LABOR_CAPACITY,LABCAP-041-2,LABCAP-041-2,RESOLVED,2026-09-25T23:59:59-06:00,2026-09-26T08:00:00-06:00,2026-06-29T00:00:00-06:00,,1,,false,HISTORICAL_ACTUAL,,,VALID,CURRENT,coolit-synthetic-v2.0.0,ALL_SYNTHETIC_CUSTOMERS,ALL_SYNTHETIC_PROGRAMS,ALL_SYNTHETIC_PRODUCTS,SYNTHETIC_INTERNAL,SNP-COOLIT-20260925-BL,SCN-BASELINE,LABCAP-041-2,2026-H41,RACK_MANIFOLD,SKILL-RM-ASSEMBLY,SHIFT-C,9,21600,0,480,21120,QUALIFIED_AVAILABLE
TEN-COOLIT-SYN-001,SITE-COOLIT-SYN-01,ERP,LABOR_CAPACITY,LABCAP-041-3,LABCAP-041-3,RESOLVED,2026-09-25T23:59:59-06:00,2026-09-26T08:00:00-06:00,2026-06-29T00:00:00-06:00,,1,,false,HISTORICAL_ACTUAL,,,VALID,CURRENT,coolit-synthetic-v2.0.0,ALL_SYNTHETIC_CUSTOMERS,ALL_SYNTHETIC_PROGRAMS,ALL_SYNTHETIC_PRODUCTS,SYNTHETIC_INTERNAL,SNP-COOLIT-20260925-BL,SCN-BASELINE,LABCAP-041-3,2026-H41,COOLANT_DISTRIBUTION_UNIT,SKILL-CDU-ASSEMBLY,SHIFT-A,10,24000,0,540,23460,QUALIFIED_AVAILABLE
TEN-COOLIT-SYN-001,SITE-COOLIT-SYN-01,ERP,LABOR_CAPACITY,LABCAP-042-1,LABCAP-042-1,RESOLVED,2026-09-25T23:59:59-06:00,2026-09-26T08:00:00-06:00,2026-06-29T00:00:00-06:00,,1,,false,HISTORICAL_ACTUAL,,,VALID,CURRENT,coolit-synthetic-v2.0.0,ALL_SYNTHETIC_CUSTOMERS,ALL_SYNTHETIC_PROGRAMS,ALL_SYNTHETIC_PRODUCTS,SYNTHETIC_INTERNAL,SNP-COOLIT-20260925-BL,SCN-BASELINE,LABCAP-042-1,2026-H42,COLDPLATE_LOOP,SKILL-CPL-ASSEMBLY,SHIFT-C,9,21600,0,480,21120,QUALIFIED_AVAILABLE
TEN-COOLIT-SYN-001,SITE-COOLIT-SYN-01,ERP,LABOR_CAPACITY,LABCAP-042-2,LABCAP-042-2,RESOLVED,2026-09-25T23:59:59-06:00,2026-09-26T08:00:00-06:00,2026-06-29T00:00:00-06:00,,1,,false,HISTORICAL_ACTUAL,,,VALID,CURRENT,coolit-synthetic-v2.0.0,ALL_SYNTHETIC_CUSTOMERS,ALL_SYNTHETIC_PROGRAMS,ALL_SYNTHETIC_PRODUCTS,SYNTHETIC_INTERNAL,SNP-COOLIT-20260925-BL,SCN-BASELINE,LABCAP-042-2,2026-H42,RACK_MANIFOLD,SKILL-RM-ASSEMBLY,SHIFT-A,10,24000,0,540,23460,QUALIFIED_AVAILABLE
TEN-COOLIT-SYN-001,SITE-COOLIT-SYN-01,ERP,LABOR_CAPACITY,LABCAP-042-3,LABCAP-042-3,RESOLVED,2026-09-25T23:59:59-06:00,2026-09-26T08:00:00-06:00,2026-06-29T00:00:00-06:00,,1,,false,HISTORICAL_ACTUAL,,,VALID,CURRENT,coolit-synthetic-v2.0.0,ALL_SYNTHETIC_CUSTOMERS,ALL_SYNTHETIC_PROGRAMS,ALL_SYNTHETIC_PRODUCTS,SYNTHETIC_INTERNAL,SNP-COOLIT-20260925-BL,SCN-BASELINE,LABCAP-042-3,2026-H42,COOLANT_DISTRIBUTION_UNIT,SKILL-CDU-ASSEMBLY,SHIFT-B,11,26400,0,600,25800,QUALIFIED_AVAILABLE
TEN-COOLIT-SYN-001,SITE-COOLIT-SYN-01,ERP,LABOR_CAPACITY,LABCAP-043-1,LABCAP-043-1,RESOLVED,2026-09-25T23:59:59-06:00,2026-09-26T08:00:00-06:00,2026-06-29T00:00:00-06:00,,1,,false,HISTORICAL_ACTUAL,,,VALID,CURRENT,coolit-synthetic-v2.0.0,ALL_SYNTHETIC_CUSTOMERS,ALL_SYNTHETIC_PROGRAMS,ALL_SYNTHETIC_PRODUCTS,SYNTHETIC_INTERNAL,SNP-COOLIT-20260925-BL,SCN-BASELINE,LABCAP-043-1,2026-H43,COLDPLATE_LOOP,SKILL-CPL-ASSEMBLY,SHIFT-A,10,24000,0,540,23460,QUALIFIED_AVAILABLE
TEN-COOLIT-SYN-001,SITE-COOLIT-SYN-01,ERP,LABOR_CAPACITY,LABCAP-043-2,LABCAP-043-2,RESOLVED,2026-09-25T23:59:59-06:00,2026-09-26T08:00:00-06:00,2026-06-29T00:00:00-06:00,,1,,false,HISTORICAL_ACTUAL,,,VALID,CURRENT,coolit-synthetic-v2.0.0,ALL_SYNTHETIC_CUSTOMERS,ALL_SYNTHETIC_PROGRAMS,ALL_SYNTHETIC_PRODUCTS,SYNTHETIC_INTERNAL,SNP-COOLIT-20260925-BL,SCN-BASELINE,LABCAP-043-2,2026-H43,RACK_MANIFOLD,SKILL-RM-ASSEMBLY,SHIFT-B,11,26400,0,600,25800,QUALIFIED_AVAILABLE
TEN-COOLIT-SYN-001,SITE-COOLIT-SYN-01,ERP,LABOR_CAPACITY,LABCAP-043-3,LABCAP-043-3,RESOLVED,2026-09-25T23:59:59-06:00,2026-09-26T08:00:00-06:00,2026-06-29T00:00:00-06:00,,1,,false,HISTORICAL_ACTUAL,,,VALID,CURRENT,coolit-synthetic-v2.0.0,ALL_SYNTHETIC_CUSTOMERS,ALL_SYNTHETIC_PROGRAMS,ALL_SYNTHETIC_PRODUCTS,SYNTHETIC_INTERNAL,SNP-COOLIT-20260925-BL,SCN-BASELINE,LABCAP-043-3,2026-H43,COOLANT_DISTRIBUTION_UNIT,SKILL-CDU-ASSEMBLY,SHIFT-C,12,28800,0,0,28800,QUALIFIED_AVAILABLE
TEN-COOLIT-SYN-001,SITE-COOLIT-SYN-01,ERP,LABOR_CAPACITY,LABCAP-044-1,LABCAP-044-1,RESOLVED,2026-09-25T23:59:59-06:00,2026-09-26T08:00:00-06:00,2026-06-29T00:00:00-06:00,,1,,false,HISTORICAL_ACTUAL,,,VALID,CURRENT,coolit-synthetic-v2.0.0,ALL_SYNTHETIC_CUSTOMERS,ALL_SYNTHETIC_PROGRAMS,ALL_SYNTHETIC_PRODUCTS,SYNTHETIC_INTERNAL,SNP-COOLIT-20260925-BL,SCN-BASELINE,LABCAP-044-1,2026-H44,COLDPLATE_LOOP,SKILL-CPL-ASSEMBLY,SHIFT-B,11,26400,0,600,25800,QUALIFIED_AVAILABLE
TEN-COOLIT-SYN-001,SITE-COOLIT-SYN-01,ERP,LABOR_CAPACITY,LABCAP-044-2,LABCAP-044-2,RESOLVED,2026-09-25T23:59:59-06:00,2026-09-26T08:00:00-06:00,2026-06-29T00:00:00-06:00,,1,,false,HISTORICAL_ACTUAL,,,VALID,CURRENT,coolit-synthetic-v2.0.0,ALL_SYNTHETIC_CUSTOMERS,ALL_SYNTHETIC_PROGRAMS,ALL_SYNTHETIC_PRODUCTS,SYNTHETIC_INTERNAL,SNP-COOLIT-20260925-BL,SCN-BASELINE,LABCAP-044-2,2026-H44,RACK_MANIFOLD,SKILL-RM-ASSEMBLY,SHIFT-C,12,28800,0,0,28800,QUALIFIED_AVAILABLE
TEN-COOLIT-SYN-001,SITE-COOLIT-SYN-01,ERP,LABOR_CAPACITY,LABCAP-044-3,LABCAP-044-3,RESOLVED,2026-09-25T23:59:59-06:00,2026-09-26T08:00:00-06:00,2026-06-29T00:00:00-06:00,,1,,false,HISTORICAL_ACTUAL,,,VALID,CURRENT,coolit-synthetic-v2.0.0,ALL_SYNTHETIC_CUSTOMERS,ALL_SYNTHETIC_PROGRAMS,ALL_SYNTHETIC_PRODUCTS,SYNTHETIC_INTERNAL,SNP-COOLIT-20260925-BL,SCN-BASELINE,LABCAP-044-3,2026-H44,COOLANT_DISTRIBUTION_UNIT,SKILL-CDU-ASSEMBLY,SHIFT-A,8,19200,0,60,19140,QUALIFIED_AVAILABLE
TEN-COOLIT-SYN-001,SITE-COOLIT-SYN-01,ERP,LABOR_CAPACITY,LABCAP-045-1,LABCAP-045-1,RESOLVED,2026-09-25T23:59:59-06:00,2026-09-26T08:00:00-06:00,2026-06-29T00:00:00-06:00,,1,,false,HISTORICAL_ACTUAL,,,VALID,CURRENT,coolit-synthetic-v2.0.0,ALL_SYNTHETIC_CUSTOMERS,ALL_SYNTHETIC_PROGRAMS,ALL_SYNTHETIC_PRODUCTS,SYNTHETIC_INTERNAL,SNP-COOLIT-20260925-BL,SCN-BASELINE,LABCAP-045-1,2026-H45,COLDPLATE_LOOP,SKILL-CPL-ASSEMBLY,SHIFT-C,12,28800,0,0,28800,QUALIFIED_AVAILABLE
TEN-COOLIT-SYN-001,SITE-COOLIT-SYN-01,ERP,LABOR_CAPACITY,LABCAP-045-2,LABCAP-045-2,RESOLVED,2026-09-25T23:59:59-06:00,2026-09-26T08:00:00-06:00,2026-06-29T00:00:00-06:00,,1,,false,HISTORICAL_ACTUAL,,,VALID,CURRENT,coolit-synthetic-v2.0.0,ALL_SYNTHETIC_CUSTOMERS,ALL_SYNTHETIC_PROGRAMS,ALL_SYNTHETIC_PRODUCTS,SYNTHETIC_INTERNAL,SNP-COOLIT-20260925-BL,SCN-BASELINE,LABCAP-045-2,2026-H45,RACK_MANIFOLD,SKILL-RM-ASSEMBLY,SHIFT-A,8,19200,0,60,19140,QUALIFIED_AVAILABLE
TEN-COOLIT-SYN-001,SITE-COOLIT-SYN-01,ERP,LABOR_CAPACITY,LABCAP-045-3,LABCAP-045-3,RESOLVED,2026-09-25T23:59:59-06:00,2026-09-26T08:00:00-06:00,2026-06-29T00:00:00-06:00,,1,,false,HISTORICAL_ACTUAL,,,VALID,CURRENT,coolit-synthetic-v2.0.0,ALL_SYNTHETIC_CUSTOMERS,ALL_SYNTHETIC_PROGRAMS,ALL_SYNTHETIC_PRODUCTS,SYNTHETIC_INTERNAL,SNP-COOLIT-20260925-BL,SCN-BASELINE,LABCAP-045-3,2026-H45,COOLANT_DISTRIBUTION_UNIT,SKILL-CDU-ASSEMBLY,SHIFT-B,9,21600,0,120,21480,QUALIFIED_AVAILABLE
TEN-COOLIT-SYN-001,SITE-COOLIT-SYN-01,ERP,LABOR_CAPACITY,LABCAP-046-1,LABCAP-046-1,RESOLVED,2026-09-25T23:59:59-06:00,2026-09-26T08:00:00-06:00,2026-06-29T00:00:00-06:00,,1,,false,HISTORICAL_ACTUAL,,,VALID,CURRENT,coolit-synthetic-v2.0.0,ALL_SYNTHETIC_CUSTOMERS,ALL_SYNTHETIC_PROGRAMS,ALL_SYNTHETIC_PRODUCTS,SYNTHETIC_INTERNAL,SNP-COOLIT-20260925-BL,SCN-BASELINE,LABCAP-046-1,2026-H46,COLDPLATE_LOOP,SKILL-CPL-ASSEMBLY,SHIFT-A,8,19200,0,60,19140,QUALIFIED_AVAILABLE
TEN-COOLIT-SYN-001,SITE-COOLIT-SYN-01,ERP,LABOR_CAPACITY,LABCAP-046-2,LABCAP-046-2,RESOLVED,2026-09-25T23:59:59-06:00,2026-09-26T08:00:00-06:00,2026-06-29T00:00:00-06:00,,1,,false,HISTORICAL_ACTUAL,,,VALID,CURRENT,coolit-synthetic-v2.0.0,ALL_SYNTHETIC_CUSTOMERS,ALL_SYNTHETIC_PROGRAMS,ALL_SYNTHETIC_PRODUCTS,SYNTHETIC_INTERNAL,SNP-COOLIT-20260925-BL,SCN-BASELINE,LABCAP-046-2,2026-H46,RACK_MANIFOLD,SKILL-RM-ASSEMBLY,SHIFT-B,9,21600,0,120,21480,QUALIFIED_AVAILABLE
TEN-COOLIT-SYN-001,SITE-COOLIT-SYN-01,ERP,LABOR_CAPACITY,LABCAP-046-3,LABCAP-046-3,RESOLVED,2026-09-25T23:59:59-06:00,2026-09-26T08:00:00-06:00,2026-06-29T00:00:00-06:00,,1,,false,HISTORICAL_ACTUAL,,,VALID,CURRENT,coolit-synthetic-v2.0.0,ALL_SYNTHETIC_CUSTOMERS,ALL_SYNTHETIC_PROGRAMS,ALL_SYNTHETIC_PRODUCTS,SYNTHETIC_INTERNAL,SNP-COOLIT-20260925-BL,SCN-BASELINE,LABCAP-046-3,2026-H46,COOLANT_DISTRIBUTION_UNIT,SKILL-CDU-ASSEMBLY,SHIFT-C,10,24000,0,180,23820,QUALIFIED_AVAILABLE
TEN-COOLIT-SYN-001,SITE-COOLIT-SYN-01,ERP,LABOR_CAPACITY,LABCAP-047-1,LABCAP-047-1,RESOLVED,2026-09-25T23:59:59-06:00,2026-09-26T08:00:00-06:00,2026-06-29T00:00:00-06:00,,1,,false,HISTORICAL_ACTUAL,,,VALID,CURRENT,coolit-synthetic-v2.0.0,ALL_SYNTHETIC_CUSTOMERS,ALL_SYNTHETIC_PROGRAMS,ALL_SYNTHETIC_PRODUCTS,SYNTHETIC_INTERNAL,SNP-COOLIT-20260925-BL,SCN-BASELINE,LABCAP-047-1,2026-H47,COLDPLATE_LOOP,SKILL-CPL-ASSEMBLY,SHIFT-B,9,21600,0,120,21480,QUALIFIED_AVAILABLE
TEN-COOLIT-SYN-001,SITE-COOLIT-SYN-01,ERP,LABOR_CAPACITY,LABCAP-047-2,LABCAP-047-2,RESOLVED,2026-09-25T23:59:59-06:00,2026-09-26T08:00:00-06:00,2026-06-29T00:00:00-06:00,,1,,false,HISTORICAL_ACTUAL,,,VALID,CURRENT,coolit-synthetic-v2.0.0,ALL_SYNTHETIC_CUSTOMERS,ALL_SYNTHETIC_PROGRAMS,ALL_SYNTHETIC_PRODUCTS,SYNTHETIC_INTERNAL,SNP-COOLIT-20260925-BL,SCN-BASELINE,LABCAP-047-2,2026-H47,RACK_MANIFOLD,SKILL-RM-ASSEMBLY,SHIFT-C,10,24000,0,180,23820,QUALIFIED_AVAILABLE
TEN-COOLIT-SYN-001,SITE-COOLIT-SYN-01,ERP,LABOR_CAPACITY,LABCAP-047-3,LABCAP-047-3,RESOLVED,2026-09-25T23:59:59-06:00,2026-09-26T08:00:00-06:00,2026-06-29T00:00:00-06:00,,1,,false,HISTORICAL_ACTUAL,,,VALID,CURRENT,coolit-synthetic-v2.0.0,ALL_SYNTHETIC_CUSTOMERS,ALL_SYNTHETIC_PROGRAMS,ALL_SYNTHETIC_PRODUCTS,SYNTHETIC_INTERNAL,SNP-COOLIT-20260925-BL,SCN-BASELINE,LABCAP-047-3,2026-H47,COOLANT_DISTRIBUTION_UNIT,SKILL-CDU-ASSEMBLY,SHIFT-A,11,26400,0,240,26160,QUALIFIED_AVAILABLE
TEN-COOLIT-SYN-001,SITE-COOLIT-SYN-01,ERP,LABOR_CAPACITY,LABCAP-048-1,LABCAP-048-1,RESOLVED,2026-09-25T23:59:59-06:00,2026-09-26T08:00:00-06:00,2026-06-29T00:00:00-06:00,,1,,false,HISTORICAL_ACTUAL,,,VALID,CURRENT,coolit-synthetic-v2.0.0,ALL_SYNTHETIC_CUSTOMERS,ALL_SYNTHETIC_PROGRAMS,ALL_SYNTHETIC_PRODUCTS,SYNTHETIC_INTERNAL,SNP-COOLIT-20260925-BL,SCN-BASELINE,LABCAP-048-1,2026-H48,COLDPLATE_LOOP,SKILL-CPL-ASSEMBLY,SHIFT-C,10,24000,0,180,23820,QUALIFIED_AVAILABLE
TEN-COOLIT-SYN-001,SITE-COOLIT-SYN-01,ERP,LABOR_CAPACITY,LABCAP-048-2,LABCAP-048-2,RESOLVED,2026-09-25T23:59:59-06:00,2026-09-26T08:00:00-06:00,2026-06-29T00:00:00-06:00,,1,,false,HISTORICAL_ACTUAL,,,VALID,CURRENT,coolit-synthetic-v2.0.0,ALL_SYNTHETIC_CUSTOMERS,ALL_SYNTHETIC_PROGRAMS,ALL_SYNTHETIC_PRODUCTS,SYNTHETIC_INTERNAL,SNP-COOLIT-20260925-BL,SCN-BASELINE,LABCAP-048-2,2026-H48,RACK_MANIFOLD,SKILL-RM-ASSEMBLY,SHIFT-A,11,26400,0,240,26160,QUALIFIED_AVAILABLE
TEN-COOLIT-SYN-001,SITE-COOLIT-SYN-01,ERP,LABOR_CAPACITY,LABCAP-048-3,LABCAP-048-3,RESOLVED,2026-09-25T23:59:59-06:00,2026-09-26T08:00:00-06:00,2026-06-29T00:00:00-06:00,,1,,false,HISTORICAL_ACTUAL,,,VALID,CURRENT,coolit-synthetic-v2.0.0,ALL_SYNTHETIC_CUSTOMERS,ALL_SYNTHETIC_PROGRAMS,ALL_SYNTHETIC_PRODUCTS,SYNTHETIC_INTERNAL,SNP-COOLIT-20260925-BL,SCN-BASELINE,LABCAP-048-3,2026-H48,COOLANT_DISTRIBUTION_UNIT,SKILL-CDU-ASSEMBLY,SHIFT-B,12,28800,0,300,28500,QUALIFIED_AVAILABLE
TEN-COOLIT-SYN-001,SITE-COOLIT-SYN-01,ERP,LABOR_CAPACITY,LABCAP-049-1,LABCAP-049-1,RESOLVED,2026-09-25T23:59:59-06:00,2026-09-26T08:00:00-06:00,2026-06-29T00:00:00-06:00,,1,,false,HISTORICAL_ACTUAL,,,VALID,CURRENT,coolit-synthetic-v2.0.0,ALL_SYNTHETIC_CUSTOMERS,ALL_SYNTHETIC_PROGRAMS,ALL_SYNTHETIC_PRODUCTS,SYNTHETIC_INTERNAL,SNP-COOLIT-20260925-BL,SCN-BASELINE,LABCAP-049-1,2026-H49,COLDPLATE_LOOP,SKILL-CPL-ASSEMBLY,SHIFT-A,11,26400,0,240,26160,QUALIFIED_AVAILABLE
TEN-COOLIT-SYN-001,SITE-COOLIT-SYN-01,ERP,LABOR_CAPACITY,LABCAP-049-2,LABCAP-049-2,RESOLVED,2026-09-25T23:59:59-06:00,2026-09-26T08:00:00-06:00,2026-06-29T00:00:00-06:00,,1,,false,HISTORICAL_ACTUAL,,,VALID,CURRENT,coolit-synthetic-v2.0.0,ALL_SYNTHETIC_CUSTOMERS,ALL_SYNTHETIC_PROGRAMS,ALL_SYNTHETIC_PRODUCTS,SYNTHETIC_INTERNAL,SNP-COOLIT-20260925-BL,SCN-BASELINE,LABCAP-049-2,2026-H49,RACK_MANIFOLD,SKILL-RM-ASSEMBLY,SHIFT-B,12,28800,0,300,28500,QUALIFIED_AVAILABLE
TEN-COOLIT-SYN-001,SITE-COOLIT-SYN-01,ERP,LABOR_CAPACITY,LABCAP-049-3,LABCAP-049-3,RESOLVED,2026-09-25T23:59:59-06:00,2026-09-26T08:00:00-06:00,2026-06-29T00:00:00-06:00,,1,,false,HISTORICAL_ACTUAL,,,VALID,CURRENT,coolit-synthetic-v2.0.0,ALL_SYNTHETIC_CUSTOMERS,ALL_SYNTHETIC_PROGRAMS,ALL_SYNTHETIC_PRODUCTS,SYNTHETIC_INTERNAL,SNP-COOLIT-20260925-BL,SCN-BASELINE,LABCAP-049-3,2026-H49,COOLANT_DISTRIBUTION_UNIT,SKILL-CDU-ASSEMBLY,SHIFT-C,8,19200,0,360,18840,QUALIFIED_AVAILABLE
TEN-COOLIT-SYN-001,SITE-COOLIT-SYN-01,ERP,LABOR_CAPACITY,LABCAP-050-1,LABCAP-050-1,RESOLVED,2026-09-25T23:59:59-06:00,2026-09-26T08:00:00-06:00,2026-06-29T00:00:00-06:00,,1,,false,HISTORICAL_ACTUAL,,,VALID,CURRENT,coolit-synthetic-v2.0.0,ALL_SYNTHETIC_CUSTOMERS,ALL_SYNTHETIC_PROGRAMS,ALL_SYNTHETIC_PRODUCTS,SYNTHETIC_INTERNAL,SNP-COOLIT-20260925-BL,SCN-BASELINE,LABCAP-050-1,2026-H50,COLDPLATE_LOOP,SKILL-CPL-ASSEMBLY,SHIFT-B,12,28800,0,300,28500,QUALIFIED_AVAILABLE
TEN-COOLIT-SYN-001,SITE-COOLIT-SYN-01,ERP,LABOR_CAPACITY,LABCAP-050-2,LABCAP-050-2,RESOLVED,2026-09-25T23:59:59-06:00,2026-09-26T08:00:00-06:00,2026-06-29T00:00:00-06:00,,1,,false,HISTORICAL_ACTUAL,,,VALID,CURRENT,coolit-synthetic-v2.0.0,ALL_SYNTHETIC_CUSTOMERS,ALL_SYNTHETIC_PROGRAMS,ALL_SYNTHETIC_PRODUCTS,SYNTHETIC_INTERNAL,SNP-COOLIT-20260925-BL,SCN-BASELINE,LABCAP-050-2,2026-H50,RACK_MANIFOLD,SKILL-RM-ASSEMBLY,SHIFT-C,8,19200,0,360,18840,QUALIFIED_AVAILABLE
TEN-COOLIT-SYN-001,SITE-COOLIT-SYN-01,ERP,LABOR_CAPACITY,LABCAP-050-3,LABCAP-050-3,RESOLVED,2026-09-25T23:59:59-06:00,2026-09-26T08:00:00-06:00,2026-06-29T00:00:00-06:00,,1,,false,HISTORICAL_ACTUAL,,,VALID,CURRENT,coolit-synthetic-v2.0.0,ALL_SYNTHETIC_CUSTOMERS,ALL_SYNTHETIC_PROGRAMS,ALL_SYNTHETIC_PRODUCTS,SYNTHETIC_INTERNAL,SNP-COOLIT-20260925-BL,SCN-BASELINE,LABCAP-050-3,2026-H50,COOLANT_DISTRIBUTION_UNIT,SKILL-CDU-ASSEMBLY,SHIFT-A,9,21600,0,420,21180,QUALIFIED_AVAILABLE
TEN-COOLIT-SYN-001,SITE-COOLIT-SYN-01,ERP,LABOR_CAPACITY,LABCAP-051-1,LABCAP-051-1,RESOLVED,2026-09-25T23:59:59-06:00,2026-09-26T08:00:00-06:00,2026-06-29T00:00:00-06:00,,1,,false,HISTORICAL_ACTUAL,,,VALID,CURRENT,coolit-synthetic-v2.0.0,ALL_SYNTHETIC_CUSTOMERS,ALL_SYNTHETIC_PROGRAMS,ALL_SYNTHETIC_PRODUCTS,SYNTHETIC_INTERNAL,SNP-COOLIT-20260925-BL,SCN-BASELINE,LABCAP-051-1,2026-H51,COLDPLATE_LOOP,SKILL-CPL-ASSEMBLY,SHIFT-C,8,19200,0,360,18840,QUALIFIED_AVAILABLE
TEN-COOLIT-SYN-001,SITE-COOLIT-SYN-01,ERP,LABOR_CAPACITY,LABCAP-051-2,LABCAP-051-2,RESOLVED,2026-09-25T23:59:59-06:00,2026-09-26T08:00:00-06:00,2026-06-29T00:00:00-06:00,,1,,false,HISTORICAL_ACTUAL,,,VALID,CURRENT,coolit-synthetic-v2.0.0,ALL_SYNTHETIC_CUSTOMERS,ALL_SYNTHETIC_PROGRAMS,ALL_SYNTHETIC_PRODUCTS,SYNTHETIC_INTERNAL,SNP-COOLIT-20260925-BL,SCN-BASELINE,LABCAP-051-2,2026-H51,RACK_MANIFOLD,SKILL-RM-ASSEMBLY,SHIFT-A,9,21600,0,420,21180,QUALIFIED_AVAILABLE
TEN-COOLIT-SYN-001,SITE-COOLIT-SYN-01,ERP,LABOR_CAPACITY,LABCAP-051-3,LABCAP-051-3,RESOLVED,2026-09-25T23:59:59-06:00,2026-09-26T08:00:00-06:00,2026-06-29T00:00:00-06:00,,1,,false,HISTORICAL_ACTUAL,,,VALID,CURRENT,coolit-synthetic-v2.0.0,ALL_SYNTHETIC_CUSTOMERS,ALL_SYNTHETIC_PROGRAMS,ALL_SYNTHETIC_PRODUCTS,SYNTHETIC_INTERNAL,SNP-COOLIT-20260925-BL,SCN-BASELINE,LABCAP-051-3,2026-H51,COOLANT_DISTRIBUTION_UNIT,SKILL-CDU-ASSEMBLY,SHIFT-B,10,24000,0,480,23520,QUALIFIED_AVAILABLE
TEN-COOLIT-SYN-001,SITE-COOLIT-SYN-01,ERP,LABOR_CAPACITY,LABCAP-052-1,LABCAP-052-1,RESOLVED,2026-09-25T23:59:59-06:00,2026-09-26T08:00:00-06:00,2026-06-29T00:00:00-06:00,,1,,false,HISTORICAL_ACTUAL,,,VALID,CURRENT,coolit-synthetic-v2.0.0,ALL_SYNTHETIC_CUSTOMERS,ALL_SYNTHETIC_PROGRAMS,ALL_SYNTHETIC_PRODUCTS,SYNTHETIC_INTERNAL,SNP-COOLIT-20260925-BL,SCN-BASELINE,LABCAP-052-1,2026-H52,COLDPLATE_LOOP,SKILL-CPL-ASSEMBLY,SHIFT-A,9,21600,0,420,21180,QUALIFIED_AVAILABLE
TEN-COOLIT-SYN-001,SITE-COOLIT-SYN-01,ERP,LABOR_CAPACITY,LABCAP-052-2,LABCAP-052-2,RESOLVED,2026-09-25T23:59:59-06:00,2026-09-26T08:00:00-06:00,2026-06-29T00:00:00-06:00,,1,,false,HISTORICAL_ACTUAL,,,VALID,CURRENT,coolit-synthetic-v2.0.0,ALL_SYNTHETIC_CUSTOMERS,ALL_SYNTHETIC_PROGRAMS,ALL_SYNTHETIC_PRODUCTS,SYNTHETIC_INTERNAL,SNP-COOLIT-20260925-BL,SCN-BASELINE,LABCAP-052-2,2026-H52,RACK_MANIFOLD,SKILL-RM-ASSEMBLY,SHIFT-B,10,24000,0,480,23520,QUALIFIED_AVAILABLE
TEN-COOLIT-SYN-001,SITE-COOLIT-SYN-01,ERP,LABOR_CAPACITY,LABCAP-052-3,LABCAP-052-3,RESOLVED,2026-09-25T23:59:59-06:00,2026-09-26T08:00:00-06:00,2026-06-29T00:00:00-06:00,,1,,false,HISTORICAL_ACTUAL,,,VALID,CURRENT,coolit-synthetic-v2.0.0,ALL_SYNTHETIC_CUSTOMERS,ALL_SYNTHETIC_PROGRAMS,ALL_SYNTHETIC_PRODUCTS,SYNTHETIC_INTERNAL,SNP-COOLIT-20260925-BL,SCN-BASELINE,LABCAP-052-3,2026-H52,COOLANT_DISTRIBUTION_UNIT,SKILL-CDU-ASSEMBLY,SHIFT-C,11,26400,0,540,25860,QUALIFIED_AVAILABLE
TEN-COOLIT-SYN-001,SITE-COOLIT-SYN-01,ERP,LABOR_CAPACITY,LABCAP-053-1,LABCAP-053-1,RESOLVED,2026-09-25T23:59:59-06:00,2026-09-26T08:00:00-06:00,2026-06-29T00:00:00-06:00,,1,,false,HISTORICAL_ACTUAL,,,VALID,CURRENT,coolit-synthetic-v2.0.0,ALL_SYNTHETIC_CUSTOMERS,ALL_SYNTHETIC_PROGRAMS,ALL_SYNTHETIC_PRODUCTS,SYNTHETIC_INTERNAL,SNP-COOLIT-20260925-BL,SCN-BASELINE,LABCAP-053-1,2026-H53,COLDPLATE_LOOP,SKILL-CPL-ASSEMBLY,SHIFT-B,10,24000,0,480,23520,QUALIFIED_AVAILABLE
TEN-COOLIT-SYN-001,SITE-COOLIT-SYN-01,ERP,LABOR_CAPACITY,LABCAP-053-2,LABCAP-053-2,RESOLVED,2026-09-25T23:59:59-06:00,2026-09-26T08:00:00-06:00,2026-06-29T00:00:00-06:00,,1,,false,HISTORICAL_ACTUAL,,,VALID,CURRENT,coolit-synthetic-v2.0.0,ALL_SYNTHETIC_CUSTOMERS,ALL_SYNTHETIC_PROGRAMS,ALL_SYNTHETIC_PRODUCTS,SYNTHETIC_INTERNAL,SNP-COOLIT-20260925-BL,SCN-BASELINE,LABCAP-053-2,2026-H53,RACK_MANIFOLD,SKILL-RM-ASSEMBLY,SHIFT-C,11,26400,0,540,25860,QUALIFIED_AVAILABLE
TEN-COOLIT-SYN-001,SITE-COOLIT-SYN-01,ERP,LABOR_CAPACITY,LABCAP-053-3,LABCAP-053-3,RESOLVED,2026-09-25T23:59:59-06:00,2026-09-26T08:00:00-06:00,2026-06-29T00:00:00-06:00,,1,,false,HISTORICAL_ACTUAL,,,VALID,CURRENT,coolit-synthetic-v2.0.0,ALL_SYNTHETIC_CUSTOMERS,ALL_SYNTHETIC_PROGRAMS,ALL_SYNTHETIC_PRODUCTS,SYNTHETIC_INTERNAL,SNP-COOLIT-20260925-BL,SCN-BASELINE,LABCAP-053-3,2026-H53,COOLANT_DISTRIBUTION_UNIT,SKILL-CDU-ASSEMBLY,SHIFT-A,12,28800,0,600,28200,QUALIFIED_AVAILABLE
TEN-COOLIT-SYN-001,SITE-COOLIT-SYN-01,ERP,LABOR_CAPACITY,LABCAP-054-1,LABCAP-054-1,RESOLVED,2026-09-25T23:59:59-06:00,2026-09-26T08:00:00-06:00,2026-06-29T00:00:00-06:00,,1,,false,HISTORICAL_ACTUAL,,,VALID,CURRENT,coolit-synthetic-v2.0.0,ALL_SYNTHETIC_CUSTOMERS,ALL_SYNTHETIC_PROGRAMS,ALL_SYNTHETIC_PRODUCTS,SYNTHETIC_INTERNAL,SNP-COOLIT-20260925-BL,SCN-BASELINE,LABCAP-054-1,2026-H54,COLDPLATE_LOOP,SKILL-CPL-ASSEMBLY,SHIFT-C,11,26400,0,540,25860,QUALIFIED_AVAILABLE
TEN-COOLIT-SYN-001,SITE-COOLIT-SYN-01,ERP,LABOR_CAPACITY,LABCAP-054-2,LABCAP-054-2,RESOLVED,2026-09-25T23:59:59-06:00,2026-09-26T08:00:00-06:00,2026-06-29T00:00:00-06:00,,1,,false,HISTORICAL_ACTUAL,,,VALID,CURRENT,coolit-synthetic-v2.0.0,ALL_SYNTHETIC_CUSTOMERS,ALL_SYNTHETIC_PROGRAMS,ALL_SYNTHETIC_PRODUCTS,SYNTHETIC_INTERNAL,SNP-COOLIT-20260925-BL,SCN-BASELINE,LABCAP-054-2,2026-H54,RACK_MANIFOLD,SKILL-RM-ASSEMBLY,SHIFT-A,12,28800,0,600,28200,QUALIFIED_AVAILABLE
TEN-COOLIT-SYN-001,SITE-COOLIT-SYN-01,ERP,LABOR_CAPACITY,LABCAP-054-3,LABCAP-054-3,RESOLVED,2026-09-25T23:59:59-06:00,2026-09-26T08:00:00-06:00,2026-06-29T00:00:00-06:00,,1,,false,HISTORICAL_ACTUAL,,,VALID,CURRENT,coolit-synthetic-v2.0.0,ALL_SYNTHETIC_CUSTOMERS,ALL_SYNTHETIC_PROGRAMS,ALL_SYNTHETIC_PRODUCTS,SYNTHETIC_INTERNAL,SNP-COOLIT-20260925-BL,SCN-BASELINE,LABCAP-054-3,2026-H54,COOLANT_DISTRIBUTION_UNIT,SKILL-CDU-ASSEMBLY,SHIFT-B,8,19200,0,0,19200,QUALIFIED_AVAILABLE
TEN-COOLIT-SYN-001,SITE-COOLIT-SYN-01,ERP,LABOR_CAPACITY,LABCAP-055-1,LABCAP-055-1,RESOLVED,2026-09-25T23:59:59-06:00,2026-09-26T08:00:00-06:00,2026-06-29T00:00:00-06:00,,1,,false,HISTORICAL_ACTUAL,,,VALID,CURRENT,coolit-synthetic-v2.0.0,ALL_SYNTHETIC_CUSTOMERS,ALL_SYNTHETIC_PROGRAMS,ALL_SYNTHETIC_PRODUCTS,SYNTHETIC_INTERNAL,SNP-COOLIT-20260925-BL,SCN-BASELINE,LABCAP-055-1,2026-H55,COLDPLATE_LOOP,SKILL-CPL-ASSEMBLY,SHIFT-A,12,28800,0,600,28200,QUALIFIED_AVAILABLE
TEN-COOLIT-SYN-001,SITE-COOLIT-SYN-01,ERP,LABOR_CAPACITY,LABCAP-055-2,LABCAP-055-2,RESOLVED,2026-09-25T23:59:59-06:00,2026-09-26T08:00:00-06:00,2026-06-29T00:00:00-06:00,,1,,false,HISTORICAL_ACTUAL,,,VALID,CURRENT,coolit-synthetic-v2.0.0,ALL_SYNTHETIC_CUSTOMERS,ALL_SYNTHETIC_PROGRAMS,ALL_SYNTHETIC_PRODUCTS,SYNTHETIC_INTERNAL,SNP-COOLIT-20260925-BL,SCN-BASELINE,LABCAP-055-2,2026-H55,RACK_MANIFOLD,SKILL-RM-ASSEMBLY,SHIFT-B,8,19200,0,0,19200,QUALIFIED_AVAILABLE
TEN-COOLIT-SYN-001,SITE-COOLIT-SYN-01,ERP,LABOR_CAPACITY,LABCAP-055-3,LABCAP-055-3,RESOLVED,2026-09-25T23:59:59-06:00,2026-09-26T08:00:00-06:00,2026-06-29T00:00:00-06:00,,1,,false,HISTORICAL_ACTUAL,,,VALID,CURRENT,coolit-synthetic-v2.0.0,ALL_SYNTHETIC_CUSTOMERS,ALL_SYNTHETIC_PROGRAMS,ALL_SYNTHETIC_PRODUCTS,SYNTHETIC_INTERNAL,SNP-COOLIT-20260925-BL,SCN-BASELINE,LABCAP-055-3,2026-H55,COOLANT_DISTRIBUTION_UNIT,SKILL-CDU-ASSEMBLY,SHIFT-C,9,21600,0,60,21540,QUALIFIED_AVAILABLE
TEN-COOLIT-SYN-001,SITE-COOLIT-SYN-01,ERP,LABOR_CAPACITY,LABCAP-056-1,LABCAP-056-1,RESOLVED,2026-09-25T23:59:59-06:00,2026-09-26T08:00:00-06:00,2026-06-29T00:00:00-06:00,,1,,false,HISTORICAL_ACTUAL,,,VALID,CURRENT,coolit-synthetic-v2.0.0,ALL_SYNTHETIC_CUSTOMERS,ALL_SYNTHETIC_PROGRAMS,ALL_SYNTHETIC_PRODUCTS,SYNTHETIC_INTERNAL,SNP-COOLIT-20260925-BL,SCN-BASELINE,LABCAP-056-1,2026-H56,COLDPLATE_LOOP,SKILL-CPL-ASSEMBLY,SHIFT-B,8,19200,0,0,19200,QUALIFIED_AVAILABLE
TEN-COOLIT-SYN-001,SITE-COOLIT-SYN-01,ERP,LABOR_CAPACITY,LABCAP-056-2,LABCAP-056-2,RESOLVED,2026-09-25T23:59:59-06:00,2026-09-26T08:00:00-06:00,2026-06-29T00:00:00-06:00,,1,,false,HISTORICAL_ACTUAL,,,VALID,CURRENT,coolit-synthetic-v2.0.0,ALL_SYNTHETIC_CUSTOMERS,ALL_SYNTHETIC_PROGRAMS,ALL_SYNTHETIC_PRODUCTS,SYNTHETIC_INTERNAL,SNP-COOLIT-20260925-BL,SCN-BASELINE,LABCAP-056-2,2026-H56,RACK_MANIFOLD,SKILL-RM-ASSEMBLY,SHIFT-C,9,21600,0,60,21540,QUALIFIED_AVAILABLE
TEN-COOLIT-SYN-001,SITE-COOLIT-SYN-01,ERP,LABOR_CAPACITY,LABCAP-056-3,LABCAP-056-3,RESOLVED,2026-09-25T23:59:59-06:00,2026-09-26T08:00:00-06:00,2026-06-29T00:00:00-06:00,,1,,false,HISTORICAL_ACTUAL,,,VALID,CURRENT,coolit-synthetic-v2.0.0,ALL_SYNTHETIC_CUSTOMERS,ALL_SYNTHETIC_PROGRAMS,ALL_SYNTHETIC_PRODUCTS,SYNTHETIC_INTERNAL,SNP-COOLIT-20260925-BL,SCN-BASELINE,LABCAP-056-3,2026-H56,COOLANT_DISTRIBUTION_UNIT,SKILL-CDU-ASSEMBLY,SHIFT-A,10,24000,0,120,23880,QUALIFIED_AVAILABLE
TEN-COOLIT-SYN-001,SITE-COOLIT-SYN-01,ERP,LABOR_CAPACITY,LABCAP-057-1,LABCAP-057-1,RESOLVED,2026-09-25T23:59:59-06:00,2026-09-26T08:00:00-06:00,2026-06-29T00:00:00-06:00,,1,,false,HISTORICAL_ACTUAL,,,VALID,CURRENT,coolit-synthetic-v2.0.0,ALL_SYNTHETIC_CUSTOMERS,ALL_SYNTHETIC_PROGRAMS,ALL_SYNTHETIC_PRODUCTS,SYNTHETIC_INTERNAL,SNP-COOLIT-20260925-BL,SCN-BASELINE,LABCAP-057-1,2026-H57,COLDPLATE_LOOP,SKILL-CPL-ASSEMBLY,SHIFT-C,9,21600,0,60,21540,QUALIFIED_AVAILABLE
TEN-COOLIT-SYN-001,SITE-COOLIT-SYN-01,ERP,LABOR_CAPACITY,LABCAP-057-2,LABCAP-057-2,RESOLVED,2026-09-25T23:59:59-06:00,2026-09-26T08:00:00-06:00,2026-06-29T00:00:00-06:00,,1,,false,HISTORICAL_ACTUAL,,,VALID,CURRENT,coolit-synthetic-v2.0.0,ALL_SYNTHETIC_CUSTOMERS,ALL_SYNTHETIC_PROGRAMS,ALL_SYNTHETIC_PRODUCTS,SYNTHETIC_INTERNAL,SNP-COOLIT-20260925-BL,SCN-BASELINE,LABCAP-057-2,2026-H57,RACK_MANIFOLD,SKILL-RM-ASSEMBLY,SHIFT-A,10,24000,0,120,23880,QUALIFIED_AVAILABLE
TEN-COOLIT-SYN-001,SITE-COOLIT-SYN-01,ERP,LABOR_CAPACITY,LABCAP-057-3,LABCAP-057-3,RESOLVED,2026-09-25T23:59:59-06:00,2026-09-26T08:00:00-06:00,2026-06-29T00:00:00-06:00,,1,,false,HISTORICAL_ACTUAL,,,VALID,CURRENT,coolit-synthetic-v2.0.0,ALL_SYNTHETIC_CUSTOMERS,ALL_SYNTHETIC_PROGRAMS,ALL_SYNTHETIC_PRODUCTS,SYNTHETIC_INTERNAL,SNP-COOLIT-20260925-BL,SCN-BASELINE,LABCAP-057-3,2026-H57,COOLANT_DISTRIBUTION_UNIT,SKILL-CDU-ASSEMBLY,SHIFT-B,11,26400,0,180,26220,QUALIFIED_AVAILABLE
TEN-COOLIT-SYN-001,SITE-COOLIT-SYN-01,ERP,LABOR_CAPACITY,LABCAP-058-1,LABCAP-058-1,RESOLVED,2026-09-25T23:59:59-06:00,2026-09-26T08:00:00-06:00,2026-06-29T00:00:00-06:00,,1,,false,HISTORICAL_ACTUAL,,,VALID,CURRENT,coolit-synthetic-v2.0.0,ALL_SYNTHETIC_CUSTOMERS,ALL_SYNTHETIC_PROGRAMS,ALL_SYNTHETIC_PRODUCTS,SYNTHETIC_INTERNAL,SNP-COOLIT-20260925-BL,SCN-BASELINE,LABCAP-058-1,2026-H58,COLDPLATE_LOOP,SKILL-CPL-ASSEMBLY,SHIFT-A,10,24000,0,120,23880,QUALIFIED_AVAILABLE
TEN-COOLIT-SYN-001,SITE-COOLIT-SYN-01,ERP,LABOR_CAPACITY,LABCAP-058-2,LABCAP-058-2,RESOLVED,2026-09-25T23:59:59-06:00,2026-09-26T08:00:00-06:00,2026-06-29T00:00:00-06:00,,1,,false,HISTORICAL_ACTUAL,,,VALID,CURRENT,coolit-synthetic-v2.0.0,ALL_SYNTHETIC_CUSTOMERS,ALL_SYNTHETIC_PROGRAMS,ALL_SYNTHETIC_PRODUCTS,SYNTHETIC_INTERNAL,SNP-COOLIT-20260925-BL,SCN-BASELINE,LABCAP-058-2,2026-H58,RACK_MANIFOLD,SKILL-RM-ASSEMBLY,SHIFT-B,11,26400,0,180,26220,QUALIFIED_AVAILABLE
TEN-COOLIT-SYN-001,SITE-COOLIT-SYN-01,ERP,LABOR_CAPACITY,LABCAP-058-3,LABCAP-058-3,RESOLVED,2026-09-25T23:59:59-06:00,2026-09-26T08:00:00-06:00,2026-06-29T00:00:00-06:00,,1,,false,HISTORICAL_ACTUAL,,,VALID,CURRENT,coolit-synthetic-v2.0.0,ALL_SYNTHETIC_CUSTOMERS,ALL_SYNTHETIC_PROGRAMS,ALL_SYNTHETIC_PRODUCTS,SYNTHETIC_INTERNAL,SNP-COOLIT-20260925-BL,SCN-BASELINE,LABCAP-058-3,2026-H58,COOLANT_DISTRIBUTION_UNIT,SKILL-CDU-ASSEMBLY,SHIFT-C,12,28800,0,240,28560,QUALIFIED_AVAILABLE
TEN-COOLIT-SYN-001,SITE-COOLIT-SYN-01,ERP,LABOR_CAPACITY,LABCAP-059-1,LABCAP-059-1,RESOLVED,2026-09-25T23:59:59-06:00,2026-09-26T08:00:00-06:00,2026-06-29T00:00:00-06:00,,1,,false,HISTORICAL_ACTUAL,,,VALID,CURRENT,coolit-synthetic-v2.0.0,ALL_SYNTHETIC_CUSTOMERS,ALL_SYNTHETIC_PROGRAMS,ALL_SYNTHETIC_PRODUCTS,SYNTHETIC_INTERNAL,SNP-COOLIT-20260925-BL,SCN-BASELINE,LABCAP-059-1,2026-H59,COLDPLATE_LOOP,SKILL-CPL-ASSEMBLY,SHIFT-B,11,26400,0,180,26220,QUALIFIED_AVAILABLE
TEN-COOLIT-SYN-001,SITE-COOLIT-SYN-01,ERP,LABOR_CAPACITY,LABCAP-059-2,LABCAP-059-2,RESOLVED,2026-09-25T23:59:59-06:00,2026-09-26T08:00:00-06:00,2026-06-29T00:00:00-06:00,,1,,false,HISTORICAL_ACTUAL,,,VALID,CURRENT,coolit-synthetic-v2.0.0,ALL_SYNTHETIC_CUSTOMERS,ALL_SYNTHETIC_PROGRAMS,ALL_SYNTHETIC_PRODUCTS,SYNTHETIC_INTERNAL,SNP-COOLIT-20260925-BL,SCN-BASELINE,LABCAP-059-2,2026-H59,RACK_MANIFOLD,SKILL-RM-ASSEMBLY,SHIFT-C,12,28800,0,240,28560,QUALIFIED_AVAILABLE
TEN-COOLIT-SYN-001,SITE-COOLIT-SYN-01,ERP,LABOR_CAPACITY,LABCAP-059-3,LABCAP-059-3,RESOLVED,2026-09-25T23:59:59-06:00,2026-09-26T08:00:00-06:00,2026-06-29T00:00:00-06:00,,1,,false,HISTORICAL_ACTUAL,,,VALID,CURRENT,coolit-synthetic-v2.0.0,ALL_SYNTHETIC_CUSTOMERS,ALL_SYNTHETIC_PROGRAMS,ALL_SYNTHETIC_PRODUCTS,SYNTHETIC_INTERNAL,SNP-COOLIT-20260925-BL,SCN-BASELINE,LABCAP-059-3,2026-H59,COOLANT_DISTRIBUTION_UNIT,SKILL-CDU-ASSEMBLY,SHIFT-A,8,19200,0,300,18900,QUALIFIED_AVAILABLE
TEN-COOLIT-SYN-001,SITE-COOLIT-SYN-01,ERP,LABOR_CAPACITY,LABCAP-060-1,LABCAP-060-1,RESOLVED,2026-09-25T23:59:59-06:00,2026-09-26T08:00:00-06:00,2026-06-29T00:00:00-06:00,,1,,false,HISTORICAL_ACTUAL,,,VALID,CURRENT,coolit-synthetic-v2.0.0,ALL_SYNTHETIC_CUSTOMERS,ALL_SYNTHETIC_PROGRAMS,ALL_SYNTHETIC_PRODUCTS,SYNTHETIC_INTERNAL,SNP-COOLIT-20260925-BL,SCN-BASELINE,LABCAP-060-1,2026-H60,COLDPLATE_LOOP,SKILL-CPL-ASSEMBLY,SHIFT-C,12,28800,0,240,28560,QUALIFIED_AVAILABLE
TEN-COOLIT-SYN-001,SITE-COOLIT-SYN-01,ERP,LABOR_CAPACITY,LABCAP-060-2,LABCAP-060-2,RESOLVED,2026-09-25T23:59:59-06:00,2026-09-26T08:00:00-06:00,2026-06-29T00:00:00-06:00,,1,,false,HISTORICAL_ACTUAL,,,VALID,CURRENT,coolit-synthetic-v2.0.0,ALL_SYNTHETIC_CUSTOMERS,ALL_SYNTHETIC_PROGRAMS,ALL_SYNTHETIC_PRODUCTS,SYNTHETIC_INTERNAL,SNP-COOLIT-20260925-BL,SCN-BASELINE,LABCAP-060-2,2026-H60,RACK_MANIFOLD,SKILL-RM-ASSEMBLY,SHIFT-A,8,19200,0,300,18900,QUALIFIED_AVAILABLE
TEN-COOLIT-SYN-001,SITE-COOLIT-SYN-01,ERP,LABOR_CAPACITY,LABCAP-060-3,LABCAP-060-3,RESOLVED,2026-09-25T23:59:59-06:00,2026-09-26T08:00:00-06:00,2026-06-29T00:00:00-06:00,,1,,false,HISTORICAL_ACTUAL,,,VALID,CURRENT,coolit-synthetic-v2.0.0,ALL_SYNTHETIC_CUSTOMERS,ALL_SYNTHETIC_PROGRAMS,ALL_SYNTHETIC_PRODUCTS,SYNTHETIC_INTERNAL,SNP-COOLIT-20260925-BL,SCN-BASELINE,LABCAP-060-3,2026-H60,COOLANT_DISTRIBUTION_UNIT,SKILL-CDU-ASSEMBLY,SHIFT-B,9,21600,0,360,21240,QUALIFIED_AVAILABLE
TEN-COOLIT-SYN-001,SITE-COOLIT-SYN-01,ERP,LABOR_CAPACITY,LABCAP-061-1,LABCAP-061-1,RESOLVED,2026-09-25T23:59:59-06:00,2026-09-26T08:00:00-06:00,2026-06-29T00:00:00-06:00,,1,,false,HISTORICAL_ACTUAL,,,VALID,CURRENT,coolit-synthetic-v2.0.0,ALL_SYNTHETIC_CUSTOMERS,ALL_SYNTHETIC_PROGRAMS,ALL_SYNTHETIC_PRODUCTS,SYNTHETIC_INTERNAL,SNP-COOLIT-20260925-BL,SCN-BASELINE,LABCAP-061-1,2026-H61,COLDPLATE_LOOP,SKILL-CPL-ASSEMBLY,SHIFT-A,8,19200,0,300,18900,QUALIFIED_AVAILABLE
TEN-COOLIT-SYN-001,SITE-COOLIT-SYN-01,ERP,LABOR_CAPACITY,LABCAP-061-2,LABCAP-061-2,RESOLVED,2026-09-25T23:59:59-06:00,2026-09-26T08:00:00-06:00,2026-06-29T00:00:00-06:00,,1,,false,HISTORICAL_ACTUAL,,,VALID,CURRENT,coolit-synthetic-v2.0.0,ALL_SYNTHETIC_CUSTOMERS,ALL_SYNTHETIC_PROGRAMS,ALL_SYNTHETIC_PRODUCTS,SYNTHETIC_INTERNAL,SNP-COOLIT-20260925-BL,SCN-BASELINE,LABCAP-061-2,2026-H61,RACK_MANIFOLD,SKILL-RM-ASSEMBLY,SHIFT-B,9,21600,0,360,21240,QUALIFIED_AVAILABLE
TEN-COOLIT-SYN-001,SITE-COOLIT-SYN-01,ERP,LABOR_CAPACITY,LABCAP-061-3,LABCAP-061-3,RESOLVED,2026-09-25T23:59:59-06:00,2026-09-26T08:00:00-06:00,2026-06-29T00:00:00-06:00,,1,,false,HISTORICAL_ACTUAL,,,VALID,CURRENT,coolit-synthetic-v2.0.0,ALL_SYNTHETIC_CUSTOMERS,ALL_SYNTHETIC_PROGRAMS,ALL_SYNTHETIC_PRODUCTS,SYNTHETIC_INTERNAL,SNP-COOLIT-20260925-BL,SCN-BASELINE,LABCAP-061-3,2026-H61,COOLANT_DISTRIBUTION_UNIT,SKILL-CDU-ASSEMBLY,SHIFT-C,10,24000,0,420,23580,QUALIFIED_AVAILABLE
TEN-COOLIT-SYN-001,SITE-COOLIT-SYN-01,ERP,LABOR_CAPACITY,LABCAP-062-1,LABCAP-062-1,RESOLVED,2026-09-25T23:59:59-06:00,2026-09-26T08:00:00-06:00,2026-06-29T00:00:00-06:00,,1,,false,HISTORICAL_ACTUAL,,,VALID,CURRENT,coolit-synthetic-v2.0.0,ALL_SYNTHETIC_CUSTOMERS,ALL_SYNTHETIC_PROGRAMS,ALL_SYNTHETIC_PRODUCTS,SYNTHETIC_INTERNAL,SNP-COOLIT-20260925-BL,SCN-BASELINE,LABCAP-062-1,2026-H62,COLDPLATE_LOOP,SKILL-CPL-ASSEMBLY,SHIFT-B,9,21600,0,360,21240,QUALIFIED_AVAILABLE
TEN-COOLIT-SYN-001,SITE-COOLIT-SYN-01,ERP,LABOR_CAPACITY,LABCAP-062-2,LABCAP-062-2,RESOLVED,2026-09-25T23:59:59-06:00,2026-09-26T08:00:00-06:00,2026-06-29T00:00:00-06:00,,1,,false,HISTORICAL_ACTUAL,,,VALID,CURRENT,coolit-synthetic-v2.0.0,ALL_SYNTHETIC_CUSTOMERS,ALL_SYNTHETIC_PROGRAMS,ALL_SYNTHETIC_PRODUCTS,SYNTHETIC_INTERNAL,SNP-COOLIT-20260925-BL,SCN-BASELINE,LABCAP-062-2,2026-H62,RACK_MANIFOLD,SKILL-RM-ASSEMBLY,SHIFT-C,10,24000,0,420,23580,QUALIFIED_AVAILABLE
TEN-COOLIT-SYN-001,SITE-COOLIT-SYN-01,ERP,LABOR_CAPACITY,LABCAP-062-3,LABCAP-062-3,RESOLVED,2026-09-25T23:59:59-06:00,2026-09-26T08:00:00-06:00,2026-06-29T00:00:00-06:00,,1,,false,HISTORICAL_ACTUAL,,,VALID,CURRENT,coolit-synthetic-v2.0.0,ALL_SYNTHETIC_CUSTOMERS,ALL_SYNTHETIC_PROGRAMS,ALL_SYNTHETIC_PRODUCTS,SYNTHETIC_INTERNAL,SNP-COOLIT-20260925-BL,SCN-BASELINE,LABCAP-062-3,2026-H62,COOLANT_DISTRIBUTION_UNIT,SKILL-CDU-ASSEMBLY,SHIFT-A,11,26400,0,480,25920,QUALIFIED_AVAILABLE
TEN-COOLIT-SYN-001,SITE-COOLIT-SYN-01,ERP,LABOR_CAPACITY,LABCAP-063-1,LABCAP-063-1,RESOLVED,2026-09-25T23:59:59-06:00,2026-09-26T08:00:00-06:00,2026-06-29T00:00:00-06:00,,1,,false,HISTORICAL_ACTUAL,,,VALID,CURRENT,coolit-synthetic-v2.0.0,ALL_SYNTHETIC_CUSTOMERS,ALL_SYNTHETIC_PROGRAMS,ALL_SYNTHETIC_PRODUCTS,SYNTHETIC_INTERNAL,SNP-COOLIT-20260925-BL,SCN-BASELINE,LABCAP-063-1,2026-H63,COLDPLATE_LOOP,SKILL-CPL-ASSEMBLY,SHIFT-C,10,24000,0,420,23580,QUALIFIED_AVAILABLE
TEN-COOLIT-SYN-001,SITE-COOLIT-SYN-01,ERP,LABOR_CAPACITY,LABCAP-063-2,LABCAP-063-2,RESOLVED,2026-09-25T23:59:59-06:00,2026-09-26T08:00:00-06:00,2026-06-29T00:00:00-06:00,,1,,false,HISTORICAL_ACTUAL,,,VALID,CURRENT,coolit-synthetic-v2.0.0,ALL_SYNTHETIC_CUSTOMERS,ALL_SYNTHETIC_PROGRAMS,ALL_SYNTHETIC_PRODUCTS,SYNTHETIC_INTERNAL,SNP-COOLIT-20260925-BL,SCN-BASELINE,LABCAP-063-2,2026-H63,RACK_MANIFOLD,SKILL-RM-ASSEMBLY,SHIFT-A,11,26400,0,480,25920,QUALIFIED_AVAILABLE
TEN-COOLIT-SYN-001,SITE-COOLIT-SYN-01,ERP,LABOR_CAPACITY,LABCAP-063-3,LABCAP-063-3,RESOLVED,2026-09-25T23:59:59-06:00,2026-09-26T08:00:00-06:00,2026-06-29T00:00:00-06:00,,1,,false,HISTORICAL_ACTUAL,,,VALID,CURRENT,coolit-synthetic-v2.0.0,ALL_SYNTHETIC_CUSTOMERS,ALL_SYNTHETIC_PROGRAMS,ALL_SYNTHETIC_PRODUCTS,SYNTHETIC_INTERNAL,SNP-COOLIT-20260925-BL,SCN-BASELINE,LABCAP-063-3,2026-H63,COOLANT_DISTRIBUTION_UNIT,SKILL-CDU-ASSEMBLY,SHIFT-B,12,28800,0,540,28260,QUALIFIED_AVAILABLE
TEN-COOLIT-SYN-001,SITE-COOLIT-SYN-01,ERP,LABOR_CAPACITY,LABCAP-064-1,LABCAP-064-1,RESOLVED,2026-09-25T23:59:59-06:00,2026-09-26T08:00:00-06:00,2026-06-29T00:00:00-06:00,,1,,false,HISTORICAL_ACTUAL,,,VALID,CURRENT,coolit-synthetic-v2.0.0,ALL_SYNTHETIC_CUSTOMERS,ALL_SYNTHETIC_PROGRAMS,ALL_SYNTHETIC_PRODUCTS,SYNTHETIC_INTERNAL,SNP-COOLIT-20260925-BL,SCN-BASELINE,LABCAP-064-1,2026-H64,COLDPLATE_LOOP,SKILL-CPL-ASSEMBLY,SHIFT-A,11,26400,0,480,25920,QUALIFIED_AVAILABLE
TEN-COOLIT-SYN-001,SITE-COOLIT-SYN-01,ERP,LABOR_CAPACITY,LABCAP-064-2,LABCAP-064-2,RESOLVED,2026-09-25T23:59:59-06:00,2026-09-26T08:00:00-06:00,2026-06-29T00:00:00-06:00,,1,,false,HISTORICAL_ACTUAL,,,VALID,CURRENT,coolit-synthetic-v2.0.0,ALL_SYNTHETIC_CUSTOMERS,ALL_SYNTHETIC_PROGRAMS,ALL_SYNTHETIC_PRODUCTS,SYNTHETIC_INTERNAL,SNP-COOLIT-20260925-BL,SCN-BASELINE,LABCAP-064-2,2026-H64,RACK_MANIFOLD,SKILL-RM-ASSEMBLY,SHIFT-B,12,28800,0,540,28260,QUALIFIED_AVAILABLE
TEN-COOLIT-SYN-001,SITE-COOLIT-SYN-01,ERP,LABOR_CAPACITY,LABCAP-064-3,LABCAP-064-3,RESOLVED,2026-09-25T23:59:59-06:00,2026-09-26T08:00:00-06:00,2026-06-29T00:00:00-06:00,,1,,false,HISTORICAL_ACTUAL,,,VALID,CURRENT,coolit-synthetic-v2.0.0,ALL_SYNTHETIC_CUSTOMERS,ALL_SYNTHETIC_PROGRAMS,ALL_SYNTHETIC_PRODUCTS,SYNTHETIC_INTERNAL,SNP-COOLIT-20260925-BL,SCN-BASELINE,LABCAP-064-3,2026-H64,COOLANT_DISTRIBUTION_UNIT,SKILL-CDU-ASSEMBLY,SHIFT-C,8,19200,0,600,18600,QUALIFIED_AVAILABLE
TEN-COOLIT-SYN-001,SITE-COOLIT-SYN-01,ERP,LABOR_CAPACITY,LABCAP-065-1,LABCAP-065-1,RESOLVED,2026-09-25T23:59:59-06:00,2026-09-26T08:00:00-06:00,2026-06-29T00:00:00-06:00,,1,,false,HISTORICAL_ACTUAL,,,VALID,CURRENT,coolit-synthetic-v2.0.0,ALL_SYNTHETIC_CUSTOMERS,ALL_SYNTHETIC_PROGRAMS,ALL_SYNTHETIC_PRODUCTS,SYNTHETIC_INTERNAL,SNP-COOLIT-20260925-BL,SCN-BASELINE,LABCAP-065-1,2026-H65,COLDPLATE_LOOP,SKILL-CPL-ASSEMBLY,SHIFT-B,12,28800,0,540,28260,QUALIFIED_AVAILABLE
TEN-COOLIT-SYN-001,SITE-COOLIT-SYN-01,ERP,LABOR_CAPACITY,LABCAP-065-2,LABCAP-065-2,RESOLVED,2026-09-25T23:59:59-06:00,2026-09-26T08:00:00-06:00,2026-06-29T00:00:00-06:00,,1,,false,HISTORICAL_ACTUAL,,,VALID,CURRENT,coolit-synthetic-v2.0.0,ALL_SYNTHETIC_CUSTOMERS,ALL_SYNTHETIC_PROGRAMS,ALL_SYNTHETIC_PRODUCTS,SYNTHETIC_INTERNAL,SNP-COOLIT-20260925-BL,SCN-BASELINE,LABCAP-065-2,2026-H65,RACK_MANIFOLD,SKILL-RM-ASSEMBLY,SHIFT-C,8,19200,0,600,18600,QUALIFIED_AVAILABLE
TEN-COOLIT-SYN-001,SITE-COOLIT-SYN-01,ERP,LABOR_CAPACITY,LABCAP-065-3,LABCAP-065-3,RESOLVED,2026-09-25T23:59:59-06:00,2026-09-26T08:00:00-06:00,2026-06-29T00:00:00-06:00,,1,,false,HISTORICAL_ACTUAL,,,VALID,CURRENT,coolit-synthetic-v2.0.0,ALL_SYNTHETIC_CUSTOMERS,ALL_SYNTHETIC_PROGRAMS,ALL_SYNTHETIC_PRODUCTS,SYNTHETIC_INTERNAL,SNP-COOLIT-20260925-BL,SCN-BASELINE,LABCAP-065-3,2026-H65,COOLANT_DISTRIBUTION_UNIT,SKILL-CDU-ASSEMBLY,SHIFT-A,9,21600,0,0,21600,QUALIFIED_AVAILABLE
TEN-COOLIT-SYN-001,SITE-COOLIT-SYN-01,ERP,LABOR_CAPACITY,LABCAP-066-1,LABCAP-066-1,RESOLVED,2026-09-25T23:59:59-06:00,2026-09-26T08:00:00-06:00,2026-06-29T00:00:00-06:00,,1,,false,HISTORICAL_ACTUAL,,,VALID,CURRENT,coolit-synthetic-v2.0.0,ALL_SYNTHETIC_CUSTOMERS,ALL_SYNTHETIC_PROGRAMS,ALL_SYNTHETIC_PRODUCTS,SYNTHETIC_INTERNAL,SNP-COOLIT-20260925-BL,SCN-BASELINE,LABCAP-066-1,2026-H66,COLDPLATE_LOOP,SKILL-CPL-ASSEMBLY,SHIFT-C,8,19200,0,600,18600,QUALIFIED_AVAILABLE
TEN-COOLIT-SYN-001,SITE-COOLIT-SYN-01,ERP,LABOR_CAPACITY,LABCAP-066-2,LABCAP-066-2,RESOLVED,2026-09-25T23:59:59-06:00,2026-09-26T08:00:00-06:00,2026-06-29T00:00:00-06:00,,1,,false,HISTORICAL_ACTUAL,,,VALID,CURRENT,coolit-synthetic-v2.0.0,ALL_SYNTHETIC_CUSTOMERS,ALL_SYNTHETIC_PROGRAMS,ALL_SYNTHETIC_PRODUCTS,SYNTHETIC_INTERNAL,SNP-COOLIT-20260925-BL,SCN-BASELINE,LABCAP-066-2,2026-H66,RACK_MANIFOLD,SKILL-RM-ASSEMBLY,SHIFT-A,9,21600,0,0,21600,QUALIFIED_AVAILABLE
TEN-COOLIT-SYN-001,SITE-COOLIT-SYN-01,ERP,LABOR_CAPACITY,LABCAP-066-3,LABCAP-066-3,RESOLVED,2026-09-25T23:59:59-06:00,2026-09-26T08:00:00-06:00,2026-06-29T00:00:00-06:00,,1,,false,HISTORICAL_ACTUAL,,,VALID,CURRENT,coolit-synthetic-v2.0.0,ALL_SYNTHETIC_CUSTOMERS,ALL_SYNTHETIC_PROGRAMS,ALL_SYNTHETIC_PRODUCTS,SYNTHETIC_INTERNAL,SNP-COOLIT-20260925-BL,SCN-BASELINE,LABCAP-066-3,2026-H66,COOLANT_DISTRIBUTION_UNIT,SKILL-CDU-ASSEMBLY,SHIFT-B,10,24000,0,60,23940,QUALIFIED_AVAILABLE
TEN-COOLIT-SYN-001,SITE-COOLIT-SYN-01,ERP,LABOR_CAPACITY,LABCAP-067-1,LABCAP-067-1,RESOLVED,2026-09-25T23:59:59-06:00,2026-09-26T08:00:00-06:00,2026-06-29T00:00:00-06:00,,1,,false,HISTORICAL_ACTUAL,,,VALID,CURRENT,coolit-synthetic-v2.0.0,ALL_SYNTHETIC_CUSTOMERS,ALL_SYNTHETIC_PROGRAMS,ALL_SYNTHETIC_PRODUCTS,SYNTHETIC_INTERNAL,SNP-COOLIT-20260925-BL,SCN-BASELINE,LABCAP-067-1,2026-H67,COLDPLATE_LOOP,SKILL-CPL-ASSEMBLY,SHIFT-A,9,21600,0,0,21600,QUALIFIED_AVAILABLE
TEN-COOLIT-SYN-001,SITE-COOLIT-SYN-01,ERP,LABOR_CAPACITY,LABCAP-067-2,LABCAP-067-2,RESOLVED,2026-09-25T23:59:59-06:00,2026-09-26T08:00:00-06:00,2026-06-29T00:00:00-06:00,,1,,false,HISTORICAL_ACTUAL,,,VALID,CURRENT,coolit-synthetic-v2.0.0,ALL_SYNTHETIC_CUSTOMERS,ALL_SYNTHETIC_PROGRAMS,ALL_SYNTHETIC_PRODUCTS,SYNTHETIC_INTERNAL,SNP-COOLIT-20260925-BL,SCN-BASELINE,LABCAP-067-2,2026-H67,RACK_MANIFOLD,SKILL-RM-ASSEMBLY,SHIFT-B,10,24000,0,60,23940,QUALIFIED_AVAILABLE
TEN-COOLIT-SYN-001,SITE-COOLIT-SYN-01,ERP,LABOR_CAPACITY,LABCAP-067-3,LABCAP-067-3,RESOLVED,2026-09-25T23:59:59-06:00,2026-09-26T08:00:00-06:00,2026-06-29T00:00:00-06:00,,1,,false,HISTORICAL_ACTUAL,,,VALID,CURRENT,coolit-synthetic-v2.0.0,ALL_SYNTHETIC_CUSTOMERS,ALL_SYNTHETIC_PROGRAMS,ALL_SYNTHETIC_PRODUCTS,SYNTHETIC_INTERNAL,SNP-COOLIT-20260925-BL,SCN-BASELINE,LABCAP-067-3,2026-H67,COOLANT_DISTRIBUTION_UNIT,SKILL-CDU-ASSEMBLY,SHIFT-C,11,26400,0,120,26280,QUALIFIED_AVAILABLE
TEN-COOLIT-SYN-001,SITE-COOLIT-SYN-01,ERP,LABOR_CAPACITY,LABCAP-068-1,LABCAP-068-1,RESOLVED,2026-09-25T23:59:59-06:00,2026-09-26T08:00:00-06:00,2026-06-29T00:00:00-06:00,,1,,false,HISTORICAL_ACTUAL,,,VALID,CURRENT,coolit-synthetic-v2.0.0,ALL_SYNTHETIC_CUSTOMERS,ALL_SYNTHETIC_PROGRAMS,ALL_SYNTHETIC_PRODUCTS,SYNTHETIC_INTERNAL,SNP-COOLIT-20260925-BL,SCN-BASELINE,LABCAP-068-1,2026-H68,COLDPLATE_LOOP,SKILL-CPL-ASSEMBLY,SHIFT-B,10,24000,0,60,23940,QUALIFIED_AVAILABLE
TEN-COOLIT-SYN-001,SITE-COOLIT-SYN-01,ERP,LABOR_CAPACITY,LABCAP-068-2,LABCAP-068-2,RESOLVED,2026-09-25T23:59:59-06:00,2026-09-26T08:00:00-06:00,2026-06-29T00:00:00-06:00,,1,,false,HISTORICAL_ACTUAL,,,VALID,CURRENT,coolit-synthetic-v2.0.0,ALL_SYNTHETIC_CUSTOMERS,ALL_SYNTHETIC_PROGRAMS,ALL_SYNTHETIC_PRODUCTS,SYNTHETIC_INTERNAL,SNP-COOLIT-20260925-BL,SCN-BASELINE,LABCAP-068-2,2026-H68,RACK_MANIFOLD,SKILL-RM-ASSEMBLY,SHIFT-C,11,26400,0,120,26280,QUALIFIED_AVAILABLE
TEN-COOLIT-SYN-001,SITE-COOLIT-SYN-01,ERP,LABOR_CAPACITY,LABCAP-068-3,LABCAP-068-3,RESOLVED,2026-09-25T23:59:59-06:00,2026-09-26T08:00:00-06:00,2026-06-29T00:00:00-06:00,,1,,false,HISTORICAL_ACTUAL,,,VALID,CURRENT,coolit-synthetic-v2.0.0,ALL_SYNTHETIC_CUSTOMERS,ALL_SYNTHETIC_PROGRAMS,ALL_SYNTHETIC_PRODUCTS,SYNTHETIC_INTERNAL,SNP-COOLIT-20260925-BL,SCN-BASELINE,LABCAP-068-3,2026-H68,COOLANT_DISTRIBUTION_UNIT,SKILL-CDU-ASSEMBLY,SHIFT-A,12,28800,0,180,28620,QUALIFIED_AVAILABLE
TEN-COOLIT-SYN-001,SITE-COOLIT-SYN-01,ERP,LABOR_CAPACITY,LABCAP-069-1,LABCAP-069-1,RESOLVED,2026-09-25T23:59:59-06:00,2026-09-26T08:00:00-06:00,2026-06-29T00:00:00-06:00,,1,,false,HISTORICAL_ACTUAL,,,VALID,CURRENT,coolit-synthetic-v2.0.0,ALL_SYNTHETIC_CUSTOMERS,ALL_SYNTHETIC_PROGRAMS,ALL_SYNTHETIC_PRODUCTS,SYNTHETIC_INTERNAL,SNP-COOLIT-20260925-BL,SCN-BASELINE,LABCAP-069-1,2026-H69,COLDPLATE_LOOP,SKILL-CPL-ASSEMBLY,SHIFT-C,11,26400,0,120,26280,QUALIFIED_AVAILABLE
TEN-COOLIT-SYN-001,SITE-COOLIT-SYN-01,ERP,LABOR_CAPACITY,LABCAP-069-2,LABCAP-069-2,RESOLVED,2026-09-25T23:59:59-06:00,2026-09-26T08:00:00-06:00,2026-06-29T00:00:00-06:00,,1,,false,HISTORICAL_ACTUAL,,,VALID,CURRENT,coolit-synthetic-v2.0.0,ALL_SYNTHETIC_CUSTOMERS,ALL_SYNTHETIC_PROGRAMS,ALL_SYNTHETIC_PRODUCTS,SYNTHETIC_INTERNAL,SNP-COOLIT-20260925-BL,SCN-BASELINE,LABCAP-069-2,2026-H69,RACK_MANIFOLD,SKILL-RM-ASSEMBLY,SHIFT-A,12,28800,0,180,28620,QUALIFIED_AVAILABLE
TEN-COOLIT-SYN-001,SITE-COOLIT-SYN-01,ERP,LABOR_CAPACITY,LABCAP-069-3,LABCAP-069-3,RESOLVED,2026-09-25T23:59:59-06:00,2026-09-26T08:00:00-06:00,2026-06-29T00:00:00-06:00,,1,,false,HISTORICAL_ACTUAL,,,VALID,CURRENT,coolit-synthetic-v2.0.0,ALL_SYNTHETIC_CUSTOMERS,ALL_SYNTHETIC_PROGRAMS,ALL_SYNTHETIC_PRODUCTS,SYNTHETIC_INTERNAL,SNP-COOLIT-20260925-BL,SCN-BASELINE,LABCAP-069-3,2026-H69,COOLANT_DISTRIBUTION_UNIT,SKILL-CDU-ASSEMBLY,SHIFT-B,8,19200,0,240,18960,QUALIFIED_AVAILABLE
TEN-COOLIT-SYN-001,SITE-COOLIT-SYN-01,ERP,LABOR_CAPACITY,LABCAP-070-1,LABCAP-070-1,RESOLVED,2026-09-25T23:59:59-06:00,2026-09-26T08:00:00-06:00,2026-06-29T00:00:00-06:00,,1,,false,HISTORICAL_ACTUAL,,,VALID,CURRENT,coolit-synthetic-v2.0.0,ALL_SYNTHETIC_CUSTOMERS,ALL_SYNTHETIC_PROGRAMS,ALL_SYNTHETIC_PRODUCTS,SYNTHETIC_INTERNAL,SNP-COOLIT-20260925-BL,SCN-BASELINE,LABCAP-070-1,2026-H70,COLDPLATE_LOOP,SKILL-CPL-ASSEMBLY,SHIFT-A,12,28800,0,180,28620,QUALIFIED_AVAILABLE
TEN-COOLIT-SYN-001,SITE-COOLIT-SYN-01,ERP,LABOR_CAPACITY,LABCAP-070-2,LABCAP-070-2,RESOLVED,2026-09-25T23:59:59-06:00,2026-09-26T08:00:00-06:00,2026-06-29T00:00:00-06:00,,1,,false,HISTORICAL_ACTUAL,,,VALID,CURRENT,coolit-synthetic-v2.0.0,ALL_SYNTHETIC_CUSTOMERS,ALL_SYNTHETIC_PROGRAMS,ALL_SYNTHETIC_PRODUCTS,SYNTHETIC_INTERNAL,SNP-COOLIT-20260925-BL,SCN-BASELINE,LABCAP-070-2,2026-H70,RACK_MANIFOLD,SKILL-RM-ASSEMBLY,SHIFT-B,8,19200,0,240,18960,QUALIFIED_AVAILABLE
TEN-COOLIT-SYN-001,SITE-COOLIT-SYN-01,ERP,LABOR_CAPACITY,LABCAP-070-3,LABCAP-070-3,RESOLVED,2026-09-25T23:59:59-06:00,2026-09-26T08:00:00-06:00,2026-06-29T00:00:00-06:00,,1,,false,HISTORICAL_ACTUAL,,,VALID,CURRENT,coolit-synthetic-v2.0.0,ALL_SYNTHETIC_CUSTOMERS,ALL_SYNTHETIC_PROGRAMS,ALL_SYNTHETIC_PRODUCTS,SYNTHETIC_INTERNAL,SNP-COOLIT-20260925-BL,SCN-BASELINE,LABCAP-070-3,2026-H70,COOLANT_DISTRIBUTION_UNIT,SKILL-CDU-ASSEMBLY,SHIFT-C,9,21600,0,300,21300,QUALIFIED_AVAILABLE
TEN-COOLIT-SYN-001,SITE-COOLIT-SYN-01,ERP,LABOR_CAPACITY,LABCAP-071-1,LABCAP-071-1,RESOLVED,2026-09-25T23:59:59-06:00,2026-09-26T08:00:00-06:00,2026-06-29T00:00:00-06:00,,1,,false,HISTORICAL_ACTUAL,,,VALID,CURRENT,coolit-synthetic-v2.0.0,ALL_SYNTHETIC_CUSTOMERS,ALL_SYNTHETIC_PROGRAMS,ALL_SYNTHETIC_PRODUCTS,SYNTHETIC_INTERNAL,SNP-COOLIT-20260925-BL,SCN-BASELINE,LABCAP-071-1,2026-H71,COLDPLATE_LOOP,SKILL-CPL-ASSEMBLY,SHIFT-B,8,19200,0,240,18960,QUALIFIED_AVAILABLE
TEN-COOLIT-SYN-001,SITE-COOLIT-SYN-01,ERP,LABOR_CAPACITY,LABCAP-071-2,LABCAP-071-2,RESOLVED,2026-09-25T23:59:59-06:00,2026-09-26T08:00:00-06:00,2026-06-29T00:00:00-06:00,,1,,false,HISTORICAL_ACTUAL,,,VALID,CURRENT,coolit-synthetic-v2.0.0,ALL_SYNTHETIC_CUSTOMERS,ALL_SYNTHETIC_PROGRAMS,ALL_SYNTHETIC_PRODUCTS,SYNTHETIC_INTERNAL,SNP-COOLIT-20260925-BL,SCN-BASELINE,LABCAP-071-2,2026-H71,RACK_MANIFOLD,SKILL-RM-ASSEMBLY,SHIFT-C,9,21600,0,300,21300,QUALIFIED_AVAILABLE
TEN-COOLIT-SYN-001,SITE-COOLIT-SYN-01,ERP,LABOR_CAPACITY,LABCAP-071-3,LABCAP-071-3,RESOLVED,2026-09-25T23:59:59-06:00,2026-09-26T08:00:00-06:00,2026-06-29T00:00:00-06:00,,1,,false,HISTORICAL_ACTUAL,,,VALID,CURRENT,coolit-synthetic-v2.0.0,ALL_SYNTHETIC_CUSTOMERS,ALL_SYNTHETIC_PROGRAMS,ALL_SYNTHETIC_PRODUCTS,SYNTHETIC_INTERNAL,SNP-COOLIT-20260925-BL,SCN-BASELINE,LABCAP-071-3,2026-H71,COOLANT_DISTRIBUTION_UNIT,SKILL-CDU-ASSEMBLY,SHIFT-A,10,24000,0,360,23640,QUALIFIED_AVAILABLE
TEN-COOLIT-SYN-001,SITE-COOLIT-SYN-01,ERP,LABOR_CAPACITY,LABCAP-072-1,LABCAP-072-1,RESOLVED,2026-09-25T23:59:59-06:00,2026-09-26T08:00:00-06:00,2026-06-29T00:00:00-06:00,,1,,false,HISTORICAL_ACTUAL,,,VALID,CURRENT,coolit-synthetic-v2.0.0,ALL_SYNTHETIC_CUSTOMERS,ALL_SYNTHETIC_PROGRAMS,ALL_SYNTHETIC_PRODUCTS,SYNTHETIC_INTERNAL,SNP-COOLIT-20260925-BL,SCN-BASELINE,LABCAP-072-1,2026-H72,COLDPLATE_LOOP,SKILL-CPL-ASSEMBLY,SHIFT-C,9,21600,0,300,21300,QUALIFIED_AVAILABLE
TEN-COOLIT-SYN-001,SITE-COOLIT-SYN-01,ERP,LABOR_CAPACITY,LABCAP-072-2,LABCAP-072-2,RESOLVED,2026-09-25T23:59:59-06:00,2026-09-26T08:00:00-06:00,2026-06-29T00:00:00-06:00,,1,,false,HISTORICAL_ACTUAL,,,VALID,CURRENT,coolit-synthetic-v2.0.0,ALL_SYNTHETIC_CUSTOMERS,ALL_SYNTHETIC_PROGRAMS,ALL_SYNTHETIC_PRODUCTS,SYNTHETIC_INTERNAL,SNP-COOLIT-20260925-BL,SCN-BASELINE,LABCAP-072-2,2026-H72,RACK_MANIFOLD,SKILL-RM-ASSEMBLY,SHIFT-A,10,24000,0,360,23640,QUALIFIED_AVAILABLE
TEN-COOLIT-SYN-001,SITE-COOLIT-SYN-01,ERP,LABOR_CAPACITY,LABCAP-072-3,LABCAP-072-3,RESOLVED,2026-09-25T23:59:59-06:00,2026-09-26T08:00:00-06:00,2026-06-29T00:00:00-06:00,,1,,false,HISTORICAL_ACTUAL,,,VALID,CURRENT,coolit-synthetic-v2.0.0,ALL_SYNTHETIC_CUSTOMERS,ALL_SYNTHETIC_PROGRAMS,ALL_SYNTHETIC_PRODUCTS,SYNTHETIC_INTERNAL,SNP-COOLIT-20260925-BL,SCN-BASELINE,LABCAP-072-3,2026-H72,COOLANT_DISTRIBUTION_UNIT,SKILL-CDU-ASSEMBLY,SHIFT-B,11,26400,0,420,25980,QUALIFIED_AVAILABLE
TEN-COOLIT-SYN-001,SITE-COOLIT-SYN-01,ERP,LABOR_CAPACITY,LABCAP-073-1,LABCAP-073-1,RESOLVED,2026-09-25T23:59:59-06:00,2026-09-26T08:00:00-06:00,2026-06-29T00:00:00-06:00,,1,,false,HISTORICAL_ACTUAL,,,VALID,CURRENT,coolit-synthetic-v2.0.0,ALL_SYNTHETIC_CUSTOMERS,ALL_SYNTHETIC_PROGRAMS,ALL_SYNTHETIC_PRODUCTS,SYNTHETIC_INTERNAL,SNP-COOLIT-20260925-BL,SCN-BASELINE,LABCAP-073-1,2026-H73,COLDPLATE_LOOP,SKILL-CPL-ASSEMBLY,SHIFT-A,10,24000,0,360,23640,QUALIFIED_AVAILABLE
TEN-COOLIT-SYN-001,SITE-COOLIT-SYN-01,ERP,LABOR_CAPACITY,LABCAP-073-2,LABCAP-073-2,RESOLVED,2026-09-25T23:59:59-06:00,2026-09-26T08:00:00-06:00,2026-06-29T00:00:00-06:00,,1,,false,HISTORICAL_ACTUAL,,,VALID,CURRENT,coolit-synthetic-v2.0.0,ALL_SYNTHETIC_CUSTOMERS,ALL_SYNTHETIC_PROGRAMS,ALL_SYNTHETIC_PRODUCTS,SYNTHETIC_INTERNAL,SNP-COOLIT-20260925-BL,SCN-BASELINE,LABCAP-073-2,2026-H73,RACK_MANIFOLD,SKILL-RM-ASSEMBLY,SHIFT-B,11,26400,0,420,25980,QUALIFIED_AVAILABLE
TEN-COOLIT-SYN-001,SITE-COOLIT-SYN-01,ERP,LABOR_CAPACITY,LABCAP-073-3,LABCAP-073-3,RESOLVED,2026-09-25T23:59:59-06:00,2026-09-26T08:00:00-06:00,2026-06-29T00:00:00-06:00,,1,,false,HISTORICAL_ACTUAL,,,VALID,CURRENT,coolit-synthetic-v2.0.0,ALL_SYNTHETIC_CUSTOMERS,ALL_SYNTHETIC_PROGRAMS,ALL_SYNTHETIC_PRODUCTS,SYNTHETIC_INTERNAL,SNP-COOLIT-20260925-BL,SCN-BASELINE,LABCAP-073-3,2026-H73,COOLANT_DISTRIBUTION_UNIT,SKILL-CDU-ASSEMBLY,SHIFT-C,12,28800,0,480,28320,QUALIFIED_AVAILABLE
TEN-COOLIT-SYN-001,SITE-COOLIT-SYN-01,ERP,LABOR_CAPACITY,LABCAP-074-1,LABCAP-074-1,RESOLVED,2026-09-25T23:59:59-06:00,2026-09-26T08:00:00-06:00,2026-06-29T00:00:00-06:00,,1,,false,HISTORICAL_ACTUAL,,,VALID,CURRENT,coolit-synthetic-v2.0.0,ALL_SYNTHETIC_CUSTOMERS,ALL_SYNTHETIC_PROGRAMS,ALL_SYNTHETIC_PRODUCTS,SYNTHETIC_INTERNAL,SNP-COOLIT-20260925-BL,SCN-BASELINE,LABCAP-074-1,2026-H74,COLDPLATE_LOOP,SKILL-CPL-ASSEMBLY,SHIFT-B,11,26400,0,420,25980,QUALIFIED_AVAILABLE
TEN-COOLIT-SYN-001,SITE-COOLIT-SYN-01,ERP,LABOR_CAPACITY,LABCAP-074-2,LABCAP-074-2,RESOLVED,2026-09-25T23:59:59-06:00,2026-09-26T08:00:00-06:00,2026-06-29T00:00:00-06:00,,1,,false,HISTORICAL_ACTUAL,,,VALID,CURRENT,coolit-synthetic-v2.0.0,ALL_SYNTHETIC_CUSTOMERS,ALL_SYNTHETIC_PROGRAMS,ALL_SYNTHETIC_PRODUCTS,SYNTHETIC_INTERNAL,SNP-COOLIT-20260925-BL,SCN-BASELINE,LABCAP-074-2,2026-H74,RACK_MANIFOLD,SKILL-RM-ASSEMBLY,SHIFT-C,12,28800,0,480,28320,QUALIFIED_AVAILABLE
TEN-COOLIT-SYN-001,SITE-COOLIT-SYN-01,ERP,LABOR_CAPACITY,LABCAP-074-3,LABCAP-074-3,RESOLVED,2026-09-25T23:59:59-06:00,2026-09-26T08:00:00-06:00,2026-06-29T00:00:00-06:00,,1,,false,HISTORICAL_ACTUAL,,,VALID,CURRENT,coolit-synthetic-v2.0.0,ALL_SYNTHETIC_CUSTOMERS,ALL_SYNTHETIC_PROGRAMS,ALL_SYNTHETIC_PRODUCTS,SYNTHETIC_INTERNAL,SNP-COOLIT-20260925-BL,SCN-BASELINE,LABCAP-074-3,2026-H74,COOLANT_DISTRIBUTION_UNIT,SKILL-CDU-ASSEMBLY,SHIFT-A,8,19200,0,540,18660,QUALIFIED_AVAILABLE
TEN-COOLIT-SYN-001,SITE-COOLIT-SYN-01,ERP,LABOR_CAPACITY,LABCAP-075-1,LABCAP-075-1,RESOLVED,2026-09-25T23:59:59-06:00,2026-09-26T08:00:00-06:00,2026-06-29T00:00:00-06:00,,1,,false,HISTORICAL_ACTUAL,,,VALID,CURRENT,coolit-synthetic-v2.0.0,ALL_SYNTHETIC_CUSTOMERS,ALL_SYNTHETIC_PROGRAMS,ALL_SYNTHETIC_PRODUCTS,SYNTHETIC_INTERNAL,SNP-COOLIT-20260925-BL,SCN-BASELINE,LABCAP-075-1,2026-H75,COLDPLATE_LOOP,SKILL-CPL-ASSEMBLY,SHIFT-C,12,28800,0,480,28320,QUALIFIED_AVAILABLE
TEN-COOLIT-SYN-001,SITE-COOLIT-SYN-01,ERP,LABOR_CAPACITY,LABCAP-075-2,LABCAP-075-2,RESOLVED,2026-09-25T23:59:59-06:00,2026-09-26T08:00:00-06:00,2026-06-29T00:00:00-06:00,,1,,false,HISTORICAL_ACTUAL,,,VALID,CURRENT,coolit-synthetic-v2.0.0,ALL_SYNTHETIC_CUSTOMERS,ALL_SYNTHETIC_PROGRAMS,ALL_SYNTHETIC_PRODUCTS,SYNTHETIC_INTERNAL,SNP-COOLIT-20260925-BL,SCN-BASELINE,LABCAP-075-2,2026-H75,RACK_MANIFOLD,SKILL-RM-ASSEMBLY,SHIFT-A,8,19200,0,540,18660,QUALIFIED_AVAILABLE
TEN-COOLIT-SYN-001,SITE-COOLIT-SYN-01,ERP,LABOR_CAPACITY,LABCAP-075-3,LABCAP-075-3,RESOLVED,2026-09-25T23:59:59-06:00,2026-09-26T08:00:00-06:00,2026-06-29T00:00:00-06:00,,1,,false,HISTORICAL_ACTUAL,,,VALID,CURRENT,coolit-synthetic-v2.0.0,ALL_SYNTHETIC_CUSTOMERS,ALL_SYNTHETIC_PROGRAMS,ALL_SYNTHETIC_PRODUCTS,SYNTHETIC_INTERNAL,SNP-COOLIT-20260925-BL,SCN-BASELINE,LABCAP-075-3,2026-H75,COOLANT_DISTRIBUTION_UNIT,SKILL-CDU-ASSEMBLY,SHIFT-B,9,21600,0,600,21000,QUALIFIED_AVAILABLE
TEN-COOLIT-SYN-001,SITE-COOLIT-SYN-01,ERP,LABOR_CAPACITY,LABCAP-076-1,LABCAP-076-1,RESOLVED,2026-09-25T23:59:59-06:00,2026-09-26T08:00:00-06:00,2026-06-29T00:00:00-06:00,,1,,false,HISTORICAL_ACTUAL,,,VALID,CURRENT,coolit-synthetic-v2.0.0,ALL_SYNTHETIC_CUSTOMERS,ALL_SYNTHETIC_PROGRAMS,ALL_SYNTHETIC_PRODUCTS,SYNTHETIC_INTERNAL,SNP-COOLIT-20260925-BL,SCN-BASELINE,LABCAP-076-1,2026-H76,COLDPLATE_LOOP,SKILL-CPL-ASSEMBLY,SHIFT-A,8,19200,0,540,18660,QUALIFIED_AVAILABLE
TEN-COOLIT-SYN-001,SITE-COOLIT-SYN-01,ERP,LABOR_CAPACITY,LABCAP-076-2,LABCAP-076-2,RESOLVED,2026-09-25T23:59:59-06:00,2026-09-26T08:00:00-06:00,2026-06-29T00:00:00-06:00,,1,,false,HISTORICAL_ACTUAL,,,VALID,CURRENT,coolit-synthetic-v2.0.0,ALL_SYNTHETIC_CUSTOMERS,ALL_SYNTHETIC_PROGRAMS,ALL_SYNTHETIC_PRODUCTS,SYNTHETIC_INTERNAL,SNP-COOLIT-20260925-BL,SCN-BASELINE,LABCAP-076-2,2026-H76,RACK_MANIFOLD,SKILL-RM-ASSEMBLY,SHIFT-B,9,21600,0,600,21000,QUALIFIED_AVAILABLE
TEN-COOLIT-SYN-001,SITE-COOLIT-SYN-01,ERP,LABOR_CAPACITY,LABCAP-076-3,LABCAP-076-3,RESOLVED,2026-09-25T23:59:59-06:00,2026-09-26T08:00:00-06:00,2026-06-29T00:00:00-06:00,,1,,false,HISTORICAL_ACTUAL,,,VALID,CURRENT,coolit-synthetic-v2.0.0,ALL_SYNTHETIC_CUSTOMERS,ALL_SYNTHETIC_PROGRAMS,ALL_SYNTHETIC_PRODUCTS,SYNTHETIC_INTERNAL,SNP-COOLIT-20260925-BL,SCN-BASELINE,LABCAP-076-3,2026-H76,COOLANT_DISTRIBUTION_UNIT,SKILL-CDU-ASSEMBLY,SHIFT-C,10,24000,0,0,24000,QUALIFIED_AVAILABLE
TEN-COOLIT-SYN-001,SITE-COOLIT-SYN-01,ERP,LABOR_CAPACITY,LABCAP-077-1,LABCAP-077-1,RESOLVED,2026-09-25T23:59:59-06:00,2026-09-26T08:00:00-06:00,2026-06-29T00:00:00-06:00,,1,,false,HISTORICAL_ACTUAL,,,VALID,CURRENT,coolit-synthetic-v2.0.0,ALL_SYNTHETIC_CUSTOMERS,ALL_SYNTHETIC_PROGRAMS,ALL_SYNTHETIC_PRODUCTS,SYNTHETIC_INTERNAL,SNP-COOLIT-20260925-BL,SCN-BASELINE,LABCAP-077-1,2026-H77,COLDPLATE_LOOP,SKILL-CPL-ASSEMBLY,SHIFT-B,9,21600,0,600,21000,QUALIFIED_AVAILABLE
TEN-COOLIT-SYN-001,SITE-COOLIT-SYN-01,ERP,LABOR_CAPACITY,LABCAP-077-2,LABCAP-077-2,RESOLVED,2026-09-25T23:59:59-06:00,2026-09-26T08:00:00-06:00,2026-06-29T00:00:00-06:00,,1,,false,HISTORICAL_ACTUAL,,,VALID,CURRENT,coolit-synthetic-v2.0.0,ALL_SYNTHETIC_CUSTOMERS,ALL_SYNTHETIC_PROGRAMS,ALL_SYNTHETIC_PRODUCTS,SYNTHETIC_INTERNAL,SNP-COOLIT-20260925-BL,SCN-BASELINE,LABCAP-077-2,2026-H77,RACK_MANIFOLD,SKILL-RM-ASSEMBLY,SHIFT-C,10,24000,0,0,24000,QUALIFIED_AVAILABLE
TEN-COOLIT-SYN-001,SITE-COOLIT-SYN-01,ERP,LABOR_CAPACITY,LABCAP-077-3,LABCAP-077-3,RESOLVED,2026-09-25T23:59:59-06:00,2026-09-26T08:00:00-06:00,2026-06-29T00:00:00-06:00,,1,,false,HISTORICAL_ACTUAL,,,VALID,CURRENT,coolit-synthetic-v2.0.0,ALL_SYNTHETIC_CUSTOMERS,ALL_SYNTHETIC_PROGRAMS,ALL_SYNTHETIC_PRODUCTS,SYNTHETIC_INTERNAL,SNP-COOLIT-20260925-BL,SCN-BASELINE,LABCAP-077-3,2026-H77,COOLANT_DISTRIBUTION_UNIT,SKILL-CDU-ASSEMBLY,SHIFT-A,11,26400,0,60,26340,QUALIFIED_AVAILABLE
TEN-COOLIT-SYN-001,SITE-COOLIT-SYN-01,ERP,LABOR_CAPACITY,LABCAP-078-1,LABCAP-078-1,RESOLVED,2026-09-25T23:59:59-06:00,2026-09-26T08:00:00-06:00,2026-06-29T00:00:00-06:00,,1,,false,HISTORICAL_ACTUAL,,,VALID,CURRENT,coolit-synthetic-v2.0.0,ALL_SYNTHETIC_CUSTOMERS,ALL_SYNTHETIC_PROGRAMS,ALL_SYNTHETIC_PRODUCTS,SYNTHETIC_INTERNAL,SNP-COOLIT-20260925-BL,SCN-BASELINE,LABCAP-078-1,2026-H78,COLDPLATE_LOOP,SKILL-CPL-ASSEMBLY,SHIFT-C,10,24000,0,0,24000,QUALIFIED_AVAILABLE
TEN-COOLIT-SYN-001,SITE-COOLIT-SYN-01,ERP,LABOR_CAPACITY,LABCAP-078-2,LABCAP-078-2,RESOLVED,2026-09-25T23:59:59-06:00,2026-09-26T08:00:00-06:00,2026-06-29T00:00:00-06:00,,1,,false,HISTORICAL_ACTUAL,,,VALID,CURRENT,coolit-synthetic-v2.0.0,ALL_SYNTHETIC_CUSTOMERS,ALL_SYNTHETIC_PROGRAMS,ALL_SYNTHETIC_PRODUCTS,SYNTHETIC_INTERNAL,SNP-COOLIT-20260925-BL,SCN-BASELINE,LABCAP-078-2,2026-H78,RACK_MANIFOLD,SKILL-RM-ASSEMBLY,SHIFT-A,11,26400,0,60,26340,QUALIFIED_AVAILABLE
TEN-COOLIT-SYN-001,SITE-COOLIT-SYN-01,ERP,LABOR_CAPACITY,LABCAP-078-3,LABCAP-078-3,RESOLVED,2026-09-25T23:59:59-06:00,2026-09-26T08:00:00-06:00,2026-06-29T00:00:00-06:00,,1,,false,HISTORICAL_ACTUAL,,,VALID,CURRENT,coolit-synthetic-v2.0.0,ALL_SYNTHETIC_CUSTOMERS,ALL_SYNTHETIC_PROGRAMS,ALL_SYNTHETIC_PRODUCTS,SYNTHETIC_INTERNAL,SNP-COOLIT-20260925-BL,SCN-BASELINE,LABCAP-078-3,2026-H78,COOLANT_DISTRIBUTION_UNIT,SKILL-CDU-ASSEMBLY,SHIFT-B,12,28800,0,120,28680,QUALIFIED_AVAILABLE
TEN-COOLIT-SYN-001,SITE-COOLIT-SYN-01,ERP,LABOR_CAPACITY,LABCAP-079-1,LABCAP-079-1,RESOLVED,2026-09-25T23:59:59-06:00,2026-09-26T08:00:00-06:00,2026-06-29T00:00:00-06:00,,1,,false,HISTORICAL_ACTUAL,,,VALID,CURRENT,coolit-synthetic-v2.0.0,ALL_SYNTHETIC_CUSTOMERS,ALL_SYNTHETIC_PROGRAMS,ALL_SYNTHETIC_PRODUCTS,SYNTHETIC_INTERNAL,SNP-COOLIT-20260925-BL,SCN-BASELINE,LABCAP-079-1,2026-H79,COLDPLATE_LOOP,SKILL-CPL-ASSEMBLY,SHIFT-A,11,26400,0,60,26340,QUALIFIED_AVAILABLE
TEN-COOLIT-SYN-001,SITE-COOLIT-SYN-01,ERP,LABOR_CAPACITY,LABCAP-079-2,LABCAP-079-2,RESOLVED,2026-09-25T23:59:59-06:00,2026-09-26T08:00:00-06:00,2026-06-29T00:00:00-06:00,,1,,false,HISTORICAL_ACTUAL,,,VALID,CURRENT,coolit-synthetic-v2.0.0,ALL_SYNTHETIC_CUSTOMERS,ALL_SYNTHETIC_PROGRAMS,ALL_SYNTHETIC_PRODUCTS,SYNTHETIC_INTERNAL,SNP-COOLIT-20260925-BL,SCN-BASELINE,LABCAP-079-2,2026-H79,RACK_MANIFOLD,SKILL-RM-ASSEMBLY,SHIFT-B,12,28800,0,120,28680,QUALIFIED_AVAILABLE
TEN-COOLIT-SYN-001,SITE-COOLIT-SYN-01,ERP,LABOR_CAPACITY,LABCAP-079-3,LABCAP-079-3,RESOLVED,2026-09-25T23:59:59-06:00,2026-09-26T08:00:00-06:00,2026-06-29T00:00:00-06:00,,1,,false,HISTORICAL_ACTUAL,,,VALID,CURRENT,coolit-synthetic-v2.0.0,ALL_SYNTHETIC_CUSTOMERS,ALL_SYNTHETIC_PROGRAMS,ALL_SYNTHETIC_PRODUCTS,SYNTHETIC_INTERNAL,SNP-COOLIT-20260925-BL,SCN-BASELINE,LABCAP-079-3,2026-H79,COOLANT_DISTRIBUTION_UNIT,SKILL-CDU-ASSEMBLY,SHIFT-C,8,19200,0,180,19020,QUALIFIED_AVAILABLE
TEN-COOLIT-SYN-001,SITE-COOLIT-SYN-01,ERP,LABOR_CAPACITY,LABCAP-080-1,LABCAP-080-1,RESOLVED,2026-09-25T23:59:59-06:00,2026-09-26T08:00:00-06:00,2026-06-29T00:00:00-06:00,,1,,false,HISTORICAL_ACTUAL,,,VALID,CURRENT,coolit-synthetic-v2.0.0,ALL_SYNTHETIC_CUSTOMERS,ALL_SYNTHETIC_PROGRAMS,ALL_SYNTHETIC_PRODUCTS,SYNTHETIC_INTERNAL,SNP-COOLIT-20260925-BL,SCN-BASELINE,LABCAP-080-1,2026-H80,COLDPLATE_LOOP,SKILL-CPL-ASSEMBLY,SHIFT-B,12,28800,0,120,28680,QUALIFIED_AVAILABLE
TEN-COOLIT-SYN-001,SITE-COOLIT-SYN-01,ERP,LABOR_CAPACITY,LABCAP-080-2,LABCAP-080-2,RESOLVED,2026-09-25T23:59:59-06:00,2026-09-26T08:00:00-06:00,2026-06-29T00:00:00-06:00,,1,,false,HISTORICAL_ACTUAL,,,VALID,CURRENT,coolit-synthetic-v2.0.0,ALL_SYNTHETIC_CUSTOMERS,ALL_SYNTHETIC_PROGRAMS,ALL_SYNTHETIC_PRODUCTS,SYNTHETIC_INTERNAL,SNP-COOLIT-20260925-BL,SCN-BASELINE,LABCAP-080-2,2026-H80,RACK_MANIFOLD,SKILL-RM-ASSEMBLY,SHIFT-C,8,19200,0,180,19020,QUALIFIED_AVAILABLE
TEN-COOLIT-SYN-001,SITE-COOLIT-SYN-01,ERP,LABOR_CAPACITY,LABCAP-080-3,LABCAP-080-3,RESOLVED,2026-09-25T23:59:59-06:00,2026-09-26T08:00:00-06:00,2026-06-29T00:00:00-06:00,,1,,false,HISTORICAL_ACTUAL,,,VALID,CURRENT,coolit-synthetic-v2.0.0,ALL_SYNTHETIC_CUSTOMERS,ALL_SYNTHETIC_PROGRAMS,ALL_SYNTHETIC_PRODUCTS,SYNTHETIC_INTERNAL,SNP-COOLIT-20260925-BL,SCN-BASELINE,LABCAP-080-3,2026-H80,COOLANT_DISTRIBUTION_UNIT,SKILL-CDU-ASSEMBLY,SHIFT-A,9,21600,0,240,21360,QUALIFIED_AVAILABLE
TEN-COOLIT-SYN-001,SITE-COOLIT-SYN-01,ERP,LABOR_CAPACITY,LABCAP-081-1,LABCAP-081-1,RESOLVED,2026-09-25T23:59:59-06:00,2026-09-26T08:00:00-06:00,2026-06-29T00:00:00-06:00,,1,,false,HISTORICAL_ACTUAL,,,VALID,CURRENT,coolit-synthetic-v2.0.0,ALL_SYNTHETIC_CUSTOMERS,ALL_SYNTHETIC_PROGRAMS,ALL_SYNTHETIC_PRODUCTS,SYNTHETIC_INTERNAL,SNP-COOLIT-20260925-BL,SCN-BASELINE,LABCAP-081-1,2026-H81,COLDPLATE_LOOP,SKILL-CPL-ASSEMBLY,SHIFT-C,8,19200,0,180,19020,QUALIFIED_AVAILABLE
TEN-COOLIT-SYN-001,SITE-COOLIT-SYN-01,ERP,LABOR_CAPACITY,LABCAP-081-2,LABCAP-081-2,RESOLVED,2026-09-25T23:59:59-06:00,2026-09-26T08:00:00-06:00,2026-06-29T00:00:00-06:00,,1,,false,HISTORICAL_ACTUAL,,,VALID,CURRENT,coolit-synthetic-v2.0.0,ALL_SYNTHETIC_CUSTOMERS,ALL_SYNTHETIC_PROGRAMS,ALL_SYNTHETIC_PRODUCTS,SYNTHETIC_INTERNAL,SNP-COOLIT-20260925-BL,SCN-BASELINE,LABCAP-081-2,2026-H81,RACK_MANIFOLD,SKILL-RM-ASSEMBLY,SHIFT-A,9,21600,0,240,21360,QUALIFIED_AVAILABLE
TEN-COOLIT-SYN-001,SITE-COOLIT-SYN-01,ERP,LABOR_CAPACITY,LABCAP-081-3,LABCAP-081-3,RESOLVED,2026-09-25T23:59:59-06:00,2026-09-26T08:00:00-06:00,2026-06-29T00:00:00-06:00,,1,,false,HISTORICAL_ACTUAL,,,VALID,CURRENT,coolit-synthetic-v2.0.0,ALL_SYNTHETIC_CUSTOMERS,ALL_SYNTHETIC_PROGRAMS,ALL_SYNTHETIC_PRODUCTS,SYNTHETIC_INTERNAL,SNP-COOLIT-20260925-BL,SCN-BASELINE,LABCAP-081-3,2026-H81,COOLANT_DISTRIBUTION_UNIT,SKILL-CDU-ASSEMBLY,SHIFT-B,10,24000,0,300,23700,QUALIFIED_AVAILABLE
TEN-COOLIT-SYN-001,SITE-COOLIT-SYN-01,ERP,LABOR_CAPACITY,LABCAP-082-1,LABCAP-082-1,RESOLVED,2026-09-25T23:59:59-06:00,2026-09-26T08:00:00-06:00,2026-06-29T00:00:00-06:00,,1,,false,HISTORICAL_ACTUAL,,,VALID,CURRENT,coolit-synthetic-v2.0.0,ALL_SYNTHETIC_CUSTOMERS,ALL_SYNTHETIC_PROGRAMS,ALL_SYNTHETIC_PRODUCTS,SYNTHETIC_INTERNAL,SNP-COOLIT-20260925-BL,SCN-BASELINE,LABCAP-082-1,2026-H82,COLDPLATE_LOOP,SKILL-CPL-ASSEMBLY,SHIFT-A,9,21600,0,240,21360,QUALIFIED_AVAILABLE
TEN-COOLIT-SYN-001,SITE-COOLIT-SYN-01,ERP,LABOR_CAPACITY,LABCAP-082-2,LABCAP-082-2,RESOLVED,2026-09-25T23:59:59-06:00,2026-09-26T08:00:00-06:00,2026-06-29T00:00:00-06:00,,1,,false,HISTORICAL_ACTUAL,,,VALID,CURRENT,coolit-synthetic-v2.0.0,ALL_SYNTHETIC_CUSTOMERS,ALL_SYNTHETIC_PROGRAMS,ALL_SYNTHETIC_PRODUCTS,SYNTHETIC_INTERNAL,SNP-COOLIT-20260925-BL,SCN-BASELINE,LABCAP-082-2,2026-H82,RACK_MANIFOLD,SKILL-RM-ASSEMBLY,SHIFT-B,10,24000,0,300,23700,QUALIFIED_AVAILABLE
TEN-COOLIT-SYN-001,SITE-COOLIT-SYN-01,ERP,LABOR_CAPACITY,LABCAP-082-3,LABCAP-082-3,RESOLVED,2026-09-25T23:59:59-06:00,2026-09-26T08:00:00-06:00,2026-06-29T00:00:00-06:00,,1,,false,HISTORICAL_ACTUAL,,,VALID,CURRENT,coolit-synthetic-v2.0.0,ALL_SYNTHETIC_CUSTOMERS,ALL_SYNTHETIC_PROGRAMS,ALL_SYNTHETIC_PRODUCTS,SYNTHETIC_INTERNAL,SNP-COOLIT-20260925-BL,SCN-BASELINE,LABCAP-082-3,2026-H82,COOLANT_DISTRIBUTION_UNIT,SKILL-CDU-ASSEMBLY,SHIFT-C,11,26400,0,360,26040,QUALIFIED_AVAILABLE
TEN-COOLIT-SYN-001,SITE-COOLIT-SYN-01,ERP,LABOR_CAPACITY,LABCAP-083-1,LABCAP-083-1,RESOLVED,2026-09-25T23:59:59-06:00,2026-09-26T08:00:00-06:00,2026-06-29T00:00:00-06:00,,1,,false,HISTORICAL_ACTUAL,,,VALID,CURRENT,coolit-synthetic-v2.0.0,ALL_SYNTHETIC_CUSTOMERS,ALL_SYNTHETIC_PROGRAMS,ALL_SYNTHETIC_PRODUCTS,SYNTHETIC_INTERNAL,SNP-COOLIT-20260925-BL,SCN-BASELINE,LABCAP-083-1,2026-H83,COLDPLATE_LOOP,SKILL-CPL-ASSEMBLY,SHIFT-B,10,24000,0,300,23700,QUALIFIED_AVAILABLE
TEN-COOLIT-SYN-001,SITE-COOLIT-SYN-01,ERP,LABOR_CAPACITY,LABCAP-083-2,LABCAP-083-2,RESOLVED,2026-09-25T23:59:59-06:00,2026-09-26T08:00:00-06:00,2026-06-29T00:00:00-06:00,,1,,false,HISTORICAL_ACTUAL,,,VALID,CURRENT,coolit-synthetic-v2.0.0,ALL_SYNTHETIC_CUSTOMERS,ALL_SYNTHETIC_PROGRAMS,ALL_SYNTHETIC_PRODUCTS,SYNTHETIC_INTERNAL,SNP-COOLIT-20260925-BL,SCN-BASELINE,LABCAP-083-2,2026-H83,RACK_MANIFOLD,SKILL-RM-ASSEMBLY,SHIFT-C,11,26400,0,360,26040,QUALIFIED_AVAILABLE
TEN-COOLIT-SYN-001,SITE-COOLIT-SYN-01,ERP,LABOR_CAPACITY,LABCAP-083-3,LABCAP-083-3,RESOLVED,2026-09-25T23:59:59-06:00,2026-09-26T08:00:00-06:00,2026-06-29T00:00:00-06:00,,1,,false,HISTORICAL_ACTUAL,,,VALID,CURRENT,coolit-synthetic-v2.0.0,ALL_SYNTHETIC_CUSTOMERS,ALL_SYNTHETIC_PROGRAMS,ALL_SYNTHETIC_PRODUCTS,SYNTHETIC_INTERNAL,SNP-COOLIT-20260925-BL,SCN-BASELINE,LABCAP-083-3,2026-H83,COOLANT_DISTRIBUTION_UNIT,SKILL-CDU-ASSEMBLY,SHIFT-A,12,28800,0,420,28380,QUALIFIED_AVAILABLE
TEN-COOLIT-SYN-001,SITE-COOLIT-SYN-01,ERP,LABOR_CAPACITY,LABCAP-084-1,LABCAP-084-1,RESOLVED,2026-09-25T23:59:59-06:00,2026-09-26T08:00:00-06:00,2026-06-29T00:00:00-06:00,,1,,false,HISTORICAL_ACTUAL,,,VALID,CURRENT,coolit-synthetic-v2.0.0,ALL_SYNTHETIC_CUSTOMERS,ALL_SYNTHETIC_PROGRAMS,ALL_SYNTHETIC_PRODUCTS,SYNTHETIC_INTERNAL,SNP-COOLIT-20260925-BL,SCN-BASELINE,LABCAP-084-1,2026-H84,COLDPLATE_LOOP,SKILL-CPL-ASSEMBLY,SHIFT-C,11,26400,0,360,26040,QUALIFIED_AVAILABLE
TEN-COOLIT-SYN-001,SITE-COOLIT-SYN-01,ERP,LABOR_CAPACITY,LABCAP-084-2,LABCAP-084-2,RESOLVED,2026-09-25T23:59:59-06:00,2026-09-26T08:00:00-06:00,2026-06-29T00:00:00-06:00,,1,,false,HISTORICAL_ACTUAL,,,VALID,CURRENT,coolit-synthetic-v2.0.0,ALL_SYNTHETIC_CUSTOMERS,ALL_SYNTHETIC_PROGRAMS,ALL_SYNTHETIC_PRODUCTS,SYNTHETIC_INTERNAL,SNP-COOLIT-20260925-BL,SCN-BASELINE,LABCAP-084-2,2026-H84,RACK_MANIFOLD,SKILL-RM-ASSEMBLY,SHIFT-A,12,28800,0,420,28380,QUALIFIED_AVAILABLE
TEN-COOLIT-SYN-001,SITE-COOLIT-SYN-01,ERP,LABOR_CAPACITY,LABCAP-084-3,LABCAP-084-3,RESOLVED,2026-09-25T23:59:59-06:00,2026-09-26T08:00:00-06:00,2026-06-29T00:00:00-06:00,,1,,false,HISTORICAL_ACTUAL,,,VALID,CURRENT,coolit-synthetic-v2.0.0,ALL_SYNTHETIC_CUSTOMERS,ALL_SYNTHETIC_PROGRAMS,ALL_SYNTHETIC_PRODUCTS,SYNTHETIC_INTERNAL,SNP-COOLIT-20260925-BL,SCN-BASELINE,LABCAP-084-3,2026-H84,COOLANT_DISTRIBUTION_UNIT,SKILL-CDU-ASSEMBLY,SHIFT-B,8,19200,0,480,18720,QUALIFIED_AVAILABLE
TEN-COOLIT-SYN-001,SITE-COOLIT-SYN-01,ERP,LABOR_CAPACITY,LABCAP-085-1,LABCAP-085-1,RESOLVED,2026-09-25T23:59:59-06:00,2026-09-26T08:00:00-06:00,2026-06-29T00:00:00-06:00,,1,,false,HISTORICAL_ACTUAL,,,VALID,CURRENT,coolit-synthetic-v2.0.0,ALL_SYNTHETIC_CUSTOMERS,ALL_SYNTHETIC_PROGRAMS,ALL_SYNTHETIC_PRODUCTS,SYNTHETIC_INTERNAL,SNP-COOLIT-20260925-BL,SCN-BASELINE,LABCAP-085-1,2026-H85,COLDPLATE_LOOP,SKILL-CPL-ASSEMBLY,SHIFT-A,12,28800,0,420,28380,QUALIFIED_AVAILABLE
TEN-COOLIT-SYN-001,SITE-COOLIT-SYN-01,ERP,LABOR_CAPACITY,LABCAP-085-2,LABCAP-085-2,RESOLVED,2026-09-25T23:59:59-06:00,2026-09-26T08:00:00-06:00,2026-06-29T00:00:00-06:00,,1,,false,HISTORICAL_ACTUAL,,,VALID,CURRENT,coolit-synthetic-v2.0.0,ALL_SYNTHETIC_CUSTOMERS,ALL_SYNTHETIC_PROGRAMS,ALL_SYNTHETIC_PRODUCTS,SYNTHETIC_INTERNAL,SNP-COOLIT-20260925-BL,SCN-BASELINE,LABCAP-085-2,2026-H85,RACK_MANIFOLD,SKILL-RM-ASSEMBLY,SHIFT-B,8,19200,0,480,18720,QUALIFIED_AVAILABLE
TEN-COOLIT-SYN-001,SITE-COOLIT-SYN-01,ERP,LABOR_CAPACITY,LABCAP-085-3,LABCAP-085-3,RESOLVED,2026-09-25T23:59:59-06:00,2026-09-26T08:00:00-06:00,2026-06-29T00:00:00-06:00,,1,,false,HISTORICAL_ACTUAL,,,VALID,CURRENT,coolit-synthetic-v2.0.0,ALL_SYNTHETIC_CUSTOMERS,ALL_SYNTHETIC_PROGRAMS,ALL_SYNTHETIC_PRODUCTS,SYNTHETIC_INTERNAL,SNP-COOLIT-20260925-BL,SCN-BASELINE,LABCAP-085-3,2026-H85,COOLANT_DISTRIBUTION_UNIT,SKILL-CDU-ASSEMBLY,SHIFT-C,9,21600,0,540,21060,QUALIFIED_AVAILABLE
TEN-COOLIT-SYN-001,SITE-COOLIT-SYN-01,ERP,LABOR_CAPACITY,LABCAP-086-1,LABCAP-086-1,RESOLVED,2026-09-25T23:59:59-06:00,2026-09-26T08:00:00-06:00,2026-06-29T00:00:00-06:00,,1,,false,HISTORICAL_ACTUAL,,,VALID,CURRENT,coolit-synthetic-v2.0.0,ALL_SYNTHETIC_CUSTOMERS,ALL_SYNTHETIC_PROGRAMS,ALL_SYNTHETIC_PRODUCTS,SYNTHETIC_INTERNAL,SNP-COOLIT-20260925-BL,SCN-BASELINE,LABCAP-086-1,2026-H86,COLDPLATE_LOOP,SKILL-CPL-ASSEMBLY,SHIFT-B,8,19200,0,480,18720,QUALIFIED_AVAILABLE
TEN-COOLIT-SYN-001,SITE-COOLIT-SYN-01,ERP,LABOR_CAPACITY,LABCAP-086-2,LABCAP-086-2,RESOLVED,2026-09-25T23:59:59-06:00,2026-09-26T08:00:00-06:00,2026-06-29T00:00:00-06:00,,1,,false,HISTORICAL_ACTUAL,,,VALID,CURRENT,coolit-synthetic-v2.0.0,ALL_SYNTHETIC_CUSTOMERS,ALL_SYNTHETIC_PROGRAMS,ALL_SYNTHETIC_PRODUCTS,SYNTHETIC_INTERNAL,SNP-COOLIT-20260925-BL,SCN-BASELINE,LABCAP-086-2,2026-H86,RACK_MANIFOLD,SKILL-RM-ASSEMBLY,SHIFT-C,9,21600,0,540,21060,QUALIFIED_AVAILABLE
TEN-COOLIT-SYN-001,SITE-COOLIT-SYN-01,ERP,LABOR_CAPACITY,LABCAP-086-3,LABCAP-086-3,RESOLVED,2026-09-25T23:59:59-06:00,2026-09-26T08:00:00-06:00,2026-06-29T00:00:00-06:00,,1,,false,HISTORICAL_ACTUAL,,,VALID,CURRENT,coolit-synthetic-v2.0.0,ALL_SYNTHETIC_CUSTOMERS,ALL_SYNTHETIC_PROGRAMS,ALL_SYNTHETIC_PRODUCTS,SYNTHETIC_INTERNAL,SNP-COOLIT-20260925-BL,SCN-BASELINE,LABCAP-086-3,2026-H86,COOLANT_DISTRIBUTION_UNIT,SKILL-CDU-ASSEMBLY,SHIFT-A,10,24000,0,600,23400,QUALIFIED_AVAILABLE
TEN-COOLIT-SYN-001,SITE-COOLIT-SYN-01,ERP,LABOR_CAPACITY,LABCAP-087-1,LABCAP-087-1,RESOLVED,2026-09-25T23:59:59-06:00,2026-09-26T08:00:00-06:00,2026-06-29T00:00:00-06:00,,1,,false,HISTORICAL_ACTUAL,,,VALID,CURRENT,coolit-synthetic-v2.0.0,ALL_SYNTHETIC_CUSTOMERS,ALL_SYNTHETIC_PROGRAMS,ALL_SYNTHETIC_PRODUCTS,SYNTHETIC_INTERNAL,SNP-COOLIT-20260925-BL,SCN-BASELINE,LABCAP-087-1,2026-H87,COLDPLATE_LOOP,SKILL-CPL-ASSEMBLY,SHIFT-C,9,21600,0,540,21060,QUALIFIED_AVAILABLE
TEN-COOLIT-SYN-001,SITE-COOLIT-SYN-01,ERP,LABOR_CAPACITY,LABCAP-087-2,LABCAP-087-2,RESOLVED,2026-09-25T23:59:59-06:00,2026-09-26T08:00:00-06:00,2026-06-29T00:00:00-06:00,,1,,false,HISTORICAL_ACTUAL,,,VALID,CURRENT,coolit-synthetic-v2.0.0,ALL_SYNTHETIC_CUSTOMERS,ALL_SYNTHETIC_PROGRAMS,ALL_SYNTHETIC_PRODUCTS,SYNTHETIC_INTERNAL,SNP-COOLIT-20260925-BL,SCN-BASELINE,LABCAP-087-2,2026-H87,RACK_MANIFOLD,SKILL-RM-ASSEMBLY,SHIFT-A,10,24000,0,600,23400,QUALIFIED_AVAILABLE
TEN-COOLIT-SYN-001,SITE-COOLIT-SYN-01,ERP,LABOR_CAPACITY,LABCAP-087-3,LABCAP-087-3,RESOLVED,2026-09-25T23:59:59-06:00,2026-09-26T08:00:00-06:00,2026-06-29T00:00:00-06:00,,1,,false,HISTORICAL_ACTUAL,,,VALID,CURRENT,coolit-synthetic-v2.0.0,ALL_SYNTHETIC_CUSTOMERS,ALL_SYNTHETIC_PROGRAMS,ALL_SYNTHETIC_PRODUCTS,SYNTHETIC_INTERNAL,SNP-COOLIT-20260925-BL,SCN-BASELINE,LABCAP-087-3,2026-H87,COOLANT_DISTRIBUTION_UNIT,SKILL-CDU-ASSEMBLY,SHIFT-B,11,26400,0,0,26400,QUALIFIED_AVAILABLE
TEN-COOLIT-SYN-001,SITE-COOLIT-SYN-01,ERP,LABOR_CAPACITY,LABCAP-088-1,LABCAP-088-1,RESOLVED,2026-09-25T23:59:59-06:00,2026-09-26T08:00:00-06:00,2026-06-29T00:00:00-06:00,,1,,false,HISTORICAL_ACTUAL,,,VALID,CURRENT,coolit-synthetic-v2.0.0,ALL_SYNTHETIC_CUSTOMERS,ALL_SYNTHETIC_PROGRAMS,ALL_SYNTHETIC_PRODUCTS,SYNTHETIC_INTERNAL,SNP-COOLIT-20260925-BL,SCN-BASELINE,LABCAP-088-1,2026-H88,COLDPLATE_LOOP,SKILL-CPL-ASSEMBLY,SHIFT-A,10,24000,0,600,23400,QUALIFIED_AVAILABLE
TEN-COOLIT-SYN-001,SITE-COOLIT-SYN-01,ERP,LABOR_CAPACITY,LABCAP-088-2,LABCAP-088-2,RESOLVED,2026-09-25T23:59:59-06:00,2026-09-26T08:00:00-06:00,2026-06-29T00:00:00-06:00,,1,,false,HISTORICAL_ACTUAL,,,VALID,CURRENT,coolit-synthetic-v2.0.0,ALL_SYNTHETIC_CUSTOMERS,ALL_SYNTHETIC_PROGRAMS,ALL_SYNTHETIC_PRODUCTS,SYNTHETIC_INTERNAL,SNP-COOLIT-20260925-BL,SCN-BASELINE,LABCAP-088-2,2026-H88,RACK_MANIFOLD,SKILL-RM-ASSEMBLY,SHIFT-B,11,26400,0,0,26400,QUALIFIED_AVAILABLE
TEN-COOLIT-SYN-001,SITE-COOLIT-SYN-01,ERP,LABOR_CAPACITY,LABCAP-088-3,LABCAP-088-3,RESOLVED,2026-09-25T23:59:59-06:00,2026-09-26T08:00:00-06:00,2026-06-29T00:00:00-06:00,,1,,false,HISTORICAL_ACTUAL,,,VALID,CURRENT,coolit-synthetic-v2.0.0,ALL_SYNTHETIC_CUSTOMERS,ALL_SYNTHETIC_PROGRAMS,ALL_SYNTHETIC_PRODUCTS,SYNTHETIC_INTERNAL,SNP-COOLIT-20260925-BL,SCN-BASELINE,LABCAP-088-3,2026-H88,COOLANT_DISTRIBUTION_UNIT,SKILL-CDU-ASSEMBLY,SHIFT-C,12,28800,0,60,28740,QUALIFIED_AVAILABLE
TEN-COOLIT-SYN-001,SITE-COOLIT-SYN-01,ERP,LABOR_CAPACITY,LABCAP-089-1,LABCAP-089-1,RESOLVED,2026-09-25T23:59:59-06:00,2026-09-26T08:00:00-06:00,2026-06-29T00:00:00-06:00,,1,,false,HISTORICAL_ACTUAL,,,VALID,CURRENT,coolit-synthetic-v2.0.0,ALL_SYNTHETIC_CUSTOMERS,ALL_SYNTHETIC_PROGRAMS,ALL_SYNTHETIC_PRODUCTS,SYNTHETIC_INTERNAL,SNP-COOLIT-20260925-BL,SCN-BASELINE,LABCAP-089-1,2026-H89,COLDPLATE_LOOP,SKILL-CPL-ASSEMBLY,SHIFT-B,11,26400,0,0,26400,QUALIFIED_AVAILABLE
TEN-COOLIT-SYN-001,SITE-COOLIT-SYN-01,ERP,LABOR_CAPACITY,LABCAP-089-2,LABCAP-089-2,RESOLVED,2026-09-25T23:59:59-06:00,2026-09-26T08:00:00-06:00,2026-06-29T00:00:00-06:00,,1,,false,HISTORICAL_ACTUAL,,,VALID,CURRENT,coolit-synthetic-v2.0.0,ALL_SYNTHETIC_CUSTOMERS,ALL_SYNTHETIC_PROGRAMS,ALL_SYNTHETIC_PRODUCTS,SYNTHETIC_INTERNAL,SNP-COOLIT-20260925-BL,SCN-BASELINE,LABCAP-089-2,2026-H89,RACK_MANIFOLD,SKILL-RM-ASSEMBLY,SHIFT-C,12,28800,0,60,28740,QUALIFIED_AVAILABLE
TEN-COOLIT-SYN-001,SITE-COOLIT-SYN-01,ERP,LABOR_CAPACITY,LABCAP-089-3,LABCAP-089-3,RESOLVED,2026-09-25T23:59:59-06:00,2026-09-26T08:00:00-06:00,2026-06-29T00:00:00-06:00,,1,,false,HISTORICAL_ACTUAL,,,VALID,CURRENT,coolit-synthetic-v2.0.0,ALL_SYNTHETIC_CUSTOMERS,ALL_SYNTHETIC_PROGRAMS,ALL_SYNTHETIC_PRODUCTS,SYNTHETIC_INTERNAL,SNP-COOLIT-20260925-BL,SCN-BASELINE,LABCAP-089-3,2026-H89,COOLANT_DISTRIBUTION_UNIT,SKILL-CDU-ASSEMBLY,SHIFT-A,8,19200,0,120,19080,QUALIFIED_AVAILABLE
TEN-COOLIT-SYN-001,SITE-COOLIT-SYN-01,ERP,LABOR_CAPACITY,LABCAP-090-1,LABCAP-090-1,RESOLVED,2026-09-25T23:59:59-06:00,2026-09-26T08:00:00-06:00,2026-06-29T00:00:00-06:00,,1,,false,HISTORICAL_ACTUAL,,,VALID,CURRENT,coolit-synthetic-v2.0.0,ALL_SYNTHETIC_CUSTOMERS,ALL_SYNTHETIC_PROGRAMS,ALL_SYNTHETIC_PRODUCTS,SYNTHETIC_INTERNAL,SNP-COOLIT-20260925-BL,SCN-BASELINE,LABCAP-090-1,2026-H90,COLDPLATE_LOOP,SKILL-CPL-ASSEMBLY,SHIFT-C,12,28800,0,60,28740,QUALIFIED_AVAILABLE
TEN-COOLIT-SYN-001,SITE-COOLIT-SYN-01,ERP,LABOR_CAPACITY,LABCAP-090-2,LABCAP-090-2,RESOLVED,2026-09-25T23:59:59-06:00,2026-09-26T08:00:00-06:00,2026-06-29T00:00:00-06:00,,1,,false,HISTORICAL_ACTUAL,,,VALID,CURRENT,coolit-synthetic-v2.0.0,ALL_SYNTHETIC_CUSTOMERS,ALL_SYNTHETIC_PROGRAMS,ALL_SYNTHETIC_PRODUCTS,SYNTHETIC_INTERNAL,SNP-COOLIT-20260925-BL,SCN-BASELINE,LABCAP-090-2,2026-H90,RACK_MANIFOLD,SKILL-RM-ASSEMBLY,SHIFT-A,8,19200,0,120,19080,QUALIFIED_AVAILABLE
TEN-COOLIT-SYN-001,SITE-COOLIT-SYN-01,ERP,LABOR_CAPACITY,LABCAP-090-3,LABCAP-090-3,RESOLVED,2026-09-25T23:59:59-06:00,2026-09-26T08:00:00-06:00,2026-06-29T00:00:00-06:00,,1,,false,HISTORICAL_ACTUAL,,,VALID,CURRENT,coolit-synthetic-v2.0.0,ALL_SYNTHETIC_CUSTOMERS,ALL_SYNTHETIC_PROGRAMS,ALL_SYNTHETIC_PRODUCTS,SYNTHETIC_INTERNAL,SNP-COOLIT-20260925-BL,SCN-BASELINE,LABCAP-090-3,2026-H90,COOLANT_DISTRIBUTION_UNIT,SKILL-CDU-ASSEMBLY,SHIFT-B,9,21600,0,180,21420,QUALIFIED_AVAILABLE
TEN-COOLIT-SYN-001,SITE-COOLIT-SYN-01,ERP,LABOR_CAPACITY,LABCAP-091-1,LABCAP-091-1,RESOLVED,2026-09-25T23:59:59-06:00,2026-09-26T08:00:00-06:00,2026-06-29T00:00:00-06:00,,1,,false,HISTORICAL_ACTUAL,,,VALID,CURRENT,coolit-synthetic-v2.0.0,ALL_SYNTHETIC_CUSTOMERS,ALL_SYNTHETIC_PROGRAMS,ALL_SYNTHETIC_PRODUCTS,SYNTHETIC_INTERNAL,SNP-COOLIT-20260925-BL,SCN-BASELINE,LABCAP-091-1,2026-H91,COLDPLATE_LOOP,SKILL-CPL-ASSEMBLY,SHIFT-A,8,19200,0,120,19080,QUALIFIED_AVAILABLE
TEN-COOLIT-SYN-001,SITE-COOLIT-SYN-01,ERP,LABOR_CAPACITY,LABCAP-091-2,LABCAP-091-2,RESOLVED,2026-09-25T23:59:59-06:00,2026-09-26T08:00:00-06:00,2026-06-29T00:00:00-06:00,,1,,false,HISTORICAL_ACTUAL,,,VALID,CURRENT,coolit-synthetic-v2.0.0,ALL_SYNTHETIC_CUSTOMERS,ALL_SYNTHETIC_PROGRAMS,ALL_SYNTHETIC_PRODUCTS,SYNTHETIC_INTERNAL,SNP-COOLIT-20260925-BL,SCN-BASELINE,LABCAP-091-2,2026-H91,RACK_MANIFOLD,SKILL-RM-ASSEMBLY,SHIFT-B,9,21600,0,180,21420,QUALIFIED_AVAILABLE
TEN-COOLIT-SYN-001,SITE-COOLIT-SYN-01,ERP,LABOR_CAPACITY,LABCAP-091-3,LABCAP-091-3,RESOLVED,2026-09-25T23:59:59-06:00,2026-09-26T08:00:00-06:00,2026-06-29T00:00:00-06:00,,1,,false,HISTORICAL_ACTUAL,,,VALID,CURRENT,coolit-synthetic-v2.0.0,ALL_SYNTHETIC_CUSTOMERS,ALL_SYNTHETIC_PROGRAMS,ALL_SYNTHETIC_PRODUCTS,SYNTHETIC_INTERNAL,SNP-COOLIT-20260925-BL,SCN-BASELINE,LABCAP-091-3,2026-H91,COOLANT_DISTRIBUTION_UNIT,SKILL-CDU-ASSEMBLY,SHIFT-C,10,24000,0,240,23760,QUALIFIED_AVAILABLE
TEN-COOLIT-SYN-001,SITE-COOLIT-SYN-01,ERP,LABOR_CAPACITY,LABCAP-092-1,LABCAP-092-1,RESOLVED,2026-09-25T23:59:59-06:00,2026-09-26T08:00:00-06:00,2026-06-29T00:00:00-06:00,,1,,false,HISTORICAL_ACTUAL,,,VALID,CURRENT,coolit-synthetic-v2.0.0,ALL_SYNTHETIC_CUSTOMERS,ALL_SYNTHETIC_PROGRAMS,ALL_SYNTHETIC_PRODUCTS,SYNTHETIC_INTERNAL,SNP-COOLIT-20260925-BL,SCN-BASELINE,LABCAP-092-1,2026-H92,COLDPLATE_LOOP,SKILL-CPL-ASSEMBLY,SHIFT-B,9,21600,0,180,21420,QUALIFIED_AVAILABLE
TEN-COOLIT-SYN-001,SITE-COOLIT-SYN-01,ERP,LABOR_CAPACITY,LABCAP-092-2,LABCAP-092-2,RESOLVED,2026-09-25T23:59:59-06:00,2026-09-26T08:00:00-06:00,2026-06-29T00:00:00-06:00,,1,,false,HISTORICAL_ACTUAL,,,VALID,CURRENT,coolit-synthetic-v2.0.0,ALL_SYNTHETIC_CUSTOMERS,ALL_SYNTHETIC_PROGRAMS,ALL_SYNTHETIC_PRODUCTS,SYNTHETIC_INTERNAL,SNP-COOLIT-20260925-BL,SCN-BASELINE,LABCAP-092-2,2026-H92,RACK_MANIFOLD,SKILL-RM-ASSEMBLY,SHIFT-C,10,24000,0,240,23760,QUALIFIED_AVAILABLE
TEN-COOLIT-SYN-001,SITE-COOLIT-SYN-01,ERP,LABOR_CAPACITY,LABCAP-092-3,LABCAP-092-3,RESOLVED,2026-09-25T23:59:59-06:00,2026-09-26T08:00:00-06:00,2026-06-29T00:00:00-06:00,,1,,false,HISTORICAL_ACTUAL,,,VALID,CURRENT,coolit-synthetic-v2.0.0,ALL_SYNTHETIC_CUSTOMERS,ALL_SYNTHETIC_PROGRAMS,ALL_SYNTHETIC_PRODUCTS,SYNTHETIC_INTERNAL,SNP-COOLIT-20260925-BL,SCN-BASELINE,LABCAP-092-3,2026-H92,COOLANT_DISTRIBUTION_UNIT,SKILL-CDU-ASSEMBLY,SHIFT-A,11,26400,0,300,26100,QUALIFIED_AVAILABLE
TEN-COOLIT-SYN-001,SITE-COOLIT-SYN-01,ERP,LABOR_CAPACITY,LABCAP-093-1,LABCAP-093-1,RESOLVED,2026-09-25T23:59:59-06:00,2026-09-26T08:00:00-06:00,2026-06-29T00:00:00-06:00,,1,,false,HISTORICAL_ACTUAL,,,VALID,CURRENT,coolit-synthetic-v2.0.0,ALL_SYNTHETIC_CUSTOMERS,ALL_SYNTHETIC_PROGRAMS,ALL_SYNTHETIC_PRODUCTS,SYNTHETIC_INTERNAL,SNP-COOLIT-20260925-BL,SCN-BASELINE,LABCAP-093-1,2026-H93,COLDPLATE_LOOP,SKILL-CPL-ASSEMBLY,SHIFT-C,10,24000,0,240,23760,QUALIFIED_AVAILABLE
TEN-COOLIT-SYN-001,SITE-COOLIT-SYN-01,ERP,LABOR_CAPACITY,LABCAP-093-2,LABCAP-093-2,RESOLVED,2026-09-25T23:59:59-06:00,2026-09-26T08:00:00-06:00,2026-06-29T00:00:00-06:00,,1,,false,HISTORICAL_ACTUAL,,,VALID,CURRENT,coolit-synthetic-v2.0.0,ALL_SYNTHETIC_CUSTOMERS,ALL_SYNTHETIC_PROGRAMS,ALL_SYNTHETIC_PRODUCTS,SYNTHETIC_INTERNAL,SNP-COOLIT-20260925-BL,SCN-BASELINE,LABCAP-093-2,2026-H93,RACK_MANIFOLD,SKILL-RM-ASSEMBLY,SHIFT-A,11,26400,0,300,26100,QUALIFIED_AVAILABLE
TEN-COOLIT-SYN-001,SITE-COOLIT-SYN-01,ERP,LABOR_CAPACITY,LABCAP-093-3,LABCAP-093-3,RESOLVED,2026-09-25T23:59:59-06:00,2026-09-26T08:00:00-06:00,2026-06-29T00:00:00-06:00,,1,,false,HISTORICAL_ACTUAL,,,VALID,CURRENT,coolit-synthetic-v2.0.0,ALL_SYNTHETIC_CUSTOMERS,ALL_SYNTHETIC_PROGRAMS,ALL_SYNTHETIC_PRODUCTS,SYNTHETIC_INTERNAL,SNP-COOLIT-20260925-BL,SCN-BASELINE,LABCAP-093-3,2026-H93,COOLANT_DISTRIBUTION_UNIT,SKILL-CDU-ASSEMBLY,SHIFT-B,12,28800,0,360,28440,QUALIFIED_AVAILABLE
TEN-COOLIT-SYN-001,SITE-COOLIT-SYN-01,ERP,LABOR_CAPACITY,LABCAP-094-1,LABCAP-094-1,RESOLVED,2026-09-25T23:59:59-06:00,2026-09-26T08:00:00-06:00,2026-06-29T00:00:00-06:00,,1,,false,HISTORICAL_ACTUAL,,,VALID,CURRENT,coolit-synthetic-v2.0.0,ALL_SYNTHETIC_CUSTOMERS,ALL_SYNTHETIC_PROGRAMS,ALL_SYNTHETIC_PRODUCTS,SYNTHETIC_INTERNAL,SNP-COOLIT-20260925-BL,SCN-BASELINE,LABCAP-094-1,2026-H94,COLDPLATE_LOOP,SKILL-CPL-ASSEMBLY,SHIFT-A,11,26400,0,300,26100,QUALIFIED_AVAILABLE
TEN-COOLIT-SYN-001,SITE-COOLIT-SYN-01,ERP,LABOR_CAPACITY,LABCAP-094-2,LABCAP-094-2,RESOLVED,2026-09-25T23:59:59-06:00,2026-09-26T08:00:00-06:00,2026-06-29T00:00:00-06:00,,1,,false,HISTORICAL_ACTUAL,,,VALID,CURRENT,coolit-synthetic-v2.0.0,ALL_SYNTHETIC_CUSTOMERS,ALL_SYNTHETIC_PROGRAMS,ALL_SYNTHETIC_PRODUCTS,SYNTHETIC_INTERNAL,SNP-COOLIT-20260925-BL,SCN-BASELINE,LABCAP-094-2,2026-H94,RACK_MANIFOLD,SKILL-RM-ASSEMBLY,SHIFT-B,12,28800,0,360,28440,QUALIFIED_AVAILABLE
TEN-COOLIT-SYN-001,SITE-COOLIT-SYN-01,ERP,LABOR_CAPACITY,LABCAP-094-3,LABCAP-094-3,RESOLVED,2026-09-25T23:59:59-06:00,2026-09-26T08:00:00-06:00,2026-06-29T00:00:00-06:00,,1,,false,HISTORICAL_ACTUAL,,,VALID,CURRENT,coolit-synthetic-v2.0.0,ALL_SYNTHETIC_CUSTOMERS,ALL_SYNTHETIC_PROGRAMS,ALL_SYNTHETIC_PRODUCTS,SYNTHETIC_INTERNAL,SNP-COOLIT-20260925-BL,SCN-BASELINE,LABCAP-094-3,2026-H94,COOLANT_DISTRIBUTION_UNIT,SKILL-CDU-ASSEMBLY,SHIFT-C,8,19200,0,420,18780,QUALIFIED_AVAILABLE
TEN-COOLIT-SYN-001,SITE-COOLIT-SYN-01,ERP,LABOR_CAPACITY,LABCAP-095-1,LABCAP-095-1,RESOLVED,2026-09-25T23:59:59-06:00,2026-09-26T08:00:00-06:00,2026-06-29T00:00:00-06:00,,1,,false,HISTORICAL_ACTUAL,,,VALID,CURRENT,coolit-synthetic-v2.0.0,ALL_SYNTHETIC_CUSTOMERS,ALL_SYNTHETIC_PROGRAMS,ALL_SYNTHETIC_PRODUCTS,SYNTHETIC_INTERNAL,SNP-COOLIT-20260925-BL,SCN-BASELINE,LABCAP-095-1,2026-H95,COLDPLATE_LOOP,SKILL-CPL-ASSEMBLY,SHIFT-B,12,28800,0,360,28440,QUALIFIED_AVAILABLE
TEN-COOLIT-SYN-001,SITE-COOLIT-SYN-01,ERP,LABOR_CAPACITY,LABCAP-095-2,LABCAP-095-2,RESOLVED,2026-09-25T23:59:59-06:00,2026-09-26T08:00:00-06:00,2026-06-29T00:00:00-06:00,,1,,false,HISTORICAL_ACTUAL,,,VALID,CURRENT,coolit-synthetic-v2.0.0,ALL_SYNTHETIC_CUSTOMERS,ALL_SYNTHETIC_PROGRAMS,ALL_SYNTHETIC_PRODUCTS,SYNTHETIC_INTERNAL,SNP-COOLIT-20260925-BL,SCN-BASELINE,LABCAP-095-2,2026-H95,RACK_MANIFOLD,SKILL-RM-ASSEMBLY,SHIFT-C,8,19200,0,420,18780,QUALIFIED_AVAILABLE
TEN-COOLIT-SYN-001,SITE-COOLIT-SYN-01,ERP,LABOR_CAPACITY,LABCAP-095-3,LABCAP-095-3,RESOLVED,2026-09-25T23:59:59-06:00,2026-09-26T08:00:00-06:00,2026-06-29T00:00:00-06:00,,1,,false,HISTORICAL_ACTUAL,,,VALID,CURRENT,coolit-synthetic-v2.0.0,ALL_SYNTHETIC_CUSTOMERS,ALL_SYNTHETIC_PROGRAMS,ALL_SYNTHETIC_PRODUCTS,SYNTHETIC_INTERNAL,SNP-COOLIT-20260925-BL,SCN-BASELINE,LABCAP-095-3,2026-H95,COOLANT_DISTRIBUTION_UNIT,SKILL-CDU-ASSEMBLY,SHIFT-A,9,21600,0,480,21120,QUALIFIED_AVAILABLE
TEN-COOLIT-SYN-001,SITE-COOLIT-SYN-01,ERP,LABOR_CAPACITY,LABCAP-096-1,LABCAP-096-1,RESOLVED,2026-09-25T23:59:59-06:00,2026-09-26T08:00:00-06:00,2026-06-29T00:00:00-06:00,,1,,false,HISTORICAL_ACTUAL,,,VALID,CURRENT,coolit-synthetic-v2.0.0,ALL_SYNTHETIC_CUSTOMERS,ALL_SYNTHETIC_PROGRAMS,ALL_SYNTHETIC_PRODUCTS,SYNTHETIC_INTERNAL,SNP-COOLIT-20260925-BL,SCN-BASELINE,LABCAP-096-1,2026-H96,COLDPLATE_LOOP,SKILL-CPL-ASSEMBLY,SHIFT-C,8,19200,0,420,18780,QUALIFIED_AVAILABLE
TEN-COOLIT-SYN-001,SITE-COOLIT-SYN-01,ERP,LABOR_CAPACITY,LABCAP-096-2,LABCAP-096-2,RESOLVED,2026-09-25T23:59:59-06:00,2026-09-26T08:00:00-06:00,2026-06-29T00:00:00-06:00,,1,,false,HISTORICAL_ACTUAL,,,VALID,CURRENT,coolit-synthetic-v2.0.0,ALL_SYNTHETIC_CUSTOMERS,ALL_SYNTHETIC_PROGRAMS,ALL_SYNTHETIC_PRODUCTS,SYNTHETIC_INTERNAL,SNP-COOLIT-20260925-BL,SCN-BASELINE,LABCAP-096-2,2026-H96,RACK_MANIFOLD,SKILL-RM-ASSEMBLY,SHIFT-A,9,21600,0,480,21120,QUALIFIED_AVAILABLE
TEN-COOLIT-SYN-001,SITE-COOLIT-SYN-01,ERP,LABOR_CAPACITY,LABCAP-096-3,LABCAP-096-3,RESOLVED,2026-09-25T23:59:59-06:00,2026-09-26T08:00:00-06:00,2026-06-29T00:00:00-06:00,,1,,false,HISTORICAL_ACTUAL,,,VALID,CURRENT,coolit-synthetic-v2.0.0,ALL_SYNTHETIC_CUSTOMERS,ALL_SYNTHETIC_PROGRAMS,ALL_SYNTHETIC_PRODUCTS,SYNTHETIC_INTERNAL,SNP-COOLIT-20260925-BL,SCN-BASELINE,LABCAP-096-3,2026-H96,COOLANT_DISTRIBUTION_UNIT,SKILL-CDU-ASSEMBLY,SHIFT-B,10,24000,0,540,23460,QUALIFIED_AVAILABLE
TEN-COOLIT-SYN-001,SITE-COOLIT-SYN-01,ERP,LABOR_CAPACITY,LABCAP-097-1,LABCAP-097-1,RESOLVED,2026-09-25T23:59:59-06:00,2026-09-26T08:00:00-06:00,2026-06-29T00:00:00-06:00,,1,,false,HISTORICAL_ACTUAL,,,VALID,CURRENT,coolit-synthetic-v2.0.0,ALL_SYNTHETIC_CUSTOMERS,ALL_SYNTHETIC_PROGRAMS,ALL_SYNTHETIC_PRODUCTS,SYNTHETIC_INTERNAL,SNP-COOLIT-20260925-BL,SCN-BASELINE,LABCAP-097-1,2026-H97,COLDPLATE_LOOP,SKILL-CPL-ASSEMBLY,SHIFT-A,9,21600,0,480,21120,QUALIFIED_AVAILABLE
TEN-COOLIT-SYN-001,SITE-COOLIT-SYN-01,ERP,LABOR_CAPACITY,LABCAP-097-2,LABCAP-097-2,RESOLVED,2026-09-25T23:59:59-06:00,2026-09-26T08:00:00-06:00,2026-06-29T00:00:00-06:00,,1,,false,HISTORICAL_ACTUAL,,,VALID,CURRENT,coolit-synthetic-v2.0.0,ALL_SYNTHETIC_CUSTOMERS,ALL_SYNTHETIC_PROGRAMS,ALL_SYNTHETIC_PRODUCTS,SYNTHETIC_INTERNAL,SNP-COOLIT-20260925-BL,SCN-BASELINE,LABCAP-097-2,2026-H97,RACK_MANIFOLD,SKILL-RM-ASSEMBLY,SHIFT-B,10,24000,0,540,23460,QUALIFIED_AVAILABLE
TEN-COOLIT-SYN-001,SITE-COOLIT-SYN-01,ERP,LABOR_CAPACITY,LABCAP-097-3,LABCAP-097-3,RESOLVED,2026-09-25T23:59:59-06:00,2026-09-26T08:00:00-06:00,2026-06-29T00:00:00-06:00,,1,,false,HISTORICAL_ACTUAL,,,VALID,CURRENT,coolit-synthetic-v2.0.0,ALL_SYNTHETIC_CUSTOMERS,ALL_SYNTHETIC_PROGRAMS,ALL_SYNTHETIC_PRODUCTS,SYNTHETIC_INTERNAL,SNP-COOLIT-20260925-BL,SCN-BASELINE,LABCAP-097-3,2026-H97,COOLANT_DISTRIBUTION_UNIT,SKILL-CDU-ASSEMBLY,SHIFT-C,11,26400,0,600,25800,QUALIFIED_AVAILABLE
TEN-COOLIT-SYN-001,SITE-COOLIT-SYN-01,ERP,LABOR_CAPACITY,LABCAP-098-1,LABCAP-098-1,RESOLVED,2026-09-25T23:59:59-06:00,2026-09-26T08:00:00-06:00,2026-06-29T00:00:00-06:00,,1,,false,HISTORICAL_ACTUAL,,,VALID,CURRENT,coolit-synthetic-v2.0.0,ALL_SYNTHETIC_CUSTOMERS,ALL_SYNTHETIC_PROGRAMS,ALL_SYNTHETIC_PRODUCTS,SYNTHETIC_INTERNAL,SNP-COOLIT-20260925-BL,SCN-BASELINE,LABCAP-098-1,2026-H98,COLDPLATE_LOOP,SKILL-CPL-ASSEMBLY,SHIFT-B,10,24000,0,540,23460,QUALIFIED_AVAILABLE
TEN-COOLIT-SYN-001,SITE-COOLIT-SYN-01,ERP,LABOR_CAPACITY,LABCAP-098-2,LABCAP-098-2,RESOLVED,2026-09-25T23:59:59-06:00,2026-09-26T08:00:00-06:00,2026-06-29T00:00:00-06:00,,1,,false,HISTORICAL_ACTUAL,,,VALID,CURRENT,coolit-synthetic-v2.0.0,ALL_SYNTHETIC_CUSTOMERS,ALL_SYNTHETIC_PROGRAMS,ALL_SYNTHETIC_PRODUCTS,SYNTHETIC_INTERNAL,SNP-COOLIT-20260925-BL,SCN-BASELINE,LABCAP-098-2,2026-H98,RACK_MANIFOLD,SKILL-RM-ASSEMBLY,SHIFT-C,11,26400,0,600,25800,QUALIFIED_AVAILABLE
TEN-COOLIT-SYN-001,SITE-COOLIT-SYN-01,ERP,LABOR_CAPACITY,LABCAP-098-3,LABCAP-098-3,RESOLVED,2026-09-25T23:59:59-06:00,2026-09-26T08:00:00-06:00,2026-06-29T00:00:00-06:00,,1,,false,HISTORICAL_ACTUAL,,,VALID,CURRENT,coolit-synthetic-v2.0.0,ALL_SYNTHETIC_CUSTOMERS,ALL_SYNTHETIC_PROGRAMS,ALL_SYNTHETIC_PRODUCTS,SYNTHETIC_INTERNAL,SNP-COOLIT-20260925-BL,SCN-BASELINE,LABCAP-098-3,2026-H98,COOLANT_DISTRIBUTION_UNIT,SKILL-CDU-ASSEMBLY,SHIFT-A,12,28800,0,0,28800,QUALIFIED_AVAILABLE
TEN-COOLIT-SYN-001,SITE-COOLIT-SYN-01,ERP,LABOR_CAPACITY,LABCAP-099-1,LABCAP-099-1,RESOLVED,2026-09-25T23:59:59-06:00,2026-09-26T08:00:00-06:00,2026-06-29T00:00:00-06:00,,1,,false,HISTORICAL_ACTUAL,,,VALID,CURRENT,coolit-synthetic-v2.0.0,ALL_SYNTHETIC_CUSTOMERS,ALL_SYNTHETIC_PROGRAMS,ALL_SYNTHETIC_PRODUCTS,SYNTHETIC_INTERNAL,SNP-COOLIT-20260925-BL,SCN-BASELINE,LABCAP-099-1,2026-H99,COLDPLATE_LOOP,SKILL-CPL-ASSEMBLY,SHIFT-C,11,26400,0,600,25800,QUALIFIED_AVAILABLE
TEN-COOLIT-SYN-001,SITE-COOLIT-SYN-01,ERP,LABOR_CAPACITY,LABCAP-099-2,LABCAP-099-2,RESOLVED,2026-09-25T23:59:59-06:00,2026-09-26T08:00:00-06:00,2026-06-29T00:00:00-06:00,,1,,false,HISTORICAL_ACTUAL,,,VALID,CURRENT,coolit-synthetic-v2.0.0,ALL_SYNTHETIC_CUSTOMERS,ALL_SYNTHETIC_PROGRAMS,ALL_SYNTHETIC_PRODUCTS,SYNTHETIC_INTERNAL,SNP-COOLIT-20260925-BL,SCN-BASELINE,LABCAP-099-2,2026-H99,RACK_MANIFOLD,SKILL-RM-ASSEMBLY,SHIFT-A,12,28800,0,0,28800,QUALIFIED_AVAILABLE
TEN-COOLIT-SYN-001,SITE-COOLIT-SYN-01,ERP,LABOR_CAPACITY,LABCAP-099-3,LABCAP-099-3,RESOLVED,2026-09-25T23:59:59-06:00,2026-09-26T08:00:00-06:00,2026-06-29T00:00:00-06:00,,1,,false,HISTORICAL_ACTUAL,,,VALID,CURRENT,coolit-synthetic-v2.0.0,ALL_SYNTHETIC_CUSTOMERS,ALL_SYNTHETIC_PROGRAMS,ALL_SYNTHETIC_PRODUCTS,SYNTHETIC_INTERNAL,SNP-COOLIT-20260925-BL,SCN-BASELINE,LABCAP-099-3,2026-H99,COOLANT_DISTRIBUTION_UNIT,SKILL-CDU-ASSEMBLY,SHIFT-B,8,19200,0,60,19140,QUALIFIED_AVAILABLE
TEN-COOLIT-SYN-001,SITE-COOLIT-SYN-01,ERP,LABOR_CAPACITY,LABCAP-100-1,LABCAP-100-1,RESOLVED,2026-09-25T23:59:59-06:00,2026-09-26T08:00:00-06:00,2026-06-29T00:00:00-06:00,,1,,false,HISTORICAL_ACTUAL,,,VALID,CURRENT,coolit-synthetic-v2.0.0,ALL_SYNTHETIC_CUSTOMERS,ALL_SYNTHETIC_PROGRAMS,ALL_SYNTHETIC_PRODUCTS,SYNTHETIC_INTERNAL,SNP-COOLIT-20260925-BL,SCN-BASELINE,LABCAP-100-1,2026-H100,COLDPLATE_LOOP,SKILL-CPL-ASSEMBLY,SHIFT-A,12,28800,0,0,28800,QUALIFIED_AVAILABLE
TEN-COOLIT-SYN-001,SITE-COOLIT-SYN-01,ERP,LABOR_CAPACITY,LABCAP-100-2,LABCAP-100-2,RESOLVED,2026-09-25T23:59:59-06:00,2026-09-26T08:00:00-06:00,2026-06-29T00:00:00-06:00,,1,,false,HISTORICAL_ACTUAL,,,VALID,CURRENT,coolit-synthetic-v2.0.0,ALL_SYNTHETIC_CUSTOMERS,ALL_SYNTHETIC_PROGRAMS,ALL_SYNTHETIC_PRODUCTS,SYNTHETIC_INTERNAL,SNP-COOLIT-20260925-BL,SCN-BASELINE,LABCAP-100-2,2026-H100,RACK_MANIFOLD,SKILL-RM-ASSEMBLY,SHIFT-B,8,19200,0,60,19140,QUALIFIED_AVAILABLE
TEN-COOLIT-SYN-001,SITE-COOLIT-SYN-01,ERP,LABOR_CAPACITY,LABCAP-100-3,LABCAP-100-3,RESOLVED,2026-09-25T23:59:59-06:00,2026-09-26T08:00:00-06:00,2026-06-29T00:00:00-06:00,,1,,false,HISTORICAL_ACTUAL,,,VALID,CURRENT,coolit-synthetic-v2.0.0,ALL_SYNTHETIC_CUSTOMERS,ALL_SYNTHETIC_PROGRAMS,ALL_SYNTHETIC_PRODUCTS,SYNTHETIC_INTERNAL,SNP-COOLIT-20260925-BL,SCN-BASELINE,LABCAP-100-3,2026-H100,COOLANT_DISTRIBUTION_UNIT,SKILL-CDU-ASSEMBLY,SHIFT-C,9,21600,0,120,21480,QUALIFIED_AVAILABLE
TEN-COOLIT-SYN-001,SITE-COOLIT-SYN-01,ERP,LABOR_CAPACITY,LABCAP-101-1,LABCAP-101-1,RESOLVED,2026-09-25T23:59:59-06:00,2026-09-26T08:00:00-06:00,2026-06-29T00:00:00-06:00,,1,,false,HISTORICAL_ACTUAL,,,VALID,CURRENT,coolit-synthetic-v2.0.0,ALL_SYNTHETIC_CUSTOMERS,ALL_SYNTHETIC_PROGRAMS,ALL_SYNTHETIC_PRODUCTS,SYNTHETIC_INTERNAL,SNP-COOLIT-20260925-BL,SCN-BASELINE,LABCAP-101-1,2026-H101,COLDPLATE_LOOP,SKILL-CPL-ASSEMBLY,SHIFT-B,8,19200,0,60,19140,QUALIFIED_AVAILABLE
TEN-COOLIT-SYN-001,SITE-COOLIT-SYN-01,ERP,LABOR_CAPACITY,LABCAP-101-2,LABCAP-101-2,RESOLVED,2026-09-25T23:59:59-06:00,2026-09-26T08:00:00-06:00,2026-06-29T00:00:00-06:00,,1,,false,HISTORICAL_ACTUAL,,,VALID,CURRENT,coolit-synthetic-v2.0.0,ALL_SYNTHETIC_CUSTOMERS,ALL_SYNTHETIC_PROGRAMS,ALL_SYNTHETIC_PRODUCTS,SYNTHETIC_INTERNAL,SNP-COOLIT-20260925-BL,SCN-BASELINE,LABCAP-101-2,2026-H101,RACK_MANIFOLD,SKILL-RM-ASSEMBLY,SHIFT-C,9,21600,0,120,21480,QUALIFIED_AVAILABLE
TEN-COOLIT-SYN-001,SITE-COOLIT-SYN-01,ERP,LABOR_CAPACITY,LABCAP-101-3,LABCAP-101-3,RESOLVED,2026-09-25T23:59:59-06:00,2026-09-26T08:00:00-06:00,2026-06-29T00:00:00-06:00,,1,,false,HISTORICAL_ACTUAL,,,VALID,CURRENT,coolit-synthetic-v2.0.0,ALL_SYNTHETIC_CUSTOMERS,ALL_SYNTHETIC_PROGRAMS,ALL_SYNTHETIC_PRODUCTS,SYNTHETIC_INTERNAL,SNP-COOLIT-20260925-BL,SCN-BASELINE,LABCAP-101-3,2026-H101,COOLANT_DISTRIBUTION_UNIT,SKILL-CDU-ASSEMBLY,SHIFT-A,10,24000,0,180,23820,QUALIFIED_AVAILABLE
TEN-COOLIT-SYN-001,SITE-COOLIT-SYN-01,ERP,LABOR_CAPACITY,LABCAP-102-1,LABCAP-102-1,RESOLVED,2026-09-25T23:59:59-06:00,2026-09-26T08:00:00-06:00,2026-06-29T00:00:00-06:00,,1,,false,HISTORICAL_ACTUAL,,,VALID,CURRENT,coolit-synthetic-v2.0.0,ALL_SYNTHETIC_CUSTOMERS,ALL_SYNTHETIC_PROGRAMS,ALL_SYNTHETIC_PRODUCTS,SYNTHETIC_INTERNAL,SNP-COOLIT-20260925-BL,SCN-BASELINE,LABCAP-102-1,2026-H102,COLDPLATE_LOOP,SKILL-CPL-ASSEMBLY,SHIFT-C,9,21600,0,120,21480,QUALIFIED_AVAILABLE
TEN-COOLIT-SYN-001,SITE-COOLIT-SYN-01,ERP,LABOR_CAPACITY,LABCAP-102-2,LABCAP-102-2,RESOLVED,2026-09-25T23:59:59-06:00,2026-09-26T08:00:00-06:00,2026-06-29T00:00:00-06:00,,1,,false,HISTORICAL_ACTUAL,,,VALID,CURRENT,coolit-synthetic-v2.0.0,ALL_SYNTHETIC_CUSTOMERS,ALL_SYNTHETIC_PROGRAMS,ALL_SYNTHETIC_PRODUCTS,SYNTHETIC_INTERNAL,SNP-COOLIT-20260925-BL,SCN-BASELINE,LABCAP-102-2,2026-H102,RACK_MANIFOLD,SKILL-RM-ASSEMBLY,SHIFT-A,10,24000,0,180,23820,QUALIFIED_AVAILABLE
TEN-COOLIT-SYN-001,SITE-COOLIT-SYN-01,ERP,LABOR_CAPACITY,LABCAP-102-3,LABCAP-102-3,RESOLVED,2026-09-25T23:59:59-06:00,2026-09-26T08:00:00-06:00,2026-06-29T00:00:00-06:00,,1,,false,HISTORICAL_ACTUAL,,,VALID,CURRENT,coolit-synthetic-v2.0.0,ALL_SYNTHETIC_CUSTOMERS,ALL_SYNTHETIC_PROGRAMS,ALL_SYNTHETIC_PRODUCTS,SYNTHETIC_INTERNAL,SNP-COOLIT-20260925-BL,SCN-BASELINE,LABCAP-102-3,2026-H102,COOLANT_DISTRIBUTION_UNIT,SKILL-CDU-ASSEMBLY,SHIFT-B,11,26400,0,240,26160,QUALIFIED_AVAILABLE
TEN-COOLIT-SYN-001,SITE-COOLIT-SYN-01,ERP,LABOR_CAPACITY,LABCAP-103-1,LABCAP-103-1,RESOLVED,2026-09-25T23:59:59-06:00,2026-09-26T08:00:00-06:00,2026-06-29T00:00:00-06:00,,1,,false,HISTORICAL_ACTUAL,,,VALID,CURRENT,coolit-synthetic-v2.0.0,ALL_SYNTHETIC_CUSTOMERS,ALL_SYNTHETIC_PROGRAMS,ALL_SYNTHETIC_PRODUCTS,SYNTHETIC_INTERNAL,SNP-COOLIT-20260925-BL,SCN-BASELINE,LABCAP-103-1,2026-H103,COLDPLATE_LOOP,SKILL-CPL-ASSEMBLY,SHIFT-A,10,24000,0,180,23820,QUALIFIED_AVAILABLE
TEN-COOLIT-SYN-001,SITE-COOLIT-SYN-01,ERP,LABOR_CAPACITY,LABCAP-103-2,LABCAP-103-2,RESOLVED,2026-09-25T23:59:59-06:00,2026-09-26T08:00:00-06:00,2026-06-29T00:00:00-06:00,,1,,false,HISTORICAL_ACTUAL,,,VALID,CURRENT,coolit-synthetic-v2.0.0,ALL_SYNTHETIC_CUSTOMERS,ALL_SYNTHETIC_PROGRAMS,ALL_SYNTHETIC_PRODUCTS,SYNTHETIC_INTERNAL,SNP-COOLIT-20260925-BL,SCN-BASELINE,LABCAP-103-2,2026-H103,RACK_MANIFOLD,SKILL-RM-ASSEMBLY,SHIFT-B,11,26400,0,240,26160,QUALIFIED_AVAILABLE
TEN-COOLIT-SYN-001,SITE-COOLIT-SYN-01,ERP,LABOR_CAPACITY,LABCAP-103-3,LABCAP-103-3,RESOLVED,2026-09-25T23:59:59-06:00,2026-09-26T08:00:00-06:00,2026-06-29T00:00:00-06:00,,1,,false,HISTORICAL_ACTUAL,,,VALID,CURRENT,coolit-synthetic-v2.0.0,ALL_SYNTHETIC_CUSTOMERS,ALL_SYNTHETIC_PROGRAMS,ALL_SYNTHETIC_PRODUCTS,SYNTHETIC_INTERNAL,SNP-COOLIT-20260925-BL,SCN-BASELINE,LABCAP-103-3,2026-H103,COOLANT_DISTRIBUTION_UNIT,SKILL-CDU-ASSEMBLY,SHIFT-C,12,28800,0,300,28500,QUALIFIED_AVAILABLE
TEN-COOLIT-SYN-001,SITE-COOLIT-SYN-01,ERP,LABOR_CAPACITY,LABCAP-104-1,LABCAP-104-1,RESOLVED,2026-09-25T23:59:59-06:00,2026-09-26T08:00:00-06:00,2026-06-29T00:00:00-06:00,,1,,false,HISTORICAL_ACTUAL,,,VALID,CURRENT,coolit-synthetic-v2.0.0,ALL_SYNTHETIC_CUSTOMERS,ALL_SYNTHETIC_PROGRAMS,ALL_SYNTHETIC_PRODUCTS,SYNTHETIC_INTERNAL,SNP-COOLIT-20260925-BL,SCN-BASELINE,LABCAP-104-1,2026-H104,COLDPLATE_LOOP,SKILL-CPL-ASSEMBLY,SHIFT-B,11,26400,0,240,26160,QUALIFIED_AVAILABLE
TEN-COOLIT-SYN-001,SITE-COOLIT-SYN-01,ERP,LABOR_CAPACITY,LABCAP-104-2,LABCAP-104-2,RESOLVED,2026-09-25T23:59:59-06:00,2026-09-26T08:00:00-06:00,2026-06-29T00:00:00-06:00,,1,,false,HISTORICAL_ACTUAL,,,VALID,CURRENT,coolit-synthetic-v2.0.0,ALL_SYNTHETIC_CUSTOMERS,ALL_SYNTHETIC_PROGRAMS,ALL_SYNTHETIC_PRODUCTS,SYNTHETIC_INTERNAL,SNP-COOLIT-20260925-BL,SCN-BASELINE,LABCAP-104-2,2026-H104,RACK_MANIFOLD,SKILL-RM-ASSEMBLY,SHIFT-C,12,28800,0,300,28500,QUALIFIED_AVAILABLE
TEN-COOLIT-SYN-001,SITE-COOLIT-SYN-01,ERP,LABOR_CAPACITY,LABCAP-104-3,LABCAP-104-3,RESOLVED,2026-09-25T23:59:59-06:00,2026-09-26T08:00:00-06:00,2026-06-29T00:00:00-06:00,,1,,false,HISTORICAL_ACTUAL,,,VALID,CURRENT,coolit-synthetic-v2.0.0,ALL_SYNTHETIC_CUSTOMERS,ALL_SYNTHETIC_PROGRAMS,ALL_SYNTHETIC_PRODUCTS,SYNTHETIC_INTERNAL,SNP-COOLIT-20260925-BL,SCN-BASELINE,LABCAP-104-3,2026-H104,COOLANT_DISTRIBUTION_UNIT,SKILL-CDU-ASSEMBLY,SHIFT-A,8,19200,0,360,18840,QUALIFIED_AVAILABLE
TEN-COOLIT-SYN-001,SITE-COOLIT-SYN-01,ERP,LABOR_CAPACITY,LABCAP-105-1,LABCAP-105-1,RESOLVED,2026-09-25T23:59:59-06:00,2026-09-26T08:00:00-06:00,2026-06-29T00:00:00-06:00,,1,,false,PLANNING_FUTURE,,,VALID,CURRENT,coolit-synthetic-v2.0.0,ALL_SYNTHETIC_CUSTOMERS,ALL_SYNTHETIC_PROGRAMS,ALL_SYNTHETIC_PRODUCTS,SYNTHETIC_INTERNAL,SNP-COOLIT-20260925-BL,SCN-BASELINE,LABCAP-105-1,2026-P01,COLDPLATE_LOOP,SKILL-CPL-ASSEMBLY,SHIFT-C,12,28800,480,300,28980,QUALIFIED_AVAILABLE
TEN-COOLIT-SYN-001,SITE-COOLIT-SYN-01,ERP,LABOR_CAPACITY,LABCAP-105-2,LABCAP-105-2,RESOLVED,2026-09-25T23:59:59-06:00,2026-09-26T08:00:00-06:00,2026-06-29T00:00:00-06:00,,1,,false,PLANNING_FUTURE,,,VALID,CURRENT,coolit-synthetic-v2.0.0,ALL_SYNTHETIC_CUSTOMERS,ALL_SYNTHETIC_PROGRAMS,ALL_SYNTHETIC_PRODUCTS,SYNTHETIC_INTERNAL,SNP-COOLIT-20260925-BL,SCN-BASELINE,LABCAP-105-2,2026-P01,RACK_MANIFOLD,SKILL-RM-ASSEMBLY,SHIFT-A,8,19200,480,360,19320,QUALIFIED_AVAILABLE
TEN-COOLIT-SYN-001,SITE-COOLIT-SYN-01,ERP,LABOR_CAPACITY,LABCAP-105-3,LABCAP-105-3,RESOLVED,2026-09-25T23:59:59-06:00,2026-09-26T08:00:00-06:00,2026-06-29T00:00:00-06:00,,1,,false,PLANNING_FUTURE,,,VALID,CURRENT,coolit-synthetic-v2.0.0,ALL_SYNTHETIC_CUSTOMERS,ALL_SYNTHETIC_PROGRAMS,ALL_SYNTHETIC_PRODUCTS,SYNTHETIC_INTERNAL,SNP-COOLIT-20260925-BL,SCN-BASELINE,LABCAP-105-3,2026-P01,COOLANT_DISTRIBUTION_UNIT,SKILL-CDU-ASSEMBLY,SHIFT-B,9,21600,480,420,21660,QUALIFIED_AVAILABLE
TEN-COOLIT-SYN-001,SITE-COOLIT-SYN-01,ERP,LABOR_CAPACITY,LABCAP-106-1,LABCAP-106-1,RESOLVED,2026-09-25T23:59:59-06:00,2026-09-26T08:00:00-06:00,2026-06-29T00:00:00-06:00,,1,,false,PLANNING_FUTURE,,,VALID,CURRENT,coolit-synthetic-v2.0.0,ALL_SYNTHETIC_CUSTOMERS,ALL_SYNTHETIC_PROGRAMS,ALL_SYNTHETIC_PRODUCTS,SYNTHETIC_INTERNAL,SNP-COOLIT-20260925-BL,SCN-BASELINE,LABCAP-106-1,2026-P02,COLDPLATE_LOOP,SKILL-CPL-ASSEMBLY,SHIFT-A,8,19200,480,360,19320,QUALIFIED_AVAILABLE
TEN-COOLIT-SYN-001,SITE-COOLIT-SYN-01,ERP,LABOR_CAPACITY,LABCAP-106-2,LABCAP-106-2,RESOLVED,2026-09-25T23:59:59-06:00,2026-09-26T08:00:00-06:00,2026-06-29T00:00:00-06:00,,1,,false,PLANNING_FUTURE,,,VALID,CURRENT,coolit-synthetic-v2.0.0,ALL_SYNTHETIC_CUSTOMERS,ALL_SYNTHETIC_PROGRAMS,ALL_SYNTHETIC_PRODUCTS,SYNTHETIC_INTERNAL,SNP-COOLIT-20260925-BL,SCN-BASELINE,LABCAP-106-2,2026-P02,RACK_MANIFOLD,SKILL-RM-ASSEMBLY,SHIFT-B,9,21600,480,420,21660,QUALIFIED_AVAILABLE
TEN-COOLIT-SYN-001,SITE-COOLIT-SYN-01,ERP,LABOR_CAPACITY,LABCAP-106-3,LABCAP-106-3,RESOLVED,2026-09-25T23:59:59-06:00,2026-09-26T08:00:00-06:00,2026-06-29T00:00:00-06:00,,1,,false,PLANNING_FUTURE,,,VALID,CURRENT,coolit-synthetic-v2.0.0,ALL_SYNTHETIC_CUSTOMERS,ALL_SYNTHETIC_PROGRAMS,ALL_SYNTHETIC_PRODUCTS,SYNTHETIC_INTERNAL,SNP-COOLIT-20260925-BL,SCN-BASELINE,LABCAP-106-3,2026-P02,COOLANT_DISTRIBUTION_UNIT,SKILL-CDU-ASSEMBLY,SHIFT-C,10,24000,480,480,24000,QUALIFIED_AVAILABLE
TEN-COOLIT-SYN-001,SITE-COOLIT-SYN-01,ERP,LABOR_CAPACITY,LABCAP-107-1,LABCAP-107-1,RESOLVED,2026-09-25T23:59:59-06:00,2026-09-26T08:00:00-06:00,2026-06-29T00:00:00-06:00,,1,,false,PLANNING_FUTURE,,,VALID,CURRENT,coolit-synthetic-v2.0.0,ALL_SYNTHETIC_CUSTOMERS,ALL_SYNTHETIC_PROGRAMS,ALL_SYNTHETIC_PRODUCTS,SYNTHETIC_INTERNAL,SNP-COOLIT-20260925-BL,SCN-BASELINE,LABCAP-107-1,2026-P03,COLDPLATE_LOOP,SKILL-CPL-ASSEMBLY,SHIFT-B,9,21600,480,420,21660,QUALIFIED_AVAILABLE
TEN-COOLIT-SYN-001,SITE-COOLIT-SYN-01,ERP,LABOR_CAPACITY,LABCAP-107-2,LABCAP-107-2,RESOLVED,2026-09-25T23:59:59-06:00,2026-09-26T08:00:00-06:00,2026-06-29T00:00:00-06:00,,1,,false,PLANNING_FUTURE,,,VALID,CURRENT,coolit-synthetic-v2.0.0,ALL_SYNTHETIC_CUSTOMERS,ALL_SYNTHETIC_PROGRAMS,ALL_SYNTHETIC_PRODUCTS,SYNTHETIC_INTERNAL,SNP-COOLIT-20260925-BL,SCN-BASELINE,LABCAP-107-2,2026-P03,RACK_MANIFOLD,SKILL-RM-ASSEMBLY,SHIFT-C,10,24000,480,480,24000,QUALIFIED_AVAILABLE
TEN-COOLIT-SYN-001,SITE-COOLIT-SYN-01,ERP,LABOR_CAPACITY,LABCAP-107-3,LABCAP-107-3,RESOLVED,2026-09-25T23:59:59-06:00,2026-09-26T08:00:00-06:00,2026-06-29T00:00:00-06:00,,1,,false,PLANNING_FUTURE,,,VALID,CURRENT,coolit-synthetic-v2.0.0,ALL_SYNTHETIC_CUSTOMERS,ALL_SYNTHETIC_PROGRAMS,ALL_SYNTHETIC_PRODUCTS,SYNTHETIC_INTERNAL,SNP-COOLIT-20260925-BL,SCN-BASELINE,LABCAP-107-3,2026-P03,COOLANT_DISTRIBUTION_UNIT,SKILL-CDU-ASSEMBLY,SHIFT-A,11,26400,480,540,26340,QUALIFIED_AVAILABLE
TEN-COOLIT-SYN-001,SITE-COOLIT-SYN-01,ERP,LABOR_CAPACITY,LABCAP-108-1,LABCAP-108-1,RESOLVED,2026-09-25T23:59:59-06:00,2026-09-26T08:00:00-06:00,2026-06-29T00:00:00-06:00,,1,,false,PLANNING_FUTURE,,,VALID,CURRENT,coolit-synthetic-v2.0.0,ALL_SYNTHETIC_CUSTOMERS,ALL_SYNTHETIC_PROGRAMS,ALL_SYNTHETIC_PRODUCTS,SYNTHETIC_INTERNAL,SNP-COOLIT-20260925-BL,SCN-BASELINE,LABCAP-108-1,2026-P04,COLDPLATE_LOOP,SKILL-CPL-ASSEMBLY,SHIFT-C,10,24000,480,480,24000,QUALIFIED_AVAILABLE
TEN-COOLIT-SYN-001,SITE-COOLIT-SYN-01,ERP,LABOR_CAPACITY,LABCAP-108-2,LABCAP-108-2,RESOLVED,2026-09-25T23:59:59-06:00,2026-09-26T08:00:00-06:00,2026-06-29T00:00:00-06:00,,1,,false,PLANNING_FUTURE,,,VALID,CURRENT,coolit-synthetic-v2.0.0,ALL_SYNTHETIC_CUSTOMERS,ALL_SYNTHETIC_PROGRAMS,ALL_SYNTHETIC_PRODUCTS,SYNTHETIC_INTERNAL,SNP-COOLIT-20260925-BL,SCN-BASELINE,LABCAP-108-2,2026-P04,RACK_MANIFOLD,SKILL-RM-ASSEMBLY,SHIFT-A,11,26400,480,540,26340,QUALIFIED_AVAILABLE
TEN-COOLIT-SYN-001,SITE-COOLIT-SYN-01,ERP,LABOR_CAPACITY,LABCAP-108-3,LABCAP-108-3,RESOLVED,2026-09-25T23:59:59-06:00,2026-09-26T08:00:00-06:00,2026-06-29T00:00:00-06:00,,1,,false,PLANNING_FUTURE,,,VALID,CURRENT,coolit-synthetic-v2.0.0,ALL_SYNTHETIC_CUSTOMERS,ALL_SYNTHETIC_PROGRAMS,ALL_SYNTHETIC_PRODUCTS,SYNTHETIC_INTERNAL,SNP-COOLIT-20260925-BL,SCN-BASELINE,LABCAP-108-3,2026-P04,COOLANT_DISTRIBUTION_UNIT,SKILL-CDU-ASSEMBLY,SHIFT-B,12,28800,480,600,28680,QUALIFIED_AVAILABLE
TEN-COOLIT-SYN-001,SITE-COOLIT-SYN-01,ERP,LABOR_CAPACITY,LABCAP-109-1,LABCAP-109-1,RESOLVED,2026-09-25T23:59:59-06:00,2026-09-26T08:00:00-06:00,2026-06-29T00:00:00-06:00,,1,,false,PLANNING_FUTURE,,,VALID,CURRENT,coolit-synthetic-v2.0.0,ALL_SYNTHETIC_CUSTOMERS,ALL_SYNTHETIC_PROGRAMS,ALL_SYNTHETIC_PRODUCTS,SYNTHETIC_INTERNAL,SNP-COOLIT-20260925-BL,SCN-BASELINE,LABCAP-109-1,2026-P05,COLDPLATE_LOOP,SKILL-CPL-ASSEMBLY,SHIFT-A,11,26400,0,540,25860,QUALIFIED_AVAILABLE
TEN-COOLIT-SYN-001,SITE-COOLIT-SYN-01,ERP,LABOR_CAPACITY,LABCAP-109-2,LABCAP-109-2,RESOLVED,2026-09-25T23:59:59-06:00,2026-09-26T08:00:00-06:00,2026-06-29T00:00:00-06:00,,1,,false,PLANNING_FUTURE,,,VALID,CURRENT,coolit-synthetic-v2.0.0,ALL_SYNTHETIC_CUSTOMERS,ALL_SYNTHETIC_PROGRAMS,ALL_SYNTHETIC_PRODUCTS,SYNTHETIC_INTERNAL,SNP-COOLIT-20260925-BL,SCN-BASELINE,LABCAP-109-2,2026-P05,RACK_MANIFOLD,SKILL-RM-ASSEMBLY,SHIFT-B,12,28800,0,600,28200,QUALIFIED_AVAILABLE
TEN-COOLIT-SYN-001,SITE-COOLIT-SYN-01,ERP,LABOR_CAPACITY,LABCAP-109-3,LABCAP-109-3,RESOLVED,2026-09-25T23:59:59-06:00,2026-09-26T08:00:00-06:00,2026-06-29T00:00:00-06:00,,1,,false,PLANNING_FUTURE,,,VALID,CURRENT,coolit-synthetic-v2.0.0,ALL_SYNTHETIC_CUSTOMERS,ALL_SYNTHETIC_PROGRAMS,ALL_SYNTHETIC_PRODUCTS,SYNTHETIC_INTERNAL,SNP-COOLIT-20260925-BL,SCN-BASELINE,LABCAP-109-3,2026-P05,COOLANT_DISTRIBUTION_UNIT,SKILL-CDU-ASSEMBLY,SHIFT-C,8,19200,0,0,19200,QUALIFIED_AVAILABLE
TEN-COOLIT-SYN-001,SITE-COOLIT-SYN-01,ERP,LABOR_CAPACITY,LABCAP-110-1,LABCAP-110-1,RESOLVED,2026-09-25T23:59:59-06:00,2026-09-26T08:00:00-06:00,2026-06-29T00:00:00-06:00,,1,,false,PLANNING_FUTURE,,,VALID,CURRENT,coolit-synthetic-v2.0.0,ALL_SYNTHETIC_CUSTOMERS,ALL_SYNTHETIC_PROGRAMS,ALL_SYNTHETIC_PRODUCTS,SYNTHETIC_INTERNAL,SNP-COOLIT-20260925-BL,SCN-BASELINE,LABCAP-110-1,2026-P06,COLDPLATE_LOOP,SKILL-CPL-ASSEMBLY,SHIFT-B,12,28800,0,600,28200,QUALIFIED_AVAILABLE
TEN-COOLIT-SYN-001,SITE-COOLIT-SYN-01,ERP,LABOR_CAPACITY,LABCAP-110-2,LABCAP-110-2,RESOLVED,2026-09-25T23:59:59-06:00,2026-09-26T08:00:00-06:00,2026-06-29T00:00:00-06:00,,1,,false,PLANNING_FUTURE,,,VALID,CURRENT,coolit-synthetic-v2.0.0,ALL_SYNTHETIC_CUSTOMERS,ALL_SYNTHETIC_PROGRAMS,ALL_SYNTHETIC_PRODUCTS,SYNTHETIC_INTERNAL,SNP-COOLIT-20260925-BL,SCN-BASELINE,LABCAP-110-2,2026-P06,RACK_MANIFOLD,SKILL-RM-ASSEMBLY,SHIFT-C,8,19200,0,0,19200,QUALIFIED_AVAILABLE
TEN-COOLIT-SYN-001,SITE-COOLIT-SYN-01,ERP,LABOR_CAPACITY,LABCAP-110-3,LABCAP-110-3,RESOLVED,2026-09-25T23:59:59-06:00,2026-09-26T08:00:00-06:00,2026-06-29T00:00:00-06:00,,1,,false,PLANNING_FUTURE,,,VALID,CURRENT,coolit-synthetic-v2.0.0,ALL_SYNTHETIC_CUSTOMERS,ALL_SYNTHETIC_PROGRAMS,ALL_SYNTHETIC_PRODUCTS,SYNTHETIC_INTERNAL,SNP-COOLIT-20260925-BL,SCN-BASELINE,LABCAP-110-3,2026-P06,COOLANT_DISTRIBUTION_UNIT,SKILL-CDU-ASSEMBLY,SHIFT-A,9,21600,0,60,21540,QUALIFIED_AVAILABLE
TEN-COOLIT-SYN-001,SITE-COOLIT-SYN-01,ERP,LABOR_CAPACITY,LABCAP-111-1,LABCAP-111-1,RESOLVED,2026-09-25T23:59:59-06:00,2026-09-26T08:00:00-06:00,2026-06-29T00:00:00-06:00,,1,,false,PLANNING_FUTURE,,,VALID,CURRENT,coolit-synthetic-v2.0.0,ALL_SYNTHETIC_CUSTOMERS,ALL_SYNTHETIC_PROGRAMS,ALL_SYNTHETIC_PRODUCTS,SYNTHETIC_INTERNAL,SNP-COOLIT-20260925-BL,SCN-BASELINE,LABCAP-111-1,2026-P07,COLDPLATE_LOOP,SKILL-CPL-ASSEMBLY,SHIFT-C,8,19200,0,0,19200,QUALIFIED_AVAILABLE
TEN-COOLIT-SYN-001,SITE-COOLIT-SYN-01,ERP,LABOR_CAPACITY,LABCAP-111-2,LABCAP-111-2,RESOLVED,2026-09-25T23:59:59-06:00,2026-09-26T08:00:00-06:00,2026-06-29T00:00:00-06:00,,1,,false,PLANNING_FUTURE,,,VALID,CURRENT,coolit-synthetic-v2.0.0,ALL_SYNTHETIC_CUSTOMERS,ALL_SYNTHETIC_PROGRAMS,ALL_SYNTHETIC_PRODUCTS,SYNTHETIC_INTERNAL,SNP-COOLIT-20260925-BL,SCN-BASELINE,LABCAP-111-2,2026-P07,RACK_MANIFOLD,SKILL-RM-ASSEMBLY,SHIFT-A,9,21600,0,60,21540,QUALIFIED_AVAILABLE
TEN-COOLIT-SYN-001,SITE-COOLIT-SYN-01,ERP,LABOR_CAPACITY,LABCAP-111-3,LABCAP-111-3,RESOLVED,2026-09-25T23:59:59-06:00,2026-09-26T08:00:00-06:00,2026-06-29T00:00:00-06:00,,1,,false,PLANNING_FUTURE,,,VALID,CURRENT,coolit-synthetic-v2.0.0,ALL_SYNTHETIC_CUSTOMERS,ALL_SYNTHETIC_PROGRAMS,ALL_SYNTHETIC_PRODUCTS,SYNTHETIC_INTERNAL,SNP-COOLIT-20260925-BL,SCN-BASELINE,LABCAP-111-3,2026-P07,COOLANT_DISTRIBUTION_UNIT,SKILL-CDU-ASSEMBLY,SHIFT-B,10,24000,0,120,23880,QUALIFIED_AVAILABLE
TEN-COOLIT-SYN-001,SITE-COOLIT-SYN-01,ERP,LABOR_CAPACITY,LABCAP-112-1,LABCAP-112-1,RESOLVED,2026-09-25T23:59:59-06:00,2026-09-26T08:00:00-06:00,2026-06-29T00:00:00-06:00,,1,,false,PLANNING_FUTURE,,,VALID,CURRENT,coolit-synthetic-v2.0.0,ALL_SYNTHETIC_CUSTOMERS,ALL_SYNTHETIC_PROGRAMS,ALL_SYNTHETIC_PRODUCTS,SYNTHETIC_INTERNAL,SNP-COOLIT-20260925-BL,SCN-BASELINE,LABCAP-112-1,2026-P08,COLDPLATE_LOOP,SKILL-CPL-ASSEMBLY,SHIFT-A,9,21600,0,60,21540,QUALIFIED_AVAILABLE
TEN-COOLIT-SYN-001,SITE-COOLIT-SYN-01,ERP,LABOR_CAPACITY,LABCAP-112-2,LABCAP-112-2,RESOLVED,2026-09-25T23:59:59-06:00,2026-09-26T08:00:00-06:00,2026-06-29T00:00:00-06:00,,1,,false,PLANNING_FUTURE,,,VALID,CURRENT,coolit-synthetic-v2.0.0,ALL_SYNTHETIC_CUSTOMERS,ALL_SYNTHETIC_PROGRAMS,ALL_SYNTHETIC_PRODUCTS,SYNTHETIC_INTERNAL,SNP-COOLIT-20260925-BL,SCN-BASELINE,LABCAP-112-2,2026-P08,RACK_MANIFOLD,SKILL-RM-ASSEMBLY,SHIFT-B,10,24000,0,120,23880,QUALIFIED_AVAILABLE
TEN-COOLIT-SYN-001,SITE-COOLIT-SYN-01,ERP,LABOR_CAPACITY,LABCAP-112-3,LABCAP-112-3,RESOLVED,2026-09-25T23:59:59-06:00,2026-09-26T08:00:00-06:00,2026-06-29T00:00:00-06:00,,1,,false,PLANNING_FUTURE,,,VALID,CURRENT,coolit-synthetic-v2.0.0,ALL_SYNTHETIC_CUSTOMERS,ALL_SYNTHETIC_PROGRAMS,ALL_SYNTHETIC_PRODUCTS,SYNTHETIC_INTERNAL,SNP-COOLIT-20260925-BL,SCN-BASELINE,LABCAP-112-3,2026-P08,COOLANT_DISTRIBUTION_UNIT,SKILL-CDU-ASSEMBLY,SHIFT-C,11,26400,0,180,26220,QUALIFIED_AVAILABLE
TEN-COOLIT-SYN-001,SITE-COOLIT-SYN-01,ERP,LABOR_CAPACITY,LABCAP-113-1,LABCAP-113-1,RESOLVED,2026-09-25T23:59:59-06:00,2026-09-26T08:00:00-06:00,2026-06-29T00:00:00-06:00,,1,,false,PLANNING_FUTURE,,,VALID,CURRENT,coolit-synthetic-v2.0.0,ALL_SYNTHETIC_CUSTOMERS,ALL_SYNTHETIC_PROGRAMS,ALL_SYNTHETIC_PRODUCTS,SYNTHETIC_INTERNAL,SNP-COOLIT-20260925-BL,SCN-BASELINE,LABCAP-113-1,2026-P09,COLDPLATE_LOOP,SKILL-CPL-ASSEMBLY,SHIFT-B,10,24000,0,120,23880,QUALIFIED_AVAILABLE
TEN-COOLIT-SYN-001,SITE-COOLIT-SYN-01,ERP,LABOR_CAPACITY,LABCAP-113-2,LABCAP-113-2,RESOLVED,2026-09-25T23:59:59-06:00,2026-09-26T08:00:00-06:00,2026-06-29T00:00:00-06:00,,1,,false,PLANNING_FUTURE,,,VALID,CURRENT,coolit-synthetic-v2.0.0,ALL_SYNTHETIC_CUSTOMERS,ALL_SYNTHETIC_PROGRAMS,ALL_SYNTHETIC_PRODUCTS,SYNTHETIC_INTERNAL,SNP-COOLIT-20260925-BL,SCN-BASELINE,LABCAP-113-2,2026-P09,RACK_MANIFOLD,SKILL-RM-ASSEMBLY,SHIFT-C,11,26400,0,180,26220,QUALIFIED_AVAILABLE
TEN-COOLIT-SYN-001,SITE-COOLIT-SYN-01,ERP,LABOR_CAPACITY,LABCAP-113-3,LABCAP-113-3,RESOLVED,2026-09-25T23:59:59-06:00,2026-09-26T08:00:00-06:00,2026-06-29T00:00:00-06:00,,1,,false,PLANNING_FUTURE,,,VALID,CURRENT,coolit-synthetic-v2.0.0,ALL_SYNTHETIC_CUSTOMERS,ALL_SYNTHETIC_PROGRAMS,ALL_SYNTHETIC_PRODUCTS,SYNTHETIC_INTERNAL,SNP-COOLIT-20260925-BL,SCN-BASELINE,LABCAP-113-3,2026-P09,COOLANT_DISTRIBUTION_UNIT,SKILL-CDU-ASSEMBLY,SHIFT-A,12,28800,0,240,28560,QUALIFIED_AVAILABLE
TEN-COOLIT-SYN-001,SITE-COOLIT-SYN-01,ERP,LABOR_CAPACITY,LABCAP-114-1,LABCAP-114-1,RESOLVED,2026-09-25T23:59:59-06:00,2026-09-26T08:00:00-06:00,2026-06-29T00:00:00-06:00,,1,,false,PLANNING_FUTURE,,,VALID,CURRENT,coolit-synthetic-v2.0.0,ALL_SYNTHETIC_CUSTOMERS,ALL_SYNTHETIC_PROGRAMS,ALL_SYNTHETIC_PRODUCTS,SYNTHETIC_INTERNAL,SNP-COOLIT-20260925-BL,SCN-BASELINE,LABCAP-114-1,2026-P10,COLDPLATE_LOOP,SKILL-CPL-ASSEMBLY,SHIFT-C,11,26400,0,180,26220,QUALIFIED_AVAILABLE
TEN-COOLIT-SYN-001,SITE-COOLIT-SYN-01,ERP,LABOR_CAPACITY,LABCAP-114-2,LABCAP-114-2,RESOLVED,2026-09-25T23:59:59-06:00,2026-09-26T08:00:00-06:00,2026-06-29T00:00:00-06:00,,1,,false,PLANNING_FUTURE,,,VALID,CURRENT,coolit-synthetic-v2.0.0,ALL_SYNTHETIC_CUSTOMERS,ALL_SYNTHETIC_PROGRAMS,ALL_SYNTHETIC_PRODUCTS,SYNTHETIC_INTERNAL,SNP-COOLIT-20260925-BL,SCN-BASELINE,LABCAP-114-2,2026-P10,RACK_MANIFOLD,SKILL-RM-ASSEMBLY,SHIFT-A,12,28800,0,240,28560,QUALIFIED_AVAILABLE
TEN-COOLIT-SYN-001,SITE-COOLIT-SYN-01,ERP,LABOR_CAPACITY,LABCAP-114-3,LABCAP-114-3,RESOLVED,2026-09-25T23:59:59-06:00,2026-09-26T08:00:00-06:00,2026-06-29T00:00:00-06:00,,1,,false,PLANNING_FUTURE,,,VALID,CURRENT,coolit-synthetic-v2.0.0,ALL_SYNTHETIC_CUSTOMERS,ALL_SYNTHETIC_PROGRAMS,ALL_SYNTHETIC_PRODUCTS,SYNTHETIC_INTERNAL,SNP-COOLIT-20260925-BL,SCN-BASELINE,LABCAP-114-3,2026-P10,COOLANT_DISTRIBUTION_UNIT,SKILL-CDU-ASSEMBLY,SHIFT-B,8,19200,0,300,18900,QUALIFIED_AVAILABLE
TEN-COOLIT-SYN-001,SITE-COOLIT-SYN-01,ERP,LABOR_CAPACITY,LABCAP-115-1,LABCAP-115-1,RESOLVED,2026-09-25T23:59:59-06:00,2026-09-26T08:00:00-06:00,2026-06-29T00:00:00-06:00,,1,,false,PLANNING_FUTURE,,,VALID,CURRENT,coolit-synthetic-v2.0.0,ALL_SYNTHETIC_CUSTOMERS,ALL_SYNTHETIC_PROGRAMS,ALL_SYNTHETIC_PRODUCTS,SYNTHETIC_INTERNAL,SNP-COOLIT-20260925-BL,SCN-BASELINE,LABCAP-115-1,2026-P11,COLDPLATE_LOOP,SKILL-CPL-ASSEMBLY,SHIFT-A,12,28800,0,240,28560,QUALIFIED_AVAILABLE
TEN-COOLIT-SYN-001,SITE-COOLIT-SYN-01,ERP,LABOR_CAPACITY,LABCAP-115-2,LABCAP-115-2,RESOLVED,2026-09-25T23:59:59-06:00,2026-09-26T08:00:00-06:00,2026-06-29T00:00:00-06:00,,1,,false,PLANNING_FUTURE,,,VALID,CURRENT,coolit-synthetic-v2.0.0,ALL_SYNTHETIC_CUSTOMERS,ALL_SYNTHETIC_PROGRAMS,ALL_SYNTHETIC_PRODUCTS,SYNTHETIC_INTERNAL,SNP-COOLIT-20260925-BL,SCN-BASELINE,LABCAP-115-2,2026-P11,RACK_MANIFOLD,SKILL-RM-ASSEMBLY,SHIFT-B,8,19200,0,300,18900,QUALIFIED_AVAILABLE
TEN-COOLIT-SYN-001,SITE-COOLIT-SYN-01,ERP,LABOR_CAPACITY,LABCAP-115-3,LABCAP-115-3,RESOLVED,2026-09-25T23:59:59-06:00,2026-09-26T08:00:00-06:00,2026-06-29T00:00:00-06:00,,1,,false,PLANNING_FUTURE,,,VALID,CURRENT,coolit-synthetic-v2.0.0,ALL_SYNTHETIC_CUSTOMERS,ALL_SYNTHETIC_PROGRAMS,ALL_SYNTHETIC_PRODUCTS,SYNTHETIC_INTERNAL,SNP-COOLIT-20260925-BL,SCN-BASELINE,LABCAP-115-3,2026-P11,COOLANT_DISTRIBUTION_UNIT,SKILL-CDU-ASSEMBLY,SHIFT-C,9,21600,0,360,21240,QUALIFIED_AVAILABLE
TEN-COOLIT-SYN-001,SITE-COOLIT-SYN-01,ERP,LABOR_CAPACITY,LABCAP-116-1,LABCAP-116-1,RESOLVED,2026-09-25T23:59:59-06:00,2026-09-26T08:00:00-06:00,2026-06-29T00:00:00-06:00,,1,,false,PLANNING_FUTURE,,,VALID,CURRENT,coolit-synthetic-v2.0.0,ALL_SYNTHETIC_CUSTOMERS,ALL_SYNTHETIC_PROGRAMS,ALL_SYNTHETIC_PRODUCTS,SYNTHETIC_INTERNAL,SNP-COOLIT-20260925-BL,SCN-BASELINE,LABCAP-116-1,2026-P12,COLDPLATE_LOOP,SKILL-CPL-ASSEMBLY,SHIFT-B,8,19200,0,300,18900,QUALIFIED_AVAILABLE
TEN-COOLIT-SYN-001,SITE-COOLIT-SYN-01,ERP,LABOR_CAPACITY,LABCAP-116-2,LABCAP-116-2,RESOLVED,2026-09-25T23:59:59-06:00,2026-09-26T08:00:00-06:00,2026-06-29T00:00:00-06:00,,1,,false,PLANNING_FUTURE,,,VALID,CURRENT,coolit-synthetic-v2.0.0,ALL_SYNTHETIC_CUSTOMERS,ALL_SYNTHETIC_PROGRAMS,ALL_SYNTHETIC_PRODUCTS,SYNTHETIC_INTERNAL,SNP-COOLIT-20260925-BL,SCN-BASELINE,LABCAP-116-2,2026-P12,RACK_MANIFOLD,SKILL-RM-ASSEMBLY,SHIFT-C,9,21600,0,360,21240,QUALIFIED_AVAILABLE
TEN-COOLIT-SYN-001,SITE-COOLIT-SYN-01,ERP,LABOR_CAPACITY,LABCAP-116-3,LABCAP-116-3,RESOLVED,2026-09-25T23:59:59-06:00,2026-09-26T08:00:00-06:00,2026-06-29T00:00:00-06:00,,1,,false,PLANNING_FUTURE,,,VALID,CURRENT,coolit-synthetic-v2.0.0,ALL_SYNTHETIC_CUSTOMERS,ALL_SYNTHETIC_PROGRAMS,ALL_SYNTHETIC_PRODUCTS,SYNTHETIC_INTERNAL,SNP-COOLIT-20260925-BL,SCN-BASELINE,LABCAP-116-3,2026-P12,COOLANT_DISTRIBUTION_UNIT,SKILL-CDU-ASSEMBLY,SHIFT-A,10,24000,0,420,23580,QUALIFIED_AVAILABLE
TEN-COOLIT-SYN-001,SITE-COOLIT-SYN-01,ERP,LABOR_CAPACITY,LABCAP-117-1,LABCAP-117-1,RESOLVED,2026-09-25T23:59:59-06:00,2026-09-26T08:00:00-06:00,2026-06-29T00:00:00-06:00,,1,,false,PLANNING_FUTURE,,,VALID,CURRENT,coolit-synthetic-v2.0.0,ALL_SYNTHETIC_CUSTOMERS,ALL_SYNTHETIC_PROGRAMS,ALL_SYNTHETIC_PRODUCTS,SYNTHETIC_INTERNAL,SNP-COOLIT-20260925-BL,SCN-BASELINE,LABCAP-117-1,2026-P13,COLDPLATE_LOOP,SKILL-CPL-ASSEMBLY,SHIFT-C,9,21600,0,360,21240,QUALIFIED_AVAILABLE
TEN-COOLIT-SYN-001,SITE-COOLIT-SYN-01,ERP,LABOR_CAPACITY,LABCAP-117-2,LABCAP-117-2,RESOLVED,2026-09-25T23:59:59-06:00,2026-09-26T08:00:00-06:00,2026-06-29T00:00:00-06:00,,1,,false,PLANNING_FUTURE,,,VALID,CURRENT,coolit-synthetic-v2.0.0,ALL_SYNTHETIC_CUSTOMERS,ALL_SYNTHETIC_PROGRAMS,ALL_SYNTHETIC_PRODUCTS,SYNTHETIC_INTERNAL,SNP-COOLIT-20260925-BL,SCN-BASELINE,LABCAP-117-2,2026-P13,RACK_MANIFOLD,SKILL-RM-ASSEMBLY,SHIFT-A,10,24000,0,420,23580,QUALIFIED_AVAILABLE
TEN-COOLIT-SYN-001,SITE-COOLIT-SYN-01,ERP,LABOR_CAPACITY,LABCAP-117-3,LABCAP-117-3,RESOLVED,2026-09-25T23:59:59-06:00,2026-09-26T08:00:00-06:00,2026-06-29T00:00:00-06:00,,1,,false,PLANNING_FUTURE,,,VALID,CURRENT,coolit-synthetic-v2.0.0,ALL_SYNTHETIC_CUSTOMERS,ALL_SYNTHETIC_PROGRAMS,ALL_SYNTHETIC_PRODUCTS,SYNTHETIC_INTERNAL,SNP-COOLIT-20260925-BL,SCN-BASELINE,LABCAP-117-3,2026-P13,COOLANT_DISTRIBUTION_UNIT,SKILL-CDU-ASSEMBLY,SHIFT-B,11,26400,0,480,25920,QUALIFIED_AVAILABLE
TEN-COOLIT-SYN-001,SITE-COOLIT-SYN-01,ERP,LABOR_CAPACITY,LABCAP-118-1,LABCAP-118-1,RESOLVED,2026-09-25T23:59:59-06:00,2026-09-26T08:00:00-06:00,2026-06-29T00:00:00-06:00,,1,,false,PLANNING_FUTURE,,,VALID,CURRENT,coolit-synthetic-v2.0.0,ALL_SYNTHETIC_CUSTOMERS,ALL_SYNTHETIC_PROGRAMS,ALL_SYNTHETIC_PRODUCTS,SYNTHETIC_INTERNAL,SNP-COOLIT-20260925-BL,SCN-BASELINE,LABCAP-118-1,2026-P14,COLDPLATE_LOOP,SKILL-CPL-ASSEMBLY,SHIFT-A,10,24000,0,420,23580,QUALIFIED_AVAILABLE
TEN-COOLIT-SYN-001,SITE-COOLIT-SYN-01,ERP,LABOR_CAPACITY,LABCAP-118-2,LABCAP-118-2,RESOLVED,2026-09-25T23:59:59-06:00,2026-09-26T08:00:00-06:00,2026-06-29T00:00:00-06:00,,1,,false,PLANNING_FUTURE,,,VALID,CURRENT,coolit-synthetic-v2.0.0,ALL_SYNTHETIC_CUSTOMERS,ALL_SYNTHETIC_PROGRAMS,ALL_SYNTHETIC_PRODUCTS,SYNTHETIC_INTERNAL,SNP-COOLIT-20260925-BL,SCN-BASELINE,LABCAP-118-2,2026-P14,RACK_MANIFOLD,SKILL-RM-ASSEMBLY,SHIFT-B,11,26400,0,480,25920,QUALIFIED_AVAILABLE
TEN-COOLIT-SYN-001,SITE-COOLIT-SYN-01,ERP,LABOR_CAPACITY,LABCAP-118-3,LABCAP-118-3,RESOLVED,2026-09-25T23:59:59-06:00,2026-09-26T08:00:00-06:00,2026-06-29T00:00:00-06:00,,1,,false,PLANNING_FUTURE,,,VALID,CURRENT,coolit-synthetic-v2.0.0,ALL_SYNTHETIC_CUSTOMERS,ALL_SYNTHETIC_PROGRAMS,ALL_SYNTHETIC_PRODUCTS,SYNTHETIC_INTERNAL,SNP-COOLIT-20260925-BL,SCN-BASELINE,LABCAP-118-3,2026-P14,COOLANT_DISTRIBUTION_UNIT,SKILL-CDU-ASSEMBLY,SHIFT-C,12,28800,0,540,28260,QUALIFIED_AVAILABLE
TEN-COOLIT-SYN-001,SITE-COOLIT-SYN-01,ERP,LABOR_CAPACITY,LABCAP-119-1,LABCAP-119-1,RESOLVED,2026-09-25T23:59:59-06:00,2026-09-26T08:00:00-06:00,2026-06-29T00:00:00-06:00,,1,,false,PLANNING_FUTURE,,,VALID,CURRENT,coolit-synthetic-v2.0.0,ALL_SYNTHETIC_CUSTOMERS,ALL_SYNTHETIC_PROGRAMS,ALL_SYNTHETIC_PRODUCTS,SYNTHETIC_INTERNAL,SNP-COOLIT-20260925-BL,SCN-BASELINE,LABCAP-119-1,2026-P15,COLDPLATE_LOOP,SKILL-CPL-ASSEMBLY,SHIFT-B,11,26400,0,480,25920,QUALIFIED_AVAILABLE
TEN-COOLIT-SYN-001,SITE-COOLIT-SYN-01,ERP,LABOR_CAPACITY,LABCAP-119-2,LABCAP-119-2,RESOLVED,2026-09-25T23:59:59-06:00,2026-09-26T08:00:00-06:00,2026-06-29T00:00:00-06:00,,1,,false,PLANNING_FUTURE,,,VALID,CURRENT,coolit-synthetic-v2.0.0,ALL_SYNTHETIC_CUSTOMERS,ALL_SYNTHETIC_PROGRAMS,ALL_SYNTHETIC_PRODUCTS,SYNTHETIC_INTERNAL,SNP-COOLIT-20260925-BL,SCN-BASELINE,LABCAP-119-2,2026-P15,RACK_MANIFOLD,SKILL-RM-ASSEMBLY,SHIFT-C,12,28800,0,540,28260,QUALIFIED_AVAILABLE
TEN-COOLIT-SYN-001,SITE-COOLIT-SYN-01,ERP,LABOR_CAPACITY,LABCAP-119-3,LABCAP-119-3,RESOLVED,2026-09-25T23:59:59-06:00,2026-09-26T08:00:00-06:00,2026-06-29T00:00:00-06:00,,1,,false,PLANNING_FUTURE,,,VALID,CURRENT,coolit-synthetic-v2.0.0,ALL_SYNTHETIC_CUSTOMERS,ALL_SYNTHETIC_PROGRAMS,ALL_SYNTHETIC_PRODUCTS,SYNTHETIC_INTERNAL,SNP-COOLIT-20260925-BL,SCN-BASELINE,LABCAP-119-3,2026-P15,COOLANT_DISTRIBUTION_UNIT,SKILL-CDU-ASSEMBLY,SHIFT-A,8,19200,0,600,18600,QUALIFIED_AVAILABLE
TEN-COOLIT-SYN-001,SITE-COOLIT-SYN-01,ERP,LABOR_CAPACITY,LABCAP-120-1,LABCAP-120-1,RESOLVED,2026-09-25T23:59:59-06:00,2026-09-26T08:00:00-06:00,2026-06-29T00:00:00-06:00,,1,,false,PLANNING_FUTURE,,,VALID,CURRENT,coolit-synthetic-v2.0.0,ALL_SYNTHETIC_CUSTOMERS,ALL_SYNTHETIC_PROGRAMS,ALL_SYNTHETIC_PRODUCTS,SYNTHETIC_INTERNAL,SNP-COOLIT-20260925-BL,SCN-BASELINE,LABCAP-120-1,2026-P16,COLDPLATE_LOOP,SKILL-CPL-ASSEMBLY,SHIFT-C,12,28800,0,540,28260,QUALIFIED_AVAILABLE
TEN-COOLIT-SYN-001,SITE-COOLIT-SYN-01,ERP,LABOR_CAPACITY,LABCAP-120-2,LABCAP-120-2,RESOLVED,2026-09-25T23:59:59-06:00,2026-09-26T08:00:00-06:00,2026-06-29T00:00:00-06:00,,1,,false,PLANNING_FUTURE,,,VALID,CURRENT,coolit-synthetic-v2.0.0,ALL_SYNTHETIC_CUSTOMERS,ALL_SYNTHETIC_PROGRAMS,ALL_SYNTHETIC_PRODUCTS,SYNTHETIC_INTERNAL,SNP-COOLIT-20260925-BL,SCN-BASELINE,LABCAP-120-2,2026-P16,RACK_MANIFOLD,SKILL-RM-ASSEMBLY,SHIFT-A,8,19200,0,600,18600,QUALIFIED_AVAILABLE
TEN-COOLIT-SYN-001,SITE-COOLIT-SYN-01,ERP,LABOR_CAPACITY,LABCAP-120-3,LABCAP-120-3,RESOLVED,2026-09-25T23:59:59-06:00,2026-09-26T08:00:00-06:00,2026-06-29T00:00:00-06:00,,1,,false,PLANNING_FUTURE,,,VALID,CURRENT,coolit-synthetic-v2.0.0,ALL_SYNTHETIC_CUSTOMERS,ALL_SYNTHETIC_PROGRAMS,ALL_SYNTHETIC_PRODUCTS,SYNTHETIC_INTERNAL,SNP-COOLIT-20260925-BL,SCN-BASELINE,LABCAP-120-3,2026-P16,COOLANT_DISTRIBUTION_UNIT,SKILL-CDU-ASSEMBLY,SHIFT-B,9,21600,0,0,21600,QUALIFIED_AVAILABLE
TEN-COOLIT-SYN-001,SITE-COOLIT-SYN-01,ERP,LABOR_CAPACITY,LABCAP-121-1,LABCAP-121-1,RESOLVED,2026-09-25T23:59:59-06:00,2026-09-26T08:00:00-06:00,2026-06-29T00:00:00-06:00,,1,,false,PLANNING_FUTURE,,,VALID,CURRENT,coolit-synthetic-v2.0.0,ALL_SYNTHETIC_CUSTOMERS,ALL_SYNTHETIC_PROGRAMS,ALL_SYNTHETIC_PRODUCTS,SYNTHETIC_INTERNAL,SNP-COOLIT-20260925-BL,SCN-BASELINE,LABCAP-121-1,2026-P17,COLDPLATE_LOOP,SKILL-CPL-ASSEMBLY,SHIFT-A,8,19200,0,600,18600,QUALIFIED_AVAILABLE
TEN-COOLIT-SYN-001,SITE-COOLIT-SYN-01,ERP,LABOR_CAPACITY,LABCAP-121-2,LABCAP-121-2,RESOLVED,2026-09-25T23:59:59-06:00,2026-09-26T08:00:00-06:00,2026-06-29T00:00:00-06:00,,1,,false,PLANNING_FUTURE,,,VALID,CURRENT,coolit-synthetic-v2.0.0,ALL_SYNTHETIC_CUSTOMERS,ALL_SYNTHETIC_PROGRAMS,ALL_SYNTHETIC_PRODUCTS,SYNTHETIC_INTERNAL,SNP-COOLIT-20260925-BL,SCN-BASELINE,LABCAP-121-2,2026-P17,RACK_MANIFOLD,SKILL-RM-ASSEMBLY,SHIFT-B,9,21600,0,0,21600,QUALIFIED_AVAILABLE
TEN-COOLIT-SYN-001,SITE-COOLIT-SYN-01,ERP,LABOR_CAPACITY,LABCAP-121-3,LABCAP-121-3,RESOLVED,2026-09-25T23:59:59-06:00,2026-09-26T08:00:00-06:00,2026-06-29T00:00:00-06:00,,1,,false,PLANNING_FUTURE,,,VALID,CURRENT,coolit-synthetic-v2.0.0,ALL_SYNTHETIC_CUSTOMERS,ALL_SYNTHETIC_PROGRAMS,ALL_SYNTHETIC_PRODUCTS,SYNTHETIC_INTERNAL,SNP-COOLIT-20260925-BL,SCN-BASELINE,LABCAP-121-3,2026-P17,COOLANT_DISTRIBUTION_UNIT,SKILL-CDU-ASSEMBLY,SHIFT-C,10,24000,0,60,23940,QUALIFIED_AVAILABLE
TEN-COOLIT-SYN-001,SITE-COOLIT-SYN-01,ERP,LABOR_CAPACITY,LABCAP-122-1,LABCAP-122-1,RESOLVED,2026-09-25T23:59:59-06:00,2026-09-26T08:00:00-06:00,2026-06-29T00:00:00-06:00,,1,,false,PLANNING_FUTURE,,,VALID,CURRENT,coolit-synthetic-v2.0.0,ALL_SYNTHETIC_CUSTOMERS,ALL_SYNTHETIC_PROGRAMS,ALL_SYNTHETIC_PRODUCTS,SYNTHETIC_INTERNAL,SNP-COOLIT-20260925-BL,SCN-BASELINE,LABCAP-122-1,2026-P18,COLDPLATE_LOOP,SKILL-CPL-ASSEMBLY,SHIFT-B,9,21600,0,0,21600,QUALIFIED_AVAILABLE
TEN-COOLIT-SYN-001,SITE-COOLIT-SYN-01,ERP,LABOR_CAPACITY,LABCAP-122-2,LABCAP-122-2,RESOLVED,2026-09-25T23:59:59-06:00,2026-09-26T08:00:00-06:00,2026-06-29T00:00:00-06:00,,1,,false,PLANNING_FUTURE,,,VALID,CURRENT,coolit-synthetic-v2.0.0,ALL_SYNTHETIC_CUSTOMERS,ALL_SYNTHETIC_PROGRAMS,ALL_SYNTHETIC_PRODUCTS,SYNTHETIC_INTERNAL,SNP-COOLIT-20260925-BL,SCN-BASELINE,LABCAP-122-2,2026-P18,RACK_MANIFOLD,SKILL-RM-ASSEMBLY,SHIFT-C,10,24000,0,60,23940,QUALIFIED_AVAILABLE
TEN-COOLIT-SYN-001,SITE-COOLIT-SYN-01,ERP,LABOR_CAPACITY,LABCAP-122-3,LABCAP-122-3,RESOLVED,2026-09-25T23:59:59-06:00,2026-09-26T08:00:00-06:00,2026-06-29T00:00:00-06:00,,1,,false,PLANNING_FUTURE,,,VALID,CURRENT,coolit-synthetic-v2.0.0,ALL_SYNTHETIC_CUSTOMERS,ALL_SYNTHETIC_PROGRAMS,ALL_SYNTHETIC_PRODUCTS,SYNTHETIC_INTERNAL,SNP-COOLIT-20260925-BL,SCN-BASELINE,LABCAP-122-3,2026-P18,COOLANT_DISTRIBUTION_UNIT,SKILL-CDU-ASSEMBLY,SHIFT-A,11,26400,0,120,26280,QUALIFIED_AVAILABLE
TEN-COOLIT-SYN-001,SITE-COOLIT-SYN-01,ERP,LABOR_CAPACITY,LABCAP-123-1,LABCAP-123-1,RESOLVED,2026-09-25T23:59:59-06:00,2026-09-26T08:00:00-06:00,2026-06-29T00:00:00-06:00,,1,,false,PLANNING_FUTURE,,,VALID,CURRENT,coolit-synthetic-v2.0.0,ALL_SYNTHETIC_CUSTOMERS,ALL_SYNTHETIC_PROGRAMS,ALL_SYNTHETIC_PRODUCTS,SYNTHETIC_INTERNAL,SNP-COOLIT-20260925-BL,SCN-BASELINE,LABCAP-123-1,2026-P19,COLDPLATE_LOOP,SKILL-CPL-ASSEMBLY,SHIFT-C,10,24000,0,60,23940,QUALIFIED_AVAILABLE
TEN-COOLIT-SYN-001,SITE-COOLIT-SYN-01,ERP,LABOR_CAPACITY,LABCAP-123-2,LABCAP-123-2,RESOLVED,2026-09-25T23:59:59-06:00,2026-09-26T08:00:00-06:00,2026-06-29T00:00:00-06:00,,1,,false,PLANNING_FUTURE,,,VALID,CURRENT,coolit-synthetic-v2.0.0,ALL_SYNTHETIC_CUSTOMERS,ALL_SYNTHETIC_PROGRAMS,ALL_SYNTHETIC_PRODUCTS,SYNTHETIC_INTERNAL,SNP-COOLIT-20260925-BL,SCN-BASELINE,LABCAP-123-2,2026-P19,RACK_MANIFOLD,SKILL-RM-ASSEMBLY,SHIFT-A,11,26400,0,120,26280,QUALIFIED_AVAILABLE
TEN-COOLIT-SYN-001,SITE-COOLIT-SYN-01,ERP,LABOR_CAPACITY,LABCAP-123-3,LABCAP-123-3,RESOLVED,2026-09-25T23:59:59-06:00,2026-09-26T08:00:00-06:00,2026-06-29T00:00:00-06:00,,1,,false,PLANNING_FUTURE,,,VALID,CURRENT,coolit-synthetic-v2.0.0,ALL_SYNTHETIC_CUSTOMERS,ALL_SYNTHETIC_PROGRAMS,ALL_SYNTHETIC_PRODUCTS,SYNTHETIC_INTERNAL,SNP-COOLIT-20260925-BL,SCN-BASELINE,LABCAP-123-3,2026-P19,COOLANT_DISTRIBUTION_UNIT,SKILL-CDU-ASSEMBLY,SHIFT-B,12,28800,0,180,28620,QUALIFIED_AVAILABLE
TEN-COOLIT-SYN-001,SITE-COOLIT-SYN-01,ERP,LABOR_CAPACITY,LABCAP-124-1,LABCAP-124-1,RESOLVED,2026-09-25T23:59:59-06:00,2026-09-26T08:00:00-06:00,2026-06-29T00:00:00-06:00,,1,,false,PLANNING_FUTURE,,,VALID,CURRENT,coolit-synthetic-v2.0.0,ALL_SYNTHETIC_CUSTOMERS,ALL_SYNTHETIC_PROGRAMS,ALL_SYNTHETIC_PRODUCTS,SYNTHETIC_INTERNAL,SNP-COOLIT-20260925-BL,SCN-BASELINE,LABCAP-124-1,2026-P20,COLDPLATE_LOOP,SKILL-CPL-ASSEMBLY,SHIFT-A,11,26400,0,120,26280,QUALIFIED_AVAILABLE
TEN-COOLIT-SYN-001,SITE-COOLIT-SYN-01,ERP,LABOR_CAPACITY,LABCAP-124-2,LABCAP-124-2,RESOLVED,2026-09-25T23:59:59-06:00,2026-09-26T08:00:00-06:00,2026-06-29T00:00:00-06:00,,1,,false,PLANNING_FUTURE,,,VALID,CURRENT,coolit-synthetic-v2.0.0,ALL_SYNTHETIC_CUSTOMERS,ALL_SYNTHETIC_PROGRAMS,ALL_SYNTHETIC_PRODUCTS,SYNTHETIC_INTERNAL,SNP-COOLIT-20260925-BL,SCN-BASELINE,LABCAP-124-2,2026-P20,RACK_MANIFOLD,SKILL-RM-ASSEMBLY,SHIFT-B,12,28800,0,180,28620,QUALIFIED_AVAILABLE
TEN-COOLIT-SYN-001,SITE-COOLIT-SYN-01,ERP,LABOR_CAPACITY,LABCAP-124-3,LABCAP-124-3,RESOLVED,2026-09-25T23:59:59-06:00,2026-09-26T08:00:00-06:00,2026-06-29T00:00:00-06:00,,1,,false,PLANNING_FUTURE,,,VALID,CURRENT,coolit-synthetic-v2.0.0,ALL_SYNTHETIC_CUSTOMERS,ALL_SYNTHETIC_PROGRAMS,ALL_SYNTHETIC_PRODUCTS,SYNTHETIC_INTERNAL,SNP-COOLIT-20260925-BL,SCN-BASELINE,LABCAP-124-3,2026-P20,COOLANT_DISTRIBUTION_UNIT,SKILL-CDU-ASSEMBLY,SHIFT-C,8,19200,0,240,18960,QUALIFIED_AVAILABLE
TEN-COOLIT-SYN-001,SITE-COOLIT-SYN-01,ERP,LABOR_CAPACITY,LABCAP-125-1,LABCAP-125-1,RESOLVED,2026-09-25T23:59:59-06:00,2026-09-26T08:00:00-06:00,2026-06-29T00:00:00-06:00,,1,,false,PLANNING_FUTURE,,,VALID,CURRENT,coolit-synthetic-v2.0.0,ALL_SYNTHETIC_CUSTOMERS,ALL_SYNTHETIC_PROGRAMS,ALL_SYNTHETIC_PRODUCTS,SYNTHETIC_INTERNAL,SNP-COOLIT-20260925-BL,SCN-BASELINE,LABCAP-125-1,2026-P21,COLDPLATE_LOOP,SKILL-CPL-ASSEMBLY,SHIFT-B,12,28800,0,180,28620,QUALIFIED_AVAILABLE
TEN-COOLIT-SYN-001,SITE-COOLIT-SYN-01,ERP,LABOR_CAPACITY,LABCAP-125-2,LABCAP-125-2,RESOLVED,2026-09-25T23:59:59-06:00,2026-09-26T08:00:00-06:00,2026-06-29T00:00:00-06:00,,1,,false,PLANNING_FUTURE,,,VALID,CURRENT,coolit-synthetic-v2.0.0,ALL_SYNTHETIC_CUSTOMERS,ALL_SYNTHETIC_PROGRAMS,ALL_SYNTHETIC_PRODUCTS,SYNTHETIC_INTERNAL,SNP-COOLIT-20260925-BL,SCN-BASELINE,LABCAP-125-2,2026-P21,RACK_MANIFOLD,SKILL-RM-ASSEMBLY,SHIFT-C,8,19200,0,240,18960,QUALIFIED_AVAILABLE
TEN-COOLIT-SYN-001,SITE-COOLIT-SYN-01,ERP,LABOR_CAPACITY,LABCAP-125-3,LABCAP-125-3,RESOLVED,2026-09-25T23:59:59-06:00,2026-09-26T08:00:00-06:00,2026-06-29T00:00:00-06:00,,1,,false,PLANNING_FUTURE,,,VALID,CURRENT,coolit-synthetic-v2.0.0,ALL_SYNTHETIC_CUSTOMERS,ALL_SYNTHETIC_PROGRAMS,ALL_SYNTHETIC_PRODUCTS,SYNTHETIC_INTERNAL,SNP-COOLIT-20260925-BL,SCN-BASELINE,LABCAP-125-3,2026-P21,COOLANT_DISTRIBUTION_UNIT,SKILL-CDU-ASSEMBLY,SHIFT-A,9,21600,0,300,21300,QUALIFIED_AVAILABLE
TEN-COOLIT-SYN-001,SITE-COOLIT-SYN-01,ERP,LABOR_CAPACITY,LABCAP-126-1,LABCAP-126-1,RESOLVED,2026-09-25T23:59:59-06:00,2026-09-26T08:00:00-06:00,2026-06-29T00:00:00-06:00,,1,,false,PLANNING_FUTURE,,,VALID,CURRENT,coolit-synthetic-v2.0.0,ALL_SYNTHETIC_CUSTOMERS,ALL_SYNTHETIC_PROGRAMS,ALL_SYNTHETIC_PRODUCTS,SYNTHETIC_INTERNAL,SNP-COOLIT-20260925-BL,SCN-BASELINE,LABCAP-126-1,2026-P22,COLDPLATE_LOOP,SKILL-CPL-ASSEMBLY,SHIFT-C,8,19200,0,240,18960,QUALIFIED_AVAILABLE
TEN-COOLIT-SYN-001,SITE-COOLIT-SYN-01,ERP,LABOR_CAPACITY,LABCAP-126-2,LABCAP-126-2,RESOLVED,2026-09-25T23:59:59-06:00,2026-09-26T08:00:00-06:00,2026-06-29T00:00:00-06:00,,1,,false,PLANNING_FUTURE,,,VALID,CURRENT,coolit-synthetic-v2.0.0,ALL_SYNTHETIC_CUSTOMERS,ALL_SYNTHETIC_PROGRAMS,ALL_SYNTHETIC_PRODUCTS,SYNTHETIC_INTERNAL,SNP-COOLIT-20260925-BL,SCN-BASELINE,LABCAP-126-2,2026-P22,RACK_MANIFOLD,SKILL-RM-ASSEMBLY,SHIFT-A,9,21600,0,300,21300,QUALIFIED_AVAILABLE
TEN-COOLIT-SYN-001,SITE-COOLIT-SYN-01,ERP,LABOR_CAPACITY,LABCAP-126-3,LABCAP-126-3,RESOLVED,2026-09-25T23:59:59-06:00,2026-09-26T08:00:00-06:00,2026-06-29T00:00:00-06:00,,1,,false,PLANNING_FUTURE,,,VALID,CURRENT,coolit-synthetic-v2.0.0,ALL_SYNTHETIC_CUSTOMERS,ALL_SYNTHETIC_PROGRAMS,ALL_SYNTHETIC_PRODUCTS,SYNTHETIC_INTERNAL,SNP-COOLIT-20260925-BL,SCN-BASELINE,LABCAP-126-3,2026-P22,COOLANT_DISTRIBUTION_UNIT,SKILL-CDU-ASSEMBLY,SHIFT-B,10,24000,0,360,23640,QUALIFIED_AVAILABLE
TEN-COOLIT-SYN-001,SITE-COOLIT-SYN-01,ERP,LABOR_CAPACITY,LABCAP-127-1,LABCAP-127-1,RESOLVED,2026-09-25T23:59:59-06:00,2026-09-26T08:00:00-06:00,2026-06-29T00:00:00-06:00,,1,,false,PLANNING_FUTURE,,,VALID,CURRENT,coolit-synthetic-v2.0.0,ALL_SYNTHETIC_CUSTOMERS,ALL_SYNTHETIC_PROGRAMS,ALL_SYNTHETIC_PRODUCTS,SYNTHETIC_INTERNAL,SNP-COOLIT-20260925-BL,SCN-BASELINE,LABCAP-127-1,2026-P23,COLDPLATE_LOOP,SKILL-CPL-ASSEMBLY,SHIFT-A,9,21600,0,300,21300,QUALIFIED_AVAILABLE
TEN-COOLIT-SYN-001,SITE-COOLIT-SYN-01,ERP,LABOR_CAPACITY,LABCAP-127-2,LABCAP-127-2,RESOLVED,2026-09-25T23:59:59-06:00,2026-09-26T08:00:00-06:00,2026-06-29T00:00:00-06:00,,1,,false,PLANNING_FUTURE,,,VALID,CURRENT,coolit-synthetic-v2.0.0,ALL_SYNTHETIC_CUSTOMERS,ALL_SYNTHETIC_PROGRAMS,ALL_SYNTHETIC_PRODUCTS,SYNTHETIC_INTERNAL,SNP-COOLIT-20260925-BL,SCN-BASELINE,LABCAP-127-2,2026-P23,RACK_MANIFOLD,SKILL-RM-ASSEMBLY,SHIFT-B,10,24000,0,360,23640,QUALIFIED_AVAILABLE
TEN-COOLIT-SYN-001,SITE-COOLIT-SYN-01,ERP,LABOR_CAPACITY,LABCAP-127-3,LABCAP-127-3,RESOLVED,2026-09-25T23:59:59-06:00,2026-09-26T08:00:00-06:00,2026-06-29T00:00:00-06:00,,1,,false,PLANNING_FUTURE,,,VALID,CURRENT,coolit-synthetic-v2.0.0,ALL_SYNTHETIC_CUSTOMERS,ALL_SYNTHETIC_PROGRAMS,ALL_SYNTHETIC_PRODUCTS,SYNTHETIC_INTERNAL,SNP-COOLIT-20260925-BL,SCN-BASELINE,LABCAP-127-3,2026-P23,COOLANT_DISTRIBUTION_UNIT,SKILL-CDU-ASSEMBLY,SHIFT-C,11,26400,0,420,25980,QUALIFIED_AVAILABLE
TEN-COOLIT-SYN-001,SITE-COOLIT-SYN-01,ERP,LABOR_CAPACITY,LABCAP-128-1,LABCAP-128-1,RESOLVED,2026-09-25T23:59:59-06:00,2026-09-26T08:00:00-06:00,2026-06-29T00:00:00-06:00,,1,,false,PLANNING_FUTURE,,,VALID,CURRENT,coolit-synthetic-v2.0.0,ALL_SYNTHETIC_CUSTOMERS,ALL_SYNTHETIC_PROGRAMS,ALL_SYNTHETIC_PRODUCTS,SYNTHETIC_INTERNAL,SNP-COOLIT-20260925-BL,SCN-BASELINE,LABCAP-128-1,2026-P24,COLDPLATE_LOOP,SKILL-CPL-ASSEMBLY,SHIFT-B,10,24000,0,360,23640,QUALIFIED_AVAILABLE
TEN-COOLIT-SYN-001,SITE-COOLIT-SYN-01,ERP,LABOR_CAPACITY,LABCAP-128-2,LABCAP-128-2,RESOLVED,2026-09-25T23:59:59-06:00,2026-09-26T08:00:00-06:00,2026-06-29T00:00:00-06:00,,1,,false,PLANNING_FUTURE,,,VALID,CURRENT,coolit-synthetic-v2.0.0,ALL_SYNTHETIC_CUSTOMERS,ALL_SYNTHETIC_PROGRAMS,ALL_SYNTHETIC_PRODUCTS,SYNTHETIC_INTERNAL,SNP-COOLIT-20260925-BL,SCN-BASELINE,LABCAP-128-2,2026-P24,RACK_MANIFOLD,SKILL-RM-ASSEMBLY,SHIFT-C,11,26400,0,420,25980,QUALIFIED_AVAILABLE
TEN-COOLIT-SYN-001,SITE-COOLIT-SYN-01,ERP,LABOR_CAPACITY,LABCAP-128-3,LABCAP-128-3,RESOLVED,2026-09-25T23:59:59-06:00,2026-09-26T08:00:00-06:00,2026-06-29T00:00:00-06:00,,1,,false,PLANNING_FUTURE,,,VALID,CURRENT,coolit-synthetic-v2.0.0,ALL_SYNTHETIC_CUSTOMERS,ALL_SYNTHETIC_PROGRAMS,ALL_SYNTHETIC_PRODUCTS,SYNTHETIC_INTERNAL,SNP-COOLIT-20260925-BL,SCN-BASELINE,LABCAP-128-3,2026-P24,COOLANT_DISTRIBUTION_UNIT,SKILL-CDU-ASSEMBLY,SHIFT-A,12,28800,0,480,28320,QUALIFIED_AVAILABLE
TEN-COOLIT-SYN-001,SITE-COOLIT-SYN-01,ERP,LABOR_CAPACITY,LABCAP-129-1,LABCAP-129-1,RESOLVED,2026-09-25T23:59:59-06:00,2026-09-26T08:00:00-06:00,2026-06-29T00:00:00-06:00,,1,,false,PLANNING_FUTURE,,,VALID,CURRENT,coolit-synthetic-v2.0.0,ALL_SYNTHETIC_CUSTOMERS,ALL_SYNTHETIC_PROGRAMS,ALL_SYNTHETIC_PRODUCTS,SYNTHETIC_INTERNAL,SNP-COOLIT-20260925-BL,SCN-BASELINE,LABCAP-129-1,2026-P25,COLDPLATE_LOOP,SKILL-CPL-ASSEMBLY,SHIFT-C,11,26400,0,420,25980,QUALIFIED_AVAILABLE
TEN-COOLIT-SYN-001,SITE-COOLIT-SYN-01,ERP,LABOR_CAPACITY,LABCAP-129-2,LABCAP-129-2,RESOLVED,2026-09-25T23:59:59-06:00,2026-09-26T08:00:00-06:00,2026-06-29T00:00:00-06:00,,1,,false,PLANNING_FUTURE,,,VALID,CURRENT,coolit-synthetic-v2.0.0,ALL_SYNTHETIC_CUSTOMERS,ALL_SYNTHETIC_PROGRAMS,ALL_SYNTHETIC_PRODUCTS,SYNTHETIC_INTERNAL,SNP-COOLIT-20260925-BL,SCN-BASELINE,LABCAP-129-2,2026-P25,RACK_MANIFOLD,SKILL-RM-ASSEMBLY,SHIFT-A,12,28800,0,480,28320,QUALIFIED_AVAILABLE
TEN-COOLIT-SYN-001,SITE-COOLIT-SYN-01,ERP,LABOR_CAPACITY,LABCAP-129-3,LABCAP-129-3,RESOLVED,2026-09-25T23:59:59-06:00,2026-09-26T08:00:00-06:00,2026-06-29T00:00:00-06:00,,1,,false,PLANNING_FUTURE,,,VALID,CURRENT,coolit-synthetic-v2.0.0,ALL_SYNTHETIC_CUSTOMERS,ALL_SYNTHETIC_PROGRAMS,ALL_SYNTHETIC_PRODUCTS,SYNTHETIC_INTERNAL,SNP-COOLIT-20260925-BL,SCN-BASELINE,LABCAP-129-3,2026-P25,COOLANT_DISTRIBUTION_UNIT,SKILL-CDU-ASSEMBLY,SHIFT-B,8,19200,0,540,18660,QUALIFIED_AVAILABLE
TEN-COOLIT-SYN-001,SITE-COOLIT-SYN-01,ERP,LABOR_CAPACITY,LABCAP-130-1,LABCAP-130-1,RESOLVED,2026-09-25T23:59:59-06:00,2026-09-26T08:00:00-06:00,2026-06-29T00:00:00-06:00,,1,,false,PLANNING_FUTURE,,,VALID,CURRENT,coolit-synthetic-v2.0.0,ALL_SYNTHETIC_CUSTOMERS,ALL_SYNTHETIC_PROGRAMS,ALL_SYNTHETIC_PRODUCTS,SYNTHETIC_INTERNAL,SNP-COOLIT-20260925-BL,SCN-BASELINE,LABCAP-130-1,2026-P26,COLDPLATE_LOOP,SKILL-CPL-ASSEMBLY,SHIFT-A,12,28800,0,480,28320,QUALIFIED_AVAILABLE
TEN-COOLIT-SYN-001,SITE-COOLIT-SYN-01,ERP,LABOR_CAPACITY,LABCAP-130-2,LABCAP-130-2,RESOLVED,2026-09-25T23:59:59-06:00,2026-09-26T08:00:00-06:00,2026-06-29T00:00:00-06:00,,1,,false,PLANNING_FUTURE,,,VALID,CURRENT,coolit-synthetic-v2.0.0,ALL_SYNTHETIC_CUSTOMERS,ALL_SYNTHETIC_PROGRAMS,ALL_SYNTHETIC_PRODUCTS,SYNTHETIC_INTERNAL,SNP-COOLIT-20260925-BL,SCN-BASELINE,LABCAP-130-2,2026-P26,RACK_MANIFOLD,SKILL-RM-ASSEMBLY,SHIFT-B,8,19200,0,540,18660,QUALIFIED_AVAILABLE
TEN-COOLIT-SYN-001,SITE-COOLIT-SYN-01,ERP,LABOR_CAPACITY,LABCAP-130-3,LABCAP-130-3,RESOLVED,2026-09-25T23:59:59-06:00,2026-09-26T08:00:00-06:00,2026-06-29T00:00:00-06:00,,1,,false,PLANNING_FUTURE,,,VALID,CURRENT,coolit-synthetic-v2.0.0,ALL_SYNTHETIC_CUSTOMERS,ALL_SYNTHETIC_PROGRAMS,ALL_SYNTHETIC_PRODUCTS,SYNTHETIC_INTERNAL,SNP-COOLIT-20260925-BL,SCN-BASELINE,LABCAP-130-3,2026-P26,COOLANT_DISTRIBUTION_UNIT,SKILL-CDU-ASSEMBLY,SHIFT-C,9,21600,0,600,21000,QUALIFIED_AVAILABLE
