tenant_id,site_id,source_system,source_object,source_record_id,canonical_id,crosswalk_status,source_event_at,ingested_at,effective_from,effective_to,record_version,supersedes_source_record_id,is_deleted,semantic_status,uom,currency,data_quality_state,freshness_state,transformation_version,customer_scope,program_scope,product_scope,sensitivity_class,snapshot_id,scenario_id,data_contract_id,table_name,contract_version,producer_role,consumer_roles,primary_domain_key,delivery_mode,required_envelope_fields,compatibility_policy,retention_class,owner_approval_state
TEN-COOLIT-SYN-001,SITE-COOLIT-SYN-01,REFERENCE,DATA_CONTRACT,DCT-0001,crm/account,RESOLVED,2026-09-25T23:59:59-06:00,2026-09-26T08:00:00-06:00,2026-06-29T00:00:00-06:00,,1,,false,ACTIVE,,,VALID,CURRENT,coolit-synthetic-v2.0.0,ALL_SYNTHETIC_CUSTOMERS,ALL_SYNTHETIC_PROGRAMS,ALL_SYNTHETIC_PRODUCTS,SYNTHETIC_INTERNAL,SNP-COOLIT-20260925-BL,SCN-BASELINE,DCT-0001,crm/account,2.0.0,CRM Data Product Owner,FORGE_CANONICAL_PIPELINE|REPLAY_SERVICE|AUDIT,account_id,INCREMENTAL_OR_CDC,tenant_id|site_id|source_system|source_object|source_record_id|canonical_id|source_event_at|ingested_at|record_version|semantic_status|data_quality_state|freshness_state|snapshot_id,ADDITIVE_BACKWARD_COMPATIBLE_UNKNOWN_STATUS_QUARANTINE,OPERATIONAL_HISTORY,APPROVED_SYNTHETIC_CONTRACT
TEN-COOLIT-SYN-001,SITE-COOLIT-SYN-01,REFERENCE,DATA_CONTRACT,DCT-0002,crm/account_relationship,RESOLVED,2026-09-25T23:59:59-06:00,2026-09-26T08:00:00-06:00,2026-06-29T00:00:00-06:00,,1,,false,ACTIVE,,,VALID,CURRENT,coolit-synthetic-v2.0.0,ALL_SYNTHETIC_CUSTOMERS,ALL_SYNTHETIC_PROGRAMS,ALL_SYNTHETIC_PRODUCTS,SYNTHETIC_INTERNAL,SNP-COOLIT-20260925-BL,SCN-BASELINE,DCT-0002,crm/account_relationship,2.0.0,CRM Data Product Owner,FORGE_CANONICAL_PIPELINE|REPLAY_SERVICE|AUDIT,account_relationship_id,INCREMENTAL_OR_CDC,tenant_id|site_id|source_system|source_object|source_record_id|canonical_id|source_event_at|ingested_at|record_version|semantic_status|data_quality_state|freshness_state|snapshot_id,ADDITIVE_BACKWARD_COMPATIBLE_UNKNOWN_STATUS_QUARANTINE,OPERATIONAL_HISTORY,APPROVED_SYNTHETIC_CONTRACT
TEN-COOLIT-SYN-001,SITE-COOLIT-SYN-01,REFERENCE,DATA_CONTRACT,DCT-0003,crm/activity_event,RESOLVED,2026-09-25T23:59:59-06:00,2026-09-26T08:00:00-06:00,2026-06-29T00:00:00-06:00,,1,,false,ACTIVE,,,VALID,CURRENT,coolit-synthetic-v2.0.0,ALL_SYNTHETIC_CUSTOMERS,ALL_SYNTHETIC_PROGRAMS,ALL_SYNTHETIC_PRODUCTS,SYNTHETIC_INTERNAL,SNP-COOLIT-20260925-BL,SCN-BASELINE,DCT-0003,crm/activity_event,2.0.0,CRM Data Product Owner,FORGE_CANONICAL_PIPELINE|REPLAY_SERVICE|AUDIT,activity_event_id,INCREMENTAL_OR_CDC,tenant_id|site_id|source_system|source_object|source_record_id|canonical_id|source_event_at|ingested_at|record_version|semantic_status|data_quality_state|freshness_state|snapshot_id,ADDITIVE_BACKWARD_COMPATIBLE_UNKNOWN_STATUS_QUARANTINE,OPERATIONAL_HISTORY,APPROVED_SYNTHETIC_CONTRACT
TEN-COOLIT-SYN-001,SITE-COOLIT-SYN-01,REFERENCE,DATA_CONTRACT,DCT-0004,crm/approved_communication,RESOLVED,2026-09-25T23:59:59-06:00,2026-09-26T08:00:00-06:00,2026-06-29T00:00:00-06:00,,1,,false,ACTIVE,,,VALID,CURRENT,coolit-synthetic-v2.0.0,ALL_SYNTHETIC_CUSTOMERS,ALL_SYNTHETIC_PROGRAMS,ALL_SYNTHETIC_PRODUCTS,SYNTHETIC_INTERNAL,SNP-COOLIT-20260925-BL,SCN-BASELINE,DCT-0004,crm/approved_communication,2.0.0,CRM Data Product Owner,FORGE_CANONICAL_PIPELINE|REPLAY_SERVICE|AUDIT,communication_id,INCREMENTAL_OR_CDC,tenant_id|site_id|source_system|source_object|source_record_id|canonical_id|source_event_at|ingested_at|record_version|semantic_status|data_quality_state|freshness_state|snapshot_id,ADDITIVE_BACKWARD_COMPATIBLE_UNKNOWN_STATUS_QUARANTINE,OPERATIONAL_HISTORY,APPROVED_SYNTHETIC_CONTRACT
TEN-COOLIT-SYN-001,SITE-COOLIT-SYN-01,REFERENCE,DATA_CONTRACT,DCT-0005,crm/buying_center,RESOLVED,2026-09-25T23:59:59-06:00,2026-09-26T08:00:00-06:00,2026-06-29T00:00:00-06:00,,1,,false,ACTIVE,,,VALID,CURRENT,coolit-synthetic-v2.0.0,ALL_SYNTHETIC_CUSTOMERS,ALL_SYNTHETIC_PROGRAMS,ALL_SYNTHETIC_PRODUCTS,SYNTHETIC_INTERNAL,SNP-COOLIT-20260925-BL,SCN-BASELINE,DCT-0005,crm/buying_center,2.0.0,CRM Data Product Owner,FORGE_CANONICAL_PIPELINE|REPLAY_SERVICE|AUDIT,buying_center_id,INCREMENTAL_OR_CDC,tenant_id|site_id|source_system|source_object|source_record_id|canonical_id|source_event_at|ingested_at|record_version|semantic_status|data_quality_state|freshness_state|snapshot_id,ADDITIVE_BACKWARD_COMPATIBLE_UNKNOWN_STATUS_QUARANTINE,OPERATIONAL_HISTORY,APPROVED_SYNTHETIC_CONTRACT
TEN-COOLIT-SYN-001,SITE-COOLIT-SYN-01,REFERENCE,DATA_CONTRACT,DCT-0006,crm/commitment_change,RESOLVED,2026-09-25T23:59:59-06:00,2026-09-26T08:00:00-06:00,2026-06-29T00:00:00-06:00,,1,,false,ACTIVE,,,VALID,CURRENT,coolit-synthetic-v2.0.0,ALL_SYNTHETIC_CUSTOMERS,ALL_SYNTHETIC_PROGRAMS,ALL_SYNTHETIC_PRODUCTS,SYNTHETIC_INTERNAL,SNP-COOLIT-20260925-BL,SCN-BASELINE,DCT-0006,crm/commitment_change,2.0.0,CRM Data Product Owner,FORGE_CANONICAL_PIPELINE|REPLAY_SERVICE|AUDIT,commitment_change_id,INCREMENTAL_OR_CDC,tenant_id|site_id|source_system|source_object|source_record_id|canonical_id|source_event_at|ingested_at|record_version|semantic_status|data_quality_state|freshness_state|snapshot_id,ADDITIVE_BACKWARD_COMPATIBLE_UNKNOWN_STATUS_QUARANTINE,OPERATIONAL_HISTORY,APPROVED_SYNTHETIC_CONTRACT
TEN-COOLIT-SYN-001,SITE-COOLIT-SYN-01,REFERENCE,DATA_CONTRACT,DCT-0007,crm/commitment_crosswalk,RESOLVED,2026-09-25T23:59:59-06:00,2026-09-26T08:00:00-06:00,2026-06-29T00:00:00-06:00,,1,,false,ACTIVE,,,VALID,CURRENT,coolit-synthetic-v2.0.0,ALL_SYNTHETIC_CUSTOMERS,ALL_SYNTHETIC_PROGRAMS,ALL_SYNTHETIC_PRODUCTS,SYNTHETIC_INTERNAL,SNP-COOLIT-20260925-BL,SCN-BASELINE,DCT-0007,crm/commitment_crosswalk,2.0.0,CRM Data Product Owner,FORGE_CANONICAL_PIPELINE|REPLAY_SERVICE|AUDIT,commitment_crosswalk_id,INCREMENTAL_OR_CDC,tenant_id|site_id|source_system|source_object|source_record_id|canonical_id|source_event_at|ingested_at|record_version|semantic_status|data_quality_state|freshness_state|snapshot_id,ADDITIVE_BACKWARD_COMPATIBLE_UNKNOWN_STATUS_QUARANTINE,OPERATIONAL_HISTORY,APPROVED_SYNTHETIC_CONTRACT
TEN-COOLIT-SYN-001,SITE-COOLIT-SYN-01,REFERENCE,DATA_CONTRACT,DCT-0008,crm/commitment_promotion_event,RESOLVED,2026-09-25T23:59:59-06:00,2026-09-26T08:00:00-06:00,2026-06-29T00:00:00-06:00,,1,,false,ACTIVE,,,VALID,CURRENT,coolit-synthetic-v2.0.0,ALL_SYNTHETIC_CUSTOMERS,ALL_SYNTHETIC_PROGRAMS,ALL_SYNTHETIC_PRODUCTS,SYNTHETIC_INTERNAL,SNP-COOLIT-20260925-BL,SCN-BASELINE,DCT-0008,crm/commitment_promotion_event,2.0.0,CRM Data Product Owner,FORGE_CANONICAL_PIPELINE|REPLAY_SERVICE|AUDIT,promotion_event_id,INCREMENTAL_OR_CDC,tenant_id|site_id|source_system|source_object|source_record_id|canonical_id|source_event_at|ingested_at|record_version|semantic_status|data_quality_state|freshness_state|snapshot_id,ADDITIVE_BACKWARD_COMPATIBLE_UNKNOWN_STATUS_QUARANTINE,OPERATIONAL_HISTORY,APPROVED_SYNTHETIC_CONTRACT
TEN-COOLIT-SYN-001,SITE-COOLIT-SYN-01,REFERENCE,DATA_CONTRACT,DCT-0009,crm/communication_receipt,RESOLVED,2026-09-25T23:59:59-06:00,2026-09-26T08:00:00-06:00,2026-06-29T00:00:00-06:00,,1,,false,ACTIVE,,,VALID,CURRENT,coolit-synthetic-v2.0.0,ALL_SYNTHETIC_CUSTOMERS,ALL_SYNTHETIC_PROGRAMS,ALL_SYNTHETIC_PRODUCTS,SYNTHETIC_INTERNAL,SNP-COOLIT-20260925-BL,SCN-BASELINE,DCT-0009,crm/communication_receipt,2.0.0,CRM Data Product Owner,FORGE_CANONICAL_PIPELINE|REPLAY_SERVICE|AUDIT,communication_receipt_id,INCREMENTAL_OR_CDC,tenant_id|site_id|source_system|source_object|source_record_id|canonical_id|source_event_at|ingested_at|record_version|semantic_status|data_quality_state|freshness_state|snapshot_id,ADDITIVE_BACKWARD_COMPATIBLE_UNKNOWN_STATUS_QUARANTINE,OPERATIONAL_HISTORY,APPROVED_SYNTHETIC_CONTRACT
TEN-COOLIT-SYN-001,SITE-COOLIT-SYN-01,REFERENCE,DATA_CONTRACT,DCT-0010,crm/communication_template,RESOLVED,2026-09-25T23:59:59-06:00,2026-09-26T08:00:00-06:00,2026-06-29T00:00:00-06:00,,1,,false,ACTIVE,,,VALID,CURRENT,coolit-synthetic-v2.0.0,ALL_SYNTHETIC_CUSTOMERS,ALL_SYNTHETIC_PROGRAMS,ALL_SYNTHETIC_PRODUCTS,SYNTHETIC_INTERNAL,SNP-COOLIT-20260925-BL,SCN-BASELINE,DCT-0010,crm/communication_template,2.0.0,CRM Data Product Owner,FORGE_CANONICAL_PIPELINE|REPLAY_SERVICE|AUDIT,communication_template_id,INCREMENTAL_OR_CDC,tenant_id|site_id|source_system|source_object|source_record_id|canonical_id|source_event_at|ingested_at|record_version|semantic_status|data_quality_state|freshness_state|snapshot_id,ADDITIVE_BACKWARD_COMPATIBLE_UNKNOWN_STATUS_QUARANTINE,OPERATIONAL_HISTORY,APPROVED_SYNTHETIC_CONTRACT
TEN-COOLIT-SYN-001,SITE-COOLIT-SYN-01,REFERENCE,DATA_CONTRACT,DCT-0011,crm/configuration_request,RESOLVED,2026-09-25T23:59:59-06:00,2026-09-26T08:00:00-06:00,2026-06-29T00:00:00-06:00,,1,,false,ACTIVE,,,VALID,CURRENT,coolit-synthetic-v2.0.0,ALL_SYNTHETIC_CUSTOMERS,ALL_SYNTHETIC_PROGRAMS,ALL_SYNTHETIC_PRODUCTS,SYNTHETIC_INTERNAL,SNP-COOLIT-20260925-BL,SCN-BASELINE,DCT-0011,crm/configuration_request,2.0.0,CRM Data Product Owner,FORGE_CANONICAL_PIPELINE|REPLAY_SERVICE|AUDIT,configuration_request_id,INCREMENTAL_OR_CDC,tenant_id|site_id|source_system|source_object|source_record_id|canonical_id|source_event_at|ingested_at|record_version|semantic_status|data_quality_state|freshness_state|snapshot_id,ADDITIVE_BACKWARD_COMPATIBLE_UNKNOWN_STATUS_QUARANTINE,OPERATIONAL_HISTORY,APPROVED_SYNTHETIC_CONTRACT
TEN-COOLIT-SYN-001,SITE-COOLIT-SYN-01,REFERENCE,DATA_CONTRACT,DCT-0012,crm/configuration_rule,RESOLVED,2026-09-25T23:59:59-06:00,2026-09-26T08:00:00-06:00,2026-06-29T00:00:00-06:00,,1,,false,ACTIVE,,,VALID,CURRENT,coolit-synthetic-v2.0.0,ALL_SYNTHETIC_CUSTOMERS,ALL_SYNTHETIC_PROGRAMS,ALL_SYNTHETIC_PRODUCTS,SYNTHETIC_INTERNAL,SNP-COOLIT-20260925-BL,SCN-BASELINE,DCT-0012,crm/configuration_rule,2.0.0,CRM Data Product Owner,FORGE_CANONICAL_PIPELINE|REPLAY_SERVICE|AUDIT,configuration_rule_id,INCREMENTAL_OR_CDC,tenant_id|site_id|source_system|source_object|source_record_id|canonical_id|source_event_at|ingested_at|record_version|semantic_status|data_quality_state|freshness_state|snapshot_id,ADDITIVE_BACKWARD_COMPATIBLE_UNKNOWN_STATUS_QUARANTINE,OPERATIONAL_HISTORY,APPROVED_SYNTHETIC_CONTRACT
TEN-COOLIT-SYN-001,SITE-COOLIT-SYN-01,REFERENCE,DATA_CONTRACT,DCT-0013,crm/contact_role,RESOLVED,2026-09-25T23:59:59-06:00,2026-09-26T08:00:00-06:00,2026-06-29T00:00:00-06:00,,1,,false,ACTIVE,,,VALID,CURRENT,coolit-synthetic-v2.0.0,ALL_SYNTHETIC_CUSTOMERS,ALL_SYNTHETIC_PROGRAMS,ALL_SYNTHETIC_PRODUCTS,SYNTHETIC_INTERNAL,SNP-COOLIT-20260925-BL,SCN-BASELINE,DCT-0013,crm/contact_role,2.0.0,CRM Data Product Owner,FORGE_CANONICAL_PIPELINE|REPLAY_SERVICE|AUDIT,contact_role_id,INCREMENTAL_OR_CDC,tenant_id|site_id|source_system|source_object|source_record_id|canonical_id|source_event_at|ingested_at|record_version|semantic_status|data_quality_state|freshness_state|snapshot_id,ADDITIVE_BACKWARD_COMPATIBLE_UNKNOWN_STATUS_QUARANTINE,OPERATIONAL_HISTORY,APPROVED_SYNTHETIC_CONTRACT
TEN-COOLIT-SYN-001,SITE-COOLIT-SYN-01,REFERENCE,DATA_CONTRACT,DCT-0014,crm/contract,RESOLVED,2026-09-25T23:59:59-06:00,2026-09-26T08:00:00-06:00,2026-06-29T00:00:00-06:00,,1,,false,ACTIVE,,,VALID,CURRENT,coolit-synthetic-v2.0.0,ALL_SYNTHETIC_CUSTOMERS,ALL_SYNTHETIC_PROGRAMS,ALL_SYNTHETIC_PRODUCTS,SYNTHETIC_INTERNAL,SNP-COOLIT-20260925-BL,SCN-BASELINE,DCT-0014,crm/contract,2.0.0,CRM Data Product Owner,FORGE_CANONICAL_PIPELINE|REPLAY_SERVICE|AUDIT,contract_id,INCREMENTAL_OR_CDC,tenant_id|site_id|source_system|source_object|source_record_id|canonical_id|source_event_at|ingested_at|record_version|semantic_status|data_quality_state|freshness_state|snapshot_id,ADDITIVE_BACKWARD_COMPATIBLE_UNKNOWN_STATUS_QUARANTINE,OPERATIONAL_HISTORY,APPROVED_SYNTHETIC_CONTRACT
TEN-COOLIT-SYN-001,SITE-COOLIT-SYN-01,REFERENCE,DATA_CONTRACT,DCT-0015,crm/contract_line,RESOLVED,2026-09-25T23:59:59-06:00,2026-09-26T08:00:00-06:00,2026-06-29T00:00:00-06:00,,1,,false,ACTIVE,,,VALID,CURRENT,coolit-synthetic-v2.0.0,ALL_SYNTHETIC_CUSTOMERS,ALL_SYNTHETIC_PROGRAMS,ALL_SYNTHETIC_PRODUCTS,SYNTHETIC_INTERNAL,SNP-COOLIT-20260925-BL,SCN-BASELINE,DCT-0015,crm/contract_line,2.0.0,CRM Data Product Owner,FORGE_CANONICAL_PIPELINE|REPLAY_SERVICE|AUDIT,contract_line_id,INCREMENTAL_OR_CDC,tenant_id|site_id|source_system|source_object|source_record_id|canonical_id|source_event_at|ingested_at|record_version|semantic_status|data_quality_state|freshness_state|snapshot_id,ADDITIVE_BACKWARD_COMPATIBLE_UNKNOWN_STATUS_QUARANTINE,OPERATIONAL_HISTORY,APPROVED_SYNTHETIC_CONTRACT
TEN-COOLIT-SYN-001,SITE-COOLIT-SYN-01,REFERENCE,DATA_CONTRACT,DCT-0016,crm/customer_health_snapshot,RESOLVED,2026-09-25T23:59:59-06:00,2026-09-26T08:00:00-06:00,2026-06-29T00:00:00-06:00,,1,,false,ACTIVE,,,VALID,CURRENT,coolit-synthetic-v2.0.0,ALL_SYNTHETIC_CUSTOMERS,ALL_SYNTHETIC_PROGRAMS,ALL_SYNTHETIC_PRODUCTS,SYNTHETIC_INTERNAL,SNP-COOLIT-20260925-BL,SCN-BASELINE,DCT-0016,crm/customer_health_snapshot,2.0.0,CRM Data Product Owner,FORGE_CANONICAL_PIPELINE|REPLAY_SERVICE|AUDIT,customer_health_snapshot_id,INCREMENTAL_OR_CDC,tenant_id|site_id|source_system|source_object|source_record_id|canonical_id|source_event_at|ingested_at|record_version|semantic_status|data_quality_state|freshness_state|snapshot_id,ADDITIVE_BACKWARD_COMPATIBLE_UNKNOWN_STATUS_QUARANTINE,OPERATIONAL_HISTORY,APPROVED_SYNTHETIC_CONTRACT
TEN-COOLIT-SYN-001,SITE-COOLIT-SYN-01,REFERENCE,DATA_CONTRACT,DCT-0017,crm/customer_site,RESOLVED,2026-09-25T23:59:59-06:00,2026-09-26T08:00:00-06:00,2026-06-29T00:00:00-06:00,,1,,false,ACTIVE,,,VALID,CURRENT,coolit-synthetic-v2.0.0,ALL_SYNTHETIC_CUSTOMERS,ALL_SYNTHETIC_PROGRAMS,ALL_SYNTHETIC_PRODUCTS,SYNTHETIC_INTERNAL,SNP-COOLIT-20260925-BL,SCN-BASELINE,DCT-0017,crm/customer_site,2.0.0,CRM Data Product Owner,FORGE_CANONICAL_PIPELINE|REPLAY_SERVICE|AUDIT,customer_site_id,INCREMENTAL_OR_CDC,tenant_id|site_id|source_system|source_object|source_record_id|canonical_id|source_event_at|ingested_at|record_version|semantic_status|data_quality_state|freshness_state|snapshot_id,ADDITIVE_BACKWARD_COMPATIBLE_UNKNOWN_STATUS_QUARANTINE,OPERATIONAL_HISTORY,APPROVED_SYNTHETIC_CONTRACT
TEN-COOLIT-SYN-001,SITE-COOLIT-SYN-01,REFERENCE,DATA_CONTRACT,DCT-0018,crm/demand_signal,RESOLVED,2026-09-25T23:59:59-06:00,2026-09-26T08:00:00-06:00,2026-06-29T00:00:00-06:00,,1,,false,ACTIVE,,,VALID,CURRENT,coolit-synthetic-v2.0.0,ALL_SYNTHETIC_CUSTOMERS,ALL_SYNTHETIC_PROGRAMS,ALL_SYNTHETIC_PRODUCTS,SYNTHETIC_INTERNAL,SNP-COOLIT-20260925-BL,SCN-BASELINE,DCT-0018,crm/demand_signal,2.0.0,CRM Data Product Owner,FORGE_CANONICAL_PIPELINE|REPLAY_SERVICE|AUDIT,demand_signal_id,INCREMENTAL_OR_CDC,tenant_id|site_id|source_system|source_object|source_record_id|canonical_id|source_event_at|ingested_at|record_version|semantic_status|data_quality_state|freshness_state|snapshot_id,ADDITIVE_BACKWARD_COMPATIBLE_UNKNOWN_STATUS_QUARANTINE,OPERATIONAL_HISTORY,APPROVED_SYNTHETIC_CONTRACT
TEN-COOLIT-SYN-001,SITE-COOLIT-SYN-01,REFERENCE,DATA_CONTRACT,DCT-0019,crm/discount_approval,RESOLVED,2026-09-25T23:59:59-06:00,2026-09-26T08:00:00-06:00,2026-06-29T00:00:00-06:00,,1,,false,ACTIVE,,,VALID,CURRENT,coolit-synthetic-v2.0.0,ALL_SYNTHETIC_CUSTOMERS,ALL_SYNTHETIC_PROGRAMS,ALL_SYNTHETIC_PRODUCTS,SYNTHETIC_INTERNAL,SNP-COOLIT-20260925-BL,SCN-BASELINE,DCT-0019,crm/discount_approval,2.0.0,CRM Data Product Owner,FORGE_CANONICAL_PIPELINE|REPLAY_SERVICE|AUDIT,discount_approval_id,INCREMENTAL_OR_CDC,tenant_id|site_id|source_system|source_object|source_record_id|canonical_id|source_event_at|ingested_at|record_version|semantic_status|data_quality_state|freshness_state|snapshot_id,ADDITIVE_BACKWARD_COMPATIBLE_UNKNOWN_STATUS_QUARANTINE,OPERATIONAL_HISTORY,APPROVED_SYNTHETIC_CONTRACT
TEN-COOLIT-SYN-001,SITE-COOLIT-SYN-01,REFERENCE,DATA_CONTRACT,DCT-0020,crm/entitlement,RESOLVED,2026-09-25T23:59:59-06:00,2026-09-26T08:00:00-06:00,2026-06-29T00:00:00-06:00,,1,,false,ACTIVE,,,VALID,CURRENT,coolit-synthetic-v2.0.0,ALL_SYNTHETIC_CUSTOMERS,ALL_SYNTHETIC_PROGRAMS,ALL_SYNTHETIC_PRODUCTS,SYNTHETIC_INTERNAL,SNP-COOLIT-20260925-BL,SCN-BASELINE,DCT-0020,crm/entitlement,2.0.0,CRM Data Product Owner,FORGE_CANONICAL_PIPELINE|REPLAY_SERVICE|AUDIT,entitlement_id,INCREMENTAL_OR_CDC,tenant_id|site_id|source_system|source_object|source_record_id|canonical_id|source_event_at|ingested_at|record_version|semantic_status|data_quality_state|freshness_state|snapshot_id,ADDITIVE_BACKWARD_COMPATIBLE_UNKNOWN_STATUS_QUARANTINE,OPERATIONAL_HISTORY,APPROVED_SYNTHETIC_CONTRACT
TEN-COOLIT-SYN-001,SITE-COOLIT-SYN-01,REFERENCE,DATA_CONTRACT,DCT-0021,crm/field_service_work,RESOLVED,2026-09-25T23:59:59-06:00,2026-09-26T08:00:00-06:00,2026-06-29T00:00:00-06:00,,1,,false,ACTIVE,,,VALID,CURRENT,coolit-synthetic-v2.0.0,ALL_SYNTHETIC_CUSTOMERS,ALL_SYNTHETIC_PROGRAMS,ALL_SYNTHETIC_PRODUCTS,SYNTHETIC_INTERNAL,SNP-COOLIT-20260925-BL,SCN-BASELINE,DCT-0021,crm/field_service_work,2.0.0,CRM Data Product Owner,FORGE_CANONICAL_PIPELINE|REPLAY_SERVICE|AUDIT,field_service_work_id,INCREMENTAL_OR_CDC,tenant_id|site_id|source_system|source_object|source_record_id|canonical_id|source_event_at|ingested_at|record_version|semantic_status|data_quality_state|freshness_state|snapshot_id,ADDITIVE_BACKWARD_COMPATIBLE_UNKNOWN_STATUS_QUARANTINE,OPERATIONAL_HISTORY,APPROVED_SYNTHETIC_CONTRACT
TEN-COOLIT-SYN-001,SITE-COOLIT-SYN-01,REFERENCE,DATA_CONTRACT,DCT-0022,crm/forecast_snapshot,RESOLVED,2026-09-25T23:59:59-06:00,2026-09-26T08:00:00-06:00,2026-06-29T00:00:00-06:00,,1,,false,ACTIVE,,,VALID,CURRENT,coolit-synthetic-v2.0.0,ALL_SYNTHETIC_CUSTOMERS,ALL_SYNTHETIC_PROGRAMS,ALL_SYNTHETIC_PRODUCTS,SYNTHETIC_INTERNAL,SNP-COOLIT-20260925-BL,SCN-BASELINE,DCT-0022,crm/forecast_snapshot,2.0.0,CRM Data Product Owner,FORGE_CANONICAL_PIPELINE|REPLAY_SERVICE|AUDIT,forecast_snapshot_id,INCREMENTAL_OR_CDC,tenant_id|site_id|source_system|source_object|source_record_id|canonical_id|source_event_at|ingested_at|record_version|semantic_status|data_quality_state|freshness_state|snapshot_id,ADDITIVE_BACKWARD_COMPATIBLE_UNKNOWN_STATUS_QUARANTINE,OPERATIONAL_HISTORY,APPROVED_SYNTHETIC_CONTRACT
TEN-COOLIT-SYN-001,SITE-COOLIT-SYN-01,REFERENCE,DATA_CONTRACT,DCT-0023,crm/installed_asset,RESOLVED,2026-09-25T23:59:59-06:00,2026-09-26T08:00:00-06:00,2026-06-29T00:00:00-06:00,,1,,false,ACTIVE,,,VALID,CURRENT,coolit-synthetic-v2.0.0,ALL_SYNTHETIC_CUSTOMERS,ALL_SYNTHETIC_PROGRAMS,ALL_SYNTHETIC_PRODUCTS,SYNTHETIC_INTERNAL,SNP-COOLIT-20260925-BL,SCN-BASELINE,DCT-0023,crm/installed_asset,2.0.0,CRM Data Product Owner,FORGE_CANONICAL_PIPELINE|REPLAY_SERVICE|AUDIT,installed_asset_id,INCREMENTAL_OR_CDC,tenant_id|site_id|source_system|source_object|source_record_id|canonical_id|source_event_at|ingested_at|record_version|semantic_status|data_quality_state|freshness_state|snapshot_id,ADDITIVE_BACKWARD_COMPATIBLE_UNKNOWN_STATUS_QUARANTINE,OPERATIONAL_HISTORY,APPROVED_SYNTHETIC_CONTRACT
TEN-COOLIT-SYN-001,SITE-COOLIT-SYN-01,REFERENCE,DATA_CONTRACT,DCT-0024,crm/opportunity,RESOLVED,2026-09-25T23:59:59-06:00,2026-09-26T08:00:00-06:00,2026-06-29T00:00:00-06:00,,1,,false,ACTIVE,,,VALID,CURRENT,coolit-synthetic-v2.0.0,ALL_SYNTHETIC_CUSTOMERS,ALL_SYNTHETIC_PROGRAMS,ALL_SYNTHETIC_PRODUCTS,SYNTHETIC_INTERNAL,SNP-COOLIT-20260925-BL,SCN-BASELINE,DCT-0024,crm/opportunity,2.0.0,CRM Data Product Owner,FORGE_CANONICAL_PIPELINE|REPLAY_SERVICE|AUDIT,opportunity_id,INCREMENTAL_OR_CDC,tenant_id|site_id|source_system|source_object|source_record_id|canonical_id|source_event_at|ingested_at|record_version|semantic_status|data_quality_state|freshness_state|snapshot_id,ADDITIVE_BACKWARD_COMPATIBLE_UNKNOWN_STATUS_QUARANTINE,OPERATIONAL_HISTORY,APPROVED_SYNTHETIC_CONTRACT
TEN-COOLIT-SYN-001,SITE-COOLIT-SYN-01,REFERENCE,DATA_CONTRACT,DCT-0025,crm/opportunity_product,RESOLVED,2026-09-25T23:59:59-06:00,2026-09-26T08:00:00-06:00,2026-06-29T00:00:00-06:00,,1,,false,ACTIVE,,,VALID,CURRENT,coolit-synthetic-v2.0.0,ALL_SYNTHETIC_CUSTOMERS,ALL_SYNTHETIC_PROGRAMS,ALL_SYNTHETIC_PRODUCTS,SYNTHETIC_INTERNAL,SNP-COOLIT-20260925-BL,SCN-BASELINE,DCT-0025,crm/opportunity_product,2.0.0,CRM Data Product Owner,FORGE_CANONICAL_PIPELINE|REPLAY_SERVICE|AUDIT,opportunity_product_id,INCREMENTAL_OR_CDC,tenant_id|site_id|source_system|source_object|source_record_id|canonical_id|source_event_at|ingested_at|record_version|semantic_status|data_quality_state|freshness_state|snapshot_id,ADDITIVE_BACKWARD_COMPATIBLE_UNKNOWN_STATUS_QUARANTINE,OPERATIONAL_HISTORY,APPROVED_SYNTHETIC_CONTRACT
TEN-COOLIT-SYN-001,SITE-COOLIT-SYN-01,REFERENCE,DATA_CONTRACT,DCT-0026,crm/opportunity_stage_history,RESOLVED,2026-09-25T23:59:59-06:00,2026-09-26T08:00:00-06:00,2026-06-29T00:00:00-06:00,,1,,false,ACTIVE,,,VALID,CURRENT,coolit-synthetic-v2.0.0,ALL_SYNTHETIC_CUSTOMERS,ALL_SYNTHETIC_PROGRAMS,ALL_SYNTHETIC_PRODUCTS,SYNTHETIC_INTERNAL,SNP-COOLIT-20260925-BL,SCN-BASELINE,DCT-0026,crm/opportunity_stage_history,2.0.0,CRM Data Product Owner,FORGE_CANONICAL_PIPELINE|REPLAY_SERVICE|AUDIT,stage_history_id,INCREMENTAL_OR_CDC,tenant_id|site_id|source_system|source_object|source_record_id|canonical_id|source_event_at|ingested_at|record_version|semantic_status|data_quality_state|freshness_state|snapshot_id,ADDITIVE_BACKWARD_COMPATIBLE_UNKNOWN_STATUS_QUARANTINE,OPERATIONAL_HISTORY,APPROVED_SYNTHETIC_CONTRACT
TEN-COOLIT-SYN-001,SITE-COOLIT-SYN-01,REFERENCE,DATA_CONTRACT,DCT-0027,crm/price_book_entry,RESOLVED,2026-09-25T23:59:59-06:00,2026-09-26T08:00:00-06:00,2026-06-29T00:00:00-06:00,,1,,false,ACTIVE,,,VALID,CURRENT,coolit-synthetic-v2.0.0,ALL_SYNTHETIC_CUSTOMERS,ALL_SYNTHETIC_PROGRAMS,ALL_SYNTHETIC_PRODUCTS,SYNTHETIC_INTERNAL,SNP-COOLIT-20260925-BL,SCN-BASELINE,DCT-0027,crm/price_book_entry,2.0.0,CRM Data Product Owner,FORGE_CANONICAL_PIPELINE|REPLAY_SERVICE|AUDIT,price_book_entry_id,INCREMENTAL_OR_CDC,tenant_id|site_id|source_system|source_object|source_record_id|canonical_id|source_event_at|ingested_at|record_version|semantic_status|data_quality_state|freshness_state|snapshot_id,ADDITIVE_BACKWARD_COMPATIBLE_UNKNOWN_STATUS_QUARANTINE,OPERATIONAL_HISTORY,APPROVED_SYNTHETIC_CONTRACT
TEN-COOLIT-SYN-001,SITE-COOLIT-SYN-01,REFERENCE,DATA_CONTRACT,DCT-0028,crm/program_project,RESOLVED,2026-09-25T23:59:59-06:00,2026-09-26T08:00:00-06:00,2026-06-29T00:00:00-06:00,,1,,false,ACTIVE,,,VALID,CURRENT,coolit-synthetic-v2.0.0,ALL_SYNTHETIC_CUSTOMERS,ALL_SYNTHETIC_PROGRAMS,ALL_SYNTHETIC_PRODUCTS,SYNTHETIC_INTERNAL,SNP-COOLIT-20260925-BL,SCN-BASELINE,DCT-0028,crm/program_project,2.0.0,CRM Data Product Owner,FORGE_CANONICAL_PIPELINE|REPLAY_SERVICE|AUDIT,program_id,INCREMENTAL_OR_CDC,tenant_id|site_id|source_system|source_object|source_record_id|canonical_id|source_event_at|ingested_at|record_version|semantic_status|data_quality_state|freshness_state|snapshot_id,ADDITIVE_BACKWARD_COMPATIBLE_UNKNOWN_STATUS_QUARANTINE,OPERATIONAL_HISTORY,APPROVED_SYNTHETIC_CONTRACT
TEN-COOLIT-SYN-001,SITE-COOLIT-SYN-01,REFERENCE,DATA_CONTRACT,DCT-0029,crm/project_milestone,RESOLVED,2026-09-25T23:59:59-06:00,2026-09-26T08:00:00-06:00,2026-06-29T00:00:00-06:00,,1,,false,ACTIVE,,,VALID,CURRENT,coolit-synthetic-v2.0.0,ALL_SYNTHETIC_CUSTOMERS,ALL_SYNTHETIC_PROGRAMS,ALL_SYNTHETIC_PRODUCTS,SYNTHETIC_INTERNAL,SNP-COOLIT-20260925-BL,SCN-BASELINE,DCT-0029,crm/project_milestone,2.0.0,CRM Data Product Owner,FORGE_CANONICAL_PIPELINE|REPLAY_SERVICE|AUDIT,milestone_id,INCREMENTAL_OR_CDC,tenant_id|site_id|source_system|source_object|source_record_id|canonical_id|source_event_at|ingested_at|record_version|semantic_status|data_quality_state|freshness_state|snapshot_id,ADDITIVE_BACKWARD_COMPATIBLE_UNKNOWN_STATUS_QUARANTINE,OPERATIONAL_HISTORY,APPROVED_SYNTHETIC_CONTRACT
TEN-COOLIT-SYN-001,SITE-COOLIT-SYN-01,REFERENCE,DATA_CONTRACT,DCT-0030,crm/quote,RESOLVED,2026-09-25T23:59:59-06:00,2026-09-26T08:00:00-06:00,2026-06-29T00:00:00-06:00,,1,,false,ACTIVE,,,VALID,CURRENT,coolit-synthetic-v2.0.0,ALL_SYNTHETIC_CUSTOMERS,ALL_SYNTHETIC_PROGRAMS,ALL_SYNTHETIC_PRODUCTS,SYNTHETIC_INTERNAL,SNP-COOLIT-20260925-BL,SCN-BASELINE,DCT-0030,crm/quote,2.0.0,CRM Data Product Owner,FORGE_CANONICAL_PIPELINE|REPLAY_SERVICE|AUDIT,quote_id,INCREMENTAL_OR_CDC,tenant_id|site_id|source_system|source_object|source_record_id|canonical_id|source_event_at|ingested_at|record_version|semantic_status|data_quality_state|freshness_state|snapshot_id,ADDITIVE_BACKWARD_COMPATIBLE_UNKNOWN_STATUS_QUARANTINE,OPERATIONAL_HISTORY,APPROVED_SYNTHETIC_CONTRACT
TEN-COOLIT-SYN-001,SITE-COOLIT-SYN-01,REFERENCE,DATA_CONTRACT,DCT-0031,crm/quote_line,RESOLVED,2026-09-25T23:59:59-06:00,2026-09-26T08:00:00-06:00,2026-06-29T00:00:00-06:00,,1,,false,ACTIVE,,,VALID,CURRENT,coolit-synthetic-v2.0.0,ALL_SYNTHETIC_CUSTOMERS,ALL_SYNTHETIC_PROGRAMS,ALL_SYNTHETIC_PRODUCTS,SYNTHETIC_INTERNAL,SNP-COOLIT-20260925-BL,SCN-BASELINE,DCT-0031,crm/quote_line,2.0.0,CRM Data Product Owner,FORGE_CANONICAL_PIPELINE|REPLAY_SERVICE|AUDIT,quote_line_id,INCREMENTAL_OR_CDC,tenant_id|site_id|source_system|source_object|source_record_id|canonical_id|source_event_at|ingested_at|record_version|semantic_status|data_quality_state|freshness_state|snapshot_id,ADDITIVE_BACKWARD_COMPATIBLE_UNKNOWN_STATUS_QUARANTINE,OPERATIONAL_HISTORY,APPROVED_SYNTHETIC_CONTRACT
TEN-COOLIT-SYN-001,SITE-COOLIT-SYN-01,REFERENCE,DATA_CONTRACT,DCT-0032,crm/reliability_cohort,RESOLVED,2026-09-25T23:59:59-06:00,2026-09-26T08:00:00-06:00,2026-06-29T00:00:00-06:00,,1,,false,ACTIVE,,,VALID,CURRENT,coolit-synthetic-v2.0.0,ALL_SYNTHETIC_CUSTOMERS,ALL_SYNTHETIC_PROGRAMS,ALL_SYNTHETIC_PRODUCTS,SYNTHETIC_INTERNAL,SNP-COOLIT-20260925-BL,SCN-BASELINE,DCT-0032,crm/reliability_cohort,2.0.0,CRM Data Product Owner,FORGE_CANONICAL_PIPELINE|REPLAY_SERVICE|AUDIT,reliability_cohort_id,INCREMENTAL_OR_CDC,tenant_id|site_id|source_system|source_object|source_record_id|canonical_id|source_event_at|ingested_at|record_version|semantic_status|data_quality_state|freshness_state|snapshot_id,ADDITIVE_BACKWARD_COMPATIBLE_UNKNOWN_STATUS_QUARANTINE,OPERATIONAL_HISTORY,APPROVED_SYNTHETIC_CONTRACT
TEN-COOLIT-SYN-001,SITE-COOLIT-SYN-01,REFERENCE,DATA_CONTRACT,DCT-0033,crm/rma_line,RESOLVED,2026-09-25T23:59:59-06:00,2026-09-26T08:00:00-06:00,2026-06-29T00:00:00-06:00,,1,,false,ACTIVE,,,VALID,CURRENT,coolit-synthetic-v2.0.0,ALL_SYNTHETIC_CUSTOMERS,ALL_SYNTHETIC_PROGRAMS,ALL_SYNTHETIC_PRODUCTS,SYNTHETIC_INTERNAL,SNP-COOLIT-20260925-BL,SCN-BASELINE,DCT-0033,crm/rma_line,2.0.0,CRM Data Product Owner,FORGE_CANONICAL_PIPELINE|REPLAY_SERVICE|AUDIT,rma_line_id,INCREMENTAL_OR_CDC,tenant_id|site_id|source_system|source_object|source_record_id|canonical_id|source_event_at|ingested_at|record_version|semantic_status|data_quality_state|freshness_state|snapshot_id,ADDITIVE_BACKWARD_COMPATIBLE_UNKNOWN_STATUS_QUARANTINE,OPERATIONAL_HISTORY,APPROVED_SYNTHETIC_CONTRACT
TEN-COOLIT-SYN-001,SITE-COOLIT-SYN-01,REFERENCE,DATA_CONTRACT,DCT-0034,crm/seller_forecast,RESOLVED,2026-09-25T23:59:59-06:00,2026-09-26T08:00:00-06:00,2026-06-29T00:00:00-06:00,,1,,false,ACTIVE,,,VALID,CURRENT,coolit-synthetic-v2.0.0,ALL_SYNTHETIC_CUSTOMERS,ALL_SYNTHETIC_PROGRAMS,ALL_SYNTHETIC_PRODUCTS,SYNTHETIC_INTERNAL,SNP-COOLIT-20260925-BL,SCN-BASELINE,DCT-0034,crm/seller_forecast,2.0.0,CRM Data Product Owner,FORGE_CANONICAL_PIPELINE|REPLAY_SERVICE|AUDIT,seller_forecast_id,INCREMENTAL_OR_CDC,tenant_id|site_id|source_system|source_object|source_record_id|canonical_id|source_event_at|ingested_at|record_version|semantic_status|data_quality_state|freshness_state|snapshot_id,ADDITIVE_BACKWARD_COMPATIBLE_UNKNOWN_STATUS_QUARANTINE,OPERATIONAL_HISTORY,APPROVED_SYNTHETIC_CONTRACT
TEN-COOLIT-SYN-001,SITE-COOLIT-SYN-01,REFERENCE,DATA_CONTRACT,DCT-0035,crm/service_case,RESOLVED,2026-09-25T23:59:59-06:00,2026-09-26T08:00:00-06:00,2026-06-29T00:00:00-06:00,,1,,false,ACTIVE,,,VALID,CURRENT,coolit-synthetic-v2.0.0,ALL_SYNTHETIC_CUSTOMERS,ALL_SYNTHETIC_PROGRAMS,ALL_SYNTHETIC_PRODUCTS,SYNTHETIC_INTERNAL,SNP-COOLIT-20260925-BL,SCN-BASELINE,DCT-0035,crm/service_case,2.0.0,CRM Data Product Owner,FORGE_CANONICAL_PIPELINE|REPLAY_SERVICE|AUDIT,service_case_id,INCREMENTAL_OR_CDC,tenant_id|site_id|source_system|source_object|source_record_id|canonical_id|source_event_at|ingested_at|record_version|semantic_status|data_quality_state|freshness_state|snapshot_id,ADDITIVE_BACKWARD_COMPATIBLE_UNKNOWN_STATUS_QUARANTINE,OPERATIONAL_HISTORY,APPROVED_SYNTHETIC_CONTRACT
TEN-COOLIT-SYN-001,SITE-COOLIT-SYN-01,REFERENCE,DATA_CONTRACT,DCT-0036,crm/service_level_agreement,RESOLVED,2026-09-25T23:59:59-06:00,2026-09-26T08:00:00-06:00,2026-06-29T00:00:00-06:00,,1,,false,ACTIVE,,,VALID,CURRENT,coolit-synthetic-v2.0.0,ALL_SYNTHETIC_CUSTOMERS,ALL_SYNTHETIC_PROGRAMS,ALL_SYNTHETIC_PRODUCTS,SYNTHETIC_INTERNAL,SNP-COOLIT-20260925-BL,SCN-BASELINE,DCT-0036,crm/service_level_agreement,2.0.0,CRM Data Product Owner,FORGE_CANONICAL_PIPELINE|REPLAY_SERVICE|AUDIT,sla_id,INCREMENTAL_OR_CDC,tenant_id|site_id|source_system|source_object|source_record_id|canonical_id|source_event_at|ingested_at|record_version|semantic_status|data_quality_state|freshness_state|snapshot_id,ADDITIVE_BACKWARD_COMPATIBLE_UNKNOWN_STATUS_QUARANTINE,OPERATIONAL_HISTORY,APPROVED_SYNTHETIC_CONTRACT
TEN-COOLIT-SYN-001,SITE-COOLIT-SYN-01,REFERENCE,DATA_CONTRACT,DCT-0037,crm/territory_assignment,RESOLVED,2026-09-25T23:59:59-06:00,2026-09-26T08:00:00-06:00,2026-06-29T00:00:00-06:00,,1,,false,ACTIVE,,,VALID,CURRENT,coolit-synthetic-v2.0.0,ALL_SYNTHETIC_CUSTOMERS,ALL_SYNTHETIC_PROGRAMS,ALL_SYNTHETIC_PRODUCTS,SYNTHETIC_INTERNAL,SNP-COOLIT-20260925-BL,SCN-BASELINE,DCT-0037,crm/territory_assignment,2.0.0,CRM Data Product Owner,FORGE_CANONICAL_PIPELINE|REPLAY_SERVICE|AUDIT,territory_assignment_id,INCREMENTAL_OR_CDC,tenant_id|site_id|source_system|source_object|source_record_id|canonical_id|source_event_at|ingested_at|record_version|semantic_status|data_quality_state|freshness_state|snapshot_id,ADDITIVE_BACKWARD_COMPATIBLE_UNKNOWN_STATUS_QUARANTINE,OPERATIONAL_HISTORY,APPROVED_SYNTHETIC_CONTRACT
TEN-COOLIT-SYN-001,SITE-COOLIT-SYN-01,REFERENCE,DATA_CONTRACT,DCT-0038,data/data_quality_observation,RESOLVED,2026-09-25T23:59:59-06:00,2026-09-26T08:00:00-06:00,2026-06-29T00:00:00-06:00,,1,,false,ACTIVE,,,VALID,CURRENT,coolit-synthetic-v2.0.0,ALL_SYNTHETIC_CUSTOMERS,ALL_SYNTHETIC_PROGRAMS,ALL_SYNTHETIC_PRODUCTS,SYNTHETIC_INTERNAL,SNP-COOLIT-20260925-BL,SCN-BASELINE,DCT-0038,data/data_quality_observation,2.0.0,DATA Data Product Owner,FORGE_CANONICAL_PIPELINE|REPLAY_SERVICE|AUDIT,dq_observation_id,INCREMENTAL_OR_CDC,tenant_id|site_id|source_system|source_object|source_record_id|canonical_id|source_event_at|ingested_at|record_version|semantic_status|data_quality_state|freshness_state|snapshot_id,ADDITIVE_BACKWARD_COMPATIBLE_UNKNOWN_STATUS_QUARANTINE,OPERATIONAL_HISTORY,APPROVED_SYNTHETIC_CONTRACT
TEN-COOLIT-SYN-001,SITE-COOLIT-SYN-01,REFERENCE,DATA_CONTRACT,DCT-0039,data/field_lineage,RESOLVED,2026-09-25T23:59:59-06:00,2026-09-26T08:00:00-06:00,2026-06-29T00:00:00-06:00,,1,,false,ACTIVE,,,VALID,CURRENT,coolit-synthetic-v2.0.0,ALL_SYNTHETIC_CUSTOMERS,ALL_SYNTHETIC_PROGRAMS,ALL_SYNTHETIC_PRODUCTS,SYNTHETIC_INTERNAL,SNP-COOLIT-20260925-BL,SCN-BASELINE,DCT-0039,data/field_lineage,2.0.0,DATA Data Product Owner,FORGE_CANONICAL_PIPELINE|REPLAY_SERVICE|AUDIT,field_lineage_id,INCREMENTAL_OR_CDC,tenant_id|site_id|source_system|source_object|source_record_id|canonical_id|source_event_at|ingested_at|record_version|semantic_status|data_quality_state|freshness_state|snapshot_id,ADDITIVE_BACKWARD_COMPATIBLE_UNKNOWN_STATUS_QUARANTINE,OPERATIONAL_HISTORY,APPROVED_SYNTHETIC_CONTRACT
TEN-COOLIT-SYN-001,SITE-COOLIT-SYN-01,REFERENCE,DATA_CONTRACT,DCT-0040,data/ingestion_event,RESOLVED,2026-09-25T23:59:59-06:00,2026-09-26T08:00:00-06:00,2026-06-29T00:00:00-06:00,,1,,false,ACTIVE,,,VALID,CURRENT,coolit-synthetic-v2.0.0,ALL_SYNTHETIC_CUSTOMERS,ALL_SYNTHETIC_PROGRAMS,ALL_SYNTHETIC_PRODUCTS,SYNTHETIC_INTERNAL,SNP-COOLIT-20260925-BL,SCN-BASELINE,DCT-0040,data/ingestion_event,2.0.0,DATA Data Product Owner,FORGE_CANONICAL_PIPELINE|REPLAY_SERVICE|AUDIT,ingestion_event_id,INCREMENTAL_OR_CDC,tenant_id|site_id|source_system|source_object|source_record_id|canonical_id|source_event_at|ingested_at|record_version|semantic_status|data_quality_state|freshness_state|snapshot_id,ADDITIVE_BACKWARD_COMPATIBLE_UNKNOWN_STATUS_QUARANTINE,OPERATIONAL_HISTORY,APPROVED_SYNTHETIC_CONTRACT
TEN-COOLIT-SYN-001,SITE-COOLIT-SYN-01,REFERENCE,DATA_CONTRACT,DCT-0041,data/negative_test_record,RESOLVED,2026-09-25T23:59:59-06:00,2026-09-26T08:00:00-06:00,2026-06-29T00:00:00-06:00,,1,,false,ACTIVE,,,VALID,CURRENT,coolit-synthetic-v2.0.0,ALL_SYNTHETIC_CUSTOMERS,ALL_SYNTHETIC_PROGRAMS,ALL_SYNTHETIC_PRODUCTS,SYNTHETIC_INTERNAL,SNP-COOLIT-20260925-BL,SCN-BASELINE,DCT-0041,data/negative_test_record,2.0.0,DATA Data Product Owner,FORGE_CANONICAL_PIPELINE|REPLAY_SERVICE|AUDIT,negative_test_id,INCREMENTAL_OR_CDC,tenant_id|site_id|source_system|source_object|source_record_id|canonical_id|source_event_at|ingested_at|record_version|semantic_status|data_quality_state|freshness_state|snapshot_id,ADDITIVE_BACKWARD_COMPATIBLE_UNKNOWN_STATUS_QUARANTINE,OPERATIONAL_HISTORY,APPROVED_SYNTHETIC_CONTRACT
TEN-COOLIT-SYN-001,SITE-COOLIT-SYN-01,REFERENCE,DATA_CONTRACT,DCT-0042,data/pipeline_slo,RESOLVED,2026-09-25T23:59:59-06:00,2026-09-26T08:00:00-06:00,2026-06-29T00:00:00-06:00,,1,,false,ACTIVE,,,VALID,CURRENT,coolit-synthetic-v2.0.0,ALL_SYNTHETIC_CUSTOMERS,ALL_SYNTHETIC_PROGRAMS,ALL_SYNTHETIC_PRODUCTS,SYNTHETIC_INTERNAL,SNP-COOLIT-20260925-BL,SCN-BASELINE,DCT-0042,data/pipeline_slo,2.0.0,DATA Data Product Owner,FORGE_CANONICAL_PIPELINE|REPLAY_SERVICE|AUDIT,pipeline_slo_id,INCREMENTAL_OR_CDC,tenant_id|site_id|source_system|source_object|source_record_id|canonical_id|source_event_at|ingested_at|record_version|semantic_status|data_quality_state|freshness_state|snapshot_id,ADDITIVE_BACKWARD_COMPATIBLE_UNKNOWN_STATUS_QUARANTINE,OPERATIONAL_HISTORY,APPROVED_SYNTHETIC_CONTRACT
TEN-COOLIT-SYN-001,SITE-COOLIT-SYN-01,REFERENCE,DATA_CONTRACT,DCT-0043,data/schema_contract_test,RESOLVED,2026-09-25T23:59:59-06:00,2026-09-26T08:00:00-06:00,2026-06-29T00:00:00-06:00,,1,,false,ACTIVE,,,VALID,CURRENT,coolit-synthetic-v2.0.0,ALL_SYNTHETIC_CUSTOMERS,ALL_SYNTHETIC_PROGRAMS,ALL_SYNTHETIC_PRODUCTS,SYNTHETIC_INTERNAL,SNP-COOLIT-20260925-BL,SCN-BASELINE,DCT-0043,data/schema_contract_test,2.0.0,DATA Data Product Owner,FORGE_CANONICAL_PIPELINE|REPLAY_SERVICE|AUDIT,contract_test_id,INCREMENTAL_OR_CDC,tenant_id|site_id|source_system|source_object|source_record_id|canonical_id|source_event_at|ingested_at|record_version|semantic_status|data_quality_state|freshness_state|snapshot_id,ADDITIVE_BACKWARD_COMPATIBLE_UNKNOWN_STATUS_QUARANTINE,OPERATIONAL_HISTORY,APPROVED_SYNTHETIC_CONTRACT
TEN-COOLIT-SYN-001,SITE-COOLIT-SYN-01,REFERENCE,DATA_CONTRACT,DCT-0044,erp/advance_ship_notice,RESOLVED,2026-09-25T23:59:59-06:00,2026-09-26T08:00:00-06:00,2026-06-29T00:00:00-06:00,,1,,false,ACTIVE,,,VALID,CURRENT,coolit-synthetic-v2.0.0,ALL_SYNTHETIC_CUSTOMERS,ALL_SYNTHETIC_PROGRAMS,ALL_SYNTHETIC_PRODUCTS,SYNTHETIC_INTERNAL,SNP-COOLIT-20260925-BL,SCN-BASELINE,DCT-0044,erp/advance_ship_notice,2.0.0,ERP Data Product Owner,FORGE_CANONICAL_PIPELINE|REPLAY_SERVICE|AUDIT,asn_line_id,INCREMENTAL_OR_CDC,tenant_id|site_id|source_system|source_object|source_record_id|canonical_id|source_event_at|ingested_at|record_version|semantic_status|data_quality_state|freshness_state|snapshot_id,ADDITIVE_BACKWARD_COMPATIBLE_UNKNOWN_STATUS_QUARANTINE,OPERATIONAL_HISTORY,APPROVED_SYNTHETIC_CONTRACT
TEN-COOLIT-SYN-001,SITE-COOLIT-SYN-01,REFERENCE,DATA_CONTRACT,DCT-0045,erp/alternate_resource,RESOLVED,2026-09-25T23:59:59-06:00,2026-09-26T08:00:00-06:00,2026-06-29T00:00:00-06:00,,1,,false,ACTIVE,,,VALID,CURRENT,coolit-synthetic-v2.0.0,ALL_SYNTHETIC_CUSTOMERS,ALL_SYNTHETIC_PROGRAMS,ALL_SYNTHETIC_PRODUCTS,SYNTHETIC_INTERNAL,SNP-COOLIT-20260925-BL,SCN-BASELINE,DCT-0045,erp/alternate_resource,2.0.0,ERP Data Product Owner,FORGE_CANONICAL_PIPELINE|REPLAY_SERVICE|AUDIT,alternate_resource_id,INCREMENTAL_OR_CDC,tenant_id|site_id|source_system|source_object|source_record_id|canonical_id|source_event_at|ingested_at|record_version|semantic_status|data_quality_state|freshness_state|snapshot_id,ADDITIVE_BACKWARD_COMPATIBLE_UNKNOWN_STATUS_QUARANTINE,OPERATIONAL_HISTORY,APPROVED_SYNTHETIC_CONTRACT
TEN-COOLIT-SYN-001,SITE-COOLIT-SYN-01,REFERENCE,DATA_CONTRACT,DCT-0046,erp/approved_source,RESOLVED,2026-09-25T23:59:59-06:00,2026-09-26T08:00:00-06:00,2026-06-29T00:00:00-06:00,,1,,false,ACTIVE,,,VALID,CURRENT,coolit-synthetic-v2.0.0,ALL_SYNTHETIC_CUSTOMERS,ALL_SYNTHETIC_PROGRAMS,ALL_SYNTHETIC_PRODUCTS,SYNTHETIC_INTERNAL,SNP-COOLIT-20260925-BL,SCN-BASELINE,DCT-0046,erp/approved_source,2.0.0,ERP Data Product Owner,FORGE_CANONICAL_PIPELINE|REPLAY_SERVICE|AUDIT,approved_source_id,INCREMENTAL_OR_CDC,tenant_id|site_id|source_system|source_object|source_record_id|canonical_id|source_event_at|ingested_at|record_version|semantic_status|data_quality_state|freshness_state|snapshot_id,ADDITIVE_BACKWARD_COMPATIBLE_UNKNOWN_STATUS_QUARANTINE,OPERATIONAL_HISTORY,APPROVED_SYNTHETIC_CONTRACT
TEN-COOLIT-SYN-001,SITE-COOLIT-SYN-01,REFERENCE,DATA_CONTRACT,DCT-0047,erp/bom_component,RESOLVED,2026-09-25T23:59:59-06:00,2026-09-26T08:00:00-06:00,2026-06-29T00:00:00-06:00,,1,,false,ACTIVE,,,VALID,CURRENT,coolit-synthetic-v2.0.0,ALL_SYNTHETIC_CUSTOMERS,ALL_SYNTHETIC_PROGRAMS,ALL_SYNTHETIC_PRODUCTS,SYNTHETIC_INTERNAL,SNP-COOLIT-20260925-BL,SCN-BASELINE,DCT-0047,erp/bom_component,2.0.0,ERP Data Product Owner,FORGE_CANONICAL_PIPELINE|REPLAY_SERVICE|AUDIT,bom_component_id,INCREMENTAL_OR_CDC,tenant_id|site_id|source_system|source_object|source_record_id|canonical_id|source_event_at|ingested_at|record_version|semantic_status|data_quality_state|freshness_state|snapshot_id,ADDITIVE_BACKWARD_COMPATIBLE_UNKNOWN_STATUS_QUARANTINE,OPERATIONAL_HISTORY,APPROVED_SYNTHETIC_CONTRACT
TEN-COOLIT-SYN-001,SITE-COOLIT-SYN-01,REFERENCE,DATA_CONTRACT,DCT-0048,erp/bom_header,RESOLVED,2026-09-25T23:59:59-06:00,2026-09-26T08:00:00-06:00,2026-06-29T00:00:00-06:00,,1,,false,ACTIVE,,,VALID,CURRENT,coolit-synthetic-v2.0.0,ALL_SYNTHETIC_CUSTOMERS,ALL_SYNTHETIC_PROGRAMS,ALL_SYNTHETIC_PRODUCTS,SYNTHETIC_INTERNAL,SNP-COOLIT-20260925-BL,SCN-BASELINE,DCT-0048,erp/bom_header,2.0.0,ERP Data Product Owner,FORGE_CANONICAL_PIPELINE|REPLAY_SERVICE|AUDIT,bom_revision_id,INCREMENTAL_OR_CDC,tenant_id|site_id|source_system|source_object|source_record_id|canonical_id|source_event_at|ingested_at|record_version|semantic_status|data_quality_state|freshness_state|snapshot_id,ADDITIVE_BACKWARD_COMPATIBLE_UNKNOWN_STATUS_QUARANTINE,OPERATIONAL_HISTORY,APPROVED_SYNTHETIC_CONTRACT
TEN-COOLIT-SYN-001,SITE-COOLIT-SYN-01,REFERENCE,DATA_CONTRACT,DCT-0049,erp/carrier_event,RESOLVED,2026-09-25T23:59:59-06:00,2026-09-26T08:00:00-06:00,2026-06-29T00:00:00-06:00,,1,,false,ACTIVE,,,VALID,CURRENT,coolit-synthetic-v2.0.0,ALL_SYNTHETIC_CUSTOMERS,ALL_SYNTHETIC_PROGRAMS,ALL_SYNTHETIC_PRODUCTS,SYNTHETIC_INTERNAL,SNP-COOLIT-20260925-BL,SCN-BASELINE,DCT-0049,erp/carrier_event,2.0.0,ERP Data Product Owner,FORGE_CANONICAL_PIPELINE|REPLAY_SERVICE|AUDIT,carrier_event_id,INCREMENTAL_OR_CDC,tenant_id|site_id|source_system|source_object|source_record_id|canonical_id|source_event_at|ingested_at|record_version|semantic_status|data_quality_state|freshness_state|snapshot_id,ADDITIVE_BACKWARD_COMPATIBLE_UNKNOWN_STATUS_QUARANTINE,OPERATIONAL_HISTORY,APPROVED_SYNTHETIC_CONTRACT
TEN-COOLIT-SYN-001,SITE-COOLIT-SYN-01,REFERENCE,DATA_CONTRACT,DCT-0050,erp/cost_snapshot,RESOLVED,2026-09-25T23:59:59-06:00,2026-09-26T08:00:00-06:00,2026-06-29T00:00:00-06:00,,1,,false,ACTIVE,,,VALID,CURRENT,coolit-synthetic-v2.0.0,ALL_SYNTHETIC_CUSTOMERS,ALL_SYNTHETIC_PROGRAMS,ALL_SYNTHETIC_PRODUCTS,SYNTHETIC_INTERNAL,SNP-COOLIT-20260925-BL,SCN-BASELINE,DCT-0050,erp/cost_snapshot,2.0.0,ERP Data Product Owner,FORGE_CANONICAL_PIPELINE|REPLAY_SERVICE|AUDIT,cost_snapshot_id,INCREMENTAL_OR_CDC,tenant_id|site_id|source_system|source_object|source_record_id|canonical_id|source_event_at|ingested_at|record_version|semantic_status|data_quality_state|freshness_state|snapshot_id,ADDITIVE_BACKWARD_COMPATIBLE_UNKNOWN_STATUS_QUARANTINE,OPERATIONAL_HISTORY,APPROVED_SYNTHETIC_CONTRACT
TEN-COOLIT-SYN-001,SITE-COOLIT-SYN-01,REFERENCE,DATA_CONTRACT,DCT-0051,erp/cost_transaction,RESOLVED,2026-09-25T23:59:59-06:00,2026-09-26T08:00:00-06:00,2026-06-29T00:00:00-06:00,,1,,false,ACTIVE,,,VALID,CURRENT,coolit-synthetic-v2.0.0,ALL_SYNTHETIC_CUSTOMERS,ALL_SYNTHETIC_PROGRAMS,ALL_SYNTHETIC_PRODUCTS,SYNTHETIC_INTERNAL,SNP-COOLIT-20260925-BL,SCN-BASELINE,DCT-0051,erp/cost_transaction,2.0.0,ERP Data Product Owner,FORGE_CANONICAL_PIPELINE|REPLAY_SERVICE|AUDIT,cost_transaction_id,INCREMENTAL_OR_CDC,tenant_id|site_id|source_system|source_object|source_record_id|canonical_id|source_event_at|ingested_at|record_version|semantic_status|data_quality_state|freshness_state|snapshot_id,ADDITIVE_BACKWARD_COMPATIBLE_UNKNOWN_STATUS_QUARANTINE,OPERATIONAL_HISTORY,APPROVED_SYNTHETIC_CONTRACT
TEN-COOLIT-SYN-001,SITE-COOLIT-SYN-01,REFERENCE,DATA_CONTRACT,DCT-0052,erp/customer_invoice,RESOLVED,2026-09-25T23:59:59-06:00,2026-09-26T08:00:00-06:00,2026-06-29T00:00:00-06:00,,1,,false,ACTIVE,,,VALID,CURRENT,coolit-synthetic-v2.0.0,ALL_SYNTHETIC_CUSTOMERS,ALL_SYNTHETIC_PROGRAMS,ALL_SYNTHETIC_PRODUCTS,SYNTHETIC_INTERNAL,SNP-COOLIT-20260925-BL,SCN-BASELINE,DCT-0052,erp/customer_invoice,2.0.0,ERP Data Product Owner,FORGE_CANONICAL_PIPELINE|REPLAY_SERVICE|AUDIT,customer_invoice_line_id,INCREMENTAL_OR_CDC,tenant_id|site_id|source_system|source_object|source_record_id|canonical_id|source_event_at|ingested_at|record_version|semantic_status|data_quality_state|freshness_state|snapshot_id,ADDITIVE_BACKWARD_COMPATIBLE_UNKNOWN_STATUS_QUARANTINE,OPERATIONAL_HISTORY,APPROVED_SYNTHETIC_CONTRACT
TEN-COOLIT-SYN-001,SITE-COOLIT-SYN-01,REFERENCE,DATA_CONTRACT,DCT-0053,erp/cycle_count,RESOLVED,2026-09-25T23:59:59-06:00,2026-09-26T08:00:00-06:00,2026-06-29T00:00:00-06:00,,1,,false,ACTIVE,,,VALID,CURRENT,coolit-synthetic-v2.0.0,ALL_SYNTHETIC_CUSTOMERS,ALL_SYNTHETIC_PROGRAMS,ALL_SYNTHETIC_PRODUCTS,SYNTHETIC_INTERNAL,SNP-COOLIT-20260925-BL,SCN-BASELINE,DCT-0053,erp/cycle_count,2.0.0,ERP Data Product Owner,FORGE_CANONICAL_PIPELINE|REPLAY_SERVICE|AUDIT,cycle_count_id,INCREMENTAL_OR_CDC,tenant_id|site_id|source_system|source_object|source_record_id|canonical_id|source_event_at|ingested_at|record_version|semantic_status|data_quality_state|freshness_state|snapshot_id,ADDITIVE_BACKWARD_COMPATIBLE_UNKNOWN_STATUS_QUARANTINE,OPERATIONAL_HISTORY,APPROVED_SYNTHETIC_CONTRACT
TEN-COOLIT-SYN-001,SITE-COOLIT-SYN-01,REFERENCE,DATA_CONTRACT,DCT-0054,erp/delivery_line,RESOLVED,2026-09-25T23:59:59-06:00,2026-09-26T08:00:00-06:00,2026-06-29T00:00:00-06:00,,1,,false,ACTIVE,,,VALID,CURRENT,coolit-synthetic-v2.0.0,ALL_SYNTHETIC_CUSTOMERS,ALL_SYNTHETIC_PROGRAMS,ALL_SYNTHETIC_PRODUCTS,SYNTHETIC_INTERNAL,SNP-COOLIT-20260925-BL,SCN-BASELINE,DCT-0054,erp/delivery_line,2.0.0,ERP Data Product Owner,FORGE_CANONICAL_PIPELINE|REPLAY_SERVICE|AUDIT,delivery_line_id,INCREMENTAL_OR_CDC,tenant_id|site_id|source_system|source_object|source_record_id|canonical_id|source_event_at|ingested_at|record_version|semantic_status|data_quality_state|freshness_state|snapshot_id,ADDITIVE_BACKWARD_COMPATIBLE_UNKNOWN_STATUS_QUARANTINE,OPERATIONAL_HISTORY,APPROVED_SYNTHETIC_CONTRACT
TEN-COOLIT-SYN-001,SITE-COOLIT-SYN-01,REFERENCE,DATA_CONTRACT,DCT-0055,erp/engineering_change,RESOLVED,2026-09-25T23:59:59-06:00,2026-09-26T08:00:00-06:00,2026-06-29T00:00:00-06:00,,1,,false,ACTIVE,,,VALID,CURRENT,coolit-synthetic-v2.0.0,ALL_SYNTHETIC_CUSTOMERS,ALL_SYNTHETIC_PROGRAMS,ALL_SYNTHETIC_PRODUCTS,SYNTHETIC_INTERNAL,SNP-COOLIT-20260925-BL,SCN-BASELINE,DCT-0055,erp/engineering_change,2.0.0,ERP Data Product Owner,FORGE_CANONICAL_PIPELINE|REPLAY_SERVICE|AUDIT,engineering_change_id,INCREMENTAL_OR_CDC,tenant_id|site_id|source_system|source_object|source_record_id|canonical_id|source_event_at|ingested_at|record_version|semantic_status|data_quality_state|freshness_state|snapshot_id,ADDITIVE_BACKWARD_COMPATIBLE_UNKNOWN_STATUS_QUARANTINE,OPERATIONAL_HISTORY,APPROVED_SYNTHETIC_CONTRACT
TEN-COOLIT-SYN-001,SITE-COOLIT-SYN-01,REFERENCE,DATA_CONTRACT,DCT-0056,erp/engineering_change_affected_object,RESOLVED,2026-09-25T23:59:59-06:00,2026-09-26T08:00:00-06:00,2026-06-29T00:00:00-06:00,,1,,false,ACTIVE,,,VALID,CURRENT,coolit-synthetic-v2.0.0,ALL_SYNTHETIC_CUSTOMERS,ALL_SYNTHETIC_PROGRAMS,ALL_SYNTHETIC_PRODUCTS,SYNTHETIC_INTERNAL,SNP-COOLIT-20260925-BL,SCN-BASELINE,DCT-0056,erp/engineering_change_affected_object,2.0.0,ERP Data Product Owner,FORGE_CANONICAL_PIPELINE|REPLAY_SERVICE|AUDIT,eco_affected_object_id,INCREMENTAL_OR_CDC,tenant_id|site_id|source_system|source_object|source_record_id|canonical_id|source_event_at|ingested_at|record_version|semantic_status|data_quality_state|freshness_state|snapshot_id,ADDITIVE_BACKWARD_COMPATIBLE_UNKNOWN_STATUS_QUARANTINE,OPERATIONAL_HISTORY,APPROVED_SYNTHETIC_CONTRACT
TEN-COOLIT-SYN-001,SITE-COOLIT-SYN-01,REFERENCE,DATA_CONTRACT,DCT-0057,erp/engineering_change_approval,RESOLVED,2026-09-25T23:59:59-06:00,2026-09-26T08:00:00-06:00,2026-06-29T00:00:00-06:00,,1,,false,ACTIVE,,,VALID,CURRENT,coolit-synthetic-v2.0.0,ALL_SYNTHETIC_CUSTOMERS,ALL_SYNTHETIC_PROGRAMS,ALL_SYNTHETIC_PRODUCTS,SYNTHETIC_INTERNAL,SNP-COOLIT-20260925-BL,SCN-BASELINE,DCT-0057,erp/engineering_change_approval,2.0.0,ERP Data Product Owner,FORGE_CANONICAL_PIPELINE|REPLAY_SERVICE|AUDIT,eco_approval_id,INCREMENTAL_OR_CDC,tenant_id|site_id|source_system|source_object|source_record_id|canonical_id|source_event_at|ingested_at|record_version|semantic_status|data_quality_state|freshness_state|snapshot_id,ADDITIVE_BACKWARD_COMPATIBLE_UNKNOWN_STATUS_QUARANTINE,OPERATIONAL_HISTORY,APPROVED_SYNTHETIC_CONTRACT
TEN-COOLIT-SYN-001,SITE-COOLIT-SYN-01,REFERENCE,DATA_CONTRACT,DCT-0058,erp/goods_receipt,RESOLVED,2026-09-25T23:59:59-06:00,2026-09-26T08:00:00-06:00,2026-06-29T00:00:00-06:00,,1,,false,ACTIVE,,,VALID,CURRENT,coolit-synthetic-v2.0.0,ALL_SYNTHETIC_CUSTOMERS,ALL_SYNTHETIC_PROGRAMS,ALL_SYNTHETIC_PRODUCTS,SYNTHETIC_INTERNAL,SNP-COOLIT-20260925-BL,SCN-BASELINE,DCT-0058,erp/goods_receipt,2.0.0,ERP Data Product Owner,FORGE_CANONICAL_PIPELINE|REPLAY_SERVICE|AUDIT,goods_receipt_line_id,INCREMENTAL_OR_CDC,tenant_id|site_id|source_system|source_object|source_record_id|canonical_id|source_event_at|ingested_at|record_version|semantic_status|data_quality_state|freshness_state|snapshot_id,ADDITIVE_BACKWARD_COMPATIBLE_UNKNOWN_STATUS_QUARANTINE,OPERATIONAL_HISTORY,APPROVED_SYNTHETIC_CONTRACT
TEN-COOLIT-SYN-001,SITE-COOLIT-SYN-01,REFERENCE,DATA_CONTRACT,DCT-0059,erp/gross_requirement,RESOLVED,2026-09-25T23:59:59-06:00,2026-09-26T08:00:00-06:00,2026-06-29T00:00:00-06:00,,1,,false,ACTIVE,,,VALID,CURRENT,coolit-synthetic-v2.0.0,ALL_SYNTHETIC_CUSTOMERS,ALL_SYNTHETIC_PROGRAMS,ALL_SYNTHETIC_PRODUCTS,SYNTHETIC_INTERNAL,SNP-COOLIT-20260925-BL,SCN-BASELINE,DCT-0059,erp/gross_requirement,2.0.0,ERP Data Product Owner,FORGE_CANONICAL_PIPELINE|REPLAY_SERVICE|AUDIT,gross_requirement_id,INCREMENTAL_OR_CDC,tenant_id|site_id|source_system|source_object|source_record_id|canonical_id|source_event_at|ingested_at|record_version|semantic_status|data_quality_state|freshness_state|snapshot_id,ADDITIVE_BACKWARD_COMPATIBLE_UNKNOWN_STATUS_QUARANTINE,OPERATIONAL_HISTORY,APPROVED_SYNTHETIC_CONTRACT
TEN-COOLIT-SYN-001,SITE-COOLIT-SYN-01,REFERENCE,DATA_CONTRACT,DCT-0060,erp/inbound_shipment,RESOLVED,2026-09-25T23:59:59-06:00,2026-09-26T08:00:00-06:00,2026-06-29T00:00:00-06:00,,1,,false,ACTIVE,,,VALID,CURRENT,coolit-synthetic-v2.0.0,ALL_SYNTHETIC_CUSTOMERS,ALL_SYNTHETIC_PROGRAMS,ALL_SYNTHETIC_PRODUCTS,SYNTHETIC_INTERNAL,SNP-COOLIT-20260925-BL,SCN-BASELINE,DCT-0060,erp/inbound_shipment,2.0.0,ERP Data Product Owner,FORGE_CANONICAL_PIPELINE|REPLAY_SERVICE|AUDIT,inbound_shipment_id,INCREMENTAL_OR_CDC,tenant_id|site_id|source_system|source_object|source_record_id|canonical_id|source_event_at|ingested_at|record_version|semantic_status|data_quality_state|freshness_state|snapshot_id,ADDITIVE_BACKWARD_COMPATIBLE_UNKNOWN_STATUS_QUARANTINE,OPERATIONAL_HISTORY,APPROVED_SYNTHETIC_CONTRACT
TEN-COOLIT-SYN-001,SITE-COOLIT-SYN-01,REFERENCE,DATA_CONTRACT,DCT-0061,erp/inventory_location_balance,RESOLVED,2026-09-25T23:59:59-06:00,2026-09-26T08:00:00-06:00,2026-06-29T00:00:00-06:00,,1,,false,ACTIVE,,,VALID,CURRENT,coolit-synthetic-v2.0.0,ALL_SYNTHETIC_CUSTOMERS,ALL_SYNTHETIC_PROGRAMS,ALL_SYNTHETIC_PRODUCTS,SYNTHETIC_INTERNAL,SNP-COOLIT-20260925-BL,SCN-BASELINE,DCT-0061,erp/inventory_location_balance,2.0.0,ERP Data Product Owner,FORGE_CANONICAL_PIPELINE|REPLAY_SERVICE|AUDIT,location_balance_id,INCREMENTAL_OR_CDC,tenant_id|site_id|source_system|source_object|source_record_id|canonical_id|source_event_at|ingested_at|record_version|semantic_status|data_quality_state|freshness_state|snapshot_id,ADDITIVE_BACKWARD_COMPATIBLE_UNKNOWN_STATUS_QUARANTINE,OPERATIONAL_HISTORY,APPROVED_SYNTHETIC_CONTRACT
TEN-COOLIT-SYN-001,SITE-COOLIT-SYN-01,REFERENCE,DATA_CONTRACT,DCT-0062,erp/inventory_state,RESOLVED,2026-09-25T23:59:59-06:00,2026-09-26T08:00:00-06:00,2026-06-29T00:00:00-06:00,,1,,false,ACTIVE,,,VALID,CURRENT,coolit-synthetic-v2.0.0,ALL_SYNTHETIC_CUSTOMERS,ALL_SYNTHETIC_PROGRAMS,ALL_SYNTHETIC_PRODUCTS,SYNTHETIC_INTERNAL,SNP-COOLIT-20260925-BL,SCN-BASELINE,DCT-0062,erp/inventory_state,2.0.0,ERP Data Product Owner,FORGE_CANONICAL_PIPELINE|REPLAY_SERVICE|AUDIT,inventory_state_id,INCREMENTAL_OR_CDC,tenant_id|site_id|source_system|source_object|source_record_id|canonical_id|source_event_at|ingested_at|record_version|semantic_status|data_quality_state|freshness_state|snapshot_id,ADDITIVE_BACKWARD_COMPATIBLE_UNKNOWN_STATUS_QUARANTINE,OPERATIONAL_HISTORY,APPROVED_SYNTHETIC_CONTRACT
TEN-COOLIT-SYN-001,SITE-COOLIT-SYN-01,REFERENCE,DATA_CONTRACT,DCT-0063,erp/inventory_status_transition,RESOLVED,2026-09-25T23:59:59-06:00,2026-09-26T08:00:00-06:00,2026-06-29T00:00:00-06:00,,1,,false,ACTIVE,,,VALID,CURRENT,coolit-synthetic-v2.0.0,ALL_SYNTHETIC_CUSTOMERS,ALL_SYNTHETIC_PROGRAMS,ALL_SYNTHETIC_PRODUCTS,SYNTHETIC_INTERNAL,SNP-COOLIT-20260925-BL,SCN-BASELINE,DCT-0063,erp/inventory_status_transition,2.0.0,ERP Data Product Owner,FORGE_CANONICAL_PIPELINE|REPLAY_SERVICE|AUDIT,inventory_status_transition_id,INCREMENTAL_OR_CDC,tenant_id|site_id|source_system|source_object|source_record_id|canonical_id|source_event_at|ingested_at|record_version|semantic_status|data_quality_state|freshness_state|snapshot_id,ADDITIVE_BACKWARD_COMPATIBLE_UNKNOWN_STATUS_QUARANTINE,OPERATIONAL_HISTORY,APPROVED_SYNTHETIC_CONTRACT
TEN-COOLIT-SYN-001,SITE-COOLIT-SYN-01,REFERENCE,DATA_CONTRACT,DCT-0064,erp/inventory_transaction,RESOLVED,2026-09-25T23:59:59-06:00,2026-09-26T08:00:00-06:00,2026-06-29T00:00:00-06:00,,1,,false,ACTIVE,,,VALID,CURRENT,coolit-synthetic-v2.0.0,ALL_SYNTHETIC_CUSTOMERS,ALL_SYNTHETIC_PROGRAMS,ALL_SYNTHETIC_PRODUCTS,SYNTHETIC_INTERNAL,SNP-COOLIT-20260925-BL,SCN-BASELINE,DCT-0064,erp/inventory_transaction,2.0.0,ERP Data Product Owner,FORGE_CANONICAL_PIPELINE|REPLAY_SERVICE|AUDIT,inventory_transaction_id,INCREMENTAL_OR_CDC,tenant_id|site_id|source_system|source_object|source_record_id|canonical_id|source_event_at|ingested_at|record_version|semantic_status|data_quality_state|freshness_state|snapshot_id,ADDITIVE_BACKWARD_COMPATIBLE_UNKNOWN_STATUS_QUARANTINE,OPERATIONAL_HISTORY,APPROVED_SYNTHETIC_CONTRACT
TEN-COOLIT-SYN-001,SITE-COOLIT-SYN-01,REFERENCE,DATA_CONTRACT,DCT-0065,erp/invoice_match,RESOLVED,2026-09-25T23:59:59-06:00,2026-09-26T08:00:00-06:00,2026-06-29T00:00:00-06:00,,1,,false,ACTIVE,,,VALID,CURRENT,coolit-synthetic-v2.0.0,ALL_SYNTHETIC_CUSTOMERS,ALL_SYNTHETIC_PROGRAMS,ALL_SYNTHETIC_PRODUCTS,SYNTHETIC_INTERNAL,SNP-COOLIT-20260925-BL,SCN-BASELINE,DCT-0065,erp/invoice_match,2.0.0,ERP Data Product Owner,FORGE_CANONICAL_PIPELINE|REPLAY_SERVICE|AUDIT,invoice_match_id,INCREMENTAL_OR_CDC,tenant_id|site_id|source_system|source_object|source_record_id|canonical_id|source_event_at|ingested_at|record_version|semantic_status|data_quality_state|freshness_state|snapshot_id,ADDITIVE_BACKWARD_COMPATIBLE_UNKNOWN_STATUS_QUARANTINE,OPERATIONAL_HISTORY,APPROVED_SYNTHETIC_CONTRACT
TEN-COOLIT-SYN-001,SITE-COOLIT-SYN-01,REFERENCE,DATA_CONTRACT,DCT-0066,erp/item_master,RESOLVED,2026-09-25T23:59:59-06:00,2026-09-26T08:00:00-06:00,2026-06-29T00:00:00-06:00,,1,,false,ACTIVE,,,VALID,CURRENT,coolit-synthetic-v2.0.0,ALL_SYNTHETIC_CUSTOMERS,ALL_SYNTHETIC_PROGRAMS,ALL_SYNTHETIC_PRODUCTS,SYNTHETIC_INTERNAL,SNP-COOLIT-20260925-BL,SCN-BASELINE,DCT-0066,erp/item_master,2.0.0,ERP Data Product Owner,FORGE_CANONICAL_PIPELINE|REPLAY_SERVICE|AUDIT,part_id,INCREMENTAL_OR_CDC,tenant_id|site_id|source_system|source_object|source_record_id|canonical_id|source_event_at|ingested_at|record_version|semantic_status|data_quality_state|freshness_state|snapshot_id,ADDITIVE_BACKWARD_COMPATIBLE_UNKNOWN_STATUS_QUARANTINE,OPERATIONAL_HISTORY,APPROVED_SYNTHETIC_CONTRACT
TEN-COOLIT-SYN-001,SITE-COOLIT-SYN-01,REFERENCE,DATA_CONTRACT,DCT-0067,erp/labor_capacity,RESOLVED,2026-09-25T23:59:59-06:00,2026-09-26T08:00:00-06:00,2026-06-29T00:00:00-06:00,,1,,false,ACTIVE,,,VALID,CURRENT,coolit-synthetic-v2.0.0,ALL_SYNTHETIC_CUSTOMERS,ALL_SYNTHETIC_PROGRAMS,ALL_SYNTHETIC_PRODUCTS,SYNTHETIC_INTERNAL,SNP-COOLIT-20260925-BL,SCN-BASELINE,DCT-0067,erp/labor_capacity,2.0.0,ERP Data Product Owner,FORGE_CANONICAL_PIPELINE|REPLAY_SERVICE|AUDIT,labor_capacity_id,INCREMENTAL_OR_CDC,tenant_id|site_id|source_system|source_object|source_record_id|canonical_id|source_event_at|ingested_at|record_version|semantic_status|data_quality_state|freshness_state|snapshot_id,ADDITIVE_BACKWARD_COMPATIBLE_UNKNOWN_STATUS_QUARANTINE,OPERATIONAL_HISTORY,APPROVED_SYNTHETIC_CONTRACT
TEN-COOLIT-SYN-001,SITE-COOLIT-SYN-01,REFERENCE,DATA_CONTRACT,DCT-0068,erp/net_requirement,RESOLVED,2026-09-25T23:59:59-06:00,2026-09-26T08:00:00-06:00,2026-06-29T00:00:00-06:00,,1,,false,ACTIVE,,,VALID,CURRENT,coolit-synthetic-v2.0.0,ALL_SYNTHETIC_CUSTOMERS,ALL_SYNTHETIC_PROGRAMS,ALL_SYNTHETIC_PRODUCTS,SYNTHETIC_INTERNAL,SNP-COOLIT-20260925-BL,SCN-BASELINE,DCT-0068,erp/net_requirement,2.0.0,ERP Data Product Owner,FORGE_CANONICAL_PIPELINE|REPLAY_SERVICE|AUDIT,net_requirement_id,INCREMENTAL_OR_CDC,tenant_id|site_id|source_system|source_object|source_record_id|canonical_id|source_event_at|ingested_at|record_version|semantic_status|data_quality_state|freshness_state|snapshot_id,ADDITIVE_BACKWARD_COMPATIBLE_UNKNOWN_STATUS_QUARANTINE,OPERATIONAL_HISTORY,APPROVED_SYNTHETIC_CONTRACT
TEN-COOLIT-SYN-001,SITE-COOLIT-SYN-01,REFERENCE,DATA_CONTRACT,DCT-0069,erp/operation_schedule,RESOLVED,2026-09-25T23:59:59-06:00,2026-09-26T08:00:00-06:00,2026-06-29T00:00:00-06:00,,1,,false,ACTIVE,,,VALID,CURRENT,coolit-synthetic-v2.0.0,ALL_SYNTHETIC_CUSTOMERS,ALL_SYNTHETIC_PROGRAMS,ALL_SYNTHETIC_PRODUCTS,SYNTHETIC_INTERNAL,SNP-COOLIT-20260925-BL,SCN-BASELINE,DCT-0069,erp/operation_schedule,2.0.0,ERP Data Product Owner,FORGE_CANONICAL_PIPELINE|REPLAY_SERVICE|AUDIT,operation_schedule_id,INCREMENTAL_OR_CDC,tenant_id|site_id|source_system|source_object|source_record_id|canonical_id|source_event_at|ingested_at|record_version|semantic_status|data_quality_state|freshness_state|snapshot_id,ADDITIVE_BACKWARD_COMPATIBLE_UNKNOWN_STATUS_QUARANTINE,OPERATIONAL_HISTORY,APPROVED_SYNTHETIC_CONTRACT
TEN-COOLIT-SYN-001,SITE-COOLIT-SYN-01,REFERENCE,DATA_CONTRACT,DCT-0070,erp/packing_unit,RESOLVED,2026-09-25T23:59:59-06:00,2026-09-26T08:00:00-06:00,2026-06-29T00:00:00-06:00,,1,,false,ACTIVE,,,VALID,CURRENT,coolit-synthetic-v2.0.0,ALL_SYNTHETIC_CUSTOMERS,ALL_SYNTHETIC_PROGRAMS,ALL_SYNTHETIC_PRODUCTS,SYNTHETIC_INTERNAL,SNP-COOLIT-20260925-BL,SCN-BASELINE,DCT-0070,erp/packing_unit,2.0.0,ERP Data Product Owner,FORGE_CANONICAL_PIPELINE|REPLAY_SERVICE|AUDIT,packing_unit_id,INCREMENTAL_OR_CDC,tenant_id|site_id|source_system|source_object|source_record_id|canonical_id|source_event_at|ingested_at|record_version|semantic_status|data_quality_state|freshness_state|snapshot_id,ADDITIVE_BACKWARD_COMPATIBLE_UNKNOWN_STATUS_QUARANTINE,OPERATIONAL_HISTORY,APPROVED_SYNTHETIC_CONTRACT
TEN-COOLIT-SYN-001,SITE-COOLIT-SYN-01,REFERENCE,DATA_CONTRACT,DCT-0071,erp/pegging_snapshot,RESOLVED,2026-09-25T23:59:59-06:00,2026-09-26T08:00:00-06:00,2026-06-29T00:00:00-06:00,,1,,false,ACTIVE,,,VALID,CURRENT,coolit-synthetic-v2.0.0,ALL_SYNTHETIC_CUSTOMERS,ALL_SYNTHETIC_PROGRAMS,ALL_SYNTHETIC_PRODUCTS,SYNTHETIC_INTERNAL,SNP-COOLIT-20260925-BL,SCN-BASELINE,DCT-0071,erp/pegging_snapshot,2.0.0,ERP Data Product Owner,FORGE_CANONICAL_PIPELINE|REPLAY_SERVICE|AUDIT,pegging_id,INCREMENTAL_OR_CDC,tenant_id|site_id|source_system|source_object|source_record_id|canonical_id|source_event_at|ingested_at|record_version|semantic_status|data_quality_state|freshness_state|snapshot_id,ADDITIVE_BACKWARD_COMPATIBLE_UNKNOWN_STATUS_QUARANTINE,OPERATIONAL_HISTORY,APPROVED_SYNTHETIC_CONTRACT
TEN-COOLIT-SYN-001,SITE-COOLIT-SYN-01,REFERENCE,DATA_CONTRACT,DCT-0072,erp/planning_exception,RESOLVED,2026-09-25T23:59:59-06:00,2026-09-26T08:00:00-06:00,2026-06-29T00:00:00-06:00,,1,,false,ACTIVE,,,VALID,CURRENT,coolit-synthetic-v2.0.0,ALL_SYNTHETIC_CUSTOMERS,ALL_SYNTHETIC_PROGRAMS,ALL_SYNTHETIC_PRODUCTS,SYNTHETIC_INTERNAL,SNP-COOLIT-20260925-BL,SCN-BASELINE,DCT-0072,erp/planning_exception,2.0.0,ERP Data Product Owner,FORGE_CANONICAL_PIPELINE|REPLAY_SERVICE|AUDIT,planning_exception_id,INCREMENTAL_OR_CDC,tenant_id|site_id|source_system|source_object|source_record_id|canonical_id|source_event_at|ingested_at|record_version|semantic_status|data_quality_state|freshness_state|snapshot_id,ADDITIVE_BACKWARD_COMPATIBLE_UNKNOWN_STATUS_QUARANTINE,OPERATIONAL_HISTORY,APPROVED_SYNTHETIC_CONTRACT
TEN-COOLIT-SYN-001,SITE-COOLIT-SYN-01,REFERENCE,DATA_CONTRACT,DCT-0073,erp/planning_run,RESOLVED,2026-09-25T23:59:59-06:00,2026-09-26T08:00:00-06:00,2026-06-29T00:00:00-06:00,,1,,false,ACTIVE,,,VALID,CURRENT,coolit-synthetic-v2.0.0,ALL_SYNTHETIC_CUSTOMERS,ALL_SYNTHETIC_PROGRAMS,ALL_SYNTHETIC_PRODUCTS,SYNTHETIC_INTERNAL,SNP-COOLIT-20260925-BL,SCN-BASELINE,DCT-0073,erp/planning_run,2.0.0,ERP Data Product Owner,FORGE_CANONICAL_PIPELINE|REPLAY_SERVICE|AUDIT,planning_run_id,INCREMENTAL_OR_CDC,tenant_id|site_id|source_system|source_object|source_record_id|canonical_id|source_event_at|ingested_at|record_version|semantic_status|data_quality_state|freshness_state|snapshot_id,ADDITIVE_BACKWARD_COMPATIBLE_UNKNOWN_STATUS_QUARANTINE,OPERATIONAL_HISTORY,APPROVED_SYNTHETIC_CONTRACT
TEN-COOLIT-SYN-001,SITE-COOLIT-SYN-01,REFERENCE,DATA_CONTRACT,DCT-0074,erp/product_configuration,RESOLVED,2026-09-25T23:59:59-06:00,2026-09-26T08:00:00-06:00,2026-06-29T00:00:00-06:00,,1,,false,ACTIVE,,,VALID,CURRENT,coolit-synthetic-v2.0.0,ALL_SYNTHETIC_CUSTOMERS,ALL_SYNTHETIC_PROGRAMS,ALL_SYNTHETIC_PRODUCTS,SYNTHETIC_INTERNAL,SNP-COOLIT-20260925-BL,SCN-BASELINE,DCT-0074,erp/product_configuration,2.0.0,ERP Data Product Owner,FORGE_CANONICAL_PIPELINE|REPLAY_SERVICE|AUDIT,configuration_revision_id,INCREMENTAL_OR_CDC,tenant_id|site_id|source_system|source_object|source_record_id|canonical_id|source_event_at|ingested_at|record_version|semantic_status|data_quality_state|freshness_state|snapshot_id,ADDITIVE_BACKWARD_COMPATIBLE_UNKNOWN_STATUS_QUARANTINE,OPERATIONAL_HISTORY,APPROVED_SYNTHETIC_CONTRACT
TEN-COOLIT-SYN-001,SITE-COOLIT-SYN-01,REFERENCE,DATA_CONTRACT,DCT-0075,erp/purchase_order_schedule,RESOLVED,2026-09-25T23:59:59-06:00,2026-09-26T08:00:00-06:00,2026-06-29T00:00:00-06:00,,1,,false,ACTIVE,,,VALID,CURRENT,coolit-synthetic-v2.0.0,ALL_SYNTHETIC_CUSTOMERS,ALL_SYNTHETIC_PROGRAMS,ALL_SYNTHETIC_PRODUCTS,SYNTHETIC_INTERNAL,SNP-COOLIT-20260925-BL,SCN-BASELINE,DCT-0075,erp/purchase_order_schedule,2.0.0,ERP Data Product Owner,FORGE_CANONICAL_PIPELINE|REPLAY_SERVICE|AUDIT,po_schedule_id,INCREMENTAL_OR_CDC,tenant_id|site_id|source_system|source_object|source_record_id|canonical_id|source_event_at|ingested_at|record_version|semantic_status|data_quality_state|freshness_state|snapshot_id,ADDITIVE_BACKWARD_COMPATIBLE_UNKNOWN_STATUS_QUARANTINE,OPERATIONAL_HISTORY,APPROVED_SYNTHETIC_CONTRACT
TEN-COOLIT-SYN-001,SITE-COOLIT-SYN-01,REFERENCE,DATA_CONTRACT,DCT-0076,erp/receipt_inspection,RESOLVED,2026-09-25T23:59:59-06:00,2026-09-26T08:00:00-06:00,2026-06-29T00:00:00-06:00,,1,,false,ACTIVE,,,VALID,CURRENT,coolit-synthetic-v2.0.0,ALL_SYNTHETIC_CUSTOMERS,ALL_SYNTHETIC_PROGRAMS,ALL_SYNTHETIC_PRODUCTS,SYNTHETIC_INTERNAL,SNP-COOLIT-20260925-BL,SCN-BASELINE,DCT-0076,erp/receipt_inspection,2.0.0,ERP Data Product Owner,FORGE_CANONICAL_PIPELINE|REPLAY_SERVICE|AUDIT,receipt_inspection_id,INCREMENTAL_OR_CDC,tenant_id|site_id|source_system|source_object|source_record_id|canonical_id|source_event_at|ingested_at|record_version|semantic_status|data_quality_state|freshness_state|snapshot_id,ADDITIVE_BACKWARD_COMPATIBLE_UNKNOWN_STATUS_QUARANTINE,OPERATIONAL_HISTORY,APPROVED_SYNTHETIC_CONTRACT
TEN-COOLIT-SYN-001,SITE-COOLIT-SYN-01,REFERENCE,DATA_CONTRACT,DCT-0077,erp/reservation_allocation,RESOLVED,2026-09-25T23:59:59-06:00,2026-09-26T08:00:00-06:00,2026-06-29T00:00:00-06:00,,1,,false,ACTIVE,,,VALID,CURRENT,coolit-synthetic-v2.0.0,ALL_SYNTHETIC_CUSTOMERS,ALL_SYNTHETIC_PROGRAMS,ALL_SYNTHETIC_PRODUCTS,SYNTHETIC_INTERNAL,SNP-COOLIT-20260925-BL,SCN-BASELINE,DCT-0077,erp/reservation_allocation,2.0.0,ERP Data Product Owner,FORGE_CANONICAL_PIPELINE|REPLAY_SERVICE|AUDIT,allocation_id,INCREMENTAL_OR_CDC,tenant_id|site_id|source_system|source_object|source_record_id|canonical_id|source_event_at|ingested_at|record_version|semantic_status|data_quality_state|freshness_state|snapshot_id,ADDITIVE_BACKWARD_COMPATIBLE_UNKNOWN_STATUS_QUARANTINE,OPERATIONAL_HISTORY,APPROVED_SYNTHETIC_CONTRACT
TEN-COOLIT-SYN-001,SITE-COOLIT-SYN-01,REFERENCE,DATA_CONTRACT,DCT-0078,erp/return_order,RESOLVED,2026-09-25T23:59:59-06:00,2026-09-26T08:00:00-06:00,2026-06-29T00:00:00-06:00,,1,,false,ACTIVE,,,VALID,CURRENT,coolit-synthetic-v2.0.0,ALL_SYNTHETIC_CUSTOMERS,ALL_SYNTHETIC_PROGRAMS,ALL_SYNTHETIC_PRODUCTS,SYNTHETIC_INTERNAL,SNP-COOLIT-20260925-BL,SCN-BASELINE,DCT-0078,erp/return_order,2.0.0,ERP Data Product Owner,FORGE_CANONICAL_PIPELINE|REPLAY_SERVICE|AUDIT,return_order_line_id,INCREMENTAL_OR_CDC,tenant_id|site_id|source_system|source_object|source_record_id|canonical_id|source_event_at|ingested_at|record_version|semantic_status|data_quality_state|freshness_state|snapshot_id,ADDITIVE_BACKWARD_COMPATIBLE_UNKNOWN_STATUS_QUARANTINE,OPERATIONAL_HISTORY,APPROVED_SYNTHETIC_CONTRACT
TEN-COOLIT-SYN-001,SITE-COOLIT-SYN-01,REFERENCE,DATA_CONTRACT,DCT-0079,erp/return_to_vendor,RESOLVED,2026-09-25T23:59:59-06:00,2026-09-26T08:00:00-06:00,2026-06-29T00:00:00-06:00,,1,,false,ACTIVE,,,VALID,CURRENT,coolit-synthetic-v2.0.0,ALL_SYNTHETIC_CUSTOMERS,ALL_SYNTHETIC_PROGRAMS,ALL_SYNTHETIC_PRODUCTS,SYNTHETIC_INTERNAL,SNP-COOLIT-20260925-BL,SCN-BASELINE,DCT-0079,erp/return_to_vendor,2.0.0,ERP Data Product Owner,FORGE_CANONICAL_PIPELINE|REPLAY_SERVICE|AUDIT,return_to_vendor_line_id,INCREMENTAL_OR_CDC,tenant_id|site_id|source_system|source_object|source_record_id|canonical_id|source_event_at|ingested_at|record_version|semantic_status|data_quality_state|freshness_state|snapshot_id,ADDITIVE_BACKWARD_COMPATIBLE_UNKNOWN_STATUS_QUARANTINE,OPERATIONAL_HISTORY,APPROVED_SYNTHETIC_CONTRACT
TEN-COOLIT-SYN-001,SITE-COOLIT-SYN-01,REFERENCE,DATA_CONTRACT,DCT-0080,erp/routing_operation,RESOLVED,2026-09-25T23:59:59-06:00,2026-09-26T08:00:00-06:00,2026-06-29T00:00:00-06:00,,1,,false,ACTIVE,,,VALID,CURRENT,coolit-synthetic-v2.0.0,ALL_SYNTHETIC_CUSTOMERS,ALL_SYNTHETIC_PROGRAMS,ALL_SYNTHETIC_PRODUCTS,SYNTHETIC_INTERNAL,SNP-COOLIT-20260925-BL,SCN-BASELINE,DCT-0080,erp/routing_operation,2.0.0,ERP Data Product Owner,FORGE_CANONICAL_PIPELINE|REPLAY_SERVICE|AUDIT,routing_operation_id,INCREMENTAL_OR_CDC,tenant_id|site_id|source_system|source_object|source_record_id|canonical_id|source_event_at|ingested_at|record_version|semantic_status|data_quality_state|freshness_state|snapshot_id,ADDITIVE_BACKWARD_COMPATIBLE_UNKNOWN_STATUS_QUARANTINE,OPERATIONAL_HISTORY,APPROVED_SYNTHETIC_CONTRACT
TEN-COOLIT-SYN-001,SITE-COOLIT-SYN-01,REFERENCE,DATA_CONTRACT,DCT-0081,erp/safety_stock_policy,RESOLVED,2026-09-25T23:59:59-06:00,2026-09-26T08:00:00-06:00,2026-06-29T00:00:00-06:00,,1,,false,ACTIVE,,,VALID,CURRENT,coolit-synthetic-v2.0.0,ALL_SYNTHETIC_CUSTOMERS,ALL_SYNTHETIC_PROGRAMS,ALL_SYNTHETIC_PRODUCTS,SYNTHETIC_INTERNAL,SNP-COOLIT-20260925-BL,SCN-BASELINE,DCT-0081,erp/safety_stock_policy,2.0.0,ERP Data Product Owner,FORGE_CANONICAL_PIPELINE|REPLAY_SERVICE|AUDIT,safety_stock_policy_id,INCREMENTAL_OR_CDC,tenant_id|site_id|source_system|source_object|source_record_id|canonical_id|source_event_at|ingested_at|record_version|semantic_status|data_quality_state|freshness_state|snapshot_id,ADDITIVE_BACKWARD_COMPATIBLE_UNKNOWN_STATUS_QUARANTINE,OPERATIONAL_HISTORY,APPROVED_SYNTHETIC_CONTRACT
TEN-COOLIT-SYN-001,SITE-COOLIT-SYN-01,REFERENCE,DATA_CONTRACT,DCT-0082,erp/sales_order_schedule,RESOLVED,2026-09-25T23:59:59-06:00,2026-09-26T08:00:00-06:00,2026-06-29T00:00:00-06:00,,1,,false,ACTIVE,,,VALID,CURRENT,coolit-synthetic-v2.0.0,ALL_SYNTHETIC_CUSTOMERS,ALL_SYNTHETIC_PROGRAMS,ALL_SYNTHETIC_PRODUCTS,SYNTHETIC_INTERNAL,SNP-COOLIT-20260925-BL,SCN-BASELINE,DCT-0082,erp/sales_order_schedule,2.0.0,ERP Data Product Owner,FORGE_CANONICAL_PIPELINE|REPLAY_SERVICE|AUDIT,erp_schedule_line_id,INCREMENTAL_OR_CDC,tenant_id|site_id|source_system|source_object|source_record_id|canonical_id|source_event_at|ingested_at|record_version|semantic_status|data_quality_state|freshness_state|snapshot_id,ADDITIVE_BACKWARD_COMPATIBLE_UNKNOWN_STATUS_QUARANTINE,OPERATIONAL_HISTORY,APPROVED_SYNTHETIC_CONTRACT
TEN-COOLIT-SYN-001,SITE-COOLIT-SYN-01,REFERENCE,DATA_CONTRACT,DCT-0083,erp/schedule_version,RESOLVED,2026-09-25T23:59:59-06:00,2026-09-26T08:00:00-06:00,2026-06-29T00:00:00-06:00,,1,,false,ACTIVE,,,VALID,CURRENT,coolit-synthetic-v2.0.0,ALL_SYNTHETIC_CUSTOMERS,ALL_SYNTHETIC_PROGRAMS,ALL_SYNTHETIC_PRODUCTS,SYNTHETIC_INTERNAL,SNP-COOLIT-20260925-BL,SCN-BASELINE,DCT-0083,erp/schedule_version,2.0.0,ERP Data Product Owner,FORGE_CANONICAL_PIPELINE|REPLAY_SERVICE|AUDIT,schedule_version_id,INCREMENTAL_OR_CDC,tenant_id|site_id|source_system|source_object|source_record_id|canonical_id|source_event_at|ingested_at|record_version|semantic_status|data_quality_state|freshness_state|snapshot_id,ADDITIVE_BACKWARD_COMPATIBLE_UNKNOWN_STATUS_QUARANTINE,OPERATIONAL_HISTORY,APPROVED_SYNTHETIC_CONTRACT
TEN-COOLIT-SYN-001,SITE-COOLIT-SYN-01,REFERENCE,DATA_CONTRACT,DCT-0084,erp/scheduler_override,RESOLVED,2026-09-25T23:59:59-06:00,2026-09-26T08:00:00-06:00,2026-06-29T00:00:00-06:00,,1,,false,ACTIVE,,,VALID,CURRENT,coolit-synthetic-v2.0.0,ALL_SYNTHETIC_CUSTOMERS,ALL_SYNTHETIC_PROGRAMS,ALL_SYNTHETIC_PRODUCTS,SYNTHETIC_INTERNAL,SNP-COOLIT-20260925-BL,SCN-BASELINE,DCT-0084,erp/scheduler_override,2.0.0,ERP Data Product Owner,FORGE_CANONICAL_PIPELINE|REPLAY_SERVICE|AUDIT,scheduler_override_id,INCREMENTAL_OR_CDC,tenant_id|site_id|source_system|source_object|source_record_id|canonical_id|source_event_at|ingested_at|record_version|semantic_status|data_quality_state|freshness_state|snapshot_id,ADDITIVE_BACKWARD_COMPATIBLE_UNKNOWN_STATUS_QUARANTINE,OPERATIONAL_HISTORY,APPROVED_SYNTHETIC_CONTRACT
TEN-COOLIT-SYN-001,SITE-COOLIT-SYN-01,REFERENCE,DATA_CONTRACT,DCT-0085,erp/setup_matrix,RESOLVED,2026-09-25T23:59:59-06:00,2026-09-26T08:00:00-06:00,2026-06-29T00:00:00-06:00,,1,,false,ACTIVE,,,VALID,CURRENT,coolit-synthetic-v2.0.0,ALL_SYNTHETIC_CUSTOMERS,ALL_SYNTHETIC_PROGRAMS,ALL_SYNTHETIC_PRODUCTS,SYNTHETIC_INTERNAL,SNP-COOLIT-20260925-BL,SCN-BASELINE,DCT-0085,erp/setup_matrix,2.0.0,ERP Data Product Owner,FORGE_CANONICAL_PIPELINE|REPLAY_SERVICE|AUDIT,setup_matrix_id,INCREMENTAL_OR_CDC,tenant_id|site_id|source_system|source_object|source_record_id|canonical_id|source_event_at|ingested_at|record_version|semantic_status|data_quality_state|freshness_state|snapshot_id,ADDITIVE_BACKWARD_COMPATIBLE_UNKNOWN_STATUS_QUARANTINE,OPERATIONAL_HISTORY,APPROVED_SYNTHETIC_CONTRACT
TEN-COOLIT-SYN-001,SITE-COOLIT-SYN-01,REFERENCE,DATA_CONTRACT,DCT-0086,erp/shipment_line,RESOLVED,2026-09-25T23:59:59-06:00,2026-09-26T08:00:00-06:00,2026-06-29T00:00:00-06:00,,1,,false,ACTIVE,,,VALID,CURRENT,coolit-synthetic-v2.0.0,ALL_SYNTHETIC_CUSTOMERS,ALL_SYNTHETIC_PROGRAMS,ALL_SYNTHETIC_PRODUCTS,SYNTHETIC_INTERNAL,SNP-COOLIT-20260925-BL,SCN-BASELINE,DCT-0086,erp/shipment_line,2.0.0,ERP Data Product Owner,FORGE_CANONICAL_PIPELINE|REPLAY_SERVICE|AUDIT,shipment_line_id,INCREMENTAL_OR_CDC,tenant_id|site_id|source_system|source_object|source_record_id|canonical_id|source_event_at|ingested_at|record_version|semantic_status|data_quality_state|freshness_state|snapshot_id,ADDITIVE_BACKWARD_COMPATIBLE_UNKNOWN_STATUS_QUARANTINE,OPERATIONAL_HISTORY,APPROVED_SYNTHETIC_CONTRACT
TEN-COOLIT-SYN-001,SITE-COOLIT-SYN-01,REFERENCE,DATA_CONTRACT,DCT-0087,erp/supplier,RESOLVED,2026-09-25T23:59:59-06:00,2026-09-26T08:00:00-06:00,2026-06-29T00:00:00-06:00,,1,,false,ACTIVE,,,VALID,CURRENT,coolit-synthetic-v2.0.0,ALL_SYNTHETIC_CUSTOMERS,ALL_SYNTHETIC_PROGRAMS,ALL_SYNTHETIC_PRODUCTS,SYNTHETIC_INTERNAL,SNP-COOLIT-20260925-BL,SCN-BASELINE,DCT-0087,erp/supplier,2.0.0,ERP Data Product Owner,FORGE_CANONICAL_PIPELINE|REPLAY_SERVICE|AUDIT,supplier_id,INCREMENTAL_OR_CDC,tenant_id|site_id|source_system|source_object|source_record_id|canonical_id|source_event_at|ingested_at|record_version|semantic_status|data_quality_state|freshness_state|snapshot_id,ADDITIVE_BACKWARD_COMPATIBLE_UNKNOWN_STATUS_QUARANTINE,OPERATIONAL_HISTORY,APPROVED_SYNTHETIC_CONTRACT
TEN-COOLIT-SYN-001,SITE-COOLIT-SYN-01,REFERENCE,DATA_CONTRACT,DCT-0088,erp/supplier_confirmation_event,RESOLVED,2026-09-25T23:59:59-06:00,2026-09-26T08:00:00-06:00,2026-06-29T00:00:00-06:00,,1,,false,ACTIVE,,,VALID,CURRENT,coolit-synthetic-v2.0.0,ALL_SYNTHETIC_CUSTOMERS,ALL_SYNTHETIC_PROGRAMS,ALL_SYNTHETIC_PRODUCTS,SYNTHETIC_INTERNAL,SNP-COOLIT-20260925-BL,SCN-BASELINE,DCT-0088,erp/supplier_confirmation_event,2.0.0,ERP Data Product Owner,FORGE_CANONICAL_PIPELINE|REPLAY_SERVICE|AUDIT,supplier_confirmation_event_id,INCREMENTAL_OR_CDC,tenant_id|site_id|source_system|source_object|source_record_id|canonical_id|source_event_at|ingested_at|record_version|semantic_status|data_quality_state|freshness_state|snapshot_id,ADDITIVE_BACKWARD_COMPATIBLE_UNKNOWN_STATUS_QUARANTINE,OPERATIONAL_HISTORY,APPROVED_SYNTHETIC_CONTRACT
TEN-COOLIT-SYN-001,SITE-COOLIT-SYN-01,REFERENCE,DATA_CONTRACT,DCT-0089,erp/supplier_discrepancy,RESOLVED,2026-09-25T23:59:59-06:00,2026-09-26T08:00:00-06:00,2026-06-29T00:00:00-06:00,,1,,false,ACTIVE,,,VALID,CURRENT,coolit-synthetic-v2.0.0,ALL_SYNTHETIC_CUSTOMERS,ALL_SYNTHETIC_PROGRAMS,ALL_SYNTHETIC_PRODUCTS,SYNTHETIC_INTERNAL,SNP-COOLIT-20260925-BL,SCN-BASELINE,DCT-0089,erp/supplier_discrepancy,2.0.0,ERP Data Product Owner,FORGE_CANONICAL_PIPELINE|REPLAY_SERVICE|AUDIT,supplier_discrepancy_id,INCREMENTAL_OR_CDC,tenant_id|site_id|source_system|source_object|source_record_id|canonical_id|source_event_at|ingested_at|record_version|semantic_status|data_quality_state|freshness_state|snapshot_id,ADDITIVE_BACKWARD_COMPATIBLE_UNKNOWN_STATUS_QUARANTINE,OPERATIONAL_HISTORY,APPROVED_SYNTHETIC_CONTRACT
TEN-COOLIT-SYN-001,SITE-COOLIT-SYN-01,REFERENCE,DATA_CONTRACT,DCT-0090,erp/supplier_scorecard,RESOLVED,2026-09-25T23:59:59-06:00,2026-09-26T08:00:00-06:00,2026-06-29T00:00:00-06:00,,1,,false,ACTIVE,,,VALID,CURRENT,coolit-synthetic-v2.0.0,ALL_SYNTHETIC_CUSTOMERS,ALL_SYNTHETIC_PROGRAMS,ALL_SYNTHETIC_PRODUCTS,SYNTHETIC_INTERNAL,SNP-COOLIT-20260925-BL,SCN-BASELINE,DCT-0090,erp/supplier_scorecard,2.0.0,ERP Data Product Owner,FORGE_CANONICAL_PIPELINE|REPLAY_SERVICE|AUDIT,supplier_scorecard_id,INCREMENTAL_OR_CDC,tenant_id|site_id|source_system|source_object|source_record_id|canonical_id|source_event_at|ingested_at|record_version|semantic_status|data_quality_state|freshness_state|snapshot_id,ADDITIVE_BACKWARD_COMPATIBLE_UNKNOWN_STATUS_QUARANTINE,OPERATIONAL_HISTORY,APPROVED_SYNTHETIC_CONTRACT
TEN-COOLIT-SYN-001,SITE-COOLIT-SYN-01,REFERENCE,DATA_CONTRACT,DCT-0091,erp/time_fence_policy,RESOLVED,2026-09-25T23:59:59-06:00,2026-09-26T08:00:00-06:00,2026-06-29T00:00:00-06:00,,1,,false,ACTIVE,,,VALID,CURRENT,coolit-synthetic-v2.0.0,ALL_SYNTHETIC_CUSTOMERS,ALL_SYNTHETIC_PROGRAMS,ALL_SYNTHETIC_PRODUCTS,SYNTHETIC_INTERNAL,SNP-COOLIT-20260925-BL,SCN-BASELINE,DCT-0091,erp/time_fence_policy,2.0.0,ERP Data Product Owner,FORGE_CANONICAL_PIPELINE|REPLAY_SERVICE|AUDIT,time_fence_policy_id,INCREMENTAL_OR_CDC,tenant_id|site_id|source_system|source_object|source_record_id|canonical_id|source_event_at|ingested_at|record_version|semantic_status|data_quality_state|freshness_state|snapshot_id,ADDITIVE_BACKWARD_COMPATIBLE_UNKNOWN_STATUS_QUARANTINE,OPERATIONAL_HISTORY,APPROVED_SYNTHETIC_CONTRACT
TEN-COOLIT-SYN-001,SITE-COOLIT-SYN-01,REFERENCE,DATA_CONTRACT,DCT-0092,erp/work_order,RESOLVED,2026-09-25T23:59:59-06:00,2026-09-26T08:00:00-06:00,2026-06-29T00:00:00-06:00,,1,,false,ACTIVE,,,VALID,CURRENT,coolit-synthetic-v2.0.0,ALL_SYNTHETIC_CUSTOMERS,ALL_SYNTHETIC_PROGRAMS,ALL_SYNTHETIC_PRODUCTS,SYNTHETIC_INTERNAL,SNP-COOLIT-20260925-BL,SCN-BASELINE,DCT-0092,erp/work_order,2.0.0,ERP Data Product Owner,FORGE_CANONICAL_PIPELINE|REPLAY_SERVICE|AUDIT,work_order_id,INCREMENTAL_OR_CDC,tenant_id|site_id|source_system|source_object|source_record_id|canonical_id|source_event_at|ingested_at|record_version|semantic_status|data_quality_state|freshness_state|snapshot_id,ADDITIVE_BACKWARD_COMPATIBLE_UNKNOWN_STATUS_QUARANTINE,OPERATIONAL_HISTORY,APPROVED_SYNTHETIC_CONTRACT
TEN-COOLIT-SYN-001,SITE-COOLIT-SYN-01,REFERENCE,DATA_CONTRACT,DCT-0093,erp/work_order_actual_cost,RESOLVED,2026-09-25T23:59:59-06:00,2026-09-26T08:00:00-06:00,2026-06-29T00:00:00-06:00,,1,,false,ACTIVE,,,VALID,CURRENT,coolit-synthetic-v2.0.0,ALL_SYNTHETIC_CUSTOMERS,ALL_SYNTHETIC_PROGRAMS,ALL_SYNTHETIC_PRODUCTS,SYNTHETIC_INTERNAL,SNP-COOLIT-20260925-BL,SCN-BASELINE,DCT-0093,erp/work_order_actual_cost,2.0.0,ERP Data Product Owner,FORGE_CANONICAL_PIPELINE|REPLAY_SERVICE|AUDIT,work_order_actual_cost_id,INCREMENTAL_OR_CDC,tenant_id|site_id|source_system|source_object|source_record_id|canonical_id|source_event_at|ingested_at|record_version|semantic_status|data_quality_state|freshness_state|snapshot_id,ADDITIVE_BACKWARD_COMPATIBLE_UNKNOWN_STATUS_QUARANTINE,OPERATIONAL_HISTORY,APPROVED_SYNTHETIC_CONTRACT
TEN-COOLIT-SYN-001,SITE-COOLIT-SYN-01,REFERENCE,DATA_CONTRACT,DCT-0094,erp/work_order_component,RESOLVED,2026-09-25T23:59:59-06:00,2026-09-26T08:00:00-06:00,2026-06-29T00:00:00-06:00,,1,,false,ACTIVE,,,VALID,CURRENT,coolit-synthetic-v2.0.0,ALL_SYNTHETIC_CUSTOMERS,ALL_SYNTHETIC_PROGRAMS,ALL_SYNTHETIC_PRODUCTS,SYNTHETIC_INTERNAL,SNP-COOLIT-20260925-BL,SCN-BASELINE,DCT-0094,erp/work_order_component,2.0.0,ERP Data Product Owner,FORGE_CANONICAL_PIPELINE|REPLAY_SERVICE|AUDIT,work_order_component_id,INCREMENTAL_OR_CDC,tenant_id|site_id|source_system|source_object|source_record_id|canonical_id|source_event_at|ingested_at|record_version|semantic_status|data_quality_state|freshness_state|snapshot_id,ADDITIVE_BACKWARD_COMPATIBLE_UNKNOWN_STATUS_QUARANTINE,OPERATIONAL_HISTORY,APPROVED_SYNTHETIC_CONTRACT
TEN-COOLIT-SYN-001,SITE-COOLIT-SYN-01,REFERENCE,DATA_CONTRACT,DCT-0095,erp/work_order_operation_plan,RESOLVED,2026-09-25T23:59:59-06:00,2026-09-26T08:00:00-06:00,2026-06-29T00:00:00-06:00,,1,,false,ACTIVE,,,VALID,CURRENT,coolit-synthetic-v2.0.0,ALL_SYNTHETIC_CUSTOMERS,ALL_SYNTHETIC_PROGRAMS,ALL_SYNTHETIC_PRODUCTS,SYNTHETIC_INTERNAL,SNP-COOLIT-20260925-BL,SCN-BASELINE,DCT-0095,erp/work_order_operation_plan,2.0.0,ERP Data Product Owner,FORGE_CANONICAL_PIPELINE|REPLAY_SERVICE|AUDIT,work_order_operation_plan_id,INCREMENTAL_OR_CDC,tenant_id|site_id|source_system|source_object|source_record_id|canonical_id|source_event_at|ingested_at|record_version|semantic_status|data_quality_state|freshness_state|snapshot_id,ADDITIVE_BACKWARD_COMPATIBLE_UNKNOWN_STATUS_QUARANTINE,OPERATIONAL_HISTORY,APPROVED_SYNTHETIC_CONTRACT
TEN-COOLIT-SYN-001,SITE-COOLIT-SYN-01,REFERENCE,DATA_CONTRACT,DCT-0096,governed/action_receipt,RESOLVED,2026-09-25T23:59:59-06:00,2026-09-26T08:00:00-06:00,2026-06-29T00:00:00-06:00,,1,,false,ACTIVE,,,VALID,CURRENT,coolit-synthetic-v2.0.0,ALL_SYNTHETIC_CUSTOMERS,ALL_SYNTHETIC_PROGRAMS,ALL_SYNTHETIC_PRODUCTS,SYNTHETIC_INTERNAL,SNP-COOLIT-20260925-BL,SCN-BASELINE,DCT-0096,governed/action_receipt,2.0.0,GOVERNED Data Product Owner,FORGE_CANONICAL_PIPELINE|REPLAY_SERVICE|AUDIT,action_receipt_id,INCREMENTAL_OR_CDC,tenant_id|site_id|source_system|source_object|source_record_id|canonical_id|source_event_at|ingested_at|record_version|semantic_status|data_quality_state|freshness_state|snapshot_id,ADDITIVE_BACKWARD_COMPATIBLE_UNKNOWN_STATUS_QUARANTINE,AUDIT_LONG_TERM,APPROVED_SYNTHETIC_CONTRACT
TEN-COOLIT-SYN-001,SITE-COOLIT-SYN-01,REFERENCE,DATA_CONTRACT,DCT-0097,governed/approval,RESOLVED,2026-09-25T23:59:59-06:00,2026-09-26T08:00:00-06:00,2026-06-29T00:00:00-06:00,,1,,false,ACTIVE,,,VALID,CURRENT,coolit-synthetic-v2.0.0,ALL_SYNTHETIC_CUSTOMERS,ALL_SYNTHETIC_PROGRAMS,ALL_SYNTHETIC_PRODUCTS,SYNTHETIC_INTERNAL,SNP-COOLIT-20260925-BL,SCN-BASELINE,DCT-0097,governed/approval,2.0.0,GOVERNED Data Product Owner,FORGE_CANONICAL_PIPELINE|REPLAY_SERVICE|AUDIT,approval_id,INCREMENTAL_OR_CDC,tenant_id|site_id|source_system|source_object|source_record_id|canonical_id|source_event_at|ingested_at|record_version|semantic_status|data_quality_state|freshness_state|snapshot_id,ADDITIVE_BACKWARD_COMPATIBLE_UNKNOWN_STATUS_QUARANTINE,AUDIT_LONG_TERM,APPROVED_SYNTHETIC_CONTRACT
TEN-COOLIT-SYN-001,SITE-COOLIT-SYN-01,REFERENCE,DATA_CONTRACT,DCT-0098,governed/authorization_test,RESOLVED,2026-09-25T23:59:59-06:00,2026-09-26T08:00:00-06:00,2026-06-29T00:00:00-06:00,,1,,false,ACTIVE,,,VALID,CURRENT,coolit-synthetic-v2.0.0,ALL_SYNTHETIC_CUSTOMERS,ALL_SYNTHETIC_PROGRAMS,ALL_SYNTHETIC_PRODUCTS,SYNTHETIC_INTERNAL,SNP-COOLIT-20260925-BL,SCN-BASELINE,DCT-0098,governed/authorization_test,2.0.0,GOVERNED Data Product Owner,FORGE_CANONICAL_PIPELINE|REPLAY_SERVICE|AUDIT,authorization_test_id,INCREMENTAL_OR_CDC,tenant_id|site_id|source_system|source_object|source_record_id|canonical_id|source_event_at|ingested_at|record_version|semantic_status|data_quality_state|freshness_state|snapshot_id,ADDITIVE_BACKWARD_COMPATIBLE_UNKNOWN_STATUS_QUARANTINE,AUDIT_LONG_TERM,APPROVED_SYNTHETIC_CONTRACT
TEN-COOLIT-SYN-001,SITE-COOLIT-SYN-01,REFERENCE,DATA_CONTRACT,DCT-0099,governed/canonical_commitment,RESOLVED,2026-09-25T23:59:59-06:00,2026-09-26T08:00:00-06:00,2026-06-29T00:00:00-06:00,,1,,false,ACTIVE,,,VALID,CURRENT,coolit-synthetic-v2.0.0,ALL_SYNTHETIC_CUSTOMERS,ALL_SYNTHETIC_PROGRAMS,ALL_SYNTHETIC_PRODUCTS,SYNTHETIC_INTERNAL,SNP-COOLIT-20260925-BL,SCN-BASELINE,DCT-0099,governed/canonical_commitment,2.0.0,GOVERNED Data Product Owner,FORGE_CANONICAL_PIPELINE|REPLAY_SERVICE|AUDIT,commitment_id,INCREMENTAL_OR_CDC,tenant_id|site_id|source_system|source_object|source_record_id|canonical_id|source_event_at|ingested_at|record_version|semantic_status|data_quality_state|freshness_state|snapshot_id,ADDITIVE_BACKWARD_COMPATIBLE_UNKNOWN_STATUS_QUARANTINE,AUDIT_LONG_TERM,APPROVED_SYNTHETIC_CONTRACT
TEN-COOLIT-SYN-001,SITE-COOLIT-SYN-01,REFERENCE,DATA_CONTRACT,DCT-0100,governed/decision_replay,RESOLVED,2026-09-25T23:59:59-06:00,2026-09-26T08:00:00-06:00,2026-06-29T00:00:00-06:00,,1,,false,ACTIVE,,,VALID,CURRENT,coolit-synthetic-v2.0.0,ALL_SYNTHETIC_CUSTOMERS,ALL_SYNTHETIC_PROGRAMS,ALL_SYNTHETIC_PRODUCTS,SYNTHETIC_INTERNAL,SNP-COOLIT-20260925-BL,SCN-BASELINE,DCT-0100,governed/decision_replay,2.0.0,GOVERNED Data Product Owner,FORGE_CANONICAL_PIPELINE|REPLAY_SERVICE|AUDIT,decision_replay_id,INCREMENTAL_OR_CDC,tenant_id|site_id|source_system|source_object|source_record_id|canonical_id|source_event_at|ingested_at|record_version|semantic_status|data_quality_state|freshness_state|snapshot_id,ADDITIVE_BACKWARD_COMPATIBLE_UNKNOWN_STATUS_QUARANTINE,AUDIT_LONG_TERM,APPROVED_SYNTHETIC_CONTRACT
TEN-COOLIT-SYN-001,SITE-COOLIT-SYN-01,REFERENCE,DATA_CONTRACT,DCT-0101,governed/decision_run,RESOLVED,2026-09-25T23:59:59-06:00,2026-09-26T08:00:00-06:00,2026-06-29T00:00:00-06:00,,1,,false,ACTIVE,,,VALID,CURRENT,coolit-synthetic-v2.0.0,ALL_SYNTHETIC_CUSTOMERS,ALL_SYNTHETIC_PROGRAMS,ALL_SYNTHETIC_PRODUCTS,SYNTHETIC_INTERNAL,SNP-COOLIT-20260925-BL,SCN-BASELINE,DCT-0101,governed/decision_run,2.0.0,GOVERNED Data Product Owner,FORGE_CANONICAL_PIPELINE|REPLAY_SERVICE|AUDIT,decision_run_id,INCREMENTAL_OR_CDC,tenant_id|site_id|source_system|source_object|source_record_id|canonical_id|source_event_at|ingested_at|record_version|semantic_status|data_quality_state|freshness_state|snapshot_id,ADDITIVE_BACKWARD_COMPATIBLE_UNKNOWN_STATUS_QUARANTINE,AUDIT_LONG_TERM,APPROVED_SYNTHETIC_CONTRACT
TEN-COOLIT-SYN-001,SITE-COOLIT-SYN-01,REFERENCE,DATA_CONTRACT,DCT-0102,governed/injected_event_expected_outcome,RESOLVED,2026-09-25T23:59:59-06:00,2026-09-26T08:00:00-06:00,2026-06-29T00:00:00-06:00,,1,,false,ACTIVE,,,VALID,CURRENT,coolit-synthetic-v2.0.0,ALL_SYNTHETIC_CUSTOMERS,ALL_SYNTHETIC_PROGRAMS,ALL_SYNTHETIC_PRODUCTS,SYNTHETIC_INTERNAL,SNP-COOLIT-20260925-BL,SCN-BASELINE,DCT-0102,governed/injected_event_expected_outcome,2.0.0,GOVERNED Data Product Owner,FORGE_CANONICAL_PIPELINE|REPLAY_SERVICE|AUDIT,injected_event_id,INCREMENTAL_OR_CDC,tenant_id|site_id|source_system|source_object|source_record_id|canonical_id|source_event_at|ingested_at|record_version|semantic_status|data_quality_state|freshness_state|snapshot_id,ADDITIVE_BACKWARD_COMPATIBLE_UNKNOWN_STATUS_QUARANTINE,AUDIT_LONG_TERM,APPROVED_SYNTHETIC_CONTRACT
TEN-COOLIT-SYN-001,SITE-COOLIT-SYN-01,REFERENCE,DATA_CONTRACT,DCT-0103,governed/observed_outcome,RESOLVED,2026-09-25T23:59:59-06:00,2026-09-26T08:00:00-06:00,2026-06-29T00:00:00-06:00,,1,,false,ACTIVE,,,VALID,CURRENT,coolit-synthetic-v2.0.0,ALL_SYNTHETIC_CUSTOMERS,ALL_SYNTHETIC_PROGRAMS,ALL_SYNTHETIC_PRODUCTS,SYNTHETIC_INTERNAL,SNP-COOLIT-20260925-BL,SCN-BASELINE,DCT-0103,governed/observed_outcome,2.0.0,GOVERNED Data Product Owner,FORGE_CANONICAL_PIPELINE|REPLAY_SERVICE|AUDIT,observed_outcome_id,INCREMENTAL_OR_CDC,tenant_id|site_id|source_system|source_object|source_record_id|canonical_id|source_event_at|ingested_at|record_version|semantic_status|data_quality_state|freshness_state|snapshot_id,ADDITIVE_BACKWARD_COMPATIBLE_UNKNOWN_STATUS_QUARANTINE,AUDIT_LONG_TERM,APPROVED_SYNTHETIC_CONTRACT
TEN-COOLIT-SYN-001,SITE-COOLIT-SYN-01,REFERENCE,DATA_CONTRACT,DCT-0104,governed/policy_decision,RESOLVED,2026-09-25T23:59:59-06:00,2026-09-26T08:00:00-06:00,2026-06-29T00:00:00-06:00,,1,,false,ACTIVE,,,VALID,CURRENT,coolit-synthetic-v2.0.0,ALL_SYNTHETIC_CUSTOMERS,ALL_SYNTHETIC_PROGRAMS,ALL_SYNTHETIC_PRODUCTS,SYNTHETIC_INTERNAL,SNP-COOLIT-20260925-BL,SCN-BASELINE,DCT-0104,governed/policy_decision,2.0.0,GOVERNED Data Product Owner,FORGE_CANONICAL_PIPELINE|REPLAY_SERVICE|AUDIT,policy_decision_id,INCREMENTAL_OR_CDC,tenant_id|site_id|source_system|source_object|source_record_id|canonical_id|source_event_at|ingested_at|record_version|semantic_status|data_quality_state|freshness_state|snapshot_id,ADDITIVE_BACKWARD_COMPATIBLE_UNKNOWN_STATUS_QUARANTINE,AUDIT_LONG_TERM,APPROVED_SYNTHETIC_CONTRACT
TEN-COOLIT-SYN-001,SITE-COOLIT-SYN-01,REFERENCE,DATA_CONTRACT,DCT-0105,governed/replay_metric,RESOLVED,2026-09-25T23:59:59-06:00,2026-09-26T08:00:00-06:00,2026-06-29T00:00:00-06:00,,1,,false,ACTIVE,,,VALID,CURRENT,coolit-synthetic-v2.0.0,ALL_SYNTHETIC_CUSTOMERS,ALL_SYNTHETIC_PROGRAMS,ALL_SYNTHETIC_PRODUCTS,SYNTHETIC_INTERNAL,SNP-COOLIT-20260925-BL,SCN-BASELINE,DCT-0105,governed/replay_metric,2.0.0,GOVERNED Data Product Owner,FORGE_CANONICAL_PIPELINE|REPLAY_SERVICE|AUDIT,replay_metric_id,INCREMENTAL_OR_CDC,tenant_id|site_id|source_system|source_object|source_record_id|canonical_id|source_event_at|ingested_at|record_version|semantic_status|data_quality_state|freshness_state|snapshot_id,ADDITIVE_BACKWARD_COMPATIBLE_UNKNOWN_STATUS_QUARANTINE,AUDIT_LONG_TERM,APPROVED_SYNTHETIC_CONTRACT
TEN-COOLIT-SYN-001,SITE-COOLIT-SYN-01,REFERENCE,DATA_CONTRACT,DCT-0106,governed/shadow_run,RESOLVED,2026-09-25T23:59:59-06:00,2026-09-26T08:00:00-06:00,2026-06-29T00:00:00-06:00,,1,,false,ACTIVE,,,VALID,CURRENT,coolit-synthetic-v2.0.0,ALL_SYNTHETIC_CUSTOMERS,ALL_SYNTHETIC_PROGRAMS,ALL_SYNTHETIC_PRODUCTS,SYNTHETIC_INTERNAL,SNP-COOLIT-20260925-BL,SCN-BASELINE,DCT-0106,governed/shadow_run,2.0.0,GOVERNED Data Product Owner,FORGE_CANONICAL_PIPELINE|REPLAY_SERVICE|AUDIT,shadow_run_id,INCREMENTAL_OR_CDC,tenant_id|site_id|source_system|source_object|source_record_id|canonical_id|source_event_at|ingested_at|record_version|semantic_status|data_quality_state|freshness_state|snapshot_id,ADDITIVE_BACKWARD_COMPATIBLE_UNKNOWN_STATUS_QUARANTINE,AUDIT_LONG_TERM,APPROVED_SYNTHETIC_CONTRACT
TEN-COOLIT-SYN-001,SITE-COOLIT-SYN-01,REFERENCE,DATA_CONTRACT,DCT-0107,governed/snapshot_manifest,RESOLVED,2026-09-25T23:59:59-06:00,2026-09-26T08:00:00-06:00,2026-06-29T00:00:00-06:00,,1,,false,ACTIVE,,,VALID,CURRENT,coolit-synthetic-v2.0.0,ALL_SYNTHETIC_CUSTOMERS,ALL_SYNTHETIC_PROGRAMS,ALL_SYNTHETIC_PRODUCTS,SYNTHETIC_INTERNAL,SNP-COOLIT-20260925-BL,SCN-BASELINE,DCT-0107,governed/snapshot_manifest,2.0.0,GOVERNED Data Product Owner,FORGE_CANONICAL_PIPELINE|REPLAY_SERVICE|AUDIT,snapshot_id,INCREMENTAL_OR_CDC,tenant_id|site_id|source_system|source_object|source_record_id|canonical_id|source_event_at|ingested_at|record_version|semantic_status|data_quality_state|freshness_state|snapshot_id,ADDITIVE_BACKWARD_COMPATIBLE_UNKNOWN_STATUS_QUARANTINE,AUDIT_LONG_TERM,APPROVED_SYNTHETIC_CONTRACT
TEN-COOLIT-SYN-001,SITE-COOLIT-SYN-01,REFERENCE,DATA_CONTRACT,DCT-0108,mes/calibration_event,RESOLVED,2026-09-25T23:59:59-06:00,2026-09-26T08:00:00-06:00,2026-06-29T00:00:00-06:00,,1,,false,ACTIVE,,,VALID,CURRENT,coolit-synthetic-v2.0.0,ALL_SYNTHETIC_CUSTOMERS,ALL_SYNTHETIC_PROGRAMS,ALL_SYNTHETIC_PRODUCTS,SYNTHETIC_INTERNAL,SNP-COOLIT-20260925-BL,SCN-BASELINE,DCT-0108,mes/calibration_event,2.0.0,MES Data Product Owner,FORGE_CANONICAL_PIPELINE|REPLAY_SERVICE|AUDIT,calibration_event_id,INCREMENTAL_OR_CDC,tenant_id|site_id|source_system|source_object|source_record_id|canonical_id|source_event_at|ingested_at|record_version|semantic_status|data_quality_state|freshness_state|snapshot_id,ADDITIVE_BACKWARD_COMPATIBLE_UNKNOWN_STATUS_QUARANTINE,OPERATIONAL_HISTORY,APPROVED_SYNTHETIC_CONTRACT
TEN-COOLIT-SYN-001,SITE-COOLIT-SYN-01,REFERENCE,DATA_CONTRACT,DCT-0109,mes/control_plan,RESOLVED,2026-09-25T23:59:59-06:00,2026-09-26T08:00:00-06:00,2026-06-29T00:00:00-06:00,,1,,false,ACTIVE,,,VALID,CURRENT,coolit-synthetic-v2.0.0,ALL_SYNTHETIC_CUSTOMERS,ALL_SYNTHETIC_PROGRAMS,ALL_SYNTHETIC_PRODUCTS,SYNTHETIC_INTERNAL,SNP-COOLIT-20260925-BL,SCN-BASELINE,DCT-0109,mes/control_plan,2.0.0,MES Data Product Owner,FORGE_CANONICAL_PIPELINE|REPLAY_SERVICE|AUDIT,control_plan_id,INCREMENTAL_OR_CDC,tenant_id|site_id|source_system|source_object|source_record_id|canonical_id|source_event_at|ingested_at|record_version|semantic_status|data_quality_state|freshness_state|snapshot_id,ADDITIVE_BACKWARD_COMPATIBLE_UNKNOWN_STATUS_QUARANTINE,OPERATIONAL_HISTORY,APPROVED_SYNTHETIC_CONTRACT
TEN-COOLIT-SYN-001,SITE-COOLIT-SYN-01,REFERENCE,DATA_CONTRACT,DCT-0110,mes/corrective_action,RESOLVED,2026-09-25T23:59:59-06:00,2026-09-26T08:00:00-06:00,2026-06-29T00:00:00-06:00,,1,,false,ACTIVE,,,VALID,CURRENT,coolit-synthetic-v2.0.0,ALL_SYNTHETIC_CUSTOMERS,ALL_SYNTHETIC_PROGRAMS,ALL_SYNTHETIC_PRODUCTS,SYNTHETIC_INTERNAL,SNP-COOLIT-20260925-BL,SCN-BASELINE,DCT-0110,mes/corrective_action,2.0.0,MES Data Product Owner,FORGE_CANONICAL_PIPELINE|REPLAY_SERVICE|AUDIT,corrective_action_id,INCREMENTAL_OR_CDC,tenant_id|site_id|source_system|source_object|source_record_id|canonical_id|source_event_at|ingested_at|record_version|semantic_status|data_quality_state|freshness_state|snapshot_id,ADDITIVE_BACKWARD_COMPATIBLE_UNKNOWN_STATUS_QUARANTINE,OPERATIONAL_HISTORY,APPROVED_SYNTHETIC_CONTRACT
TEN-COOLIT-SYN-001,SITE-COOLIT-SYN-01,REFERENCE,DATA_CONTRACT,DCT-0111,mes/dispatch,RESOLVED,2026-09-25T23:59:59-06:00,2026-09-26T08:00:00-06:00,2026-06-29T00:00:00-06:00,,1,,false,ACTIVE,,,VALID,CURRENT,coolit-synthetic-v2.0.0,ALL_SYNTHETIC_CUSTOMERS,ALL_SYNTHETIC_PROGRAMS,ALL_SYNTHETIC_PRODUCTS,SYNTHETIC_INTERNAL,SNP-COOLIT-20260925-BL,SCN-BASELINE,DCT-0111,mes/dispatch,2.0.0,MES Data Product Owner,FORGE_CANONICAL_PIPELINE|REPLAY_SERVICE|AUDIT,dispatch_id,INCREMENTAL_OR_CDC,tenant_id|site_id|source_system|source_object|source_record_id|canonical_id|source_event_at|ingested_at|record_version|semantic_status|data_quality_state|freshness_state|snapshot_id,ADDITIVE_BACKWARD_COMPATIBLE_UNKNOWN_STATUS_QUARANTINE,OPERATIONAL_HISTORY,APPROVED_SYNTHETIC_CONTRACT
TEN-COOLIT-SYN-001,SITE-COOLIT-SYN-01,REFERENCE,DATA_CONTRACT,DCT-0112,mes/dispatch_history,RESOLVED,2026-09-25T23:59:59-06:00,2026-09-26T08:00:00-06:00,2026-06-29T00:00:00-06:00,,1,,false,ACTIVE,,,VALID,CURRENT,coolit-synthetic-v2.0.0,ALL_SYNTHETIC_CUSTOMERS,ALL_SYNTHETIC_PROGRAMS,ALL_SYNTHETIC_PRODUCTS,SYNTHETIC_INTERNAL,SNP-COOLIT-20260925-BL,SCN-BASELINE,DCT-0112,mes/dispatch_history,2.0.0,MES Data Product Owner,FORGE_CANONICAL_PIPELINE|REPLAY_SERVICE|AUDIT,dispatch_history_id,INCREMENTAL_OR_CDC,tenant_id|site_id|source_system|source_object|source_record_id|canonical_id|source_event_at|ingested_at|record_version|semantic_status|data_quality_state|freshness_state|snapshot_id,ADDITIVE_BACKWARD_COMPATIBLE_UNKNOWN_STATUS_QUARANTINE,OPERATIONAL_HISTORY,APPROVED_SYNTHETIC_CONTRACT
TEN-COOLIT-SYN-001,SITE-COOLIT-SYN-01,REFERENCE,DATA_CONTRACT,DCT-0113,mes/downtime_changeover,RESOLVED,2026-09-25T23:59:59-06:00,2026-09-26T08:00:00-06:00,2026-06-29T00:00:00-06:00,,1,,false,ACTIVE,,,VALID,CURRENT,coolit-synthetic-v2.0.0,ALL_SYNTHETIC_CUSTOMERS,ALL_SYNTHETIC_PROGRAMS,ALL_SYNTHETIC_PRODUCTS,SYNTHETIC_INTERNAL,SNP-COOLIT-20260925-BL,SCN-BASELINE,DCT-0113,mes/downtime_changeover,2.0.0,MES Data Product Owner,FORGE_CANONICAL_PIPELINE|REPLAY_SERVICE|AUDIT,downtime_event_id,INCREMENTAL_OR_CDC,tenant_id|site_id|source_system|source_object|source_record_id|canonical_id|source_event_at|ingested_at|record_version|semantic_status|data_quality_state|freshness_state|snapshot_id,ADDITIVE_BACKWARD_COMPATIBLE_UNKNOWN_STATUS_QUARANTINE,OPERATIONAL_HISTORY,APPROVED_SYNTHETIC_CONTRACT
TEN-COOLIT-SYN-001,SITE-COOLIT-SYN-01,REFERENCE,DATA_CONTRACT,DCT-0114,mes/electronic_signature,RESOLVED,2026-09-25T23:59:59-06:00,2026-09-26T08:00:00-06:00,2026-06-29T00:00:00-06:00,,1,,false,ACTIVE,,,VALID,CURRENT,coolit-synthetic-v2.0.0,ALL_SYNTHETIC_CUSTOMERS,ALL_SYNTHETIC_PROGRAMS,ALL_SYNTHETIC_PRODUCTS,SYNTHETIC_INTERNAL,SNP-COOLIT-20260925-BL,SCN-BASELINE,DCT-0114,mes/electronic_signature,2.0.0,MES Data Product Owner,FORGE_CANONICAL_PIPELINE|REPLAY_SERVICE|AUDIT,electronic_signature_id,INCREMENTAL_OR_CDC,tenant_id|site_id|source_system|source_object|source_record_id|canonical_id|source_event_at|ingested_at|record_version|semantic_status|data_quality_state|freshness_state|snapshot_id,ADDITIVE_BACKWARD_COMPATIBLE_UNKNOWN_STATUS_QUARANTINE,OPERATIONAL_HISTORY,APPROVED_SYNTHETIC_CONTRACT
TEN-COOLIT-SYN-001,SITE-COOLIT-SYN-01,REFERENCE,DATA_CONTRACT,DCT-0115,mes/end_to_end_genealogy,RESOLVED,2026-09-25T23:59:59-06:00,2026-09-26T08:00:00-06:00,2026-06-29T00:00:00-06:00,,1,,false,ACTIVE,,,VALID,CURRENT,coolit-synthetic-v2.0.0,ALL_SYNTHETIC_CUSTOMERS,ALL_SYNTHETIC_PROGRAMS,ALL_SYNTHETIC_PRODUCTS,SYNTHETIC_INTERNAL,SNP-COOLIT-20260925-BL,SCN-BASELINE,DCT-0115,mes/end_to_end_genealogy,2.0.0,MES Data Product Owner,FORGE_CANONICAL_PIPELINE|REPLAY_SERVICE|AUDIT,end_to_end_genealogy_id,INCREMENTAL_OR_CDC,tenant_id|site_id|source_system|source_object|source_record_id|canonical_id|source_event_at|ingested_at|record_version|semantic_status|data_quality_state|freshness_state|snapshot_id,ADDITIVE_BACKWARD_COMPATIBLE_UNKNOWN_STATUS_QUARANTINE,OPERATIONAL_HISTORY,APPROVED_SYNTHETIC_CONTRACT
TEN-COOLIT-SYN-001,SITE-COOLIT-SYN-01,REFERENCE,DATA_CONTRACT,DCT-0116,mes/equipment_asset,RESOLVED,2026-09-25T23:59:59-06:00,2026-09-26T08:00:00-06:00,2026-06-29T00:00:00-06:00,,1,,false,ACTIVE,,,VALID,CURRENT,coolit-synthetic-v2.0.0,ALL_SYNTHETIC_CUSTOMERS,ALL_SYNTHETIC_PROGRAMS,ALL_SYNTHETIC_PRODUCTS,SYNTHETIC_INTERNAL,SNP-COOLIT-20260925-BL,SCN-BASELINE,DCT-0116,mes/equipment_asset,2.0.0,MES Data Product Owner,FORGE_CANONICAL_PIPELINE|REPLAY_SERVICE|AUDIT,equipment_asset_id,INCREMENTAL_OR_CDC,tenant_id|site_id|source_system|source_object|source_record_id|canonical_id|source_event_at|ingested_at|record_version|semantic_status|data_quality_state|freshness_state|snapshot_id,ADDITIVE_BACKWARD_COMPATIBLE_UNKNOWN_STATUS_QUARANTINE,OPERATIONAL_HISTORY,APPROVED_SYNTHETIC_CONTRACT
TEN-COOLIT-SYN-001,SITE-COOLIT-SYN-01,REFERENCE,DATA_CONTRACT,DCT-0117,mes/equipment_state_event,RESOLVED,2026-09-25T23:59:59-06:00,2026-09-26T08:00:00-06:00,2026-06-29T00:00:00-06:00,,1,,false,ACTIVE,,,VALID,CURRENT,coolit-synthetic-v2.0.0,ALL_SYNTHETIC_CUSTOMERS,ALL_SYNTHETIC_PROGRAMS,ALL_SYNTHETIC_PRODUCTS,SYNTHETIC_INTERNAL,SNP-COOLIT-20260925-BL,SCN-BASELINE,DCT-0117,mes/equipment_state_event,2.0.0,MES Data Product Owner,FORGE_CANONICAL_PIPELINE|REPLAY_SERVICE|AUDIT,equipment_state_event_id,INCREMENTAL_OR_CDC,tenant_id|site_id|source_system|source_object|source_record_id|canonical_id|source_event_at|ingested_at|record_version|semantic_status|data_quality_state|freshness_state|snapshot_id,ADDITIVE_BACKWARD_COMPATIBLE_UNKNOWN_STATUS_QUARANTINE,OPERATIONAL_HISTORY,APPROVED_SYNTHETIC_CONTRACT
TEN-COOLIT-SYN-001,SITE-COOLIT-SYN-01,REFERENCE,DATA_CONTRACT,DCT-0118,mes/genealogy_edge,RESOLVED,2026-09-25T23:59:59-06:00,2026-09-26T08:00:00-06:00,2026-06-29T00:00:00-06:00,,1,,false,ACTIVE,,,VALID,CURRENT,coolit-synthetic-v2.0.0,ALL_SYNTHETIC_CUSTOMERS,ALL_SYNTHETIC_PROGRAMS,ALL_SYNTHETIC_PRODUCTS,SYNTHETIC_INTERNAL,SNP-COOLIT-20260925-BL,SCN-BASELINE,DCT-0118,mes/genealogy_edge,2.0.0,MES Data Product Owner,FORGE_CANONICAL_PIPELINE|REPLAY_SERVICE|AUDIT,genealogy_edge_id,INCREMENTAL_OR_CDC,tenant_id|site_id|source_system|source_object|source_record_id|canonical_id|source_event_at|ingested_at|record_version|semantic_status|data_quality_state|freshness_state|snapshot_id,ADDITIVE_BACKWARD_COMPATIBLE_UNKNOWN_STATUS_QUARANTINE,OPERATIONAL_HISTORY,APPROVED_SYNTHETIC_CONTRACT
TEN-COOLIT-SYN-001,SITE-COOLIT-SYN-01,REFERENCE,DATA_CONTRACT,DCT-0119,mes/ideal_cycle_standard,RESOLVED,2026-09-25T23:59:59-06:00,2026-09-26T08:00:00-06:00,2026-06-29T00:00:00-06:00,,1,,false,ACTIVE,,,VALID,CURRENT,coolit-synthetic-v2.0.0,ALL_SYNTHETIC_CUSTOMERS,ALL_SYNTHETIC_PROGRAMS,ALL_SYNTHETIC_PRODUCTS,SYNTHETIC_INTERNAL,SNP-COOLIT-20260925-BL,SCN-BASELINE,DCT-0119,mes/ideal_cycle_standard,2.0.0,MES Data Product Owner,FORGE_CANONICAL_PIPELINE|REPLAY_SERVICE|AUDIT,ideal_cycle_standard_id,INCREMENTAL_OR_CDC,tenant_id|site_id|source_system|source_object|source_record_id|canonical_id|source_event_at|ingested_at|record_version|semantic_status|data_quality_state|freshness_state|snapshot_id,ADDITIVE_BACKWARD_COMPATIBLE_UNKNOWN_STATUS_QUARANTINE,OPERATIONAL_HISTORY,APPROVED_SYNTHETIC_CONTRACT
TEN-COOLIT-SYN-001,SITE-COOLIT-SYN-01,REFERENCE,DATA_CONTRACT,DCT-0120,mes/instruction_acknowledgement,RESOLVED,2026-09-25T23:59:59-06:00,2026-09-26T08:00:00-06:00,2026-06-29T00:00:00-06:00,,1,,false,ACTIVE,,,VALID,CURRENT,coolit-synthetic-v2.0.0,ALL_SYNTHETIC_CUSTOMERS,ALL_SYNTHETIC_PROGRAMS,ALL_SYNTHETIC_PRODUCTS,SYNTHETIC_INTERNAL,SNP-COOLIT-20260925-BL,SCN-BASELINE,DCT-0120,mes/instruction_acknowledgement,2.0.0,MES Data Product Owner,FORGE_CANONICAL_PIPELINE|REPLAY_SERVICE|AUDIT,instruction_acknowledgement_id,INCREMENTAL_OR_CDC,tenant_id|site_id|source_system|source_object|source_record_id|canonical_id|source_event_at|ingested_at|record_version|semantic_status|data_quality_state|freshness_state|snapshot_id,ADDITIVE_BACKWARD_COMPATIBLE_UNKNOWN_STATUS_QUARANTINE,OPERATIONAL_HISTORY,APPROVED_SYNTHETIC_CONTRACT
TEN-COOLIT-SYN-001,SITE-COOLIT-SYN-01,REFERENCE,DATA_CONTRACT,DCT-0121,mes/labor_event,RESOLVED,2026-09-25T23:59:59-06:00,2026-09-26T08:00:00-06:00,2026-06-29T00:00:00-06:00,,1,,false,ACTIVE,,,VALID,CURRENT,coolit-synthetic-v2.0.0,ALL_SYNTHETIC_CUSTOMERS,ALL_SYNTHETIC_PROGRAMS,ALL_SYNTHETIC_PRODUCTS,SYNTHETIC_INTERNAL,SNP-COOLIT-20260925-BL,SCN-BASELINE,DCT-0121,mes/labor_event,2.0.0,MES Data Product Owner,FORGE_CANONICAL_PIPELINE|REPLAY_SERVICE|AUDIT,labor_event_id,INCREMENTAL_OR_CDC,tenant_id|site_id|source_system|source_object|source_record_id|canonical_id|source_event_at|ingested_at|record_version|semantic_status|data_quality_state|freshness_state|snapshot_id,ADDITIVE_BACKWARD_COMPATIBLE_UNKNOWN_STATUS_QUARANTINE,OPERATIONAL_HISTORY,APPROVED_SYNTHETIC_CONTRACT
TEN-COOLIT-SYN-001,SITE-COOLIT-SYN-01,REFERENCE,DATA_CONTRACT,DCT-0122,mes/loss_event,RESOLVED,2026-09-25T23:59:59-06:00,2026-09-26T08:00:00-06:00,2026-06-29T00:00:00-06:00,,1,,false,ACTIVE,,,VALID,CURRENT,coolit-synthetic-v2.0.0,ALL_SYNTHETIC_CUSTOMERS,ALL_SYNTHETIC_PROGRAMS,ALL_SYNTHETIC_PRODUCTS,SYNTHETIC_INTERNAL,SNP-COOLIT-20260925-BL,SCN-BASELINE,DCT-0122,mes/loss_event,2.0.0,MES Data Product Owner,FORGE_CANONICAL_PIPELINE|REPLAY_SERVICE|AUDIT,loss_event_id,INCREMENTAL_OR_CDC,tenant_id|site_id|source_system|source_object|source_record_id|canonical_id|source_event_at|ingested_at|record_version|semantic_status|data_quality_state|freshness_state|snapshot_id,ADDITIVE_BACKWARD_COMPATIBLE_UNKNOWN_STATUS_QUARANTINE,OPERATIONAL_HISTORY,APPROVED_SYNTHETIC_CONTRACT
TEN-COOLIT-SYN-001,SITE-COOLIT-SYN-01,REFERENCE,DATA_CONTRACT,DCT-0123,mes/maintenance_work_order,RESOLVED,2026-09-25T23:59:59-06:00,2026-09-26T08:00:00-06:00,2026-06-29T00:00:00-06:00,,1,,false,ACTIVE,,,VALID,CURRENT,coolit-synthetic-v2.0.0,ALL_SYNTHETIC_CUSTOMERS,ALL_SYNTHETIC_PROGRAMS,ALL_SYNTHETIC_PRODUCTS,SYNTHETIC_INTERNAL,SNP-COOLIT-20260925-BL,SCN-BASELINE,DCT-0123,mes/maintenance_work_order,2.0.0,MES Data Product Owner,FORGE_CANONICAL_PIPELINE|REPLAY_SERVICE|AUDIT,maintenance_work_order_id,INCREMENTAL_OR_CDC,tenant_id|site_id|source_system|source_object|source_record_id|canonical_id|source_event_at|ingested_at|record_version|semantic_status|data_quality_state|freshness_state|snapshot_id,ADDITIVE_BACKWARD_COMPATIBLE_UNKNOWN_STATUS_QUARANTINE,OPERATIONAL_HISTORY,APPROVED_SYNTHETIC_CONTRACT
TEN-COOLIT-SYN-001,SITE-COOLIT-SYN-01,REFERENCE,DATA_CONTRACT,DCT-0124,mes/material_consumption,RESOLVED,2026-09-25T23:59:59-06:00,2026-09-26T08:00:00-06:00,2026-06-29T00:00:00-06:00,,1,,false,ACTIVE,,,VALID,CURRENT,coolit-synthetic-v2.0.0,ALL_SYNTHETIC_CUSTOMERS,ALL_SYNTHETIC_PROGRAMS,ALL_SYNTHETIC_PRODUCTS,SYNTHETIC_INTERNAL,SNP-COOLIT-20260925-BL,SCN-BASELINE,DCT-0124,mes/material_consumption,2.0.0,MES Data Product Owner,FORGE_CANONICAL_PIPELINE|REPLAY_SERVICE|AUDIT,material_consumption_id,INCREMENTAL_OR_CDC,tenant_id|site_id|source_system|source_object|source_record_id|canonical_id|source_event_at|ingested_at|record_version|semantic_status|data_quality_state|freshness_state|snapshot_id,ADDITIVE_BACKWARD_COMPATIBLE_UNKNOWN_STATUS_QUARANTINE,OPERATIONAL_HISTORY,APPROVED_SYNTHETIC_CONTRACT
TEN-COOLIT-SYN-001,SITE-COOLIT-SYN-01,REFERENCE,DATA_CONTRACT,DCT-0125,mes/material_disposition,RESOLVED,2026-09-25T23:59:59-06:00,2026-09-26T08:00:00-06:00,2026-06-29T00:00:00-06:00,,1,,false,ACTIVE,,,VALID,CURRENT,coolit-synthetic-v2.0.0,ALL_SYNTHETIC_CUSTOMERS,ALL_SYNTHETIC_PROGRAMS,ALL_SYNTHETIC_PRODUCTS,SYNTHETIC_INTERNAL,SNP-COOLIT-20260925-BL,SCN-BASELINE,DCT-0125,mes/material_disposition,2.0.0,MES Data Product Owner,FORGE_CANONICAL_PIPELINE|REPLAY_SERVICE|AUDIT,material_disposition_id,INCREMENTAL_OR_CDC,tenant_id|site_id|source_system|source_object|source_record_id|canonical_id|source_event_at|ingested_at|record_version|semantic_status|data_quality_state|freshness_state|snapshot_id,ADDITIVE_BACKWARD_COMPATIBLE_UNKNOWN_STATUS_QUARANTINE,OPERATIONAL_HISTORY,APPROVED_SYNTHETIC_CONTRACT
TEN-COOLIT-SYN-001,SITE-COOLIT-SYN-01,REFERENCE,DATA_CONTRACT,DCT-0126,mes/nonconformance_case,RESOLVED,2026-09-25T23:59:59-06:00,2026-09-26T08:00:00-06:00,2026-06-29T00:00:00-06:00,,1,,false,ACTIVE,,,VALID,CURRENT,coolit-synthetic-v2.0.0,ALL_SYNTHETIC_CUSTOMERS,ALL_SYNTHETIC_PROGRAMS,ALL_SYNTHETIC_PRODUCTS,SYNTHETIC_INTERNAL,SNP-COOLIT-20260925-BL,SCN-BASELINE,DCT-0126,mes/nonconformance_case,2.0.0,MES Data Product Owner,FORGE_CANONICAL_PIPELINE|REPLAY_SERVICE|AUDIT,nonconformance_case_id,INCREMENTAL_OR_CDC,tenant_id|site_id|source_system|source_object|source_record_id|canonical_id|source_event_at|ingested_at|record_version|semantic_status|data_quality_state|freshness_state|snapshot_id,ADDITIVE_BACKWARD_COMPATIBLE_UNKNOWN_STATUS_QUARANTINE,OPERATIONAL_HISTORY,APPROVED_SYNTHETIC_CONTRACT
TEN-COOLIT-SYN-001,SITE-COOLIT-SYN-01,REFERENCE,DATA_CONTRACT,DCT-0127,mes/nonconformance_event,RESOLVED,2026-09-25T23:59:59-06:00,2026-09-26T08:00:00-06:00,2026-06-29T00:00:00-06:00,,1,,false,ACTIVE,,,VALID,CURRENT,coolit-synthetic-v2.0.0,ALL_SYNTHETIC_CUSTOMERS,ALL_SYNTHETIC_PROGRAMS,ALL_SYNTHETIC_PRODUCTS,SYNTHETIC_INTERNAL,SNP-COOLIT-20260925-BL,SCN-BASELINE,DCT-0127,mes/nonconformance_event,2.0.0,MES Data Product Owner,FORGE_CANONICAL_PIPELINE|REPLAY_SERVICE|AUDIT,nonconformance_event_id,INCREMENTAL_OR_CDC,tenant_id|site_id|source_system|source_object|source_record_id|canonical_id|source_event_at|ingested_at|record_version|semantic_status|data_quality_state|freshness_state|snapshot_id,ADDITIVE_BACKWARD_COMPATIBLE_UNKNOWN_STATUS_QUARANTINE,OPERATIONAL_HISTORY,APPROVED_SYNTHETIC_CONTRACT
TEN-COOLIT-SYN-001,SITE-COOLIT-SYN-01,REFERENCE,DATA_CONTRACT,DCT-0128,mes/oee_daily,RESOLVED,2026-09-25T23:59:59-06:00,2026-09-26T08:00:00-06:00,2026-06-29T00:00:00-06:00,,1,,false,ACTIVE,,,VALID,CURRENT,coolit-synthetic-v2.0.0,ALL_SYNTHETIC_CUSTOMERS,ALL_SYNTHETIC_PROGRAMS,ALL_SYNTHETIC_PRODUCTS,SYNTHETIC_INTERNAL,SNP-COOLIT-20260925-BL,SCN-BASELINE,DCT-0128,mes/oee_daily,2.0.0,MES Data Product Owner,FORGE_CANONICAL_PIPELINE|REPLAY_SERVICE|AUDIT,oee_daily_id,INCREMENTAL_OR_CDC,tenant_id|site_id|source_system|source_object|source_record_id|canonical_id|source_event_at|ingested_at|record_version|semantic_status|data_quality_state|freshness_state|snapshot_id,ADDITIVE_BACKWARD_COMPATIBLE_UNKNOWN_STATUS_QUARANTINE,OPERATIONAL_HISTORY,APPROVED_SYNTHETIC_CONTRACT
TEN-COOLIT-SYN-001,SITE-COOLIT-SYN-01,REFERENCE,DATA_CONTRACT,DCT-0129,mes/operation_transaction,RESOLVED,2026-09-25T23:59:59-06:00,2026-09-26T08:00:00-06:00,2026-06-29T00:00:00-06:00,,1,,false,ACTIVE,,,VALID,CURRENT,coolit-synthetic-v2.0.0,ALL_SYNTHETIC_CUSTOMERS,ALL_SYNTHETIC_PROGRAMS,ALL_SYNTHETIC_PRODUCTS,SYNTHETIC_INTERNAL,SNP-COOLIT-20260925-BL,SCN-BASELINE,DCT-0129,mes/operation_transaction,2.0.0,MES Data Product Owner,FORGE_CANONICAL_PIPELINE|REPLAY_SERVICE|AUDIT,operation_transaction_id,INCREMENTAL_OR_CDC,tenant_id|site_id|source_system|source_object|source_record_id|canonical_id|source_event_at|ingested_at|record_version|semantic_status|data_quality_state|freshness_state|snapshot_id,ADDITIVE_BACKWARD_COMPATIBLE_UNKNOWN_STATUS_QUARANTINE,OPERATIONAL_HISTORY,APPROVED_SYNTHETIC_CONTRACT
TEN-COOLIT-SYN-001,SITE-COOLIT-SYN-01,REFERENCE,DATA_CONTRACT,DCT-0130,mes/operator,RESOLVED,2026-09-25T23:59:59-06:00,2026-09-26T08:00:00-06:00,2026-06-29T00:00:00-06:00,,1,,false,ACTIVE,,,VALID,CURRENT,coolit-synthetic-v2.0.0,ALL_SYNTHETIC_CUSTOMERS,ALL_SYNTHETIC_PROGRAMS,ALL_SYNTHETIC_PRODUCTS,SYNTHETIC_INTERNAL,SNP-COOLIT-20260925-BL,SCN-BASELINE,DCT-0130,mes/operator,2.0.0,MES Data Product Owner,FORGE_CANONICAL_PIPELINE|REPLAY_SERVICE|AUDIT,operator_id,INCREMENTAL_OR_CDC,tenant_id|site_id|source_system|source_object|source_record_id|canonical_id|source_event_at|ingested_at|record_version|semantic_status|data_quality_state|freshness_state|snapshot_id,ADDITIVE_BACKWARD_COMPATIBLE_UNKNOWN_STATUS_QUARANTINE,OPERATIONAL_HISTORY,APPROVED_SYNTHETIC_CONTRACT
TEN-COOLIT-SYN-001,SITE-COOLIT-SYN-01,REFERENCE,DATA_CONTRACT,DCT-0131,mes/operator_qualification,RESOLVED,2026-09-25T23:59:59-06:00,2026-09-26T08:00:00-06:00,2026-06-29T00:00:00-06:00,,1,,false,ACTIVE,,,VALID,CURRENT,coolit-synthetic-v2.0.0,ALL_SYNTHETIC_CUSTOMERS,ALL_SYNTHETIC_PROGRAMS,ALL_SYNTHETIC_PRODUCTS,SYNTHETIC_INTERNAL,SNP-COOLIT-20260925-BL,SCN-BASELINE,DCT-0131,mes/operator_qualification,2.0.0,MES Data Product Owner,FORGE_CANONICAL_PIPELINE|REPLAY_SERVICE|AUDIT,operator_qualification_id,INCREMENTAL_OR_CDC,tenant_id|site_id|source_system|source_object|source_record_id|canonical_id|source_event_at|ingested_at|record_version|semantic_status|data_quality_state|freshness_state|snapshot_id,ADDITIVE_BACKWARD_COMPATIBLE_UNKNOWN_STATUS_QUARANTINE,OPERATIONAL_HISTORY,APPROVED_SYNTHETIC_CONTRACT
TEN-COOLIT-SYN-001,SITE-COOLIT-SYN-01,REFERENCE,DATA_CONTRACT,DCT-0132,mes/process_parameter_event,RESOLVED,2026-09-25T23:59:59-06:00,2026-09-26T08:00:00-06:00,2026-06-29T00:00:00-06:00,,1,,false,ACTIVE,,,VALID,CURRENT,coolit-synthetic-v2.0.0,ALL_SYNTHETIC_CUSTOMERS,ALL_SYNTHETIC_PROGRAMS,ALL_SYNTHETIC_PRODUCTS,SYNTHETIC_INTERNAL,SNP-COOLIT-20260925-BL,SCN-BASELINE,DCT-0132,mes/process_parameter_event,2.0.0,MES Data Product Owner,FORGE_CANONICAL_PIPELINE|REPLAY_SERVICE|AUDIT,process_parameter_event_id,INCREMENTAL_OR_CDC,tenant_id|site_id|source_system|source_object|source_record_id|canonical_id|source_event_at|ingested_at|record_version|semantic_status|data_quality_state|freshness_state|snapshot_id,ADDITIVE_BACKWARD_COMPATIBLE_UNKNOWN_STATUS_QUARANTINE,OPERATIONAL_HISTORY,APPROVED_SYNTHETIC_CONTRACT
TEN-COOLIT-SYN-001,SITE-COOLIT-SYN-01,REFERENCE,DATA_CONTRACT,DCT-0133,mes/reaction_task,RESOLVED,2026-09-25T23:59:59-06:00,2026-09-26T08:00:00-06:00,2026-06-29T00:00:00-06:00,,1,,false,ACTIVE,,,VALID,CURRENT,coolit-synthetic-v2.0.0,ALL_SYNTHETIC_CUSTOMERS,ALL_SYNTHETIC_PROGRAMS,ALL_SYNTHETIC_PRODUCTS,SYNTHETIC_INTERNAL,SNP-COOLIT-20260925-BL,SCN-BASELINE,DCT-0133,mes/reaction_task,2.0.0,MES Data Product Owner,FORGE_CANONICAL_PIPELINE|REPLAY_SERVICE|AUDIT,reaction_task_id,INCREMENTAL_OR_CDC,tenant_id|site_id|source_system|source_object|source_record_id|canonical_id|source_event_at|ingested_at|record_version|semantic_status|data_quality_state|freshness_state|snapshot_id,ADDITIVE_BACKWARD_COMPATIBLE_UNKNOWN_STATUS_QUARANTINE,OPERATIONAL_HISTORY,APPROVED_SYNTHETIC_CONTRACT
TEN-COOLIT-SYN-001,SITE-COOLIT-SYN-01,REFERENCE,DATA_CONTRACT,DCT-0134,mes/recipe_spec,RESOLVED,2026-09-25T23:59:59-06:00,2026-09-26T08:00:00-06:00,2026-06-29T00:00:00-06:00,,1,,false,ACTIVE,,,VALID,CURRENT,coolit-synthetic-v2.0.0,ALL_SYNTHETIC_CUSTOMERS,ALL_SYNTHETIC_PROGRAMS,ALL_SYNTHETIC_PRODUCTS,SYNTHETIC_INTERNAL,SNP-COOLIT-20260925-BL,SCN-BASELINE,DCT-0134,mes/recipe_spec,2.0.0,MES Data Product Owner,FORGE_CANONICAL_PIPELINE|REPLAY_SERVICE|AUDIT,recipe_spec_id,INCREMENTAL_OR_CDC,tenant_id|site_id|source_system|source_object|source_record_id|canonical_id|source_event_at|ingested_at|record_version|semantic_status|data_quality_state|freshness_state|snapshot_id,ADDITIVE_BACKWARD_COMPATIBLE_UNKNOWN_STATUS_QUARANTINE,OPERATIONAL_HISTORY,APPROVED_SYNTHETIC_CONTRACT
TEN-COOLIT-SYN-001,SITE-COOLIT-SYN-01,REFERENCE,DATA_CONTRACT,DCT-0135,mes/resource,RESOLVED,2026-09-25T23:59:59-06:00,2026-09-26T08:00:00-06:00,2026-06-29T00:00:00-06:00,,1,,false,ACTIVE,,,VALID,CURRENT,coolit-synthetic-v2.0.0,ALL_SYNTHETIC_CUSTOMERS,ALL_SYNTHETIC_PROGRAMS,ALL_SYNTHETIC_PRODUCTS,SYNTHETIC_INTERNAL,SNP-COOLIT-20260925-BL,SCN-BASELINE,DCT-0135,mes/resource,2.0.0,MES Data Product Owner,FORGE_CANONICAL_PIPELINE|REPLAY_SERVICE|AUDIT,resource_id,INCREMENTAL_OR_CDC,tenant_id|site_id|source_system|source_object|source_record_id|canonical_id|source_event_at|ingested_at|record_version|semantic_status|data_quality_state|freshness_state|snapshot_id,ADDITIVE_BACKWARD_COMPATIBLE_UNKNOWN_STATUS_QUARANTINE,OPERATIONAL_HISTORY,APPROVED_SYNTHETIC_CONTRACT
TEN-COOLIT-SYN-001,SITE-COOLIT-SYN-01,REFERENCE,DATA_CONTRACT,DCT-0136,mes/resource_calendar,RESOLVED,2026-09-25T23:59:59-06:00,2026-09-26T08:00:00-06:00,2026-06-29T00:00:00-06:00,,1,,false,ACTIVE,,,VALID,CURRENT,coolit-synthetic-v2.0.0,ALL_SYNTHETIC_CUSTOMERS,ALL_SYNTHETIC_PROGRAMS,ALL_SYNTHETIC_PRODUCTS,SYNTHETIC_INTERNAL,SNP-COOLIT-20260925-BL,SCN-BASELINE,DCT-0136,mes/resource_calendar,2.0.0,MES Data Product Owner,FORGE_CANONICAL_PIPELINE|REPLAY_SERVICE|AUDIT,resource_calendar_id,INCREMENTAL_OR_CDC,tenant_id|site_id|source_system|source_object|source_record_id|canonical_id|source_event_at|ingested_at|record_version|semantic_status|data_quality_state|freshness_state|snapshot_id,ADDITIVE_BACKWARD_COMPATIBLE_UNKNOWN_STATUS_QUARANTINE,OPERATIONAL_HISTORY,APPROVED_SYNTHETIC_CONTRACT
TEN-COOLIT-SYN-001,SITE-COOLIT-SYN-01,REFERENCE,DATA_CONTRACT,DCT-0137,mes/resource_qualification,RESOLVED,2026-09-25T23:59:59-06:00,2026-09-26T08:00:00-06:00,2026-06-29T00:00:00-06:00,,1,,false,ACTIVE,,,VALID,CURRENT,coolit-synthetic-v2.0.0,ALL_SYNTHETIC_CUSTOMERS,ALL_SYNTHETIC_PROGRAMS,ALL_SYNTHETIC_PRODUCTS,SYNTHETIC_INTERNAL,SNP-COOLIT-20260925-BL,SCN-BASELINE,DCT-0137,mes/resource_qualification,2.0.0,MES Data Product Owner,FORGE_CANONICAL_PIPELINE|REPLAY_SERVICE|AUDIT,resource_qualification_id,INCREMENTAL_OR_CDC,tenant_id|site_id|source_system|source_object|source_record_id|canonical_id|source_event_at|ingested_at|record_version|semantic_status|data_quality_state|freshness_state|snapshot_id,ADDITIVE_BACKWARD_COMPATIBLE_UNKNOWN_STATUS_QUARANTINE,OPERATIONAL_HISTORY,APPROVED_SYNTHETIC_CONTRACT
TEN-COOLIT-SYN-001,SITE-COOLIT-SYN-01,REFERENCE,DATA_CONTRACT,DCT-0138,mes/rework_execution,RESOLVED,2026-09-25T23:59:59-06:00,2026-09-26T08:00:00-06:00,2026-06-29T00:00:00-06:00,,1,,false,ACTIVE,,,VALID,CURRENT,coolit-synthetic-v2.0.0,ALL_SYNTHETIC_CUSTOMERS,ALL_SYNTHETIC_PROGRAMS,ALL_SYNTHETIC_PRODUCTS,SYNTHETIC_INTERNAL,SNP-COOLIT-20260925-BL,SCN-BASELINE,DCT-0138,mes/rework_execution,2.0.0,MES Data Product Owner,FORGE_CANONICAL_PIPELINE|REPLAY_SERVICE|AUDIT,rework_execution_id,INCREMENTAL_OR_CDC,tenant_id|site_id|source_system|source_object|source_record_id|canonical_id|source_event_at|ingested_at|record_version|semantic_status|data_quality_state|freshness_state|snapshot_id,ADDITIVE_BACKWARD_COMPATIBLE_UNKNOWN_STATUS_QUARANTINE,OPERATIONAL_HISTORY,APPROVED_SYNTHETIC_CONTRACT
TEN-COOLIT-SYN-001,SITE-COOLIT-SYN-01,REFERENCE,DATA_CONTRACT,DCT-0139,mes/schedule_adherence,RESOLVED,2026-09-25T23:59:59-06:00,2026-09-26T08:00:00-06:00,2026-06-29T00:00:00-06:00,,1,,false,ACTIVE,,,VALID,CURRENT,coolit-synthetic-v2.0.0,ALL_SYNTHETIC_CUSTOMERS,ALL_SYNTHETIC_PROGRAMS,ALL_SYNTHETIC_PRODUCTS,SYNTHETIC_INTERNAL,SNP-COOLIT-20260925-BL,SCN-BASELINE,DCT-0139,mes/schedule_adherence,2.0.0,MES Data Product Owner,FORGE_CANONICAL_PIPELINE|REPLAY_SERVICE|AUDIT,schedule_adherence_id,INCREMENTAL_OR_CDC,tenant_id|site_id|source_system|source_object|source_record_id|canonical_id|source_event_at|ingested_at|record_version|semantic_status|data_quality_state|freshness_state|snapshot_id,ADDITIVE_BACKWARD_COMPATIBLE_UNKNOWN_STATUS_QUARANTINE,OPERATIONAL_HISTORY,APPROVED_SYNTHETIC_CONTRACT
TEN-COOLIT-SYN-001,SITE-COOLIT-SYN-01,REFERENCE,DATA_CONTRACT,DCT-0140,mes/shift_assignment,RESOLVED,2026-09-25T23:59:59-06:00,2026-09-26T08:00:00-06:00,2026-06-29T00:00:00-06:00,,1,,false,ACTIVE,,,VALID,CURRENT,coolit-synthetic-v2.0.0,ALL_SYNTHETIC_CUSTOMERS,ALL_SYNTHETIC_PROGRAMS,ALL_SYNTHETIC_PRODUCTS,SYNTHETIC_INTERNAL,SNP-COOLIT-20260925-BL,SCN-BASELINE,DCT-0140,mes/shift_assignment,2.0.0,MES Data Product Owner,FORGE_CANONICAL_PIPELINE|REPLAY_SERVICE|AUDIT,shift_assignment_id,INCREMENTAL_OR_CDC,tenant_id|site_id|source_system|source_object|source_record_id|canonical_id|source_event_at|ingested_at|record_version|semantic_status|data_quality_state|freshness_state|snapshot_id,ADDITIVE_BACKWARD_COMPATIBLE_UNKNOWN_STATUS_QUARANTINE,OPERATIONAL_HISTORY,APPROVED_SYNTHETIC_CONTRACT
TEN-COOLIT-SYN-001,SITE-COOLIT-SYN-01,REFERENCE,DATA_CONTRACT,DCT-0141,mes/spc_signal,RESOLVED,2026-09-25T23:59:59-06:00,2026-09-26T08:00:00-06:00,2026-06-29T00:00:00-06:00,,1,,false,ACTIVE,,,VALID,CURRENT,coolit-synthetic-v2.0.0,ALL_SYNTHETIC_CUSTOMERS,ALL_SYNTHETIC_PROGRAMS,ALL_SYNTHETIC_PRODUCTS,SYNTHETIC_INTERNAL,SNP-COOLIT-20260925-BL,SCN-BASELINE,DCT-0141,mes/spc_signal,2.0.0,MES Data Product Owner,FORGE_CANONICAL_PIPELINE|REPLAY_SERVICE|AUDIT,spc_signal_id,INCREMENTAL_OR_CDC,tenant_id|site_id|source_system|source_object|source_record_id|canonical_id|source_event_at|ingested_at|record_version|semantic_status|data_quality_state|freshness_state|snapshot_id,ADDITIVE_BACKWARD_COMPATIBLE_UNKNOWN_STATUS_QUARANTINE,OPERATIONAL_HISTORY,APPROVED_SYNTHETIC_CONTRACT
TEN-COOLIT-SYN-001,SITE-COOLIT-SYN-01,REFERENCE,DATA_CONTRACT,DCT-0142,mes/spc_subgroup,RESOLVED,2026-09-25T23:59:59-06:00,2026-09-26T08:00:00-06:00,2026-06-29T00:00:00-06:00,,1,,false,ACTIVE,,,VALID,CURRENT,coolit-synthetic-v2.0.0,ALL_SYNTHETIC_CUSTOMERS,ALL_SYNTHETIC_PROGRAMS,ALL_SYNTHETIC_PRODUCTS,SYNTHETIC_INTERNAL,SNP-COOLIT-20260925-BL,SCN-BASELINE,DCT-0142,mes/spc_subgroup,2.0.0,MES Data Product Owner,FORGE_CANONICAL_PIPELINE|REPLAY_SERVICE|AUDIT,spc_subgroup_id,INCREMENTAL_OR_CDC,tenant_id|site_id|source_system|source_object|source_record_id|canonical_id|source_event_at|ingested_at|record_version|semantic_status|data_quality_state|freshness_state|snapshot_id,ADDITIVE_BACKWARD_COMPATIBLE_UNKNOWN_STATUS_QUARANTINE,OPERATIONAL_HISTORY,APPROVED_SYNTHETIC_CONTRACT
TEN-COOLIT-SYN-001,SITE-COOLIT-SYN-01,REFERENCE,DATA_CONTRACT,DCT-0143,mes/test_characteristic,RESOLVED,2026-09-25T23:59:59-06:00,2026-09-26T08:00:00-06:00,2026-06-29T00:00:00-06:00,,1,,false,ACTIVE,,,VALID,CURRENT,coolit-synthetic-v2.0.0,ALL_SYNTHETIC_CUSTOMERS,ALL_SYNTHETIC_PROGRAMS,ALL_SYNTHETIC_PRODUCTS,SYNTHETIC_INTERNAL,SNP-COOLIT-20260925-BL,SCN-BASELINE,DCT-0143,mes/test_characteristic,2.0.0,MES Data Product Owner,FORGE_CANONICAL_PIPELINE|REPLAY_SERVICE|AUDIT,test_characteristic_id,INCREMENTAL_OR_CDC,tenant_id|site_id|source_system|source_object|source_record_id|canonical_id|source_event_at|ingested_at|record_version|semantic_status|data_quality_state|freshness_state|snapshot_id,ADDITIVE_BACKWARD_COMPATIBLE_UNKNOWN_STATUS_QUARANTINE,OPERATIONAL_HISTORY,APPROVED_SYNTHETIC_CONTRACT
TEN-COOLIT-SYN-001,SITE-COOLIT-SYN-01,REFERENCE,DATA_CONTRACT,DCT-0144,mes/test_execution,RESOLVED,2026-09-25T23:59:59-06:00,2026-09-26T08:00:00-06:00,2026-06-29T00:00:00-06:00,,1,,false,ACTIVE,,,VALID,CURRENT,coolit-synthetic-v2.0.0,ALL_SYNTHETIC_CUSTOMERS,ALL_SYNTHETIC_PROGRAMS,ALL_SYNTHETIC_PRODUCTS,SYNTHETIC_INTERNAL,SNP-COOLIT-20260925-BL,SCN-BASELINE,DCT-0144,mes/test_execution,2.0.0,MES Data Product Owner,FORGE_CANONICAL_PIPELINE|REPLAY_SERVICE|AUDIT,test_execution_id,INCREMENTAL_OR_CDC,tenant_id|site_id|source_system|source_object|source_record_id|canonical_id|source_event_at|ingested_at|record_version|semantic_status|data_quality_state|freshness_state|snapshot_id,ADDITIVE_BACKWARD_COMPATIBLE_UNKNOWN_STATUS_QUARANTINE,OPERATIONAL_HISTORY,APPROVED_SYNTHETIC_CONTRACT
TEN-COOLIT-SYN-001,SITE-COOLIT-SYN-01,REFERENCE,DATA_CONTRACT,DCT-0145,mes/test_specification,RESOLVED,2026-09-25T23:59:59-06:00,2026-09-26T08:00:00-06:00,2026-06-29T00:00:00-06:00,,1,,false,ACTIVE,,,VALID,CURRENT,coolit-synthetic-v2.0.0,ALL_SYNTHETIC_CUSTOMERS,ALL_SYNTHETIC_PROGRAMS,ALL_SYNTHETIC_PRODUCTS,SYNTHETIC_INTERNAL,SNP-COOLIT-20260925-BL,SCN-BASELINE,DCT-0145,mes/test_specification,2.0.0,MES Data Product Owner,FORGE_CANONICAL_PIPELINE|REPLAY_SERVICE|AUDIT,test_specification_id,INCREMENTAL_OR_CDC,tenant_id|site_id|source_system|source_object|source_record_id|canonical_id|source_event_at|ingested_at|record_version|semantic_status|data_quality_state|freshness_state|snapshot_id,ADDITIVE_BACKWARD_COMPATIBLE_UNKNOWN_STATUS_QUARANTINE,OPERATIONAL_HISTORY,APPROVED_SYNTHETIC_CONTRACT
TEN-COOLIT-SYN-001,SITE-COOLIT-SYN-01,REFERENCE,DATA_CONTRACT,DCT-0146,mes/wip_state,RESOLVED,2026-09-25T23:59:59-06:00,2026-09-26T08:00:00-06:00,2026-06-29T00:00:00-06:00,,1,,false,ACTIVE,,,VALID,CURRENT,coolit-synthetic-v2.0.0,ALL_SYNTHETIC_CUSTOMERS,ALL_SYNTHETIC_PROGRAMS,ALL_SYNTHETIC_PRODUCTS,SYNTHETIC_INTERNAL,SNP-COOLIT-20260925-BL,SCN-BASELINE,DCT-0146,mes/wip_state,2.0.0,MES Data Product Owner,FORGE_CANONICAL_PIPELINE|REPLAY_SERVICE|AUDIT,wip_state_id,INCREMENTAL_OR_CDC,tenant_id|site_id|source_system|source_object|source_record_id|canonical_id|source_event_at|ingested_at|record_version|semantic_status|data_quality_state|freshness_state|snapshot_id,ADDITIVE_BACKWARD_COMPATIBLE_UNKNOWN_STATUS_QUARANTINE,OPERATIONAL_HISTORY,APPROVED_SYNTHETIC_CONTRACT
TEN-COOLIT-SYN-001,SITE-COOLIT-SYN-01,REFERENCE,DATA_CONTRACT,DCT-0147,mes/work_instruction_revision,RESOLVED,2026-09-25T23:59:59-06:00,2026-09-26T08:00:00-06:00,2026-06-29T00:00:00-06:00,,1,,false,ACTIVE,,,VALID,CURRENT,coolit-synthetic-v2.0.0,ALL_SYNTHETIC_CUSTOMERS,ALL_SYNTHETIC_PROGRAMS,ALL_SYNTHETIC_PRODUCTS,SYNTHETIC_INTERNAL,SNP-COOLIT-20260925-BL,SCN-BASELINE,DCT-0147,mes/work_instruction_revision,2.0.0,MES Data Product Owner,FORGE_CANONICAL_PIPELINE|REPLAY_SERVICE|AUDIT,work_instruction_revision_id,INCREMENTAL_OR_CDC,tenant_id|site_id|source_system|source_object|source_record_id|canonical_id|source_event_at|ingested_at|record_version|semantic_status|data_quality_state|freshness_state|snapshot_id,ADDITIVE_BACKWARD_COMPATIBLE_UNKNOWN_STATUS_QUARANTINE,OPERATIONAL_HISTORY,APPROVED_SYNTHETIC_CONTRACT
TEN-COOLIT-SYN-001,SITE-COOLIT-SYN-01,REFERENCE,DATA_CONTRACT,DCT-0148,mes/work_order_commitment,RESOLVED,2026-09-25T23:59:59-06:00,2026-09-26T08:00:00-06:00,2026-06-29T00:00:00-06:00,,1,,false,ACTIVE,,,VALID,CURRENT,coolit-synthetic-v2.0.0,ALL_SYNTHETIC_CUSTOMERS,ALL_SYNTHETIC_PROGRAMS,ALL_SYNTHETIC_PRODUCTS,SYNTHETIC_INTERNAL,SNP-COOLIT-20260925-BL,SCN-BASELINE,DCT-0148,mes/work_order_commitment,2.0.0,MES Data Product Owner,FORGE_CANONICAL_PIPELINE|REPLAY_SERVICE|AUDIT,work_order_commitment_id,INCREMENTAL_OR_CDC,tenant_id|site_id|source_system|source_object|source_record_id|canonical_id|source_event_at|ingested_at|record_version|semantic_status|data_quality_state|freshness_state|snapshot_id,ADDITIVE_BACKWARD_COMPATIBLE_UNKNOWN_STATUS_QUARANTINE,OPERATIONAL_HISTORY,APPROVED_SYNTHETIC_CONTRACT
TEN-COOLIT-SYN-001,SITE-COOLIT-SYN-01,REFERENCE,DATA_CONTRACT,DCT-0149,mes/work_order_operation,RESOLVED,2026-09-25T23:59:59-06:00,2026-09-26T08:00:00-06:00,2026-06-29T00:00:00-06:00,,1,,false,ACTIVE,,,VALID,CURRENT,coolit-synthetic-v2.0.0,ALL_SYNTHETIC_CUSTOMERS,ALL_SYNTHETIC_PROGRAMS,ALL_SYNTHETIC_PRODUCTS,SYNTHETIC_INTERNAL,SNP-COOLIT-20260925-BL,SCN-BASELINE,DCT-0149,mes/work_order_operation,2.0.0,MES Data Product Owner,FORGE_CANONICAL_PIPELINE|REPLAY_SERVICE|AUDIT,mes_operation_id,INCREMENTAL_OR_CDC,tenant_id|site_id|source_system|source_object|source_record_id|canonical_id|source_event_at|ingested_at|record_version|semantic_status|data_quality_state|freshness_state|snapshot_id,ADDITIVE_BACKWARD_COMPATIBLE_UNKNOWN_STATUS_QUARANTINE,OPERATIONAL_HISTORY,APPROVED_SYNTHETIC_CONTRACT
TEN-COOLIT-SYN-001,SITE-COOLIT-SYN-01,REFERENCE,DATA_CONTRACT,DCT-0150,reference/calendar,RESOLVED,2026-09-25T23:59:59-06:00,2026-09-26T08:00:00-06:00,2026-06-29T00:00:00-06:00,,1,,false,ACTIVE,,,VALID,CURRENT,coolit-synthetic-v2.0.0,ALL_SYNTHETIC_CUSTOMERS,ALL_SYNTHETIC_PROGRAMS,ALL_SYNTHETIC_PRODUCTS,SYNTHETIC_INTERNAL,SNP-COOLIT-20260925-BL,SCN-BASELINE,DCT-0150,reference/calendar,2.0.0,REFERENCE Data Product Owner,FORGE_CANONICAL_PIPELINE|REPLAY_SERVICE|AUDIT,calendar_week_id,SNAPSHOT,tenant_id|site_id|source_system|source_object|source_record_id|canonical_id|source_event_at|ingested_at|record_version|semantic_status|data_quality_state|freshness_state|snapshot_id,ADDITIVE_BACKWARD_COMPATIBLE_UNKNOWN_STATUS_QUARANTINE,OPERATIONAL_HISTORY,APPROVED_SYNTHETIC_CONTRACT
TEN-COOLIT-SYN-001,SITE-COOLIT-SYN-01,REFERENCE,DATA_CONTRACT,DCT-0151,reference/canonical_code_mapping,RESOLVED,2026-09-25T23:59:59-06:00,2026-09-26T08:00:00-06:00,2026-06-29T00:00:00-06:00,,1,,false,ACTIVE,,,VALID,CURRENT,coolit-synthetic-v2.0.0,ALL_SYNTHETIC_CUSTOMERS,ALL_SYNTHETIC_PROGRAMS,ALL_SYNTHETIC_PRODUCTS,SYNTHETIC_INTERNAL,SNP-COOLIT-20260925-BL,SCN-BASELINE,DCT-0151,reference/canonical_code_mapping,2.0.0,REFERENCE Data Product Owner,FORGE_CANONICAL_PIPELINE|REPLAY_SERVICE|AUDIT,code_mapping_id,SNAPSHOT,tenant_id|site_id|source_system|source_object|source_record_id|canonical_id|source_event_at|ingested_at|record_version|semantic_status|data_quality_state|freshness_state|snapshot_id,ADDITIVE_BACKWARD_COMPATIBLE_UNKNOWN_STATUS_QUARANTINE,OPERATIONAL_HISTORY,APPROVED_SYNTHETIC_CONTRACT
TEN-COOLIT-SYN-001,SITE-COOLIT-SYN-01,REFERENCE,DATA_CONTRACT,DCT-0152,reference/data_contract,RESOLVED,2026-09-25T23:59:59-06:00,2026-09-26T08:00:00-06:00,2026-06-29T00:00:00-06:00,,1,,false,ACTIVE,,,VALID,CURRENT,coolit-synthetic-v2.0.0,ALL_SYNTHETIC_CUSTOMERS,ALL_SYNTHETIC_PROGRAMS,ALL_SYNTHETIC_PRODUCTS,SYNTHETIC_INTERNAL,SNP-COOLIT-20260925-BL,SCN-BASELINE,DCT-0152,reference/data_contract,2.0.0,REFERENCE Data Product Owner,FORGE_CANONICAL_PIPELINE|REPLAY_SERVICE|AUDIT,data_contract_id,SNAPSHOT,tenant_id|site_id|source_system|source_object|source_record_id|canonical_id|source_event_at|ingested_at|record_version|semantic_status|data_quality_state|freshness_state|snapshot_id,ADDITIVE_BACKWARD_COMPATIBLE_UNKNOWN_STATUS_QUARANTINE,OPERATIONAL_HISTORY,APPROVED_SYNTHETIC_CONTRACT
TEN-COOLIT-SYN-001,SITE-COOLIT-SYN-01,REFERENCE,DATA_CONTRACT,DCT-0153,reference/location_hierarchy,RESOLVED,2026-09-25T23:59:59-06:00,2026-09-26T08:00:00-06:00,2026-06-29T00:00:00-06:00,,1,,false,ACTIVE,,,VALID,CURRENT,coolit-synthetic-v2.0.0,ALL_SYNTHETIC_CUSTOMERS,ALL_SYNTHETIC_PROGRAMS,ALL_SYNTHETIC_PRODUCTS,SYNTHETIC_INTERNAL,SNP-COOLIT-20260925-BL,SCN-BASELINE,DCT-0153,reference/location_hierarchy,2.0.0,REFERENCE Data Product Owner,FORGE_CANONICAL_PIPELINE|REPLAY_SERVICE|AUDIT,location_id,SNAPSHOT,tenant_id|site_id|source_system|source_object|source_record_id|canonical_id|source_event_at|ingested_at|record_version|semantic_status|data_quality_state|freshness_state|snapshot_id,ADDITIVE_BACKWARD_COMPATIBLE_UNKNOWN_STATUS_QUARANTINE,OPERATIONAL_HISTORY,APPROVED_SYNTHETIC_CONTRACT
TEN-COOLIT-SYN-001,SITE-COOLIT-SYN-01,REFERENCE,DATA_CONTRACT,DCT-0154,reference/shift_calendar,RESOLVED,2026-09-25T23:59:59-06:00,2026-09-26T08:00:00-06:00,2026-06-29T00:00:00-06:00,,1,,false,ACTIVE,,,VALID,CURRENT,coolit-synthetic-v2.0.0,ALL_SYNTHETIC_CUSTOMERS,ALL_SYNTHETIC_PROGRAMS,ALL_SYNTHETIC_PRODUCTS,SYNTHETIC_INTERNAL,SNP-COOLIT-20260925-BL,SCN-BASELINE,DCT-0154,reference/shift_calendar,2.0.0,REFERENCE Data Product Owner,FORGE_CANONICAL_PIPELINE|REPLAY_SERVICE|AUDIT,shift_calendar_id,SNAPSHOT,tenant_id|site_id|source_system|source_object|source_record_id|canonical_id|source_event_at|ingested_at|record_version|semantic_status|data_quality_state|freshness_state|snapshot_id,ADDITIVE_BACKWARD_COMPATIBLE_UNKNOWN_STATUS_QUARANTINE,OPERATIONAL_HISTORY,APPROVED_SYNTHETIC_CONTRACT
TEN-COOLIT-SYN-001,SITE-COOLIT-SYN-01,REFERENCE,DATA_CONTRACT,DCT-0155,reference/site,RESOLVED,2026-09-25T23:59:59-06:00,2026-09-26T08:00:00-06:00,2026-06-29T00:00:00-06:00,,1,,false,ACTIVE,,,VALID,CURRENT,coolit-synthetic-v2.0.0,ALL_SYNTHETIC_CUSTOMERS,ALL_SYNTHETIC_PROGRAMS,ALL_SYNTHETIC_PRODUCTS,SYNTHETIC_INTERNAL,SNP-COOLIT-20260925-BL,SCN-BASELINE,DCT-0155,reference/site,2.0.0,REFERENCE Data Product Owner,FORGE_CANONICAL_PIPELINE|REPLAY_SERVICE|AUDIT,site_id,SNAPSHOT,tenant_id|site_id|source_system|source_object|source_record_id|canonical_id|source_event_at|ingested_at|record_version|semantic_status|data_quality_state|freshness_state|snapshot_id,ADDITIVE_BACKWARD_COMPATIBLE_UNKNOWN_STATUS_QUARANTINE,OPERATIONAL_HISTORY,APPROVED_SYNTHETIC_CONTRACT
TEN-COOLIT-SYN-001,SITE-COOLIT-SYN-01,REFERENCE,DATA_CONTRACT,DCT-0156,reference/source_field_mapping,RESOLVED,2026-09-25T23:59:59-06:00,2026-09-26T08:00:00-06:00,2026-06-29T00:00:00-06:00,,1,,false,ACTIVE,,,VALID,CURRENT,coolit-synthetic-v2.0.0,ALL_SYNTHETIC_CUSTOMERS,ALL_SYNTHETIC_PROGRAMS,ALL_SYNTHETIC_PRODUCTS,SYNTHETIC_INTERNAL,SNP-COOLIT-20260925-BL,SCN-BASELINE,DCT-0156,reference/source_field_mapping,2.0.0,REFERENCE Data Product Owner,FORGE_CANONICAL_PIPELINE|REPLAY_SERVICE|AUDIT,field_mapping_id,SNAPSHOT,tenant_id|site_id|source_system|source_object|source_record_id|canonical_id|source_event_at|ingested_at|record_version|semantic_status|data_quality_state|freshness_state|snapshot_id,ADDITIVE_BACKWARD_COMPATIBLE_UNKNOWN_STATUS_QUARANTINE,OPERATIONAL_HISTORY,APPROVED_SYNTHETIC_CONTRACT
TEN-COOLIT-SYN-001,SITE-COOLIT-SYN-01,REFERENCE,DATA_CONTRACT,DCT-0157,reference/source_identity_crosswalk,RESOLVED,2026-09-25T23:59:59-06:00,2026-09-26T08:00:00-06:00,2026-06-29T00:00:00-06:00,,1,,false,ACTIVE,,,VALID,CURRENT,coolit-synthetic-v2.0.0,ALL_SYNTHETIC_CUSTOMERS,ALL_SYNTHETIC_PROGRAMS,ALL_SYNTHETIC_PRODUCTS,SYNTHETIC_INTERNAL,SNP-COOLIT-20260925-BL,SCN-BASELINE,DCT-0157,reference/source_identity_crosswalk,2.0.0,REFERENCE Data Product Owner,FORGE_CANONICAL_PIPELINE|REPLAY_SERVICE|AUDIT,crosswalk_id,SNAPSHOT,tenant_id|site_id|source_system|source_object|source_record_id|canonical_id|source_event_at|ingested_at|record_version|semantic_status|data_quality_state|freshness_state|snapshot_id,ADDITIVE_BACKWARD_COMPATIBLE_UNKNOWN_STATUS_QUARANTINE,OPERATIONAL_HISTORY,APPROVED_SYNTHETIC_CONTRACT
TEN-COOLIT-SYN-001,SITE-COOLIT-SYN-01,REFERENCE,DATA_CONTRACT,DCT-0158,reference/system_inventory,RESOLVED,2026-09-25T23:59:59-06:00,2026-09-26T08:00:00-06:00,2026-06-29T00:00:00-06:00,,1,,false,ACTIVE,,,VALID,CURRENT,coolit-synthetic-v2.0.0,ALL_SYNTHETIC_CUSTOMERS,ALL_SYNTHETIC_PROGRAMS,ALL_SYNTHETIC_PRODUCTS,SYNTHETIC_INTERNAL,SNP-COOLIT-20260925-BL,SCN-BASELINE,DCT-0158,reference/system_inventory,2.0.0,REFERENCE Data Product Owner,FORGE_CANONICAL_PIPELINE|REPLAY_SERVICE|AUDIT,system_inventory_id,SNAPSHOT,tenant_id|site_id|source_system|source_object|source_record_id|canonical_id|source_event_at|ingested_at|record_version|semantic_status|data_quality_state|freshness_state|snapshot_id,ADDITIVE_BACKWARD_COMPATIBLE_UNKNOWN_STATUS_QUARANTINE,OPERATIONAL_HISTORY,APPROVED_SYNTHETIC_CONTRACT
TEN-COOLIT-SYN-001,SITE-COOLIT-SYN-01,REFERENCE,DATA_CONTRACT,DCT-0159,reference/uom_conversion,RESOLVED,2026-09-25T23:59:59-06:00,2026-09-26T08:00:00-06:00,2026-06-29T00:00:00-06:00,,1,,false,ACTIVE,,,VALID,CURRENT,coolit-synthetic-v2.0.0,ALL_SYNTHETIC_CUSTOMERS,ALL_SYNTHETIC_PROGRAMS,ALL_SYNTHETIC_PRODUCTS,SYNTHETIC_INTERNAL,SNP-COOLIT-20260925-BL,SCN-BASELINE,DCT-0159,reference/uom_conversion,2.0.0,REFERENCE Data Product Owner,FORGE_CANONICAL_PIPELINE|REPLAY_SERVICE|AUDIT,uom_conversion_id,SNAPSHOT,tenant_id|site_id|source_system|source_object|source_record_id|canonical_id|source_event_at|ingested_at|record_version|semantic_status|data_quality_state|freshness_state|snapshot_id,ADDITIVE_BACKWARD_COMPATIBLE_UNKNOWN_STATUS_QUARANTINE,OPERATIONAL_HISTORY,APPROVED_SYNTHETIC_CONTRACT
