tenant_id,site_id,source_system,source_object,source_record_id,canonical_id,crosswalk_status,source_event_at,ingested_at,effective_from,effective_to,record_version,supersedes_source_record_id,is_deleted,semantic_status,uom,currency,data_quality_state,freshness_state,transformation_version,customer_scope,program_scope,product_scope,sensitivity_class,snapshot_id,scenario_id,shift_calendar_id,calendar_week_id,shift_id,shift_start_local_hour,shift_end_local_hour,planned_days,planned_minutes,overtime_minutes,exception_state
TEN-COOLIT-SYN-001,SITE-COOLIT-SYN-01,REFERENCE,SHIFT_CALENDAR,SHCAL-001-1,SHCAL-001-1,RESOLVED,2026-09-25T23:59:59-06:00,2026-09-26T08:00:00-06:00,2026-06-29T00:00:00-06:00,,1,,false,HISTORICAL_ACTUAL,,,VALID,CURRENT,coolit-synthetic-v2.0.0,ALL_SYNTHETIC_CUSTOMERS,ALL_SYNTHETIC_PROGRAMS,ALL_SYNTHETIC_PRODUCTS,SYNTHETIC_INTERNAL,SNP-COOLIT-20260925-BL,SCN-BASELINE,SHCAL-001-1,2026-H01,SHIFT-A,6,14,5,2400,0,NORMAL
TEN-COOLIT-SYN-001,SITE-COOLIT-SYN-01,REFERENCE,SHIFT_CALENDAR,SHCAL-001-2,SHCAL-001-2,RESOLVED,2026-09-25T23:59:59-06:00,2026-09-26T08:00:00-06:00,2026-06-29T00:00:00-06:00,,1,,false,HISTORICAL_ACTUAL,,,VALID,CURRENT,coolit-synthetic-v2.0.0,ALL_SYNTHETIC_CUSTOMERS,ALL_SYNTHETIC_PROGRAMS,ALL_SYNTHETIC_PRODUCTS,SYNTHETIC_INTERNAL,SNP-COOLIT-20260925-BL,SCN-BASELINE,SHCAL-001-2,2026-H01,SHIFT-B,14,22,5,2400,0,NORMAL
TEN-COOLIT-SYN-001,SITE-COOLIT-SYN-01,REFERENCE,SHIFT_CALENDAR,SHCAL-001-3,SHCAL-001-3,RESOLVED,2026-09-25T23:59:59-06:00,2026-09-26T08:00:00-06:00,2026-06-29T00:00:00-06:00,,1,,false,HISTORICAL_ACTUAL,,,VALID,CURRENT,coolit-synthetic-v2.0.0,ALL_SYNTHETIC_CUSTOMERS,ALL_SYNTHETIC_PROGRAMS,ALL_SYNTHETIC_PRODUCTS,SYNTHETIC_INTERNAL,SNP-COOLIT-20260925-BL,SCN-BASELINE,SHCAL-001-3,2026-H01,SHIFT-C,22,6,3,1440,0,NORMAL
TEN-COOLIT-SYN-001,SITE-COOLIT-SYN-01,REFERENCE,SHIFT_CALENDAR,SHCAL-002-1,SHCAL-002-1,RESOLVED,2026-09-25T23:59:59-06:00,2026-09-26T08:00:00-06:00,2026-06-29T00:00:00-06:00,,1,,false,HISTORICAL_ACTUAL,,,VALID,CURRENT,coolit-synthetic-v2.0.0,ALL_SYNTHETIC_CUSTOMERS,ALL_SYNTHETIC_PROGRAMS,ALL_SYNTHETIC_PRODUCTS,SYNTHETIC_INTERNAL,SNP-COOLIT-20260925-BL,SCN-BASELINE,SHCAL-002-1,2026-H02,SHIFT-A,6,14,5,2400,0,NORMAL
TEN-COOLIT-SYN-001,SITE-COOLIT-SYN-01,REFERENCE,SHIFT_CALENDAR,SHCAL-002-2,SHCAL-002-2,RESOLVED,2026-09-25T23:59:59-06:00,2026-09-26T08:00:00-06:00,2026-06-29T00:00:00-06:00,,1,,false,HISTORICAL_ACTUAL,,,VALID,CURRENT,coolit-synthetic-v2.0.0,ALL_SYNTHETIC_CUSTOMERS,ALL_SYNTHETIC_PROGRAMS,ALL_SYNTHETIC_PRODUCTS,SYNTHETIC_INTERNAL,SNP-COOLIT-20260925-BL,SCN-BASELINE,SHCAL-002-2,2026-H02,SHIFT-B,14,22,5,2400,0,NORMAL
TEN-COOLIT-SYN-001,SITE-COOLIT-SYN-01,REFERENCE,SHIFT_CALENDAR,SHCAL-002-3,SHCAL-002-3,RESOLVED,2026-09-25T23:59:59-06:00,2026-09-26T08:00:00-06:00,2026-06-29T00:00:00-06:00,,1,,false,HISTORICAL_ACTUAL,,,VALID,CURRENT,coolit-synthetic-v2.0.0,ALL_SYNTHETIC_CUSTOMERS,ALL_SYNTHETIC_PROGRAMS,ALL_SYNTHETIC_PRODUCTS,SYNTHETIC_INTERNAL,SNP-COOLIT-20260925-BL,SCN-BASELINE,SHCAL-002-3,2026-H02,SHIFT-C,22,6,3,1440,0,NORMAL
TEN-COOLIT-SYN-001,SITE-COOLIT-SYN-01,REFERENCE,SHIFT_CALENDAR,SHCAL-003-1,SHCAL-003-1,RESOLVED,2026-09-25T23:59:59-06:00,2026-09-26T08:00:00-06:00,2026-06-29T00:00:00-06:00,,1,,false,HISTORICAL_ACTUAL,,,VALID,CURRENT,coolit-synthetic-v2.0.0,ALL_SYNTHETIC_CUSTOMERS,ALL_SYNTHETIC_PROGRAMS,ALL_SYNTHETIC_PRODUCTS,SYNTHETIC_INTERNAL,SNP-COOLIT-20260925-BL,SCN-BASELINE,SHCAL-003-1,2026-H03,SHIFT-A,6,14,5,2400,0,NORMAL
TEN-COOLIT-SYN-001,SITE-COOLIT-SYN-01,REFERENCE,SHIFT_CALENDAR,SHCAL-003-2,SHCAL-003-2,RESOLVED,2026-09-25T23:59:59-06:00,2026-09-26T08:00:00-06:00,2026-06-29T00:00:00-06:00,,1,,false,HISTORICAL_ACTUAL,,,VALID,CURRENT,coolit-synthetic-v2.0.0,ALL_SYNTHETIC_CUSTOMERS,ALL_SYNTHETIC_PROGRAMS,ALL_SYNTHETIC_PRODUCTS,SYNTHETIC_INTERNAL,SNP-COOLIT-20260925-BL,SCN-BASELINE,SHCAL-003-2,2026-H03,SHIFT-B,14,22,5,2400,0,NORMAL
TEN-COOLIT-SYN-001,SITE-COOLIT-SYN-01,REFERENCE,SHIFT_CALENDAR,SHCAL-003-3,SHCAL-003-3,RESOLVED,2026-09-25T23:59:59-06:00,2026-09-26T08:00:00-06:00,2026-06-29T00:00:00-06:00,,1,,false,HISTORICAL_ACTUAL,,,VALID,CURRENT,coolit-synthetic-v2.0.0,ALL_SYNTHETIC_CUSTOMERS,ALL_SYNTHETIC_PROGRAMS,ALL_SYNTHETIC_PRODUCTS,SYNTHETIC_INTERNAL,SNP-COOLIT-20260925-BL,SCN-BASELINE,SHCAL-003-3,2026-H03,SHIFT-C,22,6,3,1440,0,NORMAL
TEN-COOLIT-SYN-001,SITE-COOLIT-SYN-01,REFERENCE,SHIFT_CALENDAR,SHCAL-004-1,SHCAL-004-1,RESOLVED,2026-09-25T23:59:59-06:00,2026-09-26T08:00:00-06:00,2026-06-29T00:00:00-06:00,,1,,false,HISTORICAL_ACTUAL,,,VALID,CURRENT,coolit-synthetic-v2.0.0,ALL_SYNTHETIC_CUSTOMERS,ALL_SYNTHETIC_PROGRAMS,ALL_SYNTHETIC_PRODUCTS,SYNTHETIC_INTERNAL,SNP-COOLIT-20260925-BL,SCN-BASELINE,SHCAL-004-1,2026-H04,SHIFT-A,6,14,5,2400,0,NORMAL
TEN-COOLIT-SYN-001,SITE-COOLIT-SYN-01,REFERENCE,SHIFT_CALENDAR,SHCAL-004-2,SHCAL-004-2,RESOLVED,2026-09-25T23:59:59-06:00,2026-09-26T08:00:00-06:00,2026-06-29T00:00:00-06:00,,1,,false,HISTORICAL_ACTUAL,,,VALID,CURRENT,coolit-synthetic-v2.0.0,ALL_SYNTHETIC_CUSTOMERS,ALL_SYNTHETIC_PROGRAMS,ALL_SYNTHETIC_PRODUCTS,SYNTHETIC_INTERNAL,SNP-COOLIT-20260925-BL,SCN-BASELINE,SHCAL-004-2,2026-H04,SHIFT-B,14,22,5,2400,0,NORMAL
TEN-COOLIT-SYN-001,SITE-COOLIT-SYN-01,REFERENCE,SHIFT_CALENDAR,SHCAL-004-3,SHCAL-004-3,RESOLVED,2026-09-25T23:59:59-06:00,2026-09-26T08:00:00-06:00,2026-06-29T00:00:00-06:00,,1,,false,HISTORICAL_ACTUAL,,,VALID,CURRENT,coolit-synthetic-v2.0.0,ALL_SYNTHETIC_CUSTOMERS,ALL_SYNTHETIC_PROGRAMS,ALL_SYNTHETIC_PRODUCTS,SYNTHETIC_INTERNAL,SNP-COOLIT-20260925-BL,SCN-BASELINE,SHCAL-004-3,2026-H04,SHIFT-C,22,6,3,1440,0,NORMAL
TEN-COOLIT-SYN-001,SITE-COOLIT-SYN-01,REFERENCE,SHIFT_CALENDAR,SHCAL-005-1,SHCAL-005-1,RESOLVED,2026-09-25T23:59:59-06:00,2026-09-26T08:00:00-06:00,2026-06-29T00:00:00-06:00,,1,,false,HISTORICAL_ACTUAL,,,VALID,CURRENT,coolit-synthetic-v2.0.0,ALL_SYNTHETIC_CUSTOMERS,ALL_SYNTHETIC_PROGRAMS,ALL_SYNTHETIC_PRODUCTS,SYNTHETIC_INTERNAL,SNP-COOLIT-20260925-BL,SCN-BASELINE,SHCAL-005-1,2026-H05,SHIFT-A,6,14,5,2400,0,NORMAL
TEN-COOLIT-SYN-001,SITE-COOLIT-SYN-01,REFERENCE,SHIFT_CALENDAR,SHCAL-005-2,SHCAL-005-2,RESOLVED,2026-09-25T23:59:59-06:00,2026-09-26T08:00:00-06:00,2026-06-29T00:00:00-06:00,,1,,false,HISTORICAL_ACTUAL,,,VALID,CURRENT,coolit-synthetic-v2.0.0,ALL_SYNTHETIC_CUSTOMERS,ALL_SYNTHETIC_PROGRAMS,ALL_SYNTHETIC_PRODUCTS,SYNTHETIC_INTERNAL,SNP-COOLIT-20260925-BL,SCN-BASELINE,SHCAL-005-2,2026-H05,SHIFT-B,14,22,5,2400,0,NORMAL
TEN-COOLIT-SYN-001,SITE-COOLIT-SYN-01,REFERENCE,SHIFT_CALENDAR,SHCAL-005-3,SHCAL-005-3,RESOLVED,2026-09-25T23:59:59-06:00,2026-09-26T08:00:00-06:00,2026-06-29T00:00:00-06:00,,1,,false,HISTORICAL_ACTUAL,,,VALID,CURRENT,coolit-synthetic-v2.0.0,ALL_SYNTHETIC_CUSTOMERS,ALL_SYNTHETIC_PROGRAMS,ALL_SYNTHETIC_PRODUCTS,SYNTHETIC_INTERNAL,SNP-COOLIT-20260925-BL,SCN-BASELINE,SHCAL-005-3,2026-H05,SHIFT-C,22,6,3,1440,0,NORMAL
TEN-COOLIT-SYN-001,SITE-COOLIT-SYN-01,REFERENCE,SHIFT_CALENDAR,SHCAL-006-1,SHCAL-006-1,RESOLVED,2026-09-25T23:59:59-06:00,2026-09-26T08:00:00-06:00,2026-06-29T00:00:00-06:00,,1,,false,HISTORICAL_ACTUAL,,,VALID,CURRENT,coolit-synthetic-v2.0.0,ALL_SYNTHETIC_CUSTOMERS,ALL_SYNTHETIC_PROGRAMS,ALL_SYNTHETIC_PRODUCTS,SYNTHETIC_INTERNAL,SNP-COOLIT-20260925-BL,SCN-BASELINE,SHCAL-006-1,2026-H06,SHIFT-A,6,14,5,2400,0,NORMAL
TEN-COOLIT-SYN-001,SITE-COOLIT-SYN-01,REFERENCE,SHIFT_CALENDAR,SHCAL-006-2,SHCAL-006-2,RESOLVED,2026-09-25T23:59:59-06:00,2026-09-26T08:00:00-06:00,2026-06-29T00:00:00-06:00,,1,,false,HISTORICAL_ACTUAL,,,VALID,CURRENT,coolit-synthetic-v2.0.0,ALL_SYNTHETIC_CUSTOMERS,ALL_SYNTHETIC_PROGRAMS,ALL_SYNTHETIC_PRODUCTS,SYNTHETIC_INTERNAL,SNP-COOLIT-20260925-BL,SCN-BASELINE,SHCAL-006-2,2026-H06,SHIFT-B,14,22,5,2400,0,NORMAL
TEN-COOLIT-SYN-001,SITE-COOLIT-SYN-01,REFERENCE,SHIFT_CALENDAR,SHCAL-006-3,SHCAL-006-3,RESOLVED,2026-09-25T23:59:59-06:00,2026-09-26T08:00:00-06:00,2026-06-29T00:00:00-06:00,,1,,false,HISTORICAL_ACTUAL,,,VALID,CURRENT,coolit-synthetic-v2.0.0,ALL_SYNTHETIC_CUSTOMERS,ALL_SYNTHETIC_PROGRAMS,ALL_SYNTHETIC_PRODUCTS,SYNTHETIC_INTERNAL,SNP-COOLIT-20260925-BL,SCN-BASELINE,SHCAL-006-3,2026-H06,SHIFT-C,22,6,3,1440,0,NORMAL
TEN-COOLIT-SYN-001,SITE-COOLIT-SYN-01,REFERENCE,SHIFT_CALENDAR,SHCAL-007-1,SHCAL-007-1,RESOLVED,2026-09-25T23:59:59-06:00,2026-09-26T08:00:00-06:00,2026-06-29T00:00:00-06:00,,1,,false,HISTORICAL_ACTUAL,,,VALID,CURRENT,coolit-synthetic-v2.0.0,ALL_SYNTHETIC_CUSTOMERS,ALL_SYNTHETIC_PROGRAMS,ALL_SYNTHETIC_PRODUCTS,SYNTHETIC_INTERNAL,SNP-COOLIT-20260925-BL,SCN-BASELINE,SHCAL-007-1,2026-H07,SHIFT-A,6,14,5,2400,0,NORMAL
TEN-COOLIT-SYN-001,SITE-COOLIT-SYN-01,REFERENCE,SHIFT_CALENDAR,SHCAL-007-2,SHCAL-007-2,RESOLVED,2026-09-25T23:59:59-06:00,2026-09-26T08:00:00-06:00,2026-06-29T00:00:00-06:00,,1,,false,HISTORICAL_ACTUAL,,,VALID,CURRENT,coolit-synthetic-v2.0.0,ALL_SYNTHETIC_CUSTOMERS,ALL_SYNTHETIC_PROGRAMS,ALL_SYNTHETIC_PRODUCTS,SYNTHETIC_INTERNAL,SNP-COOLIT-20260925-BL,SCN-BASELINE,SHCAL-007-2,2026-H07,SHIFT-B,14,22,5,2400,0,NORMAL
TEN-COOLIT-SYN-001,SITE-COOLIT-SYN-01,REFERENCE,SHIFT_CALENDAR,SHCAL-007-3,SHCAL-007-3,RESOLVED,2026-09-25T23:59:59-06:00,2026-09-26T08:00:00-06:00,2026-06-29T00:00:00-06:00,,1,,false,HISTORICAL_ACTUAL,,,VALID,CURRENT,coolit-synthetic-v2.0.0,ALL_SYNTHETIC_CUSTOMERS,ALL_SYNTHETIC_PROGRAMS,ALL_SYNTHETIC_PRODUCTS,SYNTHETIC_INTERNAL,SNP-COOLIT-20260925-BL,SCN-BASELINE,SHCAL-007-3,2026-H07,SHIFT-C,22,6,3,1440,0,NORMAL
TEN-COOLIT-SYN-001,SITE-COOLIT-SYN-01,REFERENCE,SHIFT_CALENDAR,SHCAL-008-1,SHCAL-008-1,RESOLVED,2026-09-25T23:59:59-06:00,2026-09-26T08:00:00-06:00,2026-06-29T00:00:00-06:00,,1,,false,HISTORICAL_ACTUAL,,,VALID,CURRENT,coolit-synthetic-v2.0.0,ALL_SYNTHETIC_CUSTOMERS,ALL_SYNTHETIC_PROGRAMS,ALL_SYNTHETIC_PRODUCTS,SYNTHETIC_INTERNAL,SNP-COOLIT-20260925-BL,SCN-BASELINE,SHCAL-008-1,2026-H08,SHIFT-A,6,14,5,2400,0,NORMAL
TEN-COOLIT-SYN-001,SITE-COOLIT-SYN-01,REFERENCE,SHIFT_CALENDAR,SHCAL-008-2,SHCAL-008-2,RESOLVED,2026-09-25T23:59:59-06:00,2026-09-26T08:00:00-06:00,2026-06-29T00:00:00-06:00,,1,,false,HISTORICAL_ACTUAL,,,VALID,CURRENT,coolit-synthetic-v2.0.0,ALL_SYNTHETIC_CUSTOMERS,ALL_SYNTHETIC_PROGRAMS,ALL_SYNTHETIC_PRODUCTS,SYNTHETIC_INTERNAL,SNP-COOLIT-20260925-BL,SCN-BASELINE,SHCAL-008-2,2026-H08,SHIFT-B,14,22,5,2400,0,NORMAL
TEN-COOLIT-SYN-001,SITE-COOLIT-SYN-01,REFERENCE,SHIFT_CALENDAR,SHCAL-008-3,SHCAL-008-3,RESOLVED,2026-09-25T23:59:59-06:00,2026-09-26T08:00:00-06:00,2026-06-29T00:00:00-06:00,,1,,false,HISTORICAL_ACTUAL,,,VALID,CURRENT,coolit-synthetic-v2.0.0,ALL_SYNTHETIC_CUSTOMERS,ALL_SYNTHETIC_PROGRAMS,ALL_SYNTHETIC_PRODUCTS,SYNTHETIC_INTERNAL,SNP-COOLIT-20260925-BL,SCN-BASELINE,SHCAL-008-3,2026-H08,SHIFT-C,22,6,3,1440,0,NORMAL
TEN-COOLIT-SYN-001,SITE-COOLIT-SYN-01,REFERENCE,SHIFT_CALENDAR,SHCAL-009-1,SHCAL-009-1,RESOLVED,2026-09-25T23:59:59-06:00,2026-09-26T08:00:00-06:00,2026-06-29T00:00:00-06:00,,1,,false,HISTORICAL_ACTUAL,,,VALID,CURRENT,coolit-synthetic-v2.0.0,ALL_SYNTHETIC_CUSTOMERS,ALL_SYNTHETIC_PROGRAMS,ALL_SYNTHETIC_PRODUCTS,SYNTHETIC_INTERNAL,SNP-COOLIT-20260925-BL,SCN-BASELINE,SHCAL-009-1,2026-H09,SHIFT-A,6,14,5,2400,0,NORMAL
TEN-COOLIT-SYN-001,SITE-COOLIT-SYN-01,REFERENCE,SHIFT_CALENDAR,SHCAL-009-2,SHCAL-009-2,RESOLVED,2026-09-25T23:59:59-06:00,2026-09-26T08:00:00-06:00,2026-06-29T00:00:00-06:00,,1,,false,HISTORICAL_ACTUAL,,,VALID,CURRENT,coolit-synthetic-v2.0.0,ALL_SYNTHETIC_CUSTOMERS,ALL_SYNTHETIC_PROGRAMS,ALL_SYNTHETIC_PRODUCTS,SYNTHETIC_INTERNAL,SNP-COOLIT-20260925-BL,SCN-BASELINE,SHCAL-009-2,2026-H09,SHIFT-B,14,22,5,2400,0,NORMAL
TEN-COOLIT-SYN-001,SITE-COOLIT-SYN-01,REFERENCE,SHIFT_CALENDAR,SHCAL-009-3,SHCAL-009-3,RESOLVED,2026-09-25T23:59:59-06:00,2026-09-26T08:00:00-06:00,2026-06-29T00:00:00-06:00,,1,,false,HISTORICAL_ACTUAL,,,VALID,CURRENT,coolit-synthetic-v2.0.0,ALL_SYNTHETIC_CUSTOMERS,ALL_SYNTHETIC_PROGRAMS,ALL_SYNTHETIC_PRODUCTS,SYNTHETIC_INTERNAL,SNP-COOLIT-20260925-BL,SCN-BASELINE,SHCAL-009-3,2026-H09,SHIFT-C,22,6,3,1440,0,NORMAL
TEN-COOLIT-SYN-001,SITE-COOLIT-SYN-01,REFERENCE,SHIFT_CALENDAR,SHCAL-010-1,SHCAL-010-1,RESOLVED,2026-09-25T23:59:59-06:00,2026-09-26T08:00:00-06:00,2026-06-29T00:00:00-06:00,,1,,false,HISTORICAL_ACTUAL,,,VALID,CURRENT,coolit-synthetic-v2.0.0,ALL_SYNTHETIC_CUSTOMERS,ALL_SYNTHETIC_PROGRAMS,ALL_SYNTHETIC_PRODUCTS,SYNTHETIC_INTERNAL,SNP-COOLIT-20260925-BL,SCN-BASELINE,SHCAL-010-1,2026-H10,SHIFT-A,6,14,5,2400,0,NORMAL
TEN-COOLIT-SYN-001,SITE-COOLIT-SYN-01,REFERENCE,SHIFT_CALENDAR,SHCAL-010-2,SHCAL-010-2,RESOLVED,2026-09-25T23:59:59-06:00,2026-09-26T08:00:00-06:00,2026-06-29T00:00:00-06:00,,1,,false,HISTORICAL_ACTUAL,,,VALID,CURRENT,coolit-synthetic-v2.0.0,ALL_SYNTHETIC_CUSTOMERS,ALL_SYNTHETIC_PROGRAMS,ALL_SYNTHETIC_PRODUCTS,SYNTHETIC_INTERNAL,SNP-COOLIT-20260925-BL,SCN-BASELINE,SHCAL-010-2,2026-H10,SHIFT-B,14,22,5,2400,0,NORMAL
TEN-COOLIT-SYN-001,SITE-COOLIT-SYN-01,REFERENCE,SHIFT_CALENDAR,SHCAL-010-3,SHCAL-010-3,RESOLVED,2026-09-25T23:59:59-06:00,2026-09-26T08:00:00-06:00,2026-06-29T00:00:00-06:00,,1,,false,HISTORICAL_ACTUAL,,,VALID,CURRENT,coolit-synthetic-v2.0.0,ALL_SYNTHETIC_CUSTOMERS,ALL_SYNTHETIC_PROGRAMS,ALL_SYNTHETIC_PRODUCTS,SYNTHETIC_INTERNAL,SNP-COOLIT-20260925-BL,SCN-BASELINE,SHCAL-010-3,2026-H10,SHIFT-C,22,6,3,1440,0,NORMAL
TEN-COOLIT-SYN-001,SITE-COOLIT-SYN-01,REFERENCE,SHIFT_CALENDAR,SHCAL-011-1,SHCAL-011-1,RESOLVED,2026-09-25T23:59:59-06:00,2026-09-26T08:00:00-06:00,2026-06-29T00:00:00-06:00,,1,,false,HISTORICAL_ACTUAL,,,VALID,CURRENT,coolit-synthetic-v2.0.0,ALL_SYNTHETIC_CUSTOMERS,ALL_SYNTHETIC_PROGRAMS,ALL_SYNTHETIC_PRODUCTS,SYNTHETIC_INTERNAL,SNP-COOLIT-20260925-BL,SCN-BASELINE,SHCAL-011-1,2026-H11,SHIFT-A,6,14,5,2400,0,NORMAL
TEN-COOLIT-SYN-001,SITE-COOLIT-SYN-01,REFERENCE,SHIFT_CALENDAR,SHCAL-011-2,SHCAL-011-2,RESOLVED,2026-09-25T23:59:59-06:00,2026-09-26T08:00:00-06:00,2026-06-29T00:00:00-06:00,,1,,false,HISTORICAL_ACTUAL,,,VALID,CURRENT,coolit-synthetic-v2.0.0,ALL_SYNTHETIC_CUSTOMERS,ALL_SYNTHETIC_PROGRAMS,ALL_SYNTHETIC_PRODUCTS,SYNTHETIC_INTERNAL,SNP-COOLIT-20260925-BL,SCN-BASELINE,SHCAL-011-2,2026-H11,SHIFT-B,14,22,5,2400,0,NORMAL
TEN-COOLIT-SYN-001,SITE-COOLIT-SYN-01,REFERENCE,SHIFT_CALENDAR,SHCAL-011-3,SHCAL-011-3,RESOLVED,2026-09-25T23:59:59-06:00,2026-09-26T08:00:00-06:00,2026-06-29T00:00:00-06:00,,1,,false,HISTORICAL_ACTUAL,,,VALID,CURRENT,coolit-synthetic-v2.0.0,ALL_SYNTHETIC_CUSTOMERS,ALL_SYNTHETIC_PROGRAMS,ALL_SYNTHETIC_PRODUCTS,SYNTHETIC_INTERNAL,SNP-COOLIT-20260925-BL,SCN-BASELINE,SHCAL-011-3,2026-H11,SHIFT-C,22,6,3,1440,0,NORMAL
TEN-COOLIT-SYN-001,SITE-COOLIT-SYN-01,REFERENCE,SHIFT_CALENDAR,SHCAL-012-1,SHCAL-012-1,RESOLVED,2026-09-25T23:59:59-06:00,2026-09-26T08:00:00-06:00,2026-06-29T00:00:00-06:00,,1,,false,HISTORICAL_ACTUAL,,,VALID,CURRENT,coolit-synthetic-v2.0.0,ALL_SYNTHETIC_CUSTOMERS,ALL_SYNTHETIC_PROGRAMS,ALL_SYNTHETIC_PRODUCTS,SYNTHETIC_INTERNAL,SNP-COOLIT-20260925-BL,SCN-BASELINE,SHCAL-012-1,2026-H12,SHIFT-A,6,14,5,2400,0,NORMAL
TEN-COOLIT-SYN-001,SITE-COOLIT-SYN-01,REFERENCE,SHIFT_CALENDAR,SHCAL-012-2,SHCAL-012-2,RESOLVED,2026-09-25T23:59:59-06:00,2026-09-26T08:00:00-06:00,2026-06-29T00:00:00-06:00,,1,,false,HISTORICAL_ACTUAL,,,VALID,CURRENT,coolit-synthetic-v2.0.0,ALL_SYNTHETIC_CUSTOMERS,ALL_SYNTHETIC_PROGRAMS,ALL_SYNTHETIC_PRODUCTS,SYNTHETIC_INTERNAL,SNP-COOLIT-20260925-BL,SCN-BASELINE,SHCAL-012-2,2026-H12,SHIFT-B,14,22,5,2400,0,NORMAL
TEN-COOLIT-SYN-001,SITE-COOLIT-SYN-01,REFERENCE,SHIFT_CALENDAR,SHCAL-012-3,SHCAL-012-3,RESOLVED,2026-09-25T23:59:59-06:00,2026-09-26T08:00:00-06:00,2026-06-29T00:00:00-06:00,,1,,false,HISTORICAL_ACTUAL,,,VALID,CURRENT,coolit-synthetic-v2.0.0,ALL_SYNTHETIC_CUSTOMERS,ALL_SYNTHETIC_PROGRAMS,ALL_SYNTHETIC_PRODUCTS,SYNTHETIC_INTERNAL,SNP-COOLIT-20260925-BL,SCN-BASELINE,SHCAL-012-3,2026-H12,SHIFT-C,22,6,3,1440,0,NORMAL
TEN-COOLIT-SYN-001,SITE-COOLIT-SYN-01,REFERENCE,SHIFT_CALENDAR,SHCAL-013-1,SHCAL-013-1,RESOLVED,2026-09-25T23:59:59-06:00,2026-09-26T08:00:00-06:00,2026-06-29T00:00:00-06:00,,1,,false,HISTORICAL_ACTUAL,,,VALID,CURRENT,coolit-synthetic-v2.0.0,ALL_SYNTHETIC_CUSTOMERS,ALL_SYNTHETIC_PROGRAMS,ALL_SYNTHETIC_PRODUCTS,SYNTHETIC_INTERNAL,SNP-COOLIT-20260925-BL,SCN-BASELINE,SHCAL-013-1,2026-H13,SHIFT-A,6,14,5,2400,0,NORMAL
TEN-COOLIT-SYN-001,SITE-COOLIT-SYN-01,REFERENCE,SHIFT_CALENDAR,SHCAL-013-2,SHCAL-013-2,RESOLVED,2026-09-25T23:59:59-06:00,2026-09-26T08:00:00-06:00,2026-06-29T00:00:00-06:00,,1,,false,HISTORICAL_ACTUAL,,,VALID,CURRENT,coolit-synthetic-v2.0.0,ALL_SYNTHETIC_CUSTOMERS,ALL_SYNTHETIC_PROGRAMS,ALL_SYNTHETIC_PRODUCTS,SYNTHETIC_INTERNAL,SNP-COOLIT-20260925-BL,SCN-BASELINE,SHCAL-013-2,2026-H13,SHIFT-B,14,22,5,2400,0,NORMAL
TEN-COOLIT-SYN-001,SITE-COOLIT-SYN-01,REFERENCE,SHIFT_CALENDAR,SHCAL-013-3,SHCAL-013-3,RESOLVED,2026-09-25T23:59:59-06:00,2026-09-26T08:00:00-06:00,2026-06-29T00:00:00-06:00,,1,,false,HISTORICAL_ACTUAL,,,VALID,CURRENT,coolit-synthetic-v2.0.0,ALL_SYNTHETIC_CUSTOMERS,ALL_SYNTHETIC_PROGRAMS,ALL_SYNTHETIC_PRODUCTS,SYNTHETIC_INTERNAL,SNP-COOLIT-20260925-BL,SCN-BASELINE,SHCAL-013-3,2026-H13,SHIFT-C,22,6,3,1440,0,NORMAL
TEN-COOLIT-SYN-001,SITE-COOLIT-SYN-01,REFERENCE,SHIFT_CALENDAR,SHCAL-014-1,SHCAL-014-1,RESOLVED,2026-09-25T23:59:59-06:00,2026-09-26T08:00:00-06:00,2026-06-29T00:00:00-06:00,,1,,false,HISTORICAL_ACTUAL,,,VALID,CURRENT,coolit-synthetic-v2.0.0,ALL_SYNTHETIC_CUSTOMERS,ALL_SYNTHETIC_PROGRAMS,ALL_SYNTHETIC_PRODUCTS,SYNTHETIC_INTERNAL,SNP-COOLIT-20260925-BL,SCN-BASELINE,SHCAL-014-1,2026-H14,SHIFT-A,6,14,5,2400,0,NORMAL
TEN-COOLIT-SYN-001,SITE-COOLIT-SYN-01,REFERENCE,SHIFT_CALENDAR,SHCAL-014-2,SHCAL-014-2,RESOLVED,2026-09-25T23:59:59-06:00,2026-09-26T08:00:00-06:00,2026-06-29T00:00:00-06:00,,1,,false,HISTORICAL_ACTUAL,,,VALID,CURRENT,coolit-synthetic-v2.0.0,ALL_SYNTHETIC_CUSTOMERS,ALL_SYNTHETIC_PROGRAMS,ALL_SYNTHETIC_PRODUCTS,SYNTHETIC_INTERNAL,SNP-COOLIT-20260925-BL,SCN-BASELINE,SHCAL-014-2,2026-H14,SHIFT-B,14,22,5,2400,0,NORMAL
TEN-COOLIT-SYN-001,SITE-COOLIT-SYN-01,REFERENCE,SHIFT_CALENDAR,SHCAL-014-3,SHCAL-014-3,RESOLVED,2026-09-25T23:59:59-06:00,2026-09-26T08:00:00-06:00,2026-06-29T00:00:00-06:00,,1,,false,HISTORICAL_ACTUAL,,,VALID,CURRENT,coolit-synthetic-v2.0.0,ALL_SYNTHETIC_CUSTOMERS,ALL_SYNTHETIC_PROGRAMS,ALL_SYNTHETIC_PRODUCTS,SYNTHETIC_INTERNAL,SNP-COOLIT-20260925-BL,SCN-BASELINE,SHCAL-014-3,2026-H14,SHIFT-C,22,6,3,1440,0,NORMAL
TEN-COOLIT-SYN-001,SITE-COOLIT-SYN-01,REFERENCE,SHIFT_CALENDAR,SHCAL-015-1,SHCAL-015-1,RESOLVED,2026-09-25T23:59:59-06:00,2026-09-26T08:00:00-06:00,2026-06-29T00:00:00-06:00,,1,,false,HISTORICAL_ACTUAL,,,VALID,CURRENT,coolit-synthetic-v2.0.0,ALL_SYNTHETIC_CUSTOMERS,ALL_SYNTHETIC_PROGRAMS,ALL_SYNTHETIC_PRODUCTS,SYNTHETIC_INTERNAL,SNP-COOLIT-20260925-BL,SCN-BASELINE,SHCAL-015-1,2026-H15,SHIFT-A,6,14,5,2400,0,NORMAL
TEN-COOLIT-SYN-001,SITE-COOLIT-SYN-01,REFERENCE,SHIFT_CALENDAR,SHCAL-015-2,SHCAL-015-2,RESOLVED,2026-09-25T23:59:59-06:00,2026-09-26T08:00:00-06:00,2026-06-29T00:00:00-06:00,,1,,false,HISTORICAL_ACTUAL,,,VALID,CURRENT,coolit-synthetic-v2.0.0,ALL_SYNTHETIC_CUSTOMERS,ALL_SYNTHETIC_PROGRAMS,ALL_SYNTHETIC_PRODUCTS,SYNTHETIC_INTERNAL,SNP-COOLIT-20260925-BL,SCN-BASELINE,SHCAL-015-2,2026-H15,SHIFT-B,14,22,5,2400,0,NORMAL
TEN-COOLIT-SYN-001,SITE-COOLIT-SYN-01,REFERENCE,SHIFT_CALENDAR,SHCAL-015-3,SHCAL-015-3,RESOLVED,2026-09-25T23:59:59-06:00,2026-09-26T08:00:00-06:00,2026-06-29T00:00:00-06:00,,1,,false,HISTORICAL_ACTUAL,,,VALID,CURRENT,coolit-synthetic-v2.0.0,ALL_SYNTHETIC_CUSTOMERS,ALL_SYNTHETIC_PROGRAMS,ALL_SYNTHETIC_PRODUCTS,SYNTHETIC_INTERNAL,SNP-COOLIT-20260925-BL,SCN-BASELINE,SHCAL-015-3,2026-H15,SHIFT-C,22,6,3,1440,0,NORMAL
TEN-COOLIT-SYN-001,SITE-COOLIT-SYN-01,REFERENCE,SHIFT_CALENDAR,SHCAL-016-1,SHCAL-016-1,RESOLVED,2026-09-25T23:59:59-06:00,2026-09-26T08:00:00-06:00,2026-06-29T00:00:00-06:00,,1,,false,HISTORICAL_ACTUAL,,,VALID,CURRENT,coolit-synthetic-v2.0.0,ALL_SYNTHETIC_CUSTOMERS,ALL_SYNTHETIC_PROGRAMS,ALL_SYNTHETIC_PRODUCTS,SYNTHETIC_INTERNAL,SNP-COOLIT-20260925-BL,SCN-BASELINE,SHCAL-016-1,2026-H16,SHIFT-A,6,14,5,2400,0,NORMAL
TEN-COOLIT-SYN-001,SITE-COOLIT-SYN-01,REFERENCE,SHIFT_CALENDAR,SHCAL-016-2,SHCAL-016-2,RESOLVED,2026-09-25T23:59:59-06:00,2026-09-26T08:00:00-06:00,2026-06-29T00:00:00-06:00,,1,,false,HISTORICAL_ACTUAL,,,VALID,CURRENT,coolit-synthetic-v2.0.0,ALL_SYNTHETIC_CUSTOMERS,ALL_SYNTHETIC_PROGRAMS,ALL_SYNTHETIC_PRODUCTS,SYNTHETIC_INTERNAL,SNP-COOLIT-20260925-BL,SCN-BASELINE,SHCAL-016-2,2026-H16,SHIFT-B,14,22,5,2400,0,NORMAL
TEN-COOLIT-SYN-001,SITE-COOLIT-SYN-01,REFERENCE,SHIFT_CALENDAR,SHCAL-016-3,SHCAL-016-3,RESOLVED,2026-09-25T23:59:59-06:00,2026-09-26T08:00:00-06:00,2026-06-29T00:00:00-06:00,,1,,false,HISTORICAL_ACTUAL,,,VALID,CURRENT,coolit-synthetic-v2.0.0,ALL_SYNTHETIC_CUSTOMERS,ALL_SYNTHETIC_PROGRAMS,ALL_SYNTHETIC_PRODUCTS,SYNTHETIC_INTERNAL,SNP-COOLIT-20260925-BL,SCN-BASELINE,SHCAL-016-3,2026-H16,SHIFT-C,22,6,3,1440,0,NORMAL
TEN-COOLIT-SYN-001,SITE-COOLIT-SYN-01,REFERENCE,SHIFT_CALENDAR,SHCAL-017-1,SHCAL-017-1,RESOLVED,2026-09-25T23:59:59-06:00,2026-09-26T08:00:00-06:00,2026-06-29T00:00:00-06:00,,1,,false,HISTORICAL_ACTUAL,,,VALID,CURRENT,coolit-synthetic-v2.0.0,ALL_SYNTHETIC_CUSTOMERS,ALL_SYNTHETIC_PROGRAMS,ALL_SYNTHETIC_PRODUCTS,SYNTHETIC_INTERNAL,SNP-COOLIT-20260925-BL,SCN-BASELINE,SHCAL-017-1,2026-H17,SHIFT-A,6,14,5,2400,0,NORMAL
TEN-COOLIT-SYN-001,SITE-COOLIT-SYN-01,REFERENCE,SHIFT_CALENDAR,SHCAL-017-2,SHCAL-017-2,RESOLVED,2026-09-25T23:59:59-06:00,2026-09-26T08:00:00-06:00,2026-06-29T00:00:00-06:00,,1,,false,HISTORICAL_ACTUAL,,,VALID,CURRENT,coolit-synthetic-v2.0.0,ALL_SYNTHETIC_CUSTOMERS,ALL_SYNTHETIC_PROGRAMS,ALL_SYNTHETIC_PRODUCTS,SYNTHETIC_INTERNAL,SNP-COOLIT-20260925-BL,SCN-BASELINE,SHCAL-017-2,2026-H17,SHIFT-B,14,22,5,2400,0,NORMAL
TEN-COOLIT-SYN-001,SITE-COOLIT-SYN-01,REFERENCE,SHIFT_CALENDAR,SHCAL-017-3,SHCAL-017-3,RESOLVED,2026-09-25T23:59:59-06:00,2026-09-26T08:00:00-06:00,2026-06-29T00:00:00-06:00,,1,,false,HISTORICAL_ACTUAL,,,VALID,CURRENT,coolit-synthetic-v2.0.0,ALL_SYNTHETIC_CUSTOMERS,ALL_SYNTHETIC_PROGRAMS,ALL_SYNTHETIC_PRODUCTS,SYNTHETIC_INTERNAL,SNP-COOLIT-20260925-BL,SCN-BASELINE,SHCAL-017-3,2026-H17,SHIFT-C,22,6,3,1440,0,NORMAL
TEN-COOLIT-SYN-001,SITE-COOLIT-SYN-01,REFERENCE,SHIFT_CALENDAR,SHCAL-018-1,SHCAL-018-1,RESOLVED,2026-09-25T23:59:59-06:00,2026-09-26T08:00:00-06:00,2026-06-29T00:00:00-06:00,,1,,false,HISTORICAL_ACTUAL,,,VALID,CURRENT,coolit-synthetic-v2.0.0,ALL_SYNTHETIC_CUSTOMERS,ALL_SYNTHETIC_PROGRAMS,ALL_SYNTHETIC_PRODUCTS,SYNTHETIC_INTERNAL,SNP-COOLIT-20260925-BL,SCN-BASELINE,SHCAL-018-1,2026-H18,SHIFT-A,6,14,5,2400,0,NORMAL
TEN-COOLIT-SYN-001,SITE-COOLIT-SYN-01,REFERENCE,SHIFT_CALENDAR,SHCAL-018-2,SHCAL-018-2,RESOLVED,2026-09-25T23:59:59-06:00,2026-09-26T08:00:00-06:00,2026-06-29T00:00:00-06:00,,1,,false,HISTORICAL_ACTUAL,,,VALID,CURRENT,coolit-synthetic-v2.0.0,ALL_SYNTHETIC_CUSTOMERS,ALL_SYNTHETIC_PROGRAMS,ALL_SYNTHETIC_PRODUCTS,SYNTHETIC_INTERNAL,SNP-COOLIT-20260925-BL,SCN-BASELINE,SHCAL-018-2,2026-H18,SHIFT-B,14,22,5,2400,0,NORMAL
TEN-COOLIT-SYN-001,SITE-COOLIT-SYN-01,REFERENCE,SHIFT_CALENDAR,SHCAL-018-3,SHCAL-018-3,RESOLVED,2026-09-25T23:59:59-06:00,2026-09-26T08:00:00-06:00,2026-06-29T00:00:00-06:00,,1,,false,HISTORICAL_ACTUAL,,,VALID,CURRENT,coolit-synthetic-v2.0.0,ALL_SYNTHETIC_CUSTOMERS,ALL_SYNTHETIC_PROGRAMS,ALL_SYNTHETIC_PRODUCTS,SYNTHETIC_INTERNAL,SNP-COOLIT-20260925-BL,SCN-BASELINE,SHCAL-018-3,2026-H18,SHIFT-C,22,6,3,1440,0,NORMAL
TEN-COOLIT-SYN-001,SITE-COOLIT-SYN-01,REFERENCE,SHIFT_CALENDAR,SHCAL-019-1,SHCAL-019-1,RESOLVED,2026-09-25T23:59:59-06:00,2026-09-26T08:00:00-06:00,2026-06-29T00:00:00-06:00,,1,,false,HISTORICAL_ACTUAL,,,VALID,CURRENT,coolit-synthetic-v2.0.0,ALL_SYNTHETIC_CUSTOMERS,ALL_SYNTHETIC_PROGRAMS,ALL_SYNTHETIC_PRODUCTS,SYNTHETIC_INTERNAL,SNP-COOLIT-20260925-BL,SCN-BASELINE,SHCAL-019-1,2026-H19,SHIFT-A,6,14,5,2400,0,NORMAL
TEN-COOLIT-SYN-001,SITE-COOLIT-SYN-01,REFERENCE,SHIFT_CALENDAR,SHCAL-019-2,SHCAL-019-2,RESOLVED,2026-09-25T23:59:59-06:00,2026-09-26T08:00:00-06:00,2026-06-29T00:00:00-06:00,,1,,false,HISTORICAL_ACTUAL,,,VALID,CURRENT,coolit-synthetic-v2.0.0,ALL_SYNTHETIC_CUSTOMERS,ALL_SYNTHETIC_PROGRAMS,ALL_SYNTHETIC_PRODUCTS,SYNTHETIC_INTERNAL,SNP-COOLIT-20260925-BL,SCN-BASELINE,SHCAL-019-2,2026-H19,SHIFT-B,14,22,5,2400,0,NORMAL
TEN-COOLIT-SYN-001,SITE-COOLIT-SYN-01,REFERENCE,SHIFT_CALENDAR,SHCAL-019-3,SHCAL-019-3,RESOLVED,2026-09-25T23:59:59-06:00,2026-09-26T08:00:00-06:00,2026-06-29T00:00:00-06:00,,1,,false,HISTORICAL_ACTUAL,,,VALID,CURRENT,coolit-synthetic-v2.0.0,ALL_SYNTHETIC_CUSTOMERS,ALL_SYNTHETIC_PROGRAMS,ALL_SYNTHETIC_PRODUCTS,SYNTHETIC_INTERNAL,SNP-COOLIT-20260925-BL,SCN-BASELINE,SHCAL-019-3,2026-H19,SHIFT-C,22,6,3,1440,0,NORMAL
TEN-COOLIT-SYN-001,SITE-COOLIT-SYN-01,REFERENCE,SHIFT_CALENDAR,SHCAL-020-1,SHCAL-020-1,RESOLVED,2026-09-25T23:59:59-06:00,2026-09-26T08:00:00-06:00,2026-06-29T00:00:00-06:00,,1,,false,HISTORICAL_ACTUAL,,,VALID,CURRENT,coolit-synthetic-v2.0.0,ALL_SYNTHETIC_CUSTOMERS,ALL_SYNTHETIC_PROGRAMS,ALL_SYNTHETIC_PRODUCTS,SYNTHETIC_INTERNAL,SNP-COOLIT-20260925-BL,SCN-BASELINE,SHCAL-020-1,2026-H20,SHIFT-A,6,14,5,2400,0,NORMAL
TEN-COOLIT-SYN-001,SITE-COOLIT-SYN-01,REFERENCE,SHIFT_CALENDAR,SHCAL-020-2,SHCAL-020-2,RESOLVED,2026-09-25T23:59:59-06:00,2026-09-26T08:00:00-06:00,2026-06-29T00:00:00-06:00,,1,,false,HISTORICAL_ACTUAL,,,VALID,CURRENT,coolit-synthetic-v2.0.0,ALL_SYNTHETIC_CUSTOMERS,ALL_SYNTHETIC_PROGRAMS,ALL_SYNTHETIC_PRODUCTS,SYNTHETIC_INTERNAL,SNP-COOLIT-20260925-BL,SCN-BASELINE,SHCAL-020-2,2026-H20,SHIFT-B,14,22,5,2400,0,NORMAL
TEN-COOLIT-SYN-001,SITE-COOLIT-SYN-01,REFERENCE,SHIFT_CALENDAR,SHCAL-020-3,SHCAL-020-3,RESOLVED,2026-09-25T23:59:59-06:00,2026-09-26T08:00:00-06:00,2026-06-29T00:00:00-06:00,,1,,false,HISTORICAL_ACTUAL,,,VALID,CURRENT,coolit-synthetic-v2.0.0,ALL_SYNTHETIC_CUSTOMERS,ALL_SYNTHETIC_PROGRAMS,ALL_SYNTHETIC_PRODUCTS,SYNTHETIC_INTERNAL,SNP-COOLIT-20260925-BL,SCN-BASELINE,SHCAL-020-3,2026-H20,SHIFT-C,22,6,3,1440,0,NORMAL
TEN-COOLIT-SYN-001,SITE-COOLIT-SYN-01,REFERENCE,SHIFT_CALENDAR,SHCAL-021-1,SHCAL-021-1,RESOLVED,2026-09-25T23:59:59-06:00,2026-09-26T08:00:00-06:00,2026-06-29T00:00:00-06:00,,1,,false,HISTORICAL_ACTUAL,,,VALID,CURRENT,coolit-synthetic-v2.0.0,ALL_SYNTHETIC_CUSTOMERS,ALL_SYNTHETIC_PROGRAMS,ALL_SYNTHETIC_PRODUCTS,SYNTHETIC_INTERNAL,SNP-COOLIT-20260925-BL,SCN-BASELINE,SHCAL-021-1,2026-H21,SHIFT-A,6,14,5,2400,0,NORMAL
TEN-COOLIT-SYN-001,SITE-COOLIT-SYN-01,REFERENCE,SHIFT_CALENDAR,SHCAL-021-2,SHCAL-021-2,RESOLVED,2026-09-25T23:59:59-06:00,2026-09-26T08:00:00-06:00,2026-06-29T00:00:00-06:00,,1,,false,HISTORICAL_ACTUAL,,,VALID,CURRENT,coolit-synthetic-v2.0.0,ALL_SYNTHETIC_CUSTOMERS,ALL_SYNTHETIC_PROGRAMS,ALL_SYNTHETIC_PRODUCTS,SYNTHETIC_INTERNAL,SNP-COOLIT-20260925-BL,SCN-BASELINE,SHCAL-021-2,2026-H21,SHIFT-B,14,22,5,2400,0,NORMAL
TEN-COOLIT-SYN-001,SITE-COOLIT-SYN-01,REFERENCE,SHIFT_CALENDAR,SHCAL-021-3,SHCAL-021-3,RESOLVED,2026-09-25T23:59:59-06:00,2026-09-26T08:00:00-06:00,2026-06-29T00:00:00-06:00,,1,,false,HISTORICAL_ACTUAL,,,VALID,CURRENT,coolit-synthetic-v2.0.0,ALL_SYNTHETIC_CUSTOMERS,ALL_SYNTHETIC_PROGRAMS,ALL_SYNTHETIC_PRODUCTS,SYNTHETIC_INTERNAL,SNP-COOLIT-20260925-BL,SCN-BASELINE,SHCAL-021-3,2026-H21,SHIFT-C,22,6,3,1440,0,NORMAL
TEN-COOLIT-SYN-001,SITE-COOLIT-SYN-01,REFERENCE,SHIFT_CALENDAR,SHCAL-022-1,SHCAL-022-1,RESOLVED,2026-09-25T23:59:59-06:00,2026-09-26T08:00:00-06:00,2026-06-29T00:00:00-06:00,,1,,false,HISTORICAL_ACTUAL,,,VALID,CURRENT,coolit-synthetic-v2.0.0,ALL_SYNTHETIC_CUSTOMERS,ALL_SYNTHETIC_PROGRAMS,ALL_SYNTHETIC_PRODUCTS,SYNTHETIC_INTERNAL,SNP-COOLIT-20260925-BL,SCN-BASELINE,SHCAL-022-1,2026-H22,SHIFT-A,6,14,5,2400,0,NORMAL
TEN-COOLIT-SYN-001,SITE-COOLIT-SYN-01,REFERENCE,SHIFT_CALENDAR,SHCAL-022-2,SHCAL-022-2,RESOLVED,2026-09-25T23:59:59-06:00,2026-09-26T08:00:00-06:00,2026-06-29T00:00:00-06:00,,1,,false,HISTORICAL_ACTUAL,,,VALID,CURRENT,coolit-synthetic-v2.0.0,ALL_SYNTHETIC_CUSTOMERS,ALL_SYNTHETIC_PROGRAMS,ALL_SYNTHETIC_PRODUCTS,SYNTHETIC_INTERNAL,SNP-COOLIT-20260925-BL,SCN-BASELINE,SHCAL-022-2,2026-H22,SHIFT-B,14,22,5,2400,0,NORMAL
TEN-COOLIT-SYN-001,SITE-COOLIT-SYN-01,REFERENCE,SHIFT_CALENDAR,SHCAL-022-3,SHCAL-022-3,RESOLVED,2026-09-25T23:59:59-06:00,2026-09-26T08:00:00-06:00,2026-06-29T00:00:00-06:00,,1,,false,HISTORICAL_ACTUAL,,,VALID,CURRENT,coolit-synthetic-v2.0.0,ALL_SYNTHETIC_CUSTOMERS,ALL_SYNTHETIC_PROGRAMS,ALL_SYNTHETIC_PRODUCTS,SYNTHETIC_INTERNAL,SNP-COOLIT-20260925-BL,SCN-BASELINE,SHCAL-022-3,2026-H22,SHIFT-C,22,6,3,1440,0,NORMAL
TEN-COOLIT-SYN-001,SITE-COOLIT-SYN-01,REFERENCE,SHIFT_CALENDAR,SHCAL-023-1,SHCAL-023-1,RESOLVED,2026-09-25T23:59:59-06:00,2026-09-26T08:00:00-06:00,2026-06-29T00:00:00-06:00,,1,,false,HISTORICAL_ACTUAL,,,VALID,CURRENT,coolit-synthetic-v2.0.0,ALL_SYNTHETIC_CUSTOMERS,ALL_SYNTHETIC_PROGRAMS,ALL_SYNTHETIC_PRODUCTS,SYNTHETIC_INTERNAL,SNP-COOLIT-20260925-BL,SCN-BASELINE,SHCAL-023-1,2026-H23,SHIFT-A,6,14,5,2400,0,NORMAL
TEN-COOLIT-SYN-001,SITE-COOLIT-SYN-01,REFERENCE,SHIFT_CALENDAR,SHCAL-023-2,SHCAL-023-2,RESOLVED,2026-09-25T23:59:59-06:00,2026-09-26T08:00:00-06:00,2026-06-29T00:00:00-06:00,,1,,false,HISTORICAL_ACTUAL,,,VALID,CURRENT,coolit-synthetic-v2.0.0,ALL_SYNTHETIC_CUSTOMERS,ALL_SYNTHETIC_PROGRAMS,ALL_SYNTHETIC_PRODUCTS,SYNTHETIC_INTERNAL,SNP-COOLIT-20260925-BL,SCN-BASELINE,SHCAL-023-2,2026-H23,SHIFT-B,14,22,5,2400,0,NORMAL
TEN-COOLIT-SYN-001,SITE-COOLIT-SYN-01,REFERENCE,SHIFT_CALENDAR,SHCAL-023-3,SHCAL-023-3,RESOLVED,2026-09-25T23:59:59-06:00,2026-09-26T08:00:00-06:00,2026-06-29T00:00:00-06:00,,1,,false,HISTORICAL_ACTUAL,,,VALID,CURRENT,coolit-synthetic-v2.0.0,ALL_SYNTHETIC_CUSTOMERS,ALL_SYNTHETIC_PROGRAMS,ALL_SYNTHETIC_PRODUCTS,SYNTHETIC_INTERNAL,SNP-COOLIT-20260925-BL,SCN-BASELINE,SHCAL-023-3,2026-H23,SHIFT-C,22,6,3,1440,0,NORMAL
TEN-COOLIT-SYN-001,SITE-COOLIT-SYN-01,REFERENCE,SHIFT_CALENDAR,SHCAL-024-1,SHCAL-024-1,RESOLVED,2026-09-25T23:59:59-06:00,2026-09-26T08:00:00-06:00,2026-06-29T00:00:00-06:00,,1,,false,HISTORICAL_ACTUAL,,,VALID,CURRENT,coolit-synthetic-v2.0.0,ALL_SYNTHETIC_CUSTOMERS,ALL_SYNTHETIC_PROGRAMS,ALL_SYNTHETIC_PRODUCTS,SYNTHETIC_INTERNAL,SNP-COOLIT-20260925-BL,SCN-BASELINE,SHCAL-024-1,2026-H24,SHIFT-A,6,14,5,2400,0,NORMAL
TEN-COOLIT-SYN-001,SITE-COOLIT-SYN-01,REFERENCE,SHIFT_CALENDAR,SHCAL-024-2,SHCAL-024-2,RESOLVED,2026-09-25T23:59:59-06:00,2026-09-26T08:00:00-06:00,2026-06-29T00:00:00-06:00,,1,,false,HISTORICAL_ACTUAL,,,VALID,CURRENT,coolit-synthetic-v2.0.0,ALL_SYNTHETIC_CUSTOMERS,ALL_SYNTHETIC_PROGRAMS,ALL_SYNTHETIC_PRODUCTS,SYNTHETIC_INTERNAL,SNP-COOLIT-20260925-BL,SCN-BASELINE,SHCAL-024-2,2026-H24,SHIFT-B,14,22,5,2400,0,NORMAL
TEN-COOLIT-SYN-001,SITE-COOLIT-SYN-01,REFERENCE,SHIFT_CALENDAR,SHCAL-024-3,SHCAL-024-3,RESOLVED,2026-09-25T23:59:59-06:00,2026-09-26T08:00:00-06:00,2026-06-29T00:00:00-06:00,,1,,false,HISTORICAL_ACTUAL,,,VALID,CURRENT,coolit-synthetic-v2.0.0,ALL_SYNTHETIC_CUSTOMERS,ALL_SYNTHETIC_PROGRAMS,ALL_SYNTHETIC_PRODUCTS,SYNTHETIC_INTERNAL,SNP-COOLIT-20260925-BL,SCN-BASELINE,SHCAL-024-3,2026-H24,SHIFT-C,22,6,3,1440,0,NORMAL
TEN-COOLIT-SYN-001,SITE-COOLIT-SYN-01,REFERENCE,SHIFT_CALENDAR,SHCAL-025-1,SHCAL-025-1,RESOLVED,2026-09-25T23:59:59-06:00,2026-09-26T08:00:00-06:00,2026-06-29T00:00:00-06:00,,1,,false,HISTORICAL_ACTUAL,,,VALID,CURRENT,coolit-synthetic-v2.0.0,ALL_SYNTHETIC_CUSTOMERS,ALL_SYNTHETIC_PROGRAMS,ALL_SYNTHETIC_PRODUCTS,SYNTHETIC_INTERNAL,SNP-COOLIT-20260925-BL,SCN-BASELINE,SHCAL-025-1,2026-H25,SHIFT-A,6,14,5,2400,0,NORMAL
TEN-COOLIT-SYN-001,SITE-COOLIT-SYN-01,REFERENCE,SHIFT_CALENDAR,SHCAL-025-2,SHCAL-025-2,RESOLVED,2026-09-25T23:59:59-06:00,2026-09-26T08:00:00-06:00,2026-06-29T00:00:00-06:00,,1,,false,HISTORICAL_ACTUAL,,,VALID,CURRENT,coolit-synthetic-v2.0.0,ALL_SYNTHETIC_CUSTOMERS,ALL_SYNTHETIC_PROGRAMS,ALL_SYNTHETIC_PRODUCTS,SYNTHETIC_INTERNAL,SNP-COOLIT-20260925-BL,SCN-BASELINE,SHCAL-025-2,2026-H25,SHIFT-B,14,22,5,2400,0,NORMAL
TEN-COOLIT-SYN-001,SITE-COOLIT-SYN-01,REFERENCE,SHIFT_CALENDAR,SHCAL-025-3,SHCAL-025-3,RESOLVED,2026-09-25T23:59:59-06:00,2026-09-26T08:00:00-06:00,2026-06-29T00:00:00-06:00,,1,,false,HISTORICAL_ACTUAL,,,VALID,CURRENT,coolit-synthetic-v2.0.0,ALL_SYNTHETIC_CUSTOMERS,ALL_SYNTHETIC_PROGRAMS,ALL_SYNTHETIC_PRODUCTS,SYNTHETIC_INTERNAL,SNP-COOLIT-20260925-BL,SCN-BASELINE,SHCAL-025-3,2026-H25,SHIFT-C,22,6,3,1440,0,NORMAL
TEN-COOLIT-SYN-001,SITE-COOLIT-SYN-01,REFERENCE,SHIFT_CALENDAR,SHCAL-026-1,SHCAL-026-1,RESOLVED,2026-09-25T23:59:59-06:00,2026-09-26T08:00:00-06:00,2026-06-29T00:00:00-06:00,,1,,false,HISTORICAL_ACTUAL,,,VALID,CURRENT,coolit-synthetic-v2.0.0,ALL_SYNTHETIC_CUSTOMERS,ALL_SYNTHETIC_PROGRAMS,ALL_SYNTHETIC_PRODUCTS,SYNTHETIC_INTERNAL,SNP-COOLIT-20260925-BL,SCN-BASELINE,SHCAL-026-1,2026-H26,SHIFT-A,6,14,5,2400,0,NORMAL
TEN-COOLIT-SYN-001,SITE-COOLIT-SYN-01,REFERENCE,SHIFT_CALENDAR,SHCAL-026-2,SHCAL-026-2,RESOLVED,2026-09-25T23:59:59-06:00,2026-09-26T08:00:00-06:00,2026-06-29T00:00:00-06:00,,1,,false,HISTORICAL_ACTUAL,,,VALID,CURRENT,coolit-synthetic-v2.0.0,ALL_SYNTHETIC_CUSTOMERS,ALL_SYNTHETIC_PROGRAMS,ALL_SYNTHETIC_PRODUCTS,SYNTHETIC_INTERNAL,SNP-COOLIT-20260925-BL,SCN-BASELINE,SHCAL-026-2,2026-H26,SHIFT-B,14,22,5,2400,0,NORMAL
TEN-COOLIT-SYN-001,SITE-COOLIT-SYN-01,REFERENCE,SHIFT_CALENDAR,SHCAL-026-3,SHCAL-026-3,RESOLVED,2026-09-25T23:59:59-06:00,2026-09-26T08:00:00-06:00,2026-06-29T00:00:00-06:00,,1,,false,HISTORICAL_ACTUAL,,,VALID,CURRENT,coolit-synthetic-v2.0.0,ALL_SYNTHETIC_CUSTOMERS,ALL_SYNTHETIC_PROGRAMS,ALL_SYNTHETIC_PRODUCTS,SYNTHETIC_INTERNAL,SNP-COOLIT-20260925-BL,SCN-BASELINE,SHCAL-026-3,2026-H26,SHIFT-C,22,6,3,1440,0,NORMAL
TEN-COOLIT-SYN-001,SITE-COOLIT-SYN-01,REFERENCE,SHIFT_CALENDAR,SHCAL-027-1,SHCAL-027-1,RESOLVED,2026-09-25T23:59:59-06:00,2026-09-26T08:00:00-06:00,2026-06-29T00:00:00-06:00,,1,,false,HISTORICAL_ACTUAL,,,VALID,CURRENT,coolit-synthetic-v2.0.0,ALL_SYNTHETIC_CUSTOMERS,ALL_SYNTHETIC_PROGRAMS,ALL_SYNTHETIC_PRODUCTS,SYNTHETIC_INTERNAL,SNP-COOLIT-20260925-BL,SCN-BASELINE,SHCAL-027-1,2026-H27,SHIFT-A,6,14,5,2400,0,NORMAL
TEN-COOLIT-SYN-001,SITE-COOLIT-SYN-01,REFERENCE,SHIFT_CALENDAR,SHCAL-027-2,SHCAL-027-2,RESOLVED,2026-09-25T23:59:59-06:00,2026-09-26T08:00:00-06:00,2026-06-29T00:00:00-06:00,,1,,false,HISTORICAL_ACTUAL,,,VALID,CURRENT,coolit-synthetic-v2.0.0,ALL_SYNTHETIC_CUSTOMERS,ALL_SYNTHETIC_PROGRAMS,ALL_SYNTHETIC_PRODUCTS,SYNTHETIC_INTERNAL,SNP-COOLIT-20260925-BL,SCN-BASELINE,SHCAL-027-2,2026-H27,SHIFT-B,14,22,5,2400,0,NORMAL
TEN-COOLIT-SYN-001,SITE-COOLIT-SYN-01,REFERENCE,SHIFT_CALENDAR,SHCAL-027-3,SHCAL-027-3,RESOLVED,2026-09-25T23:59:59-06:00,2026-09-26T08:00:00-06:00,2026-06-29T00:00:00-06:00,,1,,false,HISTORICAL_ACTUAL,,,VALID,CURRENT,coolit-synthetic-v2.0.0,ALL_SYNTHETIC_CUSTOMERS,ALL_SYNTHETIC_PROGRAMS,ALL_SYNTHETIC_PRODUCTS,SYNTHETIC_INTERNAL,SNP-COOLIT-20260925-BL,SCN-BASELINE,SHCAL-027-3,2026-H27,SHIFT-C,22,6,3,1440,0,NORMAL
TEN-COOLIT-SYN-001,SITE-COOLIT-SYN-01,REFERENCE,SHIFT_CALENDAR,SHCAL-028-1,SHCAL-028-1,RESOLVED,2026-09-25T23:59:59-06:00,2026-09-26T08:00:00-06:00,2026-06-29T00:00:00-06:00,,1,,false,HISTORICAL_ACTUAL,,,VALID,CURRENT,coolit-synthetic-v2.0.0,ALL_SYNTHETIC_CUSTOMERS,ALL_SYNTHETIC_PROGRAMS,ALL_SYNTHETIC_PRODUCTS,SYNTHETIC_INTERNAL,SNP-COOLIT-20260925-BL,SCN-BASELINE,SHCAL-028-1,2026-H28,SHIFT-A,6,14,5,2400,0,NORMAL
TEN-COOLIT-SYN-001,SITE-COOLIT-SYN-01,REFERENCE,SHIFT_CALENDAR,SHCAL-028-2,SHCAL-028-2,RESOLVED,2026-09-25T23:59:59-06:00,2026-09-26T08:00:00-06:00,2026-06-29T00:00:00-06:00,,1,,false,HISTORICAL_ACTUAL,,,VALID,CURRENT,coolit-synthetic-v2.0.0,ALL_SYNTHETIC_CUSTOMERS,ALL_SYNTHETIC_PROGRAMS,ALL_SYNTHETIC_PRODUCTS,SYNTHETIC_INTERNAL,SNP-COOLIT-20260925-BL,SCN-BASELINE,SHCAL-028-2,2026-H28,SHIFT-B,14,22,5,2400,0,NORMAL
TEN-COOLIT-SYN-001,SITE-COOLIT-SYN-01,REFERENCE,SHIFT_CALENDAR,SHCAL-028-3,SHCAL-028-3,RESOLVED,2026-09-25T23:59:59-06:00,2026-09-26T08:00:00-06:00,2026-06-29T00:00:00-06:00,,1,,false,HISTORICAL_ACTUAL,,,VALID,CURRENT,coolit-synthetic-v2.0.0,ALL_SYNTHETIC_CUSTOMERS,ALL_SYNTHETIC_PROGRAMS,ALL_SYNTHETIC_PRODUCTS,SYNTHETIC_INTERNAL,SNP-COOLIT-20260925-BL,SCN-BASELINE,SHCAL-028-3,2026-H28,SHIFT-C,22,6,3,1440,0,NORMAL
TEN-COOLIT-SYN-001,SITE-COOLIT-SYN-01,REFERENCE,SHIFT_CALENDAR,SHCAL-029-1,SHCAL-029-1,RESOLVED,2026-09-25T23:59:59-06:00,2026-09-26T08:00:00-06:00,2026-06-29T00:00:00-06:00,,1,,false,HISTORICAL_ACTUAL,,,VALID,CURRENT,coolit-synthetic-v2.0.0,ALL_SYNTHETIC_CUSTOMERS,ALL_SYNTHETIC_PROGRAMS,ALL_SYNTHETIC_PRODUCTS,SYNTHETIC_INTERNAL,SNP-COOLIT-20260925-BL,SCN-BASELINE,SHCAL-029-1,2026-H29,SHIFT-A,6,14,5,2400,0,NORMAL
TEN-COOLIT-SYN-001,SITE-COOLIT-SYN-01,REFERENCE,SHIFT_CALENDAR,SHCAL-029-2,SHCAL-029-2,RESOLVED,2026-09-25T23:59:59-06:00,2026-09-26T08:00:00-06:00,2026-06-29T00:00:00-06:00,,1,,false,HISTORICAL_ACTUAL,,,VALID,CURRENT,coolit-synthetic-v2.0.0,ALL_SYNTHETIC_CUSTOMERS,ALL_SYNTHETIC_PROGRAMS,ALL_SYNTHETIC_PRODUCTS,SYNTHETIC_INTERNAL,SNP-COOLIT-20260925-BL,SCN-BASELINE,SHCAL-029-2,2026-H29,SHIFT-B,14,22,5,2400,0,NORMAL
TEN-COOLIT-SYN-001,SITE-COOLIT-SYN-01,REFERENCE,SHIFT_CALENDAR,SHCAL-029-3,SHCAL-029-3,RESOLVED,2026-09-25T23:59:59-06:00,2026-09-26T08:00:00-06:00,2026-06-29T00:00:00-06:00,,1,,false,HISTORICAL_ACTUAL,,,VALID,CURRENT,coolit-synthetic-v2.0.0,ALL_SYNTHETIC_CUSTOMERS,ALL_SYNTHETIC_PROGRAMS,ALL_SYNTHETIC_PRODUCTS,SYNTHETIC_INTERNAL,SNP-COOLIT-20260925-BL,SCN-BASELINE,SHCAL-029-3,2026-H29,SHIFT-C,22,6,3,1440,0,NORMAL
TEN-COOLIT-SYN-001,SITE-COOLIT-SYN-01,REFERENCE,SHIFT_CALENDAR,SHCAL-030-1,SHCAL-030-1,RESOLVED,2026-09-25T23:59:59-06:00,2026-09-26T08:00:00-06:00,2026-06-29T00:00:00-06:00,,1,,false,HISTORICAL_ACTUAL,,,VALID,CURRENT,coolit-synthetic-v2.0.0,ALL_SYNTHETIC_CUSTOMERS,ALL_SYNTHETIC_PROGRAMS,ALL_SYNTHETIC_PRODUCTS,SYNTHETIC_INTERNAL,SNP-COOLIT-20260925-BL,SCN-BASELINE,SHCAL-030-1,2026-H30,SHIFT-A,6,14,5,2400,0,NORMAL
TEN-COOLIT-SYN-001,SITE-COOLIT-SYN-01,REFERENCE,SHIFT_CALENDAR,SHCAL-030-2,SHCAL-030-2,RESOLVED,2026-09-25T23:59:59-06:00,2026-09-26T08:00:00-06:00,2026-06-29T00:00:00-06:00,,1,,false,HISTORICAL_ACTUAL,,,VALID,CURRENT,coolit-synthetic-v2.0.0,ALL_SYNTHETIC_CUSTOMERS,ALL_SYNTHETIC_PROGRAMS,ALL_SYNTHETIC_PRODUCTS,SYNTHETIC_INTERNAL,SNP-COOLIT-20260925-BL,SCN-BASELINE,SHCAL-030-2,2026-H30,SHIFT-B,14,22,5,2400,0,NORMAL
TEN-COOLIT-SYN-001,SITE-COOLIT-SYN-01,REFERENCE,SHIFT_CALENDAR,SHCAL-030-3,SHCAL-030-3,RESOLVED,2026-09-25T23:59:59-06:00,2026-09-26T08:00:00-06:00,2026-06-29T00:00:00-06:00,,1,,false,HISTORICAL_ACTUAL,,,VALID,CURRENT,coolit-synthetic-v2.0.0,ALL_SYNTHETIC_CUSTOMERS,ALL_SYNTHETIC_PROGRAMS,ALL_SYNTHETIC_PRODUCTS,SYNTHETIC_INTERNAL,SNP-COOLIT-20260925-BL,SCN-BASELINE,SHCAL-030-3,2026-H30,SHIFT-C,22,6,3,1440,0,NORMAL
TEN-COOLIT-SYN-001,SITE-COOLIT-SYN-01,REFERENCE,SHIFT_CALENDAR,SHCAL-031-1,SHCAL-031-1,RESOLVED,2026-09-25T23:59:59-06:00,2026-09-26T08:00:00-06:00,2026-06-29T00:00:00-06:00,,1,,false,HISTORICAL_ACTUAL,,,VALID,CURRENT,coolit-synthetic-v2.0.0,ALL_SYNTHETIC_CUSTOMERS,ALL_SYNTHETIC_PROGRAMS,ALL_SYNTHETIC_PRODUCTS,SYNTHETIC_INTERNAL,SNP-COOLIT-20260925-BL,SCN-BASELINE,SHCAL-031-1,2026-H31,SHIFT-A,6,14,5,2400,0,NORMAL
TEN-COOLIT-SYN-001,SITE-COOLIT-SYN-01,REFERENCE,SHIFT_CALENDAR,SHCAL-031-2,SHCAL-031-2,RESOLVED,2026-09-25T23:59:59-06:00,2026-09-26T08:00:00-06:00,2026-06-29T00:00:00-06:00,,1,,false,HISTORICAL_ACTUAL,,,VALID,CURRENT,coolit-synthetic-v2.0.0,ALL_SYNTHETIC_CUSTOMERS,ALL_SYNTHETIC_PROGRAMS,ALL_SYNTHETIC_PRODUCTS,SYNTHETIC_INTERNAL,SNP-COOLIT-20260925-BL,SCN-BASELINE,SHCAL-031-2,2026-H31,SHIFT-B,14,22,5,2400,0,NORMAL
TEN-COOLIT-SYN-001,SITE-COOLIT-SYN-01,REFERENCE,SHIFT_CALENDAR,SHCAL-031-3,SHCAL-031-3,RESOLVED,2026-09-25T23:59:59-06:00,2026-09-26T08:00:00-06:00,2026-06-29T00:00:00-06:00,,1,,false,HISTORICAL_ACTUAL,,,VALID,CURRENT,coolit-synthetic-v2.0.0,ALL_SYNTHETIC_CUSTOMERS,ALL_SYNTHETIC_PROGRAMS,ALL_SYNTHETIC_PRODUCTS,SYNTHETIC_INTERNAL,SNP-COOLIT-20260925-BL,SCN-BASELINE,SHCAL-031-3,2026-H31,SHIFT-C,22,6,3,1440,0,NORMAL
TEN-COOLIT-SYN-001,SITE-COOLIT-SYN-01,REFERENCE,SHIFT_CALENDAR,SHCAL-032-1,SHCAL-032-1,RESOLVED,2026-09-25T23:59:59-06:00,2026-09-26T08:00:00-06:00,2026-06-29T00:00:00-06:00,,1,,false,HISTORICAL_ACTUAL,,,VALID,CURRENT,coolit-synthetic-v2.0.0,ALL_SYNTHETIC_CUSTOMERS,ALL_SYNTHETIC_PROGRAMS,ALL_SYNTHETIC_PRODUCTS,SYNTHETIC_INTERNAL,SNP-COOLIT-20260925-BL,SCN-BASELINE,SHCAL-032-1,2026-H32,SHIFT-A,6,14,5,2400,0,NORMAL
TEN-COOLIT-SYN-001,SITE-COOLIT-SYN-01,REFERENCE,SHIFT_CALENDAR,SHCAL-032-2,SHCAL-032-2,RESOLVED,2026-09-25T23:59:59-06:00,2026-09-26T08:00:00-06:00,2026-06-29T00:00:00-06:00,,1,,false,HISTORICAL_ACTUAL,,,VALID,CURRENT,coolit-synthetic-v2.0.0,ALL_SYNTHETIC_CUSTOMERS,ALL_SYNTHETIC_PROGRAMS,ALL_SYNTHETIC_PRODUCTS,SYNTHETIC_INTERNAL,SNP-COOLIT-20260925-BL,SCN-BASELINE,SHCAL-032-2,2026-H32,SHIFT-B,14,22,5,2400,0,NORMAL
TEN-COOLIT-SYN-001,SITE-COOLIT-SYN-01,REFERENCE,SHIFT_CALENDAR,SHCAL-032-3,SHCAL-032-3,RESOLVED,2026-09-25T23:59:59-06:00,2026-09-26T08:00:00-06:00,2026-06-29T00:00:00-06:00,,1,,false,HISTORICAL_ACTUAL,,,VALID,CURRENT,coolit-synthetic-v2.0.0,ALL_SYNTHETIC_CUSTOMERS,ALL_SYNTHETIC_PROGRAMS,ALL_SYNTHETIC_PRODUCTS,SYNTHETIC_INTERNAL,SNP-COOLIT-20260925-BL,SCN-BASELINE,SHCAL-032-3,2026-H32,SHIFT-C,22,6,3,1440,0,NORMAL
TEN-COOLIT-SYN-001,SITE-COOLIT-SYN-01,REFERENCE,SHIFT_CALENDAR,SHCAL-033-1,SHCAL-033-1,RESOLVED,2026-09-25T23:59:59-06:00,2026-09-26T08:00:00-06:00,2026-06-29T00:00:00-06:00,,1,,false,HISTORICAL_ACTUAL,,,VALID,CURRENT,coolit-synthetic-v2.0.0,ALL_SYNTHETIC_CUSTOMERS,ALL_SYNTHETIC_PROGRAMS,ALL_SYNTHETIC_PRODUCTS,SYNTHETIC_INTERNAL,SNP-COOLIT-20260925-BL,SCN-BASELINE,SHCAL-033-1,2026-H33,SHIFT-A,6,14,5,2400,0,NORMAL
TEN-COOLIT-SYN-001,SITE-COOLIT-SYN-01,REFERENCE,SHIFT_CALENDAR,SHCAL-033-2,SHCAL-033-2,RESOLVED,2026-09-25T23:59:59-06:00,2026-09-26T08:00:00-06:00,2026-06-29T00:00:00-06:00,,1,,false,HISTORICAL_ACTUAL,,,VALID,CURRENT,coolit-synthetic-v2.0.0,ALL_SYNTHETIC_CUSTOMERS,ALL_SYNTHETIC_PROGRAMS,ALL_SYNTHETIC_PRODUCTS,SYNTHETIC_INTERNAL,SNP-COOLIT-20260925-BL,SCN-BASELINE,SHCAL-033-2,2026-H33,SHIFT-B,14,22,5,2400,0,NORMAL
TEN-COOLIT-SYN-001,SITE-COOLIT-SYN-01,REFERENCE,SHIFT_CALENDAR,SHCAL-033-3,SHCAL-033-3,RESOLVED,2026-09-25T23:59:59-06:00,2026-09-26T08:00:00-06:00,2026-06-29T00:00:00-06:00,,1,,false,HISTORICAL_ACTUAL,,,VALID,CURRENT,coolit-synthetic-v2.0.0,ALL_SYNTHETIC_CUSTOMERS,ALL_SYNTHETIC_PROGRAMS,ALL_SYNTHETIC_PRODUCTS,SYNTHETIC_INTERNAL,SNP-COOLIT-20260925-BL,SCN-BASELINE,SHCAL-033-3,2026-H33,SHIFT-C,22,6,3,1440,0,NORMAL
TEN-COOLIT-SYN-001,SITE-COOLIT-SYN-01,REFERENCE,SHIFT_CALENDAR,SHCAL-034-1,SHCAL-034-1,RESOLVED,2026-09-25T23:59:59-06:00,2026-09-26T08:00:00-06:00,2026-06-29T00:00:00-06:00,,1,,false,HISTORICAL_ACTUAL,,,VALID,CURRENT,coolit-synthetic-v2.0.0,ALL_SYNTHETIC_CUSTOMERS,ALL_SYNTHETIC_PROGRAMS,ALL_SYNTHETIC_PRODUCTS,SYNTHETIC_INTERNAL,SNP-COOLIT-20260925-BL,SCN-BASELINE,SHCAL-034-1,2026-H34,SHIFT-A,6,14,5,2400,0,NORMAL
TEN-COOLIT-SYN-001,SITE-COOLIT-SYN-01,REFERENCE,SHIFT_CALENDAR,SHCAL-034-2,SHCAL-034-2,RESOLVED,2026-09-25T23:59:59-06:00,2026-09-26T08:00:00-06:00,2026-06-29T00:00:00-06:00,,1,,false,HISTORICAL_ACTUAL,,,VALID,CURRENT,coolit-synthetic-v2.0.0,ALL_SYNTHETIC_CUSTOMERS,ALL_SYNTHETIC_PROGRAMS,ALL_SYNTHETIC_PRODUCTS,SYNTHETIC_INTERNAL,SNP-COOLIT-20260925-BL,SCN-BASELINE,SHCAL-034-2,2026-H34,SHIFT-B,14,22,5,2400,0,NORMAL
TEN-COOLIT-SYN-001,SITE-COOLIT-SYN-01,REFERENCE,SHIFT_CALENDAR,SHCAL-034-3,SHCAL-034-3,RESOLVED,2026-09-25T23:59:59-06:00,2026-09-26T08:00:00-06:00,2026-06-29T00:00:00-06:00,,1,,false,HISTORICAL_ACTUAL,,,VALID,CURRENT,coolit-synthetic-v2.0.0,ALL_SYNTHETIC_CUSTOMERS,ALL_SYNTHETIC_PROGRAMS,ALL_SYNTHETIC_PRODUCTS,SYNTHETIC_INTERNAL,SNP-COOLIT-20260925-BL,SCN-BASELINE,SHCAL-034-3,2026-H34,SHIFT-C,22,6,3,1440,0,NORMAL
TEN-COOLIT-SYN-001,SITE-COOLIT-SYN-01,REFERENCE,SHIFT_CALENDAR,SHCAL-035-1,SHCAL-035-1,RESOLVED,2026-09-25T23:59:59-06:00,2026-09-26T08:00:00-06:00,2026-06-29T00:00:00-06:00,,1,,false,HISTORICAL_ACTUAL,,,VALID,CURRENT,coolit-synthetic-v2.0.0,ALL_SYNTHETIC_CUSTOMERS,ALL_SYNTHETIC_PROGRAMS,ALL_SYNTHETIC_PRODUCTS,SYNTHETIC_INTERNAL,SNP-COOLIT-20260925-BL,SCN-BASELINE,SHCAL-035-1,2026-H35,SHIFT-A,6,14,5,2400,0,NORMAL
TEN-COOLIT-SYN-001,SITE-COOLIT-SYN-01,REFERENCE,SHIFT_CALENDAR,SHCAL-035-2,SHCAL-035-2,RESOLVED,2026-09-25T23:59:59-06:00,2026-09-26T08:00:00-06:00,2026-06-29T00:00:00-06:00,,1,,false,HISTORICAL_ACTUAL,,,VALID,CURRENT,coolit-synthetic-v2.0.0,ALL_SYNTHETIC_CUSTOMERS,ALL_SYNTHETIC_PROGRAMS,ALL_SYNTHETIC_PRODUCTS,SYNTHETIC_INTERNAL,SNP-COOLIT-20260925-BL,SCN-BASELINE,SHCAL-035-2,2026-H35,SHIFT-B,14,22,5,2400,0,NORMAL
TEN-COOLIT-SYN-001,SITE-COOLIT-SYN-01,REFERENCE,SHIFT_CALENDAR,SHCAL-035-3,SHCAL-035-3,RESOLVED,2026-09-25T23:59:59-06:00,2026-09-26T08:00:00-06:00,2026-06-29T00:00:00-06:00,,1,,false,HISTORICAL_ACTUAL,,,VALID,CURRENT,coolit-synthetic-v2.0.0,ALL_SYNTHETIC_CUSTOMERS,ALL_SYNTHETIC_PROGRAMS,ALL_SYNTHETIC_PRODUCTS,SYNTHETIC_INTERNAL,SNP-COOLIT-20260925-BL,SCN-BASELINE,SHCAL-035-3,2026-H35,SHIFT-C,22,6,3,1440,0,NORMAL
TEN-COOLIT-SYN-001,SITE-COOLIT-SYN-01,REFERENCE,SHIFT_CALENDAR,SHCAL-036-1,SHCAL-036-1,RESOLVED,2026-09-25T23:59:59-06:00,2026-09-26T08:00:00-06:00,2026-06-29T00:00:00-06:00,,1,,false,HISTORICAL_ACTUAL,,,VALID,CURRENT,coolit-synthetic-v2.0.0,ALL_SYNTHETIC_CUSTOMERS,ALL_SYNTHETIC_PROGRAMS,ALL_SYNTHETIC_PRODUCTS,SYNTHETIC_INTERNAL,SNP-COOLIT-20260925-BL,SCN-BASELINE,SHCAL-036-1,2026-H36,SHIFT-A,6,14,5,2400,0,NORMAL
TEN-COOLIT-SYN-001,SITE-COOLIT-SYN-01,REFERENCE,SHIFT_CALENDAR,SHCAL-036-2,SHCAL-036-2,RESOLVED,2026-09-25T23:59:59-06:00,2026-09-26T08:00:00-06:00,2026-06-29T00:00:00-06:00,,1,,false,HISTORICAL_ACTUAL,,,VALID,CURRENT,coolit-synthetic-v2.0.0,ALL_SYNTHETIC_CUSTOMERS,ALL_SYNTHETIC_PROGRAMS,ALL_SYNTHETIC_PRODUCTS,SYNTHETIC_INTERNAL,SNP-COOLIT-20260925-BL,SCN-BASELINE,SHCAL-036-2,2026-H36,SHIFT-B,14,22,5,2400,0,NORMAL
TEN-COOLIT-SYN-001,SITE-COOLIT-SYN-01,REFERENCE,SHIFT_CALENDAR,SHCAL-036-3,SHCAL-036-3,RESOLVED,2026-09-25T23:59:59-06:00,2026-09-26T08:00:00-06:00,2026-06-29T00:00:00-06:00,,1,,false,HISTORICAL_ACTUAL,,,VALID,CURRENT,coolit-synthetic-v2.0.0,ALL_SYNTHETIC_CUSTOMERS,ALL_SYNTHETIC_PROGRAMS,ALL_SYNTHETIC_PRODUCTS,SYNTHETIC_INTERNAL,SNP-COOLIT-20260925-BL,SCN-BASELINE,SHCAL-036-3,2026-H36,SHIFT-C,22,6,3,1440,0,NORMAL
TEN-COOLIT-SYN-001,SITE-COOLIT-SYN-01,REFERENCE,SHIFT_CALENDAR,SHCAL-037-1,SHCAL-037-1,RESOLVED,2026-09-25T23:59:59-06:00,2026-09-26T08:00:00-06:00,2026-06-29T00:00:00-06:00,,1,,false,HISTORICAL_ACTUAL,,,VALID,CURRENT,coolit-synthetic-v2.0.0,ALL_SYNTHETIC_CUSTOMERS,ALL_SYNTHETIC_PROGRAMS,ALL_SYNTHETIC_PRODUCTS,SYNTHETIC_INTERNAL,SNP-COOLIT-20260925-BL,SCN-BASELINE,SHCAL-037-1,2026-H37,SHIFT-A,6,14,5,2400,0,NORMAL
TEN-COOLIT-SYN-001,SITE-COOLIT-SYN-01,REFERENCE,SHIFT_CALENDAR,SHCAL-037-2,SHCAL-037-2,RESOLVED,2026-09-25T23:59:59-06:00,2026-09-26T08:00:00-06:00,2026-06-29T00:00:00-06:00,,1,,false,HISTORICAL_ACTUAL,,,VALID,CURRENT,coolit-synthetic-v2.0.0,ALL_SYNTHETIC_CUSTOMERS,ALL_SYNTHETIC_PROGRAMS,ALL_SYNTHETIC_PRODUCTS,SYNTHETIC_INTERNAL,SNP-COOLIT-20260925-BL,SCN-BASELINE,SHCAL-037-2,2026-H37,SHIFT-B,14,22,5,2400,0,NORMAL
TEN-COOLIT-SYN-001,SITE-COOLIT-SYN-01,REFERENCE,SHIFT_CALENDAR,SHCAL-037-3,SHCAL-037-3,RESOLVED,2026-09-25T23:59:59-06:00,2026-09-26T08:00:00-06:00,2026-06-29T00:00:00-06:00,,1,,false,HISTORICAL_ACTUAL,,,VALID,CURRENT,coolit-synthetic-v2.0.0,ALL_SYNTHETIC_CUSTOMERS,ALL_SYNTHETIC_PROGRAMS,ALL_SYNTHETIC_PRODUCTS,SYNTHETIC_INTERNAL,SNP-COOLIT-20260925-BL,SCN-BASELINE,SHCAL-037-3,2026-H37,SHIFT-C,22,6,3,1440,0,NORMAL
TEN-COOLIT-SYN-001,SITE-COOLIT-SYN-01,REFERENCE,SHIFT_CALENDAR,SHCAL-038-1,SHCAL-038-1,RESOLVED,2026-09-25T23:59:59-06:00,2026-09-26T08:00:00-06:00,2026-06-29T00:00:00-06:00,,1,,false,HISTORICAL_ACTUAL,,,VALID,CURRENT,coolit-synthetic-v2.0.0,ALL_SYNTHETIC_CUSTOMERS,ALL_SYNTHETIC_PROGRAMS,ALL_SYNTHETIC_PRODUCTS,SYNTHETIC_INTERNAL,SNP-COOLIT-20260925-BL,SCN-BASELINE,SHCAL-038-1,2026-H38,SHIFT-A,6,14,5,2400,0,NORMAL
TEN-COOLIT-SYN-001,SITE-COOLIT-SYN-01,REFERENCE,SHIFT_CALENDAR,SHCAL-038-2,SHCAL-038-2,RESOLVED,2026-09-25T23:59:59-06:00,2026-09-26T08:00:00-06:00,2026-06-29T00:00:00-06:00,,1,,false,HISTORICAL_ACTUAL,,,VALID,CURRENT,coolit-synthetic-v2.0.0,ALL_SYNTHETIC_CUSTOMERS,ALL_SYNTHETIC_PROGRAMS,ALL_SYNTHETIC_PRODUCTS,SYNTHETIC_INTERNAL,SNP-COOLIT-20260925-BL,SCN-BASELINE,SHCAL-038-2,2026-H38,SHIFT-B,14,22,5,2400,0,NORMAL
TEN-COOLIT-SYN-001,SITE-COOLIT-SYN-01,REFERENCE,SHIFT_CALENDAR,SHCAL-038-3,SHCAL-038-3,RESOLVED,2026-09-25T23:59:59-06:00,2026-09-26T08:00:00-06:00,2026-06-29T00:00:00-06:00,,1,,false,HISTORICAL_ACTUAL,,,VALID,CURRENT,coolit-synthetic-v2.0.0,ALL_SYNTHETIC_CUSTOMERS,ALL_SYNTHETIC_PROGRAMS,ALL_SYNTHETIC_PRODUCTS,SYNTHETIC_INTERNAL,SNP-COOLIT-20260925-BL,SCN-BASELINE,SHCAL-038-3,2026-H38,SHIFT-C,22,6,3,1440,0,NORMAL
TEN-COOLIT-SYN-001,SITE-COOLIT-SYN-01,REFERENCE,SHIFT_CALENDAR,SHCAL-039-1,SHCAL-039-1,RESOLVED,2026-09-25T23:59:59-06:00,2026-09-26T08:00:00-06:00,2026-06-29T00:00:00-06:00,,1,,false,HISTORICAL_ACTUAL,,,VALID,CURRENT,coolit-synthetic-v2.0.0,ALL_SYNTHETIC_CUSTOMERS,ALL_SYNTHETIC_PROGRAMS,ALL_SYNTHETIC_PRODUCTS,SYNTHETIC_INTERNAL,SNP-COOLIT-20260925-BL,SCN-BASELINE,SHCAL-039-1,2026-H39,SHIFT-A,6,14,5,2400,0,NORMAL
TEN-COOLIT-SYN-001,SITE-COOLIT-SYN-01,REFERENCE,SHIFT_CALENDAR,SHCAL-039-2,SHCAL-039-2,RESOLVED,2026-09-25T23:59:59-06:00,2026-09-26T08:00:00-06:00,2026-06-29T00:00:00-06:00,,1,,false,HISTORICAL_ACTUAL,,,VALID,CURRENT,coolit-synthetic-v2.0.0,ALL_SYNTHETIC_CUSTOMERS,ALL_SYNTHETIC_PROGRAMS,ALL_SYNTHETIC_PRODUCTS,SYNTHETIC_INTERNAL,SNP-COOLIT-20260925-BL,SCN-BASELINE,SHCAL-039-2,2026-H39,SHIFT-B,14,22,5,2400,0,NORMAL
TEN-COOLIT-SYN-001,SITE-COOLIT-SYN-01,REFERENCE,SHIFT_CALENDAR,SHCAL-039-3,SHCAL-039-3,RESOLVED,2026-09-25T23:59:59-06:00,2026-09-26T08:00:00-06:00,2026-06-29T00:00:00-06:00,,1,,false,HISTORICAL_ACTUAL,,,VALID,CURRENT,coolit-synthetic-v2.0.0,ALL_SYNTHETIC_CUSTOMERS,ALL_SYNTHETIC_PROGRAMS,ALL_SYNTHETIC_PRODUCTS,SYNTHETIC_INTERNAL,SNP-COOLIT-20260925-BL,SCN-BASELINE,SHCAL-039-3,2026-H39,SHIFT-C,22,6,3,1440,0,NORMAL
TEN-COOLIT-SYN-001,SITE-COOLIT-SYN-01,REFERENCE,SHIFT_CALENDAR,SHCAL-040-1,SHCAL-040-1,RESOLVED,2026-09-25T23:59:59-06:00,2026-09-26T08:00:00-06:00,2026-06-29T00:00:00-06:00,,1,,false,HISTORICAL_ACTUAL,,,VALID,CURRENT,coolit-synthetic-v2.0.0,ALL_SYNTHETIC_CUSTOMERS,ALL_SYNTHETIC_PROGRAMS,ALL_SYNTHETIC_PRODUCTS,SYNTHETIC_INTERNAL,SNP-COOLIT-20260925-BL,SCN-BASELINE,SHCAL-040-1,2026-H40,SHIFT-A,6,14,5,2400,0,NORMAL
TEN-COOLIT-SYN-001,SITE-COOLIT-SYN-01,REFERENCE,SHIFT_CALENDAR,SHCAL-040-2,SHCAL-040-2,RESOLVED,2026-09-25T23:59:59-06:00,2026-09-26T08:00:00-06:00,2026-06-29T00:00:00-06:00,,1,,false,HISTORICAL_ACTUAL,,,VALID,CURRENT,coolit-synthetic-v2.0.0,ALL_SYNTHETIC_CUSTOMERS,ALL_SYNTHETIC_PROGRAMS,ALL_SYNTHETIC_PRODUCTS,SYNTHETIC_INTERNAL,SNP-COOLIT-20260925-BL,SCN-BASELINE,SHCAL-040-2,2026-H40,SHIFT-B,14,22,5,2400,0,NORMAL
TEN-COOLIT-SYN-001,SITE-COOLIT-SYN-01,REFERENCE,SHIFT_CALENDAR,SHCAL-040-3,SHCAL-040-3,RESOLVED,2026-09-25T23:59:59-06:00,2026-09-26T08:00:00-06:00,2026-06-29T00:00:00-06:00,,1,,false,HISTORICAL_ACTUAL,,,VALID,CURRENT,coolit-synthetic-v2.0.0,ALL_SYNTHETIC_CUSTOMERS,ALL_SYNTHETIC_PROGRAMS,ALL_SYNTHETIC_PRODUCTS,SYNTHETIC_INTERNAL,SNP-COOLIT-20260925-BL,SCN-BASELINE,SHCAL-040-3,2026-H40,SHIFT-C,22,6,3,1440,0,NORMAL
TEN-COOLIT-SYN-001,SITE-COOLIT-SYN-01,REFERENCE,SHIFT_CALENDAR,SHCAL-041-1,SHCAL-041-1,RESOLVED,2026-09-25T23:59:59-06:00,2026-09-26T08:00:00-06:00,2026-06-29T00:00:00-06:00,,1,,false,HISTORICAL_ACTUAL,,,VALID,CURRENT,coolit-synthetic-v2.0.0,ALL_SYNTHETIC_CUSTOMERS,ALL_SYNTHETIC_PROGRAMS,ALL_SYNTHETIC_PRODUCTS,SYNTHETIC_INTERNAL,SNP-COOLIT-20260925-BL,SCN-BASELINE,SHCAL-041-1,2026-H41,SHIFT-A,6,14,5,2400,0,NORMAL
TEN-COOLIT-SYN-001,SITE-COOLIT-SYN-01,REFERENCE,SHIFT_CALENDAR,SHCAL-041-2,SHCAL-041-2,RESOLVED,2026-09-25T23:59:59-06:00,2026-09-26T08:00:00-06:00,2026-06-29T00:00:00-06:00,,1,,false,HISTORICAL_ACTUAL,,,VALID,CURRENT,coolit-synthetic-v2.0.0,ALL_SYNTHETIC_CUSTOMERS,ALL_SYNTHETIC_PROGRAMS,ALL_SYNTHETIC_PRODUCTS,SYNTHETIC_INTERNAL,SNP-COOLIT-20260925-BL,SCN-BASELINE,SHCAL-041-2,2026-H41,SHIFT-B,14,22,5,2400,0,NORMAL
TEN-COOLIT-SYN-001,SITE-COOLIT-SYN-01,REFERENCE,SHIFT_CALENDAR,SHCAL-041-3,SHCAL-041-3,RESOLVED,2026-09-25T23:59:59-06:00,2026-09-26T08:00:00-06:00,2026-06-29T00:00:00-06:00,,1,,false,HISTORICAL_ACTUAL,,,VALID,CURRENT,coolit-synthetic-v2.0.0,ALL_SYNTHETIC_CUSTOMERS,ALL_SYNTHETIC_PROGRAMS,ALL_SYNTHETIC_PRODUCTS,SYNTHETIC_INTERNAL,SNP-COOLIT-20260925-BL,SCN-BASELINE,SHCAL-041-3,2026-H41,SHIFT-C,22,6,3,1440,0,NORMAL
TEN-COOLIT-SYN-001,SITE-COOLIT-SYN-01,REFERENCE,SHIFT_CALENDAR,SHCAL-042-1,SHCAL-042-1,RESOLVED,2026-09-25T23:59:59-06:00,2026-09-26T08:00:00-06:00,2026-06-29T00:00:00-06:00,,1,,false,HISTORICAL_ACTUAL,,,VALID,CURRENT,coolit-synthetic-v2.0.0,ALL_SYNTHETIC_CUSTOMERS,ALL_SYNTHETIC_PROGRAMS,ALL_SYNTHETIC_PRODUCTS,SYNTHETIC_INTERNAL,SNP-COOLIT-20260925-BL,SCN-BASELINE,SHCAL-042-1,2026-H42,SHIFT-A,6,14,5,2400,0,NORMAL
TEN-COOLIT-SYN-001,SITE-COOLIT-SYN-01,REFERENCE,SHIFT_CALENDAR,SHCAL-042-2,SHCAL-042-2,RESOLVED,2026-09-25T23:59:59-06:00,2026-09-26T08:00:00-06:00,2026-06-29T00:00:00-06:00,,1,,false,HISTORICAL_ACTUAL,,,VALID,CURRENT,coolit-synthetic-v2.0.0,ALL_SYNTHETIC_CUSTOMERS,ALL_SYNTHETIC_PROGRAMS,ALL_SYNTHETIC_PRODUCTS,SYNTHETIC_INTERNAL,SNP-COOLIT-20260925-BL,SCN-BASELINE,SHCAL-042-2,2026-H42,SHIFT-B,14,22,5,2400,0,NORMAL
TEN-COOLIT-SYN-001,SITE-COOLIT-SYN-01,REFERENCE,SHIFT_CALENDAR,SHCAL-042-3,SHCAL-042-3,RESOLVED,2026-09-25T23:59:59-06:00,2026-09-26T08:00:00-06:00,2026-06-29T00:00:00-06:00,,1,,false,HISTORICAL_ACTUAL,,,VALID,CURRENT,coolit-synthetic-v2.0.0,ALL_SYNTHETIC_CUSTOMERS,ALL_SYNTHETIC_PROGRAMS,ALL_SYNTHETIC_PRODUCTS,SYNTHETIC_INTERNAL,SNP-COOLIT-20260925-BL,SCN-BASELINE,SHCAL-042-3,2026-H42,SHIFT-C,22,6,3,1440,0,NORMAL
TEN-COOLIT-SYN-001,SITE-COOLIT-SYN-01,REFERENCE,SHIFT_CALENDAR,SHCAL-043-1,SHCAL-043-1,RESOLVED,2026-09-25T23:59:59-06:00,2026-09-26T08:00:00-06:00,2026-06-29T00:00:00-06:00,,1,,false,HISTORICAL_ACTUAL,,,VALID,CURRENT,coolit-synthetic-v2.0.0,ALL_SYNTHETIC_CUSTOMERS,ALL_SYNTHETIC_PROGRAMS,ALL_SYNTHETIC_PRODUCTS,SYNTHETIC_INTERNAL,SNP-COOLIT-20260925-BL,SCN-BASELINE,SHCAL-043-1,2026-H43,SHIFT-A,6,14,5,2400,0,NORMAL
TEN-COOLIT-SYN-001,SITE-COOLIT-SYN-01,REFERENCE,SHIFT_CALENDAR,SHCAL-043-2,SHCAL-043-2,RESOLVED,2026-09-25T23:59:59-06:00,2026-09-26T08:00:00-06:00,2026-06-29T00:00:00-06:00,,1,,false,HISTORICAL_ACTUAL,,,VALID,CURRENT,coolit-synthetic-v2.0.0,ALL_SYNTHETIC_CUSTOMERS,ALL_SYNTHETIC_PROGRAMS,ALL_SYNTHETIC_PRODUCTS,SYNTHETIC_INTERNAL,SNP-COOLIT-20260925-BL,SCN-BASELINE,SHCAL-043-2,2026-H43,SHIFT-B,14,22,5,2400,0,NORMAL
TEN-COOLIT-SYN-001,SITE-COOLIT-SYN-01,REFERENCE,SHIFT_CALENDAR,SHCAL-043-3,SHCAL-043-3,RESOLVED,2026-09-25T23:59:59-06:00,2026-09-26T08:00:00-06:00,2026-06-29T00:00:00-06:00,,1,,false,HISTORICAL_ACTUAL,,,VALID,CURRENT,coolit-synthetic-v2.0.0,ALL_SYNTHETIC_CUSTOMERS,ALL_SYNTHETIC_PROGRAMS,ALL_SYNTHETIC_PRODUCTS,SYNTHETIC_INTERNAL,SNP-COOLIT-20260925-BL,SCN-BASELINE,SHCAL-043-3,2026-H43,SHIFT-C,22,6,3,1440,0,NORMAL
TEN-COOLIT-SYN-001,SITE-COOLIT-SYN-01,REFERENCE,SHIFT_CALENDAR,SHCAL-044-1,SHCAL-044-1,RESOLVED,2026-09-25T23:59:59-06:00,2026-09-26T08:00:00-06:00,2026-06-29T00:00:00-06:00,,1,,false,HISTORICAL_ACTUAL,,,VALID,CURRENT,coolit-synthetic-v2.0.0,ALL_SYNTHETIC_CUSTOMERS,ALL_SYNTHETIC_PROGRAMS,ALL_SYNTHETIC_PRODUCTS,SYNTHETIC_INTERNAL,SNP-COOLIT-20260925-BL,SCN-BASELINE,SHCAL-044-1,2026-H44,SHIFT-A,6,14,5,2400,0,NORMAL
TEN-COOLIT-SYN-001,SITE-COOLIT-SYN-01,REFERENCE,SHIFT_CALENDAR,SHCAL-044-2,SHCAL-044-2,RESOLVED,2026-09-25T23:59:59-06:00,2026-09-26T08:00:00-06:00,2026-06-29T00:00:00-06:00,,1,,false,HISTORICAL_ACTUAL,,,VALID,CURRENT,coolit-synthetic-v2.0.0,ALL_SYNTHETIC_CUSTOMERS,ALL_SYNTHETIC_PROGRAMS,ALL_SYNTHETIC_PRODUCTS,SYNTHETIC_INTERNAL,SNP-COOLIT-20260925-BL,SCN-BASELINE,SHCAL-044-2,2026-H44,SHIFT-B,14,22,5,2400,0,NORMAL
TEN-COOLIT-SYN-001,SITE-COOLIT-SYN-01,REFERENCE,SHIFT_CALENDAR,SHCAL-044-3,SHCAL-044-3,RESOLVED,2026-09-25T23:59:59-06:00,2026-09-26T08:00:00-06:00,2026-06-29T00:00:00-06:00,,1,,false,HISTORICAL_ACTUAL,,,VALID,CURRENT,coolit-synthetic-v2.0.0,ALL_SYNTHETIC_CUSTOMERS,ALL_SYNTHETIC_PROGRAMS,ALL_SYNTHETIC_PRODUCTS,SYNTHETIC_INTERNAL,SNP-COOLIT-20260925-BL,SCN-BASELINE,SHCAL-044-3,2026-H44,SHIFT-C,22,6,3,1440,0,NORMAL
TEN-COOLIT-SYN-001,SITE-COOLIT-SYN-01,REFERENCE,SHIFT_CALENDAR,SHCAL-045-1,SHCAL-045-1,RESOLVED,2026-09-25T23:59:59-06:00,2026-09-26T08:00:00-06:00,2026-06-29T00:00:00-06:00,,1,,false,HISTORICAL_ACTUAL,,,VALID,CURRENT,coolit-synthetic-v2.0.0,ALL_SYNTHETIC_CUSTOMERS,ALL_SYNTHETIC_PROGRAMS,ALL_SYNTHETIC_PRODUCTS,SYNTHETIC_INTERNAL,SNP-COOLIT-20260925-BL,SCN-BASELINE,SHCAL-045-1,2026-H45,SHIFT-A,6,14,5,2400,0,NORMAL
TEN-COOLIT-SYN-001,SITE-COOLIT-SYN-01,REFERENCE,SHIFT_CALENDAR,SHCAL-045-2,SHCAL-045-2,RESOLVED,2026-09-25T23:59:59-06:00,2026-09-26T08:00:00-06:00,2026-06-29T00:00:00-06:00,,1,,false,HISTORICAL_ACTUAL,,,VALID,CURRENT,coolit-synthetic-v2.0.0,ALL_SYNTHETIC_CUSTOMERS,ALL_SYNTHETIC_PROGRAMS,ALL_SYNTHETIC_PRODUCTS,SYNTHETIC_INTERNAL,SNP-COOLIT-20260925-BL,SCN-BASELINE,SHCAL-045-2,2026-H45,SHIFT-B,14,22,5,2400,0,NORMAL
TEN-COOLIT-SYN-001,SITE-COOLIT-SYN-01,REFERENCE,SHIFT_CALENDAR,SHCAL-045-3,SHCAL-045-3,RESOLVED,2026-09-25T23:59:59-06:00,2026-09-26T08:00:00-06:00,2026-06-29T00:00:00-06:00,,1,,false,HISTORICAL_ACTUAL,,,VALID,CURRENT,coolit-synthetic-v2.0.0,ALL_SYNTHETIC_CUSTOMERS,ALL_SYNTHETIC_PROGRAMS,ALL_SYNTHETIC_PRODUCTS,SYNTHETIC_INTERNAL,SNP-COOLIT-20260925-BL,SCN-BASELINE,SHCAL-045-3,2026-H45,SHIFT-C,22,6,3,1440,0,NORMAL
TEN-COOLIT-SYN-001,SITE-COOLIT-SYN-01,REFERENCE,SHIFT_CALENDAR,SHCAL-046-1,SHCAL-046-1,RESOLVED,2026-09-25T23:59:59-06:00,2026-09-26T08:00:00-06:00,2026-06-29T00:00:00-06:00,,1,,false,HISTORICAL_ACTUAL,,,VALID,CURRENT,coolit-synthetic-v2.0.0,ALL_SYNTHETIC_CUSTOMERS,ALL_SYNTHETIC_PROGRAMS,ALL_SYNTHETIC_PRODUCTS,SYNTHETIC_INTERNAL,SNP-COOLIT-20260925-BL,SCN-BASELINE,SHCAL-046-1,2026-H46,SHIFT-A,6,14,5,2400,0,NORMAL
TEN-COOLIT-SYN-001,SITE-COOLIT-SYN-01,REFERENCE,SHIFT_CALENDAR,SHCAL-046-2,SHCAL-046-2,RESOLVED,2026-09-25T23:59:59-06:00,2026-09-26T08:00:00-06:00,2026-06-29T00:00:00-06:00,,1,,false,HISTORICAL_ACTUAL,,,VALID,CURRENT,coolit-synthetic-v2.0.0,ALL_SYNTHETIC_CUSTOMERS,ALL_SYNTHETIC_PROGRAMS,ALL_SYNTHETIC_PRODUCTS,SYNTHETIC_INTERNAL,SNP-COOLIT-20260925-BL,SCN-BASELINE,SHCAL-046-2,2026-H46,SHIFT-B,14,22,5,2400,0,NORMAL
TEN-COOLIT-SYN-001,SITE-COOLIT-SYN-01,REFERENCE,SHIFT_CALENDAR,SHCAL-046-3,SHCAL-046-3,RESOLVED,2026-09-25T23:59:59-06:00,2026-09-26T08:00:00-06:00,2026-06-29T00:00:00-06:00,,1,,false,HISTORICAL_ACTUAL,,,VALID,CURRENT,coolit-synthetic-v2.0.0,ALL_SYNTHETIC_CUSTOMERS,ALL_SYNTHETIC_PROGRAMS,ALL_SYNTHETIC_PRODUCTS,SYNTHETIC_INTERNAL,SNP-COOLIT-20260925-BL,SCN-BASELINE,SHCAL-046-3,2026-H46,SHIFT-C,22,6,3,1440,0,NORMAL
TEN-COOLIT-SYN-001,SITE-COOLIT-SYN-01,REFERENCE,SHIFT_CALENDAR,SHCAL-047-1,SHCAL-047-1,RESOLVED,2026-09-25T23:59:59-06:00,2026-09-26T08:00:00-06:00,2026-06-29T00:00:00-06:00,,1,,false,HISTORICAL_ACTUAL,,,VALID,CURRENT,coolit-synthetic-v2.0.0,ALL_SYNTHETIC_CUSTOMERS,ALL_SYNTHETIC_PROGRAMS,ALL_SYNTHETIC_PRODUCTS,SYNTHETIC_INTERNAL,SNP-COOLIT-20260925-BL,SCN-BASELINE,SHCAL-047-1,2026-H47,SHIFT-A,6,14,5,2400,0,NORMAL
TEN-COOLIT-SYN-001,SITE-COOLIT-SYN-01,REFERENCE,SHIFT_CALENDAR,SHCAL-047-2,SHCAL-047-2,RESOLVED,2026-09-25T23:59:59-06:00,2026-09-26T08:00:00-06:00,2026-06-29T00:00:00-06:00,,1,,false,HISTORICAL_ACTUAL,,,VALID,CURRENT,coolit-synthetic-v2.0.0,ALL_SYNTHETIC_CUSTOMERS,ALL_SYNTHETIC_PROGRAMS,ALL_SYNTHETIC_PRODUCTS,SYNTHETIC_INTERNAL,SNP-COOLIT-20260925-BL,SCN-BASELINE,SHCAL-047-2,2026-H47,SHIFT-B,14,22,5,2400,0,NORMAL
TEN-COOLIT-SYN-001,SITE-COOLIT-SYN-01,REFERENCE,SHIFT_CALENDAR,SHCAL-047-3,SHCAL-047-3,RESOLVED,2026-09-25T23:59:59-06:00,2026-09-26T08:00:00-06:00,2026-06-29T00:00:00-06:00,,1,,false,HISTORICAL_ACTUAL,,,VALID,CURRENT,coolit-synthetic-v2.0.0,ALL_SYNTHETIC_CUSTOMERS,ALL_SYNTHETIC_PROGRAMS,ALL_SYNTHETIC_PRODUCTS,SYNTHETIC_INTERNAL,SNP-COOLIT-20260925-BL,SCN-BASELINE,SHCAL-047-3,2026-H47,SHIFT-C,22,6,3,1440,0,NORMAL
TEN-COOLIT-SYN-001,SITE-COOLIT-SYN-01,REFERENCE,SHIFT_CALENDAR,SHCAL-048-1,SHCAL-048-1,RESOLVED,2026-09-25T23:59:59-06:00,2026-09-26T08:00:00-06:00,2026-06-29T00:00:00-06:00,,1,,false,HISTORICAL_ACTUAL,,,VALID,CURRENT,coolit-synthetic-v2.0.0,ALL_SYNTHETIC_CUSTOMERS,ALL_SYNTHETIC_PROGRAMS,ALL_SYNTHETIC_PRODUCTS,SYNTHETIC_INTERNAL,SNP-COOLIT-20260925-BL,SCN-BASELINE,SHCAL-048-1,2026-H48,SHIFT-A,6,14,5,2400,0,NORMAL
TEN-COOLIT-SYN-001,SITE-COOLIT-SYN-01,REFERENCE,SHIFT_CALENDAR,SHCAL-048-2,SHCAL-048-2,RESOLVED,2026-09-25T23:59:59-06:00,2026-09-26T08:00:00-06:00,2026-06-29T00:00:00-06:00,,1,,false,HISTORICAL_ACTUAL,,,VALID,CURRENT,coolit-synthetic-v2.0.0,ALL_SYNTHETIC_CUSTOMERS,ALL_SYNTHETIC_PROGRAMS,ALL_SYNTHETIC_PRODUCTS,SYNTHETIC_INTERNAL,SNP-COOLIT-20260925-BL,SCN-BASELINE,SHCAL-048-2,2026-H48,SHIFT-B,14,22,5,2400,0,NORMAL
TEN-COOLIT-SYN-001,SITE-COOLIT-SYN-01,REFERENCE,SHIFT_CALENDAR,SHCAL-048-3,SHCAL-048-3,RESOLVED,2026-09-25T23:59:59-06:00,2026-09-26T08:00:00-06:00,2026-06-29T00:00:00-06:00,,1,,false,HISTORICAL_ACTUAL,,,VALID,CURRENT,coolit-synthetic-v2.0.0,ALL_SYNTHETIC_CUSTOMERS,ALL_SYNTHETIC_PROGRAMS,ALL_SYNTHETIC_PRODUCTS,SYNTHETIC_INTERNAL,SNP-COOLIT-20260925-BL,SCN-BASELINE,SHCAL-048-3,2026-H48,SHIFT-C,22,6,3,1440,0,NORMAL
TEN-COOLIT-SYN-001,SITE-COOLIT-SYN-01,REFERENCE,SHIFT_CALENDAR,SHCAL-049-1,SHCAL-049-1,RESOLVED,2026-09-25T23:59:59-06:00,2026-09-26T08:00:00-06:00,2026-06-29T00:00:00-06:00,,1,,false,HISTORICAL_ACTUAL,,,VALID,CURRENT,coolit-synthetic-v2.0.0,ALL_SYNTHETIC_CUSTOMERS,ALL_SYNTHETIC_PROGRAMS,ALL_SYNTHETIC_PRODUCTS,SYNTHETIC_INTERNAL,SNP-COOLIT-20260925-BL,SCN-BASELINE,SHCAL-049-1,2026-H49,SHIFT-A,6,14,5,2400,0,NORMAL
TEN-COOLIT-SYN-001,SITE-COOLIT-SYN-01,REFERENCE,SHIFT_CALENDAR,SHCAL-049-2,SHCAL-049-2,RESOLVED,2026-09-25T23:59:59-06:00,2026-09-26T08:00:00-06:00,2026-06-29T00:00:00-06:00,,1,,false,HISTORICAL_ACTUAL,,,VALID,CURRENT,coolit-synthetic-v2.0.0,ALL_SYNTHETIC_CUSTOMERS,ALL_SYNTHETIC_PROGRAMS,ALL_SYNTHETIC_PRODUCTS,SYNTHETIC_INTERNAL,SNP-COOLIT-20260925-BL,SCN-BASELINE,SHCAL-049-2,2026-H49,SHIFT-B,14,22,5,2400,0,NORMAL
TEN-COOLIT-SYN-001,SITE-COOLIT-SYN-01,REFERENCE,SHIFT_CALENDAR,SHCAL-049-3,SHCAL-049-3,RESOLVED,2026-09-25T23:59:59-06:00,2026-09-26T08:00:00-06:00,2026-06-29T00:00:00-06:00,,1,,false,HISTORICAL_ACTUAL,,,VALID,CURRENT,coolit-synthetic-v2.0.0,ALL_SYNTHETIC_CUSTOMERS,ALL_SYNTHETIC_PROGRAMS,ALL_SYNTHETIC_PRODUCTS,SYNTHETIC_INTERNAL,SNP-COOLIT-20260925-BL,SCN-BASELINE,SHCAL-049-3,2026-H49,SHIFT-C,22,6,3,1440,0,NORMAL
TEN-COOLIT-SYN-001,SITE-COOLIT-SYN-01,REFERENCE,SHIFT_CALENDAR,SHCAL-050-1,SHCAL-050-1,RESOLVED,2026-09-25T23:59:59-06:00,2026-09-26T08:00:00-06:00,2026-06-29T00:00:00-06:00,,1,,false,HISTORICAL_ACTUAL,,,VALID,CURRENT,coolit-synthetic-v2.0.0,ALL_SYNTHETIC_CUSTOMERS,ALL_SYNTHETIC_PROGRAMS,ALL_SYNTHETIC_PRODUCTS,SYNTHETIC_INTERNAL,SNP-COOLIT-20260925-BL,SCN-BASELINE,SHCAL-050-1,2026-H50,SHIFT-A,6,14,5,2400,0,NORMAL
TEN-COOLIT-SYN-001,SITE-COOLIT-SYN-01,REFERENCE,SHIFT_CALENDAR,SHCAL-050-2,SHCAL-050-2,RESOLVED,2026-09-25T23:59:59-06:00,2026-09-26T08:00:00-06:00,2026-06-29T00:00:00-06:00,,1,,false,HISTORICAL_ACTUAL,,,VALID,CURRENT,coolit-synthetic-v2.0.0,ALL_SYNTHETIC_CUSTOMERS,ALL_SYNTHETIC_PROGRAMS,ALL_SYNTHETIC_PRODUCTS,SYNTHETIC_INTERNAL,SNP-COOLIT-20260925-BL,SCN-BASELINE,SHCAL-050-2,2026-H50,SHIFT-B,14,22,5,2400,0,NORMAL
TEN-COOLIT-SYN-001,SITE-COOLIT-SYN-01,REFERENCE,SHIFT_CALENDAR,SHCAL-050-3,SHCAL-050-3,RESOLVED,2026-09-25T23:59:59-06:00,2026-09-26T08:00:00-06:00,2026-06-29T00:00:00-06:00,,1,,false,HISTORICAL_ACTUAL,,,VALID,CURRENT,coolit-synthetic-v2.0.0,ALL_SYNTHETIC_CUSTOMERS,ALL_SYNTHETIC_PROGRAMS,ALL_SYNTHETIC_PRODUCTS,SYNTHETIC_INTERNAL,SNP-COOLIT-20260925-BL,SCN-BASELINE,SHCAL-050-3,2026-H50,SHIFT-C,22,6,3,1440,0,NORMAL
TEN-COOLIT-SYN-001,SITE-COOLIT-SYN-01,REFERENCE,SHIFT_CALENDAR,SHCAL-051-1,SHCAL-051-1,RESOLVED,2026-09-25T23:59:59-06:00,2026-09-26T08:00:00-06:00,2026-06-29T00:00:00-06:00,,1,,false,HISTORICAL_ACTUAL,,,VALID,CURRENT,coolit-synthetic-v2.0.0,ALL_SYNTHETIC_CUSTOMERS,ALL_SYNTHETIC_PROGRAMS,ALL_SYNTHETIC_PRODUCTS,SYNTHETIC_INTERNAL,SNP-COOLIT-20260925-BL,SCN-BASELINE,SHCAL-051-1,2026-H51,SHIFT-A,6,14,5,2400,0,NORMAL
TEN-COOLIT-SYN-001,SITE-COOLIT-SYN-01,REFERENCE,SHIFT_CALENDAR,SHCAL-051-2,SHCAL-051-2,RESOLVED,2026-09-25T23:59:59-06:00,2026-09-26T08:00:00-06:00,2026-06-29T00:00:00-06:00,,1,,false,HISTORICAL_ACTUAL,,,VALID,CURRENT,coolit-synthetic-v2.0.0,ALL_SYNTHETIC_CUSTOMERS,ALL_SYNTHETIC_PROGRAMS,ALL_SYNTHETIC_PRODUCTS,SYNTHETIC_INTERNAL,SNP-COOLIT-20260925-BL,SCN-BASELINE,SHCAL-051-2,2026-H51,SHIFT-B,14,22,5,2400,0,NORMAL
TEN-COOLIT-SYN-001,SITE-COOLIT-SYN-01,REFERENCE,SHIFT_CALENDAR,SHCAL-051-3,SHCAL-051-3,RESOLVED,2026-09-25T23:59:59-06:00,2026-09-26T08:00:00-06:00,2026-06-29T00:00:00-06:00,,1,,false,HISTORICAL_ACTUAL,,,VALID,CURRENT,coolit-synthetic-v2.0.0,ALL_SYNTHETIC_CUSTOMERS,ALL_SYNTHETIC_PROGRAMS,ALL_SYNTHETIC_PRODUCTS,SYNTHETIC_INTERNAL,SNP-COOLIT-20260925-BL,SCN-BASELINE,SHCAL-051-3,2026-H51,SHIFT-C,22,6,3,1440,0,NORMAL
TEN-COOLIT-SYN-001,SITE-COOLIT-SYN-01,REFERENCE,SHIFT_CALENDAR,SHCAL-052-1,SHCAL-052-1,RESOLVED,2026-09-25T23:59:59-06:00,2026-09-26T08:00:00-06:00,2026-06-29T00:00:00-06:00,,1,,false,HISTORICAL_ACTUAL,,,VALID,CURRENT,coolit-synthetic-v2.0.0,ALL_SYNTHETIC_CUSTOMERS,ALL_SYNTHETIC_PROGRAMS,ALL_SYNTHETIC_PRODUCTS,SYNTHETIC_INTERNAL,SNP-COOLIT-20260925-BL,SCN-BASELINE,SHCAL-052-1,2026-H52,SHIFT-A,6,14,5,2400,0,NORMAL
TEN-COOLIT-SYN-001,SITE-COOLIT-SYN-01,REFERENCE,SHIFT_CALENDAR,SHCAL-052-2,SHCAL-052-2,RESOLVED,2026-09-25T23:59:59-06:00,2026-09-26T08:00:00-06:00,2026-06-29T00:00:00-06:00,,1,,false,HISTORICAL_ACTUAL,,,VALID,CURRENT,coolit-synthetic-v2.0.0,ALL_SYNTHETIC_CUSTOMERS,ALL_SYNTHETIC_PROGRAMS,ALL_SYNTHETIC_PRODUCTS,SYNTHETIC_INTERNAL,SNP-COOLIT-20260925-BL,SCN-BASELINE,SHCAL-052-2,2026-H52,SHIFT-B,14,22,5,2400,0,NORMAL
TEN-COOLIT-SYN-001,SITE-COOLIT-SYN-01,REFERENCE,SHIFT_CALENDAR,SHCAL-052-3,SHCAL-052-3,RESOLVED,2026-09-25T23:59:59-06:00,2026-09-26T08:00:00-06:00,2026-06-29T00:00:00-06:00,,1,,false,HISTORICAL_ACTUAL,,,VALID,CURRENT,coolit-synthetic-v2.0.0,ALL_SYNTHETIC_CUSTOMERS,ALL_SYNTHETIC_PROGRAMS,ALL_SYNTHETIC_PRODUCTS,SYNTHETIC_INTERNAL,SNP-COOLIT-20260925-BL,SCN-BASELINE,SHCAL-052-3,2026-H52,SHIFT-C,22,6,3,1440,0,NORMAL
TEN-COOLIT-SYN-001,SITE-COOLIT-SYN-01,REFERENCE,SHIFT_CALENDAR,SHCAL-053-1,SHCAL-053-1,RESOLVED,2026-09-25T23:59:59-06:00,2026-09-26T08:00:00-06:00,2026-06-29T00:00:00-06:00,,1,,false,HISTORICAL_ACTUAL,,,VALID,CURRENT,coolit-synthetic-v2.0.0,ALL_SYNTHETIC_CUSTOMERS,ALL_SYNTHETIC_PROGRAMS,ALL_SYNTHETIC_PRODUCTS,SYNTHETIC_INTERNAL,SNP-COOLIT-20260925-BL,SCN-BASELINE,SHCAL-053-1,2026-H53,SHIFT-A,6,14,5,2400,0,NORMAL
TEN-COOLIT-SYN-001,SITE-COOLIT-SYN-01,REFERENCE,SHIFT_CALENDAR,SHCAL-053-2,SHCAL-053-2,RESOLVED,2026-09-25T23:59:59-06:00,2026-09-26T08:00:00-06:00,2026-06-29T00:00:00-06:00,,1,,false,HISTORICAL_ACTUAL,,,VALID,CURRENT,coolit-synthetic-v2.0.0,ALL_SYNTHETIC_CUSTOMERS,ALL_SYNTHETIC_PROGRAMS,ALL_SYNTHETIC_PRODUCTS,SYNTHETIC_INTERNAL,SNP-COOLIT-20260925-BL,SCN-BASELINE,SHCAL-053-2,2026-H53,SHIFT-B,14,22,5,2400,0,NORMAL
TEN-COOLIT-SYN-001,SITE-COOLIT-SYN-01,REFERENCE,SHIFT_CALENDAR,SHCAL-053-3,SHCAL-053-3,RESOLVED,2026-09-25T23:59:59-06:00,2026-09-26T08:00:00-06:00,2026-06-29T00:00:00-06:00,,1,,false,HISTORICAL_ACTUAL,,,VALID,CURRENT,coolit-synthetic-v2.0.0,ALL_SYNTHETIC_CUSTOMERS,ALL_SYNTHETIC_PROGRAMS,ALL_SYNTHETIC_PRODUCTS,SYNTHETIC_INTERNAL,SNP-COOLIT-20260925-BL,SCN-BASELINE,SHCAL-053-3,2026-H53,SHIFT-C,22,6,3,1440,0,NORMAL
TEN-COOLIT-SYN-001,SITE-COOLIT-SYN-01,REFERENCE,SHIFT_CALENDAR,SHCAL-054-1,SHCAL-054-1,RESOLVED,2026-09-25T23:59:59-06:00,2026-09-26T08:00:00-06:00,2026-06-29T00:00:00-06:00,,1,,false,HISTORICAL_ACTUAL,,,VALID,CURRENT,coolit-synthetic-v2.0.0,ALL_SYNTHETIC_CUSTOMERS,ALL_SYNTHETIC_PROGRAMS,ALL_SYNTHETIC_PRODUCTS,SYNTHETIC_INTERNAL,SNP-COOLIT-20260925-BL,SCN-BASELINE,SHCAL-054-1,2026-H54,SHIFT-A,6,14,5,2400,0,NORMAL
TEN-COOLIT-SYN-001,SITE-COOLIT-SYN-01,REFERENCE,SHIFT_CALENDAR,SHCAL-054-2,SHCAL-054-2,RESOLVED,2026-09-25T23:59:59-06:00,2026-09-26T08:00:00-06:00,2026-06-29T00:00:00-06:00,,1,,false,HISTORICAL_ACTUAL,,,VALID,CURRENT,coolit-synthetic-v2.0.0,ALL_SYNTHETIC_CUSTOMERS,ALL_SYNTHETIC_PROGRAMS,ALL_SYNTHETIC_PRODUCTS,SYNTHETIC_INTERNAL,SNP-COOLIT-20260925-BL,SCN-BASELINE,SHCAL-054-2,2026-H54,SHIFT-B,14,22,5,2400,0,NORMAL
TEN-COOLIT-SYN-001,SITE-COOLIT-SYN-01,REFERENCE,SHIFT_CALENDAR,SHCAL-054-3,SHCAL-054-3,RESOLVED,2026-09-25T23:59:59-06:00,2026-09-26T08:00:00-06:00,2026-06-29T00:00:00-06:00,,1,,false,HISTORICAL_ACTUAL,,,VALID,CURRENT,coolit-synthetic-v2.0.0,ALL_SYNTHETIC_CUSTOMERS,ALL_SYNTHETIC_PROGRAMS,ALL_SYNTHETIC_PRODUCTS,SYNTHETIC_INTERNAL,SNP-COOLIT-20260925-BL,SCN-BASELINE,SHCAL-054-3,2026-H54,SHIFT-C,22,6,3,1440,0,NORMAL
TEN-COOLIT-SYN-001,SITE-COOLIT-SYN-01,REFERENCE,SHIFT_CALENDAR,SHCAL-055-1,SHCAL-055-1,RESOLVED,2026-09-25T23:59:59-06:00,2026-09-26T08:00:00-06:00,2026-06-29T00:00:00-06:00,,1,,false,HISTORICAL_ACTUAL,,,VALID,CURRENT,coolit-synthetic-v2.0.0,ALL_SYNTHETIC_CUSTOMERS,ALL_SYNTHETIC_PROGRAMS,ALL_SYNTHETIC_PRODUCTS,SYNTHETIC_INTERNAL,SNP-COOLIT-20260925-BL,SCN-BASELINE,SHCAL-055-1,2026-H55,SHIFT-A,6,14,5,2400,0,NORMAL
TEN-COOLIT-SYN-001,SITE-COOLIT-SYN-01,REFERENCE,SHIFT_CALENDAR,SHCAL-055-2,SHCAL-055-2,RESOLVED,2026-09-25T23:59:59-06:00,2026-09-26T08:00:00-06:00,2026-06-29T00:00:00-06:00,,1,,false,HISTORICAL_ACTUAL,,,VALID,CURRENT,coolit-synthetic-v2.0.0,ALL_SYNTHETIC_CUSTOMERS,ALL_SYNTHETIC_PROGRAMS,ALL_SYNTHETIC_PRODUCTS,SYNTHETIC_INTERNAL,SNP-COOLIT-20260925-BL,SCN-BASELINE,SHCAL-055-2,2026-H55,SHIFT-B,14,22,5,2400,0,NORMAL
TEN-COOLIT-SYN-001,SITE-COOLIT-SYN-01,REFERENCE,SHIFT_CALENDAR,SHCAL-055-3,SHCAL-055-3,RESOLVED,2026-09-25T23:59:59-06:00,2026-09-26T08:00:00-06:00,2026-06-29T00:00:00-06:00,,1,,false,HISTORICAL_ACTUAL,,,VALID,CURRENT,coolit-synthetic-v2.0.0,ALL_SYNTHETIC_CUSTOMERS,ALL_SYNTHETIC_PROGRAMS,ALL_SYNTHETIC_PRODUCTS,SYNTHETIC_INTERNAL,SNP-COOLIT-20260925-BL,SCN-BASELINE,SHCAL-055-3,2026-H55,SHIFT-C,22,6,3,1440,0,NORMAL
TEN-COOLIT-SYN-001,SITE-COOLIT-SYN-01,REFERENCE,SHIFT_CALENDAR,SHCAL-056-1,SHCAL-056-1,RESOLVED,2026-09-25T23:59:59-06:00,2026-09-26T08:00:00-06:00,2026-06-29T00:00:00-06:00,,1,,false,HISTORICAL_ACTUAL,,,VALID,CURRENT,coolit-synthetic-v2.0.0,ALL_SYNTHETIC_CUSTOMERS,ALL_SYNTHETIC_PROGRAMS,ALL_SYNTHETIC_PRODUCTS,SYNTHETIC_INTERNAL,SNP-COOLIT-20260925-BL,SCN-BASELINE,SHCAL-056-1,2026-H56,SHIFT-A,6,14,5,2400,0,NORMAL
TEN-COOLIT-SYN-001,SITE-COOLIT-SYN-01,REFERENCE,SHIFT_CALENDAR,SHCAL-056-2,SHCAL-056-2,RESOLVED,2026-09-25T23:59:59-06:00,2026-09-26T08:00:00-06:00,2026-06-29T00:00:00-06:00,,1,,false,HISTORICAL_ACTUAL,,,VALID,CURRENT,coolit-synthetic-v2.0.0,ALL_SYNTHETIC_CUSTOMERS,ALL_SYNTHETIC_PROGRAMS,ALL_SYNTHETIC_PRODUCTS,SYNTHETIC_INTERNAL,SNP-COOLIT-20260925-BL,SCN-BASELINE,SHCAL-056-2,2026-H56,SHIFT-B,14,22,5,2400,0,NORMAL
TEN-COOLIT-SYN-001,SITE-COOLIT-SYN-01,REFERENCE,SHIFT_CALENDAR,SHCAL-056-3,SHCAL-056-3,RESOLVED,2026-09-25T23:59:59-06:00,2026-09-26T08:00:00-06:00,2026-06-29T00:00:00-06:00,,1,,false,HISTORICAL_ACTUAL,,,VALID,CURRENT,coolit-synthetic-v2.0.0,ALL_SYNTHETIC_CUSTOMERS,ALL_SYNTHETIC_PROGRAMS,ALL_SYNTHETIC_PRODUCTS,SYNTHETIC_INTERNAL,SNP-COOLIT-20260925-BL,SCN-BASELINE,SHCAL-056-3,2026-H56,SHIFT-C,22,6,3,1440,0,NORMAL
TEN-COOLIT-SYN-001,SITE-COOLIT-SYN-01,REFERENCE,SHIFT_CALENDAR,SHCAL-057-1,SHCAL-057-1,RESOLVED,2026-09-25T23:59:59-06:00,2026-09-26T08:00:00-06:00,2026-06-29T00:00:00-06:00,,1,,false,HISTORICAL_ACTUAL,,,VALID,CURRENT,coolit-synthetic-v2.0.0,ALL_SYNTHETIC_CUSTOMERS,ALL_SYNTHETIC_PROGRAMS,ALL_SYNTHETIC_PRODUCTS,SYNTHETIC_INTERNAL,SNP-COOLIT-20260925-BL,SCN-BASELINE,SHCAL-057-1,2026-H57,SHIFT-A,6,14,5,2400,0,NORMAL
TEN-COOLIT-SYN-001,SITE-COOLIT-SYN-01,REFERENCE,SHIFT_CALENDAR,SHCAL-057-2,SHCAL-057-2,RESOLVED,2026-09-25T23:59:59-06:00,2026-09-26T08:00:00-06:00,2026-06-29T00:00:00-06:00,,1,,false,HISTORICAL_ACTUAL,,,VALID,CURRENT,coolit-synthetic-v2.0.0,ALL_SYNTHETIC_CUSTOMERS,ALL_SYNTHETIC_PROGRAMS,ALL_SYNTHETIC_PRODUCTS,SYNTHETIC_INTERNAL,SNP-COOLIT-20260925-BL,SCN-BASELINE,SHCAL-057-2,2026-H57,SHIFT-B,14,22,5,2400,0,NORMAL
TEN-COOLIT-SYN-001,SITE-COOLIT-SYN-01,REFERENCE,SHIFT_CALENDAR,SHCAL-057-3,SHCAL-057-3,RESOLVED,2026-09-25T23:59:59-06:00,2026-09-26T08:00:00-06:00,2026-06-29T00:00:00-06:00,,1,,false,HISTORICAL_ACTUAL,,,VALID,CURRENT,coolit-synthetic-v2.0.0,ALL_SYNTHETIC_CUSTOMERS,ALL_SYNTHETIC_PROGRAMS,ALL_SYNTHETIC_PRODUCTS,SYNTHETIC_INTERNAL,SNP-COOLIT-20260925-BL,SCN-BASELINE,SHCAL-057-3,2026-H57,SHIFT-C,22,6,3,1440,0,NORMAL
TEN-COOLIT-SYN-001,SITE-COOLIT-SYN-01,REFERENCE,SHIFT_CALENDAR,SHCAL-058-1,SHCAL-058-1,RESOLVED,2026-09-25T23:59:59-06:00,2026-09-26T08:00:00-06:00,2026-06-29T00:00:00-06:00,,1,,false,HISTORICAL_ACTUAL,,,VALID,CURRENT,coolit-synthetic-v2.0.0,ALL_SYNTHETIC_CUSTOMERS,ALL_SYNTHETIC_PROGRAMS,ALL_SYNTHETIC_PRODUCTS,SYNTHETIC_INTERNAL,SNP-COOLIT-20260925-BL,SCN-BASELINE,SHCAL-058-1,2026-H58,SHIFT-A,6,14,5,2400,0,NORMAL
TEN-COOLIT-SYN-001,SITE-COOLIT-SYN-01,REFERENCE,SHIFT_CALENDAR,SHCAL-058-2,SHCAL-058-2,RESOLVED,2026-09-25T23:59:59-06:00,2026-09-26T08:00:00-06:00,2026-06-29T00:00:00-06:00,,1,,false,HISTORICAL_ACTUAL,,,VALID,CURRENT,coolit-synthetic-v2.0.0,ALL_SYNTHETIC_CUSTOMERS,ALL_SYNTHETIC_PROGRAMS,ALL_SYNTHETIC_PRODUCTS,SYNTHETIC_INTERNAL,SNP-COOLIT-20260925-BL,SCN-BASELINE,SHCAL-058-2,2026-H58,SHIFT-B,14,22,5,2400,0,NORMAL
TEN-COOLIT-SYN-001,SITE-COOLIT-SYN-01,REFERENCE,SHIFT_CALENDAR,SHCAL-058-3,SHCAL-058-3,RESOLVED,2026-09-25T23:59:59-06:00,2026-09-26T08:00:00-06:00,2026-06-29T00:00:00-06:00,,1,,false,HISTORICAL_ACTUAL,,,VALID,CURRENT,coolit-synthetic-v2.0.0,ALL_SYNTHETIC_CUSTOMERS,ALL_SYNTHETIC_PROGRAMS,ALL_SYNTHETIC_PRODUCTS,SYNTHETIC_INTERNAL,SNP-COOLIT-20260925-BL,SCN-BASELINE,SHCAL-058-3,2026-H58,SHIFT-C,22,6,3,1440,0,NORMAL
TEN-COOLIT-SYN-001,SITE-COOLIT-SYN-01,REFERENCE,SHIFT_CALENDAR,SHCAL-059-1,SHCAL-059-1,RESOLVED,2026-09-25T23:59:59-06:00,2026-09-26T08:00:00-06:00,2026-06-29T00:00:00-06:00,,1,,false,HISTORICAL_ACTUAL,,,VALID,CURRENT,coolit-synthetic-v2.0.0,ALL_SYNTHETIC_CUSTOMERS,ALL_SYNTHETIC_PROGRAMS,ALL_SYNTHETIC_PRODUCTS,SYNTHETIC_INTERNAL,SNP-COOLIT-20260925-BL,SCN-BASELINE,SHCAL-059-1,2026-H59,SHIFT-A,6,14,5,2400,0,NORMAL
TEN-COOLIT-SYN-001,SITE-COOLIT-SYN-01,REFERENCE,SHIFT_CALENDAR,SHCAL-059-2,SHCAL-059-2,RESOLVED,2026-09-25T23:59:59-06:00,2026-09-26T08:00:00-06:00,2026-06-29T00:00:00-06:00,,1,,false,HISTORICAL_ACTUAL,,,VALID,CURRENT,coolit-synthetic-v2.0.0,ALL_SYNTHETIC_CUSTOMERS,ALL_SYNTHETIC_PROGRAMS,ALL_SYNTHETIC_PRODUCTS,SYNTHETIC_INTERNAL,SNP-COOLIT-20260925-BL,SCN-BASELINE,SHCAL-059-2,2026-H59,SHIFT-B,14,22,5,2400,0,NORMAL
TEN-COOLIT-SYN-001,SITE-COOLIT-SYN-01,REFERENCE,SHIFT_CALENDAR,SHCAL-059-3,SHCAL-059-3,RESOLVED,2026-09-25T23:59:59-06:00,2026-09-26T08:00:00-06:00,2026-06-29T00:00:00-06:00,,1,,false,HISTORICAL_ACTUAL,,,VALID,CURRENT,coolit-synthetic-v2.0.0,ALL_SYNTHETIC_CUSTOMERS,ALL_SYNTHETIC_PROGRAMS,ALL_SYNTHETIC_PRODUCTS,SYNTHETIC_INTERNAL,SNP-COOLIT-20260925-BL,SCN-BASELINE,SHCAL-059-3,2026-H59,SHIFT-C,22,6,3,1440,0,NORMAL
TEN-COOLIT-SYN-001,SITE-COOLIT-SYN-01,REFERENCE,SHIFT_CALENDAR,SHCAL-060-1,SHCAL-060-1,RESOLVED,2026-09-25T23:59:59-06:00,2026-09-26T08:00:00-06:00,2026-06-29T00:00:00-06:00,,1,,false,HISTORICAL_ACTUAL,,,VALID,CURRENT,coolit-synthetic-v2.0.0,ALL_SYNTHETIC_CUSTOMERS,ALL_SYNTHETIC_PROGRAMS,ALL_SYNTHETIC_PRODUCTS,SYNTHETIC_INTERNAL,SNP-COOLIT-20260925-BL,SCN-BASELINE,SHCAL-060-1,2026-H60,SHIFT-A,6,14,5,2400,0,NORMAL
TEN-COOLIT-SYN-001,SITE-COOLIT-SYN-01,REFERENCE,SHIFT_CALENDAR,SHCAL-060-2,SHCAL-060-2,RESOLVED,2026-09-25T23:59:59-06:00,2026-09-26T08:00:00-06:00,2026-06-29T00:00:00-06:00,,1,,false,HISTORICAL_ACTUAL,,,VALID,CURRENT,coolit-synthetic-v2.0.0,ALL_SYNTHETIC_CUSTOMERS,ALL_SYNTHETIC_PROGRAMS,ALL_SYNTHETIC_PRODUCTS,SYNTHETIC_INTERNAL,SNP-COOLIT-20260925-BL,SCN-BASELINE,SHCAL-060-2,2026-H60,SHIFT-B,14,22,5,2400,0,NORMAL
TEN-COOLIT-SYN-001,SITE-COOLIT-SYN-01,REFERENCE,SHIFT_CALENDAR,SHCAL-060-3,SHCAL-060-3,RESOLVED,2026-09-25T23:59:59-06:00,2026-09-26T08:00:00-06:00,2026-06-29T00:00:00-06:00,,1,,false,HISTORICAL_ACTUAL,,,VALID,CURRENT,coolit-synthetic-v2.0.0,ALL_SYNTHETIC_CUSTOMERS,ALL_SYNTHETIC_PROGRAMS,ALL_SYNTHETIC_PRODUCTS,SYNTHETIC_INTERNAL,SNP-COOLIT-20260925-BL,SCN-BASELINE,SHCAL-060-3,2026-H60,SHIFT-C,22,6,3,1440,0,NORMAL
TEN-COOLIT-SYN-001,SITE-COOLIT-SYN-01,REFERENCE,SHIFT_CALENDAR,SHCAL-061-1,SHCAL-061-1,RESOLVED,2026-09-25T23:59:59-06:00,2026-09-26T08:00:00-06:00,2026-06-29T00:00:00-06:00,,1,,false,HISTORICAL_ACTUAL,,,VALID,CURRENT,coolit-synthetic-v2.0.0,ALL_SYNTHETIC_CUSTOMERS,ALL_SYNTHETIC_PROGRAMS,ALL_SYNTHETIC_PRODUCTS,SYNTHETIC_INTERNAL,SNP-COOLIT-20260925-BL,SCN-BASELINE,SHCAL-061-1,2026-H61,SHIFT-A,6,14,5,2400,0,NORMAL
TEN-COOLIT-SYN-001,SITE-COOLIT-SYN-01,REFERENCE,SHIFT_CALENDAR,SHCAL-061-2,SHCAL-061-2,RESOLVED,2026-09-25T23:59:59-06:00,2026-09-26T08:00:00-06:00,2026-06-29T00:00:00-06:00,,1,,false,HISTORICAL_ACTUAL,,,VALID,CURRENT,coolit-synthetic-v2.0.0,ALL_SYNTHETIC_CUSTOMERS,ALL_SYNTHETIC_PROGRAMS,ALL_SYNTHETIC_PRODUCTS,SYNTHETIC_INTERNAL,SNP-COOLIT-20260925-BL,SCN-BASELINE,SHCAL-061-2,2026-H61,SHIFT-B,14,22,5,2400,0,NORMAL
TEN-COOLIT-SYN-001,SITE-COOLIT-SYN-01,REFERENCE,SHIFT_CALENDAR,SHCAL-061-3,SHCAL-061-3,RESOLVED,2026-09-25T23:59:59-06:00,2026-09-26T08:00:00-06:00,2026-06-29T00:00:00-06:00,,1,,false,HISTORICAL_ACTUAL,,,VALID,CURRENT,coolit-synthetic-v2.0.0,ALL_SYNTHETIC_CUSTOMERS,ALL_SYNTHETIC_PROGRAMS,ALL_SYNTHETIC_PRODUCTS,SYNTHETIC_INTERNAL,SNP-COOLIT-20260925-BL,SCN-BASELINE,SHCAL-061-3,2026-H61,SHIFT-C,22,6,3,1440,0,NORMAL
TEN-COOLIT-SYN-001,SITE-COOLIT-SYN-01,REFERENCE,SHIFT_CALENDAR,SHCAL-062-1,SHCAL-062-1,RESOLVED,2026-09-25T23:59:59-06:00,2026-09-26T08:00:00-06:00,2026-06-29T00:00:00-06:00,,1,,false,HISTORICAL_ACTUAL,,,VALID,CURRENT,coolit-synthetic-v2.0.0,ALL_SYNTHETIC_CUSTOMERS,ALL_SYNTHETIC_PROGRAMS,ALL_SYNTHETIC_PRODUCTS,SYNTHETIC_INTERNAL,SNP-COOLIT-20260925-BL,SCN-BASELINE,SHCAL-062-1,2026-H62,SHIFT-A,6,14,5,2400,0,NORMAL
TEN-COOLIT-SYN-001,SITE-COOLIT-SYN-01,REFERENCE,SHIFT_CALENDAR,SHCAL-062-2,SHCAL-062-2,RESOLVED,2026-09-25T23:59:59-06:00,2026-09-26T08:00:00-06:00,2026-06-29T00:00:00-06:00,,1,,false,HISTORICAL_ACTUAL,,,VALID,CURRENT,coolit-synthetic-v2.0.0,ALL_SYNTHETIC_CUSTOMERS,ALL_SYNTHETIC_PROGRAMS,ALL_SYNTHETIC_PRODUCTS,SYNTHETIC_INTERNAL,SNP-COOLIT-20260925-BL,SCN-BASELINE,SHCAL-062-2,2026-H62,SHIFT-B,14,22,5,2400,0,NORMAL
TEN-COOLIT-SYN-001,SITE-COOLIT-SYN-01,REFERENCE,SHIFT_CALENDAR,SHCAL-062-3,SHCAL-062-3,RESOLVED,2026-09-25T23:59:59-06:00,2026-09-26T08:00:00-06:00,2026-06-29T00:00:00-06:00,,1,,false,HISTORICAL_ACTUAL,,,VALID,CURRENT,coolit-synthetic-v2.0.0,ALL_SYNTHETIC_CUSTOMERS,ALL_SYNTHETIC_PROGRAMS,ALL_SYNTHETIC_PRODUCTS,SYNTHETIC_INTERNAL,SNP-COOLIT-20260925-BL,SCN-BASELINE,SHCAL-062-3,2026-H62,SHIFT-C,22,6,3,1440,0,NORMAL
TEN-COOLIT-SYN-001,SITE-COOLIT-SYN-01,REFERENCE,SHIFT_CALENDAR,SHCAL-063-1,SHCAL-063-1,RESOLVED,2026-09-25T23:59:59-06:00,2026-09-26T08:00:00-06:00,2026-06-29T00:00:00-06:00,,1,,false,HISTORICAL_ACTUAL,,,VALID,CURRENT,coolit-synthetic-v2.0.0,ALL_SYNTHETIC_CUSTOMERS,ALL_SYNTHETIC_PROGRAMS,ALL_SYNTHETIC_PRODUCTS,SYNTHETIC_INTERNAL,SNP-COOLIT-20260925-BL,SCN-BASELINE,SHCAL-063-1,2026-H63,SHIFT-A,6,14,5,2400,0,NORMAL
TEN-COOLIT-SYN-001,SITE-COOLIT-SYN-01,REFERENCE,SHIFT_CALENDAR,SHCAL-063-2,SHCAL-063-2,RESOLVED,2026-09-25T23:59:59-06:00,2026-09-26T08:00:00-06:00,2026-06-29T00:00:00-06:00,,1,,false,HISTORICAL_ACTUAL,,,VALID,CURRENT,coolit-synthetic-v2.0.0,ALL_SYNTHETIC_CUSTOMERS,ALL_SYNTHETIC_PROGRAMS,ALL_SYNTHETIC_PRODUCTS,SYNTHETIC_INTERNAL,SNP-COOLIT-20260925-BL,SCN-BASELINE,SHCAL-063-2,2026-H63,SHIFT-B,14,22,5,2400,0,NORMAL
TEN-COOLIT-SYN-001,SITE-COOLIT-SYN-01,REFERENCE,SHIFT_CALENDAR,SHCAL-063-3,SHCAL-063-3,RESOLVED,2026-09-25T23:59:59-06:00,2026-09-26T08:00:00-06:00,2026-06-29T00:00:00-06:00,,1,,false,HISTORICAL_ACTUAL,,,VALID,CURRENT,coolit-synthetic-v2.0.0,ALL_SYNTHETIC_CUSTOMERS,ALL_SYNTHETIC_PROGRAMS,ALL_SYNTHETIC_PRODUCTS,SYNTHETIC_INTERNAL,SNP-COOLIT-20260925-BL,SCN-BASELINE,SHCAL-063-3,2026-H63,SHIFT-C,22,6,3,1440,0,NORMAL
TEN-COOLIT-SYN-001,SITE-COOLIT-SYN-01,REFERENCE,SHIFT_CALENDAR,SHCAL-064-1,SHCAL-064-1,RESOLVED,2026-09-25T23:59:59-06:00,2026-09-26T08:00:00-06:00,2026-06-29T00:00:00-06:00,,1,,false,HISTORICAL_ACTUAL,,,VALID,CURRENT,coolit-synthetic-v2.0.0,ALL_SYNTHETIC_CUSTOMERS,ALL_SYNTHETIC_PROGRAMS,ALL_SYNTHETIC_PRODUCTS,SYNTHETIC_INTERNAL,SNP-COOLIT-20260925-BL,SCN-BASELINE,SHCAL-064-1,2026-H64,SHIFT-A,6,14,5,2400,0,NORMAL
TEN-COOLIT-SYN-001,SITE-COOLIT-SYN-01,REFERENCE,SHIFT_CALENDAR,SHCAL-064-2,SHCAL-064-2,RESOLVED,2026-09-25T23:59:59-06:00,2026-09-26T08:00:00-06:00,2026-06-29T00:00:00-06:00,,1,,false,HISTORICAL_ACTUAL,,,VALID,CURRENT,coolit-synthetic-v2.0.0,ALL_SYNTHETIC_CUSTOMERS,ALL_SYNTHETIC_PROGRAMS,ALL_SYNTHETIC_PRODUCTS,SYNTHETIC_INTERNAL,SNP-COOLIT-20260925-BL,SCN-BASELINE,SHCAL-064-2,2026-H64,SHIFT-B,14,22,5,2400,0,NORMAL
TEN-COOLIT-SYN-001,SITE-COOLIT-SYN-01,REFERENCE,SHIFT_CALENDAR,SHCAL-064-3,SHCAL-064-3,RESOLVED,2026-09-25T23:59:59-06:00,2026-09-26T08:00:00-06:00,2026-06-29T00:00:00-06:00,,1,,false,HISTORICAL_ACTUAL,,,VALID,CURRENT,coolit-synthetic-v2.0.0,ALL_SYNTHETIC_CUSTOMERS,ALL_SYNTHETIC_PROGRAMS,ALL_SYNTHETIC_PRODUCTS,SYNTHETIC_INTERNAL,SNP-COOLIT-20260925-BL,SCN-BASELINE,SHCAL-064-3,2026-H64,SHIFT-C,22,6,3,1440,0,NORMAL
TEN-COOLIT-SYN-001,SITE-COOLIT-SYN-01,REFERENCE,SHIFT_CALENDAR,SHCAL-065-1,SHCAL-065-1,RESOLVED,2026-09-25T23:59:59-06:00,2026-09-26T08:00:00-06:00,2026-06-29T00:00:00-06:00,,1,,false,HISTORICAL_ACTUAL,,,VALID,CURRENT,coolit-synthetic-v2.0.0,ALL_SYNTHETIC_CUSTOMERS,ALL_SYNTHETIC_PROGRAMS,ALL_SYNTHETIC_PRODUCTS,SYNTHETIC_INTERNAL,SNP-COOLIT-20260925-BL,SCN-BASELINE,SHCAL-065-1,2026-H65,SHIFT-A,6,14,5,2400,0,NORMAL
TEN-COOLIT-SYN-001,SITE-COOLIT-SYN-01,REFERENCE,SHIFT_CALENDAR,SHCAL-065-2,SHCAL-065-2,RESOLVED,2026-09-25T23:59:59-06:00,2026-09-26T08:00:00-06:00,2026-06-29T00:00:00-06:00,,1,,false,HISTORICAL_ACTUAL,,,VALID,CURRENT,coolit-synthetic-v2.0.0,ALL_SYNTHETIC_CUSTOMERS,ALL_SYNTHETIC_PROGRAMS,ALL_SYNTHETIC_PRODUCTS,SYNTHETIC_INTERNAL,SNP-COOLIT-20260925-BL,SCN-BASELINE,SHCAL-065-2,2026-H65,SHIFT-B,14,22,5,2400,0,NORMAL
TEN-COOLIT-SYN-001,SITE-COOLIT-SYN-01,REFERENCE,SHIFT_CALENDAR,SHCAL-065-3,SHCAL-065-3,RESOLVED,2026-09-25T23:59:59-06:00,2026-09-26T08:00:00-06:00,2026-06-29T00:00:00-06:00,,1,,false,HISTORICAL_ACTUAL,,,VALID,CURRENT,coolit-synthetic-v2.0.0,ALL_SYNTHETIC_CUSTOMERS,ALL_SYNTHETIC_PROGRAMS,ALL_SYNTHETIC_PRODUCTS,SYNTHETIC_INTERNAL,SNP-COOLIT-20260925-BL,SCN-BASELINE,SHCAL-065-3,2026-H65,SHIFT-C,22,6,3,1440,0,NORMAL
TEN-COOLIT-SYN-001,SITE-COOLIT-SYN-01,REFERENCE,SHIFT_CALENDAR,SHCAL-066-1,SHCAL-066-1,RESOLVED,2026-09-25T23:59:59-06:00,2026-09-26T08:00:00-06:00,2026-06-29T00:00:00-06:00,,1,,false,HISTORICAL_ACTUAL,,,VALID,CURRENT,coolit-synthetic-v2.0.0,ALL_SYNTHETIC_CUSTOMERS,ALL_SYNTHETIC_PROGRAMS,ALL_SYNTHETIC_PRODUCTS,SYNTHETIC_INTERNAL,SNP-COOLIT-20260925-BL,SCN-BASELINE,SHCAL-066-1,2026-H66,SHIFT-A,6,14,5,2400,0,NORMAL
TEN-COOLIT-SYN-001,SITE-COOLIT-SYN-01,REFERENCE,SHIFT_CALENDAR,SHCAL-066-2,SHCAL-066-2,RESOLVED,2026-09-25T23:59:59-06:00,2026-09-26T08:00:00-06:00,2026-06-29T00:00:00-06:00,,1,,false,HISTORICAL_ACTUAL,,,VALID,CURRENT,coolit-synthetic-v2.0.0,ALL_SYNTHETIC_CUSTOMERS,ALL_SYNTHETIC_PROGRAMS,ALL_SYNTHETIC_PRODUCTS,SYNTHETIC_INTERNAL,SNP-COOLIT-20260925-BL,SCN-BASELINE,SHCAL-066-2,2026-H66,SHIFT-B,14,22,5,2400,0,NORMAL
TEN-COOLIT-SYN-001,SITE-COOLIT-SYN-01,REFERENCE,SHIFT_CALENDAR,SHCAL-066-3,SHCAL-066-3,RESOLVED,2026-09-25T23:59:59-06:00,2026-09-26T08:00:00-06:00,2026-06-29T00:00:00-06:00,,1,,false,HISTORICAL_ACTUAL,,,VALID,CURRENT,coolit-synthetic-v2.0.0,ALL_SYNTHETIC_CUSTOMERS,ALL_SYNTHETIC_PROGRAMS,ALL_SYNTHETIC_PRODUCTS,SYNTHETIC_INTERNAL,SNP-COOLIT-20260925-BL,SCN-BASELINE,SHCAL-066-3,2026-H66,SHIFT-C,22,6,3,1440,0,NORMAL
TEN-COOLIT-SYN-001,SITE-COOLIT-SYN-01,REFERENCE,SHIFT_CALENDAR,SHCAL-067-1,SHCAL-067-1,RESOLVED,2026-09-25T23:59:59-06:00,2026-09-26T08:00:00-06:00,2026-06-29T00:00:00-06:00,,1,,false,HISTORICAL_ACTUAL,,,VALID,CURRENT,coolit-synthetic-v2.0.0,ALL_SYNTHETIC_CUSTOMERS,ALL_SYNTHETIC_PROGRAMS,ALL_SYNTHETIC_PRODUCTS,SYNTHETIC_INTERNAL,SNP-COOLIT-20260925-BL,SCN-BASELINE,SHCAL-067-1,2026-H67,SHIFT-A,6,14,5,2400,0,NORMAL
TEN-COOLIT-SYN-001,SITE-COOLIT-SYN-01,REFERENCE,SHIFT_CALENDAR,SHCAL-067-2,SHCAL-067-2,RESOLVED,2026-09-25T23:59:59-06:00,2026-09-26T08:00:00-06:00,2026-06-29T00:00:00-06:00,,1,,false,HISTORICAL_ACTUAL,,,VALID,CURRENT,coolit-synthetic-v2.0.0,ALL_SYNTHETIC_CUSTOMERS,ALL_SYNTHETIC_PROGRAMS,ALL_SYNTHETIC_PRODUCTS,SYNTHETIC_INTERNAL,SNP-COOLIT-20260925-BL,SCN-BASELINE,SHCAL-067-2,2026-H67,SHIFT-B,14,22,5,2400,0,NORMAL
TEN-COOLIT-SYN-001,SITE-COOLIT-SYN-01,REFERENCE,SHIFT_CALENDAR,SHCAL-067-3,SHCAL-067-3,RESOLVED,2026-09-25T23:59:59-06:00,2026-09-26T08:00:00-06:00,2026-06-29T00:00:00-06:00,,1,,false,HISTORICAL_ACTUAL,,,VALID,CURRENT,coolit-synthetic-v2.0.0,ALL_SYNTHETIC_CUSTOMERS,ALL_SYNTHETIC_PROGRAMS,ALL_SYNTHETIC_PRODUCTS,SYNTHETIC_INTERNAL,SNP-COOLIT-20260925-BL,SCN-BASELINE,SHCAL-067-3,2026-H67,SHIFT-C,22,6,3,1440,0,NORMAL
TEN-COOLIT-SYN-001,SITE-COOLIT-SYN-01,REFERENCE,SHIFT_CALENDAR,SHCAL-068-1,SHCAL-068-1,RESOLVED,2026-09-25T23:59:59-06:00,2026-09-26T08:00:00-06:00,2026-06-29T00:00:00-06:00,,1,,false,HISTORICAL_ACTUAL,,,VALID,CURRENT,coolit-synthetic-v2.0.0,ALL_SYNTHETIC_CUSTOMERS,ALL_SYNTHETIC_PROGRAMS,ALL_SYNTHETIC_PRODUCTS,SYNTHETIC_INTERNAL,SNP-COOLIT-20260925-BL,SCN-BASELINE,SHCAL-068-1,2026-H68,SHIFT-A,6,14,5,2400,0,NORMAL
TEN-COOLIT-SYN-001,SITE-COOLIT-SYN-01,REFERENCE,SHIFT_CALENDAR,SHCAL-068-2,SHCAL-068-2,RESOLVED,2026-09-25T23:59:59-06:00,2026-09-26T08:00:00-06:00,2026-06-29T00:00:00-06:00,,1,,false,HISTORICAL_ACTUAL,,,VALID,CURRENT,coolit-synthetic-v2.0.0,ALL_SYNTHETIC_CUSTOMERS,ALL_SYNTHETIC_PROGRAMS,ALL_SYNTHETIC_PRODUCTS,SYNTHETIC_INTERNAL,SNP-COOLIT-20260925-BL,SCN-BASELINE,SHCAL-068-2,2026-H68,SHIFT-B,14,22,5,2400,0,NORMAL
TEN-COOLIT-SYN-001,SITE-COOLIT-SYN-01,REFERENCE,SHIFT_CALENDAR,SHCAL-068-3,SHCAL-068-3,RESOLVED,2026-09-25T23:59:59-06:00,2026-09-26T08:00:00-06:00,2026-06-29T00:00:00-06:00,,1,,false,HISTORICAL_ACTUAL,,,VALID,CURRENT,coolit-synthetic-v2.0.0,ALL_SYNTHETIC_CUSTOMERS,ALL_SYNTHETIC_PROGRAMS,ALL_SYNTHETIC_PRODUCTS,SYNTHETIC_INTERNAL,SNP-COOLIT-20260925-BL,SCN-BASELINE,SHCAL-068-3,2026-H68,SHIFT-C,22,6,3,1440,0,NORMAL
TEN-COOLIT-SYN-001,SITE-COOLIT-SYN-01,REFERENCE,SHIFT_CALENDAR,SHCAL-069-1,SHCAL-069-1,RESOLVED,2026-09-25T23:59:59-06:00,2026-09-26T08:00:00-06:00,2026-06-29T00:00:00-06:00,,1,,false,HISTORICAL_ACTUAL,,,VALID,CURRENT,coolit-synthetic-v2.0.0,ALL_SYNTHETIC_CUSTOMERS,ALL_SYNTHETIC_PROGRAMS,ALL_SYNTHETIC_PRODUCTS,SYNTHETIC_INTERNAL,SNP-COOLIT-20260925-BL,SCN-BASELINE,SHCAL-069-1,2026-H69,SHIFT-A,6,14,5,2400,0,NORMAL
TEN-COOLIT-SYN-001,SITE-COOLIT-SYN-01,REFERENCE,SHIFT_CALENDAR,SHCAL-069-2,SHCAL-069-2,RESOLVED,2026-09-25T23:59:59-06:00,2026-09-26T08:00:00-06:00,2026-06-29T00:00:00-06:00,,1,,false,HISTORICAL_ACTUAL,,,VALID,CURRENT,coolit-synthetic-v2.0.0,ALL_SYNTHETIC_CUSTOMERS,ALL_SYNTHETIC_PROGRAMS,ALL_SYNTHETIC_PRODUCTS,SYNTHETIC_INTERNAL,SNP-COOLIT-20260925-BL,SCN-BASELINE,SHCAL-069-2,2026-H69,SHIFT-B,14,22,5,2400,0,NORMAL
TEN-COOLIT-SYN-001,SITE-COOLIT-SYN-01,REFERENCE,SHIFT_CALENDAR,SHCAL-069-3,SHCAL-069-3,RESOLVED,2026-09-25T23:59:59-06:00,2026-09-26T08:00:00-06:00,2026-06-29T00:00:00-06:00,,1,,false,HISTORICAL_ACTUAL,,,VALID,CURRENT,coolit-synthetic-v2.0.0,ALL_SYNTHETIC_CUSTOMERS,ALL_SYNTHETIC_PROGRAMS,ALL_SYNTHETIC_PRODUCTS,SYNTHETIC_INTERNAL,SNP-COOLIT-20260925-BL,SCN-BASELINE,SHCAL-069-3,2026-H69,SHIFT-C,22,6,3,1440,0,NORMAL
TEN-COOLIT-SYN-001,SITE-COOLIT-SYN-01,REFERENCE,SHIFT_CALENDAR,SHCAL-070-1,SHCAL-070-1,RESOLVED,2026-09-25T23:59:59-06:00,2026-09-26T08:00:00-06:00,2026-06-29T00:00:00-06:00,,1,,false,HISTORICAL_ACTUAL,,,VALID,CURRENT,coolit-synthetic-v2.0.0,ALL_SYNTHETIC_CUSTOMERS,ALL_SYNTHETIC_PROGRAMS,ALL_SYNTHETIC_PRODUCTS,SYNTHETIC_INTERNAL,SNP-COOLIT-20260925-BL,SCN-BASELINE,SHCAL-070-1,2026-H70,SHIFT-A,6,14,5,2400,0,NORMAL
TEN-COOLIT-SYN-001,SITE-COOLIT-SYN-01,REFERENCE,SHIFT_CALENDAR,SHCAL-070-2,SHCAL-070-2,RESOLVED,2026-09-25T23:59:59-06:00,2026-09-26T08:00:00-06:00,2026-06-29T00:00:00-06:00,,1,,false,HISTORICAL_ACTUAL,,,VALID,CURRENT,coolit-synthetic-v2.0.0,ALL_SYNTHETIC_CUSTOMERS,ALL_SYNTHETIC_PROGRAMS,ALL_SYNTHETIC_PRODUCTS,SYNTHETIC_INTERNAL,SNP-COOLIT-20260925-BL,SCN-BASELINE,SHCAL-070-2,2026-H70,SHIFT-B,14,22,5,2400,0,NORMAL
TEN-COOLIT-SYN-001,SITE-COOLIT-SYN-01,REFERENCE,SHIFT_CALENDAR,SHCAL-070-3,SHCAL-070-3,RESOLVED,2026-09-25T23:59:59-06:00,2026-09-26T08:00:00-06:00,2026-06-29T00:00:00-06:00,,1,,false,HISTORICAL_ACTUAL,,,VALID,CURRENT,coolit-synthetic-v2.0.0,ALL_SYNTHETIC_CUSTOMERS,ALL_SYNTHETIC_PROGRAMS,ALL_SYNTHETIC_PRODUCTS,SYNTHETIC_INTERNAL,SNP-COOLIT-20260925-BL,SCN-BASELINE,SHCAL-070-3,2026-H70,SHIFT-C,22,6,3,1440,0,NORMAL
TEN-COOLIT-SYN-001,SITE-COOLIT-SYN-01,REFERENCE,SHIFT_CALENDAR,SHCAL-071-1,SHCAL-071-1,RESOLVED,2026-09-25T23:59:59-06:00,2026-09-26T08:00:00-06:00,2026-06-29T00:00:00-06:00,,1,,false,HISTORICAL_ACTUAL,,,VALID,CURRENT,coolit-synthetic-v2.0.0,ALL_SYNTHETIC_CUSTOMERS,ALL_SYNTHETIC_PROGRAMS,ALL_SYNTHETIC_PRODUCTS,SYNTHETIC_INTERNAL,SNP-COOLIT-20260925-BL,SCN-BASELINE,SHCAL-071-1,2026-H71,SHIFT-A,6,14,5,2400,0,NORMAL
TEN-COOLIT-SYN-001,SITE-COOLIT-SYN-01,REFERENCE,SHIFT_CALENDAR,SHCAL-071-2,SHCAL-071-2,RESOLVED,2026-09-25T23:59:59-06:00,2026-09-26T08:00:00-06:00,2026-06-29T00:00:00-06:00,,1,,false,HISTORICAL_ACTUAL,,,VALID,CURRENT,coolit-synthetic-v2.0.0,ALL_SYNTHETIC_CUSTOMERS,ALL_SYNTHETIC_PROGRAMS,ALL_SYNTHETIC_PRODUCTS,SYNTHETIC_INTERNAL,SNP-COOLIT-20260925-BL,SCN-BASELINE,SHCAL-071-2,2026-H71,SHIFT-B,14,22,5,2400,0,NORMAL
TEN-COOLIT-SYN-001,SITE-COOLIT-SYN-01,REFERENCE,SHIFT_CALENDAR,SHCAL-071-3,SHCAL-071-3,RESOLVED,2026-09-25T23:59:59-06:00,2026-09-26T08:00:00-06:00,2026-06-29T00:00:00-06:00,,1,,false,HISTORICAL_ACTUAL,,,VALID,CURRENT,coolit-synthetic-v2.0.0,ALL_SYNTHETIC_CUSTOMERS,ALL_SYNTHETIC_PROGRAMS,ALL_SYNTHETIC_PRODUCTS,SYNTHETIC_INTERNAL,SNP-COOLIT-20260925-BL,SCN-BASELINE,SHCAL-071-3,2026-H71,SHIFT-C,22,6,3,1440,0,NORMAL
TEN-COOLIT-SYN-001,SITE-COOLIT-SYN-01,REFERENCE,SHIFT_CALENDAR,SHCAL-072-1,SHCAL-072-1,RESOLVED,2026-09-25T23:59:59-06:00,2026-09-26T08:00:00-06:00,2026-06-29T00:00:00-06:00,,1,,false,HISTORICAL_ACTUAL,,,VALID,CURRENT,coolit-synthetic-v2.0.0,ALL_SYNTHETIC_CUSTOMERS,ALL_SYNTHETIC_PROGRAMS,ALL_SYNTHETIC_PRODUCTS,SYNTHETIC_INTERNAL,SNP-COOLIT-20260925-BL,SCN-BASELINE,SHCAL-072-1,2026-H72,SHIFT-A,6,14,5,2400,0,NORMAL
TEN-COOLIT-SYN-001,SITE-COOLIT-SYN-01,REFERENCE,SHIFT_CALENDAR,SHCAL-072-2,SHCAL-072-2,RESOLVED,2026-09-25T23:59:59-06:00,2026-09-26T08:00:00-06:00,2026-06-29T00:00:00-06:00,,1,,false,HISTORICAL_ACTUAL,,,VALID,CURRENT,coolit-synthetic-v2.0.0,ALL_SYNTHETIC_CUSTOMERS,ALL_SYNTHETIC_PROGRAMS,ALL_SYNTHETIC_PRODUCTS,SYNTHETIC_INTERNAL,SNP-COOLIT-20260925-BL,SCN-BASELINE,SHCAL-072-2,2026-H72,SHIFT-B,14,22,5,2400,0,NORMAL
TEN-COOLIT-SYN-001,SITE-COOLIT-SYN-01,REFERENCE,SHIFT_CALENDAR,SHCAL-072-3,SHCAL-072-3,RESOLVED,2026-09-25T23:59:59-06:00,2026-09-26T08:00:00-06:00,2026-06-29T00:00:00-06:00,,1,,false,HISTORICAL_ACTUAL,,,VALID,CURRENT,coolit-synthetic-v2.0.0,ALL_SYNTHETIC_CUSTOMERS,ALL_SYNTHETIC_PROGRAMS,ALL_SYNTHETIC_PRODUCTS,SYNTHETIC_INTERNAL,SNP-COOLIT-20260925-BL,SCN-BASELINE,SHCAL-072-3,2026-H72,SHIFT-C,22,6,3,1440,0,NORMAL
TEN-COOLIT-SYN-001,SITE-COOLIT-SYN-01,REFERENCE,SHIFT_CALENDAR,SHCAL-073-1,SHCAL-073-1,RESOLVED,2026-09-25T23:59:59-06:00,2026-09-26T08:00:00-06:00,2026-06-29T00:00:00-06:00,,1,,false,HISTORICAL_ACTUAL,,,VALID,CURRENT,coolit-synthetic-v2.0.0,ALL_SYNTHETIC_CUSTOMERS,ALL_SYNTHETIC_PROGRAMS,ALL_SYNTHETIC_PRODUCTS,SYNTHETIC_INTERNAL,SNP-COOLIT-20260925-BL,SCN-BASELINE,SHCAL-073-1,2026-H73,SHIFT-A,6,14,5,2400,0,NORMAL
TEN-COOLIT-SYN-001,SITE-COOLIT-SYN-01,REFERENCE,SHIFT_CALENDAR,SHCAL-073-2,SHCAL-073-2,RESOLVED,2026-09-25T23:59:59-06:00,2026-09-26T08:00:00-06:00,2026-06-29T00:00:00-06:00,,1,,false,HISTORICAL_ACTUAL,,,VALID,CURRENT,coolit-synthetic-v2.0.0,ALL_SYNTHETIC_CUSTOMERS,ALL_SYNTHETIC_PROGRAMS,ALL_SYNTHETIC_PRODUCTS,SYNTHETIC_INTERNAL,SNP-COOLIT-20260925-BL,SCN-BASELINE,SHCAL-073-2,2026-H73,SHIFT-B,14,22,5,2400,0,NORMAL
TEN-COOLIT-SYN-001,SITE-COOLIT-SYN-01,REFERENCE,SHIFT_CALENDAR,SHCAL-073-3,SHCAL-073-3,RESOLVED,2026-09-25T23:59:59-06:00,2026-09-26T08:00:00-06:00,2026-06-29T00:00:00-06:00,,1,,false,HISTORICAL_ACTUAL,,,VALID,CURRENT,coolit-synthetic-v2.0.0,ALL_SYNTHETIC_CUSTOMERS,ALL_SYNTHETIC_PROGRAMS,ALL_SYNTHETIC_PRODUCTS,SYNTHETIC_INTERNAL,SNP-COOLIT-20260925-BL,SCN-BASELINE,SHCAL-073-3,2026-H73,SHIFT-C,22,6,3,1440,0,NORMAL
TEN-COOLIT-SYN-001,SITE-COOLIT-SYN-01,REFERENCE,SHIFT_CALENDAR,SHCAL-074-1,SHCAL-074-1,RESOLVED,2026-09-25T23:59:59-06:00,2026-09-26T08:00:00-06:00,2026-06-29T00:00:00-06:00,,1,,false,HISTORICAL_ACTUAL,,,VALID,CURRENT,coolit-synthetic-v2.0.0,ALL_SYNTHETIC_CUSTOMERS,ALL_SYNTHETIC_PROGRAMS,ALL_SYNTHETIC_PRODUCTS,SYNTHETIC_INTERNAL,SNP-COOLIT-20260925-BL,SCN-BASELINE,SHCAL-074-1,2026-H74,SHIFT-A,6,14,5,2400,0,NORMAL
TEN-COOLIT-SYN-001,SITE-COOLIT-SYN-01,REFERENCE,SHIFT_CALENDAR,SHCAL-074-2,SHCAL-074-2,RESOLVED,2026-09-25T23:59:59-06:00,2026-09-26T08:00:00-06:00,2026-06-29T00:00:00-06:00,,1,,false,HISTORICAL_ACTUAL,,,VALID,CURRENT,coolit-synthetic-v2.0.0,ALL_SYNTHETIC_CUSTOMERS,ALL_SYNTHETIC_PROGRAMS,ALL_SYNTHETIC_PRODUCTS,SYNTHETIC_INTERNAL,SNP-COOLIT-20260925-BL,SCN-BASELINE,SHCAL-074-2,2026-H74,SHIFT-B,14,22,5,2400,0,NORMAL
TEN-COOLIT-SYN-001,SITE-COOLIT-SYN-01,REFERENCE,SHIFT_CALENDAR,SHCAL-074-3,SHCAL-074-3,RESOLVED,2026-09-25T23:59:59-06:00,2026-09-26T08:00:00-06:00,2026-06-29T00:00:00-06:00,,1,,false,HISTORICAL_ACTUAL,,,VALID,CURRENT,coolit-synthetic-v2.0.0,ALL_SYNTHETIC_CUSTOMERS,ALL_SYNTHETIC_PROGRAMS,ALL_SYNTHETIC_PRODUCTS,SYNTHETIC_INTERNAL,SNP-COOLIT-20260925-BL,SCN-BASELINE,SHCAL-074-3,2026-H74,SHIFT-C,22,6,3,1440,0,NORMAL
TEN-COOLIT-SYN-001,SITE-COOLIT-SYN-01,REFERENCE,SHIFT_CALENDAR,SHCAL-075-1,SHCAL-075-1,RESOLVED,2026-09-25T23:59:59-06:00,2026-09-26T08:00:00-06:00,2026-06-29T00:00:00-06:00,,1,,false,HISTORICAL_ACTUAL,,,VALID,CURRENT,coolit-synthetic-v2.0.0,ALL_SYNTHETIC_CUSTOMERS,ALL_SYNTHETIC_PROGRAMS,ALL_SYNTHETIC_PRODUCTS,SYNTHETIC_INTERNAL,SNP-COOLIT-20260925-BL,SCN-BASELINE,SHCAL-075-1,2026-H75,SHIFT-A,6,14,5,2400,0,NORMAL
TEN-COOLIT-SYN-001,SITE-COOLIT-SYN-01,REFERENCE,SHIFT_CALENDAR,SHCAL-075-2,SHCAL-075-2,RESOLVED,2026-09-25T23:59:59-06:00,2026-09-26T08:00:00-06:00,2026-06-29T00:00:00-06:00,,1,,false,HISTORICAL_ACTUAL,,,VALID,CURRENT,coolit-synthetic-v2.0.0,ALL_SYNTHETIC_CUSTOMERS,ALL_SYNTHETIC_PROGRAMS,ALL_SYNTHETIC_PRODUCTS,SYNTHETIC_INTERNAL,SNP-COOLIT-20260925-BL,SCN-BASELINE,SHCAL-075-2,2026-H75,SHIFT-B,14,22,5,2400,0,NORMAL
TEN-COOLIT-SYN-001,SITE-COOLIT-SYN-01,REFERENCE,SHIFT_CALENDAR,SHCAL-075-3,SHCAL-075-3,RESOLVED,2026-09-25T23:59:59-06:00,2026-09-26T08:00:00-06:00,2026-06-29T00:00:00-06:00,,1,,false,HISTORICAL_ACTUAL,,,VALID,CURRENT,coolit-synthetic-v2.0.0,ALL_SYNTHETIC_CUSTOMERS,ALL_SYNTHETIC_PROGRAMS,ALL_SYNTHETIC_PRODUCTS,SYNTHETIC_INTERNAL,SNP-COOLIT-20260925-BL,SCN-BASELINE,SHCAL-075-3,2026-H75,SHIFT-C,22,6,3,1440,0,NORMAL
TEN-COOLIT-SYN-001,SITE-COOLIT-SYN-01,REFERENCE,SHIFT_CALENDAR,SHCAL-076-1,SHCAL-076-1,RESOLVED,2026-09-25T23:59:59-06:00,2026-09-26T08:00:00-06:00,2026-06-29T00:00:00-06:00,,1,,false,HISTORICAL_ACTUAL,,,VALID,CURRENT,coolit-synthetic-v2.0.0,ALL_SYNTHETIC_CUSTOMERS,ALL_SYNTHETIC_PROGRAMS,ALL_SYNTHETIC_PRODUCTS,SYNTHETIC_INTERNAL,SNP-COOLIT-20260925-BL,SCN-BASELINE,SHCAL-076-1,2026-H76,SHIFT-A,6,14,5,2400,0,NORMAL
TEN-COOLIT-SYN-001,SITE-COOLIT-SYN-01,REFERENCE,SHIFT_CALENDAR,SHCAL-076-2,SHCAL-076-2,RESOLVED,2026-09-25T23:59:59-06:00,2026-09-26T08:00:00-06:00,2026-06-29T00:00:00-06:00,,1,,false,HISTORICAL_ACTUAL,,,VALID,CURRENT,coolit-synthetic-v2.0.0,ALL_SYNTHETIC_CUSTOMERS,ALL_SYNTHETIC_PROGRAMS,ALL_SYNTHETIC_PRODUCTS,SYNTHETIC_INTERNAL,SNP-COOLIT-20260925-BL,SCN-BASELINE,SHCAL-076-2,2026-H76,SHIFT-B,14,22,5,2400,0,NORMAL
TEN-COOLIT-SYN-001,SITE-COOLIT-SYN-01,REFERENCE,SHIFT_CALENDAR,SHCAL-076-3,SHCAL-076-3,RESOLVED,2026-09-25T23:59:59-06:00,2026-09-26T08:00:00-06:00,2026-06-29T00:00:00-06:00,,1,,false,HISTORICAL_ACTUAL,,,VALID,CURRENT,coolit-synthetic-v2.0.0,ALL_SYNTHETIC_CUSTOMERS,ALL_SYNTHETIC_PROGRAMS,ALL_SYNTHETIC_PRODUCTS,SYNTHETIC_INTERNAL,SNP-COOLIT-20260925-BL,SCN-BASELINE,SHCAL-076-3,2026-H76,SHIFT-C,22,6,3,1440,0,NORMAL
TEN-COOLIT-SYN-001,SITE-COOLIT-SYN-01,REFERENCE,SHIFT_CALENDAR,SHCAL-077-1,SHCAL-077-1,RESOLVED,2026-09-25T23:59:59-06:00,2026-09-26T08:00:00-06:00,2026-06-29T00:00:00-06:00,,1,,false,HISTORICAL_ACTUAL,,,VALID,CURRENT,coolit-synthetic-v2.0.0,ALL_SYNTHETIC_CUSTOMERS,ALL_SYNTHETIC_PROGRAMS,ALL_SYNTHETIC_PRODUCTS,SYNTHETIC_INTERNAL,SNP-COOLIT-20260925-BL,SCN-BASELINE,SHCAL-077-1,2026-H77,SHIFT-A,6,14,5,2400,0,NORMAL
TEN-COOLIT-SYN-001,SITE-COOLIT-SYN-01,REFERENCE,SHIFT_CALENDAR,SHCAL-077-2,SHCAL-077-2,RESOLVED,2026-09-25T23:59:59-06:00,2026-09-26T08:00:00-06:00,2026-06-29T00:00:00-06:00,,1,,false,HISTORICAL_ACTUAL,,,VALID,CURRENT,coolit-synthetic-v2.0.0,ALL_SYNTHETIC_CUSTOMERS,ALL_SYNTHETIC_PROGRAMS,ALL_SYNTHETIC_PRODUCTS,SYNTHETIC_INTERNAL,SNP-COOLIT-20260925-BL,SCN-BASELINE,SHCAL-077-2,2026-H77,SHIFT-B,14,22,5,2400,0,NORMAL
TEN-COOLIT-SYN-001,SITE-COOLIT-SYN-01,REFERENCE,SHIFT_CALENDAR,SHCAL-077-3,SHCAL-077-3,RESOLVED,2026-09-25T23:59:59-06:00,2026-09-26T08:00:00-06:00,2026-06-29T00:00:00-06:00,,1,,false,HISTORICAL_ACTUAL,,,VALID,CURRENT,coolit-synthetic-v2.0.0,ALL_SYNTHETIC_CUSTOMERS,ALL_SYNTHETIC_PROGRAMS,ALL_SYNTHETIC_PRODUCTS,SYNTHETIC_INTERNAL,SNP-COOLIT-20260925-BL,SCN-BASELINE,SHCAL-077-3,2026-H77,SHIFT-C,22,6,3,1440,0,NORMAL
TEN-COOLIT-SYN-001,SITE-COOLIT-SYN-01,REFERENCE,SHIFT_CALENDAR,SHCAL-078-1,SHCAL-078-1,RESOLVED,2026-09-25T23:59:59-06:00,2026-09-26T08:00:00-06:00,2026-06-29T00:00:00-06:00,,1,,false,HISTORICAL_ACTUAL,,,VALID,CURRENT,coolit-synthetic-v2.0.0,ALL_SYNTHETIC_CUSTOMERS,ALL_SYNTHETIC_PROGRAMS,ALL_SYNTHETIC_PRODUCTS,SYNTHETIC_INTERNAL,SNP-COOLIT-20260925-BL,SCN-BASELINE,SHCAL-078-1,2026-H78,SHIFT-A,6,14,5,2400,0,NORMAL
TEN-COOLIT-SYN-001,SITE-COOLIT-SYN-01,REFERENCE,SHIFT_CALENDAR,SHCAL-078-2,SHCAL-078-2,RESOLVED,2026-09-25T23:59:59-06:00,2026-09-26T08:00:00-06:00,2026-06-29T00:00:00-06:00,,1,,false,HISTORICAL_ACTUAL,,,VALID,CURRENT,coolit-synthetic-v2.0.0,ALL_SYNTHETIC_CUSTOMERS,ALL_SYNTHETIC_PROGRAMS,ALL_SYNTHETIC_PRODUCTS,SYNTHETIC_INTERNAL,SNP-COOLIT-20260925-BL,SCN-BASELINE,SHCAL-078-2,2026-H78,SHIFT-B,14,22,5,2400,0,NORMAL
TEN-COOLIT-SYN-001,SITE-COOLIT-SYN-01,REFERENCE,SHIFT_CALENDAR,SHCAL-078-3,SHCAL-078-3,RESOLVED,2026-09-25T23:59:59-06:00,2026-09-26T08:00:00-06:00,2026-06-29T00:00:00-06:00,,1,,false,HISTORICAL_ACTUAL,,,VALID,CURRENT,coolit-synthetic-v2.0.0,ALL_SYNTHETIC_CUSTOMERS,ALL_SYNTHETIC_PROGRAMS,ALL_SYNTHETIC_PRODUCTS,SYNTHETIC_INTERNAL,SNP-COOLIT-20260925-BL,SCN-BASELINE,SHCAL-078-3,2026-H78,SHIFT-C,22,6,3,1440,0,NORMAL
TEN-COOLIT-SYN-001,SITE-COOLIT-SYN-01,REFERENCE,SHIFT_CALENDAR,SHCAL-079-1,SHCAL-079-1,RESOLVED,2026-09-25T23:59:59-06:00,2026-09-26T08:00:00-06:00,2026-06-29T00:00:00-06:00,,1,,false,HISTORICAL_ACTUAL,,,VALID,CURRENT,coolit-synthetic-v2.0.0,ALL_SYNTHETIC_CUSTOMERS,ALL_SYNTHETIC_PROGRAMS,ALL_SYNTHETIC_PRODUCTS,SYNTHETIC_INTERNAL,SNP-COOLIT-20260925-BL,SCN-BASELINE,SHCAL-079-1,2026-H79,SHIFT-A,6,14,5,2400,0,NORMAL
TEN-COOLIT-SYN-001,SITE-COOLIT-SYN-01,REFERENCE,SHIFT_CALENDAR,SHCAL-079-2,SHCAL-079-2,RESOLVED,2026-09-25T23:59:59-06:00,2026-09-26T08:00:00-06:00,2026-06-29T00:00:00-06:00,,1,,false,HISTORICAL_ACTUAL,,,VALID,CURRENT,coolit-synthetic-v2.0.0,ALL_SYNTHETIC_CUSTOMERS,ALL_SYNTHETIC_PROGRAMS,ALL_SYNTHETIC_PRODUCTS,SYNTHETIC_INTERNAL,SNP-COOLIT-20260925-BL,SCN-BASELINE,SHCAL-079-2,2026-H79,SHIFT-B,14,22,5,2400,0,NORMAL
TEN-COOLIT-SYN-001,SITE-COOLIT-SYN-01,REFERENCE,SHIFT_CALENDAR,SHCAL-079-3,SHCAL-079-3,RESOLVED,2026-09-25T23:59:59-06:00,2026-09-26T08:00:00-06:00,2026-06-29T00:00:00-06:00,,1,,false,HISTORICAL_ACTUAL,,,VALID,CURRENT,coolit-synthetic-v2.0.0,ALL_SYNTHETIC_CUSTOMERS,ALL_SYNTHETIC_PROGRAMS,ALL_SYNTHETIC_PRODUCTS,SYNTHETIC_INTERNAL,SNP-COOLIT-20260925-BL,SCN-BASELINE,SHCAL-079-3,2026-H79,SHIFT-C,22,6,3,1440,0,NORMAL
TEN-COOLIT-SYN-001,SITE-COOLIT-SYN-01,REFERENCE,SHIFT_CALENDAR,SHCAL-080-1,SHCAL-080-1,RESOLVED,2026-09-25T23:59:59-06:00,2026-09-26T08:00:00-06:00,2026-06-29T00:00:00-06:00,,1,,false,HISTORICAL_ACTUAL,,,VALID,CURRENT,coolit-synthetic-v2.0.0,ALL_SYNTHETIC_CUSTOMERS,ALL_SYNTHETIC_PROGRAMS,ALL_SYNTHETIC_PRODUCTS,SYNTHETIC_INTERNAL,SNP-COOLIT-20260925-BL,SCN-BASELINE,SHCAL-080-1,2026-H80,SHIFT-A,6,14,5,2400,0,NORMAL
TEN-COOLIT-SYN-001,SITE-COOLIT-SYN-01,REFERENCE,SHIFT_CALENDAR,SHCAL-080-2,SHCAL-080-2,RESOLVED,2026-09-25T23:59:59-06:00,2026-09-26T08:00:00-06:00,2026-06-29T00:00:00-06:00,,1,,false,HISTORICAL_ACTUAL,,,VALID,CURRENT,coolit-synthetic-v2.0.0,ALL_SYNTHETIC_CUSTOMERS,ALL_SYNTHETIC_PROGRAMS,ALL_SYNTHETIC_PRODUCTS,SYNTHETIC_INTERNAL,SNP-COOLIT-20260925-BL,SCN-BASELINE,SHCAL-080-2,2026-H80,SHIFT-B,14,22,5,2400,0,NORMAL
TEN-COOLIT-SYN-001,SITE-COOLIT-SYN-01,REFERENCE,SHIFT_CALENDAR,SHCAL-080-3,SHCAL-080-3,RESOLVED,2026-09-25T23:59:59-06:00,2026-09-26T08:00:00-06:00,2026-06-29T00:00:00-06:00,,1,,false,HISTORICAL_ACTUAL,,,VALID,CURRENT,coolit-synthetic-v2.0.0,ALL_SYNTHETIC_CUSTOMERS,ALL_SYNTHETIC_PROGRAMS,ALL_SYNTHETIC_PRODUCTS,SYNTHETIC_INTERNAL,SNP-COOLIT-20260925-BL,SCN-BASELINE,SHCAL-080-3,2026-H80,SHIFT-C,22,6,3,1440,0,NORMAL
TEN-COOLIT-SYN-001,SITE-COOLIT-SYN-01,REFERENCE,SHIFT_CALENDAR,SHCAL-081-1,SHCAL-081-1,RESOLVED,2026-09-25T23:59:59-06:00,2026-09-26T08:00:00-06:00,2026-06-29T00:00:00-06:00,,1,,false,HISTORICAL_ACTUAL,,,VALID,CURRENT,coolit-synthetic-v2.0.0,ALL_SYNTHETIC_CUSTOMERS,ALL_SYNTHETIC_PROGRAMS,ALL_SYNTHETIC_PRODUCTS,SYNTHETIC_INTERNAL,SNP-COOLIT-20260925-BL,SCN-BASELINE,SHCAL-081-1,2026-H81,SHIFT-A,6,14,5,2400,0,NORMAL
TEN-COOLIT-SYN-001,SITE-COOLIT-SYN-01,REFERENCE,SHIFT_CALENDAR,SHCAL-081-2,SHCAL-081-2,RESOLVED,2026-09-25T23:59:59-06:00,2026-09-26T08:00:00-06:00,2026-06-29T00:00:00-06:00,,1,,false,HISTORICAL_ACTUAL,,,VALID,CURRENT,coolit-synthetic-v2.0.0,ALL_SYNTHETIC_CUSTOMERS,ALL_SYNTHETIC_PROGRAMS,ALL_SYNTHETIC_PRODUCTS,SYNTHETIC_INTERNAL,SNP-COOLIT-20260925-BL,SCN-BASELINE,SHCAL-081-2,2026-H81,SHIFT-B,14,22,5,2400,0,NORMAL
TEN-COOLIT-SYN-001,SITE-COOLIT-SYN-01,REFERENCE,SHIFT_CALENDAR,SHCAL-081-3,SHCAL-081-3,RESOLVED,2026-09-25T23:59:59-06:00,2026-09-26T08:00:00-06:00,2026-06-29T00:00:00-06:00,,1,,false,HISTORICAL_ACTUAL,,,VALID,CURRENT,coolit-synthetic-v2.0.0,ALL_SYNTHETIC_CUSTOMERS,ALL_SYNTHETIC_PROGRAMS,ALL_SYNTHETIC_PRODUCTS,SYNTHETIC_INTERNAL,SNP-COOLIT-20260925-BL,SCN-BASELINE,SHCAL-081-3,2026-H81,SHIFT-C,22,6,3,1440,0,NORMAL
TEN-COOLIT-SYN-001,SITE-COOLIT-SYN-01,REFERENCE,SHIFT_CALENDAR,SHCAL-082-1,SHCAL-082-1,RESOLVED,2026-09-25T23:59:59-06:00,2026-09-26T08:00:00-06:00,2026-06-29T00:00:00-06:00,,1,,false,HISTORICAL_ACTUAL,,,VALID,CURRENT,coolit-synthetic-v2.0.0,ALL_SYNTHETIC_CUSTOMERS,ALL_SYNTHETIC_PROGRAMS,ALL_SYNTHETIC_PRODUCTS,SYNTHETIC_INTERNAL,SNP-COOLIT-20260925-BL,SCN-BASELINE,SHCAL-082-1,2026-H82,SHIFT-A,6,14,5,2400,0,NORMAL
TEN-COOLIT-SYN-001,SITE-COOLIT-SYN-01,REFERENCE,SHIFT_CALENDAR,SHCAL-082-2,SHCAL-082-2,RESOLVED,2026-09-25T23:59:59-06:00,2026-09-26T08:00:00-06:00,2026-06-29T00:00:00-06:00,,1,,false,HISTORICAL_ACTUAL,,,VALID,CURRENT,coolit-synthetic-v2.0.0,ALL_SYNTHETIC_CUSTOMERS,ALL_SYNTHETIC_PROGRAMS,ALL_SYNTHETIC_PRODUCTS,SYNTHETIC_INTERNAL,SNP-COOLIT-20260925-BL,SCN-BASELINE,SHCAL-082-2,2026-H82,SHIFT-B,14,22,5,2400,0,NORMAL
TEN-COOLIT-SYN-001,SITE-COOLIT-SYN-01,REFERENCE,SHIFT_CALENDAR,SHCAL-082-3,SHCAL-082-3,RESOLVED,2026-09-25T23:59:59-06:00,2026-09-26T08:00:00-06:00,2026-06-29T00:00:00-06:00,,1,,false,HISTORICAL_ACTUAL,,,VALID,CURRENT,coolit-synthetic-v2.0.0,ALL_SYNTHETIC_CUSTOMERS,ALL_SYNTHETIC_PROGRAMS,ALL_SYNTHETIC_PRODUCTS,SYNTHETIC_INTERNAL,SNP-COOLIT-20260925-BL,SCN-BASELINE,SHCAL-082-3,2026-H82,SHIFT-C,22,6,3,1440,0,NORMAL
TEN-COOLIT-SYN-001,SITE-COOLIT-SYN-01,REFERENCE,SHIFT_CALENDAR,SHCAL-083-1,SHCAL-083-1,RESOLVED,2026-09-25T23:59:59-06:00,2026-09-26T08:00:00-06:00,2026-06-29T00:00:00-06:00,,1,,false,HISTORICAL_ACTUAL,,,VALID,CURRENT,coolit-synthetic-v2.0.0,ALL_SYNTHETIC_CUSTOMERS,ALL_SYNTHETIC_PROGRAMS,ALL_SYNTHETIC_PRODUCTS,SYNTHETIC_INTERNAL,SNP-COOLIT-20260925-BL,SCN-BASELINE,SHCAL-083-1,2026-H83,SHIFT-A,6,14,5,2400,0,NORMAL
TEN-COOLIT-SYN-001,SITE-COOLIT-SYN-01,REFERENCE,SHIFT_CALENDAR,SHCAL-083-2,SHCAL-083-2,RESOLVED,2026-09-25T23:59:59-06:00,2026-09-26T08:00:00-06:00,2026-06-29T00:00:00-06:00,,1,,false,HISTORICAL_ACTUAL,,,VALID,CURRENT,coolit-synthetic-v2.0.0,ALL_SYNTHETIC_CUSTOMERS,ALL_SYNTHETIC_PROGRAMS,ALL_SYNTHETIC_PRODUCTS,SYNTHETIC_INTERNAL,SNP-COOLIT-20260925-BL,SCN-BASELINE,SHCAL-083-2,2026-H83,SHIFT-B,14,22,5,2400,0,NORMAL
TEN-COOLIT-SYN-001,SITE-COOLIT-SYN-01,REFERENCE,SHIFT_CALENDAR,SHCAL-083-3,SHCAL-083-3,RESOLVED,2026-09-25T23:59:59-06:00,2026-09-26T08:00:00-06:00,2026-06-29T00:00:00-06:00,,1,,false,HISTORICAL_ACTUAL,,,VALID,CURRENT,coolit-synthetic-v2.0.0,ALL_SYNTHETIC_CUSTOMERS,ALL_SYNTHETIC_PROGRAMS,ALL_SYNTHETIC_PRODUCTS,SYNTHETIC_INTERNAL,SNP-COOLIT-20260925-BL,SCN-BASELINE,SHCAL-083-3,2026-H83,SHIFT-C,22,6,3,1440,0,NORMAL
TEN-COOLIT-SYN-001,SITE-COOLIT-SYN-01,REFERENCE,SHIFT_CALENDAR,SHCAL-084-1,SHCAL-084-1,RESOLVED,2026-09-25T23:59:59-06:00,2026-09-26T08:00:00-06:00,2026-06-29T00:00:00-06:00,,1,,false,HISTORICAL_ACTUAL,,,VALID,CURRENT,coolit-synthetic-v2.0.0,ALL_SYNTHETIC_CUSTOMERS,ALL_SYNTHETIC_PROGRAMS,ALL_SYNTHETIC_PRODUCTS,SYNTHETIC_INTERNAL,SNP-COOLIT-20260925-BL,SCN-BASELINE,SHCAL-084-1,2026-H84,SHIFT-A,6,14,5,2400,0,NORMAL
TEN-COOLIT-SYN-001,SITE-COOLIT-SYN-01,REFERENCE,SHIFT_CALENDAR,SHCAL-084-2,SHCAL-084-2,RESOLVED,2026-09-25T23:59:59-06:00,2026-09-26T08:00:00-06:00,2026-06-29T00:00:00-06:00,,1,,false,HISTORICAL_ACTUAL,,,VALID,CURRENT,coolit-synthetic-v2.0.0,ALL_SYNTHETIC_CUSTOMERS,ALL_SYNTHETIC_PROGRAMS,ALL_SYNTHETIC_PRODUCTS,SYNTHETIC_INTERNAL,SNP-COOLIT-20260925-BL,SCN-BASELINE,SHCAL-084-2,2026-H84,SHIFT-B,14,22,5,2400,0,NORMAL
TEN-COOLIT-SYN-001,SITE-COOLIT-SYN-01,REFERENCE,SHIFT_CALENDAR,SHCAL-084-3,SHCAL-084-3,RESOLVED,2026-09-25T23:59:59-06:00,2026-09-26T08:00:00-06:00,2026-06-29T00:00:00-06:00,,1,,false,HISTORICAL_ACTUAL,,,VALID,CURRENT,coolit-synthetic-v2.0.0,ALL_SYNTHETIC_CUSTOMERS,ALL_SYNTHETIC_PROGRAMS,ALL_SYNTHETIC_PRODUCTS,SYNTHETIC_INTERNAL,SNP-COOLIT-20260925-BL,SCN-BASELINE,SHCAL-084-3,2026-H84,SHIFT-C,22,6,3,1440,0,NORMAL
TEN-COOLIT-SYN-001,SITE-COOLIT-SYN-01,REFERENCE,SHIFT_CALENDAR,SHCAL-085-1,SHCAL-085-1,RESOLVED,2026-09-25T23:59:59-06:00,2026-09-26T08:00:00-06:00,2026-06-29T00:00:00-06:00,,1,,false,HISTORICAL_ACTUAL,,,VALID,CURRENT,coolit-synthetic-v2.0.0,ALL_SYNTHETIC_CUSTOMERS,ALL_SYNTHETIC_PROGRAMS,ALL_SYNTHETIC_PRODUCTS,SYNTHETIC_INTERNAL,SNP-COOLIT-20260925-BL,SCN-BASELINE,SHCAL-085-1,2026-H85,SHIFT-A,6,14,5,2400,0,NORMAL
TEN-COOLIT-SYN-001,SITE-COOLIT-SYN-01,REFERENCE,SHIFT_CALENDAR,SHCAL-085-2,SHCAL-085-2,RESOLVED,2026-09-25T23:59:59-06:00,2026-09-26T08:00:00-06:00,2026-06-29T00:00:00-06:00,,1,,false,HISTORICAL_ACTUAL,,,VALID,CURRENT,coolit-synthetic-v2.0.0,ALL_SYNTHETIC_CUSTOMERS,ALL_SYNTHETIC_PROGRAMS,ALL_SYNTHETIC_PRODUCTS,SYNTHETIC_INTERNAL,SNP-COOLIT-20260925-BL,SCN-BASELINE,SHCAL-085-2,2026-H85,SHIFT-B,14,22,5,2400,0,NORMAL
TEN-COOLIT-SYN-001,SITE-COOLIT-SYN-01,REFERENCE,SHIFT_CALENDAR,SHCAL-085-3,SHCAL-085-3,RESOLVED,2026-09-25T23:59:59-06:00,2026-09-26T08:00:00-06:00,2026-06-29T00:00:00-06:00,,1,,false,HISTORICAL_ACTUAL,,,VALID,CURRENT,coolit-synthetic-v2.0.0,ALL_SYNTHETIC_CUSTOMERS,ALL_SYNTHETIC_PROGRAMS,ALL_SYNTHETIC_PRODUCTS,SYNTHETIC_INTERNAL,SNP-COOLIT-20260925-BL,SCN-BASELINE,SHCAL-085-3,2026-H85,SHIFT-C,22,6,3,1440,0,NORMAL
TEN-COOLIT-SYN-001,SITE-COOLIT-SYN-01,REFERENCE,SHIFT_CALENDAR,SHCAL-086-1,SHCAL-086-1,RESOLVED,2026-09-25T23:59:59-06:00,2026-09-26T08:00:00-06:00,2026-06-29T00:00:00-06:00,,1,,false,HISTORICAL_ACTUAL,,,VALID,CURRENT,coolit-synthetic-v2.0.0,ALL_SYNTHETIC_CUSTOMERS,ALL_SYNTHETIC_PROGRAMS,ALL_SYNTHETIC_PRODUCTS,SYNTHETIC_INTERNAL,SNP-COOLIT-20260925-BL,SCN-BASELINE,SHCAL-086-1,2026-H86,SHIFT-A,6,14,5,2400,0,NORMAL
TEN-COOLIT-SYN-001,SITE-COOLIT-SYN-01,REFERENCE,SHIFT_CALENDAR,SHCAL-086-2,SHCAL-086-2,RESOLVED,2026-09-25T23:59:59-06:00,2026-09-26T08:00:00-06:00,2026-06-29T00:00:00-06:00,,1,,false,HISTORICAL_ACTUAL,,,VALID,CURRENT,coolit-synthetic-v2.0.0,ALL_SYNTHETIC_CUSTOMERS,ALL_SYNTHETIC_PROGRAMS,ALL_SYNTHETIC_PRODUCTS,SYNTHETIC_INTERNAL,SNP-COOLIT-20260925-BL,SCN-BASELINE,SHCAL-086-2,2026-H86,SHIFT-B,14,22,5,2400,0,NORMAL
TEN-COOLIT-SYN-001,SITE-COOLIT-SYN-01,REFERENCE,SHIFT_CALENDAR,SHCAL-086-3,SHCAL-086-3,RESOLVED,2026-09-25T23:59:59-06:00,2026-09-26T08:00:00-06:00,2026-06-29T00:00:00-06:00,,1,,false,HISTORICAL_ACTUAL,,,VALID,CURRENT,coolit-synthetic-v2.0.0,ALL_SYNTHETIC_CUSTOMERS,ALL_SYNTHETIC_PROGRAMS,ALL_SYNTHETIC_PRODUCTS,SYNTHETIC_INTERNAL,SNP-COOLIT-20260925-BL,SCN-BASELINE,SHCAL-086-3,2026-H86,SHIFT-C,22,6,3,1440,0,NORMAL
TEN-COOLIT-SYN-001,SITE-COOLIT-SYN-01,REFERENCE,SHIFT_CALENDAR,SHCAL-087-1,SHCAL-087-1,RESOLVED,2026-09-25T23:59:59-06:00,2026-09-26T08:00:00-06:00,2026-06-29T00:00:00-06:00,,1,,false,HISTORICAL_ACTUAL,,,VALID,CURRENT,coolit-synthetic-v2.0.0,ALL_SYNTHETIC_CUSTOMERS,ALL_SYNTHETIC_PROGRAMS,ALL_SYNTHETIC_PRODUCTS,SYNTHETIC_INTERNAL,SNP-COOLIT-20260925-BL,SCN-BASELINE,SHCAL-087-1,2026-H87,SHIFT-A,6,14,5,2400,0,NORMAL
TEN-COOLIT-SYN-001,SITE-COOLIT-SYN-01,REFERENCE,SHIFT_CALENDAR,SHCAL-087-2,SHCAL-087-2,RESOLVED,2026-09-25T23:59:59-06:00,2026-09-26T08:00:00-06:00,2026-06-29T00:00:00-06:00,,1,,false,HISTORICAL_ACTUAL,,,VALID,CURRENT,coolit-synthetic-v2.0.0,ALL_SYNTHETIC_CUSTOMERS,ALL_SYNTHETIC_PROGRAMS,ALL_SYNTHETIC_PRODUCTS,SYNTHETIC_INTERNAL,SNP-COOLIT-20260925-BL,SCN-BASELINE,SHCAL-087-2,2026-H87,SHIFT-B,14,22,5,2400,0,NORMAL
TEN-COOLIT-SYN-001,SITE-COOLIT-SYN-01,REFERENCE,SHIFT_CALENDAR,SHCAL-087-3,SHCAL-087-3,RESOLVED,2026-09-25T23:59:59-06:00,2026-09-26T08:00:00-06:00,2026-06-29T00:00:00-06:00,,1,,false,HISTORICAL_ACTUAL,,,VALID,CURRENT,coolit-synthetic-v2.0.0,ALL_SYNTHETIC_CUSTOMERS,ALL_SYNTHETIC_PROGRAMS,ALL_SYNTHETIC_PRODUCTS,SYNTHETIC_INTERNAL,SNP-COOLIT-20260925-BL,SCN-BASELINE,SHCAL-087-3,2026-H87,SHIFT-C,22,6,3,1440,0,NORMAL
TEN-COOLIT-SYN-001,SITE-COOLIT-SYN-01,REFERENCE,SHIFT_CALENDAR,SHCAL-088-1,SHCAL-088-1,RESOLVED,2026-09-25T23:59:59-06:00,2026-09-26T08:00:00-06:00,2026-06-29T00:00:00-06:00,,1,,false,HISTORICAL_ACTUAL,,,VALID,CURRENT,coolit-synthetic-v2.0.0,ALL_SYNTHETIC_CUSTOMERS,ALL_SYNTHETIC_PROGRAMS,ALL_SYNTHETIC_PRODUCTS,SYNTHETIC_INTERNAL,SNP-COOLIT-20260925-BL,SCN-BASELINE,SHCAL-088-1,2026-H88,SHIFT-A,6,14,5,2400,0,NORMAL
TEN-COOLIT-SYN-001,SITE-COOLIT-SYN-01,REFERENCE,SHIFT_CALENDAR,SHCAL-088-2,SHCAL-088-2,RESOLVED,2026-09-25T23:59:59-06:00,2026-09-26T08:00:00-06:00,2026-06-29T00:00:00-06:00,,1,,false,HISTORICAL_ACTUAL,,,VALID,CURRENT,coolit-synthetic-v2.0.0,ALL_SYNTHETIC_CUSTOMERS,ALL_SYNTHETIC_PROGRAMS,ALL_SYNTHETIC_PRODUCTS,SYNTHETIC_INTERNAL,SNP-COOLIT-20260925-BL,SCN-BASELINE,SHCAL-088-2,2026-H88,SHIFT-B,14,22,5,2400,0,NORMAL
TEN-COOLIT-SYN-001,SITE-COOLIT-SYN-01,REFERENCE,SHIFT_CALENDAR,SHCAL-088-3,SHCAL-088-3,RESOLVED,2026-09-25T23:59:59-06:00,2026-09-26T08:00:00-06:00,2026-06-29T00:00:00-06:00,,1,,false,HISTORICAL_ACTUAL,,,VALID,CURRENT,coolit-synthetic-v2.0.0,ALL_SYNTHETIC_CUSTOMERS,ALL_SYNTHETIC_PROGRAMS,ALL_SYNTHETIC_PRODUCTS,SYNTHETIC_INTERNAL,SNP-COOLIT-20260925-BL,SCN-BASELINE,SHCAL-088-3,2026-H88,SHIFT-C,22,6,3,1440,0,NORMAL
TEN-COOLIT-SYN-001,SITE-COOLIT-SYN-01,REFERENCE,SHIFT_CALENDAR,SHCAL-089-1,SHCAL-089-1,RESOLVED,2026-09-25T23:59:59-06:00,2026-09-26T08:00:00-06:00,2026-06-29T00:00:00-06:00,,1,,false,HISTORICAL_ACTUAL,,,VALID,CURRENT,coolit-synthetic-v2.0.0,ALL_SYNTHETIC_CUSTOMERS,ALL_SYNTHETIC_PROGRAMS,ALL_SYNTHETIC_PRODUCTS,SYNTHETIC_INTERNAL,SNP-COOLIT-20260925-BL,SCN-BASELINE,SHCAL-089-1,2026-H89,SHIFT-A,6,14,5,2400,0,NORMAL
TEN-COOLIT-SYN-001,SITE-COOLIT-SYN-01,REFERENCE,SHIFT_CALENDAR,SHCAL-089-2,SHCAL-089-2,RESOLVED,2026-09-25T23:59:59-06:00,2026-09-26T08:00:00-06:00,2026-06-29T00:00:00-06:00,,1,,false,HISTORICAL_ACTUAL,,,VALID,CURRENT,coolit-synthetic-v2.0.0,ALL_SYNTHETIC_CUSTOMERS,ALL_SYNTHETIC_PROGRAMS,ALL_SYNTHETIC_PRODUCTS,SYNTHETIC_INTERNAL,SNP-COOLIT-20260925-BL,SCN-BASELINE,SHCAL-089-2,2026-H89,SHIFT-B,14,22,5,2400,0,NORMAL
TEN-COOLIT-SYN-001,SITE-COOLIT-SYN-01,REFERENCE,SHIFT_CALENDAR,SHCAL-089-3,SHCAL-089-3,RESOLVED,2026-09-25T23:59:59-06:00,2026-09-26T08:00:00-06:00,2026-06-29T00:00:00-06:00,,1,,false,HISTORICAL_ACTUAL,,,VALID,CURRENT,coolit-synthetic-v2.0.0,ALL_SYNTHETIC_CUSTOMERS,ALL_SYNTHETIC_PROGRAMS,ALL_SYNTHETIC_PRODUCTS,SYNTHETIC_INTERNAL,SNP-COOLIT-20260925-BL,SCN-BASELINE,SHCAL-089-3,2026-H89,SHIFT-C,22,6,3,1440,0,NORMAL
TEN-COOLIT-SYN-001,SITE-COOLIT-SYN-01,REFERENCE,SHIFT_CALENDAR,SHCAL-090-1,SHCAL-090-1,RESOLVED,2026-09-25T23:59:59-06:00,2026-09-26T08:00:00-06:00,2026-06-29T00:00:00-06:00,,1,,false,HISTORICAL_ACTUAL,,,VALID,CURRENT,coolit-synthetic-v2.0.0,ALL_SYNTHETIC_CUSTOMERS,ALL_SYNTHETIC_PROGRAMS,ALL_SYNTHETIC_PRODUCTS,SYNTHETIC_INTERNAL,SNP-COOLIT-20260925-BL,SCN-BASELINE,SHCAL-090-1,2026-H90,SHIFT-A,6,14,5,2400,0,NORMAL
TEN-COOLIT-SYN-001,SITE-COOLIT-SYN-01,REFERENCE,SHIFT_CALENDAR,SHCAL-090-2,SHCAL-090-2,RESOLVED,2026-09-25T23:59:59-06:00,2026-09-26T08:00:00-06:00,2026-06-29T00:00:00-06:00,,1,,false,HISTORICAL_ACTUAL,,,VALID,CURRENT,coolit-synthetic-v2.0.0,ALL_SYNTHETIC_CUSTOMERS,ALL_SYNTHETIC_PROGRAMS,ALL_SYNTHETIC_PRODUCTS,SYNTHETIC_INTERNAL,SNP-COOLIT-20260925-BL,SCN-BASELINE,SHCAL-090-2,2026-H90,SHIFT-B,14,22,5,2400,0,NORMAL
TEN-COOLIT-SYN-001,SITE-COOLIT-SYN-01,REFERENCE,SHIFT_CALENDAR,SHCAL-090-3,SHCAL-090-3,RESOLVED,2026-09-25T23:59:59-06:00,2026-09-26T08:00:00-06:00,2026-06-29T00:00:00-06:00,,1,,false,HISTORICAL_ACTUAL,,,VALID,CURRENT,coolit-synthetic-v2.0.0,ALL_SYNTHETIC_CUSTOMERS,ALL_SYNTHETIC_PROGRAMS,ALL_SYNTHETIC_PRODUCTS,SYNTHETIC_INTERNAL,SNP-COOLIT-20260925-BL,SCN-BASELINE,SHCAL-090-3,2026-H90,SHIFT-C,22,6,3,1440,0,NORMAL
TEN-COOLIT-SYN-001,SITE-COOLIT-SYN-01,REFERENCE,SHIFT_CALENDAR,SHCAL-091-1,SHCAL-091-1,RESOLVED,2026-09-25T23:59:59-06:00,2026-09-26T08:00:00-06:00,2026-06-29T00:00:00-06:00,,1,,false,HISTORICAL_ACTUAL,,,VALID,CURRENT,coolit-synthetic-v2.0.0,ALL_SYNTHETIC_CUSTOMERS,ALL_SYNTHETIC_PROGRAMS,ALL_SYNTHETIC_PRODUCTS,SYNTHETIC_INTERNAL,SNP-COOLIT-20260925-BL,SCN-BASELINE,SHCAL-091-1,2026-H91,SHIFT-A,6,14,5,2400,0,NORMAL
TEN-COOLIT-SYN-001,SITE-COOLIT-SYN-01,REFERENCE,SHIFT_CALENDAR,SHCAL-091-2,SHCAL-091-2,RESOLVED,2026-09-25T23:59:59-06:00,2026-09-26T08:00:00-06:00,2026-06-29T00:00:00-06:00,,1,,false,HISTORICAL_ACTUAL,,,VALID,CURRENT,coolit-synthetic-v2.0.0,ALL_SYNTHETIC_CUSTOMERS,ALL_SYNTHETIC_PROGRAMS,ALL_SYNTHETIC_PRODUCTS,SYNTHETIC_INTERNAL,SNP-COOLIT-20260925-BL,SCN-BASELINE,SHCAL-091-2,2026-H91,SHIFT-B,14,22,5,2400,0,NORMAL
TEN-COOLIT-SYN-001,SITE-COOLIT-SYN-01,REFERENCE,SHIFT_CALENDAR,SHCAL-091-3,SHCAL-091-3,RESOLVED,2026-09-25T23:59:59-06:00,2026-09-26T08:00:00-06:00,2026-06-29T00:00:00-06:00,,1,,false,HISTORICAL_ACTUAL,,,VALID,CURRENT,coolit-synthetic-v2.0.0,ALL_SYNTHETIC_CUSTOMERS,ALL_SYNTHETIC_PROGRAMS,ALL_SYNTHETIC_PRODUCTS,SYNTHETIC_INTERNAL,SNP-COOLIT-20260925-BL,SCN-BASELINE,SHCAL-091-3,2026-H91,SHIFT-C,22,6,3,1440,0,NORMAL
TEN-COOLIT-SYN-001,SITE-COOLIT-SYN-01,REFERENCE,SHIFT_CALENDAR,SHCAL-092-1,SHCAL-092-1,RESOLVED,2026-09-25T23:59:59-06:00,2026-09-26T08:00:00-06:00,2026-06-29T00:00:00-06:00,,1,,false,HISTORICAL_ACTUAL,,,VALID,CURRENT,coolit-synthetic-v2.0.0,ALL_SYNTHETIC_CUSTOMERS,ALL_SYNTHETIC_PROGRAMS,ALL_SYNTHETIC_PRODUCTS,SYNTHETIC_INTERNAL,SNP-COOLIT-20260925-BL,SCN-BASELINE,SHCAL-092-1,2026-H92,SHIFT-A,6,14,5,2400,0,NORMAL
TEN-COOLIT-SYN-001,SITE-COOLIT-SYN-01,REFERENCE,SHIFT_CALENDAR,SHCAL-092-2,SHCAL-092-2,RESOLVED,2026-09-25T23:59:59-06:00,2026-09-26T08:00:00-06:00,2026-06-29T00:00:00-06:00,,1,,false,HISTORICAL_ACTUAL,,,VALID,CURRENT,coolit-synthetic-v2.0.0,ALL_SYNTHETIC_CUSTOMERS,ALL_SYNTHETIC_PROGRAMS,ALL_SYNTHETIC_PRODUCTS,SYNTHETIC_INTERNAL,SNP-COOLIT-20260925-BL,SCN-BASELINE,SHCAL-092-2,2026-H92,SHIFT-B,14,22,5,2400,0,NORMAL
TEN-COOLIT-SYN-001,SITE-COOLIT-SYN-01,REFERENCE,SHIFT_CALENDAR,SHCAL-092-3,SHCAL-092-3,RESOLVED,2026-09-25T23:59:59-06:00,2026-09-26T08:00:00-06:00,2026-06-29T00:00:00-06:00,,1,,false,HISTORICAL_ACTUAL,,,VALID,CURRENT,coolit-synthetic-v2.0.0,ALL_SYNTHETIC_CUSTOMERS,ALL_SYNTHETIC_PROGRAMS,ALL_SYNTHETIC_PRODUCTS,SYNTHETIC_INTERNAL,SNP-COOLIT-20260925-BL,SCN-BASELINE,SHCAL-092-3,2026-H92,SHIFT-C,22,6,3,1440,0,NORMAL
TEN-COOLIT-SYN-001,SITE-COOLIT-SYN-01,REFERENCE,SHIFT_CALENDAR,SHCAL-093-1,SHCAL-093-1,RESOLVED,2026-09-25T23:59:59-06:00,2026-09-26T08:00:00-06:00,2026-06-29T00:00:00-06:00,,1,,false,HISTORICAL_ACTUAL,,,VALID,CURRENT,coolit-synthetic-v2.0.0,ALL_SYNTHETIC_CUSTOMERS,ALL_SYNTHETIC_PROGRAMS,ALL_SYNTHETIC_PRODUCTS,SYNTHETIC_INTERNAL,SNP-COOLIT-20260925-BL,SCN-BASELINE,SHCAL-093-1,2026-H93,SHIFT-A,6,14,5,2400,0,NORMAL
TEN-COOLIT-SYN-001,SITE-COOLIT-SYN-01,REFERENCE,SHIFT_CALENDAR,SHCAL-093-2,SHCAL-093-2,RESOLVED,2026-09-25T23:59:59-06:00,2026-09-26T08:00:00-06:00,2026-06-29T00:00:00-06:00,,1,,false,HISTORICAL_ACTUAL,,,VALID,CURRENT,coolit-synthetic-v2.0.0,ALL_SYNTHETIC_CUSTOMERS,ALL_SYNTHETIC_PROGRAMS,ALL_SYNTHETIC_PRODUCTS,SYNTHETIC_INTERNAL,SNP-COOLIT-20260925-BL,SCN-BASELINE,SHCAL-093-2,2026-H93,SHIFT-B,14,22,5,2400,0,NORMAL
TEN-COOLIT-SYN-001,SITE-COOLIT-SYN-01,REFERENCE,SHIFT_CALENDAR,SHCAL-093-3,SHCAL-093-3,RESOLVED,2026-09-25T23:59:59-06:00,2026-09-26T08:00:00-06:00,2026-06-29T00:00:00-06:00,,1,,false,HISTORICAL_ACTUAL,,,VALID,CURRENT,coolit-synthetic-v2.0.0,ALL_SYNTHETIC_CUSTOMERS,ALL_SYNTHETIC_PROGRAMS,ALL_SYNTHETIC_PRODUCTS,SYNTHETIC_INTERNAL,SNP-COOLIT-20260925-BL,SCN-BASELINE,SHCAL-093-3,2026-H93,SHIFT-C,22,6,3,1440,0,NORMAL
TEN-COOLIT-SYN-001,SITE-COOLIT-SYN-01,REFERENCE,SHIFT_CALENDAR,SHCAL-094-1,SHCAL-094-1,RESOLVED,2026-09-25T23:59:59-06:00,2026-09-26T08:00:00-06:00,2026-06-29T00:00:00-06:00,,1,,false,HISTORICAL_ACTUAL,,,VALID,CURRENT,coolit-synthetic-v2.0.0,ALL_SYNTHETIC_CUSTOMERS,ALL_SYNTHETIC_PROGRAMS,ALL_SYNTHETIC_PRODUCTS,SYNTHETIC_INTERNAL,SNP-COOLIT-20260925-BL,SCN-BASELINE,SHCAL-094-1,2026-H94,SHIFT-A,6,14,5,2400,0,NORMAL
TEN-COOLIT-SYN-001,SITE-COOLIT-SYN-01,REFERENCE,SHIFT_CALENDAR,SHCAL-094-2,SHCAL-094-2,RESOLVED,2026-09-25T23:59:59-06:00,2026-09-26T08:00:00-06:00,2026-06-29T00:00:00-06:00,,1,,false,HISTORICAL_ACTUAL,,,VALID,CURRENT,coolit-synthetic-v2.0.0,ALL_SYNTHETIC_CUSTOMERS,ALL_SYNTHETIC_PROGRAMS,ALL_SYNTHETIC_PRODUCTS,SYNTHETIC_INTERNAL,SNP-COOLIT-20260925-BL,SCN-BASELINE,SHCAL-094-2,2026-H94,SHIFT-B,14,22,5,2400,0,NORMAL
TEN-COOLIT-SYN-001,SITE-COOLIT-SYN-01,REFERENCE,SHIFT_CALENDAR,SHCAL-094-3,SHCAL-094-3,RESOLVED,2026-09-25T23:59:59-06:00,2026-09-26T08:00:00-06:00,2026-06-29T00:00:00-06:00,,1,,false,HISTORICAL_ACTUAL,,,VALID,CURRENT,coolit-synthetic-v2.0.0,ALL_SYNTHETIC_CUSTOMERS,ALL_SYNTHETIC_PROGRAMS,ALL_SYNTHETIC_PRODUCTS,SYNTHETIC_INTERNAL,SNP-COOLIT-20260925-BL,SCN-BASELINE,SHCAL-094-3,2026-H94,SHIFT-C,22,6,3,1440,0,NORMAL
TEN-COOLIT-SYN-001,SITE-COOLIT-SYN-01,REFERENCE,SHIFT_CALENDAR,SHCAL-095-1,SHCAL-095-1,RESOLVED,2026-09-25T23:59:59-06:00,2026-09-26T08:00:00-06:00,2026-06-29T00:00:00-06:00,,1,,false,HISTORICAL_ACTUAL,,,VALID,CURRENT,coolit-synthetic-v2.0.0,ALL_SYNTHETIC_CUSTOMERS,ALL_SYNTHETIC_PROGRAMS,ALL_SYNTHETIC_PRODUCTS,SYNTHETIC_INTERNAL,SNP-COOLIT-20260925-BL,SCN-BASELINE,SHCAL-095-1,2026-H95,SHIFT-A,6,14,5,2400,0,NORMAL
TEN-COOLIT-SYN-001,SITE-COOLIT-SYN-01,REFERENCE,SHIFT_CALENDAR,SHCAL-095-2,SHCAL-095-2,RESOLVED,2026-09-25T23:59:59-06:00,2026-09-26T08:00:00-06:00,2026-06-29T00:00:00-06:00,,1,,false,HISTORICAL_ACTUAL,,,VALID,CURRENT,coolit-synthetic-v2.0.0,ALL_SYNTHETIC_CUSTOMERS,ALL_SYNTHETIC_PROGRAMS,ALL_SYNTHETIC_PRODUCTS,SYNTHETIC_INTERNAL,SNP-COOLIT-20260925-BL,SCN-BASELINE,SHCAL-095-2,2026-H95,SHIFT-B,14,22,5,2400,0,NORMAL
TEN-COOLIT-SYN-001,SITE-COOLIT-SYN-01,REFERENCE,SHIFT_CALENDAR,SHCAL-095-3,SHCAL-095-3,RESOLVED,2026-09-25T23:59:59-06:00,2026-09-26T08:00:00-06:00,2026-06-29T00:00:00-06:00,,1,,false,HISTORICAL_ACTUAL,,,VALID,CURRENT,coolit-synthetic-v2.0.0,ALL_SYNTHETIC_CUSTOMERS,ALL_SYNTHETIC_PROGRAMS,ALL_SYNTHETIC_PRODUCTS,SYNTHETIC_INTERNAL,SNP-COOLIT-20260925-BL,SCN-BASELINE,SHCAL-095-3,2026-H95,SHIFT-C,22,6,3,1440,0,NORMAL
TEN-COOLIT-SYN-001,SITE-COOLIT-SYN-01,REFERENCE,SHIFT_CALENDAR,SHCAL-096-1,SHCAL-096-1,RESOLVED,2026-09-25T23:59:59-06:00,2026-09-26T08:00:00-06:00,2026-06-29T00:00:00-06:00,,1,,false,HISTORICAL_ACTUAL,,,VALID,CURRENT,coolit-synthetic-v2.0.0,ALL_SYNTHETIC_CUSTOMERS,ALL_SYNTHETIC_PROGRAMS,ALL_SYNTHETIC_PRODUCTS,SYNTHETIC_INTERNAL,SNP-COOLIT-20260925-BL,SCN-BASELINE,SHCAL-096-1,2026-H96,SHIFT-A,6,14,5,2400,0,NORMAL
TEN-COOLIT-SYN-001,SITE-COOLIT-SYN-01,REFERENCE,SHIFT_CALENDAR,SHCAL-096-2,SHCAL-096-2,RESOLVED,2026-09-25T23:59:59-06:00,2026-09-26T08:00:00-06:00,2026-06-29T00:00:00-06:00,,1,,false,HISTORICAL_ACTUAL,,,VALID,CURRENT,coolit-synthetic-v2.0.0,ALL_SYNTHETIC_CUSTOMERS,ALL_SYNTHETIC_PROGRAMS,ALL_SYNTHETIC_PRODUCTS,SYNTHETIC_INTERNAL,SNP-COOLIT-20260925-BL,SCN-BASELINE,SHCAL-096-2,2026-H96,SHIFT-B,14,22,5,2400,0,NORMAL
TEN-COOLIT-SYN-001,SITE-COOLIT-SYN-01,REFERENCE,SHIFT_CALENDAR,SHCAL-096-3,SHCAL-096-3,RESOLVED,2026-09-25T23:59:59-06:00,2026-09-26T08:00:00-06:00,2026-06-29T00:00:00-06:00,,1,,false,HISTORICAL_ACTUAL,,,VALID,CURRENT,coolit-synthetic-v2.0.0,ALL_SYNTHETIC_CUSTOMERS,ALL_SYNTHETIC_PROGRAMS,ALL_SYNTHETIC_PRODUCTS,SYNTHETIC_INTERNAL,SNP-COOLIT-20260925-BL,SCN-BASELINE,SHCAL-096-3,2026-H96,SHIFT-C,22,6,3,1440,0,NORMAL
TEN-COOLIT-SYN-001,SITE-COOLIT-SYN-01,REFERENCE,SHIFT_CALENDAR,SHCAL-097-1,SHCAL-097-1,RESOLVED,2026-09-25T23:59:59-06:00,2026-09-26T08:00:00-06:00,2026-06-29T00:00:00-06:00,,1,,false,HISTORICAL_ACTUAL,,,VALID,CURRENT,coolit-synthetic-v2.0.0,ALL_SYNTHETIC_CUSTOMERS,ALL_SYNTHETIC_PROGRAMS,ALL_SYNTHETIC_PRODUCTS,SYNTHETIC_INTERNAL,SNP-COOLIT-20260925-BL,SCN-BASELINE,SHCAL-097-1,2026-H97,SHIFT-A,6,14,5,2400,0,NORMAL
TEN-COOLIT-SYN-001,SITE-COOLIT-SYN-01,REFERENCE,SHIFT_CALENDAR,SHCAL-097-2,SHCAL-097-2,RESOLVED,2026-09-25T23:59:59-06:00,2026-09-26T08:00:00-06:00,2026-06-29T00:00:00-06:00,,1,,false,HISTORICAL_ACTUAL,,,VALID,CURRENT,coolit-synthetic-v2.0.0,ALL_SYNTHETIC_CUSTOMERS,ALL_SYNTHETIC_PROGRAMS,ALL_SYNTHETIC_PRODUCTS,SYNTHETIC_INTERNAL,SNP-COOLIT-20260925-BL,SCN-BASELINE,SHCAL-097-2,2026-H97,SHIFT-B,14,22,5,2400,0,NORMAL
TEN-COOLIT-SYN-001,SITE-COOLIT-SYN-01,REFERENCE,SHIFT_CALENDAR,SHCAL-097-3,SHCAL-097-3,RESOLVED,2026-09-25T23:59:59-06:00,2026-09-26T08:00:00-06:00,2026-06-29T00:00:00-06:00,,1,,false,HISTORICAL_ACTUAL,,,VALID,CURRENT,coolit-synthetic-v2.0.0,ALL_SYNTHETIC_CUSTOMERS,ALL_SYNTHETIC_PROGRAMS,ALL_SYNTHETIC_PRODUCTS,SYNTHETIC_INTERNAL,SNP-COOLIT-20260925-BL,SCN-BASELINE,SHCAL-097-3,2026-H97,SHIFT-C,22,6,3,1440,0,NORMAL
TEN-COOLIT-SYN-001,SITE-COOLIT-SYN-01,REFERENCE,SHIFT_CALENDAR,SHCAL-098-1,SHCAL-098-1,RESOLVED,2026-09-25T23:59:59-06:00,2026-09-26T08:00:00-06:00,2026-06-29T00:00:00-06:00,,1,,false,HISTORICAL_ACTUAL,,,VALID,CURRENT,coolit-synthetic-v2.0.0,ALL_SYNTHETIC_CUSTOMERS,ALL_SYNTHETIC_PROGRAMS,ALL_SYNTHETIC_PRODUCTS,SYNTHETIC_INTERNAL,SNP-COOLIT-20260925-BL,SCN-BASELINE,SHCAL-098-1,2026-H98,SHIFT-A,6,14,5,2400,0,NORMAL
TEN-COOLIT-SYN-001,SITE-COOLIT-SYN-01,REFERENCE,SHIFT_CALENDAR,SHCAL-098-2,SHCAL-098-2,RESOLVED,2026-09-25T23:59:59-06:00,2026-09-26T08:00:00-06:00,2026-06-29T00:00:00-06:00,,1,,false,HISTORICAL_ACTUAL,,,VALID,CURRENT,coolit-synthetic-v2.0.0,ALL_SYNTHETIC_CUSTOMERS,ALL_SYNTHETIC_PROGRAMS,ALL_SYNTHETIC_PRODUCTS,SYNTHETIC_INTERNAL,SNP-COOLIT-20260925-BL,SCN-BASELINE,SHCAL-098-2,2026-H98,SHIFT-B,14,22,5,2400,0,NORMAL
TEN-COOLIT-SYN-001,SITE-COOLIT-SYN-01,REFERENCE,SHIFT_CALENDAR,SHCAL-098-3,SHCAL-098-3,RESOLVED,2026-09-25T23:59:59-06:00,2026-09-26T08:00:00-06:00,2026-06-29T00:00:00-06:00,,1,,false,HISTORICAL_ACTUAL,,,VALID,CURRENT,coolit-synthetic-v2.0.0,ALL_SYNTHETIC_CUSTOMERS,ALL_SYNTHETIC_PROGRAMS,ALL_SYNTHETIC_PRODUCTS,SYNTHETIC_INTERNAL,SNP-COOLIT-20260925-BL,SCN-BASELINE,SHCAL-098-3,2026-H98,SHIFT-C,22,6,3,1440,0,NORMAL
TEN-COOLIT-SYN-001,SITE-COOLIT-SYN-01,REFERENCE,SHIFT_CALENDAR,SHCAL-099-1,SHCAL-099-1,RESOLVED,2026-09-25T23:59:59-06:00,2026-09-26T08:00:00-06:00,2026-06-29T00:00:00-06:00,,1,,false,HISTORICAL_ACTUAL,,,VALID,CURRENT,coolit-synthetic-v2.0.0,ALL_SYNTHETIC_CUSTOMERS,ALL_SYNTHETIC_PROGRAMS,ALL_SYNTHETIC_PRODUCTS,SYNTHETIC_INTERNAL,SNP-COOLIT-20260925-BL,SCN-BASELINE,SHCAL-099-1,2026-H99,SHIFT-A,6,14,5,2400,0,NORMAL
TEN-COOLIT-SYN-001,SITE-COOLIT-SYN-01,REFERENCE,SHIFT_CALENDAR,SHCAL-099-2,SHCAL-099-2,RESOLVED,2026-09-25T23:59:59-06:00,2026-09-26T08:00:00-06:00,2026-06-29T00:00:00-06:00,,1,,false,HISTORICAL_ACTUAL,,,VALID,CURRENT,coolit-synthetic-v2.0.0,ALL_SYNTHETIC_CUSTOMERS,ALL_SYNTHETIC_PROGRAMS,ALL_SYNTHETIC_PRODUCTS,SYNTHETIC_INTERNAL,SNP-COOLIT-20260925-BL,SCN-BASELINE,SHCAL-099-2,2026-H99,SHIFT-B,14,22,5,2400,0,NORMAL
TEN-COOLIT-SYN-001,SITE-COOLIT-SYN-01,REFERENCE,SHIFT_CALENDAR,SHCAL-099-3,SHCAL-099-3,RESOLVED,2026-09-25T23:59:59-06:00,2026-09-26T08:00:00-06:00,2026-06-29T00:00:00-06:00,,1,,false,HISTORICAL_ACTUAL,,,VALID,CURRENT,coolit-synthetic-v2.0.0,ALL_SYNTHETIC_CUSTOMERS,ALL_SYNTHETIC_PROGRAMS,ALL_SYNTHETIC_PRODUCTS,SYNTHETIC_INTERNAL,SNP-COOLIT-20260925-BL,SCN-BASELINE,SHCAL-099-3,2026-H99,SHIFT-C,22,6,3,1440,0,NORMAL
TEN-COOLIT-SYN-001,SITE-COOLIT-SYN-01,REFERENCE,SHIFT_CALENDAR,SHCAL-100-1,SHCAL-100-1,RESOLVED,2026-09-25T23:59:59-06:00,2026-09-26T08:00:00-06:00,2026-06-29T00:00:00-06:00,,1,,false,HISTORICAL_ACTUAL,,,VALID,CURRENT,coolit-synthetic-v2.0.0,ALL_SYNTHETIC_CUSTOMERS,ALL_SYNTHETIC_PROGRAMS,ALL_SYNTHETIC_PRODUCTS,SYNTHETIC_INTERNAL,SNP-COOLIT-20260925-BL,SCN-BASELINE,SHCAL-100-1,2026-H100,SHIFT-A,6,14,5,2400,0,NORMAL
TEN-COOLIT-SYN-001,SITE-COOLIT-SYN-01,REFERENCE,SHIFT_CALENDAR,SHCAL-100-2,SHCAL-100-2,RESOLVED,2026-09-25T23:59:59-06:00,2026-09-26T08:00:00-06:00,2026-06-29T00:00:00-06:00,,1,,false,HISTORICAL_ACTUAL,,,VALID,CURRENT,coolit-synthetic-v2.0.0,ALL_SYNTHETIC_CUSTOMERS,ALL_SYNTHETIC_PROGRAMS,ALL_SYNTHETIC_PRODUCTS,SYNTHETIC_INTERNAL,SNP-COOLIT-20260925-BL,SCN-BASELINE,SHCAL-100-2,2026-H100,SHIFT-B,14,22,5,2400,0,NORMAL
TEN-COOLIT-SYN-001,SITE-COOLIT-SYN-01,REFERENCE,SHIFT_CALENDAR,SHCAL-100-3,SHCAL-100-3,RESOLVED,2026-09-25T23:59:59-06:00,2026-09-26T08:00:00-06:00,2026-06-29T00:00:00-06:00,,1,,false,HISTORICAL_ACTUAL,,,VALID,CURRENT,coolit-synthetic-v2.0.0,ALL_SYNTHETIC_CUSTOMERS,ALL_SYNTHETIC_PROGRAMS,ALL_SYNTHETIC_PRODUCTS,SYNTHETIC_INTERNAL,SNP-COOLIT-20260925-BL,SCN-BASELINE,SHCAL-100-3,2026-H100,SHIFT-C,22,6,3,1440,0,NORMAL
TEN-COOLIT-SYN-001,SITE-COOLIT-SYN-01,REFERENCE,SHIFT_CALENDAR,SHCAL-101-1,SHCAL-101-1,RESOLVED,2026-09-25T23:59:59-06:00,2026-09-26T08:00:00-06:00,2026-06-29T00:00:00-06:00,,1,,false,HISTORICAL_ACTUAL,,,VALID,CURRENT,coolit-synthetic-v2.0.0,ALL_SYNTHETIC_CUSTOMERS,ALL_SYNTHETIC_PROGRAMS,ALL_SYNTHETIC_PRODUCTS,SYNTHETIC_INTERNAL,SNP-COOLIT-20260925-BL,SCN-BASELINE,SHCAL-101-1,2026-H101,SHIFT-A,6,14,5,2400,0,NORMAL
TEN-COOLIT-SYN-001,SITE-COOLIT-SYN-01,REFERENCE,SHIFT_CALENDAR,SHCAL-101-2,SHCAL-101-2,RESOLVED,2026-09-25T23:59:59-06:00,2026-09-26T08:00:00-06:00,2026-06-29T00:00:00-06:00,,1,,false,HISTORICAL_ACTUAL,,,VALID,CURRENT,coolit-synthetic-v2.0.0,ALL_SYNTHETIC_CUSTOMERS,ALL_SYNTHETIC_PROGRAMS,ALL_SYNTHETIC_PRODUCTS,SYNTHETIC_INTERNAL,SNP-COOLIT-20260925-BL,SCN-BASELINE,SHCAL-101-2,2026-H101,SHIFT-B,14,22,5,2400,0,NORMAL
TEN-COOLIT-SYN-001,SITE-COOLIT-SYN-01,REFERENCE,SHIFT_CALENDAR,SHCAL-101-3,SHCAL-101-3,RESOLVED,2026-09-25T23:59:59-06:00,2026-09-26T08:00:00-06:00,2026-06-29T00:00:00-06:00,,1,,false,HISTORICAL_ACTUAL,,,VALID,CURRENT,coolit-synthetic-v2.0.0,ALL_SYNTHETIC_CUSTOMERS,ALL_SYNTHETIC_PROGRAMS,ALL_SYNTHETIC_PRODUCTS,SYNTHETIC_INTERNAL,SNP-COOLIT-20260925-BL,SCN-BASELINE,SHCAL-101-3,2026-H101,SHIFT-C,22,6,3,1440,0,NORMAL
TEN-COOLIT-SYN-001,SITE-COOLIT-SYN-01,REFERENCE,SHIFT_CALENDAR,SHCAL-102-1,SHCAL-102-1,RESOLVED,2026-09-25T23:59:59-06:00,2026-09-26T08:00:00-06:00,2026-06-29T00:00:00-06:00,,1,,false,HISTORICAL_ACTUAL,,,VALID,CURRENT,coolit-synthetic-v2.0.0,ALL_SYNTHETIC_CUSTOMERS,ALL_SYNTHETIC_PROGRAMS,ALL_SYNTHETIC_PRODUCTS,SYNTHETIC_INTERNAL,SNP-COOLIT-20260925-BL,SCN-BASELINE,SHCAL-102-1,2026-H102,SHIFT-A,6,14,5,2400,0,NORMAL
TEN-COOLIT-SYN-001,SITE-COOLIT-SYN-01,REFERENCE,SHIFT_CALENDAR,SHCAL-102-2,SHCAL-102-2,RESOLVED,2026-09-25T23:59:59-06:00,2026-09-26T08:00:00-06:00,2026-06-29T00:00:00-06:00,,1,,false,HISTORICAL_ACTUAL,,,VALID,CURRENT,coolit-synthetic-v2.0.0,ALL_SYNTHETIC_CUSTOMERS,ALL_SYNTHETIC_PROGRAMS,ALL_SYNTHETIC_PRODUCTS,SYNTHETIC_INTERNAL,SNP-COOLIT-20260925-BL,SCN-BASELINE,SHCAL-102-2,2026-H102,SHIFT-B,14,22,5,2400,0,NORMAL
TEN-COOLIT-SYN-001,SITE-COOLIT-SYN-01,REFERENCE,SHIFT_CALENDAR,SHCAL-102-3,SHCAL-102-3,RESOLVED,2026-09-25T23:59:59-06:00,2026-09-26T08:00:00-06:00,2026-06-29T00:00:00-06:00,,1,,false,HISTORICAL_ACTUAL,,,VALID,CURRENT,coolit-synthetic-v2.0.0,ALL_SYNTHETIC_CUSTOMERS,ALL_SYNTHETIC_PROGRAMS,ALL_SYNTHETIC_PRODUCTS,SYNTHETIC_INTERNAL,SNP-COOLIT-20260925-BL,SCN-BASELINE,SHCAL-102-3,2026-H102,SHIFT-C,22,6,3,1440,0,NORMAL
TEN-COOLIT-SYN-001,SITE-COOLIT-SYN-01,REFERENCE,SHIFT_CALENDAR,SHCAL-103-1,SHCAL-103-1,RESOLVED,2026-09-25T23:59:59-06:00,2026-09-26T08:00:00-06:00,2026-06-29T00:00:00-06:00,,1,,false,HISTORICAL_ACTUAL,,,VALID,CURRENT,coolit-synthetic-v2.0.0,ALL_SYNTHETIC_CUSTOMERS,ALL_SYNTHETIC_PROGRAMS,ALL_SYNTHETIC_PRODUCTS,SYNTHETIC_INTERNAL,SNP-COOLIT-20260925-BL,SCN-BASELINE,SHCAL-103-1,2026-H103,SHIFT-A,6,14,5,2400,0,NORMAL
TEN-COOLIT-SYN-001,SITE-COOLIT-SYN-01,REFERENCE,SHIFT_CALENDAR,SHCAL-103-2,SHCAL-103-2,RESOLVED,2026-09-25T23:59:59-06:00,2026-09-26T08:00:00-06:00,2026-06-29T00:00:00-06:00,,1,,false,HISTORICAL_ACTUAL,,,VALID,CURRENT,coolit-synthetic-v2.0.0,ALL_SYNTHETIC_CUSTOMERS,ALL_SYNTHETIC_PROGRAMS,ALL_SYNTHETIC_PRODUCTS,SYNTHETIC_INTERNAL,SNP-COOLIT-20260925-BL,SCN-BASELINE,SHCAL-103-2,2026-H103,SHIFT-B,14,22,5,2400,0,NORMAL
TEN-COOLIT-SYN-001,SITE-COOLIT-SYN-01,REFERENCE,SHIFT_CALENDAR,SHCAL-103-3,SHCAL-103-3,RESOLVED,2026-09-25T23:59:59-06:00,2026-09-26T08:00:00-06:00,2026-06-29T00:00:00-06:00,,1,,false,HISTORICAL_ACTUAL,,,VALID,CURRENT,coolit-synthetic-v2.0.0,ALL_SYNTHETIC_CUSTOMERS,ALL_SYNTHETIC_PROGRAMS,ALL_SYNTHETIC_PRODUCTS,SYNTHETIC_INTERNAL,SNP-COOLIT-20260925-BL,SCN-BASELINE,SHCAL-103-3,2026-H103,SHIFT-C,22,6,3,1440,0,NORMAL
TEN-COOLIT-SYN-001,SITE-COOLIT-SYN-01,REFERENCE,SHIFT_CALENDAR,SHCAL-104-1,SHCAL-104-1,RESOLVED,2026-09-25T23:59:59-06:00,2026-09-26T08:00:00-06:00,2026-06-29T00:00:00-06:00,,1,,false,HISTORICAL_ACTUAL,,,VALID,CURRENT,coolit-synthetic-v2.0.0,ALL_SYNTHETIC_CUSTOMERS,ALL_SYNTHETIC_PROGRAMS,ALL_SYNTHETIC_PRODUCTS,SYNTHETIC_INTERNAL,SNP-COOLIT-20260925-BL,SCN-BASELINE,SHCAL-104-1,2026-H104,SHIFT-A,6,14,5,2400,0,LEAK_TEST_RECOVERY_OVERTIME
TEN-COOLIT-SYN-001,SITE-COOLIT-SYN-01,REFERENCE,SHIFT_CALENDAR,SHCAL-104-2,SHCAL-104-2,RESOLVED,2026-09-25T23:59:59-06:00,2026-09-26T08:00:00-06:00,2026-06-29T00:00:00-06:00,,1,,false,HISTORICAL_ACTUAL,,,VALID,CURRENT,coolit-synthetic-v2.0.0,ALL_SYNTHETIC_CUSTOMERS,ALL_SYNTHETIC_PROGRAMS,ALL_SYNTHETIC_PRODUCTS,SYNTHETIC_INTERNAL,SNP-COOLIT-20260925-BL,SCN-BASELINE,SHCAL-104-2,2026-H104,SHIFT-B,14,22,5,2400,0,NORMAL
TEN-COOLIT-SYN-001,SITE-COOLIT-SYN-01,REFERENCE,SHIFT_CALENDAR,SHCAL-104-3,SHCAL-104-3,RESOLVED,2026-09-25T23:59:59-06:00,2026-09-26T08:00:00-06:00,2026-06-29T00:00:00-06:00,,1,,false,HISTORICAL_ACTUAL,,,VALID,CURRENT,coolit-synthetic-v2.0.0,ALL_SYNTHETIC_CUSTOMERS,ALL_SYNTHETIC_PROGRAMS,ALL_SYNTHETIC_PRODUCTS,SYNTHETIC_INTERNAL,SNP-COOLIT-20260925-BL,SCN-BASELINE,SHCAL-104-3,2026-H104,SHIFT-C,22,6,3,1440,0,NORMAL
TEN-COOLIT-SYN-001,SITE-COOLIT-SYN-01,REFERENCE,SHIFT_CALENDAR,SHCAL-105-1,SHCAL-105-1,RESOLVED,2026-09-25T23:59:59-06:00,2026-09-26T08:00:00-06:00,2026-06-29T00:00:00-06:00,,1,,false,PLANNING_FUTURE,,,VALID,CURRENT,coolit-synthetic-v2.0.0,ALL_SYNTHETIC_CUSTOMERS,ALL_SYNTHETIC_PROGRAMS,ALL_SYNTHETIC_PRODUCTS,SYNTHETIC_INTERNAL,SNP-COOLIT-20260925-BL,SCN-BASELINE,SHCAL-105-1,2026-P01,SHIFT-A,6,14,5,2400,0,NORMAL
TEN-COOLIT-SYN-001,SITE-COOLIT-SYN-01,REFERENCE,SHIFT_CALENDAR,SHCAL-105-2,SHCAL-105-2,RESOLVED,2026-09-25T23:59:59-06:00,2026-09-26T08:00:00-06:00,2026-06-29T00:00:00-06:00,,1,,false,PLANNING_FUTURE,,,VALID,CURRENT,coolit-synthetic-v2.0.0,ALL_SYNTHETIC_CUSTOMERS,ALL_SYNTHETIC_PROGRAMS,ALL_SYNTHETIC_PRODUCTS,SYNTHETIC_INTERNAL,SNP-COOLIT-20260925-BL,SCN-BASELINE,SHCAL-105-2,2026-P01,SHIFT-B,14,22,5,2400,480,NORMAL
TEN-COOLIT-SYN-001,SITE-COOLIT-SYN-01,REFERENCE,SHIFT_CALENDAR,SHCAL-105-3,SHCAL-105-3,RESOLVED,2026-09-25T23:59:59-06:00,2026-09-26T08:00:00-06:00,2026-06-29T00:00:00-06:00,,1,,false,PLANNING_FUTURE,,,VALID,CURRENT,coolit-synthetic-v2.0.0,ALL_SYNTHETIC_CUSTOMERS,ALL_SYNTHETIC_PROGRAMS,ALL_SYNTHETIC_PRODUCTS,SYNTHETIC_INTERNAL,SNP-COOLIT-20260925-BL,SCN-BASELINE,SHCAL-105-3,2026-P01,SHIFT-C,22,6,3,1440,0,NORMAL
TEN-COOLIT-SYN-001,SITE-COOLIT-SYN-01,REFERENCE,SHIFT_CALENDAR,SHCAL-106-1,SHCAL-106-1,RESOLVED,2026-09-25T23:59:59-06:00,2026-09-26T08:00:00-06:00,2026-06-29T00:00:00-06:00,,1,,false,PLANNING_FUTURE,,,VALID,CURRENT,coolit-synthetic-v2.0.0,ALL_SYNTHETIC_CUSTOMERS,ALL_SYNTHETIC_PROGRAMS,ALL_SYNTHETIC_PRODUCTS,SYNTHETIC_INTERNAL,SNP-COOLIT-20260925-BL,SCN-BASELINE,SHCAL-106-1,2026-P02,SHIFT-A,6,14,5,2400,0,NORMAL
TEN-COOLIT-SYN-001,SITE-COOLIT-SYN-01,REFERENCE,SHIFT_CALENDAR,SHCAL-106-2,SHCAL-106-2,RESOLVED,2026-09-25T23:59:59-06:00,2026-09-26T08:00:00-06:00,2026-06-29T00:00:00-06:00,,1,,false,PLANNING_FUTURE,,,VALID,CURRENT,coolit-synthetic-v2.0.0,ALL_SYNTHETIC_CUSTOMERS,ALL_SYNTHETIC_PROGRAMS,ALL_SYNTHETIC_PRODUCTS,SYNTHETIC_INTERNAL,SNP-COOLIT-20260925-BL,SCN-BASELINE,SHCAL-106-2,2026-P02,SHIFT-B,14,22,5,2400,480,NORMAL
TEN-COOLIT-SYN-001,SITE-COOLIT-SYN-01,REFERENCE,SHIFT_CALENDAR,SHCAL-106-3,SHCAL-106-3,RESOLVED,2026-09-25T23:59:59-06:00,2026-09-26T08:00:00-06:00,2026-06-29T00:00:00-06:00,,1,,false,PLANNING_FUTURE,,,VALID,CURRENT,coolit-synthetic-v2.0.0,ALL_SYNTHETIC_CUSTOMERS,ALL_SYNTHETIC_PROGRAMS,ALL_SYNTHETIC_PRODUCTS,SYNTHETIC_INTERNAL,SNP-COOLIT-20260925-BL,SCN-BASELINE,SHCAL-106-3,2026-P02,SHIFT-C,22,6,3,1440,0,NORMAL
TEN-COOLIT-SYN-001,SITE-COOLIT-SYN-01,REFERENCE,SHIFT_CALENDAR,SHCAL-107-1,SHCAL-107-1,RESOLVED,2026-09-25T23:59:59-06:00,2026-09-26T08:00:00-06:00,2026-06-29T00:00:00-06:00,,1,,false,PLANNING_FUTURE,,,VALID,CURRENT,coolit-synthetic-v2.0.0,ALL_SYNTHETIC_CUSTOMERS,ALL_SYNTHETIC_PROGRAMS,ALL_SYNTHETIC_PRODUCTS,SYNTHETIC_INTERNAL,SNP-COOLIT-20260925-BL,SCN-BASELINE,SHCAL-107-1,2026-P03,SHIFT-A,6,14,5,2400,0,NORMAL
TEN-COOLIT-SYN-001,SITE-COOLIT-SYN-01,REFERENCE,SHIFT_CALENDAR,SHCAL-107-2,SHCAL-107-2,RESOLVED,2026-09-25T23:59:59-06:00,2026-09-26T08:00:00-06:00,2026-06-29T00:00:00-06:00,,1,,false,PLANNING_FUTURE,,,VALID,CURRENT,coolit-synthetic-v2.0.0,ALL_SYNTHETIC_CUSTOMERS,ALL_SYNTHETIC_PROGRAMS,ALL_SYNTHETIC_PRODUCTS,SYNTHETIC_INTERNAL,SNP-COOLIT-20260925-BL,SCN-BASELINE,SHCAL-107-2,2026-P03,SHIFT-B,14,22,5,2400,480,NORMAL
TEN-COOLIT-SYN-001,SITE-COOLIT-SYN-01,REFERENCE,SHIFT_CALENDAR,SHCAL-107-3,SHCAL-107-3,RESOLVED,2026-09-25T23:59:59-06:00,2026-09-26T08:00:00-06:00,2026-06-29T00:00:00-06:00,,1,,false,PLANNING_FUTURE,,,VALID,CURRENT,coolit-synthetic-v2.0.0,ALL_SYNTHETIC_CUSTOMERS,ALL_SYNTHETIC_PROGRAMS,ALL_SYNTHETIC_PRODUCTS,SYNTHETIC_INTERNAL,SNP-COOLIT-20260925-BL,SCN-BASELINE,SHCAL-107-3,2026-P03,SHIFT-C,22,6,3,1440,0,NORMAL
TEN-COOLIT-SYN-001,SITE-COOLIT-SYN-01,REFERENCE,SHIFT_CALENDAR,SHCAL-108-1,SHCAL-108-1,RESOLVED,2026-09-25T23:59:59-06:00,2026-09-26T08:00:00-06:00,2026-06-29T00:00:00-06:00,,1,,false,PLANNING_FUTURE,,,VALID,CURRENT,coolit-synthetic-v2.0.0,ALL_SYNTHETIC_CUSTOMERS,ALL_SYNTHETIC_PROGRAMS,ALL_SYNTHETIC_PRODUCTS,SYNTHETIC_INTERNAL,SNP-COOLIT-20260925-BL,SCN-BASELINE,SHCAL-108-1,2026-P04,SHIFT-A,6,14,5,2400,0,NORMAL
TEN-COOLIT-SYN-001,SITE-COOLIT-SYN-01,REFERENCE,SHIFT_CALENDAR,SHCAL-108-2,SHCAL-108-2,RESOLVED,2026-09-25T23:59:59-06:00,2026-09-26T08:00:00-06:00,2026-06-29T00:00:00-06:00,,1,,false,PLANNING_FUTURE,,,VALID,CURRENT,coolit-synthetic-v2.0.0,ALL_SYNTHETIC_CUSTOMERS,ALL_SYNTHETIC_PROGRAMS,ALL_SYNTHETIC_PRODUCTS,SYNTHETIC_INTERNAL,SNP-COOLIT-20260925-BL,SCN-BASELINE,SHCAL-108-2,2026-P04,SHIFT-B,14,22,5,2400,480,NORMAL
TEN-COOLIT-SYN-001,SITE-COOLIT-SYN-01,REFERENCE,SHIFT_CALENDAR,SHCAL-108-3,SHCAL-108-3,RESOLVED,2026-09-25T23:59:59-06:00,2026-09-26T08:00:00-06:00,2026-06-29T00:00:00-06:00,,1,,false,PLANNING_FUTURE,,,VALID,CURRENT,coolit-synthetic-v2.0.0,ALL_SYNTHETIC_CUSTOMERS,ALL_SYNTHETIC_PROGRAMS,ALL_SYNTHETIC_PRODUCTS,SYNTHETIC_INTERNAL,SNP-COOLIT-20260925-BL,SCN-BASELINE,SHCAL-108-3,2026-P04,SHIFT-C,22,6,3,1440,0,NORMAL
TEN-COOLIT-SYN-001,SITE-COOLIT-SYN-01,REFERENCE,SHIFT_CALENDAR,SHCAL-109-1,SHCAL-109-1,RESOLVED,2026-09-25T23:59:59-06:00,2026-09-26T08:00:00-06:00,2026-06-29T00:00:00-06:00,,1,,false,PLANNING_FUTURE,,,VALID,CURRENT,coolit-synthetic-v2.0.0,ALL_SYNTHETIC_CUSTOMERS,ALL_SYNTHETIC_PROGRAMS,ALL_SYNTHETIC_PRODUCTS,SYNTHETIC_INTERNAL,SNP-COOLIT-20260925-BL,SCN-BASELINE,SHCAL-109-1,2026-P05,SHIFT-A,6,14,5,2400,0,NORMAL
TEN-COOLIT-SYN-001,SITE-COOLIT-SYN-01,REFERENCE,SHIFT_CALENDAR,SHCAL-109-2,SHCAL-109-2,RESOLVED,2026-09-25T23:59:59-06:00,2026-09-26T08:00:00-06:00,2026-06-29T00:00:00-06:00,,1,,false,PLANNING_FUTURE,,,VALID,CURRENT,coolit-synthetic-v2.0.0,ALL_SYNTHETIC_CUSTOMERS,ALL_SYNTHETIC_PROGRAMS,ALL_SYNTHETIC_PRODUCTS,SYNTHETIC_INTERNAL,SNP-COOLIT-20260925-BL,SCN-BASELINE,SHCAL-109-2,2026-P05,SHIFT-B,14,22,5,2400,0,NORMAL
TEN-COOLIT-SYN-001,SITE-COOLIT-SYN-01,REFERENCE,SHIFT_CALENDAR,SHCAL-109-3,SHCAL-109-3,RESOLVED,2026-09-25T23:59:59-06:00,2026-09-26T08:00:00-06:00,2026-06-29T00:00:00-06:00,,1,,false,PLANNING_FUTURE,,,VALID,CURRENT,coolit-synthetic-v2.0.0,ALL_SYNTHETIC_CUSTOMERS,ALL_SYNTHETIC_PROGRAMS,ALL_SYNTHETIC_PRODUCTS,SYNTHETIC_INTERNAL,SNP-COOLIT-20260925-BL,SCN-BASELINE,SHCAL-109-3,2026-P05,SHIFT-C,22,6,3,1440,0,NORMAL
TEN-COOLIT-SYN-001,SITE-COOLIT-SYN-01,REFERENCE,SHIFT_CALENDAR,SHCAL-110-1,SHCAL-110-1,RESOLVED,2026-09-25T23:59:59-06:00,2026-09-26T08:00:00-06:00,2026-06-29T00:00:00-06:00,,1,,false,PLANNING_FUTURE,,,VALID,CURRENT,coolit-synthetic-v2.0.0,ALL_SYNTHETIC_CUSTOMERS,ALL_SYNTHETIC_PROGRAMS,ALL_SYNTHETIC_PRODUCTS,SYNTHETIC_INTERNAL,SNP-COOLIT-20260925-BL,SCN-BASELINE,SHCAL-110-1,2026-P06,SHIFT-A,6,14,5,2400,0,NORMAL
TEN-COOLIT-SYN-001,SITE-COOLIT-SYN-01,REFERENCE,SHIFT_CALENDAR,SHCAL-110-2,SHCAL-110-2,RESOLVED,2026-09-25T23:59:59-06:00,2026-09-26T08:00:00-06:00,2026-06-29T00:00:00-06:00,,1,,false,PLANNING_FUTURE,,,VALID,CURRENT,coolit-synthetic-v2.0.0,ALL_SYNTHETIC_CUSTOMERS,ALL_SYNTHETIC_PROGRAMS,ALL_SYNTHETIC_PRODUCTS,SYNTHETIC_INTERNAL,SNP-COOLIT-20260925-BL,SCN-BASELINE,SHCAL-110-2,2026-P06,SHIFT-B,14,22,5,2400,0,NORMAL
TEN-COOLIT-SYN-001,SITE-COOLIT-SYN-01,REFERENCE,SHIFT_CALENDAR,SHCAL-110-3,SHCAL-110-3,RESOLVED,2026-09-25T23:59:59-06:00,2026-09-26T08:00:00-06:00,2026-06-29T00:00:00-06:00,,1,,false,PLANNING_FUTURE,,,VALID,CURRENT,coolit-synthetic-v2.0.0,ALL_SYNTHETIC_CUSTOMERS,ALL_SYNTHETIC_PROGRAMS,ALL_SYNTHETIC_PRODUCTS,SYNTHETIC_INTERNAL,SNP-COOLIT-20260925-BL,SCN-BASELINE,SHCAL-110-3,2026-P06,SHIFT-C,22,6,3,1440,0,NORMAL
TEN-COOLIT-SYN-001,SITE-COOLIT-SYN-01,REFERENCE,SHIFT_CALENDAR,SHCAL-111-1,SHCAL-111-1,RESOLVED,2026-09-25T23:59:59-06:00,2026-09-26T08:00:00-06:00,2026-06-29T00:00:00-06:00,,1,,false,PLANNING_FUTURE,,,VALID,CURRENT,coolit-synthetic-v2.0.0,ALL_SYNTHETIC_CUSTOMERS,ALL_SYNTHETIC_PROGRAMS,ALL_SYNTHETIC_PRODUCTS,SYNTHETIC_INTERNAL,SNP-COOLIT-20260925-BL,SCN-BASELINE,SHCAL-111-1,2026-P07,SHIFT-A,6,14,5,2400,0,NORMAL
TEN-COOLIT-SYN-001,SITE-COOLIT-SYN-01,REFERENCE,SHIFT_CALENDAR,SHCAL-111-2,SHCAL-111-2,RESOLVED,2026-09-25T23:59:59-06:00,2026-09-26T08:00:00-06:00,2026-06-29T00:00:00-06:00,,1,,false,PLANNING_FUTURE,,,VALID,CURRENT,coolit-synthetic-v2.0.0,ALL_SYNTHETIC_CUSTOMERS,ALL_SYNTHETIC_PROGRAMS,ALL_SYNTHETIC_PRODUCTS,SYNTHETIC_INTERNAL,SNP-COOLIT-20260925-BL,SCN-BASELINE,SHCAL-111-2,2026-P07,SHIFT-B,14,22,5,2400,0,NORMAL
TEN-COOLIT-SYN-001,SITE-COOLIT-SYN-01,REFERENCE,SHIFT_CALENDAR,SHCAL-111-3,SHCAL-111-3,RESOLVED,2026-09-25T23:59:59-06:00,2026-09-26T08:00:00-06:00,2026-06-29T00:00:00-06:00,,1,,false,PLANNING_FUTURE,,,VALID,CURRENT,coolit-synthetic-v2.0.0,ALL_SYNTHETIC_CUSTOMERS,ALL_SYNTHETIC_PROGRAMS,ALL_SYNTHETIC_PRODUCTS,SYNTHETIC_INTERNAL,SNP-COOLIT-20260925-BL,SCN-BASELINE,SHCAL-111-3,2026-P07,SHIFT-C,22,6,3,1440,0,NORMAL
TEN-COOLIT-SYN-001,SITE-COOLIT-SYN-01,REFERENCE,SHIFT_CALENDAR,SHCAL-112-1,SHCAL-112-1,RESOLVED,2026-09-25T23:59:59-06:00,2026-09-26T08:00:00-06:00,2026-06-29T00:00:00-06:00,,1,,false,PLANNING_FUTURE,,,VALID,CURRENT,coolit-synthetic-v2.0.0,ALL_SYNTHETIC_CUSTOMERS,ALL_SYNTHETIC_PROGRAMS,ALL_SYNTHETIC_PRODUCTS,SYNTHETIC_INTERNAL,SNP-COOLIT-20260925-BL,SCN-BASELINE,SHCAL-112-1,2026-P08,SHIFT-A,6,14,5,2400,0,NORMAL
TEN-COOLIT-SYN-001,SITE-COOLIT-SYN-01,REFERENCE,SHIFT_CALENDAR,SHCAL-112-2,SHCAL-112-2,RESOLVED,2026-09-25T23:59:59-06:00,2026-09-26T08:00:00-06:00,2026-06-29T00:00:00-06:00,,1,,false,PLANNING_FUTURE,,,VALID,CURRENT,coolit-synthetic-v2.0.0,ALL_SYNTHETIC_CUSTOMERS,ALL_SYNTHETIC_PROGRAMS,ALL_SYNTHETIC_PRODUCTS,SYNTHETIC_INTERNAL,SNP-COOLIT-20260925-BL,SCN-BASELINE,SHCAL-112-2,2026-P08,SHIFT-B,14,22,5,2400,0,NORMAL
TEN-COOLIT-SYN-001,SITE-COOLIT-SYN-01,REFERENCE,SHIFT_CALENDAR,SHCAL-112-3,SHCAL-112-3,RESOLVED,2026-09-25T23:59:59-06:00,2026-09-26T08:00:00-06:00,2026-06-29T00:00:00-06:00,,1,,false,PLANNING_FUTURE,,,VALID,CURRENT,coolit-synthetic-v2.0.0,ALL_SYNTHETIC_CUSTOMERS,ALL_SYNTHETIC_PROGRAMS,ALL_SYNTHETIC_PRODUCTS,SYNTHETIC_INTERNAL,SNP-COOLIT-20260925-BL,SCN-BASELINE,SHCAL-112-3,2026-P08,SHIFT-C,22,6,3,1440,0,NORMAL
TEN-COOLIT-SYN-001,SITE-COOLIT-SYN-01,REFERENCE,SHIFT_CALENDAR,SHCAL-113-1,SHCAL-113-1,RESOLVED,2026-09-25T23:59:59-06:00,2026-09-26T08:00:00-06:00,2026-06-29T00:00:00-06:00,,1,,false,PLANNING_FUTURE,,,VALID,CURRENT,coolit-synthetic-v2.0.0,ALL_SYNTHETIC_CUSTOMERS,ALL_SYNTHETIC_PROGRAMS,ALL_SYNTHETIC_PRODUCTS,SYNTHETIC_INTERNAL,SNP-COOLIT-20260925-BL,SCN-BASELINE,SHCAL-113-1,2026-P09,SHIFT-A,6,14,5,2400,0,NORMAL
TEN-COOLIT-SYN-001,SITE-COOLIT-SYN-01,REFERENCE,SHIFT_CALENDAR,SHCAL-113-2,SHCAL-113-2,RESOLVED,2026-09-25T23:59:59-06:00,2026-09-26T08:00:00-06:00,2026-06-29T00:00:00-06:00,,1,,false,PLANNING_FUTURE,,,VALID,CURRENT,coolit-synthetic-v2.0.0,ALL_SYNTHETIC_CUSTOMERS,ALL_SYNTHETIC_PROGRAMS,ALL_SYNTHETIC_PRODUCTS,SYNTHETIC_INTERNAL,SNP-COOLIT-20260925-BL,SCN-BASELINE,SHCAL-113-2,2026-P09,SHIFT-B,14,22,5,2400,0,NORMAL
TEN-COOLIT-SYN-001,SITE-COOLIT-SYN-01,REFERENCE,SHIFT_CALENDAR,SHCAL-113-3,SHCAL-113-3,RESOLVED,2026-09-25T23:59:59-06:00,2026-09-26T08:00:00-06:00,2026-06-29T00:00:00-06:00,,1,,false,PLANNING_FUTURE,,,VALID,CURRENT,coolit-synthetic-v2.0.0,ALL_SYNTHETIC_CUSTOMERS,ALL_SYNTHETIC_PROGRAMS,ALL_SYNTHETIC_PRODUCTS,SYNTHETIC_INTERNAL,SNP-COOLIT-20260925-BL,SCN-BASELINE,SHCAL-113-3,2026-P09,SHIFT-C,22,6,3,1440,0,NORMAL
TEN-COOLIT-SYN-001,SITE-COOLIT-SYN-01,REFERENCE,SHIFT_CALENDAR,SHCAL-114-1,SHCAL-114-1,RESOLVED,2026-09-25T23:59:59-06:00,2026-09-26T08:00:00-06:00,2026-06-29T00:00:00-06:00,,1,,false,PLANNING_FUTURE,,,VALID,CURRENT,coolit-synthetic-v2.0.0,ALL_SYNTHETIC_CUSTOMERS,ALL_SYNTHETIC_PROGRAMS,ALL_SYNTHETIC_PRODUCTS,SYNTHETIC_INTERNAL,SNP-COOLIT-20260925-BL,SCN-BASELINE,SHCAL-114-1,2026-P10,SHIFT-A,6,14,5,2400,0,NORMAL
TEN-COOLIT-SYN-001,SITE-COOLIT-SYN-01,REFERENCE,SHIFT_CALENDAR,SHCAL-114-2,SHCAL-114-2,RESOLVED,2026-09-25T23:59:59-06:00,2026-09-26T08:00:00-06:00,2026-06-29T00:00:00-06:00,,1,,false,PLANNING_FUTURE,,,VALID,CURRENT,coolit-synthetic-v2.0.0,ALL_SYNTHETIC_CUSTOMERS,ALL_SYNTHETIC_PROGRAMS,ALL_SYNTHETIC_PRODUCTS,SYNTHETIC_INTERNAL,SNP-COOLIT-20260925-BL,SCN-BASELINE,SHCAL-114-2,2026-P10,SHIFT-B,14,22,5,2400,0,NORMAL
TEN-COOLIT-SYN-001,SITE-COOLIT-SYN-01,REFERENCE,SHIFT_CALENDAR,SHCAL-114-3,SHCAL-114-3,RESOLVED,2026-09-25T23:59:59-06:00,2026-09-26T08:00:00-06:00,2026-06-29T00:00:00-06:00,,1,,false,PLANNING_FUTURE,,,VALID,CURRENT,coolit-synthetic-v2.0.0,ALL_SYNTHETIC_CUSTOMERS,ALL_SYNTHETIC_PROGRAMS,ALL_SYNTHETIC_PRODUCTS,SYNTHETIC_INTERNAL,SNP-COOLIT-20260925-BL,SCN-BASELINE,SHCAL-114-3,2026-P10,SHIFT-C,22,6,3,1440,0,NORMAL
TEN-COOLIT-SYN-001,SITE-COOLIT-SYN-01,REFERENCE,SHIFT_CALENDAR,SHCAL-115-1,SHCAL-115-1,RESOLVED,2026-09-25T23:59:59-06:00,2026-09-26T08:00:00-06:00,2026-06-29T00:00:00-06:00,,1,,false,PLANNING_FUTURE,,,VALID,CURRENT,coolit-synthetic-v2.0.0,ALL_SYNTHETIC_CUSTOMERS,ALL_SYNTHETIC_PROGRAMS,ALL_SYNTHETIC_PRODUCTS,SYNTHETIC_INTERNAL,SNP-COOLIT-20260925-BL,SCN-BASELINE,SHCAL-115-1,2026-P11,SHIFT-A,6,14,5,2400,0,NORMAL
TEN-COOLIT-SYN-001,SITE-COOLIT-SYN-01,REFERENCE,SHIFT_CALENDAR,SHCAL-115-2,SHCAL-115-2,RESOLVED,2026-09-25T23:59:59-06:00,2026-09-26T08:00:00-06:00,2026-06-29T00:00:00-06:00,,1,,false,PLANNING_FUTURE,,,VALID,CURRENT,coolit-synthetic-v2.0.0,ALL_SYNTHETIC_CUSTOMERS,ALL_SYNTHETIC_PROGRAMS,ALL_SYNTHETIC_PRODUCTS,SYNTHETIC_INTERNAL,SNP-COOLIT-20260925-BL,SCN-BASELINE,SHCAL-115-2,2026-P11,SHIFT-B,14,22,5,2400,0,NORMAL
TEN-COOLIT-SYN-001,SITE-COOLIT-SYN-01,REFERENCE,SHIFT_CALENDAR,SHCAL-115-3,SHCAL-115-3,RESOLVED,2026-09-25T23:59:59-06:00,2026-09-26T08:00:00-06:00,2026-06-29T00:00:00-06:00,,1,,false,PLANNING_FUTURE,,,VALID,CURRENT,coolit-synthetic-v2.0.0,ALL_SYNTHETIC_CUSTOMERS,ALL_SYNTHETIC_PROGRAMS,ALL_SYNTHETIC_PRODUCTS,SYNTHETIC_INTERNAL,SNP-COOLIT-20260925-BL,SCN-BASELINE,SHCAL-115-3,2026-P11,SHIFT-C,22,6,3,1440,0,NORMAL
TEN-COOLIT-SYN-001,SITE-COOLIT-SYN-01,REFERENCE,SHIFT_CALENDAR,SHCAL-116-1,SHCAL-116-1,RESOLVED,2026-09-25T23:59:59-06:00,2026-09-26T08:00:00-06:00,2026-06-29T00:00:00-06:00,,1,,false,PLANNING_FUTURE,,,VALID,CURRENT,coolit-synthetic-v2.0.0,ALL_SYNTHETIC_CUSTOMERS,ALL_SYNTHETIC_PROGRAMS,ALL_SYNTHETIC_PRODUCTS,SYNTHETIC_INTERNAL,SNP-COOLIT-20260925-BL,SCN-BASELINE,SHCAL-116-1,2026-P12,SHIFT-A,6,14,5,2400,0,NORMAL
TEN-COOLIT-SYN-001,SITE-COOLIT-SYN-01,REFERENCE,SHIFT_CALENDAR,SHCAL-116-2,SHCAL-116-2,RESOLVED,2026-09-25T23:59:59-06:00,2026-09-26T08:00:00-06:00,2026-06-29T00:00:00-06:00,,1,,false,PLANNING_FUTURE,,,VALID,CURRENT,coolit-synthetic-v2.0.0,ALL_SYNTHETIC_CUSTOMERS,ALL_SYNTHETIC_PROGRAMS,ALL_SYNTHETIC_PRODUCTS,SYNTHETIC_INTERNAL,SNP-COOLIT-20260925-BL,SCN-BASELINE,SHCAL-116-2,2026-P12,SHIFT-B,14,22,5,2400,0,NORMAL
TEN-COOLIT-SYN-001,SITE-COOLIT-SYN-01,REFERENCE,SHIFT_CALENDAR,SHCAL-116-3,SHCAL-116-3,RESOLVED,2026-09-25T23:59:59-06:00,2026-09-26T08:00:00-06:00,2026-06-29T00:00:00-06:00,,1,,false,PLANNING_FUTURE,,,VALID,CURRENT,coolit-synthetic-v2.0.0,ALL_SYNTHETIC_CUSTOMERS,ALL_SYNTHETIC_PROGRAMS,ALL_SYNTHETIC_PRODUCTS,SYNTHETIC_INTERNAL,SNP-COOLIT-20260925-BL,SCN-BASELINE,SHCAL-116-3,2026-P12,SHIFT-C,22,6,3,1440,0,NORMAL
TEN-COOLIT-SYN-001,SITE-COOLIT-SYN-01,REFERENCE,SHIFT_CALENDAR,SHCAL-117-1,SHCAL-117-1,RESOLVED,2026-09-25T23:59:59-06:00,2026-09-26T08:00:00-06:00,2026-06-29T00:00:00-06:00,,1,,false,PLANNING_FUTURE,,,VALID,CURRENT,coolit-synthetic-v2.0.0,ALL_SYNTHETIC_CUSTOMERS,ALL_SYNTHETIC_PROGRAMS,ALL_SYNTHETIC_PRODUCTS,SYNTHETIC_INTERNAL,SNP-COOLIT-20260925-BL,SCN-BASELINE,SHCAL-117-1,2026-P13,SHIFT-A,6,14,5,2400,0,NORMAL
TEN-COOLIT-SYN-001,SITE-COOLIT-SYN-01,REFERENCE,SHIFT_CALENDAR,SHCAL-117-2,SHCAL-117-2,RESOLVED,2026-09-25T23:59:59-06:00,2026-09-26T08:00:00-06:00,2026-06-29T00:00:00-06:00,,1,,false,PLANNING_FUTURE,,,VALID,CURRENT,coolit-synthetic-v2.0.0,ALL_SYNTHETIC_CUSTOMERS,ALL_SYNTHETIC_PROGRAMS,ALL_SYNTHETIC_PRODUCTS,SYNTHETIC_INTERNAL,SNP-COOLIT-20260925-BL,SCN-BASELINE,SHCAL-117-2,2026-P13,SHIFT-B,14,22,5,2400,0,NORMAL
TEN-COOLIT-SYN-001,SITE-COOLIT-SYN-01,REFERENCE,SHIFT_CALENDAR,SHCAL-117-3,SHCAL-117-3,RESOLVED,2026-09-25T23:59:59-06:00,2026-09-26T08:00:00-06:00,2026-06-29T00:00:00-06:00,,1,,false,PLANNING_FUTURE,,,VALID,CURRENT,coolit-synthetic-v2.0.0,ALL_SYNTHETIC_CUSTOMERS,ALL_SYNTHETIC_PROGRAMS,ALL_SYNTHETIC_PRODUCTS,SYNTHETIC_INTERNAL,SNP-COOLIT-20260925-BL,SCN-BASELINE,SHCAL-117-3,2026-P13,SHIFT-C,22,6,3,1440,0,NORMAL
TEN-COOLIT-SYN-001,SITE-COOLIT-SYN-01,REFERENCE,SHIFT_CALENDAR,SHCAL-118-1,SHCAL-118-1,RESOLVED,2026-09-25T23:59:59-06:00,2026-09-26T08:00:00-06:00,2026-06-29T00:00:00-06:00,,1,,false,PLANNING_FUTURE,,,VALID,CURRENT,coolit-synthetic-v2.0.0,ALL_SYNTHETIC_CUSTOMERS,ALL_SYNTHETIC_PROGRAMS,ALL_SYNTHETIC_PRODUCTS,SYNTHETIC_INTERNAL,SNP-COOLIT-20260925-BL,SCN-BASELINE,SHCAL-118-1,2026-P14,SHIFT-A,6,14,5,2400,0,NORMAL
TEN-COOLIT-SYN-001,SITE-COOLIT-SYN-01,REFERENCE,SHIFT_CALENDAR,SHCAL-118-2,SHCAL-118-2,RESOLVED,2026-09-25T23:59:59-06:00,2026-09-26T08:00:00-06:00,2026-06-29T00:00:00-06:00,,1,,false,PLANNING_FUTURE,,,VALID,CURRENT,coolit-synthetic-v2.0.0,ALL_SYNTHETIC_CUSTOMERS,ALL_SYNTHETIC_PROGRAMS,ALL_SYNTHETIC_PRODUCTS,SYNTHETIC_INTERNAL,SNP-COOLIT-20260925-BL,SCN-BASELINE,SHCAL-118-2,2026-P14,SHIFT-B,14,22,5,2400,0,NORMAL
TEN-COOLIT-SYN-001,SITE-COOLIT-SYN-01,REFERENCE,SHIFT_CALENDAR,SHCAL-118-3,SHCAL-118-3,RESOLVED,2026-09-25T23:59:59-06:00,2026-09-26T08:00:00-06:00,2026-06-29T00:00:00-06:00,,1,,false,PLANNING_FUTURE,,,VALID,CURRENT,coolit-synthetic-v2.0.0,ALL_SYNTHETIC_CUSTOMERS,ALL_SYNTHETIC_PROGRAMS,ALL_SYNTHETIC_PRODUCTS,SYNTHETIC_INTERNAL,SNP-COOLIT-20260925-BL,SCN-BASELINE,SHCAL-118-3,2026-P14,SHIFT-C,22,6,3,1440,0,NORMAL
TEN-COOLIT-SYN-001,SITE-COOLIT-SYN-01,REFERENCE,SHIFT_CALENDAR,SHCAL-119-1,SHCAL-119-1,RESOLVED,2026-09-25T23:59:59-06:00,2026-09-26T08:00:00-06:00,2026-06-29T00:00:00-06:00,,1,,false,PLANNING_FUTURE,,,VALID,CURRENT,coolit-synthetic-v2.0.0,ALL_SYNTHETIC_CUSTOMERS,ALL_SYNTHETIC_PROGRAMS,ALL_SYNTHETIC_PRODUCTS,SYNTHETIC_INTERNAL,SNP-COOLIT-20260925-BL,SCN-BASELINE,SHCAL-119-1,2026-P15,SHIFT-A,6,14,5,2400,0,NORMAL
TEN-COOLIT-SYN-001,SITE-COOLIT-SYN-01,REFERENCE,SHIFT_CALENDAR,SHCAL-119-2,SHCAL-119-2,RESOLVED,2026-09-25T23:59:59-06:00,2026-09-26T08:00:00-06:00,2026-06-29T00:00:00-06:00,,1,,false,PLANNING_FUTURE,,,VALID,CURRENT,coolit-synthetic-v2.0.0,ALL_SYNTHETIC_CUSTOMERS,ALL_SYNTHETIC_PROGRAMS,ALL_SYNTHETIC_PRODUCTS,SYNTHETIC_INTERNAL,SNP-COOLIT-20260925-BL,SCN-BASELINE,SHCAL-119-2,2026-P15,SHIFT-B,14,22,5,2400,0,NORMAL
TEN-COOLIT-SYN-001,SITE-COOLIT-SYN-01,REFERENCE,SHIFT_CALENDAR,SHCAL-119-3,SHCAL-119-3,RESOLVED,2026-09-25T23:59:59-06:00,2026-09-26T08:00:00-06:00,2026-06-29T00:00:00-06:00,,1,,false,PLANNING_FUTURE,,,VALID,CURRENT,coolit-synthetic-v2.0.0,ALL_SYNTHETIC_CUSTOMERS,ALL_SYNTHETIC_PROGRAMS,ALL_SYNTHETIC_PRODUCTS,SYNTHETIC_INTERNAL,SNP-COOLIT-20260925-BL,SCN-BASELINE,SHCAL-119-3,2026-P15,SHIFT-C,22,6,3,1440,0,NORMAL
TEN-COOLIT-SYN-001,SITE-COOLIT-SYN-01,REFERENCE,SHIFT_CALENDAR,SHCAL-120-1,SHCAL-120-1,RESOLVED,2026-09-25T23:59:59-06:00,2026-09-26T08:00:00-06:00,2026-06-29T00:00:00-06:00,,1,,false,PLANNING_FUTURE,,,VALID,CURRENT,coolit-synthetic-v2.0.0,ALL_SYNTHETIC_CUSTOMERS,ALL_SYNTHETIC_PROGRAMS,ALL_SYNTHETIC_PRODUCTS,SYNTHETIC_INTERNAL,SNP-COOLIT-20260925-BL,SCN-BASELINE,SHCAL-120-1,2026-P16,SHIFT-A,6,14,5,2400,0,NORMAL
TEN-COOLIT-SYN-001,SITE-COOLIT-SYN-01,REFERENCE,SHIFT_CALENDAR,SHCAL-120-2,SHCAL-120-2,RESOLVED,2026-09-25T23:59:59-06:00,2026-09-26T08:00:00-06:00,2026-06-29T00:00:00-06:00,,1,,false,PLANNING_FUTURE,,,VALID,CURRENT,coolit-synthetic-v2.0.0,ALL_SYNTHETIC_CUSTOMERS,ALL_SYNTHETIC_PROGRAMS,ALL_SYNTHETIC_PRODUCTS,SYNTHETIC_INTERNAL,SNP-COOLIT-20260925-BL,SCN-BASELINE,SHCAL-120-2,2026-P16,SHIFT-B,14,22,5,2400,0,NORMAL
TEN-COOLIT-SYN-001,SITE-COOLIT-SYN-01,REFERENCE,SHIFT_CALENDAR,SHCAL-120-3,SHCAL-120-3,RESOLVED,2026-09-25T23:59:59-06:00,2026-09-26T08:00:00-06:00,2026-06-29T00:00:00-06:00,,1,,false,PLANNING_FUTURE,,,VALID,CURRENT,coolit-synthetic-v2.0.0,ALL_SYNTHETIC_CUSTOMERS,ALL_SYNTHETIC_PROGRAMS,ALL_SYNTHETIC_PRODUCTS,SYNTHETIC_INTERNAL,SNP-COOLIT-20260925-BL,SCN-BASELINE,SHCAL-120-3,2026-P16,SHIFT-C,22,6,3,1440,0,NORMAL
TEN-COOLIT-SYN-001,SITE-COOLIT-SYN-01,REFERENCE,SHIFT_CALENDAR,SHCAL-121-1,SHCAL-121-1,RESOLVED,2026-09-25T23:59:59-06:00,2026-09-26T08:00:00-06:00,2026-06-29T00:00:00-06:00,,1,,false,PLANNING_FUTURE,,,VALID,CURRENT,coolit-synthetic-v2.0.0,ALL_SYNTHETIC_CUSTOMERS,ALL_SYNTHETIC_PROGRAMS,ALL_SYNTHETIC_PRODUCTS,SYNTHETIC_INTERNAL,SNP-COOLIT-20260925-BL,SCN-BASELINE,SHCAL-121-1,2026-P17,SHIFT-A,6,14,5,2400,0,NORMAL
TEN-COOLIT-SYN-001,SITE-COOLIT-SYN-01,REFERENCE,SHIFT_CALENDAR,SHCAL-121-2,SHCAL-121-2,RESOLVED,2026-09-25T23:59:59-06:00,2026-09-26T08:00:00-06:00,2026-06-29T00:00:00-06:00,,1,,false,PLANNING_FUTURE,,,VALID,CURRENT,coolit-synthetic-v2.0.0,ALL_SYNTHETIC_CUSTOMERS,ALL_SYNTHETIC_PROGRAMS,ALL_SYNTHETIC_PRODUCTS,SYNTHETIC_INTERNAL,SNP-COOLIT-20260925-BL,SCN-BASELINE,SHCAL-121-2,2026-P17,SHIFT-B,14,22,5,2400,0,NORMAL
TEN-COOLIT-SYN-001,SITE-COOLIT-SYN-01,REFERENCE,SHIFT_CALENDAR,SHCAL-121-3,SHCAL-121-3,RESOLVED,2026-09-25T23:59:59-06:00,2026-09-26T08:00:00-06:00,2026-06-29T00:00:00-06:00,,1,,false,PLANNING_FUTURE,,,VALID,CURRENT,coolit-synthetic-v2.0.0,ALL_SYNTHETIC_CUSTOMERS,ALL_SYNTHETIC_PROGRAMS,ALL_SYNTHETIC_PRODUCTS,SYNTHETIC_INTERNAL,SNP-COOLIT-20260925-BL,SCN-BASELINE,SHCAL-121-3,2026-P17,SHIFT-C,22,6,3,1440,0,NORMAL
TEN-COOLIT-SYN-001,SITE-COOLIT-SYN-01,REFERENCE,SHIFT_CALENDAR,SHCAL-122-1,SHCAL-122-1,RESOLVED,2026-09-25T23:59:59-06:00,2026-09-26T08:00:00-06:00,2026-06-29T00:00:00-06:00,,1,,false,PLANNING_FUTURE,,,VALID,CURRENT,coolit-synthetic-v2.0.0,ALL_SYNTHETIC_CUSTOMERS,ALL_SYNTHETIC_PROGRAMS,ALL_SYNTHETIC_PRODUCTS,SYNTHETIC_INTERNAL,SNP-COOLIT-20260925-BL,SCN-BASELINE,SHCAL-122-1,2026-P18,SHIFT-A,6,14,5,2400,0,NORMAL
TEN-COOLIT-SYN-001,SITE-COOLIT-SYN-01,REFERENCE,SHIFT_CALENDAR,SHCAL-122-2,SHCAL-122-2,RESOLVED,2026-09-25T23:59:59-06:00,2026-09-26T08:00:00-06:00,2026-06-29T00:00:00-06:00,,1,,false,PLANNING_FUTURE,,,VALID,CURRENT,coolit-synthetic-v2.0.0,ALL_SYNTHETIC_CUSTOMERS,ALL_SYNTHETIC_PROGRAMS,ALL_SYNTHETIC_PRODUCTS,SYNTHETIC_INTERNAL,SNP-COOLIT-20260925-BL,SCN-BASELINE,SHCAL-122-2,2026-P18,SHIFT-B,14,22,5,2400,0,NORMAL
TEN-COOLIT-SYN-001,SITE-COOLIT-SYN-01,REFERENCE,SHIFT_CALENDAR,SHCAL-122-3,SHCAL-122-3,RESOLVED,2026-09-25T23:59:59-06:00,2026-09-26T08:00:00-06:00,2026-06-29T00:00:00-06:00,,1,,false,PLANNING_FUTURE,,,VALID,CURRENT,coolit-synthetic-v2.0.0,ALL_SYNTHETIC_CUSTOMERS,ALL_SYNTHETIC_PROGRAMS,ALL_SYNTHETIC_PRODUCTS,SYNTHETIC_INTERNAL,SNP-COOLIT-20260925-BL,SCN-BASELINE,SHCAL-122-3,2026-P18,SHIFT-C,22,6,3,1440,0,NORMAL
TEN-COOLIT-SYN-001,SITE-COOLIT-SYN-01,REFERENCE,SHIFT_CALENDAR,SHCAL-123-1,SHCAL-123-1,RESOLVED,2026-09-25T23:59:59-06:00,2026-09-26T08:00:00-06:00,2026-06-29T00:00:00-06:00,,1,,false,PLANNING_FUTURE,,,VALID,CURRENT,coolit-synthetic-v2.0.0,ALL_SYNTHETIC_CUSTOMERS,ALL_SYNTHETIC_PROGRAMS,ALL_SYNTHETIC_PRODUCTS,SYNTHETIC_INTERNAL,SNP-COOLIT-20260925-BL,SCN-BASELINE,SHCAL-123-1,2026-P19,SHIFT-A,6,14,5,2400,0,NORMAL
TEN-COOLIT-SYN-001,SITE-COOLIT-SYN-01,REFERENCE,SHIFT_CALENDAR,SHCAL-123-2,SHCAL-123-2,RESOLVED,2026-09-25T23:59:59-06:00,2026-09-26T08:00:00-06:00,2026-06-29T00:00:00-06:00,,1,,false,PLANNING_FUTURE,,,VALID,CURRENT,coolit-synthetic-v2.0.0,ALL_SYNTHETIC_CUSTOMERS,ALL_SYNTHETIC_PROGRAMS,ALL_SYNTHETIC_PRODUCTS,SYNTHETIC_INTERNAL,SNP-COOLIT-20260925-BL,SCN-BASELINE,SHCAL-123-2,2026-P19,SHIFT-B,14,22,5,2400,0,NORMAL
TEN-COOLIT-SYN-001,SITE-COOLIT-SYN-01,REFERENCE,SHIFT_CALENDAR,SHCAL-123-3,SHCAL-123-3,RESOLVED,2026-09-25T23:59:59-06:00,2026-09-26T08:00:00-06:00,2026-06-29T00:00:00-06:00,,1,,false,PLANNING_FUTURE,,,VALID,CURRENT,coolit-synthetic-v2.0.0,ALL_SYNTHETIC_CUSTOMERS,ALL_SYNTHETIC_PROGRAMS,ALL_SYNTHETIC_PRODUCTS,SYNTHETIC_INTERNAL,SNP-COOLIT-20260925-BL,SCN-BASELINE,SHCAL-123-3,2026-P19,SHIFT-C,22,6,3,1440,0,NORMAL
TEN-COOLIT-SYN-001,SITE-COOLIT-SYN-01,REFERENCE,SHIFT_CALENDAR,SHCAL-124-1,SHCAL-124-1,RESOLVED,2026-09-25T23:59:59-06:00,2026-09-26T08:00:00-06:00,2026-06-29T00:00:00-06:00,,1,,false,PLANNING_FUTURE,,,VALID,CURRENT,coolit-synthetic-v2.0.0,ALL_SYNTHETIC_CUSTOMERS,ALL_SYNTHETIC_PROGRAMS,ALL_SYNTHETIC_PRODUCTS,SYNTHETIC_INTERNAL,SNP-COOLIT-20260925-BL,SCN-BASELINE,SHCAL-124-1,2026-P20,SHIFT-A,6,14,5,2400,0,NORMAL
TEN-COOLIT-SYN-001,SITE-COOLIT-SYN-01,REFERENCE,SHIFT_CALENDAR,SHCAL-124-2,SHCAL-124-2,RESOLVED,2026-09-25T23:59:59-06:00,2026-09-26T08:00:00-06:00,2026-06-29T00:00:00-06:00,,1,,false,PLANNING_FUTURE,,,VALID,CURRENT,coolit-synthetic-v2.0.0,ALL_SYNTHETIC_CUSTOMERS,ALL_SYNTHETIC_PROGRAMS,ALL_SYNTHETIC_PRODUCTS,SYNTHETIC_INTERNAL,SNP-COOLIT-20260925-BL,SCN-BASELINE,SHCAL-124-2,2026-P20,SHIFT-B,14,22,5,2400,0,NORMAL
TEN-COOLIT-SYN-001,SITE-COOLIT-SYN-01,REFERENCE,SHIFT_CALENDAR,SHCAL-124-3,SHCAL-124-3,RESOLVED,2026-09-25T23:59:59-06:00,2026-09-26T08:00:00-06:00,2026-06-29T00:00:00-06:00,,1,,false,PLANNING_FUTURE,,,VALID,CURRENT,coolit-synthetic-v2.0.0,ALL_SYNTHETIC_CUSTOMERS,ALL_SYNTHETIC_PROGRAMS,ALL_SYNTHETIC_PRODUCTS,SYNTHETIC_INTERNAL,SNP-COOLIT-20260925-BL,SCN-BASELINE,SHCAL-124-3,2026-P20,SHIFT-C,22,6,3,1440,0,NORMAL
TEN-COOLIT-SYN-001,SITE-COOLIT-SYN-01,REFERENCE,SHIFT_CALENDAR,SHCAL-125-1,SHCAL-125-1,RESOLVED,2026-09-25T23:59:59-06:00,2026-09-26T08:00:00-06:00,2026-06-29T00:00:00-06:00,,1,,false,PLANNING_FUTURE,,,VALID,CURRENT,coolit-synthetic-v2.0.0,ALL_SYNTHETIC_CUSTOMERS,ALL_SYNTHETIC_PROGRAMS,ALL_SYNTHETIC_PRODUCTS,SYNTHETIC_INTERNAL,SNP-COOLIT-20260925-BL,SCN-BASELINE,SHCAL-125-1,2026-P21,SHIFT-A,6,14,5,2400,0,NORMAL
TEN-COOLIT-SYN-001,SITE-COOLIT-SYN-01,REFERENCE,SHIFT_CALENDAR,SHCAL-125-2,SHCAL-125-2,RESOLVED,2026-09-25T23:59:59-06:00,2026-09-26T08:00:00-06:00,2026-06-29T00:00:00-06:00,,1,,false,PLANNING_FUTURE,,,VALID,CURRENT,coolit-synthetic-v2.0.0,ALL_SYNTHETIC_CUSTOMERS,ALL_SYNTHETIC_PROGRAMS,ALL_SYNTHETIC_PRODUCTS,SYNTHETIC_INTERNAL,SNP-COOLIT-20260925-BL,SCN-BASELINE,SHCAL-125-2,2026-P21,SHIFT-B,14,22,5,2400,0,NORMAL
TEN-COOLIT-SYN-001,SITE-COOLIT-SYN-01,REFERENCE,SHIFT_CALENDAR,SHCAL-125-3,SHCAL-125-3,RESOLVED,2026-09-25T23:59:59-06:00,2026-09-26T08:00:00-06:00,2026-06-29T00:00:00-06:00,,1,,false,PLANNING_FUTURE,,,VALID,CURRENT,coolit-synthetic-v2.0.0,ALL_SYNTHETIC_CUSTOMERS,ALL_SYNTHETIC_PROGRAMS,ALL_SYNTHETIC_PRODUCTS,SYNTHETIC_INTERNAL,SNP-COOLIT-20260925-BL,SCN-BASELINE,SHCAL-125-3,2026-P21,SHIFT-C,22,6,3,1440,0,NORMAL
TEN-COOLIT-SYN-001,SITE-COOLIT-SYN-01,REFERENCE,SHIFT_CALENDAR,SHCAL-126-1,SHCAL-126-1,RESOLVED,2026-09-25T23:59:59-06:00,2026-09-26T08:00:00-06:00,2026-06-29T00:00:00-06:00,,1,,false,PLANNING_FUTURE,,,VALID,CURRENT,coolit-synthetic-v2.0.0,ALL_SYNTHETIC_CUSTOMERS,ALL_SYNTHETIC_PROGRAMS,ALL_SYNTHETIC_PRODUCTS,SYNTHETIC_INTERNAL,SNP-COOLIT-20260925-BL,SCN-BASELINE,SHCAL-126-1,2026-P22,SHIFT-A,6,14,5,2400,0,NORMAL
TEN-COOLIT-SYN-001,SITE-COOLIT-SYN-01,REFERENCE,SHIFT_CALENDAR,SHCAL-126-2,SHCAL-126-2,RESOLVED,2026-09-25T23:59:59-06:00,2026-09-26T08:00:00-06:00,2026-06-29T00:00:00-06:00,,1,,false,PLANNING_FUTURE,,,VALID,CURRENT,coolit-synthetic-v2.0.0,ALL_SYNTHETIC_CUSTOMERS,ALL_SYNTHETIC_PROGRAMS,ALL_SYNTHETIC_PRODUCTS,SYNTHETIC_INTERNAL,SNP-COOLIT-20260925-BL,SCN-BASELINE,SHCAL-126-2,2026-P22,SHIFT-B,14,22,5,2400,0,NORMAL
TEN-COOLIT-SYN-001,SITE-COOLIT-SYN-01,REFERENCE,SHIFT_CALENDAR,SHCAL-126-3,SHCAL-126-3,RESOLVED,2026-09-25T23:59:59-06:00,2026-09-26T08:00:00-06:00,2026-06-29T00:00:00-06:00,,1,,false,PLANNING_FUTURE,,,VALID,CURRENT,coolit-synthetic-v2.0.0,ALL_SYNTHETIC_CUSTOMERS,ALL_SYNTHETIC_PROGRAMS,ALL_SYNTHETIC_PRODUCTS,SYNTHETIC_INTERNAL,SNP-COOLIT-20260925-BL,SCN-BASELINE,SHCAL-126-3,2026-P22,SHIFT-C,22,6,3,1440,0,NORMAL
TEN-COOLIT-SYN-001,SITE-COOLIT-SYN-01,REFERENCE,SHIFT_CALENDAR,SHCAL-127-1,SHCAL-127-1,RESOLVED,2026-09-25T23:59:59-06:00,2026-09-26T08:00:00-06:00,2026-06-29T00:00:00-06:00,,1,,false,PLANNING_FUTURE,,,VALID,CURRENT,coolit-synthetic-v2.0.0,ALL_SYNTHETIC_CUSTOMERS,ALL_SYNTHETIC_PROGRAMS,ALL_SYNTHETIC_PRODUCTS,SYNTHETIC_INTERNAL,SNP-COOLIT-20260925-BL,SCN-BASELINE,SHCAL-127-1,2026-P23,SHIFT-A,6,14,5,2400,0,NORMAL
TEN-COOLIT-SYN-001,SITE-COOLIT-SYN-01,REFERENCE,SHIFT_CALENDAR,SHCAL-127-2,SHCAL-127-2,RESOLVED,2026-09-25T23:59:59-06:00,2026-09-26T08:00:00-06:00,2026-06-29T00:00:00-06:00,,1,,false,PLANNING_FUTURE,,,VALID,CURRENT,coolit-synthetic-v2.0.0,ALL_SYNTHETIC_CUSTOMERS,ALL_SYNTHETIC_PROGRAMS,ALL_SYNTHETIC_PRODUCTS,SYNTHETIC_INTERNAL,SNP-COOLIT-20260925-BL,SCN-BASELINE,SHCAL-127-2,2026-P23,SHIFT-B,14,22,5,2400,0,NORMAL
TEN-COOLIT-SYN-001,SITE-COOLIT-SYN-01,REFERENCE,SHIFT_CALENDAR,SHCAL-127-3,SHCAL-127-3,RESOLVED,2026-09-25T23:59:59-06:00,2026-09-26T08:00:00-06:00,2026-06-29T00:00:00-06:00,,1,,false,PLANNING_FUTURE,,,VALID,CURRENT,coolit-synthetic-v2.0.0,ALL_SYNTHETIC_CUSTOMERS,ALL_SYNTHETIC_PROGRAMS,ALL_SYNTHETIC_PRODUCTS,SYNTHETIC_INTERNAL,SNP-COOLIT-20260925-BL,SCN-BASELINE,SHCAL-127-3,2026-P23,SHIFT-C,22,6,3,1440,0,NORMAL
TEN-COOLIT-SYN-001,SITE-COOLIT-SYN-01,REFERENCE,SHIFT_CALENDAR,SHCAL-128-1,SHCAL-128-1,RESOLVED,2026-09-25T23:59:59-06:00,2026-09-26T08:00:00-06:00,2026-06-29T00:00:00-06:00,,1,,false,PLANNING_FUTURE,,,VALID,CURRENT,coolit-synthetic-v2.0.0,ALL_SYNTHETIC_CUSTOMERS,ALL_SYNTHETIC_PROGRAMS,ALL_SYNTHETIC_PRODUCTS,SYNTHETIC_INTERNAL,SNP-COOLIT-20260925-BL,SCN-BASELINE,SHCAL-128-1,2026-P24,SHIFT-A,6,14,5,2400,0,NORMAL
TEN-COOLIT-SYN-001,SITE-COOLIT-SYN-01,REFERENCE,SHIFT_CALENDAR,SHCAL-128-2,SHCAL-128-2,RESOLVED,2026-09-25T23:59:59-06:00,2026-09-26T08:00:00-06:00,2026-06-29T00:00:00-06:00,,1,,false,PLANNING_FUTURE,,,VALID,CURRENT,coolit-synthetic-v2.0.0,ALL_SYNTHETIC_CUSTOMERS,ALL_SYNTHETIC_PROGRAMS,ALL_SYNTHETIC_PRODUCTS,SYNTHETIC_INTERNAL,SNP-COOLIT-20260925-BL,SCN-BASELINE,SHCAL-128-2,2026-P24,SHIFT-B,14,22,5,2400,0,NORMAL
TEN-COOLIT-SYN-001,SITE-COOLIT-SYN-01,REFERENCE,SHIFT_CALENDAR,SHCAL-128-3,SHCAL-128-3,RESOLVED,2026-09-25T23:59:59-06:00,2026-09-26T08:00:00-06:00,2026-06-29T00:00:00-06:00,,1,,false,PLANNING_FUTURE,,,VALID,CURRENT,coolit-synthetic-v2.0.0,ALL_SYNTHETIC_CUSTOMERS,ALL_SYNTHETIC_PROGRAMS,ALL_SYNTHETIC_PRODUCTS,SYNTHETIC_INTERNAL,SNP-COOLIT-20260925-BL,SCN-BASELINE,SHCAL-128-3,2026-P24,SHIFT-C,22,6,3,1440,0,NORMAL
TEN-COOLIT-SYN-001,SITE-COOLIT-SYN-01,REFERENCE,SHIFT_CALENDAR,SHCAL-129-1,SHCAL-129-1,RESOLVED,2026-09-25T23:59:59-06:00,2026-09-26T08:00:00-06:00,2026-06-29T00:00:00-06:00,,1,,false,PLANNING_FUTURE,,,VALID,CURRENT,coolit-synthetic-v2.0.0,ALL_SYNTHETIC_CUSTOMERS,ALL_SYNTHETIC_PROGRAMS,ALL_SYNTHETIC_PRODUCTS,SYNTHETIC_INTERNAL,SNP-COOLIT-20260925-BL,SCN-BASELINE,SHCAL-129-1,2026-P25,SHIFT-A,6,14,5,2400,0,NORMAL
TEN-COOLIT-SYN-001,SITE-COOLIT-SYN-01,REFERENCE,SHIFT_CALENDAR,SHCAL-129-2,SHCAL-129-2,RESOLVED,2026-09-25T23:59:59-06:00,2026-09-26T08:00:00-06:00,2026-06-29T00:00:00-06:00,,1,,false,PLANNING_FUTURE,,,VALID,CURRENT,coolit-synthetic-v2.0.0,ALL_SYNTHETIC_CUSTOMERS,ALL_SYNTHETIC_PROGRAMS,ALL_SYNTHETIC_PRODUCTS,SYNTHETIC_INTERNAL,SNP-COOLIT-20260925-BL,SCN-BASELINE,SHCAL-129-2,2026-P25,SHIFT-B,14,22,5,2400,0,NORMAL
TEN-COOLIT-SYN-001,SITE-COOLIT-SYN-01,REFERENCE,SHIFT_CALENDAR,SHCAL-129-3,SHCAL-129-3,RESOLVED,2026-09-25T23:59:59-06:00,2026-09-26T08:00:00-06:00,2026-06-29T00:00:00-06:00,,1,,false,PLANNING_FUTURE,,,VALID,CURRENT,coolit-synthetic-v2.0.0,ALL_SYNTHETIC_CUSTOMERS,ALL_SYNTHETIC_PROGRAMS,ALL_SYNTHETIC_PRODUCTS,SYNTHETIC_INTERNAL,SNP-COOLIT-20260925-BL,SCN-BASELINE,SHCAL-129-3,2026-P25,SHIFT-C,22,6,3,1440,0,NORMAL
TEN-COOLIT-SYN-001,SITE-COOLIT-SYN-01,REFERENCE,SHIFT_CALENDAR,SHCAL-130-1,SHCAL-130-1,RESOLVED,2026-09-25T23:59:59-06:00,2026-09-26T08:00:00-06:00,2026-06-29T00:00:00-06:00,,1,,false,PLANNING_FUTURE,,,VALID,CURRENT,coolit-synthetic-v2.0.0,ALL_SYNTHETIC_CUSTOMERS,ALL_SYNTHETIC_PROGRAMS,ALL_SYNTHETIC_PRODUCTS,SYNTHETIC_INTERNAL,SNP-COOLIT-20260925-BL,SCN-BASELINE,SHCAL-130-1,2026-P26,SHIFT-A,6,14,5,2400,0,NORMAL
TEN-COOLIT-SYN-001,SITE-COOLIT-SYN-01,REFERENCE,SHIFT_CALENDAR,SHCAL-130-2,SHCAL-130-2,RESOLVED,2026-09-25T23:59:59-06:00,2026-09-26T08:00:00-06:00,2026-06-29T00:00:00-06:00,,1,,false,PLANNING_FUTURE,,,VALID,CURRENT,coolit-synthetic-v2.0.0,ALL_SYNTHETIC_CUSTOMERS,ALL_SYNTHETIC_PROGRAMS,ALL_SYNTHETIC_PRODUCTS,SYNTHETIC_INTERNAL,SNP-COOLIT-20260925-BL,SCN-BASELINE,SHCAL-130-2,2026-P26,SHIFT-B,14,22,5,2400,0,NORMAL
TEN-COOLIT-SYN-001,SITE-COOLIT-SYN-01,REFERENCE,SHIFT_CALENDAR,SHCAL-130-3,SHCAL-130-3,RESOLVED,2026-09-25T23:59:59-06:00,2026-09-26T08:00:00-06:00,2026-06-29T00:00:00-06:00,,1,,false,PLANNING_FUTURE,,,VALID,CURRENT,coolit-synthetic-v2.0.0,ALL_SYNTHETIC_CUSTOMERS,ALL_SYNTHETIC_PROGRAMS,ALL_SYNTHETIC_PRODUCTS,SYNTHETIC_INTERNAL,SNP-COOLIT-20260925-BL,SCN-BASELINE,SHCAL-130-3,2026-P26,SHIFT-C,22,6,3,1440,0,NORMAL
