tenant_id,site_id,source_system,source_object,source_record_id,canonical_id,crosswalk_status,source_event_at,ingested_at,effective_from,effective_to,record_version,supersedes_source_record_id,is_deleted,semantic_status,uom,currency,data_quality_state,freshness_state,transformation_version,customer_scope,program_scope,product_scope,sensitivity_class,snapshot_id,scenario_id,bom_component_id,bom_revision_id,parent_part_id,child_part_id,quantity_per,component_uom,operation_sequence,issue_point,substitute_group,scrap_factor_pct,effective_from_date,effective_to_date
TEN-COOLIT-SYN-001,SITE-COOLIT-SYN-01,ERP,BOM_COMPONENT,BOMC-01-001,BOMC-01-001,RESOLVED,2026-09-25T23:59:59-06:00,2026-09-26T08:00:00-06:00,2026-06-29T00:00:00-06:00,,1,,false,ACTIVE,EA,,VALID,CURRENT,coolit-synthetic-v2.0.0,ALL_SYNTHETIC_CUSTOMERS,ALL_SYNTHETIC_PROGRAMS,CFG-CPL-01,SYNTHETIC_INTERNAL,SNP-COOLIT-20260925-BL,SCN-BASELINE,BOMC-01-001,BOM-CFG-CPL-01-A,P-FG-001,P-QD-001,2,EA,10,OP-10,SUB-QUICK_DISCONNECT-1,0.02,2026-01-01,
TEN-COOLIT-SYN-001,SITE-COOLIT-SYN-01,ERP,BOM_COMPONENT,BOMC-01-002,BOMC-01-002,RESOLVED,2026-09-25T23:59:59-06:00,2026-09-26T08:00:00-06:00,2026-06-29T00:00:00-06:00,,1,,false,ACTIVE,EA,,VALID,CURRENT,coolit-synthetic-v2.0.0,ALL_SYNTHETIC_CUSTOMERS,ALL_SYNTHETIC_PROGRAMS,CFG-CPL-01,SYNTHETIC_INTERNAL,SNP-COOLIT-20260925-BL,SCN-BASELINE,BOMC-01-002,BOM-CFG-CPL-01-A,P-FG-001,P-QD-008,1,EA,10,OP-10,,0,2026-01-01,
TEN-COOLIT-SYN-001,SITE-COOLIT-SYN-01,ERP,BOM_COMPONENT,BOMC-01-003,BOMC-01-003,RESOLVED,2026-09-25T23:59:59-06:00,2026-09-26T08:00:00-06:00,2026-06-29T00:00:00-06:00,,1,,false,ACTIVE,EA,,VALID,CURRENT,coolit-synthetic-v2.0.0,ALL_SYNTHETIC_CUSTOMERS,ALL_SYNTHETIC_PROGRAMS,CFG-CPL-01,SYNTHETIC_INTERNAL,SNP-COOLIT-20260925-BL,SCN-BASELINE,BOMC-01-003,BOM-CFG-CPL-01-A,P-FG-001,P-PUMP-005,1,EA,10,OP-10,,0,2026-01-01,
TEN-COOLIT-SYN-001,SITE-COOLIT-SYN-01,ERP,BOM_COMPONENT,BOMC-01-004,BOMC-01-004,RESOLVED,2026-09-25T23:59:59-06:00,2026-09-26T08:00:00-06:00,2026-06-29T00:00:00-06:00,,1,,false,ACTIVE,EA,,VALID,CURRENT,coolit-synthetic-v2.0.0,ALL_SYNTHETIC_CUSTOMERS,ALL_SYNTHETIC_PROGRAMS,CFG-CPL-01,SYNTHETIC_INTERNAL,SNP-COOLIT-20260925-BL,SCN-BASELINE,BOMC-01-004,BOM-CFG-CPL-01-A,P-FG-001,P-HX-004,1,EA,10,OP-10,,0,2026-01-01,
TEN-COOLIT-SYN-001,SITE-COOLIT-SYN-01,ERP,BOM_COMPONENT,BOMC-01-005,BOMC-01-005,RESOLVED,2026-09-25T23:59:59-06:00,2026-09-26T08:00:00-06:00,2026-06-29T00:00:00-06:00,,1,,false,ACTIVE,EA,,VALID,CURRENT,coolit-synthetic-v2.0.0,ALL_SYNTHETIC_CUSTOMERS,ALL_SYNTHETIC_PROGRAMS,CFG-CPL-01,SYNTHETIC_INTERNAL,SNP-COOLIT-20260925-BL,SCN-BASELINE,BOMC-01-005,BOM-CFG-CPL-01-A,P-FG-001,P-CTRL-005,1,EA,10,OP-10,,0,2026-01-01,
TEN-COOLIT-SYN-001,SITE-COOLIT-SYN-01,ERP,BOM_COMPONENT,BOMC-01-006,BOMC-01-006,RESOLVED,2026-09-25T23:59:59-06:00,2026-09-26T08:00:00-06:00,2026-06-29T00:00:00-06:00,,1,,false,ACTIVE,EA,,VALID,CURRENT,coolit-synthetic-v2.0.0,ALL_SYNTHETIC_CUSTOMERS,ALL_SYNTHETIC_PROGRAMS,CFG-CPL-01,SYNTHETIC_INTERNAL,SNP-COOLIT-20260925-BL,SCN-BASELINE,BOMC-01-006,BOM-CFG-CPL-01-A,P-FG-001,P-COMP-006,1,EA,20,OP-20,,0,2026-01-01,
TEN-COOLIT-SYN-001,SITE-COOLIT-SYN-01,ERP,BOM_COMPONENT,BOMC-01-007,BOMC-01-007,RESOLVED,2026-09-25T23:59:59-06:00,2026-09-26T08:00:00-06:00,2026-06-29T00:00:00-06:00,,1,,false,ACTIVE,EA,,VALID,CURRENT,coolit-synthetic-v2.0.0,ALL_SYNTHETIC_CUSTOMERS,ALL_SYNTHETIC_PROGRAMS,CFG-CPL-01,SYNTHETIC_INTERNAL,SNP-COOLIT-20260925-BL,SCN-BASELINE,BOMC-01-007,BOM-CFG-CPL-01-A,P-FG-001,P-COMP-013,1,EA,20,OP-20,,0,2026-01-01,
TEN-COOLIT-SYN-001,SITE-COOLIT-SYN-01,ERP,BOM_COMPONENT,BOMC-01-008,BOMC-01-008,RESOLVED,2026-09-25T23:59:59-06:00,2026-09-26T08:00:00-06:00,2026-06-29T00:00:00-06:00,,1,,false,ACTIVE,EA,,VALID,CURRENT,coolit-synthetic-v2.0.0,ALL_SYNTHETIC_CUSTOMERS,ALL_SYNTHETIC_PROGRAMS,CFG-CPL-01,SYNTHETIC_INTERNAL,SNP-COOLIT-20260925-BL,SCN-BASELINE,BOMC-01-008,BOM-CFG-CPL-01-A,P-FG-001,P-COMP-020,1,EA,20,OP-20,,0,2026-01-01,
TEN-COOLIT-SYN-001,SITE-COOLIT-SYN-01,ERP,BOM_COMPONENT,BOMC-01-009,BOMC-01-009,RESOLVED,2026-09-25T23:59:59-06:00,2026-09-26T08:00:00-06:00,2026-06-29T00:00:00-06:00,,1,,false,ACTIVE,EA,,VALID,CURRENT,coolit-synthetic-v2.0.0,ALL_SYNTHETIC_CUSTOMERS,ALL_SYNTHETIC_PROGRAMS,CFG-CPL-01,SYNTHETIC_INTERNAL,SNP-COOLIT-20260925-BL,SCN-BASELINE,BOMC-01-009,BOM-CFG-CPL-01-A,P-FG-001,P-COMP-027,1,EA,20,OP-20,,0,2026-01-01,
TEN-COOLIT-SYN-001,SITE-COOLIT-SYN-01,ERP,BOM_COMPONENT,BOMC-01-010,BOMC-01-010,RESOLVED,2026-09-25T23:59:59-06:00,2026-09-26T08:00:00-06:00,2026-06-29T00:00:00-06:00,,1,,false,ACTIVE,EA,,VALID,CURRENT,coolit-synthetic-v2.0.0,ALL_SYNTHETIC_CUSTOMERS,ALL_SYNTHETIC_PROGRAMS,CFG-CPL-01,SYNTHETIC_INTERNAL,SNP-COOLIT-20260925-BL,SCN-BASELINE,BOMC-01-010,BOM-CFG-CPL-01-A,P-FG-001,P-COMP-034,2,EA,20,OP-20,,0,2026-01-01,
TEN-COOLIT-SYN-001,SITE-COOLIT-SYN-01,ERP,BOM_COMPONENT,BOMC-01-011,BOMC-01-011,RESOLVED,2026-09-25T23:59:59-06:00,2026-09-26T08:00:00-06:00,2026-06-29T00:00:00-06:00,,1,,false,ACTIVE,EA,,VALID,CURRENT,coolit-synthetic-v2.0.0,ALL_SYNTHETIC_CUSTOMERS,ALL_SYNTHETIC_PROGRAMS,CFG-CPL-01,SYNTHETIC_INTERNAL,SNP-COOLIT-20260925-BL,SCN-BASELINE,BOMC-01-011,BOM-CFG-CPL-01-A,P-FG-001,P-COMP-041,1,EA,30,OP-30,,0,2026-01-01,
TEN-COOLIT-SYN-001,SITE-COOLIT-SYN-01,ERP,BOM_COMPONENT,BOMC-01-012,BOMC-01-012,RESOLVED,2026-09-25T23:59:59-06:00,2026-09-26T08:00:00-06:00,2026-06-29T00:00:00-06:00,,1,,false,ACTIVE,EA,,VALID,CURRENT,coolit-synthetic-v2.0.0,ALL_SYNTHETIC_CUSTOMERS,ALL_SYNTHETIC_PROGRAMS,CFG-CPL-01,SYNTHETIC_INTERNAL,SNP-COOLIT-20260925-BL,SCN-BASELINE,BOMC-01-012,BOM-CFG-CPL-01-A,P-FG-001,P-COMP-048,1,EA,30,OP-30,SUB-FILTER-3,0,2026-01-01,
TEN-COOLIT-SYN-001,SITE-COOLIT-SYN-01,ERP,BOM_COMPONENT,BOMC-01-013,BOMC-01-013,RESOLVED,2026-09-25T23:59:59-06:00,2026-09-26T08:00:00-06:00,2026-06-29T00:00:00-06:00,,1,,false,ACTIVE,EA,,VALID,CURRENT,coolit-synthetic-v2.0.0,ALL_SYNTHETIC_CUSTOMERS,ALL_SYNTHETIC_PROGRAMS,CFG-CPL-01,SYNTHETIC_INTERNAL,SNP-COOLIT-20260925-BL,SCN-BASELINE,BOMC-01-013,BOM-CFG-CPL-01-A,P-FG-001,P-COMP-055,1,EA,30,OP-30,,0,2026-01-01,
TEN-COOLIT-SYN-001,SITE-COOLIT-SYN-01,ERP,BOM_COMPONENT,BOMC-01-014,BOMC-01-014,RESOLVED,2026-09-25T23:59:59-06:00,2026-09-26T08:00:00-06:00,2026-06-29T00:00:00-06:00,,1,,false,ACTIVE,EA,,VALID,CURRENT,coolit-synthetic-v2.0.0,ALL_SYNTHETIC_CUSTOMERS,ALL_SYNTHETIC_PROGRAMS,CFG-CPL-01,SYNTHETIC_INTERNAL,SNP-COOLIT-20260925-BL,SCN-BASELINE,BOMC-01-014,BOM-CFG-CPL-01-A,P-FG-001,P-COMP-062,1,EA,30,OP-30,,0.02,2026-01-01,
TEN-COOLIT-SYN-001,SITE-COOLIT-SYN-01,ERP,BOM_COMPONENT,BOMC-01-015,BOMC-01-015,RESOLVED,2026-09-25T23:59:59-06:00,2026-09-26T08:00:00-06:00,2026-06-29T00:00:00-06:00,,1,,false,ACTIVE,EA,,VALID,CURRENT,coolit-synthetic-v2.0.0,ALL_SYNTHETIC_CUSTOMERS,ALL_SYNTHETIC_PROGRAMS,CFG-CPL-01,SYNTHETIC_INTERNAL,SNP-COOLIT-20260925-BL,SCN-BASELINE,BOMC-01-015,BOM-CFG-CPL-01-A,P-FG-001,P-COMP-069,1,EA,30,OP-30,,0,2026-01-01,
TEN-COOLIT-SYN-001,SITE-COOLIT-SYN-01,ERP,BOM_COMPONENT,BOMC-01-016,BOMC-01-016,RESOLVED,2026-09-25T23:59:59-06:00,2026-09-26T08:00:00-06:00,2026-06-29T00:00:00-06:00,,1,,false,ACTIVE,EA,,VALID,CURRENT,coolit-synthetic-v2.0.0,ALL_SYNTHETIC_CUSTOMERS,ALL_SYNTHETIC_PROGRAMS,CFG-CPL-01,SYNTHETIC_INTERNAL,SNP-COOLIT-20260925-BL,SCN-BASELINE,BOMC-01-016,BOM-CFG-CPL-01-A,P-FG-001,P-COMP-076,1,EA,40,OP-40,,0,2026-01-01,
TEN-COOLIT-SYN-001,SITE-COOLIT-SYN-01,ERP,BOM_COMPONENT,BOMC-01-017,BOMC-01-017,RESOLVED,2026-09-25T23:59:59-06:00,2026-09-26T08:00:00-06:00,2026-06-29T00:00:00-06:00,,1,,false,ACTIVE,EA,,VALID,CURRENT,coolit-synthetic-v2.0.0,ALL_SYNTHETIC_CUSTOMERS,ALL_SYNTHETIC_PROGRAMS,CFG-CPL-01,SYNTHETIC_INTERNAL,SNP-COOLIT-20260925-BL,SCN-BASELINE,BOMC-01-017,BOM-CFG-CPL-01-A,P-FG-001,P-COMP-083,1,EA,40,OP-40,,0,2026-01-01,
TEN-COOLIT-SYN-001,SITE-COOLIT-SYN-01,ERP,BOM_COMPONENT,BOMC-01-018,BOMC-01-018,RESOLVED,2026-09-25T23:59:59-06:00,2026-09-26T08:00:00-06:00,2026-06-29T00:00:00-06:00,,1,,false,ACTIVE,EA,,VALID,CURRENT,coolit-synthetic-v2.0.0,ALL_SYNTHETIC_CUSTOMERS,ALL_SYNTHETIC_PROGRAMS,CFG-CPL-01,SYNTHETIC_INTERNAL,SNP-COOLIT-20260925-BL,SCN-BASELINE,BOMC-01-018,BOM-CFG-CPL-01-A,P-FG-001,P-COMP-090,1,EA,40,OP-40,,0,2026-01-01,
TEN-COOLIT-SYN-001,SITE-COOLIT-SYN-01,ERP,BOM_COMPONENT,BOMC-01-019,BOMC-01-019,RESOLVED,2026-09-25T23:59:59-06:00,2026-09-26T08:00:00-06:00,2026-06-29T00:00:00-06:00,,1,,false,ACTIVE,EA,,VALID,CURRENT,coolit-synthetic-v2.0.0,ALL_SYNTHETIC_CUSTOMERS,ALL_SYNTHETIC_PROGRAMS,CFG-CPL-01,SYNTHETIC_INTERNAL,SNP-COOLIT-20260925-BL,SCN-BASELINE,BOMC-01-019,BOM-CFG-CPL-01-A,P-FG-001,P-COMP-097,2,EA,40,OP-40,,0,2026-01-01,
TEN-COOLIT-SYN-001,SITE-COOLIT-SYN-01,ERP,BOM_COMPONENT,BOMC-01-020,BOMC-01-020,RESOLVED,2026-09-25T23:59:59-06:00,2026-09-26T08:00:00-06:00,2026-06-29T00:00:00-06:00,,1,,false,ACTIVE,EA,,VALID,CURRENT,coolit-synthetic-v2.0.0,ALL_SYNTHETIC_CUSTOMERS,ALL_SYNTHETIC_PROGRAMS,CFG-CPL-01,SYNTHETIC_INTERNAL,SNP-COOLIT-20260925-BL,SCN-BASELINE,BOMC-01-020,BOM-CFG-CPL-01-A,P-FG-001,P-COMP-104,1,EA,40,OP-40,,0,2026-01-01,
TEN-COOLIT-SYN-001,SITE-COOLIT-SYN-01,ERP,BOM_COMPONENT,BOMC-01-021,BOMC-01-021,RESOLVED,2026-09-25T23:59:59-06:00,2026-09-26T08:00:00-06:00,2026-06-29T00:00:00-06:00,,1,,false,ACTIVE,EA,,VALID,CURRENT,coolit-synthetic-v2.0.0,ALL_SYNTHETIC_CUSTOMERS,ALL_SYNTHETIC_PROGRAMS,CFG-CPL-01,SYNTHETIC_INTERNAL,SNP-COOLIT-20260925-BL,SCN-BASELINE,BOMC-01-021,BOM-CFG-CPL-01-A,P-FG-001,P-COMP-111,1,EA,50,OP-50,,0,2026-01-01,
TEN-COOLIT-SYN-001,SITE-COOLIT-SYN-01,ERP,BOM_COMPONENT,BOMC-01-022,BOMC-01-022,RESOLVED,2026-09-25T23:59:59-06:00,2026-09-26T08:00:00-06:00,2026-06-29T00:00:00-06:00,,1,,false,ACTIVE,EA,,VALID,CURRENT,coolit-synthetic-v2.0.0,ALL_SYNTHETIC_CUSTOMERS,ALL_SYNTHETIC_PROGRAMS,CFG-CPL-01,SYNTHETIC_INTERNAL,SNP-COOLIT-20260925-BL,SCN-BASELINE,BOMC-01-022,BOM-CFG-CPL-01-A,P-FG-001,P-COMP-118,1,EA,50,OP-50,,0,2026-01-01,
TEN-COOLIT-SYN-001,SITE-COOLIT-SYN-01,ERP,BOM_COMPONENT,BOMC-01-023,BOMC-01-023,RESOLVED,2026-09-25T23:59:59-06:00,2026-09-26T08:00:00-06:00,2026-06-29T00:00:00-06:00,,1,,false,ACTIVE,EA,,VALID,CURRENT,coolit-synthetic-v2.0.0,ALL_SYNTHETIC_CUSTOMERS,ALL_SYNTHETIC_PROGRAMS,CFG-CPL-01,SYNTHETIC_INTERNAL,SNP-COOLIT-20260925-BL,SCN-BASELINE,BOMC-01-023,BOM-CFG-CPL-01-A,P-FG-001,P-COMP-125,1,EA,50,OP-50,SUB-MANIFOLD_TUBE-2,0,2026-01-01,
TEN-COOLIT-SYN-001,SITE-COOLIT-SYN-01,ERP,BOM_COMPONENT,BOMC-01-024,BOMC-01-024,RESOLVED,2026-09-25T23:59:59-06:00,2026-09-26T08:00:00-06:00,2026-06-29T00:00:00-06:00,,1,,false,ACTIVE,EA,,VALID,CURRENT,coolit-synthetic-v2.0.0,ALL_SYNTHETIC_CUSTOMERS,ALL_SYNTHETIC_PROGRAMS,CFG-CPL-01,SYNTHETIC_INTERNAL,SNP-COOLIT-20260925-BL,SCN-BASELINE,BOMC-01-024,BOM-CFG-CPL-01-A,P-FG-001,P-COMP-132,1,EA,50,OP-50,,0,2026-01-01,
TEN-COOLIT-SYN-001,SITE-COOLIT-SYN-01,ERP,BOM_COMPONENT,BOMC-01-025,BOMC-01-025,RESOLVED,2026-09-25T23:59:59-06:00,2026-09-26T08:00:00-06:00,2026-06-29T00:00:00-06:00,,1,,false,ACTIVE,EA,,VALID,CURRENT,coolit-synthetic-v2.0.0,ALL_SYNTHETIC_CUSTOMERS,ALL_SYNTHETIC_PROGRAMS,CFG-CPL-01,SYNTHETIC_INTERNAL,SNP-COOLIT-20260925-BL,SCN-BASELINE,BOMC-01-025,BOM-CFG-CPL-01-A,P-FG-001,P-COMP-139,1,EA,50,OP-50,,0,2026-01-01,
TEN-COOLIT-SYN-001,SITE-COOLIT-SYN-01,ERP,BOM_COMPONENT,BOMC-01-026,BOMC-01-026,RESOLVED,2026-09-25T23:59:59-06:00,2026-09-26T08:00:00-06:00,2026-06-29T00:00:00-06:00,,1,,false,ACTIVE,EA,,VALID,CURRENT,coolit-synthetic-v2.0.0,ALL_SYNTHETIC_CUSTOMERS,ALL_SYNTHETIC_PROGRAMS,CFG-CPL-01,SYNTHETIC_INTERNAL,SNP-COOLIT-20260925-BL,SCN-BASELINE,BOMC-01-026,BOM-CFG-CPL-01-A,P-FG-001,P-COMP-146,1,EA,60,OP-60,,0,2026-01-01,
TEN-COOLIT-SYN-001,SITE-COOLIT-SYN-01,ERP,BOM_COMPONENT,BOMC-01-027,BOMC-01-027,RESOLVED,2026-09-25T23:59:59-06:00,2026-09-26T08:00:00-06:00,2026-06-29T00:00:00-06:00,,1,,false,ACTIVE,EA,,VALID,CURRENT,coolit-synthetic-v2.0.0,ALL_SYNTHETIC_CUSTOMERS,ALL_SYNTHETIC_PROGRAMS,CFG-CPL-01,SYNTHETIC_INTERNAL,SNP-COOLIT-20260925-BL,SCN-BASELINE,BOMC-01-027,BOM-CFG-CPL-01-A,P-FG-001,P-COMP-153,1,EA,60,OP-60,,0.02,2026-01-01,
TEN-COOLIT-SYN-001,SITE-COOLIT-SYN-01,ERP,BOM_COMPONENT,BOMC-01-028,BOMC-01-028,RESOLVED,2026-09-25T23:59:59-06:00,2026-09-26T08:00:00-06:00,2026-06-29T00:00:00-06:00,,1,,false,ACTIVE,EA,,VALID,CURRENT,coolit-synthetic-v2.0.0,ALL_SYNTHETIC_CUSTOMERS,ALL_SYNTHETIC_PROGRAMS,CFG-CPL-01,SYNTHETIC_INTERNAL,SNP-COOLIT-20260925-BL,SCN-BASELINE,BOMC-01-028,BOM-CFG-CPL-01-A,P-FG-001,P-COMP-160,2,EA,60,OP-60,,0,2026-01-01,
TEN-COOLIT-SYN-001,SITE-COOLIT-SYN-01,ERP,BOM_COMPONENT,BOMC-01-029,BOMC-01-029,RESOLVED,2026-09-25T23:59:59-06:00,2026-09-26T08:00:00-06:00,2026-06-29T00:00:00-06:00,,1,,false,ACTIVE,EA,,VALID,CURRENT,coolit-synthetic-v2.0.0,ALL_SYNTHETIC_CUSTOMERS,ALL_SYNTHETIC_PROGRAMS,CFG-CPL-01,SYNTHETIC_INTERNAL,SNP-COOLIT-20260925-BL,SCN-BASELINE,BOMC-01-029,BOM-CFG-CPL-01-A,P-FG-001,P-COMP-167,1,EA,60,OP-60,,0,2026-01-01,
TEN-COOLIT-SYN-001,SITE-COOLIT-SYN-01,ERP,BOM_COMPONENT,BOMC-01-030,BOMC-01-030,RESOLVED,2026-09-25T23:59:59-06:00,2026-09-26T08:00:00-06:00,2026-06-29T00:00:00-06:00,,1,,false,ACTIVE,EA,,VALID,CURRENT,coolit-synthetic-v2.0.0,ALL_SYNTHETIC_CUSTOMERS,ALL_SYNTHETIC_PROGRAMS,CFG-CPL-01,SYNTHETIC_INTERNAL,SNP-COOLIT-20260925-BL,SCN-BASELINE,BOMC-01-030,BOM-CFG-CPL-01-A,P-FG-001,P-COMP-174,1,EA,60,OP-60,,0,2026-01-01,
TEN-COOLIT-SYN-001,SITE-COOLIT-SYN-01,ERP,BOM_COMPONENT,BOMC-02-001,BOMC-02-001,RESOLVED,2026-09-25T23:59:59-06:00,2026-09-26T08:00:00-06:00,2026-06-29T00:00:00-06:00,,1,,false,ACTIVE,EA,,VALID,CURRENT,coolit-synthetic-v2.0.0,ALL_SYNTHETIC_CUSTOMERS,ALL_SYNTHETIC_PROGRAMS,CFG-CPL-02,SYNTHETIC_INTERNAL,SNP-COOLIT-20260925-BL,SCN-BASELINE,BOMC-02-001,BOM-CFG-CPL-02-A,P-FG-002,P-PUMP-008,2,EA,10,OP-10,SUB-PUMP-1,0.02,2026-01-01,
TEN-COOLIT-SYN-001,SITE-COOLIT-SYN-01,ERP,BOM_COMPONENT,BOMC-02-002,BOMC-02-002,RESOLVED,2026-09-25T23:59:59-06:00,2026-09-26T08:00:00-06:00,2026-06-29T00:00:00-06:00,,1,,false,ACTIVE,EA,,VALID,CURRENT,coolit-synthetic-v2.0.0,ALL_SYNTHETIC_CUSTOMERS,ALL_SYNTHETIC_PROGRAMS,CFG-CPL-02,SYNTHETIC_INTERNAL,SNP-COOLIT-20260925-BL,SCN-BASELINE,BOMC-02-002,BOM-CFG-CPL-02-A,P-FG-002,P-CTRL-001,1,EA,10,OP-10,,0,2026-01-01,
TEN-COOLIT-SYN-001,SITE-COOLIT-SYN-01,ERP,BOM_COMPONENT,BOMC-02-003,BOMC-02-003,RESOLVED,2026-09-25T23:59:59-06:00,2026-09-26T08:00:00-06:00,2026-06-29T00:00:00-06:00,,1,,false,ACTIVE,EA,,VALID,CURRENT,coolit-synthetic-v2.0.0,ALL_SYNTHETIC_CUSTOMERS,ALL_SYNTHETIC_PROGRAMS,CFG-CPL-02,SYNTHETIC_INTERNAL,SNP-COOLIT-20260925-BL,SCN-BASELINE,BOMC-02-003,BOM-CFG-CPL-02-A,P-FG-002,P-COMP-002,1,EA,10,OP-10,,0,2026-01-01,
TEN-COOLIT-SYN-001,SITE-COOLIT-SYN-01,ERP,BOM_COMPONENT,BOMC-02-004,BOMC-02-004,RESOLVED,2026-09-25T23:59:59-06:00,2026-09-26T08:00:00-06:00,2026-06-29T00:00:00-06:00,,1,,false,ACTIVE,EA,,VALID,CURRENT,coolit-synthetic-v2.0.0,ALL_SYNTHETIC_CUSTOMERS,ALL_SYNTHETIC_PROGRAMS,CFG-CPL-02,SYNTHETIC_INTERNAL,SNP-COOLIT-20260925-BL,SCN-BASELINE,BOMC-02-004,BOM-CFG-CPL-02-A,P-FG-002,P-COMP-009,1,EA,10,OP-10,,0,2026-01-01,
TEN-COOLIT-SYN-001,SITE-COOLIT-SYN-01,ERP,BOM_COMPONENT,BOMC-02-005,BOMC-02-005,RESOLVED,2026-09-25T23:59:59-06:00,2026-09-26T08:00:00-06:00,2026-06-29T00:00:00-06:00,,1,,false,ACTIVE,EA,,VALID,CURRENT,coolit-synthetic-v2.0.0,ALL_SYNTHETIC_CUSTOMERS,ALL_SYNTHETIC_PROGRAMS,CFG-CPL-02,SYNTHETIC_INTERNAL,SNP-COOLIT-20260925-BL,SCN-BASELINE,BOMC-02-005,BOM-CFG-CPL-02-A,P-FG-002,P-COMP-016,1,EA,10,OP-10,,0,2026-01-01,
TEN-COOLIT-SYN-001,SITE-COOLIT-SYN-01,ERP,BOM_COMPONENT,BOMC-02-006,BOMC-02-006,RESOLVED,2026-09-25T23:59:59-06:00,2026-09-26T08:00:00-06:00,2026-06-29T00:00:00-06:00,,1,,false,ACTIVE,EA,,VALID,CURRENT,coolit-synthetic-v2.0.0,ALL_SYNTHETIC_CUSTOMERS,ALL_SYNTHETIC_PROGRAMS,CFG-CPL-02,SYNTHETIC_INTERNAL,SNP-COOLIT-20260925-BL,SCN-BASELINE,BOMC-02-006,BOM-CFG-CPL-02-A,P-FG-002,P-COMP-023,1,EA,20,OP-20,,0,2026-01-01,
TEN-COOLIT-SYN-001,SITE-COOLIT-SYN-01,ERP,BOM_COMPONENT,BOMC-02-007,BOMC-02-007,RESOLVED,2026-09-25T23:59:59-06:00,2026-09-26T08:00:00-06:00,2026-06-29T00:00:00-06:00,,1,,false,ACTIVE,EA,,VALID,CURRENT,coolit-synthetic-v2.0.0,ALL_SYNTHETIC_CUSTOMERS,ALL_SYNTHETIC_PROGRAMS,CFG-CPL-02,SYNTHETIC_INTERNAL,SNP-COOLIT-20260925-BL,SCN-BASELINE,BOMC-02-007,BOM-CFG-CPL-02-A,P-FG-002,P-COMP-030,1,EA,20,OP-20,,0,2026-01-01,
TEN-COOLIT-SYN-001,SITE-COOLIT-SYN-01,ERP,BOM_COMPONENT,BOMC-02-008,BOMC-02-008,RESOLVED,2026-09-25T23:59:59-06:00,2026-09-26T08:00:00-06:00,2026-06-29T00:00:00-06:00,,1,,false,ACTIVE,EA,,VALID,CURRENT,coolit-synthetic-v2.0.0,ALL_SYNTHETIC_CUSTOMERS,ALL_SYNTHETIC_PROGRAMS,CFG-CPL-02,SYNTHETIC_INTERNAL,SNP-COOLIT-20260925-BL,SCN-BASELINE,BOMC-02-008,BOM-CFG-CPL-02-A,P-FG-002,P-COMP-037,1,EA,20,OP-20,,0,2026-01-01,
TEN-COOLIT-SYN-001,SITE-COOLIT-SYN-01,ERP,BOM_COMPONENT,BOMC-02-009,BOMC-02-009,RESOLVED,2026-09-25T23:59:59-06:00,2026-09-26T08:00:00-06:00,2026-06-29T00:00:00-06:00,,1,,false,ACTIVE,EA,,VALID,CURRENT,coolit-synthetic-v2.0.0,ALL_SYNTHETIC_CUSTOMERS,ALL_SYNTHETIC_PROGRAMS,CFG-CPL-02,SYNTHETIC_INTERNAL,SNP-COOLIT-20260925-BL,SCN-BASELINE,BOMC-02-009,BOM-CFG-CPL-02-A,P-FG-002,P-COMP-044,1,EA,20,OP-20,,0,2026-01-01,
TEN-COOLIT-SYN-001,SITE-COOLIT-SYN-01,ERP,BOM_COMPONENT,BOMC-02-010,BOMC-02-010,RESOLVED,2026-09-25T23:59:59-06:00,2026-09-26T08:00:00-06:00,2026-06-29T00:00:00-06:00,,1,,false,ACTIVE,EA,,VALID,CURRENT,coolit-synthetic-v2.0.0,ALL_SYNTHETIC_CUSTOMERS,ALL_SYNTHETIC_PROGRAMS,CFG-CPL-02,SYNTHETIC_INTERNAL,SNP-COOLIT-20260925-BL,SCN-BASELINE,BOMC-02-010,BOM-CFG-CPL-02-A,P-FG-002,P-COMP-051,2,EA,20,OP-20,,0,2026-01-01,
TEN-COOLIT-SYN-001,SITE-COOLIT-SYN-01,ERP,BOM_COMPONENT,BOMC-02-011,BOMC-02-011,RESOLVED,2026-09-25T23:59:59-06:00,2026-09-26T08:00:00-06:00,2026-06-29T00:00:00-06:00,,1,,false,ACTIVE,EA,,VALID,CURRENT,coolit-synthetic-v2.0.0,ALL_SYNTHETIC_CUSTOMERS,ALL_SYNTHETIC_PROGRAMS,CFG-CPL-02,SYNTHETIC_INTERNAL,SNP-COOLIT-20260925-BL,SCN-BASELINE,BOMC-02-011,BOM-CFG-CPL-02-A,P-FG-002,P-COMP-058,1,EA,30,OP-30,,0,2026-01-01,
TEN-COOLIT-SYN-001,SITE-COOLIT-SYN-01,ERP,BOM_COMPONENT,BOMC-02-012,BOMC-02-012,RESOLVED,2026-09-25T23:59:59-06:00,2026-09-26T08:00:00-06:00,2026-06-29T00:00:00-06:00,,1,,false,ACTIVE,EA,,VALID,CURRENT,coolit-synthetic-v2.0.0,ALL_SYNTHETIC_CUSTOMERS,ALL_SYNTHETIC_PROGRAMS,CFG-CPL-02,SYNTHETIC_INTERNAL,SNP-COOLIT-20260925-BL,SCN-BASELINE,BOMC-02-012,BOM-CFG-CPL-02-A,P-FG-002,P-COMP-065,1,EA,30,OP-30,SUB-MANIFOLD_TUBE-3,0,2026-01-01,
TEN-COOLIT-SYN-001,SITE-COOLIT-SYN-01,ERP,BOM_COMPONENT,BOMC-02-013,BOMC-02-013,RESOLVED,2026-09-25T23:59:59-06:00,2026-09-26T08:00:00-06:00,2026-06-29T00:00:00-06:00,,1,,false,ACTIVE,EA,,VALID,CURRENT,coolit-synthetic-v2.0.0,ALL_SYNTHETIC_CUSTOMERS,ALL_SYNTHETIC_PROGRAMS,CFG-CPL-02,SYNTHETIC_INTERNAL,SNP-COOLIT-20260925-BL,SCN-BASELINE,BOMC-02-013,BOM-CFG-CPL-02-A,P-FG-002,P-COMP-072,1,EA,30,OP-30,,0,2026-01-01,
TEN-COOLIT-SYN-001,SITE-COOLIT-SYN-01,ERP,BOM_COMPONENT,BOMC-02-014,BOMC-02-014,RESOLVED,2026-09-25T23:59:59-06:00,2026-09-26T08:00:00-06:00,2026-06-29T00:00:00-06:00,,1,,false,ACTIVE,EA,,VALID,CURRENT,coolit-synthetic-v2.0.0,ALL_SYNTHETIC_CUSTOMERS,ALL_SYNTHETIC_PROGRAMS,CFG-CPL-02,SYNTHETIC_INTERNAL,SNP-COOLIT-20260925-BL,SCN-BASELINE,BOMC-02-014,BOM-CFG-CPL-02-A,P-FG-002,P-COMP-079,1,EA,30,OP-30,,0.02,2026-01-01,
TEN-COOLIT-SYN-001,SITE-COOLIT-SYN-01,ERP,BOM_COMPONENT,BOMC-02-015,BOMC-02-015,RESOLVED,2026-09-25T23:59:59-06:00,2026-09-26T08:00:00-06:00,2026-06-29T00:00:00-06:00,,1,,false,ACTIVE,EA,,VALID,CURRENT,coolit-synthetic-v2.0.0,ALL_SYNTHETIC_CUSTOMERS,ALL_SYNTHETIC_PROGRAMS,CFG-CPL-02,SYNTHETIC_INTERNAL,SNP-COOLIT-20260925-BL,SCN-BASELINE,BOMC-02-015,BOM-CFG-CPL-02-A,P-FG-002,P-COMP-086,1,EA,30,OP-30,,0,2026-01-01,
TEN-COOLIT-SYN-001,SITE-COOLIT-SYN-01,ERP,BOM_COMPONENT,BOMC-02-016,BOMC-02-016,RESOLVED,2026-09-25T23:59:59-06:00,2026-09-26T08:00:00-06:00,2026-06-29T00:00:00-06:00,,1,,false,ACTIVE,EA,,VALID,CURRENT,coolit-synthetic-v2.0.0,ALL_SYNTHETIC_CUSTOMERS,ALL_SYNTHETIC_PROGRAMS,CFG-CPL-02,SYNTHETIC_INTERNAL,SNP-COOLIT-20260925-BL,SCN-BASELINE,BOMC-02-016,BOM-CFG-CPL-02-A,P-FG-002,P-COMP-093,1,EA,40,OP-40,,0,2026-01-01,
TEN-COOLIT-SYN-001,SITE-COOLIT-SYN-01,ERP,BOM_COMPONENT,BOMC-02-017,BOMC-02-017,RESOLVED,2026-09-25T23:59:59-06:00,2026-09-26T08:00:00-06:00,2026-06-29T00:00:00-06:00,,1,,false,ACTIVE,EA,,VALID,CURRENT,coolit-synthetic-v2.0.0,ALL_SYNTHETIC_CUSTOMERS,ALL_SYNTHETIC_PROGRAMS,CFG-CPL-02,SYNTHETIC_INTERNAL,SNP-COOLIT-20260925-BL,SCN-BASELINE,BOMC-02-017,BOM-CFG-CPL-02-A,P-FG-002,P-COMP-100,1,EA,40,OP-40,,0,2026-01-01,
TEN-COOLIT-SYN-001,SITE-COOLIT-SYN-01,ERP,BOM_COMPONENT,BOMC-02-018,BOMC-02-018,RESOLVED,2026-09-25T23:59:59-06:00,2026-09-26T08:00:00-06:00,2026-06-29T00:00:00-06:00,,1,,false,ACTIVE,EA,,VALID,CURRENT,coolit-synthetic-v2.0.0,ALL_SYNTHETIC_CUSTOMERS,ALL_SYNTHETIC_PROGRAMS,CFG-CPL-02,SYNTHETIC_INTERNAL,SNP-COOLIT-20260925-BL,SCN-BASELINE,BOMC-02-018,BOM-CFG-CPL-02-A,P-FG-002,P-COMP-107,1,EA,40,OP-40,,0,2026-01-01,
TEN-COOLIT-SYN-001,SITE-COOLIT-SYN-01,ERP,BOM_COMPONENT,BOMC-02-019,BOMC-02-019,RESOLVED,2026-09-25T23:59:59-06:00,2026-09-26T08:00:00-06:00,2026-06-29T00:00:00-06:00,,1,,false,ACTIVE,EA,,VALID,CURRENT,coolit-synthetic-v2.0.0,ALL_SYNTHETIC_CUSTOMERS,ALL_SYNTHETIC_PROGRAMS,CFG-CPL-02,SYNTHETIC_INTERNAL,SNP-COOLIT-20260925-BL,SCN-BASELINE,BOMC-02-019,BOM-CFG-CPL-02-A,P-FG-002,P-COMP-114,2,EA,40,OP-40,,0,2026-01-01,
TEN-COOLIT-SYN-001,SITE-COOLIT-SYN-01,ERP,BOM_COMPONENT,BOMC-02-020,BOMC-02-020,RESOLVED,2026-09-25T23:59:59-06:00,2026-09-26T08:00:00-06:00,2026-06-29T00:00:00-06:00,,1,,false,ACTIVE,EA,,VALID,CURRENT,coolit-synthetic-v2.0.0,ALL_SYNTHETIC_CUSTOMERS,ALL_SYNTHETIC_PROGRAMS,CFG-CPL-02,SYNTHETIC_INTERNAL,SNP-COOLIT-20260925-BL,SCN-BASELINE,BOMC-02-020,BOM-CFG-CPL-02-A,P-FG-002,P-COMP-121,1,EA,40,OP-40,,0,2026-01-01,
TEN-COOLIT-SYN-001,SITE-COOLIT-SYN-01,ERP,BOM_COMPONENT,BOMC-02-021,BOMC-02-021,RESOLVED,2026-09-25T23:59:59-06:00,2026-09-26T08:00:00-06:00,2026-06-29T00:00:00-06:00,,1,,false,ACTIVE,EA,,VALID,CURRENT,coolit-synthetic-v2.0.0,ALL_SYNTHETIC_CUSTOMERS,ALL_SYNTHETIC_PROGRAMS,CFG-CPL-02,SYNTHETIC_INTERNAL,SNP-COOLIT-20260925-BL,SCN-BASELINE,BOMC-02-021,BOM-CFG-CPL-02-A,P-FG-002,P-COMP-128,1,EA,50,OP-50,,0,2026-01-01,
TEN-COOLIT-SYN-001,SITE-COOLIT-SYN-01,ERP,BOM_COMPONENT,BOMC-02-022,BOMC-02-022,RESOLVED,2026-09-25T23:59:59-06:00,2026-09-26T08:00:00-06:00,2026-06-29T00:00:00-06:00,,1,,false,ACTIVE,EA,,VALID,CURRENT,coolit-synthetic-v2.0.0,ALL_SYNTHETIC_CUSTOMERS,ALL_SYNTHETIC_PROGRAMS,CFG-CPL-02,SYNTHETIC_INTERNAL,SNP-COOLIT-20260925-BL,SCN-BASELINE,BOMC-02-022,BOM-CFG-CPL-02-A,P-FG-002,P-COMP-135,1,EA,50,OP-50,,0,2026-01-01,
TEN-COOLIT-SYN-001,SITE-COOLIT-SYN-01,ERP,BOM_COMPONENT,BOMC-02-023,BOMC-02-023,RESOLVED,2026-09-25T23:59:59-06:00,2026-09-26T08:00:00-06:00,2026-06-29T00:00:00-06:00,,1,,false,ACTIVE,EA,,VALID,CURRENT,coolit-synthetic-v2.0.0,ALL_SYNTHETIC_CUSTOMERS,ALL_SYNTHETIC_PROGRAMS,CFG-CPL-02,SYNTHETIC_INTERNAL,SNP-COOLIT-20260925-BL,SCN-BASELINE,BOMC-02-023,BOM-CFG-CPL-02-A,P-FG-002,P-COMP-142,1,EA,50,OP-50,SUB-VALVE-2,0,2026-01-01,
TEN-COOLIT-SYN-001,SITE-COOLIT-SYN-01,ERP,BOM_COMPONENT,BOMC-02-024,BOMC-02-024,RESOLVED,2026-09-25T23:59:59-06:00,2026-09-26T08:00:00-06:00,2026-06-29T00:00:00-06:00,,1,,false,ACTIVE,EA,,VALID,CURRENT,coolit-synthetic-v2.0.0,ALL_SYNTHETIC_CUSTOMERS,ALL_SYNTHETIC_PROGRAMS,CFG-CPL-02,SYNTHETIC_INTERNAL,SNP-COOLIT-20260925-BL,SCN-BASELINE,BOMC-02-024,BOM-CFG-CPL-02-A,P-FG-002,P-COMP-149,1,EA,50,OP-50,,0,2026-01-01,
TEN-COOLIT-SYN-001,SITE-COOLIT-SYN-01,ERP,BOM_COMPONENT,BOMC-02-025,BOMC-02-025,RESOLVED,2026-09-25T23:59:59-06:00,2026-09-26T08:00:00-06:00,2026-06-29T00:00:00-06:00,,1,,false,ACTIVE,EA,,VALID,CURRENT,coolit-synthetic-v2.0.0,ALL_SYNTHETIC_CUSTOMERS,ALL_SYNTHETIC_PROGRAMS,CFG-CPL-02,SYNTHETIC_INTERNAL,SNP-COOLIT-20260925-BL,SCN-BASELINE,BOMC-02-025,BOM-CFG-CPL-02-A,P-FG-002,P-COMP-156,1,EA,50,OP-50,,0,2026-01-01,
TEN-COOLIT-SYN-001,SITE-COOLIT-SYN-01,ERP,BOM_COMPONENT,BOMC-02-026,BOMC-02-026,RESOLVED,2026-09-25T23:59:59-06:00,2026-09-26T08:00:00-06:00,2026-06-29T00:00:00-06:00,,1,,false,ACTIVE,EA,,VALID,CURRENT,coolit-synthetic-v2.0.0,ALL_SYNTHETIC_CUSTOMERS,ALL_SYNTHETIC_PROGRAMS,CFG-CPL-02,SYNTHETIC_INTERNAL,SNP-COOLIT-20260925-BL,SCN-BASELINE,BOMC-02-026,BOM-CFG-CPL-02-A,P-FG-002,P-COMP-163,1,EA,60,OP-60,,0,2026-01-01,
TEN-COOLIT-SYN-001,SITE-COOLIT-SYN-01,ERP,BOM_COMPONENT,BOMC-02-027,BOMC-02-027,RESOLVED,2026-09-25T23:59:59-06:00,2026-09-26T08:00:00-06:00,2026-06-29T00:00:00-06:00,,1,,false,ACTIVE,EA,,VALID,CURRENT,coolit-synthetic-v2.0.0,ALL_SYNTHETIC_CUSTOMERS,ALL_SYNTHETIC_PROGRAMS,CFG-CPL-02,SYNTHETIC_INTERNAL,SNP-COOLIT-20260925-BL,SCN-BASELINE,BOMC-02-027,BOM-CFG-CPL-02-A,P-FG-002,P-COMP-170,1,EA,60,OP-60,,0.02,2026-01-01,
TEN-COOLIT-SYN-001,SITE-COOLIT-SYN-01,ERP,BOM_COMPONENT,BOMC-02-028,BOMC-02-028,RESOLVED,2026-09-25T23:59:59-06:00,2026-09-26T08:00:00-06:00,2026-06-29T00:00:00-06:00,,1,,false,ACTIVE,EA,,VALID,CURRENT,coolit-synthetic-v2.0.0,ALL_SYNTHETIC_CUSTOMERS,ALL_SYNTHETIC_PROGRAMS,CFG-CPL-02,SYNTHETIC_INTERNAL,SNP-COOLIT-20260925-BL,SCN-BASELINE,BOMC-02-028,BOM-CFG-CPL-02-A,P-FG-002,P-COMP-177,2,EA,60,OP-60,,0,2026-01-01,
TEN-COOLIT-SYN-001,SITE-COOLIT-SYN-01,ERP,BOM_COMPONENT,BOMC-02-029,BOMC-02-029,RESOLVED,2026-09-25T23:59:59-06:00,2026-09-26T08:00:00-06:00,2026-06-29T00:00:00-06:00,,1,,false,ACTIVE,EA,,VALID,CURRENT,coolit-synthetic-v2.0.0,ALL_SYNTHETIC_CUSTOMERS,ALL_SYNTHETIC_PROGRAMS,CFG-CPL-02,SYNTHETIC_INTERNAL,SNP-COOLIT-20260925-BL,SCN-BASELINE,BOMC-02-029,BOM-CFG-CPL-02-A,P-FG-002,P-COMP-184,1,EA,60,OP-60,,0,2026-01-01,
TEN-COOLIT-SYN-001,SITE-COOLIT-SYN-01,ERP,BOM_COMPONENT,BOMC-02-030,BOMC-02-030,RESOLVED,2026-09-25T23:59:59-06:00,2026-09-26T08:00:00-06:00,2026-06-29T00:00:00-06:00,,1,,false,ACTIVE,EA,,VALID,CURRENT,coolit-synthetic-v2.0.0,ALL_SYNTHETIC_CUSTOMERS,ALL_SYNTHETIC_PROGRAMS,CFG-CPL-02,SYNTHETIC_INTERNAL,SNP-COOLIT-20260925-BL,SCN-BASELINE,BOMC-02-030,BOM-CFG-CPL-02-A,P-FG-002,P-COMP-191,1,EA,60,OP-60,,0,2026-01-01,
TEN-COOLIT-SYN-001,SITE-COOLIT-SYN-01,ERP,BOM_COMPONENT,BOMC-03-001,BOMC-03-001,RESOLVED,2026-09-25T23:59:59-06:00,2026-09-26T08:00:00-06:00,2026-06-29T00:00:00-06:00,,1,,false,ACTIVE,EA,,VALID,CURRENT,coolit-synthetic-v2.0.0,ALL_SYNTHETIC_CUSTOMERS,ALL_SYNTHETIC_PROGRAMS,CFG-CPL-03,SYNTHETIC_INTERNAL,SNP-COOLIT-20260925-BL,SCN-BASELINE,BOMC-03-001,BOM-CFG-CPL-03-A,P-FG-003,P-COMP-005,2,EA,10,OP-10,SUB-MANIFOLD_TUBE-1,0.02,2026-01-01,
TEN-COOLIT-SYN-001,SITE-COOLIT-SYN-01,ERP,BOM_COMPONENT,BOMC-03-002,BOMC-03-002,RESOLVED,2026-09-25T23:59:59-06:00,2026-09-26T08:00:00-06:00,2026-06-29T00:00:00-06:00,,1,,false,ACTIVE,EA,,VALID,CURRENT,coolit-synthetic-v2.0.0,ALL_SYNTHETIC_CUSTOMERS,ALL_SYNTHETIC_PROGRAMS,CFG-CPL-03,SYNTHETIC_INTERNAL,SNP-COOLIT-20260925-BL,SCN-BASELINE,BOMC-03-002,BOM-CFG-CPL-03-A,P-FG-003,P-COMP-012,1,EA,10,OP-10,,0,2026-01-01,
TEN-COOLIT-SYN-001,SITE-COOLIT-SYN-01,ERP,BOM_COMPONENT,BOMC-03-003,BOMC-03-003,RESOLVED,2026-09-25T23:59:59-06:00,2026-09-26T08:00:00-06:00,2026-06-29T00:00:00-06:00,,1,,false,ACTIVE,EA,,VALID,CURRENT,coolit-synthetic-v2.0.0,ALL_SYNTHETIC_CUSTOMERS,ALL_SYNTHETIC_PROGRAMS,CFG-CPL-03,SYNTHETIC_INTERNAL,SNP-COOLIT-20260925-BL,SCN-BASELINE,BOMC-03-003,BOM-CFG-CPL-03-A,P-FG-003,P-COMP-019,1,EA,10,OP-10,,0,2026-01-01,
TEN-COOLIT-SYN-001,SITE-COOLIT-SYN-01,ERP,BOM_COMPONENT,BOMC-03-004,BOMC-03-004,RESOLVED,2026-09-25T23:59:59-06:00,2026-09-26T08:00:00-06:00,2026-06-29T00:00:00-06:00,,1,,false,ACTIVE,EA,,VALID,CURRENT,coolit-synthetic-v2.0.0,ALL_SYNTHETIC_CUSTOMERS,ALL_SYNTHETIC_PROGRAMS,CFG-CPL-03,SYNTHETIC_INTERNAL,SNP-COOLIT-20260925-BL,SCN-BASELINE,BOMC-03-004,BOM-CFG-CPL-03-A,P-FG-003,P-COMP-026,1,EA,10,OP-10,,0,2026-01-01,
TEN-COOLIT-SYN-001,SITE-COOLIT-SYN-01,ERP,BOM_COMPONENT,BOMC-03-005,BOMC-03-005,RESOLVED,2026-09-25T23:59:59-06:00,2026-09-26T08:00:00-06:00,2026-06-29T00:00:00-06:00,,1,,false,ACTIVE,EA,,VALID,CURRENT,coolit-synthetic-v2.0.0,ALL_SYNTHETIC_CUSTOMERS,ALL_SYNTHETIC_PROGRAMS,CFG-CPL-03,SYNTHETIC_INTERNAL,SNP-COOLIT-20260925-BL,SCN-BASELINE,BOMC-03-005,BOM-CFG-CPL-03-A,P-FG-003,P-COMP-033,1,EA,10,OP-10,,0,2026-01-01,
TEN-COOLIT-SYN-001,SITE-COOLIT-SYN-01,ERP,BOM_COMPONENT,BOMC-03-006,BOMC-03-006,RESOLVED,2026-09-25T23:59:59-06:00,2026-09-26T08:00:00-06:00,2026-06-29T00:00:00-06:00,,1,,false,ACTIVE,EA,,VALID,CURRENT,coolit-synthetic-v2.0.0,ALL_SYNTHETIC_CUSTOMERS,ALL_SYNTHETIC_PROGRAMS,CFG-CPL-03,SYNTHETIC_INTERNAL,SNP-COOLIT-20260925-BL,SCN-BASELINE,BOMC-03-006,BOM-CFG-CPL-03-A,P-FG-003,P-COMP-040,1,EA,20,OP-20,,0,2026-01-01,
TEN-COOLIT-SYN-001,SITE-COOLIT-SYN-01,ERP,BOM_COMPONENT,BOMC-03-007,BOMC-03-007,RESOLVED,2026-09-25T23:59:59-06:00,2026-09-26T08:00:00-06:00,2026-06-29T00:00:00-06:00,,1,,false,ACTIVE,EA,,VALID,CURRENT,coolit-synthetic-v2.0.0,ALL_SYNTHETIC_CUSTOMERS,ALL_SYNTHETIC_PROGRAMS,CFG-CPL-03,SYNTHETIC_INTERNAL,SNP-COOLIT-20260925-BL,SCN-BASELINE,BOMC-03-007,BOM-CFG-CPL-03-A,P-FG-003,P-COMP-047,1,EA,20,OP-20,,0,2026-01-01,
TEN-COOLIT-SYN-001,SITE-COOLIT-SYN-01,ERP,BOM_COMPONENT,BOMC-03-008,BOMC-03-008,RESOLVED,2026-09-25T23:59:59-06:00,2026-09-26T08:00:00-06:00,2026-06-29T00:00:00-06:00,,1,,false,ACTIVE,EA,,VALID,CURRENT,coolit-synthetic-v2.0.0,ALL_SYNTHETIC_CUSTOMERS,ALL_SYNTHETIC_PROGRAMS,CFG-CPL-03,SYNTHETIC_INTERNAL,SNP-COOLIT-20260925-BL,SCN-BASELINE,BOMC-03-008,BOM-CFG-CPL-03-A,P-FG-003,P-COMP-054,1,EA,20,OP-20,,0,2026-01-01,
TEN-COOLIT-SYN-001,SITE-COOLIT-SYN-01,ERP,BOM_COMPONENT,BOMC-03-009,BOMC-03-009,RESOLVED,2026-09-25T23:59:59-06:00,2026-09-26T08:00:00-06:00,2026-06-29T00:00:00-06:00,,1,,false,ACTIVE,EA,,VALID,CURRENT,coolit-synthetic-v2.0.0,ALL_SYNTHETIC_CUSTOMERS,ALL_SYNTHETIC_PROGRAMS,CFG-CPL-03,SYNTHETIC_INTERNAL,SNP-COOLIT-20260925-BL,SCN-BASELINE,BOMC-03-009,BOM-CFG-CPL-03-A,P-FG-003,P-COMP-061,1,EA,20,OP-20,,0,2026-01-01,
TEN-COOLIT-SYN-001,SITE-COOLIT-SYN-01,ERP,BOM_COMPONENT,BOMC-03-010,BOMC-03-010,RESOLVED,2026-09-25T23:59:59-06:00,2026-09-26T08:00:00-06:00,2026-06-29T00:00:00-06:00,,1,,false,ACTIVE,EA,,VALID,CURRENT,coolit-synthetic-v2.0.0,ALL_SYNTHETIC_CUSTOMERS,ALL_SYNTHETIC_PROGRAMS,CFG-CPL-03,SYNTHETIC_INTERNAL,SNP-COOLIT-20260925-BL,SCN-BASELINE,BOMC-03-010,BOM-CFG-CPL-03-A,P-FG-003,P-COMP-068,2,EA,20,OP-20,,0,2026-01-01,
TEN-COOLIT-SYN-001,SITE-COOLIT-SYN-01,ERP,BOM_COMPONENT,BOMC-03-011,BOMC-03-011,RESOLVED,2026-09-25T23:59:59-06:00,2026-09-26T08:00:00-06:00,2026-06-29T00:00:00-06:00,,1,,false,ACTIVE,EA,,VALID,CURRENT,coolit-synthetic-v2.0.0,ALL_SYNTHETIC_CUSTOMERS,ALL_SYNTHETIC_PROGRAMS,CFG-CPL-03,SYNTHETIC_INTERNAL,SNP-COOLIT-20260925-BL,SCN-BASELINE,BOMC-03-011,BOM-CFG-CPL-03-A,P-FG-003,P-COMP-075,1,EA,30,OP-30,,0,2026-01-01,
TEN-COOLIT-SYN-001,SITE-COOLIT-SYN-01,ERP,BOM_COMPONENT,BOMC-03-012,BOMC-03-012,RESOLVED,2026-09-25T23:59:59-06:00,2026-09-26T08:00:00-06:00,2026-06-29T00:00:00-06:00,,1,,false,ACTIVE,EA,,VALID,CURRENT,coolit-synthetic-v2.0.0,ALL_SYNTHETIC_CUSTOMERS,ALL_SYNTHETIC_PROGRAMS,CFG-CPL-03,SYNTHETIC_INTERNAL,SNP-COOLIT-20260925-BL,SCN-BASELINE,BOMC-03-012,BOM-CFG-CPL-03-A,P-FG-003,P-COMP-082,1,EA,30,OP-30,SUB-VALVE-3,0,2026-01-01,
TEN-COOLIT-SYN-001,SITE-COOLIT-SYN-01,ERP,BOM_COMPONENT,BOMC-03-013,BOMC-03-013,RESOLVED,2026-09-25T23:59:59-06:00,2026-09-26T08:00:00-06:00,2026-06-29T00:00:00-06:00,,1,,false,ACTIVE,EA,,VALID,CURRENT,coolit-synthetic-v2.0.0,ALL_SYNTHETIC_CUSTOMERS,ALL_SYNTHETIC_PROGRAMS,CFG-CPL-03,SYNTHETIC_INTERNAL,SNP-COOLIT-20260925-BL,SCN-BASELINE,BOMC-03-013,BOM-CFG-CPL-03-A,P-FG-003,P-COMP-089,1,EA,30,OP-30,,0,2026-01-01,
TEN-COOLIT-SYN-001,SITE-COOLIT-SYN-01,ERP,BOM_COMPONENT,BOMC-03-014,BOMC-03-014,RESOLVED,2026-09-25T23:59:59-06:00,2026-09-26T08:00:00-06:00,2026-06-29T00:00:00-06:00,,1,,false,ACTIVE,EA,,VALID,CURRENT,coolit-synthetic-v2.0.0,ALL_SYNTHETIC_CUSTOMERS,ALL_SYNTHETIC_PROGRAMS,CFG-CPL-03,SYNTHETIC_INTERNAL,SNP-COOLIT-20260925-BL,SCN-BASELINE,BOMC-03-014,BOM-CFG-CPL-03-A,P-FG-003,P-COMP-096,1,EA,30,OP-30,,0.02,2026-01-01,
TEN-COOLIT-SYN-001,SITE-COOLIT-SYN-01,ERP,BOM_COMPONENT,BOMC-03-015,BOMC-03-015,RESOLVED,2026-09-25T23:59:59-06:00,2026-09-26T08:00:00-06:00,2026-06-29T00:00:00-06:00,,1,,false,ACTIVE,EA,,VALID,CURRENT,coolit-synthetic-v2.0.0,ALL_SYNTHETIC_CUSTOMERS,ALL_SYNTHETIC_PROGRAMS,CFG-CPL-03,SYNTHETIC_INTERNAL,SNP-COOLIT-20260925-BL,SCN-BASELINE,BOMC-03-015,BOM-CFG-CPL-03-A,P-FG-003,P-COMP-103,1,EA,30,OP-30,,0,2026-01-01,
TEN-COOLIT-SYN-001,SITE-COOLIT-SYN-01,ERP,BOM_COMPONENT,BOMC-03-016,BOMC-03-016,RESOLVED,2026-09-25T23:59:59-06:00,2026-09-26T08:00:00-06:00,2026-06-29T00:00:00-06:00,,1,,false,ACTIVE,EA,,VALID,CURRENT,coolit-synthetic-v2.0.0,ALL_SYNTHETIC_CUSTOMERS,ALL_SYNTHETIC_PROGRAMS,CFG-CPL-03,SYNTHETIC_INTERNAL,SNP-COOLIT-20260925-BL,SCN-BASELINE,BOMC-03-016,BOM-CFG-CPL-03-A,P-FG-003,P-COMP-110,1,EA,40,OP-40,,0,2026-01-01,
TEN-COOLIT-SYN-001,SITE-COOLIT-SYN-01,ERP,BOM_COMPONENT,BOMC-03-017,BOMC-03-017,RESOLVED,2026-09-25T23:59:59-06:00,2026-09-26T08:00:00-06:00,2026-06-29T00:00:00-06:00,,1,,false,ACTIVE,EA,,VALID,CURRENT,coolit-synthetic-v2.0.0,ALL_SYNTHETIC_CUSTOMERS,ALL_SYNTHETIC_PROGRAMS,CFG-CPL-03,SYNTHETIC_INTERNAL,SNP-COOLIT-20260925-BL,SCN-BASELINE,BOMC-03-017,BOM-CFG-CPL-03-A,P-FG-003,P-COMP-117,1,EA,40,OP-40,,0,2026-01-01,
TEN-COOLIT-SYN-001,SITE-COOLIT-SYN-01,ERP,BOM_COMPONENT,BOMC-03-018,BOMC-03-018,RESOLVED,2026-09-25T23:59:59-06:00,2026-09-26T08:00:00-06:00,2026-06-29T00:00:00-06:00,,1,,false,ACTIVE,EA,,VALID,CURRENT,coolit-synthetic-v2.0.0,ALL_SYNTHETIC_CUSTOMERS,ALL_SYNTHETIC_PROGRAMS,CFG-CPL-03,SYNTHETIC_INTERNAL,SNP-COOLIT-20260925-BL,SCN-BASELINE,BOMC-03-018,BOM-CFG-CPL-03-A,P-FG-003,P-COMP-124,1,EA,40,OP-40,,0,2026-01-01,
TEN-COOLIT-SYN-001,SITE-COOLIT-SYN-01,ERP,BOM_COMPONENT,BOMC-03-019,BOMC-03-019,RESOLVED,2026-09-25T23:59:59-06:00,2026-09-26T08:00:00-06:00,2026-06-29T00:00:00-06:00,,1,,false,ACTIVE,EA,,VALID,CURRENT,coolit-synthetic-v2.0.0,ALL_SYNTHETIC_CUSTOMERS,ALL_SYNTHETIC_PROGRAMS,CFG-CPL-03,SYNTHETIC_INTERNAL,SNP-COOLIT-20260925-BL,SCN-BASELINE,BOMC-03-019,BOM-CFG-CPL-03-A,P-FG-003,P-COMP-131,2,EA,40,OP-40,,0,2026-01-01,
TEN-COOLIT-SYN-001,SITE-COOLIT-SYN-01,ERP,BOM_COMPONENT,BOMC-03-020,BOMC-03-020,RESOLVED,2026-09-25T23:59:59-06:00,2026-09-26T08:00:00-06:00,2026-06-29T00:00:00-06:00,,1,,false,ACTIVE,EA,,VALID,CURRENT,coolit-synthetic-v2.0.0,ALL_SYNTHETIC_CUSTOMERS,ALL_SYNTHETIC_PROGRAMS,CFG-CPL-03,SYNTHETIC_INTERNAL,SNP-COOLIT-20260925-BL,SCN-BASELINE,BOMC-03-020,BOM-CFG-CPL-03-A,P-FG-003,P-COMP-138,1,EA,40,OP-40,,0,2026-01-01,
TEN-COOLIT-SYN-001,SITE-COOLIT-SYN-01,ERP,BOM_COMPONENT,BOMC-03-021,BOMC-03-021,RESOLVED,2026-09-25T23:59:59-06:00,2026-09-26T08:00:00-06:00,2026-06-29T00:00:00-06:00,,1,,false,ACTIVE,EA,,VALID,CURRENT,coolit-synthetic-v2.0.0,ALL_SYNTHETIC_CUSTOMERS,ALL_SYNTHETIC_PROGRAMS,CFG-CPL-03,SYNTHETIC_INTERNAL,SNP-COOLIT-20260925-BL,SCN-BASELINE,BOMC-03-021,BOM-CFG-CPL-03-A,P-FG-003,P-COMP-145,1,EA,50,OP-50,,0,2026-01-01,
TEN-COOLIT-SYN-001,SITE-COOLIT-SYN-01,ERP,BOM_COMPONENT,BOMC-03-022,BOMC-03-022,RESOLVED,2026-09-25T23:59:59-06:00,2026-09-26T08:00:00-06:00,2026-06-29T00:00:00-06:00,,1,,false,ACTIVE,EA,,VALID,CURRENT,coolit-synthetic-v2.0.0,ALL_SYNTHETIC_CUSTOMERS,ALL_SYNTHETIC_PROGRAMS,CFG-CPL-03,SYNTHETIC_INTERNAL,SNP-COOLIT-20260925-BL,SCN-BASELINE,BOMC-03-022,BOM-CFG-CPL-03-A,P-FG-003,P-COMP-152,1,EA,50,OP-50,,0,2026-01-01,
TEN-COOLIT-SYN-001,SITE-COOLIT-SYN-01,ERP,BOM_COMPONENT,BOMC-03-023,BOMC-03-023,RESOLVED,2026-09-25T23:59:59-06:00,2026-09-26T08:00:00-06:00,2026-06-29T00:00:00-06:00,,1,,false,ACTIVE,EA,,VALID,CURRENT,coolit-synthetic-v2.0.0,ALL_SYNTHETIC_CUSTOMERS,ALL_SYNTHETIC_PROGRAMS,CFG-CPL-03,SYNTHETIC_INTERNAL,SNP-COOLIT-20260925-BL,SCN-BASELINE,BOMC-03-023,BOM-CFG-CPL-03-A,P-FG-003,P-COMP-159,1,EA,50,OP-50,SUB-FASTENER-2,0,2026-01-01,
TEN-COOLIT-SYN-001,SITE-COOLIT-SYN-01,ERP,BOM_COMPONENT,BOMC-03-024,BOMC-03-024,RESOLVED,2026-09-25T23:59:59-06:00,2026-09-26T08:00:00-06:00,2026-06-29T00:00:00-06:00,,1,,false,ACTIVE,EA,,VALID,CURRENT,coolit-synthetic-v2.0.0,ALL_SYNTHETIC_CUSTOMERS,ALL_SYNTHETIC_PROGRAMS,CFG-CPL-03,SYNTHETIC_INTERNAL,SNP-COOLIT-20260925-BL,SCN-BASELINE,BOMC-03-024,BOM-CFG-CPL-03-A,P-FG-003,P-COMP-166,1,EA,50,OP-50,,0,2026-01-01,
TEN-COOLIT-SYN-001,SITE-COOLIT-SYN-01,ERP,BOM_COMPONENT,BOMC-03-025,BOMC-03-025,RESOLVED,2026-09-25T23:59:59-06:00,2026-09-26T08:00:00-06:00,2026-06-29T00:00:00-06:00,,1,,false,ACTIVE,EA,,VALID,CURRENT,coolit-synthetic-v2.0.0,ALL_SYNTHETIC_CUSTOMERS,ALL_SYNTHETIC_PROGRAMS,CFG-CPL-03,SYNTHETIC_INTERNAL,SNP-COOLIT-20260925-BL,SCN-BASELINE,BOMC-03-025,BOM-CFG-CPL-03-A,P-FG-003,P-COMP-173,1,EA,50,OP-50,,0,2026-01-01,
TEN-COOLIT-SYN-001,SITE-COOLIT-SYN-01,ERP,BOM_COMPONENT,BOMC-03-026,BOMC-03-026,RESOLVED,2026-09-25T23:59:59-06:00,2026-09-26T08:00:00-06:00,2026-06-29T00:00:00-06:00,,1,,false,ACTIVE,EA,,VALID,CURRENT,coolit-synthetic-v2.0.0,ALL_SYNTHETIC_CUSTOMERS,ALL_SYNTHETIC_PROGRAMS,CFG-CPL-03,SYNTHETIC_INTERNAL,SNP-COOLIT-20260925-BL,SCN-BASELINE,BOMC-03-026,BOM-CFG-CPL-03-A,P-FG-003,P-COMP-180,1,EA,60,OP-60,,0,2026-01-01,
TEN-COOLIT-SYN-001,SITE-COOLIT-SYN-01,ERP,BOM_COMPONENT,BOMC-03-027,BOMC-03-027,RESOLVED,2026-09-25T23:59:59-06:00,2026-09-26T08:00:00-06:00,2026-06-29T00:00:00-06:00,,1,,false,ACTIVE,EA,,VALID,CURRENT,coolit-synthetic-v2.0.0,ALL_SYNTHETIC_CUSTOMERS,ALL_SYNTHETIC_PROGRAMS,CFG-CPL-03,SYNTHETIC_INTERNAL,SNP-COOLIT-20260925-BL,SCN-BASELINE,BOMC-03-027,BOM-CFG-CPL-03-A,P-FG-003,P-COMP-187,1,EA,60,OP-60,,0.02,2026-01-01,
TEN-COOLIT-SYN-001,SITE-COOLIT-SYN-01,ERP,BOM_COMPONENT,BOMC-03-028,BOMC-03-028,RESOLVED,2026-09-25T23:59:59-06:00,2026-09-26T08:00:00-06:00,2026-06-29T00:00:00-06:00,,1,,false,ACTIVE,EA,,VALID,CURRENT,coolit-synthetic-v2.0.0,ALL_SYNTHETIC_CUSTOMERS,ALL_SYNTHETIC_PROGRAMS,CFG-CPL-03,SYNTHETIC_INTERNAL,SNP-COOLIT-20260925-BL,SCN-BASELINE,BOMC-03-028,BOM-CFG-CPL-03-A,P-FG-003,P-COMP-194,2,EA,60,OP-60,,0,2026-01-01,
TEN-COOLIT-SYN-001,SITE-COOLIT-SYN-01,ERP,BOM_COMPONENT,BOMC-03-029,BOMC-03-029,RESOLVED,2026-09-25T23:59:59-06:00,2026-09-26T08:00:00-06:00,2026-06-29T00:00:00-06:00,,1,,false,ACTIVE,EA,,VALID,CURRENT,coolit-synthetic-v2.0.0,ALL_SYNTHETIC_CUSTOMERS,ALL_SYNTHETIC_PROGRAMS,CFG-CPL-03,SYNTHETIC_INTERNAL,SNP-COOLIT-20260925-BL,SCN-BASELINE,BOMC-03-029,BOM-CFG-CPL-03-A,P-FG-003,P-COMP-201,1,EA,60,OP-60,,0,2026-01-01,
TEN-COOLIT-SYN-001,SITE-COOLIT-SYN-01,ERP,BOM_COMPONENT,BOMC-03-030,BOMC-03-030,RESOLVED,2026-09-25T23:59:59-06:00,2026-09-26T08:00:00-06:00,2026-06-29T00:00:00-06:00,,1,,false,ACTIVE,EA,,VALID,CURRENT,coolit-synthetic-v2.0.0,ALL_SYNTHETIC_CUSTOMERS,ALL_SYNTHETIC_PROGRAMS,CFG-CPL-03,SYNTHETIC_INTERNAL,SNP-COOLIT-20260925-BL,SCN-BASELINE,BOMC-03-030,BOM-CFG-CPL-03-A,P-FG-003,P-COMP-208,1,EA,60,OP-60,,0,2026-01-01,
TEN-COOLIT-SYN-001,SITE-COOLIT-SYN-01,ERP,BOM_COMPONENT,BOMC-04-001,BOMC-04-001,RESOLVED,2026-09-25T23:59:59-06:00,2026-09-26T08:00:00-06:00,2026-06-29T00:00:00-06:00,,1,,false,ACTIVE,EA,,VALID,CURRENT,coolit-synthetic-v2.0.0,ALL_SYNTHETIC_CUSTOMERS,ALL_SYNTHETIC_PROGRAMS,CFG-CPL-04,SYNTHETIC_INTERNAL,SNP-COOLIT-20260925-BL,SCN-BASELINE,BOMC-04-001,BOM-CFG-CPL-04-A,P-FG-004,P-COMP-022,2,EA,10,OP-10,SUB-VALVE-1,0.02,2026-01-01,
TEN-COOLIT-SYN-001,SITE-COOLIT-SYN-01,ERP,BOM_COMPONENT,BOMC-04-002,BOMC-04-002,RESOLVED,2026-09-25T23:59:59-06:00,2026-09-26T08:00:00-06:00,2026-06-29T00:00:00-06:00,,1,,false,ACTIVE,EA,,VALID,CURRENT,coolit-synthetic-v2.0.0,ALL_SYNTHETIC_CUSTOMERS,ALL_SYNTHETIC_PROGRAMS,CFG-CPL-04,SYNTHETIC_INTERNAL,SNP-COOLIT-20260925-BL,SCN-BASELINE,BOMC-04-002,BOM-CFG-CPL-04-A,P-FG-004,P-COMP-029,1,EA,10,OP-10,,0,2026-01-01,
TEN-COOLIT-SYN-001,SITE-COOLIT-SYN-01,ERP,BOM_COMPONENT,BOMC-04-003,BOMC-04-003,RESOLVED,2026-09-25T23:59:59-06:00,2026-09-26T08:00:00-06:00,2026-06-29T00:00:00-06:00,,1,,false,ACTIVE,EA,,VALID,CURRENT,coolit-synthetic-v2.0.0,ALL_SYNTHETIC_CUSTOMERS,ALL_SYNTHETIC_PROGRAMS,CFG-CPL-04,SYNTHETIC_INTERNAL,SNP-COOLIT-20260925-BL,SCN-BASELINE,BOMC-04-003,BOM-CFG-CPL-04-A,P-FG-004,P-COMP-036,1,EA,10,OP-10,,0,2026-01-01,
TEN-COOLIT-SYN-001,SITE-COOLIT-SYN-01,ERP,BOM_COMPONENT,BOMC-04-004,BOMC-04-004,RESOLVED,2026-09-25T23:59:59-06:00,2026-09-26T08:00:00-06:00,2026-06-29T00:00:00-06:00,,1,,false,ACTIVE,EA,,VALID,CURRENT,coolit-synthetic-v2.0.0,ALL_SYNTHETIC_CUSTOMERS,ALL_SYNTHETIC_PROGRAMS,CFG-CPL-04,SYNTHETIC_INTERNAL,SNP-COOLIT-20260925-BL,SCN-BASELINE,BOMC-04-004,BOM-CFG-CPL-04-A,P-FG-004,P-COMP-043,1,EA,10,OP-10,,0,2026-01-01,
TEN-COOLIT-SYN-001,SITE-COOLIT-SYN-01,ERP,BOM_COMPONENT,BOMC-04-005,BOMC-04-005,RESOLVED,2026-09-25T23:59:59-06:00,2026-09-26T08:00:00-06:00,2026-06-29T00:00:00-06:00,,1,,false,ACTIVE,EA,,VALID,CURRENT,coolit-synthetic-v2.0.0,ALL_SYNTHETIC_CUSTOMERS,ALL_SYNTHETIC_PROGRAMS,CFG-CPL-04,SYNTHETIC_INTERNAL,SNP-COOLIT-20260925-BL,SCN-BASELINE,BOMC-04-005,BOM-CFG-CPL-04-A,P-FG-004,P-COMP-050,1,EA,10,OP-10,,0,2026-01-01,
TEN-COOLIT-SYN-001,SITE-COOLIT-SYN-01,ERP,BOM_COMPONENT,BOMC-04-006,BOMC-04-006,RESOLVED,2026-09-25T23:59:59-06:00,2026-09-26T08:00:00-06:00,2026-06-29T00:00:00-06:00,,1,,false,ACTIVE,EA,,VALID,CURRENT,coolit-synthetic-v2.0.0,ALL_SYNTHETIC_CUSTOMERS,ALL_SYNTHETIC_PROGRAMS,CFG-CPL-04,SYNTHETIC_INTERNAL,SNP-COOLIT-20260925-BL,SCN-BASELINE,BOMC-04-006,BOM-CFG-CPL-04-A,P-FG-004,P-COMP-057,1,EA,20,OP-20,,0,2026-01-01,
TEN-COOLIT-SYN-001,SITE-COOLIT-SYN-01,ERP,BOM_COMPONENT,BOMC-04-007,BOMC-04-007,RESOLVED,2026-09-25T23:59:59-06:00,2026-09-26T08:00:00-06:00,2026-06-29T00:00:00-06:00,,1,,false,ACTIVE,EA,,VALID,CURRENT,coolit-synthetic-v2.0.0,ALL_SYNTHETIC_CUSTOMERS,ALL_SYNTHETIC_PROGRAMS,CFG-CPL-04,SYNTHETIC_INTERNAL,SNP-COOLIT-20260925-BL,SCN-BASELINE,BOMC-04-007,BOM-CFG-CPL-04-A,P-FG-004,P-COMP-064,1,EA,20,OP-20,,0,2026-01-01,
TEN-COOLIT-SYN-001,SITE-COOLIT-SYN-01,ERP,BOM_COMPONENT,BOMC-04-008,BOMC-04-008,RESOLVED,2026-09-25T23:59:59-06:00,2026-09-26T08:00:00-06:00,2026-06-29T00:00:00-06:00,,1,,false,ACTIVE,EA,,VALID,CURRENT,coolit-synthetic-v2.0.0,ALL_SYNTHETIC_CUSTOMERS,ALL_SYNTHETIC_PROGRAMS,CFG-CPL-04,SYNTHETIC_INTERNAL,SNP-COOLIT-20260925-BL,SCN-BASELINE,BOMC-04-008,BOM-CFG-CPL-04-A,P-FG-004,P-COMP-071,1,EA,20,OP-20,,0,2026-01-01,
TEN-COOLIT-SYN-001,SITE-COOLIT-SYN-01,ERP,BOM_COMPONENT,BOMC-04-009,BOMC-04-009,RESOLVED,2026-09-25T23:59:59-06:00,2026-09-26T08:00:00-06:00,2026-06-29T00:00:00-06:00,,1,,false,ACTIVE,EA,,VALID,CURRENT,coolit-synthetic-v2.0.0,ALL_SYNTHETIC_CUSTOMERS,ALL_SYNTHETIC_PROGRAMS,CFG-CPL-04,SYNTHETIC_INTERNAL,SNP-COOLIT-20260925-BL,SCN-BASELINE,BOMC-04-009,BOM-CFG-CPL-04-A,P-FG-004,P-COMP-078,1,EA,20,OP-20,,0,2026-01-01,
TEN-COOLIT-SYN-001,SITE-COOLIT-SYN-01,ERP,BOM_COMPONENT,BOMC-04-010,BOMC-04-010,RESOLVED,2026-09-25T23:59:59-06:00,2026-09-26T08:00:00-06:00,2026-06-29T00:00:00-06:00,,1,,false,ACTIVE,EA,,VALID,CURRENT,coolit-synthetic-v2.0.0,ALL_SYNTHETIC_CUSTOMERS,ALL_SYNTHETIC_PROGRAMS,CFG-CPL-04,SYNTHETIC_INTERNAL,SNP-COOLIT-20260925-BL,SCN-BASELINE,BOMC-04-010,BOM-CFG-CPL-04-A,P-FG-004,P-COMP-085,2,EA,20,OP-20,,0,2026-01-01,
TEN-COOLIT-SYN-001,SITE-COOLIT-SYN-01,ERP,BOM_COMPONENT,BOMC-04-011,BOMC-04-011,RESOLVED,2026-09-25T23:59:59-06:00,2026-09-26T08:00:00-06:00,2026-06-29T00:00:00-06:00,,1,,false,ACTIVE,EA,,VALID,CURRENT,coolit-synthetic-v2.0.0,ALL_SYNTHETIC_CUSTOMERS,ALL_SYNTHETIC_PROGRAMS,CFG-CPL-04,SYNTHETIC_INTERNAL,SNP-COOLIT-20260925-BL,SCN-BASELINE,BOMC-04-011,BOM-CFG-CPL-04-A,P-FG-004,P-COMP-092,1,EA,30,OP-30,,0,2026-01-01,
TEN-COOLIT-SYN-001,SITE-COOLIT-SYN-01,ERP,BOM_COMPONENT,BOMC-04-012,BOMC-04-012,RESOLVED,2026-09-25T23:59:59-06:00,2026-09-26T08:00:00-06:00,2026-06-29T00:00:00-06:00,,1,,false,ACTIVE,EA,,VALID,CURRENT,coolit-synthetic-v2.0.0,ALL_SYNTHETIC_CUSTOMERS,ALL_SYNTHETIC_PROGRAMS,CFG-CPL-04,SYNTHETIC_INTERNAL,SNP-COOLIT-20260925-BL,SCN-BASELINE,BOMC-04-012,BOM-CFG-CPL-04-A,P-FG-004,P-COMP-099,1,EA,30,OP-30,SUB-FASTENER-3,0,2026-01-01,
TEN-COOLIT-SYN-001,SITE-COOLIT-SYN-01,ERP,BOM_COMPONENT,BOMC-04-013,BOMC-04-013,RESOLVED,2026-09-25T23:59:59-06:00,2026-09-26T08:00:00-06:00,2026-06-29T00:00:00-06:00,,1,,false,ACTIVE,EA,,VALID,CURRENT,coolit-synthetic-v2.0.0,ALL_SYNTHETIC_CUSTOMERS,ALL_SYNTHETIC_PROGRAMS,CFG-CPL-04,SYNTHETIC_INTERNAL,SNP-COOLIT-20260925-BL,SCN-BASELINE,BOMC-04-013,BOM-CFG-CPL-04-A,P-FG-004,P-COMP-106,1,EA,30,OP-30,,0,2026-01-01,
TEN-COOLIT-SYN-001,SITE-COOLIT-SYN-01,ERP,BOM_COMPONENT,BOMC-04-014,BOMC-04-014,RESOLVED,2026-09-25T23:59:59-06:00,2026-09-26T08:00:00-06:00,2026-06-29T00:00:00-06:00,,1,,false,ACTIVE,EA,,VALID,CURRENT,coolit-synthetic-v2.0.0,ALL_SYNTHETIC_CUSTOMERS,ALL_SYNTHETIC_PROGRAMS,CFG-CPL-04,SYNTHETIC_INTERNAL,SNP-COOLIT-20260925-BL,SCN-BASELINE,BOMC-04-014,BOM-CFG-CPL-04-A,P-FG-004,P-COMP-113,1,EA,30,OP-30,,0.02,2026-01-01,
TEN-COOLIT-SYN-001,SITE-COOLIT-SYN-01,ERP,BOM_COMPONENT,BOMC-04-015,BOMC-04-015,RESOLVED,2026-09-25T23:59:59-06:00,2026-09-26T08:00:00-06:00,2026-06-29T00:00:00-06:00,,1,,false,ACTIVE,EA,,VALID,CURRENT,coolit-synthetic-v2.0.0,ALL_SYNTHETIC_CUSTOMERS,ALL_SYNTHETIC_PROGRAMS,CFG-CPL-04,SYNTHETIC_INTERNAL,SNP-COOLIT-20260925-BL,SCN-BASELINE,BOMC-04-015,BOM-CFG-CPL-04-A,P-FG-004,P-COMP-120,1,EA,30,OP-30,,0,2026-01-01,
TEN-COOLIT-SYN-001,SITE-COOLIT-SYN-01,ERP,BOM_COMPONENT,BOMC-04-016,BOMC-04-016,RESOLVED,2026-09-25T23:59:59-06:00,2026-09-26T08:00:00-06:00,2026-06-29T00:00:00-06:00,,1,,false,ACTIVE,EA,,VALID,CURRENT,coolit-synthetic-v2.0.0,ALL_SYNTHETIC_CUSTOMERS,ALL_SYNTHETIC_PROGRAMS,CFG-CPL-04,SYNTHETIC_INTERNAL,SNP-COOLIT-20260925-BL,SCN-BASELINE,BOMC-04-016,BOM-CFG-CPL-04-A,P-FG-004,P-COMP-127,1,EA,40,OP-40,,0,2026-01-01,
TEN-COOLIT-SYN-001,SITE-COOLIT-SYN-01,ERP,BOM_COMPONENT,BOMC-04-017,BOMC-04-017,RESOLVED,2026-09-25T23:59:59-06:00,2026-09-26T08:00:00-06:00,2026-06-29T00:00:00-06:00,,1,,false,ACTIVE,EA,,VALID,CURRENT,coolit-synthetic-v2.0.0,ALL_SYNTHETIC_CUSTOMERS,ALL_SYNTHETIC_PROGRAMS,CFG-CPL-04,SYNTHETIC_INTERNAL,SNP-COOLIT-20260925-BL,SCN-BASELINE,BOMC-04-017,BOM-CFG-CPL-04-A,P-FG-004,P-COMP-134,1,EA,40,OP-40,,0,2026-01-01,
TEN-COOLIT-SYN-001,SITE-COOLIT-SYN-01,ERP,BOM_COMPONENT,BOMC-04-018,BOMC-04-018,RESOLVED,2026-09-25T23:59:59-06:00,2026-09-26T08:00:00-06:00,2026-06-29T00:00:00-06:00,,1,,false,ACTIVE,EA,,VALID,CURRENT,coolit-synthetic-v2.0.0,ALL_SYNTHETIC_CUSTOMERS,ALL_SYNTHETIC_PROGRAMS,CFG-CPL-04,SYNTHETIC_INTERNAL,SNP-COOLIT-20260925-BL,SCN-BASELINE,BOMC-04-018,BOM-CFG-CPL-04-A,P-FG-004,P-COMP-141,1,EA,40,OP-40,,0,2026-01-01,
TEN-COOLIT-SYN-001,SITE-COOLIT-SYN-01,ERP,BOM_COMPONENT,BOMC-04-019,BOMC-04-019,RESOLVED,2026-09-25T23:59:59-06:00,2026-09-26T08:00:00-06:00,2026-06-29T00:00:00-06:00,,1,,false,ACTIVE,EA,,VALID,CURRENT,coolit-synthetic-v2.0.0,ALL_SYNTHETIC_CUSTOMERS,ALL_SYNTHETIC_PROGRAMS,CFG-CPL-04,SYNTHETIC_INTERNAL,SNP-COOLIT-20260925-BL,SCN-BASELINE,BOMC-04-019,BOM-CFG-CPL-04-A,P-FG-004,P-COMP-148,2,EA,40,OP-40,,0,2026-01-01,
TEN-COOLIT-SYN-001,SITE-COOLIT-SYN-01,ERP,BOM_COMPONENT,BOMC-04-020,BOMC-04-020,RESOLVED,2026-09-25T23:59:59-06:00,2026-09-26T08:00:00-06:00,2026-06-29T00:00:00-06:00,,1,,false,ACTIVE,EA,,VALID,CURRENT,coolit-synthetic-v2.0.0,ALL_SYNTHETIC_CUSTOMERS,ALL_SYNTHETIC_PROGRAMS,CFG-CPL-04,SYNTHETIC_INTERNAL,SNP-COOLIT-20260925-BL,SCN-BASELINE,BOMC-04-020,BOM-CFG-CPL-04-A,P-FG-004,P-COMP-155,1,EA,40,OP-40,,0,2026-01-01,
TEN-COOLIT-SYN-001,SITE-COOLIT-SYN-01,ERP,BOM_COMPONENT,BOMC-04-021,BOMC-04-021,RESOLVED,2026-09-25T23:59:59-06:00,2026-09-26T08:00:00-06:00,2026-06-29T00:00:00-06:00,,1,,false,ACTIVE,EA,,VALID,CURRENT,coolit-synthetic-v2.0.0,ALL_SYNTHETIC_CUSTOMERS,ALL_SYNTHETIC_PROGRAMS,CFG-CPL-04,SYNTHETIC_INTERNAL,SNP-COOLIT-20260925-BL,SCN-BASELINE,BOMC-04-021,BOM-CFG-CPL-04-A,P-FG-004,P-COMP-162,1,EA,50,OP-50,,0,2026-01-01,
TEN-COOLIT-SYN-001,SITE-COOLIT-SYN-01,ERP,BOM_COMPONENT,BOMC-04-022,BOMC-04-022,RESOLVED,2026-09-25T23:59:59-06:00,2026-09-26T08:00:00-06:00,2026-06-29T00:00:00-06:00,,1,,false,ACTIVE,EA,,VALID,CURRENT,coolit-synthetic-v2.0.0,ALL_SYNTHETIC_CUSTOMERS,ALL_SYNTHETIC_PROGRAMS,CFG-CPL-04,SYNTHETIC_INTERNAL,SNP-COOLIT-20260925-BL,SCN-BASELINE,BOMC-04-022,BOM-CFG-CPL-04-A,P-FG-004,P-COMP-169,1,EA,50,OP-50,,0,2026-01-01,
TEN-COOLIT-SYN-001,SITE-COOLIT-SYN-01,ERP,BOM_COMPONENT,BOMC-04-023,BOMC-04-023,RESOLVED,2026-09-25T23:59:59-06:00,2026-09-26T08:00:00-06:00,2026-06-29T00:00:00-06:00,,1,,false,ACTIVE,EA,,VALID,CURRENT,coolit-synthetic-v2.0.0,ALL_SYNTHETIC_CUSTOMERS,ALL_SYNTHETIC_PROGRAMS,CFG-CPL-04,SYNTHETIC_INTERNAL,SNP-COOLIT-20260925-BL,SCN-BASELINE,BOMC-04-023,BOM-CFG-CPL-04-A,P-FG-004,P-COMP-176,1,EA,50,OP-50,SUB-FRAME-2,0,2026-01-01,
TEN-COOLIT-SYN-001,SITE-COOLIT-SYN-01,ERP,BOM_COMPONENT,BOMC-04-024,BOMC-04-024,RESOLVED,2026-09-25T23:59:59-06:00,2026-09-26T08:00:00-06:00,2026-06-29T00:00:00-06:00,,1,,false,ACTIVE,EA,,VALID,CURRENT,coolit-synthetic-v2.0.0,ALL_SYNTHETIC_CUSTOMERS,ALL_SYNTHETIC_PROGRAMS,CFG-CPL-04,SYNTHETIC_INTERNAL,SNP-COOLIT-20260925-BL,SCN-BASELINE,BOMC-04-024,BOM-CFG-CPL-04-A,P-FG-004,P-COMP-183,1,EA,50,OP-50,,0,2026-01-01,
TEN-COOLIT-SYN-001,SITE-COOLIT-SYN-01,ERP,BOM_COMPONENT,BOMC-04-025,BOMC-04-025,RESOLVED,2026-09-25T23:59:59-06:00,2026-09-26T08:00:00-06:00,2026-06-29T00:00:00-06:00,,1,,false,ACTIVE,EA,,VALID,CURRENT,coolit-synthetic-v2.0.0,ALL_SYNTHETIC_CUSTOMERS,ALL_SYNTHETIC_PROGRAMS,CFG-CPL-04,SYNTHETIC_INTERNAL,SNP-COOLIT-20260925-BL,SCN-BASELINE,BOMC-04-025,BOM-CFG-CPL-04-A,P-FG-004,P-COMP-190,1,EA,50,OP-50,,0,2026-01-01,
TEN-COOLIT-SYN-001,SITE-COOLIT-SYN-01,ERP,BOM_COMPONENT,BOMC-04-026,BOMC-04-026,RESOLVED,2026-09-25T23:59:59-06:00,2026-09-26T08:00:00-06:00,2026-06-29T00:00:00-06:00,,1,,false,ACTIVE,EA,,VALID,CURRENT,coolit-synthetic-v2.0.0,ALL_SYNTHETIC_CUSTOMERS,ALL_SYNTHETIC_PROGRAMS,CFG-CPL-04,SYNTHETIC_INTERNAL,SNP-COOLIT-20260925-BL,SCN-BASELINE,BOMC-04-026,BOM-CFG-CPL-04-A,P-FG-004,P-COMP-197,1,EA,60,OP-60,,0,2026-01-01,
TEN-COOLIT-SYN-001,SITE-COOLIT-SYN-01,ERP,BOM_COMPONENT,BOMC-04-027,BOMC-04-027,RESOLVED,2026-09-25T23:59:59-06:00,2026-09-26T08:00:00-06:00,2026-06-29T00:00:00-06:00,,1,,false,ACTIVE,EA,,VALID,CURRENT,coolit-synthetic-v2.0.0,ALL_SYNTHETIC_CUSTOMERS,ALL_SYNTHETIC_PROGRAMS,CFG-CPL-04,SYNTHETIC_INTERNAL,SNP-COOLIT-20260925-BL,SCN-BASELINE,BOMC-04-027,BOM-CFG-CPL-04-A,P-FG-004,P-COMP-204,1,EA,60,OP-60,,0.02,2026-01-01,
TEN-COOLIT-SYN-001,SITE-COOLIT-SYN-01,ERP,BOM_COMPONENT,BOMC-04-028,BOMC-04-028,RESOLVED,2026-09-25T23:59:59-06:00,2026-09-26T08:00:00-06:00,2026-06-29T00:00:00-06:00,,1,,false,ACTIVE,EA,,VALID,CURRENT,coolit-synthetic-v2.0.0,ALL_SYNTHETIC_CUSTOMERS,ALL_SYNTHETIC_PROGRAMS,CFG-CPL-04,SYNTHETIC_INTERNAL,SNP-COOLIT-20260925-BL,SCN-BASELINE,BOMC-04-028,BOM-CFG-CPL-04-A,P-FG-004,P-QD-003,2,EA,60,OP-60,,0,2026-01-01,
TEN-COOLIT-SYN-001,SITE-COOLIT-SYN-01,ERP,BOM_COMPONENT,BOMC-04-029,BOMC-04-029,RESOLVED,2026-09-25T23:59:59-06:00,2026-09-26T08:00:00-06:00,2026-06-29T00:00:00-06:00,,1,,false,ACTIVE,EA,,VALID,CURRENT,coolit-synthetic-v2.0.0,ALL_SYNTHETIC_CUSTOMERS,ALL_SYNTHETIC_PROGRAMS,CFG-CPL-04,SYNTHETIC_INTERNAL,SNP-COOLIT-20260925-BL,SCN-BASELINE,BOMC-04-029,BOM-CFG-CPL-04-A,P-FG-004,P-QD-010,1,EA,60,OP-60,,0,2026-01-01,
TEN-COOLIT-SYN-001,SITE-COOLIT-SYN-01,ERP,BOM_COMPONENT,BOMC-04-030,BOMC-04-030,RESOLVED,2026-09-25T23:59:59-06:00,2026-09-26T08:00:00-06:00,2026-06-29T00:00:00-06:00,,1,,false,ACTIVE,EA,,VALID,CURRENT,coolit-synthetic-v2.0.0,ALL_SYNTHETIC_CUSTOMERS,ALL_SYNTHETIC_PROGRAMS,CFG-CPL-04,SYNTHETIC_INTERNAL,SNP-COOLIT-20260925-BL,SCN-BASELINE,BOMC-04-030,BOM-CFG-CPL-04-A,P-FG-004,P-PUMP-007,1,EA,60,OP-60,,0,2026-01-01,
TEN-COOLIT-SYN-001,SITE-COOLIT-SYN-01,ERP,BOM_COMPONENT,BOMC-05-001,BOMC-05-001,RESOLVED,2026-09-25T23:59:59-06:00,2026-09-26T08:00:00-06:00,2026-06-29T00:00:00-06:00,,1,,false,ACTIVE,EA,,VALID,CURRENT,coolit-synthetic-v2.0.0,ALL_SYNTHETIC_CUSTOMERS,ALL_SYNTHETIC_PROGRAMS,CFG-RM-01,SYNTHETIC_INTERNAL,SNP-COOLIT-20260925-BL,SCN-BASELINE,BOMC-05-001,BOM-CFG-RM-01-A,P-FG-005,P-COMP-039,2,EA,10,OP-10,SUB-FASTENER-1,0.02,2026-01-01,
TEN-COOLIT-SYN-001,SITE-COOLIT-SYN-01,ERP,BOM_COMPONENT,BOMC-05-002,BOMC-05-002,RESOLVED,2026-09-25T23:59:59-06:00,2026-09-26T08:00:00-06:00,2026-06-29T00:00:00-06:00,,1,,false,ACTIVE,EA,,VALID,CURRENT,coolit-synthetic-v2.0.0,ALL_SYNTHETIC_CUSTOMERS,ALL_SYNTHETIC_PROGRAMS,CFG-RM-01,SYNTHETIC_INTERNAL,SNP-COOLIT-20260925-BL,SCN-BASELINE,BOMC-05-002,BOM-CFG-RM-01-A,P-FG-005,P-COMP-046,1,EA,10,OP-10,,0,2026-01-01,
TEN-COOLIT-SYN-001,SITE-COOLIT-SYN-01,ERP,BOM_COMPONENT,BOMC-05-003,BOMC-05-003,RESOLVED,2026-09-25T23:59:59-06:00,2026-09-26T08:00:00-06:00,2026-06-29T00:00:00-06:00,,1,,false,ACTIVE,EA,,VALID,CURRENT,coolit-synthetic-v2.0.0,ALL_SYNTHETIC_CUSTOMERS,ALL_SYNTHETIC_PROGRAMS,CFG-RM-01,SYNTHETIC_INTERNAL,SNP-COOLIT-20260925-BL,SCN-BASELINE,BOMC-05-003,BOM-CFG-RM-01-A,P-FG-005,P-COMP-053,1,EA,10,OP-10,,0,2026-01-01,
TEN-COOLIT-SYN-001,SITE-COOLIT-SYN-01,ERP,BOM_COMPONENT,BOMC-05-004,BOMC-05-004,RESOLVED,2026-09-25T23:59:59-06:00,2026-09-26T08:00:00-06:00,2026-06-29T00:00:00-06:00,,1,,false,ACTIVE,EA,,VALID,CURRENT,coolit-synthetic-v2.0.0,ALL_SYNTHETIC_CUSTOMERS,ALL_SYNTHETIC_PROGRAMS,CFG-RM-01,SYNTHETIC_INTERNAL,SNP-COOLIT-20260925-BL,SCN-BASELINE,BOMC-05-004,BOM-CFG-RM-01-A,P-FG-005,P-COMP-060,1,EA,10,OP-10,,0,2026-01-01,
TEN-COOLIT-SYN-001,SITE-COOLIT-SYN-01,ERP,BOM_COMPONENT,BOMC-05-005,BOMC-05-005,RESOLVED,2026-09-25T23:59:59-06:00,2026-09-26T08:00:00-06:00,2026-06-29T00:00:00-06:00,,1,,false,ACTIVE,EA,,VALID,CURRENT,coolit-synthetic-v2.0.0,ALL_SYNTHETIC_CUSTOMERS,ALL_SYNTHETIC_PROGRAMS,CFG-RM-01,SYNTHETIC_INTERNAL,SNP-COOLIT-20260925-BL,SCN-BASELINE,BOMC-05-005,BOM-CFG-RM-01-A,P-FG-005,P-COMP-067,1,EA,10,OP-10,,0,2026-01-01,
TEN-COOLIT-SYN-001,SITE-COOLIT-SYN-01,ERP,BOM_COMPONENT,BOMC-05-006,BOMC-05-006,RESOLVED,2026-09-25T23:59:59-06:00,2026-09-26T08:00:00-06:00,2026-06-29T00:00:00-06:00,,1,,false,ACTIVE,EA,,VALID,CURRENT,coolit-synthetic-v2.0.0,ALL_SYNTHETIC_CUSTOMERS,ALL_SYNTHETIC_PROGRAMS,CFG-RM-01,SYNTHETIC_INTERNAL,SNP-COOLIT-20260925-BL,SCN-BASELINE,BOMC-05-006,BOM-CFG-RM-01-A,P-FG-005,P-COMP-074,1,EA,20,OP-20,,0,2026-01-01,
TEN-COOLIT-SYN-001,SITE-COOLIT-SYN-01,ERP,BOM_COMPONENT,BOMC-05-007,BOMC-05-007,RESOLVED,2026-09-25T23:59:59-06:00,2026-09-26T08:00:00-06:00,2026-06-29T00:00:00-06:00,,1,,false,ACTIVE,EA,,VALID,CURRENT,coolit-synthetic-v2.0.0,ALL_SYNTHETIC_CUSTOMERS,ALL_SYNTHETIC_PROGRAMS,CFG-RM-01,SYNTHETIC_INTERNAL,SNP-COOLIT-20260925-BL,SCN-BASELINE,BOMC-05-007,BOM-CFG-RM-01-A,P-FG-005,P-COMP-081,1,EA,20,OP-20,,0,2026-01-01,
TEN-COOLIT-SYN-001,SITE-COOLIT-SYN-01,ERP,BOM_COMPONENT,BOMC-05-008,BOMC-05-008,RESOLVED,2026-09-25T23:59:59-06:00,2026-09-26T08:00:00-06:00,2026-06-29T00:00:00-06:00,,1,,false,ACTIVE,EA,,VALID,CURRENT,coolit-synthetic-v2.0.0,ALL_SYNTHETIC_CUSTOMERS,ALL_SYNTHETIC_PROGRAMS,CFG-RM-01,SYNTHETIC_INTERNAL,SNP-COOLIT-20260925-BL,SCN-BASELINE,BOMC-05-008,BOM-CFG-RM-01-A,P-FG-005,P-COMP-088,1,EA,20,OP-20,,0,2026-01-01,
TEN-COOLIT-SYN-001,SITE-COOLIT-SYN-01,ERP,BOM_COMPONENT,BOMC-05-009,BOMC-05-009,RESOLVED,2026-09-25T23:59:59-06:00,2026-09-26T08:00:00-06:00,2026-06-29T00:00:00-06:00,,1,,false,ACTIVE,EA,,VALID,CURRENT,coolit-synthetic-v2.0.0,ALL_SYNTHETIC_CUSTOMERS,ALL_SYNTHETIC_PROGRAMS,CFG-RM-01,SYNTHETIC_INTERNAL,SNP-COOLIT-20260925-BL,SCN-BASELINE,BOMC-05-009,BOM-CFG-RM-01-A,P-FG-005,P-COMP-095,1,EA,20,OP-20,,0,2026-01-01,
TEN-COOLIT-SYN-001,SITE-COOLIT-SYN-01,ERP,BOM_COMPONENT,BOMC-05-010,BOMC-05-010,RESOLVED,2026-09-25T23:59:59-06:00,2026-09-26T08:00:00-06:00,2026-06-29T00:00:00-06:00,,1,,false,ACTIVE,EA,,VALID,CURRENT,coolit-synthetic-v2.0.0,ALL_SYNTHETIC_CUSTOMERS,ALL_SYNTHETIC_PROGRAMS,CFG-RM-01,SYNTHETIC_INTERNAL,SNP-COOLIT-20260925-BL,SCN-BASELINE,BOMC-05-010,BOM-CFG-RM-01-A,P-FG-005,P-COMP-102,2,EA,20,OP-20,,0,2026-01-01,
TEN-COOLIT-SYN-001,SITE-COOLIT-SYN-01,ERP,BOM_COMPONENT,BOMC-05-011,BOMC-05-011,RESOLVED,2026-09-25T23:59:59-06:00,2026-09-26T08:00:00-06:00,2026-06-29T00:00:00-06:00,,1,,false,ACTIVE,EA,,VALID,CURRENT,coolit-synthetic-v2.0.0,ALL_SYNTHETIC_CUSTOMERS,ALL_SYNTHETIC_PROGRAMS,CFG-RM-01,SYNTHETIC_INTERNAL,SNP-COOLIT-20260925-BL,SCN-BASELINE,BOMC-05-011,BOM-CFG-RM-01-A,P-FG-005,P-COMP-109,1,EA,30,OP-30,,0,2026-01-01,
TEN-COOLIT-SYN-001,SITE-COOLIT-SYN-01,ERP,BOM_COMPONENT,BOMC-05-012,BOMC-05-012,RESOLVED,2026-09-25T23:59:59-06:00,2026-09-26T08:00:00-06:00,2026-06-29T00:00:00-06:00,,1,,false,ACTIVE,EA,,VALID,CURRENT,coolit-synthetic-v2.0.0,ALL_SYNTHETIC_CUSTOMERS,ALL_SYNTHETIC_PROGRAMS,CFG-RM-01,SYNTHETIC_INTERNAL,SNP-COOLIT-20260925-BL,SCN-BASELINE,BOMC-05-012,BOM-CFG-RM-01-A,P-FG-005,P-COMP-116,1,EA,30,OP-30,SUB-FRAME-3,0,2026-01-01,
TEN-COOLIT-SYN-001,SITE-COOLIT-SYN-01,ERP,BOM_COMPONENT,BOMC-05-013,BOMC-05-013,RESOLVED,2026-09-25T23:59:59-06:00,2026-09-26T08:00:00-06:00,2026-06-29T00:00:00-06:00,,1,,false,ACTIVE,EA,,VALID,CURRENT,coolit-synthetic-v2.0.0,ALL_SYNTHETIC_CUSTOMERS,ALL_SYNTHETIC_PROGRAMS,CFG-RM-01,SYNTHETIC_INTERNAL,SNP-COOLIT-20260925-BL,SCN-BASELINE,BOMC-05-013,BOM-CFG-RM-01-A,P-FG-005,P-COMP-123,1,EA,30,OP-30,,0,2026-01-01,
TEN-COOLIT-SYN-001,SITE-COOLIT-SYN-01,ERP,BOM_COMPONENT,BOMC-05-014,BOMC-05-014,RESOLVED,2026-09-25T23:59:59-06:00,2026-09-26T08:00:00-06:00,2026-06-29T00:00:00-06:00,,1,,false,ACTIVE,EA,,VALID,CURRENT,coolit-synthetic-v2.0.0,ALL_SYNTHETIC_CUSTOMERS,ALL_SYNTHETIC_PROGRAMS,CFG-RM-01,SYNTHETIC_INTERNAL,SNP-COOLIT-20260925-BL,SCN-BASELINE,BOMC-05-014,BOM-CFG-RM-01-A,P-FG-005,P-COMP-130,1,EA,30,OP-30,,0.02,2026-01-01,
TEN-COOLIT-SYN-001,SITE-COOLIT-SYN-01,ERP,BOM_COMPONENT,BOMC-05-015,BOMC-05-015,RESOLVED,2026-09-25T23:59:59-06:00,2026-09-26T08:00:00-06:00,2026-06-29T00:00:00-06:00,,1,,false,ACTIVE,EA,,VALID,CURRENT,coolit-synthetic-v2.0.0,ALL_SYNTHETIC_CUSTOMERS,ALL_SYNTHETIC_PROGRAMS,CFG-RM-01,SYNTHETIC_INTERNAL,SNP-COOLIT-20260925-BL,SCN-BASELINE,BOMC-05-015,BOM-CFG-RM-01-A,P-FG-005,P-COMP-137,1,EA,30,OP-30,,0,2026-01-01,
TEN-COOLIT-SYN-001,SITE-COOLIT-SYN-01,ERP,BOM_COMPONENT,BOMC-05-016,BOMC-05-016,RESOLVED,2026-09-25T23:59:59-06:00,2026-09-26T08:00:00-06:00,2026-06-29T00:00:00-06:00,,1,,false,ACTIVE,EA,,VALID,CURRENT,coolit-synthetic-v2.0.0,ALL_SYNTHETIC_CUSTOMERS,ALL_SYNTHETIC_PROGRAMS,CFG-RM-01,SYNTHETIC_INTERNAL,SNP-COOLIT-20260925-BL,SCN-BASELINE,BOMC-05-016,BOM-CFG-RM-01-A,P-FG-005,P-COMP-144,1,EA,40,OP-40,,0,2026-01-01,
TEN-COOLIT-SYN-001,SITE-COOLIT-SYN-01,ERP,BOM_COMPONENT,BOMC-05-017,BOMC-05-017,RESOLVED,2026-09-25T23:59:59-06:00,2026-09-26T08:00:00-06:00,2026-06-29T00:00:00-06:00,,1,,false,ACTIVE,EA,,VALID,CURRENT,coolit-synthetic-v2.0.0,ALL_SYNTHETIC_CUSTOMERS,ALL_SYNTHETIC_PROGRAMS,CFG-RM-01,SYNTHETIC_INTERNAL,SNP-COOLIT-20260925-BL,SCN-BASELINE,BOMC-05-017,BOM-CFG-RM-01-A,P-FG-005,P-COMP-151,1,EA,40,OP-40,,0,2026-01-01,
TEN-COOLIT-SYN-001,SITE-COOLIT-SYN-01,ERP,BOM_COMPONENT,BOMC-05-018,BOMC-05-018,RESOLVED,2026-09-25T23:59:59-06:00,2026-09-26T08:00:00-06:00,2026-06-29T00:00:00-06:00,,1,,false,ACTIVE,EA,,VALID,CURRENT,coolit-synthetic-v2.0.0,ALL_SYNTHETIC_CUSTOMERS,ALL_SYNTHETIC_PROGRAMS,CFG-RM-01,SYNTHETIC_INTERNAL,SNP-COOLIT-20260925-BL,SCN-BASELINE,BOMC-05-018,BOM-CFG-RM-01-A,P-FG-005,P-COMP-158,1,EA,40,OP-40,,0,2026-01-01,
TEN-COOLIT-SYN-001,SITE-COOLIT-SYN-01,ERP,BOM_COMPONENT,BOMC-05-019,BOMC-05-019,RESOLVED,2026-09-25T23:59:59-06:00,2026-09-26T08:00:00-06:00,2026-06-29T00:00:00-06:00,,1,,false,ACTIVE,EA,,VALID,CURRENT,coolit-synthetic-v2.0.0,ALL_SYNTHETIC_CUSTOMERS,ALL_SYNTHETIC_PROGRAMS,CFG-RM-01,SYNTHETIC_INTERNAL,SNP-COOLIT-20260925-BL,SCN-BASELINE,BOMC-05-019,BOM-CFG-RM-01-A,P-FG-005,P-COMP-165,2,EA,40,OP-40,,0,2026-01-01,
TEN-COOLIT-SYN-001,SITE-COOLIT-SYN-01,ERP,BOM_COMPONENT,BOMC-05-020,BOMC-05-020,RESOLVED,2026-09-25T23:59:59-06:00,2026-09-26T08:00:00-06:00,2026-06-29T00:00:00-06:00,,1,,false,ACTIVE,EA,,VALID,CURRENT,coolit-synthetic-v2.0.0,ALL_SYNTHETIC_CUSTOMERS,ALL_SYNTHETIC_PROGRAMS,CFG-RM-01,SYNTHETIC_INTERNAL,SNP-COOLIT-20260925-BL,SCN-BASELINE,BOMC-05-020,BOM-CFG-RM-01-A,P-FG-005,P-COMP-172,1,EA,40,OP-40,,0,2026-01-01,
TEN-COOLIT-SYN-001,SITE-COOLIT-SYN-01,ERP,BOM_COMPONENT,BOMC-05-021,BOMC-05-021,RESOLVED,2026-09-25T23:59:59-06:00,2026-09-26T08:00:00-06:00,2026-06-29T00:00:00-06:00,,1,,false,ACTIVE,EA,,VALID,CURRENT,coolit-synthetic-v2.0.0,ALL_SYNTHETIC_CUSTOMERS,ALL_SYNTHETIC_PROGRAMS,CFG-RM-01,SYNTHETIC_INTERNAL,SNP-COOLIT-20260925-BL,SCN-BASELINE,BOMC-05-021,BOM-CFG-RM-01-A,P-FG-005,P-COMP-179,1,EA,50,OP-50,,0,2026-01-01,
TEN-COOLIT-SYN-001,SITE-COOLIT-SYN-01,ERP,BOM_COMPONENT,BOMC-05-022,BOMC-05-022,RESOLVED,2026-09-25T23:59:59-06:00,2026-09-26T08:00:00-06:00,2026-06-29T00:00:00-06:00,,1,,false,ACTIVE,EA,,VALID,CURRENT,coolit-synthetic-v2.0.0,ALL_SYNTHETIC_CUSTOMERS,ALL_SYNTHETIC_PROGRAMS,CFG-RM-01,SYNTHETIC_INTERNAL,SNP-COOLIT-20260925-BL,SCN-BASELINE,BOMC-05-022,BOM-CFG-RM-01-A,P-FG-005,P-COMP-186,1,EA,50,OP-50,,0,2026-01-01,
TEN-COOLIT-SYN-001,SITE-COOLIT-SYN-01,ERP,BOM_COMPONENT,BOMC-05-023,BOMC-05-023,RESOLVED,2026-09-25T23:59:59-06:00,2026-09-26T08:00:00-06:00,2026-06-29T00:00:00-06:00,,1,,false,ACTIVE,EA,,VALID,CURRENT,coolit-synthetic-v2.0.0,ALL_SYNTHETIC_CUSTOMERS,ALL_SYNTHETIC_PROGRAMS,CFG-RM-01,SYNTHETIC_INTERNAL,SNP-COOLIT-20260925-BL,SCN-BASELINE,BOMC-05-023,BOM-CFG-RM-01-A,P-FG-005,P-COMP-193,1,EA,50,OP-50,SUB-SENSOR-2,0,2026-01-01,
TEN-COOLIT-SYN-001,SITE-COOLIT-SYN-01,ERP,BOM_COMPONENT,BOMC-05-024,BOMC-05-024,RESOLVED,2026-09-25T23:59:59-06:00,2026-09-26T08:00:00-06:00,2026-06-29T00:00:00-06:00,,1,,false,ACTIVE,EA,,VALID,CURRENT,coolit-synthetic-v2.0.0,ALL_SYNTHETIC_CUSTOMERS,ALL_SYNTHETIC_PROGRAMS,CFG-RM-01,SYNTHETIC_INTERNAL,SNP-COOLIT-20260925-BL,SCN-BASELINE,BOMC-05-024,BOM-CFG-RM-01-A,P-FG-005,P-COMP-200,1,EA,50,OP-50,,0,2026-01-01,
TEN-COOLIT-SYN-001,SITE-COOLIT-SYN-01,ERP,BOM_COMPONENT,BOMC-05-025,BOMC-05-025,RESOLVED,2026-09-25T23:59:59-06:00,2026-09-26T08:00:00-06:00,2026-06-29T00:00:00-06:00,,1,,false,ACTIVE,EA,,VALID,CURRENT,coolit-synthetic-v2.0.0,ALL_SYNTHETIC_CUSTOMERS,ALL_SYNTHETIC_PROGRAMS,CFG-RM-01,SYNTHETIC_INTERNAL,SNP-COOLIT-20260925-BL,SCN-BASELINE,BOMC-05-025,BOM-CFG-RM-01-A,P-FG-005,P-COMP-207,1,EA,50,OP-50,,0,2026-01-01,
TEN-COOLIT-SYN-001,SITE-COOLIT-SYN-01,ERP,BOM_COMPONENT,BOMC-05-026,BOMC-05-026,RESOLVED,2026-09-25T23:59:59-06:00,2026-09-26T08:00:00-06:00,2026-06-29T00:00:00-06:00,,1,,false,ACTIVE,EA,,VALID,CURRENT,coolit-synthetic-v2.0.0,ALL_SYNTHETIC_CUSTOMERS,ALL_SYNTHETIC_PROGRAMS,CFG-RM-01,SYNTHETIC_INTERNAL,SNP-COOLIT-20260925-BL,SCN-BASELINE,BOMC-05-026,BOM-CFG-RM-01-A,P-FG-005,P-QD-006,1,EA,60,OP-60,,0,2026-01-01,
TEN-COOLIT-SYN-001,SITE-COOLIT-SYN-01,ERP,BOM_COMPONENT,BOMC-05-027,BOMC-05-027,RESOLVED,2026-09-25T23:59:59-06:00,2026-09-26T08:00:00-06:00,2026-06-29T00:00:00-06:00,,1,,false,ACTIVE,EA,,VALID,CURRENT,coolit-synthetic-v2.0.0,ALL_SYNTHETIC_CUSTOMERS,ALL_SYNTHETIC_PROGRAMS,CFG-RM-01,SYNTHETIC_INTERNAL,SNP-COOLIT-20260925-BL,SCN-BASELINE,BOMC-05-027,BOM-CFG-RM-01-A,P-FG-005,P-PUMP-003,1,EA,60,OP-60,,0.02,2026-01-01,
TEN-COOLIT-SYN-001,SITE-COOLIT-SYN-01,ERP,BOM_COMPONENT,BOMC-05-028,BOMC-05-028,RESOLVED,2026-09-25T23:59:59-06:00,2026-09-26T08:00:00-06:00,2026-06-29T00:00:00-06:00,,1,,false,ACTIVE,EA,,VALID,CURRENT,coolit-synthetic-v2.0.0,ALL_SYNTHETIC_CUSTOMERS,ALL_SYNTHETIC_PROGRAMS,CFG-RM-01,SYNTHETIC_INTERNAL,SNP-COOLIT-20260925-BL,SCN-BASELINE,BOMC-05-028,BOM-CFG-RM-01-A,P-FG-005,P-HX-002,2,EA,60,OP-60,,0,2026-01-01,
TEN-COOLIT-SYN-001,SITE-COOLIT-SYN-01,ERP,BOM_COMPONENT,BOMC-05-029,BOMC-05-029,RESOLVED,2026-09-25T23:59:59-06:00,2026-09-26T08:00:00-06:00,2026-06-29T00:00:00-06:00,,1,,false,ACTIVE,EA,,VALID,CURRENT,coolit-synthetic-v2.0.0,ALL_SYNTHETIC_CUSTOMERS,ALL_SYNTHETIC_PROGRAMS,CFG-RM-01,SYNTHETIC_INTERNAL,SNP-COOLIT-20260925-BL,SCN-BASELINE,BOMC-05-029,BOM-CFG-RM-01-A,P-FG-005,P-CTRL-003,1,EA,60,OP-60,,0,2026-01-01,
TEN-COOLIT-SYN-001,SITE-COOLIT-SYN-01,ERP,BOM_COMPONENT,BOMC-05-030,BOMC-05-030,RESOLVED,2026-09-25T23:59:59-06:00,2026-09-26T08:00:00-06:00,2026-06-29T00:00:00-06:00,,1,,false,ACTIVE,EA,,VALID,CURRENT,coolit-synthetic-v2.0.0,ALL_SYNTHETIC_CUSTOMERS,ALL_SYNTHETIC_PROGRAMS,CFG-RM-01,SYNTHETIC_INTERNAL,SNP-COOLIT-20260925-BL,SCN-BASELINE,BOMC-05-030,BOM-CFG-RM-01-A,P-FG-005,P-COMP-004,1,EA,60,OP-60,,0,2026-01-01,
TEN-COOLIT-SYN-001,SITE-COOLIT-SYN-01,ERP,BOM_COMPONENT,BOMC-06-001,BOMC-06-001,RESOLVED,2026-09-25T23:59:59-06:00,2026-09-26T08:00:00-06:00,2026-06-29T00:00:00-06:00,,1,,false,ACTIVE,EA,,VALID,CURRENT,coolit-synthetic-v2.0.0,ALL_SYNTHETIC_CUSTOMERS,ALL_SYNTHETIC_PROGRAMS,CFG-RM-02,SYNTHETIC_INTERNAL,SNP-COOLIT-20260925-BL,SCN-BASELINE,BOMC-06-001,BOM-CFG-RM-02-A,P-FG-006,P-COMP-056,2,EA,10,OP-10,SUB-FRAME-1,0.02,2026-01-01,
TEN-COOLIT-SYN-001,SITE-COOLIT-SYN-01,ERP,BOM_COMPONENT,BOMC-06-002,BOMC-06-002,RESOLVED,2026-09-25T23:59:59-06:00,2026-09-26T08:00:00-06:00,2026-06-29T00:00:00-06:00,,1,,false,ACTIVE,EA,,VALID,CURRENT,coolit-synthetic-v2.0.0,ALL_SYNTHETIC_CUSTOMERS,ALL_SYNTHETIC_PROGRAMS,CFG-RM-02,SYNTHETIC_INTERNAL,SNP-COOLIT-20260925-BL,SCN-BASELINE,BOMC-06-002,BOM-CFG-RM-02-A,P-FG-006,P-COMP-063,1,EA,10,OP-10,,0,2026-01-01,
TEN-COOLIT-SYN-001,SITE-COOLIT-SYN-01,ERP,BOM_COMPONENT,BOMC-06-003,BOMC-06-003,RESOLVED,2026-09-25T23:59:59-06:00,2026-09-26T08:00:00-06:00,2026-06-29T00:00:00-06:00,,1,,false,ACTIVE,EA,,VALID,CURRENT,coolit-synthetic-v2.0.0,ALL_SYNTHETIC_CUSTOMERS,ALL_SYNTHETIC_PROGRAMS,CFG-RM-02,SYNTHETIC_INTERNAL,SNP-COOLIT-20260925-BL,SCN-BASELINE,BOMC-06-003,BOM-CFG-RM-02-A,P-FG-006,P-COMP-070,1,EA,10,OP-10,,0,2026-01-01,
TEN-COOLIT-SYN-001,SITE-COOLIT-SYN-01,ERP,BOM_COMPONENT,BOMC-06-004,BOMC-06-004,RESOLVED,2026-09-25T23:59:59-06:00,2026-09-26T08:00:00-06:00,2026-06-29T00:00:00-06:00,,1,,false,ACTIVE,EA,,VALID,CURRENT,coolit-synthetic-v2.0.0,ALL_SYNTHETIC_CUSTOMERS,ALL_SYNTHETIC_PROGRAMS,CFG-RM-02,SYNTHETIC_INTERNAL,SNP-COOLIT-20260925-BL,SCN-BASELINE,BOMC-06-004,BOM-CFG-RM-02-A,P-FG-006,P-COMP-077,1,EA,10,OP-10,,0,2026-01-01,
TEN-COOLIT-SYN-001,SITE-COOLIT-SYN-01,ERP,BOM_COMPONENT,BOMC-06-005,BOMC-06-005,RESOLVED,2026-09-25T23:59:59-06:00,2026-09-26T08:00:00-06:00,2026-06-29T00:00:00-06:00,,1,,false,ACTIVE,EA,,VALID,CURRENT,coolit-synthetic-v2.0.0,ALL_SYNTHETIC_CUSTOMERS,ALL_SYNTHETIC_PROGRAMS,CFG-RM-02,SYNTHETIC_INTERNAL,SNP-COOLIT-20260925-BL,SCN-BASELINE,BOMC-06-005,BOM-CFG-RM-02-A,P-FG-006,P-COMP-084,1,EA,10,OP-10,,0,2026-01-01,
TEN-COOLIT-SYN-001,SITE-COOLIT-SYN-01,ERP,BOM_COMPONENT,BOMC-06-006,BOMC-06-006,RESOLVED,2026-09-25T23:59:59-06:00,2026-09-26T08:00:00-06:00,2026-06-29T00:00:00-06:00,,1,,false,ACTIVE,EA,,VALID,CURRENT,coolit-synthetic-v2.0.0,ALL_SYNTHETIC_CUSTOMERS,ALL_SYNTHETIC_PROGRAMS,CFG-RM-02,SYNTHETIC_INTERNAL,SNP-COOLIT-20260925-BL,SCN-BASELINE,BOMC-06-006,BOM-CFG-RM-02-A,P-FG-006,P-COMP-091,1,EA,20,OP-20,,0,2026-01-01,
TEN-COOLIT-SYN-001,SITE-COOLIT-SYN-01,ERP,BOM_COMPONENT,BOMC-06-007,BOMC-06-007,RESOLVED,2026-09-25T23:59:59-06:00,2026-09-26T08:00:00-06:00,2026-06-29T00:00:00-06:00,,1,,false,ACTIVE,EA,,VALID,CURRENT,coolit-synthetic-v2.0.0,ALL_SYNTHETIC_CUSTOMERS,ALL_SYNTHETIC_PROGRAMS,CFG-RM-02,SYNTHETIC_INTERNAL,SNP-COOLIT-20260925-BL,SCN-BASELINE,BOMC-06-007,BOM-CFG-RM-02-A,P-FG-006,P-COMP-098,1,EA,20,OP-20,,0,2026-01-01,
TEN-COOLIT-SYN-001,SITE-COOLIT-SYN-01,ERP,BOM_COMPONENT,BOMC-06-008,BOMC-06-008,RESOLVED,2026-09-25T23:59:59-06:00,2026-09-26T08:00:00-06:00,2026-06-29T00:00:00-06:00,,1,,false,ACTIVE,EA,,VALID,CURRENT,coolit-synthetic-v2.0.0,ALL_SYNTHETIC_CUSTOMERS,ALL_SYNTHETIC_PROGRAMS,CFG-RM-02,SYNTHETIC_INTERNAL,SNP-COOLIT-20260925-BL,SCN-BASELINE,BOMC-06-008,BOM-CFG-RM-02-A,P-FG-006,P-COMP-105,1,EA,20,OP-20,,0,2026-01-01,
TEN-COOLIT-SYN-001,SITE-COOLIT-SYN-01,ERP,BOM_COMPONENT,BOMC-06-009,BOMC-06-009,RESOLVED,2026-09-25T23:59:59-06:00,2026-09-26T08:00:00-06:00,2026-06-29T00:00:00-06:00,,1,,false,ACTIVE,EA,,VALID,CURRENT,coolit-synthetic-v2.0.0,ALL_SYNTHETIC_CUSTOMERS,ALL_SYNTHETIC_PROGRAMS,CFG-RM-02,SYNTHETIC_INTERNAL,SNP-COOLIT-20260925-BL,SCN-BASELINE,BOMC-06-009,BOM-CFG-RM-02-A,P-FG-006,P-COMP-112,1,EA,20,OP-20,,0,2026-01-01,
TEN-COOLIT-SYN-001,SITE-COOLIT-SYN-01,ERP,BOM_COMPONENT,BOMC-06-010,BOMC-06-010,RESOLVED,2026-09-25T23:59:59-06:00,2026-09-26T08:00:00-06:00,2026-06-29T00:00:00-06:00,,1,,false,ACTIVE,EA,,VALID,CURRENT,coolit-synthetic-v2.0.0,ALL_SYNTHETIC_CUSTOMERS,ALL_SYNTHETIC_PROGRAMS,CFG-RM-02,SYNTHETIC_INTERNAL,SNP-COOLIT-20260925-BL,SCN-BASELINE,BOMC-06-010,BOM-CFG-RM-02-A,P-FG-006,P-COMP-119,2,EA,20,OP-20,,0,2026-01-01,
TEN-COOLIT-SYN-001,SITE-COOLIT-SYN-01,ERP,BOM_COMPONENT,BOMC-06-011,BOMC-06-011,RESOLVED,2026-09-25T23:59:59-06:00,2026-09-26T08:00:00-06:00,2026-06-29T00:00:00-06:00,,1,,false,ACTIVE,EA,,VALID,CURRENT,coolit-synthetic-v2.0.0,ALL_SYNTHETIC_CUSTOMERS,ALL_SYNTHETIC_PROGRAMS,CFG-RM-02,SYNTHETIC_INTERNAL,SNP-COOLIT-20260925-BL,SCN-BASELINE,BOMC-06-011,BOM-CFG-RM-02-A,P-FG-006,P-COMP-126,1,EA,30,OP-30,,0,2026-01-01,
TEN-COOLIT-SYN-001,SITE-COOLIT-SYN-01,ERP,BOM_COMPONENT,BOMC-06-012,BOMC-06-012,RESOLVED,2026-09-25T23:59:59-06:00,2026-09-26T08:00:00-06:00,2026-06-29T00:00:00-06:00,,1,,false,ACTIVE,EA,,VALID,CURRENT,coolit-synthetic-v2.0.0,ALL_SYNTHETIC_CUSTOMERS,ALL_SYNTHETIC_PROGRAMS,CFG-RM-02,SYNTHETIC_INTERNAL,SNP-COOLIT-20260925-BL,SCN-BASELINE,BOMC-06-012,BOM-CFG-RM-02-A,P-FG-006,P-COMP-133,1,EA,30,OP-30,SUB-SENSOR-3,0,2026-01-01,
TEN-COOLIT-SYN-001,SITE-COOLIT-SYN-01,ERP,BOM_COMPONENT,BOMC-06-013,BOMC-06-013,RESOLVED,2026-09-25T23:59:59-06:00,2026-09-26T08:00:00-06:00,2026-06-29T00:00:00-06:00,,1,,false,ACTIVE,EA,,VALID,CURRENT,coolit-synthetic-v2.0.0,ALL_SYNTHETIC_CUSTOMERS,ALL_SYNTHETIC_PROGRAMS,CFG-RM-02,SYNTHETIC_INTERNAL,SNP-COOLIT-20260925-BL,SCN-BASELINE,BOMC-06-013,BOM-CFG-RM-02-A,P-FG-006,P-COMP-140,1,EA,30,OP-30,,0,2026-01-01,
TEN-COOLIT-SYN-001,SITE-COOLIT-SYN-01,ERP,BOM_COMPONENT,BOMC-06-014,BOMC-06-014,RESOLVED,2026-09-25T23:59:59-06:00,2026-09-26T08:00:00-06:00,2026-06-29T00:00:00-06:00,,1,,false,ACTIVE,EA,,VALID,CURRENT,coolit-synthetic-v2.0.0,ALL_SYNTHETIC_CUSTOMERS,ALL_SYNTHETIC_PROGRAMS,CFG-RM-02,SYNTHETIC_INTERNAL,SNP-COOLIT-20260925-BL,SCN-BASELINE,BOMC-06-014,BOM-CFG-RM-02-A,P-FG-006,P-COMP-147,1,EA,30,OP-30,,0.02,2026-01-01,
TEN-COOLIT-SYN-001,SITE-COOLIT-SYN-01,ERP,BOM_COMPONENT,BOMC-06-015,BOMC-06-015,RESOLVED,2026-09-25T23:59:59-06:00,2026-09-26T08:00:00-06:00,2026-06-29T00:00:00-06:00,,1,,false,ACTIVE,EA,,VALID,CURRENT,coolit-synthetic-v2.0.0,ALL_SYNTHETIC_CUSTOMERS,ALL_SYNTHETIC_PROGRAMS,CFG-RM-02,SYNTHETIC_INTERNAL,SNP-COOLIT-20260925-BL,SCN-BASELINE,BOMC-06-015,BOM-CFG-RM-02-A,P-FG-006,P-COMP-154,1,EA,30,OP-30,,0,2026-01-01,
TEN-COOLIT-SYN-001,SITE-COOLIT-SYN-01,ERP,BOM_COMPONENT,BOMC-06-016,BOMC-06-016,RESOLVED,2026-09-25T23:59:59-06:00,2026-09-26T08:00:00-06:00,2026-06-29T00:00:00-06:00,,1,,false,ACTIVE,EA,,VALID,CURRENT,coolit-synthetic-v2.0.0,ALL_SYNTHETIC_CUSTOMERS,ALL_SYNTHETIC_PROGRAMS,CFG-RM-02,SYNTHETIC_INTERNAL,SNP-COOLIT-20260925-BL,SCN-BASELINE,BOMC-06-016,BOM-CFG-RM-02-A,P-FG-006,P-COMP-161,1,EA,40,OP-40,,0,2026-01-01,
TEN-COOLIT-SYN-001,SITE-COOLIT-SYN-01,ERP,BOM_COMPONENT,BOMC-06-017,BOMC-06-017,RESOLVED,2026-09-25T23:59:59-06:00,2026-09-26T08:00:00-06:00,2026-06-29T00:00:00-06:00,,1,,false,ACTIVE,EA,,VALID,CURRENT,coolit-synthetic-v2.0.0,ALL_SYNTHETIC_CUSTOMERS,ALL_SYNTHETIC_PROGRAMS,CFG-RM-02,SYNTHETIC_INTERNAL,SNP-COOLIT-20260925-BL,SCN-BASELINE,BOMC-06-017,BOM-CFG-RM-02-A,P-FG-006,P-COMP-168,1,EA,40,OP-40,,0,2026-01-01,
TEN-COOLIT-SYN-001,SITE-COOLIT-SYN-01,ERP,BOM_COMPONENT,BOMC-06-018,BOMC-06-018,RESOLVED,2026-09-25T23:59:59-06:00,2026-09-26T08:00:00-06:00,2026-06-29T00:00:00-06:00,,1,,false,ACTIVE,EA,,VALID,CURRENT,coolit-synthetic-v2.0.0,ALL_SYNTHETIC_CUSTOMERS,ALL_SYNTHETIC_PROGRAMS,CFG-RM-02,SYNTHETIC_INTERNAL,SNP-COOLIT-20260925-BL,SCN-BASELINE,BOMC-06-018,BOM-CFG-RM-02-A,P-FG-006,P-COMP-175,1,EA,40,OP-40,,0,2026-01-01,
TEN-COOLIT-SYN-001,SITE-COOLIT-SYN-01,ERP,BOM_COMPONENT,BOMC-06-019,BOMC-06-019,RESOLVED,2026-09-25T23:59:59-06:00,2026-09-26T08:00:00-06:00,2026-06-29T00:00:00-06:00,,1,,false,ACTIVE,EA,,VALID,CURRENT,coolit-synthetic-v2.0.0,ALL_SYNTHETIC_CUSTOMERS,ALL_SYNTHETIC_PROGRAMS,CFG-RM-02,SYNTHETIC_INTERNAL,SNP-COOLIT-20260925-BL,SCN-BASELINE,BOMC-06-019,BOM-CFG-RM-02-A,P-FG-006,P-COMP-182,2,EA,40,OP-40,,0,2026-01-01,
TEN-COOLIT-SYN-001,SITE-COOLIT-SYN-01,ERP,BOM_COMPONENT,BOMC-06-020,BOMC-06-020,RESOLVED,2026-09-25T23:59:59-06:00,2026-09-26T08:00:00-06:00,2026-06-29T00:00:00-06:00,,1,,false,ACTIVE,EA,,VALID,CURRENT,coolit-synthetic-v2.0.0,ALL_SYNTHETIC_CUSTOMERS,ALL_SYNTHETIC_PROGRAMS,CFG-RM-02,SYNTHETIC_INTERNAL,SNP-COOLIT-20260925-BL,SCN-BASELINE,BOMC-06-020,BOM-CFG-RM-02-A,P-FG-006,P-COMP-189,1,EA,40,OP-40,,0,2026-01-01,
TEN-COOLIT-SYN-001,SITE-COOLIT-SYN-01,ERP,BOM_COMPONENT,BOMC-06-021,BOMC-06-021,RESOLVED,2026-09-25T23:59:59-06:00,2026-09-26T08:00:00-06:00,2026-06-29T00:00:00-06:00,,1,,false,ACTIVE,EA,,VALID,CURRENT,coolit-synthetic-v2.0.0,ALL_SYNTHETIC_CUSTOMERS,ALL_SYNTHETIC_PROGRAMS,CFG-RM-02,SYNTHETIC_INTERNAL,SNP-COOLIT-20260925-BL,SCN-BASELINE,BOMC-06-021,BOM-CFG-RM-02-A,P-FG-006,P-COMP-196,1,EA,50,OP-50,,0,2026-01-01,
TEN-COOLIT-SYN-001,SITE-COOLIT-SYN-01,ERP,BOM_COMPONENT,BOMC-06-022,BOMC-06-022,RESOLVED,2026-09-25T23:59:59-06:00,2026-09-26T08:00:00-06:00,2026-06-29T00:00:00-06:00,,1,,false,ACTIVE,EA,,VALID,CURRENT,coolit-synthetic-v2.0.0,ALL_SYNTHETIC_CUSTOMERS,ALL_SYNTHETIC_PROGRAMS,CFG-RM-02,SYNTHETIC_INTERNAL,SNP-COOLIT-20260925-BL,SCN-BASELINE,BOMC-06-022,BOM-CFG-RM-02-A,P-FG-006,P-COMP-203,1,EA,50,OP-50,,0,2026-01-01,
TEN-COOLIT-SYN-001,SITE-COOLIT-SYN-01,ERP,BOM_COMPONENT,BOMC-06-023,BOMC-06-023,RESOLVED,2026-09-25T23:59:59-06:00,2026-09-26T08:00:00-06:00,2026-06-29T00:00:00-06:00,,1,,false,ACTIVE,EA,,VALID,CURRENT,coolit-synthetic-v2.0.0,ALL_SYNTHETIC_CUSTOMERS,ALL_SYNTHETIC_PROGRAMS,CFG-RM-02,SYNTHETIC_INTERNAL,SNP-COOLIT-20260925-BL,SCN-BASELINE,BOMC-06-023,BOM-CFG-RM-02-A,P-FG-006,P-QD-002,1,EA,50,OP-50,SUB-QUICK_DISCONNECT-2,0,2026-01-01,
TEN-COOLIT-SYN-001,SITE-COOLIT-SYN-01,ERP,BOM_COMPONENT,BOMC-06-024,BOMC-06-024,RESOLVED,2026-09-25T23:59:59-06:00,2026-09-26T08:00:00-06:00,2026-06-29T00:00:00-06:00,,1,,false,ACTIVE,EA,,VALID,CURRENT,coolit-synthetic-v2.0.0,ALL_SYNTHETIC_CUSTOMERS,ALL_SYNTHETIC_PROGRAMS,CFG-RM-02,SYNTHETIC_INTERNAL,SNP-COOLIT-20260925-BL,SCN-BASELINE,BOMC-06-024,BOM-CFG-RM-02-A,P-FG-006,P-QD-009,1,EA,50,OP-50,,0,2026-01-01,
TEN-COOLIT-SYN-001,SITE-COOLIT-SYN-01,ERP,BOM_COMPONENT,BOMC-06-025,BOMC-06-025,RESOLVED,2026-09-25T23:59:59-06:00,2026-09-26T08:00:00-06:00,2026-06-29T00:00:00-06:00,,1,,false,ACTIVE,EA,,VALID,CURRENT,coolit-synthetic-v2.0.0,ALL_SYNTHETIC_CUSTOMERS,ALL_SYNTHETIC_PROGRAMS,CFG-RM-02,SYNTHETIC_INTERNAL,SNP-COOLIT-20260925-BL,SCN-BASELINE,BOMC-06-025,BOM-CFG-RM-02-A,P-FG-006,P-PUMP-006,1,EA,50,OP-50,,0,2026-01-01,
TEN-COOLIT-SYN-001,SITE-COOLIT-SYN-01,ERP,BOM_COMPONENT,BOMC-06-026,BOMC-06-026,RESOLVED,2026-09-25T23:59:59-06:00,2026-09-26T08:00:00-06:00,2026-06-29T00:00:00-06:00,,1,,false,ACTIVE,EA,,VALID,CURRENT,coolit-synthetic-v2.0.0,ALL_SYNTHETIC_CUSTOMERS,ALL_SYNTHETIC_PROGRAMS,CFG-RM-02,SYNTHETIC_INTERNAL,SNP-COOLIT-20260925-BL,SCN-BASELINE,BOMC-06-026,BOM-CFG-RM-02-A,P-FG-006,P-HX-005,1,EA,60,OP-60,,0,2026-01-01,
TEN-COOLIT-SYN-001,SITE-COOLIT-SYN-01,ERP,BOM_COMPONENT,BOMC-06-027,BOMC-06-027,RESOLVED,2026-09-25T23:59:59-06:00,2026-09-26T08:00:00-06:00,2026-06-29T00:00:00-06:00,,1,,false,ACTIVE,EA,,VALID,CURRENT,coolit-synthetic-v2.0.0,ALL_SYNTHETIC_CUSTOMERS,ALL_SYNTHETIC_PROGRAMS,CFG-RM-02,SYNTHETIC_INTERNAL,SNP-COOLIT-20260925-BL,SCN-BASELINE,BOMC-06-027,BOM-CFG-RM-02-A,P-FG-006,P-CTRL-006,1,EA,60,OP-60,,0.02,2026-01-01,
TEN-COOLIT-SYN-001,SITE-COOLIT-SYN-01,ERP,BOM_COMPONENT,BOMC-06-028,BOMC-06-028,RESOLVED,2026-09-25T23:59:59-06:00,2026-09-26T08:00:00-06:00,2026-06-29T00:00:00-06:00,,1,,false,ACTIVE,EA,,VALID,CURRENT,coolit-synthetic-v2.0.0,ALL_SYNTHETIC_CUSTOMERS,ALL_SYNTHETIC_PROGRAMS,CFG-RM-02,SYNTHETIC_INTERNAL,SNP-COOLIT-20260925-BL,SCN-BASELINE,BOMC-06-028,BOM-CFG-RM-02-A,P-FG-006,P-COMP-007,2,EA,60,OP-60,,0,2026-01-01,
TEN-COOLIT-SYN-001,SITE-COOLIT-SYN-01,ERP,BOM_COMPONENT,BOMC-06-029,BOMC-06-029,RESOLVED,2026-09-25T23:59:59-06:00,2026-09-26T08:00:00-06:00,2026-06-29T00:00:00-06:00,,1,,false,ACTIVE,EA,,VALID,CURRENT,coolit-synthetic-v2.0.0,ALL_SYNTHETIC_CUSTOMERS,ALL_SYNTHETIC_PROGRAMS,CFG-RM-02,SYNTHETIC_INTERNAL,SNP-COOLIT-20260925-BL,SCN-BASELINE,BOMC-06-029,BOM-CFG-RM-02-A,P-FG-006,P-COMP-014,1,EA,60,OP-60,,0,2026-01-01,
TEN-COOLIT-SYN-001,SITE-COOLIT-SYN-01,ERP,BOM_COMPONENT,BOMC-06-030,BOMC-06-030,RESOLVED,2026-09-25T23:59:59-06:00,2026-09-26T08:00:00-06:00,2026-06-29T00:00:00-06:00,,1,,false,ACTIVE,EA,,VALID,CURRENT,coolit-synthetic-v2.0.0,ALL_SYNTHETIC_CUSTOMERS,ALL_SYNTHETIC_PROGRAMS,CFG-RM-02,SYNTHETIC_INTERNAL,SNP-COOLIT-20260925-BL,SCN-BASELINE,BOMC-06-030,BOM-CFG-RM-02-A,P-FG-006,P-COMP-021,1,EA,60,OP-60,,0,2026-01-01,
TEN-COOLIT-SYN-001,SITE-COOLIT-SYN-01,ERP,BOM_COMPONENT,BOMC-07-001,BOMC-07-001,RESOLVED,2026-09-25T23:59:59-06:00,2026-09-26T08:00:00-06:00,2026-06-29T00:00:00-06:00,,1,,false,ACTIVE,EA,,VALID,CURRENT,coolit-synthetic-v2.0.0,ALL_SYNTHETIC_CUSTOMERS,ALL_SYNTHETIC_PROGRAMS,CFG-RM-03,SYNTHETIC_INTERNAL,SNP-COOLIT-20260925-BL,SCN-BASELINE,BOMC-07-001,BOM-CFG-RM-03-A,P-FG-007,P-COMP-073,2,EA,10,OP-10,SUB-SENSOR-1,0.02,2026-01-01,
TEN-COOLIT-SYN-001,SITE-COOLIT-SYN-01,ERP,BOM_COMPONENT,BOMC-07-002,BOMC-07-002,RESOLVED,2026-09-25T23:59:59-06:00,2026-09-26T08:00:00-06:00,2026-06-29T00:00:00-06:00,,1,,false,ACTIVE,EA,,VALID,CURRENT,coolit-synthetic-v2.0.0,ALL_SYNTHETIC_CUSTOMERS,ALL_SYNTHETIC_PROGRAMS,CFG-RM-03,SYNTHETIC_INTERNAL,SNP-COOLIT-20260925-BL,SCN-BASELINE,BOMC-07-002,BOM-CFG-RM-03-A,P-FG-007,P-COMP-080,1,EA,10,OP-10,,0,2026-01-01,
TEN-COOLIT-SYN-001,SITE-COOLIT-SYN-01,ERP,BOM_COMPONENT,BOMC-07-003,BOMC-07-003,RESOLVED,2026-09-25T23:59:59-06:00,2026-09-26T08:00:00-06:00,2026-06-29T00:00:00-06:00,,1,,false,ACTIVE,EA,,VALID,CURRENT,coolit-synthetic-v2.0.0,ALL_SYNTHETIC_CUSTOMERS,ALL_SYNTHETIC_PROGRAMS,CFG-RM-03,SYNTHETIC_INTERNAL,SNP-COOLIT-20260925-BL,SCN-BASELINE,BOMC-07-003,BOM-CFG-RM-03-A,P-FG-007,P-COMP-087,1,EA,10,OP-10,,0,2026-01-01,
TEN-COOLIT-SYN-001,SITE-COOLIT-SYN-01,ERP,BOM_COMPONENT,BOMC-07-004,BOMC-07-004,RESOLVED,2026-09-25T23:59:59-06:00,2026-09-26T08:00:00-06:00,2026-06-29T00:00:00-06:00,,1,,false,ACTIVE,EA,,VALID,CURRENT,coolit-synthetic-v2.0.0,ALL_SYNTHETIC_CUSTOMERS,ALL_SYNTHETIC_PROGRAMS,CFG-RM-03,SYNTHETIC_INTERNAL,SNP-COOLIT-20260925-BL,SCN-BASELINE,BOMC-07-004,BOM-CFG-RM-03-A,P-FG-007,P-COMP-094,1,EA,10,OP-10,,0,2026-01-01,
TEN-COOLIT-SYN-001,SITE-COOLIT-SYN-01,ERP,BOM_COMPONENT,BOMC-07-005,BOMC-07-005,RESOLVED,2026-09-25T23:59:59-06:00,2026-09-26T08:00:00-06:00,2026-06-29T00:00:00-06:00,,1,,false,ACTIVE,EA,,VALID,CURRENT,coolit-synthetic-v2.0.0,ALL_SYNTHETIC_CUSTOMERS,ALL_SYNTHETIC_PROGRAMS,CFG-RM-03,SYNTHETIC_INTERNAL,SNP-COOLIT-20260925-BL,SCN-BASELINE,BOMC-07-005,BOM-CFG-RM-03-A,P-FG-007,P-COMP-101,1,EA,10,OP-10,,0,2026-01-01,
TEN-COOLIT-SYN-001,SITE-COOLIT-SYN-01,ERP,BOM_COMPONENT,BOMC-07-006,BOMC-07-006,RESOLVED,2026-09-25T23:59:59-06:00,2026-09-26T08:00:00-06:00,2026-06-29T00:00:00-06:00,,1,,false,ACTIVE,EA,,VALID,CURRENT,coolit-synthetic-v2.0.0,ALL_SYNTHETIC_CUSTOMERS,ALL_SYNTHETIC_PROGRAMS,CFG-RM-03,SYNTHETIC_INTERNAL,SNP-COOLIT-20260925-BL,SCN-BASELINE,BOMC-07-006,BOM-CFG-RM-03-A,P-FG-007,P-COMP-108,1,EA,20,OP-20,,0,2026-01-01,
TEN-COOLIT-SYN-001,SITE-COOLIT-SYN-01,ERP,BOM_COMPONENT,BOMC-07-007,BOMC-07-007,RESOLVED,2026-09-25T23:59:59-06:00,2026-09-26T08:00:00-06:00,2026-06-29T00:00:00-06:00,,1,,false,ACTIVE,EA,,VALID,CURRENT,coolit-synthetic-v2.0.0,ALL_SYNTHETIC_CUSTOMERS,ALL_SYNTHETIC_PROGRAMS,CFG-RM-03,SYNTHETIC_INTERNAL,SNP-COOLIT-20260925-BL,SCN-BASELINE,BOMC-07-007,BOM-CFG-RM-03-A,P-FG-007,P-COMP-115,1,EA,20,OP-20,,0,2026-01-01,
TEN-COOLIT-SYN-001,SITE-COOLIT-SYN-01,ERP,BOM_COMPONENT,BOMC-07-008,BOMC-07-008,RESOLVED,2026-09-25T23:59:59-06:00,2026-09-26T08:00:00-06:00,2026-06-29T00:00:00-06:00,,1,,false,ACTIVE,EA,,VALID,CURRENT,coolit-synthetic-v2.0.0,ALL_SYNTHETIC_CUSTOMERS,ALL_SYNTHETIC_PROGRAMS,CFG-RM-03,SYNTHETIC_INTERNAL,SNP-COOLIT-20260925-BL,SCN-BASELINE,BOMC-07-008,BOM-CFG-RM-03-A,P-FG-007,P-COMP-122,1,EA,20,OP-20,,0,2026-01-01,
TEN-COOLIT-SYN-001,SITE-COOLIT-SYN-01,ERP,BOM_COMPONENT,BOMC-07-009,BOMC-07-009,RESOLVED,2026-09-25T23:59:59-06:00,2026-09-26T08:00:00-06:00,2026-06-29T00:00:00-06:00,,1,,false,ACTIVE,EA,,VALID,CURRENT,coolit-synthetic-v2.0.0,ALL_SYNTHETIC_CUSTOMERS,ALL_SYNTHETIC_PROGRAMS,CFG-RM-03,SYNTHETIC_INTERNAL,SNP-COOLIT-20260925-BL,SCN-BASELINE,BOMC-07-009,BOM-CFG-RM-03-A,P-FG-007,P-COMP-129,1,EA,20,OP-20,,0,2026-01-01,
TEN-COOLIT-SYN-001,SITE-COOLIT-SYN-01,ERP,BOM_COMPONENT,BOMC-07-010,BOMC-07-010,RESOLVED,2026-09-25T23:59:59-06:00,2026-09-26T08:00:00-06:00,2026-06-29T00:00:00-06:00,,1,,false,ACTIVE,EA,,VALID,CURRENT,coolit-synthetic-v2.0.0,ALL_SYNTHETIC_CUSTOMERS,ALL_SYNTHETIC_PROGRAMS,CFG-RM-03,SYNTHETIC_INTERNAL,SNP-COOLIT-20260925-BL,SCN-BASELINE,BOMC-07-010,BOM-CFG-RM-03-A,P-FG-007,P-COMP-136,2,EA,20,OP-20,,0,2026-01-01,
TEN-COOLIT-SYN-001,SITE-COOLIT-SYN-01,ERP,BOM_COMPONENT,BOMC-07-011,BOMC-07-011,RESOLVED,2026-09-25T23:59:59-06:00,2026-09-26T08:00:00-06:00,2026-06-29T00:00:00-06:00,,1,,false,ACTIVE,EA,,VALID,CURRENT,coolit-synthetic-v2.0.0,ALL_SYNTHETIC_CUSTOMERS,ALL_SYNTHETIC_PROGRAMS,CFG-RM-03,SYNTHETIC_INTERNAL,SNP-COOLIT-20260925-BL,SCN-BASELINE,BOMC-07-011,BOM-CFG-RM-03-A,P-FG-007,P-COMP-143,1,EA,30,OP-30,,0,2026-01-01,
TEN-COOLIT-SYN-001,SITE-COOLIT-SYN-01,ERP,BOM_COMPONENT,BOMC-07-012,BOMC-07-012,RESOLVED,2026-09-25T23:59:59-06:00,2026-09-26T08:00:00-06:00,2026-06-29T00:00:00-06:00,,1,,false,ACTIVE,EA,,VALID,CURRENT,coolit-synthetic-v2.0.0,ALL_SYNTHETIC_CUSTOMERS,ALL_SYNTHETIC_PROGRAMS,CFG-RM-03,SYNTHETIC_INTERNAL,SNP-COOLIT-20260925-BL,SCN-BASELINE,BOMC-07-012,BOM-CFG-RM-03-A,P-FG-007,P-COMP-150,1,EA,30,OP-30,SUB-PACKAGING-3,0,2026-01-01,
TEN-COOLIT-SYN-001,SITE-COOLIT-SYN-01,ERP,BOM_COMPONENT,BOMC-07-013,BOMC-07-013,RESOLVED,2026-09-25T23:59:59-06:00,2026-09-26T08:00:00-06:00,2026-06-29T00:00:00-06:00,,1,,false,ACTIVE,EA,,VALID,CURRENT,coolit-synthetic-v2.0.0,ALL_SYNTHETIC_CUSTOMERS,ALL_SYNTHETIC_PROGRAMS,CFG-RM-03,SYNTHETIC_INTERNAL,SNP-COOLIT-20260925-BL,SCN-BASELINE,BOMC-07-013,BOM-CFG-RM-03-A,P-FG-007,P-COMP-157,1,EA,30,OP-30,,0,2026-01-01,
TEN-COOLIT-SYN-001,SITE-COOLIT-SYN-01,ERP,BOM_COMPONENT,BOMC-07-014,BOMC-07-014,RESOLVED,2026-09-25T23:59:59-06:00,2026-09-26T08:00:00-06:00,2026-06-29T00:00:00-06:00,,1,,false,ACTIVE,EA,,VALID,CURRENT,coolit-synthetic-v2.0.0,ALL_SYNTHETIC_CUSTOMERS,ALL_SYNTHETIC_PROGRAMS,CFG-RM-03,SYNTHETIC_INTERNAL,SNP-COOLIT-20260925-BL,SCN-BASELINE,BOMC-07-014,BOM-CFG-RM-03-A,P-FG-007,P-COMP-164,1,EA,30,OP-30,,0.02,2026-01-01,
TEN-COOLIT-SYN-001,SITE-COOLIT-SYN-01,ERP,BOM_COMPONENT,BOMC-07-015,BOMC-07-015,RESOLVED,2026-09-25T23:59:59-06:00,2026-09-26T08:00:00-06:00,2026-06-29T00:00:00-06:00,,1,,false,ACTIVE,EA,,VALID,CURRENT,coolit-synthetic-v2.0.0,ALL_SYNTHETIC_CUSTOMERS,ALL_SYNTHETIC_PROGRAMS,CFG-RM-03,SYNTHETIC_INTERNAL,SNP-COOLIT-20260925-BL,SCN-BASELINE,BOMC-07-015,BOM-CFG-RM-03-A,P-FG-007,P-COMP-171,1,EA,30,OP-30,,0,2026-01-01,
TEN-COOLIT-SYN-001,SITE-COOLIT-SYN-01,ERP,BOM_COMPONENT,BOMC-07-016,BOMC-07-016,RESOLVED,2026-09-25T23:59:59-06:00,2026-09-26T08:00:00-06:00,2026-06-29T00:00:00-06:00,,1,,false,ACTIVE,EA,,VALID,CURRENT,coolit-synthetic-v2.0.0,ALL_SYNTHETIC_CUSTOMERS,ALL_SYNTHETIC_PROGRAMS,CFG-RM-03,SYNTHETIC_INTERNAL,SNP-COOLIT-20260925-BL,SCN-BASELINE,BOMC-07-016,BOM-CFG-RM-03-A,P-FG-007,P-COMP-178,1,EA,40,OP-40,,0,2026-01-01,
TEN-COOLIT-SYN-001,SITE-COOLIT-SYN-01,ERP,BOM_COMPONENT,BOMC-07-017,BOMC-07-017,RESOLVED,2026-09-25T23:59:59-06:00,2026-09-26T08:00:00-06:00,2026-06-29T00:00:00-06:00,,1,,false,ACTIVE,EA,,VALID,CURRENT,coolit-synthetic-v2.0.0,ALL_SYNTHETIC_CUSTOMERS,ALL_SYNTHETIC_PROGRAMS,CFG-RM-03,SYNTHETIC_INTERNAL,SNP-COOLIT-20260925-BL,SCN-BASELINE,BOMC-07-017,BOM-CFG-RM-03-A,P-FG-007,P-COMP-185,1,EA,40,OP-40,,0,2026-01-01,
TEN-COOLIT-SYN-001,SITE-COOLIT-SYN-01,ERP,BOM_COMPONENT,BOMC-07-018,BOMC-07-018,RESOLVED,2026-09-25T23:59:59-06:00,2026-09-26T08:00:00-06:00,2026-06-29T00:00:00-06:00,,1,,false,ACTIVE,EA,,VALID,CURRENT,coolit-synthetic-v2.0.0,ALL_SYNTHETIC_CUSTOMERS,ALL_SYNTHETIC_PROGRAMS,CFG-RM-03,SYNTHETIC_INTERNAL,SNP-COOLIT-20260925-BL,SCN-BASELINE,BOMC-07-018,BOM-CFG-RM-03-A,P-FG-007,P-COMP-192,1,EA,40,OP-40,,0,2026-01-01,
TEN-COOLIT-SYN-001,SITE-COOLIT-SYN-01,ERP,BOM_COMPONENT,BOMC-07-019,BOMC-07-019,RESOLVED,2026-09-25T23:59:59-06:00,2026-09-26T08:00:00-06:00,2026-06-29T00:00:00-06:00,,1,,false,ACTIVE,EA,,VALID,CURRENT,coolit-synthetic-v2.0.0,ALL_SYNTHETIC_CUSTOMERS,ALL_SYNTHETIC_PROGRAMS,CFG-RM-03,SYNTHETIC_INTERNAL,SNP-COOLIT-20260925-BL,SCN-BASELINE,BOMC-07-019,BOM-CFG-RM-03-A,P-FG-007,P-COMP-199,2,EA,40,OP-40,,0,2026-01-01,
TEN-COOLIT-SYN-001,SITE-COOLIT-SYN-01,ERP,BOM_COMPONENT,BOMC-07-020,BOMC-07-020,RESOLVED,2026-09-25T23:59:59-06:00,2026-09-26T08:00:00-06:00,2026-06-29T00:00:00-06:00,,1,,false,ACTIVE,EA,,VALID,CURRENT,coolit-synthetic-v2.0.0,ALL_SYNTHETIC_CUSTOMERS,ALL_SYNTHETIC_PROGRAMS,CFG-RM-03,SYNTHETIC_INTERNAL,SNP-COOLIT-20260925-BL,SCN-BASELINE,BOMC-07-020,BOM-CFG-RM-03-A,P-FG-007,P-COMP-206,1,EA,40,OP-40,,0,2026-01-01,
TEN-COOLIT-SYN-001,SITE-COOLIT-SYN-01,ERP,BOM_COMPONENT,BOMC-07-021,BOMC-07-021,RESOLVED,2026-09-25T23:59:59-06:00,2026-09-26T08:00:00-06:00,2026-06-29T00:00:00-06:00,,1,,false,ACTIVE,EA,,VALID,CURRENT,coolit-synthetic-v2.0.0,ALL_SYNTHETIC_CUSTOMERS,ALL_SYNTHETIC_PROGRAMS,CFG-RM-03,SYNTHETIC_INTERNAL,SNP-COOLIT-20260925-BL,SCN-BASELINE,BOMC-07-021,BOM-CFG-RM-03-A,P-FG-007,P-QD-005,1,EA,50,OP-50,,0,2026-01-01,
TEN-COOLIT-SYN-001,SITE-COOLIT-SYN-01,ERP,BOM_COMPONENT,BOMC-07-022,BOMC-07-022,RESOLVED,2026-09-25T23:59:59-06:00,2026-09-26T08:00:00-06:00,2026-06-29T00:00:00-06:00,,1,,false,ACTIVE,EA,,VALID,CURRENT,coolit-synthetic-v2.0.0,ALL_SYNTHETIC_CUSTOMERS,ALL_SYNTHETIC_PROGRAMS,CFG-RM-03,SYNTHETIC_INTERNAL,SNP-COOLIT-20260925-BL,SCN-BASELINE,BOMC-07-022,BOM-CFG-RM-03-A,P-FG-007,P-PUMP-002,1,EA,50,OP-50,,0,2026-01-01,
TEN-COOLIT-SYN-001,SITE-COOLIT-SYN-01,ERP,BOM_COMPONENT,BOMC-07-023,BOMC-07-023,RESOLVED,2026-09-25T23:59:59-06:00,2026-09-26T08:00:00-06:00,2026-06-29T00:00:00-06:00,,1,,false,ACTIVE,EA,,VALID,CURRENT,coolit-synthetic-v2.0.0,ALL_SYNTHETIC_CUSTOMERS,ALL_SYNTHETIC_PROGRAMS,CFG-RM-03,SYNTHETIC_INTERNAL,SNP-COOLIT-20260925-BL,SCN-BASELINE,BOMC-07-023,BOM-CFG-RM-03-A,P-FG-007,P-HX-001,1,EA,50,OP-50,SUB-HEAT_EXCHANGER-2,0,2026-01-01,
TEN-COOLIT-SYN-001,SITE-COOLIT-SYN-01,ERP,BOM_COMPONENT,BOMC-07-024,BOMC-07-024,RESOLVED,2026-09-25T23:59:59-06:00,2026-09-26T08:00:00-06:00,2026-06-29T00:00:00-06:00,,1,,false,ACTIVE,EA,,VALID,CURRENT,coolit-synthetic-v2.0.0,ALL_SYNTHETIC_CUSTOMERS,ALL_SYNTHETIC_PROGRAMS,CFG-RM-03,SYNTHETIC_INTERNAL,SNP-COOLIT-20260925-BL,SCN-BASELINE,BOMC-07-024,BOM-CFG-RM-03-A,P-FG-007,P-CTRL-002,1,EA,50,OP-50,,0,2026-01-01,
TEN-COOLIT-SYN-001,SITE-COOLIT-SYN-01,ERP,BOM_COMPONENT,BOMC-07-025,BOMC-07-025,RESOLVED,2026-09-25T23:59:59-06:00,2026-09-26T08:00:00-06:00,2026-06-29T00:00:00-06:00,,1,,false,ACTIVE,EA,,VALID,CURRENT,coolit-synthetic-v2.0.0,ALL_SYNTHETIC_CUSTOMERS,ALL_SYNTHETIC_PROGRAMS,CFG-RM-03,SYNTHETIC_INTERNAL,SNP-COOLIT-20260925-BL,SCN-BASELINE,BOMC-07-025,BOM-CFG-RM-03-A,P-FG-007,P-COMP-003,1,EA,50,OP-50,,0,2026-01-01,
TEN-COOLIT-SYN-001,SITE-COOLIT-SYN-01,ERP,BOM_COMPONENT,BOMC-07-026,BOMC-07-026,RESOLVED,2026-09-25T23:59:59-06:00,2026-09-26T08:00:00-06:00,2026-06-29T00:00:00-06:00,,1,,false,ACTIVE,EA,,VALID,CURRENT,coolit-synthetic-v2.0.0,ALL_SYNTHETIC_CUSTOMERS,ALL_SYNTHETIC_PROGRAMS,CFG-RM-03,SYNTHETIC_INTERNAL,SNP-COOLIT-20260925-BL,SCN-BASELINE,BOMC-07-026,BOM-CFG-RM-03-A,P-FG-007,P-COMP-010,1,EA,60,OP-60,,0,2026-01-01,
TEN-COOLIT-SYN-001,SITE-COOLIT-SYN-01,ERP,BOM_COMPONENT,BOMC-07-027,BOMC-07-027,RESOLVED,2026-09-25T23:59:59-06:00,2026-09-26T08:00:00-06:00,2026-06-29T00:00:00-06:00,,1,,false,ACTIVE,EA,,VALID,CURRENT,coolit-synthetic-v2.0.0,ALL_SYNTHETIC_CUSTOMERS,ALL_SYNTHETIC_PROGRAMS,CFG-RM-03,SYNTHETIC_INTERNAL,SNP-COOLIT-20260925-BL,SCN-BASELINE,BOMC-07-027,BOM-CFG-RM-03-A,P-FG-007,P-COMP-017,1,EA,60,OP-60,,0.02,2026-01-01,
TEN-COOLIT-SYN-001,SITE-COOLIT-SYN-01,ERP,BOM_COMPONENT,BOMC-07-028,BOMC-07-028,RESOLVED,2026-09-25T23:59:59-06:00,2026-09-26T08:00:00-06:00,2026-06-29T00:00:00-06:00,,1,,false,ACTIVE,EA,,VALID,CURRENT,coolit-synthetic-v2.0.0,ALL_SYNTHETIC_CUSTOMERS,ALL_SYNTHETIC_PROGRAMS,CFG-RM-03,SYNTHETIC_INTERNAL,SNP-COOLIT-20260925-BL,SCN-BASELINE,BOMC-07-028,BOM-CFG-RM-03-A,P-FG-007,P-COMP-024,2,EA,60,OP-60,,0,2026-01-01,
TEN-COOLIT-SYN-001,SITE-COOLIT-SYN-01,ERP,BOM_COMPONENT,BOMC-07-029,BOMC-07-029,RESOLVED,2026-09-25T23:59:59-06:00,2026-09-26T08:00:00-06:00,2026-06-29T00:00:00-06:00,,1,,false,ACTIVE,EA,,VALID,CURRENT,coolit-synthetic-v2.0.0,ALL_SYNTHETIC_CUSTOMERS,ALL_SYNTHETIC_PROGRAMS,CFG-RM-03,SYNTHETIC_INTERNAL,SNP-COOLIT-20260925-BL,SCN-BASELINE,BOMC-07-029,BOM-CFG-RM-03-A,P-FG-007,P-COMP-031,1,EA,60,OP-60,,0,2026-01-01,
TEN-COOLIT-SYN-001,SITE-COOLIT-SYN-01,ERP,BOM_COMPONENT,BOMC-07-030,BOMC-07-030,RESOLVED,2026-09-25T23:59:59-06:00,2026-09-26T08:00:00-06:00,2026-06-29T00:00:00-06:00,,1,,false,ACTIVE,EA,,VALID,CURRENT,coolit-synthetic-v2.0.0,ALL_SYNTHETIC_CUSTOMERS,ALL_SYNTHETIC_PROGRAMS,CFG-RM-03,SYNTHETIC_INTERNAL,SNP-COOLIT-20260925-BL,SCN-BASELINE,BOMC-07-030,BOM-CFG-RM-03-A,P-FG-007,P-COMP-038,1,EA,60,OP-60,,0,2026-01-01,
TEN-COOLIT-SYN-001,SITE-COOLIT-SYN-01,ERP,BOM_COMPONENT,BOMC-08-001,BOMC-08-001,RESOLVED,2026-09-25T23:59:59-06:00,2026-09-26T08:00:00-06:00,2026-06-29T00:00:00-06:00,,1,,false,ACTIVE,EA,,VALID,CURRENT,coolit-synthetic-v2.0.0,ALL_SYNTHETIC_CUSTOMERS,ALL_SYNTHETIC_PROGRAMS,CFG-RM-04,SYNTHETIC_INTERNAL,SNP-COOLIT-20260925-BL,SCN-BASELINE,BOMC-08-001,BOM-CFG-RM-04-A,P-FG-008,P-COMP-090,2,EA,10,OP-10,SUB-PACKAGING-1,0.02,2026-01-01,
TEN-COOLIT-SYN-001,SITE-COOLIT-SYN-01,ERP,BOM_COMPONENT,BOMC-08-002,BOMC-08-002,RESOLVED,2026-09-25T23:59:59-06:00,2026-09-26T08:00:00-06:00,2026-06-29T00:00:00-06:00,,1,,false,ACTIVE,EA,,VALID,CURRENT,coolit-synthetic-v2.0.0,ALL_SYNTHETIC_CUSTOMERS,ALL_SYNTHETIC_PROGRAMS,CFG-RM-04,SYNTHETIC_INTERNAL,SNP-COOLIT-20260925-BL,SCN-BASELINE,BOMC-08-002,BOM-CFG-RM-04-A,P-FG-008,P-COMP-097,1,EA,10,OP-10,,0,2026-01-01,
TEN-COOLIT-SYN-001,SITE-COOLIT-SYN-01,ERP,BOM_COMPONENT,BOMC-08-003,BOMC-08-003,RESOLVED,2026-09-25T23:59:59-06:00,2026-09-26T08:00:00-06:00,2026-06-29T00:00:00-06:00,,1,,false,ACTIVE,EA,,VALID,CURRENT,coolit-synthetic-v2.0.0,ALL_SYNTHETIC_CUSTOMERS,ALL_SYNTHETIC_PROGRAMS,CFG-RM-04,SYNTHETIC_INTERNAL,SNP-COOLIT-20260925-BL,SCN-BASELINE,BOMC-08-003,BOM-CFG-RM-04-A,P-FG-008,P-COMP-104,1,EA,10,OP-10,,0,2026-01-01,
TEN-COOLIT-SYN-001,SITE-COOLIT-SYN-01,ERP,BOM_COMPONENT,BOMC-08-004,BOMC-08-004,RESOLVED,2026-09-25T23:59:59-06:00,2026-09-26T08:00:00-06:00,2026-06-29T00:00:00-06:00,,1,,false,ACTIVE,EA,,VALID,CURRENT,coolit-synthetic-v2.0.0,ALL_SYNTHETIC_CUSTOMERS,ALL_SYNTHETIC_PROGRAMS,CFG-RM-04,SYNTHETIC_INTERNAL,SNP-COOLIT-20260925-BL,SCN-BASELINE,BOMC-08-004,BOM-CFG-RM-04-A,P-FG-008,P-COMP-111,1,EA,10,OP-10,,0,2026-01-01,
TEN-COOLIT-SYN-001,SITE-COOLIT-SYN-01,ERP,BOM_COMPONENT,BOMC-08-005,BOMC-08-005,RESOLVED,2026-09-25T23:59:59-06:00,2026-09-26T08:00:00-06:00,2026-06-29T00:00:00-06:00,,1,,false,ACTIVE,EA,,VALID,CURRENT,coolit-synthetic-v2.0.0,ALL_SYNTHETIC_CUSTOMERS,ALL_SYNTHETIC_PROGRAMS,CFG-RM-04,SYNTHETIC_INTERNAL,SNP-COOLIT-20260925-BL,SCN-BASELINE,BOMC-08-005,BOM-CFG-RM-04-A,P-FG-008,P-COMP-118,1,EA,10,OP-10,,0,2026-01-01,
TEN-COOLIT-SYN-001,SITE-COOLIT-SYN-01,ERP,BOM_COMPONENT,BOMC-08-006,BOMC-08-006,RESOLVED,2026-09-25T23:59:59-06:00,2026-09-26T08:00:00-06:00,2026-06-29T00:00:00-06:00,,1,,false,ACTIVE,EA,,VALID,CURRENT,coolit-synthetic-v2.0.0,ALL_SYNTHETIC_CUSTOMERS,ALL_SYNTHETIC_PROGRAMS,CFG-RM-04,SYNTHETIC_INTERNAL,SNP-COOLIT-20260925-BL,SCN-BASELINE,BOMC-08-006,BOM-CFG-RM-04-A,P-FG-008,P-COMP-125,1,EA,20,OP-20,,0,2026-01-01,
TEN-COOLIT-SYN-001,SITE-COOLIT-SYN-01,ERP,BOM_COMPONENT,BOMC-08-007,BOMC-08-007,RESOLVED,2026-09-25T23:59:59-06:00,2026-09-26T08:00:00-06:00,2026-06-29T00:00:00-06:00,,1,,false,ACTIVE,EA,,VALID,CURRENT,coolit-synthetic-v2.0.0,ALL_SYNTHETIC_CUSTOMERS,ALL_SYNTHETIC_PROGRAMS,CFG-RM-04,SYNTHETIC_INTERNAL,SNP-COOLIT-20260925-BL,SCN-BASELINE,BOMC-08-007,BOM-CFG-RM-04-A,P-FG-008,P-COMP-132,1,EA,20,OP-20,,0,2026-01-01,
TEN-COOLIT-SYN-001,SITE-COOLIT-SYN-01,ERP,BOM_COMPONENT,BOMC-08-008,BOMC-08-008,RESOLVED,2026-09-25T23:59:59-06:00,2026-09-26T08:00:00-06:00,2026-06-29T00:00:00-06:00,,1,,false,ACTIVE,EA,,VALID,CURRENT,coolit-synthetic-v2.0.0,ALL_SYNTHETIC_CUSTOMERS,ALL_SYNTHETIC_PROGRAMS,CFG-RM-04,SYNTHETIC_INTERNAL,SNP-COOLIT-20260925-BL,SCN-BASELINE,BOMC-08-008,BOM-CFG-RM-04-A,P-FG-008,P-COMP-139,1,EA,20,OP-20,,0,2026-01-01,
TEN-COOLIT-SYN-001,SITE-COOLIT-SYN-01,ERP,BOM_COMPONENT,BOMC-08-009,BOMC-08-009,RESOLVED,2026-09-25T23:59:59-06:00,2026-09-26T08:00:00-06:00,2026-06-29T00:00:00-06:00,,1,,false,ACTIVE,EA,,VALID,CURRENT,coolit-synthetic-v2.0.0,ALL_SYNTHETIC_CUSTOMERS,ALL_SYNTHETIC_PROGRAMS,CFG-RM-04,SYNTHETIC_INTERNAL,SNP-COOLIT-20260925-BL,SCN-BASELINE,BOMC-08-009,BOM-CFG-RM-04-A,P-FG-008,P-COMP-146,1,EA,20,OP-20,,0,2026-01-01,
TEN-COOLIT-SYN-001,SITE-COOLIT-SYN-01,ERP,BOM_COMPONENT,BOMC-08-010,BOMC-08-010,RESOLVED,2026-09-25T23:59:59-06:00,2026-09-26T08:00:00-06:00,2026-06-29T00:00:00-06:00,,1,,false,ACTIVE,EA,,VALID,CURRENT,coolit-synthetic-v2.0.0,ALL_SYNTHETIC_CUSTOMERS,ALL_SYNTHETIC_PROGRAMS,CFG-RM-04,SYNTHETIC_INTERNAL,SNP-COOLIT-20260925-BL,SCN-BASELINE,BOMC-08-010,BOM-CFG-RM-04-A,P-FG-008,P-COMP-153,2,EA,20,OP-20,,0,2026-01-01,
TEN-COOLIT-SYN-001,SITE-COOLIT-SYN-01,ERP,BOM_COMPONENT,BOMC-08-011,BOMC-08-011,RESOLVED,2026-09-25T23:59:59-06:00,2026-09-26T08:00:00-06:00,2026-06-29T00:00:00-06:00,,1,,false,ACTIVE,EA,,VALID,CURRENT,coolit-synthetic-v2.0.0,ALL_SYNTHETIC_CUSTOMERS,ALL_SYNTHETIC_PROGRAMS,CFG-RM-04,SYNTHETIC_INTERNAL,SNP-COOLIT-20260925-BL,SCN-BASELINE,BOMC-08-011,BOM-CFG-RM-04-A,P-FG-008,P-COMP-160,1,EA,30,OP-30,,0,2026-01-01,
TEN-COOLIT-SYN-001,SITE-COOLIT-SYN-01,ERP,BOM_COMPONENT,BOMC-08-012,BOMC-08-012,RESOLVED,2026-09-25T23:59:59-06:00,2026-09-26T08:00:00-06:00,2026-06-29T00:00:00-06:00,,1,,false,ACTIVE,EA,,VALID,CURRENT,coolit-synthetic-v2.0.0,ALL_SYNTHETIC_CUSTOMERS,ALL_SYNTHETIC_PROGRAMS,CFG-RM-04,SYNTHETIC_INTERNAL,SNP-COOLIT-20260925-BL,SCN-BASELINE,BOMC-08-012,BOM-CFG-RM-04-A,P-FG-008,P-COMP-167,1,EA,30,OP-30,SUB-HARNESS-3,0,2026-01-01,
TEN-COOLIT-SYN-001,SITE-COOLIT-SYN-01,ERP,BOM_COMPONENT,BOMC-08-013,BOMC-08-013,RESOLVED,2026-09-25T23:59:59-06:00,2026-09-26T08:00:00-06:00,2026-06-29T00:00:00-06:00,,1,,false,ACTIVE,EA,,VALID,CURRENT,coolit-synthetic-v2.0.0,ALL_SYNTHETIC_CUSTOMERS,ALL_SYNTHETIC_PROGRAMS,CFG-RM-04,SYNTHETIC_INTERNAL,SNP-COOLIT-20260925-BL,SCN-BASELINE,BOMC-08-013,BOM-CFG-RM-04-A,P-FG-008,P-COMP-174,1,EA,30,OP-30,,0,2026-01-01,
TEN-COOLIT-SYN-001,SITE-COOLIT-SYN-01,ERP,BOM_COMPONENT,BOMC-08-014,BOMC-08-014,RESOLVED,2026-09-25T23:59:59-06:00,2026-09-26T08:00:00-06:00,2026-06-29T00:00:00-06:00,,1,,false,ACTIVE,EA,,VALID,CURRENT,coolit-synthetic-v2.0.0,ALL_SYNTHETIC_CUSTOMERS,ALL_SYNTHETIC_PROGRAMS,CFG-RM-04,SYNTHETIC_INTERNAL,SNP-COOLIT-20260925-BL,SCN-BASELINE,BOMC-08-014,BOM-CFG-RM-04-A,P-FG-008,P-COMP-181,1,EA,30,OP-30,,0.02,2026-01-01,
TEN-COOLIT-SYN-001,SITE-COOLIT-SYN-01,ERP,BOM_COMPONENT,BOMC-08-015,BOMC-08-015,RESOLVED,2026-09-25T23:59:59-06:00,2026-09-26T08:00:00-06:00,2026-06-29T00:00:00-06:00,,1,,false,ACTIVE,EA,,VALID,CURRENT,coolit-synthetic-v2.0.0,ALL_SYNTHETIC_CUSTOMERS,ALL_SYNTHETIC_PROGRAMS,CFG-RM-04,SYNTHETIC_INTERNAL,SNP-COOLIT-20260925-BL,SCN-BASELINE,BOMC-08-015,BOM-CFG-RM-04-A,P-FG-008,P-COMP-188,1,EA,30,OP-30,,0,2026-01-01,
TEN-COOLIT-SYN-001,SITE-COOLIT-SYN-01,ERP,BOM_COMPONENT,BOMC-08-016,BOMC-08-016,RESOLVED,2026-09-25T23:59:59-06:00,2026-09-26T08:00:00-06:00,2026-06-29T00:00:00-06:00,,1,,false,ACTIVE,EA,,VALID,CURRENT,coolit-synthetic-v2.0.0,ALL_SYNTHETIC_CUSTOMERS,ALL_SYNTHETIC_PROGRAMS,CFG-RM-04,SYNTHETIC_INTERNAL,SNP-COOLIT-20260925-BL,SCN-BASELINE,BOMC-08-016,BOM-CFG-RM-04-A,P-FG-008,P-COMP-195,1,EA,40,OP-40,,0,2026-01-01,
TEN-COOLIT-SYN-001,SITE-COOLIT-SYN-01,ERP,BOM_COMPONENT,BOMC-08-017,BOMC-08-017,RESOLVED,2026-09-25T23:59:59-06:00,2026-09-26T08:00:00-06:00,2026-06-29T00:00:00-06:00,,1,,false,ACTIVE,EA,,VALID,CURRENT,coolit-synthetic-v2.0.0,ALL_SYNTHETIC_CUSTOMERS,ALL_SYNTHETIC_PROGRAMS,CFG-RM-04,SYNTHETIC_INTERNAL,SNP-COOLIT-20260925-BL,SCN-BASELINE,BOMC-08-017,BOM-CFG-RM-04-A,P-FG-008,P-COMP-202,1,EA,40,OP-40,,0,2026-01-01,
TEN-COOLIT-SYN-001,SITE-COOLIT-SYN-01,ERP,BOM_COMPONENT,BOMC-08-018,BOMC-08-018,RESOLVED,2026-09-25T23:59:59-06:00,2026-09-26T08:00:00-06:00,2026-06-29T00:00:00-06:00,,1,,false,ACTIVE,EA,,VALID,CURRENT,coolit-synthetic-v2.0.0,ALL_SYNTHETIC_CUSTOMERS,ALL_SYNTHETIC_PROGRAMS,CFG-RM-04,SYNTHETIC_INTERNAL,SNP-COOLIT-20260925-BL,SCN-BASELINE,BOMC-08-018,BOM-CFG-RM-04-A,P-FG-008,P-QD-001,1,EA,40,OP-40,,0,2026-01-01,
TEN-COOLIT-SYN-001,SITE-COOLIT-SYN-01,ERP,BOM_COMPONENT,BOMC-08-019,BOMC-08-019,RESOLVED,2026-09-25T23:59:59-06:00,2026-09-26T08:00:00-06:00,2026-06-29T00:00:00-06:00,,1,,false,ACTIVE,EA,,VALID,CURRENT,coolit-synthetic-v2.0.0,ALL_SYNTHETIC_CUSTOMERS,ALL_SYNTHETIC_PROGRAMS,CFG-RM-04,SYNTHETIC_INTERNAL,SNP-COOLIT-20260925-BL,SCN-BASELINE,BOMC-08-019,BOM-CFG-RM-04-A,P-FG-008,P-QD-008,2,EA,40,OP-40,,0,2026-01-01,
TEN-COOLIT-SYN-001,SITE-COOLIT-SYN-01,ERP,BOM_COMPONENT,BOMC-08-020,BOMC-08-020,RESOLVED,2026-09-25T23:59:59-06:00,2026-09-26T08:00:00-06:00,2026-06-29T00:00:00-06:00,,1,,false,ACTIVE,EA,,VALID,CURRENT,coolit-synthetic-v2.0.0,ALL_SYNTHETIC_CUSTOMERS,ALL_SYNTHETIC_PROGRAMS,CFG-RM-04,SYNTHETIC_INTERNAL,SNP-COOLIT-20260925-BL,SCN-BASELINE,BOMC-08-020,BOM-CFG-RM-04-A,P-FG-008,P-PUMP-005,1,EA,40,OP-40,,0,2026-01-01,
TEN-COOLIT-SYN-001,SITE-COOLIT-SYN-01,ERP,BOM_COMPONENT,BOMC-08-021,BOMC-08-021,RESOLVED,2026-09-25T23:59:59-06:00,2026-09-26T08:00:00-06:00,2026-06-29T00:00:00-06:00,,1,,false,ACTIVE,EA,,VALID,CURRENT,coolit-synthetic-v2.0.0,ALL_SYNTHETIC_CUSTOMERS,ALL_SYNTHETIC_PROGRAMS,CFG-RM-04,SYNTHETIC_INTERNAL,SNP-COOLIT-20260925-BL,SCN-BASELINE,BOMC-08-021,BOM-CFG-RM-04-A,P-FG-008,P-HX-004,1,EA,50,OP-50,,0,2026-01-01,
TEN-COOLIT-SYN-001,SITE-COOLIT-SYN-01,ERP,BOM_COMPONENT,BOMC-08-022,BOMC-08-022,RESOLVED,2026-09-25T23:59:59-06:00,2026-09-26T08:00:00-06:00,2026-06-29T00:00:00-06:00,,1,,false,ACTIVE,EA,,VALID,CURRENT,coolit-synthetic-v2.0.0,ALL_SYNTHETIC_CUSTOMERS,ALL_SYNTHETIC_PROGRAMS,CFG-RM-04,SYNTHETIC_INTERNAL,SNP-COOLIT-20260925-BL,SCN-BASELINE,BOMC-08-022,BOM-CFG-RM-04-A,P-FG-008,P-CTRL-005,1,EA,50,OP-50,,0,2026-01-01,
TEN-COOLIT-SYN-001,SITE-COOLIT-SYN-01,ERP,BOM_COMPONENT,BOMC-08-023,BOMC-08-023,RESOLVED,2026-09-25T23:59:59-06:00,2026-09-26T08:00:00-06:00,2026-06-29T00:00:00-06:00,,1,,false,ACTIVE,EA,,VALID,CURRENT,coolit-synthetic-v2.0.0,ALL_SYNTHETIC_CUSTOMERS,ALL_SYNTHETIC_PROGRAMS,CFG-RM-04,SYNTHETIC_INTERNAL,SNP-COOLIT-20260925-BL,SCN-BASELINE,BOMC-08-023,BOM-CFG-RM-04-A,P-FG-008,P-COMP-006,1,EA,50,OP-50,SUB-FRAME-2,0,2026-01-01,
TEN-COOLIT-SYN-001,SITE-COOLIT-SYN-01,ERP,BOM_COMPONENT,BOMC-08-024,BOMC-08-024,RESOLVED,2026-09-25T23:59:59-06:00,2026-09-26T08:00:00-06:00,2026-06-29T00:00:00-06:00,,1,,false,ACTIVE,EA,,VALID,CURRENT,coolit-synthetic-v2.0.0,ALL_SYNTHETIC_CUSTOMERS,ALL_SYNTHETIC_PROGRAMS,CFG-RM-04,SYNTHETIC_INTERNAL,SNP-COOLIT-20260925-BL,SCN-BASELINE,BOMC-08-024,BOM-CFG-RM-04-A,P-FG-008,P-COMP-013,1,EA,50,OP-50,,0,2026-01-01,
TEN-COOLIT-SYN-001,SITE-COOLIT-SYN-01,ERP,BOM_COMPONENT,BOMC-08-025,BOMC-08-025,RESOLVED,2026-09-25T23:59:59-06:00,2026-09-26T08:00:00-06:00,2026-06-29T00:00:00-06:00,,1,,false,ACTIVE,EA,,VALID,CURRENT,coolit-synthetic-v2.0.0,ALL_SYNTHETIC_CUSTOMERS,ALL_SYNTHETIC_PROGRAMS,CFG-RM-04,SYNTHETIC_INTERNAL,SNP-COOLIT-20260925-BL,SCN-BASELINE,BOMC-08-025,BOM-CFG-RM-04-A,P-FG-008,P-COMP-020,1,EA,50,OP-50,,0,2026-01-01,
TEN-COOLIT-SYN-001,SITE-COOLIT-SYN-01,ERP,BOM_COMPONENT,BOMC-08-026,BOMC-08-026,RESOLVED,2026-09-25T23:59:59-06:00,2026-09-26T08:00:00-06:00,2026-06-29T00:00:00-06:00,,1,,false,ACTIVE,EA,,VALID,CURRENT,coolit-synthetic-v2.0.0,ALL_SYNTHETIC_CUSTOMERS,ALL_SYNTHETIC_PROGRAMS,CFG-RM-04,SYNTHETIC_INTERNAL,SNP-COOLIT-20260925-BL,SCN-BASELINE,BOMC-08-026,BOM-CFG-RM-04-A,P-FG-008,P-COMP-027,1,EA,60,OP-60,,0,2026-01-01,
TEN-COOLIT-SYN-001,SITE-COOLIT-SYN-01,ERP,BOM_COMPONENT,BOMC-08-027,BOMC-08-027,RESOLVED,2026-09-25T23:59:59-06:00,2026-09-26T08:00:00-06:00,2026-06-29T00:00:00-06:00,,1,,false,ACTIVE,EA,,VALID,CURRENT,coolit-synthetic-v2.0.0,ALL_SYNTHETIC_CUSTOMERS,ALL_SYNTHETIC_PROGRAMS,CFG-RM-04,SYNTHETIC_INTERNAL,SNP-COOLIT-20260925-BL,SCN-BASELINE,BOMC-08-027,BOM-CFG-RM-04-A,P-FG-008,P-COMP-034,1,EA,60,OP-60,,0.02,2026-01-01,
TEN-COOLIT-SYN-001,SITE-COOLIT-SYN-01,ERP,BOM_COMPONENT,BOMC-08-028,BOMC-08-028,RESOLVED,2026-09-25T23:59:59-06:00,2026-09-26T08:00:00-06:00,2026-06-29T00:00:00-06:00,,1,,false,ACTIVE,EA,,VALID,CURRENT,coolit-synthetic-v2.0.0,ALL_SYNTHETIC_CUSTOMERS,ALL_SYNTHETIC_PROGRAMS,CFG-RM-04,SYNTHETIC_INTERNAL,SNP-COOLIT-20260925-BL,SCN-BASELINE,BOMC-08-028,BOM-CFG-RM-04-A,P-FG-008,P-COMP-041,2,EA,60,OP-60,,0,2026-01-01,
TEN-COOLIT-SYN-001,SITE-COOLIT-SYN-01,ERP,BOM_COMPONENT,BOMC-08-029,BOMC-08-029,RESOLVED,2026-09-25T23:59:59-06:00,2026-09-26T08:00:00-06:00,2026-06-29T00:00:00-06:00,,1,,false,ACTIVE,EA,,VALID,CURRENT,coolit-synthetic-v2.0.0,ALL_SYNTHETIC_CUSTOMERS,ALL_SYNTHETIC_PROGRAMS,CFG-RM-04,SYNTHETIC_INTERNAL,SNP-COOLIT-20260925-BL,SCN-BASELINE,BOMC-08-029,BOM-CFG-RM-04-A,P-FG-008,P-COMP-048,1,EA,60,OP-60,,0,2026-01-01,
TEN-COOLIT-SYN-001,SITE-COOLIT-SYN-01,ERP,BOM_COMPONENT,BOMC-08-030,BOMC-08-030,RESOLVED,2026-09-25T23:59:59-06:00,2026-09-26T08:00:00-06:00,2026-06-29T00:00:00-06:00,,1,,false,ACTIVE,EA,,VALID,CURRENT,coolit-synthetic-v2.0.0,ALL_SYNTHETIC_CUSTOMERS,ALL_SYNTHETIC_PROGRAMS,CFG-RM-04,SYNTHETIC_INTERNAL,SNP-COOLIT-20260925-BL,SCN-BASELINE,BOMC-08-030,BOM-CFG-RM-04-A,P-FG-008,P-COMP-055,1,EA,60,OP-60,,0,2026-01-01,
TEN-COOLIT-SYN-001,SITE-COOLIT-SYN-01,ERP,BOM_COMPONENT,BOMC-09-001,BOMC-09-001,RESOLVED,2026-09-25T23:59:59-06:00,2026-09-26T08:00:00-06:00,2026-06-29T00:00:00-06:00,,1,,false,ACTIVE,EA,,VALID,CURRENT,coolit-synthetic-v2.0.0,ALL_SYNTHETIC_CUSTOMERS,ALL_SYNTHETIC_PROGRAMS,CFG-CDU-01,SYNTHETIC_INTERNAL,SNP-COOLIT-20260925-BL,SCN-BASELINE,BOMC-09-001,BOM-CFG-CDU-01-A,P-FG-009,P-COMP-107,2,EA,10,OP-10,SUB-HARNESS-1,0.02,2026-01-01,
TEN-COOLIT-SYN-001,SITE-COOLIT-SYN-01,ERP,BOM_COMPONENT,BOMC-09-002,BOMC-09-002,RESOLVED,2026-09-25T23:59:59-06:00,2026-09-26T08:00:00-06:00,2026-06-29T00:00:00-06:00,,1,,false,ACTIVE,EA,,VALID,CURRENT,coolit-synthetic-v2.0.0,ALL_SYNTHETIC_CUSTOMERS,ALL_SYNTHETIC_PROGRAMS,CFG-CDU-01,SYNTHETIC_INTERNAL,SNP-COOLIT-20260925-BL,SCN-BASELINE,BOMC-09-002,BOM-CFG-CDU-01-A,P-FG-009,P-COMP-114,1,EA,10,OP-10,,0,2026-01-01,
TEN-COOLIT-SYN-001,SITE-COOLIT-SYN-01,ERP,BOM_COMPONENT,BOMC-09-003,BOMC-09-003,RESOLVED,2026-09-25T23:59:59-06:00,2026-09-26T08:00:00-06:00,2026-06-29T00:00:00-06:00,,1,,false,ACTIVE,EA,,VALID,CURRENT,coolit-synthetic-v2.0.0,ALL_SYNTHETIC_CUSTOMERS,ALL_SYNTHETIC_PROGRAMS,CFG-CDU-01,SYNTHETIC_INTERNAL,SNP-COOLIT-20260925-BL,SCN-BASELINE,BOMC-09-003,BOM-CFG-CDU-01-A,P-FG-009,P-COMP-121,1,EA,10,OP-10,,0,2026-01-01,
TEN-COOLIT-SYN-001,SITE-COOLIT-SYN-01,ERP,BOM_COMPONENT,BOMC-09-004,BOMC-09-004,RESOLVED,2026-09-25T23:59:59-06:00,2026-09-26T08:00:00-06:00,2026-06-29T00:00:00-06:00,,1,,false,ACTIVE,EA,,VALID,CURRENT,coolit-synthetic-v2.0.0,ALL_SYNTHETIC_CUSTOMERS,ALL_SYNTHETIC_PROGRAMS,CFG-CDU-01,SYNTHETIC_INTERNAL,SNP-COOLIT-20260925-BL,SCN-BASELINE,BOMC-09-004,BOM-CFG-CDU-01-A,P-FG-009,P-COMP-128,1,EA,10,OP-10,,0,2026-01-01,
TEN-COOLIT-SYN-001,SITE-COOLIT-SYN-01,ERP,BOM_COMPONENT,BOMC-09-005,BOMC-09-005,RESOLVED,2026-09-25T23:59:59-06:00,2026-09-26T08:00:00-06:00,2026-06-29T00:00:00-06:00,,1,,false,ACTIVE,EA,,VALID,CURRENT,coolit-synthetic-v2.0.0,ALL_SYNTHETIC_CUSTOMERS,ALL_SYNTHETIC_PROGRAMS,CFG-CDU-01,SYNTHETIC_INTERNAL,SNP-COOLIT-20260925-BL,SCN-BASELINE,BOMC-09-005,BOM-CFG-CDU-01-A,P-FG-009,P-COMP-135,1,EA,10,OP-10,,0,2026-01-01,
TEN-COOLIT-SYN-001,SITE-COOLIT-SYN-01,ERP,BOM_COMPONENT,BOMC-09-006,BOMC-09-006,RESOLVED,2026-09-25T23:59:59-06:00,2026-09-26T08:00:00-06:00,2026-06-29T00:00:00-06:00,,1,,false,ACTIVE,EA,,VALID,CURRENT,coolit-synthetic-v2.0.0,ALL_SYNTHETIC_CUSTOMERS,ALL_SYNTHETIC_PROGRAMS,CFG-CDU-01,SYNTHETIC_INTERNAL,SNP-COOLIT-20260925-BL,SCN-BASELINE,BOMC-09-006,BOM-CFG-CDU-01-A,P-FG-009,P-COMP-142,1,EA,20,OP-20,,0,2026-01-01,
TEN-COOLIT-SYN-001,SITE-COOLIT-SYN-01,ERP,BOM_COMPONENT,BOMC-09-007,BOMC-09-007,RESOLVED,2026-09-25T23:59:59-06:00,2026-09-26T08:00:00-06:00,2026-06-29T00:00:00-06:00,,1,,false,ACTIVE,EA,,VALID,CURRENT,coolit-synthetic-v2.0.0,ALL_SYNTHETIC_CUSTOMERS,ALL_SYNTHETIC_PROGRAMS,CFG-CDU-01,SYNTHETIC_INTERNAL,SNP-COOLIT-20260925-BL,SCN-BASELINE,BOMC-09-007,BOM-CFG-CDU-01-A,P-FG-009,P-COMP-149,1,EA,20,OP-20,,0,2026-01-01,
TEN-COOLIT-SYN-001,SITE-COOLIT-SYN-01,ERP,BOM_COMPONENT,BOMC-09-008,BOMC-09-008,RESOLVED,2026-09-25T23:59:59-06:00,2026-09-26T08:00:00-06:00,2026-06-29T00:00:00-06:00,,1,,false,ACTIVE,EA,,VALID,CURRENT,coolit-synthetic-v2.0.0,ALL_SYNTHETIC_CUSTOMERS,ALL_SYNTHETIC_PROGRAMS,CFG-CDU-01,SYNTHETIC_INTERNAL,SNP-COOLIT-20260925-BL,SCN-BASELINE,BOMC-09-008,BOM-CFG-CDU-01-A,P-FG-009,P-COMP-156,1,EA,20,OP-20,,0,2026-01-01,
TEN-COOLIT-SYN-001,SITE-COOLIT-SYN-01,ERP,BOM_COMPONENT,BOMC-09-009,BOMC-09-009,RESOLVED,2026-09-25T23:59:59-06:00,2026-09-26T08:00:00-06:00,2026-06-29T00:00:00-06:00,,1,,false,ACTIVE,EA,,VALID,CURRENT,coolit-synthetic-v2.0.0,ALL_SYNTHETIC_CUSTOMERS,ALL_SYNTHETIC_PROGRAMS,CFG-CDU-01,SYNTHETIC_INTERNAL,SNP-COOLIT-20260925-BL,SCN-BASELINE,BOMC-09-009,BOM-CFG-CDU-01-A,P-FG-009,P-COMP-163,1,EA,20,OP-20,,0,2026-01-01,
TEN-COOLIT-SYN-001,SITE-COOLIT-SYN-01,ERP,BOM_COMPONENT,BOMC-09-010,BOMC-09-010,RESOLVED,2026-09-25T23:59:59-06:00,2026-09-26T08:00:00-06:00,2026-06-29T00:00:00-06:00,,1,,false,ACTIVE,EA,,VALID,CURRENT,coolit-synthetic-v2.0.0,ALL_SYNTHETIC_CUSTOMERS,ALL_SYNTHETIC_PROGRAMS,CFG-CDU-01,SYNTHETIC_INTERNAL,SNP-COOLIT-20260925-BL,SCN-BASELINE,BOMC-09-010,BOM-CFG-CDU-01-A,P-FG-009,P-COMP-170,2,EA,20,OP-20,,0,2026-01-01,
TEN-COOLIT-SYN-001,SITE-COOLIT-SYN-01,ERP,BOM_COMPONENT,BOMC-09-011,BOMC-09-011,RESOLVED,2026-09-25T23:59:59-06:00,2026-09-26T08:00:00-06:00,2026-06-29T00:00:00-06:00,,1,,false,ACTIVE,EA,,VALID,CURRENT,coolit-synthetic-v2.0.0,ALL_SYNTHETIC_CUSTOMERS,ALL_SYNTHETIC_PROGRAMS,CFG-CDU-01,SYNTHETIC_INTERNAL,SNP-COOLIT-20260925-BL,SCN-BASELINE,BOMC-09-011,BOM-CFG-CDU-01-A,P-FG-009,P-COMP-177,1,EA,30,OP-30,,0,2026-01-01,
TEN-COOLIT-SYN-001,SITE-COOLIT-SYN-01,ERP,BOM_COMPONENT,BOMC-09-012,BOMC-09-012,RESOLVED,2026-09-25T23:59:59-06:00,2026-09-26T08:00:00-06:00,2026-06-29T00:00:00-06:00,,1,,false,ACTIVE,EA,,VALID,CURRENT,coolit-synthetic-v2.0.0,ALL_SYNTHETIC_CUSTOMERS,ALL_SYNTHETIC_PROGRAMS,CFG-CDU-01,SYNTHETIC_INTERNAL,SNP-COOLIT-20260925-BL,SCN-BASELINE,BOMC-09-012,BOM-CFG-CDU-01-A,P-FG-009,P-COMP-184,1,EA,30,OP-30,SUB-COLDPLATE_BLANK-3,0,2026-01-01,
TEN-COOLIT-SYN-001,SITE-COOLIT-SYN-01,ERP,BOM_COMPONENT,BOMC-09-013,BOMC-09-013,RESOLVED,2026-09-25T23:59:59-06:00,2026-09-26T08:00:00-06:00,2026-06-29T00:00:00-06:00,,1,,false,ACTIVE,EA,,VALID,CURRENT,coolit-synthetic-v2.0.0,ALL_SYNTHETIC_CUSTOMERS,ALL_SYNTHETIC_PROGRAMS,CFG-CDU-01,SYNTHETIC_INTERNAL,SNP-COOLIT-20260925-BL,SCN-BASELINE,BOMC-09-013,BOM-CFG-CDU-01-A,P-FG-009,P-COMP-191,1,EA,30,OP-30,,0,2026-01-01,
TEN-COOLIT-SYN-001,SITE-COOLIT-SYN-01,ERP,BOM_COMPONENT,BOMC-09-014,BOMC-09-014,RESOLVED,2026-09-25T23:59:59-06:00,2026-09-26T08:00:00-06:00,2026-06-29T00:00:00-06:00,,1,,false,ACTIVE,EA,,VALID,CURRENT,coolit-synthetic-v2.0.0,ALL_SYNTHETIC_CUSTOMERS,ALL_SYNTHETIC_PROGRAMS,CFG-CDU-01,SYNTHETIC_INTERNAL,SNP-COOLIT-20260925-BL,SCN-BASELINE,BOMC-09-014,BOM-CFG-CDU-01-A,P-FG-009,P-COMP-198,1,EA,30,OP-30,,0.02,2026-01-01,
TEN-COOLIT-SYN-001,SITE-COOLIT-SYN-01,ERP,BOM_COMPONENT,BOMC-09-015,BOMC-09-015,RESOLVED,2026-09-25T23:59:59-06:00,2026-09-26T08:00:00-06:00,2026-06-29T00:00:00-06:00,,1,,false,ACTIVE,EA,,VALID,CURRENT,coolit-synthetic-v2.0.0,ALL_SYNTHETIC_CUSTOMERS,ALL_SYNTHETIC_PROGRAMS,CFG-CDU-01,SYNTHETIC_INTERNAL,SNP-COOLIT-20260925-BL,SCN-BASELINE,BOMC-09-015,BOM-CFG-CDU-01-A,P-FG-009,P-COMP-205,1,EA,30,OP-30,,0,2026-01-01,
TEN-COOLIT-SYN-001,SITE-COOLIT-SYN-01,ERP,BOM_COMPONENT,BOMC-09-016,BOMC-09-016,RESOLVED,2026-09-25T23:59:59-06:00,2026-09-26T08:00:00-06:00,2026-06-29T00:00:00-06:00,,1,,false,ACTIVE,EA,,VALID,CURRENT,coolit-synthetic-v2.0.0,ALL_SYNTHETIC_CUSTOMERS,ALL_SYNTHETIC_PROGRAMS,CFG-CDU-01,SYNTHETIC_INTERNAL,SNP-COOLIT-20260925-BL,SCN-BASELINE,BOMC-09-016,BOM-CFG-CDU-01-A,P-FG-009,P-QD-004,1,EA,40,OP-40,,0,2026-01-01,
TEN-COOLIT-SYN-001,SITE-COOLIT-SYN-01,ERP,BOM_COMPONENT,BOMC-09-017,BOMC-09-017,RESOLVED,2026-09-25T23:59:59-06:00,2026-09-26T08:00:00-06:00,2026-06-29T00:00:00-06:00,,1,,false,ACTIVE,EA,,VALID,CURRENT,coolit-synthetic-v2.0.0,ALL_SYNTHETIC_CUSTOMERS,ALL_SYNTHETIC_PROGRAMS,CFG-CDU-01,SYNTHETIC_INTERNAL,SNP-COOLIT-20260925-BL,SCN-BASELINE,BOMC-09-017,BOM-CFG-CDU-01-A,P-FG-009,P-PUMP-001,1,EA,40,OP-40,,0,2026-01-01,
TEN-COOLIT-SYN-001,SITE-COOLIT-SYN-01,ERP,BOM_COMPONENT,BOMC-09-018,BOMC-09-018,RESOLVED,2026-09-25T23:59:59-06:00,2026-09-26T08:00:00-06:00,2026-06-29T00:00:00-06:00,,1,,false,ACTIVE,EA,,VALID,CURRENT,coolit-synthetic-v2.0.0,ALL_SYNTHETIC_CUSTOMERS,ALL_SYNTHETIC_PROGRAMS,CFG-CDU-01,SYNTHETIC_INTERNAL,SNP-COOLIT-20260925-BL,SCN-BASELINE,BOMC-09-018,BOM-CFG-CDU-01-A,P-FG-009,P-PUMP-008,1,EA,40,OP-40,,0,2026-01-01,
TEN-COOLIT-SYN-001,SITE-COOLIT-SYN-01,ERP,BOM_COMPONENT,BOMC-09-019,BOMC-09-019,RESOLVED,2026-09-25T23:59:59-06:00,2026-09-26T08:00:00-06:00,2026-06-29T00:00:00-06:00,,1,,false,ACTIVE,EA,,VALID,CURRENT,coolit-synthetic-v2.0.0,ALL_SYNTHETIC_CUSTOMERS,ALL_SYNTHETIC_PROGRAMS,CFG-CDU-01,SYNTHETIC_INTERNAL,SNP-COOLIT-20260925-BL,SCN-BASELINE,BOMC-09-019,BOM-CFG-CDU-01-A,P-FG-009,P-CTRL-001,2,EA,40,OP-40,,0,2026-01-01,
TEN-COOLIT-SYN-001,SITE-COOLIT-SYN-01,ERP,BOM_COMPONENT,BOMC-09-020,BOMC-09-020,RESOLVED,2026-09-25T23:59:59-06:00,2026-09-26T08:00:00-06:00,2026-06-29T00:00:00-06:00,,1,,false,ACTIVE,EA,,VALID,CURRENT,coolit-synthetic-v2.0.0,ALL_SYNTHETIC_CUSTOMERS,ALL_SYNTHETIC_PROGRAMS,CFG-CDU-01,SYNTHETIC_INTERNAL,SNP-COOLIT-20260925-BL,SCN-BASELINE,BOMC-09-020,BOM-CFG-CDU-01-A,P-FG-009,P-COMP-002,1,EA,40,OP-40,,0,2026-01-01,
TEN-COOLIT-SYN-001,SITE-COOLIT-SYN-01,ERP,BOM_COMPONENT,BOMC-09-021,BOMC-09-021,RESOLVED,2026-09-25T23:59:59-06:00,2026-09-26T08:00:00-06:00,2026-06-29T00:00:00-06:00,,1,,false,ACTIVE,EA,,VALID,CURRENT,coolit-synthetic-v2.0.0,ALL_SYNTHETIC_CUSTOMERS,ALL_SYNTHETIC_PROGRAMS,CFG-CDU-01,SYNTHETIC_INTERNAL,SNP-COOLIT-20260925-BL,SCN-BASELINE,BOMC-09-021,BOM-CFG-CDU-01-A,P-FG-009,P-COMP-009,1,EA,50,OP-50,,0,2026-01-01,
TEN-COOLIT-SYN-001,SITE-COOLIT-SYN-01,ERP,BOM_COMPONENT,BOMC-09-022,BOMC-09-022,RESOLVED,2026-09-25T23:59:59-06:00,2026-09-26T08:00:00-06:00,2026-06-29T00:00:00-06:00,,1,,false,ACTIVE,EA,,VALID,CURRENT,coolit-synthetic-v2.0.0,ALL_SYNTHETIC_CUSTOMERS,ALL_SYNTHETIC_PROGRAMS,CFG-CDU-01,SYNTHETIC_INTERNAL,SNP-COOLIT-20260925-BL,SCN-BASELINE,BOMC-09-022,BOM-CFG-CDU-01-A,P-FG-009,P-COMP-016,1,EA,50,OP-50,,0,2026-01-01,
TEN-COOLIT-SYN-001,SITE-COOLIT-SYN-01,ERP,BOM_COMPONENT,BOMC-09-023,BOMC-09-023,RESOLVED,2026-09-25T23:59:59-06:00,2026-09-26T08:00:00-06:00,2026-06-29T00:00:00-06:00,,1,,false,ACTIVE,EA,,VALID,CURRENT,coolit-synthetic-v2.0.0,ALL_SYNTHETIC_CUSTOMERS,ALL_SYNTHETIC_PROGRAMS,CFG-CDU-01,SYNTHETIC_INTERNAL,SNP-COOLIT-20260925-BL,SCN-BASELINE,BOMC-09-023,BOM-CFG-CDU-01-A,P-FG-009,P-COMP-023,1,EA,50,OP-50,SUB-SENSOR-2,0,2026-01-01,
TEN-COOLIT-SYN-001,SITE-COOLIT-SYN-01,ERP,BOM_COMPONENT,BOMC-09-024,BOMC-09-024,RESOLVED,2026-09-25T23:59:59-06:00,2026-09-26T08:00:00-06:00,2026-06-29T00:00:00-06:00,,1,,false,ACTIVE,EA,,VALID,CURRENT,coolit-synthetic-v2.0.0,ALL_SYNTHETIC_CUSTOMERS,ALL_SYNTHETIC_PROGRAMS,CFG-CDU-01,SYNTHETIC_INTERNAL,SNP-COOLIT-20260925-BL,SCN-BASELINE,BOMC-09-024,BOM-CFG-CDU-01-A,P-FG-009,P-COMP-030,1,EA,50,OP-50,,0,2026-01-01,
TEN-COOLIT-SYN-001,SITE-COOLIT-SYN-01,ERP,BOM_COMPONENT,BOMC-09-025,BOMC-09-025,RESOLVED,2026-09-25T23:59:59-06:00,2026-09-26T08:00:00-06:00,2026-06-29T00:00:00-06:00,,1,,false,ACTIVE,EA,,VALID,CURRENT,coolit-synthetic-v2.0.0,ALL_SYNTHETIC_CUSTOMERS,ALL_SYNTHETIC_PROGRAMS,CFG-CDU-01,SYNTHETIC_INTERNAL,SNP-COOLIT-20260925-BL,SCN-BASELINE,BOMC-09-025,BOM-CFG-CDU-01-A,P-FG-009,P-COMP-037,1,EA,50,OP-50,,0,2026-01-01,
TEN-COOLIT-SYN-001,SITE-COOLIT-SYN-01,ERP,BOM_COMPONENT,BOMC-09-026,BOMC-09-026,RESOLVED,2026-09-25T23:59:59-06:00,2026-09-26T08:00:00-06:00,2026-06-29T00:00:00-06:00,,1,,false,ACTIVE,EA,,VALID,CURRENT,coolit-synthetic-v2.0.0,ALL_SYNTHETIC_CUSTOMERS,ALL_SYNTHETIC_PROGRAMS,CFG-CDU-01,SYNTHETIC_INTERNAL,SNP-COOLIT-20260925-BL,SCN-BASELINE,BOMC-09-026,BOM-CFG-CDU-01-A,P-FG-009,P-COMP-044,1,EA,60,OP-60,,0,2026-01-01,
TEN-COOLIT-SYN-001,SITE-COOLIT-SYN-01,ERP,BOM_COMPONENT,BOMC-09-027,BOMC-09-027,RESOLVED,2026-09-25T23:59:59-06:00,2026-09-26T08:00:00-06:00,2026-06-29T00:00:00-06:00,,1,,false,ACTIVE,EA,,VALID,CURRENT,coolit-synthetic-v2.0.0,ALL_SYNTHETIC_CUSTOMERS,ALL_SYNTHETIC_PROGRAMS,CFG-CDU-01,SYNTHETIC_INTERNAL,SNP-COOLIT-20260925-BL,SCN-BASELINE,BOMC-09-027,BOM-CFG-CDU-01-A,P-FG-009,P-COMP-051,1,EA,60,OP-60,,0.02,2026-01-01,
TEN-COOLIT-SYN-001,SITE-COOLIT-SYN-01,ERP,BOM_COMPONENT,BOMC-09-028,BOMC-09-028,RESOLVED,2026-09-25T23:59:59-06:00,2026-09-26T08:00:00-06:00,2026-06-29T00:00:00-06:00,,1,,false,ACTIVE,EA,,VALID,CURRENT,coolit-synthetic-v2.0.0,ALL_SYNTHETIC_CUSTOMERS,ALL_SYNTHETIC_PROGRAMS,CFG-CDU-01,SYNTHETIC_INTERNAL,SNP-COOLIT-20260925-BL,SCN-BASELINE,BOMC-09-028,BOM-CFG-CDU-01-A,P-FG-009,P-COMP-058,2,EA,60,OP-60,,0,2026-01-01,
TEN-COOLIT-SYN-001,SITE-COOLIT-SYN-01,ERP,BOM_COMPONENT,BOMC-09-029,BOMC-09-029,RESOLVED,2026-09-25T23:59:59-06:00,2026-09-26T08:00:00-06:00,2026-06-29T00:00:00-06:00,,1,,false,ACTIVE,EA,,VALID,CURRENT,coolit-synthetic-v2.0.0,ALL_SYNTHETIC_CUSTOMERS,ALL_SYNTHETIC_PROGRAMS,CFG-CDU-01,SYNTHETIC_INTERNAL,SNP-COOLIT-20260925-BL,SCN-BASELINE,BOMC-09-029,BOM-CFG-CDU-01-A,P-FG-009,P-COMP-065,1,EA,60,OP-60,,0,2026-01-01,
TEN-COOLIT-SYN-001,SITE-COOLIT-SYN-01,ERP,BOM_COMPONENT,BOMC-09-030,BOMC-09-030,RESOLVED,2026-09-25T23:59:59-06:00,2026-09-26T08:00:00-06:00,2026-06-29T00:00:00-06:00,,1,,false,ACTIVE,EA,,VALID,CURRENT,coolit-synthetic-v2.0.0,ALL_SYNTHETIC_CUSTOMERS,ALL_SYNTHETIC_PROGRAMS,CFG-CDU-01,SYNTHETIC_INTERNAL,SNP-COOLIT-20260925-BL,SCN-BASELINE,BOMC-09-030,BOM-CFG-CDU-01-A,P-FG-009,P-COMP-072,1,EA,60,OP-60,,0,2026-01-01,
TEN-COOLIT-SYN-001,SITE-COOLIT-SYN-01,ERP,BOM_COMPONENT,BOMC-10-001,BOMC-10-001,RESOLVED,2026-09-25T23:59:59-06:00,2026-09-26T08:00:00-06:00,2026-06-29T00:00:00-06:00,,1,,false,ACTIVE,EA,,VALID,CURRENT,coolit-synthetic-v2.0.0,ALL_SYNTHETIC_CUSTOMERS,ALL_SYNTHETIC_PROGRAMS,CFG-CDU-02,SYNTHETIC_INTERNAL,SNP-COOLIT-20260925-BL,SCN-BASELINE,BOMC-10-001,BOM-CFG-CDU-02-A,P-FG-010,P-COMP-124,2,EA,10,OP-10,SUB-COLDPLATE_BLANK-1,0.02,2026-01-01,
TEN-COOLIT-SYN-001,SITE-COOLIT-SYN-01,ERP,BOM_COMPONENT,BOMC-10-002,BOMC-10-002,RESOLVED,2026-09-25T23:59:59-06:00,2026-09-26T08:00:00-06:00,2026-06-29T00:00:00-06:00,,1,,false,ACTIVE,EA,,VALID,CURRENT,coolit-synthetic-v2.0.0,ALL_SYNTHETIC_CUSTOMERS,ALL_SYNTHETIC_PROGRAMS,CFG-CDU-02,SYNTHETIC_INTERNAL,SNP-COOLIT-20260925-BL,SCN-BASELINE,BOMC-10-002,BOM-CFG-CDU-02-A,P-FG-010,P-COMP-131,1,EA,10,OP-10,,0,2026-01-01,
TEN-COOLIT-SYN-001,SITE-COOLIT-SYN-01,ERP,BOM_COMPONENT,BOMC-10-003,BOMC-10-003,RESOLVED,2026-09-25T23:59:59-06:00,2026-09-26T08:00:00-06:00,2026-06-29T00:00:00-06:00,,1,,false,ACTIVE,EA,,VALID,CURRENT,coolit-synthetic-v2.0.0,ALL_SYNTHETIC_CUSTOMERS,ALL_SYNTHETIC_PROGRAMS,CFG-CDU-02,SYNTHETIC_INTERNAL,SNP-COOLIT-20260925-BL,SCN-BASELINE,BOMC-10-003,BOM-CFG-CDU-02-A,P-FG-010,P-COMP-138,1,EA,10,OP-10,,0,2026-01-01,
TEN-COOLIT-SYN-001,SITE-COOLIT-SYN-01,ERP,BOM_COMPONENT,BOMC-10-004,BOMC-10-004,RESOLVED,2026-09-25T23:59:59-06:00,2026-09-26T08:00:00-06:00,2026-06-29T00:00:00-06:00,,1,,false,ACTIVE,EA,,VALID,CURRENT,coolit-synthetic-v2.0.0,ALL_SYNTHETIC_CUSTOMERS,ALL_SYNTHETIC_PROGRAMS,CFG-CDU-02,SYNTHETIC_INTERNAL,SNP-COOLIT-20260925-BL,SCN-BASELINE,BOMC-10-004,BOM-CFG-CDU-02-A,P-FG-010,P-COMP-145,1,EA,10,OP-10,,0,2026-01-01,
TEN-COOLIT-SYN-001,SITE-COOLIT-SYN-01,ERP,BOM_COMPONENT,BOMC-10-005,BOMC-10-005,RESOLVED,2026-09-25T23:59:59-06:00,2026-09-26T08:00:00-06:00,2026-06-29T00:00:00-06:00,,1,,false,ACTIVE,EA,,VALID,CURRENT,coolit-synthetic-v2.0.0,ALL_SYNTHETIC_CUSTOMERS,ALL_SYNTHETIC_PROGRAMS,CFG-CDU-02,SYNTHETIC_INTERNAL,SNP-COOLIT-20260925-BL,SCN-BASELINE,BOMC-10-005,BOM-CFG-CDU-02-A,P-FG-010,P-COMP-152,1,EA,10,OP-10,,0,2026-01-01,
TEN-COOLIT-SYN-001,SITE-COOLIT-SYN-01,ERP,BOM_COMPONENT,BOMC-10-006,BOMC-10-006,RESOLVED,2026-09-25T23:59:59-06:00,2026-09-26T08:00:00-06:00,2026-06-29T00:00:00-06:00,,1,,false,ACTIVE,EA,,VALID,CURRENT,coolit-synthetic-v2.0.0,ALL_SYNTHETIC_CUSTOMERS,ALL_SYNTHETIC_PROGRAMS,CFG-CDU-02,SYNTHETIC_INTERNAL,SNP-COOLIT-20260925-BL,SCN-BASELINE,BOMC-10-006,BOM-CFG-CDU-02-A,P-FG-010,P-COMP-159,1,EA,20,OP-20,,0,2026-01-01,
TEN-COOLIT-SYN-001,SITE-COOLIT-SYN-01,ERP,BOM_COMPONENT,BOMC-10-007,BOMC-10-007,RESOLVED,2026-09-25T23:59:59-06:00,2026-09-26T08:00:00-06:00,2026-06-29T00:00:00-06:00,,1,,false,ACTIVE,EA,,VALID,CURRENT,coolit-synthetic-v2.0.0,ALL_SYNTHETIC_CUSTOMERS,ALL_SYNTHETIC_PROGRAMS,CFG-CDU-02,SYNTHETIC_INTERNAL,SNP-COOLIT-20260925-BL,SCN-BASELINE,BOMC-10-007,BOM-CFG-CDU-02-A,P-FG-010,P-COMP-166,1,EA,20,OP-20,,0,2026-01-01,
TEN-COOLIT-SYN-001,SITE-COOLIT-SYN-01,ERP,BOM_COMPONENT,BOMC-10-008,BOMC-10-008,RESOLVED,2026-09-25T23:59:59-06:00,2026-09-26T08:00:00-06:00,2026-06-29T00:00:00-06:00,,1,,false,ACTIVE,EA,,VALID,CURRENT,coolit-synthetic-v2.0.0,ALL_SYNTHETIC_CUSTOMERS,ALL_SYNTHETIC_PROGRAMS,CFG-CDU-02,SYNTHETIC_INTERNAL,SNP-COOLIT-20260925-BL,SCN-BASELINE,BOMC-10-008,BOM-CFG-CDU-02-A,P-FG-010,P-COMP-173,1,EA,20,OP-20,,0,2026-01-01,
TEN-COOLIT-SYN-001,SITE-COOLIT-SYN-01,ERP,BOM_COMPONENT,BOMC-10-009,BOMC-10-009,RESOLVED,2026-09-25T23:59:59-06:00,2026-09-26T08:00:00-06:00,2026-06-29T00:00:00-06:00,,1,,false,ACTIVE,EA,,VALID,CURRENT,coolit-synthetic-v2.0.0,ALL_SYNTHETIC_CUSTOMERS,ALL_SYNTHETIC_PROGRAMS,CFG-CDU-02,SYNTHETIC_INTERNAL,SNP-COOLIT-20260925-BL,SCN-BASELINE,BOMC-10-009,BOM-CFG-CDU-02-A,P-FG-010,P-COMP-180,1,EA,20,OP-20,,0,2026-01-01,
TEN-COOLIT-SYN-001,SITE-COOLIT-SYN-01,ERP,BOM_COMPONENT,BOMC-10-010,BOMC-10-010,RESOLVED,2026-09-25T23:59:59-06:00,2026-09-26T08:00:00-06:00,2026-06-29T00:00:00-06:00,,1,,false,ACTIVE,EA,,VALID,CURRENT,coolit-synthetic-v2.0.0,ALL_SYNTHETIC_CUSTOMERS,ALL_SYNTHETIC_PROGRAMS,CFG-CDU-02,SYNTHETIC_INTERNAL,SNP-COOLIT-20260925-BL,SCN-BASELINE,BOMC-10-010,BOM-CFG-CDU-02-A,P-FG-010,P-COMP-187,2,EA,20,OP-20,,0,2026-01-01,
TEN-COOLIT-SYN-001,SITE-COOLIT-SYN-01,ERP,BOM_COMPONENT,BOMC-10-011,BOMC-10-011,RESOLVED,2026-09-25T23:59:59-06:00,2026-09-26T08:00:00-06:00,2026-06-29T00:00:00-06:00,,1,,false,ACTIVE,EA,,VALID,CURRENT,coolit-synthetic-v2.0.0,ALL_SYNTHETIC_CUSTOMERS,ALL_SYNTHETIC_PROGRAMS,CFG-CDU-02,SYNTHETIC_INTERNAL,SNP-COOLIT-20260925-BL,SCN-BASELINE,BOMC-10-011,BOM-CFG-CDU-02-A,P-FG-010,P-COMP-194,1,EA,30,OP-30,,0,2026-01-01,
TEN-COOLIT-SYN-001,SITE-COOLIT-SYN-01,ERP,BOM_COMPONENT,BOMC-10-012,BOMC-10-012,RESOLVED,2026-09-25T23:59:59-06:00,2026-09-26T08:00:00-06:00,2026-06-29T00:00:00-06:00,,1,,false,ACTIVE,EA,,VALID,CURRENT,coolit-synthetic-v2.0.0,ALL_SYNTHETIC_CUSTOMERS,ALL_SYNTHETIC_PROGRAMS,CFG-CDU-02,SYNTHETIC_INTERNAL,SNP-COOLIT-20260925-BL,SCN-BASELINE,BOMC-10-012,BOM-CFG-CDU-02-A,P-FG-010,P-COMP-201,1,EA,30,OP-30,SUB-TUBING-3,0,2026-01-01,
TEN-COOLIT-SYN-001,SITE-COOLIT-SYN-01,ERP,BOM_COMPONENT,BOMC-10-013,BOMC-10-013,RESOLVED,2026-09-25T23:59:59-06:00,2026-09-26T08:00:00-06:00,2026-06-29T00:00:00-06:00,,1,,false,ACTIVE,EA,,VALID,CURRENT,coolit-synthetic-v2.0.0,ALL_SYNTHETIC_CUSTOMERS,ALL_SYNTHETIC_PROGRAMS,CFG-CDU-02,SYNTHETIC_INTERNAL,SNP-COOLIT-20260925-BL,SCN-BASELINE,BOMC-10-013,BOM-CFG-CDU-02-A,P-FG-010,P-COMP-208,1,EA,30,OP-30,,0,2026-01-01,
TEN-COOLIT-SYN-001,SITE-COOLIT-SYN-01,ERP,BOM_COMPONENT,BOMC-10-014,BOMC-10-014,RESOLVED,2026-09-25T23:59:59-06:00,2026-09-26T08:00:00-06:00,2026-06-29T00:00:00-06:00,,1,,false,ACTIVE,EA,,VALID,CURRENT,coolit-synthetic-v2.0.0,ALL_SYNTHETIC_CUSTOMERS,ALL_SYNTHETIC_PROGRAMS,CFG-CDU-02,SYNTHETIC_INTERNAL,SNP-COOLIT-20260925-BL,SCN-BASELINE,BOMC-10-014,BOM-CFG-CDU-02-A,P-FG-010,P-QD-007,1,EA,30,OP-30,,0.02,2026-01-01,
TEN-COOLIT-SYN-001,SITE-COOLIT-SYN-01,ERP,BOM_COMPONENT,BOMC-10-015,BOMC-10-015,RESOLVED,2026-09-25T23:59:59-06:00,2026-09-26T08:00:00-06:00,2026-06-29T00:00:00-06:00,,1,,false,ACTIVE,EA,,VALID,CURRENT,coolit-synthetic-v2.0.0,ALL_SYNTHETIC_CUSTOMERS,ALL_SYNTHETIC_PROGRAMS,CFG-CDU-02,SYNTHETIC_INTERNAL,SNP-COOLIT-20260925-BL,SCN-BASELINE,BOMC-10-015,BOM-CFG-CDU-02-A,P-FG-010,P-PUMP-004,1,EA,30,OP-30,,0,2026-01-01,
TEN-COOLIT-SYN-001,SITE-COOLIT-SYN-01,ERP,BOM_COMPONENT,BOMC-10-016,BOMC-10-016,RESOLVED,2026-09-25T23:59:59-06:00,2026-09-26T08:00:00-06:00,2026-06-29T00:00:00-06:00,,1,,false,ACTIVE,EA,,VALID,CURRENT,coolit-synthetic-v2.0.0,ALL_SYNTHETIC_CUSTOMERS,ALL_SYNTHETIC_PROGRAMS,CFG-CDU-02,SYNTHETIC_INTERNAL,SNP-COOLIT-20260925-BL,SCN-BASELINE,BOMC-10-016,BOM-CFG-CDU-02-A,P-FG-010,P-HX-003,1,EA,40,OP-40,,0,2026-01-01,
TEN-COOLIT-SYN-001,SITE-COOLIT-SYN-01,ERP,BOM_COMPONENT,BOMC-10-017,BOMC-10-017,RESOLVED,2026-09-25T23:59:59-06:00,2026-09-26T08:00:00-06:00,2026-06-29T00:00:00-06:00,,1,,false,ACTIVE,EA,,VALID,CURRENT,coolit-synthetic-v2.0.0,ALL_SYNTHETIC_CUSTOMERS,ALL_SYNTHETIC_PROGRAMS,CFG-CDU-02,SYNTHETIC_INTERNAL,SNP-COOLIT-20260925-BL,SCN-BASELINE,BOMC-10-017,BOM-CFG-CDU-02-A,P-FG-010,P-CTRL-004,1,EA,40,OP-40,,0,2026-01-01,
TEN-COOLIT-SYN-001,SITE-COOLIT-SYN-01,ERP,BOM_COMPONENT,BOMC-10-018,BOMC-10-018,RESOLVED,2026-09-25T23:59:59-06:00,2026-09-26T08:00:00-06:00,2026-06-29T00:00:00-06:00,,1,,false,ACTIVE,EA,,VALID,CURRENT,coolit-synthetic-v2.0.0,ALL_SYNTHETIC_CUSTOMERS,ALL_SYNTHETIC_PROGRAMS,CFG-CDU-02,SYNTHETIC_INTERNAL,SNP-COOLIT-20260925-BL,SCN-BASELINE,BOMC-10-018,BOM-CFG-CDU-02-A,P-FG-010,P-COMP-005,1,EA,40,OP-40,,0,2026-01-01,
TEN-COOLIT-SYN-001,SITE-COOLIT-SYN-01,ERP,BOM_COMPONENT,BOMC-10-019,BOMC-10-019,RESOLVED,2026-09-25T23:59:59-06:00,2026-09-26T08:00:00-06:00,2026-06-29T00:00:00-06:00,,1,,false,ACTIVE,EA,,VALID,CURRENT,coolit-synthetic-v2.0.0,ALL_SYNTHETIC_CUSTOMERS,ALL_SYNTHETIC_PROGRAMS,CFG-CDU-02,SYNTHETIC_INTERNAL,SNP-COOLIT-20260925-BL,SCN-BASELINE,BOMC-10-019,BOM-CFG-CDU-02-A,P-FG-010,P-COMP-012,2,EA,40,OP-40,,0,2026-01-01,
TEN-COOLIT-SYN-001,SITE-COOLIT-SYN-01,ERP,BOM_COMPONENT,BOMC-10-020,BOMC-10-020,RESOLVED,2026-09-25T23:59:59-06:00,2026-09-26T08:00:00-06:00,2026-06-29T00:00:00-06:00,,1,,false,ACTIVE,EA,,VALID,CURRENT,coolit-synthetic-v2.0.0,ALL_SYNTHETIC_CUSTOMERS,ALL_SYNTHETIC_PROGRAMS,CFG-CDU-02,SYNTHETIC_INTERNAL,SNP-COOLIT-20260925-BL,SCN-BASELINE,BOMC-10-020,BOM-CFG-CDU-02-A,P-FG-010,P-COMP-019,1,EA,40,OP-40,,0,2026-01-01,
TEN-COOLIT-SYN-001,SITE-COOLIT-SYN-01,ERP,BOM_COMPONENT,BOMC-10-021,BOMC-10-021,RESOLVED,2026-09-25T23:59:59-06:00,2026-09-26T08:00:00-06:00,2026-06-29T00:00:00-06:00,,1,,false,ACTIVE,EA,,VALID,CURRENT,coolit-synthetic-v2.0.0,ALL_SYNTHETIC_CUSTOMERS,ALL_SYNTHETIC_PROGRAMS,CFG-CDU-02,SYNTHETIC_INTERNAL,SNP-COOLIT-20260925-BL,SCN-BASELINE,BOMC-10-021,BOM-CFG-CDU-02-A,P-FG-010,P-COMP-026,1,EA,50,OP-50,,0,2026-01-01,
TEN-COOLIT-SYN-001,SITE-COOLIT-SYN-01,ERP,BOM_COMPONENT,BOMC-10-022,BOMC-10-022,RESOLVED,2026-09-25T23:59:59-06:00,2026-09-26T08:00:00-06:00,2026-06-29T00:00:00-06:00,,1,,false,ACTIVE,EA,,VALID,CURRENT,coolit-synthetic-v2.0.0,ALL_SYNTHETIC_CUSTOMERS,ALL_SYNTHETIC_PROGRAMS,CFG-CDU-02,SYNTHETIC_INTERNAL,SNP-COOLIT-20260925-BL,SCN-BASELINE,BOMC-10-022,BOM-CFG-CDU-02-A,P-FG-010,P-COMP-033,1,EA,50,OP-50,,0,2026-01-01,
TEN-COOLIT-SYN-001,SITE-COOLIT-SYN-01,ERP,BOM_COMPONENT,BOMC-10-023,BOMC-10-023,RESOLVED,2026-09-25T23:59:59-06:00,2026-09-26T08:00:00-06:00,2026-06-29T00:00:00-06:00,,1,,false,ACTIVE,EA,,VALID,CURRENT,coolit-synthetic-v2.0.0,ALL_SYNTHETIC_CUSTOMERS,ALL_SYNTHETIC_PROGRAMS,CFG-CDU-02,SYNTHETIC_INTERNAL,SNP-COOLIT-20260925-BL,SCN-BASELINE,BOMC-10-023,BOM-CFG-CDU-02-A,P-FG-010,P-COMP-040,1,EA,50,OP-50,SUB-PACKAGING-2,0,2026-01-01,
TEN-COOLIT-SYN-001,SITE-COOLIT-SYN-01,ERP,BOM_COMPONENT,BOMC-10-024,BOMC-10-024,RESOLVED,2026-09-25T23:59:59-06:00,2026-09-26T08:00:00-06:00,2026-06-29T00:00:00-06:00,,1,,false,ACTIVE,EA,,VALID,CURRENT,coolit-synthetic-v2.0.0,ALL_SYNTHETIC_CUSTOMERS,ALL_SYNTHETIC_PROGRAMS,CFG-CDU-02,SYNTHETIC_INTERNAL,SNP-COOLIT-20260925-BL,SCN-BASELINE,BOMC-10-024,BOM-CFG-CDU-02-A,P-FG-010,P-COMP-047,1,EA,50,OP-50,,0,2026-01-01,
TEN-COOLIT-SYN-001,SITE-COOLIT-SYN-01,ERP,BOM_COMPONENT,BOMC-10-025,BOMC-10-025,RESOLVED,2026-09-25T23:59:59-06:00,2026-09-26T08:00:00-06:00,2026-06-29T00:00:00-06:00,,1,,false,ACTIVE,EA,,VALID,CURRENT,coolit-synthetic-v2.0.0,ALL_SYNTHETIC_CUSTOMERS,ALL_SYNTHETIC_PROGRAMS,CFG-CDU-02,SYNTHETIC_INTERNAL,SNP-COOLIT-20260925-BL,SCN-BASELINE,BOMC-10-025,BOM-CFG-CDU-02-A,P-FG-010,P-COMP-054,1,EA,50,OP-50,,0,2026-01-01,
TEN-COOLIT-SYN-001,SITE-COOLIT-SYN-01,ERP,BOM_COMPONENT,BOMC-10-026,BOMC-10-026,RESOLVED,2026-09-25T23:59:59-06:00,2026-09-26T08:00:00-06:00,2026-06-29T00:00:00-06:00,,1,,false,ACTIVE,EA,,VALID,CURRENT,coolit-synthetic-v2.0.0,ALL_SYNTHETIC_CUSTOMERS,ALL_SYNTHETIC_PROGRAMS,CFG-CDU-02,SYNTHETIC_INTERNAL,SNP-COOLIT-20260925-BL,SCN-BASELINE,BOMC-10-026,BOM-CFG-CDU-02-A,P-FG-010,P-COMP-061,1,EA,60,OP-60,,0,2026-01-01,
TEN-COOLIT-SYN-001,SITE-COOLIT-SYN-01,ERP,BOM_COMPONENT,BOMC-10-027,BOMC-10-027,RESOLVED,2026-09-25T23:59:59-06:00,2026-09-26T08:00:00-06:00,2026-06-29T00:00:00-06:00,,1,,false,ACTIVE,EA,,VALID,CURRENT,coolit-synthetic-v2.0.0,ALL_SYNTHETIC_CUSTOMERS,ALL_SYNTHETIC_PROGRAMS,CFG-CDU-02,SYNTHETIC_INTERNAL,SNP-COOLIT-20260925-BL,SCN-BASELINE,BOMC-10-027,BOM-CFG-CDU-02-A,P-FG-010,P-COMP-068,1,EA,60,OP-60,,0.02,2026-01-01,
TEN-COOLIT-SYN-001,SITE-COOLIT-SYN-01,ERP,BOM_COMPONENT,BOMC-10-028,BOMC-10-028,RESOLVED,2026-09-25T23:59:59-06:00,2026-09-26T08:00:00-06:00,2026-06-29T00:00:00-06:00,,1,,false,ACTIVE,EA,,VALID,CURRENT,coolit-synthetic-v2.0.0,ALL_SYNTHETIC_CUSTOMERS,ALL_SYNTHETIC_PROGRAMS,CFG-CDU-02,SYNTHETIC_INTERNAL,SNP-COOLIT-20260925-BL,SCN-BASELINE,BOMC-10-028,BOM-CFG-CDU-02-A,P-FG-010,P-COMP-075,2,EA,60,OP-60,,0,2026-01-01,
TEN-COOLIT-SYN-001,SITE-COOLIT-SYN-01,ERP,BOM_COMPONENT,BOMC-10-029,BOMC-10-029,RESOLVED,2026-09-25T23:59:59-06:00,2026-09-26T08:00:00-06:00,2026-06-29T00:00:00-06:00,,1,,false,ACTIVE,EA,,VALID,CURRENT,coolit-synthetic-v2.0.0,ALL_SYNTHETIC_CUSTOMERS,ALL_SYNTHETIC_PROGRAMS,CFG-CDU-02,SYNTHETIC_INTERNAL,SNP-COOLIT-20260925-BL,SCN-BASELINE,BOMC-10-029,BOM-CFG-CDU-02-A,P-FG-010,P-COMP-082,1,EA,60,OP-60,,0,2026-01-01,
TEN-COOLIT-SYN-001,SITE-COOLIT-SYN-01,ERP,BOM_COMPONENT,BOMC-10-030,BOMC-10-030,RESOLVED,2026-09-25T23:59:59-06:00,2026-09-26T08:00:00-06:00,2026-06-29T00:00:00-06:00,,1,,false,ACTIVE,EA,,VALID,CURRENT,coolit-synthetic-v2.0.0,ALL_SYNTHETIC_CUSTOMERS,ALL_SYNTHETIC_PROGRAMS,CFG-CDU-02,SYNTHETIC_INTERNAL,SNP-COOLIT-20260925-BL,SCN-BASELINE,BOMC-10-030,BOM-CFG-CDU-02-A,P-FG-010,P-COMP-089,1,EA,60,OP-60,,0,2026-01-01,
TEN-COOLIT-SYN-001,SITE-COOLIT-SYN-01,ERP,BOM_COMPONENT,BOMC-11-001,BOMC-11-001,RESOLVED,2026-09-25T23:59:59-06:00,2026-09-26T08:00:00-06:00,2026-06-29T00:00:00-06:00,,1,,false,ACTIVE,EA,,VALID,CURRENT,coolit-synthetic-v2.0.0,ALL_SYNTHETIC_CUSTOMERS,ALL_SYNTHETIC_PROGRAMS,CFG-CDU-03,SYNTHETIC_INTERNAL,SNP-COOLIT-20260925-BL,SCN-BASELINE,BOMC-11-001,BOM-CFG-CDU-03-A,P-FG-011,P-COMP-141,2,EA,10,OP-10,SUB-TUBING-1,0.02,2026-01-01,
TEN-COOLIT-SYN-001,SITE-COOLIT-SYN-01,ERP,BOM_COMPONENT,BOMC-11-002,BOMC-11-002,RESOLVED,2026-09-25T23:59:59-06:00,2026-09-26T08:00:00-06:00,2026-06-29T00:00:00-06:00,,1,,false,ACTIVE,EA,,VALID,CURRENT,coolit-synthetic-v2.0.0,ALL_SYNTHETIC_CUSTOMERS,ALL_SYNTHETIC_PROGRAMS,CFG-CDU-03,SYNTHETIC_INTERNAL,SNP-COOLIT-20260925-BL,SCN-BASELINE,BOMC-11-002,BOM-CFG-CDU-03-A,P-FG-011,P-COMP-148,1,EA,10,OP-10,,0,2026-01-01,
TEN-COOLIT-SYN-001,SITE-COOLIT-SYN-01,ERP,BOM_COMPONENT,BOMC-11-003,BOMC-11-003,RESOLVED,2026-09-25T23:59:59-06:00,2026-09-26T08:00:00-06:00,2026-06-29T00:00:00-06:00,,1,,false,ACTIVE,EA,,VALID,CURRENT,coolit-synthetic-v2.0.0,ALL_SYNTHETIC_CUSTOMERS,ALL_SYNTHETIC_PROGRAMS,CFG-CDU-03,SYNTHETIC_INTERNAL,SNP-COOLIT-20260925-BL,SCN-BASELINE,BOMC-11-003,BOM-CFG-CDU-03-A,P-FG-011,P-COMP-155,1,EA,10,OP-10,,0,2026-01-01,
TEN-COOLIT-SYN-001,SITE-COOLIT-SYN-01,ERP,BOM_COMPONENT,BOMC-11-004,BOMC-11-004,RESOLVED,2026-09-25T23:59:59-06:00,2026-09-26T08:00:00-06:00,2026-06-29T00:00:00-06:00,,1,,false,ACTIVE,EA,,VALID,CURRENT,coolit-synthetic-v2.0.0,ALL_SYNTHETIC_CUSTOMERS,ALL_SYNTHETIC_PROGRAMS,CFG-CDU-03,SYNTHETIC_INTERNAL,SNP-COOLIT-20260925-BL,SCN-BASELINE,BOMC-11-004,BOM-CFG-CDU-03-A,P-FG-011,P-COMP-162,1,EA,10,OP-10,,0,2026-01-01,
TEN-COOLIT-SYN-001,SITE-COOLIT-SYN-01,ERP,BOM_COMPONENT,BOMC-11-005,BOMC-11-005,RESOLVED,2026-09-25T23:59:59-06:00,2026-09-26T08:00:00-06:00,2026-06-29T00:00:00-06:00,,1,,false,ACTIVE,EA,,VALID,CURRENT,coolit-synthetic-v2.0.0,ALL_SYNTHETIC_CUSTOMERS,ALL_SYNTHETIC_PROGRAMS,CFG-CDU-03,SYNTHETIC_INTERNAL,SNP-COOLIT-20260925-BL,SCN-BASELINE,BOMC-11-005,BOM-CFG-CDU-03-A,P-FG-011,P-COMP-169,1,EA,10,OP-10,,0,2026-01-01,
TEN-COOLIT-SYN-001,SITE-COOLIT-SYN-01,ERP,BOM_COMPONENT,BOMC-11-006,BOMC-11-006,RESOLVED,2026-09-25T23:59:59-06:00,2026-09-26T08:00:00-06:00,2026-06-29T00:00:00-06:00,,1,,false,ACTIVE,EA,,VALID,CURRENT,coolit-synthetic-v2.0.0,ALL_SYNTHETIC_CUSTOMERS,ALL_SYNTHETIC_PROGRAMS,CFG-CDU-03,SYNTHETIC_INTERNAL,SNP-COOLIT-20260925-BL,SCN-BASELINE,BOMC-11-006,BOM-CFG-CDU-03-A,P-FG-011,P-COMP-176,1,EA,20,OP-20,,0,2026-01-01,
TEN-COOLIT-SYN-001,SITE-COOLIT-SYN-01,ERP,BOM_COMPONENT,BOMC-11-007,BOMC-11-007,RESOLVED,2026-09-25T23:59:59-06:00,2026-09-26T08:00:00-06:00,2026-06-29T00:00:00-06:00,,1,,false,ACTIVE,EA,,VALID,CURRENT,coolit-synthetic-v2.0.0,ALL_SYNTHETIC_CUSTOMERS,ALL_SYNTHETIC_PROGRAMS,CFG-CDU-03,SYNTHETIC_INTERNAL,SNP-COOLIT-20260925-BL,SCN-BASELINE,BOMC-11-007,BOM-CFG-CDU-03-A,P-FG-011,P-COMP-183,1,EA,20,OP-20,,0,2026-01-01,
TEN-COOLIT-SYN-001,SITE-COOLIT-SYN-01,ERP,BOM_COMPONENT,BOMC-11-008,BOMC-11-008,RESOLVED,2026-09-25T23:59:59-06:00,2026-09-26T08:00:00-06:00,2026-06-29T00:00:00-06:00,,1,,false,ACTIVE,EA,,VALID,CURRENT,coolit-synthetic-v2.0.0,ALL_SYNTHETIC_CUSTOMERS,ALL_SYNTHETIC_PROGRAMS,CFG-CDU-03,SYNTHETIC_INTERNAL,SNP-COOLIT-20260925-BL,SCN-BASELINE,BOMC-11-008,BOM-CFG-CDU-03-A,P-FG-011,P-COMP-190,1,EA,20,OP-20,,0,2026-01-01,
TEN-COOLIT-SYN-001,SITE-COOLIT-SYN-01,ERP,BOM_COMPONENT,BOMC-11-009,BOMC-11-009,RESOLVED,2026-09-25T23:59:59-06:00,2026-09-26T08:00:00-06:00,2026-06-29T00:00:00-06:00,,1,,false,ACTIVE,EA,,VALID,CURRENT,coolit-synthetic-v2.0.0,ALL_SYNTHETIC_CUSTOMERS,ALL_SYNTHETIC_PROGRAMS,CFG-CDU-03,SYNTHETIC_INTERNAL,SNP-COOLIT-20260925-BL,SCN-BASELINE,BOMC-11-009,BOM-CFG-CDU-03-A,P-FG-011,P-COMP-197,1,EA,20,OP-20,,0,2026-01-01,
TEN-COOLIT-SYN-001,SITE-COOLIT-SYN-01,ERP,BOM_COMPONENT,BOMC-11-010,BOMC-11-010,RESOLVED,2026-09-25T23:59:59-06:00,2026-09-26T08:00:00-06:00,2026-06-29T00:00:00-06:00,,1,,false,ACTIVE,EA,,VALID,CURRENT,coolit-synthetic-v2.0.0,ALL_SYNTHETIC_CUSTOMERS,ALL_SYNTHETIC_PROGRAMS,CFG-CDU-03,SYNTHETIC_INTERNAL,SNP-COOLIT-20260925-BL,SCN-BASELINE,BOMC-11-010,BOM-CFG-CDU-03-A,P-FG-011,P-COMP-204,2,EA,20,OP-20,,0,2026-01-01,
TEN-COOLIT-SYN-001,SITE-COOLIT-SYN-01,ERP,BOM_COMPONENT,BOMC-11-011,BOMC-11-011,RESOLVED,2026-09-25T23:59:59-06:00,2026-09-26T08:00:00-06:00,2026-06-29T00:00:00-06:00,,1,,false,ACTIVE,EA,,VALID,CURRENT,coolit-synthetic-v2.0.0,ALL_SYNTHETIC_CUSTOMERS,ALL_SYNTHETIC_PROGRAMS,CFG-CDU-03,SYNTHETIC_INTERNAL,SNP-COOLIT-20260925-BL,SCN-BASELINE,BOMC-11-011,BOM-CFG-CDU-03-A,P-FG-011,P-QD-003,1,EA,30,OP-30,,0,2026-01-01,
TEN-COOLIT-SYN-001,SITE-COOLIT-SYN-01,ERP,BOM_COMPONENT,BOMC-11-012,BOMC-11-012,RESOLVED,2026-09-25T23:59:59-06:00,2026-09-26T08:00:00-06:00,2026-06-29T00:00:00-06:00,,1,,false,ACTIVE,EA,,VALID,CURRENT,coolit-synthetic-v2.0.0,ALL_SYNTHETIC_CUSTOMERS,ALL_SYNTHETIC_PROGRAMS,CFG-CDU-03,SYNTHETIC_INTERNAL,SNP-COOLIT-20260925-BL,SCN-BASELINE,BOMC-11-012,BOM-CFG-CDU-03-A,P-FG-011,P-QD-010,1,EA,30,OP-30,SUB-QUICK_DISCONNECT-3,0,2026-01-01,
TEN-COOLIT-SYN-001,SITE-COOLIT-SYN-01,ERP,BOM_COMPONENT,BOMC-11-013,BOMC-11-013,RESOLVED,2026-09-25T23:59:59-06:00,2026-09-26T08:00:00-06:00,2026-06-29T00:00:00-06:00,,1,,false,ACTIVE,EA,,VALID,CURRENT,coolit-synthetic-v2.0.0,ALL_SYNTHETIC_CUSTOMERS,ALL_SYNTHETIC_PROGRAMS,CFG-CDU-03,SYNTHETIC_INTERNAL,SNP-COOLIT-20260925-BL,SCN-BASELINE,BOMC-11-013,BOM-CFG-CDU-03-A,P-FG-011,P-PUMP-007,1,EA,30,OP-30,,0,2026-01-01,
TEN-COOLIT-SYN-001,SITE-COOLIT-SYN-01,ERP,BOM_COMPONENT,BOMC-11-014,BOMC-11-014,RESOLVED,2026-09-25T23:59:59-06:00,2026-09-26T08:00:00-06:00,2026-06-29T00:00:00-06:00,,1,,false,ACTIVE,EA,,VALID,CURRENT,coolit-synthetic-v2.0.0,ALL_SYNTHETIC_CUSTOMERS,ALL_SYNTHETIC_PROGRAMS,CFG-CDU-03,SYNTHETIC_INTERNAL,SNP-COOLIT-20260925-BL,SCN-BASELINE,BOMC-11-014,BOM-CFG-CDU-03-A,P-FG-011,P-HX-006,1,EA,30,OP-30,,0.02,2026-01-01,
TEN-COOLIT-SYN-001,SITE-COOLIT-SYN-01,ERP,BOM_COMPONENT,BOMC-11-015,BOMC-11-015,RESOLVED,2026-09-25T23:59:59-06:00,2026-09-26T08:00:00-06:00,2026-06-29T00:00:00-06:00,,1,,false,ACTIVE,EA,,VALID,CURRENT,coolit-synthetic-v2.0.0,ALL_SYNTHETIC_CUSTOMERS,ALL_SYNTHETIC_PROGRAMS,CFG-CDU-03,SYNTHETIC_INTERNAL,SNP-COOLIT-20260925-BL,SCN-BASELINE,BOMC-11-015,BOM-CFG-CDU-03-A,P-FG-011,P-COMP-001,1,EA,30,OP-30,,0,2026-01-01,
TEN-COOLIT-SYN-001,SITE-COOLIT-SYN-01,ERP,BOM_COMPONENT,BOMC-11-016,BOMC-11-016,RESOLVED,2026-09-25T23:59:59-06:00,2026-09-26T08:00:00-06:00,2026-06-29T00:00:00-06:00,,1,,false,ACTIVE,EA,,VALID,CURRENT,coolit-synthetic-v2.0.0,ALL_SYNTHETIC_CUSTOMERS,ALL_SYNTHETIC_PROGRAMS,CFG-CDU-03,SYNTHETIC_INTERNAL,SNP-COOLIT-20260925-BL,SCN-BASELINE,BOMC-11-016,BOM-CFG-CDU-03-A,P-FG-011,P-COMP-008,1,EA,40,OP-40,,0,2026-01-01,
TEN-COOLIT-SYN-001,SITE-COOLIT-SYN-01,ERP,BOM_COMPONENT,BOMC-11-017,BOMC-11-017,RESOLVED,2026-09-25T23:59:59-06:00,2026-09-26T08:00:00-06:00,2026-06-29T00:00:00-06:00,,1,,false,ACTIVE,EA,,VALID,CURRENT,coolit-synthetic-v2.0.0,ALL_SYNTHETIC_CUSTOMERS,ALL_SYNTHETIC_PROGRAMS,CFG-CDU-03,SYNTHETIC_INTERNAL,SNP-COOLIT-20260925-BL,SCN-BASELINE,BOMC-11-017,BOM-CFG-CDU-03-A,P-FG-011,P-COMP-015,1,EA,40,OP-40,,0,2026-01-01,
TEN-COOLIT-SYN-001,SITE-COOLIT-SYN-01,ERP,BOM_COMPONENT,BOMC-11-018,BOMC-11-018,RESOLVED,2026-09-25T23:59:59-06:00,2026-09-26T08:00:00-06:00,2026-06-29T00:00:00-06:00,,1,,false,ACTIVE,EA,,VALID,CURRENT,coolit-synthetic-v2.0.0,ALL_SYNTHETIC_CUSTOMERS,ALL_SYNTHETIC_PROGRAMS,CFG-CDU-03,SYNTHETIC_INTERNAL,SNP-COOLIT-20260925-BL,SCN-BASELINE,BOMC-11-018,BOM-CFG-CDU-03-A,P-FG-011,P-COMP-022,1,EA,40,OP-40,,0,2026-01-01,
TEN-COOLIT-SYN-001,SITE-COOLIT-SYN-01,ERP,BOM_COMPONENT,BOMC-11-019,BOMC-11-019,RESOLVED,2026-09-25T23:59:59-06:00,2026-09-26T08:00:00-06:00,2026-06-29T00:00:00-06:00,,1,,false,ACTIVE,EA,,VALID,CURRENT,coolit-synthetic-v2.0.0,ALL_SYNTHETIC_CUSTOMERS,ALL_SYNTHETIC_PROGRAMS,CFG-CDU-03,SYNTHETIC_INTERNAL,SNP-COOLIT-20260925-BL,SCN-BASELINE,BOMC-11-019,BOM-CFG-CDU-03-A,P-FG-011,P-COMP-029,2,EA,40,OP-40,,0,2026-01-01,
TEN-COOLIT-SYN-001,SITE-COOLIT-SYN-01,ERP,BOM_COMPONENT,BOMC-11-020,BOMC-11-020,RESOLVED,2026-09-25T23:59:59-06:00,2026-09-26T08:00:00-06:00,2026-06-29T00:00:00-06:00,,1,,false,ACTIVE,EA,,VALID,CURRENT,coolit-synthetic-v2.0.0,ALL_SYNTHETIC_CUSTOMERS,ALL_SYNTHETIC_PROGRAMS,CFG-CDU-03,SYNTHETIC_INTERNAL,SNP-COOLIT-20260925-BL,SCN-BASELINE,BOMC-11-020,BOM-CFG-CDU-03-A,P-FG-011,P-COMP-036,1,EA,40,OP-40,,0,2026-01-01,
TEN-COOLIT-SYN-001,SITE-COOLIT-SYN-01,ERP,BOM_COMPONENT,BOMC-11-021,BOMC-11-021,RESOLVED,2026-09-25T23:59:59-06:00,2026-09-26T08:00:00-06:00,2026-06-29T00:00:00-06:00,,1,,false,ACTIVE,EA,,VALID,CURRENT,coolit-synthetic-v2.0.0,ALL_SYNTHETIC_CUSTOMERS,ALL_SYNTHETIC_PROGRAMS,CFG-CDU-03,SYNTHETIC_INTERNAL,SNP-COOLIT-20260925-BL,SCN-BASELINE,BOMC-11-021,BOM-CFG-CDU-03-A,P-FG-011,P-COMP-043,1,EA,50,OP-50,,0,2026-01-01,
TEN-COOLIT-SYN-001,SITE-COOLIT-SYN-01,ERP,BOM_COMPONENT,BOMC-11-022,BOMC-11-022,RESOLVED,2026-09-25T23:59:59-06:00,2026-09-26T08:00:00-06:00,2026-06-29T00:00:00-06:00,,1,,false,ACTIVE,EA,,VALID,CURRENT,coolit-synthetic-v2.0.0,ALL_SYNTHETIC_CUSTOMERS,ALL_SYNTHETIC_PROGRAMS,CFG-CDU-03,SYNTHETIC_INTERNAL,SNP-COOLIT-20260925-BL,SCN-BASELINE,BOMC-11-022,BOM-CFG-CDU-03-A,P-FG-011,P-COMP-050,1,EA,50,OP-50,,0,2026-01-01,
TEN-COOLIT-SYN-001,SITE-COOLIT-SYN-01,ERP,BOM_COMPONENT,BOMC-11-023,BOMC-11-023,RESOLVED,2026-09-25T23:59:59-06:00,2026-09-26T08:00:00-06:00,2026-06-29T00:00:00-06:00,,1,,false,ACTIVE,EA,,VALID,CURRENT,coolit-synthetic-v2.0.0,ALL_SYNTHETIC_CUSTOMERS,ALL_SYNTHETIC_PROGRAMS,CFG-CDU-03,SYNTHETIC_INTERNAL,SNP-COOLIT-20260925-BL,SCN-BASELINE,BOMC-11-023,BOM-CFG-CDU-03-A,P-FG-011,P-COMP-057,1,EA,50,OP-50,SUB-HARNESS-2,0,2026-01-01,
TEN-COOLIT-SYN-001,SITE-COOLIT-SYN-01,ERP,BOM_COMPONENT,BOMC-11-024,BOMC-11-024,RESOLVED,2026-09-25T23:59:59-06:00,2026-09-26T08:00:00-06:00,2026-06-29T00:00:00-06:00,,1,,false,ACTIVE,EA,,VALID,CURRENT,coolit-synthetic-v2.0.0,ALL_SYNTHETIC_CUSTOMERS,ALL_SYNTHETIC_PROGRAMS,CFG-CDU-03,SYNTHETIC_INTERNAL,SNP-COOLIT-20260925-BL,SCN-BASELINE,BOMC-11-024,BOM-CFG-CDU-03-A,P-FG-011,P-COMP-064,1,EA,50,OP-50,,0,2026-01-01,
TEN-COOLIT-SYN-001,SITE-COOLIT-SYN-01,ERP,BOM_COMPONENT,BOMC-11-025,BOMC-11-025,RESOLVED,2026-09-25T23:59:59-06:00,2026-09-26T08:00:00-06:00,2026-06-29T00:00:00-06:00,,1,,false,ACTIVE,EA,,VALID,CURRENT,coolit-synthetic-v2.0.0,ALL_SYNTHETIC_CUSTOMERS,ALL_SYNTHETIC_PROGRAMS,CFG-CDU-03,SYNTHETIC_INTERNAL,SNP-COOLIT-20260925-BL,SCN-BASELINE,BOMC-11-025,BOM-CFG-CDU-03-A,P-FG-011,P-COMP-071,1,EA,50,OP-50,,0,2026-01-01,
TEN-COOLIT-SYN-001,SITE-COOLIT-SYN-01,ERP,BOM_COMPONENT,BOMC-11-026,BOMC-11-026,RESOLVED,2026-09-25T23:59:59-06:00,2026-09-26T08:00:00-06:00,2026-06-29T00:00:00-06:00,,1,,false,ACTIVE,EA,,VALID,CURRENT,coolit-synthetic-v2.0.0,ALL_SYNTHETIC_CUSTOMERS,ALL_SYNTHETIC_PROGRAMS,CFG-CDU-03,SYNTHETIC_INTERNAL,SNP-COOLIT-20260925-BL,SCN-BASELINE,BOMC-11-026,BOM-CFG-CDU-03-A,P-FG-011,P-COMP-078,1,EA,60,OP-60,,0,2026-01-01,
TEN-COOLIT-SYN-001,SITE-COOLIT-SYN-01,ERP,BOM_COMPONENT,BOMC-11-027,BOMC-11-027,RESOLVED,2026-09-25T23:59:59-06:00,2026-09-26T08:00:00-06:00,2026-06-29T00:00:00-06:00,,1,,false,ACTIVE,EA,,VALID,CURRENT,coolit-synthetic-v2.0.0,ALL_SYNTHETIC_CUSTOMERS,ALL_SYNTHETIC_PROGRAMS,CFG-CDU-03,SYNTHETIC_INTERNAL,SNP-COOLIT-20260925-BL,SCN-BASELINE,BOMC-11-027,BOM-CFG-CDU-03-A,P-FG-011,P-COMP-085,1,EA,60,OP-60,,0.02,2026-01-01,
TEN-COOLIT-SYN-001,SITE-COOLIT-SYN-01,ERP,BOM_COMPONENT,BOMC-11-028,BOMC-11-028,RESOLVED,2026-09-25T23:59:59-06:00,2026-09-26T08:00:00-06:00,2026-06-29T00:00:00-06:00,,1,,false,ACTIVE,EA,,VALID,CURRENT,coolit-synthetic-v2.0.0,ALL_SYNTHETIC_CUSTOMERS,ALL_SYNTHETIC_PROGRAMS,CFG-CDU-03,SYNTHETIC_INTERNAL,SNP-COOLIT-20260925-BL,SCN-BASELINE,BOMC-11-028,BOM-CFG-CDU-03-A,P-FG-011,P-COMP-092,2,EA,60,OP-60,,0,2026-01-01,
TEN-COOLIT-SYN-001,SITE-COOLIT-SYN-01,ERP,BOM_COMPONENT,BOMC-11-029,BOMC-11-029,RESOLVED,2026-09-25T23:59:59-06:00,2026-09-26T08:00:00-06:00,2026-06-29T00:00:00-06:00,,1,,false,ACTIVE,EA,,VALID,CURRENT,coolit-synthetic-v2.0.0,ALL_SYNTHETIC_CUSTOMERS,ALL_SYNTHETIC_PROGRAMS,CFG-CDU-03,SYNTHETIC_INTERNAL,SNP-COOLIT-20260925-BL,SCN-BASELINE,BOMC-11-029,BOM-CFG-CDU-03-A,P-FG-011,P-COMP-099,1,EA,60,OP-60,,0,2026-01-01,
TEN-COOLIT-SYN-001,SITE-COOLIT-SYN-01,ERP,BOM_COMPONENT,BOMC-11-030,BOMC-11-030,RESOLVED,2026-09-25T23:59:59-06:00,2026-09-26T08:00:00-06:00,2026-06-29T00:00:00-06:00,,1,,false,ACTIVE,EA,,VALID,CURRENT,coolit-synthetic-v2.0.0,ALL_SYNTHETIC_CUSTOMERS,ALL_SYNTHETIC_PROGRAMS,CFG-CDU-03,SYNTHETIC_INTERNAL,SNP-COOLIT-20260925-BL,SCN-BASELINE,BOMC-11-030,BOM-CFG-CDU-03-A,P-FG-011,P-COMP-106,1,EA,60,OP-60,,0,2026-01-01,
TEN-COOLIT-SYN-001,SITE-COOLIT-SYN-01,ERP,BOM_COMPONENT,BOMC-12-001,BOMC-12-001,RESOLVED,2026-09-25T23:59:59-06:00,2026-09-26T08:00:00-06:00,2026-06-29T00:00:00-06:00,,1,,false,ACTIVE,EA,,VALID,CURRENT,coolit-synthetic-v2.0.0,ALL_SYNTHETIC_CUSTOMERS,ALL_SYNTHETIC_PROGRAMS,CFG-CDU-04,SYNTHETIC_INTERNAL,SNP-COOLIT-20260925-BL,SCN-BASELINE,BOMC-12-001,BOM-CFG-CDU-04-A,P-FG-012,P-COMP-158,2,EA,10,OP-10,SUB-FILTER-1,0.02,2026-01-01,
TEN-COOLIT-SYN-001,SITE-COOLIT-SYN-01,ERP,BOM_COMPONENT,BOMC-12-002,BOMC-12-002,RESOLVED,2026-09-25T23:59:59-06:00,2026-09-26T08:00:00-06:00,2026-06-29T00:00:00-06:00,,1,,false,ACTIVE,EA,,VALID,CURRENT,coolit-synthetic-v2.0.0,ALL_SYNTHETIC_CUSTOMERS,ALL_SYNTHETIC_PROGRAMS,CFG-CDU-04,SYNTHETIC_INTERNAL,SNP-COOLIT-20260925-BL,SCN-BASELINE,BOMC-12-002,BOM-CFG-CDU-04-A,P-FG-012,P-COMP-165,1,EA,10,OP-10,,0,2026-01-01,
TEN-COOLIT-SYN-001,SITE-COOLIT-SYN-01,ERP,BOM_COMPONENT,BOMC-12-003,BOMC-12-003,RESOLVED,2026-09-25T23:59:59-06:00,2026-09-26T08:00:00-06:00,2026-06-29T00:00:00-06:00,,1,,false,ACTIVE,EA,,VALID,CURRENT,coolit-synthetic-v2.0.0,ALL_SYNTHETIC_CUSTOMERS,ALL_SYNTHETIC_PROGRAMS,CFG-CDU-04,SYNTHETIC_INTERNAL,SNP-COOLIT-20260925-BL,SCN-BASELINE,BOMC-12-003,BOM-CFG-CDU-04-A,P-FG-012,P-COMP-172,1,EA,10,OP-10,,0,2026-01-01,
TEN-COOLIT-SYN-001,SITE-COOLIT-SYN-01,ERP,BOM_COMPONENT,BOMC-12-004,BOMC-12-004,RESOLVED,2026-09-25T23:59:59-06:00,2026-09-26T08:00:00-06:00,2026-06-29T00:00:00-06:00,,1,,false,ACTIVE,EA,,VALID,CURRENT,coolit-synthetic-v2.0.0,ALL_SYNTHETIC_CUSTOMERS,ALL_SYNTHETIC_PROGRAMS,CFG-CDU-04,SYNTHETIC_INTERNAL,SNP-COOLIT-20260925-BL,SCN-BASELINE,BOMC-12-004,BOM-CFG-CDU-04-A,P-FG-012,P-COMP-179,1,EA,10,OP-10,,0,2026-01-01,
TEN-COOLIT-SYN-001,SITE-COOLIT-SYN-01,ERP,BOM_COMPONENT,BOMC-12-005,BOMC-12-005,RESOLVED,2026-09-25T23:59:59-06:00,2026-09-26T08:00:00-06:00,2026-06-29T00:00:00-06:00,,1,,false,ACTIVE,EA,,VALID,CURRENT,coolit-synthetic-v2.0.0,ALL_SYNTHETIC_CUSTOMERS,ALL_SYNTHETIC_PROGRAMS,CFG-CDU-04,SYNTHETIC_INTERNAL,SNP-COOLIT-20260925-BL,SCN-BASELINE,BOMC-12-005,BOM-CFG-CDU-04-A,P-FG-012,P-COMP-186,1,EA,10,OP-10,,0,2026-01-01,
TEN-COOLIT-SYN-001,SITE-COOLIT-SYN-01,ERP,BOM_COMPONENT,BOMC-12-006,BOMC-12-006,RESOLVED,2026-09-25T23:59:59-06:00,2026-09-26T08:00:00-06:00,2026-06-29T00:00:00-06:00,,1,,false,ACTIVE,EA,,VALID,CURRENT,coolit-synthetic-v2.0.0,ALL_SYNTHETIC_CUSTOMERS,ALL_SYNTHETIC_PROGRAMS,CFG-CDU-04,SYNTHETIC_INTERNAL,SNP-COOLIT-20260925-BL,SCN-BASELINE,BOMC-12-006,BOM-CFG-CDU-04-A,P-FG-012,P-COMP-193,1,EA,20,OP-20,,0,2026-01-01,
TEN-COOLIT-SYN-001,SITE-COOLIT-SYN-01,ERP,BOM_COMPONENT,BOMC-12-007,BOMC-12-007,RESOLVED,2026-09-25T23:59:59-06:00,2026-09-26T08:00:00-06:00,2026-06-29T00:00:00-06:00,,1,,false,ACTIVE,EA,,VALID,CURRENT,coolit-synthetic-v2.0.0,ALL_SYNTHETIC_CUSTOMERS,ALL_SYNTHETIC_PROGRAMS,CFG-CDU-04,SYNTHETIC_INTERNAL,SNP-COOLIT-20260925-BL,SCN-BASELINE,BOMC-12-007,BOM-CFG-CDU-04-A,P-FG-012,P-COMP-200,1,EA,20,OP-20,,0,2026-01-01,
TEN-COOLIT-SYN-001,SITE-COOLIT-SYN-01,ERP,BOM_COMPONENT,BOMC-12-008,BOMC-12-008,RESOLVED,2026-09-25T23:59:59-06:00,2026-09-26T08:00:00-06:00,2026-06-29T00:00:00-06:00,,1,,false,ACTIVE,EA,,VALID,CURRENT,coolit-synthetic-v2.0.0,ALL_SYNTHETIC_CUSTOMERS,ALL_SYNTHETIC_PROGRAMS,CFG-CDU-04,SYNTHETIC_INTERNAL,SNP-COOLIT-20260925-BL,SCN-BASELINE,BOMC-12-008,BOM-CFG-CDU-04-A,P-FG-012,P-COMP-207,1,EA,20,OP-20,,0,2026-01-01,
TEN-COOLIT-SYN-001,SITE-COOLIT-SYN-01,ERP,BOM_COMPONENT,BOMC-12-009,BOMC-12-009,RESOLVED,2026-09-25T23:59:59-06:00,2026-09-26T08:00:00-06:00,2026-06-29T00:00:00-06:00,,1,,false,ACTIVE,EA,,VALID,CURRENT,coolit-synthetic-v2.0.0,ALL_SYNTHETIC_CUSTOMERS,ALL_SYNTHETIC_PROGRAMS,CFG-CDU-04,SYNTHETIC_INTERNAL,SNP-COOLIT-20260925-BL,SCN-BASELINE,BOMC-12-009,BOM-CFG-CDU-04-A,P-FG-012,P-QD-006,1,EA,20,OP-20,,0,2026-01-01,
TEN-COOLIT-SYN-001,SITE-COOLIT-SYN-01,ERP,BOM_COMPONENT,BOMC-12-010,BOMC-12-010,RESOLVED,2026-09-25T23:59:59-06:00,2026-09-26T08:00:00-06:00,2026-06-29T00:00:00-06:00,,1,,false,ACTIVE,EA,,VALID,CURRENT,coolit-synthetic-v2.0.0,ALL_SYNTHETIC_CUSTOMERS,ALL_SYNTHETIC_PROGRAMS,CFG-CDU-04,SYNTHETIC_INTERNAL,SNP-COOLIT-20260925-BL,SCN-BASELINE,BOMC-12-010,BOM-CFG-CDU-04-A,P-FG-012,P-PUMP-003,2,EA,20,OP-20,,0,2026-01-01,
TEN-COOLIT-SYN-001,SITE-COOLIT-SYN-01,ERP,BOM_COMPONENT,BOMC-12-011,BOMC-12-011,RESOLVED,2026-09-25T23:59:59-06:00,2026-09-26T08:00:00-06:00,2026-06-29T00:00:00-06:00,,1,,false,ACTIVE,EA,,VALID,CURRENT,coolit-synthetic-v2.0.0,ALL_SYNTHETIC_CUSTOMERS,ALL_SYNTHETIC_PROGRAMS,CFG-CDU-04,SYNTHETIC_INTERNAL,SNP-COOLIT-20260925-BL,SCN-BASELINE,BOMC-12-011,BOM-CFG-CDU-04-A,P-FG-012,P-HX-002,1,EA,30,OP-30,,0,2026-01-01,
TEN-COOLIT-SYN-001,SITE-COOLIT-SYN-01,ERP,BOM_COMPONENT,BOMC-12-012,BOMC-12-012,RESOLVED,2026-09-25T23:59:59-06:00,2026-09-26T08:00:00-06:00,2026-06-29T00:00:00-06:00,,1,,false,ACTIVE,EA,,VALID,CURRENT,coolit-synthetic-v2.0.0,ALL_SYNTHETIC_CUSTOMERS,ALL_SYNTHETIC_PROGRAMS,CFG-CDU-04,SYNTHETIC_INTERNAL,SNP-COOLIT-20260925-BL,SCN-BASELINE,BOMC-12-012,BOM-CFG-CDU-04-A,P-FG-012,P-CTRL-003,1,EA,30,OP-30,SUB-CONTROLS-3,0,2026-01-01,
TEN-COOLIT-SYN-001,SITE-COOLIT-SYN-01,ERP,BOM_COMPONENT,BOMC-12-013,BOMC-12-013,RESOLVED,2026-09-25T23:59:59-06:00,2026-09-26T08:00:00-06:00,2026-06-29T00:00:00-06:00,,1,,false,ACTIVE,EA,,VALID,CURRENT,coolit-synthetic-v2.0.0,ALL_SYNTHETIC_CUSTOMERS,ALL_SYNTHETIC_PROGRAMS,CFG-CDU-04,SYNTHETIC_INTERNAL,SNP-COOLIT-20260925-BL,SCN-BASELINE,BOMC-12-013,BOM-CFG-CDU-04-A,P-FG-012,P-COMP-004,1,EA,30,OP-30,,0,2026-01-01,
TEN-COOLIT-SYN-001,SITE-COOLIT-SYN-01,ERP,BOM_COMPONENT,BOMC-12-014,BOMC-12-014,RESOLVED,2026-09-25T23:59:59-06:00,2026-09-26T08:00:00-06:00,2026-06-29T00:00:00-06:00,,1,,false,ACTIVE,EA,,VALID,CURRENT,coolit-synthetic-v2.0.0,ALL_SYNTHETIC_CUSTOMERS,ALL_SYNTHETIC_PROGRAMS,CFG-CDU-04,SYNTHETIC_INTERNAL,SNP-COOLIT-20260925-BL,SCN-BASELINE,BOMC-12-014,BOM-CFG-CDU-04-A,P-FG-012,P-COMP-011,1,EA,30,OP-30,,0.02,2026-01-01,
TEN-COOLIT-SYN-001,SITE-COOLIT-SYN-01,ERP,BOM_COMPONENT,BOMC-12-015,BOMC-12-015,RESOLVED,2026-09-25T23:59:59-06:00,2026-09-26T08:00:00-06:00,2026-06-29T00:00:00-06:00,,1,,false,ACTIVE,EA,,VALID,CURRENT,coolit-synthetic-v2.0.0,ALL_SYNTHETIC_CUSTOMERS,ALL_SYNTHETIC_PROGRAMS,CFG-CDU-04,SYNTHETIC_INTERNAL,SNP-COOLIT-20260925-BL,SCN-BASELINE,BOMC-12-015,BOM-CFG-CDU-04-A,P-FG-012,P-COMP-018,1,EA,30,OP-30,,0,2026-01-01,
TEN-COOLIT-SYN-001,SITE-COOLIT-SYN-01,ERP,BOM_COMPONENT,BOMC-12-016,BOMC-12-016,RESOLVED,2026-09-25T23:59:59-06:00,2026-09-26T08:00:00-06:00,2026-06-29T00:00:00-06:00,,1,,false,ACTIVE,EA,,VALID,CURRENT,coolit-synthetic-v2.0.0,ALL_SYNTHETIC_CUSTOMERS,ALL_SYNTHETIC_PROGRAMS,CFG-CDU-04,SYNTHETIC_INTERNAL,SNP-COOLIT-20260925-BL,SCN-BASELINE,BOMC-12-016,BOM-CFG-CDU-04-A,P-FG-012,P-COMP-025,1,EA,40,OP-40,,0,2026-01-01,
TEN-COOLIT-SYN-001,SITE-COOLIT-SYN-01,ERP,BOM_COMPONENT,BOMC-12-017,BOMC-12-017,RESOLVED,2026-09-25T23:59:59-06:00,2026-09-26T08:00:00-06:00,2026-06-29T00:00:00-06:00,,1,,false,ACTIVE,EA,,VALID,CURRENT,coolit-synthetic-v2.0.0,ALL_SYNTHETIC_CUSTOMERS,ALL_SYNTHETIC_PROGRAMS,CFG-CDU-04,SYNTHETIC_INTERNAL,SNP-COOLIT-20260925-BL,SCN-BASELINE,BOMC-12-017,BOM-CFG-CDU-04-A,P-FG-012,P-COMP-032,1,EA,40,OP-40,,0,2026-01-01,
TEN-COOLIT-SYN-001,SITE-COOLIT-SYN-01,ERP,BOM_COMPONENT,BOMC-12-018,BOMC-12-018,RESOLVED,2026-09-25T23:59:59-06:00,2026-09-26T08:00:00-06:00,2026-06-29T00:00:00-06:00,,1,,false,ACTIVE,EA,,VALID,CURRENT,coolit-synthetic-v2.0.0,ALL_SYNTHETIC_CUSTOMERS,ALL_SYNTHETIC_PROGRAMS,CFG-CDU-04,SYNTHETIC_INTERNAL,SNP-COOLIT-20260925-BL,SCN-BASELINE,BOMC-12-018,BOM-CFG-CDU-04-A,P-FG-012,P-COMP-039,1,EA,40,OP-40,,0,2026-01-01,
TEN-COOLIT-SYN-001,SITE-COOLIT-SYN-01,ERP,BOM_COMPONENT,BOMC-12-019,BOMC-12-019,RESOLVED,2026-09-25T23:59:59-06:00,2026-09-26T08:00:00-06:00,2026-06-29T00:00:00-06:00,,1,,false,ACTIVE,EA,,VALID,CURRENT,coolit-synthetic-v2.0.0,ALL_SYNTHETIC_CUSTOMERS,ALL_SYNTHETIC_PROGRAMS,CFG-CDU-04,SYNTHETIC_INTERNAL,SNP-COOLIT-20260925-BL,SCN-BASELINE,BOMC-12-019,BOM-CFG-CDU-04-A,P-FG-012,P-COMP-046,2,EA,40,OP-40,,0,2026-01-01,
TEN-COOLIT-SYN-001,SITE-COOLIT-SYN-01,ERP,BOM_COMPONENT,BOMC-12-020,BOMC-12-020,RESOLVED,2026-09-25T23:59:59-06:00,2026-09-26T08:00:00-06:00,2026-06-29T00:00:00-06:00,,1,,false,ACTIVE,EA,,VALID,CURRENT,coolit-synthetic-v2.0.0,ALL_SYNTHETIC_CUSTOMERS,ALL_SYNTHETIC_PROGRAMS,CFG-CDU-04,SYNTHETIC_INTERNAL,SNP-COOLIT-20260925-BL,SCN-BASELINE,BOMC-12-020,BOM-CFG-CDU-04-A,P-FG-012,P-COMP-053,1,EA,40,OP-40,,0,2026-01-01,
TEN-COOLIT-SYN-001,SITE-COOLIT-SYN-01,ERP,BOM_COMPONENT,BOMC-12-021,BOMC-12-021,RESOLVED,2026-09-25T23:59:59-06:00,2026-09-26T08:00:00-06:00,2026-06-29T00:00:00-06:00,,1,,false,ACTIVE,EA,,VALID,CURRENT,coolit-synthetic-v2.0.0,ALL_SYNTHETIC_CUSTOMERS,ALL_SYNTHETIC_PROGRAMS,CFG-CDU-04,SYNTHETIC_INTERNAL,SNP-COOLIT-20260925-BL,SCN-BASELINE,BOMC-12-021,BOM-CFG-CDU-04-A,P-FG-012,P-COMP-060,1,EA,50,OP-50,,0,2026-01-01,
TEN-COOLIT-SYN-001,SITE-COOLIT-SYN-01,ERP,BOM_COMPONENT,BOMC-12-022,BOMC-12-022,RESOLVED,2026-09-25T23:59:59-06:00,2026-09-26T08:00:00-06:00,2026-06-29T00:00:00-06:00,,1,,false,ACTIVE,EA,,VALID,CURRENT,coolit-synthetic-v2.0.0,ALL_SYNTHETIC_CUSTOMERS,ALL_SYNTHETIC_PROGRAMS,CFG-CDU-04,SYNTHETIC_INTERNAL,SNP-COOLIT-20260925-BL,SCN-BASELINE,BOMC-12-022,BOM-CFG-CDU-04-A,P-FG-012,P-COMP-067,1,EA,50,OP-50,,0,2026-01-01,
TEN-COOLIT-SYN-001,SITE-COOLIT-SYN-01,ERP,BOM_COMPONENT,BOMC-12-023,BOMC-12-023,RESOLVED,2026-09-25T23:59:59-06:00,2026-09-26T08:00:00-06:00,2026-06-29T00:00:00-06:00,,1,,false,ACTIVE,EA,,VALID,CURRENT,coolit-synthetic-v2.0.0,ALL_SYNTHETIC_CUSTOMERS,ALL_SYNTHETIC_PROGRAMS,CFG-CDU-04,SYNTHETIC_INTERNAL,SNP-COOLIT-20260925-BL,SCN-BASELINE,BOMC-12-023,BOM-CFG-CDU-04-A,P-FG-012,P-COMP-074,1,EA,50,OP-50,SUB-COLDPLATE_BLANK-2,0,2026-01-01,
TEN-COOLIT-SYN-001,SITE-COOLIT-SYN-01,ERP,BOM_COMPONENT,BOMC-12-024,BOMC-12-024,RESOLVED,2026-09-25T23:59:59-06:00,2026-09-26T08:00:00-06:00,2026-06-29T00:00:00-06:00,,1,,false,ACTIVE,EA,,VALID,CURRENT,coolit-synthetic-v2.0.0,ALL_SYNTHETIC_CUSTOMERS,ALL_SYNTHETIC_PROGRAMS,CFG-CDU-04,SYNTHETIC_INTERNAL,SNP-COOLIT-20260925-BL,SCN-BASELINE,BOMC-12-024,BOM-CFG-CDU-04-A,P-FG-012,P-COMP-081,1,EA,50,OP-50,,0,2026-01-01,
TEN-COOLIT-SYN-001,SITE-COOLIT-SYN-01,ERP,BOM_COMPONENT,BOMC-12-025,BOMC-12-025,RESOLVED,2026-09-25T23:59:59-06:00,2026-09-26T08:00:00-06:00,2026-06-29T00:00:00-06:00,,1,,false,ACTIVE,EA,,VALID,CURRENT,coolit-synthetic-v2.0.0,ALL_SYNTHETIC_CUSTOMERS,ALL_SYNTHETIC_PROGRAMS,CFG-CDU-04,SYNTHETIC_INTERNAL,SNP-COOLIT-20260925-BL,SCN-BASELINE,BOMC-12-025,BOM-CFG-CDU-04-A,P-FG-012,P-COMP-088,1,EA,50,OP-50,,0,2026-01-01,
TEN-COOLIT-SYN-001,SITE-COOLIT-SYN-01,ERP,BOM_COMPONENT,BOMC-12-026,BOMC-12-026,RESOLVED,2026-09-25T23:59:59-06:00,2026-09-26T08:00:00-06:00,2026-06-29T00:00:00-06:00,,1,,false,ACTIVE,EA,,VALID,CURRENT,coolit-synthetic-v2.0.0,ALL_SYNTHETIC_CUSTOMERS,ALL_SYNTHETIC_PROGRAMS,CFG-CDU-04,SYNTHETIC_INTERNAL,SNP-COOLIT-20260925-BL,SCN-BASELINE,BOMC-12-026,BOM-CFG-CDU-04-A,P-FG-012,P-COMP-095,1,EA,60,OP-60,,0,2026-01-01,
TEN-COOLIT-SYN-001,SITE-COOLIT-SYN-01,ERP,BOM_COMPONENT,BOMC-12-027,BOMC-12-027,RESOLVED,2026-09-25T23:59:59-06:00,2026-09-26T08:00:00-06:00,2026-06-29T00:00:00-06:00,,1,,false,ACTIVE,EA,,VALID,CURRENT,coolit-synthetic-v2.0.0,ALL_SYNTHETIC_CUSTOMERS,ALL_SYNTHETIC_PROGRAMS,CFG-CDU-04,SYNTHETIC_INTERNAL,SNP-COOLIT-20260925-BL,SCN-BASELINE,BOMC-12-027,BOM-CFG-CDU-04-A,P-FG-012,P-COMP-102,1,EA,60,OP-60,,0.02,2026-01-01,
TEN-COOLIT-SYN-001,SITE-COOLIT-SYN-01,ERP,BOM_COMPONENT,BOMC-12-028,BOMC-12-028,RESOLVED,2026-09-25T23:59:59-06:00,2026-09-26T08:00:00-06:00,2026-06-29T00:00:00-06:00,,1,,false,ACTIVE,EA,,VALID,CURRENT,coolit-synthetic-v2.0.0,ALL_SYNTHETIC_CUSTOMERS,ALL_SYNTHETIC_PROGRAMS,CFG-CDU-04,SYNTHETIC_INTERNAL,SNP-COOLIT-20260925-BL,SCN-BASELINE,BOMC-12-028,BOM-CFG-CDU-04-A,P-FG-012,P-COMP-109,2,EA,60,OP-60,,0,2026-01-01,
TEN-COOLIT-SYN-001,SITE-COOLIT-SYN-01,ERP,BOM_COMPONENT,BOMC-12-029,BOMC-12-029,RESOLVED,2026-09-25T23:59:59-06:00,2026-09-26T08:00:00-06:00,2026-06-29T00:00:00-06:00,,1,,false,ACTIVE,EA,,VALID,CURRENT,coolit-synthetic-v2.0.0,ALL_SYNTHETIC_CUSTOMERS,ALL_SYNTHETIC_PROGRAMS,CFG-CDU-04,SYNTHETIC_INTERNAL,SNP-COOLIT-20260925-BL,SCN-BASELINE,BOMC-12-029,BOM-CFG-CDU-04-A,P-FG-012,P-COMP-116,1,EA,60,OP-60,,0,2026-01-01,
TEN-COOLIT-SYN-001,SITE-COOLIT-SYN-01,ERP,BOM_COMPONENT,BOMC-12-030,BOMC-12-030,RESOLVED,2026-09-25T23:59:59-06:00,2026-09-26T08:00:00-06:00,2026-06-29T00:00:00-06:00,,1,,false,ACTIVE,EA,,VALID,CURRENT,coolit-synthetic-v2.0.0,ALL_SYNTHETIC_CUSTOMERS,ALL_SYNTHETIC_PROGRAMS,CFG-CDU-04,SYNTHETIC_INTERNAL,SNP-COOLIT-20260925-BL,SCN-BASELINE,BOMC-12-030,BOM-CFG-CDU-04-A,P-FG-012,P-COMP-123,1,EA,60,OP-60,,0,2026-01-01,
