tenant_id,site_id,source_system,source_object,source_record_id,canonical_id,crosswalk_status,source_event_at,ingested_at,effective_from,effective_to,record_version,supersedes_source_record_id,is_deleted,semantic_status,uom,currency,data_quality_state,freshness_state,transformation_version,customer_scope,program_scope,product_scope,sensitivity_class,snapshot_id,scenario_id,cycle_count_id,location_balance_id,count_class,requested_date,counted_date,book_qty,counted_qty,variance_qty,variance_value_cad,approval_state,adjustment_reference
TEN-COOLIT-SYN-001,SITE-COOLIT-SYN-01,WMS,CYCLE_COUNT,CC-0001-1,LBAL-0001-1,RESOLVED,2026-09-25T23:59:59-06:00,2026-09-26T08:00:00-06:00,2026-06-29T00:00:00-06:00,,1,,false,ACTIVE,EA,,VALID,CURRENT,coolit-synthetic-v2.0.0,ALL_SYNTHETIC_CUSTOMERS,ALL_SYNTHETIC_PROGRAMS,P-FG-001,SYNTHETIC_INTERNAL,SNP-COOLIT-20260925-BL,SCN-BASELINE,CC-0001-1,LBAL-0001-1,A,2026-08-01,2026-08-02,3,4,1,8000,APPROVED_ADJUSTMENT,ADJ-CC-0001-1
TEN-COOLIT-SYN-001,SITE-COOLIT-SYN-01,WMS,CYCLE_COUNT,CC-0001-2,LBAL-0001-2,RESOLVED,2026-09-25T23:59:59-06:00,2026-09-26T08:00:00-06:00,2026-06-29T00:00:00-06:00,,1,,false,ACTIVE,EA,,VALID,CURRENT,coolit-synthetic-v2.0.0,ALL_SYNTHETIC_CUSTOMERS,ALL_SYNTHETIC_PROGRAMS,P-FG-001,SYNTHETIC_INTERNAL,SNP-COOLIT-20260925-BL,SCN-BASELINE,CC-0001-2,LBAL-0001-2,A,2026-08-02,2026-08-03,2,2,0,0,NO_VARIANCE,
TEN-COOLIT-SYN-001,SITE-COOLIT-SYN-01,WMS,CYCLE_COUNT,CC-0002-1,LBAL-0002-1,RESOLVED,2026-09-25T23:59:59-06:00,2026-09-26T08:00:00-06:00,2026-06-29T00:00:00-06:00,,1,,false,ACTIVE,EA,,VALID,CURRENT,coolit-synthetic-v2.0.0,ALL_SYNTHETIC_CUSTOMERS,ALL_SYNTHETIC_PROGRAMS,P-FG-002,SYNTHETIC_INTERNAL,SNP-COOLIT-20260925-BL,SCN-BASELINE,CC-0002-1,LBAL-0002-1,B,2026-08-02,2026-08-03,5,5,0,0,NO_VARIANCE,
TEN-COOLIT-SYN-001,SITE-COOLIT-SYN-01,WMS,CYCLE_COUNT,CC-0002-2,LBAL-0002-2,RESOLVED,2026-09-25T23:59:59-06:00,2026-09-26T08:00:00-06:00,2026-06-29T00:00:00-06:00,,1,,false,ACTIVE,EA,,VALID,CURRENT,coolit-synthetic-v2.0.0,ALL_SYNTHETIC_CUSTOMERS,ALL_SYNTHETIC_PROGRAMS,P-FG-002,SYNTHETIC_INTERNAL,SNP-COOLIT-20260925-BL,SCN-BASELINE,CC-0002-2,LBAL-0002-2,B,2026-08-03,2026-08-04,3,3,0,0,NO_VARIANCE,
TEN-COOLIT-SYN-001,SITE-COOLIT-SYN-01,WMS,CYCLE_COUNT,CC-0003-1,LBAL-0003-1,RESOLVED,2026-09-25T23:59:59-06:00,2026-09-26T08:00:00-06:00,2026-06-29T00:00:00-06:00,,1,,false,ACTIVE,EA,,VALID,CURRENT,coolit-synthetic-v2.0.0,ALL_SYNTHETIC_CUSTOMERS,ALL_SYNTHETIC_PROGRAMS,P-FG-003,SYNTHETIC_INTERNAL,SNP-COOLIT-20260925-BL,SCN-BASELINE,CC-0003-1,LBAL-0003-1,C,2026-08-03,2026-08-04,6,6,0,0,NO_VARIANCE,
TEN-COOLIT-SYN-001,SITE-COOLIT-SYN-01,WMS,CYCLE_COUNT,CC-0003-2,LBAL-0003-2,RESOLVED,2026-09-25T23:59:59-06:00,2026-09-26T08:00:00-06:00,2026-06-29T00:00:00-06:00,,1,,false,ACTIVE,EA,,VALID,CURRENT,coolit-synthetic-v2.0.0,ALL_SYNTHETIC_CUSTOMERS,ALL_SYNTHETIC_PROGRAMS,P-FG-003,SYNTHETIC_INTERNAL,SNP-COOLIT-20260925-BL,SCN-BASELINE,CC-0003-2,LBAL-0003-2,C,2026-08-04,2026-08-05,3,3,0,0,NO_VARIANCE,
TEN-COOLIT-SYN-001,SITE-COOLIT-SYN-01,WMS,CYCLE_COUNT,CC-0004-1,LBAL-0004-1,RESOLVED,2026-09-25T23:59:59-06:00,2026-09-26T08:00:00-06:00,2026-06-29T00:00:00-06:00,,1,,false,ACTIVE,EA,,VALID,CURRENT,coolit-synthetic-v2.0.0,ALL_SYNTHETIC_CUSTOMERS,ALL_SYNTHETIC_PROGRAMS,P-FG-004,SYNTHETIC_INTERNAL,SNP-COOLIT-20260925-BL,SCN-BASELINE,CC-0004-1,LBAL-0004-1,A,2026-08-04,2026-08-05,7,7,0,0,NO_VARIANCE,
TEN-COOLIT-SYN-001,SITE-COOLIT-SYN-01,WMS,CYCLE_COUNT,CC-0004-2,LBAL-0004-2,RESOLVED,2026-09-25T23:59:59-06:00,2026-09-26T08:00:00-06:00,2026-06-29T00:00:00-06:00,,1,,false,ACTIVE,EA,,VALID,CURRENT,coolit-synthetic-v2.0.0,ALL_SYNTHETIC_CUSTOMERS,ALL_SYNTHETIC_PROGRAMS,P-FG-004,SYNTHETIC_INTERNAL,SNP-COOLIT-20260925-BL,SCN-BASELINE,CC-0004-2,LBAL-0004-2,A,2026-08-05,2026-08-06,3,3,0,0,NO_VARIANCE,
TEN-COOLIT-SYN-001,SITE-COOLIT-SYN-01,WMS,CYCLE_COUNT,CC-0005-1,LBAL-0005-1,RESOLVED,2026-09-25T23:59:59-06:00,2026-09-26T08:00:00-06:00,2026-06-29T00:00:00-06:00,,1,,false,ACTIVE,EA,,VALID,CURRENT,coolit-synthetic-v2.0.0,ALL_SYNTHETIC_CUSTOMERS,ALL_SYNTHETIC_PROGRAMS,P-FG-005,SYNTHETIC_INTERNAL,SNP-COOLIT-20260925-BL,SCN-BASELINE,CC-0005-1,LBAL-0005-1,B,2026-08-05,2026-08-06,10,10,0,0,NO_VARIANCE,
TEN-COOLIT-SYN-001,SITE-COOLIT-SYN-01,WMS,CYCLE_COUNT,CC-0005-2,LBAL-0005-2,RESOLVED,2026-09-25T23:59:59-06:00,2026-09-26T08:00:00-06:00,2026-06-29T00:00:00-06:00,,1,,false,ACTIVE,EA,,VALID,CURRENT,coolit-synthetic-v2.0.0,ALL_SYNTHETIC_CUSTOMERS,ALL_SYNTHETIC_PROGRAMS,P-FG-005,SYNTHETIC_INTERNAL,SNP-COOLIT-20260925-BL,SCN-BASELINE,CC-0005-2,LBAL-0005-2,B,2026-08-06,2026-08-07,5,5,0,0,NO_VARIANCE,
TEN-COOLIT-SYN-001,SITE-COOLIT-SYN-01,WMS,CYCLE_COUNT,CC-0006-1,LBAL-0006-1,RESOLVED,2026-09-25T23:59:59-06:00,2026-09-26T08:00:00-06:00,2026-06-29T00:00:00-06:00,,1,,false,ACTIVE,EA,,VALID,CURRENT,coolit-synthetic-v2.0.0,ALL_SYNTHETIC_CUSTOMERS,ALL_SYNTHETIC_PROGRAMS,P-FG-006,SYNTHETIC_INTERNAL,SNP-COOLIT-20260925-BL,SCN-BASELINE,CC-0006-1,LBAL-0006-1,C,2026-08-06,2026-08-07,7,7,0,0,NO_VARIANCE,
TEN-COOLIT-SYN-001,SITE-COOLIT-SYN-01,WMS,CYCLE_COUNT,CC-0006-2,LBAL-0006-2,RESOLVED,2026-09-25T23:59:59-06:00,2026-09-26T08:00:00-06:00,2026-06-29T00:00:00-06:00,,1,,false,ACTIVE,EA,,VALID,CURRENT,coolit-synthetic-v2.0.0,ALL_SYNTHETIC_CUSTOMERS,ALL_SYNTHETIC_PROGRAMS,P-FG-006,SYNTHETIC_INTERNAL,SNP-COOLIT-20260925-BL,SCN-BASELINE,CC-0006-2,LBAL-0006-2,C,2026-08-07,2026-08-08,4,4,0,0,NO_VARIANCE,
TEN-COOLIT-SYN-001,SITE-COOLIT-SYN-01,WMS,CYCLE_COUNT,CC-0007-1,LBAL-0007-1,RESOLVED,2026-09-25T23:59:59-06:00,2026-09-26T08:00:00-06:00,2026-06-29T00:00:00-06:00,,1,,false,ACTIVE,EA,,VALID,CURRENT,coolit-synthetic-v2.0.0,ALL_SYNTHETIC_CUSTOMERS,ALL_SYNTHETIC_PROGRAMS,P-FG-007,SYNTHETIC_INTERNAL,SNP-COOLIT-20260925-BL,SCN-BASELINE,CC-0007-1,LBAL-0007-1,A,2026-08-07,2026-08-08,8,8,0,0,NO_VARIANCE,
TEN-COOLIT-SYN-001,SITE-COOLIT-SYN-01,WMS,CYCLE_COUNT,CC-0007-2,LBAL-0007-2,RESOLVED,2026-09-25T23:59:59-06:00,2026-09-26T08:00:00-06:00,2026-06-29T00:00:00-06:00,,1,,false,ACTIVE,EA,,VALID,CURRENT,coolit-synthetic-v2.0.0,ALL_SYNTHETIC_CUSTOMERS,ALL_SYNTHETIC_PROGRAMS,P-FG-007,SYNTHETIC_INTERNAL,SNP-COOLIT-20260925-BL,SCN-BASELINE,CC-0007-2,LBAL-0007-2,A,2026-08-08,2026-08-09,4,4,0,0,NO_VARIANCE,
TEN-COOLIT-SYN-001,SITE-COOLIT-SYN-01,WMS,CYCLE_COUNT,CC-0008-1,LBAL-0008-1,RESOLVED,2026-09-25T23:59:59-06:00,2026-09-26T08:00:00-06:00,2026-06-29T00:00:00-06:00,,1,,false,ACTIVE,EA,,VALID,CURRENT,coolit-synthetic-v2.0.0,ALL_SYNTHETIC_CUSTOMERS,ALL_SYNTHETIC_PROGRAMS,P-FG-008,SYNTHETIC_INTERNAL,SNP-COOLIT-20260925-BL,SCN-BASELINE,CC-0008-1,LBAL-0008-1,B,2026-08-08,2026-08-09,9,9,0,0,NO_VARIANCE,
TEN-COOLIT-SYN-001,SITE-COOLIT-SYN-01,WMS,CYCLE_COUNT,CC-0008-2,LBAL-0008-2,RESOLVED,2026-09-25T23:59:59-06:00,2026-09-26T08:00:00-06:00,2026-06-29T00:00:00-06:00,,1,,false,ACTIVE,EA,,VALID,CURRENT,coolit-synthetic-v2.0.0,ALL_SYNTHETIC_CUSTOMERS,ALL_SYNTHETIC_PROGRAMS,P-FG-008,SYNTHETIC_INTERNAL,SNP-COOLIT-20260925-BL,SCN-BASELINE,CC-0008-2,LBAL-0008-2,B,2026-08-09,2026-08-10,4,4,0,0,NO_VARIANCE,
TEN-COOLIT-SYN-001,SITE-COOLIT-SYN-01,WMS,CYCLE_COUNT,CC-0009-1,LBAL-0009-1,RESOLVED,2026-09-25T23:59:59-06:00,2026-09-26T08:00:00-06:00,2026-06-29T00:00:00-06:00,,1,,false,ACTIVE,EA,,VALID,CURRENT,coolit-synthetic-v2.0.0,ALL_SYNTHETIC_CUSTOMERS,ALL_SYNTHETIC_PROGRAMS,P-FG-009,SYNTHETIC_INTERNAL,SNP-COOLIT-20260925-BL,SCN-BASELINE,CC-0009-1,LBAL-0009-1,C,2026-08-09,2026-08-10,7,7,0,0,NO_VARIANCE,
TEN-COOLIT-SYN-001,SITE-COOLIT-SYN-01,WMS,CYCLE_COUNT,CC-0009-2,LBAL-0009-2,RESOLVED,2026-09-25T23:59:59-06:00,2026-09-26T08:00:00-06:00,2026-06-29T00:00:00-06:00,,1,,false,ACTIVE,EA,,VALID,CURRENT,coolit-synthetic-v2.0.0,ALL_SYNTHETIC_CUSTOMERS,ALL_SYNTHETIC_PROGRAMS,P-FG-009,SYNTHETIC_INTERNAL,SNP-COOLIT-20260925-BL,SCN-BASELINE,CC-0009-2,LBAL-0009-2,C,2026-08-10,2026-08-11,3,3,0,0,NO_VARIANCE,
TEN-COOLIT-SYN-001,SITE-COOLIT-SYN-01,WMS,CYCLE_COUNT,CC-0010-1,LBAL-0010-1,RESOLVED,2026-09-25T23:59:59-06:00,2026-09-26T08:00:00-06:00,2026-06-29T00:00:00-06:00,,1,,false,ACTIVE,EA,,VALID,CURRENT,coolit-synthetic-v2.0.0,ALL_SYNTHETIC_CUSTOMERS,ALL_SYNTHETIC_PROGRAMS,P-FG-010,SYNTHETIC_INTERNAL,SNP-COOLIT-20260925-BL,SCN-BASELINE,CC-0010-1,LBAL-0010-1,A,2026-08-10,2026-08-11,7,7,0,0,NO_VARIANCE,
TEN-COOLIT-SYN-001,SITE-COOLIT-SYN-01,WMS,CYCLE_COUNT,CC-0010-2,LBAL-0010-2,RESOLVED,2026-09-25T23:59:59-06:00,2026-09-26T08:00:00-06:00,2026-06-29T00:00:00-06:00,,1,,false,ACTIVE,EA,,VALID,CURRENT,coolit-synthetic-v2.0.0,ALL_SYNTHETIC_CUSTOMERS,ALL_SYNTHETIC_PROGRAMS,P-FG-010,SYNTHETIC_INTERNAL,SNP-COOLIT-20260925-BL,SCN-BASELINE,CC-0010-2,LBAL-0010-2,A,2026-08-11,2026-08-12,4,4,0,0,NO_VARIANCE,
TEN-COOLIT-SYN-001,SITE-COOLIT-SYN-01,WMS,CYCLE_COUNT,CC-0011-1,LBAL-0011-1,RESOLVED,2026-09-25T23:59:59-06:00,2026-09-26T08:00:00-06:00,2026-06-29T00:00:00-06:00,,1,,false,ACTIVE,EA,,VALID,CURRENT,coolit-synthetic-v2.0.0,ALL_SYNTHETIC_CUSTOMERS,ALL_SYNTHETIC_PROGRAMS,P-FG-011,SYNTHETIC_INTERNAL,SNP-COOLIT-20260925-BL,SCN-BASELINE,CC-0011-1,LBAL-0011-1,B,2026-08-11,2026-08-12,4,4,0,0,NO_VARIANCE,
TEN-COOLIT-SYN-001,SITE-COOLIT-SYN-01,WMS,CYCLE_COUNT,CC-0011-2,LBAL-0011-2,RESOLVED,2026-09-25T23:59:59-06:00,2026-09-26T08:00:00-06:00,2026-06-29T00:00:00-06:00,,1,,false,ACTIVE,EA,,VALID,CURRENT,coolit-synthetic-v2.0.0,ALL_SYNTHETIC_CUSTOMERS,ALL_SYNTHETIC_PROGRAMS,P-FG-011,SYNTHETIC_INTERNAL,SNP-COOLIT-20260925-BL,SCN-BASELINE,CC-0011-2,LBAL-0011-2,B,2026-08-12,2026-08-13,3,3,0,0,NO_VARIANCE,
TEN-COOLIT-SYN-001,SITE-COOLIT-SYN-01,WMS,CYCLE_COUNT,CC-0012-1,LBAL-0012-1,RESOLVED,2026-09-25T23:59:59-06:00,2026-09-26T08:00:00-06:00,2026-06-29T00:00:00-06:00,,1,,false,ACTIVE,EA,,VALID,CURRENT,coolit-synthetic-v2.0.0,ALL_SYNTHETIC_CUSTOMERS,ALL_SYNTHETIC_PROGRAMS,P-FG-012,SYNTHETIC_INTERNAL,SNP-COOLIT-20260925-BL,SCN-BASELINE,CC-0012-1,LBAL-0012-1,C,2026-08-12,2026-08-13,5,5,0,0,NO_VARIANCE,
TEN-COOLIT-SYN-001,SITE-COOLIT-SYN-01,WMS,CYCLE_COUNT,CC-0012-2,LBAL-0012-2,RESOLVED,2026-09-25T23:59:59-06:00,2026-09-26T08:00:00-06:00,2026-06-29T00:00:00-06:00,,1,,false,ACTIVE,EA,,VALID,CURRENT,coolit-synthetic-v2.0.0,ALL_SYNTHETIC_CUSTOMERS,ALL_SYNTHETIC_PROGRAMS,P-FG-012,SYNTHETIC_INTERNAL,SNP-COOLIT-20260925-BL,SCN-BASELINE,CC-0012-2,LBAL-0012-2,C,2026-08-13,2026-08-14,3,3,0,0,NO_VARIANCE,
TEN-COOLIT-SYN-001,SITE-COOLIT-SYN-01,WMS,CYCLE_COUNT,CC-0013-1,LBAL-0013-1,RESOLVED,2026-09-25T23:59:59-06:00,2026-09-26T08:00:00-06:00,2026-06-29T00:00:00-06:00,,1,,false,ACTIVE,EA,,VALID,CURRENT,coolit-synthetic-v2.0.0,ALL_SYNTHETIC_CUSTOMERS,ALL_SYNTHETIC_PROGRAMS,P-QD-001,SYNTHETIC_INTERNAL,SNP-COOLIT-20260925-BL,SCN-BASELINE,CC-0013-1,LBAL-0013-1,A,2026-08-13,2026-08-14,76,76,0,0,NO_VARIANCE,
TEN-COOLIT-SYN-001,SITE-COOLIT-SYN-01,WMS,CYCLE_COUNT,CC-0013-2,LBAL-0013-2,RESOLVED,2026-09-25T23:59:59-06:00,2026-09-26T08:00:00-06:00,2026-06-29T00:00:00-06:00,,1,,false,ACTIVE,EA,,VALID,CURRENT,coolit-synthetic-v2.0.0,ALL_SYNTHETIC_CUSTOMERS,ALL_SYNTHETIC_PROGRAMS,P-QD-001,SYNTHETIC_INTERNAL,SNP-COOLIT-20260925-BL,SCN-BASELINE,CC-0013-2,LBAL-0013-2,A,2026-08-14,2026-08-15,33,33,0,0,NO_VARIANCE,
TEN-COOLIT-SYN-001,SITE-COOLIT-SYN-01,WMS,CYCLE_COUNT,CC-0014-1,LBAL-0014-1,RESOLVED,2026-09-25T23:59:59-06:00,2026-09-26T08:00:00-06:00,2026-06-29T00:00:00-06:00,,1,,false,ACTIVE,EA,,VALID,CURRENT,coolit-synthetic-v2.0.0,ALL_SYNTHETIC_CUSTOMERS,ALL_SYNTHETIC_PROGRAMS,P-QD-002,SYNTHETIC_INTERNAL,SNP-COOLIT-20260925-BL,SCN-BASELINE,CC-0014-1,LBAL-0014-1,B,2026-08-14,2026-08-15,77,77,0,0,NO_VARIANCE,
TEN-COOLIT-SYN-001,SITE-COOLIT-SYN-01,WMS,CYCLE_COUNT,CC-0014-2,LBAL-0014-2,RESOLVED,2026-09-25T23:59:59-06:00,2026-09-26T08:00:00-06:00,2026-06-29T00:00:00-06:00,,1,,false,ACTIVE,EA,,VALID,CURRENT,coolit-synthetic-v2.0.0,ALL_SYNTHETIC_CUSTOMERS,ALL_SYNTHETIC_PROGRAMS,P-QD-002,SYNTHETIC_INTERNAL,SNP-COOLIT-20260925-BL,SCN-BASELINE,CC-0014-2,LBAL-0014-2,B,2026-08-15,2026-08-16,33,33,0,0,NO_VARIANCE,
TEN-COOLIT-SYN-001,SITE-COOLIT-SYN-01,WMS,CYCLE_COUNT,CC-0015-1,LBAL-0015-1,RESOLVED,2026-09-25T23:59:59-06:00,2026-09-26T08:00:00-06:00,2026-06-29T00:00:00-06:00,,1,,false,ACTIVE,EA,,VALID,CURRENT,coolit-synthetic-v2.0.0,ALL_SYNTHETIC_CUSTOMERS,ALL_SYNTHETIC_PROGRAMS,P-QD-003,SYNTHETIC_INTERNAL,SNP-COOLIT-20260925-BL,SCN-BASELINE,CC-0015-1,LBAL-0015-1,C,2026-08-15,2026-08-16,77,77,0,0,NO_VARIANCE,
TEN-COOLIT-SYN-001,SITE-COOLIT-SYN-01,WMS,CYCLE_COUNT,CC-0015-2,LBAL-0015-2,RESOLVED,2026-09-25T23:59:59-06:00,2026-09-26T08:00:00-06:00,2026-06-29T00:00:00-06:00,,1,,false,ACTIVE,EA,,VALID,CURRENT,coolit-synthetic-v2.0.0,ALL_SYNTHETIC_CUSTOMERS,ALL_SYNTHETIC_PROGRAMS,P-QD-003,SYNTHETIC_INTERNAL,SNP-COOLIT-20260925-BL,SCN-BASELINE,CC-0015-2,LBAL-0015-2,C,2026-08-16,2026-08-17,34,34,0,0,NO_VARIANCE,
TEN-COOLIT-SYN-001,SITE-COOLIT-SYN-01,WMS,CYCLE_COUNT,CC-0016-1,LBAL-0016-1,RESOLVED,2026-09-25T23:59:59-06:00,2026-09-26T08:00:00-06:00,2026-06-29T00:00:00-06:00,,1,,false,ACTIVE,EA,,VALID,CURRENT,coolit-synthetic-v2.0.0,ALL_SYNTHETIC_CUSTOMERS,ALL_SYNTHETIC_PROGRAMS,P-QD-004,SYNTHETIC_INTERNAL,SNP-COOLIT-20260925-BL,SCN-BASELINE,CC-0016-1,LBAL-0016-1,A,2026-08-16,2026-08-17,78,78,0,0,NO_VARIANCE,
TEN-COOLIT-SYN-001,SITE-COOLIT-SYN-01,WMS,CYCLE_COUNT,CC-0016-2,LBAL-0016-2,RESOLVED,2026-09-25T23:59:59-06:00,2026-09-26T08:00:00-06:00,2026-06-29T00:00:00-06:00,,1,,false,ACTIVE,EA,,VALID,CURRENT,coolit-synthetic-v2.0.0,ALL_SYNTHETIC_CUSTOMERS,ALL_SYNTHETIC_PROGRAMS,P-QD-004,SYNTHETIC_INTERNAL,SNP-COOLIT-20260925-BL,SCN-BASELINE,CC-0016-2,LBAL-0016-2,A,2026-08-17,2026-08-18,34,34,0,0,NO_VARIANCE,
TEN-COOLIT-SYN-001,SITE-COOLIT-SYN-01,WMS,CYCLE_COUNT,CC-0017-1,LBAL-0017-1,RESOLVED,2026-09-25T23:59:59-06:00,2026-09-26T08:00:00-06:00,2026-06-29T00:00:00-06:00,,1,,false,ACTIVE,EA,,VALID,CURRENT,coolit-synthetic-v2.0.0,ALL_SYNTHETIC_CUSTOMERS,ALL_SYNTHETIC_PROGRAMS,P-QD-005,SYNTHETIC_INTERNAL,SNP-COOLIT-20260925-BL,SCN-BASELINE,CC-0017-1,LBAL-0017-1,B,2026-08-17,2026-08-18,79,79,0,0,NO_VARIANCE,
TEN-COOLIT-SYN-001,SITE-COOLIT-SYN-01,WMS,CYCLE_COUNT,CC-0017-2,LBAL-0017-2,RESOLVED,2026-09-25T23:59:59-06:00,2026-09-26T08:00:00-06:00,2026-06-29T00:00:00-06:00,,1,,false,ACTIVE,EA,,VALID,CURRENT,coolit-synthetic-v2.0.0,ALL_SYNTHETIC_CUSTOMERS,ALL_SYNTHETIC_PROGRAMS,P-QD-005,SYNTHETIC_INTERNAL,SNP-COOLIT-20260925-BL,SCN-BASELINE,CC-0017-2,LBAL-0017-2,B,2026-08-18,2026-08-19,34,34,0,0,NO_VARIANCE,
TEN-COOLIT-SYN-001,SITE-COOLIT-SYN-01,WMS,CYCLE_COUNT,CC-0018-1,LBAL-0018-1,RESOLVED,2026-09-25T23:59:59-06:00,2026-09-26T08:00:00-06:00,2026-06-29T00:00:00-06:00,,1,,false,ACTIVE,EA,,VALID,CURRENT,coolit-synthetic-v2.0.0,ALL_SYNTHETIC_CUSTOMERS,ALL_SYNTHETIC_PROGRAMS,P-QD-006,SYNTHETIC_INTERNAL,SNP-COOLIT-20260925-BL,SCN-BASELINE,CC-0018-1,LBAL-0018-1,C,2026-08-18,2026-08-19,78,78,0,0,NO_VARIANCE,
TEN-COOLIT-SYN-001,SITE-COOLIT-SYN-01,WMS,CYCLE_COUNT,CC-0018-2,LBAL-0018-2,RESOLVED,2026-09-25T23:59:59-06:00,2026-09-26T08:00:00-06:00,2026-06-29T00:00:00-06:00,,1,,false,ACTIVE,EA,,VALID,CURRENT,coolit-synthetic-v2.0.0,ALL_SYNTHETIC_CUSTOMERS,ALL_SYNTHETIC_PROGRAMS,P-QD-006,SYNTHETIC_INTERNAL,SNP-COOLIT-20260925-BL,SCN-BASELINE,CC-0018-2,LBAL-0018-2,C,2026-08-19,2026-08-20,34,34,0,0,NO_VARIANCE,
TEN-COOLIT-SYN-001,SITE-COOLIT-SYN-01,WMS,CYCLE_COUNT,CC-0019-1,LBAL-0019-1,RESOLVED,2026-09-25T23:59:59-06:00,2026-09-26T08:00:00-06:00,2026-06-29T00:00:00-06:00,,1,,false,ACTIVE,EA,,VALID,CURRENT,coolit-synthetic-v2.0.0,ALL_SYNTHETIC_CUSTOMERS,ALL_SYNTHETIC_PROGRAMS,P-QD-007,SYNTHETIC_INTERNAL,SNP-COOLIT-20260925-BL,SCN-BASELINE,CC-0019-1,LBAL-0019-1,A,2026-08-19,2026-08-20,80,80,0,0,NO_VARIANCE,
TEN-COOLIT-SYN-001,SITE-COOLIT-SYN-01,WMS,CYCLE_COUNT,CC-0019-2,LBAL-0019-2,RESOLVED,2026-09-25T23:59:59-06:00,2026-09-26T08:00:00-06:00,2026-06-29T00:00:00-06:00,,1,,false,ACTIVE,EA,,VALID,CURRENT,coolit-synthetic-v2.0.0,ALL_SYNTHETIC_CUSTOMERS,ALL_SYNTHETIC_PROGRAMS,P-QD-007,SYNTHETIC_INTERNAL,SNP-COOLIT-20260925-BL,SCN-BASELINE,CC-0019-2,LBAL-0019-2,A,2026-08-20,2026-08-21,35,35,0,0,NO_VARIANCE,
TEN-COOLIT-SYN-001,SITE-COOLIT-SYN-01,WMS,CYCLE_COUNT,CC-0020-1,LBAL-0020-1,RESOLVED,2026-09-25T23:59:59-06:00,2026-09-26T08:00:00-06:00,2026-06-29T00:00:00-06:00,,1,,false,ACTIVE,EA,,VALID,CURRENT,coolit-synthetic-v2.0.0,ALL_SYNTHETIC_CUSTOMERS,ALL_SYNTHETIC_PROGRAMS,P-QD-008,SYNTHETIC_INTERNAL,SNP-COOLIT-20260925-BL,SCN-BASELINE,CC-0020-1,LBAL-0020-1,B,2026-08-20,2026-08-21,81,81,0,0,NO_VARIANCE,
TEN-COOLIT-SYN-001,SITE-COOLIT-SYN-01,WMS,CYCLE_COUNT,CC-0020-2,LBAL-0020-2,RESOLVED,2026-09-25T23:59:59-06:00,2026-09-26T08:00:00-06:00,2026-06-29T00:00:00-06:00,,1,,false,ACTIVE,EA,,VALID,CURRENT,coolit-synthetic-v2.0.0,ALL_SYNTHETIC_CUSTOMERS,ALL_SYNTHETIC_PROGRAMS,P-QD-008,SYNTHETIC_INTERNAL,SNP-COOLIT-20260925-BL,SCN-BASELINE,CC-0020-2,LBAL-0020-2,B,2026-08-21,2026-08-22,36,36,0,0,NO_VARIANCE,
TEN-COOLIT-SYN-001,SITE-COOLIT-SYN-01,WMS,CYCLE_COUNT,CC-0021-1,LBAL-0021-1,RESOLVED,2026-09-25T23:59:59-06:00,2026-09-26T08:00:00-06:00,2026-06-29T00:00:00-06:00,,1,,false,ACTIVE,EA,,VALID,CURRENT,coolit-synthetic-v2.0.0,ALL_SYNTHETIC_CUSTOMERS,ALL_SYNTHETIC_PROGRAMS,P-QD-009,SYNTHETIC_INTERNAL,SNP-COOLIT-20260925-BL,SCN-BASELINE,CC-0021-1,LBAL-0021-1,C,2026-08-21,2026-08-22,81,81,0,0,NO_VARIANCE,
TEN-COOLIT-SYN-001,SITE-COOLIT-SYN-01,WMS,CYCLE_COUNT,CC-0021-2,LBAL-0021-2,RESOLVED,2026-09-25T23:59:59-06:00,2026-09-26T08:00:00-06:00,2026-06-29T00:00:00-06:00,,1,,false,ACTIVE,EA,,VALID,CURRENT,coolit-synthetic-v2.0.0,ALL_SYNTHETIC_CUSTOMERS,ALL_SYNTHETIC_PROGRAMS,P-QD-009,SYNTHETIC_INTERNAL,SNP-COOLIT-20260925-BL,SCN-BASELINE,CC-0021-2,LBAL-0021-2,C,2026-08-22,2026-08-23,36,36,0,0,NO_VARIANCE,
TEN-COOLIT-SYN-001,SITE-COOLIT-SYN-01,WMS,CYCLE_COUNT,CC-0022-1,LBAL-0022-1,RESOLVED,2026-09-25T23:59:59-06:00,2026-09-26T08:00:00-06:00,2026-06-29T00:00:00-06:00,,1,,false,ACTIVE,EA,,VALID,CURRENT,coolit-synthetic-v2.0.0,ALL_SYNTHETIC_CUSTOMERS,ALL_SYNTHETIC_PROGRAMS,P-QD-010,SYNTHETIC_INTERNAL,SNP-COOLIT-20260925-BL,SCN-BASELINE,CC-0022-1,LBAL-0022-1,A,2026-08-22,2026-08-23,82,82,0,0,NO_VARIANCE,
TEN-COOLIT-SYN-001,SITE-COOLIT-SYN-01,WMS,CYCLE_COUNT,CC-0022-2,LBAL-0022-2,RESOLVED,2026-09-25T23:59:59-06:00,2026-09-26T08:00:00-06:00,2026-06-29T00:00:00-06:00,,1,,false,ACTIVE,EA,,VALID,CURRENT,coolit-synthetic-v2.0.0,ALL_SYNTHETIC_CUSTOMERS,ALL_SYNTHETIC_PROGRAMS,P-QD-010,SYNTHETIC_INTERNAL,SNP-COOLIT-20260925-BL,SCN-BASELINE,CC-0022-2,LBAL-0022-2,A,2026-08-23,2026-08-24,36,36,0,0,NO_VARIANCE,
TEN-COOLIT-SYN-001,SITE-COOLIT-SYN-01,WMS,CYCLE_COUNT,CC-0023-1,LBAL-0023-1,RESOLVED,2026-09-25T23:59:59-06:00,2026-09-26T08:00:00-06:00,2026-06-29T00:00:00-06:00,,1,,false,ACTIVE,EA,,VALID,CURRENT,coolit-synthetic-v2.0.0,ALL_SYNTHETIC_CUSTOMERS,ALL_SYNTHETIC_PROGRAMS,P-PUMP-001,SYNTHETIC_INTERNAL,SNP-COOLIT-20260925-BL,SCN-BASELINE,CC-0023-1,LBAL-0023-1,B,2026-08-23,2026-08-24,83,83,0,0,NO_VARIANCE,
TEN-COOLIT-SYN-001,SITE-COOLIT-SYN-01,WMS,CYCLE_COUNT,CC-0023-2,LBAL-0023-2,RESOLVED,2026-09-25T23:59:59-06:00,2026-09-26T08:00:00-06:00,2026-06-29T00:00:00-06:00,,1,,false,ACTIVE,EA,,VALID,CURRENT,coolit-synthetic-v2.0.0,ALL_SYNTHETIC_CUSTOMERS,ALL_SYNTHETIC_PROGRAMS,P-PUMP-001,SYNTHETIC_INTERNAL,SNP-COOLIT-20260925-BL,SCN-BASELINE,CC-0023-2,LBAL-0023-2,B,2026-08-24,2026-08-25,36,36,0,0,NO_VARIANCE,
TEN-COOLIT-SYN-001,SITE-COOLIT-SYN-01,WMS,CYCLE_COUNT,CC-0024-1,LBAL-0024-1,RESOLVED,2026-09-25T23:59:59-06:00,2026-09-26T08:00:00-06:00,2026-06-29T00:00:00-06:00,,1,,false,ACTIVE,EA,,VALID,CURRENT,coolit-synthetic-v2.0.0,ALL_SYNTHETIC_CUSTOMERS,ALL_SYNTHETIC_PROGRAMS,P-PUMP-002,SYNTHETIC_INTERNAL,SNP-COOLIT-20260925-BL,SCN-BASELINE,CC-0024-1,LBAL-0024-1,C,2026-08-24,2026-08-25,84,84,0,0,NO_VARIANCE,
TEN-COOLIT-SYN-001,SITE-COOLIT-SYN-01,WMS,CYCLE_COUNT,CC-0024-2,LBAL-0024-2,RESOLVED,2026-09-25T23:59:59-06:00,2026-09-26T08:00:00-06:00,2026-06-29T00:00:00-06:00,,1,,false,ACTIVE,EA,,VALID,CURRENT,coolit-synthetic-v2.0.0,ALL_SYNTHETIC_CUSTOMERS,ALL_SYNTHETIC_PROGRAMS,P-PUMP-002,SYNTHETIC_INTERNAL,SNP-COOLIT-20260925-BL,SCN-BASELINE,CC-0024-2,LBAL-0024-2,C,2026-08-25,2026-08-26,36,36,0,0,NO_VARIANCE,
TEN-COOLIT-SYN-001,SITE-COOLIT-SYN-01,WMS,CYCLE_COUNT,CC-0025-1,LBAL-0025-1,RESOLVED,2026-09-25T23:59:59-06:00,2026-09-26T08:00:00-06:00,2026-06-29T00:00:00-06:00,,1,,false,ACTIVE,EA,,VALID,CURRENT,coolit-synthetic-v2.0.0,ALL_SYNTHETIC_CUSTOMERS,ALL_SYNTHETIC_PROGRAMS,P-PUMP-003,SYNTHETIC_INTERNAL,SNP-COOLIT-20260925-BL,SCN-BASELINE,CC-0025-1,LBAL-0025-1,A,2026-08-25,2026-08-26,84,84,0,0,NO_VARIANCE,
TEN-COOLIT-SYN-001,SITE-COOLIT-SYN-01,WMS,CYCLE_COUNT,CC-0025-2,LBAL-0025-2,RESOLVED,2026-09-25T23:59:59-06:00,2026-09-26T08:00:00-06:00,2026-06-29T00:00:00-06:00,,1,,false,ACTIVE,EA,,VALID,CURRENT,coolit-synthetic-v2.0.0,ALL_SYNTHETIC_CUSTOMERS,ALL_SYNTHETIC_PROGRAMS,P-PUMP-003,SYNTHETIC_INTERNAL,SNP-COOLIT-20260925-BL,SCN-BASELINE,CC-0025-2,LBAL-0025-2,A,2026-08-26,2026-08-27,37,37,0,0,NO_VARIANCE,
TEN-COOLIT-SYN-001,SITE-COOLIT-SYN-01,WMS,CYCLE_COUNT,CC-0026-1,LBAL-0026-1,RESOLVED,2026-09-25T23:59:59-06:00,2026-09-26T08:00:00-06:00,2026-06-29T00:00:00-06:00,,1,,false,ACTIVE,EA,,VALID,CURRENT,coolit-synthetic-v2.0.0,ALL_SYNTHETIC_CUSTOMERS,ALL_SYNTHETIC_PROGRAMS,P-PUMP-004,SYNTHETIC_INTERNAL,SNP-COOLIT-20260925-BL,SCN-BASELINE,CC-0026-1,LBAL-0026-1,B,2026-08-26,2026-08-27,85,85,0,0,NO_VARIANCE,
TEN-COOLIT-SYN-001,SITE-COOLIT-SYN-01,WMS,CYCLE_COUNT,CC-0026-2,LBAL-0026-2,RESOLVED,2026-09-25T23:59:59-06:00,2026-09-26T08:00:00-06:00,2026-06-29T00:00:00-06:00,,1,,false,ACTIVE,EA,,VALID,CURRENT,coolit-synthetic-v2.0.0,ALL_SYNTHETIC_CUSTOMERS,ALL_SYNTHETIC_PROGRAMS,P-PUMP-004,SYNTHETIC_INTERNAL,SNP-COOLIT-20260925-BL,SCN-BASELINE,CC-0026-2,LBAL-0026-2,B,2026-08-27,2026-08-28,37,37,0,0,NO_VARIANCE,
TEN-COOLIT-SYN-001,SITE-COOLIT-SYN-01,WMS,CYCLE_COUNT,CC-0027-1,LBAL-0027-1,RESOLVED,2026-09-25T23:59:59-06:00,2026-09-26T08:00:00-06:00,2026-06-29T00:00:00-06:00,,1,,false,ACTIVE,EA,,VALID,CURRENT,coolit-synthetic-v2.0.0,ALL_SYNTHETIC_CUSTOMERS,ALL_SYNTHETIC_PROGRAMS,P-PUMP-005,SYNTHETIC_INTERNAL,SNP-COOLIT-20260925-BL,SCN-BASELINE,CC-0027-1,LBAL-0027-1,C,2026-08-27,2026-08-28,86,86,0,0,NO_VARIANCE,
TEN-COOLIT-SYN-001,SITE-COOLIT-SYN-01,WMS,CYCLE_COUNT,CC-0027-2,LBAL-0027-2,RESOLVED,2026-09-25T23:59:59-06:00,2026-09-26T08:00:00-06:00,2026-06-29T00:00:00-06:00,,1,,false,ACTIVE,EA,,VALID,CURRENT,coolit-synthetic-v2.0.0,ALL_SYNTHETIC_CUSTOMERS,ALL_SYNTHETIC_PROGRAMS,P-PUMP-005,SYNTHETIC_INTERNAL,SNP-COOLIT-20260925-BL,SCN-BASELINE,CC-0027-2,LBAL-0027-2,C,2026-08-28,2026-08-29,37,37,0,0,NO_VARIANCE,
TEN-COOLIT-SYN-001,SITE-COOLIT-SYN-01,WMS,CYCLE_COUNT,CC-0028-1,LBAL-0028-1,RESOLVED,2026-09-25T23:59:59-06:00,2026-09-26T08:00:00-06:00,2026-06-29T00:00:00-06:00,,1,,false,ACTIVE,EA,,VALID,CURRENT,coolit-synthetic-v2.0.0,ALL_SYNTHETIC_CUSTOMERS,ALL_SYNTHETIC_PROGRAMS,P-PUMP-006,SYNTHETIC_INTERNAL,SNP-COOLIT-20260925-BL,SCN-BASELINE,CC-0028-1,LBAL-0028-1,A,2026-08-28,2026-08-29,86,86,0,0,NO_VARIANCE,
TEN-COOLIT-SYN-001,SITE-COOLIT-SYN-01,WMS,CYCLE_COUNT,CC-0028-2,LBAL-0028-2,RESOLVED,2026-09-25T23:59:59-06:00,2026-09-26T08:00:00-06:00,2026-06-29T00:00:00-06:00,,1,,false,ACTIVE,EA,,VALID,CURRENT,coolit-synthetic-v2.0.0,ALL_SYNTHETIC_CUSTOMERS,ALL_SYNTHETIC_PROGRAMS,P-PUMP-006,SYNTHETIC_INTERNAL,SNP-COOLIT-20260925-BL,SCN-BASELINE,CC-0028-2,LBAL-0028-2,A,2026-08-29,2026-08-30,38,38,0,0,NO_VARIANCE,
TEN-COOLIT-SYN-001,SITE-COOLIT-SYN-01,WMS,CYCLE_COUNT,CC-0029-1,LBAL-0029-1,RESOLVED,2026-09-25T23:59:59-06:00,2026-09-26T08:00:00-06:00,2026-06-29T00:00:00-06:00,,1,,false,ACTIVE,EA,,VALID,CURRENT,coolit-synthetic-v2.0.0,ALL_SYNTHETIC_CUSTOMERS,ALL_SYNTHETIC_PROGRAMS,P-PUMP-007,SYNTHETIC_INTERNAL,SNP-COOLIT-20260925-BL,SCN-BASELINE,CC-0029-1,LBAL-0029-1,B,2026-08-29,2026-08-30,87,87,0,0,NO_VARIANCE,
TEN-COOLIT-SYN-001,SITE-COOLIT-SYN-01,WMS,CYCLE_COUNT,CC-0029-2,LBAL-0029-2,RESOLVED,2026-09-25T23:59:59-06:00,2026-09-26T08:00:00-06:00,2026-06-29T00:00:00-06:00,,1,,false,ACTIVE,EA,,VALID,CURRENT,coolit-synthetic-v2.0.0,ALL_SYNTHETIC_CUSTOMERS,ALL_SYNTHETIC_PROGRAMS,P-PUMP-007,SYNTHETIC_INTERNAL,SNP-COOLIT-20260925-BL,SCN-BASELINE,CC-0029-2,LBAL-0029-2,B,2026-08-30,2026-08-31,38,38,0,0,NO_VARIANCE,
TEN-COOLIT-SYN-001,SITE-COOLIT-SYN-01,WMS,CYCLE_COUNT,CC-0030-1,LBAL-0030-1,RESOLVED,2026-09-25T23:59:59-06:00,2026-09-26T08:00:00-06:00,2026-06-29T00:00:00-06:00,,1,,false,ACTIVE,EA,,VALID,CURRENT,coolit-synthetic-v2.0.0,ALL_SYNTHETIC_CUSTOMERS,ALL_SYNTHETIC_PROGRAMS,P-PUMP-008,SYNTHETIC_INTERNAL,SNP-COOLIT-20260925-BL,SCN-BASELINE,CC-0030-1,LBAL-0030-1,C,2026-08-30,2026-08-31,88,88,0,0,NO_VARIANCE,
TEN-COOLIT-SYN-001,SITE-COOLIT-SYN-01,WMS,CYCLE_COUNT,CC-0030-2,LBAL-0030-2,RESOLVED,2026-09-25T23:59:59-06:00,2026-09-26T08:00:00-06:00,2026-06-29T00:00:00-06:00,,1,,false,ACTIVE,EA,,VALID,CURRENT,coolit-synthetic-v2.0.0,ALL_SYNTHETIC_CUSTOMERS,ALL_SYNTHETIC_PROGRAMS,P-PUMP-008,SYNTHETIC_INTERNAL,SNP-COOLIT-20260925-BL,SCN-BASELINE,CC-0030-2,LBAL-0030-2,C,2026-08-31,2026-09-01,38,38,0,0,NO_VARIANCE,
TEN-COOLIT-SYN-001,SITE-COOLIT-SYN-01,WMS,CYCLE_COUNT,CC-0031-1,LBAL-0031-1,RESOLVED,2026-09-25T23:59:59-06:00,2026-09-26T08:00:00-06:00,2026-06-29T00:00:00-06:00,,1,,false,ACTIVE,EA,,VALID,CURRENT,coolit-synthetic-v2.0.0,ALL_SYNTHETIC_CUSTOMERS,ALL_SYNTHETIC_PROGRAMS,P-HX-001,SYNTHETIC_INTERNAL,SNP-COOLIT-20260925-BL,SCN-BASELINE,CC-0031-1,LBAL-0031-1,A,2026-08-31,2026-09-01,88,88,0,0,NO_VARIANCE,
TEN-COOLIT-SYN-001,SITE-COOLIT-SYN-01,WMS,CYCLE_COUNT,CC-0031-2,LBAL-0031-2,RESOLVED,2026-09-25T23:59:59-06:00,2026-09-26T08:00:00-06:00,2026-06-29T00:00:00-06:00,,1,,false,ACTIVE,EA,,VALID,CURRENT,coolit-synthetic-v2.0.0,ALL_SYNTHETIC_CUSTOMERS,ALL_SYNTHETIC_PROGRAMS,P-HX-001,SYNTHETIC_INTERNAL,SNP-COOLIT-20260925-BL,SCN-BASELINE,CC-0031-2,LBAL-0031-2,A,2026-09-01,2026-09-02,39,39,0,0,NO_VARIANCE,
TEN-COOLIT-SYN-001,SITE-COOLIT-SYN-01,WMS,CYCLE_COUNT,CC-0032-1,LBAL-0032-1,RESOLVED,2026-09-25T23:59:59-06:00,2026-09-26T08:00:00-06:00,2026-06-29T00:00:00-06:00,,1,,false,ACTIVE,EA,,VALID,CURRENT,coolit-synthetic-v2.0.0,ALL_SYNTHETIC_CUSTOMERS,ALL_SYNTHETIC_PROGRAMS,P-HX-002,SYNTHETIC_INTERNAL,SNP-COOLIT-20260925-BL,SCN-BASELINE,CC-0032-1,LBAL-0032-1,B,2026-09-01,2026-09-02,89,89,0,0,NO_VARIANCE,
TEN-COOLIT-SYN-001,SITE-COOLIT-SYN-01,WMS,CYCLE_COUNT,CC-0032-2,LBAL-0032-2,RESOLVED,2026-09-25T23:59:59-06:00,2026-09-26T08:00:00-06:00,2026-06-29T00:00:00-06:00,,1,,false,ACTIVE,EA,,VALID,CURRENT,coolit-synthetic-v2.0.0,ALL_SYNTHETIC_CUSTOMERS,ALL_SYNTHETIC_PROGRAMS,P-HX-002,SYNTHETIC_INTERNAL,SNP-COOLIT-20260925-BL,SCN-BASELINE,CC-0032-2,LBAL-0032-2,B,2026-09-02,2026-09-03,39,39,0,0,NO_VARIANCE,
TEN-COOLIT-SYN-001,SITE-COOLIT-SYN-01,WMS,CYCLE_COUNT,CC-0033-1,LBAL-0033-1,RESOLVED,2026-09-25T23:59:59-06:00,2026-09-26T08:00:00-06:00,2026-06-29T00:00:00-06:00,,1,,false,ACTIVE,EA,,VALID,CURRENT,coolit-synthetic-v2.0.0,ALL_SYNTHETIC_CUSTOMERS,ALL_SYNTHETIC_PROGRAMS,P-HX-003,SYNTHETIC_INTERNAL,SNP-COOLIT-20260925-BL,SCN-BASELINE,CC-0033-1,LBAL-0033-1,C,2026-09-02,2026-09-03,90,90,0,0,NO_VARIANCE,
TEN-COOLIT-SYN-001,SITE-COOLIT-SYN-01,WMS,CYCLE_COUNT,CC-0033-2,LBAL-0033-2,RESOLVED,2026-09-25T23:59:59-06:00,2026-09-26T08:00:00-06:00,2026-06-29T00:00:00-06:00,,1,,false,ACTIVE,EA,,VALID,CURRENT,coolit-synthetic-v2.0.0,ALL_SYNTHETIC_CUSTOMERS,ALL_SYNTHETIC_PROGRAMS,P-HX-003,SYNTHETIC_INTERNAL,SNP-COOLIT-20260925-BL,SCN-BASELINE,CC-0033-2,LBAL-0033-2,C,2026-09-03,2026-09-04,39,39,0,0,NO_VARIANCE,
TEN-COOLIT-SYN-001,SITE-COOLIT-SYN-01,WMS,CYCLE_COUNT,CC-0034-1,LBAL-0034-1,RESOLVED,2026-09-25T23:59:59-06:00,2026-09-26T08:00:00-06:00,2026-06-29T00:00:00-06:00,,1,,false,ACTIVE,EA,,VALID,CURRENT,coolit-synthetic-v2.0.0,ALL_SYNTHETIC_CUSTOMERS,ALL_SYNTHETIC_PROGRAMS,P-HX-004,SYNTHETIC_INTERNAL,SNP-COOLIT-20260925-BL,SCN-BASELINE,CC-0034-1,LBAL-0034-1,A,2026-09-03,2026-09-04,91,91,0,0,NO_VARIANCE,
TEN-COOLIT-SYN-001,SITE-COOLIT-SYN-01,WMS,CYCLE_COUNT,CC-0034-2,LBAL-0034-2,RESOLVED,2026-09-25T23:59:59-06:00,2026-09-26T08:00:00-06:00,2026-06-29T00:00:00-06:00,,1,,false,ACTIVE,EA,,VALID,CURRENT,coolit-synthetic-v2.0.0,ALL_SYNTHETIC_CUSTOMERS,ALL_SYNTHETIC_PROGRAMS,P-HX-004,SYNTHETIC_INTERNAL,SNP-COOLIT-20260925-BL,SCN-BASELINE,CC-0034-2,LBAL-0034-2,A,2026-09-04,2026-09-05,39,39,0,0,NO_VARIANCE,
TEN-COOLIT-SYN-001,SITE-COOLIT-SYN-01,WMS,CYCLE_COUNT,CC-0035-1,LBAL-0035-1,RESOLVED,2026-09-25T23:59:59-06:00,2026-09-26T08:00:00-06:00,2026-06-29T00:00:00-06:00,,1,,false,ACTIVE,EA,,VALID,CURRENT,coolit-synthetic-v2.0.0,ALL_SYNTHETIC_CUSTOMERS,ALL_SYNTHETIC_PROGRAMS,P-HX-005,SYNTHETIC_INTERNAL,SNP-COOLIT-20260925-BL,SCN-BASELINE,CC-0035-1,LBAL-0035-1,B,2026-09-04,2026-09-05,90,90,0,0,NO_VARIANCE,
TEN-COOLIT-SYN-001,SITE-COOLIT-SYN-01,WMS,CYCLE_COUNT,CC-0035-2,LBAL-0035-2,RESOLVED,2026-09-25T23:59:59-06:00,2026-09-26T08:00:00-06:00,2026-06-29T00:00:00-06:00,,1,,false,ACTIVE,EA,,VALID,CURRENT,coolit-synthetic-v2.0.0,ALL_SYNTHETIC_CUSTOMERS,ALL_SYNTHETIC_PROGRAMS,P-HX-005,SYNTHETIC_INTERNAL,SNP-COOLIT-20260925-BL,SCN-BASELINE,CC-0035-2,LBAL-0035-2,B,2026-09-05,2026-09-06,39,39,0,0,NO_VARIANCE,
TEN-COOLIT-SYN-001,SITE-COOLIT-SYN-01,WMS,CYCLE_COUNT,CC-0036-1,LBAL-0036-1,RESOLVED,2026-09-25T23:59:59-06:00,2026-09-26T08:00:00-06:00,2026-06-29T00:00:00-06:00,,1,,false,ACTIVE,EA,,VALID,CURRENT,coolit-synthetic-v2.0.0,ALL_SYNTHETIC_CUSTOMERS,ALL_SYNTHETIC_PROGRAMS,P-HX-006,SYNTHETIC_INTERNAL,SNP-COOLIT-20260925-BL,SCN-BASELINE,CC-0036-1,LBAL-0036-1,C,2026-09-05,2026-09-06,92,92,0,0,NO_VARIANCE,
TEN-COOLIT-SYN-001,SITE-COOLIT-SYN-01,WMS,CYCLE_COUNT,CC-0036-2,LBAL-0036-2,RESOLVED,2026-09-25T23:59:59-06:00,2026-09-26T08:00:00-06:00,2026-06-29T00:00:00-06:00,,1,,false,ACTIVE,EA,,VALID,CURRENT,coolit-synthetic-v2.0.0,ALL_SYNTHETIC_CUSTOMERS,ALL_SYNTHETIC_PROGRAMS,P-HX-006,SYNTHETIC_INTERNAL,SNP-COOLIT-20260925-BL,SCN-BASELINE,CC-0036-2,LBAL-0036-2,C,2026-09-06,2026-09-07,40,40,0,0,NO_VARIANCE,
TEN-COOLIT-SYN-001,SITE-COOLIT-SYN-01,WMS,CYCLE_COUNT,CC-0037-1,LBAL-0037-1,RESOLVED,2026-09-25T23:59:59-06:00,2026-09-26T08:00:00-06:00,2026-06-29T00:00:00-06:00,,1,,false,ACTIVE,EA,,VALID,CURRENT,coolit-synthetic-v2.0.0,ALL_SYNTHETIC_CUSTOMERS,ALL_SYNTHETIC_PROGRAMS,P-CTRL-001,SYNTHETIC_INTERNAL,SNP-COOLIT-20260925-BL,SCN-BASELINE,CC-0037-1,LBAL-0037-1,A,2026-09-06,2026-09-07,93,93,0,0,NO_VARIANCE,
TEN-COOLIT-SYN-001,SITE-COOLIT-SYN-01,WMS,CYCLE_COUNT,CC-0037-2,LBAL-0037-2,RESOLVED,2026-09-25T23:59:59-06:00,2026-09-26T08:00:00-06:00,2026-06-29T00:00:00-06:00,,1,,false,ACTIVE,EA,,VALID,CURRENT,coolit-synthetic-v2.0.0,ALL_SYNTHETIC_CUSTOMERS,ALL_SYNTHETIC_PROGRAMS,P-CTRL-001,SYNTHETIC_INTERNAL,SNP-COOLIT-20260925-BL,SCN-BASELINE,CC-0037-2,LBAL-0037-2,A,2026-09-07,2026-09-08,40,40,0,0,NO_VARIANCE,
TEN-COOLIT-SYN-001,SITE-COOLIT-SYN-01,WMS,CYCLE_COUNT,CC-0038-1,LBAL-0038-1,RESOLVED,2026-09-25T23:59:59-06:00,2026-09-26T08:00:00-06:00,2026-06-29T00:00:00-06:00,,1,,false,ACTIVE,EA,,VALID,CURRENT,coolit-synthetic-v2.0.0,ALL_SYNTHETIC_CUSTOMERS,ALL_SYNTHETIC_PROGRAMS,P-CTRL-002,SYNTHETIC_INTERNAL,SNP-COOLIT-20260925-BL,SCN-BASELINE,CC-0038-1,LBAL-0038-1,B,2026-09-07,2026-09-08,93,93,0,0,NO_VARIANCE,
TEN-COOLIT-SYN-001,SITE-COOLIT-SYN-01,WMS,CYCLE_COUNT,CC-0038-2,LBAL-0038-2,RESOLVED,2026-09-25T23:59:59-06:00,2026-09-26T08:00:00-06:00,2026-06-29T00:00:00-06:00,,1,,false,ACTIVE,EA,,VALID,CURRENT,coolit-synthetic-v2.0.0,ALL_SYNTHETIC_CUSTOMERS,ALL_SYNTHETIC_PROGRAMS,P-CTRL-002,SYNTHETIC_INTERNAL,SNP-COOLIT-20260925-BL,SCN-BASELINE,CC-0038-2,LBAL-0038-2,B,2026-09-08,2026-09-09,41,41,0,0,NO_VARIANCE,
TEN-COOLIT-SYN-001,SITE-COOLIT-SYN-01,WMS,CYCLE_COUNT,CC-0039-1,LBAL-0039-1,RESOLVED,2026-09-25T23:59:59-06:00,2026-09-26T08:00:00-06:00,2026-06-29T00:00:00-06:00,,1,,false,ACTIVE,EA,,VALID,CURRENT,coolit-synthetic-v2.0.0,ALL_SYNTHETIC_CUSTOMERS,ALL_SYNTHETIC_PROGRAMS,P-CTRL-003,SYNTHETIC_INTERNAL,SNP-COOLIT-20260925-BL,SCN-BASELINE,CC-0039-1,LBAL-0039-1,C,2026-09-08,2026-09-09,95,95,0,0,NO_VARIANCE,
TEN-COOLIT-SYN-001,SITE-COOLIT-SYN-01,WMS,CYCLE_COUNT,CC-0039-2,LBAL-0039-2,RESOLVED,2026-09-25T23:59:59-06:00,2026-09-26T08:00:00-06:00,2026-06-29T00:00:00-06:00,,1,,false,ACTIVE,EA,,VALID,CURRENT,coolit-synthetic-v2.0.0,ALL_SYNTHETIC_CUSTOMERS,ALL_SYNTHETIC_PROGRAMS,P-CTRL-003,SYNTHETIC_INTERNAL,SNP-COOLIT-20260925-BL,SCN-BASELINE,CC-0039-2,LBAL-0039-2,C,2026-09-09,2026-09-10,41,41,0,0,NO_VARIANCE,
TEN-COOLIT-SYN-001,SITE-COOLIT-SYN-01,WMS,CYCLE_COUNT,CC-0040-1,LBAL-0040-1,RESOLVED,2026-09-25T23:59:59-06:00,2026-09-26T08:00:00-06:00,2026-06-29T00:00:00-06:00,,1,,false,ACTIVE,EA,,VALID,CURRENT,coolit-synthetic-v2.0.0,ALL_SYNTHETIC_CUSTOMERS,ALL_SYNTHETIC_PROGRAMS,P-CTRL-004,SYNTHETIC_INTERNAL,SNP-COOLIT-20260925-BL,SCN-BASELINE,CC-0040-1,LBAL-0040-1,A,2026-09-09,2026-09-10,95,95,0,0,NO_VARIANCE,
TEN-COOLIT-SYN-001,SITE-COOLIT-SYN-01,WMS,CYCLE_COUNT,CC-0040-2,LBAL-0040-2,RESOLVED,2026-09-25T23:59:59-06:00,2026-09-26T08:00:00-06:00,2026-06-29T00:00:00-06:00,,1,,false,ACTIVE,EA,,VALID,CURRENT,coolit-synthetic-v2.0.0,ALL_SYNTHETIC_CUSTOMERS,ALL_SYNTHETIC_PROGRAMS,P-CTRL-004,SYNTHETIC_INTERNAL,SNP-COOLIT-20260925-BL,SCN-BASELINE,CC-0040-2,LBAL-0040-2,A,2026-09-10,2026-09-11,41,41,0,0,NO_VARIANCE,
TEN-COOLIT-SYN-001,SITE-COOLIT-SYN-01,WMS,CYCLE_COUNT,CC-0041-1,LBAL-0041-1,RESOLVED,2026-09-25T23:59:59-06:00,2026-09-26T08:00:00-06:00,2026-06-29T00:00:00-06:00,,1,,false,ACTIVE,EA,,VALID,CURRENT,coolit-synthetic-v2.0.0,ALL_SYNTHETIC_CUSTOMERS,ALL_SYNTHETIC_PROGRAMS,P-CTRL-005,SYNTHETIC_INTERNAL,SNP-COOLIT-20260925-BL,SCN-BASELINE,CC-0041-1,LBAL-0041-1,B,2026-09-10,2026-09-11,95,95,0,0,NO_VARIANCE,
TEN-COOLIT-SYN-001,SITE-COOLIT-SYN-01,WMS,CYCLE_COUNT,CC-0041-2,LBAL-0041-2,RESOLVED,2026-09-25T23:59:59-06:00,2026-09-26T08:00:00-06:00,2026-06-29T00:00:00-06:00,,1,,false,ACTIVE,EA,,VALID,CURRENT,coolit-synthetic-v2.0.0,ALL_SYNTHETIC_CUSTOMERS,ALL_SYNTHETIC_PROGRAMS,P-CTRL-005,SYNTHETIC_INTERNAL,SNP-COOLIT-20260925-BL,SCN-BASELINE,CC-0041-2,LBAL-0041-2,B,2026-09-11,2026-09-12,42,42,0,0,NO_VARIANCE,
TEN-COOLIT-SYN-001,SITE-COOLIT-SYN-01,WMS,CYCLE_COUNT,CC-0042-1,LBAL-0042-1,RESOLVED,2026-09-25T23:59:59-06:00,2026-09-26T08:00:00-06:00,2026-06-29T00:00:00-06:00,,1,,false,ACTIVE,EA,,VALID,CURRENT,coolit-synthetic-v2.0.0,ALL_SYNTHETIC_CUSTOMERS,ALL_SYNTHETIC_PROGRAMS,P-CTRL-006,SYNTHETIC_INTERNAL,SNP-COOLIT-20260925-BL,SCN-BASELINE,CC-0042-1,LBAL-0042-1,C,2026-09-11,2026-09-12,125,125,0,0,NO_VARIANCE,
TEN-COOLIT-SYN-001,SITE-COOLIT-SYN-01,WMS,CYCLE_COUNT,CC-0042-2,LBAL-0042-2,RESOLVED,2026-09-25T23:59:59-06:00,2026-09-26T08:00:00-06:00,2026-06-29T00:00:00-06:00,,1,,false,ACTIVE,EA,,VALID,CURRENT,coolit-synthetic-v2.0.0,ALL_SYNTHETIC_CUSTOMERS,ALL_SYNTHETIC_PROGRAMS,P-CTRL-006,SYNTHETIC_INTERNAL,SNP-COOLIT-20260925-BL,SCN-BASELINE,CC-0042-2,LBAL-0042-2,C,2026-09-12,2026-09-13,54,54,0,0,NO_VARIANCE,
TEN-COOLIT-SYN-001,SITE-COOLIT-SYN-01,WMS,CYCLE_COUNT,CC-0043-1,LBAL-0043-1,RESOLVED,2026-09-25T23:59:59-06:00,2026-09-26T08:00:00-06:00,2026-06-29T00:00:00-06:00,,1,,false,ACTIVE,EA,,VALID,CURRENT,coolit-synthetic-v2.0.0,ALL_SYNTHETIC_CUSTOMERS,ALL_SYNTHETIC_PROGRAMS,P-COMP-001,SYNTHETIC_INTERNAL,SNP-COOLIT-20260925-BL,SCN-BASELINE,CC-0043-1,LBAL-0043-1,A,2026-09-12,2026-09-13,125,125,0,0,NO_VARIANCE,
TEN-COOLIT-SYN-001,SITE-COOLIT-SYN-01,WMS,CYCLE_COUNT,CC-0043-2,LBAL-0043-2,RESOLVED,2026-09-25T23:59:59-06:00,2026-09-26T08:00:00-06:00,2026-06-29T00:00:00-06:00,,1,,false,ACTIVE,EA,,VALID,CURRENT,coolit-synthetic-v2.0.0,ALL_SYNTHETIC_CUSTOMERS,ALL_SYNTHETIC_PROGRAMS,P-COMP-001,SYNTHETIC_INTERNAL,SNP-COOLIT-20260925-BL,SCN-BASELINE,CC-0043-2,LBAL-0043-2,A,2026-09-13,2026-09-14,55,55,0,0,NO_VARIANCE,
TEN-COOLIT-SYN-001,SITE-COOLIT-SYN-01,WMS,CYCLE_COUNT,CC-0044-1,LBAL-0044-1,RESOLVED,2026-09-25T23:59:59-06:00,2026-09-26T08:00:00-06:00,2026-06-29T00:00:00-06:00,,1,,false,ACTIVE,EA,,VALID,CURRENT,coolit-synthetic-v2.0.0,ALL_SYNTHETIC_CUSTOMERS,ALL_SYNTHETIC_PROGRAMS,P-COMP-002,SYNTHETIC_INTERNAL,SNP-COOLIT-20260925-BL,SCN-BASELINE,CC-0044-1,LBAL-0044-1,B,2026-09-13,2026-09-14,126,126,0,0,NO_VARIANCE,
TEN-COOLIT-SYN-001,SITE-COOLIT-SYN-01,WMS,CYCLE_COUNT,CC-0044-2,LBAL-0044-2,RESOLVED,2026-09-25T23:59:59-06:00,2026-09-26T08:00:00-06:00,2026-06-29T00:00:00-06:00,,1,,false,ACTIVE,EA,,VALID,CURRENT,coolit-synthetic-v2.0.0,ALL_SYNTHETIC_CUSTOMERS,ALL_SYNTHETIC_PROGRAMS,P-COMP-002,SYNTHETIC_INTERNAL,SNP-COOLIT-20260925-BL,SCN-BASELINE,CC-0044-2,LBAL-0044-2,B,2026-09-14,2026-09-15,55,55,0,0,NO_VARIANCE,
TEN-COOLIT-SYN-001,SITE-COOLIT-SYN-01,WMS,CYCLE_COUNT,CC-0045-1,LBAL-0045-1,RESOLVED,2026-09-25T23:59:59-06:00,2026-09-26T08:00:00-06:00,2026-06-29T00:00:00-06:00,,1,,false,ACTIVE,EA,,VALID,CURRENT,coolit-synthetic-v2.0.0,ALL_SYNTHETIC_CUSTOMERS,ALL_SYNTHETIC_PROGRAMS,P-COMP-003,SYNTHETIC_INTERNAL,SNP-COOLIT-20260925-BL,SCN-BASELINE,CC-0045-1,LBAL-0045-1,C,2026-09-14,2026-09-15,127,127,0,0,NO_VARIANCE,
TEN-COOLIT-SYN-001,SITE-COOLIT-SYN-01,WMS,CYCLE_COUNT,CC-0045-2,LBAL-0045-2,RESOLVED,2026-09-25T23:59:59-06:00,2026-09-26T08:00:00-06:00,2026-06-29T00:00:00-06:00,,1,,false,ACTIVE,EA,,VALID,CURRENT,coolit-synthetic-v2.0.0,ALL_SYNTHETIC_CUSTOMERS,ALL_SYNTHETIC_PROGRAMS,P-COMP-003,SYNTHETIC_INTERNAL,SNP-COOLIT-20260925-BL,SCN-BASELINE,CC-0045-2,LBAL-0045-2,C,2026-09-15,2026-09-16,55,55,0,0,NO_VARIANCE,
TEN-COOLIT-SYN-001,SITE-COOLIT-SYN-01,WMS,CYCLE_COUNT,CC-0046-1,LBAL-0046-1,RESOLVED,2026-09-25T23:59:59-06:00,2026-09-26T08:00:00-06:00,2026-06-29T00:00:00-06:00,,1,,false,ACTIVE,EA,,VALID,CURRENT,coolit-synthetic-v2.0.0,ALL_SYNTHETIC_CUSTOMERS,ALL_SYNTHETIC_PROGRAMS,P-COMP-004,SYNTHETIC_INTERNAL,SNP-COOLIT-20260925-BL,SCN-BASELINE,CC-0046-1,LBAL-0046-1,A,2026-09-15,2026-09-16,128,128,0,0,NO_VARIANCE,
TEN-COOLIT-SYN-001,SITE-COOLIT-SYN-01,WMS,CYCLE_COUNT,CC-0046-2,LBAL-0046-2,RESOLVED,2026-09-25T23:59:59-06:00,2026-09-26T08:00:00-06:00,2026-06-29T00:00:00-06:00,,1,,false,ACTIVE,EA,,VALID,CURRENT,coolit-synthetic-v2.0.0,ALL_SYNTHETIC_CUSTOMERS,ALL_SYNTHETIC_PROGRAMS,P-COMP-004,SYNTHETIC_INTERNAL,SNP-COOLIT-20260925-BL,SCN-BASELINE,CC-0046-2,LBAL-0046-2,A,2026-09-16,2026-09-17,55,55,0,0,NO_VARIANCE,
TEN-COOLIT-SYN-001,SITE-COOLIT-SYN-01,WMS,CYCLE_COUNT,CC-0047-1,LBAL-0047-1,RESOLVED,2026-09-25T23:59:59-06:00,2026-09-26T08:00:00-06:00,2026-06-29T00:00:00-06:00,,1,,false,ACTIVE,EA,,VALID,CURRENT,coolit-synthetic-v2.0.0,ALL_SYNTHETIC_CUSTOMERS,ALL_SYNTHETIC_PROGRAMS,P-COMP-005,SYNTHETIC_INTERNAL,SNP-COOLIT-20260925-BL,SCN-BASELINE,CC-0047-1,LBAL-0047-1,B,2026-09-16,2026-09-17,128,128,0,0,NO_VARIANCE,
TEN-COOLIT-SYN-001,SITE-COOLIT-SYN-01,WMS,CYCLE_COUNT,CC-0047-2,LBAL-0047-2,RESOLVED,2026-09-25T23:59:59-06:00,2026-09-26T08:00:00-06:00,2026-06-29T00:00:00-06:00,,1,,false,ACTIVE,EA,,VALID,CURRENT,coolit-synthetic-v2.0.0,ALL_SYNTHETIC_CUSTOMERS,ALL_SYNTHETIC_PROGRAMS,P-COMP-005,SYNTHETIC_INTERNAL,SNP-COOLIT-20260925-BL,SCN-BASELINE,CC-0047-2,LBAL-0047-2,B,2026-09-17,2026-09-18,56,56,0,0,NO_VARIANCE,
TEN-COOLIT-SYN-001,SITE-COOLIT-SYN-01,WMS,CYCLE_COUNT,CC-0048-1,LBAL-0048-1,RESOLVED,2026-09-25T23:59:59-06:00,2026-09-26T08:00:00-06:00,2026-06-29T00:00:00-06:00,,1,,false,ACTIVE,EA,,VALID,CURRENT,coolit-synthetic-v2.0.0,ALL_SYNTHETIC_CUSTOMERS,ALL_SYNTHETIC_PROGRAMS,P-COMP-006,SYNTHETIC_INTERNAL,SNP-COOLIT-20260925-BL,SCN-BASELINE,CC-0048-1,LBAL-0048-1,C,2026-09-17,2026-09-18,129,129,0,0,NO_VARIANCE,
TEN-COOLIT-SYN-001,SITE-COOLIT-SYN-01,WMS,CYCLE_COUNT,CC-0048-2,LBAL-0048-2,RESOLVED,2026-09-25T23:59:59-06:00,2026-09-26T08:00:00-06:00,2026-06-29T00:00:00-06:00,,1,,false,ACTIVE,EA,,VALID,CURRENT,coolit-synthetic-v2.0.0,ALL_SYNTHETIC_CUSTOMERS,ALL_SYNTHETIC_PROGRAMS,P-COMP-006,SYNTHETIC_INTERNAL,SNP-COOLIT-20260925-BL,SCN-BASELINE,CC-0048-2,LBAL-0048-2,C,2026-09-18,2026-09-19,56,56,0,0,NO_VARIANCE,
TEN-COOLIT-SYN-001,SITE-COOLIT-SYN-01,WMS,CYCLE_COUNT,CC-0049-1,LBAL-0049-1,RESOLVED,2026-09-25T23:59:59-06:00,2026-09-26T08:00:00-06:00,2026-06-29T00:00:00-06:00,,1,,false,ACTIVE,EA,,VALID,CURRENT,coolit-synthetic-v2.0.0,ALL_SYNTHETIC_CUSTOMERS,ALL_SYNTHETIC_PROGRAMS,P-COMP-007,SYNTHETIC_INTERNAL,SNP-COOLIT-20260925-BL,SCN-BASELINE,CC-0049-1,LBAL-0049-1,A,2026-09-18,2026-09-19,130,130,0,0,NO_VARIANCE,
TEN-COOLIT-SYN-001,SITE-COOLIT-SYN-01,WMS,CYCLE_COUNT,CC-0049-2,LBAL-0049-2,RESOLVED,2026-09-25T23:59:59-06:00,2026-09-26T08:00:00-06:00,2026-06-29T00:00:00-06:00,,1,,false,ACTIVE,EA,,VALID,CURRENT,coolit-synthetic-v2.0.0,ALL_SYNTHETIC_CUSTOMERS,ALL_SYNTHETIC_PROGRAMS,P-COMP-007,SYNTHETIC_INTERNAL,SNP-COOLIT-20260925-BL,SCN-BASELINE,CC-0049-2,LBAL-0049-2,A,2026-09-19,2026-09-20,56,56,0,0,NO_VARIANCE,
TEN-COOLIT-SYN-001,SITE-COOLIT-SYN-01,WMS,CYCLE_COUNT,CC-0050-1,LBAL-0050-1,RESOLVED,2026-09-25T23:59:59-06:00,2026-09-26T08:00:00-06:00,2026-06-29T00:00:00-06:00,,1,,false,ACTIVE,EA,,VALID,CURRENT,coolit-synthetic-v2.0.0,ALL_SYNTHETIC_CUSTOMERS,ALL_SYNTHETIC_PROGRAMS,P-COMP-008,SYNTHETIC_INTERNAL,SNP-COOLIT-20260925-BL,SCN-BASELINE,CC-0050-1,LBAL-0050-1,B,2026-09-19,2026-09-20,130,130,0,0,NO_VARIANCE,
TEN-COOLIT-SYN-001,SITE-COOLIT-SYN-01,WMS,CYCLE_COUNT,CC-0050-2,LBAL-0050-2,RESOLVED,2026-09-25T23:59:59-06:00,2026-09-26T08:00:00-06:00,2026-06-29T00:00:00-06:00,,1,,false,ACTIVE,EA,,VALID,CURRENT,coolit-synthetic-v2.0.0,ALL_SYNTHETIC_CUSTOMERS,ALL_SYNTHETIC_PROGRAMS,P-COMP-008,SYNTHETIC_INTERNAL,SNP-COOLIT-20260925-BL,SCN-BASELINE,CC-0050-2,LBAL-0050-2,B,2026-08-01,2026-08-02,57,57,0,0,NO_VARIANCE,
TEN-COOLIT-SYN-001,SITE-COOLIT-SYN-01,WMS,CYCLE_COUNT,CC-0051-1,LBAL-0051-1,RESOLVED,2026-09-25T23:59:59-06:00,2026-09-26T08:00:00-06:00,2026-06-29T00:00:00-06:00,,1,,false,ACTIVE,EA,,VALID,CURRENT,coolit-synthetic-v2.0.0,ALL_SYNTHETIC_CUSTOMERS,ALL_SYNTHETIC_PROGRAMS,P-COMP-009,SYNTHETIC_INTERNAL,SNP-COOLIT-20260925-BL,SCN-BASELINE,CC-0051-1,LBAL-0051-1,C,2026-08-01,2026-08-02,131,131,0,0,NO_VARIANCE,
TEN-COOLIT-SYN-001,SITE-COOLIT-SYN-01,WMS,CYCLE_COUNT,CC-0051-2,LBAL-0051-2,RESOLVED,2026-09-25T23:59:59-06:00,2026-09-26T08:00:00-06:00,2026-06-29T00:00:00-06:00,,1,,false,ACTIVE,EA,,VALID,CURRENT,coolit-synthetic-v2.0.0,ALL_SYNTHETIC_CUSTOMERS,ALL_SYNTHETIC_PROGRAMS,P-COMP-009,SYNTHETIC_INTERNAL,SNP-COOLIT-20260925-BL,SCN-BASELINE,CC-0051-2,LBAL-0051-2,C,2026-08-02,2026-08-03,57,57,0,0,NO_VARIANCE,
TEN-COOLIT-SYN-001,SITE-COOLIT-SYN-01,WMS,CYCLE_COUNT,CC-0052-1,LBAL-0052-1,RESOLVED,2026-09-25T23:59:59-06:00,2026-09-26T08:00:00-06:00,2026-06-29T00:00:00-06:00,,1,,false,ACTIVE,EA,,VALID,CURRENT,coolit-synthetic-v2.0.0,ALL_SYNTHETIC_CUSTOMERS,ALL_SYNTHETIC_PROGRAMS,P-COMP-010,SYNTHETIC_INTERNAL,SNP-COOLIT-20260925-BL,SCN-BASELINE,CC-0052-1,LBAL-0052-1,A,2026-08-02,2026-08-03,130,130,0,0,NO_VARIANCE,
TEN-COOLIT-SYN-001,SITE-COOLIT-SYN-01,WMS,CYCLE_COUNT,CC-0052-2,LBAL-0052-2,RESOLVED,2026-09-25T23:59:59-06:00,2026-09-26T08:00:00-06:00,2026-06-29T00:00:00-06:00,,1,,false,ACTIVE,EA,,VALID,CURRENT,coolit-synthetic-v2.0.0,ALL_SYNTHETIC_CUSTOMERS,ALL_SYNTHETIC_PROGRAMS,P-COMP-010,SYNTHETIC_INTERNAL,SNP-COOLIT-20260925-BL,SCN-BASELINE,CC-0052-2,LBAL-0052-2,A,2026-08-03,2026-08-04,57,57,0,0,NO_VARIANCE,
TEN-COOLIT-SYN-001,SITE-COOLIT-SYN-01,WMS,CYCLE_COUNT,CC-0053-1,LBAL-0053-1,RESOLVED,2026-09-25T23:59:59-06:00,2026-09-26T08:00:00-06:00,2026-06-29T00:00:00-06:00,,1,,false,ACTIVE,EA,,VALID,CURRENT,coolit-synthetic-v2.0.0,ALL_SYNTHETIC_CUSTOMERS,ALL_SYNTHETIC_PROGRAMS,P-COMP-011,SYNTHETIC_INTERNAL,SNP-COOLIT-20260925-BL,SCN-BASELINE,CC-0053-1,LBAL-0053-1,B,2026-08-03,2026-08-04,133,133,0,0,NO_VARIANCE,
TEN-COOLIT-SYN-001,SITE-COOLIT-SYN-01,WMS,CYCLE_COUNT,CC-0053-2,LBAL-0053-2,RESOLVED,2026-09-25T23:59:59-06:00,2026-09-26T08:00:00-06:00,2026-06-29T00:00:00-06:00,,1,,false,ACTIVE,EA,,VALID,CURRENT,coolit-synthetic-v2.0.0,ALL_SYNTHETIC_CUSTOMERS,ALL_SYNTHETIC_PROGRAMS,P-COMP-011,SYNTHETIC_INTERNAL,SNP-COOLIT-20260925-BL,SCN-BASELINE,CC-0053-2,LBAL-0053-2,B,2026-08-04,2026-08-05,57,57,0,0,NO_VARIANCE,
TEN-COOLIT-SYN-001,SITE-COOLIT-SYN-01,WMS,CYCLE_COUNT,CC-0054-1,LBAL-0054-1,RESOLVED,2026-09-25T23:59:59-06:00,2026-09-26T08:00:00-06:00,2026-06-29T00:00:00-06:00,,1,,false,ACTIVE,EA,,VALID,CURRENT,coolit-synthetic-v2.0.0,ALL_SYNTHETIC_CUSTOMERS,ALL_SYNTHETIC_PROGRAMS,P-COMP-012,SYNTHETIC_INTERNAL,SNP-COOLIT-20260925-BL,SCN-BASELINE,CC-0054-1,LBAL-0054-1,C,2026-08-04,2026-08-05,133,133,0,0,NO_VARIANCE,
TEN-COOLIT-SYN-001,SITE-COOLIT-SYN-01,WMS,CYCLE_COUNT,CC-0054-2,LBAL-0054-2,RESOLVED,2026-09-25T23:59:59-06:00,2026-09-26T08:00:00-06:00,2026-06-29T00:00:00-06:00,,1,,false,ACTIVE,EA,,VALID,CURRENT,coolit-synthetic-v2.0.0,ALL_SYNTHETIC_CUSTOMERS,ALL_SYNTHETIC_PROGRAMS,P-COMP-012,SYNTHETIC_INTERNAL,SNP-COOLIT-20260925-BL,SCN-BASELINE,CC-0054-2,LBAL-0054-2,C,2026-08-05,2026-08-06,58,58,0,0,NO_VARIANCE,
TEN-COOLIT-SYN-001,SITE-COOLIT-SYN-01,WMS,CYCLE_COUNT,CC-0055-1,LBAL-0055-1,RESOLVED,2026-09-25T23:59:59-06:00,2026-09-26T08:00:00-06:00,2026-06-29T00:00:00-06:00,,1,,false,ACTIVE,EA,,VALID,CURRENT,coolit-synthetic-v2.0.0,ALL_SYNTHETIC_CUSTOMERS,ALL_SYNTHETIC_PROGRAMS,P-COMP-013,SYNTHETIC_INTERNAL,SNP-COOLIT-20260925-BL,SCN-BASELINE,CC-0055-1,LBAL-0055-1,A,2026-08-05,2026-08-06,134,134,0,0,NO_VARIANCE,
TEN-COOLIT-SYN-001,SITE-COOLIT-SYN-01,WMS,CYCLE_COUNT,CC-0055-2,LBAL-0055-2,RESOLVED,2026-09-25T23:59:59-06:00,2026-09-26T08:00:00-06:00,2026-06-29T00:00:00-06:00,,1,,false,ACTIVE,EA,,VALID,CURRENT,coolit-synthetic-v2.0.0,ALL_SYNTHETIC_CUSTOMERS,ALL_SYNTHETIC_PROGRAMS,P-COMP-013,SYNTHETIC_INTERNAL,SNP-COOLIT-20260925-BL,SCN-BASELINE,CC-0055-2,LBAL-0055-2,A,2026-08-06,2026-08-07,58,58,0,0,NO_VARIANCE,
TEN-COOLIT-SYN-001,SITE-COOLIT-SYN-01,WMS,CYCLE_COUNT,CC-0056-1,LBAL-0056-1,RESOLVED,2026-09-25T23:59:59-06:00,2026-09-26T08:00:00-06:00,2026-06-29T00:00:00-06:00,,1,,false,ACTIVE,EA,,VALID,CURRENT,coolit-synthetic-v2.0.0,ALL_SYNTHETIC_CUSTOMERS,ALL_SYNTHETIC_PROGRAMS,P-COMP-014,SYNTHETIC_INTERNAL,SNP-COOLIT-20260925-BL,SCN-BASELINE,CC-0056-1,LBAL-0056-1,B,2026-08-06,2026-08-07,96,96,0,0,NO_VARIANCE,
TEN-COOLIT-SYN-001,SITE-COOLIT-SYN-01,WMS,CYCLE_COUNT,CC-0056-2,LBAL-0056-2,RESOLVED,2026-09-25T23:59:59-06:00,2026-09-26T08:00:00-06:00,2026-06-29T00:00:00-06:00,,1,,false,ACTIVE,EA,,VALID,CURRENT,coolit-synthetic-v2.0.0,ALL_SYNTHETIC_CUSTOMERS,ALL_SYNTHETIC_PROGRAMS,P-COMP-014,SYNTHETIC_INTERNAL,SNP-COOLIT-20260925-BL,SCN-BASELINE,CC-0056-2,LBAL-0056-2,B,2026-08-07,2026-08-08,42,42,0,0,NO_VARIANCE,
TEN-COOLIT-SYN-001,SITE-COOLIT-SYN-01,WMS,CYCLE_COUNT,CC-0057-1,LBAL-0057-1,RESOLVED,2026-09-25T23:59:59-06:00,2026-09-26T08:00:00-06:00,2026-06-29T00:00:00-06:00,,1,,false,ACTIVE,EA,,VALID,CURRENT,coolit-synthetic-v2.0.0,ALL_SYNTHETIC_CUSTOMERS,ALL_SYNTHETIC_PROGRAMS,P-COMP-015,SYNTHETIC_INTERNAL,SNP-COOLIT-20260925-BL,SCN-BASELINE,CC-0057-1,LBAL-0057-1,C,2026-08-07,2026-08-08,97,97,0,0,NO_VARIANCE,
TEN-COOLIT-SYN-001,SITE-COOLIT-SYN-01,WMS,CYCLE_COUNT,CC-0057-2,LBAL-0057-2,RESOLVED,2026-09-25T23:59:59-06:00,2026-09-26T08:00:00-06:00,2026-06-29T00:00:00-06:00,,1,,false,ACTIVE,EA,,VALID,CURRENT,coolit-synthetic-v2.0.0,ALL_SYNTHETIC_CUSTOMERS,ALL_SYNTHETIC_PROGRAMS,P-COMP-015,SYNTHETIC_INTERNAL,SNP-COOLIT-20260925-BL,SCN-BASELINE,CC-0057-2,LBAL-0057-2,C,2026-08-08,2026-08-09,42,42,0,0,NO_VARIANCE,
TEN-COOLIT-SYN-001,SITE-COOLIT-SYN-01,WMS,CYCLE_COUNT,CC-0058-1,LBAL-0058-1,RESOLVED,2026-09-25T23:59:59-06:00,2026-09-26T08:00:00-06:00,2026-06-29T00:00:00-06:00,,1,,false,ACTIVE,EA,,VALID,CURRENT,coolit-synthetic-v2.0.0,ALL_SYNTHETIC_CUSTOMERS,ALL_SYNTHETIC_PROGRAMS,P-COMP-016,SYNTHETIC_INTERNAL,SNP-COOLIT-20260925-BL,SCN-BASELINE,CC-0058-1,LBAL-0058-1,A,2026-08-08,2026-08-09,98,98,0,0,NO_VARIANCE,
TEN-COOLIT-SYN-001,SITE-COOLIT-SYN-01,WMS,CYCLE_COUNT,CC-0058-2,LBAL-0058-2,RESOLVED,2026-09-25T23:59:59-06:00,2026-09-26T08:00:00-06:00,2026-06-29T00:00:00-06:00,,1,,false,ACTIVE,EA,,VALID,CURRENT,coolit-synthetic-v2.0.0,ALL_SYNTHETIC_CUSTOMERS,ALL_SYNTHETIC_PROGRAMS,P-COMP-016,SYNTHETIC_INTERNAL,SNP-COOLIT-20260925-BL,SCN-BASELINE,CC-0058-2,LBAL-0058-2,A,2026-08-09,2026-08-10,43,43,0,0,NO_VARIANCE,
TEN-COOLIT-SYN-001,SITE-COOLIT-SYN-01,WMS,CYCLE_COUNT,CC-0059-1,LBAL-0059-1,RESOLVED,2026-09-25T23:59:59-06:00,2026-09-26T08:00:00-06:00,2026-06-29T00:00:00-06:00,,1,,false,ACTIVE,EA,,VALID,CURRENT,coolit-synthetic-v2.0.0,ALL_SYNTHETIC_CUSTOMERS,ALL_SYNTHETIC_PROGRAMS,P-COMP-017,SYNTHETIC_INTERNAL,SNP-COOLIT-20260925-BL,SCN-BASELINE,CC-0059-1,LBAL-0059-1,B,2026-08-09,2026-08-10,98,98,0,0,NO_VARIANCE,
TEN-COOLIT-SYN-001,SITE-COOLIT-SYN-01,WMS,CYCLE_COUNT,CC-0059-2,LBAL-0059-2,RESOLVED,2026-09-25T23:59:59-06:00,2026-09-26T08:00:00-06:00,2026-06-29T00:00:00-06:00,,1,,false,ACTIVE,EA,,VALID,CURRENT,coolit-synthetic-v2.0.0,ALL_SYNTHETIC_CUSTOMERS,ALL_SYNTHETIC_PROGRAMS,P-COMP-017,SYNTHETIC_INTERNAL,SNP-COOLIT-20260925-BL,SCN-BASELINE,CC-0059-2,LBAL-0059-2,B,2026-08-10,2026-08-11,43,43,0,0,NO_VARIANCE,
TEN-COOLIT-SYN-001,SITE-COOLIT-SYN-01,WMS,CYCLE_COUNT,CC-0060-1,LBAL-0060-1,RESOLVED,2026-09-25T23:59:59-06:00,2026-09-26T08:00:00-06:00,2026-06-29T00:00:00-06:00,,1,,false,ACTIVE,EA,,VALID,CURRENT,coolit-synthetic-v2.0.0,ALL_SYNTHETIC_CUSTOMERS,ALL_SYNTHETIC_PROGRAMS,P-COMP-018,SYNTHETIC_INTERNAL,SNP-COOLIT-20260925-BL,SCN-BASELINE,CC-0060-1,LBAL-0060-1,C,2026-08-10,2026-08-11,99,99,0,0,NO_VARIANCE,
TEN-COOLIT-SYN-001,SITE-COOLIT-SYN-01,WMS,CYCLE_COUNT,CC-0060-2,LBAL-0060-2,RESOLVED,2026-09-25T23:59:59-06:00,2026-09-26T08:00:00-06:00,2026-06-29T00:00:00-06:00,,1,,false,ACTIVE,EA,,VALID,CURRENT,coolit-synthetic-v2.0.0,ALL_SYNTHETIC_CUSTOMERS,ALL_SYNTHETIC_PROGRAMS,P-COMP-018,SYNTHETIC_INTERNAL,SNP-COOLIT-20260925-BL,SCN-BASELINE,CC-0060-2,LBAL-0060-2,C,2026-08-11,2026-08-12,43,43,0,0,NO_VARIANCE,
TEN-COOLIT-SYN-001,SITE-COOLIT-SYN-01,WMS,CYCLE_COUNT,CC-0061-1,LBAL-0061-1,RESOLVED,2026-09-25T23:59:59-06:00,2026-09-26T08:00:00-06:00,2026-06-29T00:00:00-06:00,,1,,false,ACTIVE,EA,,VALID,CURRENT,coolit-synthetic-v2.0.0,ALL_SYNTHETIC_CUSTOMERS,ALL_SYNTHETIC_PROGRAMS,P-COMP-019,SYNTHETIC_INTERNAL,SNP-COOLIT-20260925-BL,SCN-BASELINE,CC-0061-1,LBAL-0061-1,A,2026-08-11,2026-08-12,100,100,0,0,NO_VARIANCE,
TEN-COOLIT-SYN-001,SITE-COOLIT-SYN-01,WMS,CYCLE_COUNT,CC-0061-2,LBAL-0061-2,RESOLVED,2026-09-25T23:59:59-06:00,2026-09-26T08:00:00-06:00,2026-06-29T00:00:00-06:00,,1,,false,ACTIVE,EA,,VALID,CURRENT,coolit-synthetic-v2.0.0,ALL_SYNTHETIC_CUSTOMERS,ALL_SYNTHETIC_PROGRAMS,P-COMP-019,SYNTHETIC_INTERNAL,SNP-COOLIT-20260925-BL,SCN-BASELINE,CC-0061-2,LBAL-0061-2,A,2026-08-12,2026-08-13,43,43,0,0,NO_VARIANCE,
TEN-COOLIT-SYN-001,SITE-COOLIT-SYN-01,WMS,CYCLE_COUNT,CC-0062-1,LBAL-0062-1,RESOLVED,2026-09-25T23:59:59-06:00,2026-09-26T08:00:00-06:00,2026-06-29T00:00:00-06:00,,1,,false,ACTIVE,EA,,VALID,CURRENT,coolit-synthetic-v2.0.0,ALL_SYNTHETIC_CUSTOMERS,ALL_SYNTHETIC_PROGRAMS,P-COMP-020,SYNTHETIC_INTERNAL,SNP-COOLIT-20260925-BL,SCN-BASELINE,CC-0062-1,LBAL-0062-1,B,2026-08-12,2026-08-13,100,100,0,0,NO_VARIANCE,
TEN-COOLIT-SYN-001,SITE-COOLIT-SYN-01,WMS,CYCLE_COUNT,CC-0062-2,LBAL-0062-2,RESOLVED,2026-09-25T23:59:59-06:00,2026-09-26T08:00:00-06:00,2026-06-29T00:00:00-06:00,,1,,false,ACTIVE,EA,,VALID,CURRENT,coolit-synthetic-v2.0.0,ALL_SYNTHETIC_CUSTOMERS,ALL_SYNTHETIC_PROGRAMS,P-COMP-020,SYNTHETIC_INTERNAL,SNP-COOLIT-20260925-BL,SCN-BASELINE,CC-0062-2,LBAL-0062-2,B,2026-08-13,2026-08-14,44,44,0,0,NO_VARIANCE,
TEN-COOLIT-SYN-001,SITE-COOLIT-SYN-01,WMS,CYCLE_COUNT,CC-0063-1,LBAL-0063-1,RESOLVED,2026-09-25T23:59:59-06:00,2026-09-26T08:00:00-06:00,2026-06-29T00:00:00-06:00,,1,,false,ACTIVE,EA,,VALID,CURRENT,coolit-synthetic-v2.0.0,ALL_SYNTHETIC_CUSTOMERS,ALL_SYNTHETIC_PROGRAMS,P-COMP-021,SYNTHETIC_INTERNAL,SNP-COOLIT-20260925-BL,SCN-BASELINE,CC-0063-1,LBAL-0063-1,C,2026-08-13,2026-08-14,101,101,0,0,NO_VARIANCE,
TEN-COOLIT-SYN-001,SITE-COOLIT-SYN-01,WMS,CYCLE_COUNT,CC-0063-2,LBAL-0063-2,RESOLVED,2026-09-25T23:59:59-06:00,2026-09-26T08:00:00-06:00,2026-06-29T00:00:00-06:00,,1,,false,ACTIVE,EA,,VALID,CURRENT,coolit-synthetic-v2.0.0,ALL_SYNTHETIC_CUSTOMERS,ALL_SYNTHETIC_PROGRAMS,P-COMP-021,SYNTHETIC_INTERNAL,SNP-COOLIT-20260925-BL,SCN-BASELINE,CC-0063-2,LBAL-0063-2,C,2026-08-14,2026-08-15,44,44,0,0,NO_VARIANCE,
TEN-COOLIT-SYN-001,SITE-COOLIT-SYN-01,WMS,CYCLE_COUNT,CC-0064-1,LBAL-0064-1,RESOLVED,2026-09-25T23:59:59-06:00,2026-09-26T08:00:00-06:00,2026-06-29T00:00:00-06:00,,1,,false,ACTIVE,EA,,VALID,CURRENT,coolit-synthetic-v2.0.0,ALL_SYNTHETIC_CUSTOMERS,ALL_SYNTHETIC_PROGRAMS,P-COMP-022,SYNTHETIC_INTERNAL,SNP-COOLIT-20260925-BL,SCN-BASELINE,CC-0064-1,LBAL-0064-1,A,2026-08-14,2026-08-15,102,102,0,0,NO_VARIANCE,
TEN-COOLIT-SYN-001,SITE-COOLIT-SYN-01,WMS,CYCLE_COUNT,CC-0064-2,LBAL-0064-2,RESOLVED,2026-09-25T23:59:59-06:00,2026-09-26T08:00:00-06:00,2026-06-29T00:00:00-06:00,,1,,false,ACTIVE,EA,,VALID,CURRENT,coolit-synthetic-v2.0.0,ALL_SYNTHETIC_CUSTOMERS,ALL_SYNTHETIC_PROGRAMS,P-COMP-022,SYNTHETIC_INTERNAL,SNP-COOLIT-20260925-BL,SCN-BASELINE,CC-0064-2,LBAL-0064-2,A,2026-08-15,2026-08-16,44,44,0,0,NO_VARIANCE,
TEN-COOLIT-SYN-001,SITE-COOLIT-SYN-01,WMS,CYCLE_COUNT,CC-0065-1,LBAL-0065-1,RESOLVED,2026-09-25T23:59:59-06:00,2026-09-26T08:00:00-06:00,2026-06-29T00:00:00-06:00,,1,,false,ACTIVE,EA,,VALID,CURRENT,coolit-synthetic-v2.0.0,ALL_SYNTHETIC_CUSTOMERS,ALL_SYNTHETIC_PROGRAMS,P-COMP-023,SYNTHETIC_INTERNAL,SNP-COOLIT-20260925-BL,SCN-BASELINE,CC-0065-1,LBAL-0065-1,B,2026-08-15,2026-08-16,102,102,0,0,NO_VARIANCE,
TEN-COOLIT-SYN-001,SITE-COOLIT-SYN-01,WMS,CYCLE_COUNT,CC-0065-2,LBAL-0065-2,RESOLVED,2026-09-25T23:59:59-06:00,2026-09-26T08:00:00-06:00,2026-06-29T00:00:00-06:00,,1,,false,ACTIVE,EA,,VALID,CURRENT,coolit-synthetic-v2.0.0,ALL_SYNTHETIC_CUSTOMERS,ALL_SYNTHETIC_PROGRAMS,P-COMP-023,SYNTHETIC_INTERNAL,SNP-COOLIT-20260925-BL,SCN-BASELINE,CC-0065-2,LBAL-0065-2,B,2026-08-16,2026-08-17,45,45,0,0,NO_VARIANCE,
TEN-COOLIT-SYN-001,SITE-COOLIT-SYN-01,WMS,CYCLE_COUNT,CC-0066-1,LBAL-0066-1,RESOLVED,2026-09-25T23:59:59-06:00,2026-09-26T08:00:00-06:00,2026-06-29T00:00:00-06:00,,1,,false,ACTIVE,EA,,VALID,CURRENT,coolit-synthetic-v2.0.0,ALL_SYNTHETIC_CUSTOMERS,ALL_SYNTHETIC_PROGRAMS,P-COMP-024,SYNTHETIC_INTERNAL,SNP-COOLIT-20260925-BL,SCN-BASELINE,CC-0066-1,LBAL-0066-1,C,2026-08-16,2026-08-17,103,103,0,0,NO_VARIANCE,
TEN-COOLIT-SYN-001,SITE-COOLIT-SYN-01,WMS,CYCLE_COUNT,CC-0066-2,LBAL-0066-2,RESOLVED,2026-09-25T23:59:59-06:00,2026-09-26T08:00:00-06:00,2026-06-29T00:00:00-06:00,,1,,false,ACTIVE,EA,,VALID,CURRENT,coolit-synthetic-v2.0.0,ALL_SYNTHETIC_CUSTOMERS,ALL_SYNTHETIC_PROGRAMS,P-COMP-024,SYNTHETIC_INTERNAL,SNP-COOLIT-20260925-BL,SCN-BASELINE,CC-0066-2,LBAL-0066-2,C,2026-08-17,2026-08-18,45,45,0,0,NO_VARIANCE,
TEN-COOLIT-SYN-001,SITE-COOLIT-SYN-01,WMS,CYCLE_COUNT,CC-0067-1,LBAL-0067-1,RESOLVED,2026-09-25T23:59:59-06:00,2026-09-26T08:00:00-06:00,2026-06-29T00:00:00-06:00,,1,,false,ACTIVE,EA,,VALID,CURRENT,coolit-synthetic-v2.0.0,ALL_SYNTHETIC_CUSTOMERS,ALL_SYNTHETIC_PROGRAMS,P-COMP-025,SYNTHETIC_INTERNAL,SNP-COOLIT-20260925-BL,SCN-BASELINE,CC-0067-1,LBAL-0067-1,A,2026-08-17,2026-08-18,104,104,0,0,NO_VARIANCE,
TEN-COOLIT-SYN-001,SITE-COOLIT-SYN-01,WMS,CYCLE_COUNT,CC-0067-2,LBAL-0067-2,RESOLVED,2026-09-25T23:59:59-06:00,2026-09-26T08:00:00-06:00,2026-06-29T00:00:00-06:00,,1,,false,ACTIVE,EA,,VALID,CURRENT,coolit-synthetic-v2.0.0,ALL_SYNTHETIC_CUSTOMERS,ALL_SYNTHETIC_PROGRAMS,P-COMP-025,SYNTHETIC_INTERNAL,SNP-COOLIT-20260925-BL,SCN-BASELINE,CC-0067-2,LBAL-0067-2,A,2026-08-18,2026-08-19,45,45,0,0,NO_VARIANCE,
TEN-COOLIT-SYN-001,SITE-COOLIT-SYN-01,WMS,CYCLE_COUNT,CC-0068-1,LBAL-0068-1,RESOLVED,2026-09-25T23:59:59-06:00,2026-09-26T08:00:00-06:00,2026-06-29T00:00:00-06:00,,1,,false,ACTIVE,EA,,VALID,CURRENT,coolit-synthetic-v2.0.0,ALL_SYNTHETIC_CUSTOMERS,ALL_SYNTHETIC_PROGRAMS,P-COMP-026,SYNTHETIC_INTERNAL,SNP-COOLIT-20260925-BL,SCN-BASELINE,CC-0068-1,LBAL-0068-1,B,2026-08-18,2026-08-19,105,105,0,0,NO_VARIANCE,
TEN-COOLIT-SYN-001,SITE-COOLIT-SYN-01,WMS,CYCLE_COUNT,CC-0068-2,LBAL-0068-2,RESOLVED,2026-09-25T23:59:59-06:00,2026-09-26T08:00:00-06:00,2026-06-29T00:00:00-06:00,,1,,false,ACTIVE,EA,,VALID,CURRENT,coolit-synthetic-v2.0.0,ALL_SYNTHETIC_CUSTOMERS,ALL_SYNTHETIC_PROGRAMS,P-COMP-026,SYNTHETIC_INTERNAL,SNP-COOLIT-20260925-BL,SCN-BASELINE,CC-0068-2,LBAL-0068-2,B,2026-08-19,2026-08-20,45,45,0,0,NO_VARIANCE,
TEN-COOLIT-SYN-001,SITE-COOLIT-SYN-01,WMS,CYCLE_COUNT,CC-0069-1,LBAL-0069-1,RESOLVED,2026-09-25T23:59:59-06:00,2026-09-26T08:00:00-06:00,2026-06-29T00:00:00-06:00,,1,,false,ACTIVE,EA,,VALID,CURRENT,coolit-synthetic-v2.0.0,ALL_SYNTHETIC_CUSTOMERS,ALL_SYNTHETIC_PROGRAMS,P-COMP-027,SYNTHETIC_INTERNAL,SNP-COOLIT-20260925-BL,SCN-BASELINE,CC-0069-1,LBAL-0069-1,C,2026-08-19,2026-08-20,104,104,0,0,NO_VARIANCE,
TEN-COOLIT-SYN-001,SITE-COOLIT-SYN-01,WMS,CYCLE_COUNT,CC-0069-2,LBAL-0069-2,RESOLVED,2026-09-25T23:59:59-06:00,2026-09-26T08:00:00-06:00,2026-06-29T00:00:00-06:00,,1,,false,ACTIVE,EA,,VALID,CURRENT,coolit-synthetic-v2.0.0,ALL_SYNTHETIC_CUSTOMERS,ALL_SYNTHETIC_PROGRAMS,P-COMP-027,SYNTHETIC_INTERNAL,SNP-COOLIT-20260925-BL,SCN-BASELINE,CC-0069-2,LBAL-0069-2,C,2026-08-20,2026-08-21,45,45,0,0,NO_VARIANCE,
TEN-COOLIT-SYN-001,SITE-COOLIT-SYN-01,WMS,CYCLE_COUNT,CC-0070-1,LBAL-0070-1,RESOLVED,2026-09-25T23:59:59-06:00,2026-09-26T08:00:00-06:00,2026-06-29T00:00:00-06:00,,1,,false,ACTIVE,EA,,VALID,CURRENT,coolit-synthetic-v2.0.0,ALL_SYNTHETIC_CUSTOMERS,ALL_SYNTHETIC_PROGRAMS,P-COMP-028,SYNTHETIC_INTERNAL,SNP-COOLIT-20260925-BL,SCN-BASELINE,CC-0070-1,LBAL-0070-1,A,2026-08-20,2026-08-21,106,106,0,0,NO_VARIANCE,
TEN-COOLIT-SYN-001,SITE-COOLIT-SYN-01,WMS,CYCLE_COUNT,CC-0070-2,LBAL-0070-2,RESOLVED,2026-09-25T23:59:59-06:00,2026-09-26T08:00:00-06:00,2026-06-29T00:00:00-06:00,,1,,false,ACTIVE,EA,,VALID,CURRENT,coolit-synthetic-v2.0.0,ALL_SYNTHETIC_CUSTOMERS,ALL_SYNTHETIC_PROGRAMS,P-COMP-028,SYNTHETIC_INTERNAL,SNP-COOLIT-20260925-BL,SCN-BASELINE,CC-0070-2,LBAL-0070-2,A,2026-08-21,2026-08-22,46,46,0,0,NO_VARIANCE,
TEN-COOLIT-SYN-001,SITE-COOLIT-SYN-01,WMS,CYCLE_COUNT,CC-0071-1,LBAL-0071-1,RESOLVED,2026-09-25T23:59:59-06:00,2026-09-26T08:00:00-06:00,2026-06-29T00:00:00-06:00,,1,,false,ACTIVE,EA,,VALID,CURRENT,coolit-synthetic-v2.0.0,ALL_SYNTHETIC_CUSTOMERS,ALL_SYNTHETIC_PROGRAMS,P-COMP-029,SYNTHETIC_INTERNAL,SNP-COOLIT-20260925-BL,SCN-BASELINE,CC-0071-1,LBAL-0071-1,B,2026-08-21,2026-08-22,107,107,0,0,NO_VARIANCE,
TEN-COOLIT-SYN-001,SITE-COOLIT-SYN-01,WMS,CYCLE_COUNT,CC-0071-2,LBAL-0071-2,RESOLVED,2026-09-25T23:59:59-06:00,2026-09-26T08:00:00-06:00,2026-06-29T00:00:00-06:00,,1,,false,ACTIVE,EA,,VALID,CURRENT,coolit-synthetic-v2.0.0,ALL_SYNTHETIC_CUSTOMERS,ALL_SYNTHETIC_PROGRAMS,P-COMP-029,SYNTHETIC_INTERNAL,SNP-COOLIT-20260925-BL,SCN-BASELINE,CC-0071-2,LBAL-0071-2,B,2026-08-22,2026-08-23,46,46,0,0,NO_VARIANCE,
TEN-COOLIT-SYN-001,SITE-COOLIT-SYN-01,WMS,CYCLE_COUNT,CC-0072-1,LBAL-0072-1,RESOLVED,2026-09-25T23:59:59-06:00,2026-09-26T08:00:00-06:00,2026-06-29T00:00:00-06:00,,1,,false,ACTIVE,EA,,VALID,CURRENT,coolit-synthetic-v2.0.0,ALL_SYNTHETIC_CUSTOMERS,ALL_SYNTHETIC_PROGRAMS,P-COMP-030,SYNTHETIC_INTERNAL,SNP-COOLIT-20260925-BL,SCN-BASELINE,CC-0072-1,LBAL-0072-1,C,2026-08-22,2026-08-23,107,107,0,0,NO_VARIANCE,
TEN-COOLIT-SYN-001,SITE-COOLIT-SYN-01,WMS,CYCLE_COUNT,CC-0072-2,LBAL-0072-2,RESOLVED,2026-09-25T23:59:59-06:00,2026-09-26T08:00:00-06:00,2026-06-29T00:00:00-06:00,,1,,false,ACTIVE,EA,,VALID,CURRENT,coolit-synthetic-v2.0.0,ALL_SYNTHETIC_CUSTOMERS,ALL_SYNTHETIC_PROGRAMS,P-COMP-030,SYNTHETIC_INTERNAL,SNP-COOLIT-20260925-BL,SCN-BASELINE,CC-0072-2,LBAL-0072-2,C,2026-08-23,2026-08-24,47,47,0,0,NO_VARIANCE,
TEN-COOLIT-SYN-001,SITE-COOLIT-SYN-01,WMS,CYCLE_COUNT,CC-0073-1,LBAL-0073-1,RESOLVED,2026-09-25T23:59:59-06:00,2026-09-26T08:00:00-06:00,2026-06-29T00:00:00-06:00,,1,,false,ACTIVE,EA,,VALID,CURRENT,coolit-synthetic-v2.0.0,ALL_SYNTHETIC_CUSTOMERS,ALL_SYNTHETIC_PROGRAMS,P-COMP-031,SYNTHETIC_INTERNAL,SNP-COOLIT-20260925-BL,SCN-BASELINE,CC-0073-1,LBAL-0073-1,A,2026-08-23,2026-08-24,108,108,0,0,NO_VARIANCE,
TEN-COOLIT-SYN-001,SITE-COOLIT-SYN-01,WMS,CYCLE_COUNT,CC-0073-2,LBAL-0073-2,RESOLVED,2026-09-25T23:59:59-06:00,2026-09-26T08:00:00-06:00,2026-06-29T00:00:00-06:00,,1,,false,ACTIVE,EA,,VALID,CURRENT,coolit-synthetic-v2.0.0,ALL_SYNTHETIC_CUSTOMERS,ALL_SYNTHETIC_PROGRAMS,P-COMP-031,SYNTHETIC_INTERNAL,SNP-COOLIT-20260925-BL,SCN-BASELINE,CC-0073-2,LBAL-0073-2,A,2026-08-24,2026-08-25,47,47,0,0,NO_VARIANCE,
TEN-COOLIT-SYN-001,SITE-COOLIT-SYN-01,WMS,CYCLE_COUNT,CC-0074-1,LBAL-0074-1,RESOLVED,2026-09-25T23:59:59-06:00,2026-09-26T08:00:00-06:00,2026-06-29T00:00:00-06:00,,1,,false,ACTIVE,EA,,VALID,CURRENT,coolit-synthetic-v2.0.0,ALL_SYNTHETIC_CUSTOMERS,ALL_SYNTHETIC_PROGRAMS,P-COMP-032,SYNTHETIC_INTERNAL,SNP-COOLIT-20260925-BL,SCN-BASELINE,CC-0074-1,LBAL-0074-1,B,2026-08-24,2026-08-25,109,109,0,0,NO_VARIANCE,
TEN-COOLIT-SYN-001,SITE-COOLIT-SYN-01,WMS,CYCLE_COUNT,CC-0074-2,LBAL-0074-2,RESOLVED,2026-09-25T23:59:59-06:00,2026-09-26T08:00:00-06:00,2026-06-29T00:00:00-06:00,,1,,false,ACTIVE,EA,,VALID,CURRENT,coolit-synthetic-v2.0.0,ALL_SYNTHETIC_CUSTOMERS,ALL_SYNTHETIC_PROGRAMS,P-COMP-032,SYNTHETIC_INTERNAL,SNP-COOLIT-20260925-BL,SCN-BASELINE,CC-0074-2,LBAL-0074-2,B,2026-08-25,2026-08-26,47,47,0,0,NO_VARIANCE,
TEN-COOLIT-SYN-001,SITE-COOLIT-SYN-01,WMS,CYCLE_COUNT,CC-0075-1,LBAL-0075-1,RESOLVED,2026-09-25T23:59:59-06:00,2026-09-26T08:00:00-06:00,2026-06-29T00:00:00-06:00,,1,,false,ACTIVE,EA,,VALID,CURRENT,coolit-synthetic-v2.0.0,ALL_SYNTHETIC_CUSTOMERS,ALL_SYNTHETIC_PROGRAMS,P-COMP-033,SYNTHETIC_INTERNAL,SNP-COOLIT-20260925-BL,SCN-BASELINE,CC-0075-1,LBAL-0075-1,C,2026-08-25,2026-08-26,109,109,0,0,NO_VARIANCE,
TEN-COOLIT-SYN-001,SITE-COOLIT-SYN-01,WMS,CYCLE_COUNT,CC-0075-2,LBAL-0075-2,RESOLVED,2026-09-25T23:59:59-06:00,2026-09-26T08:00:00-06:00,2026-06-29T00:00:00-06:00,,1,,false,ACTIVE,EA,,VALID,CURRENT,coolit-synthetic-v2.0.0,ALL_SYNTHETIC_CUSTOMERS,ALL_SYNTHETIC_PROGRAMS,P-COMP-033,SYNTHETIC_INTERNAL,SNP-COOLIT-20260925-BL,SCN-BASELINE,CC-0075-2,LBAL-0075-2,C,2026-08-26,2026-08-27,48,48,0,0,NO_VARIANCE,
TEN-COOLIT-SYN-001,SITE-COOLIT-SYN-01,WMS,CYCLE_COUNT,CC-0076-1,LBAL-0076-1,RESOLVED,2026-09-25T23:59:59-06:00,2026-09-26T08:00:00-06:00,2026-06-29T00:00:00-06:00,,1,,false,ACTIVE,EA,,VALID,CURRENT,coolit-synthetic-v2.0.0,ALL_SYNTHETIC_CUSTOMERS,ALL_SYNTHETIC_PROGRAMS,P-COMP-034,SYNTHETIC_INTERNAL,SNP-COOLIT-20260925-BL,SCN-BASELINE,CC-0076-1,LBAL-0076-1,A,2026-08-26,2026-08-27,110,110,0,0,NO_VARIANCE,
TEN-COOLIT-SYN-001,SITE-COOLIT-SYN-01,WMS,CYCLE_COUNT,CC-0076-2,LBAL-0076-2,RESOLVED,2026-09-25T23:59:59-06:00,2026-09-26T08:00:00-06:00,2026-06-29T00:00:00-06:00,,1,,false,ACTIVE,EA,,VALID,CURRENT,coolit-synthetic-v2.0.0,ALL_SYNTHETIC_CUSTOMERS,ALL_SYNTHETIC_PROGRAMS,P-COMP-034,SYNTHETIC_INTERNAL,SNP-COOLIT-20260925-BL,SCN-BASELINE,CC-0076-2,LBAL-0076-2,A,2026-08-27,2026-08-28,48,48,0,0,NO_VARIANCE,
TEN-COOLIT-SYN-001,SITE-COOLIT-SYN-01,WMS,CYCLE_COUNT,CC-0077-1,LBAL-0077-1,RESOLVED,2026-09-25T23:59:59-06:00,2026-09-26T08:00:00-06:00,2026-06-29T00:00:00-06:00,,1,,false,ACTIVE,EA,,VALID,CURRENT,coolit-synthetic-v2.0.0,ALL_SYNTHETIC_CUSTOMERS,ALL_SYNTHETIC_PROGRAMS,P-COMP-035,SYNTHETIC_INTERNAL,SNP-COOLIT-20260925-BL,SCN-BASELINE,CC-0077-1,LBAL-0077-1,B,2026-08-27,2026-08-28,112,112,0,0,NO_VARIANCE,
TEN-COOLIT-SYN-001,SITE-COOLIT-SYN-01,WMS,CYCLE_COUNT,CC-0077-2,LBAL-0077-2,RESOLVED,2026-09-25T23:59:59-06:00,2026-09-26T08:00:00-06:00,2026-06-29T00:00:00-06:00,,1,,false,ACTIVE,EA,,VALID,CURRENT,coolit-synthetic-v2.0.0,ALL_SYNTHETIC_CUSTOMERS,ALL_SYNTHETIC_PROGRAMS,P-COMP-035,SYNTHETIC_INTERNAL,SNP-COOLIT-20260925-BL,SCN-BASELINE,CC-0077-2,LBAL-0077-2,B,2026-08-28,2026-08-29,48,48,0,0,NO_VARIANCE,
TEN-COOLIT-SYN-001,SITE-COOLIT-SYN-01,WMS,CYCLE_COUNT,CC-0078-1,LBAL-0078-1,RESOLVED,2026-09-25T23:59:59-06:00,2026-09-26T08:00:00-06:00,2026-06-29T00:00:00-06:00,,1,,false,ACTIVE,EA,,VALID,CURRENT,coolit-synthetic-v2.0.0,ALL_SYNTHETIC_CUSTOMERS,ALL_SYNTHETIC_PROGRAMS,P-COMP-036,SYNTHETIC_INTERNAL,SNP-COOLIT-20260925-BL,SCN-BASELINE,CC-0078-1,LBAL-0078-1,C,2026-08-28,2026-08-29,112,112,0,0,NO_VARIANCE,
TEN-COOLIT-SYN-001,SITE-COOLIT-SYN-01,WMS,CYCLE_COUNT,CC-0078-2,LBAL-0078-2,RESOLVED,2026-09-25T23:59:59-06:00,2026-09-26T08:00:00-06:00,2026-06-29T00:00:00-06:00,,1,,false,ACTIVE,EA,,VALID,CURRENT,coolit-synthetic-v2.0.0,ALL_SYNTHETIC_CUSTOMERS,ALL_SYNTHETIC_PROGRAMS,P-COMP-036,SYNTHETIC_INTERNAL,SNP-COOLIT-20260925-BL,SCN-BASELINE,CC-0078-2,LBAL-0078-2,C,2026-08-29,2026-08-30,48,48,0,0,NO_VARIANCE,
TEN-COOLIT-SYN-001,SITE-COOLIT-SYN-01,WMS,CYCLE_COUNT,CC-0079-1,LBAL-0079-1,RESOLVED,2026-09-25T23:59:59-06:00,2026-09-26T08:00:00-06:00,2026-06-29T00:00:00-06:00,,1,,false,ACTIVE,EA,,VALID,CURRENT,coolit-synthetic-v2.0.0,ALL_SYNTHETIC_CUSTOMERS,ALL_SYNTHETIC_PROGRAMS,P-COMP-037,SYNTHETIC_INTERNAL,SNP-COOLIT-20260925-BL,SCN-BASELINE,CC-0079-1,LBAL-0079-1,A,2026-08-29,2026-08-30,112,112,0,0,NO_VARIANCE,
TEN-COOLIT-SYN-001,SITE-COOLIT-SYN-01,WMS,CYCLE_COUNT,CC-0079-2,LBAL-0079-2,RESOLVED,2026-09-25T23:59:59-06:00,2026-09-26T08:00:00-06:00,2026-06-29T00:00:00-06:00,,1,,false,ACTIVE,EA,,VALID,CURRENT,coolit-synthetic-v2.0.0,ALL_SYNTHETIC_CUSTOMERS,ALL_SYNTHETIC_PROGRAMS,P-COMP-037,SYNTHETIC_INTERNAL,SNP-COOLIT-20260925-BL,SCN-BASELINE,CC-0079-2,LBAL-0079-2,A,2026-08-30,2026-08-31,49,49,0,0,NO_VARIANCE,
TEN-COOLIT-SYN-001,SITE-COOLIT-SYN-01,WMS,CYCLE_COUNT,CC-0080-1,LBAL-0080-1,RESOLVED,2026-09-25T23:59:59-06:00,2026-09-26T08:00:00-06:00,2026-06-29T00:00:00-06:00,,1,,false,ACTIVE,EA,,VALID,CURRENT,coolit-synthetic-v2.0.0,ALL_SYNTHETIC_CUSTOMERS,ALL_SYNTHETIC_PROGRAMS,P-COMP-038,SYNTHETIC_INTERNAL,SNP-COOLIT-20260925-BL,SCN-BASELINE,CC-0080-1,LBAL-0080-1,B,2026-08-30,2026-08-31,113,113,0,0,NO_VARIANCE,
TEN-COOLIT-SYN-001,SITE-COOLIT-SYN-01,WMS,CYCLE_COUNT,CC-0080-2,LBAL-0080-2,RESOLVED,2026-09-25T23:59:59-06:00,2026-09-26T08:00:00-06:00,2026-06-29T00:00:00-06:00,,1,,false,ACTIVE,EA,,VALID,CURRENT,coolit-synthetic-v2.0.0,ALL_SYNTHETIC_CUSTOMERS,ALL_SYNTHETIC_PROGRAMS,P-COMP-038,SYNTHETIC_INTERNAL,SNP-COOLIT-20260925-BL,SCN-BASELINE,CC-0080-2,LBAL-0080-2,B,2026-08-31,2026-09-01,49,49,0,0,NO_VARIANCE,
TEN-COOLIT-SYN-001,SITE-COOLIT-SYN-01,WMS,CYCLE_COUNT,CC-0081-1,LBAL-0081-1,RESOLVED,2026-09-25T23:59:59-06:00,2026-09-26T08:00:00-06:00,2026-06-29T00:00:00-06:00,,1,,false,ACTIVE,EA,,VALID,CURRENT,coolit-synthetic-v2.0.0,ALL_SYNTHETIC_CUSTOMERS,ALL_SYNTHETIC_PROGRAMS,P-COMP-039,SYNTHETIC_INTERNAL,SNP-COOLIT-20260925-BL,SCN-BASELINE,CC-0081-1,LBAL-0081-1,C,2026-08-31,2026-09-01,114,114,0,0,NO_VARIANCE,
TEN-COOLIT-SYN-001,SITE-COOLIT-SYN-01,WMS,CYCLE_COUNT,CC-0081-2,LBAL-0081-2,RESOLVED,2026-09-25T23:59:59-06:00,2026-09-26T08:00:00-06:00,2026-06-29T00:00:00-06:00,,1,,false,ACTIVE,EA,,VALID,CURRENT,coolit-synthetic-v2.0.0,ALL_SYNTHETIC_CUSTOMERS,ALL_SYNTHETIC_PROGRAMS,P-COMP-039,SYNTHETIC_INTERNAL,SNP-COOLIT-20260925-BL,SCN-BASELINE,CC-0081-2,LBAL-0081-2,C,2026-09-01,2026-09-02,49,49,0,0,NO_VARIANCE,
TEN-COOLIT-SYN-001,SITE-COOLIT-SYN-01,WMS,CYCLE_COUNT,CC-0082-1,LBAL-0082-1,RESOLVED,2026-09-25T23:59:59-06:00,2026-09-26T08:00:00-06:00,2026-06-29T00:00:00-06:00,,1,,false,ACTIVE,EA,,VALID,CURRENT,coolit-synthetic-v2.0.0,ALL_SYNTHETIC_CUSTOMERS,ALL_SYNTHETIC_PROGRAMS,P-COMP-040,SYNTHETIC_INTERNAL,SNP-COOLIT-20260925-BL,SCN-BASELINE,CC-0082-1,LBAL-0082-1,A,2026-09-01,2026-09-02,114,114,0,0,NO_VARIANCE,
TEN-COOLIT-SYN-001,SITE-COOLIT-SYN-01,WMS,CYCLE_COUNT,CC-0082-2,LBAL-0082-2,RESOLVED,2026-09-25T23:59:59-06:00,2026-09-26T08:00:00-06:00,2026-06-29T00:00:00-06:00,,1,,false,ACTIVE,EA,,VALID,CURRENT,coolit-synthetic-v2.0.0,ALL_SYNTHETIC_CUSTOMERS,ALL_SYNTHETIC_PROGRAMS,P-COMP-040,SYNTHETIC_INTERNAL,SNP-COOLIT-20260925-BL,SCN-BASELINE,CC-0082-2,LBAL-0082-2,A,2026-09-02,2026-09-03,50,50,0,0,NO_VARIANCE,
TEN-COOLIT-SYN-001,SITE-COOLIT-SYN-01,WMS,CYCLE_COUNT,CC-0083-1,LBAL-0083-1,RESOLVED,2026-09-25T23:59:59-06:00,2026-09-26T08:00:00-06:00,2026-06-29T00:00:00-06:00,,1,,false,ACTIVE,EA,,VALID,CURRENT,coolit-synthetic-v2.0.0,ALL_SYNTHETIC_CUSTOMERS,ALL_SYNTHETIC_PROGRAMS,P-COMP-041,SYNTHETIC_INTERNAL,SNP-COOLIT-20260925-BL,SCN-BASELINE,CC-0083-1,LBAL-0083-1,B,2026-09-02,2026-09-03,144,144,0,0,NO_VARIANCE,
TEN-COOLIT-SYN-001,SITE-COOLIT-SYN-01,WMS,CYCLE_COUNT,CC-0083-2,LBAL-0083-2,RESOLVED,2026-09-25T23:59:59-06:00,2026-09-26T08:00:00-06:00,2026-06-29T00:00:00-06:00,,1,,false,ACTIVE,EA,,VALID,CURRENT,coolit-synthetic-v2.0.0,ALL_SYNTHETIC_CUSTOMERS,ALL_SYNTHETIC_PROGRAMS,P-COMP-041,SYNTHETIC_INTERNAL,SNP-COOLIT-20260925-BL,SCN-BASELINE,CC-0083-2,LBAL-0083-2,B,2026-09-03,2026-09-04,62,62,0,0,NO_VARIANCE,
TEN-COOLIT-SYN-001,SITE-COOLIT-SYN-01,WMS,CYCLE_COUNT,CC-0084-1,LBAL-0084-1,RESOLVED,2026-09-25T23:59:59-06:00,2026-09-26T08:00:00-06:00,2026-06-29T00:00:00-06:00,,1,,false,ACTIVE,EA,,VALID,CURRENT,coolit-synthetic-v2.0.0,ALL_SYNTHETIC_CUSTOMERS,ALL_SYNTHETIC_PROGRAMS,P-COMP-042,SYNTHETIC_INTERNAL,SNP-COOLIT-20260925-BL,SCN-BASELINE,CC-0084-1,LBAL-0084-1,C,2026-09-03,2026-09-04,144,144,0,0,NO_VARIANCE,
TEN-COOLIT-SYN-001,SITE-COOLIT-SYN-01,WMS,CYCLE_COUNT,CC-0084-2,LBAL-0084-2,RESOLVED,2026-09-25T23:59:59-06:00,2026-09-26T08:00:00-06:00,2026-06-29T00:00:00-06:00,,1,,false,ACTIVE,EA,,VALID,CURRENT,coolit-synthetic-v2.0.0,ALL_SYNTHETIC_CUSTOMERS,ALL_SYNTHETIC_PROGRAMS,P-COMP-042,SYNTHETIC_INTERNAL,SNP-COOLIT-20260925-BL,SCN-BASELINE,CC-0084-2,LBAL-0084-2,C,2026-09-04,2026-09-05,63,63,0,0,NO_VARIANCE,
TEN-COOLIT-SYN-001,SITE-COOLIT-SYN-01,WMS,CYCLE_COUNT,CC-0085-1,LBAL-0085-1,RESOLVED,2026-09-25T23:59:59-06:00,2026-09-26T08:00:00-06:00,2026-06-29T00:00:00-06:00,,1,,false,ACTIVE,EA,,VALID,CURRENT,coolit-synthetic-v2.0.0,ALL_SYNTHETIC_CUSTOMERS,ALL_SYNTHETIC_PROGRAMS,P-COMP-043,SYNTHETIC_INTERNAL,SNP-COOLIT-20260925-BL,SCN-BASELINE,CC-0085-1,LBAL-0085-1,A,2026-09-04,2026-09-05,145,145,0,0,NO_VARIANCE,
TEN-COOLIT-SYN-001,SITE-COOLIT-SYN-01,WMS,CYCLE_COUNT,CC-0085-2,LBAL-0085-2,RESOLVED,2026-09-25T23:59:59-06:00,2026-09-26T08:00:00-06:00,2026-06-29T00:00:00-06:00,,1,,false,ACTIVE,EA,,VALID,CURRENT,coolit-synthetic-v2.0.0,ALL_SYNTHETIC_CUSTOMERS,ALL_SYNTHETIC_PROGRAMS,P-COMP-043,SYNTHETIC_INTERNAL,SNP-COOLIT-20260925-BL,SCN-BASELINE,CC-0085-2,LBAL-0085-2,A,2026-09-05,2026-09-06,63,63,0,0,NO_VARIANCE,
TEN-COOLIT-SYN-001,SITE-COOLIT-SYN-01,WMS,CYCLE_COUNT,CC-0086-1,LBAL-0086-1,RESOLVED,2026-09-25T23:59:59-06:00,2026-09-26T08:00:00-06:00,2026-06-29T00:00:00-06:00,,1,,false,ACTIVE,EA,,VALID,CURRENT,coolit-synthetic-v2.0.0,ALL_SYNTHETIC_CUSTOMERS,ALL_SYNTHETIC_PROGRAMS,P-COMP-044,SYNTHETIC_INTERNAL,SNP-COOLIT-20260925-BL,SCN-BASELINE,CC-0086-1,LBAL-0086-1,B,2026-09-05,2026-09-06,144,144,0,0,NO_VARIANCE,
TEN-COOLIT-SYN-001,SITE-COOLIT-SYN-01,WMS,CYCLE_COUNT,CC-0086-2,LBAL-0086-2,RESOLVED,2026-09-25T23:59:59-06:00,2026-09-26T08:00:00-06:00,2026-06-29T00:00:00-06:00,,1,,false,ACTIVE,EA,,VALID,CURRENT,coolit-synthetic-v2.0.0,ALL_SYNTHETIC_CUSTOMERS,ALL_SYNTHETIC_PROGRAMS,P-COMP-044,SYNTHETIC_INTERNAL,SNP-COOLIT-20260925-BL,SCN-BASELINE,CC-0086-2,LBAL-0086-2,B,2026-09-06,2026-09-07,63,63,0,0,NO_VARIANCE,
TEN-COOLIT-SYN-001,SITE-COOLIT-SYN-01,WMS,CYCLE_COUNT,CC-0087-1,LBAL-0087-1,RESOLVED,2026-09-25T23:59:59-06:00,2026-09-26T08:00:00-06:00,2026-06-29T00:00:00-06:00,,1,,false,ACTIVE,EA,,VALID,CURRENT,coolit-synthetic-v2.0.0,ALL_SYNTHETIC_CUSTOMERS,ALL_SYNTHETIC_PROGRAMS,P-COMP-045,SYNTHETIC_INTERNAL,SNP-COOLIT-20260925-BL,SCN-BASELINE,CC-0087-1,LBAL-0087-1,C,2026-09-06,2026-09-07,147,147,0,0,NO_VARIANCE,
TEN-COOLIT-SYN-001,SITE-COOLIT-SYN-01,WMS,CYCLE_COUNT,CC-0087-2,LBAL-0087-2,RESOLVED,2026-09-25T23:59:59-06:00,2026-09-26T08:00:00-06:00,2026-06-29T00:00:00-06:00,,1,,false,ACTIVE,EA,,VALID,CURRENT,coolit-synthetic-v2.0.0,ALL_SYNTHETIC_CUSTOMERS,ALL_SYNTHETIC_PROGRAMS,P-COMP-045,SYNTHETIC_INTERNAL,SNP-COOLIT-20260925-BL,SCN-BASELINE,CC-0087-2,LBAL-0087-2,C,2026-09-07,2026-09-08,63,63,0,0,NO_VARIANCE,
TEN-COOLIT-SYN-001,SITE-COOLIT-SYN-01,WMS,CYCLE_COUNT,CC-0088-1,LBAL-0088-1,RESOLVED,2026-09-25T23:59:59-06:00,2026-09-26T08:00:00-06:00,2026-06-29T00:00:00-06:00,,1,,false,ACTIVE,EA,,VALID,CURRENT,coolit-synthetic-v2.0.0,ALL_SYNTHETIC_CUSTOMERS,ALL_SYNTHETIC_PROGRAMS,P-COMP-046,SYNTHETIC_INTERNAL,SNP-COOLIT-20260925-BL,SCN-BASELINE,CC-0088-1,LBAL-0088-1,A,2026-09-07,2026-09-08,147,147,0,0,NO_VARIANCE,
TEN-COOLIT-SYN-001,SITE-COOLIT-SYN-01,WMS,CYCLE_COUNT,CC-0088-2,LBAL-0088-2,RESOLVED,2026-09-25T23:59:59-06:00,2026-09-26T08:00:00-06:00,2026-06-29T00:00:00-06:00,,1,,false,ACTIVE,EA,,VALID,CURRENT,coolit-synthetic-v2.0.0,ALL_SYNTHETIC_CUSTOMERS,ALL_SYNTHETIC_PROGRAMS,P-COMP-046,SYNTHETIC_INTERNAL,SNP-COOLIT-20260925-BL,SCN-BASELINE,CC-0088-2,LBAL-0088-2,A,2026-09-08,2026-09-09,64,64,0,0,NO_VARIANCE,
TEN-COOLIT-SYN-001,SITE-COOLIT-SYN-01,WMS,CYCLE_COUNT,CC-0089-1,LBAL-0089-1,RESOLVED,2026-09-25T23:59:59-06:00,2026-09-26T08:00:00-06:00,2026-06-29T00:00:00-06:00,,1,,false,ACTIVE,EA,,VALID,CURRENT,coolit-synthetic-v2.0.0,ALL_SYNTHETIC_CUSTOMERS,ALL_SYNTHETIC_PROGRAMS,P-COMP-047,SYNTHETIC_INTERNAL,SNP-COOLIT-20260925-BL,SCN-BASELINE,CC-0089-1,LBAL-0089-1,B,2026-09-08,2026-09-09,148,148,0,0,NO_VARIANCE,
TEN-COOLIT-SYN-001,SITE-COOLIT-SYN-01,WMS,CYCLE_COUNT,CC-0089-2,LBAL-0089-2,RESOLVED,2026-09-25T23:59:59-06:00,2026-09-26T08:00:00-06:00,2026-06-29T00:00:00-06:00,,1,,false,ACTIVE,EA,,VALID,CURRENT,coolit-synthetic-v2.0.0,ALL_SYNTHETIC_CUSTOMERS,ALL_SYNTHETIC_PROGRAMS,P-COMP-047,SYNTHETIC_INTERNAL,SNP-COOLIT-20260925-BL,SCN-BASELINE,CC-0089-2,LBAL-0089-2,B,2026-09-09,2026-09-10,64,64,0,0,NO_VARIANCE,
TEN-COOLIT-SYN-001,SITE-COOLIT-SYN-01,WMS,CYCLE_COUNT,CC-0090-1,LBAL-0090-1,RESOLVED,2026-09-25T23:59:59-06:00,2026-09-26T08:00:00-06:00,2026-06-29T00:00:00-06:00,,1,,false,ACTIVE,EA,,VALID,CURRENT,coolit-synthetic-v2.0.0,ALL_SYNTHETIC_CUSTOMERS,ALL_SYNTHETIC_PROGRAMS,P-COMP-048,SYNTHETIC_INTERNAL,SNP-COOLIT-20260925-BL,SCN-BASELINE,CC-0090-1,LBAL-0090-1,C,2026-09-09,2026-09-10,149,149,0,0,NO_VARIANCE,
TEN-COOLIT-SYN-001,SITE-COOLIT-SYN-01,WMS,CYCLE_COUNT,CC-0090-2,LBAL-0090-2,RESOLVED,2026-09-25T23:59:59-06:00,2026-09-26T08:00:00-06:00,2026-06-29T00:00:00-06:00,,1,,false,ACTIVE,EA,,VALID,CURRENT,coolit-synthetic-v2.0.0,ALL_SYNTHETIC_CUSTOMERS,ALL_SYNTHETIC_PROGRAMS,P-COMP-048,SYNTHETIC_INTERNAL,SNP-COOLIT-20260925-BL,SCN-BASELINE,CC-0090-2,LBAL-0090-2,C,2026-09-10,2026-09-11,64,64,0,0,NO_VARIANCE,
TEN-COOLIT-SYN-001,SITE-COOLIT-SYN-01,WMS,CYCLE_COUNT,CC-0091-1,LBAL-0091-1,RESOLVED,2026-09-25T23:59:59-06:00,2026-09-26T08:00:00-06:00,2026-06-29T00:00:00-06:00,,1,,false,ACTIVE,EA,,VALID,CURRENT,coolit-synthetic-v2.0.0,ALL_SYNTHETIC_CUSTOMERS,ALL_SYNTHETIC_PROGRAMS,P-COMP-049,SYNTHETIC_INTERNAL,SNP-COOLIT-20260925-BL,SCN-BASELINE,CC-0091-1,LBAL-0091-1,A,2026-09-10,2026-09-11,149,149,0,0,NO_VARIANCE,
TEN-COOLIT-SYN-001,SITE-COOLIT-SYN-01,WMS,CYCLE_COUNT,CC-0091-2,LBAL-0091-2,RESOLVED,2026-09-25T23:59:59-06:00,2026-09-26T08:00:00-06:00,2026-06-29T00:00:00-06:00,,1,,false,ACTIVE,EA,,VALID,CURRENT,coolit-synthetic-v2.0.0,ALL_SYNTHETIC_CUSTOMERS,ALL_SYNTHETIC_PROGRAMS,P-COMP-049,SYNTHETIC_INTERNAL,SNP-COOLIT-20260925-BL,SCN-BASELINE,CC-0091-2,LBAL-0091-2,A,2026-09-11,2026-09-12,65,65,0,0,NO_VARIANCE,
TEN-COOLIT-SYN-001,SITE-COOLIT-SYN-01,WMS,CYCLE_COUNT,CC-0092-1,LBAL-0092-1,RESOLVED,2026-09-25T23:59:59-06:00,2026-09-26T08:00:00-06:00,2026-06-29T00:00:00-06:00,,1,,false,ACTIVE,EA,,VALID,CURRENT,coolit-synthetic-v2.0.0,ALL_SYNTHETIC_CUSTOMERS,ALL_SYNTHETIC_PROGRAMS,P-COMP-050,SYNTHETIC_INTERNAL,SNP-COOLIT-20260925-BL,SCN-BASELINE,CC-0092-1,LBAL-0092-1,B,2026-09-11,2026-09-12,150,150,0,0,NO_VARIANCE,
TEN-COOLIT-SYN-001,SITE-COOLIT-SYN-01,WMS,CYCLE_COUNT,CC-0092-2,LBAL-0092-2,RESOLVED,2026-09-25T23:59:59-06:00,2026-09-26T08:00:00-06:00,2026-06-29T00:00:00-06:00,,1,,false,ACTIVE,EA,,VALID,CURRENT,coolit-synthetic-v2.0.0,ALL_SYNTHETIC_CUSTOMERS,ALL_SYNTHETIC_PROGRAMS,P-COMP-050,SYNTHETIC_INTERNAL,SNP-COOLIT-20260925-BL,SCN-BASELINE,CC-0092-2,LBAL-0092-2,B,2026-09-12,2026-09-13,65,65,0,0,NO_VARIANCE,
TEN-COOLIT-SYN-001,SITE-COOLIT-SYN-01,WMS,CYCLE_COUNT,CC-0093-1,LBAL-0093-1,RESOLVED,2026-09-25T23:59:59-06:00,2026-09-26T08:00:00-06:00,2026-06-29T00:00:00-06:00,,1,,false,ACTIVE,EA,,VALID,CURRENT,coolit-synthetic-v2.0.0,ALL_SYNTHETIC_CUSTOMERS,ALL_SYNTHETIC_PROGRAMS,P-COMP-051,SYNTHETIC_INTERNAL,SNP-COOLIT-20260925-BL,SCN-BASELINE,CC-0093-1,LBAL-0093-1,C,2026-09-12,2026-09-13,151,151,0,0,NO_VARIANCE,
TEN-COOLIT-SYN-001,SITE-COOLIT-SYN-01,WMS,CYCLE_COUNT,CC-0093-2,LBAL-0093-2,RESOLVED,2026-09-25T23:59:59-06:00,2026-09-26T08:00:00-06:00,2026-06-29T00:00:00-06:00,,1,,false,ACTIVE,EA,,VALID,CURRENT,coolit-synthetic-v2.0.0,ALL_SYNTHETIC_CUSTOMERS,ALL_SYNTHETIC_PROGRAMS,P-COMP-051,SYNTHETIC_INTERNAL,SNP-COOLIT-20260925-BL,SCN-BASELINE,CC-0093-2,LBAL-0093-2,C,2026-09-13,2026-09-14,65,65,0,0,NO_VARIANCE,
TEN-COOLIT-SYN-001,SITE-COOLIT-SYN-01,WMS,CYCLE_COUNT,CC-0094-1,LBAL-0094-1,RESOLVED,2026-09-25T23:59:59-06:00,2026-09-26T08:00:00-06:00,2026-06-29T00:00:00-06:00,,1,,false,ACTIVE,EA,,VALID,CURRENT,coolit-synthetic-v2.0.0,ALL_SYNTHETIC_CUSTOMERS,ALL_SYNTHETIC_PROGRAMS,P-COMP-052,SYNTHETIC_INTERNAL,SNP-COOLIT-20260925-BL,SCN-BASELINE,CC-0094-1,LBAL-0094-1,A,2026-09-13,2026-09-14,151,151,0,0,NO_VARIANCE,
TEN-COOLIT-SYN-001,SITE-COOLIT-SYN-01,WMS,CYCLE_COUNT,CC-0094-2,LBAL-0094-2,RESOLVED,2026-09-25T23:59:59-06:00,2026-09-26T08:00:00-06:00,2026-06-29T00:00:00-06:00,,1,,false,ACTIVE,EA,,VALID,CURRENT,coolit-synthetic-v2.0.0,ALL_SYNTHETIC_CUSTOMERS,ALL_SYNTHETIC_PROGRAMS,P-COMP-052,SYNTHETIC_INTERNAL,SNP-COOLIT-20260925-BL,SCN-BASELINE,CC-0094-2,LBAL-0094-2,A,2026-09-14,2026-09-15,66,66,0,0,NO_VARIANCE,
TEN-COOLIT-SYN-001,SITE-COOLIT-SYN-01,WMS,CYCLE_COUNT,CC-0095-1,LBAL-0095-1,RESOLVED,2026-09-25T23:59:59-06:00,2026-09-26T08:00:00-06:00,2026-06-29T00:00:00-06:00,,1,,false,ACTIVE,EA,,VALID,CURRENT,coolit-synthetic-v2.0.0,ALL_SYNTHETIC_CUSTOMERS,ALL_SYNTHETIC_PROGRAMS,P-COMP-053,SYNTHETIC_INTERNAL,SNP-COOLIT-20260925-BL,SCN-BASELINE,CC-0095-1,LBAL-0095-1,B,2026-09-14,2026-09-15,152,152,0,0,NO_VARIANCE,
TEN-COOLIT-SYN-001,SITE-COOLIT-SYN-01,WMS,CYCLE_COUNT,CC-0095-2,LBAL-0095-2,RESOLVED,2026-09-25T23:59:59-06:00,2026-09-26T08:00:00-06:00,2026-06-29T00:00:00-06:00,,1,,false,ACTIVE,EA,,VALID,CURRENT,coolit-synthetic-v2.0.0,ALL_SYNTHETIC_CUSTOMERS,ALL_SYNTHETIC_PROGRAMS,P-COMP-053,SYNTHETIC_INTERNAL,SNP-COOLIT-20260925-BL,SCN-BASELINE,CC-0095-2,LBAL-0095-2,B,2026-09-15,2026-09-16,66,66,0,0,NO_VARIANCE,
TEN-COOLIT-SYN-001,SITE-COOLIT-SYN-01,WMS,CYCLE_COUNT,CC-0096-1,LBAL-0096-1,RESOLVED,2026-09-25T23:59:59-06:00,2026-09-26T08:00:00-06:00,2026-06-29T00:00:00-06:00,,1,,false,ACTIVE,EA,,VALID,CURRENT,coolit-synthetic-v2.0.0,ALL_SYNTHETIC_CUSTOMERS,ALL_SYNTHETIC_PROGRAMS,P-COMP-054,SYNTHETIC_INTERNAL,SNP-COOLIT-20260925-BL,SCN-BASELINE,CC-0096-1,LBAL-0096-1,C,2026-09-15,2026-09-16,154,154,0,0,NO_VARIANCE,
TEN-COOLIT-SYN-001,SITE-COOLIT-SYN-01,WMS,CYCLE_COUNT,CC-0096-2,LBAL-0096-2,RESOLVED,2026-09-25T23:59:59-06:00,2026-09-26T08:00:00-06:00,2026-06-29T00:00:00-06:00,,1,,false,ACTIVE,EA,,VALID,CURRENT,coolit-synthetic-v2.0.0,ALL_SYNTHETIC_CUSTOMERS,ALL_SYNTHETIC_PROGRAMS,P-COMP-054,SYNTHETIC_INTERNAL,SNP-COOLIT-20260925-BL,SCN-BASELINE,CC-0096-2,LBAL-0096-2,C,2026-09-16,2026-09-17,66,66,0,0,NO_VARIANCE,
TEN-COOLIT-SYN-001,SITE-COOLIT-SYN-01,WMS,CYCLE_COUNT,CC-0097-1,LBAL-0097-1,RESOLVED,2026-09-25T23:59:59-06:00,2026-09-26T08:00:00-06:00,2026-06-29T00:00:00-06:00,,1,,false,ACTIVE,EA,,VALID,CURRENT,coolit-synthetic-v2.0.0,ALL_SYNTHETIC_CUSTOMERS,ALL_SYNTHETIC_PROGRAMS,P-COMP-055,SYNTHETIC_INTERNAL,SNP-COOLIT-20260925-BL,SCN-BASELINE,CC-0097-1,LBAL-0097-1,A,2026-09-16,2026-09-17,154,154,0,0,NO_VARIANCE,
TEN-COOLIT-SYN-001,SITE-COOLIT-SYN-01,WMS,CYCLE_COUNT,CC-0097-2,LBAL-0097-2,RESOLVED,2026-09-25T23:59:59-06:00,2026-09-26T08:00:00-06:00,2026-06-29T00:00:00-06:00,,1,,false,ACTIVE,EA,,VALID,CURRENT,coolit-synthetic-v2.0.0,ALL_SYNTHETIC_CUSTOMERS,ALL_SYNTHETIC_PROGRAMS,P-COMP-055,SYNTHETIC_INTERNAL,SNP-COOLIT-20260925-BL,SCN-BASELINE,CC-0097-2,LBAL-0097-2,A,2026-09-17,2026-09-18,66,67,1,996,APPROVED_ADJUSTMENT,ADJ-CC-0097-2
TEN-COOLIT-SYN-001,SITE-COOLIT-SYN-01,WMS,CYCLE_COUNT,CC-0098-1,LBAL-0098-1,RESOLVED,2026-09-25T23:59:59-06:00,2026-09-26T08:00:00-06:00,2026-06-29T00:00:00-06:00,,1,,false,ACTIVE,EA,,VALID,CURRENT,coolit-synthetic-v2.0.0,ALL_SYNTHETIC_CUSTOMERS,ALL_SYNTHETIC_PROGRAMS,P-COMP-056,SYNTHETIC_INTERNAL,SNP-COOLIT-20260925-BL,SCN-BASELINE,CC-0098-1,LBAL-0098-1,B,2026-09-17,2026-09-18,154,155,1,1006.33,APPROVED_ADJUSTMENT,ADJ-CC-0098-1
TEN-COOLIT-SYN-001,SITE-COOLIT-SYN-01,WMS,CYCLE_COUNT,CC-0098-2,LBAL-0098-2,RESOLVED,2026-09-25T23:59:59-06:00,2026-09-26T08:00:00-06:00,2026-06-29T00:00:00-06:00,,1,,false,ACTIVE,EA,,VALID,CURRENT,coolit-synthetic-v2.0.0,ALL_SYNTHETIC_CUSTOMERS,ALL_SYNTHETIC_PROGRAMS,P-COMP-056,SYNTHETIC_INTERNAL,SNP-COOLIT-20260925-BL,SCN-BASELINE,CC-0098-2,LBAL-0098-2,B,2026-09-18,2026-09-19,67,67,0,0,NO_VARIANCE,
TEN-COOLIT-SYN-001,SITE-COOLIT-SYN-01,WMS,CYCLE_COUNT,CC-0099-1,LBAL-0099-1,RESOLVED,2026-09-25T23:59:59-06:00,2026-09-26T08:00:00-06:00,2026-06-29T00:00:00-06:00,,1,,false,ACTIVE,EA,,VALID,CURRENT,coolit-synthetic-v2.0.0,ALL_SYNTHETIC_CUSTOMERS,ALL_SYNTHETIC_PROGRAMS,P-COMP-057,SYNTHETIC_INTERNAL,SNP-COOLIT-20260925-BL,SCN-BASELINE,CC-0099-1,LBAL-0099-1,C,2026-09-18,2026-09-19,155,155,0,0,NO_VARIANCE,
TEN-COOLIT-SYN-001,SITE-COOLIT-SYN-01,WMS,CYCLE_COUNT,CC-0099-2,LBAL-0099-2,RESOLVED,2026-09-25T23:59:59-06:00,2026-09-26T08:00:00-06:00,2026-06-29T00:00:00-06:00,,1,,false,ACTIVE,EA,,VALID,CURRENT,coolit-synthetic-v2.0.0,ALL_SYNTHETIC_CUSTOMERS,ALL_SYNTHETIC_PROGRAMS,P-COMP-057,SYNTHETIC_INTERNAL,SNP-COOLIT-20260925-BL,SCN-BASELINE,CC-0099-2,LBAL-0099-2,C,2026-09-19,2026-09-20,67,67,0,0,NO_VARIANCE,
TEN-COOLIT-SYN-001,SITE-COOLIT-SYN-01,WMS,CYCLE_COUNT,CC-0100-1,LBAL-0100-1,RESOLVED,2026-09-25T23:59:59-06:00,2026-09-26T08:00:00-06:00,2026-06-29T00:00:00-06:00,,1,,false,ACTIVE,EA,,VALID,CURRENT,coolit-synthetic-v2.0.0,ALL_SYNTHETIC_CUSTOMERS,ALL_SYNTHETIC_PROGRAMS,P-COMP-058,SYNTHETIC_INTERNAL,SNP-COOLIT-20260925-BL,SCN-BASELINE,CC-0100-1,LBAL-0100-1,A,2026-09-19,2026-09-20,156,156,0,0,NO_VARIANCE,
TEN-COOLIT-SYN-001,SITE-COOLIT-SYN-01,WMS,CYCLE_COUNT,CC-0100-2,LBAL-0100-2,RESOLVED,2026-09-25T23:59:59-06:00,2026-09-26T08:00:00-06:00,2026-06-29T00:00:00-06:00,,1,,false,ACTIVE,EA,,VALID,CURRENT,coolit-synthetic-v2.0.0,ALL_SYNTHETIC_CUSTOMERS,ALL_SYNTHETIC_PROGRAMS,P-COMP-058,SYNTHETIC_INTERNAL,SNP-COOLIT-20260925-BL,SCN-BASELINE,CC-0100-2,LBAL-0100-2,A,2026-08-01,2026-08-02,67,67,0,0,NO_VARIANCE,
TEN-COOLIT-SYN-001,SITE-COOLIT-SYN-01,WMS,CYCLE_COUNT,CC-0101-1,LBAL-0101-1,RESOLVED,2026-09-25T23:59:59-06:00,2026-09-26T08:00:00-06:00,2026-06-29T00:00:00-06:00,,1,,false,ACTIVE,EA,,VALID,CURRENT,coolit-synthetic-v2.0.0,ALL_SYNTHETIC_CUSTOMERS,ALL_SYNTHETIC_PROGRAMS,P-COMP-059,SYNTHETIC_INTERNAL,SNP-COOLIT-20260925-BL,SCN-BASELINE,CC-0101-1,LBAL-0101-1,B,2026-08-01,2026-08-02,156,156,0,0,NO_VARIANCE,
TEN-COOLIT-SYN-001,SITE-COOLIT-SYN-01,WMS,CYCLE_COUNT,CC-0101-2,LBAL-0101-2,RESOLVED,2026-09-25T23:59:59-06:00,2026-09-26T08:00:00-06:00,2026-06-29T00:00:00-06:00,,1,,false,ACTIVE,EA,,VALID,CURRENT,coolit-synthetic-v2.0.0,ALL_SYNTHETIC_CUSTOMERS,ALL_SYNTHETIC_PROGRAMS,P-COMP-059,SYNTHETIC_INTERNAL,SNP-COOLIT-20260925-BL,SCN-BASELINE,CC-0101-2,LBAL-0101-2,B,2026-08-02,2026-08-03,68,68,0,0,NO_VARIANCE,
TEN-COOLIT-SYN-001,SITE-COOLIT-SYN-01,WMS,CYCLE_COUNT,CC-0102-1,LBAL-0102-1,RESOLVED,2026-09-25T23:59:59-06:00,2026-09-26T08:00:00-06:00,2026-06-29T00:00:00-06:00,,1,,false,ACTIVE,EA,,VALID,CURRENT,coolit-synthetic-v2.0.0,ALL_SYNTHETIC_CUSTOMERS,ALL_SYNTHETIC_PROGRAMS,P-COMP-060,SYNTHETIC_INTERNAL,SNP-COOLIT-20260925-BL,SCN-BASELINE,CC-0102-1,LBAL-0102-1,C,2026-08-02,2026-08-03,157,157,0,0,NO_VARIANCE,
TEN-COOLIT-SYN-001,SITE-COOLIT-SYN-01,WMS,CYCLE_COUNT,CC-0102-2,LBAL-0102-2,RESOLVED,2026-09-25T23:59:59-06:00,2026-09-26T08:00:00-06:00,2026-06-29T00:00:00-06:00,,1,,false,ACTIVE,EA,,VALID,CURRENT,coolit-synthetic-v2.0.0,ALL_SYNTHETIC_CUSTOMERS,ALL_SYNTHETIC_PROGRAMS,P-COMP-060,SYNTHETIC_INTERNAL,SNP-COOLIT-20260925-BL,SCN-BASELINE,CC-0102-2,LBAL-0102-2,C,2026-08-03,2026-08-04,68,68,0,0,NO_VARIANCE,
TEN-COOLIT-SYN-001,SITE-COOLIT-SYN-01,WMS,CYCLE_COUNT,CC-0103-1,LBAL-0103-1,RESOLVED,2026-09-25T23:59:59-06:00,2026-09-26T08:00:00-06:00,2026-06-29T00:00:00-06:00,,1,,false,ACTIVE,EA,,VALID,CURRENT,coolit-synthetic-v2.0.0,ALL_SYNTHETIC_CUSTOMERS,ALL_SYNTHETIC_PROGRAMS,P-COMP-061,SYNTHETIC_INTERNAL,SNP-COOLIT-20260925-BL,SCN-BASELINE,CC-0103-1,LBAL-0103-1,A,2026-08-03,2026-08-04,156,156,0,0,NO_VARIANCE,
TEN-COOLIT-SYN-001,SITE-COOLIT-SYN-01,WMS,CYCLE_COUNT,CC-0103-2,LBAL-0103-2,RESOLVED,2026-09-25T23:59:59-06:00,2026-09-26T08:00:00-06:00,2026-06-29T00:00:00-06:00,,1,,false,ACTIVE,EA,,VALID,CURRENT,coolit-synthetic-v2.0.0,ALL_SYNTHETIC_CUSTOMERS,ALL_SYNTHETIC_PROGRAMS,P-COMP-061,SYNTHETIC_INTERNAL,SNP-COOLIT-20260925-BL,SCN-BASELINE,CC-0103-2,LBAL-0103-2,A,2026-08-04,2026-08-05,68,68,0,0,NO_VARIANCE,
TEN-COOLIT-SYN-001,SITE-COOLIT-SYN-01,WMS,CYCLE_COUNT,CC-0104-1,LBAL-0104-1,RESOLVED,2026-09-25T23:59:59-06:00,2026-09-26T08:00:00-06:00,2026-06-29T00:00:00-06:00,,1,,false,ACTIVE,EA,,VALID,CURRENT,coolit-synthetic-v2.0.0,ALL_SYNTHETIC_CUSTOMERS,ALL_SYNTHETIC_PROGRAMS,P-COMP-062,SYNTHETIC_INTERNAL,SNP-COOLIT-20260925-BL,SCN-BASELINE,CC-0104-1,LBAL-0104-1,B,2026-08-04,2026-08-05,158,158,0,0,NO_VARIANCE,
TEN-COOLIT-SYN-001,SITE-COOLIT-SYN-01,WMS,CYCLE_COUNT,CC-0104-2,LBAL-0104-2,RESOLVED,2026-09-25T23:59:59-06:00,2026-09-26T08:00:00-06:00,2026-06-29T00:00:00-06:00,,1,,false,ACTIVE,EA,,VALID,CURRENT,coolit-synthetic-v2.0.0,ALL_SYNTHETIC_CUSTOMERS,ALL_SYNTHETIC_PROGRAMS,P-COMP-062,SYNTHETIC_INTERNAL,SNP-COOLIT-20260925-BL,SCN-BASELINE,CC-0104-2,LBAL-0104-2,B,2026-08-05,2026-08-06,69,69,0,0,NO_VARIANCE,
TEN-COOLIT-SYN-001,SITE-COOLIT-SYN-01,WMS,CYCLE_COUNT,CC-0105-1,LBAL-0105-1,RESOLVED,2026-09-25T23:59:59-06:00,2026-09-26T08:00:00-06:00,2026-06-29T00:00:00-06:00,,1,,false,ACTIVE,EA,,VALID,CURRENT,coolit-synthetic-v2.0.0,ALL_SYNTHETIC_CUSTOMERS,ALL_SYNTHETIC_PROGRAMS,P-COMP-063,SYNTHETIC_INTERNAL,SNP-COOLIT-20260925-BL,SCN-BASELINE,CC-0105-1,LBAL-0105-1,C,2026-08-05,2026-08-06,159,159,0,0,NO_VARIANCE,
TEN-COOLIT-SYN-001,SITE-COOLIT-SYN-01,WMS,CYCLE_COUNT,CC-0105-2,LBAL-0105-2,RESOLVED,2026-09-25T23:59:59-06:00,2026-09-26T08:00:00-06:00,2026-06-29T00:00:00-06:00,,1,,false,ACTIVE,EA,,VALID,CURRENT,coolit-synthetic-v2.0.0,ALL_SYNTHETIC_CUSTOMERS,ALL_SYNTHETIC_PROGRAMS,P-COMP-063,SYNTHETIC_INTERNAL,SNP-COOLIT-20260925-BL,SCN-BASELINE,CC-0105-2,LBAL-0105-2,C,2026-08-06,2026-08-07,69,69,0,0,NO_VARIANCE,
TEN-COOLIT-SYN-001,SITE-COOLIT-SYN-01,WMS,CYCLE_COUNT,CC-0106-1,LBAL-0106-1,RESOLVED,2026-09-25T23:59:59-06:00,2026-09-26T08:00:00-06:00,2026-06-29T00:00:00-06:00,,1,,false,ACTIVE,EA,,VALID,CURRENT,coolit-synthetic-v2.0.0,ALL_SYNTHETIC_CUSTOMERS,ALL_SYNTHETIC_PROGRAMS,P-COMP-064,SYNTHETIC_INTERNAL,SNP-COOLIT-20260925-BL,SCN-BASELINE,CC-0106-1,LBAL-0106-1,A,2026-08-06,2026-08-07,160,160,0,0,NO_VARIANCE,
TEN-COOLIT-SYN-001,SITE-COOLIT-SYN-01,WMS,CYCLE_COUNT,CC-0106-2,LBAL-0106-2,RESOLVED,2026-09-25T23:59:59-06:00,2026-09-26T08:00:00-06:00,2026-06-29T00:00:00-06:00,,1,,false,ACTIVE,EA,,VALID,CURRENT,coolit-synthetic-v2.0.0,ALL_SYNTHETIC_CUSTOMERS,ALL_SYNTHETIC_PROGRAMS,P-COMP-064,SYNTHETIC_INTERNAL,SNP-COOLIT-20260925-BL,SCN-BASELINE,CC-0106-2,LBAL-0106-2,A,2026-08-07,2026-08-08,69,69,0,0,NO_VARIANCE,
TEN-COOLIT-SYN-001,SITE-COOLIT-SYN-01,WMS,CYCLE_COUNT,CC-0107-1,LBAL-0107-1,RESOLVED,2026-09-25T23:59:59-06:00,2026-09-26T08:00:00-06:00,2026-06-29T00:00:00-06:00,,1,,false,ACTIVE,EA,,VALID,CURRENT,coolit-synthetic-v2.0.0,ALL_SYNTHETIC_CUSTOMERS,ALL_SYNTHETIC_PROGRAMS,P-COMP-065,SYNTHETIC_INTERNAL,SNP-COOLIT-20260925-BL,SCN-BASELINE,CC-0107-1,LBAL-0107-1,B,2026-08-07,2026-08-08,161,161,0,0,NO_VARIANCE,
TEN-COOLIT-SYN-001,SITE-COOLIT-SYN-01,WMS,CYCLE_COUNT,CC-0107-2,LBAL-0107-2,RESOLVED,2026-09-25T23:59:59-06:00,2026-09-26T08:00:00-06:00,2026-06-29T00:00:00-06:00,,1,,false,ACTIVE,EA,,VALID,CURRENT,coolit-synthetic-v2.0.0,ALL_SYNTHETIC_CUSTOMERS,ALL_SYNTHETIC_PROGRAMS,P-COMP-065,SYNTHETIC_INTERNAL,SNP-COOLIT-20260925-BL,SCN-BASELINE,CC-0107-2,LBAL-0107-2,B,2026-08-08,2026-08-09,69,69,0,0,NO_VARIANCE,
TEN-COOLIT-SYN-001,SITE-COOLIT-SYN-01,WMS,CYCLE_COUNT,CC-0108-1,LBAL-0108-1,RESOLVED,2026-09-25T23:59:59-06:00,2026-09-26T08:00:00-06:00,2026-06-29T00:00:00-06:00,,1,,false,ACTIVE,EA,,VALID,CURRENT,coolit-synthetic-v2.0.0,ALL_SYNTHETIC_CUSTOMERS,ALL_SYNTHETIC_PROGRAMS,P-COMP-066,SYNTHETIC_INTERNAL,SNP-COOLIT-20260925-BL,SCN-BASELINE,CC-0108-1,LBAL-0108-1,C,2026-08-08,2026-08-09,161,161,0,0,NO_VARIANCE,
TEN-COOLIT-SYN-001,SITE-COOLIT-SYN-01,WMS,CYCLE_COUNT,CC-0108-2,LBAL-0108-2,RESOLVED,2026-09-25T23:59:59-06:00,2026-09-26T08:00:00-06:00,2026-06-29T00:00:00-06:00,,1,,false,ACTIVE,EA,,VALID,CURRENT,coolit-synthetic-v2.0.0,ALL_SYNTHETIC_CUSTOMERS,ALL_SYNTHETIC_PROGRAMS,P-COMP-066,SYNTHETIC_INTERNAL,SNP-COOLIT-20260925-BL,SCN-BASELINE,CC-0108-2,LBAL-0108-2,C,2026-08-09,2026-08-10,70,70,0,0,NO_VARIANCE,
TEN-COOLIT-SYN-001,SITE-COOLIT-SYN-01,WMS,CYCLE_COUNT,CC-0109-1,LBAL-0109-1,RESOLVED,2026-09-25T23:59:59-06:00,2026-09-26T08:00:00-06:00,2026-06-29T00:00:00-06:00,,1,,false,ACTIVE,EA,,VALID,CURRENT,coolit-synthetic-v2.0.0,ALL_SYNTHETIC_CUSTOMERS,ALL_SYNTHETIC_PROGRAMS,P-COMP-067,SYNTHETIC_INTERNAL,SNP-COOLIT-20260925-BL,SCN-BASELINE,CC-0109-1,LBAL-0109-1,A,2026-08-09,2026-08-10,162,162,0,0,NO_VARIANCE,
TEN-COOLIT-SYN-001,SITE-COOLIT-SYN-01,WMS,CYCLE_COUNT,CC-0109-2,LBAL-0109-2,RESOLVED,2026-09-25T23:59:59-06:00,2026-09-26T08:00:00-06:00,2026-06-29T00:00:00-06:00,,1,,false,ACTIVE,EA,,VALID,CURRENT,coolit-synthetic-v2.0.0,ALL_SYNTHETIC_CUSTOMERS,ALL_SYNTHETIC_PROGRAMS,P-COMP-067,SYNTHETIC_INTERNAL,SNP-COOLIT-20260925-BL,SCN-BASELINE,CC-0109-2,LBAL-0109-2,A,2026-08-10,2026-08-11,70,70,0,0,NO_VARIANCE,
TEN-COOLIT-SYN-001,SITE-COOLIT-SYN-01,WMS,CYCLE_COUNT,CC-0110-1,LBAL-0110-1,RESOLVED,2026-09-25T23:59:59-06:00,2026-09-26T08:00:00-06:00,2026-06-29T00:00:00-06:00,,1,,false,ACTIVE,EA,,VALID,CURRENT,coolit-synthetic-v2.0.0,ALL_SYNTHETIC_CUSTOMERS,ALL_SYNTHETIC_PROGRAMS,P-COMP-068,SYNTHETIC_INTERNAL,SNP-COOLIT-20260925-BL,SCN-BASELINE,CC-0110-1,LBAL-0110-1,B,2026-08-10,2026-08-11,163,163,0,0,NO_VARIANCE,
TEN-COOLIT-SYN-001,SITE-COOLIT-SYN-01,WMS,CYCLE_COUNT,CC-0110-2,LBAL-0110-2,RESOLVED,2026-09-25T23:59:59-06:00,2026-09-26T08:00:00-06:00,2026-06-29T00:00:00-06:00,,1,,false,ACTIVE,EA,,VALID,CURRENT,coolit-synthetic-v2.0.0,ALL_SYNTHETIC_CUSTOMERS,ALL_SYNTHETIC_PROGRAMS,P-COMP-068,SYNTHETIC_INTERNAL,SNP-COOLIT-20260925-BL,SCN-BASELINE,CC-0110-2,LBAL-0110-2,B,2026-08-11,2026-08-12,70,70,0,0,NO_VARIANCE,
TEN-COOLIT-SYN-001,SITE-COOLIT-SYN-01,WMS,CYCLE_COUNT,CC-0111-1,LBAL-0111-1,RESOLVED,2026-09-25T23:59:59-06:00,2026-09-26T08:00:00-06:00,2026-06-29T00:00:00-06:00,,1,,false,ACTIVE,EA,,VALID,CURRENT,coolit-synthetic-v2.0.0,ALL_SYNTHETIC_CUSTOMERS,ALL_SYNTHETIC_PROGRAMS,P-COMP-069,SYNTHETIC_INTERNAL,SNP-COOLIT-20260925-BL,SCN-BASELINE,CC-0111-1,LBAL-0111-1,C,2026-08-11,2026-08-12,125,125,0,0,NO_VARIANCE,
TEN-COOLIT-SYN-001,SITE-COOLIT-SYN-01,WMS,CYCLE_COUNT,CC-0111-2,LBAL-0111-2,RESOLVED,2026-09-25T23:59:59-06:00,2026-09-26T08:00:00-06:00,2026-06-29T00:00:00-06:00,,1,,false,ACTIVE,EA,,VALID,CURRENT,coolit-synthetic-v2.0.0,ALL_SYNTHETIC_CUSTOMERS,ALL_SYNTHETIC_PROGRAMS,P-COMP-069,SYNTHETIC_INTERNAL,SNP-COOLIT-20260925-BL,SCN-BASELINE,CC-0111-2,LBAL-0111-2,C,2026-08-12,2026-08-13,54,54,0,0,NO_VARIANCE,
TEN-COOLIT-SYN-001,SITE-COOLIT-SYN-01,WMS,CYCLE_COUNT,CC-0112-1,LBAL-0112-1,RESOLVED,2026-09-25T23:59:59-06:00,2026-09-26T08:00:00-06:00,2026-06-29T00:00:00-06:00,,1,,false,ACTIVE,EA,,VALID,CURRENT,coolit-synthetic-v2.0.0,ALL_SYNTHETIC_CUSTOMERS,ALL_SYNTHETIC_PROGRAMS,P-COMP-070,SYNTHETIC_INTERNAL,SNP-COOLIT-20260925-BL,SCN-BASELINE,CC-0112-1,LBAL-0112-1,A,2026-08-12,2026-08-13,125,125,0,0,NO_VARIANCE,
TEN-COOLIT-SYN-001,SITE-COOLIT-SYN-01,WMS,CYCLE_COUNT,CC-0112-2,LBAL-0112-2,RESOLVED,2026-09-25T23:59:59-06:00,2026-09-26T08:00:00-06:00,2026-06-29T00:00:00-06:00,,1,,false,ACTIVE,EA,,VALID,CURRENT,coolit-synthetic-v2.0.0,ALL_SYNTHETIC_CUSTOMERS,ALL_SYNTHETIC_PROGRAMS,P-COMP-070,SYNTHETIC_INTERNAL,SNP-COOLIT-20260925-BL,SCN-BASELINE,CC-0112-2,LBAL-0112-2,A,2026-08-13,2026-08-14,55,55,0,0,NO_VARIANCE,
TEN-COOLIT-SYN-001,SITE-COOLIT-SYN-01,WMS,CYCLE_COUNT,CC-0113-1,LBAL-0113-1,RESOLVED,2026-09-25T23:59:59-06:00,2026-09-26T08:00:00-06:00,2026-06-29T00:00:00-06:00,,1,,false,ACTIVE,EA,,VALID,CURRENT,coolit-synthetic-v2.0.0,ALL_SYNTHETIC_CUSTOMERS,ALL_SYNTHETIC_PROGRAMS,P-COMP-071,SYNTHETIC_INTERNAL,SNP-COOLIT-20260925-BL,SCN-BASELINE,CC-0113-1,LBAL-0113-1,B,2026-08-13,2026-08-14,126,126,0,0,NO_VARIANCE,
TEN-COOLIT-SYN-001,SITE-COOLIT-SYN-01,WMS,CYCLE_COUNT,CC-0113-2,LBAL-0113-2,RESOLVED,2026-09-25T23:59:59-06:00,2026-09-26T08:00:00-06:00,2026-06-29T00:00:00-06:00,,1,,false,ACTIVE,EA,,VALID,CURRENT,coolit-synthetic-v2.0.0,ALL_SYNTHETIC_CUSTOMERS,ALL_SYNTHETIC_PROGRAMS,P-COMP-071,SYNTHETIC_INTERNAL,SNP-COOLIT-20260925-BL,SCN-BASELINE,CC-0113-2,LBAL-0113-2,B,2026-08-14,2026-08-15,55,55,0,0,NO_VARIANCE,
TEN-COOLIT-SYN-001,SITE-COOLIT-SYN-01,WMS,CYCLE_COUNT,CC-0114-1,LBAL-0114-1,RESOLVED,2026-09-25T23:59:59-06:00,2026-09-26T08:00:00-06:00,2026-06-29T00:00:00-06:00,,1,,false,ACTIVE,EA,,VALID,CURRENT,coolit-synthetic-v2.0.0,ALL_SYNTHETIC_CUSTOMERS,ALL_SYNTHETIC_PROGRAMS,P-COMP-072,SYNTHETIC_INTERNAL,SNP-COOLIT-20260925-BL,SCN-BASELINE,CC-0114-1,LBAL-0114-1,C,2026-08-14,2026-08-15,127,127,0,0,NO_VARIANCE,
TEN-COOLIT-SYN-001,SITE-COOLIT-SYN-01,WMS,CYCLE_COUNT,CC-0114-2,LBAL-0114-2,RESOLVED,2026-09-25T23:59:59-06:00,2026-09-26T08:00:00-06:00,2026-06-29T00:00:00-06:00,,1,,false,ACTIVE,EA,,VALID,CURRENT,coolit-synthetic-v2.0.0,ALL_SYNTHETIC_CUSTOMERS,ALL_SYNTHETIC_PROGRAMS,P-COMP-072,SYNTHETIC_INTERNAL,SNP-COOLIT-20260925-BL,SCN-BASELINE,CC-0114-2,LBAL-0114-2,C,2026-08-15,2026-08-16,55,55,0,0,NO_VARIANCE,
TEN-COOLIT-SYN-001,SITE-COOLIT-SYN-01,WMS,CYCLE_COUNT,CC-0115-1,LBAL-0115-1,RESOLVED,2026-09-25T23:59:59-06:00,2026-09-26T08:00:00-06:00,2026-06-29T00:00:00-06:00,,1,,false,ACTIVE,EA,,VALID,CURRENT,coolit-synthetic-v2.0.0,ALL_SYNTHETIC_CUSTOMERS,ALL_SYNTHETIC_PROGRAMS,P-COMP-073,SYNTHETIC_INTERNAL,SNP-COOLIT-20260925-BL,SCN-BASELINE,CC-0115-1,LBAL-0115-1,A,2026-08-15,2026-08-16,128,128,0,0,NO_VARIANCE,
TEN-COOLIT-SYN-001,SITE-COOLIT-SYN-01,WMS,CYCLE_COUNT,CC-0115-2,LBAL-0115-2,RESOLVED,2026-09-25T23:59:59-06:00,2026-09-26T08:00:00-06:00,2026-06-29T00:00:00-06:00,,1,,false,ACTIVE,EA,,VALID,CURRENT,coolit-synthetic-v2.0.0,ALL_SYNTHETIC_CUSTOMERS,ALL_SYNTHETIC_PROGRAMS,P-COMP-073,SYNTHETIC_INTERNAL,SNP-COOLIT-20260925-BL,SCN-BASELINE,CC-0115-2,LBAL-0115-2,A,2026-08-16,2026-08-17,56,56,0,0,NO_VARIANCE,
TEN-COOLIT-SYN-001,SITE-COOLIT-SYN-01,WMS,CYCLE_COUNT,CC-0116-1,LBAL-0116-1,RESOLVED,2026-09-25T23:59:59-06:00,2026-09-26T08:00:00-06:00,2026-06-29T00:00:00-06:00,,1,,false,ACTIVE,EA,,VALID,CURRENT,coolit-synthetic-v2.0.0,ALL_SYNTHETIC_CUSTOMERS,ALL_SYNTHETIC_PROGRAMS,P-COMP-074,SYNTHETIC_INTERNAL,SNP-COOLIT-20260925-BL,SCN-BASELINE,CC-0116-1,LBAL-0116-1,B,2026-08-16,2026-08-17,128,128,0,0,NO_VARIANCE,
TEN-COOLIT-SYN-001,SITE-COOLIT-SYN-01,WMS,CYCLE_COUNT,CC-0116-2,LBAL-0116-2,RESOLVED,2026-09-25T23:59:59-06:00,2026-09-26T08:00:00-06:00,2026-06-29T00:00:00-06:00,,1,,false,ACTIVE,EA,,VALID,CURRENT,coolit-synthetic-v2.0.0,ALL_SYNTHETIC_CUSTOMERS,ALL_SYNTHETIC_PROGRAMS,P-COMP-074,SYNTHETIC_INTERNAL,SNP-COOLIT-20260925-BL,SCN-BASELINE,CC-0116-2,LBAL-0116-2,B,2026-08-17,2026-08-18,56,56,0,0,NO_VARIANCE,
TEN-COOLIT-SYN-001,SITE-COOLIT-SYN-01,WMS,CYCLE_COUNT,CC-0117-1,LBAL-0117-1,RESOLVED,2026-09-25T23:59:59-06:00,2026-09-26T08:00:00-06:00,2026-06-29T00:00:00-06:00,,1,,false,ACTIVE,EA,,VALID,CURRENT,coolit-synthetic-v2.0.0,ALL_SYNTHETIC_CUSTOMERS,ALL_SYNTHETIC_PROGRAMS,P-COMP-075,SYNTHETIC_INTERNAL,SNP-COOLIT-20260925-BL,SCN-BASELINE,CC-0117-1,LBAL-0117-1,C,2026-08-17,2026-08-18,129,129,0,0,NO_VARIANCE,
TEN-COOLIT-SYN-001,SITE-COOLIT-SYN-01,WMS,CYCLE_COUNT,CC-0117-2,LBAL-0117-2,RESOLVED,2026-09-25T23:59:59-06:00,2026-09-26T08:00:00-06:00,2026-06-29T00:00:00-06:00,,1,,false,ACTIVE,EA,,VALID,CURRENT,coolit-synthetic-v2.0.0,ALL_SYNTHETIC_CUSTOMERS,ALL_SYNTHETIC_PROGRAMS,P-COMP-075,SYNTHETIC_INTERNAL,SNP-COOLIT-20260925-BL,SCN-BASELINE,CC-0117-2,LBAL-0117-2,C,2026-08-18,2026-08-19,56,56,0,0,NO_VARIANCE,
TEN-COOLIT-SYN-001,SITE-COOLIT-SYN-01,WMS,CYCLE_COUNT,CC-0118-1,LBAL-0118-1,RESOLVED,2026-09-25T23:59:59-06:00,2026-09-26T08:00:00-06:00,2026-06-29T00:00:00-06:00,,1,,false,ACTIVE,EA,,VALID,CURRENT,coolit-synthetic-v2.0.0,ALL_SYNTHETIC_CUSTOMERS,ALL_SYNTHETIC_PROGRAMS,P-COMP-076,SYNTHETIC_INTERNAL,SNP-COOLIT-20260925-BL,SCN-BASELINE,CC-0118-1,LBAL-0118-1,A,2026-08-18,2026-08-19,130,130,0,0,NO_VARIANCE,
TEN-COOLIT-SYN-001,SITE-COOLIT-SYN-01,WMS,CYCLE_COUNT,CC-0118-2,LBAL-0118-2,RESOLVED,2026-09-25T23:59:59-06:00,2026-09-26T08:00:00-06:00,2026-06-29T00:00:00-06:00,,1,,false,ACTIVE,EA,,VALID,CURRENT,coolit-synthetic-v2.0.0,ALL_SYNTHETIC_CUSTOMERS,ALL_SYNTHETIC_PROGRAMS,P-COMP-076,SYNTHETIC_INTERNAL,SNP-COOLIT-20260925-BL,SCN-BASELINE,CC-0118-2,LBAL-0118-2,A,2026-08-19,2026-08-20,56,56,0,0,NO_VARIANCE,
TEN-COOLIT-SYN-001,SITE-COOLIT-SYN-01,WMS,CYCLE_COUNT,CC-0119-1,LBAL-0119-1,RESOLVED,2026-09-25T23:59:59-06:00,2026-09-26T08:00:00-06:00,2026-06-29T00:00:00-06:00,,1,,false,ACTIVE,EA,,VALID,CURRENT,coolit-synthetic-v2.0.0,ALL_SYNTHETIC_CUSTOMERS,ALL_SYNTHETIC_PROGRAMS,P-COMP-077,SYNTHETIC_INTERNAL,SNP-COOLIT-20260925-BL,SCN-BASELINE,CC-0119-1,LBAL-0119-1,B,2026-08-19,2026-08-20,130,130,0,0,NO_VARIANCE,
TEN-COOLIT-SYN-001,SITE-COOLIT-SYN-01,WMS,CYCLE_COUNT,CC-0119-2,LBAL-0119-2,RESOLVED,2026-09-25T23:59:59-06:00,2026-09-26T08:00:00-06:00,2026-06-29T00:00:00-06:00,,1,,false,ACTIVE,EA,,VALID,CURRENT,coolit-synthetic-v2.0.0,ALL_SYNTHETIC_CUSTOMERS,ALL_SYNTHETIC_PROGRAMS,P-COMP-077,SYNTHETIC_INTERNAL,SNP-COOLIT-20260925-BL,SCN-BASELINE,CC-0119-2,LBAL-0119-2,B,2026-08-20,2026-08-21,57,57,0,0,NO_VARIANCE,
TEN-COOLIT-SYN-001,SITE-COOLIT-SYN-01,WMS,CYCLE_COUNT,CC-0120-1,LBAL-0120-1,RESOLVED,2026-09-25T23:59:59-06:00,2026-09-26T08:00:00-06:00,2026-06-29T00:00:00-06:00,,1,,false,ACTIVE,EA,,VALID,CURRENT,coolit-synthetic-v2.0.0,ALL_SYNTHETIC_CUSTOMERS,ALL_SYNTHETIC_PROGRAMS,P-COMP-078,SYNTHETIC_INTERNAL,SNP-COOLIT-20260925-BL,SCN-BASELINE,CC-0120-1,LBAL-0120-1,C,2026-08-20,2026-08-21,130,130,0,0,NO_VARIANCE,
TEN-COOLIT-SYN-001,SITE-COOLIT-SYN-01,WMS,CYCLE_COUNT,CC-0120-2,LBAL-0120-2,RESOLVED,2026-09-25T23:59:59-06:00,2026-09-26T08:00:00-06:00,2026-06-29T00:00:00-06:00,,1,,false,ACTIVE,EA,,VALID,CURRENT,coolit-synthetic-v2.0.0,ALL_SYNTHETIC_CUSTOMERS,ALL_SYNTHETIC_PROGRAMS,P-COMP-078,SYNTHETIC_INTERNAL,SNP-COOLIT-20260925-BL,SCN-BASELINE,CC-0120-2,LBAL-0120-2,C,2026-08-21,2026-08-22,56,56,0,0,NO_VARIANCE,
TEN-COOLIT-SYN-001,SITE-COOLIT-SYN-01,WMS,CYCLE_COUNT,CC-0121-1,LBAL-0121-1,RESOLVED,2026-09-25T23:59:59-06:00,2026-09-26T08:00:00-06:00,2026-06-29T00:00:00-06:00,,1,,false,ACTIVE,EA,,VALID,CURRENT,coolit-synthetic-v2.0.0,ALL_SYNTHETIC_CUSTOMERS,ALL_SYNTHETIC_PROGRAMS,P-COMP-079,SYNTHETIC_INTERNAL,SNP-COOLIT-20260925-BL,SCN-BASELINE,CC-0121-1,LBAL-0121-1,A,2026-08-21,2026-08-22,132,132,0,0,NO_VARIANCE,
TEN-COOLIT-SYN-001,SITE-COOLIT-SYN-01,WMS,CYCLE_COUNT,CC-0121-2,LBAL-0121-2,RESOLVED,2026-09-25T23:59:59-06:00,2026-09-26T08:00:00-06:00,2026-06-29T00:00:00-06:00,,1,,false,ACTIVE,EA,,VALID,CURRENT,coolit-synthetic-v2.0.0,ALL_SYNTHETIC_CUSTOMERS,ALL_SYNTHETIC_PROGRAMS,P-COMP-079,SYNTHETIC_INTERNAL,SNP-COOLIT-20260925-BL,SCN-BASELINE,CC-0121-2,LBAL-0121-2,A,2026-08-22,2026-08-23,57,57,0,0,NO_VARIANCE,
TEN-COOLIT-SYN-001,SITE-COOLIT-SYN-01,WMS,CYCLE_COUNT,CC-0122-1,LBAL-0122-1,RESOLVED,2026-09-25T23:59:59-06:00,2026-09-26T08:00:00-06:00,2026-06-29T00:00:00-06:00,,1,,false,ACTIVE,EA,,VALID,CURRENT,coolit-synthetic-v2.0.0,ALL_SYNTHETIC_CUSTOMERS,ALL_SYNTHETIC_PROGRAMS,P-COMP-080,SYNTHETIC_INTERNAL,SNP-COOLIT-20260925-BL,SCN-BASELINE,CC-0122-1,LBAL-0122-1,B,2026-08-22,2026-08-23,133,133,0,0,NO_VARIANCE,
TEN-COOLIT-SYN-001,SITE-COOLIT-SYN-01,WMS,CYCLE_COUNT,CC-0122-2,LBAL-0122-2,RESOLVED,2026-09-25T23:59:59-06:00,2026-09-26T08:00:00-06:00,2026-06-29T00:00:00-06:00,,1,,false,ACTIVE,EA,,VALID,CURRENT,coolit-synthetic-v2.0.0,ALL_SYNTHETIC_CUSTOMERS,ALL_SYNTHETIC_PROGRAMS,P-COMP-080,SYNTHETIC_INTERNAL,SNP-COOLIT-20260925-BL,SCN-BASELINE,CC-0122-2,LBAL-0122-2,B,2026-08-23,2026-08-24,57,57,0,0,NO_VARIANCE,
TEN-COOLIT-SYN-001,SITE-COOLIT-SYN-01,WMS,CYCLE_COUNT,CC-0123-1,LBAL-0123-1,RESOLVED,2026-09-25T23:59:59-06:00,2026-09-26T08:00:00-06:00,2026-06-29T00:00:00-06:00,,1,,false,ACTIVE,EA,,VALID,CURRENT,coolit-synthetic-v2.0.0,ALL_SYNTHETIC_CUSTOMERS,ALL_SYNTHETIC_PROGRAMS,P-COMP-081,SYNTHETIC_INTERNAL,SNP-COOLIT-20260925-BL,SCN-BASELINE,CC-0123-1,LBAL-0123-1,C,2026-08-23,2026-08-24,133,133,0,0,NO_VARIANCE,
TEN-COOLIT-SYN-001,SITE-COOLIT-SYN-01,WMS,CYCLE_COUNT,CC-0123-2,LBAL-0123-2,RESOLVED,2026-09-25T23:59:59-06:00,2026-09-26T08:00:00-06:00,2026-06-29T00:00:00-06:00,,1,,false,ACTIVE,EA,,VALID,CURRENT,coolit-synthetic-v2.0.0,ALL_SYNTHETIC_CUSTOMERS,ALL_SYNTHETIC_PROGRAMS,P-COMP-081,SYNTHETIC_INTERNAL,SNP-COOLIT-20260925-BL,SCN-BASELINE,CC-0123-2,LBAL-0123-2,C,2026-08-24,2026-08-25,58,58,0,0,NO_VARIANCE,
TEN-COOLIT-SYN-001,SITE-COOLIT-SYN-01,WMS,CYCLE_COUNT,CC-0124-1,LBAL-0124-1,RESOLVED,2026-09-25T23:59:59-06:00,2026-09-26T08:00:00-06:00,2026-06-29T00:00:00-06:00,,1,,false,ACTIVE,EA,,VALID,CURRENT,coolit-synthetic-v2.0.0,ALL_SYNTHETIC_CUSTOMERS,ALL_SYNTHETIC_PROGRAMS,P-COMP-082,SYNTHETIC_INTERNAL,SNP-COOLIT-20260925-BL,SCN-BASELINE,CC-0124-1,LBAL-0124-1,A,2026-08-24,2026-08-25,163,163,0,0,NO_VARIANCE,
TEN-COOLIT-SYN-001,SITE-COOLIT-SYN-01,WMS,CYCLE_COUNT,CC-0124-2,LBAL-0124-2,RESOLVED,2026-09-25T23:59:59-06:00,2026-09-26T08:00:00-06:00,2026-06-29T00:00:00-06:00,,1,,false,ACTIVE,EA,,VALID,CURRENT,coolit-synthetic-v2.0.0,ALL_SYNTHETIC_CUSTOMERS,ALL_SYNTHETIC_PROGRAMS,P-COMP-082,SYNTHETIC_INTERNAL,SNP-COOLIT-20260925-BL,SCN-BASELINE,CC-0124-2,LBAL-0124-2,A,2026-08-25,2026-08-26,70,70,0,0,NO_VARIANCE,
TEN-COOLIT-SYN-001,SITE-COOLIT-SYN-01,WMS,CYCLE_COUNT,CC-0125-1,LBAL-0125-1,RESOLVED,2026-09-25T23:59:59-06:00,2026-09-26T08:00:00-06:00,2026-06-29T00:00:00-06:00,,1,,false,ACTIVE,EA,,VALID,CURRENT,coolit-synthetic-v2.0.0,ALL_SYNTHETIC_CUSTOMERS,ALL_SYNTHETIC_PROGRAMS,P-COMP-083,SYNTHETIC_INTERNAL,SNP-COOLIT-20260925-BL,SCN-BASELINE,CC-0125-1,LBAL-0125-1,B,2026-08-25,2026-08-26,163,163,0,0,NO_VARIANCE,
TEN-COOLIT-SYN-001,SITE-COOLIT-SYN-01,WMS,CYCLE_COUNT,CC-0125-2,LBAL-0125-2,RESOLVED,2026-09-25T23:59:59-06:00,2026-09-26T08:00:00-06:00,2026-06-29T00:00:00-06:00,,1,,false,ACTIVE,EA,,VALID,CURRENT,coolit-synthetic-v2.0.0,ALL_SYNTHETIC_CUSTOMERS,ALL_SYNTHETIC_PROGRAMS,P-COMP-083,SYNTHETIC_INTERNAL,SNP-COOLIT-20260925-BL,SCN-BASELINE,CC-0125-2,LBAL-0125-2,B,2026-08-26,2026-08-27,71,71,0,0,NO_VARIANCE,
TEN-COOLIT-SYN-001,SITE-COOLIT-SYN-01,WMS,CYCLE_COUNT,CC-0126-1,LBAL-0126-1,RESOLVED,2026-09-25T23:59:59-06:00,2026-09-26T08:00:00-06:00,2026-06-29T00:00:00-06:00,,1,,false,ACTIVE,EA,,VALID,CURRENT,coolit-synthetic-v2.0.0,ALL_SYNTHETIC_CUSTOMERS,ALL_SYNTHETIC_PROGRAMS,P-COMP-084,SYNTHETIC_INTERNAL,SNP-COOLIT-20260925-BL,SCN-BASELINE,CC-0126-1,LBAL-0126-1,C,2026-08-26,2026-08-27,164,164,0,0,NO_VARIANCE,
TEN-COOLIT-SYN-001,SITE-COOLIT-SYN-01,WMS,CYCLE_COUNT,CC-0126-2,LBAL-0126-2,RESOLVED,2026-09-25T23:59:59-06:00,2026-09-26T08:00:00-06:00,2026-06-29T00:00:00-06:00,,1,,false,ACTIVE,EA,,VALID,CURRENT,coolit-synthetic-v2.0.0,ALL_SYNTHETIC_CUSTOMERS,ALL_SYNTHETIC_PROGRAMS,P-COMP-084,SYNTHETIC_INTERNAL,SNP-COOLIT-20260925-BL,SCN-BASELINE,CC-0126-2,LBAL-0126-2,C,2026-08-27,2026-08-28,71,71,0,0,NO_VARIANCE,
TEN-COOLIT-SYN-001,SITE-COOLIT-SYN-01,WMS,CYCLE_COUNT,CC-0127-1,LBAL-0127-1,RESOLVED,2026-09-25T23:59:59-06:00,2026-09-26T08:00:00-06:00,2026-06-29T00:00:00-06:00,,1,,false,ACTIVE,EA,,VALID,CURRENT,coolit-synthetic-v2.0.0,ALL_SYNTHETIC_CUSTOMERS,ALL_SYNTHETIC_PROGRAMS,P-COMP-085,SYNTHETIC_INTERNAL,SNP-COOLIT-20260925-BL,SCN-BASELINE,CC-0127-1,LBAL-0127-1,A,2026-08-27,2026-08-28,165,165,0,0,NO_VARIANCE,
TEN-COOLIT-SYN-001,SITE-COOLIT-SYN-01,WMS,CYCLE_COUNT,CC-0127-2,LBAL-0127-2,RESOLVED,2026-09-25T23:59:59-06:00,2026-09-26T08:00:00-06:00,2026-06-29T00:00:00-06:00,,1,,false,ACTIVE,EA,,VALID,CURRENT,coolit-synthetic-v2.0.0,ALL_SYNTHETIC_CUSTOMERS,ALL_SYNTHETIC_PROGRAMS,P-COMP-085,SYNTHETIC_INTERNAL,SNP-COOLIT-20260925-BL,SCN-BASELINE,CC-0127-2,LBAL-0127-2,A,2026-08-28,2026-08-29,71,71,0,0,NO_VARIANCE,
TEN-COOLIT-SYN-001,SITE-COOLIT-SYN-01,WMS,CYCLE_COUNT,CC-0128-1,LBAL-0128-1,RESOLVED,2026-09-25T23:59:59-06:00,2026-09-26T08:00:00-06:00,2026-06-29T00:00:00-06:00,,1,,false,ACTIVE,EA,,VALID,CURRENT,coolit-synthetic-v2.0.0,ALL_SYNTHETIC_CUSTOMERS,ALL_SYNTHETIC_PROGRAMS,P-COMP-086,SYNTHETIC_INTERNAL,SNP-COOLIT-20260925-BL,SCN-BASELINE,CC-0128-1,LBAL-0128-1,B,2026-08-28,2026-08-29,165,165,0,0,NO_VARIANCE,
TEN-COOLIT-SYN-001,SITE-COOLIT-SYN-01,WMS,CYCLE_COUNT,CC-0128-2,LBAL-0128-2,RESOLVED,2026-09-25T23:59:59-06:00,2026-09-26T08:00:00-06:00,2026-06-29T00:00:00-06:00,,1,,false,ACTIVE,EA,,VALID,CURRENT,coolit-synthetic-v2.0.0,ALL_SYNTHETIC_CUSTOMERS,ALL_SYNTHETIC_PROGRAMS,P-COMP-086,SYNTHETIC_INTERNAL,SNP-COOLIT-20260925-BL,SCN-BASELINE,CC-0128-2,LBAL-0128-2,B,2026-08-29,2026-08-30,72,72,0,0,NO_VARIANCE,
TEN-COOLIT-SYN-001,SITE-COOLIT-SYN-01,WMS,CYCLE_COUNT,CC-0129-1,LBAL-0129-1,RESOLVED,2026-09-25T23:59:59-06:00,2026-09-26T08:00:00-06:00,2026-06-29T00:00:00-06:00,,1,,false,ACTIVE,EA,,VALID,CURRENT,coolit-synthetic-v2.0.0,ALL_SYNTHETIC_CUSTOMERS,ALL_SYNTHETIC_PROGRAMS,P-COMP-087,SYNTHETIC_INTERNAL,SNP-COOLIT-20260925-BL,SCN-BASELINE,CC-0129-1,LBAL-0129-1,C,2026-08-29,2026-08-30,166,166,0,0,NO_VARIANCE,
TEN-COOLIT-SYN-001,SITE-COOLIT-SYN-01,WMS,CYCLE_COUNT,CC-0129-2,LBAL-0129-2,RESOLVED,2026-09-25T23:59:59-06:00,2026-09-26T08:00:00-06:00,2026-06-29T00:00:00-06:00,,1,,false,ACTIVE,EA,,VALID,CURRENT,coolit-synthetic-v2.0.0,ALL_SYNTHETIC_CUSTOMERS,ALL_SYNTHETIC_PROGRAMS,P-COMP-087,SYNTHETIC_INTERNAL,SNP-COOLIT-20260925-BL,SCN-BASELINE,CC-0129-2,LBAL-0129-2,C,2026-08-30,2026-08-31,72,72,0,0,NO_VARIANCE,
TEN-COOLIT-SYN-001,SITE-COOLIT-SYN-01,WMS,CYCLE_COUNT,CC-0130-1,LBAL-0130-1,RESOLVED,2026-09-25T23:59:59-06:00,2026-09-26T08:00:00-06:00,2026-06-29T00:00:00-06:00,,1,,false,ACTIVE,EA,,VALID,CURRENT,coolit-synthetic-v2.0.0,ALL_SYNTHETIC_CUSTOMERS,ALL_SYNTHETIC_PROGRAMS,P-COMP-088,SYNTHETIC_INTERNAL,SNP-COOLIT-20260925-BL,SCN-BASELINE,CC-0130-1,LBAL-0130-1,A,2026-08-30,2026-08-31,167,167,0,0,NO_VARIANCE,
TEN-COOLIT-SYN-001,SITE-COOLIT-SYN-01,WMS,CYCLE_COUNT,CC-0130-2,LBAL-0130-2,RESOLVED,2026-09-25T23:59:59-06:00,2026-09-26T08:00:00-06:00,2026-06-29T00:00:00-06:00,,1,,false,ACTIVE,EA,,VALID,CURRENT,coolit-synthetic-v2.0.0,ALL_SYNTHETIC_CUSTOMERS,ALL_SYNTHETIC_PROGRAMS,P-COMP-088,SYNTHETIC_INTERNAL,SNP-COOLIT-20260925-BL,SCN-BASELINE,CC-0130-2,LBAL-0130-2,A,2026-08-31,2026-09-01,72,72,0,0,NO_VARIANCE,
TEN-COOLIT-SYN-001,SITE-COOLIT-SYN-01,WMS,CYCLE_COUNT,CC-0131-1,LBAL-0131-1,RESOLVED,2026-09-25T23:59:59-06:00,2026-09-26T08:00:00-06:00,2026-06-29T00:00:00-06:00,,1,,false,ACTIVE,EA,,VALID,CURRENT,coolit-synthetic-v2.0.0,ALL_SYNTHETIC_CUSTOMERS,ALL_SYNTHETIC_PROGRAMS,P-COMP-089,SYNTHETIC_INTERNAL,SNP-COOLIT-20260925-BL,SCN-BASELINE,CC-0131-1,LBAL-0131-1,B,2026-08-31,2026-09-01,168,168,0,0,NO_VARIANCE,
TEN-COOLIT-SYN-001,SITE-COOLIT-SYN-01,WMS,CYCLE_COUNT,CC-0131-2,LBAL-0131-2,RESOLVED,2026-09-25T23:59:59-06:00,2026-09-26T08:00:00-06:00,2026-06-29T00:00:00-06:00,,1,,false,ACTIVE,EA,,VALID,CURRENT,coolit-synthetic-v2.0.0,ALL_SYNTHETIC_CUSTOMERS,ALL_SYNTHETIC_PROGRAMS,P-COMP-089,SYNTHETIC_INTERNAL,SNP-COOLIT-20260925-BL,SCN-BASELINE,CC-0131-2,LBAL-0131-2,B,2026-09-01,2026-09-02,72,72,0,0,NO_VARIANCE,
TEN-COOLIT-SYN-001,SITE-COOLIT-SYN-01,WMS,CYCLE_COUNT,CC-0132-1,LBAL-0132-1,RESOLVED,2026-09-25T23:59:59-06:00,2026-09-26T08:00:00-06:00,2026-06-29T00:00:00-06:00,,1,,false,ACTIVE,EA,,VALID,CURRENT,coolit-synthetic-v2.0.0,ALL_SYNTHETIC_CUSTOMERS,ALL_SYNTHETIC_PROGRAMS,P-COMP-090,SYNTHETIC_INTERNAL,SNP-COOLIT-20260925-BL,SCN-BASELINE,CC-0132-1,LBAL-0132-1,C,2026-09-01,2026-09-02,168,168,0,0,NO_VARIANCE,
TEN-COOLIT-SYN-001,SITE-COOLIT-SYN-01,WMS,CYCLE_COUNT,CC-0132-2,LBAL-0132-2,RESOLVED,2026-09-25T23:59:59-06:00,2026-09-26T08:00:00-06:00,2026-06-29T00:00:00-06:00,,1,,false,ACTIVE,EA,,VALID,CURRENT,coolit-synthetic-v2.0.0,ALL_SYNTHETIC_CUSTOMERS,ALL_SYNTHETIC_PROGRAMS,P-COMP-090,SYNTHETIC_INTERNAL,SNP-COOLIT-20260925-BL,SCN-BASELINE,CC-0132-2,LBAL-0132-2,C,2026-09-02,2026-09-03,73,73,0,0,NO_VARIANCE,
TEN-COOLIT-SYN-001,SITE-COOLIT-SYN-01,WMS,CYCLE_COUNT,CC-0133-1,LBAL-0133-1,RESOLVED,2026-09-25T23:59:59-06:00,2026-09-26T08:00:00-06:00,2026-06-29T00:00:00-06:00,,1,,false,ACTIVE,EA,,VALID,CURRENT,coolit-synthetic-v2.0.0,ALL_SYNTHETIC_CUSTOMERS,ALL_SYNTHETIC_PROGRAMS,P-COMP-091,SYNTHETIC_INTERNAL,SNP-COOLIT-20260925-BL,SCN-BASELINE,CC-0133-1,LBAL-0133-1,A,2026-09-02,2026-09-03,169,169,0,0,NO_VARIANCE,
TEN-COOLIT-SYN-001,SITE-COOLIT-SYN-01,WMS,CYCLE_COUNT,CC-0133-2,LBAL-0133-2,RESOLVED,2026-09-25T23:59:59-06:00,2026-09-26T08:00:00-06:00,2026-06-29T00:00:00-06:00,,1,,false,ACTIVE,EA,,VALID,CURRENT,coolit-synthetic-v2.0.0,ALL_SYNTHETIC_CUSTOMERS,ALL_SYNTHETIC_PROGRAMS,P-COMP-091,SYNTHETIC_INTERNAL,SNP-COOLIT-20260925-BL,SCN-BASELINE,CC-0133-2,LBAL-0133-2,A,2026-09-03,2026-09-04,73,73,0,0,NO_VARIANCE,
TEN-COOLIT-SYN-001,SITE-COOLIT-SYN-01,WMS,CYCLE_COUNT,CC-0134-1,LBAL-0134-1,RESOLVED,2026-09-25T23:59:59-06:00,2026-09-26T08:00:00-06:00,2026-06-29T00:00:00-06:00,,1,,false,ACTIVE,EA,,VALID,CURRENT,coolit-synthetic-v2.0.0,ALL_SYNTHETIC_CUSTOMERS,ALL_SYNTHETIC_PROGRAMS,P-COMP-092,SYNTHETIC_INTERNAL,SNP-COOLIT-20260925-BL,SCN-BASELINE,CC-0134-1,LBAL-0134-1,B,2026-09-03,2026-09-04,170,170,0,0,NO_VARIANCE,
TEN-COOLIT-SYN-001,SITE-COOLIT-SYN-01,WMS,CYCLE_COUNT,CC-0134-2,LBAL-0134-2,RESOLVED,2026-09-25T23:59:59-06:00,2026-09-26T08:00:00-06:00,2026-06-29T00:00:00-06:00,,1,,false,ACTIVE,EA,,VALID,CURRENT,coolit-synthetic-v2.0.0,ALL_SYNTHETIC_CUSTOMERS,ALL_SYNTHETIC_PROGRAMS,P-COMP-092,SYNTHETIC_INTERNAL,SNP-COOLIT-20260925-BL,SCN-BASELINE,CC-0134-2,LBAL-0134-2,B,2026-09-04,2026-09-05,74,74,0,0,NO_VARIANCE,
TEN-COOLIT-SYN-001,SITE-COOLIT-SYN-01,WMS,CYCLE_COUNT,CC-0135-1,LBAL-0135-1,RESOLVED,2026-09-25T23:59:59-06:00,2026-09-26T08:00:00-06:00,2026-06-29T00:00:00-06:00,,1,,false,ACTIVE,EA,,VALID,CURRENT,coolit-synthetic-v2.0.0,ALL_SYNTHETIC_CUSTOMERS,ALL_SYNTHETIC_PROGRAMS,P-COMP-093,SYNTHETIC_INTERNAL,SNP-COOLIT-20260925-BL,SCN-BASELINE,CC-0135-1,LBAL-0135-1,C,2026-09-04,2026-09-05,170,170,0,0,NO_VARIANCE,
TEN-COOLIT-SYN-001,SITE-COOLIT-SYN-01,WMS,CYCLE_COUNT,CC-0135-2,LBAL-0135-2,RESOLVED,2026-09-25T23:59:59-06:00,2026-09-26T08:00:00-06:00,2026-06-29T00:00:00-06:00,,1,,false,ACTIVE,EA,,VALID,CURRENT,coolit-synthetic-v2.0.0,ALL_SYNTHETIC_CUSTOMERS,ALL_SYNTHETIC_PROGRAMS,P-COMP-093,SYNTHETIC_INTERNAL,SNP-COOLIT-20260925-BL,SCN-BASELINE,CC-0135-2,LBAL-0135-2,C,2026-09-05,2026-09-06,74,74,0,0,NO_VARIANCE,
TEN-COOLIT-SYN-001,SITE-COOLIT-SYN-01,WMS,CYCLE_COUNT,CC-0136-1,LBAL-0136-1,RESOLVED,2026-09-25T23:59:59-06:00,2026-09-26T08:00:00-06:00,2026-06-29T00:00:00-06:00,,1,,false,ACTIVE,EA,,VALID,CURRENT,coolit-synthetic-v2.0.0,ALL_SYNTHETIC_CUSTOMERS,ALL_SYNTHETIC_PROGRAMS,P-COMP-094,SYNTHETIC_INTERNAL,SNP-COOLIT-20260925-BL,SCN-BASELINE,CC-0136-1,LBAL-0136-1,A,2026-09-05,2026-09-06,171,171,0,0,NO_VARIANCE,
TEN-COOLIT-SYN-001,SITE-COOLIT-SYN-01,WMS,CYCLE_COUNT,CC-0136-2,LBAL-0136-2,RESOLVED,2026-09-25T23:59:59-06:00,2026-09-26T08:00:00-06:00,2026-06-29T00:00:00-06:00,,1,,false,ACTIVE,EA,,VALID,CURRENT,coolit-synthetic-v2.0.0,ALL_SYNTHETIC_CUSTOMERS,ALL_SYNTHETIC_PROGRAMS,P-COMP-094,SYNTHETIC_INTERNAL,SNP-COOLIT-20260925-BL,SCN-BASELINE,CC-0136-2,LBAL-0136-2,A,2026-09-06,2026-09-07,74,74,0,0,NO_VARIANCE,
TEN-COOLIT-SYN-001,SITE-COOLIT-SYN-01,WMS,CYCLE_COUNT,CC-0137-1,LBAL-0137-1,RESOLVED,2026-09-25T23:59:59-06:00,2026-09-26T08:00:00-06:00,2026-06-29T00:00:00-06:00,,1,,false,ACTIVE,EA,,VALID,CURRENT,coolit-synthetic-v2.0.0,ALL_SYNTHETIC_CUSTOMERS,ALL_SYNTHETIC_PROGRAMS,P-COMP-095,SYNTHETIC_INTERNAL,SNP-COOLIT-20260925-BL,SCN-BASELINE,CC-0137-1,LBAL-0137-1,B,2026-09-06,2026-09-07,170,170,0,0,NO_VARIANCE,
TEN-COOLIT-SYN-001,SITE-COOLIT-SYN-01,WMS,CYCLE_COUNT,CC-0137-2,LBAL-0137-2,RESOLVED,2026-09-25T23:59:59-06:00,2026-09-26T08:00:00-06:00,2026-06-29T00:00:00-06:00,,1,,false,ACTIVE,EA,,VALID,CURRENT,coolit-synthetic-v2.0.0,ALL_SYNTHETIC_CUSTOMERS,ALL_SYNTHETIC_PROGRAMS,P-COMP-095,SYNTHETIC_INTERNAL,SNP-COOLIT-20260925-BL,SCN-BASELINE,CC-0137-2,LBAL-0137-2,B,2026-09-07,2026-09-08,74,74,0,0,NO_VARIANCE,
TEN-COOLIT-SYN-001,SITE-COOLIT-SYN-01,WMS,CYCLE_COUNT,CC-0138-1,LBAL-0138-1,RESOLVED,2026-09-25T23:59:59-06:00,2026-09-26T08:00:00-06:00,2026-06-29T00:00:00-06:00,,1,,false,ACTIVE,EA,,VALID,CURRENT,coolit-synthetic-v2.0.0,ALL_SYNTHETIC_CUSTOMERS,ALL_SYNTHETIC_PROGRAMS,P-COMP-096,SYNTHETIC_INTERNAL,SNP-COOLIT-20260925-BL,SCN-BASELINE,CC-0138-1,LBAL-0138-1,C,2026-09-07,2026-09-08,172,172,0,0,NO_VARIANCE,
TEN-COOLIT-SYN-001,SITE-COOLIT-SYN-01,WMS,CYCLE_COUNT,CC-0138-2,LBAL-0138-2,RESOLVED,2026-09-25T23:59:59-06:00,2026-09-26T08:00:00-06:00,2026-06-29T00:00:00-06:00,,1,,false,ACTIVE,EA,,VALID,CURRENT,coolit-synthetic-v2.0.0,ALL_SYNTHETIC_CUSTOMERS,ALL_SYNTHETIC_PROGRAMS,P-COMP-096,SYNTHETIC_INTERNAL,SNP-COOLIT-20260925-BL,SCN-BASELINE,CC-0138-2,LBAL-0138-2,C,2026-09-08,2026-09-09,75,75,0,0,NO_VARIANCE,
TEN-COOLIT-SYN-001,SITE-COOLIT-SYN-01,WMS,CYCLE_COUNT,CC-0139-1,LBAL-0139-1,RESOLVED,2026-09-25T23:59:59-06:00,2026-09-26T08:00:00-06:00,2026-06-29T00:00:00-06:00,,1,,false,ACTIVE,EA,,VALID,CURRENT,coolit-synthetic-v2.0.0,ALL_SYNTHETIC_CUSTOMERS,ALL_SYNTHETIC_PROGRAMS,P-COMP-097,SYNTHETIC_INTERNAL,SNP-COOLIT-20260925-BL,SCN-BASELINE,CC-0139-1,LBAL-0139-1,A,2026-09-08,2026-09-09,173,173,0,0,NO_VARIANCE,
TEN-COOLIT-SYN-001,SITE-COOLIT-SYN-01,WMS,CYCLE_COUNT,CC-0139-2,LBAL-0139-2,RESOLVED,2026-09-25T23:59:59-06:00,2026-09-26T08:00:00-06:00,2026-06-29T00:00:00-06:00,,1,,false,ACTIVE,EA,,VALID,CURRENT,coolit-synthetic-v2.0.0,ALL_SYNTHETIC_CUSTOMERS,ALL_SYNTHETIC_PROGRAMS,P-COMP-097,SYNTHETIC_INTERNAL,SNP-COOLIT-20260925-BL,SCN-BASELINE,CC-0139-2,LBAL-0139-2,A,2026-09-09,2026-09-10,75,75,0,0,NO_VARIANCE,
TEN-COOLIT-SYN-001,SITE-COOLIT-SYN-01,WMS,CYCLE_COUNT,CC-0140-1,LBAL-0140-1,RESOLVED,2026-09-25T23:59:59-06:00,2026-09-26T08:00:00-06:00,2026-06-29T00:00:00-06:00,,1,,false,ACTIVE,EA,,VALID,CURRENT,coolit-synthetic-v2.0.0,ALL_SYNTHETIC_CUSTOMERS,ALL_SYNTHETIC_PROGRAMS,P-COMP-098,SYNTHETIC_INTERNAL,SNP-COOLIT-20260925-BL,SCN-BASELINE,CC-0140-1,LBAL-0140-1,B,2026-09-09,2026-09-10,174,174,0,0,NO_VARIANCE,
TEN-COOLIT-SYN-001,SITE-COOLIT-SYN-01,WMS,CYCLE_COUNT,CC-0140-2,LBAL-0140-2,RESOLVED,2026-09-25T23:59:59-06:00,2026-09-26T08:00:00-06:00,2026-06-29T00:00:00-06:00,,1,,false,ACTIVE,EA,,VALID,CURRENT,coolit-synthetic-v2.0.0,ALL_SYNTHETIC_CUSTOMERS,ALL_SYNTHETIC_PROGRAMS,P-COMP-098,SYNTHETIC_INTERNAL,SNP-COOLIT-20260925-BL,SCN-BASELINE,CC-0140-2,LBAL-0140-2,B,2026-09-10,2026-09-11,75,75,0,0,NO_VARIANCE,
TEN-COOLIT-SYN-001,SITE-COOLIT-SYN-01,WMS,CYCLE_COUNT,CC-0141-1,LBAL-0141-1,RESOLVED,2026-09-25T23:59:59-06:00,2026-09-26T08:00:00-06:00,2026-06-29T00:00:00-06:00,,1,,false,ACTIVE,EA,,VALID,CURRENT,coolit-synthetic-v2.0.0,ALL_SYNTHETIC_CUSTOMERS,ALL_SYNTHETIC_PROGRAMS,P-COMP-099,SYNTHETIC_INTERNAL,SNP-COOLIT-20260925-BL,SCN-BASELINE,CC-0141-1,LBAL-0141-1,C,2026-09-10,2026-09-11,175,175,0,0,NO_VARIANCE,
TEN-COOLIT-SYN-001,SITE-COOLIT-SYN-01,WMS,CYCLE_COUNT,CC-0141-2,LBAL-0141-2,RESOLVED,2026-09-25T23:59:59-06:00,2026-09-26T08:00:00-06:00,2026-06-29T00:00:00-06:00,,1,,false,ACTIVE,EA,,VALID,CURRENT,coolit-synthetic-v2.0.0,ALL_SYNTHETIC_CUSTOMERS,ALL_SYNTHETIC_PROGRAMS,P-COMP-099,SYNTHETIC_INTERNAL,SNP-COOLIT-20260925-BL,SCN-BASELINE,CC-0141-2,LBAL-0141-2,C,2026-09-11,2026-09-12,75,75,0,0,NO_VARIANCE,
TEN-COOLIT-SYN-001,SITE-COOLIT-SYN-01,WMS,CYCLE_COUNT,CC-0142-1,LBAL-0142-1,RESOLVED,2026-09-25T23:59:59-06:00,2026-09-26T08:00:00-06:00,2026-06-29T00:00:00-06:00,,1,,false,ACTIVE,EA,,VALID,CURRENT,coolit-synthetic-v2.0.0,ALL_SYNTHETIC_CUSTOMERS,ALL_SYNTHETIC_PROGRAMS,P-COMP-100,SYNTHETIC_INTERNAL,SNP-COOLIT-20260925-BL,SCN-BASELINE,CC-0142-1,LBAL-0142-1,A,2026-09-11,2026-09-12,175,175,0,0,NO_VARIANCE,
TEN-COOLIT-SYN-001,SITE-COOLIT-SYN-01,WMS,CYCLE_COUNT,CC-0142-2,LBAL-0142-2,RESOLVED,2026-09-25T23:59:59-06:00,2026-09-26T08:00:00-06:00,2026-06-29T00:00:00-06:00,,1,,false,ACTIVE,EA,,VALID,CURRENT,coolit-synthetic-v2.0.0,ALL_SYNTHETIC_CUSTOMERS,ALL_SYNTHETIC_PROGRAMS,P-COMP-100,SYNTHETIC_INTERNAL,SNP-COOLIT-20260925-BL,SCN-BASELINE,CC-0142-2,LBAL-0142-2,A,2026-09-12,2026-09-13,76,76,0,0,NO_VARIANCE,
TEN-COOLIT-SYN-001,SITE-COOLIT-SYN-01,WMS,CYCLE_COUNT,CC-0143-1,LBAL-0143-1,RESOLVED,2026-09-25T23:59:59-06:00,2026-09-26T08:00:00-06:00,2026-06-29T00:00:00-06:00,,1,,false,ACTIVE,EA,,VALID,CURRENT,coolit-synthetic-v2.0.0,ALL_SYNTHETIC_CUSTOMERS,ALL_SYNTHETIC_PROGRAMS,P-COMP-101,SYNTHETIC_INTERNAL,SNP-COOLIT-20260925-BL,SCN-BASELINE,CC-0143-1,LBAL-0143-1,B,2026-09-12,2026-09-13,176,176,0,0,NO_VARIANCE,
TEN-COOLIT-SYN-001,SITE-COOLIT-SYN-01,WMS,CYCLE_COUNT,CC-0143-2,LBAL-0143-2,RESOLVED,2026-09-25T23:59:59-06:00,2026-09-26T08:00:00-06:00,2026-06-29T00:00:00-06:00,,1,,false,ACTIVE,EA,,VALID,CURRENT,coolit-synthetic-v2.0.0,ALL_SYNTHETIC_CUSTOMERS,ALL_SYNTHETIC_PROGRAMS,P-COMP-101,SYNTHETIC_INTERNAL,SNP-COOLIT-20260925-BL,SCN-BASELINE,CC-0143-2,LBAL-0143-2,B,2026-09-13,2026-09-14,76,76,0,0,NO_VARIANCE,
TEN-COOLIT-SYN-001,SITE-COOLIT-SYN-01,WMS,CYCLE_COUNT,CC-0144-1,LBAL-0144-1,RESOLVED,2026-09-25T23:59:59-06:00,2026-09-26T08:00:00-06:00,2026-06-29T00:00:00-06:00,,1,,false,ACTIVE,EA,,VALID,CURRENT,coolit-synthetic-v2.0.0,ALL_SYNTHETIC_CUSTOMERS,ALL_SYNTHETIC_PROGRAMS,P-COMP-102,SYNTHETIC_INTERNAL,SNP-COOLIT-20260925-BL,SCN-BASELINE,CC-0144-1,LBAL-0144-1,C,2026-09-13,2026-09-14,177,177,0,0,NO_VARIANCE,
TEN-COOLIT-SYN-001,SITE-COOLIT-SYN-01,WMS,CYCLE_COUNT,CC-0144-2,LBAL-0144-2,RESOLVED,2026-09-25T23:59:59-06:00,2026-09-26T08:00:00-06:00,2026-06-29T00:00:00-06:00,,1,,false,ACTIVE,EA,,VALID,CURRENT,coolit-synthetic-v2.0.0,ALL_SYNTHETIC_CUSTOMERS,ALL_SYNTHETIC_PROGRAMS,P-COMP-102,SYNTHETIC_INTERNAL,SNP-COOLIT-20260925-BL,SCN-BASELINE,CC-0144-2,LBAL-0144-2,C,2026-09-14,2026-09-15,76,76,0,0,NO_VARIANCE,
TEN-COOLIT-SYN-001,SITE-COOLIT-SYN-01,WMS,CYCLE_COUNT,CC-0145-1,LBAL-0145-1,RESOLVED,2026-09-25T23:59:59-06:00,2026-09-26T08:00:00-06:00,2026-06-29T00:00:00-06:00,,1,,false,ACTIVE,EA,,VALID,CURRENT,coolit-synthetic-v2.0.0,ALL_SYNTHETIC_CUSTOMERS,ALL_SYNTHETIC_PROGRAMS,P-COMP-103,SYNTHETIC_INTERNAL,SNP-COOLIT-20260925-BL,SCN-BASELINE,CC-0145-1,LBAL-0145-1,A,2026-09-14,2026-09-15,177,177,0,0,NO_VARIANCE,
TEN-COOLIT-SYN-001,SITE-COOLIT-SYN-01,WMS,CYCLE_COUNT,CC-0145-2,LBAL-0145-2,RESOLVED,2026-09-25T23:59:59-06:00,2026-09-26T08:00:00-06:00,2026-06-29T00:00:00-06:00,,1,,false,ACTIVE,EA,,VALID,CURRENT,coolit-synthetic-v2.0.0,ALL_SYNTHETIC_CUSTOMERS,ALL_SYNTHETIC_PROGRAMS,P-COMP-103,SYNTHETIC_INTERNAL,SNP-COOLIT-20260925-BL,SCN-BASELINE,CC-0145-2,LBAL-0145-2,A,2026-09-15,2026-09-16,77,77,0,0,NO_VARIANCE,
TEN-COOLIT-SYN-001,SITE-COOLIT-SYN-01,WMS,CYCLE_COUNT,CC-0146-1,LBAL-0146-1,RESOLVED,2026-09-25T23:59:59-06:00,2026-09-26T08:00:00-06:00,2026-06-29T00:00:00-06:00,,1,,false,ACTIVE,EA,,VALID,CURRENT,coolit-synthetic-v2.0.0,ALL_SYNTHETIC_CUSTOMERS,ALL_SYNTHETIC_PROGRAMS,P-COMP-104,SYNTHETIC_INTERNAL,SNP-COOLIT-20260925-BL,SCN-BASELINE,CC-0146-1,LBAL-0146-1,B,2026-09-15,2026-09-16,178,178,0,0,NO_VARIANCE,
TEN-COOLIT-SYN-001,SITE-COOLIT-SYN-01,WMS,CYCLE_COUNT,CC-0146-2,LBAL-0146-2,RESOLVED,2026-09-25T23:59:59-06:00,2026-09-26T08:00:00-06:00,2026-06-29T00:00:00-06:00,,1,,false,ACTIVE,EA,,VALID,CURRENT,coolit-synthetic-v2.0.0,ALL_SYNTHETIC_CUSTOMERS,ALL_SYNTHETIC_PROGRAMS,P-COMP-104,SYNTHETIC_INTERNAL,SNP-COOLIT-20260925-BL,SCN-BASELINE,CC-0146-2,LBAL-0146-2,B,2026-09-16,2026-09-17,77,77,0,0,NO_VARIANCE,
TEN-COOLIT-SYN-001,SITE-COOLIT-SYN-01,WMS,CYCLE_COUNT,CC-0147-1,LBAL-0147-1,RESOLVED,2026-09-25T23:59:59-06:00,2026-09-26T08:00:00-06:00,2026-06-29T00:00:00-06:00,,1,,false,ACTIVE,EA,,VALID,CURRENT,coolit-synthetic-v2.0.0,ALL_SYNTHETIC_CUSTOMERS,ALL_SYNTHETIC_PROGRAMS,P-COMP-105,SYNTHETIC_INTERNAL,SNP-COOLIT-20260925-BL,SCN-BASELINE,CC-0147-1,LBAL-0147-1,C,2026-09-16,2026-09-17,179,179,0,0,NO_VARIANCE,
TEN-COOLIT-SYN-001,SITE-COOLIT-SYN-01,WMS,CYCLE_COUNT,CC-0147-2,LBAL-0147-2,RESOLVED,2026-09-25T23:59:59-06:00,2026-09-26T08:00:00-06:00,2026-06-29T00:00:00-06:00,,1,,false,ACTIVE,EA,,VALID,CURRENT,coolit-synthetic-v2.0.0,ALL_SYNTHETIC_CUSTOMERS,ALL_SYNTHETIC_PROGRAMS,P-COMP-105,SYNTHETIC_INTERNAL,SNP-COOLIT-20260925-BL,SCN-BASELINE,CC-0147-2,LBAL-0147-2,C,2026-09-17,2026-09-18,77,77,0,0,NO_VARIANCE,
TEN-COOLIT-SYN-001,SITE-COOLIT-SYN-01,WMS,CYCLE_COUNT,CC-0148-1,LBAL-0148-1,RESOLVED,2026-09-25T23:59:59-06:00,2026-09-26T08:00:00-06:00,2026-06-29T00:00:00-06:00,,1,,false,ACTIVE,EA,,VALID,CURRENT,coolit-synthetic-v2.0.0,ALL_SYNTHETIC_CUSTOMERS,ALL_SYNTHETIC_PROGRAMS,P-COMP-106,SYNTHETIC_INTERNAL,SNP-COOLIT-20260925-BL,SCN-BASELINE,CC-0148-1,LBAL-0148-1,A,2026-09-17,2026-09-18,179,179,0,0,NO_VARIANCE,
TEN-COOLIT-SYN-001,SITE-COOLIT-SYN-01,WMS,CYCLE_COUNT,CC-0148-2,LBAL-0148-2,RESOLVED,2026-09-25T23:59:59-06:00,2026-09-26T08:00:00-06:00,2026-06-29T00:00:00-06:00,,1,,false,ACTIVE,EA,,VALID,CURRENT,coolit-synthetic-v2.0.0,ALL_SYNTHETIC_CUSTOMERS,ALL_SYNTHETIC_PROGRAMS,P-COMP-106,SYNTHETIC_INTERNAL,SNP-COOLIT-20260925-BL,SCN-BASELINE,CC-0148-2,LBAL-0148-2,A,2026-09-18,2026-09-19,78,78,0,0,NO_VARIANCE,
TEN-COOLIT-SYN-001,SITE-COOLIT-SYN-01,WMS,CYCLE_COUNT,CC-0149-1,LBAL-0149-1,RESOLVED,2026-09-25T23:59:59-06:00,2026-09-26T08:00:00-06:00,2026-06-29T00:00:00-06:00,,1,,false,ACTIVE,EA,,VALID,CURRENT,coolit-synthetic-v2.0.0,ALL_SYNTHETIC_CUSTOMERS,ALL_SYNTHETIC_PROGRAMS,P-COMP-107,SYNTHETIC_INTERNAL,SNP-COOLIT-20260925-BL,SCN-BASELINE,CC-0149-1,LBAL-0149-1,B,2026-09-18,2026-09-19,180,180,0,0,NO_VARIANCE,
TEN-COOLIT-SYN-001,SITE-COOLIT-SYN-01,WMS,CYCLE_COUNT,CC-0149-2,LBAL-0149-2,RESOLVED,2026-09-25T23:59:59-06:00,2026-09-26T08:00:00-06:00,2026-06-29T00:00:00-06:00,,1,,false,ACTIVE,EA,,VALID,CURRENT,coolit-synthetic-v2.0.0,ALL_SYNTHETIC_CUSTOMERS,ALL_SYNTHETIC_PROGRAMS,P-COMP-107,SYNTHETIC_INTERNAL,SNP-COOLIT-20260925-BL,SCN-BASELINE,CC-0149-2,LBAL-0149-2,B,2026-09-19,2026-09-20,78,78,0,0,NO_VARIANCE,
TEN-COOLIT-SYN-001,SITE-COOLIT-SYN-01,WMS,CYCLE_COUNT,CC-0150-1,LBAL-0150-1,RESOLVED,2026-09-25T23:59:59-06:00,2026-09-26T08:00:00-06:00,2026-06-29T00:00:00-06:00,,1,,false,ACTIVE,EA,,VALID,CURRENT,coolit-synthetic-v2.0.0,ALL_SYNTHETIC_CUSTOMERS,ALL_SYNTHETIC_PROGRAMS,P-COMP-108,SYNTHETIC_INTERNAL,SNP-COOLIT-20260925-BL,SCN-BASELINE,CC-0150-1,LBAL-0150-1,C,2026-09-19,2026-09-20,181,181,0,0,NO_VARIANCE,
TEN-COOLIT-SYN-001,SITE-COOLIT-SYN-01,WMS,CYCLE_COUNT,CC-0150-2,LBAL-0150-2,RESOLVED,2026-09-25T23:59:59-06:00,2026-09-26T08:00:00-06:00,2026-06-29T00:00:00-06:00,,1,,false,ACTIVE,EA,,VALID,CURRENT,coolit-synthetic-v2.0.0,ALL_SYNTHETIC_CUSTOMERS,ALL_SYNTHETIC_PROGRAMS,P-COMP-108,SYNTHETIC_INTERNAL,SNP-COOLIT-20260925-BL,SCN-BASELINE,CC-0150-2,LBAL-0150-2,C,2026-08-01,2026-08-02,78,78,0,0,NO_VARIANCE,
TEN-COOLIT-SYN-001,SITE-COOLIT-SYN-01,WMS,CYCLE_COUNT,CC-0151-1,LBAL-0151-1,RESOLVED,2026-09-25T23:59:59-06:00,2026-09-26T08:00:00-06:00,2026-06-29T00:00:00-06:00,,1,,false,ACTIVE,EA,,VALID,CURRENT,coolit-synthetic-v2.0.0,ALL_SYNTHETIC_CUSTOMERS,ALL_SYNTHETIC_PROGRAMS,P-COMP-109,SYNTHETIC_INTERNAL,SNP-COOLIT-20260925-BL,SCN-BASELINE,CC-0151-1,LBAL-0151-1,A,2026-08-01,2026-08-02,182,182,0,0,NO_VARIANCE,
TEN-COOLIT-SYN-001,SITE-COOLIT-SYN-01,WMS,CYCLE_COUNT,CC-0151-2,LBAL-0151-2,RESOLVED,2026-09-25T23:59:59-06:00,2026-09-26T08:00:00-06:00,2026-06-29T00:00:00-06:00,,1,,false,ACTIVE,EA,,VALID,CURRENT,coolit-synthetic-v2.0.0,ALL_SYNTHETIC_CUSTOMERS,ALL_SYNTHETIC_PROGRAMS,P-COMP-109,SYNTHETIC_INTERNAL,SNP-COOLIT-20260925-BL,SCN-BASELINE,CC-0151-2,LBAL-0151-2,A,2026-08-02,2026-08-03,78,78,0,0,NO_VARIANCE,
TEN-COOLIT-SYN-001,SITE-COOLIT-SYN-01,WMS,CYCLE_COUNT,CC-0152-1,LBAL-0152-1,RESOLVED,2026-09-25T23:59:59-06:00,2026-09-26T08:00:00-06:00,2026-06-29T00:00:00-06:00,,1,,false,ACTIVE,EA,,VALID,CURRENT,coolit-synthetic-v2.0.0,ALL_SYNTHETIC_CUSTOMERS,ALL_SYNTHETIC_PROGRAMS,P-COMP-110,SYNTHETIC_INTERNAL,SNP-COOLIT-20260925-BL,SCN-BASELINE,CC-0152-1,LBAL-0152-1,B,2026-08-02,2026-08-03,182,182,0,0,NO_VARIANCE,
TEN-COOLIT-SYN-001,SITE-COOLIT-SYN-01,WMS,CYCLE_COUNT,CC-0152-2,LBAL-0152-2,RESOLVED,2026-09-25T23:59:59-06:00,2026-09-26T08:00:00-06:00,2026-06-29T00:00:00-06:00,,1,,false,ACTIVE,EA,,VALID,CURRENT,coolit-synthetic-v2.0.0,ALL_SYNTHETIC_CUSTOMERS,ALL_SYNTHETIC_PROGRAMS,P-COMP-110,SYNTHETIC_INTERNAL,SNP-COOLIT-20260925-BL,SCN-BASELINE,CC-0152-2,LBAL-0152-2,B,2026-08-03,2026-08-04,79,79,0,0,NO_VARIANCE,
TEN-COOLIT-SYN-001,SITE-COOLIT-SYN-01,WMS,CYCLE_COUNT,CC-0153-1,LBAL-0153-1,RESOLVED,2026-09-25T23:59:59-06:00,2026-09-26T08:00:00-06:00,2026-06-29T00:00:00-06:00,,1,,false,ACTIVE,EA,,VALID,CURRENT,coolit-synthetic-v2.0.0,ALL_SYNTHETIC_CUSTOMERS,ALL_SYNTHETIC_PROGRAMS,P-COMP-111,SYNTHETIC_INTERNAL,SNP-COOLIT-20260925-BL,SCN-BASELINE,CC-0153-1,LBAL-0153-1,C,2026-08-03,2026-08-04,184,184,0,0,NO_VARIANCE,
TEN-COOLIT-SYN-001,SITE-COOLIT-SYN-01,WMS,CYCLE_COUNT,CC-0153-2,LBAL-0153-2,RESOLVED,2026-09-25T23:59:59-06:00,2026-09-26T08:00:00-06:00,2026-06-29T00:00:00-06:00,,1,,false,ACTIVE,EA,,VALID,CURRENT,coolit-synthetic-v2.0.0,ALL_SYNTHETIC_CUSTOMERS,ALL_SYNTHETIC_PROGRAMS,P-COMP-111,SYNTHETIC_INTERNAL,SNP-COOLIT-20260925-BL,SCN-BASELINE,CC-0153-2,LBAL-0153-2,C,2026-08-04,2026-08-05,79,79,0,0,NO_VARIANCE,
TEN-COOLIT-SYN-001,SITE-COOLIT-SYN-01,WMS,CYCLE_COUNT,CC-0154-1,LBAL-0154-1,RESOLVED,2026-09-25T23:59:59-06:00,2026-09-26T08:00:00-06:00,2026-06-29T00:00:00-06:00,,1,,false,ACTIVE,EA,,VALID,CURRENT,coolit-synthetic-v2.0.0,ALL_SYNTHETIC_CUSTOMERS,ALL_SYNTHETIC_PROGRAMS,P-COMP-112,SYNTHETIC_INTERNAL,SNP-COOLIT-20260925-BL,SCN-BASELINE,CC-0154-1,LBAL-0154-1,A,2026-08-04,2026-08-05,182,182,0,0,NO_VARIANCE,
TEN-COOLIT-SYN-001,SITE-COOLIT-SYN-01,WMS,CYCLE_COUNT,CC-0154-2,LBAL-0154-2,RESOLVED,2026-09-25T23:59:59-06:00,2026-09-26T08:00:00-06:00,2026-06-29T00:00:00-06:00,,1,,false,ACTIVE,EA,,VALID,CURRENT,coolit-synthetic-v2.0.0,ALL_SYNTHETIC_CUSTOMERS,ALL_SYNTHETIC_PROGRAMS,P-COMP-112,SYNTHETIC_INTERNAL,SNP-COOLIT-20260925-BL,SCN-BASELINE,CC-0154-2,LBAL-0154-2,A,2026-08-05,2026-08-06,79,79,0,0,NO_VARIANCE,
TEN-COOLIT-SYN-001,SITE-COOLIT-SYN-01,WMS,CYCLE_COUNT,CC-0155-1,LBAL-0155-1,RESOLVED,2026-09-25T23:59:59-06:00,2026-09-26T08:00:00-06:00,2026-06-29T00:00:00-06:00,,1,,false,ACTIVE,EA,,VALID,CURRENT,coolit-synthetic-v2.0.0,ALL_SYNTHETIC_CUSTOMERS,ALL_SYNTHETIC_PROGRAMS,P-COMP-113,SYNTHETIC_INTERNAL,SNP-COOLIT-20260925-BL,SCN-BASELINE,CC-0155-1,LBAL-0155-1,B,2026-08-05,2026-08-06,184,184,0,0,NO_VARIANCE,
TEN-COOLIT-SYN-001,SITE-COOLIT-SYN-01,WMS,CYCLE_COUNT,CC-0155-2,LBAL-0155-2,RESOLVED,2026-09-25T23:59:59-06:00,2026-09-26T08:00:00-06:00,2026-06-29T00:00:00-06:00,,1,,false,ACTIVE,EA,,VALID,CURRENT,coolit-synthetic-v2.0.0,ALL_SYNTHETIC_CUSTOMERS,ALL_SYNTHETIC_PROGRAMS,P-COMP-113,SYNTHETIC_INTERNAL,SNP-COOLIT-20260925-BL,SCN-BASELINE,CC-0155-2,LBAL-0155-2,B,2026-08-06,2026-08-07,80,80,0,0,NO_VARIANCE,
TEN-COOLIT-SYN-001,SITE-COOLIT-SYN-01,WMS,CYCLE_COUNT,CC-0156-1,LBAL-0156-1,RESOLVED,2026-09-25T23:59:59-06:00,2026-09-26T08:00:00-06:00,2026-06-29T00:00:00-06:00,,1,,false,ACTIVE,EA,,VALID,CURRENT,coolit-synthetic-v2.0.0,ALL_SYNTHETIC_CUSTOMERS,ALL_SYNTHETIC_PROGRAMS,P-COMP-114,SYNTHETIC_INTERNAL,SNP-COOLIT-20260925-BL,SCN-BASELINE,CC-0156-1,LBAL-0156-1,C,2026-08-06,2026-08-07,185,185,0,0,NO_VARIANCE,
TEN-COOLIT-SYN-001,SITE-COOLIT-SYN-01,WMS,CYCLE_COUNT,CC-0156-2,LBAL-0156-2,RESOLVED,2026-09-25T23:59:59-06:00,2026-09-26T08:00:00-06:00,2026-06-29T00:00:00-06:00,,1,,false,ACTIVE,EA,,VALID,CURRENT,coolit-synthetic-v2.0.0,ALL_SYNTHETIC_CUSTOMERS,ALL_SYNTHETIC_PROGRAMS,P-COMP-114,SYNTHETIC_INTERNAL,SNP-COOLIT-20260925-BL,SCN-BASELINE,CC-0156-2,LBAL-0156-2,C,2026-08-07,2026-08-08,80,80,0,0,NO_VARIANCE,
TEN-COOLIT-SYN-001,SITE-COOLIT-SYN-01,WMS,CYCLE_COUNT,CC-0157-1,LBAL-0157-1,RESOLVED,2026-09-25T23:59:59-06:00,2026-09-26T08:00:00-06:00,2026-06-29T00:00:00-06:00,,1,,false,ACTIVE,EA,,VALID,CURRENT,coolit-synthetic-v2.0.0,ALL_SYNTHETIC_CUSTOMERS,ALL_SYNTHETIC_PROGRAMS,P-COMP-115,SYNTHETIC_INTERNAL,SNP-COOLIT-20260925-BL,SCN-BASELINE,CC-0157-1,LBAL-0157-1,A,2026-08-07,2026-08-08,186,186,0,0,NO_VARIANCE,
TEN-COOLIT-SYN-001,SITE-COOLIT-SYN-01,WMS,CYCLE_COUNT,CC-0157-2,LBAL-0157-2,RESOLVED,2026-09-25T23:59:59-06:00,2026-09-26T08:00:00-06:00,2026-06-29T00:00:00-06:00,,1,,false,ACTIVE,EA,,VALID,CURRENT,coolit-synthetic-v2.0.0,ALL_SYNTHETIC_CUSTOMERS,ALL_SYNTHETIC_PROGRAMS,P-COMP-115,SYNTHETIC_INTERNAL,SNP-COOLIT-20260925-BL,SCN-BASELINE,CC-0157-2,LBAL-0157-2,A,2026-08-08,2026-08-09,80,80,0,0,NO_VARIANCE,
TEN-COOLIT-SYN-001,SITE-COOLIT-SYN-01,WMS,CYCLE_COUNT,CC-0158-1,LBAL-0158-1,RESOLVED,2026-09-25T23:59:59-06:00,2026-09-26T08:00:00-06:00,2026-06-29T00:00:00-06:00,,1,,false,ACTIVE,EA,,VALID,CURRENT,coolit-synthetic-v2.0.0,ALL_SYNTHETIC_CUSTOMERS,ALL_SYNTHETIC_PROGRAMS,P-COMP-116,SYNTHETIC_INTERNAL,SNP-COOLIT-20260925-BL,SCN-BASELINE,CC-0158-1,LBAL-0158-1,B,2026-08-08,2026-08-09,186,186,0,0,NO_VARIANCE,
TEN-COOLIT-SYN-001,SITE-COOLIT-SYN-01,WMS,CYCLE_COUNT,CC-0158-2,LBAL-0158-2,RESOLVED,2026-09-25T23:59:59-06:00,2026-09-26T08:00:00-06:00,2026-06-29T00:00:00-06:00,,1,,false,ACTIVE,EA,,VALID,CURRENT,coolit-synthetic-v2.0.0,ALL_SYNTHETIC_CUSTOMERS,ALL_SYNTHETIC_PROGRAMS,P-COMP-116,SYNTHETIC_INTERNAL,SNP-COOLIT-20260925-BL,SCN-BASELINE,CC-0158-2,LBAL-0158-2,B,2026-08-09,2026-08-10,81,81,0,0,NO_VARIANCE,
TEN-COOLIT-SYN-001,SITE-COOLIT-SYN-01,WMS,CYCLE_COUNT,CC-0159-1,LBAL-0159-1,RESOLVED,2026-09-25T23:59:59-06:00,2026-09-26T08:00:00-06:00,2026-06-29T00:00:00-06:00,,1,,false,ACTIVE,EA,,VALID,CURRENT,coolit-synthetic-v2.0.0,ALL_SYNTHETIC_CUSTOMERS,ALL_SYNTHETIC_PROGRAMS,P-COMP-117,SYNTHETIC_INTERNAL,SNP-COOLIT-20260925-BL,SCN-BASELINE,CC-0159-1,LBAL-0159-1,C,2026-08-09,2026-08-10,187,187,0,0,NO_VARIANCE,
TEN-COOLIT-SYN-001,SITE-COOLIT-SYN-01,WMS,CYCLE_COUNT,CC-0159-2,LBAL-0159-2,RESOLVED,2026-09-25T23:59:59-06:00,2026-09-26T08:00:00-06:00,2026-06-29T00:00:00-06:00,,1,,false,ACTIVE,EA,,VALID,CURRENT,coolit-synthetic-v2.0.0,ALL_SYNTHETIC_CUSTOMERS,ALL_SYNTHETIC_PROGRAMS,P-COMP-117,SYNTHETIC_INTERNAL,SNP-COOLIT-20260925-BL,SCN-BASELINE,CC-0159-2,LBAL-0159-2,C,2026-08-10,2026-08-11,81,81,0,0,NO_VARIANCE,
TEN-COOLIT-SYN-001,SITE-COOLIT-SYN-01,WMS,CYCLE_COUNT,CC-0160-1,LBAL-0160-1,RESOLVED,2026-09-25T23:59:59-06:00,2026-09-26T08:00:00-06:00,2026-06-29T00:00:00-06:00,,1,,false,ACTIVE,EA,,VALID,CURRENT,coolit-synthetic-v2.0.0,ALL_SYNTHETIC_CUSTOMERS,ALL_SYNTHETIC_PROGRAMS,P-COMP-118,SYNTHETIC_INTERNAL,SNP-COOLIT-20260925-BL,SCN-BASELINE,CC-0160-1,LBAL-0160-1,A,2026-08-10,2026-08-11,188,188,0,0,NO_VARIANCE,
TEN-COOLIT-SYN-001,SITE-COOLIT-SYN-01,WMS,CYCLE_COUNT,CC-0160-2,LBAL-0160-2,RESOLVED,2026-09-25T23:59:59-06:00,2026-09-26T08:00:00-06:00,2026-06-29T00:00:00-06:00,,1,,false,ACTIVE,EA,,VALID,CURRENT,coolit-synthetic-v2.0.0,ALL_SYNTHETIC_CUSTOMERS,ALL_SYNTHETIC_PROGRAMS,P-COMP-118,SYNTHETIC_INTERNAL,SNP-COOLIT-20260925-BL,SCN-BASELINE,CC-0160-2,LBAL-0160-2,A,2026-08-11,2026-08-12,81,81,0,0,NO_VARIANCE,
TEN-COOLIT-SYN-001,SITE-COOLIT-SYN-01,WMS,CYCLE_COUNT,CC-0161-1,LBAL-0161-1,RESOLVED,2026-09-25T23:59:59-06:00,2026-09-26T08:00:00-06:00,2026-06-29T00:00:00-06:00,,1,,false,ACTIVE,EA,,VALID,CURRENT,coolit-synthetic-v2.0.0,ALL_SYNTHETIC_CUSTOMERS,ALL_SYNTHETIC_PROGRAMS,P-COMP-119,SYNTHETIC_INTERNAL,SNP-COOLIT-20260925-BL,SCN-BASELINE,CC-0161-1,LBAL-0161-1,B,2026-08-11,2026-08-12,189,189,0,0,NO_VARIANCE,
TEN-COOLIT-SYN-001,SITE-COOLIT-SYN-01,WMS,CYCLE_COUNT,CC-0161-2,LBAL-0161-2,RESOLVED,2026-09-25T23:59:59-06:00,2026-09-26T08:00:00-06:00,2026-06-29T00:00:00-06:00,,1,,false,ACTIVE,EA,,VALID,CURRENT,coolit-synthetic-v2.0.0,ALL_SYNTHETIC_CUSTOMERS,ALL_SYNTHETIC_PROGRAMS,P-COMP-119,SYNTHETIC_INTERNAL,SNP-COOLIT-20260925-BL,SCN-BASELINE,CC-0161-2,LBAL-0161-2,B,2026-08-12,2026-08-13,81,81,0,0,NO_VARIANCE,
TEN-COOLIT-SYN-001,SITE-COOLIT-SYN-01,WMS,CYCLE_COUNT,CC-0162-1,LBAL-0162-1,RESOLVED,2026-09-25T23:59:59-06:00,2026-09-26T08:00:00-06:00,2026-06-29T00:00:00-06:00,,1,,false,ACTIVE,EA,,VALID,CURRENT,coolit-synthetic-v2.0.0,ALL_SYNTHETIC_CUSTOMERS,ALL_SYNTHETIC_PROGRAMS,P-COMP-120,SYNTHETIC_INTERNAL,SNP-COOLIT-20260925-BL,SCN-BASELINE,CC-0162-1,LBAL-0162-1,C,2026-08-12,2026-08-13,189,189,0,0,NO_VARIANCE,
TEN-COOLIT-SYN-001,SITE-COOLIT-SYN-01,WMS,CYCLE_COUNT,CC-0162-2,LBAL-0162-2,RESOLVED,2026-09-25T23:59:59-06:00,2026-09-26T08:00:00-06:00,2026-06-29T00:00:00-06:00,,1,,false,ACTIVE,EA,,VALID,CURRENT,coolit-synthetic-v2.0.0,ALL_SYNTHETIC_CUSTOMERS,ALL_SYNTHETIC_PROGRAMS,P-COMP-120,SYNTHETIC_INTERNAL,SNP-COOLIT-20260925-BL,SCN-BASELINE,CC-0162-2,LBAL-0162-2,C,2026-08-13,2026-08-14,82,82,0,0,NO_VARIANCE,
TEN-COOLIT-SYN-001,SITE-COOLIT-SYN-01,WMS,CYCLE_COUNT,CC-0163-1,LBAL-0163-1,RESOLVED,2026-09-25T23:59:59-06:00,2026-09-26T08:00:00-06:00,2026-06-29T00:00:00-06:00,,1,,false,ACTIVE,EA,,VALID,CURRENT,coolit-synthetic-v2.0.0,ALL_SYNTHETIC_CUSTOMERS,ALL_SYNTHETIC_PROGRAMS,P-COMP-121,SYNTHETIC_INTERNAL,SNP-COOLIT-20260925-BL,SCN-BASELINE,CC-0163-1,LBAL-0163-1,A,2026-08-13,2026-08-14,190,190,0,0,NO_VARIANCE,
TEN-COOLIT-SYN-001,SITE-COOLIT-SYN-01,WMS,CYCLE_COUNT,CC-0163-2,LBAL-0163-2,RESOLVED,2026-09-25T23:59:59-06:00,2026-09-26T08:00:00-06:00,2026-06-29T00:00:00-06:00,,1,,false,ACTIVE,EA,,VALID,CURRENT,coolit-synthetic-v2.0.0,ALL_SYNTHETIC_CUSTOMERS,ALL_SYNTHETIC_PROGRAMS,P-COMP-121,SYNTHETIC_INTERNAL,SNP-COOLIT-20260925-BL,SCN-BASELINE,CC-0163-2,LBAL-0163-2,A,2026-08-14,2026-08-15,82,82,0,0,NO_VARIANCE,
TEN-COOLIT-SYN-001,SITE-COOLIT-SYN-01,WMS,CYCLE_COUNT,CC-0164-1,LBAL-0164-1,RESOLVED,2026-09-25T23:59:59-06:00,2026-09-26T08:00:00-06:00,2026-06-29T00:00:00-06:00,,1,,false,ACTIVE,EA,,VALID,CURRENT,coolit-synthetic-v2.0.0,ALL_SYNTHETIC_CUSTOMERS,ALL_SYNTHETIC_PROGRAMS,P-COMP-122,SYNTHETIC_INTERNAL,SNP-COOLIT-20260925-BL,SCN-BASELINE,CC-0164-1,LBAL-0164-1,B,2026-08-14,2026-08-15,191,191,0,0,NO_VARIANCE,
TEN-COOLIT-SYN-001,SITE-COOLIT-SYN-01,WMS,CYCLE_COUNT,CC-0164-2,LBAL-0164-2,RESOLVED,2026-09-25T23:59:59-06:00,2026-09-26T08:00:00-06:00,2026-06-29T00:00:00-06:00,,1,,false,ACTIVE,EA,,VALID,CURRENT,coolit-synthetic-v2.0.0,ALL_SYNTHETIC_CUSTOMERS,ALL_SYNTHETIC_PROGRAMS,P-COMP-122,SYNTHETIC_INTERNAL,SNP-COOLIT-20260925-BL,SCN-BASELINE,CC-0164-2,LBAL-0164-2,B,2026-08-15,2026-08-16,82,82,0,0,NO_VARIANCE,
TEN-COOLIT-SYN-001,SITE-COOLIT-SYN-01,WMS,CYCLE_COUNT,CC-0165-1,LBAL-0165-1,RESOLVED,2026-09-25T23:59:59-06:00,2026-09-26T08:00:00-06:00,2026-06-29T00:00:00-06:00,,1,,false,ACTIVE,EA,,VALID,CURRENT,coolit-synthetic-v2.0.0,ALL_SYNTHETIC_CUSTOMERS,ALL_SYNTHETIC_PROGRAMS,P-COMP-123,SYNTHETIC_INTERNAL,SNP-COOLIT-20260925-BL,SCN-BASELINE,CC-0165-1,LBAL-0165-1,C,2026-08-15,2026-08-16,220,220,0,0,NO_VARIANCE,
TEN-COOLIT-SYN-001,SITE-COOLIT-SYN-01,WMS,CYCLE_COUNT,CC-0165-2,LBAL-0165-2,RESOLVED,2026-09-25T23:59:59-06:00,2026-09-26T08:00:00-06:00,2026-06-29T00:00:00-06:00,,1,,false,ACTIVE,EA,,VALID,CURRENT,coolit-synthetic-v2.0.0,ALL_SYNTHETIC_CUSTOMERS,ALL_SYNTHETIC_PROGRAMS,P-COMP-123,SYNTHETIC_INTERNAL,SNP-COOLIT-20260925-BL,SCN-BASELINE,CC-0165-2,LBAL-0165-2,C,2026-08-16,2026-08-17,95,95,0,0,NO_VARIANCE,
TEN-COOLIT-SYN-001,SITE-COOLIT-SYN-01,WMS,CYCLE_COUNT,CC-0166-1,LBAL-0166-1,RESOLVED,2026-09-25T23:59:59-06:00,2026-09-26T08:00:00-06:00,2026-06-29T00:00:00-06:00,,1,,false,ACTIVE,EA,,VALID,CURRENT,coolit-synthetic-v2.0.0,ALL_SYNTHETIC_CUSTOMERS,ALL_SYNTHETIC_PROGRAMS,P-COMP-124,SYNTHETIC_INTERNAL,SNP-COOLIT-20260925-BL,SCN-BASELINE,CC-0166-1,LBAL-0166-1,A,2026-08-16,2026-08-17,182,182,0,0,NO_VARIANCE,
TEN-COOLIT-SYN-001,SITE-COOLIT-SYN-01,WMS,CYCLE_COUNT,CC-0166-2,LBAL-0166-2,RESOLVED,2026-09-25T23:59:59-06:00,2026-09-26T08:00:00-06:00,2026-06-29T00:00:00-06:00,,1,,false,ACTIVE,EA,,VALID,CURRENT,coolit-synthetic-v2.0.0,ALL_SYNTHETIC_CUSTOMERS,ALL_SYNTHETIC_PROGRAMS,P-COMP-124,SYNTHETIC_INTERNAL,SNP-COOLIT-20260925-BL,SCN-BASELINE,CC-0166-2,LBAL-0166-2,A,2026-08-17,2026-08-18,79,79,0,0,NO_VARIANCE,
TEN-COOLIT-SYN-001,SITE-COOLIT-SYN-01,WMS,CYCLE_COUNT,CC-0167-1,LBAL-0167-1,RESOLVED,2026-09-25T23:59:59-06:00,2026-09-26T08:00:00-06:00,2026-06-29T00:00:00-06:00,,1,,false,ACTIVE,EA,,VALID,CURRENT,coolit-synthetic-v2.0.0,ALL_SYNTHETIC_CUSTOMERS,ALL_SYNTHETIC_PROGRAMS,P-COMP-125,SYNTHETIC_INTERNAL,SNP-COOLIT-20260925-BL,SCN-BASELINE,CC-0167-1,LBAL-0167-1,B,2026-08-17,2026-08-18,183,183,0,0,NO_VARIANCE,
TEN-COOLIT-SYN-001,SITE-COOLIT-SYN-01,WMS,CYCLE_COUNT,CC-0167-2,LBAL-0167-2,RESOLVED,2026-09-25T23:59:59-06:00,2026-09-26T08:00:00-06:00,2026-06-29T00:00:00-06:00,,1,,false,ACTIVE,EA,,VALID,CURRENT,coolit-synthetic-v2.0.0,ALL_SYNTHETIC_CUSTOMERS,ALL_SYNTHETIC_PROGRAMS,P-COMP-125,SYNTHETIC_INTERNAL,SNP-COOLIT-20260925-BL,SCN-BASELINE,CC-0167-2,LBAL-0167-2,B,2026-08-18,2026-08-19,79,79,0,0,NO_VARIANCE,
TEN-COOLIT-SYN-001,SITE-COOLIT-SYN-01,WMS,CYCLE_COUNT,CC-0168-1,LBAL-0168-1,RESOLVED,2026-09-25T23:59:59-06:00,2026-09-26T08:00:00-06:00,2026-06-29T00:00:00-06:00,,1,,false,ACTIVE,EA,,VALID,CURRENT,coolit-synthetic-v2.0.0,ALL_SYNTHETIC_CUSTOMERS,ALL_SYNTHETIC_PROGRAMS,P-COMP-126,SYNTHETIC_INTERNAL,SNP-COOLIT-20260925-BL,SCN-BASELINE,CC-0168-1,LBAL-0168-1,C,2026-08-18,2026-08-19,184,184,0,0,NO_VARIANCE,
TEN-COOLIT-SYN-001,SITE-COOLIT-SYN-01,WMS,CYCLE_COUNT,CC-0168-2,LBAL-0168-2,RESOLVED,2026-09-25T23:59:59-06:00,2026-09-26T08:00:00-06:00,2026-06-29T00:00:00-06:00,,1,,false,ACTIVE,EA,,VALID,CURRENT,coolit-synthetic-v2.0.0,ALL_SYNTHETIC_CUSTOMERS,ALL_SYNTHETIC_PROGRAMS,P-COMP-126,SYNTHETIC_INTERNAL,SNP-COOLIT-20260925-BL,SCN-BASELINE,CC-0168-2,LBAL-0168-2,C,2026-08-19,2026-08-20,79,79,0,0,NO_VARIANCE,
TEN-COOLIT-SYN-001,SITE-COOLIT-SYN-01,WMS,CYCLE_COUNT,CC-0169-1,LBAL-0169-1,RESOLVED,2026-09-25T23:59:59-06:00,2026-09-26T08:00:00-06:00,2026-06-29T00:00:00-06:00,,1,,false,ACTIVE,EA,,VALID,CURRENT,coolit-synthetic-v2.0.0,ALL_SYNTHETIC_CUSTOMERS,ALL_SYNTHETIC_PROGRAMS,P-COMP-127,SYNTHETIC_INTERNAL,SNP-COOLIT-20260925-BL,SCN-BASELINE,CC-0169-1,LBAL-0169-1,A,2026-08-19,2026-08-20,184,184,0,0,NO_VARIANCE,
TEN-COOLIT-SYN-001,SITE-COOLIT-SYN-01,WMS,CYCLE_COUNT,CC-0169-2,LBAL-0169-2,RESOLVED,2026-09-25T23:59:59-06:00,2026-09-26T08:00:00-06:00,2026-06-29T00:00:00-06:00,,1,,false,ACTIVE,EA,,VALID,CURRENT,coolit-synthetic-v2.0.0,ALL_SYNTHETIC_CUSTOMERS,ALL_SYNTHETIC_PROGRAMS,P-COMP-127,SYNTHETIC_INTERNAL,SNP-COOLIT-20260925-BL,SCN-BASELINE,CC-0169-2,LBAL-0169-2,A,2026-08-20,2026-08-21,80,80,0,0,NO_VARIANCE,
TEN-COOLIT-SYN-001,SITE-COOLIT-SYN-01,WMS,CYCLE_COUNT,CC-0170-1,LBAL-0170-1,RESOLVED,2026-09-25T23:59:59-06:00,2026-09-26T08:00:00-06:00,2026-06-29T00:00:00-06:00,,1,,false,ACTIVE,EA,,VALID,CURRENT,coolit-synthetic-v2.0.0,ALL_SYNTHETIC_CUSTOMERS,ALL_SYNTHETIC_PROGRAMS,P-COMP-128,SYNTHETIC_INTERNAL,SNP-COOLIT-20260925-BL,SCN-BASELINE,CC-0170-1,LBAL-0170-1,B,2026-08-20,2026-08-21,185,185,0,0,NO_VARIANCE,
TEN-COOLIT-SYN-001,SITE-COOLIT-SYN-01,WMS,CYCLE_COUNT,CC-0170-2,LBAL-0170-2,RESOLVED,2026-09-25T23:59:59-06:00,2026-09-26T08:00:00-06:00,2026-06-29T00:00:00-06:00,,1,,false,ACTIVE,EA,,VALID,CURRENT,coolit-synthetic-v2.0.0,ALL_SYNTHETIC_CUSTOMERS,ALL_SYNTHETIC_PROGRAMS,P-COMP-128,SYNTHETIC_INTERNAL,SNP-COOLIT-20260925-BL,SCN-BASELINE,CC-0170-2,LBAL-0170-2,B,2026-08-21,2026-08-22,80,80,0,0,NO_VARIANCE,
TEN-COOLIT-SYN-001,SITE-COOLIT-SYN-01,WMS,CYCLE_COUNT,CC-0171-1,LBAL-0171-1,RESOLVED,2026-09-25T23:59:59-06:00,2026-09-26T08:00:00-06:00,2026-06-29T00:00:00-06:00,,1,,false,ACTIVE,EA,,VALID,CURRENT,coolit-synthetic-v2.0.0,ALL_SYNTHETIC_CUSTOMERS,ALL_SYNTHETIC_PROGRAMS,P-COMP-129,SYNTHETIC_INTERNAL,SNP-COOLIT-20260925-BL,SCN-BASELINE,CC-0171-1,LBAL-0171-1,C,2026-08-21,2026-08-22,65,65,0,0,NO_VARIANCE,
TEN-COOLIT-SYN-001,SITE-COOLIT-SYN-01,WMS,CYCLE_COUNT,CC-0171-2,LBAL-0171-2,RESOLVED,2026-09-25T23:59:59-06:00,2026-09-26T08:00:00-06:00,2026-06-29T00:00:00-06:00,,1,,false,ACTIVE,EA,,VALID,CURRENT,coolit-synthetic-v2.0.0,ALL_SYNTHETIC_CUSTOMERS,ALL_SYNTHETIC_PROGRAMS,P-COMP-129,SYNTHETIC_INTERNAL,SNP-COOLIT-20260925-BL,SCN-BASELINE,CC-0171-2,LBAL-0171-2,C,2026-08-22,2026-08-23,29,29,0,0,NO_VARIANCE,
TEN-COOLIT-SYN-001,SITE-COOLIT-SYN-01,WMS,CYCLE_COUNT,CC-0172-1,LBAL-0172-1,RESOLVED,2026-09-25T23:59:59-06:00,2026-09-26T08:00:00-06:00,2026-06-29T00:00:00-06:00,,1,,false,ACTIVE,EA,,VALID,CURRENT,coolit-synthetic-v2.0.0,ALL_SYNTHETIC_CUSTOMERS,ALL_SYNTHETIC_PROGRAMS,P-COMP-130,SYNTHETIC_INTERNAL,SNP-COOLIT-20260925-BL,SCN-BASELINE,CC-0172-1,LBAL-0172-1,A,2026-08-22,2026-08-23,68,68,0,0,NO_VARIANCE,
TEN-COOLIT-SYN-001,SITE-COOLIT-SYN-01,WMS,CYCLE_COUNT,CC-0172-2,LBAL-0172-2,RESOLVED,2026-09-25T23:59:59-06:00,2026-09-26T08:00:00-06:00,2026-06-29T00:00:00-06:00,,1,,false,ACTIVE,EA,,VALID,CURRENT,coolit-synthetic-v2.0.0,ALL_SYNTHETIC_CUSTOMERS,ALL_SYNTHETIC_PROGRAMS,P-COMP-130,SYNTHETIC_INTERNAL,SNP-COOLIT-20260925-BL,SCN-BASELINE,CC-0172-2,LBAL-0172-2,A,2026-08-23,2026-08-24,30,30,0,0,NO_VARIANCE,
TEN-COOLIT-SYN-001,SITE-COOLIT-SYN-01,WMS,CYCLE_COUNT,CC-0173-1,LBAL-0173-1,RESOLVED,2026-09-25T23:59:59-06:00,2026-09-26T08:00:00-06:00,2026-06-29T00:00:00-06:00,,1,,false,ACTIVE,EA,,VALID,CURRENT,coolit-synthetic-v2.0.0,ALL_SYNTHETIC_CUSTOMERS,ALL_SYNTHETIC_PROGRAMS,P-COMP-131,SYNTHETIC_INTERNAL,SNP-COOLIT-20260925-BL,SCN-BASELINE,CC-0173-1,LBAL-0173-1,B,2026-08-23,2026-08-24,68,68,0,0,NO_VARIANCE,
TEN-COOLIT-SYN-001,SITE-COOLIT-SYN-01,WMS,CYCLE_COUNT,CC-0173-2,LBAL-0173-2,RESOLVED,2026-09-25T23:59:59-06:00,2026-09-26T08:00:00-06:00,2026-06-29T00:00:00-06:00,,1,,false,ACTIVE,EA,,VALID,CURRENT,coolit-synthetic-v2.0.0,ALL_SYNTHETIC_CUSTOMERS,ALL_SYNTHETIC_PROGRAMS,P-COMP-131,SYNTHETIC_INTERNAL,SNP-COOLIT-20260925-BL,SCN-BASELINE,CC-0173-2,LBAL-0173-2,B,2026-08-24,2026-08-25,30,30,0,0,NO_VARIANCE,
TEN-COOLIT-SYN-001,SITE-COOLIT-SYN-01,WMS,CYCLE_COUNT,CC-0174-1,LBAL-0174-1,RESOLVED,2026-09-25T23:59:59-06:00,2026-09-26T08:00:00-06:00,2026-06-29T00:00:00-06:00,,1,,false,ACTIVE,EA,,VALID,CURRENT,coolit-synthetic-v2.0.0,ALL_SYNTHETIC_CUSTOMERS,ALL_SYNTHETIC_PROGRAMS,P-COMP-132,SYNTHETIC_INTERNAL,SNP-COOLIT-20260925-BL,SCN-BASELINE,CC-0174-1,LBAL-0174-1,C,2026-08-24,2026-08-25,69,69,0,0,NO_VARIANCE,
TEN-COOLIT-SYN-001,SITE-COOLIT-SYN-01,WMS,CYCLE_COUNT,CC-0174-2,LBAL-0174-2,RESOLVED,2026-09-25T23:59:59-06:00,2026-09-26T08:00:00-06:00,2026-06-29T00:00:00-06:00,,1,,false,ACTIVE,EA,,VALID,CURRENT,coolit-synthetic-v2.0.0,ALL_SYNTHETIC_CUSTOMERS,ALL_SYNTHETIC_PROGRAMS,P-COMP-132,SYNTHETIC_INTERNAL,SNP-COOLIT-20260925-BL,SCN-BASELINE,CC-0174-2,LBAL-0174-2,C,2026-08-25,2026-08-26,30,30,0,0,NO_VARIANCE,
TEN-COOLIT-SYN-001,SITE-COOLIT-SYN-01,WMS,CYCLE_COUNT,CC-0175-1,LBAL-0175-1,RESOLVED,2026-09-25T23:59:59-06:00,2026-09-26T08:00:00-06:00,2026-06-29T00:00:00-06:00,,1,,false,ACTIVE,EA,,VALID,CURRENT,coolit-synthetic-v2.0.0,ALL_SYNTHETIC_CUSTOMERS,ALL_SYNTHETIC_PROGRAMS,P-COMP-133,SYNTHETIC_INTERNAL,SNP-COOLIT-20260925-BL,SCN-BASELINE,CC-0175-1,LBAL-0175-1,A,2026-08-25,2026-08-26,70,70,0,0,NO_VARIANCE,
TEN-COOLIT-SYN-001,SITE-COOLIT-SYN-01,WMS,CYCLE_COUNT,CC-0175-2,LBAL-0175-2,RESOLVED,2026-09-25T23:59:59-06:00,2026-09-26T08:00:00-06:00,2026-06-29T00:00:00-06:00,,1,,false,ACTIVE,EA,,VALID,CURRENT,coolit-synthetic-v2.0.0,ALL_SYNTHETIC_CUSTOMERS,ALL_SYNTHETIC_PROGRAMS,P-COMP-133,SYNTHETIC_INTERNAL,SNP-COOLIT-20260925-BL,SCN-BASELINE,CC-0175-2,LBAL-0175-2,A,2026-08-26,2026-08-27,30,30,0,0,NO_VARIANCE,
TEN-COOLIT-SYN-001,SITE-COOLIT-SYN-01,WMS,CYCLE_COUNT,CC-0176-1,LBAL-0176-1,RESOLVED,2026-09-25T23:59:59-06:00,2026-09-26T08:00:00-06:00,2026-06-29T00:00:00-06:00,,1,,false,ACTIVE,EA,,VALID,CURRENT,coolit-synthetic-v2.0.0,ALL_SYNTHETIC_CUSTOMERS,ALL_SYNTHETIC_PROGRAMS,P-COMP-134,SYNTHETIC_INTERNAL,SNP-COOLIT-20260925-BL,SCN-BASELINE,CC-0176-1,LBAL-0176-1,B,2026-08-26,2026-08-27,70,70,0,0,NO_VARIANCE,
TEN-COOLIT-SYN-001,SITE-COOLIT-SYN-01,WMS,CYCLE_COUNT,CC-0176-2,LBAL-0176-2,RESOLVED,2026-09-25T23:59:59-06:00,2026-09-26T08:00:00-06:00,2026-06-29T00:00:00-06:00,,1,,false,ACTIVE,EA,,VALID,CURRENT,coolit-synthetic-v2.0.0,ALL_SYNTHETIC_CUSTOMERS,ALL_SYNTHETIC_PROGRAMS,P-COMP-134,SYNTHETIC_INTERNAL,SNP-COOLIT-20260925-BL,SCN-BASELINE,CC-0176-2,LBAL-0176-2,B,2026-08-27,2026-08-28,31,31,0,0,NO_VARIANCE,
TEN-COOLIT-SYN-001,SITE-COOLIT-SYN-01,WMS,CYCLE_COUNT,CC-0177-1,LBAL-0177-1,RESOLVED,2026-09-25T23:59:59-06:00,2026-09-26T08:00:00-06:00,2026-06-29T00:00:00-06:00,,1,,false,ACTIVE,EA,,VALID,CURRENT,coolit-synthetic-v2.0.0,ALL_SYNTHETIC_CUSTOMERS,ALL_SYNTHETIC_PROGRAMS,P-COMP-135,SYNTHETIC_INTERNAL,SNP-COOLIT-20260925-BL,SCN-BASELINE,CC-0177-1,LBAL-0177-1,C,2026-08-27,2026-08-28,71,71,0,0,NO_VARIANCE,
TEN-COOLIT-SYN-001,SITE-COOLIT-SYN-01,WMS,CYCLE_COUNT,CC-0177-2,LBAL-0177-2,RESOLVED,2026-09-25T23:59:59-06:00,2026-09-26T08:00:00-06:00,2026-06-29T00:00:00-06:00,,1,,false,ACTIVE,EA,,VALID,CURRENT,coolit-synthetic-v2.0.0,ALL_SYNTHETIC_CUSTOMERS,ALL_SYNTHETIC_PROGRAMS,P-COMP-135,SYNTHETIC_INTERNAL,SNP-COOLIT-20260925-BL,SCN-BASELINE,CC-0177-2,LBAL-0177-2,C,2026-08-28,2026-08-29,31,31,0,0,NO_VARIANCE,
TEN-COOLIT-SYN-001,SITE-COOLIT-SYN-01,WMS,CYCLE_COUNT,CC-0178-1,LBAL-0178-1,RESOLVED,2026-09-25T23:59:59-06:00,2026-09-26T08:00:00-06:00,2026-06-29T00:00:00-06:00,,1,,false,ACTIVE,EA,,VALID,CURRENT,coolit-synthetic-v2.0.0,ALL_SYNTHETIC_CUSTOMERS,ALL_SYNTHETIC_PROGRAMS,P-COMP-136,SYNTHETIC_INTERNAL,SNP-COOLIT-20260925-BL,SCN-BASELINE,CC-0178-1,LBAL-0178-1,A,2026-08-28,2026-08-29,72,72,0,0,NO_VARIANCE,
TEN-COOLIT-SYN-001,SITE-COOLIT-SYN-01,WMS,CYCLE_COUNT,CC-0178-2,LBAL-0178-2,RESOLVED,2026-09-25T23:59:59-06:00,2026-09-26T08:00:00-06:00,2026-06-29T00:00:00-06:00,,1,,false,ACTIVE,EA,,VALID,CURRENT,coolit-synthetic-v2.0.0,ALL_SYNTHETIC_CUSTOMERS,ALL_SYNTHETIC_PROGRAMS,P-COMP-136,SYNTHETIC_INTERNAL,SNP-COOLIT-20260925-BL,SCN-BASELINE,CC-0178-2,LBAL-0178-2,A,2026-08-29,2026-08-30,31,31,0,0,NO_VARIANCE,
TEN-COOLIT-SYN-001,SITE-COOLIT-SYN-01,WMS,CYCLE_COUNT,CC-0179-1,LBAL-0179-1,RESOLVED,2026-09-25T23:59:59-06:00,2026-09-26T08:00:00-06:00,2026-06-29T00:00:00-06:00,,1,,false,ACTIVE,EA,,VALID,CURRENT,coolit-synthetic-v2.0.0,ALL_SYNTHETIC_CUSTOMERS,ALL_SYNTHETIC_PROGRAMS,P-COMP-137,SYNTHETIC_INTERNAL,SNP-COOLIT-20260925-BL,SCN-BASELINE,CC-0179-1,LBAL-0179-1,B,2026-08-29,2026-08-30,72,72,0,0,NO_VARIANCE,
TEN-COOLIT-SYN-001,SITE-COOLIT-SYN-01,WMS,CYCLE_COUNT,CC-0179-2,LBAL-0179-2,RESOLVED,2026-09-25T23:59:59-06:00,2026-09-26T08:00:00-06:00,2026-06-29T00:00:00-06:00,,1,,false,ACTIVE,EA,,VALID,CURRENT,coolit-synthetic-v2.0.0,ALL_SYNTHETIC_CUSTOMERS,ALL_SYNTHETIC_PROGRAMS,P-COMP-137,SYNTHETIC_INTERNAL,SNP-COOLIT-20260925-BL,SCN-BASELINE,CC-0179-2,LBAL-0179-2,B,2026-08-30,2026-08-31,32,32,0,0,NO_VARIANCE,
TEN-COOLIT-SYN-001,SITE-COOLIT-SYN-01,WMS,CYCLE_COUNT,CC-0180-1,LBAL-0180-1,RESOLVED,2026-09-25T23:59:59-06:00,2026-09-26T08:00:00-06:00,2026-06-29T00:00:00-06:00,,1,,false,ACTIVE,EA,,VALID,CURRENT,coolit-synthetic-v2.0.0,ALL_SYNTHETIC_CUSTOMERS,ALL_SYNTHETIC_PROGRAMS,P-COMP-138,SYNTHETIC_INTERNAL,SNP-COOLIT-20260925-BL,SCN-BASELINE,CC-0180-1,LBAL-0180-1,C,2026-08-30,2026-08-31,73,73,0,0,NO_VARIANCE,
TEN-COOLIT-SYN-001,SITE-COOLIT-SYN-01,WMS,CYCLE_COUNT,CC-0180-2,LBAL-0180-2,RESOLVED,2026-09-25T23:59:59-06:00,2026-09-26T08:00:00-06:00,2026-06-29T00:00:00-06:00,,1,,false,ACTIVE,EA,,VALID,CURRENT,coolit-synthetic-v2.0.0,ALL_SYNTHETIC_CUSTOMERS,ALL_SYNTHETIC_PROGRAMS,P-COMP-138,SYNTHETIC_INTERNAL,SNP-COOLIT-20260925-BL,SCN-BASELINE,CC-0180-2,LBAL-0180-2,C,2026-08-31,2026-09-01,32,32,0,0,NO_VARIANCE,
TEN-COOLIT-SYN-001,SITE-COOLIT-SYN-01,WMS,CYCLE_COUNT,CC-0181-1,LBAL-0181-1,RESOLVED,2026-09-25T23:59:59-06:00,2026-09-26T08:00:00-06:00,2026-06-29T00:00:00-06:00,,1,,false,ACTIVE,EA,,VALID,CURRENT,coolit-synthetic-v2.0.0,ALL_SYNTHETIC_CUSTOMERS,ALL_SYNTHETIC_PROGRAMS,P-COMP-139,SYNTHETIC_INTERNAL,SNP-COOLIT-20260925-BL,SCN-BASELINE,CC-0181-1,LBAL-0181-1,A,2026-08-31,2026-09-01,74,74,0,0,NO_VARIANCE,
TEN-COOLIT-SYN-001,SITE-COOLIT-SYN-01,WMS,CYCLE_COUNT,CC-0181-2,LBAL-0181-2,RESOLVED,2026-09-25T23:59:59-06:00,2026-09-26T08:00:00-06:00,2026-06-29T00:00:00-06:00,,1,,false,ACTIVE,EA,,VALID,CURRENT,coolit-synthetic-v2.0.0,ALL_SYNTHETIC_CUSTOMERS,ALL_SYNTHETIC_PROGRAMS,P-COMP-139,SYNTHETIC_INTERNAL,SNP-COOLIT-20260925-BL,SCN-BASELINE,CC-0181-2,LBAL-0181-2,A,2026-09-01,2026-09-02,32,32,0,0,NO_VARIANCE,
TEN-COOLIT-SYN-001,SITE-COOLIT-SYN-01,WMS,CYCLE_COUNT,CC-0182-1,LBAL-0182-1,RESOLVED,2026-09-25T23:59:59-06:00,2026-09-26T08:00:00-06:00,2026-06-29T00:00:00-06:00,,1,,false,ACTIVE,EA,,VALID,CURRENT,coolit-synthetic-v2.0.0,ALL_SYNTHETIC_CUSTOMERS,ALL_SYNTHETIC_PROGRAMS,P-COMP-140,SYNTHETIC_INTERNAL,SNP-COOLIT-20260925-BL,SCN-BASELINE,CC-0182-1,LBAL-0182-1,B,2026-09-01,2026-09-02,74,74,0,0,NO_VARIANCE,
TEN-COOLIT-SYN-001,SITE-COOLIT-SYN-01,WMS,CYCLE_COUNT,CC-0182-2,LBAL-0182-2,RESOLVED,2026-09-25T23:59:59-06:00,2026-09-26T08:00:00-06:00,2026-06-29T00:00:00-06:00,,1,,false,ACTIVE,EA,,VALID,CURRENT,coolit-synthetic-v2.0.0,ALL_SYNTHETIC_CUSTOMERS,ALL_SYNTHETIC_PROGRAMS,P-COMP-140,SYNTHETIC_INTERNAL,SNP-COOLIT-20260925-BL,SCN-BASELINE,CC-0182-2,LBAL-0182-2,B,2026-09-02,2026-09-03,33,33,0,0,NO_VARIANCE,
TEN-COOLIT-SYN-001,SITE-COOLIT-SYN-01,WMS,CYCLE_COUNT,CC-0183-1,LBAL-0183-1,RESOLVED,2026-09-25T23:59:59-06:00,2026-09-26T08:00:00-06:00,2026-06-29T00:00:00-06:00,,1,,false,ACTIVE,EA,,VALID,CURRENT,coolit-synthetic-v2.0.0,ALL_SYNTHETIC_CUSTOMERS,ALL_SYNTHETIC_PROGRAMS,P-COMP-141,SYNTHETIC_INTERNAL,SNP-COOLIT-20260925-BL,SCN-BASELINE,CC-0183-1,LBAL-0183-1,C,2026-09-02,2026-09-03,75,75,0,0,NO_VARIANCE,
TEN-COOLIT-SYN-001,SITE-COOLIT-SYN-01,WMS,CYCLE_COUNT,CC-0183-2,LBAL-0183-2,RESOLVED,2026-09-25T23:59:59-06:00,2026-09-26T08:00:00-06:00,2026-06-29T00:00:00-06:00,,1,,false,ACTIVE,EA,,VALID,CURRENT,coolit-synthetic-v2.0.0,ALL_SYNTHETIC_CUSTOMERS,ALL_SYNTHETIC_PROGRAMS,P-COMP-141,SYNTHETIC_INTERNAL,SNP-COOLIT-20260925-BL,SCN-BASELINE,CC-0183-2,LBAL-0183-2,C,2026-09-03,2026-09-04,33,33,0,0,NO_VARIANCE,
TEN-COOLIT-SYN-001,SITE-COOLIT-SYN-01,WMS,CYCLE_COUNT,CC-0184-1,LBAL-0184-1,RESOLVED,2026-09-25T23:59:59-06:00,2026-09-26T08:00:00-06:00,2026-06-29T00:00:00-06:00,,1,,false,ACTIVE,EA,,VALID,CURRENT,coolit-synthetic-v2.0.0,ALL_SYNTHETIC_CUSTOMERS,ALL_SYNTHETIC_PROGRAMS,P-COMP-142,SYNTHETIC_INTERNAL,SNP-COOLIT-20260925-BL,SCN-BASELINE,CC-0184-1,LBAL-0184-1,A,2026-09-03,2026-09-04,76,76,0,0,NO_VARIANCE,
TEN-COOLIT-SYN-001,SITE-COOLIT-SYN-01,WMS,CYCLE_COUNT,CC-0184-2,LBAL-0184-2,RESOLVED,2026-09-25T23:59:59-06:00,2026-09-26T08:00:00-06:00,2026-06-29T00:00:00-06:00,,1,,false,ACTIVE,EA,,VALID,CURRENT,coolit-synthetic-v2.0.0,ALL_SYNTHETIC_CUSTOMERS,ALL_SYNTHETIC_PROGRAMS,P-COMP-142,SYNTHETIC_INTERNAL,SNP-COOLIT-20260925-BL,SCN-BASELINE,CC-0184-2,LBAL-0184-2,A,2026-09-04,2026-09-05,33,33,0,0,NO_VARIANCE,
TEN-COOLIT-SYN-001,SITE-COOLIT-SYN-01,WMS,CYCLE_COUNT,CC-0185-1,LBAL-0185-1,RESOLVED,2026-09-25T23:59:59-06:00,2026-09-26T08:00:00-06:00,2026-06-29T00:00:00-06:00,,1,,false,ACTIVE,EA,,VALID,CURRENT,coolit-synthetic-v2.0.0,ALL_SYNTHETIC_CUSTOMERS,ALL_SYNTHETIC_PROGRAMS,P-COMP-143,SYNTHETIC_INTERNAL,SNP-COOLIT-20260925-BL,SCN-BASELINE,CC-0185-1,LBAL-0185-1,B,2026-09-04,2026-09-05,77,77,0,0,NO_VARIANCE,
TEN-COOLIT-SYN-001,SITE-COOLIT-SYN-01,WMS,CYCLE_COUNT,CC-0185-2,LBAL-0185-2,RESOLVED,2026-09-25T23:59:59-06:00,2026-09-26T08:00:00-06:00,2026-06-29T00:00:00-06:00,,1,,false,ACTIVE,EA,,VALID,CURRENT,coolit-synthetic-v2.0.0,ALL_SYNTHETIC_CUSTOMERS,ALL_SYNTHETIC_PROGRAMS,P-COMP-143,SYNTHETIC_INTERNAL,SNP-COOLIT-20260925-BL,SCN-BASELINE,CC-0185-2,LBAL-0185-2,B,2026-09-05,2026-09-06,33,33,0,0,NO_VARIANCE,
TEN-COOLIT-SYN-001,SITE-COOLIT-SYN-01,WMS,CYCLE_COUNT,CC-0186-1,LBAL-0186-1,RESOLVED,2026-09-25T23:59:59-06:00,2026-09-26T08:00:00-06:00,2026-06-29T00:00:00-06:00,,1,,false,ACTIVE,EA,,VALID,CURRENT,coolit-synthetic-v2.0.0,ALL_SYNTHETIC_CUSTOMERS,ALL_SYNTHETIC_PROGRAMS,P-COMP-144,SYNTHETIC_INTERNAL,SNP-COOLIT-20260925-BL,SCN-BASELINE,CC-0186-1,LBAL-0186-1,C,2026-09-05,2026-09-06,77,77,0,0,NO_VARIANCE,
TEN-COOLIT-SYN-001,SITE-COOLIT-SYN-01,WMS,CYCLE_COUNT,CC-0186-2,LBAL-0186-2,RESOLVED,2026-09-25T23:59:59-06:00,2026-09-26T08:00:00-06:00,2026-06-29T00:00:00-06:00,,1,,false,ACTIVE,EA,,VALID,CURRENT,coolit-synthetic-v2.0.0,ALL_SYNTHETIC_CUSTOMERS,ALL_SYNTHETIC_PROGRAMS,P-COMP-144,SYNTHETIC_INTERNAL,SNP-COOLIT-20260925-BL,SCN-BASELINE,CC-0186-2,LBAL-0186-2,C,2026-09-06,2026-09-07,34,34,0,0,NO_VARIANCE,
TEN-COOLIT-SYN-001,SITE-COOLIT-SYN-01,WMS,CYCLE_COUNT,CC-0187-1,LBAL-0187-1,RESOLVED,2026-09-25T23:59:59-06:00,2026-09-26T08:00:00-06:00,2026-06-29T00:00:00-06:00,,1,,false,ACTIVE,EA,,VALID,CURRENT,coolit-synthetic-v2.0.0,ALL_SYNTHETIC_CUSTOMERS,ALL_SYNTHETIC_PROGRAMS,P-COMP-145,SYNTHETIC_INTERNAL,SNP-COOLIT-20260925-BL,SCN-BASELINE,CC-0187-1,LBAL-0187-1,A,2026-09-06,2026-09-07,78,78,0,0,NO_VARIANCE,
TEN-COOLIT-SYN-001,SITE-COOLIT-SYN-01,WMS,CYCLE_COUNT,CC-0187-2,LBAL-0187-2,RESOLVED,2026-09-25T23:59:59-06:00,2026-09-26T08:00:00-06:00,2026-06-29T00:00:00-06:00,,1,,false,ACTIVE,EA,,VALID,CURRENT,coolit-synthetic-v2.0.0,ALL_SYNTHETIC_CUSTOMERS,ALL_SYNTHETIC_PROGRAMS,P-COMP-145,SYNTHETIC_INTERNAL,SNP-COOLIT-20260925-BL,SCN-BASELINE,CC-0187-2,LBAL-0187-2,A,2026-09-07,2026-09-08,34,34,0,0,NO_VARIANCE,
TEN-COOLIT-SYN-001,SITE-COOLIT-SYN-01,WMS,CYCLE_COUNT,CC-0188-1,LBAL-0188-1,RESOLVED,2026-09-25T23:59:59-06:00,2026-09-26T08:00:00-06:00,2026-06-29T00:00:00-06:00,,1,,false,ACTIVE,EA,,VALID,CURRENT,coolit-synthetic-v2.0.0,ALL_SYNTHETIC_CUSTOMERS,ALL_SYNTHETIC_PROGRAMS,P-COMP-146,SYNTHETIC_INTERNAL,SNP-COOLIT-20260925-BL,SCN-BASELINE,CC-0188-1,LBAL-0188-1,B,2026-09-07,2026-09-08,77,77,0,0,NO_VARIANCE,
TEN-COOLIT-SYN-001,SITE-COOLIT-SYN-01,WMS,CYCLE_COUNT,CC-0188-2,LBAL-0188-2,RESOLVED,2026-09-25T23:59:59-06:00,2026-09-26T08:00:00-06:00,2026-06-29T00:00:00-06:00,,1,,false,ACTIVE,EA,,VALID,CURRENT,coolit-synthetic-v2.0.0,ALL_SYNTHETIC_CUSTOMERS,ALL_SYNTHETIC_PROGRAMS,P-COMP-146,SYNTHETIC_INTERNAL,SNP-COOLIT-20260925-BL,SCN-BASELINE,CC-0188-2,LBAL-0188-2,B,2026-09-08,2026-09-09,34,34,0,0,NO_VARIANCE,
TEN-COOLIT-SYN-001,SITE-COOLIT-SYN-01,WMS,CYCLE_COUNT,CC-0189-1,LBAL-0189-1,RESOLVED,2026-09-25T23:59:59-06:00,2026-09-26T08:00:00-06:00,2026-06-29T00:00:00-06:00,,1,,false,ACTIVE,EA,,VALID,CURRENT,coolit-synthetic-v2.0.0,ALL_SYNTHETIC_CUSTOMERS,ALL_SYNTHETIC_PROGRAMS,P-COMP-147,SYNTHETIC_INTERNAL,SNP-COOLIT-20260925-BL,SCN-BASELINE,CC-0189-1,LBAL-0189-1,C,2026-09-08,2026-09-09,79,79,0,0,NO_VARIANCE,
TEN-COOLIT-SYN-001,SITE-COOLIT-SYN-01,WMS,CYCLE_COUNT,CC-0189-2,LBAL-0189-2,RESOLVED,2026-09-25T23:59:59-06:00,2026-09-26T08:00:00-06:00,2026-06-29T00:00:00-06:00,,1,,false,ACTIVE,EA,,VALID,CURRENT,coolit-synthetic-v2.0.0,ALL_SYNTHETIC_CUSTOMERS,ALL_SYNTHETIC_PROGRAMS,P-COMP-147,SYNTHETIC_INTERNAL,SNP-COOLIT-20260925-BL,SCN-BASELINE,CC-0189-2,LBAL-0189-2,C,2026-09-09,2026-09-10,35,35,0,0,NO_VARIANCE,
TEN-COOLIT-SYN-001,SITE-COOLIT-SYN-01,WMS,CYCLE_COUNT,CC-0190-1,LBAL-0190-1,RESOLVED,2026-09-25T23:59:59-06:00,2026-09-26T08:00:00-06:00,2026-06-29T00:00:00-06:00,,1,,false,ACTIVE,EA,,VALID,CURRENT,coolit-synthetic-v2.0.0,ALL_SYNTHETIC_CUSTOMERS,ALL_SYNTHETIC_PROGRAMS,P-COMP-148,SYNTHETIC_INTERNAL,SNP-COOLIT-20260925-BL,SCN-BASELINE,CC-0190-1,LBAL-0190-1,A,2026-09-09,2026-09-10,80,80,0,0,NO_VARIANCE,
TEN-COOLIT-SYN-001,SITE-COOLIT-SYN-01,WMS,CYCLE_COUNT,CC-0190-2,LBAL-0190-2,RESOLVED,2026-09-25T23:59:59-06:00,2026-09-26T08:00:00-06:00,2026-06-29T00:00:00-06:00,,1,,false,ACTIVE,EA,,VALID,CURRENT,coolit-synthetic-v2.0.0,ALL_SYNTHETIC_CUSTOMERS,ALL_SYNTHETIC_PROGRAMS,P-COMP-148,SYNTHETIC_INTERNAL,SNP-COOLIT-20260925-BL,SCN-BASELINE,CC-0190-2,LBAL-0190-2,A,2026-09-10,2026-09-11,35,35,0,0,NO_VARIANCE,
TEN-COOLIT-SYN-001,SITE-COOLIT-SYN-01,WMS,CYCLE_COUNT,CC-0191-1,LBAL-0191-1,RESOLVED,2026-09-25T23:59:59-06:00,2026-09-26T08:00:00-06:00,2026-06-29T00:00:00-06:00,,1,,false,ACTIVE,EA,,VALID,CURRENT,coolit-synthetic-v2.0.0,ALL_SYNTHETIC_CUSTOMERS,ALL_SYNTHETIC_PROGRAMS,P-COMP-149,SYNTHETIC_INTERNAL,SNP-COOLIT-20260925-BL,SCN-BASELINE,CC-0191-1,LBAL-0191-1,B,2026-09-10,2026-09-11,81,81,0,0,NO_VARIANCE,
TEN-COOLIT-SYN-001,SITE-COOLIT-SYN-01,WMS,CYCLE_COUNT,CC-0191-2,LBAL-0191-2,RESOLVED,2026-09-25T23:59:59-06:00,2026-09-26T08:00:00-06:00,2026-06-29T00:00:00-06:00,,1,,false,ACTIVE,EA,,VALID,CURRENT,coolit-synthetic-v2.0.0,ALL_SYNTHETIC_CUSTOMERS,ALL_SYNTHETIC_PROGRAMS,P-COMP-149,SYNTHETIC_INTERNAL,SNP-COOLIT-20260925-BL,SCN-BASELINE,CC-0191-2,LBAL-0191-2,B,2026-09-11,2026-09-12,36,36,0,0,NO_VARIANCE,
TEN-COOLIT-SYN-001,SITE-COOLIT-SYN-01,WMS,CYCLE_COUNT,CC-0192-1,LBAL-0192-1,RESOLVED,2026-09-25T23:59:59-06:00,2026-09-26T08:00:00-06:00,2026-06-29T00:00:00-06:00,,1,,false,ACTIVE,EA,,VALID,CURRENT,coolit-synthetic-v2.0.0,ALL_SYNTHETIC_CUSTOMERS,ALL_SYNTHETIC_PROGRAMS,P-COMP-150,SYNTHETIC_INTERNAL,SNP-COOLIT-20260925-BL,SCN-BASELINE,CC-0192-1,LBAL-0192-1,C,2026-09-11,2026-09-12,81,81,0,0,NO_VARIANCE,
TEN-COOLIT-SYN-001,SITE-COOLIT-SYN-01,WMS,CYCLE_COUNT,CC-0192-2,LBAL-0192-2,RESOLVED,2026-09-25T23:59:59-06:00,2026-09-26T08:00:00-06:00,2026-06-29T00:00:00-06:00,,1,,false,ACTIVE,EA,,VALID,CURRENT,coolit-synthetic-v2.0.0,ALL_SYNTHETIC_CUSTOMERS,ALL_SYNTHETIC_PROGRAMS,P-COMP-150,SYNTHETIC_INTERNAL,SNP-COOLIT-20260925-BL,SCN-BASELINE,CC-0192-2,LBAL-0192-2,C,2026-09-12,2026-09-13,36,36,0,0,NO_VARIANCE,
TEN-COOLIT-SYN-001,SITE-COOLIT-SYN-01,WMS,CYCLE_COUNT,CC-0193-1,LBAL-0193-1,RESOLVED,2026-09-25T23:59:59-06:00,2026-09-26T08:00:00-06:00,2026-06-29T00:00:00-06:00,,1,,false,ACTIVE,EA,,VALID,CURRENT,coolit-synthetic-v2.0.0,ALL_SYNTHETIC_CUSTOMERS,ALL_SYNTHETIC_PROGRAMS,P-COMP-151,SYNTHETIC_INTERNAL,SNP-COOLIT-20260925-BL,SCN-BASELINE,CC-0193-1,LBAL-0193-1,A,2026-09-12,2026-09-13,82,82,0,0,NO_VARIANCE,
TEN-COOLIT-SYN-001,SITE-COOLIT-SYN-01,WMS,CYCLE_COUNT,CC-0193-2,LBAL-0193-2,RESOLVED,2026-09-25T23:59:59-06:00,2026-09-26T08:00:00-06:00,2026-06-29T00:00:00-06:00,,1,,false,ACTIVE,EA,,VALID,CURRENT,coolit-synthetic-v2.0.0,ALL_SYNTHETIC_CUSTOMERS,ALL_SYNTHETIC_PROGRAMS,P-COMP-151,SYNTHETIC_INTERNAL,SNP-COOLIT-20260925-BL,SCN-BASELINE,CC-0193-2,LBAL-0193-2,A,2026-09-13,2026-09-14,36,36,0,0,NO_VARIANCE,
TEN-COOLIT-SYN-001,SITE-COOLIT-SYN-01,WMS,CYCLE_COUNT,CC-0194-1,LBAL-0194-1,RESOLVED,2026-09-25T23:59:59-06:00,2026-09-26T08:00:00-06:00,2026-06-29T00:00:00-06:00,,1,,false,ACTIVE,EA,,VALID,CURRENT,coolit-synthetic-v2.0.0,ALL_SYNTHETIC_CUSTOMERS,ALL_SYNTHETIC_PROGRAMS,P-COMP-152,SYNTHETIC_INTERNAL,SNP-COOLIT-20260925-BL,SCN-BASELINE,CC-0194-1,LBAL-0194-1,B,2026-09-13,2026-09-14,83,83,0,0,NO_VARIANCE,
TEN-COOLIT-SYN-001,SITE-COOLIT-SYN-01,WMS,CYCLE_COUNT,CC-0194-2,LBAL-0194-2,RESOLVED,2026-09-25T23:59:59-06:00,2026-09-26T08:00:00-06:00,2026-06-29T00:00:00-06:00,,1,,false,ACTIVE,EA,,VALID,CURRENT,coolit-synthetic-v2.0.0,ALL_SYNTHETIC_CUSTOMERS,ALL_SYNTHETIC_PROGRAMS,P-COMP-152,SYNTHETIC_INTERNAL,SNP-COOLIT-20260925-BL,SCN-BASELINE,CC-0194-2,LBAL-0194-2,B,2026-09-14,2026-09-15,36,37,1,831.67,APPROVED_ADJUSTMENT,ADJ-CC-0194-2
TEN-COOLIT-SYN-001,SITE-COOLIT-SYN-01,WMS,CYCLE_COUNT,CC-0195-1,LBAL-0195-1,RESOLVED,2026-09-25T23:59:59-06:00,2026-09-26T08:00:00-06:00,2026-06-29T00:00:00-06:00,,1,,false,ACTIVE,EA,,VALID,CURRENT,coolit-synthetic-v2.0.0,ALL_SYNTHETIC_CUSTOMERS,ALL_SYNTHETIC_PROGRAMS,P-COMP-153,SYNTHETIC_INTERNAL,SNP-COOLIT-20260925-BL,SCN-BASELINE,CC-0195-1,LBAL-0195-1,C,2026-09-14,2026-09-15,84,85,1,842,APPROVED_ADJUSTMENT,ADJ-CC-0195-1
TEN-COOLIT-SYN-001,SITE-COOLIT-SYN-01,WMS,CYCLE_COUNT,CC-0195-2,LBAL-0195-2,RESOLVED,2026-09-25T23:59:59-06:00,2026-09-26T08:00:00-06:00,2026-06-29T00:00:00-06:00,,1,,false,ACTIVE,EA,,VALID,CURRENT,coolit-synthetic-v2.0.0,ALL_SYNTHETIC_CUSTOMERS,ALL_SYNTHETIC_PROGRAMS,P-COMP-153,SYNTHETIC_INTERNAL,SNP-COOLIT-20260925-BL,SCN-BASELINE,CC-0195-2,LBAL-0195-2,C,2026-09-15,2026-09-16,36,36,0,0,NO_VARIANCE,
TEN-COOLIT-SYN-001,SITE-COOLIT-SYN-01,WMS,CYCLE_COUNT,CC-0196-1,LBAL-0196-1,RESOLVED,2026-09-25T23:59:59-06:00,2026-09-26T08:00:00-06:00,2026-06-29T00:00:00-06:00,,1,,false,ACTIVE,EA,,VALID,CURRENT,coolit-synthetic-v2.0.0,ALL_SYNTHETIC_CUSTOMERS,ALL_SYNTHETIC_PROGRAMS,P-COMP-154,SYNTHETIC_INTERNAL,SNP-COOLIT-20260925-BL,SCN-BASELINE,CC-0196-1,LBAL-0196-1,A,2026-09-15,2026-09-16,84,84,0,0,NO_VARIANCE,
TEN-COOLIT-SYN-001,SITE-COOLIT-SYN-01,WMS,CYCLE_COUNT,CC-0196-2,LBAL-0196-2,RESOLVED,2026-09-25T23:59:59-06:00,2026-09-26T08:00:00-06:00,2026-06-29T00:00:00-06:00,,1,,false,ACTIVE,EA,,VALID,CURRENT,coolit-synthetic-v2.0.0,ALL_SYNTHETIC_CUSTOMERS,ALL_SYNTHETIC_PROGRAMS,P-COMP-154,SYNTHETIC_INTERNAL,SNP-COOLIT-20260925-BL,SCN-BASELINE,CC-0196-2,LBAL-0196-2,A,2026-09-16,2026-09-17,37,37,0,0,NO_VARIANCE,
TEN-COOLIT-SYN-001,SITE-COOLIT-SYN-01,WMS,CYCLE_COUNT,CC-0197-1,LBAL-0197-1,RESOLVED,2026-09-25T23:59:59-06:00,2026-09-26T08:00:00-06:00,2026-06-29T00:00:00-06:00,,1,,false,ACTIVE,EA,,VALID,CURRENT,coolit-synthetic-v2.0.0,ALL_SYNTHETIC_CUSTOMERS,ALL_SYNTHETIC_PROGRAMS,P-COMP-155,SYNTHETIC_INTERNAL,SNP-COOLIT-20260925-BL,SCN-BASELINE,CC-0197-1,LBAL-0197-1,B,2026-09-16,2026-09-17,85,85,0,0,NO_VARIANCE,
TEN-COOLIT-SYN-001,SITE-COOLIT-SYN-01,WMS,CYCLE_COUNT,CC-0197-2,LBAL-0197-2,RESOLVED,2026-09-25T23:59:59-06:00,2026-09-26T08:00:00-06:00,2026-06-29T00:00:00-06:00,,1,,false,ACTIVE,EA,,VALID,CURRENT,coolit-synthetic-v2.0.0,ALL_SYNTHETIC_CUSTOMERS,ALL_SYNTHETIC_PROGRAMS,P-COMP-155,SYNTHETIC_INTERNAL,SNP-COOLIT-20260925-BL,SCN-BASELINE,CC-0197-2,LBAL-0197-2,B,2026-09-17,2026-09-18,37,37,0,0,NO_VARIANCE,
TEN-COOLIT-SYN-001,SITE-COOLIT-SYN-01,WMS,CYCLE_COUNT,CC-0198-1,LBAL-0198-1,RESOLVED,2026-09-25T23:59:59-06:00,2026-09-26T08:00:00-06:00,2026-06-29T00:00:00-06:00,,1,,false,ACTIVE,EA,,VALID,CURRENT,coolit-synthetic-v2.0.0,ALL_SYNTHETIC_CUSTOMERS,ALL_SYNTHETIC_PROGRAMS,P-COMP-156,SYNTHETIC_INTERNAL,SNP-COOLIT-20260925-BL,SCN-BASELINE,CC-0198-1,LBAL-0198-1,C,2026-09-17,2026-09-18,86,86,0,0,NO_VARIANCE,
TEN-COOLIT-SYN-001,SITE-COOLIT-SYN-01,WMS,CYCLE_COUNT,CC-0198-2,LBAL-0198-2,RESOLVED,2026-09-25T23:59:59-06:00,2026-09-26T08:00:00-06:00,2026-06-29T00:00:00-06:00,,1,,false,ACTIVE,EA,,VALID,CURRENT,coolit-synthetic-v2.0.0,ALL_SYNTHETIC_CUSTOMERS,ALL_SYNTHETIC_PROGRAMS,P-COMP-156,SYNTHETIC_INTERNAL,SNP-COOLIT-20260925-BL,SCN-BASELINE,CC-0198-2,LBAL-0198-2,C,2026-09-18,2026-09-19,37,37,0,0,NO_VARIANCE,
TEN-COOLIT-SYN-001,SITE-COOLIT-SYN-01,WMS,CYCLE_COUNT,CC-0199-1,LBAL-0199-1,RESOLVED,2026-09-25T23:59:59-06:00,2026-09-26T08:00:00-06:00,2026-06-29T00:00:00-06:00,,1,,false,ACTIVE,EA,,VALID,CURRENT,coolit-synthetic-v2.0.0,ALL_SYNTHETIC_CUSTOMERS,ALL_SYNTHETIC_PROGRAMS,P-COMP-157,SYNTHETIC_INTERNAL,SNP-COOLIT-20260925-BL,SCN-BASELINE,CC-0199-1,LBAL-0199-1,A,2026-09-18,2026-09-19,86,86,0,0,NO_VARIANCE,
TEN-COOLIT-SYN-001,SITE-COOLIT-SYN-01,WMS,CYCLE_COUNT,CC-0199-2,LBAL-0199-2,RESOLVED,2026-09-25T23:59:59-06:00,2026-09-26T08:00:00-06:00,2026-06-29T00:00:00-06:00,,1,,false,ACTIVE,EA,,VALID,CURRENT,coolit-synthetic-v2.0.0,ALL_SYNTHETIC_CUSTOMERS,ALL_SYNTHETIC_PROGRAMS,P-COMP-157,SYNTHETIC_INTERNAL,SNP-COOLIT-20260925-BL,SCN-BASELINE,CC-0199-2,LBAL-0199-2,A,2026-09-19,2026-09-20,38,38,0,0,NO_VARIANCE,
TEN-COOLIT-SYN-001,SITE-COOLIT-SYN-01,WMS,CYCLE_COUNT,CC-0200-1,LBAL-0200-1,RESOLVED,2026-09-25T23:59:59-06:00,2026-09-26T08:00:00-06:00,2026-06-29T00:00:00-06:00,,1,,false,ACTIVE,EA,,VALID,CURRENT,coolit-synthetic-v2.0.0,ALL_SYNTHETIC_CUSTOMERS,ALL_SYNTHETIC_PROGRAMS,P-COMP-158,SYNTHETIC_INTERNAL,SNP-COOLIT-20260925-BL,SCN-BASELINE,CC-0200-1,LBAL-0200-1,B,2026-09-19,2026-09-20,87,87,0,0,NO_VARIANCE,
TEN-COOLIT-SYN-001,SITE-COOLIT-SYN-01,WMS,CYCLE_COUNT,CC-0200-2,LBAL-0200-2,RESOLVED,2026-09-25T23:59:59-06:00,2026-09-26T08:00:00-06:00,2026-06-29T00:00:00-06:00,,1,,false,ACTIVE,EA,,VALID,CURRENT,coolit-synthetic-v2.0.0,ALL_SYNTHETIC_CUSTOMERS,ALL_SYNTHETIC_PROGRAMS,P-COMP-158,SYNTHETIC_INTERNAL,SNP-COOLIT-20260925-BL,SCN-BASELINE,CC-0200-2,LBAL-0200-2,B,2026-08-01,2026-08-02,38,38,0,0,NO_VARIANCE,
TEN-COOLIT-SYN-001,SITE-COOLIT-SYN-01,WMS,CYCLE_COUNT,CC-0201-1,LBAL-0201-1,RESOLVED,2026-09-25T23:59:59-06:00,2026-09-26T08:00:00-06:00,2026-06-29T00:00:00-06:00,,1,,false,ACTIVE,EA,,VALID,CURRENT,coolit-synthetic-v2.0.0,ALL_SYNTHETIC_CUSTOMERS,ALL_SYNTHETIC_PROGRAMS,P-COMP-159,SYNTHETIC_INTERNAL,SNP-COOLIT-20260925-BL,SCN-BASELINE,CC-0201-1,LBAL-0201-1,C,2026-08-01,2026-08-02,88,88,0,0,NO_VARIANCE,
TEN-COOLIT-SYN-001,SITE-COOLIT-SYN-01,WMS,CYCLE_COUNT,CC-0201-2,LBAL-0201-2,RESOLVED,2026-09-25T23:59:59-06:00,2026-09-26T08:00:00-06:00,2026-06-29T00:00:00-06:00,,1,,false,ACTIVE,EA,,VALID,CURRENT,coolit-synthetic-v2.0.0,ALL_SYNTHETIC_CUSTOMERS,ALL_SYNTHETIC_PROGRAMS,P-COMP-159,SYNTHETIC_INTERNAL,SNP-COOLIT-20260925-BL,SCN-BASELINE,CC-0201-2,LBAL-0201-2,C,2026-08-02,2026-08-03,38,38,0,0,NO_VARIANCE,
TEN-COOLIT-SYN-001,SITE-COOLIT-SYN-01,WMS,CYCLE_COUNT,CC-0202-1,LBAL-0202-1,RESOLVED,2026-09-25T23:59:59-06:00,2026-09-26T08:00:00-06:00,2026-06-29T00:00:00-06:00,,1,,false,ACTIVE,EA,,VALID,CURRENT,coolit-synthetic-v2.0.0,ALL_SYNTHETIC_CUSTOMERS,ALL_SYNTHETIC_PROGRAMS,P-COMP-160,SYNTHETIC_INTERNAL,SNP-COOLIT-20260925-BL,SCN-BASELINE,CC-0202-1,LBAL-0202-1,A,2026-08-02,2026-08-03,88,88,0,0,NO_VARIANCE,
TEN-COOLIT-SYN-001,SITE-COOLIT-SYN-01,WMS,CYCLE_COUNT,CC-0202-2,LBAL-0202-2,RESOLVED,2026-09-25T23:59:59-06:00,2026-09-26T08:00:00-06:00,2026-06-29T00:00:00-06:00,,1,,false,ACTIVE,EA,,VALID,CURRENT,coolit-synthetic-v2.0.0,ALL_SYNTHETIC_CUSTOMERS,ALL_SYNTHETIC_PROGRAMS,P-COMP-160,SYNTHETIC_INTERNAL,SNP-COOLIT-20260925-BL,SCN-BASELINE,CC-0202-2,LBAL-0202-2,A,2026-08-03,2026-08-04,39,39,0,0,NO_VARIANCE,
TEN-COOLIT-SYN-001,SITE-COOLIT-SYN-01,WMS,CYCLE_COUNT,CC-0203-1,LBAL-0203-1,RESOLVED,2026-09-25T23:59:59-06:00,2026-09-26T08:00:00-06:00,2026-06-29T00:00:00-06:00,,1,,false,ACTIVE,EA,,VALID,CURRENT,coolit-synthetic-v2.0.0,ALL_SYNTHETIC_CUSTOMERS,ALL_SYNTHETIC_PROGRAMS,P-COMP-161,SYNTHETIC_INTERNAL,SNP-COOLIT-20260925-BL,SCN-BASELINE,CC-0203-1,LBAL-0203-1,B,2026-08-03,2026-08-04,89,89,0,0,NO_VARIANCE,
TEN-COOLIT-SYN-001,SITE-COOLIT-SYN-01,WMS,CYCLE_COUNT,CC-0203-2,LBAL-0203-2,RESOLVED,2026-09-25T23:59:59-06:00,2026-09-26T08:00:00-06:00,2026-06-29T00:00:00-06:00,,1,,false,ACTIVE,EA,,VALID,CURRENT,coolit-synthetic-v2.0.0,ALL_SYNTHETIC_CUSTOMERS,ALL_SYNTHETIC_PROGRAMS,P-COMP-161,SYNTHETIC_INTERNAL,SNP-COOLIT-20260925-BL,SCN-BASELINE,CC-0203-2,LBAL-0203-2,B,2026-08-04,2026-08-05,39,39,0,0,NO_VARIANCE,
TEN-COOLIT-SYN-001,SITE-COOLIT-SYN-01,WMS,CYCLE_COUNT,CC-0204-1,LBAL-0204-1,RESOLVED,2026-09-25T23:59:59-06:00,2026-09-26T08:00:00-06:00,2026-06-29T00:00:00-06:00,,1,,false,ACTIVE,EA,,VALID,CURRENT,coolit-synthetic-v2.0.0,ALL_SYNTHETIC_CUSTOMERS,ALL_SYNTHETIC_PROGRAMS,P-COMP-162,SYNTHETIC_INTERNAL,SNP-COOLIT-20260925-BL,SCN-BASELINE,CC-0204-1,LBAL-0204-1,C,2026-08-04,2026-08-05,90,90,0,0,NO_VARIANCE,
TEN-COOLIT-SYN-001,SITE-COOLIT-SYN-01,WMS,CYCLE_COUNT,CC-0204-2,LBAL-0204-2,RESOLVED,2026-09-25T23:59:59-06:00,2026-09-26T08:00:00-06:00,2026-06-29T00:00:00-06:00,,1,,false,ACTIVE,EA,,VALID,CURRENT,coolit-synthetic-v2.0.0,ALL_SYNTHETIC_CUSTOMERS,ALL_SYNTHETIC_PROGRAMS,P-COMP-162,SYNTHETIC_INTERNAL,SNP-COOLIT-20260925-BL,SCN-BASELINE,CC-0204-2,LBAL-0204-2,C,2026-08-05,2026-08-06,39,39,0,0,NO_VARIANCE,
TEN-COOLIT-SYN-001,SITE-COOLIT-SYN-01,WMS,CYCLE_COUNT,CC-0205-1,LBAL-0205-1,RESOLVED,2026-09-25T23:59:59-06:00,2026-09-26T08:00:00-06:00,2026-06-29T00:00:00-06:00,,1,,false,ACTIVE,EA,,VALID,CURRENT,coolit-synthetic-v2.0.0,ALL_SYNTHETIC_CUSTOMERS,ALL_SYNTHETIC_PROGRAMS,P-COMP-163,SYNTHETIC_INTERNAL,SNP-COOLIT-20260925-BL,SCN-BASELINE,CC-0205-1,LBAL-0205-1,A,2026-08-05,2026-08-06,89,89,0,0,NO_VARIANCE,
TEN-COOLIT-SYN-001,SITE-COOLIT-SYN-01,WMS,CYCLE_COUNT,CC-0205-2,LBAL-0205-2,RESOLVED,2026-09-25T23:59:59-06:00,2026-09-26T08:00:00-06:00,2026-06-29T00:00:00-06:00,,1,,false,ACTIVE,EA,,VALID,CURRENT,coolit-synthetic-v2.0.0,ALL_SYNTHETIC_CUSTOMERS,ALL_SYNTHETIC_PROGRAMS,P-COMP-163,SYNTHETIC_INTERNAL,SNP-COOLIT-20260925-BL,SCN-BASELINE,CC-0205-2,LBAL-0205-2,A,2026-08-06,2026-08-07,39,39,0,0,NO_VARIANCE,
TEN-COOLIT-SYN-001,SITE-COOLIT-SYN-01,WMS,CYCLE_COUNT,CC-0206-1,LBAL-0206-1,RESOLVED,2026-09-25T23:59:59-06:00,2026-09-26T08:00:00-06:00,2026-06-29T00:00:00-06:00,,1,,false,ACTIVE,EA,,VALID,CURRENT,coolit-synthetic-v2.0.0,ALL_SYNTHETIC_CUSTOMERS,ALL_SYNTHETIC_PROGRAMS,P-COMP-164,SYNTHETIC_INTERNAL,SNP-COOLIT-20260925-BL,SCN-BASELINE,CC-0206-1,LBAL-0206-1,B,2026-08-06,2026-08-07,120,120,0,0,NO_VARIANCE,
TEN-COOLIT-SYN-001,SITE-COOLIT-SYN-01,WMS,CYCLE_COUNT,CC-0206-2,LBAL-0206-2,RESOLVED,2026-09-25T23:59:59-06:00,2026-09-26T08:00:00-06:00,2026-06-29T00:00:00-06:00,,1,,false,ACTIVE,EA,,VALID,CURRENT,coolit-synthetic-v2.0.0,ALL_SYNTHETIC_CUSTOMERS,ALL_SYNTHETIC_PROGRAMS,P-COMP-164,SYNTHETIC_INTERNAL,SNP-COOLIT-20260925-BL,SCN-BASELINE,CC-0206-2,LBAL-0206-2,B,2026-08-07,2026-08-08,52,52,0,0,NO_VARIANCE,
TEN-COOLIT-SYN-001,SITE-COOLIT-SYN-01,WMS,CYCLE_COUNT,CC-0207-1,LBAL-0207-1,RESOLVED,2026-09-25T23:59:59-06:00,2026-09-26T08:00:00-06:00,2026-06-29T00:00:00-06:00,,1,,false,ACTIVE,EA,,VALID,CURRENT,coolit-synthetic-v2.0.0,ALL_SYNTHETIC_CUSTOMERS,ALL_SYNTHETIC_PROGRAMS,P-COMP-165,SYNTHETIC_INTERNAL,SNP-COOLIT-20260925-BL,SCN-BASELINE,CC-0207-1,LBAL-0207-1,C,2026-08-07,2026-08-08,121,121,0,0,NO_VARIANCE,
TEN-COOLIT-SYN-001,SITE-COOLIT-SYN-01,WMS,CYCLE_COUNT,CC-0207-2,LBAL-0207-2,RESOLVED,2026-09-25T23:59:59-06:00,2026-09-26T08:00:00-06:00,2026-06-29T00:00:00-06:00,,1,,false,ACTIVE,EA,,VALID,CURRENT,coolit-synthetic-v2.0.0,ALL_SYNTHETIC_CUSTOMERS,ALL_SYNTHETIC_PROGRAMS,P-COMP-165,SYNTHETIC_INTERNAL,SNP-COOLIT-20260925-BL,SCN-BASELINE,CC-0207-2,LBAL-0207-2,C,2026-08-08,2026-08-09,52,52,0,0,NO_VARIANCE,
TEN-COOLIT-SYN-001,SITE-COOLIT-SYN-01,WMS,CYCLE_COUNT,CC-0208-1,LBAL-0208-1,RESOLVED,2026-09-25T23:59:59-06:00,2026-09-26T08:00:00-06:00,2026-06-29T00:00:00-06:00,,1,,false,ACTIVE,EA,,VALID,CURRENT,coolit-synthetic-v2.0.0,ALL_SYNTHETIC_CUSTOMERS,ALL_SYNTHETIC_PROGRAMS,P-COMP-166,SYNTHETIC_INTERNAL,SNP-COOLIT-20260925-BL,SCN-BASELINE,CC-0208-1,LBAL-0208-1,A,2026-08-08,2026-08-09,121,121,0,0,NO_VARIANCE,
TEN-COOLIT-SYN-001,SITE-COOLIT-SYN-01,WMS,CYCLE_COUNT,CC-0208-2,LBAL-0208-2,RESOLVED,2026-09-25T23:59:59-06:00,2026-09-26T08:00:00-06:00,2026-06-29T00:00:00-06:00,,1,,false,ACTIVE,EA,,VALID,CURRENT,coolit-synthetic-v2.0.0,ALL_SYNTHETIC_CUSTOMERS,ALL_SYNTHETIC_PROGRAMS,P-COMP-166,SYNTHETIC_INTERNAL,SNP-COOLIT-20260925-BL,SCN-BASELINE,CC-0208-2,LBAL-0208-2,A,2026-08-09,2026-08-10,53,53,0,0,NO_VARIANCE,
TEN-COOLIT-SYN-001,SITE-COOLIT-SYN-01,WMS,CYCLE_COUNT,CC-0209-1,LBAL-0209-1,RESOLVED,2026-09-25T23:59:59-06:00,2026-09-26T08:00:00-06:00,2026-06-29T00:00:00-06:00,,1,,false,ACTIVE,EA,,VALID,CURRENT,coolit-synthetic-v2.0.0,ALL_SYNTHETIC_CUSTOMERS,ALL_SYNTHETIC_PROGRAMS,P-COMP-167,SYNTHETIC_INTERNAL,SNP-COOLIT-20260925-BL,SCN-BASELINE,CC-0209-1,LBAL-0209-1,B,2026-08-09,2026-08-10,122,122,0,0,NO_VARIANCE,
TEN-COOLIT-SYN-001,SITE-COOLIT-SYN-01,WMS,CYCLE_COUNT,CC-0209-2,LBAL-0209-2,RESOLVED,2026-09-25T23:59:59-06:00,2026-09-26T08:00:00-06:00,2026-06-29T00:00:00-06:00,,1,,false,ACTIVE,EA,,VALID,CURRENT,coolit-synthetic-v2.0.0,ALL_SYNTHETIC_CUSTOMERS,ALL_SYNTHETIC_PROGRAMS,P-COMP-167,SYNTHETIC_INTERNAL,SNP-COOLIT-20260925-BL,SCN-BASELINE,CC-0209-2,LBAL-0209-2,B,2026-08-10,2026-08-11,53,53,0,0,NO_VARIANCE,
TEN-COOLIT-SYN-001,SITE-COOLIT-SYN-01,WMS,CYCLE_COUNT,CC-0210-1,LBAL-0210-1,RESOLVED,2026-09-25T23:59:59-06:00,2026-09-26T08:00:00-06:00,2026-06-29T00:00:00-06:00,,1,,false,ACTIVE,EA,,VALID,CURRENT,coolit-synthetic-v2.0.0,ALL_SYNTHETIC_CUSTOMERS,ALL_SYNTHETIC_PROGRAMS,P-COMP-168,SYNTHETIC_INTERNAL,SNP-COOLIT-20260925-BL,SCN-BASELINE,CC-0210-1,LBAL-0210-1,C,2026-08-10,2026-08-11,123,123,0,0,NO_VARIANCE,
TEN-COOLIT-SYN-001,SITE-COOLIT-SYN-01,WMS,CYCLE_COUNT,CC-0210-2,LBAL-0210-2,RESOLVED,2026-09-25T23:59:59-06:00,2026-09-26T08:00:00-06:00,2026-06-29T00:00:00-06:00,,1,,false,ACTIVE,EA,,VALID,CURRENT,coolit-synthetic-v2.0.0,ALL_SYNTHETIC_CUSTOMERS,ALL_SYNTHETIC_PROGRAMS,P-COMP-168,SYNTHETIC_INTERNAL,SNP-COOLIT-20260925-BL,SCN-BASELINE,CC-0210-2,LBAL-0210-2,C,2026-08-11,2026-08-12,54,54,0,0,NO_VARIANCE,
TEN-COOLIT-SYN-001,SITE-COOLIT-SYN-01,WMS,CYCLE_COUNT,CC-0211-1,LBAL-0211-1,RESOLVED,2026-09-25T23:59:59-06:00,2026-09-26T08:00:00-06:00,2026-06-29T00:00:00-06:00,,1,,false,ACTIVE,EA,,VALID,CURRENT,coolit-synthetic-v2.0.0,ALL_SYNTHETIC_CUSTOMERS,ALL_SYNTHETIC_PROGRAMS,P-COMP-169,SYNTHETIC_INTERNAL,SNP-COOLIT-20260925-BL,SCN-BASELINE,CC-0211-1,LBAL-0211-1,A,2026-08-11,2026-08-12,123,123,0,0,NO_VARIANCE,
TEN-COOLIT-SYN-001,SITE-COOLIT-SYN-01,WMS,CYCLE_COUNT,CC-0211-2,LBAL-0211-2,RESOLVED,2026-09-25T23:59:59-06:00,2026-09-26T08:00:00-06:00,2026-06-29T00:00:00-06:00,,1,,false,ACTIVE,EA,,VALID,CURRENT,coolit-synthetic-v2.0.0,ALL_SYNTHETIC_CUSTOMERS,ALL_SYNTHETIC_PROGRAMS,P-COMP-169,SYNTHETIC_INTERNAL,SNP-COOLIT-20260925-BL,SCN-BASELINE,CC-0211-2,LBAL-0211-2,A,2026-08-12,2026-08-13,54,54,0,0,NO_VARIANCE,
TEN-COOLIT-SYN-001,SITE-COOLIT-SYN-01,WMS,CYCLE_COUNT,CC-0212-1,LBAL-0212-1,RESOLVED,2026-09-25T23:59:59-06:00,2026-09-26T08:00:00-06:00,2026-06-29T00:00:00-06:00,,1,,false,ACTIVE,EA,,VALID,CURRENT,coolit-synthetic-v2.0.0,ALL_SYNTHETIC_CUSTOMERS,ALL_SYNTHETIC_PROGRAMS,P-COMP-170,SYNTHETIC_INTERNAL,SNP-COOLIT-20260925-BL,SCN-BASELINE,CC-0212-1,LBAL-0212-1,B,2026-08-12,2026-08-13,124,124,0,0,NO_VARIANCE,
TEN-COOLIT-SYN-001,SITE-COOLIT-SYN-01,WMS,CYCLE_COUNT,CC-0212-2,LBAL-0212-2,RESOLVED,2026-09-25T23:59:59-06:00,2026-09-26T08:00:00-06:00,2026-06-29T00:00:00-06:00,,1,,false,ACTIVE,EA,,VALID,CURRENT,coolit-synthetic-v2.0.0,ALL_SYNTHETIC_CUSTOMERS,ALL_SYNTHETIC_PROGRAMS,P-COMP-170,SYNTHETIC_INTERNAL,SNP-COOLIT-20260925-BL,SCN-BASELINE,CC-0212-2,LBAL-0212-2,B,2026-08-13,2026-08-14,54,54,0,0,NO_VARIANCE,
TEN-COOLIT-SYN-001,SITE-COOLIT-SYN-01,WMS,CYCLE_COUNT,CC-0213-1,LBAL-0213-1,RESOLVED,2026-09-25T23:59:59-06:00,2026-09-26T08:00:00-06:00,2026-06-29T00:00:00-06:00,,1,,false,ACTIVE,EA,,VALID,CURRENT,coolit-synthetic-v2.0.0,ALL_SYNTHETIC_CUSTOMERS,ALL_SYNTHETIC_PROGRAMS,P-COMP-171,SYNTHETIC_INTERNAL,SNP-COOLIT-20260925-BL,SCN-BASELINE,CC-0213-1,LBAL-0213-1,C,2026-08-13,2026-08-14,125,125,0,0,NO_VARIANCE,
TEN-COOLIT-SYN-001,SITE-COOLIT-SYN-01,WMS,CYCLE_COUNT,CC-0213-2,LBAL-0213-2,RESOLVED,2026-09-25T23:59:59-06:00,2026-09-26T08:00:00-06:00,2026-06-29T00:00:00-06:00,,1,,false,ACTIVE,EA,,VALID,CURRENT,coolit-synthetic-v2.0.0,ALL_SYNTHETIC_CUSTOMERS,ALL_SYNTHETIC_PROGRAMS,P-COMP-171,SYNTHETIC_INTERNAL,SNP-COOLIT-20260925-BL,SCN-BASELINE,CC-0213-2,LBAL-0213-2,C,2026-08-14,2026-08-15,54,54,0,0,NO_VARIANCE,
TEN-COOLIT-SYN-001,SITE-COOLIT-SYN-01,WMS,CYCLE_COUNT,CC-0214-1,LBAL-0214-1,RESOLVED,2026-09-25T23:59:59-06:00,2026-09-26T08:00:00-06:00,2026-06-29T00:00:00-06:00,,1,,false,ACTIVE,EA,,VALID,CURRENT,coolit-synthetic-v2.0.0,ALL_SYNTHETIC_CUSTOMERS,ALL_SYNTHETIC_PROGRAMS,P-COMP-172,SYNTHETIC_INTERNAL,SNP-COOLIT-20260925-BL,SCN-BASELINE,CC-0214-1,LBAL-0214-1,A,2026-08-14,2026-08-15,125,125,0,0,NO_VARIANCE,
TEN-COOLIT-SYN-001,SITE-COOLIT-SYN-01,WMS,CYCLE_COUNT,CC-0214-2,LBAL-0214-2,RESOLVED,2026-09-25T23:59:59-06:00,2026-09-26T08:00:00-06:00,2026-06-29T00:00:00-06:00,,1,,false,ACTIVE,EA,,VALID,CURRENT,coolit-synthetic-v2.0.0,ALL_SYNTHETIC_CUSTOMERS,ALL_SYNTHETIC_PROGRAMS,P-COMP-172,SYNTHETIC_INTERNAL,SNP-COOLIT-20260925-BL,SCN-BASELINE,CC-0214-2,LBAL-0214-2,A,2026-08-15,2026-08-16,55,55,0,0,NO_VARIANCE,
TEN-COOLIT-SYN-001,SITE-COOLIT-SYN-01,WMS,CYCLE_COUNT,CC-0215-1,LBAL-0215-1,RESOLVED,2026-09-25T23:59:59-06:00,2026-09-26T08:00:00-06:00,2026-06-29T00:00:00-06:00,,1,,false,ACTIVE,EA,,VALID,CURRENT,coolit-synthetic-v2.0.0,ALL_SYNTHETIC_CUSTOMERS,ALL_SYNTHETIC_PROGRAMS,P-COMP-173,SYNTHETIC_INTERNAL,SNP-COOLIT-20260925-BL,SCN-BASELINE,CC-0215-1,LBAL-0215-1,B,2026-08-15,2026-08-16,126,126,0,0,NO_VARIANCE,
TEN-COOLIT-SYN-001,SITE-COOLIT-SYN-01,WMS,CYCLE_COUNT,CC-0215-2,LBAL-0215-2,RESOLVED,2026-09-25T23:59:59-06:00,2026-09-26T08:00:00-06:00,2026-06-29T00:00:00-06:00,,1,,false,ACTIVE,EA,,VALID,CURRENT,coolit-synthetic-v2.0.0,ALL_SYNTHETIC_CUSTOMERS,ALL_SYNTHETIC_PROGRAMS,P-COMP-173,SYNTHETIC_INTERNAL,SNP-COOLIT-20260925-BL,SCN-BASELINE,CC-0215-2,LBAL-0215-2,B,2026-08-16,2026-08-17,55,55,0,0,NO_VARIANCE,
TEN-COOLIT-SYN-001,SITE-COOLIT-SYN-01,WMS,CYCLE_COUNT,CC-0216-1,LBAL-0216-1,RESOLVED,2026-09-25T23:59:59-06:00,2026-09-26T08:00:00-06:00,2026-06-29T00:00:00-06:00,,1,,false,ACTIVE,EA,,VALID,CURRENT,coolit-synthetic-v2.0.0,ALL_SYNTHETIC_CUSTOMERS,ALL_SYNTHETIC_PROGRAMS,P-COMP-174,SYNTHETIC_INTERNAL,SNP-COOLIT-20260925-BL,SCN-BASELINE,CC-0216-1,LBAL-0216-1,C,2026-08-16,2026-08-17,127,127,0,0,NO_VARIANCE,
TEN-COOLIT-SYN-001,SITE-COOLIT-SYN-01,WMS,CYCLE_COUNT,CC-0216-2,LBAL-0216-2,RESOLVED,2026-09-25T23:59:59-06:00,2026-09-26T08:00:00-06:00,2026-06-29T00:00:00-06:00,,1,,false,ACTIVE,EA,,VALID,CURRENT,coolit-synthetic-v2.0.0,ALL_SYNTHETIC_CUSTOMERS,ALL_SYNTHETIC_PROGRAMS,P-COMP-174,SYNTHETIC_INTERNAL,SNP-COOLIT-20260925-BL,SCN-BASELINE,CC-0216-2,LBAL-0216-2,C,2026-08-17,2026-08-18,55,55,0,0,NO_VARIANCE,
TEN-COOLIT-SYN-001,SITE-COOLIT-SYN-01,WMS,CYCLE_COUNT,CC-0217-1,LBAL-0217-1,RESOLVED,2026-09-25T23:59:59-06:00,2026-09-26T08:00:00-06:00,2026-06-29T00:00:00-06:00,,1,,false,ACTIVE,EA,,VALID,CURRENT,coolit-synthetic-v2.0.0,ALL_SYNTHETIC_CUSTOMERS,ALL_SYNTHETIC_PROGRAMS,P-COMP-175,SYNTHETIC_INTERNAL,SNP-COOLIT-20260925-BL,SCN-BASELINE,CC-0217-1,LBAL-0217-1,A,2026-08-17,2026-08-18,128,128,0,0,NO_VARIANCE,
TEN-COOLIT-SYN-001,SITE-COOLIT-SYN-01,WMS,CYCLE_COUNT,CC-0217-2,LBAL-0217-2,RESOLVED,2026-09-25T23:59:59-06:00,2026-09-26T08:00:00-06:00,2026-06-29T00:00:00-06:00,,1,,false,ACTIVE,EA,,VALID,CURRENT,coolit-synthetic-v2.0.0,ALL_SYNTHETIC_CUSTOMERS,ALL_SYNTHETIC_PROGRAMS,P-COMP-175,SYNTHETIC_INTERNAL,SNP-COOLIT-20260925-BL,SCN-BASELINE,CC-0217-2,LBAL-0217-2,A,2026-08-18,2026-08-19,55,55,0,0,NO_VARIANCE,
TEN-COOLIT-SYN-001,SITE-COOLIT-SYN-01,WMS,CYCLE_COUNT,CC-0218-1,LBAL-0218-1,RESOLVED,2026-09-25T23:59:59-06:00,2026-09-26T08:00:00-06:00,2026-06-29T00:00:00-06:00,,1,,false,ACTIVE,EA,,VALID,CURRENT,coolit-synthetic-v2.0.0,ALL_SYNTHETIC_CUSTOMERS,ALL_SYNTHETIC_PROGRAMS,P-COMP-176,SYNTHETIC_INTERNAL,SNP-COOLIT-20260925-BL,SCN-BASELINE,CC-0218-1,LBAL-0218-1,B,2026-08-18,2026-08-19,128,128,0,0,NO_VARIANCE,
TEN-COOLIT-SYN-001,SITE-COOLIT-SYN-01,WMS,CYCLE_COUNT,CC-0218-2,LBAL-0218-2,RESOLVED,2026-09-25T23:59:59-06:00,2026-09-26T08:00:00-06:00,2026-06-29T00:00:00-06:00,,1,,false,ACTIVE,EA,,VALID,CURRENT,coolit-synthetic-v2.0.0,ALL_SYNTHETIC_CUSTOMERS,ALL_SYNTHETIC_PROGRAMS,P-COMP-176,SYNTHETIC_INTERNAL,SNP-COOLIT-20260925-BL,SCN-BASELINE,CC-0218-2,LBAL-0218-2,B,2026-08-19,2026-08-20,56,56,0,0,NO_VARIANCE,
TEN-COOLIT-SYN-001,SITE-COOLIT-SYN-01,WMS,CYCLE_COUNT,CC-0219-1,LBAL-0219-1,RESOLVED,2026-09-25T23:59:59-06:00,2026-09-26T08:00:00-06:00,2026-06-29T00:00:00-06:00,,1,,false,ACTIVE,EA,,VALID,CURRENT,coolit-synthetic-v2.0.0,ALL_SYNTHETIC_CUSTOMERS,ALL_SYNTHETIC_PROGRAMS,P-COMP-177,SYNTHETIC_INTERNAL,SNP-COOLIT-20260925-BL,SCN-BASELINE,CC-0219-1,LBAL-0219-1,C,2026-08-19,2026-08-20,129,129,0,0,NO_VARIANCE,
TEN-COOLIT-SYN-001,SITE-COOLIT-SYN-01,WMS,CYCLE_COUNT,CC-0219-2,LBAL-0219-2,RESOLVED,2026-09-25T23:59:59-06:00,2026-09-26T08:00:00-06:00,2026-06-29T00:00:00-06:00,,1,,false,ACTIVE,EA,,VALID,CURRENT,coolit-synthetic-v2.0.0,ALL_SYNTHETIC_CUSTOMERS,ALL_SYNTHETIC_PROGRAMS,P-COMP-177,SYNTHETIC_INTERNAL,SNP-COOLIT-20260925-BL,SCN-BASELINE,CC-0219-2,LBAL-0219-2,C,2026-08-20,2026-08-21,56,56,0,0,NO_VARIANCE,
TEN-COOLIT-SYN-001,SITE-COOLIT-SYN-01,WMS,CYCLE_COUNT,CC-0220-1,LBAL-0220-1,RESOLVED,2026-09-25T23:59:59-06:00,2026-09-26T08:00:00-06:00,2026-06-29T00:00:00-06:00,,1,,false,ACTIVE,EA,,VALID,CURRENT,coolit-synthetic-v2.0.0,ALL_SYNTHETIC_CUSTOMERS,ALL_SYNTHETIC_PROGRAMS,P-COMP-178,SYNTHETIC_INTERNAL,SNP-COOLIT-20260925-BL,SCN-BASELINE,CC-0220-1,LBAL-0220-1,A,2026-08-20,2026-08-21,130,130,0,0,NO_VARIANCE,
TEN-COOLIT-SYN-001,SITE-COOLIT-SYN-01,WMS,CYCLE_COUNT,CC-0220-2,LBAL-0220-2,RESOLVED,2026-09-25T23:59:59-06:00,2026-09-26T08:00:00-06:00,2026-06-29T00:00:00-06:00,,1,,false,ACTIVE,EA,,VALID,CURRENT,coolit-synthetic-v2.0.0,ALL_SYNTHETIC_CUSTOMERS,ALL_SYNTHETIC_PROGRAMS,P-COMP-178,SYNTHETIC_INTERNAL,SNP-COOLIT-20260925-BL,SCN-BASELINE,CC-0220-2,LBAL-0220-2,A,2026-08-21,2026-08-22,56,56,0,0,NO_VARIANCE,
TEN-COOLIT-SYN-001,SITE-COOLIT-SYN-01,WMS,CYCLE_COUNT,CC-0221-1,LBAL-0221-1,RESOLVED,2026-09-25T23:59:59-06:00,2026-09-26T08:00:00-06:00,2026-06-29T00:00:00-06:00,,1,,false,ACTIVE,EA,,VALID,CURRENT,coolit-synthetic-v2.0.0,ALL_SYNTHETIC_CUSTOMERS,ALL_SYNTHETIC_PROGRAMS,P-COMP-179,SYNTHETIC_INTERNAL,SNP-COOLIT-20260925-BL,SCN-BASELINE,CC-0221-1,LBAL-0221-1,B,2026-08-21,2026-08-22,92,92,0,0,NO_VARIANCE,
TEN-COOLIT-SYN-001,SITE-COOLIT-SYN-01,WMS,CYCLE_COUNT,CC-0221-2,LBAL-0221-2,RESOLVED,2026-09-25T23:59:59-06:00,2026-09-26T08:00:00-06:00,2026-06-29T00:00:00-06:00,,1,,false,ACTIVE,EA,,VALID,CURRENT,coolit-synthetic-v2.0.0,ALL_SYNTHETIC_CUSTOMERS,ALL_SYNTHETIC_PROGRAMS,P-COMP-179,SYNTHETIC_INTERNAL,SNP-COOLIT-20260925-BL,SCN-BASELINE,CC-0221-2,LBAL-0221-2,B,2026-08-22,2026-08-23,40,40,0,0,NO_VARIANCE,
TEN-COOLIT-SYN-001,SITE-COOLIT-SYN-01,WMS,CYCLE_COUNT,CC-0222-1,LBAL-0222-1,RESOLVED,2026-09-25T23:59:59-06:00,2026-09-26T08:00:00-06:00,2026-06-29T00:00:00-06:00,,1,,false,ACTIVE,EA,,VALID,CURRENT,coolit-synthetic-v2.0.0,ALL_SYNTHETIC_CUSTOMERS,ALL_SYNTHETIC_PROGRAMS,P-COMP-180,SYNTHETIC_INTERNAL,SNP-COOLIT-20260925-BL,SCN-BASELINE,CC-0222-1,LBAL-0222-1,C,2026-08-22,2026-08-23,91,91,0,0,NO_VARIANCE,
TEN-COOLIT-SYN-001,SITE-COOLIT-SYN-01,WMS,CYCLE_COUNT,CC-0222-2,LBAL-0222-2,RESOLVED,2026-09-25T23:59:59-06:00,2026-09-26T08:00:00-06:00,2026-06-29T00:00:00-06:00,,1,,false,ACTIVE,EA,,VALID,CURRENT,coolit-synthetic-v2.0.0,ALL_SYNTHETIC_CUSTOMERS,ALL_SYNTHETIC_PROGRAMS,P-COMP-180,SYNTHETIC_INTERNAL,SNP-COOLIT-20260925-BL,SCN-BASELINE,CC-0222-2,LBAL-0222-2,C,2026-08-23,2026-08-24,40,40,0,0,NO_VARIANCE,
TEN-COOLIT-SYN-001,SITE-COOLIT-SYN-01,WMS,CYCLE_COUNT,CC-0223-1,LBAL-0223-1,RESOLVED,2026-09-25T23:59:59-06:00,2026-09-26T08:00:00-06:00,2026-06-29T00:00:00-06:00,,1,,false,ACTIVE,EA,,VALID,CURRENT,coolit-synthetic-v2.0.0,ALL_SYNTHETIC_CUSTOMERS,ALL_SYNTHETIC_PROGRAMS,P-COMP-181,SYNTHETIC_INTERNAL,SNP-COOLIT-20260925-BL,SCN-BASELINE,CC-0223-1,LBAL-0223-1,A,2026-08-23,2026-08-24,93,93,0,0,NO_VARIANCE,
TEN-COOLIT-SYN-001,SITE-COOLIT-SYN-01,WMS,CYCLE_COUNT,CC-0223-2,LBAL-0223-2,RESOLVED,2026-09-25T23:59:59-06:00,2026-09-26T08:00:00-06:00,2026-06-29T00:00:00-06:00,,1,,false,ACTIVE,EA,,VALID,CURRENT,coolit-synthetic-v2.0.0,ALL_SYNTHETIC_CUSTOMERS,ALL_SYNTHETIC_PROGRAMS,P-COMP-181,SYNTHETIC_INTERNAL,SNP-COOLIT-20260925-BL,SCN-BASELINE,CC-0223-2,LBAL-0223-2,A,2026-08-24,2026-08-25,41,41,0,0,NO_VARIANCE,
TEN-COOLIT-SYN-001,SITE-COOLIT-SYN-01,WMS,CYCLE_COUNT,CC-0224-1,LBAL-0224-1,RESOLVED,2026-09-25T23:59:59-06:00,2026-09-26T08:00:00-06:00,2026-06-29T00:00:00-06:00,,1,,false,ACTIVE,EA,,VALID,CURRENT,coolit-synthetic-v2.0.0,ALL_SYNTHETIC_CUSTOMERS,ALL_SYNTHETIC_PROGRAMS,P-COMP-182,SYNTHETIC_INTERNAL,SNP-COOLIT-20260925-BL,SCN-BASELINE,CC-0224-1,LBAL-0224-1,B,2026-08-24,2026-08-25,94,94,0,0,NO_VARIANCE,
TEN-COOLIT-SYN-001,SITE-COOLIT-SYN-01,WMS,CYCLE_COUNT,CC-0224-2,LBAL-0224-2,RESOLVED,2026-09-25T23:59:59-06:00,2026-09-26T08:00:00-06:00,2026-06-29T00:00:00-06:00,,1,,false,ACTIVE,EA,,VALID,CURRENT,coolit-synthetic-v2.0.0,ALL_SYNTHETIC_CUSTOMERS,ALL_SYNTHETIC_PROGRAMS,P-COMP-182,SYNTHETIC_INTERNAL,SNP-COOLIT-20260925-BL,SCN-BASELINE,CC-0224-2,LBAL-0224-2,B,2026-08-25,2026-08-26,41,41,0,0,NO_VARIANCE,
TEN-COOLIT-SYN-001,SITE-COOLIT-SYN-01,WMS,CYCLE_COUNT,CC-0225-1,LBAL-0225-1,RESOLVED,2026-09-25T23:59:59-06:00,2026-09-26T08:00:00-06:00,2026-06-29T00:00:00-06:00,,1,,false,ACTIVE,EA,,VALID,CURRENT,coolit-synthetic-v2.0.0,ALL_SYNTHETIC_CUSTOMERS,ALL_SYNTHETIC_PROGRAMS,P-COMP-183,SYNTHETIC_INTERNAL,SNP-COOLIT-20260925-BL,SCN-BASELINE,CC-0225-1,LBAL-0225-1,C,2026-08-25,2026-08-26,95,95,0,0,NO_VARIANCE,
TEN-COOLIT-SYN-001,SITE-COOLIT-SYN-01,WMS,CYCLE_COUNT,CC-0225-2,LBAL-0225-2,RESOLVED,2026-09-25T23:59:59-06:00,2026-09-26T08:00:00-06:00,2026-06-29T00:00:00-06:00,,1,,false,ACTIVE,EA,,VALID,CURRENT,coolit-synthetic-v2.0.0,ALL_SYNTHETIC_CUSTOMERS,ALL_SYNTHETIC_PROGRAMS,P-COMP-183,SYNTHETIC_INTERNAL,SNP-COOLIT-20260925-BL,SCN-BASELINE,CC-0225-2,LBAL-0225-2,C,2026-08-26,2026-08-27,41,41,0,0,NO_VARIANCE,
TEN-COOLIT-SYN-001,SITE-COOLIT-SYN-01,WMS,CYCLE_COUNT,CC-0226-1,LBAL-0226-1,RESOLVED,2026-09-25T23:59:59-06:00,2026-09-26T08:00:00-06:00,2026-06-29T00:00:00-06:00,,1,,false,ACTIVE,EA,,VALID,CURRENT,coolit-synthetic-v2.0.0,ALL_SYNTHETIC_CUSTOMERS,ALL_SYNTHETIC_PROGRAMS,P-COMP-184,SYNTHETIC_INTERNAL,SNP-COOLIT-20260925-BL,SCN-BASELINE,CC-0226-1,LBAL-0226-1,A,2026-08-26,2026-08-27,95,95,0,0,NO_VARIANCE,
TEN-COOLIT-SYN-001,SITE-COOLIT-SYN-01,WMS,CYCLE_COUNT,CC-0226-2,LBAL-0226-2,RESOLVED,2026-09-25T23:59:59-06:00,2026-09-26T08:00:00-06:00,2026-06-29T00:00:00-06:00,,1,,false,ACTIVE,EA,,VALID,CURRENT,coolit-synthetic-v2.0.0,ALL_SYNTHETIC_CUSTOMERS,ALL_SYNTHETIC_PROGRAMS,P-COMP-184,SYNTHETIC_INTERNAL,SNP-COOLIT-20260925-BL,SCN-BASELINE,CC-0226-2,LBAL-0226-2,A,2026-08-27,2026-08-28,42,42,0,0,NO_VARIANCE,
TEN-COOLIT-SYN-001,SITE-COOLIT-SYN-01,WMS,CYCLE_COUNT,CC-0227-1,LBAL-0227-1,RESOLVED,2026-09-25T23:59:59-06:00,2026-09-26T08:00:00-06:00,2026-06-29T00:00:00-06:00,,1,,false,ACTIVE,EA,,VALID,CURRENT,coolit-synthetic-v2.0.0,ALL_SYNTHETIC_CUSTOMERS,ALL_SYNTHETIC_PROGRAMS,P-COMP-185,SYNTHETIC_INTERNAL,SNP-COOLIT-20260925-BL,SCN-BASELINE,CC-0227-1,LBAL-0227-1,B,2026-08-27,2026-08-28,96,96,0,0,NO_VARIANCE,
TEN-COOLIT-SYN-001,SITE-COOLIT-SYN-01,WMS,CYCLE_COUNT,CC-0227-2,LBAL-0227-2,RESOLVED,2026-09-25T23:59:59-06:00,2026-09-26T08:00:00-06:00,2026-06-29T00:00:00-06:00,,1,,false,ACTIVE,EA,,VALID,CURRENT,coolit-synthetic-v2.0.0,ALL_SYNTHETIC_CUSTOMERS,ALL_SYNTHETIC_PROGRAMS,P-COMP-185,SYNTHETIC_INTERNAL,SNP-COOLIT-20260925-BL,SCN-BASELINE,CC-0227-2,LBAL-0227-2,B,2026-08-28,2026-08-29,42,42,0,0,NO_VARIANCE,
TEN-COOLIT-SYN-001,SITE-COOLIT-SYN-01,WMS,CYCLE_COUNT,CC-0228-1,LBAL-0228-1,RESOLVED,2026-09-25T23:59:59-06:00,2026-09-26T08:00:00-06:00,2026-06-29T00:00:00-06:00,,1,,false,ACTIVE,EA,,VALID,CURRENT,coolit-synthetic-v2.0.0,ALL_SYNTHETIC_CUSTOMERS,ALL_SYNTHETIC_PROGRAMS,P-COMP-186,SYNTHETIC_INTERNAL,SNP-COOLIT-20260925-BL,SCN-BASELINE,CC-0228-1,LBAL-0228-1,C,2026-08-28,2026-08-29,97,97,0,0,NO_VARIANCE,
TEN-COOLIT-SYN-001,SITE-COOLIT-SYN-01,WMS,CYCLE_COUNT,CC-0228-2,LBAL-0228-2,RESOLVED,2026-09-25T23:59:59-06:00,2026-09-26T08:00:00-06:00,2026-06-29T00:00:00-06:00,,1,,false,ACTIVE,EA,,VALID,CURRENT,coolit-synthetic-v2.0.0,ALL_SYNTHETIC_CUSTOMERS,ALL_SYNTHETIC_PROGRAMS,P-COMP-186,SYNTHETIC_INTERNAL,SNP-COOLIT-20260925-BL,SCN-BASELINE,CC-0228-2,LBAL-0228-2,C,2026-08-29,2026-08-30,42,42,0,0,NO_VARIANCE,
TEN-COOLIT-SYN-001,SITE-COOLIT-SYN-01,WMS,CYCLE_COUNT,CC-0229-1,LBAL-0229-1,RESOLVED,2026-09-25T23:59:59-06:00,2026-09-26T08:00:00-06:00,2026-06-29T00:00:00-06:00,,1,,false,ACTIVE,EA,,VALID,CURRENT,coolit-synthetic-v2.0.0,ALL_SYNTHETIC_CUSTOMERS,ALL_SYNTHETIC_PROGRAMS,P-COMP-187,SYNTHETIC_INTERNAL,SNP-COOLIT-20260925-BL,SCN-BASELINE,CC-0229-1,LBAL-0229-1,A,2026-08-29,2026-08-30,98,98,0,0,NO_VARIANCE,
TEN-COOLIT-SYN-001,SITE-COOLIT-SYN-01,WMS,CYCLE_COUNT,CC-0229-2,LBAL-0229-2,RESOLVED,2026-09-25T23:59:59-06:00,2026-09-26T08:00:00-06:00,2026-06-29T00:00:00-06:00,,1,,false,ACTIVE,EA,,VALID,CURRENT,coolit-synthetic-v2.0.0,ALL_SYNTHETIC_CUSTOMERS,ALL_SYNTHETIC_PROGRAMS,P-COMP-187,SYNTHETIC_INTERNAL,SNP-COOLIT-20260925-BL,SCN-BASELINE,CC-0229-2,LBAL-0229-2,A,2026-08-30,2026-08-31,43,43,0,0,NO_VARIANCE,
TEN-COOLIT-SYN-001,SITE-COOLIT-SYN-01,WMS,CYCLE_COUNT,CC-0230-1,LBAL-0230-1,RESOLVED,2026-09-25T23:59:59-06:00,2026-09-26T08:00:00-06:00,2026-06-29T00:00:00-06:00,,1,,false,ACTIVE,EA,,VALID,CURRENT,coolit-synthetic-v2.0.0,ALL_SYNTHETIC_CUSTOMERS,ALL_SYNTHETIC_PROGRAMS,P-COMP-188,SYNTHETIC_INTERNAL,SNP-COOLIT-20260925-BL,SCN-BASELINE,CC-0230-1,LBAL-0230-1,B,2026-08-30,2026-08-31,98,98,0,0,NO_VARIANCE,
TEN-COOLIT-SYN-001,SITE-COOLIT-SYN-01,WMS,CYCLE_COUNT,CC-0230-2,LBAL-0230-2,RESOLVED,2026-09-25T23:59:59-06:00,2026-09-26T08:00:00-06:00,2026-06-29T00:00:00-06:00,,1,,false,ACTIVE,EA,,VALID,CURRENT,coolit-synthetic-v2.0.0,ALL_SYNTHETIC_CUSTOMERS,ALL_SYNTHETIC_PROGRAMS,P-COMP-188,SYNTHETIC_INTERNAL,SNP-COOLIT-20260925-BL,SCN-BASELINE,CC-0230-2,LBAL-0230-2,B,2026-08-31,2026-09-01,43,43,0,0,NO_VARIANCE,
TEN-COOLIT-SYN-001,SITE-COOLIT-SYN-01,WMS,CYCLE_COUNT,CC-0231-1,LBAL-0231-1,RESOLVED,2026-09-25T23:59:59-06:00,2026-09-26T08:00:00-06:00,2026-06-29T00:00:00-06:00,,1,,false,ACTIVE,EA,,VALID,CURRENT,coolit-synthetic-v2.0.0,ALL_SYNTHETIC_CUSTOMERS,ALL_SYNTHETIC_PROGRAMS,P-COMP-189,SYNTHETIC_INTERNAL,SNP-COOLIT-20260925-BL,SCN-BASELINE,CC-0231-1,LBAL-0231-1,C,2026-08-31,2026-09-01,99,99,0,0,NO_VARIANCE,
TEN-COOLIT-SYN-001,SITE-COOLIT-SYN-01,WMS,CYCLE_COUNT,CC-0231-2,LBAL-0231-2,RESOLVED,2026-09-25T23:59:59-06:00,2026-09-26T08:00:00-06:00,2026-06-29T00:00:00-06:00,,1,,false,ACTIVE,EA,,VALID,CURRENT,coolit-synthetic-v2.0.0,ALL_SYNTHETIC_CUSTOMERS,ALL_SYNTHETIC_PROGRAMS,P-COMP-189,SYNTHETIC_INTERNAL,SNP-COOLIT-20260925-BL,SCN-BASELINE,CC-0231-2,LBAL-0231-2,C,2026-09-01,2026-09-02,43,43,0,0,NO_VARIANCE,
TEN-COOLIT-SYN-001,SITE-COOLIT-SYN-01,WMS,CYCLE_COUNT,CC-0232-1,LBAL-0232-1,RESOLVED,2026-09-25T23:59:59-06:00,2026-09-26T08:00:00-06:00,2026-06-29T00:00:00-06:00,,1,,false,ACTIVE,EA,,VALID,CURRENT,coolit-synthetic-v2.0.0,ALL_SYNTHETIC_CUSTOMERS,ALL_SYNTHETIC_PROGRAMS,P-COMP-190,SYNTHETIC_INTERNAL,SNP-COOLIT-20260925-BL,SCN-BASELINE,CC-0232-1,LBAL-0232-1,A,2026-09-01,2026-09-02,100,100,0,0,NO_VARIANCE,
TEN-COOLIT-SYN-001,SITE-COOLIT-SYN-01,WMS,CYCLE_COUNT,CC-0232-2,LBAL-0232-2,RESOLVED,2026-09-25T23:59:59-06:00,2026-09-26T08:00:00-06:00,2026-06-29T00:00:00-06:00,,1,,false,ACTIVE,EA,,VALID,CURRENT,coolit-synthetic-v2.0.0,ALL_SYNTHETIC_CUSTOMERS,ALL_SYNTHETIC_PROGRAMS,P-COMP-190,SYNTHETIC_INTERNAL,SNP-COOLIT-20260925-BL,SCN-BASELINE,CC-0232-2,LBAL-0232-2,A,2026-09-02,2026-09-03,43,43,0,0,NO_VARIANCE,
TEN-COOLIT-SYN-001,SITE-COOLIT-SYN-01,WMS,CYCLE_COUNT,CC-0233-1,LBAL-0233-1,RESOLVED,2026-09-25T23:59:59-06:00,2026-09-26T08:00:00-06:00,2026-06-29T00:00:00-06:00,,1,,false,ACTIVE,EA,,VALID,CURRENT,coolit-synthetic-v2.0.0,ALL_SYNTHETIC_CUSTOMERS,ALL_SYNTHETIC_PROGRAMS,P-COMP-191,SYNTHETIC_INTERNAL,SNP-COOLIT-20260925-BL,SCN-BASELINE,CC-0233-1,LBAL-0233-1,B,2026-09-02,2026-09-03,100,100,0,0,NO_VARIANCE,
TEN-COOLIT-SYN-001,SITE-COOLIT-SYN-01,WMS,CYCLE_COUNT,CC-0233-2,LBAL-0233-2,RESOLVED,2026-09-25T23:59:59-06:00,2026-09-26T08:00:00-06:00,2026-06-29T00:00:00-06:00,,1,,false,ACTIVE,EA,,VALID,CURRENT,coolit-synthetic-v2.0.0,ALL_SYNTHETIC_CUSTOMERS,ALL_SYNTHETIC_PROGRAMS,P-COMP-191,SYNTHETIC_INTERNAL,SNP-COOLIT-20260925-BL,SCN-BASELINE,CC-0233-2,LBAL-0233-2,B,2026-09-03,2026-09-04,44,44,0,0,NO_VARIANCE,
TEN-COOLIT-SYN-001,SITE-COOLIT-SYN-01,WMS,CYCLE_COUNT,CC-0234-1,LBAL-0234-1,RESOLVED,2026-09-25T23:59:59-06:00,2026-09-26T08:00:00-06:00,2026-06-29T00:00:00-06:00,,1,,false,ACTIVE,EA,,VALID,CURRENT,coolit-synthetic-v2.0.0,ALL_SYNTHETIC_CUSTOMERS,ALL_SYNTHETIC_PROGRAMS,P-COMP-192,SYNTHETIC_INTERNAL,SNP-COOLIT-20260925-BL,SCN-BASELINE,CC-0234-1,LBAL-0234-1,C,2026-09-03,2026-09-04,101,101,0,0,NO_VARIANCE,
TEN-COOLIT-SYN-001,SITE-COOLIT-SYN-01,WMS,CYCLE_COUNT,CC-0234-2,LBAL-0234-2,RESOLVED,2026-09-25T23:59:59-06:00,2026-09-26T08:00:00-06:00,2026-06-29T00:00:00-06:00,,1,,false,ACTIVE,EA,,VALID,CURRENT,coolit-synthetic-v2.0.0,ALL_SYNTHETIC_CUSTOMERS,ALL_SYNTHETIC_PROGRAMS,P-COMP-192,SYNTHETIC_INTERNAL,SNP-COOLIT-20260925-BL,SCN-BASELINE,CC-0234-2,LBAL-0234-2,C,2026-09-04,2026-09-05,44,44,0,0,NO_VARIANCE,
TEN-COOLIT-SYN-001,SITE-COOLIT-SYN-01,WMS,CYCLE_COUNT,CC-0235-1,LBAL-0235-1,RESOLVED,2026-09-25T23:59:59-06:00,2026-09-26T08:00:00-06:00,2026-06-29T00:00:00-06:00,,1,,false,ACTIVE,EA,,VALID,CURRENT,coolit-synthetic-v2.0.0,ALL_SYNTHETIC_CUSTOMERS,ALL_SYNTHETIC_PROGRAMS,P-COMP-193,SYNTHETIC_INTERNAL,SNP-COOLIT-20260925-BL,SCN-BASELINE,CC-0235-1,LBAL-0235-1,A,2026-09-04,2026-09-05,102,102,0,0,NO_VARIANCE,
TEN-COOLIT-SYN-001,SITE-COOLIT-SYN-01,WMS,CYCLE_COUNT,CC-0235-2,LBAL-0235-2,RESOLVED,2026-09-25T23:59:59-06:00,2026-09-26T08:00:00-06:00,2026-06-29T00:00:00-06:00,,1,,false,ACTIVE,EA,,VALID,CURRENT,coolit-synthetic-v2.0.0,ALL_SYNTHETIC_CUSTOMERS,ALL_SYNTHETIC_PROGRAMS,P-COMP-193,SYNTHETIC_INTERNAL,SNP-COOLIT-20260925-BL,SCN-BASELINE,CC-0235-2,LBAL-0235-2,A,2026-09-05,2026-09-06,44,44,0,0,NO_VARIANCE,
TEN-COOLIT-SYN-001,SITE-COOLIT-SYN-01,WMS,CYCLE_COUNT,CC-0236-1,LBAL-0236-1,RESOLVED,2026-09-25T23:59:59-06:00,2026-09-26T08:00:00-06:00,2026-06-29T00:00:00-06:00,,1,,false,ACTIVE,EA,,VALID,CURRENT,coolit-synthetic-v2.0.0,ALL_SYNTHETIC_CUSTOMERS,ALL_SYNTHETIC_PROGRAMS,P-COMP-194,SYNTHETIC_INTERNAL,SNP-COOLIT-20260925-BL,SCN-BASELINE,CC-0236-1,LBAL-0236-1,B,2026-09-05,2026-09-06,102,102,0,0,NO_VARIANCE,
TEN-COOLIT-SYN-001,SITE-COOLIT-SYN-01,WMS,CYCLE_COUNT,CC-0236-2,LBAL-0236-2,RESOLVED,2026-09-25T23:59:59-06:00,2026-09-26T08:00:00-06:00,2026-06-29T00:00:00-06:00,,1,,false,ACTIVE,EA,,VALID,CURRENT,coolit-synthetic-v2.0.0,ALL_SYNTHETIC_CUSTOMERS,ALL_SYNTHETIC_PROGRAMS,P-COMP-194,SYNTHETIC_INTERNAL,SNP-COOLIT-20260925-BL,SCN-BASELINE,CC-0236-2,LBAL-0236-2,B,2026-09-06,2026-09-07,45,45,0,0,NO_VARIANCE,
TEN-COOLIT-SYN-001,SITE-COOLIT-SYN-01,WMS,CYCLE_COUNT,CC-0237-1,LBAL-0237-1,RESOLVED,2026-09-25T23:59:59-06:00,2026-09-26T08:00:00-06:00,2026-06-29T00:00:00-06:00,,1,,false,ACTIVE,EA,,VALID,CURRENT,coolit-synthetic-v2.0.0,ALL_SYNTHETIC_CUSTOMERS,ALL_SYNTHETIC_PROGRAMS,P-COMP-195,SYNTHETIC_INTERNAL,SNP-COOLIT-20260925-BL,SCN-BASELINE,CC-0237-1,LBAL-0237-1,C,2026-09-06,2026-09-07,103,103,0,0,NO_VARIANCE,
TEN-COOLIT-SYN-001,SITE-COOLIT-SYN-01,WMS,CYCLE_COUNT,CC-0237-2,LBAL-0237-2,RESOLVED,2026-09-25T23:59:59-06:00,2026-09-26T08:00:00-06:00,2026-06-29T00:00:00-06:00,,1,,false,ACTIVE,EA,,VALID,CURRENT,coolit-synthetic-v2.0.0,ALL_SYNTHETIC_CUSTOMERS,ALL_SYNTHETIC_PROGRAMS,P-COMP-195,SYNTHETIC_INTERNAL,SNP-COOLIT-20260925-BL,SCN-BASELINE,CC-0237-2,LBAL-0237-2,C,2026-09-07,2026-09-08,45,45,0,0,NO_VARIANCE,
TEN-COOLIT-SYN-001,SITE-COOLIT-SYN-01,WMS,CYCLE_COUNT,CC-0238-1,LBAL-0238-1,RESOLVED,2026-09-25T23:59:59-06:00,2026-09-26T08:00:00-06:00,2026-06-29T00:00:00-06:00,,1,,false,ACTIVE,EA,,VALID,CURRENT,coolit-synthetic-v2.0.0,ALL_SYNTHETIC_CUSTOMERS,ALL_SYNTHETIC_PROGRAMS,P-COMP-196,SYNTHETIC_INTERNAL,SNP-COOLIT-20260925-BL,SCN-BASELINE,CC-0238-1,LBAL-0238-1,A,2026-09-07,2026-09-08,104,104,0,0,NO_VARIANCE,
TEN-COOLIT-SYN-001,SITE-COOLIT-SYN-01,WMS,CYCLE_COUNT,CC-0238-2,LBAL-0238-2,RESOLVED,2026-09-25T23:59:59-06:00,2026-09-26T08:00:00-06:00,2026-06-29T00:00:00-06:00,,1,,false,ACTIVE,EA,,VALID,CURRENT,coolit-synthetic-v2.0.0,ALL_SYNTHETIC_CUSTOMERS,ALL_SYNTHETIC_PROGRAMS,P-COMP-196,SYNTHETIC_INTERNAL,SNP-COOLIT-20260925-BL,SCN-BASELINE,CC-0238-2,LBAL-0238-2,A,2026-09-08,2026-09-09,45,45,0,0,NO_VARIANCE,
TEN-COOLIT-SYN-001,SITE-COOLIT-SYN-01,WMS,CYCLE_COUNT,CC-0239-1,LBAL-0239-1,RESOLVED,2026-09-25T23:59:59-06:00,2026-09-26T08:00:00-06:00,2026-06-29T00:00:00-06:00,,1,,false,ACTIVE,EA,,VALID,CURRENT,coolit-synthetic-v2.0.0,ALL_SYNTHETIC_CUSTOMERS,ALL_SYNTHETIC_PROGRAMS,P-COMP-197,SYNTHETIC_INTERNAL,SNP-COOLIT-20260925-BL,SCN-BASELINE,CC-0239-1,LBAL-0239-1,B,2026-09-08,2026-09-09,103,103,0,0,NO_VARIANCE,
TEN-COOLIT-SYN-001,SITE-COOLIT-SYN-01,WMS,CYCLE_COUNT,CC-0239-2,LBAL-0239-2,RESOLVED,2026-09-25T23:59:59-06:00,2026-09-26T08:00:00-06:00,2026-06-29T00:00:00-06:00,,1,,false,ACTIVE,EA,,VALID,CURRENT,coolit-synthetic-v2.0.0,ALL_SYNTHETIC_CUSTOMERS,ALL_SYNTHETIC_PROGRAMS,P-COMP-197,SYNTHETIC_INTERNAL,SNP-COOLIT-20260925-BL,SCN-BASELINE,CC-0239-2,LBAL-0239-2,B,2026-09-09,2026-09-10,45,45,0,0,NO_VARIANCE,
TEN-COOLIT-SYN-001,SITE-COOLIT-SYN-01,WMS,CYCLE_COUNT,CC-0240-1,LBAL-0240-1,RESOLVED,2026-09-25T23:59:59-06:00,2026-09-26T08:00:00-06:00,2026-06-29T00:00:00-06:00,,1,,false,ACTIVE,EA,,VALID,CURRENT,coolit-synthetic-v2.0.0,ALL_SYNTHETIC_CUSTOMERS,ALL_SYNTHETIC_PROGRAMS,P-COMP-198,SYNTHETIC_INTERNAL,SNP-COOLIT-20260925-BL,SCN-BASELINE,CC-0240-1,LBAL-0240-1,C,2026-09-09,2026-09-10,105,105,0,0,NO_VARIANCE,
TEN-COOLIT-SYN-001,SITE-COOLIT-SYN-01,WMS,CYCLE_COUNT,CC-0240-2,LBAL-0240-2,RESOLVED,2026-09-25T23:59:59-06:00,2026-09-26T08:00:00-06:00,2026-06-29T00:00:00-06:00,,1,,false,ACTIVE,EA,,VALID,CURRENT,coolit-synthetic-v2.0.0,ALL_SYNTHETIC_CUSTOMERS,ALL_SYNTHETIC_PROGRAMS,P-COMP-198,SYNTHETIC_INTERNAL,SNP-COOLIT-20260925-BL,SCN-BASELINE,CC-0240-2,LBAL-0240-2,C,2026-09-10,2026-09-11,46,46,0,0,NO_VARIANCE,
TEN-COOLIT-SYN-001,SITE-COOLIT-SYN-01,WMS,CYCLE_COUNT,CC-0241-1,LBAL-0241-1,RESOLVED,2026-09-25T23:59:59-06:00,2026-09-26T08:00:00-06:00,2026-06-29T00:00:00-06:00,,1,,false,ACTIVE,EA,,VALID,CURRENT,coolit-synthetic-v2.0.0,ALL_SYNTHETIC_CUSTOMERS,ALL_SYNTHETIC_PROGRAMS,P-COMP-199,SYNTHETIC_INTERNAL,SNP-COOLIT-20260925-BL,SCN-BASELINE,CC-0241-1,LBAL-0241-1,A,2026-09-10,2026-09-11,106,106,0,0,NO_VARIANCE,
TEN-COOLIT-SYN-001,SITE-COOLIT-SYN-01,WMS,CYCLE_COUNT,CC-0241-2,LBAL-0241-2,RESOLVED,2026-09-25T23:59:59-06:00,2026-09-26T08:00:00-06:00,2026-06-29T00:00:00-06:00,,1,,false,ACTIVE,EA,,VALID,CURRENT,coolit-synthetic-v2.0.0,ALL_SYNTHETIC_CUSTOMERS,ALL_SYNTHETIC_PROGRAMS,P-COMP-199,SYNTHETIC_INTERNAL,SNP-COOLIT-20260925-BL,SCN-BASELINE,CC-0241-2,LBAL-0241-2,A,2026-09-11,2026-09-12,46,46,0,0,NO_VARIANCE,
TEN-COOLIT-SYN-001,SITE-COOLIT-SYN-01,WMS,CYCLE_COUNT,CC-0242-1,LBAL-0242-1,RESOLVED,2026-09-25T23:59:59-06:00,2026-09-26T08:00:00-06:00,2026-06-29T00:00:00-06:00,,1,,false,ACTIVE,EA,,VALID,CURRENT,coolit-synthetic-v2.0.0,ALL_SYNTHETIC_CUSTOMERS,ALL_SYNTHETIC_PROGRAMS,P-COMP-200,SYNTHETIC_INTERNAL,SNP-COOLIT-20260925-BL,SCN-BASELINE,CC-0242-1,LBAL-0242-1,B,2026-09-11,2026-09-12,107,107,0,0,NO_VARIANCE,
TEN-COOLIT-SYN-001,SITE-COOLIT-SYN-01,WMS,CYCLE_COUNT,CC-0242-2,LBAL-0242-2,RESOLVED,2026-09-25T23:59:59-06:00,2026-09-26T08:00:00-06:00,2026-06-29T00:00:00-06:00,,1,,false,ACTIVE,EA,,VALID,CURRENT,coolit-synthetic-v2.0.0,ALL_SYNTHETIC_CUSTOMERS,ALL_SYNTHETIC_PROGRAMS,P-COMP-200,SYNTHETIC_INTERNAL,SNP-COOLIT-20260925-BL,SCN-BASELINE,CC-0242-2,LBAL-0242-2,B,2026-09-12,2026-09-13,46,46,0,0,NO_VARIANCE,
TEN-COOLIT-SYN-001,SITE-COOLIT-SYN-01,WMS,CYCLE_COUNT,CC-0243-1,LBAL-0243-1,RESOLVED,2026-09-25T23:59:59-06:00,2026-09-26T08:00:00-06:00,2026-06-29T00:00:00-06:00,,1,,false,ACTIVE,EA,,VALID,CURRENT,coolit-synthetic-v2.0.0,ALL_SYNTHETIC_CUSTOMERS,ALL_SYNTHETIC_PROGRAMS,P-COMP-201,SYNTHETIC_INTERNAL,SNP-COOLIT-20260925-BL,SCN-BASELINE,CC-0243-1,LBAL-0243-1,C,2026-09-12,2026-09-13,107,107,0,0,NO_VARIANCE,
TEN-COOLIT-SYN-001,SITE-COOLIT-SYN-01,WMS,CYCLE_COUNT,CC-0243-2,LBAL-0243-2,RESOLVED,2026-09-25T23:59:59-06:00,2026-09-26T08:00:00-06:00,2026-06-29T00:00:00-06:00,,1,,false,ACTIVE,EA,,VALID,CURRENT,coolit-synthetic-v2.0.0,ALL_SYNTHETIC_CUSTOMERS,ALL_SYNTHETIC_PROGRAMS,P-COMP-201,SYNTHETIC_INTERNAL,SNP-COOLIT-20260925-BL,SCN-BASELINE,CC-0243-2,LBAL-0243-2,C,2026-09-13,2026-09-14,47,47,0,0,NO_VARIANCE,
TEN-COOLIT-SYN-001,SITE-COOLIT-SYN-01,WMS,CYCLE_COUNT,CC-0244-1,LBAL-0244-1,RESOLVED,2026-09-25T23:59:59-06:00,2026-09-26T08:00:00-06:00,2026-06-29T00:00:00-06:00,,1,,false,ACTIVE,EA,,VALID,CURRENT,coolit-synthetic-v2.0.0,ALL_SYNTHETIC_CUSTOMERS,ALL_SYNTHETIC_PROGRAMS,P-COMP-202,SYNTHETIC_INTERNAL,SNP-COOLIT-20260925-BL,SCN-BASELINE,CC-0244-1,LBAL-0244-1,A,2026-09-13,2026-09-14,108,108,0,0,NO_VARIANCE,
TEN-COOLIT-SYN-001,SITE-COOLIT-SYN-01,WMS,CYCLE_COUNT,CC-0244-2,LBAL-0244-2,RESOLVED,2026-09-25T23:59:59-06:00,2026-09-26T08:00:00-06:00,2026-06-29T00:00:00-06:00,,1,,false,ACTIVE,EA,,VALID,CURRENT,coolit-synthetic-v2.0.0,ALL_SYNTHETIC_CUSTOMERS,ALL_SYNTHETIC_PROGRAMS,P-COMP-202,SYNTHETIC_INTERNAL,SNP-COOLIT-20260925-BL,SCN-BASELINE,CC-0244-2,LBAL-0244-2,A,2026-09-14,2026-09-15,47,47,0,0,NO_VARIANCE,
TEN-COOLIT-SYN-001,SITE-COOLIT-SYN-01,WMS,CYCLE_COUNT,CC-0245-1,LBAL-0245-1,RESOLVED,2026-09-25T23:59:59-06:00,2026-09-26T08:00:00-06:00,2026-06-29T00:00:00-06:00,,1,,false,ACTIVE,EA,,VALID,CURRENT,coolit-synthetic-v2.0.0,ALL_SYNTHETIC_CUSTOMERS,ALL_SYNTHETIC_PROGRAMS,P-COMP-203,SYNTHETIC_INTERNAL,SNP-COOLIT-20260925-BL,SCN-BASELINE,CC-0245-1,LBAL-0245-1,B,2026-09-14,2026-09-15,109,109,0,0,NO_VARIANCE,
TEN-COOLIT-SYN-001,SITE-COOLIT-SYN-01,WMS,CYCLE_COUNT,CC-0245-2,LBAL-0245-2,RESOLVED,2026-09-25T23:59:59-06:00,2026-09-26T08:00:00-06:00,2026-06-29T00:00:00-06:00,,1,,false,ACTIVE,EA,,VALID,CURRENT,coolit-synthetic-v2.0.0,ALL_SYNTHETIC_CUSTOMERS,ALL_SYNTHETIC_PROGRAMS,P-COMP-203,SYNTHETIC_INTERNAL,SNP-COOLIT-20260925-BL,SCN-BASELINE,CC-0245-2,LBAL-0245-2,B,2026-09-15,2026-09-16,47,47,0,0,NO_VARIANCE,
TEN-COOLIT-SYN-001,SITE-COOLIT-SYN-01,WMS,CYCLE_COUNT,CC-0246-1,LBAL-0246-1,RESOLVED,2026-09-25T23:59:59-06:00,2026-09-26T08:00:00-06:00,2026-06-29T00:00:00-06:00,,1,,false,ACTIVE,EA,,VALID,CURRENT,coolit-synthetic-v2.0.0,ALL_SYNTHETIC_CUSTOMERS,ALL_SYNTHETIC_PROGRAMS,P-COMP-204,SYNTHETIC_INTERNAL,SNP-COOLIT-20260925-BL,SCN-BASELINE,CC-0246-1,LBAL-0246-1,C,2026-09-15,2026-09-16,109,109,0,0,NO_VARIANCE,
TEN-COOLIT-SYN-001,SITE-COOLIT-SYN-01,WMS,CYCLE_COUNT,CC-0246-2,LBAL-0246-2,RESOLVED,2026-09-25T23:59:59-06:00,2026-09-26T08:00:00-06:00,2026-06-29T00:00:00-06:00,,1,,false,ACTIVE,EA,,VALID,CURRENT,coolit-synthetic-v2.0.0,ALL_SYNTHETIC_CUSTOMERS,ALL_SYNTHETIC_PROGRAMS,P-COMP-204,SYNTHETIC_INTERNAL,SNP-COOLIT-20260925-BL,SCN-BASELINE,CC-0246-2,LBAL-0246-2,C,2026-09-16,2026-09-17,48,48,0,0,NO_VARIANCE,
TEN-COOLIT-SYN-001,SITE-COOLIT-SYN-01,WMS,CYCLE_COUNT,CC-0247-1,LBAL-0247-1,RESOLVED,2026-09-25T23:59:59-06:00,2026-09-26T08:00:00-06:00,2026-06-29T00:00:00-06:00,,1,,false,ACTIVE,EA,,VALID,CURRENT,coolit-synthetic-v2.0.0,ALL_SYNTHETIC_CUSTOMERS,ALL_SYNTHETIC_PROGRAMS,P-COMP-205,SYNTHETIC_INTERNAL,SNP-COOLIT-20260925-BL,SCN-BASELINE,CC-0247-1,LBAL-0247-1,A,2026-09-16,2026-09-17,139,139,0,0,NO_VARIANCE,
TEN-COOLIT-SYN-001,SITE-COOLIT-SYN-01,WMS,CYCLE_COUNT,CC-0247-2,LBAL-0247-2,RESOLVED,2026-09-25T23:59:59-06:00,2026-09-26T08:00:00-06:00,2026-06-29T00:00:00-06:00,,1,,false,ACTIVE,EA,,VALID,CURRENT,coolit-synthetic-v2.0.0,ALL_SYNTHETIC_CUSTOMERS,ALL_SYNTHETIC_PROGRAMS,P-COMP-205,SYNTHETIC_INTERNAL,SNP-COOLIT-20260925-BL,SCN-BASELINE,CC-0247-2,LBAL-0247-2,A,2026-09-17,2026-09-18,60,60,0,0,NO_VARIANCE,
TEN-COOLIT-SYN-001,SITE-COOLIT-SYN-01,WMS,CYCLE_COUNT,CC-0248-1,LBAL-0248-1,RESOLVED,2026-09-25T23:59:59-06:00,2026-09-26T08:00:00-06:00,2026-06-29T00:00:00-06:00,,1,,false,ACTIVE,EA,,VALID,CURRENT,coolit-synthetic-v2.0.0,ALL_SYNTHETIC_CUSTOMERS,ALL_SYNTHETIC_PROGRAMS,P-COMP-206,SYNTHETIC_INTERNAL,SNP-COOLIT-20260925-BL,SCN-BASELINE,CC-0248-1,LBAL-0248-1,B,2026-09-17,2026-09-18,140,140,0,0,NO_VARIANCE,
TEN-COOLIT-SYN-001,SITE-COOLIT-SYN-01,WMS,CYCLE_COUNT,CC-0248-2,LBAL-0248-2,RESOLVED,2026-09-25T23:59:59-06:00,2026-09-26T08:00:00-06:00,2026-06-29T00:00:00-06:00,,1,,false,ACTIVE,EA,,VALID,CURRENT,coolit-synthetic-v2.0.0,ALL_SYNTHETIC_CUSTOMERS,ALL_SYNTHETIC_PROGRAMS,P-COMP-206,SYNTHETIC_INTERNAL,SNP-COOLIT-20260925-BL,SCN-BASELINE,CC-0248-2,LBAL-0248-2,B,2026-09-18,2026-09-19,61,61,0,0,NO_VARIANCE,
TEN-COOLIT-SYN-001,SITE-COOLIT-SYN-01,WMS,CYCLE_COUNT,CC-0249-1,LBAL-0249-1,RESOLVED,2026-09-25T23:59:59-06:00,2026-09-26T08:00:00-06:00,2026-06-29T00:00:00-06:00,,1,,false,ACTIVE,EA,,VALID,CURRENT,coolit-synthetic-v2.0.0,ALL_SYNTHETIC_CUSTOMERS,ALL_SYNTHETIC_PROGRAMS,P-COMP-207,SYNTHETIC_INTERNAL,SNP-COOLIT-20260925-BL,SCN-BASELINE,CC-0249-1,LBAL-0249-1,C,2026-09-18,2026-09-19,140,140,0,0,NO_VARIANCE,
TEN-COOLIT-SYN-001,SITE-COOLIT-SYN-01,WMS,CYCLE_COUNT,CC-0249-2,LBAL-0249-2,RESOLVED,2026-09-25T23:59:59-06:00,2026-09-26T08:00:00-06:00,2026-06-29T00:00:00-06:00,,1,,false,ACTIVE,EA,,VALID,CURRENT,coolit-synthetic-v2.0.0,ALL_SYNTHETIC_CUSTOMERS,ALL_SYNTHETIC_PROGRAMS,P-COMP-207,SYNTHETIC_INTERNAL,SNP-COOLIT-20260925-BL,SCN-BASELINE,CC-0249-2,LBAL-0249-2,C,2026-09-19,2026-09-20,61,61,0,0,NO_VARIANCE,
TEN-COOLIT-SYN-001,SITE-COOLIT-SYN-01,WMS,CYCLE_COUNT,CC-0250-1,LBAL-0250-1,RESOLVED,2026-09-25T23:59:59-06:00,2026-09-26T08:00:00-06:00,2026-06-29T00:00:00-06:00,,1,,false,ACTIVE,EA,,VALID,CURRENT,coolit-synthetic-v2.0.0,ALL_SYNTHETIC_CUSTOMERS,ALL_SYNTHETIC_PROGRAMS,P-COMP-208,SYNTHETIC_INTERNAL,SNP-COOLIT-20260925-BL,SCN-BASELINE,CC-0250-1,LBAL-0250-1,A,2026-09-19,2026-09-20,141,141,0,0,NO_VARIANCE,
TEN-COOLIT-SYN-001,SITE-COOLIT-SYN-01,WMS,CYCLE_COUNT,CC-0250-2,LBAL-0250-2,RESOLVED,2026-09-25T23:59:59-06:00,2026-09-26T08:00:00-06:00,2026-06-29T00:00:00-06:00,,1,,false,ACTIVE,EA,,VALID,CURRENT,coolit-synthetic-v2.0.0,ALL_SYNTHETIC_CUSTOMERS,ALL_SYNTHETIC_PROGRAMS,P-COMP-208,SYNTHETIC_INTERNAL,SNP-COOLIT-20260925-BL,SCN-BASELINE,CC-0250-2,LBAL-0250-2,A,2026-08-01,2026-08-02,61,61,0,0,NO_VARIANCE,
