tenant_id,site_id,source_system,source_object,source_record_id,canonical_id,crosswalk_status,source_event_at,ingested_at,effective_from,effective_to,record_version,supersedes_source_record_id,is_deleted,semantic_status,uom,currency,data_quality_state,freshness_state,transformation_version,customer_scope,program_scope,product_scope,sensitivity_class,snapshot_id,scenario_id,inventory_transaction_id,transaction_type,part_id,signed_quantity,transaction_uom,lot_serial_id,location_id,work_order_id,purchase_order_schedule_id,shipment_id,event_time,reversal_of_transaction_id,reason_code
TEN-COOLIT-SYN-001,SITE-COOLIT-SYN-01,ERP,INVENTORY_TRANSACTION,INVTX-0001-1,INVTX-0001-1,RESOLVED,2026-07-17T10:10:00-06:00,2026-09-26T08:00:00-06:00,2026-06-29T00:00:00-06:00,,1,,false,ACTIVE,EA,,VALID,CURRENT,coolit-synthetic-v2.0.0,ALL_SYNTHETIC_CUSTOMERS,ALL_SYNTHETIC_PROGRAMS,P-FG-001,SYNTHETIC_INTERNAL,SNP-COOLIT-20260925-BL,SCN-BASELINE,INVTX-0001-1,RECEIPT,P-FG-001,6,EA,LOT-P-FG-001-A,LOC-FG,,PO-SCH-0001,,2026-07-17T10:10:00-06:00,,STANDARD_FLOW
TEN-COOLIT-SYN-001,SITE-COOLIT-SYN-01,ERP,INVENTORY_TRANSACTION,INVTX-0001-2,INVTX-0001-2,RESOLVED,2026-08-28T11:16:00-06:00,2026-09-26T08:00:00-06:00,2026-06-29T00:00:00-06:00,,1,,false,ACTIVE,EA,,VALID,CURRENT,coolit-synthetic-v2.0.0,ALL_SYNTHETIC_CUSTOMERS,ALL_SYNTHETIC_PROGRAMS,P-FG-001,SYNTHETIC_INTERNAL,SNP-COOLIT-20260925-BL,SCN-BASELINE,INVTX-0001-2,GOODS_ISSUE,P-FG-001,-4,EA,LOT-P-FG-001-A,LOC-FG,,,SHP-0001,2026-08-28T11:16:00-06:00,,STANDARD_FLOW
TEN-COOLIT-SYN-001,SITE-COOLIT-SYN-01,ERP,INVENTORY_TRANSACTION,INVTX-0001-3,INVTX-0001-3,RESOLVED,2026-09-19T12:42:00-06:00,2026-09-26T08:00:00-06:00,2026-06-29T00:00:00-06:00,,1,,false,ACTIVE,EA,,VALID,CURRENT,coolit-synthetic-v2.0.0,ALL_SYNTHETIC_CUSTOMERS,ALL_SYNTHETIC_PROGRAMS,P-FG-001,SYNTHETIC_INTERNAL,SNP-COOLIT-20260925-BL,SCN-BASELINE,INVTX-0001-3,CYCLE_COUNT_ADJUSTMENT,P-FG-001,-2,EA,LOT-P-FG-001-A,LOC-FG,,,,2026-09-19T12:42:00-06:00,,COUNT_RECONCILIATION
TEN-COOLIT-SYN-001,SITE-COOLIT-SYN-01,ERP,INVENTORY_TRANSACTION,INVTX-0002-1,INVTX-0002-1,RESOLVED,2026-07-18T10:03:00-06:00,2026-09-26T08:00:00-06:00,2026-06-29T00:00:00-06:00,,1,,false,ACTIVE,EA,,VALID,CURRENT,coolit-synthetic-v2.0.0,ALL_SYNTHETIC_CUSTOMERS,ALL_SYNTHETIC_PROGRAMS,P-FG-002,SYNTHETIC_INTERNAL,SNP-COOLIT-20260925-BL,SCN-BASELINE,INVTX-0002-1,RECEIPT,P-FG-002,7,EA,LOT-P-FG-002-A,LOC-FG,,PO-SCH-0002,,2026-07-18T10:03:00-06:00,,STANDARD_FLOW
TEN-COOLIT-SYN-001,SITE-COOLIT-SYN-01,ERP,INVENTORY_TRANSACTION,INVTX-0002-2,INVTX-0002-2,RESOLVED,2026-08-29T11:09:00-06:00,2026-09-26T08:00:00-06:00,2026-06-29T00:00:00-06:00,,1,,false,ACTIVE,EA,,VALID,CURRENT,coolit-synthetic-v2.0.0,ALL_SYNTHETIC_CUSTOMERS,ALL_SYNTHETIC_PROGRAMS,P-FG-002,SYNTHETIC_INTERNAL,SNP-COOLIT-20260925-BL,SCN-BASELINE,INVTX-0002-2,GOODS_ISSUE,P-FG-002,-5,EA,LOT-P-FG-002-A,LOC-FG,,,SHP-0002,2026-08-29T11:09:00-06:00,,STANDARD_FLOW
TEN-COOLIT-SYN-001,SITE-COOLIT-SYN-01,ERP,INVENTORY_TRANSACTION,INVTX-0002-3,INVTX-0002-3,RESOLVED,2026-09-20T12:35:00-06:00,2026-09-26T08:00:00-06:00,2026-06-29T00:00:00-06:00,,1,,false,ACTIVE,EA,,VALID,CURRENT,coolit-synthetic-v2.0.0,ALL_SYNTHETIC_CUSTOMERS,ALL_SYNTHETIC_PROGRAMS,P-FG-002,SYNTHETIC_INTERNAL,SNP-COOLIT-20260925-BL,SCN-BASELINE,INVTX-0002-3,CYCLE_COUNT_ADJUSTMENT,P-FG-002,0,EA,LOT-P-FG-002-A,LOC-FG,,,,2026-09-20T12:35:00-06:00,,COUNT_RECONCILIATION
TEN-COOLIT-SYN-001,SITE-COOLIT-SYN-01,ERP,INVENTORY_TRANSACTION,INVTX-0003-1,INVTX-0003-1,RESOLVED,2026-07-19T10:56:00-06:00,2026-09-26T08:00:00-06:00,2026-06-29T00:00:00-06:00,,1,,false,ACTIVE,EA,,VALID,CURRENT,coolit-synthetic-v2.0.0,ALL_SYNTHETIC_CUSTOMERS,ALL_SYNTHETIC_PROGRAMS,P-FG-003,SYNTHETIC_INTERNAL,SNP-COOLIT-20260925-BL,SCN-BASELINE,INVTX-0003-1,RECEIPT,P-FG-003,8,EA,LOT-P-FG-003-A,LOC-FG,,PO-SCH-0003,,2026-07-19T10:56:00-06:00,,STANDARD_FLOW
TEN-COOLIT-SYN-001,SITE-COOLIT-SYN-01,ERP,INVENTORY_TRANSACTION,INVTX-0003-2,INVTX-0003-2,RESOLVED,2026-08-30T11:02:00-06:00,2026-09-26T08:00:00-06:00,2026-06-29T00:00:00-06:00,,1,,false,ACTIVE,EA,,VALID,CURRENT,coolit-synthetic-v2.0.0,ALL_SYNTHETIC_CUSTOMERS,ALL_SYNTHETIC_PROGRAMS,P-FG-003,SYNTHETIC_INTERNAL,SNP-COOLIT-20260925-BL,SCN-BASELINE,INVTX-0003-2,GOODS_ISSUE,P-FG-003,-6,EA,LOT-P-FG-003-A,LOC-FG,,,SHP-0003,2026-08-30T11:02:00-06:00,,STANDARD_FLOW
TEN-COOLIT-SYN-001,SITE-COOLIT-SYN-01,ERP,INVENTORY_TRANSACTION,INVTX-0003-3,INVTX-0003-3,RESOLVED,2026-09-21T12:28:00-06:00,2026-09-26T08:00:00-06:00,2026-06-29T00:00:00-06:00,,1,,false,ACTIVE,EA,,VALID,CURRENT,coolit-synthetic-v2.0.0,ALL_SYNTHETIC_CUSTOMERS,ALL_SYNTHETIC_PROGRAMS,P-FG-003,SYNTHETIC_INTERNAL,SNP-COOLIT-20260925-BL,SCN-BASELINE,INVTX-0003-3,CYCLE_COUNT_ADJUSTMENT,P-FG-003,0,EA,LOT-P-FG-003-A,LOC-FG,,,,2026-09-21T12:28:00-06:00,,COUNT_RECONCILIATION
TEN-COOLIT-SYN-001,SITE-COOLIT-SYN-01,ERP,INVENTORY_TRANSACTION,INVTX-0004-1,INVTX-0004-1,RESOLVED,2026-07-20T10:49:00-06:00,2026-09-26T08:00:00-06:00,2026-06-29T00:00:00-06:00,,1,,false,ACTIVE,EA,,VALID,CURRENT,coolit-synthetic-v2.0.0,ALL_SYNTHETIC_CUSTOMERS,ALL_SYNTHETIC_PROGRAMS,P-FG-004,SYNTHETIC_INTERNAL,SNP-COOLIT-20260925-BL,SCN-BASELINE,INVTX-0004-1,RECEIPT,P-FG-004,9,EA,LOT-P-FG-004-A,LOC-FG,,PO-SCH-0004,,2026-07-20T10:49:00-06:00,,STANDARD_FLOW
TEN-COOLIT-SYN-001,SITE-COOLIT-SYN-01,ERP,INVENTORY_TRANSACTION,INVTX-0004-2,INVTX-0004-2,RESOLVED,2026-08-31T11:55:00-06:00,2026-09-26T08:00:00-06:00,2026-06-29T00:00:00-06:00,,1,,false,ACTIVE,EA,,VALID,CURRENT,coolit-synthetic-v2.0.0,ALL_SYNTHETIC_CUSTOMERS,ALL_SYNTHETIC_PROGRAMS,P-FG-004,SYNTHETIC_INTERNAL,SNP-COOLIT-20260925-BL,SCN-BASELINE,INVTX-0004-2,GOODS_ISSUE,P-FG-004,-7,EA,LOT-P-FG-004-A,LOC-FG,,,SHP-0004,2026-08-31T11:55:00-06:00,,STANDARD_FLOW
TEN-COOLIT-SYN-001,SITE-COOLIT-SYN-01,ERP,INVENTORY_TRANSACTION,INVTX-0004-3,INVTX-0004-3,RESOLVED,2026-09-22T12:21:00-06:00,2026-09-26T08:00:00-06:00,2026-06-29T00:00:00-06:00,,1,,false,ACTIVE,EA,,VALID,CURRENT,coolit-synthetic-v2.0.0,ALL_SYNTHETIC_CUSTOMERS,ALL_SYNTHETIC_PROGRAMS,P-FG-004,SYNTHETIC_INTERNAL,SNP-COOLIT-20260925-BL,SCN-BASELINE,INVTX-0004-3,CYCLE_COUNT_ADJUSTMENT,P-FG-004,0,EA,LOT-P-FG-004-A,LOC-FG,,,,2026-09-22T12:21:00-06:00,,COUNT_RECONCILIATION
TEN-COOLIT-SYN-001,SITE-COOLIT-SYN-01,ERP,INVENTORY_TRANSACTION,INVTX-0005-1,INVTX-0005-1,RESOLVED,2026-07-21T10:42:00-06:00,2026-09-26T08:00:00-06:00,2026-06-29T00:00:00-06:00,,1,,false,ACTIVE,EA,,VALID,CURRENT,coolit-synthetic-v2.0.0,ALL_SYNTHETIC_CUSTOMERS,ALL_SYNTHETIC_PROGRAMS,P-FG-005,SYNTHETIC_INTERNAL,SNP-COOLIT-20260925-BL,SCN-BASELINE,INVTX-0005-1,RECEIPT,P-FG-005,10,EA,LOT-P-FG-005-A,LOC-FG,,PO-SCH-0005,,2026-07-21T10:42:00-06:00,,STANDARD_FLOW
TEN-COOLIT-SYN-001,SITE-COOLIT-SYN-01,ERP,INVENTORY_TRANSACTION,INVTX-0005-2,INVTX-0005-2,RESOLVED,2026-09-01T11:48:00-06:00,2026-09-26T08:00:00-06:00,2026-06-29T00:00:00-06:00,,1,,false,ACTIVE,EA,,VALID,CURRENT,coolit-synthetic-v2.0.0,ALL_SYNTHETIC_CUSTOMERS,ALL_SYNTHETIC_PROGRAMS,P-FG-005,SYNTHETIC_INTERNAL,SNP-COOLIT-20260925-BL,SCN-BASELINE,INVTX-0005-2,GOODS_ISSUE,P-FG-005,-4,EA,LOT-P-FG-005-A,LOC-FG,,,SHP-0005,2026-09-01T11:48:00-06:00,,STANDARD_FLOW
TEN-COOLIT-SYN-001,SITE-COOLIT-SYN-01,ERP,INVENTORY_TRANSACTION,INVTX-0005-3,INVTX-0005-3,RESOLVED,2026-09-23T12:14:00-06:00,2026-09-26T08:00:00-06:00,2026-06-29T00:00:00-06:00,,1,,false,ACTIVE,EA,,VALID,CURRENT,coolit-synthetic-v2.0.0,ALL_SYNTHETIC_CUSTOMERS,ALL_SYNTHETIC_PROGRAMS,P-FG-005,SYNTHETIC_INTERNAL,SNP-COOLIT-20260925-BL,SCN-BASELINE,INVTX-0005-3,CYCLE_COUNT_ADJUSTMENT,P-FG-005,0,EA,LOT-P-FG-005-A,LOC-FG,,,,2026-09-23T12:14:00-06:00,,COUNT_RECONCILIATION
TEN-COOLIT-SYN-001,SITE-COOLIT-SYN-01,ERP,INVENTORY_TRANSACTION,INVTX-0006-1,INVTX-0006-1,RESOLVED,2026-07-22T10:35:00-06:00,2026-09-26T08:00:00-06:00,2026-06-29T00:00:00-06:00,,1,,false,ACTIVE,EA,,VALID,CURRENT,coolit-synthetic-v2.0.0,ALL_SYNTHETIC_CUSTOMERS,ALL_SYNTHETIC_PROGRAMS,P-FG-006,SYNTHETIC_INTERNAL,SNP-COOLIT-20260925-BL,SCN-BASELINE,INVTX-0006-1,RECEIPT,P-FG-006,6,EA,LOT-P-FG-006-A,LOC-FG,,PO-SCH-0006,,2026-07-22T10:35:00-06:00,,STANDARD_FLOW
TEN-COOLIT-SYN-001,SITE-COOLIT-SYN-01,ERP,INVENTORY_TRANSACTION,INVTX-0006-2,INVTX-0006-2,RESOLVED,2026-09-02T11:41:00-06:00,2026-09-26T08:00:00-06:00,2026-06-29T00:00:00-06:00,,1,,false,ACTIVE,EA,,VALID,CURRENT,coolit-synthetic-v2.0.0,ALL_SYNTHETIC_CUSTOMERS,ALL_SYNTHETIC_PROGRAMS,P-FG-006,SYNTHETIC_INTERNAL,SNP-COOLIT-20260925-BL,SCN-BASELINE,INVTX-0006-2,GOODS_ISSUE,P-FG-006,-5,EA,LOT-P-FG-006-A,LOC-FG,,,SHP-0006,2026-09-02T11:41:00-06:00,,STANDARD_FLOW
TEN-COOLIT-SYN-001,SITE-COOLIT-SYN-01,ERP,INVENTORY_TRANSACTION,INVTX-0006-3,INVTX-0006-3,RESOLVED,2026-09-24T12:07:00-06:00,2026-09-26T08:00:00-06:00,2026-06-29T00:00:00-06:00,,1,,false,ACTIVE,EA,,VALID,CURRENT,coolit-synthetic-v2.0.0,ALL_SYNTHETIC_CUSTOMERS,ALL_SYNTHETIC_PROGRAMS,P-FG-006,SYNTHETIC_INTERNAL,SNP-COOLIT-20260925-BL,SCN-BASELINE,INVTX-0006-3,CYCLE_COUNT_ADJUSTMENT,P-FG-006,0,EA,LOT-P-FG-006-A,LOC-FG,,,,2026-09-24T12:07:00-06:00,,COUNT_RECONCILIATION
TEN-COOLIT-SYN-001,SITE-COOLIT-SYN-01,ERP,INVENTORY_TRANSACTION,INVTX-0007-1,INVTX-0007-1,RESOLVED,2026-07-23T10:28:00-06:00,2026-09-26T08:00:00-06:00,2026-06-29T00:00:00-06:00,,1,,false,ACTIVE,EA,,VALID,CURRENT,coolit-synthetic-v2.0.0,ALL_SYNTHETIC_CUSTOMERS,ALL_SYNTHETIC_PROGRAMS,P-FG-007,SYNTHETIC_INTERNAL,SNP-COOLIT-20260925-BL,SCN-BASELINE,INVTX-0007-1,RECEIPT,P-FG-007,7,EA,LOT-P-FG-007-A,LOC-FG,,PO-SCH-0007,,2026-07-23T10:28:00-06:00,,STANDARD_FLOW
TEN-COOLIT-SYN-001,SITE-COOLIT-SYN-01,ERP,INVENTORY_TRANSACTION,INVTX-0007-2,INVTX-0007-2,RESOLVED,2026-09-03T11:34:00-06:00,2026-09-26T08:00:00-06:00,2026-06-29T00:00:00-06:00,,1,,false,ACTIVE,EA,,VALID,CURRENT,coolit-synthetic-v2.0.0,ALL_SYNTHETIC_CUSTOMERS,ALL_SYNTHETIC_PROGRAMS,P-FG-007,SYNTHETIC_INTERNAL,SNP-COOLIT-20260925-BL,SCN-BASELINE,INVTX-0007-2,GOODS_ISSUE,P-FG-007,-6,EA,LOT-P-FG-007-A,LOC-FG,,,SHP-0007,2026-09-03T11:34:00-06:00,,STANDARD_FLOW
TEN-COOLIT-SYN-001,SITE-COOLIT-SYN-01,ERP,INVENTORY_TRANSACTION,INVTX-0007-3,INVTX-0007-3,RESOLVED,2026-09-25T12:00:00-06:00,2026-09-26T08:00:00-06:00,2026-06-29T00:00:00-06:00,,1,,false,ACTIVE,EA,,VALID,CURRENT,coolit-synthetic-v2.0.0,ALL_SYNTHETIC_CUSTOMERS,ALL_SYNTHETIC_PROGRAMS,P-FG-007,SYNTHETIC_INTERNAL,SNP-COOLIT-20260925-BL,SCN-BASELINE,INVTX-0007-3,CYCLE_COUNT_ADJUSTMENT,P-FG-007,0,EA,LOT-P-FG-007-A,LOC-FG,,,,2026-09-25T12:00:00-06:00,,COUNT_RECONCILIATION
TEN-COOLIT-SYN-001,SITE-COOLIT-SYN-01,ERP,INVENTORY_TRANSACTION,INVTX-0008-1,INVTX-0008-1,RESOLVED,2026-07-24T10:21:00-06:00,2026-09-26T08:00:00-06:00,2026-06-29T00:00:00-06:00,,1,,false,ACTIVE,EA,,VALID,CURRENT,coolit-synthetic-v2.0.0,ALL_SYNTHETIC_CUSTOMERS,ALL_SYNTHETIC_PROGRAMS,P-FG-008,SYNTHETIC_INTERNAL,SNP-COOLIT-20260925-BL,SCN-BASELINE,INVTX-0008-1,RECEIPT,P-FG-008,8,EA,LOT-P-FG-008-A,LOC-FG,,PO-SCH-0008,,2026-07-24T10:21:00-06:00,,STANDARD_FLOW
TEN-COOLIT-SYN-001,SITE-COOLIT-SYN-01,ERP,INVENTORY_TRANSACTION,INVTX-0008-2,INVTX-0008-2,RESOLVED,2026-09-04T11:27:00-06:00,2026-09-26T08:00:00-06:00,2026-06-29T00:00:00-06:00,,1,,false,ACTIVE,EA,,VALID,CURRENT,coolit-synthetic-v2.0.0,ALL_SYNTHETIC_CUSTOMERS,ALL_SYNTHETIC_PROGRAMS,P-FG-008,SYNTHETIC_INTERNAL,SNP-COOLIT-20260925-BL,SCN-BASELINE,INVTX-0008-2,GOODS_ISSUE,P-FG-008,-7,EA,LOT-P-FG-008-A,LOC-FG,,,SHP-0008,2026-09-04T11:27:00-06:00,,STANDARD_FLOW
TEN-COOLIT-SYN-001,SITE-COOLIT-SYN-01,ERP,INVENTORY_TRANSACTION,INVTX-0008-3,INVTX-0008-3,RESOLVED,2026-09-25T12:00:00-06:00,2026-09-26T08:00:00-06:00,2026-06-29T00:00:00-06:00,,1,,false,ACTIVE,EA,,VALID,CURRENT,coolit-synthetic-v2.0.0,ALL_SYNTHETIC_CUSTOMERS,ALL_SYNTHETIC_PROGRAMS,P-FG-008,SYNTHETIC_INTERNAL,SNP-COOLIT-20260925-BL,SCN-BASELINE,INVTX-0008-3,CYCLE_COUNT_ADJUSTMENT,P-FG-008,0,EA,LOT-P-FG-008-A,LOC-FG,,,,2026-09-25T12:00:00-06:00,,COUNT_RECONCILIATION
TEN-COOLIT-SYN-001,SITE-COOLIT-SYN-01,ERP,INVENTORY_TRANSACTION,INVTX-0009-1,INVTX-0009-1,RESOLVED,2026-07-25T10:14:00-06:00,2026-09-26T08:00:00-06:00,2026-06-29T00:00:00-06:00,,1,,false,ACTIVE,EA,,VALID,CURRENT,coolit-synthetic-v2.0.0,ALL_SYNTHETIC_CUSTOMERS,ALL_SYNTHETIC_PROGRAMS,P-FG-009,SYNTHETIC_INTERNAL,SNP-COOLIT-20260925-BL,SCN-BASELINE,INVTX-0009-1,RECEIPT,P-FG-009,9,EA,LOT-P-FG-009-A,LOC-FG,,PO-SCH-0009,,2026-07-25T10:14:00-06:00,,STANDARD_FLOW
TEN-COOLIT-SYN-001,SITE-COOLIT-SYN-01,ERP,INVENTORY_TRANSACTION,INVTX-0009-2,INVTX-0009-2,RESOLVED,2026-09-05T11:20:00-06:00,2026-09-26T08:00:00-06:00,2026-06-29T00:00:00-06:00,,1,,false,ACTIVE,EA,,VALID,CURRENT,coolit-synthetic-v2.0.0,ALL_SYNTHETIC_CUSTOMERS,ALL_SYNTHETIC_PROGRAMS,P-FG-009,SYNTHETIC_INTERNAL,SNP-COOLIT-20260925-BL,SCN-BASELINE,INVTX-0009-2,GOODS_ISSUE,P-FG-009,-4,EA,LOT-P-FG-009-A,LOC-FG,,,SHP-0009,2026-09-05T11:20:00-06:00,,STANDARD_FLOW
TEN-COOLIT-SYN-001,SITE-COOLIT-SYN-01,ERP,INVENTORY_TRANSACTION,INVTX-0009-3,INVTX-0009-3,RESOLVED,2026-09-25T12:00:00-06:00,2026-09-26T08:00:00-06:00,2026-06-29T00:00:00-06:00,,1,,false,ACTIVE,EA,,VALID,CURRENT,coolit-synthetic-v2.0.0,ALL_SYNTHETIC_CUSTOMERS,ALL_SYNTHETIC_PROGRAMS,P-FG-009,SYNTHETIC_INTERNAL,SNP-COOLIT-20260925-BL,SCN-BASELINE,INVTX-0009-3,CYCLE_COUNT_ADJUSTMENT,P-FG-009,0,EA,LOT-P-FG-009-A,LOC-FG,,,,2026-09-25T12:00:00-06:00,,COUNT_RECONCILIATION
TEN-COOLIT-SYN-001,SITE-COOLIT-SYN-01,ERP,INVENTORY_TRANSACTION,INVTX-0010-1,INVTX-0010-1,RESOLVED,2026-07-17T10:10:00-06:00,2026-09-26T08:00:00-06:00,2026-06-29T00:00:00-06:00,,1,,false,ACTIVE,EA,,VALID,CURRENT,coolit-synthetic-v2.0.0,ALL_SYNTHETIC_CUSTOMERS,ALL_SYNTHETIC_PROGRAMS,P-FG-010,SYNTHETIC_INTERNAL,SNP-COOLIT-20260925-BL,SCN-BASELINE,INVTX-0010-1,RECEIPT,P-FG-010,10,EA,LOT-P-FG-010-A,LOC-FG,,PO-SCH-0010,,2026-07-17T10:10:00-06:00,,STANDARD_FLOW
TEN-COOLIT-SYN-001,SITE-COOLIT-SYN-01,ERP,INVENTORY_TRANSACTION,INVTX-0010-2,INVTX-0010-2,RESOLVED,2026-08-28T11:16:00-06:00,2026-09-26T08:00:00-06:00,2026-06-29T00:00:00-06:00,,1,,false,ACTIVE,EA,,VALID,CURRENT,coolit-synthetic-v2.0.0,ALL_SYNTHETIC_CUSTOMERS,ALL_SYNTHETIC_PROGRAMS,P-FG-010,SYNTHETIC_INTERNAL,SNP-COOLIT-20260925-BL,SCN-BASELINE,INVTX-0010-2,GOODS_ISSUE,P-FG-010,-5,EA,LOT-P-FG-010-A,LOC-FG,,,SHP-0010,2026-08-28T11:16:00-06:00,,STANDARD_FLOW
TEN-COOLIT-SYN-001,SITE-COOLIT-SYN-01,ERP,INVENTORY_TRANSACTION,INVTX-0010-3,INVTX-0010-3,RESOLVED,2026-09-19T12:42:00-06:00,2026-09-26T08:00:00-06:00,2026-06-29T00:00:00-06:00,,1,,false,ACTIVE,EA,,VALID,CURRENT,coolit-synthetic-v2.0.0,ALL_SYNTHETIC_CUSTOMERS,ALL_SYNTHETIC_PROGRAMS,P-FG-010,SYNTHETIC_INTERNAL,SNP-COOLIT-20260925-BL,SCN-BASELINE,INVTX-0010-3,CYCLE_COUNT_ADJUSTMENT,P-FG-010,0,EA,LOT-P-FG-010-A,LOC-FG,,,,2026-09-19T12:42:00-06:00,,COUNT_RECONCILIATION
TEN-COOLIT-SYN-001,SITE-COOLIT-SYN-01,ERP,INVENTORY_TRANSACTION,INVTX-0011-1,INVTX-0011-1,RESOLVED,2026-07-18T10:03:00-06:00,2026-09-26T08:00:00-06:00,2026-06-29T00:00:00-06:00,,1,,false,ACTIVE,EA,,VALID,CURRENT,coolit-synthetic-v2.0.0,ALL_SYNTHETIC_CUSTOMERS,ALL_SYNTHETIC_PROGRAMS,P-FG-011,SYNTHETIC_INTERNAL,SNP-COOLIT-20260925-BL,SCN-BASELINE,INVTX-0011-1,RECEIPT,P-FG-011,6,EA,LOT-P-FG-011-A,LOC-FG,,PO-SCH-0011,,2026-07-18T10:03:00-06:00,,STANDARD_FLOW
TEN-COOLIT-SYN-001,SITE-COOLIT-SYN-01,ERP,INVENTORY_TRANSACTION,INVTX-0011-2,INVTX-0011-2,RESOLVED,2026-08-29T11:09:00-06:00,2026-09-26T08:00:00-06:00,2026-06-29T00:00:00-06:00,,1,,false,ACTIVE,EA,,VALID,CURRENT,coolit-synthetic-v2.0.0,ALL_SYNTHETIC_CUSTOMERS,ALL_SYNTHETIC_PROGRAMS,P-FG-011,SYNTHETIC_INTERNAL,SNP-COOLIT-20260925-BL,SCN-BASELINE,INVTX-0011-2,GOODS_ISSUE,P-FG-011,-6,EA,LOT-P-FG-011-A,LOC-FG,,,SHP-0011,2026-08-29T11:09:00-06:00,,STANDARD_FLOW
TEN-COOLIT-SYN-001,SITE-COOLIT-SYN-01,ERP,INVENTORY_TRANSACTION,INVTX-0011-3,INVTX-0011-3,RESOLVED,2026-09-20T12:35:00-06:00,2026-09-26T08:00:00-06:00,2026-06-29T00:00:00-06:00,,1,,false,ACTIVE,EA,,VALID,CURRENT,coolit-synthetic-v2.0.0,ALL_SYNTHETIC_CUSTOMERS,ALL_SYNTHETIC_PROGRAMS,P-FG-011,SYNTHETIC_INTERNAL,SNP-COOLIT-20260925-BL,SCN-BASELINE,INVTX-0011-3,CYCLE_COUNT_ADJUSTMENT,P-FG-011,0,EA,LOT-P-FG-011-A,LOC-FG,,,,2026-09-20T12:35:00-06:00,,COUNT_RECONCILIATION
TEN-COOLIT-SYN-001,SITE-COOLIT-SYN-01,ERP,INVENTORY_TRANSACTION,INVTX-0012-1,INVTX-0012-1,RESOLVED,2026-07-19T10:56:00-06:00,2026-09-26T08:00:00-06:00,2026-06-29T00:00:00-06:00,,1,,false,ACTIVE,EA,,VALID,CURRENT,coolit-synthetic-v2.0.0,ALL_SYNTHETIC_CUSTOMERS,ALL_SYNTHETIC_PROGRAMS,P-FG-012,SYNTHETIC_INTERNAL,SNP-COOLIT-20260925-BL,SCN-BASELINE,INVTX-0012-1,RECEIPT,P-FG-012,7,EA,LOT-P-FG-012-A,LOC-FG,,PO-SCH-0012,,2026-07-19T10:56:00-06:00,,STANDARD_FLOW
TEN-COOLIT-SYN-001,SITE-COOLIT-SYN-01,ERP,INVENTORY_TRANSACTION,INVTX-0012-2,INVTX-0012-2,RESOLVED,2026-08-30T11:02:00-06:00,2026-09-26T08:00:00-06:00,2026-06-29T00:00:00-06:00,,1,,false,ACTIVE,EA,,VALID,CURRENT,coolit-synthetic-v2.0.0,ALL_SYNTHETIC_CUSTOMERS,ALL_SYNTHETIC_PROGRAMS,P-FG-012,SYNTHETIC_INTERNAL,SNP-COOLIT-20260925-BL,SCN-BASELINE,INVTX-0012-2,GOODS_ISSUE,P-FG-012,-7,EA,LOT-P-FG-012-A,LOC-FG,,,SHP-0012,2026-08-30T11:02:00-06:00,,STANDARD_FLOW
TEN-COOLIT-SYN-001,SITE-COOLIT-SYN-01,ERP,INVENTORY_TRANSACTION,INVTX-0012-3,INVTX-0012-3,RESOLVED,2026-09-21T12:28:00-06:00,2026-09-26T08:00:00-06:00,2026-06-29T00:00:00-06:00,,1,,false,ACTIVE,EA,,VALID,CURRENT,coolit-synthetic-v2.0.0,ALL_SYNTHETIC_CUSTOMERS,ALL_SYNTHETIC_PROGRAMS,P-FG-012,SYNTHETIC_INTERNAL,SNP-COOLIT-20260925-BL,SCN-BASELINE,INVTX-0012-3,CYCLE_COUNT_ADJUSTMENT,P-FG-012,0,EA,LOT-P-FG-012-A,LOC-FG,,,,2026-09-21T12:28:00-06:00,,COUNT_RECONCILIATION
TEN-COOLIT-SYN-001,SITE-COOLIT-SYN-01,ERP,INVENTORY_TRANSACTION,INVTX-0013-1,INVTX-0013-1,RESOLVED,2026-07-20T10:49:00-06:00,2026-09-26T08:00:00-06:00,2026-06-29T00:00:00-06:00,,1,,false,ACTIVE,EA,,VALID,CURRENT,coolit-synthetic-v2.0.0,ALL_SYNTHETIC_CUSTOMERS,ALL_SYNTHETIC_PROGRAMS,P-QD-001,SYNTHETIC_INTERNAL,SNP-COOLIT-20260925-BL,SCN-BASELINE,INVTX-0013-1,RECEIPT,P-QD-001,37,EA,LOT-P-QD-001-A,LOC-SUPERMARKET,,PO-SCH-0013,,2026-07-20T10:49:00-06:00,,STANDARD_FLOW
TEN-COOLIT-SYN-001,SITE-COOLIT-SYN-01,ERP,INVENTORY_TRANSACTION,INVTX-0013-2,INVTX-0013-2,RESOLVED,2026-08-31T11:55:00-06:00,2026-09-26T08:00:00-06:00,2026-06-29T00:00:00-06:00,,1,,false,ACTIVE,EA,,VALID,CURRENT,coolit-synthetic-v2.0.0,ALL_SYNTHETIC_CUSTOMERS,ALL_SYNTHETIC_PROGRAMS,P-QD-001,SYNTHETIC_INTERNAL,SNP-COOLIT-20260925-BL,SCN-BASELINE,INVTX-0013-2,MATERIAL_ISSUE,P-QD-001,-30,EA,LOT-P-QD-001-A,LOC-SUPERMARKET,WO-0013,,,2026-08-31T11:55:00-06:00,,STANDARD_FLOW
TEN-COOLIT-SYN-001,SITE-COOLIT-SYN-01,ERP,INVENTORY_TRANSACTION,INVTX-0013-3,INVTX-0013-3,RESOLVED,2026-09-22T12:21:00-06:00,2026-09-26T08:00:00-06:00,2026-06-29T00:00:00-06:00,,1,,false,ACTIVE,EA,,VALID,CURRENT,coolit-synthetic-v2.0.0,ALL_SYNTHETIC_CUSTOMERS,ALL_SYNTHETIC_PROGRAMS,P-QD-001,SYNTHETIC_INTERNAL,SNP-COOLIT-20260925-BL,SCN-BASELINE,INVTX-0013-3,CYCLE_COUNT_ADJUSTMENT,P-QD-001,0,EA,LOT-P-QD-001-A,LOC-SUPERMARKET,,,,2026-09-22T12:21:00-06:00,,COUNT_RECONCILIATION
TEN-COOLIT-SYN-001,SITE-COOLIT-SYN-01,ERP,INVENTORY_TRANSACTION,INVTX-0014-1,INVTX-0014-1,RESOLVED,2026-07-21T10:42:00-06:00,2026-09-26T08:00:00-06:00,2026-06-29T00:00:00-06:00,,1,,false,ACTIVE,EA,,VALID,CURRENT,coolit-synthetic-v2.0.0,ALL_SYNTHETIC_CUSTOMERS,ALL_SYNTHETIC_PROGRAMS,P-QD-002,SYNTHETIC_INTERNAL,SNP-COOLIT-20260925-BL,SCN-BASELINE,INVTX-0014-1,RECEIPT,P-QD-002,38,EA,LOT-P-QD-002-A,LOC-SUPERMARKET,,PO-SCH-0014,,2026-07-21T10:42:00-06:00,,STANDARD_FLOW
TEN-COOLIT-SYN-001,SITE-COOLIT-SYN-01,ERP,INVENTORY_TRANSACTION,INVTX-0014-2,INVTX-0014-2,RESOLVED,2026-09-01T11:48:00-06:00,2026-09-26T08:00:00-06:00,2026-06-29T00:00:00-06:00,,1,,false,ACTIVE,EA,,VALID,CURRENT,coolit-synthetic-v2.0.0,ALL_SYNTHETIC_CUSTOMERS,ALL_SYNTHETIC_PROGRAMS,P-QD-002,SYNTHETIC_INTERNAL,SNP-COOLIT-20260925-BL,SCN-BASELINE,INVTX-0014-2,MATERIAL_ISSUE,P-QD-002,-31,EA,LOT-P-QD-002-A,LOC-SUPERMARKET,WO-0014,,,2026-09-01T11:48:00-06:00,,STANDARD_FLOW
TEN-COOLIT-SYN-001,SITE-COOLIT-SYN-01,ERP,INVENTORY_TRANSACTION,INVTX-0014-3,INVTX-0014-3,RESOLVED,2026-09-23T12:14:00-06:00,2026-09-26T08:00:00-06:00,2026-06-29T00:00:00-06:00,,1,,false,ACTIVE,EA,,VALID,CURRENT,coolit-synthetic-v2.0.0,ALL_SYNTHETIC_CUSTOMERS,ALL_SYNTHETIC_PROGRAMS,P-QD-002,SYNTHETIC_INTERNAL,SNP-COOLIT-20260925-BL,SCN-BASELINE,INVTX-0014-3,CYCLE_COUNT_ADJUSTMENT,P-QD-002,0,EA,LOT-P-QD-002-A,LOC-SUPERMARKET,,,,2026-09-23T12:14:00-06:00,,COUNT_RECONCILIATION
TEN-COOLIT-SYN-001,SITE-COOLIT-SYN-01,ERP,INVENTORY_TRANSACTION,INVTX-0015-1,INVTX-0015-1,RESOLVED,2026-07-22T10:35:00-06:00,2026-09-26T08:00:00-06:00,2026-06-29T00:00:00-06:00,,1,,false,ACTIVE,EA,,VALID,CURRENT,coolit-synthetic-v2.0.0,ALL_SYNTHETIC_CUSTOMERS,ALL_SYNTHETIC_PROGRAMS,P-QD-003,SYNTHETIC_INTERNAL,SNP-COOLIT-20260925-BL,SCN-BASELINE,INVTX-0015-1,RECEIPT,P-QD-003,39,EA,LOT-P-QD-003-A,LOC-SUPERMARKET,,PO-SCH-0015,,2026-07-22T10:35:00-06:00,,STANDARD_FLOW
TEN-COOLIT-SYN-001,SITE-COOLIT-SYN-01,ERP,INVENTORY_TRANSACTION,INVTX-0015-2,INVTX-0015-2,RESOLVED,2026-09-02T11:41:00-06:00,2026-09-26T08:00:00-06:00,2026-06-29T00:00:00-06:00,,1,,false,ACTIVE,EA,,VALID,CURRENT,coolit-synthetic-v2.0.0,ALL_SYNTHETIC_CUSTOMERS,ALL_SYNTHETIC_PROGRAMS,P-QD-003,SYNTHETIC_INTERNAL,SNP-COOLIT-20260925-BL,SCN-BASELINE,INVTX-0015-2,MATERIAL_ISSUE,P-QD-003,-32,EA,LOT-P-QD-003-A,LOC-SUPERMARKET,WO-0015,,,2026-09-02T11:41:00-06:00,,STANDARD_FLOW
TEN-COOLIT-SYN-001,SITE-COOLIT-SYN-01,ERP,INVENTORY_TRANSACTION,INVTX-0015-3,INVTX-0015-3,RESOLVED,2026-09-24T12:07:00-06:00,2026-09-26T08:00:00-06:00,2026-06-29T00:00:00-06:00,,1,,false,ACTIVE,EA,,VALID,CURRENT,coolit-synthetic-v2.0.0,ALL_SYNTHETIC_CUSTOMERS,ALL_SYNTHETIC_PROGRAMS,P-QD-003,SYNTHETIC_INTERNAL,SNP-COOLIT-20260925-BL,SCN-BASELINE,INVTX-0015-3,CYCLE_COUNT_ADJUSTMENT,P-QD-003,0,EA,LOT-P-QD-003-A,LOC-SUPERMARKET,,,,2026-09-24T12:07:00-06:00,,COUNT_RECONCILIATION
TEN-COOLIT-SYN-001,SITE-COOLIT-SYN-01,ERP,INVENTORY_TRANSACTION,INVTX-0016-1,INVTX-0016-1,RESOLVED,2026-07-23T10:28:00-06:00,2026-09-26T08:00:00-06:00,2026-06-29T00:00:00-06:00,,1,,false,ACTIVE,EA,,VALID,CURRENT,coolit-synthetic-v2.0.0,ALL_SYNTHETIC_CUSTOMERS,ALL_SYNTHETIC_PROGRAMS,P-QD-004,SYNTHETIC_INTERNAL,SNP-COOLIT-20260925-BL,SCN-BASELINE,INVTX-0016-1,RECEIPT,P-QD-004,40,EA,LOT-P-QD-004-A,LOC-SUPERMARKET,,PO-SCH-0016,,2026-07-23T10:28:00-06:00,,STANDARD_FLOW
TEN-COOLIT-SYN-001,SITE-COOLIT-SYN-01,ERP,INVENTORY_TRANSACTION,INVTX-0016-2,INVTX-0016-2,RESOLVED,2026-09-03T11:34:00-06:00,2026-09-26T08:00:00-06:00,2026-06-29T00:00:00-06:00,,1,,false,ACTIVE,EA,,VALID,CURRENT,coolit-synthetic-v2.0.0,ALL_SYNTHETIC_CUSTOMERS,ALL_SYNTHETIC_PROGRAMS,P-QD-004,SYNTHETIC_INTERNAL,SNP-COOLIT-20260925-BL,SCN-BASELINE,INVTX-0016-2,MATERIAL_ISSUE,P-QD-004,-33,EA,LOT-P-QD-004-A,LOC-SUPERMARKET,WO-0016,,,2026-09-03T11:34:00-06:00,,STANDARD_FLOW
TEN-COOLIT-SYN-001,SITE-COOLIT-SYN-01,ERP,INVENTORY_TRANSACTION,INVTX-0016-3,INVTX-0016-3,RESOLVED,2026-09-25T12:00:00-06:00,2026-09-26T08:00:00-06:00,2026-06-29T00:00:00-06:00,,1,,false,ACTIVE,EA,,VALID,CURRENT,coolit-synthetic-v2.0.0,ALL_SYNTHETIC_CUSTOMERS,ALL_SYNTHETIC_PROGRAMS,P-QD-004,SYNTHETIC_INTERNAL,SNP-COOLIT-20260925-BL,SCN-BASELINE,INVTX-0016-3,CYCLE_COUNT_ADJUSTMENT,P-QD-004,0,EA,LOT-P-QD-004-A,LOC-SUPERMARKET,,,,2026-09-25T12:00:00-06:00,,COUNT_RECONCILIATION
TEN-COOLIT-SYN-001,SITE-COOLIT-SYN-01,ERP,INVENTORY_TRANSACTION,INVTX-0017-1,INVTX-0017-1,RESOLVED,2026-07-24T10:21:00-06:00,2026-09-26T08:00:00-06:00,2026-06-29T00:00:00-06:00,,1,,false,ACTIVE,EA,,VALID,CURRENT,coolit-synthetic-v2.0.0,ALL_SYNTHETIC_CUSTOMERS,ALL_SYNTHETIC_PROGRAMS,P-QD-005,SYNTHETIC_INTERNAL,SNP-COOLIT-20260925-BL,SCN-BASELINE,INVTX-0017-1,RECEIPT,P-QD-005,41,EA,LOT-P-QD-005-A,LOC-SUPERMARKET,,PO-SCH-0017,,2026-07-24T10:21:00-06:00,,STANDARD_FLOW
TEN-COOLIT-SYN-001,SITE-COOLIT-SYN-01,ERP,INVENTORY_TRANSACTION,INVTX-0017-2,INVTX-0017-2,RESOLVED,2026-09-04T11:27:00-06:00,2026-09-26T08:00:00-06:00,2026-06-29T00:00:00-06:00,,1,,false,ACTIVE,EA,,VALID,CURRENT,coolit-synthetic-v2.0.0,ALL_SYNTHETIC_CUSTOMERS,ALL_SYNTHETIC_PROGRAMS,P-QD-005,SYNTHETIC_INTERNAL,SNP-COOLIT-20260925-BL,SCN-BASELINE,INVTX-0017-2,MATERIAL_ISSUE,P-QD-005,-34,EA,LOT-P-QD-005-A,LOC-SUPERMARKET,WO-0017,,,2026-09-04T11:27:00-06:00,,STANDARD_FLOW
TEN-COOLIT-SYN-001,SITE-COOLIT-SYN-01,ERP,INVENTORY_TRANSACTION,INVTX-0017-3,INVTX-0017-3,RESOLVED,2026-09-25T12:00:00-06:00,2026-09-26T08:00:00-06:00,2026-06-29T00:00:00-06:00,,1,,false,ACTIVE,EA,,VALID,CURRENT,coolit-synthetic-v2.0.0,ALL_SYNTHETIC_CUSTOMERS,ALL_SYNTHETIC_PROGRAMS,P-QD-005,SYNTHETIC_INTERNAL,SNP-COOLIT-20260925-BL,SCN-BASELINE,INVTX-0017-3,CYCLE_COUNT_ADJUSTMENT,P-QD-005,0,EA,LOT-P-QD-005-A,LOC-SUPERMARKET,,,,2026-09-25T12:00:00-06:00,,COUNT_RECONCILIATION
TEN-COOLIT-SYN-001,SITE-COOLIT-SYN-01,ERP,INVENTORY_TRANSACTION,INVTX-0018-1,INVTX-0018-1,RESOLVED,2026-07-25T10:14:00-06:00,2026-09-26T08:00:00-06:00,2026-06-29T00:00:00-06:00,,1,,false,ACTIVE,EA,,VALID,CURRENT,coolit-synthetic-v2.0.0,ALL_SYNTHETIC_CUSTOMERS,ALL_SYNTHETIC_PROGRAMS,P-QD-006,SYNTHETIC_INTERNAL,SNP-COOLIT-20260925-BL,SCN-BASELINE,INVTX-0018-1,RECEIPT,P-QD-006,42,EA,LOT-P-QD-006-A,LOC-SUPERMARKET,,PO-SCH-0018,,2026-07-25T10:14:00-06:00,,STANDARD_FLOW
TEN-COOLIT-SYN-001,SITE-COOLIT-SYN-01,ERP,INVENTORY_TRANSACTION,INVTX-0018-2,INVTX-0018-2,RESOLVED,2026-09-05T11:20:00-06:00,2026-09-26T08:00:00-06:00,2026-06-29T00:00:00-06:00,,1,,false,ACTIVE,EA,,VALID,CURRENT,coolit-synthetic-v2.0.0,ALL_SYNTHETIC_CUSTOMERS,ALL_SYNTHETIC_PROGRAMS,P-QD-006,SYNTHETIC_INTERNAL,SNP-COOLIT-20260925-BL,SCN-BASELINE,INVTX-0018-2,MATERIAL_ISSUE,P-QD-006,-35,EA,LOT-P-QD-006-A,LOC-SUPERMARKET,WO-0018,,,2026-09-05T11:20:00-06:00,,STANDARD_FLOW
TEN-COOLIT-SYN-001,SITE-COOLIT-SYN-01,ERP,INVENTORY_TRANSACTION,INVTX-0018-3,INVTX-0018-3,RESOLVED,2026-09-25T12:00:00-06:00,2026-09-26T08:00:00-06:00,2026-06-29T00:00:00-06:00,,1,,false,ACTIVE,EA,,VALID,CURRENT,coolit-synthetic-v2.0.0,ALL_SYNTHETIC_CUSTOMERS,ALL_SYNTHETIC_PROGRAMS,P-QD-006,SYNTHETIC_INTERNAL,SNP-COOLIT-20260925-BL,SCN-BASELINE,INVTX-0018-3,CYCLE_COUNT_ADJUSTMENT,P-QD-006,-2,EA,LOT-P-QD-006-A,LOC-SUPERMARKET,,,,2026-09-25T12:00:00-06:00,,COUNT_RECONCILIATION
TEN-COOLIT-SYN-001,SITE-COOLIT-SYN-01,ERP,INVENTORY_TRANSACTION,INVTX-0019-1,INVTX-0019-1,RESOLVED,2026-07-17T10:10:00-06:00,2026-09-26T08:00:00-06:00,2026-06-29T00:00:00-06:00,,1,,false,ACTIVE,EA,,VALID,CURRENT,coolit-synthetic-v2.0.0,ALL_SYNTHETIC_CUSTOMERS,ALL_SYNTHETIC_PROGRAMS,P-QD-007,SYNTHETIC_INTERNAL,SNP-COOLIT-20260925-BL,SCN-BASELINE,INVTX-0019-1,RECEIPT,P-QD-007,43,EA,LOT-P-QD-007-A,LOC-SUPERMARKET,,PO-SCH-0019,,2026-07-17T10:10:00-06:00,,STANDARD_FLOW
TEN-COOLIT-SYN-001,SITE-COOLIT-SYN-01,ERP,INVENTORY_TRANSACTION,INVTX-0019-2,INVTX-0019-2,RESOLVED,2026-08-28T11:16:00-06:00,2026-09-26T08:00:00-06:00,2026-06-29T00:00:00-06:00,,1,,false,ACTIVE,EA,,VALID,CURRENT,coolit-synthetic-v2.0.0,ALL_SYNTHETIC_CUSTOMERS,ALL_SYNTHETIC_PROGRAMS,P-QD-007,SYNTHETIC_INTERNAL,SNP-COOLIT-20260925-BL,SCN-BASELINE,INVTX-0019-2,MATERIAL_ISSUE,P-QD-007,-36,EA,LOT-P-QD-007-A,LOC-SUPERMARKET,WO-0019,,,2026-08-28T11:16:00-06:00,,STANDARD_FLOW
TEN-COOLIT-SYN-001,SITE-COOLIT-SYN-01,ERP,INVENTORY_TRANSACTION,INVTX-0019-3,INVTX-0019-3,RESOLVED,2026-09-19T12:42:00-06:00,2026-09-26T08:00:00-06:00,2026-06-29T00:00:00-06:00,,1,,false,ACTIVE,EA,,VALID,CURRENT,coolit-synthetic-v2.0.0,ALL_SYNTHETIC_CUSTOMERS,ALL_SYNTHETIC_PROGRAMS,P-QD-007,SYNTHETIC_INTERNAL,SNP-COOLIT-20260925-BL,SCN-BASELINE,INVTX-0019-3,CYCLE_COUNT_ADJUSTMENT,P-QD-007,0,EA,LOT-P-QD-007-A,LOC-SUPERMARKET,,,,2026-09-19T12:42:00-06:00,,COUNT_RECONCILIATION
TEN-COOLIT-SYN-001,SITE-COOLIT-SYN-01,ERP,INVENTORY_TRANSACTION,INVTX-0020-1,INVTX-0020-1,RESOLVED,2026-07-18T10:03:00-06:00,2026-09-26T08:00:00-06:00,2026-06-29T00:00:00-06:00,,1,,false,ACTIVE,EA,,VALID,CURRENT,coolit-synthetic-v2.0.0,ALL_SYNTHETIC_CUSTOMERS,ALL_SYNTHETIC_PROGRAMS,P-QD-008,SYNTHETIC_INTERNAL,SNP-COOLIT-20260925-BL,SCN-BASELINE,INVTX-0020-1,RECEIPT,P-QD-008,44,EA,LOT-P-QD-008-A,LOC-SUPERMARKET,,PO-SCH-0020,,2026-07-18T10:03:00-06:00,,STANDARD_FLOW
TEN-COOLIT-SYN-001,SITE-COOLIT-SYN-01,ERP,INVENTORY_TRANSACTION,INVTX-0020-2,INVTX-0020-2,RESOLVED,2026-08-29T11:09:00-06:00,2026-09-26T08:00:00-06:00,2026-06-29T00:00:00-06:00,,1,,false,ACTIVE,EA,,VALID,CURRENT,coolit-synthetic-v2.0.0,ALL_SYNTHETIC_CUSTOMERS,ALL_SYNTHETIC_PROGRAMS,P-QD-008,SYNTHETIC_INTERNAL,SNP-COOLIT-20260925-BL,SCN-BASELINE,INVTX-0020-2,MATERIAL_ISSUE,P-QD-008,-37,EA,LOT-P-QD-008-A,LOC-SUPERMARKET,WO-0020,,,2026-08-29T11:09:00-06:00,,STANDARD_FLOW
TEN-COOLIT-SYN-001,SITE-COOLIT-SYN-01,ERP,INVENTORY_TRANSACTION,INVTX-0020-3,INVTX-0020-3,RESOLVED,2026-09-20T12:35:00-06:00,2026-09-26T08:00:00-06:00,2026-06-29T00:00:00-06:00,,1,,false,ACTIVE,EA,,VALID,CURRENT,coolit-synthetic-v2.0.0,ALL_SYNTHETIC_CUSTOMERS,ALL_SYNTHETIC_PROGRAMS,P-QD-008,SYNTHETIC_INTERNAL,SNP-COOLIT-20260925-BL,SCN-BASELINE,INVTX-0020-3,CYCLE_COUNT_ADJUSTMENT,P-QD-008,1,EA,LOT-P-QD-008-A,LOC-SUPERMARKET,,,,2026-09-20T12:35:00-06:00,,COUNT_RECONCILIATION
TEN-COOLIT-SYN-001,SITE-COOLIT-SYN-01,ERP,INVENTORY_TRANSACTION,INVTX-0021-1,INVTX-0021-1,RESOLVED,2026-07-19T10:56:00-06:00,2026-09-26T08:00:00-06:00,2026-06-29T00:00:00-06:00,,1,,false,ACTIVE,EA,,VALID,CURRENT,coolit-synthetic-v2.0.0,ALL_SYNTHETIC_CUSTOMERS,ALL_SYNTHETIC_PROGRAMS,P-QD-009,SYNTHETIC_INTERNAL,SNP-COOLIT-20260925-BL,SCN-BASELINE,INVTX-0021-1,RECEIPT,P-QD-009,45,EA,LOT-P-QD-009-A,LOC-SUPERMARKET,,PO-SCH-0021,,2026-07-19T10:56:00-06:00,,STANDARD_FLOW
TEN-COOLIT-SYN-001,SITE-COOLIT-SYN-01,ERP,INVENTORY_TRANSACTION,INVTX-0021-2,INVTX-0021-2,RESOLVED,2026-08-30T11:02:00-06:00,2026-09-26T08:00:00-06:00,2026-06-29T00:00:00-06:00,,1,,false,ACTIVE,EA,,VALID,CURRENT,coolit-synthetic-v2.0.0,ALL_SYNTHETIC_CUSTOMERS,ALL_SYNTHETIC_PROGRAMS,P-QD-009,SYNTHETIC_INTERNAL,SNP-COOLIT-20260925-BL,SCN-BASELINE,INVTX-0021-2,MATERIAL_ISSUE,P-QD-009,-38,EA,LOT-P-QD-009-A,LOC-SUPERMARKET,WO-0021,,,2026-08-30T11:02:00-06:00,,STANDARD_FLOW
TEN-COOLIT-SYN-001,SITE-COOLIT-SYN-01,ERP,INVENTORY_TRANSACTION,INVTX-0021-3,INVTX-0021-3,RESOLVED,2026-09-21T12:28:00-06:00,2026-09-26T08:00:00-06:00,2026-06-29T00:00:00-06:00,,1,,false,ACTIVE,EA,,VALID,CURRENT,coolit-synthetic-v2.0.0,ALL_SYNTHETIC_CUSTOMERS,ALL_SYNTHETIC_PROGRAMS,P-QD-009,SYNTHETIC_INTERNAL,SNP-COOLIT-20260925-BL,SCN-BASELINE,INVTX-0021-3,CYCLE_COUNT_ADJUSTMENT,P-QD-009,0,EA,LOT-P-QD-009-A,LOC-SUPERMARKET,,,,2026-09-21T12:28:00-06:00,,COUNT_RECONCILIATION
TEN-COOLIT-SYN-001,SITE-COOLIT-SYN-01,ERP,INVENTORY_TRANSACTION,INVTX-0022-1,INVTX-0022-1,RESOLVED,2026-07-20T10:49:00-06:00,2026-09-26T08:00:00-06:00,2026-06-29T00:00:00-06:00,,1,,false,ACTIVE,EA,,VALID,CURRENT,coolit-synthetic-v2.0.0,ALL_SYNTHETIC_CUSTOMERS,ALL_SYNTHETIC_PROGRAMS,P-QD-010,SYNTHETIC_INTERNAL,SNP-COOLIT-20260925-BL,SCN-BASELINE,INVTX-0022-1,RECEIPT,P-QD-010,46,EA,LOT-P-QD-010-A,LOC-SUPERMARKET,,PO-SCH-0022,,2026-07-20T10:49:00-06:00,,STANDARD_FLOW
TEN-COOLIT-SYN-001,SITE-COOLIT-SYN-01,ERP,INVENTORY_TRANSACTION,INVTX-0022-2,INVTX-0022-2,RESOLVED,2026-08-31T11:55:00-06:00,2026-09-26T08:00:00-06:00,2026-06-29T00:00:00-06:00,,1,,false,ACTIVE,EA,,VALID,CURRENT,coolit-synthetic-v2.0.0,ALL_SYNTHETIC_CUSTOMERS,ALL_SYNTHETIC_PROGRAMS,P-QD-010,SYNTHETIC_INTERNAL,SNP-COOLIT-20260925-BL,SCN-BASELINE,INVTX-0022-2,MATERIAL_ISSUE,P-QD-010,-39,EA,LOT-P-QD-010-A,LOC-SUPERMARKET,WO-0022,,,2026-08-31T11:55:00-06:00,,STANDARD_FLOW
TEN-COOLIT-SYN-001,SITE-COOLIT-SYN-01,ERP,INVENTORY_TRANSACTION,INVTX-0022-3,INVTX-0022-3,RESOLVED,2026-09-22T12:21:00-06:00,2026-09-26T08:00:00-06:00,2026-06-29T00:00:00-06:00,,1,,false,ACTIVE,EA,,VALID,CURRENT,coolit-synthetic-v2.0.0,ALL_SYNTHETIC_CUSTOMERS,ALL_SYNTHETIC_PROGRAMS,P-QD-010,SYNTHETIC_INTERNAL,SNP-COOLIT-20260925-BL,SCN-BASELINE,INVTX-0022-3,CYCLE_COUNT_ADJUSTMENT,P-QD-010,0,EA,LOT-P-QD-010-A,LOC-SUPERMARKET,,,,2026-09-22T12:21:00-06:00,,COUNT_RECONCILIATION
TEN-COOLIT-SYN-001,SITE-COOLIT-SYN-01,ERP,INVENTORY_TRANSACTION,INVTX-0023-1,INVTX-0023-1,RESOLVED,2026-07-21T10:42:00-06:00,2026-09-26T08:00:00-06:00,2026-06-29T00:00:00-06:00,,1,,false,ACTIVE,EA,,VALID,CURRENT,coolit-synthetic-v2.0.0,ALL_SYNTHETIC_CUSTOMERS,ALL_SYNTHETIC_PROGRAMS,P-PUMP-001,SYNTHETIC_INTERNAL,SNP-COOLIT-20260925-BL,SCN-BASELINE,INVTX-0023-1,RECEIPT,P-PUMP-001,47,EA,LOT-P-PUMP-001-A,LOC-SUPERMARKET,,PO-SCH-0023,,2026-07-21T10:42:00-06:00,,STANDARD_FLOW
TEN-COOLIT-SYN-001,SITE-COOLIT-SYN-01,ERP,INVENTORY_TRANSACTION,INVTX-0023-2,INVTX-0023-2,RESOLVED,2026-09-01T11:48:00-06:00,2026-09-26T08:00:00-06:00,2026-06-29T00:00:00-06:00,,1,,false,ACTIVE,EA,,VALID,CURRENT,coolit-synthetic-v2.0.0,ALL_SYNTHETIC_CUSTOMERS,ALL_SYNTHETIC_PROGRAMS,P-PUMP-001,SYNTHETIC_INTERNAL,SNP-COOLIT-20260925-BL,SCN-BASELINE,INVTX-0023-2,MATERIAL_ISSUE,P-PUMP-001,-40,EA,LOT-P-PUMP-001-A,LOC-SUPERMARKET,WO-0023,,,2026-09-01T11:48:00-06:00,,STANDARD_FLOW
TEN-COOLIT-SYN-001,SITE-COOLIT-SYN-01,ERP,INVENTORY_TRANSACTION,INVTX-0023-3,INVTX-0023-3,RESOLVED,2026-09-23T12:14:00-06:00,2026-09-26T08:00:00-06:00,2026-06-29T00:00:00-06:00,,1,,false,ACTIVE,EA,,VALID,CURRENT,coolit-synthetic-v2.0.0,ALL_SYNTHETIC_CUSTOMERS,ALL_SYNTHETIC_PROGRAMS,P-PUMP-001,SYNTHETIC_INTERNAL,SNP-COOLIT-20260925-BL,SCN-BASELINE,INVTX-0023-3,CYCLE_COUNT_ADJUSTMENT,P-PUMP-001,0,EA,LOT-P-PUMP-001-A,LOC-SUPERMARKET,,,,2026-09-23T12:14:00-06:00,,COUNT_RECONCILIATION
TEN-COOLIT-SYN-001,SITE-COOLIT-SYN-01,ERP,INVENTORY_TRANSACTION,INVTX-0024-1,INVTX-0024-1,RESOLVED,2026-07-22T10:35:00-06:00,2026-09-26T08:00:00-06:00,2026-06-29T00:00:00-06:00,,1,,false,ACTIVE,EA,,VALID,CURRENT,coolit-synthetic-v2.0.0,ALL_SYNTHETIC_CUSTOMERS,ALL_SYNTHETIC_PROGRAMS,P-PUMP-002,SYNTHETIC_INTERNAL,SNP-COOLIT-20260925-BL,SCN-BASELINE,INVTX-0024-1,RECEIPT,P-PUMP-002,48,EA,LOT-P-PUMP-002-A,LOC-SUPERMARKET,,PO-SCH-0024,,2026-07-22T10:35:00-06:00,,STANDARD_FLOW
TEN-COOLIT-SYN-001,SITE-COOLIT-SYN-01,ERP,INVENTORY_TRANSACTION,INVTX-0024-2,INVTX-0024-2,RESOLVED,2026-09-02T11:41:00-06:00,2026-09-26T08:00:00-06:00,2026-06-29T00:00:00-06:00,,1,,false,ACTIVE,EA,,VALID,CURRENT,coolit-synthetic-v2.0.0,ALL_SYNTHETIC_CUSTOMERS,ALL_SYNTHETIC_PROGRAMS,P-PUMP-002,SYNTHETIC_INTERNAL,SNP-COOLIT-20260925-BL,SCN-BASELINE,INVTX-0024-2,MATERIAL_ISSUE,P-PUMP-002,-41,EA,LOT-P-PUMP-002-A,LOC-SUPERMARKET,WO-0024,,,2026-09-02T11:41:00-06:00,,STANDARD_FLOW
TEN-COOLIT-SYN-001,SITE-COOLIT-SYN-01,ERP,INVENTORY_TRANSACTION,INVTX-0024-3,INVTX-0024-3,RESOLVED,2026-09-24T12:07:00-06:00,2026-09-26T08:00:00-06:00,2026-06-29T00:00:00-06:00,,1,,false,ACTIVE,EA,,VALID,CURRENT,coolit-synthetic-v2.0.0,ALL_SYNTHETIC_CUSTOMERS,ALL_SYNTHETIC_PROGRAMS,P-PUMP-002,SYNTHETIC_INTERNAL,SNP-COOLIT-20260925-BL,SCN-BASELINE,INVTX-0024-3,CYCLE_COUNT_ADJUSTMENT,P-PUMP-002,0,EA,LOT-P-PUMP-002-A,LOC-SUPERMARKET,,,,2026-09-24T12:07:00-06:00,,COUNT_RECONCILIATION
TEN-COOLIT-SYN-001,SITE-COOLIT-SYN-01,ERP,INVENTORY_TRANSACTION,INVTX-0025-1,INVTX-0025-1,RESOLVED,2026-07-23T10:28:00-06:00,2026-09-26T08:00:00-06:00,2026-06-29T00:00:00-06:00,,1,,false,ACTIVE,EA,,VALID,CURRENT,coolit-synthetic-v2.0.0,ALL_SYNTHETIC_CUSTOMERS,ALL_SYNTHETIC_PROGRAMS,P-PUMP-003,SYNTHETIC_INTERNAL,SNP-COOLIT-20260925-BL,SCN-BASELINE,INVTX-0025-1,RECEIPT,P-PUMP-003,49,EA,LOT-P-PUMP-003-A,LOC-SUPERMARKET,,PO-SCH-0025,,2026-07-23T10:28:00-06:00,,STANDARD_FLOW
TEN-COOLIT-SYN-001,SITE-COOLIT-SYN-01,ERP,INVENTORY_TRANSACTION,INVTX-0025-2,INVTX-0025-2,RESOLVED,2026-09-03T11:34:00-06:00,2026-09-26T08:00:00-06:00,2026-06-29T00:00:00-06:00,,1,,false,ACTIVE,EA,,VALID,CURRENT,coolit-synthetic-v2.0.0,ALL_SYNTHETIC_CUSTOMERS,ALL_SYNTHETIC_PROGRAMS,P-PUMP-003,SYNTHETIC_INTERNAL,SNP-COOLIT-20260925-BL,SCN-BASELINE,INVTX-0025-2,MATERIAL_ISSUE,P-PUMP-003,-42,EA,LOT-P-PUMP-003-A,LOC-SUPERMARKET,WO-0025,,,2026-09-03T11:34:00-06:00,,STANDARD_FLOW
TEN-COOLIT-SYN-001,SITE-COOLIT-SYN-01,ERP,INVENTORY_TRANSACTION,INVTX-0025-3,INVTX-0025-3,RESOLVED,2026-09-25T12:00:00-06:00,2026-09-26T08:00:00-06:00,2026-06-29T00:00:00-06:00,,1,,false,ACTIVE,EA,,VALID,CURRENT,coolit-synthetic-v2.0.0,ALL_SYNTHETIC_CUSTOMERS,ALL_SYNTHETIC_PROGRAMS,P-PUMP-003,SYNTHETIC_INTERNAL,SNP-COOLIT-20260925-BL,SCN-BASELINE,INVTX-0025-3,CYCLE_COUNT_ADJUSTMENT,P-PUMP-003,0,EA,LOT-P-PUMP-003-A,LOC-SUPERMARKET,,,,2026-09-25T12:00:00-06:00,,COUNT_RECONCILIATION
TEN-COOLIT-SYN-001,SITE-COOLIT-SYN-01,ERP,INVENTORY_TRANSACTION,INVTX-0026-1,INVTX-0026-1,RESOLVED,2026-07-24T10:21:00-06:00,2026-09-26T08:00:00-06:00,2026-06-29T00:00:00-06:00,,1,,false,ACTIVE,EA,,VALID,CURRENT,coolit-synthetic-v2.0.0,ALL_SYNTHETIC_CUSTOMERS,ALL_SYNTHETIC_PROGRAMS,P-PUMP-004,SYNTHETIC_INTERNAL,SNP-COOLIT-20260925-BL,SCN-BASELINE,INVTX-0026-1,RECEIPT,P-PUMP-004,50,EA,LOT-P-PUMP-004-A,LOC-SUPERMARKET,,PO-SCH-0026,,2026-07-24T10:21:00-06:00,,STANDARD_FLOW
TEN-COOLIT-SYN-001,SITE-COOLIT-SYN-01,ERP,INVENTORY_TRANSACTION,INVTX-0026-2,INVTX-0026-2,RESOLVED,2026-09-04T11:27:00-06:00,2026-09-26T08:00:00-06:00,2026-06-29T00:00:00-06:00,,1,,false,ACTIVE,EA,,VALID,CURRENT,coolit-synthetic-v2.0.0,ALL_SYNTHETIC_CUSTOMERS,ALL_SYNTHETIC_PROGRAMS,P-PUMP-004,SYNTHETIC_INTERNAL,SNP-COOLIT-20260925-BL,SCN-BASELINE,INVTX-0026-2,MATERIAL_ISSUE,P-PUMP-004,-43,EA,LOT-P-PUMP-004-A,LOC-SUPERMARKET,WO-0026,,,2026-09-04T11:27:00-06:00,,STANDARD_FLOW
TEN-COOLIT-SYN-001,SITE-COOLIT-SYN-01,ERP,INVENTORY_TRANSACTION,INVTX-0026-3,INVTX-0026-3,RESOLVED,2026-09-25T12:00:00-06:00,2026-09-26T08:00:00-06:00,2026-06-29T00:00:00-06:00,,1,,false,ACTIVE,EA,,VALID,CURRENT,coolit-synthetic-v2.0.0,ALL_SYNTHETIC_CUSTOMERS,ALL_SYNTHETIC_PROGRAMS,P-PUMP-004,SYNTHETIC_INTERNAL,SNP-COOLIT-20260925-BL,SCN-BASELINE,INVTX-0026-3,CYCLE_COUNT_ADJUSTMENT,P-PUMP-004,0,EA,LOT-P-PUMP-004-A,LOC-SUPERMARKET,,,,2026-09-25T12:00:00-06:00,,COUNT_RECONCILIATION
TEN-COOLIT-SYN-001,SITE-COOLIT-SYN-01,ERP,INVENTORY_TRANSACTION,INVTX-0027-1,INVTX-0027-1,RESOLVED,2026-07-25T10:14:00-06:00,2026-09-26T08:00:00-06:00,2026-06-29T00:00:00-06:00,,1,,false,ACTIVE,EA,,VALID,CURRENT,coolit-synthetic-v2.0.0,ALL_SYNTHETIC_CUSTOMERS,ALL_SYNTHETIC_PROGRAMS,P-PUMP-005,SYNTHETIC_INTERNAL,SNP-COOLIT-20260925-BL,SCN-BASELINE,INVTX-0027-1,RECEIPT,P-PUMP-005,51,EA,LOT-P-PUMP-005-A,LOC-SUPERMARKET,,PO-SCH-0027,,2026-07-25T10:14:00-06:00,,STANDARD_FLOW
TEN-COOLIT-SYN-001,SITE-COOLIT-SYN-01,ERP,INVENTORY_TRANSACTION,INVTX-0027-2,INVTX-0027-2,RESOLVED,2026-09-05T11:20:00-06:00,2026-09-26T08:00:00-06:00,2026-06-29T00:00:00-06:00,,1,,false,ACTIVE,EA,,VALID,CURRENT,coolit-synthetic-v2.0.0,ALL_SYNTHETIC_CUSTOMERS,ALL_SYNTHETIC_PROGRAMS,P-PUMP-005,SYNTHETIC_INTERNAL,SNP-COOLIT-20260925-BL,SCN-BASELINE,INVTX-0027-2,MATERIAL_ISSUE,P-PUMP-005,-44,EA,LOT-P-PUMP-005-A,LOC-SUPERMARKET,WO-0027,,,2026-09-05T11:20:00-06:00,,STANDARD_FLOW
TEN-COOLIT-SYN-001,SITE-COOLIT-SYN-01,ERP,INVENTORY_TRANSACTION,INVTX-0027-3,INVTX-0027-3,RESOLVED,2026-09-25T12:00:00-06:00,2026-09-26T08:00:00-06:00,2026-06-29T00:00:00-06:00,,1,,false,ACTIVE,EA,,VALID,CURRENT,coolit-synthetic-v2.0.0,ALL_SYNTHETIC_CUSTOMERS,ALL_SYNTHETIC_PROGRAMS,P-PUMP-005,SYNTHETIC_INTERNAL,SNP-COOLIT-20260925-BL,SCN-BASELINE,INVTX-0027-3,CYCLE_COUNT_ADJUSTMENT,P-PUMP-005,0,EA,LOT-P-PUMP-005-A,LOC-SUPERMARKET,,,,2026-09-25T12:00:00-06:00,,COUNT_RECONCILIATION
TEN-COOLIT-SYN-001,SITE-COOLIT-SYN-01,ERP,INVENTORY_TRANSACTION,INVTX-0028-1,INVTX-0028-1,RESOLVED,2026-07-17T10:10:00-06:00,2026-09-26T08:00:00-06:00,2026-06-29T00:00:00-06:00,,1,,false,ACTIVE,EA,,VALID,CURRENT,coolit-synthetic-v2.0.0,ALL_SYNTHETIC_CUSTOMERS,ALL_SYNTHETIC_PROGRAMS,P-PUMP-006,SYNTHETIC_INTERNAL,SNP-COOLIT-20260925-BL,SCN-BASELINE,INVTX-0028-1,RECEIPT,P-PUMP-006,52,EA,LOT-P-PUMP-006-A,LOC-SUPERMARKET,,PO-SCH-0028,,2026-07-17T10:10:00-06:00,,STANDARD_FLOW
TEN-COOLIT-SYN-001,SITE-COOLIT-SYN-01,ERP,INVENTORY_TRANSACTION,INVTX-0028-2,INVTX-0028-2,RESOLVED,2026-08-28T11:16:00-06:00,2026-09-26T08:00:00-06:00,2026-06-29T00:00:00-06:00,,1,,false,ACTIVE,EA,,VALID,CURRENT,coolit-synthetic-v2.0.0,ALL_SYNTHETIC_CUSTOMERS,ALL_SYNTHETIC_PROGRAMS,P-PUMP-006,SYNTHETIC_INTERNAL,SNP-COOLIT-20260925-BL,SCN-BASELINE,INVTX-0028-2,MATERIAL_ISSUE,P-PUMP-006,-45,EA,LOT-P-PUMP-006-A,LOC-SUPERMARKET,WO-0028,,,2026-08-28T11:16:00-06:00,,STANDARD_FLOW
TEN-COOLIT-SYN-001,SITE-COOLIT-SYN-01,ERP,INVENTORY_TRANSACTION,INVTX-0028-3,INVTX-0028-3,RESOLVED,2026-09-19T12:42:00-06:00,2026-09-26T08:00:00-06:00,2026-06-29T00:00:00-06:00,,1,,false,ACTIVE,EA,,VALID,CURRENT,coolit-synthetic-v2.0.0,ALL_SYNTHETIC_CUSTOMERS,ALL_SYNTHETIC_PROGRAMS,P-PUMP-006,SYNTHETIC_INTERNAL,SNP-COOLIT-20260925-BL,SCN-BASELINE,INVTX-0028-3,CYCLE_COUNT_ADJUSTMENT,P-PUMP-006,0,EA,LOT-P-PUMP-006-A,LOC-SUPERMARKET,,,,2026-09-19T12:42:00-06:00,,COUNT_RECONCILIATION
TEN-COOLIT-SYN-001,SITE-COOLIT-SYN-01,ERP,INVENTORY_TRANSACTION,INVTX-0029-1,INVTX-0029-1,RESOLVED,2026-07-18T10:03:00-06:00,2026-09-26T08:00:00-06:00,2026-06-29T00:00:00-06:00,,1,,false,ACTIVE,EA,,VALID,CURRENT,coolit-synthetic-v2.0.0,ALL_SYNTHETIC_CUSTOMERS,ALL_SYNTHETIC_PROGRAMS,P-PUMP-007,SYNTHETIC_INTERNAL,SNP-COOLIT-20260925-BL,SCN-BASELINE,INVTX-0029-1,RECEIPT,P-PUMP-007,53,EA,LOT-P-PUMP-007-A,LOC-SUPERMARKET,,PO-SCH-0029,,2026-07-18T10:03:00-06:00,,STANDARD_FLOW
TEN-COOLIT-SYN-001,SITE-COOLIT-SYN-01,ERP,INVENTORY_TRANSACTION,INVTX-0029-2,INVTX-0029-2,RESOLVED,2026-08-29T11:09:00-06:00,2026-09-26T08:00:00-06:00,2026-06-29T00:00:00-06:00,,1,,false,ACTIVE,EA,,VALID,CURRENT,coolit-synthetic-v2.0.0,ALL_SYNTHETIC_CUSTOMERS,ALL_SYNTHETIC_PROGRAMS,P-PUMP-007,SYNTHETIC_INTERNAL,SNP-COOLIT-20260925-BL,SCN-BASELINE,INVTX-0029-2,MATERIAL_ISSUE,P-PUMP-007,-46,EA,LOT-P-PUMP-007-A,LOC-SUPERMARKET,WO-0029,,,2026-08-29T11:09:00-06:00,,STANDARD_FLOW
TEN-COOLIT-SYN-001,SITE-COOLIT-SYN-01,ERP,INVENTORY_TRANSACTION,INVTX-0029-3,INVTX-0029-3,RESOLVED,2026-09-20T12:35:00-06:00,2026-09-26T08:00:00-06:00,2026-06-29T00:00:00-06:00,,1,,false,ACTIVE,EA,,VALID,CURRENT,coolit-synthetic-v2.0.0,ALL_SYNTHETIC_CUSTOMERS,ALL_SYNTHETIC_PROGRAMS,P-PUMP-007,SYNTHETIC_INTERNAL,SNP-COOLIT-20260925-BL,SCN-BASELINE,INVTX-0029-3,CYCLE_COUNT_ADJUSTMENT,P-PUMP-007,0,EA,LOT-P-PUMP-007-A,LOC-SUPERMARKET,,,,2026-09-20T12:35:00-06:00,,COUNT_RECONCILIATION
TEN-COOLIT-SYN-001,SITE-COOLIT-SYN-01,ERP,INVENTORY_TRANSACTION,INVTX-0030-1,INVTX-0030-1,RESOLVED,2026-07-19T10:56:00-06:00,2026-09-26T08:00:00-06:00,2026-06-29T00:00:00-06:00,,1,,false,ACTIVE,EA,,VALID,CURRENT,coolit-synthetic-v2.0.0,ALL_SYNTHETIC_CUSTOMERS,ALL_SYNTHETIC_PROGRAMS,P-PUMP-008,SYNTHETIC_INTERNAL,SNP-COOLIT-20260925-BL,SCN-BASELINE,INVTX-0030-1,RECEIPT,P-PUMP-008,54,EA,LOT-P-PUMP-008-A,LOC-SUPERMARKET,,PO-SCH-0030,,2026-07-19T10:56:00-06:00,,STANDARD_FLOW
TEN-COOLIT-SYN-001,SITE-COOLIT-SYN-01,ERP,INVENTORY_TRANSACTION,INVTX-0030-2,INVTX-0030-2,RESOLVED,2026-08-30T11:02:00-06:00,2026-09-26T08:00:00-06:00,2026-06-29T00:00:00-06:00,,1,,false,ACTIVE,EA,,VALID,CURRENT,coolit-synthetic-v2.0.0,ALL_SYNTHETIC_CUSTOMERS,ALL_SYNTHETIC_PROGRAMS,P-PUMP-008,SYNTHETIC_INTERNAL,SNP-COOLIT-20260925-BL,SCN-BASELINE,INVTX-0030-2,MATERIAL_ISSUE,P-PUMP-008,-47,EA,LOT-P-PUMP-008-A,LOC-SUPERMARKET,WO-0030,,,2026-08-30T11:02:00-06:00,,STANDARD_FLOW
TEN-COOLIT-SYN-001,SITE-COOLIT-SYN-01,ERP,INVENTORY_TRANSACTION,INVTX-0030-3,INVTX-0030-3,RESOLVED,2026-09-21T12:28:00-06:00,2026-09-26T08:00:00-06:00,2026-06-29T00:00:00-06:00,,1,,false,ACTIVE,EA,,VALID,CURRENT,coolit-synthetic-v2.0.0,ALL_SYNTHETIC_CUSTOMERS,ALL_SYNTHETIC_PROGRAMS,P-PUMP-008,SYNTHETIC_INTERNAL,SNP-COOLIT-20260925-BL,SCN-BASELINE,INVTX-0030-3,CYCLE_COUNT_ADJUSTMENT,P-PUMP-008,0,EA,LOT-P-PUMP-008-A,LOC-SUPERMARKET,,,,2026-09-21T12:28:00-06:00,,COUNT_RECONCILIATION
TEN-COOLIT-SYN-001,SITE-COOLIT-SYN-01,ERP,INVENTORY_TRANSACTION,INVTX-0031-1,INVTX-0031-1,RESOLVED,2026-07-20T10:49:00-06:00,2026-09-26T08:00:00-06:00,2026-06-29T00:00:00-06:00,,1,,false,ACTIVE,EA,,VALID,CURRENT,coolit-synthetic-v2.0.0,ALL_SYNTHETIC_CUSTOMERS,ALL_SYNTHETIC_PROGRAMS,P-HX-001,SYNTHETIC_INTERNAL,SNP-COOLIT-20260925-BL,SCN-BASELINE,INVTX-0031-1,RECEIPT,P-HX-001,55,EA,LOT-P-HX-001-A,LOC-SUPERMARKET,,PO-SCH-0031,,2026-07-20T10:49:00-06:00,,STANDARD_FLOW
TEN-COOLIT-SYN-001,SITE-COOLIT-SYN-01,ERP,INVENTORY_TRANSACTION,INVTX-0031-2,INVTX-0031-2,RESOLVED,2026-08-31T11:55:00-06:00,2026-09-26T08:00:00-06:00,2026-06-29T00:00:00-06:00,,1,,false,ACTIVE,EA,,VALID,CURRENT,coolit-synthetic-v2.0.0,ALL_SYNTHETIC_CUSTOMERS,ALL_SYNTHETIC_PROGRAMS,P-HX-001,SYNTHETIC_INTERNAL,SNP-COOLIT-20260925-BL,SCN-BASELINE,INVTX-0031-2,MATERIAL_ISSUE,P-HX-001,-48,EA,LOT-P-HX-001-A,LOC-SUPERMARKET,WO-0031,,,2026-08-31T11:55:00-06:00,,STANDARD_FLOW
TEN-COOLIT-SYN-001,SITE-COOLIT-SYN-01,ERP,INVENTORY_TRANSACTION,INVTX-0031-3,INVTX-0031-3,RESOLVED,2026-09-22T12:21:00-06:00,2026-09-26T08:00:00-06:00,2026-06-29T00:00:00-06:00,,1,,false,ACTIVE,EA,,VALID,CURRENT,coolit-synthetic-v2.0.0,ALL_SYNTHETIC_CUSTOMERS,ALL_SYNTHETIC_PROGRAMS,P-HX-001,SYNTHETIC_INTERNAL,SNP-COOLIT-20260925-BL,SCN-BASELINE,INVTX-0031-3,CYCLE_COUNT_ADJUSTMENT,P-HX-001,0,EA,LOT-P-HX-001-A,LOC-SUPERMARKET,,,,2026-09-22T12:21:00-06:00,,COUNT_RECONCILIATION
TEN-COOLIT-SYN-001,SITE-COOLIT-SYN-01,ERP,INVENTORY_TRANSACTION,INVTX-0032-1,INVTX-0032-1,RESOLVED,2026-07-21T10:42:00-06:00,2026-09-26T08:00:00-06:00,2026-06-29T00:00:00-06:00,,1,,false,ACTIVE,EA,,VALID,CURRENT,coolit-synthetic-v2.0.0,ALL_SYNTHETIC_CUSTOMERS,ALL_SYNTHETIC_PROGRAMS,P-HX-002,SYNTHETIC_INTERNAL,SNP-COOLIT-20260925-BL,SCN-BASELINE,INVTX-0032-1,RECEIPT,P-HX-002,56,EA,LOT-P-HX-002-A,LOC-SUPERMARKET,,PO-SCH-0032,,2026-07-21T10:42:00-06:00,,STANDARD_FLOW
TEN-COOLIT-SYN-001,SITE-COOLIT-SYN-01,ERP,INVENTORY_TRANSACTION,INVTX-0032-2,INVTX-0032-2,RESOLVED,2026-09-01T11:48:00-06:00,2026-09-26T08:00:00-06:00,2026-06-29T00:00:00-06:00,,1,,false,ACTIVE,EA,,VALID,CURRENT,coolit-synthetic-v2.0.0,ALL_SYNTHETIC_CUSTOMERS,ALL_SYNTHETIC_PROGRAMS,P-HX-002,SYNTHETIC_INTERNAL,SNP-COOLIT-20260925-BL,SCN-BASELINE,INVTX-0032-2,MATERIAL_ISSUE,P-HX-002,-49,EA,LOT-P-HX-002-A,LOC-SUPERMARKET,WO-0032,,,2026-09-01T11:48:00-06:00,,STANDARD_FLOW
TEN-COOLIT-SYN-001,SITE-COOLIT-SYN-01,ERP,INVENTORY_TRANSACTION,INVTX-0032-3,INVTX-0032-3,RESOLVED,2026-09-23T12:14:00-06:00,2026-09-26T08:00:00-06:00,2026-06-29T00:00:00-06:00,,1,,false,ACTIVE,EA,,VALID,CURRENT,coolit-synthetic-v2.0.0,ALL_SYNTHETIC_CUSTOMERS,ALL_SYNTHETIC_PROGRAMS,P-HX-002,SYNTHETIC_INTERNAL,SNP-COOLIT-20260925-BL,SCN-BASELINE,INVTX-0032-3,CYCLE_COUNT_ADJUSTMENT,P-HX-002,0,EA,LOT-P-HX-002-A,LOC-SUPERMARKET,,,,2026-09-23T12:14:00-06:00,,COUNT_RECONCILIATION
TEN-COOLIT-SYN-001,SITE-COOLIT-SYN-01,ERP,INVENTORY_TRANSACTION,INVTX-0033-1,INVTX-0033-1,RESOLVED,2026-07-22T10:35:00-06:00,2026-09-26T08:00:00-06:00,2026-06-29T00:00:00-06:00,,1,,false,ACTIVE,EA,,VALID,CURRENT,coolit-synthetic-v2.0.0,ALL_SYNTHETIC_CUSTOMERS,ALL_SYNTHETIC_PROGRAMS,P-HX-003,SYNTHETIC_INTERNAL,SNP-COOLIT-20260925-BL,SCN-BASELINE,INVTX-0033-1,RECEIPT,P-HX-003,57,EA,LOT-P-HX-003-A,LOC-SUPERMARKET,,PO-SCH-0033,,2026-07-22T10:35:00-06:00,,STANDARD_FLOW
TEN-COOLIT-SYN-001,SITE-COOLIT-SYN-01,ERP,INVENTORY_TRANSACTION,INVTX-0033-2,INVTX-0033-2,RESOLVED,2026-09-02T11:41:00-06:00,2026-09-26T08:00:00-06:00,2026-06-29T00:00:00-06:00,,1,,false,ACTIVE,EA,,VALID,CURRENT,coolit-synthetic-v2.0.0,ALL_SYNTHETIC_CUSTOMERS,ALL_SYNTHETIC_PROGRAMS,P-HX-003,SYNTHETIC_INTERNAL,SNP-COOLIT-20260925-BL,SCN-BASELINE,INVTX-0033-2,MATERIAL_ISSUE,P-HX-003,-50,EA,LOT-P-HX-003-A,LOC-SUPERMARKET,WO-0033,,,2026-09-02T11:41:00-06:00,,STANDARD_FLOW
TEN-COOLIT-SYN-001,SITE-COOLIT-SYN-01,ERP,INVENTORY_TRANSACTION,INVTX-0033-3,INVTX-0033-3,RESOLVED,2026-09-24T12:07:00-06:00,2026-09-26T08:00:00-06:00,2026-06-29T00:00:00-06:00,,1,,false,ACTIVE,EA,,VALID,CURRENT,coolit-synthetic-v2.0.0,ALL_SYNTHETIC_CUSTOMERS,ALL_SYNTHETIC_PROGRAMS,P-HX-003,SYNTHETIC_INTERNAL,SNP-COOLIT-20260925-BL,SCN-BASELINE,INVTX-0033-3,CYCLE_COUNT_ADJUSTMENT,P-HX-003,0,EA,LOT-P-HX-003-A,LOC-SUPERMARKET,,,,2026-09-24T12:07:00-06:00,,COUNT_RECONCILIATION
TEN-COOLIT-SYN-001,SITE-COOLIT-SYN-01,ERP,INVENTORY_TRANSACTION,INVTX-0034-1,INVTX-0034-1,RESOLVED,2026-07-23T10:28:00-06:00,2026-09-26T08:00:00-06:00,2026-06-29T00:00:00-06:00,,1,,false,ACTIVE,EA,,VALID,CURRENT,coolit-synthetic-v2.0.0,ALL_SYNTHETIC_CUSTOMERS,ALL_SYNTHETIC_PROGRAMS,P-HX-004,SYNTHETIC_INTERNAL,SNP-COOLIT-20260925-BL,SCN-BASELINE,INVTX-0034-1,RECEIPT,P-HX-004,58,EA,LOT-P-HX-004-A,LOC-SUPERMARKET,,PO-SCH-0034,,2026-07-23T10:28:00-06:00,,STANDARD_FLOW
TEN-COOLIT-SYN-001,SITE-COOLIT-SYN-01,ERP,INVENTORY_TRANSACTION,INVTX-0034-2,INVTX-0034-2,RESOLVED,2026-09-03T11:34:00-06:00,2026-09-26T08:00:00-06:00,2026-06-29T00:00:00-06:00,,1,,false,ACTIVE,EA,,VALID,CURRENT,coolit-synthetic-v2.0.0,ALL_SYNTHETIC_CUSTOMERS,ALL_SYNTHETIC_PROGRAMS,P-HX-004,SYNTHETIC_INTERNAL,SNP-COOLIT-20260925-BL,SCN-BASELINE,INVTX-0034-2,MATERIAL_ISSUE,P-HX-004,-51,EA,LOT-P-HX-004-A,LOC-SUPERMARKET,WO-0034,,,2026-09-03T11:34:00-06:00,,STANDARD_FLOW
TEN-COOLIT-SYN-001,SITE-COOLIT-SYN-01,ERP,INVENTORY_TRANSACTION,INVTX-0034-3,INVTX-0034-3,RESOLVED,2026-09-25T12:00:00-06:00,2026-09-26T08:00:00-06:00,2026-06-29T00:00:00-06:00,,1,,false,ACTIVE,EA,,VALID,CURRENT,coolit-synthetic-v2.0.0,ALL_SYNTHETIC_CUSTOMERS,ALL_SYNTHETIC_PROGRAMS,P-HX-004,SYNTHETIC_INTERNAL,SNP-COOLIT-20260925-BL,SCN-BASELINE,INVTX-0034-3,CYCLE_COUNT_ADJUSTMENT,P-HX-004,0,EA,LOT-P-HX-004-A,LOC-SUPERMARKET,,,,2026-09-25T12:00:00-06:00,,COUNT_RECONCILIATION
TEN-COOLIT-SYN-001,SITE-COOLIT-SYN-01,ERP,INVENTORY_TRANSACTION,INVTX-0035-1,INVTX-0035-1,RESOLVED,2026-07-24T10:21:00-06:00,2026-09-26T08:00:00-06:00,2026-06-29T00:00:00-06:00,,1,,false,ACTIVE,EA,,VALID,CURRENT,coolit-synthetic-v2.0.0,ALL_SYNTHETIC_CUSTOMERS,ALL_SYNTHETIC_PROGRAMS,P-HX-005,SYNTHETIC_INTERNAL,SNP-COOLIT-20260925-BL,SCN-BASELINE,INVTX-0035-1,RECEIPT,P-HX-005,59,EA,LOT-P-HX-005-A,LOC-SUPERMARKET,,PO-SCH-0035,,2026-07-24T10:21:00-06:00,,STANDARD_FLOW
TEN-COOLIT-SYN-001,SITE-COOLIT-SYN-01,ERP,INVENTORY_TRANSACTION,INVTX-0035-2,INVTX-0035-2,RESOLVED,2026-09-04T11:27:00-06:00,2026-09-26T08:00:00-06:00,2026-06-29T00:00:00-06:00,,1,,false,ACTIVE,EA,,VALID,CURRENT,coolit-synthetic-v2.0.0,ALL_SYNTHETIC_CUSTOMERS,ALL_SYNTHETIC_PROGRAMS,P-HX-005,SYNTHETIC_INTERNAL,SNP-COOLIT-20260925-BL,SCN-BASELINE,INVTX-0035-2,MATERIAL_ISSUE,P-HX-005,-52,EA,LOT-P-HX-005-A,LOC-SUPERMARKET,WO-0035,,,2026-09-04T11:27:00-06:00,,STANDARD_FLOW
TEN-COOLIT-SYN-001,SITE-COOLIT-SYN-01,ERP,INVENTORY_TRANSACTION,INVTX-0035-3,INVTX-0035-3,RESOLVED,2026-09-25T12:00:00-06:00,2026-09-26T08:00:00-06:00,2026-06-29T00:00:00-06:00,,1,,false,ACTIVE,EA,,VALID,CURRENT,coolit-synthetic-v2.0.0,ALL_SYNTHETIC_CUSTOMERS,ALL_SYNTHETIC_PROGRAMS,P-HX-005,SYNTHETIC_INTERNAL,SNP-COOLIT-20260925-BL,SCN-BASELINE,INVTX-0035-3,CYCLE_COUNT_ADJUSTMENT,P-HX-005,-2,EA,LOT-P-HX-005-A,LOC-SUPERMARKET,,,,2026-09-25T12:00:00-06:00,,COUNT_RECONCILIATION
TEN-COOLIT-SYN-001,SITE-COOLIT-SYN-01,ERP,INVENTORY_TRANSACTION,INVTX-0036-1,INVTX-0036-1,RESOLVED,2026-07-25T10:14:00-06:00,2026-09-26T08:00:00-06:00,2026-06-29T00:00:00-06:00,,1,,false,ACTIVE,EA,,VALID,CURRENT,coolit-synthetic-v2.0.0,ALL_SYNTHETIC_CUSTOMERS,ALL_SYNTHETIC_PROGRAMS,P-HX-006,SYNTHETIC_INTERNAL,SNP-COOLIT-20260925-BL,SCN-BASELINE,INVTX-0036-1,RECEIPT,P-HX-006,60,EA,LOT-P-HX-006-A,LOC-SUPERMARKET,,PO-SCH-0036,,2026-07-25T10:14:00-06:00,,STANDARD_FLOW
TEN-COOLIT-SYN-001,SITE-COOLIT-SYN-01,ERP,INVENTORY_TRANSACTION,INVTX-0036-2,INVTX-0036-2,RESOLVED,2026-09-05T11:20:00-06:00,2026-09-26T08:00:00-06:00,2026-06-29T00:00:00-06:00,,1,,false,ACTIVE,EA,,VALID,CURRENT,coolit-synthetic-v2.0.0,ALL_SYNTHETIC_CUSTOMERS,ALL_SYNTHETIC_PROGRAMS,P-HX-006,SYNTHETIC_INTERNAL,SNP-COOLIT-20260925-BL,SCN-BASELINE,INVTX-0036-2,MATERIAL_ISSUE,P-HX-006,-53,EA,LOT-P-HX-006-A,LOC-SUPERMARKET,WO-0036,,,2026-09-05T11:20:00-06:00,,STANDARD_FLOW
TEN-COOLIT-SYN-001,SITE-COOLIT-SYN-01,ERP,INVENTORY_TRANSACTION,INVTX-0036-3,INVTX-0036-3,RESOLVED,2026-09-25T12:00:00-06:00,2026-09-26T08:00:00-06:00,2026-06-29T00:00:00-06:00,,1,,false,ACTIVE,EA,,VALID,CURRENT,coolit-synthetic-v2.0.0,ALL_SYNTHETIC_CUSTOMERS,ALL_SYNTHETIC_PROGRAMS,P-HX-006,SYNTHETIC_INTERNAL,SNP-COOLIT-20260925-BL,SCN-BASELINE,INVTX-0036-3,CYCLE_COUNT_ADJUSTMENT,P-HX-006,0,EA,LOT-P-HX-006-A,LOC-SUPERMARKET,,,,2026-09-25T12:00:00-06:00,,COUNT_RECONCILIATION
TEN-COOLIT-SYN-001,SITE-COOLIT-SYN-01,ERP,INVENTORY_TRANSACTION,INVTX-0037-1,INVTX-0037-1,RESOLVED,2026-07-17T10:10:00-06:00,2026-09-26T08:00:00-06:00,2026-06-29T00:00:00-06:00,,1,,false,ACTIVE,EA,,VALID,CURRENT,coolit-synthetic-v2.0.0,ALL_SYNTHETIC_CUSTOMERS,ALL_SYNTHETIC_PROGRAMS,P-CTRL-001,SYNTHETIC_INTERNAL,SNP-COOLIT-20260925-BL,SCN-BASELINE,INVTX-0037-1,RECEIPT,P-CTRL-001,61,EA,LOT-P-CTRL-001-A,LOC-SUPERMARKET,,PO-SCH-0037,,2026-07-17T10:10:00-06:00,,STANDARD_FLOW
TEN-COOLIT-SYN-001,SITE-COOLIT-SYN-01,ERP,INVENTORY_TRANSACTION,INVTX-0037-2,INVTX-0037-2,RESOLVED,2026-08-28T11:16:00-06:00,2026-09-26T08:00:00-06:00,2026-06-29T00:00:00-06:00,,1,,false,ACTIVE,EA,,VALID,CURRENT,coolit-synthetic-v2.0.0,ALL_SYNTHETIC_CUSTOMERS,ALL_SYNTHETIC_PROGRAMS,P-CTRL-001,SYNTHETIC_INTERNAL,SNP-COOLIT-20260925-BL,SCN-BASELINE,INVTX-0037-2,MATERIAL_ISSUE,P-CTRL-001,-54,EA,LOT-P-CTRL-001-A,LOC-SUPERMARKET,WO-0037,,,2026-08-28T11:16:00-06:00,,STANDARD_FLOW
TEN-COOLIT-SYN-001,SITE-COOLIT-SYN-01,ERP,INVENTORY_TRANSACTION,INVTX-0037-3,INVTX-0037-3,RESOLVED,2026-09-19T12:42:00-06:00,2026-09-26T08:00:00-06:00,2026-06-29T00:00:00-06:00,,1,,false,ACTIVE,EA,,VALID,CURRENT,coolit-synthetic-v2.0.0,ALL_SYNTHETIC_CUSTOMERS,ALL_SYNTHETIC_PROGRAMS,P-CTRL-001,SYNTHETIC_INTERNAL,SNP-COOLIT-20260925-BL,SCN-BASELINE,INVTX-0037-3,CYCLE_COUNT_ADJUSTMENT,P-CTRL-001,0,EA,LOT-P-CTRL-001-A,LOC-SUPERMARKET,,,,2026-09-19T12:42:00-06:00,,COUNT_RECONCILIATION
TEN-COOLIT-SYN-001,SITE-COOLIT-SYN-01,ERP,INVENTORY_TRANSACTION,INVTX-0038-1,INVTX-0038-1,RESOLVED,2026-07-18T10:03:00-06:00,2026-09-26T08:00:00-06:00,2026-06-29T00:00:00-06:00,,1,,false,ACTIVE,EA,,VALID,CURRENT,coolit-synthetic-v2.0.0,ALL_SYNTHETIC_CUSTOMERS,ALL_SYNTHETIC_PROGRAMS,P-CTRL-002,SYNTHETIC_INTERNAL,SNP-COOLIT-20260925-BL,SCN-BASELINE,INVTX-0038-1,RECEIPT,P-CTRL-002,62,EA,LOT-P-CTRL-002-A,LOC-SUPERMARKET,,PO-SCH-0038,,2026-07-18T10:03:00-06:00,,STANDARD_FLOW
TEN-COOLIT-SYN-001,SITE-COOLIT-SYN-01,ERP,INVENTORY_TRANSACTION,INVTX-0038-2,INVTX-0038-2,RESOLVED,2026-08-29T11:09:00-06:00,2026-09-26T08:00:00-06:00,2026-06-29T00:00:00-06:00,,1,,false,ACTIVE,EA,,VALID,CURRENT,coolit-synthetic-v2.0.0,ALL_SYNTHETIC_CUSTOMERS,ALL_SYNTHETIC_PROGRAMS,P-CTRL-002,SYNTHETIC_INTERNAL,SNP-COOLIT-20260925-BL,SCN-BASELINE,INVTX-0038-2,MATERIAL_ISSUE,P-CTRL-002,-55,EA,LOT-P-CTRL-002-A,LOC-SUPERMARKET,WO-0038,,,2026-08-29T11:09:00-06:00,,STANDARD_FLOW
TEN-COOLIT-SYN-001,SITE-COOLIT-SYN-01,ERP,INVENTORY_TRANSACTION,INVTX-0038-3,INVTX-0038-3,RESOLVED,2026-09-20T12:35:00-06:00,2026-09-26T08:00:00-06:00,2026-06-29T00:00:00-06:00,,1,,false,ACTIVE,EA,,VALID,CURRENT,coolit-synthetic-v2.0.0,ALL_SYNTHETIC_CUSTOMERS,ALL_SYNTHETIC_PROGRAMS,P-CTRL-002,SYNTHETIC_INTERNAL,SNP-COOLIT-20260925-BL,SCN-BASELINE,INVTX-0038-3,CYCLE_COUNT_ADJUSTMENT,P-CTRL-002,0,EA,LOT-P-CTRL-002-A,LOC-SUPERMARKET,,,,2026-09-20T12:35:00-06:00,,COUNT_RECONCILIATION
TEN-COOLIT-SYN-001,SITE-COOLIT-SYN-01,ERP,INVENTORY_TRANSACTION,INVTX-0039-1,INVTX-0039-1,RESOLVED,2026-07-19T10:56:00-06:00,2026-09-26T08:00:00-06:00,2026-06-29T00:00:00-06:00,,1,,false,ACTIVE,EA,,VALID,CURRENT,coolit-synthetic-v2.0.0,ALL_SYNTHETIC_CUSTOMERS,ALL_SYNTHETIC_PROGRAMS,P-CTRL-003,SYNTHETIC_INTERNAL,SNP-COOLIT-20260925-BL,SCN-BASELINE,INVTX-0039-1,RECEIPT,P-CTRL-003,63,EA,LOT-P-CTRL-003-A,LOC-SUPERMARKET,,PO-SCH-0039,,2026-07-19T10:56:00-06:00,,STANDARD_FLOW
TEN-COOLIT-SYN-001,SITE-COOLIT-SYN-01,ERP,INVENTORY_TRANSACTION,INVTX-0039-2,INVTX-0039-2,RESOLVED,2026-08-30T11:02:00-06:00,2026-09-26T08:00:00-06:00,2026-06-29T00:00:00-06:00,,1,,false,ACTIVE,EA,,VALID,CURRENT,coolit-synthetic-v2.0.0,ALL_SYNTHETIC_CUSTOMERS,ALL_SYNTHETIC_PROGRAMS,P-CTRL-003,SYNTHETIC_INTERNAL,SNP-COOLIT-20260925-BL,SCN-BASELINE,INVTX-0039-2,MATERIAL_ISSUE,P-CTRL-003,-56,EA,LOT-P-CTRL-003-A,LOC-SUPERMARKET,WO-0039,,,2026-08-30T11:02:00-06:00,,STANDARD_FLOW
TEN-COOLIT-SYN-001,SITE-COOLIT-SYN-01,ERP,INVENTORY_TRANSACTION,INVTX-0039-3,INVTX-0039-3,RESOLVED,2026-09-21T12:28:00-06:00,2026-09-26T08:00:00-06:00,2026-06-29T00:00:00-06:00,,1,,false,ACTIVE,EA,,VALID,CURRENT,coolit-synthetic-v2.0.0,ALL_SYNTHETIC_CUSTOMERS,ALL_SYNTHETIC_PROGRAMS,P-CTRL-003,SYNTHETIC_INTERNAL,SNP-COOLIT-20260925-BL,SCN-BASELINE,INVTX-0039-3,CYCLE_COUNT_ADJUSTMENT,P-CTRL-003,1,EA,LOT-P-CTRL-003-A,LOC-SUPERMARKET,,,,2026-09-21T12:28:00-06:00,,COUNT_RECONCILIATION
TEN-COOLIT-SYN-001,SITE-COOLIT-SYN-01,ERP,INVENTORY_TRANSACTION,INVTX-0040-1,INVTX-0040-1,RESOLVED,2026-07-20T10:49:00-06:00,2026-09-26T08:00:00-06:00,2026-06-29T00:00:00-06:00,,1,,false,ACTIVE,EA,,VALID,CURRENT,coolit-synthetic-v2.0.0,ALL_SYNTHETIC_CUSTOMERS,ALL_SYNTHETIC_PROGRAMS,P-CTRL-004,SYNTHETIC_INTERNAL,SNP-COOLIT-20260925-BL,SCN-BASELINE,INVTX-0040-1,RECEIPT,P-CTRL-004,64,EA,LOT-P-CTRL-004-A,LOC-SUPERMARKET,,PO-SCH-0040,,2026-07-20T10:49:00-06:00,,STANDARD_FLOW
TEN-COOLIT-SYN-001,SITE-COOLIT-SYN-01,ERP,INVENTORY_TRANSACTION,INVTX-0040-2,INVTX-0040-2,RESOLVED,2026-08-31T11:55:00-06:00,2026-09-26T08:00:00-06:00,2026-06-29T00:00:00-06:00,,1,,false,ACTIVE,EA,,VALID,CURRENT,coolit-synthetic-v2.0.0,ALL_SYNTHETIC_CUSTOMERS,ALL_SYNTHETIC_PROGRAMS,P-CTRL-004,SYNTHETIC_INTERNAL,SNP-COOLIT-20260925-BL,SCN-BASELINE,INVTX-0040-2,MATERIAL_ISSUE,P-CTRL-004,-57,EA,LOT-P-CTRL-004-A,LOC-SUPERMARKET,WO-0040,,,2026-08-31T11:55:00-06:00,,STANDARD_FLOW
TEN-COOLIT-SYN-001,SITE-COOLIT-SYN-01,ERP,INVENTORY_TRANSACTION,INVTX-0040-3,INVTX-0040-3,RESOLVED,2026-09-22T12:21:00-06:00,2026-09-26T08:00:00-06:00,2026-06-29T00:00:00-06:00,,1,,false,ACTIVE,EA,,VALID,CURRENT,coolit-synthetic-v2.0.0,ALL_SYNTHETIC_CUSTOMERS,ALL_SYNTHETIC_PROGRAMS,P-CTRL-004,SYNTHETIC_INTERNAL,SNP-COOLIT-20260925-BL,SCN-BASELINE,INVTX-0040-3,CYCLE_COUNT_ADJUSTMENT,P-CTRL-004,0,EA,LOT-P-CTRL-004-A,LOC-SUPERMARKET,,,,2026-09-22T12:21:00-06:00,,COUNT_RECONCILIATION
TEN-COOLIT-SYN-001,SITE-COOLIT-SYN-01,ERP,INVENTORY_TRANSACTION,INVTX-0041-1,INVTX-0041-1,RESOLVED,2026-07-21T10:42:00-06:00,2026-09-26T08:00:00-06:00,2026-06-29T00:00:00-06:00,,1,,false,ACTIVE,EA,,VALID,CURRENT,coolit-synthetic-v2.0.0,ALL_SYNTHETIC_CUSTOMERS,ALL_SYNTHETIC_PROGRAMS,P-CTRL-005,SYNTHETIC_INTERNAL,SNP-COOLIT-20260925-BL,SCN-BASELINE,INVTX-0041-1,RECEIPT,P-CTRL-005,65,EA,LOT-P-CTRL-005-A,LOC-SUPERMARKET,,PO-SCH-0041,,2026-07-21T10:42:00-06:00,,STANDARD_FLOW
TEN-COOLIT-SYN-001,SITE-COOLIT-SYN-01,ERP,INVENTORY_TRANSACTION,INVTX-0041-2,INVTX-0041-2,RESOLVED,2026-09-01T11:48:00-06:00,2026-09-26T08:00:00-06:00,2026-06-29T00:00:00-06:00,,1,,false,ACTIVE,EA,,VALID,CURRENT,coolit-synthetic-v2.0.0,ALL_SYNTHETIC_CUSTOMERS,ALL_SYNTHETIC_PROGRAMS,P-CTRL-005,SYNTHETIC_INTERNAL,SNP-COOLIT-20260925-BL,SCN-BASELINE,INVTX-0041-2,MATERIAL_ISSUE,P-CTRL-005,-58,EA,LOT-P-CTRL-005-A,LOC-SUPERMARKET,WO-0001,,,2026-09-01T11:48:00-06:00,,STANDARD_FLOW
TEN-COOLIT-SYN-001,SITE-COOLIT-SYN-01,ERP,INVENTORY_TRANSACTION,INVTX-0041-3,INVTX-0041-3,RESOLVED,2026-09-23T12:14:00-06:00,2026-09-26T08:00:00-06:00,2026-06-29T00:00:00-06:00,,1,,false,ACTIVE,EA,,VALID,CURRENT,coolit-synthetic-v2.0.0,ALL_SYNTHETIC_CUSTOMERS,ALL_SYNTHETIC_PROGRAMS,P-CTRL-005,SYNTHETIC_INTERNAL,SNP-COOLIT-20260925-BL,SCN-BASELINE,INVTX-0041-3,CYCLE_COUNT_ADJUSTMENT,P-CTRL-005,0,EA,LOT-P-CTRL-005-A,LOC-SUPERMARKET,,,,2026-09-23T12:14:00-06:00,,COUNT_RECONCILIATION
TEN-COOLIT-SYN-001,SITE-COOLIT-SYN-01,ERP,INVENTORY_TRANSACTION,INVTX-0042-1,INVTX-0042-1,RESOLVED,2026-07-22T10:35:00-06:00,2026-09-26T08:00:00-06:00,2026-06-29T00:00:00-06:00,,1,,false,ACTIVE,EA,,VALID,CURRENT,coolit-synthetic-v2.0.0,ALL_SYNTHETIC_CUSTOMERS,ALL_SYNTHETIC_PROGRAMS,P-CTRL-006,SYNTHETIC_INTERNAL,SNP-COOLIT-20260925-BL,SCN-BASELINE,INVTX-0042-1,RECEIPT,P-CTRL-006,66,EA,LOT-P-CTRL-006-A,LOC-SUPERMARKET,,PO-SCH-0042,,2026-07-22T10:35:00-06:00,,STANDARD_FLOW
TEN-COOLIT-SYN-001,SITE-COOLIT-SYN-01,ERP,INVENTORY_TRANSACTION,INVTX-0042-2,INVTX-0042-2,RESOLVED,2026-09-02T11:41:00-06:00,2026-09-26T08:00:00-06:00,2026-06-29T00:00:00-06:00,,1,,false,ACTIVE,EA,,VALID,CURRENT,coolit-synthetic-v2.0.0,ALL_SYNTHETIC_CUSTOMERS,ALL_SYNTHETIC_PROGRAMS,P-CTRL-006,SYNTHETIC_INTERNAL,SNP-COOLIT-20260925-BL,SCN-BASELINE,INVTX-0042-2,MATERIAL_ISSUE,P-CTRL-006,-18,EA,LOT-P-CTRL-006-A,LOC-SUPERMARKET,WO-0002,,,2026-09-02T11:41:00-06:00,,STANDARD_FLOW
TEN-COOLIT-SYN-001,SITE-COOLIT-SYN-01,ERP,INVENTORY_TRANSACTION,INVTX-0042-3,INVTX-0042-3,RESOLVED,2026-09-24T12:07:00-06:00,2026-09-26T08:00:00-06:00,2026-06-29T00:00:00-06:00,,1,,false,ACTIVE,EA,,VALID,CURRENT,coolit-synthetic-v2.0.0,ALL_SYNTHETIC_CUSTOMERS,ALL_SYNTHETIC_PROGRAMS,P-CTRL-006,SYNTHETIC_INTERNAL,SNP-COOLIT-20260925-BL,SCN-BASELINE,INVTX-0042-3,CYCLE_COUNT_ADJUSTMENT,P-CTRL-006,0,EA,LOT-P-CTRL-006-A,LOC-SUPERMARKET,,,,2026-09-24T12:07:00-06:00,,COUNT_RECONCILIATION
TEN-COOLIT-SYN-001,SITE-COOLIT-SYN-01,ERP,INVENTORY_TRANSACTION,INVTX-0043-1,INVTX-0043-1,RESOLVED,2026-07-23T10:28:00-06:00,2026-09-26T08:00:00-06:00,2026-06-29T00:00:00-06:00,,1,,false,ACTIVE,EA,,VALID,CURRENT,coolit-synthetic-v2.0.0,ALL_SYNTHETIC_CUSTOMERS,ALL_SYNTHETIC_PROGRAMS,P-COMP-001,SYNTHETIC_INTERNAL,SNP-COOLIT-20260925-BL,SCN-BASELINE,INVTX-0043-1,RECEIPT,P-COMP-001,67,EA,LOT-P-COMP-001-A,LOC-SUPERMARKET,,PO-SCH-0043,,2026-07-23T10:28:00-06:00,,STANDARD_FLOW
TEN-COOLIT-SYN-001,SITE-COOLIT-SYN-01,ERP,INVENTORY_TRANSACTION,INVTX-0043-2,INVTX-0043-2,RESOLVED,2026-09-03T11:34:00-06:00,2026-09-26T08:00:00-06:00,2026-06-29T00:00:00-06:00,,1,,false,ACTIVE,EA,,VALID,CURRENT,coolit-synthetic-v2.0.0,ALL_SYNTHETIC_CUSTOMERS,ALL_SYNTHETIC_PROGRAMS,P-COMP-001,SYNTHETIC_INTERNAL,SNP-COOLIT-20260925-BL,SCN-BASELINE,INVTX-0043-2,MATERIAL_ISSUE,P-COMP-001,-19,EA,LOT-P-COMP-001-A,LOC-SUPERMARKET,WO-0003,,,2026-09-03T11:34:00-06:00,,STANDARD_FLOW
TEN-COOLIT-SYN-001,SITE-COOLIT-SYN-01,ERP,INVENTORY_TRANSACTION,INVTX-0043-3,INVTX-0043-3,RESOLVED,2026-09-25T12:00:00-06:00,2026-09-26T08:00:00-06:00,2026-06-29T00:00:00-06:00,,1,,false,ACTIVE,EA,,VALID,CURRENT,coolit-synthetic-v2.0.0,ALL_SYNTHETIC_CUSTOMERS,ALL_SYNTHETIC_PROGRAMS,P-COMP-001,SYNTHETIC_INTERNAL,SNP-COOLIT-20260925-BL,SCN-BASELINE,INVTX-0043-3,CYCLE_COUNT_ADJUSTMENT,P-COMP-001,0,EA,LOT-P-COMP-001-A,LOC-SUPERMARKET,,,,2026-09-25T12:00:00-06:00,,COUNT_RECONCILIATION
TEN-COOLIT-SYN-001,SITE-COOLIT-SYN-01,ERP,INVENTORY_TRANSACTION,INVTX-0044-1,INVTX-0044-1,RESOLVED,2026-07-24T10:21:00-06:00,2026-09-26T08:00:00-06:00,2026-06-29T00:00:00-06:00,,1,,false,ACTIVE,EA,,VALID,CURRENT,coolit-synthetic-v2.0.0,ALL_SYNTHETIC_CUSTOMERS,ALL_SYNTHETIC_PROGRAMS,P-COMP-002,SYNTHETIC_INTERNAL,SNP-COOLIT-20260925-BL,SCN-BASELINE,INVTX-0044-1,RECEIPT,P-COMP-002,68,EA,LOT-P-COMP-002-A,LOC-SUPERMARKET,,PO-SCH-0044,,2026-07-24T10:21:00-06:00,,STANDARD_FLOW
TEN-COOLIT-SYN-001,SITE-COOLIT-SYN-01,ERP,INVENTORY_TRANSACTION,INVTX-0044-2,INVTX-0044-2,RESOLVED,2026-09-04T11:27:00-06:00,2026-09-26T08:00:00-06:00,2026-06-29T00:00:00-06:00,,1,,false,ACTIVE,EA,,VALID,CURRENT,coolit-synthetic-v2.0.0,ALL_SYNTHETIC_CUSTOMERS,ALL_SYNTHETIC_PROGRAMS,P-COMP-002,SYNTHETIC_INTERNAL,SNP-COOLIT-20260925-BL,SCN-BASELINE,INVTX-0044-2,MATERIAL_ISSUE,P-COMP-002,-20,EA,LOT-P-COMP-002-A,LOC-SUPERMARKET,WO-0004,,,2026-09-04T11:27:00-06:00,,STANDARD_FLOW
TEN-COOLIT-SYN-001,SITE-COOLIT-SYN-01,ERP,INVENTORY_TRANSACTION,INVTX-0044-3,INVTX-0044-3,RESOLVED,2026-09-25T12:00:00-06:00,2026-09-26T08:00:00-06:00,2026-06-29T00:00:00-06:00,,1,,false,ACTIVE,EA,,VALID,CURRENT,coolit-synthetic-v2.0.0,ALL_SYNTHETIC_CUSTOMERS,ALL_SYNTHETIC_PROGRAMS,P-COMP-002,SYNTHETIC_INTERNAL,SNP-COOLIT-20260925-BL,SCN-BASELINE,INVTX-0044-3,CYCLE_COUNT_ADJUSTMENT,P-COMP-002,0,EA,LOT-P-COMP-002-A,LOC-SUPERMARKET,,,,2026-09-25T12:00:00-06:00,,COUNT_RECONCILIATION
TEN-COOLIT-SYN-001,SITE-COOLIT-SYN-01,ERP,INVENTORY_TRANSACTION,INVTX-0045-1,INVTX-0045-1,RESOLVED,2026-07-25T10:14:00-06:00,2026-09-26T08:00:00-06:00,2026-06-29T00:00:00-06:00,,1,,false,ACTIVE,EA,,VALID,CURRENT,coolit-synthetic-v2.0.0,ALL_SYNTHETIC_CUSTOMERS,ALL_SYNTHETIC_PROGRAMS,P-COMP-003,SYNTHETIC_INTERNAL,SNP-COOLIT-20260925-BL,SCN-BASELINE,INVTX-0045-1,RECEIPT,P-COMP-003,69,EA,LOT-P-COMP-003-A,LOC-SUPERMARKET,,PO-SCH-0045,,2026-07-25T10:14:00-06:00,,STANDARD_FLOW
TEN-COOLIT-SYN-001,SITE-COOLIT-SYN-01,ERP,INVENTORY_TRANSACTION,INVTX-0045-2,INVTX-0045-2,RESOLVED,2026-09-05T11:20:00-06:00,2026-09-26T08:00:00-06:00,2026-06-29T00:00:00-06:00,,1,,false,ACTIVE,EA,,VALID,CURRENT,coolit-synthetic-v2.0.0,ALL_SYNTHETIC_CUSTOMERS,ALL_SYNTHETIC_PROGRAMS,P-COMP-003,SYNTHETIC_INTERNAL,SNP-COOLIT-20260925-BL,SCN-BASELINE,INVTX-0045-2,MATERIAL_ISSUE,P-COMP-003,-21,EA,LOT-P-COMP-003-A,LOC-SUPERMARKET,WO-0005,,,2026-09-05T11:20:00-06:00,,STANDARD_FLOW
TEN-COOLIT-SYN-001,SITE-COOLIT-SYN-01,ERP,INVENTORY_TRANSACTION,INVTX-0045-3,INVTX-0045-3,RESOLVED,2026-09-25T12:00:00-06:00,2026-09-26T08:00:00-06:00,2026-06-29T00:00:00-06:00,,1,,false,ACTIVE,EA,,VALID,CURRENT,coolit-synthetic-v2.0.0,ALL_SYNTHETIC_CUSTOMERS,ALL_SYNTHETIC_PROGRAMS,P-COMP-003,SYNTHETIC_INTERNAL,SNP-COOLIT-20260925-BL,SCN-BASELINE,INVTX-0045-3,CYCLE_COUNT_ADJUSTMENT,P-COMP-003,0,EA,LOT-P-COMP-003-A,LOC-SUPERMARKET,,,,2026-09-25T12:00:00-06:00,,COUNT_RECONCILIATION
TEN-COOLIT-SYN-001,SITE-COOLIT-SYN-01,ERP,INVENTORY_TRANSACTION,INVTX-0046-1,INVTX-0046-1,RESOLVED,2026-07-17T10:10:00-06:00,2026-09-26T08:00:00-06:00,2026-06-29T00:00:00-06:00,,1,,false,ACTIVE,EA,,VALID,CURRENT,coolit-synthetic-v2.0.0,ALL_SYNTHETIC_CUSTOMERS,ALL_SYNTHETIC_PROGRAMS,P-COMP-004,SYNTHETIC_INTERNAL,SNP-COOLIT-20260925-BL,SCN-BASELINE,INVTX-0046-1,RECEIPT,P-COMP-004,70,EA,LOT-P-COMP-004-A,LOC-SUPERMARKET,,PO-SCH-0046,,2026-07-17T10:10:00-06:00,,STANDARD_FLOW
TEN-COOLIT-SYN-001,SITE-COOLIT-SYN-01,ERP,INVENTORY_TRANSACTION,INVTX-0046-2,INVTX-0046-2,RESOLVED,2026-08-28T11:16:00-06:00,2026-09-26T08:00:00-06:00,2026-06-29T00:00:00-06:00,,1,,false,ACTIVE,EA,,VALID,CURRENT,coolit-synthetic-v2.0.0,ALL_SYNTHETIC_CUSTOMERS,ALL_SYNTHETIC_PROGRAMS,P-COMP-004,SYNTHETIC_INTERNAL,SNP-COOLIT-20260925-BL,SCN-BASELINE,INVTX-0046-2,MATERIAL_ISSUE,P-COMP-004,-22,EA,LOT-P-COMP-004-A,LOC-SUPERMARKET,WO-0006,,,2026-08-28T11:16:00-06:00,,STANDARD_FLOW
TEN-COOLIT-SYN-001,SITE-COOLIT-SYN-01,ERP,INVENTORY_TRANSACTION,INVTX-0046-3,INVTX-0046-3,RESOLVED,2026-09-19T12:42:00-06:00,2026-09-26T08:00:00-06:00,2026-06-29T00:00:00-06:00,,1,,false,ACTIVE,EA,,VALID,CURRENT,coolit-synthetic-v2.0.0,ALL_SYNTHETIC_CUSTOMERS,ALL_SYNTHETIC_PROGRAMS,P-COMP-004,SYNTHETIC_INTERNAL,SNP-COOLIT-20260925-BL,SCN-BASELINE,INVTX-0046-3,CYCLE_COUNT_ADJUSTMENT,P-COMP-004,0,EA,LOT-P-COMP-004-A,LOC-SUPERMARKET,,,,2026-09-19T12:42:00-06:00,,COUNT_RECONCILIATION
TEN-COOLIT-SYN-001,SITE-COOLIT-SYN-01,ERP,INVENTORY_TRANSACTION,INVTX-0047-1,INVTX-0047-1,RESOLVED,2026-07-18T10:03:00-06:00,2026-09-26T08:00:00-06:00,2026-06-29T00:00:00-06:00,,1,,false,ACTIVE,EA,,VALID,CURRENT,coolit-synthetic-v2.0.0,ALL_SYNTHETIC_CUSTOMERS,ALL_SYNTHETIC_PROGRAMS,P-COMP-005,SYNTHETIC_INTERNAL,SNP-COOLIT-20260925-BL,SCN-BASELINE,INVTX-0047-1,RECEIPT,P-COMP-005,71,EA,LOT-P-COMP-005-A,LOC-SUPERMARKET,,PO-SCH-0047,,2026-07-18T10:03:00-06:00,,STANDARD_FLOW
TEN-COOLIT-SYN-001,SITE-COOLIT-SYN-01,ERP,INVENTORY_TRANSACTION,INVTX-0047-2,INVTX-0047-2,RESOLVED,2026-08-29T11:09:00-06:00,2026-09-26T08:00:00-06:00,2026-06-29T00:00:00-06:00,,1,,false,ACTIVE,EA,,VALID,CURRENT,coolit-synthetic-v2.0.0,ALL_SYNTHETIC_CUSTOMERS,ALL_SYNTHETIC_PROGRAMS,P-COMP-005,SYNTHETIC_INTERNAL,SNP-COOLIT-20260925-BL,SCN-BASELINE,INVTX-0047-2,MATERIAL_ISSUE,P-COMP-005,-23,EA,LOT-P-COMP-005-A,LOC-SUPERMARKET,WO-0007,,,2026-08-29T11:09:00-06:00,,STANDARD_FLOW
TEN-COOLIT-SYN-001,SITE-COOLIT-SYN-01,ERP,INVENTORY_TRANSACTION,INVTX-0047-3,INVTX-0047-3,RESOLVED,2026-09-20T12:35:00-06:00,2026-09-26T08:00:00-06:00,2026-06-29T00:00:00-06:00,,1,,false,ACTIVE,EA,,VALID,CURRENT,coolit-synthetic-v2.0.0,ALL_SYNTHETIC_CUSTOMERS,ALL_SYNTHETIC_PROGRAMS,P-COMP-005,SYNTHETIC_INTERNAL,SNP-COOLIT-20260925-BL,SCN-BASELINE,INVTX-0047-3,CYCLE_COUNT_ADJUSTMENT,P-COMP-005,0,EA,LOT-P-COMP-005-A,LOC-SUPERMARKET,,,,2026-09-20T12:35:00-06:00,,COUNT_RECONCILIATION
TEN-COOLIT-SYN-001,SITE-COOLIT-SYN-01,ERP,INVENTORY_TRANSACTION,INVTX-0048-1,INVTX-0048-1,RESOLVED,2026-07-19T10:56:00-06:00,2026-09-26T08:00:00-06:00,2026-06-29T00:00:00-06:00,,1,,false,ACTIVE,EA,,VALID,CURRENT,coolit-synthetic-v2.0.0,ALL_SYNTHETIC_CUSTOMERS,ALL_SYNTHETIC_PROGRAMS,P-COMP-006,SYNTHETIC_INTERNAL,SNP-COOLIT-20260925-BL,SCN-BASELINE,INVTX-0048-1,RECEIPT,P-COMP-006,72,EA,LOT-P-COMP-006-A,LOC-SUPERMARKET,,PO-SCH-0048,,2026-07-19T10:56:00-06:00,,STANDARD_FLOW
TEN-COOLIT-SYN-001,SITE-COOLIT-SYN-01,ERP,INVENTORY_TRANSACTION,INVTX-0048-2,INVTX-0048-2,RESOLVED,2026-08-30T11:02:00-06:00,2026-09-26T08:00:00-06:00,2026-06-29T00:00:00-06:00,,1,,false,ACTIVE,EA,,VALID,CURRENT,coolit-synthetic-v2.0.0,ALL_SYNTHETIC_CUSTOMERS,ALL_SYNTHETIC_PROGRAMS,P-COMP-006,SYNTHETIC_INTERNAL,SNP-COOLIT-20260925-BL,SCN-BASELINE,INVTX-0048-2,MATERIAL_ISSUE,P-COMP-006,-24,EA,LOT-P-COMP-006-A,LOC-SUPERMARKET,WO-0008,,,2026-08-30T11:02:00-06:00,,STANDARD_FLOW
TEN-COOLIT-SYN-001,SITE-COOLIT-SYN-01,ERP,INVENTORY_TRANSACTION,INVTX-0048-3,INVTX-0048-3,RESOLVED,2026-09-21T12:28:00-06:00,2026-09-26T08:00:00-06:00,2026-06-29T00:00:00-06:00,,1,,false,ACTIVE,EA,,VALID,CURRENT,coolit-synthetic-v2.0.0,ALL_SYNTHETIC_CUSTOMERS,ALL_SYNTHETIC_PROGRAMS,P-COMP-006,SYNTHETIC_INTERNAL,SNP-COOLIT-20260925-BL,SCN-BASELINE,INVTX-0048-3,CYCLE_COUNT_ADJUSTMENT,P-COMP-006,0,EA,LOT-P-COMP-006-A,LOC-SUPERMARKET,,,,2026-09-21T12:28:00-06:00,,COUNT_RECONCILIATION
TEN-COOLIT-SYN-001,SITE-COOLIT-SYN-01,ERP,INVENTORY_TRANSACTION,INVTX-0049-1,INVTX-0049-1,RESOLVED,2026-07-20T10:49:00-06:00,2026-09-26T08:00:00-06:00,2026-06-29T00:00:00-06:00,,1,,false,ACTIVE,EA,,VALID,CURRENT,coolit-synthetic-v2.0.0,ALL_SYNTHETIC_CUSTOMERS,ALL_SYNTHETIC_PROGRAMS,P-COMP-007,SYNTHETIC_INTERNAL,SNP-COOLIT-20260925-BL,SCN-BASELINE,INVTX-0049-1,RECEIPT,P-COMP-007,73,EA,LOT-P-COMP-007-A,LOC-SUPERMARKET,,PO-SCH-0049,,2026-07-20T10:49:00-06:00,,STANDARD_FLOW
TEN-COOLIT-SYN-001,SITE-COOLIT-SYN-01,ERP,INVENTORY_TRANSACTION,INVTX-0049-2,INVTX-0049-2,RESOLVED,2026-08-31T11:55:00-06:00,2026-09-26T08:00:00-06:00,2026-06-29T00:00:00-06:00,,1,,false,ACTIVE,EA,,VALID,CURRENT,coolit-synthetic-v2.0.0,ALL_SYNTHETIC_CUSTOMERS,ALL_SYNTHETIC_PROGRAMS,P-COMP-007,SYNTHETIC_INTERNAL,SNP-COOLIT-20260925-BL,SCN-BASELINE,INVTX-0049-2,MATERIAL_ISSUE,P-COMP-007,-25,EA,LOT-P-COMP-007-A,LOC-SUPERMARKET,WO-0009,,,2026-08-31T11:55:00-06:00,,STANDARD_FLOW
TEN-COOLIT-SYN-001,SITE-COOLIT-SYN-01,ERP,INVENTORY_TRANSACTION,INVTX-0049-3,INVTX-0049-3,RESOLVED,2026-09-22T12:21:00-06:00,2026-09-26T08:00:00-06:00,2026-06-29T00:00:00-06:00,,1,,false,ACTIVE,EA,,VALID,CURRENT,coolit-synthetic-v2.0.0,ALL_SYNTHETIC_CUSTOMERS,ALL_SYNTHETIC_PROGRAMS,P-COMP-007,SYNTHETIC_INTERNAL,SNP-COOLIT-20260925-BL,SCN-BASELINE,INVTX-0049-3,CYCLE_COUNT_ADJUSTMENT,P-COMP-007,0,EA,LOT-P-COMP-007-A,LOC-SUPERMARKET,,,,2026-09-22T12:21:00-06:00,,COUNT_RECONCILIATION
TEN-COOLIT-SYN-001,SITE-COOLIT-SYN-01,ERP,INVENTORY_TRANSACTION,INVTX-0050-1,INVTX-0050-1,RESOLVED,2026-07-21T10:42:00-06:00,2026-09-26T08:00:00-06:00,2026-06-29T00:00:00-06:00,,1,,false,ACTIVE,EA,,VALID,CURRENT,coolit-synthetic-v2.0.0,ALL_SYNTHETIC_CUSTOMERS,ALL_SYNTHETIC_PROGRAMS,P-COMP-008,SYNTHETIC_INTERNAL,SNP-COOLIT-20260925-BL,SCN-BASELINE,INVTX-0050-1,RECEIPT,P-COMP-008,74,EA,LOT-P-COMP-008-A,LOC-SUPERMARKET,,PO-SCH-0050,,2026-07-21T10:42:00-06:00,,STANDARD_FLOW
TEN-COOLIT-SYN-001,SITE-COOLIT-SYN-01,ERP,INVENTORY_TRANSACTION,INVTX-0050-2,INVTX-0050-2,RESOLVED,2026-09-01T11:48:00-06:00,2026-09-26T08:00:00-06:00,2026-06-29T00:00:00-06:00,,1,,false,ACTIVE,EA,,VALID,CURRENT,coolit-synthetic-v2.0.0,ALL_SYNTHETIC_CUSTOMERS,ALL_SYNTHETIC_PROGRAMS,P-COMP-008,SYNTHETIC_INTERNAL,SNP-COOLIT-20260925-BL,SCN-BASELINE,INVTX-0050-2,MATERIAL_ISSUE,P-COMP-008,-26,EA,LOT-P-COMP-008-A,LOC-SUPERMARKET,WO-0010,,,2026-09-01T11:48:00-06:00,,STANDARD_FLOW
TEN-COOLIT-SYN-001,SITE-COOLIT-SYN-01,ERP,INVENTORY_TRANSACTION,INVTX-0050-3,INVTX-0050-3,RESOLVED,2026-09-23T12:14:00-06:00,2026-09-26T08:00:00-06:00,2026-06-29T00:00:00-06:00,,1,,false,ACTIVE,EA,,VALID,CURRENT,coolit-synthetic-v2.0.0,ALL_SYNTHETIC_CUSTOMERS,ALL_SYNTHETIC_PROGRAMS,P-COMP-008,SYNTHETIC_INTERNAL,SNP-COOLIT-20260925-BL,SCN-BASELINE,INVTX-0050-3,CYCLE_COUNT_ADJUSTMENT,P-COMP-008,0,EA,LOT-P-COMP-008-A,LOC-SUPERMARKET,,,,2026-09-23T12:14:00-06:00,,COUNT_RECONCILIATION
TEN-COOLIT-SYN-001,SITE-COOLIT-SYN-01,ERP,INVENTORY_TRANSACTION,INVTX-0051-1,INVTX-0051-1,RESOLVED,2026-07-22T10:35:00-06:00,2026-09-26T08:00:00-06:00,2026-06-29T00:00:00-06:00,,1,,false,ACTIVE,EA,,VALID,CURRENT,coolit-synthetic-v2.0.0,ALL_SYNTHETIC_CUSTOMERS,ALL_SYNTHETIC_PROGRAMS,P-COMP-009,SYNTHETIC_INTERNAL,SNP-COOLIT-20260925-BL,SCN-BASELINE,INVTX-0051-1,RECEIPT,P-COMP-009,75,EA,,LOC-SUPERMARKET,,PO-SCH-0051,,2026-07-22T10:35:00-06:00,,STANDARD_FLOW
TEN-COOLIT-SYN-001,SITE-COOLIT-SYN-01,ERP,INVENTORY_TRANSACTION,INVTX-0051-2,INVTX-0051-2,RESOLVED,2026-09-02T11:41:00-06:00,2026-09-26T08:00:00-06:00,2026-06-29T00:00:00-06:00,,1,,false,ACTIVE,EA,,VALID,CURRENT,coolit-synthetic-v2.0.0,ALL_SYNTHETIC_CUSTOMERS,ALL_SYNTHETIC_PROGRAMS,P-COMP-009,SYNTHETIC_INTERNAL,SNP-COOLIT-20260925-BL,SCN-BASELINE,INVTX-0051-2,MATERIAL_ISSUE,P-COMP-009,-27,EA,,LOC-SUPERMARKET,WO-0011,,,2026-09-02T11:41:00-06:00,,STANDARD_FLOW
TEN-COOLIT-SYN-001,SITE-COOLIT-SYN-01,ERP,INVENTORY_TRANSACTION,INVTX-0051-3,INVTX-0051-3,RESOLVED,2026-09-24T12:07:00-06:00,2026-09-26T08:00:00-06:00,2026-06-29T00:00:00-06:00,,1,,false,ACTIVE,EA,,VALID,CURRENT,coolit-synthetic-v2.0.0,ALL_SYNTHETIC_CUSTOMERS,ALL_SYNTHETIC_PROGRAMS,P-COMP-009,SYNTHETIC_INTERNAL,SNP-COOLIT-20260925-BL,SCN-BASELINE,INVTX-0051-3,CYCLE_COUNT_ADJUSTMENT,P-COMP-009,0,EA,,LOC-SUPERMARKET,,,,2026-09-24T12:07:00-06:00,,COUNT_RECONCILIATION
TEN-COOLIT-SYN-001,SITE-COOLIT-SYN-01,ERP,INVENTORY_TRANSACTION,INVTX-0052-1,INVTX-0052-1,RESOLVED,2026-07-23T10:28:00-06:00,2026-09-26T08:00:00-06:00,2026-06-29T00:00:00-06:00,,1,,false,ACTIVE,EA,,VALID,CURRENT,coolit-synthetic-v2.0.0,ALL_SYNTHETIC_CUSTOMERS,ALL_SYNTHETIC_PROGRAMS,P-COMP-010,SYNTHETIC_INTERNAL,SNP-COOLIT-20260925-BL,SCN-BASELINE,INVTX-0052-1,RECEIPT,P-COMP-010,76,EA,,LOC-SUPERMARKET,,PO-SCH-0052,,2026-07-23T10:28:00-06:00,,STANDARD_FLOW
TEN-COOLIT-SYN-001,SITE-COOLIT-SYN-01,ERP,INVENTORY_TRANSACTION,INVTX-0052-2,INVTX-0052-2,RESOLVED,2026-09-03T11:34:00-06:00,2026-09-26T08:00:00-06:00,2026-06-29T00:00:00-06:00,,1,,false,ACTIVE,EA,,VALID,CURRENT,coolit-synthetic-v2.0.0,ALL_SYNTHETIC_CUSTOMERS,ALL_SYNTHETIC_PROGRAMS,P-COMP-010,SYNTHETIC_INTERNAL,SNP-COOLIT-20260925-BL,SCN-BASELINE,INVTX-0052-2,MATERIAL_ISSUE,P-COMP-010,-28,EA,,LOC-SUPERMARKET,WO-0012,,,2026-09-03T11:34:00-06:00,,STANDARD_FLOW
TEN-COOLIT-SYN-001,SITE-COOLIT-SYN-01,ERP,INVENTORY_TRANSACTION,INVTX-0052-3,INVTX-0052-3,RESOLVED,2026-09-25T12:00:00-06:00,2026-09-26T08:00:00-06:00,2026-06-29T00:00:00-06:00,,1,,false,ACTIVE,EA,,VALID,CURRENT,coolit-synthetic-v2.0.0,ALL_SYNTHETIC_CUSTOMERS,ALL_SYNTHETIC_PROGRAMS,P-COMP-010,SYNTHETIC_INTERNAL,SNP-COOLIT-20260925-BL,SCN-BASELINE,INVTX-0052-3,CYCLE_COUNT_ADJUSTMENT,P-COMP-010,-2,EA,,LOC-SUPERMARKET,,,,2026-09-25T12:00:00-06:00,,COUNT_RECONCILIATION
TEN-COOLIT-SYN-001,SITE-COOLIT-SYN-01,ERP,INVENTORY_TRANSACTION,INVTX-0053-1,INVTX-0053-1,RESOLVED,2026-07-24T10:21:00-06:00,2026-09-26T08:00:00-06:00,2026-06-29T00:00:00-06:00,,1,,false,ACTIVE,EA,,VALID,CURRENT,coolit-synthetic-v2.0.0,ALL_SYNTHETIC_CUSTOMERS,ALL_SYNTHETIC_PROGRAMS,P-COMP-011,SYNTHETIC_INTERNAL,SNP-COOLIT-20260925-BL,SCN-BASELINE,INVTX-0053-1,RECEIPT,P-COMP-011,77,EA,LOT-P-COMP-011-A,LOC-SUPERMARKET,,PO-SCH-0053,,2026-07-24T10:21:00-06:00,,STANDARD_FLOW
TEN-COOLIT-SYN-001,SITE-COOLIT-SYN-01,ERP,INVENTORY_TRANSACTION,INVTX-0053-2,INVTX-0053-2,RESOLVED,2026-09-04T11:27:00-06:00,2026-09-26T08:00:00-06:00,2026-06-29T00:00:00-06:00,,1,,false,ACTIVE,EA,,VALID,CURRENT,coolit-synthetic-v2.0.0,ALL_SYNTHETIC_CUSTOMERS,ALL_SYNTHETIC_PROGRAMS,P-COMP-011,SYNTHETIC_INTERNAL,SNP-COOLIT-20260925-BL,SCN-BASELINE,INVTX-0053-2,MATERIAL_ISSUE,P-COMP-011,-29,EA,LOT-P-COMP-011-A,LOC-SUPERMARKET,WO-0013,,,2026-09-04T11:27:00-06:00,,STANDARD_FLOW
TEN-COOLIT-SYN-001,SITE-COOLIT-SYN-01,ERP,INVENTORY_TRANSACTION,INVTX-0053-3,INVTX-0053-3,RESOLVED,2026-09-25T12:00:00-06:00,2026-09-26T08:00:00-06:00,2026-06-29T00:00:00-06:00,,1,,false,ACTIVE,EA,,VALID,CURRENT,coolit-synthetic-v2.0.0,ALL_SYNTHETIC_CUSTOMERS,ALL_SYNTHETIC_PROGRAMS,P-COMP-011,SYNTHETIC_INTERNAL,SNP-COOLIT-20260925-BL,SCN-BASELINE,INVTX-0053-3,CYCLE_COUNT_ADJUSTMENT,P-COMP-011,0,EA,LOT-P-COMP-011-A,LOC-SUPERMARKET,,,,2026-09-25T12:00:00-06:00,,COUNT_RECONCILIATION
TEN-COOLIT-SYN-001,SITE-COOLIT-SYN-01,ERP,INVENTORY_TRANSACTION,INVTX-0054-1,INVTX-0054-1,RESOLVED,2026-07-25T10:14:00-06:00,2026-09-26T08:00:00-06:00,2026-06-29T00:00:00-06:00,,1,,false,ACTIVE,EA,,VALID,CURRENT,coolit-synthetic-v2.0.0,ALL_SYNTHETIC_CUSTOMERS,ALL_SYNTHETIC_PROGRAMS,P-COMP-012,SYNTHETIC_INTERNAL,SNP-COOLIT-20260925-BL,SCN-BASELINE,INVTX-0054-1,RECEIPT,P-COMP-012,78,EA,LOT-P-COMP-012-A,LOC-SUPERMARKET,,PO-SCH-0054,,2026-07-25T10:14:00-06:00,,STANDARD_FLOW
TEN-COOLIT-SYN-001,SITE-COOLIT-SYN-01,ERP,INVENTORY_TRANSACTION,INVTX-0054-2,INVTX-0054-2,RESOLVED,2026-09-05T11:20:00-06:00,2026-09-26T08:00:00-06:00,2026-06-29T00:00:00-06:00,,1,,false,ACTIVE,EA,,VALID,CURRENT,coolit-synthetic-v2.0.0,ALL_SYNTHETIC_CUSTOMERS,ALL_SYNTHETIC_PROGRAMS,P-COMP-012,SYNTHETIC_INTERNAL,SNP-COOLIT-20260925-BL,SCN-BASELINE,INVTX-0054-2,MATERIAL_ISSUE,P-COMP-012,-30,EA,LOT-P-COMP-012-A,LOC-SUPERMARKET,WO-0014,,,2026-09-05T11:20:00-06:00,,STANDARD_FLOW
TEN-COOLIT-SYN-001,SITE-COOLIT-SYN-01,ERP,INVENTORY_TRANSACTION,INVTX-0054-3,INVTX-0054-3,RESOLVED,2026-09-25T12:00:00-06:00,2026-09-26T08:00:00-06:00,2026-06-29T00:00:00-06:00,,1,,false,ACTIVE,EA,,VALID,CURRENT,coolit-synthetic-v2.0.0,ALL_SYNTHETIC_CUSTOMERS,ALL_SYNTHETIC_PROGRAMS,P-COMP-012,SYNTHETIC_INTERNAL,SNP-COOLIT-20260925-BL,SCN-BASELINE,INVTX-0054-3,CYCLE_COUNT_ADJUSTMENT,P-COMP-012,0,EA,LOT-P-COMP-012-A,LOC-SUPERMARKET,,,,2026-09-25T12:00:00-06:00,,COUNT_RECONCILIATION
TEN-COOLIT-SYN-001,SITE-COOLIT-SYN-01,ERP,INVENTORY_TRANSACTION,INVTX-0055-1,INVTX-0055-1,RESOLVED,2026-07-17T10:10:00-06:00,2026-09-26T08:00:00-06:00,2026-06-29T00:00:00-06:00,,1,,false,ACTIVE,EA,,VALID,CURRENT,coolit-synthetic-v2.0.0,ALL_SYNTHETIC_CUSTOMERS,ALL_SYNTHETIC_PROGRAMS,P-COMP-013,SYNTHETIC_INTERNAL,SNP-COOLIT-20260925-BL,SCN-BASELINE,INVTX-0055-1,RECEIPT,P-COMP-013,79,EA,LOT-P-COMP-013-A,LOC-SUPERMARKET,,PO-SCH-0055,,2026-07-17T10:10:00-06:00,,STANDARD_FLOW
TEN-COOLIT-SYN-001,SITE-COOLIT-SYN-01,ERP,INVENTORY_TRANSACTION,INVTX-0055-2,INVTX-0055-2,RESOLVED,2026-08-28T11:16:00-06:00,2026-09-26T08:00:00-06:00,2026-06-29T00:00:00-06:00,,1,,false,ACTIVE,EA,,VALID,CURRENT,coolit-synthetic-v2.0.0,ALL_SYNTHETIC_CUSTOMERS,ALL_SYNTHETIC_PROGRAMS,P-COMP-013,SYNTHETIC_INTERNAL,SNP-COOLIT-20260925-BL,SCN-BASELINE,INVTX-0055-2,MATERIAL_ISSUE,P-COMP-013,-31,EA,LOT-P-COMP-013-A,LOC-SUPERMARKET,WO-0015,,,2026-08-28T11:16:00-06:00,,STANDARD_FLOW
TEN-COOLIT-SYN-001,SITE-COOLIT-SYN-01,ERP,INVENTORY_TRANSACTION,INVTX-0055-3,INVTX-0055-3,RESOLVED,2026-09-19T12:42:00-06:00,2026-09-26T08:00:00-06:00,2026-06-29T00:00:00-06:00,,1,,false,ACTIVE,EA,,VALID,CURRENT,coolit-synthetic-v2.0.0,ALL_SYNTHETIC_CUSTOMERS,ALL_SYNTHETIC_PROGRAMS,P-COMP-013,SYNTHETIC_INTERNAL,SNP-COOLIT-20260925-BL,SCN-BASELINE,INVTX-0055-3,CYCLE_COUNT_ADJUSTMENT,P-COMP-013,0,EA,LOT-P-COMP-013-A,LOC-SUPERMARKET,,,,2026-09-19T12:42:00-06:00,,COUNT_RECONCILIATION
TEN-COOLIT-SYN-001,SITE-COOLIT-SYN-01,ERP,INVENTORY_TRANSACTION,INVTX-0056-1,INVTX-0056-1,RESOLVED,2026-07-18T10:03:00-06:00,2026-09-26T08:00:00-06:00,2026-06-29T00:00:00-06:00,,1,,false,ACTIVE,EA,,VALID,CURRENT,coolit-synthetic-v2.0.0,ALL_SYNTHETIC_CUSTOMERS,ALL_SYNTHETIC_PROGRAMS,P-COMP-014,SYNTHETIC_INTERNAL,SNP-COOLIT-20260925-BL,SCN-BASELINE,INVTX-0056-1,RECEIPT,P-COMP-014,25,EA,LOT-P-COMP-014-A,LOC-SUPERMARKET,,PO-SCH-0056,,2026-07-18T10:03:00-06:00,,STANDARD_FLOW
TEN-COOLIT-SYN-001,SITE-COOLIT-SYN-01,ERP,INVENTORY_TRANSACTION,INVTX-0056-2,INVTX-0056-2,RESOLVED,2026-08-29T11:09:00-06:00,2026-09-26T08:00:00-06:00,2026-06-29T00:00:00-06:00,,1,,false,ACTIVE,EA,,VALID,CURRENT,coolit-synthetic-v2.0.0,ALL_SYNTHETIC_CUSTOMERS,ALL_SYNTHETIC_PROGRAMS,P-COMP-014,SYNTHETIC_INTERNAL,SNP-COOLIT-20260925-BL,SCN-BASELINE,INVTX-0056-2,MATERIAL_ISSUE,P-COMP-014,-32,EA,LOT-P-COMP-014-A,LOC-SUPERMARKET,WO-0016,,,2026-08-29T11:09:00-06:00,,STANDARD_FLOW
TEN-COOLIT-SYN-001,SITE-COOLIT-SYN-01,ERP,INVENTORY_TRANSACTION,INVTX-0056-3,INVTX-0056-3,RESOLVED,2026-09-20T12:35:00-06:00,2026-09-26T08:00:00-06:00,2026-06-29T00:00:00-06:00,,1,,false,ACTIVE,EA,,VALID,CURRENT,coolit-synthetic-v2.0.0,ALL_SYNTHETIC_CUSTOMERS,ALL_SYNTHETIC_PROGRAMS,P-COMP-014,SYNTHETIC_INTERNAL,SNP-COOLIT-20260925-BL,SCN-BASELINE,INVTX-0056-3,CYCLE_COUNT_ADJUSTMENT,P-COMP-014,0,EA,LOT-P-COMP-014-A,LOC-SUPERMARKET,,,,2026-09-20T12:35:00-06:00,,COUNT_RECONCILIATION
TEN-COOLIT-SYN-001,SITE-COOLIT-SYN-01,ERP,INVENTORY_TRANSACTION,INVTX-0057-1,INVTX-0057-1,RESOLVED,2026-07-19T10:56:00-06:00,2026-09-26T08:00:00-06:00,2026-06-29T00:00:00-06:00,,1,,false,ACTIVE,EA,,VALID,CURRENT,coolit-synthetic-v2.0.0,ALL_SYNTHETIC_CUSTOMERS,ALL_SYNTHETIC_PROGRAMS,P-COMP-015,SYNTHETIC_INTERNAL,SNP-COOLIT-20260925-BL,SCN-BASELINE,INVTX-0057-1,RECEIPT,P-COMP-015,26,EA,LOT-P-COMP-015-A,LOC-SUPERMARKET,,PO-SCH-0057,,2026-07-19T10:56:00-06:00,,STANDARD_FLOW
TEN-COOLIT-SYN-001,SITE-COOLIT-SYN-01,ERP,INVENTORY_TRANSACTION,INVTX-0057-2,INVTX-0057-2,RESOLVED,2026-08-30T11:02:00-06:00,2026-09-26T08:00:00-06:00,2026-06-29T00:00:00-06:00,,1,,false,ACTIVE,EA,,VALID,CURRENT,coolit-synthetic-v2.0.0,ALL_SYNTHETIC_CUSTOMERS,ALL_SYNTHETIC_PROGRAMS,P-COMP-015,SYNTHETIC_INTERNAL,SNP-COOLIT-20260925-BL,SCN-BASELINE,INVTX-0057-2,MATERIAL_ISSUE,P-COMP-015,-33,EA,LOT-P-COMP-015-A,LOC-SUPERMARKET,WO-0017,,,2026-08-30T11:02:00-06:00,,STANDARD_FLOW
TEN-COOLIT-SYN-001,SITE-COOLIT-SYN-01,ERP,INVENTORY_TRANSACTION,INVTX-0057-3,INVTX-0057-3,RESOLVED,2026-09-21T12:28:00-06:00,2026-09-26T08:00:00-06:00,2026-06-29T00:00:00-06:00,,1,,false,ACTIVE,EA,,VALID,CURRENT,coolit-synthetic-v2.0.0,ALL_SYNTHETIC_CUSTOMERS,ALL_SYNTHETIC_PROGRAMS,P-COMP-015,SYNTHETIC_INTERNAL,SNP-COOLIT-20260925-BL,SCN-BASELINE,INVTX-0057-3,CYCLE_COUNT_ADJUSTMENT,P-COMP-015,0,EA,LOT-P-COMP-015-A,LOC-SUPERMARKET,,,,2026-09-21T12:28:00-06:00,,COUNT_RECONCILIATION
TEN-COOLIT-SYN-001,SITE-COOLIT-SYN-01,ERP,INVENTORY_TRANSACTION,INVTX-0058-1,INVTX-0058-1,RESOLVED,2026-07-20T10:49:00-06:00,2026-09-26T08:00:00-06:00,2026-06-29T00:00:00-06:00,,1,,false,ACTIVE,EA,,VALID,CURRENT,coolit-synthetic-v2.0.0,ALL_SYNTHETIC_CUSTOMERS,ALL_SYNTHETIC_PROGRAMS,P-COMP-016,SYNTHETIC_INTERNAL,SNP-COOLIT-20260925-BL,SCN-BASELINE,INVTX-0058-1,RECEIPT,P-COMP-016,27,EA,LOT-P-COMP-016-A,LOC-SUPERMARKET,,PO-SCH-0058,,2026-07-20T10:49:00-06:00,,STANDARD_FLOW
TEN-COOLIT-SYN-001,SITE-COOLIT-SYN-01,ERP,INVENTORY_TRANSACTION,INVTX-0058-2,INVTX-0058-2,RESOLVED,2026-08-31T11:55:00-06:00,2026-09-26T08:00:00-06:00,2026-06-29T00:00:00-06:00,,1,,false,ACTIVE,EA,,VALID,CURRENT,coolit-synthetic-v2.0.0,ALL_SYNTHETIC_CUSTOMERS,ALL_SYNTHETIC_PROGRAMS,P-COMP-016,SYNTHETIC_INTERNAL,SNP-COOLIT-20260925-BL,SCN-BASELINE,INVTX-0058-2,MATERIAL_ISSUE,P-COMP-016,-34,EA,LOT-P-COMP-016-A,LOC-SUPERMARKET,WO-0018,,,2026-08-31T11:55:00-06:00,,STANDARD_FLOW
TEN-COOLIT-SYN-001,SITE-COOLIT-SYN-01,ERP,INVENTORY_TRANSACTION,INVTX-0058-3,INVTX-0058-3,RESOLVED,2026-09-22T12:21:00-06:00,2026-09-26T08:00:00-06:00,2026-06-29T00:00:00-06:00,,1,,false,ACTIVE,EA,,VALID,CURRENT,coolit-synthetic-v2.0.0,ALL_SYNTHETIC_CUSTOMERS,ALL_SYNTHETIC_PROGRAMS,P-COMP-016,SYNTHETIC_INTERNAL,SNP-COOLIT-20260925-BL,SCN-BASELINE,INVTX-0058-3,CYCLE_COUNT_ADJUSTMENT,P-COMP-016,1,EA,LOT-P-COMP-016-A,LOC-SUPERMARKET,,,,2026-09-22T12:21:00-06:00,,COUNT_RECONCILIATION
TEN-COOLIT-SYN-001,SITE-COOLIT-SYN-01,ERP,INVENTORY_TRANSACTION,INVTX-0059-1,INVTX-0059-1,RESOLVED,2026-07-21T10:42:00-06:00,2026-09-26T08:00:00-06:00,2026-06-29T00:00:00-06:00,,1,,false,ACTIVE,EA,,VALID,CURRENT,coolit-synthetic-v2.0.0,ALL_SYNTHETIC_CUSTOMERS,ALL_SYNTHETIC_PROGRAMS,P-COMP-017,SYNTHETIC_INTERNAL,SNP-COOLIT-20260925-BL,SCN-BASELINE,INVTX-0059-1,RECEIPT,P-COMP-017,28,EA,LOT-P-COMP-017-A,LOC-SUPERMARKET,,PO-SCH-0059,,2026-07-21T10:42:00-06:00,,STANDARD_FLOW
TEN-COOLIT-SYN-001,SITE-COOLIT-SYN-01,ERP,INVENTORY_TRANSACTION,INVTX-0059-2,INVTX-0059-2,RESOLVED,2026-09-01T11:48:00-06:00,2026-09-26T08:00:00-06:00,2026-06-29T00:00:00-06:00,,1,,false,ACTIVE,EA,,VALID,CURRENT,coolit-synthetic-v2.0.0,ALL_SYNTHETIC_CUSTOMERS,ALL_SYNTHETIC_PROGRAMS,P-COMP-017,SYNTHETIC_INTERNAL,SNP-COOLIT-20260925-BL,SCN-BASELINE,INVTX-0059-2,MATERIAL_ISSUE,P-COMP-017,-35,EA,LOT-P-COMP-017-A,LOC-SUPERMARKET,WO-0019,,,2026-09-01T11:48:00-06:00,,STANDARD_FLOW
TEN-COOLIT-SYN-001,SITE-COOLIT-SYN-01,ERP,INVENTORY_TRANSACTION,INVTX-0059-3,INVTX-0059-3,RESOLVED,2026-09-23T12:14:00-06:00,2026-09-26T08:00:00-06:00,2026-06-29T00:00:00-06:00,,1,,false,ACTIVE,EA,,VALID,CURRENT,coolit-synthetic-v2.0.0,ALL_SYNTHETIC_CUSTOMERS,ALL_SYNTHETIC_PROGRAMS,P-COMP-017,SYNTHETIC_INTERNAL,SNP-COOLIT-20260925-BL,SCN-BASELINE,INVTX-0059-3,CYCLE_COUNT_ADJUSTMENT,P-COMP-017,0,EA,LOT-P-COMP-017-A,LOC-SUPERMARKET,,,,2026-09-23T12:14:00-06:00,,COUNT_RECONCILIATION
TEN-COOLIT-SYN-001,SITE-COOLIT-SYN-01,ERP,INVENTORY_TRANSACTION,INVTX-0060-1,INVTX-0060-1,RESOLVED,2026-07-22T10:35:00-06:00,2026-09-26T08:00:00-06:00,2026-06-29T00:00:00-06:00,,1,,false,ACTIVE,EA,,VALID,CURRENT,coolit-synthetic-v2.0.0,ALL_SYNTHETIC_CUSTOMERS,ALL_SYNTHETIC_PROGRAMS,P-COMP-018,SYNTHETIC_INTERNAL,SNP-COOLIT-20260925-BL,SCN-BASELINE,INVTX-0060-1,RECEIPT,P-COMP-018,29,EA,LOT-P-COMP-018-A,LOC-SUPERMARKET,,PO-SCH-0060,,2026-07-22T10:35:00-06:00,,STANDARD_FLOW
TEN-COOLIT-SYN-001,SITE-COOLIT-SYN-01,ERP,INVENTORY_TRANSACTION,INVTX-0060-2,INVTX-0060-2,RESOLVED,2026-09-02T11:41:00-06:00,2026-09-26T08:00:00-06:00,2026-06-29T00:00:00-06:00,,1,,false,ACTIVE,EA,,VALID,CURRENT,coolit-synthetic-v2.0.0,ALL_SYNTHETIC_CUSTOMERS,ALL_SYNTHETIC_PROGRAMS,P-COMP-018,SYNTHETIC_INTERNAL,SNP-COOLIT-20260925-BL,SCN-BASELINE,INVTX-0060-2,MATERIAL_ISSUE,P-COMP-018,-36,EA,LOT-P-COMP-018-A,LOC-SUPERMARKET,WO-0020,,,2026-09-02T11:41:00-06:00,,STANDARD_FLOW
TEN-COOLIT-SYN-001,SITE-COOLIT-SYN-01,ERP,INVENTORY_TRANSACTION,INVTX-0060-3,INVTX-0060-3,RESOLVED,2026-09-24T12:07:00-06:00,2026-09-26T08:00:00-06:00,2026-06-29T00:00:00-06:00,,1,,false,ACTIVE,EA,,VALID,CURRENT,coolit-synthetic-v2.0.0,ALL_SYNTHETIC_CUSTOMERS,ALL_SYNTHETIC_PROGRAMS,P-COMP-018,SYNTHETIC_INTERNAL,SNP-COOLIT-20260925-BL,SCN-BASELINE,INVTX-0060-3,CYCLE_COUNT_ADJUSTMENT,P-COMP-018,0,EA,LOT-P-COMP-018-A,LOC-SUPERMARKET,,,,2026-09-24T12:07:00-06:00,,COUNT_RECONCILIATION
TEN-COOLIT-SYN-001,SITE-COOLIT-SYN-01,ERP,INVENTORY_TRANSACTION,INVTX-0061-1,INVTX-0061-1,RESOLVED,2026-07-23T10:28:00-06:00,2026-09-26T08:00:00-06:00,2026-06-29T00:00:00-06:00,,1,,false,ACTIVE,EA,,VALID,CURRENT,coolit-synthetic-v2.0.0,ALL_SYNTHETIC_CUSTOMERS,ALL_SYNTHETIC_PROGRAMS,P-COMP-019,SYNTHETIC_INTERNAL,SNP-COOLIT-20260925-BL,SCN-BASELINE,INVTX-0061-1,RECEIPT,P-COMP-019,30,EA,,LOC-SUPERMARKET,,PO-SCH-0061,,2026-07-23T10:28:00-06:00,,STANDARD_FLOW
TEN-COOLIT-SYN-001,SITE-COOLIT-SYN-01,ERP,INVENTORY_TRANSACTION,INVTX-0061-2,INVTX-0061-2,RESOLVED,2026-09-03T11:34:00-06:00,2026-09-26T08:00:00-06:00,2026-06-29T00:00:00-06:00,,1,,false,ACTIVE,EA,,VALID,CURRENT,coolit-synthetic-v2.0.0,ALL_SYNTHETIC_CUSTOMERS,ALL_SYNTHETIC_PROGRAMS,P-COMP-019,SYNTHETIC_INTERNAL,SNP-COOLIT-20260925-BL,SCN-BASELINE,INVTX-0061-2,MATERIAL_ISSUE,P-COMP-019,-37,EA,,LOC-SUPERMARKET,WO-0021,,,2026-09-03T11:34:00-06:00,,STANDARD_FLOW
TEN-COOLIT-SYN-001,SITE-COOLIT-SYN-01,ERP,INVENTORY_TRANSACTION,INVTX-0061-3,INVTX-0061-3,RESOLVED,2026-09-25T12:00:00-06:00,2026-09-26T08:00:00-06:00,2026-06-29T00:00:00-06:00,,1,,false,ACTIVE,EA,,VALID,CURRENT,coolit-synthetic-v2.0.0,ALL_SYNTHETIC_CUSTOMERS,ALL_SYNTHETIC_PROGRAMS,P-COMP-019,SYNTHETIC_INTERNAL,SNP-COOLIT-20260925-BL,SCN-BASELINE,INVTX-0061-3,CYCLE_COUNT_ADJUSTMENT,P-COMP-019,0,EA,,LOC-SUPERMARKET,,,,2026-09-25T12:00:00-06:00,,COUNT_RECONCILIATION
TEN-COOLIT-SYN-001,SITE-COOLIT-SYN-01,ERP,INVENTORY_TRANSACTION,INVTX-0062-1,INVTX-0062-1,RESOLVED,2026-07-24T10:21:00-06:00,2026-09-26T08:00:00-06:00,2026-06-29T00:00:00-06:00,,1,,false,ACTIVE,EA,,VALID,CURRENT,coolit-synthetic-v2.0.0,ALL_SYNTHETIC_CUSTOMERS,ALL_SYNTHETIC_PROGRAMS,P-COMP-020,SYNTHETIC_INTERNAL,SNP-COOLIT-20260925-BL,SCN-BASELINE,INVTX-0062-1,RECEIPT,P-COMP-020,31,EA,,LOC-SUPERMARKET,,PO-SCH-0062,,2026-07-24T10:21:00-06:00,,STANDARD_FLOW
TEN-COOLIT-SYN-001,SITE-COOLIT-SYN-01,ERP,INVENTORY_TRANSACTION,INVTX-0062-2,INVTX-0062-2,RESOLVED,2026-09-04T11:27:00-06:00,2026-09-26T08:00:00-06:00,2026-06-29T00:00:00-06:00,,1,,false,ACTIVE,EA,,VALID,CURRENT,coolit-synthetic-v2.0.0,ALL_SYNTHETIC_CUSTOMERS,ALL_SYNTHETIC_PROGRAMS,P-COMP-020,SYNTHETIC_INTERNAL,SNP-COOLIT-20260925-BL,SCN-BASELINE,INVTX-0062-2,MATERIAL_ISSUE,P-COMP-020,-38,EA,,LOC-SUPERMARKET,WO-0022,,,2026-09-04T11:27:00-06:00,,STANDARD_FLOW
TEN-COOLIT-SYN-001,SITE-COOLIT-SYN-01,ERP,INVENTORY_TRANSACTION,INVTX-0062-3,INVTX-0062-3,RESOLVED,2026-09-25T12:00:00-06:00,2026-09-26T08:00:00-06:00,2026-06-29T00:00:00-06:00,,1,,false,ACTIVE,EA,,VALID,CURRENT,coolit-synthetic-v2.0.0,ALL_SYNTHETIC_CUSTOMERS,ALL_SYNTHETIC_PROGRAMS,P-COMP-020,SYNTHETIC_INTERNAL,SNP-COOLIT-20260925-BL,SCN-BASELINE,INVTX-0062-3,CYCLE_COUNT_ADJUSTMENT,P-COMP-020,0,EA,,LOC-SUPERMARKET,,,,2026-09-25T12:00:00-06:00,,COUNT_RECONCILIATION
TEN-COOLIT-SYN-001,SITE-COOLIT-SYN-01,ERP,INVENTORY_TRANSACTION,INVTX-0063-1,INVTX-0063-1,RESOLVED,2026-07-25T10:14:00-06:00,2026-09-26T08:00:00-06:00,2026-06-29T00:00:00-06:00,,1,,false,ACTIVE,EA,,VALID,CURRENT,coolit-synthetic-v2.0.0,ALL_SYNTHETIC_CUSTOMERS,ALL_SYNTHETIC_PROGRAMS,P-COMP-021,SYNTHETIC_INTERNAL,SNP-COOLIT-20260925-BL,SCN-BASELINE,INVTX-0063-1,RECEIPT,P-COMP-021,32,EA,LOT-P-COMP-021-A,LOC-SUPERMARKET,,PO-SCH-0063,,2026-07-25T10:14:00-06:00,,STANDARD_FLOW
TEN-COOLIT-SYN-001,SITE-COOLIT-SYN-01,ERP,INVENTORY_TRANSACTION,INVTX-0063-2,INVTX-0063-2,RESOLVED,2026-09-05T11:20:00-06:00,2026-09-26T08:00:00-06:00,2026-06-29T00:00:00-06:00,,1,,false,ACTIVE,EA,,VALID,CURRENT,coolit-synthetic-v2.0.0,ALL_SYNTHETIC_CUSTOMERS,ALL_SYNTHETIC_PROGRAMS,P-COMP-021,SYNTHETIC_INTERNAL,SNP-COOLIT-20260925-BL,SCN-BASELINE,INVTX-0063-2,MATERIAL_ISSUE,P-COMP-021,-39,EA,LOT-P-COMP-021-A,LOC-SUPERMARKET,WO-0023,,,2026-09-05T11:20:00-06:00,,STANDARD_FLOW
TEN-COOLIT-SYN-001,SITE-COOLIT-SYN-01,ERP,INVENTORY_TRANSACTION,INVTX-0063-3,INVTX-0063-3,RESOLVED,2026-09-25T12:00:00-06:00,2026-09-26T08:00:00-06:00,2026-06-29T00:00:00-06:00,,1,,false,ACTIVE,EA,,VALID,CURRENT,coolit-synthetic-v2.0.0,ALL_SYNTHETIC_CUSTOMERS,ALL_SYNTHETIC_PROGRAMS,P-COMP-021,SYNTHETIC_INTERNAL,SNP-COOLIT-20260925-BL,SCN-BASELINE,INVTX-0063-3,CYCLE_COUNT_ADJUSTMENT,P-COMP-021,0,EA,LOT-P-COMP-021-A,LOC-SUPERMARKET,,,,2026-09-25T12:00:00-06:00,,COUNT_RECONCILIATION
TEN-COOLIT-SYN-001,SITE-COOLIT-SYN-01,ERP,INVENTORY_TRANSACTION,INVTX-0064-1,INVTX-0064-1,RESOLVED,2026-07-17T10:10:00-06:00,2026-09-26T08:00:00-06:00,2026-06-29T00:00:00-06:00,,1,,false,ACTIVE,EA,,VALID,CURRENT,coolit-synthetic-v2.0.0,ALL_SYNTHETIC_CUSTOMERS,ALL_SYNTHETIC_PROGRAMS,P-COMP-022,SYNTHETIC_INTERNAL,SNP-COOLIT-20260925-BL,SCN-BASELINE,INVTX-0064-1,RECEIPT,P-COMP-022,33,EA,LOT-P-COMP-022-A,LOC-SUPERMARKET,,PO-SCH-0064,,2026-07-17T10:10:00-06:00,,STANDARD_FLOW
TEN-COOLIT-SYN-001,SITE-COOLIT-SYN-01,ERP,INVENTORY_TRANSACTION,INVTX-0064-2,INVTX-0064-2,RESOLVED,2026-08-28T11:16:00-06:00,2026-09-26T08:00:00-06:00,2026-06-29T00:00:00-06:00,,1,,false,ACTIVE,EA,,VALID,CURRENT,coolit-synthetic-v2.0.0,ALL_SYNTHETIC_CUSTOMERS,ALL_SYNTHETIC_PROGRAMS,P-COMP-022,SYNTHETIC_INTERNAL,SNP-COOLIT-20260925-BL,SCN-BASELINE,INVTX-0064-2,MATERIAL_ISSUE,P-COMP-022,-40,EA,LOT-P-COMP-022-A,LOC-SUPERMARKET,WO-0024,,,2026-08-28T11:16:00-06:00,,STANDARD_FLOW
TEN-COOLIT-SYN-001,SITE-COOLIT-SYN-01,ERP,INVENTORY_TRANSACTION,INVTX-0064-3,INVTX-0064-3,RESOLVED,2026-09-19T12:42:00-06:00,2026-09-26T08:00:00-06:00,2026-06-29T00:00:00-06:00,,1,,false,ACTIVE,EA,,VALID,CURRENT,coolit-synthetic-v2.0.0,ALL_SYNTHETIC_CUSTOMERS,ALL_SYNTHETIC_PROGRAMS,P-COMP-022,SYNTHETIC_INTERNAL,SNP-COOLIT-20260925-BL,SCN-BASELINE,INVTX-0064-3,CYCLE_COUNT_ADJUSTMENT,P-COMP-022,0,EA,LOT-P-COMP-022-A,LOC-SUPERMARKET,,,,2026-09-19T12:42:00-06:00,,COUNT_RECONCILIATION
TEN-COOLIT-SYN-001,SITE-COOLIT-SYN-01,ERP,INVENTORY_TRANSACTION,INVTX-0065-1,INVTX-0065-1,RESOLVED,2026-07-18T10:03:00-06:00,2026-09-26T08:00:00-06:00,2026-06-29T00:00:00-06:00,,1,,false,ACTIVE,EA,,VALID,CURRENT,coolit-synthetic-v2.0.0,ALL_SYNTHETIC_CUSTOMERS,ALL_SYNTHETIC_PROGRAMS,P-COMP-023,SYNTHETIC_INTERNAL,SNP-COOLIT-20260925-BL,SCN-BASELINE,INVTX-0065-1,RECEIPT,P-COMP-023,34,EA,LOT-P-COMP-023-A,LOC-SUPERMARKET,,PO-SCH-0065,,2026-07-18T10:03:00-06:00,,STANDARD_FLOW
TEN-COOLIT-SYN-001,SITE-COOLIT-SYN-01,ERP,INVENTORY_TRANSACTION,INVTX-0065-2,INVTX-0065-2,RESOLVED,2026-08-29T11:09:00-06:00,2026-09-26T08:00:00-06:00,2026-06-29T00:00:00-06:00,,1,,false,ACTIVE,EA,,VALID,CURRENT,coolit-synthetic-v2.0.0,ALL_SYNTHETIC_CUSTOMERS,ALL_SYNTHETIC_PROGRAMS,P-COMP-023,SYNTHETIC_INTERNAL,SNP-COOLIT-20260925-BL,SCN-BASELINE,INVTX-0065-2,MATERIAL_ISSUE,P-COMP-023,-41,EA,LOT-P-COMP-023-A,LOC-SUPERMARKET,WO-0025,,,2026-08-29T11:09:00-06:00,,STANDARD_FLOW
TEN-COOLIT-SYN-001,SITE-COOLIT-SYN-01,ERP,INVENTORY_TRANSACTION,INVTX-0065-3,INVTX-0065-3,RESOLVED,2026-09-20T12:35:00-06:00,2026-09-26T08:00:00-06:00,2026-06-29T00:00:00-06:00,,1,,false,ACTIVE,EA,,VALID,CURRENT,coolit-synthetic-v2.0.0,ALL_SYNTHETIC_CUSTOMERS,ALL_SYNTHETIC_PROGRAMS,P-COMP-023,SYNTHETIC_INTERNAL,SNP-COOLIT-20260925-BL,SCN-BASELINE,INVTX-0065-3,CYCLE_COUNT_ADJUSTMENT,P-COMP-023,0,EA,LOT-P-COMP-023-A,LOC-SUPERMARKET,,,,2026-09-20T12:35:00-06:00,,COUNT_RECONCILIATION
TEN-COOLIT-SYN-001,SITE-COOLIT-SYN-01,ERP,INVENTORY_TRANSACTION,INVTX-0066-1,INVTX-0066-1,RESOLVED,2026-07-19T10:56:00-06:00,2026-09-26T08:00:00-06:00,2026-06-29T00:00:00-06:00,,1,,false,ACTIVE,EA,,VALID,CURRENT,coolit-synthetic-v2.0.0,ALL_SYNTHETIC_CUSTOMERS,ALL_SYNTHETIC_PROGRAMS,P-COMP-024,SYNTHETIC_INTERNAL,SNP-COOLIT-20260925-BL,SCN-BASELINE,INVTX-0066-1,RECEIPT,P-COMP-024,35,EA,LOT-P-COMP-024-A,LOC-SUPERMARKET,,PO-SCH-0066,,2026-07-19T10:56:00-06:00,,STANDARD_FLOW
TEN-COOLIT-SYN-001,SITE-COOLIT-SYN-01,ERP,INVENTORY_TRANSACTION,INVTX-0066-2,INVTX-0066-2,RESOLVED,2026-08-30T11:02:00-06:00,2026-09-26T08:00:00-06:00,2026-06-29T00:00:00-06:00,,1,,false,ACTIVE,EA,,VALID,CURRENT,coolit-synthetic-v2.0.0,ALL_SYNTHETIC_CUSTOMERS,ALL_SYNTHETIC_PROGRAMS,P-COMP-024,SYNTHETIC_INTERNAL,SNP-COOLIT-20260925-BL,SCN-BASELINE,INVTX-0066-2,MATERIAL_ISSUE,P-COMP-024,-42,EA,LOT-P-COMP-024-A,LOC-SUPERMARKET,WO-0026,,,2026-08-30T11:02:00-06:00,,STANDARD_FLOW
TEN-COOLIT-SYN-001,SITE-COOLIT-SYN-01,ERP,INVENTORY_TRANSACTION,INVTX-0066-3,INVTX-0066-3,RESOLVED,2026-09-21T12:28:00-06:00,2026-09-26T08:00:00-06:00,2026-06-29T00:00:00-06:00,,1,,false,ACTIVE,EA,,VALID,CURRENT,coolit-synthetic-v2.0.0,ALL_SYNTHETIC_CUSTOMERS,ALL_SYNTHETIC_PROGRAMS,P-COMP-024,SYNTHETIC_INTERNAL,SNP-COOLIT-20260925-BL,SCN-BASELINE,INVTX-0066-3,CYCLE_COUNT_ADJUSTMENT,P-COMP-024,0,EA,LOT-P-COMP-024-A,LOC-SUPERMARKET,,,,2026-09-21T12:28:00-06:00,,COUNT_RECONCILIATION
TEN-COOLIT-SYN-001,SITE-COOLIT-SYN-01,ERP,INVENTORY_TRANSACTION,INVTX-0067-1,INVTX-0067-1,RESOLVED,2026-07-20T10:49:00-06:00,2026-09-26T08:00:00-06:00,2026-06-29T00:00:00-06:00,,1,,false,ACTIVE,EA,,VALID,CURRENT,coolit-synthetic-v2.0.0,ALL_SYNTHETIC_CUSTOMERS,ALL_SYNTHETIC_PROGRAMS,P-COMP-025,SYNTHETIC_INTERNAL,SNP-COOLIT-20260925-BL,SCN-BASELINE,INVTX-0067-1,RECEIPT,P-COMP-025,36,EA,LOT-P-COMP-025-A,LOC-SUPERMARKET,,PO-SCH-0067,,2026-07-20T10:49:00-06:00,,STANDARD_FLOW
TEN-COOLIT-SYN-001,SITE-COOLIT-SYN-01,ERP,INVENTORY_TRANSACTION,INVTX-0067-2,INVTX-0067-2,RESOLVED,2026-08-31T11:55:00-06:00,2026-09-26T08:00:00-06:00,2026-06-29T00:00:00-06:00,,1,,false,ACTIVE,EA,,VALID,CURRENT,coolit-synthetic-v2.0.0,ALL_SYNTHETIC_CUSTOMERS,ALL_SYNTHETIC_PROGRAMS,P-COMP-025,SYNTHETIC_INTERNAL,SNP-COOLIT-20260925-BL,SCN-BASELINE,INVTX-0067-2,MATERIAL_ISSUE,P-COMP-025,-43,EA,LOT-P-COMP-025-A,LOC-SUPERMARKET,WO-0027,,,2026-08-31T11:55:00-06:00,,STANDARD_FLOW
TEN-COOLIT-SYN-001,SITE-COOLIT-SYN-01,ERP,INVENTORY_TRANSACTION,INVTX-0067-3,INVTX-0067-3,RESOLVED,2026-09-22T12:21:00-06:00,2026-09-26T08:00:00-06:00,2026-06-29T00:00:00-06:00,,1,,false,ACTIVE,EA,,VALID,CURRENT,coolit-synthetic-v2.0.0,ALL_SYNTHETIC_CUSTOMERS,ALL_SYNTHETIC_PROGRAMS,P-COMP-025,SYNTHETIC_INTERNAL,SNP-COOLIT-20260925-BL,SCN-BASELINE,INVTX-0067-3,CYCLE_COUNT_ADJUSTMENT,P-COMP-025,0,EA,LOT-P-COMP-025-A,LOC-SUPERMARKET,,,,2026-09-22T12:21:00-06:00,,COUNT_RECONCILIATION
TEN-COOLIT-SYN-001,SITE-COOLIT-SYN-01,ERP,INVENTORY_TRANSACTION,INVTX-0068-1,INVTX-0068-1,RESOLVED,2026-07-21T10:42:00-06:00,2026-09-26T08:00:00-06:00,2026-06-29T00:00:00-06:00,,1,,false,ACTIVE,EA,,VALID,CURRENT,coolit-synthetic-v2.0.0,ALL_SYNTHETIC_CUSTOMERS,ALL_SYNTHETIC_PROGRAMS,P-COMP-026,SYNTHETIC_INTERNAL,SNP-COOLIT-20260925-BL,SCN-BASELINE,INVTX-0068-1,RECEIPT,P-COMP-026,37,EA,LOT-P-COMP-026-A,LOC-SUPERMARKET,,PO-SCH-0068,,2026-07-21T10:42:00-06:00,,STANDARD_FLOW
TEN-COOLIT-SYN-001,SITE-COOLIT-SYN-01,ERP,INVENTORY_TRANSACTION,INVTX-0068-2,INVTX-0068-2,RESOLVED,2026-09-01T11:48:00-06:00,2026-09-26T08:00:00-06:00,2026-06-29T00:00:00-06:00,,1,,false,ACTIVE,EA,,VALID,CURRENT,coolit-synthetic-v2.0.0,ALL_SYNTHETIC_CUSTOMERS,ALL_SYNTHETIC_PROGRAMS,P-COMP-026,SYNTHETIC_INTERNAL,SNP-COOLIT-20260925-BL,SCN-BASELINE,INVTX-0068-2,MATERIAL_ISSUE,P-COMP-026,-44,EA,LOT-P-COMP-026-A,LOC-SUPERMARKET,WO-0028,,,2026-09-01T11:48:00-06:00,,STANDARD_FLOW
TEN-COOLIT-SYN-001,SITE-COOLIT-SYN-01,ERP,INVENTORY_TRANSACTION,INVTX-0068-3,INVTX-0068-3,RESOLVED,2026-09-23T12:14:00-06:00,2026-09-26T08:00:00-06:00,2026-06-29T00:00:00-06:00,,1,,false,ACTIVE,EA,,VALID,CURRENT,coolit-synthetic-v2.0.0,ALL_SYNTHETIC_CUSTOMERS,ALL_SYNTHETIC_PROGRAMS,P-COMP-026,SYNTHETIC_INTERNAL,SNP-COOLIT-20260925-BL,SCN-BASELINE,INVTX-0068-3,CYCLE_COUNT_ADJUSTMENT,P-COMP-026,0,EA,LOT-P-COMP-026-A,LOC-SUPERMARKET,,,,2026-09-23T12:14:00-06:00,,COUNT_RECONCILIATION
TEN-COOLIT-SYN-001,SITE-COOLIT-SYN-01,ERP,INVENTORY_TRANSACTION,INVTX-0069-1,INVTX-0069-1,RESOLVED,2026-07-22T10:35:00-06:00,2026-09-26T08:00:00-06:00,2026-06-29T00:00:00-06:00,,1,,false,ACTIVE,EA,,VALID,CURRENT,coolit-synthetic-v2.0.0,ALL_SYNTHETIC_CUSTOMERS,ALL_SYNTHETIC_PROGRAMS,P-COMP-027,SYNTHETIC_INTERNAL,SNP-COOLIT-20260925-BL,SCN-BASELINE,INVTX-0069-1,RECEIPT,P-COMP-027,38,EA,LOT-P-COMP-027-A,LOC-SUPERMARKET,,PO-SCH-0069,,2026-07-22T10:35:00-06:00,,STANDARD_FLOW
TEN-COOLIT-SYN-001,SITE-COOLIT-SYN-01,ERP,INVENTORY_TRANSACTION,INVTX-0069-2,INVTX-0069-2,RESOLVED,2026-09-02T11:41:00-06:00,2026-09-26T08:00:00-06:00,2026-06-29T00:00:00-06:00,,1,,false,ACTIVE,EA,,VALID,CURRENT,coolit-synthetic-v2.0.0,ALL_SYNTHETIC_CUSTOMERS,ALL_SYNTHETIC_PROGRAMS,P-COMP-027,SYNTHETIC_INTERNAL,SNP-COOLIT-20260925-BL,SCN-BASELINE,INVTX-0069-2,MATERIAL_ISSUE,P-COMP-027,-45,EA,LOT-P-COMP-027-A,LOC-SUPERMARKET,WO-0029,,,2026-09-02T11:41:00-06:00,,STANDARD_FLOW
TEN-COOLIT-SYN-001,SITE-COOLIT-SYN-01,ERP,INVENTORY_TRANSACTION,INVTX-0069-3,INVTX-0069-3,RESOLVED,2026-09-24T12:07:00-06:00,2026-09-26T08:00:00-06:00,2026-06-29T00:00:00-06:00,,1,,false,ACTIVE,EA,,VALID,CURRENT,coolit-synthetic-v2.0.0,ALL_SYNTHETIC_CUSTOMERS,ALL_SYNTHETIC_PROGRAMS,P-COMP-027,SYNTHETIC_INTERNAL,SNP-COOLIT-20260925-BL,SCN-BASELINE,INVTX-0069-3,CYCLE_COUNT_ADJUSTMENT,P-COMP-027,-2,EA,LOT-P-COMP-027-A,LOC-SUPERMARKET,,,,2026-09-24T12:07:00-06:00,,COUNT_RECONCILIATION
TEN-COOLIT-SYN-001,SITE-COOLIT-SYN-01,ERP,INVENTORY_TRANSACTION,INVTX-0070-1,INVTX-0070-1,RESOLVED,2026-07-23T10:28:00-06:00,2026-09-26T08:00:00-06:00,2026-06-29T00:00:00-06:00,,1,,false,ACTIVE,EA,,VALID,CURRENT,coolit-synthetic-v2.0.0,ALL_SYNTHETIC_CUSTOMERS,ALL_SYNTHETIC_PROGRAMS,P-COMP-028,SYNTHETIC_INTERNAL,SNP-COOLIT-20260925-BL,SCN-BASELINE,INVTX-0070-1,RECEIPT,P-COMP-028,39,EA,LOT-P-COMP-028-A,LOC-SUPERMARKET,,PO-SCH-0070,,2026-07-23T10:28:00-06:00,,STANDARD_FLOW
TEN-COOLIT-SYN-001,SITE-COOLIT-SYN-01,ERP,INVENTORY_TRANSACTION,INVTX-0070-2,INVTX-0070-2,RESOLVED,2026-09-03T11:34:00-06:00,2026-09-26T08:00:00-06:00,2026-06-29T00:00:00-06:00,,1,,false,ACTIVE,EA,,VALID,CURRENT,coolit-synthetic-v2.0.0,ALL_SYNTHETIC_CUSTOMERS,ALL_SYNTHETIC_PROGRAMS,P-COMP-028,SYNTHETIC_INTERNAL,SNP-COOLIT-20260925-BL,SCN-BASELINE,INVTX-0070-2,MATERIAL_ISSUE,P-COMP-028,-46,EA,LOT-P-COMP-028-A,LOC-SUPERMARKET,WO-0030,,,2026-09-03T11:34:00-06:00,,STANDARD_FLOW
TEN-COOLIT-SYN-001,SITE-COOLIT-SYN-01,ERP,INVENTORY_TRANSACTION,INVTX-0070-3,INVTX-0070-3,RESOLVED,2026-09-25T12:00:00-06:00,2026-09-26T08:00:00-06:00,2026-06-29T00:00:00-06:00,,1,,false,ACTIVE,EA,,VALID,CURRENT,coolit-synthetic-v2.0.0,ALL_SYNTHETIC_CUSTOMERS,ALL_SYNTHETIC_PROGRAMS,P-COMP-028,SYNTHETIC_INTERNAL,SNP-COOLIT-20260925-BL,SCN-BASELINE,INVTX-0070-3,CYCLE_COUNT_ADJUSTMENT,P-COMP-028,0,EA,LOT-P-COMP-028-A,LOC-SUPERMARKET,,,,2026-09-25T12:00:00-06:00,,COUNT_RECONCILIATION
TEN-COOLIT-SYN-001,SITE-COOLIT-SYN-01,ERP,INVENTORY_TRANSACTION,INVTX-0071-1,INVTX-0071-1,RESOLVED,2026-07-24T10:21:00-06:00,2026-09-26T08:00:00-06:00,2026-06-29T00:00:00-06:00,,1,,false,ACTIVE,EA,,VALID,CURRENT,coolit-synthetic-v2.0.0,ALL_SYNTHETIC_CUSTOMERS,ALL_SYNTHETIC_PROGRAMS,P-COMP-029,SYNTHETIC_INTERNAL,SNP-COOLIT-20260925-BL,SCN-BASELINE,INVTX-0071-1,RECEIPT,P-COMP-029,40,EA,,LOC-SUPERMARKET,,PO-SCH-0071,,2026-07-24T10:21:00-06:00,,STANDARD_FLOW
TEN-COOLIT-SYN-001,SITE-COOLIT-SYN-01,ERP,INVENTORY_TRANSACTION,INVTX-0071-2,INVTX-0071-2,RESOLVED,2026-09-04T11:27:00-06:00,2026-09-26T08:00:00-06:00,2026-06-29T00:00:00-06:00,,1,,false,ACTIVE,EA,,VALID,CURRENT,coolit-synthetic-v2.0.0,ALL_SYNTHETIC_CUSTOMERS,ALL_SYNTHETIC_PROGRAMS,P-COMP-029,SYNTHETIC_INTERNAL,SNP-COOLIT-20260925-BL,SCN-BASELINE,INVTX-0071-2,MATERIAL_ISSUE,P-COMP-029,-47,EA,,LOC-SUPERMARKET,WO-0031,,,2026-09-04T11:27:00-06:00,,STANDARD_FLOW
TEN-COOLIT-SYN-001,SITE-COOLIT-SYN-01,ERP,INVENTORY_TRANSACTION,INVTX-0071-3,INVTX-0071-3,RESOLVED,2026-09-25T12:00:00-06:00,2026-09-26T08:00:00-06:00,2026-06-29T00:00:00-06:00,,1,,false,ACTIVE,EA,,VALID,CURRENT,coolit-synthetic-v2.0.0,ALL_SYNTHETIC_CUSTOMERS,ALL_SYNTHETIC_PROGRAMS,P-COMP-029,SYNTHETIC_INTERNAL,SNP-COOLIT-20260925-BL,SCN-BASELINE,INVTX-0071-3,CYCLE_COUNT_ADJUSTMENT,P-COMP-029,0,EA,,LOC-SUPERMARKET,,,,2026-09-25T12:00:00-06:00,,COUNT_RECONCILIATION
TEN-COOLIT-SYN-001,SITE-COOLIT-SYN-01,ERP,INVENTORY_TRANSACTION,INVTX-0072-1,INVTX-0072-1,RESOLVED,2026-07-25T10:14:00-06:00,2026-09-26T08:00:00-06:00,2026-06-29T00:00:00-06:00,,1,,false,ACTIVE,EA,,VALID,CURRENT,coolit-synthetic-v2.0.0,ALL_SYNTHETIC_CUSTOMERS,ALL_SYNTHETIC_PROGRAMS,P-COMP-030,SYNTHETIC_INTERNAL,SNP-COOLIT-20260925-BL,SCN-BASELINE,INVTX-0072-1,RECEIPT,P-COMP-030,41,EA,,LOC-SUPERMARKET,,PO-SCH-0072,,2026-07-25T10:14:00-06:00,,STANDARD_FLOW
TEN-COOLIT-SYN-001,SITE-COOLIT-SYN-01,ERP,INVENTORY_TRANSACTION,INVTX-0072-2,INVTX-0072-2,RESOLVED,2026-09-05T11:20:00-06:00,2026-09-26T08:00:00-06:00,2026-06-29T00:00:00-06:00,,1,,false,ACTIVE,EA,,VALID,CURRENT,coolit-synthetic-v2.0.0,ALL_SYNTHETIC_CUSTOMERS,ALL_SYNTHETIC_PROGRAMS,P-COMP-030,SYNTHETIC_INTERNAL,SNP-COOLIT-20260925-BL,SCN-BASELINE,INVTX-0072-2,MATERIAL_ISSUE,P-COMP-030,-48,EA,,LOC-SUPERMARKET,WO-0032,,,2026-09-05T11:20:00-06:00,,STANDARD_FLOW
TEN-COOLIT-SYN-001,SITE-COOLIT-SYN-01,ERP,INVENTORY_TRANSACTION,INVTX-0072-3,INVTX-0072-3,RESOLVED,2026-09-25T12:00:00-06:00,2026-09-26T08:00:00-06:00,2026-06-29T00:00:00-06:00,,1,,false,ACTIVE,EA,,VALID,CURRENT,coolit-synthetic-v2.0.0,ALL_SYNTHETIC_CUSTOMERS,ALL_SYNTHETIC_PROGRAMS,P-COMP-030,SYNTHETIC_INTERNAL,SNP-COOLIT-20260925-BL,SCN-BASELINE,INVTX-0072-3,CYCLE_COUNT_ADJUSTMENT,P-COMP-030,0,EA,,LOC-SUPERMARKET,,,,2026-09-25T12:00:00-06:00,,COUNT_RECONCILIATION
TEN-COOLIT-SYN-001,SITE-COOLIT-SYN-01,ERP,INVENTORY_TRANSACTION,INVTX-0073-1,INVTX-0073-1,RESOLVED,2026-07-17T10:10:00-06:00,2026-09-26T08:00:00-06:00,2026-06-29T00:00:00-06:00,,1,,false,ACTIVE,EA,,VALID,CURRENT,coolit-synthetic-v2.0.0,ALL_SYNTHETIC_CUSTOMERS,ALL_SYNTHETIC_PROGRAMS,P-COMP-031,SYNTHETIC_INTERNAL,SNP-COOLIT-20260925-BL,SCN-BASELINE,INVTX-0073-1,RECEIPT,P-COMP-031,42,EA,LOT-P-COMP-031-A,LOC-SUPERMARKET,,PO-SCH-0073,,2026-07-17T10:10:00-06:00,,STANDARD_FLOW
TEN-COOLIT-SYN-001,SITE-COOLIT-SYN-01,ERP,INVENTORY_TRANSACTION,INVTX-0073-2,INVTX-0073-2,RESOLVED,2026-08-28T11:16:00-06:00,2026-09-26T08:00:00-06:00,2026-06-29T00:00:00-06:00,,1,,false,ACTIVE,EA,,VALID,CURRENT,coolit-synthetic-v2.0.0,ALL_SYNTHETIC_CUSTOMERS,ALL_SYNTHETIC_PROGRAMS,P-COMP-031,SYNTHETIC_INTERNAL,SNP-COOLIT-20260925-BL,SCN-BASELINE,INVTX-0073-2,MATERIAL_ISSUE,P-COMP-031,-49,EA,LOT-P-COMP-031-A,LOC-SUPERMARKET,WO-0033,,,2026-08-28T11:16:00-06:00,,STANDARD_FLOW
TEN-COOLIT-SYN-001,SITE-COOLIT-SYN-01,ERP,INVENTORY_TRANSACTION,INVTX-0073-3,INVTX-0073-3,RESOLVED,2026-09-19T12:42:00-06:00,2026-09-26T08:00:00-06:00,2026-06-29T00:00:00-06:00,,1,,false,ACTIVE,EA,,VALID,CURRENT,coolit-synthetic-v2.0.0,ALL_SYNTHETIC_CUSTOMERS,ALL_SYNTHETIC_PROGRAMS,P-COMP-031,SYNTHETIC_INTERNAL,SNP-COOLIT-20260925-BL,SCN-BASELINE,INVTX-0073-3,CYCLE_COUNT_ADJUSTMENT,P-COMP-031,0,EA,LOT-P-COMP-031-A,LOC-SUPERMARKET,,,,2026-09-19T12:42:00-06:00,,COUNT_RECONCILIATION
TEN-COOLIT-SYN-001,SITE-COOLIT-SYN-01,ERP,INVENTORY_TRANSACTION,INVTX-0074-1,INVTX-0074-1,RESOLVED,2026-07-18T10:03:00-06:00,2026-09-26T08:00:00-06:00,2026-06-29T00:00:00-06:00,,1,,false,ACTIVE,EA,,VALID,CURRENT,coolit-synthetic-v2.0.0,ALL_SYNTHETIC_CUSTOMERS,ALL_SYNTHETIC_PROGRAMS,P-COMP-032,SYNTHETIC_INTERNAL,SNP-COOLIT-20260925-BL,SCN-BASELINE,INVTX-0074-1,RECEIPT,P-COMP-032,43,EA,LOT-P-COMP-032-A,LOC-SUPERMARKET,,PO-SCH-0074,,2026-07-18T10:03:00-06:00,,STANDARD_FLOW
TEN-COOLIT-SYN-001,SITE-COOLIT-SYN-01,ERP,INVENTORY_TRANSACTION,INVTX-0074-2,INVTX-0074-2,RESOLVED,2026-08-29T11:09:00-06:00,2026-09-26T08:00:00-06:00,2026-06-29T00:00:00-06:00,,1,,false,ACTIVE,EA,,VALID,CURRENT,coolit-synthetic-v2.0.0,ALL_SYNTHETIC_CUSTOMERS,ALL_SYNTHETIC_PROGRAMS,P-COMP-032,SYNTHETIC_INTERNAL,SNP-COOLIT-20260925-BL,SCN-BASELINE,INVTX-0074-2,MATERIAL_ISSUE,P-COMP-032,-50,EA,LOT-P-COMP-032-A,LOC-SUPERMARKET,WO-0034,,,2026-08-29T11:09:00-06:00,,STANDARD_FLOW
TEN-COOLIT-SYN-001,SITE-COOLIT-SYN-01,ERP,INVENTORY_TRANSACTION,INVTX-0074-3,INVTX-0074-3,RESOLVED,2026-09-20T12:35:00-06:00,2026-09-26T08:00:00-06:00,2026-06-29T00:00:00-06:00,,1,,false,ACTIVE,EA,,VALID,CURRENT,coolit-synthetic-v2.0.0,ALL_SYNTHETIC_CUSTOMERS,ALL_SYNTHETIC_PROGRAMS,P-COMP-032,SYNTHETIC_INTERNAL,SNP-COOLIT-20260925-BL,SCN-BASELINE,INVTX-0074-3,CYCLE_COUNT_ADJUSTMENT,P-COMP-032,0,EA,LOT-P-COMP-032-A,LOC-SUPERMARKET,,,,2026-09-20T12:35:00-06:00,,COUNT_RECONCILIATION
TEN-COOLIT-SYN-001,SITE-COOLIT-SYN-01,ERP,INVENTORY_TRANSACTION,INVTX-0075-1,INVTX-0075-1,RESOLVED,2026-07-19T10:56:00-06:00,2026-09-26T08:00:00-06:00,2026-06-29T00:00:00-06:00,,1,,false,ACTIVE,EA,,VALID,CURRENT,coolit-synthetic-v2.0.0,ALL_SYNTHETIC_CUSTOMERS,ALL_SYNTHETIC_PROGRAMS,P-COMP-033,SYNTHETIC_INTERNAL,SNP-COOLIT-20260925-BL,SCN-BASELINE,INVTX-0075-1,RECEIPT,P-COMP-033,44,EA,LOT-P-COMP-033-A,LOC-SUPERMARKET,,PO-SCH-0075,,2026-07-19T10:56:00-06:00,,STANDARD_FLOW
TEN-COOLIT-SYN-001,SITE-COOLIT-SYN-01,ERP,INVENTORY_TRANSACTION,INVTX-0075-2,INVTX-0075-2,RESOLVED,2026-08-30T11:02:00-06:00,2026-09-26T08:00:00-06:00,2026-06-29T00:00:00-06:00,,1,,false,ACTIVE,EA,,VALID,CURRENT,coolit-synthetic-v2.0.0,ALL_SYNTHETIC_CUSTOMERS,ALL_SYNTHETIC_PROGRAMS,P-COMP-033,SYNTHETIC_INTERNAL,SNP-COOLIT-20260925-BL,SCN-BASELINE,INVTX-0075-2,MATERIAL_ISSUE,P-COMP-033,-51,EA,LOT-P-COMP-033-A,LOC-SUPERMARKET,WO-0035,,,2026-08-30T11:02:00-06:00,,STANDARD_FLOW
TEN-COOLIT-SYN-001,SITE-COOLIT-SYN-01,ERP,INVENTORY_TRANSACTION,INVTX-0075-3,INVTX-0075-3,RESOLVED,2026-09-21T12:28:00-06:00,2026-09-26T08:00:00-06:00,2026-06-29T00:00:00-06:00,,1,,false,ACTIVE,EA,,VALID,CURRENT,coolit-synthetic-v2.0.0,ALL_SYNTHETIC_CUSTOMERS,ALL_SYNTHETIC_PROGRAMS,P-COMP-033,SYNTHETIC_INTERNAL,SNP-COOLIT-20260925-BL,SCN-BASELINE,INVTX-0075-3,CYCLE_COUNT_ADJUSTMENT,P-COMP-033,0,EA,LOT-P-COMP-033-A,LOC-SUPERMARKET,,,,2026-09-21T12:28:00-06:00,,COUNT_RECONCILIATION
TEN-COOLIT-SYN-001,SITE-COOLIT-SYN-01,ERP,INVENTORY_TRANSACTION,INVTX-0076-1,INVTX-0076-1,RESOLVED,2026-07-20T10:49:00-06:00,2026-09-26T08:00:00-06:00,2026-06-29T00:00:00-06:00,,1,,false,ACTIVE,EA,,VALID,CURRENT,coolit-synthetic-v2.0.0,ALL_SYNTHETIC_CUSTOMERS,ALL_SYNTHETIC_PROGRAMS,P-COMP-034,SYNTHETIC_INTERNAL,SNP-COOLIT-20260925-BL,SCN-BASELINE,INVTX-0076-1,RECEIPT,P-COMP-034,45,EA,LOT-P-COMP-034-A,LOC-SUPERMARKET,,PO-SCH-0076,,2026-07-20T10:49:00-06:00,,STANDARD_FLOW
TEN-COOLIT-SYN-001,SITE-COOLIT-SYN-01,ERP,INVENTORY_TRANSACTION,INVTX-0076-2,INVTX-0076-2,RESOLVED,2026-08-31T11:55:00-06:00,2026-09-26T08:00:00-06:00,2026-06-29T00:00:00-06:00,,1,,false,ACTIVE,EA,,VALID,CURRENT,coolit-synthetic-v2.0.0,ALL_SYNTHETIC_CUSTOMERS,ALL_SYNTHETIC_PROGRAMS,P-COMP-034,SYNTHETIC_INTERNAL,SNP-COOLIT-20260925-BL,SCN-BASELINE,INVTX-0076-2,MATERIAL_ISSUE,P-COMP-034,-52,EA,LOT-P-COMP-034-A,LOC-SUPERMARKET,WO-0036,,,2026-08-31T11:55:00-06:00,,STANDARD_FLOW
TEN-COOLIT-SYN-001,SITE-COOLIT-SYN-01,ERP,INVENTORY_TRANSACTION,INVTX-0076-3,INVTX-0076-3,RESOLVED,2026-09-22T12:21:00-06:00,2026-09-26T08:00:00-06:00,2026-06-29T00:00:00-06:00,,1,,false,ACTIVE,EA,,VALID,CURRENT,coolit-synthetic-v2.0.0,ALL_SYNTHETIC_CUSTOMERS,ALL_SYNTHETIC_PROGRAMS,P-COMP-034,SYNTHETIC_INTERNAL,SNP-COOLIT-20260925-BL,SCN-BASELINE,INVTX-0076-3,CYCLE_COUNT_ADJUSTMENT,P-COMP-034,0,EA,LOT-P-COMP-034-A,LOC-SUPERMARKET,,,,2026-09-22T12:21:00-06:00,,COUNT_RECONCILIATION
TEN-COOLIT-SYN-001,SITE-COOLIT-SYN-01,ERP,INVENTORY_TRANSACTION,INVTX-0077-1,INVTX-0077-1,RESOLVED,2026-07-21T10:42:00-06:00,2026-09-26T08:00:00-06:00,2026-06-29T00:00:00-06:00,,1,,false,ACTIVE,EA,,VALID,CURRENT,coolit-synthetic-v2.0.0,ALL_SYNTHETIC_CUSTOMERS,ALL_SYNTHETIC_PROGRAMS,P-COMP-035,SYNTHETIC_INTERNAL,SNP-COOLIT-20260925-BL,SCN-BASELINE,INVTX-0077-1,RECEIPT,P-COMP-035,46,EA,LOT-P-COMP-035-A,LOC-SUPERMARKET,,PO-SCH-0077,,2026-07-21T10:42:00-06:00,,STANDARD_FLOW
TEN-COOLIT-SYN-001,SITE-COOLIT-SYN-01,ERP,INVENTORY_TRANSACTION,INVTX-0077-2,INVTX-0077-2,RESOLVED,2026-09-01T11:48:00-06:00,2026-09-26T08:00:00-06:00,2026-06-29T00:00:00-06:00,,1,,false,ACTIVE,EA,,VALID,CURRENT,coolit-synthetic-v2.0.0,ALL_SYNTHETIC_CUSTOMERS,ALL_SYNTHETIC_PROGRAMS,P-COMP-035,SYNTHETIC_INTERNAL,SNP-COOLIT-20260925-BL,SCN-BASELINE,INVTX-0077-2,MATERIAL_ISSUE,P-COMP-035,-53,EA,LOT-P-COMP-035-A,LOC-SUPERMARKET,WO-0037,,,2026-09-01T11:48:00-06:00,,STANDARD_FLOW
TEN-COOLIT-SYN-001,SITE-COOLIT-SYN-01,ERP,INVENTORY_TRANSACTION,INVTX-0077-3,INVTX-0077-3,RESOLVED,2026-09-23T12:14:00-06:00,2026-09-26T08:00:00-06:00,2026-06-29T00:00:00-06:00,,1,,false,ACTIVE,EA,,VALID,CURRENT,coolit-synthetic-v2.0.0,ALL_SYNTHETIC_CUSTOMERS,ALL_SYNTHETIC_PROGRAMS,P-COMP-035,SYNTHETIC_INTERNAL,SNP-COOLIT-20260925-BL,SCN-BASELINE,INVTX-0077-3,CYCLE_COUNT_ADJUSTMENT,P-COMP-035,1,EA,LOT-P-COMP-035-A,LOC-SUPERMARKET,,,,2026-09-23T12:14:00-06:00,,COUNT_RECONCILIATION
TEN-COOLIT-SYN-001,SITE-COOLIT-SYN-01,ERP,INVENTORY_TRANSACTION,INVTX-0078-1,INVTX-0078-1,RESOLVED,2026-07-22T10:35:00-06:00,2026-09-26T08:00:00-06:00,2026-06-29T00:00:00-06:00,,1,,false,ACTIVE,EA,,VALID,CURRENT,coolit-synthetic-v2.0.0,ALL_SYNTHETIC_CUSTOMERS,ALL_SYNTHETIC_PROGRAMS,P-COMP-036,SYNTHETIC_INTERNAL,SNP-COOLIT-20260925-BL,SCN-BASELINE,INVTX-0078-1,RECEIPT,P-COMP-036,47,EA,LOT-P-COMP-036-A,LOC-SUPERMARKET,,PO-SCH-0078,,2026-07-22T10:35:00-06:00,,STANDARD_FLOW
TEN-COOLIT-SYN-001,SITE-COOLIT-SYN-01,ERP,INVENTORY_TRANSACTION,INVTX-0078-2,INVTX-0078-2,RESOLVED,2026-09-02T11:41:00-06:00,2026-09-26T08:00:00-06:00,2026-06-29T00:00:00-06:00,,1,,false,ACTIVE,EA,,VALID,CURRENT,coolit-synthetic-v2.0.0,ALL_SYNTHETIC_CUSTOMERS,ALL_SYNTHETIC_PROGRAMS,P-COMP-036,SYNTHETIC_INTERNAL,SNP-COOLIT-20260925-BL,SCN-BASELINE,INVTX-0078-2,MATERIAL_ISSUE,P-COMP-036,-54,EA,LOT-P-COMP-036-A,LOC-SUPERMARKET,WO-0038,,,2026-09-02T11:41:00-06:00,,STANDARD_FLOW
TEN-COOLIT-SYN-001,SITE-COOLIT-SYN-01,ERP,INVENTORY_TRANSACTION,INVTX-0078-3,INVTX-0078-3,RESOLVED,2026-09-24T12:07:00-06:00,2026-09-26T08:00:00-06:00,2026-06-29T00:00:00-06:00,,1,,false,ACTIVE,EA,,VALID,CURRENT,coolit-synthetic-v2.0.0,ALL_SYNTHETIC_CUSTOMERS,ALL_SYNTHETIC_PROGRAMS,P-COMP-036,SYNTHETIC_INTERNAL,SNP-COOLIT-20260925-BL,SCN-BASELINE,INVTX-0078-3,CYCLE_COUNT_ADJUSTMENT,P-COMP-036,0,EA,LOT-P-COMP-036-A,LOC-SUPERMARKET,,,,2026-09-24T12:07:00-06:00,,COUNT_RECONCILIATION
TEN-COOLIT-SYN-001,SITE-COOLIT-SYN-01,ERP,INVENTORY_TRANSACTION,INVTX-0079-1,INVTX-0079-1,RESOLVED,2026-07-23T10:28:00-06:00,2026-09-26T08:00:00-06:00,2026-06-29T00:00:00-06:00,,1,,false,ACTIVE,EA,,VALID,CURRENT,coolit-synthetic-v2.0.0,ALL_SYNTHETIC_CUSTOMERS,ALL_SYNTHETIC_PROGRAMS,P-COMP-037,SYNTHETIC_INTERNAL,SNP-COOLIT-20260925-BL,SCN-BASELINE,INVTX-0079-1,RECEIPT,P-COMP-037,48,EA,LOT-P-COMP-037-A,LOC-SUPERMARKET,,PO-SCH-0079,,2026-07-23T10:28:00-06:00,,STANDARD_FLOW
TEN-COOLIT-SYN-001,SITE-COOLIT-SYN-01,ERP,INVENTORY_TRANSACTION,INVTX-0079-2,INVTX-0079-2,RESOLVED,2026-09-03T11:34:00-06:00,2026-09-26T08:00:00-06:00,2026-06-29T00:00:00-06:00,,1,,false,ACTIVE,EA,,VALID,CURRENT,coolit-synthetic-v2.0.0,ALL_SYNTHETIC_CUSTOMERS,ALL_SYNTHETIC_PROGRAMS,P-COMP-037,SYNTHETIC_INTERNAL,SNP-COOLIT-20260925-BL,SCN-BASELINE,INVTX-0079-2,MATERIAL_ISSUE,P-COMP-037,-55,EA,LOT-P-COMP-037-A,LOC-SUPERMARKET,WO-0039,,,2026-09-03T11:34:00-06:00,,STANDARD_FLOW
TEN-COOLIT-SYN-001,SITE-COOLIT-SYN-01,ERP,INVENTORY_TRANSACTION,INVTX-0079-3,INVTX-0079-3,RESOLVED,2026-09-25T12:00:00-06:00,2026-09-26T08:00:00-06:00,2026-06-29T00:00:00-06:00,,1,,false,ACTIVE,EA,,VALID,CURRENT,coolit-synthetic-v2.0.0,ALL_SYNTHETIC_CUSTOMERS,ALL_SYNTHETIC_PROGRAMS,P-COMP-037,SYNTHETIC_INTERNAL,SNP-COOLIT-20260925-BL,SCN-BASELINE,INVTX-0079-3,CYCLE_COUNT_ADJUSTMENT,P-COMP-037,0,EA,LOT-P-COMP-037-A,LOC-SUPERMARKET,,,,2026-09-25T12:00:00-06:00,,COUNT_RECONCILIATION
TEN-COOLIT-SYN-001,SITE-COOLIT-SYN-01,ERP,INVENTORY_TRANSACTION,INVTX-0080-1,INVTX-0080-1,RESOLVED,2026-07-24T10:21:00-06:00,2026-09-26T08:00:00-06:00,2026-06-29T00:00:00-06:00,,1,,false,ACTIVE,EA,,VALID,CURRENT,coolit-synthetic-v2.0.0,ALL_SYNTHETIC_CUSTOMERS,ALL_SYNTHETIC_PROGRAMS,P-COMP-038,SYNTHETIC_INTERNAL,SNP-COOLIT-20260925-BL,SCN-BASELINE,INVTX-0080-1,RECEIPT,P-COMP-038,49,EA,LOT-P-COMP-038-A,LOC-SUPERMARKET,,PO-SCH-0080,,2026-07-24T10:21:00-06:00,,STANDARD_FLOW
TEN-COOLIT-SYN-001,SITE-COOLIT-SYN-01,ERP,INVENTORY_TRANSACTION,INVTX-0080-2,INVTX-0080-2,RESOLVED,2026-09-04T11:27:00-06:00,2026-09-26T08:00:00-06:00,2026-06-29T00:00:00-06:00,,1,,false,ACTIVE,EA,,VALID,CURRENT,coolit-synthetic-v2.0.0,ALL_SYNTHETIC_CUSTOMERS,ALL_SYNTHETIC_PROGRAMS,P-COMP-038,SYNTHETIC_INTERNAL,SNP-COOLIT-20260925-BL,SCN-BASELINE,INVTX-0080-2,MATERIAL_ISSUE,P-COMP-038,-56,EA,LOT-P-COMP-038-A,LOC-SUPERMARKET,WO-0040,,,2026-09-04T11:27:00-06:00,,STANDARD_FLOW
TEN-COOLIT-SYN-001,SITE-COOLIT-SYN-01,ERP,INVENTORY_TRANSACTION,INVTX-0080-3,INVTX-0080-3,RESOLVED,2026-09-25T12:00:00-06:00,2026-09-26T08:00:00-06:00,2026-06-29T00:00:00-06:00,,1,,false,ACTIVE,EA,,VALID,CURRENT,coolit-synthetic-v2.0.0,ALL_SYNTHETIC_CUSTOMERS,ALL_SYNTHETIC_PROGRAMS,P-COMP-038,SYNTHETIC_INTERNAL,SNP-COOLIT-20260925-BL,SCN-BASELINE,INVTX-0080-3,CYCLE_COUNT_ADJUSTMENT,P-COMP-038,0,EA,LOT-P-COMP-038-A,LOC-SUPERMARKET,,,,2026-09-25T12:00:00-06:00,,COUNT_RECONCILIATION
TEN-COOLIT-SYN-001,SITE-COOLIT-SYN-01,ERP,INVENTORY_TRANSACTION,INVTX-0081-1,INVTX-0081-1,RESOLVED,2026-07-25T10:14:00-06:00,2026-09-26T08:00:00-06:00,2026-06-29T00:00:00-06:00,,1,,false,ACTIVE,EA,,VALID,CURRENT,coolit-synthetic-v2.0.0,ALL_SYNTHETIC_CUSTOMERS,ALL_SYNTHETIC_PROGRAMS,P-COMP-039,SYNTHETIC_INTERNAL,SNP-COOLIT-20260925-BL,SCN-BASELINE,INVTX-0081-1,RECEIPT,P-COMP-039,50,EA,,LOC-SUPERMARKET,,PO-SCH-0081,,2026-07-25T10:14:00-06:00,,STANDARD_FLOW
TEN-COOLIT-SYN-001,SITE-COOLIT-SYN-01,ERP,INVENTORY_TRANSACTION,INVTX-0081-2,INVTX-0081-2,RESOLVED,2026-09-05T11:20:00-06:00,2026-09-26T08:00:00-06:00,2026-06-29T00:00:00-06:00,,1,,false,ACTIVE,EA,,VALID,CURRENT,coolit-synthetic-v2.0.0,ALL_SYNTHETIC_CUSTOMERS,ALL_SYNTHETIC_PROGRAMS,P-COMP-039,SYNTHETIC_INTERNAL,SNP-COOLIT-20260925-BL,SCN-BASELINE,INVTX-0081-2,MATERIAL_ISSUE,P-COMP-039,-57,EA,,LOC-SUPERMARKET,WO-0001,,,2026-09-05T11:20:00-06:00,,STANDARD_FLOW
TEN-COOLIT-SYN-001,SITE-COOLIT-SYN-01,ERP,INVENTORY_TRANSACTION,INVTX-0081-3,INVTX-0081-3,RESOLVED,2026-09-25T12:00:00-06:00,2026-09-26T08:00:00-06:00,2026-06-29T00:00:00-06:00,,1,,false,ACTIVE,EA,,VALID,CURRENT,coolit-synthetic-v2.0.0,ALL_SYNTHETIC_CUSTOMERS,ALL_SYNTHETIC_PROGRAMS,P-COMP-039,SYNTHETIC_INTERNAL,SNP-COOLIT-20260925-BL,SCN-BASELINE,INVTX-0081-3,CYCLE_COUNT_ADJUSTMENT,P-COMP-039,0,EA,,LOC-SUPERMARKET,,,,2026-09-25T12:00:00-06:00,,COUNT_RECONCILIATION
TEN-COOLIT-SYN-001,SITE-COOLIT-SYN-01,ERP,INVENTORY_TRANSACTION,INVTX-0082-1,INVTX-0082-1,RESOLVED,2026-07-17T10:10:00-06:00,2026-09-26T08:00:00-06:00,2026-06-29T00:00:00-06:00,,1,,false,ACTIVE,EA,,VALID,CURRENT,coolit-synthetic-v2.0.0,ALL_SYNTHETIC_CUSTOMERS,ALL_SYNTHETIC_PROGRAMS,P-COMP-040,SYNTHETIC_INTERNAL,SNP-COOLIT-20260925-BL,SCN-BASELINE,INVTX-0082-1,RECEIPT,P-COMP-040,51,EA,,LOC-SUPERMARKET,,PO-SCH-0082,,2026-07-17T10:10:00-06:00,,STANDARD_FLOW
TEN-COOLIT-SYN-001,SITE-COOLIT-SYN-01,ERP,INVENTORY_TRANSACTION,INVTX-0082-2,INVTX-0082-2,RESOLVED,2026-08-28T11:16:00-06:00,2026-09-26T08:00:00-06:00,2026-06-29T00:00:00-06:00,,1,,false,ACTIVE,EA,,VALID,CURRENT,coolit-synthetic-v2.0.0,ALL_SYNTHETIC_CUSTOMERS,ALL_SYNTHETIC_PROGRAMS,P-COMP-040,SYNTHETIC_INTERNAL,SNP-COOLIT-20260925-BL,SCN-BASELINE,INVTX-0082-2,MATERIAL_ISSUE,P-COMP-040,-58,EA,,LOC-SUPERMARKET,WO-0002,,,2026-08-28T11:16:00-06:00,,STANDARD_FLOW
TEN-COOLIT-SYN-001,SITE-COOLIT-SYN-01,ERP,INVENTORY_TRANSACTION,INVTX-0082-3,INVTX-0082-3,RESOLVED,2026-09-19T12:42:00-06:00,2026-09-26T08:00:00-06:00,2026-06-29T00:00:00-06:00,,1,,false,ACTIVE,EA,,VALID,CURRENT,coolit-synthetic-v2.0.0,ALL_SYNTHETIC_CUSTOMERS,ALL_SYNTHETIC_PROGRAMS,P-COMP-040,SYNTHETIC_INTERNAL,SNP-COOLIT-20260925-BL,SCN-BASELINE,INVTX-0082-3,CYCLE_COUNT_ADJUSTMENT,P-COMP-040,0,EA,,LOC-SUPERMARKET,,,,2026-09-19T12:42:00-06:00,,COUNT_RECONCILIATION
TEN-COOLIT-SYN-001,SITE-COOLIT-SYN-01,ERP,INVENTORY_TRANSACTION,INVTX-0083-1,INVTX-0083-1,RESOLVED,2026-07-18T10:03:00-06:00,2026-09-26T08:00:00-06:00,2026-06-29T00:00:00-06:00,,1,,false,ACTIVE,EA,,VALID,CURRENT,coolit-synthetic-v2.0.0,ALL_SYNTHETIC_CUSTOMERS,ALL_SYNTHETIC_PROGRAMS,P-COMP-041,SYNTHETIC_INTERNAL,SNP-COOLIT-20260925-BL,SCN-BASELINE,INVTX-0083-1,RECEIPT,P-COMP-041,52,EA,LOT-P-COMP-041-A,LOC-SUPERMARKET,,PO-SCH-0083,,2026-07-18T10:03:00-06:00,,STANDARD_FLOW
TEN-COOLIT-SYN-001,SITE-COOLIT-SYN-01,ERP,INVENTORY_TRANSACTION,INVTX-0083-2,INVTX-0083-2,RESOLVED,2026-08-29T11:09:00-06:00,2026-09-26T08:00:00-06:00,2026-06-29T00:00:00-06:00,,1,,false,ACTIVE,EA,,VALID,CURRENT,coolit-synthetic-v2.0.0,ALL_SYNTHETIC_CUSTOMERS,ALL_SYNTHETIC_PROGRAMS,P-COMP-041,SYNTHETIC_INTERNAL,SNP-COOLIT-20260925-BL,SCN-BASELINE,INVTX-0083-2,MATERIAL_ISSUE,P-COMP-041,-18,EA,LOT-P-COMP-041-A,LOC-SUPERMARKET,WO-0003,,,2026-08-29T11:09:00-06:00,,STANDARD_FLOW
TEN-COOLIT-SYN-001,SITE-COOLIT-SYN-01,ERP,INVENTORY_TRANSACTION,INVTX-0083-3,INVTX-0083-3,RESOLVED,2026-09-20T12:35:00-06:00,2026-09-26T08:00:00-06:00,2026-06-29T00:00:00-06:00,,1,,false,ACTIVE,EA,,VALID,CURRENT,coolit-synthetic-v2.0.0,ALL_SYNTHETIC_CUSTOMERS,ALL_SYNTHETIC_PROGRAMS,P-COMP-041,SYNTHETIC_INTERNAL,SNP-COOLIT-20260925-BL,SCN-BASELINE,INVTX-0083-3,CYCLE_COUNT_ADJUSTMENT,P-COMP-041,0,EA,LOT-P-COMP-041-A,LOC-SUPERMARKET,,,,2026-09-20T12:35:00-06:00,,COUNT_RECONCILIATION
TEN-COOLIT-SYN-001,SITE-COOLIT-SYN-01,ERP,INVENTORY_TRANSACTION,INVTX-0084-1,INVTX-0084-1,RESOLVED,2026-07-19T10:56:00-06:00,2026-09-26T08:00:00-06:00,2026-06-29T00:00:00-06:00,,1,,false,ACTIVE,EA,,VALID,CURRENT,coolit-synthetic-v2.0.0,ALL_SYNTHETIC_CUSTOMERS,ALL_SYNTHETIC_PROGRAMS,P-COMP-042,SYNTHETIC_INTERNAL,SNP-COOLIT-20260925-BL,SCN-BASELINE,INVTX-0084-1,RECEIPT,P-COMP-042,53,EA,LOT-P-COMP-042-A,LOC-SUPERMARKET,,PO-SCH-0084,,2026-07-19T10:56:00-06:00,,STANDARD_FLOW
TEN-COOLIT-SYN-001,SITE-COOLIT-SYN-01,ERP,INVENTORY_TRANSACTION,INVTX-0084-2,INVTX-0084-2,RESOLVED,2026-08-30T11:02:00-06:00,2026-09-26T08:00:00-06:00,2026-06-29T00:00:00-06:00,,1,,false,ACTIVE,EA,,VALID,CURRENT,coolit-synthetic-v2.0.0,ALL_SYNTHETIC_CUSTOMERS,ALL_SYNTHETIC_PROGRAMS,P-COMP-042,SYNTHETIC_INTERNAL,SNP-COOLIT-20260925-BL,SCN-BASELINE,INVTX-0084-2,MATERIAL_ISSUE,P-COMP-042,-19,EA,LOT-P-COMP-042-A,LOC-SUPERMARKET,WO-0004,,,2026-08-30T11:02:00-06:00,,STANDARD_FLOW
TEN-COOLIT-SYN-001,SITE-COOLIT-SYN-01,ERP,INVENTORY_TRANSACTION,INVTX-0084-3,INVTX-0084-3,RESOLVED,2026-09-21T12:28:00-06:00,2026-09-26T08:00:00-06:00,2026-06-29T00:00:00-06:00,,1,,false,ACTIVE,EA,,VALID,CURRENT,coolit-synthetic-v2.0.0,ALL_SYNTHETIC_CUSTOMERS,ALL_SYNTHETIC_PROGRAMS,P-COMP-042,SYNTHETIC_INTERNAL,SNP-COOLIT-20260925-BL,SCN-BASELINE,INVTX-0084-3,CYCLE_COUNT_ADJUSTMENT,P-COMP-042,0,EA,LOT-P-COMP-042-A,LOC-SUPERMARKET,,,,2026-09-21T12:28:00-06:00,,COUNT_RECONCILIATION
TEN-COOLIT-SYN-001,SITE-COOLIT-SYN-01,ERP,INVENTORY_TRANSACTION,INVTX-0085-1,INVTX-0085-1,RESOLVED,2026-07-20T10:49:00-06:00,2026-09-26T08:00:00-06:00,2026-06-29T00:00:00-06:00,,1,,false,ACTIVE,EA,,VALID,CURRENT,coolit-synthetic-v2.0.0,ALL_SYNTHETIC_CUSTOMERS,ALL_SYNTHETIC_PROGRAMS,P-COMP-043,SYNTHETIC_INTERNAL,SNP-COOLIT-20260925-BL,SCN-BASELINE,INVTX-0085-1,RECEIPT,P-COMP-043,54,EA,LOT-P-COMP-043-A,LOC-SUPERMARKET,,PO-SCH-0085,,2026-07-20T10:49:00-06:00,,STANDARD_FLOW
TEN-COOLIT-SYN-001,SITE-COOLIT-SYN-01,ERP,INVENTORY_TRANSACTION,INVTX-0085-2,INVTX-0085-2,RESOLVED,2026-08-31T11:55:00-06:00,2026-09-26T08:00:00-06:00,2026-06-29T00:00:00-06:00,,1,,false,ACTIVE,EA,,VALID,CURRENT,coolit-synthetic-v2.0.0,ALL_SYNTHETIC_CUSTOMERS,ALL_SYNTHETIC_PROGRAMS,P-COMP-043,SYNTHETIC_INTERNAL,SNP-COOLIT-20260925-BL,SCN-BASELINE,INVTX-0085-2,MATERIAL_ISSUE,P-COMP-043,-20,EA,LOT-P-COMP-043-A,LOC-SUPERMARKET,WO-0005,,,2026-08-31T11:55:00-06:00,,STANDARD_FLOW
TEN-COOLIT-SYN-001,SITE-COOLIT-SYN-01,ERP,INVENTORY_TRANSACTION,INVTX-0085-3,INVTX-0085-3,RESOLVED,2026-09-22T12:21:00-06:00,2026-09-26T08:00:00-06:00,2026-06-29T00:00:00-06:00,,1,,false,ACTIVE,EA,,VALID,CURRENT,coolit-synthetic-v2.0.0,ALL_SYNTHETIC_CUSTOMERS,ALL_SYNTHETIC_PROGRAMS,P-COMP-043,SYNTHETIC_INTERNAL,SNP-COOLIT-20260925-BL,SCN-BASELINE,INVTX-0085-3,CYCLE_COUNT_ADJUSTMENT,P-COMP-043,0,EA,LOT-P-COMP-043-A,LOC-SUPERMARKET,,,,2026-09-22T12:21:00-06:00,,COUNT_RECONCILIATION
TEN-COOLIT-SYN-001,SITE-COOLIT-SYN-01,ERP,INVENTORY_TRANSACTION,INVTX-0086-1,INVTX-0086-1,RESOLVED,2026-07-21T10:42:00-06:00,2026-09-26T08:00:00-06:00,2026-06-29T00:00:00-06:00,,1,,false,ACTIVE,EA,,VALID,CURRENT,coolit-synthetic-v2.0.0,ALL_SYNTHETIC_CUSTOMERS,ALL_SYNTHETIC_PROGRAMS,P-COMP-044,SYNTHETIC_INTERNAL,SNP-COOLIT-20260925-BL,SCN-BASELINE,INVTX-0086-1,RECEIPT,P-COMP-044,55,EA,LOT-P-COMP-044-A,LOC-SUPERMARKET,,PO-SCH-0086,,2026-07-21T10:42:00-06:00,,STANDARD_FLOW
TEN-COOLIT-SYN-001,SITE-COOLIT-SYN-01,ERP,INVENTORY_TRANSACTION,INVTX-0086-2,INVTX-0086-2,RESOLVED,2026-09-01T11:48:00-06:00,2026-09-26T08:00:00-06:00,2026-06-29T00:00:00-06:00,,1,,false,ACTIVE,EA,,VALID,CURRENT,coolit-synthetic-v2.0.0,ALL_SYNTHETIC_CUSTOMERS,ALL_SYNTHETIC_PROGRAMS,P-COMP-044,SYNTHETIC_INTERNAL,SNP-COOLIT-20260925-BL,SCN-BASELINE,INVTX-0086-2,MATERIAL_ISSUE,P-COMP-044,-21,EA,LOT-P-COMP-044-A,LOC-SUPERMARKET,WO-0006,,,2026-09-01T11:48:00-06:00,,STANDARD_FLOW
TEN-COOLIT-SYN-001,SITE-COOLIT-SYN-01,ERP,INVENTORY_TRANSACTION,INVTX-0086-3,INVTX-0086-3,RESOLVED,2026-09-23T12:14:00-06:00,2026-09-26T08:00:00-06:00,2026-06-29T00:00:00-06:00,,1,,false,ACTIVE,EA,,VALID,CURRENT,coolit-synthetic-v2.0.0,ALL_SYNTHETIC_CUSTOMERS,ALL_SYNTHETIC_PROGRAMS,P-COMP-044,SYNTHETIC_INTERNAL,SNP-COOLIT-20260925-BL,SCN-BASELINE,INVTX-0086-3,CYCLE_COUNT_ADJUSTMENT,P-COMP-044,-2,EA,LOT-P-COMP-044-A,LOC-SUPERMARKET,,,,2026-09-23T12:14:00-06:00,,COUNT_RECONCILIATION
TEN-COOLIT-SYN-001,SITE-COOLIT-SYN-01,ERP,INVENTORY_TRANSACTION,INVTX-0087-1,INVTX-0087-1,RESOLVED,2026-07-22T10:35:00-06:00,2026-09-26T08:00:00-06:00,2026-06-29T00:00:00-06:00,,1,,false,ACTIVE,EA,,VALID,CURRENT,coolit-synthetic-v2.0.0,ALL_SYNTHETIC_CUSTOMERS,ALL_SYNTHETIC_PROGRAMS,P-COMP-045,SYNTHETIC_INTERNAL,SNP-COOLIT-20260925-BL,SCN-BASELINE,INVTX-0087-1,RECEIPT,P-COMP-045,56,EA,LOT-P-COMP-045-A,LOC-SUPERMARKET,,PO-SCH-0087,,2026-07-22T10:35:00-06:00,,STANDARD_FLOW
TEN-COOLIT-SYN-001,SITE-COOLIT-SYN-01,ERP,INVENTORY_TRANSACTION,INVTX-0087-2,INVTX-0087-2,RESOLVED,2026-09-02T11:41:00-06:00,2026-09-26T08:00:00-06:00,2026-06-29T00:00:00-06:00,,1,,false,ACTIVE,EA,,VALID,CURRENT,coolit-synthetic-v2.0.0,ALL_SYNTHETIC_CUSTOMERS,ALL_SYNTHETIC_PROGRAMS,P-COMP-045,SYNTHETIC_INTERNAL,SNP-COOLIT-20260925-BL,SCN-BASELINE,INVTX-0087-2,MATERIAL_ISSUE,P-COMP-045,-22,EA,LOT-P-COMP-045-A,LOC-SUPERMARKET,WO-0007,,,2026-09-02T11:41:00-06:00,,STANDARD_FLOW
TEN-COOLIT-SYN-001,SITE-COOLIT-SYN-01,ERP,INVENTORY_TRANSACTION,INVTX-0087-3,INVTX-0087-3,RESOLVED,2026-09-24T12:07:00-06:00,2026-09-26T08:00:00-06:00,2026-06-29T00:00:00-06:00,,1,,false,ACTIVE,EA,,VALID,CURRENT,coolit-synthetic-v2.0.0,ALL_SYNTHETIC_CUSTOMERS,ALL_SYNTHETIC_PROGRAMS,P-COMP-045,SYNTHETIC_INTERNAL,SNP-COOLIT-20260925-BL,SCN-BASELINE,INVTX-0087-3,CYCLE_COUNT_ADJUSTMENT,P-COMP-045,0,EA,LOT-P-COMP-045-A,LOC-SUPERMARKET,,,,2026-09-24T12:07:00-06:00,,COUNT_RECONCILIATION
TEN-COOLIT-SYN-001,SITE-COOLIT-SYN-01,ERP,INVENTORY_TRANSACTION,INVTX-0088-1,INVTX-0088-1,RESOLVED,2026-07-23T10:28:00-06:00,2026-09-26T08:00:00-06:00,2026-06-29T00:00:00-06:00,,1,,false,ACTIVE,EA,,VALID,CURRENT,coolit-synthetic-v2.0.0,ALL_SYNTHETIC_CUSTOMERS,ALL_SYNTHETIC_PROGRAMS,P-COMP-046,SYNTHETIC_INTERNAL,SNP-COOLIT-20260925-BL,SCN-BASELINE,INVTX-0088-1,RECEIPT,P-COMP-046,57,EA,LOT-P-COMP-046-A,LOC-SUPERMARKET,,PO-SCH-0088,,2026-07-23T10:28:00-06:00,,STANDARD_FLOW
TEN-COOLIT-SYN-001,SITE-COOLIT-SYN-01,ERP,INVENTORY_TRANSACTION,INVTX-0088-2,INVTX-0088-2,RESOLVED,2026-09-03T11:34:00-06:00,2026-09-26T08:00:00-06:00,2026-06-29T00:00:00-06:00,,1,,false,ACTIVE,EA,,VALID,CURRENT,coolit-synthetic-v2.0.0,ALL_SYNTHETIC_CUSTOMERS,ALL_SYNTHETIC_PROGRAMS,P-COMP-046,SYNTHETIC_INTERNAL,SNP-COOLIT-20260925-BL,SCN-BASELINE,INVTX-0088-2,MATERIAL_ISSUE,P-COMP-046,-23,EA,LOT-P-COMP-046-A,LOC-SUPERMARKET,WO-0008,,,2026-09-03T11:34:00-06:00,,STANDARD_FLOW
TEN-COOLIT-SYN-001,SITE-COOLIT-SYN-01,ERP,INVENTORY_TRANSACTION,INVTX-0088-3,INVTX-0088-3,RESOLVED,2026-09-25T12:00:00-06:00,2026-09-26T08:00:00-06:00,2026-06-29T00:00:00-06:00,,1,,false,ACTIVE,EA,,VALID,CURRENT,coolit-synthetic-v2.0.0,ALL_SYNTHETIC_CUSTOMERS,ALL_SYNTHETIC_PROGRAMS,P-COMP-046,SYNTHETIC_INTERNAL,SNP-COOLIT-20260925-BL,SCN-BASELINE,INVTX-0088-3,CYCLE_COUNT_ADJUSTMENT,P-COMP-046,0,EA,LOT-P-COMP-046-A,LOC-SUPERMARKET,,,,2026-09-25T12:00:00-06:00,,COUNT_RECONCILIATION
TEN-COOLIT-SYN-001,SITE-COOLIT-SYN-01,ERP,INVENTORY_TRANSACTION,INVTX-0089-1,INVTX-0089-1,RESOLVED,2026-07-24T10:21:00-06:00,2026-09-26T08:00:00-06:00,2026-06-29T00:00:00-06:00,,1,,false,ACTIVE,EA,,VALID,CURRENT,coolit-synthetic-v2.0.0,ALL_SYNTHETIC_CUSTOMERS,ALL_SYNTHETIC_PROGRAMS,P-COMP-047,SYNTHETIC_INTERNAL,SNP-COOLIT-20260925-BL,SCN-BASELINE,INVTX-0089-1,RECEIPT,P-COMP-047,58,EA,LOT-P-COMP-047-A,LOC-SUPERMARKET,,PO-SCH-0089,,2026-07-24T10:21:00-06:00,,STANDARD_FLOW
TEN-COOLIT-SYN-001,SITE-COOLIT-SYN-01,ERP,INVENTORY_TRANSACTION,INVTX-0089-2,INVTX-0089-2,RESOLVED,2026-09-04T11:27:00-06:00,2026-09-26T08:00:00-06:00,2026-06-29T00:00:00-06:00,,1,,false,ACTIVE,EA,,VALID,CURRENT,coolit-synthetic-v2.0.0,ALL_SYNTHETIC_CUSTOMERS,ALL_SYNTHETIC_PROGRAMS,P-COMP-047,SYNTHETIC_INTERNAL,SNP-COOLIT-20260925-BL,SCN-BASELINE,INVTX-0089-2,MATERIAL_ISSUE,P-COMP-047,-24,EA,LOT-P-COMP-047-A,LOC-SUPERMARKET,WO-0009,,,2026-09-04T11:27:00-06:00,,STANDARD_FLOW
TEN-COOLIT-SYN-001,SITE-COOLIT-SYN-01,ERP,INVENTORY_TRANSACTION,INVTX-0089-3,INVTX-0089-3,RESOLVED,2026-09-25T12:00:00-06:00,2026-09-26T08:00:00-06:00,2026-06-29T00:00:00-06:00,,1,,false,ACTIVE,EA,,VALID,CURRENT,coolit-synthetic-v2.0.0,ALL_SYNTHETIC_CUSTOMERS,ALL_SYNTHETIC_PROGRAMS,P-COMP-047,SYNTHETIC_INTERNAL,SNP-COOLIT-20260925-BL,SCN-BASELINE,INVTX-0089-3,CYCLE_COUNT_ADJUSTMENT,P-COMP-047,0,EA,LOT-P-COMP-047-A,LOC-SUPERMARKET,,,,2026-09-25T12:00:00-06:00,,COUNT_RECONCILIATION
TEN-COOLIT-SYN-001,SITE-COOLIT-SYN-01,ERP,INVENTORY_TRANSACTION,INVTX-0090-1,INVTX-0090-1,RESOLVED,2026-07-25T10:14:00-06:00,2026-09-26T08:00:00-06:00,2026-06-29T00:00:00-06:00,,1,,false,ACTIVE,EA,,VALID,CURRENT,coolit-synthetic-v2.0.0,ALL_SYNTHETIC_CUSTOMERS,ALL_SYNTHETIC_PROGRAMS,P-COMP-048,SYNTHETIC_INTERNAL,SNP-COOLIT-20260925-BL,SCN-BASELINE,INVTX-0090-1,RECEIPT,P-COMP-048,59,EA,LOT-P-COMP-048-A,LOC-SUPERMARKET,,PO-SCH-0090,,2026-07-25T10:14:00-06:00,,STANDARD_FLOW
TEN-COOLIT-SYN-001,SITE-COOLIT-SYN-01,ERP,INVENTORY_TRANSACTION,INVTX-0090-2,INVTX-0090-2,RESOLVED,2026-09-05T11:20:00-06:00,2026-09-26T08:00:00-06:00,2026-06-29T00:00:00-06:00,,1,,false,ACTIVE,EA,,VALID,CURRENT,coolit-synthetic-v2.0.0,ALL_SYNTHETIC_CUSTOMERS,ALL_SYNTHETIC_PROGRAMS,P-COMP-048,SYNTHETIC_INTERNAL,SNP-COOLIT-20260925-BL,SCN-BASELINE,INVTX-0090-2,MATERIAL_ISSUE,P-COMP-048,-25,EA,LOT-P-COMP-048-A,LOC-SUPERMARKET,WO-0010,,,2026-09-05T11:20:00-06:00,,STANDARD_FLOW
TEN-COOLIT-SYN-001,SITE-COOLIT-SYN-01,ERP,INVENTORY_TRANSACTION,INVTX-0090-3,INVTX-0090-3,RESOLVED,2026-09-25T12:00:00-06:00,2026-09-26T08:00:00-06:00,2026-06-29T00:00:00-06:00,,1,,false,ACTIVE,EA,,VALID,CURRENT,coolit-synthetic-v2.0.0,ALL_SYNTHETIC_CUSTOMERS,ALL_SYNTHETIC_PROGRAMS,P-COMP-048,SYNTHETIC_INTERNAL,SNP-COOLIT-20260925-BL,SCN-BASELINE,INVTX-0090-3,CYCLE_COUNT_ADJUSTMENT,P-COMP-048,0,EA,LOT-P-COMP-048-A,LOC-SUPERMARKET,,,,2026-09-25T12:00:00-06:00,,COUNT_RECONCILIATION
TEN-COOLIT-SYN-001,SITE-COOLIT-SYN-01,ERP,INVENTORY_TRANSACTION,INVTX-0091-1,INVTX-0091-1,RESOLVED,2026-07-17T10:10:00-06:00,2026-09-26T08:00:00-06:00,2026-06-29T00:00:00-06:00,,1,,false,ACTIVE,EA,,VALID,CURRENT,coolit-synthetic-v2.0.0,ALL_SYNTHETIC_CUSTOMERS,ALL_SYNTHETIC_PROGRAMS,P-COMP-049,SYNTHETIC_INTERNAL,SNP-COOLIT-20260925-BL,SCN-BASELINE,INVTX-0091-1,RECEIPT,P-COMP-049,60,EA,,LOC-SUPERMARKET,,PO-SCH-0001,,2026-07-17T10:10:00-06:00,,STANDARD_FLOW
TEN-COOLIT-SYN-001,SITE-COOLIT-SYN-01,ERP,INVENTORY_TRANSACTION,INVTX-0091-2,INVTX-0091-2,RESOLVED,2026-08-28T11:16:00-06:00,2026-09-26T08:00:00-06:00,2026-06-29T00:00:00-06:00,,1,,false,ACTIVE,EA,,VALID,CURRENT,coolit-synthetic-v2.0.0,ALL_SYNTHETIC_CUSTOMERS,ALL_SYNTHETIC_PROGRAMS,P-COMP-049,SYNTHETIC_INTERNAL,SNP-COOLIT-20260925-BL,SCN-BASELINE,INVTX-0091-2,MATERIAL_ISSUE,P-COMP-049,-26,EA,,LOC-SUPERMARKET,WO-0011,,,2026-08-28T11:16:00-06:00,,STANDARD_FLOW
TEN-COOLIT-SYN-001,SITE-COOLIT-SYN-01,ERP,INVENTORY_TRANSACTION,INVTX-0091-3,INVTX-0091-3,RESOLVED,2026-09-19T12:42:00-06:00,2026-09-26T08:00:00-06:00,2026-06-29T00:00:00-06:00,,1,,false,ACTIVE,EA,,VALID,CURRENT,coolit-synthetic-v2.0.0,ALL_SYNTHETIC_CUSTOMERS,ALL_SYNTHETIC_PROGRAMS,P-COMP-049,SYNTHETIC_INTERNAL,SNP-COOLIT-20260925-BL,SCN-BASELINE,INVTX-0091-3,CYCLE_COUNT_ADJUSTMENT,P-COMP-049,0,EA,,LOC-SUPERMARKET,,,,2026-09-19T12:42:00-06:00,,COUNT_RECONCILIATION
TEN-COOLIT-SYN-001,SITE-COOLIT-SYN-01,ERP,INVENTORY_TRANSACTION,INVTX-0092-1,INVTX-0092-1,RESOLVED,2026-07-18T10:03:00-06:00,2026-09-26T08:00:00-06:00,2026-06-29T00:00:00-06:00,,1,,false,ACTIVE,EA,,VALID,CURRENT,coolit-synthetic-v2.0.0,ALL_SYNTHETIC_CUSTOMERS,ALL_SYNTHETIC_PROGRAMS,P-COMP-050,SYNTHETIC_INTERNAL,SNP-COOLIT-20260925-BL,SCN-BASELINE,INVTX-0092-1,RECEIPT,P-COMP-050,61,EA,,LOC-SUPERMARKET,,PO-SCH-0002,,2026-07-18T10:03:00-06:00,,STANDARD_FLOW
TEN-COOLIT-SYN-001,SITE-COOLIT-SYN-01,ERP,INVENTORY_TRANSACTION,INVTX-0092-2,INVTX-0092-2,RESOLVED,2026-08-29T11:09:00-06:00,2026-09-26T08:00:00-06:00,2026-06-29T00:00:00-06:00,,1,,false,ACTIVE,EA,,VALID,CURRENT,coolit-synthetic-v2.0.0,ALL_SYNTHETIC_CUSTOMERS,ALL_SYNTHETIC_PROGRAMS,P-COMP-050,SYNTHETIC_INTERNAL,SNP-COOLIT-20260925-BL,SCN-BASELINE,INVTX-0092-2,MATERIAL_ISSUE,P-COMP-050,-27,EA,,LOC-SUPERMARKET,WO-0012,,,2026-08-29T11:09:00-06:00,,STANDARD_FLOW
TEN-COOLIT-SYN-001,SITE-COOLIT-SYN-01,ERP,INVENTORY_TRANSACTION,INVTX-0092-3,INVTX-0092-3,RESOLVED,2026-09-20T12:35:00-06:00,2026-09-26T08:00:00-06:00,2026-06-29T00:00:00-06:00,,1,,false,ACTIVE,EA,,VALID,CURRENT,coolit-synthetic-v2.0.0,ALL_SYNTHETIC_CUSTOMERS,ALL_SYNTHETIC_PROGRAMS,P-COMP-050,SYNTHETIC_INTERNAL,SNP-COOLIT-20260925-BL,SCN-BASELINE,INVTX-0092-3,CYCLE_COUNT_ADJUSTMENT,P-COMP-050,0,EA,,LOC-SUPERMARKET,,,,2026-09-20T12:35:00-06:00,,COUNT_RECONCILIATION
TEN-COOLIT-SYN-001,SITE-COOLIT-SYN-01,ERP,INVENTORY_TRANSACTION,INVTX-0093-1,INVTX-0093-1,RESOLVED,2026-07-19T10:56:00-06:00,2026-09-26T08:00:00-06:00,2026-06-29T00:00:00-06:00,,1,,false,ACTIVE,EA,,VALID,CURRENT,coolit-synthetic-v2.0.0,ALL_SYNTHETIC_CUSTOMERS,ALL_SYNTHETIC_PROGRAMS,P-COMP-051,SYNTHETIC_INTERNAL,SNP-COOLIT-20260925-BL,SCN-BASELINE,INVTX-0093-1,RECEIPT,P-COMP-051,62,EA,LOT-P-COMP-051-A,LOC-SUPERMARKET,,PO-SCH-0003,,2026-07-19T10:56:00-06:00,,STANDARD_FLOW
TEN-COOLIT-SYN-001,SITE-COOLIT-SYN-01,ERP,INVENTORY_TRANSACTION,INVTX-0093-2,INVTX-0093-2,RESOLVED,2026-08-30T11:02:00-06:00,2026-09-26T08:00:00-06:00,2026-06-29T00:00:00-06:00,,1,,false,ACTIVE,EA,,VALID,CURRENT,coolit-synthetic-v2.0.0,ALL_SYNTHETIC_CUSTOMERS,ALL_SYNTHETIC_PROGRAMS,P-COMP-051,SYNTHETIC_INTERNAL,SNP-COOLIT-20260925-BL,SCN-BASELINE,INVTX-0093-2,MATERIAL_ISSUE,P-COMP-051,-28,EA,LOT-P-COMP-051-A,LOC-SUPERMARKET,WO-0013,,,2026-08-30T11:02:00-06:00,,STANDARD_FLOW
TEN-COOLIT-SYN-001,SITE-COOLIT-SYN-01,ERP,INVENTORY_TRANSACTION,INVTX-0093-3,INVTX-0093-3,RESOLVED,2026-09-21T12:28:00-06:00,2026-09-26T08:00:00-06:00,2026-06-29T00:00:00-06:00,,1,,false,ACTIVE,EA,,VALID,CURRENT,coolit-synthetic-v2.0.0,ALL_SYNTHETIC_CUSTOMERS,ALL_SYNTHETIC_PROGRAMS,P-COMP-051,SYNTHETIC_INTERNAL,SNP-COOLIT-20260925-BL,SCN-BASELINE,INVTX-0093-3,CYCLE_COUNT_ADJUSTMENT,P-COMP-051,0,EA,LOT-P-COMP-051-A,LOC-SUPERMARKET,,,,2026-09-21T12:28:00-06:00,,COUNT_RECONCILIATION
TEN-COOLIT-SYN-001,SITE-COOLIT-SYN-01,ERP,INVENTORY_TRANSACTION,INVTX-0094-1,INVTX-0094-1,RESOLVED,2026-07-20T10:49:00-06:00,2026-09-26T08:00:00-06:00,2026-06-29T00:00:00-06:00,,1,,false,ACTIVE,EA,,VALID,CURRENT,coolit-synthetic-v2.0.0,ALL_SYNTHETIC_CUSTOMERS,ALL_SYNTHETIC_PROGRAMS,P-COMP-052,SYNTHETIC_INTERNAL,SNP-COOLIT-20260925-BL,SCN-BASELINE,INVTX-0094-1,RECEIPT,P-COMP-052,63,EA,LOT-P-COMP-052-A,LOC-SUPERMARKET,,PO-SCH-0004,,2026-07-20T10:49:00-06:00,,STANDARD_FLOW
TEN-COOLIT-SYN-001,SITE-COOLIT-SYN-01,ERP,INVENTORY_TRANSACTION,INVTX-0094-2,INVTX-0094-2,RESOLVED,2026-08-31T11:55:00-06:00,2026-09-26T08:00:00-06:00,2026-06-29T00:00:00-06:00,,1,,false,ACTIVE,EA,,VALID,CURRENT,coolit-synthetic-v2.0.0,ALL_SYNTHETIC_CUSTOMERS,ALL_SYNTHETIC_PROGRAMS,P-COMP-052,SYNTHETIC_INTERNAL,SNP-COOLIT-20260925-BL,SCN-BASELINE,INVTX-0094-2,MATERIAL_ISSUE,P-COMP-052,-29,EA,LOT-P-COMP-052-A,LOC-SUPERMARKET,WO-0014,,,2026-08-31T11:55:00-06:00,,STANDARD_FLOW
TEN-COOLIT-SYN-001,SITE-COOLIT-SYN-01,ERP,INVENTORY_TRANSACTION,INVTX-0094-3,INVTX-0094-3,RESOLVED,2026-09-22T12:21:00-06:00,2026-09-26T08:00:00-06:00,2026-06-29T00:00:00-06:00,,1,,false,ACTIVE,EA,,VALID,CURRENT,coolit-synthetic-v2.0.0,ALL_SYNTHETIC_CUSTOMERS,ALL_SYNTHETIC_PROGRAMS,P-COMP-052,SYNTHETIC_INTERNAL,SNP-COOLIT-20260925-BL,SCN-BASELINE,INVTX-0094-3,CYCLE_COUNT_ADJUSTMENT,P-COMP-052,0,EA,LOT-P-COMP-052-A,LOC-SUPERMARKET,,,,2026-09-22T12:21:00-06:00,,COUNT_RECONCILIATION
TEN-COOLIT-SYN-001,SITE-COOLIT-SYN-01,ERP,INVENTORY_TRANSACTION,INVTX-0095-1,INVTX-0095-1,RESOLVED,2026-07-21T10:42:00-06:00,2026-09-26T08:00:00-06:00,2026-06-29T00:00:00-06:00,,1,,false,ACTIVE,EA,,VALID,CURRENT,coolit-synthetic-v2.0.0,ALL_SYNTHETIC_CUSTOMERS,ALL_SYNTHETIC_PROGRAMS,P-COMP-053,SYNTHETIC_INTERNAL,SNP-COOLIT-20260925-BL,SCN-BASELINE,INVTX-0095-1,RECEIPT,P-COMP-053,64,EA,LOT-P-COMP-053-A,LOC-SUPERMARKET,,PO-SCH-0005,,2026-07-21T10:42:00-06:00,,STANDARD_FLOW
TEN-COOLIT-SYN-001,SITE-COOLIT-SYN-01,ERP,INVENTORY_TRANSACTION,INVTX-0095-2,INVTX-0095-2,RESOLVED,2026-09-01T11:48:00-06:00,2026-09-26T08:00:00-06:00,2026-06-29T00:00:00-06:00,,1,,false,ACTIVE,EA,,VALID,CURRENT,coolit-synthetic-v2.0.0,ALL_SYNTHETIC_CUSTOMERS,ALL_SYNTHETIC_PROGRAMS,P-COMP-053,SYNTHETIC_INTERNAL,SNP-COOLIT-20260925-BL,SCN-BASELINE,INVTX-0095-2,MATERIAL_ISSUE,P-COMP-053,-30,EA,LOT-P-COMP-053-A,LOC-SUPERMARKET,WO-0015,,,2026-09-01T11:48:00-06:00,,STANDARD_FLOW
TEN-COOLIT-SYN-001,SITE-COOLIT-SYN-01,ERP,INVENTORY_TRANSACTION,INVTX-0095-3,INVTX-0095-3,RESOLVED,2026-09-23T12:14:00-06:00,2026-09-26T08:00:00-06:00,2026-06-29T00:00:00-06:00,,1,,false,ACTIVE,EA,,VALID,CURRENT,coolit-synthetic-v2.0.0,ALL_SYNTHETIC_CUSTOMERS,ALL_SYNTHETIC_PROGRAMS,P-COMP-053,SYNTHETIC_INTERNAL,SNP-COOLIT-20260925-BL,SCN-BASELINE,INVTX-0095-3,CYCLE_COUNT_ADJUSTMENT,P-COMP-053,0,EA,LOT-P-COMP-053-A,LOC-SUPERMARKET,,,,2026-09-23T12:14:00-06:00,,COUNT_RECONCILIATION
TEN-COOLIT-SYN-001,SITE-COOLIT-SYN-01,ERP,INVENTORY_TRANSACTION,INVTX-0096-1,INVTX-0096-1,RESOLVED,2026-07-22T10:35:00-06:00,2026-09-26T08:00:00-06:00,2026-06-29T00:00:00-06:00,,1,,false,ACTIVE,EA,,VALID,CURRENT,coolit-synthetic-v2.0.0,ALL_SYNTHETIC_CUSTOMERS,ALL_SYNTHETIC_PROGRAMS,P-COMP-054,SYNTHETIC_INTERNAL,SNP-COOLIT-20260925-BL,SCN-BASELINE,INVTX-0096-1,RECEIPT,P-COMP-054,65,EA,LOT-P-COMP-054-A,LOC-SUPERMARKET,,PO-SCH-0006,,2026-07-22T10:35:00-06:00,,STANDARD_FLOW
TEN-COOLIT-SYN-001,SITE-COOLIT-SYN-01,ERP,INVENTORY_TRANSACTION,INVTX-0096-2,INVTX-0096-2,RESOLVED,2026-09-02T11:41:00-06:00,2026-09-26T08:00:00-06:00,2026-06-29T00:00:00-06:00,,1,,false,ACTIVE,EA,,VALID,CURRENT,coolit-synthetic-v2.0.0,ALL_SYNTHETIC_CUSTOMERS,ALL_SYNTHETIC_PROGRAMS,P-COMP-054,SYNTHETIC_INTERNAL,SNP-COOLIT-20260925-BL,SCN-BASELINE,INVTX-0096-2,MATERIAL_ISSUE,P-COMP-054,-31,EA,LOT-P-COMP-054-A,LOC-SUPERMARKET,WO-0016,,,2026-09-02T11:41:00-06:00,,STANDARD_FLOW
TEN-COOLIT-SYN-001,SITE-COOLIT-SYN-01,ERP,INVENTORY_TRANSACTION,INVTX-0096-3,INVTX-0096-3,RESOLVED,2026-09-24T12:07:00-06:00,2026-09-26T08:00:00-06:00,2026-06-29T00:00:00-06:00,,1,,false,ACTIVE,EA,,VALID,CURRENT,coolit-synthetic-v2.0.0,ALL_SYNTHETIC_CUSTOMERS,ALL_SYNTHETIC_PROGRAMS,P-COMP-054,SYNTHETIC_INTERNAL,SNP-COOLIT-20260925-BL,SCN-BASELINE,INVTX-0096-3,CYCLE_COUNT_ADJUSTMENT,P-COMP-054,1,EA,LOT-P-COMP-054-A,LOC-SUPERMARKET,,,,2026-09-24T12:07:00-06:00,,COUNT_RECONCILIATION
TEN-COOLIT-SYN-001,SITE-COOLIT-SYN-01,ERP,INVENTORY_TRANSACTION,INVTX-0097-1,INVTX-0097-1,RESOLVED,2026-07-23T10:28:00-06:00,2026-09-26T08:00:00-06:00,2026-06-29T00:00:00-06:00,,1,,false,ACTIVE,EA,,VALID,CURRENT,coolit-synthetic-v2.0.0,ALL_SYNTHETIC_CUSTOMERS,ALL_SYNTHETIC_PROGRAMS,P-COMP-055,SYNTHETIC_INTERNAL,SNP-COOLIT-20260925-BL,SCN-BASELINE,INVTX-0097-1,RECEIPT,P-COMP-055,66,EA,LOT-P-COMP-055-A,LOC-SUPERMARKET,,PO-SCH-0007,,2026-07-23T10:28:00-06:00,,STANDARD_FLOW
TEN-COOLIT-SYN-001,SITE-COOLIT-SYN-01,ERP,INVENTORY_TRANSACTION,INVTX-0097-2,INVTX-0097-2,RESOLVED,2026-09-03T11:34:00-06:00,2026-09-26T08:00:00-06:00,2026-06-29T00:00:00-06:00,,1,,false,ACTIVE,EA,,VALID,CURRENT,coolit-synthetic-v2.0.0,ALL_SYNTHETIC_CUSTOMERS,ALL_SYNTHETIC_PROGRAMS,P-COMP-055,SYNTHETIC_INTERNAL,SNP-COOLIT-20260925-BL,SCN-BASELINE,INVTX-0097-2,MATERIAL_ISSUE,P-COMP-055,-32,EA,LOT-P-COMP-055-A,LOC-SUPERMARKET,WO-0017,,,2026-09-03T11:34:00-06:00,,STANDARD_FLOW
TEN-COOLIT-SYN-001,SITE-COOLIT-SYN-01,ERP,INVENTORY_TRANSACTION,INVTX-0097-3,INVTX-0097-3,RESOLVED,2026-09-25T12:00:00-06:00,2026-09-26T08:00:00-06:00,2026-06-29T00:00:00-06:00,,1,,false,ACTIVE,EA,,VALID,CURRENT,coolit-synthetic-v2.0.0,ALL_SYNTHETIC_CUSTOMERS,ALL_SYNTHETIC_PROGRAMS,P-COMP-055,SYNTHETIC_INTERNAL,SNP-COOLIT-20260925-BL,SCN-BASELINE,INVTX-0097-3,CYCLE_COUNT_ADJUSTMENT,P-COMP-055,0,EA,LOT-P-COMP-055-A,LOC-SUPERMARKET,,,,2026-09-25T12:00:00-06:00,,COUNT_RECONCILIATION
TEN-COOLIT-SYN-001,SITE-COOLIT-SYN-01,ERP,INVENTORY_TRANSACTION,INVTX-0098-1,INVTX-0098-1,RESOLVED,2026-07-24T10:21:00-06:00,2026-09-26T08:00:00-06:00,2026-06-29T00:00:00-06:00,,1,,false,ACTIVE,EA,,VALID,CURRENT,coolit-synthetic-v2.0.0,ALL_SYNTHETIC_CUSTOMERS,ALL_SYNTHETIC_PROGRAMS,P-COMP-056,SYNTHETIC_INTERNAL,SNP-COOLIT-20260925-BL,SCN-BASELINE,INVTX-0098-1,RECEIPT,P-COMP-056,67,EA,LOT-P-COMP-056-A,LOC-SUPERMARKET,,PO-SCH-0008,,2026-07-24T10:21:00-06:00,,STANDARD_FLOW
TEN-COOLIT-SYN-001,SITE-COOLIT-SYN-01,ERP,INVENTORY_TRANSACTION,INVTX-0098-2,INVTX-0098-2,RESOLVED,2026-09-04T11:27:00-06:00,2026-09-26T08:00:00-06:00,2026-06-29T00:00:00-06:00,,1,,false,ACTIVE,EA,,VALID,CURRENT,coolit-synthetic-v2.0.0,ALL_SYNTHETIC_CUSTOMERS,ALL_SYNTHETIC_PROGRAMS,P-COMP-056,SYNTHETIC_INTERNAL,SNP-COOLIT-20260925-BL,SCN-BASELINE,INVTX-0098-2,MATERIAL_ISSUE,P-COMP-056,-33,EA,LOT-P-COMP-056-A,LOC-SUPERMARKET,WO-0018,,,2026-09-04T11:27:00-06:00,,STANDARD_FLOW
TEN-COOLIT-SYN-001,SITE-COOLIT-SYN-01,ERP,INVENTORY_TRANSACTION,INVTX-0098-3,INVTX-0098-3,RESOLVED,2026-09-25T12:00:00-06:00,2026-09-26T08:00:00-06:00,2026-06-29T00:00:00-06:00,,1,,false,ACTIVE,EA,,VALID,CURRENT,coolit-synthetic-v2.0.0,ALL_SYNTHETIC_CUSTOMERS,ALL_SYNTHETIC_PROGRAMS,P-COMP-056,SYNTHETIC_INTERNAL,SNP-COOLIT-20260925-BL,SCN-BASELINE,INVTX-0098-3,CYCLE_COUNT_ADJUSTMENT,P-COMP-056,0,EA,LOT-P-COMP-056-A,LOC-SUPERMARKET,,,,2026-09-25T12:00:00-06:00,,COUNT_RECONCILIATION
TEN-COOLIT-SYN-001,SITE-COOLIT-SYN-01,ERP,INVENTORY_TRANSACTION,INVTX-0099-1,INVTX-0099-1,RESOLVED,2026-07-25T10:14:00-06:00,2026-09-26T08:00:00-06:00,2026-06-29T00:00:00-06:00,,1,,false,ACTIVE,EA,,VALID,CURRENT,coolit-synthetic-v2.0.0,ALL_SYNTHETIC_CUSTOMERS,ALL_SYNTHETIC_PROGRAMS,P-COMP-057,SYNTHETIC_INTERNAL,SNP-COOLIT-20260925-BL,SCN-BASELINE,INVTX-0099-1,RECEIPT,P-COMP-057,68,EA,LOT-P-COMP-057-A,LOC-SUPERMARKET,,PO-SCH-0009,,2026-07-25T10:14:00-06:00,,STANDARD_FLOW
TEN-COOLIT-SYN-001,SITE-COOLIT-SYN-01,ERP,INVENTORY_TRANSACTION,INVTX-0099-2,INVTX-0099-2,RESOLVED,2026-09-05T11:20:00-06:00,2026-09-26T08:00:00-06:00,2026-06-29T00:00:00-06:00,,1,,false,ACTIVE,EA,,VALID,CURRENT,coolit-synthetic-v2.0.0,ALL_SYNTHETIC_CUSTOMERS,ALL_SYNTHETIC_PROGRAMS,P-COMP-057,SYNTHETIC_INTERNAL,SNP-COOLIT-20260925-BL,SCN-BASELINE,INVTX-0099-2,MATERIAL_ISSUE,P-COMP-057,-34,EA,LOT-P-COMP-057-A,LOC-SUPERMARKET,WO-0019,,,2026-09-05T11:20:00-06:00,,STANDARD_FLOW
TEN-COOLIT-SYN-001,SITE-COOLIT-SYN-01,ERP,INVENTORY_TRANSACTION,INVTX-0099-3,INVTX-0099-3,RESOLVED,2026-09-25T12:00:00-06:00,2026-09-26T08:00:00-06:00,2026-06-29T00:00:00-06:00,,1,,false,ACTIVE,EA,,VALID,CURRENT,coolit-synthetic-v2.0.0,ALL_SYNTHETIC_CUSTOMERS,ALL_SYNTHETIC_PROGRAMS,P-COMP-057,SYNTHETIC_INTERNAL,SNP-COOLIT-20260925-BL,SCN-BASELINE,INVTX-0099-3,CYCLE_COUNT_ADJUSTMENT,P-COMP-057,0,EA,LOT-P-COMP-057-A,LOC-SUPERMARKET,,,,2026-09-25T12:00:00-06:00,,COUNT_RECONCILIATION
TEN-COOLIT-SYN-001,SITE-COOLIT-SYN-01,ERP,INVENTORY_TRANSACTION,INVTX-0100-1,INVTX-0100-1,RESOLVED,2026-07-17T10:10:00-06:00,2026-09-26T08:00:00-06:00,2026-06-29T00:00:00-06:00,,1,,false,ACTIVE,EA,,VALID,CURRENT,coolit-synthetic-v2.0.0,ALL_SYNTHETIC_CUSTOMERS,ALL_SYNTHETIC_PROGRAMS,P-COMP-058,SYNTHETIC_INTERNAL,SNP-COOLIT-20260925-BL,SCN-BASELINE,INVTX-0100-1,RECEIPT,P-COMP-058,69,EA,LOT-P-COMP-058-A,LOC-SUPERMARKET,,PO-SCH-0010,,2026-07-17T10:10:00-06:00,,STANDARD_FLOW
TEN-COOLIT-SYN-001,SITE-COOLIT-SYN-01,ERP,INVENTORY_TRANSACTION,INVTX-0100-2,INVTX-0100-2,RESOLVED,2026-08-28T11:16:00-06:00,2026-09-26T08:00:00-06:00,2026-06-29T00:00:00-06:00,,1,,false,ACTIVE,EA,,VALID,CURRENT,coolit-synthetic-v2.0.0,ALL_SYNTHETIC_CUSTOMERS,ALL_SYNTHETIC_PROGRAMS,P-COMP-058,SYNTHETIC_INTERNAL,SNP-COOLIT-20260925-BL,SCN-BASELINE,INVTX-0100-2,MATERIAL_ISSUE,P-COMP-058,-35,EA,LOT-P-COMP-058-A,LOC-SUPERMARKET,WO-0020,,,2026-08-28T11:16:00-06:00,,STANDARD_FLOW
TEN-COOLIT-SYN-001,SITE-COOLIT-SYN-01,ERP,INVENTORY_TRANSACTION,INVTX-0100-3,INVTX-0100-3,RESOLVED,2026-09-19T12:42:00-06:00,2026-09-26T08:00:00-06:00,2026-06-29T00:00:00-06:00,,1,,false,ACTIVE,EA,,VALID,CURRENT,coolit-synthetic-v2.0.0,ALL_SYNTHETIC_CUSTOMERS,ALL_SYNTHETIC_PROGRAMS,P-COMP-058,SYNTHETIC_INTERNAL,SNP-COOLIT-20260925-BL,SCN-BASELINE,INVTX-0100-3,CYCLE_COUNT_ADJUSTMENT,P-COMP-058,0,EA,LOT-P-COMP-058-A,LOC-SUPERMARKET,,,,2026-09-19T12:42:00-06:00,,COUNT_RECONCILIATION
TEN-COOLIT-SYN-001,SITE-COOLIT-SYN-01,ERP,INVENTORY_TRANSACTION,INVTX-0101-1,INVTX-0101-1,RESOLVED,2026-07-18T10:03:00-06:00,2026-09-26T08:00:00-06:00,2026-06-29T00:00:00-06:00,,1,,false,ACTIVE,EA,,VALID,CURRENT,coolit-synthetic-v2.0.0,ALL_SYNTHETIC_CUSTOMERS,ALL_SYNTHETIC_PROGRAMS,P-COMP-059,SYNTHETIC_INTERNAL,SNP-COOLIT-20260925-BL,SCN-BASELINE,INVTX-0101-1,RECEIPT,P-COMP-059,70,EA,,LOC-SUPERMARKET,,PO-SCH-0011,,2026-07-18T10:03:00-06:00,,STANDARD_FLOW
TEN-COOLIT-SYN-001,SITE-COOLIT-SYN-01,ERP,INVENTORY_TRANSACTION,INVTX-0101-2,INVTX-0101-2,RESOLVED,2026-08-29T11:09:00-06:00,2026-09-26T08:00:00-06:00,2026-06-29T00:00:00-06:00,,1,,false,ACTIVE,EA,,VALID,CURRENT,coolit-synthetic-v2.0.0,ALL_SYNTHETIC_CUSTOMERS,ALL_SYNTHETIC_PROGRAMS,P-COMP-059,SYNTHETIC_INTERNAL,SNP-COOLIT-20260925-BL,SCN-BASELINE,INVTX-0101-2,MATERIAL_ISSUE,P-COMP-059,-36,EA,,LOC-SUPERMARKET,WO-0021,,,2026-08-29T11:09:00-06:00,,STANDARD_FLOW
TEN-COOLIT-SYN-001,SITE-COOLIT-SYN-01,ERP,INVENTORY_TRANSACTION,INVTX-0101-3,INVTX-0101-3,RESOLVED,2026-09-20T12:35:00-06:00,2026-09-26T08:00:00-06:00,2026-06-29T00:00:00-06:00,,1,,false,ACTIVE,EA,,VALID,CURRENT,coolit-synthetic-v2.0.0,ALL_SYNTHETIC_CUSTOMERS,ALL_SYNTHETIC_PROGRAMS,P-COMP-059,SYNTHETIC_INTERNAL,SNP-COOLIT-20260925-BL,SCN-BASELINE,INVTX-0101-3,CYCLE_COUNT_ADJUSTMENT,P-COMP-059,0,EA,,LOC-SUPERMARKET,,,,2026-09-20T12:35:00-06:00,,COUNT_RECONCILIATION
TEN-COOLIT-SYN-001,SITE-COOLIT-SYN-01,ERP,INVENTORY_TRANSACTION,INVTX-0102-1,INVTX-0102-1,RESOLVED,2026-07-19T10:56:00-06:00,2026-09-26T08:00:00-06:00,2026-06-29T00:00:00-06:00,,1,,false,ACTIVE,EA,,VALID,CURRENT,coolit-synthetic-v2.0.0,ALL_SYNTHETIC_CUSTOMERS,ALL_SYNTHETIC_PROGRAMS,P-COMP-060,SYNTHETIC_INTERNAL,SNP-COOLIT-20260925-BL,SCN-BASELINE,INVTX-0102-1,RECEIPT,P-COMP-060,71,EA,,LOC-SUPERMARKET,,PO-SCH-0012,,2026-07-19T10:56:00-06:00,,STANDARD_FLOW
TEN-COOLIT-SYN-001,SITE-COOLIT-SYN-01,ERP,INVENTORY_TRANSACTION,INVTX-0102-2,INVTX-0102-2,RESOLVED,2026-08-30T11:02:00-06:00,2026-09-26T08:00:00-06:00,2026-06-29T00:00:00-06:00,,1,,false,ACTIVE,EA,,VALID,CURRENT,coolit-synthetic-v2.0.0,ALL_SYNTHETIC_CUSTOMERS,ALL_SYNTHETIC_PROGRAMS,P-COMP-060,SYNTHETIC_INTERNAL,SNP-COOLIT-20260925-BL,SCN-BASELINE,INVTX-0102-2,MATERIAL_ISSUE,P-COMP-060,-37,EA,,LOC-SUPERMARKET,WO-0022,,,2026-08-30T11:02:00-06:00,,STANDARD_FLOW
TEN-COOLIT-SYN-001,SITE-COOLIT-SYN-01,ERP,INVENTORY_TRANSACTION,INVTX-0102-3,INVTX-0102-3,RESOLVED,2026-09-21T12:28:00-06:00,2026-09-26T08:00:00-06:00,2026-06-29T00:00:00-06:00,,1,,false,ACTIVE,EA,,VALID,CURRENT,coolit-synthetic-v2.0.0,ALL_SYNTHETIC_CUSTOMERS,ALL_SYNTHETIC_PROGRAMS,P-COMP-060,SYNTHETIC_INTERNAL,SNP-COOLIT-20260925-BL,SCN-BASELINE,INVTX-0102-3,CYCLE_COUNT_ADJUSTMENT,P-COMP-060,0,EA,,LOC-SUPERMARKET,,,,2026-09-21T12:28:00-06:00,,COUNT_RECONCILIATION
TEN-COOLIT-SYN-001,SITE-COOLIT-SYN-01,ERP,INVENTORY_TRANSACTION,INVTX-0103-1,INVTX-0103-1,RESOLVED,2026-07-20T10:49:00-06:00,2026-09-26T08:00:00-06:00,2026-06-29T00:00:00-06:00,,1,,false,ACTIVE,EA,,VALID,CURRENT,coolit-synthetic-v2.0.0,ALL_SYNTHETIC_CUSTOMERS,ALL_SYNTHETIC_PROGRAMS,P-COMP-061,SYNTHETIC_INTERNAL,SNP-COOLIT-20260925-BL,SCN-BASELINE,INVTX-0103-1,RECEIPT,P-COMP-061,72,EA,LOT-P-COMP-061-A,LOC-SUPERMARKET,,PO-SCH-0013,,2026-07-20T10:49:00-06:00,,STANDARD_FLOW
TEN-COOLIT-SYN-001,SITE-COOLIT-SYN-01,ERP,INVENTORY_TRANSACTION,INVTX-0103-2,INVTX-0103-2,RESOLVED,2026-08-31T11:55:00-06:00,2026-09-26T08:00:00-06:00,2026-06-29T00:00:00-06:00,,1,,false,ACTIVE,EA,,VALID,CURRENT,coolit-synthetic-v2.0.0,ALL_SYNTHETIC_CUSTOMERS,ALL_SYNTHETIC_PROGRAMS,P-COMP-061,SYNTHETIC_INTERNAL,SNP-COOLIT-20260925-BL,SCN-BASELINE,INVTX-0103-2,MATERIAL_ISSUE,P-COMP-061,-38,EA,LOT-P-COMP-061-A,LOC-SUPERMARKET,WO-0023,,,2026-08-31T11:55:00-06:00,,STANDARD_FLOW
TEN-COOLIT-SYN-001,SITE-COOLIT-SYN-01,ERP,INVENTORY_TRANSACTION,INVTX-0103-3,INVTX-0103-3,RESOLVED,2026-09-22T12:21:00-06:00,2026-09-26T08:00:00-06:00,2026-06-29T00:00:00-06:00,,1,,false,ACTIVE,EA,,VALID,CURRENT,coolit-synthetic-v2.0.0,ALL_SYNTHETIC_CUSTOMERS,ALL_SYNTHETIC_PROGRAMS,P-COMP-061,SYNTHETIC_INTERNAL,SNP-COOLIT-20260925-BL,SCN-BASELINE,INVTX-0103-3,CYCLE_COUNT_ADJUSTMENT,P-COMP-061,-2,EA,LOT-P-COMP-061-A,LOC-SUPERMARKET,,,,2026-09-22T12:21:00-06:00,,COUNT_RECONCILIATION
TEN-COOLIT-SYN-001,SITE-COOLIT-SYN-01,ERP,INVENTORY_TRANSACTION,INVTX-0104-1,INVTX-0104-1,RESOLVED,2026-07-21T10:42:00-06:00,2026-09-26T08:00:00-06:00,2026-06-29T00:00:00-06:00,,1,,false,ACTIVE,EA,,VALID,CURRENT,coolit-synthetic-v2.0.0,ALL_SYNTHETIC_CUSTOMERS,ALL_SYNTHETIC_PROGRAMS,P-COMP-062,SYNTHETIC_INTERNAL,SNP-COOLIT-20260925-BL,SCN-BASELINE,INVTX-0104-1,RECEIPT,P-COMP-062,73,EA,LOT-P-COMP-062-A,LOC-SUPERMARKET,,PO-SCH-0014,,2026-07-21T10:42:00-06:00,,STANDARD_FLOW
TEN-COOLIT-SYN-001,SITE-COOLIT-SYN-01,ERP,INVENTORY_TRANSACTION,INVTX-0104-2,INVTX-0104-2,RESOLVED,2026-09-01T11:48:00-06:00,2026-09-26T08:00:00-06:00,2026-06-29T00:00:00-06:00,,1,,false,ACTIVE,EA,,VALID,CURRENT,coolit-synthetic-v2.0.0,ALL_SYNTHETIC_CUSTOMERS,ALL_SYNTHETIC_PROGRAMS,P-COMP-062,SYNTHETIC_INTERNAL,SNP-COOLIT-20260925-BL,SCN-BASELINE,INVTX-0104-2,MATERIAL_ISSUE,P-COMP-062,-39,EA,LOT-P-COMP-062-A,LOC-SUPERMARKET,WO-0024,,,2026-09-01T11:48:00-06:00,,STANDARD_FLOW
TEN-COOLIT-SYN-001,SITE-COOLIT-SYN-01,ERP,INVENTORY_TRANSACTION,INVTX-0104-3,INVTX-0104-3,RESOLVED,2026-09-23T12:14:00-06:00,2026-09-26T08:00:00-06:00,2026-06-29T00:00:00-06:00,,1,,false,ACTIVE,EA,,VALID,CURRENT,coolit-synthetic-v2.0.0,ALL_SYNTHETIC_CUSTOMERS,ALL_SYNTHETIC_PROGRAMS,P-COMP-062,SYNTHETIC_INTERNAL,SNP-COOLIT-20260925-BL,SCN-BASELINE,INVTX-0104-3,CYCLE_COUNT_ADJUSTMENT,P-COMP-062,0,EA,LOT-P-COMP-062-A,LOC-SUPERMARKET,,,,2026-09-23T12:14:00-06:00,,COUNT_RECONCILIATION
TEN-COOLIT-SYN-001,SITE-COOLIT-SYN-01,ERP,INVENTORY_TRANSACTION,INVTX-0105-1,INVTX-0105-1,RESOLVED,2026-07-22T10:35:00-06:00,2026-09-26T08:00:00-06:00,2026-06-29T00:00:00-06:00,,1,,false,ACTIVE,EA,,VALID,CURRENT,coolit-synthetic-v2.0.0,ALL_SYNTHETIC_CUSTOMERS,ALL_SYNTHETIC_PROGRAMS,P-COMP-063,SYNTHETIC_INTERNAL,SNP-COOLIT-20260925-BL,SCN-BASELINE,INVTX-0105-1,RECEIPT,P-COMP-063,74,EA,LOT-P-COMP-063-A,LOC-SUPERMARKET,,PO-SCH-0015,,2026-07-22T10:35:00-06:00,,STANDARD_FLOW
TEN-COOLIT-SYN-001,SITE-COOLIT-SYN-01,ERP,INVENTORY_TRANSACTION,INVTX-0105-2,INVTX-0105-2,RESOLVED,2026-09-02T11:41:00-06:00,2026-09-26T08:00:00-06:00,2026-06-29T00:00:00-06:00,,1,,false,ACTIVE,EA,,VALID,CURRENT,coolit-synthetic-v2.0.0,ALL_SYNTHETIC_CUSTOMERS,ALL_SYNTHETIC_PROGRAMS,P-COMP-063,SYNTHETIC_INTERNAL,SNP-COOLIT-20260925-BL,SCN-BASELINE,INVTX-0105-2,MATERIAL_ISSUE,P-COMP-063,-40,EA,LOT-P-COMP-063-A,LOC-SUPERMARKET,WO-0025,,,2026-09-02T11:41:00-06:00,,STANDARD_FLOW
TEN-COOLIT-SYN-001,SITE-COOLIT-SYN-01,ERP,INVENTORY_TRANSACTION,INVTX-0105-3,INVTX-0105-3,RESOLVED,2026-09-24T12:07:00-06:00,2026-09-26T08:00:00-06:00,2026-06-29T00:00:00-06:00,,1,,false,ACTIVE,EA,,VALID,CURRENT,coolit-synthetic-v2.0.0,ALL_SYNTHETIC_CUSTOMERS,ALL_SYNTHETIC_PROGRAMS,P-COMP-063,SYNTHETIC_INTERNAL,SNP-COOLIT-20260925-BL,SCN-BASELINE,INVTX-0105-3,CYCLE_COUNT_ADJUSTMENT,P-COMP-063,0,EA,LOT-P-COMP-063-A,LOC-SUPERMARKET,,,,2026-09-24T12:07:00-06:00,,COUNT_RECONCILIATION
TEN-COOLIT-SYN-001,SITE-COOLIT-SYN-01,ERP,INVENTORY_TRANSACTION,INVTX-0106-1,INVTX-0106-1,RESOLVED,2026-07-23T10:28:00-06:00,2026-09-26T08:00:00-06:00,2026-06-29T00:00:00-06:00,,1,,false,ACTIVE,EA,,VALID,CURRENT,coolit-synthetic-v2.0.0,ALL_SYNTHETIC_CUSTOMERS,ALL_SYNTHETIC_PROGRAMS,P-COMP-064,SYNTHETIC_INTERNAL,SNP-COOLIT-20260925-BL,SCN-BASELINE,INVTX-0106-1,RECEIPT,P-COMP-064,75,EA,LOT-P-COMP-064-A,LOC-SUPERMARKET,,PO-SCH-0016,,2026-07-23T10:28:00-06:00,,STANDARD_FLOW
TEN-COOLIT-SYN-001,SITE-COOLIT-SYN-01,ERP,INVENTORY_TRANSACTION,INVTX-0106-2,INVTX-0106-2,RESOLVED,2026-09-03T11:34:00-06:00,2026-09-26T08:00:00-06:00,2026-06-29T00:00:00-06:00,,1,,false,ACTIVE,EA,,VALID,CURRENT,coolit-synthetic-v2.0.0,ALL_SYNTHETIC_CUSTOMERS,ALL_SYNTHETIC_PROGRAMS,P-COMP-064,SYNTHETIC_INTERNAL,SNP-COOLIT-20260925-BL,SCN-BASELINE,INVTX-0106-2,MATERIAL_ISSUE,P-COMP-064,-41,EA,LOT-P-COMP-064-A,LOC-SUPERMARKET,WO-0026,,,2026-09-03T11:34:00-06:00,,STANDARD_FLOW
TEN-COOLIT-SYN-001,SITE-COOLIT-SYN-01,ERP,INVENTORY_TRANSACTION,INVTX-0106-3,INVTX-0106-3,RESOLVED,2026-09-25T12:00:00-06:00,2026-09-26T08:00:00-06:00,2026-06-29T00:00:00-06:00,,1,,false,ACTIVE,EA,,VALID,CURRENT,coolit-synthetic-v2.0.0,ALL_SYNTHETIC_CUSTOMERS,ALL_SYNTHETIC_PROGRAMS,P-COMP-064,SYNTHETIC_INTERNAL,SNP-COOLIT-20260925-BL,SCN-BASELINE,INVTX-0106-3,CYCLE_COUNT_ADJUSTMENT,P-COMP-064,0,EA,LOT-P-COMP-064-A,LOC-SUPERMARKET,,,,2026-09-25T12:00:00-06:00,,COUNT_RECONCILIATION
TEN-COOLIT-SYN-001,SITE-COOLIT-SYN-01,ERP,INVENTORY_TRANSACTION,INVTX-0107-1,INVTX-0107-1,RESOLVED,2026-07-24T10:21:00-06:00,2026-09-26T08:00:00-06:00,2026-06-29T00:00:00-06:00,,1,,false,ACTIVE,EA,,VALID,CURRENT,coolit-synthetic-v2.0.0,ALL_SYNTHETIC_CUSTOMERS,ALL_SYNTHETIC_PROGRAMS,P-COMP-065,SYNTHETIC_INTERNAL,SNP-COOLIT-20260925-BL,SCN-BASELINE,INVTX-0107-1,RECEIPT,P-COMP-065,76,EA,LOT-P-COMP-065-A,LOC-SUPERMARKET,,PO-SCH-0017,,2026-07-24T10:21:00-06:00,,STANDARD_FLOW
TEN-COOLIT-SYN-001,SITE-COOLIT-SYN-01,ERP,INVENTORY_TRANSACTION,INVTX-0107-2,INVTX-0107-2,RESOLVED,2026-09-04T11:27:00-06:00,2026-09-26T08:00:00-06:00,2026-06-29T00:00:00-06:00,,1,,false,ACTIVE,EA,,VALID,CURRENT,coolit-synthetic-v2.0.0,ALL_SYNTHETIC_CUSTOMERS,ALL_SYNTHETIC_PROGRAMS,P-COMP-065,SYNTHETIC_INTERNAL,SNP-COOLIT-20260925-BL,SCN-BASELINE,INVTX-0107-2,MATERIAL_ISSUE,P-COMP-065,-42,EA,LOT-P-COMP-065-A,LOC-SUPERMARKET,WO-0027,,,2026-09-04T11:27:00-06:00,,STANDARD_FLOW
TEN-COOLIT-SYN-001,SITE-COOLIT-SYN-01,ERP,INVENTORY_TRANSACTION,INVTX-0107-3,INVTX-0107-3,RESOLVED,2026-09-25T12:00:00-06:00,2026-09-26T08:00:00-06:00,2026-06-29T00:00:00-06:00,,1,,false,ACTIVE,EA,,VALID,CURRENT,coolit-synthetic-v2.0.0,ALL_SYNTHETIC_CUSTOMERS,ALL_SYNTHETIC_PROGRAMS,P-COMP-065,SYNTHETIC_INTERNAL,SNP-COOLIT-20260925-BL,SCN-BASELINE,INVTX-0107-3,CYCLE_COUNT_ADJUSTMENT,P-COMP-065,0,EA,LOT-P-COMP-065-A,LOC-SUPERMARKET,,,,2026-09-25T12:00:00-06:00,,COUNT_RECONCILIATION
TEN-COOLIT-SYN-001,SITE-COOLIT-SYN-01,ERP,INVENTORY_TRANSACTION,INVTX-0108-1,INVTX-0108-1,RESOLVED,2026-07-25T10:14:00-06:00,2026-09-26T08:00:00-06:00,2026-06-29T00:00:00-06:00,,1,,false,ACTIVE,EA,,VALID,CURRENT,coolit-synthetic-v2.0.0,ALL_SYNTHETIC_CUSTOMERS,ALL_SYNTHETIC_PROGRAMS,P-COMP-066,SYNTHETIC_INTERNAL,SNP-COOLIT-20260925-BL,SCN-BASELINE,INVTX-0108-1,RECEIPT,P-COMP-066,77,EA,LOT-P-COMP-066-A,LOC-SUPERMARKET,,PO-SCH-0018,,2026-07-25T10:14:00-06:00,,STANDARD_FLOW
TEN-COOLIT-SYN-001,SITE-COOLIT-SYN-01,ERP,INVENTORY_TRANSACTION,INVTX-0108-2,INVTX-0108-2,RESOLVED,2026-09-05T11:20:00-06:00,2026-09-26T08:00:00-06:00,2026-06-29T00:00:00-06:00,,1,,false,ACTIVE,EA,,VALID,CURRENT,coolit-synthetic-v2.0.0,ALL_SYNTHETIC_CUSTOMERS,ALL_SYNTHETIC_PROGRAMS,P-COMP-066,SYNTHETIC_INTERNAL,SNP-COOLIT-20260925-BL,SCN-BASELINE,INVTX-0108-2,MATERIAL_ISSUE,P-COMP-066,-43,EA,LOT-P-COMP-066-A,LOC-SUPERMARKET,WO-0028,,,2026-09-05T11:20:00-06:00,,STANDARD_FLOW
TEN-COOLIT-SYN-001,SITE-COOLIT-SYN-01,ERP,INVENTORY_TRANSACTION,INVTX-0108-3,INVTX-0108-3,RESOLVED,2026-09-25T12:00:00-06:00,2026-09-26T08:00:00-06:00,2026-06-29T00:00:00-06:00,,1,,false,ACTIVE,EA,,VALID,CURRENT,coolit-synthetic-v2.0.0,ALL_SYNTHETIC_CUSTOMERS,ALL_SYNTHETIC_PROGRAMS,P-COMP-066,SYNTHETIC_INTERNAL,SNP-COOLIT-20260925-BL,SCN-BASELINE,INVTX-0108-3,CYCLE_COUNT_ADJUSTMENT,P-COMP-066,0,EA,LOT-P-COMP-066-A,LOC-SUPERMARKET,,,,2026-09-25T12:00:00-06:00,,COUNT_RECONCILIATION
TEN-COOLIT-SYN-001,SITE-COOLIT-SYN-01,ERP,INVENTORY_TRANSACTION,INVTX-0109-1,INVTX-0109-1,RESOLVED,2026-07-17T10:10:00-06:00,2026-09-26T08:00:00-06:00,2026-06-29T00:00:00-06:00,,1,,false,ACTIVE,EA,,VALID,CURRENT,coolit-synthetic-v2.0.0,ALL_SYNTHETIC_CUSTOMERS,ALL_SYNTHETIC_PROGRAMS,P-COMP-067,SYNTHETIC_INTERNAL,SNP-COOLIT-20260925-BL,SCN-BASELINE,INVTX-0109-1,RECEIPT,P-COMP-067,78,EA,LOT-P-COMP-067-A,LOC-SUPERMARKET,,PO-SCH-0019,,2026-07-17T10:10:00-06:00,,STANDARD_FLOW
TEN-COOLIT-SYN-001,SITE-COOLIT-SYN-01,ERP,INVENTORY_TRANSACTION,INVTX-0109-2,INVTX-0109-2,RESOLVED,2026-08-28T11:16:00-06:00,2026-09-26T08:00:00-06:00,2026-06-29T00:00:00-06:00,,1,,false,ACTIVE,EA,,VALID,CURRENT,coolit-synthetic-v2.0.0,ALL_SYNTHETIC_CUSTOMERS,ALL_SYNTHETIC_PROGRAMS,P-COMP-067,SYNTHETIC_INTERNAL,SNP-COOLIT-20260925-BL,SCN-BASELINE,INVTX-0109-2,MATERIAL_ISSUE,P-COMP-067,-44,EA,LOT-P-COMP-067-A,LOC-SUPERMARKET,WO-0029,,,2026-08-28T11:16:00-06:00,,STANDARD_FLOW
TEN-COOLIT-SYN-001,SITE-COOLIT-SYN-01,ERP,INVENTORY_TRANSACTION,INVTX-0109-3,INVTX-0109-3,RESOLVED,2026-09-19T12:42:00-06:00,2026-09-26T08:00:00-06:00,2026-06-29T00:00:00-06:00,,1,,false,ACTIVE,EA,,VALID,CURRENT,coolit-synthetic-v2.0.0,ALL_SYNTHETIC_CUSTOMERS,ALL_SYNTHETIC_PROGRAMS,P-COMP-067,SYNTHETIC_INTERNAL,SNP-COOLIT-20260925-BL,SCN-BASELINE,INVTX-0109-3,CYCLE_COUNT_ADJUSTMENT,P-COMP-067,0,EA,LOT-P-COMP-067-A,LOC-SUPERMARKET,,,,2026-09-19T12:42:00-06:00,,COUNT_RECONCILIATION
TEN-COOLIT-SYN-001,SITE-COOLIT-SYN-01,ERP,INVENTORY_TRANSACTION,INVTX-0110-1,INVTX-0110-1,RESOLVED,2026-07-18T10:03:00-06:00,2026-09-26T08:00:00-06:00,2026-06-29T00:00:00-06:00,,1,,false,ACTIVE,EA,,VALID,CURRENT,coolit-synthetic-v2.0.0,ALL_SYNTHETIC_CUSTOMERS,ALL_SYNTHETIC_PROGRAMS,P-COMP-068,SYNTHETIC_INTERNAL,SNP-COOLIT-20260925-BL,SCN-BASELINE,INVTX-0110-1,RECEIPT,P-COMP-068,79,EA,LOT-P-COMP-068-A,LOC-SUPERMARKET,,PO-SCH-0020,,2026-07-18T10:03:00-06:00,,STANDARD_FLOW
TEN-COOLIT-SYN-001,SITE-COOLIT-SYN-01,ERP,INVENTORY_TRANSACTION,INVTX-0110-2,INVTX-0110-2,RESOLVED,2026-08-29T11:09:00-06:00,2026-09-26T08:00:00-06:00,2026-06-29T00:00:00-06:00,,1,,false,ACTIVE,EA,,VALID,CURRENT,coolit-synthetic-v2.0.0,ALL_SYNTHETIC_CUSTOMERS,ALL_SYNTHETIC_PROGRAMS,P-COMP-068,SYNTHETIC_INTERNAL,SNP-COOLIT-20260925-BL,SCN-BASELINE,INVTX-0110-2,MATERIAL_ISSUE,P-COMP-068,-45,EA,LOT-P-COMP-068-A,LOC-SUPERMARKET,WO-0030,,,2026-08-29T11:09:00-06:00,,STANDARD_FLOW
TEN-COOLIT-SYN-001,SITE-COOLIT-SYN-01,ERP,INVENTORY_TRANSACTION,INVTX-0110-3,INVTX-0110-3,RESOLVED,2026-09-20T12:35:00-06:00,2026-09-26T08:00:00-06:00,2026-06-29T00:00:00-06:00,,1,,false,ACTIVE,EA,,VALID,CURRENT,coolit-synthetic-v2.0.0,ALL_SYNTHETIC_CUSTOMERS,ALL_SYNTHETIC_PROGRAMS,P-COMP-068,SYNTHETIC_INTERNAL,SNP-COOLIT-20260925-BL,SCN-BASELINE,INVTX-0110-3,CYCLE_COUNT_ADJUSTMENT,P-COMP-068,0,EA,LOT-P-COMP-068-A,LOC-SUPERMARKET,,,,2026-09-20T12:35:00-06:00,,COUNT_RECONCILIATION
TEN-COOLIT-SYN-001,SITE-COOLIT-SYN-01,ERP,INVENTORY_TRANSACTION,INVTX-0111-1,INVTX-0111-1,RESOLVED,2026-07-19T10:56:00-06:00,2026-09-26T08:00:00-06:00,2026-06-29T00:00:00-06:00,,1,,false,ACTIVE,EA,,VALID,CURRENT,coolit-synthetic-v2.0.0,ALL_SYNTHETIC_CUSTOMERS,ALL_SYNTHETIC_PROGRAMS,P-COMP-069,SYNTHETIC_INTERNAL,SNP-COOLIT-20260925-BL,SCN-BASELINE,INVTX-0111-1,RECEIPT,P-COMP-069,25,EA,,LOC-SUPERMARKET,,PO-SCH-0021,,2026-07-19T10:56:00-06:00,,STANDARD_FLOW
TEN-COOLIT-SYN-001,SITE-COOLIT-SYN-01,ERP,INVENTORY_TRANSACTION,INVTX-0111-2,INVTX-0111-2,RESOLVED,2026-08-30T11:02:00-06:00,2026-09-26T08:00:00-06:00,2026-06-29T00:00:00-06:00,,1,,false,ACTIVE,EA,,VALID,CURRENT,coolit-synthetic-v2.0.0,ALL_SYNTHETIC_CUSTOMERS,ALL_SYNTHETIC_PROGRAMS,P-COMP-069,SYNTHETIC_INTERNAL,SNP-COOLIT-20260925-BL,SCN-BASELINE,INVTX-0111-2,MATERIAL_ISSUE,P-COMP-069,-46,EA,,LOC-SUPERMARKET,WO-0031,,,2026-08-30T11:02:00-06:00,,STANDARD_FLOW
TEN-COOLIT-SYN-001,SITE-COOLIT-SYN-01,ERP,INVENTORY_TRANSACTION,INVTX-0111-3,INVTX-0111-3,RESOLVED,2026-09-21T12:28:00-06:00,2026-09-26T08:00:00-06:00,2026-06-29T00:00:00-06:00,,1,,false,ACTIVE,EA,,VALID,CURRENT,coolit-synthetic-v2.0.0,ALL_SYNTHETIC_CUSTOMERS,ALL_SYNTHETIC_PROGRAMS,P-COMP-069,SYNTHETIC_INTERNAL,SNP-COOLIT-20260925-BL,SCN-BASELINE,INVTX-0111-3,CYCLE_COUNT_ADJUSTMENT,P-COMP-069,0,EA,,LOC-SUPERMARKET,,,,2026-09-21T12:28:00-06:00,,COUNT_RECONCILIATION
TEN-COOLIT-SYN-001,SITE-COOLIT-SYN-01,ERP,INVENTORY_TRANSACTION,INVTX-0112-1,INVTX-0112-1,RESOLVED,2026-07-20T10:49:00-06:00,2026-09-26T08:00:00-06:00,2026-06-29T00:00:00-06:00,,1,,false,ACTIVE,EA,,VALID,CURRENT,coolit-synthetic-v2.0.0,ALL_SYNTHETIC_CUSTOMERS,ALL_SYNTHETIC_PROGRAMS,P-COMP-070,SYNTHETIC_INTERNAL,SNP-COOLIT-20260925-BL,SCN-BASELINE,INVTX-0112-1,RECEIPT,P-COMP-070,26,EA,,LOC-SUPERMARKET,,PO-SCH-0022,,2026-07-20T10:49:00-06:00,,STANDARD_FLOW
TEN-COOLIT-SYN-001,SITE-COOLIT-SYN-01,ERP,INVENTORY_TRANSACTION,INVTX-0112-2,INVTX-0112-2,RESOLVED,2026-08-31T11:55:00-06:00,2026-09-26T08:00:00-06:00,2026-06-29T00:00:00-06:00,,1,,false,ACTIVE,EA,,VALID,CURRENT,coolit-synthetic-v2.0.0,ALL_SYNTHETIC_CUSTOMERS,ALL_SYNTHETIC_PROGRAMS,P-COMP-070,SYNTHETIC_INTERNAL,SNP-COOLIT-20260925-BL,SCN-BASELINE,INVTX-0112-2,MATERIAL_ISSUE,P-COMP-070,-47,EA,,LOC-SUPERMARKET,WO-0032,,,2026-08-31T11:55:00-06:00,,STANDARD_FLOW
TEN-COOLIT-SYN-001,SITE-COOLIT-SYN-01,ERP,INVENTORY_TRANSACTION,INVTX-0112-3,INVTX-0112-3,RESOLVED,2026-09-22T12:21:00-06:00,2026-09-26T08:00:00-06:00,2026-06-29T00:00:00-06:00,,1,,false,ACTIVE,EA,,VALID,CURRENT,coolit-synthetic-v2.0.0,ALL_SYNTHETIC_CUSTOMERS,ALL_SYNTHETIC_PROGRAMS,P-COMP-070,SYNTHETIC_INTERNAL,SNP-COOLIT-20260925-BL,SCN-BASELINE,INVTX-0112-3,CYCLE_COUNT_ADJUSTMENT,P-COMP-070,0,EA,,LOC-SUPERMARKET,,,,2026-09-22T12:21:00-06:00,,COUNT_RECONCILIATION
TEN-COOLIT-SYN-001,SITE-COOLIT-SYN-01,ERP,INVENTORY_TRANSACTION,INVTX-0113-1,INVTX-0113-1,RESOLVED,2026-07-21T10:42:00-06:00,2026-09-26T08:00:00-06:00,2026-06-29T00:00:00-06:00,,1,,false,ACTIVE,EA,,VALID,CURRENT,coolit-synthetic-v2.0.0,ALL_SYNTHETIC_CUSTOMERS,ALL_SYNTHETIC_PROGRAMS,P-COMP-071,SYNTHETIC_INTERNAL,SNP-COOLIT-20260925-BL,SCN-BASELINE,INVTX-0113-1,RECEIPT,P-COMP-071,27,EA,LOT-P-COMP-071-A,LOC-SUPERMARKET,,PO-SCH-0023,,2026-07-21T10:42:00-06:00,,STANDARD_FLOW
TEN-COOLIT-SYN-001,SITE-COOLIT-SYN-01,ERP,INVENTORY_TRANSACTION,INVTX-0113-2,INVTX-0113-2,RESOLVED,2026-09-01T11:48:00-06:00,2026-09-26T08:00:00-06:00,2026-06-29T00:00:00-06:00,,1,,false,ACTIVE,EA,,VALID,CURRENT,coolit-synthetic-v2.0.0,ALL_SYNTHETIC_CUSTOMERS,ALL_SYNTHETIC_PROGRAMS,P-COMP-071,SYNTHETIC_INTERNAL,SNP-COOLIT-20260925-BL,SCN-BASELINE,INVTX-0113-2,MATERIAL_ISSUE,P-COMP-071,-48,EA,LOT-P-COMP-071-A,LOC-SUPERMARKET,WO-0033,,,2026-09-01T11:48:00-06:00,,STANDARD_FLOW
TEN-COOLIT-SYN-001,SITE-COOLIT-SYN-01,ERP,INVENTORY_TRANSACTION,INVTX-0113-3,INVTX-0113-3,RESOLVED,2026-09-23T12:14:00-06:00,2026-09-26T08:00:00-06:00,2026-06-29T00:00:00-06:00,,1,,false,ACTIVE,EA,,VALID,CURRENT,coolit-synthetic-v2.0.0,ALL_SYNTHETIC_CUSTOMERS,ALL_SYNTHETIC_PROGRAMS,P-COMP-071,SYNTHETIC_INTERNAL,SNP-COOLIT-20260925-BL,SCN-BASELINE,INVTX-0113-3,CYCLE_COUNT_ADJUSTMENT,P-COMP-071,0,EA,LOT-P-COMP-071-A,LOC-SUPERMARKET,,,,2026-09-23T12:14:00-06:00,,COUNT_RECONCILIATION
TEN-COOLIT-SYN-001,SITE-COOLIT-SYN-01,ERP,INVENTORY_TRANSACTION,INVTX-0114-1,INVTX-0114-1,RESOLVED,2026-07-22T10:35:00-06:00,2026-09-26T08:00:00-06:00,2026-06-29T00:00:00-06:00,,1,,false,ACTIVE,EA,,VALID,CURRENT,coolit-synthetic-v2.0.0,ALL_SYNTHETIC_CUSTOMERS,ALL_SYNTHETIC_PROGRAMS,P-COMP-072,SYNTHETIC_INTERNAL,SNP-COOLIT-20260925-BL,SCN-BASELINE,INVTX-0114-1,RECEIPT,P-COMP-072,28,EA,LOT-P-COMP-072-A,LOC-SUPERMARKET,,PO-SCH-0024,,2026-07-22T10:35:00-06:00,,STANDARD_FLOW
TEN-COOLIT-SYN-001,SITE-COOLIT-SYN-01,ERP,INVENTORY_TRANSACTION,INVTX-0114-2,INVTX-0114-2,RESOLVED,2026-09-02T11:41:00-06:00,2026-09-26T08:00:00-06:00,2026-06-29T00:00:00-06:00,,1,,false,ACTIVE,EA,,VALID,CURRENT,coolit-synthetic-v2.0.0,ALL_SYNTHETIC_CUSTOMERS,ALL_SYNTHETIC_PROGRAMS,P-COMP-072,SYNTHETIC_INTERNAL,SNP-COOLIT-20260925-BL,SCN-BASELINE,INVTX-0114-2,MATERIAL_ISSUE,P-COMP-072,-49,EA,LOT-P-COMP-072-A,LOC-SUPERMARKET,WO-0034,,,2026-09-02T11:41:00-06:00,,STANDARD_FLOW
TEN-COOLIT-SYN-001,SITE-COOLIT-SYN-01,ERP,INVENTORY_TRANSACTION,INVTX-0114-3,INVTX-0114-3,RESOLVED,2026-09-24T12:07:00-06:00,2026-09-26T08:00:00-06:00,2026-06-29T00:00:00-06:00,,1,,false,ACTIVE,EA,,VALID,CURRENT,coolit-synthetic-v2.0.0,ALL_SYNTHETIC_CUSTOMERS,ALL_SYNTHETIC_PROGRAMS,P-COMP-072,SYNTHETIC_INTERNAL,SNP-COOLIT-20260925-BL,SCN-BASELINE,INVTX-0114-3,CYCLE_COUNT_ADJUSTMENT,P-COMP-072,0,EA,LOT-P-COMP-072-A,LOC-SUPERMARKET,,,,2026-09-24T12:07:00-06:00,,COUNT_RECONCILIATION
TEN-COOLIT-SYN-001,SITE-COOLIT-SYN-01,ERP,INVENTORY_TRANSACTION,INVTX-0115-1,INVTX-0115-1,RESOLVED,2026-07-23T10:28:00-06:00,2026-09-26T08:00:00-06:00,2026-06-29T00:00:00-06:00,,1,,false,ACTIVE,EA,,VALID,CURRENT,coolit-synthetic-v2.0.0,ALL_SYNTHETIC_CUSTOMERS,ALL_SYNTHETIC_PROGRAMS,P-COMP-073,SYNTHETIC_INTERNAL,SNP-COOLIT-20260925-BL,SCN-BASELINE,INVTX-0115-1,RECEIPT,P-COMP-073,29,EA,LOT-P-COMP-073-A,LOC-SUPERMARKET,,PO-SCH-0025,,2026-07-23T10:28:00-06:00,,STANDARD_FLOW
TEN-COOLIT-SYN-001,SITE-COOLIT-SYN-01,ERP,INVENTORY_TRANSACTION,INVTX-0115-2,INVTX-0115-2,RESOLVED,2026-09-03T11:34:00-06:00,2026-09-26T08:00:00-06:00,2026-06-29T00:00:00-06:00,,1,,false,ACTIVE,EA,,VALID,CURRENT,coolit-synthetic-v2.0.0,ALL_SYNTHETIC_CUSTOMERS,ALL_SYNTHETIC_PROGRAMS,P-COMP-073,SYNTHETIC_INTERNAL,SNP-COOLIT-20260925-BL,SCN-BASELINE,INVTX-0115-2,MATERIAL_ISSUE,P-COMP-073,-50,EA,LOT-P-COMP-073-A,LOC-SUPERMARKET,WO-0035,,,2026-09-03T11:34:00-06:00,,STANDARD_FLOW
TEN-COOLIT-SYN-001,SITE-COOLIT-SYN-01,ERP,INVENTORY_TRANSACTION,INVTX-0115-3,INVTX-0115-3,RESOLVED,2026-09-25T12:00:00-06:00,2026-09-26T08:00:00-06:00,2026-06-29T00:00:00-06:00,,1,,false,ACTIVE,EA,,VALID,CURRENT,coolit-synthetic-v2.0.0,ALL_SYNTHETIC_CUSTOMERS,ALL_SYNTHETIC_PROGRAMS,P-COMP-073,SYNTHETIC_INTERNAL,SNP-COOLIT-20260925-BL,SCN-BASELINE,INVTX-0115-3,CYCLE_COUNT_ADJUSTMENT,P-COMP-073,1,EA,LOT-P-COMP-073-A,LOC-SUPERMARKET,,,,2026-09-25T12:00:00-06:00,,COUNT_RECONCILIATION
TEN-COOLIT-SYN-001,SITE-COOLIT-SYN-01,ERP,INVENTORY_TRANSACTION,INVTX-0116-1,INVTX-0116-1,RESOLVED,2026-07-24T10:21:00-06:00,2026-09-26T08:00:00-06:00,2026-06-29T00:00:00-06:00,,1,,false,ACTIVE,EA,,VALID,CURRENT,coolit-synthetic-v2.0.0,ALL_SYNTHETIC_CUSTOMERS,ALL_SYNTHETIC_PROGRAMS,P-COMP-074,SYNTHETIC_INTERNAL,SNP-COOLIT-20260925-BL,SCN-BASELINE,INVTX-0116-1,RECEIPT,P-COMP-074,30,EA,LOT-P-COMP-074-A,LOC-SUPERMARKET,,PO-SCH-0026,,2026-07-24T10:21:00-06:00,,STANDARD_FLOW
TEN-COOLIT-SYN-001,SITE-COOLIT-SYN-01,ERP,INVENTORY_TRANSACTION,INVTX-0116-2,INVTX-0116-2,RESOLVED,2026-09-04T11:27:00-06:00,2026-09-26T08:00:00-06:00,2026-06-29T00:00:00-06:00,,1,,false,ACTIVE,EA,,VALID,CURRENT,coolit-synthetic-v2.0.0,ALL_SYNTHETIC_CUSTOMERS,ALL_SYNTHETIC_PROGRAMS,P-COMP-074,SYNTHETIC_INTERNAL,SNP-COOLIT-20260925-BL,SCN-BASELINE,INVTX-0116-2,MATERIAL_ISSUE,P-COMP-074,-51,EA,LOT-P-COMP-074-A,LOC-SUPERMARKET,WO-0036,,,2026-09-04T11:27:00-06:00,,STANDARD_FLOW
TEN-COOLIT-SYN-001,SITE-COOLIT-SYN-01,ERP,INVENTORY_TRANSACTION,INVTX-0116-3,INVTX-0116-3,RESOLVED,2026-09-25T12:00:00-06:00,2026-09-26T08:00:00-06:00,2026-06-29T00:00:00-06:00,,1,,false,ACTIVE,EA,,VALID,CURRENT,coolit-synthetic-v2.0.0,ALL_SYNTHETIC_CUSTOMERS,ALL_SYNTHETIC_PROGRAMS,P-COMP-074,SYNTHETIC_INTERNAL,SNP-COOLIT-20260925-BL,SCN-BASELINE,INVTX-0116-3,CYCLE_COUNT_ADJUSTMENT,P-COMP-074,0,EA,LOT-P-COMP-074-A,LOC-SUPERMARKET,,,,2026-09-25T12:00:00-06:00,,COUNT_RECONCILIATION
TEN-COOLIT-SYN-001,SITE-COOLIT-SYN-01,ERP,INVENTORY_TRANSACTION,INVTX-0117-1,INVTX-0117-1,RESOLVED,2026-07-25T10:14:00-06:00,2026-09-26T08:00:00-06:00,2026-06-29T00:00:00-06:00,,1,,false,ACTIVE,EA,,VALID,CURRENT,coolit-synthetic-v2.0.0,ALL_SYNTHETIC_CUSTOMERS,ALL_SYNTHETIC_PROGRAMS,P-COMP-075,SYNTHETIC_INTERNAL,SNP-COOLIT-20260925-BL,SCN-BASELINE,INVTX-0117-1,RECEIPT,P-COMP-075,31,EA,LOT-P-COMP-075-A,LOC-SUPERMARKET,,PO-SCH-0027,,2026-07-25T10:14:00-06:00,,STANDARD_FLOW
TEN-COOLIT-SYN-001,SITE-COOLIT-SYN-01,ERP,INVENTORY_TRANSACTION,INVTX-0117-2,INVTX-0117-2,RESOLVED,2026-09-05T11:20:00-06:00,2026-09-26T08:00:00-06:00,2026-06-29T00:00:00-06:00,,1,,false,ACTIVE,EA,,VALID,CURRENT,coolit-synthetic-v2.0.0,ALL_SYNTHETIC_CUSTOMERS,ALL_SYNTHETIC_PROGRAMS,P-COMP-075,SYNTHETIC_INTERNAL,SNP-COOLIT-20260925-BL,SCN-BASELINE,INVTX-0117-2,MATERIAL_ISSUE,P-COMP-075,-52,EA,LOT-P-COMP-075-A,LOC-SUPERMARKET,WO-0037,,,2026-09-05T11:20:00-06:00,,STANDARD_FLOW
TEN-COOLIT-SYN-001,SITE-COOLIT-SYN-01,ERP,INVENTORY_TRANSACTION,INVTX-0117-3,INVTX-0117-3,RESOLVED,2026-09-25T12:00:00-06:00,2026-09-26T08:00:00-06:00,2026-06-29T00:00:00-06:00,,1,,false,ACTIVE,EA,,VALID,CURRENT,coolit-synthetic-v2.0.0,ALL_SYNTHETIC_CUSTOMERS,ALL_SYNTHETIC_PROGRAMS,P-COMP-075,SYNTHETIC_INTERNAL,SNP-COOLIT-20260925-BL,SCN-BASELINE,INVTX-0117-3,CYCLE_COUNT_ADJUSTMENT,P-COMP-075,0,EA,LOT-P-COMP-075-A,LOC-SUPERMARKET,,,,2026-09-25T12:00:00-06:00,,COUNT_RECONCILIATION
TEN-COOLIT-SYN-001,SITE-COOLIT-SYN-01,ERP,INVENTORY_TRANSACTION,INVTX-0118-1,INVTX-0118-1,RESOLVED,2026-07-17T10:10:00-06:00,2026-09-26T08:00:00-06:00,2026-06-29T00:00:00-06:00,,1,,false,ACTIVE,EA,,VALID,CURRENT,coolit-synthetic-v2.0.0,ALL_SYNTHETIC_CUSTOMERS,ALL_SYNTHETIC_PROGRAMS,P-COMP-076,SYNTHETIC_INTERNAL,SNP-COOLIT-20260925-BL,SCN-BASELINE,INVTX-0118-1,RECEIPT,P-COMP-076,32,EA,LOT-P-COMP-076-A,LOC-SUPERMARKET,,PO-SCH-0028,,2026-07-17T10:10:00-06:00,,STANDARD_FLOW
TEN-COOLIT-SYN-001,SITE-COOLIT-SYN-01,ERP,INVENTORY_TRANSACTION,INVTX-0118-2,INVTX-0118-2,RESOLVED,2026-08-28T11:16:00-06:00,2026-09-26T08:00:00-06:00,2026-06-29T00:00:00-06:00,,1,,false,ACTIVE,EA,,VALID,CURRENT,coolit-synthetic-v2.0.0,ALL_SYNTHETIC_CUSTOMERS,ALL_SYNTHETIC_PROGRAMS,P-COMP-076,SYNTHETIC_INTERNAL,SNP-COOLIT-20260925-BL,SCN-BASELINE,INVTX-0118-2,MATERIAL_ISSUE,P-COMP-076,-53,EA,LOT-P-COMP-076-A,LOC-SUPERMARKET,WO-0038,,,2026-08-28T11:16:00-06:00,,STANDARD_FLOW
TEN-COOLIT-SYN-001,SITE-COOLIT-SYN-01,ERP,INVENTORY_TRANSACTION,INVTX-0118-3,INVTX-0118-3,RESOLVED,2026-09-19T12:42:00-06:00,2026-09-26T08:00:00-06:00,2026-06-29T00:00:00-06:00,,1,,false,ACTIVE,EA,,VALID,CURRENT,coolit-synthetic-v2.0.0,ALL_SYNTHETIC_CUSTOMERS,ALL_SYNTHETIC_PROGRAMS,P-COMP-076,SYNTHETIC_INTERNAL,SNP-COOLIT-20260925-BL,SCN-BASELINE,INVTX-0118-3,CYCLE_COUNT_ADJUSTMENT,P-COMP-076,0,EA,LOT-P-COMP-076-A,LOC-SUPERMARKET,,,,2026-09-19T12:42:00-06:00,,COUNT_RECONCILIATION
TEN-COOLIT-SYN-001,SITE-COOLIT-SYN-01,ERP,INVENTORY_TRANSACTION,INVTX-0119-1,INVTX-0119-1,RESOLVED,2026-07-18T10:03:00-06:00,2026-09-26T08:00:00-06:00,2026-06-29T00:00:00-06:00,,1,,false,ACTIVE,EA,,VALID,CURRENT,coolit-synthetic-v2.0.0,ALL_SYNTHETIC_CUSTOMERS,ALL_SYNTHETIC_PROGRAMS,P-COMP-077,SYNTHETIC_INTERNAL,SNP-COOLIT-20260925-BL,SCN-BASELINE,INVTX-0119-1,RECEIPT,P-COMP-077,33,EA,LOT-P-COMP-077-A,LOC-SUPERMARKET,,PO-SCH-0029,,2026-07-18T10:03:00-06:00,,STANDARD_FLOW
TEN-COOLIT-SYN-001,SITE-COOLIT-SYN-01,ERP,INVENTORY_TRANSACTION,INVTX-0119-2,INVTX-0119-2,RESOLVED,2026-08-29T11:09:00-06:00,2026-09-26T08:00:00-06:00,2026-06-29T00:00:00-06:00,,1,,false,ACTIVE,EA,,VALID,CURRENT,coolit-synthetic-v2.0.0,ALL_SYNTHETIC_CUSTOMERS,ALL_SYNTHETIC_PROGRAMS,P-COMP-077,SYNTHETIC_INTERNAL,SNP-COOLIT-20260925-BL,SCN-BASELINE,INVTX-0119-2,MATERIAL_ISSUE,P-COMP-077,-54,EA,LOT-P-COMP-077-A,LOC-SUPERMARKET,WO-0039,,,2026-08-29T11:09:00-06:00,,STANDARD_FLOW
TEN-COOLIT-SYN-001,SITE-COOLIT-SYN-01,ERP,INVENTORY_TRANSACTION,INVTX-0119-3,INVTX-0119-3,RESOLVED,2026-09-20T12:35:00-06:00,2026-09-26T08:00:00-06:00,2026-06-29T00:00:00-06:00,,1,,false,ACTIVE,EA,,VALID,CURRENT,coolit-synthetic-v2.0.0,ALL_SYNTHETIC_CUSTOMERS,ALL_SYNTHETIC_PROGRAMS,P-COMP-077,SYNTHETIC_INTERNAL,SNP-COOLIT-20260925-BL,SCN-BASELINE,INVTX-0119-3,CYCLE_COUNT_ADJUSTMENT,P-COMP-077,0,EA,LOT-P-COMP-077-A,LOC-SUPERMARKET,,,,2026-09-20T12:35:00-06:00,,COUNT_RECONCILIATION
TEN-COOLIT-SYN-001,SITE-COOLIT-SYN-01,ERP,INVENTORY_TRANSACTION,INVTX-0120-1,INVTX-0120-1,RESOLVED,2026-07-19T10:56:00-06:00,2026-09-26T08:00:00-06:00,2026-06-29T00:00:00-06:00,,1,,false,ACTIVE,EA,,VALID,CURRENT,coolit-synthetic-v2.0.0,ALL_SYNTHETIC_CUSTOMERS,ALL_SYNTHETIC_PROGRAMS,P-COMP-078,SYNTHETIC_INTERNAL,SNP-COOLIT-20260925-BL,SCN-BASELINE,INVTX-0120-1,RECEIPT,P-COMP-078,34,EA,LOT-P-COMP-078-A,LOC-SUPERMARKET,,PO-SCH-0030,,2026-07-19T10:56:00-06:00,,STANDARD_FLOW
TEN-COOLIT-SYN-001,SITE-COOLIT-SYN-01,ERP,INVENTORY_TRANSACTION,INVTX-0120-2,INVTX-0120-2,RESOLVED,2026-08-30T11:02:00-06:00,2026-09-26T08:00:00-06:00,2026-06-29T00:00:00-06:00,,1,,false,ACTIVE,EA,,VALID,CURRENT,coolit-synthetic-v2.0.0,ALL_SYNTHETIC_CUSTOMERS,ALL_SYNTHETIC_PROGRAMS,P-COMP-078,SYNTHETIC_INTERNAL,SNP-COOLIT-20260925-BL,SCN-BASELINE,INVTX-0120-2,MATERIAL_ISSUE,P-COMP-078,-55,EA,LOT-P-COMP-078-A,LOC-SUPERMARKET,WO-0040,,,2026-08-30T11:02:00-06:00,,STANDARD_FLOW
TEN-COOLIT-SYN-001,SITE-COOLIT-SYN-01,ERP,INVENTORY_TRANSACTION,INVTX-0120-3,INVTX-0120-3,RESOLVED,2026-09-21T12:28:00-06:00,2026-09-26T08:00:00-06:00,2026-06-29T00:00:00-06:00,,1,,false,ACTIVE,EA,,VALID,CURRENT,coolit-synthetic-v2.0.0,ALL_SYNTHETIC_CUSTOMERS,ALL_SYNTHETIC_PROGRAMS,P-COMP-078,SYNTHETIC_INTERNAL,SNP-COOLIT-20260925-BL,SCN-BASELINE,INVTX-0120-3,CYCLE_COUNT_ADJUSTMENT,P-COMP-078,-2,EA,LOT-P-COMP-078-A,LOC-SUPERMARKET,,,,2026-09-21T12:28:00-06:00,,COUNT_RECONCILIATION
TEN-COOLIT-SYN-001,SITE-COOLIT-SYN-01,ERP,INVENTORY_TRANSACTION,INVTX-0121-1,INVTX-0121-1,RESOLVED,2026-07-20T10:49:00-06:00,2026-09-26T08:00:00-06:00,2026-06-29T00:00:00-06:00,,1,,false,ACTIVE,EA,,VALID,CURRENT,coolit-synthetic-v2.0.0,ALL_SYNTHETIC_CUSTOMERS,ALL_SYNTHETIC_PROGRAMS,P-COMP-079,SYNTHETIC_INTERNAL,SNP-COOLIT-20260925-BL,SCN-BASELINE,INVTX-0121-1,RECEIPT,P-COMP-079,35,EA,,LOC-SUPERMARKET,,PO-SCH-0031,,2026-07-20T10:49:00-06:00,,STANDARD_FLOW
TEN-COOLIT-SYN-001,SITE-COOLIT-SYN-01,ERP,INVENTORY_TRANSACTION,INVTX-0121-2,INVTX-0121-2,RESOLVED,2026-08-31T11:55:00-06:00,2026-09-26T08:00:00-06:00,2026-06-29T00:00:00-06:00,,1,,false,ACTIVE,EA,,VALID,CURRENT,coolit-synthetic-v2.0.0,ALL_SYNTHETIC_CUSTOMERS,ALL_SYNTHETIC_PROGRAMS,P-COMP-079,SYNTHETIC_INTERNAL,SNP-COOLIT-20260925-BL,SCN-BASELINE,INVTX-0121-2,MATERIAL_ISSUE,P-COMP-079,-56,EA,,LOC-SUPERMARKET,WO-0001,,,2026-08-31T11:55:00-06:00,,STANDARD_FLOW
TEN-COOLIT-SYN-001,SITE-COOLIT-SYN-01,ERP,INVENTORY_TRANSACTION,INVTX-0121-3,INVTX-0121-3,RESOLVED,2026-09-22T12:21:00-06:00,2026-09-26T08:00:00-06:00,2026-06-29T00:00:00-06:00,,1,,false,ACTIVE,EA,,VALID,CURRENT,coolit-synthetic-v2.0.0,ALL_SYNTHETIC_CUSTOMERS,ALL_SYNTHETIC_PROGRAMS,P-COMP-079,SYNTHETIC_INTERNAL,SNP-COOLIT-20260925-BL,SCN-BASELINE,INVTX-0121-3,CYCLE_COUNT_ADJUSTMENT,P-COMP-079,0,EA,,LOC-SUPERMARKET,,,,2026-09-22T12:21:00-06:00,,COUNT_RECONCILIATION
TEN-COOLIT-SYN-001,SITE-COOLIT-SYN-01,ERP,INVENTORY_TRANSACTION,INVTX-0122-1,INVTX-0122-1,RESOLVED,2026-07-21T10:42:00-06:00,2026-09-26T08:00:00-06:00,2026-06-29T00:00:00-06:00,,1,,false,ACTIVE,EA,,VALID,CURRENT,coolit-synthetic-v2.0.0,ALL_SYNTHETIC_CUSTOMERS,ALL_SYNTHETIC_PROGRAMS,P-COMP-080,SYNTHETIC_INTERNAL,SNP-COOLIT-20260925-BL,SCN-BASELINE,INVTX-0122-1,RECEIPT,P-COMP-080,36,EA,,LOC-SUPERMARKET,,PO-SCH-0032,,2026-07-21T10:42:00-06:00,,STANDARD_FLOW
TEN-COOLIT-SYN-001,SITE-COOLIT-SYN-01,ERP,INVENTORY_TRANSACTION,INVTX-0122-2,INVTX-0122-2,RESOLVED,2026-09-01T11:48:00-06:00,2026-09-26T08:00:00-06:00,2026-06-29T00:00:00-06:00,,1,,false,ACTIVE,EA,,VALID,CURRENT,coolit-synthetic-v2.0.0,ALL_SYNTHETIC_CUSTOMERS,ALL_SYNTHETIC_PROGRAMS,P-COMP-080,SYNTHETIC_INTERNAL,SNP-COOLIT-20260925-BL,SCN-BASELINE,INVTX-0122-2,MATERIAL_ISSUE,P-COMP-080,-57,EA,,LOC-SUPERMARKET,WO-0002,,,2026-09-01T11:48:00-06:00,,STANDARD_FLOW
TEN-COOLIT-SYN-001,SITE-COOLIT-SYN-01,ERP,INVENTORY_TRANSACTION,INVTX-0122-3,INVTX-0122-3,RESOLVED,2026-09-23T12:14:00-06:00,2026-09-26T08:00:00-06:00,2026-06-29T00:00:00-06:00,,1,,false,ACTIVE,EA,,VALID,CURRENT,coolit-synthetic-v2.0.0,ALL_SYNTHETIC_CUSTOMERS,ALL_SYNTHETIC_PROGRAMS,P-COMP-080,SYNTHETIC_INTERNAL,SNP-COOLIT-20260925-BL,SCN-BASELINE,INVTX-0122-3,CYCLE_COUNT_ADJUSTMENT,P-COMP-080,0,EA,,LOC-SUPERMARKET,,,,2026-09-23T12:14:00-06:00,,COUNT_RECONCILIATION
TEN-COOLIT-SYN-001,SITE-COOLIT-SYN-01,ERP,INVENTORY_TRANSACTION,INVTX-0123-1,INVTX-0123-1,RESOLVED,2026-07-22T10:35:00-06:00,2026-09-26T08:00:00-06:00,2026-06-29T00:00:00-06:00,,1,,false,ACTIVE,EA,,VALID,CURRENT,coolit-synthetic-v2.0.0,ALL_SYNTHETIC_CUSTOMERS,ALL_SYNTHETIC_PROGRAMS,P-COMP-081,SYNTHETIC_INTERNAL,SNP-COOLIT-20260925-BL,SCN-BASELINE,INVTX-0123-1,RECEIPT,P-COMP-081,37,EA,LOT-P-COMP-081-A,LOC-SUPERMARKET,,PO-SCH-0033,,2026-07-22T10:35:00-06:00,,STANDARD_FLOW
TEN-COOLIT-SYN-001,SITE-COOLIT-SYN-01,ERP,INVENTORY_TRANSACTION,INVTX-0123-2,INVTX-0123-2,RESOLVED,2026-09-02T11:41:00-06:00,2026-09-26T08:00:00-06:00,2026-06-29T00:00:00-06:00,,1,,false,ACTIVE,EA,,VALID,CURRENT,coolit-synthetic-v2.0.0,ALL_SYNTHETIC_CUSTOMERS,ALL_SYNTHETIC_PROGRAMS,P-COMP-081,SYNTHETIC_INTERNAL,SNP-COOLIT-20260925-BL,SCN-BASELINE,INVTX-0123-2,MATERIAL_ISSUE,P-COMP-081,-58,EA,LOT-P-COMP-081-A,LOC-SUPERMARKET,WO-0003,,,2026-09-02T11:41:00-06:00,,STANDARD_FLOW
TEN-COOLIT-SYN-001,SITE-COOLIT-SYN-01,ERP,INVENTORY_TRANSACTION,INVTX-0123-3,INVTX-0123-3,RESOLVED,2026-09-24T12:07:00-06:00,2026-09-26T08:00:00-06:00,2026-06-29T00:00:00-06:00,,1,,false,ACTIVE,EA,,VALID,CURRENT,coolit-synthetic-v2.0.0,ALL_SYNTHETIC_CUSTOMERS,ALL_SYNTHETIC_PROGRAMS,P-COMP-081,SYNTHETIC_INTERNAL,SNP-COOLIT-20260925-BL,SCN-BASELINE,INVTX-0123-3,CYCLE_COUNT_ADJUSTMENT,P-COMP-081,0,EA,LOT-P-COMP-081-A,LOC-SUPERMARKET,,,,2026-09-24T12:07:00-06:00,,COUNT_RECONCILIATION
TEN-COOLIT-SYN-001,SITE-COOLIT-SYN-01,ERP,INVENTORY_TRANSACTION,INVTX-0124-1,INVTX-0124-1,RESOLVED,2026-07-23T10:28:00-06:00,2026-09-26T08:00:00-06:00,2026-06-29T00:00:00-06:00,,1,,false,ACTIVE,EA,,VALID,CURRENT,coolit-synthetic-v2.0.0,ALL_SYNTHETIC_CUSTOMERS,ALL_SYNTHETIC_PROGRAMS,P-COMP-082,SYNTHETIC_INTERNAL,SNP-COOLIT-20260925-BL,SCN-BASELINE,INVTX-0124-1,RECEIPT,P-COMP-082,38,EA,LOT-P-COMP-082-A,LOC-SUPERMARKET,,PO-SCH-0034,,2026-07-23T10:28:00-06:00,,STANDARD_FLOW
TEN-COOLIT-SYN-001,SITE-COOLIT-SYN-01,ERP,INVENTORY_TRANSACTION,INVTX-0124-2,INVTX-0124-2,RESOLVED,2026-09-03T11:34:00-06:00,2026-09-26T08:00:00-06:00,2026-06-29T00:00:00-06:00,,1,,false,ACTIVE,EA,,VALID,CURRENT,coolit-synthetic-v2.0.0,ALL_SYNTHETIC_CUSTOMERS,ALL_SYNTHETIC_PROGRAMS,P-COMP-082,SYNTHETIC_INTERNAL,SNP-COOLIT-20260925-BL,SCN-BASELINE,INVTX-0124-2,MATERIAL_ISSUE,P-COMP-082,-18,EA,LOT-P-COMP-082-A,LOC-SUPERMARKET,WO-0004,,,2026-09-03T11:34:00-06:00,,STANDARD_FLOW
TEN-COOLIT-SYN-001,SITE-COOLIT-SYN-01,ERP,INVENTORY_TRANSACTION,INVTX-0124-3,INVTX-0124-3,RESOLVED,2026-09-25T12:00:00-06:00,2026-09-26T08:00:00-06:00,2026-06-29T00:00:00-06:00,,1,,false,ACTIVE,EA,,VALID,CURRENT,coolit-synthetic-v2.0.0,ALL_SYNTHETIC_CUSTOMERS,ALL_SYNTHETIC_PROGRAMS,P-COMP-082,SYNTHETIC_INTERNAL,SNP-COOLIT-20260925-BL,SCN-BASELINE,INVTX-0124-3,CYCLE_COUNT_ADJUSTMENT,P-COMP-082,0,EA,LOT-P-COMP-082-A,LOC-SUPERMARKET,,,,2026-09-25T12:00:00-06:00,,COUNT_RECONCILIATION
TEN-COOLIT-SYN-001,SITE-COOLIT-SYN-01,ERP,INVENTORY_TRANSACTION,INVTX-0125-1,INVTX-0125-1,RESOLVED,2026-07-24T10:21:00-06:00,2026-09-26T08:00:00-06:00,2026-06-29T00:00:00-06:00,,1,,false,ACTIVE,EA,,VALID,CURRENT,coolit-synthetic-v2.0.0,ALL_SYNTHETIC_CUSTOMERS,ALL_SYNTHETIC_PROGRAMS,P-COMP-083,SYNTHETIC_INTERNAL,SNP-COOLIT-20260925-BL,SCN-BASELINE,INVTX-0125-1,RECEIPT,P-COMP-083,39,EA,LOT-P-COMP-083-A,LOC-SUPERMARKET,,PO-SCH-0035,,2026-07-24T10:21:00-06:00,,STANDARD_FLOW
TEN-COOLIT-SYN-001,SITE-COOLIT-SYN-01,ERP,INVENTORY_TRANSACTION,INVTX-0125-2,INVTX-0125-2,RESOLVED,2026-09-04T11:27:00-06:00,2026-09-26T08:00:00-06:00,2026-06-29T00:00:00-06:00,,1,,false,ACTIVE,EA,,VALID,CURRENT,coolit-synthetic-v2.0.0,ALL_SYNTHETIC_CUSTOMERS,ALL_SYNTHETIC_PROGRAMS,P-COMP-083,SYNTHETIC_INTERNAL,SNP-COOLIT-20260925-BL,SCN-BASELINE,INVTX-0125-2,MATERIAL_ISSUE,P-COMP-083,-19,EA,LOT-P-COMP-083-A,LOC-SUPERMARKET,WO-0005,,,2026-09-04T11:27:00-06:00,,STANDARD_FLOW
TEN-COOLIT-SYN-001,SITE-COOLIT-SYN-01,ERP,INVENTORY_TRANSACTION,INVTX-0125-3,INVTX-0125-3,RESOLVED,2026-09-25T12:00:00-06:00,2026-09-26T08:00:00-06:00,2026-06-29T00:00:00-06:00,,1,,false,ACTIVE,EA,,VALID,CURRENT,coolit-synthetic-v2.0.0,ALL_SYNTHETIC_CUSTOMERS,ALL_SYNTHETIC_PROGRAMS,P-COMP-083,SYNTHETIC_INTERNAL,SNP-COOLIT-20260925-BL,SCN-BASELINE,INVTX-0125-3,CYCLE_COUNT_ADJUSTMENT,P-COMP-083,0,EA,LOT-P-COMP-083-A,LOC-SUPERMARKET,,,,2026-09-25T12:00:00-06:00,,COUNT_RECONCILIATION
TEN-COOLIT-SYN-001,SITE-COOLIT-SYN-01,ERP,INVENTORY_TRANSACTION,INVTX-0126-1,INVTX-0126-1,RESOLVED,2026-07-25T10:14:00-06:00,2026-09-26T08:00:00-06:00,2026-06-29T00:00:00-06:00,,1,,false,ACTIVE,EA,,VALID,CURRENT,coolit-synthetic-v2.0.0,ALL_SYNTHETIC_CUSTOMERS,ALL_SYNTHETIC_PROGRAMS,P-COMP-084,SYNTHETIC_INTERNAL,SNP-COOLIT-20260925-BL,SCN-BASELINE,INVTX-0126-1,RECEIPT,P-COMP-084,40,EA,LOT-P-COMP-084-A,LOC-SUPERMARKET,,PO-SCH-0036,,2026-07-25T10:14:00-06:00,,STANDARD_FLOW
TEN-COOLIT-SYN-001,SITE-COOLIT-SYN-01,ERP,INVENTORY_TRANSACTION,INVTX-0126-2,INVTX-0126-2,RESOLVED,2026-09-05T11:20:00-06:00,2026-09-26T08:00:00-06:00,2026-06-29T00:00:00-06:00,,1,,false,ACTIVE,EA,,VALID,CURRENT,coolit-synthetic-v2.0.0,ALL_SYNTHETIC_CUSTOMERS,ALL_SYNTHETIC_PROGRAMS,P-COMP-084,SYNTHETIC_INTERNAL,SNP-COOLIT-20260925-BL,SCN-BASELINE,INVTX-0126-2,MATERIAL_ISSUE,P-COMP-084,-20,EA,LOT-P-COMP-084-A,LOC-SUPERMARKET,WO-0006,,,2026-09-05T11:20:00-06:00,,STANDARD_FLOW
TEN-COOLIT-SYN-001,SITE-COOLIT-SYN-01,ERP,INVENTORY_TRANSACTION,INVTX-0126-3,INVTX-0126-3,RESOLVED,2026-09-25T12:00:00-06:00,2026-09-26T08:00:00-06:00,2026-06-29T00:00:00-06:00,,1,,false,ACTIVE,EA,,VALID,CURRENT,coolit-synthetic-v2.0.0,ALL_SYNTHETIC_CUSTOMERS,ALL_SYNTHETIC_PROGRAMS,P-COMP-084,SYNTHETIC_INTERNAL,SNP-COOLIT-20260925-BL,SCN-BASELINE,INVTX-0126-3,CYCLE_COUNT_ADJUSTMENT,P-COMP-084,0,EA,LOT-P-COMP-084-A,LOC-SUPERMARKET,,,,2026-09-25T12:00:00-06:00,,COUNT_RECONCILIATION
TEN-COOLIT-SYN-001,SITE-COOLIT-SYN-01,ERP,INVENTORY_TRANSACTION,INVTX-0127-1,INVTX-0127-1,RESOLVED,2026-07-17T10:10:00-06:00,2026-09-26T08:00:00-06:00,2026-06-29T00:00:00-06:00,,1,,false,ACTIVE,EA,,VALID,CURRENT,coolit-synthetic-v2.0.0,ALL_SYNTHETIC_CUSTOMERS,ALL_SYNTHETIC_PROGRAMS,P-COMP-085,SYNTHETIC_INTERNAL,SNP-COOLIT-20260925-BL,SCN-BASELINE,INVTX-0127-1,RECEIPT,P-COMP-085,41,EA,LOT-P-COMP-085-A,LOC-SUPERMARKET,,PO-SCH-0037,,2026-07-17T10:10:00-06:00,,STANDARD_FLOW
TEN-COOLIT-SYN-001,SITE-COOLIT-SYN-01,ERP,INVENTORY_TRANSACTION,INVTX-0127-2,INVTX-0127-2,RESOLVED,2026-08-28T11:16:00-06:00,2026-09-26T08:00:00-06:00,2026-06-29T00:00:00-06:00,,1,,false,ACTIVE,EA,,VALID,CURRENT,coolit-synthetic-v2.0.0,ALL_SYNTHETIC_CUSTOMERS,ALL_SYNTHETIC_PROGRAMS,P-COMP-085,SYNTHETIC_INTERNAL,SNP-COOLIT-20260925-BL,SCN-BASELINE,INVTX-0127-2,MATERIAL_ISSUE,P-COMP-085,-21,EA,LOT-P-COMP-085-A,LOC-SUPERMARKET,WO-0007,,,2026-08-28T11:16:00-06:00,,STANDARD_FLOW
TEN-COOLIT-SYN-001,SITE-COOLIT-SYN-01,ERP,INVENTORY_TRANSACTION,INVTX-0127-3,INVTX-0127-3,RESOLVED,2026-09-19T12:42:00-06:00,2026-09-26T08:00:00-06:00,2026-06-29T00:00:00-06:00,,1,,false,ACTIVE,EA,,VALID,CURRENT,coolit-synthetic-v2.0.0,ALL_SYNTHETIC_CUSTOMERS,ALL_SYNTHETIC_PROGRAMS,P-COMP-085,SYNTHETIC_INTERNAL,SNP-COOLIT-20260925-BL,SCN-BASELINE,INVTX-0127-3,CYCLE_COUNT_ADJUSTMENT,P-COMP-085,0,EA,LOT-P-COMP-085-A,LOC-SUPERMARKET,,,,2026-09-19T12:42:00-06:00,,COUNT_RECONCILIATION
TEN-COOLIT-SYN-001,SITE-COOLIT-SYN-01,ERP,INVENTORY_TRANSACTION,INVTX-0128-1,INVTX-0128-1,RESOLVED,2026-07-18T10:03:00-06:00,2026-09-26T08:00:00-06:00,2026-06-29T00:00:00-06:00,,1,,false,ACTIVE,EA,,VALID,CURRENT,coolit-synthetic-v2.0.0,ALL_SYNTHETIC_CUSTOMERS,ALL_SYNTHETIC_PROGRAMS,P-COMP-086,SYNTHETIC_INTERNAL,SNP-COOLIT-20260925-BL,SCN-BASELINE,INVTX-0128-1,RECEIPT,P-COMP-086,42,EA,LOT-P-COMP-086-A,LOC-SUPERMARKET,,PO-SCH-0038,,2026-07-18T10:03:00-06:00,,STANDARD_FLOW
TEN-COOLIT-SYN-001,SITE-COOLIT-SYN-01,ERP,INVENTORY_TRANSACTION,INVTX-0128-2,INVTX-0128-2,RESOLVED,2026-08-29T11:09:00-06:00,2026-09-26T08:00:00-06:00,2026-06-29T00:00:00-06:00,,1,,false,ACTIVE,EA,,VALID,CURRENT,coolit-synthetic-v2.0.0,ALL_SYNTHETIC_CUSTOMERS,ALL_SYNTHETIC_PROGRAMS,P-COMP-086,SYNTHETIC_INTERNAL,SNP-COOLIT-20260925-BL,SCN-BASELINE,INVTX-0128-2,MATERIAL_ISSUE,P-COMP-086,-22,EA,LOT-P-COMP-086-A,LOC-SUPERMARKET,WO-0008,,,2026-08-29T11:09:00-06:00,,STANDARD_FLOW
TEN-COOLIT-SYN-001,SITE-COOLIT-SYN-01,ERP,INVENTORY_TRANSACTION,INVTX-0128-3,INVTX-0128-3,RESOLVED,2026-09-20T12:35:00-06:00,2026-09-26T08:00:00-06:00,2026-06-29T00:00:00-06:00,,1,,false,ACTIVE,EA,,VALID,CURRENT,coolit-synthetic-v2.0.0,ALL_SYNTHETIC_CUSTOMERS,ALL_SYNTHETIC_PROGRAMS,P-COMP-086,SYNTHETIC_INTERNAL,SNP-COOLIT-20260925-BL,SCN-BASELINE,INVTX-0128-3,CYCLE_COUNT_ADJUSTMENT,P-COMP-086,0,EA,LOT-P-COMP-086-A,LOC-SUPERMARKET,,,,2026-09-20T12:35:00-06:00,,COUNT_RECONCILIATION
TEN-COOLIT-SYN-001,SITE-COOLIT-SYN-01,ERP,INVENTORY_TRANSACTION,INVTX-0129-1,INVTX-0129-1,RESOLVED,2026-07-19T10:56:00-06:00,2026-09-26T08:00:00-06:00,2026-06-29T00:00:00-06:00,,1,,false,ACTIVE,EA,,VALID,CURRENT,coolit-synthetic-v2.0.0,ALL_SYNTHETIC_CUSTOMERS,ALL_SYNTHETIC_PROGRAMS,P-COMP-087,SYNTHETIC_INTERNAL,SNP-COOLIT-20260925-BL,SCN-BASELINE,INVTX-0129-1,RECEIPT,P-COMP-087,43,EA,LOT-P-COMP-087-A,LOC-SUPERMARKET,,PO-SCH-0039,,2026-07-19T10:56:00-06:00,,STANDARD_FLOW
TEN-COOLIT-SYN-001,SITE-COOLIT-SYN-01,ERP,INVENTORY_TRANSACTION,INVTX-0129-2,INVTX-0129-2,RESOLVED,2026-08-30T11:02:00-06:00,2026-09-26T08:00:00-06:00,2026-06-29T00:00:00-06:00,,1,,false,ACTIVE,EA,,VALID,CURRENT,coolit-synthetic-v2.0.0,ALL_SYNTHETIC_CUSTOMERS,ALL_SYNTHETIC_PROGRAMS,P-COMP-087,SYNTHETIC_INTERNAL,SNP-COOLIT-20260925-BL,SCN-BASELINE,INVTX-0129-2,MATERIAL_ISSUE,P-COMP-087,-23,EA,LOT-P-COMP-087-A,LOC-SUPERMARKET,WO-0009,,,2026-08-30T11:02:00-06:00,,STANDARD_FLOW
TEN-COOLIT-SYN-001,SITE-COOLIT-SYN-01,ERP,INVENTORY_TRANSACTION,INVTX-0129-3,INVTX-0129-3,RESOLVED,2026-09-21T12:28:00-06:00,2026-09-26T08:00:00-06:00,2026-06-29T00:00:00-06:00,,1,,false,ACTIVE,EA,,VALID,CURRENT,coolit-synthetic-v2.0.0,ALL_SYNTHETIC_CUSTOMERS,ALL_SYNTHETIC_PROGRAMS,P-COMP-087,SYNTHETIC_INTERNAL,SNP-COOLIT-20260925-BL,SCN-BASELINE,INVTX-0129-3,CYCLE_COUNT_ADJUSTMENT,P-COMP-087,0,EA,LOT-P-COMP-087-A,LOC-SUPERMARKET,,,,2026-09-21T12:28:00-06:00,,COUNT_RECONCILIATION
TEN-COOLIT-SYN-001,SITE-COOLIT-SYN-01,ERP,INVENTORY_TRANSACTION,INVTX-0130-1,INVTX-0130-1,RESOLVED,2026-07-20T10:49:00-06:00,2026-09-26T08:00:00-06:00,2026-06-29T00:00:00-06:00,,1,,false,ACTIVE,EA,,VALID,CURRENT,coolit-synthetic-v2.0.0,ALL_SYNTHETIC_CUSTOMERS,ALL_SYNTHETIC_PROGRAMS,P-COMP-088,SYNTHETIC_INTERNAL,SNP-COOLIT-20260925-BL,SCN-BASELINE,INVTX-0130-1,RECEIPT,P-COMP-088,44,EA,LOT-P-COMP-088-A,LOC-SUPERMARKET,,PO-SCH-0040,,2026-07-20T10:49:00-06:00,,STANDARD_FLOW
TEN-COOLIT-SYN-001,SITE-COOLIT-SYN-01,ERP,INVENTORY_TRANSACTION,INVTX-0130-2,INVTX-0130-2,RESOLVED,2026-08-31T11:55:00-06:00,2026-09-26T08:00:00-06:00,2026-06-29T00:00:00-06:00,,1,,false,ACTIVE,EA,,VALID,CURRENT,coolit-synthetic-v2.0.0,ALL_SYNTHETIC_CUSTOMERS,ALL_SYNTHETIC_PROGRAMS,P-COMP-088,SYNTHETIC_INTERNAL,SNP-COOLIT-20260925-BL,SCN-BASELINE,INVTX-0130-2,MATERIAL_ISSUE,P-COMP-088,-24,EA,LOT-P-COMP-088-A,LOC-SUPERMARKET,WO-0010,,,2026-08-31T11:55:00-06:00,,STANDARD_FLOW
TEN-COOLIT-SYN-001,SITE-COOLIT-SYN-01,ERP,INVENTORY_TRANSACTION,INVTX-0130-3,INVTX-0130-3,RESOLVED,2026-09-22T12:21:00-06:00,2026-09-26T08:00:00-06:00,2026-06-29T00:00:00-06:00,,1,,false,ACTIVE,EA,,VALID,CURRENT,coolit-synthetic-v2.0.0,ALL_SYNTHETIC_CUSTOMERS,ALL_SYNTHETIC_PROGRAMS,P-COMP-088,SYNTHETIC_INTERNAL,SNP-COOLIT-20260925-BL,SCN-BASELINE,INVTX-0130-3,CYCLE_COUNT_ADJUSTMENT,P-COMP-088,0,EA,LOT-P-COMP-088-A,LOC-SUPERMARKET,,,,2026-09-22T12:21:00-06:00,,COUNT_RECONCILIATION
TEN-COOLIT-SYN-001,SITE-COOLIT-SYN-01,ERP,INVENTORY_TRANSACTION,INVTX-0131-1,INVTX-0131-1,RESOLVED,2026-07-21T10:42:00-06:00,2026-09-26T08:00:00-06:00,2026-06-29T00:00:00-06:00,,1,,false,ACTIVE,EA,,VALID,CURRENT,coolit-synthetic-v2.0.0,ALL_SYNTHETIC_CUSTOMERS,ALL_SYNTHETIC_PROGRAMS,P-COMP-089,SYNTHETIC_INTERNAL,SNP-COOLIT-20260925-BL,SCN-BASELINE,INVTX-0131-1,RECEIPT,P-COMP-089,45,EA,,LOC-SUPERMARKET,,PO-SCH-0041,,2026-07-21T10:42:00-06:00,,STANDARD_FLOW
TEN-COOLIT-SYN-001,SITE-COOLIT-SYN-01,ERP,INVENTORY_TRANSACTION,INVTX-0131-2,INVTX-0131-2,RESOLVED,2026-09-01T11:48:00-06:00,2026-09-26T08:00:00-06:00,2026-06-29T00:00:00-06:00,,1,,false,ACTIVE,EA,,VALID,CURRENT,coolit-synthetic-v2.0.0,ALL_SYNTHETIC_CUSTOMERS,ALL_SYNTHETIC_PROGRAMS,P-COMP-089,SYNTHETIC_INTERNAL,SNP-COOLIT-20260925-BL,SCN-BASELINE,INVTX-0131-2,MATERIAL_ISSUE,P-COMP-089,-25,EA,,LOC-SUPERMARKET,WO-0011,,,2026-09-01T11:48:00-06:00,,STANDARD_FLOW
TEN-COOLIT-SYN-001,SITE-COOLIT-SYN-01,ERP,INVENTORY_TRANSACTION,INVTX-0131-3,INVTX-0131-3,RESOLVED,2026-09-23T12:14:00-06:00,2026-09-26T08:00:00-06:00,2026-06-29T00:00:00-06:00,,1,,false,ACTIVE,EA,,VALID,CURRENT,coolit-synthetic-v2.0.0,ALL_SYNTHETIC_CUSTOMERS,ALL_SYNTHETIC_PROGRAMS,P-COMP-089,SYNTHETIC_INTERNAL,SNP-COOLIT-20260925-BL,SCN-BASELINE,INVTX-0131-3,CYCLE_COUNT_ADJUSTMENT,P-COMP-089,0,EA,,LOC-SUPERMARKET,,,,2026-09-23T12:14:00-06:00,,COUNT_RECONCILIATION
TEN-COOLIT-SYN-001,SITE-COOLIT-SYN-01,ERP,INVENTORY_TRANSACTION,INVTX-0132-1,INVTX-0132-1,RESOLVED,2026-07-22T10:35:00-06:00,2026-09-26T08:00:00-06:00,2026-06-29T00:00:00-06:00,,1,,false,ACTIVE,EA,,VALID,CURRENT,coolit-synthetic-v2.0.0,ALL_SYNTHETIC_CUSTOMERS,ALL_SYNTHETIC_PROGRAMS,P-COMP-090,SYNTHETIC_INTERNAL,SNP-COOLIT-20260925-BL,SCN-BASELINE,INVTX-0132-1,RECEIPT,P-COMP-090,46,EA,,LOC-SUPERMARKET,,PO-SCH-0042,,2026-07-22T10:35:00-06:00,,STANDARD_FLOW
TEN-COOLIT-SYN-001,SITE-COOLIT-SYN-01,ERP,INVENTORY_TRANSACTION,INVTX-0132-2,INVTX-0132-2,RESOLVED,2026-09-02T11:41:00-06:00,2026-09-26T08:00:00-06:00,2026-06-29T00:00:00-06:00,,1,,false,ACTIVE,EA,,VALID,CURRENT,coolit-synthetic-v2.0.0,ALL_SYNTHETIC_CUSTOMERS,ALL_SYNTHETIC_PROGRAMS,P-COMP-090,SYNTHETIC_INTERNAL,SNP-COOLIT-20260925-BL,SCN-BASELINE,INVTX-0132-2,MATERIAL_ISSUE,P-COMP-090,-26,EA,,LOC-SUPERMARKET,WO-0012,,,2026-09-02T11:41:00-06:00,,STANDARD_FLOW
TEN-COOLIT-SYN-001,SITE-COOLIT-SYN-01,ERP,INVENTORY_TRANSACTION,INVTX-0132-3,INVTX-0132-3,RESOLVED,2026-09-24T12:07:00-06:00,2026-09-26T08:00:00-06:00,2026-06-29T00:00:00-06:00,,1,,false,ACTIVE,EA,,VALID,CURRENT,coolit-synthetic-v2.0.0,ALL_SYNTHETIC_CUSTOMERS,ALL_SYNTHETIC_PROGRAMS,P-COMP-090,SYNTHETIC_INTERNAL,SNP-COOLIT-20260925-BL,SCN-BASELINE,INVTX-0132-3,CYCLE_COUNT_ADJUSTMENT,P-COMP-090,0,EA,,LOC-SUPERMARKET,,,,2026-09-24T12:07:00-06:00,,COUNT_RECONCILIATION
TEN-COOLIT-SYN-001,SITE-COOLIT-SYN-01,ERP,INVENTORY_TRANSACTION,INVTX-0133-1,INVTX-0133-1,RESOLVED,2026-07-23T10:28:00-06:00,2026-09-26T08:00:00-06:00,2026-06-29T00:00:00-06:00,,1,,false,ACTIVE,EA,,VALID,CURRENT,coolit-synthetic-v2.0.0,ALL_SYNTHETIC_CUSTOMERS,ALL_SYNTHETIC_PROGRAMS,P-COMP-091,SYNTHETIC_INTERNAL,SNP-COOLIT-20260925-BL,SCN-BASELINE,INVTX-0133-1,RECEIPT,P-COMP-091,47,EA,LOT-P-COMP-091-A,LOC-SUPERMARKET,,PO-SCH-0043,,2026-07-23T10:28:00-06:00,,STANDARD_FLOW
TEN-COOLIT-SYN-001,SITE-COOLIT-SYN-01,ERP,INVENTORY_TRANSACTION,INVTX-0133-2,INVTX-0133-2,RESOLVED,2026-09-03T11:34:00-06:00,2026-09-26T08:00:00-06:00,2026-06-29T00:00:00-06:00,,1,,false,ACTIVE,EA,,VALID,CURRENT,coolit-synthetic-v2.0.0,ALL_SYNTHETIC_CUSTOMERS,ALL_SYNTHETIC_PROGRAMS,P-COMP-091,SYNTHETIC_INTERNAL,SNP-COOLIT-20260925-BL,SCN-BASELINE,INVTX-0133-2,MATERIAL_ISSUE,P-COMP-091,-27,EA,LOT-P-COMP-091-A,LOC-SUPERMARKET,WO-0013,,,2026-09-03T11:34:00-06:00,,STANDARD_FLOW
TEN-COOLIT-SYN-001,SITE-COOLIT-SYN-01,ERP,INVENTORY_TRANSACTION,INVTX-0133-3,INVTX-0133-3,RESOLVED,2026-09-25T12:00:00-06:00,2026-09-26T08:00:00-06:00,2026-06-29T00:00:00-06:00,,1,,false,ACTIVE,EA,,VALID,CURRENT,coolit-synthetic-v2.0.0,ALL_SYNTHETIC_CUSTOMERS,ALL_SYNTHETIC_PROGRAMS,P-COMP-091,SYNTHETIC_INTERNAL,SNP-COOLIT-20260925-BL,SCN-BASELINE,INVTX-0133-3,CYCLE_COUNT_ADJUSTMENT,P-COMP-091,0,EA,LOT-P-COMP-091-A,LOC-SUPERMARKET,,,,2026-09-25T12:00:00-06:00,,COUNT_RECONCILIATION
TEN-COOLIT-SYN-001,SITE-COOLIT-SYN-01,ERP,INVENTORY_TRANSACTION,INVTX-0134-1,INVTX-0134-1,RESOLVED,2026-07-24T10:21:00-06:00,2026-09-26T08:00:00-06:00,2026-06-29T00:00:00-06:00,,1,,false,ACTIVE,EA,,VALID,CURRENT,coolit-synthetic-v2.0.0,ALL_SYNTHETIC_CUSTOMERS,ALL_SYNTHETIC_PROGRAMS,P-COMP-092,SYNTHETIC_INTERNAL,SNP-COOLIT-20260925-BL,SCN-BASELINE,INVTX-0134-1,RECEIPT,P-COMP-092,48,EA,LOT-P-COMP-092-A,LOC-SUPERMARKET,,PO-SCH-0044,,2026-07-24T10:21:00-06:00,,STANDARD_FLOW
TEN-COOLIT-SYN-001,SITE-COOLIT-SYN-01,ERP,INVENTORY_TRANSACTION,INVTX-0134-2,INVTX-0134-2,RESOLVED,2026-09-04T11:27:00-06:00,2026-09-26T08:00:00-06:00,2026-06-29T00:00:00-06:00,,1,,false,ACTIVE,EA,,VALID,CURRENT,coolit-synthetic-v2.0.0,ALL_SYNTHETIC_CUSTOMERS,ALL_SYNTHETIC_PROGRAMS,P-COMP-092,SYNTHETIC_INTERNAL,SNP-COOLIT-20260925-BL,SCN-BASELINE,INVTX-0134-2,MATERIAL_ISSUE,P-COMP-092,-28,EA,LOT-P-COMP-092-A,LOC-SUPERMARKET,WO-0014,,,2026-09-04T11:27:00-06:00,,STANDARD_FLOW
TEN-COOLIT-SYN-001,SITE-COOLIT-SYN-01,ERP,INVENTORY_TRANSACTION,INVTX-0134-3,INVTX-0134-3,RESOLVED,2026-09-25T12:00:00-06:00,2026-09-26T08:00:00-06:00,2026-06-29T00:00:00-06:00,,1,,false,ACTIVE,EA,,VALID,CURRENT,coolit-synthetic-v2.0.0,ALL_SYNTHETIC_CUSTOMERS,ALL_SYNTHETIC_PROGRAMS,P-COMP-092,SYNTHETIC_INTERNAL,SNP-COOLIT-20260925-BL,SCN-BASELINE,INVTX-0134-3,CYCLE_COUNT_ADJUSTMENT,P-COMP-092,1,EA,LOT-P-COMP-092-A,LOC-SUPERMARKET,,,,2026-09-25T12:00:00-06:00,,COUNT_RECONCILIATION
TEN-COOLIT-SYN-001,SITE-COOLIT-SYN-01,ERP,INVENTORY_TRANSACTION,INVTX-0135-1,INVTX-0135-1,RESOLVED,2026-07-25T10:14:00-06:00,2026-09-26T08:00:00-06:00,2026-06-29T00:00:00-06:00,,1,,false,ACTIVE,EA,,VALID,CURRENT,coolit-synthetic-v2.0.0,ALL_SYNTHETIC_CUSTOMERS,ALL_SYNTHETIC_PROGRAMS,P-COMP-093,SYNTHETIC_INTERNAL,SNP-COOLIT-20260925-BL,SCN-BASELINE,INVTX-0135-1,RECEIPT,P-COMP-093,49,EA,LOT-P-COMP-093-A,LOC-SUPERMARKET,,PO-SCH-0045,,2026-07-25T10:14:00-06:00,,STANDARD_FLOW
TEN-COOLIT-SYN-001,SITE-COOLIT-SYN-01,ERP,INVENTORY_TRANSACTION,INVTX-0135-2,INVTX-0135-2,RESOLVED,2026-09-05T11:20:00-06:00,2026-09-26T08:00:00-06:00,2026-06-29T00:00:00-06:00,,1,,false,ACTIVE,EA,,VALID,CURRENT,coolit-synthetic-v2.0.0,ALL_SYNTHETIC_CUSTOMERS,ALL_SYNTHETIC_PROGRAMS,P-COMP-093,SYNTHETIC_INTERNAL,SNP-COOLIT-20260925-BL,SCN-BASELINE,INVTX-0135-2,MATERIAL_ISSUE,P-COMP-093,-29,EA,LOT-P-COMP-093-A,LOC-SUPERMARKET,WO-0015,,,2026-09-05T11:20:00-06:00,,STANDARD_FLOW
TEN-COOLIT-SYN-001,SITE-COOLIT-SYN-01,ERP,INVENTORY_TRANSACTION,INVTX-0135-3,INVTX-0135-3,RESOLVED,2026-09-25T12:00:00-06:00,2026-09-26T08:00:00-06:00,2026-06-29T00:00:00-06:00,,1,,false,ACTIVE,EA,,VALID,CURRENT,coolit-synthetic-v2.0.0,ALL_SYNTHETIC_CUSTOMERS,ALL_SYNTHETIC_PROGRAMS,P-COMP-093,SYNTHETIC_INTERNAL,SNP-COOLIT-20260925-BL,SCN-BASELINE,INVTX-0135-3,CYCLE_COUNT_ADJUSTMENT,P-COMP-093,0,EA,LOT-P-COMP-093-A,LOC-SUPERMARKET,,,,2026-09-25T12:00:00-06:00,,COUNT_RECONCILIATION
TEN-COOLIT-SYN-001,SITE-COOLIT-SYN-01,ERP,INVENTORY_TRANSACTION,INVTX-0136-1,INVTX-0136-1,RESOLVED,2026-07-17T10:10:00-06:00,2026-09-26T08:00:00-06:00,2026-06-29T00:00:00-06:00,,1,,false,ACTIVE,EA,,VALID,CURRENT,coolit-synthetic-v2.0.0,ALL_SYNTHETIC_CUSTOMERS,ALL_SYNTHETIC_PROGRAMS,P-COMP-094,SYNTHETIC_INTERNAL,SNP-COOLIT-20260925-BL,SCN-BASELINE,INVTX-0136-1,RECEIPT,P-COMP-094,50,EA,LOT-P-COMP-094-A,LOC-SUPERMARKET,,PO-SCH-0046,,2026-07-17T10:10:00-06:00,,STANDARD_FLOW
TEN-COOLIT-SYN-001,SITE-COOLIT-SYN-01,ERP,INVENTORY_TRANSACTION,INVTX-0136-2,INVTX-0136-2,RESOLVED,2026-08-28T11:16:00-06:00,2026-09-26T08:00:00-06:00,2026-06-29T00:00:00-06:00,,1,,false,ACTIVE,EA,,VALID,CURRENT,coolit-synthetic-v2.0.0,ALL_SYNTHETIC_CUSTOMERS,ALL_SYNTHETIC_PROGRAMS,P-COMP-094,SYNTHETIC_INTERNAL,SNP-COOLIT-20260925-BL,SCN-BASELINE,INVTX-0136-2,MATERIAL_ISSUE,P-COMP-094,-30,EA,LOT-P-COMP-094-A,LOC-SUPERMARKET,WO-0016,,,2026-08-28T11:16:00-06:00,,STANDARD_FLOW
TEN-COOLIT-SYN-001,SITE-COOLIT-SYN-01,ERP,INVENTORY_TRANSACTION,INVTX-0136-3,INVTX-0136-3,RESOLVED,2026-09-19T12:42:00-06:00,2026-09-26T08:00:00-06:00,2026-06-29T00:00:00-06:00,,1,,false,ACTIVE,EA,,VALID,CURRENT,coolit-synthetic-v2.0.0,ALL_SYNTHETIC_CUSTOMERS,ALL_SYNTHETIC_PROGRAMS,P-COMP-094,SYNTHETIC_INTERNAL,SNP-COOLIT-20260925-BL,SCN-BASELINE,INVTX-0136-3,CYCLE_COUNT_ADJUSTMENT,P-COMP-094,0,EA,LOT-P-COMP-094-A,LOC-SUPERMARKET,,,,2026-09-19T12:42:00-06:00,,COUNT_RECONCILIATION
TEN-COOLIT-SYN-001,SITE-COOLIT-SYN-01,ERP,INVENTORY_TRANSACTION,INVTX-0137-1,INVTX-0137-1,RESOLVED,2026-07-18T10:03:00-06:00,2026-09-26T08:00:00-06:00,2026-06-29T00:00:00-06:00,,1,,false,ACTIVE,EA,,VALID,CURRENT,coolit-synthetic-v2.0.0,ALL_SYNTHETIC_CUSTOMERS,ALL_SYNTHETIC_PROGRAMS,P-COMP-095,SYNTHETIC_INTERNAL,SNP-COOLIT-20260925-BL,SCN-BASELINE,INVTX-0137-1,RECEIPT,P-COMP-095,51,EA,LOT-P-COMP-095-A,LOC-SUPERMARKET,,PO-SCH-0047,,2026-07-18T10:03:00-06:00,,STANDARD_FLOW
TEN-COOLIT-SYN-001,SITE-COOLIT-SYN-01,ERP,INVENTORY_TRANSACTION,INVTX-0137-2,INVTX-0137-2,RESOLVED,2026-08-29T11:09:00-06:00,2026-09-26T08:00:00-06:00,2026-06-29T00:00:00-06:00,,1,,false,ACTIVE,EA,,VALID,CURRENT,coolit-synthetic-v2.0.0,ALL_SYNTHETIC_CUSTOMERS,ALL_SYNTHETIC_PROGRAMS,P-COMP-095,SYNTHETIC_INTERNAL,SNP-COOLIT-20260925-BL,SCN-BASELINE,INVTX-0137-2,MATERIAL_ISSUE,P-COMP-095,-31,EA,LOT-P-COMP-095-A,LOC-SUPERMARKET,WO-0017,,,2026-08-29T11:09:00-06:00,,STANDARD_FLOW
TEN-COOLIT-SYN-001,SITE-COOLIT-SYN-01,ERP,INVENTORY_TRANSACTION,INVTX-0137-3,INVTX-0137-3,RESOLVED,2026-09-20T12:35:00-06:00,2026-09-26T08:00:00-06:00,2026-06-29T00:00:00-06:00,,1,,false,ACTIVE,EA,,VALID,CURRENT,coolit-synthetic-v2.0.0,ALL_SYNTHETIC_CUSTOMERS,ALL_SYNTHETIC_PROGRAMS,P-COMP-095,SYNTHETIC_INTERNAL,SNP-COOLIT-20260925-BL,SCN-BASELINE,INVTX-0137-3,CYCLE_COUNT_ADJUSTMENT,P-COMP-095,-2,EA,LOT-P-COMP-095-A,LOC-SUPERMARKET,,,,2026-09-20T12:35:00-06:00,,COUNT_RECONCILIATION
TEN-COOLIT-SYN-001,SITE-COOLIT-SYN-01,ERP,INVENTORY_TRANSACTION,INVTX-0138-1,INVTX-0138-1,RESOLVED,2026-07-19T10:56:00-06:00,2026-09-26T08:00:00-06:00,2026-06-29T00:00:00-06:00,,1,,false,ACTIVE,EA,,VALID,CURRENT,coolit-synthetic-v2.0.0,ALL_SYNTHETIC_CUSTOMERS,ALL_SYNTHETIC_PROGRAMS,P-COMP-096,SYNTHETIC_INTERNAL,SNP-COOLIT-20260925-BL,SCN-BASELINE,INVTX-0138-1,RECEIPT,P-COMP-096,52,EA,LOT-P-COMP-096-A,LOC-SUPERMARKET,,PO-SCH-0048,,2026-07-19T10:56:00-06:00,,STANDARD_FLOW
TEN-COOLIT-SYN-001,SITE-COOLIT-SYN-01,ERP,INVENTORY_TRANSACTION,INVTX-0138-2,INVTX-0138-2,RESOLVED,2026-08-30T11:02:00-06:00,2026-09-26T08:00:00-06:00,2026-06-29T00:00:00-06:00,,1,,false,ACTIVE,EA,,VALID,CURRENT,coolit-synthetic-v2.0.0,ALL_SYNTHETIC_CUSTOMERS,ALL_SYNTHETIC_PROGRAMS,P-COMP-096,SYNTHETIC_INTERNAL,SNP-COOLIT-20260925-BL,SCN-BASELINE,INVTX-0138-2,MATERIAL_ISSUE,P-COMP-096,-32,EA,LOT-P-COMP-096-A,LOC-SUPERMARKET,WO-0018,,,2026-08-30T11:02:00-06:00,,STANDARD_FLOW
TEN-COOLIT-SYN-001,SITE-COOLIT-SYN-01,ERP,INVENTORY_TRANSACTION,INVTX-0138-3,INVTX-0138-3,RESOLVED,2026-09-21T12:28:00-06:00,2026-09-26T08:00:00-06:00,2026-06-29T00:00:00-06:00,,1,,false,ACTIVE,EA,,VALID,CURRENT,coolit-synthetic-v2.0.0,ALL_SYNTHETIC_CUSTOMERS,ALL_SYNTHETIC_PROGRAMS,P-COMP-096,SYNTHETIC_INTERNAL,SNP-COOLIT-20260925-BL,SCN-BASELINE,INVTX-0138-3,CYCLE_COUNT_ADJUSTMENT,P-COMP-096,0,EA,LOT-P-COMP-096-A,LOC-SUPERMARKET,,,,2026-09-21T12:28:00-06:00,,COUNT_RECONCILIATION
TEN-COOLIT-SYN-001,SITE-COOLIT-SYN-01,ERP,INVENTORY_TRANSACTION,INVTX-0139-1,INVTX-0139-1,RESOLVED,2026-07-20T10:49:00-06:00,2026-09-26T08:00:00-06:00,2026-06-29T00:00:00-06:00,,1,,false,ACTIVE,EA,,VALID,CURRENT,coolit-synthetic-v2.0.0,ALL_SYNTHETIC_CUSTOMERS,ALL_SYNTHETIC_PROGRAMS,P-COMP-097,SYNTHETIC_INTERNAL,SNP-COOLIT-20260925-BL,SCN-BASELINE,INVTX-0139-1,RECEIPT,P-COMP-097,53,EA,LOT-P-COMP-097-A,LOC-SUPERMARKET,,PO-SCH-0049,,2026-07-20T10:49:00-06:00,,STANDARD_FLOW
TEN-COOLIT-SYN-001,SITE-COOLIT-SYN-01,ERP,INVENTORY_TRANSACTION,INVTX-0139-2,INVTX-0139-2,RESOLVED,2026-08-31T11:55:00-06:00,2026-09-26T08:00:00-06:00,2026-06-29T00:00:00-06:00,,1,,false,ACTIVE,EA,,VALID,CURRENT,coolit-synthetic-v2.0.0,ALL_SYNTHETIC_CUSTOMERS,ALL_SYNTHETIC_PROGRAMS,P-COMP-097,SYNTHETIC_INTERNAL,SNP-COOLIT-20260925-BL,SCN-BASELINE,INVTX-0139-2,MATERIAL_ISSUE,P-COMP-097,-33,EA,LOT-P-COMP-097-A,LOC-SUPERMARKET,WO-0019,,,2026-08-31T11:55:00-06:00,,STANDARD_FLOW
TEN-COOLIT-SYN-001,SITE-COOLIT-SYN-01,ERP,INVENTORY_TRANSACTION,INVTX-0139-3,INVTX-0139-3,RESOLVED,2026-09-22T12:21:00-06:00,2026-09-26T08:00:00-06:00,2026-06-29T00:00:00-06:00,,1,,false,ACTIVE,EA,,VALID,CURRENT,coolit-synthetic-v2.0.0,ALL_SYNTHETIC_CUSTOMERS,ALL_SYNTHETIC_PROGRAMS,P-COMP-097,SYNTHETIC_INTERNAL,SNP-COOLIT-20260925-BL,SCN-BASELINE,INVTX-0139-3,CYCLE_COUNT_ADJUSTMENT,P-COMP-097,0,EA,LOT-P-COMP-097-A,LOC-SUPERMARKET,,,,2026-09-22T12:21:00-06:00,,COUNT_RECONCILIATION
TEN-COOLIT-SYN-001,SITE-COOLIT-SYN-01,ERP,INVENTORY_TRANSACTION,INVTX-0140-1,INVTX-0140-1,RESOLVED,2026-07-21T10:42:00-06:00,2026-09-26T08:00:00-06:00,2026-06-29T00:00:00-06:00,,1,,false,ACTIVE,EA,,VALID,CURRENT,coolit-synthetic-v2.0.0,ALL_SYNTHETIC_CUSTOMERS,ALL_SYNTHETIC_PROGRAMS,P-COMP-098,SYNTHETIC_INTERNAL,SNP-COOLIT-20260925-BL,SCN-BASELINE,INVTX-0140-1,RECEIPT,P-COMP-098,54,EA,LOT-P-COMP-098-A,LOC-SUPERMARKET,,PO-SCH-0050,,2026-07-21T10:42:00-06:00,,STANDARD_FLOW
TEN-COOLIT-SYN-001,SITE-COOLIT-SYN-01,ERP,INVENTORY_TRANSACTION,INVTX-0140-2,INVTX-0140-2,RESOLVED,2026-09-01T11:48:00-06:00,2026-09-26T08:00:00-06:00,2026-06-29T00:00:00-06:00,,1,,false,ACTIVE,EA,,VALID,CURRENT,coolit-synthetic-v2.0.0,ALL_SYNTHETIC_CUSTOMERS,ALL_SYNTHETIC_PROGRAMS,P-COMP-098,SYNTHETIC_INTERNAL,SNP-COOLIT-20260925-BL,SCN-BASELINE,INVTX-0140-2,MATERIAL_ISSUE,P-COMP-098,-34,EA,LOT-P-COMP-098-A,LOC-SUPERMARKET,WO-0020,,,2026-09-01T11:48:00-06:00,,STANDARD_FLOW
TEN-COOLIT-SYN-001,SITE-COOLIT-SYN-01,ERP,INVENTORY_TRANSACTION,INVTX-0140-3,INVTX-0140-3,RESOLVED,2026-09-23T12:14:00-06:00,2026-09-26T08:00:00-06:00,2026-06-29T00:00:00-06:00,,1,,false,ACTIVE,EA,,VALID,CURRENT,coolit-synthetic-v2.0.0,ALL_SYNTHETIC_CUSTOMERS,ALL_SYNTHETIC_PROGRAMS,P-COMP-098,SYNTHETIC_INTERNAL,SNP-COOLIT-20260925-BL,SCN-BASELINE,INVTX-0140-3,CYCLE_COUNT_ADJUSTMENT,P-COMP-098,0,EA,LOT-P-COMP-098-A,LOC-SUPERMARKET,,,,2026-09-23T12:14:00-06:00,,COUNT_RECONCILIATION
TEN-COOLIT-SYN-001,SITE-COOLIT-SYN-01,ERP,INVENTORY_TRANSACTION,INVTX-0141-1,INVTX-0141-1,RESOLVED,2026-07-22T10:35:00-06:00,2026-09-26T08:00:00-06:00,2026-06-29T00:00:00-06:00,,1,,false,ACTIVE,EA,,VALID,CURRENT,coolit-synthetic-v2.0.0,ALL_SYNTHETIC_CUSTOMERS,ALL_SYNTHETIC_PROGRAMS,P-COMP-099,SYNTHETIC_INTERNAL,SNP-COOLIT-20260925-BL,SCN-BASELINE,INVTX-0141-1,RECEIPT,P-COMP-099,55,EA,,LOC-SUPERMARKET,,PO-SCH-0051,,2026-07-22T10:35:00-06:00,,STANDARD_FLOW
TEN-COOLIT-SYN-001,SITE-COOLIT-SYN-01,ERP,INVENTORY_TRANSACTION,INVTX-0141-2,INVTX-0141-2,RESOLVED,2026-09-02T11:41:00-06:00,2026-09-26T08:00:00-06:00,2026-06-29T00:00:00-06:00,,1,,false,ACTIVE,EA,,VALID,CURRENT,coolit-synthetic-v2.0.0,ALL_SYNTHETIC_CUSTOMERS,ALL_SYNTHETIC_PROGRAMS,P-COMP-099,SYNTHETIC_INTERNAL,SNP-COOLIT-20260925-BL,SCN-BASELINE,INVTX-0141-2,MATERIAL_ISSUE,P-COMP-099,-35,EA,,LOC-SUPERMARKET,WO-0021,,,2026-09-02T11:41:00-06:00,,STANDARD_FLOW
TEN-COOLIT-SYN-001,SITE-COOLIT-SYN-01,ERP,INVENTORY_TRANSACTION,INVTX-0141-3,INVTX-0141-3,RESOLVED,2026-09-24T12:07:00-06:00,2026-09-26T08:00:00-06:00,2026-06-29T00:00:00-06:00,,1,,false,ACTIVE,EA,,VALID,CURRENT,coolit-synthetic-v2.0.0,ALL_SYNTHETIC_CUSTOMERS,ALL_SYNTHETIC_PROGRAMS,P-COMP-099,SYNTHETIC_INTERNAL,SNP-COOLIT-20260925-BL,SCN-BASELINE,INVTX-0141-3,CYCLE_COUNT_ADJUSTMENT,P-COMP-099,0,EA,,LOC-SUPERMARKET,,,,2026-09-24T12:07:00-06:00,,COUNT_RECONCILIATION
TEN-COOLIT-SYN-001,SITE-COOLIT-SYN-01,ERP,INVENTORY_TRANSACTION,INVTX-0142-1,INVTX-0142-1,RESOLVED,2026-07-23T10:28:00-06:00,2026-09-26T08:00:00-06:00,2026-06-29T00:00:00-06:00,,1,,false,ACTIVE,EA,,VALID,CURRENT,coolit-synthetic-v2.0.0,ALL_SYNTHETIC_CUSTOMERS,ALL_SYNTHETIC_PROGRAMS,P-COMP-100,SYNTHETIC_INTERNAL,SNP-COOLIT-20260925-BL,SCN-BASELINE,INVTX-0142-1,RECEIPT,P-COMP-100,56,EA,,LOC-SUPERMARKET,,PO-SCH-0052,,2026-07-23T10:28:00-06:00,,STANDARD_FLOW
TEN-COOLIT-SYN-001,SITE-COOLIT-SYN-01,ERP,INVENTORY_TRANSACTION,INVTX-0142-2,INVTX-0142-2,RESOLVED,2026-09-03T11:34:00-06:00,2026-09-26T08:00:00-06:00,2026-06-29T00:00:00-06:00,,1,,false,ACTIVE,EA,,VALID,CURRENT,coolit-synthetic-v2.0.0,ALL_SYNTHETIC_CUSTOMERS,ALL_SYNTHETIC_PROGRAMS,P-COMP-100,SYNTHETIC_INTERNAL,SNP-COOLIT-20260925-BL,SCN-BASELINE,INVTX-0142-2,MATERIAL_ISSUE,P-COMP-100,-36,EA,,LOC-SUPERMARKET,WO-0022,,,2026-09-03T11:34:00-06:00,,STANDARD_FLOW
TEN-COOLIT-SYN-001,SITE-COOLIT-SYN-01,ERP,INVENTORY_TRANSACTION,INVTX-0142-3,INVTX-0142-3,RESOLVED,2026-09-25T12:00:00-06:00,2026-09-26T08:00:00-06:00,2026-06-29T00:00:00-06:00,,1,,false,ACTIVE,EA,,VALID,CURRENT,coolit-synthetic-v2.0.0,ALL_SYNTHETIC_CUSTOMERS,ALL_SYNTHETIC_PROGRAMS,P-COMP-100,SYNTHETIC_INTERNAL,SNP-COOLIT-20260925-BL,SCN-BASELINE,INVTX-0142-3,CYCLE_COUNT_ADJUSTMENT,P-COMP-100,0,EA,,LOC-SUPERMARKET,,,,2026-09-25T12:00:00-06:00,,COUNT_RECONCILIATION
TEN-COOLIT-SYN-001,SITE-COOLIT-SYN-01,ERP,INVENTORY_TRANSACTION,INVTX-0143-1,INVTX-0143-1,RESOLVED,2026-07-24T10:21:00-06:00,2026-09-26T08:00:00-06:00,2026-06-29T00:00:00-06:00,,1,,false,ACTIVE,EA,,VALID,CURRENT,coolit-synthetic-v2.0.0,ALL_SYNTHETIC_CUSTOMERS,ALL_SYNTHETIC_PROGRAMS,P-COMP-101,SYNTHETIC_INTERNAL,SNP-COOLIT-20260925-BL,SCN-BASELINE,INVTX-0143-1,RECEIPT,P-COMP-101,57,EA,LOT-P-COMP-101-A,LOC-SUPERMARKET,,PO-SCH-0053,,2026-07-24T10:21:00-06:00,,STANDARD_FLOW
TEN-COOLIT-SYN-001,SITE-COOLIT-SYN-01,ERP,INVENTORY_TRANSACTION,INVTX-0143-2,INVTX-0143-2,RESOLVED,2026-09-04T11:27:00-06:00,2026-09-26T08:00:00-06:00,2026-06-29T00:00:00-06:00,,1,,false,ACTIVE,EA,,VALID,CURRENT,coolit-synthetic-v2.0.0,ALL_SYNTHETIC_CUSTOMERS,ALL_SYNTHETIC_PROGRAMS,P-COMP-101,SYNTHETIC_INTERNAL,SNP-COOLIT-20260925-BL,SCN-BASELINE,INVTX-0143-2,MATERIAL_ISSUE,P-COMP-101,-37,EA,LOT-P-COMP-101-A,LOC-SUPERMARKET,WO-0023,,,2026-09-04T11:27:00-06:00,,STANDARD_FLOW
TEN-COOLIT-SYN-001,SITE-COOLIT-SYN-01,ERP,INVENTORY_TRANSACTION,INVTX-0143-3,INVTX-0143-3,RESOLVED,2026-09-25T12:00:00-06:00,2026-09-26T08:00:00-06:00,2026-06-29T00:00:00-06:00,,1,,false,ACTIVE,EA,,VALID,CURRENT,coolit-synthetic-v2.0.0,ALL_SYNTHETIC_CUSTOMERS,ALL_SYNTHETIC_PROGRAMS,P-COMP-101,SYNTHETIC_INTERNAL,SNP-COOLIT-20260925-BL,SCN-BASELINE,INVTX-0143-3,CYCLE_COUNT_ADJUSTMENT,P-COMP-101,0,EA,LOT-P-COMP-101-A,LOC-SUPERMARKET,,,,2026-09-25T12:00:00-06:00,,COUNT_RECONCILIATION
TEN-COOLIT-SYN-001,SITE-COOLIT-SYN-01,ERP,INVENTORY_TRANSACTION,INVTX-0144-1,INVTX-0144-1,RESOLVED,2026-07-25T10:14:00-06:00,2026-09-26T08:00:00-06:00,2026-06-29T00:00:00-06:00,,1,,false,ACTIVE,EA,,VALID,CURRENT,coolit-synthetic-v2.0.0,ALL_SYNTHETIC_CUSTOMERS,ALL_SYNTHETIC_PROGRAMS,P-COMP-102,SYNTHETIC_INTERNAL,SNP-COOLIT-20260925-BL,SCN-BASELINE,INVTX-0144-1,RECEIPT,P-COMP-102,58,EA,LOT-P-COMP-102-A,LOC-SUPERMARKET,,PO-SCH-0054,,2026-07-25T10:14:00-06:00,,STANDARD_FLOW
TEN-COOLIT-SYN-001,SITE-COOLIT-SYN-01,ERP,INVENTORY_TRANSACTION,INVTX-0144-2,INVTX-0144-2,RESOLVED,2026-09-05T11:20:00-06:00,2026-09-26T08:00:00-06:00,2026-06-29T00:00:00-06:00,,1,,false,ACTIVE,EA,,VALID,CURRENT,coolit-synthetic-v2.0.0,ALL_SYNTHETIC_CUSTOMERS,ALL_SYNTHETIC_PROGRAMS,P-COMP-102,SYNTHETIC_INTERNAL,SNP-COOLIT-20260925-BL,SCN-BASELINE,INVTX-0144-2,MATERIAL_ISSUE,P-COMP-102,-38,EA,LOT-P-COMP-102-A,LOC-SUPERMARKET,WO-0024,,,2026-09-05T11:20:00-06:00,,STANDARD_FLOW
TEN-COOLIT-SYN-001,SITE-COOLIT-SYN-01,ERP,INVENTORY_TRANSACTION,INVTX-0144-3,INVTX-0144-3,RESOLVED,2026-09-25T12:00:00-06:00,2026-09-26T08:00:00-06:00,2026-06-29T00:00:00-06:00,,1,,false,ACTIVE,EA,,VALID,CURRENT,coolit-synthetic-v2.0.0,ALL_SYNTHETIC_CUSTOMERS,ALL_SYNTHETIC_PROGRAMS,P-COMP-102,SYNTHETIC_INTERNAL,SNP-COOLIT-20260925-BL,SCN-BASELINE,INVTX-0144-3,CYCLE_COUNT_ADJUSTMENT,P-COMP-102,0,EA,LOT-P-COMP-102-A,LOC-SUPERMARKET,,,,2026-09-25T12:00:00-06:00,,COUNT_RECONCILIATION
TEN-COOLIT-SYN-001,SITE-COOLIT-SYN-01,ERP,INVENTORY_TRANSACTION,INVTX-0145-1,INVTX-0145-1,RESOLVED,2026-07-17T10:10:00-06:00,2026-09-26T08:00:00-06:00,2026-06-29T00:00:00-06:00,,1,,false,ACTIVE,EA,,VALID,CURRENT,coolit-synthetic-v2.0.0,ALL_SYNTHETIC_CUSTOMERS,ALL_SYNTHETIC_PROGRAMS,P-COMP-103,SYNTHETIC_INTERNAL,SNP-COOLIT-20260925-BL,SCN-BASELINE,INVTX-0145-1,RECEIPT,P-COMP-103,59,EA,LOT-P-COMP-103-A,LOC-SUPERMARKET,,PO-SCH-0055,,2026-07-17T10:10:00-06:00,,STANDARD_FLOW
TEN-COOLIT-SYN-001,SITE-COOLIT-SYN-01,ERP,INVENTORY_TRANSACTION,INVTX-0145-2,INVTX-0145-2,RESOLVED,2026-08-28T11:16:00-06:00,2026-09-26T08:00:00-06:00,2026-06-29T00:00:00-06:00,,1,,false,ACTIVE,EA,,VALID,CURRENT,coolit-synthetic-v2.0.0,ALL_SYNTHETIC_CUSTOMERS,ALL_SYNTHETIC_PROGRAMS,P-COMP-103,SYNTHETIC_INTERNAL,SNP-COOLIT-20260925-BL,SCN-BASELINE,INVTX-0145-2,MATERIAL_ISSUE,P-COMP-103,-39,EA,LOT-P-COMP-103-A,LOC-SUPERMARKET,WO-0025,,,2026-08-28T11:16:00-06:00,,STANDARD_FLOW
TEN-COOLIT-SYN-001,SITE-COOLIT-SYN-01,ERP,INVENTORY_TRANSACTION,INVTX-0145-3,INVTX-0145-3,RESOLVED,2026-09-19T12:42:00-06:00,2026-09-26T08:00:00-06:00,2026-06-29T00:00:00-06:00,,1,,false,ACTIVE,EA,,VALID,CURRENT,coolit-synthetic-v2.0.0,ALL_SYNTHETIC_CUSTOMERS,ALL_SYNTHETIC_PROGRAMS,P-COMP-103,SYNTHETIC_INTERNAL,SNP-COOLIT-20260925-BL,SCN-BASELINE,INVTX-0145-3,CYCLE_COUNT_ADJUSTMENT,P-COMP-103,0,EA,LOT-P-COMP-103-A,LOC-SUPERMARKET,,,,2026-09-19T12:42:00-06:00,,COUNT_RECONCILIATION
TEN-COOLIT-SYN-001,SITE-COOLIT-SYN-01,ERP,INVENTORY_TRANSACTION,INVTX-0146-1,INVTX-0146-1,RESOLVED,2026-07-18T10:03:00-06:00,2026-09-26T08:00:00-06:00,2026-06-29T00:00:00-06:00,,1,,false,ACTIVE,EA,,VALID,CURRENT,coolit-synthetic-v2.0.0,ALL_SYNTHETIC_CUSTOMERS,ALL_SYNTHETIC_PROGRAMS,P-COMP-104,SYNTHETIC_INTERNAL,SNP-COOLIT-20260925-BL,SCN-BASELINE,INVTX-0146-1,RECEIPT,P-COMP-104,60,EA,LOT-P-COMP-104-A,LOC-SUPERMARKET,,PO-SCH-0056,,2026-07-18T10:03:00-06:00,,STANDARD_FLOW
TEN-COOLIT-SYN-001,SITE-COOLIT-SYN-01,ERP,INVENTORY_TRANSACTION,INVTX-0146-2,INVTX-0146-2,RESOLVED,2026-08-29T11:09:00-06:00,2026-09-26T08:00:00-06:00,2026-06-29T00:00:00-06:00,,1,,false,ACTIVE,EA,,VALID,CURRENT,coolit-synthetic-v2.0.0,ALL_SYNTHETIC_CUSTOMERS,ALL_SYNTHETIC_PROGRAMS,P-COMP-104,SYNTHETIC_INTERNAL,SNP-COOLIT-20260925-BL,SCN-BASELINE,INVTX-0146-2,MATERIAL_ISSUE,P-COMP-104,-40,EA,LOT-P-COMP-104-A,LOC-SUPERMARKET,WO-0026,,,2026-08-29T11:09:00-06:00,,STANDARD_FLOW
TEN-COOLIT-SYN-001,SITE-COOLIT-SYN-01,ERP,INVENTORY_TRANSACTION,INVTX-0146-3,INVTX-0146-3,RESOLVED,2026-09-20T12:35:00-06:00,2026-09-26T08:00:00-06:00,2026-06-29T00:00:00-06:00,,1,,false,ACTIVE,EA,,VALID,CURRENT,coolit-synthetic-v2.0.0,ALL_SYNTHETIC_CUSTOMERS,ALL_SYNTHETIC_PROGRAMS,P-COMP-104,SYNTHETIC_INTERNAL,SNP-COOLIT-20260925-BL,SCN-BASELINE,INVTX-0146-3,CYCLE_COUNT_ADJUSTMENT,P-COMP-104,0,EA,LOT-P-COMP-104-A,LOC-SUPERMARKET,,,,2026-09-20T12:35:00-06:00,,COUNT_RECONCILIATION
TEN-COOLIT-SYN-001,SITE-COOLIT-SYN-01,ERP,INVENTORY_TRANSACTION,INVTX-0147-1,INVTX-0147-1,RESOLVED,2026-07-19T10:56:00-06:00,2026-09-26T08:00:00-06:00,2026-06-29T00:00:00-06:00,,1,,false,ACTIVE,EA,,VALID,CURRENT,coolit-synthetic-v2.0.0,ALL_SYNTHETIC_CUSTOMERS,ALL_SYNTHETIC_PROGRAMS,P-COMP-105,SYNTHETIC_INTERNAL,SNP-COOLIT-20260925-BL,SCN-BASELINE,INVTX-0147-1,RECEIPT,P-COMP-105,61,EA,LOT-P-COMP-105-A,LOC-SUPERMARKET,,PO-SCH-0057,,2026-07-19T10:56:00-06:00,,STANDARD_FLOW
TEN-COOLIT-SYN-001,SITE-COOLIT-SYN-01,ERP,INVENTORY_TRANSACTION,INVTX-0147-2,INVTX-0147-2,RESOLVED,2026-08-30T11:02:00-06:00,2026-09-26T08:00:00-06:00,2026-06-29T00:00:00-06:00,,1,,false,ACTIVE,EA,,VALID,CURRENT,coolit-synthetic-v2.0.0,ALL_SYNTHETIC_CUSTOMERS,ALL_SYNTHETIC_PROGRAMS,P-COMP-105,SYNTHETIC_INTERNAL,SNP-COOLIT-20260925-BL,SCN-BASELINE,INVTX-0147-2,MATERIAL_ISSUE,P-COMP-105,-41,EA,LOT-P-COMP-105-A,LOC-SUPERMARKET,WO-0027,,,2026-08-30T11:02:00-06:00,,STANDARD_FLOW
TEN-COOLIT-SYN-001,SITE-COOLIT-SYN-01,ERP,INVENTORY_TRANSACTION,INVTX-0147-3,INVTX-0147-3,RESOLVED,2026-09-21T12:28:00-06:00,2026-09-26T08:00:00-06:00,2026-06-29T00:00:00-06:00,,1,,false,ACTIVE,EA,,VALID,CURRENT,coolit-synthetic-v2.0.0,ALL_SYNTHETIC_CUSTOMERS,ALL_SYNTHETIC_PROGRAMS,P-COMP-105,SYNTHETIC_INTERNAL,SNP-COOLIT-20260925-BL,SCN-BASELINE,INVTX-0147-3,CYCLE_COUNT_ADJUSTMENT,P-COMP-105,0,EA,LOT-P-COMP-105-A,LOC-SUPERMARKET,,,,2026-09-21T12:28:00-06:00,,COUNT_RECONCILIATION
TEN-COOLIT-SYN-001,SITE-COOLIT-SYN-01,ERP,INVENTORY_TRANSACTION,INVTX-0148-1,INVTX-0148-1,RESOLVED,2026-07-20T10:49:00-06:00,2026-09-26T08:00:00-06:00,2026-06-29T00:00:00-06:00,,1,,false,ACTIVE,EA,,VALID,CURRENT,coolit-synthetic-v2.0.0,ALL_SYNTHETIC_CUSTOMERS,ALL_SYNTHETIC_PROGRAMS,P-COMP-106,SYNTHETIC_INTERNAL,SNP-COOLIT-20260925-BL,SCN-BASELINE,INVTX-0148-1,RECEIPT,P-COMP-106,62,EA,LOT-P-COMP-106-A,LOC-SUPERMARKET,,PO-SCH-0058,,2026-07-20T10:49:00-06:00,,STANDARD_FLOW
TEN-COOLIT-SYN-001,SITE-COOLIT-SYN-01,ERP,INVENTORY_TRANSACTION,INVTX-0148-2,INVTX-0148-2,RESOLVED,2026-08-31T11:55:00-06:00,2026-09-26T08:00:00-06:00,2026-06-29T00:00:00-06:00,,1,,false,ACTIVE,EA,,VALID,CURRENT,coolit-synthetic-v2.0.0,ALL_SYNTHETIC_CUSTOMERS,ALL_SYNTHETIC_PROGRAMS,P-COMP-106,SYNTHETIC_INTERNAL,SNP-COOLIT-20260925-BL,SCN-BASELINE,INVTX-0148-2,MATERIAL_ISSUE,P-COMP-106,-42,EA,LOT-P-COMP-106-A,LOC-SUPERMARKET,WO-0028,,,2026-08-31T11:55:00-06:00,,STANDARD_FLOW
TEN-COOLIT-SYN-001,SITE-COOLIT-SYN-01,ERP,INVENTORY_TRANSACTION,INVTX-0148-3,INVTX-0148-3,RESOLVED,2026-09-22T12:21:00-06:00,2026-09-26T08:00:00-06:00,2026-06-29T00:00:00-06:00,,1,,false,ACTIVE,EA,,VALID,CURRENT,coolit-synthetic-v2.0.0,ALL_SYNTHETIC_CUSTOMERS,ALL_SYNTHETIC_PROGRAMS,P-COMP-106,SYNTHETIC_INTERNAL,SNP-COOLIT-20260925-BL,SCN-BASELINE,INVTX-0148-3,CYCLE_COUNT_ADJUSTMENT,P-COMP-106,0,EA,LOT-P-COMP-106-A,LOC-SUPERMARKET,,,,2026-09-22T12:21:00-06:00,,COUNT_RECONCILIATION
TEN-COOLIT-SYN-001,SITE-COOLIT-SYN-01,ERP,INVENTORY_TRANSACTION,INVTX-0149-1,INVTX-0149-1,RESOLVED,2026-07-21T10:42:00-06:00,2026-09-26T08:00:00-06:00,2026-06-29T00:00:00-06:00,,1,,false,ACTIVE,EA,,VALID,CURRENT,coolit-synthetic-v2.0.0,ALL_SYNTHETIC_CUSTOMERS,ALL_SYNTHETIC_PROGRAMS,P-COMP-107,SYNTHETIC_INTERNAL,SNP-COOLIT-20260925-BL,SCN-BASELINE,INVTX-0149-1,RECEIPT,P-COMP-107,63,EA,LOT-P-COMP-107-A,LOC-SUPERMARKET,,PO-SCH-0059,,2026-07-21T10:42:00-06:00,,STANDARD_FLOW
TEN-COOLIT-SYN-001,SITE-COOLIT-SYN-01,ERP,INVENTORY_TRANSACTION,INVTX-0149-2,INVTX-0149-2,RESOLVED,2026-09-01T11:48:00-06:00,2026-09-26T08:00:00-06:00,2026-06-29T00:00:00-06:00,,1,,false,ACTIVE,EA,,VALID,CURRENT,coolit-synthetic-v2.0.0,ALL_SYNTHETIC_CUSTOMERS,ALL_SYNTHETIC_PROGRAMS,P-COMP-107,SYNTHETIC_INTERNAL,SNP-COOLIT-20260925-BL,SCN-BASELINE,INVTX-0149-2,MATERIAL_ISSUE,P-COMP-107,-43,EA,LOT-P-COMP-107-A,LOC-SUPERMARKET,WO-0029,,,2026-09-01T11:48:00-06:00,,STANDARD_FLOW
TEN-COOLIT-SYN-001,SITE-COOLIT-SYN-01,ERP,INVENTORY_TRANSACTION,INVTX-0149-3,INVTX-0149-3,RESOLVED,2026-09-23T12:14:00-06:00,2026-09-26T08:00:00-06:00,2026-06-29T00:00:00-06:00,,1,,false,ACTIVE,EA,,VALID,CURRENT,coolit-synthetic-v2.0.0,ALL_SYNTHETIC_CUSTOMERS,ALL_SYNTHETIC_PROGRAMS,P-COMP-107,SYNTHETIC_INTERNAL,SNP-COOLIT-20260925-BL,SCN-BASELINE,INVTX-0149-3,CYCLE_COUNT_ADJUSTMENT,P-COMP-107,0,EA,LOT-P-COMP-107-A,LOC-SUPERMARKET,,,,2026-09-23T12:14:00-06:00,,COUNT_RECONCILIATION
TEN-COOLIT-SYN-001,SITE-COOLIT-SYN-01,ERP,INVENTORY_TRANSACTION,INVTX-0150-1,INVTX-0150-1,RESOLVED,2026-07-22T10:35:00-06:00,2026-09-26T08:00:00-06:00,2026-06-29T00:00:00-06:00,,1,,false,ACTIVE,EA,,VALID,CURRENT,coolit-synthetic-v2.0.0,ALL_SYNTHETIC_CUSTOMERS,ALL_SYNTHETIC_PROGRAMS,P-COMP-108,SYNTHETIC_INTERNAL,SNP-COOLIT-20260925-BL,SCN-BASELINE,INVTX-0150-1,RECEIPT,P-COMP-108,64,EA,LOT-P-COMP-108-A,LOC-SUPERMARKET,,PO-SCH-0060,,2026-07-22T10:35:00-06:00,,STANDARD_FLOW
TEN-COOLIT-SYN-001,SITE-COOLIT-SYN-01,ERP,INVENTORY_TRANSACTION,INVTX-0150-2,INVTX-0150-2,RESOLVED,2026-09-02T11:41:00-06:00,2026-09-26T08:00:00-06:00,2026-06-29T00:00:00-06:00,,1,,false,ACTIVE,EA,,VALID,CURRENT,coolit-synthetic-v2.0.0,ALL_SYNTHETIC_CUSTOMERS,ALL_SYNTHETIC_PROGRAMS,P-COMP-108,SYNTHETIC_INTERNAL,SNP-COOLIT-20260925-BL,SCN-BASELINE,INVTX-0150-2,MATERIAL_ISSUE,P-COMP-108,-44,EA,LOT-P-COMP-108-A,LOC-SUPERMARKET,WO-0030,,,2026-09-02T11:41:00-06:00,,STANDARD_FLOW
TEN-COOLIT-SYN-001,SITE-COOLIT-SYN-01,ERP,INVENTORY_TRANSACTION,INVTX-0150-3,INVTX-0150-3,RESOLVED,2026-09-24T12:07:00-06:00,2026-09-26T08:00:00-06:00,2026-06-29T00:00:00-06:00,,1,,false,ACTIVE,EA,,VALID,CURRENT,coolit-synthetic-v2.0.0,ALL_SYNTHETIC_CUSTOMERS,ALL_SYNTHETIC_PROGRAMS,P-COMP-108,SYNTHETIC_INTERNAL,SNP-COOLIT-20260925-BL,SCN-BASELINE,INVTX-0150-3,CYCLE_COUNT_ADJUSTMENT,P-COMP-108,0,EA,LOT-P-COMP-108-A,LOC-SUPERMARKET,,,,2026-09-24T12:07:00-06:00,,COUNT_RECONCILIATION
TEN-COOLIT-SYN-001,SITE-COOLIT-SYN-01,ERP,INVENTORY_TRANSACTION,INVTX-0151-1,INVTX-0151-1,RESOLVED,2026-07-23T10:28:00-06:00,2026-09-26T08:00:00-06:00,2026-06-29T00:00:00-06:00,,1,,false,ACTIVE,EA,,VALID,CURRENT,coolit-synthetic-v2.0.0,ALL_SYNTHETIC_CUSTOMERS,ALL_SYNTHETIC_PROGRAMS,P-COMP-109,SYNTHETIC_INTERNAL,SNP-COOLIT-20260925-BL,SCN-BASELINE,INVTX-0151-1,RECEIPT,P-COMP-109,65,EA,,LOC-SUPERMARKET,,PO-SCH-0061,,2026-07-23T10:28:00-06:00,,STANDARD_FLOW
TEN-COOLIT-SYN-001,SITE-COOLIT-SYN-01,ERP,INVENTORY_TRANSACTION,INVTX-0151-2,INVTX-0151-2,RESOLVED,2026-09-03T11:34:00-06:00,2026-09-26T08:00:00-06:00,2026-06-29T00:00:00-06:00,,1,,false,ACTIVE,EA,,VALID,CURRENT,coolit-synthetic-v2.0.0,ALL_SYNTHETIC_CUSTOMERS,ALL_SYNTHETIC_PROGRAMS,P-COMP-109,SYNTHETIC_INTERNAL,SNP-COOLIT-20260925-BL,SCN-BASELINE,INVTX-0151-2,MATERIAL_ISSUE,P-COMP-109,-45,EA,,LOC-SUPERMARKET,WO-0031,,,2026-09-03T11:34:00-06:00,,STANDARD_FLOW
TEN-COOLIT-SYN-001,SITE-COOLIT-SYN-01,ERP,INVENTORY_TRANSACTION,INVTX-0151-3,INVTX-0151-3,RESOLVED,2026-09-25T12:00:00-06:00,2026-09-26T08:00:00-06:00,2026-06-29T00:00:00-06:00,,1,,false,ACTIVE,EA,,VALID,CURRENT,coolit-synthetic-v2.0.0,ALL_SYNTHETIC_CUSTOMERS,ALL_SYNTHETIC_PROGRAMS,P-COMP-109,SYNTHETIC_INTERNAL,SNP-COOLIT-20260925-BL,SCN-BASELINE,INVTX-0151-3,CYCLE_COUNT_ADJUSTMENT,P-COMP-109,0,EA,,LOC-SUPERMARKET,,,,2026-09-25T12:00:00-06:00,,COUNT_RECONCILIATION
TEN-COOLIT-SYN-001,SITE-COOLIT-SYN-01,ERP,INVENTORY_TRANSACTION,INVTX-0152-1,INVTX-0152-1,RESOLVED,2026-07-24T10:21:00-06:00,2026-09-26T08:00:00-06:00,2026-06-29T00:00:00-06:00,,1,,false,ACTIVE,EA,,VALID,CURRENT,coolit-synthetic-v2.0.0,ALL_SYNTHETIC_CUSTOMERS,ALL_SYNTHETIC_PROGRAMS,P-COMP-110,SYNTHETIC_INTERNAL,SNP-COOLIT-20260925-BL,SCN-BASELINE,INVTX-0152-1,RECEIPT,P-COMP-110,66,EA,,LOC-SUPERMARKET,,PO-SCH-0062,,2026-07-24T10:21:00-06:00,,STANDARD_FLOW
TEN-COOLIT-SYN-001,SITE-COOLIT-SYN-01,ERP,INVENTORY_TRANSACTION,INVTX-0152-2,INVTX-0152-2,RESOLVED,2026-09-04T11:27:00-06:00,2026-09-26T08:00:00-06:00,2026-06-29T00:00:00-06:00,,1,,false,ACTIVE,EA,,VALID,CURRENT,coolit-synthetic-v2.0.0,ALL_SYNTHETIC_CUSTOMERS,ALL_SYNTHETIC_PROGRAMS,P-COMP-110,SYNTHETIC_INTERNAL,SNP-COOLIT-20260925-BL,SCN-BASELINE,INVTX-0152-2,MATERIAL_ISSUE,P-COMP-110,-46,EA,,LOC-SUPERMARKET,WO-0032,,,2026-09-04T11:27:00-06:00,,STANDARD_FLOW
TEN-COOLIT-SYN-001,SITE-COOLIT-SYN-01,ERP,INVENTORY_TRANSACTION,INVTX-0152-3,INVTX-0152-3,RESOLVED,2026-09-25T12:00:00-06:00,2026-09-26T08:00:00-06:00,2026-06-29T00:00:00-06:00,,1,,false,ACTIVE,EA,,VALID,CURRENT,coolit-synthetic-v2.0.0,ALL_SYNTHETIC_CUSTOMERS,ALL_SYNTHETIC_PROGRAMS,P-COMP-110,SYNTHETIC_INTERNAL,SNP-COOLIT-20260925-BL,SCN-BASELINE,INVTX-0152-3,CYCLE_COUNT_ADJUSTMENT,P-COMP-110,0,EA,,LOC-SUPERMARKET,,,,2026-09-25T12:00:00-06:00,,COUNT_RECONCILIATION
TEN-COOLIT-SYN-001,SITE-COOLIT-SYN-01,ERP,INVENTORY_TRANSACTION,INVTX-0153-1,INVTX-0153-1,RESOLVED,2026-07-25T10:14:00-06:00,2026-09-26T08:00:00-06:00,2026-06-29T00:00:00-06:00,,1,,false,ACTIVE,EA,,VALID,CURRENT,coolit-synthetic-v2.0.0,ALL_SYNTHETIC_CUSTOMERS,ALL_SYNTHETIC_PROGRAMS,P-COMP-111,SYNTHETIC_INTERNAL,SNP-COOLIT-20260925-BL,SCN-BASELINE,INVTX-0153-1,RECEIPT,P-COMP-111,67,EA,LOT-P-COMP-111-A,LOC-SUPERMARKET,,PO-SCH-0063,,2026-07-25T10:14:00-06:00,,STANDARD_FLOW
TEN-COOLIT-SYN-001,SITE-COOLIT-SYN-01,ERP,INVENTORY_TRANSACTION,INVTX-0153-2,INVTX-0153-2,RESOLVED,2026-09-05T11:20:00-06:00,2026-09-26T08:00:00-06:00,2026-06-29T00:00:00-06:00,,1,,false,ACTIVE,EA,,VALID,CURRENT,coolit-synthetic-v2.0.0,ALL_SYNTHETIC_CUSTOMERS,ALL_SYNTHETIC_PROGRAMS,P-COMP-111,SYNTHETIC_INTERNAL,SNP-COOLIT-20260925-BL,SCN-BASELINE,INVTX-0153-2,MATERIAL_ISSUE,P-COMP-111,-47,EA,LOT-P-COMP-111-A,LOC-SUPERMARKET,WO-0033,,,2026-09-05T11:20:00-06:00,,STANDARD_FLOW
TEN-COOLIT-SYN-001,SITE-COOLIT-SYN-01,ERP,INVENTORY_TRANSACTION,INVTX-0153-3,INVTX-0153-3,RESOLVED,2026-09-25T12:00:00-06:00,2026-09-26T08:00:00-06:00,2026-06-29T00:00:00-06:00,,1,,false,ACTIVE,EA,,VALID,CURRENT,coolit-synthetic-v2.0.0,ALL_SYNTHETIC_CUSTOMERS,ALL_SYNTHETIC_PROGRAMS,P-COMP-111,SYNTHETIC_INTERNAL,SNP-COOLIT-20260925-BL,SCN-BASELINE,INVTX-0153-3,CYCLE_COUNT_ADJUSTMENT,P-COMP-111,1,EA,LOT-P-COMP-111-A,LOC-SUPERMARKET,,,,2026-09-25T12:00:00-06:00,,COUNT_RECONCILIATION
TEN-COOLIT-SYN-001,SITE-COOLIT-SYN-01,ERP,INVENTORY_TRANSACTION,INVTX-0154-1,INVTX-0154-1,RESOLVED,2026-07-17T10:10:00-06:00,2026-09-26T08:00:00-06:00,2026-06-29T00:00:00-06:00,,1,,false,ACTIVE,EA,,VALID,CURRENT,coolit-synthetic-v2.0.0,ALL_SYNTHETIC_CUSTOMERS,ALL_SYNTHETIC_PROGRAMS,P-COMP-112,SYNTHETIC_INTERNAL,SNP-COOLIT-20260925-BL,SCN-BASELINE,INVTX-0154-1,RECEIPT,P-COMP-112,68,EA,LOT-P-COMP-112-A,LOC-SUPERMARKET,,PO-SCH-0064,,2026-07-17T10:10:00-06:00,,STANDARD_FLOW
TEN-COOLIT-SYN-001,SITE-COOLIT-SYN-01,ERP,INVENTORY_TRANSACTION,INVTX-0154-2,INVTX-0154-2,RESOLVED,2026-08-28T11:16:00-06:00,2026-09-26T08:00:00-06:00,2026-06-29T00:00:00-06:00,,1,,false,ACTIVE,EA,,VALID,CURRENT,coolit-synthetic-v2.0.0,ALL_SYNTHETIC_CUSTOMERS,ALL_SYNTHETIC_PROGRAMS,P-COMP-112,SYNTHETIC_INTERNAL,SNP-COOLIT-20260925-BL,SCN-BASELINE,INVTX-0154-2,MATERIAL_ISSUE,P-COMP-112,-48,EA,LOT-P-COMP-112-A,LOC-SUPERMARKET,WO-0034,,,2026-08-28T11:16:00-06:00,,STANDARD_FLOW
TEN-COOLIT-SYN-001,SITE-COOLIT-SYN-01,ERP,INVENTORY_TRANSACTION,INVTX-0154-3,INVTX-0154-3,RESOLVED,2026-09-19T12:42:00-06:00,2026-09-26T08:00:00-06:00,2026-06-29T00:00:00-06:00,,1,,false,ACTIVE,EA,,VALID,CURRENT,coolit-synthetic-v2.0.0,ALL_SYNTHETIC_CUSTOMERS,ALL_SYNTHETIC_PROGRAMS,P-COMP-112,SYNTHETIC_INTERNAL,SNP-COOLIT-20260925-BL,SCN-BASELINE,INVTX-0154-3,CYCLE_COUNT_ADJUSTMENT,P-COMP-112,-2,EA,LOT-P-COMP-112-A,LOC-SUPERMARKET,,,,2026-09-19T12:42:00-06:00,,COUNT_RECONCILIATION
TEN-COOLIT-SYN-001,SITE-COOLIT-SYN-01,ERP,INVENTORY_TRANSACTION,INVTX-0155-1,INVTX-0155-1,RESOLVED,2026-07-18T10:03:00-06:00,2026-09-26T08:00:00-06:00,2026-06-29T00:00:00-06:00,,1,,false,ACTIVE,EA,,VALID,CURRENT,coolit-synthetic-v2.0.0,ALL_SYNTHETIC_CUSTOMERS,ALL_SYNTHETIC_PROGRAMS,P-COMP-113,SYNTHETIC_INTERNAL,SNP-COOLIT-20260925-BL,SCN-BASELINE,INVTX-0155-1,RECEIPT,P-COMP-113,69,EA,LOT-P-COMP-113-A,LOC-SUPERMARKET,,PO-SCH-0065,,2026-07-18T10:03:00-06:00,,STANDARD_FLOW
TEN-COOLIT-SYN-001,SITE-COOLIT-SYN-01,ERP,INVENTORY_TRANSACTION,INVTX-0155-2,INVTX-0155-2,RESOLVED,2026-08-29T11:09:00-06:00,2026-09-26T08:00:00-06:00,2026-06-29T00:00:00-06:00,,1,,false,ACTIVE,EA,,VALID,CURRENT,coolit-synthetic-v2.0.0,ALL_SYNTHETIC_CUSTOMERS,ALL_SYNTHETIC_PROGRAMS,P-COMP-113,SYNTHETIC_INTERNAL,SNP-COOLIT-20260925-BL,SCN-BASELINE,INVTX-0155-2,MATERIAL_ISSUE,P-COMP-113,-49,EA,LOT-P-COMP-113-A,LOC-SUPERMARKET,WO-0035,,,2026-08-29T11:09:00-06:00,,STANDARD_FLOW
TEN-COOLIT-SYN-001,SITE-COOLIT-SYN-01,ERP,INVENTORY_TRANSACTION,INVTX-0155-3,INVTX-0155-3,RESOLVED,2026-09-20T12:35:00-06:00,2026-09-26T08:00:00-06:00,2026-06-29T00:00:00-06:00,,1,,false,ACTIVE,EA,,VALID,CURRENT,coolit-synthetic-v2.0.0,ALL_SYNTHETIC_CUSTOMERS,ALL_SYNTHETIC_PROGRAMS,P-COMP-113,SYNTHETIC_INTERNAL,SNP-COOLIT-20260925-BL,SCN-BASELINE,INVTX-0155-3,CYCLE_COUNT_ADJUSTMENT,P-COMP-113,0,EA,LOT-P-COMP-113-A,LOC-SUPERMARKET,,,,2026-09-20T12:35:00-06:00,,COUNT_RECONCILIATION
TEN-COOLIT-SYN-001,SITE-COOLIT-SYN-01,ERP,INVENTORY_TRANSACTION,INVTX-0156-1,INVTX-0156-1,RESOLVED,2026-07-19T10:56:00-06:00,2026-09-26T08:00:00-06:00,2026-06-29T00:00:00-06:00,,1,,false,ACTIVE,EA,,VALID,CURRENT,coolit-synthetic-v2.0.0,ALL_SYNTHETIC_CUSTOMERS,ALL_SYNTHETIC_PROGRAMS,P-COMP-114,SYNTHETIC_INTERNAL,SNP-COOLIT-20260925-BL,SCN-BASELINE,INVTX-0156-1,RECEIPT,P-COMP-114,70,EA,LOT-P-COMP-114-A,LOC-SUPERMARKET,,PO-SCH-0066,,2026-07-19T10:56:00-06:00,,STANDARD_FLOW
TEN-COOLIT-SYN-001,SITE-COOLIT-SYN-01,ERP,INVENTORY_TRANSACTION,INVTX-0156-2,INVTX-0156-2,RESOLVED,2026-08-30T11:02:00-06:00,2026-09-26T08:00:00-06:00,2026-06-29T00:00:00-06:00,,1,,false,ACTIVE,EA,,VALID,CURRENT,coolit-synthetic-v2.0.0,ALL_SYNTHETIC_CUSTOMERS,ALL_SYNTHETIC_PROGRAMS,P-COMP-114,SYNTHETIC_INTERNAL,SNP-COOLIT-20260925-BL,SCN-BASELINE,INVTX-0156-2,MATERIAL_ISSUE,P-COMP-114,-50,EA,LOT-P-COMP-114-A,LOC-SUPERMARKET,WO-0036,,,2026-08-30T11:02:00-06:00,,STANDARD_FLOW
TEN-COOLIT-SYN-001,SITE-COOLIT-SYN-01,ERP,INVENTORY_TRANSACTION,INVTX-0156-3,INVTX-0156-3,RESOLVED,2026-09-21T12:28:00-06:00,2026-09-26T08:00:00-06:00,2026-06-29T00:00:00-06:00,,1,,false,ACTIVE,EA,,VALID,CURRENT,coolit-synthetic-v2.0.0,ALL_SYNTHETIC_CUSTOMERS,ALL_SYNTHETIC_PROGRAMS,P-COMP-114,SYNTHETIC_INTERNAL,SNP-COOLIT-20260925-BL,SCN-BASELINE,INVTX-0156-3,CYCLE_COUNT_ADJUSTMENT,P-COMP-114,0,EA,LOT-P-COMP-114-A,LOC-SUPERMARKET,,,,2026-09-21T12:28:00-06:00,,COUNT_RECONCILIATION
TEN-COOLIT-SYN-001,SITE-COOLIT-SYN-01,ERP,INVENTORY_TRANSACTION,INVTX-0157-1,INVTX-0157-1,RESOLVED,2026-07-20T10:49:00-06:00,2026-09-26T08:00:00-06:00,2026-06-29T00:00:00-06:00,,1,,false,ACTIVE,EA,,VALID,CURRENT,coolit-synthetic-v2.0.0,ALL_SYNTHETIC_CUSTOMERS,ALL_SYNTHETIC_PROGRAMS,P-COMP-115,SYNTHETIC_INTERNAL,SNP-COOLIT-20260925-BL,SCN-BASELINE,INVTX-0157-1,RECEIPT,P-COMP-115,71,EA,LOT-P-COMP-115-A,LOC-SUPERMARKET,,PO-SCH-0067,,2026-07-20T10:49:00-06:00,,STANDARD_FLOW
TEN-COOLIT-SYN-001,SITE-COOLIT-SYN-01,ERP,INVENTORY_TRANSACTION,INVTX-0157-2,INVTX-0157-2,RESOLVED,2026-08-31T11:55:00-06:00,2026-09-26T08:00:00-06:00,2026-06-29T00:00:00-06:00,,1,,false,ACTIVE,EA,,VALID,CURRENT,coolit-synthetic-v2.0.0,ALL_SYNTHETIC_CUSTOMERS,ALL_SYNTHETIC_PROGRAMS,P-COMP-115,SYNTHETIC_INTERNAL,SNP-COOLIT-20260925-BL,SCN-BASELINE,INVTX-0157-2,MATERIAL_ISSUE,P-COMP-115,-51,EA,LOT-P-COMP-115-A,LOC-SUPERMARKET,WO-0037,,,2026-08-31T11:55:00-06:00,,STANDARD_FLOW
TEN-COOLIT-SYN-001,SITE-COOLIT-SYN-01,ERP,INVENTORY_TRANSACTION,INVTX-0157-3,INVTX-0157-3,RESOLVED,2026-09-22T12:21:00-06:00,2026-09-26T08:00:00-06:00,2026-06-29T00:00:00-06:00,,1,,false,ACTIVE,EA,,VALID,CURRENT,coolit-synthetic-v2.0.0,ALL_SYNTHETIC_CUSTOMERS,ALL_SYNTHETIC_PROGRAMS,P-COMP-115,SYNTHETIC_INTERNAL,SNP-COOLIT-20260925-BL,SCN-BASELINE,INVTX-0157-3,CYCLE_COUNT_ADJUSTMENT,P-COMP-115,0,EA,LOT-P-COMP-115-A,LOC-SUPERMARKET,,,,2026-09-22T12:21:00-06:00,,COUNT_RECONCILIATION
TEN-COOLIT-SYN-001,SITE-COOLIT-SYN-01,ERP,INVENTORY_TRANSACTION,INVTX-0158-1,INVTX-0158-1,RESOLVED,2026-07-21T10:42:00-06:00,2026-09-26T08:00:00-06:00,2026-06-29T00:00:00-06:00,,1,,false,ACTIVE,EA,,VALID,CURRENT,coolit-synthetic-v2.0.0,ALL_SYNTHETIC_CUSTOMERS,ALL_SYNTHETIC_PROGRAMS,P-COMP-116,SYNTHETIC_INTERNAL,SNP-COOLIT-20260925-BL,SCN-BASELINE,INVTX-0158-1,RECEIPT,P-COMP-116,72,EA,LOT-P-COMP-116-A,LOC-SUPERMARKET,,PO-SCH-0068,,2026-07-21T10:42:00-06:00,,STANDARD_FLOW
TEN-COOLIT-SYN-001,SITE-COOLIT-SYN-01,ERP,INVENTORY_TRANSACTION,INVTX-0158-2,INVTX-0158-2,RESOLVED,2026-09-01T11:48:00-06:00,2026-09-26T08:00:00-06:00,2026-06-29T00:00:00-06:00,,1,,false,ACTIVE,EA,,VALID,CURRENT,coolit-synthetic-v2.0.0,ALL_SYNTHETIC_CUSTOMERS,ALL_SYNTHETIC_PROGRAMS,P-COMP-116,SYNTHETIC_INTERNAL,SNP-COOLIT-20260925-BL,SCN-BASELINE,INVTX-0158-2,MATERIAL_ISSUE,P-COMP-116,-52,EA,LOT-P-COMP-116-A,LOC-SUPERMARKET,WO-0038,,,2026-09-01T11:48:00-06:00,,STANDARD_FLOW
TEN-COOLIT-SYN-001,SITE-COOLIT-SYN-01,ERP,INVENTORY_TRANSACTION,INVTX-0158-3,INVTX-0158-3,RESOLVED,2026-09-23T12:14:00-06:00,2026-09-26T08:00:00-06:00,2026-06-29T00:00:00-06:00,,1,,false,ACTIVE,EA,,VALID,CURRENT,coolit-synthetic-v2.0.0,ALL_SYNTHETIC_CUSTOMERS,ALL_SYNTHETIC_PROGRAMS,P-COMP-116,SYNTHETIC_INTERNAL,SNP-COOLIT-20260925-BL,SCN-BASELINE,INVTX-0158-3,CYCLE_COUNT_ADJUSTMENT,P-COMP-116,0,EA,LOT-P-COMP-116-A,LOC-SUPERMARKET,,,,2026-09-23T12:14:00-06:00,,COUNT_RECONCILIATION
TEN-COOLIT-SYN-001,SITE-COOLIT-SYN-01,ERP,INVENTORY_TRANSACTION,INVTX-0159-1,INVTX-0159-1,RESOLVED,2026-07-22T10:35:00-06:00,2026-09-26T08:00:00-06:00,2026-06-29T00:00:00-06:00,,1,,false,ACTIVE,EA,,VALID,CURRENT,coolit-synthetic-v2.0.0,ALL_SYNTHETIC_CUSTOMERS,ALL_SYNTHETIC_PROGRAMS,P-COMP-117,SYNTHETIC_INTERNAL,SNP-COOLIT-20260925-BL,SCN-BASELINE,INVTX-0159-1,RECEIPT,P-COMP-117,73,EA,LOT-P-COMP-117-A,LOC-SUPERMARKET,,PO-SCH-0069,,2026-07-22T10:35:00-06:00,,STANDARD_FLOW
TEN-COOLIT-SYN-001,SITE-COOLIT-SYN-01,ERP,INVENTORY_TRANSACTION,INVTX-0159-2,INVTX-0159-2,RESOLVED,2026-09-02T11:41:00-06:00,2026-09-26T08:00:00-06:00,2026-06-29T00:00:00-06:00,,1,,false,ACTIVE,EA,,VALID,CURRENT,coolit-synthetic-v2.0.0,ALL_SYNTHETIC_CUSTOMERS,ALL_SYNTHETIC_PROGRAMS,P-COMP-117,SYNTHETIC_INTERNAL,SNP-COOLIT-20260925-BL,SCN-BASELINE,INVTX-0159-2,MATERIAL_ISSUE,P-COMP-117,-53,EA,LOT-P-COMP-117-A,LOC-SUPERMARKET,WO-0039,,,2026-09-02T11:41:00-06:00,,STANDARD_FLOW
TEN-COOLIT-SYN-001,SITE-COOLIT-SYN-01,ERP,INVENTORY_TRANSACTION,INVTX-0159-3,INVTX-0159-3,RESOLVED,2026-09-24T12:07:00-06:00,2026-09-26T08:00:00-06:00,2026-06-29T00:00:00-06:00,,1,,false,ACTIVE,EA,,VALID,CURRENT,coolit-synthetic-v2.0.0,ALL_SYNTHETIC_CUSTOMERS,ALL_SYNTHETIC_PROGRAMS,P-COMP-117,SYNTHETIC_INTERNAL,SNP-COOLIT-20260925-BL,SCN-BASELINE,INVTX-0159-3,CYCLE_COUNT_ADJUSTMENT,P-COMP-117,0,EA,LOT-P-COMP-117-A,LOC-SUPERMARKET,,,,2026-09-24T12:07:00-06:00,,COUNT_RECONCILIATION
TEN-COOLIT-SYN-001,SITE-COOLIT-SYN-01,ERP,INVENTORY_TRANSACTION,INVTX-0160-1,INVTX-0160-1,RESOLVED,2026-07-23T10:28:00-06:00,2026-09-26T08:00:00-06:00,2026-06-29T00:00:00-06:00,,1,,false,ACTIVE,EA,,VALID,CURRENT,coolit-synthetic-v2.0.0,ALL_SYNTHETIC_CUSTOMERS,ALL_SYNTHETIC_PROGRAMS,P-COMP-118,SYNTHETIC_INTERNAL,SNP-COOLIT-20260925-BL,SCN-BASELINE,INVTX-0160-1,RECEIPT,P-COMP-118,74,EA,LOT-P-COMP-118-A,LOC-SUPERMARKET,,PO-SCH-0070,,2026-07-23T10:28:00-06:00,,STANDARD_FLOW
TEN-COOLIT-SYN-001,SITE-COOLIT-SYN-01,ERP,INVENTORY_TRANSACTION,INVTX-0160-2,INVTX-0160-2,RESOLVED,2026-09-03T11:34:00-06:00,2026-09-26T08:00:00-06:00,2026-06-29T00:00:00-06:00,,1,,false,ACTIVE,EA,,VALID,CURRENT,coolit-synthetic-v2.0.0,ALL_SYNTHETIC_CUSTOMERS,ALL_SYNTHETIC_PROGRAMS,P-COMP-118,SYNTHETIC_INTERNAL,SNP-COOLIT-20260925-BL,SCN-BASELINE,INVTX-0160-2,MATERIAL_ISSUE,P-COMP-118,-54,EA,LOT-P-COMP-118-A,LOC-SUPERMARKET,WO-0040,,,2026-09-03T11:34:00-06:00,,STANDARD_FLOW
TEN-COOLIT-SYN-001,SITE-COOLIT-SYN-01,ERP,INVENTORY_TRANSACTION,INVTX-0160-3,INVTX-0160-3,RESOLVED,2026-09-25T12:00:00-06:00,2026-09-26T08:00:00-06:00,2026-06-29T00:00:00-06:00,,1,,false,ACTIVE,EA,,VALID,CURRENT,coolit-synthetic-v2.0.0,ALL_SYNTHETIC_CUSTOMERS,ALL_SYNTHETIC_PROGRAMS,P-COMP-118,SYNTHETIC_INTERNAL,SNP-COOLIT-20260925-BL,SCN-BASELINE,INVTX-0160-3,CYCLE_COUNT_ADJUSTMENT,P-COMP-118,0,EA,LOT-P-COMP-118-A,LOC-SUPERMARKET,,,,2026-09-25T12:00:00-06:00,,COUNT_RECONCILIATION
TEN-COOLIT-SYN-001,SITE-COOLIT-SYN-01,ERP,INVENTORY_TRANSACTION,INVTX-0161-1,INVTX-0161-1,RESOLVED,2026-07-24T10:21:00-06:00,2026-09-26T08:00:00-06:00,2026-06-29T00:00:00-06:00,,1,,false,ACTIVE,EA,,VALID,CURRENT,coolit-synthetic-v2.0.0,ALL_SYNTHETIC_CUSTOMERS,ALL_SYNTHETIC_PROGRAMS,P-COMP-119,SYNTHETIC_INTERNAL,SNP-COOLIT-20260925-BL,SCN-BASELINE,INVTX-0161-1,RECEIPT,P-COMP-119,75,EA,,LOC-SUPERMARKET,,PO-SCH-0071,,2026-07-24T10:21:00-06:00,,STANDARD_FLOW
TEN-COOLIT-SYN-001,SITE-COOLIT-SYN-01,ERP,INVENTORY_TRANSACTION,INVTX-0161-2,INVTX-0161-2,RESOLVED,2026-09-04T11:27:00-06:00,2026-09-26T08:00:00-06:00,2026-06-29T00:00:00-06:00,,1,,false,ACTIVE,EA,,VALID,CURRENT,coolit-synthetic-v2.0.0,ALL_SYNTHETIC_CUSTOMERS,ALL_SYNTHETIC_PROGRAMS,P-COMP-119,SYNTHETIC_INTERNAL,SNP-COOLIT-20260925-BL,SCN-BASELINE,INVTX-0161-2,MATERIAL_ISSUE,P-COMP-119,-55,EA,,LOC-SUPERMARKET,WO-0001,,,2026-09-04T11:27:00-06:00,,STANDARD_FLOW
TEN-COOLIT-SYN-001,SITE-COOLIT-SYN-01,ERP,INVENTORY_TRANSACTION,INVTX-0161-3,INVTX-0161-3,RESOLVED,2026-09-25T12:00:00-06:00,2026-09-26T08:00:00-06:00,2026-06-29T00:00:00-06:00,,1,,false,ACTIVE,EA,,VALID,CURRENT,coolit-synthetic-v2.0.0,ALL_SYNTHETIC_CUSTOMERS,ALL_SYNTHETIC_PROGRAMS,P-COMP-119,SYNTHETIC_INTERNAL,SNP-COOLIT-20260925-BL,SCN-BASELINE,INVTX-0161-3,CYCLE_COUNT_ADJUSTMENT,P-COMP-119,0,EA,,LOC-SUPERMARKET,,,,2026-09-25T12:00:00-06:00,,COUNT_RECONCILIATION
TEN-COOLIT-SYN-001,SITE-COOLIT-SYN-01,ERP,INVENTORY_TRANSACTION,INVTX-0162-1,INVTX-0162-1,RESOLVED,2026-07-25T10:14:00-06:00,2026-09-26T08:00:00-06:00,2026-06-29T00:00:00-06:00,,1,,false,ACTIVE,EA,,VALID,CURRENT,coolit-synthetic-v2.0.0,ALL_SYNTHETIC_CUSTOMERS,ALL_SYNTHETIC_PROGRAMS,P-COMP-120,SYNTHETIC_INTERNAL,SNP-COOLIT-20260925-BL,SCN-BASELINE,INVTX-0162-1,RECEIPT,P-COMP-120,76,EA,,LOC-SUPERMARKET,,PO-SCH-0072,,2026-07-25T10:14:00-06:00,,STANDARD_FLOW
TEN-COOLIT-SYN-001,SITE-COOLIT-SYN-01,ERP,INVENTORY_TRANSACTION,INVTX-0162-2,INVTX-0162-2,RESOLVED,2026-09-05T11:20:00-06:00,2026-09-26T08:00:00-06:00,2026-06-29T00:00:00-06:00,,1,,false,ACTIVE,EA,,VALID,CURRENT,coolit-synthetic-v2.0.0,ALL_SYNTHETIC_CUSTOMERS,ALL_SYNTHETIC_PROGRAMS,P-COMP-120,SYNTHETIC_INTERNAL,SNP-COOLIT-20260925-BL,SCN-BASELINE,INVTX-0162-2,MATERIAL_ISSUE,P-COMP-120,-56,EA,,LOC-SUPERMARKET,WO-0002,,,2026-09-05T11:20:00-06:00,,STANDARD_FLOW
TEN-COOLIT-SYN-001,SITE-COOLIT-SYN-01,ERP,INVENTORY_TRANSACTION,INVTX-0162-3,INVTX-0162-3,RESOLVED,2026-09-25T12:00:00-06:00,2026-09-26T08:00:00-06:00,2026-06-29T00:00:00-06:00,,1,,false,ACTIVE,EA,,VALID,CURRENT,coolit-synthetic-v2.0.0,ALL_SYNTHETIC_CUSTOMERS,ALL_SYNTHETIC_PROGRAMS,P-COMP-120,SYNTHETIC_INTERNAL,SNP-COOLIT-20260925-BL,SCN-BASELINE,INVTX-0162-3,CYCLE_COUNT_ADJUSTMENT,P-COMP-120,0,EA,,LOC-SUPERMARKET,,,,2026-09-25T12:00:00-06:00,,COUNT_RECONCILIATION
TEN-COOLIT-SYN-001,SITE-COOLIT-SYN-01,ERP,INVENTORY_TRANSACTION,INVTX-0163-1,INVTX-0163-1,RESOLVED,2026-07-17T10:10:00-06:00,2026-09-26T08:00:00-06:00,2026-06-29T00:00:00-06:00,,1,,false,ACTIVE,EA,,VALID,CURRENT,coolit-synthetic-v2.0.0,ALL_SYNTHETIC_CUSTOMERS,ALL_SYNTHETIC_PROGRAMS,P-COMP-121,SYNTHETIC_INTERNAL,SNP-COOLIT-20260925-BL,SCN-BASELINE,INVTX-0163-1,RECEIPT,P-COMP-121,77,EA,LOT-P-COMP-121-A,LOC-SUPERMARKET,,PO-SCH-0073,,2026-07-17T10:10:00-06:00,,STANDARD_FLOW
TEN-COOLIT-SYN-001,SITE-COOLIT-SYN-01,ERP,INVENTORY_TRANSACTION,INVTX-0163-2,INVTX-0163-2,RESOLVED,2026-08-28T11:16:00-06:00,2026-09-26T08:00:00-06:00,2026-06-29T00:00:00-06:00,,1,,false,ACTIVE,EA,,VALID,CURRENT,coolit-synthetic-v2.0.0,ALL_SYNTHETIC_CUSTOMERS,ALL_SYNTHETIC_PROGRAMS,P-COMP-121,SYNTHETIC_INTERNAL,SNP-COOLIT-20260925-BL,SCN-BASELINE,INVTX-0163-2,MATERIAL_ISSUE,P-COMP-121,-57,EA,LOT-P-COMP-121-A,LOC-SUPERMARKET,WO-0003,,,2026-08-28T11:16:00-06:00,,STANDARD_FLOW
TEN-COOLIT-SYN-001,SITE-COOLIT-SYN-01,ERP,INVENTORY_TRANSACTION,INVTX-0163-3,INVTX-0163-3,RESOLVED,2026-09-19T12:42:00-06:00,2026-09-26T08:00:00-06:00,2026-06-29T00:00:00-06:00,,1,,false,ACTIVE,EA,,VALID,CURRENT,coolit-synthetic-v2.0.0,ALL_SYNTHETIC_CUSTOMERS,ALL_SYNTHETIC_PROGRAMS,P-COMP-121,SYNTHETIC_INTERNAL,SNP-COOLIT-20260925-BL,SCN-BASELINE,INVTX-0163-3,CYCLE_COUNT_ADJUSTMENT,P-COMP-121,0,EA,LOT-P-COMP-121-A,LOC-SUPERMARKET,,,,2026-09-19T12:42:00-06:00,,COUNT_RECONCILIATION
TEN-COOLIT-SYN-001,SITE-COOLIT-SYN-01,ERP,INVENTORY_TRANSACTION,INVTX-0164-1,INVTX-0164-1,RESOLVED,2026-07-18T10:03:00-06:00,2026-09-26T08:00:00-06:00,2026-06-29T00:00:00-06:00,,1,,false,ACTIVE,EA,,VALID,CURRENT,coolit-synthetic-v2.0.0,ALL_SYNTHETIC_CUSTOMERS,ALL_SYNTHETIC_PROGRAMS,P-COMP-122,SYNTHETIC_INTERNAL,SNP-COOLIT-20260925-BL,SCN-BASELINE,INVTX-0164-1,RECEIPT,P-COMP-122,78,EA,LOT-P-COMP-122-A,LOC-SUPERMARKET,,PO-SCH-0074,,2026-07-18T10:03:00-06:00,,STANDARD_FLOW
TEN-COOLIT-SYN-001,SITE-COOLIT-SYN-01,ERP,INVENTORY_TRANSACTION,INVTX-0164-2,INVTX-0164-2,RESOLVED,2026-08-29T11:09:00-06:00,2026-09-26T08:00:00-06:00,2026-06-29T00:00:00-06:00,,1,,false,ACTIVE,EA,,VALID,CURRENT,coolit-synthetic-v2.0.0,ALL_SYNTHETIC_CUSTOMERS,ALL_SYNTHETIC_PROGRAMS,P-COMP-122,SYNTHETIC_INTERNAL,SNP-COOLIT-20260925-BL,SCN-BASELINE,INVTX-0164-2,MATERIAL_ISSUE,P-COMP-122,-58,EA,LOT-P-COMP-122-A,LOC-SUPERMARKET,WO-0004,,,2026-08-29T11:09:00-06:00,,STANDARD_FLOW
TEN-COOLIT-SYN-001,SITE-COOLIT-SYN-01,ERP,INVENTORY_TRANSACTION,INVTX-0164-3,INVTX-0164-3,RESOLVED,2026-09-20T12:35:00-06:00,2026-09-26T08:00:00-06:00,2026-06-29T00:00:00-06:00,,1,,false,ACTIVE,EA,,VALID,CURRENT,coolit-synthetic-v2.0.0,ALL_SYNTHETIC_CUSTOMERS,ALL_SYNTHETIC_PROGRAMS,P-COMP-122,SYNTHETIC_INTERNAL,SNP-COOLIT-20260925-BL,SCN-BASELINE,INVTX-0164-3,CYCLE_COUNT_ADJUSTMENT,P-COMP-122,0,EA,LOT-P-COMP-122-A,LOC-SUPERMARKET,,,,2026-09-20T12:35:00-06:00,,COUNT_RECONCILIATION
TEN-COOLIT-SYN-001,SITE-COOLIT-SYN-01,ERP,INVENTORY_TRANSACTION,INVTX-0165-1,INVTX-0165-1,RESOLVED,2026-07-19T10:56:00-06:00,2026-09-26T08:00:00-06:00,2026-06-29T00:00:00-06:00,,1,,false,ACTIVE,EA,,VALID,CURRENT,coolit-synthetic-v2.0.0,ALL_SYNTHETIC_CUSTOMERS,ALL_SYNTHETIC_PROGRAMS,P-COMP-123,SYNTHETIC_INTERNAL,SNP-COOLIT-20260925-BL,SCN-BASELINE,INVTX-0165-1,RECEIPT,P-COMP-123,79,EA,LOT-P-COMP-123-A,LOC-SUPERMARKET,,PO-SCH-0075,,2026-07-19T10:56:00-06:00,,STANDARD_FLOW
TEN-COOLIT-SYN-001,SITE-COOLIT-SYN-01,ERP,INVENTORY_TRANSACTION,INVTX-0165-2,INVTX-0165-2,RESOLVED,2026-08-30T11:02:00-06:00,2026-09-26T08:00:00-06:00,2026-06-29T00:00:00-06:00,,1,,false,ACTIVE,EA,,VALID,CURRENT,coolit-synthetic-v2.0.0,ALL_SYNTHETIC_CUSTOMERS,ALL_SYNTHETIC_PROGRAMS,P-COMP-123,SYNTHETIC_INTERNAL,SNP-COOLIT-20260925-BL,SCN-BASELINE,INVTX-0165-2,MATERIAL_ISSUE,P-COMP-123,-18,EA,LOT-P-COMP-123-A,LOC-SUPERMARKET,WO-0005,,,2026-08-30T11:02:00-06:00,,STANDARD_FLOW
TEN-COOLIT-SYN-001,SITE-COOLIT-SYN-01,ERP,INVENTORY_TRANSACTION,INVTX-0165-3,INVTX-0165-3,RESOLVED,2026-09-21T12:28:00-06:00,2026-09-26T08:00:00-06:00,2026-06-29T00:00:00-06:00,,1,,false,ACTIVE,EA,,VALID,CURRENT,coolit-synthetic-v2.0.0,ALL_SYNTHETIC_CUSTOMERS,ALL_SYNTHETIC_PROGRAMS,P-COMP-123,SYNTHETIC_INTERNAL,SNP-COOLIT-20260925-BL,SCN-BASELINE,INVTX-0165-3,CYCLE_COUNT_ADJUSTMENT,P-COMP-123,0,EA,LOT-P-COMP-123-A,LOC-SUPERMARKET,,,,2026-09-21T12:28:00-06:00,,COUNT_RECONCILIATION
TEN-COOLIT-SYN-001,SITE-COOLIT-SYN-01,ERP,INVENTORY_TRANSACTION,INVTX-0166-1,INVTX-0166-1,RESOLVED,2026-07-20T10:49:00-06:00,2026-09-26T08:00:00-06:00,2026-06-29T00:00:00-06:00,,1,,false,ACTIVE,EA,,VALID,CURRENT,coolit-synthetic-v2.0.0,ALL_SYNTHETIC_CUSTOMERS,ALL_SYNTHETIC_PROGRAMS,P-COMP-124,SYNTHETIC_INTERNAL,SNP-COOLIT-20260925-BL,SCN-BASELINE,INVTX-0166-1,RECEIPT,P-COMP-124,25,EA,LOT-P-COMP-124-A,LOC-SUPERMARKET,,PO-SCH-0076,,2026-07-20T10:49:00-06:00,,STANDARD_FLOW
TEN-COOLIT-SYN-001,SITE-COOLIT-SYN-01,ERP,INVENTORY_TRANSACTION,INVTX-0166-2,INVTX-0166-2,RESOLVED,2026-08-31T11:55:00-06:00,2026-09-26T08:00:00-06:00,2026-06-29T00:00:00-06:00,,1,,false,ACTIVE,EA,,VALID,CURRENT,coolit-synthetic-v2.0.0,ALL_SYNTHETIC_CUSTOMERS,ALL_SYNTHETIC_PROGRAMS,P-COMP-124,SYNTHETIC_INTERNAL,SNP-COOLIT-20260925-BL,SCN-BASELINE,INVTX-0166-2,MATERIAL_ISSUE,P-COMP-124,-19,EA,LOT-P-COMP-124-A,LOC-SUPERMARKET,WO-0006,,,2026-08-31T11:55:00-06:00,,STANDARD_FLOW
TEN-COOLIT-SYN-001,SITE-COOLIT-SYN-01,ERP,INVENTORY_TRANSACTION,INVTX-0166-3,INVTX-0166-3,RESOLVED,2026-09-22T12:21:00-06:00,2026-09-26T08:00:00-06:00,2026-06-29T00:00:00-06:00,,1,,false,ACTIVE,EA,,VALID,CURRENT,coolit-synthetic-v2.0.0,ALL_SYNTHETIC_CUSTOMERS,ALL_SYNTHETIC_PROGRAMS,P-COMP-124,SYNTHETIC_INTERNAL,SNP-COOLIT-20260925-BL,SCN-BASELINE,INVTX-0166-3,CYCLE_COUNT_ADJUSTMENT,P-COMP-124,0,EA,LOT-P-COMP-124-A,LOC-SUPERMARKET,,,,2026-09-22T12:21:00-06:00,,COUNT_RECONCILIATION
TEN-COOLIT-SYN-001,SITE-COOLIT-SYN-01,ERP,INVENTORY_TRANSACTION,INVTX-0167-1,INVTX-0167-1,RESOLVED,2026-07-21T10:42:00-06:00,2026-09-26T08:00:00-06:00,2026-06-29T00:00:00-06:00,,1,,false,ACTIVE,EA,,VALID,CURRENT,coolit-synthetic-v2.0.0,ALL_SYNTHETIC_CUSTOMERS,ALL_SYNTHETIC_PROGRAMS,P-COMP-125,SYNTHETIC_INTERNAL,SNP-COOLIT-20260925-BL,SCN-BASELINE,INVTX-0167-1,RECEIPT,P-COMP-125,26,EA,LOT-P-COMP-125-A,LOC-SUPERMARKET,,PO-SCH-0077,,2026-07-21T10:42:00-06:00,,STANDARD_FLOW
TEN-COOLIT-SYN-001,SITE-COOLIT-SYN-01,ERP,INVENTORY_TRANSACTION,INVTX-0167-2,INVTX-0167-2,RESOLVED,2026-09-01T11:48:00-06:00,2026-09-26T08:00:00-06:00,2026-06-29T00:00:00-06:00,,1,,false,ACTIVE,EA,,VALID,CURRENT,coolit-synthetic-v2.0.0,ALL_SYNTHETIC_CUSTOMERS,ALL_SYNTHETIC_PROGRAMS,P-COMP-125,SYNTHETIC_INTERNAL,SNP-COOLIT-20260925-BL,SCN-BASELINE,INVTX-0167-2,MATERIAL_ISSUE,P-COMP-125,-20,EA,LOT-P-COMP-125-A,LOC-SUPERMARKET,WO-0007,,,2026-09-01T11:48:00-06:00,,STANDARD_FLOW
TEN-COOLIT-SYN-001,SITE-COOLIT-SYN-01,ERP,INVENTORY_TRANSACTION,INVTX-0167-3,INVTX-0167-3,RESOLVED,2026-09-23T12:14:00-06:00,2026-09-26T08:00:00-06:00,2026-06-29T00:00:00-06:00,,1,,false,ACTIVE,EA,,VALID,CURRENT,coolit-synthetic-v2.0.0,ALL_SYNTHETIC_CUSTOMERS,ALL_SYNTHETIC_PROGRAMS,P-COMP-125,SYNTHETIC_INTERNAL,SNP-COOLIT-20260925-BL,SCN-BASELINE,INVTX-0167-3,CYCLE_COUNT_ADJUSTMENT,P-COMP-125,0,EA,LOT-P-COMP-125-A,LOC-SUPERMARKET,,,,2026-09-23T12:14:00-06:00,,COUNT_RECONCILIATION
TEN-COOLIT-SYN-001,SITE-COOLIT-SYN-01,ERP,INVENTORY_TRANSACTION,INVTX-0168-1,INVTX-0168-1,RESOLVED,2026-07-22T10:35:00-06:00,2026-09-26T08:00:00-06:00,2026-06-29T00:00:00-06:00,,1,,false,ACTIVE,EA,,VALID,CURRENT,coolit-synthetic-v2.0.0,ALL_SYNTHETIC_CUSTOMERS,ALL_SYNTHETIC_PROGRAMS,P-COMP-126,SYNTHETIC_INTERNAL,SNP-COOLIT-20260925-BL,SCN-BASELINE,INVTX-0168-1,RECEIPT,P-COMP-126,27,EA,LOT-P-COMP-126-A,LOC-SUPERMARKET,,PO-SCH-0078,,2026-07-22T10:35:00-06:00,,STANDARD_FLOW
TEN-COOLIT-SYN-001,SITE-COOLIT-SYN-01,ERP,INVENTORY_TRANSACTION,INVTX-0168-2,INVTX-0168-2,RESOLVED,2026-09-02T11:41:00-06:00,2026-09-26T08:00:00-06:00,2026-06-29T00:00:00-06:00,,1,,false,ACTIVE,EA,,VALID,CURRENT,coolit-synthetic-v2.0.0,ALL_SYNTHETIC_CUSTOMERS,ALL_SYNTHETIC_PROGRAMS,P-COMP-126,SYNTHETIC_INTERNAL,SNP-COOLIT-20260925-BL,SCN-BASELINE,INVTX-0168-2,MATERIAL_ISSUE,P-COMP-126,-21,EA,LOT-P-COMP-126-A,LOC-SUPERMARKET,WO-0008,,,2026-09-02T11:41:00-06:00,,STANDARD_FLOW
TEN-COOLIT-SYN-001,SITE-COOLIT-SYN-01,ERP,INVENTORY_TRANSACTION,INVTX-0168-3,INVTX-0168-3,RESOLVED,2026-09-24T12:07:00-06:00,2026-09-26T08:00:00-06:00,2026-06-29T00:00:00-06:00,,1,,false,ACTIVE,EA,,VALID,CURRENT,coolit-synthetic-v2.0.0,ALL_SYNTHETIC_CUSTOMERS,ALL_SYNTHETIC_PROGRAMS,P-COMP-126,SYNTHETIC_INTERNAL,SNP-COOLIT-20260925-BL,SCN-BASELINE,INVTX-0168-3,CYCLE_COUNT_ADJUSTMENT,P-COMP-126,0,EA,LOT-P-COMP-126-A,LOC-SUPERMARKET,,,,2026-09-24T12:07:00-06:00,,COUNT_RECONCILIATION
TEN-COOLIT-SYN-001,SITE-COOLIT-SYN-01,ERP,INVENTORY_TRANSACTION,INVTX-0169-1,INVTX-0169-1,RESOLVED,2026-07-23T10:28:00-06:00,2026-09-26T08:00:00-06:00,2026-06-29T00:00:00-06:00,,1,,false,ACTIVE,EA,,VALID,CURRENT,coolit-synthetic-v2.0.0,ALL_SYNTHETIC_CUSTOMERS,ALL_SYNTHETIC_PROGRAMS,P-COMP-127,SYNTHETIC_INTERNAL,SNP-COOLIT-20260925-BL,SCN-BASELINE,INVTX-0169-1,RECEIPT,P-COMP-127,28,EA,LOT-P-COMP-127-A,LOC-SUPERMARKET,,PO-SCH-0079,,2026-07-23T10:28:00-06:00,,STANDARD_FLOW
TEN-COOLIT-SYN-001,SITE-COOLIT-SYN-01,ERP,INVENTORY_TRANSACTION,INVTX-0169-2,INVTX-0169-2,RESOLVED,2026-09-03T11:34:00-06:00,2026-09-26T08:00:00-06:00,2026-06-29T00:00:00-06:00,,1,,false,ACTIVE,EA,,VALID,CURRENT,coolit-synthetic-v2.0.0,ALL_SYNTHETIC_CUSTOMERS,ALL_SYNTHETIC_PROGRAMS,P-COMP-127,SYNTHETIC_INTERNAL,SNP-COOLIT-20260925-BL,SCN-BASELINE,INVTX-0169-2,MATERIAL_ISSUE,P-COMP-127,-22,EA,LOT-P-COMP-127-A,LOC-SUPERMARKET,WO-0009,,,2026-09-03T11:34:00-06:00,,STANDARD_FLOW
TEN-COOLIT-SYN-001,SITE-COOLIT-SYN-01,ERP,INVENTORY_TRANSACTION,INVTX-0169-3,INVTX-0169-3,RESOLVED,2026-09-25T12:00:00-06:00,2026-09-26T08:00:00-06:00,2026-06-29T00:00:00-06:00,,1,,false,ACTIVE,EA,,VALID,CURRENT,coolit-synthetic-v2.0.0,ALL_SYNTHETIC_CUSTOMERS,ALL_SYNTHETIC_PROGRAMS,P-COMP-127,SYNTHETIC_INTERNAL,SNP-COOLIT-20260925-BL,SCN-BASELINE,INVTX-0169-3,CYCLE_COUNT_ADJUSTMENT,P-COMP-127,0,EA,LOT-P-COMP-127-A,LOC-SUPERMARKET,,,,2026-09-25T12:00:00-06:00,,COUNT_RECONCILIATION
TEN-COOLIT-SYN-001,SITE-COOLIT-SYN-01,ERP,INVENTORY_TRANSACTION,INVTX-0170-1,INVTX-0170-1,RESOLVED,2026-07-24T10:21:00-06:00,2026-09-26T08:00:00-06:00,2026-06-29T00:00:00-06:00,,1,,false,ACTIVE,EA,,VALID,CURRENT,coolit-synthetic-v2.0.0,ALL_SYNTHETIC_CUSTOMERS,ALL_SYNTHETIC_PROGRAMS,P-COMP-128,SYNTHETIC_INTERNAL,SNP-COOLIT-20260925-BL,SCN-BASELINE,INVTX-0170-1,RECEIPT,P-COMP-128,29,EA,LOT-P-COMP-128-A,LOC-SUPERMARKET,,PO-SCH-0080,,2026-07-24T10:21:00-06:00,,STANDARD_FLOW
TEN-COOLIT-SYN-001,SITE-COOLIT-SYN-01,ERP,INVENTORY_TRANSACTION,INVTX-0170-2,INVTX-0170-2,RESOLVED,2026-09-04T11:27:00-06:00,2026-09-26T08:00:00-06:00,2026-06-29T00:00:00-06:00,,1,,false,ACTIVE,EA,,VALID,CURRENT,coolit-synthetic-v2.0.0,ALL_SYNTHETIC_CUSTOMERS,ALL_SYNTHETIC_PROGRAMS,P-COMP-128,SYNTHETIC_INTERNAL,SNP-COOLIT-20260925-BL,SCN-BASELINE,INVTX-0170-2,MATERIAL_ISSUE,P-COMP-128,-23,EA,LOT-P-COMP-128-A,LOC-SUPERMARKET,WO-0010,,,2026-09-04T11:27:00-06:00,,STANDARD_FLOW
TEN-COOLIT-SYN-001,SITE-COOLIT-SYN-01,ERP,INVENTORY_TRANSACTION,INVTX-0170-3,INVTX-0170-3,RESOLVED,2026-09-25T12:00:00-06:00,2026-09-26T08:00:00-06:00,2026-06-29T00:00:00-06:00,,1,,false,ACTIVE,EA,,VALID,CURRENT,coolit-synthetic-v2.0.0,ALL_SYNTHETIC_CUSTOMERS,ALL_SYNTHETIC_PROGRAMS,P-COMP-128,SYNTHETIC_INTERNAL,SNP-COOLIT-20260925-BL,SCN-BASELINE,INVTX-0170-3,CYCLE_COUNT_ADJUSTMENT,P-COMP-128,0,EA,LOT-P-COMP-128-A,LOC-SUPERMARKET,,,,2026-09-25T12:00:00-06:00,,COUNT_RECONCILIATION
TEN-COOLIT-SYN-001,SITE-COOLIT-SYN-01,ERP,INVENTORY_TRANSACTION,INVTX-0171-1,INVTX-0171-1,RESOLVED,2026-07-25T10:14:00-06:00,2026-09-26T08:00:00-06:00,2026-06-29T00:00:00-06:00,,1,,false,ACTIVE,EA,,VALID,CURRENT,coolit-synthetic-v2.0.0,ALL_SYNTHETIC_CUSTOMERS,ALL_SYNTHETIC_PROGRAMS,P-COMP-129,SYNTHETIC_INTERNAL,SNP-COOLIT-20260925-BL,SCN-BASELINE,INVTX-0171-1,RECEIPT,P-COMP-129,30,EA,,LOC-SUPERMARKET,,PO-SCH-0081,,2026-07-25T10:14:00-06:00,,STANDARD_FLOW
TEN-COOLIT-SYN-001,SITE-COOLIT-SYN-01,ERP,INVENTORY_TRANSACTION,INVTX-0171-2,INVTX-0171-2,RESOLVED,2026-09-05T11:20:00-06:00,2026-09-26T08:00:00-06:00,2026-06-29T00:00:00-06:00,,1,,false,ACTIVE,EA,,VALID,CURRENT,coolit-synthetic-v2.0.0,ALL_SYNTHETIC_CUSTOMERS,ALL_SYNTHETIC_PROGRAMS,P-COMP-129,SYNTHETIC_INTERNAL,SNP-COOLIT-20260925-BL,SCN-BASELINE,INVTX-0171-2,MATERIAL_ISSUE,P-COMP-129,-24,EA,,LOC-SUPERMARKET,WO-0011,,,2026-09-05T11:20:00-06:00,,STANDARD_FLOW
TEN-COOLIT-SYN-001,SITE-COOLIT-SYN-01,ERP,INVENTORY_TRANSACTION,INVTX-0171-3,INVTX-0171-3,RESOLVED,2026-09-25T12:00:00-06:00,2026-09-26T08:00:00-06:00,2026-06-29T00:00:00-06:00,,1,,false,ACTIVE,EA,,VALID,CURRENT,coolit-synthetic-v2.0.0,ALL_SYNTHETIC_CUSTOMERS,ALL_SYNTHETIC_PROGRAMS,P-COMP-129,SYNTHETIC_INTERNAL,SNP-COOLIT-20260925-BL,SCN-BASELINE,INVTX-0171-3,CYCLE_COUNT_ADJUSTMENT,P-COMP-129,-2,EA,,LOC-SUPERMARKET,,,,2026-09-25T12:00:00-06:00,,COUNT_RECONCILIATION
TEN-COOLIT-SYN-001,SITE-COOLIT-SYN-01,ERP,INVENTORY_TRANSACTION,INVTX-0172-1,INVTX-0172-1,RESOLVED,2026-07-17T10:10:00-06:00,2026-09-26T08:00:00-06:00,2026-06-29T00:00:00-06:00,,1,,false,ACTIVE,EA,,VALID,CURRENT,coolit-synthetic-v2.0.0,ALL_SYNTHETIC_CUSTOMERS,ALL_SYNTHETIC_PROGRAMS,P-COMP-130,SYNTHETIC_INTERNAL,SNP-COOLIT-20260925-BL,SCN-BASELINE,INVTX-0172-1,RECEIPT,P-COMP-130,31,EA,,LOC-SUPERMARKET,,PO-SCH-0082,,2026-07-17T10:10:00-06:00,,STANDARD_FLOW
TEN-COOLIT-SYN-001,SITE-COOLIT-SYN-01,ERP,INVENTORY_TRANSACTION,INVTX-0172-2,INVTX-0172-2,RESOLVED,2026-08-28T11:16:00-06:00,2026-09-26T08:00:00-06:00,2026-06-29T00:00:00-06:00,,1,,false,ACTIVE,EA,,VALID,CURRENT,coolit-synthetic-v2.0.0,ALL_SYNTHETIC_CUSTOMERS,ALL_SYNTHETIC_PROGRAMS,P-COMP-130,SYNTHETIC_INTERNAL,SNP-COOLIT-20260925-BL,SCN-BASELINE,INVTX-0172-2,MATERIAL_ISSUE,P-COMP-130,-25,EA,,LOC-SUPERMARKET,WO-0012,,,2026-08-28T11:16:00-06:00,,STANDARD_FLOW
TEN-COOLIT-SYN-001,SITE-COOLIT-SYN-01,ERP,INVENTORY_TRANSACTION,INVTX-0172-3,INVTX-0172-3,RESOLVED,2026-09-19T12:42:00-06:00,2026-09-26T08:00:00-06:00,2026-06-29T00:00:00-06:00,,1,,false,ACTIVE,EA,,VALID,CURRENT,coolit-synthetic-v2.0.0,ALL_SYNTHETIC_CUSTOMERS,ALL_SYNTHETIC_PROGRAMS,P-COMP-130,SYNTHETIC_INTERNAL,SNP-COOLIT-20260925-BL,SCN-BASELINE,INVTX-0172-3,CYCLE_COUNT_ADJUSTMENT,P-COMP-130,1,EA,,LOC-SUPERMARKET,,,,2026-09-19T12:42:00-06:00,,COUNT_RECONCILIATION
TEN-COOLIT-SYN-001,SITE-COOLIT-SYN-01,ERP,INVENTORY_TRANSACTION,INVTX-0173-1,INVTX-0173-1,RESOLVED,2026-07-18T10:03:00-06:00,2026-09-26T08:00:00-06:00,2026-06-29T00:00:00-06:00,,1,,false,ACTIVE,EA,,VALID,CURRENT,coolit-synthetic-v2.0.0,ALL_SYNTHETIC_CUSTOMERS,ALL_SYNTHETIC_PROGRAMS,P-COMP-131,SYNTHETIC_INTERNAL,SNP-COOLIT-20260925-BL,SCN-BASELINE,INVTX-0173-1,RECEIPT,P-COMP-131,32,EA,LOT-P-COMP-131-A,LOC-SUPERMARKET,,PO-SCH-0083,,2026-07-18T10:03:00-06:00,,STANDARD_FLOW
TEN-COOLIT-SYN-001,SITE-COOLIT-SYN-01,ERP,INVENTORY_TRANSACTION,INVTX-0173-2,INVTX-0173-2,RESOLVED,2026-08-29T11:09:00-06:00,2026-09-26T08:00:00-06:00,2026-06-29T00:00:00-06:00,,1,,false,ACTIVE,EA,,VALID,CURRENT,coolit-synthetic-v2.0.0,ALL_SYNTHETIC_CUSTOMERS,ALL_SYNTHETIC_PROGRAMS,P-COMP-131,SYNTHETIC_INTERNAL,SNP-COOLIT-20260925-BL,SCN-BASELINE,INVTX-0173-2,MATERIAL_ISSUE,P-COMP-131,-26,EA,LOT-P-COMP-131-A,LOC-SUPERMARKET,WO-0013,,,2026-08-29T11:09:00-06:00,,STANDARD_FLOW
TEN-COOLIT-SYN-001,SITE-COOLIT-SYN-01,ERP,INVENTORY_TRANSACTION,INVTX-0173-3,INVTX-0173-3,RESOLVED,2026-09-20T12:35:00-06:00,2026-09-26T08:00:00-06:00,2026-06-29T00:00:00-06:00,,1,,false,ACTIVE,EA,,VALID,CURRENT,coolit-synthetic-v2.0.0,ALL_SYNTHETIC_CUSTOMERS,ALL_SYNTHETIC_PROGRAMS,P-COMP-131,SYNTHETIC_INTERNAL,SNP-COOLIT-20260925-BL,SCN-BASELINE,INVTX-0173-3,CYCLE_COUNT_ADJUSTMENT,P-COMP-131,0,EA,LOT-P-COMP-131-A,LOC-SUPERMARKET,,,,2026-09-20T12:35:00-06:00,,COUNT_RECONCILIATION
TEN-COOLIT-SYN-001,SITE-COOLIT-SYN-01,ERP,INVENTORY_TRANSACTION,INVTX-0174-1,INVTX-0174-1,RESOLVED,2026-07-19T10:56:00-06:00,2026-09-26T08:00:00-06:00,2026-06-29T00:00:00-06:00,,1,,false,ACTIVE,EA,,VALID,CURRENT,coolit-synthetic-v2.0.0,ALL_SYNTHETIC_CUSTOMERS,ALL_SYNTHETIC_PROGRAMS,P-COMP-132,SYNTHETIC_INTERNAL,SNP-COOLIT-20260925-BL,SCN-BASELINE,INVTX-0174-1,RECEIPT,P-COMP-132,33,EA,LOT-P-COMP-132-A,LOC-SUPERMARKET,,PO-SCH-0084,,2026-07-19T10:56:00-06:00,,STANDARD_FLOW
TEN-COOLIT-SYN-001,SITE-COOLIT-SYN-01,ERP,INVENTORY_TRANSACTION,INVTX-0174-2,INVTX-0174-2,RESOLVED,2026-08-30T11:02:00-06:00,2026-09-26T08:00:00-06:00,2026-06-29T00:00:00-06:00,,1,,false,ACTIVE,EA,,VALID,CURRENT,coolit-synthetic-v2.0.0,ALL_SYNTHETIC_CUSTOMERS,ALL_SYNTHETIC_PROGRAMS,P-COMP-132,SYNTHETIC_INTERNAL,SNP-COOLIT-20260925-BL,SCN-BASELINE,INVTX-0174-2,MATERIAL_ISSUE,P-COMP-132,-27,EA,LOT-P-COMP-132-A,LOC-SUPERMARKET,WO-0014,,,2026-08-30T11:02:00-06:00,,STANDARD_FLOW
TEN-COOLIT-SYN-001,SITE-COOLIT-SYN-01,ERP,INVENTORY_TRANSACTION,INVTX-0174-3,INVTX-0174-3,RESOLVED,2026-09-21T12:28:00-06:00,2026-09-26T08:00:00-06:00,2026-06-29T00:00:00-06:00,,1,,false,ACTIVE,EA,,VALID,CURRENT,coolit-synthetic-v2.0.0,ALL_SYNTHETIC_CUSTOMERS,ALL_SYNTHETIC_PROGRAMS,P-COMP-132,SYNTHETIC_INTERNAL,SNP-COOLIT-20260925-BL,SCN-BASELINE,INVTX-0174-3,CYCLE_COUNT_ADJUSTMENT,P-COMP-132,0,EA,LOT-P-COMP-132-A,LOC-SUPERMARKET,,,,2026-09-21T12:28:00-06:00,,COUNT_RECONCILIATION
TEN-COOLIT-SYN-001,SITE-COOLIT-SYN-01,ERP,INVENTORY_TRANSACTION,INVTX-0175-1,INVTX-0175-1,RESOLVED,2026-07-20T10:49:00-06:00,2026-09-26T08:00:00-06:00,2026-06-29T00:00:00-06:00,,1,,false,ACTIVE,EA,,VALID,CURRENT,coolit-synthetic-v2.0.0,ALL_SYNTHETIC_CUSTOMERS,ALL_SYNTHETIC_PROGRAMS,P-COMP-133,SYNTHETIC_INTERNAL,SNP-COOLIT-20260925-BL,SCN-BASELINE,INVTX-0175-1,RECEIPT,P-COMP-133,34,EA,LOT-P-COMP-133-A,LOC-SUPERMARKET,,PO-SCH-0085,,2026-07-20T10:49:00-06:00,,STANDARD_FLOW
TEN-COOLIT-SYN-001,SITE-COOLIT-SYN-01,ERP,INVENTORY_TRANSACTION,INVTX-0175-2,INVTX-0175-2,RESOLVED,2026-08-31T11:55:00-06:00,2026-09-26T08:00:00-06:00,2026-06-29T00:00:00-06:00,,1,,false,ACTIVE,EA,,VALID,CURRENT,coolit-synthetic-v2.0.0,ALL_SYNTHETIC_CUSTOMERS,ALL_SYNTHETIC_PROGRAMS,P-COMP-133,SYNTHETIC_INTERNAL,SNP-COOLIT-20260925-BL,SCN-BASELINE,INVTX-0175-2,MATERIAL_ISSUE,P-COMP-133,-28,EA,LOT-P-COMP-133-A,LOC-SUPERMARKET,WO-0015,,,2026-08-31T11:55:00-06:00,,STANDARD_FLOW
TEN-COOLIT-SYN-001,SITE-COOLIT-SYN-01,ERP,INVENTORY_TRANSACTION,INVTX-0175-3,INVTX-0175-3,RESOLVED,2026-09-22T12:21:00-06:00,2026-09-26T08:00:00-06:00,2026-06-29T00:00:00-06:00,,1,,false,ACTIVE,EA,,VALID,CURRENT,coolit-synthetic-v2.0.0,ALL_SYNTHETIC_CUSTOMERS,ALL_SYNTHETIC_PROGRAMS,P-COMP-133,SYNTHETIC_INTERNAL,SNP-COOLIT-20260925-BL,SCN-BASELINE,INVTX-0175-3,CYCLE_COUNT_ADJUSTMENT,P-COMP-133,0,EA,LOT-P-COMP-133-A,LOC-SUPERMARKET,,,,2026-09-22T12:21:00-06:00,,COUNT_RECONCILIATION
TEN-COOLIT-SYN-001,SITE-COOLIT-SYN-01,ERP,INVENTORY_TRANSACTION,INVTX-0176-1,INVTX-0176-1,RESOLVED,2026-07-21T10:42:00-06:00,2026-09-26T08:00:00-06:00,2026-06-29T00:00:00-06:00,,1,,false,ACTIVE,EA,,VALID,CURRENT,coolit-synthetic-v2.0.0,ALL_SYNTHETIC_CUSTOMERS,ALL_SYNTHETIC_PROGRAMS,P-COMP-134,SYNTHETIC_INTERNAL,SNP-COOLIT-20260925-BL,SCN-BASELINE,INVTX-0176-1,RECEIPT,P-COMP-134,35,EA,LOT-P-COMP-134-A,LOC-SUPERMARKET,,PO-SCH-0086,,2026-07-21T10:42:00-06:00,,STANDARD_FLOW
TEN-COOLIT-SYN-001,SITE-COOLIT-SYN-01,ERP,INVENTORY_TRANSACTION,INVTX-0176-2,INVTX-0176-2,RESOLVED,2026-09-01T11:48:00-06:00,2026-09-26T08:00:00-06:00,2026-06-29T00:00:00-06:00,,1,,false,ACTIVE,EA,,VALID,CURRENT,coolit-synthetic-v2.0.0,ALL_SYNTHETIC_CUSTOMERS,ALL_SYNTHETIC_PROGRAMS,P-COMP-134,SYNTHETIC_INTERNAL,SNP-COOLIT-20260925-BL,SCN-BASELINE,INVTX-0176-2,MATERIAL_ISSUE,P-COMP-134,-29,EA,LOT-P-COMP-134-A,LOC-SUPERMARKET,WO-0016,,,2026-09-01T11:48:00-06:00,,STANDARD_FLOW
TEN-COOLIT-SYN-001,SITE-COOLIT-SYN-01,ERP,INVENTORY_TRANSACTION,INVTX-0176-3,INVTX-0176-3,RESOLVED,2026-09-23T12:14:00-06:00,2026-09-26T08:00:00-06:00,2026-06-29T00:00:00-06:00,,1,,false,ACTIVE,EA,,VALID,CURRENT,coolit-synthetic-v2.0.0,ALL_SYNTHETIC_CUSTOMERS,ALL_SYNTHETIC_PROGRAMS,P-COMP-134,SYNTHETIC_INTERNAL,SNP-COOLIT-20260925-BL,SCN-BASELINE,INVTX-0176-3,CYCLE_COUNT_ADJUSTMENT,P-COMP-134,0,EA,LOT-P-COMP-134-A,LOC-SUPERMARKET,,,,2026-09-23T12:14:00-06:00,,COUNT_RECONCILIATION
TEN-COOLIT-SYN-001,SITE-COOLIT-SYN-01,ERP,INVENTORY_TRANSACTION,INVTX-0177-1,INVTX-0177-1,RESOLVED,2026-07-22T10:35:00-06:00,2026-09-26T08:00:00-06:00,2026-06-29T00:00:00-06:00,,1,,false,ACTIVE,EA,,VALID,CURRENT,coolit-synthetic-v2.0.0,ALL_SYNTHETIC_CUSTOMERS,ALL_SYNTHETIC_PROGRAMS,P-COMP-135,SYNTHETIC_INTERNAL,SNP-COOLIT-20260925-BL,SCN-BASELINE,INVTX-0177-1,RECEIPT,P-COMP-135,36,EA,LOT-P-COMP-135-A,LOC-SUPERMARKET,,PO-SCH-0087,,2026-07-22T10:35:00-06:00,,STANDARD_FLOW
TEN-COOLIT-SYN-001,SITE-COOLIT-SYN-01,ERP,INVENTORY_TRANSACTION,INVTX-0177-2,INVTX-0177-2,RESOLVED,2026-09-02T11:41:00-06:00,2026-09-26T08:00:00-06:00,2026-06-29T00:00:00-06:00,,1,,false,ACTIVE,EA,,VALID,CURRENT,coolit-synthetic-v2.0.0,ALL_SYNTHETIC_CUSTOMERS,ALL_SYNTHETIC_PROGRAMS,P-COMP-135,SYNTHETIC_INTERNAL,SNP-COOLIT-20260925-BL,SCN-BASELINE,INVTX-0177-2,MATERIAL_ISSUE,P-COMP-135,-30,EA,LOT-P-COMP-135-A,LOC-SUPERMARKET,WO-0017,,,2026-09-02T11:41:00-06:00,,STANDARD_FLOW
TEN-COOLIT-SYN-001,SITE-COOLIT-SYN-01,ERP,INVENTORY_TRANSACTION,INVTX-0177-3,INVTX-0177-3,RESOLVED,2026-09-24T12:07:00-06:00,2026-09-26T08:00:00-06:00,2026-06-29T00:00:00-06:00,,1,,false,ACTIVE,EA,,VALID,CURRENT,coolit-synthetic-v2.0.0,ALL_SYNTHETIC_CUSTOMERS,ALL_SYNTHETIC_PROGRAMS,P-COMP-135,SYNTHETIC_INTERNAL,SNP-COOLIT-20260925-BL,SCN-BASELINE,INVTX-0177-3,CYCLE_COUNT_ADJUSTMENT,P-COMP-135,0,EA,LOT-P-COMP-135-A,LOC-SUPERMARKET,,,,2026-09-24T12:07:00-06:00,,COUNT_RECONCILIATION
TEN-COOLIT-SYN-001,SITE-COOLIT-SYN-01,ERP,INVENTORY_TRANSACTION,INVTX-0178-1,INVTX-0178-1,RESOLVED,2026-07-23T10:28:00-06:00,2026-09-26T08:00:00-06:00,2026-06-29T00:00:00-06:00,,1,,false,ACTIVE,EA,,VALID,CURRENT,coolit-synthetic-v2.0.0,ALL_SYNTHETIC_CUSTOMERS,ALL_SYNTHETIC_PROGRAMS,P-COMP-136,SYNTHETIC_INTERNAL,SNP-COOLIT-20260925-BL,SCN-BASELINE,INVTX-0178-1,RECEIPT,P-COMP-136,37,EA,LOT-P-COMP-136-A,LOC-SUPERMARKET,,PO-SCH-0088,,2026-07-23T10:28:00-06:00,,STANDARD_FLOW
TEN-COOLIT-SYN-001,SITE-COOLIT-SYN-01,ERP,INVENTORY_TRANSACTION,INVTX-0178-2,INVTX-0178-2,RESOLVED,2026-09-03T11:34:00-06:00,2026-09-26T08:00:00-06:00,2026-06-29T00:00:00-06:00,,1,,false,ACTIVE,EA,,VALID,CURRENT,coolit-synthetic-v2.0.0,ALL_SYNTHETIC_CUSTOMERS,ALL_SYNTHETIC_PROGRAMS,P-COMP-136,SYNTHETIC_INTERNAL,SNP-COOLIT-20260925-BL,SCN-BASELINE,INVTX-0178-2,MATERIAL_ISSUE,P-COMP-136,-31,EA,LOT-P-COMP-136-A,LOC-SUPERMARKET,WO-0018,,,2026-09-03T11:34:00-06:00,,STANDARD_FLOW
TEN-COOLIT-SYN-001,SITE-COOLIT-SYN-01,ERP,INVENTORY_TRANSACTION,INVTX-0178-3,INVTX-0178-3,RESOLVED,2026-09-25T12:00:00-06:00,2026-09-26T08:00:00-06:00,2026-06-29T00:00:00-06:00,,1,,false,ACTIVE,EA,,VALID,CURRENT,coolit-synthetic-v2.0.0,ALL_SYNTHETIC_CUSTOMERS,ALL_SYNTHETIC_PROGRAMS,P-COMP-136,SYNTHETIC_INTERNAL,SNP-COOLIT-20260925-BL,SCN-BASELINE,INVTX-0178-3,CYCLE_COUNT_ADJUSTMENT,P-COMP-136,0,EA,LOT-P-COMP-136-A,LOC-SUPERMARKET,,,,2026-09-25T12:00:00-06:00,,COUNT_RECONCILIATION
TEN-COOLIT-SYN-001,SITE-COOLIT-SYN-01,ERP,INVENTORY_TRANSACTION,INVTX-0179-1,INVTX-0179-1,RESOLVED,2026-07-24T10:21:00-06:00,2026-09-26T08:00:00-06:00,2026-06-29T00:00:00-06:00,,1,,false,ACTIVE,EA,,VALID,CURRENT,coolit-synthetic-v2.0.0,ALL_SYNTHETIC_CUSTOMERS,ALL_SYNTHETIC_PROGRAMS,P-COMP-137,SYNTHETIC_INTERNAL,SNP-COOLIT-20260925-BL,SCN-BASELINE,INVTX-0179-1,RECEIPT,P-COMP-137,38,EA,LOT-P-COMP-137-A,LOC-SUPERMARKET,,PO-SCH-0089,,2026-07-24T10:21:00-06:00,,STANDARD_FLOW
TEN-COOLIT-SYN-001,SITE-COOLIT-SYN-01,ERP,INVENTORY_TRANSACTION,INVTX-0179-2,INVTX-0179-2,RESOLVED,2026-09-04T11:27:00-06:00,2026-09-26T08:00:00-06:00,2026-06-29T00:00:00-06:00,,1,,false,ACTIVE,EA,,VALID,CURRENT,coolit-synthetic-v2.0.0,ALL_SYNTHETIC_CUSTOMERS,ALL_SYNTHETIC_PROGRAMS,P-COMP-137,SYNTHETIC_INTERNAL,SNP-COOLIT-20260925-BL,SCN-BASELINE,INVTX-0179-2,MATERIAL_ISSUE,P-COMP-137,-32,EA,LOT-P-COMP-137-A,LOC-SUPERMARKET,WO-0019,,,2026-09-04T11:27:00-06:00,,STANDARD_FLOW
TEN-COOLIT-SYN-001,SITE-COOLIT-SYN-01,ERP,INVENTORY_TRANSACTION,INVTX-0179-3,INVTX-0179-3,RESOLVED,2026-09-25T12:00:00-06:00,2026-09-26T08:00:00-06:00,2026-06-29T00:00:00-06:00,,1,,false,ACTIVE,EA,,VALID,CURRENT,coolit-synthetic-v2.0.0,ALL_SYNTHETIC_CUSTOMERS,ALL_SYNTHETIC_PROGRAMS,P-COMP-137,SYNTHETIC_INTERNAL,SNP-COOLIT-20260925-BL,SCN-BASELINE,INVTX-0179-3,CYCLE_COUNT_ADJUSTMENT,P-COMP-137,0,EA,LOT-P-COMP-137-A,LOC-SUPERMARKET,,,,2026-09-25T12:00:00-06:00,,COUNT_RECONCILIATION
TEN-COOLIT-SYN-001,SITE-COOLIT-SYN-01,ERP,INVENTORY_TRANSACTION,INVTX-0180-1,INVTX-0180-1,RESOLVED,2026-07-25T10:14:00-06:00,2026-09-26T08:00:00-06:00,2026-06-29T00:00:00-06:00,,1,,false,ACTIVE,EA,,VALID,CURRENT,coolit-synthetic-v2.0.0,ALL_SYNTHETIC_CUSTOMERS,ALL_SYNTHETIC_PROGRAMS,P-COMP-138,SYNTHETIC_INTERNAL,SNP-COOLIT-20260925-BL,SCN-BASELINE,INVTX-0180-1,RECEIPT,P-COMP-138,39,EA,LOT-P-COMP-138-A,LOC-SUPERMARKET,,PO-SCH-0090,,2026-07-25T10:14:00-06:00,,STANDARD_FLOW
TEN-COOLIT-SYN-001,SITE-COOLIT-SYN-01,ERP,INVENTORY_TRANSACTION,INVTX-0180-2,INVTX-0180-2,RESOLVED,2026-09-05T11:20:00-06:00,2026-09-26T08:00:00-06:00,2026-06-29T00:00:00-06:00,,1,,false,ACTIVE,EA,,VALID,CURRENT,coolit-synthetic-v2.0.0,ALL_SYNTHETIC_CUSTOMERS,ALL_SYNTHETIC_PROGRAMS,P-COMP-138,SYNTHETIC_INTERNAL,SNP-COOLIT-20260925-BL,SCN-BASELINE,INVTX-0180-2,MATERIAL_ISSUE,P-COMP-138,-33,EA,LOT-P-COMP-138-A,LOC-SUPERMARKET,WO-0020,,,2026-09-05T11:20:00-06:00,,STANDARD_FLOW
TEN-COOLIT-SYN-001,SITE-COOLIT-SYN-01,ERP,INVENTORY_TRANSACTION,INVTX-0180-3,INVTX-0180-3,RESOLVED,2026-09-25T12:00:00-06:00,2026-09-26T08:00:00-06:00,2026-06-29T00:00:00-06:00,,1,,false,ACTIVE,EA,,VALID,CURRENT,coolit-synthetic-v2.0.0,ALL_SYNTHETIC_CUSTOMERS,ALL_SYNTHETIC_PROGRAMS,P-COMP-138,SYNTHETIC_INTERNAL,SNP-COOLIT-20260925-BL,SCN-BASELINE,INVTX-0180-3,CYCLE_COUNT_ADJUSTMENT,P-COMP-138,0,EA,LOT-P-COMP-138-A,LOC-SUPERMARKET,,,,2026-09-25T12:00:00-06:00,,COUNT_RECONCILIATION
TEN-COOLIT-SYN-001,SITE-COOLIT-SYN-01,ERP,INVENTORY_TRANSACTION,INVTX-0181-1,INVTX-0181-1,RESOLVED,2026-07-17T10:10:00-06:00,2026-09-26T08:00:00-06:00,2026-06-29T00:00:00-06:00,,1,,false,ACTIVE,EA,,VALID,CURRENT,coolit-synthetic-v2.0.0,ALL_SYNTHETIC_CUSTOMERS,ALL_SYNTHETIC_PROGRAMS,P-COMP-139,SYNTHETIC_INTERNAL,SNP-COOLIT-20260925-BL,SCN-BASELINE,INVTX-0181-1,RECEIPT,P-COMP-139,40,EA,,LOC-SUPERMARKET,,PO-SCH-0001,,2026-07-17T10:10:00-06:00,,STANDARD_FLOW
TEN-COOLIT-SYN-001,SITE-COOLIT-SYN-01,ERP,INVENTORY_TRANSACTION,INVTX-0181-2,INVTX-0181-2,RESOLVED,2026-08-28T11:16:00-06:00,2026-09-26T08:00:00-06:00,2026-06-29T00:00:00-06:00,,1,,false,ACTIVE,EA,,VALID,CURRENT,coolit-synthetic-v2.0.0,ALL_SYNTHETIC_CUSTOMERS,ALL_SYNTHETIC_PROGRAMS,P-COMP-139,SYNTHETIC_INTERNAL,SNP-COOLIT-20260925-BL,SCN-BASELINE,INVTX-0181-2,MATERIAL_ISSUE,P-COMP-139,-34,EA,,LOC-SUPERMARKET,WO-0021,,,2026-08-28T11:16:00-06:00,,STANDARD_FLOW
TEN-COOLIT-SYN-001,SITE-COOLIT-SYN-01,ERP,INVENTORY_TRANSACTION,INVTX-0181-3,INVTX-0181-3,RESOLVED,2026-09-19T12:42:00-06:00,2026-09-26T08:00:00-06:00,2026-06-29T00:00:00-06:00,,1,,false,ACTIVE,EA,,VALID,CURRENT,coolit-synthetic-v2.0.0,ALL_SYNTHETIC_CUSTOMERS,ALL_SYNTHETIC_PROGRAMS,P-COMP-139,SYNTHETIC_INTERNAL,SNP-COOLIT-20260925-BL,SCN-BASELINE,INVTX-0181-3,CYCLE_COUNT_ADJUSTMENT,P-COMP-139,0,EA,,LOC-SUPERMARKET,,,,2026-09-19T12:42:00-06:00,,COUNT_RECONCILIATION
TEN-COOLIT-SYN-001,SITE-COOLIT-SYN-01,ERP,INVENTORY_TRANSACTION,INVTX-0182-1,INVTX-0182-1,RESOLVED,2026-07-18T10:03:00-06:00,2026-09-26T08:00:00-06:00,2026-06-29T00:00:00-06:00,,1,,false,ACTIVE,EA,,VALID,CURRENT,coolit-synthetic-v2.0.0,ALL_SYNTHETIC_CUSTOMERS,ALL_SYNTHETIC_PROGRAMS,P-COMP-140,SYNTHETIC_INTERNAL,SNP-COOLIT-20260925-BL,SCN-BASELINE,INVTX-0182-1,RECEIPT,P-COMP-140,41,EA,,LOC-SUPERMARKET,,PO-SCH-0002,,2026-07-18T10:03:00-06:00,,STANDARD_FLOW
TEN-COOLIT-SYN-001,SITE-COOLIT-SYN-01,ERP,INVENTORY_TRANSACTION,INVTX-0182-2,INVTX-0182-2,RESOLVED,2026-08-29T11:09:00-06:00,2026-09-26T08:00:00-06:00,2026-06-29T00:00:00-06:00,,1,,false,ACTIVE,EA,,VALID,CURRENT,coolit-synthetic-v2.0.0,ALL_SYNTHETIC_CUSTOMERS,ALL_SYNTHETIC_PROGRAMS,P-COMP-140,SYNTHETIC_INTERNAL,SNP-COOLIT-20260925-BL,SCN-BASELINE,INVTX-0182-2,MATERIAL_ISSUE,P-COMP-140,-35,EA,,LOC-SUPERMARKET,WO-0022,,,2026-08-29T11:09:00-06:00,,STANDARD_FLOW
TEN-COOLIT-SYN-001,SITE-COOLIT-SYN-01,ERP,INVENTORY_TRANSACTION,INVTX-0182-3,INVTX-0182-3,RESOLVED,2026-09-20T12:35:00-06:00,2026-09-26T08:00:00-06:00,2026-06-29T00:00:00-06:00,,1,,false,ACTIVE,EA,,VALID,CURRENT,coolit-synthetic-v2.0.0,ALL_SYNTHETIC_CUSTOMERS,ALL_SYNTHETIC_PROGRAMS,P-COMP-140,SYNTHETIC_INTERNAL,SNP-COOLIT-20260925-BL,SCN-BASELINE,INVTX-0182-3,CYCLE_COUNT_ADJUSTMENT,P-COMP-140,0,EA,,LOC-SUPERMARKET,,,,2026-09-20T12:35:00-06:00,,COUNT_RECONCILIATION
TEN-COOLIT-SYN-001,SITE-COOLIT-SYN-01,ERP,INVENTORY_TRANSACTION,INVTX-0183-1,INVTX-0183-1,RESOLVED,2026-07-19T10:56:00-06:00,2026-09-26T08:00:00-06:00,2026-06-29T00:00:00-06:00,,1,,false,ACTIVE,EA,,VALID,CURRENT,coolit-synthetic-v2.0.0,ALL_SYNTHETIC_CUSTOMERS,ALL_SYNTHETIC_PROGRAMS,P-COMP-141,SYNTHETIC_INTERNAL,SNP-COOLIT-20260925-BL,SCN-BASELINE,INVTX-0183-1,RECEIPT,P-COMP-141,42,EA,LOT-P-COMP-141-A,LOC-SUPERMARKET,,PO-SCH-0003,,2026-07-19T10:56:00-06:00,,STANDARD_FLOW
TEN-COOLIT-SYN-001,SITE-COOLIT-SYN-01,ERP,INVENTORY_TRANSACTION,INVTX-0183-2,INVTX-0183-2,RESOLVED,2026-08-30T11:02:00-06:00,2026-09-26T08:00:00-06:00,2026-06-29T00:00:00-06:00,,1,,false,ACTIVE,EA,,VALID,CURRENT,coolit-synthetic-v2.0.0,ALL_SYNTHETIC_CUSTOMERS,ALL_SYNTHETIC_PROGRAMS,P-COMP-141,SYNTHETIC_INTERNAL,SNP-COOLIT-20260925-BL,SCN-BASELINE,INVTX-0183-2,MATERIAL_ISSUE,P-COMP-141,-36,EA,LOT-P-COMP-141-A,LOC-SUPERMARKET,WO-0023,,,2026-08-30T11:02:00-06:00,,STANDARD_FLOW
TEN-COOLIT-SYN-001,SITE-COOLIT-SYN-01,ERP,INVENTORY_TRANSACTION,INVTX-0183-3,INVTX-0183-3,RESOLVED,2026-09-21T12:28:00-06:00,2026-09-26T08:00:00-06:00,2026-06-29T00:00:00-06:00,,1,,false,ACTIVE,EA,,VALID,CURRENT,coolit-synthetic-v2.0.0,ALL_SYNTHETIC_CUSTOMERS,ALL_SYNTHETIC_PROGRAMS,P-COMP-141,SYNTHETIC_INTERNAL,SNP-COOLIT-20260925-BL,SCN-BASELINE,INVTX-0183-3,CYCLE_COUNT_ADJUSTMENT,P-COMP-141,0,EA,LOT-P-COMP-141-A,LOC-SUPERMARKET,,,,2026-09-21T12:28:00-06:00,,COUNT_RECONCILIATION
TEN-COOLIT-SYN-001,SITE-COOLIT-SYN-01,ERP,INVENTORY_TRANSACTION,INVTX-0184-1,INVTX-0184-1,RESOLVED,2026-07-20T10:49:00-06:00,2026-09-26T08:00:00-06:00,2026-06-29T00:00:00-06:00,,1,,false,ACTIVE,EA,,VALID,CURRENT,coolit-synthetic-v2.0.0,ALL_SYNTHETIC_CUSTOMERS,ALL_SYNTHETIC_PROGRAMS,P-COMP-142,SYNTHETIC_INTERNAL,SNP-COOLIT-20260925-BL,SCN-BASELINE,INVTX-0184-1,RECEIPT,P-COMP-142,43,EA,LOT-P-COMP-142-A,LOC-SUPERMARKET,,PO-SCH-0004,,2026-07-20T10:49:00-06:00,,STANDARD_FLOW
TEN-COOLIT-SYN-001,SITE-COOLIT-SYN-01,ERP,INVENTORY_TRANSACTION,INVTX-0184-2,INVTX-0184-2,RESOLVED,2026-08-31T11:55:00-06:00,2026-09-26T08:00:00-06:00,2026-06-29T00:00:00-06:00,,1,,false,ACTIVE,EA,,VALID,CURRENT,coolit-synthetic-v2.0.0,ALL_SYNTHETIC_CUSTOMERS,ALL_SYNTHETIC_PROGRAMS,P-COMP-142,SYNTHETIC_INTERNAL,SNP-COOLIT-20260925-BL,SCN-BASELINE,INVTX-0184-2,MATERIAL_ISSUE,P-COMP-142,-37,EA,LOT-P-COMP-142-A,LOC-SUPERMARKET,WO-0024,,,2026-08-31T11:55:00-06:00,,STANDARD_FLOW
TEN-COOLIT-SYN-001,SITE-COOLIT-SYN-01,ERP,INVENTORY_TRANSACTION,INVTX-0184-3,INVTX-0184-3,RESOLVED,2026-09-22T12:21:00-06:00,2026-09-26T08:00:00-06:00,2026-06-29T00:00:00-06:00,,1,,false,ACTIVE,EA,,VALID,CURRENT,coolit-synthetic-v2.0.0,ALL_SYNTHETIC_CUSTOMERS,ALL_SYNTHETIC_PROGRAMS,P-COMP-142,SYNTHETIC_INTERNAL,SNP-COOLIT-20260925-BL,SCN-BASELINE,INVTX-0184-3,CYCLE_COUNT_ADJUSTMENT,P-COMP-142,0,EA,LOT-P-COMP-142-A,LOC-SUPERMARKET,,,,2026-09-22T12:21:00-06:00,,COUNT_RECONCILIATION
TEN-COOLIT-SYN-001,SITE-COOLIT-SYN-01,ERP,INVENTORY_TRANSACTION,INVTX-0185-1,INVTX-0185-1,RESOLVED,2026-07-21T10:42:00-06:00,2026-09-26T08:00:00-06:00,2026-06-29T00:00:00-06:00,,1,,false,ACTIVE,EA,,VALID,CURRENT,coolit-synthetic-v2.0.0,ALL_SYNTHETIC_CUSTOMERS,ALL_SYNTHETIC_PROGRAMS,P-COMP-143,SYNTHETIC_INTERNAL,SNP-COOLIT-20260925-BL,SCN-BASELINE,INVTX-0185-1,RECEIPT,P-COMP-143,44,EA,LOT-P-COMP-143-A,LOC-SUPERMARKET,,PO-SCH-0005,,2026-07-21T10:42:00-06:00,,STANDARD_FLOW
TEN-COOLIT-SYN-001,SITE-COOLIT-SYN-01,ERP,INVENTORY_TRANSACTION,INVTX-0185-2,INVTX-0185-2,RESOLVED,2026-09-01T11:48:00-06:00,2026-09-26T08:00:00-06:00,2026-06-29T00:00:00-06:00,,1,,false,ACTIVE,EA,,VALID,CURRENT,coolit-synthetic-v2.0.0,ALL_SYNTHETIC_CUSTOMERS,ALL_SYNTHETIC_PROGRAMS,P-COMP-143,SYNTHETIC_INTERNAL,SNP-COOLIT-20260925-BL,SCN-BASELINE,INVTX-0185-2,MATERIAL_ISSUE,P-COMP-143,-38,EA,LOT-P-COMP-143-A,LOC-SUPERMARKET,WO-0025,,,2026-09-01T11:48:00-06:00,,STANDARD_FLOW
TEN-COOLIT-SYN-001,SITE-COOLIT-SYN-01,ERP,INVENTORY_TRANSACTION,INVTX-0185-3,INVTX-0185-3,RESOLVED,2026-09-23T12:14:00-06:00,2026-09-26T08:00:00-06:00,2026-06-29T00:00:00-06:00,,1,,false,ACTIVE,EA,,VALID,CURRENT,coolit-synthetic-v2.0.0,ALL_SYNTHETIC_CUSTOMERS,ALL_SYNTHETIC_PROGRAMS,P-COMP-143,SYNTHETIC_INTERNAL,SNP-COOLIT-20260925-BL,SCN-BASELINE,INVTX-0185-3,CYCLE_COUNT_ADJUSTMENT,P-COMP-143,0,EA,LOT-P-COMP-143-A,LOC-SUPERMARKET,,,,2026-09-23T12:14:00-06:00,,COUNT_RECONCILIATION
TEN-COOLIT-SYN-001,SITE-COOLIT-SYN-01,ERP,INVENTORY_TRANSACTION,INVTX-0186-1,INVTX-0186-1,RESOLVED,2026-07-22T10:35:00-06:00,2026-09-26T08:00:00-06:00,2026-06-29T00:00:00-06:00,,1,,false,ACTIVE,EA,,VALID,CURRENT,coolit-synthetic-v2.0.0,ALL_SYNTHETIC_CUSTOMERS,ALL_SYNTHETIC_PROGRAMS,P-COMP-144,SYNTHETIC_INTERNAL,SNP-COOLIT-20260925-BL,SCN-BASELINE,INVTX-0186-1,RECEIPT,P-COMP-144,45,EA,LOT-P-COMP-144-A,LOC-SUPERMARKET,,PO-SCH-0006,,2026-07-22T10:35:00-06:00,,STANDARD_FLOW
TEN-COOLIT-SYN-001,SITE-COOLIT-SYN-01,ERP,INVENTORY_TRANSACTION,INVTX-0186-2,INVTX-0186-2,RESOLVED,2026-09-02T11:41:00-06:00,2026-09-26T08:00:00-06:00,2026-06-29T00:00:00-06:00,,1,,false,ACTIVE,EA,,VALID,CURRENT,coolit-synthetic-v2.0.0,ALL_SYNTHETIC_CUSTOMERS,ALL_SYNTHETIC_PROGRAMS,P-COMP-144,SYNTHETIC_INTERNAL,SNP-COOLIT-20260925-BL,SCN-BASELINE,INVTX-0186-2,MATERIAL_ISSUE,P-COMP-144,-39,EA,LOT-P-COMP-144-A,LOC-SUPERMARKET,WO-0026,,,2026-09-02T11:41:00-06:00,,STANDARD_FLOW
TEN-COOLIT-SYN-001,SITE-COOLIT-SYN-01,ERP,INVENTORY_TRANSACTION,INVTX-0186-3,INVTX-0186-3,RESOLVED,2026-09-24T12:07:00-06:00,2026-09-26T08:00:00-06:00,2026-06-29T00:00:00-06:00,,1,,false,ACTIVE,EA,,VALID,CURRENT,coolit-synthetic-v2.0.0,ALL_SYNTHETIC_CUSTOMERS,ALL_SYNTHETIC_PROGRAMS,P-COMP-144,SYNTHETIC_INTERNAL,SNP-COOLIT-20260925-BL,SCN-BASELINE,INVTX-0186-3,CYCLE_COUNT_ADJUSTMENT,P-COMP-144,0,EA,LOT-P-COMP-144-A,LOC-SUPERMARKET,,,,2026-09-24T12:07:00-06:00,,COUNT_RECONCILIATION
TEN-COOLIT-SYN-001,SITE-COOLIT-SYN-01,ERP,INVENTORY_TRANSACTION,INVTX-0187-1,INVTX-0187-1,RESOLVED,2026-07-23T10:28:00-06:00,2026-09-26T08:00:00-06:00,2026-06-29T00:00:00-06:00,,1,,false,ACTIVE,EA,,VALID,CURRENT,coolit-synthetic-v2.0.0,ALL_SYNTHETIC_CUSTOMERS,ALL_SYNTHETIC_PROGRAMS,P-COMP-145,SYNTHETIC_INTERNAL,SNP-COOLIT-20260925-BL,SCN-BASELINE,INVTX-0187-1,RECEIPT,P-COMP-145,46,EA,LOT-P-COMP-145-A,LOC-SUPERMARKET,,PO-SCH-0007,,2026-07-23T10:28:00-06:00,,STANDARD_FLOW
TEN-COOLIT-SYN-001,SITE-COOLIT-SYN-01,ERP,INVENTORY_TRANSACTION,INVTX-0187-2,INVTX-0187-2,RESOLVED,2026-09-03T11:34:00-06:00,2026-09-26T08:00:00-06:00,2026-06-29T00:00:00-06:00,,1,,false,ACTIVE,EA,,VALID,CURRENT,coolit-synthetic-v2.0.0,ALL_SYNTHETIC_CUSTOMERS,ALL_SYNTHETIC_PROGRAMS,P-COMP-145,SYNTHETIC_INTERNAL,SNP-COOLIT-20260925-BL,SCN-BASELINE,INVTX-0187-2,MATERIAL_ISSUE,P-COMP-145,-40,EA,LOT-P-COMP-145-A,LOC-SUPERMARKET,WO-0027,,,2026-09-03T11:34:00-06:00,,STANDARD_FLOW
TEN-COOLIT-SYN-001,SITE-COOLIT-SYN-01,ERP,INVENTORY_TRANSACTION,INVTX-0187-3,INVTX-0187-3,RESOLVED,2026-09-25T12:00:00-06:00,2026-09-26T08:00:00-06:00,2026-06-29T00:00:00-06:00,,1,,false,ACTIVE,EA,,VALID,CURRENT,coolit-synthetic-v2.0.0,ALL_SYNTHETIC_CUSTOMERS,ALL_SYNTHETIC_PROGRAMS,P-COMP-145,SYNTHETIC_INTERNAL,SNP-COOLIT-20260925-BL,SCN-BASELINE,INVTX-0187-3,CYCLE_COUNT_ADJUSTMENT,P-COMP-145,0,EA,LOT-P-COMP-145-A,LOC-SUPERMARKET,,,,2026-09-25T12:00:00-06:00,,COUNT_RECONCILIATION
TEN-COOLIT-SYN-001,SITE-COOLIT-SYN-01,ERP,INVENTORY_TRANSACTION,INVTX-0188-1,INVTX-0188-1,RESOLVED,2026-07-24T10:21:00-06:00,2026-09-26T08:00:00-06:00,2026-06-29T00:00:00-06:00,,1,,false,ACTIVE,EA,,VALID,CURRENT,coolit-synthetic-v2.0.0,ALL_SYNTHETIC_CUSTOMERS,ALL_SYNTHETIC_PROGRAMS,P-COMP-146,SYNTHETIC_INTERNAL,SNP-COOLIT-20260925-BL,SCN-BASELINE,INVTX-0188-1,RECEIPT,P-COMP-146,47,EA,LOT-P-COMP-146-A,LOC-SUPERMARKET,,PO-SCH-0008,,2026-07-24T10:21:00-06:00,,STANDARD_FLOW
TEN-COOLIT-SYN-001,SITE-COOLIT-SYN-01,ERP,INVENTORY_TRANSACTION,INVTX-0188-2,INVTX-0188-2,RESOLVED,2026-09-04T11:27:00-06:00,2026-09-26T08:00:00-06:00,2026-06-29T00:00:00-06:00,,1,,false,ACTIVE,EA,,VALID,CURRENT,coolit-synthetic-v2.0.0,ALL_SYNTHETIC_CUSTOMERS,ALL_SYNTHETIC_PROGRAMS,P-COMP-146,SYNTHETIC_INTERNAL,SNP-COOLIT-20260925-BL,SCN-BASELINE,INVTX-0188-2,MATERIAL_ISSUE,P-COMP-146,-41,EA,LOT-P-COMP-146-A,LOC-SUPERMARKET,WO-0028,,,2026-09-04T11:27:00-06:00,,STANDARD_FLOW
TEN-COOLIT-SYN-001,SITE-COOLIT-SYN-01,ERP,INVENTORY_TRANSACTION,INVTX-0188-3,INVTX-0188-3,RESOLVED,2026-09-25T12:00:00-06:00,2026-09-26T08:00:00-06:00,2026-06-29T00:00:00-06:00,,1,,false,ACTIVE,EA,,VALID,CURRENT,coolit-synthetic-v2.0.0,ALL_SYNTHETIC_CUSTOMERS,ALL_SYNTHETIC_PROGRAMS,P-COMP-146,SYNTHETIC_INTERNAL,SNP-COOLIT-20260925-BL,SCN-BASELINE,INVTX-0188-3,CYCLE_COUNT_ADJUSTMENT,P-COMP-146,-2,EA,LOT-P-COMP-146-A,LOC-SUPERMARKET,,,,2026-09-25T12:00:00-06:00,,COUNT_RECONCILIATION
TEN-COOLIT-SYN-001,SITE-COOLIT-SYN-01,ERP,INVENTORY_TRANSACTION,INVTX-0189-1,INVTX-0189-1,RESOLVED,2026-07-25T10:14:00-06:00,2026-09-26T08:00:00-06:00,2026-06-29T00:00:00-06:00,,1,,false,ACTIVE,EA,,VALID,CURRENT,coolit-synthetic-v2.0.0,ALL_SYNTHETIC_CUSTOMERS,ALL_SYNTHETIC_PROGRAMS,P-COMP-147,SYNTHETIC_INTERNAL,SNP-COOLIT-20260925-BL,SCN-BASELINE,INVTX-0189-1,RECEIPT,P-COMP-147,48,EA,LOT-P-COMP-147-A,LOC-SUPERMARKET,,PO-SCH-0009,,2026-07-25T10:14:00-06:00,,STANDARD_FLOW
TEN-COOLIT-SYN-001,SITE-COOLIT-SYN-01,ERP,INVENTORY_TRANSACTION,INVTX-0189-2,INVTX-0189-2,RESOLVED,2026-09-05T11:20:00-06:00,2026-09-26T08:00:00-06:00,2026-06-29T00:00:00-06:00,,1,,false,ACTIVE,EA,,VALID,CURRENT,coolit-synthetic-v2.0.0,ALL_SYNTHETIC_CUSTOMERS,ALL_SYNTHETIC_PROGRAMS,P-COMP-147,SYNTHETIC_INTERNAL,SNP-COOLIT-20260925-BL,SCN-BASELINE,INVTX-0189-2,MATERIAL_ISSUE,P-COMP-147,-42,EA,LOT-P-COMP-147-A,LOC-SUPERMARKET,WO-0029,,,2026-09-05T11:20:00-06:00,,STANDARD_FLOW
TEN-COOLIT-SYN-001,SITE-COOLIT-SYN-01,ERP,INVENTORY_TRANSACTION,INVTX-0189-3,INVTX-0189-3,RESOLVED,2026-09-25T12:00:00-06:00,2026-09-26T08:00:00-06:00,2026-06-29T00:00:00-06:00,,1,,false,ACTIVE,EA,,VALID,CURRENT,coolit-synthetic-v2.0.0,ALL_SYNTHETIC_CUSTOMERS,ALL_SYNTHETIC_PROGRAMS,P-COMP-147,SYNTHETIC_INTERNAL,SNP-COOLIT-20260925-BL,SCN-BASELINE,INVTX-0189-3,CYCLE_COUNT_ADJUSTMENT,P-COMP-147,0,EA,LOT-P-COMP-147-A,LOC-SUPERMARKET,,,,2026-09-25T12:00:00-06:00,,COUNT_RECONCILIATION
TEN-COOLIT-SYN-001,SITE-COOLIT-SYN-01,ERP,INVENTORY_TRANSACTION,INVTX-0190-1,INVTX-0190-1,RESOLVED,2026-07-17T10:10:00-06:00,2026-09-26T08:00:00-06:00,2026-06-29T00:00:00-06:00,,1,,false,ACTIVE,EA,,VALID,CURRENT,coolit-synthetic-v2.0.0,ALL_SYNTHETIC_CUSTOMERS,ALL_SYNTHETIC_PROGRAMS,P-COMP-148,SYNTHETIC_INTERNAL,SNP-COOLIT-20260925-BL,SCN-BASELINE,INVTX-0190-1,RECEIPT,P-COMP-148,49,EA,LOT-P-COMP-148-A,LOC-SUPERMARKET,,PO-SCH-0010,,2026-07-17T10:10:00-06:00,,STANDARD_FLOW
TEN-COOLIT-SYN-001,SITE-COOLIT-SYN-01,ERP,INVENTORY_TRANSACTION,INVTX-0190-2,INVTX-0190-2,RESOLVED,2026-08-28T11:16:00-06:00,2026-09-26T08:00:00-06:00,2026-06-29T00:00:00-06:00,,1,,false,ACTIVE,EA,,VALID,CURRENT,coolit-synthetic-v2.0.0,ALL_SYNTHETIC_CUSTOMERS,ALL_SYNTHETIC_PROGRAMS,P-COMP-148,SYNTHETIC_INTERNAL,SNP-COOLIT-20260925-BL,SCN-BASELINE,INVTX-0190-2,MATERIAL_ISSUE,P-COMP-148,-43,EA,LOT-P-COMP-148-A,LOC-SUPERMARKET,WO-0030,,,2026-08-28T11:16:00-06:00,,STANDARD_FLOW
TEN-COOLIT-SYN-001,SITE-COOLIT-SYN-01,ERP,INVENTORY_TRANSACTION,INVTX-0190-3,INVTX-0190-3,RESOLVED,2026-09-19T12:42:00-06:00,2026-09-26T08:00:00-06:00,2026-06-29T00:00:00-06:00,,1,,false,ACTIVE,EA,,VALID,CURRENT,coolit-synthetic-v2.0.0,ALL_SYNTHETIC_CUSTOMERS,ALL_SYNTHETIC_PROGRAMS,P-COMP-148,SYNTHETIC_INTERNAL,SNP-COOLIT-20260925-BL,SCN-BASELINE,INVTX-0190-3,CYCLE_COUNT_ADJUSTMENT,P-COMP-148,0,EA,LOT-P-COMP-148-A,LOC-SUPERMARKET,,,,2026-09-19T12:42:00-06:00,,COUNT_RECONCILIATION
TEN-COOLIT-SYN-001,SITE-COOLIT-SYN-01,ERP,INVENTORY_TRANSACTION,INVTX-0191-1,INVTX-0191-1,RESOLVED,2026-07-18T10:03:00-06:00,2026-09-26T08:00:00-06:00,2026-06-29T00:00:00-06:00,,1,,false,ACTIVE,EA,,VALID,CURRENT,coolit-synthetic-v2.0.0,ALL_SYNTHETIC_CUSTOMERS,ALL_SYNTHETIC_PROGRAMS,P-COMP-149,SYNTHETIC_INTERNAL,SNP-COOLIT-20260925-BL,SCN-BASELINE,INVTX-0191-1,RECEIPT,P-COMP-149,50,EA,,LOC-SUPERMARKET,,PO-SCH-0011,,2026-07-18T10:03:00-06:00,,STANDARD_FLOW
TEN-COOLIT-SYN-001,SITE-COOLIT-SYN-01,ERP,INVENTORY_TRANSACTION,INVTX-0191-2,INVTX-0191-2,RESOLVED,2026-08-29T11:09:00-06:00,2026-09-26T08:00:00-06:00,2026-06-29T00:00:00-06:00,,1,,false,ACTIVE,EA,,VALID,CURRENT,coolit-synthetic-v2.0.0,ALL_SYNTHETIC_CUSTOMERS,ALL_SYNTHETIC_PROGRAMS,P-COMP-149,SYNTHETIC_INTERNAL,SNP-COOLIT-20260925-BL,SCN-BASELINE,INVTX-0191-2,MATERIAL_ISSUE,P-COMP-149,-44,EA,,LOC-SUPERMARKET,WO-0031,,,2026-08-29T11:09:00-06:00,,STANDARD_FLOW
TEN-COOLIT-SYN-001,SITE-COOLIT-SYN-01,ERP,INVENTORY_TRANSACTION,INVTX-0191-3,INVTX-0191-3,RESOLVED,2026-09-20T12:35:00-06:00,2026-09-26T08:00:00-06:00,2026-06-29T00:00:00-06:00,,1,,false,ACTIVE,EA,,VALID,CURRENT,coolit-synthetic-v2.0.0,ALL_SYNTHETIC_CUSTOMERS,ALL_SYNTHETIC_PROGRAMS,P-COMP-149,SYNTHETIC_INTERNAL,SNP-COOLIT-20260925-BL,SCN-BASELINE,INVTX-0191-3,CYCLE_COUNT_ADJUSTMENT,P-COMP-149,1,EA,,LOC-SUPERMARKET,,,,2026-09-20T12:35:00-06:00,,COUNT_RECONCILIATION
TEN-COOLIT-SYN-001,SITE-COOLIT-SYN-01,ERP,INVENTORY_TRANSACTION,INVTX-0192-1,INVTX-0192-1,RESOLVED,2026-07-19T10:56:00-06:00,2026-09-26T08:00:00-06:00,2026-06-29T00:00:00-06:00,,1,,false,ACTIVE,EA,,VALID,CURRENT,coolit-synthetic-v2.0.0,ALL_SYNTHETIC_CUSTOMERS,ALL_SYNTHETIC_PROGRAMS,P-COMP-150,SYNTHETIC_INTERNAL,SNP-COOLIT-20260925-BL,SCN-BASELINE,INVTX-0192-1,RECEIPT,P-COMP-150,51,EA,,LOC-SUPERMARKET,,PO-SCH-0012,,2026-07-19T10:56:00-06:00,,STANDARD_FLOW
TEN-COOLIT-SYN-001,SITE-COOLIT-SYN-01,ERP,INVENTORY_TRANSACTION,INVTX-0192-2,INVTX-0192-2,RESOLVED,2026-08-30T11:02:00-06:00,2026-09-26T08:00:00-06:00,2026-06-29T00:00:00-06:00,,1,,false,ACTIVE,EA,,VALID,CURRENT,coolit-synthetic-v2.0.0,ALL_SYNTHETIC_CUSTOMERS,ALL_SYNTHETIC_PROGRAMS,P-COMP-150,SYNTHETIC_INTERNAL,SNP-COOLIT-20260925-BL,SCN-BASELINE,INVTX-0192-2,MATERIAL_ISSUE,P-COMP-150,-45,EA,,LOC-SUPERMARKET,WO-0032,,,2026-08-30T11:02:00-06:00,,STANDARD_FLOW
TEN-COOLIT-SYN-001,SITE-COOLIT-SYN-01,ERP,INVENTORY_TRANSACTION,INVTX-0192-3,INVTX-0192-3,RESOLVED,2026-09-21T12:28:00-06:00,2026-09-26T08:00:00-06:00,2026-06-29T00:00:00-06:00,,1,,false,ACTIVE,EA,,VALID,CURRENT,coolit-synthetic-v2.0.0,ALL_SYNTHETIC_CUSTOMERS,ALL_SYNTHETIC_PROGRAMS,P-COMP-150,SYNTHETIC_INTERNAL,SNP-COOLIT-20260925-BL,SCN-BASELINE,INVTX-0192-3,CYCLE_COUNT_ADJUSTMENT,P-COMP-150,0,EA,,LOC-SUPERMARKET,,,,2026-09-21T12:28:00-06:00,,COUNT_RECONCILIATION
TEN-COOLIT-SYN-001,SITE-COOLIT-SYN-01,ERP,INVENTORY_TRANSACTION,INVTX-0193-1,INVTX-0193-1,RESOLVED,2026-07-20T10:49:00-06:00,2026-09-26T08:00:00-06:00,2026-06-29T00:00:00-06:00,,1,,false,ACTIVE,EA,,VALID,CURRENT,coolit-synthetic-v2.0.0,ALL_SYNTHETIC_CUSTOMERS,ALL_SYNTHETIC_PROGRAMS,P-COMP-151,SYNTHETIC_INTERNAL,SNP-COOLIT-20260925-BL,SCN-BASELINE,INVTX-0193-1,RECEIPT,P-COMP-151,52,EA,LOT-P-COMP-151-A,LOC-SUPERMARKET,,PO-SCH-0013,,2026-07-20T10:49:00-06:00,,STANDARD_FLOW
TEN-COOLIT-SYN-001,SITE-COOLIT-SYN-01,ERP,INVENTORY_TRANSACTION,INVTX-0193-2,INVTX-0193-2,RESOLVED,2026-08-31T11:55:00-06:00,2026-09-26T08:00:00-06:00,2026-06-29T00:00:00-06:00,,1,,false,ACTIVE,EA,,VALID,CURRENT,coolit-synthetic-v2.0.0,ALL_SYNTHETIC_CUSTOMERS,ALL_SYNTHETIC_PROGRAMS,P-COMP-151,SYNTHETIC_INTERNAL,SNP-COOLIT-20260925-BL,SCN-BASELINE,INVTX-0193-2,MATERIAL_ISSUE,P-COMP-151,-46,EA,LOT-P-COMP-151-A,LOC-SUPERMARKET,WO-0033,,,2026-08-31T11:55:00-06:00,,STANDARD_FLOW
TEN-COOLIT-SYN-001,SITE-COOLIT-SYN-01,ERP,INVENTORY_TRANSACTION,INVTX-0193-3,INVTX-0193-3,RESOLVED,2026-09-22T12:21:00-06:00,2026-09-26T08:00:00-06:00,2026-06-29T00:00:00-06:00,,1,,false,ACTIVE,EA,,VALID,CURRENT,coolit-synthetic-v2.0.0,ALL_SYNTHETIC_CUSTOMERS,ALL_SYNTHETIC_PROGRAMS,P-COMP-151,SYNTHETIC_INTERNAL,SNP-COOLIT-20260925-BL,SCN-BASELINE,INVTX-0193-3,CYCLE_COUNT_ADJUSTMENT,P-COMP-151,0,EA,LOT-P-COMP-151-A,LOC-SUPERMARKET,,,,2026-09-22T12:21:00-06:00,,COUNT_RECONCILIATION
TEN-COOLIT-SYN-001,SITE-COOLIT-SYN-01,ERP,INVENTORY_TRANSACTION,INVTX-0194-1,INVTX-0194-1,RESOLVED,2026-07-21T10:42:00-06:00,2026-09-26T08:00:00-06:00,2026-06-29T00:00:00-06:00,,1,,false,ACTIVE,EA,,VALID,CURRENT,coolit-synthetic-v2.0.0,ALL_SYNTHETIC_CUSTOMERS,ALL_SYNTHETIC_PROGRAMS,P-COMP-152,SYNTHETIC_INTERNAL,SNP-COOLIT-20260925-BL,SCN-BASELINE,INVTX-0194-1,RECEIPT,P-COMP-152,53,EA,LOT-P-COMP-152-A,LOC-SUPERMARKET,,PO-SCH-0014,,2026-07-21T10:42:00-06:00,,STANDARD_FLOW
TEN-COOLIT-SYN-001,SITE-COOLIT-SYN-01,ERP,INVENTORY_TRANSACTION,INVTX-0194-2,INVTX-0194-2,RESOLVED,2026-09-01T11:48:00-06:00,2026-09-26T08:00:00-06:00,2026-06-29T00:00:00-06:00,,1,,false,ACTIVE,EA,,VALID,CURRENT,coolit-synthetic-v2.0.0,ALL_SYNTHETIC_CUSTOMERS,ALL_SYNTHETIC_PROGRAMS,P-COMP-152,SYNTHETIC_INTERNAL,SNP-COOLIT-20260925-BL,SCN-BASELINE,INVTX-0194-2,MATERIAL_ISSUE,P-COMP-152,-47,EA,LOT-P-COMP-152-A,LOC-SUPERMARKET,WO-0034,,,2026-09-01T11:48:00-06:00,,STANDARD_FLOW
TEN-COOLIT-SYN-001,SITE-COOLIT-SYN-01,ERP,INVENTORY_TRANSACTION,INVTX-0194-3,INVTX-0194-3,RESOLVED,2026-09-23T12:14:00-06:00,2026-09-26T08:00:00-06:00,2026-06-29T00:00:00-06:00,,1,,false,ACTIVE,EA,,VALID,CURRENT,coolit-synthetic-v2.0.0,ALL_SYNTHETIC_CUSTOMERS,ALL_SYNTHETIC_PROGRAMS,P-COMP-152,SYNTHETIC_INTERNAL,SNP-COOLIT-20260925-BL,SCN-BASELINE,INVTX-0194-3,CYCLE_COUNT_ADJUSTMENT,P-COMP-152,0,EA,LOT-P-COMP-152-A,LOC-SUPERMARKET,,,,2026-09-23T12:14:00-06:00,,COUNT_RECONCILIATION
TEN-COOLIT-SYN-001,SITE-COOLIT-SYN-01,ERP,INVENTORY_TRANSACTION,INVTX-0195-1,INVTX-0195-1,RESOLVED,2026-07-22T10:35:00-06:00,2026-09-26T08:00:00-06:00,2026-06-29T00:00:00-06:00,,1,,false,ACTIVE,EA,,VALID,CURRENT,coolit-synthetic-v2.0.0,ALL_SYNTHETIC_CUSTOMERS,ALL_SYNTHETIC_PROGRAMS,P-COMP-153,SYNTHETIC_INTERNAL,SNP-COOLIT-20260925-BL,SCN-BASELINE,INVTX-0195-1,RECEIPT,P-COMP-153,54,EA,LOT-P-COMP-153-A,LOC-SUPERMARKET,,PO-SCH-0015,,2026-07-22T10:35:00-06:00,,STANDARD_FLOW
TEN-COOLIT-SYN-001,SITE-COOLIT-SYN-01,ERP,INVENTORY_TRANSACTION,INVTX-0195-2,INVTX-0195-2,RESOLVED,2026-09-02T11:41:00-06:00,2026-09-26T08:00:00-06:00,2026-06-29T00:00:00-06:00,,1,,false,ACTIVE,EA,,VALID,CURRENT,coolit-synthetic-v2.0.0,ALL_SYNTHETIC_CUSTOMERS,ALL_SYNTHETIC_PROGRAMS,P-COMP-153,SYNTHETIC_INTERNAL,SNP-COOLIT-20260925-BL,SCN-BASELINE,INVTX-0195-2,MATERIAL_ISSUE,P-COMP-153,-48,EA,LOT-P-COMP-153-A,LOC-SUPERMARKET,WO-0035,,,2026-09-02T11:41:00-06:00,,STANDARD_FLOW
TEN-COOLIT-SYN-001,SITE-COOLIT-SYN-01,ERP,INVENTORY_TRANSACTION,INVTX-0195-3,INVTX-0195-3,RESOLVED,2026-09-24T12:07:00-06:00,2026-09-26T08:00:00-06:00,2026-06-29T00:00:00-06:00,,1,,false,ACTIVE,EA,,VALID,CURRENT,coolit-synthetic-v2.0.0,ALL_SYNTHETIC_CUSTOMERS,ALL_SYNTHETIC_PROGRAMS,P-COMP-153,SYNTHETIC_INTERNAL,SNP-COOLIT-20260925-BL,SCN-BASELINE,INVTX-0195-3,CYCLE_COUNT_ADJUSTMENT,P-COMP-153,0,EA,LOT-P-COMP-153-A,LOC-SUPERMARKET,,,,2026-09-24T12:07:00-06:00,,COUNT_RECONCILIATION
TEN-COOLIT-SYN-001,SITE-COOLIT-SYN-01,ERP,INVENTORY_TRANSACTION,INVTX-0196-1,INVTX-0196-1,RESOLVED,2026-07-23T10:28:00-06:00,2026-09-26T08:00:00-06:00,2026-06-29T00:00:00-06:00,,1,,false,ACTIVE,EA,,VALID,CURRENT,coolit-synthetic-v2.0.0,ALL_SYNTHETIC_CUSTOMERS,ALL_SYNTHETIC_PROGRAMS,P-COMP-154,SYNTHETIC_INTERNAL,SNP-COOLIT-20260925-BL,SCN-BASELINE,INVTX-0196-1,RECEIPT,P-COMP-154,55,EA,LOT-P-COMP-154-A,LOC-SUPERMARKET,,PO-SCH-0016,,2026-07-23T10:28:00-06:00,,STANDARD_FLOW
TEN-COOLIT-SYN-001,SITE-COOLIT-SYN-01,ERP,INVENTORY_TRANSACTION,INVTX-0196-2,INVTX-0196-2,RESOLVED,2026-09-03T11:34:00-06:00,2026-09-26T08:00:00-06:00,2026-06-29T00:00:00-06:00,,1,,false,ACTIVE,EA,,VALID,CURRENT,coolit-synthetic-v2.0.0,ALL_SYNTHETIC_CUSTOMERS,ALL_SYNTHETIC_PROGRAMS,P-COMP-154,SYNTHETIC_INTERNAL,SNP-COOLIT-20260925-BL,SCN-BASELINE,INVTX-0196-2,MATERIAL_ISSUE,P-COMP-154,-49,EA,LOT-P-COMP-154-A,LOC-SUPERMARKET,WO-0036,,,2026-09-03T11:34:00-06:00,,STANDARD_FLOW
TEN-COOLIT-SYN-001,SITE-COOLIT-SYN-01,ERP,INVENTORY_TRANSACTION,INVTX-0196-3,INVTX-0196-3,RESOLVED,2026-09-25T12:00:00-06:00,2026-09-26T08:00:00-06:00,2026-06-29T00:00:00-06:00,,1,,false,ACTIVE,EA,,VALID,CURRENT,coolit-synthetic-v2.0.0,ALL_SYNTHETIC_CUSTOMERS,ALL_SYNTHETIC_PROGRAMS,P-COMP-154,SYNTHETIC_INTERNAL,SNP-COOLIT-20260925-BL,SCN-BASELINE,INVTX-0196-3,CYCLE_COUNT_ADJUSTMENT,P-COMP-154,0,EA,LOT-P-COMP-154-A,LOC-SUPERMARKET,,,,2026-09-25T12:00:00-06:00,,COUNT_RECONCILIATION
TEN-COOLIT-SYN-001,SITE-COOLIT-SYN-01,ERP,INVENTORY_TRANSACTION,INVTX-0197-1,INVTX-0197-1,RESOLVED,2026-07-24T10:21:00-06:00,2026-09-26T08:00:00-06:00,2026-06-29T00:00:00-06:00,,1,,false,ACTIVE,EA,,VALID,CURRENT,coolit-synthetic-v2.0.0,ALL_SYNTHETIC_CUSTOMERS,ALL_SYNTHETIC_PROGRAMS,P-COMP-155,SYNTHETIC_INTERNAL,SNP-COOLIT-20260925-BL,SCN-BASELINE,INVTX-0197-1,RECEIPT,P-COMP-155,56,EA,LOT-P-COMP-155-A,LOC-SUPERMARKET,,PO-SCH-0017,,2026-07-24T10:21:00-06:00,,STANDARD_FLOW
TEN-COOLIT-SYN-001,SITE-COOLIT-SYN-01,ERP,INVENTORY_TRANSACTION,INVTX-0197-2,INVTX-0197-2,RESOLVED,2026-09-04T11:27:00-06:00,2026-09-26T08:00:00-06:00,2026-06-29T00:00:00-06:00,,1,,false,ACTIVE,EA,,VALID,CURRENT,coolit-synthetic-v2.0.0,ALL_SYNTHETIC_CUSTOMERS,ALL_SYNTHETIC_PROGRAMS,P-COMP-155,SYNTHETIC_INTERNAL,SNP-COOLIT-20260925-BL,SCN-BASELINE,INVTX-0197-2,MATERIAL_ISSUE,P-COMP-155,-50,EA,LOT-P-COMP-155-A,LOC-SUPERMARKET,WO-0037,,,2026-09-04T11:27:00-06:00,,STANDARD_FLOW
TEN-COOLIT-SYN-001,SITE-COOLIT-SYN-01,ERP,INVENTORY_TRANSACTION,INVTX-0197-3,INVTX-0197-3,RESOLVED,2026-09-25T12:00:00-06:00,2026-09-26T08:00:00-06:00,2026-06-29T00:00:00-06:00,,1,,false,ACTIVE,EA,,VALID,CURRENT,coolit-synthetic-v2.0.0,ALL_SYNTHETIC_CUSTOMERS,ALL_SYNTHETIC_PROGRAMS,P-COMP-155,SYNTHETIC_INTERNAL,SNP-COOLIT-20260925-BL,SCN-BASELINE,INVTX-0197-3,CYCLE_COUNT_ADJUSTMENT,P-COMP-155,0,EA,LOT-P-COMP-155-A,LOC-SUPERMARKET,,,,2026-09-25T12:00:00-06:00,,COUNT_RECONCILIATION
TEN-COOLIT-SYN-001,SITE-COOLIT-SYN-01,ERP,INVENTORY_TRANSACTION,INVTX-0198-1,INVTX-0198-1,RESOLVED,2026-07-25T10:14:00-06:00,2026-09-26T08:00:00-06:00,2026-06-29T00:00:00-06:00,,1,,false,ACTIVE,EA,,VALID,CURRENT,coolit-synthetic-v2.0.0,ALL_SYNTHETIC_CUSTOMERS,ALL_SYNTHETIC_PROGRAMS,P-COMP-156,SYNTHETIC_INTERNAL,SNP-COOLIT-20260925-BL,SCN-BASELINE,INVTX-0198-1,RECEIPT,P-COMP-156,57,EA,LOT-P-COMP-156-A,LOC-SUPERMARKET,,PO-SCH-0018,,2026-07-25T10:14:00-06:00,,STANDARD_FLOW
TEN-COOLIT-SYN-001,SITE-COOLIT-SYN-01,ERP,INVENTORY_TRANSACTION,INVTX-0198-2,INVTX-0198-2,RESOLVED,2026-09-05T11:20:00-06:00,2026-09-26T08:00:00-06:00,2026-06-29T00:00:00-06:00,,1,,false,ACTIVE,EA,,VALID,CURRENT,coolit-synthetic-v2.0.0,ALL_SYNTHETIC_CUSTOMERS,ALL_SYNTHETIC_PROGRAMS,P-COMP-156,SYNTHETIC_INTERNAL,SNP-COOLIT-20260925-BL,SCN-BASELINE,INVTX-0198-2,MATERIAL_ISSUE,P-COMP-156,-51,EA,LOT-P-COMP-156-A,LOC-SUPERMARKET,WO-0038,,,2026-09-05T11:20:00-06:00,,STANDARD_FLOW
TEN-COOLIT-SYN-001,SITE-COOLIT-SYN-01,ERP,INVENTORY_TRANSACTION,INVTX-0198-3,INVTX-0198-3,RESOLVED,2026-09-25T12:00:00-06:00,2026-09-26T08:00:00-06:00,2026-06-29T00:00:00-06:00,,1,,false,ACTIVE,EA,,VALID,CURRENT,coolit-synthetic-v2.0.0,ALL_SYNTHETIC_CUSTOMERS,ALL_SYNTHETIC_PROGRAMS,P-COMP-156,SYNTHETIC_INTERNAL,SNP-COOLIT-20260925-BL,SCN-BASELINE,INVTX-0198-3,CYCLE_COUNT_ADJUSTMENT,P-COMP-156,0,EA,LOT-P-COMP-156-A,LOC-SUPERMARKET,,,,2026-09-25T12:00:00-06:00,,COUNT_RECONCILIATION
TEN-COOLIT-SYN-001,SITE-COOLIT-SYN-01,ERP,INVENTORY_TRANSACTION,INVTX-0199-1,INVTX-0199-1,RESOLVED,2026-07-17T10:10:00-06:00,2026-09-26T08:00:00-06:00,2026-06-29T00:00:00-06:00,,1,,false,ACTIVE,EA,,VALID,CURRENT,coolit-synthetic-v2.0.0,ALL_SYNTHETIC_CUSTOMERS,ALL_SYNTHETIC_PROGRAMS,P-COMP-157,SYNTHETIC_INTERNAL,SNP-COOLIT-20260925-BL,SCN-BASELINE,INVTX-0199-1,RECEIPT,P-COMP-157,58,EA,LOT-P-COMP-157-A,LOC-SUPERMARKET,,PO-SCH-0019,,2026-07-17T10:10:00-06:00,,STANDARD_FLOW
TEN-COOLIT-SYN-001,SITE-COOLIT-SYN-01,ERP,INVENTORY_TRANSACTION,INVTX-0199-2,INVTX-0199-2,RESOLVED,2026-08-28T11:16:00-06:00,2026-09-26T08:00:00-06:00,2026-06-29T00:00:00-06:00,,1,,false,ACTIVE,EA,,VALID,CURRENT,coolit-synthetic-v2.0.0,ALL_SYNTHETIC_CUSTOMERS,ALL_SYNTHETIC_PROGRAMS,P-COMP-157,SYNTHETIC_INTERNAL,SNP-COOLIT-20260925-BL,SCN-BASELINE,INVTX-0199-2,MATERIAL_ISSUE,P-COMP-157,-52,EA,LOT-P-COMP-157-A,LOC-SUPERMARKET,WO-0039,,,2026-08-28T11:16:00-06:00,,STANDARD_FLOW
TEN-COOLIT-SYN-001,SITE-COOLIT-SYN-01,ERP,INVENTORY_TRANSACTION,INVTX-0199-3,INVTX-0199-3,RESOLVED,2026-09-19T12:42:00-06:00,2026-09-26T08:00:00-06:00,2026-06-29T00:00:00-06:00,,1,,false,ACTIVE,EA,,VALID,CURRENT,coolit-synthetic-v2.0.0,ALL_SYNTHETIC_CUSTOMERS,ALL_SYNTHETIC_PROGRAMS,P-COMP-157,SYNTHETIC_INTERNAL,SNP-COOLIT-20260925-BL,SCN-BASELINE,INVTX-0199-3,CYCLE_COUNT_ADJUSTMENT,P-COMP-157,0,EA,LOT-P-COMP-157-A,LOC-SUPERMARKET,,,,2026-09-19T12:42:00-06:00,,COUNT_RECONCILIATION
TEN-COOLIT-SYN-001,SITE-COOLIT-SYN-01,ERP,INVENTORY_TRANSACTION,INVTX-0200-1,INVTX-0200-1,RESOLVED,2026-07-18T10:03:00-06:00,2026-09-26T08:00:00-06:00,2026-06-29T00:00:00-06:00,,1,,false,ACTIVE,EA,,VALID,CURRENT,coolit-synthetic-v2.0.0,ALL_SYNTHETIC_CUSTOMERS,ALL_SYNTHETIC_PROGRAMS,P-COMP-158,SYNTHETIC_INTERNAL,SNP-COOLIT-20260925-BL,SCN-BASELINE,INVTX-0200-1,RECEIPT,P-COMP-158,59,EA,LOT-P-COMP-158-A,LOC-SUPERMARKET,,PO-SCH-0020,,2026-07-18T10:03:00-06:00,,STANDARD_FLOW
TEN-COOLIT-SYN-001,SITE-COOLIT-SYN-01,ERP,INVENTORY_TRANSACTION,INVTX-0200-2,INVTX-0200-2,RESOLVED,2026-08-29T11:09:00-06:00,2026-09-26T08:00:00-06:00,2026-06-29T00:00:00-06:00,,1,,false,ACTIVE,EA,,VALID,CURRENT,coolit-synthetic-v2.0.0,ALL_SYNTHETIC_CUSTOMERS,ALL_SYNTHETIC_PROGRAMS,P-COMP-158,SYNTHETIC_INTERNAL,SNP-COOLIT-20260925-BL,SCN-BASELINE,INVTX-0200-2,MATERIAL_ISSUE,P-COMP-158,-53,EA,LOT-P-COMP-158-A,LOC-SUPERMARKET,WO-0040,,,2026-08-29T11:09:00-06:00,,STANDARD_FLOW
TEN-COOLIT-SYN-001,SITE-COOLIT-SYN-01,ERP,INVENTORY_TRANSACTION,INVTX-0200-3,INVTX-0200-3,RESOLVED,2026-09-20T12:35:00-06:00,2026-09-26T08:00:00-06:00,2026-06-29T00:00:00-06:00,,1,,false,ACTIVE,EA,,VALID,CURRENT,coolit-synthetic-v2.0.0,ALL_SYNTHETIC_CUSTOMERS,ALL_SYNTHETIC_PROGRAMS,P-COMP-158,SYNTHETIC_INTERNAL,SNP-COOLIT-20260925-BL,SCN-BASELINE,INVTX-0200-3,CYCLE_COUNT_ADJUSTMENT,P-COMP-158,0,EA,LOT-P-COMP-158-A,LOC-SUPERMARKET,,,,2026-09-20T12:35:00-06:00,,COUNT_RECONCILIATION
TEN-COOLIT-SYN-001,SITE-COOLIT-SYN-01,ERP,INVENTORY_TRANSACTION,INVTX-0201-1,INVTX-0201-1,RESOLVED,2026-07-19T10:56:00-06:00,2026-09-26T08:00:00-06:00,2026-06-29T00:00:00-06:00,,1,,false,ACTIVE,EA,,VALID,CURRENT,coolit-synthetic-v2.0.0,ALL_SYNTHETIC_CUSTOMERS,ALL_SYNTHETIC_PROGRAMS,P-COMP-159,SYNTHETIC_INTERNAL,SNP-COOLIT-20260925-BL,SCN-BASELINE,INVTX-0201-1,RECEIPT,P-COMP-159,60,EA,,LOC-SUPERMARKET,,PO-SCH-0021,,2026-07-19T10:56:00-06:00,,STANDARD_FLOW
TEN-COOLIT-SYN-001,SITE-COOLIT-SYN-01,ERP,INVENTORY_TRANSACTION,INVTX-0201-2,INVTX-0201-2,RESOLVED,2026-08-30T11:02:00-06:00,2026-09-26T08:00:00-06:00,2026-06-29T00:00:00-06:00,,1,,false,ACTIVE,EA,,VALID,CURRENT,coolit-synthetic-v2.0.0,ALL_SYNTHETIC_CUSTOMERS,ALL_SYNTHETIC_PROGRAMS,P-COMP-159,SYNTHETIC_INTERNAL,SNP-COOLIT-20260925-BL,SCN-BASELINE,INVTX-0201-2,MATERIAL_ISSUE,P-COMP-159,-54,EA,,LOC-SUPERMARKET,WO-0001,,,2026-08-30T11:02:00-06:00,,STANDARD_FLOW
TEN-COOLIT-SYN-001,SITE-COOLIT-SYN-01,ERP,INVENTORY_TRANSACTION,INVTX-0201-3,INVTX-0201-3,RESOLVED,2026-09-21T12:28:00-06:00,2026-09-26T08:00:00-06:00,2026-06-29T00:00:00-06:00,,1,,false,ACTIVE,EA,,VALID,CURRENT,coolit-synthetic-v2.0.0,ALL_SYNTHETIC_CUSTOMERS,ALL_SYNTHETIC_PROGRAMS,P-COMP-159,SYNTHETIC_INTERNAL,SNP-COOLIT-20260925-BL,SCN-BASELINE,INVTX-0201-3,CYCLE_COUNT_ADJUSTMENT,P-COMP-159,0,EA,,LOC-SUPERMARKET,,,,2026-09-21T12:28:00-06:00,,COUNT_RECONCILIATION
TEN-COOLIT-SYN-001,SITE-COOLIT-SYN-01,ERP,INVENTORY_TRANSACTION,INVTX-0202-1,INVTX-0202-1,RESOLVED,2026-07-20T10:49:00-06:00,2026-09-26T08:00:00-06:00,2026-06-29T00:00:00-06:00,,1,,false,ACTIVE,EA,,VALID,CURRENT,coolit-synthetic-v2.0.0,ALL_SYNTHETIC_CUSTOMERS,ALL_SYNTHETIC_PROGRAMS,P-COMP-160,SYNTHETIC_INTERNAL,SNP-COOLIT-20260925-BL,SCN-BASELINE,INVTX-0202-1,RECEIPT,P-COMP-160,61,EA,,LOC-SUPERMARKET,,PO-SCH-0022,,2026-07-20T10:49:00-06:00,,STANDARD_FLOW
TEN-COOLIT-SYN-001,SITE-COOLIT-SYN-01,ERP,INVENTORY_TRANSACTION,INVTX-0202-2,INVTX-0202-2,RESOLVED,2026-08-31T11:55:00-06:00,2026-09-26T08:00:00-06:00,2026-06-29T00:00:00-06:00,,1,,false,ACTIVE,EA,,VALID,CURRENT,coolit-synthetic-v2.0.0,ALL_SYNTHETIC_CUSTOMERS,ALL_SYNTHETIC_PROGRAMS,P-COMP-160,SYNTHETIC_INTERNAL,SNP-COOLIT-20260925-BL,SCN-BASELINE,INVTX-0202-2,MATERIAL_ISSUE,P-COMP-160,-55,EA,,LOC-SUPERMARKET,WO-0002,,,2026-08-31T11:55:00-06:00,,STANDARD_FLOW
TEN-COOLIT-SYN-001,SITE-COOLIT-SYN-01,ERP,INVENTORY_TRANSACTION,INVTX-0202-3,INVTX-0202-3,RESOLVED,2026-09-22T12:21:00-06:00,2026-09-26T08:00:00-06:00,2026-06-29T00:00:00-06:00,,1,,false,ACTIVE,EA,,VALID,CURRENT,coolit-synthetic-v2.0.0,ALL_SYNTHETIC_CUSTOMERS,ALL_SYNTHETIC_PROGRAMS,P-COMP-160,SYNTHETIC_INTERNAL,SNP-COOLIT-20260925-BL,SCN-BASELINE,INVTX-0202-3,CYCLE_COUNT_ADJUSTMENT,P-COMP-160,0,EA,,LOC-SUPERMARKET,,,,2026-09-22T12:21:00-06:00,,COUNT_RECONCILIATION
TEN-COOLIT-SYN-001,SITE-COOLIT-SYN-01,ERP,INVENTORY_TRANSACTION,INVTX-0203-1,INVTX-0203-1,RESOLVED,2026-07-21T10:42:00-06:00,2026-09-26T08:00:00-06:00,2026-06-29T00:00:00-06:00,,1,,false,ACTIVE,EA,,VALID,CURRENT,coolit-synthetic-v2.0.0,ALL_SYNTHETIC_CUSTOMERS,ALL_SYNTHETIC_PROGRAMS,P-COMP-161,SYNTHETIC_INTERNAL,SNP-COOLIT-20260925-BL,SCN-BASELINE,INVTX-0203-1,RECEIPT,P-COMP-161,62,EA,LOT-P-COMP-161-A,LOC-SUPERMARKET,,PO-SCH-0023,,2026-07-21T10:42:00-06:00,,STANDARD_FLOW
TEN-COOLIT-SYN-001,SITE-COOLIT-SYN-01,ERP,INVENTORY_TRANSACTION,INVTX-0203-2,INVTX-0203-2,RESOLVED,2026-09-01T11:48:00-06:00,2026-09-26T08:00:00-06:00,2026-06-29T00:00:00-06:00,,1,,false,ACTIVE,EA,,VALID,CURRENT,coolit-synthetic-v2.0.0,ALL_SYNTHETIC_CUSTOMERS,ALL_SYNTHETIC_PROGRAMS,P-COMP-161,SYNTHETIC_INTERNAL,SNP-COOLIT-20260925-BL,SCN-BASELINE,INVTX-0203-2,MATERIAL_ISSUE,P-COMP-161,-56,EA,LOT-P-COMP-161-A,LOC-SUPERMARKET,WO-0003,,,2026-09-01T11:48:00-06:00,,STANDARD_FLOW
TEN-COOLIT-SYN-001,SITE-COOLIT-SYN-01,ERP,INVENTORY_TRANSACTION,INVTX-0203-3,INVTX-0203-3,RESOLVED,2026-09-23T12:14:00-06:00,2026-09-26T08:00:00-06:00,2026-06-29T00:00:00-06:00,,1,,false,ACTIVE,EA,,VALID,CURRENT,coolit-synthetic-v2.0.0,ALL_SYNTHETIC_CUSTOMERS,ALL_SYNTHETIC_PROGRAMS,P-COMP-161,SYNTHETIC_INTERNAL,SNP-COOLIT-20260925-BL,SCN-BASELINE,INVTX-0203-3,CYCLE_COUNT_ADJUSTMENT,P-COMP-161,0,EA,LOT-P-COMP-161-A,LOC-SUPERMARKET,,,,2026-09-23T12:14:00-06:00,,COUNT_RECONCILIATION
TEN-COOLIT-SYN-001,SITE-COOLIT-SYN-01,ERP,INVENTORY_TRANSACTION,INVTX-0204-1,INVTX-0204-1,RESOLVED,2026-07-22T10:35:00-06:00,2026-09-26T08:00:00-06:00,2026-06-29T00:00:00-06:00,,1,,false,ACTIVE,EA,,VALID,CURRENT,coolit-synthetic-v2.0.0,ALL_SYNTHETIC_CUSTOMERS,ALL_SYNTHETIC_PROGRAMS,P-COMP-162,SYNTHETIC_INTERNAL,SNP-COOLIT-20260925-BL,SCN-BASELINE,INVTX-0204-1,RECEIPT,P-COMP-162,63,EA,LOT-P-COMP-162-A,LOC-SUPERMARKET,,PO-SCH-0024,,2026-07-22T10:35:00-06:00,,STANDARD_FLOW
TEN-COOLIT-SYN-001,SITE-COOLIT-SYN-01,ERP,INVENTORY_TRANSACTION,INVTX-0204-2,INVTX-0204-2,RESOLVED,2026-09-02T11:41:00-06:00,2026-09-26T08:00:00-06:00,2026-06-29T00:00:00-06:00,,1,,false,ACTIVE,EA,,VALID,CURRENT,coolit-synthetic-v2.0.0,ALL_SYNTHETIC_CUSTOMERS,ALL_SYNTHETIC_PROGRAMS,P-COMP-162,SYNTHETIC_INTERNAL,SNP-COOLIT-20260925-BL,SCN-BASELINE,INVTX-0204-2,MATERIAL_ISSUE,P-COMP-162,-57,EA,LOT-P-COMP-162-A,LOC-SUPERMARKET,WO-0004,,,2026-09-02T11:41:00-06:00,,STANDARD_FLOW
TEN-COOLIT-SYN-001,SITE-COOLIT-SYN-01,ERP,INVENTORY_TRANSACTION,INVTX-0204-3,INVTX-0204-3,RESOLVED,2026-09-24T12:07:00-06:00,2026-09-26T08:00:00-06:00,2026-06-29T00:00:00-06:00,,1,,false,ACTIVE,EA,,VALID,CURRENT,coolit-synthetic-v2.0.0,ALL_SYNTHETIC_CUSTOMERS,ALL_SYNTHETIC_PROGRAMS,P-COMP-162,SYNTHETIC_INTERNAL,SNP-COOLIT-20260925-BL,SCN-BASELINE,INVTX-0204-3,CYCLE_COUNT_ADJUSTMENT,P-COMP-162,0,EA,LOT-P-COMP-162-A,LOC-SUPERMARKET,,,,2026-09-24T12:07:00-06:00,,COUNT_RECONCILIATION
TEN-COOLIT-SYN-001,SITE-COOLIT-SYN-01,ERP,INVENTORY_TRANSACTION,INVTX-0205-1,INVTX-0205-1,RESOLVED,2026-07-23T10:28:00-06:00,2026-09-26T08:00:00-06:00,2026-06-29T00:00:00-06:00,,1,,false,ACTIVE,EA,,VALID,CURRENT,coolit-synthetic-v2.0.0,ALL_SYNTHETIC_CUSTOMERS,ALL_SYNTHETIC_PROGRAMS,P-COMP-163,SYNTHETIC_INTERNAL,SNP-COOLIT-20260925-BL,SCN-BASELINE,INVTX-0205-1,RECEIPT,P-COMP-163,64,EA,LOT-P-COMP-163-A,LOC-SUPERMARKET,,PO-SCH-0025,,2026-07-23T10:28:00-06:00,,STANDARD_FLOW
TEN-COOLIT-SYN-001,SITE-COOLIT-SYN-01,ERP,INVENTORY_TRANSACTION,INVTX-0205-2,INVTX-0205-2,RESOLVED,2026-09-03T11:34:00-06:00,2026-09-26T08:00:00-06:00,2026-06-29T00:00:00-06:00,,1,,false,ACTIVE,EA,,VALID,CURRENT,coolit-synthetic-v2.0.0,ALL_SYNTHETIC_CUSTOMERS,ALL_SYNTHETIC_PROGRAMS,P-COMP-163,SYNTHETIC_INTERNAL,SNP-COOLIT-20260925-BL,SCN-BASELINE,INVTX-0205-2,MATERIAL_ISSUE,P-COMP-163,-58,EA,LOT-P-COMP-163-A,LOC-SUPERMARKET,WO-0005,,,2026-09-03T11:34:00-06:00,,STANDARD_FLOW
TEN-COOLIT-SYN-001,SITE-COOLIT-SYN-01,ERP,INVENTORY_TRANSACTION,INVTX-0205-3,INVTX-0205-3,RESOLVED,2026-09-25T12:00:00-06:00,2026-09-26T08:00:00-06:00,2026-06-29T00:00:00-06:00,,1,,false,ACTIVE,EA,,VALID,CURRENT,coolit-synthetic-v2.0.0,ALL_SYNTHETIC_CUSTOMERS,ALL_SYNTHETIC_PROGRAMS,P-COMP-163,SYNTHETIC_INTERNAL,SNP-COOLIT-20260925-BL,SCN-BASELINE,INVTX-0205-3,CYCLE_COUNT_ADJUSTMENT,P-COMP-163,-2,EA,LOT-P-COMP-163-A,LOC-SUPERMARKET,,,,2026-09-25T12:00:00-06:00,,COUNT_RECONCILIATION
TEN-COOLIT-SYN-001,SITE-COOLIT-SYN-01,ERP,INVENTORY_TRANSACTION,INVTX-0206-1,INVTX-0206-1,RESOLVED,2026-07-24T10:21:00-06:00,2026-09-26T08:00:00-06:00,2026-06-29T00:00:00-06:00,,1,,false,ACTIVE,EA,,VALID,CURRENT,coolit-synthetic-v2.0.0,ALL_SYNTHETIC_CUSTOMERS,ALL_SYNTHETIC_PROGRAMS,P-COMP-164,SYNTHETIC_INTERNAL,SNP-COOLIT-20260925-BL,SCN-BASELINE,INVTX-0206-1,RECEIPT,P-COMP-164,65,EA,LOT-P-COMP-164-A,LOC-SUPERMARKET,,PO-SCH-0026,,2026-07-24T10:21:00-06:00,,STANDARD_FLOW
TEN-COOLIT-SYN-001,SITE-COOLIT-SYN-01,ERP,INVENTORY_TRANSACTION,INVTX-0206-2,INVTX-0206-2,RESOLVED,2026-09-04T11:27:00-06:00,2026-09-26T08:00:00-06:00,2026-06-29T00:00:00-06:00,,1,,false,ACTIVE,EA,,VALID,CURRENT,coolit-synthetic-v2.0.0,ALL_SYNTHETIC_CUSTOMERS,ALL_SYNTHETIC_PROGRAMS,P-COMP-164,SYNTHETIC_INTERNAL,SNP-COOLIT-20260925-BL,SCN-BASELINE,INVTX-0206-2,MATERIAL_ISSUE,P-COMP-164,-18,EA,LOT-P-COMP-164-A,LOC-SUPERMARKET,WO-0006,,,2026-09-04T11:27:00-06:00,,STANDARD_FLOW
TEN-COOLIT-SYN-001,SITE-COOLIT-SYN-01,ERP,INVENTORY_TRANSACTION,INVTX-0206-3,INVTX-0206-3,RESOLVED,2026-09-25T12:00:00-06:00,2026-09-26T08:00:00-06:00,2026-06-29T00:00:00-06:00,,1,,false,ACTIVE,EA,,VALID,CURRENT,coolit-synthetic-v2.0.0,ALL_SYNTHETIC_CUSTOMERS,ALL_SYNTHETIC_PROGRAMS,P-COMP-164,SYNTHETIC_INTERNAL,SNP-COOLIT-20260925-BL,SCN-BASELINE,INVTX-0206-3,CYCLE_COUNT_ADJUSTMENT,P-COMP-164,0,EA,LOT-P-COMP-164-A,LOC-SUPERMARKET,,,,2026-09-25T12:00:00-06:00,,COUNT_RECONCILIATION
TEN-COOLIT-SYN-001,SITE-COOLIT-SYN-01,ERP,INVENTORY_TRANSACTION,INVTX-0207-1,INVTX-0207-1,RESOLVED,2026-07-25T10:14:00-06:00,2026-09-26T08:00:00-06:00,2026-06-29T00:00:00-06:00,,1,,false,ACTIVE,EA,,VALID,CURRENT,coolit-synthetic-v2.0.0,ALL_SYNTHETIC_CUSTOMERS,ALL_SYNTHETIC_PROGRAMS,P-COMP-165,SYNTHETIC_INTERNAL,SNP-COOLIT-20260925-BL,SCN-BASELINE,INVTX-0207-1,RECEIPT,P-COMP-165,66,EA,LOT-P-COMP-165-A,LOC-SUPERMARKET,,PO-SCH-0027,,2026-07-25T10:14:00-06:00,,STANDARD_FLOW
TEN-COOLIT-SYN-001,SITE-COOLIT-SYN-01,ERP,INVENTORY_TRANSACTION,INVTX-0207-2,INVTX-0207-2,RESOLVED,2026-09-05T11:20:00-06:00,2026-09-26T08:00:00-06:00,2026-06-29T00:00:00-06:00,,1,,false,ACTIVE,EA,,VALID,CURRENT,coolit-synthetic-v2.0.0,ALL_SYNTHETIC_CUSTOMERS,ALL_SYNTHETIC_PROGRAMS,P-COMP-165,SYNTHETIC_INTERNAL,SNP-COOLIT-20260925-BL,SCN-BASELINE,INVTX-0207-2,MATERIAL_ISSUE,P-COMP-165,-19,EA,LOT-P-COMP-165-A,LOC-SUPERMARKET,WO-0007,,,2026-09-05T11:20:00-06:00,,STANDARD_FLOW
TEN-COOLIT-SYN-001,SITE-COOLIT-SYN-01,ERP,INVENTORY_TRANSACTION,INVTX-0207-3,INVTX-0207-3,RESOLVED,2026-09-25T12:00:00-06:00,2026-09-26T08:00:00-06:00,2026-06-29T00:00:00-06:00,,1,,false,ACTIVE,EA,,VALID,CURRENT,coolit-synthetic-v2.0.0,ALL_SYNTHETIC_CUSTOMERS,ALL_SYNTHETIC_PROGRAMS,P-COMP-165,SYNTHETIC_INTERNAL,SNP-COOLIT-20260925-BL,SCN-BASELINE,INVTX-0207-3,CYCLE_COUNT_ADJUSTMENT,P-COMP-165,0,EA,LOT-P-COMP-165-A,LOC-SUPERMARKET,,,,2026-09-25T12:00:00-06:00,,COUNT_RECONCILIATION
TEN-COOLIT-SYN-001,SITE-COOLIT-SYN-01,ERP,INVENTORY_TRANSACTION,INVTX-0208-1,INVTX-0208-1,RESOLVED,2026-07-17T10:10:00-06:00,2026-09-26T08:00:00-06:00,2026-06-29T00:00:00-06:00,,1,,false,ACTIVE,EA,,VALID,CURRENT,coolit-synthetic-v2.0.0,ALL_SYNTHETIC_CUSTOMERS,ALL_SYNTHETIC_PROGRAMS,P-COMP-166,SYNTHETIC_INTERNAL,SNP-COOLIT-20260925-BL,SCN-BASELINE,INVTX-0208-1,RECEIPT,P-COMP-166,67,EA,LOT-P-COMP-166-A,LOC-SUPERMARKET,,PO-SCH-0028,,2026-07-17T10:10:00-06:00,,STANDARD_FLOW
TEN-COOLIT-SYN-001,SITE-COOLIT-SYN-01,ERP,INVENTORY_TRANSACTION,INVTX-0208-2,INVTX-0208-2,RESOLVED,2026-08-28T11:16:00-06:00,2026-09-26T08:00:00-06:00,2026-06-29T00:00:00-06:00,,1,,false,ACTIVE,EA,,VALID,CURRENT,coolit-synthetic-v2.0.0,ALL_SYNTHETIC_CUSTOMERS,ALL_SYNTHETIC_PROGRAMS,P-COMP-166,SYNTHETIC_INTERNAL,SNP-COOLIT-20260925-BL,SCN-BASELINE,INVTX-0208-2,MATERIAL_ISSUE,P-COMP-166,-20,EA,LOT-P-COMP-166-A,LOC-SUPERMARKET,WO-0008,,,2026-08-28T11:16:00-06:00,,STANDARD_FLOW
TEN-COOLIT-SYN-001,SITE-COOLIT-SYN-01,ERP,INVENTORY_TRANSACTION,INVTX-0208-3,INVTX-0208-3,RESOLVED,2026-09-19T12:42:00-06:00,2026-09-26T08:00:00-06:00,2026-06-29T00:00:00-06:00,,1,,false,ACTIVE,EA,,VALID,CURRENT,coolit-synthetic-v2.0.0,ALL_SYNTHETIC_CUSTOMERS,ALL_SYNTHETIC_PROGRAMS,P-COMP-166,SYNTHETIC_INTERNAL,SNP-COOLIT-20260925-BL,SCN-BASELINE,INVTX-0208-3,CYCLE_COUNT_ADJUSTMENT,P-COMP-166,0,EA,LOT-P-COMP-166-A,LOC-SUPERMARKET,,,,2026-09-19T12:42:00-06:00,,COUNT_RECONCILIATION
TEN-COOLIT-SYN-001,SITE-COOLIT-SYN-01,ERP,INVENTORY_TRANSACTION,INVTX-0209-1,INVTX-0209-1,RESOLVED,2026-07-18T10:03:00-06:00,2026-09-26T08:00:00-06:00,2026-06-29T00:00:00-06:00,,1,,false,ACTIVE,EA,,VALID,CURRENT,coolit-synthetic-v2.0.0,ALL_SYNTHETIC_CUSTOMERS,ALL_SYNTHETIC_PROGRAMS,P-COMP-167,SYNTHETIC_INTERNAL,SNP-COOLIT-20260925-BL,SCN-BASELINE,INVTX-0209-1,RECEIPT,P-COMP-167,68,EA,LOT-P-COMP-167-A,LOC-SUPERMARKET,,PO-SCH-0029,,2026-07-18T10:03:00-06:00,,STANDARD_FLOW
TEN-COOLIT-SYN-001,SITE-COOLIT-SYN-01,ERP,INVENTORY_TRANSACTION,INVTX-0209-2,INVTX-0209-2,RESOLVED,2026-08-29T11:09:00-06:00,2026-09-26T08:00:00-06:00,2026-06-29T00:00:00-06:00,,1,,false,ACTIVE,EA,,VALID,CURRENT,coolit-synthetic-v2.0.0,ALL_SYNTHETIC_CUSTOMERS,ALL_SYNTHETIC_PROGRAMS,P-COMP-167,SYNTHETIC_INTERNAL,SNP-COOLIT-20260925-BL,SCN-BASELINE,INVTX-0209-2,MATERIAL_ISSUE,P-COMP-167,-21,EA,LOT-P-COMP-167-A,LOC-SUPERMARKET,WO-0009,,,2026-08-29T11:09:00-06:00,,STANDARD_FLOW
TEN-COOLIT-SYN-001,SITE-COOLIT-SYN-01,ERP,INVENTORY_TRANSACTION,INVTX-0209-3,INVTX-0209-3,RESOLVED,2026-09-20T12:35:00-06:00,2026-09-26T08:00:00-06:00,2026-06-29T00:00:00-06:00,,1,,false,ACTIVE,EA,,VALID,CURRENT,coolit-synthetic-v2.0.0,ALL_SYNTHETIC_CUSTOMERS,ALL_SYNTHETIC_PROGRAMS,P-COMP-167,SYNTHETIC_INTERNAL,SNP-COOLIT-20260925-BL,SCN-BASELINE,INVTX-0209-3,CYCLE_COUNT_ADJUSTMENT,P-COMP-167,0,EA,LOT-P-COMP-167-A,LOC-SUPERMARKET,,,,2026-09-20T12:35:00-06:00,,COUNT_RECONCILIATION
TEN-COOLIT-SYN-001,SITE-COOLIT-SYN-01,ERP,INVENTORY_TRANSACTION,INVTX-0210-1,INVTX-0210-1,RESOLVED,2026-07-19T10:56:00-06:00,2026-09-26T08:00:00-06:00,2026-06-29T00:00:00-06:00,,1,,false,ACTIVE,EA,,VALID,CURRENT,coolit-synthetic-v2.0.0,ALL_SYNTHETIC_CUSTOMERS,ALL_SYNTHETIC_PROGRAMS,P-COMP-168,SYNTHETIC_INTERNAL,SNP-COOLIT-20260925-BL,SCN-BASELINE,INVTX-0210-1,RECEIPT,P-COMP-168,69,EA,LOT-P-COMP-168-A,LOC-SUPERMARKET,,PO-SCH-0030,,2026-07-19T10:56:00-06:00,,STANDARD_FLOW
TEN-COOLIT-SYN-001,SITE-COOLIT-SYN-01,ERP,INVENTORY_TRANSACTION,INVTX-0210-2,INVTX-0210-2,RESOLVED,2026-08-30T11:02:00-06:00,2026-09-26T08:00:00-06:00,2026-06-29T00:00:00-06:00,,1,,false,ACTIVE,EA,,VALID,CURRENT,coolit-synthetic-v2.0.0,ALL_SYNTHETIC_CUSTOMERS,ALL_SYNTHETIC_PROGRAMS,P-COMP-168,SYNTHETIC_INTERNAL,SNP-COOLIT-20260925-BL,SCN-BASELINE,INVTX-0210-2,MATERIAL_ISSUE,P-COMP-168,-22,EA,LOT-P-COMP-168-A,LOC-SUPERMARKET,WO-0010,,,2026-08-30T11:02:00-06:00,,STANDARD_FLOW
TEN-COOLIT-SYN-001,SITE-COOLIT-SYN-01,ERP,INVENTORY_TRANSACTION,INVTX-0210-3,INVTX-0210-3,RESOLVED,2026-09-21T12:28:00-06:00,2026-09-26T08:00:00-06:00,2026-06-29T00:00:00-06:00,,1,,false,ACTIVE,EA,,VALID,CURRENT,coolit-synthetic-v2.0.0,ALL_SYNTHETIC_CUSTOMERS,ALL_SYNTHETIC_PROGRAMS,P-COMP-168,SYNTHETIC_INTERNAL,SNP-COOLIT-20260925-BL,SCN-BASELINE,INVTX-0210-3,CYCLE_COUNT_ADJUSTMENT,P-COMP-168,1,EA,LOT-P-COMP-168-A,LOC-SUPERMARKET,,,,2026-09-21T12:28:00-06:00,,COUNT_RECONCILIATION
TEN-COOLIT-SYN-001,SITE-COOLIT-SYN-01,ERP,INVENTORY_TRANSACTION,INVTX-0211-1,INVTX-0211-1,RESOLVED,2026-07-20T10:49:00-06:00,2026-09-26T08:00:00-06:00,2026-06-29T00:00:00-06:00,,1,,false,ACTIVE,EA,,VALID,CURRENT,coolit-synthetic-v2.0.0,ALL_SYNTHETIC_CUSTOMERS,ALL_SYNTHETIC_PROGRAMS,P-COMP-169,SYNTHETIC_INTERNAL,SNP-COOLIT-20260925-BL,SCN-BASELINE,INVTX-0211-1,RECEIPT,P-COMP-169,70,EA,,LOC-SUPERMARKET,,PO-SCH-0031,,2026-07-20T10:49:00-06:00,,STANDARD_FLOW
TEN-COOLIT-SYN-001,SITE-COOLIT-SYN-01,ERP,INVENTORY_TRANSACTION,INVTX-0211-2,INVTX-0211-2,RESOLVED,2026-08-31T11:55:00-06:00,2026-09-26T08:00:00-06:00,2026-06-29T00:00:00-06:00,,1,,false,ACTIVE,EA,,VALID,CURRENT,coolit-synthetic-v2.0.0,ALL_SYNTHETIC_CUSTOMERS,ALL_SYNTHETIC_PROGRAMS,P-COMP-169,SYNTHETIC_INTERNAL,SNP-COOLIT-20260925-BL,SCN-BASELINE,INVTX-0211-2,MATERIAL_ISSUE,P-COMP-169,-23,EA,,LOC-SUPERMARKET,WO-0011,,,2026-08-31T11:55:00-06:00,,STANDARD_FLOW
TEN-COOLIT-SYN-001,SITE-COOLIT-SYN-01,ERP,INVENTORY_TRANSACTION,INVTX-0211-3,INVTX-0211-3,RESOLVED,2026-09-22T12:21:00-06:00,2026-09-26T08:00:00-06:00,2026-06-29T00:00:00-06:00,,1,,false,ACTIVE,EA,,VALID,CURRENT,coolit-synthetic-v2.0.0,ALL_SYNTHETIC_CUSTOMERS,ALL_SYNTHETIC_PROGRAMS,P-COMP-169,SYNTHETIC_INTERNAL,SNP-COOLIT-20260925-BL,SCN-BASELINE,INVTX-0211-3,CYCLE_COUNT_ADJUSTMENT,P-COMP-169,0,EA,,LOC-SUPERMARKET,,,,2026-09-22T12:21:00-06:00,,COUNT_RECONCILIATION
TEN-COOLIT-SYN-001,SITE-COOLIT-SYN-01,ERP,INVENTORY_TRANSACTION,INVTX-0212-1,INVTX-0212-1,RESOLVED,2026-07-21T10:42:00-06:00,2026-09-26T08:00:00-06:00,2026-06-29T00:00:00-06:00,,1,,false,ACTIVE,EA,,VALID,CURRENT,coolit-synthetic-v2.0.0,ALL_SYNTHETIC_CUSTOMERS,ALL_SYNTHETIC_PROGRAMS,P-COMP-170,SYNTHETIC_INTERNAL,SNP-COOLIT-20260925-BL,SCN-BASELINE,INVTX-0212-1,RECEIPT,P-COMP-170,71,EA,,LOC-SUPERMARKET,,PO-SCH-0032,,2026-07-21T10:42:00-06:00,,STANDARD_FLOW
TEN-COOLIT-SYN-001,SITE-COOLIT-SYN-01,ERP,INVENTORY_TRANSACTION,INVTX-0212-2,INVTX-0212-2,RESOLVED,2026-09-01T11:48:00-06:00,2026-09-26T08:00:00-06:00,2026-06-29T00:00:00-06:00,,1,,false,ACTIVE,EA,,VALID,CURRENT,coolit-synthetic-v2.0.0,ALL_SYNTHETIC_CUSTOMERS,ALL_SYNTHETIC_PROGRAMS,P-COMP-170,SYNTHETIC_INTERNAL,SNP-COOLIT-20260925-BL,SCN-BASELINE,INVTX-0212-2,MATERIAL_ISSUE,P-COMP-170,-24,EA,,LOC-SUPERMARKET,WO-0012,,,2026-09-01T11:48:00-06:00,,STANDARD_FLOW
TEN-COOLIT-SYN-001,SITE-COOLIT-SYN-01,ERP,INVENTORY_TRANSACTION,INVTX-0212-3,INVTX-0212-3,RESOLVED,2026-09-23T12:14:00-06:00,2026-09-26T08:00:00-06:00,2026-06-29T00:00:00-06:00,,1,,false,ACTIVE,EA,,VALID,CURRENT,coolit-synthetic-v2.0.0,ALL_SYNTHETIC_CUSTOMERS,ALL_SYNTHETIC_PROGRAMS,P-COMP-170,SYNTHETIC_INTERNAL,SNP-COOLIT-20260925-BL,SCN-BASELINE,INVTX-0212-3,CYCLE_COUNT_ADJUSTMENT,P-COMP-170,0,EA,,LOC-SUPERMARKET,,,,2026-09-23T12:14:00-06:00,,COUNT_RECONCILIATION
TEN-COOLIT-SYN-001,SITE-COOLIT-SYN-01,ERP,INVENTORY_TRANSACTION,INVTX-0213-1,INVTX-0213-1,RESOLVED,2026-07-22T10:35:00-06:00,2026-09-26T08:00:00-06:00,2026-06-29T00:00:00-06:00,,1,,false,ACTIVE,EA,,VALID,CURRENT,coolit-synthetic-v2.0.0,ALL_SYNTHETIC_CUSTOMERS,ALL_SYNTHETIC_PROGRAMS,P-COMP-171,SYNTHETIC_INTERNAL,SNP-COOLIT-20260925-BL,SCN-BASELINE,INVTX-0213-1,RECEIPT,P-COMP-171,72,EA,LOT-P-COMP-171-A,LOC-SUPERMARKET,,PO-SCH-0033,,2026-07-22T10:35:00-06:00,,STANDARD_FLOW
TEN-COOLIT-SYN-001,SITE-COOLIT-SYN-01,ERP,INVENTORY_TRANSACTION,INVTX-0213-2,INVTX-0213-2,RESOLVED,2026-09-02T11:41:00-06:00,2026-09-26T08:00:00-06:00,2026-06-29T00:00:00-06:00,,1,,false,ACTIVE,EA,,VALID,CURRENT,coolit-synthetic-v2.0.0,ALL_SYNTHETIC_CUSTOMERS,ALL_SYNTHETIC_PROGRAMS,P-COMP-171,SYNTHETIC_INTERNAL,SNP-COOLIT-20260925-BL,SCN-BASELINE,INVTX-0213-2,MATERIAL_ISSUE,P-COMP-171,-25,EA,LOT-P-COMP-171-A,LOC-SUPERMARKET,WO-0013,,,2026-09-02T11:41:00-06:00,,STANDARD_FLOW
TEN-COOLIT-SYN-001,SITE-COOLIT-SYN-01,ERP,INVENTORY_TRANSACTION,INVTX-0213-3,INVTX-0213-3,RESOLVED,2026-09-24T12:07:00-06:00,2026-09-26T08:00:00-06:00,2026-06-29T00:00:00-06:00,,1,,false,ACTIVE,EA,,VALID,CURRENT,coolit-synthetic-v2.0.0,ALL_SYNTHETIC_CUSTOMERS,ALL_SYNTHETIC_PROGRAMS,P-COMP-171,SYNTHETIC_INTERNAL,SNP-COOLIT-20260925-BL,SCN-BASELINE,INVTX-0213-3,CYCLE_COUNT_ADJUSTMENT,P-COMP-171,0,EA,LOT-P-COMP-171-A,LOC-SUPERMARKET,,,,2026-09-24T12:07:00-06:00,,COUNT_RECONCILIATION
TEN-COOLIT-SYN-001,SITE-COOLIT-SYN-01,ERP,INVENTORY_TRANSACTION,INVTX-0214-1,INVTX-0214-1,RESOLVED,2026-07-23T10:28:00-06:00,2026-09-26T08:00:00-06:00,2026-06-29T00:00:00-06:00,,1,,false,ACTIVE,EA,,VALID,CURRENT,coolit-synthetic-v2.0.0,ALL_SYNTHETIC_CUSTOMERS,ALL_SYNTHETIC_PROGRAMS,P-COMP-172,SYNTHETIC_INTERNAL,SNP-COOLIT-20260925-BL,SCN-BASELINE,INVTX-0214-1,RECEIPT,P-COMP-172,73,EA,LOT-P-COMP-172-A,LOC-SUPERMARKET,,PO-SCH-0034,,2026-07-23T10:28:00-06:00,,STANDARD_FLOW
TEN-COOLIT-SYN-001,SITE-COOLIT-SYN-01,ERP,INVENTORY_TRANSACTION,INVTX-0214-2,INVTX-0214-2,RESOLVED,2026-09-03T11:34:00-06:00,2026-09-26T08:00:00-06:00,2026-06-29T00:00:00-06:00,,1,,false,ACTIVE,EA,,VALID,CURRENT,coolit-synthetic-v2.0.0,ALL_SYNTHETIC_CUSTOMERS,ALL_SYNTHETIC_PROGRAMS,P-COMP-172,SYNTHETIC_INTERNAL,SNP-COOLIT-20260925-BL,SCN-BASELINE,INVTX-0214-2,MATERIAL_ISSUE,P-COMP-172,-26,EA,LOT-P-COMP-172-A,LOC-SUPERMARKET,WO-0014,,,2026-09-03T11:34:00-06:00,,STANDARD_FLOW
TEN-COOLIT-SYN-001,SITE-COOLIT-SYN-01,ERP,INVENTORY_TRANSACTION,INVTX-0214-3,INVTX-0214-3,RESOLVED,2026-09-25T12:00:00-06:00,2026-09-26T08:00:00-06:00,2026-06-29T00:00:00-06:00,,1,,false,ACTIVE,EA,,VALID,CURRENT,coolit-synthetic-v2.0.0,ALL_SYNTHETIC_CUSTOMERS,ALL_SYNTHETIC_PROGRAMS,P-COMP-172,SYNTHETIC_INTERNAL,SNP-COOLIT-20260925-BL,SCN-BASELINE,INVTX-0214-3,CYCLE_COUNT_ADJUSTMENT,P-COMP-172,0,EA,LOT-P-COMP-172-A,LOC-SUPERMARKET,,,,2026-09-25T12:00:00-06:00,,COUNT_RECONCILIATION
TEN-COOLIT-SYN-001,SITE-COOLIT-SYN-01,ERP,INVENTORY_TRANSACTION,INVTX-0215-1,INVTX-0215-1,RESOLVED,2026-07-24T10:21:00-06:00,2026-09-26T08:00:00-06:00,2026-06-29T00:00:00-06:00,,1,,false,ACTIVE,EA,,VALID,CURRENT,coolit-synthetic-v2.0.0,ALL_SYNTHETIC_CUSTOMERS,ALL_SYNTHETIC_PROGRAMS,P-COMP-173,SYNTHETIC_INTERNAL,SNP-COOLIT-20260925-BL,SCN-BASELINE,INVTX-0215-1,RECEIPT,P-COMP-173,74,EA,LOT-P-COMP-173-A,LOC-SUPERMARKET,,PO-SCH-0035,,2026-07-24T10:21:00-06:00,,STANDARD_FLOW
TEN-COOLIT-SYN-001,SITE-COOLIT-SYN-01,ERP,INVENTORY_TRANSACTION,INVTX-0215-2,INVTX-0215-2,RESOLVED,2026-09-04T11:27:00-06:00,2026-09-26T08:00:00-06:00,2026-06-29T00:00:00-06:00,,1,,false,ACTIVE,EA,,VALID,CURRENT,coolit-synthetic-v2.0.0,ALL_SYNTHETIC_CUSTOMERS,ALL_SYNTHETIC_PROGRAMS,P-COMP-173,SYNTHETIC_INTERNAL,SNP-COOLIT-20260925-BL,SCN-BASELINE,INVTX-0215-2,MATERIAL_ISSUE,P-COMP-173,-27,EA,LOT-P-COMP-173-A,LOC-SUPERMARKET,WO-0015,,,2026-09-04T11:27:00-06:00,,STANDARD_FLOW
TEN-COOLIT-SYN-001,SITE-COOLIT-SYN-01,ERP,INVENTORY_TRANSACTION,INVTX-0215-3,INVTX-0215-3,RESOLVED,2026-09-25T12:00:00-06:00,2026-09-26T08:00:00-06:00,2026-06-29T00:00:00-06:00,,1,,false,ACTIVE,EA,,VALID,CURRENT,coolit-synthetic-v2.0.0,ALL_SYNTHETIC_CUSTOMERS,ALL_SYNTHETIC_PROGRAMS,P-COMP-173,SYNTHETIC_INTERNAL,SNP-COOLIT-20260925-BL,SCN-BASELINE,INVTX-0215-3,CYCLE_COUNT_ADJUSTMENT,P-COMP-173,0,EA,LOT-P-COMP-173-A,LOC-SUPERMARKET,,,,2026-09-25T12:00:00-06:00,,COUNT_RECONCILIATION
TEN-COOLIT-SYN-001,SITE-COOLIT-SYN-01,ERP,INVENTORY_TRANSACTION,INVTX-0216-1,INVTX-0216-1,RESOLVED,2026-07-25T10:14:00-06:00,2026-09-26T08:00:00-06:00,2026-06-29T00:00:00-06:00,,1,,false,ACTIVE,EA,,VALID,CURRENT,coolit-synthetic-v2.0.0,ALL_SYNTHETIC_CUSTOMERS,ALL_SYNTHETIC_PROGRAMS,P-COMP-174,SYNTHETIC_INTERNAL,SNP-COOLIT-20260925-BL,SCN-BASELINE,INVTX-0216-1,RECEIPT,P-COMP-174,75,EA,LOT-P-COMP-174-A,LOC-SUPERMARKET,,PO-SCH-0036,,2026-07-25T10:14:00-06:00,,STANDARD_FLOW
TEN-COOLIT-SYN-001,SITE-COOLIT-SYN-01,ERP,INVENTORY_TRANSACTION,INVTX-0216-2,INVTX-0216-2,RESOLVED,2026-09-05T11:20:00-06:00,2026-09-26T08:00:00-06:00,2026-06-29T00:00:00-06:00,,1,,false,ACTIVE,EA,,VALID,CURRENT,coolit-synthetic-v2.0.0,ALL_SYNTHETIC_CUSTOMERS,ALL_SYNTHETIC_PROGRAMS,P-COMP-174,SYNTHETIC_INTERNAL,SNP-COOLIT-20260925-BL,SCN-BASELINE,INVTX-0216-2,MATERIAL_ISSUE,P-COMP-174,-28,EA,LOT-P-COMP-174-A,LOC-SUPERMARKET,WO-0016,,,2026-09-05T11:20:00-06:00,,STANDARD_FLOW
TEN-COOLIT-SYN-001,SITE-COOLIT-SYN-01,ERP,INVENTORY_TRANSACTION,INVTX-0216-3,INVTX-0216-3,RESOLVED,2026-09-25T12:00:00-06:00,2026-09-26T08:00:00-06:00,2026-06-29T00:00:00-06:00,,1,,false,ACTIVE,EA,,VALID,CURRENT,coolit-synthetic-v2.0.0,ALL_SYNTHETIC_CUSTOMERS,ALL_SYNTHETIC_PROGRAMS,P-COMP-174,SYNTHETIC_INTERNAL,SNP-COOLIT-20260925-BL,SCN-BASELINE,INVTX-0216-3,CYCLE_COUNT_ADJUSTMENT,P-COMP-174,0,EA,LOT-P-COMP-174-A,LOC-SUPERMARKET,,,,2026-09-25T12:00:00-06:00,,COUNT_RECONCILIATION
TEN-COOLIT-SYN-001,SITE-COOLIT-SYN-01,ERP,INVENTORY_TRANSACTION,INVTX-0217-1,INVTX-0217-1,RESOLVED,2026-07-17T10:10:00-06:00,2026-09-26T08:00:00-06:00,2026-06-29T00:00:00-06:00,,1,,false,ACTIVE,EA,,VALID,CURRENT,coolit-synthetic-v2.0.0,ALL_SYNTHETIC_CUSTOMERS,ALL_SYNTHETIC_PROGRAMS,P-COMP-175,SYNTHETIC_INTERNAL,SNP-COOLIT-20260925-BL,SCN-BASELINE,INVTX-0217-1,RECEIPT,P-COMP-175,76,EA,LOT-P-COMP-175-A,LOC-SUPERMARKET,,PO-SCH-0037,,2026-07-17T10:10:00-06:00,,STANDARD_FLOW
TEN-COOLIT-SYN-001,SITE-COOLIT-SYN-01,ERP,INVENTORY_TRANSACTION,INVTX-0217-2,INVTX-0217-2,RESOLVED,2026-08-28T11:16:00-06:00,2026-09-26T08:00:00-06:00,2026-06-29T00:00:00-06:00,,1,,false,ACTIVE,EA,,VALID,CURRENT,coolit-synthetic-v2.0.0,ALL_SYNTHETIC_CUSTOMERS,ALL_SYNTHETIC_PROGRAMS,P-COMP-175,SYNTHETIC_INTERNAL,SNP-COOLIT-20260925-BL,SCN-BASELINE,INVTX-0217-2,MATERIAL_ISSUE,P-COMP-175,-29,EA,LOT-P-COMP-175-A,LOC-SUPERMARKET,WO-0017,,,2026-08-28T11:16:00-06:00,,STANDARD_FLOW
TEN-COOLIT-SYN-001,SITE-COOLIT-SYN-01,ERP,INVENTORY_TRANSACTION,INVTX-0217-3,INVTX-0217-3,RESOLVED,2026-09-19T12:42:00-06:00,2026-09-26T08:00:00-06:00,2026-06-29T00:00:00-06:00,,1,,false,ACTIVE,EA,,VALID,CURRENT,coolit-synthetic-v2.0.0,ALL_SYNTHETIC_CUSTOMERS,ALL_SYNTHETIC_PROGRAMS,P-COMP-175,SYNTHETIC_INTERNAL,SNP-COOLIT-20260925-BL,SCN-BASELINE,INVTX-0217-3,CYCLE_COUNT_ADJUSTMENT,P-COMP-175,0,EA,LOT-P-COMP-175-A,LOC-SUPERMARKET,,,,2026-09-19T12:42:00-06:00,,COUNT_RECONCILIATION
TEN-COOLIT-SYN-001,SITE-COOLIT-SYN-01,ERP,INVENTORY_TRANSACTION,INVTX-0218-1,INVTX-0218-1,RESOLVED,2026-07-18T10:03:00-06:00,2026-09-26T08:00:00-06:00,2026-06-29T00:00:00-06:00,,1,,false,ACTIVE,EA,,VALID,CURRENT,coolit-synthetic-v2.0.0,ALL_SYNTHETIC_CUSTOMERS,ALL_SYNTHETIC_PROGRAMS,P-COMP-176,SYNTHETIC_INTERNAL,SNP-COOLIT-20260925-BL,SCN-BASELINE,INVTX-0218-1,RECEIPT,P-COMP-176,77,EA,LOT-P-COMP-176-A,LOC-SUPERMARKET,,PO-SCH-0038,,2026-07-18T10:03:00-06:00,,STANDARD_FLOW
TEN-COOLIT-SYN-001,SITE-COOLIT-SYN-01,ERP,INVENTORY_TRANSACTION,INVTX-0218-2,INVTX-0218-2,RESOLVED,2026-08-29T11:09:00-06:00,2026-09-26T08:00:00-06:00,2026-06-29T00:00:00-06:00,,1,,false,ACTIVE,EA,,VALID,CURRENT,coolit-synthetic-v2.0.0,ALL_SYNTHETIC_CUSTOMERS,ALL_SYNTHETIC_PROGRAMS,P-COMP-176,SYNTHETIC_INTERNAL,SNP-COOLIT-20260925-BL,SCN-BASELINE,INVTX-0218-2,MATERIAL_ISSUE,P-COMP-176,-30,EA,LOT-P-COMP-176-A,LOC-SUPERMARKET,WO-0018,,,2026-08-29T11:09:00-06:00,,STANDARD_FLOW
TEN-COOLIT-SYN-001,SITE-COOLIT-SYN-01,ERP,INVENTORY_TRANSACTION,INVTX-0218-3,INVTX-0218-3,RESOLVED,2026-09-20T12:35:00-06:00,2026-09-26T08:00:00-06:00,2026-06-29T00:00:00-06:00,,1,,false,ACTIVE,EA,,VALID,CURRENT,coolit-synthetic-v2.0.0,ALL_SYNTHETIC_CUSTOMERS,ALL_SYNTHETIC_PROGRAMS,P-COMP-176,SYNTHETIC_INTERNAL,SNP-COOLIT-20260925-BL,SCN-BASELINE,INVTX-0218-3,CYCLE_COUNT_ADJUSTMENT,P-COMP-176,0,EA,LOT-P-COMP-176-A,LOC-SUPERMARKET,,,,2026-09-20T12:35:00-06:00,,COUNT_RECONCILIATION
TEN-COOLIT-SYN-001,SITE-COOLIT-SYN-01,ERP,INVENTORY_TRANSACTION,INVTX-0219-1,INVTX-0219-1,RESOLVED,2026-07-19T10:56:00-06:00,2026-09-26T08:00:00-06:00,2026-06-29T00:00:00-06:00,,1,,false,ACTIVE,EA,,VALID,CURRENT,coolit-synthetic-v2.0.0,ALL_SYNTHETIC_CUSTOMERS,ALL_SYNTHETIC_PROGRAMS,P-COMP-177,SYNTHETIC_INTERNAL,SNP-COOLIT-20260925-BL,SCN-BASELINE,INVTX-0219-1,RECEIPT,P-COMP-177,78,EA,LOT-P-COMP-177-A,LOC-SUPERMARKET,,PO-SCH-0039,,2026-07-19T10:56:00-06:00,,STANDARD_FLOW
TEN-COOLIT-SYN-001,SITE-COOLIT-SYN-01,ERP,INVENTORY_TRANSACTION,INVTX-0219-2,INVTX-0219-2,RESOLVED,2026-08-30T11:02:00-06:00,2026-09-26T08:00:00-06:00,2026-06-29T00:00:00-06:00,,1,,false,ACTIVE,EA,,VALID,CURRENT,coolit-synthetic-v2.0.0,ALL_SYNTHETIC_CUSTOMERS,ALL_SYNTHETIC_PROGRAMS,P-COMP-177,SYNTHETIC_INTERNAL,SNP-COOLIT-20260925-BL,SCN-BASELINE,INVTX-0219-2,MATERIAL_ISSUE,P-COMP-177,-31,EA,LOT-P-COMP-177-A,LOC-SUPERMARKET,WO-0019,,,2026-08-30T11:02:00-06:00,,STANDARD_FLOW
TEN-COOLIT-SYN-001,SITE-COOLIT-SYN-01,ERP,INVENTORY_TRANSACTION,INVTX-0219-3,INVTX-0219-3,RESOLVED,2026-09-21T12:28:00-06:00,2026-09-26T08:00:00-06:00,2026-06-29T00:00:00-06:00,,1,,false,ACTIVE,EA,,VALID,CURRENT,coolit-synthetic-v2.0.0,ALL_SYNTHETIC_CUSTOMERS,ALL_SYNTHETIC_PROGRAMS,P-COMP-177,SYNTHETIC_INTERNAL,SNP-COOLIT-20260925-BL,SCN-BASELINE,INVTX-0219-3,CYCLE_COUNT_ADJUSTMENT,P-COMP-177,0,EA,LOT-P-COMP-177-A,LOC-SUPERMARKET,,,,2026-09-21T12:28:00-06:00,,COUNT_RECONCILIATION
TEN-COOLIT-SYN-001,SITE-COOLIT-SYN-01,ERP,INVENTORY_TRANSACTION,INVTX-0220-1,INVTX-0220-1,RESOLVED,2026-07-20T10:49:00-06:00,2026-09-26T08:00:00-06:00,2026-06-29T00:00:00-06:00,,1,,false,ACTIVE,EA,,VALID,CURRENT,coolit-synthetic-v2.0.0,ALL_SYNTHETIC_CUSTOMERS,ALL_SYNTHETIC_PROGRAMS,P-COMP-178,SYNTHETIC_INTERNAL,SNP-COOLIT-20260925-BL,SCN-BASELINE,INVTX-0220-1,RECEIPT,P-COMP-178,79,EA,LOT-P-COMP-178-A,LOC-SUPERMARKET,,PO-SCH-0040,,2026-07-20T10:49:00-06:00,,STANDARD_FLOW
TEN-COOLIT-SYN-001,SITE-COOLIT-SYN-01,ERP,INVENTORY_TRANSACTION,INVTX-0220-2,INVTX-0220-2,RESOLVED,2026-08-31T11:55:00-06:00,2026-09-26T08:00:00-06:00,2026-06-29T00:00:00-06:00,,1,,false,ACTIVE,EA,,VALID,CURRENT,coolit-synthetic-v2.0.0,ALL_SYNTHETIC_CUSTOMERS,ALL_SYNTHETIC_PROGRAMS,P-COMP-178,SYNTHETIC_INTERNAL,SNP-COOLIT-20260925-BL,SCN-BASELINE,INVTX-0220-2,MATERIAL_ISSUE,P-COMP-178,-32,EA,LOT-P-COMP-178-A,LOC-SUPERMARKET,WO-0020,,,2026-08-31T11:55:00-06:00,,STANDARD_FLOW
TEN-COOLIT-SYN-001,SITE-COOLIT-SYN-01,ERP,INVENTORY_TRANSACTION,INVTX-0220-3,INVTX-0220-3,RESOLVED,2026-09-22T12:21:00-06:00,2026-09-26T08:00:00-06:00,2026-06-29T00:00:00-06:00,,1,,false,ACTIVE,EA,,VALID,CURRENT,coolit-synthetic-v2.0.0,ALL_SYNTHETIC_CUSTOMERS,ALL_SYNTHETIC_PROGRAMS,P-COMP-178,SYNTHETIC_INTERNAL,SNP-COOLIT-20260925-BL,SCN-BASELINE,INVTX-0220-3,CYCLE_COUNT_ADJUSTMENT,P-COMP-178,0,EA,LOT-P-COMP-178-A,LOC-SUPERMARKET,,,,2026-09-22T12:21:00-06:00,,COUNT_RECONCILIATION
TEN-COOLIT-SYN-001,SITE-COOLIT-SYN-01,ERP,INVENTORY_TRANSACTION,INVTX-0221-1,INVTX-0221-1,RESOLVED,2026-07-21T10:42:00-06:00,2026-09-26T08:00:00-06:00,2026-06-29T00:00:00-06:00,,1,,false,ACTIVE,EA,,VALID,CURRENT,coolit-synthetic-v2.0.0,ALL_SYNTHETIC_CUSTOMERS,ALL_SYNTHETIC_PROGRAMS,P-COMP-179,SYNTHETIC_INTERNAL,SNP-COOLIT-20260925-BL,SCN-BASELINE,INVTX-0221-1,RECEIPT,P-COMP-179,25,EA,,LOC-SUPERMARKET,,PO-SCH-0041,,2026-07-21T10:42:00-06:00,,STANDARD_FLOW
TEN-COOLIT-SYN-001,SITE-COOLIT-SYN-01,ERP,INVENTORY_TRANSACTION,INVTX-0221-2,INVTX-0221-2,RESOLVED,2026-09-01T11:48:00-06:00,2026-09-26T08:00:00-06:00,2026-06-29T00:00:00-06:00,,1,,false,ACTIVE,EA,,VALID,CURRENT,coolit-synthetic-v2.0.0,ALL_SYNTHETIC_CUSTOMERS,ALL_SYNTHETIC_PROGRAMS,P-COMP-179,SYNTHETIC_INTERNAL,SNP-COOLIT-20260925-BL,SCN-BASELINE,INVTX-0221-2,MATERIAL_ISSUE,P-COMP-179,-33,EA,,LOC-SUPERMARKET,WO-0021,,,2026-09-01T11:48:00-06:00,,STANDARD_FLOW
TEN-COOLIT-SYN-001,SITE-COOLIT-SYN-01,ERP,INVENTORY_TRANSACTION,INVTX-0221-3,INVTX-0221-3,RESOLVED,2026-09-23T12:14:00-06:00,2026-09-26T08:00:00-06:00,2026-06-29T00:00:00-06:00,,1,,false,ACTIVE,EA,,VALID,CURRENT,coolit-synthetic-v2.0.0,ALL_SYNTHETIC_CUSTOMERS,ALL_SYNTHETIC_PROGRAMS,P-COMP-179,SYNTHETIC_INTERNAL,SNP-COOLIT-20260925-BL,SCN-BASELINE,INVTX-0221-3,CYCLE_COUNT_ADJUSTMENT,P-COMP-179,0,EA,,LOC-SUPERMARKET,,,,2026-09-23T12:14:00-06:00,,COUNT_RECONCILIATION
TEN-COOLIT-SYN-001,SITE-COOLIT-SYN-01,ERP,INVENTORY_TRANSACTION,INVTX-0222-1,INVTX-0222-1,RESOLVED,2026-07-22T10:35:00-06:00,2026-09-26T08:00:00-06:00,2026-06-29T00:00:00-06:00,,1,,false,ACTIVE,EA,,VALID,CURRENT,coolit-synthetic-v2.0.0,ALL_SYNTHETIC_CUSTOMERS,ALL_SYNTHETIC_PROGRAMS,P-COMP-180,SYNTHETIC_INTERNAL,SNP-COOLIT-20260925-BL,SCN-BASELINE,INVTX-0222-1,RECEIPT,P-COMP-180,26,EA,,LOC-SUPERMARKET,,PO-SCH-0042,,2026-07-22T10:35:00-06:00,,STANDARD_FLOW
TEN-COOLIT-SYN-001,SITE-COOLIT-SYN-01,ERP,INVENTORY_TRANSACTION,INVTX-0222-2,INVTX-0222-2,RESOLVED,2026-09-02T11:41:00-06:00,2026-09-26T08:00:00-06:00,2026-06-29T00:00:00-06:00,,1,,false,ACTIVE,EA,,VALID,CURRENT,coolit-synthetic-v2.0.0,ALL_SYNTHETIC_CUSTOMERS,ALL_SYNTHETIC_PROGRAMS,P-COMP-180,SYNTHETIC_INTERNAL,SNP-COOLIT-20260925-BL,SCN-BASELINE,INVTX-0222-2,MATERIAL_ISSUE,P-COMP-180,-34,EA,,LOC-SUPERMARKET,WO-0022,,,2026-09-02T11:41:00-06:00,,STANDARD_FLOW
TEN-COOLIT-SYN-001,SITE-COOLIT-SYN-01,ERP,INVENTORY_TRANSACTION,INVTX-0222-3,INVTX-0222-3,RESOLVED,2026-09-24T12:07:00-06:00,2026-09-26T08:00:00-06:00,2026-06-29T00:00:00-06:00,,1,,false,ACTIVE,EA,,VALID,CURRENT,coolit-synthetic-v2.0.0,ALL_SYNTHETIC_CUSTOMERS,ALL_SYNTHETIC_PROGRAMS,P-COMP-180,SYNTHETIC_INTERNAL,SNP-COOLIT-20260925-BL,SCN-BASELINE,INVTX-0222-3,CYCLE_COUNT_ADJUSTMENT,P-COMP-180,-2,EA,,LOC-SUPERMARKET,,,,2026-09-24T12:07:00-06:00,,COUNT_RECONCILIATION
TEN-COOLIT-SYN-001,SITE-COOLIT-SYN-01,ERP,INVENTORY_TRANSACTION,INVTX-0223-1,INVTX-0223-1,RESOLVED,2026-07-23T10:28:00-06:00,2026-09-26T08:00:00-06:00,2026-06-29T00:00:00-06:00,,1,,false,ACTIVE,EA,,VALID,CURRENT,coolit-synthetic-v2.0.0,ALL_SYNTHETIC_CUSTOMERS,ALL_SYNTHETIC_PROGRAMS,P-COMP-181,SYNTHETIC_INTERNAL,SNP-COOLIT-20260925-BL,SCN-BASELINE,INVTX-0223-1,RECEIPT,P-COMP-181,27,EA,LOT-P-COMP-181-A,LOC-SUPERMARKET,,PO-SCH-0043,,2026-07-23T10:28:00-06:00,,STANDARD_FLOW
TEN-COOLIT-SYN-001,SITE-COOLIT-SYN-01,ERP,INVENTORY_TRANSACTION,INVTX-0223-2,INVTX-0223-2,RESOLVED,2026-09-03T11:34:00-06:00,2026-09-26T08:00:00-06:00,2026-06-29T00:00:00-06:00,,1,,false,ACTIVE,EA,,VALID,CURRENT,coolit-synthetic-v2.0.0,ALL_SYNTHETIC_CUSTOMERS,ALL_SYNTHETIC_PROGRAMS,P-COMP-181,SYNTHETIC_INTERNAL,SNP-COOLIT-20260925-BL,SCN-BASELINE,INVTX-0223-2,MATERIAL_ISSUE,P-COMP-181,-35,EA,LOT-P-COMP-181-A,LOC-SUPERMARKET,WO-0023,,,2026-09-03T11:34:00-06:00,,STANDARD_FLOW
TEN-COOLIT-SYN-001,SITE-COOLIT-SYN-01,ERP,INVENTORY_TRANSACTION,INVTX-0223-3,INVTX-0223-3,RESOLVED,2026-09-25T12:00:00-06:00,2026-09-26T08:00:00-06:00,2026-06-29T00:00:00-06:00,,1,,false,ACTIVE,EA,,VALID,CURRENT,coolit-synthetic-v2.0.0,ALL_SYNTHETIC_CUSTOMERS,ALL_SYNTHETIC_PROGRAMS,P-COMP-181,SYNTHETIC_INTERNAL,SNP-COOLIT-20260925-BL,SCN-BASELINE,INVTX-0223-3,CYCLE_COUNT_ADJUSTMENT,P-COMP-181,0,EA,LOT-P-COMP-181-A,LOC-SUPERMARKET,,,,2026-09-25T12:00:00-06:00,,COUNT_RECONCILIATION
TEN-COOLIT-SYN-001,SITE-COOLIT-SYN-01,ERP,INVENTORY_TRANSACTION,INVTX-0224-1,INVTX-0224-1,RESOLVED,2026-07-24T10:21:00-06:00,2026-09-26T08:00:00-06:00,2026-06-29T00:00:00-06:00,,1,,false,ACTIVE,EA,,VALID,CURRENT,coolit-synthetic-v2.0.0,ALL_SYNTHETIC_CUSTOMERS,ALL_SYNTHETIC_PROGRAMS,P-COMP-182,SYNTHETIC_INTERNAL,SNP-COOLIT-20260925-BL,SCN-BASELINE,INVTX-0224-1,RECEIPT,P-COMP-182,28,EA,LOT-P-COMP-182-A,LOC-SUPERMARKET,,PO-SCH-0044,,2026-07-24T10:21:00-06:00,,STANDARD_FLOW
TEN-COOLIT-SYN-001,SITE-COOLIT-SYN-01,ERP,INVENTORY_TRANSACTION,INVTX-0224-2,INVTX-0224-2,RESOLVED,2026-09-04T11:27:00-06:00,2026-09-26T08:00:00-06:00,2026-06-29T00:00:00-06:00,,1,,false,ACTIVE,EA,,VALID,CURRENT,coolit-synthetic-v2.0.0,ALL_SYNTHETIC_CUSTOMERS,ALL_SYNTHETIC_PROGRAMS,P-COMP-182,SYNTHETIC_INTERNAL,SNP-COOLIT-20260925-BL,SCN-BASELINE,INVTX-0224-2,MATERIAL_ISSUE,P-COMP-182,-36,EA,LOT-P-COMP-182-A,LOC-SUPERMARKET,WO-0024,,,2026-09-04T11:27:00-06:00,,STANDARD_FLOW
TEN-COOLIT-SYN-001,SITE-COOLIT-SYN-01,ERP,INVENTORY_TRANSACTION,INVTX-0224-3,INVTX-0224-3,RESOLVED,2026-09-25T12:00:00-06:00,2026-09-26T08:00:00-06:00,2026-06-29T00:00:00-06:00,,1,,false,ACTIVE,EA,,VALID,CURRENT,coolit-synthetic-v2.0.0,ALL_SYNTHETIC_CUSTOMERS,ALL_SYNTHETIC_PROGRAMS,P-COMP-182,SYNTHETIC_INTERNAL,SNP-COOLIT-20260925-BL,SCN-BASELINE,INVTX-0224-3,CYCLE_COUNT_ADJUSTMENT,P-COMP-182,0,EA,LOT-P-COMP-182-A,LOC-SUPERMARKET,,,,2026-09-25T12:00:00-06:00,,COUNT_RECONCILIATION
TEN-COOLIT-SYN-001,SITE-COOLIT-SYN-01,ERP,INVENTORY_TRANSACTION,INVTX-0225-1,INVTX-0225-1,RESOLVED,2026-07-25T10:14:00-06:00,2026-09-26T08:00:00-06:00,2026-06-29T00:00:00-06:00,,1,,false,ACTIVE,EA,,VALID,CURRENT,coolit-synthetic-v2.0.0,ALL_SYNTHETIC_CUSTOMERS,ALL_SYNTHETIC_PROGRAMS,P-COMP-183,SYNTHETIC_INTERNAL,SNP-COOLIT-20260925-BL,SCN-BASELINE,INVTX-0225-1,RECEIPT,P-COMP-183,29,EA,LOT-P-COMP-183-A,LOC-SUPERMARKET,,PO-SCH-0045,,2026-07-25T10:14:00-06:00,,STANDARD_FLOW
TEN-COOLIT-SYN-001,SITE-COOLIT-SYN-01,ERP,INVENTORY_TRANSACTION,INVTX-0225-2,INVTX-0225-2,RESOLVED,2026-09-05T11:20:00-06:00,2026-09-26T08:00:00-06:00,2026-06-29T00:00:00-06:00,,1,,false,ACTIVE,EA,,VALID,CURRENT,coolit-synthetic-v2.0.0,ALL_SYNTHETIC_CUSTOMERS,ALL_SYNTHETIC_PROGRAMS,P-COMP-183,SYNTHETIC_INTERNAL,SNP-COOLIT-20260925-BL,SCN-BASELINE,INVTX-0225-2,MATERIAL_ISSUE,P-COMP-183,-37,EA,LOT-P-COMP-183-A,LOC-SUPERMARKET,WO-0025,,,2026-09-05T11:20:00-06:00,,STANDARD_FLOW
TEN-COOLIT-SYN-001,SITE-COOLIT-SYN-01,ERP,INVENTORY_TRANSACTION,INVTX-0225-3,INVTX-0225-3,RESOLVED,2026-09-25T12:00:00-06:00,2026-09-26T08:00:00-06:00,2026-06-29T00:00:00-06:00,,1,,false,ACTIVE,EA,,VALID,CURRENT,coolit-synthetic-v2.0.0,ALL_SYNTHETIC_CUSTOMERS,ALL_SYNTHETIC_PROGRAMS,P-COMP-183,SYNTHETIC_INTERNAL,SNP-COOLIT-20260925-BL,SCN-BASELINE,INVTX-0225-3,CYCLE_COUNT_ADJUSTMENT,P-COMP-183,0,EA,LOT-P-COMP-183-A,LOC-SUPERMARKET,,,,2026-09-25T12:00:00-06:00,,COUNT_RECONCILIATION
TEN-COOLIT-SYN-001,SITE-COOLIT-SYN-01,ERP,INVENTORY_TRANSACTION,INVTX-0226-1,INVTX-0226-1,RESOLVED,2026-07-17T10:10:00-06:00,2026-09-26T08:00:00-06:00,2026-06-29T00:00:00-06:00,,1,,false,ACTIVE,EA,,VALID,CURRENT,coolit-synthetic-v2.0.0,ALL_SYNTHETIC_CUSTOMERS,ALL_SYNTHETIC_PROGRAMS,P-COMP-184,SYNTHETIC_INTERNAL,SNP-COOLIT-20260925-BL,SCN-BASELINE,INVTX-0226-1,RECEIPT,P-COMP-184,30,EA,LOT-P-COMP-184-A,LOC-SUPERMARKET,,PO-SCH-0046,,2026-07-17T10:10:00-06:00,,STANDARD_FLOW
TEN-COOLIT-SYN-001,SITE-COOLIT-SYN-01,ERP,INVENTORY_TRANSACTION,INVTX-0226-2,INVTX-0226-2,RESOLVED,2026-08-28T11:16:00-06:00,2026-09-26T08:00:00-06:00,2026-06-29T00:00:00-06:00,,1,,false,ACTIVE,EA,,VALID,CURRENT,coolit-synthetic-v2.0.0,ALL_SYNTHETIC_CUSTOMERS,ALL_SYNTHETIC_PROGRAMS,P-COMP-184,SYNTHETIC_INTERNAL,SNP-COOLIT-20260925-BL,SCN-BASELINE,INVTX-0226-2,MATERIAL_ISSUE,P-COMP-184,-38,EA,LOT-P-COMP-184-A,LOC-SUPERMARKET,WO-0026,,,2026-08-28T11:16:00-06:00,,STANDARD_FLOW
TEN-COOLIT-SYN-001,SITE-COOLIT-SYN-01,ERP,INVENTORY_TRANSACTION,INVTX-0226-3,INVTX-0226-3,RESOLVED,2026-09-19T12:42:00-06:00,2026-09-26T08:00:00-06:00,2026-06-29T00:00:00-06:00,,1,,false,ACTIVE,EA,,VALID,CURRENT,coolit-synthetic-v2.0.0,ALL_SYNTHETIC_CUSTOMERS,ALL_SYNTHETIC_PROGRAMS,P-COMP-184,SYNTHETIC_INTERNAL,SNP-COOLIT-20260925-BL,SCN-BASELINE,INVTX-0226-3,CYCLE_COUNT_ADJUSTMENT,P-COMP-184,0,EA,LOT-P-COMP-184-A,LOC-SUPERMARKET,,,,2026-09-19T12:42:00-06:00,,COUNT_RECONCILIATION
TEN-COOLIT-SYN-001,SITE-COOLIT-SYN-01,ERP,INVENTORY_TRANSACTION,INVTX-0227-1,INVTX-0227-1,RESOLVED,2026-07-18T10:03:00-06:00,2026-09-26T08:00:00-06:00,2026-06-29T00:00:00-06:00,,1,,false,ACTIVE,EA,,VALID,CURRENT,coolit-synthetic-v2.0.0,ALL_SYNTHETIC_CUSTOMERS,ALL_SYNTHETIC_PROGRAMS,P-COMP-185,SYNTHETIC_INTERNAL,SNP-COOLIT-20260925-BL,SCN-BASELINE,INVTX-0227-1,RECEIPT,P-COMP-185,31,EA,LOT-P-COMP-185-A,LOC-SUPERMARKET,,PO-SCH-0047,,2026-07-18T10:03:00-06:00,,STANDARD_FLOW
TEN-COOLIT-SYN-001,SITE-COOLIT-SYN-01,ERP,INVENTORY_TRANSACTION,INVTX-0227-2,INVTX-0227-2,RESOLVED,2026-08-29T11:09:00-06:00,2026-09-26T08:00:00-06:00,2026-06-29T00:00:00-06:00,,1,,false,ACTIVE,EA,,VALID,CURRENT,coolit-synthetic-v2.0.0,ALL_SYNTHETIC_CUSTOMERS,ALL_SYNTHETIC_PROGRAMS,P-COMP-185,SYNTHETIC_INTERNAL,SNP-COOLIT-20260925-BL,SCN-BASELINE,INVTX-0227-2,MATERIAL_ISSUE,P-COMP-185,-39,EA,LOT-P-COMP-185-A,LOC-SUPERMARKET,WO-0027,,,2026-08-29T11:09:00-06:00,,STANDARD_FLOW
TEN-COOLIT-SYN-001,SITE-COOLIT-SYN-01,ERP,INVENTORY_TRANSACTION,INVTX-0227-3,INVTX-0227-3,RESOLVED,2026-09-20T12:35:00-06:00,2026-09-26T08:00:00-06:00,2026-06-29T00:00:00-06:00,,1,,false,ACTIVE,EA,,VALID,CURRENT,coolit-synthetic-v2.0.0,ALL_SYNTHETIC_CUSTOMERS,ALL_SYNTHETIC_PROGRAMS,P-COMP-185,SYNTHETIC_INTERNAL,SNP-COOLIT-20260925-BL,SCN-BASELINE,INVTX-0227-3,CYCLE_COUNT_ADJUSTMENT,P-COMP-185,0,EA,LOT-P-COMP-185-A,LOC-SUPERMARKET,,,,2026-09-20T12:35:00-06:00,,COUNT_RECONCILIATION
TEN-COOLIT-SYN-001,SITE-COOLIT-SYN-01,ERP,INVENTORY_TRANSACTION,INVTX-0228-1,INVTX-0228-1,RESOLVED,2026-07-19T10:56:00-06:00,2026-09-26T08:00:00-06:00,2026-06-29T00:00:00-06:00,,1,,false,ACTIVE,EA,,VALID,CURRENT,coolit-synthetic-v2.0.0,ALL_SYNTHETIC_CUSTOMERS,ALL_SYNTHETIC_PROGRAMS,P-COMP-186,SYNTHETIC_INTERNAL,SNP-COOLIT-20260925-BL,SCN-BASELINE,INVTX-0228-1,RECEIPT,P-COMP-186,32,EA,LOT-P-COMP-186-A,LOC-SUPERMARKET,,PO-SCH-0048,,2026-07-19T10:56:00-06:00,,STANDARD_FLOW
TEN-COOLIT-SYN-001,SITE-COOLIT-SYN-01,ERP,INVENTORY_TRANSACTION,INVTX-0228-2,INVTX-0228-2,RESOLVED,2026-08-30T11:02:00-06:00,2026-09-26T08:00:00-06:00,2026-06-29T00:00:00-06:00,,1,,false,ACTIVE,EA,,VALID,CURRENT,coolit-synthetic-v2.0.0,ALL_SYNTHETIC_CUSTOMERS,ALL_SYNTHETIC_PROGRAMS,P-COMP-186,SYNTHETIC_INTERNAL,SNP-COOLIT-20260925-BL,SCN-BASELINE,INVTX-0228-2,MATERIAL_ISSUE,P-COMP-186,-40,EA,LOT-P-COMP-186-A,LOC-SUPERMARKET,WO-0028,,,2026-08-30T11:02:00-06:00,,STANDARD_FLOW
TEN-COOLIT-SYN-001,SITE-COOLIT-SYN-01,ERP,INVENTORY_TRANSACTION,INVTX-0228-3,INVTX-0228-3,RESOLVED,2026-09-21T12:28:00-06:00,2026-09-26T08:00:00-06:00,2026-06-29T00:00:00-06:00,,1,,false,ACTIVE,EA,,VALID,CURRENT,coolit-synthetic-v2.0.0,ALL_SYNTHETIC_CUSTOMERS,ALL_SYNTHETIC_PROGRAMS,P-COMP-186,SYNTHETIC_INTERNAL,SNP-COOLIT-20260925-BL,SCN-BASELINE,INVTX-0228-3,CYCLE_COUNT_ADJUSTMENT,P-COMP-186,0,EA,LOT-P-COMP-186-A,LOC-SUPERMARKET,,,,2026-09-21T12:28:00-06:00,,COUNT_RECONCILIATION
TEN-COOLIT-SYN-001,SITE-COOLIT-SYN-01,ERP,INVENTORY_TRANSACTION,INVTX-0229-1,INVTX-0229-1,RESOLVED,2026-07-20T10:49:00-06:00,2026-09-26T08:00:00-06:00,2026-06-29T00:00:00-06:00,,1,,false,ACTIVE,EA,,VALID,CURRENT,coolit-synthetic-v2.0.0,ALL_SYNTHETIC_CUSTOMERS,ALL_SYNTHETIC_PROGRAMS,P-COMP-187,SYNTHETIC_INTERNAL,SNP-COOLIT-20260925-BL,SCN-BASELINE,INVTX-0229-1,RECEIPT,P-COMP-187,33,EA,LOT-P-COMP-187-A,LOC-SUPERMARKET,,PO-SCH-0049,,2026-07-20T10:49:00-06:00,,STANDARD_FLOW
TEN-COOLIT-SYN-001,SITE-COOLIT-SYN-01,ERP,INVENTORY_TRANSACTION,INVTX-0229-2,INVTX-0229-2,RESOLVED,2026-08-31T11:55:00-06:00,2026-09-26T08:00:00-06:00,2026-06-29T00:00:00-06:00,,1,,false,ACTIVE,EA,,VALID,CURRENT,coolit-synthetic-v2.0.0,ALL_SYNTHETIC_CUSTOMERS,ALL_SYNTHETIC_PROGRAMS,P-COMP-187,SYNTHETIC_INTERNAL,SNP-COOLIT-20260925-BL,SCN-BASELINE,INVTX-0229-2,MATERIAL_ISSUE,P-COMP-187,-41,EA,LOT-P-COMP-187-A,LOC-SUPERMARKET,WO-0029,,,2026-08-31T11:55:00-06:00,,STANDARD_FLOW
TEN-COOLIT-SYN-001,SITE-COOLIT-SYN-01,ERP,INVENTORY_TRANSACTION,INVTX-0229-3,INVTX-0229-3,RESOLVED,2026-09-22T12:21:00-06:00,2026-09-26T08:00:00-06:00,2026-06-29T00:00:00-06:00,,1,,false,ACTIVE,EA,,VALID,CURRENT,coolit-synthetic-v2.0.0,ALL_SYNTHETIC_CUSTOMERS,ALL_SYNTHETIC_PROGRAMS,P-COMP-187,SYNTHETIC_INTERNAL,SNP-COOLIT-20260925-BL,SCN-BASELINE,INVTX-0229-3,CYCLE_COUNT_ADJUSTMENT,P-COMP-187,1,EA,LOT-P-COMP-187-A,LOC-SUPERMARKET,,,,2026-09-22T12:21:00-06:00,,COUNT_RECONCILIATION
TEN-COOLIT-SYN-001,SITE-COOLIT-SYN-01,ERP,INVENTORY_TRANSACTION,INVTX-0230-1,INVTX-0230-1,RESOLVED,2026-07-21T10:42:00-06:00,2026-09-26T08:00:00-06:00,2026-06-29T00:00:00-06:00,,1,,false,ACTIVE,EA,,VALID,CURRENT,coolit-synthetic-v2.0.0,ALL_SYNTHETIC_CUSTOMERS,ALL_SYNTHETIC_PROGRAMS,P-COMP-188,SYNTHETIC_INTERNAL,SNP-COOLIT-20260925-BL,SCN-BASELINE,INVTX-0230-1,RECEIPT,P-COMP-188,34,EA,LOT-P-COMP-188-A,LOC-SUPERMARKET,,PO-SCH-0050,,2026-07-21T10:42:00-06:00,,STANDARD_FLOW
TEN-COOLIT-SYN-001,SITE-COOLIT-SYN-01,ERP,INVENTORY_TRANSACTION,INVTX-0230-2,INVTX-0230-2,RESOLVED,2026-09-01T11:48:00-06:00,2026-09-26T08:00:00-06:00,2026-06-29T00:00:00-06:00,,1,,false,ACTIVE,EA,,VALID,CURRENT,coolit-synthetic-v2.0.0,ALL_SYNTHETIC_CUSTOMERS,ALL_SYNTHETIC_PROGRAMS,P-COMP-188,SYNTHETIC_INTERNAL,SNP-COOLIT-20260925-BL,SCN-BASELINE,INVTX-0230-2,MATERIAL_ISSUE,P-COMP-188,-42,EA,LOT-P-COMP-188-A,LOC-SUPERMARKET,WO-0030,,,2026-09-01T11:48:00-06:00,,STANDARD_FLOW
TEN-COOLIT-SYN-001,SITE-COOLIT-SYN-01,ERP,INVENTORY_TRANSACTION,INVTX-0230-3,INVTX-0230-3,RESOLVED,2026-09-23T12:14:00-06:00,2026-09-26T08:00:00-06:00,2026-06-29T00:00:00-06:00,,1,,false,ACTIVE,EA,,VALID,CURRENT,coolit-synthetic-v2.0.0,ALL_SYNTHETIC_CUSTOMERS,ALL_SYNTHETIC_PROGRAMS,P-COMP-188,SYNTHETIC_INTERNAL,SNP-COOLIT-20260925-BL,SCN-BASELINE,INVTX-0230-3,CYCLE_COUNT_ADJUSTMENT,P-COMP-188,0,EA,LOT-P-COMP-188-A,LOC-SUPERMARKET,,,,2026-09-23T12:14:00-06:00,,COUNT_RECONCILIATION
TEN-COOLIT-SYN-001,SITE-COOLIT-SYN-01,ERP,INVENTORY_TRANSACTION,INVTX-0231-1,INVTX-0231-1,RESOLVED,2026-07-22T10:35:00-06:00,2026-09-26T08:00:00-06:00,2026-06-29T00:00:00-06:00,,1,,false,ACTIVE,EA,,VALID,CURRENT,coolit-synthetic-v2.0.0,ALL_SYNTHETIC_CUSTOMERS,ALL_SYNTHETIC_PROGRAMS,P-COMP-189,SYNTHETIC_INTERNAL,SNP-COOLIT-20260925-BL,SCN-BASELINE,INVTX-0231-1,RECEIPT,P-COMP-189,35,EA,,LOC-SUPERMARKET,,PO-SCH-0051,,2026-07-22T10:35:00-06:00,,STANDARD_FLOW
TEN-COOLIT-SYN-001,SITE-COOLIT-SYN-01,ERP,INVENTORY_TRANSACTION,INVTX-0231-2,INVTX-0231-2,RESOLVED,2026-09-02T11:41:00-06:00,2026-09-26T08:00:00-06:00,2026-06-29T00:00:00-06:00,,1,,false,ACTIVE,EA,,VALID,CURRENT,coolit-synthetic-v2.0.0,ALL_SYNTHETIC_CUSTOMERS,ALL_SYNTHETIC_PROGRAMS,P-COMP-189,SYNTHETIC_INTERNAL,SNP-COOLIT-20260925-BL,SCN-BASELINE,INVTX-0231-2,MATERIAL_ISSUE,P-COMP-189,-43,EA,,LOC-SUPERMARKET,WO-0031,,,2026-09-02T11:41:00-06:00,,STANDARD_FLOW
TEN-COOLIT-SYN-001,SITE-COOLIT-SYN-01,ERP,INVENTORY_TRANSACTION,INVTX-0231-3,INVTX-0231-3,RESOLVED,2026-09-24T12:07:00-06:00,2026-09-26T08:00:00-06:00,2026-06-29T00:00:00-06:00,,1,,false,ACTIVE,EA,,VALID,CURRENT,coolit-synthetic-v2.0.0,ALL_SYNTHETIC_CUSTOMERS,ALL_SYNTHETIC_PROGRAMS,P-COMP-189,SYNTHETIC_INTERNAL,SNP-COOLIT-20260925-BL,SCN-BASELINE,INVTX-0231-3,CYCLE_COUNT_ADJUSTMENT,P-COMP-189,0,EA,,LOC-SUPERMARKET,,,,2026-09-24T12:07:00-06:00,,COUNT_RECONCILIATION
TEN-COOLIT-SYN-001,SITE-COOLIT-SYN-01,ERP,INVENTORY_TRANSACTION,INVTX-0232-1,INVTX-0232-1,RESOLVED,2026-07-23T10:28:00-06:00,2026-09-26T08:00:00-06:00,2026-06-29T00:00:00-06:00,,1,,false,ACTIVE,EA,,VALID,CURRENT,coolit-synthetic-v2.0.0,ALL_SYNTHETIC_CUSTOMERS,ALL_SYNTHETIC_PROGRAMS,P-COMP-190,SYNTHETIC_INTERNAL,SNP-COOLIT-20260925-BL,SCN-BASELINE,INVTX-0232-1,RECEIPT,P-COMP-190,36,EA,,LOC-SUPERMARKET,,PO-SCH-0052,,2026-07-23T10:28:00-06:00,,STANDARD_FLOW
TEN-COOLIT-SYN-001,SITE-COOLIT-SYN-01,ERP,INVENTORY_TRANSACTION,INVTX-0232-2,INVTX-0232-2,RESOLVED,2026-09-03T11:34:00-06:00,2026-09-26T08:00:00-06:00,2026-06-29T00:00:00-06:00,,1,,false,ACTIVE,EA,,VALID,CURRENT,coolit-synthetic-v2.0.0,ALL_SYNTHETIC_CUSTOMERS,ALL_SYNTHETIC_PROGRAMS,P-COMP-190,SYNTHETIC_INTERNAL,SNP-COOLIT-20260925-BL,SCN-BASELINE,INVTX-0232-2,MATERIAL_ISSUE,P-COMP-190,-44,EA,,LOC-SUPERMARKET,WO-0032,,,2026-09-03T11:34:00-06:00,,STANDARD_FLOW
TEN-COOLIT-SYN-001,SITE-COOLIT-SYN-01,ERP,INVENTORY_TRANSACTION,INVTX-0232-3,INVTX-0232-3,RESOLVED,2026-09-25T12:00:00-06:00,2026-09-26T08:00:00-06:00,2026-06-29T00:00:00-06:00,,1,,false,ACTIVE,EA,,VALID,CURRENT,coolit-synthetic-v2.0.0,ALL_SYNTHETIC_CUSTOMERS,ALL_SYNTHETIC_PROGRAMS,P-COMP-190,SYNTHETIC_INTERNAL,SNP-COOLIT-20260925-BL,SCN-BASELINE,INVTX-0232-3,CYCLE_COUNT_ADJUSTMENT,P-COMP-190,0,EA,,LOC-SUPERMARKET,,,,2026-09-25T12:00:00-06:00,,COUNT_RECONCILIATION
TEN-COOLIT-SYN-001,SITE-COOLIT-SYN-01,ERP,INVENTORY_TRANSACTION,INVTX-0233-1,INVTX-0233-1,RESOLVED,2026-07-24T10:21:00-06:00,2026-09-26T08:00:00-06:00,2026-06-29T00:00:00-06:00,,1,,false,ACTIVE,EA,,VALID,CURRENT,coolit-synthetic-v2.0.0,ALL_SYNTHETIC_CUSTOMERS,ALL_SYNTHETIC_PROGRAMS,P-COMP-191,SYNTHETIC_INTERNAL,SNP-COOLIT-20260925-BL,SCN-BASELINE,INVTX-0233-1,RECEIPT,P-COMP-191,37,EA,LOT-P-COMP-191-A,LOC-SUPERMARKET,,PO-SCH-0053,,2026-07-24T10:21:00-06:00,,STANDARD_FLOW
TEN-COOLIT-SYN-001,SITE-COOLIT-SYN-01,ERP,INVENTORY_TRANSACTION,INVTX-0233-2,INVTX-0233-2,RESOLVED,2026-09-04T11:27:00-06:00,2026-09-26T08:00:00-06:00,2026-06-29T00:00:00-06:00,,1,,false,ACTIVE,EA,,VALID,CURRENT,coolit-synthetic-v2.0.0,ALL_SYNTHETIC_CUSTOMERS,ALL_SYNTHETIC_PROGRAMS,P-COMP-191,SYNTHETIC_INTERNAL,SNP-COOLIT-20260925-BL,SCN-BASELINE,INVTX-0233-2,MATERIAL_ISSUE,P-COMP-191,-45,EA,LOT-P-COMP-191-A,LOC-SUPERMARKET,WO-0033,,,2026-09-04T11:27:00-06:00,,STANDARD_FLOW
TEN-COOLIT-SYN-001,SITE-COOLIT-SYN-01,ERP,INVENTORY_TRANSACTION,INVTX-0233-3,INVTX-0233-3,RESOLVED,2026-09-25T12:00:00-06:00,2026-09-26T08:00:00-06:00,2026-06-29T00:00:00-06:00,,1,,false,ACTIVE,EA,,VALID,CURRENT,coolit-synthetic-v2.0.0,ALL_SYNTHETIC_CUSTOMERS,ALL_SYNTHETIC_PROGRAMS,P-COMP-191,SYNTHETIC_INTERNAL,SNP-COOLIT-20260925-BL,SCN-BASELINE,INVTX-0233-3,CYCLE_COUNT_ADJUSTMENT,P-COMP-191,0,EA,LOT-P-COMP-191-A,LOC-SUPERMARKET,,,,2026-09-25T12:00:00-06:00,,COUNT_RECONCILIATION
TEN-COOLIT-SYN-001,SITE-COOLIT-SYN-01,ERP,INVENTORY_TRANSACTION,INVTX-0234-1,INVTX-0234-1,RESOLVED,2026-07-25T10:14:00-06:00,2026-09-26T08:00:00-06:00,2026-06-29T00:00:00-06:00,,1,,false,ACTIVE,EA,,VALID,CURRENT,coolit-synthetic-v2.0.0,ALL_SYNTHETIC_CUSTOMERS,ALL_SYNTHETIC_PROGRAMS,P-COMP-192,SYNTHETIC_INTERNAL,SNP-COOLIT-20260925-BL,SCN-BASELINE,INVTX-0234-1,RECEIPT,P-COMP-192,38,EA,LOT-P-COMP-192-A,LOC-SUPERMARKET,,PO-SCH-0054,,2026-07-25T10:14:00-06:00,,STANDARD_FLOW
TEN-COOLIT-SYN-001,SITE-COOLIT-SYN-01,ERP,INVENTORY_TRANSACTION,INVTX-0234-2,INVTX-0234-2,RESOLVED,2026-09-05T11:20:00-06:00,2026-09-26T08:00:00-06:00,2026-06-29T00:00:00-06:00,,1,,false,ACTIVE,EA,,VALID,CURRENT,coolit-synthetic-v2.0.0,ALL_SYNTHETIC_CUSTOMERS,ALL_SYNTHETIC_PROGRAMS,P-COMP-192,SYNTHETIC_INTERNAL,SNP-COOLIT-20260925-BL,SCN-BASELINE,INVTX-0234-2,MATERIAL_ISSUE,P-COMP-192,-46,EA,LOT-P-COMP-192-A,LOC-SUPERMARKET,WO-0034,,,2026-09-05T11:20:00-06:00,,STANDARD_FLOW
TEN-COOLIT-SYN-001,SITE-COOLIT-SYN-01,ERP,INVENTORY_TRANSACTION,INVTX-0234-3,INVTX-0234-3,RESOLVED,2026-09-25T12:00:00-06:00,2026-09-26T08:00:00-06:00,2026-06-29T00:00:00-06:00,,1,,false,ACTIVE,EA,,VALID,CURRENT,coolit-synthetic-v2.0.0,ALL_SYNTHETIC_CUSTOMERS,ALL_SYNTHETIC_PROGRAMS,P-COMP-192,SYNTHETIC_INTERNAL,SNP-COOLIT-20260925-BL,SCN-BASELINE,INVTX-0234-3,CYCLE_COUNT_ADJUSTMENT,P-COMP-192,0,EA,LOT-P-COMP-192-A,LOC-SUPERMARKET,,,,2026-09-25T12:00:00-06:00,,COUNT_RECONCILIATION
TEN-COOLIT-SYN-001,SITE-COOLIT-SYN-01,ERP,INVENTORY_TRANSACTION,INVTX-0235-1,INVTX-0235-1,RESOLVED,2026-07-17T10:10:00-06:00,2026-09-26T08:00:00-06:00,2026-06-29T00:00:00-06:00,,1,,false,ACTIVE,EA,,VALID,CURRENT,coolit-synthetic-v2.0.0,ALL_SYNTHETIC_CUSTOMERS,ALL_SYNTHETIC_PROGRAMS,P-COMP-193,SYNTHETIC_INTERNAL,SNP-COOLIT-20260925-BL,SCN-BASELINE,INVTX-0235-1,RECEIPT,P-COMP-193,39,EA,LOT-P-COMP-193-A,LOC-SUPERMARKET,,PO-SCH-0055,,2026-07-17T10:10:00-06:00,,STANDARD_FLOW
TEN-COOLIT-SYN-001,SITE-COOLIT-SYN-01,ERP,INVENTORY_TRANSACTION,INVTX-0235-2,INVTX-0235-2,RESOLVED,2026-08-28T11:16:00-06:00,2026-09-26T08:00:00-06:00,2026-06-29T00:00:00-06:00,,1,,false,ACTIVE,EA,,VALID,CURRENT,coolit-synthetic-v2.0.0,ALL_SYNTHETIC_CUSTOMERS,ALL_SYNTHETIC_PROGRAMS,P-COMP-193,SYNTHETIC_INTERNAL,SNP-COOLIT-20260925-BL,SCN-BASELINE,INVTX-0235-2,MATERIAL_ISSUE,P-COMP-193,-47,EA,LOT-P-COMP-193-A,LOC-SUPERMARKET,WO-0035,,,2026-08-28T11:16:00-06:00,,STANDARD_FLOW
TEN-COOLIT-SYN-001,SITE-COOLIT-SYN-01,ERP,INVENTORY_TRANSACTION,INVTX-0235-3,INVTX-0235-3,RESOLVED,2026-09-19T12:42:00-06:00,2026-09-26T08:00:00-06:00,2026-06-29T00:00:00-06:00,,1,,false,ACTIVE,EA,,VALID,CURRENT,coolit-synthetic-v2.0.0,ALL_SYNTHETIC_CUSTOMERS,ALL_SYNTHETIC_PROGRAMS,P-COMP-193,SYNTHETIC_INTERNAL,SNP-COOLIT-20260925-BL,SCN-BASELINE,INVTX-0235-3,CYCLE_COUNT_ADJUSTMENT,P-COMP-193,0,EA,LOT-P-COMP-193-A,LOC-SUPERMARKET,,,,2026-09-19T12:42:00-06:00,,COUNT_RECONCILIATION
TEN-COOLIT-SYN-001,SITE-COOLIT-SYN-01,ERP,INVENTORY_TRANSACTION,INVTX-0236-1,INVTX-0236-1,RESOLVED,2026-07-18T10:03:00-06:00,2026-09-26T08:00:00-06:00,2026-06-29T00:00:00-06:00,,1,,false,ACTIVE,EA,,VALID,CURRENT,coolit-synthetic-v2.0.0,ALL_SYNTHETIC_CUSTOMERS,ALL_SYNTHETIC_PROGRAMS,P-COMP-194,SYNTHETIC_INTERNAL,SNP-COOLIT-20260925-BL,SCN-BASELINE,INVTX-0236-1,RECEIPT,P-COMP-194,40,EA,LOT-P-COMP-194-A,LOC-SUPERMARKET,,PO-SCH-0056,,2026-07-18T10:03:00-06:00,,STANDARD_FLOW
TEN-COOLIT-SYN-001,SITE-COOLIT-SYN-01,ERP,INVENTORY_TRANSACTION,INVTX-0236-2,INVTX-0236-2,RESOLVED,2026-08-29T11:09:00-06:00,2026-09-26T08:00:00-06:00,2026-06-29T00:00:00-06:00,,1,,false,ACTIVE,EA,,VALID,CURRENT,coolit-synthetic-v2.0.0,ALL_SYNTHETIC_CUSTOMERS,ALL_SYNTHETIC_PROGRAMS,P-COMP-194,SYNTHETIC_INTERNAL,SNP-COOLIT-20260925-BL,SCN-BASELINE,INVTX-0236-2,MATERIAL_ISSUE,P-COMP-194,-48,EA,LOT-P-COMP-194-A,LOC-SUPERMARKET,WO-0036,,,2026-08-29T11:09:00-06:00,,STANDARD_FLOW
TEN-COOLIT-SYN-001,SITE-COOLIT-SYN-01,ERP,INVENTORY_TRANSACTION,INVTX-0236-3,INVTX-0236-3,RESOLVED,2026-09-20T12:35:00-06:00,2026-09-26T08:00:00-06:00,2026-06-29T00:00:00-06:00,,1,,false,ACTIVE,EA,,VALID,CURRENT,coolit-synthetic-v2.0.0,ALL_SYNTHETIC_CUSTOMERS,ALL_SYNTHETIC_PROGRAMS,P-COMP-194,SYNTHETIC_INTERNAL,SNP-COOLIT-20260925-BL,SCN-BASELINE,INVTX-0236-3,CYCLE_COUNT_ADJUSTMENT,P-COMP-194,0,EA,LOT-P-COMP-194-A,LOC-SUPERMARKET,,,,2026-09-20T12:35:00-06:00,,COUNT_RECONCILIATION
TEN-COOLIT-SYN-001,SITE-COOLIT-SYN-01,ERP,INVENTORY_TRANSACTION,INVTX-0237-1,INVTX-0237-1,RESOLVED,2026-07-19T10:56:00-06:00,2026-09-26T08:00:00-06:00,2026-06-29T00:00:00-06:00,,1,,false,ACTIVE,EA,,VALID,CURRENT,coolit-synthetic-v2.0.0,ALL_SYNTHETIC_CUSTOMERS,ALL_SYNTHETIC_PROGRAMS,P-COMP-195,SYNTHETIC_INTERNAL,SNP-COOLIT-20260925-BL,SCN-BASELINE,INVTX-0237-1,RECEIPT,P-COMP-195,41,EA,LOT-P-COMP-195-A,LOC-SUPERMARKET,,PO-SCH-0057,,2026-07-19T10:56:00-06:00,,STANDARD_FLOW
TEN-COOLIT-SYN-001,SITE-COOLIT-SYN-01,ERP,INVENTORY_TRANSACTION,INVTX-0237-2,INVTX-0237-2,RESOLVED,2026-08-30T11:02:00-06:00,2026-09-26T08:00:00-06:00,2026-06-29T00:00:00-06:00,,1,,false,ACTIVE,EA,,VALID,CURRENT,coolit-synthetic-v2.0.0,ALL_SYNTHETIC_CUSTOMERS,ALL_SYNTHETIC_PROGRAMS,P-COMP-195,SYNTHETIC_INTERNAL,SNP-COOLIT-20260925-BL,SCN-BASELINE,INVTX-0237-2,MATERIAL_ISSUE,P-COMP-195,-49,EA,LOT-P-COMP-195-A,LOC-SUPERMARKET,WO-0037,,,2026-08-30T11:02:00-06:00,,STANDARD_FLOW
TEN-COOLIT-SYN-001,SITE-COOLIT-SYN-01,ERP,INVENTORY_TRANSACTION,INVTX-0237-3,INVTX-0237-3,RESOLVED,2026-09-21T12:28:00-06:00,2026-09-26T08:00:00-06:00,2026-06-29T00:00:00-06:00,,1,,false,ACTIVE,EA,,VALID,CURRENT,coolit-synthetic-v2.0.0,ALL_SYNTHETIC_CUSTOMERS,ALL_SYNTHETIC_PROGRAMS,P-COMP-195,SYNTHETIC_INTERNAL,SNP-COOLIT-20260925-BL,SCN-BASELINE,INVTX-0237-3,CYCLE_COUNT_ADJUSTMENT,P-COMP-195,0,EA,LOT-P-COMP-195-A,LOC-SUPERMARKET,,,,2026-09-21T12:28:00-06:00,,COUNT_RECONCILIATION
TEN-COOLIT-SYN-001,SITE-COOLIT-SYN-01,ERP,INVENTORY_TRANSACTION,INVTX-0238-1,INVTX-0238-1,RESOLVED,2026-07-20T10:49:00-06:00,2026-09-26T08:00:00-06:00,2026-06-29T00:00:00-06:00,,1,,false,ACTIVE,EA,,VALID,CURRENT,coolit-synthetic-v2.0.0,ALL_SYNTHETIC_CUSTOMERS,ALL_SYNTHETIC_PROGRAMS,P-COMP-196,SYNTHETIC_INTERNAL,SNP-COOLIT-20260925-BL,SCN-BASELINE,INVTX-0238-1,RECEIPT,P-COMP-196,42,EA,LOT-P-COMP-196-A,LOC-SUPERMARKET,,PO-SCH-0058,,2026-07-20T10:49:00-06:00,,STANDARD_FLOW
TEN-COOLIT-SYN-001,SITE-COOLIT-SYN-01,ERP,INVENTORY_TRANSACTION,INVTX-0238-2,INVTX-0238-2,RESOLVED,2026-08-31T11:55:00-06:00,2026-09-26T08:00:00-06:00,2026-06-29T00:00:00-06:00,,1,,false,ACTIVE,EA,,VALID,CURRENT,coolit-synthetic-v2.0.0,ALL_SYNTHETIC_CUSTOMERS,ALL_SYNTHETIC_PROGRAMS,P-COMP-196,SYNTHETIC_INTERNAL,SNP-COOLIT-20260925-BL,SCN-BASELINE,INVTX-0238-2,MATERIAL_ISSUE,P-COMP-196,-50,EA,LOT-P-COMP-196-A,LOC-SUPERMARKET,WO-0038,,,2026-08-31T11:55:00-06:00,,STANDARD_FLOW
TEN-COOLIT-SYN-001,SITE-COOLIT-SYN-01,ERP,INVENTORY_TRANSACTION,INVTX-0238-3,INVTX-0238-3,RESOLVED,2026-09-22T12:21:00-06:00,2026-09-26T08:00:00-06:00,2026-06-29T00:00:00-06:00,,1,,false,ACTIVE,EA,,VALID,CURRENT,coolit-synthetic-v2.0.0,ALL_SYNTHETIC_CUSTOMERS,ALL_SYNTHETIC_PROGRAMS,P-COMP-196,SYNTHETIC_INTERNAL,SNP-COOLIT-20260925-BL,SCN-BASELINE,INVTX-0238-3,CYCLE_COUNT_ADJUSTMENT,P-COMP-196,0,EA,LOT-P-COMP-196-A,LOC-SUPERMARKET,,,,2026-09-22T12:21:00-06:00,,COUNT_RECONCILIATION
TEN-COOLIT-SYN-001,SITE-COOLIT-SYN-01,ERP,INVENTORY_TRANSACTION,INVTX-0239-1,INVTX-0239-1,RESOLVED,2026-07-21T10:42:00-06:00,2026-09-26T08:00:00-06:00,2026-06-29T00:00:00-06:00,,1,,false,ACTIVE,EA,,VALID,CURRENT,coolit-synthetic-v2.0.0,ALL_SYNTHETIC_CUSTOMERS,ALL_SYNTHETIC_PROGRAMS,P-COMP-197,SYNTHETIC_INTERNAL,SNP-COOLIT-20260925-BL,SCN-BASELINE,INVTX-0239-1,RECEIPT,P-COMP-197,43,EA,LOT-P-COMP-197-A,LOC-SUPERMARKET,,PO-SCH-0059,,2026-07-21T10:42:00-06:00,,STANDARD_FLOW
TEN-COOLIT-SYN-001,SITE-COOLIT-SYN-01,ERP,INVENTORY_TRANSACTION,INVTX-0239-2,INVTX-0239-2,RESOLVED,2026-09-01T11:48:00-06:00,2026-09-26T08:00:00-06:00,2026-06-29T00:00:00-06:00,,1,,false,ACTIVE,EA,,VALID,CURRENT,coolit-synthetic-v2.0.0,ALL_SYNTHETIC_CUSTOMERS,ALL_SYNTHETIC_PROGRAMS,P-COMP-197,SYNTHETIC_INTERNAL,SNP-COOLIT-20260925-BL,SCN-BASELINE,INVTX-0239-2,MATERIAL_ISSUE,P-COMP-197,-51,EA,LOT-P-COMP-197-A,LOC-SUPERMARKET,WO-0039,,,2026-09-01T11:48:00-06:00,,STANDARD_FLOW
TEN-COOLIT-SYN-001,SITE-COOLIT-SYN-01,ERP,INVENTORY_TRANSACTION,INVTX-0239-3,INVTX-0239-3,RESOLVED,2026-09-23T12:14:00-06:00,2026-09-26T08:00:00-06:00,2026-06-29T00:00:00-06:00,,1,,false,ACTIVE,EA,,VALID,CURRENT,coolit-synthetic-v2.0.0,ALL_SYNTHETIC_CUSTOMERS,ALL_SYNTHETIC_PROGRAMS,P-COMP-197,SYNTHETIC_INTERNAL,SNP-COOLIT-20260925-BL,SCN-BASELINE,INVTX-0239-3,CYCLE_COUNT_ADJUSTMENT,P-COMP-197,-2,EA,LOT-P-COMP-197-A,LOC-SUPERMARKET,,,,2026-09-23T12:14:00-06:00,,COUNT_RECONCILIATION
TEN-COOLIT-SYN-001,SITE-COOLIT-SYN-01,ERP,INVENTORY_TRANSACTION,INVTX-0240-1,INVTX-0240-1,RESOLVED,2026-07-22T10:35:00-06:00,2026-09-26T08:00:00-06:00,2026-06-29T00:00:00-06:00,,1,,false,ACTIVE,EA,,VALID,CURRENT,coolit-synthetic-v2.0.0,ALL_SYNTHETIC_CUSTOMERS,ALL_SYNTHETIC_PROGRAMS,P-COMP-198,SYNTHETIC_INTERNAL,SNP-COOLIT-20260925-BL,SCN-BASELINE,INVTX-0240-1,RECEIPT,P-COMP-198,44,EA,LOT-P-COMP-198-A,LOC-SUPERMARKET,,PO-SCH-0060,,2026-07-22T10:35:00-06:00,,STANDARD_FLOW
TEN-COOLIT-SYN-001,SITE-COOLIT-SYN-01,ERP,INVENTORY_TRANSACTION,INVTX-0240-2,INVTX-0240-2,RESOLVED,2026-09-02T11:41:00-06:00,2026-09-26T08:00:00-06:00,2026-06-29T00:00:00-06:00,,1,,false,ACTIVE,EA,,VALID,CURRENT,coolit-synthetic-v2.0.0,ALL_SYNTHETIC_CUSTOMERS,ALL_SYNTHETIC_PROGRAMS,P-COMP-198,SYNTHETIC_INTERNAL,SNP-COOLIT-20260925-BL,SCN-BASELINE,INVTX-0240-2,MATERIAL_ISSUE,P-COMP-198,-52,EA,LOT-P-COMP-198-A,LOC-SUPERMARKET,WO-0040,,,2026-09-02T11:41:00-06:00,,STANDARD_FLOW
TEN-COOLIT-SYN-001,SITE-COOLIT-SYN-01,ERP,INVENTORY_TRANSACTION,INVTX-0240-3,INVTX-0240-3,RESOLVED,2026-09-24T12:07:00-06:00,2026-09-26T08:00:00-06:00,2026-06-29T00:00:00-06:00,,1,,false,ACTIVE,EA,,VALID,CURRENT,coolit-synthetic-v2.0.0,ALL_SYNTHETIC_CUSTOMERS,ALL_SYNTHETIC_PROGRAMS,P-COMP-198,SYNTHETIC_INTERNAL,SNP-COOLIT-20260925-BL,SCN-BASELINE,INVTX-0240-3,CYCLE_COUNT_ADJUSTMENT,P-COMP-198,0,EA,LOT-P-COMP-198-A,LOC-SUPERMARKET,,,,2026-09-24T12:07:00-06:00,,COUNT_RECONCILIATION
TEN-COOLIT-SYN-001,SITE-COOLIT-SYN-01,ERP,INVENTORY_TRANSACTION,INVTX-0241-1,INVTX-0241-1,RESOLVED,2026-07-23T10:28:00-06:00,2026-09-26T08:00:00-06:00,2026-06-29T00:00:00-06:00,,1,,false,ACTIVE,EA,,VALID,CURRENT,coolit-synthetic-v2.0.0,ALL_SYNTHETIC_CUSTOMERS,ALL_SYNTHETIC_PROGRAMS,P-COMP-199,SYNTHETIC_INTERNAL,SNP-COOLIT-20260925-BL,SCN-BASELINE,INVTX-0241-1,RECEIPT,P-COMP-199,45,EA,,LOC-SUPERMARKET,,PO-SCH-0061,,2026-07-23T10:28:00-06:00,,STANDARD_FLOW
TEN-COOLIT-SYN-001,SITE-COOLIT-SYN-01,ERP,INVENTORY_TRANSACTION,INVTX-0241-2,INVTX-0241-2,RESOLVED,2026-09-03T11:34:00-06:00,2026-09-26T08:00:00-06:00,2026-06-29T00:00:00-06:00,,1,,false,ACTIVE,EA,,VALID,CURRENT,coolit-synthetic-v2.0.0,ALL_SYNTHETIC_CUSTOMERS,ALL_SYNTHETIC_PROGRAMS,P-COMP-199,SYNTHETIC_INTERNAL,SNP-COOLIT-20260925-BL,SCN-BASELINE,INVTX-0241-2,MATERIAL_ISSUE,P-COMP-199,-53,EA,,LOC-SUPERMARKET,WO-0001,,,2026-09-03T11:34:00-06:00,,STANDARD_FLOW
TEN-COOLIT-SYN-001,SITE-COOLIT-SYN-01,ERP,INVENTORY_TRANSACTION,INVTX-0241-3,INVTX-0241-3,RESOLVED,2026-09-25T12:00:00-06:00,2026-09-26T08:00:00-06:00,2026-06-29T00:00:00-06:00,,1,,false,ACTIVE,EA,,VALID,CURRENT,coolit-synthetic-v2.0.0,ALL_SYNTHETIC_CUSTOMERS,ALL_SYNTHETIC_PROGRAMS,P-COMP-199,SYNTHETIC_INTERNAL,SNP-COOLIT-20260925-BL,SCN-BASELINE,INVTX-0241-3,CYCLE_COUNT_ADJUSTMENT,P-COMP-199,0,EA,,LOC-SUPERMARKET,,,,2026-09-25T12:00:00-06:00,,COUNT_RECONCILIATION
TEN-COOLIT-SYN-001,SITE-COOLIT-SYN-01,ERP,INVENTORY_TRANSACTION,INVTX-0242-1,INVTX-0242-1,RESOLVED,2026-07-24T10:21:00-06:00,2026-09-26T08:00:00-06:00,2026-06-29T00:00:00-06:00,,1,,false,ACTIVE,EA,,VALID,CURRENT,coolit-synthetic-v2.0.0,ALL_SYNTHETIC_CUSTOMERS,ALL_SYNTHETIC_PROGRAMS,P-COMP-200,SYNTHETIC_INTERNAL,SNP-COOLIT-20260925-BL,SCN-BASELINE,INVTX-0242-1,RECEIPT,P-COMP-200,46,EA,,LOC-SUPERMARKET,,PO-SCH-0062,,2026-07-24T10:21:00-06:00,,STANDARD_FLOW
TEN-COOLIT-SYN-001,SITE-COOLIT-SYN-01,ERP,INVENTORY_TRANSACTION,INVTX-0242-2,INVTX-0242-2,RESOLVED,2026-09-04T11:27:00-06:00,2026-09-26T08:00:00-06:00,2026-06-29T00:00:00-06:00,,1,,false,ACTIVE,EA,,VALID,CURRENT,coolit-synthetic-v2.0.0,ALL_SYNTHETIC_CUSTOMERS,ALL_SYNTHETIC_PROGRAMS,P-COMP-200,SYNTHETIC_INTERNAL,SNP-COOLIT-20260925-BL,SCN-BASELINE,INVTX-0242-2,MATERIAL_ISSUE,P-COMP-200,-54,EA,,LOC-SUPERMARKET,WO-0002,,,2026-09-04T11:27:00-06:00,,STANDARD_FLOW
TEN-COOLIT-SYN-001,SITE-COOLIT-SYN-01,ERP,INVENTORY_TRANSACTION,INVTX-0242-3,INVTX-0242-3,RESOLVED,2026-09-25T12:00:00-06:00,2026-09-26T08:00:00-06:00,2026-06-29T00:00:00-06:00,,1,,false,ACTIVE,EA,,VALID,CURRENT,coolit-synthetic-v2.0.0,ALL_SYNTHETIC_CUSTOMERS,ALL_SYNTHETIC_PROGRAMS,P-COMP-200,SYNTHETIC_INTERNAL,SNP-COOLIT-20260925-BL,SCN-BASELINE,INVTX-0242-3,CYCLE_COUNT_ADJUSTMENT,P-COMP-200,0,EA,,LOC-SUPERMARKET,,,,2026-09-25T12:00:00-06:00,,COUNT_RECONCILIATION
TEN-COOLIT-SYN-001,SITE-COOLIT-SYN-01,ERP,INVENTORY_TRANSACTION,INVTX-0243-1,INVTX-0243-1,RESOLVED,2026-07-25T10:14:00-06:00,2026-09-26T08:00:00-06:00,2026-06-29T00:00:00-06:00,,1,,false,ACTIVE,EA,,VALID,CURRENT,coolit-synthetic-v2.0.0,ALL_SYNTHETIC_CUSTOMERS,ALL_SYNTHETIC_PROGRAMS,P-COMP-201,SYNTHETIC_INTERNAL,SNP-COOLIT-20260925-BL,SCN-BASELINE,INVTX-0243-1,RECEIPT,P-COMP-201,47,EA,LOT-P-COMP-201-A,LOC-SUPERMARKET,,PO-SCH-0063,,2026-07-25T10:14:00-06:00,,STANDARD_FLOW
TEN-COOLIT-SYN-001,SITE-COOLIT-SYN-01,ERP,INVENTORY_TRANSACTION,INVTX-0243-2,INVTX-0243-2,RESOLVED,2026-09-05T11:20:00-06:00,2026-09-26T08:00:00-06:00,2026-06-29T00:00:00-06:00,,1,,false,ACTIVE,EA,,VALID,CURRENT,coolit-synthetic-v2.0.0,ALL_SYNTHETIC_CUSTOMERS,ALL_SYNTHETIC_PROGRAMS,P-COMP-201,SYNTHETIC_INTERNAL,SNP-COOLIT-20260925-BL,SCN-BASELINE,INVTX-0243-2,MATERIAL_ISSUE,P-COMP-201,-55,EA,LOT-P-COMP-201-A,LOC-SUPERMARKET,WO-0003,,,2026-09-05T11:20:00-06:00,,STANDARD_FLOW
TEN-COOLIT-SYN-001,SITE-COOLIT-SYN-01,ERP,INVENTORY_TRANSACTION,INVTX-0243-3,INVTX-0243-3,RESOLVED,2026-09-25T12:00:00-06:00,2026-09-26T08:00:00-06:00,2026-06-29T00:00:00-06:00,,1,,false,ACTIVE,EA,,VALID,CURRENT,coolit-synthetic-v2.0.0,ALL_SYNTHETIC_CUSTOMERS,ALL_SYNTHETIC_PROGRAMS,P-COMP-201,SYNTHETIC_INTERNAL,SNP-COOLIT-20260925-BL,SCN-BASELINE,INVTX-0243-3,CYCLE_COUNT_ADJUSTMENT,P-COMP-201,0,EA,LOT-P-COMP-201-A,LOC-SUPERMARKET,,,,2026-09-25T12:00:00-06:00,,COUNT_RECONCILIATION
TEN-COOLIT-SYN-001,SITE-COOLIT-SYN-01,ERP,INVENTORY_TRANSACTION,INVTX-0244-1,INVTX-0244-1,RESOLVED,2026-07-17T10:10:00-06:00,2026-09-26T08:00:00-06:00,2026-06-29T00:00:00-06:00,,1,,false,ACTIVE,EA,,VALID,CURRENT,coolit-synthetic-v2.0.0,ALL_SYNTHETIC_CUSTOMERS,ALL_SYNTHETIC_PROGRAMS,P-COMP-202,SYNTHETIC_INTERNAL,SNP-COOLIT-20260925-BL,SCN-BASELINE,INVTX-0244-1,RECEIPT,P-COMP-202,48,EA,LOT-P-COMP-202-A,LOC-SUPERMARKET,,PO-SCH-0064,,2026-07-17T10:10:00-06:00,,STANDARD_FLOW
TEN-COOLIT-SYN-001,SITE-COOLIT-SYN-01,ERP,INVENTORY_TRANSACTION,INVTX-0244-2,INVTX-0244-2,RESOLVED,2026-08-28T11:16:00-06:00,2026-09-26T08:00:00-06:00,2026-06-29T00:00:00-06:00,,1,,false,ACTIVE,EA,,VALID,CURRENT,coolit-synthetic-v2.0.0,ALL_SYNTHETIC_CUSTOMERS,ALL_SYNTHETIC_PROGRAMS,P-COMP-202,SYNTHETIC_INTERNAL,SNP-COOLIT-20260925-BL,SCN-BASELINE,INVTX-0244-2,MATERIAL_ISSUE,P-COMP-202,-56,EA,LOT-P-COMP-202-A,LOC-SUPERMARKET,WO-0004,,,2026-08-28T11:16:00-06:00,,STANDARD_FLOW
TEN-COOLIT-SYN-001,SITE-COOLIT-SYN-01,ERP,INVENTORY_TRANSACTION,INVTX-0244-3,INVTX-0244-3,RESOLVED,2026-09-19T12:42:00-06:00,2026-09-26T08:00:00-06:00,2026-06-29T00:00:00-06:00,,1,,false,ACTIVE,EA,,VALID,CURRENT,coolit-synthetic-v2.0.0,ALL_SYNTHETIC_CUSTOMERS,ALL_SYNTHETIC_PROGRAMS,P-COMP-202,SYNTHETIC_INTERNAL,SNP-COOLIT-20260925-BL,SCN-BASELINE,INVTX-0244-3,CYCLE_COUNT_ADJUSTMENT,P-COMP-202,0,EA,LOT-P-COMP-202-A,LOC-SUPERMARKET,,,,2026-09-19T12:42:00-06:00,,COUNT_RECONCILIATION
TEN-COOLIT-SYN-001,SITE-COOLIT-SYN-01,ERP,INVENTORY_TRANSACTION,INVTX-0245-1,INVTX-0245-1,RESOLVED,2026-07-18T10:03:00-06:00,2026-09-26T08:00:00-06:00,2026-06-29T00:00:00-06:00,,1,,false,ACTIVE,EA,,VALID,CURRENT,coolit-synthetic-v2.0.0,ALL_SYNTHETIC_CUSTOMERS,ALL_SYNTHETIC_PROGRAMS,P-COMP-203,SYNTHETIC_INTERNAL,SNP-COOLIT-20260925-BL,SCN-BASELINE,INVTX-0245-1,RECEIPT,P-COMP-203,49,EA,LOT-P-COMP-203-A,LOC-SUPERMARKET,,PO-SCH-0065,,2026-07-18T10:03:00-06:00,,STANDARD_FLOW
TEN-COOLIT-SYN-001,SITE-COOLIT-SYN-01,ERP,INVENTORY_TRANSACTION,INVTX-0245-2,INVTX-0245-2,RESOLVED,2026-08-29T11:09:00-06:00,2026-09-26T08:00:00-06:00,2026-06-29T00:00:00-06:00,,1,,false,ACTIVE,EA,,VALID,CURRENT,coolit-synthetic-v2.0.0,ALL_SYNTHETIC_CUSTOMERS,ALL_SYNTHETIC_PROGRAMS,P-COMP-203,SYNTHETIC_INTERNAL,SNP-COOLIT-20260925-BL,SCN-BASELINE,INVTX-0245-2,MATERIAL_ISSUE,P-COMP-203,-57,EA,LOT-P-COMP-203-A,LOC-SUPERMARKET,WO-0005,,,2026-08-29T11:09:00-06:00,,STANDARD_FLOW
TEN-COOLIT-SYN-001,SITE-COOLIT-SYN-01,ERP,INVENTORY_TRANSACTION,INVTX-0245-3,INVTX-0245-3,RESOLVED,2026-09-20T12:35:00-06:00,2026-09-26T08:00:00-06:00,2026-06-29T00:00:00-06:00,,1,,false,ACTIVE,EA,,VALID,CURRENT,coolit-synthetic-v2.0.0,ALL_SYNTHETIC_CUSTOMERS,ALL_SYNTHETIC_PROGRAMS,P-COMP-203,SYNTHETIC_INTERNAL,SNP-COOLIT-20260925-BL,SCN-BASELINE,INVTX-0245-3,CYCLE_COUNT_ADJUSTMENT,P-COMP-203,0,EA,LOT-P-COMP-203-A,LOC-SUPERMARKET,,,,2026-09-20T12:35:00-06:00,,COUNT_RECONCILIATION
TEN-COOLIT-SYN-001,SITE-COOLIT-SYN-01,ERP,INVENTORY_TRANSACTION,INVTX-0246-1,INVTX-0246-1,RESOLVED,2026-07-19T10:56:00-06:00,2026-09-26T08:00:00-06:00,2026-06-29T00:00:00-06:00,,1,,false,ACTIVE,EA,,VALID,CURRENT,coolit-synthetic-v2.0.0,ALL_SYNTHETIC_CUSTOMERS,ALL_SYNTHETIC_PROGRAMS,P-COMP-204,SYNTHETIC_INTERNAL,SNP-COOLIT-20260925-BL,SCN-BASELINE,INVTX-0246-1,RECEIPT,P-COMP-204,50,EA,LOT-P-COMP-204-A,LOC-SUPERMARKET,,PO-SCH-0066,,2026-07-19T10:56:00-06:00,,STANDARD_FLOW
TEN-COOLIT-SYN-001,SITE-COOLIT-SYN-01,ERP,INVENTORY_TRANSACTION,INVTX-0246-2,INVTX-0246-2,RESOLVED,2026-08-30T11:02:00-06:00,2026-09-26T08:00:00-06:00,2026-06-29T00:00:00-06:00,,1,,false,ACTIVE,EA,,VALID,CURRENT,coolit-synthetic-v2.0.0,ALL_SYNTHETIC_CUSTOMERS,ALL_SYNTHETIC_PROGRAMS,P-COMP-204,SYNTHETIC_INTERNAL,SNP-COOLIT-20260925-BL,SCN-BASELINE,INVTX-0246-2,MATERIAL_ISSUE,P-COMP-204,-58,EA,LOT-P-COMP-204-A,LOC-SUPERMARKET,WO-0006,,,2026-08-30T11:02:00-06:00,,STANDARD_FLOW
TEN-COOLIT-SYN-001,SITE-COOLIT-SYN-01,ERP,INVENTORY_TRANSACTION,INVTX-0246-3,INVTX-0246-3,RESOLVED,2026-09-21T12:28:00-06:00,2026-09-26T08:00:00-06:00,2026-06-29T00:00:00-06:00,,1,,false,ACTIVE,EA,,VALID,CURRENT,coolit-synthetic-v2.0.0,ALL_SYNTHETIC_CUSTOMERS,ALL_SYNTHETIC_PROGRAMS,P-COMP-204,SYNTHETIC_INTERNAL,SNP-COOLIT-20260925-BL,SCN-BASELINE,INVTX-0246-3,CYCLE_COUNT_ADJUSTMENT,P-COMP-204,0,EA,LOT-P-COMP-204-A,LOC-SUPERMARKET,,,,2026-09-21T12:28:00-06:00,,COUNT_RECONCILIATION
TEN-COOLIT-SYN-001,SITE-COOLIT-SYN-01,ERP,INVENTORY_TRANSACTION,INVTX-0247-1,INVTX-0247-1,RESOLVED,2026-07-20T10:49:00-06:00,2026-09-26T08:00:00-06:00,2026-06-29T00:00:00-06:00,,1,,false,ACTIVE,EA,,VALID,CURRENT,coolit-synthetic-v2.0.0,ALL_SYNTHETIC_CUSTOMERS,ALL_SYNTHETIC_PROGRAMS,P-COMP-205,SYNTHETIC_INTERNAL,SNP-COOLIT-20260925-BL,SCN-BASELINE,INVTX-0247-1,RECEIPT,P-COMP-205,51,EA,LOT-P-COMP-205-A,LOC-SUPERMARKET,,PO-SCH-0067,,2026-07-20T10:49:00-06:00,,STANDARD_FLOW
TEN-COOLIT-SYN-001,SITE-COOLIT-SYN-01,ERP,INVENTORY_TRANSACTION,INVTX-0247-2,INVTX-0247-2,RESOLVED,2026-08-31T11:55:00-06:00,2026-09-26T08:00:00-06:00,2026-06-29T00:00:00-06:00,,1,,false,ACTIVE,EA,,VALID,CURRENT,coolit-synthetic-v2.0.0,ALL_SYNTHETIC_CUSTOMERS,ALL_SYNTHETIC_PROGRAMS,P-COMP-205,SYNTHETIC_INTERNAL,SNP-COOLIT-20260925-BL,SCN-BASELINE,INVTX-0247-2,MATERIAL_ISSUE,P-COMP-205,-18,EA,LOT-P-COMP-205-A,LOC-SUPERMARKET,WO-0007,,,2026-08-31T11:55:00-06:00,,STANDARD_FLOW
TEN-COOLIT-SYN-001,SITE-COOLIT-SYN-01,ERP,INVENTORY_TRANSACTION,INVTX-0247-3,INVTX-0247-3,RESOLVED,2026-09-22T12:21:00-06:00,2026-09-26T08:00:00-06:00,2026-06-29T00:00:00-06:00,,1,,false,ACTIVE,EA,,VALID,CURRENT,coolit-synthetic-v2.0.0,ALL_SYNTHETIC_CUSTOMERS,ALL_SYNTHETIC_PROGRAMS,P-COMP-205,SYNTHETIC_INTERNAL,SNP-COOLIT-20260925-BL,SCN-BASELINE,INVTX-0247-3,CYCLE_COUNT_ADJUSTMENT,P-COMP-205,0,EA,LOT-P-COMP-205-A,LOC-SUPERMARKET,,,,2026-09-22T12:21:00-06:00,,COUNT_RECONCILIATION
TEN-COOLIT-SYN-001,SITE-COOLIT-SYN-01,ERP,INVENTORY_TRANSACTION,INVTX-0248-1,INVTX-0248-1,RESOLVED,2026-07-21T10:42:00-06:00,2026-09-26T08:00:00-06:00,2026-06-29T00:00:00-06:00,,1,,false,ACTIVE,EA,,VALID,CURRENT,coolit-synthetic-v2.0.0,ALL_SYNTHETIC_CUSTOMERS,ALL_SYNTHETIC_PROGRAMS,P-COMP-206,SYNTHETIC_INTERNAL,SNP-COOLIT-20260925-BL,SCN-BASELINE,INVTX-0248-1,RECEIPT,P-COMP-206,52,EA,LOT-P-COMP-206-A,LOC-SUPERMARKET,,PO-SCH-0068,,2026-07-21T10:42:00-06:00,,STANDARD_FLOW
TEN-COOLIT-SYN-001,SITE-COOLIT-SYN-01,ERP,INVENTORY_TRANSACTION,INVTX-0248-2,INVTX-0248-2,RESOLVED,2026-09-01T11:48:00-06:00,2026-09-26T08:00:00-06:00,2026-06-29T00:00:00-06:00,,1,,false,ACTIVE,EA,,VALID,CURRENT,coolit-synthetic-v2.0.0,ALL_SYNTHETIC_CUSTOMERS,ALL_SYNTHETIC_PROGRAMS,P-COMP-206,SYNTHETIC_INTERNAL,SNP-COOLIT-20260925-BL,SCN-BASELINE,INVTX-0248-2,MATERIAL_ISSUE,P-COMP-206,-19,EA,LOT-P-COMP-206-A,LOC-SUPERMARKET,WO-0008,,,2026-09-01T11:48:00-06:00,,STANDARD_FLOW
TEN-COOLIT-SYN-001,SITE-COOLIT-SYN-01,ERP,INVENTORY_TRANSACTION,INVTX-0248-3,INVTX-0248-3,RESOLVED,2026-09-23T12:14:00-06:00,2026-09-26T08:00:00-06:00,2026-06-29T00:00:00-06:00,,1,,false,ACTIVE,EA,,VALID,CURRENT,coolit-synthetic-v2.0.0,ALL_SYNTHETIC_CUSTOMERS,ALL_SYNTHETIC_PROGRAMS,P-COMP-206,SYNTHETIC_INTERNAL,SNP-COOLIT-20260925-BL,SCN-BASELINE,INVTX-0248-3,CYCLE_COUNT_ADJUSTMENT,P-COMP-206,1,EA,LOT-P-COMP-206-A,LOC-SUPERMARKET,,,,2026-09-23T12:14:00-06:00,,COUNT_RECONCILIATION
TEN-COOLIT-SYN-001,SITE-COOLIT-SYN-01,ERP,INVENTORY_TRANSACTION,INVTX-0249-1,INVTX-0249-1,RESOLVED,2026-07-22T10:35:00-06:00,2026-09-26T08:00:00-06:00,2026-06-29T00:00:00-06:00,,1,,false,ACTIVE,EA,,VALID,CURRENT,coolit-synthetic-v2.0.0,ALL_SYNTHETIC_CUSTOMERS,ALL_SYNTHETIC_PROGRAMS,P-COMP-207,SYNTHETIC_INTERNAL,SNP-COOLIT-20260925-BL,SCN-BASELINE,INVTX-0249-1,RECEIPT,P-COMP-207,53,EA,LOT-P-COMP-207-A,LOC-SUPERMARKET,,PO-SCH-0069,,2026-07-22T10:35:00-06:00,,STANDARD_FLOW
TEN-COOLIT-SYN-001,SITE-COOLIT-SYN-01,ERP,INVENTORY_TRANSACTION,INVTX-0249-2,INVTX-0249-2,RESOLVED,2026-09-02T11:41:00-06:00,2026-09-26T08:00:00-06:00,2026-06-29T00:00:00-06:00,,1,,false,ACTIVE,EA,,VALID,CURRENT,coolit-synthetic-v2.0.0,ALL_SYNTHETIC_CUSTOMERS,ALL_SYNTHETIC_PROGRAMS,P-COMP-207,SYNTHETIC_INTERNAL,SNP-COOLIT-20260925-BL,SCN-BASELINE,INVTX-0249-2,MATERIAL_ISSUE,P-COMP-207,-20,EA,LOT-P-COMP-207-A,LOC-SUPERMARKET,WO-0009,,,2026-09-02T11:41:00-06:00,,STANDARD_FLOW
TEN-COOLIT-SYN-001,SITE-COOLIT-SYN-01,ERP,INVENTORY_TRANSACTION,INVTX-0249-3,INVTX-0249-3,RESOLVED,2026-09-24T12:07:00-06:00,2026-09-26T08:00:00-06:00,2026-06-29T00:00:00-06:00,,1,,false,ACTIVE,EA,,VALID,CURRENT,coolit-synthetic-v2.0.0,ALL_SYNTHETIC_CUSTOMERS,ALL_SYNTHETIC_PROGRAMS,P-COMP-207,SYNTHETIC_INTERNAL,SNP-COOLIT-20260925-BL,SCN-BASELINE,INVTX-0249-3,CYCLE_COUNT_ADJUSTMENT,P-COMP-207,0,EA,LOT-P-COMP-207-A,LOC-SUPERMARKET,,,,2026-09-24T12:07:00-06:00,,COUNT_RECONCILIATION
TEN-COOLIT-SYN-001,SITE-COOLIT-SYN-01,ERP,INVENTORY_TRANSACTION,INVTX-0250-1,INVTX-0250-1,RESOLVED,2026-07-23T10:28:00-06:00,2026-09-26T08:00:00-06:00,2026-06-29T00:00:00-06:00,,1,,false,ACTIVE,EA,,VALID,CURRENT,coolit-synthetic-v2.0.0,ALL_SYNTHETIC_CUSTOMERS,ALL_SYNTHETIC_PROGRAMS,P-COMP-208,SYNTHETIC_INTERNAL,SNP-COOLIT-20260925-BL,SCN-BASELINE,INVTX-0250-1,RECEIPT,P-COMP-208,54,EA,LOT-P-COMP-208-A,LOC-SUPERMARKET,,PO-SCH-0070,,2026-07-23T10:28:00-06:00,,STANDARD_FLOW
TEN-COOLIT-SYN-001,SITE-COOLIT-SYN-01,ERP,INVENTORY_TRANSACTION,INVTX-0250-2,INVTX-0250-2,RESOLVED,2026-09-03T11:34:00-06:00,2026-09-26T08:00:00-06:00,2026-06-29T00:00:00-06:00,,1,,false,ACTIVE,EA,,VALID,CURRENT,coolit-synthetic-v2.0.0,ALL_SYNTHETIC_CUSTOMERS,ALL_SYNTHETIC_PROGRAMS,P-COMP-208,SYNTHETIC_INTERNAL,SNP-COOLIT-20260925-BL,SCN-BASELINE,INVTX-0250-2,MATERIAL_ISSUE,P-COMP-208,-21,EA,LOT-P-COMP-208-A,LOC-SUPERMARKET,WO-0010,,,2026-09-03T11:34:00-06:00,,STANDARD_FLOW
TEN-COOLIT-SYN-001,SITE-COOLIT-SYN-01,ERP,INVENTORY_TRANSACTION,INVTX-0250-3,INVTX-0250-3,RESOLVED,2026-09-25T12:00:00-06:00,2026-09-26T08:00:00-06:00,2026-06-29T00:00:00-06:00,,1,,false,ACTIVE,EA,,VALID,CURRENT,coolit-synthetic-v2.0.0,ALL_SYNTHETIC_CUSTOMERS,ALL_SYNTHETIC_PROGRAMS,P-COMP-208,SYNTHETIC_INTERNAL,SNP-COOLIT-20260925-BL,SCN-BASELINE,INVTX-0250-3,CYCLE_COUNT_ADJUSTMENT,P-COMP-208,0,EA,LOT-P-COMP-208-A,LOC-SUPERMARKET,,,,2026-09-25T12:00:00-06:00,,COUNT_RECONCILIATION
