tenant_id,site_id,source_system,source_object,source_record_id,canonical_id,crosswalk_status,source_event_at,ingested_at,effective_from,effective_to,record_version,supersedes_source_record_id,is_deleted,semantic_status,uom,currency,data_quality_state,freshness_state,transformation_version,customer_scope,program_scope,product_scope,sensitivity_class,snapshot_id,scenario_id,inventory_status_transition_id,part_id,lot_serial_id,from_status,to_status,from_location_id,to_location_id,transition_qty,reason_code,authorization_role,transition_at,eligibility_after_state
TEN-COOLIT-SYN-001,SITE-COOLIT-SYN-01,WMS,INVENTORY_STATUS_TRANSITION,IST-0001,P-FG-001,RESOLVED,2026-09-25T23:59:59-06:00,2026-09-26T08:00:00-06:00,2026-06-29T00:00:00-06:00,,1,,false,ACTIVE,EA,,VALID,CURRENT,coolit-synthetic-v2.0.0,ALL_SYNTHETIC_CUSTOMERS,ALL_SYNTHETIC_PROGRAMS,P-FG-001,SYNTHETIC_INTERNAL,SNP-COOLIT-20260925-BL,SCN-BASELINE,IST-0001,P-FG-001,LOT-P-FG-001-1,HOLD,AVAILABLE,WH-QA-QUARANTINE-B01,WH-MAIN-STORAGE-B01,5,QUALITY_RELEASE,Quality Manager,2026-09-24T13:07:00-06:00,ELIGIBLE
TEN-COOLIT-SYN-001,SITE-COOLIT-SYN-01,WMS,INVENTORY_STATUS_TRANSITION,IST-0002,P-FG-002,RESOLVED,2026-09-25T23:59:59-06:00,2026-09-26T08:00:00-06:00,2026-06-29T00:00:00-06:00,,1,,false,ACTIVE,EA,,VALID,CURRENT,coolit-synthetic-v2.0.0,ALL_SYNTHETIC_CUSTOMERS,ALL_SYNTHETIC_PROGRAMS,P-FG-002,SYNTHETIC_INTERNAL,SNP-COOLIT-20260925-BL,SCN-BASELINE,IST-0002,P-FG-002,LOT-P-FG-002-1,RECEIVING,AVAILABLE,WH-MAIN-RECEIVING-B01,WH-MAIN-STORAGE-B01,8,RECEIPT_ACCEPTANCE,Warehouse Lead,2026-09-23T13:14:00-06:00,ELIGIBLE
TEN-COOLIT-SYN-001,SITE-COOLIT-SYN-01,WMS,INVENTORY_STATUS_TRANSITION,IST-0003,P-FG-003,RESOLVED,2026-09-25T23:59:59-06:00,2026-09-26T08:00:00-06:00,2026-06-29T00:00:00-06:00,,1,,false,ACTIVE,EA,,VALID,CURRENT,coolit-synthetic-v2.0.0,ALL_SYNTHETIC_CUSTOMERS,ALL_SYNTHETIC_PROGRAMS,P-FG-003,SYNTHETIC_INTERNAL,SNP-COOLIT-20260925-BL,SCN-BASELINE,IST-0003,P-FG-003,LOT-P-FG-003-1,RECEIVING,AVAILABLE,WH-MAIN-RECEIVING-B01,WH-MAIN-STORAGE-B01,9,RECEIPT_ACCEPTANCE,Warehouse Lead,2026-09-22T13:21:00-06:00,ELIGIBLE
TEN-COOLIT-SYN-001,SITE-COOLIT-SYN-01,WMS,INVENTORY_STATUS_TRANSITION,IST-0004,P-FG-004,RESOLVED,2026-09-25T23:59:59-06:00,2026-09-26T08:00:00-06:00,2026-06-29T00:00:00-06:00,,1,,false,ACTIVE,EA,,VALID,CURRENT,coolit-synthetic-v2.0.0,ALL_SYNTHETIC_CUSTOMERS,ALL_SYNTHETIC_PROGRAMS,P-FG-004,SYNTHETIC_INTERNAL,SNP-COOLIT-20260925-BL,SCN-BASELINE,IST-0004,P-FG-004,LOT-P-FG-004-1,RECEIVING,AVAILABLE,WH-MAIN-RECEIVING-B01,WH-MAIN-STORAGE-B01,10,RECEIPT_ACCEPTANCE,Warehouse Lead,2026-09-21T13:28:00-06:00,ELIGIBLE
TEN-COOLIT-SYN-001,SITE-COOLIT-SYN-01,WMS,INVENTORY_STATUS_TRANSITION,IST-0005,P-FG-005,RESOLVED,2026-09-25T23:59:59-06:00,2026-09-26T08:00:00-06:00,2026-06-29T00:00:00-06:00,,1,,false,ACTIVE,EA,,VALID,CURRENT,coolit-synthetic-v2.0.0,ALL_SYNTHETIC_CUSTOMERS,ALL_SYNTHETIC_PROGRAMS,P-FG-005,SYNTHETIC_INTERNAL,SNP-COOLIT-20260925-BL,SCN-BASELINE,IST-0005,P-FG-005,LOT-P-FG-005-1,RECEIVING,AVAILABLE,WH-MAIN-RECEIVING-B01,WH-MAIN-STORAGE-B01,15,RECEIPT_ACCEPTANCE,Warehouse Lead,2026-09-20T13:35:00-06:00,ELIGIBLE
TEN-COOLIT-SYN-001,SITE-COOLIT-SYN-01,WMS,INVENTORY_STATUS_TRANSITION,IST-0006,P-FG-006,RESOLVED,2026-09-25T23:59:59-06:00,2026-09-26T08:00:00-06:00,2026-06-29T00:00:00-06:00,,1,,false,ACTIVE,EA,,VALID,CURRENT,coolit-synthetic-v2.0.0,ALL_SYNTHETIC_CUSTOMERS,ALL_SYNTHETIC_PROGRAMS,P-FG-006,SYNTHETIC_INTERNAL,SNP-COOLIT-20260925-BL,SCN-BASELINE,IST-0006,P-FG-006,LOT-P-FG-006-1,RECEIVING,AVAILABLE,WH-MAIN-RECEIVING-B01,WH-MAIN-STORAGE-B01,11,RECEIPT_ACCEPTANCE,Warehouse Lead,2026-09-19T13:42:00-06:00,ELIGIBLE
TEN-COOLIT-SYN-001,SITE-COOLIT-SYN-01,WMS,INVENTORY_STATUS_TRANSITION,IST-0007,P-FG-007,RESOLVED,2026-09-25T23:59:59-06:00,2026-09-26T08:00:00-06:00,2026-06-29T00:00:00-06:00,,1,,false,ACTIVE,EA,,VALID,CURRENT,coolit-synthetic-v2.0.0,ALL_SYNTHETIC_CUSTOMERS,ALL_SYNTHETIC_PROGRAMS,P-FG-007,SYNTHETIC_INTERNAL,SNP-COOLIT-20260925-BL,SCN-BASELINE,IST-0007,P-FG-007,LOT-P-FG-007-1,RECEIVING,AVAILABLE,WH-MAIN-RECEIVING-B01,WH-MAIN-STORAGE-B01,12,RECEIPT_ACCEPTANCE,Warehouse Lead,2026-09-18T13:49:00-06:00,ELIGIBLE
TEN-COOLIT-SYN-001,SITE-COOLIT-SYN-01,WMS,INVENTORY_STATUS_TRANSITION,IST-0008,P-FG-008,RESOLVED,2026-09-25T23:59:59-06:00,2026-09-26T08:00:00-06:00,2026-06-29T00:00:00-06:00,,1,,false,ACTIVE,EA,,VALID,CURRENT,coolit-synthetic-v2.0.0,ALL_SYNTHETIC_CUSTOMERS,ALL_SYNTHETIC_PROGRAMS,P-FG-008,SYNTHETIC_INTERNAL,SNP-COOLIT-20260925-BL,SCN-BASELINE,IST-0008,P-FG-008,LOT-P-FG-008-1,RECEIVING,AVAILABLE,WH-MAIN-RECEIVING-B01,WH-MAIN-STORAGE-B01,13,RECEIPT_ACCEPTANCE,Warehouse Lead,2026-09-17T13:56:00-06:00,ELIGIBLE
TEN-COOLIT-SYN-001,SITE-COOLIT-SYN-01,WMS,INVENTORY_STATUS_TRANSITION,IST-0009,P-FG-009,RESOLVED,2026-09-25T23:59:59-06:00,2026-09-26T08:00:00-06:00,2026-06-29T00:00:00-06:00,,1,,false,ACTIVE,EA,,VALID,CURRENT,coolit-synthetic-v2.0.0,ALL_SYNTHETIC_CUSTOMERS,ALL_SYNTHETIC_PROGRAMS,P-FG-009,SYNTHETIC_INTERNAL,SNP-COOLIT-20260925-BL,SCN-BASELINE,IST-0009,P-FG-009,LOT-P-FG-009-1,RECEIVING,AVAILABLE,WH-MAIN-RECEIVING-B01,WH-MAIN-STORAGE-B01,10,RECEIPT_ACCEPTANCE,Warehouse Lead,2026-09-16T13:03:00-06:00,ELIGIBLE
TEN-COOLIT-SYN-001,SITE-COOLIT-SYN-01,WMS,INVENTORY_STATUS_TRANSITION,IST-0010,P-FG-010,RESOLVED,2026-09-25T23:59:59-06:00,2026-09-26T08:00:00-06:00,2026-06-29T00:00:00-06:00,,1,,false,ACTIVE,EA,,VALID,CURRENT,coolit-synthetic-v2.0.0,ALL_SYNTHETIC_CUSTOMERS,ALL_SYNTHETIC_PROGRAMS,P-FG-010,SYNTHETIC_INTERNAL,SNP-COOLIT-20260925-BL,SCN-BASELINE,IST-0010,P-FG-010,LOT-P-FG-010-1,RECEIVING,AVAILABLE,WH-MAIN-RECEIVING-B01,WH-MAIN-STORAGE-B01,11,RECEIPT_ACCEPTANCE,Warehouse Lead,2026-09-15T13:10:00-06:00,ELIGIBLE
TEN-COOLIT-SYN-001,SITE-COOLIT-SYN-01,WMS,INVENTORY_STATUS_TRANSITION,IST-0011,P-FG-011,RESOLVED,2026-09-25T23:59:59-06:00,2026-09-26T08:00:00-06:00,2026-06-29T00:00:00-06:00,,1,,false,ACTIVE,EA,,VALID,CURRENT,coolit-synthetic-v2.0.0,ALL_SYNTHETIC_CUSTOMERS,ALL_SYNTHETIC_PROGRAMS,P-FG-011,SYNTHETIC_INTERNAL,SNP-COOLIT-20260925-BL,SCN-BASELINE,IST-0011,P-FG-011,LOT-P-FG-011-1,RECEIVING,AVAILABLE,WH-MAIN-RECEIVING-B01,WH-MAIN-STORAGE-B01,7,RECEIPT_ACCEPTANCE,Warehouse Lead,2026-09-14T13:17:00-06:00,ELIGIBLE
TEN-COOLIT-SYN-001,SITE-COOLIT-SYN-01,WMS,INVENTORY_STATUS_TRANSITION,IST-0012,P-FG-012,RESOLVED,2026-09-25T23:59:59-06:00,2026-09-26T08:00:00-06:00,2026-06-29T00:00:00-06:00,,1,,false,ACTIVE,EA,,VALID,CURRENT,coolit-synthetic-v2.0.0,ALL_SYNTHETIC_CUSTOMERS,ALL_SYNTHETIC_PROGRAMS,P-FG-012,SYNTHETIC_INTERNAL,SNP-COOLIT-20260925-BL,SCN-BASELINE,IST-0012,P-FG-012,LOT-P-FG-012-1,RECEIVING,AVAILABLE,WH-MAIN-RECEIVING-B01,WH-MAIN-STORAGE-B01,8,RECEIPT_ACCEPTANCE,Warehouse Lead,2026-09-13T13:24:00-06:00,ELIGIBLE
TEN-COOLIT-SYN-001,SITE-COOLIT-SYN-01,WMS,INVENTORY_STATUS_TRANSITION,IST-0013,P-QD-001,RESOLVED,2026-09-25T23:59:59-06:00,2026-09-26T08:00:00-06:00,2026-06-29T00:00:00-06:00,,1,,false,ACTIVE,EA,,VALID,CURRENT,coolit-synthetic-v2.0.0,ALL_SYNTHETIC_CUSTOMERS,ALL_SYNTHETIC_PROGRAMS,P-QD-001,SYNTHETIC_INTERNAL,SNP-COOLIT-20260925-BL,SCN-BASELINE,IST-0013,P-QD-001,LOT-P-QD-001-1,RECEIVING,AVAILABLE,WH-MAIN-RECEIVING-B01,WH-MAIN-STORAGE-B01,20,RECEIPT_ACCEPTANCE,Warehouse Lead,2026-09-12T13:31:00-06:00,ELIGIBLE
TEN-COOLIT-SYN-001,SITE-COOLIT-SYN-01,WMS,INVENTORY_STATUS_TRANSITION,IST-0014,P-QD-002,RESOLVED,2026-09-25T23:59:59-06:00,2026-09-26T08:00:00-06:00,2026-06-29T00:00:00-06:00,,1,,false,ACTIVE,EA,,VALID,CURRENT,coolit-synthetic-v2.0.0,ALL_SYNTHETIC_CUSTOMERS,ALL_SYNTHETIC_PROGRAMS,P-QD-002,SYNTHETIC_INTERNAL,SNP-COOLIT-20260925-BL,SCN-BASELINE,IST-0014,P-QD-002,LOT-P-QD-002-1,RECEIVING,AVAILABLE,WH-MAIN-RECEIVING-B01,WH-MAIN-STORAGE-B01,20,RECEIPT_ACCEPTANCE,Warehouse Lead,2026-09-11T13:38:00-06:00,ELIGIBLE
TEN-COOLIT-SYN-001,SITE-COOLIT-SYN-01,WMS,INVENTORY_STATUS_TRANSITION,IST-0015,P-QD-003,RESOLVED,2026-09-25T23:59:59-06:00,2026-09-26T08:00:00-06:00,2026-06-29T00:00:00-06:00,,1,,false,ACTIVE,EA,,VALID,CURRENT,coolit-synthetic-v2.0.0,ALL_SYNTHETIC_CUSTOMERS,ALL_SYNTHETIC_PROGRAMS,P-QD-003,SYNTHETIC_INTERNAL,SNP-COOLIT-20260925-BL,SCN-BASELINE,IST-0015,P-QD-003,LOT-P-QD-003-1,RECEIVING,AVAILABLE,WH-MAIN-RECEIVING-B01,WH-MAIN-STORAGE-B01,20,RECEIPT_ACCEPTANCE,Warehouse Lead,2026-09-10T13:45:00-06:00,ELIGIBLE
TEN-COOLIT-SYN-001,SITE-COOLIT-SYN-01,WMS,INVENTORY_STATUS_TRANSITION,IST-0016,P-QD-004,RESOLVED,2026-09-25T23:59:59-06:00,2026-09-26T08:00:00-06:00,2026-06-29T00:00:00-06:00,,1,,false,ACTIVE,EA,,VALID,CURRENT,coolit-synthetic-v2.0.0,ALL_SYNTHETIC_CUSTOMERS,ALL_SYNTHETIC_PROGRAMS,P-QD-004,SYNTHETIC_INTERNAL,SNP-COOLIT-20260925-BL,SCN-BASELINE,IST-0016,P-QD-004,LOT-P-QD-004-1,RECEIVING,AVAILABLE,WH-MAIN-RECEIVING-B01,WH-MAIN-STORAGE-B01,20,RECEIPT_ACCEPTANCE,Warehouse Lead,2026-09-09T13:52:00-06:00,ELIGIBLE
TEN-COOLIT-SYN-001,SITE-COOLIT-SYN-01,WMS,INVENTORY_STATUS_TRANSITION,IST-0017,P-QD-005,RESOLVED,2026-09-25T23:59:59-06:00,2026-09-26T08:00:00-06:00,2026-06-29T00:00:00-06:00,,1,,false,ACTIVE,EA,,VALID,CURRENT,coolit-synthetic-v2.0.0,ALL_SYNTHETIC_CUSTOMERS,ALL_SYNTHETIC_PROGRAMS,P-QD-005,SYNTHETIC_INTERNAL,SNP-COOLIT-20260925-BL,SCN-BASELINE,IST-0017,P-QD-005,LOT-P-QD-005-1,RECEIVING,AVAILABLE,WH-MAIN-RECEIVING-B01,WH-MAIN-STORAGE-B01,20,RECEIPT_ACCEPTANCE,Warehouse Lead,2026-09-08T13:59:00-06:00,ELIGIBLE
TEN-COOLIT-SYN-001,SITE-COOLIT-SYN-01,WMS,INVENTORY_STATUS_TRANSITION,IST-0018,P-QD-006,RESOLVED,2026-09-25T23:59:59-06:00,2026-09-26T08:00:00-06:00,2026-06-29T00:00:00-06:00,,1,,false,ACTIVE,EA,,VALID,CURRENT,coolit-synthetic-v2.0.0,ALL_SYNTHETIC_CUSTOMERS,ALL_SYNTHETIC_PROGRAMS,P-QD-006,SYNTHETIC_INTERNAL,SNP-COOLIT-20260925-BL,SCN-BASELINE,IST-0018,P-QD-006,LOT-P-QD-006-1,RECEIVING,AVAILABLE,WH-MAIN-RECEIVING-B01,WH-MAIN-STORAGE-B01,20,RECEIPT_ACCEPTANCE,Warehouse Lead,2026-09-07T13:06:00-06:00,ELIGIBLE
TEN-COOLIT-SYN-001,SITE-COOLIT-SYN-01,WMS,INVENTORY_STATUS_TRANSITION,IST-0019,P-QD-007,RESOLVED,2026-09-25T23:59:59-06:00,2026-09-26T08:00:00-06:00,2026-06-29T00:00:00-06:00,,1,,false,ACTIVE,EA,,VALID,CURRENT,coolit-synthetic-v2.0.0,ALL_SYNTHETIC_CUSTOMERS,ALL_SYNTHETIC_PROGRAMS,P-QD-007,SYNTHETIC_INTERNAL,SNP-COOLIT-20260925-BL,SCN-BASELINE,IST-0019,P-QD-007,LOT-P-QD-007-1,RECEIVING,AVAILABLE,WH-MAIN-RECEIVING-B01,WH-MAIN-STORAGE-B01,20,RECEIPT_ACCEPTANCE,Warehouse Lead,2026-09-06T13:13:00-06:00,ELIGIBLE
TEN-COOLIT-SYN-001,SITE-COOLIT-SYN-01,WMS,INVENTORY_STATUS_TRANSITION,IST-0020,P-QD-008,RESOLVED,2026-09-25T23:59:59-06:00,2026-09-26T08:00:00-06:00,2026-06-29T00:00:00-06:00,,1,,false,ACTIVE,EA,,VALID,CURRENT,coolit-synthetic-v2.0.0,ALL_SYNTHETIC_CUSTOMERS,ALL_SYNTHETIC_PROGRAMS,P-QD-008,SYNTHETIC_INTERNAL,SNP-COOLIT-20260925-BL,SCN-BASELINE,IST-0020,P-QD-008,LOT-P-QD-008-1,RECEIVING,AVAILABLE,WH-MAIN-RECEIVING-B01,WH-MAIN-STORAGE-B01,20,RECEIPT_ACCEPTANCE,Warehouse Lead,2026-09-05T13:20:00-06:00,ELIGIBLE
TEN-COOLIT-SYN-001,SITE-COOLIT-SYN-01,WMS,INVENTORY_STATUS_TRANSITION,IST-0021,P-QD-009,RESOLVED,2026-09-25T23:59:59-06:00,2026-09-26T08:00:00-06:00,2026-06-29T00:00:00-06:00,,1,,false,ACTIVE,EA,,VALID,CURRENT,coolit-synthetic-v2.0.0,ALL_SYNTHETIC_CUSTOMERS,ALL_SYNTHETIC_PROGRAMS,P-QD-009,SYNTHETIC_INTERNAL,SNP-COOLIT-20260925-BL,SCN-BASELINE,IST-0021,P-QD-009,LOT-P-QD-009-1,RECEIVING,AVAILABLE,WH-MAIN-RECEIVING-B01,WH-MAIN-STORAGE-B01,20,RECEIPT_ACCEPTANCE,Warehouse Lead,2026-09-04T13:27:00-06:00,ELIGIBLE
TEN-COOLIT-SYN-001,SITE-COOLIT-SYN-01,WMS,INVENTORY_STATUS_TRANSITION,IST-0022,P-QD-010,RESOLVED,2026-09-25T23:59:59-06:00,2026-09-26T08:00:00-06:00,2026-06-29T00:00:00-06:00,,1,,false,ACTIVE,EA,,VALID,CURRENT,coolit-synthetic-v2.0.0,ALL_SYNTHETIC_CUSTOMERS,ALL_SYNTHETIC_PROGRAMS,P-QD-010,SYNTHETIC_INTERNAL,SNP-COOLIT-20260925-BL,SCN-BASELINE,IST-0022,P-QD-010,LOT-P-QD-010-1,RECEIVING,AVAILABLE,WH-MAIN-RECEIVING-B01,WH-MAIN-STORAGE-B01,20,RECEIPT_ACCEPTANCE,Warehouse Lead,2026-09-03T13:34:00-06:00,ELIGIBLE
TEN-COOLIT-SYN-001,SITE-COOLIT-SYN-01,WMS,INVENTORY_STATUS_TRANSITION,IST-0023,P-PUMP-001,RESOLVED,2026-09-25T23:59:59-06:00,2026-09-26T08:00:00-06:00,2026-06-29T00:00:00-06:00,,1,,false,ACTIVE,EA,,VALID,CURRENT,coolit-synthetic-v2.0.0,ALL_SYNTHETIC_CUSTOMERS,ALL_SYNTHETIC_PROGRAMS,P-PUMP-001,SYNTHETIC_INTERNAL,SNP-COOLIT-20260925-BL,SCN-BASELINE,IST-0023,P-PUMP-001,LOT-P-PUMP-001-1,RECEIVING,AVAILABLE,WH-MAIN-RECEIVING-B01,WH-MAIN-STORAGE-B01,20,RECEIPT_ACCEPTANCE,Warehouse Lead,2026-09-02T13:41:00-06:00,ELIGIBLE
TEN-COOLIT-SYN-001,SITE-COOLIT-SYN-01,WMS,INVENTORY_STATUS_TRANSITION,IST-0024,P-PUMP-002,RESOLVED,2026-09-25T23:59:59-06:00,2026-09-26T08:00:00-06:00,2026-06-29T00:00:00-06:00,,1,,false,ACTIVE,EA,,VALID,CURRENT,coolit-synthetic-v2.0.0,ALL_SYNTHETIC_CUSTOMERS,ALL_SYNTHETIC_PROGRAMS,P-PUMP-002,SYNTHETIC_INTERNAL,SNP-COOLIT-20260925-BL,SCN-BASELINE,IST-0024,P-PUMP-002,LOT-P-PUMP-002-1,HOLD,AVAILABLE,WH-QA-QUARANTINE-B01,WH-MAIN-STORAGE-B01,20,QUALITY_RELEASE,Quality Manager,2026-09-01T13:48:00-06:00,ELIGIBLE
TEN-COOLIT-SYN-001,SITE-COOLIT-SYN-01,WMS,INVENTORY_STATUS_TRANSITION,IST-0025,P-PUMP-003,RESOLVED,2026-09-25T23:59:59-06:00,2026-09-26T08:00:00-06:00,2026-06-29T00:00:00-06:00,,1,,false,ACTIVE,EA,,VALID,CURRENT,coolit-synthetic-v2.0.0,ALL_SYNTHETIC_CUSTOMERS,ALL_SYNTHETIC_PROGRAMS,P-PUMP-003,SYNTHETIC_INTERNAL,SNP-COOLIT-20260925-BL,SCN-BASELINE,IST-0025,P-PUMP-003,LOT-P-PUMP-003-1,RECEIVING,AVAILABLE,WH-MAIN-RECEIVING-B01,WH-MAIN-STORAGE-B01,20,RECEIPT_ACCEPTANCE,Warehouse Lead,2026-08-31T13:55:00-06:00,ELIGIBLE
TEN-COOLIT-SYN-001,SITE-COOLIT-SYN-01,WMS,INVENTORY_STATUS_TRANSITION,IST-0026,P-PUMP-004,RESOLVED,2026-09-25T23:59:59-06:00,2026-09-26T08:00:00-06:00,2026-06-29T00:00:00-06:00,,1,,false,ACTIVE,EA,,VALID,CURRENT,coolit-synthetic-v2.0.0,ALL_SYNTHETIC_CUSTOMERS,ALL_SYNTHETIC_PROGRAMS,P-PUMP-004,SYNTHETIC_INTERNAL,SNP-COOLIT-20260925-BL,SCN-BASELINE,IST-0026,P-PUMP-004,LOT-P-PUMP-004-1,RECEIVING,AVAILABLE,WH-MAIN-RECEIVING-B01,WH-MAIN-STORAGE-B01,20,RECEIPT_ACCEPTANCE,Warehouse Lead,2026-08-30T13:02:00-06:00,ELIGIBLE
TEN-COOLIT-SYN-001,SITE-COOLIT-SYN-01,WMS,INVENTORY_STATUS_TRANSITION,IST-0027,P-PUMP-005,RESOLVED,2026-09-25T23:59:59-06:00,2026-09-26T08:00:00-06:00,2026-06-29T00:00:00-06:00,,1,,false,ACTIVE,EA,,VALID,CURRENT,coolit-synthetic-v2.0.0,ALL_SYNTHETIC_CUSTOMERS,ALL_SYNTHETIC_PROGRAMS,P-PUMP-005,SYNTHETIC_INTERNAL,SNP-COOLIT-20260925-BL,SCN-BASELINE,IST-0027,P-PUMP-005,LOT-P-PUMP-005-1,RECEIVING,AVAILABLE,WH-MAIN-RECEIVING-B01,WH-MAIN-STORAGE-B01,20,RECEIPT_ACCEPTANCE,Warehouse Lead,2026-08-29T13:09:00-06:00,ELIGIBLE
TEN-COOLIT-SYN-001,SITE-COOLIT-SYN-01,WMS,INVENTORY_STATUS_TRANSITION,IST-0028,P-PUMP-006,RESOLVED,2026-09-25T23:59:59-06:00,2026-09-26T08:00:00-06:00,2026-06-29T00:00:00-06:00,,1,,false,ACTIVE,EA,,VALID,CURRENT,coolit-synthetic-v2.0.0,ALL_SYNTHETIC_CUSTOMERS,ALL_SYNTHETIC_PROGRAMS,P-PUMP-006,SYNTHETIC_INTERNAL,SNP-COOLIT-20260925-BL,SCN-BASELINE,IST-0028,P-PUMP-006,LOT-P-PUMP-006-1,RECEIVING,AVAILABLE,WH-MAIN-RECEIVING-B01,WH-MAIN-STORAGE-B01,20,RECEIPT_ACCEPTANCE,Warehouse Lead,2026-08-28T13:16:00-06:00,ELIGIBLE
TEN-COOLIT-SYN-001,SITE-COOLIT-SYN-01,WMS,INVENTORY_STATUS_TRANSITION,IST-0029,P-PUMP-007,RESOLVED,2026-09-25T23:59:59-06:00,2026-09-26T08:00:00-06:00,2026-06-29T00:00:00-06:00,,1,,false,ACTIVE,EA,,VALID,CURRENT,coolit-synthetic-v2.0.0,ALL_SYNTHETIC_CUSTOMERS,ALL_SYNTHETIC_PROGRAMS,P-PUMP-007,SYNTHETIC_INTERNAL,SNP-COOLIT-20260925-BL,SCN-BASELINE,IST-0029,P-PUMP-007,LOT-P-PUMP-007-1,RECEIVING,AVAILABLE,WH-MAIN-RECEIVING-B01,WH-MAIN-STORAGE-B01,20,RECEIPT_ACCEPTANCE,Warehouse Lead,2026-08-27T13:23:00-06:00,ELIGIBLE
TEN-COOLIT-SYN-001,SITE-COOLIT-SYN-01,WMS,INVENTORY_STATUS_TRANSITION,IST-0030,P-PUMP-008,RESOLVED,2026-09-25T23:59:59-06:00,2026-09-26T08:00:00-06:00,2026-06-29T00:00:00-06:00,,1,,false,ACTIVE,EA,,VALID,CURRENT,coolit-synthetic-v2.0.0,ALL_SYNTHETIC_CUSTOMERS,ALL_SYNTHETIC_PROGRAMS,P-PUMP-008,SYNTHETIC_INTERNAL,SNP-COOLIT-20260925-BL,SCN-BASELINE,IST-0030,P-PUMP-008,LOT-P-PUMP-008-1,RECEIVING,AVAILABLE,WH-MAIN-RECEIVING-B01,WH-MAIN-STORAGE-B01,20,RECEIPT_ACCEPTANCE,Warehouse Lead,2026-08-26T13:30:00-06:00,ELIGIBLE
TEN-COOLIT-SYN-001,SITE-COOLIT-SYN-01,WMS,INVENTORY_STATUS_TRANSITION,IST-0031,P-HX-001,RESOLVED,2026-09-25T23:59:59-06:00,2026-09-26T08:00:00-06:00,2026-06-29T00:00:00-06:00,,1,,false,ACTIVE,EA,,VALID,CURRENT,coolit-synthetic-v2.0.0,ALL_SYNTHETIC_CUSTOMERS,ALL_SYNTHETIC_PROGRAMS,P-HX-001,SYNTHETIC_INTERNAL,SNP-COOLIT-20260925-BL,SCN-BASELINE,IST-0031,P-HX-001,LOT-P-HX-001-1,RECEIVING,AVAILABLE,WH-MAIN-RECEIVING-B01,WH-MAIN-STORAGE-B01,20,RECEIPT_ACCEPTANCE,Warehouse Lead,2026-08-25T13:37:00-06:00,ELIGIBLE
TEN-COOLIT-SYN-001,SITE-COOLIT-SYN-01,WMS,INVENTORY_STATUS_TRANSITION,IST-0032,P-HX-002,RESOLVED,2026-09-25T23:59:59-06:00,2026-09-26T08:00:00-06:00,2026-06-29T00:00:00-06:00,,1,,false,ACTIVE,EA,,VALID,CURRENT,coolit-synthetic-v2.0.0,ALL_SYNTHETIC_CUSTOMERS,ALL_SYNTHETIC_PROGRAMS,P-HX-002,SYNTHETIC_INTERNAL,SNP-COOLIT-20260925-BL,SCN-BASELINE,IST-0032,P-HX-002,LOT-P-HX-002-1,RECEIVING,AVAILABLE,WH-MAIN-RECEIVING-B01,WH-MAIN-STORAGE-B01,20,RECEIPT_ACCEPTANCE,Warehouse Lead,2026-08-24T13:44:00-06:00,ELIGIBLE
TEN-COOLIT-SYN-001,SITE-COOLIT-SYN-01,WMS,INVENTORY_STATUS_TRANSITION,IST-0033,P-HX-003,RESOLVED,2026-09-25T23:59:59-06:00,2026-09-26T08:00:00-06:00,2026-06-29T00:00:00-06:00,,1,,false,ACTIVE,EA,,VALID,CURRENT,coolit-synthetic-v2.0.0,ALL_SYNTHETIC_CUSTOMERS,ALL_SYNTHETIC_PROGRAMS,P-HX-003,SYNTHETIC_INTERNAL,SNP-COOLIT-20260925-BL,SCN-BASELINE,IST-0033,P-HX-003,LOT-P-HX-003-1,RECEIVING,AVAILABLE,WH-MAIN-RECEIVING-B01,WH-MAIN-STORAGE-B01,20,RECEIPT_ACCEPTANCE,Warehouse Lead,2026-08-23T13:51:00-06:00,ELIGIBLE
TEN-COOLIT-SYN-001,SITE-COOLIT-SYN-01,WMS,INVENTORY_STATUS_TRANSITION,IST-0034,P-HX-004,RESOLVED,2026-09-25T23:59:59-06:00,2026-09-26T08:00:00-06:00,2026-06-29T00:00:00-06:00,,1,,false,ACTIVE,EA,,VALID,CURRENT,coolit-synthetic-v2.0.0,ALL_SYNTHETIC_CUSTOMERS,ALL_SYNTHETIC_PROGRAMS,P-HX-004,SYNTHETIC_INTERNAL,SNP-COOLIT-20260925-BL,SCN-BASELINE,IST-0034,P-HX-004,LOT-P-HX-004-1,RECEIVING,AVAILABLE,WH-MAIN-RECEIVING-B01,WH-MAIN-STORAGE-B01,20,RECEIPT_ACCEPTANCE,Warehouse Lead,2026-08-22T13:58:00-06:00,ELIGIBLE
TEN-COOLIT-SYN-001,SITE-COOLIT-SYN-01,WMS,INVENTORY_STATUS_TRANSITION,IST-0035,P-HX-005,RESOLVED,2026-09-25T23:59:59-06:00,2026-09-26T08:00:00-06:00,2026-06-29T00:00:00-06:00,,1,,false,ACTIVE,EA,,VALID,CURRENT,coolit-synthetic-v2.0.0,ALL_SYNTHETIC_CUSTOMERS,ALL_SYNTHETIC_PROGRAMS,P-HX-005,SYNTHETIC_INTERNAL,SNP-COOLIT-20260925-BL,SCN-BASELINE,IST-0035,P-HX-005,LOT-P-HX-005-1,RECEIVING,AVAILABLE,WH-MAIN-RECEIVING-B01,WH-MAIN-STORAGE-B01,20,RECEIPT_ACCEPTANCE,Warehouse Lead,2026-08-21T13:05:00-06:00,ELIGIBLE
TEN-COOLIT-SYN-001,SITE-COOLIT-SYN-01,WMS,INVENTORY_STATUS_TRANSITION,IST-0036,P-HX-006,RESOLVED,2026-09-25T23:59:59-06:00,2026-09-26T08:00:00-06:00,2026-06-29T00:00:00-06:00,,1,,false,ACTIVE,EA,,VALID,CURRENT,coolit-synthetic-v2.0.0,ALL_SYNTHETIC_CUSTOMERS,ALL_SYNTHETIC_PROGRAMS,P-HX-006,SYNTHETIC_INTERNAL,SNP-COOLIT-20260925-BL,SCN-BASELINE,IST-0036,P-HX-006,LOT-P-HX-006-1,RECEIVING,AVAILABLE,WH-MAIN-RECEIVING-B01,WH-MAIN-STORAGE-B01,20,RECEIPT_ACCEPTANCE,Warehouse Lead,2026-08-20T13:12:00-06:00,ELIGIBLE
TEN-COOLIT-SYN-001,SITE-COOLIT-SYN-01,WMS,INVENTORY_STATUS_TRANSITION,IST-0037,P-CTRL-001,RESOLVED,2026-09-25T23:59:59-06:00,2026-09-26T08:00:00-06:00,2026-06-29T00:00:00-06:00,,1,,false,ACTIVE,EA,,VALID,CURRENT,coolit-synthetic-v2.0.0,ALL_SYNTHETIC_CUSTOMERS,ALL_SYNTHETIC_PROGRAMS,P-CTRL-001,SYNTHETIC_INTERNAL,SNP-COOLIT-20260925-BL,SCN-BASELINE,IST-0037,P-CTRL-001,LOT-P-CTRL-001-1,RECEIVING,AVAILABLE,WH-MAIN-RECEIVING-B01,WH-MAIN-STORAGE-B01,20,RECEIPT_ACCEPTANCE,Warehouse Lead,2026-08-19T13:19:00-06:00,ELIGIBLE
TEN-COOLIT-SYN-001,SITE-COOLIT-SYN-01,WMS,INVENTORY_STATUS_TRANSITION,IST-0038,P-CTRL-002,RESOLVED,2026-09-25T23:59:59-06:00,2026-09-26T08:00:00-06:00,2026-06-29T00:00:00-06:00,,1,,false,ACTIVE,EA,,VALID,CURRENT,coolit-synthetic-v2.0.0,ALL_SYNTHETIC_CUSTOMERS,ALL_SYNTHETIC_PROGRAMS,P-CTRL-002,SYNTHETIC_INTERNAL,SNP-COOLIT-20260925-BL,SCN-BASELINE,IST-0038,P-CTRL-002,LOT-P-CTRL-002-1,RECEIVING,AVAILABLE,WH-MAIN-RECEIVING-B01,WH-MAIN-STORAGE-B01,20,RECEIPT_ACCEPTANCE,Warehouse Lead,2026-08-18T13:26:00-06:00,ELIGIBLE
TEN-COOLIT-SYN-001,SITE-COOLIT-SYN-01,WMS,INVENTORY_STATUS_TRANSITION,IST-0039,P-CTRL-003,RESOLVED,2026-09-25T23:59:59-06:00,2026-09-26T08:00:00-06:00,2026-06-29T00:00:00-06:00,,1,,false,ACTIVE,EA,,VALID,CURRENT,coolit-synthetic-v2.0.0,ALL_SYNTHETIC_CUSTOMERS,ALL_SYNTHETIC_PROGRAMS,P-CTRL-003,SYNTHETIC_INTERNAL,SNP-COOLIT-20260925-BL,SCN-BASELINE,IST-0039,P-CTRL-003,LOT-P-CTRL-003-1,RECEIVING,AVAILABLE,WH-MAIN-RECEIVING-B01,WH-MAIN-STORAGE-B01,20,RECEIPT_ACCEPTANCE,Warehouse Lead,2026-08-17T13:33:00-06:00,ELIGIBLE
TEN-COOLIT-SYN-001,SITE-COOLIT-SYN-01,WMS,INVENTORY_STATUS_TRANSITION,IST-0040,P-CTRL-004,RESOLVED,2026-09-25T23:59:59-06:00,2026-09-26T08:00:00-06:00,2026-06-29T00:00:00-06:00,,1,,false,ACTIVE,EA,,VALID,CURRENT,coolit-synthetic-v2.0.0,ALL_SYNTHETIC_CUSTOMERS,ALL_SYNTHETIC_PROGRAMS,P-CTRL-004,SYNTHETIC_INTERNAL,SNP-COOLIT-20260925-BL,SCN-BASELINE,IST-0040,P-CTRL-004,LOT-P-CTRL-004-1,RECEIVING,AVAILABLE,WH-MAIN-RECEIVING-B01,WH-MAIN-STORAGE-B01,20,RECEIPT_ACCEPTANCE,Warehouse Lead,2026-08-16T13:40:00-06:00,ELIGIBLE
TEN-COOLIT-SYN-001,SITE-COOLIT-SYN-01,WMS,INVENTORY_STATUS_TRANSITION,IST-0041,P-CTRL-005,RESOLVED,2026-09-25T23:59:59-06:00,2026-09-26T08:00:00-06:00,2026-06-29T00:00:00-06:00,,1,,false,ACTIVE,EA,,VALID,CURRENT,coolit-synthetic-v2.0.0,ALL_SYNTHETIC_CUSTOMERS,ALL_SYNTHETIC_PROGRAMS,P-CTRL-005,SYNTHETIC_INTERNAL,SNP-COOLIT-20260925-BL,SCN-BASELINE,IST-0041,P-CTRL-005,LOT-P-CTRL-005-1,RECEIVING,AVAILABLE,WH-MAIN-RECEIVING-B01,WH-MAIN-STORAGE-B01,20,RECEIPT_ACCEPTANCE,Warehouse Lead,2026-08-15T13:47:00-06:00,ELIGIBLE
TEN-COOLIT-SYN-001,SITE-COOLIT-SYN-01,WMS,INVENTORY_STATUS_TRANSITION,IST-0042,P-CTRL-006,RESOLVED,2026-09-25T23:59:59-06:00,2026-09-26T08:00:00-06:00,2026-06-29T00:00:00-06:00,,1,,false,ACTIVE,EA,,VALID,CURRENT,coolit-synthetic-v2.0.0,ALL_SYNTHETIC_CUSTOMERS,ALL_SYNTHETIC_PROGRAMS,P-CTRL-006,SYNTHETIC_INTERNAL,SNP-COOLIT-20260925-BL,SCN-BASELINE,IST-0042,P-CTRL-006,LOT-P-CTRL-006-1,RECEIVING,AVAILABLE,WH-MAIN-RECEIVING-B01,WH-MAIN-STORAGE-B01,20,RECEIPT_ACCEPTANCE,Warehouse Lead,2026-08-14T13:54:00-06:00,ELIGIBLE
TEN-COOLIT-SYN-001,SITE-COOLIT-SYN-01,WMS,INVENTORY_STATUS_TRANSITION,IST-0043,P-COMP-001,RESOLVED,2026-09-25T23:59:59-06:00,2026-09-26T08:00:00-06:00,2026-06-29T00:00:00-06:00,,1,,false,ACTIVE,EA,,VALID,CURRENT,coolit-synthetic-v2.0.0,ALL_SYNTHETIC_CUSTOMERS,ALL_SYNTHETIC_PROGRAMS,P-COMP-001,SYNTHETIC_INTERNAL,SNP-COOLIT-20260925-BL,SCN-BASELINE,IST-0043,P-COMP-001,LOT-P-COMP-001-1,RECEIVING,AVAILABLE,WH-MAIN-RECEIVING-B01,WH-MAIN-STORAGE-B01,20,RECEIPT_ACCEPTANCE,Warehouse Lead,2026-08-13T13:01:00-06:00,ELIGIBLE
TEN-COOLIT-SYN-001,SITE-COOLIT-SYN-01,WMS,INVENTORY_STATUS_TRANSITION,IST-0044,P-COMP-002,RESOLVED,2026-09-25T23:59:59-06:00,2026-09-26T08:00:00-06:00,2026-06-29T00:00:00-06:00,,1,,false,ACTIVE,EA,,VALID,CURRENT,coolit-synthetic-v2.0.0,ALL_SYNTHETIC_CUSTOMERS,ALL_SYNTHETIC_PROGRAMS,P-COMP-002,SYNTHETIC_INTERNAL,SNP-COOLIT-20260925-BL,SCN-BASELINE,IST-0044,P-COMP-002,LOT-P-COMP-002-1,RECEIVING,AVAILABLE,WH-MAIN-RECEIVING-B01,WH-MAIN-STORAGE-B01,20,RECEIPT_ACCEPTANCE,Warehouse Lead,2026-08-12T13:08:00-06:00,ELIGIBLE
TEN-COOLIT-SYN-001,SITE-COOLIT-SYN-01,WMS,INVENTORY_STATUS_TRANSITION,IST-0045,P-COMP-003,RESOLVED,2026-09-25T23:59:59-06:00,2026-09-26T08:00:00-06:00,2026-06-29T00:00:00-06:00,,1,,false,ACTIVE,EA,,VALID,CURRENT,coolit-synthetic-v2.0.0,ALL_SYNTHETIC_CUSTOMERS,ALL_SYNTHETIC_PROGRAMS,P-COMP-003,SYNTHETIC_INTERNAL,SNP-COOLIT-20260925-BL,SCN-BASELINE,IST-0045,P-COMP-003,LOT-P-COMP-003-1,RECEIVING,AVAILABLE,WH-MAIN-RECEIVING-B01,WH-MAIN-STORAGE-B01,20,RECEIPT_ACCEPTANCE,Warehouse Lead,2026-08-11T13:15:00-06:00,ELIGIBLE
TEN-COOLIT-SYN-001,SITE-COOLIT-SYN-01,WMS,INVENTORY_STATUS_TRANSITION,IST-0046,P-COMP-004,RESOLVED,2026-09-25T23:59:59-06:00,2026-09-26T08:00:00-06:00,2026-06-29T00:00:00-06:00,,1,,false,ACTIVE,EA,,VALID,CURRENT,coolit-synthetic-v2.0.0,ALL_SYNTHETIC_CUSTOMERS,ALL_SYNTHETIC_PROGRAMS,P-COMP-004,SYNTHETIC_INTERNAL,SNP-COOLIT-20260925-BL,SCN-BASELINE,IST-0046,P-COMP-004,LOT-P-COMP-004-1,RECEIVING,AVAILABLE,WH-MAIN-RECEIVING-B01,WH-MAIN-STORAGE-B01,20,RECEIPT_ACCEPTANCE,Warehouse Lead,2026-08-10T13:22:00-06:00,ELIGIBLE
TEN-COOLIT-SYN-001,SITE-COOLIT-SYN-01,WMS,INVENTORY_STATUS_TRANSITION,IST-0047,P-COMP-005,RESOLVED,2026-09-25T23:59:59-06:00,2026-09-26T08:00:00-06:00,2026-06-29T00:00:00-06:00,,1,,false,ACTIVE,EA,,VALID,CURRENT,coolit-synthetic-v2.0.0,ALL_SYNTHETIC_CUSTOMERS,ALL_SYNTHETIC_PROGRAMS,P-COMP-005,SYNTHETIC_INTERNAL,SNP-COOLIT-20260925-BL,SCN-BASELINE,IST-0047,P-COMP-005,LOT-P-COMP-005-1,HOLD,AVAILABLE,WH-QA-QUARANTINE-B01,WH-MAIN-STORAGE-B01,20,QUALITY_RELEASE,Quality Manager,2026-08-09T13:29:00-06:00,ELIGIBLE
TEN-COOLIT-SYN-001,SITE-COOLIT-SYN-01,WMS,INVENTORY_STATUS_TRANSITION,IST-0048,P-COMP-006,RESOLVED,2026-09-25T23:59:59-06:00,2026-09-26T08:00:00-06:00,2026-06-29T00:00:00-06:00,,1,,false,ACTIVE,EA,,VALID,CURRENT,coolit-synthetic-v2.0.0,ALL_SYNTHETIC_CUSTOMERS,ALL_SYNTHETIC_PROGRAMS,P-COMP-006,SYNTHETIC_INTERNAL,SNP-COOLIT-20260925-BL,SCN-BASELINE,IST-0048,P-COMP-006,LOT-P-COMP-006-1,RECEIVING,AVAILABLE,WH-MAIN-RECEIVING-B01,WH-MAIN-STORAGE-B01,20,RECEIPT_ACCEPTANCE,Warehouse Lead,2026-08-08T13:36:00-06:00,ELIGIBLE
TEN-COOLIT-SYN-001,SITE-COOLIT-SYN-01,WMS,INVENTORY_STATUS_TRANSITION,IST-0049,P-COMP-007,RESOLVED,2026-09-25T23:59:59-06:00,2026-09-26T08:00:00-06:00,2026-06-29T00:00:00-06:00,,1,,false,ACTIVE,EA,,VALID,CURRENT,coolit-synthetic-v2.0.0,ALL_SYNTHETIC_CUSTOMERS,ALL_SYNTHETIC_PROGRAMS,P-COMP-007,SYNTHETIC_INTERNAL,SNP-COOLIT-20260925-BL,SCN-BASELINE,IST-0049,P-COMP-007,LOT-P-COMP-007-1,RECEIVING,AVAILABLE,WH-MAIN-RECEIVING-B01,WH-MAIN-STORAGE-B01,20,RECEIPT_ACCEPTANCE,Warehouse Lead,2026-08-07T13:43:00-06:00,ELIGIBLE
TEN-COOLIT-SYN-001,SITE-COOLIT-SYN-01,WMS,INVENTORY_STATUS_TRANSITION,IST-0050,P-COMP-008,RESOLVED,2026-09-25T23:59:59-06:00,2026-09-26T08:00:00-06:00,2026-06-29T00:00:00-06:00,,1,,false,ACTIVE,EA,,VALID,CURRENT,coolit-synthetic-v2.0.0,ALL_SYNTHETIC_CUSTOMERS,ALL_SYNTHETIC_PROGRAMS,P-COMP-008,SYNTHETIC_INTERNAL,SNP-COOLIT-20260925-BL,SCN-BASELINE,IST-0050,P-COMP-008,LOT-P-COMP-008-1,RECEIVING,AVAILABLE,WH-MAIN-RECEIVING-B01,WH-MAIN-STORAGE-B01,20,RECEIPT_ACCEPTANCE,Warehouse Lead,2026-08-06T13:50:00-06:00,ELIGIBLE
TEN-COOLIT-SYN-001,SITE-COOLIT-SYN-01,WMS,INVENTORY_STATUS_TRANSITION,IST-0051,P-COMP-009,RESOLVED,2026-09-25T23:59:59-06:00,2026-09-26T08:00:00-06:00,2026-06-29T00:00:00-06:00,,1,,false,ACTIVE,EA,,VALID,CURRENT,coolit-synthetic-v2.0.0,ALL_SYNTHETIC_CUSTOMERS,ALL_SYNTHETIC_PROGRAMS,P-COMP-009,SYNTHETIC_INTERNAL,SNP-COOLIT-20260925-BL,SCN-BASELINE,IST-0051,P-COMP-009,LOT-P-COMP-009-1,RECEIVING,AVAILABLE,WH-MAIN-RECEIVING-B01,WH-MAIN-STORAGE-B01,20,RECEIPT_ACCEPTANCE,Warehouse Lead,2026-09-24T13:07:00-06:00,ELIGIBLE
TEN-COOLIT-SYN-001,SITE-COOLIT-SYN-01,WMS,INVENTORY_STATUS_TRANSITION,IST-0052,P-COMP-010,RESOLVED,2026-09-25T23:59:59-06:00,2026-09-26T08:00:00-06:00,2026-06-29T00:00:00-06:00,,1,,false,ACTIVE,EA,,VALID,CURRENT,coolit-synthetic-v2.0.0,ALL_SYNTHETIC_CUSTOMERS,ALL_SYNTHETIC_PROGRAMS,P-COMP-010,SYNTHETIC_INTERNAL,SNP-COOLIT-20260925-BL,SCN-BASELINE,IST-0052,P-COMP-010,LOT-P-COMP-010-1,RECEIVING,AVAILABLE,WH-MAIN-RECEIVING-B01,WH-MAIN-STORAGE-B01,20,RECEIPT_ACCEPTANCE,Warehouse Lead,2026-09-23T13:14:00-06:00,ELIGIBLE
TEN-COOLIT-SYN-001,SITE-COOLIT-SYN-01,WMS,INVENTORY_STATUS_TRANSITION,IST-0053,P-COMP-011,RESOLVED,2026-09-25T23:59:59-06:00,2026-09-26T08:00:00-06:00,2026-06-29T00:00:00-06:00,,1,,false,ACTIVE,EA,,VALID,CURRENT,coolit-synthetic-v2.0.0,ALL_SYNTHETIC_CUSTOMERS,ALL_SYNTHETIC_PROGRAMS,P-COMP-011,SYNTHETIC_INTERNAL,SNP-COOLIT-20260925-BL,SCN-BASELINE,IST-0053,P-COMP-011,LOT-P-COMP-011-1,RECEIVING,AVAILABLE,WH-MAIN-RECEIVING-B01,WH-MAIN-STORAGE-B01,20,RECEIPT_ACCEPTANCE,Warehouse Lead,2026-09-22T13:21:00-06:00,ELIGIBLE
TEN-COOLIT-SYN-001,SITE-COOLIT-SYN-01,WMS,INVENTORY_STATUS_TRANSITION,IST-0054,P-COMP-012,RESOLVED,2026-09-25T23:59:59-06:00,2026-09-26T08:00:00-06:00,2026-06-29T00:00:00-06:00,,1,,false,ACTIVE,EA,,VALID,CURRENT,coolit-synthetic-v2.0.0,ALL_SYNTHETIC_CUSTOMERS,ALL_SYNTHETIC_PROGRAMS,P-COMP-012,SYNTHETIC_INTERNAL,SNP-COOLIT-20260925-BL,SCN-BASELINE,IST-0054,P-COMP-012,LOT-P-COMP-012-1,RECEIVING,AVAILABLE,WH-MAIN-RECEIVING-B01,WH-MAIN-STORAGE-B01,20,RECEIPT_ACCEPTANCE,Warehouse Lead,2026-09-21T13:28:00-06:00,ELIGIBLE
TEN-COOLIT-SYN-001,SITE-COOLIT-SYN-01,WMS,INVENTORY_STATUS_TRANSITION,IST-0055,P-COMP-013,RESOLVED,2026-09-25T23:59:59-06:00,2026-09-26T08:00:00-06:00,2026-06-29T00:00:00-06:00,,1,,false,ACTIVE,EA,,VALID,CURRENT,coolit-synthetic-v2.0.0,ALL_SYNTHETIC_CUSTOMERS,ALL_SYNTHETIC_PROGRAMS,P-COMP-013,SYNTHETIC_INTERNAL,SNP-COOLIT-20260925-BL,SCN-BASELINE,IST-0055,P-COMP-013,LOT-P-COMP-013-1,RECEIVING,AVAILABLE,WH-MAIN-RECEIVING-B01,WH-MAIN-STORAGE-B01,20,RECEIPT_ACCEPTANCE,Warehouse Lead,2026-09-20T13:35:00-06:00,ELIGIBLE
TEN-COOLIT-SYN-001,SITE-COOLIT-SYN-01,WMS,INVENTORY_STATUS_TRANSITION,IST-0056,P-COMP-014,RESOLVED,2026-09-25T23:59:59-06:00,2026-09-26T08:00:00-06:00,2026-06-29T00:00:00-06:00,,1,,false,ACTIVE,EA,,VALID,CURRENT,coolit-synthetic-v2.0.0,ALL_SYNTHETIC_CUSTOMERS,ALL_SYNTHETIC_PROGRAMS,P-COMP-014,SYNTHETIC_INTERNAL,SNP-COOLIT-20260925-BL,SCN-BASELINE,IST-0056,P-COMP-014,LOT-P-COMP-014-1,RECEIVING,AVAILABLE,WH-MAIN-RECEIVING-B01,WH-MAIN-STORAGE-B01,20,RECEIPT_ACCEPTANCE,Warehouse Lead,2026-09-19T13:42:00-06:00,ELIGIBLE
TEN-COOLIT-SYN-001,SITE-COOLIT-SYN-01,WMS,INVENTORY_STATUS_TRANSITION,IST-0057,P-COMP-015,RESOLVED,2026-09-25T23:59:59-06:00,2026-09-26T08:00:00-06:00,2026-06-29T00:00:00-06:00,,1,,false,ACTIVE,EA,,VALID,CURRENT,coolit-synthetic-v2.0.0,ALL_SYNTHETIC_CUSTOMERS,ALL_SYNTHETIC_PROGRAMS,P-COMP-015,SYNTHETIC_INTERNAL,SNP-COOLIT-20260925-BL,SCN-BASELINE,IST-0057,P-COMP-015,LOT-P-COMP-015-1,RECEIVING,AVAILABLE,WH-MAIN-RECEIVING-B01,WH-MAIN-STORAGE-B01,20,RECEIPT_ACCEPTANCE,Warehouse Lead,2026-09-18T13:49:00-06:00,ELIGIBLE
TEN-COOLIT-SYN-001,SITE-COOLIT-SYN-01,WMS,INVENTORY_STATUS_TRANSITION,IST-0058,P-COMP-016,RESOLVED,2026-09-25T23:59:59-06:00,2026-09-26T08:00:00-06:00,2026-06-29T00:00:00-06:00,,1,,false,ACTIVE,EA,,VALID,CURRENT,coolit-synthetic-v2.0.0,ALL_SYNTHETIC_CUSTOMERS,ALL_SYNTHETIC_PROGRAMS,P-COMP-016,SYNTHETIC_INTERNAL,SNP-COOLIT-20260925-BL,SCN-BASELINE,IST-0058,P-COMP-016,LOT-P-COMP-016-1,RECEIVING,AVAILABLE,WH-MAIN-RECEIVING-B01,WH-MAIN-STORAGE-B01,20,RECEIPT_ACCEPTANCE,Warehouse Lead,2026-09-17T13:56:00-06:00,ELIGIBLE
TEN-COOLIT-SYN-001,SITE-COOLIT-SYN-01,WMS,INVENTORY_STATUS_TRANSITION,IST-0059,P-COMP-017,RESOLVED,2026-09-25T23:59:59-06:00,2026-09-26T08:00:00-06:00,2026-06-29T00:00:00-06:00,,1,,false,ACTIVE,EA,,VALID,CURRENT,coolit-synthetic-v2.0.0,ALL_SYNTHETIC_CUSTOMERS,ALL_SYNTHETIC_PROGRAMS,P-COMP-017,SYNTHETIC_INTERNAL,SNP-COOLIT-20260925-BL,SCN-BASELINE,IST-0059,P-COMP-017,LOT-P-COMP-017-1,RECEIVING,AVAILABLE,WH-MAIN-RECEIVING-B01,WH-MAIN-STORAGE-B01,20,RECEIPT_ACCEPTANCE,Warehouse Lead,2026-09-16T13:03:00-06:00,ELIGIBLE
TEN-COOLIT-SYN-001,SITE-COOLIT-SYN-01,WMS,INVENTORY_STATUS_TRANSITION,IST-0060,P-COMP-018,RESOLVED,2026-09-25T23:59:59-06:00,2026-09-26T08:00:00-06:00,2026-06-29T00:00:00-06:00,,1,,false,ACTIVE,EA,,VALID,CURRENT,coolit-synthetic-v2.0.0,ALL_SYNTHETIC_CUSTOMERS,ALL_SYNTHETIC_PROGRAMS,P-COMP-018,SYNTHETIC_INTERNAL,SNP-COOLIT-20260925-BL,SCN-BASELINE,IST-0060,P-COMP-018,LOT-P-COMP-018-1,RECEIVING,AVAILABLE,WH-MAIN-RECEIVING-B01,WH-MAIN-STORAGE-B01,20,RECEIPT_ACCEPTANCE,Warehouse Lead,2026-09-15T13:10:00-06:00,ELIGIBLE
TEN-COOLIT-SYN-001,SITE-COOLIT-SYN-01,WMS,INVENTORY_STATUS_TRANSITION,IST-0061,P-COMP-019,RESOLVED,2026-09-25T23:59:59-06:00,2026-09-26T08:00:00-06:00,2026-06-29T00:00:00-06:00,,1,,false,ACTIVE,EA,,VALID,CURRENT,coolit-synthetic-v2.0.0,ALL_SYNTHETIC_CUSTOMERS,ALL_SYNTHETIC_PROGRAMS,P-COMP-019,SYNTHETIC_INTERNAL,SNP-COOLIT-20260925-BL,SCN-BASELINE,IST-0061,P-COMP-019,LOT-P-COMP-019-1,RECEIVING,AVAILABLE,WH-MAIN-RECEIVING-B01,WH-MAIN-STORAGE-B01,20,RECEIPT_ACCEPTANCE,Warehouse Lead,2026-09-14T13:17:00-06:00,ELIGIBLE
TEN-COOLIT-SYN-001,SITE-COOLIT-SYN-01,WMS,INVENTORY_STATUS_TRANSITION,IST-0062,P-COMP-020,RESOLVED,2026-09-25T23:59:59-06:00,2026-09-26T08:00:00-06:00,2026-06-29T00:00:00-06:00,,1,,false,ACTIVE,EA,,VALID,CURRENT,coolit-synthetic-v2.0.0,ALL_SYNTHETIC_CUSTOMERS,ALL_SYNTHETIC_PROGRAMS,P-COMP-020,SYNTHETIC_INTERNAL,SNP-COOLIT-20260925-BL,SCN-BASELINE,IST-0062,P-COMP-020,LOT-P-COMP-020-1,RECEIVING,AVAILABLE,WH-MAIN-RECEIVING-B01,WH-MAIN-STORAGE-B01,20,RECEIPT_ACCEPTANCE,Warehouse Lead,2026-09-13T13:24:00-06:00,ELIGIBLE
TEN-COOLIT-SYN-001,SITE-COOLIT-SYN-01,WMS,INVENTORY_STATUS_TRANSITION,IST-0063,P-COMP-021,RESOLVED,2026-09-25T23:59:59-06:00,2026-09-26T08:00:00-06:00,2026-06-29T00:00:00-06:00,,1,,false,ACTIVE,EA,,VALID,CURRENT,coolit-synthetic-v2.0.0,ALL_SYNTHETIC_CUSTOMERS,ALL_SYNTHETIC_PROGRAMS,P-COMP-021,SYNTHETIC_INTERNAL,SNP-COOLIT-20260925-BL,SCN-BASELINE,IST-0063,P-COMP-021,LOT-P-COMP-021-1,RECEIVING,AVAILABLE,WH-MAIN-RECEIVING-B01,WH-MAIN-STORAGE-B01,20,RECEIPT_ACCEPTANCE,Warehouse Lead,2026-09-12T13:31:00-06:00,ELIGIBLE
TEN-COOLIT-SYN-001,SITE-COOLIT-SYN-01,WMS,INVENTORY_STATUS_TRANSITION,IST-0064,P-COMP-022,RESOLVED,2026-09-25T23:59:59-06:00,2026-09-26T08:00:00-06:00,2026-06-29T00:00:00-06:00,,1,,false,ACTIVE,EA,,VALID,CURRENT,coolit-synthetic-v2.0.0,ALL_SYNTHETIC_CUSTOMERS,ALL_SYNTHETIC_PROGRAMS,P-COMP-022,SYNTHETIC_INTERNAL,SNP-COOLIT-20260925-BL,SCN-BASELINE,IST-0064,P-COMP-022,LOT-P-COMP-022-1,RECEIVING,AVAILABLE,WH-MAIN-RECEIVING-B01,WH-MAIN-STORAGE-B01,20,RECEIPT_ACCEPTANCE,Warehouse Lead,2026-09-11T13:38:00-06:00,ELIGIBLE
TEN-COOLIT-SYN-001,SITE-COOLIT-SYN-01,WMS,INVENTORY_STATUS_TRANSITION,IST-0065,P-COMP-023,RESOLVED,2026-09-25T23:59:59-06:00,2026-09-26T08:00:00-06:00,2026-06-29T00:00:00-06:00,,1,,false,ACTIVE,EA,,VALID,CURRENT,coolit-synthetic-v2.0.0,ALL_SYNTHETIC_CUSTOMERS,ALL_SYNTHETIC_PROGRAMS,P-COMP-023,SYNTHETIC_INTERNAL,SNP-COOLIT-20260925-BL,SCN-BASELINE,IST-0065,P-COMP-023,LOT-P-COMP-023-1,RECEIVING,AVAILABLE,WH-MAIN-RECEIVING-B01,WH-MAIN-STORAGE-B01,20,RECEIPT_ACCEPTANCE,Warehouse Lead,2026-09-10T13:45:00-06:00,ELIGIBLE
TEN-COOLIT-SYN-001,SITE-COOLIT-SYN-01,WMS,INVENTORY_STATUS_TRANSITION,IST-0066,P-COMP-024,RESOLVED,2026-09-25T23:59:59-06:00,2026-09-26T08:00:00-06:00,2026-06-29T00:00:00-06:00,,1,,false,ACTIVE,EA,,VALID,CURRENT,coolit-synthetic-v2.0.0,ALL_SYNTHETIC_CUSTOMERS,ALL_SYNTHETIC_PROGRAMS,P-COMP-024,SYNTHETIC_INTERNAL,SNP-COOLIT-20260925-BL,SCN-BASELINE,IST-0066,P-COMP-024,LOT-P-COMP-024-1,RECEIVING,AVAILABLE,WH-MAIN-RECEIVING-B01,WH-MAIN-STORAGE-B01,20,RECEIPT_ACCEPTANCE,Warehouse Lead,2026-09-09T13:52:00-06:00,ELIGIBLE
TEN-COOLIT-SYN-001,SITE-COOLIT-SYN-01,WMS,INVENTORY_STATUS_TRANSITION,IST-0067,P-COMP-025,RESOLVED,2026-09-25T23:59:59-06:00,2026-09-26T08:00:00-06:00,2026-06-29T00:00:00-06:00,,1,,false,ACTIVE,EA,,VALID,CURRENT,coolit-synthetic-v2.0.0,ALL_SYNTHETIC_CUSTOMERS,ALL_SYNTHETIC_PROGRAMS,P-COMP-025,SYNTHETIC_INTERNAL,SNP-COOLIT-20260925-BL,SCN-BASELINE,IST-0067,P-COMP-025,LOT-P-COMP-025-1,RECEIVING,AVAILABLE,WH-MAIN-RECEIVING-B01,WH-MAIN-STORAGE-B01,20,RECEIPT_ACCEPTANCE,Warehouse Lead,2026-09-08T13:59:00-06:00,ELIGIBLE
TEN-COOLIT-SYN-001,SITE-COOLIT-SYN-01,WMS,INVENTORY_STATUS_TRANSITION,IST-0068,P-COMP-026,RESOLVED,2026-09-25T23:59:59-06:00,2026-09-26T08:00:00-06:00,2026-06-29T00:00:00-06:00,,1,,false,ACTIVE,EA,,VALID,CURRENT,coolit-synthetic-v2.0.0,ALL_SYNTHETIC_CUSTOMERS,ALL_SYNTHETIC_PROGRAMS,P-COMP-026,SYNTHETIC_INTERNAL,SNP-COOLIT-20260925-BL,SCN-BASELINE,IST-0068,P-COMP-026,LOT-P-COMP-026-1,RECEIVING,AVAILABLE,WH-MAIN-RECEIVING-B01,WH-MAIN-STORAGE-B01,20,RECEIPT_ACCEPTANCE,Warehouse Lead,2026-09-07T13:06:00-06:00,ELIGIBLE
TEN-COOLIT-SYN-001,SITE-COOLIT-SYN-01,WMS,INVENTORY_STATUS_TRANSITION,IST-0069,P-COMP-027,RESOLVED,2026-09-25T23:59:59-06:00,2026-09-26T08:00:00-06:00,2026-06-29T00:00:00-06:00,,1,,false,ACTIVE,EA,,VALID,CURRENT,coolit-synthetic-v2.0.0,ALL_SYNTHETIC_CUSTOMERS,ALL_SYNTHETIC_PROGRAMS,P-COMP-027,SYNTHETIC_INTERNAL,SNP-COOLIT-20260925-BL,SCN-BASELINE,IST-0069,P-COMP-027,LOT-P-COMP-027-1,RECEIVING,AVAILABLE,WH-MAIN-RECEIVING-B01,WH-MAIN-STORAGE-B01,20,RECEIPT_ACCEPTANCE,Warehouse Lead,2026-09-06T13:13:00-06:00,ELIGIBLE
TEN-COOLIT-SYN-001,SITE-COOLIT-SYN-01,WMS,INVENTORY_STATUS_TRANSITION,IST-0070,P-COMP-028,RESOLVED,2026-09-25T23:59:59-06:00,2026-09-26T08:00:00-06:00,2026-06-29T00:00:00-06:00,,1,,false,ACTIVE,EA,,VALID,CURRENT,coolit-synthetic-v2.0.0,ALL_SYNTHETIC_CUSTOMERS,ALL_SYNTHETIC_PROGRAMS,P-COMP-028,SYNTHETIC_INTERNAL,SNP-COOLIT-20260925-BL,SCN-BASELINE,IST-0070,P-COMP-028,LOT-P-COMP-028-1,HOLD,AVAILABLE,WH-QA-QUARANTINE-B01,WH-MAIN-STORAGE-B01,20,QUALITY_RELEASE,Quality Manager,2026-09-05T13:20:00-06:00,ELIGIBLE
TEN-COOLIT-SYN-001,SITE-COOLIT-SYN-01,WMS,INVENTORY_STATUS_TRANSITION,IST-0071,P-COMP-029,RESOLVED,2026-09-25T23:59:59-06:00,2026-09-26T08:00:00-06:00,2026-06-29T00:00:00-06:00,,1,,false,ACTIVE,EA,,VALID,CURRENT,coolit-synthetic-v2.0.0,ALL_SYNTHETIC_CUSTOMERS,ALL_SYNTHETIC_PROGRAMS,P-COMP-029,SYNTHETIC_INTERNAL,SNP-COOLIT-20260925-BL,SCN-BASELINE,IST-0071,P-COMP-029,LOT-P-COMP-029-1,RECEIVING,AVAILABLE,WH-MAIN-RECEIVING-B01,WH-MAIN-STORAGE-B01,20,RECEIPT_ACCEPTANCE,Warehouse Lead,2026-09-04T13:27:00-06:00,ELIGIBLE
TEN-COOLIT-SYN-001,SITE-COOLIT-SYN-01,WMS,INVENTORY_STATUS_TRANSITION,IST-0072,P-COMP-030,RESOLVED,2026-09-25T23:59:59-06:00,2026-09-26T08:00:00-06:00,2026-06-29T00:00:00-06:00,,1,,false,ACTIVE,EA,,VALID,CURRENT,coolit-synthetic-v2.0.0,ALL_SYNTHETIC_CUSTOMERS,ALL_SYNTHETIC_PROGRAMS,P-COMP-030,SYNTHETIC_INTERNAL,SNP-COOLIT-20260925-BL,SCN-BASELINE,IST-0072,P-COMP-030,LOT-P-COMP-030-1,RECEIVING,AVAILABLE,WH-MAIN-RECEIVING-B01,WH-MAIN-STORAGE-B01,20,RECEIPT_ACCEPTANCE,Warehouse Lead,2026-09-03T13:34:00-06:00,ELIGIBLE
TEN-COOLIT-SYN-001,SITE-COOLIT-SYN-01,WMS,INVENTORY_STATUS_TRANSITION,IST-0073,P-COMP-031,RESOLVED,2026-09-25T23:59:59-06:00,2026-09-26T08:00:00-06:00,2026-06-29T00:00:00-06:00,,1,,false,ACTIVE,EA,,VALID,CURRENT,coolit-synthetic-v2.0.0,ALL_SYNTHETIC_CUSTOMERS,ALL_SYNTHETIC_PROGRAMS,P-COMP-031,SYNTHETIC_INTERNAL,SNP-COOLIT-20260925-BL,SCN-BASELINE,IST-0073,P-COMP-031,LOT-P-COMP-031-1,RECEIVING,AVAILABLE,WH-MAIN-RECEIVING-B01,WH-MAIN-STORAGE-B01,20,RECEIPT_ACCEPTANCE,Warehouse Lead,2026-09-02T13:41:00-06:00,ELIGIBLE
TEN-COOLIT-SYN-001,SITE-COOLIT-SYN-01,WMS,INVENTORY_STATUS_TRANSITION,IST-0074,P-COMP-032,RESOLVED,2026-09-25T23:59:59-06:00,2026-09-26T08:00:00-06:00,2026-06-29T00:00:00-06:00,,1,,false,ACTIVE,EA,,VALID,CURRENT,coolit-synthetic-v2.0.0,ALL_SYNTHETIC_CUSTOMERS,ALL_SYNTHETIC_PROGRAMS,P-COMP-032,SYNTHETIC_INTERNAL,SNP-COOLIT-20260925-BL,SCN-BASELINE,IST-0074,P-COMP-032,LOT-P-COMP-032-1,RECEIVING,AVAILABLE,WH-MAIN-RECEIVING-B01,WH-MAIN-STORAGE-B01,20,RECEIPT_ACCEPTANCE,Warehouse Lead,2026-09-01T13:48:00-06:00,ELIGIBLE
TEN-COOLIT-SYN-001,SITE-COOLIT-SYN-01,WMS,INVENTORY_STATUS_TRANSITION,IST-0075,P-COMP-033,RESOLVED,2026-09-25T23:59:59-06:00,2026-09-26T08:00:00-06:00,2026-06-29T00:00:00-06:00,,1,,false,ACTIVE,EA,,VALID,CURRENT,coolit-synthetic-v2.0.0,ALL_SYNTHETIC_CUSTOMERS,ALL_SYNTHETIC_PROGRAMS,P-COMP-033,SYNTHETIC_INTERNAL,SNP-COOLIT-20260925-BL,SCN-BASELINE,IST-0075,P-COMP-033,LOT-P-COMP-033-1,RECEIVING,AVAILABLE,WH-MAIN-RECEIVING-B01,WH-MAIN-STORAGE-B01,20,RECEIPT_ACCEPTANCE,Warehouse Lead,2026-08-31T13:55:00-06:00,ELIGIBLE
TEN-COOLIT-SYN-001,SITE-COOLIT-SYN-01,WMS,INVENTORY_STATUS_TRANSITION,IST-0076,P-COMP-034,RESOLVED,2026-09-25T23:59:59-06:00,2026-09-26T08:00:00-06:00,2026-06-29T00:00:00-06:00,,1,,false,ACTIVE,EA,,VALID,CURRENT,coolit-synthetic-v2.0.0,ALL_SYNTHETIC_CUSTOMERS,ALL_SYNTHETIC_PROGRAMS,P-COMP-034,SYNTHETIC_INTERNAL,SNP-COOLIT-20260925-BL,SCN-BASELINE,IST-0076,P-COMP-034,LOT-P-COMP-034-1,RECEIVING,AVAILABLE,WH-MAIN-RECEIVING-B01,WH-MAIN-STORAGE-B01,20,RECEIPT_ACCEPTANCE,Warehouse Lead,2026-08-30T13:02:00-06:00,ELIGIBLE
TEN-COOLIT-SYN-001,SITE-COOLIT-SYN-01,WMS,INVENTORY_STATUS_TRANSITION,IST-0077,P-COMP-035,RESOLVED,2026-09-25T23:59:59-06:00,2026-09-26T08:00:00-06:00,2026-06-29T00:00:00-06:00,,1,,false,ACTIVE,EA,,VALID,CURRENT,coolit-synthetic-v2.0.0,ALL_SYNTHETIC_CUSTOMERS,ALL_SYNTHETIC_PROGRAMS,P-COMP-035,SYNTHETIC_INTERNAL,SNP-COOLIT-20260925-BL,SCN-BASELINE,IST-0077,P-COMP-035,LOT-P-COMP-035-1,RECEIVING,AVAILABLE,WH-MAIN-RECEIVING-B01,WH-MAIN-STORAGE-B01,20,RECEIPT_ACCEPTANCE,Warehouse Lead,2026-08-29T13:09:00-06:00,ELIGIBLE
TEN-COOLIT-SYN-001,SITE-COOLIT-SYN-01,WMS,INVENTORY_STATUS_TRANSITION,IST-0078,P-COMP-036,RESOLVED,2026-09-25T23:59:59-06:00,2026-09-26T08:00:00-06:00,2026-06-29T00:00:00-06:00,,1,,false,ACTIVE,EA,,VALID,CURRENT,coolit-synthetic-v2.0.0,ALL_SYNTHETIC_CUSTOMERS,ALL_SYNTHETIC_PROGRAMS,P-COMP-036,SYNTHETIC_INTERNAL,SNP-COOLIT-20260925-BL,SCN-BASELINE,IST-0078,P-COMP-036,LOT-P-COMP-036-1,RECEIVING,AVAILABLE,WH-MAIN-RECEIVING-B01,WH-MAIN-STORAGE-B01,20,RECEIPT_ACCEPTANCE,Warehouse Lead,2026-08-28T13:16:00-06:00,ELIGIBLE
TEN-COOLIT-SYN-001,SITE-COOLIT-SYN-01,WMS,INVENTORY_STATUS_TRANSITION,IST-0079,P-COMP-037,RESOLVED,2026-09-25T23:59:59-06:00,2026-09-26T08:00:00-06:00,2026-06-29T00:00:00-06:00,,1,,false,ACTIVE,EA,,VALID,CURRENT,coolit-synthetic-v2.0.0,ALL_SYNTHETIC_CUSTOMERS,ALL_SYNTHETIC_PROGRAMS,P-COMP-037,SYNTHETIC_INTERNAL,SNP-COOLIT-20260925-BL,SCN-BASELINE,IST-0079,P-COMP-037,LOT-P-COMP-037-1,RECEIVING,AVAILABLE,WH-MAIN-RECEIVING-B01,WH-MAIN-STORAGE-B01,20,RECEIPT_ACCEPTANCE,Warehouse Lead,2026-08-27T13:23:00-06:00,ELIGIBLE
TEN-COOLIT-SYN-001,SITE-COOLIT-SYN-01,WMS,INVENTORY_STATUS_TRANSITION,IST-0080,P-COMP-038,RESOLVED,2026-09-25T23:59:59-06:00,2026-09-26T08:00:00-06:00,2026-06-29T00:00:00-06:00,,1,,false,ACTIVE,EA,,VALID,CURRENT,coolit-synthetic-v2.0.0,ALL_SYNTHETIC_CUSTOMERS,ALL_SYNTHETIC_PROGRAMS,P-COMP-038,SYNTHETIC_INTERNAL,SNP-COOLIT-20260925-BL,SCN-BASELINE,IST-0080,P-COMP-038,LOT-P-COMP-038-1,RECEIVING,AVAILABLE,WH-MAIN-RECEIVING-B01,WH-MAIN-STORAGE-B01,20,RECEIPT_ACCEPTANCE,Warehouse Lead,2026-08-26T13:30:00-06:00,ELIGIBLE
TEN-COOLIT-SYN-001,SITE-COOLIT-SYN-01,WMS,INVENTORY_STATUS_TRANSITION,IST-0081,P-COMP-039,RESOLVED,2026-09-25T23:59:59-06:00,2026-09-26T08:00:00-06:00,2026-06-29T00:00:00-06:00,,1,,false,ACTIVE,EA,,VALID,CURRENT,coolit-synthetic-v2.0.0,ALL_SYNTHETIC_CUSTOMERS,ALL_SYNTHETIC_PROGRAMS,P-COMP-039,SYNTHETIC_INTERNAL,SNP-COOLIT-20260925-BL,SCN-BASELINE,IST-0081,P-COMP-039,LOT-P-COMP-039-1,RECEIVING,AVAILABLE,WH-MAIN-RECEIVING-B01,WH-MAIN-STORAGE-B01,20,RECEIPT_ACCEPTANCE,Warehouse Lead,2026-08-25T13:37:00-06:00,ELIGIBLE
TEN-COOLIT-SYN-001,SITE-COOLIT-SYN-01,WMS,INVENTORY_STATUS_TRANSITION,IST-0082,P-COMP-040,RESOLVED,2026-09-25T23:59:59-06:00,2026-09-26T08:00:00-06:00,2026-06-29T00:00:00-06:00,,1,,false,ACTIVE,EA,,VALID,CURRENT,coolit-synthetic-v2.0.0,ALL_SYNTHETIC_CUSTOMERS,ALL_SYNTHETIC_PROGRAMS,P-COMP-040,SYNTHETIC_INTERNAL,SNP-COOLIT-20260925-BL,SCN-BASELINE,IST-0082,P-COMP-040,LOT-P-COMP-040-1,RECEIVING,AVAILABLE,WH-MAIN-RECEIVING-B01,WH-MAIN-STORAGE-B01,20,RECEIPT_ACCEPTANCE,Warehouse Lead,2026-08-24T13:44:00-06:00,ELIGIBLE
TEN-COOLIT-SYN-001,SITE-COOLIT-SYN-01,WMS,INVENTORY_STATUS_TRANSITION,IST-0083,P-COMP-041,RESOLVED,2026-09-25T23:59:59-06:00,2026-09-26T08:00:00-06:00,2026-06-29T00:00:00-06:00,,1,,false,ACTIVE,EA,,VALID,CURRENT,coolit-synthetic-v2.0.0,ALL_SYNTHETIC_CUSTOMERS,ALL_SYNTHETIC_PROGRAMS,P-COMP-041,SYNTHETIC_INTERNAL,SNP-COOLIT-20260925-BL,SCN-BASELINE,IST-0083,P-COMP-041,LOT-P-COMP-041-1,RECEIVING,AVAILABLE,WH-MAIN-RECEIVING-B01,WH-MAIN-STORAGE-B01,20,RECEIPT_ACCEPTANCE,Warehouse Lead,2026-08-23T13:51:00-06:00,ELIGIBLE
TEN-COOLIT-SYN-001,SITE-COOLIT-SYN-01,WMS,INVENTORY_STATUS_TRANSITION,IST-0084,P-COMP-042,RESOLVED,2026-09-25T23:59:59-06:00,2026-09-26T08:00:00-06:00,2026-06-29T00:00:00-06:00,,1,,false,ACTIVE,EA,,VALID,CURRENT,coolit-synthetic-v2.0.0,ALL_SYNTHETIC_CUSTOMERS,ALL_SYNTHETIC_PROGRAMS,P-COMP-042,SYNTHETIC_INTERNAL,SNP-COOLIT-20260925-BL,SCN-BASELINE,IST-0084,P-COMP-042,LOT-P-COMP-042-1,RECEIVING,AVAILABLE,WH-MAIN-RECEIVING-B01,WH-MAIN-STORAGE-B01,20,RECEIPT_ACCEPTANCE,Warehouse Lead,2026-08-22T13:58:00-06:00,ELIGIBLE
TEN-COOLIT-SYN-001,SITE-COOLIT-SYN-01,WMS,INVENTORY_STATUS_TRANSITION,IST-0085,P-COMP-043,RESOLVED,2026-09-25T23:59:59-06:00,2026-09-26T08:00:00-06:00,2026-06-29T00:00:00-06:00,,1,,false,ACTIVE,EA,,VALID,CURRENT,coolit-synthetic-v2.0.0,ALL_SYNTHETIC_CUSTOMERS,ALL_SYNTHETIC_PROGRAMS,P-COMP-043,SYNTHETIC_INTERNAL,SNP-COOLIT-20260925-BL,SCN-BASELINE,IST-0085,P-COMP-043,LOT-P-COMP-043-1,RECEIVING,AVAILABLE,WH-MAIN-RECEIVING-B01,WH-MAIN-STORAGE-B01,20,RECEIPT_ACCEPTANCE,Warehouse Lead,2026-08-21T13:05:00-06:00,ELIGIBLE
TEN-COOLIT-SYN-001,SITE-COOLIT-SYN-01,WMS,INVENTORY_STATUS_TRANSITION,IST-0086,P-COMP-044,RESOLVED,2026-09-25T23:59:59-06:00,2026-09-26T08:00:00-06:00,2026-06-29T00:00:00-06:00,,1,,false,ACTIVE,EA,,VALID,CURRENT,coolit-synthetic-v2.0.0,ALL_SYNTHETIC_CUSTOMERS,ALL_SYNTHETIC_PROGRAMS,P-COMP-044,SYNTHETIC_INTERNAL,SNP-COOLIT-20260925-BL,SCN-BASELINE,IST-0086,P-COMP-044,LOT-P-COMP-044-1,RECEIVING,AVAILABLE,WH-MAIN-RECEIVING-B01,WH-MAIN-STORAGE-B01,20,RECEIPT_ACCEPTANCE,Warehouse Lead,2026-08-20T13:12:00-06:00,ELIGIBLE
TEN-COOLIT-SYN-001,SITE-COOLIT-SYN-01,WMS,INVENTORY_STATUS_TRANSITION,IST-0087,P-COMP-045,RESOLVED,2026-09-25T23:59:59-06:00,2026-09-26T08:00:00-06:00,2026-06-29T00:00:00-06:00,,1,,false,ACTIVE,EA,,VALID,CURRENT,coolit-synthetic-v2.0.0,ALL_SYNTHETIC_CUSTOMERS,ALL_SYNTHETIC_PROGRAMS,P-COMP-045,SYNTHETIC_INTERNAL,SNP-COOLIT-20260925-BL,SCN-BASELINE,IST-0087,P-COMP-045,LOT-P-COMP-045-1,RECEIVING,AVAILABLE,WH-MAIN-RECEIVING-B01,WH-MAIN-STORAGE-B01,20,RECEIPT_ACCEPTANCE,Warehouse Lead,2026-08-19T13:19:00-06:00,ELIGIBLE
TEN-COOLIT-SYN-001,SITE-COOLIT-SYN-01,WMS,INVENTORY_STATUS_TRANSITION,IST-0088,P-COMP-046,RESOLVED,2026-09-25T23:59:59-06:00,2026-09-26T08:00:00-06:00,2026-06-29T00:00:00-06:00,,1,,false,ACTIVE,EA,,VALID,CURRENT,coolit-synthetic-v2.0.0,ALL_SYNTHETIC_CUSTOMERS,ALL_SYNTHETIC_PROGRAMS,P-COMP-046,SYNTHETIC_INTERNAL,SNP-COOLIT-20260925-BL,SCN-BASELINE,IST-0088,P-COMP-046,LOT-P-COMP-046-1,RECEIVING,AVAILABLE,WH-MAIN-RECEIVING-B01,WH-MAIN-STORAGE-B01,20,RECEIPT_ACCEPTANCE,Warehouse Lead,2026-08-18T13:26:00-06:00,ELIGIBLE
TEN-COOLIT-SYN-001,SITE-COOLIT-SYN-01,WMS,INVENTORY_STATUS_TRANSITION,IST-0089,P-COMP-047,RESOLVED,2026-09-25T23:59:59-06:00,2026-09-26T08:00:00-06:00,2026-06-29T00:00:00-06:00,,1,,false,ACTIVE,EA,,VALID,CURRENT,coolit-synthetic-v2.0.0,ALL_SYNTHETIC_CUSTOMERS,ALL_SYNTHETIC_PROGRAMS,P-COMP-047,SYNTHETIC_INTERNAL,SNP-COOLIT-20260925-BL,SCN-BASELINE,IST-0089,P-COMP-047,LOT-P-COMP-047-1,RECEIVING,AVAILABLE,WH-MAIN-RECEIVING-B01,WH-MAIN-STORAGE-B01,20,RECEIPT_ACCEPTANCE,Warehouse Lead,2026-08-17T13:33:00-06:00,ELIGIBLE
TEN-COOLIT-SYN-001,SITE-COOLIT-SYN-01,WMS,INVENTORY_STATUS_TRANSITION,IST-0090,P-COMP-048,RESOLVED,2026-09-25T23:59:59-06:00,2026-09-26T08:00:00-06:00,2026-06-29T00:00:00-06:00,,1,,false,ACTIVE,EA,,VALID,CURRENT,coolit-synthetic-v2.0.0,ALL_SYNTHETIC_CUSTOMERS,ALL_SYNTHETIC_PROGRAMS,P-COMP-048,SYNTHETIC_INTERNAL,SNP-COOLIT-20260925-BL,SCN-BASELINE,IST-0090,P-COMP-048,LOT-P-COMP-048-1,RECEIVING,AVAILABLE,WH-MAIN-RECEIVING-B01,WH-MAIN-STORAGE-B01,20,RECEIPT_ACCEPTANCE,Warehouse Lead,2026-08-16T13:40:00-06:00,ELIGIBLE
TEN-COOLIT-SYN-001,SITE-COOLIT-SYN-01,WMS,INVENTORY_STATUS_TRANSITION,IST-0091,P-COMP-049,RESOLVED,2026-09-25T23:59:59-06:00,2026-09-26T08:00:00-06:00,2026-06-29T00:00:00-06:00,,1,,false,ACTIVE,EA,,VALID,CURRENT,coolit-synthetic-v2.0.0,ALL_SYNTHETIC_CUSTOMERS,ALL_SYNTHETIC_PROGRAMS,P-COMP-049,SYNTHETIC_INTERNAL,SNP-COOLIT-20260925-BL,SCN-BASELINE,IST-0091,P-COMP-049,LOT-P-COMP-049-1,RECEIVING,AVAILABLE,WH-MAIN-RECEIVING-B01,WH-MAIN-STORAGE-B01,20,RECEIPT_ACCEPTANCE,Warehouse Lead,2026-08-15T13:47:00-06:00,ELIGIBLE
TEN-COOLIT-SYN-001,SITE-COOLIT-SYN-01,WMS,INVENTORY_STATUS_TRANSITION,IST-0092,P-COMP-050,RESOLVED,2026-09-25T23:59:59-06:00,2026-09-26T08:00:00-06:00,2026-06-29T00:00:00-06:00,,1,,false,ACTIVE,EA,,VALID,CURRENT,coolit-synthetic-v2.0.0,ALL_SYNTHETIC_CUSTOMERS,ALL_SYNTHETIC_PROGRAMS,P-COMP-050,SYNTHETIC_INTERNAL,SNP-COOLIT-20260925-BL,SCN-BASELINE,IST-0092,P-COMP-050,LOT-P-COMP-050-1,RECEIVING,AVAILABLE,WH-MAIN-RECEIVING-B01,WH-MAIN-STORAGE-B01,20,RECEIPT_ACCEPTANCE,Warehouse Lead,2026-08-14T13:54:00-06:00,ELIGIBLE
TEN-COOLIT-SYN-001,SITE-COOLIT-SYN-01,WMS,INVENTORY_STATUS_TRANSITION,IST-0093,P-COMP-051,RESOLVED,2026-09-25T23:59:59-06:00,2026-09-26T08:00:00-06:00,2026-06-29T00:00:00-06:00,,1,,false,ACTIVE,EA,,VALID,CURRENT,coolit-synthetic-v2.0.0,ALL_SYNTHETIC_CUSTOMERS,ALL_SYNTHETIC_PROGRAMS,P-COMP-051,SYNTHETIC_INTERNAL,SNP-COOLIT-20260925-BL,SCN-BASELINE,IST-0093,P-COMP-051,LOT-P-COMP-051-1,HOLD,AVAILABLE,WH-QA-QUARANTINE-B01,WH-MAIN-STORAGE-B01,20,QUALITY_RELEASE,Quality Manager,2026-08-13T13:01:00-06:00,ELIGIBLE
TEN-COOLIT-SYN-001,SITE-COOLIT-SYN-01,WMS,INVENTORY_STATUS_TRANSITION,IST-0094,P-COMP-052,RESOLVED,2026-09-25T23:59:59-06:00,2026-09-26T08:00:00-06:00,2026-06-29T00:00:00-06:00,,1,,false,ACTIVE,EA,,VALID,CURRENT,coolit-synthetic-v2.0.0,ALL_SYNTHETIC_CUSTOMERS,ALL_SYNTHETIC_PROGRAMS,P-COMP-052,SYNTHETIC_INTERNAL,SNP-COOLIT-20260925-BL,SCN-BASELINE,IST-0094,P-COMP-052,LOT-P-COMP-052-1,RECEIVING,AVAILABLE,WH-MAIN-RECEIVING-B01,WH-MAIN-STORAGE-B01,20,RECEIPT_ACCEPTANCE,Warehouse Lead,2026-08-12T13:08:00-06:00,ELIGIBLE
TEN-COOLIT-SYN-001,SITE-COOLIT-SYN-01,WMS,INVENTORY_STATUS_TRANSITION,IST-0095,P-COMP-053,RESOLVED,2026-09-25T23:59:59-06:00,2026-09-26T08:00:00-06:00,2026-06-29T00:00:00-06:00,,1,,false,ACTIVE,EA,,VALID,CURRENT,coolit-synthetic-v2.0.0,ALL_SYNTHETIC_CUSTOMERS,ALL_SYNTHETIC_PROGRAMS,P-COMP-053,SYNTHETIC_INTERNAL,SNP-COOLIT-20260925-BL,SCN-BASELINE,IST-0095,P-COMP-053,LOT-P-COMP-053-1,RECEIVING,AVAILABLE,WH-MAIN-RECEIVING-B01,WH-MAIN-STORAGE-B01,20,RECEIPT_ACCEPTANCE,Warehouse Lead,2026-08-11T13:15:00-06:00,ELIGIBLE
TEN-COOLIT-SYN-001,SITE-COOLIT-SYN-01,WMS,INVENTORY_STATUS_TRANSITION,IST-0096,P-COMP-054,RESOLVED,2026-09-25T23:59:59-06:00,2026-09-26T08:00:00-06:00,2026-06-29T00:00:00-06:00,,1,,false,ACTIVE,EA,,VALID,CURRENT,coolit-synthetic-v2.0.0,ALL_SYNTHETIC_CUSTOMERS,ALL_SYNTHETIC_PROGRAMS,P-COMP-054,SYNTHETIC_INTERNAL,SNP-COOLIT-20260925-BL,SCN-BASELINE,IST-0096,P-COMP-054,LOT-P-COMP-054-1,RECEIVING,AVAILABLE,WH-MAIN-RECEIVING-B01,WH-MAIN-STORAGE-B01,20,RECEIPT_ACCEPTANCE,Warehouse Lead,2026-08-10T13:22:00-06:00,ELIGIBLE
TEN-COOLIT-SYN-001,SITE-COOLIT-SYN-01,WMS,INVENTORY_STATUS_TRANSITION,IST-0097,P-COMP-055,RESOLVED,2026-09-25T23:59:59-06:00,2026-09-26T08:00:00-06:00,2026-06-29T00:00:00-06:00,,1,,false,ACTIVE,EA,,VALID,CURRENT,coolit-synthetic-v2.0.0,ALL_SYNTHETIC_CUSTOMERS,ALL_SYNTHETIC_PROGRAMS,P-COMP-055,SYNTHETIC_INTERNAL,SNP-COOLIT-20260925-BL,SCN-BASELINE,IST-0097,P-COMP-055,LOT-P-COMP-055-1,RECEIVING,AVAILABLE,WH-MAIN-RECEIVING-B01,WH-MAIN-STORAGE-B01,20,RECEIPT_ACCEPTANCE,Warehouse Lead,2026-08-09T13:29:00-06:00,ELIGIBLE
TEN-COOLIT-SYN-001,SITE-COOLIT-SYN-01,WMS,INVENTORY_STATUS_TRANSITION,IST-0098,P-COMP-056,RESOLVED,2026-09-25T23:59:59-06:00,2026-09-26T08:00:00-06:00,2026-06-29T00:00:00-06:00,,1,,false,ACTIVE,EA,,VALID,CURRENT,coolit-synthetic-v2.0.0,ALL_SYNTHETIC_CUSTOMERS,ALL_SYNTHETIC_PROGRAMS,P-COMP-056,SYNTHETIC_INTERNAL,SNP-COOLIT-20260925-BL,SCN-BASELINE,IST-0098,P-COMP-056,LOT-P-COMP-056-1,RECEIVING,AVAILABLE,WH-MAIN-RECEIVING-B01,WH-MAIN-STORAGE-B01,20,RECEIPT_ACCEPTANCE,Warehouse Lead,2026-08-08T13:36:00-06:00,ELIGIBLE
TEN-COOLIT-SYN-001,SITE-COOLIT-SYN-01,WMS,INVENTORY_STATUS_TRANSITION,IST-0099,P-COMP-057,RESOLVED,2026-09-25T23:59:59-06:00,2026-09-26T08:00:00-06:00,2026-06-29T00:00:00-06:00,,1,,false,ACTIVE,EA,,VALID,CURRENT,coolit-synthetic-v2.0.0,ALL_SYNTHETIC_CUSTOMERS,ALL_SYNTHETIC_PROGRAMS,P-COMP-057,SYNTHETIC_INTERNAL,SNP-COOLIT-20260925-BL,SCN-BASELINE,IST-0099,P-COMP-057,LOT-P-COMP-057-1,RECEIVING,AVAILABLE,WH-MAIN-RECEIVING-B01,WH-MAIN-STORAGE-B01,20,RECEIPT_ACCEPTANCE,Warehouse Lead,2026-08-07T13:43:00-06:00,ELIGIBLE
TEN-COOLIT-SYN-001,SITE-COOLIT-SYN-01,WMS,INVENTORY_STATUS_TRANSITION,IST-0100,P-COMP-058,RESOLVED,2026-09-25T23:59:59-06:00,2026-09-26T08:00:00-06:00,2026-06-29T00:00:00-06:00,,1,,false,ACTIVE,EA,,VALID,CURRENT,coolit-synthetic-v2.0.0,ALL_SYNTHETIC_CUSTOMERS,ALL_SYNTHETIC_PROGRAMS,P-COMP-058,SYNTHETIC_INTERNAL,SNP-COOLIT-20260925-BL,SCN-BASELINE,IST-0100,P-COMP-058,LOT-P-COMP-058-1,RECEIVING,AVAILABLE,WH-MAIN-RECEIVING-B01,WH-MAIN-STORAGE-B01,20,RECEIPT_ACCEPTANCE,Warehouse Lead,2026-08-06T13:50:00-06:00,ELIGIBLE
TEN-COOLIT-SYN-001,SITE-COOLIT-SYN-01,WMS,INVENTORY_STATUS_TRANSITION,IST-0101,P-COMP-059,RESOLVED,2026-09-25T23:59:59-06:00,2026-09-26T08:00:00-06:00,2026-06-29T00:00:00-06:00,,1,,false,ACTIVE,EA,,VALID,CURRENT,coolit-synthetic-v2.0.0,ALL_SYNTHETIC_CUSTOMERS,ALL_SYNTHETIC_PROGRAMS,P-COMP-059,SYNTHETIC_INTERNAL,SNP-COOLIT-20260925-BL,SCN-BASELINE,IST-0101,P-COMP-059,LOT-P-COMP-059-1,RECEIVING,AVAILABLE,WH-MAIN-RECEIVING-B01,WH-MAIN-STORAGE-B01,20,RECEIPT_ACCEPTANCE,Warehouse Lead,2026-09-24T13:07:00-06:00,ELIGIBLE
TEN-COOLIT-SYN-001,SITE-COOLIT-SYN-01,WMS,INVENTORY_STATUS_TRANSITION,IST-0102,P-COMP-060,RESOLVED,2026-09-25T23:59:59-06:00,2026-09-26T08:00:00-06:00,2026-06-29T00:00:00-06:00,,1,,false,ACTIVE,EA,,VALID,CURRENT,coolit-synthetic-v2.0.0,ALL_SYNTHETIC_CUSTOMERS,ALL_SYNTHETIC_PROGRAMS,P-COMP-060,SYNTHETIC_INTERNAL,SNP-COOLIT-20260925-BL,SCN-BASELINE,IST-0102,P-COMP-060,LOT-P-COMP-060-1,RECEIVING,AVAILABLE,WH-MAIN-RECEIVING-B01,WH-MAIN-STORAGE-B01,20,RECEIPT_ACCEPTANCE,Warehouse Lead,2026-09-23T13:14:00-06:00,ELIGIBLE
TEN-COOLIT-SYN-001,SITE-COOLIT-SYN-01,WMS,INVENTORY_STATUS_TRANSITION,IST-0103,P-COMP-061,RESOLVED,2026-09-25T23:59:59-06:00,2026-09-26T08:00:00-06:00,2026-06-29T00:00:00-06:00,,1,,false,ACTIVE,EA,,VALID,CURRENT,coolit-synthetic-v2.0.0,ALL_SYNTHETIC_CUSTOMERS,ALL_SYNTHETIC_PROGRAMS,P-COMP-061,SYNTHETIC_INTERNAL,SNP-COOLIT-20260925-BL,SCN-BASELINE,IST-0103,P-COMP-061,LOT-P-COMP-061-1,RECEIVING,AVAILABLE,WH-MAIN-RECEIVING-B01,WH-MAIN-STORAGE-B01,20,RECEIPT_ACCEPTANCE,Warehouse Lead,2026-09-22T13:21:00-06:00,ELIGIBLE
TEN-COOLIT-SYN-001,SITE-COOLIT-SYN-01,WMS,INVENTORY_STATUS_TRANSITION,IST-0104,P-COMP-062,RESOLVED,2026-09-25T23:59:59-06:00,2026-09-26T08:00:00-06:00,2026-06-29T00:00:00-06:00,,1,,false,ACTIVE,EA,,VALID,CURRENT,coolit-synthetic-v2.0.0,ALL_SYNTHETIC_CUSTOMERS,ALL_SYNTHETIC_PROGRAMS,P-COMP-062,SYNTHETIC_INTERNAL,SNP-COOLIT-20260925-BL,SCN-BASELINE,IST-0104,P-COMP-062,LOT-P-COMP-062-1,RECEIVING,AVAILABLE,WH-MAIN-RECEIVING-B01,WH-MAIN-STORAGE-B01,20,RECEIPT_ACCEPTANCE,Warehouse Lead,2026-09-21T13:28:00-06:00,ELIGIBLE
TEN-COOLIT-SYN-001,SITE-COOLIT-SYN-01,WMS,INVENTORY_STATUS_TRANSITION,IST-0105,P-COMP-063,RESOLVED,2026-09-25T23:59:59-06:00,2026-09-26T08:00:00-06:00,2026-06-29T00:00:00-06:00,,1,,false,ACTIVE,EA,,VALID,CURRENT,coolit-synthetic-v2.0.0,ALL_SYNTHETIC_CUSTOMERS,ALL_SYNTHETIC_PROGRAMS,P-COMP-063,SYNTHETIC_INTERNAL,SNP-COOLIT-20260925-BL,SCN-BASELINE,IST-0105,P-COMP-063,LOT-P-COMP-063-1,RECEIVING,AVAILABLE,WH-MAIN-RECEIVING-B01,WH-MAIN-STORAGE-B01,20,RECEIPT_ACCEPTANCE,Warehouse Lead,2026-09-20T13:35:00-06:00,ELIGIBLE
TEN-COOLIT-SYN-001,SITE-COOLIT-SYN-01,WMS,INVENTORY_STATUS_TRANSITION,IST-0106,P-COMP-064,RESOLVED,2026-09-25T23:59:59-06:00,2026-09-26T08:00:00-06:00,2026-06-29T00:00:00-06:00,,1,,false,ACTIVE,EA,,VALID,CURRENT,coolit-synthetic-v2.0.0,ALL_SYNTHETIC_CUSTOMERS,ALL_SYNTHETIC_PROGRAMS,P-COMP-064,SYNTHETIC_INTERNAL,SNP-COOLIT-20260925-BL,SCN-BASELINE,IST-0106,P-COMP-064,LOT-P-COMP-064-1,RECEIVING,AVAILABLE,WH-MAIN-RECEIVING-B01,WH-MAIN-STORAGE-B01,20,RECEIPT_ACCEPTANCE,Warehouse Lead,2026-09-19T13:42:00-06:00,ELIGIBLE
TEN-COOLIT-SYN-001,SITE-COOLIT-SYN-01,WMS,INVENTORY_STATUS_TRANSITION,IST-0107,P-COMP-065,RESOLVED,2026-09-25T23:59:59-06:00,2026-09-26T08:00:00-06:00,2026-06-29T00:00:00-06:00,,1,,false,ACTIVE,EA,,VALID,CURRENT,coolit-synthetic-v2.0.0,ALL_SYNTHETIC_CUSTOMERS,ALL_SYNTHETIC_PROGRAMS,P-COMP-065,SYNTHETIC_INTERNAL,SNP-COOLIT-20260925-BL,SCN-BASELINE,IST-0107,P-COMP-065,LOT-P-COMP-065-1,RECEIVING,AVAILABLE,WH-MAIN-RECEIVING-B01,WH-MAIN-STORAGE-B01,20,RECEIPT_ACCEPTANCE,Warehouse Lead,2026-09-18T13:49:00-06:00,ELIGIBLE
TEN-COOLIT-SYN-001,SITE-COOLIT-SYN-01,WMS,INVENTORY_STATUS_TRANSITION,IST-0108,P-COMP-066,RESOLVED,2026-09-25T23:59:59-06:00,2026-09-26T08:00:00-06:00,2026-06-29T00:00:00-06:00,,1,,false,ACTIVE,EA,,VALID,CURRENT,coolit-synthetic-v2.0.0,ALL_SYNTHETIC_CUSTOMERS,ALL_SYNTHETIC_PROGRAMS,P-COMP-066,SYNTHETIC_INTERNAL,SNP-COOLIT-20260925-BL,SCN-BASELINE,IST-0108,P-COMP-066,LOT-P-COMP-066-1,RECEIVING,AVAILABLE,WH-MAIN-RECEIVING-B01,WH-MAIN-STORAGE-B01,20,RECEIPT_ACCEPTANCE,Warehouse Lead,2026-09-17T13:56:00-06:00,ELIGIBLE
TEN-COOLIT-SYN-001,SITE-COOLIT-SYN-01,WMS,INVENTORY_STATUS_TRANSITION,IST-0109,P-COMP-067,RESOLVED,2026-09-25T23:59:59-06:00,2026-09-26T08:00:00-06:00,2026-06-29T00:00:00-06:00,,1,,false,ACTIVE,EA,,VALID,CURRENT,coolit-synthetic-v2.0.0,ALL_SYNTHETIC_CUSTOMERS,ALL_SYNTHETIC_PROGRAMS,P-COMP-067,SYNTHETIC_INTERNAL,SNP-COOLIT-20260925-BL,SCN-BASELINE,IST-0109,P-COMP-067,LOT-P-COMP-067-1,RECEIVING,AVAILABLE,WH-MAIN-RECEIVING-B01,WH-MAIN-STORAGE-B01,20,RECEIPT_ACCEPTANCE,Warehouse Lead,2026-09-16T13:03:00-06:00,ELIGIBLE
TEN-COOLIT-SYN-001,SITE-COOLIT-SYN-01,WMS,INVENTORY_STATUS_TRANSITION,IST-0110,P-COMP-068,RESOLVED,2026-09-25T23:59:59-06:00,2026-09-26T08:00:00-06:00,2026-06-29T00:00:00-06:00,,1,,false,ACTIVE,EA,,VALID,CURRENT,coolit-synthetic-v2.0.0,ALL_SYNTHETIC_CUSTOMERS,ALL_SYNTHETIC_PROGRAMS,P-COMP-068,SYNTHETIC_INTERNAL,SNP-COOLIT-20260925-BL,SCN-BASELINE,IST-0110,P-COMP-068,LOT-P-COMP-068-1,RECEIVING,AVAILABLE,WH-MAIN-RECEIVING-B01,WH-MAIN-STORAGE-B01,20,RECEIPT_ACCEPTANCE,Warehouse Lead,2026-09-15T13:10:00-06:00,ELIGIBLE
TEN-COOLIT-SYN-001,SITE-COOLIT-SYN-01,WMS,INVENTORY_STATUS_TRANSITION,IST-0111,P-COMP-069,RESOLVED,2026-09-25T23:59:59-06:00,2026-09-26T08:00:00-06:00,2026-06-29T00:00:00-06:00,,1,,false,ACTIVE,EA,,VALID,CURRENT,coolit-synthetic-v2.0.0,ALL_SYNTHETIC_CUSTOMERS,ALL_SYNTHETIC_PROGRAMS,P-COMP-069,SYNTHETIC_INTERNAL,SNP-COOLIT-20260925-BL,SCN-BASELINE,IST-0111,P-COMP-069,LOT-P-COMP-069-1,RECEIVING,AVAILABLE,WH-MAIN-RECEIVING-B01,WH-MAIN-STORAGE-B01,20,RECEIPT_ACCEPTANCE,Warehouse Lead,2026-09-14T13:17:00-06:00,ELIGIBLE
TEN-COOLIT-SYN-001,SITE-COOLIT-SYN-01,WMS,INVENTORY_STATUS_TRANSITION,IST-0112,P-COMP-070,RESOLVED,2026-09-25T23:59:59-06:00,2026-09-26T08:00:00-06:00,2026-06-29T00:00:00-06:00,,1,,false,ACTIVE,EA,,VALID,CURRENT,coolit-synthetic-v2.0.0,ALL_SYNTHETIC_CUSTOMERS,ALL_SYNTHETIC_PROGRAMS,P-COMP-070,SYNTHETIC_INTERNAL,SNP-COOLIT-20260925-BL,SCN-BASELINE,IST-0112,P-COMP-070,LOT-P-COMP-070-1,RECEIVING,AVAILABLE,WH-MAIN-RECEIVING-B01,WH-MAIN-STORAGE-B01,20,RECEIPT_ACCEPTANCE,Warehouse Lead,2026-09-13T13:24:00-06:00,ELIGIBLE
TEN-COOLIT-SYN-001,SITE-COOLIT-SYN-01,WMS,INVENTORY_STATUS_TRANSITION,IST-0113,P-COMP-071,RESOLVED,2026-09-25T23:59:59-06:00,2026-09-26T08:00:00-06:00,2026-06-29T00:00:00-06:00,,1,,false,ACTIVE,EA,,VALID,CURRENT,coolit-synthetic-v2.0.0,ALL_SYNTHETIC_CUSTOMERS,ALL_SYNTHETIC_PROGRAMS,P-COMP-071,SYNTHETIC_INTERNAL,SNP-COOLIT-20260925-BL,SCN-BASELINE,IST-0113,P-COMP-071,LOT-P-COMP-071-1,RECEIVING,AVAILABLE,WH-MAIN-RECEIVING-B01,WH-MAIN-STORAGE-B01,20,RECEIPT_ACCEPTANCE,Warehouse Lead,2026-09-12T13:31:00-06:00,ELIGIBLE
TEN-COOLIT-SYN-001,SITE-COOLIT-SYN-01,WMS,INVENTORY_STATUS_TRANSITION,IST-0114,P-COMP-072,RESOLVED,2026-09-25T23:59:59-06:00,2026-09-26T08:00:00-06:00,2026-06-29T00:00:00-06:00,,1,,false,ACTIVE,EA,,VALID,CURRENT,coolit-synthetic-v2.0.0,ALL_SYNTHETIC_CUSTOMERS,ALL_SYNTHETIC_PROGRAMS,P-COMP-072,SYNTHETIC_INTERNAL,SNP-COOLIT-20260925-BL,SCN-BASELINE,IST-0114,P-COMP-072,LOT-P-COMP-072-1,RECEIVING,AVAILABLE,WH-MAIN-RECEIVING-B01,WH-MAIN-STORAGE-B01,20,RECEIPT_ACCEPTANCE,Warehouse Lead,2026-09-11T13:38:00-06:00,ELIGIBLE
TEN-COOLIT-SYN-001,SITE-COOLIT-SYN-01,WMS,INVENTORY_STATUS_TRANSITION,IST-0115,P-COMP-073,RESOLVED,2026-09-25T23:59:59-06:00,2026-09-26T08:00:00-06:00,2026-06-29T00:00:00-06:00,,1,,false,ACTIVE,EA,,VALID,CURRENT,coolit-synthetic-v2.0.0,ALL_SYNTHETIC_CUSTOMERS,ALL_SYNTHETIC_PROGRAMS,P-COMP-073,SYNTHETIC_INTERNAL,SNP-COOLIT-20260925-BL,SCN-BASELINE,IST-0115,P-COMP-073,LOT-P-COMP-073-1,RECEIVING,AVAILABLE,WH-MAIN-RECEIVING-B01,WH-MAIN-STORAGE-B01,20,RECEIPT_ACCEPTANCE,Warehouse Lead,2026-09-10T13:45:00-06:00,ELIGIBLE
TEN-COOLIT-SYN-001,SITE-COOLIT-SYN-01,WMS,INVENTORY_STATUS_TRANSITION,IST-0116,P-COMP-074,RESOLVED,2026-09-25T23:59:59-06:00,2026-09-26T08:00:00-06:00,2026-06-29T00:00:00-06:00,,1,,false,ACTIVE,EA,,VALID,CURRENT,coolit-synthetic-v2.0.0,ALL_SYNTHETIC_CUSTOMERS,ALL_SYNTHETIC_PROGRAMS,P-COMP-074,SYNTHETIC_INTERNAL,SNP-COOLIT-20260925-BL,SCN-BASELINE,IST-0116,P-COMP-074,LOT-P-COMP-074-1,HOLD,AVAILABLE,WH-QA-QUARANTINE-B01,WH-MAIN-STORAGE-B01,20,QUALITY_RELEASE,Quality Manager,2026-09-09T13:52:00-06:00,ELIGIBLE
TEN-COOLIT-SYN-001,SITE-COOLIT-SYN-01,WMS,INVENTORY_STATUS_TRANSITION,IST-0117,P-COMP-075,RESOLVED,2026-09-25T23:59:59-06:00,2026-09-26T08:00:00-06:00,2026-06-29T00:00:00-06:00,,1,,false,ACTIVE,EA,,VALID,CURRENT,coolit-synthetic-v2.0.0,ALL_SYNTHETIC_CUSTOMERS,ALL_SYNTHETIC_PROGRAMS,P-COMP-075,SYNTHETIC_INTERNAL,SNP-COOLIT-20260925-BL,SCN-BASELINE,IST-0117,P-COMP-075,LOT-P-COMP-075-1,RECEIVING,AVAILABLE,WH-MAIN-RECEIVING-B01,WH-MAIN-STORAGE-B01,20,RECEIPT_ACCEPTANCE,Warehouse Lead,2026-09-08T13:59:00-06:00,ELIGIBLE
TEN-COOLIT-SYN-001,SITE-COOLIT-SYN-01,WMS,INVENTORY_STATUS_TRANSITION,IST-0118,P-COMP-076,RESOLVED,2026-09-25T23:59:59-06:00,2026-09-26T08:00:00-06:00,2026-06-29T00:00:00-06:00,,1,,false,ACTIVE,EA,,VALID,CURRENT,coolit-synthetic-v2.0.0,ALL_SYNTHETIC_CUSTOMERS,ALL_SYNTHETIC_PROGRAMS,P-COMP-076,SYNTHETIC_INTERNAL,SNP-COOLIT-20260925-BL,SCN-BASELINE,IST-0118,P-COMP-076,LOT-P-COMP-076-1,RECEIVING,AVAILABLE,WH-MAIN-RECEIVING-B01,WH-MAIN-STORAGE-B01,20,RECEIPT_ACCEPTANCE,Warehouse Lead,2026-09-07T13:06:00-06:00,ELIGIBLE
TEN-COOLIT-SYN-001,SITE-COOLIT-SYN-01,WMS,INVENTORY_STATUS_TRANSITION,IST-0119,P-COMP-077,RESOLVED,2026-09-25T23:59:59-06:00,2026-09-26T08:00:00-06:00,2026-06-29T00:00:00-06:00,,1,,false,ACTIVE,EA,,VALID,CURRENT,coolit-synthetic-v2.0.0,ALL_SYNTHETIC_CUSTOMERS,ALL_SYNTHETIC_PROGRAMS,P-COMP-077,SYNTHETIC_INTERNAL,SNP-COOLIT-20260925-BL,SCN-BASELINE,IST-0119,P-COMP-077,LOT-P-COMP-077-1,RECEIVING,AVAILABLE,WH-MAIN-RECEIVING-B01,WH-MAIN-STORAGE-B01,20,RECEIPT_ACCEPTANCE,Warehouse Lead,2026-09-06T13:13:00-06:00,ELIGIBLE
TEN-COOLIT-SYN-001,SITE-COOLIT-SYN-01,WMS,INVENTORY_STATUS_TRANSITION,IST-0120,P-COMP-078,RESOLVED,2026-09-25T23:59:59-06:00,2026-09-26T08:00:00-06:00,2026-06-29T00:00:00-06:00,,1,,false,ACTIVE,EA,,VALID,CURRENT,coolit-synthetic-v2.0.0,ALL_SYNTHETIC_CUSTOMERS,ALL_SYNTHETIC_PROGRAMS,P-COMP-078,SYNTHETIC_INTERNAL,SNP-COOLIT-20260925-BL,SCN-BASELINE,IST-0120,P-COMP-078,LOT-P-COMP-078-1,RECEIVING,AVAILABLE,WH-MAIN-RECEIVING-B01,WH-MAIN-STORAGE-B01,20,RECEIPT_ACCEPTANCE,Warehouse Lead,2026-09-05T13:20:00-06:00,ELIGIBLE
TEN-COOLIT-SYN-001,SITE-COOLIT-SYN-01,WMS,INVENTORY_STATUS_TRANSITION,IST-0121,P-COMP-079,RESOLVED,2026-09-25T23:59:59-06:00,2026-09-26T08:00:00-06:00,2026-06-29T00:00:00-06:00,,1,,false,ACTIVE,EA,,VALID,CURRENT,coolit-synthetic-v2.0.0,ALL_SYNTHETIC_CUSTOMERS,ALL_SYNTHETIC_PROGRAMS,P-COMP-079,SYNTHETIC_INTERNAL,SNP-COOLIT-20260925-BL,SCN-BASELINE,IST-0121,P-COMP-079,LOT-P-COMP-079-1,RECEIVING,AVAILABLE,WH-MAIN-RECEIVING-B01,WH-MAIN-STORAGE-B01,20,RECEIPT_ACCEPTANCE,Warehouse Lead,2026-09-04T13:27:00-06:00,ELIGIBLE
TEN-COOLIT-SYN-001,SITE-COOLIT-SYN-01,WMS,INVENTORY_STATUS_TRANSITION,IST-0122,P-COMP-080,RESOLVED,2026-09-25T23:59:59-06:00,2026-09-26T08:00:00-06:00,2026-06-29T00:00:00-06:00,,1,,false,ACTIVE,EA,,VALID,CURRENT,coolit-synthetic-v2.0.0,ALL_SYNTHETIC_CUSTOMERS,ALL_SYNTHETIC_PROGRAMS,P-COMP-080,SYNTHETIC_INTERNAL,SNP-COOLIT-20260925-BL,SCN-BASELINE,IST-0122,P-COMP-080,LOT-P-COMP-080-1,RECEIVING,AVAILABLE,WH-MAIN-RECEIVING-B01,WH-MAIN-STORAGE-B01,20,RECEIPT_ACCEPTANCE,Warehouse Lead,2026-09-03T13:34:00-06:00,ELIGIBLE
TEN-COOLIT-SYN-001,SITE-COOLIT-SYN-01,WMS,INVENTORY_STATUS_TRANSITION,IST-0123,P-COMP-081,RESOLVED,2026-09-25T23:59:59-06:00,2026-09-26T08:00:00-06:00,2026-06-29T00:00:00-06:00,,1,,false,ACTIVE,EA,,VALID,CURRENT,coolit-synthetic-v2.0.0,ALL_SYNTHETIC_CUSTOMERS,ALL_SYNTHETIC_PROGRAMS,P-COMP-081,SYNTHETIC_INTERNAL,SNP-COOLIT-20260925-BL,SCN-BASELINE,IST-0123,P-COMP-081,LOT-P-COMP-081-1,RECEIVING,AVAILABLE,WH-MAIN-RECEIVING-B01,WH-MAIN-STORAGE-B01,20,RECEIPT_ACCEPTANCE,Warehouse Lead,2026-09-02T13:41:00-06:00,ELIGIBLE
TEN-COOLIT-SYN-001,SITE-COOLIT-SYN-01,WMS,INVENTORY_STATUS_TRANSITION,IST-0124,P-COMP-082,RESOLVED,2026-09-25T23:59:59-06:00,2026-09-26T08:00:00-06:00,2026-06-29T00:00:00-06:00,,1,,false,ACTIVE,EA,,VALID,CURRENT,coolit-synthetic-v2.0.0,ALL_SYNTHETIC_CUSTOMERS,ALL_SYNTHETIC_PROGRAMS,P-COMP-082,SYNTHETIC_INTERNAL,SNP-COOLIT-20260925-BL,SCN-BASELINE,IST-0124,P-COMP-082,LOT-P-COMP-082-1,RECEIVING,AVAILABLE,WH-MAIN-RECEIVING-B01,WH-MAIN-STORAGE-B01,20,RECEIPT_ACCEPTANCE,Warehouse Lead,2026-09-01T13:48:00-06:00,ELIGIBLE
TEN-COOLIT-SYN-001,SITE-COOLIT-SYN-01,WMS,INVENTORY_STATUS_TRANSITION,IST-0125,P-COMP-083,RESOLVED,2026-09-25T23:59:59-06:00,2026-09-26T08:00:00-06:00,2026-06-29T00:00:00-06:00,,1,,false,ACTIVE,EA,,VALID,CURRENT,coolit-synthetic-v2.0.0,ALL_SYNTHETIC_CUSTOMERS,ALL_SYNTHETIC_PROGRAMS,P-COMP-083,SYNTHETIC_INTERNAL,SNP-COOLIT-20260925-BL,SCN-BASELINE,IST-0125,P-COMP-083,LOT-P-COMP-083-1,RECEIVING,AVAILABLE,WH-MAIN-RECEIVING-B01,WH-MAIN-STORAGE-B01,20,RECEIPT_ACCEPTANCE,Warehouse Lead,2026-08-31T13:55:00-06:00,ELIGIBLE
TEN-COOLIT-SYN-001,SITE-COOLIT-SYN-01,WMS,INVENTORY_STATUS_TRANSITION,IST-0126,P-COMP-084,RESOLVED,2026-09-25T23:59:59-06:00,2026-09-26T08:00:00-06:00,2026-06-29T00:00:00-06:00,,1,,false,ACTIVE,EA,,VALID,CURRENT,coolit-synthetic-v2.0.0,ALL_SYNTHETIC_CUSTOMERS,ALL_SYNTHETIC_PROGRAMS,P-COMP-084,SYNTHETIC_INTERNAL,SNP-COOLIT-20260925-BL,SCN-BASELINE,IST-0126,P-COMP-084,LOT-P-COMP-084-1,RECEIVING,AVAILABLE,WH-MAIN-RECEIVING-B01,WH-MAIN-STORAGE-B01,20,RECEIPT_ACCEPTANCE,Warehouse Lead,2026-08-30T13:02:00-06:00,ELIGIBLE
TEN-COOLIT-SYN-001,SITE-COOLIT-SYN-01,WMS,INVENTORY_STATUS_TRANSITION,IST-0127,P-COMP-085,RESOLVED,2026-09-25T23:59:59-06:00,2026-09-26T08:00:00-06:00,2026-06-29T00:00:00-06:00,,1,,false,ACTIVE,EA,,VALID,CURRENT,coolit-synthetic-v2.0.0,ALL_SYNTHETIC_CUSTOMERS,ALL_SYNTHETIC_PROGRAMS,P-COMP-085,SYNTHETIC_INTERNAL,SNP-COOLIT-20260925-BL,SCN-BASELINE,IST-0127,P-COMP-085,LOT-P-COMP-085-1,RECEIVING,AVAILABLE,WH-MAIN-RECEIVING-B01,WH-MAIN-STORAGE-B01,20,RECEIPT_ACCEPTANCE,Warehouse Lead,2026-08-29T13:09:00-06:00,ELIGIBLE
TEN-COOLIT-SYN-001,SITE-COOLIT-SYN-01,WMS,INVENTORY_STATUS_TRANSITION,IST-0128,P-COMP-086,RESOLVED,2026-09-25T23:59:59-06:00,2026-09-26T08:00:00-06:00,2026-06-29T00:00:00-06:00,,1,,false,ACTIVE,EA,,VALID,CURRENT,coolit-synthetic-v2.0.0,ALL_SYNTHETIC_CUSTOMERS,ALL_SYNTHETIC_PROGRAMS,P-COMP-086,SYNTHETIC_INTERNAL,SNP-COOLIT-20260925-BL,SCN-BASELINE,IST-0128,P-COMP-086,LOT-P-COMP-086-1,RECEIVING,AVAILABLE,WH-MAIN-RECEIVING-B01,WH-MAIN-STORAGE-B01,20,RECEIPT_ACCEPTANCE,Warehouse Lead,2026-08-28T13:16:00-06:00,ELIGIBLE
TEN-COOLIT-SYN-001,SITE-COOLIT-SYN-01,WMS,INVENTORY_STATUS_TRANSITION,IST-0129,P-COMP-087,RESOLVED,2026-09-25T23:59:59-06:00,2026-09-26T08:00:00-06:00,2026-06-29T00:00:00-06:00,,1,,false,ACTIVE,EA,,VALID,CURRENT,coolit-synthetic-v2.0.0,ALL_SYNTHETIC_CUSTOMERS,ALL_SYNTHETIC_PROGRAMS,P-COMP-087,SYNTHETIC_INTERNAL,SNP-COOLIT-20260925-BL,SCN-BASELINE,IST-0129,P-COMP-087,LOT-P-COMP-087-1,RECEIVING,AVAILABLE,WH-MAIN-RECEIVING-B01,WH-MAIN-STORAGE-B01,20,RECEIPT_ACCEPTANCE,Warehouse Lead,2026-08-27T13:23:00-06:00,ELIGIBLE
TEN-COOLIT-SYN-001,SITE-COOLIT-SYN-01,WMS,INVENTORY_STATUS_TRANSITION,IST-0130,P-COMP-088,RESOLVED,2026-09-25T23:59:59-06:00,2026-09-26T08:00:00-06:00,2026-06-29T00:00:00-06:00,,1,,false,ACTIVE,EA,,VALID,CURRENT,coolit-synthetic-v2.0.0,ALL_SYNTHETIC_CUSTOMERS,ALL_SYNTHETIC_PROGRAMS,P-COMP-088,SYNTHETIC_INTERNAL,SNP-COOLIT-20260925-BL,SCN-BASELINE,IST-0130,P-COMP-088,LOT-P-COMP-088-1,RECEIVING,AVAILABLE,WH-MAIN-RECEIVING-B01,WH-MAIN-STORAGE-B01,20,RECEIPT_ACCEPTANCE,Warehouse Lead,2026-08-26T13:30:00-06:00,ELIGIBLE
TEN-COOLIT-SYN-001,SITE-COOLIT-SYN-01,WMS,INVENTORY_STATUS_TRANSITION,IST-0131,P-COMP-089,RESOLVED,2026-09-25T23:59:59-06:00,2026-09-26T08:00:00-06:00,2026-06-29T00:00:00-06:00,,1,,false,ACTIVE,EA,,VALID,CURRENT,coolit-synthetic-v2.0.0,ALL_SYNTHETIC_CUSTOMERS,ALL_SYNTHETIC_PROGRAMS,P-COMP-089,SYNTHETIC_INTERNAL,SNP-COOLIT-20260925-BL,SCN-BASELINE,IST-0131,P-COMP-089,LOT-P-COMP-089-1,RECEIVING,AVAILABLE,WH-MAIN-RECEIVING-B01,WH-MAIN-STORAGE-B01,20,RECEIPT_ACCEPTANCE,Warehouse Lead,2026-08-25T13:37:00-06:00,ELIGIBLE
TEN-COOLIT-SYN-001,SITE-COOLIT-SYN-01,WMS,INVENTORY_STATUS_TRANSITION,IST-0132,P-COMP-090,RESOLVED,2026-09-25T23:59:59-06:00,2026-09-26T08:00:00-06:00,2026-06-29T00:00:00-06:00,,1,,false,ACTIVE,EA,,VALID,CURRENT,coolit-synthetic-v2.0.0,ALL_SYNTHETIC_CUSTOMERS,ALL_SYNTHETIC_PROGRAMS,P-COMP-090,SYNTHETIC_INTERNAL,SNP-COOLIT-20260925-BL,SCN-BASELINE,IST-0132,P-COMP-090,LOT-P-COMP-090-1,RECEIVING,AVAILABLE,WH-MAIN-RECEIVING-B01,WH-MAIN-STORAGE-B01,20,RECEIPT_ACCEPTANCE,Warehouse Lead,2026-08-24T13:44:00-06:00,ELIGIBLE
TEN-COOLIT-SYN-001,SITE-COOLIT-SYN-01,WMS,INVENTORY_STATUS_TRANSITION,IST-0133,P-COMP-091,RESOLVED,2026-09-25T23:59:59-06:00,2026-09-26T08:00:00-06:00,2026-06-29T00:00:00-06:00,,1,,false,ACTIVE,EA,,VALID,CURRENT,coolit-synthetic-v2.0.0,ALL_SYNTHETIC_CUSTOMERS,ALL_SYNTHETIC_PROGRAMS,P-COMP-091,SYNTHETIC_INTERNAL,SNP-COOLIT-20260925-BL,SCN-BASELINE,IST-0133,P-COMP-091,LOT-P-COMP-091-1,RECEIVING,AVAILABLE,WH-MAIN-RECEIVING-B01,WH-MAIN-STORAGE-B01,20,RECEIPT_ACCEPTANCE,Warehouse Lead,2026-08-23T13:51:00-06:00,ELIGIBLE
TEN-COOLIT-SYN-001,SITE-COOLIT-SYN-01,WMS,INVENTORY_STATUS_TRANSITION,IST-0134,P-COMP-092,RESOLVED,2026-09-25T23:59:59-06:00,2026-09-26T08:00:00-06:00,2026-06-29T00:00:00-06:00,,1,,false,ACTIVE,EA,,VALID,CURRENT,coolit-synthetic-v2.0.0,ALL_SYNTHETIC_CUSTOMERS,ALL_SYNTHETIC_PROGRAMS,P-COMP-092,SYNTHETIC_INTERNAL,SNP-COOLIT-20260925-BL,SCN-BASELINE,IST-0134,P-COMP-092,LOT-P-COMP-092-1,RECEIVING,AVAILABLE,WH-MAIN-RECEIVING-B01,WH-MAIN-STORAGE-B01,20,RECEIPT_ACCEPTANCE,Warehouse Lead,2026-08-22T13:58:00-06:00,ELIGIBLE
TEN-COOLIT-SYN-001,SITE-COOLIT-SYN-01,WMS,INVENTORY_STATUS_TRANSITION,IST-0135,P-COMP-093,RESOLVED,2026-09-25T23:59:59-06:00,2026-09-26T08:00:00-06:00,2026-06-29T00:00:00-06:00,,1,,false,ACTIVE,EA,,VALID,CURRENT,coolit-synthetic-v2.0.0,ALL_SYNTHETIC_CUSTOMERS,ALL_SYNTHETIC_PROGRAMS,P-COMP-093,SYNTHETIC_INTERNAL,SNP-COOLIT-20260925-BL,SCN-BASELINE,IST-0135,P-COMP-093,LOT-P-COMP-093-1,RECEIVING,AVAILABLE,WH-MAIN-RECEIVING-B01,WH-MAIN-STORAGE-B01,20,RECEIPT_ACCEPTANCE,Warehouse Lead,2026-08-21T13:05:00-06:00,ELIGIBLE
TEN-COOLIT-SYN-001,SITE-COOLIT-SYN-01,WMS,INVENTORY_STATUS_TRANSITION,IST-0136,P-COMP-094,RESOLVED,2026-09-25T23:59:59-06:00,2026-09-26T08:00:00-06:00,2026-06-29T00:00:00-06:00,,1,,false,ACTIVE,EA,,VALID,CURRENT,coolit-synthetic-v2.0.0,ALL_SYNTHETIC_CUSTOMERS,ALL_SYNTHETIC_PROGRAMS,P-COMP-094,SYNTHETIC_INTERNAL,SNP-COOLIT-20260925-BL,SCN-BASELINE,IST-0136,P-COMP-094,LOT-P-COMP-094-1,RECEIVING,AVAILABLE,WH-MAIN-RECEIVING-B01,WH-MAIN-STORAGE-B01,20,RECEIPT_ACCEPTANCE,Warehouse Lead,2026-08-20T13:12:00-06:00,ELIGIBLE
TEN-COOLIT-SYN-001,SITE-COOLIT-SYN-01,WMS,INVENTORY_STATUS_TRANSITION,IST-0137,P-COMP-095,RESOLVED,2026-09-25T23:59:59-06:00,2026-09-26T08:00:00-06:00,2026-06-29T00:00:00-06:00,,1,,false,ACTIVE,EA,,VALID,CURRENT,coolit-synthetic-v2.0.0,ALL_SYNTHETIC_CUSTOMERS,ALL_SYNTHETIC_PROGRAMS,P-COMP-095,SYNTHETIC_INTERNAL,SNP-COOLIT-20260925-BL,SCN-BASELINE,IST-0137,P-COMP-095,LOT-P-COMP-095-1,RECEIVING,AVAILABLE,WH-MAIN-RECEIVING-B01,WH-MAIN-STORAGE-B01,20,RECEIPT_ACCEPTANCE,Warehouse Lead,2026-08-19T13:19:00-06:00,ELIGIBLE
TEN-COOLIT-SYN-001,SITE-COOLIT-SYN-01,WMS,INVENTORY_STATUS_TRANSITION,IST-0138,P-COMP-096,RESOLVED,2026-09-25T23:59:59-06:00,2026-09-26T08:00:00-06:00,2026-06-29T00:00:00-06:00,,1,,false,ACTIVE,EA,,VALID,CURRENT,coolit-synthetic-v2.0.0,ALL_SYNTHETIC_CUSTOMERS,ALL_SYNTHETIC_PROGRAMS,P-COMP-096,SYNTHETIC_INTERNAL,SNP-COOLIT-20260925-BL,SCN-BASELINE,IST-0138,P-COMP-096,LOT-P-COMP-096-1,RECEIVING,AVAILABLE,WH-MAIN-RECEIVING-B01,WH-MAIN-STORAGE-B01,20,RECEIPT_ACCEPTANCE,Warehouse Lead,2026-08-18T13:26:00-06:00,ELIGIBLE
TEN-COOLIT-SYN-001,SITE-COOLIT-SYN-01,WMS,INVENTORY_STATUS_TRANSITION,IST-0139,P-COMP-097,RESOLVED,2026-09-25T23:59:59-06:00,2026-09-26T08:00:00-06:00,2026-06-29T00:00:00-06:00,,1,,false,ACTIVE,EA,,VALID,CURRENT,coolit-synthetic-v2.0.0,ALL_SYNTHETIC_CUSTOMERS,ALL_SYNTHETIC_PROGRAMS,P-COMP-097,SYNTHETIC_INTERNAL,SNP-COOLIT-20260925-BL,SCN-BASELINE,IST-0139,P-COMP-097,LOT-P-COMP-097-1,HOLD,AVAILABLE,WH-QA-QUARANTINE-B01,WH-MAIN-STORAGE-B01,20,QUALITY_RELEASE,Quality Manager,2026-08-17T13:33:00-06:00,ELIGIBLE
TEN-COOLIT-SYN-001,SITE-COOLIT-SYN-01,WMS,INVENTORY_STATUS_TRANSITION,IST-0140,P-COMP-098,RESOLVED,2026-09-25T23:59:59-06:00,2026-09-26T08:00:00-06:00,2026-06-29T00:00:00-06:00,,1,,false,ACTIVE,EA,,VALID,CURRENT,coolit-synthetic-v2.0.0,ALL_SYNTHETIC_CUSTOMERS,ALL_SYNTHETIC_PROGRAMS,P-COMP-098,SYNTHETIC_INTERNAL,SNP-COOLIT-20260925-BL,SCN-BASELINE,IST-0140,P-COMP-098,LOT-P-COMP-098-1,RECEIVING,AVAILABLE,WH-MAIN-RECEIVING-B01,WH-MAIN-STORAGE-B01,20,RECEIPT_ACCEPTANCE,Warehouse Lead,2026-08-16T13:40:00-06:00,ELIGIBLE
TEN-COOLIT-SYN-001,SITE-COOLIT-SYN-01,WMS,INVENTORY_STATUS_TRANSITION,IST-0141,P-COMP-099,RESOLVED,2026-09-25T23:59:59-06:00,2026-09-26T08:00:00-06:00,2026-06-29T00:00:00-06:00,,1,,false,ACTIVE,EA,,VALID,CURRENT,coolit-synthetic-v2.0.0,ALL_SYNTHETIC_CUSTOMERS,ALL_SYNTHETIC_PROGRAMS,P-COMP-099,SYNTHETIC_INTERNAL,SNP-COOLIT-20260925-BL,SCN-BASELINE,IST-0141,P-COMP-099,LOT-P-COMP-099-1,RECEIVING,AVAILABLE,WH-MAIN-RECEIVING-B01,WH-MAIN-STORAGE-B01,20,RECEIPT_ACCEPTANCE,Warehouse Lead,2026-08-15T13:47:00-06:00,ELIGIBLE
TEN-COOLIT-SYN-001,SITE-COOLIT-SYN-01,WMS,INVENTORY_STATUS_TRANSITION,IST-0142,P-COMP-100,RESOLVED,2026-09-25T23:59:59-06:00,2026-09-26T08:00:00-06:00,2026-06-29T00:00:00-06:00,,1,,false,ACTIVE,EA,,VALID,CURRENT,coolit-synthetic-v2.0.0,ALL_SYNTHETIC_CUSTOMERS,ALL_SYNTHETIC_PROGRAMS,P-COMP-100,SYNTHETIC_INTERNAL,SNP-COOLIT-20260925-BL,SCN-BASELINE,IST-0142,P-COMP-100,LOT-P-COMP-100-1,RECEIVING,AVAILABLE,WH-MAIN-RECEIVING-B01,WH-MAIN-STORAGE-B01,20,RECEIPT_ACCEPTANCE,Warehouse Lead,2026-08-14T13:54:00-06:00,ELIGIBLE
TEN-COOLIT-SYN-001,SITE-COOLIT-SYN-01,WMS,INVENTORY_STATUS_TRANSITION,IST-0143,P-COMP-101,RESOLVED,2026-09-25T23:59:59-06:00,2026-09-26T08:00:00-06:00,2026-06-29T00:00:00-06:00,,1,,false,ACTIVE,EA,,VALID,CURRENT,coolit-synthetic-v2.0.0,ALL_SYNTHETIC_CUSTOMERS,ALL_SYNTHETIC_PROGRAMS,P-COMP-101,SYNTHETIC_INTERNAL,SNP-COOLIT-20260925-BL,SCN-BASELINE,IST-0143,P-COMP-101,LOT-P-COMP-101-1,RECEIVING,AVAILABLE,WH-MAIN-RECEIVING-B01,WH-MAIN-STORAGE-B01,20,RECEIPT_ACCEPTANCE,Warehouse Lead,2026-08-13T13:01:00-06:00,ELIGIBLE
TEN-COOLIT-SYN-001,SITE-COOLIT-SYN-01,WMS,INVENTORY_STATUS_TRANSITION,IST-0144,P-COMP-102,RESOLVED,2026-09-25T23:59:59-06:00,2026-09-26T08:00:00-06:00,2026-06-29T00:00:00-06:00,,1,,false,ACTIVE,EA,,VALID,CURRENT,coolit-synthetic-v2.0.0,ALL_SYNTHETIC_CUSTOMERS,ALL_SYNTHETIC_PROGRAMS,P-COMP-102,SYNTHETIC_INTERNAL,SNP-COOLIT-20260925-BL,SCN-BASELINE,IST-0144,P-COMP-102,LOT-P-COMP-102-1,RECEIVING,AVAILABLE,WH-MAIN-RECEIVING-B01,WH-MAIN-STORAGE-B01,20,RECEIPT_ACCEPTANCE,Warehouse Lead,2026-08-12T13:08:00-06:00,ELIGIBLE
TEN-COOLIT-SYN-001,SITE-COOLIT-SYN-01,WMS,INVENTORY_STATUS_TRANSITION,IST-0145,P-COMP-103,RESOLVED,2026-09-25T23:59:59-06:00,2026-09-26T08:00:00-06:00,2026-06-29T00:00:00-06:00,,1,,false,ACTIVE,EA,,VALID,CURRENT,coolit-synthetic-v2.0.0,ALL_SYNTHETIC_CUSTOMERS,ALL_SYNTHETIC_PROGRAMS,P-COMP-103,SYNTHETIC_INTERNAL,SNP-COOLIT-20260925-BL,SCN-BASELINE,IST-0145,P-COMP-103,LOT-P-COMP-103-1,RECEIVING,AVAILABLE,WH-MAIN-RECEIVING-B01,WH-MAIN-STORAGE-B01,20,RECEIPT_ACCEPTANCE,Warehouse Lead,2026-08-11T13:15:00-06:00,ELIGIBLE
TEN-COOLIT-SYN-001,SITE-COOLIT-SYN-01,WMS,INVENTORY_STATUS_TRANSITION,IST-0146,P-COMP-104,RESOLVED,2026-09-25T23:59:59-06:00,2026-09-26T08:00:00-06:00,2026-06-29T00:00:00-06:00,,1,,false,ACTIVE,EA,,VALID,CURRENT,coolit-synthetic-v2.0.0,ALL_SYNTHETIC_CUSTOMERS,ALL_SYNTHETIC_PROGRAMS,P-COMP-104,SYNTHETIC_INTERNAL,SNP-COOLIT-20260925-BL,SCN-BASELINE,IST-0146,P-COMP-104,LOT-P-COMP-104-1,RECEIVING,AVAILABLE,WH-MAIN-RECEIVING-B01,WH-MAIN-STORAGE-B01,20,RECEIPT_ACCEPTANCE,Warehouse Lead,2026-08-10T13:22:00-06:00,ELIGIBLE
TEN-COOLIT-SYN-001,SITE-COOLIT-SYN-01,WMS,INVENTORY_STATUS_TRANSITION,IST-0147,P-COMP-105,RESOLVED,2026-09-25T23:59:59-06:00,2026-09-26T08:00:00-06:00,2026-06-29T00:00:00-06:00,,1,,false,ACTIVE,EA,,VALID,CURRENT,coolit-synthetic-v2.0.0,ALL_SYNTHETIC_CUSTOMERS,ALL_SYNTHETIC_PROGRAMS,P-COMP-105,SYNTHETIC_INTERNAL,SNP-COOLIT-20260925-BL,SCN-BASELINE,IST-0147,P-COMP-105,LOT-P-COMP-105-1,RECEIVING,AVAILABLE,WH-MAIN-RECEIVING-B01,WH-MAIN-STORAGE-B01,20,RECEIPT_ACCEPTANCE,Warehouse Lead,2026-08-09T13:29:00-06:00,ELIGIBLE
TEN-COOLIT-SYN-001,SITE-COOLIT-SYN-01,WMS,INVENTORY_STATUS_TRANSITION,IST-0148,P-COMP-106,RESOLVED,2026-09-25T23:59:59-06:00,2026-09-26T08:00:00-06:00,2026-06-29T00:00:00-06:00,,1,,false,ACTIVE,EA,,VALID,CURRENT,coolit-synthetic-v2.0.0,ALL_SYNTHETIC_CUSTOMERS,ALL_SYNTHETIC_PROGRAMS,P-COMP-106,SYNTHETIC_INTERNAL,SNP-COOLIT-20260925-BL,SCN-BASELINE,IST-0148,P-COMP-106,LOT-P-COMP-106-1,RECEIVING,AVAILABLE,WH-MAIN-RECEIVING-B01,WH-MAIN-STORAGE-B01,20,RECEIPT_ACCEPTANCE,Warehouse Lead,2026-08-08T13:36:00-06:00,ELIGIBLE
TEN-COOLIT-SYN-001,SITE-COOLIT-SYN-01,WMS,INVENTORY_STATUS_TRANSITION,IST-0149,P-COMP-107,RESOLVED,2026-09-25T23:59:59-06:00,2026-09-26T08:00:00-06:00,2026-06-29T00:00:00-06:00,,1,,false,ACTIVE,EA,,VALID,CURRENT,coolit-synthetic-v2.0.0,ALL_SYNTHETIC_CUSTOMERS,ALL_SYNTHETIC_PROGRAMS,P-COMP-107,SYNTHETIC_INTERNAL,SNP-COOLIT-20260925-BL,SCN-BASELINE,IST-0149,P-COMP-107,LOT-P-COMP-107-1,RECEIVING,AVAILABLE,WH-MAIN-RECEIVING-B01,WH-MAIN-STORAGE-B01,20,RECEIPT_ACCEPTANCE,Warehouse Lead,2026-08-07T13:43:00-06:00,ELIGIBLE
TEN-COOLIT-SYN-001,SITE-COOLIT-SYN-01,WMS,INVENTORY_STATUS_TRANSITION,IST-0150,P-COMP-108,RESOLVED,2026-09-25T23:59:59-06:00,2026-09-26T08:00:00-06:00,2026-06-29T00:00:00-06:00,,1,,false,ACTIVE,EA,,VALID,CURRENT,coolit-synthetic-v2.0.0,ALL_SYNTHETIC_CUSTOMERS,ALL_SYNTHETIC_PROGRAMS,P-COMP-108,SYNTHETIC_INTERNAL,SNP-COOLIT-20260925-BL,SCN-BASELINE,IST-0150,P-COMP-108,LOT-P-COMP-108-1,RECEIVING,AVAILABLE,WH-MAIN-RECEIVING-B01,WH-MAIN-STORAGE-B01,20,RECEIPT_ACCEPTANCE,Warehouse Lead,2026-08-06T13:50:00-06:00,ELIGIBLE
TEN-COOLIT-SYN-001,SITE-COOLIT-SYN-01,WMS,INVENTORY_STATUS_TRANSITION,IST-0151,P-COMP-109,RESOLVED,2026-09-25T23:59:59-06:00,2026-09-26T08:00:00-06:00,2026-06-29T00:00:00-06:00,,1,,false,ACTIVE,EA,,VALID,CURRENT,coolit-synthetic-v2.0.0,ALL_SYNTHETIC_CUSTOMERS,ALL_SYNTHETIC_PROGRAMS,P-COMP-109,SYNTHETIC_INTERNAL,SNP-COOLIT-20260925-BL,SCN-BASELINE,IST-0151,P-COMP-109,LOT-P-COMP-109-1,RECEIVING,AVAILABLE,WH-MAIN-RECEIVING-B01,WH-MAIN-STORAGE-B01,20,RECEIPT_ACCEPTANCE,Warehouse Lead,2026-09-24T13:07:00-06:00,ELIGIBLE
TEN-COOLIT-SYN-001,SITE-COOLIT-SYN-01,WMS,INVENTORY_STATUS_TRANSITION,IST-0152,P-COMP-110,RESOLVED,2026-09-25T23:59:59-06:00,2026-09-26T08:00:00-06:00,2026-06-29T00:00:00-06:00,,1,,false,ACTIVE,EA,,VALID,CURRENT,coolit-synthetic-v2.0.0,ALL_SYNTHETIC_CUSTOMERS,ALL_SYNTHETIC_PROGRAMS,P-COMP-110,SYNTHETIC_INTERNAL,SNP-COOLIT-20260925-BL,SCN-BASELINE,IST-0152,P-COMP-110,LOT-P-COMP-110-1,RECEIVING,AVAILABLE,WH-MAIN-RECEIVING-B01,WH-MAIN-STORAGE-B01,20,RECEIPT_ACCEPTANCE,Warehouse Lead,2026-09-23T13:14:00-06:00,ELIGIBLE
TEN-COOLIT-SYN-001,SITE-COOLIT-SYN-01,WMS,INVENTORY_STATUS_TRANSITION,IST-0153,P-COMP-111,RESOLVED,2026-09-25T23:59:59-06:00,2026-09-26T08:00:00-06:00,2026-06-29T00:00:00-06:00,,1,,false,ACTIVE,EA,,VALID,CURRENT,coolit-synthetic-v2.0.0,ALL_SYNTHETIC_CUSTOMERS,ALL_SYNTHETIC_PROGRAMS,P-COMP-111,SYNTHETIC_INTERNAL,SNP-COOLIT-20260925-BL,SCN-BASELINE,IST-0153,P-COMP-111,LOT-P-COMP-111-1,RECEIVING,AVAILABLE,WH-MAIN-RECEIVING-B01,WH-MAIN-STORAGE-B01,20,RECEIPT_ACCEPTANCE,Warehouse Lead,2026-09-22T13:21:00-06:00,ELIGIBLE
TEN-COOLIT-SYN-001,SITE-COOLIT-SYN-01,WMS,INVENTORY_STATUS_TRANSITION,IST-0154,P-COMP-112,RESOLVED,2026-09-25T23:59:59-06:00,2026-09-26T08:00:00-06:00,2026-06-29T00:00:00-06:00,,1,,false,ACTIVE,EA,,VALID,CURRENT,coolit-synthetic-v2.0.0,ALL_SYNTHETIC_CUSTOMERS,ALL_SYNTHETIC_PROGRAMS,P-COMP-112,SYNTHETIC_INTERNAL,SNP-COOLIT-20260925-BL,SCN-BASELINE,IST-0154,P-COMP-112,LOT-P-COMP-112-1,RECEIVING,AVAILABLE,WH-MAIN-RECEIVING-B01,WH-MAIN-STORAGE-B01,20,RECEIPT_ACCEPTANCE,Warehouse Lead,2026-09-21T13:28:00-06:00,ELIGIBLE
TEN-COOLIT-SYN-001,SITE-COOLIT-SYN-01,WMS,INVENTORY_STATUS_TRANSITION,IST-0155,P-COMP-113,RESOLVED,2026-09-25T23:59:59-06:00,2026-09-26T08:00:00-06:00,2026-06-29T00:00:00-06:00,,1,,false,ACTIVE,EA,,VALID,CURRENT,coolit-synthetic-v2.0.0,ALL_SYNTHETIC_CUSTOMERS,ALL_SYNTHETIC_PROGRAMS,P-COMP-113,SYNTHETIC_INTERNAL,SNP-COOLIT-20260925-BL,SCN-BASELINE,IST-0155,P-COMP-113,LOT-P-COMP-113-1,RECEIVING,AVAILABLE,WH-MAIN-RECEIVING-B01,WH-MAIN-STORAGE-B01,20,RECEIPT_ACCEPTANCE,Warehouse Lead,2026-09-20T13:35:00-06:00,ELIGIBLE
TEN-COOLIT-SYN-001,SITE-COOLIT-SYN-01,WMS,INVENTORY_STATUS_TRANSITION,IST-0156,P-COMP-114,RESOLVED,2026-09-25T23:59:59-06:00,2026-09-26T08:00:00-06:00,2026-06-29T00:00:00-06:00,,1,,false,ACTIVE,EA,,VALID,CURRENT,coolit-synthetic-v2.0.0,ALL_SYNTHETIC_CUSTOMERS,ALL_SYNTHETIC_PROGRAMS,P-COMP-114,SYNTHETIC_INTERNAL,SNP-COOLIT-20260925-BL,SCN-BASELINE,IST-0156,P-COMP-114,LOT-P-COMP-114-1,RECEIVING,AVAILABLE,WH-MAIN-RECEIVING-B01,WH-MAIN-STORAGE-B01,20,RECEIPT_ACCEPTANCE,Warehouse Lead,2026-09-19T13:42:00-06:00,ELIGIBLE
TEN-COOLIT-SYN-001,SITE-COOLIT-SYN-01,WMS,INVENTORY_STATUS_TRANSITION,IST-0157,P-COMP-115,RESOLVED,2026-09-25T23:59:59-06:00,2026-09-26T08:00:00-06:00,2026-06-29T00:00:00-06:00,,1,,false,ACTIVE,EA,,VALID,CURRENT,coolit-synthetic-v2.0.0,ALL_SYNTHETIC_CUSTOMERS,ALL_SYNTHETIC_PROGRAMS,P-COMP-115,SYNTHETIC_INTERNAL,SNP-COOLIT-20260925-BL,SCN-BASELINE,IST-0157,P-COMP-115,LOT-P-COMP-115-1,RECEIVING,AVAILABLE,WH-MAIN-RECEIVING-B01,WH-MAIN-STORAGE-B01,20,RECEIPT_ACCEPTANCE,Warehouse Lead,2026-09-18T13:49:00-06:00,ELIGIBLE
TEN-COOLIT-SYN-001,SITE-COOLIT-SYN-01,WMS,INVENTORY_STATUS_TRANSITION,IST-0158,P-COMP-116,RESOLVED,2026-09-25T23:59:59-06:00,2026-09-26T08:00:00-06:00,2026-06-29T00:00:00-06:00,,1,,false,ACTIVE,EA,,VALID,CURRENT,coolit-synthetic-v2.0.0,ALL_SYNTHETIC_CUSTOMERS,ALL_SYNTHETIC_PROGRAMS,P-COMP-116,SYNTHETIC_INTERNAL,SNP-COOLIT-20260925-BL,SCN-BASELINE,IST-0158,P-COMP-116,LOT-P-COMP-116-1,RECEIVING,AVAILABLE,WH-MAIN-RECEIVING-B01,WH-MAIN-STORAGE-B01,20,RECEIPT_ACCEPTANCE,Warehouse Lead,2026-09-17T13:56:00-06:00,ELIGIBLE
TEN-COOLIT-SYN-001,SITE-COOLIT-SYN-01,WMS,INVENTORY_STATUS_TRANSITION,IST-0159,P-COMP-117,RESOLVED,2026-09-25T23:59:59-06:00,2026-09-26T08:00:00-06:00,2026-06-29T00:00:00-06:00,,1,,false,ACTIVE,EA,,VALID,CURRENT,coolit-synthetic-v2.0.0,ALL_SYNTHETIC_CUSTOMERS,ALL_SYNTHETIC_PROGRAMS,P-COMP-117,SYNTHETIC_INTERNAL,SNP-COOLIT-20260925-BL,SCN-BASELINE,IST-0159,P-COMP-117,LOT-P-COMP-117-1,RECEIVING,AVAILABLE,WH-MAIN-RECEIVING-B01,WH-MAIN-STORAGE-B01,20,RECEIPT_ACCEPTANCE,Warehouse Lead,2026-09-16T13:03:00-06:00,ELIGIBLE
TEN-COOLIT-SYN-001,SITE-COOLIT-SYN-01,WMS,INVENTORY_STATUS_TRANSITION,IST-0160,P-COMP-118,RESOLVED,2026-09-25T23:59:59-06:00,2026-09-26T08:00:00-06:00,2026-06-29T00:00:00-06:00,,1,,false,ACTIVE,EA,,VALID,CURRENT,coolit-synthetic-v2.0.0,ALL_SYNTHETIC_CUSTOMERS,ALL_SYNTHETIC_PROGRAMS,P-COMP-118,SYNTHETIC_INTERNAL,SNP-COOLIT-20260925-BL,SCN-BASELINE,IST-0160,P-COMP-118,LOT-P-COMP-118-1,RECEIVING,AVAILABLE,WH-MAIN-RECEIVING-B01,WH-MAIN-STORAGE-B01,20,RECEIPT_ACCEPTANCE,Warehouse Lead,2026-09-15T13:10:00-06:00,ELIGIBLE
TEN-COOLIT-SYN-001,SITE-COOLIT-SYN-01,WMS,INVENTORY_STATUS_TRANSITION,IST-0161,P-COMP-119,RESOLVED,2026-09-25T23:59:59-06:00,2026-09-26T08:00:00-06:00,2026-06-29T00:00:00-06:00,,1,,false,ACTIVE,EA,,VALID,CURRENT,coolit-synthetic-v2.0.0,ALL_SYNTHETIC_CUSTOMERS,ALL_SYNTHETIC_PROGRAMS,P-COMP-119,SYNTHETIC_INTERNAL,SNP-COOLIT-20260925-BL,SCN-BASELINE,IST-0161,P-COMP-119,LOT-P-COMP-119-1,RECEIVING,AVAILABLE,WH-MAIN-RECEIVING-B01,WH-MAIN-STORAGE-B01,20,RECEIPT_ACCEPTANCE,Warehouse Lead,2026-09-14T13:17:00-06:00,ELIGIBLE
TEN-COOLIT-SYN-001,SITE-COOLIT-SYN-01,WMS,INVENTORY_STATUS_TRANSITION,IST-0162,P-COMP-120,RESOLVED,2026-09-25T23:59:59-06:00,2026-09-26T08:00:00-06:00,2026-06-29T00:00:00-06:00,,1,,false,ACTIVE,EA,,VALID,CURRENT,coolit-synthetic-v2.0.0,ALL_SYNTHETIC_CUSTOMERS,ALL_SYNTHETIC_PROGRAMS,P-COMP-120,SYNTHETIC_INTERNAL,SNP-COOLIT-20260925-BL,SCN-BASELINE,IST-0162,P-COMP-120,LOT-P-COMP-120-1,HOLD,AVAILABLE,WH-QA-QUARANTINE-B01,WH-MAIN-STORAGE-B01,20,QUALITY_RELEASE,Quality Manager,2026-09-13T13:24:00-06:00,ELIGIBLE
TEN-COOLIT-SYN-001,SITE-COOLIT-SYN-01,WMS,INVENTORY_STATUS_TRANSITION,IST-0163,P-COMP-121,RESOLVED,2026-09-25T23:59:59-06:00,2026-09-26T08:00:00-06:00,2026-06-29T00:00:00-06:00,,1,,false,ACTIVE,EA,,VALID,CURRENT,coolit-synthetic-v2.0.0,ALL_SYNTHETIC_CUSTOMERS,ALL_SYNTHETIC_PROGRAMS,P-COMP-121,SYNTHETIC_INTERNAL,SNP-COOLIT-20260925-BL,SCN-BASELINE,IST-0163,P-COMP-121,LOT-P-COMP-121-1,RECEIVING,AVAILABLE,WH-MAIN-RECEIVING-B01,WH-MAIN-STORAGE-B01,20,RECEIPT_ACCEPTANCE,Warehouse Lead,2026-09-12T13:31:00-06:00,ELIGIBLE
TEN-COOLIT-SYN-001,SITE-COOLIT-SYN-01,WMS,INVENTORY_STATUS_TRANSITION,IST-0164,P-COMP-122,RESOLVED,2026-09-25T23:59:59-06:00,2026-09-26T08:00:00-06:00,2026-06-29T00:00:00-06:00,,1,,false,ACTIVE,EA,,VALID,CURRENT,coolit-synthetic-v2.0.0,ALL_SYNTHETIC_CUSTOMERS,ALL_SYNTHETIC_PROGRAMS,P-COMP-122,SYNTHETIC_INTERNAL,SNP-COOLIT-20260925-BL,SCN-BASELINE,IST-0164,P-COMP-122,LOT-P-COMP-122-1,RECEIVING,AVAILABLE,WH-MAIN-RECEIVING-B01,WH-MAIN-STORAGE-B01,20,RECEIPT_ACCEPTANCE,Warehouse Lead,2026-09-11T13:38:00-06:00,ELIGIBLE
TEN-COOLIT-SYN-001,SITE-COOLIT-SYN-01,WMS,INVENTORY_STATUS_TRANSITION,IST-0165,P-COMP-123,RESOLVED,2026-09-25T23:59:59-06:00,2026-09-26T08:00:00-06:00,2026-06-29T00:00:00-06:00,,1,,false,ACTIVE,EA,,VALID,CURRENT,coolit-synthetic-v2.0.0,ALL_SYNTHETIC_CUSTOMERS,ALL_SYNTHETIC_PROGRAMS,P-COMP-123,SYNTHETIC_INTERNAL,SNP-COOLIT-20260925-BL,SCN-BASELINE,IST-0165,P-COMP-123,LOT-P-COMP-123-1,RECEIVING,AVAILABLE,WH-MAIN-RECEIVING-B01,WH-MAIN-STORAGE-B01,20,RECEIPT_ACCEPTANCE,Warehouse Lead,2026-09-10T13:45:00-06:00,ELIGIBLE
TEN-COOLIT-SYN-001,SITE-COOLIT-SYN-01,WMS,INVENTORY_STATUS_TRANSITION,IST-0166,P-COMP-124,RESOLVED,2026-09-25T23:59:59-06:00,2026-09-26T08:00:00-06:00,2026-06-29T00:00:00-06:00,,1,,false,ACTIVE,EA,,VALID,CURRENT,coolit-synthetic-v2.0.0,ALL_SYNTHETIC_CUSTOMERS,ALL_SYNTHETIC_PROGRAMS,P-COMP-124,SYNTHETIC_INTERNAL,SNP-COOLIT-20260925-BL,SCN-BASELINE,IST-0166,P-COMP-124,LOT-P-COMP-124-1,RECEIVING,AVAILABLE,WH-MAIN-RECEIVING-B01,WH-MAIN-STORAGE-B01,20,RECEIPT_ACCEPTANCE,Warehouse Lead,2026-09-09T13:52:00-06:00,ELIGIBLE
TEN-COOLIT-SYN-001,SITE-COOLIT-SYN-01,WMS,INVENTORY_STATUS_TRANSITION,IST-0167,P-COMP-125,RESOLVED,2026-09-25T23:59:59-06:00,2026-09-26T08:00:00-06:00,2026-06-29T00:00:00-06:00,,1,,false,ACTIVE,EA,,VALID,CURRENT,coolit-synthetic-v2.0.0,ALL_SYNTHETIC_CUSTOMERS,ALL_SYNTHETIC_PROGRAMS,P-COMP-125,SYNTHETIC_INTERNAL,SNP-COOLIT-20260925-BL,SCN-BASELINE,IST-0167,P-COMP-125,LOT-P-COMP-125-1,RECEIVING,AVAILABLE,WH-MAIN-RECEIVING-B01,WH-MAIN-STORAGE-B01,20,RECEIPT_ACCEPTANCE,Warehouse Lead,2026-09-08T13:59:00-06:00,ELIGIBLE
TEN-COOLIT-SYN-001,SITE-COOLIT-SYN-01,WMS,INVENTORY_STATUS_TRANSITION,IST-0168,P-COMP-126,RESOLVED,2026-09-25T23:59:59-06:00,2026-09-26T08:00:00-06:00,2026-06-29T00:00:00-06:00,,1,,false,ACTIVE,EA,,VALID,CURRENT,coolit-synthetic-v2.0.0,ALL_SYNTHETIC_CUSTOMERS,ALL_SYNTHETIC_PROGRAMS,P-COMP-126,SYNTHETIC_INTERNAL,SNP-COOLIT-20260925-BL,SCN-BASELINE,IST-0168,P-COMP-126,LOT-P-COMP-126-1,RECEIVING,AVAILABLE,WH-MAIN-RECEIVING-B01,WH-MAIN-STORAGE-B01,20,RECEIPT_ACCEPTANCE,Warehouse Lead,2026-09-07T13:06:00-06:00,ELIGIBLE
TEN-COOLIT-SYN-001,SITE-COOLIT-SYN-01,WMS,INVENTORY_STATUS_TRANSITION,IST-0169,P-COMP-127,RESOLVED,2026-09-25T23:59:59-06:00,2026-09-26T08:00:00-06:00,2026-06-29T00:00:00-06:00,,1,,false,ACTIVE,EA,,VALID,CURRENT,coolit-synthetic-v2.0.0,ALL_SYNTHETIC_CUSTOMERS,ALL_SYNTHETIC_PROGRAMS,P-COMP-127,SYNTHETIC_INTERNAL,SNP-COOLIT-20260925-BL,SCN-BASELINE,IST-0169,P-COMP-127,LOT-P-COMP-127-1,RECEIVING,AVAILABLE,WH-MAIN-RECEIVING-B01,WH-MAIN-STORAGE-B01,20,RECEIPT_ACCEPTANCE,Warehouse Lead,2026-09-06T13:13:00-06:00,ELIGIBLE
TEN-COOLIT-SYN-001,SITE-COOLIT-SYN-01,WMS,INVENTORY_STATUS_TRANSITION,IST-0170,P-COMP-128,RESOLVED,2026-09-25T23:59:59-06:00,2026-09-26T08:00:00-06:00,2026-06-29T00:00:00-06:00,,1,,false,ACTIVE,EA,,VALID,CURRENT,coolit-synthetic-v2.0.0,ALL_SYNTHETIC_CUSTOMERS,ALL_SYNTHETIC_PROGRAMS,P-COMP-128,SYNTHETIC_INTERNAL,SNP-COOLIT-20260925-BL,SCN-BASELINE,IST-0170,P-COMP-128,LOT-P-COMP-128-1,RECEIVING,AVAILABLE,WH-MAIN-RECEIVING-B01,WH-MAIN-STORAGE-B01,20,RECEIPT_ACCEPTANCE,Warehouse Lead,2026-09-05T13:20:00-06:00,ELIGIBLE
TEN-COOLIT-SYN-001,SITE-COOLIT-SYN-01,WMS,INVENTORY_STATUS_TRANSITION,IST-0171,P-COMP-129,RESOLVED,2026-09-25T23:59:59-06:00,2026-09-26T08:00:00-06:00,2026-06-29T00:00:00-06:00,,1,,false,ACTIVE,EA,,VALID,CURRENT,coolit-synthetic-v2.0.0,ALL_SYNTHETIC_CUSTOMERS,ALL_SYNTHETIC_PROGRAMS,P-COMP-129,SYNTHETIC_INTERNAL,SNP-COOLIT-20260925-BL,SCN-BASELINE,IST-0171,P-COMP-129,LOT-P-COMP-129-1,RECEIVING,AVAILABLE,WH-MAIN-RECEIVING-B01,WH-MAIN-STORAGE-B01,20,RECEIPT_ACCEPTANCE,Warehouse Lead,2026-09-04T13:27:00-06:00,ELIGIBLE
TEN-COOLIT-SYN-001,SITE-COOLIT-SYN-01,WMS,INVENTORY_STATUS_TRANSITION,IST-0172,P-COMP-130,RESOLVED,2026-09-25T23:59:59-06:00,2026-09-26T08:00:00-06:00,2026-06-29T00:00:00-06:00,,1,,false,ACTIVE,EA,,VALID,CURRENT,coolit-synthetic-v2.0.0,ALL_SYNTHETIC_CUSTOMERS,ALL_SYNTHETIC_PROGRAMS,P-COMP-130,SYNTHETIC_INTERNAL,SNP-COOLIT-20260925-BL,SCN-BASELINE,IST-0172,P-COMP-130,LOT-P-COMP-130-1,RECEIVING,AVAILABLE,WH-MAIN-RECEIVING-B01,WH-MAIN-STORAGE-B01,20,RECEIPT_ACCEPTANCE,Warehouse Lead,2026-09-03T13:34:00-06:00,ELIGIBLE
TEN-COOLIT-SYN-001,SITE-COOLIT-SYN-01,WMS,INVENTORY_STATUS_TRANSITION,IST-0173,P-COMP-131,RESOLVED,2026-09-25T23:59:59-06:00,2026-09-26T08:00:00-06:00,2026-06-29T00:00:00-06:00,,1,,false,ACTIVE,EA,,VALID,CURRENT,coolit-synthetic-v2.0.0,ALL_SYNTHETIC_CUSTOMERS,ALL_SYNTHETIC_PROGRAMS,P-COMP-131,SYNTHETIC_INTERNAL,SNP-COOLIT-20260925-BL,SCN-BASELINE,IST-0173,P-COMP-131,LOT-P-COMP-131-1,RECEIVING,AVAILABLE,WH-MAIN-RECEIVING-B01,WH-MAIN-STORAGE-B01,20,RECEIPT_ACCEPTANCE,Warehouse Lead,2026-09-02T13:41:00-06:00,ELIGIBLE
TEN-COOLIT-SYN-001,SITE-COOLIT-SYN-01,WMS,INVENTORY_STATUS_TRANSITION,IST-0174,P-COMP-132,RESOLVED,2026-09-25T23:59:59-06:00,2026-09-26T08:00:00-06:00,2026-06-29T00:00:00-06:00,,1,,false,ACTIVE,EA,,VALID,CURRENT,coolit-synthetic-v2.0.0,ALL_SYNTHETIC_CUSTOMERS,ALL_SYNTHETIC_PROGRAMS,P-COMP-132,SYNTHETIC_INTERNAL,SNP-COOLIT-20260925-BL,SCN-BASELINE,IST-0174,P-COMP-132,LOT-P-COMP-132-1,RECEIVING,AVAILABLE,WH-MAIN-RECEIVING-B01,WH-MAIN-STORAGE-B01,20,RECEIPT_ACCEPTANCE,Warehouse Lead,2026-09-01T13:48:00-06:00,ELIGIBLE
TEN-COOLIT-SYN-001,SITE-COOLIT-SYN-01,WMS,INVENTORY_STATUS_TRANSITION,IST-0175,P-COMP-133,RESOLVED,2026-09-25T23:59:59-06:00,2026-09-26T08:00:00-06:00,2026-06-29T00:00:00-06:00,,1,,false,ACTIVE,EA,,VALID,CURRENT,coolit-synthetic-v2.0.0,ALL_SYNTHETIC_CUSTOMERS,ALL_SYNTHETIC_PROGRAMS,P-COMP-133,SYNTHETIC_INTERNAL,SNP-COOLIT-20260925-BL,SCN-BASELINE,IST-0175,P-COMP-133,LOT-P-COMP-133-1,RECEIVING,AVAILABLE,WH-MAIN-RECEIVING-B01,WH-MAIN-STORAGE-B01,20,RECEIPT_ACCEPTANCE,Warehouse Lead,2026-08-31T13:55:00-06:00,ELIGIBLE
TEN-COOLIT-SYN-001,SITE-COOLIT-SYN-01,WMS,INVENTORY_STATUS_TRANSITION,IST-0176,P-COMP-134,RESOLVED,2026-09-25T23:59:59-06:00,2026-09-26T08:00:00-06:00,2026-06-29T00:00:00-06:00,,1,,false,ACTIVE,EA,,VALID,CURRENT,coolit-synthetic-v2.0.0,ALL_SYNTHETIC_CUSTOMERS,ALL_SYNTHETIC_PROGRAMS,P-COMP-134,SYNTHETIC_INTERNAL,SNP-COOLIT-20260925-BL,SCN-BASELINE,IST-0176,P-COMP-134,LOT-P-COMP-134-1,RECEIVING,AVAILABLE,WH-MAIN-RECEIVING-B01,WH-MAIN-STORAGE-B01,20,RECEIPT_ACCEPTANCE,Warehouse Lead,2026-08-30T13:02:00-06:00,ELIGIBLE
TEN-COOLIT-SYN-001,SITE-COOLIT-SYN-01,WMS,INVENTORY_STATUS_TRANSITION,IST-0177,P-COMP-135,RESOLVED,2026-09-25T23:59:59-06:00,2026-09-26T08:00:00-06:00,2026-06-29T00:00:00-06:00,,1,,false,ACTIVE,EA,,VALID,CURRENT,coolit-synthetic-v2.0.0,ALL_SYNTHETIC_CUSTOMERS,ALL_SYNTHETIC_PROGRAMS,P-COMP-135,SYNTHETIC_INTERNAL,SNP-COOLIT-20260925-BL,SCN-BASELINE,IST-0177,P-COMP-135,LOT-P-COMP-135-1,RECEIVING,AVAILABLE,WH-MAIN-RECEIVING-B01,WH-MAIN-STORAGE-B01,20,RECEIPT_ACCEPTANCE,Warehouse Lead,2026-08-29T13:09:00-06:00,ELIGIBLE
TEN-COOLIT-SYN-001,SITE-COOLIT-SYN-01,WMS,INVENTORY_STATUS_TRANSITION,IST-0178,P-COMP-136,RESOLVED,2026-09-25T23:59:59-06:00,2026-09-26T08:00:00-06:00,2026-06-29T00:00:00-06:00,,1,,false,ACTIVE,EA,,VALID,CURRENT,coolit-synthetic-v2.0.0,ALL_SYNTHETIC_CUSTOMERS,ALL_SYNTHETIC_PROGRAMS,P-COMP-136,SYNTHETIC_INTERNAL,SNP-COOLIT-20260925-BL,SCN-BASELINE,IST-0178,P-COMP-136,LOT-P-COMP-136-1,RECEIVING,AVAILABLE,WH-MAIN-RECEIVING-B01,WH-MAIN-STORAGE-B01,20,RECEIPT_ACCEPTANCE,Warehouse Lead,2026-08-28T13:16:00-06:00,ELIGIBLE
TEN-COOLIT-SYN-001,SITE-COOLIT-SYN-01,WMS,INVENTORY_STATUS_TRANSITION,IST-0179,P-COMP-137,RESOLVED,2026-09-25T23:59:59-06:00,2026-09-26T08:00:00-06:00,2026-06-29T00:00:00-06:00,,1,,false,ACTIVE,EA,,VALID,CURRENT,coolit-synthetic-v2.0.0,ALL_SYNTHETIC_CUSTOMERS,ALL_SYNTHETIC_PROGRAMS,P-COMP-137,SYNTHETIC_INTERNAL,SNP-COOLIT-20260925-BL,SCN-BASELINE,IST-0179,P-COMP-137,LOT-P-COMP-137-1,RECEIVING,AVAILABLE,WH-MAIN-RECEIVING-B01,WH-MAIN-STORAGE-B01,20,RECEIPT_ACCEPTANCE,Warehouse Lead,2026-08-27T13:23:00-06:00,ELIGIBLE
TEN-COOLIT-SYN-001,SITE-COOLIT-SYN-01,WMS,INVENTORY_STATUS_TRANSITION,IST-0180,P-COMP-138,RESOLVED,2026-09-25T23:59:59-06:00,2026-09-26T08:00:00-06:00,2026-06-29T00:00:00-06:00,,1,,false,ACTIVE,EA,,VALID,CURRENT,coolit-synthetic-v2.0.0,ALL_SYNTHETIC_CUSTOMERS,ALL_SYNTHETIC_PROGRAMS,P-COMP-138,SYNTHETIC_INTERNAL,SNP-COOLIT-20260925-BL,SCN-BASELINE,IST-0180,P-COMP-138,LOT-P-COMP-138-1,RECEIVING,AVAILABLE,WH-MAIN-RECEIVING-B01,WH-MAIN-STORAGE-B01,20,RECEIPT_ACCEPTANCE,Warehouse Lead,2026-08-26T13:30:00-06:00,ELIGIBLE
TEN-COOLIT-SYN-001,SITE-COOLIT-SYN-01,WMS,INVENTORY_STATUS_TRANSITION,IST-0181,P-COMP-139,RESOLVED,2026-09-25T23:59:59-06:00,2026-09-26T08:00:00-06:00,2026-06-29T00:00:00-06:00,,1,,false,ACTIVE,EA,,VALID,CURRENT,coolit-synthetic-v2.0.0,ALL_SYNTHETIC_CUSTOMERS,ALL_SYNTHETIC_PROGRAMS,P-COMP-139,SYNTHETIC_INTERNAL,SNP-COOLIT-20260925-BL,SCN-BASELINE,IST-0181,P-COMP-139,LOT-P-COMP-139-1,RECEIVING,AVAILABLE,WH-MAIN-RECEIVING-B01,WH-MAIN-STORAGE-B01,20,RECEIPT_ACCEPTANCE,Warehouse Lead,2026-08-25T13:37:00-06:00,ELIGIBLE
TEN-COOLIT-SYN-001,SITE-COOLIT-SYN-01,WMS,INVENTORY_STATUS_TRANSITION,IST-0182,P-COMP-140,RESOLVED,2026-09-25T23:59:59-06:00,2026-09-26T08:00:00-06:00,2026-06-29T00:00:00-06:00,,1,,false,ACTIVE,EA,,VALID,CURRENT,coolit-synthetic-v2.0.0,ALL_SYNTHETIC_CUSTOMERS,ALL_SYNTHETIC_PROGRAMS,P-COMP-140,SYNTHETIC_INTERNAL,SNP-COOLIT-20260925-BL,SCN-BASELINE,IST-0182,P-COMP-140,LOT-P-COMP-140-1,RECEIVING,AVAILABLE,WH-MAIN-RECEIVING-B01,WH-MAIN-STORAGE-B01,20,RECEIPT_ACCEPTANCE,Warehouse Lead,2026-08-24T13:44:00-06:00,ELIGIBLE
TEN-COOLIT-SYN-001,SITE-COOLIT-SYN-01,WMS,INVENTORY_STATUS_TRANSITION,IST-0183,P-COMP-141,RESOLVED,2026-09-25T23:59:59-06:00,2026-09-26T08:00:00-06:00,2026-06-29T00:00:00-06:00,,1,,false,ACTIVE,EA,,VALID,CURRENT,coolit-synthetic-v2.0.0,ALL_SYNTHETIC_CUSTOMERS,ALL_SYNTHETIC_PROGRAMS,P-COMP-141,SYNTHETIC_INTERNAL,SNP-COOLIT-20260925-BL,SCN-BASELINE,IST-0183,P-COMP-141,LOT-P-COMP-141-1,RECEIVING,AVAILABLE,WH-MAIN-RECEIVING-B01,WH-MAIN-STORAGE-B01,20,RECEIPT_ACCEPTANCE,Warehouse Lead,2026-08-23T13:51:00-06:00,ELIGIBLE
TEN-COOLIT-SYN-001,SITE-COOLIT-SYN-01,WMS,INVENTORY_STATUS_TRANSITION,IST-0184,P-COMP-142,RESOLVED,2026-09-25T23:59:59-06:00,2026-09-26T08:00:00-06:00,2026-06-29T00:00:00-06:00,,1,,false,ACTIVE,EA,,VALID,CURRENT,coolit-synthetic-v2.0.0,ALL_SYNTHETIC_CUSTOMERS,ALL_SYNTHETIC_PROGRAMS,P-COMP-142,SYNTHETIC_INTERNAL,SNP-COOLIT-20260925-BL,SCN-BASELINE,IST-0184,P-COMP-142,LOT-P-COMP-142-1,RECEIVING,AVAILABLE,WH-MAIN-RECEIVING-B01,WH-MAIN-STORAGE-B01,20,RECEIPT_ACCEPTANCE,Warehouse Lead,2026-08-22T13:58:00-06:00,ELIGIBLE
TEN-COOLIT-SYN-001,SITE-COOLIT-SYN-01,WMS,INVENTORY_STATUS_TRANSITION,IST-0185,P-COMP-143,RESOLVED,2026-09-25T23:59:59-06:00,2026-09-26T08:00:00-06:00,2026-06-29T00:00:00-06:00,,1,,false,ACTIVE,EA,,VALID,CURRENT,coolit-synthetic-v2.0.0,ALL_SYNTHETIC_CUSTOMERS,ALL_SYNTHETIC_PROGRAMS,P-COMP-143,SYNTHETIC_INTERNAL,SNP-COOLIT-20260925-BL,SCN-BASELINE,IST-0185,P-COMP-143,LOT-P-COMP-143-1,HOLD,AVAILABLE,WH-QA-QUARANTINE-B01,WH-MAIN-STORAGE-B01,20,QUALITY_RELEASE,Quality Manager,2026-08-21T13:05:00-06:00,ELIGIBLE
TEN-COOLIT-SYN-001,SITE-COOLIT-SYN-01,WMS,INVENTORY_STATUS_TRANSITION,IST-0186,P-COMP-144,RESOLVED,2026-09-25T23:59:59-06:00,2026-09-26T08:00:00-06:00,2026-06-29T00:00:00-06:00,,1,,false,ACTIVE,EA,,VALID,CURRENT,coolit-synthetic-v2.0.0,ALL_SYNTHETIC_CUSTOMERS,ALL_SYNTHETIC_PROGRAMS,P-COMP-144,SYNTHETIC_INTERNAL,SNP-COOLIT-20260925-BL,SCN-BASELINE,IST-0186,P-COMP-144,LOT-P-COMP-144-1,RECEIVING,AVAILABLE,WH-MAIN-RECEIVING-B01,WH-MAIN-STORAGE-B01,20,RECEIPT_ACCEPTANCE,Warehouse Lead,2026-08-20T13:12:00-06:00,ELIGIBLE
TEN-COOLIT-SYN-001,SITE-COOLIT-SYN-01,WMS,INVENTORY_STATUS_TRANSITION,IST-0187,P-COMP-145,RESOLVED,2026-09-25T23:59:59-06:00,2026-09-26T08:00:00-06:00,2026-06-29T00:00:00-06:00,,1,,false,ACTIVE,EA,,VALID,CURRENT,coolit-synthetic-v2.0.0,ALL_SYNTHETIC_CUSTOMERS,ALL_SYNTHETIC_PROGRAMS,P-COMP-145,SYNTHETIC_INTERNAL,SNP-COOLIT-20260925-BL,SCN-BASELINE,IST-0187,P-COMP-145,LOT-P-COMP-145-1,RECEIVING,AVAILABLE,WH-MAIN-RECEIVING-B01,WH-MAIN-STORAGE-B01,20,RECEIPT_ACCEPTANCE,Warehouse Lead,2026-08-19T13:19:00-06:00,ELIGIBLE
TEN-COOLIT-SYN-001,SITE-COOLIT-SYN-01,WMS,INVENTORY_STATUS_TRANSITION,IST-0188,P-COMP-146,RESOLVED,2026-09-25T23:59:59-06:00,2026-09-26T08:00:00-06:00,2026-06-29T00:00:00-06:00,,1,,false,ACTIVE,EA,,VALID,CURRENT,coolit-synthetic-v2.0.0,ALL_SYNTHETIC_CUSTOMERS,ALL_SYNTHETIC_PROGRAMS,P-COMP-146,SYNTHETIC_INTERNAL,SNP-COOLIT-20260925-BL,SCN-BASELINE,IST-0188,P-COMP-146,LOT-P-COMP-146-1,RECEIVING,AVAILABLE,WH-MAIN-RECEIVING-B01,WH-MAIN-STORAGE-B01,20,RECEIPT_ACCEPTANCE,Warehouse Lead,2026-08-18T13:26:00-06:00,ELIGIBLE
TEN-COOLIT-SYN-001,SITE-COOLIT-SYN-01,WMS,INVENTORY_STATUS_TRANSITION,IST-0189,P-COMP-147,RESOLVED,2026-09-25T23:59:59-06:00,2026-09-26T08:00:00-06:00,2026-06-29T00:00:00-06:00,,1,,false,ACTIVE,EA,,VALID,CURRENT,coolit-synthetic-v2.0.0,ALL_SYNTHETIC_CUSTOMERS,ALL_SYNTHETIC_PROGRAMS,P-COMP-147,SYNTHETIC_INTERNAL,SNP-COOLIT-20260925-BL,SCN-BASELINE,IST-0189,P-COMP-147,LOT-P-COMP-147-1,RECEIVING,AVAILABLE,WH-MAIN-RECEIVING-B01,WH-MAIN-STORAGE-B01,20,RECEIPT_ACCEPTANCE,Warehouse Lead,2026-08-17T13:33:00-06:00,ELIGIBLE
TEN-COOLIT-SYN-001,SITE-COOLIT-SYN-01,WMS,INVENTORY_STATUS_TRANSITION,IST-0190,P-COMP-148,RESOLVED,2026-09-25T23:59:59-06:00,2026-09-26T08:00:00-06:00,2026-06-29T00:00:00-06:00,,1,,false,ACTIVE,EA,,VALID,CURRENT,coolit-synthetic-v2.0.0,ALL_SYNTHETIC_CUSTOMERS,ALL_SYNTHETIC_PROGRAMS,P-COMP-148,SYNTHETIC_INTERNAL,SNP-COOLIT-20260925-BL,SCN-BASELINE,IST-0190,P-COMP-148,LOT-P-COMP-148-1,RECEIVING,AVAILABLE,WH-MAIN-RECEIVING-B01,WH-MAIN-STORAGE-B01,20,RECEIPT_ACCEPTANCE,Warehouse Lead,2026-08-16T13:40:00-06:00,ELIGIBLE
TEN-COOLIT-SYN-001,SITE-COOLIT-SYN-01,WMS,INVENTORY_STATUS_TRANSITION,IST-0191,P-COMP-149,RESOLVED,2026-09-25T23:59:59-06:00,2026-09-26T08:00:00-06:00,2026-06-29T00:00:00-06:00,,1,,false,ACTIVE,EA,,VALID,CURRENT,coolit-synthetic-v2.0.0,ALL_SYNTHETIC_CUSTOMERS,ALL_SYNTHETIC_PROGRAMS,P-COMP-149,SYNTHETIC_INTERNAL,SNP-COOLIT-20260925-BL,SCN-BASELINE,IST-0191,P-COMP-149,LOT-P-COMP-149-1,RECEIVING,AVAILABLE,WH-MAIN-RECEIVING-B01,WH-MAIN-STORAGE-B01,20,RECEIPT_ACCEPTANCE,Warehouse Lead,2026-08-15T13:47:00-06:00,ELIGIBLE
TEN-COOLIT-SYN-001,SITE-COOLIT-SYN-01,WMS,INVENTORY_STATUS_TRANSITION,IST-0192,P-COMP-150,RESOLVED,2026-09-25T23:59:59-06:00,2026-09-26T08:00:00-06:00,2026-06-29T00:00:00-06:00,,1,,false,ACTIVE,EA,,VALID,CURRENT,coolit-synthetic-v2.0.0,ALL_SYNTHETIC_CUSTOMERS,ALL_SYNTHETIC_PROGRAMS,P-COMP-150,SYNTHETIC_INTERNAL,SNP-COOLIT-20260925-BL,SCN-BASELINE,IST-0192,P-COMP-150,LOT-P-COMP-150-1,RECEIVING,AVAILABLE,WH-MAIN-RECEIVING-B01,WH-MAIN-STORAGE-B01,20,RECEIPT_ACCEPTANCE,Warehouse Lead,2026-08-14T13:54:00-06:00,ELIGIBLE
TEN-COOLIT-SYN-001,SITE-COOLIT-SYN-01,WMS,INVENTORY_STATUS_TRANSITION,IST-0193,P-COMP-151,RESOLVED,2026-09-25T23:59:59-06:00,2026-09-26T08:00:00-06:00,2026-06-29T00:00:00-06:00,,1,,false,ACTIVE,EA,,VALID,CURRENT,coolit-synthetic-v2.0.0,ALL_SYNTHETIC_CUSTOMERS,ALL_SYNTHETIC_PROGRAMS,P-COMP-151,SYNTHETIC_INTERNAL,SNP-COOLIT-20260925-BL,SCN-BASELINE,IST-0193,P-COMP-151,LOT-P-COMP-151-1,RECEIVING,AVAILABLE,WH-MAIN-RECEIVING-B01,WH-MAIN-STORAGE-B01,20,RECEIPT_ACCEPTANCE,Warehouse Lead,2026-08-13T13:01:00-06:00,ELIGIBLE
TEN-COOLIT-SYN-001,SITE-COOLIT-SYN-01,WMS,INVENTORY_STATUS_TRANSITION,IST-0194,P-COMP-152,RESOLVED,2026-09-25T23:59:59-06:00,2026-09-26T08:00:00-06:00,2026-06-29T00:00:00-06:00,,1,,false,ACTIVE,EA,,VALID,CURRENT,coolit-synthetic-v2.0.0,ALL_SYNTHETIC_CUSTOMERS,ALL_SYNTHETIC_PROGRAMS,P-COMP-152,SYNTHETIC_INTERNAL,SNP-COOLIT-20260925-BL,SCN-BASELINE,IST-0194,P-COMP-152,LOT-P-COMP-152-1,RECEIVING,AVAILABLE,WH-MAIN-RECEIVING-B01,WH-MAIN-STORAGE-B01,20,RECEIPT_ACCEPTANCE,Warehouse Lead,2026-08-12T13:08:00-06:00,ELIGIBLE
TEN-COOLIT-SYN-001,SITE-COOLIT-SYN-01,WMS,INVENTORY_STATUS_TRANSITION,IST-0195,P-COMP-153,RESOLVED,2026-09-25T23:59:59-06:00,2026-09-26T08:00:00-06:00,2026-06-29T00:00:00-06:00,,1,,false,ACTIVE,EA,,VALID,CURRENT,coolit-synthetic-v2.0.0,ALL_SYNTHETIC_CUSTOMERS,ALL_SYNTHETIC_PROGRAMS,P-COMP-153,SYNTHETIC_INTERNAL,SNP-COOLIT-20260925-BL,SCN-BASELINE,IST-0195,P-COMP-153,LOT-P-COMP-153-1,RECEIVING,AVAILABLE,WH-MAIN-RECEIVING-B01,WH-MAIN-STORAGE-B01,20,RECEIPT_ACCEPTANCE,Warehouse Lead,2026-08-11T13:15:00-06:00,ELIGIBLE
TEN-COOLIT-SYN-001,SITE-COOLIT-SYN-01,WMS,INVENTORY_STATUS_TRANSITION,IST-0196,P-COMP-154,RESOLVED,2026-09-25T23:59:59-06:00,2026-09-26T08:00:00-06:00,2026-06-29T00:00:00-06:00,,1,,false,ACTIVE,EA,,VALID,CURRENT,coolit-synthetic-v2.0.0,ALL_SYNTHETIC_CUSTOMERS,ALL_SYNTHETIC_PROGRAMS,P-COMP-154,SYNTHETIC_INTERNAL,SNP-COOLIT-20260925-BL,SCN-BASELINE,IST-0196,P-COMP-154,LOT-P-COMP-154-1,RECEIVING,AVAILABLE,WH-MAIN-RECEIVING-B01,WH-MAIN-STORAGE-B01,20,RECEIPT_ACCEPTANCE,Warehouse Lead,2026-08-10T13:22:00-06:00,ELIGIBLE
TEN-COOLIT-SYN-001,SITE-COOLIT-SYN-01,WMS,INVENTORY_STATUS_TRANSITION,IST-0197,P-COMP-155,RESOLVED,2026-09-25T23:59:59-06:00,2026-09-26T08:00:00-06:00,2026-06-29T00:00:00-06:00,,1,,false,ACTIVE,EA,,VALID,CURRENT,coolit-synthetic-v2.0.0,ALL_SYNTHETIC_CUSTOMERS,ALL_SYNTHETIC_PROGRAMS,P-COMP-155,SYNTHETIC_INTERNAL,SNP-COOLIT-20260925-BL,SCN-BASELINE,IST-0197,P-COMP-155,LOT-P-COMP-155-1,RECEIVING,AVAILABLE,WH-MAIN-RECEIVING-B01,WH-MAIN-STORAGE-B01,20,RECEIPT_ACCEPTANCE,Warehouse Lead,2026-08-09T13:29:00-06:00,ELIGIBLE
TEN-COOLIT-SYN-001,SITE-COOLIT-SYN-01,WMS,INVENTORY_STATUS_TRANSITION,IST-0198,P-COMP-156,RESOLVED,2026-09-25T23:59:59-06:00,2026-09-26T08:00:00-06:00,2026-06-29T00:00:00-06:00,,1,,false,ACTIVE,EA,,VALID,CURRENT,coolit-synthetic-v2.0.0,ALL_SYNTHETIC_CUSTOMERS,ALL_SYNTHETIC_PROGRAMS,P-COMP-156,SYNTHETIC_INTERNAL,SNP-COOLIT-20260925-BL,SCN-BASELINE,IST-0198,P-COMP-156,LOT-P-COMP-156-1,RECEIVING,AVAILABLE,WH-MAIN-RECEIVING-B01,WH-MAIN-STORAGE-B01,20,RECEIPT_ACCEPTANCE,Warehouse Lead,2026-08-08T13:36:00-06:00,ELIGIBLE
TEN-COOLIT-SYN-001,SITE-COOLIT-SYN-01,WMS,INVENTORY_STATUS_TRANSITION,IST-0199,P-COMP-157,RESOLVED,2026-09-25T23:59:59-06:00,2026-09-26T08:00:00-06:00,2026-06-29T00:00:00-06:00,,1,,false,ACTIVE,EA,,VALID,CURRENT,coolit-synthetic-v2.0.0,ALL_SYNTHETIC_CUSTOMERS,ALL_SYNTHETIC_PROGRAMS,P-COMP-157,SYNTHETIC_INTERNAL,SNP-COOLIT-20260925-BL,SCN-BASELINE,IST-0199,P-COMP-157,LOT-P-COMP-157-1,RECEIVING,AVAILABLE,WH-MAIN-RECEIVING-B01,WH-MAIN-STORAGE-B01,20,RECEIPT_ACCEPTANCE,Warehouse Lead,2026-08-07T13:43:00-06:00,ELIGIBLE
TEN-COOLIT-SYN-001,SITE-COOLIT-SYN-01,WMS,INVENTORY_STATUS_TRANSITION,IST-0200,P-COMP-158,RESOLVED,2026-09-25T23:59:59-06:00,2026-09-26T08:00:00-06:00,2026-06-29T00:00:00-06:00,,1,,false,ACTIVE,EA,,VALID,CURRENT,coolit-synthetic-v2.0.0,ALL_SYNTHETIC_CUSTOMERS,ALL_SYNTHETIC_PROGRAMS,P-COMP-158,SYNTHETIC_INTERNAL,SNP-COOLIT-20260925-BL,SCN-BASELINE,IST-0200,P-COMP-158,LOT-P-COMP-158-1,RECEIVING,AVAILABLE,WH-MAIN-RECEIVING-B01,WH-MAIN-STORAGE-B01,20,RECEIPT_ACCEPTANCE,Warehouse Lead,2026-08-06T13:50:00-06:00,ELIGIBLE
TEN-COOLIT-SYN-001,SITE-COOLIT-SYN-01,WMS,INVENTORY_STATUS_TRANSITION,IST-0201,P-COMP-159,RESOLVED,2026-09-25T23:59:59-06:00,2026-09-26T08:00:00-06:00,2026-06-29T00:00:00-06:00,,1,,false,ACTIVE,EA,,VALID,CURRENT,coolit-synthetic-v2.0.0,ALL_SYNTHETIC_CUSTOMERS,ALL_SYNTHETIC_PROGRAMS,P-COMP-159,SYNTHETIC_INTERNAL,SNP-COOLIT-20260925-BL,SCN-BASELINE,IST-0201,P-COMP-159,LOT-P-COMP-159-1,RECEIVING,AVAILABLE,WH-MAIN-RECEIVING-B01,WH-MAIN-STORAGE-B01,20,RECEIPT_ACCEPTANCE,Warehouse Lead,2026-09-24T13:07:00-06:00,ELIGIBLE
TEN-COOLIT-SYN-001,SITE-COOLIT-SYN-01,WMS,INVENTORY_STATUS_TRANSITION,IST-0202,P-COMP-160,RESOLVED,2026-09-25T23:59:59-06:00,2026-09-26T08:00:00-06:00,2026-06-29T00:00:00-06:00,,1,,false,ACTIVE,EA,,VALID,CURRENT,coolit-synthetic-v2.0.0,ALL_SYNTHETIC_CUSTOMERS,ALL_SYNTHETIC_PROGRAMS,P-COMP-160,SYNTHETIC_INTERNAL,SNP-COOLIT-20260925-BL,SCN-BASELINE,IST-0202,P-COMP-160,LOT-P-COMP-160-1,RECEIVING,AVAILABLE,WH-MAIN-RECEIVING-B01,WH-MAIN-STORAGE-B01,20,RECEIPT_ACCEPTANCE,Warehouse Lead,2026-09-23T13:14:00-06:00,ELIGIBLE
TEN-COOLIT-SYN-001,SITE-COOLIT-SYN-01,WMS,INVENTORY_STATUS_TRANSITION,IST-0203,P-COMP-161,RESOLVED,2026-09-25T23:59:59-06:00,2026-09-26T08:00:00-06:00,2026-06-29T00:00:00-06:00,,1,,false,ACTIVE,EA,,VALID,CURRENT,coolit-synthetic-v2.0.0,ALL_SYNTHETIC_CUSTOMERS,ALL_SYNTHETIC_PROGRAMS,P-COMP-161,SYNTHETIC_INTERNAL,SNP-COOLIT-20260925-BL,SCN-BASELINE,IST-0203,P-COMP-161,LOT-P-COMP-161-1,RECEIVING,AVAILABLE,WH-MAIN-RECEIVING-B01,WH-MAIN-STORAGE-B01,20,RECEIPT_ACCEPTANCE,Warehouse Lead,2026-09-22T13:21:00-06:00,ELIGIBLE
TEN-COOLIT-SYN-001,SITE-COOLIT-SYN-01,WMS,INVENTORY_STATUS_TRANSITION,IST-0204,P-COMP-162,RESOLVED,2026-09-25T23:59:59-06:00,2026-09-26T08:00:00-06:00,2026-06-29T00:00:00-06:00,,1,,false,ACTIVE,EA,,VALID,CURRENT,coolit-synthetic-v2.0.0,ALL_SYNTHETIC_CUSTOMERS,ALL_SYNTHETIC_PROGRAMS,P-COMP-162,SYNTHETIC_INTERNAL,SNP-COOLIT-20260925-BL,SCN-BASELINE,IST-0204,P-COMP-162,LOT-P-COMP-162-1,RECEIVING,AVAILABLE,WH-MAIN-RECEIVING-B01,WH-MAIN-STORAGE-B01,20,RECEIPT_ACCEPTANCE,Warehouse Lead,2026-09-21T13:28:00-06:00,ELIGIBLE
TEN-COOLIT-SYN-001,SITE-COOLIT-SYN-01,WMS,INVENTORY_STATUS_TRANSITION,IST-0205,P-COMP-163,RESOLVED,2026-09-25T23:59:59-06:00,2026-09-26T08:00:00-06:00,2026-06-29T00:00:00-06:00,,1,,false,ACTIVE,EA,,VALID,CURRENT,coolit-synthetic-v2.0.0,ALL_SYNTHETIC_CUSTOMERS,ALL_SYNTHETIC_PROGRAMS,P-COMP-163,SYNTHETIC_INTERNAL,SNP-COOLIT-20260925-BL,SCN-BASELINE,IST-0205,P-COMP-163,LOT-P-COMP-163-1,RECEIVING,AVAILABLE,WH-MAIN-RECEIVING-B01,WH-MAIN-STORAGE-B01,20,RECEIPT_ACCEPTANCE,Warehouse Lead,2026-09-20T13:35:00-06:00,ELIGIBLE
TEN-COOLIT-SYN-001,SITE-COOLIT-SYN-01,WMS,INVENTORY_STATUS_TRANSITION,IST-0206,P-COMP-164,RESOLVED,2026-09-25T23:59:59-06:00,2026-09-26T08:00:00-06:00,2026-06-29T00:00:00-06:00,,1,,false,ACTIVE,EA,,VALID,CURRENT,coolit-synthetic-v2.0.0,ALL_SYNTHETIC_CUSTOMERS,ALL_SYNTHETIC_PROGRAMS,P-COMP-164,SYNTHETIC_INTERNAL,SNP-COOLIT-20260925-BL,SCN-BASELINE,IST-0206,P-COMP-164,LOT-P-COMP-164-1,RECEIVING,AVAILABLE,WH-MAIN-RECEIVING-B01,WH-MAIN-STORAGE-B01,20,RECEIPT_ACCEPTANCE,Warehouse Lead,2026-09-19T13:42:00-06:00,ELIGIBLE
TEN-COOLIT-SYN-001,SITE-COOLIT-SYN-01,WMS,INVENTORY_STATUS_TRANSITION,IST-0207,P-COMP-165,RESOLVED,2026-09-25T23:59:59-06:00,2026-09-26T08:00:00-06:00,2026-06-29T00:00:00-06:00,,1,,false,ACTIVE,EA,,VALID,CURRENT,coolit-synthetic-v2.0.0,ALL_SYNTHETIC_CUSTOMERS,ALL_SYNTHETIC_PROGRAMS,P-COMP-165,SYNTHETIC_INTERNAL,SNP-COOLIT-20260925-BL,SCN-BASELINE,IST-0207,P-COMP-165,LOT-P-COMP-165-1,RECEIVING,AVAILABLE,WH-MAIN-RECEIVING-B01,WH-MAIN-STORAGE-B01,20,RECEIPT_ACCEPTANCE,Warehouse Lead,2026-09-18T13:49:00-06:00,ELIGIBLE
TEN-COOLIT-SYN-001,SITE-COOLIT-SYN-01,WMS,INVENTORY_STATUS_TRANSITION,IST-0208,P-COMP-166,RESOLVED,2026-09-25T23:59:59-06:00,2026-09-26T08:00:00-06:00,2026-06-29T00:00:00-06:00,,1,,false,ACTIVE,EA,,VALID,CURRENT,coolit-synthetic-v2.0.0,ALL_SYNTHETIC_CUSTOMERS,ALL_SYNTHETIC_PROGRAMS,P-COMP-166,SYNTHETIC_INTERNAL,SNP-COOLIT-20260925-BL,SCN-BASELINE,IST-0208,P-COMP-166,LOT-P-COMP-166-1,HOLD,AVAILABLE,WH-QA-QUARANTINE-B01,WH-MAIN-STORAGE-B01,20,QUALITY_RELEASE,Quality Manager,2026-09-17T13:56:00-06:00,ELIGIBLE
TEN-COOLIT-SYN-001,SITE-COOLIT-SYN-01,WMS,INVENTORY_STATUS_TRANSITION,IST-0209,P-COMP-167,RESOLVED,2026-09-25T23:59:59-06:00,2026-09-26T08:00:00-06:00,2026-06-29T00:00:00-06:00,,1,,false,ACTIVE,EA,,VALID,CURRENT,coolit-synthetic-v2.0.0,ALL_SYNTHETIC_CUSTOMERS,ALL_SYNTHETIC_PROGRAMS,P-COMP-167,SYNTHETIC_INTERNAL,SNP-COOLIT-20260925-BL,SCN-BASELINE,IST-0209,P-COMP-167,LOT-P-COMP-167-1,RECEIVING,AVAILABLE,WH-MAIN-RECEIVING-B01,WH-MAIN-STORAGE-B01,20,RECEIPT_ACCEPTANCE,Warehouse Lead,2026-09-16T13:03:00-06:00,ELIGIBLE
TEN-COOLIT-SYN-001,SITE-COOLIT-SYN-01,WMS,INVENTORY_STATUS_TRANSITION,IST-0210,P-COMP-168,RESOLVED,2026-09-25T23:59:59-06:00,2026-09-26T08:00:00-06:00,2026-06-29T00:00:00-06:00,,1,,false,ACTIVE,EA,,VALID,CURRENT,coolit-synthetic-v2.0.0,ALL_SYNTHETIC_CUSTOMERS,ALL_SYNTHETIC_PROGRAMS,P-COMP-168,SYNTHETIC_INTERNAL,SNP-COOLIT-20260925-BL,SCN-BASELINE,IST-0210,P-COMP-168,LOT-P-COMP-168-1,RECEIVING,AVAILABLE,WH-MAIN-RECEIVING-B01,WH-MAIN-STORAGE-B01,20,RECEIPT_ACCEPTANCE,Warehouse Lead,2026-09-15T13:10:00-06:00,ELIGIBLE
TEN-COOLIT-SYN-001,SITE-COOLIT-SYN-01,WMS,INVENTORY_STATUS_TRANSITION,IST-0211,P-COMP-169,RESOLVED,2026-09-25T23:59:59-06:00,2026-09-26T08:00:00-06:00,2026-06-29T00:00:00-06:00,,1,,false,ACTIVE,EA,,VALID,CURRENT,coolit-synthetic-v2.0.0,ALL_SYNTHETIC_CUSTOMERS,ALL_SYNTHETIC_PROGRAMS,P-COMP-169,SYNTHETIC_INTERNAL,SNP-COOLIT-20260925-BL,SCN-BASELINE,IST-0211,P-COMP-169,LOT-P-COMP-169-1,RECEIVING,AVAILABLE,WH-MAIN-RECEIVING-B01,WH-MAIN-STORAGE-B01,20,RECEIPT_ACCEPTANCE,Warehouse Lead,2026-09-14T13:17:00-06:00,ELIGIBLE
TEN-COOLIT-SYN-001,SITE-COOLIT-SYN-01,WMS,INVENTORY_STATUS_TRANSITION,IST-0212,P-COMP-170,RESOLVED,2026-09-25T23:59:59-06:00,2026-09-26T08:00:00-06:00,2026-06-29T00:00:00-06:00,,1,,false,ACTIVE,EA,,VALID,CURRENT,coolit-synthetic-v2.0.0,ALL_SYNTHETIC_CUSTOMERS,ALL_SYNTHETIC_PROGRAMS,P-COMP-170,SYNTHETIC_INTERNAL,SNP-COOLIT-20260925-BL,SCN-BASELINE,IST-0212,P-COMP-170,LOT-P-COMP-170-1,RECEIVING,AVAILABLE,WH-MAIN-RECEIVING-B01,WH-MAIN-STORAGE-B01,20,RECEIPT_ACCEPTANCE,Warehouse Lead,2026-09-13T13:24:00-06:00,ELIGIBLE
TEN-COOLIT-SYN-001,SITE-COOLIT-SYN-01,WMS,INVENTORY_STATUS_TRANSITION,IST-0213,P-COMP-171,RESOLVED,2026-09-25T23:59:59-06:00,2026-09-26T08:00:00-06:00,2026-06-29T00:00:00-06:00,,1,,false,ACTIVE,EA,,VALID,CURRENT,coolit-synthetic-v2.0.0,ALL_SYNTHETIC_CUSTOMERS,ALL_SYNTHETIC_PROGRAMS,P-COMP-171,SYNTHETIC_INTERNAL,SNP-COOLIT-20260925-BL,SCN-BASELINE,IST-0213,P-COMP-171,LOT-P-COMP-171-1,RECEIVING,AVAILABLE,WH-MAIN-RECEIVING-B01,WH-MAIN-STORAGE-B01,20,RECEIPT_ACCEPTANCE,Warehouse Lead,2026-09-12T13:31:00-06:00,ELIGIBLE
TEN-COOLIT-SYN-001,SITE-COOLIT-SYN-01,WMS,INVENTORY_STATUS_TRANSITION,IST-0214,P-COMP-172,RESOLVED,2026-09-25T23:59:59-06:00,2026-09-26T08:00:00-06:00,2026-06-29T00:00:00-06:00,,1,,false,ACTIVE,EA,,VALID,CURRENT,coolit-synthetic-v2.0.0,ALL_SYNTHETIC_CUSTOMERS,ALL_SYNTHETIC_PROGRAMS,P-COMP-172,SYNTHETIC_INTERNAL,SNP-COOLIT-20260925-BL,SCN-BASELINE,IST-0214,P-COMP-172,LOT-P-COMP-172-1,RECEIVING,AVAILABLE,WH-MAIN-RECEIVING-B01,WH-MAIN-STORAGE-B01,20,RECEIPT_ACCEPTANCE,Warehouse Lead,2026-09-11T13:38:00-06:00,ELIGIBLE
TEN-COOLIT-SYN-001,SITE-COOLIT-SYN-01,WMS,INVENTORY_STATUS_TRANSITION,IST-0215,P-COMP-173,RESOLVED,2026-09-25T23:59:59-06:00,2026-09-26T08:00:00-06:00,2026-06-29T00:00:00-06:00,,1,,false,ACTIVE,EA,,VALID,CURRENT,coolit-synthetic-v2.0.0,ALL_SYNTHETIC_CUSTOMERS,ALL_SYNTHETIC_PROGRAMS,P-COMP-173,SYNTHETIC_INTERNAL,SNP-COOLIT-20260925-BL,SCN-BASELINE,IST-0215,P-COMP-173,LOT-P-COMP-173-1,RECEIVING,AVAILABLE,WH-MAIN-RECEIVING-B01,WH-MAIN-STORAGE-B01,20,RECEIPT_ACCEPTANCE,Warehouse Lead,2026-09-10T13:45:00-06:00,ELIGIBLE
TEN-COOLIT-SYN-001,SITE-COOLIT-SYN-01,WMS,INVENTORY_STATUS_TRANSITION,IST-0216,P-COMP-174,RESOLVED,2026-09-25T23:59:59-06:00,2026-09-26T08:00:00-06:00,2026-06-29T00:00:00-06:00,,1,,false,ACTIVE,EA,,VALID,CURRENT,coolit-synthetic-v2.0.0,ALL_SYNTHETIC_CUSTOMERS,ALL_SYNTHETIC_PROGRAMS,P-COMP-174,SYNTHETIC_INTERNAL,SNP-COOLIT-20260925-BL,SCN-BASELINE,IST-0216,P-COMP-174,LOT-P-COMP-174-1,RECEIVING,AVAILABLE,WH-MAIN-RECEIVING-B01,WH-MAIN-STORAGE-B01,20,RECEIPT_ACCEPTANCE,Warehouse Lead,2026-09-09T13:52:00-06:00,ELIGIBLE
TEN-COOLIT-SYN-001,SITE-COOLIT-SYN-01,WMS,INVENTORY_STATUS_TRANSITION,IST-0217,P-COMP-175,RESOLVED,2026-09-25T23:59:59-06:00,2026-09-26T08:00:00-06:00,2026-06-29T00:00:00-06:00,,1,,false,ACTIVE,EA,,VALID,CURRENT,coolit-synthetic-v2.0.0,ALL_SYNTHETIC_CUSTOMERS,ALL_SYNTHETIC_PROGRAMS,P-COMP-175,SYNTHETIC_INTERNAL,SNP-COOLIT-20260925-BL,SCN-BASELINE,IST-0217,P-COMP-175,LOT-P-COMP-175-1,RECEIVING,AVAILABLE,WH-MAIN-RECEIVING-B01,WH-MAIN-STORAGE-B01,20,RECEIPT_ACCEPTANCE,Warehouse Lead,2026-09-08T13:59:00-06:00,ELIGIBLE
TEN-COOLIT-SYN-001,SITE-COOLIT-SYN-01,WMS,INVENTORY_STATUS_TRANSITION,IST-0218,P-COMP-176,RESOLVED,2026-09-25T23:59:59-06:00,2026-09-26T08:00:00-06:00,2026-06-29T00:00:00-06:00,,1,,false,ACTIVE,EA,,VALID,CURRENT,coolit-synthetic-v2.0.0,ALL_SYNTHETIC_CUSTOMERS,ALL_SYNTHETIC_PROGRAMS,P-COMP-176,SYNTHETIC_INTERNAL,SNP-COOLIT-20260925-BL,SCN-BASELINE,IST-0218,P-COMP-176,LOT-P-COMP-176-1,RECEIVING,AVAILABLE,WH-MAIN-RECEIVING-B01,WH-MAIN-STORAGE-B01,20,RECEIPT_ACCEPTANCE,Warehouse Lead,2026-09-07T13:06:00-06:00,ELIGIBLE
TEN-COOLIT-SYN-001,SITE-COOLIT-SYN-01,WMS,INVENTORY_STATUS_TRANSITION,IST-0219,P-COMP-177,RESOLVED,2026-09-25T23:59:59-06:00,2026-09-26T08:00:00-06:00,2026-06-29T00:00:00-06:00,,1,,false,ACTIVE,EA,,VALID,CURRENT,coolit-synthetic-v2.0.0,ALL_SYNTHETIC_CUSTOMERS,ALL_SYNTHETIC_PROGRAMS,P-COMP-177,SYNTHETIC_INTERNAL,SNP-COOLIT-20260925-BL,SCN-BASELINE,IST-0219,P-COMP-177,LOT-P-COMP-177-1,RECEIVING,AVAILABLE,WH-MAIN-RECEIVING-B01,WH-MAIN-STORAGE-B01,20,RECEIPT_ACCEPTANCE,Warehouse Lead,2026-09-06T13:13:00-06:00,ELIGIBLE
TEN-COOLIT-SYN-001,SITE-COOLIT-SYN-01,WMS,INVENTORY_STATUS_TRANSITION,IST-0220,P-COMP-178,RESOLVED,2026-09-25T23:59:59-06:00,2026-09-26T08:00:00-06:00,2026-06-29T00:00:00-06:00,,1,,false,ACTIVE,EA,,VALID,CURRENT,coolit-synthetic-v2.0.0,ALL_SYNTHETIC_CUSTOMERS,ALL_SYNTHETIC_PROGRAMS,P-COMP-178,SYNTHETIC_INTERNAL,SNP-COOLIT-20260925-BL,SCN-BASELINE,IST-0220,P-COMP-178,LOT-P-COMP-178-1,RECEIVING,AVAILABLE,WH-MAIN-RECEIVING-B01,WH-MAIN-STORAGE-B01,20,RECEIPT_ACCEPTANCE,Warehouse Lead,2026-09-05T13:20:00-06:00,ELIGIBLE
TEN-COOLIT-SYN-001,SITE-COOLIT-SYN-01,WMS,INVENTORY_STATUS_TRANSITION,IST-0221,P-COMP-179,RESOLVED,2026-09-25T23:59:59-06:00,2026-09-26T08:00:00-06:00,2026-06-29T00:00:00-06:00,,1,,false,ACTIVE,EA,,VALID,CURRENT,coolit-synthetic-v2.0.0,ALL_SYNTHETIC_CUSTOMERS,ALL_SYNTHETIC_PROGRAMS,P-COMP-179,SYNTHETIC_INTERNAL,SNP-COOLIT-20260925-BL,SCN-BASELINE,IST-0221,P-COMP-179,LOT-P-COMP-179-1,RECEIVING,AVAILABLE,WH-MAIN-RECEIVING-B01,WH-MAIN-STORAGE-B01,20,RECEIPT_ACCEPTANCE,Warehouse Lead,2026-09-04T13:27:00-06:00,ELIGIBLE
TEN-COOLIT-SYN-001,SITE-COOLIT-SYN-01,WMS,INVENTORY_STATUS_TRANSITION,IST-0222,P-COMP-180,RESOLVED,2026-09-25T23:59:59-06:00,2026-09-26T08:00:00-06:00,2026-06-29T00:00:00-06:00,,1,,false,ACTIVE,EA,,VALID,CURRENT,coolit-synthetic-v2.0.0,ALL_SYNTHETIC_CUSTOMERS,ALL_SYNTHETIC_PROGRAMS,P-COMP-180,SYNTHETIC_INTERNAL,SNP-COOLIT-20260925-BL,SCN-BASELINE,IST-0222,P-COMP-180,LOT-P-COMP-180-1,RECEIVING,AVAILABLE,WH-MAIN-RECEIVING-B01,WH-MAIN-STORAGE-B01,20,RECEIPT_ACCEPTANCE,Warehouse Lead,2026-09-03T13:34:00-06:00,ELIGIBLE
TEN-COOLIT-SYN-001,SITE-COOLIT-SYN-01,WMS,INVENTORY_STATUS_TRANSITION,IST-0223,P-COMP-181,RESOLVED,2026-09-25T23:59:59-06:00,2026-09-26T08:00:00-06:00,2026-06-29T00:00:00-06:00,,1,,false,ACTIVE,EA,,VALID,CURRENT,coolit-synthetic-v2.0.0,ALL_SYNTHETIC_CUSTOMERS,ALL_SYNTHETIC_PROGRAMS,P-COMP-181,SYNTHETIC_INTERNAL,SNP-COOLIT-20260925-BL,SCN-BASELINE,IST-0223,P-COMP-181,LOT-P-COMP-181-1,RECEIVING,AVAILABLE,WH-MAIN-RECEIVING-B01,WH-MAIN-STORAGE-B01,20,RECEIPT_ACCEPTANCE,Warehouse Lead,2026-09-02T13:41:00-06:00,ELIGIBLE
TEN-COOLIT-SYN-001,SITE-COOLIT-SYN-01,WMS,INVENTORY_STATUS_TRANSITION,IST-0224,P-COMP-182,RESOLVED,2026-09-25T23:59:59-06:00,2026-09-26T08:00:00-06:00,2026-06-29T00:00:00-06:00,,1,,false,ACTIVE,EA,,VALID,CURRENT,coolit-synthetic-v2.0.0,ALL_SYNTHETIC_CUSTOMERS,ALL_SYNTHETIC_PROGRAMS,P-COMP-182,SYNTHETIC_INTERNAL,SNP-COOLIT-20260925-BL,SCN-BASELINE,IST-0224,P-COMP-182,LOT-P-COMP-182-1,RECEIVING,AVAILABLE,WH-MAIN-RECEIVING-B01,WH-MAIN-STORAGE-B01,20,RECEIPT_ACCEPTANCE,Warehouse Lead,2026-09-01T13:48:00-06:00,ELIGIBLE
TEN-COOLIT-SYN-001,SITE-COOLIT-SYN-01,WMS,INVENTORY_STATUS_TRANSITION,IST-0225,P-COMP-183,RESOLVED,2026-09-25T23:59:59-06:00,2026-09-26T08:00:00-06:00,2026-06-29T00:00:00-06:00,,1,,false,ACTIVE,EA,,VALID,CURRENT,coolit-synthetic-v2.0.0,ALL_SYNTHETIC_CUSTOMERS,ALL_SYNTHETIC_PROGRAMS,P-COMP-183,SYNTHETIC_INTERNAL,SNP-COOLIT-20260925-BL,SCN-BASELINE,IST-0225,P-COMP-183,LOT-P-COMP-183-1,RECEIVING,AVAILABLE,WH-MAIN-RECEIVING-B01,WH-MAIN-STORAGE-B01,20,RECEIPT_ACCEPTANCE,Warehouse Lead,2026-08-31T13:55:00-06:00,ELIGIBLE
TEN-COOLIT-SYN-001,SITE-COOLIT-SYN-01,WMS,INVENTORY_STATUS_TRANSITION,IST-0226,P-COMP-184,RESOLVED,2026-09-25T23:59:59-06:00,2026-09-26T08:00:00-06:00,2026-06-29T00:00:00-06:00,,1,,false,ACTIVE,EA,,VALID,CURRENT,coolit-synthetic-v2.0.0,ALL_SYNTHETIC_CUSTOMERS,ALL_SYNTHETIC_PROGRAMS,P-COMP-184,SYNTHETIC_INTERNAL,SNP-COOLIT-20260925-BL,SCN-BASELINE,IST-0226,P-COMP-184,LOT-P-COMP-184-1,RECEIVING,AVAILABLE,WH-MAIN-RECEIVING-B01,WH-MAIN-STORAGE-B01,20,RECEIPT_ACCEPTANCE,Warehouse Lead,2026-08-30T13:02:00-06:00,ELIGIBLE
TEN-COOLIT-SYN-001,SITE-COOLIT-SYN-01,WMS,INVENTORY_STATUS_TRANSITION,IST-0227,P-COMP-185,RESOLVED,2026-09-25T23:59:59-06:00,2026-09-26T08:00:00-06:00,2026-06-29T00:00:00-06:00,,1,,false,ACTIVE,EA,,VALID,CURRENT,coolit-synthetic-v2.0.0,ALL_SYNTHETIC_CUSTOMERS,ALL_SYNTHETIC_PROGRAMS,P-COMP-185,SYNTHETIC_INTERNAL,SNP-COOLIT-20260925-BL,SCN-BASELINE,IST-0227,P-COMP-185,LOT-P-COMP-185-1,RECEIVING,AVAILABLE,WH-MAIN-RECEIVING-B01,WH-MAIN-STORAGE-B01,20,RECEIPT_ACCEPTANCE,Warehouse Lead,2026-08-29T13:09:00-06:00,ELIGIBLE
TEN-COOLIT-SYN-001,SITE-COOLIT-SYN-01,WMS,INVENTORY_STATUS_TRANSITION,IST-0228,P-COMP-186,RESOLVED,2026-09-25T23:59:59-06:00,2026-09-26T08:00:00-06:00,2026-06-29T00:00:00-06:00,,1,,false,ACTIVE,EA,,VALID,CURRENT,coolit-synthetic-v2.0.0,ALL_SYNTHETIC_CUSTOMERS,ALL_SYNTHETIC_PROGRAMS,P-COMP-186,SYNTHETIC_INTERNAL,SNP-COOLIT-20260925-BL,SCN-BASELINE,IST-0228,P-COMP-186,LOT-P-COMP-186-1,RECEIVING,AVAILABLE,WH-MAIN-RECEIVING-B01,WH-MAIN-STORAGE-B01,20,RECEIPT_ACCEPTANCE,Warehouse Lead,2026-08-28T13:16:00-06:00,ELIGIBLE
TEN-COOLIT-SYN-001,SITE-COOLIT-SYN-01,WMS,INVENTORY_STATUS_TRANSITION,IST-0229,P-COMP-187,RESOLVED,2026-09-25T23:59:59-06:00,2026-09-26T08:00:00-06:00,2026-06-29T00:00:00-06:00,,1,,false,ACTIVE,EA,,VALID,CURRENT,coolit-synthetic-v2.0.0,ALL_SYNTHETIC_CUSTOMERS,ALL_SYNTHETIC_PROGRAMS,P-COMP-187,SYNTHETIC_INTERNAL,SNP-COOLIT-20260925-BL,SCN-BASELINE,IST-0229,P-COMP-187,LOT-P-COMP-187-1,RECEIVING,AVAILABLE,WH-MAIN-RECEIVING-B01,WH-MAIN-STORAGE-B01,20,RECEIPT_ACCEPTANCE,Warehouse Lead,2026-08-27T13:23:00-06:00,ELIGIBLE
TEN-COOLIT-SYN-001,SITE-COOLIT-SYN-01,WMS,INVENTORY_STATUS_TRANSITION,IST-0230,P-COMP-188,RESOLVED,2026-09-25T23:59:59-06:00,2026-09-26T08:00:00-06:00,2026-06-29T00:00:00-06:00,,1,,false,ACTIVE,EA,,VALID,CURRENT,coolit-synthetic-v2.0.0,ALL_SYNTHETIC_CUSTOMERS,ALL_SYNTHETIC_PROGRAMS,P-COMP-188,SYNTHETIC_INTERNAL,SNP-COOLIT-20260925-BL,SCN-BASELINE,IST-0230,P-COMP-188,LOT-P-COMP-188-1,RECEIVING,AVAILABLE,WH-MAIN-RECEIVING-B01,WH-MAIN-STORAGE-B01,20,RECEIPT_ACCEPTANCE,Warehouse Lead,2026-08-26T13:30:00-06:00,ELIGIBLE
TEN-COOLIT-SYN-001,SITE-COOLIT-SYN-01,WMS,INVENTORY_STATUS_TRANSITION,IST-0231,P-COMP-189,RESOLVED,2026-09-25T23:59:59-06:00,2026-09-26T08:00:00-06:00,2026-06-29T00:00:00-06:00,,1,,false,ACTIVE,EA,,VALID,CURRENT,coolit-synthetic-v2.0.0,ALL_SYNTHETIC_CUSTOMERS,ALL_SYNTHETIC_PROGRAMS,P-COMP-189,SYNTHETIC_INTERNAL,SNP-COOLIT-20260925-BL,SCN-BASELINE,IST-0231,P-COMP-189,LOT-P-COMP-189-1,HOLD,AVAILABLE,WH-QA-QUARANTINE-B01,WH-MAIN-STORAGE-B01,20,QUALITY_RELEASE,Quality Manager,2026-08-25T13:37:00-06:00,ELIGIBLE
TEN-COOLIT-SYN-001,SITE-COOLIT-SYN-01,WMS,INVENTORY_STATUS_TRANSITION,IST-0232,P-COMP-190,RESOLVED,2026-09-25T23:59:59-06:00,2026-09-26T08:00:00-06:00,2026-06-29T00:00:00-06:00,,1,,false,ACTIVE,EA,,VALID,CURRENT,coolit-synthetic-v2.0.0,ALL_SYNTHETIC_CUSTOMERS,ALL_SYNTHETIC_PROGRAMS,P-COMP-190,SYNTHETIC_INTERNAL,SNP-COOLIT-20260925-BL,SCN-BASELINE,IST-0232,P-COMP-190,LOT-P-COMP-190-1,RECEIVING,AVAILABLE,WH-MAIN-RECEIVING-B01,WH-MAIN-STORAGE-B01,20,RECEIPT_ACCEPTANCE,Warehouse Lead,2026-08-24T13:44:00-06:00,ELIGIBLE
TEN-COOLIT-SYN-001,SITE-COOLIT-SYN-01,WMS,INVENTORY_STATUS_TRANSITION,IST-0233,P-COMP-191,RESOLVED,2026-09-25T23:59:59-06:00,2026-09-26T08:00:00-06:00,2026-06-29T00:00:00-06:00,,1,,false,ACTIVE,EA,,VALID,CURRENT,coolit-synthetic-v2.0.0,ALL_SYNTHETIC_CUSTOMERS,ALL_SYNTHETIC_PROGRAMS,P-COMP-191,SYNTHETIC_INTERNAL,SNP-COOLIT-20260925-BL,SCN-BASELINE,IST-0233,P-COMP-191,LOT-P-COMP-191-1,RECEIVING,AVAILABLE,WH-MAIN-RECEIVING-B01,WH-MAIN-STORAGE-B01,20,RECEIPT_ACCEPTANCE,Warehouse Lead,2026-08-23T13:51:00-06:00,ELIGIBLE
TEN-COOLIT-SYN-001,SITE-COOLIT-SYN-01,WMS,INVENTORY_STATUS_TRANSITION,IST-0234,P-COMP-192,RESOLVED,2026-09-25T23:59:59-06:00,2026-09-26T08:00:00-06:00,2026-06-29T00:00:00-06:00,,1,,false,ACTIVE,EA,,VALID,CURRENT,coolit-synthetic-v2.0.0,ALL_SYNTHETIC_CUSTOMERS,ALL_SYNTHETIC_PROGRAMS,P-COMP-192,SYNTHETIC_INTERNAL,SNP-COOLIT-20260925-BL,SCN-BASELINE,IST-0234,P-COMP-192,LOT-P-COMP-192-1,RECEIVING,AVAILABLE,WH-MAIN-RECEIVING-B01,WH-MAIN-STORAGE-B01,20,RECEIPT_ACCEPTANCE,Warehouse Lead,2026-08-22T13:58:00-06:00,ELIGIBLE
TEN-COOLIT-SYN-001,SITE-COOLIT-SYN-01,WMS,INVENTORY_STATUS_TRANSITION,IST-0235,P-COMP-193,RESOLVED,2026-09-25T23:59:59-06:00,2026-09-26T08:00:00-06:00,2026-06-29T00:00:00-06:00,,1,,false,ACTIVE,EA,,VALID,CURRENT,coolit-synthetic-v2.0.0,ALL_SYNTHETIC_CUSTOMERS,ALL_SYNTHETIC_PROGRAMS,P-COMP-193,SYNTHETIC_INTERNAL,SNP-COOLIT-20260925-BL,SCN-BASELINE,IST-0235,P-COMP-193,LOT-P-COMP-193-1,RECEIVING,AVAILABLE,WH-MAIN-RECEIVING-B01,WH-MAIN-STORAGE-B01,20,RECEIPT_ACCEPTANCE,Warehouse Lead,2026-08-21T13:05:00-06:00,ELIGIBLE
TEN-COOLIT-SYN-001,SITE-COOLIT-SYN-01,WMS,INVENTORY_STATUS_TRANSITION,IST-0236,P-COMP-194,RESOLVED,2026-09-25T23:59:59-06:00,2026-09-26T08:00:00-06:00,2026-06-29T00:00:00-06:00,,1,,false,ACTIVE,EA,,VALID,CURRENT,coolit-synthetic-v2.0.0,ALL_SYNTHETIC_CUSTOMERS,ALL_SYNTHETIC_PROGRAMS,P-COMP-194,SYNTHETIC_INTERNAL,SNP-COOLIT-20260925-BL,SCN-BASELINE,IST-0236,P-COMP-194,LOT-P-COMP-194-1,RECEIVING,AVAILABLE,WH-MAIN-RECEIVING-B01,WH-MAIN-STORAGE-B01,20,RECEIPT_ACCEPTANCE,Warehouse Lead,2026-08-20T13:12:00-06:00,ELIGIBLE
TEN-COOLIT-SYN-001,SITE-COOLIT-SYN-01,WMS,INVENTORY_STATUS_TRANSITION,IST-0237,P-COMP-195,RESOLVED,2026-09-25T23:59:59-06:00,2026-09-26T08:00:00-06:00,2026-06-29T00:00:00-06:00,,1,,false,ACTIVE,EA,,VALID,CURRENT,coolit-synthetic-v2.0.0,ALL_SYNTHETIC_CUSTOMERS,ALL_SYNTHETIC_PROGRAMS,P-COMP-195,SYNTHETIC_INTERNAL,SNP-COOLIT-20260925-BL,SCN-BASELINE,IST-0237,P-COMP-195,LOT-P-COMP-195-1,RECEIVING,AVAILABLE,WH-MAIN-RECEIVING-B01,WH-MAIN-STORAGE-B01,20,RECEIPT_ACCEPTANCE,Warehouse Lead,2026-08-19T13:19:00-06:00,ELIGIBLE
TEN-COOLIT-SYN-001,SITE-COOLIT-SYN-01,WMS,INVENTORY_STATUS_TRANSITION,IST-0238,P-COMP-196,RESOLVED,2026-09-25T23:59:59-06:00,2026-09-26T08:00:00-06:00,2026-06-29T00:00:00-06:00,,1,,false,ACTIVE,EA,,VALID,CURRENT,coolit-synthetic-v2.0.0,ALL_SYNTHETIC_CUSTOMERS,ALL_SYNTHETIC_PROGRAMS,P-COMP-196,SYNTHETIC_INTERNAL,SNP-COOLIT-20260925-BL,SCN-BASELINE,IST-0238,P-COMP-196,LOT-P-COMP-196-1,RECEIVING,AVAILABLE,WH-MAIN-RECEIVING-B01,WH-MAIN-STORAGE-B01,20,RECEIPT_ACCEPTANCE,Warehouse Lead,2026-08-18T13:26:00-06:00,ELIGIBLE
TEN-COOLIT-SYN-001,SITE-COOLIT-SYN-01,WMS,INVENTORY_STATUS_TRANSITION,IST-0239,P-COMP-197,RESOLVED,2026-09-25T23:59:59-06:00,2026-09-26T08:00:00-06:00,2026-06-29T00:00:00-06:00,,1,,false,ACTIVE,EA,,VALID,CURRENT,coolit-synthetic-v2.0.0,ALL_SYNTHETIC_CUSTOMERS,ALL_SYNTHETIC_PROGRAMS,P-COMP-197,SYNTHETIC_INTERNAL,SNP-COOLIT-20260925-BL,SCN-BASELINE,IST-0239,P-COMP-197,LOT-P-COMP-197-1,RECEIVING,AVAILABLE,WH-MAIN-RECEIVING-B01,WH-MAIN-STORAGE-B01,20,RECEIPT_ACCEPTANCE,Warehouse Lead,2026-08-17T13:33:00-06:00,ELIGIBLE
TEN-COOLIT-SYN-001,SITE-COOLIT-SYN-01,WMS,INVENTORY_STATUS_TRANSITION,IST-0240,P-COMP-198,RESOLVED,2026-09-25T23:59:59-06:00,2026-09-26T08:00:00-06:00,2026-06-29T00:00:00-06:00,,1,,false,ACTIVE,EA,,VALID,CURRENT,coolit-synthetic-v2.0.0,ALL_SYNTHETIC_CUSTOMERS,ALL_SYNTHETIC_PROGRAMS,P-COMP-198,SYNTHETIC_INTERNAL,SNP-COOLIT-20260925-BL,SCN-BASELINE,IST-0240,P-COMP-198,LOT-P-COMP-198-1,RECEIVING,AVAILABLE,WH-MAIN-RECEIVING-B01,WH-MAIN-STORAGE-B01,20,RECEIPT_ACCEPTANCE,Warehouse Lead,2026-08-16T13:40:00-06:00,ELIGIBLE
TEN-COOLIT-SYN-001,SITE-COOLIT-SYN-01,WMS,INVENTORY_STATUS_TRANSITION,IST-0241,P-COMP-199,RESOLVED,2026-09-25T23:59:59-06:00,2026-09-26T08:00:00-06:00,2026-06-29T00:00:00-06:00,,1,,false,ACTIVE,EA,,VALID,CURRENT,coolit-synthetic-v2.0.0,ALL_SYNTHETIC_CUSTOMERS,ALL_SYNTHETIC_PROGRAMS,P-COMP-199,SYNTHETIC_INTERNAL,SNP-COOLIT-20260925-BL,SCN-BASELINE,IST-0241,P-COMP-199,LOT-P-COMP-199-1,RECEIVING,AVAILABLE,WH-MAIN-RECEIVING-B01,WH-MAIN-STORAGE-B01,20,RECEIPT_ACCEPTANCE,Warehouse Lead,2026-08-15T13:47:00-06:00,ELIGIBLE
TEN-COOLIT-SYN-001,SITE-COOLIT-SYN-01,WMS,INVENTORY_STATUS_TRANSITION,IST-0242,P-COMP-200,RESOLVED,2026-09-25T23:59:59-06:00,2026-09-26T08:00:00-06:00,2026-06-29T00:00:00-06:00,,1,,false,ACTIVE,EA,,VALID,CURRENT,coolit-synthetic-v2.0.0,ALL_SYNTHETIC_CUSTOMERS,ALL_SYNTHETIC_PROGRAMS,P-COMP-200,SYNTHETIC_INTERNAL,SNP-COOLIT-20260925-BL,SCN-BASELINE,IST-0242,P-COMP-200,LOT-P-COMP-200-1,RECEIVING,AVAILABLE,WH-MAIN-RECEIVING-B01,WH-MAIN-STORAGE-B01,20,RECEIPT_ACCEPTANCE,Warehouse Lead,2026-08-14T13:54:00-06:00,ELIGIBLE
TEN-COOLIT-SYN-001,SITE-COOLIT-SYN-01,WMS,INVENTORY_STATUS_TRANSITION,IST-0243,P-COMP-201,RESOLVED,2026-09-25T23:59:59-06:00,2026-09-26T08:00:00-06:00,2026-06-29T00:00:00-06:00,,1,,false,ACTIVE,EA,,VALID,CURRENT,coolit-synthetic-v2.0.0,ALL_SYNTHETIC_CUSTOMERS,ALL_SYNTHETIC_PROGRAMS,P-COMP-201,SYNTHETIC_INTERNAL,SNP-COOLIT-20260925-BL,SCN-BASELINE,IST-0243,P-COMP-201,LOT-P-COMP-201-1,RECEIVING,AVAILABLE,WH-MAIN-RECEIVING-B01,WH-MAIN-STORAGE-B01,20,RECEIPT_ACCEPTANCE,Warehouse Lead,2026-08-13T13:01:00-06:00,ELIGIBLE
TEN-COOLIT-SYN-001,SITE-COOLIT-SYN-01,WMS,INVENTORY_STATUS_TRANSITION,IST-0244,P-COMP-202,RESOLVED,2026-09-25T23:59:59-06:00,2026-09-26T08:00:00-06:00,2026-06-29T00:00:00-06:00,,1,,false,ACTIVE,EA,,VALID,CURRENT,coolit-synthetic-v2.0.0,ALL_SYNTHETIC_CUSTOMERS,ALL_SYNTHETIC_PROGRAMS,P-COMP-202,SYNTHETIC_INTERNAL,SNP-COOLIT-20260925-BL,SCN-BASELINE,IST-0244,P-COMP-202,LOT-P-COMP-202-1,RECEIVING,AVAILABLE,WH-MAIN-RECEIVING-B01,WH-MAIN-STORAGE-B01,20,RECEIPT_ACCEPTANCE,Warehouse Lead,2026-08-12T13:08:00-06:00,ELIGIBLE
TEN-COOLIT-SYN-001,SITE-COOLIT-SYN-01,WMS,INVENTORY_STATUS_TRANSITION,IST-0245,P-COMP-203,RESOLVED,2026-09-25T23:59:59-06:00,2026-09-26T08:00:00-06:00,2026-06-29T00:00:00-06:00,,1,,false,ACTIVE,EA,,VALID,CURRENT,coolit-synthetic-v2.0.0,ALL_SYNTHETIC_CUSTOMERS,ALL_SYNTHETIC_PROGRAMS,P-COMP-203,SYNTHETIC_INTERNAL,SNP-COOLIT-20260925-BL,SCN-BASELINE,IST-0245,P-COMP-203,LOT-P-COMP-203-1,RECEIVING,AVAILABLE,WH-MAIN-RECEIVING-B01,WH-MAIN-STORAGE-B01,20,RECEIPT_ACCEPTANCE,Warehouse Lead,2026-08-11T13:15:00-06:00,ELIGIBLE
TEN-COOLIT-SYN-001,SITE-COOLIT-SYN-01,WMS,INVENTORY_STATUS_TRANSITION,IST-0246,P-COMP-204,RESOLVED,2026-09-25T23:59:59-06:00,2026-09-26T08:00:00-06:00,2026-06-29T00:00:00-06:00,,1,,false,ACTIVE,EA,,VALID,CURRENT,coolit-synthetic-v2.0.0,ALL_SYNTHETIC_CUSTOMERS,ALL_SYNTHETIC_PROGRAMS,P-COMP-204,SYNTHETIC_INTERNAL,SNP-COOLIT-20260925-BL,SCN-BASELINE,IST-0246,P-COMP-204,LOT-P-COMP-204-1,RECEIVING,AVAILABLE,WH-MAIN-RECEIVING-B01,WH-MAIN-STORAGE-B01,20,RECEIPT_ACCEPTANCE,Warehouse Lead,2026-08-10T13:22:00-06:00,ELIGIBLE
TEN-COOLIT-SYN-001,SITE-COOLIT-SYN-01,WMS,INVENTORY_STATUS_TRANSITION,IST-0247,P-COMP-205,RESOLVED,2026-09-25T23:59:59-06:00,2026-09-26T08:00:00-06:00,2026-06-29T00:00:00-06:00,,1,,false,ACTIVE,EA,,VALID,CURRENT,coolit-synthetic-v2.0.0,ALL_SYNTHETIC_CUSTOMERS,ALL_SYNTHETIC_PROGRAMS,P-COMP-205,SYNTHETIC_INTERNAL,SNP-COOLIT-20260925-BL,SCN-BASELINE,IST-0247,P-COMP-205,LOT-P-COMP-205-1,RECEIVING,AVAILABLE,WH-MAIN-RECEIVING-B01,WH-MAIN-STORAGE-B01,20,RECEIPT_ACCEPTANCE,Warehouse Lead,2026-08-09T13:29:00-06:00,ELIGIBLE
TEN-COOLIT-SYN-001,SITE-COOLIT-SYN-01,WMS,INVENTORY_STATUS_TRANSITION,IST-0248,P-COMP-206,RESOLVED,2026-09-25T23:59:59-06:00,2026-09-26T08:00:00-06:00,2026-06-29T00:00:00-06:00,,1,,false,ACTIVE,EA,,VALID,CURRENT,coolit-synthetic-v2.0.0,ALL_SYNTHETIC_CUSTOMERS,ALL_SYNTHETIC_PROGRAMS,P-COMP-206,SYNTHETIC_INTERNAL,SNP-COOLIT-20260925-BL,SCN-BASELINE,IST-0248,P-COMP-206,LOT-P-COMP-206-1,RECEIVING,AVAILABLE,WH-MAIN-RECEIVING-B01,WH-MAIN-STORAGE-B01,20,RECEIPT_ACCEPTANCE,Warehouse Lead,2026-08-08T13:36:00-06:00,ELIGIBLE
TEN-COOLIT-SYN-001,SITE-COOLIT-SYN-01,WMS,INVENTORY_STATUS_TRANSITION,IST-0249,P-COMP-207,RESOLVED,2026-09-25T23:59:59-06:00,2026-09-26T08:00:00-06:00,2026-06-29T00:00:00-06:00,,1,,false,ACTIVE,EA,,VALID,CURRENT,coolit-synthetic-v2.0.0,ALL_SYNTHETIC_CUSTOMERS,ALL_SYNTHETIC_PROGRAMS,P-COMP-207,SYNTHETIC_INTERNAL,SNP-COOLIT-20260925-BL,SCN-BASELINE,IST-0249,P-COMP-207,LOT-P-COMP-207-1,RECEIVING,AVAILABLE,WH-MAIN-RECEIVING-B01,WH-MAIN-STORAGE-B01,20,RECEIPT_ACCEPTANCE,Warehouse Lead,2026-08-07T13:43:00-06:00,ELIGIBLE
TEN-COOLIT-SYN-001,SITE-COOLIT-SYN-01,WMS,INVENTORY_STATUS_TRANSITION,IST-0250,P-COMP-208,RESOLVED,2026-09-25T23:59:59-06:00,2026-09-26T08:00:00-06:00,2026-06-29T00:00:00-06:00,,1,,false,ACTIVE,EA,,VALID,CURRENT,coolit-synthetic-v2.0.0,ALL_SYNTHETIC_CUSTOMERS,ALL_SYNTHETIC_PROGRAMS,P-COMP-208,SYNTHETIC_INTERNAL,SNP-COOLIT-20260925-BL,SCN-BASELINE,IST-0250,P-COMP-208,LOT-P-COMP-208-1,RECEIVING,AVAILABLE,WH-MAIN-RECEIVING-B01,WH-MAIN-STORAGE-B01,20,RECEIPT_ACCEPTANCE,Warehouse Lead,2026-08-06T13:50:00-06:00,ELIGIBLE
