tenant_id,site_id,source_system,source_object,source_record_id,canonical_id,crosswalk_status,source_event_at,ingested_at,effective_from,effective_to,record_version,supersedes_source_record_id,is_deleted,semantic_status,uom,currency,data_quality_state,freshness_state,transformation_version,customer_scope,program_scope,product_scope,sensitivity_class,snapshot_id,scenario_id,part_id,part_revision,part_description,item_type,category,make_buy,base_uom,lot_control,serial_control,lifecycle_state,standard_lead_time_days,cost_class,standard_cost_cad,hazardous_material_flag
TEN-COOLIT-SYN-001,SITE-COOLIT-SYN-01,ERP,ITEM_MASTER,P-FG-001,P-FG-001,RESOLVED,2026-09-25T23:59:59-06:00,2026-09-26T08:00:00-06:00,2026-06-29T00:00:00-06:00,,1,,false,ACTIVE,EA,CAD,VALID,CURRENT,coolit-synthetic-v2.0.0,ALL_SYNTHETIC_CUSTOMERS,ALL_SYNTHETIC_PROGRAMS,COLDPLATE_LOOP,SYNTHETIC_INTERNAL,SNP-COOLIT-20260925-BL,SCN-BASELINE,P-FG-001,A,Coldplate Loop 1 synthetic sellable assembly,FINISHED_GOOD,COLDPLATE_LOOP,MAKE,EA,false,true,ACTIVE,3,FG,8000,false
TEN-COOLIT-SYN-001,SITE-COOLIT-SYN-01,ERP,ITEM_MASTER,P-FG-002,P-FG-002,RESOLVED,2026-09-25T23:59:59-06:00,2026-09-26T08:00:00-06:00,2026-06-29T00:00:00-06:00,,1,,false,ACTIVE,EA,CAD,VALID,CURRENT,coolit-synthetic-v2.0.0,ALL_SYNTHETIC_CUSTOMERS,ALL_SYNTHETIC_PROGRAMS,COLDPLATE_LOOP,SYNTHETIC_INTERNAL,SNP-COOLIT-20260925-BL,SCN-BASELINE,P-FG-002,A,Coldplate Loop 2 synthetic sellable assembly,FINISHED_GOOD,COLDPLATE_LOOP,MAKE,EA,false,true,ACTIVE,4,FG,8875,false
TEN-COOLIT-SYN-001,SITE-COOLIT-SYN-01,ERP,ITEM_MASTER,P-FG-003,P-FG-003,RESOLVED,2026-09-25T23:59:59-06:00,2026-09-26T08:00:00-06:00,2026-06-29T00:00:00-06:00,,1,,false,ACTIVE,EA,CAD,VALID,CURRENT,coolit-synthetic-v2.0.0,ALL_SYNTHETIC_CUSTOMERS,ALL_SYNTHETIC_PROGRAMS,COLDPLATE_LOOP,SYNTHETIC_INTERNAL,SNP-COOLIT-20260925-BL,SCN-BASELINE,P-FG-003,A,Coldplate Loop 3 synthetic sellable assembly,FINISHED_GOOD,COLDPLATE_LOOP,MAKE,EA,false,true,ACTIVE,5,FG,9750,false
TEN-COOLIT-SYN-001,SITE-COOLIT-SYN-01,ERP,ITEM_MASTER,P-FG-004,P-FG-004,RESOLVED,2026-09-25T23:59:59-06:00,2026-09-26T08:00:00-06:00,2026-06-29T00:00:00-06:00,,1,,false,ACTIVE,EA,CAD,VALID,CURRENT,coolit-synthetic-v2.0.0,ALL_SYNTHETIC_CUSTOMERS,ALL_SYNTHETIC_PROGRAMS,COLDPLATE_LOOP,SYNTHETIC_INTERNAL,SNP-COOLIT-20260925-BL,SCN-BASELINE,P-FG-004,A,Coldplate Loop 4 synthetic sellable assembly,FINISHED_GOOD,COLDPLATE_LOOP,MAKE,EA,false,true,ACTIVE,6,FG,10625,false
TEN-COOLIT-SYN-001,SITE-COOLIT-SYN-01,ERP,ITEM_MASTER,P-FG-005,P-FG-005,RESOLVED,2026-09-25T23:59:59-06:00,2026-09-26T08:00:00-06:00,2026-06-29T00:00:00-06:00,,1,,false,ACTIVE,EA,CAD,VALID,CURRENT,coolit-synthetic-v2.0.0,ALL_SYNTHETIC_CUSTOMERS,ALL_SYNTHETIC_PROGRAMS,RACK_MANIFOLD,SYNTHETIC_INTERNAL,SNP-COOLIT-20260925-BL,SCN-BASELINE,P-FG-005,A,Rack Manifold 1 synthetic sellable assembly,FINISHED_GOOD,RACK_MANIFOLD,MAKE,EA,false,true,ACTIVE,7,FG,11500,false
TEN-COOLIT-SYN-001,SITE-COOLIT-SYN-01,ERP,ITEM_MASTER,P-FG-006,P-FG-006,RESOLVED,2026-09-25T23:59:59-06:00,2026-09-26T08:00:00-06:00,2026-06-29T00:00:00-06:00,,1,,false,ACTIVE,EA,CAD,VALID,CURRENT,coolit-synthetic-v2.0.0,ALL_SYNTHETIC_CUSTOMERS,ALL_SYNTHETIC_PROGRAMS,RACK_MANIFOLD,SYNTHETIC_INTERNAL,SNP-COOLIT-20260925-BL,SCN-BASELINE,P-FG-006,A,Rack Manifold 2 synthetic sellable assembly,FINISHED_GOOD,RACK_MANIFOLD,MAKE,EA,false,true,ACTIVE,8,FG,12375,false
TEN-COOLIT-SYN-001,SITE-COOLIT-SYN-01,ERP,ITEM_MASTER,P-FG-007,P-FG-007,RESOLVED,2026-09-25T23:59:59-06:00,2026-09-26T08:00:00-06:00,2026-06-29T00:00:00-06:00,,1,,false,ACTIVE,EA,CAD,VALID,CURRENT,coolit-synthetic-v2.0.0,ALL_SYNTHETIC_CUSTOMERS,ALL_SYNTHETIC_PROGRAMS,RACK_MANIFOLD,SYNTHETIC_INTERNAL,SNP-COOLIT-20260925-BL,SCN-BASELINE,P-FG-007,A,Rack Manifold 3 synthetic sellable assembly,FINISHED_GOOD,RACK_MANIFOLD,MAKE,EA,false,true,ACTIVE,9,FG,13250,false
TEN-COOLIT-SYN-001,SITE-COOLIT-SYN-01,ERP,ITEM_MASTER,P-FG-008,P-FG-008,RESOLVED,2026-09-25T23:59:59-06:00,2026-09-26T08:00:00-06:00,2026-06-29T00:00:00-06:00,,1,,false,ACTIVE,EA,CAD,VALID,CURRENT,coolit-synthetic-v2.0.0,ALL_SYNTHETIC_CUSTOMERS,ALL_SYNTHETIC_PROGRAMS,RACK_MANIFOLD,SYNTHETIC_INTERNAL,SNP-COOLIT-20260925-BL,SCN-BASELINE,P-FG-008,A,Rack Manifold 4 synthetic sellable assembly,FINISHED_GOOD,RACK_MANIFOLD,MAKE,EA,false,true,ACTIVE,10,FG,14125,false
TEN-COOLIT-SYN-001,SITE-COOLIT-SYN-01,ERP,ITEM_MASTER,P-FG-009,P-FG-009,RESOLVED,2026-09-25T23:59:59-06:00,2026-09-26T08:00:00-06:00,2026-06-29T00:00:00-06:00,,1,,false,ACTIVE,EA,CAD,VALID,CURRENT,coolit-synthetic-v2.0.0,ALL_SYNTHETIC_CUSTOMERS,ALL_SYNTHETIC_PROGRAMS,COOLANT_DISTRIBUTION_UNIT,SYNTHETIC_INTERNAL,SNP-COOLIT-20260925-BL,SCN-BASELINE,P-FG-009,A,Coolant Distribution Unit 1 synthetic sellable assembly,FINISHED_GOOD,COOLANT_DISTRIBUTION_UNIT,MAKE,EA,false,true,ACTIVE,11,FG,15000,false
TEN-COOLIT-SYN-001,SITE-COOLIT-SYN-01,ERP,ITEM_MASTER,P-FG-010,P-FG-010,RESOLVED,2026-09-25T23:59:59-06:00,2026-09-26T08:00:00-06:00,2026-06-29T00:00:00-06:00,,1,,false,ACTIVE,EA,CAD,VALID,CURRENT,coolit-synthetic-v2.0.0,ALL_SYNTHETIC_CUSTOMERS,ALL_SYNTHETIC_PROGRAMS,COOLANT_DISTRIBUTION_UNIT,SYNTHETIC_INTERNAL,SNP-COOLIT-20260925-BL,SCN-BASELINE,P-FG-010,A,Coolant Distribution Unit 2 synthetic sellable assembly,FINISHED_GOOD,COOLANT_DISTRIBUTION_UNIT,MAKE,EA,false,true,ACTIVE,12,FG,15875,false
TEN-COOLIT-SYN-001,SITE-COOLIT-SYN-01,ERP,ITEM_MASTER,P-FG-011,P-FG-011,RESOLVED,2026-09-25T23:59:59-06:00,2026-09-26T08:00:00-06:00,2026-06-29T00:00:00-06:00,,1,,false,ACTIVE,EA,CAD,VALID,CURRENT,coolit-synthetic-v2.0.0,ALL_SYNTHETIC_CUSTOMERS,ALL_SYNTHETIC_PROGRAMS,COOLANT_DISTRIBUTION_UNIT,SYNTHETIC_INTERNAL,SNP-COOLIT-20260925-BL,SCN-BASELINE,P-FG-011,A,Coolant Distribution Unit 3 synthetic sellable assembly,FINISHED_GOOD,COOLANT_DISTRIBUTION_UNIT,MAKE,EA,false,true,ACTIVE,13,FG,16750,false
TEN-COOLIT-SYN-001,SITE-COOLIT-SYN-01,ERP,ITEM_MASTER,P-FG-012,P-FG-012,RESOLVED,2026-09-25T23:59:59-06:00,2026-09-26T08:00:00-06:00,2026-06-29T00:00:00-06:00,,1,,false,ACTIVE,EA,CAD,VALID,CURRENT,coolit-synthetic-v2.0.0,ALL_SYNTHETIC_CUSTOMERS,ALL_SYNTHETIC_PROGRAMS,COOLANT_DISTRIBUTION_UNIT,SYNTHETIC_INTERNAL,SNP-COOLIT-20260925-BL,SCN-BASELINE,P-FG-012,A,Coolant Distribution Unit 4 synthetic sellable assembly,FINISHED_GOOD,COOLANT_DISTRIBUTION_UNIT,MAKE,EA,false,true,ACTIVE,14,FG,17625,false
TEN-COOLIT-SYN-001,SITE-COOLIT-SYN-01,ERP,ITEM_MASTER,P-QD-001,P-QD-001,RESOLVED,2026-09-25T23:59:59-06:00,2026-09-26T08:00:00-06:00,2026-06-29T00:00:00-06:00,,1,,false,ACTIVE,EA,CAD,VALID,CURRENT,coolit-synthetic-v2.0.0,ALL_SYNTHETIC_CUSTOMERS,ALL_SYNTHETIC_PROGRAMS,QUICK_DISCONNECT,SYNTHETIC_INTERNAL,SNP-COOLIT-20260925-BL,SCN-BASELINE,P-QD-001,A,Quick-disconnect fitting family 1,COMPONENT,QUICK_DISCONNECT,BUY,EA,true,false,ACTIVE,41,DIRECT_MATERIAL,128,false
TEN-COOLIT-SYN-001,SITE-COOLIT-SYN-01,ERP,ITEM_MASTER,P-QD-002,P-QD-002,RESOLVED,2026-09-25T23:59:59-06:00,2026-09-26T08:00:00-06:00,2026-06-29T00:00:00-06:00,,1,,false,ACTIVE,EA,CAD,VALID,CURRENT,coolit-synthetic-v2.0.0,ALL_SYNTHETIC_CUSTOMERS,ALL_SYNTHETIC_PROGRAMS,QUICK_DISCONNECT,SYNTHETIC_INTERNAL,SNP-COOLIT-20260925-BL,SCN-BASELINE,P-QD-002,A,Quick-disconnect fitting family 2,COMPONENT,QUICK_DISCONNECT,BUY,EA,true,false,ACTIVE,48,DIRECT_MATERIAL,138.33,false
TEN-COOLIT-SYN-001,SITE-COOLIT-SYN-01,ERP,ITEM_MASTER,P-QD-003,P-QD-003,RESOLVED,2026-09-25T23:59:59-06:00,2026-09-26T08:00:00-06:00,2026-06-29T00:00:00-06:00,,1,,false,ACTIVE,EA,CAD,VALID,CURRENT,coolit-synthetic-v2.0.0,ALL_SYNTHETIC_CUSTOMERS,ALL_SYNTHETIC_PROGRAMS,QUICK_DISCONNECT,SYNTHETIC_INTERNAL,SNP-COOLIT-20260925-BL,SCN-BASELINE,P-QD-003,A,Quick-disconnect fitting family 3,COMPONENT,QUICK_DISCONNECT,BUY,EA,true,false,ACTIVE,55,DIRECT_MATERIAL,148.67,false
TEN-COOLIT-SYN-001,SITE-COOLIT-SYN-01,ERP,ITEM_MASTER,P-QD-004,P-QD-004,RESOLVED,2026-09-25T23:59:59-06:00,2026-09-26T08:00:00-06:00,2026-06-29T00:00:00-06:00,,1,,false,ACTIVE,EA,CAD,VALID,CURRENT,coolit-synthetic-v2.0.0,ALL_SYNTHETIC_CUSTOMERS,ALL_SYNTHETIC_PROGRAMS,QUICK_DISCONNECT,SYNTHETIC_INTERNAL,SNP-COOLIT-20260925-BL,SCN-BASELINE,P-QD-004,A,Quick-disconnect fitting family 4,COMPONENT,QUICK_DISCONNECT,BUY,EA,true,false,ACTIVE,62,DIRECT_MATERIAL,159,false
TEN-COOLIT-SYN-001,SITE-COOLIT-SYN-01,ERP,ITEM_MASTER,P-QD-005,P-QD-005,RESOLVED,2026-09-25T23:59:59-06:00,2026-09-26T08:00:00-06:00,2026-06-29T00:00:00-06:00,,1,,false,ACTIVE,EA,CAD,VALID,CURRENT,coolit-synthetic-v2.0.0,ALL_SYNTHETIC_CUSTOMERS,ALL_SYNTHETIC_PROGRAMS,QUICK_DISCONNECT,SYNTHETIC_INTERNAL,SNP-COOLIT-20260925-BL,SCN-BASELINE,P-QD-005,A,Quick-disconnect fitting family 5,COMPONENT,QUICK_DISCONNECT,BUY,EA,true,false,ACTIVE,69,DIRECT_MATERIAL,169.33,false
TEN-COOLIT-SYN-001,SITE-COOLIT-SYN-01,ERP,ITEM_MASTER,P-QD-006,P-QD-006,RESOLVED,2026-09-25T23:59:59-06:00,2026-09-26T08:00:00-06:00,2026-06-29T00:00:00-06:00,,1,,false,ACTIVE,EA,CAD,VALID,CURRENT,coolit-synthetic-v2.0.0,ALL_SYNTHETIC_CUSTOMERS,ALL_SYNTHETIC_PROGRAMS,QUICK_DISCONNECT,SYNTHETIC_INTERNAL,SNP-COOLIT-20260925-BL,SCN-BASELINE,P-QD-006,A,Quick-disconnect fitting family 6,COMPONENT,QUICK_DISCONNECT,BUY,EA,true,false,ACTIVE,19,DIRECT_MATERIAL,179.67,false
TEN-COOLIT-SYN-001,SITE-COOLIT-SYN-01,ERP,ITEM_MASTER,P-QD-007,P-QD-007,RESOLVED,2026-09-25T23:59:59-06:00,2026-09-26T08:00:00-06:00,2026-06-29T00:00:00-06:00,,1,,false,ACTIVE,EA,CAD,VALID,CURRENT,coolit-synthetic-v2.0.0,ALL_SYNTHETIC_CUSTOMERS,ALL_SYNTHETIC_PROGRAMS,QUICK_DISCONNECT,SYNTHETIC_INTERNAL,SNP-COOLIT-20260925-BL,SCN-BASELINE,P-QD-007,A,Quick-disconnect fitting family 7,COMPONENT,QUICK_DISCONNECT,BUY,EA,true,false,ACTIVE,26,DIRECT_MATERIAL,190,false
TEN-COOLIT-SYN-001,SITE-COOLIT-SYN-01,ERP,ITEM_MASTER,P-QD-008,P-QD-008,RESOLVED,2026-09-25T23:59:59-06:00,2026-09-26T08:00:00-06:00,2026-06-29T00:00:00-06:00,,1,,false,ACTIVE,EA,CAD,VALID,CURRENT,coolit-synthetic-v2.0.0,ALL_SYNTHETIC_CUSTOMERS,ALL_SYNTHETIC_PROGRAMS,QUICK_DISCONNECT,SYNTHETIC_INTERNAL,SNP-COOLIT-20260925-BL,SCN-BASELINE,P-QD-008,A,Quick-disconnect fitting family 8,COMPONENT,QUICK_DISCONNECT,BUY,EA,true,false,ACTIVE,33,DIRECT_MATERIAL,200.33,false
TEN-COOLIT-SYN-001,SITE-COOLIT-SYN-01,ERP,ITEM_MASTER,P-QD-009,P-QD-009,RESOLVED,2026-09-25T23:59:59-06:00,2026-09-26T08:00:00-06:00,2026-06-29T00:00:00-06:00,,1,,false,ACTIVE,EA,CAD,VALID,CURRENT,coolit-synthetic-v2.0.0,ALL_SYNTHETIC_CUSTOMERS,ALL_SYNTHETIC_PROGRAMS,QUICK_DISCONNECT,SYNTHETIC_INTERNAL,SNP-COOLIT-20260925-BL,SCN-BASELINE,P-QD-009,A,Quick-disconnect fitting family 9,COMPONENT,QUICK_DISCONNECT,BUY,EA,true,false,ACTIVE,40,DIRECT_MATERIAL,210.67,false
TEN-COOLIT-SYN-001,SITE-COOLIT-SYN-01,ERP,ITEM_MASTER,P-QD-010,P-QD-010,RESOLVED,2026-09-25T23:59:59-06:00,2026-09-26T08:00:00-06:00,2026-06-29T00:00:00-06:00,,1,,false,ACTIVE,EA,CAD,VALID,CURRENT,coolit-synthetic-v2.0.0,ALL_SYNTHETIC_CUSTOMERS,ALL_SYNTHETIC_PROGRAMS,QUICK_DISCONNECT,SYNTHETIC_INTERNAL,SNP-COOLIT-20260925-BL,SCN-BASELINE,P-QD-010,A,Quick-disconnect fitting family 10,COMPONENT,QUICK_DISCONNECT,BUY,EA,true,false,ACTIVE,47,DIRECT_MATERIAL,221,false
TEN-COOLIT-SYN-001,SITE-COOLIT-SYN-01,ERP,ITEM_MASTER,P-PUMP-001,P-PUMP-001,RESOLVED,2026-09-25T23:59:59-06:00,2026-09-26T08:00:00-06:00,2026-06-29T00:00:00-06:00,,1,,false,ACTIVE,EA,CAD,VALID,CURRENT,coolit-synthetic-v2.0.0,ALL_SYNTHETIC_CUSTOMERS,ALL_SYNTHETIC_PROGRAMS,PUMP,SYNTHETIC_INTERNAL,SNP-COOLIT-20260925-BL,SCN-BASELINE,P-PUMP-001,A,Pump module family 1,COMPONENT,PUMP,BUY,EA,true,false,ACTIVE,54,DIRECT_MATERIAL,231.33,false
TEN-COOLIT-SYN-001,SITE-COOLIT-SYN-01,ERP,ITEM_MASTER,P-PUMP-002,P-PUMP-002,RESOLVED,2026-09-25T23:59:59-06:00,2026-09-26T08:00:00-06:00,2026-06-29T00:00:00-06:00,,1,,false,ACTIVE,EA,CAD,VALID,CURRENT,coolit-synthetic-v2.0.0,ALL_SYNTHETIC_CUSTOMERS,ALL_SYNTHETIC_PROGRAMS,PUMP,SYNTHETIC_INTERNAL,SNP-COOLIT-20260925-BL,SCN-BASELINE,P-PUMP-002,A,Pump module family 2,COMPONENT,PUMP,BUY,EA,true,false,ACTIVE,61,DIRECT_MATERIAL,241.67,false
TEN-COOLIT-SYN-001,SITE-COOLIT-SYN-01,ERP,ITEM_MASTER,P-PUMP-003,P-PUMP-003,RESOLVED,2026-09-25T23:59:59-06:00,2026-09-26T08:00:00-06:00,2026-06-29T00:00:00-06:00,,1,,false,ACTIVE,EA,CAD,VALID,CURRENT,coolit-synthetic-v2.0.0,ALL_SYNTHETIC_CUSTOMERS,ALL_SYNTHETIC_PROGRAMS,PUMP,SYNTHETIC_INTERNAL,SNP-COOLIT-20260925-BL,SCN-BASELINE,P-PUMP-003,A,Pump module family 3,COMPONENT,PUMP,BUY,EA,true,false,ACTIVE,68,DIRECT_MATERIAL,252,false
TEN-COOLIT-SYN-001,SITE-COOLIT-SYN-01,ERP,ITEM_MASTER,P-PUMP-004,P-PUMP-004,RESOLVED,2026-09-25T23:59:59-06:00,2026-09-26T08:00:00-06:00,2026-06-29T00:00:00-06:00,,1,,false,ACTIVE,EA,CAD,VALID,CURRENT,coolit-synthetic-v2.0.0,ALL_SYNTHETIC_CUSTOMERS,ALL_SYNTHETIC_PROGRAMS,PUMP,SYNTHETIC_INTERNAL,SNP-COOLIT-20260925-BL,SCN-BASELINE,P-PUMP-004,A,Pump module family 4,COMPONENT,PUMP,BUY,EA,true,false,ACTIVE,18,DIRECT_MATERIAL,262.33,false
TEN-COOLIT-SYN-001,SITE-COOLIT-SYN-01,ERP,ITEM_MASTER,P-PUMP-005,P-PUMP-005,RESOLVED,2026-09-25T23:59:59-06:00,2026-09-26T08:00:00-06:00,2026-06-29T00:00:00-06:00,,1,,false,ACTIVE,EA,CAD,VALID,CURRENT,coolit-synthetic-v2.0.0,ALL_SYNTHETIC_CUSTOMERS,ALL_SYNTHETIC_PROGRAMS,PUMP,SYNTHETIC_INTERNAL,SNP-COOLIT-20260925-BL,SCN-BASELINE,P-PUMP-005,A,Pump module family 5,COMPONENT,PUMP,BUY,EA,true,false,ACTIVE,25,DIRECT_MATERIAL,272.67,false
TEN-COOLIT-SYN-001,SITE-COOLIT-SYN-01,ERP,ITEM_MASTER,P-PUMP-006,P-PUMP-006,RESOLVED,2026-09-25T23:59:59-06:00,2026-09-26T08:00:00-06:00,2026-06-29T00:00:00-06:00,,1,,false,ACTIVE,EA,CAD,VALID,CURRENT,coolit-synthetic-v2.0.0,ALL_SYNTHETIC_CUSTOMERS,ALL_SYNTHETIC_PROGRAMS,PUMP,SYNTHETIC_INTERNAL,SNP-COOLIT-20260925-BL,SCN-BASELINE,P-PUMP-006,A,Pump module family 6,COMPONENT,PUMP,BUY,EA,true,false,ACTIVE,32,DIRECT_MATERIAL,283,false
TEN-COOLIT-SYN-001,SITE-COOLIT-SYN-01,ERP,ITEM_MASTER,P-PUMP-007,P-PUMP-007,RESOLVED,2026-09-25T23:59:59-06:00,2026-09-26T08:00:00-06:00,2026-06-29T00:00:00-06:00,,1,,false,ACTIVE,EA,CAD,VALID,CURRENT,coolit-synthetic-v2.0.0,ALL_SYNTHETIC_CUSTOMERS,ALL_SYNTHETIC_PROGRAMS,PUMP,SYNTHETIC_INTERNAL,SNP-COOLIT-20260925-BL,SCN-BASELINE,P-PUMP-007,A,Pump module family 7,COMPONENT,PUMP,BUY,EA,true,false,ACTIVE,39,DIRECT_MATERIAL,293.33,false
TEN-COOLIT-SYN-001,SITE-COOLIT-SYN-01,ERP,ITEM_MASTER,P-PUMP-008,P-PUMP-008,RESOLVED,2026-09-25T23:59:59-06:00,2026-09-26T08:00:00-06:00,2026-06-29T00:00:00-06:00,,1,,false,ACTIVE,EA,CAD,VALID,CURRENT,coolit-synthetic-v2.0.0,ALL_SYNTHETIC_CUSTOMERS,ALL_SYNTHETIC_PROGRAMS,PUMP,SYNTHETIC_INTERNAL,SNP-COOLIT-20260925-BL,SCN-BASELINE,P-PUMP-008,A,Pump module family 8,COMPONENT,PUMP,BUY,EA,true,false,ACTIVE,46,DIRECT_MATERIAL,303.67,false
TEN-COOLIT-SYN-001,SITE-COOLIT-SYN-01,ERP,ITEM_MASTER,P-HX-001,P-HX-001,RESOLVED,2026-09-25T23:59:59-06:00,2026-09-26T08:00:00-06:00,2026-06-29T00:00:00-06:00,,1,,false,ACTIVE,EA,CAD,VALID,CURRENT,coolit-synthetic-v2.0.0,ALL_SYNTHETIC_CUSTOMERS,ALL_SYNTHETIC_PROGRAMS,HEAT_EXCHANGER,SYNTHETIC_INTERNAL,SNP-COOLIT-20260925-BL,SCN-BASELINE,P-HX-001,A,Heat-exchanger module family 1,COMPONENT,HEAT_EXCHANGER,BUY,EA,true,false,ACTIVE,53,DIRECT_MATERIAL,314,false
TEN-COOLIT-SYN-001,SITE-COOLIT-SYN-01,ERP,ITEM_MASTER,P-HX-002,P-HX-002,RESOLVED,2026-09-25T23:59:59-06:00,2026-09-26T08:00:00-06:00,2026-06-29T00:00:00-06:00,,1,,false,ACTIVE,EA,CAD,VALID,CURRENT,coolit-synthetic-v2.0.0,ALL_SYNTHETIC_CUSTOMERS,ALL_SYNTHETIC_PROGRAMS,HEAT_EXCHANGER,SYNTHETIC_INTERNAL,SNP-COOLIT-20260925-BL,SCN-BASELINE,P-HX-002,A,Heat-exchanger module family 2,COMPONENT,HEAT_EXCHANGER,BUY,EA,true,false,ACTIVE,60,DIRECT_MATERIAL,324.33,false
TEN-COOLIT-SYN-001,SITE-COOLIT-SYN-01,ERP,ITEM_MASTER,P-HX-003,P-HX-003,RESOLVED,2026-09-25T23:59:59-06:00,2026-09-26T08:00:00-06:00,2026-06-29T00:00:00-06:00,,1,,false,ACTIVE,EA,CAD,VALID,CURRENT,coolit-synthetic-v2.0.0,ALL_SYNTHETIC_CUSTOMERS,ALL_SYNTHETIC_PROGRAMS,HEAT_EXCHANGER,SYNTHETIC_INTERNAL,SNP-COOLIT-20260925-BL,SCN-BASELINE,P-HX-003,A,Heat-exchanger module family 3,COMPONENT,HEAT_EXCHANGER,BUY,EA,true,false,ACTIVE,67,DIRECT_MATERIAL,334.67,false
TEN-COOLIT-SYN-001,SITE-COOLIT-SYN-01,ERP,ITEM_MASTER,P-HX-004,P-HX-004,RESOLVED,2026-09-25T23:59:59-06:00,2026-09-26T08:00:00-06:00,2026-06-29T00:00:00-06:00,,1,,false,ACTIVE,EA,CAD,VALID,CURRENT,coolit-synthetic-v2.0.0,ALL_SYNTHETIC_CUSTOMERS,ALL_SYNTHETIC_PROGRAMS,HEAT_EXCHANGER,SYNTHETIC_INTERNAL,SNP-COOLIT-20260925-BL,SCN-BASELINE,P-HX-004,A,Heat-exchanger module family 4,COMPONENT,HEAT_EXCHANGER,BUY,EA,true,false,ACTIVE,17,DIRECT_MATERIAL,345,false
TEN-COOLIT-SYN-001,SITE-COOLIT-SYN-01,ERP,ITEM_MASTER,P-HX-005,P-HX-005,RESOLVED,2026-09-25T23:59:59-06:00,2026-09-26T08:00:00-06:00,2026-06-29T00:00:00-06:00,,1,,false,ACTIVE,EA,CAD,VALID,CURRENT,coolit-synthetic-v2.0.0,ALL_SYNTHETIC_CUSTOMERS,ALL_SYNTHETIC_PROGRAMS,HEAT_EXCHANGER,SYNTHETIC_INTERNAL,SNP-COOLIT-20260925-BL,SCN-BASELINE,P-HX-005,A,Heat-exchanger module family 5,COMPONENT,HEAT_EXCHANGER,BUY,EA,true,false,ACTIVE,24,DIRECT_MATERIAL,355.33,false
TEN-COOLIT-SYN-001,SITE-COOLIT-SYN-01,ERP,ITEM_MASTER,P-HX-006,P-HX-006,RESOLVED,2026-09-25T23:59:59-06:00,2026-09-26T08:00:00-06:00,2026-06-29T00:00:00-06:00,,1,,false,ACTIVE,EA,CAD,VALID,CURRENT,coolit-synthetic-v2.0.0,ALL_SYNTHETIC_CUSTOMERS,ALL_SYNTHETIC_PROGRAMS,HEAT_EXCHANGER,SYNTHETIC_INTERNAL,SNP-COOLIT-20260925-BL,SCN-BASELINE,P-HX-006,A,Heat-exchanger module family 6,COMPONENT,HEAT_EXCHANGER,BUY,EA,true,false,ACTIVE,31,DIRECT_MATERIAL,365.67,false
TEN-COOLIT-SYN-001,SITE-COOLIT-SYN-01,ERP,ITEM_MASTER,P-CTRL-001,P-CTRL-001,RESOLVED,2026-09-25T23:59:59-06:00,2026-09-26T08:00:00-06:00,2026-06-29T00:00:00-06:00,,1,,false,ACTIVE,EA,CAD,VALID,CURRENT,coolit-synthetic-v2.0.0,ALL_SYNTHETIC_CUSTOMERS,ALL_SYNTHETIC_PROGRAMS,CONTROLS,SYNTHETIC_INTERNAL,SNP-COOLIT-20260925-BL,SCN-BASELINE,P-CTRL-001,A,Controls module family 1,COMPONENT,CONTROLS,BUY,EA,false,true,ACTIVE,38,DIRECT_MATERIAL,376,false
TEN-COOLIT-SYN-001,SITE-COOLIT-SYN-01,ERP,ITEM_MASTER,P-CTRL-002,P-CTRL-002,RESOLVED,2026-09-25T23:59:59-06:00,2026-09-26T08:00:00-06:00,2026-06-29T00:00:00-06:00,,1,,false,ACTIVE,EA,CAD,VALID,CURRENT,coolit-synthetic-v2.0.0,ALL_SYNTHETIC_CUSTOMERS,ALL_SYNTHETIC_PROGRAMS,CONTROLS,SYNTHETIC_INTERNAL,SNP-COOLIT-20260925-BL,SCN-BASELINE,P-CTRL-002,A,Controls module family 2,COMPONENT,CONTROLS,BUY,EA,false,true,ACTIVE,45,DIRECT_MATERIAL,386.33,false
TEN-COOLIT-SYN-001,SITE-COOLIT-SYN-01,ERP,ITEM_MASTER,P-CTRL-003,P-CTRL-003,RESOLVED,2026-09-25T23:59:59-06:00,2026-09-26T08:00:00-06:00,2026-06-29T00:00:00-06:00,,1,,false,ACTIVE,EA,CAD,VALID,CURRENT,coolit-synthetic-v2.0.0,ALL_SYNTHETIC_CUSTOMERS,ALL_SYNTHETIC_PROGRAMS,CONTROLS,SYNTHETIC_INTERNAL,SNP-COOLIT-20260925-BL,SCN-BASELINE,P-CTRL-003,A,Controls module family 3,COMPONENT,CONTROLS,BUY,EA,false,true,ACTIVE,52,DIRECT_MATERIAL,396.67,false
TEN-COOLIT-SYN-001,SITE-COOLIT-SYN-01,ERP,ITEM_MASTER,P-CTRL-004,P-CTRL-004,RESOLVED,2026-09-25T23:59:59-06:00,2026-09-26T08:00:00-06:00,2026-06-29T00:00:00-06:00,,1,,false,ACTIVE,EA,CAD,VALID,CURRENT,coolit-synthetic-v2.0.0,ALL_SYNTHETIC_CUSTOMERS,ALL_SYNTHETIC_PROGRAMS,CONTROLS,SYNTHETIC_INTERNAL,SNP-COOLIT-20260925-BL,SCN-BASELINE,P-CTRL-004,A,Controls module family 4,COMPONENT,CONTROLS,BUY,EA,false,true,ACTIVE,59,DIRECT_MATERIAL,407,false
TEN-COOLIT-SYN-001,SITE-COOLIT-SYN-01,ERP,ITEM_MASTER,P-CTRL-005,P-CTRL-005,RESOLVED,2026-09-25T23:59:59-06:00,2026-09-26T08:00:00-06:00,2026-06-29T00:00:00-06:00,,1,,false,ACTIVE,EA,CAD,VALID,CURRENT,coolit-synthetic-v2.0.0,ALL_SYNTHETIC_CUSTOMERS,ALL_SYNTHETIC_PROGRAMS,CONTROLS,SYNTHETIC_INTERNAL,SNP-COOLIT-20260925-BL,SCN-BASELINE,P-CTRL-005,A,Controls module family 5,COMPONENT,CONTROLS,BUY,EA,false,true,ACTIVE,66,DIRECT_MATERIAL,417.33,false
TEN-COOLIT-SYN-001,SITE-COOLIT-SYN-01,ERP,ITEM_MASTER,P-CTRL-006,P-CTRL-006,RESOLVED,2026-09-25T23:59:59-06:00,2026-09-26T08:00:00-06:00,2026-06-29T00:00:00-06:00,,1,,false,ACTIVE,EA,CAD,VALID,CURRENT,coolit-synthetic-v2.0.0,ALL_SYNTHETIC_CUSTOMERS,ALL_SYNTHETIC_PROGRAMS,CONTROLS,SYNTHETIC_INTERNAL,SNP-COOLIT-20260925-BL,SCN-BASELINE,P-CTRL-006,A,Controls module family 6,COMPONENT,CONTROLS,BUY,EA,false,true,ACTIVE,16,DIRECT_MATERIAL,427.67,false
TEN-COOLIT-SYN-001,SITE-COOLIT-SYN-01,ERP,ITEM_MASTER,P-COMP-001,P-COMP-001,RESOLVED,2026-09-25T23:59:59-06:00,2026-09-26T08:00:00-06:00,2026-06-29T00:00:00-06:00,,1,,false,ACTIVE,EA,CAD,VALID,CURRENT,coolit-synthetic-v2.0.0,ALL_SYNTHETIC_CUSTOMERS,ALL_SYNTHETIC_PROGRAMS,TUBING,SYNTHETIC_INTERNAL,SNP-COOLIT-20260925-BL,SCN-BASELINE,P-COMP-001,A,TUBING synthetic component 001,COMPONENT,TUBING,BUY,EA,true,false,ACTIVE,23,DIRECT_MATERIAL,438,false
TEN-COOLIT-SYN-001,SITE-COOLIT-SYN-01,ERP,ITEM_MASTER,P-COMP-002,P-COMP-002,RESOLVED,2026-09-25T23:59:59-06:00,2026-09-26T08:00:00-06:00,2026-06-29T00:00:00-06:00,,1,,false,ACTIVE,EA,CAD,VALID,CURRENT,coolit-synthetic-v2.0.0,ALL_SYNTHETIC_CUSTOMERS,ALL_SYNTHETIC_PROGRAMS,VALVE,SYNTHETIC_INTERNAL,SNP-COOLIT-20260925-BL,SCN-BASELINE,P-COMP-002,A,VALVE synthetic component 002,COMPONENT,VALVE,BUY,EA,true,false,ACTIVE,30,DIRECT_MATERIAL,448.33,false
TEN-COOLIT-SYN-001,SITE-COOLIT-SYN-01,ERP,ITEM_MASTER,P-COMP-003,P-COMP-003,RESOLVED,2026-09-25T23:59:59-06:00,2026-09-26T08:00:00-06:00,2026-06-29T00:00:00-06:00,,1,,false,ACTIVE,EA,CAD,VALID,CURRENT,coolit-synthetic-v2.0.0,ALL_SYNTHETIC_CUSTOMERS,ALL_SYNTHETIC_PROGRAMS,SENSOR,SYNTHETIC_INTERNAL,SNP-COOLIT-20260925-BL,SCN-BASELINE,P-COMP-003,A,SENSOR synthetic component 003,COMPONENT,SENSOR,BUY,EA,true,false,ACTIVE,37,DIRECT_MATERIAL,458.67,false
TEN-COOLIT-SYN-001,SITE-COOLIT-SYN-01,ERP,ITEM_MASTER,P-COMP-004,P-COMP-004,RESOLVED,2026-09-25T23:59:59-06:00,2026-09-26T08:00:00-06:00,2026-06-29T00:00:00-06:00,,1,,false,ACTIVE,EA,CAD,VALID,CURRENT,coolit-synthetic-v2.0.0,ALL_SYNTHETIC_CUSTOMERS,ALL_SYNTHETIC_PROGRAMS,COLDPLATE_BLANK,SYNTHETIC_INTERNAL,SNP-COOLIT-20260925-BL,SCN-BASELINE,P-COMP-004,A,COLDPLATE BLANK synthetic component 004,COMPONENT,COLDPLATE_BLANK,BUY,EA,true,false,ACTIVE,44,DIRECT_MATERIAL,469,false
TEN-COOLIT-SYN-001,SITE-COOLIT-SYN-01,ERP,ITEM_MASTER,P-COMP-005,P-COMP-005,RESOLVED,2026-09-25T23:59:59-06:00,2026-09-26T08:00:00-06:00,2026-06-29T00:00:00-06:00,,1,,false,ACTIVE,EA,CAD,VALID,CURRENT,coolit-synthetic-v2.0.0,ALL_SYNTHETIC_CUSTOMERS,ALL_SYNTHETIC_PROGRAMS,MANIFOLD_TUBE,SYNTHETIC_INTERNAL,SNP-COOLIT-20260925-BL,SCN-BASELINE,P-COMP-005,A,MANIFOLD TUBE synthetic component 005,COMPONENT,MANIFOLD_TUBE,BUY,EA,true,false,ACTIVE,51,DIRECT_MATERIAL,479.33,false
TEN-COOLIT-SYN-001,SITE-COOLIT-SYN-01,ERP,ITEM_MASTER,P-COMP-006,P-COMP-006,RESOLVED,2026-09-25T23:59:59-06:00,2026-09-26T08:00:00-06:00,2026-06-29T00:00:00-06:00,,1,,false,ACTIVE,EA,CAD,VALID,CURRENT,coolit-synthetic-v2.0.0,ALL_SYNTHETIC_CUSTOMERS,ALL_SYNTHETIC_PROGRAMS,FRAME,SYNTHETIC_INTERNAL,SNP-COOLIT-20260925-BL,SCN-BASELINE,P-COMP-006,A,FRAME synthetic component 006,COMPONENT,FRAME,BUY,EA,true,false,PHASE_OUT,58,DIRECT_MATERIAL,489.67,false
TEN-COOLIT-SYN-001,SITE-COOLIT-SYN-01,ERP,ITEM_MASTER,P-COMP-007,P-COMP-007,RESOLVED,2026-09-25T23:59:59-06:00,2026-09-26T08:00:00-06:00,2026-06-29T00:00:00-06:00,,1,,false,ACTIVE,EA,CAD,VALID,CURRENT,coolit-synthetic-v2.0.0,ALL_SYNTHETIC_CUSTOMERS,ALL_SYNTHETIC_PROGRAMS,HARNESS,SYNTHETIC_INTERNAL,SNP-COOLIT-20260925-BL,SCN-BASELINE,P-COMP-007,A,HARNESS synthetic component 007,COMPONENT,HARNESS,BUY,EA,true,false,ACTIVE,65,DIRECT_MATERIAL,500,false
TEN-COOLIT-SYN-001,SITE-COOLIT-SYN-01,ERP,ITEM_MASTER,P-COMP-008,P-COMP-008,RESOLVED,2026-09-25T23:59:59-06:00,2026-09-26T08:00:00-06:00,2026-06-29T00:00:00-06:00,,1,,false,ACTIVE,EA,CAD,VALID,CURRENT,coolit-synthetic-v2.0.0,ALL_SYNTHETIC_CUSTOMERS,ALL_SYNTHETIC_PROGRAMS,FILTER,SYNTHETIC_INTERNAL,SNP-COOLIT-20260925-BL,SCN-BASELINE,P-COMP-008,A,FILTER synthetic component 008,COMPONENT,FILTER,BUY,EA,true,false,ACTIVE,15,DIRECT_MATERIAL,510.33,false
TEN-COOLIT-SYN-001,SITE-COOLIT-SYN-01,ERP,ITEM_MASTER,P-COMP-009,P-COMP-009,RESOLVED,2026-09-25T23:59:59-06:00,2026-09-26T08:00:00-06:00,2026-06-29T00:00:00-06:00,,1,,false,ACTIVE,EA,CAD,VALID,CURRENT,coolit-synthetic-v2.0.0,ALL_SYNTHETIC_CUSTOMERS,ALL_SYNTHETIC_PROGRAMS,FASTENER,SYNTHETIC_INTERNAL,SNP-COOLIT-20260925-BL,SCN-BASELINE,P-COMP-009,A,FASTENER synthetic component 009,COMPONENT,FASTENER,BUY,EA,false,false,ACTIVE,22,LOW_VALUE,520.67,false
TEN-COOLIT-SYN-001,SITE-COOLIT-SYN-01,ERP,ITEM_MASTER,P-COMP-010,P-COMP-010,RESOLVED,2026-09-25T23:59:59-06:00,2026-09-26T08:00:00-06:00,2026-06-29T00:00:00-06:00,,1,,false,ACTIVE,EA,CAD,VALID,CURRENT,coolit-synthetic-v2.0.0,ALL_SYNTHETIC_CUSTOMERS,ALL_SYNTHETIC_PROGRAMS,PACKAGING,SYNTHETIC_INTERNAL,SNP-COOLIT-20260925-BL,SCN-BASELINE,P-COMP-010,A,PACKAGING synthetic component 010,COMPONENT,PACKAGING,BUY,EA,false,false,ACTIVE,29,DIRECT_MATERIAL,531,false
TEN-COOLIT-SYN-001,SITE-COOLIT-SYN-01,ERP,ITEM_MASTER,P-COMP-011,P-COMP-011,RESOLVED,2026-09-25T23:59:59-06:00,2026-09-26T08:00:00-06:00,2026-06-29T00:00:00-06:00,,1,,false,ACTIVE,EA,CAD,VALID,CURRENT,coolit-synthetic-v2.0.0,ALL_SYNTHETIC_CUSTOMERS,ALL_SYNTHETIC_PROGRAMS,TUBING,SYNTHETIC_INTERNAL,SNP-COOLIT-20260925-BL,SCN-BASELINE,P-COMP-011,A,TUBING synthetic component 011,COMPONENT,TUBING,BUY,EA,true,false,ACTIVE,36,DIRECT_MATERIAL,541.33,false
TEN-COOLIT-SYN-001,SITE-COOLIT-SYN-01,ERP,ITEM_MASTER,P-COMP-012,P-COMP-012,RESOLVED,2026-09-25T23:59:59-06:00,2026-09-26T08:00:00-06:00,2026-06-29T00:00:00-06:00,,1,,false,ACTIVE,EA,CAD,VALID,CURRENT,coolit-synthetic-v2.0.0,ALL_SYNTHETIC_CUSTOMERS,ALL_SYNTHETIC_PROGRAMS,VALVE,SYNTHETIC_INTERNAL,SNP-COOLIT-20260925-BL,SCN-BASELINE,P-COMP-012,A,VALVE synthetic component 012,COMPONENT,VALVE,BUY,EA,true,false,ACTIVE,43,DIRECT_MATERIAL,551.67,false
TEN-COOLIT-SYN-001,SITE-COOLIT-SYN-01,ERP,ITEM_MASTER,P-COMP-013,P-COMP-013,RESOLVED,2026-09-25T23:59:59-06:00,2026-09-26T08:00:00-06:00,2026-06-29T00:00:00-06:00,,1,,false,ACTIVE,EA,CAD,VALID,CURRENT,coolit-synthetic-v2.0.0,ALL_SYNTHETIC_CUSTOMERS,ALL_SYNTHETIC_PROGRAMS,SENSOR,SYNTHETIC_INTERNAL,SNP-COOLIT-20260925-BL,SCN-BASELINE,P-COMP-013,A,SENSOR synthetic component 013,COMPONENT,SENSOR,BUY,EA,true,false,ACTIVE,50,DIRECT_MATERIAL,562,false
TEN-COOLIT-SYN-001,SITE-COOLIT-SYN-01,ERP,ITEM_MASTER,P-COMP-014,P-COMP-014,RESOLVED,2026-09-25T23:59:59-06:00,2026-09-26T08:00:00-06:00,2026-06-29T00:00:00-06:00,,1,,false,ACTIVE,EA,CAD,VALID,CURRENT,coolit-synthetic-v2.0.0,ALL_SYNTHETIC_CUSTOMERS,ALL_SYNTHETIC_PROGRAMS,COLDPLATE_BLANK,SYNTHETIC_INTERNAL,SNP-COOLIT-20260925-BL,SCN-BASELINE,P-COMP-014,A,COLDPLATE BLANK synthetic component 014,COMPONENT,COLDPLATE_BLANK,BUY,EA,true,false,ACTIVE,57,DIRECT_MATERIAL,572.33,false
TEN-COOLIT-SYN-001,SITE-COOLIT-SYN-01,ERP,ITEM_MASTER,P-COMP-015,P-COMP-015,RESOLVED,2026-09-25T23:59:59-06:00,2026-09-26T08:00:00-06:00,2026-06-29T00:00:00-06:00,,1,,false,ACTIVE,EA,CAD,VALID,CURRENT,coolit-synthetic-v2.0.0,ALL_SYNTHETIC_CUSTOMERS,ALL_SYNTHETIC_PROGRAMS,MANIFOLD_TUBE,SYNTHETIC_INTERNAL,SNP-COOLIT-20260925-BL,SCN-BASELINE,P-COMP-015,A,MANIFOLD TUBE synthetic component 015,COMPONENT,MANIFOLD_TUBE,BUY,EA,true,false,ACTIVE,64,DIRECT_MATERIAL,582.67,false
TEN-COOLIT-SYN-001,SITE-COOLIT-SYN-01,ERP,ITEM_MASTER,P-COMP-016,P-COMP-016,RESOLVED,2026-09-25T23:59:59-06:00,2026-09-26T08:00:00-06:00,2026-06-29T00:00:00-06:00,,1,,false,ACTIVE,EA,CAD,VALID,CURRENT,coolit-synthetic-v2.0.0,ALL_SYNTHETIC_CUSTOMERS,ALL_SYNTHETIC_PROGRAMS,FRAME,SYNTHETIC_INTERNAL,SNP-COOLIT-20260925-BL,SCN-BASELINE,P-COMP-016,A,FRAME synthetic component 016,SUBASSEMBLY,FRAME,MAKE,EA,true,false,ACTIVE,12,DIRECT_MATERIAL,593,false
TEN-COOLIT-SYN-001,SITE-COOLIT-SYN-01,ERP,ITEM_MASTER,P-COMP-017,P-COMP-017,RESOLVED,2026-09-25T23:59:59-06:00,2026-09-26T08:00:00-06:00,2026-06-29T00:00:00-06:00,,1,,false,ACTIVE,EA,CAD,VALID,CURRENT,coolit-synthetic-v2.0.0,ALL_SYNTHETIC_CUSTOMERS,ALL_SYNTHETIC_PROGRAMS,HARNESS,SYNTHETIC_INTERNAL,SNP-COOLIT-20260925-BL,SCN-BASELINE,P-COMP-017,A,HARNESS synthetic component 017,COMPONENT,HARNESS,BUY,EA,true,false,ACTIVE,21,DIRECT_MATERIAL,603.33,false
TEN-COOLIT-SYN-001,SITE-COOLIT-SYN-01,ERP,ITEM_MASTER,P-COMP-018,P-COMP-018,RESOLVED,2026-09-25T23:59:59-06:00,2026-09-26T08:00:00-06:00,2026-06-29T00:00:00-06:00,,1,,false,ACTIVE,EA,CAD,VALID,CURRENT,coolit-synthetic-v2.0.0,ALL_SYNTHETIC_CUSTOMERS,ALL_SYNTHETIC_PROGRAMS,FILTER,SYNTHETIC_INTERNAL,SNP-COOLIT-20260925-BL,SCN-BASELINE,P-COMP-018,A,FILTER synthetic component 018,COMPONENT,FILTER,BUY,EA,true,false,ACTIVE,28,DIRECT_MATERIAL,613.67,false
TEN-COOLIT-SYN-001,SITE-COOLIT-SYN-01,ERP,ITEM_MASTER,P-COMP-019,P-COMP-019,RESOLVED,2026-09-25T23:59:59-06:00,2026-09-26T08:00:00-06:00,2026-06-29T00:00:00-06:00,,1,,false,ACTIVE,EA,CAD,VALID,CURRENT,coolit-synthetic-v2.0.0,ALL_SYNTHETIC_CUSTOMERS,ALL_SYNTHETIC_PROGRAMS,FASTENER,SYNTHETIC_INTERNAL,SNP-COOLIT-20260925-BL,SCN-BASELINE,P-COMP-019,A,FASTENER synthetic component 019,COMPONENT,FASTENER,BUY,EA,false,false,ACTIVE,35,LOW_VALUE,624,false
TEN-COOLIT-SYN-001,SITE-COOLIT-SYN-01,ERP,ITEM_MASTER,P-COMP-020,P-COMP-020,RESOLVED,2026-09-25T23:59:59-06:00,2026-09-26T08:00:00-06:00,2026-06-29T00:00:00-06:00,,1,,false,ACTIVE,EA,CAD,VALID,CURRENT,coolit-synthetic-v2.0.0,ALL_SYNTHETIC_CUSTOMERS,ALL_SYNTHETIC_PROGRAMS,PACKAGING,SYNTHETIC_INTERNAL,SNP-COOLIT-20260925-BL,SCN-BASELINE,P-COMP-020,A,PACKAGING synthetic component 020,COMPONENT,PACKAGING,BUY,EA,false,false,ACTIVE,42,DIRECT_MATERIAL,634.33,false
TEN-COOLIT-SYN-001,SITE-COOLIT-SYN-01,ERP,ITEM_MASTER,P-COMP-021,P-COMP-021,RESOLVED,2026-09-25T23:59:59-06:00,2026-09-26T08:00:00-06:00,2026-06-29T00:00:00-06:00,,1,,false,ACTIVE,EA,CAD,VALID,CURRENT,coolit-synthetic-v2.0.0,ALL_SYNTHETIC_CUSTOMERS,ALL_SYNTHETIC_PROGRAMS,TUBING,SYNTHETIC_INTERNAL,SNP-COOLIT-20260925-BL,SCN-BASELINE,P-COMP-021,A,TUBING synthetic component 021,COMPONENT,TUBING,BUY,EA,true,false,ACTIVE,49,DIRECT_MATERIAL,644.67,false
TEN-COOLIT-SYN-001,SITE-COOLIT-SYN-01,ERP,ITEM_MASTER,P-COMP-022,P-COMP-022,RESOLVED,2026-09-25T23:59:59-06:00,2026-09-26T08:00:00-06:00,2026-06-29T00:00:00-06:00,,1,,false,ACTIVE,EA,CAD,VALID,CURRENT,coolit-synthetic-v2.0.0,ALL_SYNTHETIC_CUSTOMERS,ALL_SYNTHETIC_PROGRAMS,VALVE,SYNTHETIC_INTERNAL,SNP-COOLIT-20260925-BL,SCN-BASELINE,P-COMP-022,A,VALVE synthetic component 022,COMPONENT,VALVE,BUY,EA,true,false,ACTIVE,56,DIRECT_MATERIAL,655,false
TEN-COOLIT-SYN-001,SITE-COOLIT-SYN-01,ERP,ITEM_MASTER,P-COMP-023,P-COMP-023,RESOLVED,2026-09-25T23:59:59-06:00,2026-09-26T08:00:00-06:00,2026-06-29T00:00:00-06:00,,1,,false,ACTIVE,EA,CAD,VALID,CURRENT,coolit-synthetic-v2.0.0,ALL_SYNTHETIC_CUSTOMERS,ALL_SYNTHETIC_PROGRAMS,SENSOR,SYNTHETIC_INTERNAL,SNP-COOLIT-20260925-BL,SCN-BASELINE,P-COMP-023,A,SENSOR synthetic component 023,COMPONENT,SENSOR,BUY,EA,true,false,ACTIVE,63,DIRECT_MATERIAL,665.33,false
TEN-COOLIT-SYN-001,SITE-COOLIT-SYN-01,ERP,ITEM_MASTER,P-COMP-024,P-COMP-024,RESOLVED,2026-09-25T23:59:59-06:00,2026-09-26T08:00:00-06:00,2026-06-29T00:00:00-06:00,,1,,false,ACTIVE,EA,CAD,VALID,CURRENT,coolit-synthetic-v2.0.0,ALL_SYNTHETIC_CUSTOMERS,ALL_SYNTHETIC_PROGRAMS,COLDPLATE_BLANK,SYNTHETIC_INTERNAL,SNP-COOLIT-20260925-BL,SCN-BASELINE,P-COMP-024,A,COLDPLATE BLANK synthetic component 024,COMPONENT,COLDPLATE_BLANK,BUY,EA,true,false,ACTIVE,70,DIRECT_MATERIAL,675.67,false
TEN-COOLIT-SYN-001,SITE-COOLIT-SYN-01,ERP,ITEM_MASTER,P-COMP-025,P-COMP-025,RESOLVED,2026-09-25T23:59:59-06:00,2026-09-26T08:00:00-06:00,2026-06-29T00:00:00-06:00,,1,,false,ACTIVE,EA,CAD,VALID,CURRENT,coolit-synthetic-v2.0.0,ALL_SYNTHETIC_CUSTOMERS,ALL_SYNTHETIC_PROGRAMS,MANIFOLD_TUBE,SYNTHETIC_INTERNAL,SNP-COOLIT-20260925-BL,SCN-BASELINE,P-COMP-025,A,MANIFOLD TUBE synthetic component 025,COMPONENT,MANIFOLD_TUBE,BUY,EA,true,false,ACTIVE,20,DIRECT_MATERIAL,686,false
TEN-COOLIT-SYN-001,SITE-COOLIT-SYN-01,ERP,ITEM_MASTER,P-COMP-026,P-COMP-026,RESOLVED,2026-09-25T23:59:59-06:00,2026-09-26T08:00:00-06:00,2026-06-29T00:00:00-06:00,,1,,false,ACTIVE,EA,CAD,VALID,CURRENT,coolit-synthetic-v2.0.0,ALL_SYNTHETIC_CUSTOMERS,ALL_SYNTHETIC_PROGRAMS,FRAME,SYNTHETIC_INTERNAL,SNP-COOLIT-20260925-BL,SCN-BASELINE,P-COMP-026,A,FRAME synthetic component 026,COMPONENT,FRAME,BUY,EA,true,false,ACTIVE,27,DIRECT_MATERIAL,696.33,false
TEN-COOLIT-SYN-001,SITE-COOLIT-SYN-01,ERP,ITEM_MASTER,P-COMP-027,P-COMP-027,RESOLVED,2026-09-25T23:59:59-06:00,2026-09-26T08:00:00-06:00,2026-06-29T00:00:00-06:00,,1,,false,ACTIVE,EA,CAD,VALID,CURRENT,coolit-synthetic-v2.0.0,ALL_SYNTHETIC_CUSTOMERS,ALL_SYNTHETIC_PROGRAMS,HARNESS,SYNTHETIC_INTERNAL,SNP-COOLIT-20260925-BL,SCN-BASELINE,P-COMP-027,A,HARNESS synthetic component 027,COMPONENT,HARNESS,BUY,EA,true,false,ACTIVE,34,DIRECT_MATERIAL,706.67,false
TEN-COOLIT-SYN-001,SITE-COOLIT-SYN-01,ERP,ITEM_MASTER,P-COMP-028,P-COMP-028,RESOLVED,2026-09-25T23:59:59-06:00,2026-09-26T08:00:00-06:00,2026-06-29T00:00:00-06:00,,1,,false,ACTIVE,EA,CAD,VALID,CURRENT,coolit-synthetic-v2.0.0,ALL_SYNTHETIC_CUSTOMERS,ALL_SYNTHETIC_PROGRAMS,FILTER,SYNTHETIC_INTERNAL,SNP-COOLIT-20260925-BL,SCN-BASELINE,P-COMP-028,A,FILTER synthetic component 028,COMPONENT,FILTER,BUY,EA,true,false,ACTIVE,41,DIRECT_MATERIAL,717,false
TEN-COOLIT-SYN-001,SITE-COOLIT-SYN-01,ERP,ITEM_MASTER,P-COMP-029,P-COMP-029,RESOLVED,2026-09-25T23:59:59-06:00,2026-09-26T08:00:00-06:00,2026-06-29T00:00:00-06:00,,1,,false,ACTIVE,EA,CAD,VALID,CURRENT,coolit-synthetic-v2.0.0,ALL_SYNTHETIC_CUSTOMERS,ALL_SYNTHETIC_PROGRAMS,FASTENER,SYNTHETIC_INTERNAL,SNP-COOLIT-20260925-BL,SCN-BASELINE,P-COMP-029,A,FASTENER synthetic component 029,COMPONENT,FASTENER,BUY,EA,false,false,ACTIVE,48,LOW_VALUE,727.33,false
TEN-COOLIT-SYN-001,SITE-COOLIT-SYN-01,ERP,ITEM_MASTER,P-COMP-030,P-COMP-030,RESOLVED,2026-09-25T23:59:59-06:00,2026-09-26T08:00:00-06:00,2026-06-29T00:00:00-06:00,,1,,false,ACTIVE,EA,CAD,VALID,CURRENT,coolit-synthetic-v2.0.0,ALL_SYNTHETIC_CUSTOMERS,ALL_SYNTHETIC_PROGRAMS,PACKAGING,SYNTHETIC_INTERNAL,SNP-COOLIT-20260925-BL,SCN-BASELINE,P-COMP-030,A,PACKAGING synthetic component 030,COMPONENT,PACKAGING,BUY,EA,false,false,ACTIVE,55,DIRECT_MATERIAL,737.67,false
TEN-COOLIT-SYN-001,SITE-COOLIT-SYN-01,ERP,ITEM_MASTER,P-COMP-031,P-COMP-031,RESOLVED,2026-09-25T23:59:59-06:00,2026-09-26T08:00:00-06:00,2026-06-29T00:00:00-06:00,,1,,false,ACTIVE,EA,CAD,VALID,CURRENT,coolit-synthetic-v2.0.0,ALL_SYNTHETIC_CUSTOMERS,ALL_SYNTHETIC_PROGRAMS,TUBING,SYNTHETIC_INTERNAL,SNP-COOLIT-20260925-BL,SCN-BASELINE,P-COMP-031,A,TUBING synthetic component 031,COMPONENT,TUBING,BUY,EA,true,false,ACTIVE,62,DIRECT_MATERIAL,748,false
TEN-COOLIT-SYN-001,SITE-COOLIT-SYN-01,ERP,ITEM_MASTER,P-COMP-032,P-COMP-032,RESOLVED,2026-09-25T23:59:59-06:00,2026-09-26T08:00:00-06:00,2026-06-29T00:00:00-06:00,,1,,false,ACTIVE,EA,CAD,VALID,CURRENT,coolit-synthetic-v2.0.0,ALL_SYNTHETIC_CUSTOMERS,ALL_SYNTHETIC_PROGRAMS,VALVE,SYNTHETIC_INTERNAL,SNP-COOLIT-20260925-BL,SCN-BASELINE,P-COMP-032,A,VALVE synthetic component 032,COMPONENT,VALVE,BUY,EA,true,false,ACTIVE,69,DIRECT_MATERIAL,758.33,false
TEN-COOLIT-SYN-001,SITE-COOLIT-SYN-01,ERP,ITEM_MASTER,P-COMP-033,P-COMP-033,RESOLVED,2026-09-25T23:59:59-06:00,2026-09-26T08:00:00-06:00,2026-06-29T00:00:00-06:00,,1,,false,ACTIVE,EA,CAD,VALID,CURRENT,coolit-synthetic-v2.0.0,ALL_SYNTHETIC_CUSTOMERS,ALL_SYNTHETIC_PROGRAMS,SENSOR,SYNTHETIC_INTERNAL,SNP-COOLIT-20260925-BL,SCN-BASELINE,P-COMP-033,A,SENSOR synthetic component 033,COMPONENT,SENSOR,BUY,EA,true,false,ACTIVE,19,DIRECT_MATERIAL,768.67,false
TEN-COOLIT-SYN-001,SITE-COOLIT-SYN-01,ERP,ITEM_MASTER,P-COMP-034,P-COMP-034,RESOLVED,2026-09-25T23:59:59-06:00,2026-09-26T08:00:00-06:00,2026-06-29T00:00:00-06:00,,1,,false,ACTIVE,EA,CAD,VALID,CURRENT,coolit-synthetic-v2.0.0,ALL_SYNTHETIC_CUSTOMERS,ALL_SYNTHETIC_PROGRAMS,COLDPLATE_BLANK,SYNTHETIC_INTERNAL,SNP-COOLIT-20260925-BL,SCN-BASELINE,P-COMP-034,A,COLDPLATE BLANK synthetic component 034,COMPONENT,COLDPLATE_BLANK,BUY,EA,true,false,ACTIVE,26,DIRECT_MATERIAL,779,false
TEN-COOLIT-SYN-001,SITE-COOLIT-SYN-01,ERP,ITEM_MASTER,P-COMP-035,P-COMP-035,RESOLVED,2026-09-25T23:59:59-06:00,2026-09-26T08:00:00-06:00,2026-06-29T00:00:00-06:00,,1,,false,ACTIVE,EA,CAD,VALID,CURRENT,coolit-synthetic-v2.0.0,ALL_SYNTHETIC_CUSTOMERS,ALL_SYNTHETIC_PROGRAMS,MANIFOLD_TUBE,SYNTHETIC_INTERNAL,SNP-COOLIT-20260925-BL,SCN-BASELINE,P-COMP-035,A,MANIFOLD TUBE synthetic component 035,SUBASSEMBLY,MANIFOLD_TUBE,MAKE,EA,true,false,ACTIVE,7,DIRECT_MATERIAL,789.33,false
TEN-COOLIT-SYN-001,SITE-COOLIT-SYN-01,ERP,ITEM_MASTER,P-COMP-036,P-COMP-036,RESOLVED,2026-09-25T23:59:59-06:00,2026-09-26T08:00:00-06:00,2026-06-29T00:00:00-06:00,,1,,false,ACTIVE,EA,CAD,VALID,CURRENT,coolit-synthetic-v2.0.0,ALL_SYNTHETIC_CUSTOMERS,ALL_SYNTHETIC_PROGRAMS,FRAME,SYNTHETIC_INTERNAL,SNP-COOLIT-20260925-BL,SCN-BASELINE,P-COMP-036,A,FRAME synthetic component 036,COMPONENT,FRAME,BUY,EA,true,false,ACTIVE,40,DIRECT_MATERIAL,799.67,false
TEN-COOLIT-SYN-001,SITE-COOLIT-SYN-01,ERP,ITEM_MASTER,P-COMP-037,P-COMP-037,RESOLVED,2026-09-25T23:59:59-06:00,2026-09-26T08:00:00-06:00,2026-06-29T00:00:00-06:00,,1,,false,ACTIVE,EA,CAD,VALID,CURRENT,coolit-synthetic-v2.0.0,ALL_SYNTHETIC_CUSTOMERS,ALL_SYNTHETIC_PROGRAMS,HARNESS,SYNTHETIC_INTERNAL,SNP-COOLIT-20260925-BL,SCN-BASELINE,P-COMP-037,A,HARNESS synthetic component 037,COMPONENT,HARNESS,BUY,EA,true,false,ACTIVE,47,DIRECT_MATERIAL,810,false
TEN-COOLIT-SYN-001,SITE-COOLIT-SYN-01,ERP,ITEM_MASTER,P-COMP-038,P-COMP-038,RESOLVED,2026-09-25T23:59:59-06:00,2026-09-26T08:00:00-06:00,2026-06-29T00:00:00-06:00,,1,,false,ACTIVE,EA,CAD,VALID,CURRENT,coolit-synthetic-v2.0.0,ALL_SYNTHETIC_CUSTOMERS,ALL_SYNTHETIC_PROGRAMS,FILTER,SYNTHETIC_INTERNAL,SNP-COOLIT-20260925-BL,SCN-BASELINE,P-COMP-038,A,FILTER synthetic component 038,COMPONENT,FILTER,BUY,EA,true,false,ACTIVE,54,DIRECT_MATERIAL,820.33,false
TEN-COOLIT-SYN-001,SITE-COOLIT-SYN-01,ERP,ITEM_MASTER,P-COMP-039,P-COMP-039,RESOLVED,2026-09-25T23:59:59-06:00,2026-09-26T08:00:00-06:00,2026-06-29T00:00:00-06:00,,1,,false,ACTIVE,EA,CAD,VALID,CURRENT,coolit-synthetic-v2.0.0,ALL_SYNTHETIC_CUSTOMERS,ALL_SYNTHETIC_PROGRAMS,FASTENER,SYNTHETIC_INTERNAL,SNP-COOLIT-20260925-BL,SCN-BASELINE,P-COMP-039,A,FASTENER synthetic component 039,COMPONENT,FASTENER,BUY,EA,false,false,ACTIVE,61,LOW_VALUE,830.67,false
TEN-COOLIT-SYN-001,SITE-COOLIT-SYN-01,ERP,ITEM_MASTER,P-COMP-040,P-COMP-040,RESOLVED,2026-09-25T23:59:59-06:00,2026-09-26T08:00:00-06:00,2026-06-29T00:00:00-06:00,,1,,false,ACTIVE,EA,CAD,VALID,CURRENT,coolit-synthetic-v2.0.0,ALL_SYNTHETIC_CUSTOMERS,ALL_SYNTHETIC_PROGRAMS,PACKAGING,SYNTHETIC_INTERNAL,SNP-COOLIT-20260925-BL,SCN-BASELINE,P-COMP-040,A,PACKAGING synthetic component 040,COMPONENT,PACKAGING,BUY,EA,false,false,ACTIVE,68,DIRECT_MATERIAL,841,false
TEN-COOLIT-SYN-001,SITE-COOLIT-SYN-01,ERP,ITEM_MASTER,P-COMP-041,P-COMP-041,RESOLVED,2026-09-25T23:59:59-06:00,2026-09-26T08:00:00-06:00,2026-06-29T00:00:00-06:00,,1,,false,ACTIVE,EA,CAD,VALID,CURRENT,coolit-synthetic-v2.0.0,ALL_SYNTHETIC_CUSTOMERS,ALL_SYNTHETIC_PROGRAMS,TUBING,SYNTHETIC_INTERNAL,SNP-COOLIT-20260925-BL,SCN-BASELINE,P-COMP-041,A,TUBING synthetic component 041,COMPONENT,TUBING,BUY,EA,true,false,ACTIVE,18,DIRECT_MATERIAL,851.33,false
TEN-COOLIT-SYN-001,SITE-COOLIT-SYN-01,ERP,ITEM_MASTER,P-COMP-042,P-COMP-042,RESOLVED,2026-09-25T23:59:59-06:00,2026-09-26T08:00:00-06:00,2026-06-29T00:00:00-06:00,,1,,false,ACTIVE,EA,CAD,VALID,CURRENT,coolit-synthetic-v2.0.0,ALL_SYNTHETIC_CUSTOMERS,ALL_SYNTHETIC_PROGRAMS,VALVE,SYNTHETIC_INTERNAL,SNP-COOLIT-20260925-BL,SCN-BASELINE,P-COMP-042,A,VALVE synthetic component 042,COMPONENT,VALVE,BUY,EA,true,false,ACTIVE,25,DIRECT_MATERIAL,861.67,false
TEN-COOLIT-SYN-001,SITE-COOLIT-SYN-01,ERP,ITEM_MASTER,P-COMP-043,P-COMP-043,RESOLVED,2026-09-25T23:59:59-06:00,2026-09-26T08:00:00-06:00,2026-06-29T00:00:00-06:00,,1,,false,ACTIVE,EA,CAD,VALID,CURRENT,coolit-synthetic-v2.0.0,ALL_SYNTHETIC_CUSTOMERS,ALL_SYNTHETIC_PROGRAMS,SENSOR,SYNTHETIC_INTERNAL,SNP-COOLIT-20260925-BL,SCN-BASELINE,P-COMP-043,A,SENSOR synthetic component 043,COMPONENT,SENSOR,BUY,EA,true,false,ACTIVE,32,DIRECT_MATERIAL,872,false
TEN-COOLIT-SYN-001,SITE-COOLIT-SYN-01,ERP,ITEM_MASTER,P-COMP-044,P-COMP-044,RESOLVED,2026-09-25T23:59:59-06:00,2026-09-26T08:00:00-06:00,2026-06-29T00:00:00-06:00,,1,,false,ACTIVE,EA,CAD,VALID,CURRENT,coolit-synthetic-v2.0.0,ALL_SYNTHETIC_CUSTOMERS,ALL_SYNTHETIC_PROGRAMS,COLDPLATE_BLANK,SYNTHETIC_INTERNAL,SNP-COOLIT-20260925-BL,SCN-BASELINE,P-COMP-044,A,COLDPLATE BLANK synthetic component 044,COMPONENT,COLDPLATE_BLANK,BUY,EA,true,false,ACTIVE,39,DIRECT_MATERIAL,882.33,false
TEN-COOLIT-SYN-001,SITE-COOLIT-SYN-01,ERP,ITEM_MASTER,P-COMP-045,P-COMP-045,RESOLVED,2026-09-25T23:59:59-06:00,2026-09-26T08:00:00-06:00,2026-06-29T00:00:00-06:00,,1,,false,ACTIVE,EA,CAD,VALID,CURRENT,coolit-synthetic-v2.0.0,ALL_SYNTHETIC_CUSTOMERS,ALL_SYNTHETIC_PROGRAMS,MANIFOLD_TUBE,SYNTHETIC_INTERNAL,SNP-COOLIT-20260925-BL,SCN-BASELINE,P-COMP-045,A,MANIFOLD TUBE synthetic component 045,COMPONENT,MANIFOLD_TUBE,BUY,EA,true,false,ACTIVE,46,DIRECT_MATERIAL,892.67,false
TEN-COOLIT-SYN-001,SITE-COOLIT-SYN-01,ERP,ITEM_MASTER,P-COMP-046,P-COMP-046,RESOLVED,2026-09-25T23:59:59-06:00,2026-09-26T08:00:00-06:00,2026-06-29T00:00:00-06:00,,1,,false,ACTIVE,EA,CAD,VALID,CURRENT,coolit-synthetic-v2.0.0,ALL_SYNTHETIC_CUSTOMERS,ALL_SYNTHETIC_PROGRAMS,FRAME,SYNTHETIC_INTERNAL,SNP-COOLIT-20260925-BL,SCN-BASELINE,P-COMP-046,A,FRAME synthetic component 046,COMPONENT,FRAME,BUY,EA,true,false,ACTIVE,53,DIRECT_MATERIAL,903,false
TEN-COOLIT-SYN-001,SITE-COOLIT-SYN-01,ERP,ITEM_MASTER,P-COMP-047,P-COMP-047,RESOLVED,2026-09-25T23:59:59-06:00,2026-09-26T08:00:00-06:00,2026-06-29T00:00:00-06:00,,1,,false,ACTIVE,EA,CAD,VALID,CURRENT,coolit-synthetic-v2.0.0,ALL_SYNTHETIC_CUSTOMERS,ALL_SYNTHETIC_PROGRAMS,HARNESS,SYNTHETIC_INTERNAL,SNP-COOLIT-20260925-BL,SCN-BASELINE,P-COMP-047,A,HARNESS synthetic component 047,COMPONENT,HARNESS,BUY,EA,true,false,ACTIVE,60,DIRECT_MATERIAL,913.33,false
TEN-COOLIT-SYN-001,SITE-COOLIT-SYN-01,ERP,ITEM_MASTER,P-COMP-048,P-COMP-048,RESOLVED,2026-09-25T23:59:59-06:00,2026-09-26T08:00:00-06:00,2026-06-29T00:00:00-06:00,,1,,false,ACTIVE,EA,CAD,VALID,CURRENT,coolit-synthetic-v2.0.0,ALL_SYNTHETIC_CUSTOMERS,ALL_SYNTHETIC_PROGRAMS,FILTER,SYNTHETIC_INTERNAL,SNP-COOLIT-20260925-BL,SCN-BASELINE,P-COMP-048,A,FILTER synthetic component 048,COMPONENT,FILTER,BUY,EA,true,false,ACTIVE,67,DIRECT_MATERIAL,923.67,false
TEN-COOLIT-SYN-001,SITE-COOLIT-SYN-01,ERP,ITEM_MASTER,P-COMP-049,P-COMP-049,RESOLVED,2026-09-25T23:59:59-06:00,2026-09-26T08:00:00-06:00,2026-06-29T00:00:00-06:00,,1,,false,ACTIVE,EA,CAD,VALID,CURRENT,coolit-synthetic-v2.0.0,ALL_SYNTHETIC_CUSTOMERS,ALL_SYNTHETIC_PROGRAMS,FASTENER,SYNTHETIC_INTERNAL,SNP-COOLIT-20260925-BL,SCN-BASELINE,P-COMP-049,A,FASTENER synthetic component 049,COMPONENT,FASTENER,BUY,EA,false,false,ACTIVE,17,LOW_VALUE,934,false
TEN-COOLIT-SYN-001,SITE-COOLIT-SYN-01,ERP,ITEM_MASTER,P-COMP-050,P-COMP-050,RESOLVED,2026-09-25T23:59:59-06:00,2026-09-26T08:00:00-06:00,2026-06-29T00:00:00-06:00,,1,,false,ACTIVE,EA,CAD,VALID,CURRENT,coolit-synthetic-v2.0.0,ALL_SYNTHETIC_CUSTOMERS,ALL_SYNTHETIC_PROGRAMS,PACKAGING,SYNTHETIC_INTERNAL,SNP-COOLIT-20260925-BL,SCN-BASELINE,P-COMP-050,A,PACKAGING synthetic component 050,COMPONENT,PACKAGING,BUY,EA,false,false,ACTIVE,24,DIRECT_MATERIAL,944.33,false
TEN-COOLIT-SYN-001,SITE-COOLIT-SYN-01,ERP,ITEM_MASTER,P-COMP-051,P-COMP-051,RESOLVED,2026-09-25T23:59:59-06:00,2026-09-26T08:00:00-06:00,2026-06-29T00:00:00-06:00,,1,,false,ACTIVE,EA,CAD,VALID,CURRENT,coolit-synthetic-v2.0.0,ALL_SYNTHETIC_CUSTOMERS,ALL_SYNTHETIC_PROGRAMS,TUBING,SYNTHETIC_INTERNAL,SNP-COOLIT-20260925-BL,SCN-BASELINE,P-COMP-051,A,TUBING synthetic component 051,COMPONENT,TUBING,BUY,EA,true,false,ACTIVE,31,DIRECT_MATERIAL,954.67,false
TEN-COOLIT-SYN-001,SITE-COOLIT-SYN-01,ERP,ITEM_MASTER,P-COMP-052,P-COMP-052,RESOLVED,2026-09-25T23:59:59-06:00,2026-09-26T08:00:00-06:00,2026-06-29T00:00:00-06:00,,1,,false,ACTIVE,EA,CAD,VALID,CURRENT,coolit-synthetic-v2.0.0,ALL_SYNTHETIC_CUSTOMERS,ALL_SYNTHETIC_PROGRAMS,VALVE,SYNTHETIC_INTERNAL,SNP-COOLIT-20260925-BL,SCN-BASELINE,P-COMP-052,A,VALVE synthetic component 052,COMPONENT,VALVE,BUY,EA,true,false,ACTIVE,38,DIRECT_MATERIAL,965,false
TEN-COOLIT-SYN-001,SITE-COOLIT-SYN-01,ERP,ITEM_MASTER,P-COMP-053,P-COMP-053,RESOLVED,2026-09-25T23:59:59-06:00,2026-09-26T08:00:00-06:00,2026-06-29T00:00:00-06:00,,1,,false,ACTIVE,EA,CAD,VALID,CURRENT,coolit-synthetic-v2.0.0,ALL_SYNTHETIC_CUSTOMERS,ALL_SYNTHETIC_PROGRAMS,SENSOR,SYNTHETIC_INTERNAL,SNP-COOLIT-20260925-BL,SCN-BASELINE,P-COMP-053,A,SENSOR synthetic component 053,COMPONENT,SENSOR,BUY,EA,true,false,PHASE_OUT,45,DIRECT_MATERIAL,975.33,false
TEN-COOLIT-SYN-001,SITE-COOLIT-SYN-01,ERP,ITEM_MASTER,P-COMP-054,P-COMP-054,RESOLVED,2026-09-25T23:59:59-06:00,2026-09-26T08:00:00-06:00,2026-06-29T00:00:00-06:00,,1,,false,ACTIVE,EA,CAD,VALID,CURRENT,coolit-synthetic-v2.0.0,ALL_SYNTHETIC_CUSTOMERS,ALL_SYNTHETIC_PROGRAMS,COLDPLATE_BLANK,SYNTHETIC_INTERNAL,SNP-COOLIT-20260925-BL,SCN-BASELINE,P-COMP-054,A,COLDPLATE BLANK synthetic component 054,SUBASSEMBLY,COLDPLATE_BLANK,MAKE,EA,true,false,ACTIVE,14,DIRECT_MATERIAL,985.67,false
TEN-COOLIT-SYN-001,SITE-COOLIT-SYN-01,ERP,ITEM_MASTER,P-COMP-055,P-COMP-055,RESOLVED,2026-09-25T23:59:59-06:00,2026-09-26T08:00:00-06:00,2026-06-29T00:00:00-06:00,,1,,false,ACTIVE,EA,CAD,VALID,CURRENT,coolit-synthetic-v2.0.0,ALL_SYNTHETIC_CUSTOMERS,ALL_SYNTHETIC_PROGRAMS,MANIFOLD_TUBE,SYNTHETIC_INTERNAL,SNP-COOLIT-20260925-BL,SCN-BASELINE,P-COMP-055,A,MANIFOLD TUBE synthetic component 055,COMPONENT,MANIFOLD_TUBE,BUY,EA,true,false,ACTIVE,59,DIRECT_MATERIAL,996,false
TEN-COOLIT-SYN-001,SITE-COOLIT-SYN-01,ERP,ITEM_MASTER,P-COMP-056,P-COMP-056,RESOLVED,2026-09-25T23:59:59-06:00,2026-09-26T08:00:00-06:00,2026-06-29T00:00:00-06:00,,1,,false,ACTIVE,EA,CAD,VALID,CURRENT,coolit-synthetic-v2.0.0,ALL_SYNTHETIC_CUSTOMERS,ALL_SYNTHETIC_PROGRAMS,FRAME,SYNTHETIC_INTERNAL,SNP-COOLIT-20260925-BL,SCN-BASELINE,P-COMP-056,A,FRAME synthetic component 056,COMPONENT,FRAME,BUY,EA,true,false,ACTIVE,66,DIRECT_MATERIAL,1006.33,false
TEN-COOLIT-SYN-001,SITE-COOLIT-SYN-01,ERP,ITEM_MASTER,P-COMP-057,P-COMP-057,RESOLVED,2026-09-25T23:59:59-06:00,2026-09-26T08:00:00-06:00,2026-06-29T00:00:00-06:00,,1,,false,ACTIVE,EA,CAD,VALID,CURRENT,coolit-synthetic-v2.0.0,ALL_SYNTHETIC_CUSTOMERS,ALL_SYNTHETIC_PROGRAMS,HARNESS,SYNTHETIC_INTERNAL,SNP-COOLIT-20260925-BL,SCN-BASELINE,P-COMP-057,A,HARNESS synthetic component 057,COMPONENT,HARNESS,BUY,EA,true,false,ACTIVE,16,DIRECT_MATERIAL,1016.67,false
TEN-COOLIT-SYN-001,SITE-COOLIT-SYN-01,ERP,ITEM_MASTER,P-COMP-058,P-COMP-058,RESOLVED,2026-09-25T23:59:59-06:00,2026-09-26T08:00:00-06:00,2026-06-29T00:00:00-06:00,,1,,false,ACTIVE,EA,CAD,VALID,CURRENT,coolit-synthetic-v2.0.0,ALL_SYNTHETIC_CUSTOMERS,ALL_SYNTHETIC_PROGRAMS,FILTER,SYNTHETIC_INTERNAL,SNP-COOLIT-20260925-BL,SCN-BASELINE,P-COMP-058,A,FILTER synthetic component 058,COMPONENT,FILTER,BUY,EA,true,false,ACTIVE,23,DIRECT_MATERIAL,1027,false
TEN-COOLIT-SYN-001,SITE-COOLIT-SYN-01,ERP,ITEM_MASTER,P-COMP-059,P-COMP-059,RESOLVED,2026-09-25T23:59:59-06:00,2026-09-26T08:00:00-06:00,2026-06-29T00:00:00-06:00,,1,,false,ACTIVE,EA,CAD,VALID,CURRENT,coolit-synthetic-v2.0.0,ALL_SYNTHETIC_CUSTOMERS,ALL_SYNTHETIC_PROGRAMS,FASTENER,SYNTHETIC_INTERNAL,SNP-COOLIT-20260925-BL,SCN-BASELINE,P-COMP-059,A,FASTENER synthetic component 059,COMPONENT,FASTENER,BUY,EA,false,false,ACTIVE,30,LOW_VALUE,1037.33,false
TEN-COOLIT-SYN-001,SITE-COOLIT-SYN-01,ERP,ITEM_MASTER,P-COMP-060,P-COMP-060,RESOLVED,2026-09-25T23:59:59-06:00,2026-09-26T08:00:00-06:00,2026-06-29T00:00:00-06:00,,1,,false,ACTIVE,EA,CAD,VALID,CURRENT,coolit-synthetic-v2.0.0,ALL_SYNTHETIC_CUSTOMERS,ALL_SYNTHETIC_PROGRAMS,PACKAGING,SYNTHETIC_INTERNAL,SNP-COOLIT-20260925-BL,SCN-BASELINE,P-COMP-060,A,PACKAGING synthetic component 060,COMPONENT,PACKAGING,BUY,EA,false,false,ACTIVE,37,DIRECT_MATERIAL,1047.67,false
TEN-COOLIT-SYN-001,SITE-COOLIT-SYN-01,ERP,ITEM_MASTER,P-COMP-061,P-COMP-061,RESOLVED,2026-09-25T23:59:59-06:00,2026-09-26T08:00:00-06:00,2026-06-29T00:00:00-06:00,,1,,false,ACTIVE,EA,CAD,VALID,CURRENT,coolit-synthetic-v2.0.0,ALL_SYNTHETIC_CUSTOMERS,ALL_SYNTHETIC_PROGRAMS,TUBING,SYNTHETIC_INTERNAL,SNP-COOLIT-20260925-BL,SCN-BASELINE,P-COMP-061,A,TUBING synthetic component 061,COMPONENT,TUBING,BUY,EA,true,false,ACTIVE,44,DIRECT_MATERIAL,1058,false
TEN-COOLIT-SYN-001,SITE-COOLIT-SYN-01,ERP,ITEM_MASTER,P-COMP-062,P-COMP-062,RESOLVED,2026-09-25T23:59:59-06:00,2026-09-26T08:00:00-06:00,2026-06-29T00:00:00-06:00,,1,,false,ACTIVE,EA,CAD,VALID,CURRENT,coolit-synthetic-v2.0.0,ALL_SYNTHETIC_CUSTOMERS,ALL_SYNTHETIC_PROGRAMS,VALVE,SYNTHETIC_INTERNAL,SNP-COOLIT-20260925-BL,SCN-BASELINE,P-COMP-062,A,VALVE synthetic component 062,COMPONENT,VALVE,BUY,EA,true,false,ACTIVE,51,DIRECT_MATERIAL,1068.33,false
TEN-COOLIT-SYN-001,SITE-COOLIT-SYN-01,ERP,ITEM_MASTER,P-COMP-063,P-COMP-063,RESOLVED,2026-09-25T23:59:59-06:00,2026-09-26T08:00:00-06:00,2026-06-29T00:00:00-06:00,,1,,false,ACTIVE,EA,CAD,VALID,CURRENT,coolit-synthetic-v2.0.0,ALL_SYNTHETIC_CUSTOMERS,ALL_SYNTHETIC_PROGRAMS,SENSOR,SYNTHETIC_INTERNAL,SNP-COOLIT-20260925-BL,SCN-BASELINE,P-COMP-063,A,SENSOR synthetic component 063,COMPONENT,SENSOR,BUY,EA,true,false,ACTIVE,58,DIRECT_MATERIAL,1078.67,false
TEN-COOLIT-SYN-001,SITE-COOLIT-SYN-01,ERP,ITEM_MASTER,P-COMP-064,P-COMP-064,RESOLVED,2026-09-25T23:59:59-06:00,2026-09-26T08:00:00-06:00,2026-06-29T00:00:00-06:00,,1,,false,ACTIVE,EA,CAD,VALID,CURRENT,coolit-synthetic-v2.0.0,ALL_SYNTHETIC_CUSTOMERS,ALL_SYNTHETIC_PROGRAMS,COLDPLATE_BLANK,SYNTHETIC_INTERNAL,SNP-COOLIT-20260925-BL,SCN-BASELINE,P-COMP-064,A,COLDPLATE BLANK synthetic component 064,COMPONENT,COLDPLATE_BLANK,BUY,EA,true,false,ACTIVE,65,DIRECT_MATERIAL,1089,false
TEN-COOLIT-SYN-001,SITE-COOLIT-SYN-01,ERP,ITEM_MASTER,P-COMP-065,P-COMP-065,RESOLVED,2026-09-25T23:59:59-06:00,2026-09-26T08:00:00-06:00,2026-06-29T00:00:00-06:00,,1,,false,ACTIVE,EA,CAD,VALID,CURRENT,coolit-synthetic-v2.0.0,ALL_SYNTHETIC_CUSTOMERS,ALL_SYNTHETIC_PROGRAMS,MANIFOLD_TUBE,SYNTHETIC_INTERNAL,SNP-COOLIT-20260925-BL,SCN-BASELINE,P-COMP-065,A,MANIFOLD TUBE synthetic component 065,COMPONENT,MANIFOLD_TUBE,BUY,EA,true,false,ACTIVE,15,DIRECT_MATERIAL,1099.33,false
TEN-COOLIT-SYN-001,SITE-COOLIT-SYN-01,ERP,ITEM_MASTER,P-COMP-066,P-COMP-066,RESOLVED,2026-09-25T23:59:59-06:00,2026-09-26T08:00:00-06:00,2026-06-29T00:00:00-06:00,,1,,false,ACTIVE,EA,CAD,VALID,CURRENT,coolit-synthetic-v2.0.0,ALL_SYNTHETIC_CUSTOMERS,ALL_SYNTHETIC_PROGRAMS,FRAME,SYNTHETIC_INTERNAL,SNP-COOLIT-20260925-BL,SCN-BASELINE,P-COMP-066,A,FRAME synthetic component 066,COMPONENT,FRAME,BUY,EA,true,false,ACTIVE,22,DIRECT_MATERIAL,1109.67,false
TEN-COOLIT-SYN-001,SITE-COOLIT-SYN-01,ERP,ITEM_MASTER,P-COMP-067,P-COMP-067,RESOLVED,2026-09-25T23:59:59-06:00,2026-09-26T08:00:00-06:00,2026-06-29T00:00:00-06:00,,1,,false,ACTIVE,EA,CAD,VALID,CURRENT,coolit-synthetic-v2.0.0,ALL_SYNTHETIC_CUSTOMERS,ALL_SYNTHETIC_PROGRAMS,HARNESS,SYNTHETIC_INTERNAL,SNP-COOLIT-20260925-BL,SCN-BASELINE,P-COMP-067,A,HARNESS synthetic component 067,COMPONENT,HARNESS,BUY,EA,true,false,ACTIVE,29,DIRECT_MATERIAL,1120,false
TEN-COOLIT-SYN-001,SITE-COOLIT-SYN-01,ERP,ITEM_MASTER,P-COMP-068,P-COMP-068,RESOLVED,2026-09-25T23:59:59-06:00,2026-09-26T08:00:00-06:00,2026-06-29T00:00:00-06:00,,1,,false,ACTIVE,EA,CAD,VALID,CURRENT,coolit-synthetic-v2.0.0,ALL_SYNTHETIC_CUSTOMERS,ALL_SYNTHETIC_PROGRAMS,FILTER,SYNTHETIC_INTERNAL,SNP-COOLIT-20260925-BL,SCN-BASELINE,P-COMP-068,A,FILTER synthetic component 068,COMPONENT,FILTER,BUY,EA,true,false,ACTIVE,36,DIRECT_MATERIAL,1130.33,false
TEN-COOLIT-SYN-001,SITE-COOLIT-SYN-01,ERP,ITEM_MASTER,P-COMP-069,P-COMP-069,RESOLVED,2026-09-25T23:59:59-06:00,2026-09-26T08:00:00-06:00,2026-06-29T00:00:00-06:00,,1,,false,ACTIVE,EA,CAD,VALID,CURRENT,coolit-synthetic-v2.0.0,ALL_SYNTHETIC_CUSTOMERS,ALL_SYNTHETIC_PROGRAMS,FASTENER,SYNTHETIC_INTERNAL,SNP-COOLIT-20260925-BL,SCN-BASELINE,P-COMP-069,A,FASTENER synthetic component 069,COMPONENT,FASTENER,BUY,EA,false,false,ACTIVE,43,LOW_VALUE,1140.67,false
TEN-COOLIT-SYN-001,SITE-COOLIT-SYN-01,ERP,ITEM_MASTER,P-COMP-070,P-COMP-070,RESOLVED,2026-09-25T23:59:59-06:00,2026-09-26T08:00:00-06:00,2026-06-29T00:00:00-06:00,,1,,false,ACTIVE,EA,CAD,VALID,CURRENT,coolit-synthetic-v2.0.0,ALL_SYNTHETIC_CUSTOMERS,ALL_SYNTHETIC_PROGRAMS,PACKAGING,SYNTHETIC_INTERNAL,SNP-COOLIT-20260925-BL,SCN-BASELINE,P-COMP-070,A,PACKAGING synthetic component 070,COMPONENT,PACKAGING,BUY,EA,false,false,ACTIVE,50,DIRECT_MATERIAL,1151,false
TEN-COOLIT-SYN-001,SITE-COOLIT-SYN-01,ERP,ITEM_MASTER,P-COMP-071,P-COMP-071,RESOLVED,2026-09-25T23:59:59-06:00,2026-09-26T08:00:00-06:00,2026-06-29T00:00:00-06:00,,1,,false,ACTIVE,EA,CAD,VALID,CURRENT,coolit-synthetic-v2.0.0,ALL_SYNTHETIC_CUSTOMERS,ALL_SYNTHETIC_PROGRAMS,TUBING,SYNTHETIC_INTERNAL,SNP-COOLIT-20260925-BL,SCN-BASELINE,P-COMP-071,A,TUBING synthetic component 071,COMPONENT,TUBING,BUY,EA,true,false,ACTIVE,57,DIRECT_MATERIAL,1161.33,false
TEN-COOLIT-SYN-001,SITE-COOLIT-SYN-01,ERP,ITEM_MASTER,P-COMP-072,P-COMP-072,RESOLVED,2026-09-25T23:59:59-06:00,2026-09-26T08:00:00-06:00,2026-06-29T00:00:00-06:00,,1,,false,ACTIVE,EA,CAD,VALID,CURRENT,coolit-synthetic-v2.0.0,ALL_SYNTHETIC_CUSTOMERS,ALL_SYNTHETIC_PROGRAMS,VALVE,SYNTHETIC_INTERNAL,SNP-COOLIT-20260925-BL,SCN-BASELINE,P-COMP-072,A,VALVE synthetic component 072,COMPONENT,VALVE,BUY,EA,true,false,ACTIVE,64,DIRECT_MATERIAL,5,false
TEN-COOLIT-SYN-001,SITE-COOLIT-SYN-01,ERP,ITEM_MASTER,P-COMP-073,P-COMP-073,RESOLVED,2026-09-25T23:59:59-06:00,2026-09-26T08:00:00-06:00,2026-06-29T00:00:00-06:00,,1,,false,ACTIVE,EA,CAD,VALID,CURRENT,coolit-synthetic-v2.0.0,ALL_SYNTHETIC_CUSTOMERS,ALL_SYNTHETIC_PROGRAMS,SENSOR,SYNTHETIC_INTERNAL,SNP-COOLIT-20260925-BL,SCN-BASELINE,P-COMP-073,A,SENSOR synthetic component 073,SUBASSEMBLY,SENSOR,MAKE,EA,true,false,ACTIVE,9,DIRECT_MATERIAL,15.33,false
TEN-COOLIT-SYN-001,SITE-COOLIT-SYN-01,ERP,ITEM_MASTER,P-COMP-074,P-COMP-074,RESOLVED,2026-09-25T23:59:59-06:00,2026-09-26T08:00:00-06:00,2026-06-29T00:00:00-06:00,,1,,false,ACTIVE,EA,CAD,VALID,CURRENT,coolit-synthetic-v2.0.0,ALL_SYNTHETIC_CUSTOMERS,ALL_SYNTHETIC_PROGRAMS,COLDPLATE_BLANK,SYNTHETIC_INTERNAL,SNP-COOLIT-20260925-BL,SCN-BASELINE,P-COMP-074,A,COLDPLATE BLANK synthetic component 074,COMPONENT,COLDPLATE_BLANK,BUY,EA,true,false,ACTIVE,21,DIRECT_MATERIAL,25.67,false
TEN-COOLIT-SYN-001,SITE-COOLIT-SYN-01,ERP,ITEM_MASTER,P-COMP-075,P-COMP-075,RESOLVED,2026-09-25T23:59:59-06:00,2026-09-26T08:00:00-06:00,2026-06-29T00:00:00-06:00,,1,,false,ACTIVE,EA,CAD,VALID,CURRENT,coolit-synthetic-v2.0.0,ALL_SYNTHETIC_CUSTOMERS,ALL_SYNTHETIC_PROGRAMS,MANIFOLD_TUBE,SYNTHETIC_INTERNAL,SNP-COOLIT-20260925-BL,SCN-BASELINE,P-COMP-075,A,MANIFOLD TUBE synthetic component 075,COMPONENT,MANIFOLD_TUBE,BUY,EA,true,false,ACTIVE,28,DIRECT_MATERIAL,36,false
TEN-COOLIT-SYN-001,SITE-COOLIT-SYN-01,ERP,ITEM_MASTER,P-COMP-076,P-COMP-076,RESOLVED,2026-09-25T23:59:59-06:00,2026-09-26T08:00:00-06:00,2026-06-29T00:00:00-06:00,,1,,false,ACTIVE,EA,CAD,VALID,CURRENT,coolit-synthetic-v2.0.0,ALL_SYNTHETIC_CUSTOMERS,ALL_SYNTHETIC_PROGRAMS,FRAME,SYNTHETIC_INTERNAL,SNP-COOLIT-20260925-BL,SCN-BASELINE,P-COMP-076,A,FRAME synthetic component 076,COMPONENT,FRAME,BUY,EA,true,false,ACTIVE,35,DIRECT_MATERIAL,46.33,false
TEN-COOLIT-SYN-001,SITE-COOLIT-SYN-01,ERP,ITEM_MASTER,P-COMP-077,P-COMP-077,RESOLVED,2026-09-25T23:59:59-06:00,2026-09-26T08:00:00-06:00,2026-06-29T00:00:00-06:00,,1,,false,ACTIVE,EA,CAD,VALID,CURRENT,coolit-synthetic-v2.0.0,ALL_SYNTHETIC_CUSTOMERS,ALL_SYNTHETIC_PROGRAMS,HARNESS,SYNTHETIC_INTERNAL,SNP-COOLIT-20260925-BL,SCN-BASELINE,P-COMP-077,A,HARNESS synthetic component 077,COMPONENT,HARNESS,BUY,EA,true,false,ACTIVE,42,DIRECT_MATERIAL,56.67,false
TEN-COOLIT-SYN-001,SITE-COOLIT-SYN-01,ERP,ITEM_MASTER,P-COMP-078,P-COMP-078,RESOLVED,2026-09-25T23:59:59-06:00,2026-09-26T08:00:00-06:00,2026-06-29T00:00:00-06:00,,1,,false,ACTIVE,EA,CAD,VALID,CURRENT,coolit-synthetic-v2.0.0,ALL_SYNTHETIC_CUSTOMERS,ALL_SYNTHETIC_PROGRAMS,FILTER,SYNTHETIC_INTERNAL,SNP-COOLIT-20260925-BL,SCN-BASELINE,P-COMP-078,A,FILTER synthetic component 078,COMPONENT,FILTER,BUY,EA,true,false,ACTIVE,49,DIRECT_MATERIAL,67,false
TEN-COOLIT-SYN-001,SITE-COOLIT-SYN-01,ERP,ITEM_MASTER,P-COMP-079,P-COMP-079,RESOLVED,2026-09-25T23:59:59-06:00,2026-09-26T08:00:00-06:00,2026-06-29T00:00:00-06:00,,1,,false,ACTIVE,EA,CAD,VALID,CURRENT,coolit-synthetic-v2.0.0,ALL_SYNTHETIC_CUSTOMERS,ALL_SYNTHETIC_PROGRAMS,FASTENER,SYNTHETIC_INTERNAL,SNP-COOLIT-20260925-BL,SCN-BASELINE,P-COMP-079,A,FASTENER synthetic component 079,COMPONENT,FASTENER,BUY,EA,false,false,ACTIVE,56,LOW_VALUE,77.33,false
TEN-COOLIT-SYN-001,SITE-COOLIT-SYN-01,ERP,ITEM_MASTER,P-COMP-080,P-COMP-080,RESOLVED,2026-09-25T23:59:59-06:00,2026-09-26T08:00:00-06:00,2026-06-29T00:00:00-06:00,,1,,false,ACTIVE,EA,CAD,VALID,CURRENT,coolit-synthetic-v2.0.0,ALL_SYNTHETIC_CUSTOMERS,ALL_SYNTHETIC_PROGRAMS,PACKAGING,SYNTHETIC_INTERNAL,SNP-COOLIT-20260925-BL,SCN-BASELINE,P-COMP-080,A,PACKAGING synthetic component 080,COMPONENT,PACKAGING,BUY,EA,false,false,ACTIVE,63,DIRECT_MATERIAL,87.67,false
TEN-COOLIT-SYN-001,SITE-COOLIT-SYN-01,ERP,ITEM_MASTER,P-COMP-081,P-COMP-081,RESOLVED,2026-09-25T23:59:59-06:00,2026-09-26T08:00:00-06:00,2026-06-29T00:00:00-06:00,,1,,false,ACTIVE,EA,CAD,VALID,CURRENT,coolit-synthetic-v2.0.0,ALL_SYNTHETIC_CUSTOMERS,ALL_SYNTHETIC_PROGRAMS,TUBING,SYNTHETIC_INTERNAL,SNP-COOLIT-20260925-BL,SCN-BASELINE,P-COMP-081,A,TUBING synthetic component 081,COMPONENT,TUBING,BUY,EA,true,false,ACTIVE,70,DIRECT_MATERIAL,98,false
TEN-COOLIT-SYN-001,SITE-COOLIT-SYN-01,ERP,ITEM_MASTER,P-COMP-082,P-COMP-082,RESOLVED,2026-09-25T23:59:59-06:00,2026-09-26T08:00:00-06:00,2026-06-29T00:00:00-06:00,,1,,false,ACTIVE,EA,CAD,VALID,CURRENT,coolit-synthetic-v2.0.0,ALL_SYNTHETIC_CUSTOMERS,ALL_SYNTHETIC_PROGRAMS,VALVE,SYNTHETIC_INTERNAL,SNP-COOLIT-20260925-BL,SCN-BASELINE,P-COMP-082,A,VALVE synthetic component 082,COMPONENT,VALVE,BUY,EA,true,false,ACTIVE,20,DIRECT_MATERIAL,108.33,false
TEN-COOLIT-SYN-001,SITE-COOLIT-SYN-01,ERP,ITEM_MASTER,P-COMP-083,P-COMP-083,RESOLVED,2026-09-25T23:59:59-06:00,2026-09-26T08:00:00-06:00,2026-06-29T00:00:00-06:00,,1,,false,ACTIVE,EA,CAD,VALID,CURRENT,coolit-synthetic-v2.0.0,ALL_SYNTHETIC_CUSTOMERS,ALL_SYNTHETIC_PROGRAMS,SENSOR,SYNTHETIC_INTERNAL,SNP-COOLIT-20260925-BL,SCN-BASELINE,P-COMP-083,A,SENSOR synthetic component 083,COMPONENT,SENSOR,BUY,EA,true,false,ACTIVE,27,DIRECT_MATERIAL,118.67,false
TEN-COOLIT-SYN-001,SITE-COOLIT-SYN-01,ERP,ITEM_MASTER,P-COMP-084,P-COMP-084,RESOLVED,2026-09-25T23:59:59-06:00,2026-09-26T08:00:00-06:00,2026-06-29T00:00:00-06:00,,1,,false,ACTIVE,EA,CAD,VALID,CURRENT,coolit-synthetic-v2.0.0,ALL_SYNTHETIC_CUSTOMERS,ALL_SYNTHETIC_PROGRAMS,COLDPLATE_BLANK,SYNTHETIC_INTERNAL,SNP-COOLIT-20260925-BL,SCN-BASELINE,P-COMP-084,A,COLDPLATE BLANK synthetic component 084,COMPONENT,COLDPLATE_BLANK,BUY,EA,true,false,ACTIVE,34,DIRECT_MATERIAL,129,false
TEN-COOLIT-SYN-001,SITE-COOLIT-SYN-01,ERP,ITEM_MASTER,P-COMP-085,P-COMP-085,RESOLVED,2026-09-25T23:59:59-06:00,2026-09-26T08:00:00-06:00,2026-06-29T00:00:00-06:00,,1,,false,ACTIVE,EA,CAD,VALID,CURRENT,coolit-synthetic-v2.0.0,ALL_SYNTHETIC_CUSTOMERS,ALL_SYNTHETIC_PROGRAMS,MANIFOLD_TUBE,SYNTHETIC_INTERNAL,SNP-COOLIT-20260925-BL,SCN-BASELINE,P-COMP-085,A,MANIFOLD TUBE synthetic component 085,COMPONENT,MANIFOLD_TUBE,BUY,EA,true,false,ACTIVE,41,DIRECT_MATERIAL,139.33,false
TEN-COOLIT-SYN-001,SITE-COOLIT-SYN-01,ERP,ITEM_MASTER,P-COMP-086,P-COMP-086,RESOLVED,2026-09-25T23:59:59-06:00,2026-09-26T08:00:00-06:00,2026-06-29T00:00:00-06:00,,1,,false,ACTIVE,EA,CAD,VALID,CURRENT,coolit-synthetic-v2.0.0,ALL_SYNTHETIC_CUSTOMERS,ALL_SYNTHETIC_PROGRAMS,FRAME,SYNTHETIC_INTERNAL,SNP-COOLIT-20260925-BL,SCN-BASELINE,P-COMP-086,A,FRAME synthetic component 086,COMPONENT,FRAME,BUY,EA,true,false,ACTIVE,48,DIRECT_MATERIAL,149.67,false
TEN-COOLIT-SYN-001,SITE-COOLIT-SYN-01,ERP,ITEM_MASTER,P-COMP-087,P-COMP-087,RESOLVED,2026-09-25T23:59:59-06:00,2026-09-26T08:00:00-06:00,2026-06-29T00:00:00-06:00,,1,,false,ACTIVE,EA,CAD,VALID,CURRENT,coolit-synthetic-v2.0.0,ALL_SYNTHETIC_CUSTOMERS,ALL_SYNTHETIC_PROGRAMS,HARNESS,SYNTHETIC_INTERNAL,SNP-COOLIT-20260925-BL,SCN-BASELINE,P-COMP-087,A,HARNESS synthetic component 087,COMPONENT,HARNESS,BUY,EA,true,false,ACTIVE,55,DIRECT_MATERIAL,160,false
TEN-COOLIT-SYN-001,SITE-COOLIT-SYN-01,ERP,ITEM_MASTER,P-COMP-088,P-COMP-088,RESOLVED,2026-09-25T23:59:59-06:00,2026-09-26T08:00:00-06:00,2026-06-29T00:00:00-06:00,,1,,false,ACTIVE,EA,CAD,VALID,CURRENT,coolit-synthetic-v2.0.0,ALL_SYNTHETIC_CUSTOMERS,ALL_SYNTHETIC_PROGRAMS,FILTER,SYNTHETIC_INTERNAL,SNP-COOLIT-20260925-BL,SCN-BASELINE,P-COMP-088,A,FILTER synthetic component 088,COMPONENT,FILTER,BUY,EA,true,false,ACTIVE,62,DIRECT_MATERIAL,170.33,false
TEN-COOLIT-SYN-001,SITE-COOLIT-SYN-01,ERP,ITEM_MASTER,P-COMP-089,P-COMP-089,RESOLVED,2026-09-25T23:59:59-06:00,2026-09-26T08:00:00-06:00,2026-06-29T00:00:00-06:00,,1,,false,ACTIVE,EA,CAD,VALID,CURRENT,coolit-synthetic-v2.0.0,ALL_SYNTHETIC_CUSTOMERS,ALL_SYNTHETIC_PROGRAMS,FASTENER,SYNTHETIC_INTERNAL,SNP-COOLIT-20260925-BL,SCN-BASELINE,P-COMP-089,A,FASTENER synthetic component 089,COMPONENT,FASTENER,BUY,EA,false,false,ACTIVE,69,LOW_VALUE,180.67,false
TEN-COOLIT-SYN-001,SITE-COOLIT-SYN-01,ERP,ITEM_MASTER,P-COMP-090,P-COMP-090,RESOLVED,2026-09-25T23:59:59-06:00,2026-09-26T08:00:00-06:00,2026-06-29T00:00:00-06:00,,1,,false,ACTIVE,EA,CAD,VALID,CURRENT,coolit-synthetic-v2.0.0,ALL_SYNTHETIC_CUSTOMERS,ALL_SYNTHETIC_PROGRAMS,PACKAGING,SYNTHETIC_INTERNAL,SNP-COOLIT-20260925-BL,SCN-BASELINE,P-COMP-090,A,PACKAGING synthetic component 090,COMPONENT,PACKAGING,BUY,EA,false,false,ACTIVE,19,DIRECT_MATERIAL,191,false
TEN-COOLIT-SYN-001,SITE-COOLIT-SYN-01,ERP,ITEM_MASTER,P-COMP-091,P-COMP-091,RESOLVED,2026-09-25T23:59:59-06:00,2026-09-26T08:00:00-06:00,2026-06-29T00:00:00-06:00,,1,,false,ACTIVE,EA,CAD,VALID,CURRENT,coolit-synthetic-v2.0.0,ALL_SYNTHETIC_CUSTOMERS,ALL_SYNTHETIC_PROGRAMS,TUBING,SYNTHETIC_INTERNAL,SNP-COOLIT-20260925-BL,SCN-BASELINE,P-COMP-091,A,TUBING synthetic component 091,COMPONENT,TUBING,BUY,EA,true,false,ACTIVE,26,DIRECT_MATERIAL,201.33,false
TEN-COOLIT-SYN-001,SITE-COOLIT-SYN-01,ERP,ITEM_MASTER,P-COMP-092,P-COMP-092,RESOLVED,2026-09-25T23:59:59-06:00,2026-09-26T08:00:00-06:00,2026-06-29T00:00:00-06:00,,1,,false,ACTIVE,EA,CAD,VALID,CURRENT,coolit-synthetic-v2.0.0,ALL_SYNTHETIC_CUSTOMERS,ALL_SYNTHETIC_PROGRAMS,VALVE,SYNTHETIC_INTERNAL,SNP-COOLIT-20260925-BL,SCN-BASELINE,P-COMP-092,A,VALVE synthetic component 092,SUBASSEMBLY,VALVE,MAKE,EA,true,false,ACTIVE,4,DIRECT_MATERIAL,211.67,false
TEN-COOLIT-SYN-001,SITE-COOLIT-SYN-01,ERP,ITEM_MASTER,P-COMP-093,P-COMP-093,RESOLVED,2026-09-25T23:59:59-06:00,2026-09-26T08:00:00-06:00,2026-06-29T00:00:00-06:00,,1,,false,ACTIVE,EA,CAD,VALID,CURRENT,coolit-synthetic-v2.0.0,ALL_SYNTHETIC_CUSTOMERS,ALL_SYNTHETIC_PROGRAMS,SENSOR,SYNTHETIC_INTERNAL,SNP-COOLIT-20260925-BL,SCN-BASELINE,P-COMP-093,A,SENSOR synthetic component 093,COMPONENT,SENSOR,BUY,EA,true,false,ACTIVE,40,DIRECT_MATERIAL,222,false
TEN-COOLIT-SYN-001,SITE-COOLIT-SYN-01,ERP,ITEM_MASTER,P-COMP-094,P-COMP-094,RESOLVED,2026-09-25T23:59:59-06:00,2026-09-26T08:00:00-06:00,2026-06-29T00:00:00-06:00,,1,,false,ACTIVE,EA,CAD,VALID,CURRENT,coolit-synthetic-v2.0.0,ALL_SYNTHETIC_CUSTOMERS,ALL_SYNTHETIC_PROGRAMS,COLDPLATE_BLANK,SYNTHETIC_INTERNAL,SNP-COOLIT-20260925-BL,SCN-BASELINE,P-COMP-094,A,COLDPLATE BLANK synthetic component 094,COMPONENT,COLDPLATE_BLANK,BUY,EA,true,false,ACTIVE,47,DIRECT_MATERIAL,232.33,false
TEN-COOLIT-SYN-001,SITE-COOLIT-SYN-01,ERP,ITEM_MASTER,P-COMP-095,P-COMP-095,RESOLVED,2026-09-25T23:59:59-06:00,2026-09-26T08:00:00-06:00,2026-06-29T00:00:00-06:00,,1,,false,ACTIVE,EA,CAD,VALID,CURRENT,coolit-synthetic-v2.0.0,ALL_SYNTHETIC_CUSTOMERS,ALL_SYNTHETIC_PROGRAMS,MANIFOLD_TUBE,SYNTHETIC_INTERNAL,SNP-COOLIT-20260925-BL,SCN-BASELINE,P-COMP-095,A,MANIFOLD TUBE synthetic component 095,COMPONENT,MANIFOLD_TUBE,BUY,EA,true,false,ACTIVE,54,DIRECT_MATERIAL,242.67,false
TEN-COOLIT-SYN-001,SITE-COOLIT-SYN-01,ERP,ITEM_MASTER,P-COMP-096,P-COMP-096,RESOLVED,2026-09-25T23:59:59-06:00,2026-09-26T08:00:00-06:00,2026-06-29T00:00:00-06:00,,1,,false,ACTIVE,EA,CAD,VALID,CURRENT,coolit-synthetic-v2.0.0,ALL_SYNTHETIC_CUSTOMERS,ALL_SYNTHETIC_PROGRAMS,FRAME,SYNTHETIC_INTERNAL,SNP-COOLIT-20260925-BL,SCN-BASELINE,P-COMP-096,A,FRAME synthetic component 096,COMPONENT,FRAME,BUY,EA,true,false,ACTIVE,61,DIRECT_MATERIAL,253,false
TEN-COOLIT-SYN-001,SITE-COOLIT-SYN-01,ERP,ITEM_MASTER,P-COMP-097,P-COMP-097,RESOLVED,2026-09-25T23:59:59-06:00,2026-09-26T08:00:00-06:00,2026-06-29T00:00:00-06:00,,1,,false,ACTIVE,EA,CAD,VALID,CURRENT,coolit-synthetic-v2.0.0,ALL_SYNTHETIC_CUSTOMERS,ALL_SYNTHETIC_PROGRAMS,HARNESS,SYNTHETIC_INTERNAL,SNP-COOLIT-20260925-BL,SCN-BASELINE,P-COMP-097,A,HARNESS synthetic component 097,COMPONENT,HARNESS,BUY,EA,true,false,ACTIVE,68,DIRECT_MATERIAL,263.33,false
TEN-COOLIT-SYN-001,SITE-COOLIT-SYN-01,ERP,ITEM_MASTER,P-COMP-098,P-COMP-098,RESOLVED,2026-09-25T23:59:59-06:00,2026-09-26T08:00:00-06:00,2026-06-29T00:00:00-06:00,,1,,false,ACTIVE,EA,CAD,VALID,CURRENT,coolit-synthetic-v2.0.0,ALL_SYNTHETIC_CUSTOMERS,ALL_SYNTHETIC_PROGRAMS,FILTER,SYNTHETIC_INTERNAL,SNP-COOLIT-20260925-BL,SCN-BASELINE,P-COMP-098,A,FILTER synthetic component 098,COMPONENT,FILTER,BUY,EA,true,false,ACTIVE,18,DIRECT_MATERIAL,273.67,false
TEN-COOLIT-SYN-001,SITE-COOLIT-SYN-01,ERP,ITEM_MASTER,P-COMP-099,P-COMP-099,RESOLVED,2026-09-25T23:59:59-06:00,2026-09-26T08:00:00-06:00,2026-06-29T00:00:00-06:00,,1,,false,ACTIVE,EA,CAD,VALID,CURRENT,coolit-synthetic-v2.0.0,ALL_SYNTHETIC_CUSTOMERS,ALL_SYNTHETIC_PROGRAMS,FASTENER,SYNTHETIC_INTERNAL,SNP-COOLIT-20260925-BL,SCN-BASELINE,P-COMP-099,A,FASTENER synthetic component 099,COMPONENT,FASTENER,BUY,EA,false,false,ACTIVE,25,LOW_VALUE,284,false
TEN-COOLIT-SYN-001,SITE-COOLIT-SYN-01,ERP,ITEM_MASTER,P-COMP-100,P-COMP-100,RESOLVED,2026-09-25T23:59:59-06:00,2026-09-26T08:00:00-06:00,2026-06-29T00:00:00-06:00,,1,,false,ACTIVE,EA,CAD,VALID,CURRENT,coolit-synthetic-v2.0.0,ALL_SYNTHETIC_CUSTOMERS,ALL_SYNTHETIC_PROGRAMS,PACKAGING,SYNTHETIC_INTERNAL,SNP-COOLIT-20260925-BL,SCN-BASELINE,P-COMP-100,A,PACKAGING synthetic component 100,COMPONENT,PACKAGING,BUY,EA,false,false,PHASE_OUT,32,DIRECT_MATERIAL,294.33,false
TEN-COOLIT-SYN-001,SITE-COOLIT-SYN-01,ERP,ITEM_MASTER,P-COMP-101,P-COMP-101,RESOLVED,2026-09-25T23:59:59-06:00,2026-09-26T08:00:00-06:00,2026-06-29T00:00:00-06:00,,1,,false,ACTIVE,EA,CAD,VALID,CURRENT,coolit-synthetic-v2.0.0,ALL_SYNTHETIC_CUSTOMERS,ALL_SYNTHETIC_PROGRAMS,TUBING,SYNTHETIC_INTERNAL,SNP-COOLIT-20260925-BL,SCN-BASELINE,P-COMP-101,A,TUBING synthetic component 101,COMPONENT,TUBING,BUY,EA,true,false,ACTIVE,39,DIRECT_MATERIAL,304.67,false
TEN-COOLIT-SYN-001,SITE-COOLIT-SYN-01,ERP,ITEM_MASTER,P-COMP-102,P-COMP-102,RESOLVED,2026-09-25T23:59:59-06:00,2026-09-26T08:00:00-06:00,2026-06-29T00:00:00-06:00,,1,,false,ACTIVE,EA,CAD,VALID,CURRENT,coolit-synthetic-v2.0.0,ALL_SYNTHETIC_CUSTOMERS,ALL_SYNTHETIC_PROGRAMS,VALVE,SYNTHETIC_INTERNAL,SNP-COOLIT-20260925-BL,SCN-BASELINE,P-COMP-102,A,VALVE synthetic component 102,COMPONENT,VALVE,BUY,EA,true,false,ACTIVE,46,DIRECT_MATERIAL,315,false
TEN-COOLIT-SYN-001,SITE-COOLIT-SYN-01,ERP,ITEM_MASTER,P-COMP-103,P-COMP-103,RESOLVED,2026-09-25T23:59:59-06:00,2026-09-26T08:00:00-06:00,2026-06-29T00:00:00-06:00,,1,,false,ACTIVE,EA,CAD,VALID,CURRENT,coolit-synthetic-v2.0.0,ALL_SYNTHETIC_CUSTOMERS,ALL_SYNTHETIC_PROGRAMS,SENSOR,SYNTHETIC_INTERNAL,SNP-COOLIT-20260925-BL,SCN-BASELINE,P-COMP-103,A,SENSOR synthetic component 103,COMPONENT,SENSOR,BUY,EA,true,false,ACTIVE,53,DIRECT_MATERIAL,325.33,false
TEN-COOLIT-SYN-001,SITE-COOLIT-SYN-01,ERP,ITEM_MASTER,P-COMP-104,P-COMP-104,RESOLVED,2026-09-25T23:59:59-06:00,2026-09-26T08:00:00-06:00,2026-06-29T00:00:00-06:00,,1,,false,ACTIVE,EA,CAD,VALID,CURRENT,coolit-synthetic-v2.0.0,ALL_SYNTHETIC_CUSTOMERS,ALL_SYNTHETIC_PROGRAMS,COLDPLATE_BLANK,SYNTHETIC_INTERNAL,SNP-COOLIT-20260925-BL,SCN-BASELINE,P-COMP-104,A,COLDPLATE BLANK synthetic component 104,COMPONENT,COLDPLATE_BLANK,BUY,EA,true,false,ACTIVE,60,DIRECT_MATERIAL,335.67,false
TEN-COOLIT-SYN-001,SITE-COOLIT-SYN-01,ERP,ITEM_MASTER,P-COMP-105,P-COMP-105,RESOLVED,2026-09-25T23:59:59-06:00,2026-09-26T08:00:00-06:00,2026-06-29T00:00:00-06:00,,1,,false,ACTIVE,EA,CAD,VALID,CURRENT,coolit-synthetic-v2.0.0,ALL_SYNTHETIC_CUSTOMERS,ALL_SYNTHETIC_PROGRAMS,MANIFOLD_TUBE,SYNTHETIC_INTERNAL,SNP-COOLIT-20260925-BL,SCN-BASELINE,P-COMP-105,A,MANIFOLD TUBE synthetic component 105,COMPONENT,MANIFOLD_TUBE,BUY,EA,true,false,ACTIVE,67,DIRECT_MATERIAL,346,false
TEN-COOLIT-SYN-001,SITE-COOLIT-SYN-01,ERP,ITEM_MASTER,P-COMP-106,P-COMP-106,RESOLVED,2026-09-25T23:59:59-06:00,2026-09-26T08:00:00-06:00,2026-06-29T00:00:00-06:00,,1,,false,ACTIVE,EA,CAD,VALID,CURRENT,coolit-synthetic-v2.0.0,ALL_SYNTHETIC_CUSTOMERS,ALL_SYNTHETIC_PROGRAMS,FRAME,SYNTHETIC_INTERNAL,SNP-COOLIT-20260925-BL,SCN-BASELINE,P-COMP-106,A,FRAME synthetic component 106,COMPONENT,FRAME,BUY,EA,true,false,ACTIVE,17,DIRECT_MATERIAL,356.33,false
TEN-COOLIT-SYN-001,SITE-COOLIT-SYN-01,ERP,ITEM_MASTER,P-COMP-107,P-COMP-107,RESOLVED,2026-09-25T23:59:59-06:00,2026-09-26T08:00:00-06:00,2026-06-29T00:00:00-06:00,,1,,false,ACTIVE,EA,CAD,VALID,CURRENT,coolit-synthetic-v2.0.0,ALL_SYNTHETIC_CUSTOMERS,ALL_SYNTHETIC_PROGRAMS,HARNESS,SYNTHETIC_INTERNAL,SNP-COOLIT-20260925-BL,SCN-BASELINE,P-COMP-107,A,HARNESS synthetic component 107,COMPONENT,HARNESS,BUY,EA,true,false,ACTIVE,24,DIRECT_MATERIAL,366.67,false
TEN-COOLIT-SYN-001,SITE-COOLIT-SYN-01,ERP,ITEM_MASTER,P-COMP-108,P-COMP-108,RESOLVED,2026-09-25T23:59:59-06:00,2026-09-26T08:00:00-06:00,2026-06-29T00:00:00-06:00,,1,,false,ACTIVE,EA,CAD,VALID,CURRENT,coolit-synthetic-v2.0.0,ALL_SYNTHETIC_CUSTOMERS,ALL_SYNTHETIC_PROGRAMS,FILTER,SYNTHETIC_INTERNAL,SNP-COOLIT-20260925-BL,SCN-BASELINE,P-COMP-108,A,FILTER synthetic component 108,COMPONENT,FILTER,BUY,EA,true,false,ACTIVE,31,DIRECT_MATERIAL,377,false
TEN-COOLIT-SYN-001,SITE-COOLIT-SYN-01,ERP,ITEM_MASTER,P-COMP-109,P-COMP-109,RESOLVED,2026-09-25T23:59:59-06:00,2026-09-26T08:00:00-06:00,2026-06-29T00:00:00-06:00,,1,,false,ACTIVE,EA,CAD,VALID,CURRENT,coolit-synthetic-v2.0.0,ALL_SYNTHETIC_CUSTOMERS,ALL_SYNTHETIC_PROGRAMS,FASTENER,SYNTHETIC_INTERNAL,SNP-COOLIT-20260925-BL,SCN-BASELINE,P-COMP-109,A,FASTENER synthetic component 109,COMPONENT,FASTENER,BUY,EA,false,false,ACTIVE,38,LOW_VALUE,387.33,false
TEN-COOLIT-SYN-001,SITE-COOLIT-SYN-01,ERP,ITEM_MASTER,P-COMP-110,P-COMP-110,RESOLVED,2026-09-25T23:59:59-06:00,2026-09-26T08:00:00-06:00,2026-06-29T00:00:00-06:00,,1,,false,ACTIVE,EA,CAD,VALID,CURRENT,coolit-synthetic-v2.0.0,ALL_SYNTHETIC_CUSTOMERS,ALL_SYNTHETIC_PROGRAMS,PACKAGING,SYNTHETIC_INTERNAL,SNP-COOLIT-20260925-BL,SCN-BASELINE,P-COMP-110,A,PACKAGING synthetic component 110,COMPONENT,PACKAGING,BUY,EA,false,false,ACTIVE,45,DIRECT_MATERIAL,397.67,false
TEN-COOLIT-SYN-001,SITE-COOLIT-SYN-01,ERP,ITEM_MASTER,P-COMP-111,P-COMP-111,RESOLVED,2026-09-25T23:59:59-06:00,2026-09-26T08:00:00-06:00,2026-06-29T00:00:00-06:00,,1,,false,ACTIVE,EA,CAD,VALID,CURRENT,coolit-synthetic-v2.0.0,ALL_SYNTHETIC_CUSTOMERS,ALL_SYNTHETIC_PROGRAMS,TUBING,SYNTHETIC_INTERNAL,SNP-COOLIT-20260925-BL,SCN-BASELINE,P-COMP-111,A,TUBING synthetic component 111,SUBASSEMBLY,TUBING,MAKE,EA,true,false,ACTIVE,11,DIRECT_MATERIAL,408,false
TEN-COOLIT-SYN-001,SITE-COOLIT-SYN-01,ERP,ITEM_MASTER,P-COMP-112,P-COMP-112,RESOLVED,2026-09-25T23:59:59-06:00,2026-09-26T08:00:00-06:00,2026-06-29T00:00:00-06:00,,1,,false,ACTIVE,EA,CAD,VALID,CURRENT,coolit-synthetic-v2.0.0,ALL_SYNTHETIC_CUSTOMERS,ALL_SYNTHETIC_PROGRAMS,VALVE,SYNTHETIC_INTERNAL,SNP-COOLIT-20260925-BL,SCN-BASELINE,P-COMP-112,A,VALVE synthetic component 112,COMPONENT,VALVE,BUY,EA,true,false,ACTIVE,59,DIRECT_MATERIAL,418.33,false
TEN-COOLIT-SYN-001,SITE-COOLIT-SYN-01,ERP,ITEM_MASTER,P-COMP-113,P-COMP-113,RESOLVED,2026-09-25T23:59:59-06:00,2026-09-26T08:00:00-06:00,2026-06-29T00:00:00-06:00,,1,,false,ACTIVE,EA,CAD,VALID,CURRENT,coolit-synthetic-v2.0.0,ALL_SYNTHETIC_CUSTOMERS,ALL_SYNTHETIC_PROGRAMS,SENSOR,SYNTHETIC_INTERNAL,SNP-COOLIT-20260925-BL,SCN-BASELINE,P-COMP-113,A,SENSOR synthetic component 113,COMPONENT,SENSOR,BUY,EA,true,false,ACTIVE,66,DIRECT_MATERIAL,428.67,false
TEN-COOLIT-SYN-001,SITE-COOLIT-SYN-01,ERP,ITEM_MASTER,P-COMP-114,P-COMP-114,RESOLVED,2026-09-25T23:59:59-06:00,2026-09-26T08:00:00-06:00,2026-06-29T00:00:00-06:00,,1,,false,ACTIVE,EA,CAD,VALID,CURRENT,coolit-synthetic-v2.0.0,ALL_SYNTHETIC_CUSTOMERS,ALL_SYNTHETIC_PROGRAMS,COLDPLATE_BLANK,SYNTHETIC_INTERNAL,SNP-COOLIT-20260925-BL,SCN-BASELINE,P-COMP-114,A,COLDPLATE BLANK synthetic component 114,COMPONENT,COLDPLATE_BLANK,BUY,EA,true,false,ACTIVE,16,DIRECT_MATERIAL,439,false
TEN-COOLIT-SYN-001,SITE-COOLIT-SYN-01,ERP,ITEM_MASTER,P-COMP-115,P-COMP-115,RESOLVED,2026-09-25T23:59:59-06:00,2026-09-26T08:00:00-06:00,2026-06-29T00:00:00-06:00,,1,,false,ACTIVE,EA,CAD,VALID,CURRENT,coolit-synthetic-v2.0.0,ALL_SYNTHETIC_CUSTOMERS,ALL_SYNTHETIC_PROGRAMS,MANIFOLD_TUBE,SYNTHETIC_INTERNAL,SNP-COOLIT-20260925-BL,SCN-BASELINE,P-COMP-115,A,MANIFOLD TUBE synthetic component 115,COMPONENT,MANIFOLD_TUBE,BUY,EA,true,false,ACTIVE,23,DIRECT_MATERIAL,449.33,false
TEN-COOLIT-SYN-001,SITE-COOLIT-SYN-01,ERP,ITEM_MASTER,P-COMP-116,P-COMP-116,RESOLVED,2026-09-25T23:59:59-06:00,2026-09-26T08:00:00-06:00,2026-06-29T00:00:00-06:00,,1,,false,ACTIVE,EA,CAD,VALID,CURRENT,coolit-synthetic-v2.0.0,ALL_SYNTHETIC_CUSTOMERS,ALL_SYNTHETIC_PROGRAMS,FRAME,SYNTHETIC_INTERNAL,SNP-COOLIT-20260925-BL,SCN-BASELINE,P-COMP-116,A,FRAME synthetic component 116,COMPONENT,FRAME,BUY,EA,true,false,ACTIVE,30,DIRECT_MATERIAL,459.67,false
TEN-COOLIT-SYN-001,SITE-COOLIT-SYN-01,ERP,ITEM_MASTER,P-COMP-117,P-COMP-117,RESOLVED,2026-09-25T23:59:59-06:00,2026-09-26T08:00:00-06:00,2026-06-29T00:00:00-06:00,,1,,false,ACTIVE,EA,CAD,VALID,CURRENT,coolit-synthetic-v2.0.0,ALL_SYNTHETIC_CUSTOMERS,ALL_SYNTHETIC_PROGRAMS,HARNESS,SYNTHETIC_INTERNAL,SNP-COOLIT-20260925-BL,SCN-BASELINE,P-COMP-117,A,HARNESS synthetic component 117,COMPONENT,HARNESS,BUY,EA,true,false,ACTIVE,37,DIRECT_MATERIAL,470,false
TEN-COOLIT-SYN-001,SITE-COOLIT-SYN-01,ERP,ITEM_MASTER,P-COMP-118,P-COMP-118,RESOLVED,2026-09-25T23:59:59-06:00,2026-09-26T08:00:00-06:00,2026-06-29T00:00:00-06:00,,1,,false,ACTIVE,EA,CAD,VALID,CURRENT,coolit-synthetic-v2.0.0,ALL_SYNTHETIC_CUSTOMERS,ALL_SYNTHETIC_PROGRAMS,FILTER,SYNTHETIC_INTERNAL,SNP-COOLIT-20260925-BL,SCN-BASELINE,P-COMP-118,A,FILTER synthetic component 118,COMPONENT,FILTER,BUY,EA,true,false,ACTIVE,44,DIRECT_MATERIAL,480.33,false
TEN-COOLIT-SYN-001,SITE-COOLIT-SYN-01,ERP,ITEM_MASTER,P-COMP-119,P-COMP-119,RESOLVED,2026-09-25T23:59:59-06:00,2026-09-26T08:00:00-06:00,2026-06-29T00:00:00-06:00,,1,,false,ACTIVE,EA,CAD,VALID,CURRENT,coolit-synthetic-v2.0.0,ALL_SYNTHETIC_CUSTOMERS,ALL_SYNTHETIC_PROGRAMS,FASTENER,SYNTHETIC_INTERNAL,SNP-COOLIT-20260925-BL,SCN-BASELINE,P-COMP-119,A,FASTENER synthetic component 119,COMPONENT,FASTENER,BUY,EA,false,false,ACTIVE,51,LOW_VALUE,490.67,false
TEN-COOLIT-SYN-001,SITE-COOLIT-SYN-01,ERP,ITEM_MASTER,P-COMP-120,P-COMP-120,RESOLVED,2026-09-25T23:59:59-06:00,2026-09-26T08:00:00-06:00,2026-06-29T00:00:00-06:00,,1,,false,ACTIVE,EA,CAD,VALID,CURRENT,coolit-synthetic-v2.0.0,ALL_SYNTHETIC_CUSTOMERS,ALL_SYNTHETIC_PROGRAMS,PACKAGING,SYNTHETIC_INTERNAL,SNP-COOLIT-20260925-BL,SCN-BASELINE,P-COMP-120,A,PACKAGING synthetic component 120,COMPONENT,PACKAGING,BUY,EA,false,false,ACTIVE,58,DIRECT_MATERIAL,501,false
TEN-COOLIT-SYN-001,SITE-COOLIT-SYN-01,ERP,ITEM_MASTER,P-COMP-121,P-COMP-121,RESOLVED,2026-09-25T23:59:59-06:00,2026-09-26T08:00:00-06:00,2026-06-29T00:00:00-06:00,,1,,false,ACTIVE,EA,CAD,VALID,CURRENT,coolit-synthetic-v2.0.0,ALL_SYNTHETIC_CUSTOMERS,ALL_SYNTHETIC_PROGRAMS,TUBING,SYNTHETIC_INTERNAL,SNP-COOLIT-20260925-BL,SCN-BASELINE,P-COMP-121,A,TUBING synthetic component 121,COMPONENT,TUBING,BUY,EA,true,false,ACTIVE,65,DIRECT_MATERIAL,511.33,false
TEN-COOLIT-SYN-001,SITE-COOLIT-SYN-01,ERP,ITEM_MASTER,P-COMP-122,P-COMP-122,RESOLVED,2026-09-25T23:59:59-06:00,2026-09-26T08:00:00-06:00,2026-06-29T00:00:00-06:00,,1,,false,ACTIVE,EA,CAD,VALID,CURRENT,coolit-synthetic-v2.0.0,ALL_SYNTHETIC_CUSTOMERS,ALL_SYNTHETIC_PROGRAMS,VALVE,SYNTHETIC_INTERNAL,SNP-COOLIT-20260925-BL,SCN-BASELINE,P-COMP-122,A,VALVE synthetic component 122,COMPONENT,VALVE,BUY,EA,true,false,ACTIVE,15,DIRECT_MATERIAL,521.67,false
TEN-COOLIT-SYN-001,SITE-COOLIT-SYN-01,ERP,ITEM_MASTER,P-COMP-123,P-COMP-123,RESOLVED,2026-09-25T23:59:59-06:00,2026-09-26T08:00:00-06:00,2026-06-29T00:00:00-06:00,,1,,false,ACTIVE,EA,CAD,VALID,CURRENT,coolit-synthetic-v2.0.0,ALL_SYNTHETIC_CUSTOMERS,ALL_SYNTHETIC_PROGRAMS,SENSOR,SYNTHETIC_INTERNAL,SNP-COOLIT-20260925-BL,SCN-BASELINE,P-COMP-123,A,SENSOR synthetic component 123,COMPONENT,SENSOR,BUY,EA,true,false,ACTIVE,22,DIRECT_MATERIAL,532,false
TEN-COOLIT-SYN-001,SITE-COOLIT-SYN-01,ERP,ITEM_MASTER,P-COMP-124,P-COMP-124,RESOLVED,2026-09-25T23:59:59-06:00,2026-09-26T08:00:00-06:00,2026-06-29T00:00:00-06:00,,1,,false,ACTIVE,EA,CAD,VALID,CURRENT,coolit-synthetic-v2.0.0,ALL_SYNTHETIC_CUSTOMERS,ALL_SYNTHETIC_PROGRAMS,COLDPLATE_BLANK,SYNTHETIC_INTERNAL,SNP-COOLIT-20260925-BL,SCN-BASELINE,P-COMP-124,A,COLDPLATE BLANK synthetic component 124,COMPONENT,COLDPLATE_BLANK,BUY,EA,true,false,ACTIVE,29,DIRECT_MATERIAL,542.33,false
TEN-COOLIT-SYN-001,SITE-COOLIT-SYN-01,ERP,ITEM_MASTER,P-COMP-125,P-COMP-125,RESOLVED,2026-09-25T23:59:59-06:00,2026-09-26T08:00:00-06:00,2026-06-29T00:00:00-06:00,,1,,false,ACTIVE,EA,CAD,VALID,CURRENT,coolit-synthetic-v2.0.0,ALL_SYNTHETIC_CUSTOMERS,ALL_SYNTHETIC_PROGRAMS,MANIFOLD_TUBE,SYNTHETIC_INTERNAL,SNP-COOLIT-20260925-BL,SCN-BASELINE,P-COMP-125,A,MANIFOLD TUBE synthetic component 125,COMPONENT,MANIFOLD_TUBE,BUY,EA,true,false,ACTIVE,36,DIRECT_MATERIAL,552.67,false
TEN-COOLIT-SYN-001,SITE-COOLIT-SYN-01,ERP,ITEM_MASTER,P-COMP-126,P-COMP-126,RESOLVED,2026-09-25T23:59:59-06:00,2026-09-26T08:00:00-06:00,2026-06-29T00:00:00-06:00,,1,,false,ACTIVE,EA,CAD,VALID,CURRENT,coolit-synthetic-v2.0.0,ALL_SYNTHETIC_CUSTOMERS,ALL_SYNTHETIC_PROGRAMS,FRAME,SYNTHETIC_INTERNAL,SNP-COOLIT-20260925-BL,SCN-BASELINE,P-COMP-126,A,FRAME synthetic component 126,COMPONENT,FRAME,BUY,EA,true,false,ACTIVE,43,DIRECT_MATERIAL,563,false
TEN-COOLIT-SYN-001,SITE-COOLIT-SYN-01,ERP,ITEM_MASTER,P-COMP-127,P-COMP-127,RESOLVED,2026-09-25T23:59:59-06:00,2026-09-26T08:00:00-06:00,2026-06-29T00:00:00-06:00,,1,,false,ACTIVE,EA,CAD,VALID,CURRENT,coolit-synthetic-v2.0.0,ALL_SYNTHETIC_CUSTOMERS,ALL_SYNTHETIC_PROGRAMS,HARNESS,SYNTHETIC_INTERNAL,SNP-COOLIT-20260925-BL,SCN-BASELINE,P-COMP-127,A,HARNESS synthetic component 127,COMPONENT,HARNESS,BUY,EA,true,false,ACTIVE,50,DIRECT_MATERIAL,573.33,false
TEN-COOLIT-SYN-001,SITE-COOLIT-SYN-01,ERP,ITEM_MASTER,P-COMP-128,P-COMP-128,RESOLVED,2026-09-25T23:59:59-06:00,2026-09-26T08:00:00-06:00,2026-06-29T00:00:00-06:00,,1,,false,ACTIVE,EA,CAD,VALID,CURRENT,coolit-synthetic-v2.0.0,ALL_SYNTHETIC_CUSTOMERS,ALL_SYNTHETIC_PROGRAMS,FILTER,SYNTHETIC_INTERNAL,SNP-COOLIT-20260925-BL,SCN-BASELINE,P-COMP-128,A,FILTER synthetic component 128,COMPONENT,FILTER,BUY,EA,true,false,ACTIVE,57,DIRECT_MATERIAL,583.67,false
TEN-COOLIT-SYN-001,SITE-COOLIT-SYN-01,ERP,ITEM_MASTER,P-COMP-129,P-COMP-129,RESOLVED,2026-09-25T23:59:59-06:00,2026-09-26T08:00:00-06:00,2026-06-29T00:00:00-06:00,,1,,false,ACTIVE,EA,CAD,VALID,CURRENT,coolit-synthetic-v2.0.0,ALL_SYNTHETIC_CUSTOMERS,ALL_SYNTHETIC_PROGRAMS,FASTENER,SYNTHETIC_INTERNAL,SNP-COOLIT-20260925-BL,SCN-BASELINE,P-COMP-129,A,FASTENER synthetic component 129,COMPONENT,FASTENER,BUY,EA,false,false,ACTIVE,64,LOW_VALUE,594,false
TEN-COOLIT-SYN-001,SITE-COOLIT-SYN-01,ERP,ITEM_MASTER,P-COMP-130,P-COMP-130,RESOLVED,2026-09-25T23:59:59-06:00,2026-09-26T08:00:00-06:00,2026-06-29T00:00:00-06:00,,1,,false,ACTIVE,EA,CAD,VALID,CURRENT,coolit-synthetic-v2.0.0,ALL_SYNTHETIC_CUSTOMERS,ALL_SYNTHETIC_PROGRAMS,PACKAGING,SYNTHETIC_INTERNAL,SNP-COOLIT-20260925-BL,SCN-BASELINE,P-COMP-130,A,PACKAGING synthetic component 130,SUBASSEMBLY,PACKAGING,MAKE,EA,false,false,ACTIVE,6,DIRECT_MATERIAL,604.33,false
TEN-COOLIT-SYN-001,SITE-COOLIT-SYN-01,ERP,ITEM_MASTER,P-COMP-131,P-COMP-131,RESOLVED,2026-09-25T23:59:59-06:00,2026-09-26T08:00:00-06:00,2026-06-29T00:00:00-06:00,,1,,false,ACTIVE,EA,CAD,VALID,CURRENT,coolit-synthetic-v2.0.0,ALL_SYNTHETIC_CUSTOMERS,ALL_SYNTHETIC_PROGRAMS,TUBING,SYNTHETIC_INTERNAL,SNP-COOLIT-20260925-BL,SCN-BASELINE,P-COMP-131,A,TUBING synthetic component 131,COMPONENT,TUBING,BUY,EA,true,false,ACTIVE,21,DIRECT_MATERIAL,614.67,false
TEN-COOLIT-SYN-001,SITE-COOLIT-SYN-01,ERP,ITEM_MASTER,P-COMP-132,P-COMP-132,RESOLVED,2026-09-25T23:59:59-06:00,2026-09-26T08:00:00-06:00,2026-06-29T00:00:00-06:00,,1,,false,ACTIVE,EA,CAD,VALID,CURRENT,coolit-synthetic-v2.0.0,ALL_SYNTHETIC_CUSTOMERS,ALL_SYNTHETIC_PROGRAMS,VALVE,SYNTHETIC_INTERNAL,SNP-COOLIT-20260925-BL,SCN-BASELINE,P-COMP-132,A,VALVE synthetic component 132,COMPONENT,VALVE,BUY,EA,true,false,ACTIVE,28,DIRECT_MATERIAL,625,false
TEN-COOLIT-SYN-001,SITE-COOLIT-SYN-01,ERP,ITEM_MASTER,P-COMP-133,P-COMP-133,RESOLVED,2026-09-25T23:59:59-06:00,2026-09-26T08:00:00-06:00,2026-06-29T00:00:00-06:00,,1,,false,ACTIVE,EA,CAD,VALID,CURRENT,coolit-synthetic-v2.0.0,ALL_SYNTHETIC_CUSTOMERS,ALL_SYNTHETIC_PROGRAMS,SENSOR,SYNTHETIC_INTERNAL,SNP-COOLIT-20260925-BL,SCN-BASELINE,P-COMP-133,A,SENSOR synthetic component 133,COMPONENT,SENSOR,BUY,EA,true,false,ACTIVE,35,DIRECT_MATERIAL,635.33,false
TEN-COOLIT-SYN-001,SITE-COOLIT-SYN-01,ERP,ITEM_MASTER,P-COMP-134,P-COMP-134,RESOLVED,2026-09-25T23:59:59-06:00,2026-09-26T08:00:00-06:00,2026-06-29T00:00:00-06:00,,1,,false,ACTIVE,EA,CAD,VALID,CURRENT,coolit-synthetic-v2.0.0,ALL_SYNTHETIC_CUSTOMERS,ALL_SYNTHETIC_PROGRAMS,COLDPLATE_BLANK,SYNTHETIC_INTERNAL,SNP-COOLIT-20260925-BL,SCN-BASELINE,P-COMP-134,A,COLDPLATE BLANK synthetic component 134,COMPONENT,COLDPLATE_BLANK,BUY,EA,true,false,ACTIVE,42,DIRECT_MATERIAL,645.67,false
TEN-COOLIT-SYN-001,SITE-COOLIT-SYN-01,ERP,ITEM_MASTER,P-COMP-135,P-COMP-135,RESOLVED,2026-09-25T23:59:59-06:00,2026-09-26T08:00:00-06:00,2026-06-29T00:00:00-06:00,,1,,false,ACTIVE,EA,CAD,VALID,CURRENT,coolit-synthetic-v2.0.0,ALL_SYNTHETIC_CUSTOMERS,ALL_SYNTHETIC_PROGRAMS,MANIFOLD_TUBE,SYNTHETIC_INTERNAL,SNP-COOLIT-20260925-BL,SCN-BASELINE,P-COMP-135,A,MANIFOLD TUBE synthetic component 135,COMPONENT,MANIFOLD_TUBE,BUY,EA,true,false,ACTIVE,49,DIRECT_MATERIAL,656,false
TEN-COOLIT-SYN-001,SITE-COOLIT-SYN-01,ERP,ITEM_MASTER,P-COMP-136,P-COMP-136,RESOLVED,2026-09-25T23:59:59-06:00,2026-09-26T08:00:00-06:00,2026-06-29T00:00:00-06:00,,1,,false,ACTIVE,EA,CAD,VALID,CURRENT,coolit-synthetic-v2.0.0,ALL_SYNTHETIC_CUSTOMERS,ALL_SYNTHETIC_PROGRAMS,FRAME,SYNTHETIC_INTERNAL,SNP-COOLIT-20260925-BL,SCN-BASELINE,P-COMP-136,A,FRAME synthetic component 136,COMPONENT,FRAME,BUY,EA,true,false,ACTIVE,56,DIRECT_MATERIAL,666.33,false
TEN-COOLIT-SYN-001,SITE-COOLIT-SYN-01,ERP,ITEM_MASTER,P-COMP-137,P-COMP-137,RESOLVED,2026-09-25T23:59:59-06:00,2026-09-26T08:00:00-06:00,2026-06-29T00:00:00-06:00,,1,,false,ACTIVE,EA,CAD,VALID,CURRENT,coolit-synthetic-v2.0.0,ALL_SYNTHETIC_CUSTOMERS,ALL_SYNTHETIC_PROGRAMS,HARNESS,SYNTHETIC_INTERNAL,SNP-COOLIT-20260925-BL,SCN-BASELINE,P-COMP-137,A,HARNESS synthetic component 137,COMPONENT,HARNESS,BUY,EA,true,false,ACTIVE,63,DIRECT_MATERIAL,676.67,false
TEN-COOLIT-SYN-001,SITE-COOLIT-SYN-01,ERP,ITEM_MASTER,P-COMP-138,P-COMP-138,RESOLVED,2026-09-25T23:59:59-06:00,2026-09-26T08:00:00-06:00,2026-06-29T00:00:00-06:00,,1,,false,ACTIVE,EA,CAD,VALID,CURRENT,coolit-synthetic-v2.0.0,ALL_SYNTHETIC_CUSTOMERS,ALL_SYNTHETIC_PROGRAMS,FILTER,SYNTHETIC_INTERNAL,SNP-COOLIT-20260925-BL,SCN-BASELINE,P-COMP-138,A,FILTER synthetic component 138,COMPONENT,FILTER,BUY,EA,true,false,ACTIVE,70,DIRECT_MATERIAL,687,false
TEN-COOLIT-SYN-001,SITE-COOLIT-SYN-01,ERP,ITEM_MASTER,P-COMP-139,P-COMP-139,RESOLVED,2026-09-25T23:59:59-06:00,2026-09-26T08:00:00-06:00,2026-06-29T00:00:00-06:00,,1,,false,ACTIVE,EA,CAD,VALID,CURRENT,coolit-synthetic-v2.0.0,ALL_SYNTHETIC_CUSTOMERS,ALL_SYNTHETIC_PROGRAMS,FASTENER,SYNTHETIC_INTERNAL,SNP-COOLIT-20260925-BL,SCN-BASELINE,P-COMP-139,A,FASTENER synthetic component 139,COMPONENT,FASTENER,BUY,EA,false,false,ACTIVE,20,LOW_VALUE,697.33,false
TEN-COOLIT-SYN-001,SITE-COOLIT-SYN-01,ERP,ITEM_MASTER,P-COMP-140,P-COMP-140,RESOLVED,2026-09-25T23:59:59-06:00,2026-09-26T08:00:00-06:00,2026-06-29T00:00:00-06:00,,1,,false,ACTIVE,EA,CAD,VALID,CURRENT,coolit-synthetic-v2.0.0,ALL_SYNTHETIC_CUSTOMERS,ALL_SYNTHETIC_PROGRAMS,PACKAGING,SYNTHETIC_INTERNAL,SNP-COOLIT-20260925-BL,SCN-BASELINE,P-COMP-140,A,PACKAGING synthetic component 140,COMPONENT,PACKAGING,BUY,EA,false,false,ACTIVE,27,DIRECT_MATERIAL,707.67,false
TEN-COOLIT-SYN-001,SITE-COOLIT-SYN-01,ERP,ITEM_MASTER,P-COMP-141,P-COMP-141,RESOLVED,2026-09-25T23:59:59-06:00,2026-09-26T08:00:00-06:00,2026-06-29T00:00:00-06:00,,1,,false,ACTIVE,EA,CAD,VALID,CURRENT,coolit-synthetic-v2.0.0,ALL_SYNTHETIC_CUSTOMERS,ALL_SYNTHETIC_PROGRAMS,TUBING,SYNTHETIC_INTERNAL,SNP-COOLIT-20260925-BL,SCN-BASELINE,P-COMP-141,A,TUBING synthetic component 141,COMPONENT,TUBING,BUY,EA,true,false,ACTIVE,34,DIRECT_MATERIAL,718,false
TEN-COOLIT-SYN-001,SITE-COOLIT-SYN-01,ERP,ITEM_MASTER,P-COMP-142,P-COMP-142,RESOLVED,2026-09-25T23:59:59-06:00,2026-09-26T08:00:00-06:00,2026-06-29T00:00:00-06:00,,1,,false,ACTIVE,EA,CAD,VALID,CURRENT,coolit-synthetic-v2.0.0,ALL_SYNTHETIC_CUSTOMERS,ALL_SYNTHETIC_PROGRAMS,VALVE,SYNTHETIC_INTERNAL,SNP-COOLIT-20260925-BL,SCN-BASELINE,P-COMP-142,A,VALVE synthetic component 142,COMPONENT,VALVE,BUY,EA,true,false,ACTIVE,41,DIRECT_MATERIAL,728.33,false
TEN-COOLIT-SYN-001,SITE-COOLIT-SYN-01,ERP,ITEM_MASTER,P-COMP-143,P-COMP-143,RESOLVED,2026-09-25T23:59:59-06:00,2026-09-26T08:00:00-06:00,2026-06-29T00:00:00-06:00,,1,,false,ACTIVE,EA,CAD,VALID,CURRENT,coolit-synthetic-v2.0.0,ALL_SYNTHETIC_CUSTOMERS,ALL_SYNTHETIC_PROGRAMS,SENSOR,SYNTHETIC_INTERNAL,SNP-COOLIT-20260925-BL,SCN-BASELINE,P-COMP-143,A,SENSOR synthetic component 143,COMPONENT,SENSOR,BUY,EA,true,false,ACTIVE,48,DIRECT_MATERIAL,738.67,false
TEN-COOLIT-SYN-001,SITE-COOLIT-SYN-01,ERP,ITEM_MASTER,P-COMP-144,P-COMP-144,RESOLVED,2026-09-25T23:59:59-06:00,2026-09-26T08:00:00-06:00,2026-06-29T00:00:00-06:00,,1,,false,ACTIVE,EA,CAD,VALID,CURRENT,coolit-synthetic-v2.0.0,ALL_SYNTHETIC_CUSTOMERS,ALL_SYNTHETIC_PROGRAMS,COLDPLATE_BLANK,SYNTHETIC_INTERNAL,SNP-COOLIT-20260925-BL,SCN-BASELINE,P-COMP-144,A,COLDPLATE BLANK synthetic component 144,COMPONENT,COLDPLATE_BLANK,BUY,EA,true,false,ACTIVE,55,DIRECT_MATERIAL,749,false
TEN-COOLIT-SYN-001,SITE-COOLIT-SYN-01,ERP,ITEM_MASTER,P-COMP-145,P-COMP-145,RESOLVED,2026-09-25T23:59:59-06:00,2026-09-26T08:00:00-06:00,2026-06-29T00:00:00-06:00,,1,,false,ACTIVE,EA,CAD,VALID,CURRENT,coolit-synthetic-v2.0.0,ALL_SYNTHETIC_CUSTOMERS,ALL_SYNTHETIC_PROGRAMS,MANIFOLD_TUBE,SYNTHETIC_INTERNAL,SNP-COOLIT-20260925-BL,SCN-BASELINE,P-COMP-145,A,MANIFOLD TUBE synthetic component 145,COMPONENT,MANIFOLD_TUBE,BUY,EA,true,false,ACTIVE,62,DIRECT_MATERIAL,759.33,false
TEN-COOLIT-SYN-001,SITE-COOLIT-SYN-01,ERP,ITEM_MASTER,P-COMP-146,P-COMP-146,RESOLVED,2026-09-25T23:59:59-06:00,2026-09-26T08:00:00-06:00,2026-06-29T00:00:00-06:00,,1,,false,ACTIVE,EA,CAD,VALID,CURRENT,coolit-synthetic-v2.0.0,ALL_SYNTHETIC_CUSTOMERS,ALL_SYNTHETIC_PROGRAMS,FRAME,SYNTHETIC_INTERNAL,SNP-COOLIT-20260925-BL,SCN-BASELINE,P-COMP-146,A,FRAME synthetic component 146,COMPONENT,FRAME,BUY,EA,true,false,ACTIVE,69,DIRECT_MATERIAL,769.67,false
TEN-COOLIT-SYN-001,SITE-COOLIT-SYN-01,ERP,ITEM_MASTER,P-COMP-147,P-COMP-147,RESOLVED,2026-09-25T23:59:59-06:00,2026-09-26T08:00:00-06:00,2026-06-29T00:00:00-06:00,,1,,false,ACTIVE,EA,CAD,VALID,CURRENT,coolit-synthetic-v2.0.0,ALL_SYNTHETIC_CUSTOMERS,ALL_SYNTHETIC_PROGRAMS,HARNESS,SYNTHETIC_INTERNAL,SNP-COOLIT-20260925-BL,SCN-BASELINE,P-COMP-147,A,HARNESS synthetic component 147,COMPONENT,HARNESS,BUY,EA,true,false,PHASE_OUT,19,DIRECT_MATERIAL,780,false
TEN-COOLIT-SYN-001,SITE-COOLIT-SYN-01,ERP,ITEM_MASTER,P-COMP-148,P-COMP-148,RESOLVED,2026-09-25T23:59:59-06:00,2026-09-26T08:00:00-06:00,2026-06-29T00:00:00-06:00,,1,,false,ACTIVE,EA,CAD,VALID,CURRENT,coolit-synthetic-v2.0.0,ALL_SYNTHETIC_CUSTOMERS,ALL_SYNTHETIC_PROGRAMS,FILTER,SYNTHETIC_INTERNAL,SNP-COOLIT-20260925-BL,SCN-BASELINE,P-COMP-148,A,FILTER synthetic component 148,COMPONENT,FILTER,BUY,EA,true,false,ACTIVE,26,DIRECT_MATERIAL,790.33,false
TEN-COOLIT-SYN-001,SITE-COOLIT-SYN-01,ERP,ITEM_MASTER,P-COMP-149,P-COMP-149,RESOLVED,2026-09-25T23:59:59-06:00,2026-09-26T08:00:00-06:00,2026-06-29T00:00:00-06:00,,1,,false,ACTIVE,EA,CAD,VALID,CURRENT,coolit-synthetic-v2.0.0,ALL_SYNTHETIC_CUSTOMERS,ALL_SYNTHETIC_PROGRAMS,FASTENER,SYNTHETIC_INTERNAL,SNP-COOLIT-20260925-BL,SCN-BASELINE,P-COMP-149,A,FASTENER synthetic component 149,SUBASSEMBLY,FASTENER,MAKE,EA,false,false,ACTIVE,13,LOW_VALUE,800.67,false
TEN-COOLIT-SYN-001,SITE-COOLIT-SYN-01,ERP,ITEM_MASTER,P-COMP-150,P-COMP-150,RESOLVED,2026-09-25T23:59:59-06:00,2026-09-26T08:00:00-06:00,2026-06-29T00:00:00-06:00,,1,,false,ACTIVE,EA,CAD,VALID,CURRENT,coolit-synthetic-v2.0.0,ALL_SYNTHETIC_CUSTOMERS,ALL_SYNTHETIC_PROGRAMS,PACKAGING,SYNTHETIC_INTERNAL,SNP-COOLIT-20260925-BL,SCN-BASELINE,P-COMP-150,A,PACKAGING synthetic component 150,COMPONENT,PACKAGING,BUY,EA,false,false,ACTIVE,40,DIRECT_MATERIAL,811,false
TEN-COOLIT-SYN-001,SITE-COOLIT-SYN-01,ERP,ITEM_MASTER,P-COMP-151,P-COMP-151,RESOLVED,2026-09-25T23:59:59-06:00,2026-09-26T08:00:00-06:00,2026-06-29T00:00:00-06:00,,1,,false,ACTIVE,EA,CAD,VALID,CURRENT,coolit-synthetic-v2.0.0,ALL_SYNTHETIC_CUSTOMERS,ALL_SYNTHETIC_PROGRAMS,TUBING,SYNTHETIC_INTERNAL,SNP-COOLIT-20260925-BL,SCN-BASELINE,P-COMP-151,A,TUBING synthetic component 151,COMPONENT,TUBING,BUY,EA,true,false,ACTIVE,47,DIRECT_MATERIAL,821.33,false
TEN-COOLIT-SYN-001,SITE-COOLIT-SYN-01,ERP,ITEM_MASTER,P-COMP-152,P-COMP-152,RESOLVED,2026-09-25T23:59:59-06:00,2026-09-26T08:00:00-06:00,2026-06-29T00:00:00-06:00,,1,,false,ACTIVE,EA,CAD,VALID,CURRENT,coolit-synthetic-v2.0.0,ALL_SYNTHETIC_CUSTOMERS,ALL_SYNTHETIC_PROGRAMS,VALVE,SYNTHETIC_INTERNAL,SNP-COOLIT-20260925-BL,SCN-BASELINE,P-COMP-152,A,VALVE synthetic component 152,COMPONENT,VALVE,BUY,EA,true,false,ACTIVE,54,DIRECT_MATERIAL,831.67,false
TEN-COOLIT-SYN-001,SITE-COOLIT-SYN-01,ERP,ITEM_MASTER,P-COMP-153,P-COMP-153,RESOLVED,2026-09-25T23:59:59-06:00,2026-09-26T08:00:00-06:00,2026-06-29T00:00:00-06:00,,1,,false,ACTIVE,EA,CAD,VALID,CURRENT,coolit-synthetic-v2.0.0,ALL_SYNTHETIC_CUSTOMERS,ALL_SYNTHETIC_PROGRAMS,SENSOR,SYNTHETIC_INTERNAL,SNP-COOLIT-20260925-BL,SCN-BASELINE,P-COMP-153,A,SENSOR synthetic component 153,COMPONENT,SENSOR,BUY,EA,true,false,ACTIVE,61,DIRECT_MATERIAL,842,false
TEN-COOLIT-SYN-001,SITE-COOLIT-SYN-01,ERP,ITEM_MASTER,P-COMP-154,P-COMP-154,RESOLVED,2026-09-25T23:59:59-06:00,2026-09-26T08:00:00-06:00,2026-06-29T00:00:00-06:00,,1,,false,ACTIVE,EA,CAD,VALID,CURRENT,coolit-synthetic-v2.0.0,ALL_SYNTHETIC_CUSTOMERS,ALL_SYNTHETIC_PROGRAMS,COLDPLATE_BLANK,SYNTHETIC_INTERNAL,SNP-COOLIT-20260925-BL,SCN-BASELINE,P-COMP-154,A,COLDPLATE BLANK synthetic component 154,COMPONENT,COLDPLATE_BLANK,BUY,EA,true,false,ACTIVE,68,DIRECT_MATERIAL,852.33,false
TEN-COOLIT-SYN-001,SITE-COOLIT-SYN-01,ERP,ITEM_MASTER,P-COMP-155,P-COMP-155,RESOLVED,2026-09-25T23:59:59-06:00,2026-09-26T08:00:00-06:00,2026-06-29T00:00:00-06:00,,1,,false,ACTIVE,EA,CAD,VALID,CURRENT,coolit-synthetic-v2.0.0,ALL_SYNTHETIC_CUSTOMERS,ALL_SYNTHETIC_PROGRAMS,MANIFOLD_TUBE,SYNTHETIC_INTERNAL,SNP-COOLIT-20260925-BL,SCN-BASELINE,P-COMP-155,A,MANIFOLD TUBE synthetic component 155,COMPONENT,MANIFOLD_TUBE,BUY,EA,true,false,ACTIVE,18,DIRECT_MATERIAL,862.67,false
TEN-COOLIT-SYN-001,SITE-COOLIT-SYN-01,ERP,ITEM_MASTER,P-COMP-156,P-COMP-156,RESOLVED,2026-09-25T23:59:59-06:00,2026-09-26T08:00:00-06:00,2026-06-29T00:00:00-06:00,,1,,false,ACTIVE,EA,CAD,VALID,CURRENT,coolit-synthetic-v2.0.0,ALL_SYNTHETIC_CUSTOMERS,ALL_SYNTHETIC_PROGRAMS,FRAME,SYNTHETIC_INTERNAL,SNP-COOLIT-20260925-BL,SCN-BASELINE,P-COMP-156,A,FRAME synthetic component 156,COMPONENT,FRAME,BUY,EA,true,false,ACTIVE,25,DIRECT_MATERIAL,873,false
TEN-COOLIT-SYN-001,SITE-COOLIT-SYN-01,ERP,ITEM_MASTER,P-COMP-157,P-COMP-157,RESOLVED,2026-09-25T23:59:59-06:00,2026-09-26T08:00:00-06:00,2026-06-29T00:00:00-06:00,,1,,false,ACTIVE,EA,CAD,VALID,CURRENT,coolit-synthetic-v2.0.0,ALL_SYNTHETIC_CUSTOMERS,ALL_SYNTHETIC_PROGRAMS,HARNESS,SYNTHETIC_INTERNAL,SNP-COOLIT-20260925-BL,SCN-BASELINE,P-COMP-157,A,HARNESS synthetic component 157,COMPONENT,HARNESS,BUY,EA,true,false,ACTIVE,32,DIRECT_MATERIAL,883.33,false
TEN-COOLIT-SYN-001,SITE-COOLIT-SYN-01,ERP,ITEM_MASTER,P-COMP-158,P-COMP-158,RESOLVED,2026-09-25T23:59:59-06:00,2026-09-26T08:00:00-06:00,2026-06-29T00:00:00-06:00,,1,,false,ACTIVE,EA,CAD,VALID,CURRENT,coolit-synthetic-v2.0.0,ALL_SYNTHETIC_CUSTOMERS,ALL_SYNTHETIC_PROGRAMS,FILTER,SYNTHETIC_INTERNAL,SNP-COOLIT-20260925-BL,SCN-BASELINE,P-COMP-158,A,FILTER synthetic component 158,COMPONENT,FILTER,BUY,EA,true,false,ACTIVE,39,DIRECT_MATERIAL,893.67,false
TEN-COOLIT-SYN-001,SITE-COOLIT-SYN-01,ERP,ITEM_MASTER,P-COMP-159,P-COMP-159,RESOLVED,2026-09-25T23:59:59-06:00,2026-09-26T08:00:00-06:00,2026-06-29T00:00:00-06:00,,1,,false,ACTIVE,EA,CAD,VALID,CURRENT,coolit-synthetic-v2.0.0,ALL_SYNTHETIC_CUSTOMERS,ALL_SYNTHETIC_PROGRAMS,FASTENER,SYNTHETIC_INTERNAL,SNP-COOLIT-20260925-BL,SCN-BASELINE,P-COMP-159,A,FASTENER synthetic component 159,COMPONENT,FASTENER,BUY,EA,false,false,ACTIVE,46,LOW_VALUE,904,false
TEN-COOLIT-SYN-001,SITE-COOLIT-SYN-01,ERP,ITEM_MASTER,P-COMP-160,P-COMP-160,RESOLVED,2026-09-25T23:59:59-06:00,2026-09-26T08:00:00-06:00,2026-06-29T00:00:00-06:00,,1,,false,ACTIVE,EA,CAD,VALID,CURRENT,coolit-synthetic-v2.0.0,ALL_SYNTHETIC_CUSTOMERS,ALL_SYNTHETIC_PROGRAMS,PACKAGING,SYNTHETIC_INTERNAL,SNP-COOLIT-20260925-BL,SCN-BASELINE,P-COMP-160,A,PACKAGING synthetic component 160,COMPONENT,PACKAGING,BUY,EA,false,false,ACTIVE,53,DIRECT_MATERIAL,914.33,false
TEN-COOLIT-SYN-001,SITE-COOLIT-SYN-01,ERP,ITEM_MASTER,P-COMP-161,P-COMP-161,RESOLVED,2026-09-25T23:59:59-06:00,2026-09-26T08:00:00-06:00,2026-06-29T00:00:00-06:00,,1,,false,ACTIVE,EA,CAD,VALID,CURRENT,coolit-synthetic-v2.0.0,ALL_SYNTHETIC_CUSTOMERS,ALL_SYNTHETIC_PROGRAMS,TUBING,SYNTHETIC_INTERNAL,SNP-COOLIT-20260925-BL,SCN-BASELINE,P-COMP-161,A,TUBING synthetic component 161,COMPONENT,TUBING,BUY,EA,true,false,ACTIVE,60,DIRECT_MATERIAL,924.67,false
TEN-COOLIT-SYN-001,SITE-COOLIT-SYN-01,ERP,ITEM_MASTER,P-COMP-162,P-COMP-162,RESOLVED,2026-09-25T23:59:59-06:00,2026-09-26T08:00:00-06:00,2026-06-29T00:00:00-06:00,,1,,false,ACTIVE,EA,CAD,VALID,CURRENT,coolit-synthetic-v2.0.0,ALL_SYNTHETIC_CUSTOMERS,ALL_SYNTHETIC_PROGRAMS,VALVE,SYNTHETIC_INTERNAL,SNP-COOLIT-20260925-BL,SCN-BASELINE,P-COMP-162,A,VALVE synthetic component 162,COMPONENT,VALVE,BUY,EA,true,false,ACTIVE,67,DIRECT_MATERIAL,935,false
TEN-COOLIT-SYN-001,SITE-COOLIT-SYN-01,ERP,ITEM_MASTER,P-COMP-163,P-COMP-163,RESOLVED,2026-09-25T23:59:59-06:00,2026-09-26T08:00:00-06:00,2026-06-29T00:00:00-06:00,,1,,false,ACTIVE,EA,CAD,VALID,CURRENT,coolit-synthetic-v2.0.0,ALL_SYNTHETIC_CUSTOMERS,ALL_SYNTHETIC_PROGRAMS,SENSOR,SYNTHETIC_INTERNAL,SNP-COOLIT-20260925-BL,SCN-BASELINE,P-COMP-163,A,SENSOR synthetic component 163,COMPONENT,SENSOR,BUY,EA,true,false,ACTIVE,17,DIRECT_MATERIAL,945.33,false
TEN-COOLIT-SYN-001,SITE-COOLIT-SYN-01,ERP,ITEM_MASTER,P-COMP-164,P-COMP-164,RESOLVED,2026-09-25T23:59:59-06:00,2026-09-26T08:00:00-06:00,2026-06-29T00:00:00-06:00,,1,,false,ACTIVE,EA,CAD,VALID,CURRENT,coolit-synthetic-v2.0.0,ALL_SYNTHETIC_CUSTOMERS,ALL_SYNTHETIC_PROGRAMS,COLDPLATE_BLANK,SYNTHETIC_INTERNAL,SNP-COOLIT-20260925-BL,SCN-BASELINE,P-COMP-164,A,COLDPLATE BLANK synthetic component 164,COMPONENT,COLDPLATE_BLANK,BUY,EA,true,false,ACTIVE,24,DIRECT_MATERIAL,955.67,false
TEN-COOLIT-SYN-001,SITE-COOLIT-SYN-01,ERP,ITEM_MASTER,P-COMP-165,P-COMP-165,RESOLVED,2026-09-25T23:59:59-06:00,2026-09-26T08:00:00-06:00,2026-06-29T00:00:00-06:00,,1,,false,ACTIVE,EA,CAD,VALID,CURRENT,coolit-synthetic-v2.0.0,ALL_SYNTHETIC_CUSTOMERS,ALL_SYNTHETIC_PROGRAMS,MANIFOLD_TUBE,SYNTHETIC_INTERNAL,SNP-COOLIT-20260925-BL,SCN-BASELINE,P-COMP-165,A,MANIFOLD TUBE synthetic component 165,COMPONENT,MANIFOLD_TUBE,BUY,EA,true,false,ACTIVE,31,DIRECT_MATERIAL,966,false
TEN-COOLIT-SYN-001,SITE-COOLIT-SYN-01,ERP,ITEM_MASTER,P-COMP-166,P-COMP-166,RESOLVED,2026-09-25T23:59:59-06:00,2026-09-26T08:00:00-06:00,2026-06-29T00:00:00-06:00,,1,,false,ACTIVE,EA,CAD,VALID,CURRENT,coolit-synthetic-v2.0.0,ALL_SYNTHETIC_CUSTOMERS,ALL_SYNTHETIC_PROGRAMS,FRAME,SYNTHETIC_INTERNAL,SNP-COOLIT-20260925-BL,SCN-BASELINE,P-COMP-166,A,FRAME synthetic component 166,COMPONENT,FRAME,BUY,EA,true,false,ACTIVE,38,DIRECT_MATERIAL,976.33,false
TEN-COOLIT-SYN-001,SITE-COOLIT-SYN-01,ERP,ITEM_MASTER,P-COMP-167,P-COMP-167,RESOLVED,2026-09-25T23:59:59-06:00,2026-09-26T08:00:00-06:00,2026-06-29T00:00:00-06:00,,1,,false,ACTIVE,EA,CAD,VALID,CURRENT,coolit-synthetic-v2.0.0,ALL_SYNTHETIC_CUSTOMERS,ALL_SYNTHETIC_PROGRAMS,HARNESS,SYNTHETIC_INTERNAL,SNP-COOLIT-20260925-BL,SCN-BASELINE,P-COMP-167,A,HARNESS synthetic component 167,COMPONENT,HARNESS,BUY,EA,true,false,ACTIVE,45,DIRECT_MATERIAL,986.67,false
TEN-COOLIT-SYN-001,SITE-COOLIT-SYN-01,ERP,ITEM_MASTER,P-COMP-168,P-COMP-168,RESOLVED,2026-09-25T23:59:59-06:00,2026-09-26T08:00:00-06:00,2026-06-29T00:00:00-06:00,,1,,false,ACTIVE,EA,CAD,VALID,CURRENT,coolit-synthetic-v2.0.0,ALL_SYNTHETIC_CUSTOMERS,ALL_SYNTHETIC_PROGRAMS,FILTER,SYNTHETIC_INTERNAL,SNP-COOLIT-20260925-BL,SCN-BASELINE,P-COMP-168,A,FILTER synthetic component 168,SUBASSEMBLY,FILTER,MAKE,EA,true,false,ACTIVE,8,DIRECT_MATERIAL,997,false
TEN-COOLIT-SYN-001,SITE-COOLIT-SYN-01,ERP,ITEM_MASTER,P-COMP-169,P-COMP-169,RESOLVED,2026-09-25T23:59:59-06:00,2026-09-26T08:00:00-06:00,2026-06-29T00:00:00-06:00,,1,,false,ACTIVE,EA,CAD,VALID,CURRENT,coolit-synthetic-v2.0.0,ALL_SYNTHETIC_CUSTOMERS,ALL_SYNTHETIC_PROGRAMS,FASTENER,SYNTHETIC_INTERNAL,SNP-COOLIT-20260925-BL,SCN-BASELINE,P-COMP-169,A,FASTENER synthetic component 169,COMPONENT,FASTENER,BUY,EA,false,false,ACTIVE,59,LOW_VALUE,1007.33,false
TEN-COOLIT-SYN-001,SITE-COOLIT-SYN-01,ERP,ITEM_MASTER,P-COMP-170,P-COMP-170,RESOLVED,2026-09-25T23:59:59-06:00,2026-09-26T08:00:00-06:00,2026-06-29T00:00:00-06:00,,1,,false,ACTIVE,EA,CAD,VALID,CURRENT,coolit-synthetic-v2.0.0,ALL_SYNTHETIC_CUSTOMERS,ALL_SYNTHETIC_PROGRAMS,PACKAGING,SYNTHETIC_INTERNAL,SNP-COOLIT-20260925-BL,SCN-BASELINE,P-COMP-170,A,PACKAGING synthetic component 170,COMPONENT,PACKAGING,BUY,EA,false,false,ACTIVE,66,DIRECT_MATERIAL,1017.67,false
TEN-COOLIT-SYN-001,SITE-COOLIT-SYN-01,ERP,ITEM_MASTER,P-COMP-171,P-COMP-171,RESOLVED,2026-09-25T23:59:59-06:00,2026-09-26T08:00:00-06:00,2026-06-29T00:00:00-06:00,,1,,false,ACTIVE,EA,CAD,VALID,CURRENT,coolit-synthetic-v2.0.0,ALL_SYNTHETIC_CUSTOMERS,ALL_SYNTHETIC_PROGRAMS,TUBING,SYNTHETIC_INTERNAL,SNP-COOLIT-20260925-BL,SCN-BASELINE,P-COMP-171,A,TUBING synthetic component 171,COMPONENT,TUBING,BUY,EA,true,false,ACTIVE,16,DIRECT_MATERIAL,1028,false
TEN-COOLIT-SYN-001,SITE-COOLIT-SYN-01,ERP,ITEM_MASTER,P-COMP-172,P-COMP-172,RESOLVED,2026-09-25T23:59:59-06:00,2026-09-26T08:00:00-06:00,2026-06-29T00:00:00-06:00,,1,,false,ACTIVE,EA,CAD,VALID,CURRENT,coolit-synthetic-v2.0.0,ALL_SYNTHETIC_CUSTOMERS,ALL_SYNTHETIC_PROGRAMS,VALVE,SYNTHETIC_INTERNAL,SNP-COOLIT-20260925-BL,SCN-BASELINE,P-COMP-172,A,VALVE synthetic component 172,COMPONENT,VALVE,BUY,EA,true,false,ACTIVE,23,DIRECT_MATERIAL,1038.33,false
TEN-COOLIT-SYN-001,SITE-COOLIT-SYN-01,ERP,ITEM_MASTER,P-COMP-173,P-COMP-173,RESOLVED,2026-09-25T23:59:59-06:00,2026-09-26T08:00:00-06:00,2026-06-29T00:00:00-06:00,,1,,false,ACTIVE,EA,CAD,VALID,CURRENT,coolit-synthetic-v2.0.0,ALL_SYNTHETIC_CUSTOMERS,ALL_SYNTHETIC_PROGRAMS,SENSOR,SYNTHETIC_INTERNAL,SNP-COOLIT-20260925-BL,SCN-BASELINE,P-COMP-173,A,SENSOR synthetic component 173,COMPONENT,SENSOR,BUY,EA,true,false,ACTIVE,30,DIRECT_MATERIAL,1048.67,false
TEN-COOLIT-SYN-001,SITE-COOLIT-SYN-01,ERP,ITEM_MASTER,P-COMP-174,P-COMP-174,RESOLVED,2026-09-25T23:59:59-06:00,2026-09-26T08:00:00-06:00,2026-06-29T00:00:00-06:00,,1,,false,ACTIVE,EA,CAD,VALID,CURRENT,coolit-synthetic-v2.0.0,ALL_SYNTHETIC_CUSTOMERS,ALL_SYNTHETIC_PROGRAMS,COLDPLATE_BLANK,SYNTHETIC_INTERNAL,SNP-COOLIT-20260925-BL,SCN-BASELINE,P-COMP-174,A,COLDPLATE BLANK synthetic component 174,COMPONENT,COLDPLATE_BLANK,BUY,EA,true,false,ACTIVE,37,DIRECT_MATERIAL,1059,false
TEN-COOLIT-SYN-001,SITE-COOLIT-SYN-01,ERP,ITEM_MASTER,P-COMP-175,P-COMP-175,RESOLVED,2026-09-25T23:59:59-06:00,2026-09-26T08:00:00-06:00,2026-06-29T00:00:00-06:00,,1,,false,ACTIVE,EA,CAD,VALID,CURRENT,coolit-synthetic-v2.0.0,ALL_SYNTHETIC_CUSTOMERS,ALL_SYNTHETIC_PROGRAMS,MANIFOLD_TUBE,SYNTHETIC_INTERNAL,SNP-COOLIT-20260925-BL,SCN-BASELINE,P-COMP-175,A,MANIFOLD TUBE synthetic component 175,COMPONENT,MANIFOLD_TUBE,BUY,EA,true,false,ACTIVE,44,DIRECT_MATERIAL,1069.33,false
TEN-COOLIT-SYN-001,SITE-COOLIT-SYN-01,ERP,ITEM_MASTER,P-COMP-176,P-COMP-176,RESOLVED,2026-09-25T23:59:59-06:00,2026-09-26T08:00:00-06:00,2026-06-29T00:00:00-06:00,,1,,false,ACTIVE,EA,CAD,VALID,CURRENT,coolit-synthetic-v2.0.0,ALL_SYNTHETIC_CUSTOMERS,ALL_SYNTHETIC_PROGRAMS,FRAME,SYNTHETIC_INTERNAL,SNP-COOLIT-20260925-BL,SCN-BASELINE,P-COMP-176,A,FRAME synthetic component 176,COMPONENT,FRAME,BUY,EA,true,false,ACTIVE,51,DIRECT_MATERIAL,1079.67,false
TEN-COOLIT-SYN-001,SITE-COOLIT-SYN-01,ERP,ITEM_MASTER,P-COMP-177,P-COMP-177,RESOLVED,2026-09-25T23:59:59-06:00,2026-09-26T08:00:00-06:00,2026-06-29T00:00:00-06:00,,1,,false,ACTIVE,EA,CAD,VALID,CURRENT,coolit-synthetic-v2.0.0,ALL_SYNTHETIC_CUSTOMERS,ALL_SYNTHETIC_PROGRAMS,HARNESS,SYNTHETIC_INTERNAL,SNP-COOLIT-20260925-BL,SCN-BASELINE,P-COMP-177,A,HARNESS synthetic component 177,COMPONENT,HARNESS,BUY,EA,true,false,ACTIVE,58,DIRECT_MATERIAL,1090,false
TEN-COOLIT-SYN-001,SITE-COOLIT-SYN-01,ERP,ITEM_MASTER,P-COMP-178,P-COMP-178,RESOLVED,2026-09-25T23:59:59-06:00,2026-09-26T08:00:00-06:00,2026-06-29T00:00:00-06:00,,1,,false,ACTIVE,EA,CAD,VALID,CURRENT,coolit-synthetic-v2.0.0,ALL_SYNTHETIC_CUSTOMERS,ALL_SYNTHETIC_PROGRAMS,FILTER,SYNTHETIC_INTERNAL,SNP-COOLIT-20260925-BL,SCN-BASELINE,P-COMP-178,A,FILTER synthetic component 178,COMPONENT,FILTER,BUY,EA,true,false,ACTIVE,65,DIRECT_MATERIAL,1100.33,false
TEN-COOLIT-SYN-001,SITE-COOLIT-SYN-01,ERP,ITEM_MASTER,P-COMP-179,P-COMP-179,RESOLVED,2026-09-25T23:59:59-06:00,2026-09-26T08:00:00-06:00,2026-06-29T00:00:00-06:00,,1,,false,ACTIVE,EA,CAD,VALID,CURRENT,coolit-synthetic-v2.0.0,ALL_SYNTHETIC_CUSTOMERS,ALL_SYNTHETIC_PROGRAMS,FASTENER,SYNTHETIC_INTERNAL,SNP-COOLIT-20260925-BL,SCN-BASELINE,P-COMP-179,A,FASTENER synthetic component 179,COMPONENT,FASTENER,BUY,EA,false,false,ACTIVE,15,LOW_VALUE,1110.67,false
TEN-COOLIT-SYN-001,SITE-COOLIT-SYN-01,ERP,ITEM_MASTER,P-COMP-180,P-COMP-180,RESOLVED,2026-09-25T23:59:59-06:00,2026-09-26T08:00:00-06:00,2026-06-29T00:00:00-06:00,,1,,false,ACTIVE,EA,CAD,VALID,CURRENT,coolit-synthetic-v2.0.0,ALL_SYNTHETIC_CUSTOMERS,ALL_SYNTHETIC_PROGRAMS,PACKAGING,SYNTHETIC_INTERNAL,SNP-COOLIT-20260925-BL,SCN-BASELINE,P-COMP-180,A,PACKAGING synthetic component 180,COMPONENT,PACKAGING,BUY,EA,false,false,ACTIVE,22,DIRECT_MATERIAL,1121,false
TEN-COOLIT-SYN-001,SITE-COOLIT-SYN-01,ERP,ITEM_MASTER,P-COMP-181,P-COMP-181,RESOLVED,2026-09-25T23:59:59-06:00,2026-09-26T08:00:00-06:00,2026-06-29T00:00:00-06:00,,1,,false,ACTIVE,EA,CAD,VALID,CURRENT,coolit-synthetic-v2.0.0,ALL_SYNTHETIC_CUSTOMERS,ALL_SYNTHETIC_PROGRAMS,TUBING,SYNTHETIC_INTERNAL,SNP-COOLIT-20260925-BL,SCN-BASELINE,P-COMP-181,A,TUBING synthetic component 181,COMPONENT,TUBING,BUY,EA,true,false,ACTIVE,29,DIRECT_MATERIAL,1131.33,false
TEN-COOLIT-SYN-001,SITE-COOLIT-SYN-01,ERP,ITEM_MASTER,P-COMP-182,P-COMP-182,RESOLVED,2026-09-25T23:59:59-06:00,2026-09-26T08:00:00-06:00,2026-06-29T00:00:00-06:00,,1,,false,ACTIVE,EA,CAD,VALID,CURRENT,coolit-synthetic-v2.0.0,ALL_SYNTHETIC_CUSTOMERS,ALL_SYNTHETIC_PROGRAMS,VALVE,SYNTHETIC_INTERNAL,SNP-COOLIT-20260925-BL,SCN-BASELINE,P-COMP-182,A,VALVE synthetic component 182,COMPONENT,VALVE,BUY,EA,true,false,ACTIVE,36,DIRECT_MATERIAL,1141.67,false
TEN-COOLIT-SYN-001,SITE-COOLIT-SYN-01,ERP,ITEM_MASTER,P-COMP-183,P-COMP-183,RESOLVED,2026-09-25T23:59:59-06:00,2026-09-26T08:00:00-06:00,2026-06-29T00:00:00-06:00,,1,,false,ACTIVE,EA,CAD,VALID,CURRENT,coolit-synthetic-v2.0.0,ALL_SYNTHETIC_CUSTOMERS,ALL_SYNTHETIC_PROGRAMS,SENSOR,SYNTHETIC_INTERNAL,SNP-COOLIT-20260925-BL,SCN-BASELINE,P-COMP-183,A,SENSOR synthetic component 183,COMPONENT,SENSOR,BUY,EA,true,false,ACTIVE,43,DIRECT_MATERIAL,1152,false
TEN-COOLIT-SYN-001,SITE-COOLIT-SYN-01,ERP,ITEM_MASTER,P-COMP-184,P-COMP-184,RESOLVED,2026-09-25T23:59:59-06:00,2026-09-26T08:00:00-06:00,2026-06-29T00:00:00-06:00,,1,,false,ACTIVE,EA,CAD,VALID,CURRENT,coolit-synthetic-v2.0.0,ALL_SYNTHETIC_CUSTOMERS,ALL_SYNTHETIC_PROGRAMS,COLDPLATE_BLANK,SYNTHETIC_INTERNAL,SNP-COOLIT-20260925-BL,SCN-BASELINE,P-COMP-184,A,COLDPLATE BLANK synthetic component 184,COMPONENT,COLDPLATE_BLANK,BUY,EA,true,false,ACTIVE,50,DIRECT_MATERIAL,1162.33,false
TEN-COOLIT-SYN-001,SITE-COOLIT-SYN-01,ERP,ITEM_MASTER,P-COMP-185,P-COMP-185,RESOLVED,2026-09-25T23:59:59-06:00,2026-09-26T08:00:00-06:00,2026-06-29T00:00:00-06:00,,1,,false,ACTIVE,EA,CAD,VALID,CURRENT,coolit-synthetic-v2.0.0,ALL_SYNTHETIC_CUSTOMERS,ALL_SYNTHETIC_PROGRAMS,MANIFOLD_TUBE,SYNTHETIC_INTERNAL,SNP-COOLIT-20260925-BL,SCN-BASELINE,P-COMP-185,A,MANIFOLD TUBE synthetic component 185,COMPONENT,MANIFOLD_TUBE,BUY,EA,true,false,ACTIVE,57,DIRECT_MATERIAL,6,false
TEN-COOLIT-SYN-001,SITE-COOLIT-SYN-01,ERP,ITEM_MASTER,P-COMP-186,P-COMP-186,RESOLVED,2026-09-25T23:59:59-06:00,2026-09-26T08:00:00-06:00,2026-06-29T00:00:00-06:00,,1,,false,ACTIVE,EA,CAD,VALID,CURRENT,coolit-synthetic-v2.0.0,ALL_SYNTHETIC_CUSTOMERS,ALL_SYNTHETIC_PROGRAMS,FRAME,SYNTHETIC_INTERNAL,SNP-COOLIT-20260925-BL,SCN-BASELINE,P-COMP-186,A,FRAME synthetic component 186,COMPONENT,FRAME,BUY,EA,true,false,ACTIVE,64,DIRECT_MATERIAL,16.33,false
TEN-COOLIT-SYN-001,SITE-COOLIT-SYN-01,ERP,ITEM_MASTER,P-COMP-187,P-COMP-187,RESOLVED,2026-09-25T23:59:59-06:00,2026-09-26T08:00:00-06:00,2026-06-29T00:00:00-06:00,,1,,false,ACTIVE,EA,CAD,VALID,CURRENT,coolit-synthetic-v2.0.0,ALL_SYNTHETIC_CUSTOMERS,ALL_SYNTHETIC_PROGRAMS,HARNESS,SYNTHETIC_INTERNAL,SNP-COOLIT-20260925-BL,SCN-BASELINE,P-COMP-187,A,HARNESS synthetic component 187,SUBASSEMBLY,HARNESS,MAKE,EA,true,false,ACTIVE,3,DIRECT_MATERIAL,26.67,false
TEN-COOLIT-SYN-001,SITE-COOLIT-SYN-01,ERP,ITEM_MASTER,P-COMP-188,P-COMP-188,RESOLVED,2026-09-25T23:59:59-06:00,2026-09-26T08:00:00-06:00,2026-06-29T00:00:00-06:00,,1,,false,ACTIVE,EA,CAD,VALID,CURRENT,coolit-synthetic-v2.0.0,ALL_SYNTHETIC_CUSTOMERS,ALL_SYNTHETIC_PROGRAMS,FILTER,SYNTHETIC_INTERNAL,SNP-COOLIT-20260925-BL,SCN-BASELINE,P-COMP-188,A,FILTER synthetic component 188,COMPONENT,FILTER,BUY,EA,true,false,ACTIVE,21,DIRECT_MATERIAL,37,false
TEN-COOLIT-SYN-001,SITE-COOLIT-SYN-01,ERP,ITEM_MASTER,P-COMP-189,P-COMP-189,RESOLVED,2026-09-25T23:59:59-06:00,2026-09-26T08:00:00-06:00,2026-06-29T00:00:00-06:00,,1,,false,ACTIVE,EA,CAD,VALID,CURRENT,coolit-synthetic-v2.0.0,ALL_SYNTHETIC_CUSTOMERS,ALL_SYNTHETIC_PROGRAMS,FASTENER,SYNTHETIC_INTERNAL,SNP-COOLIT-20260925-BL,SCN-BASELINE,P-COMP-189,A,FASTENER synthetic component 189,COMPONENT,FASTENER,BUY,EA,false,false,ACTIVE,28,LOW_VALUE,47.33,false
TEN-COOLIT-SYN-001,SITE-COOLIT-SYN-01,ERP,ITEM_MASTER,P-COMP-190,P-COMP-190,RESOLVED,2026-09-25T23:59:59-06:00,2026-09-26T08:00:00-06:00,2026-06-29T00:00:00-06:00,,1,,false,ACTIVE,EA,CAD,VALID,CURRENT,coolit-synthetic-v2.0.0,ALL_SYNTHETIC_CUSTOMERS,ALL_SYNTHETIC_PROGRAMS,PACKAGING,SYNTHETIC_INTERNAL,SNP-COOLIT-20260925-BL,SCN-BASELINE,P-COMP-190,A,PACKAGING synthetic component 190,COMPONENT,PACKAGING,BUY,EA,false,false,ACTIVE,35,DIRECT_MATERIAL,57.67,false
TEN-COOLIT-SYN-001,SITE-COOLIT-SYN-01,ERP,ITEM_MASTER,P-COMP-191,P-COMP-191,RESOLVED,2026-09-25T23:59:59-06:00,2026-09-26T08:00:00-06:00,2026-06-29T00:00:00-06:00,,1,,false,ACTIVE,EA,CAD,VALID,CURRENT,coolit-synthetic-v2.0.0,ALL_SYNTHETIC_CUSTOMERS,ALL_SYNTHETIC_PROGRAMS,TUBING,SYNTHETIC_INTERNAL,SNP-COOLIT-20260925-BL,SCN-BASELINE,P-COMP-191,A,TUBING synthetic component 191,COMPONENT,TUBING,BUY,EA,true,false,ACTIVE,42,DIRECT_MATERIAL,68,false
TEN-COOLIT-SYN-001,SITE-COOLIT-SYN-01,ERP,ITEM_MASTER,P-COMP-192,P-COMP-192,RESOLVED,2026-09-25T23:59:59-06:00,2026-09-26T08:00:00-06:00,2026-06-29T00:00:00-06:00,,1,,false,ACTIVE,EA,CAD,VALID,CURRENT,coolit-synthetic-v2.0.0,ALL_SYNTHETIC_CUSTOMERS,ALL_SYNTHETIC_PROGRAMS,VALVE,SYNTHETIC_INTERNAL,SNP-COOLIT-20260925-BL,SCN-BASELINE,P-COMP-192,A,VALVE synthetic component 192,COMPONENT,VALVE,BUY,EA,true,false,ACTIVE,49,DIRECT_MATERIAL,78.33,false
TEN-COOLIT-SYN-001,SITE-COOLIT-SYN-01,ERP,ITEM_MASTER,P-COMP-193,P-COMP-193,RESOLVED,2026-09-25T23:59:59-06:00,2026-09-26T08:00:00-06:00,2026-06-29T00:00:00-06:00,,1,,false,ACTIVE,EA,CAD,VALID,CURRENT,coolit-synthetic-v2.0.0,ALL_SYNTHETIC_CUSTOMERS,ALL_SYNTHETIC_PROGRAMS,SENSOR,SYNTHETIC_INTERNAL,SNP-COOLIT-20260925-BL,SCN-BASELINE,P-COMP-193,A,SENSOR synthetic component 193,COMPONENT,SENSOR,BUY,EA,true,false,ACTIVE,56,DIRECT_MATERIAL,88.67,false
TEN-COOLIT-SYN-001,SITE-COOLIT-SYN-01,ERP,ITEM_MASTER,P-COMP-194,P-COMP-194,RESOLVED,2026-09-25T23:59:59-06:00,2026-09-26T08:00:00-06:00,2026-06-29T00:00:00-06:00,,1,,false,ACTIVE,EA,CAD,VALID,CURRENT,coolit-synthetic-v2.0.0,ALL_SYNTHETIC_CUSTOMERS,ALL_SYNTHETIC_PROGRAMS,COLDPLATE_BLANK,SYNTHETIC_INTERNAL,SNP-COOLIT-20260925-BL,SCN-BASELINE,P-COMP-194,A,COLDPLATE BLANK synthetic component 194,COMPONENT,COLDPLATE_BLANK,BUY,EA,true,false,PHASE_OUT,63,DIRECT_MATERIAL,99,false
TEN-COOLIT-SYN-001,SITE-COOLIT-SYN-01,ERP,ITEM_MASTER,P-COMP-195,P-COMP-195,RESOLVED,2026-09-25T23:59:59-06:00,2026-09-26T08:00:00-06:00,2026-06-29T00:00:00-06:00,,1,,false,ACTIVE,EA,CAD,VALID,CURRENT,coolit-synthetic-v2.0.0,ALL_SYNTHETIC_CUSTOMERS,ALL_SYNTHETIC_PROGRAMS,MANIFOLD_TUBE,SYNTHETIC_INTERNAL,SNP-COOLIT-20260925-BL,SCN-BASELINE,P-COMP-195,A,MANIFOLD TUBE synthetic component 195,COMPONENT,MANIFOLD_TUBE,BUY,EA,true,false,ACTIVE,70,DIRECT_MATERIAL,109.33,false
TEN-COOLIT-SYN-001,SITE-COOLIT-SYN-01,ERP,ITEM_MASTER,P-COMP-196,P-COMP-196,RESOLVED,2026-09-25T23:59:59-06:00,2026-09-26T08:00:00-06:00,2026-06-29T00:00:00-06:00,,1,,false,ACTIVE,EA,CAD,VALID,CURRENT,coolit-synthetic-v2.0.0,ALL_SYNTHETIC_CUSTOMERS,ALL_SYNTHETIC_PROGRAMS,FRAME,SYNTHETIC_INTERNAL,SNP-COOLIT-20260925-BL,SCN-BASELINE,P-COMP-196,A,FRAME synthetic component 196,COMPONENT,FRAME,BUY,EA,true,false,ACTIVE,20,DIRECT_MATERIAL,119.67,false
TEN-COOLIT-SYN-001,SITE-COOLIT-SYN-01,ERP,ITEM_MASTER,P-COMP-197,P-COMP-197,RESOLVED,2026-09-25T23:59:59-06:00,2026-09-26T08:00:00-06:00,2026-06-29T00:00:00-06:00,,1,,false,ACTIVE,EA,CAD,VALID,CURRENT,coolit-synthetic-v2.0.0,ALL_SYNTHETIC_CUSTOMERS,ALL_SYNTHETIC_PROGRAMS,HARNESS,SYNTHETIC_INTERNAL,SNP-COOLIT-20260925-BL,SCN-BASELINE,P-COMP-197,A,HARNESS synthetic component 197,COMPONENT,HARNESS,BUY,EA,true,false,ACTIVE,27,DIRECT_MATERIAL,130,false
TEN-COOLIT-SYN-001,SITE-COOLIT-SYN-01,ERP,ITEM_MASTER,P-COMP-198,P-COMP-198,RESOLVED,2026-09-25T23:59:59-06:00,2026-09-26T08:00:00-06:00,2026-06-29T00:00:00-06:00,,1,,false,ACTIVE,EA,CAD,VALID,CURRENT,coolit-synthetic-v2.0.0,ALL_SYNTHETIC_CUSTOMERS,ALL_SYNTHETIC_PROGRAMS,FILTER,SYNTHETIC_INTERNAL,SNP-COOLIT-20260925-BL,SCN-BASELINE,P-COMP-198,A,FILTER synthetic component 198,COMPONENT,FILTER,BUY,EA,true,false,ACTIVE,34,DIRECT_MATERIAL,140.33,false
TEN-COOLIT-SYN-001,SITE-COOLIT-SYN-01,ERP,ITEM_MASTER,P-COMP-199,P-COMP-199,RESOLVED,2026-09-25T23:59:59-06:00,2026-09-26T08:00:00-06:00,2026-06-29T00:00:00-06:00,,1,,false,ACTIVE,EA,CAD,VALID,CURRENT,coolit-synthetic-v2.0.0,ALL_SYNTHETIC_CUSTOMERS,ALL_SYNTHETIC_PROGRAMS,FASTENER,SYNTHETIC_INTERNAL,SNP-COOLIT-20260925-BL,SCN-BASELINE,P-COMP-199,A,FASTENER synthetic component 199,COMPONENT,FASTENER,BUY,EA,false,false,ACTIVE,41,LOW_VALUE,150.67,false
TEN-COOLIT-SYN-001,SITE-COOLIT-SYN-01,ERP,ITEM_MASTER,P-COMP-200,P-COMP-200,RESOLVED,2026-09-25T23:59:59-06:00,2026-09-26T08:00:00-06:00,2026-06-29T00:00:00-06:00,,1,,false,ACTIVE,EA,CAD,VALID,CURRENT,coolit-synthetic-v2.0.0,ALL_SYNTHETIC_CUSTOMERS,ALL_SYNTHETIC_PROGRAMS,PACKAGING,SYNTHETIC_INTERNAL,SNP-COOLIT-20260925-BL,SCN-BASELINE,P-COMP-200,A,PACKAGING synthetic component 200,COMPONENT,PACKAGING,BUY,EA,false,false,ACTIVE,48,DIRECT_MATERIAL,161,false
TEN-COOLIT-SYN-001,SITE-COOLIT-SYN-01,ERP,ITEM_MASTER,P-COMP-201,P-COMP-201,RESOLVED,2026-09-25T23:59:59-06:00,2026-09-26T08:00:00-06:00,2026-06-29T00:00:00-06:00,,1,,false,ACTIVE,EA,CAD,VALID,CURRENT,coolit-synthetic-v2.0.0,ALL_SYNTHETIC_CUSTOMERS,ALL_SYNTHETIC_PROGRAMS,TUBING,SYNTHETIC_INTERNAL,SNP-COOLIT-20260925-BL,SCN-BASELINE,P-COMP-201,A,TUBING synthetic component 201,COMPONENT,TUBING,BUY,EA,true,false,ACTIVE,55,DIRECT_MATERIAL,171.33,false
TEN-COOLIT-SYN-001,SITE-COOLIT-SYN-01,ERP,ITEM_MASTER,P-COMP-202,P-COMP-202,RESOLVED,2026-09-25T23:59:59-06:00,2026-09-26T08:00:00-06:00,2026-06-29T00:00:00-06:00,,1,,false,ACTIVE,EA,CAD,VALID,CURRENT,coolit-synthetic-v2.0.0,ALL_SYNTHETIC_CUSTOMERS,ALL_SYNTHETIC_PROGRAMS,VALVE,SYNTHETIC_INTERNAL,SNP-COOLIT-20260925-BL,SCN-BASELINE,P-COMP-202,A,VALVE synthetic component 202,COMPONENT,VALVE,BUY,EA,true,false,ACTIVE,62,DIRECT_MATERIAL,181.67,false
TEN-COOLIT-SYN-001,SITE-COOLIT-SYN-01,ERP,ITEM_MASTER,P-COMP-203,P-COMP-203,RESOLVED,2026-09-25T23:59:59-06:00,2026-09-26T08:00:00-06:00,2026-06-29T00:00:00-06:00,,1,,false,ACTIVE,EA,CAD,VALID,CURRENT,coolit-synthetic-v2.0.0,ALL_SYNTHETIC_CUSTOMERS,ALL_SYNTHETIC_PROGRAMS,SENSOR,SYNTHETIC_INTERNAL,SNP-COOLIT-20260925-BL,SCN-BASELINE,P-COMP-203,A,SENSOR synthetic component 203,COMPONENT,SENSOR,BUY,EA,true,false,ACTIVE,69,DIRECT_MATERIAL,192,false
TEN-COOLIT-SYN-001,SITE-COOLIT-SYN-01,ERP,ITEM_MASTER,P-COMP-204,P-COMP-204,RESOLVED,2026-09-25T23:59:59-06:00,2026-09-26T08:00:00-06:00,2026-06-29T00:00:00-06:00,,1,,false,ACTIVE,EA,CAD,VALID,CURRENT,coolit-synthetic-v2.0.0,ALL_SYNTHETIC_CUSTOMERS,ALL_SYNTHETIC_PROGRAMS,COLDPLATE_BLANK,SYNTHETIC_INTERNAL,SNP-COOLIT-20260925-BL,SCN-BASELINE,P-COMP-204,A,COLDPLATE BLANK synthetic component 204,COMPONENT,COLDPLATE_BLANK,BUY,EA,true,false,ACTIVE,19,DIRECT_MATERIAL,202.33,false
TEN-COOLIT-SYN-001,SITE-COOLIT-SYN-01,ERP,ITEM_MASTER,P-COMP-205,P-COMP-205,RESOLVED,2026-09-25T23:59:59-06:00,2026-09-26T08:00:00-06:00,2026-06-29T00:00:00-06:00,,1,,false,ACTIVE,EA,CAD,VALID,CURRENT,coolit-synthetic-v2.0.0,ALL_SYNTHETIC_CUSTOMERS,ALL_SYNTHETIC_PROGRAMS,MANIFOLD_TUBE,SYNTHETIC_INTERNAL,SNP-COOLIT-20260925-BL,SCN-BASELINE,P-COMP-205,A,MANIFOLD TUBE synthetic component 205,COMPONENT,MANIFOLD_TUBE,BUY,EA,true,false,ACTIVE,26,DIRECT_MATERIAL,212.67,false
TEN-COOLIT-SYN-001,SITE-COOLIT-SYN-01,ERP,ITEM_MASTER,P-COMP-206,P-COMP-206,RESOLVED,2026-09-25T23:59:59-06:00,2026-09-26T08:00:00-06:00,2026-06-29T00:00:00-06:00,,1,,false,ACTIVE,EA,CAD,VALID,CURRENT,coolit-synthetic-v2.0.0,ALL_SYNTHETIC_CUSTOMERS,ALL_SYNTHETIC_PROGRAMS,FRAME,SYNTHETIC_INTERNAL,SNP-COOLIT-20260925-BL,SCN-BASELINE,P-COMP-206,A,FRAME synthetic component 206,SUBASSEMBLY,FRAME,MAKE,EA,true,false,ACTIVE,10,DIRECT_MATERIAL,223,false
TEN-COOLIT-SYN-001,SITE-COOLIT-SYN-01,ERP,ITEM_MASTER,P-COMP-207,P-COMP-207,RESOLVED,2026-09-25T23:59:59-06:00,2026-09-26T08:00:00-06:00,2026-06-29T00:00:00-06:00,,1,,false,ACTIVE,EA,CAD,VALID,CURRENT,coolit-synthetic-v2.0.0,ALL_SYNTHETIC_CUSTOMERS,ALL_SYNTHETIC_PROGRAMS,HARNESS,SYNTHETIC_INTERNAL,SNP-COOLIT-20260925-BL,SCN-BASELINE,P-COMP-207,A,HARNESS synthetic component 207,COMPONENT,HARNESS,BUY,EA,true,false,ACTIVE,40,DIRECT_MATERIAL,233.33,false
TEN-COOLIT-SYN-001,SITE-COOLIT-SYN-01,ERP,ITEM_MASTER,P-COMP-208,P-COMP-208,RESOLVED,2026-09-25T23:59:59-06:00,2026-09-26T08:00:00-06:00,2026-06-29T00:00:00-06:00,,1,,false,ACTIVE,EA,CAD,VALID,CURRENT,coolit-synthetic-v2.0.0,ALL_SYNTHETIC_CUSTOMERS,ALL_SYNTHETIC_PROGRAMS,FILTER,SYNTHETIC_INTERNAL,SNP-COOLIT-20260925-BL,SCN-BASELINE,P-COMP-208,A,FILTER synthetic component 208,COMPONENT,FILTER,BUY,EA,true,false,ACTIVE,47,DIRECT_MATERIAL,243.67,false
