tenant_id,site_id,source_system,source_object,source_record_id,canonical_id,crosswalk_status,source_event_at,ingested_at,effective_from,effective_to,record_version,supersedes_source_record_id,is_deleted,semantic_status,uom,currency,data_quality_state,freshness_state,transformation_version,customer_scope,program_scope,product_scope,sensitivity_class,snapshot_id,scenario_id,work_order_component_id,work_order_id,bom_component_id,operation_sequence,component_part_id,required_quantity,reserved_quantity,issued_quantity,remaining_quantity,substitute_part_id,source_lot_serial_id,effectivity_state
TEN-COOLIT-SYN-001,SITE-COOLIT-SYN-01,ERP,WORK_ORDER_COMPONENT,WOCOMP-0001-001,WOCOMP-0001-001,RESOLVED,2026-09-25T23:59:59-06:00,2026-09-26T08:00:00-06:00,2026-06-29T00:00:00-06:00,,1,,false,ACTIVE,EA,,VALID,CURRENT,coolit-synthetic-v2.0.0,ALL_SYNTHETIC_CUSTOMERS,ALL_SYNTHETIC_PROGRAMS,CFG-CPL-02,SYNTHETIC_INTERNAL,SNP-COOLIT-20260925-BL,SCN-BASELINE,WOCOMP-0001-001,WO-0001,BOMC-02-001,10,P-PUMP-008,24,24,24,0,P-PUMP-004,LOT-P-PUMP-008-A,EFFECTIVE
TEN-COOLIT-SYN-001,SITE-COOLIT-SYN-01,ERP,WORK_ORDER_COMPONENT,WOCOMP-0001-002,WOCOMP-0001-002,RESOLVED,2026-09-25T23:59:59-06:00,2026-09-26T08:00:00-06:00,2026-06-29T00:00:00-06:00,,1,,false,ACTIVE,EA,,VALID,CURRENT,coolit-synthetic-v2.0.0,ALL_SYNTHETIC_CUSTOMERS,ALL_SYNTHETIC_PROGRAMS,CFG-CPL-02,SYNTHETIC_INTERNAL,SNP-COOLIT-20260925-BL,SCN-BASELINE,WOCOMP-0001-002,WO-0001,BOMC-02-002,10,P-CTRL-001,12,12,12,0,,LOT-P-CTRL-001-A,EFFECTIVE
TEN-COOLIT-SYN-001,SITE-COOLIT-SYN-01,ERP,WORK_ORDER_COMPONENT,WOCOMP-0001-003,WOCOMP-0001-003,RESOLVED,2026-09-25T23:59:59-06:00,2026-09-26T08:00:00-06:00,2026-06-29T00:00:00-06:00,,1,,false,ACTIVE,EA,,VALID,CURRENT,coolit-synthetic-v2.0.0,ALL_SYNTHETIC_CUSTOMERS,ALL_SYNTHETIC_PROGRAMS,CFG-CPL-02,SYNTHETIC_INTERNAL,SNP-COOLIT-20260925-BL,SCN-BASELINE,WOCOMP-0001-003,WO-0001,BOMC-02-003,10,P-COMP-002,12,12,12,0,,LOT-P-COMP-002-A,EFFECTIVE
TEN-COOLIT-SYN-001,SITE-COOLIT-SYN-01,ERP,WORK_ORDER_COMPONENT,WOCOMP-0001-004,WOCOMP-0001-004,RESOLVED,2026-09-25T23:59:59-06:00,2026-09-26T08:00:00-06:00,2026-06-29T00:00:00-06:00,,1,,false,ACTIVE,EA,,VALID,CURRENT,coolit-synthetic-v2.0.0,ALL_SYNTHETIC_CUSTOMERS,ALL_SYNTHETIC_PROGRAMS,CFG-CPL-02,SYNTHETIC_INTERNAL,SNP-COOLIT-20260925-BL,SCN-BASELINE,WOCOMP-0001-004,WO-0001,BOMC-02-004,10,P-COMP-009,12,12,12,0,,LOT-P-COMP-009-A,EFFECTIVE
TEN-COOLIT-SYN-001,SITE-COOLIT-SYN-01,ERP,WORK_ORDER_COMPONENT,WOCOMP-0001-005,WOCOMP-0001-005,RESOLVED,2026-09-25T23:59:59-06:00,2026-09-26T08:00:00-06:00,2026-06-29T00:00:00-06:00,,1,,false,ACTIVE,EA,,VALID,CURRENT,coolit-synthetic-v2.0.0,ALL_SYNTHETIC_CUSTOMERS,ALL_SYNTHETIC_PROGRAMS,CFG-CPL-02,SYNTHETIC_INTERNAL,SNP-COOLIT-20260925-BL,SCN-BASELINE,WOCOMP-0001-005,WO-0001,BOMC-02-005,10,P-COMP-016,12,12,12,0,,LOT-P-COMP-016-A,EFFECTIVE
TEN-COOLIT-SYN-001,SITE-COOLIT-SYN-01,ERP,WORK_ORDER_COMPONENT,WOCOMP-0001-006,WOCOMP-0001-006,RESOLVED,2026-09-25T23:59:59-06:00,2026-09-26T08:00:00-06:00,2026-06-29T00:00:00-06:00,,1,,false,ACTIVE,EA,,VALID,CURRENT,coolit-synthetic-v2.0.0,ALL_SYNTHETIC_CUSTOMERS,ALL_SYNTHETIC_PROGRAMS,CFG-CPL-02,SYNTHETIC_INTERNAL,SNP-COOLIT-20260925-BL,SCN-BASELINE,WOCOMP-0001-006,WO-0001,BOMC-02-006,20,P-COMP-023,12,12,12,0,,LOT-P-COMP-023-A,EFFECTIVE
TEN-COOLIT-SYN-001,SITE-COOLIT-SYN-01,ERP,WORK_ORDER_COMPONENT,WOCOMP-0001-007,WOCOMP-0001-007,RESOLVED,2026-09-25T23:59:59-06:00,2026-09-26T08:00:00-06:00,2026-06-29T00:00:00-06:00,,1,,false,ACTIVE,EA,,VALID,CURRENT,coolit-synthetic-v2.0.0,ALL_SYNTHETIC_CUSTOMERS,ALL_SYNTHETIC_PROGRAMS,CFG-CPL-02,SYNTHETIC_INTERNAL,SNP-COOLIT-20260925-BL,SCN-BASELINE,WOCOMP-0001-007,WO-0001,BOMC-02-007,20,P-COMP-030,12,12,12,0,,LOT-P-COMP-030-A,EFFECTIVE
TEN-COOLIT-SYN-001,SITE-COOLIT-SYN-01,ERP,WORK_ORDER_COMPONENT,WOCOMP-0001-008,WOCOMP-0001-008,RESOLVED,2026-09-25T23:59:59-06:00,2026-09-26T08:00:00-06:00,2026-06-29T00:00:00-06:00,,1,,false,ACTIVE,EA,,VALID,CURRENT,coolit-synthetic-v2.0.0,ALL_SYNTHETIC_CUSTOMERS,ALL_SYNTHETIC_PROGRAMS,CFG-CPL-02,SYNTHETIC_INTERNAL,SNP-COOLIT-20260925-BL,SCN-BASELINE,WOCOMP-0001-008,WO-0001,BOMC-02-008,20,P-COMP-037,12,12,12,0,,LOT-P-COMP-037-A,EFFECTIVE
TEN-COOLIT-SYN-001,SITE-COOLIT-SYN-01,ERP,WORK_ORDER_COMPONENT,WOCOMP-0001-009,WOCOMP-0001-009,RESOLVED,2026-09-25T23:59:59-06:00,2026-09-26T08:00:00-06:00,2026-06-29T00:00:00-06:00,,1,,false,ACTIVE,EA,,VALID,CURRENT,coolit-synthetic-v2.0.0,ALL_SYNTHETIC_CUSTOMERS,ALL_SYNTHETIC_PROGRAMS,CFG-CPL-02,SYNTHETIC_INTERNAL,SNP-COOLIT-20260925-BL,SCN-BASELINE,WOCOMP-0001-009,WO-0001,BOMC-02-009,20,P-COMP-044,12,12,12,0,,LOT-P-COMP-044-A,EFFECTIVE
TEN-COOLIT-SYN-001,SITE-COOLIT-SYN-01,ERP,WORK_ORDER_COMPONENT,WOCOMP-0001-010,WOCOMP-0001-010,RESOLVED,2026-09-25T23:59:59-06:00,2026-09-26T08:00:00-06:00,2026-06-29T00:00:00-06:00,,1,,false,ACTIVE,EA,,VALID,CURRENT,coolit-synthetic-v2.0.0,ALL_SYNTHETIC_CUSTOMERS,ALL_SYNTHETIC_PROGRAMS,CFG-CPL-02,SYNTHETIC_INTERNAL,SNP-COOLIT-20260925-BL,SCN-BASELINE,WOCOMP-0001-010,WO-0001,BOMC-02-010,20,P-COMP-051,24,24,24,0,,LOT-P-COMP-051-A,EFFECTIVE
TEN-COOLIT-SYN-001,SITE-COOLIT-SYN-01,ERP,WORK_ORDER_COMPONENT,WOCOMP-0001-011,WOCOMP-0001-011,RESOLVED,2026-09-25T23:59:59-06:00,2026-09-26T08:00:00-06:00,2026-06-29T00:00:00-06:00,,1,,false,ACTIVE,EA,,VALID,CURRENT,coolit-synthetic-v2.0.0,ALL_SYNTHETIC_CUSTOMERS,ALL_SYNTHETIC_PROGRAMS,CFG-CPL-02,SYNTHETIC_INTERNAL,SNP-COOLIT-20260925-BL,SCN-BASELINE,WOCOMP-0001-011,WO-0001,BOMC-02-011,30,P-COMP-058,12,12,12,0,,LOT-P-COMP-058-A,EFFECTIVE
TEN-COOLIT-SYN-001,SITE-COOLIT-SYN-01,ERP,WORK_ORDER_COMPONENT,WOCOMP-0001-012,WOCOMP-0001-012,RESOLVED,2026-09-25T23:59:59-06:00,2026-09-26T08:00:00-06:00,2026-06-29T00:00:00-06:00,,1,,false,ACTIVE,EA,,VALID,CURRENT,coolit-synthetic-v2.0.0,ALL_SYNTHETIC_CUSTOMERS,ALL_SYNTHETIC_PROGRAMS,CFG-CPL-02,SYNTHETIC_INTERNAL,SNP-COOLIT-20260925-BL,SCN-BASELINE,WOCOMP-0001-012,WO-0001,BOMC-02-012,30,P-COMP-065,12,12,12,0,P-CTRL-001,LOT-P-COMP-065-A,EFFECTIVE
TEN-COOLIT-SYN-001,SITE-COOLIT-SYN-01,ERP,WORK_ORDER_COMPONENT,WOCOMP-0001-013,WOCOMP-0001-013,RESOLVED,2026-09-25T23:59:59-06:00,2026-09-26T08:00:00-06:00,2026-06-29T00:00:00-06:00,,1,,false,ACTIVE,EA,,VALID,CURRENT,coolit-synthetic-v2.0.0,ALL_SYNTHETIC_CUSTOMERS,ALL_SYNTHETIC_PROGRAMS,CFG-CPL-02,SYNTHETIC_INTERNAL,SNP-COOLIT-20260925-BL,SCN-BASELINE,WOCOMP-0001-013,WO-0001,BOMC-02-013,30,P-COMP-072,12,12,12,0,,LOT-P-COMP-072-A,EFFECTIVE
TEN-COOLIT-SYN-001,SITE-COOLIT-SYN-01,ERP,WORK_ORDER_COMPONENT,WOCOMP-0001-014,WOCOMP-0001-014,RESOLVED,2026-09-25T23:59:59-06:00,2026-09-26T08:00:00-06:00,2026-06-29T00:00:00-06:00,,1,,false,ACTIVE,EA,,VALID,CURRENT,coolit-synthetic-v2.0.0,ALL_SYNTHETIC_CUSTOMERS,ALL_SYNTHETIC_PROGRAMS,CFG-CPL-02,SYNTHETIC_INTERNAL,SNP-COOLIT-20260925-BL,SCN-BASELINE,WOCOMP-0001-014,WO-0001,BOMC-02-014,30,P-COMP-079,12,12,12,0,,LOT-P-COMP-079-A,EFFECTIVE
TEN-COOLIT-SYN-001,SITE-COOLIT-SYN-01,ERP,WORK_ORDER_COMPONENT,WOCOMP-0001-015,WOCOMP-0001-015,RESOLVED,2026-09-25T23:59:59-06:00,2026-09-26T08:00:00-06:00,2026-06-29T00:00:00-06:00,,1,,false,ACTIVE,EA,,VALID,CURRENT,coolit-synthetic-v2.0.0,ALL_SYNTHETIC_CUSTOMERS,ALL_SYNTHETIC_PROGRAMS,CFG-CPL-02,SYNTHETIC_INTERNAL,SNP-COOLIT-20260925-BL,SCN-BASELINE,WOCOMP-0001-015,WO-0001,BOMC-02-015,30,P-COMP-086,12,12,12,0,,LOT-P-COMP-086-A,EFFECTIVE
TEN-COOLIT-SYN-001,SITE-COOLIT-SYN-01,ERP,WORK_ORDER_COMPONENT,WOCOMP-0001-016,WOCOMP-0001-016,RESOLVED,2026-09-25T23:59:59-06:00,2026-09-26T08:00:00-06:00,2026-06-29T00:00:00-06:00,,1,,false,ACTIVE,EA,,VALID,CURRENT,coolit-synthetic-v2.0.0,ALL_SYNTHETIC_CUSTOMERS,ALL_SYNTHETIC_PROGRAMS,CFG-CPL-02,SYNTHETIC_INTERNAL,SNP-COOLIT-20260925-BL,SCN-BASELINE,WOCOMP-0001-016,WO-0001,BOMC-02-016,40,P-COMP-093,12,12,12,0,,LOT-P-COMP-093-A,EFFECTIVE
TEN-COOLIT-SYN-001,SITE-COOLIT-SYN-01,ERP,WORK_ORDER_COMPONENT,WOCOMP-0001-017,WOCOMP-0001-017,RESOLVED,2026-09-25T23:59:59-06:00,2026-09-26T08:00:00-06:00,2026-06-29T00:00:00-06:00,,1,,false,ACTIVE,EA,,VALID,CURRENT,coolit-synthetic-v2.0.0,ALL_SYNTHETIC_CUSTOMERS,ALL_SYNTHETIC_PROGRAMS,CFG-CPL-02,SYNTHETIC_INTERNAL,SNP-COOLIT-20260925-BL,SCN-BASELINE,WOCOMP-0001-017,WO-0001,BOMC-02-017,40,P-COMP-100,12,12,12,0,,LOT-P-COMP-100-A,EFFECTIVE
TEN-COOLIT-SYN-001,SITE-COOLIT-SYN-01,ERP,WORK_ORDER_COMPONENT,WOCOMP-0001-018,WOCOMP-0001-018,RESOLVED,2026-09-25T23:59:59-06:00,2026-09-26T08:00:00-06:00,2026-06-29T00:00:00-06:00,,1,,false,ACTIVE,EA,,VALID,CURRENT,coolit-synthetic-v2.0.0,ALL_SYNTHETIC_CUSTOMERS,ALL_SYNTHETIC_PROGRAMS,CFG-CPL-02,SYNTHETIC_INTERNAL,SNP-COOLIT-20260925-BL,SCN-BASELINE,WOCOMP-0001-018,WO-0001,BOMC-02-018,40,P-COMP-107,12,12,12,0,,LOT-P-COMP-107-A,EFFECTIVE
TEN-COOLIT-SYN-001,SITE-COOLIT-SYN-01,ERP,WORK_ORDER_COMPONENT,WOCOMP-0001-019,WOCOMP-0001-019,RESOLVED,2026-09-25T23:59:59-06:00,2026-09-26T08:00:00-06:00,2026-06-29T00:00:00-06:00,,1,,false,ACTIVE,EA,,VALID,CURRENT,coolit-synthetic-v2.0.0,ALL_SYNTHETIC_CUSTOMERS,ALL_SYNTHETIC_PROGRAMS,CFG-CPL-02,SYNTHETIC_INTERNAL,SNP-COOLIT-20260925-BL,SCN-BASELINE,WOCOMP-0001-019,WO-0001,BOMC-02-019,40,P-COMP-114,24,24,24,0,,LOT-P-COMP-114-A,EFFECTIVE
TEN-COOLIT-SYN-001,SITE-COOLIT-SYN-01,ERP,WORK_ORDER_COMPONENT,WOCOMP-0001-020,WOCOMP-0001-020,RESOLVED,2026-09-25T23:59:59-06:00,2026-09-26T08:00:00-06:00,2026-06-29T00:00:00-06:00,,1,,false,ACTIVE,EA,,VALID,CURRENT,coolit-synthetic-v2.0.0,ALL_SYNTHETIC_CUSTOMERS,ALL_SYNTHETIC_PROGRAMS,CFG-CPL-02,SYNTHETIC_INTERNAL,SNP-COOLIT-20260925-BL,SCN-BASELINE,WOCOMP-0001-020,WO-0001,BOMC-02-020,40,P-COMP-121,12,12,12,0,,LOT-P-COMP-121-A,EFFECTIVE
TEN-COOLIT-SYN-001,SITE-COOLIT-SYN-01,ERP,WORK_ORDER_COMPONENT,WOCOMP-0001-021,WOCOMP-0001-021,RESOLVED,2026-09-25T23:59:59-06:00,2026-09-26T08:00:00-06:00,2026-06-29T00:00:00-06:00,,1,,false,ACTIVE,EA,,VALID,CURRENT,coolit-synthetic-v2.0.0,ALL_SYNTHETIC_CUSTOMERS,ALL_SYNTHETIC_PROGRAMS,CFG-CPL-02,SYNTHETIC_INTERNAL,SNP-COOLIT-20260925-BL,SCN-BASELINE,WOCOMP-0001-021,WO-0001,BOMC-02-021,50,P-COMP-128,12,12,12,0,,LOT-P-COMP-128-A,EFFECTIVE
TEN-COOLIT-SYN-001,SITE-COOLIT-SYN-01,ERP,WORK_ORDER_COMPONENT,WOCOMP-0001-022,WOCOMP-0001-022,RESOLVED,2026-09-25T23:59:59-06:00,2026-09-26T08:00:00-06:00,2026-06-29T00:00:00-06:00,,1,,false,ACTIVE,EA,,VALID,CURRENT,coolit-synthetic-v2.0.0,ALL_SYNTHETIC_CUSTOMERS,ALL_SYNTHETIC_PROGRAMS,CFG-CPL-02,SYNTHETIC_INTERNAL,SNP-COOLIT-20260925-BL,SCN-BASELINE,WOCOMP-0001-022,WO-0001,BOMC-02-022,50,P-COMP-135,12,12,12,0,,LOT-P-COMP-135-A,EFFECTIVE
TEN-COOLIT-SYN-001,SITE-COOLIT-SYN-01,ERP,WORK_ORDER_COMPONENT,WOCOMP-0001-023,WOCOMP-0001-023,RESOLVED,2026-09-25T23:59:59-06:00,2026-09-26T08:00:00-06:00,2026-06-29T00:00:00-06:00,,1,,false,ACTIVE,EA,,VALID,CURRENT,coolit-synthetic-v2.0.0,ALL_SYNTHETIC_CUSTOMERS,ALL_SYNTHETIC_PROGRAMS,CFG-CPL-02,SYNTHETIC_INTERNAL,SNP-COOLIT-20260925-BL,SCN-BASELINE,WOCOMP-0001-023,WO-0001,BOMC-02-023,50,P-COMP-142,12,12,12,0,P-COMP-006,LOT-P-COMP-142-A,EFFECTIVE
TEN-COOLIT-SYN-001,SITE-COOLIT-SYN-01,ERP,WORK_ORDER_COMPONENT,WOCOMP-0001-024,WOCOMP-0001-024,RESOLVED,2026-09-25T23:59:59-06:00,2026-09-26T08:00:00-06:00,2026-06-29T00:00:00-06:00,,1,,false,ACTIVE,EA,,VALID,CURRENT,coolit-synthetic-v2.0.0,ALL_SYNTHETIC_CUSTOMERS,ALL_SYNTHETIC_PROGRAMS,CFG-CPL-02,SYNTHETIC_INTERNAL,SNP-COOLIT-20260925-BL,SCN-BASELINE,WOCOMP-0001-024,WO-0001,BOMC-02-024,50,P-COMP-149,12,12,12,0,,LOT-P-COMP-149-A,EFFECTIVE
TEN-COOLIT-SYN-001,SITE-COOLIT-SYN-01,ERP,WORK_ORDER_COMPONENT,WOCOMP-0001-025,WOCOMP-0001-025,RESOLVED,2026-09-25T23:59:59-06:00,2026-09-26T08:00:00-06:00,2026-06-29T00:00:00-06:00,,1,,false,ACTIVE,EA,,VALID,CURRENT,coolit-synthetic-v2.0.0,ALL_SYNTHETIC_CUSTOMERS,ALL_SYNTHETIC_PROGRAMS,CFG-CPL-02,SYNTHETIC_INTERNAL,SNP-COOLIT-20260925-BL,SCN-BASELINE,WOCOMP-0001-025,WO-0001,BOMC-02-025,50,P-COMP-156,12,12,12,0,,LOT-P-COMP-156-A,EFFECTIVE
TEN-COOLIT-SYN-001,SITE-COOLIT-SYN-01,ERP,WORK_ORDER_COMPONENT,WOCOMP-0001-026,WOCOMP-0001-026,RESOLVED,2026-09-25T23:59:59-06:00,2026-09-26T08:00:00-06:00,2026-06-29T00:00:00-06:00,,1,,false,ACTIVE,EA,,VALID,CURRENT,coolit-synthetic-v2.0.0,ALL_SYNTHETIC_CUSTOMERS,ALL_SYNTHETIC_PROGRAMS,CFG-CPL-02,SYNTHETIC_INTERNAL,SNP-COOLIT-20260925-BL,SCN-BASELINE,WOCOMP-0001-026,WO-0001,BOMC-02-026,60,P-COMP-163,12,12,12,0,,LOT-P-COMP-163-A,EFFECTIVE
TEN-COOLIT-SYN-001,SITE-COOLIT-SYN-01,ERP,WORK_ORDER_COMPONENT,WOCOMP-0001-027,WOCOMP-0001-027,RESOLVED,2026-09-25T23:59:59-06:00,2026-09-26T08:00:00-06:00,2026-06-29T00:00:00-06:00,,1,,false,ACTIVE,EA,,VALID,CURRENT,coolit-synthetic-v2.0.0,ALL_SYNTHETIC_CUSTOMERS,ALL_SYNTHETIC_PROGRAMS,CFG-CPL-02,SYNTHETIC_INTERNAL,SNP-COOLIT-20260925-BL,SCN-BASELINE,WOCOMP-0001-027,WO-0001,BOMC-02-027,60,P-COMP-170,12,12,12,0,,LOT-P-COMP-170-A,EFFECTIVE
TEN-COOLIT-SYN-001,SITE-COOLIT-SYN-01,ERP,WORK_ORDER_COMPONENT,WOCOMP-0001-028,WOCOMP-0001-028,RESOLVED,2026-09-25T23:59:59-06:00,2026-09-26T08:00:00-06:00,2026-06-29T00:00:00-06:00,,1,,false,ACTIVE,EA,,VALID,CURRENT,coolit-synthetic-v2.0.0,ALL_SYNTHETIC_CUSTOMERS,ALL_SYNTHETIC_PROGRAMS,CFG-CPL-02,SYNTHETIC_INTERNAL,SNP-COOLIT-20260925-BL,SCN-BASELINE,WOCOMP-0001-028,WO-0001,BOMC-02-028,60,P-COMP-177,24,24,24,0,,LOT-P-COMP-177-A,EFFECTIVE
TEN-COOLIT-SYN-001,SITE-COOLIT-SYN-01,ERP,WORK_ORDER_COMPONENT,WOCOMP-0001-029,WOCOMP-0001-029,RESOLVED,2026-09-25T23:59:59-06:00,2026-09-26T08:00:00-06:00,2026-06-29T00:00:00-06:00,,1,,false,ACTIVE,EA,,VALID,CURRENT,coolit-synthetic-v2.0.0,ALL_SYNTHETIC_CUSTOMERS,ALL_SYNTHETIC_PROGRAMS,CFG-CPL-02,SYNTHETIC_INTERNAL,SNP-COOLIT-20260925-BL,SCN-BASELINE,WOCOMP-0001-029,WO-0001,BOMC-02-029,60,P-COMP-184,12,12,12,0,,LOT-P-COMP-184-A,EFFECTIVE
TEN-COOLIT-SYN-001,SITE-COOLIT-SYN-01,ERP,WORK_ORDER_COMPONENT,WOCOMP-0001-030,WOCOMP-0001-030,RESOLVED,2026-09-25T23:59:59-06:00,2026-09-26T08:00:00-06:00,2026-06-29T00:00:00-06:00,,1,,false,ACTIVE,EA,,VALID,CURRENT,coolit-synthetic-v2.0.0,ALL_SYNTHETIC_CUSTOMERS,ALL_SYNTHETIC_PROGRAMS,CFG-CPL-02,SYNTHETIC_INTERNAL,SNP-COOLIT-20260925-BL,SCN-BASELINE,WOCOMP-0001-030,WO-0001,BOMC-02-030,60,P-COMP-191,12,12,12,0,,LOT-P-COMP-191-A,EFFECTIVE
TEN-COOLIT-SYN-001,SITE-COOLIT-SYN-01,ERP,WORK_ORDER_COMPONENT,WOCOMP-0002-001,WOCOMP-0002-001,RESOLVED,2026-09-25T23:59:59-06:00,2026-09-26T08:00:00-06:00,2026-06-29T00:00:00-06:00,,1,,false,ACTIVE,EA,,VALID,CURRENT,coolit-synthetic-v2.0.0,ALL_SYNTHETIC_CUSTOMERS,ALL_SYNTHETIC_PROGRAMS,CFG-CDU-01,SYNTHETIC_INTERNAL,SNP-COOLIT-20260925-BL,SCN-BASELINE,WOCOMP-0002-001,WO-0002,BOMC-09-001,10,P-COMP-107,36,36,36,0,P-PUMP-005,LOT-P-COMP-107-A,EFFECTIVE
TEN-COOLIT-SYN-001,SITE-COOLIT-SYN-01,ERP,WORK_ORDER_COMPONENT,WOCOMP-0002-002,WOCOMP-0002-002,RESOLVED,2026-09-25T23:59:59-06:00,2026-09-26T08:00:00-06:00,2026-06-29T00:00:00-06:00,,1,,false,ACTIVE,EA,,VALID,CURRENT,coolit-synthetic-v2.0.0,ALL_SYNTHETIC_CUSTOMERS,ALL_SYNTHETIC_PROGRAMS,CFG-CDU-01,SYNTHETIC_INTERNAL,SNP-COOLIT-20260925-BL,SCN-BASELINE,WOCOMP-0002-002,WO-0002,BOMC-09-002,10,P-COMP-114,18,18,18,0,,LOT-P-COMP-114-A,EFFECTIVE
TEN-COOLIT-SYN-001,SITE-COOLIT-SYN-01,ERP,WORK_ORDER_COMPONENT,WOCOMP-0002-003,WOCOMP-0002-003,RESOLVED,2026-09-25T23:59:59-06:00,2026-09-26T08:00:00-06:00,2026-06-29T00:00:00-06:00,,1,,false,ACTIVE,EA,,VALID,CURRENT,coolit-synthetic-v2.0.0,ALL_SYNTHETIC_CUSTOMERS,ALL_SYNTHETIC_PROGRAMS,CFG-CDU-01,SYNTHETIC_INTERNAL,SNP-COOLIT-20260925-BL,SCN-BASELINE,WOCOMP-0002-003,WO-0002,BOMC-09-003,10,P-COMP-121,18,18,18,0,,LOT-P-COMP-121-A,EFFECTIVE
TEN-COOLIT-SYN-001,SITE-COOLIT-SYN-01,ERP,WORK_ORDER_COMPONENT,WOCOMP-0002-004,WOCOMP-0002-004,RESOLVED,2026-09-25T23:59:59-06:00,2026-09-26T08:00:00-06:00,2026-06-29T00:00:00-06:00,,1,,false,ACTIVE,EA,,VALID,CURRENT,coolit-synthetic-v2.0.0,ALL_SYNTHETIC_CUSTOMERS,ALL_SYNTHETIC_PROGRAMS,CFG-CDU-01,SYNTHETIC_INTERNAL,SNP-COOLIT-20260925-BL,SCN-BASELINE,WOCOMP-0002-004,WO-0002,BOMC-09-004,10,P-COMP-128,18,18,18,0,,LOT-P-COMP-128-A,EFFECTIVE
TEN-COOLIT-SYN-001,SITE-COOLIT-SYN-01,ERP,WORK_ORDER_COMPONENT,WOCOMP-0002-005,WOCOMP-0002-005,RESOLVED,2026-09-25T23:59:59-06:00,2026-09-26T08:00:00-06:00,2026-06-29T00:00:00-06:00,,1,,false,ACTIVE,EA,,VALID,CURRENT,coolit-synthetic-v2.0.0,ALL_SYNTHETIC_CUSTOMERS,ALL_SYNTHETIC_PROGRAMS,CFG-CDU-01,SYNTHETIC_INTERNAL,SNP-COOLIT-20260925-BL,SCN-BASELINE,WOCOMP-0002-005,WO-0002,BOMC-09-005,10,P-COMP-135,18,18,18,0,,LOT-P-COMP-135-A,EFFECTIVE
TEN-COOLIT-SYN-001,SITE-COOLIT-SYN-01,ERP,WORK_ORDER_COMPONENT,WOCOMP-0002-006,WOCOMP-0002-006,RESOLVED,2026-09-25T23:59:59-06:00,2026-09-26T08:00:00-06:00,2026-06-29T00:00:00-06:00,,1,,false,ACTIVE,EA,,VALID,CURRENT,coolit-synthetic-v2.0.0,ALL_SYNTHETIC_CUSTOMERS,ALL_SYNTHETIC_PROGRAMS,CFG-CDU-01,SYNTHETIC_INTERNAL,SNP-COOLIT-20260925-BL,SCN-BASELINE,WOCOMP-0002-006,WO-0002,BOMC-09-006,20,P-COMP-142,18,18,18,0,,LOT-P-COMP-142-A,EFFECTIVE
TEN-COOLIT-SYN-001,SITE-COOLIT-SYN-01,ERP,WORK_ORDER_COMPONENT,WOCOMP-0002-007,WOCOMP-0002-007,RESOLVED,2026-09-25T23:59:59-06:00,2026-09-26T08:00:00-06:00,2026-06-29T00:00:00-06:00,,1,,false,ACTIVE,EA,,VALID,CURRENT,coolit-synthetic-v2.0.0,ALL_SYNTHETIC_CUSTOMERS,ALL_SYNTHETIC_PROGRAMS,CFG-CDU-01,SYNTHETIC_INTERNAL,SNP-COOLIT-20260925-BL,SCN-BASELINE,WOCOMP-0002-007,WO-0002,BOMC-09-007,20,P-COMP-149,18,18,18,0,,LOT-P-COMP-149-A,EFFECTIVE
TEN-COOLIT-SYN-001,SITE-COOLIT-SYN-01,ERP,WORK_ORDER_COMPONENT,WOCOMP-0002-008,WOCOMP-0002-008,RESOLVED,2026-09-25T23:59:59-06:00,2026-09-26T08:00:00-06:00,2026-06-29T00:00:00-06:00,,1,,false,ACTIVE,EA,,VALID,CURRENT,coolit-synthetic-v2.0.0,ALL_SYNTHETIC_CUSTOMERS,ALL_SYNTHETIC_PROGRAMS,CFG-CDU-01,SYNTHETIC_INTERNAL,SNP-COOLIT-20260925-BL,SCN-BASELINE,WOCOMP-0002-008,WO-0002,BOMC-09-008,20,P-COMP-156,18,18,18,0,,LOT-P-COMP-156-A,EFFECTIVE
TEN-COOLIT-SYN-001,SITE-COOLIT-SYN-01,ERP,WORK_ORDER_COMPONENT,WOCOMP-0002-009,WOCOMP-0002-009,RESOLVED,2026-09-25T23:59:59-06:00,2026-09-26T08:00:00-06:00,2026-06-29T00:00:00-06:00,,1,,false,ACTIVE,EA,,VALID,CURRENT,coolit-synthetic-v2.0.0,ALL_SYNTHETIC_CUSTOMERS,ALL_SYNTHETIC_PROGRAMS,CFG-CDU-01,SYNTHETIC_INTERNAL,SNP-COOLIT-20260925-BL,SCN-BASELINE,WOCOMP-0002-009,WO-0002,BOMC-09-009,20,P-COMP-163,18,18,18,0,,LOT-P-COMP-163-A,EFFECTIVE
TEN-COOLIT-SYN-001,SITE-COOLIT-SYN-01,ERP,WORK_ORDER_COMPONENT,WOCOMP-0002-010,WOCOMP-0002-010,RESOLVED,2026-09-25T23:59:59-06:00,2026-09-26T08:00:00-06:00,2026-06-29T00:00:00-06:00,,1,,false,ACTIVE,EA,,VALID,CURRENT,coolit-synthetic-v2.0.0,ALL_SYNTHETIC_CUSTOMERS,ALL_SYNTHETIC_PROGRAMS,CFG-CDU-01,SYNTHETIC_INTERNAL,SNP-COOLIT-20260925-BL,SCN-BASELINE,WOCOMP-0002-010,WO-0002,BOMC-09-010,20,P-COMP-170,36,36,36,0,,LOT-P-COMP-170-A,EFFECTIVE
TEN-COOLIT-SYN-001,SITE-COOLIT-SYN-01,ERP,WORK_ORDER_COMPONENT,WOCOMP-0002-011,WOCOMP-0002-011,RESOLVED,2026-09-25T23:59:59-06:00,2026-09-26T08:00:00-06:00,2026-06-29T00:00:00-06:00,,1,,false,ACTIVE,EA,,VALID,CURRENT,coolit-synthetic-v2.0.0,ALL_SYNTHETIC_CUSTOMERS,ALL_SYNTHETIC_PROGRAMS,CFG-CDU-01,SYNTHETIC_INTERNAL,SNP-COOLIT-20260925-BL,SCN-BASELINE,WOCOMP-0002-011,WO-0002,BOMC-09-011,30,P-COMP-177,18,18,18,0,,LOT-P-COMP-177-A,EFFECTIVE
TEN-COOLIT-SYN-001,SITE-COOLIT-SYN-01,ERP,WORK_ORDER_COMPONENT,WOCOMP-0002-012,WOCOMP-0002-012,RESOLVED,2026-09-25T23:59:59-06:00,2026-09-26T08:00:00-06:00,2026-06-29T00:00:00-06:00,,1,,false,ACTIVE,EA,,VALID,CURRENT,coolit-synthetic-v2.0.0,ALL_SYNTHETIC_CUSTOMERS,ALL_SYNTHETIC_PROGRAMS,CFG-CDU-01,SYNTHETIC_INTERNAL,SNP-COOLIT-20260925-BL,SCN-BASELINE,WOCOMP-0002-012,WO-0002,BOMC-09-012,30,P-COMP-184,18,18,18,0,P-CTRL-002,LOT-P-COMP-184-A,EFFECTIVE
TEN-COOLIT-SYN-001,SITE-COOLIT-SYN-01,ERP,WORK_ORDER_COMPONENT,WOCOMP-0002-013,WOCOMP-0002-013,RESOLVED,2026-09-25T23:59:59-06:00,2026-09-26T08:00:00-06:00,2026-06-29T00:00:00-06:00,,1,,false,ACTIVE,EA,,VALID,CURRENT,coolit-synthetic-v2.0.0,ALL_SYNTHETIC_CUSTOMERS,ALL_SYNTHETIC_PROGRAMS,CFG-CDU-01,SYNTHETIC_INTERNAL,SNP-COOLIT-20260925-BL,SCN-BASELINE,WOCOMP-0002-013,WO-0002,BOMC-09-013,30,P-COMP-191,18,18,18,0,,LOT-P-COMP-191-A,EFFECTIVE
TEN-COOLIT-SYN-001,SITE-COOLIT-SYN-01,ERP,WORK_ORDER_COMPONENT,WOCOMP-0002-014,WOCOMP-0002-014,RESOLVED,2026-09-25T23:59:59-06:00,2026-09-26T08:00:00-06:00,2026-06-29T00:00:00-06:00,,1,,false,ACTIVE,EA,,VALID,CURRENT,coolit-synthetic-v2.0.0,ALL_SYNTHETIC_CUSTOMERS,ALL_SYNTHETIC_PROGRAMS,CFG-CDU-01,SYNTHETIC_INTERNAL,SNP-COOLIT-20260925-BL,SCN-BASELINE,WOCOMP-0002-014,WO-0002,BOMC-09-014,30,P-COMP-198,18,18,18,0,,LOT-P-COMP-198-A,EFFECTIVE
TEN-COOLIT-SYN-001,SITE-COOLIT-SYN-01,ERP,WORK_ORDER_COMPONENT,WOCOMP-0002-015,WOCOMP-0002-015,RESOLVED,2026-09-25T23:59:59-06:00,2026-09-26T08:00:00-06:00,2026-06-29T00:00:00-06:00,,1,,false,ACTIVE,EA,,VALID,CURRENT,coolit-synthetic-v2.0.0,ALL_SYNTHETIC_CUSTOMERS,ALL_SYNTHETIC_PROGRAMS,CFG-CDU-01,SYNTHETIC_INTERNAL,SNP-COOLIT-20260925-BL,SCN-BASELINE,WOCOMP-0002-015,WO-0002,BOMC-09-015,30,P-COMP-205,18,18,18,0,,LOT-P-COMP-205-A,EFFECTIVE
TEN-COOLIT-SYN-001,SITE-COOLIT-SYN-01,ERP,WORK_ORDER_COMPONENT,WOCOMP-0002-016,WOCOMP-0002-016,RESOLVED,2026-09-25T23:59:59-06:00,2026-09-26T08:00:00-06:00,2026-06-29T00:00:00-06:00,,1,,false,ACTIVE,EA,,VALID,CURRENT,coolit-synthetic-v2.0.0,ALL_SYNTHETIC_CUSTOMERS,ALL_SYNTHETIC_PROGRAMS,CFG-CDU-01,SYNTHETIC_INTERNAL,SNP-COOLIT-20260925-BL,SCN-BASELINE,WOCOMP-0002-016,WO-0002,BOMC-09-016,40,P-QD-004,18,18,18,0,,LOT-P-QD-004-A,EFFECTIVE
TEN-COOLIT-SYN-001,SITE-COOLIT-SYN-01,ERP,WORK_ORDER_COMPONENT,WOCOMP-0002-017,WOCOMP-0002-017,RESOLVED,2026-09-25T23:59:59-06:00,2026-09-26T08:00:00-06:00,2026-06-29T00:00:00-06:00,,1,,false,ACTIVE,EA,,VALID,CURRENT,coolit-synthetic-v2.0.0,ALL_SYNTHETIC_CUSTOMERS,ALL_SYNTHETIC_PROGRAMS,CFG-CDU-01,SYNTHETIC_INTERNAL,SNP-COOLIT-20260925-BL,SCN-BASELINE,WOCOMP-0002-017,WO-0002,BOMC-09-017,40,P-PUMP-001,18,18,18,0,,LOT-P-PUMP-001-A,EFFECTIVE
TEN-COOLIT-SYN-001,SITE-COOLIT-SYN-01,ERP,WORK_ORDER_COMPONENT,WOCOMP-0002-018,WOCOMP-0002-018,RESOLVED,2026-09-25T23:59:59-06:00,2026-09-26T08:00:00-06:00,2026-06-29T00:00:00-06:00,,1,,false,ACTIVE,EA,,VALID,CURRENT,coolit-synthetic-v2.0.0,ALL_SYNTHETIC_CUSTOMERS,ALL_SYNTHETIC_PROGRAMS,CFG-CDU-01,SYNTHETIC_INTERNAL,SNP-COOLIT-20260925-BL,SCN-BASELINE,WOCOMP-0002-018,WO-0002,BOMC-09-018,40,P-PUMP-008,18,18,18,0,,LOT-P-PUMP-008-A,EFFECTIVE
TEN-COOLIT-SYN-001,SITE-COOLIT-SYN-01,ERP,WORK_ORDER_COMPONENT,WOCOMP-0002-019,WOCOMP-0002-019,RESOLVED,2026-09-25T23:59:59-06:00,2026-09-26T08:00:00-06:00,2026-06-29T00:00:00-06:00,,1,,false,ACTIVE,EA,,VALID,CURRENT,coolit-synthetic-v2.0.0,ALL_SYNTHETIC_CUSTOMERS,ALL_SYNTHETIC_PROGRAMS,CFG-CDU-01,SYNTHETIC_INTERNAL,SNP-COOLIT-20260925-BL,SCN-BASELINE,WOCOMP-0002-019,WO-0002,BOMC-09-019,40,P-CTRL-001,36,36,36,0,,LOT-P-CTRL-001-A,EFFECTIVE
TEN-COOLIT-SYN-001,SITE-COOLIT-SYN-01,ERP,WORK_ORDER_COMPONENT,WOCOMP-0002-020,WOCOMP-0002-020,RESOLVED,2026-09-25T23:59:59-06:00,2026-09-26T08:00:00-06:00,2026-06-29T00:00:00-06:00,,1,,false,ACTIVE,EA,,VALID,CURRENT,coolit-synthetic-v2.0.0,ALL_SYNTHETIC_CUSTOMERS,ALL_SYNTHETIC_PROGRAMS,CFG-CDU-01,SYNTHETIC_INTERNAL,SNP-COOLIT-20260925-BL,SCN-BASELINE,WOCOMP-0002-020,WO-0002,BOMC-09-020,40,P-COMP-002,18,18,18,0,,LOT-P-COMP-002-A,EFFECTIVE
TEN-COOLIT-SYN-001,SITE-COOLIT-SYN-01,ERP,WORK_ORDER_COMPONENT,WOCOMP-0002-021,WOCOMP-0002-021,RESOLVED,2026-09-25T23:59:59-06:00,2026-09-26T08:00:00-06:00,2026-06-29T00:00:00-06:00,,1,,false,ACTIVE,EA,,VALID,CURRENT,coolit-synthetic-v2.0.0,ALL_SYNTHETIC_CUSTOMERS,ALL_SYNTHETIC_PROGRAMS,CFG-CDU-01,SYNTHETIC_INTERNAL,SNP-COOLIT-20260925-BL,SCN-BASELINE,WOCOMP-0002-021,WO-0002,BOMC-09-021,50,P-COMP-009,18,18,18,0,,LOT-P-COMP-009-A,EFFECTIVE
TEN-COOLIT-SYN-001,SITE-COOLIT-SYN-01,ERP,WORK_ORDER_COMPONENT,WOCOMP-0002-022,WOCOMP-0002-022,RESOLVED,2026-09-25T23:59:59-06:00,2026-09-26T08:00:00-06:00,2026-06-29T00:00:00-06:00,,1,,false,ACTIVE,EA,,VALID,CURRENT,coolit-synthetic-v2.0.0,ALL_SYNTHETIC_CUSTOMERS,ALL_SYNTHETIC_PROGRAMS,CFG-CDU-01,SYNTHETIC_INTERNAL,SNP-COOLIT-20260925-BL,SCN-BASELINE,WOCOMP-0002-022,WO-0002,BOMC-09-022,50,P-COMP-016,18,18,18,0,,LOT-P-COMP-016-A,EFFECTIVE
TEN-COOLIT-SYN-001,SITE-COOLIT-SYN-01,ERP,WORK_ORDER_COMPONENT,WOCOMP-0002-023,WOCOMP-0002-023,RESOLVED,2026-09-25T23:59:59-06:00,2026-09-26T08:00:00-06:00,2026-06-29T00:00:00-06:00,,1,,false,ACTIVE,EA,,VALID,CURRENT,coolit-synthetic-v2.0.0,ALL_SYNTHETIC_CUSTOMERS,ALL_SYNTHETIC_PROGRAMS,CFG-CDU-01,SYNTHETIC_INTERNAL,SNP-COOLIT-20260925-BL,SCN-BASELINE,WOCOMP-0002-023,WO-0002,BOMC-09-023,50,P-COMP-023,18,18,18,0,P-COMP-007,LOT-P-COMP-023-A,EFFECTIVE
TEN-COOLIT-SYN-001,SITE-COOLIT-SYN-01,ERP,WORK_ORDER_COMPONENT,WOCOMP-0002-024,WOCOMP-0002-024,RESOLVED,2026-09-25T23:59:59-06:00,2026-09-26T08:00:00-06:00,2026-06-29T00:00:00-06:00,,1,,false,ACTIVE,EA,,VALID,CURRENT,coolit-synthetic-v2.0.0,ALL_SYNTHETIC_CUSTOMERS,ALL_SYNTHETIC_PROGRAMS,CFG-CDU-01,SYNTHETIC_INTERNAL,SNP-COOLIT-20260925-BL,SCN-BASELINE,WOCOMP-0002-024,WO-0002,BOMC-09-024,50,P-COMP-030,18,18,18,0,,LOT-P-COMP-030-A,EFFECTIVE
TEN-COOLIT-SYN-001,SITE-COOLIT-SYN-01,ERP,WORK_ORDER_COMPONENT,WOCOMP-0002-025,WOCOMP-0002-025,RESOLVED,2026-09-25T23:59:59-06:00,2026-09-26T08:00:00-06:00,2026-06-29T00:00:00-06:00,,1,,false,ACTIVE,EA,,VALID,CURRENT,coolit-synthetic-v2.0.0,ALL_SYNTHETIC_CUSTOMERS,ALL_SYNTHETIC_PROGRAMS,CFG-CDU-01,SYNTHETIC_INTERNAL,SNP-COOLIT-20260925-BL,SCN-BASELINE,WOCOMP-0002-025,WO-0002,BOMC-09-025,50,P-COMP-037,18,18,18,0,,LOT-P-COMP-037-A,EFFECTIVE
TEN-COOLIT-SYN-001,SITE-COOLIT-SYN-01,ERP,WORK_ORDER_COMPONENT,WOCOMP-0002-026,WOCOMP-0002-026,RESOLVED,2026-09-25T23:59:59-06:00,2026-09-26T08:00:00-06:00,2026-06-29T00:00:00-06:00,,1,,false,ACTIVE,EA,,VALID,CURRENT,coolit-synthetic-v2.0.0,ALL_SYNTHETIC_CUSTOMERS,ALL_SYNTHETIC_PROGRAMS,CFG-CDU-01,SYNTHETIC_INTERNAL,SNP-COOLIT-20260925-BL,SCN-BASELINE,WOCOMP-0002-026,WO-0002,BOMC-09-026,60,P-COMP-044,18,18,18,0,,LOT-P-COMP-044-A,EFFECTIVE
TEN-COOLIT-SYN-001,SITE-COOLIT-SYN-01,ERP,WORK_ORDER_COMPONENT,WOCOMP-0002-027,WOCOMP-0002-027,RESOLVED,2026-09-25T23:59:59-06:00,2026-09-26T08:00:00-06:00,2026-06-29T00:00:00-06:00,,1,,false,ACTIVE,EA,,VALID,CURRENT,coolit-synthetic-v2.0.0,ALL_SYNTHETIC_CUSTOMERS,ALL_SYNTHETIC_PROGRAMS,CFG-CDU-01,SYNTHETIC_INTERNAL,SNP-COOLIT-20260925-BL,SCN-BASELINE,WOCOMP-0002-027,WO-0002,BOMC-09-027,60,P-COMP-051,18,18,18,0,,LOT-P-COMP-051-A,EFFECTIVE
TEN-COOLIT-SYN-001,SITE-COOLIT-SYN-01,ERP,WORK_ORDER_COMPONENT,WOCOMP-0002-028,WOCOMP-0002-028,RESOLVED,2026-09-25T23:59:59-06:00,2026-09-26T08:00:00-06:00,2026-06-29T00:00:00-06:00,,1,,false,ACTIVE,EA,,VALID,CURRENT,coolit-synthetic-v2.0.0,ALL_SYNTHETIC_CUSTOMERS,ALL_SYNTHETIC_PROGRAMS,CFG-CDU-01,SYNTHETIC_INTERNAL,SNP-COOLIT-20260925-BL,SCN-BASELINE,WOCOMP-0002-028,WO-0002,BOMC-09-028,60,P-COMP-058,36,36,36,0,,LOT-P-COMP-058-A,EFFECTIVE
TEN-COOLIT-SYN-001,SITE-COOLIT-SYN-01,ERP,WORK_ORDER_COMPONENT,WOCOMP-0002-029,WOCOMP-0002-029,RESOLVED,2026-09-25T23:59:59-06:00,2026-09-26T08:00:00-06:00,2026-06-29T00:00:00-06:00,,1,,false,ACTIVE,EA,,VALID,CURRENT,coolit-synthetic-v2.0.0,ALL_SYNTHETIC_CUSTOMERS,ALL_SYNTHETIC_PROGRAMS,CFG-CDU-01,SYNTHETIC_INTERNAL,SNP-COOLIT-20260925-BL,SCN-BASELINE,WOCOMP-0002-029,WO-0002,BOMC-09-029,60,P-COMP-065,18,18,18,0,,LOT-P-COMP-065-A,EFFECTIVE
TEN-COOLIT-SYN-001,SITE-COOLIT-SYN-01,ERP,WORK_ORDER_COMPONENT,WOCOMP-0002-030,WOCOMP-0002-030,RESOLVED,2026-09-25T23:59:59-06:00,2026-09-26T08:00:00-06:00,2026-06-29T00:00:00-06:00,,1,,false,ACTIVE,EA,,VALID,CURRENT,coolit-synthetic-v2.0.0,ALL_SYNTHETIC_CUSTOMERS,ALL_SYNTHETIC_PROGRAMS,CFG-CDU-01,SYNTHETIC_INTERNAL,SNP-COOLIT-20260925-BL,SCN-BASELINE,WOCOMP-0002-030,WO-0002,BOMC-09-030,60,P-COMP-072,18,18,18,0,,LOT-P-COMP-072-A,EFFECTIVE
TEN-COOLIT-SYN-001,SITE-COOLIT-SYN-01,ERP,WORK_ORDER_COMPONENT,WOCOMP-0003-001,WOCOMP-0003-001,RESOLVED,2026-09-25T23:59:59-06:00,2026-09-26T08:00:00-06:00,2026-06-29T00:00:00-06:00,,1,,false,ACTIVE,EA,,VALID,CURRENT,coolit-synthetic-v2.0.0,ALL_SYNTHETIC_CUSTOMERS,ALL_SYNTHETIC_PROGRAMS,CFG-CPL-04,SYNTHETIC_INTERNAL,SNP-COOLIT-20260925-BL,SCN-BASELINE,WOCOMP-0003-001,WO-0003,BOMC-04-001,10,P-COMP-022,48,48,48,0,P-PUMP-006,LOT-P-COMP-022-A,EFFECTIVE
TEN-COOLIT-SYN-001,SITE-COOLIT-SYN-01,ERP,WORK_ORDER_COMPONENT,WOCOMP-0003-002,WOCOMP-0003-002,RESOLVED,2026-09-25T23:59:59-06:00,2026-09-26T08:00:00-06:00,2026-06-29T00:00:00-06:00,,1,,false,ACTIVE,EA,,VALID,CURRENT,coolit-synthetic-v2.0.0,ALL_SYNTHETIC_CUSTOMERS,ALL_SYNTHETIC_PROGRAMS,CFG-CPL-04,SYNTHETIC_INTERNAL,SNP-COOLIT-20260925-BL,SCN-BASELINE,WOCOMP-0003-002,WO-0003,BOMC-04-002,10,P-COMP-029,24,24,24,0,,LOT-P-COMP-029-A,EFFECTIVE
TEN-COOLIT-SYN-001,SITE-COOLIT-SYN-01,ERP,WORK_ORDER_COMPONENT,WOCOMP-0003-003,WOCOMP-0003-003,RESOLVED,2026-09-25T23:59:59-06:00,2026-09-26T08:00:00-06:00,2026-06-29T00:00:00-06:00,,1,,false,ACTIVE,EA,,VALID,CURRENT,coolit-synthetic-v2.0.0,ALL_SYNTHETIC_CUSTOMERS,ALL_SYNTHETIC_PROGRAMS,CFG-CPL-04,SYNTHETIC_INTERNAL,SNP-COOLIT-20260925-BL,SCN-BASELINE,WOCOMP-0003-003,WO-0003,BOMC-04-003,10,P-COMP-036,24,24,24,0,,LOT-P-COMP-036-A,EFFECTIVE
TEN-COOLIT-SYN-001,SITE-COOLIT-SYN-01,ERP,WORK_ORDER_COMPONENT,WOCOMP-0003-004,WOCOMP-0003-004,RESOLVED,2026-09-25T23:59:59-06:00,2026-09-26T08:00:00-06:00,2026-06-29T00:00:00-06:00,,1,,false,ACTIVE,EA,,VALID,CURRENT,coolit-synthetic-v2.0.0,ALL_SYNTHETIC_CUSTOMERS,ALL_SYNTHETIC_PROGRAMS,CFG-CPL-04,SYNTHETIC_INTERNAL,SNP-COOLIT-20260925-BL,SCN-BASELINE,WOCOMP-0003-004,WO-0003,BOMC-04-004,10,P-COMP-043,24,24,24,0,,LOT-P-COMP-043-A,EFFECTIVE
TEN-COOLIT-SYN-001,SITE-COOLIT-SYN-01,ERP,WORK_ORDER_COMPONENT,WOCOMP-0003-005,WOCOMP-0003-005,RESOLVED,2026-09-25T23:59:59-06:00,2026-09-26T08:00:00-06:00,2026-06-29T00:00:00-06:00,,1,,false,ACTIVE,EA,,VALID,CURRENT,coolit-synthetic-v2.0.0,ALL_SYNTHETIC_CUSTOMERS,ALL_SYNTHETIC_PROGRAMS,CFG-CPL-04,SYNTHETIC_INTERNAL,SNP-COOLIT-20260925-BL,SCN-BASELINE,WOCOMP-0003-005,WO-0003,BOMC-04-005,10,P-COMP-050,24,24,24,0,,LOT-P-COMP-050-A,EFFECTIVE
TEN-COOLIT-SYN-001,SITE-COOLIT-SYN-01,ERP,WORK_ORDER_COMPONENT,WOCOMP-0003-006,WOCOMP-0003-006,RESOLVED,2026-09-25T23:59:59-06:00,2026-09-26T08:00:00-06:00,2026-06-29T00:00:00-06:00,,1,,false,ACTIVE,EA,,VALID,CURRENT,coolit-synthetic-v2.0.0,ALL_SYNTHETIC_CUSTOMERS,ALL_SYNTHETIC_PROGRAMS,CFG-CPL-04,SYNTHETIC_INTERNAL,SNP-COOLIT-20260925-BL,SCN-BASELINE,WOCOMP-0003-006,WO-0003,BOMC-04-006,20,P-COMP-057,24,24,24,0,,LOT-P-COMP-057-A,EFFECTIVE
TEN-COOLIT-SYN-001,SITE-COOLIT-SYN-01,ERP,WORK_ORDER_COMPONENT,WOCOMP-0003-007,WOCOMP-0003-007,RESOLVED,2026-09-25T23:59:59-06:00,2026-09-26T08:00:00-06:00,2026-06-29T00:00:00-06:00,,1,,false,ACTIVE,EA,,VALID,CURRENT,coolit-synthetic-v2.0.0,ALL_SYNTHETIC_CUSTOMERS,ALL_SYNTHETIC_PROGRAMS,CFG-CPL-04,SYNTHETIC_INTERNAL,SNP-COOLIT-20260925-BL,SCN-BASELINE,WOCOMP-0003-007,WO-0003,BOMC-04-007,20,P-COMP-064,24,24,24,0,,LOT-P-COMP-064-A,EFFECTIVE
TEN-COOLIT-SYN-001,SITE-COOLIT-SYN-01,ERP,WORK_ORDER_COMPONENT,WOCOMP-0003-008,WOCOMP-0003-008,RESOLVED,2026-09-25T23:59:59-06:00,2026-09-26T08:00:00-06:00,2026-06-29T00:00:00-06:00,,1,,false,ACTIVE,EA,,VALID,CURRENT,coolit-synthetic-v2.0.0,ALL_SYNTHETIC_CUSTOMERS,ALL_SYNTHETIC_PROGRAMS,CFG-CPL-04,SYNTHETIC_INTERNAL,SNP-COOLIT-20260925-BL,SCN-BASELINE,WOCOMP-0003-008,WO-0003,BOMC-04-008,20,P-COMP-071,24,24,24,0,,LOT-P-COMP-071-A,EFFECTIVE
TEN-COOLIT-SYN-001,SITE-COOLIT-SYN-01,ERP,WORK_ORDER_COMPONENT,WOCOMP-0003-009,WOCOMP-0003-009,RESOLVED,2026-09-25T23:59:59-06:00,2026-09-26T08:00:00-06:00,2026-06-29T00:00:00-06:00,,1,,false,ACTIVE,EA,,VALID,CURRENT,coolit-synthetic-v2.0.0,ALL_SYNTHETIC_CUSTOMERS,ALL_SYNTHETIC_PROGRAMS,CFG-CPL-04,SYNTHETIC_INTERNAL,SNP-COOLIT-20260925-BL,SCN-BASELINE,WOCOMP-0003-009,WO-0003,BOMC-04-009,20,P-COMP-078,24,24,24,0,,LOT-P-COMP-078-A,EFFECTIVE
TEN-COOLIT-SYN-001,SITE-COOLIT-SYN-01,ERP,WORK_ORDER_COMPONENT,WOCOMP-0003-010,WOCOMP-0003-010,RESOLVED,2026-09-25T23:59:59-06:00,2026-09-26T08:00:00-06:00,2026-06-29T00:00:00-06:00,,1,,false,ACTIVE,EA,,VALID,CURRENT,coolit-synthetic-v2.0.0,ALL_SYNTHETIC_CUSTOMERS,ALL_SYNTHETIC_PROGRAMS,CFG-CPL-04,SYNTHETIC_INTERNAL,SNP-COOLIT-20260925-BL,SCN-BASELINE,WOCOMP-0003-010,WO-0003,BOMC-04-010,20,P-COMP-085,48,48,48,0,,LOT-P-COMP-085-A,EFFECTIVE
TEN-COOLIT-SYN-001,SITE-COOLIT-SYN-01,ERP,WORK_ORDER_COMPONENT,WOCOMP-0003-011,WOCOMP-0003-011,RESOLVED,2026-09-25T23:59:59-06:00,2026-09-26T08:00:00-06:00,2026-06-29T00:00:00-06:00,,1,,false,ACTIVE,EA,,VALID,CURRENT,coolit-synthetic-v2.0.0,ALL_SYNTHETIC_CUSTOMERS,ALL_SYNTHETIC_PROGRAMS,CFG-CPL-04,SYNTHETIC_INTERNAL,SNP-COOLIT-20260925-BL,SCN-BASELINE,WOCOMP-0003-011,WO-0003,BOMC-04-011,30,P-COMP-092,24,24,24,0,,LOT-P-COMP-092-A,EFFECTIVE
TEN-COOLIT-SYN-001,SITE-COOLIT-SYN-01,ERP,WORK_ORDER_COMPONENT,WOCOMP-0003-012,WOCOMP-0003-012,RESOLVED,2026-09-25T23:59:59-06:00,2026-09-26T08:00:00-06:00,2026-06-29T00:00:00-06:00,,1,,false,ACTIVE,EA,,VALID,CURRENT,coolit-synthetic-v2.0.0,ALL_SYNTHETIC_CUSTOMERS,ALL_SYNTHETIC_PROGRAMS,CFG-CPL-04,SYNTHETIC_INTERNAL,SNP-COOLIT-20260925-BL,SCN-BASELINE,WOCOMP-0003-012,WO-0003,BOMC-04-012,30,P-COMP-099,24,24,24,0,P-CTRL-003,LOT-P-COMP-099-A,EFFECTIVE
TEN-COOLIT-SYN-001,SITE-COOLIT-SYN-01,ERP,WORK_ORDER_COMPONENT,WOCOMP-0003-013,WOCOMP-0003-013,RESOLVED,2026-09-25T23:59:59-06:00,2026-09-26T08:00:00-06:00,2026-06-29T00:00:00-06:00,,1,,false,ACTIVE,EA,,VALID,CURRENT,coolit-synthetic-v2.0.0,ALL_SYNTHETIC_CUSTOMERS,ALL_SYNTHETIC_PROGRAMS,CFG-CPL-04,SYNTHETIC_INTERNAL,SNP-COOLIT-20260925-BL,SCN-BASELINE,WOCOMP-0003-013,WO-0003,BOMC-04-013,30,P-COMP-106,24,24,24,0,,LOT-P-COMP-106-A,EFFECTIVE
TEN-COOLIT-SYN-001,SITE-COOLIT-SYN-01,ERP,WORK_ORDER_COMPONENT,WOCOMP-0003-014,WOCOMP-0003-014,RESOLVED,2026-09-25T23:59:59-06:00,2026-09-26T08:00:00-06:00,2026-06-29T00:00:00-06:00,,1,,false,ACTIVE,EA,,VALID,CURRENT,coolit-synthetic-v2.0.0,ALL_SYNTHETIC_CUSTOMERS,ALL_SYNTHETIC_PROGRAMS,CFG-CPL-04,SYNTHETIC_INTERNAL,SNP-COOLIT-20260925-BL,SCN-BASELINE,WOCOMP-0003-014,WO-0003,BOMC-04-014,30,P-COMP-113,24,24,24,0,,LOT-P-COMP-113-A,EFFECTIVE
TEN-COOLIT-SYN-001,SITE-COOLIT-SYN-01,ERP,WORK_ORDER_COMPONENT,WOCOMP-0003-015,WOCOMP-0003-015,RESOLVED,2026-09-25T23:59:59-06:00,2026-09-26T08:00:00-06:00,2026-06-29T00:00:00-06:00,,1,,false,ACTIVE,EA,,VALID,CURRENT,coolit-synthetic-v2.0.0,ALL_SYNTHETIC_CUSTOMERS,ALL_SYNTHETIC_PROGRAMS,CFG-CPL-04,SYNTHETIC_INTERNAL,SNP-COOLIT-20260925-BL,SCN-BASELINE,WOCOMP-0003-015,WO-0003,BOMC-04-015,30,P-COMP-120,24,24,24,0,,LOT-P-COMP-120-A,EFFECTIVE
TEN-COOLIT-SYN-001,SITE-COOLIT-SYN-01,ERP,WORK_ORDER_COMPONENT,WOCOMP-0003-016,WOCOMP-0003-016,RESOLVED,2026-09-25T23:59:59-06:00,2026-09-26T08:00:00-06:00,2026-06-29T00:00:00-06:00,,1,,false,ACTIVE,EA,,VALID,CURRENT,coolit-synthetic-v2.0.0,ALL_SYNTHETIC_CUSTOMERS,ALL_SYNTHETIC_PROGRAMS,CFG-CPL-04,SYNTHETIC_INTERNAL,SNP-COOLIT-20260925-BL,SCN-BASELINE,WOCOMP-0003-016,WO-0003,BOMC-04-016,40,P-COMP-127,24,24,24,0,,LOT-P-COMP-127-A,EFFECTIVE
TEN-COOLIT-SYN-001,SITE-COOLIT-SYN-01,ERP,WORK_ORDER_COMPONENT,WOCOMP-0003-017,WOCOMP-0003-017,RESOLVED,2026-09-25T23:59:59-06:00,2026-09-26T08:00:00-06:00,2026-06-29T00:00:00-06:00,,1,,false,ACTIVE,EA,,VALID,CURRENT,coolit-synthetic-v2.0.0,ALL_SYNTHETIC_CUSTOMERS,ALL_SYNTHETIC_PROGRAMS,CFG-CPL-04,SYNTHETIC_INTERNAL,SNP-COOLIT-20260925-BL,SCN-BASELINE,WOCOMP-0003-017,WO-0003,BOMC-04-017,40,P-COMP-134,24,24,24,0,,LOT-P-COMP-134-A,EFFECTIVE
TEN-COOLIT-SYN-001,SITE-COOLIT-SYN-01,ERP,WORK_ORDER_COMPONENT,WOCOMP-0003-018,WOCOMP-0003-018,RESOLVED,2026-09-25T23:59:59-06:00,2026-09-26T08:00:00-06:00,2026-06-29T00:00:00-06:00,,1,,false,ACTIVE,EA,,VALID,CURRENT,coolit-synthetic-v2.0.0,ALL_SYNTHETIC_CUSTOMERS,ALL_SYNTHETIC_PROGRAMS,CFG-CPL-04,SYNTHETIC_INTERNAL,SNP-COOLIT-20260925-BL,SCN-BASELINE,WOCOMP-0003-018,WO-0003,BOMC-04-018,40,P-COMP-141,24,24,24,0,,LOT-P-COMP-141-A,EFFECTIVE
TEN-COOLIT-SYN-001,SITE-COOLIT-SYN-01,ERP,WORK_ORDER_COMPONENT,WOCOMP-0003-019,WOCOMP-0003-019,RESOLVED,2026-09-25T23:59:59-06:00,2026-09-26T08:00:00-06:00,2026-06-29T00:00:00-06:00,,1,,false,ACTIVE,EA,,VALID,CURRENT,coolit-synthetic-v2.0.0,ALL_SYNTHETIC_CUSTOMERS,ALL_SYNTHETIC_PROGRAMS,CFG-CPL-04,SYNTHETIC_INTERNAL,SNP-COOLIT-20260925-BL,SCN-BASELINE,WOCOMP-0003-019,WO-0003,BOMC-04-019,40,P-COMP-148,48,48,48,0,,LOT-P-COMP-148-A,EFFECTIVE
TEN-COOLIT-SYN-001,SITE-COOLIT-SYN-01,ERP,WORK_ORDER_COMPONENT,WOCOMP-0003-020,WOCOMP-0003-020,RESOLVED,2026-09-25T23:59:59-06:00,2026-09-26T08:00:00-06:00,2026-06-29T00:00:00-06:00,,1,,false,ACTIVE,EA,,VALID,CURRENT,coolit-synthetic-v2.0.0,ALL_SYNTHETIC_CUSTOMERS,ALL_SYNTHETIC_PROGRAMS,CFG-CPL-04,SYNTHETIC_INTERNAL,SNP-COOLIT-20260925-BL,SCN-BASELINE,WOCOMP-0003-020,WO-0003,BOMC-04-020,40,P-COMP-155,24,24,24,0,,LOT-P-COMP-155-A,EFFECTIVE
TEN-COOLIT-SYN-001,SITE-COOLIT-SYN-01,ERP,WORK_ORDER_COMPONENT,WOCOMP-0003-021,WOCOMP-0003-021,RESOLVED,2026-09-25T23:59:59-06:00,2026-09-26T08:00:00-06:00,2026-06-29T00:00:00-06:00,,1,,false,ACTIVE,EA,,VALID,CURRENT,coolit-synthetic-v2.0.0,ALL_SYNTHETIC_CUSTOMERS,ALL_SYNTHETIC_PROGRAMS,CFG-CPL-04,SYNTHETIC_INTERNAL,SNP-COOLIT-20260925-BL,SCN-BASELINE,WOCOMP-0003-021,WO-0003,BOMC-04-021,50,P-COMP-162,24,24,24,0,,LOT-P-COMP-162-A,EFFECTIVE
TEN-COOLIT-SYN-001,SITE-COOLIT-SYN-01,ERP,WORK_ORDER_COMPONENT,WOCOMP-0003-022,WOCOMP-0003-022,RESOLVED,2026-09-25T23:59:59-06:00,2026-09-26T08:00:00-06:00,2026-06-29T00:00:00-06:00,,1,,false,ACTIVE,EA,,VALID,CURRENT,coolit-synthetic-v2.0.0,ALL_SYNTHETIC_CUSTOMERS,ALL_SYNTHETIC_PROGRAMS,CFG-CPL-04,SYNTHETIC_INTERNAL,SNP-COOLIT-20260925-BL,SCN-BASELINE,WOCOMP-0003-022,WO-0003,BOMC-04-022,50,P-COMP-169,24,24,24,0,,LOT-P-COMP-169-A,EFFECTIVE
TEN-COOLIT-SYN-001,SITE-COOLIT-SYN-01,ERP,WORK_ORDER_COMPONENT,WOCOMP-0003-023,WOCOMP-0003-023,RESOLVED,2026-09-25T23:59:59-06:00,2026-09-26T08:00:00-06:00,2026-06-29T00:00:00-06:00,,1,,false,ACTIVE,EA,,VALID,CURRENT,coolit-synthetic-v2.0.0,ALL_SYNTHETIC_CUSTOMERS,ALL_SYNTHETIC_PROGRAMS,CFG-CPL-04,SYNTHETIC_INTERNAL,SNP-COOLIT-20260925-BL,SCN-BASELINE,WOCOMP-0003-023,WO-0003,BOMC-04-023,50,P-COMP-176,24,24,24,0,P-COMP-008,LOT-P-COMP-176-A,EFFECTIVE
TEN-COOLIT-SYN-001,SITE-COOLIT-SYN-01,ERP,WORK_ORDER_COMPONENT,WOCOMP-0003-024,WOCOMP-0003-024,RESOLVED,2026-09-25T23:59:59-06:00,2026-09-26T08:00:00-06:00,2026-06-29T00:00:00-06:00,,1,,false,ACTIVE,EA,,VALID,CURRENT,coolit-synthetic-v2.0.0,ALL_SYNTHETIC_CUSTOMERS,ALL_SYNTHETIC_PROGRAMS,CFG-CPL-04,SYNTHETIC_INTERNAL,SNP-COOLIT-20260925-BL,SCN-BASELINE,WOCOMP-0003-024,WO-0003,BOMC-04-024,50,P-COMP-183,24,24,24,0,,LOT-P-COMP-183-A,EFFECTIVE
TEN-COOLIT-SYN-001,SITE-COOLIT-SYN-01,ERP,WORK_ORDER_COMPONENT,WOCOMP-0003-025,WOCOMP-0003-025,RESOLVED,2026-09-25T23:59:59-06:00,2026-09-26T08:00:00-06:00,2026-06-29T00:00:00-06:00,,1,,false,ACTIVE,EA,,VALID,CURRENT,coolit-synthetic-v2.0.0,ALL_SYNTHETIC_CUSTOMERS,ALL_SYNTHETIC_PROGRAMS,CFG-CPL-04,SYNTHETIC_INTERNAL,SNP-COOLIT-20260925-BL,SCN-BASELINE,WOCOMP-0003-025,WO-0003,BOMC-04-025,50,P-COMP-190,24,24,24,0,,LOT-P-COMP-190-A,EFFECTIVE
TEN-COOLIT-SYN-001,SITE-COOLIT-SYN-01,ERP,WORK_ORDER_COMPONENT,WOCOMP-0003-026,WOCOMP-0003-026,RESOLVED,2026-09-25T23:59:59-06:00,2026-09-26T08:00:00-06:00,2026-06-29T00:00:00-06:00,,1,,false,ACTIVE,EA,,VALID,CURRENT,coolit-synthetic-v2.0.0,ALL_SYNTHETIC_CUSTOMERS,ALL_SYNTHETIC_PROGRAMS,CFG-CPL-04,SYNTHETIC_INTERNAL,SNP-COOLIT-20260925-BL,SCN-BASELINE,WOCOMP-0003-026,WO-0003,BOMC-04-026,60,P-COMP-197,24,24,24,0,,LOT-P-COMP-197-A,EFFECTIVE
TEN-COOLIT-SYN-001,SITE-COOLIT-SYN-01,ERP,WORK_ORDER_COMPONENT,WOCOMP-0003-027,WOCOMP-0003-027,RESOLVED,2026-09-25T23:59:59-06:00,2026-09-26T08:00:00-06:00,2026-06-29T00:00:00-06:00,,1,,false,ACTIVE,EA,,VALID,CURRENT,coolit-synthetic-v2.0.0,ALL_SYNTHETIC_CUSTOMERS,ALL_SYNTHETIC_PROGRAMS,CFG-CPL-04,SYNTHETIC_INTERNAL,SNP-COOLIT-20260925-BL,SCN-BASELINE,WOCOMP-0003-027,WO-0003,BOMC-04-027,60,P-COMP-204,24,24,24,0,,LOT-P-COMP-204-A,EFFECTIVE
TEN-COOLIT-SYN-001,SITE-COOLIT-SYN-01,ERP,WORK_ORDER_COMPONENT,WOCOMP-0003-028,WOCOMP-0003-028,RESOLVED,2026-09-25T23:59:59-06:00,2026-09-26T08:00:00-06:00,2026-06-29T00:00:00-06:00,,1,,false,ACTIVE,EA,,VALID,CURRENT,coolit-synthetic-v2.0.0,ALL_SYNTHETIC_CUSTOMERS,ALL_SYNTHETIC_PROGRAMS,CFG-CPL-04,SYNTHETIC_INTERNAL,SNP-COOLIT-20260925-BL,SCN-BASELINE,WOCOMP-0003-028,WO-0003,BOMC-04-028,60,P-QD-003,48,48,48,0,,LOT-P-QD-003-A,EFFECTIVE
TEN-COOLIT-SYN-001,SITE-COOLIT-SYN-01,ERP,WORK_ORDER_COMPONENT,WOCOMP-0003-029,WOCOMP-0003-029,RESOLVED,2026-09-25T23:59:59-06:00,2026-09-26T08:00:00-06:00,2026-06-29T00:00:00-06:00,,1,,false,ACTIVE,EA,,VALID,CURRENT,coolit-synthetic-v2.0.0,ALL_SYNTHETIC_CUSTOMERS,ALL_SYNTHETIC_PROGRAMS,CFG-CPL-04,SYNTHETIC_INTERNAL,SNP-COOLIT-20260925-BL,SCN-BASELINE,WOCOMP-0003-029,WO-0003,BOMC-04-029,60,P-QD-010,24,24,24,0,,LOT-P-QD-010-A,EFFECTIVE
TEN-COOLIT-SYN-001,SITE-COOLIT-SYN-01,ERP,WORK_ORDER_COMPONENT,WOCOMP-0003-030,WOCOMP-0003-030,RESOLVED,2026-09-25T23:59:59-06:00,2026-09-26T08:00:00-06:00,2026-06-29T00:00:00-06:00,,1,,false,ACTIVE,EA,,VALID,CURRENT,coolit-synthetic-v2.0.0,ALL_SYNTHETIC_CUSTOMERS,ALL_SYNTHETIC_PROGRAMS,CFG-CPL-04,SYNTHETIC_INTERNAL,SNP-COOLIT-20260925-BL,SCN-BASELINE,WOCOMP-0003-030,WO-0003,BOMC-04-030,60,P-PUMP-007,24,24,24,0,,LOT-P-PUMP-007-A,EFFECTIVE
TEN-COOLIT-SYN-001,SITE-COOLIT-SYN-01,ERP,WORK_ORDER_COMPONENT,WOCOMP-0004-001,WOCOMP-0004-001,RESOLVED,2026-09-25T23:59:59-06:00,2026-09-26T08:00:00-06:00,2026-06-29T00:00:00-06:00,,1,,false,ACTIVE,EA,,VALID,CURRENT,coolit-synthetic-v2.0.0,ALL_SYNTHETIC_CUSTOMERS,ALL_SYNTHETIC_PROGRAMS,CFG-CDU-03,SYNTHETIC_INTERNAL,SNP-COOLIT-20260925-BL,SCN-BASELINE,WOCOMP-0004-001,WO-0004,BOMC-11-001,10,P-COMP-141,60,60,60,0,P-PUMP-007,LOT-P-COMP-141-A,EFFECTIVE
TEN-COOLIT-SYN-001,SITE-COOLIT-SYN-01,ERP,WORK_ORDER_COMPONENT,WOCOMP-0004-002,WOCOMP-0004-002,RESOLVED,2026-09-25T23:59:59-06:00,2026-09-26T08:00:00-06:00,2026-06-29T00:00:00-06:00,,1,,false,ACTIVE,EA,,VALID,CURRENT,coolit-synthetic-v2.0.0,ALL_SYNTHETIC_CUSTOMERS,ALL_SYNTHETIC_PROGRAMS,CFG-CDU-03,SYNTHETIC_INTERNAL,SNP-COOLIT-20260925-BL,SCN-BASELINE,WOCOMP-0004-002,WO-0004,BOMC-11-002,10,P-COMP-148,30,30,30,0,,LOT-P-COMP-148-A,EFFECTIVE
TEN-COOLIT-SYN-001,SITE-COOLIT-SYN-01,ERP,WORK_ORDER_COMPONENT,WOCOMP-0004-003,WOCOMP-0004-003,RESOLVED,2026-09-25T23:59:59-06:00,2026-09-26T08:00:00-06:00,2026-06-29T00:00:00-06:00,,1,,false,ACTIVE,EA,,VALID,CURRENT,coolit-synthetic-v2.0.0,ALL_SYNTHETIC_CUSTOMERS,ALL_SYNTHETIC_PROGRAMS,CFG-CDU-03,SYNTHETIC_INTERNAL,SNP-COOLIT-20260925-BL,SCN-BASELINE,WOCOMP-0004-003,WO-0004,BOMC-11-003,10,P-COMP-155,30,30,30,0,,LOT-P-COMP-155-A,EFFECTIVE
TEN-COOLIT-SYN-001,SITE-COOLIT-SYN-01,ERP,WORK_ORDER_COMPONENT,WOCOMP-0004-004,WOCOMP-0004-004,RESOLVED,2026-09-25T23:59:59-06:00,2026-09-26T08:00:00-06:00,2026-06-29T00:00:00-06:00,,1,,false,ACTIVE,EA,,VALID,CURRENT,coolit-synthetic-v2.0.0,ALL_SYNTHETIC_CUSTOMERS,ALL_SYNTHETIC_PROGRAMS,CFG-CDU-03,SYNTHETIC_INTERNAL,SNP-COOLIT-20260925-BL,SCN-BASELINE,WOCOMP-0004-004,WO-0004,BOMC-11-004,10,P-COMP-162,30,30,30,0,,LOT-P-COMP-162-A,EFFECTIVE
TEN-COOLIT-SYN-001,SITE-COOLIT-SYN-01,ERP,WORK_ORDER_COMPONENT,WOCOMP-0004-005,WOCOMP-0004-005,RESOLVED,2026-09-25T23:59:59-06:00,2026-09-26T08:00:00-06:00,2026-06-29T00:00:00-06:00,,1,,false,ACTIVE,EA,,VALID,CURRENT,coolit-synthetic-v2.0.0,ALL_SYNTHETIC_CUSTOMERS,ALL_SYNTHETIC_PROGRAMS,CFG-CDU-03,SYNTHETIC_INTERNAL,SNP-COOLIT-20260925-BL,SCN-BASELINE,WOCOMP-0004-005,WO-0004,BOMC-11-005,10,P-COMP-169,30,30,30,0,,LOT-P-COMP-169-A,EFFECTIVE
TEN-COOLIT-SYN-001,SITE-COOLIT-SYN-01,ERP,WORK_ORDER_COMPONENT,WOCOMP-0004-006,WOCOMP-0004-006,RESOLVED,2026-09-25T23:59:59-06:00,2026-09-26T08:00:00-06:00,2026-06-29T00:00:00-06:00,,1,,false,ACTIVE,EA,,VALID,CURRENT,coolit-synthetic-v2.0.0,ALL_SYNTHETIC_CUSTOMERS,ALL_SYNTHETIC_PROGRAMS,CFG-CDU-03,SYNTHETIC_INTERNAL,SNP-COOLIT-20260925-BL,SCN-BASELINE,WOCOMP-0004-006,WO-0004,BOMC-11-006,20,P-COMP-176,30,30,30,0,,LOT-P-COMP-176-A,EFFECTIVE
TEN-COOLIT-SYN-001,SITE-COOLIT-SYN-01,ERP,WORK_ORDER_COMPONENT,WOCOMP-0004-007,WOCOMP-0004-007,RESOLVED,2026-09-25T23:59:59-06:00,2026-09-26T08:00:00-06:00,2026-06-29T00:00:00-06:00,,1,,false,ACTIVE,EA,,VALID,CURRENT,coolit-synthetic-v2.0.0,ALL_SYNTHETIC_CUSTOMERS,ALL_SYNTHETIC_PROGRAMS,CFG-CDU-03,SYNTHETIC_INTERNAL,SNP-COOLIT-20260925-BL,SCN-BASELINE,WOCOMP-0004-007,WO-0004,BOMC-11-007,20,P-COMP-183,30,30,30,0,,LOT-P-COMP-183-A,EFFECTIVE
TEN-COOLIT-SYN-001,SITE-COOLIT-SYN-01,ERP,WORK_ORDER_COMPONENT,WOCOMP-0004-008,WOCOMP-0004-008,RESOLVED,2026-09-25T23:59:59-06:00,2026-09-26T08:00:00-06:00,2026-06-29T00:00:00-06:00,,1,,false,ACTIVE,EA,,VALID,CURRENT,coolit-synthetic-v2.0.0,ALL_SYNTHETIC_CUSTOMERS,ALL_SYNTHETIC_PROGRAMS,CFG-CDU-03,SYNTHETIC_INTERNAL,SNP-COOLIT-20260925-BL,SCN-BASELINE,WOCOMP-0004-008,WO-0004,BOMC-11-008,20,P-COMP-190,30,30,30,0,,LOT-P-COMP-190-A,EFFECTIVE
TEN-COOLIT-SYN-001,SITE-COOLIT-SYN-01,ERP,WORK_ORDER_COMPONENT,WOCOMP-0004-009,WOCOMP-0004-009,RESOLVED,2026-09-25T23:59:59-06:00,2026-09-26T08:00:00-06:00,2026-06-29T00:00:00-06:00,,1,,false,ACTIVE,EA,,VALID,CURRENT,coolit-synthetic-v2.0.0,ALL_SYNTHETIC_CUSTOMERS,ALL_SYNTHETIC_PROGRAMS,CFG-CDU-03,SYNTHETIC_INTERNAL,SNP-COOLIT-20260925-BL,SCN-BASELINE,WOCOMP-0004-009,WO-0004,BOMC-11-009,20,P-COMP-197,30,30,30,0,,LOT-P-COMP-197-A,EFFECTIVE
TEN-COOLIT-SYN-001,SITE-COOLIT-SYN-01,ERP,WORK_ORDER_COMPONENT,WOCOMP-0004-010,WOCOMP-0004-010,RESOLVED,2026-09-25T23:59:59-06:00,2026-09-26T08:00:00-06:00,2026-06-29T00:00:00-06:00,,1,,false,ACTIVE,EA,,VALID,CURRENT,coolit-synthetic-v2.0.0,ALL_SYNTHETIC_CUSTOMERS,ALL_SYNTHETIC_PROGRAMS,CFG-CDU-03,SYNTHETIC_INTERNAL,SNP-COOLIT-20260925-BL,SCN-BASELINE,WOCOMP-0004-010,WO-0004,BOMC-11-010,20,P-COMP-204,60,60,60,0,,LOT-P-COMP-204-A,EFFECTIVE
TEN-COOLIT-SYN-001,SITE-COOLIT-SYN-01,ERP,WORK_ORDER_COMPONENT,WOCOMP-0004-011,WOCOMP-0004-011,RESOLVED,2026-09-25T23:59:59-06:00,2026-09-26T08:00:00-06:00,2026-06-29T00:00:00-06:00,,1,,false,ACTIVE,EA,,VALID,CURRENT,coolit-synthetic-v2.0.0,ALL_SYNTHETIC_CUSTOMERS,ALL_SYNTHETIC_PROGRAMS,CFG-CDU-03,SYNTHETIC_INTERNAL,SNP-COOLIT-20260925-BL,SCN-BASELINE,WOCOMP-0004-011,WO-0004,BOMC-11-011,30,P-QD-003,30,30,30,0,,LOT-P-QD-003-A,EFFECTIVE
TEN-COOLIT-SYN-001,SITE-COOLIT-SYN-01,ERP,WORK_ORDER_COMPONENT,WOCOMP-0004-012,WOCOMP-0004-012,RESOLVED,2026-09-25T23:59:59-06:00,2026-09-26T08:00:00-06:00,2026-06-29T00:00:00-06:00,,1,,false,ACTIVE,EA,,VALID,CURRENT,coolit-synthetic-v2.0.0,ALL_SYNTHETIC_CUSTOMERS,ALL_SYNTHETIC_PROGRAMS,CFG-CDU-03,SYNTHETIC_INTERNAL,SNP-COOLIT-20260925-BL,SCN-BASELINE,WOCOMP-0004-012,WO-0004,BOMC-11-012,30,P-QD-010,30,30,30,0,P-CTRL-004,LOT-P-QD-010-A,EFFECTIVE
TEN-COOLIT-SYN-001,SITE-COOLIT-SYN-01,ERP,WORK_ORDER_COMPONENT,WOCOMP-0004-013,WOCOMP-0004-013,RESOLVED,2026-09-25T23:59:59-06:00,2026-09-26T08:00:00-06:00,2026-06-29T00:00:00-06:00,,1,,false,ACTIVE,EA,,VALID,CURRENT,coolit-synthetic-v2.0.0,ALL_SYNTHETIC_CUSTOMERS,ALL_SYNTHETIC_PROGRAMS,CFG-CDU-03,SYNTHETIC_INTERNAL,SNP-COOLIT-20260925-BL,SCN-BASELINE,WOCOMP-0004-013,WO-0004,BOMC-11-013,30,P-PUMP-007,30,30,30,0,,LOT-P-PUMP-007-A,EFFECTIVE
TEN-COOLIT-SYN-001,SITE-COOLIT-SYN-01,ERP,WORK_ORDER_COMPONENT,WOCOMP-0004-014,WOCOMP-0004-014,RESOLVED,2026-09-25T23:59:59-06:00,2026-09-26T08:00:00-06:00,2026-06-29T00:00:00-06:00,,1,,false,ACTIVE,EA,,VALID,CURRENT,coolit-synthetic-v2.0.0,ALL_SYNTHETIC_CUSTOMERS,ALL_SYNTHETIC_PROGRAMS,CFG-CDU-03,SYNTHETIC_INTERNAL,SNP-COOLIT-20260925-BL,SCN-BASELINE,WOCOMP-0004-014,WO-0004,BOMC-11-014,30,P-HX-006,30,30,30,0,,LOT-P-HX-006-A,EFFECTIVE
TEN-COOLIT-SYN-001,SITE-COOLIT-SYN-01,ERP,WORK_ORDER_COMPONENT,WOCOMP-0004-015,WOCOMP-0004-015,RESOLVED,2026-09-25T23:59:59-06:00,2026-09-26T08:00:00-06:00,2026-06-29T00:00:00-06:00,,1,,false,ACTIVE,EA,,VALID,CURRENT,coolit-synthetic-v2.0.0,ALL_SYNTHETIC_CUSTOMERS,ALL_SYNTHETIC_PROGRAMS,CFG-CDU-03,SYNTHETIC_INTERNAL,SNP-COOLIT-20260925-BL,SCN-BASELINE,WOCOMP-0004-015,WO-0004,BOMC-11-015,30,P-COMP-001,30,30,30,0,,LOT-P-COMP-001-A,EFFECTIVE
TEN-COOLIT-SYN-001,SITE-COOLIT-SYN-01,ERP,WORK_ORDER_COMPONENT,WOCOMP-0004-016,WOCOMP-0004-016,RESOLVED,2026-09-25T23:59:59-06:00,2026-09-26T08:00:00-06:00,2026-06-29T00:00:00-06:00,,1,,false,ACTIVE,EA,,VALID,CURRENT,coolit-synthetic-v2.0.0,ALL_SYNTHETIC_CUSTOMERS,ALL_SYNTHETIC_PROGRAMS,CFG-CDU-03,SYNTHETIC_INTERNAL,SNP-COOLIT-20260925-BL,SCN-BASELINE,WOCOMP-0004-016,WO-0004,BOMC-11-016,40,P-COMP-008,30,30,30,0,,LOT-P-COMP-008-A,EFFECTIVE
TEN-COOLIT-SYN-001,SITE-COOLIT-SYN-01,ERP,WORK_ORDER_COMPONENT,WOCOMP-0004-017,WOCOMP-0004-017,RESOLVED,2026-09-25T23:59:59-06:00,2026-09-26T08:00:00-06:00,2026-06-29T00:00:00-06:00,,1,,false,ACTIVE,EA,,VALID,CURRENT,coolit-synthetic-v2.0.0,ALL_SYNTHETIC_CUSTOMERS,ALL_SYNTHETIC_PROGRAMS,CFG-CDU-03,SYNTHETIC_INTERNAL,SNP-COOLIT-20260925-BL,SCN-BASELINE,WOCOMP-0004-017,WO-0004,BOMC-11-017,40,P-COMP-015,30,30,30,0,,LOT-P-COMP-015-A,EFFECTIVE
TEN-COOLIT-SYN-001,SITE-COOLIT-SYN-01,ERP,WORK_ORDER_COMPONENT,WOCOMP-0004-018,WOCOMP-0004-018,RESOLVED,2026-09-25T23:59:59-06:00,2026-09-26T08:00:00-06:00,2026-06-29T00:00:00-06:00,,1,,false,ACTIVE,EA,,VALID,CURRENT,coolit-synthetic-v2.0.0,ALL_SYNTHETIC_CUSTOMERS,ALL_SYNTHETIC_PROGRAMS,CFG-CDU-03,SYNTHETIC_INTERNAL,SNP-COOLIT-20260925-BL,SCN-BASELINE,WOCOMP-0004-018,WO-0004,BOMC-11-018,40,P-COMP-022,30,30,30,0,,LOT-P-COMP-022-A,EFFECTIVE
TEN-COOLIT-SYN-001,SITE-COOLIT-SYN-01,ERP,WORK_ORDER_COMPONENT,WOCOMP-0004-019,WOCOMP-0004-019,RESOLVED,2026-09-25T23:59:59-06:00,2026-09-26T08:00:00-06:00,2026-06-29T00:00:00-06:00,,1,,false,ACTIVE,EA,,VALID,CURRENT,coolit-synthetic-v2.0.0,ALL_SYNTHETIC_CUSTOMERS,ALL_SYNTHETIC_PROGRAMS,CFG-CDU-03,SYNTHETIC_INTERNAL,SNP-COOLIT-20260925-BL,SCN-BASELINE,WOCOMP-0004-019,WO-0004,BOMC-11-019,40,P-COMP-029,60,60,60,0,,LOT-P-COMP-029-A,EFFECTIVE
TEN-COOLIT-SYN-001,SITE-COOLIT-SYN-01,ERP,WORK_ORDER_COMPONENT,WOCOMP-0004-020,WOCOMP-0004-020,RESOLVED,2026-09-25T23:59:59-06:00,2026-09-26T08:00:00-06:00,2026-06-29T00:00:00-06:00,,1,,false,ACTIVE,EA,,VALID,CURRENT,coolit-synthetic-v2.0.0,ALL_SYNTHETIC_CUSTOMERS,ALL_SYNTHETIC_PROGRAMS,CFG-CDU-03,SYNTHETIC_INTERNAL,SNP-COOLIT-20260925-BL,SCN-BASELINE,WOCOMP-0004-020,WO-0004,BOMC-11-020,40,P-COMP-036,30,30,30,0,,LOT-P-COMP-036-A,EFFECTIVE
TEN-COOLIT-SYN-001,SITE-COOLIT-SYN-01,ERP,WORK_ORDER_COMPONENT,WOCOMP-0004-021,WOCOMP-0004-021,RESOLVED,2026-09-25T23:59:59-06:00,2026-09-26T08:00:00-06:00,2026-06-29T00:00:00-06:00,,1,,false,ACTIVE,EA,,VALID,CURRENT,coolit-synthetic-v2.0.0,ALL_SYNTHETIC_CUSTOMERS,ALL_SYNTHETIC_PROGRAMS,CFG-CDU-03,SYNTHETIC_INTERNAL,SNP-COOLIT-20260925-BL,SCN-BASELINE,WOCOMP-0004-021,WO-0004,BOMC-11-021,50,P-COMP-043,30,30,30,0,,LOT-P-COMP-043-A,EFFECTIVE
TEN-COOLIT-SYN-001,SITE-COOLIT-SYN-01,ERP,WORK_ORDER_COMPONENT,WOCOMP-0004-022,WOCOMP-0004-022,RESOLVED,2026-09-25T23:59:59-06:00,2026-09-26T08:00:00-06:00,2026-06-29T00:00:00-06:00,,1,,false,ACTIVE,EA,,VALID,CURRENT,coolit-synthetic-v2.0.0,ALL_SYNTHETIC_CUSTOMERS,ALL_SYNTHETIC_PROGRAMS,CFG-CDU-03,SYNTHETIC_INTERNAL,SNP-COOLIT-20260925-BL,SCN-BASELINE,WOCOMP-0004-022,WO-0004,BOMC-11-022,50,P-COMP-050,30,30,30,0,,LOT-P-COMP-050-A,EFFECTIVE
TEN-COOLIT-SYN-001,SITE-COOLIT-SYN-01,ERP,WORK_ORDER_COMPONENT,WOCOMP-0004-023,WOCOMP-0004-023,RESOLVED,2026-09-25T23:59:59-06:00,2026-09-26T08:00:00-06:00,2026-06-29T00:00:00-06:00,,1,,false,ACTIVE,EA,,VALID,CURRENT,coolit-synthetic-v2.0.0,ALL_SYNTHETIC_CUSTOMERS,ALL_SYNTHETIC_PROGRAMS,CFG-CDU-03,SYNTHETIC_INTERNAL,SNP-COOLIT-20260925-BL,SCN-BASELINE,WOCOMP-0004-023,WO-0004,BOMC-11-023,50,P-COMP-057,30,30,30,0,P-COMP-009,LOT-P-COMP-057-A,EFFECTIVE
TEN-COOLIT-SYN-001,SITE-COOLIT-SYN-01,ERP,WORK_ORDER_COMPONENT,WOCOMP-0004-024,WOCOMP-0004-024,RESOLVED,2026-09-25T23:59:59-06:00,2026-09-26T08:00:00-06:00,2026-06-29T00:00:00-06:00,,1,,false,ACTIVE,EA,,VALID,CURRENT,coolit-synthetic-v2.0.0,ALL_SYNTHETIC_CUSTOMERS,ALL_SYNTHETIC_PROGRAMS,CFG-CDU-03,SYNTHETIC_INTERNAL,SNP-COOLIT-20260925-BL,SCN-BASELINE,WOCOMP-0004-024,WO-0004,BOMC-11-024,50,P-COMP-064,30,30,30,0,,LOT-P-COMP-064-A,EFFECTIVE
TEN-COOLIT-SYN-001,SITE-COOLIT-SYN-01,ERP,WORK_ORDER_COMPONENT,WOCOMP-0004-025,WOCOMP-0004-025,RESOLVED,2026-09-25T23:59:59-06:00,2026-09-26T08:00:00-06:00,2026-06-29T00:00:00-06:00,,1,,false,ACTIVE,EA,,VALID,CURRENT,coolit-synthetic-v2.0.0,ALL_SYNTHETIC_CUSTOMERS,ALL_SYNTHETIC_PROGRAMS,CFG-CDU-03,SYNTHETIC_INTERNAL,SNP-COOLIT-20260925-BL,SCN-BASELINE,WOCOMP-0004-025,WO-0004,BOMC-11-025,50,P-COMP-071,30,30,30,0,,LOT-P-COMP-071-A,EFFECTIVE
TEN-COOLIT-SYN-001,SITE-COOLIT-SYN-01,ERP,WORK_ORDER_COMPONENT,WOCOMP-0004-026,WOCOMP-0004-026,RESOLVED,2026-09-25T23:59:59-06:00,2026-09-26T08:00:00-06:00,2026-06-29T00:00:00-06:00,,1,,false,ACTIVE,EA,,VALID,CURRENT,coolit-synthetic-v2.0.0,ALL_SYNTHETIC_CUSTOMERS,ALL_SYNTHETIC_PROGRAMS,CFG-CDU-03,SYNTHETIC_INTERNAL,SNP-COOLIT-20260925-BL,SCN-BASELINE,WOCOMP-0004-026,WO-0004,BOMC-11-026,60,P-COMP-078,30,30,30,0,,LOT-P-COMP-078-A,EFFECTIVE
TEN-COOLIT-SYN-001,SITE-COOLIT-SYN-01,ERP,WORK_ORDER_COMPONENT,WOCOMP-0004-027,WOCOMP-0004-027,RESOLVED,2026-09-25T23:59:59-06:00,2026-09-26T08:00:00-06:00,2026-06-29T00:00:00-06:00,,1,,false,ACTIVE,EA,,VALID,CURRENT,coolit-synthetic-v2.0.0,ALL_SYNTHETIC_CUSTOMERS,ALL_SYNTHETIC_PROGRAMS,CFG-CDU-03,SYNTHETIC_INTERNAL,SNP-COOLIT-20260925-BL,SCN-BASELINE,WOCOMP-0004-027,WO-0004,BOMC-11-027,60,P-COMP-085,30,30,30,0,,LOT-P-COMP-085-A,EFFECTIVE
TEN-COOLIT-SYN-001,SITE-COOLIT-SYN-01,ERP,WORK_ORDER_COMPONENT,WOCOMP-0004-028,WOCOMP-0004-028,RESOLVED,2026-09-25T23:59:59-06:00,2026-09-26T08:00:00-06:00,2026-06-29T00:00:00-06:00,,1,,false,ACTIVE,EA,,VALID,CURRENT,coolit-synthetic-v2.0.0,ALL_SYNTHETIC_CUSTOMERS,ALL_SYNTHETIC_PROGRAMS,CFG-CDU-03,SYNTHETIC_INTERNAL,SNP-COOLIT-20260925-BL,SCN-BASELINE,WOCOMP-0004-028,WO-0004,BOMC-11-028,60,P-COMP-092,60,60,60,0,,LOT-P-COMP-092-A,EFFECTIVE
TEN-COOLIT-SYN-001,SITE-COOLIT-SYN-01,ERP,WORK_ORDER_COMPONENT,WOCOMP-0004-029,WOCOMP-0004-029,RESOLVED,2026-09-25T23:59:59-06:00,2026-09-26T08:00:00-06:00,2026-06-29T00:00:00-06:00,,1,,false,ACTIVE,EA,,VALID,CURRENT,coolit-synthetic-v2.0.0,ALL_SYNTHETIC_CUSTOMERS,ALL_SYNTHETIC_PROGRAMS,CFG-CDU-03,SYNTHETIC_INTERNAL,SNP-COOLIT-20260925-BL,SCN-BASELINE,WOCOMP-0004-029,WO-0004,BOMC-11-029,60,P-COMP-099,30,30,30,0,,LOT-P-COMP-099-A,EFFECTIVE
TEN-COOLIT-SYN-001,SITE-COOLIT-SYN-01,ERP,WORK_ORDER_COMPONENT,WOCOMP-0004-030,WOCOMP-0004-030,RESOLVED,2026-09-25T23:59:59-06:00,2026-09-26T08:00:00-06:00,2026-06-29T00:00:00-06:00,,1,,false,ACTIVE,EA,,VALID,CURRENT,coolit-synthetic-v2.0.0,ALL_SYNTHETIC_CUSTOMERS,ALL_SYNTHETIC_PROGRAMS,CFG-CDU-03,SYNTHETIC_INTERNAL,SNP-COOLIT-20260925-BL,SCN-BASELINE,WOCOMP-0004-030,WO-0004,BOMC-11-030,60,P-COMP-106,30,30,30,0,,LOT-P-COMP-106-A,EFFECTIVE
TEN-COOLIT-SYN-001,SITE-COOLIT-SYN-01,ERP,WORK_ORDER_COMPONENT,WOCOMP-0005-001,WOCOMP-0005-001,RESOLVED,2026-09-25T23:59:59-06:00,2026-09-26T08:00:00-06:00,2026-06-29T00:00:00-06:00,,1,,false,ACTIVE,EA,,VALID,CURRENT,coolit-synthetic-v2.0.0,ALL_SYNTHETIC_CUSTOMERS,ALL_SYNTHETIC_PROGRAMS,CFG-RM-02,SYNTHETIC_INTERNAL,SNP-COOLIT-20260925-BL,SCN-BASELINE,WOCOMP-0005-001,WO-0005,BOMC-06-001,10,P-COMP-056,72,72,72,0,P-PUMP-008,LOT-P-COMP-056-A,EFFECTIVE
TEN-COOLIT-SYN-001,SITE-COOLIT-SYN-01,ERP,WORK_ORDER_COMPONENT,WOCOMP-0005-002,WOCOMP-0005-002,RESOLVED,2026-09-25T23:59:59-06:00,2026-09-26T08:00:00-06:00,2026-06-29T00:00:00-06:00,,1,,false,ACTIVE,EA,,VALID,CURRENT,coolit-synthetic-v2.0.0,ALL_SYNTHETIC_CUSTOMERS,ALL_SYNTHETIC_PROGRAMS,CFG-RM-02,SYNTHETIC_INTERNAL,SNP-COOLIT-20260925-BL,SCN-BASELINE,WOCOMP-0005-002,WO-0005,BOMC-06-002,10,P-COMP-063,36,36,36,0,,LOT-P-COMP-063-A,EFFECTIVE
TEN-COOLIT-SYN-001,SITE-COOLIT-SYN-01,ERP,WORK_ORDER_COMPONENT,WOCOMP-0005-003,WOCOMP-0005-003,RESOLVED,2026-09-25T23:59:59-06:00,2026-09-26T08:00:00-06:00,2026-06-29T00:00:00-06:00,,1,,false,ACTIVE,EA,,VALID,CURRENT,coolit-synthetic-v2.0.0,ALL_SYNTHETIC_CUSTOMERS,ALL_SYNTHETIC_PROGRAMS,CFG-RM-02,SYNTHETIC_INTERNAL,SNP-COOLIT-20260925-BL,SCN-BASELINE,WOCOMP-0005-003,WO-0005,BOMC-06-003,10,P-COMP-070,36,36,36,0,,LOT-P-COMP-070-A,EFFECTIVE
TEN-COOLIT-SYN-001,SITE-COOLIT-SYN-01,ERP,WORK_ORDER_COMPONENT,WOCOMP-0005-004,WOCOMP-0005-004,RESOLVED,2026-09-25T23:59:59-06:00,2026-09-26T08:00:00-06:00,2026-06-29T00:00:00-06:00,,1,,false,ACTIVE,EA,,VALID,CURRENT,coolit-synthetic-v2.0.0,ALL_SYNTHETIC_CUSTOMERS,ALL_SYNTHETIC_PROGRAMS,CFG-RM-02,SYNTHETIC_INTERNAL,SNP-COOLIT-20260925-BL,SCN-BASELINE,WOCOMP-0005-004,WO-0005,BOMC-06-004,10,P-COMP-077,36,36,36,0,,LOT-P-COMP-077-A,EFFECTIVE
TEN-COOLIT-SYN-001,SITE-COOLIT-SYN-01,ERP,WORK_ORDER_COMPONENT,WOCOMP-0005-005,WOCOMP-0005-005,RESOLVED,2026-09-25T23:59:59-06:00,2026-09-26T08:00:00-06:00,2026-06-29T00:00:00-06:00,,1,,false,ACTIVE,EA,,VALID,CURRENT,coolit-synthetic-v2.0.0,ALL_SYNTHETIC_CUSTOMERS,ALL_SYNTHETIC_PROGRAMS,CFG-RM-02,SYNTHETIC_INTERNAL,SNP-COOLIT-20260925-BL,SCN-BASELINE,WOCOMP-0005-005,WO-0005,BOMC-06-005,10,P-COMP-084,36,36,36,0,,LOT-P-COMP-084-A,EFFECTIVE
TEN-COOLIT-SYN-001,SITE-COOLIT-SYN-01,ERP,WORK_ORDER_COMPONENT,WOCOMP-0005-006,WOCOMP-0005-006,RESOLVED,2026-09-25T23:59:59-06:00,2026-09-26T08:00:00-06:00,2026-06-29T00:00:00-06:00,,1,,false,ACTIVE,EA,,VALID,CURRENT,coolit-synthetic-v2.0.0,ALL_SYNTHETIC_CUSTOMERS,ALL_SYNTHETIC_PROGRAMS,CFG-RM-02,SYNTHETIC_INTERNAL,SNP-COOLIT-20260925-BL,SCN-BASELINE,WOCOMP-0005-006,WO-0005,BOMC-06-006,20,P-COMP-091,36,36,36,0,,LOT-P-COMP-091-A,EFFECTIVE
TEN-COOLIT-SYN-001,SITE-COOLIT-SYN-01,ERP,WORK_ORDER_COMPONENT,WOCOMP-0005-007,WOCOMP-0005-007,RESOLVED,2026-09-25T23:59:59-06:00,2026-09-26T08:00:00-06:00,2026-06-29T00:00:00-06:00,,1,,false,ACTIVE,EA,,VALID,CURRENT,coolit-synthetic-v2.0.0,ALL_SYNTHETIC_CUSTOMERS,ALL_SYNTHETIC_PROGRAMS,CFG-RM-02,SYNTHETIC_INTERNAL,SNP-COOLIT-20260925-BL,SCN-BASELINE,WOCOMP-0005-007,WO-0005,BOMC-06-007,20,P-COMP-098,36,36,36,0,,LOT-P-COMP-098-A,EFFECTIVE
TEN-COOLIT-SYN-001,SITE-COOLIT-SYN-01,ERP,WORK_ORDER_COMPONENT,WOCOMP-0005-008,WOCOMP-0005-008,RESOLVED,2026-09-25T23:59:59-06:00,2026-09-26T08:00:00-06:00,2026-06-29T00:00:00-06:00,,1,,false,ACTIVE,EA,,VALID,CURRENT,coolit-synthetic-v2.0.0,ALL_SYNTHETIC_CUSTOMERS,ALL_SYNTHETIC_PROGRAMS,CFG-RM-02,SYNTHETIC_INTERNAL,SNP-COOLIT-20260925-BL,SCN-BASELINE,WOCOMP-0005-008,WO-0005,BOMC-06-008,20,P-COMP-105,36,36,36,0,,LOT-P-COMP-105-A,EFFECTIVE
TEN-COOLIT-SYN-001,SITE-COOLIT-SYN-01,ERP,WORK_ORDER_COMPONENT,WOCOMP-0005-009,WOCOMP-0005-009,RESOLVED,2026-09-25T23:59:59-06:00,2026-09-26T08:00:00-06:00,2026-06-29T00:00:00-06:00,,1,,false,ACTIVE,EA,,VALID,CURRENT,coolit-synthetic-v2.0.0,ALL_SYNTHETIC_CUSTOMERS,ALL_SYNTHETIC_PROGRAMS,CFG-RM-02,SYNTHETIC_INTERNAL,SNP-COOLIT-20260925-BL,SCN-BASELINE,WOCOMP-0005-009,WO-0005,BOMC-06-009,20,P-COMP-112,36,36,36,0,,LOT-P-COMP-112-A,EFFECTIVE
TEN-COOLIT-SYN-001,SITE-COOLIT-SYN-01,ERP,WORK_ORDER_COMPONENT,WOCOMP-0005-010,WOCOMP-0005-010,RESOLVED,2026-09-25T23:59:59-06:00,2026-09-26T08:00:00-06:00,2026-06-29T00:00:00-06:00,,1,,false,ACTIVE,EA,,VALID,CURRENT,coolit-synthetic-v2.0.0,ALL_SYNTHETIC_CUSTOMERS,ALL_SYNTHETIC_PROGRAMS,CFG-RM-02,SYNTHETIC_INTERNAL,SNP-COOLIT-20260925-BL,SCN-BASELINE,WOCOMP-0005-010,WO-0005,BOMC-06-010,20,P-COMP-119,72,72,72,0,,LOT-P-COMP-119-A,EFFECTIVE
TEN-COOLIT-SYN-001,SITE-COOLIT-SYN-01,ERP,WORK_ORDER_COMPONENT,WOCOMP-0005-011,WOCOMP-0005-011,RESOLVED,2026-09-25T23:59:59-06:00,2026-09-26T08:00:00-06:00,2026-06-29T00:00:00-06:00,,1,,false,ACTIVE,EA,,VALID,CURRENT,coolit-synthetic-v2.0.0,ALL_SYNTHETIC_CUSTOMERS,ALL_SYNTHETIC_PROGRAMS,CFG-RM-02,SYNTHETIC_INTERNAL,SNP-COOLIT-20260925-BL,SCN-BASELINE,WOCOMP-0005-011,WO-0005,BOMC-06-011,30,P-COMP-126,36,36,36,0,,LOT-P-COMP-126-A,EFFECTIVE
TEN-COOLIT-SYN-001,SITE-COOLIT-SYN-01,ERP,WORK_ORDER_COMPONENT,WOCOMP-0005-012,WOCOMP-0005-012,RESOLVED,2026-09-25T23:59:59-06:00,2026-09-26T08:00:00-06:00,2026-06-29T00:00:00-06:00,,1,,false,ACTIVE,EA,,VALID,CURRENT,coolit-synthetic-v2.0.0,ALL_SYNTHETIC_CUSTOMERS,ALL_SYNTHETIC_PROGRAMS,CFG-RM-02,SYNTHETIC_INTERNAL,SNP-COOLIT-20260925-BL,SCN-BASELINE,WOCOMP-0005-012,WO-0005,BOMC-06-012,30,P-COMP-133,36,36,36,0,P-CTRL-005,LOT-P-COMP-133-A,EFFECTIVE
TEN-COOLIT-SYN-001,SITE-COOLIT-SYN-01,ERP,WORK_ORDER_COMPONENT,WOCOMP-0005-013,WOCOMP-0005-013,RESOLVED,2026-09-25T23:59:59-06:00,2026-09-26T08:00:00-06:00,2026-06-29T00:00:00-06:00,,1,,false,ACTIVE,EA,,VALID,CURRENT,coolit-synthetic-v2.0.0,ALL_SYNTHETIC_CUSTOMERS,ALL_SYNTHETIC_PROGRAMS,CFG-RM-02,SYNTHETIC_INTERNAL,SNP-COOLIT-20260925-BL,SCN-BASELINE,WOCOMP-0005-013,WO-0005,BOMC-06-013,30,P-COMP-140,36,36,36,0,,LOT-P-COMP-140-A,EFFECTIVE
TEN-COOLIT-SYN-001,SITE-COOLIT-SYN-01,ERP,WORK_ORDER_COMPONENT,WOCOMP-0005-014,WOCOMP-0005-014,RESOLVED,2026-09-25T23:59:59-06:00,2026-09-26T08:00:00-06:00,2026-06-29T00:00:00-06:00,,1,,false,ACTIVE,EA,,VALID,CURRENT,coolit-synthetic-v2.0.0,ALL_SYNTHETIC_CUSTOMERS,ALL_SYNTHETIC_PROGRAMS,CFG-RM-02,SYNTHETIC_INTERNAL,SNP-COOLIT-20260925-BL,SCN-BASELINE,WOCOMP-0005-014,WO-0005,BOMC-06-014,30,P-COMP-147,36,36,36,0,,LOT-P-COMP-147-A,EFFECTIVE
TEN-COOLIT-SYN-001,SITE-COOLIT-SYN-01,ERP,WORK_ORDER_COMPONENT,WOCOMP-0005-015,WOCOMP-0005-015,RESOLVED,2026-09-25T23:59:59-06:00,2026-09-26T08:00:00-06:00,2026-06-29T00:00:00-06:00,,1,,false,ACTIVE,EA,,VALID,CURRENT,coolit-synthetic-v2.0.0,ALL_SYNTHETIC_CUSTOMERS,ALL_SYNTHETIC_PROGRAMS,CFG-RM-02,SYNTHETIC_INTERNAL,SNP-COOLIT-20260925-BL,SCN-BASELINE,WOCOMP-0005-015,WO-0005,BOMC-06-015,30,P-COMP-154,36,36,36,0,,LOT-P-COMP-154-A,EFFECTIVE
TEN-COOLIT-SYN-001,SITE-COOLIT-SYN-01,ERP,WORK_ORDER_COMPONENT,WOCOMP-0005-016,WOCOMP-0005-016,RESOLVED,2026-09-25T23:59:59-06:00,2026-09-26T08:00:00-06:00,2026-06-29T00:00:00-06:00,,1,,false,ACTIVE,EA,,VALID,CURRENT,coolit-synthetic-v2.0.0,ALL_SYNTHETIC_CUSTOMERS,ALL_SYNTHETIC_PROGRAMS,CFG-RM-02,SYNTHETIC_INTERNAL,SNP-COOLIT-20260925-BL,SCN-BASELINE,WOCOMP-0005-016,WO-0005,BOMC-06-016,40,P-COMP-161,36,36,36,0,,LOT-P-COMP-161-A,EFFECTIVE
TEN-COOLIT-SYN-001,SITE-COOLIT-SYN-01,ERP,WORK_ORDER_COMPONENT,WOCOMP-0005-017,WOCOMP-0005-017,RESOLVED,2026-09-25T23:59:59-06:00,2026-09-26T08:00:00-06:00,2026-06-29T00:00:00-06:00,,1,,false,ACTIVE,EA,,VALID,CURRENT,coolit-synthetic-v2.0.0,ALL_SYNTHETIC_CUSTOMERS,ALL_SYNTHETIC_PROGRAMS,CFG-RM-02,SYNTHETIC_INTERNAL,SNP-COOLIT-20260925-BL,SCN-BASELINE,WOCOMP-0005-017,WO-0005,BOMC-06-017,40,P-COMP-168,36,36,36,0,,LOT-P-COMP-168-A,EFFECTIVE
TEN-COOLIT-SYN-001,SITE-COOLIT-SYN-01,ERP,WORK_ORDER_COMPONENT,WOCOMP-0005-018,WOCOMP-0005-018,RESOLVED,2026-09-25T23:59:59-06:00,2026-09-26T08:00:00-06:00,2026-06-29T00:00:00-06:00,,1,,false,ACTIVE,EA,,VALID,CURRENT,coolit-synthetic-v2.0.0,ALL_SYNTHETIC_CUSTOMERS,ALL_SYNTHETIC_PROGRAMS,CFG-RM-02,SYNTHETIC_INTERNAL,SNP-COOLIT-20260925-BL,SCN-BASELINE,WOCOMP-0005-018,WO-0005,BOMC-06-018,40,P-COMP-175,36,36,36,0,,LOT-P-COMP-175-A,EFFECTIVE
TEN-COOLIT-SYN-001,SITE-COOLIT-SYN-01,ERP,WORK_ORDER_COMPONENT,WOCOMP-0005-019,WOCOMP-0005-019,RESOLVED,2026-09-25T23:59:59-06:00,2026-09-26T08:00:00-06:00,2026-06-29T00:00:00-06:00,,1,,false,ACTIVE,EA,,VALID,CURRENT,coolit-synthetic-v2.0.0,ALL_SYNTHETIC_CUSTOMERS,ALL_SYNTHETIC_PROGRAMS,CFG-RM-02,SYNTHETIC_INTERNAL,SNP-COOLIT-20260925-BL,SCN-BASELINE,WOCOMP-0005-019,WO-0005,BOMC-06-019,40,P-COMP-182,72,72,72,0,,LOT-P-COMP-182-A,EFFECTIVE
TEN-COOLIT-SYN-001,SITE-COOLIT-SYN-01,ERP,WORK_ORDER_COMPONENT,WOCOMP-0005-020,WOCOMP-0005-020,RESOLVED,2026-09-25T23:59:59-06:00,2026-09-26T08:00:00-06:00,2026-06-29T00:00:00-06:00,,1,,false,ACTIVE,EA,,VALID,CURRENT,coolit-synthetic-v2.0.0,ALL_SYNTHETIC_CUSTOMERS,ALL_SYNTHETIC_PROGRAMS,CFG-RM-02,SYNTHETIC_INTERNAL,SNP-COOLIT-20260925-BL,SCN-BASELINE,WOCOMP-0005-020,WO-0005,BOMC-06-020,40,P-COMP-189,36,36,36,0,,LOT-P-COMP-189-A,EFFECTIVE
TEN-COOLIT-SYN-001,SITE-COOLIT-SYN-01,ERP,WORK_ORDER_COMPONENT,WOCOMP-0005-021,WOCOMP-0005-021,RESOLVED,2026-09-25T23:59:59-06:00,2026-09-26T08:00:00-06:00,2026-06-29T00:00:00-06:00,,1,,false,ACTIVE,EA,,VALID,CURRENT,coolit-synthetic-v2.0.0,ALL_SYNTHETIC_CUSTOMERS,ALL_SYNTHETIC_PROGRAMS,CFG-RM-02,SYNTHETIC_INTERNAL,SNP-COOLIT-20260925-BL,SCN-BASELINE,WOCOMP-0005-021,WO-0005,BOMC-06-021,50,P-COMP-196,36,36,36,0,,LOT-P-COMP-196-A,EFFECTIVE
TEN-COOLIT-SYN-001,SITE-COOLIT-SYN-01,ERP,WORK_ORDER_COMPONENT,WOCOMP-0005-022,WOCOMP-0005-022,RESOLVED,2026-09-25T23:59:59-06:00,2026-09-26T08:00:00-06:00,2026-06-29T00:00:00-06:00,,1,,false,ACTIVE,EA,,VALID,CURRENT,coolit-synthetic-v2.0.0,ALL_SYNTHETIC_CUSTOMERS,ALL_SYNTHETIC_PROGRAMS,CFG-RM-02,SYNTHETIC_INTERNAL,SNP-COOLIT-20260925-BL,SCN-BASELINE,WOCOMP-0005-022,WO-0005,BOMC-06-022,50,P-COMP-203,36,36,36,0,,LOT-P-COMP-203-A,EFFECTIVE
TEN-COOLIT-SYN-001,SITE-COOLIT-SYN-01,ERP,WORK_ORDER_COMPONENT,WOCOMP-0005-023,WOCOMP-0005-023,RESOLVED,2026-09-25T23:59:59-06:00,2026-09-26T08:00:00-06:00,2026-06-29T00:00:00-06:00,,1,,false,ACTIVE,EA,,VALID,CURRENT,coolit-synthetic-v2.0.0,ALL_SYNTHETIC_CUSTOMERS,ALL_SYNTHETIC_PROGRAMS,CFG-RM-02,SYNTHETIC_INTERNAL,SNP-COOLIT-20260925-BL,SCN-BASELINE,WOCOMP-0005-023,WO-0005,BOMC-06-023,50,P-QD-002,36,36,36,0,P-COMP-010,LOT-P-QD-002-A,EFFECTIVE
TEN-COOLIT-SYN-001,SITE-COOLIT-SYN-01,ERP,WORK_ORDER_COMPONENT,WOCOMP-0005-024,WOCOMP-0005-024,RESOLVED,2026-09-25T23:59:59-06:00,2026-09-26T08:00:00-06:00,2026-06-29T00:00:00-06:00,,1,,false,ACTIVE,EA,,VALID,CURRENT,coolit-synthetic-v2.0.0,ALL_SYNTHETIC_CUSTOMERS,ALL_SYNTHETIC_PROGRAMS,CFG-RM-02,SYNTHETIC_INTERNAL,SNP-COOLIT-20260925-BL,SCN-BASELINE,WOCOMP-0005-024,WO-0005,BOMC-06-024,50,P-QD-009,36,36,36,0,,LOT-P-QD-009-A,EFFECTIVE
TEN-COOLIT-SYN-001,SITE-COOLIT-SYN-01,ERP,WORK_ORDER_COMPONENT,WOCOMP-0005-025,WOCOMP-0005-025,RESOLVED,2026-09-25T23:59:59-06:00,2026-09-26T08:00:00-06:00,2026-06-29T00:00:00-06:00,,1,,false,ACTIVE,EA,,VALID,CURRENT,coolit-synthetic-v2.0.0,ALL_SYNTHETIC_CUSTOMERS,ALL_SYNTHETIC_PROGRAMS,CFG-RM-02,SYNTHETIC_INTERNAL,SNP-COOLIT-20260925-BL,SCN-BASELINE,WOCOMP-0005-025,WO-0005,BOMC-06-025,50,P-PUMP-006,36,36,36,0,,LOT-P-PUMP-006-A,EFFECTIVE
TEN-COOLIT-SYN-001,SITE-COOLIT-SYN-01,ERP,WORK_ORDER_COMPONENT,WOCOMP-0005-026,WOCOMP-0005-026,RESOLVED,2026-09-25T23:59:59-06:00,2026-09-26T08:00:00-06:00,2026-06-29T00:00:00-06:00,,1,,false,ACTIVE,EA,,VALID,CURRENT,coolit-synthetic-v2.0.0,ALL_SYNTHETIC_CUSTOMERS,ALL_SYNTHETIC_PROGRAMS,CFG-RM-02,SYNTHETIC_INTERNAL,SNP-COOLIT-20260925-BL,SCN-BASELINE,WOCOMP-0005-026,WO-0005,BOMC-06-026,60,P-HX-005,36,36,36,0,,LOT-P-HX-005-A,EFFECTIVE
TEN-COOLIT-SYN-001,SITE-COOLIT-SYN-01,ERP,WORK_ORDER_COMPONENT,WOCOMP-0005-027,WOCOMP-0005-027,RESOLVED,2026-09-25T23:59:59-06:00,2026-09-26T08:00:00-06:00,2026-06-29T00:00:00-06:00,,1,,false,ACTIVE,EA,,VALID,CURRENT,coolit-synthetic-v2.0.0,ALL_SYNTHETIC_CUSTOMERS,ALL_SYNTHETIC_PROGRAMS,CFG-RM-02,SYNTHETIC_INTERNAL,SNP-COOLIT-20260925-BL,SCN-BASELINE,WOCOMP-0005-027,WO-0005,BOMC-06-027,60,P-CTRL-006,36,36,36,0,,LOT-P-CTRL-006-A,EFFECTIVE
TEN-COOLIT-SYN-001,SITE-COOLIT-SYN-01,ERP,WORK_ORDER_COMPONENT,WOCOMP-0005-028,WOCOMP-0005-028,RESOLVED,2026-09-25T23:59:59-06:00,2026-09-26T08:00:00-06:00,2026-06-29T00:00:00-06:00,,1,,false,ACTIVE,EA,,VALID,CURRENT,coolit-synthetic-v2.0.0,ALL_SYNTHETIC_CUSTOMERS,ALL_SYNTHETIC_PROGRAMS,CFG-RM-02,SYNTHETIC_INTERNAL,SNP-COOLIT-20260925-BL,SCN-BASELINE,WOCOMP-0005-028,WO-0005,BOMC-06-028,60,P-COMP-007,72,72,72,0,,LOT-P-COMP-007-A,EFFECTIVE
TEN-COOLIT-SYN-001,SITE-COOLIT-SYN-01,ERP,WORK_ORDER_COMPONENT,WOCOMP-0005-029,WOCOMP-0005-029,RESOLVED,2026-09-25T23:59:59-06:00,2026-09-26T08:00:00-06:00,2026-06-29T00:00:00-06:00,,1,,false,ACTIVE,EA,,VALID,CURRENT,coolit-synthetic-v2.0.0,ALL_SYNTHETIC_CUSTOMERS,ALL_SYNTHETIC_PROGRAMS,CFG-RM-02,SYNTHETIC_INTERNAL,SNP-COOLIT-20260925-BL,SCN-BASELINE,WOCOMP-0005-029,WO-0005,BOMC-06-029,60,P-COMP-014,36,36,36,0,,LOT-P-COMP-014-A,EFFECTIVE
TEN-COOLIT-SYN-001,SITE-COOLIT-SYN-01,ERP,WORK_ORDER_COMPONENT,WOCOMP-0005-030,WOCOMP-0005-030,RESOLVED,2026-09-25T23:59:59-06:00,2026-09-26T08:00:00-06:00,2026-06-29T00:00:00-06:00,,1,,false,ACTIVE,EA,,VALID,CURRENT,coolit-synthetic-v2.0.0,ALL_SYNTHETIC_CUSTOMERS,ALL_SYNTHETIC_PROGRAMS,CFG-RM-02,SYNTHETIC_INTERNAL,SNP-COOLIT-20260925-BL,SCN-BASELINE,WOCOMP-0005-030,WO-0005,BOMC-06-030,60,P-COMP-021,36,36,36,0,,LOT-P-COMP-021-A,EFFECTIVE
TEN-COOLIT-SYN-001,SITE-COOLIT-SYN-01,ERP,WORK_ORDER_COMPONENT,WOCOMP-0006-001,WOCOMP-0006-001,RESOLVED,2026-09-25T23:59:59-06:00,2026-09-26T08:00:00-06:00,2026-06-29T00:00:00-06:00,,1,,false,ACTIVE,EA,,VALID,CURRENT,coolit-synthetic-v2.0.0,ALL_SYNTHETIC_CUSTOMERS,ALL_SYNTHETIC_PROGRAMS,CFG-CPL-01,SYNTHETIC_INTERNAL,SNP-COOLIT-20260925-BL,SCN-BASELINE,WOCOMP-0006-001,WO-0006,BOMC-01-001,10,P-QD-001,84,84,84,0,P-HX-001,LOT-P-QD-001-A,EFFECTIVE
TEN-COOLIT-SYN-001,SITE-COOLIT-SYN-01,ERP,WORK_ORDER_COMPONENT,WOCOMP-0006-002,WOCOMP-0006-002,RESOLVED,2026-09-25T23:59:59-06:00,2026-09-26T08:00:00-06:00,2026-06-29T00:00:00-06:00,,1,,false,ACTIVE,EA,,VALID,CURRENT,coolit-synthetic-v2.0.0,ALL_SYNTHETIC_CUSTOMERS,ALL_SYNTHETIC_PROGRAMS,CFG-CPL-01,SYNTHETIC_INTERNAL,SNP-COOLIT-20260925-BL,SCN-BASELINE,WOCOMP-0006-002,WO-0006,BOMC-01-002,10,P-QD-008,42,42,42,0,,LOT-P-QD-008-A,EFFECTIVE
TEN-COOLIT-SYN-001,SITE-COOLIT-SYN-01,ERP,WORK_ORDER_COMPONENT,WOCOMP-0006-003,WOCOMP-0006-003,RESOLVED,2026-09-25T23:59:59-06:00,2026-09-26T08:00:00-06:00,2026-06-29T00:00:00-06:00,,1,,false,ACTIVE,EA,,VALID,CURRENT,coolit-synthetic-v2.0.0,ALL_SYNTHETIC_CUSTOMERS,ALL_SYNTHETIC_PROGRAMS,CFG-CPL-01,SYNTHETIC_INTERNAL,SNP-COOLIT-20260925-BL,SCN-BASELINE,WOCOMP-0006-003,WO-0006,BOMC-01-003,10,P-PUMP-005,42,42,42,0,,LOT-P-PUMP-005-A,EFFECTIVE
TEN-COOLIT-SYN-001,SITE-COOLIT-SYN-01,ERP,WORK_ORDER_COMPONENT,WOCOMP-0006-004,WOCOMP-0006-004,RESOLVED,2026-09-25T23:59:59-06:00,2026-09-26T08:00:00-06:00,2026-06-29T00:00:00-06:00,,1,,false,ACTIVE,EA,,VALID,CURRENT,coolit-synthetic-v2.0.0,ALL_SYNTHETIC_CUSTOMERS,ALL_SYNTHETIC_PROGRAMS,CFG-CPL-01,SYNTHETIC_INTERNAL,SNP-COOLIT-20260925-BL,SCN-BASELINE,WOCOMP-0006-004,WO-0006,BOMC-01-004,10,P-HX-004,42,42,42,0,,LOT-P-HX-004-A,EFFECTIVE
TEN-COOLIT-SYN-001,SITE-COOLIT-SYN-01,ERP,WORK_ORDER_COMPONENT,WOCOMP-0006-005,WOCOMP-0006-005,RESOLVED,2026-09-25T23:59:59-06:00,2026-09-26T08:00:00-06:00,2026-06-29T00:00:00-06:00,,1,,false,ACTIVE,EA,,VALID,CURRENT,coolit-synthetic-v2.0.0,ALL_SYNTHETIC_CUSTOMERS,ALL_SYNTHETIC_PROGRAMS,CFG-CPL-01,SYNTHETIC_INTERNAL,SNP-COOLIT-20260925-BL,SCN-BASELINE,WOCOMP-0006-005,WO-0006,BOMC-01-005,10,P-CTRL-005,42,42,42,0,,LOT-P-CTRL-005-A,EFFECTIVE
TEN-COOLIT-SYN-001,SITE-COOLIT-SYN-01,ERP,WORK_ORDER_COMPONENT,WOCOMP-0006-006,WOCOMP-0006-006,RESOLVED,2026-09-25T23:59:59-06:00,2026-09-26T08:00:00-06:00,2026-06-29T00:00:00-06:00,,1,,false,ACTIVE,EA,,VALID,CURRENT,coolit-synthetic-v2.0.0,ALL_SYNTHETIC_CUSTOMERS,ALL_SYNTHETIC_PROGRAMS,CFG-CPL-01,SYNTHETIC_INTERNAL,SNP-COOLIT-20260925-BL,SCN-BASELINE,WOCOMP-0006-006,WO-0006,BOMC-01-006,20,P-COMP-006,42,42,42,0,,LOT-P-COMP-006-A,EFFECTIVE
TEN-COOLIT-SYN-001,SITE-COOLIT-SYN-01,ERP,WORK_ORDER_COMPONENT,WOCOMP-0006-007,WOCOMP-0006-007,RESOLVED,2026-09-25T23:59:59-06:00,2026-09-26T08:00:00-06:00,2026-06-29T00:00:00-06:00,,1,,false,ACTIVE,EA,,VALID,CURRENT,coolit-synthetic-v2.0.0,ALL_SYNTHETIC_CUSTOMERS,ALL_SYNTHETIC_PROGRAMS,CFG-CPL-01,SYNTHETIC_INTERNAL,SNP-COOLIT-20260925-BL,SCN-BASELINE,WOCOMP-0006-007,WO-0006,BOMC-01-007,20,P-COMP-013,42,42,42,0,,LOT-P-COMP-013-A,EFFECTIVE
TEN-COOLIT-SYN-001,SITE-COOLIT-SYN-01,ERP,WORK_ORDER_COMPONENT,WOCOMP-0006-008,WOCOMP-0006-008,RESOLVED,2026-09-25T23:59:59-06:00,2026-09-26T08:00:00-06:00,2026-06-29T00:00:00-06:00,,1,,false,ACTIVE,EA,,VALID,CURRENT,coolit-synthetic-v2.0.0,ALL_SYNTHETIC_CUSTOMERS,ALL_SYNTHETIC_PROGRAMS,CFG-CPL-01,SYNTHETIC_INTERNAL,SNP-COOLIT-20260925-BL,SCN-BASELINE,WOCOMP-0006-008,WO-0006,BOMC-01-008,20,P-COMP-020,42,42,42,0,,LOT-P-COMP-020-A,EFFECTIVE
TEN-COOLIT-SYN-001,SITE-COOLIT-SYN-01,ERP,WORK_ORDER_COMPONENT,WOCOMP-0006-009,WOCOMP-0006-009,RESOLVED,2026-09-25T23:59:59-06:00,2026-09-26T08:00:00-06:00,2026-06-29T00:00:00-06:00,,1,,false,ACTIVE,EA,,VALID,CURRENT,coolit-synthetic-v2.0.0,ALL_SYNTHETIC_CUSTOMERS,ALL_SYNTHETIC_PROGRAMS,CFG-CPL-01,SYNTHETIC_INTERNAL,SNP-COOLIT-20260925-BL,SCN-BASELINE,WOCOMP-0006-009,WO-0006,BOMC-01-009,20,P-COMP-027,42,42,42,0,,LOT-P-COMP-027-A,EFFECTIVE
TEN-COOLIT-SYN-001,SITE-COOLIT-SYN-01,ERP,WORK_ORDER_COMPONENT,WOCOMP-0006-010,WOCOMP-0006-010,RESOLVED,2026-09-25T23:59:59-06:00,2026-09-26T08:00:00-06:00,2026-06-29T00:00:00-06:00,,1,,false,ACTIVE,EA,,VALID,CURRENT,coolit-synthetic-v2.0.0,ALL_SYNTHETIC_CUSTOMERS,ALL_SYNTHETIC_PROGRAMS,CFG-CPL-01,SYNTHETIC_INTERNAL,SNP-COOLIT-20260925-BL,SCN-BASELINE,WOCOMP-0006-010,WO-0006,BOMC-01-010,20,P-COMP-034,84,84,84,0,,LOT-P-COMP-034-A,EFFECTIVE
TEN-COOLIT-SYN-001,SITE-COOLIT-SYN-01,ERP,WORK_ORDER_COMPONENT,WOCOMP-0006-011,WOCOMP-0006-011,RESOLVED,2026-09-25T23:59:59-06:00,2026-09-26T08:00:00-06:00,2026-06-29T00:00:00-06:00,,1,,false,ACTIVE,EA,,VALID,CURRENT,coolit-synthetic-v2.0.0,ALL_SYNTHETIC_CUSTOMERS,ALL_SYNTHETIC_PROGRAMS,CFG-CPL-01,SYNTHETIC_INTERNAL,SNP-COOLIT-20260925-BL,SCN-BASELINE,WOCOMP-0006-011,WO-0006,BOMC-01-011,30,P-COMP-041,42,42,42,0,,LOT-P-COMP-041-A,EFFECTIVE
TEN-COOLIT-SYN-001,SITE-COOLIT-SYN-01,ERP,WORK_ORDER_COMPONENT,WOCOMP-0006-012,WOCOMP-0006-012,RESOLVED,2026-09-25T23:59:59-06:00,2026-09-26T08:00:00-06:00,2026-06-29T00:00:00-06:00,,1,,false,ACTIVE,EA,,VALID,CURRENT,coolit-synthetic-v2.0.0,ALL_SYNTHETIC_CUSTOMERS,ALL_SYNTHETIC_PROGRAMS,CFG-CPL-01,SYNTHETIC_INTERNAL,SNP-COOLIT-20260925-BL,SCN-BASELINE,WOCOMP-0006-012,WO-0006,BOMC-01-012,30,P-COMP-048,42,42,42,0,P-CTRL-006,LOT-P-COMP-048-A,EFFECTIVE
TEN-COOLIT-SYN-001,SITE-COOLIT-SYN-01,ERP,WORK_ORDER_COMPONENT,WOCOMP-0006-013,WOCOMP-0006-013,RESOLVED,2026-09-25T23:59:59-06:00,2026-09-26T08:00:00-06:00,2026-06-29T00:00:00-06:00,,1,,false,ACTIVE,EA,,VALID,CURRENT,coolit-synthetic-v2.0.0,ALL_SYNTHETIC_CUSTOMERS,ALL_SYNTHETIC_PROGRAMS,CFG-CPL-01,SYNTHETIC_INTERNAL,SNP-COOLIT-20260925-BL,SCN-BASELINE,WOCOMP-0006-013,WO-0006,BOMC-01-013,30,P-COMP-055,42,42,42,0,,LOT-P-COMP-055-A,EFFECTIVE
TEN-COOLIT-SYN-001,SITE-COOLIT-SYN-01,ERP,WORK_ORDER_COMPONENT,WOCOMP-0006-014,WOCOMP-0006-014,RESOLVED,2026-09-25T23:59:59-06:00,2026-09-26T08:00:00-06:00,2026-06-29T00:00:00-06:00,,1,,false,ACTIVE,EA,,VALID,CURRENT,coolit-synthetic-v2.0.0,ALL_SYNTHETIC_CUSTOMERS,ALL_SYNTHETIC_PROGRAMS,CFG-CPL-01,SYNTHETIC_INTERNAL,SNP-COOLIT-20260925-BL,SCN-BASELINE,WOCOMP-0006-014,WO-0006,BOMC-01-014,30,P-COMP-062,42,42,42,0,,LOT-P-COMP-062-A,EFFECTIVE
TEN-COOLIT-SYN-001,SITE-COOLIT-SYN-01,ERP,WORK_ORDER_COMPONENT,WOCOMP-0006-015,WOCOMP-0006-015,RESOLVED,2026-09-25T23:59:59-06:00,2026-09-26T08:00:00-06:00,2026-06-29T00:00:00-06:00,,1,,false,ACTIVE,EA,,VALID,CURRENT,coolit-synthetic-v2.0.0,ALL_SYNTHETIC_CUSTOMERS,ALL_SYNTHETIC_PROGRAMS,CFG-CPL-01,SYNTHETIC_INTERNAL,SNP-COOLIT-20260925-BL,SCN-BASELINE,WOCOMP-0006-015,WO-0006,BOMC-01-015,30,P-COMP-069,42,42,42,0,,LOT-P-COMP-069-A,EFFECTIVE
TEN-COOLIT-SYN-001,SITE-COOLIT-SYN-01,ERP,WORK_ORDER_COMPONENT,WOCOMP-0006-016,WOCOMP-0006-016,RESOLVED,2026-09-25T23:59:59-06:00,2026-09-26T08:00:00-06:00,2026-06-29T00:00:00-06:00,,1,,false,ACTIVE,EA,,VALID,CURRENT,coolit-synthetic-v2.0.0,ALL_SYNTHETIC_CUSTOMERS,ALL_SYNTHETIC_PROGRAMS,CFG-CPL-01,SYNTHETIC_INTERNAL,SNP-COOLIT-20260925-BL,SCN-BASELINE,WOCOMP-0006-016,WO-0006,BOMC-01-016,40,P-COMP-076,42,42,42,0,,LOT-P-COMP-076-A,EFFECTIVE
TEN-COOLIT-SYN-001,SITE-COOLIT-SYN-01,ERP,WORK_ORDER_COMPONENT,WOCOMP-0006-017,WOCOMP-0006-017,RESOLVED,2026-09-25T23:59:59-06:00,2026-09-26T08:00:00-06:00,2026-06-29T00:00:00-06:00,,1,,false,ACTIVE,EA,,VALID,CURRENT,coolit-synthetic-v2.0.0,ALL_SYNTHETIC_CUSTOMERS,ALL_SYNTHETIC_PROGRAMS,CFG-CPL-01,SYNTHETIC_INTERNAL,SNP-COOLIT-20260925-BL,SCN-BASELINE,WOCOMP-0006-017,WO-0006,BOMC-01-017,40,P-COMP-083,42,42,42,0,,LOT-P-COMP-083-A,EFFECTIVE
TEN-COOLIT-SYN-001,SITE-COOLIT-SYN-01,ERP,WORK_ORDER_COMPONENT,WOCOMP-0006-018,WOCOMP-0006-018,RESOLVED,2026-09-25T23:59:59-06:00,2026-09-26T08:00:00-06:00,2026-06-29T00:00:00-06:00,,1,,false,ACTIVE,EA,,VALID,CURRENT,coolit-synthetic-v2.0.0,ALL_SYNTHETIC_CUSTOMERS,ALL_SYNTHETIC_PROGRAMS,CFG-CPL-01,SYNTHETIC_INTERNAL,SNP-COOLIT-20260925-BL,SCN-BASELINE,WOCOMP-0006-018,WO-0006,BOMC-01-018,40,P-COMP-090,42,42,42,0,,LOT-P-COMP-090-A,EFFECTIVE
TEN-COOLIT-SYN-001,SITE-COOLIT-SYN-01,ERP,WORK_ORDER_COMPONENT,WOCOMP-0006-019,WOCOMP-0006-019,RESOLVED,2026-09-25T23:59:59-06:00,2026-09-26T08:00:00-06:00,2026-06-29T00:00:00-06:00,,1,,false,ACTIVE,EA,,VALID,CURRENT,coolit-synthetic-v2.0.0,ALL_SYNTHETIC_CUSTOMERS,ALL_SYNTHETIC_PROGRAMS,CFG-CPL-01,SYNTHETIC_INTERNAL,SNP-COOLIT-20260925-BL,SCN-BASELINE,WOCOMP-0006-019,WO-0006,BOMC-01-019,40,P-COMP-097,84,84,84,0,,LOT-P-COMP-097-A,EFFECTIVE
TEN-COOLIT-SYN-001,SITE-COOLIT-SYN-01,ERP,WORK_ORDER_COMPONENT,WOCOMP-0006-020,WOCOMP-0006-020,RESOLVED,2026-09-25T23:59:59-06:00,2026-09-26T08:00:00-06:00,2026-06-29T00:00:00-06:00,,1,,false,ACTIVE,EA,,VALID,CURRENT,coolit-synthetic-v2.0.0,ALL_SYNTHETIC_CUSTOMERS,ALL_SYNTHETIC_PROGRAMS,CFG-CPL-01,SYNTHETIC_INTERNAL,SNP-COOLIT-20260925-BL,SCN-BASELINE,WOCOMP-0006-020,WO-0006,BOMC-01-020,40,P-COMP-104,42,42,42,0,,LOT-P-COMP-104-A,EFFECTIVE
TEN-COOLIT-SYN-001,SITE-COOLIT-SYN-01,ERP,WORK_ORDER_COMPONENT,WOCOMP-0006-021,WOCOMP-0006-021,RESOLVED,2026-09-25T23:59:59-06:00,2026-09-26T08:00:00-06:00,2026-06-29T00:00:00-06:00,,1,,false,ACTIVE,EA,,VALID,CURRENT,coolit-synthetic-v2.0.0,ALL_SYNTHETIC_CUSTOMERS,ALL_SYNTHETIC_PROGRAMS,CFG-CPL-01,SYNTHETIC_INTERNAL,SNP-COOLIT-20260925-BL,SCN-BASELINE,WOCOMP-0006-021,WO-0006,BOMC-01-021,50,P-COMP-111,42,42,42,0,,LOT-P-COMP-111-A,EFFECTIVE
TEN-COOLIT-SYN-001,SITE-COOLIT-SYN-01,ERP,WORK_ORDER_COMPONENT,WOCOMP-0006-022,WOCOMP-0006-022,RESOLVED,2026-09-25T23:59:59-06:00,2026-09-26T08:00:00-06:00,2026-06-29T00:00:00-06:00,,1,,false,ACTIVE,EA,,VALID,CURRENT,coolit-synthetic-v2.0.0,ALL_SYNTHETIC_CUSTOMERS,ALL_SYNTHETIC_PROGRAMS,CFG-CPL-01,SYNTHETIC_INTERNAL,SNP-COOLIT-20260925-BL,SCN-BASELINE,WOCOMP-0006-022,WO-0006,BOMC-01-022,50,P-COMP-118,42,42,42,0,,LOT-P-COMP-118-A,EFFECTIVE
TEN-COOLIT-SYN-001,SITE-COOLIT-SYN-01,ERP,WORK_ORDER_COMPONENT,WOCOMP-0006-023,WOCOMP-0006-023,RESOLVED,2026-09-25T23:59:59-06:00,2026-09-26T08:00:00-06:00,2026-06-29T00:00:00-06:00,,1,,false,ACTIVE,EA,,VALID,CURRENT,coolit-synthetic-v2.0.0,ALL_SYNTHETIC_CUSTOMERS,ALL_SYNTHETIC_PROGRAMS,CFG-CPL-01,SYNTHETIC_INTERNAL,SNP-COOLIT-20260925-BL,SCN-BASELINE,WOCOMP-0006-023,WO-0006,BOMC-01-023,50,P-COMP-125,42,42,42,0,P-COMP-011,LOT-P-COMP-125-A,EFFECTIVE
TEN-COOLIT-SYN-001,SITE-COOLIT-SYN-01,ERP,WORK_ORDER_COMPONENT,WOCOMP-0006-024,WOCOMP-0006-024,RESOLVED,2026-09-25T23:59:59-06:00,2026-09-26T08:00:00-06:00,2026-06-29T00:00:00-06:00,,1,,false,ACTIVE,EA,,VALID,CURRENT,coolit-synthetic-v2.0.0,ALL_SYNTHETIC_CUSTOMERS,ALL_SYNTHETIC_PROGRAMS,CFG-CPL-01,SYNTHETIC_INTERNAL,SNP-COOLIT-20260925-BL,SCN-BASELINE,WOCOMP-0006-024,WO-0006,BOMC-01-024,50,P-COMP-132,42,42,42,0,,LOT-P-COMP-132-A,EFFECTIVE
TEN-COOLIT-SYN-001,SITE-COOLIT-SYN-01,ERP,WORK_ORDER_COMPONENT,WOCOMP-0006-025,WOCOMP-0006-025,RESOLVED,2026-09-25T23:59:59-06:00,2026-09-26T08:00:00-06:00,2026-06-29T00:00:00-06:00,,1,,false,ACTIVE,EA,,VALID,CURRENT,coolit-synthetic-v2.0.0,ALL_SYNTHETIC_CUSTOMERS,ALL_SYNTHETIC_PROGRAMS,CFG-CPL-01,SYNTHETIC_INTERNAL,SNP-COOLIT-20260925-BL,SCN-BASELINE,WOCOMP-0006-025,WO-0006,BOMC-01-025,50,P-COMP-139,42,42,42,0,,LOT-P-COMP-139-A,EFFECTIVE
TEN-COOLIT-SYN-001,SITE-COOLIT-SYN-01,ERP,WORK_ORDER_COMPONENT,WOCOMP-0006-026,WOCOMP-0006-026,RESOLVED,2026-09-25T23:59:59-06:00,2026-09-26T08:00:00-06:00,2026-06-29T00:00:00-06:00,,1,,false,ACTIVE,EA,,VALID,CURRENT,coolit-synthetic-v2.0.0,ALL_SYNTHETIC_CUSTOMERS,ALL_SYNTHETIC_PROGRAMS,CFG-CPL-01,SYNTHETIC_INTERNAL,SNP-COOLIT-20260925-BL,SCN-BASELINE,WOCOMP-0006-026,WO-0006,BOMC-01-026,60,P-COMP-146,42,42,42,0,,LOT-P-COMP-146-A,EFFECTIVE
TEN-COOLIT-SYN-001,SITE-COOLIT-SYN-01,ERP,WORK_ORDER_COMPONENT,WOCOMP-0006-027,WOCOMP-0006-027,RESOLVED,2026-09-25T23:59:59-06:00,2026-09-26T08:00:00-06:00,2026-06-29T00:00:00-06:00,,1,,false,ACTIVE,EA,,VALID,CURRENT,coolit-synthetic-v2.0.0,ALL_SYNTHETIC_CUSTOMERS,ALL_SYNTHETIC_PROGRAMS,CFG-CPL-01,SYNTHETIC_INTERNAL,SNP-COOLIT-20260925-BL,SCN-BASELINE,WOCOMP-0006-027,WO-0006,BOMC-01-027,60,P-COMP-153,42,42,42,0,,LOT-P-COMP-153-A,EFFECTIVE
TEN-COOLIT-SYN-001,SITE-COOLIT-SYN-01,ERP,WORK_ORDER_COMPONENT,WOCOMP-0006-028,WOCOMP-0006-028,RESOLVED,2026-09-25T23:59:59-06:00,2026-09-26T08:00:00-06:00,2026-06-29T00:00:00-06:00,,1,,false,ACTIVE,EA,,VALID,CURRENT,coolit-synthetic-v2.0.0,ALL_SYNTHETIC_CUSTOMERS,ALL_SYNTHETIC_PROGRAMS,CFG-CPL-01,SYNTHETIC_INTERNAL,SNP-COOLIT-20260925-BL,SCN-BASELINE,WOCOMP-0006-028,WO-0006,BOMC-01-028,60,P-COMP-160,84,84,84,0,,LOT-P-COMP-160-A,EFFECTIVE
TEN-COOLIT-SYN-001,SITE-COOLIT-SYN-01,ERP,WORK_ORDER_COMPONENT,WOCOMP-0006-029,WOCOMP-0006-029,RESOLVED,2026-09-25T23:59:59-06:00,2026-09-26T08:00:00-06:00,2026-06-29T00:00:00-06:00,,1,,false,ACTIVE,EA,,VALID,CURRENT,coolit-synthetic-v2.0.0,ALL_SYNTHETIC_CUSTOMERS,ALL_SYNTHETIC_PROGRAMS,CFG-CPL-01,SYNTHETIC_INTERNAL,SNP-COOLIT-20260925-BL,SCN-BASELINE,WOCOMP-0006-029,WO-0006,BOMC-01-029,60,P-COMP-167,42,42,42,0,,LOT-P-COMP-167-A,EFFECTIVE
TEN-COOLIT-SYN-001,SITE-COOLIT-SYN-01,ERP,WORK_ORDER_COMPONENT,WOCOMP-0006-030,WOCOMP-0006-030,RESOLVED,2026-09-25T23:59:59-06:00,2026-09-26T08:00:00-06:00,2026-06-29T00:00:00-06:00,,1,,false,ACTIVE,EA,,VALID,CURRENT,coolit-synthetic-v2.0.0,ALL_SYNTHETIC_CUSTOMERS,ALL_SYNTHETIC_PROGRAMS,CFG-CPL-01,SYNTHETIC_INTERNAL,SNP-COOLIT-20260925-BL,SCN-BASELINE,WOCOMP-0006-030,WO-0006,BOMC-01-030,60,P-COMP-174,42,42,42,0,,LOT-P-COMP-174-A,EFFECTIVE
TEN-COOLIT-SYN-001,SITE-COOLIT-SYN-01,ERP,WORK_ORDER_COMPONENT,WOCOMP-0007-001,WOCOMP-0007-001,RESOLVED,2026-09-25T23:59:59-06:00,2026-09-26T08:00:00-06:00,2026-06-29T00:00:00-06:00,,1,,false,ACTIVE,EA,,VALID,CURRENT,coolit-synthetic-v2.0.0,ALL_SYNTHETIC_CUSTOMERS,ALL_SYNTHETIC_PROGRAMS,CFG-RM-04,SYNTHETIC_INTERNAL,SNP-COOLIT-20260925-BL,SCN-BASELINE,WOCOMP-0007-001,WO-0007,BOMC-08-001,10,P-COMP-090,96,96,96,0,P-HX-002,LOT-P-COMP-090-A,EFFECTIVE
TEN-COOLIT-SYN-001,SITE-COOLIT-SYN-01,ERP,WORK_ORDER_COMPONENT,WOCOMP-0007-002,WOCOMP-0007-002,RESOLVED,2026-09-25T23:59:59-06:00,2026-09-26T08:00:00-06:00,2026-06-29T00:00:00-06:00,,1,,false,ACTIVE,EA,,VALID,CURRENT,coolit-synthetic-v2.0.0,ALL_SYNTHETIC_CUSTOMERS,ALL_SYNTHETIC_PROGRAMS,CFG-RM-04,SYNTHETIC_INTERNAL,SNP-COOLIT-20260925-BL,SCN-BASELINE,WOCOMP-0007-002,WO-0007,BOMC-08-002,10,P-COMP-097,48,48,48,0,,LOT-P-COMP-097-A,EFFECTIVE
TEN-COOLIT-SYN-001,SITE-COOLIT-SYN-01,ERP,WORK_ORDER_COMPONENT,WOCOMP-0007-003,WOCOMP-0007-003,RESOLVED,2026-09-25T23:59:59-06:00,2026-09-26T08:00:00-06:00,2026-06-29T00:00:00-06:00,,1,,false,ACTIVE,EA,,VALID,CURRENT,coolit-synthetic-v2.0.0,ALL_SYNTHETIC_CUSTOMERS,ALL_SYNTHETIC_PROGRAMS,CFG-RM-04,SYNTHETIC_INTERNAL,SNP-COOLIT-20260925-BL,SCN-BASELINE,WOCOMP-0007-003,WO-0007,BOMC-08-003,10,P-COMP-104,48,48,48,0,,LOT-P-COMP-104-A,EFFECTIVE
TEN-COOLIT-SYN-001,SITE-COOLIT-SYN-01,ERP,WORK_ORDER_COMPONENT,WOCOMP-0007-004,WOCOMP-0007-004,RESOLVED,2026-09-25T23:59:59-06:00,2026-09-26T08:00:00-06:00,2026-06-29T00:00:00-06:00,,1,,false,ACTIVE,EA,,VALID,CURRENT,coolit-synthetic-v2.0.0,ALL_SYNTHETIC_CUSTOMERS,ALL_SYNTHETIC_PROGRAMS,CFG-RM-04,SYNTHETIC_INTERNAL,SNP-COOLIT-20260925-BL,SCN-BASELINE,WOCOMP-0007-004,WO-0007,BOMC-08-004,10,P-COMP-111,48,48,48,0,,LOT-P-COMP-111-A,EFFECTIVE
TEN-COOLIT-SYN-001,SITE-COOLIT-SYN-01,ERP,WORK_ORDER_COMPONENT,WOCOMP-0007-005,WOCOMP-0007-005,RESOLVED,2026-09-25T23:59:59-06:00,2026-09-26T08:00:00-06:00,2026-06-29T00:00:00-06:00,,1,,false,ACTIVE,EA,,VALID,CURRENT,coolit-synthetic-v2.0.0,ALL_SYNTHETIC_CUSTOMERS,ALL_SYNTHETIC_PROGRAMS,CFG-RM-04,SYNTHETIC_INTERNAL,SNP-COOLIT-20260925-BL,SCN-BASELINE,WOCOMP-0007-005,WO-0007,BOMC-08-005,10,P-COMP-118,48,48,48,0,,LOT-P-COMP-118-A,EFFECTIVE
TEN-COOLIT-SYN-001,SITE-COOLIT-SYN-01,ERP,WORK_ORDER_COMPONENT,WOCOMP-0007-006,WOCOMP-0007-006,RESOLVED,2026-09-25T23:59:59-06:00,2026-09-26T08:00:00-06:00,2026-06-29T00:00:00-06:00,,1,,false,ACTIVE,EA,,VALID,CURRENT,coolit-synthetic-v2.0.0,ALL_SYNTHETIC_CUSTOMERS,ALL_SYNTHETIC_PROGRAMS,CFG-RM-04,SYNTHETIC_INTERNAL,SNP-COOLIT-20260925-BL,SCN-BASELINE,WOCOMP-0007-006,WO-0007,BOMC-08-006,20,P-COMP-125,48,48,48,0,,LOT-P-COMP-125-A,EFFECTIVE
TEN-COOLIT-SYN-001,SITE-COOLIT-SYN-01,ERP,WORK_ORDER_COMPONENT,WOCOMP-0007-007,WOCOMP-0007-007,RESOLVED,2026-09-25T23:59:59-06:00,2026-09-26T08:00:00-06:00,2026-06-29T00:00:00-06:00,,1,,false,ACTIVE,EA,,VALID,CURRENT,coolit-synthetic-v2.0.0,ALL_SYNTHETIC_CUSTOMERS,ALL_SYNTHETIC_PROGRAMS,CFG-RM-04,SYNTHETIC_INTERNAL,SNP-COOLIT-20260925-BL,SCN-BASELINE,WOCOMP-0007-007,WO-0007,BOMC-08-007,20,P-COMP-132,48,48,48,0,,LOT-P-COMP-132-A,EFFECTIVE
TEN-COOLIT-SYN-001,SITE-COOLIT-SYN-01,ERP,WORK_ORDER_COMPONENT,WOCOMP-0007-008,WOCOMP-0007-008,RESOLVED,2026-09-25T23:59:59-06:00,2026-09-26T08:00:00-06:00,2026-06-29T00:00:00-06:00,,1,,false,ACTIVE,EA,,VALID,CURRENT,coolit-synthetic-v2.0.0,ALL_SYNTHETIC_CUSTOMERS,ALL_SYNTHETIC_PROGRAMS,CFG-RM-04,SYNTHETIC_INTERNAL,SNP-COOLIT-20260925-BL,SCN-BASELINE,WOCOMP-0007-008,WO-0007,BOMC-08-008,20,P-COMP-139,48,48,48,0,,LOT-P-COMP-139-A,EFFECTIVE
TEN-COOLIT-SYN-001,SITE-COOLIT-SYN-01,ERP,WORK_ORDER_COMPONENT,WOCOMP-0007-009,WOCOMP-0007-009,RESOLVED,2026-09-25T23:59:59-06:00,2026-09-26T08:00:00-06:00,2026-06-29T00:00:00-06:00,,1,,false,ACTIVE,EA,,VALID,CURRENT,coolit-synthetic-v2.0.0,ALL_SYNTHETIC_CUSTOMERS,ALL_SYNTHETIC_PROGRAMS,CFG-RM-04,SYNTHETIC_INTERNAL,SNP-COOLIT-20260925-BL,SCN-BASELINE,WOCOMP-0007-009,WO-0007,BOMC-08-009,20,P-COMP-146,48,48,48,0,,LOT-P-COMP-146-A,EFFECTIVE
TEN-COOLIT-SYN-001,SITE-COOLIT-SYN-01,ERP,WORK_ORDER_COMPONENT,WOCOMP-0007-010,WOCOMP-0007-010,RESOLVED,2026-09-25T23:59:59-06:00,2026-09-26T08:00:00-06:00,2026-06-29T00:00:00-06:00,,1,,false,ACTIVE,EA,,VALID,CURRENT,coolit-synthetic-v2.0.0,ALL_SYNTHETIC_CUSTOMERS,ALL_SYNTHETIC_PROGRAMS,CFG-RM-04,SYNTHETIC_INTERNAL,SNP-COOLIT-20260925-BL,SCN-BASELINE,WOCOMP-0007-010,WO-0007,BOMC-08-010,20,P-COMP-153,96,96,96,0,,LOT-P-COMP-153-A,EFFECTIVE
TEN-COOLIT-SYN-001,SITE-COOLIT-SYN-01,ERP,WORK_ORDER_COMPONENT,WOCOMP-0007-011,WOCOMP-0007-011,RESOLVED,2026-09-25T23:59:59-06:00,2026-09-26T08:00:00-06:00,2026-06-29T00:00:00-06:00,,1,,false,ACTIVE,EA,,VALID,CURRENT,coolit-synthetic-v2.0.0,ALL_SYNTHETIC_CUSTOMERS,ALL_SYNTHETIC_PROGRAMS,CFG-RM-04,SYNTHETIC_INTERNAL,SNP-COOLIT-20260925-BL,SCN-BASELINE,WOCOMP-0007-011,WO-0007,BOMC-08-011,30,P-COMP-160,48,48,48,0,,LOT-P-COMP-160-A,EFFECTIVE
TEN-COOLIT-SYN-001,SITE-COOLIT-SYN-01,ERP,WORK_ORDER_COMPONENT,WOCOMP-0007-012,WOCOMP-0007-012,RESOLVED,2026-09-25T23:59:59-06:00,2026-09-26T08:00:00-06:00,2026-06-29T00:00:00-06:00,,1,,false,ACTIVE,EA,,VALID,CURRENT,coolit-synthetic-v2.0.0,ALL_SYNTHETIC_CUSTOMERS,ALL_SYNTHETIC_PROGRAMS,CFG-RM-04,SYNTHETIC_INTERNAL,SNP-COOLIT-20260925-BL,SCN-BASELINE,WOCOMP-0007-012,WO-0007,BOMC-08-012,30,P-COMP-167,48,48,48,0,P-COMP-001,LOT-P-COMP-167-A,EFFECTIVE
TEN-COOLIT-SYN-001,SITE-COOLIT-SYN-01,ERP,WORK_ORDER_COMPONENT,WOCOMP-0007-013,WOCOMP-0007-013,RESOLVED,2026-09-25T23:59:59-06:00,2026-09-26T08:00:00-06:00,2026-06-29T00:00:00-06:00,,1,,false,ACTIVE,EA,,VALID,CURRENT,coolit-synthetic-v2.0.0,ALL_SYNTHETIC_CUSTOMERS,ALL_SYNTHETIC_PROGRAMS,CFG-RM-04,SYNTHETIC_INTERNAL,SNP-COOLIT-20260925-BL,SCN-BASELINE,WOCOMP-0007-013,WO-0007,BOMC-08-013,30,P-COMP-174,48,48,48,0,,LOT-P-COMP-174-A,EFFECTIVE
TEN-COOLIT-SYN-001,SITE-COOLIT-SYN-01,ERP,WORK_ORDER_COMPONENT,WOCOMP-0007-014,WOCOMP-0007-014,RESOLVED,2026-09-25T23:59:59-06:00,2026-09-26T08:00:00-06:00,2026-06-29T00:00:00-06:00,,1,,false,ACTIVE,EA,,VALID,CURRENT,coolit-synthetic-v2.0.0,ALL_SYNTHETIC_CUSTOMERS,ALL_SYNTHETIC_PROGRAMS,CFG-RM-04,SYNTHETIC_INTERNAL,SNP-COOLIT-20260925-BL,SCN-BASELINE,WOCOMP-0007-014,WO-0007,BOMC-08-014,30,P-COMP-181,48,48,48,0,,LOT-P-COMP-181-A,EFFECTIVE
TEN-COOLIT-SYN-001,SITE-COOLIT-SYN-01,ERP,WORK_ORDER_COMPONENT,WOCOMP-0007-015,WOCOMP-0007-015,RESOLVED,2026-09-25T23:59:59-06:00,2026-09-26T08:00:00-06:00,2026-06-29T00:00:00-06:00,,1,,false,ACTIVE,EA,,VALID,CURRENT,coolit-synthetic-v2.0.0,ALL_SYNTHETIC_CUSTOMERS,ALL_SYNTHETIC_PROGRAMS,CFG-RM-04,SYNTHETIC_INTERNAL,SNP-COOLIT-20260925-BL,SCN-BASELINE,WOCOMP-0007-015,WO-0007,BOMC-08-015,30,P-COMP-188,48,48,48,0,,LOT-P-COMP-188-A,EFFECTIVE
TEN-COOLIT-SYN-001,SITE-COOLIT-SYN-01,ERP,WORK_ORDER_COMPONENT,WOCOMP-0007-016,WOCOMP-0007-016,RESOLVED,2026-09-25T23:59:59-06:00,2026-09-26T08:00:00-06:00,2026-06-29T00:00:00-06:00,,1,,false,ACTIVE,EA,,VALID,CURRENT,coolit-synthetic-v2.0.0,ALL_SYNTHETIC_CUSTOMERS,ALL_SYNTHETIC_PROGRAMS,CFG-RM-04,SYNTHETIC_INTERNAL,SNP-COOLIT-20260925-BL,SCN-BASELINE,WOCOMP-0007-016,WO-0007,BOMC-08-016,40,P-COMP-195,48,48,48,0,,LOT-P-COMP-195-A,EFFECTIVE
TEN-COOLIT-SYN-001,SITE-COOLIT-SYN-01,ERP,WORK_ORDER_COMPONENT,WOCOMP-0007-017,WOCOMP-0007-017,RESOLVED,2026-09-25T23:59:59-06:00,2026-09-26T08:00:00-06:00,2026-06-29T00:00:00-06:00,,1,,false,ACTIVE,EA,,VALID,CURRENT,coolit-synthetic-v2.0.0,ALL_SYNTHETIC_CUSTOMERS,ALL_SYNTHETIC_PROGRAMS,CFG-RM-04,SYNTHETIC_INTERNAL,SNP-COOLIT-20260925-BL,SCN-BASELINE,WOCOMP-0007-017,WO-0007,BOMC-08-017,40,P-COMP-202,48,48,48,0,,LOT-P-COMP-202-A,EFFECTIVE
TEN-COOLIT-SYN-001,SITE-COOLIT-SYN-01,ERP,WORK_ORDER_COMPONENT,WOCOMP-0007-018,WOCOMP-0007-018,RESOLVED,2026-09-25T23:59:59-06:00,2026-09-26T08:00:00-06:00,2026-06-29T00:00:00-06:00,,1,,false,ACTIVE,EA,,VALID,CURRENT,coolit-synthetic-v2.0.0,ALL_SYNTHETIC_CUSTOMERS,ALL_SYNTHETIC_PROGRAMS,CFG-RM-04,SYNTHETIC_INTERNAL,SNP-COOLIT-20260925-BL,SCN-BASELINE,WOCOMP-0007-018,WO-0007,BOMC-08-018,40,P-QD-001,48,48,48,0,,LOT-P-QD-001-A,EFFECTIVE
TEN-COOLIT-SYN-001,SITE-COOLIT-SYN-01,ERP,WORK_ORDER_COMPONENT,WOCOMP-0007-019,WOCOMP-0007-019,RESOLVED,2026-09-25T23:59:59-06:00,2026-09-26T08:00:00-06:00,2026-06-29T00:00:00-06:00,,1,,false,ACTIVE,EA,,VALID,CURRENT,coolit-synthetic-v2.0.0,ALL_SYNTHETIC_CUSTOMERS,ALL_SYNTHETIC_PROGRAMS,CFG-RM-04,SYNTHETIC_INTERNAL,SNP-COOLIT-20260925-BL,SCN-BASELINE,WOCOMP-0007-019,WO-0007,BOMC-08-019,40,P-QD-008,96,96,96,0,,LOT-P-QD-008-A,EFFECTIVE
TEN-COOLIT-SYN-001,SITE-COOLIT-SYN-01,ERP,WORK_ORDER_COMPONENT,WOCOMP-0007-020,WOCOMP-0007-020,RESOLVED,2026-09-25T23:59:59-06:00,2026-09-26T08:00:00-06:00,2026-06-29T00:00:00-06:00,,1,,false,ACTIVE,EA,,VALID,CURRENT,coolit-synthetic-v2.0.0,ALL_SYNTHETIC_CUSTOMERS,ALL_SYNTHETIC_PROGRAMS,CFG-RM-04,SYNTHETIC_INTERNAL,SNP-COOLIT-20260925-BL,SCN-BASELINE,WOCOMP-0007-020,WO-0007,BOMC-08-020,40,P-PUMP-005,48,48,48,0,,LOT-P-PUMP-005-A,EFFECTIVE
TEN-COOLIT-SYN-001,SITE-COOLIT-SYN-01,ERP,WORK_ORDER_COMPONENT,WOCOMP-0007-021,WOCOMP-0007-021,RESOLVED,2026-09-25T23:59:59-06:00,2026-09-26T08:00:00-06:00,2026-06-29T00:00:00-06:00,,1,,false,ACTIVE,EA,,VALID,CURRENT,coolit-synthetic-v2.0.0,ALL_SYNTHETIC_CUSTOMERS,ALL_SYNTHETIC_PROGRAMS,CFG-RM-04,SYNTHETIC_INTERNAL,SNP-COOLIT-20260925-BL,SCN-BASELINE,WOCOMP-0007-021,WO-0007,BOMC-08-021,50,P-HX-004,48,48,48,0,,LOT-P-HX-004-A,EFFECTIVE
TEN-COOLIT-SYN-001,SITE-COOLIT-SYN-01,ERP,WORK_ORDER_COMPONENT,WOCOMP-0007-022,WOCOMP-0007-022,RESOLVED,2026-09-25T23:59:59-06:00,2026-09-26T08:00:00-06:00,2026-06-29T00:00:00-06:00,,1,,false,ACTIVE,EA,,VALID,CURRENT,coolit-synthetic-v2.0.0,ALL_SYNTHETIC_CUSTOMERS,ALL_SYNTHETIC_PROGRAMS,CFG-RM-04,SYNTHETIC_INTERNAL,SNP-COOLIT-20260925-BL,SCN-BASELINE,WOCOMP-0007-022,WO-0007,BOMC-08-022,50,P-CTRL-005,48,48,48,0,,LOT-P-CTRL-005-A,EFFECTIVE
TEN-COOLIT-SYN-001,SITE-COOLIT-SYN-01,ERP,WORK_ORDER_COMPONENT,WOCOMP-0007-023,WOCOMP-0007-023,RESOLVED,2026-09-25T23:59:59-06:00,2026-09-26T08:00:00-06:00,2026-06-29T00:00:00-06:00,,1,,false,ACTIVE,EA,,VALID,CURRENT,coolit-synthetic-v2.0.0,ALL_SYNTHETIC_CUSTOMERS,ALL_SYNTHETIC_PROGRAMS,CFG-RM-04,SYNTHETIC_INTERNAL,SNP-COOLIT-20260925-BL,SCN-BASELINE,WOCOMP-0007-023,WO-0007,BOMC-08-023,50,P-COMP-006,48,48,48,0,P-COMP-012,LOT-P-COMP-006-A,EFFECTIVE
TEN-COOLIT-SYN-001,SITE-COOLIT-SYN-01,ERP,WORK_ORDER_COMPONENT,WOCOMP-0007-024,WOCOMP-0007-024,RESOLVED,2026-09-25T23:59:59-06:00,2026-09-26T08:00:00-06:00,2026-06-29T00:00:00-06:00,,1,,false,ACTIVE,EA,,VALID,CURRENT,coolit-synthetic-v2.0.0,ALL_SYNTHETIC_CUSTOMERS,ALL_SYNTHETIC_PROGRAMS,CFG-RM-04,SYNTHETIC_INTERNAL,SNP-COOLIT-20260925-BL,SCN-BASELINE,WOCOMP-0007-024,WO-0007,BOMC-08-024,50,P-COMP-013,48,48,48,0,,LOT-P-COMP-013-A,EFFECTIVE
TEN-COOLIT-SYN-001,SITE-COOLIT-SYN-01,ERP,WORK_ORDER_COMPONENT,WOCOMP-0007-025,WOCOMP-0007-025,RESOLVED,2026-09-25T23:59:59-06:00,2026-09-26T08:00:00-06:00,2026-06-29T00:00:00-06:00,,1,,false,ACTIVE,EA,,VALID,CURRENT,coolit-synthetic-v2.0.0,ALL_SYNTHETIC_CUSTOMERS,ALL_SYNTHETIC_PROGRAMS,CFG-RM-04,SYNTHETIC_INTERNAL,SNP-COOLIT-20260925-BL,SCN-BASELINE,WOCOMP-0007-025,WO-0007,BOMC-08-025,50,P-COMP-020,48,48,48,0,,LOT-P-COMP-020-A,EFFECTIVE
TEN-COOLIT-SYN-001,SITE-COOLIT-SYN-01,ERP,WORK_ORDER_COMPONENT,WOCOMP-0007-026,WOCOMP-0007-026,RESOLVED,2026-09-25T23:59:59-06:00,2026-09-26T08:00:00-06:00,2026-06-29T00:00:00-06:00,,1,,false,ACTIVE,EA,,VALID,CURRENT,coolit-synthetic-v2.0.0,ALL_SYNTHETIC_CUSTOMERS,ALL_SYNTHETIC_PROGRAMS,CFG-RM-04,SYNTHETIC_INTERNAL,SNP-COOLIT-20260925-BL,SCN-BASELINE,WOCOMP-0007-026,WO-0007,BOMC-08-026,60,P-COMP-027,48,48,48,0,,LOT-P-COMP-027-A,EFFECTIVE
TEN-COOLIT-SYN-001,SITE-COOLIT-SYN-01,ERP,WORK_ORDER_COMPONENT,WOCOMP-0007-027,WOCOMP-0007-027,RESOLVED,2026-09-25T23:59:59-06:00,2026-09-26T08:00:00-06:00,2026-06-29T00:00:00-06:00,,1,,false,ACTIVE,EA,,VALID,CURRENT,coolit-synthetic-v2.0.0,ALL_SYNTHETIC_CUSTOMERS,ALL_SYNTHETIC_PROGRAMS,CFG-RM-04,SYNTHETIC_INTERNAL,SNP-COOLIT-20260925-BL,SCN-BASELINE,WOCOMP-0007-027,WO-0007,BOMC-08-027,60,P-COMP-034,48,48,48,0,,LOT-P-COMP-034-A,EFFECTIVE
TEN-COOLIT-SYN-001,SITE-COOLIT-SYN-01,ERP,WORK_ORDER_COMPONENT,WOCOMP-0007-028,WOCOMP-0007-028,RESOLVED,2026-09-25T23:59:59-06:00,2026-09-26T08:00:00-06:00,2026-06-29T00:00:00-06:00,,1,,false,ACTIVE,EA,,VALID,CURRENT,coolit-synthetic-v2.0.0,ALL_SYNTHETIC_CUSTOMERS,ALL_SYNTHETIC_PROGRAMS,CFG-RM-04,SYNTHETIC_INTERNAL,SNP-COOLIT-20260925-BL,SCN-BASELINE,WOCOMP-0007-028,WO-0007,BOMC-08-028,60,P-COMP-041,96,96,96,0,,LOT-P-COMP-041-A,EFFECTIVE
TEN-COOLIT-SYN-001,SITE-COOLIT-SYN-01,ERP,WORK_ORDER_COMPONENT,WOCOMP-0007-029,WOCOMP-0007-029,RESOLVED,2026-09-25T23:59:59-06:00,2026-09-26T08:00:00-06:00,2026-06-29T00:00:00-06:00,,1,,false,ACTIVE,EA,,VALID,CURRENT,coolit-synthetic-v2.0.0,ALL_SYNTHETIC_CUSTOMERS,ALL_SYNTHETIC_PROGRAMS,CFG-RM-04,SYNTHETIC_INTERNAL,SNP-COOLIT-20260925-BL,SCN-BASELINE,WOCOMP-0007-029,WO-0007,BOMC-08-029,60,P-COMP-048,48,48,48,0,,LOT-P-COMP-048-A,EFFECTIVE
TEN-COOLIT-SYN-001,SITE-COOLIT-SYN-01,ERP,WORK_ORDER_COMPONENT,WOCOMP-0007-030,WOCOMP-0007-030,RESOLVED,2026-09-25T23:59:59-06:00,2026-09-26T08:00:00-06:00,2026-06-29T00:00:00-06:00,,1,,false,ACTIVE,EA,,VALID,CURRENT,coolit-synthetic-v2.0.0,ALL_SYNTHETIC_CUSTOMERS,ALL_SYNTHETIC_PROGRAMS,CFG-RM-04,SYNTHETIC_INTERNAL,SNP-COOLIT-20260925-BL,SCN-BASELINE,WOCOMP-0007-030,WO-0007,BOMC-08-030,60,P-COMP-055,48,48,48,0,,LOT-P-COMP-055-A,EFFECTIVE
TEN-COOLIT-SYN-001,SITE-COOLIT-SYN-01,ERP,WORK_ORDER_COMPONENT,WOCOMP-0008-001,WOCOMP-0008-001,RESOLVED,2026-09-25T23:59:59-06:00,2026-09-26T08:00:00-06:00,2026-06-29T00:00:00-06:00,,1,,false,ACTIVE,EA,,VALID,CURRENT,coolit-synthetic-v2.0.0,ALL_SYNTHETIC_CUSTOMERS,ALL_SYNTHETIC_PROGRAMS,CFG-CPL-03,SYNTHETIC_INTERNAL,SNP-COOLIT-20260925-BL,SCN-BASELINE,WOCOMP-0008-001,WO-0008,BOMC-03-001,10,P-COMP-005,108,108,108,0,P-HX-003,LOT-P-COMP-005-A,EFFECTIVE
TEN-COOLIT-SYN-001,SITE-COOLIT-SYN-01,ERP,WORK_ORDER_COMPONENT,WOCOMP-0008-002,WOCOMP-0008-002,RESOLVED,2026-09-25T23:59:59-06:00,2026-09-26T08:00:00-06:00,2026-06-29T00:00:00-06:00,,1,,false,ACTIVE,EA,,VALID,CURRENT,coolit-synthetic-v2.0.0,ALL_SYNTHETIC_CUSTOMERS,ALL_SYNTHETIC_PROGRAMS,CFG-CPL-03,SYNTHETIC_INTERNAL,SNP-COOLIT-20260925-BL,SCN-BASELINE,WOCOMP-0008-002,WO-0008,BOMC-03-002,10,P-COMP-012,54,54,54,0,,LOT-P-COMP-012-A,EFFECTIVE
TEN-COOLIT-SYN-001,SITE-COOLIT-SYN-01,ERP,WORK_ORDER_COMPONENT,WOCOMP-0008-003,WOCOMP-0008-003,RESOLVED,2026-09-25T23:59:59-06:00,2026-09-26T08:00:00-06:00,2026-06-29T00:00:00-06:00,,1,,false,ACTIVE,EA,,VALID,CURRENT,coolit-synthetic-v2.0.0,ALL_SYNTHETIC_CUSTOMERS,ALL_SYNTHETIC_PROGRAMS,CFG-CPL-03,SYNTHETIC_INTERNAL,SNP-COOLIT-20260925-BL,SCN-BASELINE,WOCOMP-0008-003,WO-0008,BOMC-03-003,10,P-COMP-019,54,54,54,0,,LOT-P-COMP-019-A,EFFECTIVE
TEN-COOLIT-SYN-001,SITE-COOLIT-SYN-01,ERP,WORK_ORDER_COMPONENT,WOCOMP-0008-004,WOCOMP-0008-004,RESOLVED,2026-09-25T23:59:59-06:00,2026-09-26T08:00:00-06:00,2026-06-29T00:00:00-06:00,,1,,false,ACTIVE,EA,,VALID,CURRENT,coolit-synthetic-v2.0.0,ALL_SYNTHETIC_CUSTOMERS,ALL_SYNTHETIC_PROGRAMS,CFG-CPL-03,SYNTHETIC_INTERNAL,SNP-COOLIT-20260925-BL,SCN-BASELINE,WOCOMP-0008-004,WO-0008,BOMC-03-004,10,P-COMP-026,54,54,54,0,,LOT-P-COMP-026-A,EFFECTIVE
TEN-COOLIT-SYN-001,SITE-COOLIT-SYN-01,ERP,WORK_ORDER_COMPONENT,WOCOMP-0008-005,WOCOMP-0008-005,RESOLVED,2026-09-25T23:59:59-06:00,2026-09-26T08:00:00-06:00,2026-06-29T00:00:00-06:00,,1,,false,ACTIVE,EA,,VALID,CURRENT,coolit-synthetic-v2.0.0,ALL_SYNTHETIC_CUSTOMERS,ALL_SYNTHETIC_PROGRAMS,CFG-CPL-03,SYNTHETIC_INTERNAL,SNP-COOLIT-20260925-BL,SCN-BASELINE,WOCOMP-0008-005,WO-0008,BOMC-03-005,10,P-COMP-033,54,54,54,0,,LOT-P-COMP-033-A,EFFECTIVE
TEN-COOLIT-SYN-001,SITE-COOLIT-SYN-01,ERP,WORK_ORDER_COMPONENT,WOCOMP-0008-006,WOCOMP-0008-006,RESOLVED,2026-09-25T23:59:59-06:00,2026-09-26T08:00:00-06:00,2026-06-29T00:00:00-06:00,,1,,false,ACTIVE,EA,,VALID,CURRENT,coolit-synthetic-v2.0.0,ALL_SYNTHETIC_CUSTOMERS,ALL_SYNTHETIC_PROGRAMS,CFG-CPL-03,SYNTHETIC_INTERNAL,SNP-COOLIT-20260925-BL,SCN-BASELINE,WOCOMP-0008-006,WO-0008,BOMC-03-006,20,P-COMP-040,54,54,54,0,,LOT-P-COMP-040-A,EFFECTIVE
TEN-COOLIT-SYN-001,SITE-COOLIT-SYN-01,ERP,WORK_ORDER_COMPONENT,WOCOMP-0008-007,WOCOMP-0008-007,RESOLVED,2026-09-25T23:59:59-06:00,2026-09-26T08:00:00-06:00,2026-06-29T00:00:00-06:00,,1,,false,ACTIVE,EA,,VALID,CURRENT,coolit-synthetic-v2.0.0,ALL_SYNTHETIC_CUSTOMERS,ALL_SYNTHETIC_PROGRAMS,CFG-CPL-03,SYNTHETIC_INTERNAL,SNP-COOLIT-20260925-BL,SCN-BASELINE,WOCOMP-0008-007,WO-0008,BOMC-03-007,20,P-COMP-047,54,54,54,0,,LOT-P-COMP-047-A,EFFECTIVE
TEN-COOLIT-SYN-001,SITE-COOLIT-SYN-01,ERP,WORK_ORDER_COMPONENT,WOCOMP-0008-008,WOCOMP-0008-008,RESOLVED,2026-09-25T23:59:59-06:00,2026-09-26T08:00:00-06:00,2026-06-29T00:00:00-06:00,,1,,false,ACTIVE,EA,,VALID,CURRENT,coolit-synthetic-v2.0.0,ALL_SYNTHETIC_CUSTOMERS,ALL_SYNTHETIC_PROGRAMS,CFG-CPL-03,SYNTHETIC_INTERNAL,SNP-COOLIT-20260925-BL,SCN-BASELINE,WOCOMP-0008-008,WO-0008,BOMC-03-008,20,P-COMP-054,54,54,54,0,,LOT-P-COMP-054-A,EFFECTIVE
TEN-COOLIT-SYN-001,SITE-COOLIT-SYN-01,ERP,WORK_ORDER_COMPONENT,WOCOMP-0008-009,WOCOMP-0008-009,RESOLVED,2026-09-25T23:59:59-06:00,2026-09-26T08:00:00-06:00,2026-06-29T00:00:00-06:00,,1,,false,ACTIVE,EA,,VALID,CURRENT,coolit-synthetic-v2.0.0,ALL_SYNTHETIC_CUSTOMERS,ALL_SYNTHETIC_PROGRAMS,CFG-CPL-03,SYNTHETIC_INTERNAL,SNP-COOLIT-20260925-BL,SCN-BASELINE,WOCOMP-0008-009,WO-0008,BOMC-03-009,20,P-COMP-061,54,54,54,0,,LOT-P-COMP-061-A,EFFECTIVE
TEN-COOLIT-SYN-001,SITE-COOLIT-SYN-01,ERP,WORK_ORDER_COMPONENT,WOCOMP-0008-010,WOCOMP-0008-010,RESOLVED,2026-09-25T23:59:59-06:00,2026-09-26T08:00:00-06:00,2026-06-29T00:00:00-06:00,,1,,false,ACTIVE,EA,,VALID,CURRENT,coolit-synthetic-v2.0.0,ALL_SYNTHETIC_CUSTOMERS,ALL_SYNTHETIC_PROGRAMS,CFG-CPL-03,SYNTHETIC_INTERNAL,SNP-COOLIT-20260925-BL,SCN-BASELINE,WOCOMP-0008-010,WO-0008,BOMC-03-010,20,P-COMP-068,108,108,108,0,,LOT-P-COMP-068-A,EFFECTIVE
TEN-COOLIT-SYN-001,SITE-COOLIT-SYN-01,ERP,WORK_ORDER_COMPONENT,WOCOMP-0008-011,WOCOMP-0008-011,RESOLVED,2026-09-25T23:59:59-06:00,2026-09-26T08:00:00-06:00,2026-06-29T00:00:00-06:00,,1,,false,ACTIVE,EA,,VALID,CURRENT,coolit-synthetic-v2.0.0,ALL_SYNTHETIC_CUSTOMERS,ALL_SYNTHETIC_PROGRAMS,CFG-CPL-03,SYNTHETIC_INTERNAL,SNP-COOLIT-20260925-BL,SCN-BASELINE,WOCOMP-0008-011,WO-0008,BOMC-03-011,30,P-COMP-075,54,54,54,0,,LOT-P-COMP-075-A,EFFECTIVE
TEN-COOLIT-SYN-001,SITE-COOLIT-SYN-01,ERP,WORK_ORDER_COMPONENT,WOCOMP-0008-012,WOCOMP-0008-012,RESOLVED,2026-09-25T23:59:59-06:00,2026-09-26T08:00:00-06:00,2026-06-29T00:00:00-06:00,,1,,false,ACTIVE,EA,,VALID,CURRENT,coolit-synthetic-v2.0.0,ALL_SYNTHETIC_CUSTOMERS,ALL_SYNTHETIC_PROGRAMS,CFG-CPL-03,SYNTHETIC_INTERNAL,SNP-COOLIT-20260925-BL,SCN-BASELINE,WOCOMP-0008-012,WO-0008,BOMC-03-012,30,P-COMP-082,54,54,54,0,P-COMP-002,LOT-P-COMP-082-A,EFFECTIVE
TEN-COOLIT-SYN-001,SITE-COOLIT-SYN-01,ERP,WORK_ORDER_COMPONENT,WOCOMP-0008-013,WOCOMP-0008-013,RESOLVED,2026-09-25T23:59:59-06:00,2026-09-26T08:00:00-06:00,2026-06-29T00:00:00-06:00,,1,,false,ACTIVE,EA,,VALID,CURRENT,coolit-synthetic-v2.0.0,ALL_SYNTHETIC_CUSTOMERS,ALL_SYNTHETIC_PROGRAMS,CFG-CPL-03,SYNTHETIC_INTERNAL,SNP-COOLIT-20260925-BL,SCN-BASELINE,WOCOMP-0008-013,WO-0008,BOMC-03-013,30,P-COMP-089,54,54,54,0,,LOT-P-COMP-089-A,EFFECTIVE
TEN-COOLIT-SYN-001,SITE-COOLIT-SYN-01,ERP,WORK_ORDER_COMPONENT,WOCOMP-0008-014,WOCOMP-0008-014,RESOLVED,2026-09-25T23:59:59-06:00,2026-09-26T08:00:00-06:00,2026-06-29T00:00:00-06:00,,1,,false,ACTIVE,EA,,VALID,CURRENT,coolit-synthetic-v2.0.0,ALL_SYNTHETIC_CUSTOMERS,ALL_SYNTHETIC_PROGRAMS,CFG-CPL-03,SYNTHETIC_INTERNAL,SNP-COOLIT-20260925-BL,SCN-BASELINE,WOCOMP-0008-014,WO-0008,BOMC-03-014,30,P-COMP-096,54,54,54,0,,LOT-P-COMP-096-A,EFFECTIVE
TEN-COOLIT-SYN-001,SITE-COOLIT-SYN-01,ERP,WORK_ORDER_COMPONENT,WOCOMP-0008-015,WOCOMP-0008-015,RESOLVED,2026-09-25T23:59:59-06:00,2026-09-26T08:00:00-06:00,2026-06-29T00:00:00-06:00,,1,,false,ACTIVE,EA,,VALID,CURRENT,coolit-synthetic-v2.0.0,ALL_SYNTHETIC_CUSTOMERS,ALL_SYNTHETIC_PROGRAMS,CFG-CPL-03,SYNTHETIC_INTERNAL,SNP-COOLIT-20260925-BL,SCN-BASELINE,WOCOMP-0008-015,WO-0008,BOMC-03-015,30,P-COMP-103,54,54,54,0,,LOT-P-COMP-103-A,EFFECTIVE
TEN-COOLIT-SYN-001,SITE-COOLIT-SYN-01,ERP,WORK_ORDER_COMPONENT,WOCOMP-0008-016,WOCOMP-0008-016,RESOLVED,2026-09-25T23:59:59-06:00,2026-09-26T08:00:00-06:00,2026-06-29T00:00:00-06:00,,1,,false,ACTIVE,EA,,VALID,CURRENT,coolit-synthetic-v2.0.0,ALL_SYNTHETIC_CUSTOMERS,ALL_SYNTHETIC_PROGRAMS,CFG-CPL-03,SYNTHETIC_INTERNAL,SNP-COOLIT-20260925-BL,SCN-BASELINE,WOCOMP-0008-016,WO-0008,BOMC-03-016,40,P-COMP-110,54,54,54,0,,LOT-P-COMP-110-A,EFFECTIVE
TEN-COOLIT-SYN-001,SITE-COOLIT-SYN-01,ERP,WORK_ORDER_COMPONENT,WOCOMP-0008-017,WOCOMP-0008-017,RESOLVED,2026-09-25T23:59:59-06:00,2026-09-26T08:00:00-06:00,2026-06-29T00:00:00-06:00,,1,,false,ACTIVE,EA,,VALID,CURRENT,coolit-synthetic-v2.0.0,ALL_SYNTHETIC_CUSTOMERS,ALL_SYNTHETIC_PROGRAMS,CFG-CPL-03,SYNTHETIC_INTERNAL,SNP-COOLIT-20260925-BL,SCN-BASELINE,WOCOMP-0008-017,WO-0008,BOMC-03-017,40,P-COMP-117,54,54,54,0,,LOT-P-COMP-117-A,EFFECTIVE
TEN-COOLIT-SYN-001,SITE-COOLIT-SYN-01,ERP,WORK_ORDER_COMPONENT,WOCOMP-0008-018,WOCOMP-0008-018,RESOLVED,2026-09-25T23:59:59-06:00,2026-09-26T08:00:00-06:00,2026-06-29T00:00:00-06:00,,1,,false,ACTIVE,EA,,VALID,CURRENT,coolit-synthetic-v2.0.0,ALL_SYNTHETIC_CUSTOMERS,ALL_SYNTHETIC_PROGRAMS,CFG-CPL-03,SYNTHETIC_INTERNAL,SNP-COOLIT-20260925-BL,SCN-BASELINE,WOCOMP-0008-018,WO-0008,BOMC-03-018,40,P-COMP-124,54,54,54,0,,LOT-P-COMP-124-A,EFFECTIVE
TEN-COOLIT-SYN-001,SITE-COOLIT-SYN-01,ERP,WORK_ORDER_COMPONENT,WOCOMP-0008-019,WOCOMP-0008-019,RESOLVED,2026-09-25T23:59:59-06:00,2026-09-26T08:00:00-06:00,2026-06-29T00:00:00-06:00,,1,,false,ACTIVE,EA,,VALID,CURRENT,coolit-synthetic-v2.0.0,ALL_SYNTHETIC_CUSTOMERS,ALL_SYNTHETIC_PROGRAMS,CFG-CPL-03,SYNTHETIC_INTERNAL,SNP-COOLIT-20260925-BL,SCN-BASELINE,WOCOMP-0008-019,WO-0008,BOMC-03-019,40,P-COMP-131,108,108,108,0,,LOT-P-COMP-131-A,EFFECTIVE
TEN-COOLIT-SYN-001,SITE-COOLIT-SYN-01,ERP,WORK_ORDER_COMPONENT,WOCOMP-0008-020,WOCOMP-0008-020,RESOLVED,2026-09-25T23:59:59-06:00,2026-09-26T08:00:00-06:00,2026-06-29T00:00:00-06:00,,1,,false,ACTIVE,EA,,VALID,CURRENT,coolit-synthetic-v2.0.0,ALL_SYNTHETIC_CUSTOMERS,ALL_SYNTHETIC_PROGRAMS,CFG-CPL-03,SYNTHETIC_INTERNAL,SNP-COOLIT-20260925-BL,SCN-BASELINE,WOCOMP-0008-020,WO-0008,BOMC-03-020,40,P-COMP-138,54,54,54,0,,LOT-P-COMP-138-A,EFFECTIVE
TEN-COOLIT-SYN-001,SITE-COOLIT-SYN-01,ERP,WORK_ORDER_COMPONENT,WOCOMP-0008-021,WOCOMP-0008-021,RESOLVED,2026-09-25T23:59:59-06:00,2026-09-26T08:00:00-06:00,2026-06-29T00:00:00-06:00,,1,,false,ACTIVE,EA,,VALID,CURRENT,coolit-synthetic-v2.0.0,ALL_SYNTHETIC_CUSTOMERS,ALL_SYNTHETIC_PROGRAMS,CFG-CPL-03,SYNTHETIC_INTERNAL,SNP-COOLIT-20260925-BL,SCN-BASELINE,WOCOMP-0008-021,WO-0008,BOMC-03-021,50,P-COMP-145,54,54,54,0,,LOT-P-COMP-145-A,EFFECTIVE
TEN-COOLIT-SYN-001,SITE-COOLIT-SYN-01,ERP,WORK_ORDER_COMPONENT,WOCOMP-0008-022,WOCOMP-0008-022,RESOLVED,2026-09-25T23:59:59-06:00,2026-09-26T08:00:00-06:00,2026-06-29T00:00:00-06:00,,1,,false,ACTIVE,EA,,VALID,CURRENT,coolit-synthetic-v2.0.0,ALL_SYNTHETIC_CUSTOMERS,ALL_SYNTHETIC_PROGRAMS,CFG-CPL-03,SYNTHETIC_INTERNAL,SNP-COOLIT-20260925-BL,SCN-BASELINE,WOCOMP-0008-022,WO-0008,BOMC-03-022,50,P-COMP-152,54,54,54,0,,LOT-P-COMP-152-A,EFFECTIVE
TEN-COOLIT-SYN-001,SITE-COOLIT-SYN-01,ERP,WORK_ORDER_COMPONENT,WOCOMP-0008-023,WOCOMP-0008-023,RESOLVED,2026-09-25T23:59:59-06:00,2026-09-26T08:00:00-06:00,2026-06-29T00:00:00-06:00,,1,,false,ACTIVE,EA,,VALID,CURRENT,coolit-synthetic-v2.0.0,ALL_SYNTHETIC_CUSTOMERS,ALL_SYNTHETIC_PROGRAMS,CFG-CPL-03,SYNTHETIC_INTERNAL,SNP-COOLIT-20260925-BL,SCN-BASELINE,WOCOMP-0008-023,WO-0008,BOMC-03-023,50,P-COMP-159,54,54,54,0,P-COMP-013,LOT-P-COMP-159-A,EFFECTIVE
TEN-COOLIT-SYN-001,SITE-COOLIT-SYN-01,ERP,WORK_ORDER_COMPONENT,WOCOMP-0008-024,WOCOMP-0008-024,RESOLVED,2026-09-25T23:59:59-06:00,2026-09-26T08:00:00-06:00,2026-06-29T00:00:00-06:00,,1,,false,ACTIVE,EA,,VALID,CURRENT,coolit-synthetic-v2.0.0,ALL_SYNTHETIC_CUSTOMERS,ALL_SYNTHETIC_PROGRAMS,CFG-CPL-03,SYNTHETIC_INTERNAL,SNP-COOLIT-20260925-BL,SCN-BASELINE,WOCOMP-0008-024,WO-0008,BOMC-03-024,50,P-COMP-166,54,54,54,0,,LOT-P-COMP-166-A,EFFECTIVE
TEN-COOLIT-SYN-001,SITE-COOLIT-SYN-01,ERP,WORK_ORDER_COMPONENT,WOCOMP-0008-025,WOCOMP-0008-025,RESOLVED,2026-09-25T23:59:59-06:00,2026-09-26T08:00:00-06:00,2026-06-29T00:00:00-06:00,,1,,false,ACTIVE,EA,,VALID,CURRENT,coolit-synthetic-v2.0.0,ALL_SYNTHETIC_CUSTOMERS,ALL_SYNTHETIC_PROGRAMS,CFG-CPL-03,SYNTHETIC_INTERNAL,SNP-COOLIT-20260925-BL,SCN-BASELINE,WOCOMP-0008-025,WO-0008,BOMC-03-025,50,P-COMP-173,54,54,54,0,,LOT-P-COMP-173-A,EFFECTIVE
TEN-COOLIT-SYN-001,SITE-COOLIT-SYN-01,ERP,WORK_ORDER_COMPONENT,WOCOMP-0008-026,WOCOMP-0008-026,RESOLVED,2026-09-25T23:59:59-06:00,2026-09-26T08:00:00-06:00,2026-06-29T00:00:00-06:00,,1,,false,ACTIVE,EA,,VALID,CURRENT,coolit-synthetic-v2.0.0,ALL_SYNTHETIC_CUSTOMERS,ALL_SYNTHETIC_PROGRAMS,CFG-CPL-03,SYNTHETIC_INTERNAL,SNP-COOLIT-20260925-BL,SCN-BASELINE,WOCOMP-0008-026,WO-0008,BOMC-03-026,60,P-COMP-180,54,54,54,0,,LOT-P-COMP-180-A,EFFECTIVE
TEN-COOLIT-SYN-001,SITE-COOLIT-SYN-01,ERP,WORK_ORDER_COMPONENT,WOCOMP-0008-027,WOCOMP-0008-027,RESOLVED,2026-09-25T23:59:59-06:00,2026-09-26T08:00:00-06:00,2026-06-29T00:00:00-06:00,,1,,false,ACTIVE,EA,,VALID,CURRENT,coolit-synthetic-v2.0.0,ALL_SYNTHETIC_CUSTOMERS,ALL_SYNTHETIC_PROGRAMS,CFG-CPL-03,SYNTHETIC_INTERNAL,SNP-COOLIT-20260925-BL,SCN-BASELINE,WOCOMP-0008-027,WO-0008,BOMC-03-027,60,P-COMP-187,54,54,54,0,,LOT-P-COMP-187-A,EFFECTIVE
TEN-COOLIT-SYN-001,SITE-COOLIT-SYN-01,ERP,WORK_ORDER_COMPONENT,WOCOMP-0008-028,WOCOMP-0008-028,RESOLVED,2026-09-25T23:59:59-06:00,2026-09-26T08:00:00-06:00,2026-06-29T00:00:00-06:00,,1,,false,ACTIVE,EA,,VALID,CURRENT,coolit-synthetic-v2.0.0,ALL_SYNTHETIC_CUSTOMERS,ALL_SYNTHETIC_PROGRAMS,CFG-CPL-03,SYNTHETIC_INTERNAL,SNP-COOLIT-20260925-BL,SCN-BASELINE,WOCOMP-0008-028,WO-0008,BOMC-03-028,60,P-COMP-194,108,108,108,0,,LOT-P-COMP-194-A,EFFECTIVE
TEN-COOLIT-SYN-001,SITE-COOLIT-SYN-01,ERP,WORK_ORDER_COMPONENT,WOCOMP-0008-029,WOCOMP-0008-029,RESOLVED,2026-09-25T23:59:59-06:00,2026-09-26T08:00:00-06:00,2026-06-29T00:00:00-06:00,,1,,false,ACTIVE,EA,,VALID,CURRENT,coolit-synthetic-v2.0.0,ALL_SYNTHETIC_CUSTOMERS,ALL_SYNTHETIC_PROGRAMS,CFG-CPL-03,SYNTHETIC_INTERNAL,SNP-COOLIT-20260925-BL,SCN-BASELINE,WOCOMP-0008-029,WO-0008,BOMC-03-029,60,P-COMP-201,54,54,54,0,,LOT-P-COMP-201-A,EFFECTIVE
TEN-COOLIT-SYN-001,SITE-COOLIT-SYN-01,ERP,WORK_ORDER_COMPONENT,WOCOMP-0008-030,WOCOMP-0008-030,RESOLVED,2026-09-25T23:59:59-06:00,2026-09-26T08:00:00-06:00,2026-06-29T00:00:00-06:00,,1,,false,ACTIVE,EA,,VALID,CURRENT,coolit-synthetic-v2.0.0,ALL_SYNTHETIC_CUSTOMERS,ALL_SYNTHETIC_PROGRAMS,CFG-CPL-03,SYNTHETIC_INTERNAL,SNP-COOLIT-20260925-BL,SCN-BASELINE,WOCOMP-0008-030,WO-0008,BOMC-03-030,60,P-COMP-208,54,54,54,0,,LOT-P-COMP-208-A,EFFECTIVE
TEN-COOLIT-SYN-001,SITE-COOLIT-SYN-01,ERP,WORK_ORDER_COMPONENT,WOCOMP-0009-001,WOCOMP-0009-001,RESOLVED,2026-09-25T23:59:59-06:00,2026-09-26T08:00:00-06:00,2026-06-29T00:00:00-06:00,,1,,false,ACTIVE,EA,,VALID,CURRENT,coolit-synthetic-v2.0.0,ALL_SYNTHETIC_CUSTOMERS,ALL_SYNTHETIC_PROGRAMS,CFG-CDU-02,SYNTHETIC_INTERNAL,SNP-COOLIT-20260925-BL,SCN-BASELINE,WOCOMP-0009-001,WO-0009,BOMC-10-001,10,P-COMP-124,24,24,24,0,P-HX-004,LOT-P-COMP-124-A,EFFECTIVE
TEN-COOLIT-SYN-001,SITE-COOLIT-SYN-01,ERP,WORK_ORDER_COMPONENT,WOCOMP-0009-002,WOCOMP-0009-002,RESOLVED,2026-09-25T23:59:59-06:00,2026-09-26T08:00:00-06:00,2026-06-29T00:00:00-06:00,,1,,false,ACTIVE,EA,,VALID,CURRENT,coolit-synthetic-v2.0.0,ALL_SYNTHETIC_CUSTOMERS,ALL_SYNTHETIC_PROGRAMS,CFG-CDU-02,SYNTHETIC_INTERNAL,SNP-COOLIT-20260925-BL,SCN-BASELINE,WOCOMP-0009-002,WO-0009,BOMC-10-002,10,P-COMP-131,12,12,12,0,,LOT-P-COMP-131-A,EFFECTIVE
TEN-COOLIT-SYN-001,SITE-COOLIT-SYN-01,ERP,WORK_ORDER_COMPONENT,WOCOMP-0009-003,WOCOMP-0009-003,RESOLVED,2026-09-25T23:59:59-06:00,2026-09-26T08:00:00-06:00,2026-06-29T00:00:00-06:00,,1,,false,ACTIVE,EA,,VALID,CURRENT,coolit-synthetic-v2.0.0,ALL_SYNTHETIC_CUSTOMERS,ALL_SYNTHETIC_PROGRAMS,CFG-CDU-02,SYNTHETIC_INTERNAL,SNP-COOLIT-20260925-BL,SCN-BASELINE,WOCOMP-0009-003,WO-0009,BOMC-10-003,10,P-COMP-138,12,12,12,0,,LOT-P-COMP-138-A,EFFECTIVE
TEN-COOLIT-SYN-001,SITE-COOLIT-SYN-01,ERP,WORK_ORDER_COMPONENT,WOCOMP-0009-004,WOCOMP-0009-004,RESOLVED,2026-09-25T23:59:59-06:00,2026-09-26T08:00:00-06:00,2026-06-29T00:00:00-06:00,,1,,false,ACTIVE,EA,,VALID,CURRENT,coolit-synthetic-v2.0.0,ALL_SYNTHETIC_CUSTOMERS,ALL_SYNTHETIC_PROGRAMS,CFG-CDU-02,SYNTHETIC_INTERNAL,SNP-COOLIT-20260925-BL,SCN-BASELINE,WOCOMP-0009-004,WO-0009,BOMC-10-004,10,P-COMP-145,12,12,12,0,,LOT-P-COMP-145-A,EFFECTIVE
TEN-COOLIT-SYN-001,SITE-COOLIT-SYN-01,ERP,WORK_ORDER_COMPONENT,WOCOMP-0009-005,WOCOMP-0009-005,RESOLVED,2026-09-25T23:59:59-06:00,2026-09-26T08:00:00-06:00,2026-06-29T00:00:00-06:00,,1,,false,ACTIVE,EA,,VALID,CURRENT,coolit-synthetic-v2.0.0,ALL_SYNTHETIC_CUSTOMERS,ALL_SYNTHETIC_PROGRAMS,CFG-CDU-02,SYNTHETIC_INTERNAL,SNP-COOLIT-20260925-BL,SCN-BASELINE,WOCOMP-0009-005,WO-0009,BOMC-10-005,10,P-COMP-152,12,12,12,0,,LOT-P-COMP-152-A,EFFECTIVE
TEN-COOLIT-SYN-001,SITE-COOLIT-SYN-01,ERP,WORK_ORDER_COMPONENT,WOCOMP-0009-006,WOCOMP-0009-006,RESOLVED,2026-09-25T23:59:59-06:00,2026-09-26T08:00:00-06:00,2026-06-29T00:00:00-06:00,,1,,false,ACTIVE,EA,,VALID,CURRENT,coolit-synthetic-v2.0.0,ALL_SYNTHETIC_CUSTOMERS,ALL_SYNTHETIC_PROGRAMS,CFG-CDU-02,SYNTHETIC_INTERNAL,SNP-COOLIT-20260925-BL,SCN-BASELINE,WOCOMP-0009-006,WO-0009,BOMC-10-006,20,P-COMP-159,12,12,12,0,,LOT-P-COMP-159-A,EFFECTIVE
TEN-COOLIT-SYN-001,SITE-COOLIT-SYN-01,ERP,WORK_ORDER_COMPONENT,WOCOMP-0009-007,WOCOMP-0009-007,RESOLVED,2026-09-25T23:59:59-06:00,2026-09-26T08:00:00-06:00,2026-06-29T00:00:00-06:00,,1,,false,ACTIVE,EA,,VALID,CURRENT,coolit-synthetic-v2.0.0,ALL_SYNTHETIC_CUSTOMERS,ALL_SYNTHETIC_PROGRAMS,CFG-CDU-02,SYNTHETIC_INTERNAL,SNP-COOLIT-20260925-BL,SCN-BASELINE,WOCOMP-0009-007,WO-0009,BOMC-10-007,20,P-COMP-166,12,12,12,0,,LOT-P-COMP-166-A,EFFECTIVE
TEN-COOLIT-SYN-001,SITE-COOLIT-SYN-01,ERP,WORK_ORDER_COMPONENT,WOCOMP-0009-008,WOCOMP-0009-008,RESOLVED,2026-09-25T23:59:59-06:00,2026-09-26T08:00:00-06:00,2026-06-29T00:00:00-06:00,,1,,false,ACTIVE,EA,,VALID,CURRENT,coolit-synthetic-v2.0.0,ALL_SYNTHETIC_CUSTOMERS,ALL_SYNTHETIC_PROGRAMS,CFG-CDU-02,SYNTHETIC_INTERNAL,SNP-COOLIT-20260925-BL,SCN-BASELINE,WOCOMP-0009-008,WO-0009,BOMC-10-008,20,P-COMP-173,12,12,12,0,,LOT-P-COMP-173-A,EFFECTIVE
TEN-COOLIT-SYN-001,SITE-COOLIT-SYN-01,ERP,WORK_ORDER_COMPONENT,WOCOMP-0009-009,WOCOMP-0009-009,RESOLVED,2026-09-25T23:59:59-06:00,2026-09-26T08:00:00-06:00,2026-06-29T00:00:00-06:00,,1,,false,ACTIVE,EA,,VALID,CURRENT,coolit-synthetic-v2.0.0,ALL_SYNTHETIC_CUSTOMERS,ALL_SYNTHETIC_PROGRAMS,CFG-CDU-02,SYNTHETIC_INTERNAL,SNP-COOLIT-20260925-BL,SCN-BASELINE,WOCOMP-0009-009,WO-0009,BOMC-10-009,20,P-COMP-180,12,12,12,0,,LOT-P-COMP-180-A,EFFECTIVE
TEN-COOLIT-SYN-001,SITE-COOLIT-SYN-01,ERP,WORK_ORDER_COMPONENT,WOCOMP-0009-010,WOCOMP-0009-010,RESOLVED,2026-09-25T23:59:59-06:00,2026-09-26T08:00:00-06:00,2026-06-29T00:00:00-06:00,,1,,false,ACTIVE,EA,,VALID,CURRENT,coolit-synthetic-v2.0.0,ALL_SYNTHETIC_CUSTOMERS,ALL_SYNTHETIC_PROGRAMS,CFG-CDU-02,SYNTHETIC_INTERNAL,SNP-COOLIT-20260925-BL,SCN-BASELINE,WOCOMP-0009-010,WO-0009,BOMC-10-010,20,P-COMP-187,24,24,24,0,,LOT-P-COMP-187-A,EFFECTIVE
TEN-COOLIT-SYN-001,SITE-COOLIT-SYN-01,ERP,WORK_ORDER_COMPONENT,WOCOMP-0009-011,WOCOMP-0009-011,RESOLVED,2026-09-25T23:59:59-06:00,2026-09-26T08:00:00-06:00,2026-06-29T00:00:00-06:00,,1,,false,ACTIVE,EA,,VALID,CURRENT,coolit-synthetic-v2.0.0,ALL_SYNTHETIC_CUSTOMERS,ALL_SYNTHETIC_PROGRAMS,CFG-CDU-02,SYNTHETIC_INTERNAL,SNP-COOLIT-20260925-BL,SCN-BASELINE,WOCOMP-0009-011,WO-0009,BOMC-10-011,30,P-COMP-194,12,12,12,0,,LOT-P-COMP-194-A,EFFECTIVE
TEN-COOLIT-SYN-001,SITE-COOLIT-SYN-01,ERP,WORK_ORDER_COMPONENT,WOCOMP-0009-012,WOCOMP-0009-012,RESOLVED,2026-09-25T23:59:59-06:00,2026-09-26T08:00:00-06:00,2026-06-29T00:00:00-06:00,,1,,false,ACTIVE,EA,,VALID,CURRENT,coolit-synthetic-v2.0.0,ALL_SYNTHETIC_CUSTOMERS,ALL_SYNTHETIC_PROGRAMS,CFG-CDU-02,SYNTHETIC_INTERNAL,SNP-COOLIT-20260925-BL,SCN-BASELINE,WOCOMP-0009-012,WO-0009,BOMC-10-012,30,P-COMP-201,12,12,12,0,P-COMP-003,LOT-P-COMP-201-A,EFFECTIVE
TEN-COOLIT-SYN-001,SITE-COOLIT-SYN-01,ERP,WORK_ORDER_COMPONENT,WOCOMP-0009-013,WOCOMP-0009-013,RESOLVED,2026-09-25T23:59:59-06:00,2026-09-26T08:00:00-06:00,2026-06-29T00:00:00-06:00,,1,,false,ACTIVE,EA,,VALID,CURRENT,coolit-synthetic-v2.0.0,ALL_SYNTHETIC_CUSTOMERS,ALL_SYNTHETIC_PROGRAMS,CFG-CDU-02,SYNTHETIC_INTERNAL,SNP-COOLIT-20260925-BL,SCN-BASELINE,WOCOMP-0009-013,WO-0009,BOMC-10-013,30,P-COMP-208,12,12,12,0,,LOT-P-COMP-208-A,EFFECTIVE
TEN-COOLIT-SYN-001,SITE-COOLIT-SYN-01,ERP,WORK_ORDER_COMPONENT,WOCOMP-0009-014,WOCOMP-0009-014,RESOLVED,2026-09-25T23:59:59-06:00,2026-09-26T08:00:00-06:00,2026-06-29T00:00:00-06:00,,1,,false,ACTIVE,EA,,VALID,CURRENT,coolit-synthetic-v2.0.0,ALL_SYNTHETIC_CUSTOMERS,ALL_SYNTHETIC_PROGRAMS,CFG-CDU-02,SYNTHETIC_INTERNAL,SNP-COOLIT-20260925-BL,SCN-BASELINE,WOCOMP-0009-014,WO-0009,BOMC-10-014,30,P-QD-007,12,12,12,0,,LOT-P-QD-007-A,EFFECTIVE
TEN-COOLIT-SYN-001,SITE-COOLIT-SYN-01,ERP,WORK_ORDER_COMPONENT,WOCOMP-0009-015,WOCOMP-0009-015,RESOLVED,2026-09-25T23:59:59-06:00,2026-09-26T08:00:00-06:00,2026-06-29T00:00:00-06:00,,1,,false,ACTIVE,EA,,VALID,CURRENT,coolit-synthetic-v2.0.0,ALL_SYNTHETIC_CUSTOMERS,ALL_SYNTHETIC_PROGRAMS,CFG-CDU-02,SYNTHETIC_INTERNAL,SNP-COOLIT-20260925-BL,SCN-BASELINE,WOCOMP-0009-015,WO-0009,BOMC-10-015,30,P-PUMP-004,12,12,12,0,,LOT-P-PUMP-004-A,EFFECTIVE
TEN-COOLIT-SYN-001,SITE-COOLIT-SYN-01,ERP,WORK_ORDER_COMPONENT,WOCOMP-0009-016,WOCOMP-0009-016,RESOLVED,2026-09-25T23:59:59-06:00,2026-09-26T08:00:00-06:00,2026-06-29T00:00:00-06:00,,1,,false,ACTIVE,EA,,VALID,CURRENT,coolit-synthetic-v2.0.0,ALL_SYNTHETIC_CUSTOMERS,ALL_SYNTHETIC_PROGRAMS,CFG-CDU-02,SYNTHETIC_INTERNAL,SNP-COOLIT-20260925-BL,SCN-BASELINE,WOCOMP-0009-016,WO-0009,BOMC-10-016,40,P-HX-003,12,12,12,0,,LOT-P-HX-003-A,EFFECTIVE
TEN-COOLIT-SYN-001,SITE-COOLIT-SYN-01,ERP,WORK_ORDER_COMPONENT,WOCOMP-0009-017,WOCOMP-0009-017,RESOLVED,2026-09-25T23:59:59-06:00,2026-09-26T08:00:00-06:00,2026-06-29T00:00:00-06:00,,1,,false,ACTIVE,EA,,VALID,CURRENT,coolit-synthetic-v2.0.0,ALL_SYNTHETIC_CUSTOMERS,ALL_SYNTHETIC_PROGRAMS,CFG-CDU-02,SYNTHETIC_INTERNAL,SNP-COOLIT-20260925-BL,SCN-BASELINE,WOCOMP-0009-017,WO-0009,BOMC-10-017,40,P-CTRL-004,12,12,12,0,,LOT-P-CTRL-004-A,EFFECTIVE
TEN-COOLIT-SYN-001,SITE-COOLIT-SYN-01,ERP,WORK_ORDER_COMPONENT,WOCOMP-0009-018,WOCOMP-0009-018,RESOLVED,2026-09-25T23:59:59-06:00,2026-09-26T08:00:00-06:00,2026-06-29T00:00:00-06:00,,1,,false,ACTIVE,EA,,VALID,CURRENT,coolit-synthetic-v2.0.0,ALL_SYNTHETIC_CUSTOMERS,ALL_SYNTHETIC_PROGRAMS,CFG-CDU-02,SYNTHETIC_INTERNAL,SNP-COOLIT-20260925-BL,SCN-BASELINE,WOCOMP-0009-018,WO-0009,BOMC-10-018,40,P-COMP-005,12,12,12,0,,LOT-P-COMP-005-A,EFFECTIVE
TEN-COOLIT-SYN-001,SITE-COOLIT-SYN-01,ERP,WORK_ORDER_COMPONENT,WOCOMP-0009-019,WOCOMP-0009-019,RESOLVED,2026-09-25T23:59:59-06:00,2026-09-26T08:00:00-06:00,2026-06-29T00:00:00-06:00,,1,,false,ACTIVE,EA,,VALID,CURRENT,coolit-synthetic-v2.0.0,ALL_SYNTHETIC_CUSTOMERS,ALL_SYNTHETIC_PROGRAMS,CFG-CDU-02,SYNTHETIC_INTERNAL,SNP-COOLIT-20260925-BL,SCN-BASELINE,WOCOMP-0009-019,WO-0009,BOMC-10-019,40,P-COMP-012,24,24,24,0,,LOT-P-COMP-012-A,EFFECTIVE
TEN-COOLIT-SYN-001,SITE-COOLIT-SYN-01,ERP,WORK_ORDER_COMPONENT,WOCOMP-0009-020,WOCOMP-0009-020,RESOLVED,2026-09-25T23:59:59-06:00,2026-09-26T08:00:00-06:00,2026-06-29T00:00:00-06:00,,1,,false,ACTIVE,EA,,VALID,CURRENT,coolit-synthetic-v2.0.0,ALL_SYNTHETIC_CUSTOMERS,ALL_SYNTHETIC_PROGRAMS,CFG-CDU-02,SYNTHETIC_INTERNAL,SNP-COOLIT-20260925-BL,SCN-BASELINE,WOCOMP-0009-020,WO-0009,BOMC-10-020,40,P-COMP-019,12,12,12,0,,LOT-P-COMP-019-A,EFFECTIVE
TEN-COOLIT-SYN-001,SITE-COOLIT-SYN-01,ERP,WORK_ORDER_COMPONENT,WOCOMP-0009-021,WOCOMP-0009-021,RESOLVED,2026-09-25T23:59:59-06:00,2026-09-26T08:00:00-06:00,2026-06-29T00:00:00-06:00,,1,,false,ACTIVE,EA,,VALID,CURRENT,coolit-synthetic-v2.0.0,ALL_SYNTHETIC_CUSTOMERS,ALL_SYNTHETIC_PROGRAMS,CFG-CDU-02,SYNTHETIC_INTERNAL,SNP-COOLIT-20260925-BL,SCN-BASELINE,WOCOMP-0009-021,WO-0009,BOMC-10-021,50,P-COMP-026,12,12,12,0,,LOT-P-COMP-026-A,EFFECTIVE
TEN-COOLIT-SYN-001,SITE-COOLIT-SYN-01,ERP,WORK_ORDER_COMPONENT,WOCOMP-0009-022,WOCOMP-0009-022,RESOLVED,2026-09-25T23:59:59-06:00,2026-09-26T08:00:00-06:00,2026-06-29T00:00:00-06:00,,1,,false,ACTIVE,EA,,VALID,CURRENT,coolit-synthetic-v2.0.0,ALL_SYNTHETIC_CUSTOMERS,ALL_SYNTHETIC_PROGRAMS,CFG-CDU-02,SYNTHETIC_INTERNAL,SNP-COOLIT-20260925-BL,SCN-BASELINE,WOCOMP-0009-022,WO-0009,BOMC-10-022,50,P-COMP-033,12,12,12,0,,LOT-P-COMP-033-A,EFFECTIVE
TEN-COOLIT-SYN-001,SITE-COOLIT-SYN-01,ERP,WORK_ORDER_COMPONENT,WOCOMP-0009-023,WOCOMP-0009-023,RESOLVED,2026-09-25T23:59:59-06:00,2026-09-26T08:00:00-06:00,2026-06-29T00:00:00-06:00,,1,,false,ACTIVE,EA,,VALID,CURRENT,coolit-synthetic-v2.0.0,ALL_SYNTHETIC_CUSTOMERS,ALL_SYNTHETIC_PROGRAMS,CFG-CDU-02,SYNTHETIC_INTERNAL,SNP-COOLIT-20260925-BL,SCN-BASELINE,WOCOMP-0009-023,WO-0009,BOMC-10-023,50,P-COMP-040,12,12,12,0,P-COMP-014,LOT-P-COMP-040-A,EFFECTIVE
TEN-COOLIT-SYN-001,SITE-COOLIT-SYN-01,ERP,WORK_ORDER_COMPONENT,WOCOMP-0009-024,WOCOMP-0009-024,RESOLVED,2026-09-25T23:59:59-06:00,2026-09-26T08:00:00-06:00,2026-06-29T00:00:00-06:00,,1,,false,ACTIVE,EA,,VALID,CURRENT,coolit-synthetic-v2.0.0,ALL_SYNTHETIC_CUSTOMERS,ALL_SYNTHETIC_PROGRAMS,CFG-CDU-02,SYNTHETIC_INTERNAL,SNP-COOLIT-20260925-BL,SCN-BASELINE,WOCOMP-0009-024,WO-0009,BOMC-10-024,50,P-COMP-047,12,12,12,0,,LOT-P-COMP-047-A,EFFECTIVE
TEN-COOLIT-SYN-001,SITE-COOLIT-SYN-01,ERP,WORK_ORDER_COMPONENT,WOCOMP-0009-025,WOCOMP-0009-025,RESOLVED,2026-09-25T23:59:59-06:00,2026-09-26T08:00:00-06:00,2026-06-29T00:00:00-06:00,,1,,false,ACTIVE,EA,,VALID,CURRENT,coolit-synthetic-v2.0.0,ALL_SYNTHETIC_CUSTOMERS,ALL_SYNTHETIC_PROGRAMS,CFG-CDU-02,SYNTHETIC_INTERNAL,SNP-COOLIT-20260925-BL,SCN-BASELINE,WOCOMP-0009-025,WO-0009,BOMC-10-025,50,P-COMP-054,12,12,12,0,,LOT-P-COMP-054-A,EFFECTIVE
TEN-COOLIT-SYN-001,SITE-COOLIT-SYN-01,ERP,WORK_ORDER_COMPONENT,WOCOMP-0009-026,WOCOMP-0009-026,RESOLVED,2026-09-25T23:59:59-06:00,2026-09-26T08:00:00-06:00,2026-06-29T00:00:00-06:00,,1,,false,ACTIVE,EA,,VALID,CURRENT,coolit-synthetic-v2.0.0,ALL_SYNTHETIC_CUSTOMERS,ALL_SYNTHETIC_PROGRAMS,CFG-CDU-02,SYNTHETIC_INTERNAL,SNP-COOLIT-20260925-BL,SCN-BASELINE,WOCOMP-0009-026,WO-0009,BOMC-10-026,60,P-COMP-061,12,12,12,0,,LOT-P-COMP-061-A,EFFECTIVE
TEN-COOLIT-SYN-001,SITE-COOLIT-SYN-01,ERP,WORK_ORDER_COMPONENT,WOCOMP-0009-027,WOCOMP-0009-027,RESOLVED,2026-09-25T23:59:59-06:00,2026-09-26T08:00:00-06:00,2026-06-29T00:00:00-06:00,,1,,false,ACTIVE,EA,,VALID,CURRENT,coolit-synthetic-v2.0.0,ALL_SYNTHETIC_CUSTOMERS,ALL_SYNTHETIC_PROGRAMS,CFG-CDU-02,SYNTHETIC_INTERNAL,SNP-COOLIT-20260925-BL,SCN-BASELINE,WOCOMP-0009-027,WO-0009,BOMC-10-027,60,P-COMP-068,12,12,12,0,,LOT-P-COMP-068-A,EFFECTIVE
TEN-COOLIT-SYN-001,SITE-COOLIT-SYN-01,ERP,WORK_ORDER_COMPONENT,WOCOMP-0009-028,WOCOMP-0009-028,RESOLVED,2026-09-25T23:59:59-06:00,2026-09-26T08:00:00-06:00,2026-06-29T00:00:00-06:00,,1,,false,ACTIVE,EA,,VALID,CURRENT,coolit-synthetic-v2.0.0,ALL_SYNTHETIC_CUSTOMERS,ALL_SYNTHETIC_PROGRAMS,CFG-CDU-02,SYNTHETIC_INTERNAL,SNP-COOLIT-20260925-BL,SCN-BASELINE,WOCOMP-0009-028,WO-0009,BOMC-10-028,60,P-COMP-075,24,24,24,0,,LOT-P-COMP-075-A,EFFECTIVE
TEN-COOLIT-SYN-001,SITE-COOLIT-SYN-01,ERP,WORK_ORDER_COMPONENT,WOCOMP-0009-029,WOCOMP-0009-029,RESOLVED,2026-09-25T23:59:59-06:00,2026-09-26T08:00:00-06:00,2026-06-29T00:00:00-06:00,,1,,false,ACTIVE,EA,,VALID,CURRENT,coolit-synthetic-v2.0.0,ALL_SYNTHETIC_CUSTOMERS,ALL_SYNTHETIC_PROGRAMS,CFG-CDU-02,SYNTHETIC_INTERNAL,SNP-COOLIT-20260925-BL,SCN-BASELINE,WOCOMP-0009-029,WO-0009,BOMC-10-029,60,P-COMP-082,12,12,12,0,,LOT-P-COMP-082-A,EFFECTIVE
TEN-COOLIT-SYN-001,SITE-COOLIT-SYN-01,ERP,WORK_ORDER_COMPONENT,WOCOMP-0009-030,WOCOMP-0009-030,RESOLVED,2026-09-25T23:59:59-06:00,2026-09-26T08:00:00-06:00,2026-06-29T00:00:00-06:00,,1,,false,ACTIVE,EA,,VALID,CURRENT,coolit-synthetic-v2.0.0,ALL_SYNTHETIC_CUSTOMERS,ALL_SYNTHETIC_PROGRAMS,CFG-CDU-02,SYNTHETIC_INTERNAL,SNP-COOLIT-20260925-BL,SCN-BASELINE,WOCOMP-0009-030,WO-0009,BOMC-10-030,60,P-COMP-089,12,12,12,0,,LOT-P-COMP-089-A,EFFECTIVE
TEN-COOLIT-SYN-001,SITE-COOLIT-SYN-01,ERP,WORK_ORDER_COMPONENT,WOCOMP-0010-001,WOCOMP-0010-001,RESOLVED,2026-09-25T23:59:59-06:00,2026-09-26T08:00:00-06:00,2026-06-29T00:00:00-06:00,,1,,false,ACTIVE,EA,,VALID,CURRENT,coolit-synthetic-v2.0.0,ALL_SYNTHETIC_CUSTOMERS,ALL_SYNTHETIC_PROGRAMS,CFG-RM-01,SYNTHETIC_INTERNAL,SNP-COOLIT-20260925-BL,SCN-BASELINE,WOCOMP-0010-001,WO-0010,BOMC-05-001,10,P-COMP-039,36,36,36,0,P-HX-005,LOT-P-COMP-039-A,EFFECTIVE
TEN-COOLIT-SYN-001,SITE-COOLIT-SYN-01,ERP,WORK_ORDER_COMPONENT,WOCOMP-0010-002,WOCOMP-0010-002,RESOLVED,2026-09-25T23:59:59-06:00,2026-09-26T08:00:00-06:00,2026-06-29T00:00:00-06:00,,1,,false,ACTIVE,EA,,VALID,CURRENT,coolit-synthetic-v2.0.0,ALL_SYNTHETIC_CUSTOMERS,ALL_SYNTHETIC_PROGRAMS,CFG-RM-01,SYNTHETIC_INTERNAL,SNP-COOLIT-20260925-BL,SCN-BASELINE,WOCOMP-0010-002,WO-0010,BOMC-05-002,10,P-COMP-046,18,18,18,0,,LOT-P-COMP-046-A,EFFECTIVE
TEN-COOLIT-SYN-001,SITE-COOLIT-SYN-01,ERP,WORK_ORDER_COMPONENT,WOCOMP-0010-003,WOCOMP-0010-003,RESOLVED,2026-09-25T23:59:59-06:00,2026-09-26T08:00:00-06:00,2026-06-29T00:00:00-06:00,,1,,false,ACTIVE,EA,,VALID,CURRENT,coolit-synthetic-v2.0.0,ALL_SYNTHETIC_CUSTOMERS,ALL_SYNTHETIC_PROGRAMS,CFG-RM-01,SYNTHETIC_INTERNAL,SNP-COOLIT-20260925-BL,SCN-BASELINE,WOCOMP-0010-003,WO-0010,BOMC-05-003,10,P-COMP-053,18,18,18,0,,LOT-P-COMP-053-A,EFFECTIVE
TEN-COOLIT-SYN-001,SITE-COOLIT-SYN-01,ERP,WORK_ORDER_COMPONENT,WOCOMP-0010-004,WOCOMP-0010-004,RESOLVED,2026-09-25T23:59:59-06:00,2026-09-26T08:00:00-06:00,2026-06-29T00:00:00-06:00,,1,,false,ACTIVE,EA,,VALID,CURRENT,coolit-synthetic-v2.0.0,ALL_SYNTHETIC_CUSTOMERS,ALL_SYNTHETIC_PROGRAMS,CFG-RM-01,SYNTHETIC_INTERNAL,SNP-COOLIT-20260925-BL,SCN-BASELINE,WOCOMP-0010-004,WO-0010,BOMC-05-004,10,P-COMP-060,18,18,18,0,,LOT-P-COMP-060-A,EFFECTIVE
TEN-COOLIT-SYN-001,SITE-COOLIT-SYN-01,ERP,WORK_ORDER_COMPONENT,WOCOMP-0010-005,WOCOMP-0010-005,RESOLVED,2026-09-25T23:59:59-06:00,2026-09-26T08:00:00-06:00,2026-06-29T00:00:00-06:00,,1,,false,ACTIVE,EA,,VALID,CURRENT,coolit-synthetic-v2.0.0,ALL_SYNTHETIC_CUSTOMERS,ALL_SYNTHETIC_PROGRAMS,CFG-RM-01,SYNTHETIC_INTERNAL,SNP-COOLIT-20260925-BL,SCN-BASELINE,WOCOMP-0010-005,WO-0010,BOMC-05-005,10,P-COMP-067,18,18,18,0,,LOT-P-COMP-067-A,EFFECTIVE
TEN-COOLIT-SYN-001,SITE-COOLIT-SYN-01,ERP,WORK_ORDER_COMPONENT,WOCOMP-0010-006,WOCOMP-0010-006,RESOLVED,2026-09-25T23:59:59-06:00,2026-09-26T08:00:00-06:00,2026-06-29T00:00:00-06:00,,1,,false,ACTIVE,EA,,VALID,CURRENT,coolit-synthetic-v2.0.0,ALL_SYNTHETIC_CUSTOMERS,ALL_SYNTHETIC_PROGRAMS,CFG-RM-01,SYNTHETIC_INTERNAL,SNP-COOLIT-20260925-BL,SCN-BASELINE,WOCOMP-0010-006,WO-0010,BOMC-05-006,20,P-COMP-074,18,18,18,0,,LOT-P-COMP-074-A,EFFECTIVE
TEN-COOLIT-SYN-001,SITE-COOLIT-SYN-01,ERP,WORK_ORDER_COMPONENT,WOCOMP-0010-007,WOCOMP-0010-007,RESOLVED,2026-09-25T23:59:59-06:00,2026-09-26T08:00:00-06:00,2026-06-29T00:00:00-06:00,,1,,false,ACTIVE,EA,,VALID,CURRENT,coolit-synthetic-v2.0.0,ALL_SYNTHETIC_CUSTOMERS,ALL_SYNTHETIC_PROGRAMS,CFG-RM-01,SYNTHETIC_INTERNAL,SNP-COOLIT-20260925-BL,SCN-BASELINE,WOCOMP-0010-007,WO-0010,BOMC-05-007,20,P-COMP-081,18,18,18,0,,LOT-P-COMP-081-A,EFFECTIVE
TEN-COOLIT-SYN-001,SITE-COOLIT-SYN-01,ERP,WORK_ORDER_COMPONENT,WOCOMP-0010-008,WOCOMP-0010-008,RESOLVED,2026-09-25T23:59:59-06:00,2026-09-26T08:00:00-06:00,2026-06-29T00:00:00-06:00,,1,,false,ACTIVE,EA,,VALID,CURRENT,coolit-synthetic-v2.0.0,ALL_SYNTHETIC_CUSTOMERS,ALL_SYNTHETIC_PROGRAMS,CFG-RM-01,SYNTHETIC_INTERNAL,SNP-COOLIT-20260925-BL,SCN-BASELINE,WOCOMP-0010-008,WO-0010,BOMC-05-008,20,P-COMP-088,18,18,18,0,,LOT-P-COMP-088-A,EFFECTIVE
TEN-COOLIT-SYN-001,SITE-COOLIT-SYN-01,ERP,WORK_ORDER_COMPONENT,WOCOMP-0010-009,WOCOMP-0010-009,RESOLVED,2026-09-25T23:59:59-06:00,2026-09-26T08:00:00-06:00,2026-06-29T00:00:00-06:00,,1,,false,ACTIVE,EA,,VALID,CURRENT,coolit-synthetic-v2.0.0,ALL_SYNTHETIC_CUSTOMERS,ALL_SYNTHETIC_PROGRAMS,CFG-RM-01,SYNTHETIC_INTERNAL,SNP-COOLIT-20260925-BL,SCN-BASELINE,WOCOMP-0010-009,WO-0010,BOMC-05-009,20,P-COMP-095,18,18,18,0,,LOT-P-COMP-095-A,EFFECTIVE
TEN-COOLIT-SYN-001,SITE-COOLIT-SYN-01,ERP,WORK_ORDER_COMPONENT,WOCOMP-0010-010,WOCOMP-0010-010,RESOLVED,2026-09-25T23:59:59-06:00,2026-09-26T08:00:00-06:00,2026-06-29T00:00:00-06:00,,1,,false,ACTIVE,EA,,VALID,CURRENT,coolit-synthetic-v2.0.0,ALL_SYNTHETIC_CUSTOMERS,ALL_SYNTHETIC_PROGRAMS,CFG-RM-01,SYNTHETIC_INTERNAL,SNP-COOLIT-20260925-BL,SCN-BASELINE,WOCOMP-0010-010,WO-0010,BOMC-05-010,20,P-COMP-102,36,36,36,0,,LOT-P-COMP-102-A,EFFECTIVE
TEN-COOLIT-SYN-001,SITE-COOLIT-SYN-01,ERP,WORK_ORDER_COMPONENT,WOCOMP-0010-011,WOCOMP-0010-011,RESOLVED,2026-09-25T23:59:59-06:00,2026-09-26T08:00:00-06:00,2026-06-29T00:00:00-06:00,,1,,false,ACTIVE,EA,,VALID,CURRENT,coolit-synthetic-v2.0.0,ALL_SYNTHETIC_CUSTOMERS,ALL_SYNTHETIC_PROGRAMS,CFG-RM-01,SYNTHETIC_INTERNAL,SNP-COOLIT-20260925-BL,SCN-BASELINE,WOCOMP-0010-011,WO-0010,BOMC-05-011,30,P-COMP-109,18,18,18,0,,LOT-P-COMP-109-A,EFFECTIVE
TEN-COOLIT-SYN-001,SITE-COOLIT-SYN-01,ERP,WORK_ORDER_COMPONENT,WOCOMP-0010-012,WOCOMP-0010-012,RESOLVED,2026-09-25T23:59:59-06:00,2026-09-26T08:00:00-06:00,2026-06-29T00:00:00-06:00,,1,,false,ACTIVE,EA,,VALID,CURRENT,coolit-synthetic-v2.0.0,ALL_SYNTHETIC_CUSTOMERS,ALL_SYNTHETIC_PROGRAMS,CFG-RM-01,SYNTHETIC_INTERNAL,SNP-COOLIT-20260925-BL,SCN-BASELINE,WOCOMP-0010-012,WO-0010,BOMC-05-012,30,P-COMP-116,18,18,18,0,P-COMP-004,LOT-P-COMP-116-A,EFFECTIVE
TEN-COOLIT-SYN-001,SITE-COOLIT-SYN-01,ERP,WORK_ORDER_COMPONENT,WOCOMP-0010-013,WOCOMP-0010-013,RESOLVED,2026-09-25T23:59:59-06:00,2026-09-26T08:00:00-06:00,2026-06-29T00:00:00-06:00,,1,,false,ACTIVE,EA,,VALID,CURRENT,coolit-synthetic-v2.0.0,ALL_SYNTHETIC_CUSTOMERS,ALL_SYNTHETIC_PROGRAMS,CFG-RM-01,SYNTHETIC_INTERNAL,SNP-COOLIT-20260925-BL,SCN-BASELINE,WOCOMP-0010-013,WO-0010,BOMC-05-013,30,P-COMP-123,18,18,18,0,,LOT-P-COMP-123-A,EFFECTIVE
TEN-COOLIT-SYN-001,SITE-COOLIT-SYN-01,ERP,WORK_ORDER_COMPONENT,WOCOMP-0010-014,WOCOMP-0010-014,RESOLVED,2026-09-25T23:59:59-06:00,2026-09-26T08:00:00-06:00,2026-06-29T00:00:00-06:00,,1,,false,ACTIVE,EA,,VALID,CURRENT,coolit-synthetic-v2.0.0,ALL_SYNTHETIC_CUSTOMERS,ALL_SYNTHETIC_PROGRAMS,CFG-RM-01,SYNTHETIC_INTERNAL,SNP-COOLIT-20260925-BL,SCN-BASELINE,WOCOMP-0010-014,WO-0010,BOMC-05-014,30,P-COMP-130,18,18,18,0,,LOT-P-COMP-130-A,EFFECTIVE
TEN-COOLIT-SYN-001,SITE-COOLIT-SYN-01,ERP,WORK_ORDER_COMPONENT,WOCOMP-0010-015,WOCOMP-0010-015,RESOLVED,2026-09-25T23:59:59-06:00,2026-09-26T08:00:00-06:00,2026-06-29T00:00:00-06:00,,1,,false,ACTIVE,EA,,VALID,CURRENT,coolit-synthetic-v2.0.0,ALL_SYNTHETIC_CUSTOMERS,ALL_SYNTHETIC_PROGRAMS,CFG-RM-01,SYNTHETIC_INTERNAL,SNP-COOLIT-20260925-BL,SCN-BASELINE,WOCOMP-0010-015,WO-0010,BOMC-05-015,30,P-COMP-137,18,18,18,0,,LOT-P-COMP-137-A,EFFECTIVE
TEN-COOLIT-SYN-001,SITE-COOLIT-SYN-01,ERP,WORK_ORDER_COMPONENT,WOCOMP-0010-016,WOCOMP-0010-016,RESOLVED,2026-09-25T23:59:59-06:00,2026-09-26T08:00:00-06:00,2026-06-29T00:00:00-06:00,,1,,false,ACTIVE,EA,,VALID,CURRENT,coolit-synthetic-v2.0.0,ALL_SYNTHETIC_CUSTOMERS,ALL_SYNTHETIC_PROGRAMS,CFG-RM-01,SYNTHETIC_INTERNAL,SNP-COOLIT-20260925-BL,SCN-BASELINE,WOCOMP-0010-016,WO-0010,BOMC-05-016,40,P-COMP-144,18,18,18,0,,LOT-P-COMP-144-A,EFFECTIVE
TEN-COOLIT-SYN-001,SITE-COOLIT-SYN-01,ERP,WORK_ORDER_COMPONENT,WOCOMP-0010-017,WOCOMP-0010-017,RESOLVED,2026-09-25T23:59:59-06:00,2026-09-26T08:00:00-06:00,2026-06-29T00:00:00-06:00,,1,,false,ACTIVE,EA,,VALID,CURRENT,coolit-synthetic-v2.0.0,ALL_SYNTHETIC_CUSTOMERS,ALL_SYNTHETIC_PROGRAMS,CFG-RM-01,SYNTHETIC_INTERNAL,SNP-COOLIT-20260925-BL,SCN-BASELINE,WOCOMP-0010-017,WO-0010,BOMC-05-017,40,P-COMP-151,18,18,18,0,,LOT-P-COMP-151-A,EFFECTIVE
TEN-COOLIT-SYN-001,SITE-COOLIT-SYN-01,ERP,WORK_ORDER_COMPONENT,WOCOMP-0010-018,WOCOMP-0010-018,RESOLVED,2026-09-25T23:59:59-06:00,2026-09-26T08:00:00-06:00,2026-06-29T00:00:00-06:00,,1,,false,ACTIVE,EA,,VALID,CURRENT,coolit-synthetic-v2.0.0,ALL_SYNTHETIC_CUSTOMERS,ALL_SYNTHETIC_PROGRAMS,CFG-RM-01,SYNTHETIC_INTERNAL,SNP-COOLIT-20260925-BL,SCN-BASELINE,WOCOMP-0010-018,WO-0010,BOMC-05-018,40,P-COMP-158,18,18,18,0,,LOT-P-COMP-158-A,EFFECTIVE
TEN-COOLIT-SYN-001,SITE-COOLIT-SYN-01,ERP,WORK_ORDER_COMPONENT,WOCOMP-0010-019,WOCOMP-0010-019,RESOLVED,2026-09-25T23:59:59-06:00,2026-09-26T08:00:00-06:00,2026-06-29T00:00:00-06:00,,1,,false,ACTIVE,EA,,VALID,CURRENT,coolit-synthetic-v2.0.0,ALL_SYNTHETIC_CUSTOMERS,ALL_SYNTHETIC_PROGRAMS,CFG-RM-01,SYNTHETIC_INTERNAL,SNP-COOLIT-20260925-BL,SCN-BASELINE,WOCOMP-0010-019,WO-0010,BOMC-05-019,40,P-COMP-165,36,36,36,0,,LOT-P-COMP-165-A,EFFECTIVE
TEN-COOLIT-SYN-001,SITE-COOLIT-SYN-01,ERP,WORK_ORDER_COMPONENT,WOCOMP-0010-020,WOCOMP-0010-020,RESOLVED,2026-09-25T23:59:59-06:00,2026-09-26T08:00:00-06:00,2026-06-29T00:00:00-06:00,,1,,false,ACTIVE,EA,,VALID,CURRENT,coolit-synthetic-v2.0.0,ALL_SYNTHETIC_CUSTOMERS,ALL_SYNTHETIC_PROGRAMS,CFG-RM-01,SYNTHETIC_INTERNAL,SNP-COOLIT-20260925-BL,SCN-BASELINE,WOCOMP-0010-020,WO-0010,BOMC-05-020,40,P-COMP-172,18,18,18,0,,LOT-P-COMP-172-A,EFFECTIVE
TEN-COOLIT-SYN-001,SITE-COOLIT-SYN-01,ERP,WORK_ORDER_COMPONENT,WOCOMP-0010-021,WOCOMP-0010-021,RESOLVED,2026-09-25T23:59:59-06:00,2026-09-26T08:00:00-06:00,2026-06-29T00:00:00-06:00,,1,,false,ACTIVE,EA,,VALID,CURRENT,coolit-synthetic-v2.0.0,ALL_SYNTHETIC_CUSTOMERS,ALL_SYNTHETIC_PROGRAMS,CFG-RM-01,SYNTHETIC_INTERNAL,SNP-COOLIT-20260925-BL,SCN-BASELINE,WOCOMP-0010-021,WO-0010,BOMC-05-021,50,P-COMP-179,18,18,18,0,,LOT-P-COMP-179-A,EFFECTIVE
TEN-COOLIT-SYN-001,SITE-COOLIT-SYN-01,ERP,WORK_ORDER_COMPONENT,WOCOMP-0010-022,WOCOMP-0010-022,RESOLVED,2026-09-25T23:59:59-06:00,2026-09-26T08:00:00-06:00,2026-06-29T00:00:00-06:00,,1,,false,ACTIVE,EA,,VALID,CURRENT,coolit-synthetic-v2.0.0,ALL_SYNTHETIC_CUSTOMERS,ALL_SYNTHETIC_PROGRAMS,CFG-RM-01,SYNTHETIC_INTERNAL,SNP-COOLIT-20260925-BL,SCN-BASELINE,WOCOMP-0010-022,WO-0010,BOMC-05-022,50,P-COMP-186,18,18,18,0,,LOT-P-COMP-186-A,EFFECTIVE
TEN-COOLIT-SYN-001,SITE-COOLIT-SYN-01,ERP,WORK_ORDER_COMPONENT,WOCOMP-0010-023,WOCOMP-0010-023,RESOLVED,2026-09-25T23:59:59-06:00,2026-09-26T08:00:00-06:00,2026-06-29T00:00:00-06:00,,1,,false,ACTIVE,EA,,VALID,CURRENT,coolit-synthetic-v2.0.0,ALL_SYNTHETIC_CUSTOMERS,ALL_SYNTHETIC_PROGRAMS,CFG-RM-01,SYNTHETIC_INTERNAL,SNP-COOLIT-20260925-BL,SCN-BASELINE,WOCOMP-0010-023,WO-0010,BOMC-05-023,50,P-COMP-193,18,18,18,0,P-COMP-015,LOT-P-COMP-193-A,EFFECTIVE
TEN-COOLIT-SYN-001,SITE-COOLIT-SYN-01,ERP,WORK_ORDER_COMPONENT,WOCOMP-0010-024,WOCOMP-0010-024,RESOLVED,2026-09-25T23:59:59-06:00,2026-09-26T08:00:00-06:00,2026-06-29T00:00:00-06:00,,1,,false,ACTIVE,EA,,VALID,CURRENT,coolit-synthetic-v2.0.0,ALL_SYNTHETIC_CUSTOMERS,ALL_SYNTHETIC_PROGRAMS,CFG-RM-01,SYNTHETIC_INTERNAL,SNP-COOLIT-20260925-BL,SCN-BASELINE,WOCOMP-0010-024,WO-0010,BOMC-05-024,50,P-COMP-200,18,18,18,0,,LOT-P-COMP-200-A,EFFECTIVE
TEN-COOLIT-SYN-001,SITE-COOLIT-SYN-01,ERP,WORK_ORDER_COMPONENT,WOCOMP-0010-025,WOCOMP-0010-025,RESOLVED,2026-09-25T23:59:59-06:00,2026-09-26T08:00:00-06:00,2026-06-29T00:00:00-06:00,,1,,false,ACTIVE,EA,,VALID,CURRENT,coolit-synthetic-v2.0.0,ALL_SYNTHETIC_CUSTOMERS,ALL_SYNTHETIC_PROGRAMS,CFG-RM-01,SYNTHETIC_INTERNAL,SNP-COOLIT-20260925-BL,SCN-BASELINE,WOCOMP-0010-025,WO-0010,BOMC-05-025,50,P-COMP-207,18,18,18,0,,LOT-P-COMP-207-A,EFFECTIVE
TEN-COOLIT-SYN-001,SITE-COOLIT-SYN-01,ERP,WORK_ORDER_COMPONENT,WOCOMP-0010-026,WOCOMP-0010-026,RESOLVED,2026-09-25T23:59:59-06:00,2026-09-26T08:00:00-06:00,2026-06-29T00:00:00-06:00,,1,,false,ACTIVE,EA,,VALID,CURRENT,coolit-synthetic-v2.0.0,ALL_SYNTHETIC_CUSTOMERS,ALL_SYNTHETIC_PROGRAMS,CFG-RM-01,SYNTHETIC_INTERNAL,SNP-COOLIT-20260925-BL,SCN-BASELINE,WOCOMP-0010-026,WO-0010,BOMC-05-026,60,P-QD-006,18,18,18,0,,LOT-P-QD-006-A,EFFECTIVE
TEN-COOLIT-SYN-001,SITE-COOLIT-SYN-01,ERP,WORK_ORDER_COMPONENT,WOCOMP-0010-027,WOCOMP-0010-027,RESOLVED,2026-09-25T23:59:59-06:00,2026-09-26T08:00:00-06:00,2026-06-29T00:00:00-06:00,,1,,false,ACTIVE,EA,,VALID,CURRENT,coolit-synthetic-v2.0.0,ALL_SYNTHETIC_CUSTOMERS,ALL_SYNTHETIC_PROGRAMS,CFG-RM-01,SYNTHETIC_INTERNAL,SNP-COOLIT-20260925-BL,SCN-BASELINE,WOCOMP-0010-027,WO-0010,BOMC-05-027,60,P-PUMP-003,18,18,18,0,,LOT-P-PUMP-003-A,EFFECTIVE
TEN-COOLIT-SYN-001,SITE-COOLIT-SYN-01,ERP,WORK_ORDER_COMPONENT,WOCOMP-0010-028,WOCOMP-0010-028,RESOLVED,2026-09-25T23:59:59-06:00,2026-09-26T08:00:00-06:00,2026-06-29T00:00:00-06:00,,1,,false,ACTIVE,EA,,VALID,CURRENT,coolit-synthetic-v2.0.0,ALL_SYNTHETIC_CUSTOMERS,ALL_SYNTHETIC_PROGRAMS,CFG-RM-01,SYNTHETIC_INTERNAL,SNP-COOLIT-20260925-BL,SCN-BASELINE,WOCOMP-0010-028,WO-0010,BOMC-05-028,60,P-HX-002,36,36,36,0,,LOT-P-HX-002-A,EFFECTIVE
TEN-COOLIT-SYN-001,SITE-COOLIT-SYN-01,ERP,WORK_ORDER_COMPONENT,WOCOMP-0010-029,WOCOMP-0010-029,RESOLVED,2026-09-25T23:59:59-06:00,2026-09-26T08:00:00-06:00,2026-06-29T00:00:00-06:00,,1,,false,ACTIVE,EA,,VALID,CURRENT,coolit-synthetic-v2.0.0,ALL_SYNTHETIC_CUSTOMERS,ALL_SYNTHETIC_PROGRAMS,CFG-RM-01,SYNTHETIC_INTERNAL,SNP-COOLIT-20260925-BL,SCN-BASELINE,WOCOMP-0010-029,WO-0010,BOMC-05-029,60,P-CTRL-003,18,18,18,0,,LOT-P-CTRL-003-A,EFFECTIVE
TEN-COOLIT-SYN-001,SITE-COOLIT-SYN-01,ERP,WORK_ORDER_COMPONENT,WOCOMP-0010-030,WOCOMP-0010-030,RESOLVED,2026-09-25T23:59:59-06:00,2026-09-26T08:00:00-06:00,2026-06-29T00:00:00-06:00,,1,,false,ACTIVE,EA,,VALID,CURRENT,coolit-synthetic-v2.0.0,ALL_SYNTHETIC_CUSTOMERS,ALL_SYNTHETIC_PROGRAMS,CFG-RM-01,SYNTHETIC_INTERNAL,SNP-COOLIT-20260925-BL,SCN-BASELINE,WOCOMP-0010-030,WO-0010,BOMC-05-030,60,P-COMP-004,18,18,18,0,,LOT-P-COMP-004-A,EFFECTIVE
TEN-COOLIT-SYN-001,SITE-COOLIT-SYN-01,ERP,WORK_ORDER_COMPONENT,WOCOMP-0011-001,WOCOMP-0011-001,RESOLVED,2026-09-25T23:59:59-06:00,2026-09-26T08:00:00-06:00,2026-06-29T00:00:00-06:00,,1,,false,ACTIVE,EA,,VALID,CURRENT,coolit-synthetic-v2.0.0,ALL_SYNTHETIC_CUSTOMERS,ALL_SYNTHETIC_PROGRAMS,CFG-CDU-04,SYNTHETIC_INTERNAL,SNP-COOLIT-20260925-BL,SCN-BASELINE,WOCOMP-0011-001,WO-0011,BOMC-12-001,10,P-COMP-158,48,48,48,0,P-HX-006,LOT-P-COMP-158-A,EFFECTIVE
TEN-COOLIT-SYN-001,SITE-COOLIT-SYN-01,ERP,WORK_ORDER_COMPONENT,WOCOMP-0011-002,WOCOMP-0011-002,RESOLVED,2026-09-25T23:59:59-06:00,2026-09-26T08:00:00-06:00,2026-06-29T00:00:00-06:00,,1,,false,ACTIVE,EA,,VALID,CURRENT,coolit-synthetic-v2.0.0,ALL_SYNTHETIC_CUSTOMERS,ALL_SYNTHETIC_PROGRAMS,CFG-CDU-04,SYNTHETIC_INTERNAL,SNP-COOLIT-20260925-BL,SCN-BASELINE,WOCOMP-0011-002,WO-0011,BOMC-12-002,10,P-COMP-165,24,24,24,0,,LOT-P-COMP-165-A,EFFECTIVE
TEN-COOLIT-SYN-001,SITE-COOLIT-SYN-01,ERP,WORK_ORDER_COMPONENT,WOCOMP-0011-003,WOCOMP-0011-003,RESOLVED,2026-09-25T23:59:59-06:00,2026-09-26T08:00:00-06:00,2026-06-29T00:00:00-06:00,,1,,false,ACTIVE,EA,,VALID,CURRENT,coolit-synthetic-v2.0.0,ALL_SYNTHETIC_CUSTOMERS,ALL_SYNTHETIC_PROGRAMS,CFG-CDU-04,SYNTHETIC_INTERNAL,SNP-COOLIT-20260925-BL,SCN-BASELINE,WOCOMP-0011-003,WO-0011,BOMC-12-003,10,P-COMP-172,24,24,24,0,,LOT-P-COMP-172-A,EFFECTIVE
TEN-COOLIT-SYN-001,SITE-COOLIT-SYN-01,ERP,WORK_ORDER_COMPONENT,WOCOMP-0011-004,WOCOMP-0011-004,RESOLVED,2026-09-25T23:59:59-06:00,2026-09-26T08:00:00-06:00,2026-06-29T00:00:00-06:00,,1,,false,ACTIVE,EA,,VALID,CURRENT,coolit-synthetic-v2.0.0,ALL_SYNTHETIC_CUSTOMERS,ALL_SYNTHETIC_PROGRAMS,CFG-CDU-04,SYNTHETIC_INTERNAL,SNP-COOLIT-20260925-BL,SCN-BASELINE,WOCOMP-0011-004,WO-0011,BOMC-12-004,10,P-COMP-179,24,24,24,0,,LOT-P-COMP-179-A,EFFECTIVE
TEN-COOLIT-SYN-001,SITE-COOLIT-SYN-01,ERP,WORK_ORDER_COMPONENT,WOCOMP-0011-005,WOCOMP-0011-005,RESOLVED,2026-09-25T23:59:59-06:00,2026-09-26T08:00:00-06:00,2026-06-29T00:00:00-06:00,,1,,false,ACTIVE,EA,,VALID,CURRENT,coolit-synthetic-v2.0.0,ALL_SYNTHETIC_CUSTOMERS,ALL_SYNTHETIC_PROGRAMS,CFG-CDU-04,SYNTHETIC_INTERNAL,SNP-COOLIT-20260925-BL,SCN-BASELINE,WOCOMP-0011-005,WO-0011,BOMC-12-005,10,P-COMP-186,24,24,24,0,,LOT-P-COMP-186-A,EFFECTIVE
TEN-COOLIT-SYN-001,SITE-COOLIT-SYN-01,ERP,WORK_ORDER_COMPONENT,WOCOMP-0011-006,WOCOMP-0011-006,RESOLVED,2026-09-25T23:59:59-06:00,2026-09-26T08:00:00-06:00,2026-06-29T00:00:00-06:00,,1,,false,ACTIVE,EA,,VALID,CURRENT,coolit-synthetic-v2.0.0,ALL_SYNTHETIC_CUSTOMERS,ALL_SYNTHETIC_PROGRAMS,CFG-CDU-04,SYNTHETIC_INTERNAL,SNP-COOLIT-20260925-BL,SCN-BASELINE,WOCOMP-0011-006,WO-0011,BOMC-12-006,20,P-COMP-193,24,24,24,0,,LOT-P-COMP-193-A,EFFECTIVE
TEN-COOLIT-SYN-001,SITE-COOLIT-SYN-01,ERP,WORK_ORDER_COMPONENT,WOCOMP-0011-007,WOCOMP-0011-007,RESOLVED,2026-09-25T23:59:59-06:00,2026-09-26T08:00:00-06:00,2026-06-29T00:00:00-06:00,,1,,false,ACTIVE,EA,,VALID,CURRENT,coolit-synthetic-v2.0.0,ALL_SYNTHETIC_CUSTOMERS,ALL_SYNTHETIC_PROGRAMS,CFG-CDU-04,SYNTHETIC_INTERNAL,SNP-COOLIT-20260925-BL,SCN-BASELINE,WOCOMP-0011-007,WO-0011,BOMC-12-007,20,P-COMP-200,24,24,24,0,,LOT-P-COMP-200-A,EFFECTIVE
TEN-COOLIT-SYN-001,SITE-COOLIT-SYN-01,ERP,WORK_ORDER_COMPONENT,WOCOMP-0011-008,WOCOMP-0011-008,RESOLVED,2026-09-25T23:59:59-06:00,2026-09-26T08:00:00-06:00,2026-06-29T00:00:00-06:00,,1,,false,ACTIVE,EA,,VALID,CURRENT,coolit-synthetic-v2.0.0,ALL_SYNTHETIC_CUSTOMERS,ALL_SYNTHETIC_PROGRAMS,CFG-CDU-04,SYNTHETIC_INTERNAL,SNP-COOLIT-20260925-BL,SCN-BASELINE,WOCOMP-0011-008,WO-0011,BOMC-12-008,20,P-COMP-207,24,24,24,0,,LOT-P-COMP-207-A,EFFECTIVE
TEN-COOLIT-SYN-001,SITE-COOLIT-SYN-01,ERP,WORK_ORDER_COMPONENT,WOCOMP-0011-009,WOCOMP-0011-009,RESOLVED,2026-09-25T23:59:59-06:00,2026-09-26T08:00:00-06:00,2026-06-29T00:00:00-06:00,,1,,false,ACTIVE,EA,,VALID,CURRENT,coolit-synthetic-v2.0.0,ALL_SYNTHETIC_CUSTOMERS,ALL_SYNTHETIC_PROGRAMS,CFG-CDU-04,SYNTHETIC_INTERNAL,SNP-COOLIT-20260925-BL,SCN-BASELINE,WOCOMP-0011-009,WO-0011,BOMC-12-009,20,P-QD-006,24,24,24,0,,LOT-P-QD-006-A,EFFECTIVE
TEN-COOLIT-SYN-001,SITE-COOLIT-SYN-01,ERP,WORK_ORDER_COMPONENT,WOCOMP-0011-010,WOCOMP-0011-010,RESOLVED,2026-09-25T23:59:59-06:00,2026-09-26T08:00:00-06:00,2026-06-29T00:00:00-06:00,,1,,false,ACTIVE,EA,,VALID,CURRENT,coolit-synthetic-v2.0.0,ALL_SYNTHETIC_CUSTOMERS,ALL_SYNTHETIC_PROGRAMS,CFG-CDU-04,SYNTHETIC_INTERNAL,SNP-COOLIT-20260925-BL,SCN-BASELINE,WOCOMP-0011-010,WO-0011,BOMC-12-010,20,P-PUMP-003,48,48,48,0,,LOT-P-PUMP-003-A,EFFECTIVE
TEN-COOLIT-SYN-001,SITE-COOLIT-SYN-01,ERP,WORK_ORDER_COMPONENT,WOCOMP-0011-011,WOCOMP-0011-011,RESOLVED,2026-09-25T23:59:59-06:00,2026-09-26T08:00:00-06:00,2026-06-29T00:00:00-06:00,,1,,false,ACTIVE,EA,,VALID,CURRENT,coolit-synthetic-v2.0.0,ALL_SYNTHETIC_CUSTOMERS,ALL_SYNTHETIC_PROGRAMS,CFG-CDU-04,SYNTHETIC_INTERNAL,SNP-COOLIT-20260925-BL,SCN-BASELINE,WOCOMP-0011-011,WO-0011,BOMC-12-011,30,P-HX-002,24,24,24,0,,LOT-P-HX-002-A,EFFECTIVE
TEN-COOLIT-SYN-001,SITE-COOLIT-SYN-01,ERP,WORK_ORDER_COMPONENT,WOCOMP-0011-012,WOCOMP-0011-012,RESOLVED,2026-09-25T23:59:59-06:00,2026-09-26T08:00:00-06:00,2026-06-29T00:00:00-06:00,,1,,false,ACTIVE,EA,,VALID,CURRENT,coolit-synthetic-v2.0.0,ALL_SYNTHETIC_CUSTOMERS,ALL_SYNTHETIC_PROGRAMS,CFG-CDU-04,SYNTHETIC_INTERNAL,SNP-COOLIT-20260925-BL,SCN-BASELINE,WOCOMP-0011-012,WO-0011,BOMC-12-012,30,P-CTRL-003,24,24,24,0,P-COMP-005,LOT-P-CTRL-003-A,EFFECTIVE
TEN-COOLIT-SYN-001,SITE-COOLIT-SYN-01,ERP,WORK_ORDER_COMPONENT,WOCOMP-0011-013,WOCOMP-0011-013,RESOLVED,2026-09-25T23:59:59-06:00,2026-09-26T08:00:00-06:00,2026-06-29T00:00:00-06:00,,1,,false,ACTIVE,EA,,VALID,CURRENT,coolit-synthetic-v2.0.0,ALL_SYNTHETIC_CUSTOMERS,ALL_SYNTHETIC_PROGRAMS,CFG-CDU-04,SYNTHETIC_INTERNAL,SNP-COOLIT-20260925-BL,SCN-BASELINE,WOCOMP-0011-013,WO-0011,BOMC-12-013,30,P-COMP-004,24,24,24,0,,LOT-P-COMP-004-A,EFFECTIVE
TEN-COOLIT-SYN-001,SITE-COOLIT-SYN-01,ERP,WORK_ORDER_COMPONENT,WOCOMP-0011-014,WOCOMP-0011-014,RESOLVED,2026-09-25T23:59:59-06:00,2026-09-26T08:00:00-06:00,2026-06-29T00:00:00-06:00,,1,,false,ACTIVE,EA,,VALID,CURRENT,coolit-synthetic-v2.0.0,ALL_SYNTHETIC_CUSTOMERS,ALL_SYNTHETIC_PROGRAMS,CFG-CDU-04,SYNTHETIC_INTERNAL,SNP-COOLIT-20260925-BL,SCN-BASELINE,WOCOMP-0011-014,WO-0011,BOMC-12-014,30,P-COMP-011,24,24,24,0,,LOT-P-COMP-011-A,EFFECTIVE
TEN-COOLIT-SYN-001,SITE-COOLIT-SYN-01,ERP,WORK_ORDER_COMPONENT,WOCOMP-0011-015,WOCOMP-0011-015,RESOLVED,2026-09-25T23:59:59-06:00,2026-09-26T08:00:00-06:00,2026-06-29T00:00:00-06:00,,1,,false,ACTIVE,EA,,VALID,CURRENT,coolit-synthetic-v2.0.0,ALL_SYNTHETIC_CUSTOMERS,ALL_SYNTHETIC_PROGRAMS,CFG-CDU-04,SYNTHETIC_INTERNAL,SNP-COOLIT-20260925-BL,SCN-BASELINE,WOCOMP-0011-015,WO-0011,BOMC-12-015,30,P-COMP-018,24,24,24,0,,LOT-P-COMP-018-A,EFFECTIVE
TEN-COOLIT-SYN-001,SITE-COOLIT-SYN-01,ERP,WORK_ORDER_COMPONENT,WOCOMP-0011-016,WOCOMP-0011-016,RESOLVED,2026-09-25T23:59:59-06:00,2026-09-26T08:00:00-06:00,2026-06-29T00:00:00-06:00,,1,,false,ACTIVE,EA,,VALID,CURRENT,coolit-synthetic-v2.0.0,ALL_SYNTHETIC_CUSTOMERS,ALL_SYNTHETIC_PROGRAMS,CFG-CDU-04,SYNTHETIC_INTERNAL,SNP-COOLIT-20260925-BL,SCN-BASELINE,WOCOMP-0011-016,WO-0011,BOMC-12-016,40,P-COMP-025,24,24,24,0,,LOT-P-COMP-025-A,EFFECTIVE
TEN-COOLIT-SYN-001,SITE-COOLIT-SYN-01,ERP,WORK_ORDER_COMPONENT,WOCOMP-0011-017,WOCOMP-0011-017,RESOLVED,2026-09-25T23:59:59-06:00,2026-09-26T08:00:00-06:00,2026-06-29T00:00:00-06:00,,1,,false,ACTIVE,EA,,VALID,CURRENT,coolit-synthetic-v2.0.0,ALL_SYNTHETIC_CUSTOMERS,ALL_SYNTHETIC_PROGRAMS,CFG-CDU-04,SYNTHETIC_INTERNAL,SNP-COOLIT-20260925-BL,SCN-BASELINE,WOCOMP-0011-017,WO-0011,BOMC-12-017,40,P-COMP-032,24,24,24,0,,LOT-P-COMP-032-A,EFFECTIVE
TEN-COOLIT-SYN-001,SITE-COOLIT-SYN-01,ERP,WORK_ORDER_COMPONENT,WOCOMP-0011-018,WOCOMP-0011-018,RESOLVED,2026-09-25T23:59:59-06:00,2026-09-26T08:00:00-06:00,2026-06-29T00:00:00-06:00,,1,,false,ACTIVE,EA,,VALID,CURRENT,coolit-synthetic-v2.0.0,ALL_SYNTHETIC_CUSTOMERS,ALL_SYNTHETIC_PROGRAMS,CFG-CDU-04,SYNTHETIC_INTERNAL,SNP-COOLIT-20260925-BL,SCN-BASELINE,WOCOMP-0011-018,WO-0011,BOMC-12-018,40,P-COMP-039,24,24,24,0,,LOT-P-COMP-039-A,EFFECTIVE
TEN-COOLIT-SYN-001,SITE-COOLIT-SYN-01,ERP,WORK_ORDER_COMPONENT,WOCOMP-0011-019,WOCOMP-0011-019,RESOLVED,2026-09-25T23:59:59-06:00,2026-09-26T08:00:00-06:00,2026-06-29T00:00:00-06:00,,1,,false,ACTIVE,EA,,VALID,CURRENT,coolit-synthetic-v2.0.0,ALL_SYNTHETIC_CUSTOMERS,ALL_SYNTHETIC_PROGRAMS,CFG-CDU-04,SYNTHETIC_INTERNAL,SNP-COOLIT-20260925-BL,SCN-BASELINE,WOCOMP-0011-019,WO-0011,BOMC-12-019,40,P-COMP-046,48,48,48,0,,LOT-P-COMP-046-A,EFFECTIVE
TEN-COOLIT-SYN-001,SITE-COOLIT-SYN-01,ERP,WORK_ORDER_COMPONENT,WOCOMP-0011-020,WOCOMP-0011-020,RESOLVED,2026-09-25T23:59:59-06:00,2026-09-26T08:00:00-06:00,2026-06-29T00:00:00-06:00,,1,,false,ACTIVE,EA,,VALID,CURRENT,coolit-synthetic-v2.0.0,ALL_SYNTHETIC_CUSTOMERS,ALL_SYNTHETIC_PROGRAMS,CFG-CDU-04,SYNTHETIC_INTERNAL,SNP-COOLIT-20260925-BL,SCN-BASELINE,WOCOMP-0011-020,WO-0011,BOMC-12-020,40,P-COMP-053,24,24,24,0,,LOT-P-COMP-053-A,EFFECTIVE
TEN-COOLIT-SYN-001,SITE-COOLIT-SYN-01,ERP,WORK_ORDER_COMPONENT,WOCOMP-0011-021,WOCOMP-0011-021,RESOLVED,2026-09-25T23:59:59-06:00,2026-09-26T08:00:00-06:00,2026-06-29T00:00:00-06:00,,1,,false,ACTIVE,EA,,VALID,CURRENT,coolit-synthetic-v2.0.0,ALL_SYNTHETIC_CUSTOMERS,ALL_SYNTHETIC_PROGRAMS,CFG-CDU-04,SYNTHETIC_INTERNAL,SNP-COOLIT-20260925-BL,SCN-BASELINE,WOCOMP-0011-021,WO-0011,BOMC-12-021,50,P-COMP-060,24,24,24,0,,LOT-P-COMP-060-A,EFFECTIVE
TEN-COOLIT-SYN-001,SITE-COOLIT-SYN-01,ERP,WORK_ORDER_COMPONENT,WOCOMP-0011-022,WOCOMP-0011-022,RESOLVED,2026-09-25T23:59:59-06:00,2026-09-26T08:00:00-06:00,2026-06-29T00:00:00-06:00,,1,,false,ACTIVE,EA,,VALID,CURRENT,coolit-synthetic-v2.0.0,ALL_SYNTHETIC_CUSTOMERS,ALL_SYNTHETIC_PROGRAMS,CFG-CDU-04,SYNTHETIC_INTERNAL,SNP-COOLIT-20260925-BL,SCN-BASELINE,WOCOMP-0011-022,WO-0011,BOMC-12-022,50,P-COMP-067,24,24,24,0,,LOT-P-COMP-067-A,EFFECTIVE
TEN-COOLIT-SYN-001,SITE-COOLIT-SYN-01,ERP,WORK_ORDER_COMPONENT,WOCOMP-0011-023,WOCOMP-0011-023,RESOLVED,2026-09-25T23:59:59-06:00,2026-09-26T08:00:00-06:00,2026-06-29T00:00:00-06:00,,1,,false,ACTIVE,EA,,VALID,CURRENT,coolit-synthetic-v2.0.0,ALL_SYNTHETIC_CUSTOMERS,ALL_SYNTHETIC_PROGRAMS,CFG-CDU-04,SYNTHETIC_INTERNAL,SNP-COOLIT-20260925-BL,SCN-BASELINE,WOCOMP-0011-023,WO-0011,BOMC-12-023,50,P-COMP-074,24,24,24,0,P-COMP-016,LOT-P-COMP-074-A,EFFECTIVE
TEN-COOLIT-SYN-001,SITE-COOLIT-SYN-01,ERP,WORK_ORDER_COMPONENT,WOCOMP-0011-024,WOCOMP-0011-024,RESOLVED,2026-09-25T23:59:59-06:00,2026-09-26T08:00:00-06:00,2026-06-29T00:00:00-06:00,,1,,false,ACTIVE,EA,,VALID,CURRENT,coolit-synthetic-v2.0.0,ALL_SYNTHETIC_CUSTOMERS,ALL_SYNTHETIC_PROGRAMS,CFG-CDU-04,SYNTHETIC_INTERNAL,SNP-COOLIT-20260925-BL,SCN-BASELINE,WOCOMP-0011-024,WO-0011,BOMC-12-024,50,P-COMP-081,24,24,24,0,,LOT-P-COMP-081-A,EFFECTIVE
TEN-COOLIT-SYN-001,SITE-COOLIT-SYN-01,ERP,WORK_ORDER_COMPONENT,WOCOMP-0011-025,WOCOMP-0011-025,RESOLVED,2026-09-25T23:59:59-06:00,2026-09-26T08:00:00-06:00,2026-06-29T00:00:00-06:00,,1,,false,ACTIVE,EA,,VALID,CURRENT,coolit-synthetic-v2.0.0,ALL_SYNTHETIC_CUSTOMERS,ALL_SYNTHETIC_PROGRAMS,CFG-CDU-04,SYNTHETIC_INTERNAL,SNP-COOLIT-20260925-BL,SCN-BASELINE,WOCOMP-0011-025,WO-0011,BOMC-12-025,50,P-COMP-088,24,24,24,0,,LOT-P-COMP-088-A,EFFECTIVE
TEN-COOLIT-SYN-001,SITE-COOLIT-SYN-01,ERP,WORK_ORDER_COMPONENT,WOCOMP-0011-026,WOCOMP-0011-026,RESOLVED,2026-09-25T23:59:59-06:00,2026-09-26T08:00:00-06:00,2026-06-29T00:00:00-06:00,,1,,false,ACTIVE,EA,,VALID,CURRENT,coolit-synthetic-v2.0.0,ALL_SYNTHETIC_CUSTOMERS,ALL_SYNTHETIC_PROGRAMS,CFG-CDU-04,SYNTHETIC_INTERNAL,SNP-COOLIT-20260925-BL,SCN-BASELINE,WOCOMP-0011-026,WO-0011,BOMC-12-026,60,P-COMP-095,24,24,24,0,,LOT-P-COMP-095-A,EFFECTIVE
TEN-COOLIT-SYN-001,SITE-COOLIT-SYN-01,ERP,WORK_ORDER_COMPONENT,WOCOMP-0011-027,WOCOMP-0011-027,RESOLVED,2026-09-25T23:59:59-06:00,2026-09-26T08:00:00-06:00,2026-06-29T00:00:00-06:00,,1,,false,ACTIVE,EA,,VALID,CURRENT,coolit-synthetic-v2.0.0,ALL_SYNTHETIC_CUSTOMERS,ALL_SYNTHETIC_PROGRAMS,CFG-CDU-04,SYNTHETIC_INTERNAL,SNP-COOLIT-20260925-BL,SCN-BASELINE,WOCOMP-0011-027,WO-0011,BOMC-12-027,60,P-COMP-102,24,24,24,0,,LOT-P-COMP-102-A,EFFECTIVE
TEN-COOLIT-SYN-001,SITE-COOLIT-SYN-01,ERP,WORK_ORDER_COMPONENT,WOCOMP-0011-028,WOCOMP-0011-028,RESOLVED,2026-09-25T23:59:59-06:00,2026-09-26T08:00:00-06:00,2026-06-29T00:00:00-06:00,,1,,false,ACTIVE,EA,,VALID,CURRENT,coolit-synthetic-v2.0.0,ALL_SYNTHETIC_CUSTOMERS,ALL_SYNTHETIC_PROGRAMS,CFG-CDU-04,SYNTHETIC_INTERNAL,SNP-COOLIT-20260925-BL,SCN-BASELINE,WOCOMP-0011-028,WO-0011,BOMC-12-028,60,P-COMP-109,48,48,48,0,,LOT-P-COMP-109-A,EFFECTIVE
TEN-COOLIT-SYN-001,SITE-COOLIT-SYN-01,ERP,WORK_ORDER_COMPONENT,WOCOMP-0011-029,WOCOMP-0011-029,RESOLVED,2026-09-25T23:59:59-06:00,2026-09-26T08:00:00-06:00,2026-06-29T00:00:00-06:00,,1,,false,ACTIVE,EA,,VALID,CURRENT,coolit-synthetic-v2.0.0,ALL_SYNTHETIC_CUSTOMERS,ALL_SYNTHETIC_PROGRAMS,CFG-CDU-04,SYNTHETIC_INTERNAL,SNP-COOLIT-20260925-BL,SCN-BASELINE,WOCOMP-0011-029,WO-0011,BOMC-12-029,60,P-COMP-116,24,24,24,0,,LOT-P-COMP-116-A,EFFECTIVE
TEN-COOLIT-SYN-001,SITE-COOLIT-SYN-01,ERP,WORK_ORDER_COMPONENT,WOCOMP-0011-030,WOCOMP-0011-030,RESOLVED,2026-09-25T23:59:59-06:00,2026-09-26T08:00:00-06:00,2026-06-29T00:00:00-06:00,,1,,false,ACTIVE,EA,,VALID,CURRENT,coolit-synthetic-v2.0.0,ALL_SYNTHETIC_CUSTOMERS,ALL_SYNTHETIC_PROGRAMS,CFG-CDU-04,SYNTHETIC_INTERNAL,SNP-COOLIT-20260925-BL,SCN-BASELINE,WOCOMP-0011-030,WO-0011,BOMC-12-030,60,P-COMP-123,24,24,24,0,,LOT-P-COMP-123-A,EFFECTIVE
TEN-COOLIT-SYN-001,SITE-COOLIT-SYN-01,ERP,WORK_ORDER_COMPONENT,WOCOMP-0012-001,WOCOMP-0012-001,RESOLVED,2026-09-25T23:59:59-06:00,2026-09-26T08:00:00-06:00,2026-06-29T00:00:00-06:00,,1,,false,ACTIVE,EA,,VALID,CURRENT,coolit-synthetic-v2.0.0,ALL_SYNTHETIC_CUSTOMERS,ALL_SYNTHETIC_PROGRAMS,CFG-RM-03,SYNTHETIC_INTERNAL,SNP-COOLIT-20260925-BL,SCN-BASELINE,WOCOMP-0012-001,WO-0012,BOMC-07-001,10,P-COMP-073,60,60,60,0,P-CTRL-001,LOT-P-COMP-073-A,EFFECTIVE
TEN-COOLIT-SYN-001,SITE-COOLIT-SYN-01,ERP,WORK_ORDER_COMPONENT,WOCOMP-0012-002,WOCOMP-0012-002,RESOLVED,2026-09-25T23:59:59-06:00,2026-09-26T08:00:00-06:00,2026-06-29T00:00:00-06:00,,1,,false,ACTIVE,EA,,VALID,CURRENT,coolit-synthetic-v2.0.0,ALL_SYNTHETIC_CUSTOMERS,ALL_SYNTHETIC_PROGRAMS,CFG-RM-03,SYNTHETIC_INTERNAL,SNP-COOLIT-20260925-BL,SCN-BASELINE,WOCOMP-0012-002,WO-0012,BOMC-07-002,10,P-COMP-080,30,30,30,0,,LOT-P-COMP-080-A,EFFECTIVE
TEN-COOLIT-SYN-001,SITE-COOLIT-SYN-01,ERP,WORK_ORDER_COMPONENT,WOCOMP-0012-003,WOCOMP-0012-003,RESOLVED,2026-09-25T23:59:59-06:00,2026-09-26T08:00:00-06:00,2026-06-29T00:00:00-06:00,,1,,false,ACTIVE,EA,,VALID,CURRENT,coolit-synthetic-v2.0.0,ALL_SYNTHETIC_CUSTOMERS,ALL_SYNTHETIC_PROGRAMS,CFG-RM-03,SYNTHETIC_INTERNAL,SNP-COOLIT-20260925-BL,SCN-BASELINE,WOCOMP-0012-003,WO-0012,BOMC-07-003,10,P-COMP-087,30,30,30,0,,LOT-P-COMP-087-A,EFFECTIVE
TEN-COOLIT-SYN-001,SITE-COOLIT-SYN-01,ERP,WORK_ORDER_COMPONENT,WOCOMP-0012-004,WOCOMP-0012-004,RESOLVED,2026-09-25T23:59:59-06:00,2026-09-26T08:00:00-06:00,2026-06-29T00:00:00-06:00,,1,,false,ACTIVE,EA,,VALID,CURRENT,coolit-synthetic-v2.0.0,ALL_SYNTHETIC_CUSTOMERS,ALL_SYNTHETIC_PROGRAMS,CFG-RM-03,SYNTHETIC_INTERNAL,SNP-COOLIT-20260925-BL,SCN-BASELINE,WOCOMP-0012-004,WO-0012,BOMC-07-004,10,P-COMP-094,30,30,30,0,,LOT-P-COMP-094-A,EFFECTIVE
TEN-COOLIT-SYN-001,SITE-COOLIT-SYN-01,ERP,WORK_ORDER_COMPONENT,WOCOMP-0012-005,WOCOMP-0012-005,RESOLVED,2026-09-25T23:59:59-06:00,2026-09-26T08:00:00-06:00,2026-06-29T00:00:00-06:00,,1,,false,ACTIVE,EA,,VALID,CURRENT,coolit-synthetic-v2.0.0,ALL_SYNTHETIC_CUSTOMERS,ALL_SYNTHETIC_PROGRAMS,CFG-RM-03,SYNTHETIC_INTERNAL,SNP-COOLIT-20260925-BL,SCN-BASELINE,WOCOMP-0012-005,WO-0012,BOMC-07-005,10,P-COMP-101,30,30,30,0,,LOT-P-COMP-101-A,EFFECTIVE
TEN-COOLIT-SYN-001,SITE-COOLIT-SYN-01,ERP,WORK_ORDER_COMPONENT,WOCOMP-0012-006,WOCOMP-0012-006,RESOLVED,2026-09-25T23:59:59-06:00,2026-09-26T08:00:00-06:00,2026-06-29T00:00:00-06:00,,1,,false,ACTIVE,EA,,VALID,CURRENT,coolit-synthetic-v2.0.0,ALL_SYNTHETIC_CUSTOMERS,ALL_SYNTHETIC_PROGRAMS,CFG-RM-03,SYNTHETIC_INTERNAL,SNP-COOLIT-20260925-BL,SCN-BASELINE,WOCOMP-0012-006,WO-0012,BOMC-07-006,20,P-COMP-108,30,30,30,0,,LOT-P-COMP-108-A,EFFECTIVE
TEN-COOLIT-SYN-001,SITE-COOLIT-SYN-01,ERP,WORK_ORDER_COMPONENT,WOCOMP-0012-007,WOCOMP-0012-007,RESOLVED,2026-09-25T23:59:59-06:00,2026-09-26T08:00:00-06:00,2026-06-29T00:00:00-06:00,,1,,false,ACTIVE,EA,,VALID,CURRENT,coolit-synthetic-v2.0.0,ALL_SYNTHETIC_CUSTOMERS,ALL_SYNTHETIC_PROGRAMS,CFG-RM-03,SYNTHETIC_INTERNAL,SNP-COOLIT-20260925-BL,SCN-BASELINE,WOCOMP-0012-007,WO-0012,BOMC-07-007,20,P-COMP-115,30,30,30,0,,LOT-P-COMP-115-A,EFFECTIVE
TEN-COOLIT-SYN-001,SITE-COOLIT-SYN-01,ERP,WORK_ORDER_COMPONENT,WOCOMP-0012-008,WOCOMP-0012-008,RESOLVED,2026-09-25T23:59:59-06:00,2026-09-26T08:00:00-06:00,2026-06-29T00:00:00-06:00,,1,,false,ACTIVE,EA,,VALID,CURRENT,coolit-synthetic-v2.0.0,ALL_SYNTHETIC_CUSTOMERS,ALL_SYNTHETIC_PROGRAMS,CFG-RM-03,SYNTHETIC_INTERNAL,SNP-COOLIT-20260925-BL,SCN-BASELINE,WOCOMP-0012-008,WO-0012,BOMC-07-008,20,P-COMP-122,30,30,30,0,,LOT-P-COMP-122-A,EFFECTIVE
TEN-COOLIT-SYN-001,SITE-COOLIT-SYN-01,ERP,WORK_ORDER_COMPONENT,WOCOMP-0012-009,WOCOMP-0012-009,RESOLVED,2026-09-25T23:59:59-06:00,2026-09-26T08:00:00-06:00,2026-06-29T00:00:00-06:00,,1,,false,ACTIVE,EA,,VALID,CURRENT,coolit-synthetic-v2.0.0,ALL_SYNTHETIC_CUSTOMERS,ALL_SYNTHETIC_PROGRAMS,CFG-RM-03,SYNTHETIC_INTERNAL,SNP-COOLIT-20260925-BL,SCN-BASELINE,WOCOMP-0012-009,WO-0012,BOMC-07-009,20,P-COMP-129,30,30,30,0,,LOT-P-COMP-129-A,EFFECTIVE
TEN-COOLIT-SYN-001,SITE-COOLIT-SYN-01,ERP,WORK_ORDER_COMPONENT,WOCOMP-0012-010,WOCOMP-0012-010,RESOLVED,2026-09-25T23:59:59-06:00,2026-09-26T08:00:00-06:00,2026-06-29T00:00:00-06:00,,1,,false,ACTIVE,EA,,VALID,CURRENT,coolit-synthetic-v2.0.0,ALL_SYNTHETIC_CUSTOMERS,ALL_SYNTHETIC_PROGRAMS,CFG-RM-03,SYNTHETIC_INTERNAL,SNP-COOLIT-20260925-BL,SCN-BASELINE,WOCOMP-0012-010,WO-0012,BOMC-07-010,20,P-COMP-136,60,60,60,0,,LOT-P-COMP-136-A,EFFECTIVE
TEN-COOLIT-SYN-001,SITE-COOLIT-SYN-01,ERP,WORK_ORDER_COMPONENT,WOCOMP-0012-011,WOCOMP-0012-011,RESOLVED,2026-09-25T23:59:59-06:00,2026-09-26T08:00:00-06:00,2026-06-29T00:00:00-06:00,,1,,false,ACTIVE,EA,,VALID,CURRENT,coolit-synthetic-v2.0.0,ALL_SYNTHETIC_CUSTOMERS,ALL_SYNTHETIC_PROGRAMS,CFG-RM-03,SYNTHETIC_INTERNAL,SNP-COOLIT-20260925-BL,SCN-BASELINE,WOCOMP-0012-011,WO-0012,BOMC-07-011,30,P-COMP-143,30,30,30,0,,LOT-P-COMP-143-A,EFFECTIVE
TEN-COOLIT-SYN-001,SITE-COOLIT-SYN-01,ERP,WORK_ORDER_COMPONENT,WOCOMP-0012-012,WOCOMP-0012-012,RESOLVED,2026-09-25T23:59:59-06:00,2026-09-26T08:00:00-06:00,2026-06-29T00:00:00-06:00,,1,,false,ACTIVE,EA,,VALID,CURRENT,coolit-synthetic-v2.0.0,ALL_SYNTHETIC_CUSTOMERS,ALL_SYNTHETIC_PROGRAMS,CFG-RM-03,SYNTHETIC_INTERNAL,SNP-COOLIT-20260925-BL,SCN-BASELINE,WOCOMP-0012-012,WO-0012,BOMC-07-012,30,P-COMP-150,30,30,30,0,P-COMP-006,LOT-P-COMP-150-A,EFFECTIVE
TEN-COOLIT-SYN-001,SITE-COOLIT-SYN-01,ERP,WORK_ORDER_COMPONENT,WOCOMP-0012-013,WOCOMP-0012-013,RESOLVED,2026-09-25T23:59:59-06:00,2026-09-26T08:00:00-06:00,2026-06-29T00:00:00-06:00,,1,,false,ACTIVE,EA,,VALID,CURRENT,coolit-synthetic-v2.0.0,ALL_SYNTHETIC_CUSTOMERS,ALL_SYNTHETIC_PROGRAMS,CFG-RM-03,SYNTHETIC_INTERNAL,SNP-COOLIT-20260925-BL,SCN-BASELINE,WOCOMP-0012-013,WO-0012,BOMC-07-013,30,P-COMP-157,30,30,30,0,,LOT-P-COMP-157-A,EFFECTIVE
TEN-COOLIT-SYN-001,SITE-COOLIT-SYN-01,ERP,WORK_ORDER_COMPONENT,WOCOMP-0012-014,WOCOMP-0012-014,RESOLVED,2026-09-25T23:59:59-06:00,2026-09-26T08:00:00-06:00,2026-06-29T00:00:00-06:00,,1,,false,ACTIVE,EA,,VALID,CURRENT,coolit-synthetic-v2.0.0,ALL_SYNTHETIC_CUSTOMERS,ALL_SYNTHETIC_PROGRAMS,CFG-RM-03,SYNTHETIC_INTERNAL,SNP-COOLIT-20260925-BL,SCN-BASELINE,WOCOMP-0012-014,WO-0012,BOMC-07-014,30,P-COMP-164,30,30,30,0,,LOT-P-COMP-164-A,EFFECTIVE
TEN-COOLIT-SYN-001,SITE-COOLIT-SYN-01,ERP,WORK_ORDER_COMPONENT,WOCOMP-0012-015,WOCOMP-0012-015,RESOLVED,2026-09-25T23:59:59-06:00,2026-09-26T08:00:00-06:00,2026-06-29T00:00:00-06:00,,1,,false,ACTIVE,EA,,VALID,CURRENT,coolit-synthetic-v2.0.0,ALL_SYNTHETIC_CUSTOMERS,ALL_SYNTHETIC_PROGRAMS,CFG-RM-03,SYNTHETIC_INTERNAL,SNP-COOLIT-20260925-BL,SCN-BASELINE,WOCOMP-0012-015,WO-0012,BOMC-07-015,30,P-COMP-171,30,30,30,0,,LOT-P-COMP-171-A,EFFECTIVE
TEN-COOLIT-SYN-001,SITE-COOLIT-SYN-01,ERP,WORK_ORDER_COMPONENT,WOCOMP-0012-016,WOCOMP-0012-016,RESOLVED,2026-09-25T23:59:59-06:00,2026-09-26T08:00:00-06:00,2026-06-29T00:00:00-06:00,,1,,false,ACTIVE,EA,,VALID,CURRENT,coolit-synthetic-v2.0.0,ALL_SYNTHETIC_CUSTOMERS,ALL_SYNTHETIC_PROGRAMS,CFG-RM-03,SYNTHETIC_INTERNAL,SNP-COOLIT-20260925-BL,SCN-BASELINE,WOCOMP-0012-016,WO-0012,BOMC-07-016,40,P-COMP-178,30,30,30,0,,LOT-P-COMP-178-A,EFFECTIVE
TEN-COOLIT-SYN-001,SITE-COOLIT-SYN-01,ERP,WORK_ORDER_COMPONENT,WOCOMP-0012-017,WOCOMP-0012-017,RESOLVED,2026-09-25T23:59:59-06:00,2026-09-26T08:00:00-06:00,2026-06-29T00:00:00-06:00,,1,,false,ACTIVE,EA,,VALID,CURRENT,coolit-synthetic-v2.0.0,ALL_SYNTHETIC_CUSTOMERS,ALL_SYNTHETIC_PROGRAMS,CFG-RM-03,SYNTHETIC_INTERNAL,SNP-COOLIT-20260925-BL,SCN-BASELINE,WOCOMP-0012-017,WO-0012,BOMC-07-017,40,P-COMP-185,30,30,30,0,,LOT-P-COMP-185-A,EFFECTIVE
TEN-COOLIT-SYN-001,SITE-COOLIT-SYN-01,ERP,WORK_ORDER_COMPONENT,WOCOMP-0012-018,WOCOMP-0012-018,RESOLVED,2026-09-25T23:59:59-06:00,2026-09-26T08:00:00-06:00,2026-06-29T00:00:00-06:00,,1,,false,ACTIVE,EA,,VALID,CURRENT,coolit-synthetic-v2.0.0,ALL_SYNTHETIC_CUSTOMERS,ALL_SYNTHETIC_PROGRAMS,CFG-RM-03,SYNTHETIC_INTERNAL,SNP-COOLIT-20260925-BL,SCN-BASELINE,WOCOMP-0012-018,WO-0012,BOMC-07-018,40,P-COMP-192,30,30,30,0,,LOT-P-COMP-192-A,EFFECTIVE
TEN-COOLIT-SYN-001,SITE-COOLIT-SYN-01,ERP,WORK_ORDER_COMPONENT,WOCOMP-0012-019,WOCOMP-0012-019,RESOLVED,2026-09-25T23:59:59-06:00,2026-09-26T08:00:00-06:00,2026-06-29T00:00:00-06:00,,1,,false,ACTIVE,EA,,VALID,CURRENT,coolit-synthetic-v2.0.0,ALL_SYNTHETIC_CUSTOMERS,ALL_SYNTHETIC_PROGRAMS,CFG-RM-03,SYNTHETIC_INTERNAL,SNP-COOLIT-20260925-BL,SCN-BASELINE,WOCOMP-0012-019,WO-0012,BOMC-07-019,40,P-COMP-199,60,60,60,0,,LOT-P-COMP-199-A,EFFECTIVE
TEN-COOLIT-SYN-001,SITE-COOLIT-SYN-01,ERP,WORK_ORDER_COMPONENT,WOCOMP-0012-020,WOCOMP-0012-020,RESOLVED,2026-09-25T23:59:59-06:00,2026-09-26T08:00:00-06:00,2026-06-29T00:00:00-06:00,,1,,false,ACTIVE,EA,,VALID,CURRENT,coolit-synthetic-v2.0.0,ALL_SYNTHETIC_CUSTOMERS,ALL_SYNTHETIC_PROGRAMS,CFG-RM-03,SYNTHETIC_INTERNAL,SNP-COOLIT-20260925-BL,SCN-BASELINE,WOCOMP-0012-020,WO-0012,BOMC-07-020,40,P-COMP-206,30,30,30,0,,LOT-P-COMP-206-A,EFFECTIVE
TEN-COOLIT-SYN-001,SITE-COOLIT-SYN-01,ERP,WORK_ORDER_COMPONENT,WOCOMP-0012-021,WOCOMP-0012-021,RESOLVED,2026-09-25T23:59:59-06:00,2026-09-26T08:00:00-06:00,2026-06-29T00:00:00-06:00,,1,,false,ACTIVE,EA,,VALID,CURRENT,coolit-synthetic-v2.0.0,ALL_SYNTHETIC_CUSTOMERS,ALL_SYNTHETIC_PROGRAMS,CFG-RM-03,SYNTHETIC_INTERNAL,SNP-COOLIT-20260925-BL,SCN-BASELINE,WOCOMP-0012-021,WO-0012,BOMC-07-021,50,P-QD-005,30,30,30,0,,LOT-P-QD-005-A,EFFECTIVE
TEN-COOLIT-SYN-001,SITE-COOLIT-SYN-01,ERP,WORK_ORDER_COMPONENT,WOCOMP-0012-022,WOCOMP-0012-022,RESOLVED,2026-09-25T23:59:59-06:00,2026-09-26T08:00:00-06:00,2026-06-29T00:00:00-06:00,,1,,false,ACTIVE,EA,,VALID,CURRENT,coolit-synthetic-v2.0.0,ALL_SYNTHETIC_CUSTOMERS,ALL_SYNTHETIC_PROGRAMS,CFG-RM-03,SYNTHETIC_INTERNAL,SNP-COOLIT-20260925-BL,SCN-BASELINE,WOCOMP-0012-022,WO-0012,BOMC-07-022,50,P-PUMP-002,30,30,30,0,,LOT-P-PUMP-002-A,EFFECTIVE
TEN-COOLIT-SYN-001,SITE-COOLIT-SYN-01,ERP,WORK_ORDER_COMPONENT,WOCOMP-0012-023,WOCOMP-0012-023,RESOLVED,2026-09-25T23:59:59-06:00,2026-09-26T08:00:00-06:00,2026-06-29T00:00:00-06:00,,1,,false,ACTIVE,EA,,VALID,CURRENT,coolit-synthetic-v2.0.0,ALL_SYNTHETIC_CUSTOMERS,ALL_SYNTHETIC_PROGRAMS,CFG-RM-03,SYNTHETIC_INTERNAL,SNP-COOLIT-20260925-BL,SCN-BASELINE,WOCOMP-0012-023,WO-0012,BOMC-07-023,50,P-HX-001,30,30,30,0,P-COMP-017,LOT-P-HX-001-A,EFFECTIVE
TEN-COOLIT-SYN-001,SITE-COOLIT-SYN-01,ERP,WORK_ORDER_COMPONENT,WOCOMP-0012-024,WOCOMP-0012-024,RESOLVED,2026-09-25T23:59:59-06:00,2026-09-26T08:00:00-06:00,2026-06-29T00:00:00-06:00,,1,,false,ACTIVE,EA,,VALID,CURRENT,coolit-synthetic-v2.0.0,ALL_SYNTHETIC_CUSTOMERS,ALL_SYNTHETIC_PROGRAMS,CFG-RM-03,SYNTHETIC_INTERNAL,SNP-COOLIT-20260925-BL,SCN-BASELINE,WOCOMP-0012-024,WO-0012,BOMC-07-024,50,P-CTRL-002,30,30,30,0,,LOT-P-CTRL-002-A,EFFECTIVE
TEN-COOLIT-SYN-001,SITE-COOLIT-SYN-01,ERP,WORK_ORDER_COMPONENT,WOCOMP-0012-025,WOCOMP-0012-025,RESOLVED,2026-09-25T23:59:59-06:00,2026-09-26T08:00:00-06:00,2026-06-29T00:00:00-06:00,,1,,false,ACTIVE,EA,,VALID,CURRENT,coolit-synthetic-v2.0.0,ALL_SYNTHETIC_CUSTOMERS,ALL_SYNTHETIC_PROGRAMS,CFG-RM-03,SYNTHETIC_INTERNAL,SNP-COOLIT-20260925-BL,SCN-BASELINE,WOCOMP-0012-025,WO-0012,BOMC-07-025,50,P-COMP-003,30,30,30,0,,LOT-P-COMP-003-A,EFFECTIVE
TEN-COOLIT-SYN-001,SITE-COOLIT-SYN-01,ERP,WORK_ORDER_COMPONENT,WOCOMP-0012-026,WOCOMP-0012-026,RESOLVED,2026-09-25T23:59:59-06:00,2026-09-26T08:00:00-06:00,2026-06-29T00:00:00-06:00,,1,,false,ACTIVE,EA,,VALID,CURRENT,coolit-synthetic-v2.0.0,ALL_SYNTHETIC_CUSTOMERS,ALL_SYNTHETIC_PROGRAMS,CFG-RM-03,SYNTHETIC_INTERNAL,SNP-COOLIT-20260925-BL,SCN-BASELINE,WOCOMP-0012-026,WO-0012,BOMC-07-026,60,P-COMP-010,30,30,30,0,,LOT-P-COMP-010-A,EFFECTIVE
TEN-COOLIT-SYN-001,SITE-COOLIT-SYN-01,ERP,WORK_ORDER_COMPONENT,WOCOMP-0012-027,WOCOMP-0012-027,RESOLVED,2026-09-25T23:59:59-06:00,2026-09-26T08:00:00-06:00,2026-06-29T00:00:00-06:00,,1,,false,ACTIVE,EA,,VALID,CURRENT,coolit-synthetic-v2.0.0,ALL_SYNTHETIC_CUSTOMERS,ALL_SYNTHETIC_PROGRAMS,CFG-RM-03,SYNTHETIC_INTERNAL,SNP-COOLIT-20260925-BL,SCN-BASELINE,WOCOMP-0012-027,WO-0012,BOMC-07-027,60,P-COMP-017,30,30,30,0,,LOT-P-COMP-017-A,EFFECTIVE
TEN-COOLIT-SYN-001,SITE-COOLIT-SYN-01,ERP,WORK_ORDER_COMPONENT,WOCOMP-0012-028,WOCOMP-0012-028,RESOLVED,2026-09-25T23:59:59-06:00,2026-09-26T08:00:00-06:00,2026-06-29T00:00:00-06:00,,1,,false,ACTIVE,EA,,VALID,CURRENT,coolit-synthetic-v2.0.0,ALL_SYNTHETIC_CUSTOMERS,ALL_SYNTHETIC_PROGRAMS,CFG-RM-03,SYNTHETIC_INTERNAL,SNP-COOLIT-20260925-BL,SCN-BASELINE,WOCOMP-0012-028,WO-0012,BOMC-07-028,60,P-COMP-024,60,60,60,0,,LOT-P-COMP-024-A,EFFECTIVE
TEN-COOLIT-SYN-001,SITE-COOLIT-SYN-01,ERP,WORK_ORDER_COMPONENT,WOCOMP-0012-029,WOCOMP-0012-029,RESOLVED,2026-09-25T23:59:59-06:00,2026-09-26T08:00:00-06:00,2026-06-29T00:00:00-06:00,,1,,false,ACTIVE,EA,,VALID,CURRENT,coolit-synthetic-v2.0.0,ALL_SYNTHETIC_CUSTOMERS,ALL_SYNTHETIC_PROGRAMS,CFG-RM-03,SYNTHETIC_INTERNAL,SNP-COOLIT-20260925-BL,SCN-BASELINE,WOCOMP-0012-029,WO-0012,BOMC-07-029,60,P-COMP-031,30,30,30,0,,LOT-P-COMP-031-A,EFFECTIVE
TEN-COOLIT-SYN-001,SITE-COOLIT-SYN-01,ERP,WORK_ORDER_COMPONENT,WOCOMP-0012-030,WOCOMP-0012-030,RESOLVED,2026-09-25T23:59:59-06:00,2026-09-26T08:00:00-06:00,2026-06-29T00:00:00-06:00,,1,,false,ACTIVE,EA,,VALID,CURRENT,coolit-synthetic-v2.0.0,ALL_SYNTHETIC_CUSTOMERS,ALL_SYNTHETIC_PROGRAMS,CFG-RM-03,SYNTHETIC_INTERNAL,SNP-COOLIT-20260925-BL,SCN-BASELINE,WOCOMP-0012-030,WO-0012,BOMC-07-030,60,P-COMP-038,30,30,30,0,,LOT-P-COMP-038-A,EFFECTIVE
TEN-COOLIT-SYN-001,SITE-COOLIT-SYN-01,ERP,WORK_ORDER_COMPONENT,WOCOMP-0013-001,WOCOMP-0013-001,RESOLVED,2026-09-25T23:59:59-06:00,2026-09-26T08:00:00-06:00,2026-06-29T00:00:00-06:00,,1,,false,ACTIVE,EA,,VALID,CURRENT,coolit-synthetic-v2.0.0,ALL_SYNTHETIC_CUSTOMERS,ALL_SYNTHETIC_PROGRAMS,CFG-CPL-02,SYNTHETIC_INTERNAL,SNP-COOLIT-20260925-BL,SCN-BASELINE,WOCOMP-0013-001,WO-0013,BOMC-02-001,10,P-PUMP-008,72,72,72,0,P-CTRL-002,LOT-P-PUMP-008-A,EFFECTIVE
TEN-COOLIT-SYN-001,SITE-COOLIT-SYN-01,ERP,WORK_ORDER_COMPONENT,WOCOMP-0013-002,WOCOMP-0013-002,RESOLVED,2026-09-25T23:59:59-06:00,2026-09-26T08:00:00-06:00,2026-06-29T00:00:00-06:00,,1,,false,ACTIVE,EA,,VALID,CURRENT,coolit-synthetic-v2.0.0,ALL_SYNTHETIC_CUSTOMERS,ALL_SYNTHETIC_PROGRAMS,CFG-CPL-02,SYNTHETIC_INTERNAL,SNP-COOLIT-20260925-BL,SCN-BASELINE,WOCOMP-0013-002,WO-0013,BOMC-02-002,10,P-CTRL-001,36,36,36,0,,LOT-P-CTRL-001-A,EFFECTIVE
TEN-COOLIT-SYN-001,SITE-COOLIT-SYN-01,ERP,WORK_ORDER_COMPONENT,WOCOMP-0013-003,WOCOMP-0013-003,RESOLVED,2026-09-25T23:59:59-06:00,2026-09-26T08:00:00-06:00,2026-06-29T00:00:00-06:00,,1,,false,ACTIVE,EA,,VALID,CURRENT,coolit-synthetic-v2.0.0,ALL_SYNTHETIC_CUSTOMERS,ALL_SYNTHETIC_PROGRAMS,CFG-CPL-02,SYNTHETIC_INTERNAL,SNP-COOLIT-20260925-BL,SCN-BASELINE,WOCOMP-0013-003,WO-0013,BOMC-02-003,10,P-COMP-002,36,36,36,0,,LOT-P-COMP-002-A,EFFECTIVE
TEN-COOLIT-SYN-001,SITE-COOLIT-SYN-01,ERP,WORK_ORDER_COMPONENT,WOCOMP-0013-004,WOCOMP-0013-004,RESOLVED,2026-09-25T23:59:59-06:00,2026-09-26T08:00:00-06:00,2026-06-29T00:00:00-06:00,,1,,false,ACTIVE,EA,,VALID,CURRENT,coolit-synthetic-v2.0.0,ALL_SYNTHETIC_CUSTOMERS,ALL_SYNTHETIC_PROGRAMS,CFG-CPL-02,SYNTHETIC_INTERNAL,SNP-COOLIT-20260925-BL,SCN-BASELINE,WOCOMP-0013-004,WO-0013,BOMC-02-004,10,P-COMP-009,36,36,36,0,,LOT-P-COMP-009-A,EFFECTIVE
TEN-COOLIT-SYN-001,SITE-COOLIT-SYN-01,ERP,WORK_ORDER_COMPONENT,WOCOMP-0013-005,WOCOMP-0013-005,RESOLVED,2026-09-25T23:59:59-06:00,2026-09-26T08:00:00-06:00,2026-06-29T00:00:00-06:00,,1,,false,ACTIVE,EA,,VALID,CURRENT,coolit-synthetic-v2.0.0,ALL_SYNTHETIC_CUSTOMERS,ALL_SYNTHETIC_PROGRAMS,CFG-CPL-02,SYNTHETIC_INTERNAL,SNP-COOLIT-20260925-BL,SCN-BASELINE,WOCOMP-0013-005,WO-0013,BOMC-02-005,10,P-COMP-016,36,36,36,0,,LOT-P-COMP-016-A,EFFECTIVE
TEN-COOLIT-SYN-001,SITE-COOLIT-SYN-01,ERP,WORK_ORDER_COMPONENT,WOCOMP-0013-006,WOCOMP-0013-006,RESOLVED,2026-09-25T23:59:59-06:00,2026-09-26T08:00:00-06:00,2026-06-29T00:00:00-06:00,,1,,false,ACTIVE,EA,,VALID,CURRENT,coolit-synthetic-v2.0.0,ALL_SYNTHETIC_CUSTOMERS,ALL_SYNTHETIC_PROGRAMS,CFG-CPL-02,SYNTHETIC_INTERNAL,SNP-COOLIT-20260925-BL,SCN-BASELINE,WOCOMP-0013-006,WO-0013,BOMC-02-006,20,P-COMP-023,36,36,36,0,,LOT-P-COMP-023-A,EFFECTIVE
TEN-COOLIT-SYN-001,SITE-COOLIT-SYN-01,ERP,WORK_ORDER_COMPONENT,WOCOMP-0013-007,WOCOMP-0013-007,RESOLVED,2026-09-25T23:59:59-06:00,2026-09-26T08:00:00-06:00,2026-06-29T00:00:00-06:00,,1,,false,ACTIVE,EA,,VALID,CURRENT,coolit-synthetic-v2.0.0,ALL_SYNTHETIC_CUSTOMERS,ALL_SYNTHETIC_PROGRAMS,CFG-CPL-02,SYNTHETIC_INTERNAL,SNP-COOLIT-20260925-BL,SCN-BASELINE,WOCOMP-0013-007,WO-0013,BOMC-02-007,20,P-COMP-030,36,36,36,0,,LOT-P-COMP-030-A,EFFECTIVE
TEN-COOLIT-SYN-001,SITE-COOLIT-SYN-01,ERP,WORK_ORDER_COMPONENT,WOCOMP-0013-008,WOCOMP-0013-008,RESOLVED,2026-09-25T23:59:59-06:00,2026-09-26T08:00:00-06:00,2026-06-29T00:00:00-06:00,,1,,false,ACTIVE,EA,,VALID,CURRENT,coolit-synthetic-v2.0.0,ALL_SYNTHETIC_CUSTOMERS,ALL_SYNTHETIC_PROGRAMS,CFG-CPL-02,SYNTHETIC_INTERNAL,SNP-COOLIT-20260925-BL,SCN-BASELINE,WOCOMP-0013-008,WO-0013,BOMC-02-008,20,P-COMP-037,36,36,36,0,,LOT-P-COMP-037-A,EFFECTIVE
TEN-COOLIT-SYN-001,SITE-COOLIT-SYN-01,ERP,WORK_ORDER_COMPONENT,WOCOMP-0013-009,WOCOMP-0013-009,RESOLVED,2026-09-25T23:59:59-06:00,2026-09-26T08:00:00-06:00,2026-06-29T00:00:00-06:00,,1,,false,ACTIVE,EA,,VALID,CURRENT,coolit-synthetic-v2.0.0,ALL_SYNTHETIC_CUSTOMERS,ALL_SYNTHETIC_PROGRAMS,CFG-CPL-02,SYNTHETIC_INTERNAL,SNP-COOLIT-20260925-BL,SCN-BASELINE,WOCOMP-0013-009,WO-0013,BOMC-02-009,20,P-COMP-044,36,36,36,0,,LOT-P-COMP-044-A,EFFECTIVE
TEN-COOLIT-SYN-001,SITE-COOLIT-SYN-01,ERP,WORK_ORDER_COMPONENT,WOCOMP-0013-010,WOCOMP-0013-010,RESOLVED,2026-09-25T23:59:59-06:00,2026-09-26T08:00:00-06:00,2026-06-29T00:00:00-06:00,,1,,false,ACTIVE,EA,,VALID,CURRENT,coolit-synthetic-v2.0.0,ALL_SYNTHETIC_CUSTOMERS,ALL_SYNTHETIC_PROGRAMS,CFG-CPL-02,SYNTHETIC_INTERNAL,SNP-COOLIT-20260925-BL,SCN-BASELINE,WOCOMP-0013-010,WO-0013,BOMC-02-010,20,P-COMP-051,72,72,72,0,,LOT-P-COMP-051-A,EFFECTIVE
TEN-COOLIT-SYN-001,SITE-COOLIT-SYN-01,ERP,WORK_ORDER_COMPONENT,WOCOMP-0013-011,WOCOMP-0013-011,RESOLVED,2026-09-25T23:59:59-06:00,2026-09-26T08:00:00-06:00,2026-06-29T00:00:00-06:00,,1,,false,ACTIVE,EA,,VALID,CURRENT,coolit-synthetic-v2.0.0,ALL_SYNTHETIC_CUSTOMERS,ALL_SYNTHETIC_PROGRAMS,CFG-CPL-02,SYNTHETIC_INTERNAL,SNP-COOLIT-20260925-BL,SCN-BASELINE,WOCOMP-0013-011,WO-0013,BOMC-02-011,30,P-COMP-058,36,36,36,0,,LOT-P-COMP-058-A,EFFECTIVE
TEN-COOLIT-SYN-001,SITE-COOLIT-SYN-01,ERP,WORK_ORDER_COMPONENT,WOCOMP-0013-012,WOCOMP-0013-012,RESOLVED,2026-09-25T23:59:59-06:00,2026-09-26T08:00:00-06:00,2026-06-29T00:00:00-06:00,,1,,false,ACTIVE,EA,,VALID,CURRENT,coolit-synthetic-v2.0.0,ALL_SYNTHETIC_CUSTOMERS,ALL_SYNTHETIC_PROGRAMS,CFG-CPL-02,SYNTHETIC_INTERNAL,SNP-COOLIT-20260925-BL,SCN-BASELINE,WOCOMP-0013-012,WO-0013,BOMC-02-012,30,P-COMP-065,36,36,36,0,P-COMP-007,LOT-P-COMP-065-A,EFFECTIVE
TEN-COOLIT-SYN-001,SITE-COOLIT-SYN-01,ERP,WORK_ORDER_COMPONENT,WOCOMP-0013-013,WOCOMP-0013-013,RESOLVED,2026-09-25T23:59:59-06:00,2026-09-26T08:00:00-06:00,2026-06-29T00:00:00-06:00,,1,,false,ACTIVE,EA,,VALID,CURRENT,coolit-synthetic-v2.0.0,ALL_SYNTHETIC_CUSTOMERS,ALL_SYNTHETIC_PROGRAMS,CFG-CPL-02,SYNTHETIC_INTERNAL,SNP-COOLIT-20260925-BL,SCN-BASELINE,WOCOMP-0013-013,WO-0013,BOMC-02-013,30,P-COMP-072,36,36,36,0,,LOT-P-COMP-072-A,EFFECTIVE
TEN-COOLIT-SYN-001,SITE-COOLIT-SYN-01,ERP,WORK_ORDER_COMPONENT,WOCOMP-0013-014,WOCOMP-0013-014,RESOLVED,2026-09-25T23:59:59-06:00,2026-09-26T08:00:00-06:00,2026-06-29T00:00:00-06:00,,1,,false,ACTIVE,EA,,VALID,CURRENT,coolit-synthetic-v2.0.0,ALL_SYNTHETIC_CUSTOMERS,ALL_SYNTHETIC_PROGRAMS,CFG-CPL-02,SYNTHETIC_INTERNAL,SNP-COOLIT-20260925-BL,SCN-BASELINE,WOCOMP-0013-014,WO-0013,BOMC-02-014,30,P-COMP-079,36,36,36,0,,LOT-P-COMP-079-A,EFFECTIVE
TEN-COOLIT-SYN-001,SITE-COOLIT-SYN-01,ERP,WORK_ORDER_COMPONENT,WOCOMP-0013-015,WOCOMP-0013-015,RESOLVED,2026-09-25T23:59:59-06:00,2026-09-26T08:00:00-06:00,2026-06-29T00:00:00-06:00,,1,,false,ACTIVE,EA,,VALID,CURRENT,coolit-synthetic-v2.0.0,ALL_SYNTHETIC_CUSTOMERS,ALL_SYNTHETIC_PROGRAMS,CFG-CPL-02,SYNTHETIC_INTERNAL,SNP-COOLIT-20260925-BL,SCN-BASELINE,WOCOMP-0013-015,WO-0013,BOMC-02-015,30,P-COMP-086,36,36,36,0,,LOT-P-COMP-086-A,EFFECTIVE
TEN-COOLIT-SYN-001,SITE-COOLIT-SYN-01,ERP,WORK_ORDER_COMPONENT,WOCOMP-0013-016,WOCOMP-0013-016,RESOLVED,2026-09-25T23:59:59-06:00,2026-09-26T08:00:00-06:00,2026-06-29T00:00:00-06:00,,1,,false,ACTIVE,EA,,VALID,CURRENT,coolit-synthetic-v2.0.0,ALL_SYNTHETIC_CUSTOMERS,ALL_SYNTHETIC_PROGRAMS,CFG-CPL-02,SYNTHETIC_INTERNAL,SNP-COOLIT-20260925-BL,SCN-BASELINE,WOCOMP-0013-016,WO-0013,BOMC-02-016,40,P-COMP-093,36,36,36,0,,LOT-P-COMP-093-A,EFFECTIVE
TEN-COOLIT-SYN-001,SITE-COOLIT-SYN-01,ERP,WORK_ORDER_COMPONENT,WOCOMP-0013-017,WOCOMP-0013-017,RESOLVED,2026-09-25T23:59:59-06:00,2026-09-26T08:00:00-06:00,2026-06-29T00:00:00-06:00,,1,,false,ACTIVE,EA,,VALID,CURRENT,coolit-synthetic-v2.0.0,ALL_SYNTHETIC_CUSTOMERS,ALL_SYNTHETIC_PROGRAMS,CFG-CPL-02,SYNTHETIC_INTERNAL,SNP-COOLIT-20260925-BL,SCN-BASELINE,WOCOMP-0013-017,WO-0013,BOMC-02-017,40,P-COMP-100,36,36,36,0,,LOT-P-COMP-100-A,EFFECTIVE
TEN-COOLIT-SYN-001,SITE-COOLIT-SYN-01,ERP,WORK_ORDER_COMPONENT,WOCOMP-0013-018,WOCOMP-0013-018,RESOLVED,2026-09-25T23:59:59-06:00,2026-09-26T08:00:00-06:00,2026-06-29T00:00:00-06:00,,1,,false,ACTIVE,EA,,VALID,CURRENT,coolit-synthetic-v2.0.0,ALL_SYNTHETIC_CUSTOMERS,ALL_SYNTHETIC_PROGRAMS,CFG-CPL-02,SYNTHETIC_INTERNAL,SNP-COOLIT-20260925-BL,SCN-BASELINE,WOCOMP-0013-018,WO-0013,BOMC-02-018,40,P-COMP-107,36,36,36,0,,LOT-P-COMP-107-A,EFFECTIVE
TEN-COOLIT-SYN-001,SITE-COOLIT-SYN-01,ERP,WORK_ORDER_COMPONENT,WOCOMP-0013-019,WOCOMP-0013-019,RESOLVED,2026-09-25T23:59:59-06:00,2026-09-26T08:00:00-06:00,2026-06-29T00:00:00-06:00,,1,,false,ACTIVE,EA,,VALID,CURRENT,coolit-synthetic-v2.0.0,ALL_SYNTHETIC_CUSTOMERS,ALL_SYNTHETIC_PROGRAMS,CFG-CPL-02,SYNTHETIC_INTERNAL,SNP-COOLIT-20260925-BL,SCN-BASELINE,WOCOMP-0013-019,WO-0013,BOMC-02-019,40,P-COMP-114,72,72,72,0,,LOT-P-COMP-114-A,EFFECTIVE
TEN-COOLIT-SYN-001,SITE-COOLIT-SYN-01,ERP,WORK_ORDER_COMPONENT,WOCOMP-0013-020,WOCOMP-0013-020,RESOLVED,2026-09-25T23:59:59-06:00,2026-09-26T08:00:00-06:00,2026-06-29T00:00:00-06:00,,1,,false,ACTIVE,EA,,VALID,CURRENT,coolit-synthetic-v2.0.0,ALL_SYNTHETIC_CUSTOMERS,ALL_SYNTHETIC_PROGRAMS,CFG-CPL-02,SYNTHETIC_INTERNAL,SNP-COOLIT-20260925-BL,SCN-BASELINE,WOCOMP-0013-020,WO-0013,BOMC-02-020,40,P-COMP-121,36,36,36,0,,LOT-P-COMP-121-A,EFFECTIVE
TEN-COOLIT-SYN-001,SITE-COOLIT-SYN-01,ERP,WORK_ORDER_COMPONENT,WOCOMP-0013-021,WOCOMP-0013-021,RESOLVED,2026-09-25T23:59:59-06:00,2026-09-26T08:00:00-06:00,2026-06-29T00:00:00-06:00,,1,,false,ACTIVE,EA,,VALID,CURRENT,coolit-synthetic-v2.0.0,ALL_SYNTHETIC_CUSTOMERS,ALL_SYNTHETIC_PROGRAMS,CFG-CPL-02,SYNTHETIC_INTERNAL,SNP-COOLIT-20260925-BL,SCN-BASELINE,WOCOMP-0013-021,WO-0013,BOMC-02-021,50,P-COMP-128,36,36,36,0,,LOT-P-COMP-128-A,EFFECTIVE
TEN-COOLIT-SYN-001,SITE-COOLIT-SYN-01,ERP,WORK_ORDER_COMPONENT,WOCOMP-0013-022,WOCOMP-0013-022,RESOLVED,2026-09-25T23:59:59-06:00,2026-09-26T08:00:00-06:00,2026-06-29T00:00:00-06:00,,1,,false,ACTIVE,EA,,VALID,CURRENT,coolit-synthetic-v2.0.0,ALL_SYNTHETIC_CUSTOMERS,ALL_SYNTHETIC_PROGRAMS,CFG-CPL-02,SYNTHETIC_INTERNAL,SNP-COOLIT-20260925-BL,SCN-BASELINE,WOCOMP-0013-022,WO-0013,BOMC-02-022,50,P-COMP-135,36,36,36,0,,LOT-P-COMP-135-A,EFFECTIVE
TEN-COOLIT-SYN-001,SITE-COOLIT-SYN-01,ERP,WORK_ORDER_COMPONENT,WOCOMP-0013-023,WOCOMP-0013-023,RESOLVED,2026-09-25T23:59:59-06:00,2026-09-26T08:00:00-06:00,2026-06-29T00:00:00-06:00,,1,,false,ACTIVE,EA,,VALID,CURRENT,coolit-synthetic-v2.0.0,ALL_SYNTHETIC_CUSTOMERS,ALL_SYNTHETIC_PROGRAMS,CFG-CPL-02,SYNTHETIC_INTERNAL,SNP-COOLIT-20260925-BL,SCN-BASELINE,WOCOMP-0013-023,WO-0013,BOMC-02-023,50,P-COMP-142,36,36,36,0,P-COMP-018,LOT-P-COMP-142-A,EFFECTIVE
TEN-COOLIT-SYN-001,SITE-COOLIT-SYN-01,ERP,WORK_ORDER_COMPONENT,WOCOMP-0013-024,WOCOMP-0013-024,RESOLVED,2026-09-25T23:59:59-06:00,2026-09-26T08:00:00-06:00,2026-06-29T00:00:00-06:00,,1,,false,ACTIVE,EA,,VALID,CURRENT,coolit-synthetic-v2.0.0,ALL_SYNTHETIC_CUSTOMERS,ALL_SYNTHETIC_PROGRAMS,CFG-CPL-02,SYNTHETIC_INTERNAL,SNP-COOLIT-20260925-BL,SCN-BASELINE,WOCOMP-0013-024,WO-0013,BOMC-02-024,50,P-COMP-149,36,36,36,0,,LOT-P-COMP-149-A,EFFECTIVE
TEN-COOLIT-SYN-001,SITE-COOLIT-SYN-01,ERP,WORK_ORDER_COMPONENT,WOCOMP-0013-025,WOCOMP-0013-025,RESOLVED,2026-09-25T23:59:59-06:00,2026-09-26T08:00:00-06:00,2026-06-29T00:00:00-06:00,,1,,false,ACTIVE,EA,,VALID,CURRENT,coolit-synthetic-v2.0.0,ALL_SYNTHETIC_CUSTOMERS,ALL_SYNTHETIC_PROGRAMS,CFG-CPL-02,SYNTHETIC_INTERNAL,SNP-COOLIT-20260925-BL,SCN-BASELINE,WOCOMP-0013-025,WO-0013,BOMC-02-025,50,P-COMP-156,36,36,36,0,,LOT-P-COMP-156-A,EFFECTIVE
TEN-COOLIT-SYN-001,SITE-COOLIT-SYN-01,ERP,WORK_ORDER_COMPONENT,WOCOMP-0013-026,WOCOMP-0013-026,RESOLVED,2026-09-25T23:59:59-06:00,2026-09-26T08:00:00-06:00,2026-06-29T00:00:00-06:00,,1,,false,ACTIVE,EA,,VALID,CURRENT,coolit-synthetic-v2.0.0,ALL_SYNTHETIC_CUSTOMERS,ALL_SYNTHETIC_PROGRAMS,CFG-CPL-02,SYNTHETIC_INTERNAL,SNP-COOLIT-20260925-BL,SCN-BASELINE,WOCOMP-0013-026,WO-0013,BOMC-02-026,60,P-COMP-163,36,36,36,0,,LOT-P-COMP-163-A,EFFECTIVE
TEN-COOLIT-SYN-001,SITE-COOLIT-SYN-01,ERP,WORK_ORDER_COMPONENT,WOCOMP-0013-027,WOCOMP-0013-027,RESOLVED,2026-09-25T23:59:59-06:00,2026-09-26T08:00:00-06:00,2026-06-29T00:00:00-06:00,,1,,false,ACTIVE,EA,,VALID,CURRENT,coolit-synthetic-v2.0.0,ALL_SYNTHETIC_CUSTOMERS,ALL_SYNTHETIC_PROGRAMS,CFG-CPL-02,SYNTHETIC_INTERNAL,SNP-COOLIT-20260925-BL,SCN-BASELINE,WOCOMP-0013-027,WO-0013,BOMC-02-027,60,P-COMP-170,36,36,36,0,,LOT-P-COMP-170-A,EFFECTIVE
TEN-COOLIT-SYN-001,SITE-COOLIT-SYN-01,ERP,WORK_ORDER_COMPONENT,WOCOMP-0013-028,WOCOMP-0013-028,RESOLVED,2026-09-25T23:59:59-06:00,2026-09-26T08:00:00-06:00,2026-06-29T00:00:00-06:00,,1,,false,ACTIVE,EA,,VALID,CURRENT,coolit-synthetic-v2.0.0,ALL_SYNTHETIC_CUSTOMERS,ALL_SYNTHETIC_PROGRAMS,CFG-CPL-02,SYNTHETIC_INTERNAL,SNP-COOLIT-20260925-BL,SCN-BASELINE,WOCOMP-0013-028,WO-0013,BOMC-02-028,60,P-COMP-177,72,72,72,0,,LOT-P-COMP-177-A,EFFECTIVE
TEN-COOLIT-SYN-001,SITE-COOLIT-SYN-01,ERP,WORK_ORDER_COMPONENT,WOCOMP-0013-029,WOCOMP-0013-029,RESOLVED,2026-09-25T23:59:59-06:00,2026-09-26T08:00:00-06:00,2026-06-29T00:00:00-06:00,,1,,false,ACTIVE,EA,,VALID,CURRENT,coolit-synthetic-v2.0.0,ALL_SYNTHETIC_CUSTOMERS,ALL_SYNTHETIC_PROGRAMS,CFG-CPL-02,SYNTHETIC_INTERNAL,SNP-COOLIT-20260925-BL,SCN-BASELINE,WOCOMP-0013-029,WO-0013,BOMC-02-029,60,P-COMP-184,36,36,36,0,,LOT-P-COMP-184-A,EFFECTIVE
TEN-COOLIT-SYN-001,SITE-COOLIT-SYN-01,ERP,WORK_ORDER_COMPONENT,WOCOMP-0013-030,WOCOMP-0013-030,RESOLVED,2026-09-25T23:59:59-06:00,2026-09-26T08:00:00-06:00,2026-06-29T00:00:00-06:00,,1,,false,ACTIVE,EA,,VALID,CURRENT,coolit-synthetic-v2.0.0,ALL_SYNTHETIC_CUSTOMERS,ALL_SYNTHETIC_PROGRAMS,CFG-CPL-02,SYNTHETIC_INTERNAL,SNP-COOLIT-20260925-BL,SCN-BASELINE,WOCOMP-0013-030,WO-0013,BOMC-02-030,60,P-COMP-191,36,36,36,0,,LOT-P-COMP-191-A,EFFECTIVE
TEN-COOLIT-SYN-001,SITE-COOLIT-SYN-01,ERP,WORK_ORDER_COMPONENT,WOCOMP-0014-001,WOCOMP-0014-001,RESOLVED,2026-09-25T23:59:59-06:00,2026-09-26T08:00:00-06:00,2026-06-29T00:00:00-06:00,,1,,false,ACTIVE,EA,,VALID,CURRENT,coolit-synthetic-v2.0.0,ALL_SYNTHETIC_CUSTOMERS,ALL_SYNTHETIC_PROGRAMS,CFG-CDU-01,SYNTHETIC_INTERNAL,SNP-COOLIT-20260925-BL,SCN-BASELINE,WOCOMP-0014-001,WO-0014,BOMC-09-001,10,P-COMP-107,84,84,84,0,P-CTRL-003,LOT-P-COMP-107-A,EFFECTIVE
TEN-COOLIT-SYN-001,SITE-COOLIT-SYN-01,ERP,WORK_ORDER_COMPONENT,WOCOMP-0014-002,WOCOMP-0014-002,RESOLVED,2026-09-25T23:59:59-06:00,2026-09-26T08:00:00-06:00,2026-06-29T00:00:00-06:00,,1,,false,ACTIVE,EA,,VALID,CURRENT,coolit-synthetic-v2.0.0,ALL_SYNTHETIC_CUSTOMERS,ALL_SYNTHETIC_PROGRAMS,CFG-CDU-01,SYNTHETIC_INTERNAL,SNP-COOLIT-20260925-BL,SCN-BASELINE,WOCOMP-0014-002,WO-0014,BOMC-09-002,10,P-COMP-114,42,42,42,0,,LOT-P-COMP-114-A,EFFECTIVE
TEN-COOLIT-SYN-001,SITE-COOLIT-SYN-01,ERP,WORK_ORDER_COMPONENT,WOCOMP-0014-003,WOCOMP-0014-003,RESOLVED,2026-09-25T23:59:59-06:00,2026-09-26T08:00:00-06:00,2026-06-29T00:00:00-06:00,,1,,false,ACTIVE,EA,,VALID,CURRENT,coolit-synthetic-v2.0.0,ALL_SYNTHETIC_CUSTOMERS,ALL_SYNTHETIC_PROGRAMS,CFG-CDU-01,SYNTHETIC_INTERNAL,SNP-COOLIT-20260925-BL,SCN-BASELINE,WOCOMP-0014-003,WO-0014,BOMC-09-003,10,P-COMP-121,42,42,42,0,,LOT-P-COMP-121-A,EFFECTIVE
TEN-COOLIT-SYN-001,SITE-COOLIT-SYN-01,ERP,WORK_ORDER_COMPONENT,WOCOMP-0014-004,WOCOMP-0014-004,RESOLVED,2026-09-25T23:59:59-06:00,2026-09-26T08:00:00-06:00,2026-06-29T00:00:00-06:00,,1,,false,ACTIVE,EA,,VALID,CURRENT,coolit-synthetic-v2.0.0,ALL_SYNTHETIC_CUSTOMERS,ALL_SYNTHETIC_PROGRAMS,CFG-CDU-01,SYNTHETIC_INTERNAL,SNP-COOLIT-20260925-BL,SCN-BASELINE,WOCOMP-0014-004,WO-0014,BOMC-09-004,10,P-COMP-128,42,42,42,0,,LOT-P-COMP-128-A,EFFECTIVE
TEN-COOLIT-SYN-001,SITE-COOLIT-SYN-01,ERP,WORK_ORDER_COMPONENT,WOCOMP-0014-005,WOCOMP-0014-005,RESOLVED,2026-09-25T23:59:59-06:00,2026-09-26T08:00:00-06:00,2026-06-29T00:00:00-06:00,,1,,false,ACTIVE,EA,,VALID,CURRENT,coolit-synthetic-v2.0.0,ALL_SYNTHETIC_CUSTOMERS,ALL_SYNTHETIC_PROGRAMS,CFG-CDU-01,SYNTHETIC_INTERNAL,SNP-COOLIT-20260925-BL,SCN-BASELINE,WOCOMP-0014-005,WO-0014,BOMC-09-005,10,P-COMP-135,42,42,42,0,,LOT-P-COMP-135-A,EFFECTIVE
TEN-COOLIT-SYN-001,SITE-COOLIT-SYN-01,ERP,WORK_ORDER_COMPONENT,WOCOMP-0014-006,WOCOMP-0014-006,RESOLVED,2026-09-25T23:59:59-06:00,2026-09-26T08:00:00-06:00,2026-06-29T00:00:00-06:00,,1,,false,ACTIVE,EA,,VALID,CURRENT,coolit-synthetic-v2.0.0,ALL_SYNTHETIC_CUSTOMERS,ALL_SYNTHETIC_PROGRAMS,CFG-CDU-01,SYNTHETIC_INTERNAL,SNP-COOLIT-20260925-BL,SCN-BASELINE,WOCOMP-0014-006,WO-0014,BOMC-09-006,20,P-COMP-142,42,42,42,0,,LOT-P-COMP-142-A,EFFECTIVE
TEN-COOLIT-SYN-001,SITE-COOLIT-SYN-01,ERP,WORK_ORDER_COMPONENT,WOCOMP-0014-007,WOCOMP-0014-007,RESOLVED,2026-09-25T23:59:59-06:00,2026-09-26T08:00:00-06:00,2026-06-29T00:00:00-06:00,,1,,false,ACTIVE,EA,,VALID,CURRENT,coolit-synthetic-v2.0.0,ALL_SYNTHETIC_CUSTOMERS,ALL_SYNTHETIC_PROGRAMS,CFG-CDU-01,SYNTHETIC_INTERNAL,SNP-COOLIT-20260925-BL,SCN-BASELINE,WOCOMP-0014-007,WO-0014,BOMC-09-007,20,P-COMP-149,42,42,42,0,,LOT-P-COMP-149-A,EFFECTIVE
TEN-COOLIT-SYN-001,SITE-COOLIT-SYN-01,ERP,WORK_ORDER_COMPONENT,WOCOMP-0014-008,WOCOMP-0014-008,RESOLVED,2026-09-25T23:59:59-06:00,2026-09-26T08:00:00-06:00,2026-06-29T00:00:00-06:00,,1,,false,ACTIVE,EA,,VALID,CURRENT,coolit-synthetic-v2.0.0,ALL_SYNTHETIC_CUSTOMERS,ALL_SYNTHETIC_PROGRAMS,CFG-CDU-01,SYNTHETIC_INTERNAL,SNP-COOLIT-20260925-BL,SCN-BASELINE,WOCOMP-0014-008,WO-0014,BOMC-09-008,20,P-COMP-156,42,42,42,0,,LOT-P-COMP-156-A,EFFECTIVE
TEN-COOLIT-SYN-001,SITE-COOLIT-SYN-01,ERP,WORK_ORDER_COMPONENT,WOCOMP-0014-009,WOCOMP-0014-009,RESOLVED,2026-09-25T23:59:59-06:00,2026-09-26T08:00:00-06:00,2026-06-29T00:00:00-06:00,,1,,false,ACTIVE,EA,,VALID,CURRENT,coolit-synthetic-v2.0.0,ALL_SYNTHETIC_CUSTOMERS,ALL_SYNTHETIC_PROGRAMS,CFG-CDU-01,SYNTHETIC_INTERNAL,SNP-COOLIT-20260925-BL,SCN-BASELINE,WOCOMP-0014-009,WO-0014,BOMC-09-009,20,P-COMP-163,42,42,42,0,,LOT-P-COMP-163-A,EFFECTIVE
TEN-COOLIT-SYN-001,SITE-COOLIT-SYN-01,ERP,WORK_ORDER_COMPONENT,WOCOMP-0014-010,WOCOMP-0014-010,RESOLVED,2026-09-25T23:59:59-06:00,2026-09-26T08:00:00-06:00,2026-06-29T00:00:00-06:00,,1,,false,ACTIVE,EA,,VALID,CURRENT,coolit-synthetic-v2.0.0,ALL_SYNTHETIC_CUSTOMERS,ALL_SYNTHETIC_PROGRAMS,CFG-CDU-01,SYNTHETIC_INTERNAL,SNP-COOLIT-20260925-BL,SCN-BASELINE,WOCOMP-0014-010,WO-0014,BOMC-09-010,20,P-COMP-170,84,84,84,0,,LOT-P-COMP-170-A,EFFECTIVE
TEN-COOLIT-SYN-001,SITE-COOLIT-SYN-01,ERP,WORK_ORDER_COMPONENT,WOCOMP-0014-011,WOCOMP-0014-011,RESOLVED,2026-09-25T23:59:59-06:00,2026-09-26T08:00:00-06:00,2026-06-29T00:00:00-06:00,,1,,false,ACTIVE,EA,,VALID,CURRENT,coolit-synthetic-v2.0.0,ALL_SYNTHETIC_CUSTOMERS,ALL_SYNTHETIC_PROGRAMS,CFG-CDU-01,SYNTHETIC_INTERNAL,SNP-COOLIT-20260925-BL,SCN-BASELINE,WOCOMP-0014-011,WO-0014,BOMC-09-011,30,P-COMP-177,42,42,42,0,,LOT-P-COMP-177-A,EFFECTIVE
TEN-COOLIT-SYN-001,SITE-COOLIT-SYN-01,ERP,WORK_ORDER_COMPONENT,WOCOMP-0014-012,WOCOMP-0014-012,RESOLVED,2026-09-25T23:59:59-06:00,2026-09-26T08:00:00-06:00,2026-06-29T00:00:00-06:00,,1,,false,ACTIVE,EA,,VALID,CURRENT,coolit-synthetic-v2.0.0,ALL_SYNTHETIC_CUSTOMERS,ALL_SYNTHETIC_PROGRAMS,CFG-CDU-01,SYNTHETIC_INTERNAL,SNP-COOLIT-20260925-BL,SCN-BASELINE,WOCOMP-0014-012,WO-0014,BOMC-09-012,30,P-COMP-184,42,42,42,0,P-COMP-008,LOT-P-COMP-184-A,EFFECTIVE
TEN-COOLIT-SYN-001,SITE-COOLIT-SYN-01,ERP,WORK_ORDER_COMPONENT,WOCOMP-0014-013,WOCOMP-0014-013,RESOLVED,2026-09-25T23:59:59-06:00,2026-09-26T08:00:00-06:00,2026-06-29T00:00:00-06:00,,1,,false,ACTIVE,EA,,VALID,CURRENT,coolit-synthetic-v2.0.0,ALL_SYNTHETIC_CUSTOMERS,ALL_SYNTHETIC_PROGRAMS,CFG-CDU-01,SYNTHETIC_INTERNAL,SNP-COOLIT-20260925-BL,SCN-BASELINE,WOCOMP-0014-013,WO-0014,BOMC-09-013,30,P-COMP-191,42,42,42,0,,LOT-P-COMP-191-A,EFFECTIVE
TEN-COOLIT-SYN-001,SITE-COOLIT-SYN-01,ERP,WORK_ORDER_COMPONENT,WOCOMP-0014-014,WOCOMP-0014-014,RESOLVED,2026-09-25T23:59:59-06:00,2026-09-26T08:00:00-06:00,2026-06-29T00:00:00-06:00,,1,,false,ACTIVE,EA,,VALID,CURRENT,coolit-synthetic-v2.0.0,ALL_SYNTHETIC_CUSTOMERS,ALL_SYNTHETIC_PROGRAMS,CFG-CDU-01,SYNTHETIC_INTERNAL,SNP-COOLIT-20260925-BL,SCN-BASELINE,WOCOMP-0014-014,WO-0014,BOMC-09-014,30,P-COMP-198,42,42,42,0,,LOT-P-COMP-198-A,EFFECTIVE
TEN-COOLIT-SYN-001,SITE-COOLIT-SYN-01,ERP,WORK_ORDER_COMPONENT,WOCOMP-0014-015,WOCOMP-0014-015,RESOLVED,2026-09-25T23:59:59-06:00,2026-09-26T08:00:00-06:00,2026-06-29T00:00:00-06:00,,1,,false,ACTIVE,EA,,VALID,CURRENT,coolit-synthetic-v2.0.0,ALL_SYNTHETIC_CUSTOMERS,ALL_SYNTHETIC_PROGRAMS,CFG-CDU-01,SYNTHETIC_INTERNAL,SNP-COOLIT-20260925-BL,SCN-BASELINE,WOCOMP-0014-015,WO-0014,BOMC-09-015,30,P-COMP-205,42,42,42,0,,LOT-P-COMP-205-A,EFFECTIVE
TEN-COOLIT-SYN-001,SITE-COOLIT-SYN-01,ERP,WORK_ORDER_COMPONENT,WOCOMP-0014-016,WOCOMP-0014-016,RESOLVED,2026-09-25T23:59:59-06:00,2026-09-26T08:00:00-06:00,2026-06-29T00:00:00-06:00,,1,,false,ACTIVE,EA,,VALID,CURRENT,coolit-synthetic-v2.0.0,ALL_SYNTHETIC_CUSTOMERS,ALL_SYNTHETIC_PROGRAMS,CFG-CDU-01,SYNTHETIC_INTERNAL,SNP-COOLIT-20260925-BL,SCN-BASELINE,WOCOMP-0014-016,WO-0014,BOMC-09-016,40,P-QD-004,42,42,42,0,,LOT-P-QD-004-A,EFFECTIVE
TEN-COOLIT-SYN-001,SITE-COOLIT-SYN-01,ERP,WORK_ORDER_COMPONENT,WOCOMP-0014-017,WOCOMP-0014-017,RESOLVED,2026-09-25T23:59:59-06:00,2026-09-26T08:00:00-06:00,2026-06-29T00:00:00-06:00,,1,,false,ACTIVE,EA,,VALID,CURRENT,coolit-synthetic-v2.0.0,ALL_SYNTHETIC_CUSTOMERS,ALL_SYNTHETIC_PROGRAMS,CFG-CDU-01,SYNTHETIC_INTERNAL,SNP-COOLIT-20260925-BL,SCN-BASELINE,WOCOMP-0014-017,WO-0014,BOMC-09-017,40,P-PUMP-001,42,42,42,0,,LOT-P-PUMP-001-A,EFFECTIVE
TEN-COOLIT-SYN-001,SITE-COOLIT-SYN-01,ERP,WORK_ORDER_COMPONENT,WOCOMP-0014-018,WOCOMP-0014-018,RESOLVED,2026-09-25T23:59:59-06:00,2026-09-26T08:00:00-06:00,2026-06-29T00:00:00-06:00,,1,,false,ACTIVE,EA,,VALID,CURRENT,coolit-synthetic-v2.0.0,ALL_SYNTHETIC_CUSTOMERS,ALL_SYNTHETIC_PROGRAMS,CFG-CDU-01,SYNTHETIC_INTERNAL,SNP-COOLIT-20260925-BL,SCN-BASELINE,WOCOMP-0014-018,WO-0014,BOMC-09-018,40,P-PUMP-008,42,42,42,0,,LOT-P-PUMP-008-A,EFFECTIVE
TEN-COOLIT-SYN-001,SITE-COOLIT-SYN-01,ERP,WORK_ORDER_COMPONENT,WOCOMP-0014-019,WOCOMP-0014-019,RESOLVED,2026-09-25T23:59:59-06:00,2026-09-26T08:00:00-06:00,2026-06-29T00:00:00-06:00,,1,,false,ACTIVE,EA,,VALID,CURRENT,coolit-synthetic-v2.0.0,ALL_SYNTHETIC_CUSTOMERS,ALL_SYNTHETIC_PROGRAMS,CFG-CDU-01,SYNTHETIC_INTERNAL,SNP-COOLIT-20260925-BL,SCN-BASELINE,WOCOMP-0014-019,WO-0014,BOMC-09-019,40,P-CTRL-001,84,84,84,0,,LOT-P-CTRL-001-A,EFFECTIVE
TEN-COOLIT-SYN-001,SITE-COOLIT-SYN-01,ERP,WORK_ORDER_COMPONENT,WOCOMP-0014-020,WOCOMP-0014-020,RESOLVED,2026-09-25T23:59:59-06:00,2026-09-26T08:00:00-06:00,2026-06-29T00:00:00-06:00,,1,,false,ACTIVE,EA,,VALID,CURRENT,coolit-synthetic-v2.0.0,ALL_SYNTHETIC_CUSTOMERS,ALL_SYNTHETIC_PROGRAMS,CFG-CDU-01,SYNTHETIC_INTERNAL,SNP-COOLIT-20260925-BL,SCN-BASELINE,WOCOMP-0014-020,WO-0014,BOMC-09-020,40,P-COMP-002,42,42,42,0,,LOT-P-COMP-002-A,EFFECTIVE
TEN-COOLIT-SYN-001,SITE-COOLIT-SYN-01,ERP,WORK_ORDER_COMPONENT,WOCOMP-0014-021,WOCOMP-0014-021,RESOLVED,2026-09-25T23:59:59-06:00,2026-09-26T08:00:00-06:00,2026-06-29T00:00:00-06:00,,1,,false,ACTIVE,EA,,VALID,CURRENT,coolit-synthetic-v2.0.0,ALL_SYNTHETIC_CUSTOMERS,ALL_SYNTHETIC_PROGRAMS,CFG-CDU-01,SYNTHETIC_INTERNAL,SNP-COOLIT-20260925-BL,SCN-BASELINE,WOCOMP-0014-021,WO-0014,BOMC-09-021,50,P-COMP-009,42,42,42,0,,LOT-P-COMP-009-A,EFFECTIVE
TEN-COOLIT-SYN-001,SITE-COOLIT-SYN-01,ERP,WORK_ORDER_COMPONENT,WOCOMP-0014-022,WOCOMP-0014-022,RESOLVED,2026-09-25T23:59:59-06:00,2026-09-26T08:00:00-06:00,2026-06-29T00:00:00-06:00,,1,,false,ACTIVE,EA,,VALID,CURRENT,coolit-synthetic-v2.0.0,ALL_SYNTHETIC_CUSTOMERS,ALL_SYNTHETIC_PROGRAMS,CFG-CDU-01,SYNTHETIC_INTERNAL,SNP-COOLIT-20260925-BL,SCN-BASELINE,WOCOMP-0014-022,WO-0014,BOMC-09-022,50,P-COMP-016,42,42,42,0,,LOT-P-COMP-016-A,EFFECTIVE
TEN-COOLIT-SYN-001,SITE-COOLIT-SYN-01,ERP,WORK_ORDER_COMPONENT,WOCOMP-0014-023,WOCOMP-0014-023,RESOLVED,2026-09-25T23:59:59-06:00,2026-09-26T08:00:00-06:00,2026-06-29T00:00:00-06:00,,1,,false,ACTIVE,EA,,VALID,CURRENT,coolit-synthetic-v2.0.0,ALL_SYNTHETIC_CUSTOMERS,ALL_SYNTHETIC_PROGRAMS,CFG-CDU-01,SYNTHETIC_INTERNAL,SNP-COOLIT-20260925-BL,SCN-BASELINE,WOCOMP-0014-023,WO-0014,BOMC-09-023,50,P-COMP-023,42,42,42,0,P-COMP-019,LOT-P-COMP-023-A,EFFECTIVE
TEN-COOLIT-SYN-001,SITE-COOLIT-SYN-01,ERP,WORK_ORDER_COMPONENT,WOCOMP-0014-024,WOCOMP-0014-024,RESOLVED,2026-09-25T23:59:59-06:00,2026-09-26T08:00:00-06:00,2026-06-29T00:00:00-06:00,,1,,false,ACTIVE,EA,,VALID,CURRENT,coolit-synthetic-v2.0.0,ALL_SYNTHETIC_CUSTOMERS,ALL_SYNTHETIC_PROGRAMS,CFG-CDU-01,SYNTHETIC_INTERNAL,SNP-COOLIT-20260925-BL,SCN-BASELINE,WOCOMP-0014-024,WO-0014,BOMC-09-024,50,P-COMP-030,42,42,42,0,,LOT-P-COMP-030-A,EFFECTIVE
TEN-COOLIT-SYN-001,SITE-COOLIT-SYN-01,ERP,WORK_ORDER_COMPONENT,WOCOMP-0014-025,WOCOMP-0014-025,RESOLVED,2026-09-25T23:59:59-06:00,2026-09-26T08:00:00-06:00,2026-06-29T00:00:00-06:00,,1,,false,ACTIVE,EA,,VALID,CURRENT,coolit-synthetic-v2.0.0,ALL_SYNTHETIC_CUSTOMERS,ALL_SYNTHETIC_PROGRAMS,CFG-CDU-01,SYNTHETIC_INTERNAL,SNP-COOLIT-20260925-BL,SCN-BASELINE,WOCOMP-0014-025,WO-0014,BOMC-09-025,50,P-COMP-037,42,42,42,0,,LOT-P-COMP-037-A,EFFECTIVE
TEN-COOLIT-SYN-001,SITE-COOLIT-SYN-01,ERP,WORK_ORDER_COMPONENT,WOCOMP-0014-026,WOCOMP-0014-026,RESOLVED,2026-09-25T23:59:59-06:00,2026-09-26T08:00:00-06:00,2026-06-29T00:00:00-06:00,,1,,false,ACTIVE,EA,,VALID,CURRENT,coolit-synthetic-v2.0.0,ALL_SYNTHETIC_CUSTOMERS,ALL_SYNTHETIC_PROGRAMS,CFG-CDU-01,SYNTHETIC_INTERNAL,SNP-COOLIT-20260925-BL,SCN-BASELINE,WOCOMP-0014-026,WO-0014,BOMC-09-026,60,P-COMP-044,42,42,42,0,,LOT-P-COMP-044-A,EFFECTIVE
TEN-COOLIT-SYN-001,SITE-COOLIT-SYN-01,ERP,WORK_ORDER_COMPONENT,WOCOMP-0014-027,WOCOMP-0014-027,RESOLVED,2026-09-25T23:59:59-06:00,2026-09-26T08:00:00-06:00,2026-06-29T00:00:00-06:00,,1,,false,ACTIVE,EA,,VALID,CURRENT,coolit-synthetic-v2.0.0,ALL_SYNTHETIC_CUSTOMERS,ALL_SYNTHETIC_PROGRAMS,CFG-CDU-01,SYNTHETIC_INTERNAL,SNP-COOLIT-20260925-BL,SCN-BASELINE,WOCOMP-0014-027,WO-0014,BOMC-09-027,60,P-COMP-051,42,42,42,0,,LOT-P-COMP-051-A,EFFECTIVE
TEN-COOLIT-SYN-001,SITE-COOLIT-SYN-01,ERP,WORK_ORDER_COMPONENT,WOCOMP-0014-028,WOCOMP-0014-028,RESOLVED,2026-09-25T23:59:59-06:00,2026-09-26T08:00:00-06:00,2026-06-29T00:00:00-06:00,,1,,false,ACTIVE,EA,,VALID,CURRENT,coolit-synthetic-v2.0.0,ALL_SYNTHETIC_CUSTOMERS,ALL_SYNTHETIC_PROGRAMS,CFG-CDU-01,SYNTHETIC_INTERNAL,SNP-COOLIT-20260925-BL,SCN-BASELINE,WOCOMP-0014-028,WO-0014,BOMC-09-028,60,P-COMP-058,84,84,84,0,,LOT-P-COMP-058-A,EFFECTIVE
TEN-COOLIT-SYN-001,SITE-COOLIT-SYN-01,ERP,WORK_ORDER_COMPONENT,WOCOMP-0014-029,WOCOMP-0014-029,RESOLVED,2026-09-25T23:59:59-06:00,2026-09-26T08:00:00-06:00,2026-06-29T00:00:00-06:00,,1,,false,ACTIVE,EA,,VALID,CURRENT,coolit-synthetic-v2.0.0,ALL_SYNTHETIC_CUSTOMERS,ALL_SYNTHETIC_PROGRAMS,CFG-CDU-01,SYNTHETIC_INTERNAL,SNP-COOLIT-20260925-BL,SCN-BASELINE,WOCOMP-0014-029,WO-0014,BOMC-09-029,60,P-COMP-065,42,42,42,0,,LOT-P-COMP-065-A,EFFECTIVE
TEN-COOLIT-SYN-001,SITE-COOLIT-SYN-01,ERP,WORK_ORDER_COMPONENT,WOCOMP-0014-030,WOCOMP-0014-030,RESOLVED,2026-09-25T23:59:59-06:00,2026-09-26T08:00:00-06:00,2026-06-29T00:00:00-06:00,,1,,false,ACTIVE,EA,,VALID,CURRENT,coolit-synthetic-v2.0.0,ALL_SYNTHETIC_CUSTOMERS,ALL_SYNTHETIC_PROGRAMS,CFG-CDU-01,SYNTHETIC_INTERNAL,SNP-COOLIT-20260925-BL,SCN-BASELINE,WOCOMP-0014-030,WO-0014,BOMC-09-030,60,P-COMP-072,42,42,42,0,,LOT-P-COMP-072-A,EFFECTIVE
TEN-COOLIT-SYN-001,SITE-COOLIT-SYN-01,ERP,WORK_ORDER_COMPONENT,WOCOMP-0015-001,WOCOMP-0015-001,RESOLVED,2026-09-25T23:59:59-06:00,2026-09-26T08:00:00-06:00,2026-06-29T00:00:00-06:00,,1,,false,ACTIVE,EA,,VALID,CURRENT,coolit-synthetic-v2.0.0,ALL_SYNTHETIC_CUSTOMERS,ALL_SYNTHETIC_PROGRAMS,CFG-CPL-04,SYNTHETIC_INTERNAL,SNP-COOLIT-20260925-BL,SCN-BASELINE,WOCOMP-0015-001,WO-0015,BOMC-04-001,10,P-COMP-022,96,96,96,0,P-CTRL-004,LOT-P-COMP-022-A,EFFECTIVE
TEN-COOLIT-SYN-001,SITE-COOLIT-SYN-01,ERP,WORK_ORDER_COMPONENT,WOCOMP-0015-002,WOCOMP-0015-002,RESOLVED,2026-09-25T23:59:59-06:00,2026-09-26T08:00:00-06:00,2026-06-29T00:00:00-06:00,,1,,false,ACTIVE,EA,,VALID,CURRENT,coolit-synthetic-v2.0.0,ALL_SYNTHETIC_CUSTOMERS,ALL_SYNTHETIC_PROGRAMS,CFG-CPL-04,SYNTHETIC_INTERNAL,SNP-COOLIT-20260925-BL,SCN-BASELINE,WOCOMP-0015-002,WO-0015,BOMC-04-002,10,P-COMP-029,48,48,48,0,,LOT-P-COMP-029-A,EFFECTIVE
TEN-COOLIT-SYN-001,SITE-COOLIT-SYN-01,ERP,WORK_ORDER_COMPONENT,WOCOMP-0015-003,WOCOMP-0015-003,RESOLVED,2026-09-25T23:59:59-06:00,2026-09-26T08:00:00-06:00,2026-06-29T00:00:00-06:00,,1,,false,ACTIVE,EA,,VALID,CURRENT,coolit-synthetic-v2.0.0,ALL_SYNTHETIC_CUSTOMERS,ALL_SYNTHETIC_PROGRAMS,CFG-CPL-04,SYNTHETIC_INTERNAL,SNP-COOLIT-20260925-BL,SCN-BASELINE,WOCOMP-0015-003,WO-0015,BOMC-04-003,10,P-COMP-036,48,48,48,0,,LOT-P-COMP-036-A,EFFECTIVE
TEN-COOLIT-SYN-001,SITE-COOLIT-SYN-01,ERP,WORK_ORDER_COMPONENT,WOCOMP-0015-004,WOCOMP-0015-004,RESOLVED,2026-09-25T23:59:59-06:00,2026-09-26T08:00:00-06:00,2026-06-29T00:00:00-06:00,,1,,false,ACTIVE,EA,,VALID,CURRENT,coolit-synthetic-v2.0.0,ALL_SYNTHETIC_CUSTOMERS,ALL_SYNTHETIC_PROGRAMS,CFG-CPL-04,SYNTHETIC_INTERNAL,SNP-COOLIT-20260925-BL,SCN-BASELINE,WOCOMP-0015-004,WO-0015,BOMC-04-004,10,P-COMP-043,48,48,48,0,,LOT-P-COMP-043-A,EFFECTIVE
TEN-COOLIT-SYN-001,SITE-COOLIT-SYN-01,ERP,WORK_ORDER_COMPONENT,WOCOMP-0015-005,WOCOMP-0015-005,RESOLVED,2026-09-25T23:59:59-06:00,2026-09-26T08:00:00-06:00,2026-06-29T00:00:00-06:00,,1,,false,ACTIVE,EA,,VALID,CURRENT,coolit-synthetic-v2.0.0,ALL_SYNTHETIC_CUSTOMERS,ALL_SYNTHETIC_PROGRAMS,CFG-CPL-04,SYNTHETIC_INTERNAL,SNP-COOLIT-20260925-BL,SCN-BASELINE,WOCOMP-0015-005,WO-0015,BOMC-04-005,10,P-COMP-050,48,48,48,0,,LOT-P-COMP-050-A,EFFECTIVE
TEN-COOLIT-SYN-001,SITE-COOLIT-SYN-01,ERP,WORK_ORDER_COMPONENT,WOCOMP-0015-006,WOCOMP-0015-006,RESOLVED,2026-09-25T23:59:59-06:00,2026-09-26T08:00:00-06:00,2026-06-29T00:00:00-06:00,,1,,false,ACTIVE,EA,,VALID,CURRENT,coolit-synthetic-v2.0.0,ALL_SYNTHETIC_CUSTOMERS,ALL_SYNTHETIC_PROGRAMS,CFG-CPL-04,SYNTHETIC_INTERNAL,SNP-COOLIT-20260925-BL,SCN-BASELINE,WOCOMP-0015-006,WO-0015,BOMC-04-006,20,P-COMP-057,48,48,48,0,,LOT-P-COMP-057-A,EFFECTIVE
TEN-COOLIT-SYN-001,SITE-COOLIT-SYN-01,ERP,WORK_ORDER_COMPONENT,WOCOMP-0015-007,WOCOMP-0015-007,RESOLVED,2026-09-25T23:59:59-06:00,2026-09-26T08:00:00-06:00,2026-06-29T00:00:00-06:00,,1,,false,ACTIVE,EA,,VALID,CURRENT,coolit-synthetic-v2.0.0,ALL_SYNTHETIC_CUSTOMERS,ALL_SYNTHETIC_PROGRAMS,CFG-CPL-04,SYNTHETIC_INTERNAL,SNP-COOLIT-20260925-BL,SCN-BASELINE,WOCOMP-0015-007,WO-0015,BOMC-04-007,20,P-COMP-064,48,48,48,0,,LOT-P-COMP-064-A,EFFECTIVE
TEN-COOLIT-SYN-001,SITE-COOLIT-SYN-01,ERP,WORK_ORDER_COMPONENT,WOCOMP-0015-008,WOCOMP-0015-008,RESOLVED,2026-09-25T23:59:59-06:00,2026-09-26T08:00:00-06:00,2026-06-29T00:00:00-06:00,,1,,false,ACTIVE,EA,,VALID,CURRENT,coolit-synthetic-v2.0.0,ALL_SYNTHETIC_CUSTOMERS,ALL_SYNTHETIC_PROGRAMS,CFG-CPL-04,SYNTHETIC_INTERNAL,SNP-COOLIT-20260925-BL,SCN-BASELINE,WOCOMP-0015-008,WO-0015,BOMC-04-008,20,P-COMP-071,48,48,48,0,,LOT-P-COMP-071-A,EFFECTIVE
TEN-COOLIT-SYN-001,SITE-COOLIT-SYN-01,ERP,WORK_ORDER_COMPONENT,WOCOMP-0015-009,WOCOMP-0015-009,RESOLVED,2026-09-25T23:59:59-06:00,2026-09-26T08:00:00-06:00,2026-06-29T00:00:00-06:00,,1,,false,ACTIVE,EA,,VALID,CURRENT,coolit-synthetic-v2.0.0,ALL_SYNTHETIC_CUSTOMERS,ALL_SYNTHETIC_PROGRAMS,CFG-CPL-04,SYNTHETIC_INTERNAL,SNP-COOLIT-20260925-BL,SCN-BASELINE,WOCOMP-0015-009,WO-0015,BOMC-04-009,20,P-COMP-078,48,48,48,0,,LOT-P-COMP-078-A,EFFECTIVE
TEN-COOLIT-SYN-001,SITE-COOLIT-SYN-01,ERP,WORK_ORDER_COMPONENT,WOCOMP-0015-010,WOCOMP-0015-010,RESOLVED,2026-09-25T23:59:59-06:00,2026-09-26T08:00:00-06:00,2026-06-29T00:00:00-06:00,,1,,false,ACTIVE,EA,,VALID,CURRENT,coolit-synthetic-v2.0.0,ALL_SYNTHETIC_CUSTOMERS,ALL_SYNTHETIC_PROGRAMS,CFG-CPL-04,SYNTHETIC_INTERNAL,SNP-COOLIT-20260925-BL,SCN-BASELINE,WOCOMP-0015-010,WO-0015,BOMC-04-010,20,P-COMP-085,96,96,96,0,,LOT-P-COMP-085-A,EFFECTIVE
TEN-COOLIT-SYN-001,SITE-COOLIT-SYN-01,ERP,WORK_ORDER_COMPONENT,WOCOMP-0015-011,WOCOMP-0015-011,RESOLVED,2026-09-25T23:59:59-06:00,2026-09-26T08:00:00-06:00,2026-06-29T00:00:00-06:00,,1,,false,ACTIVE,EA,,VALID,CURRENT,coolit-synthetic-v2.0.0,ALL_SYNTHETIC_CUSTOMERS,ALL_SYNTHETIC_PROGRAMS,CFG-CPL-04,SYNTHETIC_INTERNAL,SNP-COOLIT-20260925-BL,SCN-BASELINE,WOCOMP-0015-011,WO-0015,BOMC-04-011,30,P-COMP-092,48,48,48,0,,LOT-P-COMP-092-A,EFFECTIVE
TEN-COOLIT-SYN-001,SITE-COOLIT-SYN-01,ERP,WORK_ORDER_COMPONENT,WOCOMP-0015-012,WOCOMP-0015-012,RESOLVED,2026-09-25T23:59:59-06:00,2026-09-26T08:00:00-06:00,2026-06-29T00:00:00-06:00,,1,,false,ACTIVE,EA,,VALID,CURRENT,coolit-synthetic-v2.0.0,ALL_SYNTHETIC_CUSTOMERS,ALL_SYNTHETIC_PROGRAMS,CFG-CPL-04,SYNTHETIC_INTERNAL,SNP-COOLIT-20260925-BL,SCN-BASELINE,WOCOMP-0015-012,WO-0015,BOMC-04-012,30,P-COMP-099,48,48,48,0,P-COMP-009,LOT-P-COMP-099-A,EFFECTIVE
TEN-COOLIT-SYN-001,SITE-COOLIT-SYN-01,ERP,WORK_ORDER_COMPONENT,WOCOMP-0015-013,WOCOMP-0015-013,RESOLVED,2026-09-25T23:59:59-06:00,2026-09-26T08:00:00-06:00,2026-06-29T00:00:00-06:00,,1,,false,ACTIVE,EA,,VALID,CURRENT,coolit-synthetic-v2.0.0,ALL_SYNTHETIC_CUSTOMERS,ALL_SYNTHETIC_PROGRAMS,CFG-CPL-04,SYNTHETIC_INTERNAL,SNP-COOLIT-20260925-BL,SCN-BASELINE,WOCOMP-0015-013,WO-0015,BOMC-04-013,30,P-COMP-106,48,48,48,0,,LOT-P-COMP-106-A,EFFECTIVE
TEN-COOLIT-SYN-001,SITE-COOLIT-SYN-01,ERP,WORK_ORDER_COMPONENT,WOCOMP-0015-014,WOCOMP-0015-014,RESOLVED,2026-09-25T23:59:59-06:00,2026-09-26T08:00:00-06:00,2026-06-29T00:00:00-06:00,,1,,false,ACTIVE,EA,,VALID,CURRENT,coolit-synthetic-v2.0.0,ALL_SYNTHETIC_CUSTOMERS,ALL_SYNTHETIC_PROGRAMS,CFG-CPL-04,SYNTHETIC_INTERNAL,SNP-COOLIT-20260925-BL,SCN-BASELINE,WOCOMP-0015-014,WO-0015,BOMC-04-014,30,P-COMP-113,48,48,48,0,,LOT-P-COMP-113-A,EFFECTIVE
TEN-COOLIT-SYN-001,SITE-COOLIT-SYN-01,ERP,WORK_ORDER_COMPONENT,WOCOMP-0015-015,WOCOMP-0015-015,RESOLVED,2026-09-25T23:59:59-06:00,2026-09-26T08:00:00-06:00,2026-06-29T00:00:00-06:00,,1,,false,ACTIVE,EA,,VALID,CURRENT,coolit-synthetic-v2.0.0,ALL_SYNTHETIC_CUSTOMERS,ALL_SYNTHETIC_PROGRAMS,CFG-CPL-04,SYNTHETIC_INTERNAL,SNP-COOLIT-20260925-BL,SCN-BASELINE,WOCOMP-0015-015,WO-0015,BOMC-04-015,30,P-COMP-120,48,48,48,0,,LOT-P-COMP-120-A,EFFECTIVE
TEN-COOLIT-SYN-001,SITE-COOLIT-SYN-01,ERP,WORK_ORDER_COMPONENT,WOCOMP-0015-016,WOCOMP-0015-016,RESOLVED,2026-09-25T23:59:59-06:00,2026-09-26T08:00:00-06:00,2026-06-29T00:00:00-06:00,,1,,false,ACTIVE,EA,,VALID,CURRENT,coolit-synthetic-v2.0.0,ALL_SYNTHETIC_CUSTOMERS,ALL_SYNTHETIC_PROGRAMS,CFG-CPL-04,SYNTHETIC_INTERNAL,SNP-COOLIT-20260925-BL,SCN-BASELINE,WOCOMP-0015-016,WO-0015,BOMC-04-016,40,P-COMP-127,48,48,48,0,,LOT-P-COMP-127-A,EFFECTIVE
TEN-COOLIT-SYN-001,SITE-COOLIT-SYN-01,ERP,WORK_ORDER_COMPONENT,WOCOMP-0015-017,WOCOMP-0015-017,RESOLVED,2026-09-25T23:59:59-06:00,2026-09-26T08:00:00-06:00,2026-06-29T00:00:00-06:00,,1,,false,ACTIVE,EA,,VALID,CURRENT,coolit-synthetic-v2.0.0,ALL_SYNTHETIC_CUSTOMERS,ALL_SYNTHETIC_PROGRAMS,CFG-CPL-04,SYNTHETIC_INTERNAL,SNP-COOLIT-20260925-BL,SCN-BASELINE,WOCOMP-0015-017,WO-0015,BOMC-04-017,40,P-COMP-134,48,48,48,0,,LOT-P-COMP-134-A,EFFECTIVE
TEN-COOLIT-SYN-001,SITE-COOLIT-SYN-01,ERP,WORK_ORDER_COMPONENT,WOCOMP-0015-018,WOCOMP-0015-018,RESOLVED,2026-09-25T23:59:59-06:00,2026-09-26T08:00:00-06:00,2026-06-29T00:00:00-06:00,,1,,false,ACTIVE,EA,,VALID,CURRENT,coolit-synthetic-v2.0.0,ALL_SYNTHETIC_CUSTOMERS,ALL_SYNTHETIC_PROGRAMS,CFG-CPL-04,SYNTHETIC_INTERNAL,SNP-COOLIT-20260925-BL,SCN-BASELINE,WOCOMP-0015-018,WO-0015,BOMC-04-018,40,P-COMP-141,48,48,48,0,,LOT-P-COMP-141-A,EFFECTIVE
TEN-COOLIT-SYN-001,SITE-COOLIT-SYN-01,ERP,WORK_ORDER_COMPONENT,WOCOMP-0015-019,WOCOMP-0015-019,RESOLVED,2026-09-25T23:59:59-06:00,2026-09-26T08:00:00-06:00,2026-06-29T00:00:00-06:00,,1,,false,ACTIVE,EA,,VALID,CURRENT,coolit-synthetic-v2.0.0,ALL_SYNTHETIC_CUSTOMERS,ALL_SYNTHETIC_PROGRAMS,CFG-CPL-04,SYNTHETIC_INTERNAL,SNP-COOLIT-20260925-BL,SCN-BASELINE,WOCOMP-0015-019,WO-0015,BOMC-04-019,40,P-COMP-148,96,96,96,0,,LOT-P-COMP-148-A,EFFECTIVE
TEN-COOLIT-SYN-001,SITE-COOLIT-SYN-01,ERP,WORK_ORDER_COMPONENT,WOCOMP-0015-020,WOCOMP-0015-020,RESOLVED,2026-09-25T23:59:59-06:00,2026-09-26T08:00:00-06:00,2026-06-29T00:00:00-06:00,,1,,false,ACTIVE,EA,,VALID,CURRENT,coolit-synthetic-v2.0.0,ALL_SYNTHETIC_CUSTOMERS,ALL_SYNTHETIC_PROGRAMS,CFG-CPL-04,SYNTHETIC_INTERNAL,SNP-COOLIT-20260925-BL,SCN-BASELINE,WOCOMP-0015-020,WO-0015,BOMC-04-020,40,P-COMP-155,48,48,48,0,,LOT-P-COMP-155-A,EFFECTIVE
TEN-COOLIT-SYN-001,SITE-COOLIT-SYN-01,ERP,WORK_ORDER_COMPONENT,WOCOMP-0015-021,WOCOMP-0015-021,RESOLVED,2026-09-25T23:59:59-06:00,2026-09-26T08:00:00-06:00,2026-06-29T00:00:00-06:00,,1,,false,ACTIVE,EA,,VALID,CURRENT,coolit-synthetic-v2.0.0,ALL_SYNTHETIC_CUSTOMERS,ALL_SYNTHETIC_PROGRAMS,CFG-CPL-04,SYNTHETIC_INTERNAL,SNP-COOLIT-20260925-BL,SCN-BASELINE,WOCOMP-0015-021,WO-0015,BOMC-04-021,50,P-COMP-162,48,48,48,0,,LOT-P-COMP-162-A,EFFECTIVE
TEN-COOLIT-SYN-001,SITE-COOLIT-SYN-01,ERP,WORK_ORDER_COMPONENT,WOCOMP-0015-022,WOCOMP-0015-022,RESOLVED,2026-09-25T23:59:59-06:00,2026-09-26T08:00:00-06:00,2026-06-29T00:00:00-06:00,,1,,false,ACTIVE,EA,,VALID,CURRENT,coolit-synthetic-v2.0.0,ALL_SYNTHETIC_CUSTOMERS,ALL_SYNTHETIC_PROGRAMS,CFG-CPL-04,SYNTHETIC_INTERNAL,SNP-COOLIT-20260925-BL,SCN-BASELINE,WOCOMP-0015-022,WO-0015,BOMC-04-022,50,P-COMP-169,48,48,48,0,,LOT-P-COMP-169-A,EFFECTIVE
TEN-COOLIT-SYN-001,SITE-COOLIT-SYN-01,ERP,WORK_ORDER_COMPONENT,WOCOMP-0015-023,WOCOMP-0015-023,RESOLVED,2026-09-25T23:59:59-06:00,2026-09-26T08:00:00-06:00,2026-06-29T00:00:00-06:00,,1,,false,ACTIVE,EA,,VALID,CURRENT,coolit-synthetic-v2.0.0,ALL_SYNTHETIC_CUSTOMERS,ALL_SYNTHETIC_PROGRAMS,CFG-CPL-04,SYNTHETIC_INTERNAL,SNP-COOLIT-20260925-BL,SCN-BASELINE,WOCOMP-0015-023,WO-0015,BOMC-04-023,50,P-COMP-176,48,48,48,0,P-COMP-020,LOT-P-COMP-176-A,EFFECTIVE
TEN-COOLIT-SYN-001,SITE-COOLIT-SYN-01,ERP,WORK_ORDER_COMPONENT,WOCOMP-0015-024,WOCOMP-0015-024,RESOLVED,2026-09-25T23:59:59-06:00,2026-09-26T08:00:00-06:00,2026-06-29T00:00:00-06:00,,1,,false,ACTIVE,EA,,VALID,CURRENT,coolit-synthetic-v2.0.0,ALL_SYNTHETIC_CUSTOMERS,ALL_SYNTHETIC_PROGRAMS,CFG-CPL-04,SYNTHETIC_INTERNAL,SNP-COOLIT-20260925-BL,SCN-BASELINE,WOCOMP-0015-024,WO-0015,BOMC-04-024,50,P-COMP-183,48,48,48,0,,LOT-P-COMP-183-A,EFFECTIVE
TEN-COOLIT-SYN-001,SITE-COOLIT-SYN-01,ERP,WORK_ORDER_COMPONENT,WOCOMP-0015-025,WOCOMP-0015-025,RESOLVED,2026-09-25T23:59:59-06:00,2026-09-26T08:00:00-06:00,2026-06-29T00:00:00-06:00,,1,,false,ACTIVE,EA,,VALID,CURRENT,coolit-synthetic-v2.0.0,ALL_SYNTHETIC_CUSTOMERS,ALL_SYNTHETIC_PROGRAMS,CFG-CPL-04,SYNTHETIC_INTERNAL,SNP-COOLIT-20260925-BL,SCN-BASELINE,WOCOMP-0015-025,WO-0015,BOMC-04-025,50,P-COMP-190,48,48,48,0,,LOT-P-COMP-190-A,EFFECTIVE
TEN-COOLIT-SYN-001,SITE-COOLIT-SYN-01,ERP,WORK_ORDER_COMPONENT,WOCOMP-0015-026,WOCOMP-0015-026,RESOLVED,2026-09-25T23:59:59-06:00,2026-09-26T08:00:00-06:00,2026-06-29T00:00:00-06:00,,1,,false,ACTIVE,EA,,VALID,CURRENT,coolit-synthetic-v2.0.0,ALL_SYNTHETIC_CUSTOMERS,ALL_SYNTHETIC_PROGRAMS,CFG-CPL-04,SYNTHETIC_INTERNAL,SNP-COOLIT-20260925-BL,SCN-BASELINE,WOCOMP-0015-026,WO-0015,BOMC-04-026,60,P-COMP-197,48,48,48,0,,LOT-P-COMP-197-A,EFFECTIVE
TEN-COOLIT-SYN-001,SITE-COOLIT-SYN-01,ERP,WORK_ORDER_COMPONENT,WOCOMP-0015-027,WOCOMP-0015-027,RESOLVED,2026-09-25T23:59:59-06:00,2026-09-26T08:00:00-06:00,2026-06-29T00:00:00-06:00,,1,,false,ACTIVE,EA,,VALID,CURRENT,coolit-synthetic-v2.0.0,ALL_SYNTHETIC_CUSTOMERS,ALL_SYNTHETIC_PROGRAMS,CFG-CPL-04,SYNTHETIC_INTERNAL,SNP-COOLIT-20260925-BL,SCN-BASELINE,WOCOMP-0015-027,WO-0015,BOMC-04-027,60,P-COMP-204,48,48,48,0,,LOT-P-COMP-204-A,EFFECTIVE
TEN-COOLIT-SYN-001,SITE-COOLIT-SYN-01,ERP,WORK_ORDER_COMPONENT,WOCOMP-0015-028,WOCOMP-0015-028,RESOLVED,2026-09-25T23:59:59-06:00,2026-09-26T08:00:00-06:00,2026-06-29T00:00:00-06:00,,1,,false,ACTIVE,EA,,VALID,CURRENT,coolit-synthetic-v2.0.0,ALL_SYNTHETIC_CUSTOMERS,ALL_SYNTHETIC_PROGRAMS,CFG-CPL-04,SYNTHETIC_INTERNAL,SNP-COOLIT-20260925-BL,SCN-BASELINE,WOCOMP-0015-028,WO-0015,BOMC-04-028,60,P-QD-003,96,96,96,0,,LOT-P-QD-003-A,EFFECTIVE
TEN-COOLIT-SYN-001,SITE-COOLIT-SYN-01,ERP,WORK_ORDER_COMPONENT,WOCOMP-0015-029,WOCOMP-0015-029,RESOLVED,2026-09-25T23:59:59-06:00,2026-09-26T08:00:00-06:00,2026-06-29T00:00:00-06:00,,1,,false,ACTIVE,EA,,VALID,CURRENT,coolit-synthetic-v2.0.0,ALL_SYNTHETIC_CUSTOMERS,ALL_SYNTHETIC_PROGRAMS,CFG-CPL-04,SYNTHETIC_INTERNAL,SNP-COOLIT-20260925-BL,SCN-BASELINE,WOCOMP-0015-029,WO-0015,BOMC-04-029,60,P-QD-010,48,48,48,0,,LOT-P-QD-010-A,EFFECTIVE
TEN-COOLIT-SYN-001,SITE-COOLIT-SYN-01,ERP,WORK_ORDER_COMPONENT,WOCOMP-0015-030,WOCOMP-0015-030,RESOLVED,2026-09-25T23:59:59-06:00,2026-09-26T08:00:00-06:00,2026-06-29T00:00:00-06:00,,1,,false,ACTIVE,EA,,VALID,CURRENT,coolit-synthetic-v2.0.0,ALL_SYNTHETIC_CUSTOMERS,ALL_SYNTHETIC_PROGRAMS,CFG-CPL-04,SYNTHETIC_INTERNAL,SNP-COOLIT-20260925-BL,SCN-BASELINE,WOCOMP-0015-030,WO-0015,BOMC-04-030,60,P-PUMP-007,48,48,48,0,,LOT-P-PUMP-007-A,EFFECTIVE
TEN-COOLIT-SYN-001,SITE-COOLIT-SYN-01,ERP,WORK_ORDER_COMPONENT,WOCOMP-0016-001,WOCOMP-0016-001,RESOLVED,2026-09-25T23:59:59-06:00,2026-09-26T08:00:00-06:00,2026-06-29T00:00:00-06:00,,1,,false,ACTIVE,EA,,VALID,CURRENT,coolit-synthetic-v2.0.0,ALL_SYNTHETIC_CUSTOMERS,ALL_SYNTHETIC_PROGRAMS,CFG-CDU-03,SYNTHETIC_INTERNAL,SNP-COOLIT-20260925-BL,SCN-BASELINE,WOCOMP-0016-001,WO-0016,BOMC-11-001,10,P-COMP-141,108,108,108,0,P-CTRL-005,LOT-P-COMP-141-A,EFFECTIVE
TEN-COOLIT-SYN-001,SITE-COOLIT-SYN-01,ERP,WORK_ORDER_COMPONENT,WOCOMP-0016-002,WOCOMP-0016-002,RESOLVED,2026-09-25T23:59:59-06:00,2026-09-26T08:00:00-06:00,2026-06-29T00:00:00-06:00,,1,,false,ACTIVE,EA,,VALID,CURRENT,coolit-synthetic-v2.0.0,ALL_SYNTHETIC_CUSTOMERS,ALL_SYNTHETIC_PROGRAMS,CFG-CDU-03,SYNTHETIC_INTERNAL,SNP-COOLIT-20260925-BL,SCN-BASELINE,WOCOMP-0016-002,WO-0016,BOMC-11-002,10,P-COMP-148,54,54,54,0,,LOT-P-COMP-148-A,EFFECTIVE
TEN-COOLIT-SYN-001,SITE-COOLIT-SYN-01,ERP,WORK_ORDER_COMPONENT,WOCOMP-0016-003,WOCOMP-0016-003,RESOLVED,2026-09-25T23:59:59-06:00,2026-09-26T08:00:00-06:00,2026-06-29T00:00:00-06:00,,1,,false,ACTIVE,EA,,VALID,CURRENT,coolit-synthetic-v2.0.0,ALL_SYNTHETIC_CUSTOMERS,ALL_SYNTHETIC_PROGRAMS,CFG-CDU-03,SYNTHETIC_INTERNAL,SNP-COOLIT-20260925-BL,SCN-BASELINE,WOCOMP-0016-003,WO-0016,BOMC-11-003,10,P-COMP-155,54,54,54,0,,LOT-P-COMP-155-A,EFFECTIVE
TEN-COOLIT-SYN-001,SITE-COOLIT-SYN-01,ERP,WORK_ORDER_COMPONENT,WOCOMP-0016-004,WOCOMP-0016-004,RESOLVED,2026-09-25T23:59:59-06:00,2026-09-26T08:00:00-06:00,2026-06-29T00:00:00-06:00,,1,,false,ACTIVE,EA,,VALID,CURRENT,coolit-synthetic-v2.0.0,ALL_SYNTHETIC_CUSTOMERS,ALL_SYNTHETIC_PROGRAMS,CFG-CDU-03,SYNTHETIC_INTERNAL,SNP-COOLIT-20260925-BL,SCN-BASELINE,WOCOMP-0016-004,WO-0016,BOMC-11-004,10,P-COMP-162,54,54,54,0,,LOT-P-COMP-162-A,EFFECTIVE
TEN-COOLIT-SYN-001,SITE-COOLIT-SYN-01,ERP,WORK_ORDER_COMPONENT,WOCOMP-0016-005,WOCOMP-0016-005,RESOLVED,2026-09-25T23:59:59-06:00,2026-09-26T08:00:00-06:00,2026-06-29T00:00:00-06:00,,1,,false,ACTIVE,EA,,VALID,CURRENT,coolit-synthetic-v2.0.0,ALL_SYNTHETIC_CUSTOMERS,ALL_SYNTHETIC_PROGRAMS,CFG-CDU-03,SYNTHETIC_INTERNAL,SNP-COOLIT-20260925-BL,SCN-BASELINE,WOCOMP-0016-005,WO-0016,BOMC-11-005,10,P-COMP-169,54,54,54,0,,LOT-P-COMP-169-A,EFFECTIVE
TEN-COOLIT-SYN-001,SITE-COOLIT-SYN-01,ERP,WORK_ORDER_COMPONENT,WOCOMP-0016-006,WOCOMP-0016-006,RESOLVED,2026-09-25T23:59:59-06:00,2026-09-26T08:00:00-06:00,2026-06-29T00:00:00-06:00,,1,,false,ACTIVE,EA,,VALID,CURRENT,coolit-synthetic-v2.0.0,ALL_SYNTHETIC_CUSTOMERS,ALL_SYNTHETIC_PROGRAMS,CFG-CDU-03,SYNTHETIC_INTERNAL,SNP-COOLIT-20260925-BL,SCN-BASELINE,WOCOMP-0016-006,WO-0016,BOMC-11-006,20,P-COMP-176,54,54,54,0,,LOT-P-COMP-176-A,EFFECTIVE
TEN-COOLIT-SYN-001,SITE-COOLIT-SYN-01,ERP,WORK_ORDER_COMPONENT,WOCOMP-0016-007,WOCOMP-0016-007,RESOLVED,2026-09-25T23:59:59-06:00,2026-09-26T08:00:00-06:00,2026-06-29T00:00:00-06:00,,1,,false,ACTIVE,EA,,VALID,CURRENT,coolit-synthetic-v2.0.0,ALL_SYNTHETIC_CUSTOMERS,ALL_SYNTHETIC_PROGRAMS,CFG-CDU-03,SYNTHETIC_INTERNAL,SNP-COOLIT-20260925-BL,SCN-BASELINE,WOCOMP-0016-007,WO-0016,BOMC-11-007,20,P-COMP-183,54,54,54,0,,LOT-P-COMP-183-A,EFFECTIVE
TEN-COOLIT-SYN-001,SITE-COOLIT-SYN-01,ERP,WORK_ORDER_COMPONENT,WOCOMP-0016-008,WOCOMP-0016-008,RESOLVED,2026-09-25T23:59:59-06:00,2026-09-26T08:00:00-06:00,2026-06-29T00:00:00-06:00,,1,,false,ACTIVE,EA,,VALID,CURRENT,coolit-synthetic-v2.0.0,ALL_SYNTHETIC_CUSTOMERS,ALL_SYNTHETIC_PROGRAMS,CFG-CDU-03,SYNTHETIC_INTERNAL,SNP-COOLIT-20260925-BL,SCN-BASELINE,WOCOMP-0016-008,WO-0016,BOMC-11-008,20,P-COMP-190,54,54,54,0,,LOT-P-COMP-190-A,EFFECTIVE
TEN-COOLIT-SYN-001,SITE-COOLIT-SYN-01,ERP,WORK_ORDER_COMPONENT,WOCOMP-0016-009,WOCOMP-0016-009,RESOLVED,2026-09-25T23:59:59-06:00,2026-09-26T08:00:00-06:00,2026-06-29T00:00:00-06:00,,1,,false,ACTIVE,EA,,VALID,CURRENT,coolit-synthetic-v2.0.0,ALL_SYNTHETIC_CUSTOMERS,ALL_SYNTHETIC_PROGRAMS,CFG-CDU-03,SYNTHETIC_INTERNAL,SNP-COOLIT-20260925-BL,SCN-BASELINE,WOCOMP-0016-009,WO-0016,BOMC-11-009,20,P-COMP-197,54,54,54,0,,LOT-P-COMP-197-A,EFFECTIVE
TEN-COOLIT-SYN-001,SITE-COOLIT-SYN-01,ERP,WORK_ORDER_COMPONENT,WOCOMP-0016-010,WOCOMP-0016-010,RESOLVED,2026-09-25T23:59:59-06:00,2026-09-26T08:00:00-06:00,2026-06-29T00:00:00-06:00,,1,,false,ACTIVE,EA,,VALID,CURRENT,coolit-synthetic-v2.0.0,ALL_SYNTHETIC_CUSTOMERS,ALL_SYNTHETIC_PROGRAMS,CFG-CDU-03,SYNTHETIC_INTERNAL,SNP-COOLIT-20260925-BL,SCN-BASELINE,WOCOMP-0016-010,WO-0016,BOMC-11-010,20,P-COMP-204,108,108,108,0,,LOT-P-COMP-204-A,EFFECTIVE
TEN-COOLIT-SYN-001,SITE-COOLIT-SYN-01,ERP,WORK_ORDER_COMPONENT,WOCOMP-0016-011,WOCOMP-0016-011,RESOLVED,2026-09-25T23:59:59-06:00,2026-09-26T08:00:00-06:00,2026-06-29T00:00:00-06:00,,1,,false,ACTIVE,EA,,VALID,CURRENT,coolit-synthetic-v2.0.0,ALL_SYNTHETIC_CUSTOMERS,ALL_SYNTHETIC_PROGRAMS,CFG-CDU-03,SYNTHETIC_INTERNAL,SNP-COOLIT-20260925-BL,SCN-BASELINE,WOCOMP-0016-011,WO-0016,BOMC-11-011,30,P-QD-003,54,54,54,0,,LOT-P-QD-003-A,EFFECTIVE
TEN-COOLIT-SYN-001,SITE-COOLIT-SYN-01,ERP,WORK_ORDER_COMPONENT,WOCOMP-0016-012,WOCOMP-0016-012,RESOLVED,2026-09-25T23:59:59-06:00,2026-09-26T08:00:00-06:00,2026-06-29T00:00:00-06:00,,1,,false,ACTIVE,EA,,VALID,CURRENT,coolit-synthetic-v2.0.0,ALL_SYNTHETIC_CUSTOMERS,ALL_SYNTHETIC_PROGRAMS,CFG-CDU-03,SYNTHETIC_INTERNAL,SNP-COOLIT-20260925-BL,SCN-BASELINE,WOCOMP-0016-012,WO-0016,BOMC-11-012,30,P-QD-010,54,54,54,0,P-COMP-010,LOT-P-QD-010-A,EFFECTIVE
TEN-COOLIT-SYN-001,SITE-COOLIT-SYN-01,ERP,WORK_ORDER_COMPONENT,WOCOMP-0016-013,WOCOMP-0016-013,RESOLVED,2026-09-25T23:59:59-06:00,2026-09-26T08:00:00-06:00,2026-06-29T00:00:00-06:00,,1,,false,ACTIVE,EA,,VALID,CURRENT,coolit-synthetic-v2.0.0,ALL_SYNTHETIC_CUSTOMERS,ALL_SYNTHETIC_PROGRAMS,CFG-CDU-03,SYNTHETIC_INTERNAL,SNP-COOLIT-20260925-BL,SCN-BASELINE,WOCOMP-0016-013,WO-0016,BOMC-11-013,30,P-PUMP-007,54,54,54,0,,LOT-P-PUMP-007-A,EFFECTIVE
TEN-COOLIT-SYN-001,SITE-COOLIT-SYN-01,ERP,WORK_ORDER_COMPONENT,WOCOMP-0016-014,WOCOMP-0016-014,RESOLVED,2026-09-25T23:59:59-06:00,2026-09-26T08:00:00-06:00,2026-06-29T00:00:00-06:00,,1,,false,ACTIVE,EA,,VALID,CURRENT,coolit-synthetic-v2.0.0,ALL_SYNTHETIC_CUSTOMERS,ALL_SYNTHETIC_PROGRAMS,CFG-CDU-03,SYNTHETIC_INTERNAL,SNP-COOLIT-20260925-BL,SCN-BASELINE,WOCOMP-0016-014,WO-0016,BOMC-11-014,30,P-HX-006,54,54,54,0,,LOT-P-HX-006-A,EFFECTIVE
TEN-COOLIT-SYN-001,SITE-COOLIT-SYN-01,ERP,WORK_ORDER_COMPONENT,WOCOMP-0016-015,WOCOMP-0016-015,RESOLVED,2026-09-25T23:59:59-06:00,2026-09-26T08:00:00-06:00,2026-06-29T00:00:00-06:00,,1,,false,ACTIVE,EA,,VALID,CURRENT,coolit-synthetic-v2.0.0,ALL_SYNTHETIC_CUSTOMERS,ALL_SYNTHETIC_PROGRAMS,CFG-CDU-03,SYNTHETIC_INTERNAL,SNP-COOLIT-20260925-BL,SCN-BASELINE,WOCOMP-0016-015,WO-0016,BOMC-11-015,30,P-COMP-001,54,54,54,0,,LOT-P-COMP-001-A,EFFECTIVE
TEN-COOLIT-SYN-001,SITE-COOLIT-SYN-01,ERP,WORK_ORDER_COMPONENT,WOCOMP-0016-016,WOCOMP-0016-016,RESOLVED,2026-09-25T23:59:59-06:00,2026-09-26T08:00:00-06:00,2026-06-29T00:00:00-06:00,,1,,false,ACTIVE,EA,,VALID,CURRENT,coolit-synthetic-v2.0.0,ALL_SYNTHETIC_CUSTOMERS,ALL_SYNTHETIC_PROGRAMS,CFG-CDU-03,SYNTHETIC_INTERNAL,SNP-COOLIT-20260925-BL,SCN-BASELINE,WOCOMP-0016-016,WO-0016,BOMC-11-016,40,P-COMP-008,54,54,54,0,,LOT-P-COMP-008-A,EFFECTIVE
TEN-COOLIT-SYN-001,SITE-COOLIT-SYN-01,ERP,WORK_ORDER_COMPONENT,WOCOMP-0016-017,WOCOMP-0016-017,RESOLVED,2026-09-25T23:59:59-06:00,2026-09-26T08:00:00-06:00,2026-06-29T00:00:00-06:00,,1,,false,ACTIVE,EA,,VALID,CURRENT,coolit-synthetic-v2.0.0,ALL_SYNTHETIC_CUSTOMERS,ALL_SYNTHETIC_PROGRAMS,CFG-CDU-03,SYNTHETIC_INTERNAL,SNP-COOLIT-20260925-BL,SCN-BASELINE,WOCOMP-0016-017,WO-0016,BOMC-11-017,40,P-COMP-015,54,54,54,0,,LOT-P-COMP-015-A,EFFECTIVE
TEN-COOLIT-SYN-001,SITE-COOLIT-SYN-01,ERP,WORK_ORDER_COMPONENT,WOCOMP-0016-018,WOCOMP-0016-018,RESOLVED,2026-09-25T23:59:59-06:00,2026-09-26T08:00:00-06:00,2026-06-29T00:00:00-06:00,,1,,false,ACTIVE,EA,,VALID,CURRENT,coolit-synthetic-v2.0.0,ALL_SYNTHETIC_CUSTOMERS,ALL_SYNTHETIC_PROGRAMS,CFG-CDU-03,SYNTHETIC_INTERNAL,SNP-COOLIT-20260925-BL,SCN-BASELINE,WOCOMP-0016-018,WO-0016,BOMC-11-018,40,P-COMP-022,54,54,54,0,,LOT-P-COMP-022-A,EFFECTIVE
TEN-COOLIT-SYN-001,SITE-COOLIT-SYN-01,ERP,WORK_ORDER_COMPONENT,WOCOMP-0016-019,WOCOMP-0016-019,RESOLVED,2026-09-25T23:59:59-06:00,2026-09-26T08:00:00-06:00,2026-06-29T00:00:00-06:00,,1,,false,ACTIVE,EA,,VALID,CURRENT,coolit-synthetic-v2.0.0,ALL_SYNTHETIC_CUSTOMERS,ALL_SYNTHETIC_PROGRAMS,CFG-CDU-03,SYNTHETIC_INTERNAL,SNP-COOLIT-20260925-BL,SCN-BASELINE,WOCOMP-0016-019,WO-0016,BOMC-11-019,40,P-COMP-029,108,108,108,0,,LOT-P-COMP-029-A,EFFECTIVE
TEN-COOLIT-SYN-001,SITE-COOLIT-SYN-01,ERP,WORK_ORDER_COMPONENT,WOCOMP-0016-020,WOCOMP-0016-020,RESOLVED,2026-09-25T23:59:59-06:00,2026-09-26T08:00:00-06:00,2026-06-29T00:00:00-06:00,,1,,false,ACTIVE,EA,,VALID,CURRENT,coolit-synthetic-v2.0.0,ALL_SYNTHETIC_CUSTOMERS,ALL_SYNTHETIC_PROGRAMS,CFG-CDU-03,SYNTHETIC_INTERNAL,SNP-COOLIT-20260925-BL,SCN-BASELINE,WOCOMP-0016-020,WO-0016,BOMC-11-020,40,P-COMP-036,54,54,54,0,,LOT-P-COMP-036-A,EFFECTIVE
TEN-COOLIT-SYN-001,SITE-COOLIT-SYN-01,ERP,WORK_ORDER_COMPONENT,WOCOMP-0016-021,WOCOMP-0016-021,RESOLVED,2026-09-25T23:59:59-06:00,2026-09-26T08:00:00-06:00,2026-06-29T00:00:00-06:00,,1,,false,ACTIVE,EA,,VALID,CURRENT,coolit-synthetic-v2.0.0,ALL_SYNTHETIC_CUSTOMERS,ALL_SYNTHETIC_PROGRAMS,CFG-CDU-03,SYNTHETIC_INTERNAL,SNP-COOLIT-20260925-BL,SCN-BASELINE,WOCOMP-0016-021,WO-0016,BOMC-11-021,50,P-COMP-043,54,54,54,0,,LOT-P-COMP-043-A,EFFECTIVE
TEN-COOLIT-SYN-001,SITE-COOLIT-SYN-01,ERP,WORK_ORDER_COMPONENT,WOCOMP-0016-022,WOCOMP-0016-022,RESOLVED,2026-09-25T23:59:59-06:00,2026-09-26T08:00:00-06:00,2026-06-29T00:00:00-06:00,,1,,false,ACTIVE,EA,,VALID,CURRENT,coolit-synthetic-v2.0.0,ALL_SYNTHETIC_CUSTOMERS,ALL_SYNTHETIC_PROGRAMS,CFG-CDU-03,SYNTHETIC_INTERNAL,SNP-COOLIT-20260925-BL,SCN-BASELINE,WOCOMP-0016-022,WO-0016,BOMC-11-022,50,P-COMP-050,54,54,54,0,,LOT-P-COMP-050-A,EFFECTIVE
TEN-COOLIT-SYN-001,SITE-COOLIT-SYN-01,ERP,WORK_ORDER_COMPONENT,WOCOMP-0016-023,WOCOMP-0016-023,RESOLVED,2026-09-25T23:59:59-06:00,2026-09-26T08:00:00-06:00,2026-06-29T00:00:00-06:00,,1,,false,ACTIVE,EA,,VALID,CURRENT,coolit-synthetic-v2.0.0,ALL_SYNTHETIC_CUSTOMERS,ALL_SYNTHETIC_PROGRAMS,CFG-CDU-03,SYNTHETIC_INTERNAL,SNP-COOLIT-20260925-BL,SCN-BASELINE,WOCOMP-0016-023,WO-0016,BOMC-11-023,50,P-COMP-057,54,54,54,0,P-COMP-021,LOT-P-COMP-057-A,EFFECTIVE
TEN-COOLIT-SYN-001,SITE-COOLIT-SYN-01,ERP,WORK_ORDER_COMPONENT,WOCOMP-0016-024,WOCOMP-0016-024,RESOLVED,2026-09-25T23:59:59-06:00,2026-09-26T08:00:00-06:00,2026-06-29T00:00:00-06:00,,1,,false,ACTIVE,EA,,VALID,CURRENT,coolit-synthetic-v2.0.0,ALL_SYNTHETIC_CUSTOMERS,ALL_SYNTHETIC_PROGRAMS,CFG-CDU-03,SYNTHETIC_INTERNAL,SNP-COOLIT-20260925-BL,SCN-BASELINE,WOCOMP-0016-024,WO-0016,BOMC-11-024,50,P-COMP-064,54,54,54,0,,LOT-P-COMP-064-A,EFFECTIVE
TEN-COOLIT-SYN-001,SITE-COOLIT-SYN-01,ERP,WORK_ORDER_COMPONENT,WOCOMP-0016-025,WOCOMP-0016-025,RESOLVED,2026-09-25T23:59:59-06:00,2026-09-26T08:00:00-06:00,2026-06-29T00:00:00-06:00,,1,,false,ACTIVE,EA,,VALID,CURRENT,coolit-synthetic-v2.0.0,ALL_SYNTHETIC_CUSTOMERS,ALL_SYNTHETIC_PROGRAMS,CFG-CDU-03,SYNTHETIC_INTERNAL,SNP-COOLIT-20260925-BL,SCN-BASELINE,WOCOMP-0016-025,WO-0016,BOMC-11-025,50,P-COMP-071,54,54,54,0,,LOT-P-COMP-071-A,EFFECTIVE
TEN-COOLIT-SYN-001,SITE-COOLIT-SYN-01,ERP,WORK_ORDER_COMPONENT,WOCOMP-0016-026,WOCOMP-0016-026,RESOLVED,2026-09-25T23:59:59-06:00,2026-09-26T08:00:00-06:00,2026-06-29T00:00:00-06:00,,1,,false,ACTIVE,EA,,VALID,CURRENT,coolit-synthetic-v2.0.0,ALL_SYNTHETIC_CUSTOMERS,ALL_SYNTHETIC_PROGRAMS,CFG-CDU-03,SYNTHETIC_INTERNAL,SNP-COOLIT-20260925-BL,SCN-BASELINE,WOCOMP-0016-026,WO-0016,BOMC-11-026,60,P-COMP-078,54,54,54,0,,LOT-P-COMP-078-A,EFFECTIVE
TEN-COOLIT-SYN-001,SITE-COOLIT-SYN-01,ERP,WORK_ORDER_COMPONENT,WOCOMP-0016-027,WOCOMP-0016-027,RESOLVED,2026-09-25T23:59:59-06:00,2026-09-26T08:00:00-06:00,2026-06-29T00:00:00-06:00,,1,,false,ACTIVE,EA,,VALID,CURRENT,coolit-synthetic-v2.0.0,ALL_SYNTHETIC_CUSTOMERS,ALL_SYNTHETIC_PROGRAMS,CFG-CDU-03,SYNTHETIC_INTERNAL,SNP-COOLIT-20260925-BL,SCN-BASELINE,WOCOMP-0016-027,WO-0016,BOMC-11-027,60,P-COMP-085,54,54,54,0,,LOT-P-COMP-085-A,EFFECTIVE
TEN-COOLIT-SYN-001,SITE-COOLIT-SYN-01,ERP,WORK_ORDER_COMPONENT,WOCOMP-0016-028,WOCOMP-0016-028,RESOLVED,2026-09-25T23:59:59-06:00,2026-09-26T08:00:00-06:00,2026-06-29T00:00:00-06:00,,1,,false,ACTIVE,EA,,VALID,CURRENT,coolit-synthetic-v2.0.0,ALL_SYNTHETIC_CUSTOMERS,ALL_SYNTHETIC_PROGRAMS,CFG-CDU-03,SYNTHETIC_INTERNAL,SNP-COOLIT-20260925-BL,SCN-BASELINE,WOCOMP-0016-028,WO-0016,BOMC-11-028,60,P-COMP-092,108,108,108,0,,LOT-P-COMP-092-A,EFFECTIVE
TEN-COOLIT-SYN-001,SITE-COOLIT-SYN-01,ERP,WORK_ORDER_COMPONENT,WOCOMP-0016-029,WOCOMP-0016-029,RESOLVED,2026-09-25T23:59:59-06:00,2026-09-26T08:00:00-06:00,2026-06-29T00:00:00-06:00,,1,,false,ACTIVE,EA,,VALID,CURRENT,coolit-synthetic-v2.0.0,ALL_SYNTHETIC_CUSTOMERS,ALL_SYNTHETIC_PROGRAMS,CFG-CDU-03,SYNTHETIC_INTERNAL,SNP-COOLIT-20260925-BL,SCN-BASELINE,WOCOMP-0016-029,WO-0016,BOMC-11-029,60,P-COMP-099,54,54,54,0,,LOT-P-COMP-099-A,EFFECTIVE
TEN-COOLIT-SYN-001,SITE-COOLIT-SYN-01,ERP,WORK_ORDER_COMPONENT,WOCOMP-0016-030,WOCOMP-0016-030,RESOLVED,2026-09-25T23:59:59-06:00,2026-09-26T08:00:00-06:00,2026-06-29T00:00:00-06:00,,1,,false,ACTIVE,EA,,VALID,CURRENT,coolit-synthetic-v2.0.0,ALL_SYNTHETIC_CUSTOMERS,ALL_SYNTHETIC_PROGRAMS,CFG-CDU-03,SYNTHETIC_INTERNAL,SNP-COOLIT-20260925-BL,SCN-BASELINE,WOCOMP-0016-030,WO-0016,BOMC-11-030,60,P-COMP-106,54,54,54,0,,LOT-P-COMP-106-A,EFFECTIVE
TEN-COOLIT-SYN-001,SITE-COOLIT-SYN-01,ERP,WORK_ORDER_COMPONENT,WOCOMP-0017-001,WOCOMP-0017-001,RESOLVED,2026-09-25T23:59:59-06:00,2026-09-26T08:00:00-06:00,2026-06-29T00:00:00-06:00,,1,,false,ACTIVE,EA,,VALID,CURRENT,coolit-synthetic-v2.0.0,ALL_SYNTHETIC_CUSTOMERS,ALL_SYNTHETIC_PROGRAMS,CFG-RM-02,SYNTHETIC_INTERNAL,SNP-COOLIT-20260925-BL,SCN-BASELINE,WOCOMP-0017-001,WO-0017,BOMC-06-001,10,P-COMP-056,24,24,24,0,P-CTRL-006,LOT-P-COMP-056-A,EFFECTIVE
TEN-COOLIT-SYN-001,SITE-COOLIT-SYN-01,ERP,WORK_ORDER_COMPONENT,WOCOMP-0017-002,WOCOMP-0017-002,RESOLVED,2026-09-25T23:59:59-06:00,2026-09-26T08:00:00-06:00,2026-06-29T00:00:00-06:00,,1,,false,ACTIVE,EA,,VALID,CURRENT,coolit-synthetic-v2.0.0,ALL_SYNTHETIC_CUSTOMERS,ALL_SYNTHETIC_PROGRAMS,CFG-RM-02,SYNTHETIC_INTERNAL,SNP-COOLIT-20260925-BL,SCN-BASELINE,WOCOMP-0017-002,WO-0017,BOMC-06-002,10,P-COMP-063,12,12,12,0,,LOT-P-COMP-063-A,EFFECTIVE
TEN-COOLIT-SYN-001,SITE-COOLIT-SYN-01,ERP,WORK_ORDER_COMPONENT,WOCOMP-0017-003,WOCOMP-0017-003,RESOLVED,2026-09-25T23:59:59-06:00,2026-09-26T08:00:00-06:00,2026-06-29T00:00:00-06:00,,1,,false,ACTIVE,EA,,VALID,CURRENT,coolit-synthetic-v2.0.0,ALL_SYNTHETIC_CUSTOMERS,ALL_SYNTHETIC_PROGRAMS,CFG-RM-02,SYNTHETIC_INTERNAL,SNP-COOLIT-20260925-BL,SCN-BASELINE,WOCOMP-0017-003,WO-0017,BOMC-06-003,10,P-COMP-070,12,12,12,0,,LOT-P-COMP-070-A,EFFECTIVE
TEN-COOLIT-SYN-001,SITE-COOLIT-SYN-01,ERP,WORK_ORDER_COMPONENT,WOCOMP-0017-004,WOCOMP-0017-004,RESOLVED,2026-09-25T23:59:59-06:00,2026-09-26T08:00:00-06:00,2026-06-29T00:00:00-06:00,,1,,false,ACTIVE,EA,,VALID,CURRENT,coolit-synthetic-v2.0.0,ALL_SYNTHETIC_CUSTOMERS,ALL_SYNTHETIC_PROGRAMS,CFG-RM-02,SYNTHETIC_INTERNAL,SNP-COOLIT-20260925-BL,SCN-BASELINE,WOCOMP-0017-004,WO-0017,BOMC-06-004,10,P-COMP-077,12,12,12,0,,LOT-P-COMP-077-A,EFFECTIVE
TEN-COOLIT-SYN-001,SITE-COOLIT-SYN-01,ERP,WORK_ORDER_COMPONENT,WOCOMP-0017-005,WOCOMP-0017-005,RESOLVED,2026-09-25T23:59:59-06:00,2026-09-26T08:00:00-06:00,2026-06-29T00:00:00-06:00,,1,,false,ACTIVE,EA,,VALID,CURRENT,coolit-synthetic-v2.0.0,ALL_SYNTHETIC_CUSTOMERS,ALL_SYNTHETIC_PROGRAMS,CFG-RM-02,SYNTHETIC_INTERNAL,SNP-COOLIT-20260925-BL,SCN-BASELINE,WOCOMP-0017-005,WO-0017,BOMC-06-005,10,P-COMP-084,12,12,12,0,,LOT-P-COMP-084-A,EFFECTIVE
TEN-COOLIT-SYN-001,SITE-COOLIT-SYN-01,ERP,WORK_ORDER_COMPONENT,WOCOMP-0017-006,WOCOMP-0017-006,RESOLVED,2026-09-25T23:59:59-06:00,2026-09-26T08:00:00-06:00,2026-06-29T00:00:00-06:00,,1,,false,ACTIVE,EA,,VALID,CURRENT,coolit-synthetic-v2.0.0,ALL_SYNTHETIC_CUSTOMERS,ALL_SYNTHETIC_PROGRAMS,CFG-RM-02,SYNTHETIC_INTERNAL,SNP-COOLIT-20260925-BL,SCN-BASELINE,WOCOMP-0017-006,WO-0017,BOMC-06-006,20,P-COMP-091,12,12,12,0,,LOT-P-COMP-091-A,EFFECTIVE
TEN-COOLIT-SYN-001,SITE-COOLIT-SYN-01,ERP,WORK_ORDER_COMPONENT,WOCOMP-0017-007,WOCOMP-0017-007,RESOLVED,2026-09-25T23:59:59-06:00,2026-09-26T08:00:00-06:00,2026-06-29T00:00:00-06:00,,1,,false,ACTIVE,EA,,VALID,CURRENT,coolit-synthetic-v2.0.0,ALL_SYNTHETIC_CUSTOMERS,ALL_SYNTHETIC_PROGRAMS,CFG-RM-02,SYNTHETIC_INTERNAL,SNP-COOLIT-20260925-BL,SCN-BASELINE,WOCOMP-0017-007,WO-0017,BOMC-06-007,20,P-COMP-098,12,12,12,0,,LOT-P-COMP-098-A,EFFECTIVE
TEN-COOLIT-SYN-001,SITE-COOLIT-SYN-01,ERP,WORK_ORDER_COMPONENT,WOCOMP-0017-008,WOCOMP-0017-008,RESOLVED,2026-09-25T23:59:59-06:00,2026-09-26T08:00:00-06:00,2026-06-29T00:00:00-06:00,,1,,false,ACTIVE,EA,,VALID,CURRENT,coolit-synthetic-v2.0.0,ALL_SYNTHETIC_CUSTOMERS,ALL_SYNTHETIC_PROGRAMS,CFG-RM-02,SYNTHETIC_INTERNAL,SNP-COOLIT-20260925-BL,SCN-BASELINE,WOCOMP-0017-008,WO-0017,BOMC-06-008,20,P-COMP-105,12,12,12,0,,LOT-P-COMP-105-A,EFFECTIVE
TEN-COOLIT-SYN-001,SITE-COOLIT-SYN-01,ERP,WORK_ORDER_COMPONENT,WOCOMP-0017-009,WOCOMP-0017-009,RESOLVED,2026-09-25T23:59:59-06:00,2026-09-26T08:00:00-06:00,2026-06-29T00:00:00-06:00,,1,,false,ACTIVE,EA,,VALID,CURRENT,coolit-synthetic-v2.0.0,ALL_SYNTHETIC_CUSTOMERS,ALL_SYNTHETIC_PROGRAMS,CFG-RM-02,SYNTHETIC_INTERNAL,SNP-COOLIT-20260925-BL,SCN-BASELINE,WOCOMP-0017-009,WO-0017,BOMC-06-009,20,P-COMP-112,12,12,12,0,,LOT-P-COMP-112-A,EFFECTIVE
TEN-COOLIT-SYN-001,SITE-COOLIT-SYN-01,ERP,WORK_ORDER_COMPONENT,WOCOMP-0017-010,WOCOMP-0017-010,RESOLVED,2026-09-25T23:59:59-06:00,2026-09-26T08:00:00-06:00,2026-06-29T00:00:00-06:00,,1,,false,ACTIVE,EA,,VALID,CURRENT,coolit-synthetic-v2.0.0,ALL_SYNTHETIC_CUSTOMERS,ALL_SYNTHETIC_PROGRAMS,CFG-RM-02,SYNTHETIC_INTERNAL,SNP-COOLIT-20260925-BL,SCN-BASELINE,WOCOMP-0017-010,WO-0017,BOMC-06-010,20,P-COMP-119,24,24,24,0,,LOT-P-COMP-119-A,EFFECTIVE
TEN-COOLIT-SYN-001,SITE-COOLIT-SYN-01,ERP,WORK_ORDER_COMPONENT,WOCOMP-0017-011,WOCOMP-0017-011,RESOLVED,2026-09-25T23:59:59-06:00,2026-09-26T08:00:00-06:00,2026-06-29T00:00:00-06:00,,1,,false,ACTIVE,EA,,VALID,CURRENT,coolit-synthetic-v2.0.0,ALL_SYNTHETIC_CUSTOMERS,ALL_SYNTHETIC_PROGRAMS,CFG-RM-02,SYNTHETIC_INTERNAL,SNP-COOLIT-20260925-BL,SCN-BASELINE,WOCOMP-0017-011,WO-0017,BOMC-06-011,30,P-COMP-126,12,12,12,0,,LOT-P-COMP-126-A,EFFECTIVE
TEN-COOLIT-SYN-001,SITE-COOLIT-SYN-01,ERP,WORK_ORDER_COMPONENT,WOCOMP-0017-012,WOCOMP-0017-012,RESOLVED,2026-09-25T23:59:59-06:00,2026-09-26T08:00:00-06:00,2026-06-29T00:00:00-06:00,,1,,false,ACTIVE,EA,,VALID,CURRENT,coolit-synthetic-v2.0.0,ALL_SYNTHETIC_CUSTOMERS,ALL_SYNTHETIC_PROGRAMS,CFG-RM-02,SYNTHETIC_INTERNAL,SNP-COOLIT-20260925-BL,SCN-BASELINE,WOCOMP-0017-012,WO-0017,BOMC-06-012,30,P-COMP-133,12,12,12,0,P-COMP-011,LOT-P-COMP-133-A,EFFECTIVE
TEN-COOLIT-SYN-001,SITE-COOLIT-SYN-01,ERP,WORK_ORDER_COMPONENT,WOCOMP-0017-013,WOCOMP-0017-013,RESOLVED,2026-09-25T23:59:59-06:00,2026-09-26T08:00:00-06:00,2026-06-29T00:00:00-06:00,,1,,false,ACTIVE,EA,,VALID,CURRENT,coolit-synthetic-v2.0.0,ALL_SYNTHETIC_CUSTOMERS,ALL_SYNTHETIC_PROGRAMS,CFG-RM-02,SYNTHETIC_INTERNAL,SNP-COOLIT-20260925-BL,SCN-BASELINE,WOCOMP-0017-013,WO-0017,BOMC-06-013,30,P-COMP-140,12,12,12,0,,LOT-P-COMP-140-A,EFFECTIVE
TEN-COOLIT-SYN-001,SITE-COOLIT-SYN-01,ERP,WORK_ORDER_COMPONENT,WOCOMP-0017-014,WOCOMP-0017-014,RESOLVED,2026-09-25T23:59:59-06:00,2026-09-26T08:00:00-06:00,2026-06-29T00:00:00-06:00,,1,,false,ACTIVE,EA,,VALID,CURRENT,coolit-synthetic-v2.0.0,ALL_SYNTHETIC_CUSTOMERS,ALL_SYNTHETIC_PROGRAMS,CFG-RM-02,SYNTHETIC_INTERNAL,SNP-COOLIT-20260925-BL,SCN-BASELINE,WOCOMP-0017-014,WO-0017,BOMC-06-014,30,P-COMP-147,12,12,12,0,,LOT-P-COMP-147-A,EFFECTIVE
TEN-COOLIT-SYN-001,SITE-COOLIT-SYN-01,ERP,WORK_ORDER_COMPONENT,WOCOMP-0017-015,WOCOMP-0017-015,RESOLVED,2026-09-25T23:59:59-06:00,2026-09-26T08:00:00-06:00,2026-06-29T00:00:00-06:00,,1,,false,ACTIVE,EA,,VALID,CURRENT,coolit-synthetic-v2.0.0,ALL_SYNTHETIC_CUSTOMERS,ALL_SYNTHETIC_PROGRAMS,CFG-RM-02,SYNTHETIC_INTERNAL,SNP-COOLIT-20260925-BL,SCN-BASELINE,WOCOMP-0017-015,WO-0017,BOMC-06-015,30,P-COMP-154,12,12,12,0,,LOT-P-COMP-154-A,EFFECTIVE
TEN-COOLIT-SYN-001,SITE-COOLIT-SYN-01,ERP,WORK_ORDER_COMPONENT,WOCOMP-0017-016,WOCOMP-0017-016,RESOLVED,2026-09-25T23:59:59-06:00,2026-09-26T08:00:00-06:00,2026-06-29T00:00:00-06:00,,1,,false,ACTIVE,EA,,VALID,CURRENT,coolit-synthetic-v2.0.0,ALL_SYNTHETIC_CUSTOMERS,ALL_SYNTHETIC_PROGRAMS,CFG-RM-02,SYNTHETIC_INTERNAL,SNP-COOLIT-20260925-BL,SCN-BASELINE,WOCOMP-0017-016,WO-0017,BOMC-06-016,40,P-COMP-161,12,12,12,0,,LOT-P-COMP-161-A,EFFECTIVE
TEN-COOLIT-SYN-001,SITE-COOLIT-SYN-01,ERP,WORK_ORDER_COMPONENT,WOCOMP-0017-017,WOCOMP-0017-017,RESOLVED,2026-09-25T23:59:59-06:00,2026-09-26T08:00:00-06:00,2026-06-29T00:00:00-06:00,,1,,false,ACTIVE,EA,,VALID,CURRENT,coolit-synthetic-v2.0.0,ALL_SYNTHETIC_CUSTOMERS,ALL_SYNTHETIC_PROGRAMS,CFG-RM-02,SYNTHETIC_INTERNAL,SNP-COOLIT-20260925-BL,SCN-BASELINE,WOCOMP-0017-017,WO-0017,BOMC-06-017,40,P-COMP-168,12,12,12,0,,LOT-P-COMP-168-A,EFFECTIVE
TEN-COOLIT-SYN-001,SITE-COOLIT-SYN-01,ERP,WORK_ORDER_COMPONENT,WOCOMP-0017-018,WOCOMP-0017-018,RESOLVED,2026-09-25T23:59:59-06:00,2026-09-26T08:00:00-06:00,2026-06-29T00:00:00-06:00,,1,,false,ACTIVE,EA,,VALID,CURRENT,coolit-synthetic-v2.0.0,ALL_SYNTHETIC_CUSTOMERS,ALL_SYNTHETIC_PROGRAMS,CFG-RM-02,SYNTHETIC_INTERNAL,SNP-COOLIT-20260925-BL,SCN-BASELINE,WOCOMP-0017-018,WO-0017,BOMC-06-018,40,P-COMP-175,12,12,12,0,,LOT-P-COMP-175-A,EFFECTIVE
TEN-COOLIT-SYN-001,SITE-COOLIT-SYN-01,ERP,WORK_ORDER_COMPONENT,WOCOMP-0017-019,WOCOMP-0017-019,RESOLVED,2026-09-25T23:59:59-06:00,2026-09-26T08:00:00-06:00,2026-06-29T00:00:00-06:00,,1,,false,ACTIVE,EA,,VALID,CURRENT,coolit-synthetic-v2.0.0,ALL_SYNTHETIC_CUSTOMERS,ALL_SYNTHETIC_PROGRAMS,CFG-RM-02,SYNTHETIC_INTERNAL,SNP-COOLIT-20260925-BL,SCN-BASELINE,WOCOMP-0017-019,WO-0017,BOMC-06-019,40,P-COMP-182,24,24,24,0,,LOT-P-COMP-182-A,EFFECTIVE
TEN-COOLIT-SYN-001,SITE-COOLIT-SYN-01,ERP,WORK_ORDER_COMPONENT,WOCOMP-0017-020,WOCOMP-0017-020,RESOLVED,2026-09-25T23:59:59-06:00,2026-09-26T08:00:00-06:00,2026-06-29T00:00:00-06:00,,1,,false,ACTIVE,EA,,VALID,CURRENT,coolit-synthetic-v2.0.0,ALL_SYNTHETIC_CUSTOMERS,ALL_SYNTHETIC_PROGRAMS,CFG-RM-02,SYNTHETIC_INTERNAL,SNP-COOLIT-20260925-BL,SCN-BASELINE,WOCOMP-0017-020,WO-0017,BOMC-06-020,40,P-COMP-189,12,12,12,0,,LOT-P-COMP-189-A,EFFECTIVE
TEN-COOLIT-SYN-001,SITE-COOLIT-SYN-01,ERP,WORK_ORDER_COMPONENT,WOCOMP-0017-021,WOCOMP-0017-021,RESOLVED,2026-09-25T23:59:59-06:00,2026-09-26T08:00:00-06:00,2026-06-29T00:00:00-06:00,,1,,false,ACTIVE,EA,,VALID,CURRENT,coolit-synthetic-v2.0.0,ALL_SYNTHETIC_CUSTOMERS,ALL_SYNTHETIC_PROGRAMS,CFG-RM-02,SYNTHETIC_INTERNAL,SNP-COOLIT-20260925-BL,SCN-BASELINE,WOCOMP-0017-021,WO-0017,BOMC-06-021,50,P-COMP-196,12,12,12,0,,LOT-P-COMP-196-A,EFFECTIVE
TEN-COOLIT-SYN-001,SITE-COOLIT-SYN-01,ERP,WORK_ORDER_COMPONENT,WOCOMP-0017-022,WOCOMP-0017-022,RESOLVED,2026-09-25T23:59:59-06:00,2026-09-26T08:00:00-06:00,2026-06-29T00:00:00-06:00,,1,,false,ACTIVE,EA,,VALID,CURRENT,coolit-synthetic-v2.0.0,ALL_SYNTHETIC_CUSTOMERS,ALL_SYNTHETIC_PROGRAMS,CFG-RM-02,SYNTHETIC_INTERNAL,SNP-COOLIT-20260925-BL,SCN-BASELINE,WOCOMP-0017-022,WO-0017,BOMC-06-022,50,P-COMP-203,12,12,12,0,,LOT-P-COMP-203-A,EFFECTIVE
TEN-COOLIT-SYN-001,SITE-COOLIT-SYN-01,ERP,WORK_ORDER_COMPONENT,WOCOMP-0017-023,WOCOMP-0017-023,RESOLVED,2026-09-25T23:59:59-06:00,2026-09-26T08:00:00-06:00,2026-06-29T00:00:00-06:00,,1,,false,ACTIVE,EA,,VALID,CURRENT,coolit-synthetic-v2.0.0,ALL_SYNTHETIC_CUSTOMERS,ALL_SYNTHETIC_PROGRAMS,CFG-RM-02,SYNTHETIC_INTERNAL,SNP-COOLIT-20260925-BL,SCN-BASELINE,WOCOMP-0017-023,WO-0017,BOMC-06-023,50,P-QD-002,12,12,12,0,P-COMP-022,LOT-P-QD-002-A,EFFECTIVE
TEN-COOLIT-SYN-001,SITE-COOLIT-SYN-01,ERP,WORK_ORDER_COMPONENT,WOCOMP-0017-024,WOCOMP-0017-024,RESOLVED,2026-09-25T23:59:59-06:00,2026-09-26T08:00:00-06:00,2026-06-29T00:00:00-06:00,,1,,false,ACTIVE,EA,,VALID,CURRENT,coolit-synthetic-v2.0.0,ALL_SYNTHETIC_CUSTOMERS,ALL_SYNTHETIC_PROGRAMS,CFG-RM-02,SYNTHETIC_INTERNAL,SNP-COOLIT-20260925-BL,SCN-BASELINE,WOCOMP-0017-024,WO-0017,BOMC-06-024,50,P-QD-009,12,12,12,0,,LOT-P-QD-009-A,EFFECTIVE
TEN-COOLIT-SYN-001,SITE-COOLIT-SYN-01,ERP,WORK_ORDER_COMPONENT,WOCOMP-0017-025,WOCOMP-0017-025,RESOLVED,2026-09-25T23:59:59-06:00,2026-09-26T08:00:00-06:00,2026-06-29T00:00:00-06:00,,1,,false,ACTIVE,EA,,VALID,CURRENT,coolit-synthetic-v2.0.0,ALL_SYNTHETIC_CUSTOMERS,ALL_SYNTHETIC_PROGRAMS,CFG-RM-02,SYNTHETIC_INTERNAL,SNP-COOLIT-20260925-BL,SCN-BASELINE,WOCOMP-0017-025,WO-0017,BOMC-06-025,50,P-PUMP-006,12,12,12,0,,LOT-P-PUMP-006-A,EFFECTIVE
TEN-COOLIT-SYN-001,SITE-COOLIT-SYN-01,ERP,WORK_ORDER_COMPONENT,WOCOMP-0017-026,WOCOMP-0017-026,RESOLVED,2026-09-25T23:59:59-06:00,2026-09-26T08:00:00-06:00,2026-06-29T00:00:00-06:00,,1,,false,ACTIVE,EA,,VALID,CURRENT,coolit-synthetic-v2.0.0,ALL_SYNTHETIC_CUSTOMERS,ALL_SYNTHETIC_PROGRAMS,CFG-RM-02,SYNTHETIC_INTERNAL,SNP-COOLIT-20260925-BL,SCN-BASELINE,WOCOMP-0017-026,WO-0017,BOMC-06-026,60,P-HX-005,12,12,12,0,,LOT-P-HX-005-A,EFFECTIVE
TEN-COOLIT-SYN-001,SITE-COOLIT-SYN-01,ERP,WORK_ORDER_COMPONENT,WOCOMP-0017-027,WOCOMP-0017-027,RESOLVED,2026-09-25T23:59:59-06:00,2026-09-26T08:00:00-06:00,2026-06-29T00:00:00-06:00,,1,,false,ACTIVE,EA,,VALID,CURRENT,coolit-synthetic-v2.0.0,ALL_SYNTHETIC_CUSTOMERS,ALL_SYNTHETIC_PROGRAMS,CFG-RM-02,SYNTHETIC_INTERNAL,SNP-COOLIT-20260925-BL,SCN-BASELINE,WOCOMP-0017-027,WO-0017,BOMC-06-027,60,P-CTRL-006,12,12,12,0,,LOT-P-CTRL-006-A,EFFECTIVE
TEN-COOLIT-SYN-001,SITE-COOLIT-SYN-01,ERP,WORK_ORDER_COMPONENT,WOCOMP-0017-028,WOCOMP-0017-028,RESOLVED,2026-09-25T23:59:59-06:00,2026-09-26T08:00:00-06:00,2026-06-29T00:00:00-06:00,,1,,false,ACTIVE,EA,,VALID,CURRENT,coolit-synthetic-v2.0.0,ALL_SYNTHETIC_CUSTOMERS,ALL_SYNTHETIC_PROGRAMS,CFG-RM-02,SYNTHETIC_INTERNAL,SNP-COOLIT-20260925-BL,SCN-BASELINE,WOCOMP-0017-028,WO-0017,BOMC-06-028,60,P-COMP-007,24,24,24,0,,LOT-P-COMP-007-A,EFFECTIVE
TEN-COOLIT-SYN-001,SITE-COOLIT-SYN-01,ERP,WORK_ORDER_COMPONENT,WOCOMP-0017-029,WOCOMP-0017-029,RESOLVED,2026-09-25T23:59:59-06:00,2026-09-26T08:00:00-06:00,2026-06-29T00:00:00-06:00,,1,,false,ACTIVE,EA,,VALID,CURRENT,coolit-synthetic-v2.0.0,ALL_SYNTHETIC_CUSTOMERS,ALL_SYNTHETIC_PROGRAMS,CFG-RM-02,SYNTHETIC_INTERNAL,SNP-COOLIT-20260925-BL,SCN-BASELINE,WOCOMP-0017-029,WO-0017,BOMC-06-029,60,P-COMP-014,12,12,12,0,,LOT-P-COMP-014-A,EFFECTIVE
TEN-COOLIT-SYN-001,SITE-COOLIT-SYN-01,ERP,WORK_ORDER_COMPONENT,WOCOMP-0017-030,WOCOMP-0017-030,RESOLVED,2026-09-25T23:59:59-06:00,2026-09-26T08:00:00-06:00,2026-06-29T00:00:00-06:00,,1,,false,ACTIVE,EA,,VALID,CURRENT,coolit-synthetic-v2.0.0,ALL_SYNTHETIC_CUSTOMERS,ALL_SYNTHETIC_PROGRAMS,CFG-RM-02,SYNTHETIC_INTERNAL,SNP-COOLIT-20260925-BL,SCN-BASELINE,WOCOMP-0017-030,WO-0017,BOMC-06-030,60,P-COMP-021,12,12,12,0,,LOT-P-COMP-021-A,EFFECTIVE
TEN-COOLIT-SYN-001,SITE-COOLIT-SYN-01,ERP,WORK_ORDER_COMPONENT,WOCOMP-0018-001,WOCOMP-0018-001,RESOLVED,2026-09-25T23:59:59-06:00,2026-09-26T08:00:00-06:00,2026-06-29T00:00:00-06:00,,1,,false,ACTIVE,EA,,VALID,CURRENT,coolit-synthetic-v2.0.0,ALL_SYNTHETIC_CUSTOMERS,ALL_SYNTHETIC_PROGRAMS,CFG-CPL-01,SYNTHETIC_INTERNAL,SNP-COOLIT-20260925-BL,SCN-BASELINE,WOCOMP-0018-001,WO-0018,BOMC-01-001,10,P-QD-001,36,36,36,0,P-COMP-001,LOT-P-QD-001-A,EFFECTIVE
TEN-COOLIT-SYN-001,SITE-COOLIT-SYN-01,ERP,WORK_ORDER_COMPONENT,WOCOMP-0018-002,WOCOMP-0018-002,RESOLVED,2026-09-25T23:59:59-06:00,2026-09-26T08:00:00-06:00,2026-06-29T00:00:00-06:00,,1,,false,ACTIVE,EA,,VALID,CURRENT,coolit-synthetic-v2.0.0,ALL_SYNTHETIC_CUSTOMERS,ALL_SYNTHETIC_PROGRAMS,CFG-CPL-01,SYNTHETIC_INTERNAL,SNP-COOLIT-20260925-BL,SCN-BASELINE,WOCOMP-0018-002,WO-0018,BOMC-01-002,10,P-QD-008,18,18,18,0,,LOT-P-QD-008-A,EFFECTIVE
TEN-COOLIT-SYN-001,SITE-COOLIT-SYN-01,ERP,WORK_ORDER_COMPONENT,WOCOMP-0018-003,WOCOMP-0018-003,RESOLVED,2026-09-25T23:59:59-06:00,2026-09-26T08:00:00-06:00,2026-06-29T00:00:00-06:00,,1,,false,ACTIVE,EA,,VALID,CURRENT,coolit-synthetic-v2.0.0,ALL_SYNTHETIC_CUSTOMERS,ALL_SYNTHETIC_PROGRAMS,CFG-CPL-01,SYNTHETIC_INTERNAL,SNP-COOLIT-20260925-BL,SCN-BASELINE,WOCOMP-0018-003,WO-0018,BOMC-01-003,10,P-PUMP-005,18,18,18,0,,LOT-P-PUMP-005-A,EFFECTIVE
TEN-COOLIT-SYN-001,SITE-COOLIT-SYN-01,ERP,WORK_ORDER_COMPONENT,WOCOMP-0018-004,WOCOMP-0018-004,RESOLVED,2026-09-25T23:59:59-06:00,2026-09-26T08:00:00-06:00,2026-06-29T00:00:00-06:00,,1,,false,ACTIVE,EA,,VALID,CURRENT,coolit-synthetic-v2.0.0,ALL_SYNTHETIC_CUSTOMERS,ALL_SYNTHETIC_PROGRAMS,CFG-CPL-01,SYNTHETIC_INTERNAL,SNP-COOLIT-20260925-BL,SCN-BASELINE,WOCOMP-0018-004,WO-0018,BOMC-01-004,10,P-HX-004,18,18,18,0,,LOT-P-HX-004-A,EFFECTIVE
TEN-COOLIT-SYN-001,SITE-COOLIT-SYN-01,ERP,WORK_ORDER_COMPONENT,WOCOMP-0018-005,WOCOMP-0018-005,RESOLVED,2026-09-25T23:59:59-06:00,2026-09-26T08:00:00-06:00,2026-06-29T00:00:00-06:00,,1,,false,ACTIVE,EA,,VALID,CURRENT,coolit-synthetic-v2.0.0,ALL_SYNTHETIC_CUSTOMERS,ALL_SYNTHETIC_PROGRAMS,CFG-CPL-01,SYNTHETIC_INTERNAL,SNP-COOLIT-20260925-BL,SCN-BASELINE,WOCOMP-0018-005,WO-0018,BOMC-01-005,10,P-CTRL-005,18,18,18,0,,LOT-P-CTRL-005-A,EFFECTIVE
TEN-COOLIT-SYN-001,SITE-COOLIT-SYN-01,ERP,WORK_ORDER_COMPONENT,WOCOMP-0018-006,WOCOMP-0018-006,RESOLVED,2026-09-25T23:59:59-06:00,2026-09-26T08:00:00-06:00,2026-06-29T00:00:00-06:00,,1,,false,ACTIVE,EA,,VALID,CURRENT,coolit-synthetic-v2.0.0,ALL_SYNTHETIC_CUSTOMERS,ALL_SYNTHETIC_PROGRAMS,CFG-CPL-01,SYNTHETIC_INTERNAL,SNP-COOLIT-20260925-BL,SCN-BASELINE,WOCOMP-0018-006,WO-0018,BOMC-01-006,20,P-COMP-006,18,18,18,0,,LOT-P-COMP-006-A,EFFECTIVE
TEN-COOLIT-SYN-001,SITE-COOLIT-SYN-01,ERP,WORK_ORDER_COMPONENT,WOCOMP-0018-007,WOCOMP-0018-007,RESOLVED,2026-09-25T23:59:59-06:00,2026-09-26T08:00:00-06:00,2026-06-29T00:00:00-06:00,,1,,false,ACTIVE,EA,,VALID,CURRENT,coolit-synthetic-v2.0.0,ALL_SYNTHETIC_CUSTOMERS,ALL_SYNTHETIC_PROGRAMS,CFG-CPL-01,SYNTHETIC_INTERNAL,SNP-COOLIT-20260925-BL,SCN-BASELINE,WOCOMP-0018-007,WO-0018,BOMC-01-007,20,P-COMP-013,18,18,18,0,,LOT-P-COMP-013-A,EFFECTIVE
TEN-COOLIT-SYN-001,SITE-COOLIT-SYN-01,ERP,WORK_ORDER_COMPONENT,WOCOMP-0018-008,WOCOMP-0018-008,RESOLVED,2026-09-25T23:59:59-06:00,2026-09-26T08:00:00-06:00,2026-06-29T00:00:00-06:00,,1,,false,ACTIVE,EA,,VALID,CURRENT,coolit-synthetic-v2.0.0,ALL_SYNTHETIC_CUSTOMERS,ALL_SYNTHETIC_PROGRAMS,CFG-CPL-01,SYNTHETIC_INTERNAL,SNP-COOLIT-20260925-BL,SCN-BASELINE,WOCOMP-0018-008,WO-0018,BOMC-01-008,20,P-COMP-020,18,18,18,0,,LOT-P-COMP-020-A,EFFECTIVE
TEN-COOLIT-SYN-001,SITE-COOLIT-SYN-01,ERP,WORK_ORDER_COMPONENT,WOCOMP-0018-009,WOCOMP-0018-009,RESOLVED,2026-09-25T23:59:59-06:00,2026-09-26T08:00:00-06:00,2026-06-29T00:00:00-06:00,,1,,false,ACTIVE,EA,,VALID,CURRENT,coolit-synthetic-v2.0.0,ALL_SYNTHETIC_CUSTOMERS,ALL_SYNTHETIC_PROGRAMS,CFG-CPL-01,SYNTHETIC_INTERNAL,SNP-COOLIT-20260925-BL,SCN-BASELINE,WOCOMP-0018-009,WO-0018,BOMC-01-009,20,P-COMP-027,18,18,18,0,,LOT-P-COMP-027-A,EFFECTIVE
TEN-COOLIT-SYN-001,SITE-COOLIT-SYN-01,ERP,WORK_ORDER_COMPONENT,WOCOMP-0018-010,WOCOMP-0018-010,RESOLVED,2026-09-25T23:59:59-06:00,2026-09-26T08:00:00-06:00,2026-06-29T00:00:00-06:00,,1,,false,ACTIVE,EA,,VALID,CURRENT,coolit-synthetic-v2.0.0,ALL_SYNTHETIC_CUSTOMERS,ALL_SYNTHETIC_PROGRAMS,CFG-CPL-01,SYNTHETIC_INTERNAL,SNP-COOLIT-20260925-BL,SCN-BASELINE,WOCOMP-0018-010,WO-0018,BOMC-01-010,20,P-COMP-034,36,36,36,0,,LOT-P-COMP-034-A,EFFECTIVE
TEN-COOLIT-SYN-001,SITE-COOLIT-SYN-01,ERP,WORK_ORDER_COMPONENT,WOCOMP-0018-011,WOCOMP-0018-011,RESOLVED,2026-09-25T23:59:59-06:00,2026-09-26T08:00:00-06:00,2026-06-29T00:00:00-06:00,,1,,false,ACTIVE,EA,,VALID,CURRENT,coolit-synthetic-v2.0.0,ALL_SYNTHETIC_CUSTOMERS,ALL_SYNTHETIC_PROGRAMS,CFG-CPL-01,SYNTHETIC_INTERNAL,SNP-COOLIT-20260925-BL,SCN-BASELINE,WOCOMP-0018-011,WO-0018,BOMC-01-011,30,P-COMP-041,18,18,18,0,,LOT-P-COMP-041-A,EFFECTIVE
TEN-COOLIT-SYN-001,SITE-COOLIT-SYN-01,ERP,WORK_ORDER_COMPONENT,WOCOMP-0018-012,WOCOMP-0018-012,RESOLVED,2026-09-25T23:59:59-06:00,2026-09-26T08:00:00-06:00,2026-06-29T00:00:00-06:00,,1,,false,ACTIVE,EA,,VALID,CURRENT,coolit-synthetic-v2.0.0,ALL_SYNTHETIC_CUSTOMERS,ALL_SYNTHETIC_PROGRAMS,CFG-CPL-01,SYNTHETIC_INTERNAL,SNP-COOLIT-20260925-BL,SCN-BASELINE,WOCOMP-0018-012,WO-0018,BOMC-01-012,30,P-COMP-048,18,18,18,0,P-COMP-012,LOT-P-COMP-048-A,EFFECTIVE
TEN-COOLIT-SYN-001,SITE-COOLIT-SYN-01,ERP,WORK_ORDER_COMPONENT,WOCOMP-0018-013,WOCOMP-0018-013,RESOLVED,2026-09-25T23:59:59-06:00,2026-09-26T08:00:00-06:00,2026-06-29T00:00:00-06:00,,1,,false,ACTIVE,EA,,VALID,CURRENT,coolit-synthetic-v2.0.0,ALL_SYNTHETIC_CUSTOMERS,ALL_SYNTHETIC_PROGRAMS,CFG-CPL-01,SYNTHETIC_INTERNAL,SNP-COOLIT-20260925-BL,SCN-BASELINE,WOCOMP-0018-013,WO-0018,BOMC-01-013,30,P-COMP-055,18,18,18,0,,LOT-P-COMP-055-A,EFFECTIVE
TEN-COOLIT-SYN-001,SITE-COOLIT-SYN-01,ERP,WORK_ORDER_COMPONENT,WOCOMP-0018-014,WOCOMP-0018-014,RESOLVED,2026-09-25T23:59:59-06:00,2026-09-26T08:00:00-06:00,2026-06-29T00:00:00-06:00,,1,,false,ACTIVE,EA,,VALID,CURRENT,coolit-synthetic-v2.0.0,ALL_SYNTHETIC_CUSTOMERS,ALL_SYNTHETIC_PROGRAMS,CFG-CPL-01,SYNTHETIC_INTERNAL,SNP-COOLIT-20260925-BL,SCN-BASELINE,WOCOMP-0018-014,WO-0018,BOMC-01-014,30,P-COMP-062,18,18,18,0,,LOT-P-COMP-062-A,EFFECTIVE
TEN-COOLIT-SYN-001,SITE-COOLIT-SYN-01,ERP,WORK_ORDER_COMPONENT,WOCOMP-0018-015,WOCOMP-0018-015,RESOLVED,2026-09-25T23:59:59-06:00,2026-09-26T08:00:00-06:00,2026-06-29T00:00:00-06:00,,1,,false,ACTIVE,EA,,VALID,CURRENT,coolit-synthetic-v2.0.0,ALL_SYNTHETIC_CUSTOMERS,ALL_SYNTHETIC_PROGRAMS,CFG-CPL-01,SYNTHETIC_INTERNAL,SNP-COOLIT-20260925-BL,SCN-BASELINE,WOCOMP-0018-015,WO-0018,BOMC-01-015,30,P-COMP-069,18,18,18,0,,LOT-P-COMP-069-A,EFFECTIVE
TEN-COOLIT-SYN-001,SITE-COOLIT-SYN-01,ERP,WORK_ORDER_COMPONENT,WOCOMP-0018-016,WOCOMP-0018-016,RESOLVED,2026-09-25T23:59:59-06:00,2026-09-26T08:00:00-06:00,2026-06-29T00:00:00-06:00,,1,,false,ACTIVE,EA,,VALID,CURRENT,coolit-synthetic-v2.0.0,ALL_SYNTHETIC_CUSTOMERS,ALL_SYNTHETIC_PROGRAMS,CFG-CPL-01,SYNTHETIC_INTERNAL,SNP-COOLIT-20260925-BL,SCN-BASELINE,WOCOMP-0018-016,WO-0018,BOMC-01-016,40,P-COMP-076,18,18,18,0,,LOT-P-COMP-076-A,EFFECTIVE
TEN-COOLIT-SYN-001,SITE-COOLIT-SYN-01,ERP,WORK_ORDER_COMPONENT,WOCOMP-0018-017,WOCOMP-0018-017,RESOLVED,2026-09-25T23:59:59-06:00,2026-09-26T08:00:00-06:00,2026-06-29T00:00:00-06:00,,1,,false,ACTIVE,EA,,VALID,CURRENT,coolit-synthetic-v2.0.0,ALL_SYNTHETIC_CUSTOMERS,ALL_SYNTHETIC_PROGRAMS,CFG-CPL-01,SYNTHETIC_INTERNAL,SNP-COOLIT-20260925-BL,SCN-BASELINE,WOCOMP-0018-017,WO-0018,BOMC-01-017,40,P-COMP-083,18,18,18,0,,LOT-P-COMP-083-A,EFFECTIVE
TEN-COOLIT-SYN-001,SITE-COOLIT-SYN-01,ERP,WORK_ORDER_COMPONENT,WOCOMP-0018-018,WOCOMP-0018-018,RESOLVED,2026-09-25T23:59:59-06:00,2026-09-26T08:00:00-06:00,2026-06-29T00:00:00-06:00,,1,,false,ACTIVE,EA,,VALID,CURRENT,coolit-synthetic-v2.0.0,ALL_SYNTHETIC_CUSTOMERS,ALL_SYNTHETIC_PROGRAMS,CFG-CPL-01,SYNTHETIC_INTERNAL,SNP-COOLIT-20260925-BL,SCN-BASELINE,WOCOMP-0018-018,WO-0018,BOMC-01-018,40,P-COMP-090,18,18,18,0,,LOT-P-COMP-090-A,EFFECTIVE
TEN-COOLIT-SYN-001,SITE-COOLIT-SYN-01,ERP,WORK_ORDER_COMPONENT,WOCOMP-0018-019,WOCOMP-0018-019,RESOLVED,2026-09-25T23:59:59-06:00,2026-09-26T08:00:00-06:00,2026-06-29T00:00:00-06:00,,1,,false,ACTIVE,EA,,VALID,CURRENT,coolit-synthetic-v2.0.0,ALL_SYNTHETIC_CUSTOMERS,ALL_SYNTHETIC_PROGRAMS,CFG-CPL-01,SYNTHETIC_INTERNAL,SNP-COOLIT-20260925-BL,SCN-BASELINE,WOCOMP-0018-019,WO-0018,BOMC-01-019,40,P-COMP-097,36,36,36,0,,LOT-P-COMP-097-A,EFFECTIVE
TEN-COOLIT-SYN-001,SITE-COOLIT-SYN-01,ERP,WORK_ORDER_COMPONENT,WOCOMP-0018-020,WOCOMP-0018-020,RESOLVED,2026-09-25T23:59:59-06:00,2026-09-26T08:00:00-06:00,2026-06-29T00:00:00-06:00,,1,,false,ACTIVE,EA,,VALID,CURRENT,coolit-synthetic-v2.0.0,ALL_SYNTHETIC_CUSTOMERS,ALL_SYNTHETIC_PROGRAMS,CFG-CPL-01,SYNTHETIC_INTERNAL,SNP-COOLIT-20260925-BL,SCN-BASELINE,WOCOMP-0018-020,WO-0018,BOMC-01-020,40,P-COMP-104,18,18,18,0,,LOT-P-COMP-104-A,EFFECTIVE
TEN-COOLIT-SYN-001,SITE-COOLIT-SYN-01,ERP,WORK_ORDER_COMPONENT,WOCOMP-0018-021,WOCOMP-0018-021,RESOLVED,2026-09-25T23:59:59-06:00,2026-09-26T08:00:00-06:00,2026-06-29T00:00:00-06:00,,1,,false,ACTIVE,EA,,VALID,CURRENT,coolit-synthetic-v2.0.0,ALL_SYNTHETIC_CUSTOMERS,ALL_SYNTHETIC_PROGRAMS,CFG-CPL-01,SYNTHETIC_INTERNAL,SNP-COOLIT-20260925-BL,SCN-BASELINE,WOCOMP-0018-021,WO-0018,BOMC-01-021,50,P-COMP-111,18,18,18,0,,LOT-P-COMP-111-A,EFFECTIVE
TEN-COOLIT-SYN-001,SITE-COOLIT-SYN-01,ERP,WORK_ORDER_COMPONENT,WOCOMP-0018-022,WOCOMP-0018-022,RESOLVED,2026-09-25T23:59:59-06:00,2026-09-26T08:00:00-06:00,2026-06-29T00:00:00-06:00,,1,,false,ACTIVE,EA,,VALID,CURRENT,coolit-synthetic-v2.0.0,ALL_SYNTHETIC_CUSTOMERS,ALL_SYNTHETIC_PROGRAMS,CFG-CPL-01,SYNTHETIC_INTERNAL,SNP-COOLIT-20260925-BL,SCN-BASELINE,WOCOMP-0018-022,WO-0018,BOMC-01-022,50,P-COMP-118,18,18,18,0,,LOT-P-COMP-118-A,EFFECTIVE
TEN-COOLIT-SYN-001,SITE-COOLIT-SYN-01,ERP,WORK_ORDER_COMPONENT,WOCOMP-0018-023,WOCOMP-0018-023,RESOLVED,2026-09-25T23:59:59-06:00,2026-09-26T08:00:00-06:00,2026-06-29T00:00:00-06:00,,1,,false,ACTIVE,EA,,VALID,CURRENT,coolit-synthetic-v2.0.0,ALL_SYNTHETIC_CUSTOMERS,ALL_SYNTHETIC_PROGRAMS,CFG-CPL-01,SYNTHETIC_INTERNAL,SNP-COOLIT-20260925-BL,SCN-BASELINE,WOCOMP-0018-023,WO-0018,BOMC-01-023,50,P-COMP-125,18,18,18,0,P-COMP-023,LOT-P-COMP-125-A,EFFECTIVE
TEN-COOLIT-SYN-001,SITE-COOLIT-SYN-01,ERP,WORK_ORDER_COMPONENT,WOCOMP-0018-024,WOCOMP-0018-024,RESOLVED,2026-09-25T23:59:59-06:00,2026-09-26T08:00:00-06:00,2026-06-29T00:00:00-06:00,,1,,false,ACTIVE,EA,,VALID,CURRENT,coolit-synthetic-v2.0.0,ALL_SYNTHETIC_CUSTOMERS,ALL_SYNTHETIC_PROGRAMS,CFG-CPL-01,SYNTHETIC_INTERNAL,SNP-COOLIT-20260925-BL,SCN-BASELINE,WOCOMP-0018-024,WO-0018,BOMC-01-024,50,P-COMP-132,18,18,18,0,,LOT-P-COMP-132-A,EFFECTIVE
TEN-COOLIT-SYN-001,SITE-COOLIT-SYN-01,ERP,WORK_ORDER_COMPONENT,WOCOMP-0018-025,WOCOMP-0018-025,RESOLVED,2026-09-25T23:59:59-06:00,2026-09-26T08:00:00-06:00,2026-06-29T00:00:00-06:00,,1,,false,ACTIVE,EA,,VALID,CURRENT,coolit-synthetic-v2.0.0,ALL_SYNTHETIC_CUSTOMERS,ALL_SYNTHETIC_PROGRAMS,CFG-CPL-01,SYNTHETIC_INTERNAL,SNP-COOLIT-20260925-BL,SCN-BASELINE,WOCOMP-0018-025,WO-0018,BOMC-01-025,50,P-COMP-139,18,18,18,0,,LOT-P-COMP-139-A,EFFECTIVE
TEN-COOLIT-SYN-001,SITE-COOLIT-SYN-01,ERP,WORK_ORDER_COMPONENT,WOCOMP-0018-026,WOCOMP-0018-026,RESOLVED,2026-09-25T23:59:59-06:00,2026-09-26T08:00:00-06:00,2026-06-29T00:00:00-06:00,,1,,false,ACTIVE,EA,,VALID,CURRENT,coolit-synthetic-v2.0.0,ALL_SYNTHETIC_CUSTOMERS,ALL_SYNTHETIC_PROGRAMS,CFG-CPL-01,SYNTHETIC_INTERNAL,SNP-COOLIT-20260925-BL,SCN-BASELINE,WOCOMP-0018-026,WO-0018,BOMC-01-026,60,P-COMP-146,18,18,18,0,,LOT-P-COMP-146-A,EFFECTIVE
TEN-COOLIT-SYN-001,SITE-COOLIT-SYN-01,ERP,WORK_ORDER_COMPONENT,WOCOMP-0018-027,WOCOMP-0018-027,RESOLVED,2026-09-25T23:59:59-06:00,2026-09-26T08:00:00-06:00,2026-06-29T00:00:00-06:00,,1,,false,ACTIVE,EA,,VALID,CURRENT,coolit-synthetic-v2.0.0,ALL_SYNTHETIC_CUSTOMERS,ALL_SYNTHETIC_PROGRAMS,CFG-CPL-01,SYNTHETIC_INTERNAL,SNP-COOLIT-20260925-BL,SCN-BASELINE,WOCOMP-0018-027,WO-0018,BOMC-01-027,60,P-COMP-153,18,18,18,0,,LOT-P-COMP-153-A,EFFECTIVE
TEN-COOLIT-SYN-001,SITE-COOLIT-SYN-01,ERP,WORK_ORDER_COMPONENT,WOCOMP-0018-028,WOCOMP-0018-028,RESOLVED,2026-09-25T23:59:59-06:00,2026-09-26T08:00:00-06:00,2026-06-29T00:00:00-06:00,,1,,false,ACTIVE,EA,,VALID,CURRENT,coolit-synthetic-v2.0.0,ALL_SYNTHETIC_CUSTOMERS,ALL_SYNTHETIC_PROGRAMS,CFG-CPL-01,SYNTHETIC_INTERNAL,SNP-COOLIT-20260925-BL,SCN-BASELINE,WOCOMP-0018-028,WO-0018,BOMC-01-028,60,P-COMP-160,36,36,36,0,,LOT-P-COMP-160-A,EFFECTIVE
TEN-COOLIT-SYN-001,SITE-COOLIT-SYN-01,ERP,WORK_ORDER_COMPONENT,WOCOMP-0018-029,WOCOMP-0018-029,RESOLVED,2026-09-25T23:59:59-06:00,2026-09-26T08:00:00-06:00,2026-06-29T00:00:00-06:00,,1,,false,ACTIVE,EA,,VALID,CURRENT,coolit-synthetic-v2.0.0,ALL_SYNTHETIC_CUSTOMERS,ALL_SYNTHETIC_PROGRAMS,CFG-CPL-01,SYNTHETIC_INTERNAL,SNP-COOLIT-20260925-BL,SCN-BASELINE,WOCOMP-0018-029,WO-0018,BOMC-01-029,60,P-COMP-167,18,18,18,0,,LOT-P-COMP-167-A,EFFECTIVE
TEN-COOLIT-SYN-001,SITE-COOLIT-SYN-01,ERP,WORK_ORDER_COMPONENT,WOCOMP-0018-030,WOCOMP-0018-030,RESOLVED,2026-09-25T23:59:59-06:00,2026-09-26T08:00:00-06:00,2026-06-29T00:00:00-06:00,,1,,false,ACTIVE,EA,,VALID,CURRENT,coolit-synthetic-v2.0.0,ALL_SYNTHETIC_CUSTOMERS,ALL_SYNTHETIC_PROGRAMS,CFG-CPL-01,SYNTHETIC_INTERNAL,SNP-COOLIT-20260925-BL,SCN-BASELINE,WOCOMP-0018-030,WO-0018,BOMC-01-030,60,P-COMP-174,18,18,18,0,,LOT-P-COMP-174-A,EFFECTIVE
TEN-COOLIT-SYN-001,SITE-COOLIT-SYN-01,ERP,WORK_ORDER_COMPONENT,WOCOMP-0019-001,WOCOMP-0019-001,RESOLVED,2026-09-25T23:59:59-06:00,2026-09-26T08:00:00-06:00,2026-06-29T00:00:00-06:00,,1,,false,ACTIVE,EA,,VALID,CURRENT,coolit-synthetic-v2.0.0,ALL_SYNTHETIC_CUSTOMERS,ALL_SYNTHETIC_PROGRAMS,CFG-RM-04,SYNTHETIC_INTERNAL,SNP-COOLIT-20260925-BL,SCN-BASELINE,WOCOMP-0019-001,WO-0019,BOMC-08-001,10,P-COMP-090,48,48,26,22,P-COMP-002,LOT-P-COMP-090-A,EFFECTIVE
TEN-COOLIT-SYN-001,SITE-COOLIT-SYN-01,ERP,WORK_ORDER_COMPONENT,WOCOMP-0019-002,WOCOMP-0019-002,RESOLVED,2026-09-25T23:59:59-06:00,2026-09-26T08:00:00-06:00,2026-06-29T00:00:00-06:00,,1,,false,ACTIVE,EA,,VALID,CURRENT,coolit-synthetic-v2.0.0,ALL_SYNTHETIC_CUSTOMERS,ALL_SYNTHETIC_PROGRAMS,CFG-RM-04,SYNTHETIC_INTERNAL,SNP-COOLIT-20260925-BL,SCN-BASELINE,WOCOMP-0019-002,WO-0019,BOMC-08-002,10,P-COMP-097,24,24,13,11,,LOT-P-COMP-097-A,EFFECTIVE
TEN-COOLIT-SYN-001,SITE-COOLIT-SYN-01,ERP,WORK_ORDER_COMPONENT,WOCOMP-0019-003,WOCOMP-0019-003,RESOLVED,2026-09-25T23:59:59-06:00,2026-09-26T08:00:00-06:00,2026-06-29T00:00:00-06:00,,1,,false,ACTIVE,EA,,VALID,CURRENT,coolit-synthetic-v2.0.0,ALL_SYNTHETIC_CUSTOMERS,ALL_SYNTHETIC_PROGRAMS,CFG-RM-04,SYNTHETIC_INTERNAL,SNP-COOLIT-20260925-BL,SCN-BASELINE,WOCOMP-0019-003,WO-0019,BOMC-08-003,10,P-COMP-104,24,24,13,11,,LOT-P-COMP-104-A,EFFECTIVE
TEN-COOLIT-SYN-001,SITE-COOLIT-SYN-01,ERP,WORK_ORDER_COMPONENT,WOCOMP-0019-004,WOCOMP-0019-004,RESOLVED,2026-09-25T23:59:59-06:00,2026-09-26T08:00:00-06:00,2026-06-29T00:00:00-06:00,,1,,false,ACTIVE,EA,,VALID,CURRENT,coolit-synthetic-v2.0.0,ALL_SYNTHETIC_CUSTOMERS,ALL_SYNTHETIC_PROGRAMS,CFG-RM-04,SYNTHETIC_INTERNAL,SNP-COOLIT-20260925-BL,SCN-BASELINE,WOCOMP-0019-004,WO-0019,BOMC-08-004,10,P-COMP-111,24,24,13,11,,LOT-P-COMP-111-A,EFFECTIVE
TEN-COOLIT-SYN-001,SITE-COOLIT-SYN-01,ERP,WORK_ORDER_COMPONENT,WOCOMP-0019-005,WOCOMP-0019-005,RESOLVED,2026-09-25T23:59:59-06:00,2026-09-26T08:00:00-06:00,2026-06-29T00:00:00-06:00,,1,,false,ACTIVE,EA,,VALID,CURRENT,coolit-synthetic-v2.0.0,ALL_SYNTHETIC_CUSTOMERS,ALL_SYNTHETIC_PROGRAMS,CFG-RM-04,SYNTHETIC_INTERNAL,SNP-COOLIT-20260925-BL,SCN-BASELINE,WOCOMP-0019-005,WO-0019,BOMC-08-005,10,P-COMP-118,24,24,13,11,,LOT-P-COMP-118-A,EFFECTIVE
TEN-COOLIT-SYN-001,SITE-COOLIT-SYN-01,ERP,WORK_ORDER_COMPONENT,WOCOMP-0019-006,WOCOMP-0019-006,RESOLVED,2026-09-25T23:59:59-06:00,2026-09-26T08:00:00-06:00,2026-06-29T00:00:00-06:00,,1,,false,ACTIVE,EA,,VALID,CURRENT,coolit-synthetic-v2.0.0,ALL_SYNTHETIC_CUSTOMERS,ALL_SYNTHETIC_PROGRAMS,CFG-RM-04,SYNTHETIC_INTERNAL,SNP-COOLIT-20260925-BL,SCN-BASELINE,WOCOMP-0019-006,WO-0019,BOMC-08-006,20,P-COMP-125,24,24,13,11,,LOT-P-COMP-125-A,EFFECTIVE
TEN-COOLIT-SYN-001,SITE-COOLIT-SYN-01,ERP,WORK_ORDER_COMPONENT,WOCOMP-0019-007,WOCOMP-0019-007,RESOLVED,2026-09-25T23:59:59-06:00,2026-09-26T08:00:00-06:00,2026-06-29T00:00:00-06:00,,1,,false,ACTIVE,EA,,VALID,CURRENT,coolit-synthetic-v2.0.0,ALL_SYNTHETIC_CUSTOMERS,ALL_SYNTHETIC_PROGRAMS,CFG-RM-04,SYNTHETIC_INTERNAL,SNP-COOLIT-20260925-BL,SCN-BASELINE,WOCOMP-0019-007,WO-0019,BOMC-08-007,20,P-COMP-132,24,24,13,11,,LOT-P-COMP-132-A,EFFECTIVE
TEN-COOLIT-SYN-001,SITE-COOLIT-SYN-01,ERP,WORK_ORDER_COMPONENT,WOCOMP-0019-008,WOCOMP-0019-008,RESOLVED,2026-09-25T23:59:59-06:00,2026-09-26T08:00:00-06:00,2026-06-29T00:00:00-06:00,,1,,false,ACTIVE,EA,,VALID,CURRENT,coolit-synthetic-v2.0.0,ALL_SYNTHETIC_CUSTOMERS,ALL_SYNTHETIC_PROGRAMS,CFG-RM-04,SYNTHETIC_INTERNAL,SNP-COOLIT-20260925-BL,SCN-BASELINE,WOCOMP-0019-008,WO-0019,BOMC-08-008,20,P-COMP-139,24,24,13,11,,LOT-P-COMP-139-A,EFFECTIVE
TEN-COOLIT-SYN-001,SITE-COOLIT-SYN-01,ERP,WORK_ORDER_COMPONENT,WOCOMP-0019-009,WOCOMP-0019-009,RESOLVED,2026-09-25T23:59:59-06:00,2026-09-26T08:00:00-06:00,2026-06-29T00:00:00-06:00,,1,,false,ACTIVE,EA,,VALID,CURRENT,coolit-synthetic-v2.0.0,ALL_SYNTHETIC_CUSTOMERS,ALL_SYNTHETIC_PROGRAMS,CFG-RM-04,SYNTHETIC_INTERNAL,SNP-COOLIT-20260925-BL,SCN-BASELINE,WOCOMP-0019-009,WO-0019,BOMC-08-009,20,P-COMP-146,24,24,13,11,,LOT-P-COMP-146-A,EFFECTIVE
TEN-COOLIT-SYN-001,SITE-COOLIT-SYN-01,ERP,WORK_ORDER_COMPONENT,WOCOMP-0019-010,WOCOMP-0019-010,RESOLVED,2026-09-25T23:59:59-06:00,2026-09-26T08:00:00-06:00,2026-06-29T00:00:00-06:00,,1,,false,ACTIVE,EA,,VALID,CURRENT,coolit-synthetic-v2.0.0,ALL_SYNTHETIC_CUSTOMERS,ALL_SYNTHETIC_PROGRAMS,CFG-RM-04,SYNTHETIC_INTERNAL,SNP-COOLIT-20260925-BL,SCN-BASELINE,WOCOMP-0019-010,WO-0019,BOMC-08-010,20,P-COMP-153,48,48,26,22,,LOT-P-COMP-153-A,EFFECTIVE
TEN-COOLIT-SYN-001,SITE-COOLIT-SYN-01,ERP,WORK_ORDER_COMPONENT,WOCOMP-0019-011,WOCOMP-0019-011,RESOLVED,2026-09-25T23:59:59-06:00,2026-09-26T08:00:00-06:00,2026-06-29T00:00:00-06:00,,1,,false,ACTIVE,EA,,VALID,CURRENT,coolit-synthetic-v2.0.0,ALL_SYNTHETIC_CUSTOMERS,ALL_SYNTHETIC_PROGRAMS,CFG-RM-04,SYNTHETIC_INTERNAL,SNP-COOLIT-20260925-BL,SCN-BASELINE,WOCOMP-0019-011,WO-0019,BOMC-08-011,30,P-COMP-160,24,24,13,11,,LOT-P-COMP-160-A,EFFECTIVE
TEN-COOLIT-SYN-001,SITE-COOLIT-SYN-01,ERP,WORK_ORDER_COMPONENT,WOCOMP-0019-012,WOCOMP-0019-012,RESOLVED,2026-09-25T23:59:59-06:00,2026-09-26T08:00:00-06:00,2026-06-29T00:00:00-06:00,,1,,false,ACTIVE,EA,,VALID,CURRENT,coolit-synthetic-v2.0.0,ALL_SYNTHETIC_CUSTOMERS,ALL_SYNTHETIC_PROGRAMS,CFG-RM-04,SYNTHETIC_INTERNAL,SNP-COOLIT-20260925-BL,SCN-BASELINE,WOCOMP-0019-012,WO-0019,BOMC-08-012,30,P-COMP-167,24,24,13,11,P-COMP-013,LOT-P-COMP-167-A,EFFECTIVE
TEN-COOLIT-SYN-001,SITE-COOLIT-SYN-01,ERP,WORK_ORDER_COMPONENT,WOCOMP-0019-013,WOCOMP-0019-013,RESOLVED,2026-09-25T23:59:59-06:00,2026-09-26T08:00:00-06:00,2026-06-29T00:00:00-06:00,,1,,false,ACTIVE,EA,,VALID,CURRENT,coolit-synthetic-v2.0.0,ALL_SYNTHETIC_CUSTOMERS,ALL_SYNTHETIC_PROGRAMS,CFG-RM-04,SYNTHETIC_INTERNAL,SNP-COOLIT-20260925-BL,SCN-BASELINE,WOCOMP-0019-013,WO-0019,BOMC-08-013,30,P-COMP-174,24,24,13,11,,LOT-P-COMP-174-A,EFFECTIVE
TEN-COOLIT-SYN-001,SITE-COOLIT-SYN-01,ERP,WORK_ORDER_COMPONENT,WOCOMP-0019-014,WOCOMP-0019-014,RESOLVED,2026-09-25T23:59:59-06:00,2026-09-26T08:00:00-06:00,2026-06-29T00:00:00-06:00,,1,,false,ACTIVE,EA,,VALID,CURRENT,coolit-synthetic-v2.0.0,ALL_SYNTHETIC_CUSTOMERS,ALL_SYNTHETIC_PROGRAMS,CFG-RM-04,SYNTHETIC_INTERNAL,SNP-COOLIT-20260925-BL,SCN-BASELINE,WOCOMP-0019-014,WO-0019,BOMC-08-014,30,P-COMP-181,24,24,13,11,,LOT-P-COMP-181-A,EFFECTIVE
TEN-COOLIT-SYN-001,SITE-COOLIT-SYN-01,ERP,WORK_ORDER_COMPONENT,WOCOMP-0019-015,WOCOMP-0019-015,RESOLVED,2026-09-25T23:59:59-06:00,2026-09-26T08:00:00-06:00,2026-06-29T00:00:00-06:00,,1,,false,ACTIVE,EA,,VALID,CURRENT,coolit-synthetic-v2.0.0,ALL_SYNTHETIC_CUSTOMERS,ALL_SYNTHETIC_PROGRAMS,CFG-RM-04,SYNTHETIC_INTERNAL,SNP-COOLIT-20260925-BL,SCN-BASELINE,WOCOMP-0019-015,WO-0019,BOMC-08-015,30,P-COMP-188,24,24,13,11,,LOT-P-COMP-188-A,EFFECTIVE
TEN-COOLIT-SYN-001,SITE-COOLIT-SYN-01,ERP,WORK_ORDER_COMPONENT,WOCOMP-0019-016,WOCOMP-0019-016,RESOLVED,2026-09-25T23:59:59-06:00,2026-09-26T08:00:00-06:00,2026-06-29T00:00:00-06:00,,1,,false,ACTIVE,EA,,VALID,CURRENT,coolit-synthetic-v2.0.0,ALL_SYNTHETIC_CUSTOMERS,ALL_SYNTHETIC_PROGRAMS,CFG-RM-04,SYNTHETIC_INTERNAL,SNP-COOLIT-20260925-BL,SCN-BASELINE,WOCOMP-0019-016,WO-0019,BOMC-08-016,40,P-COMP-195,24,24,13,11,,LOT-P-COMP-195-A,EFFECTIVE
TEN-COOLIT-SYN-001,SITE-COOLIT-SYN-01,ERP,WORK_ORDER_COMPONENT,WOCOMP-0019-017,WOCOMP-0019-017,RESOLVED,2026-09-25T23:59:59-06:00,2026-09-26T08:00:00-06:00,2026-06-29T00:00:00-06:00,,1,,false,ACTIVE,EA,,VALID,CURRENT,coolit-synthetic-v2.0.0,ALL_SYNTHETIC_CUSTOMERS,ALL_SYNTHETIC_PROGRAMS,CFG-RM-04,SYNTHETIC_INTERNAL,SNP-COOLIT-20260925-BL,SCN-BASELINE,WOCOMP-0019-017,WO-0019,BOMC-08-017,40,P-COMP-202,24,24,13,11,,LOT-P-COMP-202-A,EFFECTIVE
TEN-COOLIT-SYN-001,SITE-COOLIT-SYN-01,ERP,WORK_ORDER_COMPONENT,WOCOMP-0019-018,WOCOMP-0019-018,RESOLVED,2026-09-25T23:59:59-06:00,2026-09-26T08:00:00-06:00,2026-06-29T00:00:00-06:00,,1,,false,ACTIVE,EA,,VALID,CURRENT,coolit-synthetic-v2.0.0,ALL_SYNTHETIC_CUSTOMERS,ALL_SYNTHETIC_PROGRAMS,CFG-RM-04,SYNTHETIC_INTERNAL,SNP-COOLIT-20260925-BL,SCN-BASELINE,WOCOMP-0019-018,WO-0019,BOMC-08-018,40,P-QD-001,24,24,13,11,,LOT-P-QD-001-A,EFFECTIVE
TEN-COOLIT-SYN-001,SITE-COOLIT-SYN-01,ERP,WORK_ORDER_COMPONENT,WOCOMP-0019-019,WOCOMP-0019-019,RESOLVED,2026-09-25T23:59:59-06:00,2026-09-26T08:00:00-06:00,2026-06-29T00:00:00-06:00,,1,,false,ACTIVE,EA,,VALID,CURRENT,coolit-synthetic-v2.0.0,ALL_SYNTHETIC_CUSTOMERS,ALL_SYNTHETIC_PROGRAMS,CFG-RM-04,SYNTHETIC_INTERNAL,SNP-COOLIT-20260925-BL,SCN-BASELINE,WOCOMP-0019-019,WO-0019,BOMC-08-019,40,P-QD-008,48,48,26,22,,LOT-P-QD-008-A,EFFECTIVE
TEN-COOLIT-SYN-001,SITE-COOLIT-SYN-01,ERP,WORK_ORDER_COMPONENT,WOCOMP-0019-020,WOCOMP-0019-020,RESOLVED,2026-09-25T23:59:59-06:00,2026-09-26T08:00:00-06:00,2026-06-29T00:00:00-06:00,,1,,false,ACTIVE,EA,,VALID,CURRENT,coolit-synthetic-v2.0.0,ALL_SYNTHETIC_CUSTOMERS,ALL_SYNTHETIC_PROGRAMS,CFG-RM-04,SYNTHETIC_INTERNAL,SNP-COOLIT-20260925-BL,SCN-BASELINE,WOCOMP-0019-020,WO-0019,BOMC-08-020,40,P-PUMP-005,24,24,13,11,,LOT-P-PUMP-005-A,EFFECTIVE
TEN-COOLIT-SYN-001,SITE-COOLIT-SYN-01,ERP,WORK_ORDER_COMPONENT,WOCOMP-0019-021,WOCOMP-0019-021,RESOLVED,2026-09-25T23:59:59-06:00,2026-09-26T08:00:00-06:00,2026-06-29T00:00:00-06:00,,1,,false,ACTIVE,EA,,VALID,CURRENT,coolit-synthetic-v2.0.0,ALL_SYNTHETIC_CUSTOMERS,ALL_SYNTHETIC_PROGRAMS,CFG-RM-04,SYNTHETIC_INTERNAL,SNP-COOLIT-20260925-BL,SCN-BASELINE,WOCOMP-0019-021,WO-0019,BOMC-08-021,50,P-HX-004,24,24,13,11,,LOT-P-HX-004-A,EFFECTIVE
TEN-COOLIT-SYN-001,SITE-COOLIT-SYN-01,ERP,WORK_ORDER_COMPONENT,WOCOMP-0019-022,WOCOMP-0019-022,RESOLVED,2026-09-25T23:59:59-06:00,2026-09-26T08:00:00-06:00,2026-06-29T00:00:00-06:00,,1,,false,ACTIVE,EA,,VALID,CURRENT,coolit-synthetic-v2.0.0,ALL_SYNTHETIC_CUSTOMERS,ALL_SYNTHETIC_PROGRAMS,CFG-RM-04,SYNTHETIC_INTERNAL,SNP-COOLIT-20260925-BL,SCN-BASELINE,WOCOMP-0019-022,WO-0019,BOMC-08-022,50,P-CTRL-005,24,24,13,11,,LOT-P-CTRL-005-A,EFFECTIVE
TEN-COOLIT-SYN-001,SITE-COOLIT-SYN-01,ERP,WORK_ORDER_COMPONENT,WOCOMP-0019-023,WOCOMP-0019-023,RESOLVED,2026-09-25T23:59:59-06:00,2026-09-26T08:00:00-06:00,2026-06-29T00:00:00-06:00,,1,,false,ACTIVE,EA,,VALID,CURRENT,coolit-synthetic-v2.0.0,ALL_SYNTHETIC_CUSTOMERS,ALL_SYNTHETIC_PROGRAMS,CFG-RM-04,SYNTHETIC_INTERNAL,SNP-COOLIT-20260925-BL,SCN-BASELINE,WOCOMP-0019-023,WO-0019,BOMC-08-023,50,P-COMP-006,24,24,13,11,P-COMP-024,LOT-P-COMP-006-A,EFFECTIVE
TEN-COOLIT-SYN-001,SITE-COOLIT-SYN-01,ERP,WORK_ORDER_COMPONENT,WOCOMP-0019-024,WOCOMP-0019-024,RESOLVED,2026-09-25T23:59:59-06:00,2026-09-26T08:00:00-06:00,2026-06-29T00:00:00-06:00,,1,,false,ACTIVE,EA,,VALID,CURRENT,coolit-synthetic-v2.0.0,ALL_SYNTHETIC_CUSTOMERS,ALL_SYNTHETIC_PROGRAMS,CFG-RM-04,SYNTHETIC_INTERNAL,SNP-COOLIT-20260925-BL,SCN-BASELINE,WOCOMP-0019-024,WO-0019,BOMC-08-024,50,P-COMP-013,24,24,13,11,,LOT-P-COMP-013-A,EFFECTIVE
TEN-COOLIT-SYN-001,SITE-COOLIT-SYN-01,ERP,WORK_ORDER_COMPONENT,WOCOMP-0019-025,WOCOMP-0019-025,RESOLVED,2026-09-25T23:59:59-06:00,2026-09-26T08:00:00-06:00,2026-06-29T00:00:00-06:00,,1,,false,ACTIVE,EA,,VALID,CURRENT,coolit-synthetic-v2.0.0,ALL_SYNTHETIC_CUSTOMERS,ALL_SYNTHETIC_PROGRAMS,CFG-RM-04,SYNTHETIC_INTERNAL,SNP-COOLIT-20260925-BL,SCN-BASELINE,WOCOMP-0019-025,WO-0019,BOMC-08-025,50,P-COMP-020,24,24,13,11,,LOT-P-COMP-020-A,EFFECTIVE
TEN-COOLIT-SYN-001,SITE-COOLIT-SYN-01,ERP,WORK_ORDER_COMPONENT,WOCOMP-0019-026,WOCOMP-0019-026,RESOLVED,2026-09-25T23:59:59-06:00,2026-09-26T08:00:00-06:00,2026-06-29T00:00:00-06:00,,1,,false,ACTIVE,EA,,VALID,CURRENT,coolit-synthetic-v2.0.0,ALL_SYNTHETIC_CUSTOMERS,ALL_SYNTHETIC_PROGRAMS,CFG-RM-04,SYNTHETIC_INTERNAL,SNP-COOLIT-20260925-BL,SCN-BASELINE,WOCOMP-0019-026,WO-0019,BOMC-08-026,60,P-COMP-027,24,24,13,11,,LOT-P-COMP-027-A,EFFECTIVE
TEN-COOLIT-SYN-001,SITE-COOLIT-SYN-01,ERP,WORK_ORDER_COMPONENT,WOCOMP-0019-027,WOCOMP-0019-027,RESOLVED,2026-09-25T23:59:59-06:00,2026-09-26T08:00:00-06:00,2026-06-29T00:00:00-06:00,,1,,false,ACTIVE,EA,,VALID,CURRENT,coolit-synthetic-v2.0.0,ALL_SYNTHETIC_CUSTOMERS,ALL_SYNTHETIC_PROGRAMS,CFG-RM-04,SYNTHETIC_INTERNAL,SNP-COOLIT-20260925-BL,SCN-BASELINE,WOCOMP-0019-027,WO-0019,BOMC-08-027,60,P-COMP-034,24,24,13,11,,LOT-P-COMP-034-A,EFFECTIVE
TEN-COOLIT-SYN-001,SITE-COOLIT-SYN-01,ERP,WORK_ORDER_COMPONENT,WOCOMP-0019-028,WOCOMP-0019-028,RESOLVED,2026-09-25T23:59:59-06:00,2026-09-26T08:00:00-06:00,2026-06-29T00:00:00-06:00,,1,,false,ACTIVE,EA,,VALID,CURRENT,coolit-synthetic-v2.0.0,ALL_SYNTHETIC_CUSTOMERS,ALL_SYNTHETIC_PROGRAMS,CFG-RM-04,SYNTHETIC_INTERNAL,SNP-COOLIT-20260925-BL,SCN-BASELINE,WOCOMP-0019-028,WO-0019,BOMC-08-028,60,P-COMP-041,48,48,26,22,,LOT-P-COMP-041-A,EFFECTIVE
TEN-COOLIT-SYN-001,SITE-COOLIT-SYN-01,ERP,WORK_ORDER_COMPONENT,WOCOMP-0019-029,WOCOMP-0019-029,RESOLVED,2026-09-25T23:59:59-06:00,2026-09-26T08:00:00-06:00,2026-06-29T00:00:00-06:00,,1,,false,ACTIVE,EA,,VALID,CURRENT,coolit-synthetic-v2.0.0,ALL_SYNTHETIC_CUSTOMERS,ALL_SYNTHETIC_PROGRAMS,CFG-RM-04,SYNTHETIC_INTERNAL,SNP-COOLIT-20260925-BL,SCN-BASELINE,WOCOMP-0019-029,WO-0019,BOMC-08-029,60,P-COMP-048,24,24,13,11,,LOT-P-COMP-048-A,EFFECTIVE
TEN-COOLIT-SYN-001,SITE-COOLIT-SYN-01,ERP,WORK_ORDER_COMPONENT,WOCOMP-0019-030,WOCOMP-0019-030,RESOLVED,2026-09-25T23:59:59-06:00,2026-09-26T08:00:00-06:00,2026-06-29T00:00:00-06:00,,1,,false,ACTIVE,EA,,VALID,CURRENT,coolit-synthetic-v2.0.0,ALL_SYNTHETIC_CUSTOMERS,ALL_SYNTHETIC_PROGRAMS,CFG-RM-04,SYNTHETIC_INTERNAL,SNP-COOLIT-20260925-BL,SCN-BASELINE,WOCOMP-0019-030,WO-0019,BOMC-08-030,60,P-COMP-055,24,24,13,11,,LOT-P-COMP-055-A,EFFECTIVE
TEN-COOLIT-SYN-001,SITE-COOLIT-SYN-01,ERP,WORK_ORDER_COMPONENT,WOCOMP-0020-001,WOCOMP-0020-001,RESOLVED,2026-09-25T23:59:59-06:00,2026-09-26T08:00:00-06:00,2026-06-29T00:00:00-06:00,,1,,false,ACTIVE,EA,,VALID,CURRENT,coolit-synthetic-v2.0.0,ALL_SYNTHETIC_CUSTOMERS,ALL_SYNTHETIC_PROGRAMS,CFG-CPL-03,SYNTHETIC_INTERNAL,SNP-COOLIT-20260925-BL,SCN-BASELINE,WOCOMP-0020-001,WO-0020,BOMC-03-001,10,P-COMP-005,60,60,33,27,P-COMP-003,LOT-P-COMP-005-A,EFFECTIVE
TEN-COOLIT-SYN-001,SITE-COOLIT-SYN-01,ERP,WORK_ORDER_COMPONENT,WOCOMP-0020-002,WOCOMP-0020-002,RESOLVED,2026-09-25T23:59:59-06:00,2026-09-26T08:00:00-06:00,2026-06-29T00:00:00-06:00,,1,,false,ACTIVE,EA,,VALID,CURRENT,coolit-synthetic-v2.0.0,ALL_SYNTHETIC_CUSTOMERS,ALL_SYNTHETIC_PROGRAMS,CFG-CPL-03,SYNTHETIC_INTERNAL,SNP-COOLIT-20260925-BL,SCN-BASELINE,WOCOMP-0020-002,WO-0020,BOMC-03-002,10,P-COMP-012,30,30,16,14,,LOT-P-COMP-012-A,EFFECTIVE
TEN-COOLIT-SYN-001,SITE-COOLIT-SYN-01,ERP,WORK_ORDER_COMPONENT,WOCOMP-0020-003,WOCOMP-0020-003,RESOLVED,2026-09-25T23:59:59-06:00,2026-09-26T08:00:00-06:00,2026-06-29T00:00:00-06:00,,1,,false,ACTIVE,EA,,VALID,CURRENT,coolit-synthetic-v2.0.0,ALL_SYNTHETIC_CUSTOMERS,ALL_SYNTHETIC_PROGRAMS,CFG-CPL-03,SYNTHETIC_INTERNAL,SNP-COOLIT-20260925-BL,SCN-BASELINE,WOCOMP-0020-003,WO-0020,BOMC-03-003,10,P-COMP-019,30,30,16,14,,LOT-P-COMP-019-A,EFFECTIVE
TEN-COOLIT-SYN-001,SITE-COOLIT-SYN-01,ERP,WORK_ORDER_COMPONENT,WOCOMP-0020-004,WOCOMP-0020-004,RESOLVED,2026-09-25T23:59:59-06:00,2026-09-26T08:00:00-06:00,2026-06-29T00:00:00-06:00,,1,,false,ACTIVE,EA,,VALID,CURRENT,coolit-synthetic-v2.0.0,ALL_SYNTHETIC_CUSTOMERS,ALL_SYNTHETIC_PROGRAMS,CFG-CPL-03,SYNTHETIC_INTERNAL,SNP-COOLIT-20260925-BL,SCN-BASELINE,WOCOMP-0020-004,WO-0020,BOMC-03-004,10,P-COMP-026,30,30,16,14,,LOT-P-COMP-026-A,EFFECTIVE
TEN-COOLIT-SYN-001,SITE-COOLIT-SYN-01,ERP,WORK_ORDER_COMPONENT,WOCOMP-0020-005,WOCOMP-0020-005,RESOLVED,2026-09-25T23:59:59-06:00,2026-09-26T08:00:00-06:00,2026-06-29T00:00:00-06:00,,1,,false,ACTIVE,EA,,VALID,CURRENT,coolit-synthetic-v2.0.0,ALL_SYNTHETIC_CUSTOMERS,ALL_SYNTHETIC_PROGRAMS,CFG-CPL-03,SYNTHETIC_INTERNAL,SNP-COOLIT-20260925-BL,SCN-BASELINE,WOCOMP-0020-005,WO-0020,BOMC-03-005,10,P-COMP-033,30,30,16,14,,LOT-P-COMP-033-A,EFFECTIVE
TEN-COOLIT-SYN-001,SITE-COOLIT-SYN-01,ERP,WORK_ORDER_COMPONENT,WOCOMP-0020-006,WOCOMP-0020-006,RESOLVED,2026-09-25T23:59:59-06:00,2026-09-26T08:00:00-06:00,2026-06-29T00:00:00-06:00,,1,,false,ACTIVE,EA,,VALID,CURRENT,coolit-synthetic-v2.0.0,ALL_SYNTHETIC_CUSTOMERS,ALL_SYNTHETIC_PROGRAMS,CFG-CPL-03,SYNTHETIC_INTERNAL,SNP-COOLIT-20260925-BL,SCN-BASELINE,WOCOMP-0020-006,WO-0020,BOMC-03-006,20,P-COMP-040,30,30,16,14,,LOT-P-COMP-040-A,EFFECTIVE
TEN-COOLIT-SYN-001,SITE-COOLIT-SYN-01,ERP,WORK_ORDER_COMPONENT,WOCOMP-0020-007,WOCOMP-0020-007,RESOLVED,2026-09-25T23:59:59-06:00,2026-09-26T08:00:00-06:00,2026-06-29T00:00:00-06:00,,1,,false,ACTIVE,EA,,VALID,CURRENT,coolit-synthetic-v2.0.0,ALL_SYNTHETIC_CUSTOMERS,ALL_SYNTHETIC_PROGRAMS,CFG-CPL-03,SYNTHETIC_INTERNAL,SNP-COOLIT-20260925-BL,SCN-BASELINE,WOCOMP-0020-007,WO-0020,BOMC-03-007,20,P-COMP-047,30,30,16,14,,LOT-P-COMP-047-A,EFFECTIVE
TEN-COOLIT-SYN-001,SITE-COOLIT-SYN-01,ERP,WORK_ORDER_COMPONENT,WOCOMP-0020-008,WOCOMP-0020-008,RESOLVED,2026-09-25T23:59:59-06:00,2026-09-26T08:00:00-06:00,2026-06-29T00:00:00-06:00,,1,,false,ACTIVE,EA,,VALID,CURRENT,coolit-synthetic-v2.0.0,ALL_SYNTHETIC_CUSTOMERS,ALL_SYNTHETIC_PROGRAMS,CFG-CPL-03,SYNTHETIC_INTERNAL,SNP-COOLIT-20260925-BL,SCN-BASELINE,WOCOMP-0020-008,WO-0020,BOMC-03-008,20,P-COMP-054,30,30,16,14,,LOT-P-COMP-054-A,EFFECTIVE
TEN-COOLIT-SYN-001,SITE-COOLIT-SYN-01,ERP,WORK_ORDER_COMPONENT,WOCOMP-0020-009,WOCOMP-0020-009,RESOLVED,2026-09-25T23:59:59-06:00,2026-09-26T08:00:00-06:00,2026-06-29T00:00:00-06:00,,1,,false,ACTIVE,EA,,VALID,CURRENT,coolit-synthetic-v2.0.0,ALL_SYNTHETIC_CUSTOMERS,ALL_SYNTHETIC_PROGRAMS,CFG-CPL-03,SYNTHETIC_INTERNAL,SNP-COOLIT-20260925-BL,SCN-BASELINE,WOCOMP-0020-009,WO-0020,BOMC-03-009,20,P-COMP-061,30,30,16,14,,LOT-P-COMP-061-A,EFFECTIVE
TEN-COOLIT-SYN-001,SITE-COOLIT-SYN-01,ERP,WORK_ORDER_COMPONENT,WOCOMP-0020-010,WOCOMP-0020-010,RESOLVED,2026-09-25T23:59:59-06:00,2026-09-26T08:00:00-06:00,2026-06-29T00:00:00-06:00,,1,,false,ACTIVE,EA,,VALID,CURRENT,coolit-synthetic-v2.0.0,ALL_SYNTHETIC_CUSTOMERS,ALL_SYNTHETIC_PROGRAMS,CFG-CPL-03,SYNTHETIC_INTERNAL,SNP-COOLIT-20260925-BL,SCN-BASELINE,WOCOMP-0020-010,WO-0020,BOMC-03-010,20,P-COMP-068,60,60,33,27,,LOT-P-COMP-068-A,EFFECTIVE
TEN-COOLIT-SYN-001,SITE-COOLIT-SYN-01,ERP,WORK_ORDER_COMPONENT,WOCOMP-0020-011,WOCOMP-0020-011,RESOLVED,2026-09-25T23:59:59-06:00,2026-09-26T08:00:00-06:00,2026-06-29T00:00:00-06:00,,1,,false,ACTIVE,EA,,VALID,CURRENT,coolit-synthetic-v2.0.0,ALL_SYNTHETIC_CUSTOMERS,ALL_SYNTHETIC_PROGRAMS,CFG-CPL-03,SYNTHETIC_INTERNAL,SNP-COOLIT-20260925-BL,SCN-BASELINE,WOCOMP-0020-011,WO-0020,BOMC-03-011,30,P-COMP-075,30,30,16,14,,LOT-P-COMP-075-A,EFFECTIVE
TEN-COOLIT-SYN-001,SITE-COOLIT-SYN-01,ERP,WORK_ORDER_COMPONENT,WOCOMP-0020-012,WOCOMP-0020-012,RESOLVED,2026-09-25T23:59:59-06:00,2026-09-26T08:00:00-06:00,2026-06-29T00:00:00-06:00,,1,,false,ACTIVE,EA,,VALID,CURRENT,coolit-synthetic-v2.0.0,ALL_SYNTHETIC_CUSTOMERS,ALL_SYNTHETIC_PROGRAMS,CFG-CPL-03,SYNTHETIC_INTERNAL,SNP-COOLIT-20260925-BL,SCN-BASELINE,WOCOMP-0020-012,WO-0020,BOMC-03-012,30,P-COMP-082,30,30,16,14,P-COMP-014,LOT-P-COMP-082-A,EFFECTIVE
TEN-COOLIT-SYN-001,SITE-COOLIT-SYN-01,ERP,WORK_ORDER_COMPONENT,WOCOMP-0020-013,WOCOMP-0020-013,RESOLVED,2026-09-25T23:59:59-06:00,2026-09-26T08:00:00-06:00,2026-06-29T00:00:00-06:00,,1,,false,ACTIVE,EA,,VALID,CURRENT,coolit-synthetic-v2.0.0,ALL_SYNTHETIC_CUSTOMERS,ALL_SYNTHETIC_PROGRAMS,CFG-CPL-03,SYNTHETIC_INTERNAL,SNP-COOLIT-20260925-BL,SCN-BASELINE,WOCOMP-0020-013,WO-0020,BOMC-03-013,30,P-COMP-089,30,30,16,14,,LOT-P-COMP-089-A,EFFECTIVE
TEN-COOLIT-SYN-001,SITE-COOLIT-SYN-01,ERP,WORK_ORDER_COMPONENT,WOCOMP-0020-014,WOCOMP-0020-014,RESOLVED,2026-09-25T23:59:59-06:00,2026-09-26T08:00:00-06:00,2026-06-29T00:00:00-06:00,,1,,false,ACTIVE,EA,,VALID,CURRENT,coolit-synthetic-v2.0.0,ALL_SYNTHETIC_CUSTOMERS,ALL_SYNTHETIC_PROGRAMS,CFG-CPL-03,SYNTHETIC_INTERNAL,SNP-COOLIT-20260925-BL,SCN-BASELINE,WOCOMP-0020-014,WO-0020,BOMC-03-014,30,P-COMP-096,30,30,16,14,,LOT-P-COMP-096-A,EFFECTIVE
TEN-COOLIT-SYN-001,SITE-COOLIT-SYN-01,ERP,WORK_ORDER_COMPONENT,WOCOMP-0020-015,WOCOMP-0020-015,RESOLVED,2026-09-25T23:59:59-06:00,2026-09-26T08:00:00-06:00,2026-06-29T00:00:00-06:00,,1,,false,ACTIVE,EA,,VALID,CURRENT,coolit-synthetic-v2.0.0,ALL_SYNTHETIC_CUSTOMERS,ALL_SYNTHETIC_PROGRAMS,CFG-CPL-03,SYNTHETIC_INTERNAL,SNP-COOLIT-20260925-BL,SCN-BASELINE,WOCOMP-0020-015,WO-0020,BOMC-03-015,30,P-COMP-103,30,30,16,14,,LOT-P-COMP-103-A,EFFECTIVE
TEN-COOLIT-SYN-001,SITE-COOLIT-SYN-01,ERP,WORK_ORDER_COMPONENT,WOCOMP-0020-016,WOCOMP-0020-016,RESOLVED,2026-09-25T23:59:59-06:00,2026-09-26T08:00:00-06:00,2026-06-29T00:00:00-06:00,,1,,false,ACTIVE,EA,,VALID,CURRENT,coolit-synthetic-v2.0.0,ALL_SYNTHETIC_CUSTOMERS,ALL_SYNTHETIC_PROGRAMS,CFG-CPL-03,SYNTHETIC_INTERNAL,SNP-COOLIT-20260925-BL,SCN-BASELINE,WOCOMP-0020-016,WO-0020,BOMC-03-016,40,P-COMP-110,30,30,16,14,,LOT-P-COMP-110-A,EFFECTIVE
TEN-COOLIT-SYN-001,SITE-COOLIT-SYN-01,ERP,WORK_ORDER_COMPONENT,WOCOMP-0020-017,WOCOMP-0020-017,RESOLVED,2026-09-25T23:59:59-06:00,2026-09-26T08:00:00-06:00,2026-06-29T00:00:00-06:00,,1,,false,ACTIVE,EA,,VALID,CURRENT,coolit-synthetic-v2.0.0,ALL_SYNTHETIC_CUSTOMERS,ALL_SYNTHETIC_PROGRAMS,CFG-CPL-03,SYNTHETIC_INTERNAL,SNP-COOLIT-20260925-BL,SCN-BASELINE,WOCOMP-0020-017,WO-0020,BOMC-03-017,40,P-COMP-117,30,30,16,14,,LOT-P-COMP-117-A,EFFECTIVE
TEN-COOLIT-SYN-001,SITE-COOLIT-SYN-01,ERP,WORK_ORDER_COMPONENT,WOCOMP-0020-018,WOCOMP-0020-018,RESOLVED,2026-09-25T23:59:59-06:00,2026-09-26T08:00:00-06:00,2026-06-29T00:00:00-06:00,,1,,false,ACTIVE,EA,,VALID,CURRENT,coolit-synthetic-v2.0.0,ALL_SYNTHETIC_CUSTOMERS,ALL_SYNTHETIC_PROGRAMS,CFG-CPL-03,SYNTHETIC_INTERNAL,SNP-COOLIT-20260925-BL,SCN-BASELINE,WOCOMP-0020-018,WO-0020,BOMC-03-018,40,P-COMP-124,30,30,16,14,,LOT-P-COMP-124-A,EFFECTIVE
TEN-COOLIT-SYN-001,SITE-COOLIT-SYN-01,ERP,WORK_ORDER_COMPONENT,WOCOMP-0020-019,WOCOMP-0020-019,RESOLVED,2026-09-25T23:59:59-06:00,2026-09-26T08:00:00-06:00,2026-06-29T00:00:00-06:00,,1,,false,ACTIVE,EA,,VALID,CURRENT,coolit-synthetic-v2.0.0,ALL_SYNTHETIC_CUSTOMERS,ALL_SYNTHETIC_PROGRAMS,CFG-CPL-03,SYNTHETIC_INTERNAL,SNP-COOLIT-20260925-BL,SCN-BASELINE,WOCOMP-0020-019,WO-0020,BOMC-03-019,40,P-COMP-131,60,60,33,27,,LOT-P-COMP-131-A,EFFECTIVE
TEN-COOLIT-SYN-001,SITE-COOLIT-SYN-01,ERP,WORK_ORDER_COMPONENT,WOCOMP-0020-020,WOCOMP-0020-020,RESOLVED,2026-09-25T23:59:59-06:00,2026-09-26T08:00:00-06:00,2026-06-29T00:00:00-06:00,,1,,false,ACTIVE,EA,,VALID,CURRENT,coolit-synthetic-v2.0.0,ALL_SYNTHETIC_CUSTOMERS,ALL_SYNTHETIC_PROGRAMS,CFG-CPL-03,SYNTHETIC_INTERNAL,SNP-COOLIT-20260925-BL,SCN-BASELINE,WOCOMP-0020-020,WO-0020,BOMC-03-020,40,P-COMP-138,30,30,16,14,,LOT-P-COMP-138-A,EFFECTIVE
TEN-COOLIT-SYN-001,SITE-COOLIT-SYN-01,ERP,WORK_ORDER_COMPONENT,WOCOMP-0020-021,WOCOMP-0020-021,RESOLVED,2026-09-25T23:59:59-06:00,2026-09-26T08:00:00-06:00,2026-06-29T00:00:00-06:00,,1,,false,ACTIVE,EA,,VALID,CURRENT,coolit-synthetic-v2.0.0,ALL_SYNTHETIC_CUSTOMERS,ALL_SYNTHETIC_PROGRAMS,CFG-CPL-03,SYNTHETIC_INTERNAL,SNP-COOLIT-20260925-BL,SCN-BASELINE,WOCOMP-0020-021,WO-0020,BOMC-03-021,50,P-COMP-145,30,30,16,14,,LOT-P-COMP-145-A,EFFECTIVE
TEN-COOLIT-SYN-001,SITE-COOLIT-SYN-01,ERP,WORK_ORDER_COMPONENT,WOCOMP-0020-022,WOCOMP-0020-022,RESOLVED,2026-09-25T23:59:59-06:00,2026-09-26T08:00:00-06:00,2026-06-29T00:00:00-06:00,,1,,false,ACTIVE,EA,,VALID,CURRENT,coolit-synthetic-v2.0.0,ALL_SYNTHETIC_CUSTOMERS,ALL_SYNTHETIC_PROGRAMS,CFG-CPL-03,SYNTHETIC_INTERNAL,SNP-COOLIT-20260925-BL,SCN-BASELINE,WOCOMP-0020-022,WO-0020,BOMC-03-022,50,P-COMP-152,30,30,16,14,,LOT-P-COMP-152-A,EFFECTIVE
TEN-COOLIT-SYN-001,SITE-COOLIT-SYN-01,ERP,WORK_ORDER_COMPONENT,WOCOMP-0020-023,WOCOMP-0020-023,RESOLVED,2026-09-25T23:59:59-06:00,2026-09-26T08:00:00-06:00,2026-06-29T00:00:00-06:00,,1,,false,ACTIVE,EA,,VALID,CURRENT,coolit-synthetic-v2.0.0,ALL_SYNTHETIC_CUSTOMERS,ALL_SYNTHETIC_PROGRAMS,CFG-CPL-03,SYNTHETIC_INTERNAL,SNP-COOLIT-20260925-BL,SCN-BASELINE,WOCOMP-0020-023,WO-0020,BOMC-03-023,50,P-COMP-159,30,30,16,14,P-COMP-025,LOT-P-COMP-159-A,EFFECTIVE
TEN-COOLIT-SYN-001,SITE-COOLIT-SYN-01,ERP,WORK_ORDER_COMPONENT,WOCOMP-0020-024,WOCOMP-0020-024,RESOLVED,2026-09-25T23:59:59-06:00,2026-09-26T08:00:00-06:00,2026-06-29T00:00:00-06:00,,1,,false,ACTIVE,EA,,VALID,CURRENT,coolit-synthetic-v2.0.0,ALL_SYNTHETIC_CUSTOMERS,ALL_SYNTHETIC_PROGRAMS,CFG-CPL-03,SYNTHETIC_INTERNAL,SNP-COOLIT-20260925-BL,SCN-BASELINE,WOCOMP-0020-024,WO-0020,BOMC-03-024,50,P-COMP-166,30,30,16,14,,LOT-P-COMP-166-A,EFFECTIVE
TEN-COOLIT-SYN-001,SITE-COOLIT-SYN-01,ERP,WORK_ORDER_COMPONENT,WOCOMP-0020-025,WOCOMP-0020-025,RESOLVED,2026-09-25T23:59:59-06:00,2026-09-26T08:00:00-06:00,2026-06-29T00:00:00-06:00,,1,,false,ACTIVE,EA,,VALID,CURRENT,coolit-synthetic-v2.0.0,ALL_SYNTHETIC_CUSTOMERS,ALL_SYNTHETIC_PROGRAMS,CFG-CPL-03,SYNTHETIC_INTERNAL,SNP-COOLIT-20260925-BL,SCN-BASELINE,WOCOMP-0020-025,WO-0020,BOMC-03-025,50,P-COMP-173,30,30,16,14,,LOT-P-COMP-173-A,EFFECTIVE
TEN-COOLIT-SYN-001,SITE-COOLIT-SYN-01,ERP,WORK_ORDER_COMPONENT,WOCOMP-0020-026,WOCOMP-0020-026,RESOLVED,2026-09-25T23:59:59-06:00,2026-09-26T08:00:00-06:00,2026-06-29T00:00:00-06:00,,1,,false,ACTIVE,EA,,VALID,CURRENT,coolit-synthetic-v2.0.0,ALL_SYNTHETIC_CUSTOMERS,ALL_SYNTHETIC_PROGRAMS,CFG-CPL-03,SYNTHETIC_INTERNAL,SNP-COOLIT-20260925-BL,SCN-BASELINE,WOCOMP-0020-026,WO-0020,BOMC-03-026,60,P-COMP-180,30,30,16,14,,LOT-P-COMP-180-A,EFFECTIVE
TEN-COOLIT-SYN-001,SITE-COOLIT-SYN-01,ERP,WORK_ORDER_COMPONENT,WOCOMP-0020-027,WOCOMP-0020-027,RESOLVED,2026-09-25T23:59:59-06:00,2026-09-26T08:00:00-06:00,2026-06-29T00:00:00-06:00,,1,,false,ACTIVE,EA,,VALID,CURRENT,coolit-synthetic-v2.0.0,ALL_SYNTHETIC_CUSTOMERS,ALL_SYNTHETIC_PROGRAMS,CFG-CPL-03,SYNTHETIC_INTERNAL,SNP-COOLIT-20260925-BL,SCN-BASELINE,WOCOMP-0020-027,WO-0020,BOMC-03-027,60,P-COMP-187,30,30,16,14,,LOT-P-COMP-187-A,EFFECTIVE
TEN-COOLIT-SYN-001,SITE-COOLIT-SYN-01,ERP,WORK_ORDER_COMPONENT,WOCOMP-0020-028,WOCOMP-0020-028,RESOLVED,2026-09-25T23:59:59-06:00,2026-09-26T08:00:00-06:00,2026-06-29T00:00:00-06:00,,1,,false,ACTIVE,EA,,VALID,CURRENT,coolit-synthetic-v2.0.0,ALL_SYNTHETIC_CUSTOMERS,ALL_SYNTHETIC_PROGRAMS,CFG-CPL-03,SYNTHETIC_INTERNAL,SNP-COOLIT-20260925-BL,SCN-BASELINE,WOCOMP-0020-028,WO-0020,BOMC-03-028,60,P-COMP-194,60,60,33,27,,LOT-P-COMP-194-A,EFFECTIVE
TEN-COOLIT-SYN-001,SITE-COOLIT-SYN-01,ERP,WORK_ORDER_COMPONENT,WOCOMP-0020-029,WOCOMP-0020-029,RESOLVED,2026-09-25T23:59:59-06:00,2026-09-26T08:00:00-06:00,2026-06-29T00:00:00-06:00,,1,,false,ACTIVE,EA,,VALID,CURRENT,coolit-synthetic-v2.0.0,ALL_SYNTHETIC_CUSTOMERS,ALL_SYNTHETIC_PROGRAMS,CFG-CPL-03,SYNTHETIC_INTERNAL,SNP-COOLIT-20260925-BL,SCN-BASELINE,WOCOMP-0020-029,WO-0020,BOMC-03-029,60,P-COMP-201,30,30,16,14,,LOT-P-COMP-201-A,EFFECTIVE
TEN-COOLIT-SYN-001,SITE-COOLIT-SYN-01,ERP,WORK_ORDER_COMPONENT,WOCOMP-0020-030,WOCOMP-0020-030,RESOLVED,2026-09-25T23:59:59-06:00,2026-09-26T08:00:00-06:00,2026-06-29T00:00:00-06:00,,1,,false,ACTIVE,EA,,VALID,CURRENT,coolit-synthetic-v2.0.0,ALL_SYNTHETIC_CUSTOMERS,ALL_SYNTHETIC_PROGRAMS,CFG-CPL-03,SYNTHETIC_INTERNAL,SNP-COOLIT-20260925-BL,SCN-BASELINE,WOCOMP-0020-030,WO-0020,BOMC-03-030,60,P-COMP-208,30,30,16,14,,LOT-P-COMP-208-A,EFFECTIVE
TEN-COOLIT-SYN-001,SITE-COOLIT-SYN-01,ERP,WORK_ORDER_COMPONENT,WOCOMP-0021-001,WOCOMP-0021-001,RESOLVED,2026-09-25T23:59:59-06:00,2026-09-26T08:00:00-06:00,2026-06-29T00:00:00-06:00,,1,,false,ACTIVE,EA,,VALID,CURRENT,coolit-synthetic-v2.0.0,ALL_SYNTHETIC_CUSTOMERS,ALL_SYNTHETIC_PROGRAMS,CFG-CDU-02,SYNTHETIC_INTERNAL,SNP-COOLIT-20260925-BL,SCN-BASELINE,WOCOMP-0021-001,WO-0021,BOMC-10-001,10,P-COMP-124,72,72,39,33,P-COMP-004,LOT-P-COMP-124-A,EFFECTIVE
TEN-COOLIT-SYN-001,SITE-COOLIT-SYN-01,ERP,WORK_ORDER_COMPONENT,WOCOMP-0021-002,WOCOMP-0021-002,RESOLVED,2026-09-25T23:59:59-06:00,2026-09-26T08:00:00-06:00,2026-06-29T00:00:00-06:00,,1,,false,ACTIVE,EA,,VALID,CURRENT,coolit-synthetic-v2.0.0,ALL_SYNTHETIC_CUSTOMERS,ALL_SYNTHETIC_PROGRAMS,CFG-CDU-02,SYNTHETIC_INTERNAL,SNP-COOLIT-20260925-BL,SCN-BASELINE,WOCOMP-0021-002,WO-0021,BOMC-10-002,10,P-COMP-131,36,36,19,17,,LOT-P-COMP-131-A,EFFECTIVE
TEN-COOLIT-SYN-001,SITE-COOLIT-SYN-01,ERP,WORK_ORDER_COMPONENT,WOCOMP-0021-003,WOCOMP-0021-003,RESOLVED,2026-09-25T23:59:59-06:00,2026-09-26T08:00:00-06:00,2026-06-29T00:00:00-06:00,,1,,false,ACTIVE,EA,,VALID,CURRENT,coolit-synthetic-v2.0.0,ALL_SYNTHETIC_CUSTOMERS,ALL_SYNTHETIC_PROGRAMS,CFG-CDU-02,SYNTHETIC_INTERNAL,SNP-COOLIT-20260925-BL,SCN-BASELINE,WOCOMP-0021-003,WO-0021,BOMC-10-003,10,P-COMP-138,36,36,19,17,,LOT-P-COMP-138-A,EFFECTIVE
TEN-COOLIT-SYN-001,SITE-COOLIT-SYN-01,ERP,WORK_ORDER_COMPONENT,WOCOMP-0021-004,WOCOMP-0021-004,RESOLVED,2026-09-25T23:59:59-06:00,2026-09-26T08:00:00-06:00,2026-06-29T00:00:00-06:00,,1,,false,ACTIVE,EA,,VALID,CURRENT,coolit-synthetic-v2.0.0,ALL_SYNTHETIC_CUSTOMERS,ALL_SYNTHETIC_PROGRAMS,CFG-CDU-02,SYNTHETIC_INTERNAL,SNP-COOLIT-20260925-BL,SCN-BASELINE,WOCOMP-0021-004,WO-0021,BOMC-10-004,10,P-COMP-145,36,36,19,17,,LOT-P-COMP-145-A,EFFECTIVE
TEN-COOLIT-SYN-001,SITE-COOLIT-SYN-01,ERP,WORK_ORDER_COMPONENT,WOCOMP-0021-005,WOCOMP-0021-005,RESOLVED,2026-09-25T23:59:59-06:00,2026-09-26T08:00:00-06:00,2026-06-29T00:00:00-06:00,,1,,false,ACTIVE,EA,,VALID,CURRENT,coolit-synthetic-v2.0.0,ALL_SYNTHETIC_CUSTOMERS,ALL_SYNTHETIC_PROGRAMS,CFG-CDU-02,SYNTHETIC_INTERNAL,SNP-COOLIT-20260925-BL,SCN-BASELINE,WOCOMP-0021-005,WO-0021,BOMC-10-005,10,P-COMP-152,36,36,19,17,,LOT-P-COMP-152-A,EFFECTIVE
TEN-COOLIT-SYN-001,SITE-COOLIT-SYN-01,ERP,WORK_ORDER_COMPONENT,WOCOMP-0021-006,WOCOMP-0021-006,RESOLVED,2026-09-25T23:59:59-06:00,2026-09-26T08:00:00-06:00,2026-06-29T00:00:00-06:00,,1,,false,ACTIVE,EA,,VALID,CURRENT,coolit-synthetic-v2.0.0,ALL_SYNTHETIC_CUSTOMERS,ALL_SYNTHETIC_PROGRAMS,CFG-CDU-02,SYNTHETIC_INTERNAL,SNP-COOLIT-20260925-BL,SCN-BASELINE,WOCOMP-0021-006,WO-0021,BOMC-10-006,20,P-COMP-159,36,36,19,17,,LOT-P-COMP-159-A,EFFECTIVE
TEN-COOLIT-SYN-001,SITE-COOLIT-SYN-01,ERP,WORK_ORDER_COMPONENT,WOCOMP-0021-007,WOCOMP-0021-007,RESOLVED,2026-09-25T23:59:59-06:00,2026-09-26T08:00:00-06:00,2026-06-29T00:00:00-06:00,,1,,false,ACTIVE,EA,,VALID,CURRENT,coolit-synthetic-v2.0.0,ALL_SYNTHETIC_CUSTOMERS,ALL_SYNTHETIC_PROGRAMS,CFG-CDU-02,SYNTHETIC_INTERNAL,SNP-COOLIT-20260925-BL,SCN-BASELINE,WOCOMP-0021-007,WO-0021,BOMC-10-007,20,P-COMP-166,36,36,19,17,,LOT-P-COMP-166-A,EFFECTIVE
TEN-COOLIT-SYN-001,SITE-COOLIT-SYN-01,ERP,WORK_ORDER_COMPONENT,WOCOMP-0021-008,WOCOMP-0021-008,RESOLVED,2026-09-25T23:59:59-06:00,2026-09-26T08:00:00-06:00,2026-06-29T00:00:00-06:00,,1,,false,ACTIVE,EA,,VALID,CURRENT,coolit-synthetic-v2.0.0,ALL_SYNTHETIC_CUSTOMERS,ALL_SYNTHETIC_PROGRAMS,CFG-CDU-02,SYNTHETIC_INTERNAL,SNP-COOLIT-20260925-BL,SCN-BASELINE,WOCOMP-0021-008,WO-0021,BOMC-10-008,20,P-COMP-173,36,36,19,17,,LOT-P-COMP-173-A,EFFECTIVE
TEN-COOLIT-SYN-001,SITE-COOLIT-SYN-01,ERP,WORK_ORDER_COMPONENT,WOCOMP-0021-009,WOCOMP-0021-009,RESOLVED,2026-09-25T23:59:59-06:00,2026-09-26T08:00:00-06:00,2026-06-29T00:00:00-06:00,,1,,false,ACTIVE,EA,,VALID,CURRENT,coolit-synthetic-v2.0.0,ALL_SYNTHETIC_CUSTOMERS,ALL_SYNTHETIC_PROGRAMS,CFG-CDU-02,SYNTHETIC_INTERNAL,SNP-COOLIT-20260925-BL,SCN-BASELINE,WOCOMP-0021-009,WO-0021,BOMC-10-009,20,P-COMP-180,36,36,19,17,,LOT-P-COMP-180-A,EFFECTIVE
TEN-COOLIT-SYN-001,SITE-COOLIT-SYN-01,ERP,WORK_ORDER_COMPONENT,WOCOMP-0021-010,WOCOMP-0021-010,RESOLVED,2026-09-25T23:59:59-06:00,2026-09-26T08:00:00-06:00,2026-06-29T00:00:00-06:00,,1,,false,ACTIVE,EA,,VALID,CURRENT,coolit-synthetic-v2.0.0,ALL_SYNTHETIC_CUSTOMERS,ALL_SYNTHETIC_PROGRAMS,CFG-CDU-02,SYNTHETIC_INTERNAL,SNP-COOLIT-20260925-BL,SCN-BASELINE,WOCOMP-0021-010,WO-0021,BOMC-10-010,20,P-COMP-187,72,72,39,33,,LOT-P-COMP-187-A,EFFECTIVE
TEN-COOLIT-SYN-001,SITE-COOLIT-SYN-01,ERP,WORK_ORDER_COMPONENT,WOCOMP-0021-011,WOCOMP-0021-011,RESOLVED,2026-09-25T23:59:59-06:00,2026-09-26T08:00:00-06:00,2026-06-29T00:00:00-06:00,,1,,false,ACTIVE,EA,,VALID,CURRENT,coolit-synthetic-v2.0.0,ALL_SYNTHETIC_CUSTOMERS,ALL_SYNTHETIC_PROGRAMS,CFG-CDU-02,SYNTHETIC_INTERNAL,SNP-COOLIT-20260925-BL,SCN-BASELINE,WOCOMP-0021-011,WO-0021,BOMC-10-011,30,P-COMP-194,36,36,19,17,,LOT-P-COMP-194-A,EFFECTIVE
TEN-COOLIT-SYN-001,SITE-COOLIT-SYN-01,ERP,WORK_ORDER_COMPONENT,WOCOMP-0021-012,WOCOMP-0021-012,RESOLVED,2026-09-25T23:59:59-06:00,2026-09-26T08:00:00-06:00,2026-06-29T00:00:00-06:00,,1,,false,ACTIVE,EA,,VALID,CURRENT,coolit-synthetic-v2.0.0,ALL_SYNTHETIC_CUSTOMERS,ALL_SYNTHETIC_PROGRAMS,CFG-CDU-02,SYNTHETIC_INTERNAL,SNP-COOLIT-20260925-BL,SCN-BASELINE,WOCOMP-0021-012,WO-0021,BOMC-10-012,30,P-COMP-201,36,36,19,17,P-COMP-015,LOT-P-COMP-201-A,EFFECTIVE
TEN-COOLIT-SYN-001,SITE-COOLIT-SYN-01,ERP,WORK_ORDER_COMPONENT,WOCOMP-0021-013,WOCOMP-0021-013,RESOLVED,2026-09-25T23:59:59-06:00,2026-09-26T08:00:00-06:00,2026-06-29T00:00:00-06:00,,1,,false,ACTIVE,EA,,VALID,CURRENT,coolit-synthetic-v2.0.0,ALL_SYNTHETIC_CUSTOMERS,ALL_SYNTHETIC_PROGRAMS,CFG-CDU-02,SYNTHETIC_INTERNAL,SNP-COOLIT-20260925-BL,SCN-BASELINE,WOCOMP-0021-013,WO-0021,BOMC-10-013,30,P-COMP-208,36,36,19,17,,LOT-P-COMP-208-A,EFFECTIVE
TEN-COOLIT-SYN-001,SITE-COOLIT-SYN-01,ERP,WORK_ORDER_COMPONENT,WOCOMP-0021-014,WOCOMP-0021-014,RESOLVED,2026-09-25T23:59:59-06:00,2026-09-26T08:00:00-06:00,2026-06-29T00:00:00-06:00,,1,,false,ACTIVE,EA,,VALID,CURRENT,coolit-synthetic-v2.0.0,ALL_SYNTHETIC_CUSTOMERS,ALL_SYNTHETIC_PROGRAMS,CFG-CDU-02,SYNTHETIC_INTERNAL,SNP-COOLIT-20260925-BL,SCN-BASELINE,WOCOMP-0021-014,WO-0021,BOMC-10-014,30,P-QD-007,36,36,19,17,,LOT-P-QD-007-A,EFFECTIVE
TEN-COOLIT-SYN-001,SITE-COOLIT-SYN-01,ERP,WORK_ORDER_COMPONENT,WOCOMP-0021-015,WOCOMP-0021-015,RESOLVED,2026-09-25T23:59:59-06:00,2026-09-26T08:00:00-06:00,2026-06-29T00:00:00-06:00,,1,,false,ACTIVE,EA,,VALID,CURRENT,coolit-synthetic-v2.0.0,ALL_SYNTHETIC_CUSTOMERS,ALL_SYNTHETIC_PROGRAMS,CFG-CDU-02,SYNTHETIC_INTERNAL,SNP-COOLIT-20260925-BL,SCN-BASELINE,WOCOMP-0021-015,WO-0021,BOMC-10-015,30,P-PUMP-004,36,36,19,17,,LOT-P-PUMP-004-A,EFFECTIVE
TEN-COOLIT-SYN-001,SITE-COOLIT-SYN-01,ERP,WORK_ORDER_COMPONENT,WOCOMP-0021-016,WOCOMP-0021-016,RESOLVED,2026-09-25T23:59:59-06:00,2026-09-26T08:00:00-06:00,2026-06-29T00:00:00-06:00,,1,,false,ACTIVE,EA,,VALID,CURRENT,coolit-synthetic-v2.0.0,ALL_SYNTHETIC_CUSTOMERS,ALL_SYNTHETIC_PROGRAMS,CFG-CDU-02,SYNTHETIC_INTERNAL,SNP-COOLIT-20260925-BL,SCN-BASELINE,WOCOMP-0021-016,WO-0021,BOMC-10-016,40,P-HX-003,36,36,19,17,,LOT-P-HX-003-A,EFFECTIVE
TEN-COOLIT-SYN-001,SITE-COOLIT-SYN-01,ERP,WORK_ORDER_COMPONENT,WOCOMP-0021-017,WOCOMP-0021-017,RESOLVED,2026-09-25T23:59:59-06:00,2026-09-26T08:00:00-06:00,2026-06-29T00:00:00-06:00,,1,,false,ACTIVE,EA,,VALID,CURRENT,coolit-synthetic-v2.0.0,ALL_SYNTHETIC_CUSTOMERS,ALL_SYNTHETIC_PROGRAMS,CFG-CDU-02,SYNTHETIC_INTERNAL,SNP-COOLIT-20260925-BL,SCN-BASELINE,WOCOMP-0021-017,WO-0021,BOMC-10-017,40,P-CTRL-004,36,36,19,17,,LOT-P-CTRL-004-A,EFFECTIVE
TEN-COOLIT-SYN-001,SITE-COOLIT-SYN-01,ERP,WORK_ORDER_COMPONENT,WOCOMP-0021-018,WOCOMP-0021-018,RESOLVED,2026-09-25T23:59:59-06:00,2026-09-26T08:00:00-06:00,2026-06-29T00:00:00-06:00,,1,,false,ACTIVE,EA,,VALID,CURRENT,coolit-synthetic-v2.0.0,ALL_SYNTHETIC_CUSTOMERS,ALL_SYNTHETIC_PROGRAMS,CFG-CDU-02,SYNTHETIC_INTERNAL,SNP-COOLIT-20260925-BL,SCN-BASELINE,WOCOMP-0021-018,WO-0021,BOMC-10-018,40,P-COMP-005,36,36,19,17,,LOT-P-COMP-005-A,EFFECTIVE
TEN-COOLIT-SYN-001,SITE-COOLIT-SYN-01,ERP,WORK_ORDER_COMPONENT,WOCOMP-0021-019,WOCOMP-0021-019,RESOLVED,2026-09-25T23:59:59-06:00,2026-09-26T08:00:00-06:00,2026-06-29T00:00:00-06:00,,1,,false,ACTIVE,EA,,VALID,CURRENT,coolit-synthetic-v2.0.0,ALL_SYNTHETIC_CUSTOMERS,ALL_SYNTHETIC_PROGRAMS,CFG-CDU-02,SYNTHETIC_INTERNAL,SNP-COOLIT-20260925-BL,SCN-BASELINE,WOCOMP-0021-019,WO-0021,BOMC-10-019,40,P-COMP-012,72,72,39,33,,LOT-P-COMP-012-A,EFFECTIVE
TEN-COOLIT-SYN-001,SITE-COOLIT-SYN-01,ERP,WORK_ORDER_COMPONENT,WOCOMP-0021-020,WOCOMP-0021-020,RESOLVED,2026-09-25T23:59:59-06:00,2026-09-26T08:00:00-06:00,2026-06-29T00:00:00-06:00,,1,,false,ACTIVE,EA,,VALID,CURRENT,coolit-synthetic-v2.0.0,ALL_SYNTHETIC_CUSTOMERS,ALL_SYNTHETIC_PROGRAMS,CFG-CDU-02,SYNTHETIC_INTERNAL,SNP-COOLIT-20260925-BL,SCN-BASELINE,WOCOMP-0021-020,WO-0021,BOMC-10-020,40,P-COMP-019,36,36,19,17,,LOT-P-COMP-019-A,EFFECTIVE
TEN-COOLIT-SYN-001,SITE-COOLIT-SYN-01,ERP,WORK_ORDER_COMPONENT,WOCOMP-0021-021,WOCOMP-0021-021,RESOLVED,2026-09-25T23:59:59-06:00,2026-09-26T08:00:00-06:00,2026-06-29T00:00:00-06:00,,1,,false,ACTIVE,EA,,VALID,CURRENT,coolit-synthetic-v2.0.0,ALL_SYNTHETIC_CUSTOMERS,ALL_SYNTHETIC_PROGRAMS,CFG-CDU-02,SYNTHETIC_INTERNAL,SNP-COOLIT-20260925-BL,SCN-BASELINE,WOCOMP-0021-021,WO-0021,BOMC-10-021,50,P-COMP-026,36,36,19,17,,LOT-P-COMP-026-A,EFFECTIVE
TEN-COOLIT-SYN-001,SITE-COOLIT-SYN-01,ERP,WORK_ORDER_COMPONENT,WOCOMP-0021-022,WOCOMP-0021-022,RESOLVED,2026-09-25T23:59:59-06:00,2026-09-26T08:00:00-06:00,2026-06-29T00:00:00-06:00,,1,,false,ACTIVE,EA,,VALID,CURRENT,coolit-synthetic-v2.0.0,ALL_SYNTHETIC_CUSTOMERS,ALL_SYNTHETIC_PROGRAMS,CFG-CDU-02,SYNTHETIC_INTERNAL,SNP-COOLIT-20260925-BL,SCN-BASELINE,WOCOMP-0021-022,WO-0021,BOMC-10-022,50,P-COMP-033,36,36,19,17,,LOT-P-COMP-033-A,EFFECTIVE
TEN-COOLIT-SYN-001,SITE-COOLIT-SYN-01,ERP,WORK_ORDER_COMPONENT,WOCOMP-0021-023,WOCOMP-0021-023,RESOLVED,2026-09-25T23:59:59-06:00,2026-09-26T08:00:00-06:00,2026-06-29T00:00:00-06:00,,1,,false,ACTIVE,EA,,VALID,CURRENT,coolit-synthetic-v2.0.0,ALL_SYNTHETIC_CUSTOMERS,ALL_SYNTHETIC_PROGRAMS,CFG-CDU-02,SYNTHETIC_INTERNAL,SNP-COOLIT-20260925-BL,SCN-BASELINE,WOCOMP-0021-023,WO-0021,BOMC-10-023,50,P-COMP-040,36,36,19,17,P-COMP-026,LOT-P-COMP-040-A,EFFECTIVE
TEN-COOLIT-SYN-001,SITE-COOLIT-SYN-01,ERP,WORK_ORDER_COMPONENT,WOCOMP-0021-024,WOCOMP-0021-024,RESOLVED,2026-09-25T23:59:59-06:00,2026-09-26T08:00:00-06:00,2026-06-29T00:00:00-06:00,,1,,false,ACTIVE,EA,,VALID,CURRENT,coolit-synthetic-v2.0.0,ALL_SYNTHETIC_CUSTOMERS,ALL_SYNTHETIC_PROGRAMS,CFG-CDU-02,SYNTHETIC_INTERNAL,SNP-COOLIT-20260925-BL,SCN-BASELINE,WOCOMP-0021-024,WO-0021,BOMC-10-024,50,P-COMP-047,36,36,19,17,,LOT-P-COMP-047-A,EFFECTIVE
TEN-COOLIT-SYN-001,SITE-COOLIT-SYN-01,ERP,WORK_ORDER_COMPONENT,WOCOMP-0021-025,WOCOMP-0021-025,RESOLVED,2026-09-25T23:59:59-06:00,2026-09-26T08:00:00-06:00,2026-06-29T00:00:00-06:00,,1,,false,ACTIVE,EA,,VALID,CURRENT,coolit-synthetic-v2.0.0,ALL_SYNTHETIC_CUSTOMERS,ALL_SYNTHETIC_PROGRAMS,CFG-CDU-02,SYNTHETIC_INTERNAL,SNP-COOLIT-20260925-BL,SCN-BASELINE,WOCOMP-0021-025,WO-0021,BOMC-10-025,50,P-COMP-054,36,36,19,17,,LOT-P-COMP-054-A,EFFECTIVE
TEN-COOLIT-SYN-001,SITE-COOLIT-SYN-01,ERP,WORK_ORDER_COMPONENT,WOCOMP-0021-026,WOCOMP-0021-026,RESOLVED,2026-09-25T23:59:59-06:00,2026-09-26T08:00:00-06:00,2026-06-29T00:00:00-06:00,,1,,false,ACTIVE,EA,,VALID,CURRENT,coolit-synthetic-v2.0.0,ALL_SYNTHETIC_CUSTOMERS,ALL_SYNTHETIC_PROGRAMS,CFG-CDU-02,SYNTHETIC_INTERNAL,SNP-COOLIT-20260925-BL,SCN-BASELINE,WOCOMP-0021-026,WO-0021,BOMC-10-026,60,P-COMP-061,36,36,19,17,,LOT-P-COMP-061-A,EFFECTIVE
TEN-COOLIT-SYN-001,SITE-COOLIT-SYN-01,ERP,WORK_ORDER_COMPONENT,WOCOMP-0021-027,WOCOMP-0021-027,RESOLVED,2026-09-25T23:59:59-06:00,2026-09-26T08:00:00-06:00,2026-06-29T00:00:00-06:00,,1,,false,ACTIVE,EA,,VALID,CURRENT,coolit-synthetic-v2.0.0,ALL_SYNTHETIC_CUSTOMERS,ALL_SYNTHETIC_PROGRAMS,CFG-CDU-02,SYNTHETIC_INTERNAL,SNP-COOLIT-20260925-BL,SCN-BASELINE,WOCOMP-0021-027,WO-0021,BOMC-10-027,60,P-COMP-068,36,36,19,17,,LOT-P-COMP-068-A,EFFECTIVE
TEN-COOLIT-SYN-001,SITE-COOLIT-SYN-01,ERP,WORK_ORDER_COMPONENT,WOCOMP-0021-028,WOCOMP-0021-028,RESOLVED,2026-09-25T23:59:59-06:00,2026-09-26T08:00:00-06:00,2026-06-29T00:00:00-06:00,,1,,false,ACTIVE,EA,,VALID,CURRENT,coolit-synthetic-v2.0.0,ALL_SYNTHETIC_CUSTOMERS,ALL_SYNTHETIC_PROGRAMS,CFG-CDU-02,SYNTHETIC_INTERNAL,SNP-COOLIT-20260925-BL,SCN-BASELINE,WOCOMP-0021-028,WO-0021,BOMC-10-028,60,P-COMP-075,72,72,39,33,,LOT-P-COMP-075-A,EFFECTIVE
TEN-COOLIT-SYN-001,SITE-COOLIT-SYN-01,ERP,WORK_ORDER_COMPONENT,WOCOMP-0021-029,WOCOMP-0021-029,RESOLVED,2026-09-25T23:59:59-06:00,2026-09-26T08:00:00-06:00,2026-06-29T00:00:00-06:00,,1,,false,ACTIVE,EA,,VALID,CURRENT,coolit-synthetic-v2.0.0,ALL_SYNTHETIC_CUSTOMERS,ALL_SYNTHETIC_PROGRAMS,CFG-CDU-02,SYNTHETIC_INTERNAL,SNP-COOLIT-20260925-BL,SCN-BASELINE,WOCOMP-0021-029,WO-0021,BOMC-10-029,60,P-COMP-082,36,36,19,17,,LOT-P-COMP-082-A,EFFECTIVE
TEN-COOLIT-SYN-001,SITE-COOLIT-SYN-01,ERP,WORK_ORDER_COMPONENT,WOCOMP-0021-030,WOCOMP-0021-030,RESOLVED,2026-09-25T23:59:59-06:00,2026-09-26T08:00:00-06:00,2026-06-29T00:00:00-06:00,,1,,false,ACTIVE,EA,,VALID,CURRENT,coolit-synthetic-v2.0.0,ALL_SYNTHETIC_CUSTOMERS,ALL_SYNTHETIC_PROGRAMS,CFG-CDU-02,SYNTHETIC_INTERNAL,SNP-COOLIT-20260925-BL,SCN-BASELINE,WOCOMP-0021-030,WO-0021,BOMC-10-030,60,P-COMP-089,36,36,19,17,,LOT-P-COMP-089-A,EFFECTIVE
TEN-COOLIT-SYN-001,SITE-COOLIT-SYN-01,ERP,WORK_ORDER_COMPONENT,WOCOMP-0022-001,WOCOMP-0022-001,RESOLVED,2026-09-25T23:59:59-06:00,2026-09-26T08:00:00-06:00,2026-06-29T00:00:00-06:00,,1,,false,ACTIVE,EA,,VALID,CURRENT,coolit-synthetic-v2.0.0,ALL_SYNTHETIC_CUSTOMERS,ALL_SYNTHETIC_PROGRAMS,CFG-RM-01,SYNTHETIC_INTERNAL,SNP-COOLIT-20260925-BL,SCN-BASELINE,WOCOMP-0022-001,WO-0022,BOMC-05-001,10,P-COMP-039,84,84,46,38,P-COMP-005,LOT-P-COMP-039-A,EFFECTIVE
TEN-COOLIT-SYN-001,SITE-COOLIT-SYN-01,ERP,WORK_ORDER_COMPONENT,WOCOMP-0022-002,WOCOMP-0022-002,RESOLVED,2026-09-25T23:59:59-06:00,2026-09-26T08:00:00-06:00,2026-06-29T00:00:00-06:00,,1,,false,ACTIVE,EA,,VALID,CURRENT,coolit-synthetic-v2.0.0,ALL_SYNTHETIC_CUSTOMERS,ALL_SYNTHETIC_PROGRAMS,CFG-RM-01,SYNTHETIC_INTERNAL,SNP-COOLIT-20260925-BL,SCN-BASELINE,WOCOMP-0022-002,WO-0022,BOMC-05-002,10,P-COMP-046,42,42,23,19,,LOT-P-COMP-046-A,EFFECTIVE
TEN-COOLIT-SYN-001,SITE-COOLIT-SYN-01,ERP,WORK_ORDER_COMPONENT,WOCOMP-0022-003,WOCOMP-0022-003,RESOLVED,2026-09-25T23:59:59-06:00,2026-09-26T08:00:00-06:00,2026-06-29T00:00:00-06:00,,1,,false,ACTIVE,EA,,VALID,CURRENT,coolit-synthetic-v2.0.0,ALL_SYNTHETIC_CUSTOMERS,ALL_SYNTHETIC_PROGRAMS,CFG-RM-01,SYNTHETIC_INTERNAL,SNP-COOLIT-20260925-BL,SCN-BASELINE,WOCOMP-0022-003,WO-0022,BOMC-05-003,10,P-COMP-053,42,42,23,19,,LOT-P-COMP-053-A,EFFECTIVE
TEN-COOLIT-SYN-001,SITE-COOLIT-SYN-01,ERP,WORK_ORDER_COMPONENT,WOCOMP-0022-004,WOCOMP-0022-004,RESOLVED,2026-09-25T23:59:59-06:00,2026-09-26T08:00:00-06:00,2026-06-29T00:00:00-06:00,,1,,false,ACTIVE,EA,,VALID,CURRENT,coolit-synthetic-v2.0.0,ALL_SYNTHETIC_CUSTOMERS,ALL_SYNTHETIC_PROGRAMS,CFG-RM-01,SYNTHETIC_INTERNAL,SNP-COOLIT-20260925-BL,SCN-BASELINE,WOCOMP-0022-004,WO-0022,BOMC-05-004,10,P-COMP-060,42,42,23,19,,LOT-P-COMP-060-A,EFFECTIVE
TEN-COOLIT-SYN-001,SITE-COOLIT-SYN-01,ERP,WORK_ORDER_COMPONENT,WOCOMP-0022-005,WOCOMP-0022-005,RESOLVED,2026-09-25T23:59:59-06:00,2026-09-26T08:00:00-06:00,2026-06-29T00:00:00-06:00,,1,,false,ACTIVE,EA,,VALID,CURRENT,coolit-synthetic-v2.0.0,ALL_SYNTHETIC_CUSTOMERS,ALL_SYNTHETIC_PROGRAMS,CFG-RM-01,SYNTHETIC_INTERNAL,SNP-COOLIT-20260925-BL,SCN-BASELINE,WOCOMP-0022-005,WO-0022,BOMC-05-005,10,P-COMP-067,42,42,23,19,,LOT-P-COMP-067-A,EFFECTIVE
TEN-COOLIT-SYN-001,SITE-COOLIT-SYN-01,ERP,WORK_ORDER_COMPONENT,WOCOMP-0022-006,WOCOMP-0022-006,RESOLVED,2026-09-25T23:59:59-06:00,2026-09-26T08:00:00-06:00,2026-06-29T00:00:00-06:00,,1,,false,ACTIVE,EA,,VALID,CURRENT,coolit-synthetic-v2.0.0,ALL_SYNTHETIC_CUSTOMERS,ALL_SYNTHETIC_PROGRAMS,CFG-RM-01,SYNTHETIC_INTERNAL,SNP-COOLIT-20260925-BL,SCN-BASELINE,WOCOMP-0022-006,WO-0022,BOMC-05-006,20,P-COMP-074,42,42,23,19,,LOT-P-COMP-074-A,EFFECTIVE
TEN-COOLIT-SYN-001,SITE-COOLIT-SYN-01,ERP,WORK_ORDER_COMPONENT,WOCOMP-0022-007,WOCOMP-0022-007,RESOLVED,2026-09-25T23:59:59-06:00,2026-09-26T08:00:00-06:00,2026-06-29T00:00:00-06:00,,1,,false,ACTIVE,EA,,VALID,CURRENT,coolit-synthetic-v2.0.0,ALL_SYNTHETIC_CUSTOMERS,ALL_SYNTHETIC_PROGRAMS,CFG-RM-01,SYNTHETIC_INTERNAL,SNP-COOLIT-20260925-BL,SCN-BASELINE,WOCOMP-0022-007,WO-0022,BOMC-05-007,20,P-COMP-081,42,42,23,19,,LOT-P-COMP-081-A,EFFECTIVE
TEN-COOLIT-SYN-001,SITE-COOLIT-SYN-01,ERP,WORK_ORDER_COMPONENT,WOCOMP-0022-008,WOCOMP-0022-008,RESOLVED,2026-09-25T23:59:59-06:00,2026-09-26T08:00:00-06:00,2026-06-29T00:00:00-06:00,,1,,false,ACTIVE,EA,,VALID,CURRENT,coolit-synthetic-v2.0.0,ALL_SYNTHETIC_CUSTOMERS,ALL_SYNTHETIC_PROGRAMS,CFG-RM-01,SYNTHETIC_INTERNAL,SNP-COOLIT-20260925-BL,SCN-BASELINE,WOCOMP-0022-008,WO-0022,BOMC-05-008,20,P-COMP-088,42,42,23,19,,LOT-P-COMP-088-A,EFFECTIVE
TEN-COOLIT-SYN-001,SITE-COOLIT-SYN-01,ERP,WORK_ORDER_COMPONENT,WOCOMP-0022-009,WOCOMP-0022-009,RESOLVED,2026-09-25T23:59:59-06:00,2026-09-26T08:00:00-06:00,2026-06-29T00:00:00-06:00,,1,,false,ACTIVE,EA,,VALID,CURRENT,coolit-synthetic-v2.0.0,ALL_SYNTHETIC_CUSTOMERS,ALL_SYNTHETIC_PROGRAMS,CFG-RM-01,SYNTHETIC_INTERNAL,SNP-COOLIT-20260925-BL,SCN-BASELINE,WOCOMP-0022-009,WO-0022,BOMC-05-009,20,P-COMP-095,42,42,23,19,,LOT-P-COMP-095-A,EFFECTIVE
TEN-COOLIT-SYN-001,SITE-COOLIT-SYN-01,ERP,WORK_ORDER_COMPONENT,WOCOMP-0022-010,WOCOMP-0022-010,RESOLVED,2026-09-25T23:59:59-06:00,2026-09-26T08:00:00-06:00,2026-06-29T00:00:00-06:00,,1,,false,ACTIVE,EA,,VALID,CURRENT,coolit-synthetic-v2.0.0,ALL_SYNTHETIC_CUSTOMERS,ALL_SYNTHETIC_PROGRAMS,CFG-RM-01,SYNTHETIC_INTERNAL,SNP-COOLIT-20260925-BL,SCN-BASELINE,WOCOMP-0022-010,WO-0022,BOMC-05-010,20,P-COMP-102,84,84,46,38,,LOT-P-COMP-102-A,EFFECTIVE
TEN-COOLIT-SYN-001,SITE-COOLIT-SYN-01,ERP,WORK_ORDER_COMPONENT,WOCOMP-0022-011,WOCOMP-0022-011,RESOLVED,2026-09-25T23:59:59-06:00,2026-09-26T08:00:00-06:00,2026-06-29T00:00:00-06:00,,1,,false,ACTIVE,EA,,VALID,CURRENT,coolit-synthetic-v2.0.0,ALL_SYNTHETIC_CUSTOMERS,ALL_SYNTHETIC_PROGRAMS,CFG-RM-01,SYNTHETIC_INTERNAL,SNP-COOLIT-20260925-BL,SCN-BASELINE,WOCOMP-0022-011,WO-0022,BOMC-05-011,30,P-COMP-109,42,42,23,19,,LOT-P-COMP-109-A,EFFECTIVE
TEN-COOLIT-SYN-001,SITE-COOLIT-SYN-01,ERP,WORK_ORDER_COMPONENT,WOCOMP-0022-012,WOCOMP-0022-012,RESOLVED,2026-09-25T23:59:59-06:00,2026-09-26T08:00:00-06:00,2026-06-29T00:00:00-06:00,,1,,false,ACTIVE,EA,,VALID,CURRENT,coolit-synthetic-v2.0.0,ALL_SYNTHETIC_CUSTOMERS,ALL_SYNTHETIC_PROGRAMS,CFG-RM-01,SYNTHETIC_INTERNAL,SNP-COOLIT-20260925-BL,SCN-BASELINE,WOCOMP-0022-012,WO-0022,BOMC-05-012,30,P-COMP-116,42,42,23,19,P-COMP-016,LOT-P-COMP-116-A,EFFECTIVE
TEN-COOLIT-SYN-001,SITE-COOLIT-SYN-01,ERP,WORK_ORDER_COMPONENT,WOCOMP-0022-013,WOCOMP-0022-013,RESOLVED,2026-09-25T23:59:59-06:00,2026-09-26T08:00:00-06:00,2026-06-29T00:00:00-06:00,,1,,false,ACTIVE,EA,,VALID,CURRENT,coolit-synthetic-v2.0.0,ALL_SYNTHETIC_CUSTOMERS,ALL_SYNTHETIC_PROGRAMS,CFG-RM-01,SYNTHETIC_INTERNAL,SNP-COOLIT-20260925-BL,SCN-BASELINE,WOCOMP-0022-013,WO-0022,BOMC-05-013,30,P-COMP-123,42,42,23,19,,LOT-P-COMP-123-A,EFFECTIVE
TEN-COOLIT-SYN-001,SITE-COOLIT-SYN-01,ERP,WORK_ORDER_COMPONENT,WOCOMP-0022-014,WOCOMP-0022-014,RESOLVED,2026-09-25T23:59:59-06:00,2026-09-26T08:00:00-06:00,2026-06-29T00:00:00-06:00,,1,,false,ACTIVE,EA,,VALID,CURRENT,coolit-synthetic-v2.0.0,ALL_SYNTHETIC_CUSTOMERS,ALL_SYNTHETIC_PROGRAMS,CFG-RM-01,SYNTHETIC_INTERNAL,SNP-COOLIT-20260925-BL,SCN-BASELINE,WOCOMP-0022-014,WO-0022,BOMC-05-014,30,P-COMP-130,42,42,23,19,,LOT-P-COMP-130-A,EFFECTIVE
TEN-COOLIT-SYN-001,SITE-COOLIT-SYN-01,ERP,WORK_ORDER_COMPONENT,WOCOMP-0022-015,WOCOMP-0022-015,RESOLVED,2026-09-25T23:59:59-06:00,2026-09-26T08:00:00-06:00,2026-06-29T00:00:00-06:00,,1,,false,ACTIVE,EA,,VALID,CURRENT,coolit-synthetic-v2.0.0,ALL_SYNTHETIC_CUSTOMERS,ALL_SYNTHETIC_PROGRAMS,CFG-RM-01,SYNTHETIC_INTERNAL,SNP-COOLIT-20260925-BL,SCN-BASELINE,WOCOMP-0022-015,WO-0022,BOMC-05-015,30,P-COMP-137,42,42,23,19,,LOT-P-COMP-137-A,EFFECTIVE
TEN-COOLIT-SYN-001,SITE-COOLIT-SYN-01,ERP,WORK_ORDER_COMPONENT,WOCOMP-0022-016,WOCOMP-0022-016,RESOLVED,2026-09-25T23:59:59-06:00,2026-09-26T08:00:00-06:00,2026-06-29T00:00:00-06:00,,1,,false,ACTIVE,EA,,VALID,CURRENT,coolit-synthetic-v2.0.0,ALL_SYNTHETIC_CUSTOMERS,ALL_SYNTHETIC_PROGRAMS,CFG-RM-01,SYNTHETIC_INTERNAL,SNP-COOLIT-20260925-BL,SCN-BASELINE,WOCOMP-0022-016,WO-0022,BOMC-05-016,40,P-COMP-144,42,42,23,19,,LOT-P-COMP-144-A,EFFECTIVE
TEN-COOLIT-SYN-001,SITE-COOLIT-SYN-01,ERP,WORK_ORDER_COMPONENT,WOCOMP-0022-017,WOCOMP-0022-017,RESOLVED,2026-09-25T23:59:59-06:00,2026-09-26T08:00:00-06:00,2026-06-29T00:00:00-06:00,,1,,false,ACTIVE,EA,,VALID,CURRENT,coolit-synthetic-v2.0.0,ALL_SYNTHETIC_CUSTOMERS,ALL_SYNTHETIC_PROGRAMS,CFG-RM-01,SYNTHETIC_INTERNAL,SNP-COOLIT-20260925-BL,SCN-BASELINE,WOCOMP-0022-017,WO-0022,BOMC-05-017,40,P-COMP-151,42,42,23,19,,LOT-P-COMP-151-A,EFFECTIVE
TEN-COOLIT-SYN-001,SITE-COOLIT-SYN-01,ERP,WORK_ORDER_COMPONENT,WOCOMP-0022-018,WOCOMP-0022-018,RESOLVED,2026-09-25T23:59:59-06:00,2026-09-26T08:00:00-06:00,2026-06-29T00:00:00-06:00,,1,,false,ACTIVE,EA,,VALID,CURRENT,coolit-synthetic-v2.0.0,ALL_SYNTHETIC_CUSTOMERS,ALL_SYNTHETIC_PROGRAMS,CFG-RM-01,SYNTHETIC_INTERNAL,SNP-COOLIT-20260925-BL,SCN-BASELINE,WOCOMP-0022-018,WO-0022,BOMC-05-018,40,P-COMP-158,42,42,23,19,,LOT-P-COMP-158-A,EFFECTIVE
TEN-COOLIT-SYN-001,SITE-COOLIT-SYN-01,ERP,WORK_ORDER_COMPONENT,WOCOMP-0022-019,WOCOMP-0022-019,RESOLVED,2026-09-25T23:59:59-06:00,2026-09-26T08:00:00-06:00,2026-06-29T00:00:00-06:00,,1,,false,ACTIVE,EA,,VALID,CURRENT,coolit-synthetic-v2.0.0,ALL_SYNTHETIC_CUSTOMERS,ALL_SYNTHETIC_PROGRAMS,CFG-RM-01,SYNTHETIC_INTERNAL,SNP-COOLIT-20260925-BL,SCN-BASELINE,WOCOMP-0022-019,WO-0022,BOMC-05-019,40,P-COMP-165,84,84,46,38,,LOT-P-COMP-165-A,EFFECTIVE
TEN-COOLIT-SYN-001,SITE-COOLIT-SYN-01,ERP,WORK_ORDER_COMPONENT,WOCOMP-0022-020,WOCOMP-0022-020,RESOLVED,2026-09-25T23:59:59-06:00,2026-09-26T08:00:00-06:00,2026-06-29T00:00:00-06:00,,1,,false,ACTIVE,EA,,VALID,CURRENT,coolit-synthetic-v2.0.0,ALL_SYNTHETIC_CUSTOMERS,ALL_SYNTHETIC_PROGRAMS,CFG-RM-01,SYNTHETIC_INTERNAL,SNP-COOLIT-20260925-BL,SCN-BASELINE,WOCOMP-0022-020,WO-0022,BOMC-05-020,40,P-COMP-172,42,42,23,19,,LOT-P-COMP-172-A,EFFECTIVE
TEN-COOLIT-SYN-001,SITE-COOLIT-SYN-01,ERP,WORK_ORDER_COMPONENT,WOCOMP-0022-021,WOCOMP-0022-021,RESOLVED,2026-09-25T23:59:59-06:00,2026-09-26T08:00:00-06:00,2026-06-29T00:00:00-06:00,,1,,false,ACTIVE,EA,,VALID,CURRENT,coolit-synthetic-v2.0.0,ALL_SYNTHETIC_CUSTOMERS,ALL_SYNTHETIC_PROGRAMS,CFG-RM-01,SYNTHETIC_INTERNAL,SNP-COOLIT-20260925-BL,SCN-BASELINE,WOCOMP-0022-021,WO-0022,BOMC-05-021,50,P-COMP-179,42,42,23,19,,LOT-P-COMP-179-A,EFFECTIVE
TEN-COOLIT-SYN-001,SITE-COOLIT-SYN-01,ERP,WORK_ORDER_COMPONENT,WOCOMP-0022-022,WOCOMP-0022-022,RESOLVED,2026-09-25T23:59:59-06:00,2026-09-26T08:00:00-06:00,2026-06-29T00:00:00-06:00,,1,,false,ACTIVE,EA,,VALID,CURRENT,coolit-synthetic-v2.0.0,ALL_SYNTHETIC_CUSTOMERS,ALL_SYNTHETIC_PROGRAMS,CFG-RM-01,SYNTHETIC_INTERNAL,SNP-COOLIT-20260925-BL,SCN-BASELINE,WOCOMP-0022-022,WO-0022,BOMC-05-022,50,P-COMP-186,42,42,23,19,,LOT-P-COMP-186-A,EFFECTIVE
TEN-COOLIT-SYN-001,SITE-COOLIT-SYN-01,ERP,WORK_ORDER_COMPONENT,WOCOMP-0022-023,WOCOMP-0022-023,RESOLVED,2026-09-25T23:59:59-06:00,2026-09-26T08:00:00-06:00,2026-06-29T00:00:00-06:00,,1,,false,ACTIVE,EA,,VALID,CURRENT,coolit-synthetic-v2.0.0,ALL_SYNTHETIC_CUSTOMERS,ALL_SYNTHETIC_PROGRAMS,CFG-RM-01,SYNTHETIC_INTERNAL,SNP-COOLIT-20260925-BL,SCN-BASELINE,WOCOMP-0022-023,WO-0022,BOMC-05-023,50,P-COMP-193,42,42,23,19,P-COMP-027,LOT-P-COMP-193-A,EFFECTIVE
TEN-COOLIT-SYN-001,SITE-COOLIT-SYN-01,ERP,WORK_ORDER_COMPONENT,WOCOMP-0022-024,WOCOMP-0022-024,RESOLVED,2026-09-25T23:59:59-06:00,2026-09-26T08:00:00-06:00,2026-06-29T00:00:00-06:00,,1,,false,ACTIVE,EA,,VALID,CURRENT,coolit-synthetic-v2.0.0,ALL_SYNTHETIC_CUSTOMERS,ALL_SYNTHETIC_PROGRAMS,CFG-RM-01,SYNTHETIC_INTERNAL,SNP-COOLIT-20260925-BL,SCN-BASELINE,WOCOMP-0022-024,WO-0022,BOMC-05-024,50,P-COMP-200,42,42,23,19,,LOT-P-COMP-200-A,EFFECTIVE
TEN-COOLIT-SYN-001,SITE-COOLIT-SYN-01,ERP,WORK_ORDER_COMPONENT,WOCOMP-0022-025,WOCOMP-0022-025,RESOLVED,2026-09-25T23:59:59-06:00,2026-09-26T08:00:00-06:00,2026-06-29T00:00:00-06:00,,1,,false,ACTIVE,EA,,VALID,CURRENT,coolit-synthetic-v2.0.0,ALL_SYNTHETIC_CUSTOMERS,ALL_SYNTHETIC_PROGRAMS,CFG-RM-01,SYNTHETIC_INTERNAL,SNP-COOLIT-20260925-BL,SCN-BASELINE,WOCOMP-0022-025,WO-0022,BOMC-05-025,50,P-COMP-207,42,42,23,19,,LOT-P-COMP-207-A,EFFECTIVE
TEN-COOLIT-SYN-001,SITE-COOLIT-SYN-01,ERP,WORK_ORDER_COMPONENT,WOCOMP-0022-026,WOCOMP-0022-026,RESOLVED,2026-09-25T23:59:59-06:00,2026-09-26T08:00:00-06:00,2026-06-29T00:00:00-06:00,,1,,false,ACTIVE,EA,,VALID,CURRENT,coolit-synthetic-v2.0.0,ALL_SYNTHETIC_CUSTOMERS,ALL_SYNTHETIC_PROGRAMS,CFG-RM-01,SYNTHETIC_INTERNAL,SNP-COOLIT-20260925-BL,SCN-BASELINE,WOCOMP-0022-026,WO-0022,BOMC-05-026,60,P-QD-006,42,42,23,19,,LOT-P-QD-006-A,EFFECTIVE
TEN-COOLIT-SYN-001,SITE-COOLIT-SYN-01,ERP,WORK_ORDER_COMPONENT,WOCOMP-0022-027,WOCOMP-0022-027,RESOLVED,2026-09-25T23:59:59-06:00,2026-09-26T08:00:00-06:00,2026-06-29T00:00:00-06:00,,1,,false,ACTIVE,EA,,VALID,CURRENT,coolit-synthetic-v2.0.0,ALL_SYNTHETIC_CUSTOMERS,ALL_SYNTHETIC_PROGRAMS,CFG-RM-01,SYNTHETIC_INTERNAL,SNP-COOLIT-20260925-BL,SCN-BASELINE,WOCOMP-0022-027,WO-0022,BOMC-05-027,60,P-PUMP-003,42,42,23,19,,LOT-P-PUMP-003-A,EFFECTIVE
TEN-COOLIT-SYN-001,SITE-COOLIT-SYN-01,ERP,WORK_ORDER_COMPONENT,WOCOMP-0022-028,WOCOMP-0022-028,RESOLVED,2026-09-25T23:59:59-06:00,2026-09-26T08:00:00-06:00,2026-06-29T00:00:00-06:00,,1,,false,ACTIVE,EA,,VALID,CURRENT,coolit-synthetic-v2.0.0,ALL_SYNTHETIC_CUSTOMERS,ALL_SYNTHETIC_PROGRAMS,CFG-RM-01,SYNTHETIC_INTERNAL,SNP-COOLIT-20260925-BL,SCN-BASELINE,WOCOMP-0022-028,WO-0022,BOMC-05-028,60,P-HX-002,84,84,46,38,,LOT-P-HX-002-A,EFFECTIVE
TEN-COOLIT-SYN-001,SITE-COOLIT-SYN-01,ERP,WORK_ORDER_COMPONENT,WOCOMP-0022-029,WOCOMP-0022-029,RESOLVED,2026-09-25T23:59:59-06:00,2026-09-26T08:00:00-06:00,2026-06-29T00:00:00-06:00,,1,,false,ACTIVE,EA,,VALID,CURRENT,coolit-synthetic-v2.0.0,ALL_SYNTHETIC_CUSTOMERS,ALL_SYNTHETIC_PROGRAMS,CFG-RM-01,SYNTHETIC_INTERNAL,SNP-COOLIT-20260925-BL,SCN-BASELINE,WOCOMP-0022-029,WO-0022,BOMC-05-029,60,P-CTRL-003,42,42,23,19,,LOT-P-CTRL-003-A,EFFECTIVE
TEN-COOLIT-SYN-001,SITE-COOLIT-SYN-01,ERP,WORK_ORDER_COMPONENT,WOCOMP-0022-030,WOCOMP-0022-030,RESOLVED,2026-09-25T23:59:59-06:00,2026-09-26T08:00:00-06:00,2026-06-29T00:00:00-06:00,,1,,false,ACTIVE,EA,,VALID,CURRENT,coolit-synthetic-v2.0.0,ALL_SYNTHETIC_CUSTOMERS,ALL_SYNTHETIC_PROGRAMS,CFG-RM-01,SYNTHETIC_INTERNAL,SNP-COOLIT-20260925-BL,SCN-BASELINE,WOCOMP-0022-030,WO-0022,BOMC-05-030,60,P-COMP-004,42,42,23,19,,LOT-P-COMP-004-A,EFFECTIVE
TEN-COOLIT-SYN-001,SITE-COOLIT-SYN-01,ERP,WORK_ORDER_COMPONENT,WOCOMP-0023-001,WOCOMP-0023-001,RESOLVED,2026-09-25T23:59:59-06:00,2026-09-26T08:00:00-06:00,2026-06-29T00:00:00-06:00,,1,,false,ACTIVE,EA,,VALID,CURRENT,coolit-synthetic-v2.0.0,ALL_SYNTHETIC_CUSTOMERS,ALL_SYNTHETIC_PROGRAMS,CFG-CDU-04,SYNTHETIC_INTERNAL,SNP-COOLIT-20260925-BL,SCN-BASELINE,WOCOMP-0023-001,WO-0023,BOMC-12-001,10,P-COMP-158,96,96,52,44,P-COMP-006,LOT-P-COMP-158-A,EFFECTIVE
TEN-COOLIT-SYN-001,SITE-COOLIT-SYN-01,ERP,WORK_ORDER_COMPONENT,WOCOMP-0023-002,WOCOMP-0023-002,RESOLVED,2026-09-25T23:59:59-06:00,2026-09-26T08:00:00-06:00,2026-06-29T00:00:00-06:00,,1,,false,ACTIVE,EA,,VALID,CURRENT,coolit-synthetic-v2.0.0,ALL_SYNTHETIC_CUSTOMERS,ALL_SYNTHETIC_PROGRAMS,CFG-CDU-04,SYNTHETIC_INTERNAL,SNP-COOLIT-20260925-BL,SCN-BASELINE,WOCOMP-0023-002,WO-0023,BOMC-12-002,10,P-COMP-165,48,48,26,22,,LOT-P-COMP-165-A,EFFECTIVE
TEN-COOLIT-SYN-001,SITE-COOLIT-SYN-01,ERP,WORK_ORDER_COMPONENT,WOCOMP-0023-003,WOCOMP-0023-003,RESOLVED,2026-09-25T23:59:59-06:00,2026-09-26T08:00:00-06:00,2026-06-29T00:00:00-06:00,,1,,false,ACTIVE,EA,,VALID,CURRENT,coolit-synthetic-v2.0.0,ALL_SYNTHETIC_CUSTOMERS,ALL_SYNTHETIC_PROGRAMS,CFG-CDU-04,SYNTHETIC_INTERNAL,SNP-COOLIT-20260925-BL,SCN-BASELINE,WOCOMP-0023-003,WO-0023,BOMC-12-003,10,P-COMP-172,48,48,26,22,,LOT-P-COMP-172-A,EFFECTIVE
TEN-COOLIT-SYN-001,SITE-COOLIT-SYN-01,ERP,WORK_ORDER_COMPONENT,WOCOMP-0023-004,WOCOMP-0023-004,RESOLVED,2026-09-25T23:59:59-06:00,2026-09-26T08:00:00-06:00,2026-06-29T00:00:00-06:00,,1,,false,ACTIVE,EA,,VALID,CURRENT,coolit-synthetic-v2.0.0,ALL_SYNTHETIC_CUSTOMERS,ALL_SYNTHETIC_PROGRAMS,CFG-CDU-04,SYNTHETIC_INTERNAL,SNP-COOLIT-20260925-BL,SCN-BASELINE,WOCOMP-0023-004,WO-0023,BOMC-12-004,10,P-COMP-179,48,48,26,22,,LOT-P-COMP-179-A,EFFECTIVE
TEN-COOLIT-SYN-001,SITE-COOLIT-SYN-01,ERP,WORK_ORDER_COMPONENT,WOCOMP-0023-005,WOCOMP-0023-005,RESOLVED,2026-09-25T23:59:59-06:00,2026-09-26T08:00:00-06:00,2026-06-29T00:00:00-06:00,,1,,false,ACTIVE,EA,,VALID,CURRENT,coolit-synthetic-v2.0.0,ALL_SYNTHETIC_CUSTOMERS,ALL_SYNTHETIC_PROGRAMS,CFG-CDU-04,SYNTHETIC_INTERNAL,SNP-COOLIT-20260925-BL,SCN-BASELINE,WOCOMP-0023-005,WO-0023,BOMC-12-005,10,P-COMP-186,48,48,26,22,,LOT-P-COMP-186-A,EFFECTIVE
TEN-COOLIT-SYN-001,SITE-COOLIT-SYN-01,ERP,WORK_ORDER_COMPONENT,WOCOMP-0023-006,WOCOMP-0023-006,RESOLVED,2026-09-25T23:59:59-06:00,2026-09-26T08:00:00-06:00,2026-06-29T00:00:00-06:00,,1,,false,ACTIVE,EA,,VALID,CURRENT,coolit-synthetic-v2.0.0,ALL_SYNTHETIC_CUSTOMERS,ALL_SYNTHETIC_PROGRAMS,CFG-CDU-04,SYNTHETIC_INTERNAL,SNP-COOLIT-20260925-BL,SCN-BASELINE,WOCOMP-0023-006,WO-0023,BOMC-12-006,20,P-COMP-193,48,48,26,22,,LOT-P-COMP-193-A,EFFECTIVE
TEN-COOLIT-SYN-001,SITE-COOLIT-SYN-01,ERP,WORK_ORDER_COMPONENT,WOCOMP-0023-007,WOCOMP-0023-007,RESOLVED,2026-09-25T23:59:59-06:00,2026-09-26T08:00:00-06:00,2026-06-29T00:00:00-06:00,,1,,false,ACTIVE,EA,,VALID,CURRENT,coolit-synthetic-v2.0.0,ALL_SYNTHETIC_CUSTOMERS,ALL_SYNTHETIC_PROGRAMS,CFG-CDU-04,SYNTHETIC_INTERNAL,SNP-COOLIT-20260925-BL,SCN-BASELINE,WOCOMP-0023-007,WO-0023,BOMC-12-007,20,P-COMP-200,48,48,26,22,,LOT-P-COMP-200-A,EFFECTIVE
TEN-COOLIT-SYN-001,SITE-COOLIT-SYN-01,ERP,WORK_ORDER_COMPONENT,WOCOMP-0023-008,WOCOMP-0023-008,RESOLVED,2026-09-25T23:59:59-06:00,2026-09-26T08:00:00-06:00,2026-06-29T00:00:00-06:00,,1,,false,ACTIVE,EA,,VALID,CURRENT,coolit-synthetic-v2.0.0,ALL_SYNTHETIC_CUSTOMERS,ALL_SYNTHETIC_PROGRAMS,CFG-CDU-04,SYNTHETIC_INTERNAL,SNP-COOLIT-20260925-BL,SCN-BASELINE,WOCOMP-0023-008,WO-0023,BOMC-12-008,20,P-COMP-207,48,48,26,22,,LOT-P-COMP-207-A,EFFECTIVE
TEN-COOLIT-SYN-001,SITE-COOLIT-SYN-01,ERP,WORK_ORDER_COMPONENT,WOCOMP-0023-009,WOCOMP-0023-009,RESOLVED,2026-09-25T23:59:59-06:00,2026-09-26T08:00:00-06:00,2026-06-29T00:00:00-06:00,,1,,false,ACTIVE,EA,,VALID,CURRENT,coolit-synthetic-v2.0.0,ALL_SYNTHETIC_CUSTOMERS,ALL_SYNTHETIC_PROGRAMS,CFG-CDU-04,SYNTHETIC_INTERNAL,SNP-COOLIT-20260925-BL,SCN-BASELINE,WOCOMP-0023-009,WO-0023,BOMC-12-009,20,P-QD-006,48,48,26,22,,LOT-P-QD-006-A,EFFECTIVE
TEN-COOLIT-SYN-001,SITE-COOLIT-SYN-01,ERP,WORK_ORDER_COMPONENT,WOCOMP-0023-010,WOCOMP-0023-010,RESOLVED,2026-09-25T23:59:59-06:00,2026-09-26T08:00:00-06:00,2026-06-29T00:00:00-06:00,,1,,false,ACTIVE,EA,,VALID,CURRENT,coolit-synthetic-v2.0.0,ALL_SYNTHETIC_CUSTOMERS,ALL_SYNTHETIC_PROGRAMS,CFG-CDU-04,SYNTHETIC_INTERNAL,SNP-COOLIT-20260925-BL,SCN-BASELINE,WOCOMP-0023-010,WO-0023,BOMC-12-010,20,P-PUMP-003,96,96,52,44,,LOT-P-PUMP-003-A,EFFECTIVE
TEN-COOLIT-SYN-001,SITE-COOLIT-SYN-01,ERP,WORK_ORDER_COMPONENT,WOCOMP-0023-011,WOCOMP-0023-011,RESOLVED,2026-09-25T23:59:59-06:00,2026-09-26T08:00:00-06:00,2026-06-29T00:00:00-06:00,,1,,false,ACTIVE,EA,,VALID,CURRENT,coolit-synthetic-v2.0.0,ALL_SYNTHETIC_CUSTOMERS,ALL_SYNTHETIC_PROGRAMS,CFG-CDU-04,SYNTHETIC_INTERNAL,SNP-COOLIT-20260925-BL,SCN-BASELINE,WOCOMP-0023-011,WO-0023,BOMC-12-011,30,P-HX-002,48,48,26,22,,LOT-P-HX-002-A,EFFECTIVE
TEN-COOLIT-SYN-001,SITE-COOLIT-SYN-01,ERP,WORK_ORDER_COMPONENT,WOCOMP-0023-012,WOCOMP-0023-012,RESOLVED,2026-09-25T23:59:59-06:00,2026-09-26T08:00:00-06:00,2026-06-29T00:00:00-06:00,,1,,false,ACTIVE,EA,,VALID,CURRENT,coolit-synthetic-v2.0.0,ALL_SYNTHETIC_CUSTOMERS,ALL_SYNTHETIC_PROGRAMS,CFG-CDU-04,SYNTHETIC_INTERNAL,SNP-COOLIT-20260925-BL,SCN-BASELINE,WOCOMP-0023-012,WO-0023,BOMC-12-012,30,P-CTRL-003,48,48,26,22,P-COMP-017,LOT-P-CTRL-003-A,EFFECTIVE
TEN-COOLIT-SYN-001,SITE-COOLIT-SYN-01,ERP,WORK_ORDER_COMPONENT,WOCOMP-0023-013,WOCOMP-0023-013,RESOLVED,2026-09-25T23:59:59-06:00,2026-09-26T08:00:00-06:00,2026-06-29T00:00:00-06:00,,1,,false,ACTIVE,EA,,VALID,CURRENT,coolit-synthetic-v2.0.0,ALL_SYNTHETIC_CUSTOMERS,ALL_SYNTHETIC_PROGRAMS,CFG-CDU-04,SYNTHETIC_INTERNAL,SNP-COOLIT-20260925-BL,SCN-BASELINE,WOCOMP-0023-013,WO-0023,BOMC-12-013,30,P-COMP-004,48,48,26,22,,LOT-P-COMP-004-A,EFFECTIVE
TEN-COOLIT-SYN-001,SITE-COOLIT-SYN-01,ERP,WORK_ORDER_COMPONENT,WOCOMP-0023-014,WOCOMP-0023-014,RESOLVED,2026-09-25T23:59:59-06:00,2026-09-26T08:00:00-06:00,2026-06-29T00:00:00-06:00,,1,,false,ACTIVE,EA,,VALID,CURRENT,coolit-synthetic-v2.0.0,ALL_SYNTHETIC_CUSTOMERS,ALL_SYNTHETIC_PROGRAMS,CFG-CDU-04,SYNTHETIC_INTERNAL,SNP-COOLIT-20260925-BL,SCN-BASELINE,WOCOMP-0023-014,WO-0023,BOMC-12-014,30,P-COMP-011,48,48,26,22,,LOT-P-COMP-011-A,EFFECTIVE
TEN-COOLIT-SYN-001,SITE-COOLIT-SYN-01,ERP,WORK_ORDER_COMPONENT,WOCOMP-0023-015,WOCOMP-0023-015,RESOLVED,2026-09-25T23:59:59-06:00,2026-09-26T08:00:00-06:00,2026-06-29T00:00:00-06:00,,1,,false,ACTIVE,EA,,VALID,CURRENT,coolit-synthetic-v2.0.0,ALL_SYNTHETIC_CUSTOMERS,ALL_SYNTHETIC_PROGRAMS,CFG-CDU-04,SYNTHETIC_INTERNAL,SNP-COOLIT-20260925-BL,SCN-BASELINE,WOCOMP-0023-015,WO-0023,BOMC-12-015,30,P-COMP-018,48,48,26,22,,LOT-P-COMP-018-A,EFFECTIVE
TEN-COOLIT-SYN-001,SITE-COOLIT-SYN-01,ERP,WORK_ORDER_COMPONENT,WOCOMP-0023-016,WOCOMP-0023-016,RESOLVED,2026-09-25T23:59:59-06:00,2026-09-26T08:00:00-06:00,2026-06-29T00:00:00-06:00,,1,,false,ACTIVE,EA,,VALID,CURRENT,coolit-synthetic-v2.0.0,ALL_SYNTHETIC_CUSTOMERS,ALL_SYNTHETIC_PROGRAMS,CFG-CDU-04,SYNTHETIC_INTERNAL,SNP-COOLIT-20260925-BL,SCN-BASELINE,WOCOMP-0023-016,WO-0023,BOMC-12-016,40,P-COMP-025,48,48,26,22,,LOT-P-COMP-025-A,EFFECTIVE
TEN-COOLIT-SYN-001,SITE-COOLIT-SYN-01,ERP,WORK_ORDER_COMPONENT,WOCOMP-0023-017,WOCOMP-0023-017,RESOLVED,2026-09-25T23:59:59-06:00,2026-09-26T08:00:00-06:00,2026-06-29T00:00:00-06:00,,1,,false,ACTIVE,EA,,VALID,CURRENT,coolit-synthetic-v2.0.0,ALL_SYNTHETIC_CUSTOMERS,ALL_SYNTHETIC_PROGRAMS,CFG-CDU-04,SYNTHETIC_INTERNAL,SNP-COOLIT-20260925-BL,SCN-BASELINE,WOCOMP-0023-017,WO-0023,BOMC-12-017,40,P-COMP-032,48,48,26,22,,LOT-P-COMP-032-A,EFFECTIVE
TEN-COOLIT-SYN-001,SITE-COOLIT-SYN-01,ERP,WORK_ORDER_COMPONENT,WOCOMP-0023-018,WOCOMP-0023-018,RESOLVED,2026-09-25T23:59:59-06:00,2026-09-26T08:00:00-06:00,2026-06-29T00:00:00-06:00,,1,,false,ACTIVE,EA,,VALID,CURRENT,coolit-synthetic-v2.0.0,ALL_SYNTHETIC_CUSTOMERS,ALL_SYNTHETIC_PROGRAMS,CFG-CDU-04,SYNTHETIC_INTERNAL,SNP-COOLIT-20260925-BL,SCN-BASELINE,WOCOMP-0023-018,WO-0023,BOMC-12-018,40,P-COMP-039,48,48,26,22,,LOT-P-COMP-039-A,EFFECTIVE
TEN-COOLIT-SYN-001,SITE-COOLIT-SYN-01,ERP,WORK_ORDER_COMPONENT,WOCOMP-0023-019,WOCOMP-0023-019,RESOLVED,2026-09-25T23:59:59-06:00,2026-09-26T08:00:00-06:00,2026-06-29T00:00:00-06:00,,1,,false,ACTIVE,EA,,VALID,CURRENT,coolit-synthetic-v2.0.0,ALL_SYNTHETIC_CUSTOMERS,ALL_SYNTHETIC_PROGRAMS,CFG-CDU-04,SYNTHETIC_INTERNAL,SNP-COOLIT-20260925-BL,SCN-BASELINE,WOCOMP-0023-019,WO-0023,BOMC-12-019,40,P-COMP-046,96,96,52,44,,LOT-P-COMP-046-A,EFFECTIVE
TEN-COOLIT-SYN-001,SITE-COOLIT-SYN-01,ERP,WORK_ORDER_COMPONENT,WOCOMP-0023-020,WOCOMP-0023-020,RESOLVED,2026-09-25T23:59:59-06:00,2026-09-26T08:00:00-06:00,2026-06-29T00:00:00-06:00,,1,,false,ACTIVE,EA,,VALID,CURRENT,coolit-synthetic-v2.0.0,ALL_SYNTHETIC_CUSTOMERS,ALL_SYNTHETIC_PROGRAMS,CFG-CDU-04,SYNTHETIC_INTERNAL,SNP-COOLIT-20260925-BL,SCN-BASELINE,WOCOMP-0023-020,WO-0023,BOMC-12-020,40,P-COMP-053,48,48,26,22,,LOT-P-COMP-053-A,EFFECTIVE
TEN-COOLIT-SYN-001,SITE-COOLIT-SYN-01,ERP,WORK_ORDER_COMPONENT,WOCOMP-0023-021,WOCOMP-0023-021,RESOLVED,2026-09-25T23:59:59-06:00,2026-09-26T08:00:00-06:00,2026-06-29T00:00:00-06:00,,1,,false,ACTIVE,EA,,VALID,CURRENT,coolit-synthetic-v2.0.0,ALL_SYNTHETIC_CUSTOMERS,ALL_SYNTHETIC_PROGRAMS,CFG-CDU-04,SYNTHETIC_INTERNAL,SNP-COOLIT-20260925-BL,SCN-BASELINE,WOCOMP-0023-021,WO-0023,BOMC-12-021,50,P-COMP-060,48,48,26,22,,LOT-P-COMP-060-A,EFFECTIVE
TEN-COOLIT-SYN-001,SITE-COOLIT-SYN-01,ERP,WORK_ORDER_COMPONENT,WOCOMP-0023-022,WOCOMP-0023-022,RESOLVED,2026-09-25T23:59:59-06:00,2026-09-26T08:00:00-06:00,2026-06-29T00:00:00-06:00,,1,,false,ACTIVE,EA,,VALID,CURRENT,coolit-synthetic-v2.0.0,ALL_SYNTHETIC_CUSTOMERS,ALL_SYNTHETIC_PROGRAMS,CFG-CDU-04,SYNTHETIC_INTERNAL,SNP-COOLIT-20260925-BL,SCN-BASELINE,WOCOMP-0023-022,WO-0023,BOMC-12-022,50,P-COMP-067,48,48,26,22,,LOT-P-COMP-067-A,EFFECTIVE
TEN-COOLIT-SYN-001,SITE-COOLIT-SYN-01,ERP,WORK_ORDER_COMPONENT,WOCOMP-0023-023,WOCOMP-0023-023,RESOLVED,2026-09-25T23:59:59-06:00,2026-09-26T08:00:00-06:00,2026-06-29T00:00:00-06:00,,1,,false,ACTIVE,EA,,VALID,CURRENT,coolit-synthetic-v2.0.0,ALL_SYNTHETIC_CUSTOMERS,ALL_SYNTHETIC_PROGRAMS,CFG-CDU-04,SYNTHETIC_INTERNAL,SNP-COOLIT-20260925-BL,SCN-BASELINE,WOCOMP-0023-023,WO-0023,BOMC-12-023,50,P-COMP-074,48,48,26,22,P-COMP-028,LOT-P-COMP-074-A,EFFECTIVE
TEN-COOLIT-SYN-001,SITE-COOLIT-SYN-01,ERP,WORK_ORDER_COMPONENT,WOCOMP-0023-024,WOCOMP-0023-024,RESOLVED,2026-09-25T23:59:59-06:00,2026-09-26T08:00:00-06:00,2026-06-29T00:00:00-06:00,,1,,false,ACTIVE,EA,,VALID,CURRENT,coolit-synthetic-v2.0.0,ALL_SYNTHETIC_CUSTOMERS,ALL_SYNTHETIC_PROGRAMS,CFG-CDU-04,SYNTHETIC_INTERNAL,SNP-COOLIT-20260925-BL,SCN-BASELINE,WOCOMP-0023-024,WO-0023,BOMC-12-024,50,P-COMP-081,48,48,26,22,,LOT-P-COMP-081-A,EFFECTIVE
TEN-COOLIT-SYN-001,SITE-COOLIT-SYN-01,ERP,WORK_ORDER_COMPONENT,WOCOMP-0023-025,WOCOMP-0023-025,RESOLVED,2026-09-25T23:59:59-06:00,2026-09-26T08:00:00-06:00,2026-06-29T00:00:00-06:00,,1,,false,ACTIVE,EA,,VALID,CURRENT,coolit-synthetic-v2.0.0,ALL_SYNTHETIC_CUSTOMERS,ALL_SYNTHETIC_PROGRAMS,CFG-CDU-04,SYNTHETIC_INTERNAL,SNP-COOLIT-20260925-BL,SCN-BASELINE,WOCOMP-0023-025,WO-0023,BOMC-12-025,50,P-COMP-088,48,48,26,22,,LOT-P-COMP-088-A,EFFECTIVE
TEN-COOLIT-SYN-001,SITE-COOLIT-SYN-01,ERP,WORK_ORDER_COMPONENT,WOCOMP-0023-026,WOCOMP-0023-026,RESOLVED,2026-09-25T23:59:59-06:00,2026-09-26T08:00:00-06:00,2026-06-29T00:00:00-06:00,,1,,false,ACTIVE,EA,,VALID,CURRENT,coolit-synthetic-v2.0.0,ALL_SYNTHETIC_CUSTOMERS,ALL_SYNTHETIC_PROGRAMS,CFG-CDU-04,SYNTHETIC_INTERNAL,SNP-COOLIT-20260925-BL,SCN-BASELINE,WOCOMP-0023-026,WO-0023,BOMC-12-026,60,P-COMP-095,48,48,26,22,,LOT-P-COMP-095-A,EFFECTIVE
TEN-COOLIT-SYN-001,SITE-COOLIT-SYN-01,ERP,WORK_ORDER_COMPONENT,WOCOMP-0023-027,WOCOMP-0023-027,RESOLVED,2026-09-25T23:59:59-06:00,2026-09-26T08:00:00-06:00,2026-06-29T00:00:00-06:00,,1,,false,ACTIVE,EA,,VALID,CURRENT,coolit-synthetic-v2.0.0,ALL_SYNTHETIC_CUSTOMERS,ALL_SYNTHETIC_PROGRAMS,CFG-CDU-04,SYNTHETIC_INTERNAL,SNP-COOLIT-20260925-BL,SCN-BASELINE,WOCOMP-0023-027,WO-0023,BOMC-12-027,60,P-COMP-102,48,48,26,22,,LOT-P-COMP-102-A,EFFECTIVE
TEN-COOLIT-SYN-001,SITE-COOLIT-SYN-01,ERP,WORK_ORDER_COMPONENT,WOCOMP-0023-028,WOCOMP-0023-028,RESOLVED,2026-09-25T23:59:59-06:00,2026-09-26T08:00:00-06:00,2026-06-29T00:00:00-06:00,,1,,false,ACTIVE,EA,,VALID,CURRENT,coolit-synthetic-v2.0.0,ALL_SYNTHETIC_CUSTOMERS,ALL_SYNTHETIC_PROGRAMS,CFG-CDU-04,SYNTHETIC_INTERNAL,SNP-COOLIT-20260925-BL,SCN-BASELINE,WOCOMP-0023-028,WO-0023,BOMC-12-028,60,P-COMP-109,96,96,52,44,,LOT-P-COMP-109-A,EFFECTIVE
TEN-COOLIT-SYN-001,SITE-COOLIT-SYN-01,ERP,WORK_ORDER_COMPONENT,WOCOMP-0023-029,WOCOMP-0023-029,RESOLVED,2026-09-25T23:59:59-06:00,2026-09-26T08:00:00-06:00,2026-06-29T00:00:00-06:00,,1,,false,ACTIVE,EA,,VALID,CURRENT,coolit-synthetic-v2.0.0,ALL_SYNTHETIC_CUSTOMERS,ALL_SYNTHETIC_PROGRAMS,CFG-CDU-04,SYNTHETIC_INTERNAL,SNP-COOLIT-20260925-BL,SCN-BASELINE,WOCOMP-0023-029,WO-0023,BOMC-12-029,60,P-COMP-116,48,48,26,22,,LOT-P-COMP-116-A,EFFECTIVE
TEN-COOLIT-SYN-001,SITE-COOLIT-SYN-01,ERP,WORK_ORDER_COMPONENT,WOCOMP-0023-030,WOCOMP-0023-030,RESOLVED,2026-09-25T23:59:59-06:00,2026-09-26T08:00:00-06:00,2026-06-29T00:00:00-06:00,,1,,false,ACTIVE,EA,,VALID,CURRENT,coolit-synthetic-v2.0.0,ALL_SYNTHETIC_CUSTOMERS,ALL_SYNTHETIC_PROGRAMS,CFG-CDU-04,SYNTHETIC_INTERNAL,SNP-COOLIT-20260925-BL,SCN-BASELINE,WOCOMP-0023-030,WO-0023,BOMC-12-030,60,P-COMP-123,48,48,26,22,,LOT-P-COMP-123-A,EFFECTIVE
TEN-COOLIT-SYN-001,SITE-COOLIT-SYN-01,ERP,WORK_ORDER_COMPONENT,WOCOMP-0024-001,WOCOMP-0024-001,RESOLVED,2026-09-25T23:59:59-06:00,2026-09-26T08:00:00-06:00,2026-06-29T00:00:00-06:00,,1,,false,ACTIVE,EA,,VALID,CURRENT,coolit-synthetic-v2.0.0,ALL_SYNTHETIC_CUSTOMERS,ALL_SYNTHETIC_PROGRAMS,CFG-RM-03,SYNTHETIC_INTERNAL,SNP-COOLIT-20260925-BL,SCN-BASELINE,WOCOMP-0024-001,WO-0024,BOMC-07-001,10,P-COMP-073,108,108,59,49,P-COMP-007,LOT-P-COMP-073-A,EFFECTIVE
TEN-COOLIT-SYN-001,SITE-COOLIT-SYN-01,ERP,WORK_ORDER_COMPONENT,WOCOMP-0024-002,WOCOMP-0024-002,RESOLVED,2026-09-25T23:59:59-06:00,2026-09-26T08:00:00-06:00,2026-06-29T00:00:00-06:00,,1,,false,ACTIVE,EA,,VALID,CURRENT,coolit-synthetic-v2.0.0,ALL_SYNTHETIC_CUSTOMERS,ALL_SYNTHETIC_PROGRAMS,CFG-RM-03,SYNTHETIC_INTERNAL,SNP-COOLIT-20260925-BL,SCN-BASELINE,WOCOMP-0024-002,WO-0024,BOMC-07-002,10,P-COMP-080,54,54,29,25,,LOT-P-COMP-080-A,EFFECTIVE
TEN-COOLIT-SYN-001,SITE-COOLIT-SYN-01,ERP,WORK_ORDER_COMPONENT,WOCOMP-0024-003,WOCOMP-0024-003,RESOLVED,2026-09-25T23:59:59-06:00,2026-09-26T08:00:00-06:00,2026-06-29T00:00:00-06:00,,1,,false,ACTIVE,EA,,VALID,CURRENT,coolit-synthetic-v2.0.0,ALL_SYNTHETIC_CUSTOMERS,ALL_SYNTHETIC_PROGRAMS,CFG-RM-03,SYNTHETIC_INTERNAL,SNP-COOLIT-20260925-BL,SCN-BASELINE,WOCOMP-0024-003,WO-0024,BOMC-07-003,10,P-COMP-087,54,54,29,25,,LOT-P-COMP-087-A,EFFECTIVE
TEN-COOLIT-SYN-001,SITE-COOLIT-SYN-01,ERP,WORK_ORDER_COMPONENT,WOCOMP-0024-004,WOCOMP-0024-004,RESOLVED,2026-09-25T23:59:59-06:00,2026-09-26T08:00:00-06:00,2026-06-29T00:00:00-06:00,,1,,false,ACTIVE,EA,,VALID,CURRENT,coolit-synthetic-v2.0.0,ALL_SYNTHETIC_CUSTOMERS,ALL_SYNTHETIC_PROGRAMS,CFG-RM-03,SYNTHETIC_INTERNAL,SNP-COOLIT-20260925-BL,SCN-BASELINE,WOCOMP-0024-004,WO-0024,BOMC-07-004,10,P-COMP-094,54,54,29,25,,LOT-P-COMP-094-A,EFFECTIVE
TEN-COOLIT-SYN-001,SITE-COOLIT-SYN-01,ERP,WORK_ORDER_COMPONENT,WOCOMP-0024-005,WOCOMP-0024-005,RESOLVED,2026-09-25T23:59:59-06:00,2026-09-26T08:00:00-06:00,2026-06-29T00:00:00-06:00,,1,,false,ACTIVE,EA,,VALID,CURRENT,coolit-synthetic-v2.0.0,ALL_SYNTHETIC_CUSTOMERS,ALL_SYNTHETIC_PROGRAMS,CFG-RM-03,SYNTHETIC_INTERNAL,SNP-COOLIT-20260925-BL,SCN-BASELINE,WOCOMP-0024-005,WO-0024,BOMC-07-005,10,P-COMP-101,54,54,29,25,,LOT-P-COMP-101-A,EFFECTIVE
TEN-COOLIT-SYN-001,SITE-COOLIT-SYN-01,ERP,WORK_ORDER_COMPONENT,WOCOMP-0024-006,WOCOMP-0024-006,RESOLVED,2026-09-25T23:59:59-06:00,2026-09-26T08:00:00-06:00,2026-06-29T00:00:00-06:00,,1,,false,ACTIVE,EA,,VALID,CURRENT,coolit-synthetic-v2.0.0,ALL_SYNTHETIC_CUSTOMERS,ALL_SYNTHETIC_PROGRAMS,CFG-RM-03,SYNTHETIC_INTERNAL,SNP-COOLIT-20260925-BL,SCN-BASELINE,WOCOMP-0024-006,WO-0024,BOMC-07-006,20,P-COMP-108,54,54,29,25,,LOT-P-COMP-108-A,EFFECTIVE
TEN-COOLIT-SYN-001,SITE-COOLIT-SYN-01,ERP,WORK_ORDER_COMPONENT,WOCOMP-0024-007,WOCOMP-0024-007,RESOLVED,2026-09-25T23:59:59-06:00,2026-09-26T08:00:00-06:00,2026-06-29T00:00:00-06:00,,1,,false,ACTIVE,EA,,VALID,CURRENT,coolit-synthetic-v2.0.0,ALL_SYNTHETIC_CUSTOMERS,ALL_SYNTHETIC_PROGRAMS,CFG-RM-03,SYNTHETIC_INTERNAL,SNP-COOLIT-20260925-BL,SCN-BASELINE,WOCOMP-0024-007,WO-0024,BOMC-07-007,20,P-COMP-115,54,54,29,25,,LOT-P-COMP-115-A,EFFECTIVE
TEN-COOLIT-SYN-001,SITE-COOLIT-SYN-01,ERP,WORK_ORDER_COMPONENT,WOCOMP-0024-008,WOCOMP-0024-008,RESOLVED,2026-09-25T23:59:59-06:00,2026-09-26T08:00:00-06:00,2026-06-29T00:00:00-06:00,,1,,false,ACTIVE,EA,,VALID,CURRENT,coolit-synthetic-v2.0.0,ALL_SYNTHETIC_CUSTOMERS,ALL_SYNTHETIC_PROGRAMS,CFG-RM-03,SYNTHETIC_INTERNAL,SNP-COOLIT-20260925-BL,SCN-BASELINE,WOCOMP-0024-008,WO-0024,BOMC-07-008,20,P-COMP-122,54,54,29,25,,LOT-P-COMP-122-A,EFFECTIVE
TEN-COOLIT-SYN-001,SITE-COOLIT-SYN-01,ERP,WORK_ORDER_COMPONENT,WOCOMP-0024-009,WOCOMP-0024-009,RESOLVED,2026-09-25T23:59:59-06:00,2026-09-26T08:00:00-06:00,2026-06-29T00:00:00-06:00,,1,,false,ACTIVE,EA,,VALID,CURRENT,coolit-synthetic-v2.0.0,ALL_SYNTHETIC_CUSTOMERS,ALL_SYNTHETIC_PROGRAMS,CFG-RM-03,SYNTHETIC_INTERNAL,SNP-COOLIT-20260925-BL,SCN-BASELINE,WOCOMP-0024-009,WO-0024,BOMC-07-009,20,P-COMP-129,54,54,29,25,,LOT-P-COMP-129-A,EFFECTIVE
TEN-COOLIT-SYN-001,SITE-COOLIT-SYN-01,ERP,WORK_ORDER_COMPONENT,WOCOMP-0024-010,WOCOMP-0024-010,RESOLVED,2026-09-25T23:59:59-06:00,2026-09-26T08:00:00-06:00,2026-06-29T00:00:00-06:00,,1,,false,ACTIVE,EA,,VALID,CURRENT,coolit-synthetic-v2.0.0,ALL_SYNTHETIC_CUSTOMERS,ALL_SYNTHETIC_PROGRAMS,CFG-RM-03,SYNTHETIC_INTERNAL,SNP-COOLIT-20260925-BL,SCN-BASELINE,WOCOMP-0024-010,WO-0024,BOMC-07-010,20,P-COMP-136,108,108,59,49,,LOT-P-COMP-136-A,EFFECTIVE
TEN-COOLIT-SYN-001,SITE-COOLIT-SYN-01,ERP,WORK_ORDER_COMPONENT,WOCOMP-0024-011,WOCOMP-0024-011,RESOLVED,2026-09-25T23:59:59-06:00,2026-09-26T08:00:00-06:00,2026-06-29T00:00:00-06:00,,1,,false,ACTIVE,EA,,VALID,CURRENT,coolit-synthetic-v2.0.0,ALL_SYNTHETIC_CUSTOMERS,ALL_SYNTHETIC_PROGRAMS,CFG-RM-03,SYNTHETIC_INTERNAL,SNP-COOLIT-20260925-BL,SCN-BASELINE,WOCOMP-0024-011,WO-0024,BOMC-07-011,30,P-COMP-143,54,54,29,25,,LOT-P-COMP-143-A,EFFECTIVE
TEN-COOLIT-SYN-001,SITE-COOLIT-SYN-01,ERP,WORK_ORDER_COMPONENT,WOCOMP-0024-012,WOCOMP-0024-012,RESOLVED,2026-09-25T23:59:59-06:00,2026-09-26T08:00:00-06:00,2026-06-29T00:00:00-06:00,,1,,false,ACTIVE,EA,,VALID,CURRENT,coolit-synthetic-v2.0.0,ALL_SYNTHETIC_CUSTOMERS,ALL_SYNTHETIC_PROGRAMS,CFG-RM-03,SYNTHETIC_INTERNAL,SNP-COOLIT-20260925-BL,SCN-BASELINE,WOCOMP-0024-012,WO-0024,BOMC-07-012,30,P-COMP-150,54,54,29,25,P-COMP-018,LOT-P-COMP-150-A,EFFECTIVE
TEN-COOLIT-SYN-001,SITE-COOLIT-SYN-01,ERP,WORK_ORDER_COMPONENT,WOCOMP-0024-013,WOCOMP-0024-013,RESOLVED,2026-09-25T23:59:59-06:00,2026-09-26T08:00:00-06:00,2026-06-29T00:00:00-06:00,,1,,false,ACTIVE,EA,,VALID,CURRENT,coolit-synthetic-v2.0.0,ALL_SYNTHETIC_CUSTOMERS,ALL_SYNTHETIC_PROGRAMS,CFG-RM-03,SYNTHETIC_INTERNAL,SNP-COOLIT-20260925-BL,SCN-BASELINE,WOCOMP-0024-013,WO-0024,BOMC-07-013,30,P-COMP-157,54,54,29,25,,LOT-P-COMP-157-A,EFFECTIVE
TEN-COOLIT-SYN-001,SITE-COOLIT-SYN-01,ERP,WORK_ORDER_COMPONENT,WOCOMP-0024-014,WOCOMP-0024-014,RESOLVED,2026-09-25T23:59:59-06:00,2026-09-26T08:00:00-06:00,2026-06-29T00:00:00-06:00,,1,,false,ACTIVE,EA,,VALID,CURRENT,coolit-synthetic-v2.0.0,ALL_SYNTHETIC_CUSTOMERS,ALL_SYNTHETIC_PROGRAMS,CFG-RM-03,SYNTHETIC_INTERNAL,SNP-COOLIT-20260925-BL,SCN-BASELINE,WOCOMP-0024-014,WO-0024,BOMC-07-014,30,P-COMP-164,54,54,29,25,,LOT-P-COMP-164-A,EFFECTIVE
TEN-COOLIT-SYN-001,SITE-COOLIT-SYN-01,ERP,WORK_ORDER_COMPONENT,WOCOMP-0024-015,WOCOMP-0024-015,RESOLVED,2026-09-25T23:59:59-06:00,2026-09-26T08:00:00-06:00,2026-06-29T00:00:00-06:00,,1,,false,ACTIVE,EA,,VALID,CURRENT,coolit-synthetic-v2.0.0,ALL_SYNTHETIC_CUSTOMERS,ALL_SYNTHETIC_PROGRAMS,CFG-RM-03,SYNTHETIC_INTERNAL,SNP-COOLIT-20260925-BL,SCN-BASELINE,WOCOMP-0024-015,WO-0024,BOMC-07-015,30,P-COMP-171,54,54,29,25,,LOT-P-COMP-171-A,EFFECTIVE
TEN-COOLIT-SYN-001,SITE-COOLIT-SYN-01,ERP,WORK_ORDER_COMPONENT,WOCOMP-0024-016,WOCOMP-0024-016,RESOLVED,2026-09-25T23:59:59-06:00,2026-09-26T08:00:00-06:00,2026-06-29T00:00:00-06:00,,1,,false,ACTIVE,EA,,VALID,CURRENT,coolit-synthetic-v2.0.0,ALL_SYNTHETIC_CUSTOMERS,ALL_SYNTHETIC_PROGRAMS,CFG-RM-03,SYNTHETIC_INTERNAL,SNP-COOLIT-20260925-BL,SCN-BASELINE,WOCOMP-0024-016,WO-0024,BOMC-07-016,40,P-COMP-178,54,54,29,25,,LOT-P-COMP-178-A,EFFECTIVE
TEN-COOLIT-SYN-001,SITE-COOLIT-SYN-01,ERP,WORK_ORDER_COMPONENT,WOCOMP-0024-017,WOCOMP-0024-017,RESOLVED,2026-09-25T23:59:59-06:00,2026-09-26T08:00:00-06:00,2026-06-29T00:00:00-06:00,,1,,false,ACTIVE,EA,,VALID,CURRENT,coolit-synthetic-v2.0.0,ALL_SYNTHETIC_CUSTOMERS,ALL_SYNTHETIC_PROGRAMS,CFG-RM-03,SYNTHETIC_INTERNAL,SNP-COOLIT-20260925-BL,SCN-BASELINE,WOCOMP-0024-017,WO-0024,BOMC-07-017,40,P-COMP-185,54,54,29,25,,LOT-P-COMP-185-A,EFFECTIVE
TEN-COOLIT-SYN-001,SITE-COOLIT-SYN-01,ERP,WORK_ORDER_COMPONENT,WOCOMP-0024-018,WOCOMP-0024-018,RESOLVED,2026-09-25T23:59:59-06:00,2026-09-26T08:00:00-06:00,2026-06-29T00:00:00-06:00,,1,,false,ACTIVE,EA,,VALID,CURRENT,coolit-synthetic-v2.0.0,ALL_SYNTHETIC_CUSTOMERS,ALL_SYNTHETIC_PROGRAMS,CFG-RM-03,SYNTHETIC_INTERNAL,SNP-COOLIT-20260925-BL,SCN-BASELINE,WOCOMP-0024-018,WO-0024,BOMC-07-018,40,P-COMP-192,54,54,29,25,,LOT-P-COMP-192-A,EFFECTIVE
TEN-COOLIT-SYN-001,SITE-COOLIT-SYN-01,ERP,WORK_ORDER_COMPONENT,WOCOMP-0024-019,WOCOMP-0024-019,RESOLVED,2026-09-25T23:59:59-06:00,2026-09-26T08:00:00-06:00,2026-06-29T00:00:00-06:00,,1,,false,ACTIVE,EA,,VALID,CURRENT,coolit-synthetic-v2.0.0,ALL_SYNTHETIC_CUSTOMERS,ALL_SYNTHETIC_PROGRAMS,CFG-RM-03,SYNTHETIC_INTERNAL,SNP-COOLIT-20260925-BL,SCN-BASELINE,WOCOMP-0024-019,WO-0024,BOMC-07-019,40,P-COMP-199,108,108,59,49,,LOT-P-COMP-199-A,EFFECTIVE
TEN-COOLIT-SYN-001,SITE-COOLIT-SYN-01,ERP,WORK_ORDER_COMPONENT,WOCOMP-0024-020,WOCOMP-0024-020,RESOLVED,2026-09-25T23:59:59-06:00,2026-09-26T08:00:00-06:00,2026-06-29T00:00:00-06:00,,1,,false,ACTIVE,EA,,VALID,CURRENT,coolit-synthetic-v2.0.0,ALL_SYNTHETIC_CUSTOMERS,ALL_SYNTHETIC_PROGRAMS,CFG-RM-03,SYNTHETIC_INTERNAL,SNP-COOLIT-20260925-BL,SCN-BASELINE,WOCOMP-0024-020,WO-0024,BOMC-07-020,40,P-COMP-206,54,54,29,25,,LOT-P-COMP-206-A,EFFECTIVE
TEN-COOLIT-SYN-001,SITE-COOLIT-SYN-01,ERP,WORK_ORDER_COMPONENT,WOCOMP-0024-021,WOCOMP-0024-021,RESOLVED,2026-09-25T23:59:59-06:00,2026-09-26T08:00:00-06:00,2026-06-29T00:00:00-06:00,,1,,false,ACTIVE,EA,,VALID,CURRENT,coolit-synthetic-v2.0.0,ALL_SYNTHETIC_CUSTOMERS,ALL_SYNTHETIC_PROGRAMS,CFG-RM-03,SYNTHETIC_INTERNAL,SNP-COOLIT-20260925-BL,SCN-BASELINE,WOCOMP-0024-021,WO-0024,BOMC-07-021,50,P-QD-005,54,54,29,25,,LOT-P-QD-005-A,EFFECTIVE
TEN-COOLIT-SYN-001,SITE-COOLIT-SYN-01,ERP,WORK_ORDER_COMPONENT,WOCOMP-0024-022,WOCOMP-0024-022,RESOLVED,2026-09-25T23:59:59-06:00,2026-09-26T08:00:00-06:00,2026-06-29T00:00:00-06:00,,1,,false,ACTIVE,EA,,VALID,CURRENT,coolit-synthetic-v2.0.0,ALL_SYNTHETIC_CUSTOMERS,ALL_SYNTHETIC_PROGRAMS,CFG-RM-03,SYNTHETIC_INTERNAL,SNP-COOLIT-20260925-BL,SCN-BASELINE,WOCOMP-0024-022,WO-0024,BOMC-07-022,50,P-PUMP-002,54,54,29,25,,LOT-P-PUMP-002-A,EFFECTIVE
TEN-COOLIT-SYN-001,SITE-COOLIT-SYN-01,ERP,WORK_ORDER_COMPONENT,WOCOMP-0024-023,WOCOMP-0024-023,RESOLVED,2026-09-25T23:59:59-06:00,2026-09-26T08:00:00-06:00,2026-06-29T00:00:00-06:00,,1,,false,ACTIVE,EA,,VALID,CURRENT,coolit-synthetic-v2.0.0,ALL_SYNTHETIC_CUSTOMERS,ALL_SYNTHETIC_PROGRAMS,CFG-RM-03,SYNTHETIC_INTERNAL,SNP-COOLIT-20260925-BL,SCN-BASELINE,WOCOMP-0024-023,WO-0024,BOMC-07-023,50,P-HX-001,54,54,29,25,P-COMP-029,LOT-P-HX-001-A,EFFECTIVE
TEN-COOLIT-SYN-001,SITE-COOLIT-SYN-01,ERP,WORK_ORDER_COMPONENT,WOCOMP-0024-024,WOCOMP-0024-024,RESOLVED,2026-09-25T23:59:59-06:00,2026-09-26T08:00:00-06:00,2026-06-29T00:00:00-06:00,,1,,false,ACTIVE,EA,,VALID,CURRENT,coolit-synthetic-v2.0.0,ALL_SYNTHETIC_CUSTOMERS,ALL_SYNTHETIC_PROGRAMS,CFG-RM-03,SYNTHETIC_INTERNAL,SNP-COOLIT-20260925-BL,SCN-BASELINE,WOCOMP-0024-024,WO-0024,BOMC-07-024,50,P-CTRL-002,54,54,29,25,,LOT-P-CTRL-002-A,EFFECTIVE
TEN-COOLIT-SYN-001,SITE-COOLIT-SYN-01,ERP,WORK_ORDER_COMPONENT,WOCOMP-0024-025,WOCOMP-0024-025,RESOLVED,2026-09-25T23:59:59-06:00,2026-09-26T08:00:00-06:00,2026-06-29T00:00:00-06:00,,1,,false,ACTIVE,EA,,VALID,CURRENT,coolit-synthetic-v2.0.0,ALL_SYNTHETIC_CUSTOMERS,ALL_SYNTHETIC_PROGRAMS,CFG-RM-03,SYNTHETIC_INTERNAL,SNP-COOLIT-20260925-BL,SCN-BASELINE,WOCOMP-0024-025,WO-0024,BOMC-07-025,50,P-COMP-003,54,54,29,25,,LOT-P-COMP-003-A,EFFECTIVE
TEN-COOLIT-SYN-001,SITE-COOLIT-SYN-01,ERP,WORK_ORDER_COMPONENT,WOCOMP-0024-026,WOCOMP-0024-026,RESOLVED,2026-09-25T23:59:59-06:00,2026-09-26T08:00:00-06:00,2026-06-29T00:00:00-06:00,,1,,false,ACTIVE,EA,,VALID,CURRENT,coolit-synthetic-v2.0.0,ALL_SYNTHETIC_CUSTOMERS,ALL_SYNTHETIC_PROGRAMS,CFG-RM-03,SYNTHETIC_INTERNAL,SNP-COOLIT-20260925-BL,SCN-BASELINE,WOCOMP-0024-026,WO-0024,BOMC-07-026,60,P-COMP-010,54,54,29,25,,LOT-P-COMP-010-A,EFFECTIVE
TEN-COOLIT-SYN-001,SITE-COOLIT-SYN-01,ERP,WORK_ORDER_COMPONENT,WOCOMP-0024-027,WOCOMP-0024-027,RESOLVED,2026-09-25T23:59:59-06:00,2026-09-26T08:00:00-06:00,2026-06-29T00:00:00-06:00,,1,,false,ACTIVE,EA,,VALID,CURRENT,coolit-synthetic-v2.0.0,ALL_SYNTHETIC_CUSTOMERS,ALL_SYNTHETIC_PROGRAMS,CFG-RM-03,SYNTHETIC_INTERNAL,SNP-COOLIT-20260925-BL,SCN-BASELINE,WOCOMP-0024-027,WO-0024,BOMC-07-027,60,P-COMP-017,54,54,29,25,,LOT-P-COMP-017-A,EFFECTIVE
TEN-COOLIT-SYN-001,SITE-COOLIT-SYN-01,ERP,WORK_ORDER_COMPONENT,WOCOMP-0024-028,WOCOMP-0024-028,RESOLVED,2026-09-25T23:59:59-06:00,2026-09-26T08:00:00-06:00,2026-06-29T00:00:00-06:00,,1,,false,ACTIVE,EA,,VALID,CURRENT,coolit-synthetic-v2.0.0,ALL_SYNTHETIC_CUSTOMERS,ALL_SYNTHETIC_PROGRAMS,CFG-RM-03,SYNTHETIC_INTERNAL,SNP-COOLIT-20260925-BL,SCN-BASELINE,WOCOMP-0024-028,WO-0024,BOMC-07-028,60,P-COMP-024,108,108,59,49,,LOT-P-COMP-024-A,EFFECTIVE
TEN-COOLIT-SYN-001,SITE-COOLIT-SYN-01,ERP,WORK_ORDER_COMPONENT,WOCOMP-0024-029,WOCOMP-0024-029,RESOLVED,2026-09-25T23:59:59-06:00,2026-09-26T08:00:00-06:00,2026-06-29T00:00:00-06:00,,1,,false,ACTIVE,EA,,VALID,CURRENT,coolit-synthetic-v2.0.0,ALL_SYNTHETIC_CUSTOMERS,ALL_SYNTHETIC_PROGRAMS,CFG-RM-03,SYNTHETIC_INTERNAL,SNP-COOLIT-20260925-BL,SCN-BASELINE,WOCOMP-0024-029,WO-0024,BOMC-07-029,60,P-COMP-031,54,54,29,25,,LOT-P-COMP-031-A,EFFECTIVE
TEN-COOLIT-SYN-001,SITE-COOLIT-SYN-01,ERP,WORK_ORDER_COMPONENT,WOCOMP-0024-030,WOCOMP-0024-030,RESOLVED,2026-09-25T23:59:59-06:00,2026-09-26T08:00:00-06:00,2026-06-29T00:00:00-06:00,,1,,false,ACTIVE,EA,,VALID,CURRENT,coolit-synthetic-v2.0.0,ALL_SYNTHETIC_CUSTOMERS,ALL_SYNTHETIC_PROGRAMS,CFG-RM-03,SYNTHETIC_INTERNAL,SNP-COOLIT-20260925-BL,SCN-BASELINE,WOCOMP-0024-030,WO-0024,BOMC-07-030,60,P-COMP-038,54,54,29,25,,LOT-P-COMP-038-A,EFFECTIVE
TEN-COOLIT-SYN-001,SITE-COOLIT-SYN-01,ERP,WORK_ORDER_COMPONENT,WOCOMP-0025-001,WOCOMP-0025-001,RESOLVED,2026-09-25T23:59:59-06:00,2026-09-26T08:00:00-06:00,2026-06-29T00:00:00-06:00,,1,,false,ACTIVE,EA,,VALID,CURRENT,coolit-synthetic-v2.0.0,ALL_SYNTHETIC_CUSTOMERS,ALL_SYNTHETIC_PROGRAMS,CFG-CPL-02,SYNTHETIC_INTERNAL,SNP-COOLIT-20260925-BL,SCN-BASELINE,WOCOMP-0025-001,WO-0025,BOMC-02-001,10,P-PUMP-008,24,24,13,11,P-COMP-008,LOT-P-PUMP-008-A,EFFECTIVE
TEN-COOLIT-SYN-001,SITE-COOLIT-SYN-01,ERP,WORK_ORDER_COMPONENT,WOCOMP-0025-002,WOCOMP-0025-002,RESOLVED,2026-09-25T23:59:59-06:00,2026-09-26T08:00:00-06:00,2026-06-29T00:00:00-06:00,,1,,false,ACTIVE,EA,,VALID,CURRENT,coolit-synthetic-v2.0.0,ALL_SYNTHETIC_CUSTOMERS,ALL_SYNTHETIC_PROGRAMS,CFG-CPL-02,SYNTHETIC_INTERNAL,SNP-COOLIT-20260925-BL,SCN-BASELINE,WOCOMP-0025-002,WO-0025,BOMC-02-002,10,P-CTRL-001,12,12,6,6,,LOT-P-CTRL-001-A,EFFECTIVE
TEN-COOLIT-SYN-001,SITE-COOLIT-SYN-01,ERP,WORK_ORDER_COMPONENT,WOCOMP-0025-003,WOCOMP-0025-003,RESOLVED,2026-09-25T23:59:59-06:00,2026-09-26T08:00:00-06:00,2026-06-29T00:00:00-06:00,,1,,false,ACTIVE,EA,,VALID,CURRENT,coolit-synthetic-v2.0.0,ALL_SYNTHETIC_CUSTOMERS,ALL_SYNTHETIC_PROGRAMS,CFG-CPL-02,SYNTHETIC_INTERNAL,SNP-COOLIT-20260925-BL,SCN-BASELINE,WOCOMP-0025-003,WO-0025,BOMC-02-003,10,P-COMP-002,12,12,6,6,,LOT-P-COMP-002-A,EFFECTIVE
TEN-COOLIT-SYN-001,SITE-COOLIT-SYN-01,ERP,WORK_ORDER_COMPONENT,WOCOMP-0025-004,WOCOMP-0025-004,RESOLVED,2026-09-25T23:59:59-06:00,2026-09-26T08:00:00-06:00,2026-06-29T00:00:00-06:00,,1,,false,ACTIVE,EA,,VALID,CURRENT,coolit-synthetic-v2.0.0,ALL_SYNTHETIC_CUSTOMERS,ALL_SYNTHETIC_PROGRAMS,CFG-CPL-02,SYNTHETIC_INTERNAL,SNP-COOLIT-20260925-BL,SCN-BASELINE,WOCOMP-0025-004,WO-0025,BOMC-02-004,10,P-COMP-009,12,12,6,6,,LOT-P-COMP-009-A,EFFECTIVE
TEN-COOLIT-SYN-001,SITE-COOLIT-SYN-01,ERP,WORK_ORDER_COMPONENT,WOCOMP-0025-005,WOCOMP-0025-005,RESOLVED,2026-09-25T23:59:59-06:00,2026-09-26T08:00:00-06:00,2026-06-29T00:00:00-06:00,,1,,false,ACTIVE,EA,,VALID,CURRENT,coolit-synthetic-v2.0.0,ALL_SYNTHETIC_CUSTOMERS,ALL_SYNTHETIC_PROGRAMS,CFG-CPL-02,SYNTHETIC_INTERNAL,SNP-COOLIT-20260925-BL,SCN-BASELINE,WOCOMP-0025-005,WO-0025,BOMC-02-005,10,P-COMP-016,12,12,6,6,,LOT-P-COMP-016-A,EFFECTIVE
TEN-COOLIT-SYN-001,SITE-COOLIT-SYN-01,ERP,WORK_ORDER_COMPONENT,WOCOMP-0025-006,WOCOMP-0025-006,RESOLVED,2026-09-25T23:59:59-06:00,2026-09-26T08:00:00-06:00,2026-06-29T00:00:00-06:00,,1,,false,ACTIVE,EA,,VALID,CURRENT,coolit-synthetic-v2.0.0,ALL_SYNTHETIC_CUSTOMERS,ALL_SYNTHETIC_PROGRAMS,CFG-CPL-02,SYNTHETIC_INTERNAL,SNP-COOLIT-20260925-BL,SCN-BASELINE,WOCOMP-0025-006,WO-0025,BOMC-02-006,20,P-COMP-023,12,12,6,6,,LOT-P-COMP-023-A,EFFECTIVE
TEN-COOLIT-SYN-001,SITE-COOLIT-SYN-01,ERP,WORK_ORDER_COMPONENT,WOCOMP-0025-007,WOCOMP-0025-007,RESOLVED,2026-09-25T23:59:59-06:00,2026-09-26T08:00:00-06:00,2026-06-29T00:00:00-06:00,,1,,false,ACTIVE,EA,,VALID,CURRENT,coolit-synthetic-v2.0.0,ALL_SYNTHETIC_CUSTOMERS,ALL_SYNTHETIC_PROGRAMS,CFG-CPL-02,SYNTHETIC_INTERNAL,SNP-COOLIT-20260925-BL,SCN-BASELINE,WOCOMP-0025-007,WO-0025,BOMC-02-007,20,P-COMP-030,12,12,6,6,,LOT-P-COMP-030-A,EFFECTIVE
TEN-COOLIT-SYN-001,SITE-COOLIT-SYN-01,ERP,WORK_ORDER_COMPONENT,WOCOMP-0025-008,WOCOMP-0025-008,RESOLVED,2026-09-25T23:59:59-06:00,2026-09-26T08:00:00-06:00,2026-06-29T00:00:00-06:00,,1,,false,ACTIVE,EA,,VALID,CURRENT,coolit-synthetic-v2.0.0,ALL_SYNTHETIC_CUSTOMERS,ALL_SYNTHETIC_PROGRAMS,CFG-CPL-02,SYNTHETIC_INTERNAL,SNP-COOLIT-20260925-BL,SCN-BASELINE,WOCOMP-0025-008,WO-0025,BOMC-02-008,20,P-COMP-037,12,12,6,6,,LOT-P-COMP-037-A,EFFECTIVE
TEN-COOLIT-SYN-001,SITE-COOLIT-SYN-01,ERP,WORK_ORDER_COMPONENT,WOCOMP-0025-009,WOCOMP-0025-009,RESOLVED,2026-09-25T23:59:59-06:00,2026-09-26T08:00:00-06:00,2026-06-29T00:00:00-06:00,,1,,false,ACTIVE,EA,,VALID,CURRENT,coolit-synthetic-v2.0.0,ALL_SYNTHETIC_CUSTOMERS,ALL_SYNTHETIC_PROGRAMS,CFG-CPL-02,SYNTHETIC_INTERNAL,SNP-COOLIT-20260925-BL,SCN-BASELINE,WOCOMP-0025-009,WO-0025,BOMC-02-009,20,P-COMP-044,12,12,6,6,,LOT-P-COMP-044-A,EFFECTIVE
TEN-COOLIT-SYN-001,SITE-COOLIT-SYN-01,ERP,WORK_ORDER_COMPONENT,WOCOMP-0025-010,WOCOMP-0025-010,RESOLVED,2026-09-25T23:59:59-06:00,2026-09-26T08:00:00-06:00,2026-06-29T00:00:00-06:00,,1,,false,ACTIVE,EA,,VALID,CURRENT,coolit-synthetic-v2.0.0,ALL_SYNTHETIC_CUSTOMERS,ALL_SYNTHETIC_PROGRAMS,CFG-CPL-02,SYNTHETIC_INTERNAL,SNP-COOLIT-20260925-BL,SCN-BASELINE,WOCOMP-0025-010,WO-0025,BOMC-02-010,20,P-COMP-051,24,24,13,11,,LOT-P-COMP-051-A,EFFECTIVE
TEN-COOLIT-SYN-001,SITE-COOLIT-SYN-01,ERP,WORK_ORDER_COMPONENT,WOCOMP-0025-011,WOCOMP-0025-011,RESOLVED,2026-09-25T23:59:59-06:00,2026-09-26T08:00:00-06:00,2026-06-29T00:00:00-06:00,,1,,false,ACTIVE,EA,,VALID,CURRENT,coolit-synthetic-v2.0.0,ALL_SYNTHETIC_CUSTOMERS,ALL_SYNTHETIC_PROGRAMS,CFG-CPL-02,SYNTHETIC_INTERNAL,SNP-COOLIT-20260925-BL,SCN-BASELINE,WOCOMP-0025-011,WO-0025,BOMC-02-011,30,P-COMP-058,12,12,6,6,,LOT-P-COMP-058-A,EFFECTIVE
TEN-COOLIT-SYN-001,SITE-COOLIT-SYN-01,ERP,WORK_ORDER_COMPONENT,WOCOMP-0025-012,WOCOMP-0025-012,RESOLVED,2026-09-25T23:59:59-06:00,2026-09-26T08:00:00-06:00,2026-06-29T00:00:00-06:00,,1,,false,ACTIVE,EA,,VALID,CURRENT,coolit-synthetic-v2.0.0,ALL_SYNTHETIC_CUSTOMERS,ALL_SYNTHETIC_PROGRAMS,CFG-CPL-02,SYNTHETIC_INTERNAL,SNP-COOLIT-20260925-BL,SCN-BASELINE,WOCOMP-0025-012,WO-0025,BOMC-02-012,30,P-COMP-065,12,12,6,6,P-COMP-019,LOT-P-COMP-065-A,EFFECTIVE
TEN-COOLIT-SYN-001,SITE-COOLIT-SYN-01,ERP,WORK_ORDER_COMPONENT,WOCOMP-0025-013,WOCOMP-0025-013,RESOLVED,2026-09-25T23:59:59-06:00,2026-09-26T08:00:00-06:00,2026-06-29T00:00:00-06:00,,1,,false,ACTIVE,EA,,VALID,CURRENT,coolit-synthetic-v2.0.0,ALL_SYNTHETIC_CUSTOMERS,ALL_SYNTHETIC_PROGRAMS,CFG-CPL-02,SYNTHETIC_INTERNAL,SNP-COOLIT-20260925-BL,SCN-BASELINE,WOCOMP-0025-013,WO-0025,BOMC-02-013,30,P-COMP-072,12,12,6,6,,LOT-P-COMP-072-A,EFFECTIVE
TEN-COOLIT-SYN-001,SITE-COOLIT-SYN-01,ERP,WORK_ORDER_COMPONENT,WOCOMP-0025-014,WOCOMP-0025-014,RESOLVED,2026-09-25T23:59:59-06:00,2026-09-26T08:00:00-06:00,2026-06-29T00:00:00-06:00,,1,,false,ACTIVE,EA,,VALID,CURRENT,coolit-synthetic-v2.0.0,ALL_SYNTHETIC_CUSTOMERS,ALL_SYNTHETIC_PROGRAMS,CFG-CPL-02,SYNTHETIC_INTERNAL,SNP-COOLIT-20260925-BL,SCN-BASELINE,WOCOMP-0025-014,WO-0025,BOMC-02-014,30,P-COMP-079,12,12,6,6,,LOT-P-COMP-079-A,EFFECTIVE
TEN-COOLIT-SYN-001,SITE-COOLIT-SYN-01,ERP,WORK_ORDER_COMPONENT,WOCOMP-0025-015,WOCOMP-0025-015,RESOLVED,2026-09-25T23:59:59-06:00,2026-09-26T08:00:00-06:00,2026-06-29T00:00:00-06:00,,1,,false,ACTIVE,EA,,VALID,CURRENT,coolit-synthetic-v2.0.0,ALL_SYNTHETIC_CUSTOMERS,ALL_SYNTHETIC_PROGRAMS,CFG-CPL-02,SYNTHETIC_INTERNAL,SNP-COOLIT-20260925-BL,SCN-BASELINE,WOCOMP-0025-015,WO-0025,BOMC-02-015,30,P-COMP-086,12,12,6,6,,LOT-P-COMP-086-A,EFFECTIVE
TEN-COOLIT-SYN-001,SITE-COOLIT-SYN-01,ERP,WORK_ORDER_COMPONENT,WOCOMP-0025-016,WOCOMP-0025-016,RESOLVED,2026-09-25T23:59:59-06:00,2026-09-26T08:00:00-06:00,2026-06-29T00:00:00-06:00,,1,,false,ACTIVE,EA,,VALID,CURRENT,coolit-synthetic-v2.0.0,ALL_SYNTHETIC_CUSTOMERS,ALL_SYNTHETIC_PROGRAMS,CFG-CPL-02,SYNTHETIC_INTERNAL,SNP-COOLIT-20260925-BL,SCN-BASELINE,WOCOMP-0025-016,WO-0025,BOMC-02-016,40,P-COMP-093,12,12,6,6,,LOT-P-COMP-093-A,EFFECTIVE
TEN-COOLIT-SYN-001,SITE-COOLIT-SYN-01,ERP,WORK_ORDER_COMPONENT,WOCOMP-0025-017,WOCOMP-0025-017,RESOLVED,2026-09-25T23:59:59-06:00,2026-09-26T08:00:00-06:00,2026-06-29T00:00:00-06:00,,1,,false,ACTIVE,EA,,VALID,CURRENT,coolit-synthetic-v2.0.0,ALL_SYNTHETIC_CUSTOMERS,ALL_SYNTHETIC_PROGRAMS,CFG-CPL-02,SYNTHETIC_INTERNAL,SNP-COOLIT-20260925-BL,SCN-BASELINE,WOCOMP-0025-017,WO-0025,BOMC-02-017,40,P-COMP-100,12,12,6,6,,LOT-P-COMP-100-A,EFFECTIVE
TEN-COOLIT-SYN-001,SITE-COOLIT-SYN-01,ERP,WORK_ORDER_COMPONENT,WOCOMP-0025-018,WOCOMP-0025-018,RESOLVED,2026-09-25T23:59:59-06:00,2026-09-26T08:00:00-06:00,2026-06-29T00:00:00-06:00,,1,,false,ACTIVE,EA,,VALID,CURRENT,coolit-synthetic-v2.0.0,ALL_SYNTHETIC_CUSTOMERS,ALL_SYNTHETIC_PROGRAMS,CFG-CPL-02,SYNTHETIC_INTERNAL,SNP-COOLIT-20260925-BL,SCN-BASELINE,WOCOMP-0025-018,WO-0025,BOMC-02-018,40,P-COMP-107,12,12,6,6,,LOT-P-COMP-107-A,EFFECTIVE
TEN-COOLIT-SYN-001,SITE-COOLIT-SYN-01,ERP,WORK_ORDER_COMPONENT,WOCOMP-0025-019,WOCOMP-0025-019,RESOLVED,2026-09-25T23:59:59-06:00,2026-09-26T08:00:00-06:00,2026-06-29T00:00:00-06:00,,1,,false,ACTIVE,EA,,VALID,CURRENT,coolit-synthetic-v2.0.0,ALL_SYNTHETIC_CUSTOMERS,ALL_SYNTHETIC_PROGRAMS,CFG-CPL-02,SYNTHETIC_INTERNAL,SNP-COOLIT-20260925-BL,SCN-BASELINE,WOCOMP-0025-019,WO-0025,BOMC-02-019,40,P-COMP-114,24,24,13,11,,LOT-P-COMP-114-A,EFFECTIVE
TEN-COOLIT-SYN-001,SITE-COOLIT-SYN-01,ERP,WORK_ORDER_COMPONENT,WOCOMP-0025-020,WOCOMP-0025-020,RESOLVED,2026-09-25T23:59:59-06:00,2026-09-26T08:00:00-06:00,2026-06-29T00:00:00-06:00,,1,,false,ACTIVE,EA,,VALID,CURRENT,coolit-synthetic-v2.0.0,ALL_SYNTHETIC_CUSTOMERS,ALL_SYNTHETIC_PROGRAMS,CFG-CPL-02,SYNTHETIC_INTERNAL,SNP-COOLIT-20260925-BL,SCN-BASELINE,WOCOMP-0025-020,WO-0025,BOMC-02-020,40,P-COMP-121,12,12,6,6,,LOT-P-COMP-121-A,EFFECTIVE
TEN-COOLIT-SYN-001,SITE-COOLIT-SYN-01,ERP,WORK_ORDER_COMPONENT,WOCOMP-0025-021,WOCOMP-0025-021,RESOLVED,2026-09-25T23:59:59-06:00,2026-09-26T08:00:00-06:00,2026-06-29T00:00:00-06:00,,1,,false,ACTIVE,EA,,VALID,CURRENT,coolit-synthetic-v2.0.0,ALL_SYNTHETIC_CUSTOMERS,ALL_SYNTHETIC_PROGRAMS,CFG-CPL-02,SYNTHETIC_INTERNAL,SNP-COOLIT-20260925-BL,SCN-BASELINE,WOCOMP-0025-021,WO-0025,BOMC-02-021,50,P-COMP-128,12,12,6,6,,LOT-P-COMP-128-A,EFFECTIVE
TEN-COOLIT-SYN-001,SITE-COOLIT-SYN-01,ERP,WORK_ORDER_COMPONENT,WOCOMP-0025-022,WOCOMP-0025-022,RESOLVED,2026-09-25T23:59:59-06:00,2026-09-26T08:00:00-06:00,2026-06-29T00:00:00-06:00,,1,,false,ACTIVE,EA,,VALID,CURRENT,coolit-synthetic-v2.0.0,ALL_SYNTHETIC_CUSTOMERS,ALL_SYNTHETIC_PROGRAMS,CFG-CPL-02,SYNTHETIC_INTERNAL,SNP-COOLIT-20260925-BL,SCN-BASELINE,WOCOMP-0025-022,WO-0025,BOMC-02-022,50,P-COMP-135,12,12,6,6,,LOT-P-COMP-135-A,EFFECTIVE
TEN-COOLIT-SYN-001,SITE-COOLIT-SYN-01,ERP,WORK_ORDER_COMPONENT,WOCOMP-0025-023,WOCOMP-0025-023,RESOLVED,2026-09-25T23:59:59-06:00,2026-09-26T08:00:00-06:00,2026-06-29T00:00:00-06:00,,1,,false,ACTIVE,EA,,VALID,CURRENT,coolit-synthetic-v2.0.0,ALL_SYNTHETIC_CUSTOMERS,ALL_SYNTHETIC_PROGRAMS,CFG-CPL-02,SYNTHETIC_INTERNAL,SNP-COOLIT-20260925-BL,SCN-BASELINE,WOCOMP-0025-023,WO-0025,BOMC-02-023,50,P-COMP-142,12,12,6,6,P-COMP-030,LOT-P-COMP-142-A,EFFECTIVE
TEN-COOLIT-SYN-001,SITE-COOLIT-SYN-01,ERP,WORK_ORDER_COMPONENT,WOCOMP-0025-024,WOCOMP-0025-024,RESOLVED,2026-09-25T23:59:59-06:00,2026-09-26T08:00:00-06:00,2026-06-29T00:00:00-06:00,,1,,false,ACTIVE,EA,,VALID,CURRENT,coolit-synthetic-v2.0.0,ALL_SYNTHETIC_CUSTOMERS,ALL_SYNTHETIC_PROGRAMS,CFG-CPL-02,SYNTHETIC_INTERNAL,SNP-COOLIT-20260925-BL,SCN-BASELINE,WOCOMP-0025-024,WO-0025,BOMC-02-024,50,P-COMP-149,12,12,6,6,,LOT-P-COMP-149-A,EFFECTIVE
TEN-COOLIT-SYN-001,SITE-COOLIT-SYN-01,ERP,WORK_ORDER_COMPONENT,WOCOMP-0025-025,WOCOMP-0025-025,RESOLVED,2026-09-25T23:59:59-06:00,2026-09-26T08:00:00-06:00,2026-06-29T00:00:00-06:00,,1,,false,ACTIVE,EA,,VALID,CURRENT,coolit-synthetic-v2.0.0,ALL_SYNTHETIC_CUSTOMERS,ALL_SYNTHETIC_PROGRAMS,CFG-CPL-02,SYNTHETIC_INTERNAL,SNP-COOLIT-20260925-BL,SCN-BASELINE,WOCOMP-0025-025,WO-0025,BOMC-02-025,50,P-COMP-156,12,12,6,6,,LOT-P-COMP-156-A,EFFECTIVE
TEN-COOLIT-SYN-001,SITE-COOLIT-SYN-01,ERP,WORK_ORDER_COMPONENT,WOCOMP-0025-026,WOCOMP-0025-026,RESOLVED,2026-09-25T23:59:59-06:00,2026-09-26T08:00:00-06:00,2026-06-29T00:00:00-06:00,,1,,false,ACTIVE,EA,,VALID,CURRENT,coolit-synthetic-v2.0.0,ALL_SYNTHETIC_CUSTOMERS,ALL_SYNTHETIC_PROGRAMS,CFG-CPL-02,SYNTHETIC_INTERNAL,SNP-COOLIT-20260925-BL,SCN-BASELINE,WOCOMP-0025-026,WO-0025,BOMC-02-026,60,P-COMP-163,12,12,6,6,,LOT-P-COMP-163-A,EFFECTIVE
TEN-COOLIT-SYN-001,SITE-COOLIT-SYN-01,ERP,WORK_ORDER_COMPONENT,WOCOMP-0025-027,WOCOMP-0025-027,RESOLVED,2026-09-25T23:59:59-06:00,2026-09-26T08:00:00-06:00,2026-06-29T00:00:00-06:00,,1,,false,ACTIVE,EA,,VALID,CURRENT,coolit-synthetic-v2.0.0,ALL_SYNTHETIC_CUSTOMERS,ALL_SYNTHETIC_PROGRAMS,CFG-CPL-02,SYNTHETIC_INTERNAL,SNP-COOLIT-20260925-BL,SCN-BASELINE,WOCOMP-0025-027,WO-0025,BOMC-02-027,60,P-COMP-170,12,12,6,6,,LOT-P-COMP-170-A,EFFECTIVE
TEN-COOLIT-SYN-001,SITE-COOLIT-SYN-01,ERP,WORK_ORDER_COMPONENT,WOCOMP-0025-028,WOCOMP-0025-028,RESOLVED,2026-09-25T23:59:59-06:00,2026-09-26T08:00:00-06:00,2026-06-29T00:00:00-06:00,,1,,false,ACTIVE,EA,,VALID,CURRENT,coolit-synthetic-v2.0.0,ALL_SYNTHETIC_CUSTOMERS,ALL_SYNTHETIC_PROGRAMS,CFG-CPL-02,SYNTHETIC_INTERNAL,SNP-COOLIT-20260925-BL,SCN-BASELINE,WOCOMP-0025-028,WO-0025,BOMC-02-028,60,P-COMP-177,24,24,13,11,,LOT-P-COMP-177-A,EFFECTIVE
TEN-COOLIT-SYN-001,SITE-COOLIT-SYN-01,ERP,WORK_ORDER_COMPONENT,WOCOMP-0025-029,WOCOMP-0025-029,RESOLVED,2026-09-25T23:59:59-06:00,2026-09-26T08:00:00-06:00,2026-06-29T00:00:00-06:00,,1,,false,ACTIVE,EA,,VALID,CURRENT,coolit-synthetic-v2.0.0,ALL_SYNTHETIC_CUSTOMERS,ALL_SYNTHETIC_PROGRAMS,CFG-CPL-02,SYNTHETIC_INTERNAL,SNP-COOLIT-20260925-BL,SCN-BASELINE,WOCOMP-0025-029,WO-0025,BOMC-02-029,60,P-COMP-184,12,12,6,6,,LOT-P-COMP-184-A,EFFECTIVE
TEN-COOLIT-SYN-001,SITE-COOLIT-SYN-01,ERP,WORK_ORDER_COMPONENT,WOCOMP-0025-030,WOCOMP-0025-030,RESOLVED,2026-09-25T23:59:59-06:00,2026-09-26T08:00:00-06:00,2026-06-29T00:00:00-06:00,,1,,false,ACTIVE,EA,,VALID,CURRENT,coolit-synthetic-v2.0.0,ALL_SYNTHETIC_CUSTOMERS,ALL_SYNTHETIC_PROGRAMS,CFG-CPL-02,SYNTHETIC_INTERNAL,SNP-COOLIT-20260925-BL,SCN-BASELINE,WOCOMP-0025-030,WO-0025,BOMC-02-030,60,P-COMP-191,12,12,6,6,,LOT-P-COMP-191-A,EFFECTIVE
TEN-COOLIT-SYN-001,SITE-COOLIT-SYN-01,ERP,WORK_ORDER_COMPONENT,WOCOMP-0026-001,WOCOMP-0026-001,RESOLVED,2026-09-25T23:59:59-06:00,2026-09-26T08:00:00-06:00,2026-06-29T00:00:00-06:00,,1,,false,ACTIVE,EA,,VALID,CURRENT,coolit-synthetic-v2.0.0,ALL_SYNTHETIC_CUSTOMERS,ALL_SYNTHETIC_PROGRAMS,CFG-CDU-01,SYNTHETIC_INTERNAL,SNP-COOLIT-20260925-BL,SCN-BASELINE,WOCOMP-0026-001,WO-0026,BOMC-09-001,10,P-COMP-107,36,36,19,17,P-COMP-009,LOT-P-COMP-107-A,EFFECTIVE
TEN-COOLIT-SYN-001,SITE-COOLIT-SYN-01,ERP,WORK_ORDER_COMPONENT,WOCOMP-0026-002,WOCOMP-0026-002,RESOLVED,2026-09-25T23:59:59-06:00,2026-09-26T08:00:00-06:00,2026-06-29T00:00:00-06:00,,1,,false,ACTIVE,EA,,VALID,CURRENT,coolit-synthetic-v2.0.0,ALL_SYNTHETIC_CUSTOMERS,ALL_SYNTHETIC_PROGRAMS,CFG-CDU-01,SYNTHETIC_INTERNAL,SNP-COOLIT-20260925-BL,SCN-BASELINE,WOCOMP-0026-002,WO-0026,BOMC-09-002,10,P-COMP-114,18,18,9,9,,LOT-P-COMP-114-A,EFFECTIVE
TEN-COOLIT-SYN-001,SITE-COOLIT-SYN-01,ERP,WORK_ORDER_COMPONENT,WOCOMP-0026-003,WOCOMP-0026-003,RESOLVED,2026-09-25T23:59:59-06:00,2026-09-26T08:00:00-06:00,2026-06-29T00:00:00-06:00,,1,,false,ACTIVE,EA,,VALID,CURRENT,coolit-synthetic-v2.0.0,ALL_SYNTHETIC_CUSTOMERS,ALL_SYNTHETIC_PROGRAMS,CFG-CDU-01,SYNTHETIC_INTERNAL,SNP-COOLIT-20260925-BL,SCN-BASELINE,WOCOMP-0026-003,WO-0026,BOMC-09-003,10,P-COMP-121,18,18,9,9,,LOT-P-COMP-121-A,EFFECTIVE
TEN-COOLIT-SYN-001,SITE-COOLIT-SYN-01,ERP,WORK_ORDER_COMPONENT,WOCOMP-0026-004,WOCOMP-0026-004,RESOLVED,2026-09-25T23:59:59-06:00,2026-09-26T08:00:00-06:00,2026-06-29T00:00:00-06:00,,1,,false,ACTIVE,EA,,VALID,CURRENT,coolit-synthetic-v2.0.0,ALL_SYNTHETIC_CUSTOMERS,ALL_SYNTHETIC_PROGRAMS,CFG-CDU-01,SYNTHETIC_INTERNAL,SNP-COOLIT-20260925-BL,SCN-BASELINE,WOCOMP-0026-004,WO-0026,BOMC-09-004,10,P-COMP-128,18,18,9,9,,LOT-P-COMP-128-A,EFFECTIVE
TEN-COOLIT-SYN-001,SITE-COOLIT-SYN-01,ERP,WORK_ORDER_COMPONENT,WOCOMP-0026-005,WOCOMP-0026-005,RESOLVED,2026-09-25T23:59:59-06:00,2026-09-26T08:00:00-06:00,2026-06-29T00:00:00-06:00,,1,,false,ACTIVE,EA,,VALID,CURRENT,coolit-synthetic-v2.0.0,ALL_SYNTHETIC_CUSTOMERS,ALL_SYNTHETIC_PROGRAMS,CFG-CDU-01,SYNTHETIC_INTERNAL,SNP-COOLIT-20260925-BL,SCN-BASELINE,WOCOMP-0026-005,WO-0026,BOMC-09-005,10,P-COMP-135,18,18,9,9,,LOT-P-COMP-135-A,EFFECTIVE
TEN-COOLIT-SYN-001,SITE-COOLIT-SYN-01,ERP,WORK_ORDER_COMPONENT,WOCOMP-0026-006,WOCOMP-0026-006,RESOLVED,2026-09-25T23:59:59-06:00,2026-09-26T08:00:00-06:00,2026-06-29T00:00:00-06:00,,1,,false,ACTIVE,EA,,VALID,CURRENT,coolit-synthetic-v2.0.0,ALL_SYNTHETIC_CUSTOMERS,ALL_SYNTHETIC_PROGRAMS,CFG-CDU-01,SYNTHETIC_INTERNAL,SNP-COOLIT-20260925-BL,SCN-BASELINE,WOCOMP-0026-006,WO-0026,BOMC-09-006,20,P-COMP-142,18,18,9,9,,LOT-P-COMP-142-A,EFFECTIVE
TEN-COOLIT-SYN-001,SITE-COOLIT-SYN-01,ERP,WORK_ORDER_COMPONENT,WOCOMP-0026-007,WOCOMP-0026-007,RESOLVED,2026-09-25T23:59:59-06:00,2026-09-26T08:00:00-06:00,2026-06-29T00:00:00-06:00,,1,,false,ACTIVE,EA,,VALID,CURRENT,coolit-synthetic-v2.0.0,ALL_SYNTHETIC_CUSTOMERS,ALL_SYNTHETIC_PROGRAMS,CFG-CDU-01,SYNTHETIC_INTERNAL,SNP-COOLIT-20260925-BL,SCN-BASELINE,WOCOMP-0026-007,WO-0026,BOMC-09-007,20,P-COMP-149,18,18,9,9,,LOT-P-COMP-149-A,EFFECTIVE
TEN-COOLIT-SYN-001,SITE-COOLIT-SYN-01,ERP,WORK_ORDER_COMPONENT,WOCOMP-0026-008,WOCOMP-0026-008,RESOLVED,2026-09-25T23:59:59-06:00,2026-09-26T08:00:00-06:00,2026-06-29T00:00:00-06:00,,1,,false,ACTIVE,EA,,VALID,CURRENT,coolit-synthetic-v2.0.0,ALL_SYNTHETIC_CUSTOMERS,ALL_SYNTHETIC_PROGRAMS,CFG-CDU-01,SYNTHETIC_INTERNAL,SNP-COOLIT-20260925-BL,SCN-BASELINE,WOCOMP-0026-008,WO-0026,BOMC-09-008,20,P-COMP-156,18,18,9,9,,LOT-P-COMP-156-A,EFFECTIVE
TEN-COOLIT-SYN-001,SITE-COOLIT-SYN-01,ERP,WORK_ORDER_COMPONENT,WOCOMP-0026-009,WOCOMP-0026-009,RESOLVED,2026-09-25T23:59:59-06:00,2026-09-26T08:00:00-06:00,2026-06-29T00:00:00-06:00,,1,,false,ACTIVE,EA,,VALID,CURRENT,coolit-synthetic-v2.0.0,ALL_SYNTHETIC_CUSTOMERS,ALL_SYNTHETIC_PROGRAMS,CFG-CDU-01,SYNTHETIC_INTERNAL,SNP-COOLIT-20260925-BL,SCN-BASELINE,WOCOMP-0026-009,WO-0026,BOMC-09-009,20,P-COMP-163,18,18,9,9,,LOT-P-COMP-163-A,EFFECTIVE
TEN-COOLIT-SYN-001,SITE-COOLIT-SYN-01,ERP,WORK_ORDER_COMPONENT,WOCOMP-0026-010,WOCOMP-0026-010,RESOLVED,2026-09-25T23:59:59-06:00,2026-09-26T08:00:00-06:00,2026-06-29T00:00:00-06:00,,1,,false,ACTIVE,EA,,VALID,CURRENT,coolit-synthetic-v2.0.0,ALL_SYNTHETIC_CUSTOMERS,ALL_SYNTHETIC_PROGRAMS,CFG-CDU-01,SYNTHETIC_INTERNAL,SNP-COOLIT-20260925-BL,SCN-BASELINE,WOCOMP-0026-010,WO-0026,BOMC-09-010,20,P-COMP-170,36,36,19,17,,LOT-P-COMP-170-A,EFFECTIVE
TEN-COOLIT-SYN-001,SITE-COOLIT-SYN-01,ERP,WORK_ORDER_COMPONENT,WOCOMP-0026-011,WOCOMP-0026-011,RESOLVED,2026-09-25T23:59:59-06:00,2026-09-26T08:00:00-06:00,2026-06-29T00:00:00-06:00,,1,,false,ACTIVE,EA,,VALID,CURRENT,coolit-synthetic-v2.0.0,ALL_SYNTHETIC_CUSTOMERS,ALL_SYNTHETIC_PROGRAMS,CFG-CDU-01,SYNTHETIC_INTERNAL,SNP-COOLIT-20260925-BL,SCN-BASELINE,WOCOMP-0026-011,WO-0026,BOMC-09-011,30,P-COMP-177,18,18,9,9,,LOT-P-COMP-177-A,EFFECTIVE
TEN-COOLIT-SYN-001,SITE-COOLIT-SYN-01,ERP,WORK_ORDER_COMPONENT,WOCOMP-0026-012,WOCOMP-0026-012,RESOLVED,2026-09-25T23:59:59-06:00,2026-09-26T08:00:00-06:00,2026-06-29T00:00:00-06:00,,1,,false,ACTIVE,EA,,VALID,CURRENT,coolit-synthetic-v2.0.0,ALL_SYNTHETIC_CUSTOMERS,ALL_SYNTHETIC_PROGRAMS,CFG-CDU-01,SYNTHETIC_INTERNAL,SNP-COOLIT-20260925-BL,SCN-BASELINE,WOCOMP-0026-012,WO-0026,BOMC-09-012,30,P-COMP-184,18,18,9,9,P-COMP-020,LOT-P-COMP-184-A,EFFECTIVE
TEN-COOLIT-SYN-001,SITE-COOLIT-SYN-01,ERP,WORK_ORDER_COMPONENT,WOCOMP-0026-013,WOCOMP-0026-013,RESOLVED,2026-09-25T23:59:59-06:00,2026-09-26T08:00:00-06:00,2026-06-29T00:00:00-06:00,,1,,false,ACTIVE,EA,,VALID,CURRENT,coolit-synthetic-v2.0.0,ALL_SYNTHETIC_CUSTOMERS,ALL_SYNTHETIC_PROGRAMS,CFG-CDU-01,SYNTHETIC_INTERNAL,SNP-COOLIT-20260925-BL,SCN-BASELINE,WOCOMP-0026-013,WO-0026,BOMC-09-013,30,P-COMP-191,18,18,9,9,,LOT-P-COMP-191-A,EFFECTIVE
TEN-COOLIT-SYN-001,SITE-COOLIT-SYN-01,ERP,WORK_ORDER_COMPONENT,WOCOMP-0026-014,WOCOMP-0026-014,RESOLVED,2026-09-25T23:59:59-06:00,2026-09-26T08:00:00-06:00,2026-06-29T00:00:00-06:00,,1,,false,ACTIVE,EA,,VALID,CURRENT,coolit-synthetic-v2.0.0,ALL_SYNTHETIC_CUSTOMERS,ALL_SYNTHETIC_PROGRAMS,CFG-CDU-01,SYNTHETIC_INTERNAL,SNP-COOLIT-20260925-BL,SCN-BASELINE,WOCOMP-0026-014,WO-0026,BOMC-09-014,30,P-COMP-198,18,18,9,9,,LOT-P-COMP-198-A,EFFECTIVE
TEN-COOLIT-SYN-001,SITE-COOLIT-SYN-01,ERP,WORK_ORDER_COMPONENT,WOCOMP-0026-015,WOCOMP-0026-015,RESOLVED,2026-09-25T23:59:59-06:00,2026-09-26T08:00:00-06:00,2026-06-29T00:00:00-06:00,,1,,false,ACTIVE,EA,,VALID,CURRENT,coolit-synthetic-v2.0.0,ALL_SYNTHETIC_CUSTOMERS,ALL_SYNTHETIC_PROGRAMS,CFG-CDU-01,SYNTHETIC_INTERNAL,SNP-COOLIT-20260925-BL,SCN-BASELINE,WOCOMP-0026-015,WO-0026,BOMC-09-015,30,P-COMP-205,18,18,9,9,,LOT-P-COMP-205-A,EFFECTIVE
TEN-COOLIT-SYN-001,SITE-COOLIT-SYN-01,ERP,WORK_ORDER_COMPONENT,WOCOMP-0026-016,WOCOMP-0026-016,RESOLVED,2026-09-25T23:59:59-06:00,2026-09-26T08:00:00-06:00,2026-06-29T00:00:00-06:00,,1,,false,ACTIVE,EA,,VALID,CURRENT,coolit-synthetic-v2.0.0,ALL_SYNTHETIC_CUSTOMERS,ALL_SYNTHETIC_PROGRAMS,CFG-CDU-01,SYNTHETIC_INTERNAL,SNP-COOLIT-20260925-BL,SCN-BASELINE,WOCOMP-0026-016,WO-0026,BOMC-09-016,40,P-QD-004,18,18,9,9,,LOT-P-QD-004-A,EFFECTIVE
TEN-COOLIT-SYN-001,SITE-COOLIT-SYN-01,ERP,WORK_ORDER_COMPONENT,WOCOMP-0026-017,WOCOMP-0026-017,RESOLVED,2026-09-25T23:59:59-06:00,2026-09-26T08:00:00-06:00,2026-06-29T00:00:00-06:00,,1,,false,ACTIVE,EA,,VALID,CURRENT,coolit-synthetic-v2.0.0,ALL_SYNTHETIC_CUSTOMERS,ALL_SYNTHETIC_PROGRAMS,CFG-CDU-01,SYNTHETIC_INTERNAL,SNP-COOLIT-20260925-BL,SCN-BASELINE,WOCOMP-0026-017,WO-0026,BOMC-09-017,40,P-PUMP-001,18,18,9,9,,LOT-P-PUMP-001-A,EFFECTIVE
TEN-COOLIT-SYN-001,SITE-COOLIT-SYN-01,ERP,WORK_ORDER_COMPONENT,WOCOMP-0026-018,WOCOMP-0026-018,RESOLVED,2026-09-25T23:59:59-06:00,2026-09-26T08:00:00-06:00,2026-06-29T00:00:00-06:00,,1,,false,ACTIVE,EA,,VALID,CURRENT,coolit-synthetic-v2.0.0,ALL_SYNTHETIC_CUSTOMERS,ALL_SYNTHETIC_PROGRAMS,CFG-CDU-01,SYNTHETIC_INTERNAL,SNP-COOLIT-20260925-BL,SCN-BASELINE,WOCOMP-0026-018,WO-0026,BOMC-09-018,40,P-PUMP-008,18,18,9,9,,LOT-P-PUMP-008-A,EFFECTIVE
TEN-COOLIT-SYN-001,SITE-COOLIT-SYN-01,ERP,WORK_ORDER_COMPONENT,WOCOMP-0026-019,WOCOMP-0026-019,RESOLVED,2026-09-25T23:59:59-06:00,2026-09-26T08:00:00-06:00,2026-06-29T00:00:00-06:00,,1,,false,ACTIVE,EA,,VALID,CURRENT,coolit-synthetic-v2.0.0,ALL_SYNTHETIC_CUSTOMERS,ALL_SYNTHETIC_PROGRAMS,CFG-CDU-01,SYNTHETIC_INTERNAL,SNP-COOLIT-20260925-BL,SCN-BASELINE,WOCOMP-0026-019,WO-0026,BOMC-09-019,40,P-CTRL-001,36,36,19,17,,LOT-P-CTRL-001-A,EFFECTIVE
TEN-COOLIT-SYN-001,SITE-COOLIT-SYN-01,ERP,WORK_ORDER_COMPONENT,WOCOMP-0026-020,WOCOMP-0026-020,RESOLVED,2026-09-25T23:59:59-06:00,2026-09-26T08:00:00-06:00,2026-06-29T00:00:00-06:00,,1,,false,ACTIVE,EA,,VALID,CURRENT,coolit-synthetic-v2.0.0,ALL_SYNTHETIC_CUSTOMERS,ALL_SYNTHETIC_PROGRAMS,CFG-CDU-01,SYNTHETIC_INTERNAL,SNP-COOLIT-20260925-BL,SCN-BASELINE,WOCOMP-0026-020,WO-0026,BOMC-09-020,40,P-COMP-002,18,18,9,9,,LOT-P-COMP-002-A,EFFECTIVE
TEN-COOLIT-SYN-001,SITE-COOLIT-SYN-01,ERP,WORK_ORDER_COMPONENT,WOCOMP-0026-021,WOCOMP-0026-021,RESOLVED,2026-09-25T23:59:59-06:00,2026-09-26T08:00:00-06:00,2026-06-29T00:00:00-06:00,,1,,false,ACTIVE,EA,,VALID,CURRENT,coolit-synthetic-v2.0.0,ALL_SYNTHETIC_CUSTOMERS,ALL_SYNTHETIC_PROGRAMS,CFG-CDU-01,SYNTHETIC_INTERNAL,SNP-COOLIT-20260925-BL,SCN-BASELINE,WOCOMP-0026-021,WO-0026,BOMC-09-021,50,P-COMP-009,18,18,9,9,,LOT-P-COMP-009-A,EFFECTIVE
TEN-COOLIT-SYN-001,SITE-COOLIT-SYN-01,ERP,WORK_ORDER_COMPONENT,WOCOMP-0026-022,WOCOMP-0026-022,RESOLVED,2026-09-25T23:59:59-06:00,2026-09-26T08:00:00-06:00,2026-06-29T00:00:00-06:00,,1,,false,ACTIVE,EA,,VALID,CURRENT,coolit-synthetic-v2.0.0,ALL_SYNTHETIC_CUSTOMERS,ALL_SYNTHETIC_PROGRAMS,CFG-CDU-01,SYNTHETIC_INTERNAL,SNP-COOLIT-20260925-BL,SCN-BASELINE,WOCOMP-0026-022,WO-0026,BOMC-09-022,50,P-COMP-016,18,18,9,9,,LOT-P-COMP-016-A,EFFECTIVE
TEN-COOLIT-SYN-001,SITE-COOLIT-SYN-01,ERP,WORK_ORDER_COMPONENT,WOCOMP-0026-023,WOCOMP-0026-023,RESOLVED,2026-09-25T23:59:59-06:00,2026-09-26T08:00:00-06:00,2026-06-29T00:00:00-06:00,,1,,false,ACTIVE,EA,,VALID,CURRENT,coolit-synthetic-v2.0.0,ALL_SYNTHETIC_CUSTOMERS,ALL_SYNTHETIC_PROGRAMS,CFG-CDU-01,SYNTHETIC_INTERNAL,SNP-COOLIT-20260925-BL,SCN-BASELINE,WOCOMP-0026-023,WO-0026,BOMC-09-023,50,P-COMP-023,18,18,9,9,P-COMP-031,LOT-P-COMP-023-A,EFFECTIVE
TEN-COOLIT-SYN-001,SITE-COOLIT-SYN-01,ERP,WORK_ORDER_COMPONENT,WOCOMP-0026-024,WOCOMP-0026-024,RESOLVED,2026-09-25T23:59:59-06:00,2026-09-26T08:00:00-06:00,2026-06-29T00:00:00-06:00,,1,,false,ACTIVE,EA,,VALID,CURRENT,coolit-synthetic-v2.0.0,ALL_SYNTHETIC_CUSTOMERS,ALL_SYNTHETIC_PROGRAMS,CFG-CDU-01,SYNTHETIC_INTERNAL,SNP-COOLIT-20260925-BL,SCN-BASELINE,WOCOMP-0026-024,WO-0026,BOMC-09-024,50,P-COMP-030,18,18,9,9,,LOT-P-COMP-030-A,EFFECTIVE
TEN-COOLIT-SYN-001,SITE-COOLIT-SYN-01,ERP,WORK_ORDER_COMPONENT,WOCOMP-0026-025,WOCOMP-0026-025,RESOLVED,2026-09-25T23:59:59-06:00,2026-09-26T08:00:00-06:00,2026-06-29T00:00:00-06:00,,1,,false,ACTIVE,EA,,VALID,CURRENT,coolit-synthetic-v2.0.0,ALL_SYNTHETIC_CUSTOMERS,ALL_SYNTHETIC_PROGRAMS,CFG-CDU-01,SYNTHETIC_INTERNAL,SNP-COOLIT-20260925-BL,SCN-BASELINE,WOCOMP-0026-025,WO-0026,BOMC-09-025,50,P-COMP-037,18,18,9,9,,LOT-P-COMP-037-A,EFFECTIVE
TEN-COOLIT-SYN-001,SITE-COOLIT-SYN-01,ERP,WORK_ORDER_COMPONENT,WOCOMP-0026-026,WOCOMP-0026-026,RESOLVED,2026-09-25T23:59:59-06:00,2026-09-26T08:00:00-06:00,2026-06-29T00:00:00-06:00,,1,,false,ACTIVE,EA,,VALID,CURRENT,coolit-synthetic-v2.0.0,ALL_SYNTHETIC_CUSTOMERS,ALL_SYNTHETIC_PROGRAMS,CFG-CDU-01,SYNTHETIC_INTERNAL,SNP-COOLIT-20260925-BL,SCN-BASELINE,WOCOMP-0026-026,WO-0026,BOMC-09-026,60,P-COMP-044,18,18,9,9,,LOT-P-COMP-044-A,EFFECTIVE
TEN-COOLIT-SYN-001,SITE-COOLIT-SYN-01,ERP,WORK_ORDER_COMPONENT,WOCOMP-0026-027,WOCOMP-0026-027,RESOLVED,2026-09-25T23:59:59-06:00,2026-09-26T08:00:00-06:00,2026-06-29T00:00:00-06:00,,1,,false,ACTIVE,EA,,VALID,CURRENT,coolit-synthetic-v2.0.0,ALL_SYNTHETIC_CUSTOMERS,ALL_SYNTHETIC_PROGRAMS,CFG-CDU-01,SYNTHETIC_INTERNAL,SNP-COOLIT-20260925-BL,SCN-BASELINE,WOCOMP-0026-027,WO-0026,BOMC-09-027,60,P-COMP-051,18,18,9,9,,LOT-P-COMP-051-A,EFFECTIVE
TEN-COOLIT-SYN-001,SITE-COOLIT-SYN-01,ERP,WORK_ORDER_COMPONENT,WOCOMP-0026-028,WOCOMP-0026-028,RESOLVED,2026-09-25T23:59:59-06:00,2026-09-26T08:00:00-06:00,2026-06-29T00:00:00-06:00,,1,,false,ACTIVE,EA,,VALID,CURRENT,coolit-synthetic-v2.0.0,ALL_SYNTHETIC_CUSTOMERS,ALL_SYNTHETIC_PROGRAMS,CFG-CDU-01,SYNTHETIC_INTERNAL,SNP-COOLIT-20260925-BL,SCN-BASELINE,WOCOMP-0026-028,WO-0026,BOMC-09-028,60,P-COMP-058,36,36,19,17,,LOT-P-COMP-058-A,EFFECTIVE
TEN-COOLIT-SYN-001,SITE-COOLIT-SYN-01,ERP,WORK_ORDER_COMPONENT,WOCOMP-0026-029,WOCOMP-0026-029,RESOLVED,2026-09-25T23:59:59-06:00,2026-09-26T08:00:00-06:00,2026-06-29T00:00:00-06:00,,1,,false,ACTIVE,EA,,VALID,CURRENT,coolit-synthetic-v2.0.0,ALL_SYNTHETIC_CUSTOMERS,ALL_SYNTHETIC_PROGRAMS,CFG-CDU-01,SYNTHETIC_INTERNAL,SNP-COOLIT-20260925-BL,SCN-BASELINE,WOCOMP-0026-029,WO-0026,BOMC-09-029,60,P-COMP-065,18,18,9,9,,LOT-P-COMP-065-A,EFFECTIVE
TEN-COOLIT-SYN-001,SITE-COOLIT-SYN-01,ERP,WORK_ORDER_COMPONENT,WOCOMP-0026-030,WOCOMP-0026-030,RESOLVED,2026-09-25T23:59:59-06:00,2026-09-26T08:00:00-06:00,2026-06-29T00:00:00-06:00,,1,,false,ACTIVE,EA,,VALID,CURRENT,coolit-synthetic-v2.0.0,ALL_SYNTHETIC_CUSTOMERS,ALL_SYNTHETIC_PROGRAMS,CFG-CDU-01,SYNTHETIC_INTERNAL,SNP-COOLIT-20260925-BL,SCN-BASELINE,WOCOMP-0026-030,WO-0026,BOMC-09-030,60,P-COMP-072,18,18,9,9,,LOT-P-COMP-072-A,EFFECTIVE
TEN-COOLIT-SYN-001,SITE-COOLIT-SYN-01,ERP,WORK_ORDER_COMPONENT,WOCOMP-0027-001,WOCOMP-0027-001,RESOLVED,2026-09-25T23:59:59-06:00,2026-09-26T08:00:00-06:00,2026-06-29T00:00:00-06:00,,1,,false,ACTIVE,EA,,VALID,CURRENT,coolit-synthetic-v2.0.0,ALL_SYNTHETIC_CUSTOMERS,ALL_SYNTHETIC_PROGRAMS,CFG-CPL-04,SYNTHETIC_INTERNAL,SNP-COOLIT-20260925-BL,SCN-BASELINE,WOCOMP-0027-001,WO-0027,BOMC-04-001,10,P-COMP-022,48,33,0,48,P-COMP-010,,EFFECTIVE
TEN-COOLIT-SYN-001,SITE-COOLIT-SYN-01,ERP,WORK_ORDER_COMPONENT,WOCOMP-0027-002,WOCOMP-0027-002,RESOLVED,2026-09-25T23:59:59-06:00,2026-09-26T08:00:00-06:00,2026-06-29T00:00:00-06:00,,1,,false,ACTIVE,EA,,VALID,CURRENT,coolit-synthetic-v2.0.0,ALL_SYNTHETIC_CUSTOMERS,ALL_SYNTHETIC_PROGRAMS,CFG-CPL-04,SYNTHETIC_INTERNAL,SNP-COOLIT-20260925-BL,SCN-BASELINE,WOCOMP-0027-002,WO-0027,BOMC-04-002,10,P-COMP-029,24,16,0,24,,,EFFECTIVE
TEN-COOLIT-SYN-001,SITE-COOLIT-SYN-01,ERP,WORK_ORDER_COMPONENT,WOCOMP-0027-003,WOCOMP-0027-003,RESOLVED,2026-09-25T23:59:59-06:00,2026-09-26T08:00:00-06:00,2026-06-29T00:00:00-06:00,,1,,false,ACTIVE,EA,,VALID,CURRENT,coolit-synthetic-v2.0.0,ALL_SYNTHETIC_CUSTOMERS,ALL_SYNTHETIC_PROGRAMS,CFG-CPL-04,SYNTHETIC_INTERNAL,SNP-COOLIT-20260925-BL,SCN-BASELINE,WOCOMP-0027-003,WO-0027,BOMC-04-003,10,P-COMP-036,24,16,0,24,,,EFFECTIVE
TEN-COOLIT-SYN-001,SITE-COOLIT-SYN-01,ERP,WORK_ORDER_COMPONENT,WOCOMP-0027-004,WOCOMP-0027-004,RESOLVED,2026-09-25T23:59:59-06:00,2026-09-26T08:00:00-06:00,2026-06-29T00:00:00-06:00,,1,,false,ACTIVE,EA,,VALID,CURRENT,coolit-synthetic-v2.0.0,ALL_SYNTHETIC_CUSTOMERS,ALL_SYNTHETIC_PROGRAMS,CFG-CPL-04,SYNTHETIC_INTERNAL,SNP-COOLIT-20260925-BL,SCN-BASELINE,WOCOMP-0027-004,WO-0027,BOMC-04-004,10,P-COMP-043,24,16,0,24,,,EFFECTIVE
TEN-COOLIT-SYN-001,SITE-COOLIT-SYN-01,ERP,WORK_ORDER_COMPONENT,WOCOMP-0027-005,WOCOMP-0027-005,RESOLVED,2026-09-25T23:59:59-06:00,2026-09-26T08:00:00-06:00,2026-06-29T00:00:00-06:00,,1,,false,ACTIVE,EA,,VALID,CURRENT,coolit-synthetic-v2.0.0,ALL_SYNTHETIC_CUSTOMERS,ALL_SYNTHETIC_PROGRAMS,CFG-CPL-04,SYNTHETIC_INTERNAL,SNP-COOLIT-20260925-BL,SCN-BASELINE,WOCOMP-0027-005,WO-0027,BOMC-04-005,10,P-COMP-050,24,16,0,24,,,EFFECTIVE
TEN-COOLIT-SYN-001,SITE-COOLIT-SYN-01,ERP,WORK_ORDER_COMPONENT,WOCOMP-0027-006,WOCOMP-0027-006,RESOLVED,2026-09-25T23:59:59-06:00,2026-09-26T08:00:00-06:00,2026-06-29T00:00:00-06:00,,1,,false,ACTIVE,EA,,VALID,CURRENT,coolit-synthetic-v2.0.0,ALL_SYNTHETIC_CUSTOMERS,ALL_SYNTHETIC_PROGRAMS,CFG-CPL-04,SYNTHETIC_INTERNAL,SNP-COOLIT-20260925-BL,SCN-BASELINE,WOCOMP-0027-006,WO-0027,BOMC-04-006,20,P-COMP-057,24,16,0,24,,,EFFECTIVE
TEN-COOLIT-SYN-001,SITE-COOLIT-SYN-01,ERP,WORK_ORDER_COMPONENT,WOCOMP-0027-007,WOCOMP-0027-007,RESOLVED,2026-09-25T23:59:59-06:00,2026-09-26T08:00:00-06:00,2026-06-29T00:00:00-06:00,,1,,false,ACTIVE,EA,,VALID,CURRENT,coolit-synthetic-v2.0.0,ALL_SYNTHETIC_CUSTOMERS,ALL_SYNTHETIC_PROGRAMS,CFG-CPL-04,SYNTHETIC_INTERNAL,SNP-COOLIT-20260925-BL,SCN-BASELINE,WOCOMP-0027-007,WO-0027,BOMC-04-007,20,P-COMP-064,24,16,0,24,,,EFFECTIVE
TEN-COOLIT-SYN-001,SITE-COOLIT-SYN-01,ERP,WORK_ORDER_COMPONENT,WOCOMP-0027-008,WOCOMP-0027-008,RESOLVED,2026-09-25T23:59:59-06:00,2026-09-26T08:00:00-06:00,2026-06-29T00:00:00-06:00,,1,,false,ACTIVE,EA,,VALID,CURRENT,coolit-synthetic-v2.0.0,ALL_SYNTHETIC_CUSTOMERS,ALL_SYNTHETIC_PROGRAMS,CFG-CPL-04,SYNTHETIC_INTERNAL,SNP-COOLIT-20260925-BL,SCN-BASELINE,WOCOMP-0027-008,WO-0027,BOMC-04-008,20,P-COMP-071,24,16,0,24,,,EFFECTIVE
TEN-COOLIT-SYN-001,SITE-COOLIT-SYN-01,ERP,WORK_ORDER_COMPONENT,WOCOMP-0027-009,WOCOMP-0027-009,RESOLVED,2026-09-25T23:59:59-06:00,2026-09-26T08:00:00-06:00,2026-06-29T00:00:00-06:00,,1,,false,ACTIVE,EA,,VALID,CURRENT,coolit-synthetic-v2.0.0,ALL_SYNTHETIC_CUSTOMERS,ALL_SYNTHETIC_PROGRAMS,CFG-CPL-04,SYNTHETIC_INTERNAL,SNP-COOLIT-20260925-BL,SCN-BASELINE,WOCOMP-0027-009,WO-0027,BOMC-04-009,20,P-COMP-078,24,16,0,24,,,EFFECTIVE
TEN-COOLIT-SYN-001,SITE-COOLIT-SYN-01,ERP,WORK_ORDER_COMPONENT,WOCOMP-0027-010,WOCOMP-0027-010,RESOLVED,2026-09-25T23:59:59-06:00,2026-09-26T08:00:00-06:00,2026-06-29T00:00:00-06:00,,1,,false,ACTIVE,EA,,VALID,CURRENT,coolit-synthetic-v2.0.0,ALL_SYNTHETIC_CUSTOMERS,ALL_SYNTHETIC_PROGRAMS,CFG-CPL-04,SYNTHETIC_INTERNAL,SNP-COOLIT-20260925-BL,SCN-BASELINE,WOCOMP-0027-010,WO-0027,BOMC-04-010,20,P-COMP-085,48,33,0,48,,,EFFECTIVE
TEN-COOLIT-SYN-001,SITE-COOLIT-SYN-01,ERP,WORK_ORDER_COMPONENT,WOCOMP-0027-011,WOCOMP-0027-011,RESOLVED,2026-09-25T23:59:59-06:00,2026-09-26T08:00:00-06:00,2026-06-29T00:00:00-06:00,,1,,false,ACTIVE,EA,,VALID,CURRENT,coolit-synthetic-v2.0.0,ALL_SYNTHETIC_CUSTOMERS,ALL_SYNTHETIC_PROGRAMS,CFG-CPL-04,SYNTHETIC_INTERNAL,SNP-COOLIT-20260925-BL,SCN-BASELINE,WOCOMP-0027-011,WO-0027,BOMC-04-011,30,P-COMP-092,24,16,0,24,,,EFFECTIVE
TEN-COOLIT-SYN-001,SITE-COOLIT-SYN-01,ERP,WORK_ORDER_COMPONENT,WOCOMP-0027-012,WOCOMP-0027-012,RESOLVED,2026-09-25T23:59:59-06:00,2026-09-26T08:00:00-06:00,2026-06-29T00:00:00-06:00,,1,,false,ACTIVE,EA,,VALID,CURRENT,coolit-synthetic-v2.0.0,ALL_SYNTHETIC_CUSTOMERS,ALL_SYNTHETIC_PROGRAMS,CFG-CPL-04,SYNTHETIC_INTERNAL,SNP-COOLIT-20260925-BL,SCN-BASELINE,WOCOMP-0027-012,WO-0027,BOMC-04-012,30,P-COMP-099,24,16,0,24,P-COMP-021,,EFFECTIVE
TEN-COOLIT-SYN-001,SITE-COOLIT-SYN-01,ERP,WORK_ORDER_COMPONENT,WOCOMP-0027-013,WOCOMP-0027-013,RESOLVED,2026-09-25T23:59:59-06:00,2026-09-26T08:00:00-06:00,2026-06-29T00:00:00-06:00,,1,,false,ACTIVE,EA,,VALID,CURRENT,coolit-synthetic-v2.0.0,ALL_SYNTHETIC_CUSTOMERS,ALL_SYNTHETIC_PROGRAMS,CFG-CPL-04,SYNTHETIC_INTERNAL,SNP-COOLIT-20260925-BL,SCN-BASELINE,WOCOMP-0027-013,WO-0027,BOMC-04-013,30,P-COMP-106,24,16,0,24,,,EFFECTIVE
TEN-COOLIT-SYN-001,SITE-COOLIT-SYN-01,ERP,WORK_ORDER_COMPONENT,WOCOMP-0027-014,WOCOMP-0027-014,RESOLVED,2026-09-25T23:59:59-06:00,2026-09-26T08:00:00-06:00,2026-06-29T00:00:00-06:00,,1,,false,ACTIVE,EA,,VALID,CURRENT,coolit-synthetic-v2.0.0,ALL_SYNTHETIC_CUSTOMERS,ALL_SYNTHETIC_PROGRAMS,CFG-CPL-04,SYNTHETIC_INTERNAL,SNP-COOLIT-20260925-BL,SCN-BASELINE,WOCOMP-0027-014,WO-0027,BOMC-04-014,30,P-COMP-113,24,16,0,24,,,EFFECTIVE
TEN-COOLIT-SYN-001,SITE-COOLIT-SYN-01,ERP,WORK_ORDER_COMPONENT,WOCOMP-0027-015,WOCOMP-0027-015,RESOLVED,2026-09-25T23:59:59-06:00,2026-09-26T08:00:00-06:00,2026-06-29T00:00:00-06:00,,1,,false,ACTIVE,EA,,VALID,CURRENT,coolit-synthetic-v2.0.0,ALL_SYNTHETIC_CUSTOMERS,ALL_SYNTHETIC_PROGRAMS,CFG-CPL-04,SYNTHETIC_INTERNAL,SNP-COOLIT-20260925-BL,SCN-BASELINE,WOCOMP-0027-015,WO-0027,BOMC-04-015,30,P-COMP-120,24,16,0,24,,,EFFECTIVE
TEN-COOLIT-SYN-001,SITE-COOLIT-SYN-01,ERP,WORK_ORDER_COMPONENT,WOCOMP-0027-016,WOCOMP-0027-016,RESOLVED,2026-09-25T23:59:59-06:00,2026-09-26T08:00:00-06:00,2026-06-29T00:00:00-06:00,,1,,false,ACTIVE,EA,,VALID,CURRENT,coolit-synthetic-v2.0.0,ALL_SYNTHETIC_CUSTOMERS,ALL_SYNTHETIC_PROGRAMS,CFG-CPL-04,SYNTHETIC_INTERNAL,SNP-COOLIT-20260925-BL,SCN-BASELINE,WOCOMP-0027-016,WO-0027,BOMC-04-016,40,P-COMP-127,24,16,0,24,,,EFFECTIVE
TEN-COOLIT-SYN-001,SITE-COOLIT-SYN-01,ERP,WORK_ORDER_COMPONENT,WOCOMP-0027-017,WOCOMP-0027-017,RESOLVED,2026-09-25T23:59:59-06:00,2026-09-26T08:00:00-06:00,2026-06-29T00:00:00-06:00,,1,,false,ACTIVE,EA,,VALID,CURRENT,coolit-synthetic-v2.0.0,ALL_SYNTHETIC_CUSTOMERS,ALL_SYNTHETIC_PROGRAMS,CFG-CPL-04,SYNTHETIC_INTERNAL,SNP-COOLIT-20260925-BL,SCN-BASELINE,WOCOMP-0027-017,WO-0027,BOMC-04-017,40,P-COMP-134,24,16,0,24,,,EFFECTIVE
TEN-COOLIT-SYN-001,SITE-COOLIT-SYN-01,ERP,WORK_ORDER_COMPONENT,WOCOMP-0027-018,WOCOMP-0027-018,RESOLVED,2026-09-25T23:59:59-06:00,2026-09-26T08:00:00-06:00,2026-06-29T00:00:00-06:00,,1,,false,ACTIVE,EA,,VALID,CURRENT,coolit-synthetic-v2.0.0,ALL_SYNTHETIC_CUSTOMERS,ALL_SYNTHETIC_PROGRAMS,CFG-CPL-04,SYNTHETIC_INTERNAL,SNP-COOLIT-20260925-BL,SCN-BASELINE,WOCOMP-0027-018,WO-0027,BOMC-04-018,40,P-COMP-141,24,16,0,24,,,EFFECTIVE
TEN-COOLIT-SYN-001,SITE-COOLIT-SYN-01,ERP,WORK_ORDER_COMPONENT,WOCOMP-0027-019,WOCOMP-0027-019,RESOLVED,2026-09-25T23:59:59-06:00,2026-09-26T08:00:00-06:00,2026-06-29T00:00:00-06:00,,1,,false,ACTIVE,EA,,VALID,CURRENT,coolit-synthetic-v2.0.0,ALL_SYNTHETIC_CUSTOMERS,ALL_SYNTHETIC_PROGRAMS,CFG-CPL-04,SYNTHETIC_INTERNAL,SNP-COOLIT-20260925-BL,SCN-BASELINE,WOCOMP-0027-019,WO-0027,BOMC-04-019,40,P-COMP-148,48,33,0,48,,,EFFECTIVE
TEN-COOLIT-SYN-001,SITE-COOLIT-SYN-01,ERP,WORK_ORDER_COMPONENT,WOCOMP-0027-020,WOCOMP-0027-020,RESOLVED,2026-09-25T23:59:59-06:00,2026-09-26T08:00:00-06:00,2026-06-29T00:00:00-06:00,,1,,false,ACTIVE,EA,,VALID,CURRENT,coolit-synthetic-v2.0.0,ALL_SYNTHETIC_CUSTOMERS,ALL_SYNTHETIC_PROGRAMS,CFG-CPL-04,SYNTHETIC_INTERNAL,SNP-COOLIT-20260925-BL,SCN-BASELINE,WOCOMP-0027-020,WO-0027,BOMC-04-020,40,P-COMP-155,24,16,0,24,,,EFFECTIVE
TEN-COOLIT-SYN-001,SITE-COOLIT-SYN-01,ERP,WORK_ORDER_COMPONENT,WOCOMP-0027-021,WOCOMP-0027-021,RESOLVED,2026-09-25T23:59:59-06:00,2026-09-26T08:00:00-06:00,2026-06-29T00:00:00-06:00,,1,,false,ACTIVE,EA,,VALID,CURRENT,coolit-synthetic-v2.0.0,ALL_SYNTHETIC_CUSTOMERS,ALL_SYNTHETIC_PROGRAMS,CFG-CPL-04,SYNTHETIC_INTERNAL,SNP-COOLIT-20260925-BL,SCN-BASELINE,WOCOMP-0027-021,WO-0027,BOMC-04-021,50,P-COMP-162,24,16,0,24,,,EFFECTIVE
TEN-COOLIT-SYN-001,SITE-COOLIT-SYN-01,ERP,WORK_ORDER_COMPONENT,WOCOMP-0027-022,WOCOMP-0027-022,RESOLVED,2026-09-25T23:59:59-06:00,2026-09-26T08:00:00-06:00,2026-06-29T00:00:00-06:00,,1,,false,ACTIVE,EA,,VALID,CURRENT,coolit-synthetic-v2.0.0,ALL_SYNTHETIC_CUSTOMERS,ALL_SYNTHETIC_PROGRAMS,CFG-CPL-04,SYNTHETIC_INTERNAL,SNP-COOLIT-20260925-BL,SCN-BASELINE,WOCOMP-0027-022,WO-0027,BOMC-04-022,50,P-COMP-169,24,16,0,24,,,EFFECTIVE
TEN-COOLIT-SYN-001,SITE-COOLIT-SYN-01,ERP,WORK_ORDER_COMPONENT,WOCOMP-0027-023,WOCOMP-0027-023,RESOLVED,2026-09-25T23:59:59-06:00,2026-09-26T08:00:00-06:00,2026-06-29T00:00:00-06:00,,1,,false,ACTIVE,EA,,VALID,CURRENT,coolit-synthetic-v2.0.0,ALL_SYNTHETIC_CUSTOMERS,ALL_SYNTHETIC_PROGRAMS,CFG-CPL-04,SYNTHETIC_INTERNAL,SNP-COOLIT-20260925-BL,SCN-BASELINE,WOCOMP-0027-023,WO-0027,BOMC-04-023,50,P-COMP-176,24,16,0,24,P-COMP-032,,EFFECTIVE
TEN-COOLIT-SYN-001,SITE-COOLIT-SYN-01,ERP,WORK_ORDER_COMPONENT,WOCOMP-0027-024,WOCOMP-0027-024,RESOLVED,2026-09-25T23:59:59-06:00,2026-09-26T08:00:00-06:00,2026-06-29T00:00:00-06:00,,1,,false,ACTIVE,EA,,VALID,CURRENT,coolit-synthetic-v2.0.0,ALL_SYNTHETIC_CUSTOMERS,ALL_SYNTHETIC_PROGRAMS,CFG-CPL-04,SYNTHETIC_INTERNAL,SNP-COOLIT-20260925-BL,SCN-BASELINE,WOCOMP-0027-024,WO-0027,BOMC-04-024,50,P-COMP-183,24,16,0,24,,,EFFECTIVE
TEN-COOLIT-SYN-001,SITE-COOLIT-SYN-01,ERP,WORK_ORDER_COMPONENT,WOCOMP-0027-025,WOCOMP-0027-025,RESOLVED,2026-09-25T23:59:59-06:00,2026-09-26T08:00:00-06:00,2026-06-29T00:00:00-06:00,,1,,false,ACTIVE,EA,,VALID,CURRENT,coolit-synthetic-v2.0.0,ALL_SYNTHETIC_CUSTOMERS,ALL_SYNTHETIC_PROGRAMS,CFG-CPL-04,SYNTHETIC_INTERNAL,SNP-COOLIT-20260925-BL,SCN-BASELINE,WOCOMP-0027-025,WO-0027,BOMC-04-025,50,P-COMP-190,24,16,0,24,,,EFFECTIVE
TEN-COOLIT-SYN-001,SITE-COOLIT-SYN-01,ERP,WORK_ORDER_COMPONENT,WOCOMP-0027-026,WOCOMP-0027-026,RESOLVED,2026-09-25T23:59:59-06:00,2026-09-26T08:00:00-06:00,2026-06-29T00:00:00-06:00,,1,,false,ACTIVE,EA,,VALID,CURRENT,coolit-synthetic-v2.0.0,ALL_SYNTHETIC_CUSTOMERS,ALL_SYNTHETIC_PROGRAMS,CFG-CPL-04,SYNTHETIC_INTERNAL,SNP-COOLIT-20260925-BL,SCN-BASELINE,WOCOMP-0027-026,WO-0027,BOMC-04-026,60,P-COMP-197,24,16,0,24,,,EFFECTIVE
TEN-COOLIT-SYN-001,SITE-COOLIT-SYN-01,ERP,WORK_ORDER_COMPONENT,WOCOMP-0027-027,WOCOMP-0027-027,RESOLVED,2026-09-25T23:59:59-06:00,2026-09-26T08:00:00-06:00,2026-06-29T00:00:00-06:00,,1,,false,ACTIVE,EA,,VALID,CURRENT,coolit-synthetic-v2.0.0,ALL_SYNTHETIC_CUSTOMERS,ALL_SYNTHETIC_PROGRAMS,CFG-CPL-04,SYNTHETIC_INTERNAL,SNP-COOLIT-20260925-BL,SCN-BASELINE,WOCOMP-0027-027,WO-0027,BOMC-04-027,60,P-COMP-204,24,16,0,24,,,EFFECTIVE
TEN-COOLIT-SYN-001,SITE-COOLIT-SYN-01,ERP,WORK_ORDER_COMPONENT,WOCOMP-0027-028,WOCOMP-0027-028,RESOLVED,2026-09-25T23:59:59-06:00,2026-09-26T08:00:00-06:00,2026-06-29T00:00:00-06:00,,1,,false,ACTIVE,EA,,VALID,CURRENT,coolit-synthetic-v2.0.0,ALL_SYNTHETIC_CUSTOMERS,ALL_SYNTHETIC_PROGRAMS,CFG-CPL-04,SYNTHETIC_INTERNAL,SNP-COOLIT-20260925-BL,SCN-BASELINE,WOCOMP-0027-028,WO-0027,BOMC-04-028,60,P-QD-003,48,33,0,48,,,EFFECTIVE
TEN-COOLIT-SYN-001,SITE-COOLIT-SYN-01,ERP,WORK_ORDER_COMPONENT,WOCOMP-0027-029,WOCOMP-0027-029,RESOLVED,2026-09-25T23:59:59-06:00,2026-09-26T08:00:00-06:00,2026-06-29T00:00:00-06:00,,1,,false,ACTIVE,EA,,VALID,CURRENT,coolit-synthetic-v2.0.0,ALL_SYNTHETIC_CUSTOMERS,ALL_SYNTHETIC_PROGRAMS,CFG-CPL-04,SYNTHETIC_INTERNAL,SNP-COOLIT-20260925-BL,SCN-BASELINE,WOCOMP-0027-029,WO-0027,BOMC-04-029,60,P-QD-010,24,16,0,24,,,EFFECTIVE
TEN-COOLIT-SYN-001,SITE-COOLIT-SYN-01,ERP,WORK_ORDER_COMPONENT,WOCOMP-0027-030,WOCOMP-0027-030,RESOLVED,2026-09-25T23:59:59-06:00,2026-09-26T08:00:00-06:00,2026-06-29T00:00:00-06:00,,1,,false,ACTIVE,EA,,VALID,CURRENT,coolit-synthetic-v2.0.0,ALL_SYNTHETIC_CUSTOMERS,ALL_SYNTHETIC_PROGRAMS,CFG-CPL-04,SYNTHETIC_INTERNAL,SNP-COOLIT-20260925-BL,SCN-BASELINE,WOCOMP-0027-030,WO-0027,BOMC-04-030,60,P-PUMP-007,24,16,0,24,,,EFFECTIVE
TEN-COOLIT-SYN-001,SITE-COOLIT-SYN-01,ERP,WORK_ORDER_COMPONENT,WOCOMP-0028-001,WOCOMP-0028-001,RESOLVED,2026-09-25T23:59:59-06:00,2026-09-26T08:00:00-06:00,2026-06-29T00:00:00-06:00,,1,,false,ACTIVE,EA,,VALID,CURRENT,coolit-synthetic-v2.0.0,ALL_SYNTHETIC_CUSTOMERS,ALL_SYNTHETIC_PROGRAMS,CFG-CDU-03,SYNTHETIC_INTERNAL,SNP-COOLIT-20260925-BL,SCN-BASELINE,WOCOMP-0028-001,WO-0028,BOMC-11-001,10,P-COMP-141,60,42,0,60,P-COMP-011,,EFFECTIVE
TEN-COOLIT-SYN-001,SITE-COOLIT-SYN-01,ERP,WORK_ORDER_COMPONENT,WOCOMP-0028-002,WOCOMP-0028-002,RESOLVED,2026-09-25T23:59:59-06:00,2026-09-26T08:00:00-06:00,2026-06-29T00:00:00-06:00,,1,,false,ACTIVE,EA,,VALID,CURRENT,coolit-synthetic-v2.0.0,ALL_SYNTHETIC_CUSTOMERS,ALL_SYNTHETIC_PROGRAMS,CFG-CDU-03,SYNTHETIC_INTERNAL,SNP-COOLIT-20260925-BL,SCN-BASELINE,WOCOMP-0028-002,WO-0028,BOMC-11-002,10,P-COMP-148,30,21,0,30,,,EFFECTIVE
TEN-COOLIT-SYN-001,SITE-COOLIT-SYN-01,ERP,WORK_ORDER_COMPONENT,WOCOMP-0028-003,WOCOMP-0028-003,RESOLVED,2026-09-25T23:59:59-06:00,2026-09-26T08:00:00-06:00,2026-06-29T00:00:00-06:00,,1,,false,ACTIVE,EA,,VALID,CURRENT,coolit-synthetic-v2.0.0,ALL_SYNTHETIC_CUSTOMERS,ALL_SYNTHETIC_PROGRAMS,CFG-CDU-03,SYNTHETIC_INTERNAL,SNP-COOLIT-20260925-BL,SCN-BASELINE,WOCOMP-0028-003,WO-0028,BOMC-11-003,10,P-COMP-155,30,21,0,30,,,EFFECTIVE
TEN-COOLIT-SYN-001,SITE-COOLIT-SYN-01,ERP,WORK_ORDER_COMPONENT,WOCOMP-0028-004,WOCOMP-0028-004,RESOLVED,2026-09-25T23:59:59-06:00,2026-09-26T08:00:00-06:00,2026-06-29T00:00:00-06:00,,1,,false,ACTIVE,EA,,VALID,CURRENT,coolit-synthetic-v2.0.0,ALL_SYNTHETIC_CUSTOMERS,ALL_SYNTHETIC_PROGRAMS,CFG-CDU-03,SYNTHETIC_INTERNAL,SNP-COOLIT-20260925-BL,SCN-BASELINE,WOCOMP-0028-004,WO-0028,BOMC-11-004,10,P-COMP-162,30,21,0,30,,,EFFECTIVE
TEN-COOLIT-SYN-001,SITE-COOLIT-SYN-01,ERP,WORK_ORDER_COMPONENT,WOCOMP-0028-005,WOCOMP-0028-005,RESOLVED,2026-09-25T23:59:59-06:00,2026-09-26T08:00:00-06:00,2026-06-29T00:00:00-06:00,,1,,false,ACTIVE,EA,,VALID,CURRENT,coolit-synthetic-v2.0.0,ALL_SYNTHETIC_CUSTOMERS,ALL_SYNTHETIC_PROGRAMS,CFG-CDU-03,SYNTHETIC_INTERNAL,SNP-COOLIT-20260925-BL,SCN-BASELINE,WOCOMP-0028-005,WO-0028,BOMC-11-005,10,P-COMP-169,30,21,0,30,,,EFFECTIVE
TEN-COOLIT-SYN-001,SITE-COOLIT-SYN-01,ERP,WORK_ORDER_COMPONENT,WOCOMP-0028-006,WOCOMP-0028-006,RESOLVED,2026-09-25T23:59:59-06:00,2026-09-26T08:00:00-06:00,2026-06-29T00:00:00-06:00,,1,,false,ACTIVE,EA,,VALID,CURRENT,coolit-synthetic-v2.0.0,ALL_SYNTHETIC_CUSTOMERS,ALL_SYNTHETIC_PROGRAMS,CFG-CDU-03,SYNTHETIC_INTERNAL,SNP-COOLIT-20260925-BL,SCN-BASELINE,WOCOMP-0028-006,WO-0028,BOMC-11-006,20,P-COMP-176,30,21,0,30,,,EFFECTIVE
TEN-COOLIT-SYN-001,SITE-COOLIT-SYN-01,ERP,WORK_ORDER_COMPONENT,WOCOMP-0028-007,WOCOMP-0028-007,RESOLVED,2026-09-25T23:59:59-06:00,2026-09-26T08:00:00-06:00,2026-06-29T00:00:00-06:00,,1,,false,ACTIVE,EA,,VALID,CURRENT,coolit-synthetic-v2.0.0,ALL_SYNTHETIC_CUSTOMERS,ALL_SYNTHETIC_PROGRAMS,CFG-CDU-03,SYNTHETIC_INTERNAL,SNP-COOLIT-20260925-BL,SCN-BASELINE,WOCOMP-0028-007,WO-0028,BOMC-11-007,20,P-COMP-183,30,21,0,30,,,EFFECTIVE
TEN-COOLIT-SYN-001,SITE-COOLIT-SYN-01,ERP,WORK_ORDER_COMPONENT,WOCOMP-0028-008,WOCOMP-0028-008,RESOLVED,2026-09-25T23:59:59-06:00,2026-09-26T08:00:00-06:00,2026-06-29T00:00:00-06:00,,1,,false,ACTIVE,EA,,VALID,CURRENT,coolit-synthetic-v2.0.0,ALL_SYNTHETIC_CUSTOMERS,ALL_SYNTHETIC_PROGRAMS,CFG-CDU-03,SYNTHETIC_INTERNAL,SNP-COOLIT-20260925-BL,SCN-BASELINE,WOCOMP-0028-008,WO-0028,BOMC-11-008,20,P-COMP-190,30,21,0,30,,,EFFECTIVE
TEN-COOLIT-SYN-001,SITE-COOLIT-SYN-01,ERP,WORK_ORDER_COMPONENT,WOCOMP-0028-009,WOCOMP-0028-009,RESOLVED,2026-09-25T23:59:59-06:00,2026-09-26T08:00:00-06:00,2026-06-29T00:00:00-06:00,,1,,false,ACTIVE,EA,,VALID,CURRENT,coolit-synthetic-v2.0.0,ALL_SYNTHETIC_CUSTOMERS,ALL_SYNTHETIC_PROGRAMS,CFG-CDU-03,SYNTHETIC_INTERNAL,SNP-COOLIT-20260925-BL,SCN-BASELINE,WOCOMP-0028-009,WO-0028,BOMC-11-009,20,P-COMP-197,30,21,0,30,,,EFFECTIVE
TEN-COOLIT-SYN-001,SITE-COOLIT-SYN-01,ERP,WORK_ORDER_COMPONENT,WOCOMP-0028-010,WOCOMP-0028-010,RESOLVED,2026-09-25T23:59:59-06:00,2026-09-26T08:00:00-06:00,2026-06-29T00:00:00-06:00,,1,,false,ACTIVE,EA,,VALID,CURRENT,coolit-synthetic-v2.0.0,ALL_SYNTHETIC_CUSTOMERS,ALL_SYNTHETIC_PROGRAMS,CFG-CDU-03,SYNTHETIC_INTERNAL,SNP-COOLIT-20260925-BL,SCN-BASELINE,WOCOMP-0028-010,WO-0028,BOMC-11-010,20,P-COMP-204,60,42,0,60,,,EFFECTIVE
TEN-COOLIT-SYN-001,SITE-COOLIT-SYN-01,ERP,WORK_ORDER_COMPONENT,WOCOMP-0028-011,WOCOMP-0028-011,RESOLVED,2026-09-25T23:59:59-06:00,2026-09-26T08:00:00-06:00,2026-06-29T00:00:00-06:00,,1,,false,ACTIVE,EA,,VALID,CURRENT,coolit-synthetic-v2.0.0,ALL_SYNTHETIC_CUSTOMERS,ALL_SYNTHETIC_PROGRAMS,CFG-CDU-03,SYNTHETIC_INTERNAL,SNP-COOLIT-20260925-BL,SCN-BASELINE,WOCOMP-0028-011,WO-0028,BOMC-11-011,30,P-QD-003,30,21,0,30,,,EFFECTIVE
TEN-COOLIT-SYN-001,SITE-COOLIT-SYN-01,ERP,WORK_ORDER_COMPONENT,WOCOMP-0028-012,WOCOMP-0028-012,RESOLVED,2026-09-25T23:59:59-06:00,2026-09-26T08:00:00-06:00,2026-06-29T00:00:00-06:00,,1,,false,ACTIVE,EA,,VALID,CURRENT,coolit-synthetic-v2.0.0,ALL_SYNTHETIC_CUSTOMERS,ALL_SYNTHETIC_PROGRAMS,CFG-CDU-03,SYNTHETIC_INTERNAL,SNP-COOLIT-20260925-BL,SCN-BASELINE,WOCOMP-0028-012,WO-0028,BOMC-11-012,30,P-QD-010,30,21,0,30,P-COMP-022,,EFFECTIVE
TEN-COOLIT-SYN-001,SITE-COOLIT-SYN-01,ERP,WORK_ORDER_COMPONENT,WOCOMP-0028-013,WOCOMP-0028-013,RESOLVED,2026-09-25T23:59:59-06:00,2026-09-26T08:00:00-06:00,2026-06-29T00:00:00-06:00,,1,,false,ACTIVE,EA,,VALID,CURRENT,coolit-synthetic-v2.0.0,ALL_SYNTHETIC_CUSTOMERS,ALL_SYNTHETIC_PROGRAMS,CFG-CDU-03,SYNTHETIC_INTERNAL,SNP-COOLIT-20260925-BL,SCN-BASELINE,WOCOMP-0028-013,WO-0028,BOMC-11-013,30,P-PUMP-007,30,21,0,30,,,EFFECTIVE
TEN-COOLIT-SYN-001,SITE-COOLIT-SYN-01,ERP,WORK_ORDER_COMPONENT,WOCOMP-0028-014,WOCOMP-0028-014,RESOLVED,2026-09-25T23:59:59-06:00,2026-09-26T08:00:00-06:00,2026-06-29T00:00:00-06:00,,1,,false,ACTIVE,EA,,VALID,CURRENT,coolit-synthetic-v2.0.0,ALL_SYNTHETIC_CUSTOMERS,ALL_SYNTHETIC_PROGRAMS,CFG-CDU-03,SYNTHETIC_INTERNAL,SNP-COOLIT-20260925-BL,SCN-BASELINE,WOCOMP-0028-014,WO-0028,BOMC-11-014,30,P-HX-006,30,21,0,30,,,EFFECTIVE
TEN-COOLIT-SYN-001,SITE-COOLIT-SYN-01,ERP,WORK_ORDER_COMPONENT,WOCOMP-0028-015,WOCOMP-0028-015,RESOLVED,2026-09-25T23:59:59-06:00,2026-09-26T08:00:00-06:00,2026-06-29T00:00:00-06:00,,1,,false,ACTIVE,EA,,VALID,CURRENT,coolit-synthetic-v2.0.0,ALL_SYNTHETIC_CUSTOMERS,ALL_SYNTHETIC_PROGRAMS,CFG-CDU-03,SYNTHETIC_INTERNAL,SNP-COOLIT-20260925-BL,SCN-BASELINE,WOCOMP-0028-015,WO-0028,BOMC-11-015,30,P-COMP-001,30,21,0,30,,,EFFECTIVE
TEN-COOLIT-SYN-001,SITE-COOLIT-SYN-01,ERP,WORK_ORDER_COMPONENT,WOCOMP-0028-016,WOCOMP-0028-016,RESOLVED,2026-09-25T23:59:59-06:00,2026-09-26T08:00:00-06:00,2026-06-29T00:00:00-06:00,,1,,false,ACTIVE,EA,,VALID,CURRENT,coolit-synthetic-v2.0.0,ALL_SYNTHETIC_CUSTOMERS,ALL_SYNTHETIC_PROGRAMS,CFG-CDU-03,SYNTHETIC_INTERNAL,SNP-COOLIT-20260925-BL,SCN-BASELINE,WOCOMP-0028-016,WO-0028,BOMC-11-016,40,P-COMP-008,30,21,0,30,,,EFFECTIVE
TEN-COOLIT-SYN-001,SITE-COOLIT-SYN-01,ERP,WORK_ORDER_COMPONENT,WOCOMP-0028-017,WOCOMP-0028-017,RESOLVED,2026-09-25T23:59:59-06:00,2026-09-26T08:00:00-06:00,2026-06-29T00:00:00-06:00,,1,,false,ACTIVE,EA,,VALID,CURRENT,coolit-synthetic-v2.0.0,ALL_SYNTHETIC_CUSTOMERS,ALL_SYNTHETIC_PROGRAMS,CFG-CDU-03,SYNTHETIC_INTERNAL,SNP-COOLIT-20260925-BL,SCN-BASELINE,WOCOMP-0028-017,WO-0028,BOMC-11-017,40,P-COMP-015,30,21,0,30,,,EFFECTIVE
TEN-COOLIT-SYN-001,SITE-COOLIT-SYN-01,ERP,WORK_ORDER_COMPONENT,WOCOMP-0028-018,WOCOMP-0028-018,RESOLVED,2026-09-25T23:59:59-06:00,2026-09-26T08:00:00-06:00,2026-06-29T00:00:00-06:00,,1,,false,ACTIVE,EA,,VALID,CURRENT,coolit-synthetic-v2.0.0,ALL_SYNTHETIC_CUSTOMERS,ALL_SYNTHETIC_PROGRAMS,CFG-CDU-03,SYNTHETIC_INTERNAL,SNP-COOLIT-20260925-BL,SCN-BASELINE,WOCOMP-0028-018,WO-0028,BOMC-11-018,40,P-COMP-022,30,21,0,30,,,EFFECTIVE
TEN-COOLIT-SYN-001,SITE-COOLIT-SYN-01,ERP,WORK_ORDER_COMPONENT,WOCOMP-0028-019,WOCOMP-0028-019,RESOLVED,2026-09-25T23:59:59-06:00,2026-09-26T08:00:00-06:00,2026-06-29T00:00:00-06:00,,1,,false,ACTIVE,EA,,VALID,CURRENT,coolit-synthetic-v2.0.0,ALL_SYNTHETIC_CUSTOMERS,ALL_SYNTHETIC_PROGRAMS,CFG-CDU-03,SYNTHETIC_INTERNAL,SNP-COOLIT-20260925-BL,SCN-BASELINE,WOCOMP-0028-019,WO-0028,BOMC-11-019,40,P-COMP-029,60,42,0,60,,,EFFECTIVE
TEN-COOLIT-SYN-001,SITE-COOLIT-SYN-01,ERP,WORK_ORDER_COMPONENT,WOCOMP-0028-020,WOCOMP-0028-020,RESOLVED,2026-09-25T23:59:59-06:00,2026-09-26T08:00:00-06:00,2026-06-29T00:00:00-06:00,,1,,false,ACTIVE,EA,,VALID,CURRENT,coolit-synthetic-v2.0.0,ALL_SYNTHETIC_CUSTOMERS,ALL_SYNTHETIC_PROGRAMS,CFG-CDU-03,SYNTHETIC_INTERNAL,SNP-COOLIT-20260925-BL,SCN-BASELINE,WOCOMP-0028-020,WO-0028,BOMC-11-020,40,P-COMP-036,30,21,0,30,,,EFFECTIVE
TEN-COOLIT-SYN-001,SITE-COOLIT-SYN-01,ERP,WORK_ORDER_COMPONENT,WOCOMP-0028-021,WOCOMP-0028-021,RESOLVED,2026-09-25T23:59:59-06:00,2026-09-26T08:00:00-06:00,2026-06-29T00:00:00-06:00,,1,,false,ACTIVE,EA,,VALID,CURRENT,coolit-synthetic-v2.0.0,ALL_SYNTHETIC_CUSTOMERS,ALL_SYNTHETIC_PROGRAMS,CFG-CDU-03,SYNTHETIC_INTERNAL,SNP-COOLIT-20260925-BL,SCN-BASELINE,WOCOMP-0028-021,WO-0028,BOMC-11-021,50,P-COMP-043,30,21,0,30,,,EFFECTIVE
TEN-COOLIT-SYN-001,SITE-COOLIT-SYN-01,ERP,WORK_ORDER_COMPONENT,WOCOMP-0028-022,WOCOMP-0028-022,RESOLVED,2026-09-25T23:59:59-06:00,2026-09-26T08:00:00-06:00,2026-06-29T00:00:00-06:00,,1,,false,ACTIVE,EA,,VALID,CURRENT,coolit-synthetic-v2.0.0,ALL_SYNTHETIC_CUSTOMERS,ALL_SYNTHETIC_PROGRAMS,CFG-CDU-03,SYNTHETIC_INTERNAL,SNP-COOLIT-20260925-BL,SCN-BASELINE,WOCOMP-0028-022,WO-0028,BOMC-11-022,50,P-COMP-050,30,21,0,30,,,EFFECTIVE
TEN-COOLIT-SYN-001,SITE-COOLIT-SYN-01,ERP,WORK_ORDER_COMPONENT,WOCOMP-0028-023,WOCOMP-0028-023,RESOLVED,2026-09-25T23:59:59-06:00,2026-09-26T08:00:00-06:00,2026-06-29T00:00:00-06:00,,1,,false,ACTIVE,EA,,VALID,CURRENT,coolit-synthetic-v2.0.0,ALL_SYNTHETIC_CUSTOMERS,ALL_SYNTHETIC_PROGRAMS,CFG-CDU-03,SYNTHETIC_INTERNAL,SNP-COOLIT-20260925-BL,SCN-BASELINE,WOCOMP-0028-023,WO-0028,BOMC-11-023,50,P-COMP-057,30,21,0,30,P-COMP-033,,EFFECTIVE
TEN-COOLIT-SYN-001,SITE-COOLIT-SYN-01,ERP,WORK_ORDER_COMPONENT,WOCOMP-0028-024,WOCOMP-0028-024,RESOLVED,2026-09-25T23:59:59-06:00,2026-09-26T08:00:00-06:00,2026-06-29T00:00:00-06:00,,1,,false,ACTIVE,EA,,VALID,CURRENT,coolit-synthetic-v2.0.0,ALL_SYNTHETIC_CUSTOMERS,ALL_SYNTHETIC_PROGRAMS,CFG-CDU-03,SYNTHETIC_INTERNAL,SNP-COOLIT-20260925-BL,SCN-BASELINE,WOCOMP-0028-024,WO-0028,BOMC-11-024,50,P-COMP-064,30,21,0,30,,,EFFECTIVE
TEN-COOLIT-SYN-001,SITE-COOLIT-SYN-01,ERP,WORK_ORDER_COMPONENT,WOCOMP-0028-025,WOCOMP-0028-025,RESOLVED,2026-09-25T23:59:59-06:00,2026-09-26T08:00:00-06:00,2026-06-29T00:00:00-06:00,,1,,false,ACTIVE,EA,,VALID,CURRENT,coolit-synthetic-v2.0.0,ALL_SYNTHETIC_CUSTOMERS,ALL_SYNTHETIC_PROGRAMS,CFG-CDU-03,SYNTHETIC_INTERNAL,SNP-COOLIT-20260925-BL,SCN-BASELINE,WOCOMP-0028-025,WO-0028,BOMC-11-025,50,P-COMP-071,30,21,0,30,,,EFFECTIVE
TEN-COOLIT-SYN-001,SITE-COOLIT-SYN-01,ERP,WORK_ORDER_COMPONENT,WOCOMP-0028-026,WOCOMP-0028-026,RESOLVED,2026-09-25T23:59:59-06:00,2026-09-26T08:00:00-06:00,2026-06-29T00:00:00-06:00,,1,,false,ACTIVE,EA,,VALID,CURRENT,coolit-synthetic-v2.0.0,ALL_SYNTHETIC_CUSTOMERS,ALL_SYNTHETIC_PROGRAMS,CFG-CDU-03,SYNTHETIC_INTERNAL,SNP-COOLIT-20260925-BL,SCN-BASELINE,WOCOMP-0028-026,WO-0028,BOMC-11-026,60,P-COMP-078,30,21,0,30,,,EFFECTIVE
TEN-COOLIT-SYN-001,SITE-COOLIT-SYN-01,ERP,WORK_ORDER_COMPONENT,WOCOMP-0028-027,WOCOMP-0028-027,RESOLVED,2026-09-25T23:59:59-06:00,2026-09-26T08:00:00-06:00,2026-06-29T00:00:00-06:00,,1,,false,ACTIVE,EA,,VALID,CURRENT,coolit-synthetic-v2.0.0,ALL_SYNTHETIC_CUSTOMERS,ALL_SYNTHETIC_PROGRAMS,CFG-CDU-03,SYNTHETIC_INTERNAL,SNP-COOLIT-20260925-BL,SCN-BASELINE,WOCOMP-0028-027,WO-0028,BOMC-11-027,60,P-COMP-085,30,21,0,30,,,EFFECTIVE
TEN-COOLIT-SYN-001,SITE-COOLIT-SYN-01,ERP,WORK_ORDER_COMPONENT,WOCOMP-0028-028,WOCOMP-0028-028,RESOLVED,2026-09-25T23:59:59-06:00,2026-09-26T08:00:00-06:00,2026-06-29T00:00:00-06:00,,1,,false,ACTIVE,EA,,VALID,CURRENT,coolit-synthetic-v2.0.0,ALL_SYNTHETIC_CUSTOMERS,ALL_SYNTHETIC_PROGRAMS,CFG-CDU-03,SYNTHETIC_INTERNAL,SNP-COOLIT-20260925-BL,SCN-BASELINE,WOCOMP-0028-028,WO-0028,BOMC-11-028,60,P-COMP-092,60,42,0,60,,,EFFECTIVE
TEN-COOLIT-SYN-001,SITE-COOLIT-SYN-01,ERP,WORK_ORDER_COMPONENT,WOCOMP-0028-029,WOCOMP-0028-029,RESOLVED,2026-09-25T23:59:59-06:00,2026-09-26T08:00:00-06:00,2026-06-29T00:00:00-06:00,,1,,false,ACTIVE,EA,,VALID,CURRENT,coolit-synthetic-v2.0.0,ALL_SYNTHETIC_CUSTOMERS,ALL_SYNTHETIC_PROGRAMS,CFG-CDU-03,SYNTHETIC_INTERNAL,SNP-COOLIT-20260925-BL,SCN-BASELINE,WOCOMP-0028-029,WO-0028,BOMC-11-029,60,P-COMP-099,30,21,0,30,,,EFFECTIVE
TEN-COOLIT-SYN-001,SITE-COOLIT-SYN-01,ERP,WORK_ORDER_COMPONENT,WOCOMP-0028-030,WOCOMP-0028-030,RESOLVED,2026-09-25T23:59:59-06:00,2026-09-26T08:00:00-06:00,2026-06-29T00:00:00-06:00,,1,,false,ACTIVE,EA,,VALID,CURRENT,coolit-synthetic-v2.0.0,ALL_SYNTHETIC_CUSTOMERS,ALL_SYNTHETIC_PROGRAMS,CFG-CDU-03,SYNTHETIC_INTERNAL,SNP-COOLIT-20260925-BL,SCN-BASELINE,WOCOMP-0028-030,WO-0028,BOMC-11-030,60,P-COMP-106,30,21,0,30,,,EFFECTIVE
TEN-COOLIT-SYN-001,SITE-COOLIT-SYN-01,ERP,WORK_ORDER_COMPONENT,WOCOMP-0029-001,WOCOMP-0029-001,RESOLVED,2026-09-25T23:59:59-06:00,2026-09-26T08:00:00-06:00,2026-06-29T00:00:00-06:00,,1,,false,ACTIVE,EA,,VALID,CURRENT,coolit-synthetic-v2.0.0,ALL_SYNTHETIC_CUSTOMERS,ALL_SYNTHETIC_PROGRAMS,CFG-RM-02,SYNTHETIC_INTERNAL,SNP-COOLIT-20260925-BL,SCN-BASELINE,WOCOMP-0029-001,WO-0029,BOMC-06-001,10,P-COMP-056,72,50,0,72,P-COMP-012,,EFFECTIVE
TEN-COOLIT-SYN-001,SITE-COOLIT-SYN-01,ERP,WORK_ORDER_COMPONENT,WOCOMP-0029-002,WOCOMP-0029-002,RESOLVED,2026-09-25T23:59:59-06:00,2026-09-26T08:00:00-06:00,2026-06-29T00:00:00-06:00,,1,,false,ACTIVE,EA,,VALID,CURRENT,coolit-synthetic-v2.0.0,ALL_SYNTHETIC_CUSTOMERS,ALL_SYNTHETIC_PROGRAMS,CFG-RM-02,SYNTHETIC_INTERNAL,SNP-COOLIT-20260925-BL,SCN-BASELINE,WOCOMP-0029-002,WO-0029,BOMC-06-002,10,P-COMP-063,36,25,0,36,,,EFFECTIVE
TEN-COOLIT-SYN-001,SITE-COOLIT-SYN-01,ERP,WORK_ORDER_COMPONENT,WOCOMP-0029-003,WOCOMP-0029-003,RESOLVED,2026-09-25T23:59:59-06:00,2026-09-26T08:00:00-06:00,2026-06-29T00:00:00-06:00,,1,,false,ACTIVE,EA,,VALID,CURRENT,coolit-synthetic-v2.0.0,ALL_SYNTHETIC_CUSTOMERS,ALL_SYNTHETIC_PROGRAMS,CFG-RM-02,SYNTHETIC_INTERNAL,SNP-COOLIT-20260925-BL,SCN-BASELINE,WOCOMP-0029-003,WO-0029,BOMC-06-003,10,P-COMP-070,36,25,0,36,,,EFFECTIVE
TEN-COOLIT-SYN-001,SITE-COOLIT-SYN-01,ERP,WORK_ORDER_COMPONENT,WOCOMP-0029-004,WOCOMP-0029-004,RESOLVED,2026-09-25T23:59:59-06:00,2026-09-26T08:00:00-06:00,2026-06-29T00:00:00-06:00,,1,,false,ACTIVE,EA,,VALID,CURRENT,coolit-synthetic-v2.0.0,ALL_SYNTHETIC_CUSTOMERS,ALL_SYNTHETIC_PROGRAMS,CFG-RM-02,SYNTHETIC_INTERNAL,SNP-COOLIT-20260925-BL,SCN-BASELINE,WOCOMP-0029-004,WO-0029,BOMC-06-004,10,P-COMP-077,36,25,0,36,,,EFFECTIVE
TEN-COOLIT-SYN-001,SITE-COOLIT-SYN-01,ERP,WORK_ORDER_COMPONENT,WOCOMP-0029-005,WOCOMP-0029-005,RESOLVED,2026-09-25T23:59:59-06:00,2026-09-26T08:00:00-06:00,2026-06-29T00:00:00-06:00,,1,,false,ACTIVE,EA,,VALID,CURRENT,coolit-synthetic-v2.0.0,ALL_SYNTHETIC_CUSTOMERS,ALL_SYNTHETIC_PROGRAMS,CFG-RM-02,SYNTHETIC_INTERNAL,SNP-COOLIT-20260925-BL,SCN-BASELINE,WOCOMP-0029-005,WO-0029,BOMC-06-005,10,P-COMP-084,36,25,0,36,,,EFFECTIVE
TEN-COOLIT-SYN-001,SITE-COOLIT-SYN-01,ERP,WORK_ORDER_COMPONENT,WOCOMP-0029-006,WOCOMP-0029-006,RESOLVED,2026-09-25T23:59:59-06:00,2026-09-26T08:00:00-06:00,2026-06-29T00:00:00-06:00,,1,,false,ACTIVE,EA,,VALID,CURRENT,coolit-synthetic-v2.0.0,ALL_SYNTHETIC_CUSTOMERS,ALL_SYNTHETIC_PROGRAMS,CFG-RM-02,SYNTHETIC_INTERNAL,SNP-COOLIT-20260925-BL,SCN-BASELINE,WOCOMP-0029-006,WO-0029,BOMC-06-006,20,P-COMP-091,36,25,0,36,,,EFFECTIVE
TEN-COOLIT-SYN-001,SITE-COOLIT-SYN-01,ERP,WORK_ORDER_COMPONENT,WOCOMP-0029-007,WOCOMP-0029-007,RESOLVED,2026-09-25T23:59:59-06:00,2026-09-26T08:00:00-06:00,2026-06-29T00:00:00-06:00,,1,,false,ACTIVE,EA,,VALID,CURRENT,coolit-synthetic-v2.0.0,ALL_SYNTHETIC_CUSTOMERS,ALL_SYNTHETIC_PROGRAMS,CFG-RM-02,SYNTHETIC_INTERNAL,SNP-COOLIT-20260925-BL,SCN-BASELINE,WOCOMP-0029-007,WO-0029,BOMC-06-007,20,P-COMP-098,36,25,0,36,,,EFFECTIVE
TEN-COOLIT-SYN-001,SITE-COOLIT-SYN-01,ERP,WORK_ORDER_COMPONENT,WOCOMP-0029-008,WOCOMP-0029-008,RESOLVED,2026-09-25T23:59:59-06:00,2026-09-26T08:00:00-06:00,2026-06-29T00:00:00-06:00,,1,,false,ACTIVE,EA,,VALID,CURRENT,coolit-synthetic-v2.0.0,ALL_SYNTHETIC_CUSTOMERS,ALL_SYNTHETIC_PROGRAMS,CFG-RM-02,SYNTHETIC_INTERNAL,SNP-COOLIT-20260925-BL,SCN-BASELINE,WOCOMP-0029-008,WO-0029,BOMC-06-008,20,P-COMP-105,36,25,0,36,,,EFFECTIVE
TEN-COOLIT-SYN-001,SITE-COOLIT-SYN-01,ERP,WORK_ORDER_COMPONENT,WOCOMP-0029-009,WOCOMP-0029-009,RESOLVED,2026-09-25T23:59:59-06:00,2026-09-26T08:00:00-06:00,2026-06-29T00:00:00-06:00,,1,,false,ACTIVE,EA,,VALID,CURRENT,coolit-synthetic-v2.0.0,ALL_SYNTHETIC_CUSTOMERS,ALL_SYNTHETIC_PROGRAMS,CFG-RM-02,SYNTHETIC_INTERNAL,SNP-COOLIT-20260925-BL,SCN-BASELINE,WOCOMP-0029-009,WO-0029,BOMC-06-009,20,P-COMP-112,36,25,0,36,,,EFFECTIVE
TEN-COOLIT-SYN-001,SITE-COOLIT-SYN-01,ERP,WORK_ORDER_COMPONENT,WOCOMP-0029-010,WOCOMP-0029-010,RESOLVED,2026-09-25T23:59:59-06:00,2026-09-26T08:00:00-06:00,2026-06-29T00:00:00-06:00,,1,,false,ACTIVE,EA,,VALID,CURRENT,coolit-synthetic-v2.0.0,ALL_SYNTHETIC_CUSTOMERS,ALL_SYNTHETIC_PROGRAMS,CFG-RM-02,SYNTHETIC_INTERNAL,SNP-COOLIT-20260925-BL,SCN-BASELINE,WOCOMP-0029-010,WO-0029,BOMC-06-010,20,P-COMP-119,72,50,0,72,,,EFFECTIVE
TEN-COOLIT-SYN-001,SITE-COOLIT-SYN-01,ERP,WORK_ORDER_COMPONENT,WOCOMP-0029-011,WOCOMP-0029-011,RESOLVED,2026-09-25T23:59:59-06:00,2026-09-26T08:00:00-06:00,2026-06-29T00:00:00-06:00,,1,,false,ACTIVE,EA,,VALID,CURRENT,coolit-synthetic-v2.0.0,ALL_SYNTHETIC_CUSTOMERS,ALL_SYNTHETIC_PROGRAMS,CFG-RM-02,SYNTHETIC_INTERNAL,SNP-COOLIT-20260925-BL,SCN-BASELINE,WOCOMP-0029-011,WO-0029,BOMC-06-011,30,P-COMP-126,36,25,0,36,,,EFFECTIVE
TEN-COOLIT-SYN-001,SITE-COOLIT-SYN-01,ERP,WORK_ORDER_COMPONENT,WOCOMP-0029-012,WOCOMP-0029-012,RESOLVED,2026-09-25T23:59:59-06:00,2026-09-26T08:00:00-06:00,2026-06-29T00:00:00-06:00,,1,,false,ACTIVE,EA,,VALID,CURRENT,coolit-synthetic-v2.0.0,ALL_SYNTHETIC_CUSTOMERS,ALL_SYNTHETIC_PROGRAMS,CFG-RM-02,SYNTHETIC_INTERNAL,SNP-COOLIT-20260925-BL,SCN-BASELINE,WOCOMP-0029-012,WO-0029,BOMC-06-012,30,P-COMP-133,36,25,0,36,P-COMP-023,,EFFECTIVE
TEN-COOLIT-SYN-001,SITE-COOLIT-SYN-01,ERP,WORK_ORDER_COMPONENT,WOCOMP-0029-013,WOCOMP-0029-013,RESOLVED,2026-09-25T23:59:59-06:00,2026-09-26T08:00:00-06:00,2026-06-29T00:00:00-06:00,,1,,false,ACTIVE,EA,,VALID,CURRENT,coolit-synthetic-v2.0.0,ALL_SYNTHETIC_CUSTOMERS,ALL_SYNTHETIC_PROGRAMS,CFG-RM-02,SYNTHETIC_INTERNAL,SNP-COOLIT-20260925-BL,SCN-BASELINE,WOCOMP-0029-013,WO-0029,BOMC-06-013,30,P-COMP-140,36,25,0,36,,,EFFECTIVE
TEN-COOLIT-SYN-001,SITE-COOLIT-SYN-01,ERP,WORK_ORDER_COMPONENT,WOCOMP-0029-014,WOCOMP-0029-014,RESOLVED,2026-09-25T23:59:59-06:00,2026-09-26T08:00:00-06:00,2026-06-29T00:00:00-06:00,,1,,false,ACTIVE,EA,,VALID,CURRENT,coolit-synthetic-v2.0.0,ALL_SYNTHETIC_CUSTOMERS,ALL_SYNTHETIC_PROGRAMS,CFG-RM-02,SYNTHETIC_INTERNAL,SNP-COOLIT-20260925-BL,SCN-BASELINE,WOCOMP-0029-014,WO-0029,BOMC-06-014,30,P-COMP-147,36,25,0,36,,,EFFECTIVE
TEN-COOLIT-SYN-001,SITE-COOLIT-SYN-01,ERP,WORK_ORDER_COMPONENT,WOCOMP-0029-015,WOCOMP-0029-015,RESOLVED,2026-09-25T23:59:59-06:00,2026-09-26T08:00:00-06:00,2026-06-29T00:00:00-06:00,,1,,false,ACTIVE,EA,,VALID,CURRENT,coolit-synthetic-v2.0.0,ALL_SYNTHETIC_CUSTOMERS,ALL_SYNTHETIC_PROGRAMS,CFG-RM-02,SYNTHETIC_INTERNAL,SNP-COOLIT-20260925-BL,SCN-BASELINE,WOCOMP-0029-015,WO-0029,BOMC-06-015,30,P-COMP-154,36,25,0,36,,,EFFECTIVE
TEN-COOLIT-SYN-001,SITE-COOLIT-SYN-01,ERP,WORK_ORDER_COMPONENT,WOCOMP-0029-016,WOCOMP-0029-016,RESOLVED,2026-09-25T23:59:59-06:00,2026-09-26T08:00:00-06:00,2026-06-29T00:00:00-06:00,,1,,false,ACTIVE,EA,,VALID,CURRENT,coolit-synthetic-v2.0.0,ALL_SYNTHETIC_CUSTOMERS,ALL_SYNTHETIC_PROGRAMS,CFG-RM-02,SYNTHETIC_INTERNAL,SNP-COOLIT-20260925-BL,SCN-BASELINE,WOCOMP-0029-016,WO-0029,BOMC-06-016,40,P-COMP-161,36,25,0,36,,,EFFECTIVE
TEN-COOLIT-SYN-001,SITE-COOLIT-SYN-01,ERP,WORK_ORDER_COMPONENT,WOCOMP-0029-017,WOCOMP-0029-017,RESOLVED,2026-09-25T23:59:59-06:00,2026-09-26T08:00:00-06:00,2026-06-29T00:00:00-06:00,,1,,false,ACTIVE,EA,,VALID,CURRENT,coolit-synthetic-v2.0.0,ALL_SYNTHETIC_CUSTOMERS,ALL_SYNTHETIC_PROGRAMS,CFG-RM-02,SYNTHETIC_INTERNAL,SNP-COOLIT-20260925-BL,SCN-BASELINE,WOCOMP-0029-017,WO-0029,BOMC-06-017,40,P-COMP-168,36,25,0,36,,,EFFECTIVE
TEN-COOLIT-SYN-001,SITE-COOLIT-SYN-01,ERP,WORK_ORDER_COMPONENT,WOCOMP-0029-018,WOCOMP-0029-018,RESOLVED,2026-09-25T23:59:59-06:00,2026-09-26T08:00:00-06:00,2026-06-29T00:00:00-06:00,,1,,false,ACTIVE,EA,,VALID,CURRENT,coolit-synthetic-v2.0.0,ALL_SYNTHETIC_CUSTOMERS,ALL_SYNTHETIC_PROGRAMS,CFG-RM-02,SYNTHETIC_INTERNAL,SNP-COOLIT-20260925-BL,SCN-BASELINE,WOCOMP-0029-018,WO-0029,BOMC-06-018,40,P-COMP-175,36,25,0,36,,,EFFECTIVE
TEN-COOLIT-SYN-001,SITE-COOLIT-SYN-01,ERP,WORK_ORDER_COMPONENT,WOCOMP-0029-019,WOCOMP-0029-019,RESOLVED,2026-09-25T23:59:59-06:00,2026-09-26T08:00:00-06:00,2026-06-29T00:00:00-06:00,,1,,false,ACTIVE,EA,,VALID,CURRENT,coolit-synthetic-v2.0.0,ALL_SYNTHETIC_CUSTOMERS,ALL_SYNTHETIC_PROGRAMS,CFG-RM-02,SYNTHETIC_INTERNAL,SNP-COOLIT-20260925-BL,SCN-BASELINE,WOCOMP-0029-019,WO-0029,BOMC-06-019,40,P-COMP-182,72,50,0,72,,,EFFECTIVE
TEN-COOLIT-SYN-001,SITE-COOLIT-SYN-01,ERP,WORK_ORDER_COMPONENT,WOCOMP-0029-020,WOCOMP-0029-020,RESOLVED,2026-09-25T23:59:59-06:00,2026-09-26T08:00:00-06:00,2026-06-29T00:00:00-06:00,,1,,false,ACTIVE,EA,,VALID,CURRENT,coolit-synthetic-v2.0.0,ALL_SYNTHETIC_CUSTOMERS,ALL_SYNTHETIC_PROGRAMS,CFG-RM-02,SYNTHETIC_INTERNAL,SNP-COOLIT-20260925-BL,SCN-BASELINE,WOCOMP-0029-020,WO-0029,BOMC-06-020,40,P-COMP-189,36,25,0,36,,,EFFECTIVE
TEN-COOLIT-SYN-001,SITE-COOLIT-SYN-01,ERP,WORK_ORDER_COMPONENT,WOCOMP-0029-021,WOCOMP-0029-021,RESOLVED,2026-09-25T23:59:59-06:00,2026-09-26T08:00:00-06:00,2026-06-29T00:00:00-06:00,,1,,false,ACTIVE,EA,,VALID,CURRENT,coolit-synthetic-v2.0.0,ALL_SYNTHETIC_CUSTOMERS,ALL_SYNTHETIC_PROGRAMS,CFG-RM-02,SYNTHETIC_INTERNAL,SNP-COOLIT-20260925-BL,SCN-BASELINE,WOCOMP-0029-021,WO-0029,BOMC-06-021,50,P-COMP-196,36,25,0,36,,,EFFECTIVE
TEN-COOLIT-SYN-001,SITE-COOLIT-SYN-01,ERP,WORK_ORDER_COMPONENT,WOCOMP-0029-022,WOCOMP-0029-022,RESOLVED,2026-09-25T23:59:59-06:00,2026-09-26T08:00:00-06:00,2026-06-29T00:00:00-06:00,,1,,false,ACTIVE,EA,,VALID,CURRENT,coolit-synthetic-v2.0.0,ALL_SYNTHETIC_CUSTOMERS,ALL_SYNTHETIC_PROGRAMS,CFG-RM-02,SYNTHETIC_INTERNAL,SNP-COOLIT-20260925-BL,SCN-BASELINE,WOCOMP-0029-022,WO-0029,BOMC-06-022,50,P-COMP-203,36,25,0,36,,,EFFECTIVE
TEN-COOLIT-SYN-001,SITE-COOLIT-SYN-01,ERP,WORK_ORDER_COMPONENT,WOCOMP-0029-023,WOCOMP-0029-023,RESOLVED,2026-09-25T23:59:59-06:00,2026-09-26T08:00:00-06:00,2026-06-29T00:00:00-06:00,,1,,false,ACTIVE,EA,,VALID,CURRENT,coolit-synthetic-v2.0.0,ALL_SYNTHETIC_CUSTOMERS,ALL_SYNTHETIC_PROGRAMS,CFG-RM-02,SYNTHETIC_INTERNAL,SNP-COOLIT-20260925-BL,SCN-BASELINE,WOCOMP-0029-023,WO-0029,BOMC-06-023,50,P-QD-002,36,25,0,36,P-COMP-034,,EFFECTIVE
TEN-COOLIT-SYN-001,SITE-COOLIT-SYN-01,ERP,WORK_ORDER_COMPONENT,WOCOMP-0029-024,WOCOMP-0029-024,RESOLVED,2026-09-25T23:59:59-06:00,2026-09-26T08:00:00-06:00,2026-06-29T00:00:00-06:00,,1,,false,ACTIVE,EA,,VALID,CURRENT,coolit-synthetic-v2.0.0,ALL_SYNTHETIC_CUSTOMERS,ALL_SYNTHETIC_PROGRAMS,CFG-RM-02,SYNTHETIC_INTERNAL,SNP-COOLIT-20260925-BL,SCN-BASELINE,WOCOMP-0029-024,WO-0029,BOMC-06-024,50,P-QD-009,36,25,0,36,,,EFFECTIVE
TEN-COOLIT-SYN-001,SITE-COOLIT-SYN-01,ERP,WORK_ORDER_COMPONENT,WOCOMP-0029-025,WOCOMP-0029-025,RESOLVED,2026-09-25T23:59:59-06:00,2026-09-26T08:00:00-06:00,2026-06-29T00:00:00-06:00,,1,,false,ACTIVE,EA,,VALID,CURRENT,coolit-synthetic-v2.0.0,ALL_SYNTHETIC_CUSTOMERS,ALL_SYNTHETIC_PROGRAMS,CFG-RM-02,SYNTHETIC_INTERNAL,SNP-COOLIT-20260925-BL,SCN-BASELINE,WOCOMP-0029-025,WO-0029,BOMC-06-025,50,P-PUMP-006,36,25,0,36,,,EFFECTIVE
TEN-COOLIT-SYN-001,SITE-COOLIT-SYN-01,ERP,WORK_ORDER_COMPONENT,WOCOMP-0029-026,WOCOMP-0029-026,RESOLVED,2026-09-25T23:59:59-06:00,2026-09-26T08:00:00-06:00,2026-06-29T00:00:00-06:00,,1,,false,ACTIVE,EA,,VALID,CURRENT,coolit-synthetic-v2.0.0,ALL_SYNTHETIC_CUSTOMERS,ALL_SYNTHETIC_PROGRAMS,CFG-RM-02,SYNTHETIC_INTERNAL,SNP-COOLIT-20260925-BL,SCN-BASELINE,WOCOMP-0029-026,WO-0029,BOMC-06-026,60,P-HX-005,36,25,0,36,,,EFFECTIVE
TEN-COOLIT-SYN-001,SITE-COOLIT-SYN-01,ERP,WORK_ORDER_COMPONENT,WOCOMP-0029-027,WOCOMP-0029-027,RESOLVED,2026-09-25T23:59:59-06:00,2026-09-26T08:00:00-06:00,2026-06-29T00:00:00-06:00,,1,,false,ACTIVE,EA,,VALID,CURRENT,coolit-synthetic-v2.0.0,ALL_SYNTHETIC_CUSTOMERS,ALL_SYNTHETIC_PROGRAMS,CFG-RM-02,SYNTHETIC_INTERNAL,SNP-COOLIT-20260925-BL,SCN-BASELINE,WOCOMP-0029-027,WO-0029,BOMC-06-027,60,P-CTRL-006,36,25,0,36,,,EFFECTIVE
TEN-COOLIT-SYN-001,SITE-COOLIT-SYN-01,ERP,WORK_ORDER_COMPONENT,WOCOMP-0029-028,WOCOMP-0029-028,RESOLVED,2026-09-25T23:59:59-06:00,2026-09-26T08:00:00-06:00,2026-06-29T00:00:00-06:00,,1,,false,ACTIVE,EA,,VALID,CURRENT,coolit-synthetic-v2.0.0,ALL_SYNTHETIC_CUSTOMERS,ALL_SYNTHETIC_PROGRAMS,CFG-RM-02,SYNTHETIC_INTERNAL,SNP-COOLIT-20260925-BL,SCN-BASELINE,WOCOMP-0029-028,WO-0029,BOMC-06-028,60,P-COMP-007,72,50,0,72,,,EFFECTIVE
TEN-COOLIT-SYN-001,SITE-COOLIT-SYN-01,ERP,WORK_ORDER_COMPONENT,WOCOMP-0029-029,WOCOMP-0029-029,RESOLVED,2026-09-25T23:59:59-06:00,2026-09-26T08:00:00-06:00,2026-06-29T00:00:00-06:00,,1,,false,ACTIVE,EA,,VALID,CURRENT,coolit-synthetic-v2.0.0,ALL_SYNTHETIC_CUSTOMERS,ALL_SYNTHETIC_PROGRAMS,CFG-RM-02,SYNTHETIC_INTERNAL,SNP-COOLIT-20260925-BL,SCN-BASELINE,WOCOMP-0029-029,WO-0029,BOMC-06-029,60,P-COMP-014,36,25,0,36,,,EFFECTIVE
TEN-COOLIT-SYN-001,SITE-COOLIT-SYN-01,ERP,WORK_ORDER_COMPONENT,WOCOMP-0029-030,WOCOMP-0029-030,RESOLVED,2026-09-25T23:59:59-06:00,2026-09-26T08:00:00-06:00,2026-06-29T00:00:00-06:00,,1,,false,ACTIVE,EA,,VALID,CURRENT,coolit-synthetic-v2.0.0,ALL_SYNTHETIC_CUSTOMERS,ALL_SYNTHETIC_PROGRAMS,CFG-RM-02,SYNTHETIC_INTERNAL,SNP-COOLIT-20260925-BL,SCN-BASELINE,WOCOMP-0029-030,WO-0029,BOMC-06-030,60,P-COMP-021,36,25,0,36,,,EFFECTIVE
TEN-COOLIT-SYN-001,SITE-COOLIT-SYN-01,ERP,WORK_ORDER_COMPONENT,WOCOMP-0030-001,WOCOMP-0030-001,RESOLVED,2026-09-25T23:59:59-06:00,2026-09-26T08:00:00-06:00,2026-06-29T00:00:00-06:00,,1,,false,ACTIVE,EA,,VALID,CURRENT,coolit-synthetic-v2.0.0,ALL_SYNTHETIC_CUSTOMERS,ALL_SYNTHETIC_PROGRAMS,CFG-CPL-01,SYNTHETIC_INTERNAL,SNP-COOLIT-20260925-BL,SCN-BASELINE,WOCOMP-0030-001,WO-0030,BOMC-01-001,10,P-QD-001,84,58,0,84,P-COMP-013,,EFFECTIVE
TEN-COOLIT-SYN-001,SITE-COOLIT-SYN-01,ERP,WORK_ORDER_COMPONENT,WOCOMP-0030-002,WOCOMP-0030-002,RESOLVED,2026-09-25T23:59:59-06:00,2026-09-26T08:00:00-06:00,2026-06-29T00:00:00-06:00,,1,,false,ACTIVE,EA,,VALID,CURRENT,coolit-synthetic-v2.0.0,ALL_SYNTHETIC_CUSTOMERS,ALL_SYNTHETIC_PROGRAMS,CFG-CPL-01,SYNTHETIC_INTERNAL,SNP-COOLIT-20260925-BL,SCN-BASELINE,WOCOMP-0030-002,WO-0030,BOMC-01-002,10,P-QD-008,42,29,0,42,,,EFFECTIVE
TEN-COOLIT-SYN-001,SITE-COOLIT-SYN-01,ERP,WORK_ORDER_COMPONENT,WOCOMP-0030-003,WOCOMP-0030-003,RESOLVED,2026-09-25T23:59:59-06:00,2026-09-26T08:00:00-06:00,2026-06-29T00:00:00-06:00,,1,,false,ACTIVE,EA,,VALID,CURRENT,coolit-synthetic-v2.0.0,ALL_SYNTHETIC_CUSTOMERS,ALL_SYNTHETIC_PROGRAMS,CFG-CPL-01,SYNTHETIC_INTERNAL,SNP-COOLIT-20260925-BL,SCN-BASELINE,WOCOMP-0030-003,WO-0030,BOMC-01-003,10,P-PUMP-005,42,29,0,42,,,EFFECTIVE
TEN-COOLIT-SYN-001,SITE-COOLIT-SYN-01,ERP,WORK_ORDER_COMPONENT,WOCOMP-0030-004,WOCOMP-0030-004,RESOLVED,2026-09-25T23:59:59-06:00,2026-09-26T08:00:00-06:00,2026-06-29T00:00:00-06:00,,1,,false,ACTIVE,EA,,VALID,CURRENT,coolit-synthetic-v2.0.0,ALL_SYNTHETIC_CUSTOMERS,ALL_SYNTHETIC_PROGRAMS,CFG-CPL-01,SYNTHETIC_INTERNAL,SNP-COOLIT-20260925-BL,SCN-BASELINE,WOCOMP-0030-004,WO-0030,BOMC-01-004,10,P-HX-004,42,29,0,42,,,EFFECTIVE
TEN-COOLIT-SYN-001,SITE-COOLIT-SYN-01,ERP,WORK_ORDER_COMPONENT,WOCOMP-0030-005,WOCOMP-0030-005,RESOLVED,2026-09-25T23:59:59-06:00,2026-09-26T08:00:00-06:00,2026-06-29T00:00:00-06:00,,1,,false,ACTIVE,EA,,VALID,CURRENT,coolit-synthetic-v2.0.0,ALL_SYNTHETIC_CUSTOMERS,ALL_SYNTHETIC_PROGRAMS,CFG-CPL-01,SYNTHETIC_INTERNAL,SNP-COOLIT-20260925-BL,SCN-BASELINE,WOCOMP-0030-005,WO-0030,BOMC-01-005,10,P-CTRL-005,42,29,0,42,,,EFFECTIVE
TEN-COOLIT-SYN-001,SITE-COOLIT-SYN-01,ERP,WORK_ORDER_COMPONENT,WOCOMP-0030-006,WOCOMP-0030-006,RESOLVED,2026-09-25T23:59:59-06:00,2026-09-26T08:00:00-06:00,2026-06-29T00:00:00-06:00,,1,,false,ACTIVE,EA,,VALID,CURRENT,coolit-synthetic-v2.0.0,ALL_SYNTHETIC_CUSTOMERS,ALL_SYNTHETIC_PROGRAMS,CFG-CPL-01,SYNTHETIC_INTERNAL,SNP-COOLIT-20260925-BL,SCN-BASELINE,WOCOMP-0030-006,WO-0030,BOMC-01-006,20,P-COMP-006,42,29,0,42,,,EFFECTIVE
TEN-COOLIT-SYN-001,SITE-COOLIT-SYN-01,ERP,WORK_ORDER_COMPONENT,WOCOMP-0030-007,WOCOMP-0030-007,RESOLVED,2026-09-25T23:59:59-06:00,2026-09-26T08:00:00-06:00,2026-06-29T00:00:00-06:00,,1,,false,ACTIVE,EA,,VALID,CURRENT,coolit-synthetic-v2.0.0,ALL_SYNTHETIC_CUSTOMERS,ALL_SYNTHETIC_PROGRAMS,CFG-CPL-01,SYNTHETIC_INTERNAL,SNP-COOLIT-20260925-BL,SCN-BASELINE,WOCOMP-0030-007,WO-0030,BOMC-01-007,20,P-COMP-013,42,29,0,42,,,EFFECTIVE
TEN-COOLIT-SYN-001,SITE-COOLIT-SYN-01,ERP,WORK_ORDER_COMPONENT,WOCOMP-0030-008,WOCOMP-0030-008,RESOLVED,2026-09-25T23:59:59-06:00,2026-09-26T08:00:00-06:00,2026-06-29T00:00:00-06:00,,1,,false,ACTIVE,EA,,VALID,CURRENT,coolit-synthetic-v2.0.0,ALL_SYNTHETIC_CUSTOMERS,ALL_SYNTHETIC_PROGRAMS,CFG-CPL-01,SYNTHETIC_INTERNAL,SNP-COOLIT-20260925-BL,SCN-BASELINE,WOCOMP-0030-008,WO-0030,BOMC-01-008,20,P-COMP-020,42,29,0,42,,,EFFECTIVE
TEN-COOLIT-SYN-001,SITE-COOLIT-SYN-01,ERP,WORK_ORDER_COMPONENT,WOCOMP-0030-009,WOCOMP-0030-009,RESOLVED,2026-09-25T23:59:59-06:00,2026-09-26T08:00:00-06:00,2026-06-29T00:00:00-06:00,,1,,false,ACTIVE,EA,,VALID,CURRENT,coolit-synthetic-v2.0.0,ALL_SYNTHETIC_CUSTOMERS,ALL_SYNTHETIC_PROGRAMS,CFG-CPL-01,SYNTHETIC_INTERNAL,SNP-COOLIT-20260925-BL,SCN-BASELINE,WOCOMP-0030-009,WO-0030,BOMC-01-009,20,P-COMP-027,42,29,0,42,,,EFFECTIVE
TEN-COOLIT-SYN-001,SITE-COOLIT-SYN-01,ERP,WORK_ORDER_COMPONENT,WOCOMP-0030-010,WOCOMP-0030-010,RESOLVED,2026-09-25T23:59:59-06:00,2026-09-26T08:00:00-06:00,2026-06-29T00:00:00-06:00,,1,,false,ACTIVE,EA,,VALID,CURRENT,coolit-synthetic-v2.0.0,ALL_SYNTHETIC_CUSTOMERS,ALL_SYNTHETIC_PROGRAMS,CFG-CPL-01,SYNTHETIC_INTERNAL,SNP-COOLIT-20260925-BL,SCN-BASELINE,WOCOMP-0030-010,WO-0030,BOMC-01-010,20,P-COMP-034,84,58,0,84,,,EFFECTIVE
TEN-COOLIT-SYN-001,SITE-COOLIT-SYN-01,ERP,WORK_ORDER_COMPONENT,WOCOMP-0030-011,WOCOMP-0030-011,RESOLVED,2026-09-25T23:59:59-06:00,2026-09-26T08:00:00-06:00,2026-06-29T00:00:00-06:00,,1,,false,ACTIVE,EA,,VALID,CURRENT,coolit-synthetic-v2.0.0,ALL_SYNTHETIC_CUSTOMERS,ALL_SYNTHETIC_PROGRAMS,CFG-CPL-01,SYNTHETIC_INTERNAL,SNP-COOLIT-20260925-BL,SCN-BASELINE,WOCOMP-0030-011,WO-0030,BOMC-01-011,30,P-COMP-041,42,29,0,42,,,EFFECTIVE
TEN-COOLIT-SYN-001,SITE-COOLIT-SYN-01,ERP,WORK_ORDER_COMPONENT,WOCOMP-0030-012,WOCOMP-0030-012,RESOLVED,2026-09-25T23:59:59-06:00,2026-09-26T08:00:00-06:00,2026-06-29T00:00:00-06:00,,1,,false,ACTIVE,EA,,VALID,CURRENT,coolit-synthetic-v2.0.0,ALL_SYNTHETIC_CUSTOMERS,ALL_SYNTHETIC_PROGRAMS,CFG-CPL-01,SYNTHETIC_INTERNAL,SNP-COOLIT-20260925-BL,SCN-BASELINE,WOCOMP-0030-012,WO-0030,BOMC-01-012,30,P-COMP-048,42,29,0,42,P-COMP-024,,EFFECTIVE
TEN-COOLIT-SYN-001,SITE-COOLIT-SYN-01,ERP,WORK_ORDER_COMPONENT,WOCOMP-0030-013,WOCOMP-0030-013,RESOLVED,2026-09-25T23:59:59-06:00,2026-09-26T08:00:00-06:00,2026-06-29T00:00:00-06:00,,1,,false,ACTIVE,EA,,VALID,CURRENT,coolit-synthetic-v2.0.0,ALL_SYNTHETIC_CUSTOMERS,ALL_SYNTHETIC_PROGRAMS,CFG-CPL-01,SYNTHETIC_INTERNAL,SNP-COOLIT-20260925-BL,SCN-BASELINE,WOCOMP-0030-013,WO-0030,BOMC-01-013,30,P-COMP-055,42,29,0,42,,,EFFECTIVE
TEN-COOLIT-SYN-001,SITE-COOLIT-SYN-01,ERP,WORK_ORDER_COMPONENT,WOCOMP-0030-014,WOCOMP-0030-014,RESOLVED,2026-09-25T23:59:59-06:00,2026-09-26T08:00:00-06:00,2026-06-29T00:00:00-06:00,,1,,false,ACTIVE,EA,,VALID,CURRENT,coolit-synthetic-v2.0.0,ALL_SYNTHETIC_CUSTOMERS,ALL_SYNTHETIC_PROGRAMS,CFG-CPL-01,SYNTHETIC_INTERNAL,SNP-COOLIT-20260925-BL,SCN-BASELINE,WOCOMP-0030-014,WO-0030,BOMC-01-014,30,P-COMP-062,42,29,0,42,,,EFFECTIVE
TEN-COOLIT-SYN-001,SITE-COOLIT-SYN-01,ERP,WORK_ORDER_COMPONENT,WOCOMP-0030-015,WOCOMP-0030-015,RESOLVED,2026-09-25T23:59:59-06:00,2026-09-26T08:00:00-06:00,2026-06-29T00:00:00-06:00,,1,,false,ACTIVE,EA,,VALID,CURRENT,coolit-synthetic-v2.0.0,ALL_SYNTHETIC_CUSTOMERS,ALL_SYNTHETIC_PROGRAMS,CFG-CPL-01,SYNTHETIC_INTERNAL,SNP-COOLIT-20260925-BL,SCN-BASELINE,WOCOMP-0030-015,WO-0030,BOMC-01-015,30,P-COMP-069,42,29,0,42,,,EFFECTIVE
TEN-COOLIT-SYN-001,SITE-COOLIT-SYN-01,ERP,WORK_ORDER_COMPONENT,WOCOMP-0030-016,WOCOMP-0030-016,RESOLVED,2026-09-25T23:59:59-06:00,2026-09-26T08:00:00-06:00,2026-06-29T00:00:00-06:00,,1,,false,ACTIVE,EA,,VALID,CURRENT,coolit-synthetic-v2.0.0,ALL_SYNTHETIC_CUSTOMERS,ALL_SYNTHETIC_PROGRAMS,CFG-CPL-01,SYNTHETIC_INTERNAL,SNP-COOLIT-20260925-BL,SCN-BASELINE,WOCOMP-0030-016,WO-0030,BOMC-01-016,40,P-COMP-076,42,29,0,42,,,EFFECTIVE
TEN-COOLIT-SYN-001,SITE-COOLIT-SYN-01,ERP,WORK_ORDER_COMPONENT,WOCOMP-0030-017,WOCOMP-0030-017,RESOLVED,2026-09-25T23:59:59-06:00,2026-09-26T08:00:00-06:00,2026-06-29T00:00:00-06:00,,1,,false,ACTIVE,EA,,VALID,CURRENT,coolit-synthetic-v2.0.0,ALL_SYNTHETIC_CUSTOMERS,ALL_SYNTHETIC_PROGRAMS,CFG-CPL-01,SYNTHETIC_INTERNAL,SNP-COOLIT-20260925-BL,SCN-BASELINE,WOCOMP-0030-017,WO-0030,BOMC-01-017,40,P-COMP-083,42,29,0,42,,,EFFECTIVE
TEN-COOLIT-SYN-001,SITE-COOLIT-SYN-01,ERP,WORK_ORDER_COMPONENT,WOCOMP-0030-018,WOCOMP-0030-018,RESOLVED,2026-09-25T23:59:59-06:00,2026-09-26T08:00:00-06:00,2026-06-29T00:00:00-06:00,,1,,false,ACTIVE,EA,,VALID,CURRENT,coolit-synthetic-v2.0.0,ALL_SYNTHETIC_CUSTOMERS,ALL_SYNTHETIC_PROGRAMS,CFG-CPL-01,SYNTHETIC_INTERNAL,SNP-COOLIT-20260925-BL,SCN-BASELINE,WOCOMP-0030-018,WO-0030,BOMC-01-018,40,P-COMP-090,42,29,0,42,,,EFFECTIVE
TEN-COOLIT-SYN-001,SITE-COOLIT-SYN-01,ERP,WORK_ORDER_COMPONENT,WOCOMP-0030-019,WOCOMP-0030-019,RESOLVED,2026-09-25T23:59:59-06:00,2026-09-26T08:00:00-06:00,2026-06-29T00:00:00-06:00,,1,,false,ACTIVE,EA,,VALID,CURRENT,coolit-synthetic-v2.0.0,ALL_SYNTHETIC_CUSTOMERS,ALL_SYNTHETIC_PROGRAMS,CFG-CPL-01,SYNTHETIC_INTERNAL,SNP-COOLIT-20260925-BL,SCN-BASELINE,WOCOMP-0030-019,WO-0030,BOMC-01-019,40,P-COMP-097,84,58,0,84,,,EFFECTIVE
TEN-COOLIT-SYN-001,SITE-COOLIT-SYN-01,ERP,WORK_ORDER_COMPONENT,WOCOMP-0030-020,WOCOMP-0030-020,RESOLVED,2026-09-25T23:59:59-06:00,2026-09-26T08:00:00-06:00,2026-06-29T00:00:00-06:00,,1,,false,ACTIVE,EA,,VALID,CURRENT,coolit-synthetic-v2.0.0,ALL_SYNTHETIC_CUSTOMERS,ALL_SYNTHETIC_PROGRAMS,CFG-CPL-01,SYNTHETIC_INTERNAL,SNP-COOLIT-20260925-BL,SCN-BASELINE,WOCOMP-0030-020,WO-0030,BOMC-01-020,40,P-COMP-104,42,29,0,42,,,EFFECTIVE
TEN-COOLIT-SYN-001,SITE-COOLIT-SYN-01,ERP,WORK_ORDER_COMPONENT,WOCOMP-0030-021,WOCOMP-0030-021,RESOLVED,2026-09-25T23:59:59-06:00,2026-09-26T08:00:00-06:00,2026-06-29T00:00:00-06:00,,1,,false,ACTIVE,EA,,VALID,CURRENT,coolit-synthetic-v2.0.0,ALL_SYNTHETIC_CUSTOMERS,ALL_SYNTHETIC_PROGRAMS,CFG-CPL-01,SYNTHETIC_INTERNAL,SNP-COOLIT-20260925-BL,SCN-BASELINE,WOCOMP-0030-021,WO-0030,BOMC-01-021,50,P-COMP-111,42,29,0,42,,,EFFECTIVE
TEN-COOLIT-SYN-001,SITE-COOLIT-SYN-01,ERP,WORK_ORDER_COMPONENT,WOCOMP-0030-022,WOCOMP-0030-022,RESOLVED,2026-09-25T23:59:59-06:00,2026-09-26T08:00:00-06:00,2026-06-29T00:00:00-06:00,,1,,false,ACTIVE,EA,,VALID,CURRENT,coolit-synthetic-v2.0.0,ALL_SYNTHETIC_CUSTOMERS,ALL_SYNTHETIC_PROGRAMS,CFG-CPL-01,SYNTHETIC_INTERNAL,SNP-COOLIT-20260925-BL,SCN-BASELINE,WOCOMP-0030-022,WO-0030,BOMC-01-022,50,P-COMP-118,42,29,0,42,,,EFFECTIVE
TEN-COOLIT-SYN-001,SITE-COOLIT-SYN-01,ERP,WORK_ORDER_COMPONENT,WOCOMP-0030-023,WOCOMP-0030-023,RESOLVED,2026-09-25T23:59:59-06:00,2026-09-26T08:00:00-06:00,2026-06-29T00:00:00-06:00,,1,,false,ACTIVE,EA,,VALID,CURRENT,coolit-synthetic-v2.0.0,ALL_SYNTHETIC_CUSTOMERS,ALL_SYNTHETIC_PROGRAMS,CFG-CPL-01,SYNTHETIC_INTERNAL,SNP-COOLIT-20260925-BL,SCN-BASELINE,WOCOMP-0030-023,WO-0030,BOMC-01-023,50,P-COMP-125,42,29,0,42,P-COMP-035,,EFFECTIVE
TEN-COOLIT-SYN-001,SITE-COOLIT-SYN-01,ERP,WORK_ORDER_COMPONENT,WOCOMP-0030-024,WOCOMP-0030-024,RESOLVED,2026-09-25T23:59:59-06:00,2026-09-26T08:00:00-06:00,2026-06-29T00:00:00-06:00,,1,,false,ACTIVE,EA,,VALID,CURRENT,coolit-synthetic-v2.0.0,ALL_SYNTHETIC_CUSTOMERS,ALL_SYNTHETIC_PROGRAMS,CFG-CPL-01,SYNTHETIC_INTERNAL,SNP-COOLIT-20260925-BL,SCN-BASELINE,WOCOMP-0030-024,WO-0030,BOMC-01-024,50,P-COMP-132,42,29,0,42,,,EFFECTIVE
TEN-COOLIT-SYN-001,SITE-COOLIT-SYN-01,ERP,WORK_ORDER_COMPONENT,WOCOMP-0030-025,WOCOMP-0030-025,RESOLVED,2026-09-25T23:59:59-06:00,2026-09-26T08:00:00-06:00,2026-06-29T00:00:00-06:00,,1,,false,ACTIVE,EA,,VALID,CURRENT,coolit-synthetic-v2.0.0,ALL_SYNTHETIC_CUSTOMERS,ALL_SYNTHETIC_PROGRAMS,CFG-CPL-01,SYNTHETIC_INTERNAL,SNP-COOLIT-20260925-BL,SCN-BASELINE,WOCOMP-0030-025,WO-0030,BOMC-01-025,50,P-COMP-139,42,29,0,42,,,EFFECTIVE
TEN-COOLIT-SYN-001,SITE-COOLIT-SYN-01,ERP,WORK_ORDER_COMPONENT,WOCOMP-0030-026,WOCOMP-0030-026,RESOLVED,2026-09-25T23:59:59-06:00,2026-09-26T08:00:00-06:00,2026-06-29T00:00:00-06:00,,1,,false,ACTIVE,EA,,VALID,CURRENT,coolit-synthetic-v2.0.0,ALL_SYNTHETIC_CUSTOMERS,ALL_SYNTHETIC_PROGRAMS,CFG-CPL-01,SYNTHETIC_INTERNAL,SNP-COOLIT-20260925-BL,SCN-BASELINE,WOCOMP-0030-026,WO-0030,BOMC-01-026,60,P-COMP-146,42,29,0,42,,,EFFECTIVE
TEN-COOLIT-SYN-001,SITE-COOLIT-SYN-01,ERP,WORK_ORDER_COMPONENT,WOCOMP-0030-027,WOCOMP-0030-027,RESOLVED,2026-09-25T23:59:59-06:00,2026-09-26T08:00:00-06:00,2026-06-29T00:00:00-06:00,,1,,false,ACTIVE,EA,,VALID,CURRENT,coolit-synthetic-v2.0.0,ALL_SYNTHETIC_CUSTOMERS,ALL_SYNTHETIC_PROGRAMS,CFG-CPL-01,SYNTHETIC_INTERNAL,SNP-COOLIT-20260925-BL,SCN-BASELINE,WOCOMP-0030-027,WO-0030,BOMC-01-027,60,P-COMP-153,42,29,0,42,,,EFFECTIVE
TEN-COOLIT-SYN-001,SITE-COOLIT-SYN-01,ERP,WORK_ORDER_COMPONENT,WOCOMP-0030-028,WOCOMP-0030-028,RESOLVED,2026-09-25T23:59:59-06:00,2026-09-26T08:00:00-06:00,2026-06-29T00:00:00-06:00,,1,,false,ACTIVE,EA,,VALID,CURRENT,coolit-synthetic-v2.0.0,ALL_SYNTHETIC_CUSTOMERS,ALL_SYNTHETIC_PROGRAMS,CFG-CPL-01,SYNTHETIC_INTERNAL,SNP-COOLIT-20260925-BL,SCN-BASELINE,WOCOMP-0030-028,WO-0030,BOMC-01-028,60,P-COMP-160,84,58,0,84,,,EFFECTIVE
TEN-COOLIT-SYN-001,SITE-COOLIT-SYN-01,ERP,WORK_ORDER_COMPONENT,WOCOMP-0030-029,WOCOMP-0030-029,RESOLVED,2026-09-25T23:59:59-06:00,2026-09-26T08:00:00-06:00,2026-06-29T00:00:00-06:00,,1,,false,ACTIVE,EA,,VALID,CURRENT,coolit-synthetic-v2.0.0,ALL_SYNTHETIC_CUSTOMERS,ALL_SYNTHETIC_PROGRAMS,CFG-CPL-01,SYNTHETIC_INTERNAL,SNP-COOLIT-20260925-BL,SCN-BASELINE,WOCOMP-0030-029,WO-0030,BOMC-01-029,60,P-COMP-167,42,29,0,42,,,EFFECTIVE
TEN-COOLIT-SYN-001,SITE-COOLIT-SYN-01,ERP,WORK_ORDER_COMPONENT,WOCOMP-0030-030,WOCOMP-0030-030,RESOLVED,2026-09-25T23:59:59-06:00,2026-09-26T08:00:00-06:00,2026-06-29T00:00:00-06:00,,1,,false,ACTIVE,EA,,VALID,CURRENT,coolit-synthetic-v2.0.0,ALL_SYNTHETIC_CUSTOMERS,ALL_SYNTHETIC_PROGRAMS,CFG-CPL-01,SYNTHETIC_INTERNAL,SNP-COOLIT-20260925-BL,SCN-BASELINE,WOCOMP-0030-030,WO-0030,BOMC-01-030,60,P-COMP-174,42,29,0,42,,,EFFECTIVE
TEN-COOLIT-SYN-001,SITE-COOLIT-SYN-01,ERP,WORK_ORDER_COMPONENT,WOCOMP-0031-001,WOCOMP-0031-001,RESOLVED,2026-09-25T23:59:59-06:00,2026-09-26T08:00:00-06:00,2026-06-29T00:00:00-06:00,,1,,false,ACTIVE,EA,,VALID,CURRENT,coolit-synthetic-v2.0.0,ALL_SYNTHETIC_CUSTOMERS,ALL_SYNTHETIC_PROGRAMS,CFG-RM-04,SYNTHETIC_INTERNAL,SNP-COOLIT-20260925-BL,SCN-BASELINE,WOCOMP-0031-001,WO-0031,BOMC-08-001,10,P-COMP-090,96,67,0,96,P-COMP-014,,EFFECTIVE
TEN-COOLIT-SYN-001,SITE-COOLIT-SYN-01,ERP,WORK_ORDER_COMPONENT,WOCOMP-0031-002,WOCOMP-0031-002,RESOLVED,2026-09-25T23:59:59-06:00,2026-09-26T08:00:00-06:00,2026-06-29T00:00:00-06:00,,1,,false,ACTIVE,EA,,VALID,CURRENT,coolit-synthetic-v2.0.0,ALL_SYNTHETIC_CUSTOMERS,ALL_SYNTHETIC_PROGRAMS,CFG-RM-04,SYNTHETIC_INTERNAL,SNP-COOLIT-20260925-BL,SCN-BASELINE,WOCOMP-0031-002,WO-0031,BOMC-08-002,10,P-COMP-097,48,33,0,48,,,EFFECTIVE
TEN-COOLIT-SYN-001,SITE-COOLIT-SYN-01,ERP,WORK_ORDER_COMPONENT,WOCOMP-0031-003,WOCOMP-0031-003,RESOLVED,2026-09-25T23:59:59-06:00,2026-09-26T08:00:00-06:00,2026-06-29T00:00:00-06:00,,1,,false,ACTIVE,EA,,VALID,CURRENT,coolit-synthetic-v2.0.0,ALL_SYNTHETIC_CUSTOMERS,ALL_SYNTHETIC_PROGRAMS,CFG-RM-04,SYNTHETIC_INTERNAL,SNP-COOLIT-20260925-BL,SCN-BASELINE,WOCOMP-0031-003,WO-0031,BOMC-08-003,10,P-COMP-104,48,33,0,48,,,EFFECTIVE
TEN-COOLIT-SYN-001,SITE-COOLIT-SYN-01,ERP,WORK_ORDER_COMPONENT,WOCOMP-0031-004,WOCOMP-0031-004,RESOLVED,2026-09-25T23:59:59-06:00,2026-09-26T08:00:00-06:00,2026-06-29T00:00:00-06:00,,1,,false,ACTIVE,EA,,VALID,CURRENT,coolit-synthetic-v2.0.0,ALL_SYNTHETIC_CUSTOMERS,ALL_SYNTHETIC_PROGRAMS,CFG-RM-04,SYNTHETIC_INTERNAL,SNP-COOLIT-20260925-BL,SCN-BASELINE,WOCOMP-0031-004,WO-0031,BOMC-08-004,10,P-COMP-111,48,33,0,48,,,EFFECTIVE
TEN-COOLIT-SYN-001,SITE-COOLIT-SYN-01,ERP,WORK_ORDER_COMPONENT,WOCOMP-0031-005,WOCOMP-0031-005,RESOLVED,2026-09-25T23:59:59-06:00,2026-09-26T08:00:00-06:00,2026-06-29T00:00:00-06:00,,1,,false,ACTIVE,EA,,VALID,CURRENT,coolit-synthetic-v2.0.0,ALL_SYNTHETIC_CUSTOMERS,ALL_SYNTHETIC_PROGRAMS,CFG-RM-04,SYNTHETIC_INTERNAL,SNP-COOLIT-20260925-BL,SCN-BASELINE,WOCOMP-0031-005,WO-0031,BOMC-08-005,10,P-COMP-118,48,33,0,48,,,EFFECTIVE
TEN-COOLIT-SYN-001,SITE-COOLIT-SYN-01,ERP,WORK_ORDER_COMPONENT,WOCOMP-0031-006,WOCOMP-0031-006,RESOLVED,2026-09-25T23:59:59-06:00,2026-09-26T08:00:00-06:00,2026-06-29T00:00:00-06:00,,1,,false,ACTIVE,EA,,VALID,CURRENT,coolit-synthetic-v2.0.0,ALL_SYNTHETIC_CUSTOMERS,ALL_SYNTHETIC_PROGRAMS,CFG-RM-04,SYNTHETIC_INTERNAL,SNP-COOLIT-20260925-BL,SCN-BASELINE,WOCOMP-0031-006,WO-0031,BOMC-08-006,20,P-COMP-125,48,33,0,48,,,EFFECTIVE
TEN-COOLIT-SYN-001,SITE-COOLIT-SYN-01,ERP,WORK_ORDER_COMPONENT,WOCOMP-0031-007,WOCOMP-0031-007,RESOLVED,2026-09-25T23:59:59-06:00,2026-09-26T08:00:00-06:00,2026-06-29T00:00:00-06:00,,1,,false,ACTIVE,EA,,VALID,CURRENT,coolit-synthetic-v2.0.0,ALL_SYNTHETIC_CUSTOMERS,ALL_SYNTHETIC_PROGRAMS,CFG-RM-04,SYNTHETIC_INTERNAL,SNP-COOLIT-20260925-BL,SCN-BASELINE,WOCOMP-0031-007,WO-0031,BOMC-08-007,20,P-COMP-132,48,33,0,48,,,EFFECTIVE
TEN-COOLIT-SYN-001,SITE-COOLIT-SYN-01,ERP,WORK_ORDER_COMPONENT,WOCOMP-0031-008,WOCOMP-0031-008,RESOLVED,2026-09-25T23:59:59-06:00,2026-09-26T08:00:00-06:00,2026-06-29T00:00:00-06:00,,1,,false,ACTIVE,EA,,VALID,CURRENT,coolit-synthetic-v2.0.0,ALL_SYNTHETIC_CUSTOMERS,ALL_SYNTHETIC_PROGRAMS,CFG-RM-04,SYNTHETIC_INTERNAL,SNP-COOLIT-20260925-BL,SCN-BASELINE,WOCOMP-0031-008,WO-0031,BOMC-08-008,20,P-COMP-139,48,33,0,48,,,EFFECTIVE
TEN-COOLIT-SYN-001,SITE-COOLIT-SYN-01,ERP,WORK_ORDER_COMPONENT,WOCOMP-0031-009,WOCOMP-0031-009,RESOLVED,2026-09-25T23:59:59-06:00,2026-09-26T08:00:00-06:00,2026-06-29T00:00:00-06:00,,1,,false,ACTIVE,EA,,VALID,CURRENT,coolit-synthetic-v2.0.0,ALL_SYNTHETIC_CUSTOMERS,ALL_SYNTHETIC_PROGRAMS,CFG-RM-04,SYNTHETIC_INTERNAL,SNP-COOLIT-20260925-BL,SCN-BASELINE,WOCOMP-0031-009,WO-0031,BOMC-08-009,20,P-COMP-146,48,33,0,48,,,EFFECTIVE
TEN-COOLIT-SYN-001,SITE-COOLIT-SYN-01,ERP,WORK_ORDER_COMPONENT,WOCOMP-0031-010,WOCOMP-0031-010,RESOLVED,2026-09-25T23:59:59-06:00,2026-09-26T08:00:00-06:00,2026-06-29T00:00:00-06:00,,1,,false,ACTIVE,EA,,VALID,CURRENT,coolit-synthetic-v2.0.0,ALL_SYNTHETIC_CUSTOMERS,ALL_SYNTHETIC_PROGRAMS,CFG-RM-04,SYNTHETIC_INTERNAL,SNP-COOLIT-20260925-BL,SCN-BASELINE,WOCOMP-0031-010,WO-0031,BOMC-08-010,20,P-COMP-153,96,67,0,96,,,EFFECTIVE
TEN-COOLIT-SYN-001,SITE-COOLIT-SYN-01,ERP,WORK_ORDER_COMPONENT,WOCOMP-0031-011,WOCOMP-0031-011,RESOLVED,2026-09-25T23:59:59-06:00,2026-09-26T08:00:00-06:00,2026-06-29T00:00:00-06:00,,1,,false,ACTIVE,EA,,VALID,CURRENT,coolit-synthetic-v2.0.0,ALL_SYNTHETIC_CUSTOMERS,ALL_SYNTHETIC_PROGRAMS,CFG-RM-04,SYNTHETIC_INTERNAL,SNP-COOLIT-20260925-BL,SCN-BASELINE,WOCOMP-0031-011,WO-0031,BOMC-08-011,30,P-COMP-160,48,33,0,48,,,EFFECTIVE
TEN-COOLIT-SYN-001,SITE-COOLIT-SYN-01,ERP,WORK_ORDER_COMPONENT,WOCOMP-0031-012,WOCOMP-0031-012,RESOLVED,2026-09-25T23:59:59-06:00,2026-09-26T08:00:00-06:00,2026-06-29T00:00:00-06:00,,1,,false,ACTIVE,EA,,VALID,CURRENT,coolit-synthetic-v2.0.0,ALL_SYNTHETIC_CUSTOMERS,ALL_SYNTHETIC_PROGRAMS,CFG-RM-04,SYNTHETIC_INTERNAL,SNP-COOLIT-20260925-BL,SCN-BASELINE,WOCOMP-0031-012,WO-0031,BOMC-08-012,30,P-COMP-167,48,33,0,48,P-COMP-025,,EFFECTIVE
TEN-COOLIT-SYN-001,SITE-COOLIT-SYN-01,ERP,WORK_ORDER_COMPONENT,WOCOMP-0031-013,WOCOMP-0031-013,RESOLVED,2026-09-25T23:59:59-06:00,2026-09-26T08:00:00-06:00,2026-06-29T00:00:00-06:00,,1,,false,ACTIVE,EA,,VALID,CURRENT,coolit-synthetic-v2.0.0,ALL_SYNTHETIC_CUSTOMERS,ALL_SYNTHETIC_PROGRAMS,CFG-RM-04,SYNTHETIC_INTERNAL,SNP-COOLIT-20260925-BL,SCN-BASELINE,WOCOMP-0031-013,WO-0031,BOMC-08-013,30,P-COMP-174,48,33,0,48,,,EFFECTIVE
TEN-COOLIT-SYN-001,SITE-COOLIT-SYN-01,ERP,WORK_ORDER_COMPONENT,WOCOMP-0031-014,WOCOMP-0031-014,RESOLVED,2026-09-25T23:59:59-06:00,2026-09-26T08:00:00-06:00,2026-06-29T00:00:00-06:00,,1,,false,ACTIVE,EA,,VALID,CURRENT,coolit-synthetic-v2.0.0,ALL_SYNTHETIC_CUSTOMERS,ALL_SYNTHETIC_PROGRAMS,CFG-RM-04,SYNTHETIC_INTERNAL,SNP-COOLIT-20260925-BL,SCN-BASELINE,WOCOMP-0031-014,WO-0031,BOMC-08-014,30,P-COMP-181,48,33,0,48,,,EFFECTIVE
TEN-COOLIT-SYN-001,SITE-COOLIT-SYN-01,ERP,WORK_ORDER_COMPONENT,WOCOMP-0031-015,WOCOMP-0031-015,RESOLVED,2026-09-25T23:59:59-06:00,2026-09-26T08:00:00-06:00,2026-06-29T00:00:00-06:00,,1,,false,ACTIVE,EA,,VALID,CURRENT,coolit-synthetic-v2.0.0,ALL_SYNTHETIC_CUSTOMERS,ALL_SYNTHETIC_PROGRAMS,CFG-RM-04,SYNTHETIC_INTERNAL,SNP-COOLIT-20260925-BL,SCN-BASELINE,WOCOMP-0031-015,WO-0031,BOMC-08-015,30,P-COMP-188,48,33,0,48,,,EFFECTIVE
TEN-COOLIT-SYN-001,SITE-COOLIT-SYN-01,ERP,WORK_ORDER_COMPONENT,WOCOMP-0031-016,WOCOMP-0031-016,RESOLVED,2026-09-25T23:59:59-06:00,2026-09-26T08:00:00-06:00,2026-06-29T00:00:00-06:00,,1,,false,ACTIVE,EA,,VALID,CURRENT,coolit-synthetic-v2.0.0,ALL_SYNTHETIC_CUSTOMERS,ALL_SYNTHETIC_PROGRAMS,CFG-RM-04,SYNTHETIC_INTERNAL,SNP-COOLIT-20260925-BL,SCN-BASELINE,WOCOMP-0031-016,WO-0031,BOMC-08-016,40,P-COMP-195,48,33,0,48,,,EFFECTIVE
TEN-COOLIT-SYN-001,SITE-COOLIT-SYN-01,ERP,WORK_ORDER_COMPONENT,WOCOMP-0031-017,WOCOMP-0031-017,RESOLVED,2026-09-25T23:59:59-06:00,2026-09-26T08:00:00-06:00,2026-06-29T00:00:00-06:00,,1,,false,ACTIVE,EA,,VALID,CURRENT,coolit-synthetic-v2.0.0,ALL_SYNTHETIC_CUSTOMERS,ALL_SYNTHETIC_PROGRAMS,CFG-RM-04,SYNTHETIC_INTERNAL,SNP-COOLIT-20260925-BL,SCN-BASELINE,WOCOMP-0031-017,WO-0031,BOMC-08-017,40,P-COMP-202,48,33,0,48,,,EFFECTIVE
TEN-COOLIT-SYN-001,SITE-COOLIT-SYN-01,ERP,WORK_ORDER_COMPONENT,WOCOMP-0031-018,WOCOMP-0031-018,RESOLVED,2026-09-25T23:59:59-06:00,2026-09-26T08:00:00-06:00,2026-06-29T00:00:00-06:00,,1,,false,ACTIVE,EA,,VALID,CURRENT,coolit-synthetic-v2.0.0,ALL_SYNTHETIC_CUSTOMERS,ALL_SYNTHETIC_PROGRAMS,CFG-RM-04,SYNTHETIC_INTERNAL,SNP-COOLIT-20260925-BL,SCN-BASELINE,WOCOMP-0031-018,WO-0031,BOMC-08-018,40,P-QD-001,48,33,0,48,,,EFFECTIVE
TEN-COOLIT-SYN-001,SITE-COOLIT-SYN-01,ERP,WORK_ORDER_COMPONENT,WOCOMP-0031-019,WOCOMP-0031-019,RESOLVED,2026-09-25T23:59:59-06:00,2026-09-26T08:00:00-06:00,2026-06-29T00:00:00-06:00,,1,,false,ACTIVE,EA,,VALID,CURRENT,coolit-synthetic-v2.0.0,ALL_SYNTHETIC_CUSTOMERS,ALL_SYNTHETIC_PROGRAMS,CFG-RM-04,SYNTHETIC_INTERNAL,SNP-COOLIT-20260925-BL,SCN-BASELINE,WOCOMP-0031-019,WO-0031,BOMC-08-019,40,P-QD-008,96,67,0,96,,,EFFECTIVE
TEN-COOLIT-SYN-001,SITE-COOLIT-SYN-01,ERP,WORK_ORDER_COMPONENT,WOCOMP-0031-020,WOCOMP-0031-020,RESOLVED,2026-09-25T23:59:59-06:00,2026-09-26T08:00:00-06:00,2026-06-29T00:00:00-06:00,,1,,false,ACTIVE,EA,,VALID,CURRENT,coolit-synthetic-v2.0.0,ALL_SYNTHETIC_CUSTOMERS,ALL_SYNTHETIC_PROGRAMS,CFG-RM-04,SYNTHETIC_INTERNAL,SNP-COOLIT-20260925-BL,SCN-BASELINE,WOCOMP-0031-020,WO-0031,BOMC-08-020,40,P-PUMP-005,48,33,0,48,,,EFFECTIVE
TEN-COOLIT-SYN-001,SITE-COOLIT-SYN-01,ERP,WORK_ORDER_COMPONENT,WOCOMP-0031-021,WOCOMP-0031-021,RESOLVED,2026-09-25T23:59:59-06:00,2026-09-26T08:00:00-06:00,2026-06-29T00:00:00-06:00,,1,,false,ACTIVE,EA,,VALID,CURRENT,coolit-synthetic-v2.0.0,ALL_SYNTHETIC_CUSTOMERS,ALL_SYNTHETIC_PROGRAMS,CFG-RM-04,SYNTHETIC_INTERNAL,SNP-COOLIT-20260925-BL,SCN-BASELINE,WOCOMP-0031-021,WO-0031,BOMC-08-021,50,P-HX-004,48,33,0,48,,,EFFECTIVE
TEN-COOLIT-SYN-001,SITE-COOLIT-SYN-01,ERP,WORK_ORDER_COMPONENT,WOCOMP-0031-022,WOCOMP-0031-022,RESOLVED,2026-09-25T23:59:59-06:00,2026-09-26T08:00:00-06:00,2026-06-29T00:00:00-06:00,,1,,false,ACTIVE,EA,,VALID,CURRENT,coolit-synthetic-v2.0.0,ALL_SYNTHETIC_CUSTOMERS,ALL_SYNTHETIC_PROGRAMS,CFG-RM-04,SYNTHETIC_INTERNAL,SNP-COOLIT-20260925-BL,SCN-BASELINE,WOCOMP-0031-022,WO-0031,BOMC-08-022,50,P-CTRL-005,48,33,0,48,,,EFFECTIVE
TEN-COOLIT-SYN-001,SITE-COOLIT-SYN-01,ERP,WORK_ORDER_COMPONENT,WOCOMP-0031-023,WOCOMP-0031-023,RESOLVED,2026-09-25T23:59:59-06:00,2026-09-26T08:00:00-06:00,2026-06-29T00:00:00-06:00,,1,,false,ACTIVE,EA,,VALID,CURRENT,coolit-synthetic-v2.0.0,ALL_SYNTHETIC_CUSTOMERS,ALL_SYNTHETIC_PROGRAMS,CFG-RM-04,SYNTHETIC_INTERNAL,SNP-COOLIT-20260925-BL,SCN-BASELINE,WOCOMP-0031-023,WO-0031,BOMC-08-023,50,P-COMP-006,48,33,0,48,P-COMP-036,,EFFECTIVE
TEN-COOLIT-SYN-001,SITE-COOLIT-SYN-01,ERP,WORK_ORDER_COMPONENT,WOCOMP-0031-024,WOCOMP-0031-024,RESOLVED,2026-09-25T23:59:59-06:00,2026-09-26T08:00:00-06:00,2026-06-29T00:00:00-06:00,,1,,false,ACTIVE,EA,,VALID,CURRENT,coolit-synthetic-v2.0.0,ALL_SYNTHETIC_CUSTOMERS,ALL_SYNTHETIC_PROGRAMS,CFG-RM-04,SYNTHETIC_INTERNAL,SNP-COOLIT-20260925-BL,SCN-BASELINE,WOCOMP-0031-024,WO-0031,BOMC-08-024,50,P-COMP-013,48,33,0,48,,,EFFECTIVE
TEN-COOLIT-SYN-001,SITE-COOLIT-SYN-01,ERP,WORK_ORDER_COMPONENT,WOCOMP-0031-025,WOCOMP-0031-025,RESOLVED,2026-09-25T23:59:59-06:00,2026-09-26T08:00:00-06:00,2026-06-29T00:00:00-06:00,,1,,false,ACTIVE,EA,,VALID,CURRENT,coolit-synthetic-v2.0.0,ALL_SYNTHETIC_CUSTOMERS,ALL_SYNTHETIC_PROGRAMS,CFG-RM-04,SYNTHETIC_INTERNAL,SNP-COOLIT-20260925-BL,SCN-BASELINE,WOCOMP-0031-025,WO-0031,BOMC-08-025,50,P-COMP-020,48,33,0,48,,,EFFECTIVE
TEN-COOLIT-SYN-001,SITE-COOLIT-SYN-01,ERP,WORK_ORDER_COMPONENT,WOCOMP-0031-026,WOCOMP-0031-026,RESOLVED,2026-09-25T23:59:59-06:00,2026-09-26T08:00:00-06:00,2026-06-29T00:00:00-06:00,,1,,false,ACTIVE,EA,,VALID,CURRENT,coolit-synthetic-v2.0.0,ALL_SYNTHETIC_CUSTOMERS,ALL_SYNTHETIC_PROGRAMS,CFG-RM-04,SYNTHETIC_INTERNAL,SNP-COOLIT-20260925-BL,SCN-BASELINE,WOCOMP-0031-026,WO-0031,BOMC-08-026,60,P-COMP-027,48,33,0,48,,,EFFECTIVE
TEN-COOLIT-SYN-001,SITE-COOLIT-SYN-01,ERP,WORK_ORDER_COMPONENT,WOCOMP-0031-027,WOCOMP-0031-027,RESOLVED,2026-09-25T23:59:59-06:00,2026-09-26T08:00:00-06:00,2026-06-29T00:00:00-06:00,,1,,false,ACTIVE,EA,,VALID,CURRENT,coolit-synthetic-v2.0.0,ALL_SYNTHETIC_CUSTOMERS,ALL_SYNTHETIC_PROGRAMS,CFG-RM-04,SYNTHETIC_INTERNAL,SNP-COOLIT-20260925-BL,SCN-BASELINE,WOCOMP-0031-027,WO-0031,BOMC-08-027,60,P-COMP-034,48,33,0,48,,,EFFECTIVE
TEN-COOLIT-SYN-001,SITE-COOLIT-SYN-01,ERP,WORK_ORDER_COMPONENT,WOCOMP-0031-028,WOCOMP-0031-028,RESOLVED,2026-09-25T23:59:59-06:00,2026-09-26T08:00:00-06:00,2026-06-29T00:00:00-06:00,,1,,false,ACTIVE,EA,,VALID,CURRENT,coolit-synthetic-v2.0.0,ALL_SYNTHETIC_CUSTOMERS,ALL_SYNTHETIC_PROGRAMS,CFG-RM-04,SYNTHETIC_INTERNAL,SNP-COOLIT-20260925-BL,SCN-BASELINE,WOCOMP-0031-028,WO-0031,BOMC-08-028,60,P-COMP-041,96,67,0,96,,,EFFECTIVE
TEN-COOLIT-SYN-001,SITE-COOLIT-SYN-01,ERP,WORK_ORDER_COMPONENT,WOCOMP-0031-029,WOCOMP-0031-029,RESOLVED,2026-09-25T23:59:59-06:00,2026-09-26T08:00:00-06:00,2026-06-29T00:00:00-06:00,,1,,false,ACTIVE,EA,,VALID,CURRENT,coolit-synthetic-v2.0.0,ALL_SYNTHETIC_CUSTOMERS,ALL_SYNTHETIC_PROGRAMS,CFG-RM-04,SYNTHETIC_INTERNAL,SNP-COOLIT-20260925-BL,SCN-BASELINE,WOCOMP-0031-029,WO-0031,BOMC-08-029,60,P-COMP-048,48,33,0,48,,,EFFECTIVE
TEN-COOLIT-SYN-001,SITE-COOLIT-SYN-01,ERP,WORK_ORDER_COMPONENT,WOCOMP-0031-030,WOCOMP-0031-030,RESOLVED,2026-09-25T23:59:59-06:00,2026-09-26T08:00:00-06:00,2026-06-29T00:00:00-06:00,,1,,false,ACTIVE,EA,,VALID,CURRENT,coolit-synthetic-v2.0.0,ALL_SYNTHETIC_CUSTOMERS,ALL_SYNTHETIC_PROGRAMS,CFG-RM-04,SYNTHETIC_INTERNAL,SNP-COOLIT-20260925-BL,SCN-BASELINE,WOCOMP-0031-030,WO-0031,BOMC-08-030,60,P-COMP-055,48,33,0,48,,,EFFECTIVE
TEN-COOLIT-SYN-001,SITE-COOLIT-SYN-01,ERP,WORK_ORDER_COMPONENT,WOCOMP-0032-001,WOCOMP-0032-001,RESOLVED,2026-09-25T23:59:59-06:00,2026-09-26T08:00:00-06:00,2026-06-29T00:00:00-06:00,,1,,false,ACTIVE,EA,,VALID,CURRENT,coolit-synthetic-v2.0.0,ALL_SYNTHETIC_CUSTOMERS,ALL_SYNTHETIC_PROGRAMS,CFG-CPL-03,SYNTHETIC_INTERNAL,SNP-COOLIT-20260925-BL,SCN-BASELINE,WOCOMP-0032-001,WO-0032,BOMC-03-001,10,P-COMP-005,108,75,0,108,P-COMP-015,,EFFECTIVE
TEN-COOLIT-SYN-001,SITE-COOLIT-SYN-01,ERP,WORK_ORDER_COMPONENT,WOCOMP-0032-002,WOCOMP-0032-002,RESOLVED,2026-09-25T23:59:59-06:00,2026-09-26T08:00:00-06:00,2026-06-29T00:00:00-06:00,,1,,false,ACTIVE,EA,,VALID,CURRENT,coolit-synthetic-v2.0.0,ALL_SYNTHETIC_CUSTOMERS,ALL_SYNTHETIC_PROGRAMS,CFG-CPL-03,SYNTHETIC_INTERNAL,SNP-COOLIT-20260925-BL,SCN-BASELINE,WOCOMP-0032-002,WO-0032,BOMC-03-002,10,P-COMP-012,54,37,0,54,,,EFFECTIVE
TEN-COOLIT-SYN-001,SITE-COOLIT-SYN-01,ERP,WORK_ORDER_COMPONENT,WOCOMP-0032-003,WOCOMP-0032-003,RESOLVED,2026-09-25T23:59:59-06:00,2026-09-26T08:00:00-06:00,2026-06-29T00:00:00-06:00,,1,,false,ACTIVE,EA,,VALID,CURRENT,coolit-synthetic-v2.0.0,ALL_SYNTHETIC_CUSTOMERS,ALL_SYNTHETIC_PROGRAMS,CFG-CPL-03,SYNTHETIC_INTERNAL,SNP-COOLIT-20260925-BL,SCN-BASELINE,WOCOMP-0032-003,WO-0032,BOMC-03-003,10,P-COMP-019,54,37,0,54,,,EFFECTIVE
TEN-COOLIT-SYN-001,SITE-COOLIT-SYN-01,ERP,WORK_ORDER_COMPONENT,WOCOMP-0032-004,WOCOMP-0032-004,RESOLVED,2026-09-25T23:59:59-06:00,2026-09-26T08:00:00-06:00,2026-06-29T00:00:00-06:00,,1,,false,ACTIVE,EA,,VALID,CURRENT,coolit-synthetic-v2.0.0,ALL_SYNTHETIC_CUSTOMERS,ALL_SYNTHETIC_PROGRAMS,CFG-CPL-03,SYNTHETIC_INTERNAL,SNP-COOLIT-20260925-BL,SCN-BASELINE,WOCOMP-0032-004,WO-0032,BOMC-03-004,10,P-COMP-026,54,37,0,54,,,EFFECTIVE
TEN-COOLIT-SYN-001,SITE-COOLIT-SYN-01,ERP,WORK_ORDER_COMPONENT,WOCOMP-0032-005,WOCOMP-0032-005,RESOLVED,2026-09-25T23:59:59-06:00,2026-09-26T08:00:00-06:00,2026-06-29T00:00:00-06:00,,1,,false,ACTIVE,EA,,VALID,CURRENT,coolit-synthetic-v2.0.0,ALL_SYNTHETIC_CUSTOMERS,ALL_SYNTHETIC_PROGRAMS,CFG-CPL-03,SYNTHETIC_INTERNAL,SNP-COOLIT-20260925-BL,SCN-BASELINE,WOCOMP-0032-005,WO-0032,BOMC-03-005,10,P-COMP-033,54,37,0,54,,,EFFECTIVE
TEN-COOLIT-SYN-001,SITE-COOLIT-SYN-01,ERP,WORK_ORDER_COMPONENT,WOCOMP-0032-006,WOCOMP-0032-006,RESOLVED,2026-09-25T23:59:59-06:00,2026-09-26T08:00:00-06:00,2026-06-29T00:00:00-06:00,,1,,false,ACTIVE,EA,,VALID,CURRENT,coolit-synthetic-v2.0.0,ALL_SYNTHETIC_CUSTOMERS,ALL_SYNTHETIC_PROGRAMS,CFG-CPL-03,SYNTHETIC_INTERNAL,SNP-COOLIT-20260925-BL,SCN-BASELINE,WOCOMP-0032-006,WO-0032,BOMC-03-006,20,P-COMP-040,54,37,0,54,,,EFFECTIVE
TEN-COOLIT-SYN-001,SITE-COOLIT-SYN-01,ERP,WORK_ORDER_COMPONENT,WOCOMP-0032-007,WOCOMP-0032-007,RESOLVED,2026-09-25T23:59:59-06:00,2026-09-26T08:00:00-06:00,2026-06-29T00:00:00-06:00,,1,,false,ACTIVE,EA,,VALID,CURRENT,coolit-synthetic-v2.0.0,ALL_SYNTHETIC_CUSTOMERS,ALL_SYNTHETIC_PROGRAMS,CFG-CPL-03,SYNTHETIC_INTERNAL,SNP-COOLIT-20260925-BL,SCN-BASELINE,WOCOMP-0032-007,WO-0032,BOMC-03-007,20,P-COMP-047,54,37,0,54,,,EFFECTIVE
TEN-COOLIT-SYN-001,SITE-COOLIT-SYN-01,ERP,WORK_ORDER_COMPONENT,WOCOMP-0032-008,WOCOMP-0032-008,RESOLVED,2026-09-25T23:59:59-06:00,2026-09-26T08:00:00-06:00,2026-06-29T00:00:00-06:00,,1,,false,ACTIVE,EA,,VALID,CURRENT,coolit-synthetic-v2.0.0,ALL_SYNTHETIC_CUSTOMERS,ALL_SYNTHETIC_PROGRAMS,CFG-CPL-03,SYNTHETIC_INTERNAL,SNP-COOLIT-20260925-BL,SCN-BASELINE,WOCOMP-0032-008,WO-0032,BOMC-03-008,20,P-COMP-054,54,37,0,54,,,EFFECTIVE
TEN-COOLIT-SYN-001,SITE-COOLIT-SYN-01,ERP,WORK_ORDER_COMPONENT,WOCOMP-0032-009,WOCOMP-0032-009,RESOLVED,2026-09-25T23:59:59-06:00,2026-09-26T08:00:00-06:00,2026-06-29T00:00:00-06:00,,1,,false,ACTIVE,EA,,VALID,CURRENT,coolit-synthetic-v2.0.0,ALL_SYNTHETIC_CUSTOMERS,ALL_SYNTHETIC_PROGRAMS,CFG-CPL-03,SYNTHETIC_INTERNAL,SNP-COOLIT-20260925-BL,SCN-BASELINE,WOCOMP-0032-009,WO-0032,BOMC-03-009,20,P-COMP-061,54,37,0,54,,,EFFECTIVE
TEN-COOLIT-SYN-001,SITE-COOLIT-SYN-01,ERP,WORK_ORDER_COMPONENT,WOCOMP-0032-010,WOCOMP-0032-010,RESOLVED,2026-09-25T23:59:59-06:00,2026-09-26T08:00:00-06:00,2026-06-29T00:00:00-06:00,,1,,false,ACTIVE,EA,,VALID,CURRENT,coolit-synthetic-v2.0.0,ALL_SYNTHETIC_CUSTOMERS,ALL_SYNTHETIC_PROGRAMS,CFG-CPL-03,SYNTHETIC_INTERNAL,SNP-COOLIT-20260925-BL,SCN-BASELINE,WOCOMP-0032-010,WO-0032,BOMC-03-010,20,P-COMP-068,108,75,0,108,,,EFFECTIVE
TEN-COOLIT-SYN-001,SITE-COOLIT-SYN-01,ERP,WORK_ORDER_COMPONENT,WOCOMP-0032-011,WOCOMP-0032-011,RESOLVED,2026-09-25T23:59:59-06:00,2026-09-26T08:00:00-06:00,2026-06-29T00:00:00-06:00,,1,,false,ACTIVE,EA,,VALID,CURRENT,coolit-synthetic-v2.0.0,ALL_SYNTHETIC_CUSTOMERS,ALL_SYNTHETIC_PROGRAMS,CFG-CPL-03,SYNTHETIC_INTERNAL,SNP-COOLIT-20260925-BL,SCN-BASELINE,WOCOMP-0032-011,WO-0032,BOMC-03-011,30,P-COMP-075,54,37,0,54,,,EFFECTIVE
TEN-COOLIT-SYN-001,SITE-COOLIT-SYN-01,ERP,WORK_ORDER_COMPONENT,WOCOMP-0032-012,WOCOMP-0032-012,RESOLVED,2026-09-25T23:59:59-06:00,2026-09-26T08:00:00-06:00,2026-06-29T00:00:00-06:00,,1,,false,ACTIVE,EA,,VALID,CURRENT,coolit-synthetic-v2.0.0,ALL_SYNTHETIC_CUSTOMERS,ALL_SYNTHETIC_PROGRAMS,CFG-CPL-03,SYNTHETIC_INTERNAL,SNP-COOLIT-20260925-BL,SCN-BASELINE,WOCOMP-0032-012,WO-0032,BOMC-03-012,30,P-COMP-082,54,37,0,54,P-COMP-026,,EFFECTIVE
TEN-COOLIT-SYN-001,SITE-COOLIT-SYN-01,ERP,WORK_ORDER_COMPONENT,WOCOMP-0032-013,WOCOMP-0032-013,RESOLVED,2026-09-25T23:59:59-06:00,2026-09-26T08:00:00-06:00,2026-06-29T00:00:00-06:00,,1,,false,ACTIVE,EA,,VALID,CURRENT,coolit-synthetic-v2.0.0,ALL_SYNTHETIC_CUSTOMERS,ALL_SYNTHETIC_PROGRAMS,CFG-CPL-03,SYNTHETIC_INTERNAL,SNP-COOLIT-20260925-BL,SCN-BASELINE,WOCOMP-0032-013,WO-0032,BOMC-03-013,30,P-COMP-089,54,37,0,54,,,EFFECTIVE
TEN-COOLIT-SYN-001,SITE-COOLIT-SYN-01,ERP,WORK_ORDER_COMPONENT,WOCOMP-0032-014,WOCOMP-0032-014,RESOLVED,2026-09-25T23:59:59-06:00,2026-09-26T08:00:00-06:00,2026-06-29T00:00:00-06:00,,1,,false,ACTIVE,EA,,VALID,CURRENT,coolit-synthetic-v2.0.0,ALL_SYNTHETIC_CUSTOMERS,ALL_SYNTHETIC_PROGRAMS,CFG-CPL-03,SYNTHETIC_INTERNAL,SNP-COOLIT-20260925-BL,SCN-BASELINE,WOCOMP-0032-014,WO-0032,BOMC-03-014,30,P-COMP-096,54,37,0,54,,,EFFECTIVE
TEN-COOLIT-SYN-001,SITE-COOLIT-SYN-01,ERP,WORK_ORDER_COMPONENT,WOCOMP-0032-015,WOCOMP-0032-015,RESOLVED,2026-09-25T23:59:59-06:00,2026-09-26T08:00:00-06:00,2026-06-29T00:00:00-06:00,,1,,false,ACTIVE,EA,,VALID,CURRENT,coolit-synthetic-v2.0.0,ALL_SYNTHETIC_CUSTOMERS,ALL_SYNTHETIC_PROGRAMS,CFG-CPL-03,SYNTHETIC_INTERNAL,SNP-COOLIT-20260925-BL,SCN-BASELINE,WOCOMP-0032-015,WO-0032,BOMC-03-015,30,P-COMP-103,54,37,0,54,,,EFFECTIVE
TEN-COOLIT-SYN-001,SITE-COOLIT-SYN-01,ERP,WORK_ORDER_COMPONENT,WOCOMP-0032-016,WOCOMP-0032-016,RESOLVED,2026-09-25T23:59:59-06:00,2026-09-26T08:00:00-06:00,2026-06-29T00:00:00-06:00,,1,,false,ACTIVE,EA,,VALID,CURRENT,coolit-synthetic-v2.0.0,ALL_SYNTHETIC_CUSTOMERS,ALL_SYNTHETIC_PROGRAMS,CFG-CPL-03,SYNTHETIC_INTERNAL,SNP-COOLIT-20260925-BL,SCN-BASELINE,WOCOMP-0032-016,WO-0032,BOMC-03-016,40,P-COMP-110,54,37,0,54,,,EFFECTIVE
TEN-COOLIT-SYN-001,SITE-COOLIT-SYN-01,ERP,WORK_ORDER_COMPONENT,WOCOMP-0032-017,WOCOMP-0032-017,RESOLVED,2026-09-25T23:59:59-06:00,2026-09-26T08:00:00-06:00,2026-06-29T00:00:00-06:00,,1,,false,ACTIVE,EA,,VALID,CURRENT,coolit-synthetic-v2.0.0,ALL_SYNTHETIC_CUSTOMERS,ALL_SYNTHETIC_PROGRAMS,CFG-CPL-03,SYNTHETIC_INTERNAL,SNP-COOLIT-20260925-BL,SCN-BASELINE,WOCOMP-0032-017,WO-0032,BOMC-03-017,40,P-COMP-117,54,37,0,54,,,EFFECTIVE
TEN-COOLIT-SYN-001,SITE-COOLIT-SYN-01,ERP,WORK_ORDER_COMPONENT,WOCOMP-0032-018,WOCOMP-0032-018,RESOLVED,2026-09-25T23:59:59-06:00,2026-09-26T08:00:00-06:00,2026-06-29T00:00:00-06:00,,1,,false,ACTIVE,EA,,VALID,CURRENT,coolit-synthetic-v2.0.0,ALL_SYNTHETIC_CUSTOMERS,ALL_SYNTHETIC_PROGRAMS,CFG-CPL-03,SYNTHETIC_INTERNAL,SNP-COOLIT-20260925-BL,SCN-BASELINE,WOCOMP-0032-018,WO-0032,BOMC-03-018,40,P-COMP-124,54,37,0,54,,,EFFECTIVE
TEN-COOLIT-SYN-001,SITE-COOLIT-SYN-01,ERP,WORK_ORDER_COMPONENT,WOCOMP-0032-019,WOCOMP-0032-019,RESOLVED,2026-09-25T23:59:59-06:00,2026-09-26T08:00:00-06:00,2026-06-29T00:00:00-06:00,,1,,false,ACTIVE,EA,,VALID,CURRENT,coolit-synthetic-v2.0.0,ALL_SYNTHETIC_CUSTOMERS,ALL_SYNTHETIC_PROGRAMS,CFG-CPL-03,SYNTHETIC_INTERNAL,SNP-COOLIT-20260925-BL,SCN-BASELINE,WOCOMP-0032-019,WO-0032,BOMC-03-019,40,P-COMP-131,108,75,0,108,,,EFFECTIVE
TEN-COOLIT-SYN-001,SITE-COOLIT-SYN-01,ERP,WORK_ORDER_COMPONENT,WOCOMP-0032-020,WOCOMP-0032-020,RESOLVED,2026-09-25T23:59:59-06:00,2026-09-26T08:00:00-06:00,2026-06-29T00:00:00-06:00,,1,,false,ACTIVE,EA,,VALID,CURRENT,coolit-synthetic-v2.0.0,ALL_SYNTHETIC_CUSTOMERS,ALL_SYNTHETIC_PROGRAMS,CFG-CPL-03,SYNTHETIC_INTERNAL,SNP-COOLIT-20260925-BL,SCN-BASELINE,WOCOMP-0032-020,WO-0032,BOMC-03-020,40,P-COMP-138,54,37,0,54,,,EFFECTIVE
TEN-COOLIT-SYN-001,SITE-COOLIT-SYN-01,ERP,WORK_ORDER_COMPONENT,WOCOMP-0032-021,WOCOMP-0032-021,RESOLVED,2026-09-25T23:59:59-06:00,2026-09-26T08:00:00-06:00,2026-06-29T00:00:00-06:00,,1,,false,ACTIVE,EA,,VALID,CURRENT,coolit-synthetic-v2.0.0,ALL_SYNTHETIC_CUSTOMERS,ALL_SYNTHETIC_PROGRAMS,CFG-CPL-03,SYNTHETIC_INTERNAL,SNP-COOLIT-20260925-BL,SCN-BASELINE,WOCOMP-0032-021,WO-0032,BOMC-03-021,50,P-COMP-145,54,37,0,54,,,EFFECTIVE
TEN-COOLIT-SYN-001,SITE-COOLIT-SYN-01,ERP,WORK_ORDER_COMPONENT,WOCOMP-0032-022,WOCOMP-0032-022,RESOLVED,2026-09-25T23:59:59-06:00,2026-09-26T08:00:00-06:00,2026-06-29T00:00:00-06:00,,1,,false,ACTIVE,EA,,VALID,CURRENT,coolit-synthetic-v2.0.0,ALL_SYNTHETIC_CUSTOMERS,ALL_SYNTHETIC_PROGRAMS,CFG-CPL-03,SYNTHETIC_INTERNAL,SNP-COOLIT-20260925-BL,SCN-BASELINE,WOCOMP-0032-022,WO-0032,BOMC-03-022,50,P-COMP-152,54,37,0,54,,,EFFECTIVE
TEN-COOLIT-SYN-001,SITE-COOLIT-SYN-01,ERP,WORK_ORDER_COMPONENT,WOCOMP-0032-023,WOCOMP-0032-023,RESOLVED,2026-09-25T23:59:59-06:00,2026-09-26T08:00:00-06:00,2026-06-29T00:00:00-06:00,,1,,false,ACTIVE,EA,,VALID,CURRENT,coolit-synthetic-v2.0.0,ALL_SYNTHETIC_CUSTOMERS,ALL_SYNTHETIC_PROGRAMS,CFG-CPL-03,SYNTHETIC_INTERNAL,SNP-COOLIT-20260925-BL,SCN-BASELINE,WOCOMP-0032-023,WO-0032,BOMC-03-023,50,P-COMP-159,54,37,0,54,P-COMP-037,,EFFECTIVE
TEN-COOLIT-SYN-001,SITE-COOLIT-SYN-01,ERP,WORK_ORDER_COMPONENT,WOCOMP-0032-024,WOCOMP-0032-024,RESOLVED,2026-09-25T23:59:59-06:00,2026-09-26T08:00:00-06:00,2026-06-29T00:00:00-06:00,,1,,false,ACTIVE,EA,,VALID,CURRENT,coolit-synthetic-v2.0.0,ALL_SYNTHETIC_CUSTOMERS,ALL_SYNTHETIC_PROGRAMS,CFG-CPL-03,SYNTHETIC_INTERNAL,SNP-COOLIT-20260925-BL,SCN-BASELINE,WOCOMP-0032-024,WO-0032,BOMC-03-024,50,P-COMP-166,54,37,0,54,,,EFFECTIVE
TEN-COOLIT-SYN-001,SITE-COOLIT-SYN-01,ERP,WORK_ORDER_COMPONENT,WOCOMP-0032-025,WOCOMP-0032-025,RESOLVED,2026-09-25T23:59:59-06:00,2026-09-26T08:00:00-06:00,2026-06-29T00:00:00-06:00,,1,,false,ACTIVE,EA,,VALID,CURRENT,coolit-synthetic-v2.0.0,ALL_SYNTHETIC_CUSTOMERS,ALL_SYNTHETIC_PROGRAMS,CFG-CPL-03,SYNTHETIC_INTERNAL,SNP-COOLIT-20260925-BL,SCN-BASELINE,WOCOMP-0032-025,WO-0032,BOMC-03-025,50,P-COMP-173,54,37,0,54,,,EFFECTIVE
TEN-COOLIT-SYN-001,SITE-COOLIT-SYN-01,ERP,WORK_ORDER_COMPONENT,WOCOMP-0032-026,WOCOMP-0032-026,RESOLVED,2026-09-25T23:59:59-06:00,2026-09-26T08:00:00-06:00,2026-06-29T00:00:00-06:00,,1,,false,ACTIVE,EA,,VALID,CURRENT,coolit-synthetic-v2.0.0,ALL_SYNTHETIC_CUSTOMERS,ALL_SYNTHETIC_PROGRAMS,CFG-CPL-03,SYNTHETIC_INTERNAL,SNP-COOLIT-20260925-BL,SCN-BASELINE,WOCOMP-0032-026,WO-0032,BOMC-03-026,60,P-COMP-180,54,37,0,54,,,EFFECTIVE
TEN-COOLIT-SYN-001,SITE-COOLIT-SYN-01,ERP,WORK_ORDER_COMPONENT,WOCOMP-0032-027,WOCOMP-0032-027,RESOLVED,2026-09-25T23:59:59-06:00,2026-09-26T08:00:00-06:00,2026-06-29T00:00:00-06:00,,1,,false,ACTIVE,EA,,VALID,CURRENT,coolit-synthetic-v2.0.0,ALL_SYNTHETIC_CUSTOMERS,ALL_SYNTHETIC_PROGRAMS,CFG-CPL-03,SYNTHETIC_INTERNAL,SNP-COOLIT-20260925-BL,SCN-BASELINE,WOCOMP-0032-027,WO-0032,BOMC-03-027,60,P-COMP-187,54,37,0,54,,,EFFECTIVE
TEN-COOLIT-SYN-001,SITE-COOLIT-SYN-01,ERP,WORK_ORDER_COMPONENT,WOCOMP-0032-028,WOCOMP-0032-028,RESOLVED,2026-09-25T23:59:59-06:00,2026-09-26T08:00:00-06:00,2026-06-29T00:00:00-06:00,,1,,false,ACTIVE,EA,,VALID,CURRENT,coolit-synthetic-v2.0.0,ALL_SYNTHETIC_CUSTOMERS,ALL_SYNTHETIC_PROGRAMS,CFG-CPL-03,SYNTHETIC_INTERNAL,SNP-COOLIT-20260925-BL,SCN-BASELINE,WOCOMP-0032-028,WO-0032,BOMC-03-028,60,P-COMP-194,108,75,0,108,,,EFFECTIVE
TEN-COOLIT-SYN-001,SITE-COOLIT-SYN-01,ERP,WORK_ORDER_COMPONENT,WOCOMP-0032-029,WOCOMP-0032-029,RESOLVED,2026-09-25T23:59:59-06:00,2026-09-26T08:00:00-06:00,2026-06-29T00:00:00-06:00,,1,,false,ACTIVE,EA,,VALID,CURRENT,coolit-synthetic-v2.0.0,ALL_SYNTHETIC_CUSTOMERS,ALL_SYNTHETIC_PROGRAMS,CFG-CPL-03,SYNTHETIC_INTERNAL,SNP-COOLIT-20260925-BL,SCN-BASELINE,WOCOMP-0032-029,WO-0032,BOMC-03-029,60,P-COMP-201,54,37,0,54,,,EFFECTIVE
TEN-COOLIT-SYN-001,SITE-COOLIT-SYN-01,ERP,WORK_ORDER_COMPONENT,WOCOMP-0032-030,WOCOMP-0032-030,RESOLVED,2026-09-25T23:59:59-06:00,2026-09-26T08:00:00-06:00,2026-06-29T00:00:00-06:00,,1,,false,ACTIVE,EA,,VALID,CURRENT,coolit-synthetic-v2.0.0,ALL_SYNTHETIC_CUSTOMERS,ALL_SYNTHETIC_PROGRAMS,CFG-CPL-03,SYNTHETIC_INTERNAL,SNP-COOLIT-20260925-BL,SCN-BASELINE,WOCOMP-0032-030,WO-0032,BOMC-03-030,60,P-COMP-208,54,37,0,54,,,EFFECTIVE
TEN-COOLIT-SYN-001,SITE-COOLIT-SYN-01,ERP,WORK_ORDER_COMPONENT,WOCOMP-0033-001,WOCOMP-0033-001,RESOLVED,2026-09-25T23:59:59-06:00,2026-09-26T08:00:00-06:00,2026-06-29T00:00:00-06:00,,1,,false,ACTIVE,EA,,VALID,CURRENT,coolit-synthetic-v2.0.0,ALL_SYNTHETIC_CUSTOMERS,ALL_SYNTHETIC_PROGRAMS,CFG-CDU-02,SYNTHETIC_INTERNAL,SNP-COOLIT-20260925-BL,SCN-BASELINE,WOCOMP-0033-001,WO-0033,BOMC-10-001,10,P-COMP-124,24,16,0,24,P-COMP-016,,EFFECTIVE
TEN-COOLIT-SYN-001,SITE-COOLIT-SYN-01,ERP,WORK_ORDER_COMPONENT,WOCOMP-0033-002,WOCOMP-0033-002,RESOLVED,2026-09-25T23:59:59-06:00,2026-09-26T08:00:00-06:00,2026-06-29T00:00:00-06:00,,1,,false,ACTIVE,EA,,VALID,CURRENT,coolit-synthetic-v2.0.0,ALL_SYNTHETIC_CUSTOMERS,ALL_SYNTHETIC_PROGRAMS,CFG-CDU-02,SYNTHETIC_INTERNAL,SNP-COOLIT-20260925-BL,SCN-BASELINE,WOCOMP-0033-002,WO-0033,BOMC-10-002,10,P-COMP-131,12,8,0,12,,,EFFECTIVE
TEN-COOLIT-SYN-001,SITE-COOLIT-SYN-01,ERP,WORK_ORDER_COMPONENT,WOCOMP-0033-003,WOCOMP-0033-003,RESOLVED,2026-09-25T23:59:59-06:00,2026-09-26T08:00:00-06:00,2026-06-29T00:00:00-06:00,,1,,false,ACTIVE,EA,,VALID,CURRENT,coolit-synthetic-v2.0.0,ALL_SYNTHETIC_CUSTOMERS,ALL_SYNTHETIC_PROGRAMS,CFG-CDU-02,SYNTHETIC_INTERNAL,SNP-COOLIT-20260925-BL,SCN-BASELINE,WOCOMP-0033-003,WO-0033,BOMC-10-003,10,P-COMP-138,12,8,0,12,,,EFFECTIVE
TEN-COOLIT-SYN-001,SITE-COOLIT-SYN-01,ERP,WORK_ORDER_COMPONENT,WOCOMP-0033-004,WOCOMP-0033-004,RESOLVED,2026-09-25T23:59:59-06:00,2026-09-26T08:00:00-06:00,2026-06-29T00:00:00-06:00,,1,,false,ACTIVE,EA,,VALID,CURRENT,coolit-synthetic-v2.0.0,ALL_SYNTHETIC_CUSTOMERS,ALL_SYNTHETIC_PROGRAMS,CFG-CDU-02,SYNTHETIC_INTERNAL,SNP-COOLIT-20260925-BL,SCN-BASELINE,WOCOMP-0033-004,WO-0033,BOMC-10-004,10,P-COMP-145,12,8,0,12,,,EFFECTIVE
TEN-COOLIT-SYN-001,SITE-COOLIT-SYN-01,ERP,WORK_ORDER_COMPONENT,WOCOMP-0033-005,WOCOMP-0033-005,RESOLVED,2026-09-25T23:59:59-06:00,2026-09-26T08:00:00-06:00,2026-06-29T00:00:00-06:00,,1,,false,ACTIVE,EA,,VALID,CURRENT,coolit-synthetic-v2.0.0,ALL_SYNTHETIC_CUSTOMERS,ALL_SYNTHETIC_PROGRAMS,CFG-CDU-02,SYNTHETIC_INTERNAL,SNP-COOLIT-20260925-BL,SCN-BASELINE,WOCOMP-0033-005,WO-0033,BOMC-10-005,10,P-COMP-152,12,8,0,12,,,EFFECTIVE
TEN-COOLIT-SYN-001,SITE-COOLIT-SYN-01,ERP,WORK_ORDER_COMPONENT,WOCOMP-0033-006,WOCOMP-0033-006,RESOLVED,2026-09-25T23:59:59-06:00,2026-09-26T08:00:00-06:00,2026-06-29T00:00:00-06:00,,1,,false,ACTIVE,EA,,VALID,CURRENT,coolit-synthetic-v2.0.0,ALL_SYNTHETIC_CUSTOMERS,ALL_SYNTHETIC_PROGRAMS,CFG-CDU-02,SYNTHETIC_INTERNAL,SNP-COOLIT-20260925-BL,SCN-BASELINE,WOCOMP-0033-006,WO-0033,BOMC-10-006,20,P-COMP-159,12,8,0,12,,,EFFECTIVE
TEN-COOLIT-SYN-001,SITE-COOLIT-SYN-01,ERP,WORK_ORDER_COMPONENT,WOCOMP-0033-007,WOCOMP-0033-007,RESOLVED,2026-09-25T23:59:59-06:00,2026-09-26T08:00:00-06:00,2026-06-29T00:00:00-06:00,,1,,false,ACTIVE,EA,,VALID,CURRENT,coolit-synthetic-v2.0.0,ALL_SYNTHETIC_CUSTOMERS,ALL_SYNTHETIC_PROGRAMS,CFG-CDU-02,SYNTHETIC_INTERNAL,SNP-COOLIT-20260925-BL,SCN-BASELINE,WOCOMP-0033-007,WO-0033,BOMC-10-007,20,P-COMP-166,12,8,0,12,,,EFFECTIVE
TEN-COOLIT-SYN-001,SITE-COOLIT-SYN-01,ERP,WORK_ORDER_COMPONENT,WOCOMP-0033-008,WOCOMP-0033-008,RESOLVED,2026-09-25T23:59:59-06:00,2026-09-26T08:00:00-06:00,2026-06-29T00:00:00-06:00,,1,,false,ACTIVE,EA,,VALID,CURRENT,coolit-synthetic-v2.0.0,ALL_SYNTHETIC_CUSTOMERS,ALL_SYNTHETIC_PROGRAMS,CFG-CDU-02,SYNTHETIC_INTERNAL,SNP-COOLIT-20260925-BL,SCN-BASELINE,WOCOMP-0033-008,WO-0033,BOMC-10-008,20,P-COMP-173,12,8,0,12,,,EFFECTIVE
TEN-COOLIT-SYN-001,SITE-COOLIT-SYN-01,ERP,WORK_ORDER_COMPONENT,WOCOMP-0033-009,WOCOMP-0033-009,RESOLVED,2026-09-25T23:59:59-06:00,2026-09-26T08:00:00-06:00,2026-06-29T00:00:00-06:00,,1,,false,ACTIVE,EA,,VALID,CURRENT,coolit-synthetic-v2.0.0,ALL_SYNTHETIC_CUSTOMERS,ALL_SYNTHETIC_PROGRAMS,CFG-CDU-02,SYNTHETIC_INTERNAL,SNP-COOLIT-20260925-BL,SCN-BASELINE,WOCOMP-0033-009,WO-0033,BOMC-10-009,20,P-COMP-180,12,8,0,12,,,EFFECTIVE
TEN-COOLIT-SYN-001,SITE-COOLIT-SYN-01,ERP,WORK_ORDER_COMPONENT,WOCOMP-0033-010,WOCOMP-0033-010,RESOLVED,2026-09-25T23:59:59-06:00,2026-09-26T08:00:00-06:00,2026-06-29T00:00:00-06:00,,1,,false,ACTIVE,EA,,VALID,CURRENT,coolit-synthetic-v2.0.0,ALL_SYNTHETIC_CUSTOMERS,ALL_SYNTHETIC_PROGRAMS,CFG-CDU-02,SYNTHETIC_INTERNAL,SNP-COOLIT-20260925-BL,SCN-BASELINE,WOCOMP-0033-010,WO-0033,BOMC-10-010,20,P-COMP-187,24,16,0,24,,,EFFECTIVE
TEN-COOLIT-SYN-001,SITE-COOLIT-SYN-01,ERP,WORK_ORDER_COMPONENT,WOCOMP-0033-011,WOCOMP-0033-011,RESOLVED,2026-09-25T23:59:59-06:00,2026-09-26T08:00:00-06:00,2026-06-29T00:00:00-06:00,,1,,false,ACTIVE,EA,,VALID,CURRENT,coolit-synthetic-v2.0.0,ALL_SYNTHETIC_CUSTOMERS,ALL_SYNTHETIC_PROGRAMS,CFG-CDU-02,SYNTHETIC_INTERNAL,SNP-COOLIT-20260925-BL,SCN-BASELINE,WOCOMP-0033-011,WO-0033,BOMC-10-011,30,P-COMP-194,12,8,0,12,,,EFFECTIVE
TEN-COOLIT-SYN-001,SITE-COOLIT-SYN-01,ERP,WORK_ORDER_COMPONENT,WOCOMP-0033-012,WOCOMP-0033-012,RESOLVED,2026-09-25T23:59:59-06:00,2026-09-26T08:00:00-06:00,2026-06-29T00:00:00-06:00,,1,,false,ACTIVE,EA,,VALID,CURRENT,coolit-synthetic-v2.0.0,ALL_SYNTHETIC_CUSTOMERS,ALL_SYNTHETIC_PROGRAMS,CFG-CDU-02,SYNTHETIC_INTERNAL,SNP-COOLIT-20260925-BL,SCN-BASELINE,WOCOMP-0033-012,WO-0033,BOMC-10-012,30,P-COMP-201,12,8,0,12,P-COMP-027,,EFFECTIVE
TEN-COOLIT-SYN-001,SITE-COOLIT-SYN-01,ERP,WORK_ORDER_COMPONENT,WOCOMP-0033-013,WOCOMP-0033-013,RESOLVED,2026-09-25T23:59:59-06:00,2026-09-26T08:00:00-06:00,2026-06-29T00:00:00-06:00,,1,,false,ACTIVE,EA,,VALID,CURRENT,coolit-synthetic-v2.0.0,ALL_SYNTHETIC_CUSTOMERS,ALL_SYNTHETIC_PROGRAMS,CFG-CDU-02,SYNTHETIC_INTERNAL,SNP-COOLIT-20260925-BL,SCN-BASELINE,WOCOMP-0033-013,WO-0033,BOMC-10-013,30,P-COMP-208,12,8,0,12,,,EFFECTIVE
TEN-COOLIT-SYN-001,SITE-COOLIT-SYN-01,ERP,WORK_ORDER_COMPONENT,WOCOMP-0033-014,WOCOMP-0033-014,RESOLVED,2026-09-25T23:59:59-06:00,2026-09-26T08:00:00-06:00,2026-06-29T00:00:00-06:00,,1,,false,ACTIVE,EA,,VALID,CURRENT,coolit-synthetic-v2.0.0,ALL_SYNTHETIC_CUSTOMERS,ALL_SYNTHETIC_PROGRAMS,CFG-CDU-02,SYNTHETIC_INTERNAL,SNP-COOLIT-20260925-BL,SCN-BASELINE,WOCOMP-0033-014,WO-0033,BOMC-10-014,30,P-QD-007,12,8,0,12,,,EFFECTIVE
TEN-COOLIT-SYN-001,SITE-COOLIT-SYN-01,ERP,WORK_ORDER_COMPONENT,WOCOMP-0033-015,WOCOMP-0033-015,RESOLVED,2026-09-25T23:59:59-06:00,2026-09-26T08:00:00-06:00,2026-06-29T00:00:00-06:00,,1,,false,ACTIVE,EA,,VALID,CURRENT,coolit-synthetic-v2.0.0,ALL_SYNTHETIC_CUSTOMERS,ALL_SYNTHETIC_PROGRAMS,CFG-CDU-02,SYNTHETIC_INTERNAL,SNP-COOLIT-20260925-BL,SCN-BASELINE,WOCOMP-0033-015,WO-0033,BOMC-10-015,30,P-PUMP-004,12,8,0,12,,,EFFECTIVE
TEN-COOLIT-SYN-001,SITE-COOLIT-SYN-01,ERP,WORK_ORDER_COMPONENT,WOCOMP-0033-016,WOCOMP-0033-016,RESOLVED,2026-09-25T23:59:59-06:00,2026-09-26T08:00:00-06:00,2026-06-29T00:00:00-06:00,,1,,false,ACTIVE,EA,,VALID,CURRENT,coolit-synthetic-v2.0.0,ALL_SYNTHETIC_CUSTOMERS,ALL_SYNTHETIC_PROGRAMS,CFG-CDU-02,SYNTHETIC_INTERNAL,SNP-COOLIT-20260925-BL,SCN-BASELINE,WOCOMP-0033-016,WO-0033,BOMC-10-016,40,P-HX-003,12,8,0,12,,,EFFECTIVE
TEN-COOLIT-SYN-001,SITE-COOLIT-SYN-01,ERP,WORK_ORDER_COMPONENT,WOCOMP-0033-017,WOCOMP-0033-017,RESOLVED,2026-09-25T23:59:59-06:00,2026-09-26T08:00:00-06:00,2026-06-29T00:00:00-06:00,,1,,false,ACTIVE,EA,,VALID,CURRENT,coolit-synthetic-v2.0.0,ALL_SYNTHETIC_CUSTOMERS,ALL_SYNTHETIC_PROGRAMS,CFG-CDU-02,SYNTHETIC_INTERNAL,SNP-COOLIT-20260925-BL,SCN-BASELINE,WOCOMP-0033-017,WO-0033,BOMC-10-017,40,P-CTRL-004,12,8,0,12,,,EFFECTIVE
TEN-COOLIT-SYN-001,SITE-COOLIT-SYN-01,ERP,WORK_ORDER_COMPONENT,WOCOMP-0033-018,WOCOMP-0033-018,RESOLVED,2026-09-25T23:59:59-06:00,2026-09-26T08:00:00-06:00,2026-06-29T00:00:00-06:00,,1,,false,ACTIVE,EA,,VALID,CURRENT,coolit-synthetic-v2.0.0,ALL_SYNTHETIC_CUSTOMERS,ALL_SYNTHETIC_PROGRAMS,CFG-CDU-02,SYNTHETIC_INTERNAL,SNP-COOLIT-20260925-BL,SCN-BASELINE,WOCOMP-0033-018,WO-0033,BOMC-10-018,40,P-COMP-005,12,8,0,12,,,EFFECTIVE
TEN-COOLIT-SYN-001,SITE-COOLIT-SYN-01,ERP,WORK_ORDER_COMPONENT,WOCOMP-0033-019,WOCOMP-0033-019,RESOLVED,2026-09-25T23:59:59-06:00,2026-09-26T08:00:00-06:00,2026-06-29T00:00:00-06:00,,1,,false,ACTIVE,EA,,VALID,CURRENT,coolit-synthetic-v2.0.0,ALL_SYNTHETIC_CUSTOMERS,ALL_SYNTHETIC_PROGRAMS,CFG-CDU-02,SYNTHETIC_INTERNAL,SNP-COOLIT-20260925-BL,SCN-BASELINE,WOCOMP-0033-019,WO-0033,BOMC-10-019,40,P-COMP-012,24,16,0,24,,,EFFECTIVE
TEN-COOLIT-SYN-001,SITE-COOLIT-SYN-01,ERP,WORK_ORDER_COMPONENT,WOCOMP-0033-020,WOCOMP-0033-020,RESOLVED,2026-09-25T23:59:59-06:00,2026-09-26T08:00:00-06:00,2026-06-29T00:00:00-06:00,,1,,false,ACTIVE,EA,,VALID,CURRENT,coolit-synthetic-v2.0.0,ALL_SYNTHETIC_CUSTOMERS,ALL_SYNTHETIC_PROGRAMS,CFG-CDU-02,SYNTHETIC_INTERNAL,SNP-COOLIT-20260925-BL,SCN-BASELINE,WOCOMP-0033-020,WO-0033,BOMC-10-020,40,P-COMP-019,12,8,0,12,,,EFFECTIVE
TEN-COOLIT-SYN-001,SITE-COOLIT-SYN-01,ERP,WORK_ORDER_COMPONENT,WOCOMP-0033-021,WOCOMP-0033-021,RESOLVED,2026-09-25T23:59:59-06:00,2026-09-26T08:00:00-06:00,2026-06-29T00:00:00-06:00,,1,,false,ACTIVE,EA,,VALID,CURRENT,coolit-synthetic-v2.0.0,ALL_SYNTHETIC_CUSTOMERS,ALL_SYNTHETIC_PROGRAMS,CFG-CDU-02,SYNTHETIC_INTERNAL,SNP-COOLIT-20260925-BL,SCN-BASELINE,WOCOMP-0033-021,WO-0033,BOMC-10-021,50,P-COMP-026,12,8,0,12,,,EFFECTIVE
TEN-COOLIT-SYN-001,SITE-COOLIT-SYN-01,ERP,WORK_ORDER_COMPONENT,WOCOMP-0033-022,WOCOMP-0033-022,RESOLVED,2026-09-25T23:59:59-06:00,2026-09-26T08:00:00-06:00,2026-06-29T00:00:00-06:00,,1,,false,ACTIVE,EA,,VALID,CURRENT,coolit-synthetic-v2.0.0,ALL_SYNTHETIC_CUSTOMERS,ALL_SYNTHETIC_PROGRAMS,CFG-CDU-02,SYNTHETIC_INTERNAL,SNP-COOLIT-20260925-BL,SCN-BASELINE,WOCOMP-0033-022,WO-0033,BOMC-10-022,50,P-COMP-033,12,8,0,12,,,EFFECTIVE
TEN-COOLIT-SYN-001,SITE-COOLIT-SYN-01,ERP,WORK_ORDER_COMPONENT,WOCOMP-0033-023,WOCOMP-0033-023,RESOLVED,2026-09-25T23:59:59-06:00,2026-09-26T08:00:00-06:00,2026-06-29T00:00:00-06:00,,1,,false,ACTIVE,EA,,VALID,CURRENT,coolit-synthetic-v2.0.0,ALL_SYNTHETIC_CUSTOMERS,ALL_SYNTHETIC_PROGRAMS,CFG-CDU-02,SYNTHETIC_INTERNAL,SNP-COOLIT-20260925-BL,SCN-BASELINE,WOCOMP-0033-023,WO-0033,BOMC-10-023,50,P-COMP-040,12,8,0,12,P-COMP-038,,EFFECTIVE
TEN-COOLIT-SYN-001,SITE-COOLIT-SYN-01,ERP,WORK_ORDER_COMPONENT,WOCOMP-0033-024,WOCOMP-0033-024,RESOLVED,2026-09-25T23:59:59-06:00,2026-09-26T08:00:00-06:00,2026-06-29T00:00:00-06:00,,1,,false,ACTIVE,EA,,VALID,CURRENT,coolit-synthetic-v2.0.0,ALL_SYNTHETIC_CUSTOMERS,ALL_SYNTHETIC_PROGRAMS,CFG-CDU-02,SYNTHETIC_INTERNAL,SNP-COOLIT-20260925-BL,SCN-BASELINE,WOCOMP-0033-024,WO-0033,BOMC-10-024,50,P-COMP-047,12,8,0,12,,,EFFECTIVE
TEN-COOLIT-SYN-001,SITE-COOLIT-SYN-01,ERP,WORK_ORDER_COMPONENT,WOCOMP-0033-025,WOCOMP-0033-025,RESOLVED,2026-09-25T23:59:59-06:00,2026-09-26T08:00:00-06:00,2026-06-29T00:00:00-06:00,,1,,false,ACTIVE,EA,,VALID,CURRENT,coolit-synthetic-v2.0.0,ALL_SYNTHETIC_CUSTOMERS,ALL_SYNTHETIC_PROGRAMS,CFG-CDU-02,SYNTHETIC_INTERNAL,SNP-COOLIT-20260925-BL,SCN-BASELINE,WOCOMP-0033-025,WO-0033,BOMC-10-025,50,P-COMP-054,12,8,0,12,,,EFFECTIVE
TEN-COOLIT-SYN-001,SITE-COOLIT-SYN-01,ERP,WORK_ORDER_COMPONENT,WOCOMP-0033-026,WOCOMP-0033-026,RESOLVED,2026-09-25T23:59:59-06:00,2026-09-26T08:00:00-06:00,2026-06-29T00:00:00-06:00,,1,,false,ACTIVE,EA,,VALID,CURRENT,coolit-synthetic-v2.0.0,ALL_SYNTHETIC_CUSTOMERS,ALL_SYNTHETIC_PROGRAMS,CFG-CDU-02,SYNTHETIC_INTERNAL,SNP-COOLIT-20260925-BL,SCN-BASELINE,WOCOMP-0033-026,WO-0033,BOMC-10-026,60,P-COMP-061,12,8,0,12,,,EFFECTIVE
TEN-COOLIT-SYN-001,SITE-COOLIT-SYN-01,ERP,WORK_ORDER_COMPONENT,WOCOMP-0033-027,WOCOMP-0033-027,RESOLVED,2026-09-25T23:59:59-06:00,2026-09-26T08:00:00-06:00,2026-06-29T00:00:00-06:00,,1,,false,ACTIVE,EA,,VALID,CURRENT,coolit-synthetic-v2.0.0,ALL_SYNTHETIC_CUSTOMERS,ALL_SYNTHETIC_PROGRAMS,CFG-CDU-02,SYNTHETIC_INTERNAL,SNP-COOLIT-20260925-BL,SCN-BASELINE,WOCOMP-0033-027,WO-0033,BOMC-10-027,60,P-COMP-068,12,8,0,12,,,EFFECTIVE
TEN-COOLIT-SYN-001,SITE-COOLIT-SYN-01,ERP,WORK_ORDER_COMPONENT,WOCOMP-0033-028,WOCOMP-0033-028,RESOLVED,2026-09-25T23:59:59-06:00,2026-09-26T08:00:00-06:00,2026-06-29T00:00:00-06:00,,1,,false,ACTIVE,EA,,VALID,CURRENT,coolit-synthetic-v2.0.0,ALL_SYNTHETIC_CUSTOMERS,ALL_SYNTHETIC_PROGRAMS,CFG-CDU-02,SYNTHETIC_INTERNAL,SNP-COOLIT-20260925-BL,SCN-BASELINE,WOCOMP-0033-028,WO-0033,BOMC-10-028,60,P-COMP-075,24,16,0,24,,,EFFECTIVE
TEN-COOLIT-SYN-001,SITE-COOLIT-SYN-01,ERP,WORK_ORDER_COMPONENT,WOCOMP-0033-029,WOCOMP-0033-029,RESOLVED,2026-09-25T23:59:59-06:00,2026-09-26T08:00:00-06:00,2026-06-29T00:00:00-06:00,,1,,false,ACTIVE,EA,,VALID,CURRENT,coolit-synthetic-v2.0.0,ALL_SYNTHETIC_CUSTOMERS,ALL_SYNTHETIC_PROGRAMS,CFG-CDU-02,SYNTHETIC_INTERNAL,SNP-COOLIT-20260925-BL,SCN-BASELINE,WOCOMP-0033-029,WO-0033,BOMC-10-029,60,P-COMP-082,12,8,0,12,,,EFFECTIVE
TEN-COOLIT-SYN-001,SITE-COOLIT-SYN-01,ERP,WORK_ORDER_COMPONENT,WOCOMP-0033-030,WOCOMP-0033-030,RESOLVED,2026-09-25T23:59:59-06:00,2026-09-26T08:00:00-06:00,2026-06-29T00:00:00-06:00,,1,,false,ACTIVE,EA,,VALID,CURRENT,coolit-synthetic-v2.0.0,ALL_SYNTHETIC_CUSTOMERS,ALL_SYNTHETIC_PROGRAMS,CFG-CDU-02,SYNTHETIC_INTERNAL,SNP-COOLIT-20260925-BL,SCN-BASELINE,WOCOMP-0033-030,WO-0033,BOMC-10-030,60,P-COMP-089,12,8,0,12,,,EFFECTIVE
TEN-COOLIT-SYN-001,SITE-COOLIT-SYN-01,ERP,WORK_ORDER_COMPONENT,WOCOMP-0034-001,WOCOMP-0034-001,RESOLVED,2026-09-25T23:59:59-06:00,2026-09-26T08:00:00-06:00,2026-06-29T00:00:00-06:00,,1,,false,ACTIVE,EA,,VALID,CURRENT,coolit-synthetic-v2.0.0,ALL_SYNTHETIC_CUSTOMERS,ALL_SYNTHETIC_PROGRAMS,CFG-RM-01,SYNTHETIC_INTERNAL,SNP-COOLIT-20260925-BL,SCN-BASELINE,WOCOMP-0034-001,WO-0034,BOMC-05-001,10,P-COMP-039,36,25,0,36,P-COMP-017,,EFFECTIVE
TEN-COOLIT-SYN-001,SITE-COOLIT-SYN-01,ERP,WORK_ORDER_COMPONENT,WOCOMP-0034-002,WOCOMP-0034-002,RESOLVED,2026-09-25T23:59:59-06:00,2026-09-26T08:00:00-06:00,2026-06-29T00:00:00-06:00,,1,,false,ACTIVE,EA,,VALID,CURRENT,coolit-synthetic-v2.0.0,ALL_SYNTHETIC_CUSTOMERS,ALL_SYNTHETIC_PROGRAMS,CFG-RM-01,SYNTHETIC_INTERNAL,SNP-COOLIT-20260925-BL,SCN-BASELINE,WOCOMP-0034-002,WO-0034,BOMC-05-002,10,P-COMP-046,18,12,0,18,,,EFFECTIVE
TEN-COOLIT-SYN-001,SITE-COOLIT-SYN-01,ERP,WORK_ORDER_COMPONENT,WOCOMP-0034-003,WOCOMP-0034-003,RESOLVED,2026-09-25T23:59:59-06:00,2026-09-26T08:00:00-06:00,2026-06-29T00:00:00-06:00,,1,,false,ACTIVE,EA,,VALID,CURRENT,coolit-synthetic-v2.0.0,ALL_SYNTHETIC_CUSTOMERS,ALL_SYNTHETIC_PROGRAMS,CFG-RM-01,SYNTHETIC_INTERNAL,SNP-COOLIT-20260925-BL,SCN-BASELINE,WOCOMP-0034-003,WO-0034,BOMC-05-003,10,P-COMP-053,18,12,0,18,,,EFFECTIVE
TEN-COOLIT-SYN-001,SITE-COOLIT-SYN-01,ERP,WORK_ORDER_COMPONENT,WOCOMP-0034-004,WOCOMP-0034-004,RESOLVED,2026-09-25T23:59:59-06:00,2026-09-26T08:00:00-06:00,2026-06-29T00:00:00-06:00,,1,,false,ACTIVE,EA,,VALID,CURRENT,coolit-synthetic-v2.0.0,ALL_SYNTHETIC_CUSTOMERS,ALL_SYNTHETIC_PROGRAMS,CFG-RM-01,SYNTHETIC_INTERNAL,SNP-COOLIT-20260925-BL,SCN-BASELINE,WOCOMP-0034-004,WO-0034,BOMC-05-004,10,P-COMP-060,18,12,0,18,,,EFFECTIVE
TEN-COOLIT-SYN-001,SITE-COOLIT-SYN-01,ERP,WORK_ORDER_COMPONENT,WOCOMP-0034-005,WOCOMP-0034-005,RESOLVED,2026-09-25T23:59:59-06:00,2026-09-26T08:00:00-06:00,2026-06-29T00:00:00-06:00,,1,,false,ACTIVE,EA,,VALID,CURRENT,coolit-synthetic-v2.0.0,ALL_SYNTHETIC_CUSTOMERS,ALL_SYNTHETIC_PROGRAMS,CFG-RM-01,SYNTHETIC_INTERNAL,SNP-COOLIT-20260925-BL,SCN-BASELINE,WOCOMP-0034-005,WO-0034,BOMC-05-005,10,P-COMP-067,18,12,0,18,,,EFFECTIVE
TEN-COOLIT-SYN-001,SITE-COOLIT-SYN-01,ERP,WORK_ORDER_COMPONENT,WOCOMP-0034-006,WOCOMP-0034-006,RESOLVED,2026-09-25T23:59:59-06:00,2026-09-26T08:00:00-06:00,2026-06-29T00:00:00-06:00,,1,,false,ACTIVE,EA,,VALID,CURRENT,coolit-synthetic-v2.0.0,ALL_SYNTHETIC_CUSTOMERS,ALL_SYNTHETIC_PROGRAMS,CFG-RM-01,SYNTHETIC_INTERNAL,SNP-COOLIT-20260925-BL,SCN-BASELINE,WOCOMP-0034-006,WO-0034,BOMC-05-006,20,P-COMP-074,18,12,0,18,,,EFFECTIVE
TEN-COOLIT-SYN-001,SITE-COOLIT-SYN-01,ERP,WORK_ORDER_COMPONENT,WOCOMP-0034-007,WOCOMP-0034-007,RESOLVED,2026-09-25T23:59:59-06:00,2026-09-26T08:00:00-06:00,2026-06-29T00:00:00-06:00,,1,,false,ACTIVE,EA,,VALID,CURRENT,coolit-synthetic-v2.0.0,ALL_SYNTHETIC_CUSTOMERS,ALL_SYNTHETIC_PROGRAMS,CFG-RM-01,SYNTHETIC_INTERNAL,SNP-COOLIT-20260925-BL,SCN-BASELINE,WOCOMP-0034-007,WO-0034,BOMC-05-007,20,P-COMP-081,18,12,0,18,,,EFFECTIVE
TEN-COOLIT-SYN-001,SITE-COOLIT-SYN-01,ERP,WORK_ORDER_COMPONENT,WOCOMP-0034-008,WOCOMP-0034-008,RESOLVED,2026-09-25T23:59:59-06:00,2026-09-26T08:00:00-06:00,2026-06-29T00:00:00-06:00,,1,,false,ACTIVE,EA,,VALID,CURRENT,coolit-synthetic-v2.0.0,ALL_SYNTHETIC_CUSTOMERS,ALL_SYNTHETIC_PROGRAMS,CFG-RM-01,SYNTHETIC_INTERNAL,SNP-COOLIT-20260925-BL,SCN-BASELINE,WOCOMP-0034-008,WO-0034,BOMC-05-008,20,P-COMP-088,18,12,0,18,,,EFFECTIVE
TEN-COOLIT-SYN-001,SITE-COOLIT-SYN-01,ERP,WORK_ORDER_COMPONENT,WOCOMP-0034-009,WOCOMP-0034-009,RESOLVED,2026-09-25T23:59:59-06:00,2026-09-26T08:00:00-06:00,2026-06-29T00:00:00-06:00,,1,,false,ACTIVE,EA,,VALID,CURRENT,coolit-synthetic-v2.0.0,ALL_SYNTHETIC_CUSTOMERS,ALL_SYNTHETIC_PROGRAMS,CFG-RM-01,SYNTHETIC_INTERNAL,SNP-COOLIT-20260925-BL,SCN-BASELINE,WOCOMP-0034-009,WO-0034,BOMC-05-009,20,P-COMP-095,18,12,0,18,,,EFFECTIVE
TEN-COOLIT-SYN-001,SITE-COOLIT-SYN-01,ERP,WORK_ORDER_COMPONENT,WOCOMP-0034-010,WOCOMP-0034-010,RESOLVED,2026-09-25T23:59:59-06:00,2026-09-26T08:00:00-06:00,2026-06-29T00:00:00-06:00,,1,,false,ACTIVE,EA,,VALID,CURRENT,coolit-synthetic-v2.0.0,ALL_SYNTHETIC_CUSTOMERS,ALL_SYNTHETIC_PROGRAMS,CFG-RM-01,SYNTHETIC_INTERNAL,SNP-COOLIT-20260925-BL,SCN-BASELINE,WOCOMP-0034-010,WO-0034,BOMC-05-010,20,P-COMP-102,36,25,0,36,,,EFFECTIVE
TEN-COOLIT-SYN-001,SITE-COOLIT-SYN-01,ERP,WORK_ORDER_COMPONENT,WOCOMP-0034-011,WOCOMP-0034-011,RESOLVED,2026-09-25T23:59:59-06:00,2026-09-26T08:00:00-06:00,2026-06-29T00:00:00-06:00,,1,,false,ACTIVE,EA,,VALID,CURRENT,coolit-synthetic-v2.0.0,ALL_SYNTHETIC_CUSTOMERS,ALL_SYNTHETIC_PROGRAMS,CFG-RM-01,SYNTHETIC_INTERNAL,SNP-COOLIT-20260925-BL,SCN-BASELINE,WOCOMP-0034-011,WO-0034,BOMC-05-011,30,P-COMP-109,18,12,0,18,,,EFFECTIVE
TEN-COOLIT-SYN-001,SITE-COOLIT-SYN-01,ERP,WORK_ORDER_COMPONENT,WOCOMP-0034-012,WOCOMP-0034-012,RESOLVED,2026-09-25T23:59:59-06:00,2026-09-26T08:00:00-06:00,2026-06-29T00:00:00-06:00,,1,,false,ACTIVE,EA,,VALID,CURRENT,coolit-synthetic-v2.0.0,ALL_SYNTHETIC_CUSTOMERS,ALL_SYNTHETIC_PROGRAMS,CFG-RM-01,SYNTHETIC_INTERNAL,SNP-COOLIT-20260925-BL,SCN-BASELINE,WOCOMP-0034-012,WO-0034,BOMC-05-012,30,P-COMP-116,18,12,0,18,P-COMP-028,,EFFECTIVE
TEN-COOLIT-SYN-001,SITE-COOLIT-SYN-01,ERP,WORK_ORDER_COMPONENT,WOCOMP-0034-013,WOCOMP-0034-013,RESOLVED,2026-09-25T23:59:59-06:00,2026-09-26T08:00:00-06:00,2026-06-29T00:00:00-06:00,,1,,false,ACTIVE,EA,,VALID,CURRENT,coolit-synthetic-v2.0.0,ALL_SYNTHETIC_CUSTOMERS,ALL_SYNTHETIC_PROGRAMS,CFG-RM-01,SYNTHETIC_INTERNAL,SNP-COOLIT-20260925-BL,SCN-BASELINE,WOCOMP-0034-013,WO-0034,BOMC-05-013,30,P-COMP-123,18,12,0,18,,,EFFECTIVE
TEN-COOLIT-SYN-001,SITE-COOLIT-SYN-01,ERP,WORK_ORDER_COMPONENT,WOCOMP-0034-014,WOCOMP-0034-014,RESOLVED,2026-09-25T23:59:59-06:00,2026-09-26T08:00:00-06:00,2026-06-29T00:00:00-06:00,,1,,false,ACTIVE,EA,,VALID,CURRENT,coolit-synthetic-v2.0.0,ALL_SYNTHETIC_CUSTOMERS,ALL_SYNTHETIC_PROGRAMS,CFG-RM-01,SYNTHETIC_INTERNAL,SNP-COOLIT-20260925-BL,SCN-BASELINE,WOCOMP-0034-014,WO-0034,BOMC-05-014,30,P-COMP-130,18,12,0,18,,,EFFECTIVE
TEN-COOLIT-SYN-001,SITE-COOLIT-SYN-01,ERP,WORK_ORDER_COMPONENT,WOCOMP-0034-015,WOCOMP-0034-015,RESOLVED,2026-09-25T23:59:59-06:00,2026-09-26T08:00:00-06:00,2026-06-29T00:00:00-06:00,,1,,false,ACTIVE,EA,,VALID,CURRENT,coolit-synthetic-v2.0.0,ALL_SYNTHETIC_CUSTOMERS,ALL_SYNTHETIC_PROGRAMS,CFG-RM-01,SYNTHETIC_INTERNAL,SNP-COOLIT-20260925-BL,SCN-BASELINE,WOCOMP-0034-015,WO-0034,BOMC-05-015,30,P-COMP-137,18,12,0,18,,,EFFECTIVE
TEN-COOLIT-SYN-001,SITE-COOLIT-SYN-01,ERP,WORK_ORDER_COMPONENT,WOCOMP-0034-016,WOCOMP-0034-016,RESOLVED,2026-09-25T23:59:59-06:00,2026-09-26T08:00:00-06:00,2026-06-29T00:00:00-06:00,,1,,false,ACTIVE,EA,,VALID,CURRENT,coolit-synthetic-v2.0.0,ALL_SYNTHETIC_CUSTOMERS,ALL_SYNTHETIC_PROGRAMS,CFG-RM-01,SYNTHETIC_INTERNAL,SNP-COOLIT-20260925-BL,SCN-BASELINE,WOCOMP-0034-016,WO-0034,BOMC-05-016,40,P-COMP-144,18,12,0,18,,,EFFECTIVE
TEN-COOLIT-SYN-001,SITE-COOLIT-SYN-01,ERP,WORK_ORDER_COMPONENT,WOCOMP-0034-017,WOCOMP-0034-017,RESOLVED,2026-09-25T23:59:59-06:00,2026-09-26T08:00:00-06:00,2026-06-29T00:00:00-06:00,,1,,false,ACTIVE,EA,,VALID,CURRENT,coolit-synthetic-v2.0.0,ALL_SYNTHETIC_CUSTOMERS,ALL_SYNTHETIC_PROGRAMS,CFG-RM-01,SYNTHETIC_INTERNAL,SNP-COOLIT-20260925-BL,SCN-BASELINE,WOCOMP-0034-017,WO-0034,BOMC-05-017,40,P-COMP-151,18,12,0,18,,,EFFECTIVE
TEN-COOLIT-SYN-001,SITE-COOLIT-SYN-01,ERP,WORK_ORDER_COMPONENT,WOCOMP-0034-018,WOCOMP-0034-018,RESOLVED,2026-09-25T23:59:59-06:00,2026-09-26T08:00:00-06:00,2026-06-29T00:00:00-06:00,,1,,false,ACTIVE,EA,,VALID,CURRENT,coolit-synthetic-v2.0.0,ALL_SYNTHETIC_CUSTOMERS,ALL_SYNTHETIC_PROGRAMS,CFG-RM-01,SYNTHETIC_INTERNAL,SNP-COOLIT-20260925-BL,SCN-BASELINE,WOCOMP-0034-018,WO-0034,BOMC-05-018,40,P-COMP-158,18,12,0,18,,,EFFECTIVE
TEN-COOLIT-SYN-001,SITE-COOLIT-SYN-01,ERP,WORK_ORDER_COMPONENT,WOCOMP-0034-019,WOCOMP-0034-019,RESOLVED,2026-09-25T23:59:59-06:00,2026-09-26T08:00:00-06:00,2026-06-29T00:00:00-06:00,,1,,false,ACTIVE,EA,,VALID,CURRENT,coolit-synthetic-v2.0.0,ALL_SYNTHETIC_CUSTOMERS,ALL_SYNTHETIC_PROGRAMS,CFG-RM-01,SYNTHETIC_INTERNAL,SNP-COOLIT-20260925-BL,SCN-BASELINE,WOCOMP-0034-019,WO-0034,BOMC-05-019,40,P-COMP-165,36,25,0,36,,,EFFECTIVE
TEN-COOLIT-SYN-001,SITE-COOLIT-SYN-01,ERP,WORK_ORDER_COMPONENT,WOCOMP-0034-020,WOCOMP-0034-020,RESOLVED,2026-09-25T23:59:59-06:00,2026-09-26T08:00:00-06:00,2026-06-29T00:00:00-06:00,,1,,false,ACTIVE,EA,,VALID,CURRENT,coolit-synthetic-v2.0.0,ALL_SYNTHETIC_CUSTOMERS,ALL_SYNTHETIC_PROGRAMS,CFG-RM-01,SYNTHETIC_INTERNAL,SNP-COOLIT-20260925-BL,SCN-BASELINE,WOCOMP-0034-020,WO-0034,BOMC-05-020,40,P-COMP-172,18,12,0,18,,,EFFECTIVE
TEN-COOLIT-SYN-001,SITE-COOLIT-SYN-01,ERP,WORK_ORDER_COMPONENT,WOCOMP-0034-021,WOCOMP-0034-021,RESOLVED,2026-09-25T23:59:59-06:00,2026-09-26T08:00:00-06:00,2026-06-29T00:00:00-06:00,,1,,false,ACTIVE,EA,,VALID,CURRENT,coolit-synthetic-v2.0.0,ALL_SYNTHETIC_CUSTOMERS,ALL_SYNTHETIC_PROGRAMS,CFG-RM-01,SYNTHETIC_INTERNAL,SNP-COOLIT-20260925-BL,SCN-BASELINE,WOCOMP-0034-021,WO-0034,BOMC-05-021,50,P-COMP-179,18,12,0,18,,,EFFECTIVE
TEN-COOLIT-SYN-001,SITE-COOLIT-SYN-01,ERP,WORK_ORDER_COMPONENT,WOCOMP-0034-022,WOCOMP-0034-022,RESOLVED,2026-09-25T23:59:59-06:00,2026-09-26T08:00:00-06:00,2026-06-29T00:00:00-06:00,,1,,false,ACTIVE,EA,,VALID,CURRENT,coolit-synthetic-v2.0.0,ALL_SYNTHETIC_CUSTOMERS,ALL_SYNTHETIC_PROGRAMS,CFG-RM-01,SYNTHETIC_INTERNAL,SNP-COOLIT-20260925-BL,SCN-BASELINE,WOCOMP-0034-022,WO-0034,BOMC-05-022,50,P-COMP-186,18,12,0,18,,,EFFECTIVE
TEN-COOLIT-SYN-001,SITE-COOLIT-SYN-01,ERP,WORK_ORDER_COMPONENT,WOCOMP-0034-023,WOCOMP-0034-023,RESOLVED,2026-09-25T23:59:59-06:00,2026-09-26T08:00:00-06:00,2026-06-29T00:00:00-06:00,,1,,false,ACTIVE,EA,,VALID,CURRENT,coolit-synthetic-v2.0.0,ALL_SYNTHETIC_CUSTOMERS,ALL_SYNTHETIC_PROGRAMS,CFG-RM-01,SYNTHETIC_INTERNAL,SNP-COOLIT-20260925-BL,SCN-BASELINE,WOCOMP-0034-023,WO-0034,BOMC-05-023,50,P-COMP-193,18,12,0,18,P-COMP-039,,EFFECTIVE
TEN-COOLIT-SYN-001,SITE-COOLIT-SYN-01,ERP,WORK_ORDER_COMPONENT,WOCOMP-0034-024,WOCOMP-0034-024,RESOLVED,2026-09-25T23:59:59-06:00,2026-09-26T08:00:00-06:00,2026-06-29T00:00:00-06:00,,1,,false,ACTIVE,EA,,VALID,CURRENT,coolit-synthetic-v2.0.0,ALL_SYNTHETIC_CUSTOMERS,ALL_SYNTHETIC_PROGRAMS,CFG-RM-01,SYNTHETIC_INTERNAL,SNP-COOLIT-20260925-BL,SCN-BASELINE,WOCOMP-0034-024,WO-0034,BOMC-05-024,50,P-COMP-200,18,12,0,18,,,EFFECTIVE
TEN-COOLIT-SYN-001,SITE-COOLIT-SYN-01,ERP,WORK_ORDER_COMPONENT,WOCOMP-0034-025,WOCOMP-0034-025,RESOLVED,2026-09-25T23:59:59-06:00,2026-09-26T08:00:00-06:00,2026-06-29T00:00:00-06:00,,1,,false,ACTIVE,EA,,VALID,CURRENT,coolit-synthetic-v2.0.0,ALL_SYNTHETIC_CUSTOMERS,ALL_SYNTHETIC_PROGRAMS,CFG-RM-01,SYNTHETIC_INTERNAL,SNP-COOLIT-20260925-BL,SCN-BASELINE,WOCOMP-0034-025,WO-0034,BOMC-05-025,50,P-COMP-207,18,12,0,18,,,EFFECTIVE
TEN-COOLIT-SYN-001,SITE-COOLIT-SYN-01,ERP,WORK_ORDER_COMPONENT,WOCOMP-0034-026,WOCOMP-0034-026,RESOLVED,2026-09-25T23:59:59-06:00,2026-09-26T08:00:00-06:00,2026-06-29T00:00:00-06:00,,1,,false,ACTIVE,EA,,VALID,CURRENT,coolit-synthetic-v2.0.0,ALL_SYNTHETIC_CUSTOMERS,ALL_SYNTHETIC_PROGRAMS,CFG-RM-01,SYNTHETIC_INTERNAL,SNP-COOLIT-20260925-BL,SCN-BASELINE,WOCOMP-0034-026,WO-0034,BOMC-05-026,60,P-QD-006,18,12,0,18,,,EFFECTIVE
TEN-COOLIT-SYN-001,SITE-COOLIT-SYN-01,ERP,WORK_ORDER_COMPONENT,WOCOMP-0034-027,WOCOMP-0034-027,RESOLVED,2026-09-25T23:59:59-06:00,2026-09-26T08:00:00-06:00,2026-06-29T00:00:00-06:00,,1,,false,ACTIVE,EA,,VALID,CURRENT,coolit-synthetic-v2.0.0,ALL_SYNTHETIC_CUSTOMERS,ALL_SYNTHETIC_PROGRAMS,CFG-RM-01,SYNTHETIC_INTERNAL,SNP-COOLIT-20260925-BL,SCN-BASELINE,WOCOMP-0034-027,WO-0034,BOMC-05-027,60,P-PUMP-003,18,12,0,18,,,EFFECTIVE
TEN-COOLIT-SYN-001,SITE-COOLIT-SYN-01,ERP,WORK_ORDER_COMPONENT,WOCOMP-0034-028,WOCOMP-0034-028,RESOLVED,2026-09-25T23:59:59-06:00,2026-09-26T08:00:00-06:00,2026-06-29T00:00:00-06:00,,1,,false,ACTIVE,EA,,VALID,CURRENT,coolit-synthetic-v2.0.0,ALL_SYNTHETIC_CUSTOMERS,ALL_SYNTHETIC_PROGRAMS,CFG-RM-01,SYNTHETIC_INTERNAL,SNP-COOLIT-20260925-BL,SCN-BASELINE,WOCOMP-0034-028,WO-0034,BOMC-05-028,60,P-HX-002,36,25,0,36,,,EFFECTIVE
TEN-COOLIT-SYN-001,SITE-COOLIT-SYN-01,ERP,WORK_ORDER_COMPONENT,WOCOMP-0034-029,WOCOMP-0034-029,RESOLVED,2026-09-25T23:59:59-06:00,2026-09-26T08:00:00-06:00,2026-06-29T00:00:00-06:00,,1,,false,ACTIVE,EA,,VALID,CURRENT,coolit-synthetic-v2.0.0,ALL_SYNTHETIC_CUSTOMERS,ALL_SYNTHETIC_PROGRAMS,CFG-RM-01,SYNTHETIC_INTERNAL,SNP-COOLIT-20260925-BL,SCN-BASELINE,WOCOMP-0034-029,WO-0034,BOMC-05-029,60,P-CTRL-003,18,12,0,18,,,EFFECTIVE
TEN-COOLIT-SYN-001,SITE-COOLIT-SYN-01,ERP,WORK_ORDER_COMPONENT,WOCOMP-0034-030,WOCOMP-0034-030,RESOLVED,2026-09-25T23:59:59-06:00,2026-09-26T08:00:00-06:00,2026-06-29T00:00:00-06:00,,1,,false,ACTIVE,EA,,VALID,CURRENT,coolit-synthetic-v2.0.0,ALL_SYNTHETIC_CUSTOMERS,ALL_SYNTHETIC_PROGRAMS,CFG-RM-01,SYNTHETIC_INTERNAL,SNP-COOLIT-20260925-BL,SCN-BASELINE,WOCOMP-0034-030,WO-0034,BOMC-05-030,60,P-COMP-004,18,12,0,18,,,EFFECTIVE
TEN-COOLIT-SYN-001,SITE-COOLIT-SYN-01,ERP,WORK_ORDER_COMPONENT,WOCOMP-0035-001,WOCOMP-0035-001,RESOLVED,2026-09-25T23:59:59-06:00,2026-09-26T08:00:00-06:00,2026-06-29T00:00:00-06:00,,1,,false,ACTIVE,EA,,VALID,CURRENT,coolit-synthetic-v2.0.0,ALL_SYNTHETIC_CUSTOMERS,ALL_SYNTHETIC_PROGRAMS,CFG-CDU-04,SYNTHETIC_INTERNAL,SNP-COOLIT-20260925-BL,SCN-BASELINE,WOCOMP-0035-001,WO-0035,BOMC-12-001,10,P-COMP-158,48,33,0,48,P-COMP-018,,EFFECTIVE
TEN-COOLIT-SYN-001,SITE-COOLIT-SYN-01,ERP,WORK_ORDER_COMPONENT,WOCOMP-0035-002,WOCOMP-0035-002,RESOLVED,2026-09-25T23:59:59-06:00,2026-09-26T08:00:00-06:00,2026-06-29T00:00:00-06:00,,1,,false,ACTIVE,EA,,VALID,CURRENT,coolit-synthetic-v2.0.0,ALL_SYNTHETIC_CUSTOMERS,ALL_SYNTHETIC_PROGRAMS,CFG-CDU-04,SYNTHETIC_INTERNAL,SNP-COOLIT-20260925-BL,SCN-BASELINE,WOCOMP-0035-002,WO-0035,BOMC-12-002,10,P-COMP-165,24,16,0,24,,,EFFECTIVE
TEN-COOLIT-SYN-001,SITE-COOLIT-SYN-01,ERP,WORK_ORDER_COMPONENT,WOCOMP-0035-003,WOCOMP-0035-003,RESOLVED,2026-09-25T23:59:59-06:00,2026-09-26T08:00:00-06:00,2026-06-29T00:00:00-06:00,,1,,false,ACTIVE,EA,,VALID,CURRENT,coolit-synthetic-v2.0.0,ALL_SYNTHETIC_CUSTOMERS,ALL_SYNTHETIC_PROGRAMS,CFG-CDU-04,SYNTHETIC_INTERNAL,SNP-COOLIT-20260925-BL,SCN-BASELINE,WOCOMP-0035-003,WO-0035,BOMC-12-003,10,P-COMP-172,24,16,0,24,,,EFFECTIVE
TEN-COOLIT-SYN-001,SITE-COOLIT-SYN-01,ERP,WORK_ORDER_COMPONENT,WOCOMP-0035-004,WOCOMP-0035-004,RESOLVED,2026-09-25T23:59:59-06:00,2026-09-26T08:00:00-06:00,2026-06-29T00:00:00-06:00,,1,,false,ACTIVE,EA,,VALID,CURRENT,coolit-synthetic-v2.0.0,ALL_SYNTHETIC_CUSTOMERS,ALL_SYNTHETIC_PROGRAMS,CFG-CDU-04,SYNTHETIC_INTERNAL,SNP-COOLIT-20260925-BL,SCN-BASELINE,WOCOMP-0035-004,WO-0035,BOMC-12-004,10,P-COMP-179,24,16,0,24,,,EFFECTIVE
TEN-COOLIT-SYN-001,SITE-COOLIT-SYN-01,ERP,WORK_ORDER_COMPONENT,WOCOMP-0035-005,WOCOMP-0035-005,RESOLVED,2026-09-25T23:59:59-06:00,2026-09-26T08:00:00-06:00,2026-06-29T00:00:00-06:00,,1,,false,ACTIVE,EA,,VALID,CURRENT,coolit-synthetic-v2.0.0,ALL_SYNTHETIC_CUSTOMERS,ALL_SYNTHETIC_PROGRAMS,CFG-CDU-04,SYNTHETIC_INTERNAL,SNP-COOLIT-20260925-BL,SCN-BASELINE,WOCOMP-0035-005,WO-0035,BOMC-12-005,10,P-COMP-186,24,16,0,24,,,EFFECTIVE
TEN-COOLIT-SYN-001,SITE-COOLIT-SYN-01,ERP,WORK_ORDER_COMPONENT,WOCOMP-0035-006,WOCOMP-0035-006,RESOLVED,2026-09-25T23:59:59-06:00,2026-09-26T08:00:00-06:00,2026-06-29T00:00:00-06:00,,1,,false,ACTIVE,EA,,VALID,CURRENT,coolit-synthetic-v2.0.0,ALL_SYNTHETIC_CUSTOMERS,ALL_SYNTHETIC_PROGRAMS,CFG-CDU-04,SYNTHETIC_INTERNAL,SNP-COOLIT-20260925-BL,SCN-BASELINE,WOCOMP-0035-006,WO-0035,BOMC-12-006,20,P-COMP-193,24,16,0,24,,,EFFECTIVE
TEN-COOLIT-SYN-001,SITE-COOLIT-SYN-01,ERP,WORK_ORDER_COMPONENT,WOCOMP-0035-007,WOCOMP-0035-007,RESOLVED,2026-09-25T23:59:59-06:00,2026-09-26T08:00:00-06:00,2026-06-29T00:00:00-06:00,,1,,false,ACTIVE,EA,,VALID,CURRENT,coolit-synthetic-v2.0.0,ALL_SYNTHETIC_CUSTOMERS,ALL_SYNTHETIC_PROGRAMS,CFG-CDU-04,SYNTHETIC_INTERNAL,SNP-COOLIT-20260925-BL,SCN-BASELINE,WOCOMP-0035-007,WO-0035,BOMC-12-007,20,P-COMP-200,24,16,0,24,,,EFFECTIVE
TEN-COOLIT-SYN-001,SITE-COOLIT-SYN-01,ERP,WORK_ORDER_COMPONENT,WOCOMP-0035-008,WOCOMP-0035-008,RESOLVED,2026-09-25T23:59:59-06:00,2026-09-26T08:00:00-06:00,2026-06-29T00:00:00-06:00,,1,,false,ACTIVE,EA,,VALID,CURRENT,coolit-synthetic-v2.0.0,ALL_SYNTHETIC_CUSTOMERS,ALL_SYNTHETIC_PROGRAMS,CFG-CDU-04,SYNTHETIC_INTERNAL,SNP-COOLIT-20260925-BL,SCN-BASELINE,WOCOMP-0035-008,WO-0035,BOMC-12-008,20,P-COMP-207,24,16,0,24,,,EFFECTIVE
TEN-COOLIT-SYN-001,SITE-COOLIT-SYN-01,ERP,WORK_ORDER_COMPONENT,WOCOMP-0035-009,WOCOMP-0035-009,RESOLVED,2026-09-25T23:59:59-06:00,2026-09-26T08:00:00-06:00,2026-06-29T00:00:00-06:00,,1,,false,ACTIVE,EA,,VALID,CURRENT,coolit-synthetic-v2.0.0,ALL_SYNTHETIC_CUSTOMERS,ALL_SYNTHETIC_PROGRAMS,CFG-CDU-04,SYNTHETIC_INTERNAL,SNP-COOLIT-20260925-BL,SCN-BASELINE,WOCOMP-0035-009,WO-0035,BOMC-12-009,20,P-QD-006,24,16,0,24,,,EFFECTIVE
TEN-COOLIT-SYN-001,SITE-COOLIT-SYN-01,ERP,WORK_ORDER_COMPONENT,WOCOMP-0035-010,WOCOMP-0035-010,RESOLVED,2026-09-25T23:59:59-06:00,2026-09-26T08:00:00-06:00,2026-06-29T00:00:00-06:00,,1,,false,ACTIVE,EA,,VALID,CURRENT,coolit-synthetic-v2.0.0,ALL_SYNTHETIC_CUSTOMERS,ALL_SYNTHETIC_PROGRAMS,CFG-CDU-04,SYNTHETIC_INTERNAL,SNP-COOLIT-20260925-BL,SCN-BASELINE,WOCOMP-0035-010,WO-0035,BOMC-12-010,20,P-PUMP-003,48,33,0,48,,,EFFECTIVE
TEN-COOLIT-SYN-001,SITE-COOLIT-SYN-01,ERP,WORK_ORDER_COMPONENT,WOCOMP-0035-011,WOCOMP-0035-011,RESOLVED,2026-09-25T23:59:59-06:00,2026-09-26T08:00:00-06:00,2026-06-29T00:00:00-06:00,,1,,false,ACTIVE,EA,,VALID,CURRENT,coolit-synthetic-v2.0.0,ALL_SYNTHETIC_CUSTOMERS,ALL_SYNTHETIC_PROGRAMS,CFG-CDU-04,SYNTHETIC_INTERNAL,SNP-COOLIT-20260925-BL,SCN-BASELINE,WOCOMP-0035-011,WO-0035,BOMC-12-011,30,P-HX-002,24,16,0,24,,,EFFECTIVE
TEN-COOLIT-SYN-001,SITE-COOLIT-SYN-01,ERP,WORK_ORDER_COMPONENT,WOCOMP-0035-012,WOCOMP-0035-012,RESOLVED,2026-09-25T23:59:59-06:00,2026-09-26T08:00:00-06:00,2026-06-29T00:00:00-06:00,,1,,false,ACTIVE,EA,,VALID,CURRENT,coolit-synthetic-v2.0.0,ALL_SYNTHETIC_CUSTOMERS,ALL_SYNTHETIC_PROGRAMS,CFG-CDU-04,SYNTHETIC_INTERNAL,SNP-COOLIT-20260925-BL,SCN-BASELINE,WOCOMP-0035-012,WO-0035,BOMC-12-012,30,P-CTRL-003,24,16,0,24,P-COMP-029,,EFFECTIVE
TEN-COOLIT-SYN-001,SITE-COOLIT-SYN-01,ERP,WORK_ORDER_COMPONENT,WOCOMP-0035-013,WOCOMP-0035-013,RESOLVED,2026-09-25T23:59:59-06:00,2026-09-26T08:00:00-06:00,2026-06-29T00:00:00-06:00,,1,,false,ACTIVE,EA,,VALID,CURRENT,coolit-synthetic-v2.0.0,ALL_SYNTHETIC_CUSTOMERS,ALL_SYNTHETIC_PROGRAMS,CFG-CDU-04,SYNTHETIC_INTERNAL,SNP-COOLIT-20260925-BL,SCN-BASELINE,WOCOMP-0035-013,WO-0035,BOMC-12-013,30,P-COMP-004,24,16,0,24,,,EFFECTIVE
TEN-COOLIT-SYN-001,SITE-COOLIT-SYN-01,ERP,WORK_ORDER_COMPONENT,WOCOMP-0035-014,WOCOMP-0035-014,RESOLVED,2026-09-25T23:59:59-06:00,2026-09-26T08:00:00-06:00,2026-06-29T00:00:00-06:00,,1,,false,ACTIVE,EA,,VALID,CURRENT,coolit-synthetic-v2.0.0,ALL_SYNTHETIC_CUSTOMERS,ALL_SYNTHETIC_PROGRAMS,CFG-CDU-04,SYNTHETIC_INTERNAL,SNP-COOLIT-20260925-BL,SCN-BASELINE,WOCOMP-0035-014,WO-0035,BOMC-12-014,30,P-COMP-011,24,16,0,24,,,EFFECTIVE
TEN-COOLIT-SYN-001,SITE-COOLIT-SYN-01,ERP,WORK_ORDER_COMPONENT,WOCOMP-0035-015,WOCOMP-0035-015,RESOLVED,2026-09-25T23:59:59-06:00,2026-09-26T08:00:00-06:00,2026-06-29T00:00:00-06:00,,1,,false,ACTIVE,EA,,VALID,CURRENT,coolit-synthetic-v2.0.0,ALL_SYNTHETIC_CUSTOMERS,ALL_SYNTHETIC_PROGRAMS,CFG-CDU-04,SYNTHETIC_INTERNAL,SNP-COOLIT-20260925-BL,SCN-BASELINE,WOCOMP-0035-015,WO-0035,BOMC-12-015,30,P-COMP-018,24,16,0,24,,,EFFECTIVE
TEN-COOLIT-SYN-001,SITE-COOLIT-SYN-01,ERP,WORK_ORDER_COMPONENT,WOCOMP-0035-016,WOCOMP-0035-016,RESOLVED,2026-09-25T23:59:59-06:00,2026-09-26T08:00:00-06:00,2026-06-29T00:00:00-06:00,,1,,false,ACTIVE,EA,,VALID,CURRENT,coolit-synthetic-v2.0.0,ALL_SYNTHETIC_CUSTOMERS,ALL_SYNTHETIC_PROGRAMS,CFG-CDU-04,SYNTHETIC_INTERNAL,SNP-COOLIT-20260925-BL,SCN-BASELINE,WOCOMP-0035-016,WO-0035,BOMC-12-016,40,P-COMP-025,24,16,0,24,,,EFFECTIVE
TEN-COOLIT-SYN-001,SITE-COOLIT-SYN-01,ERP,WORK_ORDER_COMPONENT,WOCOMP-0035-017,WOCOMP-0035-017,RESOLVED,2026-09-25T23:59:59-06:00,2026-09-26T08:00:00-06:00,2026-06-29T00:00:00-06:00,,1,,false,ACTIVE,EA,,VALID,CURRENT,coolit-synthetic-v2.0.0,ALL_SYNTHETIC_CUSTOMERS,ALL_SYNTHETIC_PROGRAMS,CFG-CDU-04,SYNTHETIC_INTERNAL,SNP-COOLIT-20260925-BL,SCN-BASELINE,WOCOMP-0035-017,WO-0035,BOMC-12-017,40,P-COMP-032,24,16,0,24,,,EFFECTIVE
TEN-COOLIT-SYN-001,SITE-COOLIT-SYN-01,ERP,WORK_ORDER_COMPONENT,WOCOMP-0035-018,WOCOMP-0035-018,RESOLVED,2026-09-25T23:59:59-06:00,2026-09-26T08:00:00-06:00,2026-06-29T00:00:00-06:00,,1,,false,ACTIVE,EA,,VALID,CURRENT,coolit-synthetic-v2.0.0,ALL_SYNTHETIC_CUSTOMERS,ALL_SYNTHETIC_PROGRAMS,CFG-CDU-04,SYNTHETIC_INTERNAL,SNP-COOLIT-20260925-BL,SCN-BASELINE,WOCOMP-0035-018,WO-0035,BOMC-12-018,40,P-COMP-039,24,16,0,24,,,EFFECTIVE
TEN-COOLIT-SYN-001,SITE-COOLIT-SYN-01,ERP,WORK_ORDER_COMPONENT,WOCOMP-0035-019,WOCOMP-0035-019,RESOLVED,2026-09-25T23:59:59-06:00,2026-09-26T08:00:00-06:00,2026-06-29T00:00:00-06:00,,1,,false,ACTIVE,EA,,VALID,CURRENT,coolit-synthetic-v2.0.0,ALL_SYNTHETIC_CUSTOMERS,ALL_SYNTHETIC_PROGRAMS,CFG-CDU-04,SYNTHETIC_INTERNAL,SNP-COOLIT-20260925-BL,SCN-BASELINE,WOCOMP-0035-019,WO-0035,BOMC-12-019,40,P-COMP-046,48,33,0,48,,,EFFECTIVE
TEN-COOLIT-SYN-001,SITE-COOLIT-SYN-01,ERP,WORK_ORDER_COMPONENT,WOCOMP-0035-020,WOCOMP-0035-020,RESOLVED,2026-09-25T23:59:59-06:00,2026-09-26T08:00:00-06:00,2026-06-29T00:00:00-06:00,,1,,false,ACTIVE,EA,,VALID,CURRENT,coolit-synthetic-v2.0.0,ALL_SYNTHETIC_CUSTOMERS,ALL_SYNTHETIC_PROGRAMS,CFG-CDU-04,SYNTHETIC_INTERNAL,SNP-COOLIT-20260925-BL,SCN-BASELINE,WOCOMP-0035-020,WO-0035,BOMC-12-020,40,P-COMP-053,24,16,0,24,,,EFFECTIVE
TEN-COOLIT-SYN-001,SITE-COOLIT-SYN-01,ERP,WORK_ORDER_COMPONENT,WOCOMP-0035-021,WOCOMP-0035-021,RESOLVED,2026-09-25T23:59:59-06:00,2026-09-26T08:00:00-06:00,2026-06-29T00:00:00-06:00,,1,,false,ACTIVE,EA,,VALID,CURRENT,coolit-synthetic-v2.0.0,ALL_SYNTHETIC_CUSTOMERS,ALL_SYNTHETIC_PROGRAMS,CFG-CDU-04,SYNTHETIC_INTERNAL,SNP-COOLIT-20260925-BL,SCN-BASELINE,WOCOMP-0035-021,WO-0035,BOMC-12-021,50,P-COMP-060,24,16,0,24,,,EFFECTIVE
TEN-COOLIT-SYN-001,SITE-COOLIT-SYN-01,ERP,WORK_ORDER_COMPONENT,WOCOMP-0035-022,WOCOMP-0035-022,RESOLVED,2026-09-25T23:59:59-06:00,2026-09-26T08:00:00-06:00,2026-06-29T00:00:00-06:00,,1,,false,ACTIVE,EA,,VALID,CURRENT,coolit-synthetic-v2.0.0,ALL_SYNTHETIC_CUSTOMERS,ALL_SYNTHETIC_PROGRAMS,CFG-CDU-04,SYNTHETIC_INTERNAL,SNP-COOLIT-20260925-BL,SCN-BASELINE,WOCOMP-0035-022,WO-0035,BOMC-12-022,50,P-COMP-067,24,16,0,24,,,EFFECTIVE
TEN-COOLIT-SYN-001,SITE-COOLIT-SYN-01,ERP,WORK_ORDER_COMPONENT,WOCOMP-0035-023,WOCOMP-0035-023,RESOLVED,2026-09-25T23:59:59-06:00,2026-09-26T08:00:00-06:00,2026-06-29T00:00:00-06:00,,1,,false,ACTIVE,EA,,VALID,CURRENT,coolit-synthetic-v2.0.0,ALL_SYNTHETIC_CUSTOMERS,ALL_SYNTHETIC_PROGRAMS,CFG-CDU-04,SYNTHETIC_INTERNAL,SNP-COOLIT-20260925-BL,SCN-BASELINE,WOCOMP-0035-023,WO-0035,BOMC-12-023,50,P-COMP-074,24,16,0,24,P-COMP-040,,EFFECTIVE
TEN-COOLIT-SYN-001,SITE-COOLIT-SYN-01,ERP,WORK_ORDER_COMPONENT,WOCOMP-0035-024,WOCOMP-0035-024,RESOLVED,2026-09-25T23:59:59-06:00,2026-09-26T08:00:00-06:00,2026-06-29T00:00:00-06:00,,1,,false,ACTIVE,EA,,VALID,CURRENT,coolit-synthetic-v2.0.0,ALL_SYNTHETIC_CUSTOMERS,ALL_SYNTHETIC_PROGRAMS,CFG-CDU-04,SYNTHETIC_INTERNAL,SNP-COOLIT-20260925-BL,SCN-BASELINE,WOCOMP-0035-024,WO-0035,BOMC-12-024,50,P-COMP-081,24,16,0,24,,,EFFECTIVE
TEN-COOLIT-SYN-001,SITE-COOLIT-SYN-01,ERP,WORK_ORDER_COMPONENT,WOCOMP-0035-025,WOCOMP-0035-025,RESOLVED,2026-09-25T23:59:59-06:00,2026-09-26T08:00:00-06:00,2026-06-29T00:00:00-06:00,,1,,false,ACTIVE,EA,,VALID,CURRENT,coolit-synthetic-v2.0.0,ALL_SYNTHETIC_CUSTOMERS,ALL_SYNTHETIC_PROGRAMS,CFG-CDU-04,SYNTHETIC_INTERNAL,SNP-COOLIT-20260925-BL,SCN-BASELINE,WOCOMP-0035-025,WO-0035,BOMC-12-025,50,P-COMP-088,24,16,0,24,,,EFFECTIVE
TEN-COOLIT-SYN-001,SITE-COOLIT-SYN-01,ERP,WORK_ORDER_COMPONENT,WOCOMP-0035-026,WOCOMP-0035-026,RESOLVED,2026-09-25T23:59:59-06:00,2026-09-26T08:00:00-06:00,2026-06-29T00:00:00-06:00,,1,,false,ACTIVE,EA,,VALID,CURRENT,coolit-synthetic-v2.0.0,ALL_SYNTHETIC_CUSTOMERS,ALL_SYNTHETIC_PROGRAMS,CFG-CDU-04,SYNTHETIC_INTERNAL,SNP-COOLIT-20260925-BL,SCN-BASELINE,WOCOMP-0035-026,WO-0035,BOMC-12-026,60,P-COMP-095,24,16,0,24,,,EFFECTIVE
TEN-COOLIT-SYN-001,SITE-COOLIT-SYN-01,ERP,WORK_ORDER_COMPONENT,WOCOMP-0035-027,WOCOMP-0035-027,RESOLVED,2026-09-25T23:59:59-06:00,2026-09-26T08:00:00-06:00,2026-06-29T00:00:00-06:00,,1,,false,ACTIVE,EA,,VALID,CURRENT,coolit-synthetic-v2.0.0,ALL_SYNTHETIC_CUSTOMERS,ALL_SYNTHETIC_PROGRAMS,CFG-CDU-04,SYNTHETIC_INTERNAL,SNP-COOLIT-20260925-BL,SCN-BASELINE,WOCOMP-0035-027,WO-0035,BOMC-12-027,60,P-COMP-102,24,16,0,24,,,EFFECTIVE
TEN-COOLIT-SYN-001,SITE-COOLIT-SYN-01,ERP,WORK_ORDER_COMPONENT,WOCOMP-0035-028,WOCOMP-0035-028,RESOLVED,2026-09-25T23:59:59-06:00,2026-09-26T08:00:00-06:00,2026-06-29T00:00:00-06:00,,1,,false,ACTIVE,EA,,VALID,CURRENT,coolit-synthetic-v2.0.0,ALL_SYNTHETIC_CUSTOMERS,ALL_SYNTHETIC_PROGRAMS,CFG-CDU-04,SYNTHETIC_INTERNAL,SNP-COOLIT-20260925-BL,SCN-BASELINE,WOCOMP-0035-028,WO-0035,BOMC-12-028,60,P-COMP-109,48,33,0,48,,,EFFECTIVE
TEN-COOLIT-SYN-001,SITE-COOLIT-SYN-01,ERP,WORK_ORDER_COMPONENT,WOCOMP-0035-029,WOCOMP-0035-029,RESOLVED,2026-09-25T23:59:59-06:00,2026-09-26T08:00:00-06:00,2026-06-29T00:00:00-06:00,,1,,false,ACTIVE,EA,,VALID,CURRENT,coolit-synthetic-v2.0.0,ALL_SYNTHETIC_CUSTOMERS,ALL_SYNTHETIC_PROGRAMS,CFG-CDU-04,SYNTHETIC_INTERNAL,SNP-COOLIT-20260925-BL,SCN-BASELINE,WOCOMP-0035-029,WO-0035,BOMC-12-029,60,P-COMP-116,24,16,0,24,,,EFFECTIVE
TEN-COOLIT-SYN-001,SITE-COOLIT-SYN-01,ERP,WORK_ORDER_COMPONENT,WOCOMP-0035-030,WOCOMP-0035-030,RESOLVED,2026-09-25T23:59:59-06:00,2026-09-26T08:00:00-06:00,2026-06-29T00:00:00-06:00,,1,,false,ACTIVE,EA,,VALID,CURRENT,coolit-synthetic-v2.0.0,ALL_SYNTHETIC_CUSTOMERS,ALL_SYNTHETIC_PROGRAMS,CFG-CDU-04,SYNTHETIC_INTERNAL,SNP-COOLIT-20260925-BL,SCN-BASELINE,WOCOMP-0035-030,WO-0035,BOMC-12-030,60,P-COMP-123,24,16,0,24,,,EFFECTIVE
TEN-COOLIT-SYN-001,SITE-COOLIT-SYN-01,ERP,WORK_ORDER_COMPONENT,WOCOMP-0036-001,WOCOMP-0036-001,RESOLVED,2026-09-25T23:59:59-06:00,2026-09-26T08:00:00-06:00,2026-06-29T00:00:00-06:00,,1,,false,ACTIVE,EA,,VALID,CURRENT,coolit-synthetic-v2.0.0,ALL_SYNTHETIC_CUSTOMERS,ALL_SYNTHETIC_PROGRAMS,CFG-RM-03,SYNTHETIC_INTERNAL,SNP-COOLIT-20260925-BL,SCN-BASELINE,WOCOMP-0036-001,WO-0036,BOMC-07-001,10,P-COMP-073,60,42,0,60,P-COMP-019,,EFFECTIVE
TEN-COOLIT-SYN-001,SITE-COOLIT-SYN-01,ERP,WORK_ORDER_COMPONENT,WOCOMP-0036-002,WOCOMP-0036-002,RESOLVED,2026-09-25T23:59:59-06:00,2026-09-26T08:00:00-06:00,2026-06-29T00:00:00-06:00,,1,,false,ACTIVE,EA,,VALID,CURRENT,coolit-synthetic-v2.0.0,ALL_SYNTHETIC_CUSTOMERS,ALL_SYNTHETIC_PROGRAMS,CFG-RM-03,SYNTHETIC_INTERNAL,SNP-COOLIT-20260925-BL,SCN-BASELINE,WOCOMP-0036-002,WO-0036,BOMC-07-002,10,P-COMP-080,30,21,0,30,,,EFFECTIVE
TEN-COOLIT-SYN-001,SITE-COOLIT-SYN-01,ERP,WORK_ORDER_COMPONENT,WOCOMP-0036-003,WOCOMP-0036-003,RESOLVED,2026-09-25T23:59:59-06:00,2026-09-26T08:00:00-06:00,2026-06-29T00:00:00-06:00,,1,,false,ACTIVE,EA,,VALID,CURRENT,coolit-synthetic-v2.0.0,ALL_SYNTHETIC_CUSTOMERS,ALL_SYNTHETIC_PROGRAMS,CFG-RM-03,SYNTHETIC_INTERNAL,SNP-COOLIT-20260925-BL,SCN-BASELINE,WOCOMP-0036-003,WO-0036,BOMC-07-003,10,P-COMP-087,30,21,0,30,,,EFFECTIVE
TEN-COOLIT-SYN-001,SITE-COOLIT-SYN-01,ERP,WORK_ORDER_COMPONENT,WOCOMP-0036-004,WOCOMP-0036-004,RESOLVED,2026-09-25T23:59:59-06:00,2026-09-26T08:00:00-06:00,2026-06-29T00:00:00-06:00,,1,,false,ACTIVE,EA,,VALID,CURRENT,coolit-synthetic-v2.0.0,ALL_SYNTHETIC_CUSTOMERS,ALL_SYNTHETIC_PROGRAMS,CFG-RM-03,SYNTHETIC_INTERNAL,SNP-COOLIT-20260925-BL,SCN-BASELINE,WOCOMP-0036-004,WO-0036,BOMC-07-004,10,P-COMP-094,30,21,0,30,,,EFFECTIVE
TEN-COOLIT-SYN-001,SITE-COOLIT-SYN-01,ERP,WORK_ORDER_COMPONENT,WOCOMP-0036-005,WOCOMP-0036-005,RESOLVED,2026-09-25T23:59:59-06:00,2026-09-26T08:00:00-06:00,2026-06-29T00:00:00-06:00,,1,,false,ACTIVE,EA,,VALID,CURRENT,coolit-synthetic-v2.0.0,ALL_SYNTHETIC_CUSTOMERS,ALL_SYNTHETIC_PROGRAMS,CFG-RM-03,SYNTHETIC_INTERNAL,SNP-COOLIT-20260925-BL,SCN-BASELINE,WOCOMP-0036-005,WO-0036,BOMC-07-005,10,P-COMP-101,30,21,0,30,,,EFFECTIVE
TEN-COOLIT-SYN-001,SITE-COOLIT-SYN-01,ERP,WORK_ORDER_COMPONENT,WOCOMP-0036-006,WOCOMP-0036-006,RESOLVED,2026-09-25T23:59:59-06:00,2026-09-26T08:00:00-06:00,2026-06-29T00:00:00-06:00,,1,,false,ACTIVE,EA,,VALID,CURRENT,coolit-synthetic-v2.0.0,ALL_SYNTHETIC_CUSTOMERS,ALL_SYNTHETIC_PROGRAMS,CFG-RM-03,SYNTHETIC_INTERNAL,SNP-COOLIT-20260925-BL,SCN-BASELINE,WOCOMP-0036-006,WO-0036,BOMC-07-006,20,P-COMP-108,30,21,0,30,,,EFFECTIVE
TEN-COOLIT-SYN-001,SITE-COOLIT-SYN-01,ERP,WORK_ORDER_COMPONENT,WOCOMP-0036-007,WOCOMP-0036-007,RESOLVED,2026-09-25T23:59:59-06:00,2026-09-26T08:00:00-06:00,2026-06-29T00:00:00-06:00,,1,,false,ACTIVE,EA,,VALID,CURRENT,coolit-synthetic-v2.0.0,ALL_SYNTHETIC_CUSTOMERS,ALL_SYNTHETIC_PROGRAMS,CFG-RM-03,SYNTHETIC_INTERNAL,SNP-COOLIT-20260925-BL,SCN-BASELINE,WOCOMP-0036-007,WO-0036,BOMC-07-007,20,P-COMP-115,30,21,0,30,,,EFFECTIVE
TEN-COOLIT-SYN-001,SITE-COOLIT-SYN-01,ERP,WORK_ORDER_COMPONENT,WOCOMP-0036-008,WOCOMP-0036-008,RESOLVED,2026-09-25T23:59:59-06:00,2026-09-26T08:00:00-06:00,2026-06-29T00:00:00-06:00,,1,,false,ACTIVE,EA,,VALID,CURRENT,coolit-synthetic-v2.0.0,ALL_SYNTHETIC_CUSTOMERS,ALL_SYNTHETIC_PROGRAMS,CFG-RM-03,SYNTHETIC_INTERNAL,SNP-COOLIT-20260925-BL,SCN-BASELINE,WOCOMP-0036-008,WO-0036,BOMC-07-008,20,P-COMP-122,30,21,0,30,,,EFFECTIVE
TEN-COOLIT-SYN-001,SITE-COOLIT-SYN-01,ERP,WORK_ORDER_COMPONENT,WOCOMP-0036-009,WOCOMP-0036-009,RESOLVED,2026-09-25T23:59:59-06:00,2026-09-26T08:00:00-06:00,2026-06-29T00:00:00-06:00,,1,,false,ACTIVE,EA,,VALID,CURRENT,coolit-synthetic-v2.0.0,ALL_SYNTHETIC_CUSTOMERS,ALL_SYNTHETIC_PROGRAMS,CFG-RM-03,SYNTHETIC_INTERNAL,SNP-COOLIT-20260925-BL,SCN-BASELINE,WOCOMP-0036-009,WO-0036,BOMC-07-009,20,P-COMP-129,30,21,0,30,,,EFFECTIVE
TEN-COOLIT-SYN-001,SITE-COOLIT-SYN-01,ERP,WORK_ORDER_COMPONENT,WOCOMP-0036-010,WOCOMP-0036-010,RESOLVED,2026-09-25T23:59:59-06:00,2026-09-26T08:00:00-06:00,2026-06-29T00:00:00-06:00,,1,,false,ACTIVE,EA,,VALID,CURRENT,coolit-synthetic-v2.0.0,ALL_SYNTHETIC_CUSTOMERS,ALL_SYNTHETIC_PROGRAMS,CFG-RM-03,SYNTHETIC_INTERNAL,SNP-COOLIT-20260925-BL,SCN-BASELINE,WOCOMP-0036-010,WO-0036,BOMC-07-010,20,P-COMP-136,60,42,0,60,,,EFFECTIVE
TEN-COOLIT-SYN-001,SITE-COOLIT-SYN-01,ERP,WORK_ORDER_COMPONENT,WOCOMP-0036-011,WOCOMP-0036-011,RESOLVED,2026-09-25T23:59:59-06:00,2026-09-26T08:00:00-06:00,2026-06-29T00:00:00-06:00,,1,,false,ACTIVE,EA,,VALID,CURRENT,coolit-synthetic-v2.0.0,ALL_SYNTHETIC_CUSTOMERS,ALL_SYNTHETIC_PROGRAMS,CFG-RM-03,SYNTHETIC_INTERNAL,SNP-COOLIT-20260925-BL,SCN-BASELINE,WOCOMP-0036-011,WO-0036,BOMC-07-011,30,P-COMP-143,30,21,0,30,,,EFFECTIVE
TEN-COOLIT-SYN-001,SITE-COOLIT-SYN-01,ERP,WORK_ORDER_COMPONENT,WOCOMP-0036-012,WOCOMP-0036-012,RESOLVED,2026-09-25T23:59:59-06:00,2026-09-26T08:00:00-06:00,2026-06-29T00:00:00-06:00,,1,,false,ACTIVE,EA,,VALID,CURRENT,coolit-synthetic-v2.0.0,ALL_SYNTHETIC_CUSTOMERS,ALL_SYNTHETIC_PROGRAMS,CFG-RM-03,SYNTHETIC_INTERNAL,SNP-COOLIT-20260925-BL,SCN-BASELINE,WOCOMP-0036-012,WO-0036,BOMC-07-012,30,P-COMP-150,30,21,0,30,P-COMP-030,,EFFECTIVE
TEN-COOLIT-SYN-001,SITE-COOLIT-SYN-01,ERP,WORK_ORDER_COMPONENT,WOCOMP-0036-013,WOCOMP-0036-013,RESOLVED,2026-09-25T23:59:59-06:00,2026-09-26T08:00:00-06:00,2026-06-29T00:00:00-06:00,,1,,false,ACTIVE,EA,,VALID,CURRENT,coolit-synthetic-v2.0.0,ALL_SYNTHETIC_CUSTOMERS,ALL_SYNTHETIC_PROGRAMS,CFG-RM-03,SYNTHETIC_INTERNAL,SNP-COOLIT-20260925-BL,SCN-BASELINE,WOCOMP-0036-013,WO-0036,BOMC-07-013,30,P-COMP-157,30,21,0,30,,,EFFECTIVE
TEN-COOLIT-SYN-001,SITE-COOLIT-SYN-01,ERP,WORK_ORDER_COMPONENT,WOCOMP-0036-014,WOCOMP-0036-014,RESOLVED,2026-09-25T23:59:59-06:00,2026-09-26T08:00:00-06:00,2026-06-29T00:00:00-06:00,,1,,false,ACTIVE,EA,,VALID,CURRENT,coolit-synthetic-v2.0.0,ALL_SYNTHETIC_CUSTOMERS,ALL_SYNTHETIC_PROGRAMS,CFG-RM-03,SYNTHETIC_INTERNAL,SNP-COOLIT-20260925-BL,SCN-BASELINE,WOCOMP-0036-014,WO-0036,BOMC-07-014,30,P-COMP-164,30,21,0,30,,,EFFECTIVE
TEN-COOLIT-SYN-001,SITE-COOLIT-SYN-01,ERP,WORK_ORDER_COMPONENT,WOCOMP-0036-015,WOCOMP-0036-015,RESOLVED,2026-09-25T23:59:59-06:00,2026-09-26T08:00:00-06:00,2026-06-29T00:00:00-06:00,,1,,false,ACTIVE,EA,,VALID,CURRENT,coolit-synthetic-v2.0.0,ALL_SYNTHETIC_CUSTOMERS,ALL_SYNTHETIC_PROGRAMS,CFG-RM-03,SYNTHETIC_INTERNAL,SNP-COOLIT-20260925-BL,SCN-BASELINE,WOCOMP-0036-015,WO-0036,BOMC-07-015,30,P-COMP-171,30,21,0,30,,,EFFECTIVE
TEN-COOLIT-SYN-001,SITE-COOLIT-SYN-01,ERP,WORK_ORDER_COMPONENT,WOCOMP-0036-016,WOCOMP-0036-016,RESOLVED,2026-09-25T23:59:59-06:00,2026-09-26T08:00:00-06:00,2026-06-29T00:00:00-06:00,,1,,false,ACTIVE,EA,,VALID,CURRENT,coolit-synthetic-v2.0.0,ALL_SYNTHETIC_CUSTOMERS,ALL_SYNTHETIC_PROGRAMS,CFG-RM-03,SYNTHETIC_INTERNAL,SNP-COOLIT-20260925-BL,SCN-BASELINE,WOCOMP-0036-016,WO-0036,BOMC-07-016,40,P-COMP-178,30,21,0,30,,,EFFECTIVE
TEN-COOLIT-SYN-001,SITE-COOLIT-SYN-01,ERP,WORK_ORDER_COMPONENT,WOCOMP-0036-017,WOCOMP-0036-017,RESOLVED,2026-09-25T23:59:59-06:00,2026-09-26T08:00:00-06:00,2026-06-29T00:00:00-06:00,,1,,false,ACTIVE,EA,,VALID,CURRENT,coolit-synthetic-v2.0.0,ALL_SYNTHETIC_CUSTOMERS,ALL_SYNTHETIC_PROGRAMS,CFG-RM-03,SYNTHETIC_INTERNAL,SNP-COOLIT-20260925-BL,SCN-BASELINE,WOCOMP-0036-017,WO-0036,BOMC-07-017,40,P-COMP-185,30,21,0,30,,,EFFECTIVE
TEN-COOLIT-SYN-001,SITE-COOLIT-SYN-01,ERP,WORK_ORDER_COMPONENT,WOCOMP-0036-018,WOCOMP-0036-018,RESOLVED,2026-09-25T23:59:59-06:00,2026-09-26T08:00:00-06:00,2026-06-29T00:00:00-06:00,,1,,false,ACTIVE,EA,,VALID,CURRENT,coolit-synthetic-v2.0.0,ALL_SYNTHETIC_CUSTOMERS,ALL_SYNTHETIC_PROGRAMS,CFG-RM-03,SYNTHETIC_INTERNAL,SNP-COOLIT-20260925-BL,SCN-BASELINE,WOCOMP-0036-018,WO-0036,BOMC-07-018,40,P-COMP-192,30,21,0,30,,,EFFECTIVE
TEN-COOLIT-SYN-001,SITE-COOLIT-SYN-01,ERP,WORK_ORDER_COMPONENT,WOCOMP-0036-019,WOCOMP-0036-019,RESOLVED,2026-09-25T23:59:59-06:00,2026-09-26T08:00:00-06:00,2026-06-29T00:00:00-06:00,,1,,false,ACTIVE,EA,,VALID,CURRENT,coolit-synthetic-v2.0.0,ALL_SYNTHETIC_CUSTOMERS,ALL_SYNTHETIC_PROGRAMS,CFG-RM-03,SYNTHETIC_INTERNAL,SNP-COOLIT-20260925-BL,SCN-BASELINE,WOCOMP-0036-019,WO-0036,BOMC-07-019,40,P-COMP-199,60,42,0,60,,,EFFECTIVE
TEN-COOLIT-SYN-001,SITE-COOLIT-SYN-01,ERP,WORK_ORDER_COMPONENT,WOCOMP-0036-020,WOCOMP-0036-020,RESOLVED,2026-09-25T23:59:59-06:00,2026-09-26T08:00:00-06:00,2026-06-29T00:00:00-06:00,,1,,false,ACTIVE,EA,,VALID,CURRENT,coolit-synthetic-v2.0.0,ALL_SYNTHETIC_CUSTOMERS,ALL_SYNTHETIC_PROGRAMS,CFG-RM-03,SYNTHETIC_INTERNAL,SNP-COOLIT-20260925-BL,SCN-BASELINE,WOCOMP-0036-020,WO-0036,BOMC-07-020,40,P-COMP-206,30,21,0,30,,,EFFECTIVE
TEN-COOLIT-SYN-001,SITE-COOLIT-SYN-01,ERP,WORK_ORDER_COMPONENT,WOCOMP-0036-021,WOCOMP-0036-021,RESOLVED,2026-09-25T23:59:59-06:00,2026-09-26T08:00:00-06:00,2026-06-29T00:00:00-06:00,,1,,false,ACTIVE,EA,,VALID,CURRENT,coolit-synthetic-v2.0.0,ALL_SYNTHETIC_CUSTOMERS,ALL_SYNTHETIC_PROGRAMS,CFG-RM-03,SYNTHETIC_INTERNAL,SNP-COOLIT-20260925-BL,SCN-BASELINE,WOCOMP-0036-021,WO-0036,BOMC-07-021,50,P-QD-005,30,21,0,30,,,EFFECTIVE
TEN-COOLIT-SYN-001,SITE-COOLIT-SYN-01,ERP,WORK_ORDER_COMPONENT,WOCOMP-0036-022,WOCOMP-0036-022,RESOLVED,2026-09-25T23:59:59-06:00,2026-09-26T08:00:00-06:00,2026-06-29T00:00:00-06:00,,1,,false,ACTIVE,EA,,VALID,CURRENT,coolit-synthetic-v2.0.0,ALL_SYNTHETIC_CUSTOMERS,ALL_SYNTHETIC_PROGRAMS,CFG-RM-03,SYNTHETIC_INTERNAL,SNP-COOLIT-20260925-BL,SCN-BASELINE,WOCOMP-0036-022,WO-0036,BOMC-07-022,50,P-PUMP-002,30,21,0,30,,,EFFECTIVE
TEN-COOLIT-SYN-001,SITE-COOLIT-SYN-01,ERP,WORK_ORDER_COMPONENT,WOCOMP-0036-023,WOCOMP-0036-023,RESOLVED,2026-09-25T23:59:59-06:00,2026-09-26T08:00:00-06:00,2026-06-29T00:00:00-06:00,,1,,false,ACTIVE,EA,,VALID,CURRENT,coolit-synthetic-v2.0.0,ALL_SYNTHETIC_CUSTOMERS,ALL_SYNTHETIC_PROGRAMS,CFG-RM-03,SYNTHETIC_INTERNAL,SNP-COOLIT-20260925-BL,SCN-BASELINE,WOCOMP-0036-023,WO-0036,BOMC-07-023,50,P-HX-001,30,21,0,30,P-COMP-041,,EFFECTIVE
TEN-COOLIT-SYN-001,SITE-COOLIT-SYN-01,ERP,WORK_ORDER_COMPONENT,WOCOMP-0036-024,WOCOMP-0036-024,RESOLVED,2026-09-25T23:59:59-06:00,2026-09-26T08:00:00-06:00,2026-06-29T00:00:00-06:00,,1,,false,ACTIVE,EA,,VALID,CURRENT,coolit-synthetic-v2.0.0,ALL_SYNTHETIC_CUSTOMERS,ALL_SYNTHETIC_PROGRAMS,CFG-RM-03,SYNTHETIC_INTERNAL,SNP-COOLIT-20260925-BL,SCN-BASELINE,WOCOMP-0036-024,WO-0036,BOMC-07-024,50,P-CTRL-002,30,21,0,30,,,EFFECTIVE
TEN-COOLIT-SYN-001,SITE-COOLIT-SYN-01,ERP,WORK_ORDER_COMPONENT,WOCOMP-0036-025,WOCOMP-0036-025,RESOLVED,2026-09-25T23:59:59-06:00,2026-09-26T08:00:00-06:00,2026-06-29T00:00:00-06:00,,1,,false,ACTIVE,EA,,VALID,CURRENT,coolit-synthetic-v2.0.0,ALL_SYNTHETIC_CUSTOMERS,ALL_SYNTHETIC_PROGRAMS,CFG-RM-03,SYNTHETIC_INTERNAL,SNP-COOLIT-20260925-BL,SCN-BASELINE,WOCOMP-0036-025,WO-0036,BOMC-07-025,50,P-COMP-003,30,21,0,30,,,EFFECTIVE
TEN-COOLIT-SYN-001,SITE-COOLIT-SYN-01,ERP,WORK_ORDER_COMPONENT,WOCOMP-0036-026,WOCOMP-0036-026,RESOLVED,2026-09-25T23:59:59-06:00,2026-09-26T08:00:00-06:00,2026-06-29T00:00:00-06:00,,1,,false,ACTIVE,EA,,VALID,CURRENT,coolit-synthetic-v2.0.0,ALL_SYNTHETIC_CUSTOMERS,ALL_SYNTHETIC_PROGRAMS,CFG-RM-03,SYNTHETIC_INTERNAL,SNP-COOLIT-20260925-BL,SCN-BASELINE,WOCOMP-0036-026,WO-0036,BOMC-07-026,60,P-COMP-010,30,21,0,30,,,EFFECTIVE
TEN-COOLIT-SYN-001,SITE-COOLIT-SYN-01,ERP,WORK_ORDER_COMPONENT,WOCOMP-0036-027,WOCOMP-0036-027,RESOLVED,2026-09-25T23:59:59-06:00,2026-09-26T08:00:00-06:00,2026-06-29T00:00:00-06:00,,1,,false,ACTIVE,EA,,VALID,CURRENT,coolit-synthetic-v2.0.0,ALL_SYNTHETIC_CUSTOMERS,ALL_SYNTHETIC_PROGRAMS,CFG-RM-03,SYNTHETIC_INTERNAL,SNP-COOLIT-20260925-BL,SCN-BASELINE,WOCOMP-0036-027,WO-0036,BOMC-07-027,60,P-COMP-017,30,21,0,30,,,EFFECTIVE
TEN-COOLIT-SYN-001,SITE-COOLIT-SYN-01,ERP,WORK_ORDER_COMPONENT,WOCOMP-0036-028,WOCOMP-0036-028,RESOLVED,2026-09-25T23:59:59-06:00,2026-09-26T08:00:00-06:00,2026-06-29T00:00:00-06:00,,1,,false,ACTIVE,EA,,VALID,CURRENT,coolit-synthetic-v2.0.0,ALL_SYNTHETIC_CUSTOMERS,ALL_SYNTHETIC_PROGRAMS,CFG-RM-03,SYNTHETIC_INTERNAL,SNP-COOLIT-20260925-BL,SCN-BASELINE,WOCOMP-0036-028,WO-0036,BOMC-07-028,60,P-COMP-024,60,42,0,60,,,EFFECTIVE
TEN-COOLIT-SYN-001,SITE-COOLIT-SYN-01,ERP,WORK_ORDER_COMPONENT,WOCOMP-0036-029,WOCOMP-0036-029,RESOLVED,2026-09-25T23:59:59-06:00,2026-09-26T08:00:00-06:00,2026-06-29T00:00:00-06:00,,1,,false,ACTIVE,EA,,VALID,CURRENT,coolit-synthetic-v2.0.0,ALL_SYNTHETIC_CUSTOMERS,ALL_SYNTHETIC_PROGRAMS,CFG-RM-03,SYNTHETIC_INTERNAL,SNP-COOLIT-20260925-BL,SCN-BASELINE,WOCOMP-0036-029,WO-0036,BOMC-07-029,60,P-COMP-031,30,21,0,30,,,EFFECTIVE
TEN-COOLIT-SYN-001,SITE-COOLIT-SYN-01,ERP,WORK_ORDER_COMPONENT,WOCOMP-0036-030,WOCOMP-0036-030,RESOLVED,2026-09-25T23:59:59-06:00,2026-09-26T08:00:00-06:00,2026-06-29T00:00:00-06:00,,1,,false,ACTIVE,EA,,VALID,CURRENT,coolit-synthetic-v2.0.0,ALL_SYNTHETIC_CUSTOMERS,ALL_SYNTHETIC_PROGRAMS,CFG-RM-03,SYNTHETIC_INTERNAL,SNP-COOLIT-20260925-BL,SCN-BASELINE,WOCOMP-0036-030,WO-0036,BOMC-07-030,60,P-COMP-038,30,21,0,30,,,EFFECTIVE
TEN-COOLIT-SYN-001,SITE-COOLIT-SYN-01,ERP,WORK_ORDER_COMPONENT,WOCOMP-0037-001,WOCOMP-0037-001,RESOLVED,2026-09-25T23:59:59-06:00,2026-09-26T08:00:00-06:00,2026-06-29T00:00:00-06:00,,1,,false,ACTIVE,EA,,VALID,CURRENT,coolit-synthetic-v2.0.0,ALL_SYNTHETIC_CUSTOMERS,ALL_SYNTHETIC_PROGRAMS,CFG-CPL-02,SYNTHETIC_INTERNAL,SNP-COOLIT-20260925-BL,SCN-BASELINE,WOCOMP-0037-001,WO-0037,BOMC-02-001,10,P-PUMP-008,72,50,0,72,P-COMP-020,,EFFECTIVE
TEN-COOLIT-SYN-001,SITE-COOLIT-SYN-01,ERP,WORK_ORDER_COMPONENT,WOCOMP-0037-002,WOCOMP-0037-002,RESOLVED,2026-09-25T23:59:59-06:00,2026-09-26T08:00:00-06:00,2026-06-29T00:00:00-06:00,,1,,false,ACTIVE,EA,,VALID,CURRENT,coolit-synthetic-v2.0.0,ALL_SYNTHETIC_CUSTOMERS,ALL_SYNTHETIC_PROGRAMS,CFG-CPL-02,SYNTHETIC_INTERNAL,SNP-COOLIT-20260925-BL,SCN-BASELINE,WOCOMP-0037-002,WO-0037,BOMC-02-002,10,P-CTRL-001,36,25,0,36,,,EFFECTIVE
TEN-COOLIT-SYN-001,SITE-COOLIT-SYN-01,ERP,WORK_ORDER_COMPONENT,WOCOMP-0037-003,WOCOMP-0037-003,RESOLVED,2026-09-25T23:59:59-06:00,2026-09-26T08:00:00-06:00,2026-06-29T00:00:00-06:00,,1,,false,ACTIVE,EA,,VALID,CURRENT,coolit-synthetic-v2.0.0,ALL_SYNTHETIC_CUSTOMERS,ALL_SYNTHETIC_PROGRAMS,CFG-CPL-02,SYNTHETIC_INTERNAL,SNP-COOLIT-20260925-BL,SCN-BASELINE,WOCOMP-0037-003,WO-0037,BOMC-02-003,10,P-COMP-002,36,25,0,36,,,EFFECTIVE
TEN-COOLIT-SYN-001,SITE-COOLIT-SYN-01,ERP,WORK_ORDER_COMPONENT,WOCOMP-0037-004,WOCOMP-0037-004,RESOLVED,2026-09-25T23:59:59-06:00,2026-09-26T08:00:00-06:00,2026-06-29T00:00:00-06:00,,1,,false,ACTIVE,EA,,VALID,CURRENT,coolit-synthetic-v2.0.0,ALL_SYNTHETIC_CUSTOMERS,ALL_SYNTHETIC_PROGRAMS,CFG-CPL-02,SYNTHETIC_INTERNAL,SNP-COOLIT-20260925-BL,SCN-BASELINE,WOCOMP-0037-004,WO-0037,BOMC-02-004,10,P-COMP-009,36,25,0,36,,,EFFECTIVE
TEN-COOLIT-SYN-001,SITE-COOLIT-SYN-01,ERP,WORK_ORDER_COMPONENT,WOCOMP-0037-005,WOCOMP-0037-005,RESOLVED,2026-09-25T23:59:59-06:00,2026-09-26T08:00:00-06:00,2026-06-29T00:00:00-06:00,,1,,false,ACTIVE,EA,,VALID,CURRENT,coolit-synthetic-v2.0.0,ALL_SYNTHETIC_CUSTOMERS,ALL_SYNTHETIC_PROGRAMS,CFG-CPL-02,SYNTHETIC_INTERNAL,SNP-COOLIT-20260925-BL,SCN-BASELINE,WOCOMP-0037-005,WO-0037,BOMC-02-005,10,P-COMP-016,36,25,0,36,,,EFFECTIVE
TEN-COOLIT-SYN-001,SITE-COOLIT-SYN-01,ERP,WORK_ORDER_COMPONENT,WOCOMP-0037-006,WOCOMP-0037-006,RESOLVED,2026-09-25T23:59:59-06:00,2026-09-26T08:00:00-06:00,2026-06-29T00:00:00-06:00,,1,,false,ACTIVE,EA,,VALID,CURRENT,coolit-synthetic-v2.0.0,ALL_SYNTHETIC_CUSTOMERS,ALL_SYNTHETIC_PROGRAMS,CFG-CPL-02,SYNTHETIC_INTERNAL,SNP-COOLIT-20260925-BL,SCN-BASELINE,WOCOMP-0037-006,WO-0037,BOMC-02-006,20,P-COMP-023,36,25,0,36,,,EFFECTIVE
TEN-COOLIT-SYN-001,SITE-COOLIT-SYN-01,ERP,WORK_ORDER_COMPONENT,WOCOMP-0037-007,WOCOMP-0037-007,RESOLVED,2026-09-25T23:59:59-06:00,2026-09-26T08:00:00-06:00,2026-06-29T00:00:00-06:00,,1,,false,ACTIVE,EA,,VALID,CURRENT,coolit-synthetic-v2.0.0,ALL_SYNTHETIC_CUSTOMERS,ALL_SYNTHETIC_PROGRAMS,CFG-CPL-02,SYNTHETIC_INTERNAL,SNP-COOLIT-20260925-BL,SCN-BASELINE,WOCOMP-0037-007,WO-0037,BOMC-02-007,20,P-COMP-030,36,25,0,36,,,EFFECTIVE
TEN-COOLIT-SYN-001,SITE-COOLIT-SYN-01,ERP,WORK_ORDER_COMPONENT,WOCOMP-0037-008,WOCOMP-0037-008,RESOLVED,2026-09-25T23:59:59-06:00,2026-09-26T08:00:00-06:00,2026-06-29T00:00:00-06:00,,1,,false,ACTIVE,EA,,VALID,CURRENT,coolit-synthetic-v2.0.0,ALL_SYNTHETIC_CUSTOMERS,ALL_SYNTHETIC_PROGRAMS,CFG-CPL-02,SYNTHETIC_INTERNAL,SNP-COOLIT-20260925-BL,SCN-BASELINE,WOCOMP-0037-008,WO-0037,BOMC-02-008,20,P-COMP-037,36,25,0,36,,,EFFECTIVE
TEN-COOLIT-SYN-001,SITE-COOLIT-SYN-01,ERP,WORK_ORDER_COMPONENT,WOCOMP-0037-009,WOCOMP-0037-009,RESOLVED,2026-09-25T23:59:59-06:00,2026-09-26T08:00:00-06:00,2026-06-29T00:00:00-06:00,,1,,false,ACTIVE,EA,,VALID,CURRENT,coolit-synthetic-v2.0.0,ALL_SYNTHETIC_CUSTOMERS,ALL_SYNTHETIC_PROGRAMS,CFG-CPL-02,SYNTHETIC_INTERNAL,SNP-COOLIT-20260925-BL,SCN-BASELINE,WOCOMP-0037-009,WO-0037,BOMC-02-009,20,P-COMP-044,36,25,0,36,,,EFFECTIVE
TEN-COOLIT-SYN-001,SITE-COOLIT-SYN-01,ERP,WORK_ORDER_COMPONENT,WOCOMP-0037-010,WOCOMP-0037-010,RESOLVED,2026-09-25T23:59:59-06:00,2026-09-26T08:00:00-06:00,2026-06-29T00:00:00-06:00,,1,,false,ACTIVE,EA,,VALID,CURRENT,coolit-synthetic-v2.0.0,ALL_SYNTHETIC_CUSTOMERS,ALL_SYNTHETIC_PROGRAMS,CFG-CPL-02,SYNTHETIC_INTERNAL,SNP-COOLIT-20260925-BL,SCN-BASELINE,WOCOMP-0037-010,WO-0037,BOMC-02-010,20,P-COMP-051,72,50,0,72,,,EFFECTIVE
TEN-COOLIT-SYN-001,SITE-COOLIT-SYN-01,ERP,WORK_ORDER_COMPONENT,WOCOMP-0037-011,WOCOMP-0037-011,RESOLVED,2026-09-25T23:59:59-06:00,2026-09-26T08:00:00-06:00,2026-06-29T00:00:00-06:00,,1,,false,ACTIVE,EA,,VALID,CURRENT,coolit-synthetic-v2.0.0,ALL_SYNTHETIC_CUSTOMERS,ALL_SYNTHETIC_PROGRAMS,CFG-CPL-02,SYNTHETIC_INTERNAL,SNP-COOLIT-20260925-BL,SCN-BASELINE,WOCOMP-0037-011,WO-0037,BOMC-02-011,30,P-COMP-058,36,25,0,36,,,EFFECTIVE
TEN-COOLIT-SYN-001,SITE-COOLIT-SYN-01,ERP,WORK_ORDER_COMPONENT,WOCOMP-0037-012,WOCOMP-0037-012,RESOLVED,2026-09-25T23:59:59-06:00,2026-09-26T08:00:00-06:00,2026-06-29T00:00:00-06:00,,1,,false,ACTIVE,EA,,VALID,CURRENT,coolit-synthetic-v2.0.0,ALL_SYNTHETIC_CUSTOMERS,ALL_SYNTHETIC_PROGRAMS,CFG-CPL-02,SYNTHETIC_INTERNAL,SNP-COOLIT-20260925-BL,SCN-BASELINE,WOCOMP-0037-012,WO-0037,BOMC-02-012,30,P-COMP-065,36,25,0,36,P-COMP-031,,EFFECTIVE
TEN-COOLIT-SYN-001,SITE-COOLIT-SYN-01,ERP,WORK_ORDER_COMPONENT,WOCOMP-0037-013,WOCOMP-0037-013,RESOLVED,2026-09-25T23:59:59-06:00,2026-09-26T08:00:00-06:00,2026-06-29T00:00:00-06:00,,1,,false,ACTIVE,EA,,VALID,CURRENT,coolit-synthetic-v2.0.0,ALL_SYNTHETIC_CUSTOMERS,ALL_SYNTHETIC_PROGRAMS,CFG-CPL-02,SYNTHETIC_INTERNAL,SNP-COOLIT-20260925-BL,SCN-BASELINE,WOCOMP-0037-013,WO-0037,BOMC-02-013,30,P-COMP-072,36,25,0,36,,,EFFECTIVE
TEN-COOLIT-SYN-001,SITE-COOLIT-SYN-01,ERP,WORK_ORDER_COMPONENT,WOCOMP-0037-014,WOCOMP-0037-014,RESOLVED,2026-09-25T23:59:59-06:00,2026-09-26T08:00:00-06:00,2026-06-29T00:00:00-06:00,,1,,false,ACTIVE,EA,,VALID,CURRENT,coolit-synthetic-v2.0.0,ALL_SYNTHETIC_CUSTOMERS,ALL_SYNTHETIC_PROGRAMS,CFG-CPL-02,SYNTHETIC_INTERNAL,SNP-COOLIT-20260925-BL,SCN-BASELINE,WOCOMP-0037-014,WO-0037,BOMC-02-014,30,P-COMP-079,36,25,0,36,,,EFFECTIVE
TEN-COOLIT-SYN-001,SITE-COOLIT-SYN-01,ERP,WORK_ORDER_COMPONENT,WOCOMP-0037-015,WOCOMP-0037-015,RESOLVED,2026-09-25T23:59:59-06:00,2026-09-26T08:00:00-06:00,2026-06-29T00:00:00-06:00,,1,,false,ACTIVE,EA,,VALID,CURRENT,coolit-synthetic-v2.0.0,ALL_SYNTHETIC_CUSTOMERS,ALL_SYNTHETIC_PROGRAMS,CFG-CPL-02,SYNTHETIC_INTERNAL,SNP-COOLIT-20260925-BL,SCN-BASELINE,WOCOMP-0037-015,WO-0037,BOMC-02-015,30,P-COMP-086,36,25,0,36,,,EFFECTIVE
TEN-COOLIT-SYN-001,SITE-COOLIT-SYN-01,ERP,WORK_ORDER_COMPONENT,WOCOMP-0037-016,WOCOMP-0037-016,RESOLVED,2026-09-25T23:59:59-06:00,2026-09-26T08:00:00-06:00,2026-06-29T00:00:00-06:00,,1,,false,ACTIVE,EA,,VALID,CURRENT,coolit-synthetic-v2.0.0,ALL_SYNTHETIC_CUSTOMERS,ALL_SYNTHETIC_PROGRAMS,CFG-CPL-02,SYNTHETIC_INTERNAL,SNP-COOLIT-20260925-BL,SCN-BASELINE,WOCOMP-0037-016,WO-0037,BOMC-02-016,40,P-COMP-093,36,25,0,36,,,EFFECTIVE
TEN-COOLIT-SYN-001,SITE-COOLIT-SYN-01,ERP,WORK_ORDER_COMPONENT,WOCOMP-0037-017,WOCOMP-0037-017,RESOLVED,2026-09-25T23:59:59-06:00,2026-09-26T08:00:00-06:00,2026-06-29T00:00:00-06:00,,1,,false,ACTIVE,EA,,VALID,CURRENT,coolit-synthetic-v2.0.0,ALL_SYNTHETIC_CUSTOMERS,ALL_SYNTHETIC_PROGRAMS,CFG-CPL-02,SYNTHETIC_INTERNAL,SNP-COOLIT-20260925-BL,SCN-BASELINE,WOCOMP-0037-017,WO-0037,BOMC-02-017,40,P-COMP-100,36,25,0,36,,,EFFECTIVE
TEN-COOLIT-SYN-001,SITE-COOLIT-SYN-01,ERP,WORK_ORDER_COMPONENT,WOCOMP-0037-018,WOCOMP-0037-018,RESOLVED,2026-09-25T23:59:59-06:00,2026-09-26T08:00:00-06:00,2026-06-29T00:00:00-06:00,,1,,false,ACTIVE,EA,,VALID,CURRENT,coolit-synthetic-v2.0.0,ALL_SYNTHETIC_CUSTOMERS,ALL_SYNTHETIC_PROGRAMS,CFG-CPL-02,SYNTHETIC_INTERNAL,SNP-COOLIT-20260925-BL,SCN-BASELINE,WOCOMP-0037-018,WO-0037,BOMC-02-018,40,P-COMP-107,36,25,0,36,,,EFFECTIVE
TEN-COOLIT-SYN-001,SITE-COOLIT-SYN-01,ERP,WORK_ORDER_COMPONENT,WOCOMP-0037-019,WOCOMP-0037-019,RESOLVED,2026-09-25T23:59:59-06:00,2026-09-26T08:00:00-06:00,2026-06-29T00:00:00-06:00,,1,,false,ACTIVE,EA,,VALID,CURRENT,coolit-synthetic-v2.0.0,ALL_SYNTHETIC_CUSTOMERS,ALL_SYNTHETIC_PROGRAMS,CFG-CPL-02,SYNTHETIC_INTERNAL,SNP-COOLIT-20260925-BL,SCN-BASELINE,WOCOMP-0037-019,WO-0037,BOMC-02-019,40,P-COMP-114,72,50,0,72,,,EFFECTIVE
TEN-COOLIT-SYN-001,SITE-COOLIT-SYN-01,ERP,WORK_ORDER_COMPONENT,WOCOMP-0037-020,WOCOMP-0037-020,RESOLVED,2026-09-25T23:59:59-06:00,2026-09-26T08:00:00-06:00,2026-06-29T00:00:00-06:00,,1,,false,ACTIVE,EA,,VALID,CURRENT,coolit-synthetic-v2.0.0,ALL_SYNTHETIC_CUSTOMERS,ALL_SYNTHETIC_PROGRAMS,CFG-CPL-02,SYNTHETIC_INTERNAL,SNP-COOLIT-20260925-BL,SCN-BASELINE,WOCOMP-0037-020,WO-0037,BOMC-02-020,40,P-COMP-121,36,25,0,36,,,EFFECTIVE
TEN-COOLIT-SYN-001,SITE-COOLIT-SYN-01,ERP,WORK_ORDER_COMPONENT,WOCOMP-0037-021,WOCOMP-0037-021,RESOLVED,2026-09-25T23:59:59-06:00,2026-09-26T08:00:00-06:00,2026-06-29T00:00:00-06:00,,1,,false,ACTIVE,EA,,VALID,CURRENT,coolit-synthetic-v2.0.0,ALL_SYNTHETIC_CUSTOMERS,ALL_SYNTHETIC_PROGRAMS,CFG-CPL-02,SYNTHETIC_INTERNAL,SNP-COOLIT-20260925-BL,SCN-BASELINE,WOCOMP-0037-021,WO-0037,BOMC-02-021,50,P-COMP-128,36,25,0,36,,,EFFECTIVE
TEN-COOLIT-SYN-001,SITE-COOLIT-SYN-01,ERP,WORK_ORDER_COMPONENT,WOCOMP-0037-022,WOCOMP-0037-022,RESOLVED,2026-09-25T23:59:59-06:00,2026-09-26T08:00:00-06:00,2026-06-29T00:00:00-06:00,,1,,false,ACTIVE,EA,,VALID,CURRENT,coolit-synthetic-v2.0.0,ALL_SYNTHETIC_CUSTOMERS,ALL_SYNTHETIC_PROGRAMS,CFG-CPL-02,SYNTHETIC_INTERNAL,SNP-COOLIT-20260925-BL,SCN-BASELINE,WOCOMP-0037-022,WO-0037,BOMC-02-022,50,P-COMP-135,36,25,0,36,,,EFFECTIVE
TEN-COOLIT-SYN-001,SITE-COOLIT-SYN-01,ERP,WORK_ORDER_COMPONENT,WOCOMP-0037-023,WOCOMP-0037-023,RESOLVED,2026-09-25T23:59:59-06:00,2026-09-26T08:00:00-06:00,2026-06-29T00:00:00-06:00,,1,,false,ACTIVE,EA,,VALID,CURRENT,coolit-synthetic-v2.0.0,ALL_SYNTHETIC_CUSTOMERS,ALL_SYNTHETIC_PROGRAMS,CFG-CPL-02,SYNTHETIC_INTERNAL,SNP-COOLIT-20260925-BL,SCN-BASELINE,WOCOMP-0037-023,WO-0037,BOMC-02-023,50,P-COMP-142,36,25,0,36,P-COMP-042,,EFFECTIVE
TEN-COOLIT-SYN-001,SITE-COOLIT-SYN-01,ERP,WORK_ORDER_COMPONENT,WOCOMP-0037-024,WOCOMP-0037-024,RESOLVED,2026-09-25T23:59:59-06:00,2026-09-26T08:00:00-06:00,2026-06-29T00:00:00-06:00,,1,,false,ACTIVE,EA,,VALID,CURRENT,coolit-synthetic-v2.0.0,ALL_SYNTHETIC_CUSTOMERS,ALL_SYNTHETIC_PROGRAMS,CFG-CPL-02,SYNTHETIC_INTERNAL,SNP-COOLIT-20260925-BL,SCN-BASELINE,WOCOMP-0037-024,WO-0037,BOMC-02-024,50,P-COMP-149,36,25,0,36,,,EFFECTIVE
TEN-COOLIT-SYN-001,SITE-COOLIT-SYN-01,ERP,WORK_ORDER_COMPONENT,WOCOMP-0037-025,WOCOMP-0037-025,RESOLVED,2026-09-25T23:59:59-06:00,2026-09-26T08:00:00-06:00,2026-06-29T00:00:00-06:00,,1,,false,ACTIVE,EA,,VALID,CURRENT,coolit-synthetic-v2.0.0,ALL_SYNTHETIC_CUSTOMERS,ALL_SYNTHETIC_PROGRAMS,CFG-CPL-02,SYNTHETIC_INTERNAL,SNP-COOLIT-20260925-BL,SCN-BASELINE,WOCOMP-0037-025,WO-0037,BOMC-02-025,50,P-COMP-156,36,25,0,36,,,EFFECTIVE
TEN-COOLIT-SYN-001,SITE-COOLIT-SYN-01,ERP,WORK_ORDER_COMPONENT,WOCOMP-0037-026,WOCOMP-0037-026,RESOLVED,2026-09-25T23:59:59-06:00,2026-09-26T08:00:00-06:00,2026-06-29T00:00:00-06:00,,1,,false,ACTIVE,EA,,VALID,CURRENT,coolit-synthetic-v2.0.0,ALL_SYNTHETIC_CUSTOMERS,ALL_SYNTHETIC_PROGRAMS,CFG-CPL-02,SYNTHETIC_INTERNAL,SNP-COOLIT-20260925-BL,SCN-BASELINE,WOCOMP-0037-026,WO-0037,BOMC-02-026,60,P-COMP-163,36,25,0,36,,,EFFECTIVE
TEN-COOLIT-SYN-001,SITE-COOLIT-SYN-01,ERP,WORK_ORDER_COMPONENT,WOCOMP-0037-027,WOCOMP-0037-027,RESOLVED,2026-09-25T23:59:59-06:00,2026-09-26T08:00:00-06:00,2026-06-29T00:00:00-06:00,,1,,false,ACTIVE,EA,,VALID,CURRENT,coolit-synthetic-v2.0.0,ALL_SYNTHETIC_CUSTOMERS,ALL_SYNTHETIC_PROGRAMS,CFG-CPL-02,SYNTHETIC_INTERNAL,SNP-COOLIT-20260925-BL,SCN-BASELINE,WOCOMP-0037-027,WO-0037,BOMC-02-027,60,P-COMP-170,36,25,0,36,,,EFFECTIVE
TEN-COOLIT-SYN-001,SITE-COOLIT-SYN-01,ERP,WORK_ORDER_COMPONENT,WOCOMP-0037-028,WOCOMP-0037-028,RESOLVED,2026-09-25T23:59:59-06:00,2026-09-26T08:00:00-06:00,2026-06-29T00:00:00-06:00,,1,,false,ACTIVE,EA,,VALID,CURRENT,coolit-synthetic-v2.0.0,ALL_SYNTHETIC_CUSTOMERS,ALL_SYNTHETIC_PROGRAMS,CFG-CPL-02,SYNTHETIC_INTERNAL,SNP-COOLIT-20260925-BL,SCN-BASELINE,WOCOMP-0037-028,WO-0037,BOMC-02-028,60,P-COMP-177,72,50,0,72,,,EFFECTIVE
TEN-COOLIT-SYN-001,SITE-COOLIT-SYN-01,ERP,WORK_ORDER_COMPONENT,WOCOMP-0037-029,WOCOMP-0037-029,RESOLVED,2026-09-25T23:59:59-06:00,2026-09-26T08:00:00-06:00,2026-06-29T00:00:00-06:00,,1,,false,ACTIVE,EA,,VALID,CURRENT,coolit-synthetic-v2.0.0,ALL_SYNTHETIC_CUSTOMERS,ALL_SYNTHETIC_PROGRAMS,CFG-CPL-02,SYNTHETIC_INTERNAL,SNP-COOLIT-20260925-BL,SCN-BASELINE,WOCOMP-0037-029,WO-0037,BOMC-02-029,60,P-COMP-184,36,25,0,36,,,EFFECTIVE
TEN-COOLIT-SYN-001,SITE-COOLIT-SYN-01,ERP,WORK_ORDER_COMPONENT,WOCOMP-0037-030,WOCOMP-0037-030,RESOLVED,2026-09-25T23:59:59-06:00,2026-09-26T08:00:00-06:00,2026-06-29T00:00:00-06:00,,1,,false,ACTIVE,EA,,VALID,CURRENT,coolit-synthetic-v2.0.0,ALL_SYNTHETIC_CUSTOMERS,ALL_SYNTHETIC_PROGRAMS,CFG-CPL-02,SYNTHETIC_INTERNAL,SNP-COOLIT-20260925-BL,SCN-BASELINE,WOCOMP-0037-030,WO-0037,BOMC-02-030,60,P-COMP-191,36,25,0,36,,,EFFECTIVE
TEN-COOLIT-SYN-001,SITE-COOLIT-SYN-01,ERP,WORK_ORDER_COMPONENT,WOCOMP-0038-001,WOCOMP-0038-001,RESOLVED,2026-09-25T23:59:59-06:00,2026-09-26T08:00:00-06:00,2026-06-29T00:00:00-06:00,,1,,false,ACTIVE,EA,,VALID,CURRENT,coolit-synthetic-v2.0.0,ALL_SYNTHETIC_CUSTOMERS,ALL_SYNTHETIC_PROGRAMS,CFG-CDU-01,SYNTHETIC_INTERNAL,SNP-COOLIT-20260925-BL,SCN-BASELINE,WOCOMP-0038-001,WO-0038,BOMC-09-001,10,P-COMP-107,84,58,0,84,P-COMP-021,,EFFECTIVE
TEN-COOLIT-SYN-001,SITE-COOLIT-SYN-01,ERP,WORK_ORDER_COMPONENT,WOCOMP-0038-002,WOCOMP-0038-002,RESOLVED,2026-09-25T23:59:59-06:00,2026-09-26T08:00:00-06:00,2026-06-29T00:00:00-06:00,,1,,false,ACTIVE,EA,,VALID,CURRENT,coolit-synthetic-v2.0.0,ALL_SYNTHETIC_CUSTOMERS,ALL_SYNTHETIC_PROGRAMS,CFG-CDU-01,SYNTHETIC_INTERNAL,SNP-COOLIT-20260925-BL,SCN-BASELINE,WOCOMP-0038-002,WO-0038,BOMC-09-002,10,P-COMP-114,42,29,0,42,,,EFFECTIVE
TEN-COOLIT-SYN-001,SITE-COOLIT-SYN-01,ERP,WORK_ORDER_COMPONENT,WOCOMP-0038-003,WOCOMP-0038-003,RESOLVED,2026-09-25T23:59:59-06:00,2026-09-26T08:00:00-06:00,2026-06-29T00:00:00-06:00,,1,,false,ACTIVE,EA,,VALID,CURRENT,coolit-synthetic-v2.0.0,ALL_SYNTHETIC_CUSTOMERS,ALL_SYNTHETIC_PROGRAMS,CFG-CDU-01,SYNTHETIC_INTERNAL,SNP-COOLIT-20260925-BL,SCN-BASELINE,WOCOMP-0038-003,WO-0038,BOMC-09-003,10,P-COMP-121,42,29,0,42,,,EFFECTIVE
TEN-COOLIT-SYN-001,SITE-COOLIT-SYN-01,ERP,WORK_ORDER_COMPONENT,WOCOMP-0038-004,WOCOMP-0038-004,RESOLVED,2026-09-25T23:59:59-06:00,2026-09-26T08:00:00-06:00,2026-06-29T00:00:00-06:00,,1,,false,ACTIVE,EA,,VALID,CURRENT,coolit-synthetic-v2.0.0,ALL_SYNTHETIC_CUSTOMERS,ALL_SYNTHETIC_PROGRAMS,CFG-CDU-01,SYNTHETIC_INTERNAL,SNP-COOLIT-20260925-BL,SCN-BASELINE,WOCOMP-0038-004,WO-0038,BOMC-09-004,10,P-COMP-128,42,29,0,42,,,EFFECTIVE
TEN-COOLIT-SYN-001,SITE-COOLIT-SYN-01,ERP,WORK_ORDER_COMPONENT,WOCOMP-0038-005,WOCOMP-0038-005,RESOLVED,2026-09-25T23:59:59-06:00,2026-09-26T08:00:00-06:00,2026-06-29T00:00:00-06:00,,1,,false,ACTIVE,EA,,VALID,CURRENT,coolit-synthetic-v2.0.0,ALL_SYNTHETIC_CUSTOMERS,ALL_SYNTHETIC_PROGRAMS,CFG-CDU-01,SYNTHETIC_INTERNAL,SNP-COOLIT-20260925-BL,SCN-BASELINE,WOCOMP-0038-005,WO-0038,BOMC-09-005,10,P-COMP-135,42,29,0,42,,,EFFECTIVE
TEN-COOLIT-SYN-001,SITE-COOLIT-SYN-01,ERP,WORK_ORDER_COMPONENT,WOCOMP-0038-006,WOCOMP-0038-006,RESOLVED,2026-09-25T23:59:59-06:00,2026-09-26T08:00:00-06:00,2026-06-29T00:00:00-06:00,,1,,false,ACTIVE,EA,,VALID,CURRENT,coolit-synthetic-v2.0.0,ALL_SYNTHETIC_CUSTOMERS,ALL_SYNTHETIC_PROGRAMS,CFG-CDU-01,SYNTHETIC_INTERNAL,SNP-COOLIT-20260925-BL,SCN-BASELINE,WOCOMP-0038-006,WO-0038,BOMC-09-006,20,P-COMP-142,42,29,0,42,,,EFFECTIVE
TEN-COOLIT-SYN-001,SITE-COOLIT-SYN-01,ERP,WORK_ORDER_COMPONENT,WOCOMP-0038-007,WOCOMP-0038-007,RESOLVED,2026-09-25T23:59:59-06:00,2026-09-26T08:00:00-06:00,2026-06-29T00:00:00-06:00,,1,,false,ACTIVE,EA,,VALID,CURRENT,coolit-synthetic-v2.0.0,ALL_SYNTHETIC_CUSTOMERS,ALL_SYNTHETIC_PROGRAMS,CFG-CDU-01,SYNTHETIC_INTERNAL,SNP-COOLIT-20260925-BL,SCN-BASELINE,WOCOMP-0038-007,WO-0038,BOMC-09-007,20,P-COMP-149,42,29,0,42,,,EFFECTIVE
TEN-COOLIT-SYN-001,SITE-COOLIT-SYN-01,ERP,WORK_ORDER_COMPONENT,WOCOMP-0038-008,WOCOMP-0038-008,RESOLVED,2026-09-25T23:59:59-06:00,2026-09-26T08:00:00-06:00,2026-06-29T00:00:00-06:00,,1,,false,ACTIVE,EA,,VALID,CURRENT,coolit-synthetic-v2.0.0,ALL_SYNTHETIC_CUSTOMERS,ALL_SYNTHETIC_PROGRAMS,CFG-CDU-01,SYNTHETIC_INTERNAL,SNP-COOLIT-20260925-BL,SCN-BASELINE,WOCOMP-0038-008,WO-0038,BOMC-09-008,20,P-COMP-156,42,29,0,42,,,EFFECTIVE
TEN-COOLIT-SYN-001,SITE-COOLIT-SYN-01,ERP,WORK_ORDER_COMPONENT,WOCOMP-0038-009,WOCOMP-0038-009,RESOLVED,2026-09-25T23:59:59-06:00,2026-09-26T08:00:00-06:00,2026-06-29T00:00:00-06:00,,1,,false,ACTIVE,EA,,VALID,CURRENT,coolit-synthetic-v2.0.0,ALL_SYNTHETIC_CUSTOMERS,ALL_SYNTHETIC_PROGRAMS,CFG-CDU-01,SYNTHETIC_INTERNAL,SNP-COOLIT-20260925-BL,SCN-BASELINE,WOCOMP-0038-009,WO-0038,BOMC-09-009,20,P-COMP-163,42,29,0,42,,,EFFECTIVE
TEN-COOLIT-SYN-001,SITE-COOLIT-SYN-01,ERP,WORK_ORDER_COMPONENT,WOCOMP-0038-010,WOCOMP-0038-010,RESOLVED,2026-09-25T23:59:59-06:00,2026-09-26T08:00:00-06:00,2026-06-29T00:00:00-06:00,,1,,false,ACTIVE,EA,,VALID,CURRENT,coolit-synthetic-v2.0.0,ALL_SYNTHETIC_CUSTOMERS,ALL_SYNTHETIC_PROGRAMS,CFG-CDU-01,SYNTHETIC_INTERNAL,SNP-COOLIT-20260925-BL,SCN-BASELINE,WOCOMP-0038-010,WO-0038,BOMC-09-010,20,P-COMP-170,84,58,0,84,,,EFFECTIVE
TEN-COOLIT-SYN-001,SITE-COOLIT-SYN-01,ERP,WORK_ORDER_COMPONENT,WOCOMP-0038-011,WOCOMP-0038-011,RESOLVED,2026-09-25T23:59:59-06:00,2026-09-26T08:00:00-06:00,2026-06-29T00:00:00-06:00,,1,,false,ACTIVE,EA,,VALID,CURRENT,coolit-synthetic-v2.0.0,ALL_SYNTHETIC_CUSTOMERS,ALL_SYNTHETIC_PROGRAMS,CFG-CDU-01,SYNTHETIC_INTERNAL,SNP-COOLIT-20260925-BL,SCN-BASELINE,WOCOMP-0038-011,WO-0038,BOMC-09-011,30,P-COMP-177,42,29,0,42,,,EFFECTIVE
TEN-COOLIT-SYN-001,SITE-COOLIT-SYN-01,ERP,WORK_ORDER_COMPONENT,WOCOMP-0038-012,WOCOMP-0038-012,RESOLVED,2026-09-25T23:59:59-06:00,2026-09-26T08:00:00-06:00,2026-06-29T00:00:00-06:00,,1,,false,ACTIVE,EA,,VALID,CURRENT,coolit-synthetic-v2.0.0,ALL_SYNTHETIC_CUSTOMERS,ALL_SYNTHETIC_PROGRAMS,CFG-CDU-01,SYNTHETIC_INTERNAL,SNP-COOLIT-20260925-BL,SCN-BASELINE,WOCOMP-0038-012,WO-0038,BOMC-09-012,30,P-COMP-184,42,29,0,42,P-COMP-032,,EFFECTIVE
TEN-COOLIT-SYN-001,SITE-COOLIT-SYN-01,ERP,WORK_ORDER_COMPONENT,WOCOMP-0038-013,WOCOMP-0038-013,RESOLVED,2026-09-25T23:59:59-06:00,2026-09-26T08:00:00-06:00,2026-06-29T00:00:00-06:00,,1,,false,ACTIVE,EA,,VALID,CURRENT,coolit-synthetic-v2.0.0,ALL_SYNTHETIC_CUSTOMERS,ALL_SYNTHETIC_PROGRAMS,CFG-CDU-01,SYNTHETIC_INTERNAL,SNP-COOLIT-20260925-BL,SCN-BASELINE,WOCOMP-0038-013,WO-0038,BOMC-09-013,30,P-COMP-191,42,29,0,42,,,EFFECTIVE
TEN-COOLIT-SYN-001,SITE-COOLIT-SYN-01,ERP,WORK_ORDER_COMPONENT,WOCOMP-0038-014,WOCOMP-0038-014,RESOLVED,2026-09-25T23:59:59-06:00,2026-09-26T08:00:00-06:00,2026-06-29T00:00:00-06:00,,1,,false,ACTIVE,EA,,VALID,CURRENT,coolit-synthetic-v2.0.0,ALL_SYNTHETIC_CUSTOMERS,ALL_SYNTHETIC_PROGRAMS,CFG-CDU-01,SYNTHETIC_INTERNAL,SNP-COOLIT-20260925-BL,SCN-BASELINE,WOCOMP-0038-014,WO-0038,BOMC-09-014,30,P-COMP-198,42,29,0,42,,,EFFECTIVE
TEN-COOLIT-SYN-001,SITE-COOLIT-SYN-01,ERP,WORK_ORDER_COMPONENT,WOCOMP-0038-015,WOCOMP-0038-015,RESOLVED,2026-09-25T23:59:59-06:00,2026-09-26T08:00:00-06:00,2026-06-29T00:00:00-06:00,,1,,false,ACTIVE,EA,,VALID,CURRENT,coolit-synthetic-v2.0.0,ALL_SYNTHETIC_CUSTOMERS,ALL_SYNTHETIC_PROGRAMS,CFG-CDU-01,SYNTHETIC_INTERNAL,SNP-COOLIT-20260925-BL,SCN-BASELINE,WOCOMP-0038-015,WO-0038,BOMC-09-015,30,P-COMP-205,42,29,0,42,,,EFFECTIVE
TEN-COOLIT-SYN-001,SITE-COOLIT-SYN-01,ERP,WORK_ORDER_COMPONENT,WOCOMP-0038-016,WOCOMP-0038-016,RESOLVED,2026-09-25T23:59:59-06:00,2026-09-26T08:00:00-06:00,2026-06-29T00:00:00-06:00,,1,,false,ACTIVE,EA,,VALID,CURRENT,coolit-synthetic-v2.0.0,ALL_SYNTHETIC_CUSTOMERS,ALL_SYNTHETIC_PROGRAMS,CFG-CDU-01,SYNTHETIC_INTERNAL,SNP-COOLIT-20260925-BL,SCN-BASELINE,WOCOMP-0038-016,WO-0038,BOMC-09-016,40,P-QD-004,42,29,0,42,,,EFFECTIVE
TEN-COOLIT-SYN-001,SITE-COOLIT-SYN-01,ERP,WORK_ORDER_COMPONENT,WOCOMP-0038-017,WOCOMP-0038-017,RESOLVED,2026-09-25T23:59:59-06:00,2026-09-26T08:00:00-06:00,2026-06-29T00:00:00-06:00,,1,,false,ACTIVE,EA,,VALID,CURRENT,coolit-synthetic-v2.0.0,ALL_SYNTHETIC_CUSTOMERS,ALL_SYNTHETIC_PROGRAMS,CFG-CDU-01,SYNTHETIC_INTERNAL,SNP-COOLIT-20260925-BL,SCN-BASELINE,WOCOMP-0038-017,WO-0038,BOMC-09-017,40,P-PUMP-001,42,29,0,42,,,EFFECTIVE
TEN-COOLIT-SYN-001,SITE-COOLIT-SYN-01,ERP,WORK_ORDER_COMPONENT,WOCOMP-0038-018,WOCOMP-0038-018,RESOLVED,2026-09-25T23:59:59-06:00,2026-09-26T08:00:00-06:00,2026-06-29T00:00:00-06:00,,1,,false,ACTIVE,EA,,VALID,CURRENT,coolit-synthetic-v2.0.0,ALL_SYNTHETIC_CUSTOMERS,ALL_SYNTHETIC_PROGRAMS,CFG-CDU-01,SYNTHETIC_INTERNAL,SNP-COOLIT-20260925-BL,SCN-BASELINE,WOCOMP-0038-018,WO-0038,BOMC-09-018,40,P-PUMP-008,42,29,0,42,,,EFFECTIVE
TEN-COOLIT-SYN-001,SITE-COOLIT-SYN-01,ERP,WORK_ORDER_COMPONENT,WOCOMP-0038-019,WOCOMP-0038-019,RESOLVED,2026-09-25T23:59:59-06:00,2026-09-26T08:00:00-06:00,2026-06-29T00:00:00-06:00,,1,,false,ACTIVE,EA,,VALID,CURRENT,coolit-synthetic-v2.0.0,ALL_SYNTHETIC_CUSTOMERS,ALL_SYNTHETIC_PROGRAMS,CFG-CDU-01,SYNTHETIC_INTERNAL,SNP-COOLIT-20260925-BL,SCN-BASELINE,WOCOMP-0038-019,WO-0038,BOMC-09-019,40,P-CTRL-001,84,58,0,84,,,EFFECTIVE
TEN-COOLIT-SYN-001,SITE-COOLIT-SYN-01,ERP,WORK_ORDER_COMPONENT,WOCOMP-0038-020,WOCOMP-0038-020,RESOLVED,2026-09-25T23:59:59-06:00,2026-09-26T08:00:00-06:00,2026-06-29T00:00:00-06:00,,1,,false,ACTIVE,EA,,VALID,CURRENT,coolit-synthetic-v2.0.0,ALL_SYNTHETIC_CUSTOMERS,ALL_SYNTHETIC_PROGRAMS,CFG-CDU-01,SYNTHETIC_INTERNAL,SNP-COOLIT-20260925-BL,SCN-BASELINE,WOCOMP-0038-020,WO-0038,BOMC-09-020,40,P-COMP-002,42,29,0,42,,,EFFECTIVE
TEN-COOLIT-SYN-001,SITE-COOLIT-SYN-01,ERP,WORK_ORDER_COMPONENT,WOCOMP-0038-021,WOCOMP-0038-021,RESOLVED,2026-09-25T23:59:59-06:00,2026-09-26T08:00:00-06:00,2026-06-29T00:00:00-06:00,,1,,false,ACTIVE,EA,,VALID,CURRENT,coolit-synthetic-v2.0.0,ALL_SYNTHETIC_CUSTOMERS,ALL_SYNTHETIC_PROGRAMS,CFG-CDU-01,SYNTHETIC_INTERNAL,SNP-COOLIT-20260925-BL,SCN-BASELINE,WOCOMP-0038-021,WO-0038,BOMC-09-021,50,P-COMP-009,42,29,0,42,,,EFFECTIVE
TEN-COOLIT-SYN-001,SITE-COOLIT-SYN-01,ERP,WORK_ORDER_COMPONENT,WOCOMP-0038-022,WOCOMP-0038-022,RESOLVED,2026-09-25T23:59:59-06:00,2026-09-26T08:00:00-06:00,2026-06-29T00:00:00-06:00,,1,,false,ACTIVE,EA,,VALID,CURRENT,coolit-synthetic-v2.0.0,ALL_SYNTHETIC_CUSTOMERS,ALL_SYNTHETIC_PROGRAMS,CFG-CDU-01,SYNTHETIC_INTERNAL,SNP-COOLIT-20260925-BL,SCN-BASELINE,WOCOMP-0038-022,WO-0038,BOMC-09-022,50,P-COMP-016,42,29,0,42,,,EFFECTIVE
TEN-COOLIT-SYN-001,SITE-COOLIT-SYN-01,ERP,WORK_ORDER_COMPONENT,WOCOMP-0038-023,WOCOMP-0038-023,RESOLVED,2026-09-25T23:59:59-06:00,2026-09-26T08:00:00-06:00,2026-06-29T00:00:00-06:00,,1,,false,ACTIVE,EA,,VALID,CURRENT,coolit-synthetic-v2.0.0,ALL_SYNTHETIC_CUSTOMERS,ALL_SYNTHETIC_PROGRAMS,CFG-CDU-01,SYNTHETIC_INTERNAL,SNP-COOLIT-20260925-BL,SCN-BASELINE,WOCOMP-0038-023,WO-0038,BOMC-09-023,50,P-COMP-023,42,29,0,42,P-COMP-043,,EFFECTIVE
TEN-COOLIT-SYN-001,SITE-COOLIT-SYN-01,ERP,WORK_ORDER_COMPONENT,WOCOMP-0038-024,WOCOMP-0038-024,RESOLVED,2026-09-25T23:59:59-06:00,2026-09-26T08:00:00-06:00,2026-06-29T00:00:00-06:00,,1,,false,ACTIVE,EA,,VALID,CURRENT,coolit-synthetic-v2.0.0,ALL_SYNTHETIC_CUSTOMERS,ALL_SYNTHETIC_PROGRAMS,CFG-CDU-01,SYNTHETIC_INTERNAL,SNP-COOLIT-20260925-BL,SCN-BASELINE,WOCOMP-0038-024,WO-0038,BOMC-09-024,50,P-COMP-030,42,29,0,42,,,EFFECTIVE
TEN-COOLIT-SYN-001,SITE-COOLIT-SYN-01,ERP,WORK_ORDER_COMPONENT,WOCOMP-0038-025,WOCOMP-0038-025,RESOLVED,2026-09-25T23:59:59-06:00,2026-09-26T08:00:00-06:00,2026-06-29T00:00:00-06:00,,1,,false,ACTIVE,EA,,VALID,CURRENT,coolit-synthetic-v2.0.0,ALL_SYNTHETIC_CUSTOMERS,ALL_SYNTHETIC_PROGRAMS,CFG-CDU-01,SYNTHETIC_INTERNAL,SNP-COOLIT-20260925-BL,SCN-BASELINE,WOCOMP-0038-025,WO-0038,BOMC-09-025,50,P-COMP-037,42,29,0,42,,,EFFECTIVE
TEN-COOLIT-SYN-001,SITE-COOLIT-SYN-01,ERP,WORK_ORDER_COMPONENT,WOCOMP-0038-026,WOCOMP-0038-026,RESOLVED,2026-09-25T23:59:59-06:00,2026-09-26T08:00:00-06:00,2026-06-29T00:00:00-06:00,,1,,false,ACTIVE,EA,,VALID,CURRENT,coolit-synthetic-v2.0.0,ALL_SYNTHETIC_CUSTOMERS,ALL_SYNTHETIC_PROGRAMS,CFG-CDU-01,SYNTHETIC_INTERNAL,SNP-COOLIT-20260925-BL,SCN-BASELINE,WOCOMP-0038-026,WO-0038,BOMC-09-026,60,P-COMP-044,42,29,0,42,,,EFFECTIVE
TEN-COOLIT-SYN-001,SITE-COOLIT-SYN-01,ERP,WORK_ORDER_COMPONENT,WOCOMP-0038-027,WOCOMP-0038-027,RESOLVED,2026-09-25T23:59:59-06:00,2026-09-26T08:00:00-06:00,2026-06-29T00:00:00-06:00,,1,,false,ACTIVE,EA,,VALID,CURRENT,coolit-synthetic-v2.0.0,ALL_SYNTHETIC_CUSTOMERS,ALL_SYNTHETIC_PROGRAMS,CFG-CDU-01,SYNTHETIC_INTERNAL,SNP-COOLIT-20260925-BL,SCN-BASELINE,WOCOMP-0038-027,WO-0038,BOMC-09-027,60,P-COMP-051,42,29,0,42,,,EFFECTIVE
TEN-COOLIT-SYN-001,SITE-COOLIT-SYN-01,ERP,WORK_ORDER_COMPONENT,WOCOMP-0038-028,WOCOMP-0038-028,RESOLVED,2026-09-25T23:59:59-06:00,2026-09-26T08:00:00-06:00,2026-06-29T00:00:00-06:00,,1,,false,ACTIVE,EA,,VALID,CURRENT,coolit-synthetic-v2.0.0,ALL_SYNTHETIC_CUSTOMERS,ALL_SYNTHETIC_PROGRAMS,CFG-CDU-01,SYNTHETIC_INTERNAL,SNP-COOLIT-20260925-BL,SCN-BASELINE,WOCOMP-0038-028,WO-0038,BOMC-09-028,60,P-COMP-058,84,58,0,84,,,EFFECTIVE
TEN-COOLIT-SYN-001,SITE-COOLIT-SYN-01,ERP,WORK_ORDER_COMPONENT,WOCOMP-0038-029,WOCOMP-0038-029,RESOLVED,2026-09-25T23:59:59-06:00,2026-09-26T08:00:00-06:00,2026-06-29T00:00:00-06:00,,1,,false,ACTIVE,EA,,VALID,CURRENT,coolit-synthetic-v2.0.0,ALL_SYNTHETIC_CUSTOMERS,ALL_SYNTHETIC_PROGRAMS,CFG-CDU-01,SYNTHETIC_INTERNAL,SNP-COOLIT-20260925-BL,SCN-BASELINE,WOCOMP-0038-029,WO-0038,BOMC-09-029,60,P-COMP-065,42,29,0,42,,,EFFECTIVE
TEN-COOLIT-SYN-001,SITE-COOLIT-SYN-01,ERP,WORK_ORDER_COMPONENT,WOCOMP-0038-030,WOCOMP-0038-030,RESOLVED,2026-09-25T23:59:59-06:00,2026-09-26T08:00:00-06:00,2026-06-29T00:00:00-06:00,,1,,false,ACTIVE,EA,,VALID,CURRENT,coolit-synthetic-v2.0.0,ALL_SYNTHETIC_CUSTOMERS,ALL_SYNTHETIC_PROGRAMS,CFG-CDU-01,SYNTHETIC_INTERNAL,SNP-COOLIT-20260925-BL,SCN-BASELINE,WOCOMP-0038-030,WO-0038,BOMC-09-030,60,P-COMP-072,42,29,0,42,,,EFFECTIVE
TEN-COOLIT-SYN-001,SITE-COOLIT-SYN-01,ERP,WORK_ORDER_COMPONENT,WOCOMP-0039-001,WOCOMP-0039-001,RESOLVED,2026-09-25T23:59:59-06:00,2026-09-26T08:00:00-06:00,2026-06-29T00:00:00-06:00,,1,,false,ACTIVE,EA,,VALID,CURRENT,coolit-synthetic-v2.0.0,ALL_SYNTHETIC_CUSTOMERS,ALL_SYNTHETIC_PROGRAMS,CFG-CPL-04,SYNTHETIC_INTERNAL,SNP-COOLIT-20260925-BL,SCN-BASELINE,WOCOMP-0039-001,WO-0039,BOMC-04-001,10,P-COMP-022,96,67,0,96,P-COMP-022,,EFFECTIVE
TEN-COOLIT-SYN-001,SITE-COOLIT-SYN-01,ERP,WORK_ORDER_COMPONENT,WOCOMP-0039-002,WOCOMP-0039-002,RESOLVED,2026-09-25T23:59:59-06:00,2026-09-26T08:00:00-06:00,2026-06-29T00:00:00-06:00,,1,,false,ACTIVE,EA,,VALID,CURRENT,coolit-synthetic-v2.0.0,ALL_SYNTHETIC_CUSTOMERS,ALL_SYNTHETIC_PROGRAMS,CFG-CPL-04,SYNTHETIC_INTERNAL,SNP-COOLIT-20260925-BL,SCN-BASELINE,WOCOMP-0039-002,WO-0039,BOMC-04-002,10,P-COMP-029,48,33,0,48,,,EFFECTIVE
TEN-COOLIT-SYN-001,SITE-COOLIT-SYN-01,ERP,WORK_ORDER_COMPONENT,WOCOMP-0039-003,WOCOMP-0039-003,RESOLVED,2026-09-25T23:59:59-06:00,2026-09-26T08:00:00-06:00,2026-06-29T00:00:00-06:00,,1,,false,ACTIVE,EA,,VALID,CURRENT,coolit-synthetic-v2.0.0,ALL_SYNTHETIC_CUSTOMERS,ALL_SYNTHETIC_PROGRAMS,CFG-CPL-04,SYNTHETIC_INTERNAL,SNP-COOLIT-20260925-BL,SCN-BASELINE,WOCOMP-0039-003,WO-0039,BOMC-04-003,10,P-COMP-036,48,33,0,48,,,EFFECTIVE
TEN-COOLIT-SYN-001,SITE-COOLIT-SYN-01,ERP,WORK_ORDER_COMPONENT,WOCOMP-0039-004,WOCOMP-0039-004,RESOLVED,2026-09-25T23:59:59-06:00,2026-09-26T08:00:00-06:00,2026-06-29T00:00:00-06:00,,1,,false,ACTIVE,EA,,VALID,CURRENT,coolit-synthetic-v2.0.0,ALL_SYNTHETIC_CUSTOMERS,ALL_SYNTHETIC_PROGRAMS,CFG-CPL-04,SYNTHETIC_INTERNAL,SNP-COOLIT-20260925-BL,SCN-BASELINE,WOCOMP-0039-004,WO-0039,BOMC-04-004,10,P-COMP-043,48,33,0,48,,,EFFECTIVE
TEN-COOLIT-SYN-001,SITE-COOLIT-SYN-01,ERP,WORK_ORDER_COMPONENT,WOCOMP-0039-005,WOCOMP-0039-005,RESOLVED,2026-09-25T23:59:59-06:00,2026-09-26T08:00:00-06:00,2026-06-29T00:00:00-06:00,,1,,false,ACTIVE,EA,,VALID,CURRENT,coolit-synthetic-v2.0.0,ALL_SYNTHETIC_CUSTOMERS,ALL_SYNTHETIC_PROGRAMS,CFG-CPL-04,SYNTHETIC_INTERNAL,SNP-COOLIT-20260925-BL,SCN-BASELINE,WOCOMP-0039-005,WO-0039,BOMC-04-005,10,P-COMP-050,48,33,0,48,,,EFFECTIVE
TEN-COOLIT-SYN-001,SITE-COOLIT-SYN-01,ERP,WORK_ORDER_COMPONENT,WOCOMP-0039-006,WOCOMP-0039-006,RESOLVED,2026-09-25T23:59:59-06:00,2026-09-26T08:00:00-06:00,2026-06-29T00:00:00-06:00,,1,,false,ACTIVE,EA,,VALID,CURRENT,coolit-synthetic-v2.0.0,ALL_SYNTHETIC_CUSTOMERS,ALL_SYNTHETIC_PROGRAMS,CFG-CPL-04,SYNTHETIC_INTERNAL,SNP-COOLIT-20260925-BL,SCN-BASELINE,WOCOMP-0039-006,WO-0039,BOMC-04-006,20,P-COMP-057,48,33,0,48,,,EFFECTIVE
TEN-COOLIT-SYN-001,SITE-COOLIT-SYN-01,ERP,WORK_ORDER_COMPONENT,WOCOMP-0039-007,WOCOMP-0039-007,RESOLVED,2026-09-25T23:59:59-06:00,2026-09-26T08:00:00-06:00,2026-06-29T00:00:00-06:00,,1,,false,ACTIVE,EA,,VALID,CURRENT,coolit-synthetic-v2.0.0,ALL_SYNTHETIC_CUSTOMERS,ALL_SYNTHETIC_PROGRAMS,CFG-CPL-04,SYNTHETIC_INTERNAL,SNP-COOLIT-20260925-BL,SCN-BASELINE,WOCOMP-0039-007,WO-0039,BOMC-04-007,20,P-COMP-064,48,33,0,48,,,EFFECTIVE
TEN-COOLIT-SYN-001,SITE-COOLIT-SYN-01,ERP,WORK_ORDER_COMPONENT,WOCOMP-0039-008,WOCOMP-0039-008,RESOLVED,2026-09-25T23:59:59-06:00,2026-09-26T08:00:00-06:00,2026-06-29T00:00:00-06:00,,1,,false,ACTIVE,EA,,VALID,CURRENT,coolit-synthetic-v2.0.0,ALL_SYNTHETIC_CUSTOMERS,ALL_SYNTHETIC_PROGRAMS,CFG-CPL-04,SYNTHETIC_INTERNAL,SNP-COOLIT-20260925-BL,SCN-BASELINE,WOCOMP-0039-008,WO-0039,BOMC-04-008,20,P-COMP-071,48,33,0,48,,,EFFECTIVE
TEN-COOLIT-SYN-001,SITE-COOLIT-SYN-01,ERP,WORK_ORDER_COMPONENT,WOCOMP-0039-009,WOCOMP-0039-009,RESOLVED,2026-09-25T23:59:59-06:00,2026-09-26T08:00:00-06:00,2026-06-29T00:00:00-06:00,,1,,false,ACTIVE,EA,,VALID,CURRENT,coolit-synthetic-v2.0.0,ALL_SYNTHETIC_CUSTOMERS,ALL_SYNTHETIC_PROGRAMS,CFG-CPL-04,SYNTHETIC_INTERNAL,SNP-COOLIT-20260925-BL,SCN-BASELINE,WOCOMP-0039-009,WO-0039,BOMC-04-009,20,P-COMP-078,48,33,0,48,,,EFFECTIVE
TEN-COOLIT-SYN-001,SITE-COOLIT-SYN-01,ERP,WORK_ORDER_COMPONENT,WOCOMP-0039-010,WOCOMP-0039-010,RESOLVED,2026-09-25T23:59:59-06:00,2026-09-26T08:00:00-06:00,2026-06-29T00:00:00-06:00,,1,,false,ACTIVE,EA,,VALID,CURRENT,coolit-synthetic-v2.0.0,ALL_SYNTHETIC_CUSTOMERS,ALL_SYNTHETIC_PROGRAMS,CFG-CPL-04,SYNTHETIC_INTERNAL,SNP-COOLIT-20260925-BL,SCN-BASELINE,WOCOMP-0039-010,WO-0039,BOMC-04-010,20,P-COMP-085,96,67,0,96,,,EFFECTIVE
TEN-COOLIT-SYN-001,SITE-COOLIT-SYN-01,ERP,WORK_ORDER_COMPONENT,WOCOMP-0039-011,WOCOMP-0039-011,RESOLVED,2026-09-25T23:59:59-06:00,2026-09-26T08:00:00-06:00,2026-06-29T00:00:00-06:00,,1,,false,ACTIVE,EA,,VALID,CURRENT,coolit-synthetic-v2.0.0,ALL_SYNTHETIC_CUSTOMERS,ALL_SYNTHETIC_PROGRAMS,CFG-CPL-04,SYNTHETIC_INTERNAL,SNP-COOLIT-20260925-BL,SCN-BASELINE,WOCOMP-0039-011,WO-0039,BOMC-04-011,30,P-COMP-092,48,33,0,48,,,EFFECTIVE
TEN-COOLIT-SYN-001,SITE-COOLIT-SYN-01,ERP,WORK_ORDER_COMPONENT,WOCOMP-0039-012,WOCOMP-0039-012,RESOLVED,2026-09-25T23:59:59-06:00,2026-09-26T08:00:00-06:00,2026-06-29T00:00:00-06:00,,1,,false,ACTIVE,EA,,VALID,CURRENT,coolit-synthetic-v2.0.0,ALL_SYNTHETIC_CUSTOMERS,ALL_SYNTHETIC_PROGRAMS,CFG-CPL-04,SYNTHETIC_INTERNAL,SNP-COOLIT-20260925-BL,SCN-BASELINE,WOCOMP-0039-012,WO-0039,BOMC-04-012,30,P-COMP-099,48,33,0,48,P-COMP-033,,EFFECTIVE
TEN-COOLIT-SYN-001,SITE-COOLIT-SYN-01,ERP,WORK_ORDER_COMPONENT,WOCOMP-0039-013,WOCOMP-0039-013,RESOLVED,2026-09-25T23:59:59-06:00,2026-09-26T08:00:00-06:00,2026-06-29T00:00:00-06:00,,1,,false,ACTIVE,EA,,VALID,CURRENT,coolit-synthetic-v2.0.0,ALL_SYNTHETIC_CUSTOMERS,ALL_SYNTHETIC_PROGRAMS,CFG-CPL-04,SYNTHETIC_INTERNAL,SNP-COOLIT-20260925-BL,SCN-BASELINE,WOCOMP-0039-013,WO-0039,BOMC-04-013,30,P-COMP-106,48,33,0,48,,,EFFECTIVE
TEN-COOLIT-SYN-001,SITE-COOLIT-SYN-01,ERP,WORK_ORDER_COMPONENT,WOCOMP-0039-014,WOCOMP-0039-014,RESOLVED,2026-09-25T23:59:59-06:00,2026-09-26T08:00:00-06:00,2026-06-29T00:00:00-06:00,,1,,false,ACTIVE,EA,,VALID,CURRENT,coolit-synthetic-v2.0.0,ALL_SYNTHETIC_CUSTOMERS,ALL_SYNTHETIC_PROGRAMS,CFG-CPL-04,SYNTHETIC_INTERNAL,SNP-COOLIT-20260925-BL,SCN-BASELINE,WOCOMP-0039-014,WO-0039,BOMC-04-014,30,P-COMP-113,48,33,0,48,,,EFFECTIVE
TEN-COOLIT-SYN-001,SITE-COOLIT-SYN-01,ERP,WORK_ORDER_COMPONENT,WOCOMP-0039-015,WOCOMP-0039-015,RESOLVED,2026-09-25T23:59:59-06:00,2026-09-26T08:00:00-06:00,2026-06-29T00:00:00-06:00,,1,,false,ACTIVE,EA,,VALID,CURRENT,coolit-synthetic-v2.0.0,ALL_SYNTHETIC_CUSTOMERS,ALL_SYNTHETIC_PROGRAMS,CFG-CPL-04,SYNTHETIC_INTERNAL,SNP-COOLIT-20260925-BL,SCN-BASELINE,WOCOMP-0039-015,WO-0039,BOMC-04-015,30,P-COMP-120,48,33,0,48,,,EFFECTIVE
TEN-COOLIT-SYN-001,SITE-COOLIT-SYN-01,ERP,WORK_ORDER_COMPONENT,WOCOMP-0039-016,WOCOMP-0039-016,RESOLVED,2026-09-25T23:59:59-06:00,2026-09-26T08:00:00-06:00,2026-06-29T00:00:00-06:00,,1,,false,ACTIVE,EA,,VALID,CURRENT,coolit-synthetic-v2.0.0,ALL_SYNTHETIC_CUSTOMERS,ALL_SYNTHETIC_PROGRAMS,CFG-CPL-04,SYNTHETIC_INTERNAL,SNP-COOLIT-20260925-BL,SCN-BASELINE,WOCOMP-0039-016,WO-0039,BOMC-04-016,40,P-COMP-127,48,33,0,48,,,EFFECTIVE
TEN-COOLIT-SYN-001,SITE-COOLIT-SYN-01,ERP,WORK_ORDER_COMPONENT,WOCOMP-0039-017,WOCOMP-0039-017,RESOLVED,2026-09-25T23:59:59-06:00,2026-09-26T08:00:00-06:00,2026-06-29T00:00:00-06:00,,1,,false,ACTIVE,EA,,VALID,CURRENT,coolit-synthetic-v2.0.0,ALL_SYNTHETIC_CUSTOMERS,ALL_SYNTHETIC_PROGRAMS,CFG-CPL-04,SYNTHETIC_INTERNAL,SNP-COOLIT-20260925-BL,SCN-BASELINE,WOCOMP-0039-017,WO-0039,BOMC-04-017,40,P-COMP-134,48,33,0,48,,,EFFECTIVE
TEN-COOLIT-SYN-001,SITE-COOLIT-SYN-01,ERP,WORK_ORDER_COMPONENT,WOCOMP-0039-018,WOCOMP-0039-018,RESOLVED,2026-09-25T23:59:59-06:00,2026-09-26T08:00:00-06:00,2026-06-29T00:00:00-06:00,,1,,false,ACTIVE,EA,,VALID,CURRENT,coolit-synthetic-v2.0.0,ALL_SYNTHETIC_CUSTOMERS,ALL_SYNTHETIC_PROGRAMS,CFG-CPL-04,SYNTHETIC_INTERNAL,SNP-COOLIT-20260925-BL,SCN-BASELINE,WOCOMP-0039-018,WO-0039,BOMC-04-018,40,P-COMP-141,48,33,0,48,,,EFFECTIVE
TEN-COOLIT-SYN-001,SITE-COOLIT-SYN-01,ERP,WORK_ORDER_COMPONENT,WOCOMP-0039-019,WOCOMP-0039-019,RESOLVED,2026-09-25T23:59:59-06:00,2026-09-26T08:00:00-06:00,2026-06-29T00:00:00-06:00,,1,,false,ACTIVE,EA,,VALID,CURRENT,coolit-synthetic-v2.0.0,ALL_SYNTHETIC_CUSTOMERS,ALL_SYNTHETIC_PROGRAMS,CFG-CPL-04,SYNTHETIC_INTERNAL,SNP-COOLIT-20260925-BL,SCN-BASELINE,WOCOMP-0039-019,WO-0039,BOMC-04-019,40,P-COMP-148,96,67,0,96,,,EFFECTIVE
TEN-COOLIT-SYN-001,SITE-COOLIT-SYN-01,ERP,WORK_ORDER_COMPONENT,WOCOMP-0039-020,WOCOMP-0039-020,RESOLVED,2026-09-25T23:59:59-06:00,2026-09-26T08:00:00-06:00,2026-06-29T00:00:00-06:00,,1,,false,ACTIVE,EA,,VALID,CURRENT,coolit-synthetic-v2.0.0,ALL_SYNTHETIC_CUSTOMERS,ALL_SYNTHETIC_PROGRAMS,CFG-CPL-04,SYNTHETIC_INTERNAL,SNP-COOLIT-20260925-BL,SCN-BASELINE,WOCOMP-0039-020,WO-0039,BOMC-04-020,40,P-COMP-155,48,33,0,48,,,EFFECTIVE
TEN-COOLIT-SYN-001,SITE-COOLIT-SYN-01,ERP,WORK_ORDER_COMPONENT,WOCOMP-0039-021,WOCOMP-0039-021,RESOLVED,2026-09-25T23:59:59-06:00,2026-09-26T08:00:00-06:00,2026-06-29T00:00:00-06:00,,1,,false,ACTIVE,EA,,VALID,CURRENT,coolit-synthetic-v2.0.0,ALL_SYNTHETIC_CUSTOMERS,ALL_SYNTHETIC_PROGRAMS,CFG-CPL-04,SYNTHETIC_INTERNAL,SNP-COOLIT-20260925-BL,SCN-BASELINE,WOCOMP-0039-021,WO-0039,BOMC-04-021,50,P-COMP-162,48,33,0,48,,,EFFECTIVE
TEN-COOLIT-SYN-001,SITE-COOLIT-SYN-01,ERP,WORK_ORDER_COMPONENT,WOCOMP-0039-022,WOCOMP-0039-022,RESOLVED,2026-09-25T23:59:59-06:00,2026-09-26T08:00:00-06:00,2026-06-29T00:00:00-06:00,,1,,false,ACTIVE,EA,,VALID,CURRENT,coolit-synthetic-v2.0.0,ALL_SYNTHETIC_CUSTOMERS,ALL_SYNTHETIC_PROGRAMS,CFG-CPL-04,SYNTHETIC_INTERNAL,SNP-COOLIT-20260925-BL,SCN-BASELINE,WOCOMP-0039-022,WO-0039,BOMC-04-022,50,P-COMP-169,48,33,0,48,,,EFFECTIVE
TEN-COOLIT-SYN-001,SITE-COOLIT-SYN-01,ERP,WORK_ORDER_COMPONENT,WOCOMP-0039-023,WOCOMP-0039-023,RESOLVED,2026-09-25T23:59:59-06:00,2026-09-26T08:00:00-06:00,2026-06-29T00:00:00-06:00,,1,,false,ACTIVE,EA,,VALID,CURRENT,coolit-synthetic-v2.0.0,ALL_SYNTHETIC_CUSTOMERS,ALL_SYNTHETIC_PROGRAMS,CFG-CPL-04,SYNTHETIC_INTERNAL,SNP-COOLIT-20260925-BL,SCN-BASELINE,WOCOMP-0039-023,WO-0039,BOMC-04-023,50,P-COMP-176,48,33,0,48,P-COMP-044,,EFFECTIVE
TEN-COOLIT-SYN-001,SITE-COOLIT-SYN-01,ERP,WORK_ORDER_COMPONENT,WOCOMP-0039-024,WOCOMP-0039-024,RESOLVED,2026-09-25T23:59:59-06:00,2026-09-26T08:00:00-06:00,2026-06-29T00:00:00-06:00,,1,,false,ACTIVE,EA,,VALID,CURRENT,coolit-synthetic-v2.0.0,ALL_SYNTHETIC_CUSTOMERS,ALL_SYNTHETIC_PROGRAMS,CFG-CPL-04,SYNTHETIC_INTERNAL,SNP-COOLIT-20260925-BL,SCN-BASELINE,WOCOMP-0039-024,WO-0039,BOMC-04-024,50,P-COMP-183,48,33,0,48,,,EFFECTIVE
TEN-COOLIT-SYN-001,SITE-COOLIT-SYN-01,ERP,WORK_ORDER_COMPONENT,WOCOMP-0039-025,WOCOMP-0039-025,RESOLVED,2026-09-25T23:59:59-06:00,2026-09-26T08:00:00-06:00,2026-06-29T00:00:00-06:00,,1,,false,ACTIVE,EA,,VALID,CURRENT,coolit-synthetic-v2.0.0,ALL_SYNTHETIC_CUSTOMERS,ALL_SYNTHETIC_PROGRAMS,CFG-CPL-04,SYNTHETIC_INTERNAL,SNP-COOLIT-20260925-BL,SCN-BASELINE,WOCOMP-0039-025,WO-0039,BOMC-04-025,50,P-COMP-190,48,33,0,48,,,EFFECTIVE
TEN-COOLIT-SYN-001,SITE-COOLIT-SYN-01,ERP,WORK_ORDER_COMPONENT,WOCOMP-0039-026,WOCOMP-0039-026,RESOLVED,2026-09-25T23:59:59-06:00,2026-09-26T08:00:00-06:00,2026-06-29T00:00:00-06:00,,1,,false,ACTIVE,EA,,VALID,CURRENT,coolit-synthetic-v2.0.0,ALL_SYNTHETIC_CUSTOMERS,ALL_SYNTHETIC_PROGRAMS,CFG-CPL-04,SYNTHETIC_INTERNAL,SNP-COOLIT-20260925-BL,SCN-BASELINE,WOCOMP-0039-026,WO-0039,BOMC-04-026,60,P-COMP-197,48,33,0,48,,,EFFECTIVE
TEN-COOLIT-SYN-001,SITE-COOLIT-SYN-01,ERP,WORK_ORDER_COMPONENT,WOCOMP-0039-027,WOCOMP-0039-027,RESOLVED,2026-09-25T23:59:59-06:00,2026-09-26T08:00:00-06:00,2026-06-29T00:00:00-06:00,,1,,false,ACTIVE,EA,,VALID,CURRENT,coolit-synthetic-v2.0.0,ALL_SYNTHETIC_CUSTOMERS,ALL_SYNTHETIC_PROGRAMS,CFG-CPL-04,SYNTHETIC_INTERNAL,SNP-COOLIT-20260925-BL,SCN-BASELINE,WOCOMP-0039-027,WO-0039,BOMC-04-027,60,P-COMP-204,48,33,0,48,,,EFFECTIVE
TEN-COOLIT-SYN-001,SITE-COOLIT-SYN-01,ERP,WORK_ORDER_COMPONENT,WOCOMP-0039-028,WOCOMP-0039-028,RESOLVED,2026-09-25T23:59:59-06:00,2026-09-26T08:00:00-06:00,2026-06-29T00:00:00-06:00,,1,,false,ACTIVE,EA,,VALID,CURRENT,coolit-synthetic-v2.0.0,ALL_SYNTHETIC_CUSTOMERS,ALL_SYNTHETIC_PROGRAMS,CFG-CPL-04,SYNTHETIC_INTERNAL,SNP-COOLIT-20260925-BL,SCN-BASELINE,WOCOMP-0039-028,WO-0039,BOMC-04-028,60,P-QD-003,96,67,0,96,,,EFFECTIVE
TEN-COOLIT-SYN-001,SITE-COOLIT-SYN-01,ERP,WORK_ORDER_COMPONENT,WOCOMP-0039-029,WOCOMP-0039-029,RESOLVED,2026-09-25T23:59:59-06:00,2026-09-26T08:00:00-06:00,2026-06-29T00:00:00-06:00,,1,,false,ACTIVE,EA,,VALID,CURRENT,coolit-synthetic-v2.0.0,ALL_SYNTHETIC_CUSTOMERS,ALL_SYNTHETIC_PROGRAMS,CFG-CPL-04,SYNTHETIC_INTERNAL,SNP-COOLIT-20260925-BL,SCN-BASELINE,WOCOMP-0039-029,WO-0039,BOMC-04-029,60,P-QD-010,48,33,0,48,,,EFFECTIVE
TEN-COOLIT-SYN-001,SITE-COOLIT-SYN-01,ERP,WORK_ORDER_COMPONENT,WOCOMP-0039-030,WOCOMP-0039-030,RESOLVED,2026-09-25T23:59:59-06:00,2026-09-26T08:00:00-06:00,2026-06-29T00:00:00-06:00,,1,,false,ACTIVE,EA,,VALID,CURRENT,coolit-synthetic-v2.0.0,ALL_SYNTHETIC_CUSTOMERS,ALL_SYNTHETIC_PROGRAMS,CFG-CPL-04,SYNTHETIC_INTERNAL,SNP-COOLIT-20260925-BL,SCN-BASELINE,WOCOMP-0039-030,WO-0039,BOMC-04-030,60,P-PUMP-007,48,33,0,48,,,EFFECTIVE
TEN-COOLIT-SYN-001,SITE-COOLIT-SYN-01,ERP,WORK_ORDER_COMPONENT,WOCOMP-0040-001,WOCOMP-0040-001,RESOLVED,2026-09-25T23:59:59-06:00,2026-09-26T08:00:00-06:00,2026-06-29T00:00:00-06:00,,1,,false,ACTIVE,EA,,VALID,CURRENT,coolit-synthetic-v2.0.0,ALL_SYNTHETIC_CUSTOMERS,ALL_SYNTHETIC_PROGRAMS,CFG-CDU-03,SYNTHETIC_INTERNAL,SNP-COOLIT-20260925-BL,SCN-BASELINE,WOCOMP-0040-001,WO-0040,BOMC-11-001,10,P-COMP-141,108,75,0,108,P-COMP-023,,EFFECTIVE
TEN-COOLIT-SYN-001,SITE-COOLIT-SYN-01,ERP,WORK_ORDER_COMPONENT,WOCOMP-0040-002,WOCOMP-0040-002,RESOLVED,2026-09-25T23:59:59-06:00,2026-09-26T08:00:00-06:00,2026-06-29T00:00:00-06:00,,1,,false,ACTIVE,EA,,VALID,CURRENT,coolit-synthetic-v2.0.0,ALL_SYNTHETIC_CUSTOMERS,ALL_SYNTHETIC_PROGRAMS,CFG-CDU-03,SYNTHETIC_INTERNAL,SNP-COOLIT-20260925-BL,SCN-BASELINE,WOCOMP-0040-002,WO-0040,BOMC-11-002,10,P-COMP-148,54,37,0,54,,,EFFECTIVE
TEN-COOLIT-SYN-001,SITE-COOLIT-SYN-01,ERP,WORK_ORDER_COMPONENT,WOCOMP-0040-003,WOCOMP-0040-003,RESOLVED,2026-09-25T23:59:59-06:00,2026-09-26T08:00:00-06:00,2026-06-29T00:00:00-06:00,,1,,false,ACTIVE,EA,,VALID,CURRENT,coolit-synthetic-v2.0.0,ALL_SYNTHETIC_CUSTOMERS,ALL_SYNTHETIC_PROGRAMS,CFG-CDU-03,SYNTHETIC_INTERNAL,SNP-COOLIT-20260925-BL,SCN-BASELINE,WOCOMP-0040-003,WO-0040,BOMC-11-003,10,P-COMP-155,54,37,0,54,,,EFFECTIVE
TEN-COOLIT-SYN-001,SITE-COOLIT-SYN-01,ERP,WORK_ORDER_COMPONENT,WOCOMP-0040-004,WOCOMP-0040-004,RESOLVED,2026-09-25T23:59:59-06:00,2026-09-26T08:00:00-06:00,2026-06-29T00:00:00-06:00,,1,,false,ACTIVE,EA,,VALID,CURRENT,coolit-synthetic-v2.0.0,ALL_SYNTHETIC_CUSTOMERS,ALL_SYNTHETIC_PROGRAMS,CFG-CDU-03,SYNTHETIC_INTERNAL,SNP-COOLIT-20260925-BL,SCN-BASELINE,WOCOMP-0040-004,WO-0040,BOMC-11-004,10,P-COMP-162,54,37,0,54,,,EFFECTIVE
TEN-COOLIT-SYN-001,SITE-COOLIT-SYN-01,ERP,WORK_ORDER_COMPONENT,WOCOMP-0040-005,WOCOMP-0040-005,RESOLVED,2026-09-25T23:59:59-06:00,2026-09-26T08:00:00-06:00,2026-06-29T00:00:00-06:00,,1,,false,ACTIVE,EA,,VALID,CURRENT,coolit-synthetic-v2.0.0,ALL_SYNTHETIC_CUSTOMERS,ALL_SYNTHETIC_PROGRAMS,CFG-CDU-03,SYNTHETIC_INTERNAL,SNP-COOLIT-20260925-BL,SCN-BASELINE,WOCOMP-0040-005,WO-0040,BOMC-11-005,10,P-COMP-169,54,37,0,54,,,EFFECTIVE
TEN-COOLIT-SYN-001,SITE-COOLIT-SYN-01,ERP,WORK_ORDER_COMPONENT,WOCOMP-0040-006,WOCOMP-0040-006,RESOLVED,2026-09-25T23:59:59-06:00,2026-09-26T08:00:00-06:00,2026-06-29T00:00:00-06:00,,1,,false,ACTIVE,EA,,VALID,CURRENT,coolit-synthetic-v2.0.0,ALL_SYNTHETIC_CUSTOMERS,ALL_SYNTHETIC_PROGRAMS,CFG-CDU-03,SYNTHETIC_INTERNAL,SNP-COOLIT-20260925-BL,SCN-BASELINE,WOCOMP-0040-006,WO-0040,BOMC-11-006,20,P-COMP-176,54,37,0,54,,,EFFECTIVE
TEN-COOLIT-SYN-001,SITE-COOLIT-SYN-01,ERP,WORK_ORDER_COMPONENT,WOCOMP-0040-007,WOCOMP-0040-007,RESOLVED,2026-09-25T23:59:59-06:00,2026-09-26T08:00:00-06:00,2026-06-29T00:00:00-06:00,,1,,false,ACTIVE,EA,,VALID,CURRENT,coolit-synthetic-v2.0.0,ALL_SYNTHETIC_CUSTOMERS,ALL_SYNTHETIC_PROGRAMS,CFG-CDU-03,SYNTHETIC_INTERNAL,SNP-COOLIT-20260925-BL,SCN-BASELINE,WOCOMP-0040-007,WO-0040,BOMC-11-007,20,P-COMP-183,54,37,0,54,,,EFFECTIVE
TEN-COOLIT-SYN-001,SITE-COOLIT-SYN-01,ERP,WORK_ORDER_COMPONENT,WOCOMP-0040-008,WOCOMP-0040-008,RESOLVED,2026-09-25T23:59:59-06:00,2026-09-26T08:00:00-06:00,2026-06-29T00:00:00-06:00,,1,,false,ACTIVE,EA,,VALID,CURRENT,coolit-synthetic-v2.0.0,ALL_SYNTHETIC_CUSTOMERS,ALL_SYNTHETIC_PROGRAMS,CFG-CDU-03,SYNTHETIC_INTERNAL,SNP-COOLIT-20260925-BL,SCN-BASELINE,WOCOMP-0040-008,WO-0040,BOMC-11-008,20,P-COMP-190,54,37,0,54,,,EFFECTIVE
TEN-COOLIT-SYN-001,SITE-COOLIT-SYN-01,ERP,WORK_ORDER_COMPONENT,WOCOMP-0040-009,WOCOMP-0040-009,RESOLVED,2026-09-25T23:59:59-06:00,2026-09-26T08:00:00-06:00,2026-06-29T00:00:00-06:00,,1,,false,ACTIVE,EA,,VALID,CURRENT,coolit-synthetic-v2.0.0,ALL_SYNTHETIC_CUSTOMERS,ALL_SYNTHETIC_PROGRAMS,CFG-CDU-03,SYNTHETIC_INTERNAL,SNP-COOLIT-20260925-BL,SCN-BASELINE,WOCOMP-0040-009,WO-0040,BOMC-11-009,20,P-COMP-197,54,37,0,54,,,EFFECTIVE
TEN-COOLIT-SYN-001,SITE-COOLIT-SYN-01,ERP,WORK_ORDER_COMPONENT,WOCOMP-0040-010,WOCOMP-0040-010,RESOLVED,2026-09-25T23:59:59-06:00,2026-09-26T08:00:00-06:00,2026-06-29T00:00:00-06:00,,1,,false,ACTIVE,EA,,VALID,CURRENT,coolit-synthetic-v2.0.0,ALL_SYNTHETIC_CUSTOMERS,ALL_SYNTHETIC_PROGRAMS,CFG-CDU-03,SYNTHETIC_INTERNAL,SNP-COOLIT-20260925-BL,SCN-BASELINE,WOCOMP-0040-010,WO-0040,BOMC-11-010,20,P-COMP-204,108,75,0,108,,,EFFECTIVE
TEN-COOLIT-SYN-001,SITE-COOLIT-SYN-01,ERP,WORK_ORDER_COMPONENT,WOCOMP-0040-011,WOCOMP-0040-011,RESOLVED,2026-09-25T23:59:59-06:00,2026-09-26T08:00:00-06:00,2026-06-29T00:00:00-06:00,,1,,false,ACTIVE,EA,,VALID,CURRENT,coolit-synthetic-v2.0.0,ALL_SYNTHETIC_CUSTOMERS,ALL_SYNTHETIC_PROGRAMS,CFG-CDU-03,SYNTHETIC_INTERNAL,SNP-COOLIT-20260925-BL,SCN-BASELINE,WOCOMP-0040-011,WO-0040,BOMC-11-011,30,P-QD-003,54,37,0,54,,,EFFECTIVE
TEN-COOLIT-SYN-001,SITE-COOLIT-SYN-01,ERP,WORK_ORDER_COMPONENT,WOCOMP-0040-012,WOCOMP-0040-012,RESOLVED,2026-09-25T23:59:59-06:00,2026-09-26T08:00:00-06:00,2026-06-29T00:00:00-06:00,,1,,false,ACTIVE,EA,,VALID,CURRENT,coolit-synthetic-v2.0.0,ALL_SYNTHETIC_CUSTOMERS,ALL_SYNTHETIC_PROGRAMS,CFG-CDU-03,SYNTHETIC_INTERNAL,SNP-COOLIT-20260925-BL,SCN-BASELINE,WOCOMP-0040-012,WO-0040,BOMC-11-012,30,P-QD-010,54,37,0,54,P-COMP-034,,EFFECTIVE
TEN-COOLIT-SYN-001,SITE-COOLIT-SYN-01,ERP,WORK_ORDER_COMPONENT,WOCOMP-0040-013,WOCOMP-0040-013,RESOLVED,2026-09-25T23:59:59-06:00,2026-09-26T08:00:00-06:00,2026-06-29T00:00:00-06:00,,1,,false,ACTIVE,EA,,VALID,CURRENT,coolit-synthetic-v2.0.0,ALL_SYNTHETIC_CUSTOMERS,ALL_SYNTHETIC_PROGRAMS,CFG-CDU-03,SYNTHETIC_INTERNAL,SNP-COOLIT-20260925-BL,SCN-BASELINE,WOCOMP-0040-013,WO-0040,BOMC-11-013,30,P-PUMP-007,54,37,0,54,,,EFFECTIVE
TEN-COOLIT-SYN-001,SITE-COOLIT-SYN-01,ERP,WORK_ORDER_COMPONENT,WOCOMP-0040-014,WOCOMP-0040-014,RESOLVED,2026-09-25T23:59:59-06:00,2026-09-26T08:00:00-06:00,2026-06-29T00:00:00-06:00,,1,,false,ACTIVE,EA,,VALID,CURRENT,coolit-synthetic-v2.0.0,ALL_SYNTHETIC_CUSTOMERS,ALL_SYNTHETIC_PROGRAMS,CFG-CDU-03,SYNTHETIC_INTERNAL,SNP-COOLIT-20260925-BL,SCN-BASELINE,WOCOMP-0040-014,WO-0040,BOMC-11-014,30,P-HX-006,54,37,0,54,,,EFFECTIVE
TEN-COOLIT-SYN-001,SITE-COOLIT-SYN-01,ERP,WORK_ORDER_COMPONENT,WOCOMP-0040-015,WOCOMP-0040-015,RESOLVED,2026-09-25T23:59:59-06:00,2026-09-26T08:00:00-06:00,2026-06-29T00:00:00-06:00,,1,,false,ACTIVE,EA,,VALID,CURRENT,coolit-synthetic-v2.0.0,ALL_SYNTHETIC_CUSTOMERS,ALL_SYNTHETIC_PROGRAMS,CFG-CDU-03,SYNTHETIC_INTERNAL,SNP-COOLIT-20260925-BL,SCN-BASELINE,WOCOMP-0040-015,WO-0040,BOMC-11-015,30,P-COMP-001,54,37,0,54,,,EFFECTIVE
TEN-COOLIT-SYN-001,SITE-COOLIT-SYN-01,ERP,WORK_ORDER_COMPONENT,WOCOMP-0040-016,WOCOMP-0040-016,RESOLVED,2026-09-25T23:59:59-06:00,2026-09-26T08:00:00-06:00,2026-06-29T00:00:00-06:00,,1,,false,ACTIVE,EA,,VALID,CURRENT,coolit-synthetic-v2.0.0,ALL_SYNTHETIC_CUSTOMERS,ALL_SYNTHETIC_PROGRAMS,CFG-CDU-03,SYNTHETIC_INTERNAL,SNP-COOLIT-20260925-BL,SCN-BASELINE,WOCOMP-0040-016,WO-0040,BOMC-11-016,40,P-COMP-008,54,37,0,54,,,EFFECTIVE
TEN-COOLIT-SYN-001,SITE-COOLIT-SYN-01,ERP,WORK_ORDER_COMPONENT,WOCOMP-0040-017,WOCOMP-0040-017,RESOLVED,2026-09-25T23:59:59-06:00,2026-09-26T08:00:00-06:00,2026-06-29T00:00:00-06:00,,1,,false,ACTIVE,EA,,VALID,CURRENT,coolit-synthetic-v2.0.0,ALL_SYNTHETIC_CUSTOMERS,ALL_SYNTHETIC_PROGRAMS,CFG-CDU-03,SYNTHETIC_INTERNAL,SNP-COOLIT-20260925-BL,SCN-BASELINE,WOCOMP-0040-017,WO-0040,BOMC-11-017,40,P-COMP-015,54,37,0,54,,,EFFECTIVE
TEN-COOLIT-SYN-001,SITE-COOLIT-SYN-01,ERP,WORK_ORDER_COMPONENT,WOCOMP-0040-018,WOCOMP-0040-018,RESOLVED,2026-09-25T23:59:59-06:00,2026-09-26T08:00:00-06:00,2026-06-29T00:00:00-06:00,,1,,false,ACTIVE,EA,,VALID,CURRENT,coolit-synthetic-v2.0.0,ALL_SYNTHETIC_CUSTOMERS,ALL_SYNTHETIC_PROGRAMS,CFG-CDU-03,SYNTHETIC_INTERNAL,SNP-COOLIT-20260925-BL,SCN-BASELINE,WOCOMP-0040-018,WO-0040,BOMC-11-018,40,P-COMP-022,54,37,0,54,,,EFFECTIVE
TEN-COOLIT-SYN-001,SITE-COOLIT-SYN-01,ERP,WORK_ORDER_COMPONENT,WOCOMP-0040-019,WOCOMP-0040-019,RESOLVED,2026-09-25T23:59:59-06:00,2026-09-26T08:00:00-06:00,2026-06-29T00:00:00-06:00,,1,,false,ACTIVE,EA,,VALID,CURRENT,coolit-synthetic-v2.0.0,ALL_SYNTHETIC_CUSTOMERS,ALL_SYNTHETIC_PROGRAMS,CFG-CDU-03,SYNTHETIC_INTERNAL,SNP-COOLIT-20260925-BL,SCN-BASELINE,WOCOMP-0040-019,WO-0040,BOMC-11-019,40,P-COMP-029,108,75,0,108,,,EFFECTIVE
TEN-COOLIT-SYN-001,SITE-COOLIT-SYN-01,ERP,WORK_ORDER_COMPONENT,WOCOMP-0040-020,WOCOMP-0040-020,RESOLVED,2026-09-25T23:59:59-06:00,2026-09-26T08:00:00-06:00,2026-06-29T00:00:00-06:00,,1,,false,ACTIVE,EA,,VALID,CURRENT,coolit-synthetic-v2.0.0,ALL_SYNTHETIC_CUSTOMERS,ALL_SYNTHETIC_PROGRAMS,CFG-CDU-03,SYNTHETIC_INTERNAL,SNP-COOLIT-20260925-BL,SCN-BASELINE,WOCOMP-0040-020,WO-0040,BOMC-11-020,40,P-COMP-036,54,37,0,54,,,EFFECTIVE
TEN-COOLIT-SYN-001,SITE-COOLIT-SYN-01,ERP,WORK_ORDER_COMPONENT,WOCOMP-0040-021,WOCOMP-0040-021,RESOLVED,2026-09-25T23:59:59-06:00,2026-09-26T08:00:00-06:00,2026-06-29T00:00:00-06:00,,1,,false,ACTIVE,EA,,VALID,CURRENT,coolit-synthetic-v2.0.0,ALL_SYNTHETIC_CUSTOMERS,ALL_SYNTHETIC_PROGRAMS,CFG-CDU-03,SYNTHETIC_INTERNAL,SNP-COOLIT-20260925-BL,SCN-BASELINE,WOCOMP-0040-021,WO-0040,BOMC-11-021,50,P-COMP-043,54,37,0,54,,,EFFECTIVE
TEN-COOLIT-SYN-001,SITE-COOLIT-SYN-01,ERP,WORK_ORDER_COMPONENT,WOCOMP-0040-022,WOCOMP-0040-022,RESOLVED,2026-09-25T23:59:59-06:00,2026-09-26T08:00:00-06:00,2026-06-29T00:00:00-06:00,,1,,false,ACTIVE,EA,,VALID,CURRENT,coolit-synthetic-v2.0.0,ALL_SYNTHETIC_CUSTOMERS,ALL_SYNTHETIC_PROGRAMS,CFG-CDU-03,SYNTHETIC_INTERNAL,SNP-COOLIT-20260925-BL,SCN-BASELINE,WOCOMP-0040-022,WO-0040,BOMC-11-022,50,P-COMP-050,54,37,0,54,,,EFFECTIVE
TEN-COOLIT-SYN-001,SITE-COOLIT-SYN-01,ERP,WORK_ORDER_COMPONENT,WOCOMP-0040-023,WOCOMP-0040-023,RESOLVED,2026-09-25T23:59:59-06:00,2026-09-26T08:00:00-06:00,2026-06-29T00:00:00-06:00,,1,,false,ACTIVE,EA,,VALID,CURRENT,coolit-synthetic-v2.0.0,ALL_SYNTHETIC_CUSTOMERS,ALL_SYNTHETIC_PROGRAMS,CFG-CDU-03,SYNTHETIC_INTERNAL,SNP-COOLIT-20260925-BL,SCN-BASELINE,WOCOMP-0040-023,WO-0040,BOMC-11-023,50,P-COMP-057,54,37,0,54,P-COMP-045,,EFFECTIVE
TEN-COOLIT-SYN-001,SITE-COOLIT-SYN-01,ERP,WORK_ORDER_COMPONENT,WOCOMP-0040-024,WOCOMP-0040-024,RESOLVED,2026-09-25T23:59:59-06:00,2026-09-26T08:00:00-06:00,2026-06-29T00:00:00-06:00,,1,,false,ACTIVE,EA,,VALID,CURRENT,coolit-synthetic-v2.0.0,ALL_SYNTHETIC_CUSTOMERS,ALL_SYNTHETIC_PROGRAMS,CFG-CDU-03,SYNTHETIC_INTERNAL,SNP-COOLIT-20260925-BL,SCN-BASELINE,WOCOMP-0040-024,WO-0040,BOMC-11-024,50,P-COMP-064,54,37,0,54,,,EFFECTIVE
TEN-COOLIT-SYN-001,SITE-COOLIT-SYN-01,ERP,WORK_ORDER_COMPONENT,WOCOMP-0040-025,WOCOMP-0040-025,RESOLVED,2026-09-25T23:59:59-06:00,2026-09-26T08:00:00-06:00,2026-06-29T00:00:00-06:00,,1,,false,ACTIVE,EA,,VALID,CURRENT,coolit-synthetic-v2.0.0,ALL_SYNTHETIC_CUSTOMERS,ALL_SYNTHETIC_PROGRAMS,CFG-CDU-03,SYNTHETIC_INTERNAL,SNP-COOLIT-20260925-BL,SCN-BASELINE,WOCOMP-0040-025,WO-0040,BOMC-11-025,50,P-COMP-071,54,37,0,54,,,EFFECTIVE
TEN-COOLIT-SYN-001,SITE-COOLIT-SYN-01,ERP,WORK_ORDER_COMPONENT,WOCOMP-0040-026,WOCOMP-0040-026,RESOLVED,2026-09-25T23:59:59-06:00,2026-09-26T08:00:00-06:00,2026-06-29T00:00:00-06:00,,1,,false,ACTIVE,EA,,VALID,CURRENT,coolit-synthetic-v2.0.0,ALL_SYNTHETIC_CUSTOMERS,ALL_SYNTHETIC_PROGRAMS,CFG-CDU-03,SYNTHETIC_INTERNAL,SNP-COOLIT-20260925-BL,SCN-BASELINE,WOCOMP-0040-026,WO-0040,BOMC-11-026,60,P-COMP-078,54,37,0,54,,,EFFECTIVE
TEN-COOLIT-SYN-001,SITE-COOLIT-SYN-01,ERP,WORK_ORDER_COMPONENT,WOCOMP-0040-027,WOCOMP-0040-027,RESOLVED,2026-09-25T23:59:59-06:00,2026-09-26T08:00:00-06:00,2026-06-29T00:00:00-06:00,,1,,false,ACTIVE,EA,,VALID,CURRENT,coolit-synthetic-v2.0.0,ALL_SYNTHETIC_CUSTOMERS,ALL_SYNTHETIC_PROGRAMS,CFG-CDU-03,SYNTHETIC_INTERNAL,SNP-COOLIT-20260925-BL,SCN-BASELINE,WOCOMP-0040-027,WO-0040,BOMC-11-027,60,P-COMP-085,54,37,0,54,,,EFFECTIVE
TEN-COOLIT-SYN-001,SITE-COOLIT-SYN-01,ERP,WORK_ORDER_COMPONENT,WOCOMP-0040-028,WOCOMP-0040-028,RESOLVED,2026-09-25T23:59:59-06:00,2026-09-26T08:00:00-06:00,2026-06-29T00:00:00-06:00,,1,,false,ACTIVE,EA,,VALID,CURRENT,coolit-synthetic-v2.0.0,ALL_SYNTHETIC_CUSTOMERS,ALL_SYNTHETIC_PROGRAMS,CFG-CDU-03,SYNTHETIC_INTERNAL,SNP-COOLIT-20260925-BL,SCN-BASELINE,WOCOMP-0040-028,WO-0040,BOMC-11-028,60,P-COMP-092,108,75,0,108,,,EFFECTIVE
TEN-COOLIT-SYN-001,SITE-COOLIT-SYN-01,ERP,WORK_ORDER_COMPONENT,WOCOMP-0040-029,WOCOMP-0040-029,RESOLVED,2026-09-25T23:59:59-06:00,2026-09-26T08:00:00-06:00,2026-06-29T00:00:00-06:00,,1,,false,ACTIVE,EA,,VALID,CURRENT,coolit-synthetic-v2.0.0,ALL_SYNTHETIC_CUSTOMERS,ALL_SYNTHETIC_PROGRAMS,CFG-CDU-03,SYNTHETIC_INTERNAL,SNP-COOLIT-20260925-BL,SCN-BASELINE,WOCOMP-0040-029,WO-0040,BOMC-11-029,60,P-COMP-099,54,37,0,54,,,EFFECTIVE
TEN-COOLIT-SYN-001,SITE-COOLIT-SYN-01,ERP,WORK_ORDER_COMPONENT,WOCOMP-0040-030,WOCOMP-0040-030,RESOLVED,2026-09-25T23:59:59-06:00,2026-09-26T08:00:00-06:00,2026-06-29T00:00:00-06:00,,1,,false,ACTIVE,EA,,VALID,CURRENT,coolit-synthetic-v2.0.0,ALL_SYNTHETIC_CUSTOMERS,ALL_SYNTHETIC_PROGRAMS,CFG-CDU-03,SYNTHETIC_INTERNAL,SNP-COOLIT-20260925-BL,SCN-BASELINE,WOCOMP-0040-030,WO-0040,BOMC-11-030,60,P-COMP-106,54,37,0,54,,,EFFECTIVE
