tenant_id,site_id,source_system,source_object,source_record_id,canonical_id,crosswalk_status,source_event_at,ingested_at,effective_from,effective_to,record_version,supersedes_source_record_id,is_deleted,semantic_status,uom,currency,data_quality_state,freshness_state,transformation_version,customer_scope,program_scope,product_scope,sensitivity_class,snapshot_id,scenario_id,operation_schedule_id,schedule_version_id,work_order_id,mes_operation_id,operation_sequence,resource_id,planned_start_at,planned_end_at,sequence_rank,setup_family,setup_minutes,qualified_labor_required,material_ready_flag,tool_ready_flag,test_ready_flag,time_fence_state,schedule_state
TEN-COOLIT-SYN-001,SITE-COOLIT-SYN-01,ERP,OPERATION_SCHEDULE,OPSCH-1-00001,MESOP-00001,RESOLVED,2026-09-25T23:59:59-06:00,2026-09-26T08:00:00-06:00,2026-06-29T00:00:00-06:00,,1,,false,ACTIVE,,,VALID,CURRENT,coolit-synthetic-v2.0.0,ALL_SYNTHETIC_CUSTOMERS,ALL_SYNTHETIC_PROGRAMS,CFG-CPL-02,SYNTHETIC_INTERNAL,SNP-COOLIT-20260925-BL,SCN-BASELINE,OPSCH-1-00001,SCH-V1,WO-0001,MESOP-00001,10,CELL-ROBOT-01,2026-06-29T07:00:00-06:00,2026-06-29T17:00:00-06:00,1,COLDPLATE_LOOP,5,1,false,false,true,FROZEN,SUPERSEDED
TEN-COOLIT-SYN-001,SITE-COOLIT-SYN-01,ERP,OPERATION_SCHEDULE,OPSCH-1-00002,MESOP-00002,RESOLVED,2026-09-25T23:59:59-06:00,2026-09-26T08:00:00-06:00,2026-06-29T00:00:00-06:00,,1,,false,ACTIVE,,,VALID,CURRENT,coolit-synthetic-v2.0.0,ALL_SYNTHETIC_CUSTOMERS,ALL_SYNTHETIC_PROGRAMS,CFG-CPL-02,SYNTHETIC_INTERNAL,SNP-COOLIT-20260925-BL,SCN-BASELINE,OPSCH-1-00002,SCH-V1,WO-0001,MESOP-00002,20,LINE-CPL-01,2026-06-30T07:00:00-06:00,2026-06-30T17:00:00-06:00,2,COLDPLATE_LOOP,20,1,true,true,true,FROZEN,SUPERSEDED
TEN-COOLIT-SYN-001,SITE-COOLIT-SYN-01,ERP,OPERATION_SCHEDULE,OPSCH-1-00003,MESOP-00003,RESOLVED,2026-09-25T23:59:59-06:00,2026-09-26T08:00:00-06:00,2026-06-29T00:00:00-06:00,,1,,false,ACTIVE,,,VALID,CURRENT,coolit-synthetic-v2.0.0,ALL_SYNTHETIC_CUSTOMERS,ALL_SYNTHETIC_PROGRAMS,CFG-CPL-02,SYNTHETIC_INTERNAL,SNP-COOLIT-20260925-BL,SCN-BASELINE,OPSCH-1-00003,SCH-V1,WO-0001,MESOP-00003,30,TEST-LEAK-01,2026-07-01T07:00:00-06:00,2026-07-01T17:00:00-06:00,3,COLDPLATE_LOOP,5,1,true,true,true,FROZEN,SUPERSEDED
TEN-COOLIT-SYN-001,SITE-COOLIT-SYN-01,ERP,OPERATION_SCHEDULE,OPSCH-1-00004,MESOP-00004,RESOLVED,2026-09-25T23:59:59-06:00,2026-09-26T08:00:00-06:00,2026-06-29T00:00:00-06:00,,1,,false,ACTIVE,,,VALID,CURRENT,coolit-synthetic-v2.0.0,ALL_SYNTHETIC_CUSTOMERS,ALL_SYNTHETIC_PROGRAMS,CFG-CPL-02,SYNTHETIC_INTERNAL,SNP-COOLIT-20260925-BL,SCN-BASELINE,OPSCH-1-00004,SCH-V1,WO-0001,MESOP-00004,40,TEST-LEAK-01,2026-07-02T07:00:00-06:00,2026-07-02T17:00:00-06:00,4,COLDPLATE_LOOP,5,2,true,true,true,FROZEN,SUPERSEDED
TEN-COOLIT-SYN-001,SITE-COOLIT-SYN-01,ERP,OPERATION_SCHEDULE,OPSCH-1-00005,MESOP-00005,RESOLVED,2026-09-25T23:59:59-06:00,2026-09-26T08:00:00-06:00,2026-06-29T00:00:00-06:00,,1,,false,ACTIVE,,,VALID,CURRENT,coolit-synthetic-v2.0.0,ALL_SYNTHETIC_CUSTOMERS,ALL_SYNTHETIC_PROGRAMS,CFG-CPL-02,SYNTHETIC_INTERNAL,SNP-COOLIT-20260925-BL,SCN-BASELINE,OPSCH-1-00005,SCH-V1,WO-0001,MESOP-00005,50,TEST-FUNC-01,2026-07-03T07:00:00-06:00,2026-07-03T17:00:00-06:00,5,COLDPLATE_LOOP,5,2,true,true,true,FROZEN,SUPERSEDED
TEN-COOLIT-SYN-001,SITE-COOLIT-SYN-01,ERP,OPERATION_SCHEDULE,OPSCH-1-00006,MESOP-00006,RESOLVED,2026-09-25T23:59:59-06:00,2026-09-26T08:00:00-06:00,2026-06-29T00:00:00-06:00,,1,,false,ACTIVE,,,VALID,CURRENT,coolit-synthetic-v2.0.0,ALL_SYNTHETIC_CUSTOMERS,ALL_SYNTHETIC_PROGRAMS,CFG-CPL-02,SYNTHETIC_INTERNAL,SNP-COOLIT-20260925-BL,SCN-BASELINE,OPSCH-1-00006,SCH-V1,WO-0001,MESOP-00006,60,LINE-CPL-01,2026-07-04T07:00:00-06:00,2026-07-04T17:00:00-06:00,6,COLDPLATE_LOOP,5,2,true,true,true,FROZEN,SUPERSEDED
TEN-COOLIT-SYN-001,SITE-COOLIT-SYN-01,ERP,OPERATION_SCHEDULE,OPSCH-1-00007,MESOP-00007,RESOLVED,2026-09-25T23:59:59-06:00,2026-09-26T08:00:00-06:00,2026-06-29T00:00:00-06:00,,1,,false,ACTIVE,,,VALID,CURRENT,coolit-synthetic-v2.0.0,ALL_SYNTHETIC_CUSTOMERS,ALL_SYNTHETIC_PROGRAMS,CFG-CDU-01,SYNTHETIC_INTERNAL,SNP-COOLIT-20260925-BL,SCN-BASELINE,OPSCH-1-00007,SCH-V1,WO-0002,MESOP-00007,10,CELL-ROBOT-01,2026-07-02T07:00:00-06:00,2026-07-02T17:00:00-06:00,7,COOLANT_DISTRIBUTION_UNIT,5,1,true,true,true,FROZEN,SUPERSEDED
TEN-COOLIT-SYN-001,SITE-COOLIT-SYN-01,ERP,OPERATION_SCHEDULE,OPSCH-1-00008,MESOP-00008,RESOLVED,2026-09-25T23:59:59-06:00,2026-09-26T08:00:00-06:00,2026-06-29T00:00:00-06:00,,1,,false,ACTIVE,,,VALID,CURRENT,coolit-synthetic-v2.0.0,ALL_SYNTHETIC_CUSTOMERS,ALL_SYNTHETIC_PROGRAMS,CFG-CDU-01,SYNTHETIC_INTERNAL,SNP-COOLIT-20260925-BL,SCN-BASELINE,OPSCH-1-00008,SCH-V1,WO-0002,MESOP-00008,20,LINE-CDU-01,2026-07-03T07:00:00-06:00,2026-07-03T17:00:00-06:00,8,COOLANT_DISTRIBUTION_UNIT,20,1,true,true,true,FROZEN,SUPERSEDED
TEN-COOLIT-SYN-001,SITE-COOLIT-SYN-01,ERP,OPERATION_SCHEDULE,OPSCH-1-00009,MESOP-00009,RESOLVED,2026-09-25T23:59:59-06:00,2026-09-26T08:00:00-06:00,2026-06-29T00:00:00-06:00,,1,,false,ACTIVE,,,VALID,CURRENT,coolit-synthetic-v2.0.0,ALL_SYNTHETIC_CUSTOMERS,ALL_SYNTHETIC_PROGRAMS,CFG-CDU-01,SYNTHETIC_INTERNAL,SNP-COOLIT-20260925-BL,SCN-BASELINE,OPSCH-1-00009,SCH-V1,WO-0002,MESOP-00009,30,TEST-LEAK-01,2026-07-04T07:00:00-06:00,2026-07-04T17:00:00-06:00,9,COOLANT_DISTRIBUTION_UNIT,5,1,true,true,true,FROZEN,SUPERSEDED
TEN-COOLIT-SYN-001,SITE-COOLIT-SYN-01,ERP,OPERATION_SCHEDULE,OPSCH-1-00010,MESOP-00010,RESOLVED,2026-09-25T23:59:59-06:00,2026-09-26T08:00:00-06:00,2026-06-29T00:00:00-06:00,,1,,false,ACTIVE,,,VALID,CURRENT,coolit-synthetic-v2.0.0,ALL_SYNTHETIC_CUSTOMERS,ALL_SYNTHETIC_PROGRAMS,CFG-CDU-01,SYNTHETIC_INTERNAL,SNP-COOLIT-20260925-BL,SCN-BASELINE,OPSCH-1-00010,SCH-V1,WO-0002,MESOP-00010,40,TEST-LEAK-01,2026-07-05T07:00:00-06:00,2026-07-05T17:00:00-06:00,10,COOLANT_DISTRIBUTION_UNIT,5,2,true,true,true,FROZEN,SUPERSEDED
TEN-COOLIT-SYN-001,SITE-COOLIT-SYN-01,ERP,OPERATION_SCHEDULE,OPSCH-1-00011,MESOP-00011,RESOLVED,2026-09-25T23:59:59-06:00,2026-09-26T08:00:00-06:00,2026-06-29T00:00:00-06:00,,1,,false,ACTIVE,,,VALID,CURRENT,coolit-synthetic-v2.0.0,ALL_SYNTHETIC_CUSTOMERS,ALL_SYNTHETIC_PROGRAMS,CFG-CDU-01,SYNTHETIC_INTERNAL,SNP-COOLIT-20260925-BL,SCN-BASELINE,OPSCH-1-00011,SCH-V1,WO-0002,MESOP-00011,50,TEST-FUNC-01,2026-07-06T07:00:00-06:00,2026-07-06T17:00:00-06:00,11,COOLANT_DISTRIBUTION_UNIT,5,2,true,true,true,FROZEN,SUPERSEDED
TEN-COOLIT-SYN-001,SITE-COOLIT-SYN-01,ERP,OPERATION_SCHEDULE,OPSCH-1-00012,MESOP-00012,RESOLVED,2026-09-25T23:59:59-06:00,2026-09-26T08:00:00-06:00,2026-06-29T00:00:00-06:00,,1,,false,ACTIVE,,,VALID,CURRENT,coolit-synthetic-v2.0.0,ALL_SYNTHETIC_CUSTOMERS,ALL_SYNTHETIC_PROGRAMS,CFG-CDU-01,SYNTHETIC_INTERNAL,SNP-COOLIT-20260925-BL,SCN-BASELINE,OPSCH-1-00012,SCH-V1,WO-0002,MESOP-00012,60,LINE-CDU-01,2026-07-07T07:00:00-06:00,2026-07-07T17:00:00-06:00,12,COOLANT_DISTRIBUTION_UNIT,5,2,true,true,true,FROZEN,SUPERSEDED
TEN-COOLIT-SYN-001,SITE-COOLIT-SYN-01,ERP,OPERATION_SCHEDULE,OPSCH-1-00013,MESOP-00013,RESOLVED,2026-09-25T23:59:59-06:00,2026-09-26T08:00:00-06:00,2026-06-29T00:00:00-06:00,,1,,false,ACTIVE,,,VALID,CURRENT,coolit-synthetic-v2.0.0,ALL_SYNTHETIC_CUSTOMERS,ALL_SYNTHETIC_PROGRAMS,CFG-CPL-04,SYNTHETIC_INTERNAL,SNP-COOLIT-20260925-BL,SCN-BASELINE,OPSCH-1-00013,SCH-V1,WO-0003,MESOP-00013,10,CELL-ROBOT-01,2026-07-05T07:00:00-06:00,2026-07-05T17:00:00-06:00,13,COLDPLATE_LOOP,5,1,true,true,true,FROZEN,SUPERSEDED
TEN-COOLIT-SYN-001,SITE-COOLIT-SYN-01,ERP,OPERATION_SCHEDULE,OPSCH-1-00014,MESOP-00014,RESOLVED,2026-09-25T23:59:59-06:00,2026-09-26T08:00:00-06:00,2026-06-29T00:00:00-06:00,,1,,false,ACTIVE,,,VALID,CURRENT,coolit-synthetic-v2.0.0,ALL_SYNTHETIC_CUSTOMERS,ALL_SYNTHETIC_PROGRAMS,CFG-CPL-04,SYNTHETIC_INTERNAL,SNP-COOLIT-20260925-BL,SCN-BASELINE,OPSCH-1-00014,SCH-V1,WO-0003,MESOP-00014,20,LINE-CPL-01,2026-07-06T07:00:00-06:00,2026-07-06T17:00:00-06:00,14,COLDPLATE_LOOP,20,1,true,true,true,FROZEN,SUPERSEDED
TEN-COOLIT-SYN-001,SITE-COOLIT-SYN-01,ERP,OPERATION_SCHEDULE,OPSCH-1-00015,MESOP-00015,RESOLVED,2026-09-25T23:59:59-06:00,2026-09-26T08:00:00-06:00,2026-06-29T00:00:00-06:00,,1,,false,ACTIVE,,,VALID,CURRENT,coolit-synthetic-v2.0.0,ALL_SYNTHETIC_CUSTOMERS,ALL_SYNTHETIC_PROGRAMS,CFG-CPL-04,SYNTHETIC_INTERNAL,SNP-COOLIT-20260925-BL,SCN-BASELINE,OPSCH-1-00015,SCH-V1,WO-0003,MESOP-00015,30,TEST-LEAK-01,2026-07-07T07:00:00-06:00,2026-07-07T17:00:00-06:00,15,COLDPLATE_LOOP,5,1,true,true,true,FROZEN,SUPERSEDED
TEN-COOLIT-SYN-001,SITE-COOLIT-SYN-01,ERP,OPERATION_SCHEDULE,OPSCH-1-00016,MESOP-00016,RESOLVED,2026-09-25T23:59:59-06:00,2026-09-26T08:00:00-06:00,2026-06-29T00:00:00-06:00,,1,,false,ACTIVE,,,VALID,CURRENT,coolit-synthetic-v2.0.0,ALL_SYNTHETIC_CUSTOMERS,ALL_SYNTHETIC_PROGRAMS,CFG-CPL-04,SYNTHETIC_INTERNAL,SNP-COOLIT-20260925-BL,SCN-BASELINE,OPSCH-1-00016,SCH-V1,WO-0003,MESOP-00016,40,TEST-LEAK-01,2026-07-08T07:00:00-06:00,2026-07-08T17:00:00-06:00,16,COLDPLATE_LOOP,5,2,true,true,true,FROZEN,SUPERSEDED
TEN-COOLIT-SYN-001,SITE-COOLIT-SYN-01,ERP,OPERATION_SCHEDULE,OPSCH-1-00017,MESOP-00017,RESOLVED,2026-09-25T23:59:59-06:00,2026-09-26T08:00:00-06:00,2026-06-29T00:00:00-06:00,,1,,false,ACTIVE,,,VALID,CURRENT,coolit-synthetic-v2.0.0,ALL_SYNTHETIC_CUSTOMERS,ALL_SYNTHETIC_PROGRAMS,CFG-CPL-04,SYNTHETIC_INTERNAL,SNP-COOLIT-20260925-BL,SCN-BASELINE,OPSCH-1-00017,SCH-V1,WO-0003,MESOP-00017,50,TEST-FUNC-01,2026-07-09T07:00:00-06:00,2026-07-09T17:00:00-06:00,17,COLDPLATE_LOOP,5,2,true,true,true,FROZEN,SUPERSEDED
TEN-COOLIT-SYN-001,SITE-COOLIT-SYN-01,ERP,OPERATION_SCHEDULE,OPSCH-1-00018,MESOP-00018,RESOLVED,2026-09-25T23:59:59-06:00,2026-09-26T08:00:00-06:00,2026-06-29T00:00:00-06:00,,1,,false,ACTIVE,,,VALID,CURRENT,coolit-synthetic-v2.0.0,ALL_SYNTHETIC_CUSTOMERS,ALL_SYNTHETIC_PROGRAMS,CFG-CPL-04,SYNTHETIC_INTERNAL,SNP-COOLIT-20260925-BL,SCN-BASELINE,OPSCH-1-00018,SCH-V1,WO-0003,MESOP-00018,60,LINE-CPL-01,2026-07-10T07:00:00-06:00,2026-07-10T17:00:00-06:00,18,COLDPLATE_LOOP,5,2,true,true,true,FROZEN,SUPERSEDED
TEN-COOLIT-SYN-001,SITE-COOLIT-SYN-01,ERP,OPERATION_SCHEDULE,OPSCH-1-00019,MESOP-00019,RESOLVED,2026-09-25T23:59:59-06:00,2026-09-26T08:00:00-06:00,2026-06-29T00:00:00-06:00,,1,,false,ACTIVE,,,VALID,CURRENT,coolit-synthetic-v2.0.0,ALL_SYNTHETIC_CUSTOMERS,ALL_SYNTHETIC_PROGRAMS,CFG-CDU-03,SYNTHETIC_INTERNAL,SNP-COOLIT-20260925-BL,SCN-BASELINE,OPSCH-1-00019,SCH-V1,WO-0004,MESOP-00019,10,CELL-ROBOT-01,2026-07-08T07:00:00-06:00,2026-07-08T17:00:00-06:00,19,COOLANT_DISTRIBUTION_UNIT,5,1,true,true,true,FROZEN,SUPERSEDED
TEN-COOLIT-SYN-001,SITE-COOLIT-SYN-01,ERP,OPERATION_SCHEDULE,OPSCH-1-00020,MESOP-00020,RESOLVED,2026-09-25T23:59:59-06:00,2026-09-26T08:00:00-06:00,2026-06-29T00:00:00-06:00,,1,,false,ACTIVE,,,VALID,CURRENT,coolit-synthetic-v2.0.0,ALL_SYNTHETIC_CUSTOMERS,ALL_SYNTHETIC_PROGRAMS,CFG-CDU-03,SYNTHETIC_INTERNAL,SNP-COOLIT-20260925-BL,SCN-BASELINE,OPSCH-1-00020,SCH-V1,WO-0004,MESOP-00020,20,LINE-CDU-01,2026-07-09T07:00:00-06:00,2026-07-09T17:00:00-06:00,20,COOLANT_DISTRIBUTION_UNIT,20,1,true,true,true,FROZEN,SUPERSEDED
TEN-COOLIT-SYN-001,SITE-COOLIT-SYN-01,ERP,OPERATION_SCHEDULE,OPSCH-1-00021,MESOP-00021,RESOLVED,2026-09-25T23:59:59-06:00,2026-09-26T08:00:00-06:00,2026-06-29T00:00:00-06:00,,1,,false,ACTIVE,,,VALID,CURRENT,coolit-synthetic-v2.0.0,ALL_SYNTHETIC_CUSTOMERS,ALL_SYNTHETIC_PROGRAMS,CFG-CDU-03,SYNTHETIC_INTERNAL,SNP-COOLIT-20260925-BL,SCN-BASELINE,OPSCH-1-00021,SCH-V1,WO-0004,MESOP-00021,30,TEST-LEAK-01,2026-07-10T07:00:00-06:00,2026-07-10T17:00:00-06:00,21,COOLANT_DISTRIBUTION_UNIT,5,1,true,true,true,FROZEN,SUPERSEDED
TEN-COOLIT-SYN-001,SITE-COOLIT-SYN-01,ERP,OPERATION_SCHEDULE,OPSCH-1-00022,MESOP-00022,RESOLVED,2026-09-25T23:59:59-06:00,2026-09-26T08:00:00-06:00,2026-06-29T00:00:00-06:00,,1,,false,ACTIVE,,,VALID,CURRENT,coolit-synthetic-v2.0.0,ALL_SYNTHETIC_CUSTOMERS,ALL_SYNTHETIC_PROGRAMS,CFG-CDU-03,SYNTHETIC_INTERNAL,SNP-COOLIT-20260925-BL,SCN-BASELINE,OPSCH-1-00022,SCH-V1,WO-0004,MESOP-00022,40,TEST-LEAK-01,2026-07-11T07:00:00-06:00,2026-07-11T17:00:00-06:00,22,COOLANT_DISTRIBUTION_UNIT,5,2,true,true,true,FROZEN,SUPERSEDED
TEN-COOLIT-SYN-001,SITE-COOLIT-SYN-01,ERP,OPERATION_SCHEDULE,OPSCH-1-00023,MESOP-00023,RESOLVED,2026-09-25T23:59:59-06:00,2026-09-26T08:00:00-06:00,2026-06-29T00:00:00-06:00,,1,,false,ACTIVE,,,VALID,CURRENT,coolit-synthetic-v2.0.0,ALL_SYNTHETIC_CUSTOMERS,ALL_SYNTHETIC_PROGRAMS,CFG-CDU-03,SYNTHETIC_INTERNAL,SNP-COOLIT-20260925-BL,SCN-BASELINE,OPSCH-1-00023,SCH-V1,WO-0004,MESOP-00023,50,TEST-FUNC-01,2026-07-12T07:00:00-06:00,2026-07-12T17:00:00-06:00,23,COOLANT_DISTRIBUTION_UNIT,5,2,true,true,true,FROZEN,SUPERSEDED
TEN-COOLIT-SYN-001,SITE-COOLIT-SYN-01,ERP,OPERATION_SCHEDULE,OPSCH-1-00024,MESOP-00024,RESOLVED,2026-09-25T23:59:59-06:00,2026-09-26T08:00:00-06:00,2026-06-29T00:00:00-06:00,,1,,false,ACTIVE,,,VALID,CURRENT,coolit-synthetic-v2.0.0,ALL_SYNTHETIC_CUSTOMERS,ALL_SYNTHETIC_PROGRAMS,CFG-CDU-03,SYNTHETIC_INTERNAL,SNP-COOLIT-20260925-BL,SCN-BASELINE,OPSCH-1-00024,SCH-V1,WO-0004,MESOP-00024,60,LINE-CDU-01,2026-07-13T07:00:00-06:00,2026-07-13T17:00:00-06:00,24,COOLANT_DISTRIBUTION_UNIT,5,2,true,true,true,FROZEN,SUPERSEDED
TEN-COOLIT-SYN-001,SITE-COOLIT-SYN-01,ERP,OPERATION_SCHEDULE,OPSCH-1-00025,MESOP-00025,RESOLVED,2026-09-25T23:59:59-06:00,2026-09-26T08:00:00-06:00,2026-06-29T00:00:00-06:00,,1,,false,ACTIVE,,,VALID,CURRENT,coolit-synthetic-v2.0.0,ALL_SYNTHETIC_CUSTOMERS,ALL_SYNTHETIC_PROGRAMS,CFG-RM-02,SYNTHETIC_INTERNAL,SNP-COOLIT-20260925-BL,SCN-BASELINE,OPSCH-1-00025,SCH-V1,WO-0005,MESOP-00025,10,CELL-ROBOT-01,2026-07-11T07:00:00-06:00,2026-07-11T17:00:00-06:00,25,RACK_MANIFOLD,5,1,true,true,true,FROZEN,SUPERSEDED
TEN-COOLIT-SYN-001,SITE-COOLIT-SYN-01,ERP,OPERATION_SCHEDULE,OPSCH-1-00026,MESOP-00026,RESOLVED,2026-09-25T23:59:59-06:00,2026-09-26T08:00:00-06:00,2026-06-29T00:00:00-06:00,,1,,false,ACTIVE,,,VALID,CURRENT,coolit-synthetic-v2.0.0,ALL_SYNTHETIC_CUSTOMERS,ALL_SYNTHETIC_PROGRAMS,CFG-RM-02,SYNTHETIC_INTERNAL,SNP-COOLIT-20260925-BL,SCN-BASELINE,OPSCH-1-00026,SCH-V1,WO-0005,MESOP-00026,20,LINE-RM-01,2026-07-12T07:00:00-06:00,2026-07-12T17:00:00-06:00,26,RACK_MANIFOLD,20,1,true,true,true,FROZEN,SUPERSEDED
TEN-COOLIT-SYN-001,SITE-COOLIT-SYN-01,ERP,OPERATION_SCHEDULE,OPSCH-1-00027,MESOP-00027,RESOLVED,2026-09-25T23:59:59-06:00,2026-09-26T08:00:00-06:00,2026-06-29T00:00:00-06:00,,1,,false,ACTIVE,,,VALID,CURRENT,coolit-synthetic-v2.0.0,ALL_SYNTHETIC_CUSTOMERS,ALL_SYNTHETIC_PROGRAMS,CFG-RM-02,SYNTHETIC_INTERNAL,SNP-COOLIT-20260925-BL,SCN-BASELINE,OPSCH-1-00027,SCH-V1,WO-0005,MESOP-00027,30,TEST-LEAK-01,2026-07-13T07:00:00-06:00,2026-07-13T17:00:00-06:00,27,RACK_MANIFOLD,5,1,true,true,true,FROZEN,SUPERSEDED
TEN-COOLIT-SYN-001,SITE-COOLIT-SYN-01,ERP,OPERATION_SCHEDULE,OPSCH-1-00028,MESOP-00028,RESOLVED,2026-09-25T23:59:59-06:00,2026-09-26T08:00:00-06:00,2026-06-29T00:00:00-06:00,,1,,false,ACTIVE,,,VALID,CURRENT,coolit-synthetic-v2.0.0,ALL_SYNTHETIC_CUSTOMERS,ALL_SYNTHETIC_PROGRAMS,CFG-RM-02,SYNTHETIC_INTERNAL,SNP-COOLIT-20260925-BL,SCN-BASELINE,OPSCH-1-00028,SCH-V1,WO-0005,MESOP-00028,40,TEST-LEAK-01,2026-07-14T07:00:00-06:00,2026-07-14T17:00:00-06:00,28,RACK_MANIFOLD,5,2,true,true,true,FROZEN,SUPERSEDED
TEN-COOLIT-SYN-001,SITE-COOLIT-SYN-01,ERP,OPERATION_SCHEDULE,OPSCH-1-00029,MESOP-00029,RESOLVED,2026-09-25T23:59:59-06:00,2026-09-26T08:00:00-06:00,2026-06-29T00:00:00-06:00,,1,,false,ACTIVE,,,VALID,CURRENT,coolit-synthetic-v2.0.0,ALL_SYNTHETIC_CUSTOMERS,ALL_SYNTHETIC_PROGRAMS,CFG-RM-02,SYNTHETIC_INTERNAL,SNP-COOLIT-20260925-BL,SCN-BASELINE,OPSCH-1-00029,SCH-V1,WO-0005,MESOP-00029,50,TEST-FUNC-01,2026-07-15T07:00:00-06:00,2026-07-15T17:00:00-06:00,29,RACK_MANIFOLD,5,2,true,true,true,FROZEN,SUPERSEDED
TEN-COOLIT-SYN-001,SITE-COOLIT-SYN-01,ERP,OPERATION_SCHEDULE,OPSCH-1-00030,MESOP-00030,RESOLVED,2026-09-25T23:59:59-06:00,2026-09-26T08:00:00-06:00,2026-06-29T00:00:00-06:00,,1,,false,ACTIVE,,,VALID,CURRENT,coolit-synthetic-v2.0.0,ALL_SYNTHETIC_CUSTOMERS,ALL_SYNTHETIC_PROGRAMS,CFG-RM-02,SYNTHETIC_INTERNAL,SNP-COOLIT-20260925-BL,SCN-BASELINE,OPSCH-1-00030,SCH-V1,WO-0005,MESOP-00030,60,LINE-RM-01,2026-07-16T07:00:00-06:00,2026-07-16T17:00:00-06:00,30,RACK_MANIFOLD,5,2,false,true,true,FROZEN,SUPERSEDED
TEN-COOLIT-SYN-001,SITE-COOLIT-SYN-01,ERP,OPERATION_SCHEDULE,OPSCH-1-00031,MESOP-00031,RESOLVED,2026-09-25T23:59:59-06:00,2026-09-26T08:00:00-06:00,2026-06-29T00:00:00-06:00,,1,,false,ACTIVE,,,VALID,CURRENT,coolit-synthetic-v2.0.0,ALL_SYNTHETIC_CUSTOMERS,ALL_SYNTHETIC_PROGRAMS,CFG-CPL-01,SYNTHETIC_INTERNAL,SNP-COOLIT-20260925-BL,SCN-BASELINE,OPSCH-1-00031,SCH-V1,WO-0006,MESOP-00031,10,CELL-ROBOT-01,2026-07-14T07:00:00-06:00,2026-07-14T17:00:00-06:00,31,COLDPLATE_LOOP,5,1,true,true,true,FROZEN,SUPERSEDED
TEN-COOLIT-SYN-001,SITE-COOLIT-SYN-01,ERP,OPERATION_SCHEDULE,OPSCH-1-00032,MESOP-00032,RESOLVED,2026-09-25T23:59:59-06:00,2026-09-26T08:00:00-06:00,2026-06-29T00:00:00-06:00,,1,,false,ACTIVE,,,VALID,CURRENT,coolit-synthetic-v2.0.0,ALL_SYNTHETIC_CUSTOMERS,ALL_SYNTHETIC_PROGRAMS,CFG-CPL-01,SYNTHETIC_INTERNAL,SNP-COOLIT-20260925-BL,SCN-BASELINE,OPSCH-1-00032,SCH-V1,WO-0006,MESOP-00032,20,LINE-CPL-01,2026-07-15T07:00:00-06:00,2026-07-15T17:00:00-06:00,32,COLDPLATE_LOOP,20,1,true,false,true,FROZEN,SUPERSEDED
TEN-COOLIT-SYN-001,SITE-COOLIT-SYN-01,ERP,OPERATION_SCHEDULE,OPSCH-1-00033,MESOP-00033,RESOLVED,2026-09-25T23:59:59-06:00,2026-09-26T08:00:00-06:00,2026-06-29T00:00:00-06:00,,1,,false,ACTIVE,,,VALID,CURRENT,coolit-synthetic-v2.0.0,ALL_SYNTHETIC_CUSTOMERS,ALL_SYNTHETIC_PROGRAMS,CFG-CPL-01,SYNTHETIC_INTERNAL,SNP-COOLIT-20260925-BL,SCN-BASELINE,OPSCH-1-00033,SCH-V1,WO-0006,MESOP-00033,30,TEST-LEAK-01,2026-07-16T07:00:00-06:00,2026-07-16T17:00:00-06:00,33,COLDPLATE_LOOP,5,1,true,true,true,FROZEN,SUPERSEDED
TEN-COOLIT-SYN-001,SITE-COOLIT-SYN-01,ERP,OPERATION_SCHEDULE,OPSCH-1-00034,MESOP-00034,RESOLVED,2026-09-25T23:59:59-06:00,2026-09-26T08:00:00-06:00,2026-06-29T00:00:00-06:00,,1,,false,ACTIVE,,,VALID,CURRENT,coolit-synthetic-v2.0.0,ALL_SYNTHETIC_CUSTOMERS,ALL_SYNTHETIC_PROGRAMS,CFG-CPL-01,SYNTHETIC_INTERNAL,SNP-COOLIT-20260925-BL,SCN-BASELINE,OPSCH-1-00034,SCH-V1,WO-0006,MESOP-00034,40,TEST-LEAK-01,2026-07-17T07:00:00-06:00,2026-07-17T17:00:00-06:00,34,COLDPLATE_LOOP,5,2,true,true,true,FROZEN,SUPERSEDED
TEN-COOLIT-SYN-001,SITE-COOLIT-SYN-01,ERP,OPERATION_SCHEDULE,OPSCH-1-00035,MESOP-00035,RESOLVED,2026-09-25T23:59:59-06:00,2026-09-26T08:00:00-06:00,2026-06-29T00:00:00-06:00,,1,,false,ACTIVE,,,VALID,CURRENT,coolit-synthetic-v2.0.0,ALL_SYNTHETIC_CUSTOMERS,ALL_SYNTHETIC_PROGRAMS,CFG-CPL-01,SYNTHETIC_INTERNAL,SNP-COOLIT-20260925-BL,SCN-BASELINE,OPSCH-1-00035,SCH-V1,WO-0006,MESOP-00035,50,TEST-FUNC-01,2026-07-18T07:00:00-06:00,2026-07-18T17:00:00-06:00,35,COLDPLATE_LOOP,5,2,true,true,true,FROZEN,SUPERSEDED
TEN-COOLIT-SYN-001,SITE-COOLIT-SYN-01,ERP,OPERATION_SCHEDULE,OPSCH-1-00036,MESOP-00036,RESOLVED,2026-09-25T23:59:59-06:00,2026-09-26T08:00:00-06:00,2026-06-29T00:00:00-06:00,,1,,false,ACTIVE,,,VALID,CURRENT,coolit-synthetic-v2.0.0,ALL_SYNTHETIC_CUSTOMERS,ALL_SYNTHETIC_PROGRAMS,CFG-CPL-01,SYNTHETIC_INTERNAL,SNP-COOLIT-20260925-BL,SCN-BASELINE,OPSCH-1-00036,SCH-V1,WO-0006,MESOP-00036,60,LINE-CPL-01,2026-07-19T07:00:00-06:00,2026-07-19T17:00:00-06:00,36,COLDPLATE_LOOP,5,2,true,true,true,FROZEN,SUPERSEDED
TEN-COOLIT-SYN-001,SITE-COOLIT-SYN-01,ERP,OPERATION_SCHEDULE,OPSCH-1-00037,MESOP-00037,RESOLVED,2026-09-25T23:59:59-06:00,2026-09-26T08:00:00-06:00,2026-06-29T00:00:00-06:00,,1,,false,ACTIVE,,,VALID,CURRENT,coolit-synthetic-v2.0.0,ALL_SYNTHETIC_CUSTOMERS,ALL_SYNTHETIC_PROGRAMS,CFG-RM-04,SYNTHETIC_INTERNAL,SNP-COOLIT-20260925-BL,SCN-BASELINE,OPSCH-1-00037,SCH-V1,WO-0007,MESOP-00037,10,CELL-ROBOT-01,2026-07-17T07:00:00-06:00,2026-07-17T17:00:00-06:00,37,RACK_MANIFOLD,5,1,true,true,true,FROZEN,SUPERSEDED
TEN-COOLIT-SYN-001,SITE-COOLIT-SYN-01,ERP,OPERATION_SCHEDULE,OPSCH-1-00038,MESOP-00038,RESOLVED,2026-09-25T23:59:59-06:00,2026-09-26T08:00:00-06:00,2026-06-29T00:00:00-06:00,,1,,false,ACTIVE,,,VALID,CURRENT,coolit-synthetic-v2.0.0,ALL_SYNTHETIC_CUSTOMERS,ALL_SYNTHETIC_PROGRAMS,CFG-RM-04,SYNTHETIC_INTERNAL,SNP-COOLIT-20260925-BL,SCN-BASELINE,OPSCH-1-00038,SCH-V1,WO-0007,MESOP-00038,20,LINE-RM-01,2026-07-18T07:00:00-06:00,2026-07-18T17:00:00-06:00,38,RACK_MANIFOLD,20,1,true,true,true,FROZEN,SUPERSEDED
TEN-COOLIT-SYN-001,SITE-COOLIT-SYN-01,ERP,OPERATION_SCHEDULE,OPSCH-1-00039,MESOP-00039,RESOLVED,2026-09-25T23:59:59-06:00,2026-09-26T08:00:00-06:00,2026-06-29T00:00:00-06:00,,1,,false,ACTIVE,,,VALID,CURRENT,coolit-synthetic-v2.0.0,ALL_SYNTHETIC_CUSTOMERS,ALL_SYNTHETIC_PROGRAMS,CFG-RM-04,SYNTHETIC_INTERNAL,SNP-COOLIT-20260925-BL,SCN-BASELINE,OPSCH-1-00039,SCH-V1,WO-0007,MESOP-00039,30,TEST-LEAK-01,2026-07-19T07:00:00-06:00,2026-07-19T17:00:00-06:00,39,RACK_MANIFOLD,5,1,true,true,true,FROZEN,SUPERSEDED
TEN-COOLIT-SYN-001,SITE-COOLIT-SYN-01,ERP,OPERATION_SCHEDULE,OPSCH-1-00040,MESOP-00040,RESOLVED,2026-09-25T23:59:59-06:00,2026-09-26T08:00:00-06:00,2026-06-29T00:00:00-06:00,,1,,false,ACTIVE,,,VALID,CURRENT,coolit-synthetic-v2.0.0,ALL_SYNTHETIC_CUSTOMERS,ALL_SYNTHETIC_PROGRAMS,CFG-RM-04,SYNTHETIC_INTERNAL,SNP-COOLIT-20260925-BL,SCN-BASELINE,OPSCH-1-00040,SCH-V1,WO-0007,MESOP-00040,40,TEST-LEAK-01,2026-07-20T07:00:00-06:00,2026-07-20T17:00:00-06:00,40,RACK_MANIFOLD,5,2,true,true,true,FROZEN,SUPERSEDED
TEN-COOLIT-SYN-001,SITE-COOLIT-SYN-01,ERP,OPERATION_SCHEDULE,OPSCH-1-00041,MESOP-00041,RESOLVED,2026-09-25T23:59:59-06:00,2026-09-26T08:00:00-06:00,2026-06-29T00:00:00-06:00,,1,,false,ACTIVE,,,VALID,CURRENT,coolit-synthetic-v2.0.0,ALL_SYNTHETIC_CUSTOMERS,ALL_SYNTHETIC_PROGRAMS,CFG-RM-04,SYNTHETIC_INTERNAL,SNP-COOLIT-20260925-BL,SCN-BASELINE,OPSCH-1-00041,SCH-V1,WO-0007,MESOP-00041,50,TEST-FUNC-01,2026-07-21T07:00:00-06:00,2026-07-21T17:00:00-06:00,41,RACK_MANIFOLD,5,2,true,true,true,SLUSHY,SUPERSEDED
TEN-COOLIT-SYN-001,SITE-COOLIT-SYN-01,ERP,OPERATION_SCHEDULE,OPSCH-1-00042,MESOP-00042,RESOLVED,2026-09-25T23:59:59-06:00,2026-09-26T08:00:00-06:00,2026-06-29T00:00:00-06:00,,1,,false,ACTIVE,,,VALID,CURRENT,coolit-synthetic-v2.0.0,ALL_SYNTHETIC_CUSTOMERS,ALL_SYNTHETIC_PROGRAMS,CFG-RM-04,SYNTHETIC_INTERNAL,SNP-COOLIT-20260925-BL,SCN-BASELINE,OPSCH-1-00042,SCH-V1,WO-0007,MESOP-00042,60,LINE-RM-01,2026-07-22T07:00:00-06:00,2026-07-22T17:00:00-06:00,42,RACK_MANIFOLD,5,2,true,true,true,SLUSHY,SUPERSEDED
TEN-COOLIT-SYN-001,SITE-COOLIT-SYN-01,ERP,OPERATION_SCHEDULE,OPSCH-1-00043,MESOP-00043,RESOLVED,2026-09-25T23:59:59-06:00,2026-09-26T08:00:00-06:00,2026-06-29T00:00:00-06:00,,1,,false,ACTIVE,,,VALID,CURRENT,coolit-synthetic-v2.0.0,ALL_SYNTHETIC_CUSTOMERS,ALL_SYNTHETIC_PROGRAMS,CFG-CPL-03,SYNTHETIC_INTERNAL,SNP-COOLIT-20260925-BL,SCN-BASELINE,OPSCH-1-00043,SCH-V1,WO-0008,MESOP-00043,10,CELL-ROBOT-01,2026-07-20T07:00:00-06:00,2026-07-20T17:00:00-06:00,43,COLDPLATE_LOOP,5,1,true,true,true,SLUSHY,SUPERSEDED
TEN-COOLIT-SYN-001,SITE-COOLIT-SYN-01,ERP,OPERATION_SCHEDULE,OPSCH-1-00044,MESOP-00044,RESOLVED,2026-09-25T23:59:59-06:00,2026-09-26T08:00:00-06:00,2026-06-29T00:00:00-06:00,,1,,false,ACTIVE,,,VALID,CURRENT,coolit-synthetic-v2.0.0,ALL_SYNTHETIC_CUSTOMERS,ALL_SYNTHETIC_PROGRAMS,CFG-CPL-03,SYNTHETIC_INTERNAL,SNP-COOLIT-20260925-BL,SCN-BASELINE,OPSCH-1-00044,SCH-V1,WO-0008,MESOP-00044,20,LINE-CPL-01,2026-07-21T07:00:00-06:00,2026-07-21T17:00:00-06:00,44,COLDPLATE_LOOP,20,1,true,true,true,SLUSHY,SUPERSEDED
TEN-COOLIT-SYN-001,SITE-COOLIT-SYN-01,ERP,OPERATION_SCHEDULE,OPSCH-1-00045,MESOP-00045,RESOLVED,2026-09-25T23:59:59-06:00,2026-09-26T08:00:00-06:00,2026-06-29T00:00:00-06:00,,1,,false,ACTIVE,,,VALID,CURRENT,coolit-synthetic-v2.0.0,ALL_SYNTHETIC_CUSTOMERS,ALL_SYNTHETIC_PROGRAMS,CFG-CPL-03,SYNTHETIC_INTERNAL,SNP-COOLIT-20260925-BL,SCN-BASELINE,OPSCH-1-00045,SCH-V1,WO-0008,MESOP-00045,30,TEST-LEAK-01,2026-07-22T07:00:00-06:00,2026-07-22T17:00:00-06:00,45,COLDPLATE_LOOP,5,1,true,true,true,SLUSHY,SUPERSEDED
TEN-COOLIT-SYN-001,SITE-COOLIT-SYN-01,ERP,OPERATION_SCHEDULE,OPSCH-1-00046,MESOP-00046,RESOLVED,2026-09-25T23:59:59-06:00,2026-09-26T08:00:00-06:00,2026-06-29T00:00:00-06:00,,1,,false,ACTIVE,,,VALID,CURRENT,coolit-synthetic-v2.0.0,ALL_SYNTHETIC_CUSTOMERS,ALL_SYNTHETIC_PROGRAMS,CFG-CPL-03,SYNTHETIC_INTERNAL,SNP-COOLIT-20260925-BL,SCN-BASELINE,OPSCH-1-00046,SCH-V1,WO-0008,MESOP-00046,40,TEST-LEAK-01,2026-07-23T07:00:00-06:00,2026-07-23T17:00:00-06:00,46,COLDPLATE_LOOP,5,2,true,true,true,SLUSHY,SUPERSEDED
TEN-COOLIT-SYN-001,SITE-COOLIT-SYN-01,ERP,OPERATION_SCHEDULE,OPSCH-1-00047,MESOP-00047,RESOLVED,2026-09-25T23:59:59-06:00,2026-09-26T08:00:00-06:00,2026-06-29T00:00:00-06:00,,1,,false,ACTIVE,,,VALID,CURRENT,coolit-synthetic-v2.0.0,ALL_SYNTHETIC_CUSTOMERS,ALL_SYNTHETIC_PROGRAMS,CFG-CPL-03,SYNTHETIC_INTERNAL,SNP-COOLIT-20260925-BL,SCN-BASELINE,OPSCH-1-00047,SCH-V1,WO-0008,MESOP-00047,50,TEST-FUNC-01,2026-07-24T07:00:00-06:00,2026-07-24T17:00:00-06:00,47,COLDPLATE_LOOP,5,2,true,true,true,SLUSHY,SUPERSEDED
TEN-COOLIT-SYN-001,SITE-COOLIT-SYN-01,ERP,OPERATION_SCHEDULE,OPSCH-1-00048,MESOP-00048,RESOLVED,2026-09-25T23:59:59-06:00,2026-09-26T08:00:00-06:00,2026-06-29T00:00:00-06:00,,1,,false,ACTIVE,,,VALID,CURRENT,coolit-synthetic-v2.0.0,ALL_SYNTHETIC_CUSTOMERS,ALL_SYNTHETIC_PROGRAMS,CFG-CPL-03,SYNTHETIC_INTERNAL,SNP-COOLIT-20260925-BL,SCN-BASELINE,OPSCH-1-00048,SCH-V1,WO-0008,MESOP-00048,60,LINE-CPL-01,2026-07-25T07:00:00-06:00,2026-07-25T17:00:00-06:00,48,COLDPLATE_LOOP,5,2,true,true,true,SLUSHY,SUPERSEDED
TEN-COOLIT-SYN-001,SITE-COOLIT-SYN-01,ERP,OPERATION_SCHEDULE,OPSCH-1-00049,MESOP-00049,RESOLVED,2026-09-25T23:59:59-06:00,2026-09-26T08:00:00-06:00,2026-06-29T00:00:00-06:00,,1,,false,ACTIVE,,,VALID,CURRENT,coolit-synthetic-v2.0.0,ALL_SYNTHETIC_CUSTOMERS,ALL_SYNTHETIC_PROGRAMS,CFG-CDU-02,SYNTHETIC_INTERNAL,SNP-COOLIT-20260925-BL,SCN-BASELINE,OPSCH-1-00049,SCH-V1,WO-0009,MESOP-00049,10,CELL-ROBOT-01,2026-07-23T07:00:00-06:00,2026-07-23T17:00:00-06:00,49,COOLANT_DISTRIBUTION_UNIT,5,1,true,true,true,SLUSHY,SUPERSEDED
TEN-COOLIT-SYN-001,SITE-COOLIT-SYN-01,ERP,OPERATION_SCHEDULE,OPSCH-1-00050,MESOP-00050,RESOLVED,2026-09-25T23:59:59-06:00,2026-09-26T08:00:00-06:00,2026-06-29T00:00:00-06:00,,1,,false,ACTIVE,,,VALID,CURRENT,coolit-synthetic-v2.0.0,ALL_SYNTHETIC_CUSTOMERS,ALL_SYNTHETIC_PROGRAMS,CFG-CDU-02,SYNTHETIC_INTERNAL,SNP-COOLIT-20260925-BL,SCN-BASELINE,OPSCH-1-00050,SCH-V1,WO-0009,MESOP-00050,20,LINE-CDU-01,2026-07-24T07:00:00-06:00,2026-07-24T17:00:00-06:00,50,COOLANT_DISTRIBUTION_UNIT,20,1,true,true,true,SLUSHY,SUPERSEDED
TEN-COOLIT-SYN-001,SITE-COOLIT-SYN-01,ERP,OPERATION_SCHEDULE,OPSCH-1-00051,MESOP-00051,RESOLVED,2026-09-25T23:59:59-06:00,2026-09-26T08:00:00-06:00,2026-06-29T00:00:00-06:00,,1,,false,ACTIVE,,,VALID,CURRENT,coolit-synthetic-v2.0.0,ALL_SYNTHETIC_CUSTOMERS,ALL_SYNTHETIC_PROGRAMS,CFG-CDU-02,SYNTHETIC_INTERNAL,SNP-COOLIT-20260925-BL,SCN-BASELINE,OPSCH-1-00051,SCH-V1,WO-0009,MESOP-00051,30,TEST-LEAK-01,2026-07-25T07:00:00-06:00,2026-07-25T17:00:00-06:00,51,COOLANT_DISTRIBUTION_UNIT,5,1,true,true,true,SLUSHY,SUPERSEDED
TEN-COOLIT-SYN-001,SITE-COOLIT-SYN-01,ERP,OPERATION_SCHEDULE,OPSCH-1-00052,MESOP-00052,RESOLVED,2026-09-25T23:59:59-06:00,2026-09-26T08:00:00-06:00,2026-06-29T00:00:00-06:00,,1,,false,ACTIVE,,,VALID,CURRENT,coolit-synthetic-v2.0.0,ALL_SYNTHETIC_CUSTOMERS,ALL_SYNTHETIC_PROGRAMS,CFG-CDU-02,SYNTHETIC_INTERNAL,SNP-COOLIT-20260925-BL,SCN-BASELINE,OPSCH-1-00052,SCH-V1,WO-0009,MESOP-00052,40,TEST-LEAK-01,2026-07-26T07:00:00-06:00,2026-07-26T17:00:00-06:00,52,COOLANT_DISTRIBUTION_UNIT,5,2,true,true,true,SLUSHY,SUPERSEDED
TEN-COOLIT-SYN-001,SITE-COOLIT-SYN-01,ERP,OPERATION_SCHEDULE,OPSCH-1-00053,MESOP-00053,RESOLVED,2026-09-25T23:59:59-06:00,2026-09-26T08:00:00-06:00,2026-06-29T00:00:00-06:00,,1,,false,ACTIVE,,,VALID,CURRENT,coolit-synthetic-v2.0.0,ALL_SYNTHETIC_CUSTOMERS,ALL_SYNTHETIC_PROGRAMS,CFG-CDU-02,SYNTHETIC_INTERNAL,SNP-COOLIT-20260925-BL,SCN-BASELINE,OPSCH-1-00053,SCH-V1,WO-0009,MESOP-00053,50,TEST-FUNC-01,2026-07-27T07:00:00-06:00,2026-07-27T17:00:00-06:00,53,COOLANT_DISTRIBUTION_UNIT,5,2,true,true,true,SLUSHY,SUPERSEDED
TEN-COOLIT-SYN-001,SITE-COOLIT-SYN-01,ERP,OPERATION_SCHEDULE,OPSCH-1-00054,MESOP-00054,RESOLVED,2026-09-25T23:59:59-06:00,2026-09-26T08:00:00-06:00,2026-06-29T00:00:00-06:00,,1,,false,ACTIVE,,,VALID,CURRENT,coolit-synthetic-v2.0.0,ALL_SYNTHETIC_CUSTOMERS,ALL_SYNTHETIC_PROGRAMS,CFG-CDU-02,SYNTHETIC_INTERNAL,SNP-COOLIT-20260925-BL,SCN-BASELINE,OPSCH-1-00054,SCH-V1,WO-0009,MESOP-00054,60,LINE-CDU-01,2026-07-28T07:00:00-06:00,2026-07-28T17:00:00-06:00,54,COOLANT_DISTRIBUTION_UNIT,5,2,true,true,true,SLUSHY,SUPERSEDED
TEN-COOLIT-SYN-001,SITE-COOLIT-SYN-01,ERP,OPERATION_SCHEDULE,OPSCH-1-00055,MESOP-00055,RESOLVED,2026-09-25T23:59:59-06:00,2026-09-26T08:00:00-06:00,2026-06-29T00:00:00-06:00,,1,,false,ACTIVE,,,VALID,CURRENT,coolit-synthetic-v2.0.0,ALL_SYNTHETIC_CUSTOMERS,ALL_SYNTHETIC_PROGRAMS,CFG-RM-01,SYNTHETIC_INTERNAL,SNP-COOLIT-20260925-BL,SCN-BASELINE,OPSCH-1-00055,SCH-V1,WO-0010,MESOP-00055,10,CELL-ROBOT-01,2026-07-26T07:00:00-06:00,2026-07-26T17:00:00-06:00,55,RACK_MANIFOLD,5,1,true,true,true,SLUSHY,SUPERSEDED
TEN-COOLIT-SYN-001,SITE-COOLIT-SYN-01,ERP,OPERATION_SCHEDULE,OPSCH-1-00056,MESOP-00056,RESOLVED,2026-09-25T23:59:59-06:00,2026-09-26T08:00:00-06:00,2026-06-29T00:00:00-06:00,,1,,false,ACTIVE,,,VALID,CURRENT,coolit-synthetic-v2.0.0,ALL_SYNTHETIC_CUSTOMERS,ALL_SYNTHETIC_PROGRAMS,CFG-RM-01,SYNTHETIC_INTERNAL,SNP-COOLIT-20260925-BL,SCN-BASELINE,OPSCH-1-00056,SCH-V1,WO-0010,MESOP-00056,20,LINE-RM-01,2026-07-27T07:00:00-06:00,2026-07-27T17:00:00-06:00,56,RACK_MANIFOLD,20,1,true,true,true,SLUSHY,SUPERSEDED
TEN-COOLIT-SYN-001,SITE-COOLIT-SYN-01,ERP,OPERATION_SCHEDULE,OPSCH-1-00057,MESOP-00057,RESOLVED,2026-09-25T23:59:59-06:00,2026-09-26T08:00:00-06:00,2026-06-29T00:00:00-06:00,,1,,false,ACTIVE,,,VALID,CURRENT,coolit-synthetic-v2.0.0,ALL_SYNTHETIC_CUSTOMERS,ALL_SYNTHETIC_PROGRAMS,CFG-RM-01,SYNTHETIC_INTERNAL,SNP-COOLIT-20260925-BL,SCN-BASELINE,OPSCH-1-00057,SCH-V1,WO-0010,MESOP-00057,30,TEST-LEAK-01,2026-07-28T07:00:00-06:00,2026-07-28T17:00:00-06:00,57,RACK_MANIFOLD,5,1,true,true,true,SLUSHY,SUPERSEDED
TEN-COOLIT-SYN-001,SITE-COOLIT-SYN-01,ERP,OPERATION_SCHEDULE,OPSCH-1-00058,MESOP-00058,RESOLVED,2026-09-25T23:59:59-06:00,2026-09-26T08:00:00-06:00,2026-06-29T00:00:00-06:00,,1,,false,ACTIVE,,,VALID,CURRENT,coolit-synthetic-v2.0.0,ALL_SYNTHETIC_CUSTOMERS,ALL_SYNTHETIC_PROGRAMS,CFG-RM-01,SYNTHETIC_INTERNAL,SNP-COOLIT-20260925-BL,SCN-BASELINE,OPSCH-1-00058,SCH-V1,WO-0010,MESOP-00058,40,TEST-LEAK-01,2026-07-29T07:00:00-06:00,2026-07-29T17:00:00-06:00,58,RACK_MANIFOLD,5,2,true,true,true,SLUSHY,SUPERSEDED
TEN-COOLIT-SYN-001,SITE-COOLIT-SYN-01,ERP,OPERATION_SCHEDULE,OPSCH-1-00059,MESOP-00059,RESOLVED,2026-09-25T23:59:59-06:00,2026-09-26T08:00:00-06:00,2026-06-29T00:00:00-06:00,,1,,false,ACTIVE,,,VALID,CURRENT,coolit-synthetic-v2.0.0,ALL_SYNTHETIC_CUSTOMERS,ALL_SYNTHETIC_PROGRAMS,CFG-RM-01,SYNTHETIC_INTERNAL,SNP-COOLIT-20260925-BL,SCN-BASELINE,OPSCH-1-00059,SCH-V1,WO-0010,MESOP-00059,50,TEST-FUNC-01,2026-07-30T07:00:00-06:00,2026-07-30T17:00:00-06:00,59,RACK_MANIFOLD,5,2,false,true,true,SLUSHY,SUPERSEDED
TEN-COOLIT-SYN-001,SITE-COOLIT-SYN-01,ERP,OPERATION_SCHEDULE,OPSCH-1-00060,MESOP-00060,RESOLVED,2026-09-25T23:59:59-06:00,2026-09-26T08:00:00-06:00,2026-06-29T00:00:00-06:00,,1,,false,ACTIVE,,,VALID,CURRENT,coolit-synthetic-v2.0.0,ALL_SYNTHETIC_CUSTOMERS,ALL_SYNTHETIC_PROGRAMS,CFG-RM-01,SYNTHETIC_INTERNAL,SNP-COOLIT-20260925-BL,SCN-BASELINE,OPSCH-1-00060,SCH-V1,WO-0010,MESOP-00060,60,LINE-RM-01,2026-07-31T07:00:00-06:00,2026-07-31T17:00:00-06:00,60,RACK_MANIFOLD,5,2,true,true,true,SLUSHY,SUPERSEDED
TEN-COOLIT-SYN-001,SITE-COOLIT-SYN-01,ERP,OPERATION_SCHEDULE,OPSCH-1-00061,MESOP-00061,RESOLVED,2026-09-25T23:59:59-06:00,2026-09-26T08:00:00-06:00,2026-06-29T00:00:00-06:00,,1,,false,ACTIVE,,,VALID,CURRENT,coolit-synthetic-v2.0.0,ALL_SYNTHETIC_CUSTOMERS,ALL_SYNTHETIC_PROGRAMS,CFG-CDU-04,SYNTHETIC_INTERNAL,SNP-COOLIT-20260925-BL,SCN-BASELINE,OPSCH-1-00061,SCH-V1,WO-0011,MESOP-00061,10,CELL-ROBOT-01,2026-07-29T07:00:00-06:00,2026-07-29T17:00:00-06:00,61,COOLANT_DISTRIBUTION_UNIT,5,1,true,true,true,SLUSHY,SUPERSEDED
TEN-COOLIT-SYN-001,SITE-COOLIT-SYN-01,ERP,OPERATION_SCHEDULE,OPSCH-1-00062,MESOP-00062,RESOLVED,2026-09-25T23:59:59-06:00,2026-09-26T08:00:00-06:00,2026-06-29T00:00:00-06:00,,1,,false,ACTIVE,,,VALID,CURRENT,coolit-synthetic-v2.0.0,ALL_SYNTHETIC_CUSTOMERS,ALL_SYNTHETIC_PROGRAMS,CFG-CDU-04,SYNTHETIC_INTERNAL,SNP-COOLIT-20260925-BL,SCN-BASELINE,OPSCH-1-00062,SCH-V1,WO-0011,MESOP-00062,20,LINE-CDU-01,2026-07-30T07:00:00-06:00,2026-07-30T17:00:00-06:00,62,COOLANT_DISTRIBUTION_UNIT,20,1,true,true,true,SLUSHY,SUPERSEDED
TEN-COOLIT-SYN-001,SITE-COOLIT-SYN-01,ERP,OPERATION_SCHEDULE,OPSCH-1-00063,MESOP-00063,RESOLVED,2026-09-25T23:59:59-06:00,2026-09-26T08:00:00-06:00,2026-06-29T00:00:00-06:00,,1,,false,ACTIVE,,,VALID,CURRENT,coolit-synthetic-v2.0.0,ALL_SYNTHETIC_CUSTOMERS,ALL_SYNTHETIC_PROGRAMS,CFG-CDU-04,SYNTHETIC_INTERNAL,SNP-COOLIT-20260925-BL,SCN-BASELINE,OPSCH-1-00063,SCH-V1,WO-0011,MESOP-00063,30,TEST-LEAK-01,2026-07-31T07:00:00-06:00,2026-07-31T17:00:00-06:00,63,COOLANT_DISTRIBUTION_UNIT,5,1,true,false,true,SLUSHY,SUPERSEDED
TEN-COOLIT-SYN-001,SITE-COOLIT-SYN-01,ERP,OPERATION_SCHEDULE,OPSCH-1-00064,MESOP-00064,RESOLVED,2026-09-25T23:59:59-06:00,2026-09-26T08:00:00-06:00,2026-06-29T00:00:00-06:00,,1,,false,ACTIVE,,,VALID,CURRENT,coolit-synthetic-v2.0.0,ALL_SYNTHETIC_CUSTOMERS,ALL_SYNTHETIC_PROGRAMS,CFG-CDU-04,SYNTHETIC_INTERNAL,SNP-COOLIT-20260925-BL,SCN-BASELINE,OPSCH-1-00064,SCH-V1,WO-0011,MESOP-00064,40,TEST-LEAK-01,2026-08-01T07:00:00-06:00,2026-08-01T17:00:00-06:00,64,COOLANT_DISTRIBUTION_UNIT,5,2,true,true,true,SLUSHY,SUPERSEDED
TEN-COOLIT-SYN-001,SITE-COOLIT-SYN-01,ERP,OPERATION_SCHEDULE,OPSCH-1-00065,MESOP-00065,RESOLVED,2026-09-25T23:59:59-06:00,2026-09-26T08:00:00-06:00,2026-06-29T00:00:00-06:00,,1,,false,ACTIVE,,,VALID,CURRENT,coolit-synthetic-v2.0.0,ALL_SYNTHETIC_CUSTOMERS,ALL_SYNTHETIC_PROGRAMS,CFG-CDU-04,SYNTHETIC_INTERNAL,SNP-COOLIT-20260925-BL,SCN-BASELINE,OPSCH-1-00065,SCH-V1,WO-0011,MESOP-00065,50,TEST-FUNC-01,2026-08-02T07:00:00-06:00,2026-08-02T17:00:00-06:00,65,COOLANT_DISTRIBUTION_UNIT,5,2,true,true,true,SLUSHY,SUPERSEDED
TEN-COOLIT-SYN-001,SITE-COOLIT-SYN-01,ERP,OPERATION_SCHEDULE,OPSCH-1-00066,MESOP-00066,RESOLVED,2026-09-25T23:59:59-06:00,2026-09-26T08:00:00-06:00,2026-06-29T00:00:00-06:00,,1,,false,ACTIVE,,,VALID,CURRENT,coolit-synthetic-v2.0.0,ALL_SYNTHETIC_CUSTOMERS,ALL_SYNTHETIC_PROGRAMS,CFG-CDU-04,SYNTHETIC_INTERNAL,SNP-COOLIT-20260925-BL,SCN-BASELINE,OPSCH-1-00066,SCH-V1,WO-0011,MESOP-00066,60,LINE-CDU-01,2026-08-03T07:00:00-06:00,2026-08-03T17:00:00-06:00,66,COOLANT_DISTRIBUTION_UNIT,5,2,true,true,true,SLUSHY,SUPERSEDED
TEN-COOLIT-SYN-001,SITE-COOLIT-SYN-01,ERP,OPERATION_SCHEDULE,OPSCH-1-00067,MESOP-00067,RESOLVED,2026-09-25T23:59:59-06:00,2026-09-26T08:00:00-06:00,2026-06-29T00:00:00-06:00,,1,,false,ACTIVE,,,VALID,CURRENT,coolit-synthetic-v2.0.0,ALL_SYNTHETIC_CUSTOMERS,ALL_SYNTHETIC_PROGRAMS,CFG-RM-03,SYNTHETIC_INTERNAL,SNP-COOLIT-20260925-BL,SCN-BASELINE,OPSCH-1-00067,SCH-V1,WO-0012,MESOP-00067,10,CELL-ROBOT-01,2026-08-01T07:00:00-06:00,2026-08-01T17:00:00-06:00,67,RACK_MANIFOLD,5,1,true,true,true,SLUSHY,SUPERSEDED
TEN-COOLIT-SYN-001,SITE-COOLIT-SYN-01,ERP,OPERATION_SCHEDULE,OPSCH-1-00068,MESOP-00068,RESOLVED,2026-09-25T23:59:59-06:00,2026-09-26T08:00:00-06:00,2026-06-29T00:00:00-06:00,,1,,false,ACTIVE,,,VALID,CURRENT,coolit-synthetic-v2.0.0,ALL_SYNTHETIC_CUSTOMERS,ALL_SYNTHETIC_PROGRAMS,CFG-RM-03,SYNTHETIC_INTERNAL,SNP-COOLIT-20260925-BL,SCN-BASELINE,OPSCH-1-00068,SCH-V1,WO-0012,MESOP-00068,20,LINE-RM-01,2026-08-02T07:00:00-06:00,2026-08-02T17:00:00-06:00,68,RACK_MANIFOLD,20,1,true,true,true,SLUSHY,SUPERSEDED
TEN-COOLIT-SYN-001,SITE-COOLIT-SYN-01,ERP,OPERATION_SCHEDULE,OPSCH-1-00069,MESOP-00069,RESOLVED,2026-09-25T23:59:59-06:00,2026-09-26T08:00:00-06:00,2026-06-29T00:00:00-06:00,,1,,false,ACTIVE,,,VALID,CURRENT,coolit-synthetic-v2.0.0,ALL_SYNTHETIC_CUSTOMERS,ALL_SYNTHETIC_PROGRAMS,CFG-RM-03,SYNTHETIC_INTERNAL,SNP-COOLIT-20260925-BL,SCN-BASELINE,OPSCH-1-00069,SCH-V1,WO-0012,MESOP-00069,30,TEST-LEAK-01,2026-08-03T07:00:00-06:00,2026-08-03T17:00:00-06:00,69,RACK_MANIFOLD,5,1,true,true,true,SLUSHY,SUPERSEDED
TEN-COOLIT-SYN-001,SITE-COOLIT-SYN-01,ERP,OPERATION_SCHEDULE,OPSCH-1-00070,MESOP-00070,RESOLVED,2026-09-25T23:59:59-06:00,2026-09-26T08:00:00-06:00,2026-06-29T00:00:00-06:00,,1,,false,ACTIVE,,,VALID,CURRENT,coolit-synthetic-v2.0.0,ALL_SYNTHETIC_CUSTOMERS,ALL_SYNTHETIC_PROGRAMS,CFG-RM-03,SYNTHETIC_INTERNAL,SNP-COOLIT-20260925-BL,SCN-BASELINE,OPSCH-1-00070,SCH-V1,WO-0012,MESOP-00070,40,TEST-LEAK-01,2026-08-04T07:00:00-06:00,2026-08-04T17:00:00-06:00,70,RACK_MANIFOLD,5,2,true,true,true,SLUSHY,SUPERSEDED
TEN-COOLIT-SYN-001,SITE-COOLIT-SYN-01,ERP,OPERATION_SCHEDULE,OPSCH-1-00071,MESOP-00071,RESOLVED,2026-09-25T23:59:59-06:00,2026-09-26T08:00:00-06:00,2026-06-29T00:00:00-06:00,,1,,false,ACTIVE,,,VALID,CURRENT,coolit-synthetic-v2.0.0,ALL_SYNTHETIC_CUSTOMERS,ALL_SYNTHETIC_PROGRAMS,CFG-RM-03,SYNTHETIC_INTERNAL,SNP-COOLIT-20260925-BL,SCN-BASELINE,OPSCH-1-00071,SCH-V1,WO-0012,MESOP-00071,50,TEST-FUNC-01,2026-08-05T07:00:00-06:00,2026-08-05T17:00:00-06:00,71,RACK_MANIFOLD,5,2,true,true,true,SLUSHY,SUPERSEDED
TEN-COOLIT-SYN-001,SITE-COOLIT-SYN-01,ERP,OPERATION_SCHEDULE,OPSCH-1-00072,MESOP-00072,RESOLVED,2026-09-25T23:59:59-06:00,2026-09-26T08:00:00-06:00,2026-06-29T00:00:00-06:00,,1,,false,ACTIVE,,,VALID,CURRENT,coolit-synthetic-v2.0.0,ALL_SYNTHETIC_CUSTOMERS,ALL_SYNTHETIC_PROGRAMS,CFG-RM-03,SYNTHETIC_INTERNAL,SNP-COOLIT-20260925-BL,SCN-BASELINE,OPSCH-1-00072,SCH-V1,WO-0012,MESOP-00072,60,LINE-RM-01,2026-08-06T07:00:00-06:00,2026-08-06T17:00:00-06:00,72,RACK_MANIFOLD,5,2,true,true,true,SLUSHY,SUPERSEDED
TEN-COOLIT-SYN-001,SITE-COOLIT-SYN-01,ERP,OPERATION_SCHEDULE,OPSCH-1-00073,MESOP-00073,RESOLVED,2026-09-25T23:59:59-06:00,2026-09-26T08:00:00-06:00,2026-06-29T00:00:00-06:00,,1,,false,ACTIVE,,,VALID,CURRENT,coolit-synthetic-v2.0.0,ALL_SYNTHETIC_CUSTOMERS,ALL_SYNTHETIC_PROGRAMS,CFG-CPL-02,SYNTHETIC_INTERNAL,SNP-COOLIT-20260925-BL,SCN-BASELINE,OPSCH-1-00073,SCH-V1,WO-0013,MESOP-00073,10,CELL-ROBOT-01,2026-08-04T07:00:00-06:00,2026-08-04T17:00:00-06:00,73,COLDPLATE_LOOP,5,1,true,true,true,SLUSHY,SUPERSEDED
TEN-COOLIT-SYN-001,SITE-COOLIT-SYN-01,ERP,OPERATION_SCHEDULE,OPSCH-1-00074,MESOP-00074,RESOLVED,2026-09-25T23:59:59-06:00,2026-09-26T08:00:00-06:00,2026-06-29T00:00:00-06:00,,1,,false,ACTIVE,,,VALID,CURRENT,coolit-synthetic-v2.0.0,ALL_SYNTHETIC_CUSTOMERS,ALL_SYNTHETIC_PROGRAMS,CFG-CPL-02,SYNTHETIC_INTERNAL,SNP-COOLIT-20260925-BL,SCN-BASELINE,OPSCH-1-00074,SCH-V1,WO-0013,MESOP-00074,20,LINE-CPL-01,2026-08-05T07:00:00-06:00,2026-08-05T17:00:00-06:00,74,COLDPLATE_LOOP,20,1,true,true,true,SLUSHY,SUPERSEDED
TEN-COOLIT-SYN-001,SITE-COOLIT-SYN-01,ERP,OPERATION_SCHEDULE,OPSCH-1-00075,MESOP-00075,RESOLVED,2026-09-25T23:59:59-06:00,2026-09-26T08:00:00-06:00,2026-06-29T00:00:00-06:00,,1,,false,ACTIVE,,,VALID,CURRENT,coolit-synthetic-v2.0.0,ALL_SYNTHETIC_CUSTOMERS,ALL_SYNTHETIC_PROGRAMS,CFG-CPL-02,SYNTHETIC_INTERNAL,SNP-COOLIT-20260925-BL,SCN-BASELINE,OPSCH-1-00075,SCH-V1,WO-0013,MESOP-00075,30,TEST-LEAK-01,2026-08-06T07:00:00-06:00,2026-08-06T17:00:00-06:00,75,COLDPLATE_LOOP,5,1,true,true,true,SLUSHY,SUPERSEDED
TEN-COOLIT-SYN-001,SITE-COOLIT-SYN-01,ERP,OPERATION_SCHEDULE,OPSCH-1-00076,MESOP-00076,RESOLVED,2026-09-25T23:59:59-06:00,2026-09-26T08:00:00-06:00,2026-06-29T00:00:00-06:00,,1,,false,ACTIVE,,,VALID,CURRENT,coolit-synthetic-v2.0.0,ALL_SYNTHETIC_CUSTOMERS,ALL_SYNTHETIC_PROGRAMS,CFG-CPL-02,SYNTHETIC_INTERNAL,SNP-COOLIT-20260925-BL,SCN-BASELINE,OPSCH-1-00076,SCH-V1,WO-0013,MESOP-00076,40,TEST-LEAK-01,2026-08-07T07:00:00-06:00,2026-08-07T17:00:00-06:00,76,COLDPLATE_LOOP,5,2,true,true,true,SLUSHY,SUPERSEDED
TEN-COOLIT-SYN-001,SITE-COOLIT-SYN-01,ERP,OPERATION_SCHEDULE,OPSCH-1-00077,MESOP-00077,RESOLVED,2026-09-25T23:59:59-06:00,2026-09-26T08:00:00-06:00,2026-06-29T00:00:00-06:00,,1,,false,ACTIVE,,,VALID,CURRENT,coolit-synthetic-v2.0.0,ALL_SYNTHETIC_CUSTOMERS,ALL_SYNTHETIC_PROGRAMS,CFG-CPL-02,SYNTHETIC_INTERNAL,SNP-COOLIT-20260925-BL,SCN-BASELINE,OPSCH-1-00077,SCH-V1,WO-0013,MESOP-00077,50,TEST-FUNC-01,2026-08-08T07:00:00-06:00,2026-08-08T17:00:00-06:00,77,COLDPLATE_LOOP,5,2,true,true,true,SLUSHY,SUPERSEDED
TEN-COOLIT-SYN-001,SITE-COOLIT-SYN-01,ERP,OPERATION_SCHEDULE,OPSCH-1-00078,MESOP-00078,RESOLVED,2026-09-25T23:59:59-06:00,2026-09-26T08:00:00-06:00,2026-06-29T00:00:00-06:00,,1,,false,ACTIVE,,,VALID,CURRENT,coolit-synthetic-v2.0.0,ALL_SYNTHETIC_CUSTOMERS,ALL_SYNTHETIC_PROGRAMS,CFG-CPL-02,SYNTHETIC_INTERNAL,SNP-COOLIT-20260925-BL,SCN-BASELINE,OPSCH-1-00078,SCH-V1,WO-0013,MESOP-00078,60,LINE-CPL-01,2026-08-09T07:00:00-06:00,2026-08-09T17:00:00-06:00,78,COLDPLATE_LOOP,5,2,true,true,true,SLUSHY,SUPERSEDED
TEN-COOLIT-SYN-001,SITE-COOLIT-SYN-01,ERP,OPERATION_SCHEDULE,OPSCH-1-00079,MESOP-00079,RESOLVED,2026-09-25T23:59:59-06:00,2026-09-26T08:00:00-06:00,2026-06-29T00:00:00-06:00,,1,,false,ACTIVE,,,VALID,CURRENT,coolit-synthetic-v2.0.0,ALL_SYNTHETIC_CUSTOMERS,ALL_SYNTHETIC_PROGRAMS,CFG-CDU-01,SYNTHETIC_INTERNAL,SNP-COOLIT-20260925-BL,SCN-BASELINE,OPSCH-1-00079,SCH-V1,WO-0014,MESOP-00079,10,CELL-ROBOT-01,2026-08-07T07:00:00-06:00,2026-08-07T17:00:00-06:00,79,COOLANT_DISTRIBUTION_UNIT,5,1,true,true,true,SLUSHY,SUPERSEDED
TEN-COOLIT-SYN-001,SITE-COOLIT-SYN-01,ERP,OPERATION_SCHEDULE,OPSCH-1-00080,MESOP-00080,RESOLVED,2026-09-25T23:59:59-06:00,2026-09-26T08:00:00-06:00,2026-06-29T00:00:00-06:00,,1,,false,ACTIVE,,,VALID,CURRENT,coolit-synthetic-v2.0.0,ALL_SYNTHETIC_CUSTOMERS,ALL_SYNTHETIC_PROGRAMS,CFG-CDU-01,SYNTHETIC_INTERNAL,SNP-COOLIT-20260925-BL,SCN-BASELINE,OPSCH-1-00080,SCH-V1,WO-0014,MESOP-00080,20,LINE-CDU-01,2026-08-08T07:00:00-06:00,2026-08-08T17:00:00-06:00,80,COOLANT_DISTRIBUTION_UNIT,20,1,true,true,true,SLUSHY,SUPERSEDED
TEN-COOLIT-SYN-001,SITE-COOLIT-SYN-01,ERP,OPERATION_SCHEDULE,OPSCH-1-00081,MESOP-00081,RESOLVED,2026-09-25T23:59:59-06:00,2026-09-26T08:00:00-06:00,2026-06-29T00:00:00-06:00,,1,,false,ACTIVE,,,VALID,CURRENT,coolit-synthetic-v2.0.0,ALL_SYNTHETIC_CUSTOMERS,ALL_SYNTHETIC_PROGRAMS,CFG-CDU-01,SYNTHETIC_INTERNAL,SNP-COOLIT-20260925-BL,SCN-BASELINE,OPSCH-1-00081,SCH-V1,WO-0014,MESOP-00081,30,TEST-LEAK-01,2026-08-09T07:00:00-06:00,2026-08-09T17:00:00-06:00,81,COOLANT_DISTRIBUTION_UNIT,5,1,true,true,true,SLUSHY,SUPERSEDED
TEN-COOLIT-SYN-001,SITE-COOLIT-SYN-01,ERP,OPERATION_SCHEDULE,OPSCH-1-00082,MESOP-00082,RESOLVED,2026-09-25T23:59:59-06:00,2026-09-26T08:00:00-06:00,2026-06-29T00:00:00-06:00,,1,,false,ACTIVE,,,VALID,CURRENT,coolit-synthetic-v2.0.0,ALL_SYNTHETIC_CUSTOMERS,ALL_SYNTHETIC_PROGRAMS,CFG-CDU-01,SYNTHETIC_INTERNAL,SNP-COOLIT-20260925-BL,SCN-BASELINE,OPSCH-1-00082,SCH-V1,WO-0014,MESOP-00082,40,TEST-LEAK-01,2026-08-10T07:00:00-06:00,2026-08-10T17:00:00-06:00,82,COOLANT_DISTRIBUTION_UNIT,5,2,true,true,true,SLUSHY,SUPERSEDED
TEN-COOLIT-SYN-001,SITE-COOLIT-SYN-01,ERP,OPERATION_SCHEDULE,OPSCH-1-00083,MESOP-00083,RESOLVED,2026-09-25T23:59:59-06:00,2026-09-26T08:00:00-06:00,2026-06-29T00:00:00-06:00,,1,,false,ACTIVE,,,VALID,CURRENT,coolit-synthetic-v2.0.0,ALL_SYNTHETIC_CUSTOMERS,ALL_SYNTHETIC_PROGRAMS,CFG-CDU-01,SYNTHETIC_INTERNAL,SNP-COOLIT-20260925-BL,SCN-BASELINE,OPSCH-1-00083,SCH-V1,WO-0014,MESOP-00083,50,TEST-FUNC-01,2026-08-11T07:00:00-06:00,2026-08-11T17:00:00-06:00,83,COOLANT_DISTRIBUTION_UNIT,5,2,true,true,true,SLUSHY,SUPERSEDED
TEN-COOLIT-SYN-001,SITE-COOLIT-SYN-01,ERP,OPERATION_SCHEDULE,OPSCH-1-00084,MESOP-00084,RESOLVED,2026-09-25T23:59:59-06:00,2026-09-26T08:00:00-06:00,2026-06-29T00:00:00-06:00,,1,,false,ACTIVE,,,VALID,CURRENT,coolit-synthetic-v2.0.0,ALL_SYNTHETIC_CUSTOMERS,ALL_SYNTHETIC_PROGRAMS,CFG-CDU-01,SYNTHETIC_INTERNAL,SNP-COOLIT-20260925-BL,SCN-BASELINE,OPSCH-1-00084,SCH-V1,WO-0014,MESOP-00084,60,LINE-CDU-01,2026-08-12T07:00:00-06:00,2026-08-12T17:00:00-06:00,84,COOLANT_DISTRIBUTION_UNIT,5,2,true,true,true,SLUSHY,SUPERSEDED
TEN-COOLIT-SYN-001,SITE-COOLIT-SYN-01,ERP,OPERATION_SCHEDULE,OPSCH-1-00085,MESOP-00085,RESOLVED,2026-09-25T23:59:59-06:00,2026-09-26T08:00:00-06:00,2026-06-29T00:00:00-06:00,,1,,false,ACTIVE,,,VALID,CURRENT,coolit-synthetic-v2.0.0,ALL_SYNTHETIC_CUSTOMERS,ALL_SYNTHETIC_PROGRAMS,CFG-CPL-04,SYNTHETIC_INTERNAL,SNP-COOLIT-20260925-BL,SCN-BASELINE,OPSCH-1-00085,SCH-V1,WO-0015,MESOP-00085,10,CELL-ROBOT-01,2026-08-10T07:00:00-06:00,2026-08-10T17:00:00-06:00,85,COLDPLATE_LOOP,5,1,true,true,true,SLUSHY,SUPERSEDED
TEN-COOLIT-SYN-001,SITE-COOLIT-SYN-01,ERP,OPERATION_SCHEDULE,OPSCH-1-00086,MESOP-00086,RESOLVED,2026-09-25T23:59:59-06:00,2026-09-26T08:00:00-06:00,2026-06-29T00:00:00-06:00,,1,,false,ACTIVE,,,VALID,CURRENT,coolit-synthetic-v2.0.0,ALL_SYNTHETIC_CUSTOMERS,ALL_SYNTHETIC_PROGRAMS,CFG-CPL-04,SYNTHETIC_INTERNAL,SNP-COOLIT-20260925-BL,SCN-BASELINE,OPSCH-1-00086,SCH-V1,WO-0015,MESOP-00086,20,LINE-CPL-01,2026-08-11T07:00:00-06:00,2026-08-11T17:00:00-06:00,86,COLDPLATE_LOOP,20,1,true,true,true,SLUSHY,SUPERSEDED
TEN-COOLIT-SYN-001,SITE-COOLIT-SYN-01,ERP,OPERATION_SCHEDULE,OPSCH-1-00087,MESOP-00087,RESOLVED,2026-09-25T23:59:59-06:00,2026-09-26T08:00:00-06:00,2026-06-29T00:00:00-06:00,,1,,false,ACTIVE,,,VALID,CURRENT,coolit-synthetic-v2.0.0,ALL_SYNTHETIC_CUSTOMERS,ALL_SYNTHETIC_PROGRAMS,CFG-CPL-04,SYNTHETIC_INTERNAL,SNP-COOLIT-20260925-BL,SCN-BASELINE,OPSCH-1-00087,SCH-V1,WO-0015,MESOP-00087,30,TEST-LEAK-01,2026-08-12T07:00:00-06:00,2026-08-12T17:00:00-06:00,87,COLDPLATE_LOOP,5,1,true,true,true,SLUSHY,SUPERSEDED
TEN-COOLIT-SYN-001,SITE-COOLIT-SYN-01,ERP,OPERATION_SCHEDULE,OPSCH-1-00088,MESOP-00088,RESOLVED,2026-09-25T23:59:59-06:00,2026-09-26T08:00:00-06:00,2026-06-29T00:00:00-06:00,,1,,false,ACTIVE,,,VALID,CURRENT,coolit-synthetic-v2.0.0,ALL_SYNTHETIC_CUSTOMERS,ALL_SYNTHETIC_PROGRAMS,CFG-CPL-04,SYNTHETIC_INTERNAL,SNP-COOLIT-20260925-BL,SCN-BASELINE,OPSCH-1-00088,SCH-V1,WO-0015,MESOP-00088,40,TEST-LEAK-01,2026-08-13T07:00:00-06:00,2026-08-13T17:00:00-06:00,88,COLDPLATE_LOOP,5,2,false,true,true,SLUSHY,SUPERSEDED
TEN-COOLIT-SYN-001,SITE-COOLIT-SYN-01,ERP,OPERATION_SCHEDULE,OPSCH-1-00089,MESOP-00089,RESOLVED,2026-09-25T23:59:59-06:00,2026-09-26T08:00:00-06:00,2026-06-29T00:00:00-06:00,,1,,false,ACTIVE,,,VALID,CURRENT,coolit-synthetic-v2.0.0,ALL_SYNTHETIC_CUSTOMERS,ALL_SYNTHETIC_PROGRAMS,CFG-CPL-04,SYNTHETIC_INTERNAL,SNP-COOLIT-20260925-BL,SCN-BASELINE,OPSCH-1-00089,SCH-V1,WO-0015,MESOP-00089,50,TEST-FUNC-01,2026-08-14T07:00:00-06:00,2026-08-14T17:00:00-06:00,89,COLDPLATE_LOOP,5,2,true,true,true,SLUSHY,SUPERSEDED
TEN-COOLIT-SYN-001,SITE-COOLIT-SYN-01,ERP,OPERATION_SCHEDULE,OPSCH-1-00090,MESOP-00090,RESOLVED,2026-09-25T23:59:59-06:00,2026-09-26T08:00:00-06:00,2026-06-29T00:00:00-06:00,,1,,false,ACTIVE,,,VALID,CURRENT,coolit-synthetic-v2.0.0,ALL_SYNTHETIC_CUSTOMERS,ALL_SYNTHETIC_PROGRAMS,CFG-CPL-04,SYNTHETIC_INTERNAL,SNP-COOLIT-20260925-BL,SCN-BASELINE,OPSCH-1-00090,SCH-V1,WO-0015,MESOP-00090,60,LINE-CPL-01,2026-08-15T07:00:00-06:00,2026-08-15T17:00:00-06:00,90,COLDPLATE_LOOP,5,2,true,true,true,SLUSHY,SUPERSEDED
TEN-COOLIT-SYN-001,SITE-COOLIT-SYN-01,ERP,OPERATION_SCHEDULE,OPSCH-1-00091,MESOP-00091,RESOLVED,2026-09-25T23:59:59-06:00,2026-09-26T08:00:00-06:00,2026-06-29T00:00:00-06:00,,1,,false,ACTIVE,,,VALID,CURRENT,coolit-synthetic-v2.0.0,ALL_SYNTHETIC_CUSTOMERS,ALL_SYNTHETIC_PROGRAMS,CFG-CDU-03,SYNTHETIC_INTERNAL,SNP-COOLIT-20260925-BL,SCN-BASELINE,OPSCH-1-00091,SCH-V1,WO-0016,MESOP-00091,10,CELL-ROBOT-01,2026-08-13T07:00:00-06:00,2026-08-13T17:00:00-06:00,91,COOLANT_DISTRIBUTION_UNIT,5,1,true,true,true,SLUSHY,SUPERSEDED
TEN-COOLIT-SYN-001,SITE-COOLIT-SYN-01,ERP,OPERATION_SCHEDULE,OPSCH-1-00092,MESOP-00092,RESOLVED,2026-09-25T23:59:59-06:00,2026-09-26T08:00:00-06:00,2026-06-29T00:00:00-06:00,,1,,false,ACTIVE,,,VALID,CURRENT,coolit-synthetic-v2.0.0,ALL_SYNTHETIC_CUSTOMERS,ALL_SYNTHETIC_PROGRAMS,CFG-CDU-03,SYNTHETIC_INTERNAL,SNP-COOLIT-20260925-BL,SCN-BASELINE,OPSCH-1-00092,SCH-V1,WO-0016,MESOP-00092,20,LINE-CDU-01,2026-08-14T07:00:00-06:00,2026-08-14T17:00:00-06:00,92,COOLANT_DISTRIBUTION_UNIT,20,1,true,true,true,SLUSHY,SUPERSEDED
TEN-COOLIT-SYN-001,SITE-COOLIT-SYN-01,ERP,OPERATION_SCHEDULE,OPSCH-1-00093,MESOP-00093,RESOLVED,2026-09-25T23:59:59-06:00,2026-09-26T08:00:00-06:00,2026-06-29T00:00:00-06:00,,1,,false,ACTIVE,,,VALID,CURRENT,coolit-synthetic-v2.0.0,ALL_SYNTHETIC_CUSTOMERS,ALL_SYNTHETIC_PROGRAMS,CFG-CDU-03,SYNTHETIC_INTERNAL,SNP-COOLIT-20260925-BL,SCN-BASELINE,OPSCH-1-00093,SCH-V1,WO-0016,MESOP-00093,30,TEST-LEAK-01,2026-08-15T07:00:00-06:00,2026-08-15T17:00:00-06:00,93,COOLANT_DISTRIBUTION_UNIT,5,1,true,true,true,SLUSHY,SUPERSEDED
TEN-COOLIT-SYN-001,SITE-COOLIT-SYN-01,ERP,OPERATION_SCHEDULE,OPSCH-1-00094,MESOP-00094,RESOLVED,2026-09-25T23:59:59-06:00,2026-09-26T08:00:00-06:00,2026-06-29T00:00:00-06:00,,1,,false,ACTIVE,,,VALID,CURRENT,coolit-synthetic-v2.0.0,ALL_SYNTHETIC_CUSTOMERS,ALL_SYNTHETIC_PROGRAMS,CFG-CDU-03,SYNTHETIC_INTERNAL,SNP-COOLIT-20260925-BL,SCN-BASELINE,OPSCH-1-00094,SCH-V1,WO-0016,MESOP-00094,40,TEST-LEAK-01,2026-08-16T07:00:00-06:00,2026-08-16T17:00:00-06:00,94,COOLANT_DISTRIBUTION_UNIT,5,2,true,false,true,SLUSHY,SUPERSEDED
TEN-COOLIT-SYN-001,SITE-COOLIT-SYN-01,ERP,OPERATION_SCHEDULE,OPSCH-1-00095,MESOP-00095,RESOLVED,2026-09-25T23:59:59-06:00,2026-09-26T08:00:00-06:00,2026-06-29T00:00:00-06:00,,1,,false,ACTIVE,,,VALID,CURRENT,coolit-synthetic-v2.0.0,ALL_SYNTHETIC_CUSTOMERS,ALL_SYNTHETIC_PROGRAMS,CFG-CDU-03,SYNTHETIC_INTERNAL,SNP-COOLIT-20260925-BL,SCN-BASELINE,OPSCH-1-00095,SCH-V1,WO-0016,MESOP-00095,50,TEST-FUNC-01,2026-08-17T07:00:00-06:00,2026-08-17T17:00:00-06:00,95,COOLANT_DISTRIBUTION_UNIT,5,2,true,true,true,SLUSHY,SUPERSEDED
TEN-COOLIT-SYN-001,SITE-COOLIT-SYN-01,ERP,OPERATION_SCHEDULE,OPSCH-1-00096,MESOP-00096,RESOLVED,2026-09-25T23:59:59-06:00,2026-09-26T08:00:00-06:00,2026-06-29T00:00:00-06:00,,1,,false,ACTIVE,,,VALID,CURRENT,coolit-synthetic-v2.0.0,ALL_SYNTHETIC_CUSTOMERS,ALL_SYNTHETIC_PROGRAMS,CFG-CDU-03,SYNTHETIC_INTERNAL,SNP-COOLIT-20260925-BL,SCN-BASELINE,OPSCH-1-00096,SCH-V1,WO-0016,MESOP-00096,60,LINE-CDU-01,2026-08-18T07:00:00-06:00,2026-08-18T17:00:00-06:00,96,COOLANT_DISTRIBUTION_UNIT,5,2,true,true,true,SLUSHY,SUPERSEDED
TEN-COOLIT-SYN-001,SITE-COOLIT-SYN-01,ERP,OPERATION_SCHEDULE,OPSCH-1-00097,MESOP-00097,RESOLVED,2026-09-25T23:59:59-06:00,2026-09-26T08:00:00-06:00,2026-06-29T00:00:00-06:00,,1,,false,ACTIVE,,,VALID,CURRENT,coolit-synthetic-v2.0.0,ALL_SYNTHETIC_CUSTOMERS,ALL_SYNTHETIC_PROGRAMS,CFG-RM-02,SYNTHETIC_INTERNAL,SNP-COOLIT-20260925-BL,SCN-BASELINE,OPSCH-1-00097,SCH-V1,WO-0017,MESOP-00097,10,CELL-ROBOT-01,2026-08-16T07:00:00-06:00,2026-08-16T17:00:00-06:00,97,RACK_MANIFOLD,5,1,true,true,true,SLUSHY,SUPERSEDED
TEN-COOLIT-SYN-001,SITE-COOLIT-SYN-01,ERP,OPERATION_SCHEDULE,OPSCH-1-00098,MESOP-00098,RESOLVED,2026-09-25T23:59:59-06:00,2026-09-26T08:00:00-06:00,2026-06-29T00:00:00-06:00,,1,,false,ACTIVE,,,VALID,CURRENT,coolit-synthetic-v2.0.0,ALL_SYNTHETIC_CUSTOMERS,ALL_SYNTHETIC_PROGRAMS,CFG-RM-02,SYNTHETIC_INTERNAL,SNP-COOLIT-20260925-BL,SCN-BASELINE,OPSCH-1-00098,SCH-V1,WO-0017,MESOP-00098,20,LINE-RM-01,2026-08-17T07:00:00-06:00,2026-08-17T17:00:00-06:00,98,RACK_MANIFOLD,20,1,true,true,true,SLUSHY,SUPERSEDED
TEN-COOLIT-SYN-001,SITE-COOLIT-SYN-01,ERP,OPERATION_SCHEDULE,OPSCH-1-00099,MESOP-00099,RESOLVED,2026-09-25T23:59:59-06:00,2026-09-26T08:00:00-06:00,2026-06-29T00:00:00-06:00,,1,,false,ACTIVE,,,VALID,CURRENT,coolit-synthetic-v2.0.0,ALL_SYNTHETIC_CUSTOMERS,ALL_SYNTHETIC_PROGRAMS,CFG-RM-02,SYNTHETIC_INTERNAL,SNP-COOLIT-20260925-BL,SCN-BASELINE,OPSCH-1-00099,SCH-V1,WO-0017,MESOP-00099,30,TEST-LEAK-01,2026-08-18T07:00:00-06:00,2026-08-18T17:00:00-06:00,99,RACK_MANIFOLD,5,1,true,true,true,SLUSHY,SUPERSEDED
TEN-COOLIT-SYN-001,SITE-COOLIT-SYN-01,ERP,OPERATION_SCHEDULE,OPSCH-1-00100,MESOP-00100,RESOLVED,2026-09-25T23:59:59-06:00,2026-09-26T08:00:00-06:00,2026-06-29T00:00:00-06:00,,1,,false,ACTIVE,,,VALID,CURRENT,coolit-synthetic-v2.0.0,ALL_SYNTHETIC_CUSTOMERS,ALL_SYNTHETIC_PROGRAMS,CFG-RM-02,SYNTHETIC_INTERNAL,SNP-COOLIT-20260925-BL,SCN-BASELINE,OPSCH-1-00100,SCH-V1,WO-0017,MESOP-00100,40,TEST-LEAK-01,2026-08-19T07:00:00-06:00,2026-08-19T17:00:00-06:00,100,RACK_MANIFOLD,5,2,true,true,true,SLUSHY,SUPERSEDED
TEN-COOLIT-SYN-001,SITE-COOLIT-SYN-01,ERP,OPERATION_SCHEDULE,OPSCH-1-00101,MESOP-00101,RESOLVED,2026-09-25T23:59:59-06:00,2026-09-26T08:00:00-06:00,2026-06-29T00:00:00-06:00,,1,,false,ACTIVE,,,VALID,CURRENT,coolit-synthetic-v2.0.0,ALL_SYNTHETIC_CUSTOMERS,ALL_SYNTHETIC_PROGRAMS,CFG-RM-02,SYNTHETIC_INTERNAL,SNP-COOLIT-20260925-BL,SCN-BASELINE,OPSCH-1-00101,SCH-V1,WO-0017,MESOP-00101,50,TEST-FUNC-01,2026-08-20T07:00:00-06:00,2026-08-20T17:00:00-06:00,101,RACK_MANIFOLD,5,2,true,true,true,OPEN,SUPERSEDED
TEN-COOLIT-SYN-001,SITE-COOLIT-SYN-01,ERP,OPERATION_SCHEDULE,OPSCH-1-00102,MESOP-00102,RESOLVED,2026-09-25T23:59:59-06:00,2026-09-26T08:00:00-06:00,2026-06-29T00:00:00-06:00,,1,,false,ACTIVE,,,VALID,CURRENT,coolit-synthetic-v2.0.0,ALL_SYNTHETIC_CUSTOMERS,ALL_SYNTHETIC_PROGRAMS,CFG-RM-02,SYNTHETIC_INTERNAL,SNP-COOLIT-20260925-BL,SCN-BASELINE,OPSCH-1-00102,SCH-V1,WO-0017,MESOP-00102,60,LINE-RM-01,2026-08-21T07:00:00-06:00,2026-08-21T17:00:00-06:00,102,RACK_MANIFOLD,5,2,true,true,true,OPEN,SUPERSEDED
TEN-COOLIT-SYN-001,SITE-COOLIT-SYN-01,ERP,OPERATION_SCHEDULE,OPSCH-1-00103,MESOP-00103,RESOLVED,2026-09-25T23:59:59-06:00,2026-09-26T08:00:00-06:00,2026-06-29T00:00:00-06:00,,1,,false,ACTIVE,,,VALID,CURRENT,coolit-synthetic-v2.0.0,ALL_SYNTHETIC_CUSTOMERS,ALL_SYNTHETIC_PROGRAMS,CFG-CPL-01,SYNTHETIC_INTERNAL,SNP-COOLIT-20260925-BL,SCN-BASELINE,OPSCH-1-00103,SCH-V1,WO-0018,MESOP-00103,10,CELL-ROBOT-01,2026-08-19T07:00:00-06:00,2026-08-19T17:00:00-06:00,103,COLDPLATE_LOOP,5,1,true,true,true,OPEN,SUPERSEDED
TEN-COOLIT-SYN-001,SITE-COOLIT-SYN-01,ERP,OPERATION_SCHEDULE,OPSCH-1-00104,MESOP-00104,RESOLVED,2026-09-25T23:59:59-06:00,2026-09-26T08:00:00-06:00,2026-06-29T00:00:00-06:00,,1,,false,ACTIVE,,,VALID,CURRENT,coolit-synthetic-v2.0.0,ALL_SYNTHETIC_CUSTOMERS,ALL_SYNTHETIC_PROGRAMS,CFG-CPL-01,SYNTHETIC_INTERNAL,SNP-COOLIT-20260925-BL,SCN-BASELINE,OPSCH-1-00104,SCH-V1,WO-0018,MESOP-00104,20,LINE-CPL-01,2026-08-20T07:00:00-06:00,2026-08-20T17:00:00-06:00,104,COLDPLATE_LOOP,20,1,true,true,true,OPEN,SUPERSEDED
TEN-COOLIT-SYN-001,SITE-COOLIT-SYN-01,ERP,OPERATION_SCHEDULE,OPSCH-1-00105,MESOP-00105,RESOLVED,2026-09-25T23:59:59-06:00,2026-09-26T08:00:00-06:00,2026-06-29T00:00:00-06:00,,1,,false,ACTIVE,,,VALID,CURRENT,coolit-synthetic-v2.0.0,ALL_SYNTHETIC_CUSTOMERS,ALL_SYNTHETIC_PROGRAMS,CFG-CPL-01,SYNTHETIC_INTERNAL,SNP-COOLIT-20260925-BL,SCN-BASELINE,OPSCH-1-00105,SCH-V1,WO-0018,MESOP-00105,30,TEST-LEAK-01,2026-08-21T07:00:00-06:00,2026-08-21T17:00:00-06:00,105,COLDPLATE_LOOP,5,1,true,true,true,OPEN,SUPERSEDED
TEN-COOLIT-SYN-001,SITE-COOLIT-SYN-01,ERP,OPERATION_SCHEDULE,OPSCH-1-00106,MESOP-00106,RESOLVED,2026-09-25T23:59:59-06:00,2026-09-26T08:00:00-06:00,2026-06-29T00:00:00-06:00,,1,,false,ACTIVE,,,VALID,CURRENT,coolit-synthetic-v2.0.0,ALL_SYNTHETIC_CUSTOMERS,ALL_SYNTHETIC_PROGRAMS,CFG-CPL-01,SYNTHETIC_INTERNAL,SNP-COOLIT-20260925-BL,SCN-BASELINE,OPSCH-1-00106,SCH-V1,WO-0018,MESOP-00106,40,TEST-LEAK-01,2026-08-22T07:00:00-06:00,2026-08-22T17:00:00-06:00,106,COLDPLATE_LOOP,5,2,true,true,true,OPEN,SUPERSEDED
TEN-COOLIT-SYN-001,SITE-COOLIT-SYN-01,ERP,OPERATION_SCHEDULE,OPSCH-1-00107,MESOP-00107,RESOLVED,2026-09-25T23:59:59-06:00,2026-09-26T08:00:00-06:00,2026-06-29T00:00:00-06:00,,1,,false,ACTIVE,,,VALID,CURRENT,coolit-synthetic-v2.0.0,ALL_SYNTHETIC_CUSTOMERS,ALL_SYNTHETIC_PROGRAMS,CFG-CPL-01,SYNTHETIC_INTERNAL,SNP-COOLIT-20260925-BL,SCN-BASELINE,OPSCH-1-00107,SCH-V1,WO-0018,MESOP-00107,50,TEST-FUNC-01,2026-08-23T07:00:00-06:00,2026-08-23T17:00:00-06:00,107,COLDPLATE_LOOP,5,2,true,true,true,OPEN,SUPERSEDED
TEN-COOLIT-SYN-001,SITE-COOLIT-SYN-01,ERP,OPERATION_SCHEDULE,OPSCH-1-00108,MESOP-00108,RESOLVED,2026-09-25T23:59:59-06:00,2026-09-26T08:00:00-06:00,2026-06-29T00:00:00-06:00,,1,,false,ACTIVE,,,VALID,CURRENT,coolit-synthetic-v2.0.0,ALL_SYNTHETIC_CUSTOMERS,ALL_SYNTHETIC_PROGRAMS,CFG-CPL-01,SYNTHETIC_INTERNAL,SNP-COOLIT-20260925-BL,SCN-BASELINE,OPSCH-1-00108,SCH-V1,WO-0018,MESOP-00108,60,LINE-CPL-01,2026-08-24T07:00:00-06:00,2026-08-24T17:00:00-06:00,108,COLDPLATE_LOOP,5,2,true,true,true,OPEN,SUPERSEDED
TEN-COOLIT-SYN-001,SITE-COOLIT-SYN-01,ERP,OPERATION_SCHEDULE,OPSCH-1-00109,MESOP-00109,RESOLVED,2026-09-25T23:59:59-06:00,2026-09-26T08:00:00-06:00,2026-06-29T00:00:00-06:00,,1,,false,ACTIVE,,,VALID,CURRENT,coolit-synthetic-v2.0.0,ALL_SYNTHETIC_CUSTOMERS,ALL_SYNTHETIC_PROGRAMS,CFG-RM-04,SYNTHETIC_INTERNAL,SNP-COOLIT-20260925-BL,SCN-BASELINE,OPSCH-1-00109,SCH-V1,WO-0019,MESOP-00109,10,CELL-ROBOT-01,2026-08-22T07:00:00-06:00,2026-08-22T17:00:00-06:00,109,RACK_MANIFOLD,5,1,true,true,true,OPEN,SUPERSEDED
TEN-COOLIT-SYN-001,SITE-COOLIT-SYN-01,ERP,OPERATION_SCHEDULE,OPSCH-1-00110,MESOP-00110,RESOLVED,2026-09-25T23:59:59-06:00,2026-09-26T08:00:00-06:00,2026-06-29T00:00:00-06:00,,1,,false,ACTIVE,,,VALID,CURRENT,coolit-synthetic-v2.0.0,ALL_SYNTHETIC_CUSTOMERS,ALL_SYNTHETIC_PROGRAMS,CFG-RM-04,SYNTHETIC_INTERNAL,SNP-COOLIT-20260925-BL,SCN-BASELINE,OPSCH-1-00110,SCH-V1,WO-0019,MESOP-00110,20,LINE-RM-01,2026-08-23T07:00:00-06:00,2026-08-23T17:00:00-06:00,110,RACK_MANIFOLD,20,1,true,true,true,OPEN,SUPERSEDED
TEN-COOLIT-SYN-001,SITE-COOLIT-SYN-01,ERP,OPERATION_SCHEDULE,OPSCH-1-00111,MESOP-00111,RESOLVED,2026-09-25T23:59:59-06:00,2026-09-26T08:00:00-06:00,2026-06-29T00:00:00-06:00,,1,,false,ACTIVE,,,VALID,CURRENT,coolit-synthetic-v2.0.0,ALL_SYNTHETIC_CUSTOMERS,ALL_SYNTHETIC_PROGRAMS,CFG-RM-04,SYNTHETIC_INTERNAL,SNP-COOLIT-20260925-BL,SCN-BASELINE,OPSCH-1-00111,SCH-V1,WO-0019,MESOP-00111,30,TEST-LEAK-01,2026-08-24T07:00:00-06:00,2026-08-24T17:00:00-06:00,111,RACK_MANIFOLD,5,1,true,true,true,OPEN,SUPERSEDED
TEN-COOLIT-SYN-001,SITE-COOLIT-SYN-01,ERP,OPERATION_SCHEDULE,OPSCH-1-00112,MESOP-00112,RESOLVED,2026-09-25T23:59:59-06:00,2026-09-26T08:00:00-06:00,2026-06-29T00:00:00-06:00,,1,,false,ACTIVE,,,VALID,CURRENT,coolit-synthetic-v2.0.0,ALL_SYNTHETIC_CUSTOMERS,ALL_SYNTHETIC_PROGRAMS,CFG-RM-04,SYNTHETIC_INTERNAL,SNP-COOLIT-20260925-BL,SCN-BASELINE,OPSCH-1-00112,SCH-V1,WO-0019,MESOP-00112,40,TEST-LEAK-01,2026-08-25T07:00:00-06:00,2026-08-25T17:00:00-06:00,112,RACK_MANIFOLD,5,2,true,true,false,OPEN,SUPERSEDED
TEN-COOLIT-SYN-001,SITE-COOLIT-SYN-01,ERP,OPERATION_SCHEDULE,OPSCH-1-00113,MESOP-00113,RESOLVED,2026-09-25T23:59:59-06:00,2026-09-26T08:00:00-06:00,2026-06-29T00:00:00-06:00,,1,,false,ACTIVE,,,VALID,CURRENT,coolit-synthetic-v2.0.0,ALL_SYNTHETIC_CUSTOMERS,ALL_SYNTHETIC_PROGRAMS,CFG-RM-04,SYNTHETIC_INTERNAL,SNP-COOLIT-20260925-BL,SCN-BASELINE,OPSCH-1-00113,SCH-V1,WO-0019,MESOP-00113,50,TEST-FUNC-01,2026-08-26T07:00:00-06:00,2026-08-26T17:00:00-06:00,113,RACK_MANIFOLD,5,2,true,true,true,OPEN,SUPERSEDED
TEN-COOLIT-SYN-001,SITE-COOLIT-SYN-01,ERP,OPERATION_SCHEDULE,OPSCH-1-00114,MESOP-00114,RESOLVED,2026-09-25T23:59:59-06:00,2026-09-26T08:00:00-06:00,2026-06-29T00:00:00-06:00,,1,,false,ACTIVE,,,VALID,CURRENT,coolit-synthetic-v2.0.0,ALL_SYNTHETIC_CUSTOMERS,ALL_SYNTHETIC_PROGRAMS,CFG-RM-04,SYNTHETIC_INTERNAL,SNP-COOLIT-20260925-BL,SCN-BASELINE,OPSCH-1-00114,SCH-V1,WO-0019,MESOP-00114,60,LINE-RM-01,2026-08-27T07:00:00-06:00,2026-08-27T17:00:00-06:00,114,RACK_MANIFOLD,5,2,true,true,true,OPEN,SUPERSEDED
TEN-COOLIT-SYN-001,SITE-COOLIT-SYN-01,ERP,OPERATION_SCHEDULE,OPSCH-1-00115,MESOP-00115,RESOLVED,2026-09-25T23:59:59-06:00,2026-09-26T08:00:00-06:00,2026-06-29T00:00:00-06:00,,1,,false,ACTIVE,,,VALID,CURRENT,coolit-synthetic-v2.0.0,ALL_SYNTHETIC_CUSTOMERS,ALL_SYNTHETIC_PROGRAMS,CFG-CPL-03,SYNTHETIC_INTERNAL,SNP-COOLIT-20260925-BL,SCN-BASELINE,OPSCH-1-00115,SCH-V1,WO-0020,MESOP-00115,10,CELL-ROBOT-01,2026-08-25T07:00:00-06:00,2026-08-25T17:00:00-06:00,115,COLDPLATE_LOOP,5,1,true,true,true,OPEN,SUPERSEDED
TEN-COOLIT-SYN-001,SITE-COOLIT-SYN-01,ERP,OPERATION_SCHEDULE,OPSCH-1-00116,MESOP-00116,RESOLVED,2026-09-25T23:59:59-06:00,2026-09-26T08:00:00-06:00,2026-06-29T00:00:00-06:00,,1,,false,ACTIVE,,,VALID,CURRENT,coolit-synthetic-v2.0.0,ALL_SYNTHETIC_CUSTOMERS,ALL_SYNTHETIC_PROGRAMS,CFG-CPL-03,SYNTHETIC_INTERNAL,SNP-COOLIT-20260925-BL,SCN-BASELINE,OPSCH-1-00116,SCH-V1,WO-0020,MESOP-00116,20,LINE-CPL-01,2026-08-26T07:00:00-06:00,2026-08-26T17:00:00-06:00,116,COLDPLATE_LOOP,20,1,true,true,true,OPEN,SUPERSEDED
TEN-COOLIT-SYN-001,SITE-COOLIT-SYN-01,ERP,OPERATION_SCHEDULE,OPSCH-1-00117,MESOP-00117,RESOLVED,2026-09-25T23:59:59-06:00,2026-09-26T08:00:00-06:00,2026-06-29T00:00:00-06:00,,1,,false,ACTIVE,,,VALID,CURRENT,coolit-synthetic-v2.0.0,ALL_SYNTHETIC_CUSTOMERS,ALL_SYNTHETIC_PROGRAMS,CFG-CPL-03,SYNTHETIC_INTERNAL,SNP-COOLIT-20260925-BL,SCN-BASELINE,OPSCH-1-00117,SCH-V1,WO-0020,MESOP-00117,30,TEST-LEAK-01,2026-08-27T07:00:00-06:00,2026-08-27T17:00:00-06:00,117,COLDPLATE_LOOP,5,1,false,true,true,OPEN,SUPERSEDED
TEN-COOLIT-SYN-001,SITE-COOLIT-SYN-01,ERP,OPERATION_SCHEDULE,OPSCH-1-00118,MESOP-00118,RESOLVED,2026-09-25T23:59:59-06:00,2026-09-26T08:00:00-06:00,2026-06-29T00:00:00-06:00,,1,,false,ACTIVE,,,VALID,CURRENT,coolit-synthetic-v2.0.0,ALL_SYNTHETIC_CUSTOMERS,ALL_SYNTHETIC_PROGRAMS,CFG-CPL-03,SYNTHETIC_INTERNAL,SNP-COOLIT-20260925-BL,SCN-BASELINE,OPSCH-1-00118,SCH-V1,WO-0020,MESOP-00118,40,TEST-LEAK-01,2026-08-28T07:00:00-06:00,2026-08-28T17:00:00-06:00,118,COLDPLATE_LOOP,5,2,true,true,true,OPEN,SUPERSEDED
TEN-COOLIT-SYN-001,SITE-COOLIT-SYN-01,ERP,OPERATION_SCHEDULE,OPSCH-1-00119,MESOP-00119,RESOLVED,2026-09-25T23:59:59-06:00,2026-09-26T08:00:00-06:00,2026-06-29T00:00:00-06:00,,1,,false,ACTIVE,,,VALID,CURRENT,coolit-synthetic-v2.0.0,ALL_SYNTHETIC_CUSTOMERS,ALL_SYNTHETIC_PROGRAMS,CFG-CPL-03,SYNTHETIC_INTERNAL,SNP-COOLIT-20260925-BL,SCN-BASELINE,OPSCH-1-00119,SCH-V1,WO-0020,MESOP-00119,50,TEST-FUNC-01,2026-08-29T07:00:00-06:00,2026-08-29T17:00:00-06:00,119,COLDPLATE_LOOP,5,2,true,true,true,OPEN,SUPERSEDED
TEN-COOLIT-SYN-001,SITE-COOLIT-SYN-01,ERP,OPERATION_SCHEDULE,OPSCH-1-00120,MESOP-00120,RESOLVED,2026-09-25T23:59:59-06:00,2026-09-26T08:00:00-06:00,2026-06-29T00:00:00-06:00,,1,,false,ACTIVE,,,VALID,CURRENT,coolit-synthetic-v2.0.0,ALL_SYNTHETIC_CUSTOMERS,ALL_SYNTHETIC_PROGRAMS,CFG-CPL-03,SYNTHETIC_INTERNAL,SNP-COOLIT-20260925-BL,SCN-BASELINE,OPSCH-1-00120,SCH-V1,WO-0020,MESOP-00120,60,LINE-CPL-01,2026-08-30T07:00:00-06:00,2026-08-30T17:00:00-06:00,120,COLDPLATE_LOOP,5,2,true,true,true,OPEN,SUPERSEDED
TEN-COOLIT-SYN-001,SITE-COOLIT-SYN-01,ERP,OPERATION_SCHEDULE,OPSCH-1-00121,MESOP-00121,RESOLVED,2026-09-25T23:59:59-06:00,2026-09-26T08:00:00-06:00,2026-06-29T00:00:00-06:00,,1,,false,ACTIVE,,,VALID,CURRENT,coolit-synthetic-v2.0.0,ALL_SYNTHETIC_CUSTOMERS,ALL_SYNTHETIC_PROGRAMS,CFG-CDU-02,SYNTHETIC_INTERNAL,SNP-COOLIT-20260925-BL,SCN-BASELINE,OPSCH-1-00121,SCH-V1,WO-0021,MESOP-00121,10,CELL-ROBOT-01,2026-08-28T07:00:00-06:00,2026-08-28T17:00:00-06:00,121,COOLANT_DISTRIBUTION_UNIT,5,1,true,true,true,OPEN,SUPERSEDED
TEN-COOLIT-SYN-001,SITE-COOLIT-SYN-01,ERP,OPERATION_SCHEDULE,OPSCH-1-00122,MESOP-00122,RESOLVED,2026-09-25T23:59:59-06:00,2026-09-26T08:00:00-06:00,2026-06-29T00:00:00-06:00,,1,,false,ACTIVE,,,VALID,CURRENT,coolit-synthetic-v2.0.0,ALL_SYNTHETIC_CUSTOMERS,ALL_SYNTHETIC_PROGRAMS,CFG-CDU-02,SYNTHETIC_INTERNAL,SNP-COOLIT-20260925-BL,SCN-BASELINE,OPSCH-1-00122,SCH-V1,WO-0021,MESOP-00122,20,LINE-CDU-01,2026-08-29T07:00:00-06:00,2026-08-29T17:00:00-06:00,122,COOLANT_DISTRIBUTION_UNIT,20,1,true,true,true,OPEN,SUPERSEDED
TEN-COOLIT-SYN-001,SITE-COOLIT-SYN-01,ERP,OPERATION_SCHEDULE,OPSCH-1-00123,MESOP-00123,RESOLVED,2026-09-25T23:59:59-06:00,2026-09-26T08:00:00-06:00,2026-06-29T00:00:00-06:00,,1,,false,ACTIVE,,,VALID,CURRENT,coolit-synthetic-v2.0.0,ALL_SYNTHETIC_CUSTOMERS,ALL_SYNTHETIC_PROGRAMS,CFG-CDU-02,SYNTHETIC_INTERNAL,SNP-COOLIT-20260925-BL,SCN-BASELINE,OPSCH-1-00123,SCH-V1,WO-0021,MESOP-00123,30,TEST-LEAK-01,2026-08-30T07:00:00-06:00,2026-08-30T17:00:00-06:00,123,COOLANT_DISTRIBUTION_UNIT,5,1,true,true,true,OPEN,SUPERSEDED
TEN-COOLIT-SYN-001,SITE-COOLIT-SYN-01,ERP,OPERATION_SCHEDULE,OPSCH-1-00124,MESOP-00124,RESOLVED,2026-09-25T23:59:59-06:00,2026-09-26T08:00:00-06:00,2026-06-29T00:00:00-06:00,,1,,false,ACTIVE,,,VALID,CURRENT,coolit-synthetic-v2.0.0,ALL_SYNTHETIC_CUSTOMERS,ALL_SYNTHETIC_PROGRAMS,CFG-CDU-02,SYNTHETIC_INTERNAL,SNP-COOLIT-20260925-BL,SCN-BASELINE,OPSCH-1-00124,SCH-V1,WO-0021,MESOP-00124,40,TEST-LEAK-01,2026-08-31T07:00:00-06:00,2026-08-31T17:00:00-06:00,124,COOLANT_DISTRIBUTION_UNIT,5,2,true,true,true,OPEN,SUPERSEDED
TEN-COOLIT-SYN-001,SITE-COOLIT-SYN-01,ERP,OPERATION_SCHEDULE,OPSCH-1-00125,MESOP-00125,RESOLVED,2026-09-25T23:59:59-06:00,2026-09-26T08:00:00-06:00,2026-06-29T00:00:00-06:00,,1,,false,ACTIVE,,,VALID,CURRENT,coolit-synthetic-v2.0.0,ALL_SYNTHETIC_CUSTOMERS,ALL_SYNTHETIC_PROGRAMS,CFG-RM-01,SYNTHETIC_INTERNAL,SNP-COOLIT-20260925-BL,SCN-BASELINE,OPSCH-1-00125,SCH-V1,WO-0022,MESOP-00125,10,CELL-ROBOT-01,2026-08-31T07:00:00-06:00,2026-08-31T17:00:00-06:00,125,RACK_MANIFOLD,5,1,true,false,true,OPEN,SUPERSEDED
TEN-COOLIT-SYN-001,SITE-COOLIT-SYN-01,ERP,OPERATION_SCHEDULE,OPSCH-1-00126,MESOP-00126,RESOLVED,2026-09-25T23:59:59-06:00,2026-09-26T08:00:00-06:00,2026-06-29T00:00:00-06:00,,1,,false,ACTIVE,,,VALID,CURRENT,coolit-synthetic-v2.0.0,ALL_SYNTHETIC_CUSTOMERS,ALL_SYNTHETIC_PROGRAMS,CFG-RM-01,SYNTHETIC_INTERNAL,SNP-COOLIT-20260925-BL,SCN-BASELINE,OPSCH-1-00126,SCH-V1,WO-0022,MESOP-00126,20,LINE-RM-01,2026-09-01T07:00:00-06:00,2026-09-01T17:00:00-06:00,126,RACK_MANIFOLD,20,1,true,true,true,OPEN,SUPERSEDED
TEN-COOLIT-SYN-001,SITE-COOLIT-SYN-01,ERP,OPERATION_SCHEDULE,OPSCH-1-00127,MESOP-00127,RESOLVED,2026-09-25T23:59:59-06:00,2026-09-26T08:00:00-06:00,2026-06-29T00:00:00-06:00,,1,,false,ACTIVE,,,VALID,CURRENT,coolit-synthetic-v2.0.0,ALL_SYNTHETIC_CUSTOMERS,ALL_SYNTHETIC_PROGRAMS,CFG-RM-01,SYNTHETIC_INTERNAL,SNP-COOLIT-20260925-BL,SCN-BASELINE,OPSCH-1-00127,SCH-V1,WO-0022,MESOP-00127,30,TEST-LEAK-01,2026-09-02T07:00:00-06:00,2026-09-02T17:00:00-06:00,127,RACK_MANIFOLD,5,1,true,true,true,OPEN,SUPERSEDED
TEN-COOLIT-SYN-001,SITE-COOLIT-SYN-01,ERP,OPERATION_SCHEDULE,OPSCH-1-00128,MESOP-00128,RESOLVED,2026-09-25T23:59:59-06:00,2026-09-26T08:00:00-06:00,2026-06-29T00:00:00-06:00,,1,,false,ACTIVE,,,VALID,CURRENT,coolit-synthetic-v2.0.0,ALL_SYNTHETIC_CUSTOMERS,ALL_SYNTHETIC_PROGRAMS,CFG-RM-01,SYNTHETIC_INTERNAL,SNP-COOLIT-20260925-BL,SCN-BASELINE,OPSCH-1-00128,SCH-V1,WO-0022,MESOP-00128,40,TEST-LEAK-01,2026-09-03T07:00:00-06:00,2026-09-03T17:00:00-06:00,128,RACK_MANIFOLD,5,2,true,true,true,OPEN,SUPERSEDED
TEN-COOLIT-SYN-001,SITE-COOLIT-SYN-01,ERP,OPERATION_SCHEDULE,OPSCH-1-00129,MESOP-00129,RESOLVED,2026-09-25T23:59:59-06:00,2026-09-26T08:00:00-06:00,2026-06-29T00:00:00-06:00,,1,,false,ACTIVE,,,VALID,CURRENT,coolit-synthetic-v2.0.0,ALL_SYNTHETIC_CUSTOMERS,ALL_SYNTHETIC_PROGRAMS,CFG-CDU-04,SYNTHETIC_INTERNAL,SNP-COOLIT-20260925-BL,SCN-BASELINE,OPSCH-1-00129,SCH-V1,WO-0023,MESOP-00129,10,CELL-ROBOT-01,2026-09-03T07:00:00-06:00,2026-09-03T17:00:00-06:00,129,COOLANT_DISTRIBUTION_UNIT,5,1,true,true,true,OPEN,SUPERSEDED
TEN-COOLIT-SYN-001,SITE-COOLIT-SYN-01,ERP,OPERATION_SCHEDULE,OPSCH-1-00130,MESOP-00130,RESOLVED,2026-09-25T23:59:59-06:00,2026-09-26T08:00:00-06:00,2026-06-29T00:00:00-06:00,,1,,false,ACTIVE,,,VALID,CURRENT,coolit-synthetic-v2.0.0,ALL_SYNTHETIC_CUSTOMERS,ALL_SYNTHETIC_PROGRAMS,CFG-CDU-04,SYNTHETIC_INTERNAL,SNP-COOLIT-20260925-BL,SCN-BASELINE,OPSCH-1-00130,SCH-V1,WO-0023,MESOP-00130,20,LINE-CDU-01,2026-09-04T07:00:00-06:00,2026-09-04T17:00:00-06:00,130,COOLANT_DISTRIBUTION_UNIT,20,1,true,true,true,OPEN,SUPERSEDED
TEN-COOLIT-SYN-001,SITE-COOLIT-SYN-01,ERP,OPERATION_SCHEDULE,OPSCH-1-00131,MESOP-00131,RESOLVED,2026-09-25T23:59:59-06:00,2026-09-26T08:00:00-06:00,2026-06-29T00:00:00-06:00,,1,,false,ACTIVE,,,VALID,CURRENT,coolit-synthetic-v2.0.0,ALL_SYNTHETIC_CUSTOMERS,ALL_SYNTHETIC_PROGRAMS,CFG-CDU-04,SYNTHETIC_INTERNAL,SNP-COOLIT-20260925-BL,SCN-BASELINE,OPSCH-1-00131,SCH-V1,WO-0023,MESOP-00131,30,TEST-LEAK-01,2026-09-05T07:00:00-06:00,2026-09-05T17:00:00-06:00,131,COOLANT_DISTRIBUTION_UNIT,5,1,true,true,true,OPEN,SUPERSEDED
TEN-COOLIT-SYN-001,SITE-COOLIT-SYN-01,ERP,OPERATION_SCHEDULE,OPSCH-1-00132,MESOP-00132,RESOLVED,2026-09-25T23:59:59-06:00,2026-09-26T08:00:00-06:00,2026-06-29T00:00:00-06:00,,1,,false,ACTIVE,,,VALID,CURRENT,coolit-synthetic-v2.0.0,ALL_SYNTHETIC_CUSTOMERS,ALL_SYNTHETIC_PROGRAMS,CFG-CDU-04,SYNTHETIC_INTERNAL,SNP-COOLIT-20260925-BL,SCN-BASELINE,OPSCH-1-00132,SCH-V1,WO-0023,MESOP-00132,40,TEST-LEAK-01,2026-09-06T07:00:00-06:00,2026-09-06T17:00:00-06:00,132,COOLANT_DISTRIBUTION_UNIT,5,2,true,true,true,OPEN,SUPERSEDED
TEN-COOLIT-SYN-001,SITE-COOLIT-SYN-01,ERP,OPERATION_SCHEDULE,OPSCH-1-00133,MESOP-00133,RESOLVED,2026-09-25T23:59:59-06:00,2026-09-26T08:00:00-06:00,2026-06-29T00:00:00-06:00,,1,,false,ACTIVE,,,VALID,CURRENT,coolit-synthetic-v2.0.0,ALL_SYNTHETIC_CUSTOMERS,ALL_SYNTHETIC_PROGRAMS,CFG-RM-03,SYNTHETIC_INTERNAL,SNP-COOLIT-20260925-BL,SCN-BASELINE,OPSCH-1-00133,SCH-V1,WO-0024,MESOP-00133,10,CELL-ROBOT-01,2026-09-06T07:00:00-06:00,2026-09-06T17:00:00-06:00,133,RACK_MANIFOLD,5,1,true,true,true,OPEN,SUPERSEDED
TEN-COOLIT-SYN-001,SITE-COOLIT-SYN-01,ERP,OPERATION_SCHEDULE,OPSCH-1-00134,MESOP-00134,RESOLVED,2026-09-25T23:59:59-06:00,2026-09-26T08:00:00-06:00,2026-06-29T00:00:00-06:00,,1,,false,ACTIVE,,,VALID,CURRENT,coolit-synthetic-v2.0.0,ALL_SYNTHETIC_CUSTOMERS,ALL_SYNTHETIC_PROGRAMS,CFG-RM-03,SYNTHETIC_INTERNAL,SNP-COOLIT-20260925-BL,SCN-BASELINE,OPSCH-1-00134,SCH-V1,WO-0024,MESOP-00134,20,LINE-RM-01,2026-09-07T07:00:00-06:00,2026-09-07T17:00:00-06:00,134,RACK_MANIFOLD,20,1,true,true,true,OPEN,SUPERSEDED
TEN-COOLIT-SYN-001,SITE-COOLIT-SYN-01,ERP,OPERATION_SCHEDULE,OPSCH-1-00135,MESOP-00135,RESOLVED,2026-09-25T23:59:59-06:00,2026-09-26T08:00:00-06:00,2026-06-29T00:00:00-06:00,,1,,false,ACTIVE,,,VALID,CURRENT,coolit-synthetic-v2.0.0,ALL_SYNTHETIC_CUSTOMERS,ALL_SYNTHETIC_PROGRAMS,CFG-RM-03,SYNTHETIC_INTERNAL,SNP-COOLIT-20260925-BL,SCN-BASELINE,OPSCH-1-00135,SCH-V1,WO-0024,MESOP-00135,30,TEST-LEAK-01,2026-09-08T07:00:00-06:00,2026-09-08T17:00:00-06:00,135,RACK_MANIFOLD,5,1,true,true,true,OPEN,SUPERSEDED
TEN-COOLIT-SYN-001,SITE-COOLIT-SYN-01,ERP,OPERATION_SCHEDULE,OPSCH-1-00136,MESOP-00136,RESOLVED,2026-09-25T23:59:59-06:00,2026-09-26T08:00:00-06:00,2026-06-29T00:00:00-06:00,,1,,false,ACTIVE,,,VALID,CURRENT,coolit-synthetic-v2.0.0,ALL_SYNTHETIC_CUSTOMERS,ALL_SYNTHETIC_PROGRAMS,CFG-RM-03,SYNTHETIC_INTERNAL,SNP-COOLIT-20260925-BL,SCN-BASELINE,OPSCH-1-00136,SCH-V1,WO-0024,MESOP-00136,40,TEST-LEAK-01,2026-09-09T07:00:00-06:00,2026-09-09T17:00:00-06:00,136,RACK_MANIFOLD,5,2,true,true,true,OPEN,SUPERSEDED
TEN-COOLIT-SYN-001,SITE-COOLIT-SYN-01,ERP,OPERATION_SCHEDULE,OPSCH-1-00137,MESOP-00137,RESOLVED,2026-09-25T23:59:59-06:00,2026-09-26T08:00:00-06:00,2026-06-29T00:00:00-06:00,,1,,false,ACTIVE,,,VALID,CURRENT,coolit-synthetic-v2.0.0,ALL_SYNTHETIC_CUSTOMERS,ALL_SYNTHETIC_PROGRAMS,CFG-CPL-02,SYNTHETIC_INTERNAL,SNP-COOLIT-20260925-BL,SCN-BASELINE,OPSCH-1-00137,SCH-V1,WO-0025,MESOP-00137,10,CELL-ROBOT-01,2026-09-09T07:00:00-06:00,2026-09-09T17:00:00-06:00,137,COLDPLATE_LOOP,5,1,true,true,true,OPEN,SUPERSEDED
TEN-COOLIT-SYN-001,SITE-COOLIT-SYN-01,ERP,OPERATION_SCHEDULE,OPSCH-1-00138,MESOP-00138,RESOLVED,2026-09-25T23:59:59-06:00,2026-09-26T08:00:00-06:00,2026-06-29T00:00:00-06:00,,1,,false,ACTIVE,,,VALID,CURRENT,coolit-synthetic-v2.0.0,ALL_SYNTHETIC_CUSTOMERS,ALL_SYNTHETIC_PROGRAMS,CFG-CPL-02,SYNTHETIC_INTERNAL,SNP-COOLIT-20260925-BL,SCN-BASELINE,OPSCH-1-00138,SCH-V1,WO-0025,MESOP-00138,20,LINE-CPL-01,2026-09-10T07:00:00-06:00,2026-09-10T17:00:00-06:00,138,COLDPLATE_LOOP,20,1,true,true,true,OPEN,SUPERSEDED
TEN-COOLIT-SYN-001,SITE-COOLIT-SYN-01,ERP,OPERATION_SCHEDULE,OPSCH-1-00139,MESOP-00139,RESOLVED,2026-09-25T23:59:59-06:00,2026-09-26T08:00:00-06:00,2026-06-29T00:00:00-06:00,,1,,false,ACTIVE,,,VALID,CURRENT,coolit-synthetic-v2.0.0,ALL_SYNTHETIC_CUSTOMERS,ALL_SYNTHETIC_PROGRAMS,CFG-CPL-02,SYNTHETIC_INTERNAL,SNP-COOLIT-20260925-BL,SCN-BASELINE,OPSCH-1-00139,SCH-V1,WO-0025,MESOP-00139,30,TEST-LEAK-01,2026-09-11T07:00:00-06:00,2026-09-11T17:00:00-06:00,139,COLDPLATE_LOOP,5,1,true,true,true,OPEN,SUPERSEDED
TEN-COOLIT-SYN-001,SITE-COOLIT-SYN-01,ERP,OPERATION_SCHEDULE,OPSCH-1-00140,MESOP-00140,RESOLVED,2026-09-25T23:59:59-06:00,2026-09-26T08:00:00-06:00,2026-06-29T00:00:00-06:00,,1,,false,ACTIVE,,,VALID,CURRENT,coolit-synthetic-v2.0.0,ALL_SYNTHETIC_CUSTOMERS,ALL_SYNTHETIC_PROGRAMS,CFG-CPL-02,SYNTHETIC_INTERNAL,SNP-COOLIT-20260925-BL,SCN-BASELINE,OPSCH-1-00140,SCH-V1,WO-0025,MESOP-00140,40,TEST-LEAK-01,2026-09-12T07:00:00-06:00,2026-09-12T17:00:00-06:00,140,COLDPLATE_LOOP,5,2,true,true,true,OPEN,SUPERSEDED
TEN-COOLIT-SYN-001,SITE-COOLIT-SYN-01,ERP,OPERATION_SCHEDULE,OPSCH-1-00141,MESOP-00141,RESOLVED,2026-09-25T23:59:59-06:00,2026-09-26T08:00:00-06:00,2026-06-29T00:00:00-06:00,,1,,false,ACTIVE,,,VALID,CURRENT,coolit-synthetic-v2.0.0,ALL_SYNTHETIC_CUSTOMERS,ALL_SYNTHETIC_PROGRAMS,CFG-CDU-01,SYNTHETIC_INTERNAL,SNP-COOLIT-20260925-BL,SCN-BASELINE,OPSCH-1-00141,SCH-V1,WO-0026,MESOP-00141,10,CELL-ROBOT-01,2026-09-12T07:00:00-06:00,2026-09-12T17:00:00-06:00,141,COOLANT_DISTRIBUTION_UNIT,5,1,true,true,true,OPEN,SUPERSEDED
TEN-COOLIT-SYN-001,SITE-COOLIT-SYN-01,ERP,OPERATION_SCHEDULE,OPSCH-1-00142,MESOP-00142,RESOLVED,2026-09-25T23:59:59-06:00,2026-09-26T08:00:00-06:00,2026-06-29T00:00:00-06:00,,1,,false,ACTIVE,,,VALID,CURRENT,coolit-synthetic-v2.0.0,ALL_SYNTHETIC_CUSTOMERS,ALL_SYNTHETIC_PROGRAMS,CFG-CDU-01,SYNTHETIC_INTERNAL,SNP-COOLIT-20260925-BL,SCN-BASELINE,OPSCH-1-00142,SCH-V1,WO-0026,MESOP-00142,20,LINE-CDU-01,2026-09-13T07:00:00-06:00,2026-09-13T17:00:00-06:00,142,COOLANT_DISTRIBUTION_UNIT,20,1,true,true,true,OPEN,SUPERSEDED
TEN-COOLIT-SYN-001,SITE-COOLIT-SYN-01,ERP,OPERATION_SCHEDULE,OPSCH-1-00143,MESOP-00143,RESOLVED,2026-09-25T23:59:59-06:00,2026-09-26T08:00:00-06:00,2026-06-29T00:00:00-06:00,,1,,false,ACTIVE,,,VALID,CURRENT,coolit-synthetic-v2.0.0,ALL_SYNTHETIC_CUSTOMERS,ALL_SYNTHETIC_PROGRAMS,CFG-CDU-01,SYNTHETIC_INTERNAL,SNP-COOLIT-20260925-BL,SCN-BASELINE,OPSCH-1-00143,SCH-V1,WO-0026,MESOP-00143,30,TEST-LEAK-01,2026-09-14T07:00:00-06:00,2026-09-14T17:00:00-06:00,143,COOLANT_DISTRIBUTION_UNIT,5,1,true,true,true,OPEN,SUPERSEDED
TEN-COOLIT-SYN-001,SITE-COOLIT-SYN-01,ERP,OPERATION_SCHEDULE,OPSCH-1-00144,MESOP-00144,RESOLVED,2026-09-25T23:59:59-06:00,2026-09-26T08:00:00-06:00,2026-06-29T00:00:00-06:00,,1,,false,ACTIVE,,,VALID,CURRENT,coolit-synthetic-v2.0.0,ALL_SYNTHETIC_CUSTOMERS,ALL_SYNTHETIC_PROGRAMS,CFG-CDU-01,SYNTHETIC_INTERNAL,SNP-COOLIT-20260925-BL,SCN-BASELINE,OPSCH-1-00144,SCH-V1,WO-0026,MESOP-00144,40,TEST-LEAK-01,2026-09-15T07:00:00-06:00,2026-09-15T17:00:00-06:00,144,COOLANT_DISTRIBUTION_UNIT,5,2,true,true,true,OPEN,SUPERSEDED
TEN-COOLIT-SYN-001,SITE-COOLIT-SYN-01,ERP,OPERATION_SCHEDULE,OPSCH-1-00145,MESOP-00145,RESOLVED,2026-09-25T23:59:59-06:00,2026-09-26T08:00:00-06:00,2026-06-29T00:00:00-06:00,,1,,false,ACTIVE,,,VALID,CURRENT,coolit-synthetic-v2.0.0,ALL_SYNTHETIC_CUSTOMERS,ALL_SYNTHETIC_PROGRAMS,CFG-CPL-04,SYNTHETIC_INTERNAL,SNP-COOLIT-20260925-BL,SCN-BASELINE,OPSCH-1-00145,SCH-V1,WO-0027,MESOP-00145,10,CELL-ROBOT-01,2026-09-28T07:00:00-06:00,2026-09-28T17:00:00-06:00,145,COLDPLATE_LOOP,5,1,true,true,true,OPEN,SUPERSEDED
TEN-COOLIT-SYN-001,SITE-COOLIT-SYN-01,ERP,OPERATION_SCHEDULE,OPSCH-1-00146,MESOP-00146,RESOLVED,2026-09-25T23:59:59-06:00,2026-09-26T08:00:00-06:00,2026-06-29T00:00:00-06:00,,1,,false,ACTIVE,,,VALID,CURRENT,coolit-synthetic-v2.0.0,ALL_SYNTHETIC_CUSTOMERS,ALL_SYNTHETIC_PROGRAMS,CFG-CPL-04,SYNTHETIC_INTERNAL,SNP-COOLIT-20260925-BL,SCN-BASELINE,OPSCH-1-00146,SCH-V1,WO-0027,MESOP-00146,20,LINE-CPL-01,2026-09-29T07:00:00-06:00,2026-09-29T17:00:00-06:00,146,COLDPLATE_LOOP,20,1,false,true,true,OPEN,SUPERSEDED
TEN-COOLIT-SYN-001,SITE-COOLIT-SYN-01,ERP,OPERATION_SCHEDULE,OPSCH-1-00147,MESOP-00147,RESOLVED,2026-09-25T23:59:59-06:00,2026-09-26T08:00:00-06:00,2026-06-29T00:00:00-06:00,,1,,false,ACTIVE,,,VALID,CURRENT,coolit-synthetic-v2.0.0,ALL_SYNTHETIC_CUSTOMERS,ALL_SYNTHETIC_PROGRAMS,CFG-CPL-04,SYNTHETIC_INTERNAL,SNP-COOLIT-20260925-BL,SCN-BASELINE,OPSCH-1-00147,SCH-V1,WO-0027,MESOP-00147,30,TEST-LEAK-01,2026-09-30T07:00:00-06:00,2026-09-30T17:00:00-06:00,147,COLDPLATE_LOOP,5,1,true,true,true,OPEN,SUPERSEDED
TEN-COOLIT-SYN-001,SITE-COOLIT-SYN-01,ERP,OPERATION_SCHEDULE,OPSCH-1-00148,MESOP-00148,RESOLVED,2026-09-25T23:59:59-06:00,2026-09-26T08:00:00-06:00,2026-06-29T00:00:00-06:00,,1,,false,ACTIVE,,,VALID,CURRENT,coolit-synthetic-v2.0.0,ALL_SYNTHETIC_CUSTOMERS,ALL_SYNTHETIC_PROGRAMS,CFG-CPL-04,SYNTHETIC_INTERNAL,SNP-COOLIT-20260925-BL,SCN-BASELINE,OPSCH-1-00148,SCH-V1,WO-0027,MESOP-00148,40,TEST-LEAK-01,2026-10-01T07:00:00-06:00,2026-10-01T17:00:00-06:00,148,COLDPLATE_LOOP,5,2,true,true,true,OPEN,SUPERSEDED
TEN-COOLIT-SYN-001,SITE-COOLIT-SYN-01,ERP,OPERATION_SCHEDULE,OPSCH-1-00149,MESOP-00149,RESOLVED,2026-09-25T23:59:59-06:00,2026-09-26T08:00:00-06:00,2026-06-29T00:00:00-06:00,,1,,false,ACTIVE,,,VALID,CURRENT,coolit-synthetic-v2.0.0,ALL_SYNTHETIC_CUSTOMERS,ALL_SYNTHETIC_PROGRAMS,CFG-CDU-03,SYNTHETIC_INTERNAL,SNP-COOLIT-20260925-BL,SCN-BASELINE,OPSCH-1-00149,SCH-V1,WO-0028,MESOP-00149,10,CELL-ROBOT-01,2026-10-02T07:00:00-06:00,2026-10-02T17:00:00-06:00,149,COOLANT_DISTRIBUTION_UNIT,5,1,true,true,true,OPEN,SUPERSEDED
TEN-COOLIT-SYN-001,SITE-COOLIT-SYN-01,ERP,OPERATION_SCHEDULE,OPSCH-1-00150,MESOP-00150,RESOLVED,2026-09-25T23:59:59-06:00,2026-09-26T08:00:00-06:00,2026-06-29T00:00:00-06:00,,1,,false,ACTIVE,,,VALID,CURRENT,coolit-synthetic-v2.0.0,ALL_SYNTHETIC_CUSTOMERS,ALL_SYNTHETIC_PROGRAMS,CFG-CDU-03,SYNTHETIC_INTERNAL,SNP-COOLIT-20260925-BL,SCN-BASELINE,OPSCH-1-00150,SCH-V1,WO-0028,MESOP-00150,20,LINE-CDU-01,2026-10-03T07:00:00-06:00,2026-10-03T17:00:00-06:00,150,COOLANT_DISTRIBUTION_UNIT,20,1,true,true,true,OPEN,SUPERSEDED
TEN-COOLIT-SYN-001,SITE-COOLIT-SYN-01,ERP,OPERATION_SCHEDULE,OPSCH-1-00151,MESOP-00151,RESOLVED,2026-09-25T23:59:59-06:00,2026-09-26T08:00:00-06:00,2026-06-29T00:00:00-06:00,,1,,false,ACTIVE,,,VALID,CURRENT,coolit-synthetic-v2.0.0,ALL_SYNTHETIC_CUSTOMERS,ALL_SYNTHETIC_PROGRAMS,CFG-CDU-03,SYNTHETIC_INTERNAL,SNP-COOLIT-20260925-BL,SCN-BASELINE,OPSCH-1-00151,SCH-V1,WO-0028,MESOP-00151,30,TEST-LEAK-01,2026-10-04T07:00:00-06:00,2026-10-04T17:00:00-06:00,151,COOLANT_DISTRIBUTION_UNIT,5,1,true,true,true,OPEN,SUPERSEDED
TEN-COOLIT-SYN-001,SITE-COOLIT-SYN-01,ERP,OPERATION_SCHEDULE,OPSCH-1-00152,MESOP-00152,RESOLVED,2026-09-25T23:59:59-06:00,2026-09-26T08:00:00-06:00,2026-06-29T00:00:00-06:00,,1,,false,ACTIVE,,,VALID,CURRENT,coolit-synthetic-v2.0.0,ALL_SYNTHETIC_CUSTOMERS,ALL_SYNTHETIC_PROGRAMS,CFG-CDU-03,SYNTHETIC_INTERNAL,SNP-COOLIT-20260925-BL,SCN-BASELINE,OPSCH-1-00152,SCH-V1,WO-0028,MESOP-00152,40,TEST-LEAK-01,2026-10-05T07:00:00-06:00,2026-10-05T17:00:00-06:00,152,COOLANT_DISTRIBUTION_UNIT,5,2,true,true,true,OPEN,SUPERSEDED
TEN-COOLIT-SYN-001,SITE-COOLIT-SYN-01,ERP,OPERATION_SCHEDULE,OPSCH-1-00153,MESOP-00153,RESOLVED,2026-09-25T23:59:59-06:00,2026-09-26T08:00:00-06:00,2026-06-29T00:00:00-06:00,,1,,false,ACTIVE,,,VALID,CURRENT,coolit-synthetic-v2.0.0,ALL_SYNTHETIC_CUSTOMERS,ALL_SYNTHETIC_PROGRAMS,CFG-RM-02,SYNTHETIC_INTERNAL,SNP-COOLIT-20260925-BL,SCN-BASELINE,OPSCH-1-00153,SCH-V1,WO-0029,MESOP-00153,10,CELL-ROBOT-01,2026-10-06T07:00:00-06:00,2026-10-06T17:00:00-06:00,153,RACK_MANIFOLD,5,1,true,true,true,OPEN,SUPERSEDED
TEN-COOLIT-SYN-001,SITE-COOLIT-SYN-01,ERP,OPERATION_SCHEDULE,OPSCH-1-00154,MESOP-00154,RESOLVED,2026-09-25T23:59:59-06:00,2026-09-26T08:00:00-06:00,2026-06-29T00:00:00-06:00,,1,,false,ACTIVE,,,VALID,CURRENT,coolit-synthetic-v2.0.0,ALL_SYNTHETIC_CUSTOMERS,ALL_SYNTHETIC_PROGRAMS,CFG-RM-02,SYNTHETIC_INTERNAL,SNP-COOLIT-20260925-BL,SCN-BASELINE,OPSCH-1-00154,SCH-V1,WO-0029,MESOP-00154,20,LINE-RM-01,2026-10-07T07:00:00-06:00,2026-10-07T17:00:00-06:00,154,RACK_MANIFOLD,20,1,true,true,true,OPEN,SUPERSEDED
TEN-COOLIT-SYN-001,SITE-COOLIT-SYN-01,ERP,OPERATION_SCHEDULE,OPSCH-1-00155,MESOP-00155,RESOLVED,2026-09-25T23:59:59-06:00,2026-09-26T08:00:00-06:00,2026-06-29T00:00:00-06:00,,1,,false,ACTIVE,,,VALID,CURRENT,coolit-synthetic-v2.0.0,ALL_SYNTHETIC_CUSTOMERS,ALL_SYNTHETIC_PROGRAMS,CFG-RM-02,SYNTHETIC_INTERNAL,SNP-COOLIT-20260925-BL,SCN-BASELINE,OPSCH-1-00155,SCH-V1,WO-0029,MESOP-00155,30,TEST-LEAK-01,2026-10-08T07:00:00-06:00,2026-10-08T17:00:00-06:00,155,RACK_MANIFOLD,5,1,true,true,true,OPEN,SUPERSEDED
TEN-COOLIT-SYN-001,SITE-COOLIT-SYN-01,ERP,OPERATION_SCHEDULE,OPSCH-1-00156,MESOP-00156,RESOLVED,2026-09-25T23:59:59-06:00,2026-09-26T08:00:00-06:00,2026-06-29T00:00:00-06:00,,1,,false,ACTIVE,,,VALID,CURRENT,coolit-synthetic-v2.0.0,ALL_SYNTHETIC_CUSTOMERS,ALL_SYNTHETIC_PROGRAMS,CFG-RM-02,SYNTHETIC_INTERNAL,SNP-COOLIT-20260925-BL,SCN-BASELINE,OPSCH-1-00156,SCH-V1,WO-0029,MESOP-00156,40,TEST-LEAK-01,2026-10-09T07:00:00-06:00,2026-10-09T17:00:00-06:00,156,RACK_MANIFOLD,5,2,true,false,true,OPEN,SUPERSEDED
TEN-COOLIT-SYN-001,SITE-COOLIT-SYN-01,ERP,OPERATION_SCHEDULE,OPSCH-1-00157,MESOP-00157,RESOLVED,2026-09-25T23:59:59-06:00,2026-09-26T08:00:00-06:00,2026-06-29T00:00:00-06:00,,1,,false,ACTIVE,,,VALID,CURRENT,coolit-synthetic-v2.0.0,ALL_SYNTHETIC_CUSTOMERS,ALL_SYNTHETIC_PROGRAMS,CFG-CPL-01,SYNTHETIC_INTERNAL,SNP-COOLIT-20260925-BL,SCN-BASELINE,OPSCH-1-00157,SCH-V1,WO-0030,MESOP-00157,10,CELL-ROBOT-01,2026-10-10T07:00:00-06:00,2026-10-10T17:00:00-06:00,157,COLDPLATE_LOOP,5,1,true,true,true,OPEN,SUPERSEDED
TEN-COOLIT-SYN-001,SITE-COOLIT-SYN-01,ERP,OPERATION_SCHEDULE,OPSCH-1-00158,MESOP-00158,RESOLVED,2026-09-25T23:59:59-06:00,2026-09-26T08:00:00-06:00,2026-06-29T00:00:00-06:00,,1,,false,ACTIVE,,,VALID,CURRENT,coolit-synthetic-v2.0.0,ALL_SYNTHETIC_CUSTOMERS,ALL_SYNTHETIC_PROGRAMS,CFG-CPL-01,SYNTHETIC_INTERNAL,SNP-COOLIT-20260925-BL,SCN-BASELINE,OPSCH-1-00158,SCH-V1,WO-0030,MESOP-00158,20,LINE-CPL-01,2026-10-11T07:00:00-06:00,2026-10-11T17:00:00-06:00,158,COLDPLATE_LOOP,20,1,true,true,true,OPEN,SUPERSEDED
TEN-COOLIT-SYN-001,SITE-COOLIT-SYN-01,ERP,OPERATION_SCHEDULE,OPSCH-1-00159,MESOP-00159,RESOLVED,2026-09-25T23:59:59-06:00,2026-09-26T08:00:00-06:00,2026-06-29T00:00:00-06:00,,1,,false,ACTIVE,,,VALID,CURRENT,coolit-synthetic-v2.0.0,ALL_SYNTHETIC_CUSTOMERS,ALL_SYNTHETIC_PROGRAMS,CFG-CPL-01,SYNTHETIC_INTERNAL,SNP-COOLIT-20260925-BL,SCN-BASELINE,OPSCH-1-00159,SCH-V1,WO-0030,MESOP-00159,30,TEST-LEAK-01,2026-10-12T07:00:00-06:00,2026-10-12T17:00:00-06:00,159,COLDPLATE_LOOP,5,1,true,true,true,OPEN,SUPERSEDED
TEN-COOLIT-SYN-001,SITE-COOLIT-SYN-01,ERP,OPERATION_SCHEDULE,OPSCH-1-00160,MESOP-00160,RESOLVED,2026-09-25T23:59:59-06:00,2026-09-26T08:00:00-06:00,2026-06-29T00:00:00-06:00,,1,,false,ACTIVE,,,VALID,CURRENT,coolit-synthetic-v2.0.0,ALL_SYNTHETIC_CUSTOMERS,ALL_SYNTHETIC_PROGRAMS,CFG-CPL-01,SYNTHETIC_INTERNAL,SNP-COOLIT-20260925-BL,SCN-BASELINE,OPSCH-1-00160,SCH-V1,WO-0030,MESOP-00160,40,TEST-LEAK-01,2026-10-13T07:00:00-06:00,2026-10-13T17:00:00-06:00,160,COLDPLATE_LOOP,5,2,true,true,true,OPEN,SUPERSEDED
TEN-COOLIT-SYN-001,SITE-COOLIT-SYN-01,ERP,OPERATION_SCHEDULE,OPSCH-1-00161,MESOP-00161,RESOLVED,2026-09-25T23:59:59-06:00,2026-09-26T08:00:00-06:00,2026-06-29T00:00:00-06:00,,1,,false,ACTIVE,,,VALID,CURRENT,coolit-synthetic-v2.0.0,ALL_SYNTHETIC_CUSTOMERS,ALL_SYNTHETIC_PROGRAMS,CFG-RM-04,SYNTHETIC_INTERNAL,SNP-COOLIT-20260925-BL,SCN-BASELINE,OPSCH-1-00161,SCH-V1,WO-0031,MESOP-00161,10,CELL-ROBOT-01,2026-10-14T07:00:00-06:00,2026-10-14T17:00:00-06:00,161,RACK_MANIFOLD,5,1,true,true,true,OPEN,SUPERSEDED
TEN-COOLIT-SYN-001,SITE-COOLIT-SYN-01,ERP,OPERATION_SCHEDULE,OPSCH-1-00162,MESOP-00162,RESOLVED,2026-09-25T23:59:59-06:00,2026-09-26T08:00:00-06:00,2026-06-29T00:00:00-06:00,,1,,false,ACTIVE,,,VALID,CURRENT,coolit-synthetic-v2.0.0,ALL_SYNTHETIC_CUSTOMERS,ALL_SYNTHETIC_PROGRAMS,CFG-RM-04,SYNTHETIC_INTERNAL,SNP-COOLIT-20260925-BL,SCN-BASELINE,OPSCH-1-00162,SCH-V1,WO-0031,MESOP-00162,20,LINE-RM-01,2026-10-15T07:00:00-06:00,2026-10-15T17:00:00-06:00,162,RACK_MANIFOLD,20,1,true,true,true,OPEN,SUPERSEDED
TEN-COOLIT-SYN-001,SITE-COOLIT-SYN-01,ERP,OPERATION_SCHEDULE,OPSCH-1-00163,MESOP-00163,RESOLVED,2026-09-25T23:59:59-06:00,2026-09-26T08:00:00-06:00,2026-06-29T00:00:00-06:00,,1,,false,ACTIVE,,,VALID,CURRENT,coolit-synthetic-v2.0.0,ALL_SYNTHETIC_CUSTOMERS,ALL_SYNTHETIC_PROGRAMS,CFG-RM-04,SYNTHETIC_INTERNAL,SNP-COOLIT-20260925-BL,SCN-BASELINE,OPSCH-1-00163,SCH-V1,WO-0031,MESOP-00163,30,TEST-LEAK-01,2026-10-16T07:00:00-06:00,2026-10-16T17:00:00-06:00,163,RACK_MANIFOLD,5,1,true,true,true,OPEN,SUPERSEDED
TEN-COOLIT-SYN-001,SITE-COOLIT-SYN-01,ERP,OPERATION_SCHEDULE,OPSCH-1-00164,MESOP-00164,RESOLVED,2026-09-25T23:59:59-06:00,2026-09-26T08:00:00-06:00,2026-06-29T00:00:00-06:00,,1,,false,ACTIVE,,,VALID,CURRENT,coolit-synthetic-v2.0.0,ALL_SYNTHETIC_CUSTOMERS,ALL_SYNTHETIC_PROGRAMS,CFG-RM-04,SYNTHETIC_INTERNAL,SNP-COOLIT-20260925-BL,SCN-BASELINE,OPSCH-1-00164,SCH-V1,WO-0031,MESOP-00164,40,TEST-LEAK-01,2026-10-17T07:00:00-06:00,2026-10-17T17:00:00-06:00,164,RACK_MANIFOLD,5,2,true,true,true,OPEN,SUPERSEDED
TEN-COOLIT-SYN-001,SITE-COOLIT-SYN-01,ERP,OPERATION_SCHEDULE,OPSCH-1-00165,MESOP-00165,RESOLVED,2026-09-25T23:59:59-06:00,2026-09-26T08:00:00-06:00,2026-06-29T00:00:00-06:00,,1,,false,ACTIVE,,,VALID,CURRENT,coolit-synthetic-v2.0.0,ALL_SYNTHETIC_CUSTOMERS,ALL_SYNTHETIC_PROGRAMS,CFG-CPL-03,SYNTHETIC_INTERNAL,SNP-COOLIT-20260925-BL,SCN-BASELINE,OPSCH-1-00165,SCH-V1,WO-0032,MESOP-00165,10,CELL-ROBOT-01,2026-10-18T07:00:00-06:00,2026-10-18T17:00:00-06:00,165,COLDPLATE_LOOP,5,1,true,true,true,OPEN,SUPERSEDED
TEN-COOLIT-SYN-001,SITE-COOLIT-SYN-01,ERP,OPERATION_SCHEDULE,OPSCH-1-00166,MESOP-00166,RESOLVED,2026-09-25T23:59:59-06:00,2026-09-26T08:00:00-06:00,2026-06-29T00:00:00-06:00,,1,,false,ACTIVE,,,VALID,CURRENT,coolit-synthetic-v2.0.0,ALL_SYNTHETIC_CUSTOMERS,ALL_SYNTHETIC_PROGRAMS,CFG-CPL-03,SYNTHETIC_INTERNAL,SNP-COOLIT-20260925-BL,SCN-BASELINE,OPSCH-1-00166,SCH-V1,WO-0032,MESOP-00166,20,LINE-CPL-01,2026-10-19T07:00:00-06:00,2026-10-19T17:00:00-06:00,166,COLDPLATE_LOOP,20,1,true,true,true,OPEN,SUPERSEDED
TEN-COOLIT-SYN-001,SITE-COOLIT-SYN-01,ERP,OPERATION_SCHEDULE,OPSCH-1-00167,MESOP-00167,RESOLVED,2026-09-25T23:59:59-06:00,2026-09-26T08:00:00-06:00,2026-06-29T00:00:00-06:00,,1,,false,ACTIVE,,,VALID,CURRENT,coolit-synthetic-v2.0.0,ALL_SYNTHETIC_CUSTOMERS,ALL_SYNTHETIC_PROGRAMS,CFG-CPL-03,SYNTHETIC_INTERNAL,SNP-COOLIT-20260925-BL,SCN-BASELINE,OPSCH-1-00167,SCH-V1,WO-0032,MESOP-00167,30,TEST-LEAK-01,2026-10-20T07:00:00-06:00,2026-10-20T17:00:00-06:00,167,COLDPLATE_LOOP,5,1,true,true,true,OPEN,SUPERSEDED
TEN-COOLIT-SYN-001,SITE-COOLIT-SYN-01,ERP,OPERATION_SCHEDULE,OPSCH-1-00168,MESOP-00168,RESOLVED,2026-09-25T23:59:59-06:00,2026-09-26T08:00:00-06:00,2026-06-29T00:00:00-06:00,,1,,false,ACTIVE,,,VALID,CURRENT,coolit-synthetic-v2.0.0,ALL_SYNTHETIC_CUSTOMERS,ALL_SYNTHETIC_PROGRAMS,CFG-CPL-03,SYNTHETIC_INTERNAL,SNP-COOLIT-20260925-BL,SCN-BASELINE,OPSCH-1-00168,SCH-V1,WO-0032,MESOP-00168,40,TEST-LEAK-01,2026-10-21T07:00:00-06:00,2026-10-21T17:00:00-06:00,168,COLDPLATE_LOOP,5,2,true,true,true,OPEN,SUPERSEDED
TEN-COOLIT-SYN-001,SITE-COOLIT-SYN-01,ERP,OPERATION_SCHEDULE,OPSCH-1-00169,MESOP-00169,RESOLVED,2026-09-25T23:59:59-06:00,2026-09-26T08:00:00-06:00,2026-06-29T00:00:00-06:00,,1,,false,ACTIVE,,,VALID,CURRENT,coolit-synthetic-v2.0.0,ALL_SYNTHETIC_CUSTOMERS,ALL_SYNTHETIC_PROGRAMS,CFG-CDU-02,SYNTHETIC_INTERNAL,SNP-COOLIT-20260925-BL,SCN-BASELINE,OPSCH-1-00169,SCH-V1,WO-0033,MESOP-00169,10,CELL-ROBOT-01,2026-10-22T07:00:00-06:00,2026-10-22T17:00:00-06:00,169,COOLANT_DISTRIBUTION_UNIT,5,1,true,true,true,OPEN,SUPERSEDED
TEN-COOLIT-SYN-001,SITE-COOLIT-SYN-01,ERP,OPERATION_SCHEDULE,OPSCH-1-00170,MESOP-00170,RESOLVED,2026-09-25T23:59:59-06:00,2026-09-26T08:00:00-06:00,2026-06-29T00:00:00-06:00,,1,,false,ACTIVE,,,VALID,CURRENT,coolit-synthetic-v2.0.0,ALL_SYNTHETIC_CUSTOMERS,ALL_SYNTHETIC_PROGRAMS,CFG-CDU-02,SYNTHETIC_INTERNAL,SNP-COOLIT-20260925-BL,SCN-BASELINE,OPSCH-1-00170,SCH-V1,WO-0033,MESOP-00170,20,LINE-CDU-01,2026-10-23T07:00:00-06:00,2026-10-23T17:00:00-06:00,170,COOLANT_DISTRIBUTION_UNIT,20,1,true,true,true,OPEN,SUPERSEDED
TEN-COOLIT-SYN-001,SITE-COOLIT-SYN-01,ERP,OPERATION_SCHEDULE,OPSCH-1-00171,MESOP-00171,RESOLVED,2026-09-25T23:59:59-06:00,2026-09-26T08:00:00-06:00,2026-06-29T00:00:00-06:00,,1,,false,ACTIVE,,,VALID,CURRENT,coolit-synthetic-v2.0.0,ALL_SYNTHETIC_CUSTOMERS,ALL_SYNTHETIC_PROGRAMS,CFG-CDU-02,SYNTHETIC_INTERNAL,SNP-COOLIT-20260925-BL,SCN-BASELINE,OPSCH-1-00171,SCH-V1,WO-0033,MESOP-00171,30,TEST-LEAK-01,2026-10-24T07:00:00-06:00,2026-10-24T17:00:00-06:00,171,COOLANT_DISTRIBUTION_UNIT,5,1,true,true,true,OPEN,SUPERSEDED
TEN-COOLIT-SYN-001,SITE-COOLIT-SYN-01,ERP,OPERATION_SCHEDULE,OPSCH-1-00172,MESOP-00172,RESOLVED,2026-09-25T23:59:59-06:00,2026-09-26T08:00:00-06:00,2026-06-29T00:00:00-06:00,,1,,false,ACTIVE,,,VALID,CURRENT,coolit-synthetic-v2.0.0,ALL_SYNTHETIC_CUSTOMERS,ALL_SYNTHETIC_PROGRAMS,CFG-CDU-02,SYNTHETIC_INTERNAL,SNP-COOLIT-20260925-BL,SCN-BASELINE,OPSCH-1-00172,SCH-V1,WO-0033,MESOP-00172,40,TEST-LEAK-01,2026-10-25T07:00:00-06:00,2026-10-25T17:00:00-06:00,172,COOLANT_DISTRIBUTION_UNIT,5,2,true,true,true,OPEN,SUPERSEDED
TEN-COOLIT-SYN-001,SITE-COOLIT-SYN-01,ERP,OPERATION_SCHEDULE,OPSCH-1-00173,MESOP-00173,RESOLVED,2026-09-25T23:59:59-06:00,2026-09-26T08:00:00-06:00,2026-06-29T00:00:00-06:00,,1,,false,ACTIVE,,,VALID,CURRENT,coolit-synthetic-v2.0.0,ALL_SYNTHETIC_CUSTOMERS,ALL_SYNTHETIC_PROGRAMS,CFG-RM-01,SYNTHETIC_INTERNAL,SNP-COOLIT-20260925-BL,SCN-BASELINE,OPSCH-1-00173,SCH-V1,WO-0034,MESOP-00173,10,CELL-ROBOT-01,2026-10-26T07:00:00-06:00,2026-10-26T17:00:00-06:00,173,RACK_MANIFOLD,5,1,true,true,true,OPEN,SUPERSEDED
TEN-COOLIT-SYN-001,SITE-COOLIT-SYN-01,ERP,OPERATION_SCHEDULE,OPSCH-1-00174,MESOP-00174,RESOLVED,2026-09-25T23:59:59-06:00,2026-09-26T08:00:00-06:00,2026-06-29T00:00:00-06:00,,1,,false,ACTIVE,,,VALID,CURRENT,coolit-synthetic-v2.0.0,ALL_SYNTHETIC_CUSTOMERS,ALL_SYNTHETIC_PROGRAMS,CFG-RM-01,SYNTHETIC_INTERNAL,SNP-COOLIT-20260925-BL,SCN-BASELINE,OPSCH-1-00174,SCH-V1,WO-0034,MESOP-00174,20,LINE-RM-01,2026-10-27T07:00:00-06:00,2026-10-27T17:00:00-06:00,174,RACK_MANIFOLD,20,1,true,true,true,OPEN,SUPERSEDED
TEN-COOLIT-SYN-001,SITE-COOLIT-SYN-01,ERP,OPERATION_SCHEDULE,OPSCH-1-00175,MESOP-00175,RESOLVED,2026-09-25T23:59:59-06:00,2026-09-26T08:00:00-06:00,2026-06-29T00:00:00-06:00,,1,,false,ACTIVE,,,VALID,CURRENT,coolit-synthetic-v2.0.0,ALL_SYNTHETIC_CUSTOMERS,ALL_SYNTHETIC_PROGRAMS,CFG-RM-01,SYNTHETIC_INTERNAL,SNP-COOLIT-20260925-BL,SCN-BASELINE,OPSCH-1-00175,SCH-V1,WO-0034,MESOP-00175,30,TEST-LEAK-01,2026-10-28T07:00:00-06:00,2026-10-28T17:00:00-06:00,175,RACK_MANIFOLD,5,1,false,true,true,OPEN,SUPERSEDED
TEN-COOLIT-SYN-001,SITE-COOLIT-SYN-01,ERP,OPERATION_SCHEDULE,OPSCH-1-00176,MESOP-00176,RESOLVED,2026-09-25T23:59:59-06:00,2026-09-26T08:00:00-06:00,2026-06-29T00:00:00-06:00,,1,,false,ACTIVE,,,VALID,CURRENT,coolit-synthetic-v2.0.0,ALL_SYNTHETIC_CUSTOMERS,ALL_SYNTHETIC_PROGRAMS,CFG-RM-01,SYNTHETIC_INTERNAL,SNP-COOLIT-20260925-BL,SCN-BASELINE,OPSCH-1-00176,SCH-V1,WO-0034,MESOP-00176,40,TEST-LEAK-01,2026-10-29T07:00:00-06:00,2026-10-29T17:00:00-06:00,176,RACK_MANIFOLD,5,2,true,true,true,OPEN,SUPERSEDED
TEN-COOLIT-SYN-001,SITE-COOLIT-SYN-01,ERP,OPERATION_SCHEDULE,OPSCH-1-00177,MESOP-00177,RESOLVED,2026-09-25T23:59:59-06:00,2026-09-26T08:00:00-06:00,2026-06-29T00:00:00-06:00,,1,,false,ACTIVE,,,VALID,CURRENT,coolit-synthetic-v2.0.0,ALL_SYNTHETIC_CUSTOMERS,ALL_SYNTHETIC_PROGRAMS,CFG-CDU-04,SYNTHETIC_INTERNAL,SNP-COOLIT-20260925-BL,SCN-BASELINE,OPSCH-1-00177,SCH-V1,WO-0035,MESOP-00177,10,CELL-ROBOT-01,2026-10-30T07:00:00-06:00,2026-10-30T17:00:00-06:00,177,COOLANT_DISTRIBUTION_UNIT,5,1,true,true,true,OPEN,SUPERSEDED
TEN-COOLIT-SYN-001,SITE-COOLIT-SYN-01,ERP,OPERATION_SCHEDULE,OPSCH-1-00178,MESOP-00178,RESOLVED,2026-09-25T23:59:59-06:00,2026-09-26T08:00:00-06:00,2026-06-29T00:00:00-06:00,,1,,false,ACTIVE,,,VALID,CURRENT,coolit-synthetic-v2.0.0,ALL_SYNTHETIC_CUSTOMERS,ALL_SYNTHETIC_PROGRAMS,CFG-CDU-04,SYNTHETIC_INTERNAL,SNP-COOLIT-20260925-BL,SCN-BASELINE,OPSCH-1-00178,SCH-V1,WO-0035,MESOP-00178,20,LINE-CDU-01,2026-10-31T07:00:00-06:00,2026-10-31T17:00:00-06:00,178,COOLANT_DISTRIBUTION_UNIT,20,1,true,true,true,OPEN,SUPERSEDED
TEN-COOLIT-SYN-001,SITE-COOLIT-SYN-01,ERP,OPERATION_SCHEDULE,OPSCH-1-00179,MESOP-00179,RESOLVED,2026-09-25T23:59:59-06:00,2026-09-26T08:00:00-06:00,2026-06-29T00:00:00-06:00,,1,,false,ACTIVE,,,VALID,CURRENT,coolit-synthetic-v2.0.0,ALL_SYNTHETIC_CUSTOMERS,ALL_SYNTHETIC_PROGRAMS,CFG-CDU-04,SYNTHETIC_INTERNAL,SNP-COOLIT-20260925-BL,SCN-BASELINE,OPSCH-1-00179,SCH-V1,WO-0035,MESOP-00179,30,TEST-LEAK-01,2026-11-01T07:00:00-06:00,2026-11-01T17:00:00-06:00,179,COOLANT_DISTRIBUTION_UNIT,5,1,true,true,true,OPEN,SUPERSEDED
TEN-COOLIT-SYN-001,SITE-COOLIT-SYN-01,ERP,OPERATION_SCHEDULE,OPSCH-1-00180,MESOP-00180,RESOLVED,2026-09-25T23:59:59-06:00,2026-09-26T08:00:00-06:00,2026-06-29T00:00:00-06:00,,1,,false,ACTIVE,,,VALID,CURRENT,coolit-synthetic-v2.0.0,ALL_SYNTHETIC_CUSTOMERS,ALL_SYNTHETIC_PROGRAMS,CFG-CDU-04,SYNTHETIC_INTERNAL,SNP-COOLIT-20260925-BL,SCN-BASELINE,OPSCH-1-00180,SCH-V1,WO-0035,MESOP-00180,40,TEST-LEAK-01,2026-11-02T07:00:00-06:00,2026-11-02T17:00:00-06:00,180,COOLANT_DISTRIBUTION_UNIT,5,2,true,true,true,OPEN,SUPERSEDED
TEN-COOLIT-SYN-001,SITE-COOLIT-SYN-01,ERP,OPERATION_SCHEDULE,OPSCH-1-00181,MESOP-00181,RESOLVED,2026-09-25T23:59:59-06:00,2026-09-26T08:00:00-06:00,2026-06-29T00:00:00-06:00,,1,,false,ACTIVE,,,VALID,CURRENT,coolit-synthetic-v2.0.0,ALL_SYNTHETIC_CUSTOMERS,ALL_SYNTHETIC_PROGRAMS,CFG-RM-03,SYNTHETIC_INTERNAL,SNP-COOLIT-20260925-BL,SCN-BASELINE,OPSCH-1-00181,SCH-V1,WO-0036,MESOP-00181,10,CELL-ROBOT-01,2026-11-03T07:00:00-06:00,2026-11-03T17:00:00-06:00,181,RACK_MANIFOLD,5,1,true,true,true,OPEN,SUPERSEDED
TEN-COOLIT-SYN-001,SITE-COOLIT-SYN-01,ERP,OPERATION_SCHEDULE,OPSCH-1-00182,MESOP-00182,RESOLVED,2026-09-25T23:59:59-06:00,2026-09-26T08:00:00-06:00,2026-06-29T00:00:00-06:00,,1,,false,ACTIVE,,,VALID,CURRENT,coolit-synthetic-v2.0.0,ALL_SYNTHETIC_CUSTOMERS,ALL_SYNTHETIC_PROGRAMS,CFG-RM-03,SYNTHETIC_INTERNAL,SNP-COOLIT-20260925-BL,SCN-BASELINE,OPSCH-1-00182,SCH-V1,WO-0036,MESOP-00182,20,LINE-RM-01,2026-11-04T07:00:00-06:00,2026-11-04T17:00:00-06:00,182,RACK_MANIFOLD,20,1,true,true,true,OPEN,SUPERSEDED
TEN-COOLIT-SYN-001,SITE-COOLIT-SYN-01,ERP,OPERATION_SCHEDULE,OPSCH-1-00183,MESOP-00183,RESOLVED,2026-09-25T23:59:59-06:00,2026-09-26T08:00:00-06:00,2026-06-29T00:00:00-06:00,,1,,false,ACTIVE,,,VALID,CURRENT,coolit-synthetic-v2.0.0,ALL_SYNTHETIC_CUSTOMERS,ALL_SYNTHETIC_PROGRAMS,CFG-RM-03,SYNTHETIC_INTERNAL,SNP-COOLIT-20260925-BL,SCN-BASELINE,OPSCH-1-00183,SCH-V1,WO-0036,MESOP-00183,30,TEST-LEAK-01,2026-11-05T07:00:00-06:00,2026-11-05T17:00:00-06:00,183,RACK_MANIFOLD,5,1,true,true,true,OPEN,SUPERSEDED
TEN-COOLIT-SYN-001,SITE-COOLIT-SYN-01,ERP,OPERATION_SCHEDULE,OPSCH-1-00184,MESOP-00184,RESOLVED,2026-09-25T23:59:59-06:00,2026-09-26T08:00:00-06:00,2026-06-29T00:00:00-06:00,,1,,false,ACTIVE,,,VALID,CURRENT,coolit-synthetic-v2.0.0,ALL_SYNTHETIC_CUSTOMERS,ALL_SYNTHETIC_PROGRAMS,CFG-RM-03,SYNTHETIC_INTERNAL,SNP-COOLIT-20260925-BL,SCN-BASELINE,OPSCH-1-00184,SCH-V1,WO-0036,MESOP-00184,40,TEST-LEAK-01,2026-11-06T07:00:00-06:00,2026-11-06T17:00:00-06:00,184,RACK_MANIFOLD,5,2,true,true,true,OPEN,SUPERSEDED
TEN-COOLIT-SYN-001,SITE-COOLIT-SYN-01,ERP,OPERATION_SCHEDULE,OPSCH-1-00185,MESOP-00185,RESOLVED,2026-09-25T23:59:59-06:00,2026-09-26T08:00:00-06:00,2026-06-29T00:00:00-06:00,,1,,false,ACTIVE,,,VALID,CURRENT,coolit-synthetic-v2.0.0,ALL_SYNTHETIC_CUSTOMERS,ALL_SYNTHETIC_PROGRAMS,CFG-CPL-02,SYNTHETIC_INTERNAL,SNP-COOLIT-20260925-BL,SCN-BASELINE,OPSCH-1-00185,SCH-V1,WO-0037,MESOP-00185,10,CELL-ROBOT-01,2026-11-07T07:00:00-06:00,2026-11-07T17:00:00-06:00,185,COLDPLATE_LOOP,5,1,true,true,true,OPEN,SUPERSEDED
TEN-COOLIT-SYN-001,SITE-COOLIT-SYN-01,ERP,OPERATION_SCHEDULE,OPSCH-1-00186,MESOP-00186,RESOLVED,2026-09-25T23:59:59-06:00,2026-09-26T08:00:00-06:00,2026-06-29T00:00:00-06:00,,1,,false,ACTIVE,,,VALID,CURRENT,coolit-synthetic-v2.0.0,ALL_SYNTHETIC_CUSTOMERS,ALL_SYNTHETIC_PROGRAMS,CFG-CPL-02,SYNTHETIC_INTERNAL,SNP-COOLIT-20260925-BL,SCN-BASELINE,OPSCH-1-00186,SCH-V1,WO-0037,MESOP-00186,20,LINE-CPL-01,2026-11-08T07:00:00-06:00,2026-11-08T17:00:00-06:00,186,COLDPLATE_LOOP,20,1,true,true,true,OPEN,SUPERSEDED
TEN-COOLIT-SYN-001,SITE-COOLIT-SYN-01,ERP,OPERATION_SCHEDULE,OPSCH-1-00187,MESOP-00187,RESOLVED,2026-09-25T23:59:59-06:00,2026-09-26T08:00:00-06:00,2026-06-29T00:00:00-06:00,,1,,false,ACTIVE,,,VALID,CURRENT,coolit-synthetic-v2.0.0,ALL_SYNTHETIC_CUSTOMERS,ALL_SYNTHETIC_PROGRAMS,CFG-CPL-02,SYNTHETIC_INTERNAL,SNP-COOLIT-20260925-BL,SCN-BASELINE,OPSCH-1-00187,SCH-V1,WO-0037,MESOP-00187,30,TEST-LEAK-01,2026-11-09T07:00:00-06:00,2026-11-09T17:00:00-06:00,187,COLDPLATE_LOOP,5,1,true,false,true,OPEN,SUPERSEDED
TEN-COOLIT-SYN-001,SITE-COOLIT-SYN-01,ERP,OPERATION_SCHEDULE,OPSCH-1-00188,MESOP-00188,RESOLVED,2026-09-25T23:59:59-06:00,2026-09-26T08:00:00-06:00,2026-06-29T00:00:00-06:00,,1,,false,ACTIVE,,,VALID,CURRENT,coolit-synthetic-v2.0.0,ALL_SYNTHETIC_CUSTOMERS,ALL_SYNTHETIC_PROGRAMS,CFG-CPL-02,SYNTHETIC_INTERNAL,SNP-COOLIT-20260925-BL,SCN-BASELINE,OPSCH-1-00188,SCH-V1,WO-0037,MESOP-00188,40,TEST-LEAK-01,2026-11-10T07:00:00-06:00,2026-11-10T17:00:00-06:00,188,COLDPLATE_LOOP,5,2,true,true,true,OPEN,SUPERSEDED
TEN-COOLIT-SYN-001,SITE-COOLIT-SYN-01,ERP,OPERATION_SCHEDULE,OPSCH-1-00189,MESOP-00189,RESOLVED,2026-09-25T23:59:59-06:00,2026-09-26T08:00:00-06:00,2026-06-29T00:00:00-06:00,,1,,false,ACTIVE,,,VALID,CURRENT,coolit-synthetic-v2.0.0,ALL_SYNTHETIC_CUSTOMERS,ALL_SYNTHETIC_PROGRAMS,CFG-CDU-01,SYNTHETIC_INTERNAL,SNP-COOLIT-20260925-BL,SCN-BASELINE,OPSCH-1-00189,SCH-V1,WO-0038,MESOP-00189,10,CELL-ROBOT-01,2026-11-11T07:00:00-06:00,2026-11-11T17:00:00-06:00,189,COOLANT_DISTRIBUTION_UNIT,5,1,true,true,true,OPEN,SUPERSEDED
TEN-COOLIT-SYN-001,SITE-COOLIT-SYN-01,ERP,OPERATION_SCHEDULE,OPSCH-1-00190,MESOP-00190,RESOLVED,2026-09-25T23:59:59-06:00,2026-09-26T08:00:00-06:00,2026-06-29T00:00:00-06:00,,1,,false,ACTIVE,,,VALID,CURRENT,coolit-synthetic-v2.0.0,ALL_SYNTHETIC_CUSTOMERS,ALL_SYNTHETIC_PROGRAMS,CFG-CDU-01,SYNTHETIC_INTERNAL,SNP-COOLIT-20260925-BL,SCN-BASELINE,OPSCH-1-00190,SCH-V1,WO-0038,MESOP-00190,20,LINE-CDU-01,2026-11-12T07:00:00-06:00,2026-11-12T17:00:00-06:00,190,COOLANT_DISTRIBUTION_UNIT,20,1,true,true,true,OPEN,SUPERSEDED
TEN-COOLIT-SYN-001,SITE-COOLIT-SYN-01,ERP,OPERATION_SCHEDULE,OPSCH-1-00191,MESOP-00191,RESOLVED,2026-09-25T23:59:59-06:00,2026-09-26T08:00:00-06:00,2026-06-29T00:00:00-06:00,,1,,false,ACTIVE,,,VALID,CURRENT,coolit-synthetic-v2.0.0,ALL_SYNTHETIC_CUSTOMERS,ALL_SYNTHETIC_PROGRAMS,CFG-CDU-01,SYNTHETIC_INTERNAL,SNP-COOLIT-20260925-BL,SCN-BASELINE,OPSCH-1-00191,SCH-V1,WO-0038,MESOP-00191,30,TEST-LEAK-01,2026-11-13T07:00:00-06:00,2026-11-13T17:00:00-06:00,191,COOLANT_DISTRIBUTION_UNIT,5,1,true,true,true,OPEN,SUPERSEDED
TEN-COOLIT-SYN-001,SITE-COOLIT-SYN-01,ERP,OPERATION_SCHEDULE,OPSCH-1-00192,MESOP-00192,RESOLVED,2026-09-25T23:59:59-06:00,2026-09-26T08:00:00-06:00,2026-06-29T00:00:00-06:00,,1,,false,ACTIVE,,,VALID,CURRENT,coolit-synthetic-v2.0.0,ALL_SYNTHETIC_CUSTOMERS,ALL_SYNTHETIC_PROGRAMS,CFG-CDU-01,SYNTHETIC_INTERNAL,SNP-COOLIT-20260925-BL,SCN-BASELINE,OPSCH-1-00192,SCH-V1,WO-0038,MESOP-00192,40,TEST-LEAK-01,2026-11-14T07:00:00-06:00,2026-11-14T17:00:00-06:00,192,COOLANT_DISTRIBUTION_UNIT,5,2,true,true,true,OPEN,SUPERSEDED
TEN-COOLIT-SYN-001,SITE-COOLIT-SYN-01,ERP,OPERATION_SCHEDULE,OPSCH-1-00193,MESOP-00193,RESOLVED,2026-09-25T23:59:59-06:00,2026-09-26T08:00:00-06:00,2026-06-29T00:00:00-06:00,,1,,false,ACTIVE,,,VALID,CURRENT,coolit-synthetic-v2.0.0,ALL_SYNTHETIC_CUSTOMERS,ALL_SYNTHETIC_PROGRAMS,CFG-CPL-04,SYNTHETIC_INTERNAL,SNP-COOLIT-20260925-BL,SCN-BASELINE,OPSCH-1-00193,SCH-V1,WO-0039,MESOP-00193,10,CELL-ROBOT-01,2026-11-15T07:00:00-06:00,2026-11-15T17:00:00-06:00,193,COLDPLATE_LOOP,5,1,true,true,true,OPEN,SUPERSEDED
TEN-COOLIT-SYN-001,SITE-COOLIT-SYN-01,ERP,OPERATION_SCHEDULE,OPSCH-1-00194,MESOP-00194,RESOLVED,2026-09-25T23:59:59-06:00,2026-09-26T08:00:00-06:00,2026-06-29T00:00:00-06:00,,1,,false,ACTIVE,,,VALID,CURRENT,coolit-synthetic-v2.0.0,ALL_SYNTHETIC_CUSTOMERS,ALL_SYNTHETIC_PROGRAMS,CFG-CPL-04,SYNTHETIC_INTERNAL,SNP-COOLIT-20260925-BL,SCN-BASELINE,OPSCH-1-00194,SCH-V1,WO-0039,MESOP-00194,20,LINE-CPL-01,2026-11-16T07:00:00-06:00,2026-11-16T17:00:00-06:00,194,COLDPLATE_LOOP,20,1,true,true,true,OPEN,SUPERSEDED
TEN-COOLIT-SYN-001,SITE-COOLIT-SYN-01,ERP,OPERATION_SCHEDULE,OPSCH-1-00195,MESOP-00195,RESOLVED,2026-09-25T23:59:59-06:00,2026-09-26T08:00:00-06:00,2026-06-29T00:00:00-06:00,,1,,false,ACTIVE,,,VALID,CURRENT,coolit-synthetic-v2.0.0,ALL_SYNTHETIC_CUSTOMERS,ALL_SYNTHETIC_PROGRAMS,CFG-CPL-04,SYNTHETIC_INTERNAL,SNP-COOLIT-20260925-BL,SCN-BASELINE,OPSCH-1-00195,SCH-V1,WO-0039,MESOP-00195,30,TEST-LEAK-01,2026-11-17T07:00:00-06:00,2026-11-17T17:00:00-06:00,195,COLDPLATE_LOOP,5,1,true,true,true,OPEN,SUPERSEDED
TEN-COOLIT-SYN-001,SITE-COOLIT-SYN-01,ERP,OPERATION_SCHEDULE,OPSCH-1-00196,MESOP-00196,RESOLVED,2026-09-25T23:59:59-06:00,2026-09-26T08:00:00-06:00,2026-06-29T00:00:00-06:00,,1,,false,ACTIVE,,,VALID,CURRENT,coolit-synthetic-v2.0.0,ALL_SYNTHETIC_CUSTOMERS,ALL_SYNTHETIC_PROGRAMS,CFG-CPL-04,SYNTHETIC_INTERNAL,SNP-COOLIT-20260925-BL,SCN-BASELINE,OPSCH-1-00196,SCH-V1,WO-0039,MESOP-00196,40,TEST-LEAK-01,2026-11-18T07:00:00-06:00,2026-11-18T17:00:00-06:00,196,COLDPLATE_LOOP,5,2,true,true,true,OPEN,SUPERSEDED
TEN-COOLIT-SYN-001,SITE-COOLIT-SYN-01,ERP,OPERATION_SCHEDULE,OPSCH-1-00197,MESOP-00197,RESOLVED,2026-09-25T23:59:59-06:00,2026-09-26T08:00:00-06:00,2026-06-29T00:00:00-06:00,,1,,false,ACTIVE,,,VALID,CURRENT,coolit-synthetic-v2.0.0,ALL_SYNTHETIC_CUSTOMERS,ALL_SYNTHETIC_PROGRAMS,CFG-CDU-03,SYNTHETIC_INTERNAL,SNP-COOLIT-20260925-BL,SCN-BASELINE,OPSCH-1-00197,SCH-V1,WO-0040,MESOP-00197,10,CELL-ROBOT-01,2026-11-19T07:00:00-06:00,2026-11-19T17:00:00-06:00,197,COOLANT_DISTRIBUTION_UNIT,5,1,true,true,true,OPEN,SUPERSEDED
TEN-COOLIT-SYN-001,SITE-COOLIT-SYN-01,ERP,OPERATION_SCHEDULE,OPSCH-1-00198,MESOP-00198,RESOLVED,2026-09-25T23:59:59-06:00,2026-09-26T08:00:00-06:00,2026-06-29T00:00:00-06:00,,1,,false,ACTIVE,,,VALID,CURRENT,coolit-synthetic-v2.0.0,ALL_SYNTHETIC_CUSTOMERS,ALL_SYNTHETIC_PROGRAMS,CFG-CDU-03,SYNTHETIC_INTERNAL,SNP-COOLIT-20260925-BL,SCN-BASELINE,OPSCH-1-00198,SCH-V1,WO-0040,MESOP-00198,20,LINE-CDU-01,2026-11-20T07:00:00-06:00,2026-11-20T17:00:00-06:00,198,COOLANT_DISTRIBUTION_UNIT,20,1,true,true,true,OPEN,SUPERSEDED
TEN-COOLIT-SYN-001,SITE-COOLIT-SYN-01,ERP,OPERATION_SCHEDULE,OPSCH-1-00199,MESOP-00199,RESOLVED,2026-09-25T23:59:59-06:00,2026-09-26T08:00:00-06:00,2026-06-29T00:00:00-06:00,,1,,false,ACTIVE,,,VALID,CURRENT,coolit-synthetic-v2.0.0,ALL_SYNTHETIC_CUSTOMERS,ALL_SYNTHETIC_PROGRAMS,CFG-CDU-03,SYNTHETIC_INTERNAL,SNP-COOLIT-20260925-BL,SCN-BASELINE,OPSCH-1-00199,SCH-V1,WO-0040,MESOP-00199,30,TEST-LEAK-01,2026-11-21T07:00:00-06:00,2026-11-21T17:00:00-06:00,199,COOLANT_DISTRIBUTION_UNIT,5,1,true,true,true,OPEN,SUPERSEDED
TEN-COOLIT-SYN-001,SITE-COOLIT-SYN-01,ERP,OPERATION_SCHEDULE,OPSCH-1-00200,MESOP-00200,RESOLVED,2026-09-25T23:59:59-06:00,2026-09-26T08:00:00-06:00,2026-06-29T00:00:00-06:00,,1,,false,ACTIVE,,,VALID,CURRENT,coolit-synthetic-v2.0.0,ALL_SYNTHETIC_CUSTOMERS,ALL_SYNTHETIC_PROGRAMS,CFG-CDU-03,SYNTHETIC_INTERNAL,SNP-COOLIT-20260925-BL,SCN-BASELINE,OPSCH-1-00200,SCH-V1,WO-0040,MESOP-00200,40,TEST-LEAK-01,2026-11-22T07:00:00-06:00,2026-11-22T17:00:00-06:00,200,COOLANT_DISTRIBUTION_UNIT,5,2,true,true,true,OPEN,SUPERSEDED
TEN-COOLIT-SYN-001,SITE-COOLIT-SYN-01,ERP,OPERATION_SCHEDULE,OPSCH-2-00001,MESOP-00001,RESOLVED,2026-09-25T23:59:59-06:00,2026-09-26T08:00:00-06:00,2026-06-29T00:00:00-06:00,,2,OPSCH-1-00001,false,ACTIVE,,,VALID,CURRENT,coolit-synthetic-v2.0.0,ALL_SYNTHETIC_CUSTOMERS,ALL_SYNTHETIC_PROGRAMS,CFG-CPL-02,SYNTHETIC_INTERNAL,SNP-COOLIT-20260925-BL,SCN-BASELINE,OPSCH-2-00001,SCH-V2,WO-0001,MESOP-00001,10,CELL-ROBOT-01,2026-06-29T07:00:00-06:00,2026-06-29T17:00:00-06:00,1,COLDPLATE_LOOP,5,1,false,false,true,FROZEN,SUPERSEDED
TEN-COOLIT-SYN-001,SITE-COOLIT-SYN-01,ERP,OPERATION_SCHEDULE,OPSCH-2-00002,MESOP-00002,RESOLVED,2026-09-25T23:59:59-06:00,2026-09-26T08:00:00-06:00,2026-06-29T00:00:00-06:00,,2,OPSCH-1-00002,false,ACTIVE,,,VALID,CURRENT,coolit-synthetic-v2.0.0,ALL_SYNTHETIC_CUSTOMERS,ALL_SYNTHETIC_PROGRAMS,CFG-CPL-02,SYNTHETIC_INTERNAL,SNP-COOLIT-20260925-BL,SCN-BASELINE,OPSCH-2-00002,SCH-V2,WO-0001,MESOP-00002,20,LINE-CPL-01,2026-06-30T07:00:00-06:00,2026-06-30T17:00:00-06:00,2,COLDPLATE_LOOP,20,1,true,true,true,FROZEN,SUPERSEDED
TEN-COOLIT-SYN-001,SITE-COOLIT-SYN-01,ERP,OPERATION_SCHEDULE,OPSCH-2-00003,MESOP-00003,RESOLVED,2026-09-25T23:59:59-06:00,2026-09-26T08:00:00-06:00,2026-06-29T00:00:00-06:00,,2,OPSCH-1-00003,false,ACTIVE,,,VALID,CURRENT,coolit-synthetic-v2.0.0,ALL_SYNTHETIC_CUSTOMERS,ALL_SYNTHETIC_PROGRAMS,CFG-CPL-02,SYNTHETIC_INTERNAL,SNP-COOLIT-20260925-BL,SCN-BASELINE,OPSCH-2-00003,SCH-V2,WO-0001,MESOP-00003,30,TEST-LEAK-01,2026-07-01T07:00:00-06:00,2026-07-01T17:00:00-06:00,3,COLDPLATE_LOOP,5,1,true,true,true,FROZEN,SUPERSEDED
TEN-COOLIT-SYN-001,SITE-COOLIT-SYN-01,ERP,OPERATION_SCHEDULE,OPSCH-2-00004,MESOP-00004,RESOLVED,2026-09-25T23:59:59-06:00,2026-09-26T08:00:00-06:00,2026-06-29T00:00:00-06:00,,2,OPSCH-1-00004,false,ACTIVE,,,VALID,CURRENT,coolit-synthetic-v2.0.0,ALL_SYNTHETIC_CUSTOMERS,ALL_SYNTHETIC_PROGRAMS,CFG-CPL-02,SYNTHETIC_INTERNAL,SNP-COOLIT-20260925-BL,SCN-BASELINE,OPSCH-2-00004,SCH-V2,WO-0001,MESOP-00004,40,TEST-LEAK-01,2026-07-02T07:00:00-06:00,2026-07-02T17:00:00-06:00,4,COLDPLATE_LOOP,5,2,true,true,true,FROZEN,SUPERSEDED
TEN-COOLIT-SYN-001,SITE-COOLIT-SYN-01,ERP,OPERATION_SCHEDULE,OPSCH-2-00005,MESOP-00005,RESOLVED,2026-09-25T23:59:59-06:00,2026-09-26T08:00:00-06:00,2026-06-29T00:00:00-06:00,,2,OPSCH-1-00005,false,ACTIVE,,,VALID,CURRENT,coolit-synthetic-v2.0.0,ALL_SYNTHETIC_CUSTOMERS,ALL_SYNTHETIC_PROGRAMS,CFG-CPL-02,SYNTHETIC_INTERNAL,SNP-COOLIT-20260925-BL,SCN-BASELINE,OPSCH-2-00005,SCH-V2,WO-0001,MESOP-00005,50,TEST-FUNC-01,2026-07-03T07:00:00-06:00,2026-07-03T17:00:00-06:00,5,COLDPLATE_LOOP,5,2,true,true,true,FROZEN,SUPERSEDED
TEN-COOLIT-SYN-001,SITE-COOLIT-SYN-01,ERP,OPERATION_SCHEDULE,OPSCH-2-00006,MESOP-00006,RESOLVED,2026-09-25T23:59:59-06:00,2026-09-26T08:00:00-06:00,2026-06-29T00:00:00-06:00,,2,OPSCH-1-00006,false,ACTIVE,,,VALID,CURRENT,coolit-synthetic-v2.0.0,ALL_SYNTHETIC_CUSTOMERS,ALL_SYNTHETIC_PROGRAMS,CFG-CPL-02,SYNTHETIC_INTERNAL,SNP-COOLIT-20260925-BL,SCN-BASELINE,OPSCH-2-00006,SCH-V2,WO-0001,MESOP-00006,60,LINE-CPL-01,2026-07-04T07:00:00-06:00,2026-07-04T17:00:00-06:00,6,COLDPLATE_LOOP,5,2,true,true,true,FROZEN,SUPERSEDED
TEN-COOLIT-SYN-001,SITE-COOLIT-SYN-01,ERP,OPERATION_SCHEDULE,OPSCH-2-00007,MESOP-00007,RESOLVED,2026-09-25T23:59:59-06:00,2026-09-26T08:00:00-06:00,2026-06-29T00:00:00-06:00,,2,OPSCH-1-00007,false,ACTIVE,,,VALID,CURRENT,coolit-synthetic-v2.0.0,ALL_SYNTHETIC_CUSTOMERS,ALL_SYNTHETIC_PROGRAMS,CFG-CDU-01,SYNTHETIC_INTERNAL,SNP-COOLIT-20260925-BL,SCN-BASELINE,OPSCH-2-00007,SCH-V2,WO-0002,MESOP-00007,10,CELL-ROBOT-01,2026-07-02T07:00:00-06:00,2026-07-02T17:00:00-06:00,7,COOLANT_DISTRIBUTION_UNIT,5,1,true,true,true,FROZEN,SUPERSEDED
TEN-COOLIT-SYN-001,SITE-COOLIT-SYN-01,ERP,OPERATION_SCHEDULE,OPSCH-2-00008,MESOP-00008,RESOLVED,2026-09-25T23:59:59-06:00,2026-09-26T08:00:00-06:00,2026-06-29T00:00:00-06:00,,2,OPSCH-1-00008,false,ACTIVE,,,VALID,CURRENT,coolit-synthetic-v2.0.0,ALL_SYNTHETIC_CUSTOMERS,ALL_SYNTHETIC_PROGRAMS,CFG-CDU-01,SYNTHETIC_INTERNAL,SNP-COOLIT-20260925-BL,SCN-BASELINE,OPSCH-2-00008,SCH-V2,WO-0002,MESOP-00008,20,LINE-CDU-01,2026-07-03T07:00:00-06:00,2026-07-03T17:00:00-06:00,8,COOLANT_DISTRIBUTION_UNIT,20,1,true,true,true,FROZEN,SUPERSEDED
TEN-COOLIT-SYN-001,SITE-COOLIT-SYN-01,ERP,OPERATION_SCHEDULE,OPSCH-2-00009,MESOP-00009,RESOLVED,2026-09-25T23:59:59-06:00,2026-09-26T08:00:00-06:00,2026-06-29T00:00:00-06:00,,2,OPSCH-1-00009,false,ACTIVE,,,VALID,CURRENT,coolit-synthetic-v2.0.0,ALL_SYNTHETIC_CUSTOMERS,ALL_SYNTHETIC_PROGRAMS,CFG-CDU-01,SYNTHETIC_INTERNAL,SNP-COOLIT-20260925-BL,SCN-BASELINE,OPSCH-2-00009,SCH-V2,WO-0002,MESOP-00009,30,TEST-LEAK-01,2026-07-04T07:00:00-06:00,2026-07-04T17:00:00-06:00,9,COOLANT_DISTRIBUTION_UNIT,5,1,true,true,true,FROZEN,SUPERSEDED
TEN-COOLIT-SYN-001,SITE-COOLIT-SYN-01,ERP,OPERATION_SCHEDULE,OPSCH-2-00010,MESOP-00010,RESOLVED,2026-09-25T23:59:59-06:00,2026-09-26T08:00:00-06:00,2026-06-29T00:00:00-06:00,,2,OPSCH-1-00010,false,ACTIVE,,,VALID,CURRENT,coolit-synthetic-v2.0.0,ALL_SYNTHETIC_CUSTOMERS,ALL_SYNTHETIC_PROGRAMS,CFG-CDU-01,SYNTHETIC_INTERNAL,SNP-COOLIT-20260925-BL,SCN-BASELINE,OPSCH-2-00010,SCH-V2,WO-0002,MESOP-00010,40,TEST-LEAK-01,2026-07-05T07:00:00-06:00,2026-07-05T17:00:00-06:00,10,COOLANT_DISTRIBUTION_UNIT,5,2,true,true,true,FROZEN,SUPERSEDED
TEN-COOLIT-SYN-001,SITE-COOLIT-SYN-01,ERP,OPERATION_SCHEDULE,OPSCH-2-00011,MESOP-00011,RESOLVED,2026-09-25T23:59:59-06:00,2026-09-26T08:00:00-06:00,2026-06-29T00:00:00-06:00,,2,OPSCH-1-00011,false,ACTIVE,,,VALID,CURRENT,coolit-synthetic-v2.0.0,ALL_SYNTHETIC_CUSTOMERS,ALL_SYNTHETIC_PROGRAMS,CFG-CDU-01,SYNTHETIC_INTERNAL,SNP-COOLIT-20260925-BL,SCN-BASELINE,OPSCH-2-00011,SCH-V2,WO-0002,MESOP-00011,50,TEST-FUNC-01,2026-07-06T07:00:00-06:00,2026-07-06T17:00:00-06:00,11,COOLANT_DISTRIBUTION_UNIT,5,2,true,true,true,FROZEN,SUPERSEDED
TEN-COOLIT-SYN-001,SITE-COOLIT-SYN-01,ERP,OPERATION_SCHEDULE,OPSCH-2-00012,MESOP-00012,RESOLVED,2026-09-25T23:59:59-06:00,2026-09-26T08:00:00-06:00,2026-06-29T00:00:00-06:00,,2,OPSCH-1-00012,false,ACTIVE,,,VALID,CURRENT,coolit-synthetic-v2.0.0,ALL_SYNTHETIC_CUSTOMERS,ALL_SYNTHETIC_PROGRAMS,CFG-CDU-01,SYNTHETIC_INTERNAL,SNP-COOLIT-20260925-BL,SCN-BASELINE,OPSCH-2-00012,SCH-V2,WO-0002,MESOP-00012,60,LINE-CDU-01,2026-07-07T07:00:00-06:00,2026-07-07T17:00:00-06:00,12,COOLANT_DISTRIBUTION_UNIT,5,2,true,true,true,FROZEN,SUPERSEDED
TEN-COOLIT-SYN-001,SITE-COOLIT-SYN-01,ERP,OPERATION_SCHEDULE,OPSCH-2-00013,MESOP-00013,RESOLVED,2026-09-25T23:59:59-06:00,2026-09-26T08:00:00-06:00,2026-06-29T00:00:00-06:00,,2,OPSCH-1-00013,false,ACTIVE,,,VALID,CURRENT,coolit-synthetic-v2.0.0,ALL_SYNTHETIC_CUSTOMERS,ALL_SYNTHETIC_PROGRAMS,CFG-CPL-04,SYNTHETIC_INTERNAL,SNP-COOLIT-20260925-BL,SCN-BASELINE,OPSCH-2-00013,SCH-V2,WO-0003,MESOP-00013,10,CELL-ROBOT-01,2026-07-05T07:00:00-06:00,2026-07-05T17:00:00-06:00,13,COLDPLATE_LOOP,5,1,true,true,true,FROZEN,SUPERSEDED
TEN-COOLIT-SYN-001,SITE-COOLIT-SYN-01,ERP,OPERATION_SCHEDULE,OPSCH-2-00014,MESOP-00014,RESOLVED,2026-09-25T23:59:59-06:00,2026-09-26T08:00:00-06:00,2026-06-29T00:00:00-06:00,,2,OPSCH-1-00014,false,ACTIVE,,,VALID,CURRENT,coolit-synthetic-v2.0.0,ALL_SYNTHETIC_CUSTOMERS,ALL_SYNTHETIC_PROGRAMS,CFG-CPL-04,SYNTHETIC_INTERNAL,SNP-COOLIT-20260925-BL,SCN-BASELINE,OPSCH-2-00014,SCH-V2,WO-0003,MESOP-00014,20,LINE-CPL-01,2026-07-06T07:00:00-06:00,2026-07-06T17:00:00-06:00,14,COLDPLATE_LOOP,20,1,true,true,true,FROZEN,SUPERSEDED
TEN-COOLIT-SYN-001,SITE-COOLIT-SYN-01,ERP,OPERATION_SCHEDULE,OPSCH-2-00015,MESOP-00015,RESOLVED,2026-09-25T23:59:59-06:00,2026-09-26T08:00:00-06:00,2026-06-29T00:00:00-06:00,,2,OPSCH-1-00015,false,ACTIVE,,,VALID,CURRENT,coolit-synthetic-v2.0.0,ALL_SYNTHETIC_CUSTOMERS,ALL_SYNTHETIC_PROGRAMS,CFG-CPL-04,SYNTHETIC_INTERNAL,SNP-COOLIT-20260925-BL,SCN-BASELINE,OPSCH-2-00015,SCH-V2,WO-0003,MESOP-00015,30,TEST-LEAK-01,2026-07-07T07:00:00-06:00,2026-07-07T17:00:00-06:00,15,COLDPLATE_LOOP,5,1,true,true,true,FROZEN,SUPERSEDED
TEN-COOLIT-SYN-001,SITE-COOLIT-SYN-01,ERP,OPERATION_SCHEDULE,OPSCH-2-00016,MESOP-00016,RESOLVED,2026-09-25T23:59:59-06:00,2026-09-26T08:00:00-06:00,2026-06-29T00:00:00-06:00,,2,OPSCH-1-00016,false,ACTIVE,,,VALID,CURRENT,coolit-synthetic-v2.0.0,ALL_SYNTHETIC_CUSTOMERS,ALL_SYNTHETIC_PROGRAMS,CFG-CPL-04,SYNTHETIC_INTERNAL,SNP-COOLIT-20260925-BL,SCN-BASELINE,OPSCH-2-00016,SCH-V2,WO-0003,MESOP-00016,40,TEST-LEAK-01,2026-07-08T07:00:00-06:00,2026-07-08T17:00:00-06:00,16,COLDPLATE_LOOP,5,2,true,true,true,FROZEN,SUPERSEDED
TEN-COOLIT-SYN-001,SITE-COOLIT-SYN-01,ERP,OPERATION_SCHEDULE,OPSCH-2-00017,MESOP-00017,RESOLVED,2026-09-25T23:59:59-06:00,2026-09-26T08:00:00-06:00,2026-06-29T00:00:00-06:00,,2,OPSCH-1-00017,false,ACTIVE,,,VALID,CURRENT,coolit-synthetic-v2.0.0,ALL_SYNTHETIC_CUSTOMERS,ALL_SYNTHETIC_PROGRAMS,CFG-CPL-04,SYNTHETIC_INTERNAL,SNP-COOLIT-20260925-BL,SCN-BASELINE,OPSCH-2-00017,SCH-V2,WO-0003,MESOP-00017,50,TEST-FUNC-01,2026-07-09T07:00:00-06:00,2026-07-09T17:00:00-06:00,17,COLDPLATE_LOOP,5,2,true,true,true,FROZEN,SUPERSEDED
TEN-COOLIT-SYN-001,SITE-COOLIT-SYN-01,ERP,OPERATION_SCHEDULE,OPSCH-2-00018,MESOP-00018,RESOLVED,2026-09-25T23:59:59-06:00,2026-09-26T08:00:00-06:00,2026-06-29T00:00:00-06:00,,2,OPSCH-1-00018,false,ACTIVE,,,VALID,CURRENT,coolit-synthetic-v2.0.0,ALL_SYNTHETIC_CUSTOMERS,ALL_SYNTHETIC_PROGRAMS,CFG-CPL-04,SYNTHETIC_INTERNAL,SNP-COOLIT-20260925-BL,SCN-BASELINE,OPSCH-2-00018,SCH-V2,WO-0003,MESOP-00018,60,LINE-CPL-01,2026-07-10T07:00:00-06:00,2026-07-10T17:00:00-06:00,18,COLDPLATE_LOOP,5,2,true,true,true,FROZEN,SUPERSEDED
TEN-COOLIT-SYN-001,SITE-COOLIT-SYN-01,ERP,OPERATION_SCHEDULE,OPSCH-2-00019,MESOP-00019,RESOLVED,2026-09-25T23:59:59-06:00,2026-09-26T08:00:00-06:00,2026-06-29T00:00:00-06:00,,2,OPSCH-1-00019,false,ACTIVE,,,VALID,CURRENT,coolit-synthetic-v2.0.0,ALL_SYNTHETIC_CUSTOMERS,ALL_SYNTHETIC_PROGRAMS,CFG-CDU-03,SYNTHETIC_INTERNAL,SNP-COOLIT-20260925-BL,SCN-BASELINE,OPSCH-2-00019,SCH-V2,WO-0004,MESOP-00019,10,CELL-ROBOT-01,2026-07-08T07:00:00-06:00,2026-07-08T17:00:00-06:00,19,COOLANT_DISTRIBUTION_UNIT,5,1,true,true,true,FROZEN,SUPERSEDED
TEN-COOLIT-SYN-001,SITE-COOLIT-SYN-01,ERP,OPERATION_SCHEDULE,OPSCH-2-00020,MESOP-00020,RESOLVED,2026-09-25T23:59:59-06:00,2026-09-26T08:00:00-06:00,2026-06-29T00:00:00-06:00,,2,OPSCH-1-00020,false,ACTIVE,,,VALID,CURRENT,coolit-synthetic-v2.0.0,ALL_SYNTHETIC_CUSTOMERS,ALL_SYNTHETIC_PROGRAMS,CFG-CDU-03,SYNTHETIC_INTERNAL,SNP-COOLIT-20260925-BL,SCN-BASELINE,OPSCH-2-00020,SCH-V2,WO-0004,MESOP-00020,20,LINE-CDU-01,2026-07-09T07:00:00-06:00,2026-07-09T17:00:00-06:00,20,COOLANT_DISTRIBUTION_UNIT,20,1,true,true,true,FROZEN,SUPERSEDED
TEN-COOLIT-SYN-001,SITE-COOLIT-SYN-01,ERP,OPERATION_SCHEDULE,OPSCH-2-00021,MESOP-00021,RESOLVED,2026-09-25T23:59:59-06:00,2026-09-26T08:00:00-06:00,2026-06-29T00:00:00-06:00,,2,OPSCH-1-00021,false,ACTIVE,,,VALID,CURRENT,coolit-synthetic-v2.0.0,ALL_SYNTHETIC_CUSTOMERS,ALL_SYNTHETIC_PROGRAMS,CFG-CDU-03,SYNTHETIC_INTERNAL,SNP-COOLIT-20260925-BL,SCN-BASELINE,OPSCH-2-00021,SCH-V2,WO-0004,MESOP-00021,30,TEST-LEAK-01,2026-07-10T07:00:00-06:00,2026-07-10T17:00:00-06:00,21,COOLANT_DISTRIBUTION_UNIT,5,1,true,true,true,FROZEN,SUPERSEDED
TEN-COOLIT-SYN-001,SITE-COOLIT-SYN-01,ERP,OPERATION_SCHEDULE,OPSCH-2-00022,MESOP-00022,RESOLVED,2026-09-25T23:59:59-06:00,2026-09-26T08:00:00-06:00,2026-06-29T00:00:00-06:00,,2,OPSCH-1-00022,false,ACTIVE,,,VALID,CURRENT,coolit-synthetic-v2.0.0,ALL_SYNTHETIC_CUSTOMERS,ALL_SYNTHETIC_PROGRAMS,CFG-CDU-03,SYNTHETIC_INTERNAL,SNP-COOLIT-20260925-BL,SCN-BASELINE,OPSCH-2-00022,SCH-V2,WO-0004,MESOP-00022,40,TEST-LEAK-01,2026-07-11T07:00:00-06:00,2026-07-11T17:00:00-06:00,22,COOLANT_DISTRIBUTION_UNIT,5,2,true,true,true,FROZEN,SUPERSEDED
TEN-COOLIT-SYN-001,SITE-COOLIT-SYN-01,ERP,OPERATION_SCHEDULE,OPSCH-2-00023,MESOP-00023,RESOLVED,2026-09-25T23:59:59-06:00,2026-09-26T08:00:00-06:00,2026-06-29T00:00:00-06:00,,2,OPSCH-1-00023,false,ACTIVE,,,VALID,CURRENT,coolit-synthetic-v2.0.0,ALL_SYNTHETIC_CUSTOMERS,ALL_SYNTHETIC_PROGRAMS,CFG-CDU-03,SYNTHETIC_INTERNAL,SNP-COOLIT-20260925-BL,SCN-BASELINE,OPSCH-2-00023,SCH-V2,WO-0004,MESOP-00023,50,TEST-FUNC-01,2026-07-12T07:00:00-06:00,2026-07-12T17:00:00-06:00,23,COOLANT_DISTRIBUTION_UNIT,5,2,true,true,true,FROZEN,SUPERSEDED
TEN-COOLIT-SYN-001,SITE-COOLIT-SYN-01,ERP,OPERATION_SCHEDULE,OPSCH-2-00024,MESOP-00024,RESOLVED,2026-09-25T23:59:59-06:00,2026-09-26T08:00:00-06:00,2026-06-29T00:00:00-06:00,,2,OPSCH-1-00024,false,ACTIVE,,,VALID,CURRENT,coolit-synthetic-v2.0.0,ALL_SYNTHETIC_CUSTOMERS,ALL_SYNTHETIC_PROGRAMS,CFG-CDU-03,SYNTHETIC_INTERNAL,SNP-COOLIT-20260925-BL,SCN-BASELINE,OPSCH-2-00024,SCH-V2,WO-0004,MESOP-00024,60,LINE-CDU-01,2026-07-13T07:00:00-06:00,2026-07-13T17:00:00-06:00,24,COOLANT_DISTRIBUTION_UNIT,5,2,true,true,true,FROZEN,SUPERSEDED
TEN-COOLIT-SYN-001,SITE-COOLIT-SYN-01,ERP,OPERATION_SCHEDULE,OPSCH-2-00025,MESOP-00025,RESOLVED,2026-09-25T23:59:59-06:00,2026-09-26T08:00:00-06:00,2026-06-29T00:00:00-06:00,,2,OPSCH-1-00025,false,ACTIVE,,,VALID,CURRENT,coolit-synthetic-v2.0.0,ALL_SYNTHETIC_CUSTOMERS,ALL_SYNTHETIC_PROGRAMS,CFG-RM-02,SYNTHETIC_INTERNAL,SNP-COOLIT-20260925-BL,SCN-BASELINE,OPSCH-2-00025,SCH-V2,WO-0005,MESOP-00025,10,CELL-ROBOT-01,2026-07-11T07:00:00-06:00,2026-07-11T17:00:00-06:00,25,RACK_MANIFOLD,5,1,true,true,true,FROZEN,SUPERSEDED
TEN-COOLIT-SYN-001,SITE-COOLIT-SYN-01,ERP,OPERATION_SCHEDULE,OPSCH-2-00026,MESOP-00026,RESOLVED,2026-09-25T23:59:59-06:00,2026-09-26T08:00:00-06:00,2026-06-29T00:00:00-06:00,,2,OPSCH-1-00026,false,ACTIVE,,,VALID,CURRENT,coolit-synthetic-v2.0.0,ALL_SYNTHETIC_CUSTOMERS,ALL_SYNTHETIC_PROGRAMS,CFG-RM-02,SYNTHETIC_INTERNAL,SNP-COOLIT-20260925-BL,SCN-BASELINE,OPSCH-2-00026,SCH-V2,WO-0005,MESOP-00026,20,LINE-RM-01,2026-07-12T07:00:00-06:00,2026-07-12T17:00:00-06:00,26,RACK_MANIFOLD,20,1,true,true,true,FROZEN,SUPERSEDED
TEN-COOLIT-SYN-001,SITE-COOLIT-SYN-01,ERP,OPERATION_SCHEDULE,OPSCH-2-00027,MESOP-00027,RESOLVED,2026-09-25T23:59:59-06:00,2026-09-26T08:00:00-06:00,2026-06-29T00:00:00-06:00,,2,OPSCH-1-00027,false,ACTIVE,,,VALID,CURRENT,coolit-synthetic-v2.0.0,ALL_SYNTHETIC_CUSTOMERS,ALL_SYNTHETIC_PROGRAMS,CFG-RM-02,SYNTHETIC_INTERNAL,SNP-COOLIT-20260925-BL,SCN-BASELINE,OPSCH-2-00027,SCH-V2,WO-0005,MESOP-00027,30,TEST-LEAK-01,2026-07-13T07:00:00-06:00,2026-07-13T17:00:00-06:00,27,RACK_MANIFOLD,5,1,true,true,true,FROZEN,SUPERSEDED
TEN-COOLIT-SYN-001,SITE-COOLIT-SYN-01,ERP,OPERATION_SCHEDULE,OPSCH-2-00028,MESOP-00028,RESOLVED,2026-09-25T23:59:59-06:00,2026-09-26T08:00:00-06:00,2026-06-29T00:00:00-06:00,,2,OPSCH-1-00028,false,ACTIVE,,,VALID,CURRENT,coolit-synthetic-v2.0.0,ALL_SYNTHETIC_CUSTOMERS,ALL_SYNTHETIC_PROGRAMS,CFG-RM-02,SYNTHETIC_INTERNAL,SNP-COOLIT-20260925-BL,SCN-BASELINE,OPSCH-2-00028,SCH-V2,WO-0005,MESOP-00028,40,TEST-LEAK-01,2026-07-14T07:00:00-06:00,2026-07-14T17:00:00-06:00,28,RACK_MANIFOLD,5,2,true,true,true,FROZEN,SUPERSEDED
TEN-COOLIT-SYN-001,SITE-COOLIT-SYN-01,ERP,OPERATION_SCHEDULE,OPSCH-2-00029,MESOP-00029,RESOLVED,2026-09-25T23:59:59-06:00,2026-09-26T08:00:00-06:00,2026-06-29T00:00:00-06:00,,2,OPSCH-1-00029,false,ACTIVE,,,VALID,CURRENT,coolit-synthetic-v2.0.0,ALL_SYNTHETIC_CUSTOMERS,ALL_SYNTHETIC_PROGRAMS,CFG-RM-02,SYNTHETIC_INTERNAL,SNP-COOLIT-20260925-BL,SCN-BASELINE,OPSCH-2-00029,SCH-V2,WO-0005,MESOP-00029,50,TEST-FUNC-01,2026-07-15T07:00:00-06:00,2026-07-15T17:00:00-06:00,29,RACK_MANIFOLD,5,2,true,true,true,FROZEN,SUPERSEDED
TEN-COOLIT-SYN-001,SITE-COOLIT-SYN-01,ERP,OPERATION_SCHEDULE,OPSCH-2-00030,MESOP-00030,RESOLVED,2026-09-25T23:59:59-06:00,2026-09-26T08:00:00-06:00,2026-06-29T00:00:00-06:00,,2,OPSCH-1-00030,false,ACTIVE,,,VALID,CURRENT,coolit-synthetic-v2.0.0,ALL_SYNTHETIC_CUSTOMERS,ALL_SYNTHETIC_PROGRAMS,CFG-RM-02,SYNTHETIC_INTERNAL,SNP-COOLIT-20260925-BL,SCN-BASELINE,OPSCH-2-00030,SCH-V2,WO-0005,MESOP-00030,60,LINE-RM-01,2026-07-16T07:00:00-06:00,2026-07-16T17:00:00-06:00,30,RACK_MANIFOLD,5,2,false,true,true,FROZEN,SUPERSEDED
TEN-COOLIT-SYN-001,SITE-COOLIT-SYN-01,ERP,OPERATION_SCHEDULE,OPSCH-2-00031,MESOP-00031,RESOLVED,2026-09-25T23:59:59-06:00,2026-09-26T08:00:00-06:00,2026-06-29T00:00:00-06:00,,2,OPSCH-1-00031,false,ACTIVE,,,VALID,CURRENT,coolit-synthetic-v2.0.0,ALL_SYNTHETIC_CUSTOMERS,ALL_SYNTHETIC_PROGRAMS,CFG-CPL-01,SYNTHETIC_INTERNAL,SNP-COOLIT-20260925-BL,SCN-BASELINE,OPSCH-2-00031,SCH-V2,WO-0006,MESOP-00031,10,CELL-ROBOT-01,2026-07-14T07:00:00-06:00,2026-07-14T17:00:00-06:00,31,COLDPLATE_LOOP,5,1,true,true,true,FROZEN,SUPERSEDED
TEN-COOLIT-SYN-001,SITE-COOLIT-SYN-01,ERP,OPERATION_SCHEDULE,OPSCH-2-00032,MESOP-00032,RESOLVED,2026-09-25T23:59:59-06:00,2026-09-26T08:00:00-06:00,2026-06-29T00:00:00-06:00,,2,OPSCH-1-00032,false,ACTIVE,,,VALID,CURRENT,coolit-synthetic-v2.0.0,ALL_SYNTHETIC_CUSTOMERS,ALL_SYNTHETIC_PROGRAMS,CFG-CPL-01,SYNTHETIC_INTERNAL,SNP-COOLIT-20260925-BL,SCN-BASELINE,OPSCH-2-00032,SCH-V2,WO-0006,MESOP-00032,20,LINE-CPL-01,2026-07-15T07:00:00-06:00,2026-07-15T17:00:00-06:00,32,COLDPLATE_LOOP,20,1,true,false,true,FROZEN,SUPERSEDED
TEN-COOLIT-SYN-001,SITE-COOLIT-SYN-01,ERP,OPERATION_SCHEDULE,OPSCH-2-00033,MESOP-00033,RESOLVED,2026-09-25T23:59:59-06:00,2026-09-26T08:00:00-06:00,2026-06-29T00:00:00-06:00,,2,OPSCH-1-00033,false,ACTIVE,,,VALID,CURRENT,coolit-synthetic-v2.0.0,ALL_SYNTHETIC_CUSTOMERS,ALL_SYNTHETIC_PROGRAMS,CFG-CPL-01,SYNTHETIC_INTERNAL,SNP-COOLIT-20260925-BL,SCN-BASELINE,OPSCH-2-00033,SCH-V2,WO-0006,MESOP-00033,30,TEST-LEAK-01,2026-07-16T07:00:00-06:00,2026-07-16T17:00:00-06:00,33,COLDPLATE_LOOP,5,1,true,true,true,FROZEN,SUPERSEDED
TEN-COOLIT-SYN-001,SITE-COOLIT-SYN-01,ERP,OPERATION_SCHEDULE,OPSCH-2-00034,MESOP-00034,RESOLVED,2026-09-25T23:59:59-06:00,2026-09-26T08:00:00-06:00,2026-06-29T00:00:00-06:00,,2,OPSCH-1-00034,false,ACTIVE,,,VALID,CURRENT,coolit-synthetic-v2.0.0,ALL_SYNTHETIC_CUSTOMERS,ALL_SYNTHETIC_PROGRAMS,CFG-CPL-01,SYNTHETIC_INTERNAL,SNP-COOLIT-20260925-BL,SCN-BASELINE,OPSCH-2-00034,SCH-V2,WO-0006,MESOP-00034,40,TEST-LEAK-01,2026-07-17T07:00:00-06:00,2026-07-17T17:00:00-06:00,34,COLDPLATE_LOOP,5,2,true,true,true,FROZEN,SUPERSEDED
TEN-COOLIT-SYN-001,SITE-COOLIT-SYN-01,ERP,OPERATION_SCHEDULE,OPSCH-2-00035,MESOP-00035,RESOLVED,2026-09-25T23:59:59-06:00,2026-09-26T08:00:00-06:00,2026-06-29T00:00:00-06:00,,2,OPSCH-1-00035,false,ACTIVE,,,VALID,CURRENT,coolit-synthetic-v2.0.0,ALL_SYNTHETIC_CUSTOMERS,ALL_SYNTHETIC_PROGRAMS,CFG-CPL-01,SYNTHETIC_INTERNAL,SNP-COOLIT-20260925-BL,SCN-BASELINE,OPSCH-2-00035,SCH-V2,WO-0006,MESOP-00035,50,TEST-FUNC-01,2026-07-18T07:00:00-06:00,2026-07-18T17:00:00-06:00,35,COLDPLATE_LOOP,5,2,true,true,true,FROZEN,SUPERSEDED
TEN-COOLIT-SYN-001,SITE-COOLIT-SYN-01,ERP,OPERATION_SCHEDULE,OPSCH-2-00036,MESOP-00036,RESOLVED,2026-09-25T23:59:59-06:00,2026-09-26T08:00:00-06:00,2026-06-29T00:00:00-06:00,,2,OPSCH-1-00036,false,ACTIVE,,,VALID,CURRENT,coolit-synthetic-v2.0.0,ALL_SYNTHETIC_CUSTOMERS,ALL_SYNTHETIC_PROGRAMS,CFG-CPL-01,SYNTHETIC_INTERNAL,SNP-COOLIT-20260925-BL,SCN-BASELINE,OPSCH-2-00036,SCH-V2,WO-0006,MESOP-00036,60,LINE-CPL-01,2026-07-19T07:00:00-06:00,2026-07-19T17:00:00-06:00,36,COLDPLATE_LOOP,5,2,true,true,true,FROZEN,SUPERSEDED
TEN-COOLIT-SYN-001,SITE-COOLIT-SYN-01,ERP,OPERATION_SCHEDULE,OPSCH-2-00037,MESOP-00037,RESOLVED,2026-09-25T23:59:59-06:00,2026-09-26T08:00:00-06:00,2026-06-29T00:00:00-06:00,,2,OPSCH-1-00037,false,ACTIVE,,,VALID,CURRENT,coolit-synthetic-v2.0.0,ALL_SYNTHETIC_CUSTOMERS,ALL_SYNTHETIC_PROGRAMS,CFG-RM-04,SYNTHETIC_INTERNAL,SNP-COOLIT-20260925-BL,SCN-BASELINE,OPSCH-2-00037,SCH-V2,WO-0007,MESOP-00037,10,CELL-ROBOT-01,2026-07-17T07:00:00-06:00,2026-07-17T17:00:00-06:00,37,RACK_MANIFOLD,5,1,true,true,true,FROZEN,SUPERSEDED
TEN-COOLIT-SYN-001,SITE-COOLIT-SYN-01,ERP,OPERATION_SCHEDULE,OPSCH-2-00038,MESOP-00038,RESOLVED,2026-09-25T23:59:59-06:00,2026-09-26T08:00:00-06:00,2026-06-29T00:00:00-06:00,,2,OPSCH-1-00038,false,ACTIVE,,,VALID,CURRENT,coolit-synthetic-v2.0.0,ALL_SYNTHETIC_CUSTOMERS,ALL_SYNTHETIC_PROGRAMS,CFG-RM-04,SYNTHETIC_INTERNAL,SNP-COOLIT-20260925-BL,SCN-BASELINE,OPSCH-2-00038,SCH-V2,WO-0007,MESOP-00038,20,LINE-RM-01,2026-07-18T07:00:00-06:00,2026-07-18T17:00:00-06:00,38,RACK_MANIFOLD,20,1,true,true,true,FROZEN,SUPERSEDED
TEN-COOLIT-SYN-001,SITE-COOLIT-SYN-01,ERP,OPERATION_SCHEDULE,OPSCH-2-00039,MESOP-00039,RESOLVED,2026-09-25T23:59:59-06:00,2026-09-26T08:00:00-06:00,2026-06-29T00:00:00-06:00,,2,OPSCH-1-00039,false,ACTIVE,,,VALID,CURRENT,coolit-synthetic-v2.0.0,ALL_SYNTHETIC_CUSTOMERS,ALL_SYNTHETIC_PROGRAMS,CFG-RM-04,SYNTHETIC_INTERNAL,SNP-COOLIT-20260925-BL,SCN-BASELINE,OPSCH-2-00039,SCH-V2,WO-0007,MESOP-00039,30,TEST-LEAK-01,2026-07-19T07:00:00-06:00,2026-07-19T17:00:00-06:00,39,RACK_MANIFOLD,5,1,true,true,true,FROZEN,SUPERSEDED
TEN-COOLIT-SYN-001,SITE-COOLIT-SYN-01,ERP,OPERATION_SCHEDULE,OPSCH-2-00040,MESOP-00040,RESOLVED,2026-09-25T23:59:59-06:00,2026-09-26T08:00:00-06:00,2026-06-29T00:00:00-06:00,,2,OPSCH-1-00040,false,ACTIVE,,,VALID,CURRENT,coolit-synthetic-v2.0.0,ALL_SYNTHETIC_CUSTOMERS,ALL_SYNTHETIC_PROGRAMS,CFG-RM-04,SYNTHETIC_INTERNAL,SNP-COOLIT-20260925-BL,SCN-BASELINE,OPSCH-2-00040,SCH-V2,WO-0007,MESOP-00040,40,TEST-LEAK-01,2026-07-20T07:00:00-06:00,2026-07-20T17:00:00-06:00,40,RACK_MANIFOLD,5,2,true,true,true,FROZEN,SUPERSEDED
TEN-COOLIT-SYN-001,SITE-COOLIT-SYN-01,ERP,OPERATION_SCHEDULE,OPSCH-2-00041,MESOP-00041,RESOLVED,2026-09-25T23:59:59-06:00,2026-09-26T08:00:00-06:00,2026-06-29T00:00:00-06:00,,2,OPSCH-1-00041,false,ACTIVE,,,VALID,CURRENT,coolit-synthetic-v2.0.0,ALL_SYNTHETIC_CUSTOMERS,ALL_SYNTHETIC_PROGRAMS,CFG-RM-04,SYNTHETIC_INTERNAL,SNP-COOLIT-20260925-BL,SCN-BASELINE,OPSCH-2-00041,SCH-V2,WO-0007,MESOP-00041,50,TEST-FUNC-01,2026-07-21T07:00:00-06:00,2026-07-21T17:00:00-06:00,41,RACK_MANIFOLD,5,2,true,true,true,SLUSHY,SUPERSEDED
TEN-COOLIT-SYN-001,SITE-COOLIT-SYN-01,ERP,OPERATION_SCHEDULE,OPSCH-2-00042,MESOP-00042,RESOLVED,2026-09-25T23:59:59-06:00,2026-09-26T08:00:00-06:00,2026-06-29T00:00:00-06:00,,2,OPSCH-1-00042,false,ACTIVE,,,VALID,CURRENT,coolit-synthetic-v2.0.0,ALL_SYNTHETIC_CUSTOMERS,ALL_SYNTHETIC_PROGRAMS,CFG-RM-04,SYNTHETIC_INTERNAL,SNP-COOLIT-20260925-BL,SCN-BASELINE,OPSCH-2-00042,SCH-V2,WO-0007,MESOP-00042,60,LINE-RM-01,2026-07-22T07:00:00-06:00,2026-07-22T17:00:00-06:00,42,RACK_MANIFOLD,5,2,true,true,true,SLUSHY,SUPERSEDED
TEN-COOLIT-SYN-001,SITE-COOLIT-SYN-01,ERP,OPERATION_SCHEDULE,OPSCH-2-00043,MESOP-00043,RESOLVED,2026-09-25T23:59:59-06:00,2026-09-26T08:00:00-06:00,2026-06-29T00:00:00-06:00,,2,OPSCH-1-00043,false,ACTIVE,,,VALID,CURRENT,coolit-synthetic-v2.0.0,ALL_SYNTHETIC_CUSTOMERS,ALL_SYNTHETIC_PROGRAMS,CFG-CPL-03,SYNTHETIC_INTERNAL,SNP-COOLIT-20260925-BL,SCN-BASELINE,OPSCH-2-00043,SCH-V2,WO-0008,MESOP-00043,10,CELL-ROBOT-01,2026-07-20T07:00:00-06:00,2026-07-20T17:00:00-06:00,43,COLDPLATE_LOOP,5,1,true,true,true,SLUSHY,SUPERSEDED
TEN-COOLIT-SYN-001,SITE-COOLIT-SYN-01,ERP,OPERATION_SCHEDULE,OPSCH-2-00044,MESOP-00044,RESOLVED,2026-09-25T23:59:59-06:00,2026-09-26T08:00:00-06:00,2026-06-29T00:00:00-06:00,,2,OPSCH-1-00044,false,ACTIVE,,,VALID,CURRENT,coolit-synthetic-v2.0.0,ALL_SYNTHETIC_CUSTOMERS,ALL_SYNTHETIC_PROGRAMS,CFG-CPL-03,SYNTHETIC_INTERNAL,SNP-COOLIT-20260925-BL,SCN-BASELINE,OPSCH-2-00044,SCH-V2,WO-0008,MESOP-00044,20,LINE-CPL-01,2026-07-21T07:00:00-06:00,2026-07-21T17:00:00-06:00,44,COLDPLATE_LOOP,20,1,true,true,true,SLUSHY,SUPERSEDED
TEN-COOLIT-SYN-001,SITE-COOLIT-SYN-01,ERP,OPERATION_SCHEDULE,OPSCH-2-00045,MESOP-00045,RESOLVED,2026-09-25T23:59:59-06:00,2026-09-26T08:00:00-06:00,2026-06-29T00:00:00-06:00,,2,OPSCH-1-00045,false,ACTIVE,,,VALID,CURRENT,coolit-synthetic-v2.0.0,ALL_SYNTHETIC_CUSTOMERS,ALL_SYNTHETIC_PROGRAMS,CFG-CPL-03,SYNTHETIC_INTERNAL,SNP-COOLIT-20260925-BL,SCN-BASELINE,OPSCH-2-00045,SCH-V2,WO-0008,MESOP-00045,30,TEST-LEAK-01,2026-07-22T07:00:00-06:00,2026-07-22T17:00:00-06:00,45,COLDPLATE_LOOP,5,1,true,true,true,SLUSHY,SUPERSEDED
TEN-COOLIT-SYN-001,SITE-COOLIT-SYN-01,ERP,OPERATION_SCHEDULE,OPSCH-2-00046,MESOP-00046,RESOLVED,2026-09-25T23:59:59-06:00,2026-09-26T08:00:00-06:00,2026-06-29T00:00:00-06:00,,2,OPSCH-1-00046,false,ACTIVE,,,VALID,CURRENT,coolit-synthetic-v2.0.0,ALL_SYNTHETIC_CUSTOMERS,ALL_SYNTHETIC_PROGRAMS,CFG-CPL-03,SYNTHETIC_INTERNAL,SNP-COOLIT-20260925-BL,SCN-BASELINE,OPSCH-2-00046,SCH-V2,WO-0008,MESOP-00046,40,TEST-LEAK-01,2026-07-23T07:00:00-06:00,2026-07-23T17:00:00-06:00,46,COLDPLATE_LOOP,5,2,true,true,true,SLUSHY,SUPERSEDED
TEN-COOLIT-SYN-001,SITE-COOLIT-SYN-01,ERP,OPERATION_SCHEDULE,OPSCH-2-00047,MESOP-00047,RESOLVED,2026-09-25T23:59:59-06:00,2026-09-26T08:00:00-06:00,2026-06-29T00:00:00-06:00,,2,OPSCH-1-00047,false,ACTIVE,,,VALID,CURRENT,coolit-synthetic-v2.0.0,ALL_SYNTHETIC_CUSTOMERS,ALL_SYNTHETIC_PROGRAMS,CFG-CPL-03,SYNTHETIC_INTERNAL,SNP-COOLIT-20260925-BL,SCN-BASELINE,OPSCH-2-00047,SCH-V2,WO-0008,MESOP-00047,50,TEST-FUNC-01,2026-07-24T07:00:00-06:00,2026-07-24T17:00:00-06:00,47,COLDPLATE_LOOP,5,2,true,true,true,SLUSHY,SUPERSEDED
TEN-COOLIT-SYN-001,SITE-COOLIT-SYN-01,ERP,OPERATION_SCHEDULE,OPSCH-2-00048,MESOP-00048,RESOLVED,2026-09-25T23:59:59-06:00,2026-09-26T08:00:00-06:00,2026-06-29T00:00:00-06:00,,2,OPSCH-1-00048,false,ACTIVE,,,VALID,CURRENT,coolit-synthetic-v2.0.0,ALL_SYNTHETIC_CUSTOMERS,ALL_SYNTHETIC_PROGRAMS,CFG-CPL-03,SYNTHETIC_INTERNAL,SNP-COOLIT-20260925-BL,SCN-BASELINE,OPSCH-2-00048,SCH-V2,WO-0008,MESOP-00048,60,LINE-CPL-01,2026-07-25T07:00:00-06:00,2026-07-25T17:00:00-06:00,48,COLDPLATE_LOOP,5,2,true,true,true,SLUSHY,SUPERSEDED
TEN-COOLIT-SYN-001,SITE-COOLIT-SYN-01,ERP,OPERATION_SCHEDULE,OPSCH-2-00049,MESOP-00049,RESOLVED,2026-09-25T23:59:59-06:00,2026-09-26T08:00:00-06:00,2026-06-29T00:00:00-06:00,,2,OPSCH-1-00049,false,ACTIVE,,,VALID,CURRENT,coolit-synthetic-v2.0.0,ALL_SYNTHETIC_CUSTOMERS,ALL_SYNTHETIC_PROGRAMS,CFG-CDU-02,SYNTHETIC_INTERNAL,SNP-COOLIT-20260925-BL,SCN-BASELINE,OPSCH-2-00049,SCH-V2,WO-0009,MESOP-00049,10,CELL-ROBOT-01,2026-07-23T07:00:00-06:00,2026-07-23T17:00:00-06:00,49,COOLANT_DISTRIBUTION_UNIT,5,1,true,true,true,SLUSHY,SUPERSEDED
TEN-COOLIT-SYN-001,SITE-COOLIT-SYN-01,ERP,OPERATION_SCHEDULE,OPSCH-2-00050,MESOP-00050,RESOLVED,2026-09-25T23:59:59-06:00,2026-09-26T08:00:00-06:00,2026-06-29T00:00:00-06:00,,2,OPSCH-1-00050,false,ACTIVE,,,VALID,CURRENT,coolit-synthetic-v2.0.0,ALL_SYNTHETIC_CUSTOMERS,ALL_SYNTHETIC_PROGRAMS,CFG-CDU-02,SYNTHETIC_INTERNAL,SNP-COOLIT-20260925-BL,SCN-BASELINE,OPSCH-2-00050,SCH-V2,WO-0009,MESOP-00050,20,LINE-CDU-01,2026-07-24T07:00:00-06:00,2026-07-24T17:00:00-06:00,50,COOLANT_DISTRIBUTION_UNIT,20,1,true,true,true,SLUSHY,SUPERSEDED
TEN-COOLIT-SYN-001,SITE-COOLIT-SYN-01,ERP,OPERATION_SCHEDULE,OPSCH-2-00051,MESOP-00051,RESOLVED,2026-09-25T23:59:59-06:00,2026-09-26T08:00:00-06:00,2026-06-29T00:00:00-06:00,,2,OPSCH-1-00051,false,ACTIVE,,,VALID,CURRENT,coolit-synthetic-v2.0.0,ALL_SYNTHETIC_CUSTOMERS,ALL_SYNTHETIC_PROGRAMS,CFG-CDU-02,SYNTHETIC_INTERNAL,SNP-COOLIT-20260925-BL,SCN-BASELINE,OPSCH-2-00051,SCH-V2,WO-0009,MESOP-00051,30,TEST-LEAK-01,2026-07-25T07:00:00-06:00,2026-07-25T17:00:00-06:00,51,COOLANT_DISTRIBUTION_UNIT,5,1,true,true,true,SLUSHY,SUPERSEDED
TEN-COOLIT-SYN-001,SITE-COOLIT-SYN-01,ERP,OPERATION_SCHEDULE,OPSCH-2-00052,MESOP-00052,RESOLVED,2026-09-25T23:59:59-06:00,2026-09-26T08:00:00-06:00,2026-06-29T00:00:00-06:00,,2,OPSCH-1-00052,false,ACTIVE,,,VALID,CURRENT,coolit-synthetic-v2.0.0,ALL_SYNTHETIC_CUSTOMERS,ALL_SYNTHETIC_PROGRAMS,CFG-CDU-02,SYNTHETIC_INTERNAL,SNP-COOLIT-20260925-BL,SCN-BASELINE,OPSCH-2-00052,SCH-V2,WO-0009,MESOP-00052,40,TEST-LEAK-01,2026-07-26T07:00:00-06:00,2026-07-26T17:00:00-06:00,52,COOLANT_DISTRIBUTION_UNIT,5,2,true,true,true,SLUSHY,SUPERSEDED
TEN-COOLIT-SYN-001,SITE-COOLIT-SYN-01,ERP,OPERATION_SCHEDULE,OPSCH-2-00053,MESOP-00053,RESOLVED,2026-09-25T23:59:59-06:00,2026-09-26T08:00:00-06:00,2026-06-29T00:00:00-06:00,,2,OPSCH-1-00053,false,ACTIVE,,,VALID,CURRENT,coolit-synthetic-v2.0.0,ALL_SYNTHETIC_CUSTOMERS,ALL_SYNTHETIC_PROGRAMS,CFG-CDU-02,SYNTHETIC_INTERNAL,SNP-COOLIT-20260925-BL,SCN-BASELINE,OPSCH-2-00053,SCH-V2,WO-0009,MESOP-00053,50,TEST-FUNC-01,2026-07-27T07:00:00-06:00,2026-07-27T17:00:00-06:00,53,COOLANT_DISTRIBUTION_UNIT,5,2,true,true,true,SLUSHY,SUPERSEDED
TEN-COOLIT-SYN-001,SITE-COOLIT-SYN-01,ERP,OPERATION_SCHEDULE,OPSCH-2-00054,MESOP-00054,RESOLVED,2026-09-25T23:59:59-06:00,2026-09-26T08:00:00-06:00,2026-06-29T00:00:00-06:00,,2,OPSCH-1-00054,false,ACTIVE,,,VALID,CURRENT,coolit-synthetic-v2.0.0,ALL_SYNTHETIC_CUSTOMERS,ALL_SYNTHETIC_PROGRAMS,CFG-CDU-02,SYNTHETIC_INTERNAL,SNP-COOLIT-20260925-BL,SCN-BASELINE,OPSCH-2-00054,SCH-V2,WO-0009,MESOP-00054,60,LINE-CDU-01,2026-07-28T07:00:00-06:00,2026-07-28T17:00:00-06:00,54,COOLANT_DISTRIBUTION_UNIT,5,2,true,true,true,SLUSHY,SUPERSEDED
TEN-COOLIT-SYN-001,SITE-COOLIT-SYN-01,ERP,OPERATION_SCHEDULE,OPSCH-2-00055,MESOP-00055,RESOLVED,2026-09-25T23:59:59-06:00,2026-09-26T08:00:00-06:00,2026-06-29T00:00:00-06:00,,2,OPSCH-1-00055,false,ACTIVE,,,VALID,CURRENT,coolit-synthetic-v2.0.0,ALL_SYNTHETIC_CUSTOMERS,ALL_SYNTHETIC_PROGRAMS,CFG-RM-01,SYNTHETIC_INTERNAL,SNP-COOLIT-20260925-BL,SCN-BASELINE,OPSCH-2-00055,SCH-V2,WO-0010,MESOP-00055,10,CELL-ROBOT-01,2026-07-26T07:00:00-06:00,2026-07-26T17:00:00-06:00,55,RACK_MANIFOLD,5,1,true,true,true,SLUSHY,SUPERSEDED
TEN-COOLIT-SYN-001,SITE-COOLIT-SYN-01,ERP,OPERATION_SCHEDULE,OPSCH-2-00056,MESOP-00056,RESOLVED,2026-09-25T23:59:59-06:00,2026-09-26T08:00:00-06:00,2026-06-29T00:00:00-06:00,,2,OPSCH-1-00056,false,ACTIVE,,,VALID,CURRENT,coolit-synthetic-v2.0.0,ALL_SYNTHETIC_CUSTOMERS,ALL_SYNTHETIC_PROGRAMS,CFG-RM-01,SYNTHETIC_INTERNAL,SNP-COOLIT-20260925-BL,SCN-BASELINE,OPSCH-2-00056,SCH-V2,WO-0010,MESOP-00056,20,LINE-RM-01,2026-07-27T07:00:00-06:00,2026-07-27T17:00:00-06:00,56,RACK_MANIFOLD,20,1,true,true,true,SLUSHY,SUPERSEDED
TEN-COOLIT-SYN-001,SITE-COOLIT-SYN-01,ERP,OPERATION_SCHEDULE,OPSCH-2-00057,MESOP-00057,RESOLVED,2026-09-25T23:59:59-06:00,2026-09-26T08:00:00-06:00,2026-06-29T00:00:00-06:00,,2,OPSCH-1-00057,false,ACTIVE,,,VALID,CURRENT,coolit-synthetic-v2.0.0,ALL_SYNTHETIC_CUSTOMERS,ALL_SYNTHETIC_PROGRAMS,CFG-RM-01,SYNTHETIC_INTERNAL,SNP-COOLIT-20260925-BL,SCN-BASELINE,OPSCH-2-00057,SCH-V2,WO-0010,MESOP-00057,30,TEST-LEAK-01,2026-07-28T07:00:00-06:00,2026-07-28T17:00:00-06:00,57,RACK_MANIFOLD,5,1,true,true,true,SLUSHY,SUPERSEDED
TEN-COOLIT-SYN-001,SITE-COOLIT-SYN-01,ERP,OPERATION_SCHEDULE,OPSCH-2-00058,MESOP-00058,RESOLVED,2026-09-25T23:59:59-06:00,2026-09-26T08:00:00-06:00,2026-06-29T00:00:00-06:00,,2,OPSCH-1-00058,false,ACTIVE,,,VALID,CURRENT,coolit-synthetic-v2.0.0,ALL_SYNTHETIC_CUSTOMERS,ALL_SYNTHETIC_PROGRAMS,CFG-RM-01,SYNTHETIC_INTERNAL,SNP-COOLIT-20260925-BL,SCN-BASELINE,OPSCH-2-00058,SCH-V2,WO-0010,MESOP-00058,40,TEST-LEAK-01,2026-07-29T07:00:00-06:00,2026-07-29T17:00:00-06:00,58,RACK_MANIFOLD,5,2,true,true,true,SLUSHY,SUPERSEDED
TEN-COOLIT-SYN-001,SITE-COOLIT-SYN-01,ERP,OPERATION_SCHEDULE,OPSCH-2-00059,MESOP-00059,RESOLVED,2026-09-25T23:59:59-06:00,2026-09-26T08:00:00-06:00,2026-06-29T00:00:00-06:00,,2,OPSCH-1-00059,false,ACTIVE,,,VALID,CURRENT,coolit-synthetic-v2.0.0,ALL_SYNTHETIC_CUSTOMERS,ALL_SYNTHETIC_PROGRAMS,CFG-RM-01,SYNTHETIC_INTERNAL,SNP-COOLIT-20260925-BL,SCN-BASELINE,OPSCH-2-00059,SCH-V2,WO-0010,MESOP-00059,50,TEST-FUNC-01,2026-07-30T07:00:00-06:00,2026-07-30T17:00:00-06:00,59,RACK_MANIFOLD,5,2,false,true,true,SLUSHY,SUPERSEDED
TEN-COOLIT-SYN-001,SITE-COOLIT-SYN-01,ERP,OPERATION_SCHEDULE,OPSCH-2-00060,MESOP-00060,RESOLVED,2026-09-25T23:59:59-06:00,2026-09-26T08:00:00-06:00,2026-06-29T00:00:00-06:00,,2,OPSCH-1-00060,false,ACTIVE,,,VALID,CURRENT,coolit-synthetic-v2.0.0,ALL_SYNTHETIC_CUSTOMERS,ALL_SYNTHETIC_PROGRAMS,CFG-RM-01,SYNTHETIC_INTERNAL,SNP-COOLIT-20260925-BL,SCN-BASELINE,OPSCH-2-00060,SCH-V2,WO-0010,MESOP-00060,60,LINE-RM-01,2026-07-31T07:00:00-06:00,2026-07-31T17:00:00-06:00,60,RACK_MANIFOLD,5,2,true,true,true,SLUSHY,SUPERSEDED
TEN-COOLIT-SYN-001,SITE-COOLIT-SYN-01,ERP,OPERATION_SCHEDULE,OPSCH-2-00061,MESOP-00061,RESOLVED,2026-09-25T23:59:59-06:00,2026-09-26T08:00:00-06:00,2026-06-29T00:00:00-06:00,,2,OPSCH-1-00061,false,ACTIVE,,,VALID,CURRENT,coolit-synthetic-v2.0.0,ALL_SYNTHETIC_CUSTOMERS,ALL_SYNTHETIC_PROGRAMS,CFG-CDU-04,SYNTHETIC_INTERNAL,SNP-COOLIT-20260925-BL,SCN-BASELINE,OPSCH-2-00061,SCH-V2,WO-0011,MESOP-00061,10,CELL-ROBOT-01,2026-07-29T07:00:00-06:00,2026-07-29T17:00:00-06:00,61,COOLANT_DISTRIBUTION_UNIT,5,1,true,true,true,SLUSHY,SUPERSEDED
TEN-COOLIT-SYN-001,SITE-COOLIT-SYN-01,ERP,OPERATION_SCHEDULE,OPSCH-2-00062,MESOP-00062,RESOLVED,2026-09-25T23:59:59-06:00,2026-09-26T08:00:00-06:00,2026-06-29T00:00:00-06:00,,2,OPSCH-1-00062,false,ACTIVE,,,VALID,CURRENT,coolit-synthetic-v2.0.0,ALL_SYNTHETIC_CUSTOMERS,ALL_SYNTHETIC_PROGRAMS,CFG-CDU-04,SYNTHETIC_INTERNAL,SNP-COOLIT-20260925-BL,SCN-BASELINE,OPSCH-2-00062,SCH-V2,WO-0011,MESOP-00062,20,LINE-CDU-01,2026-07-30T07:00:00-06:00,2026-07-30T17:00:00-06:00,62,COOLANT_DISTRIBUTION_UNIT,20,1,true,true,true,SLUSHY,SUPERSEDED
TEN-COOLIT-SYN-001,SITE-COOLIT-SYN-01,ERP,OPERATION_SCHEDULE,OPSCH-2-00063,MESOP-00063,RESOLVED,2026-09-25T23:59:59-06:00,2026-09-26T08:00:00-06:00,2026-06-29T00:00:00-06:00,,2,OPSCH-1-00063,false,ACTIVE,,,VALID,CURRENT,coolit-synthetic-v2.0.0,ALL_SYNTHETIC_CUSTOMERS,ALL_SYNTHETIC_PROGRAMS,CFG-CDU-04,SYNTHETIC_INTERNAL,SNP-COOLIT-20260925-BL,SCN-BASELINE,OPSCH-2-00063,SCH-V2,WO-0011,MESOP-00063,30,TEST-LEAK-01,2026-07-31T07:00:00-06:00,2026-07-31T17:00:00-06:00,63,COOLANT_DISTRIBUTION_UNIT,5,1,true,false,true,SLUSHY,SUPERSEDED
TEN-COOLIT-SYN-001,SITE-COOLIT-SYN-01,ERP,OPERATION_SCHEDULE,OPSCH-2-00064,MESOP-00064,RESOLVED,2026-09-25T23:59:59-06:00,2026-09-26T08:00:00-06:00,2026-06-29T00:00:00-06:00,,2,OPSCH-1-00064,false,ACTIVE,,,VALID,CURRENT,coolit-synthetic-v2.0.0,ALL_SYNTHETIC_CUSTOMERS,ALL_SYNTHETIC_PROGRAMS,CFG-CDU-04,SYNTHETIC_INTERNAL,SNP-COOLIT-20260925-BL,SCN-BASELINE,OPSCH-2-00064,SCH-V2,WO-0011,MESOP-00064,40,TEST-LEAK-01,2026-08-01T07:00:00-06:00,2026-08-01T17:00:00-06:00,64,COOLANT_DISTRIBUTION_UNIT,5,2,true,true,true,SLUSHY,SUPERSEDED
TEN-COOLIT-SYN-001,SITE-COOLIT-SYN-01,ERP,OPERATION_SCHEDULE,OPSCH-2-00065,MESOP-00065,RESOLVED,2026-09-25T23:59:59-06:00,2026-09-26T08:00:00-06:00,2026-06-29T00:00:00-06:00,,2,OPSCH-1-00065,false,ACTIVE,,,VALID,CURRENT,coolit-synthetic-v2.0.0,ALL_SYNTHETIC_CUSTOMERS,ALL_SYNTHETIC_PROGRAMS,CFG-CDU-04,SYNTHETIC_INTERNAL,SNP-COOLIT-20260925-BL,SCN-BASELINE,OPSCH-2-00065,SCH-V2,WO-0011,MESOP-00065,50,TEST-FUNC-01,2026-08-02T07:00:00-06:00,2026-08-02T17:00:00-06:00,65,COOLANT_DISTRIBUTION_UNIT,5,2,true,true,true,SLUSHY,SUPERSEDED
TEN-COOLIT-SYN-001,SITE-COOLIT-SYN-01,ERP,OPERATION_SCHEDULE,OPSCH-2-00066,MESOP-00066,RESOLVED,2026-09-25T23:59:59-06:00,2026-09-26T08:00:00-06:00,2026-06-29T00:00:00-06:00,,2,OPSCH-1-00066,false,ACTIVE,,,VALID,CURRENT,coolit-synthetic-v2.0.0,ALL_SYNTHETIC_CUSTOMERS,ALL_SYNTHETIC_PROGRAMS,CFG-CDU-04,SYNTHETIC_INTERNAL,SNP-COOLIT-20260925-BL,SCN-BASELINE,OPSCH-2-00066,SCH-V2,WO-0011,MESOP-00066,60,LINE-CDU-01,2026-08-03T07:00:00-06:00,2026-08-03T17:00:00-06:00,66,COOLANT_DISTRIBUTION_UNIT,5,2,true,true,true,SLUSHY,SUPERSEDED
TEN-COOLIT-SYN-001,SITE-COOLIT-SYN-01,ERP,OPERATION_SCHEDULE,OPSCH-2-00067,MESOP-00067,RESOLVED,2026-09-25T23:59:59-06:00,2026-09-26T08:00:00-06:00,2026-06-29T00:00:00-06:00,,2,OPSCH-1-00067,false,ACTIVE,,,VALID,CURRENT,coolit-synthetic-v2.0.0,ALL_SYNTHETIC_CUSTOMERS,ALL_SYNTHETIC_PROGRAMS,CFG-RM-03,SYNTHETIC_INTERNAL,SNP-COOLIT-20260925-BL,SCN-BASELINE,OPSCH-2-00067,SCH-V2,WO-0012,MESOP-00067,10,CELL-ROBOT-01,2026-08-01T07:00:00-06:00,2026-08-01T17:00:00-06:00,67,RACK_MANIFOLD,5,1,true,true,true,SLUSHY,SUPERSEDED
TEN-COOLIT-SYN-001,SITE-COOLIT-SYN-01,ERP,OPERATION_SCHEDULE,OPSCH-2-00068,MESOP-00068,RESOLVED,2026-09-25T23:59:59-06:00,2026-09-26T08:00:00-06:00,2026-06-29T00:00:00-06:00,,2,OPSCH-1-00068,false,ACTIVE,,,VALID,CURRENT,coolit-synthetic-v2.0.0,ALL_SYNTHETIC_CUSTOMERS,ALL_SYNTHETIC_PROGRAMS,CFG-RM-03,SYNTHETIC_INTERNAL,SNP-COOLIT-20260925-BL,SCN-BASELINE,OPSCH-2-00068,SCH-V2,WO-0012,MESOP-00068,20,LINE-RM-01,2026-08-02T07:00:00-06:00,2026-08-02T17:00:00-06:00,68,RACK_MANIFOLD,20,1,true,true,true,SLUSHY,SUPERSEDED
TEN-COOLIT-SYN-001,SITE-COOLIT-SYN-01,ERP,OPERATION_SCHEDULE,OPSCH-2-00069,MESOP-00069,RESOLVED,2026-09-25T23:59:59-06:00,2026-09-26T08:00:00-06:00,2026-06-29T00:00:00-06:00,,2,OPSCH-1-00069,false,ACTIVE,,,VALID,CURRENT,coolit-synthetic-v2.0.0,ALL_SYNTHETIC_CUSTOMERS,ALL_SYNTHETIC_PROGRAMS,CFG-RM-03,SYNTHETIC_INTERNAL,SNP-COOLIT-20260925-BL,SCN-BASELINE,OPSCH-2-00069,SCH-V2,WO-0012,MESOP-00069,30,TEST-LEAK-01,2026-08-03T07:00:00-06:00,2026-08-03T17:00:00-06:00,69,RACK_MANIFOLD,5,1,true,true,true,SLUSHY,SUPERSEDED
TEN-COOLIT-SYN-001,SITE-COOLIT-SYN-01,ERP,OPERATION_SCHEDULE,OPSCH-2-00070,MESOP-00070,RESOLVED,2026-09-25T23:59:59-06:00,2026-09-26T08:00:00-06:00,2026-06-29T00:00:00-06:00,,2,OPSCH-1-00070,false,ACTIVE,,,VALID,CURRENT,coolit-synthetic-v2.0.0,ALL_SYNTHETIC_CUSTOMERS,ALL_SYNTHETIC_PROGRAMS,CFG-RM-03,SYNTHETIC_INTERNAL,SNP-COOLIT-20260925-BL,SCN-BASELINE,OPSCH-2-00070,SCH-V2,WO-0012,MESOP-00070,40,TEST-LEAK-01,2026-08-04T07:00:00-06:00,2026-08-04T17:00:00-06:00,70,RACK_MANIFOLD,5,2,true,true,true,SLUSHY,SUPERSEDED
TEN-COOLIT-SYN-001,SITE-COOLIT-SYN-01,ERP,OPERATION_SCHEDULE,OPSCH-2-00071,MESOP-00071,RESOLVED,2026-09-25T23:59:59-06:00,2026-09-26T08:00:00-06:00,2026-06-29T00:00:00-06:00,,2,OPSCH-1-00071,false,ACTIVE,,,VALID,CURRENT,coolit-synthetic-v2.0.0,ALL_SYNTHETIC_CUSTOMERS,ALL_SYNTHETIC_PROGRAMS,CFG-RM-03,SYNTHETIC_INTERNAL,SNP-COOLIT-20260925-BL,SCN-BASELINE,OPSCH-2-00071,SCH-V2,WO-0012,MESOP-00071,50,TEST-FUNC-01,2026-08-05T07:00:00-06:00,2026-08-05T17:00:00-06:00,71,RACK_MANIFOLD,5,2,true,true,true,SLUSHY,SUPERSEDED
TEN-COOLIT-SYN-001,SITE-COOLIT-SYN-01,ERP,OPERATION_SCHEDULE,OPSCH-2-00072,MESOP-00072,RESOLVED,2026-09-25T23:59:59-06:00,2026-09-26T08:00:00-06:00,2026-06-29T00:00:00-06:00,,2,OPSCH-1-00072,false,ACTIVE,,,VALID,CURRENT,coolit-synthetic-v2.0.0,ALL_SYNTHETIC_CUSTOMERS,ALL_SYNTHETIC_PROGRAMS,CFG-RM-03,SYNTHETIC_INTERNAL,SNP-COOLIT-20260925-BL,SCN-BASELINE,OPSCH-2-00072,SCH-V2,WO-0012,MESOP-00072,60,LINE-RM-01,2026-08-06T07:00:00-06:00,2026-08-06T17:00:00-06:00,72,RACK_MANIFOLD,5,2,true,true,true,SLUSHY,SUPERSEDED
TEN-COOLIT-SYN-001,SITE-COOLIT-SYN-01,ERP,OPERATION_SCHEDULE,OPSCH-2-00073,MESOP-00073,RESOLVED,2026-09-25T23:59:59-06:00,2026-09-26T08:00:00-06:00,2026-06-29T00:00:00-06:00,,2,OPSCH-1-00073,false,ACTIVE,,,VALID,CURRENT,coolit-synthetic-v2.0.0,ALL_SYNTHETIC_CUSTOMERS,ALL_SYNTHETIC_PROGRAMS,CFG-CPL-02,SYNTHETIC_INTERNAL,SNP-COOLIT-20260925-BL,SCN-BASELINE,OPSCH-2-00073,SCH-V2,WO-0013,MESOP-00073,10,CELL-ROBOT-01,2026-08-04T07:00:00-06:00,2026-08-04T17:00:00-06:00,73,COLDPLATE_LOOP,5,1,true,true,true,SLUSHY,SUPERSEDED
TEN-COOLIT-SYN-001,SITE-COOLIT-SYN-01,ERP,OPERATION_SCHEDULE,OPSCH-2-00074,MESOP-00074,RESOLVED,2026-09-25T23:59:59-06:00,2026-09-26T08:00:00-06:00,2026-06-29T00:00:00-06:00,,2,OPSCH-1-00074,false,ACTIVE,,,VALID,CURRENT,coolit-synthetic-v2.0.0,ALL_SYNTHETIC_CUSTOMERS,ALL_SYNTHETIC_PROGRAMS,CFG-CPL-02,SYNTHETIC_INTERNAL,SNP-COOLIT-20260925-BL,SCN-BASELINE,OPSCH-2-00074,SCH-V2,WO-0013,MESOP-00074,20,LINE-CPL-01,2026-08-05T07:00:00-06:00,2026-08-05T17:00:00-06:00,74,COLDPLATE_LOOP,20,1,true,true,true,SLUSHY,SUPERSEDED
TEN-COOLIT-SYN-001,SITE-COOLIT-SYN-01,ERP,OPERATION_SCHEDULE,OPSCH-2-00075,MESOP-00075,RESOLVED,2026-09-25T23:59:59-06:00,2026-09-26T08:00:00-06:00,2026-06-29T00:00:00-06:00,,2,OPSCH-1-00075,false,ACTIVE,,,VALID,CURRENT,coolit-synthetic-v2.0.0,ALL_SYNTHETIC_CUSTOMERS,ALL_SYNTHETIC_PROGRAMS,CFG-CPL-02,SYNTHETIC_INTERNAL,SNP-COOLIT-20260925-BL,SCN-BASELINE,OPSCH-2-00075,SCH-V2,WO-0013,MESOP-00075,30,TEST-LEAK-01,2026-08-06T07:00:00-06:00,2026-08-06T17:00:00-06:00,75,COLDPLATE_LOOP,5,1,true,true,true,SLUSHY,SUPERSEDED
TEN-COOLIT-SYN-001,SITE-COOLIT-SYN-01,ERP,OPERATION_SCHEDULE,OPSCH-2-00076,MESOP-00076,RESOLVED,2026-09-25T23:59:59-06:00,2026-09-26T08:00:00-06:00,2026-06-29T00:00:00-06:00,,2,OPSCH-1-00076,false,ACTIVE,,,VALID,CURRENT,coolit-synthetic-v2.0.0,ALL_SYNTHETIC_CUSTOMERS,ALL_SYNTHETIC_PROGRAMS,CFG-CPL-02,SYNTHETIC_INTERNAL,SNP-COOLIT-20260925-BL,SCN-BASELINE,OPSCH-2-00076,SCH-V2,WO-0013,MESOP-00076,40,TEST-LEAK-01,2026-08-07T07:00:00-06:00,2026-08-07T17:00:00-06:00,76,COLDPLATE_LOOP,5,2,true,true,true,SLUSHY,SUPERSEDED
TEN-COOLIT-SYN-001,SITE-COOLIT-SYN-01,ERP,OPERATION_SCHEDULE,OPSCH-2-00077,MESOP-00077,RESOLVED,2026-09-25T23:59:59-06:00,2026-09-26T08:00:00-06:00,2026-06-29T00:00:00-06:00,,2,OPSCH-1-00077,false,ACTIVE,,,VALID,CURRENT,coolit-synthetic-v2.0.0,ALL_SYNTHETIC_CUSTOMERS,ALL_SYNTHETIC_PROGRAMS,CFG-CPL-02,SYNTHETIC_INTERNAL,SNP-COOLIT-20260925-BL,SCN-BASELINE,OPSCH-2-00077,SCH-V2,WO-0013,MESOP-00077,50,TEST-FUNC-01,2026-08-08T07:00:00-06:00,2026-08-08T17:00:00-06:00,77,COLDPLATE_LOOP,5,2,true,true,true,SLUSHY,SUPERSEDED
TEN-COOLIT-SYN-001,SITE-COOLIT-SYN-01,ERP,OPERATION_SCHEDULE,OPSCH-2-00078,MESOP-00078,RESOLVED,2026-09-25T23:59:59-06:00,2026-09-26T08:00:00-06:00,2026-06-29T00:00:00-06:00,,2,OPSCH-1-00078,false,ACTIVE,,,VALID,CURRENT,coolit-synthetic-v2.0.0,ALL_SYNTHETIC_CUSTOMERS,ALL_SYNTHETIC_PROGRAMS,CFG-CPL-02,SYNTHETIC_INTERNAL,SNP-COOLIT-20260925-BL,SCN-BASELINE,OPSCH-2-00078,SCH-V2,WO-0013,MESOP-00078,60,LINE-CPL-01,2026-08-09T07:00:00-06:00,2026-08-09T17:00:00-06:00,78,COLDPLATE_LOOP,5,2,true,true,true,SLUSHY,SUPERSEDED
TEN-COOLIT-SYN-001,SITE-COOLIT-SYN-01,ERP,OPERATION_SCHEDULE,OPSCH-2-00079,MESOP-00079,RESOLVED,2026-09-25T23:59:59-06:00,2026-09-26T08:00:00-06:00,2026-06-29T00:00:00-06:00,,2,OPSCH-1-00079,false,ACTIVE,,,VALID,CURRENT,coolit-synthetic-v2.0.0,ALL_SYNTHETIC_CUSTOMERS,ALL_SYNTHETIC_PROGRAMS,CFG-CDU-01,SYNTHETIC_INTERNAL,SNP-COOLIT-20260925-BL,SCN-BASELINE,OPSCH-2-00079,SCH-V2,WO-0014,MESOP-00079,10,CELL-ROBOT-01,2026-08-07T07:00:00-06:00,2026-08-07T17:00:00-06:00,79,COOLANT_DISTRIBUTION_UNIT,5,1,true,true,true,SLUSHY,SUPERSEDED
TEN-COOLIT-SYN-001,SITE-COOLIT-SYN-01,ERP,OPERATION_SCHEDULE,OPSCH-2-00080,MESOP-00080,RESOLVED,2026-09-25T23:59:59-06:00,2026-09-26T08:00:00-06:00,2026-06-29T00:00:00-06:00,,2,OPSCH-1-00080,false,ACTIVE,,,VALID,CURRENT,coolit-synthetic-v2.0.0,ALL_SYNTHETIC_CUSTOMERS,ALL_SYNTHETIC_PROGRAMS,CFG-CDU-01,SYNTHETIC_INTERNAL,SNP-COOLIT-20260925-BL,SCN-BASELINE,OPSCH-2-00080,SCH-V2,WO-0014,MESOP-00080,20,LINE-CDU-01,2026-08-08T07:00:00-06:00,2026-08-08T17:00:00-06:00,80,COOLANT_DISTRIBUTION_UNIT,20,1,true,true,true,SLUSHY,SUPERSEDED
TEN-COOLIT-SYN-001,SITE-COOLIT-SYN-01,ERP,OPERATION_SCHEDULE,OPSCH-2-00081,MESOP-00081,RESOLVED,2026-09-25T23:59:59-06:00,2026-09-26T08:00:00-06:00,2026-06-29T00:00:00-06:00,,2,OPSCH-1-00081,false,ACTIVE,,,VALID,CURRENT,coolit-synthetic-v2.0.0,ALL_SYNTHETIC_CUSTOMERS,ALL_SYNTHETIC_PROGRAMS,CFG-CDU-01,SYNTHETIC_INTERNAL,SNP-COOLIT-20260925-BL,SCN-BASELINE,OPSCH-2-00081,SCH-V2,WO-0014,MESOP-00081,30,TEST-LEAK-01,2026-08-09T07:00:00-06:00,2026-08-09T17:00:00-06:00,81,COOLANT_DISTRIBUTION_UNIT,5,1,true,true,true,SLUSHY,SUPERSEDED
TEN-COOLIT-SYN-001,SITE-COOLIT-SYN-01,ERP,OPERATION_SCHEDULE,OPSCH-2-00082,MESOP-00082,RESOLVED,2026-09-25T23:59:59-06:00,2026-09-26T08:00:00-06:00,2026-06-29T00:00:00-06:00,,2,OPSCH-1-00082,false,ACTIVE,,,VALID,CURRENT,coolit-synthetic-v2.0.0,ALL_SYNTHETIC_CUSTOMERS,ALL_SYNTHETIC_PROGRAMS,CFG-CDU-01,SYNTHETIC_INTERNAL,SNP-COOLIT-20260925-BL,SCN-BASELINE,OPSCH-2-00082,SCH-V2,WO-0014,MESOP-00082,40,TEST-LEAK-01,2026-08-10T07:00:00-06:00,2026-08-10T17:00:00-06:00,82,COOLANT_DISTRIBUTION_UNIT,5,2,true,true,true,SLUSHY,SUPERSEDED
TEN-COOLIT-SYN-001,SITE-COOLIT-SYN-01,ERP,OPERATION_SCHEDULE,OPSCH-2-00083,MESOP-00083,RESOLVED,2026-09-25T23:59:59-06:00,2026-09-26T08:00:00-06:00,2026-06-29T00:00:00-06:00,,2,OPSCH-1-00083,false,ACTIVE,,,VALID,CURRENT,coolit-synthetic-v2.0.0,ALL_SYNTHETIC_CUSTOMERS,ALL_SYNTHETIC_PROGRAMS,CFG-CDU-01,SYNTHETIC_INTERNAL,SNP-COOLIT-20260925-BL,SCN-BASELINE,OPSCH-2-00083,SCH-V2,WO-0014,MESOP-00083,50,TEST-FUNC-01,2026-08-11T07:00:00-06:00,2026-08-11T17:00:00-06:00,83,COOLANT_DISTRIBUTION_UNIT,5,2,true,true,true,SLUSHY,SUPERSEDED
TEN-COOLIT-SYN-001,SITE-COOLIT-SYN-01,ERP,OPERATION_SCHEDULE,OPSCH-2-00084,MESOP-00084,RESOLVED,2026-09-25T23:59:59-06:00,2026-09-26T08:00:00-06:00,2026-06-29T00:00:00-06:00,,2,OPSCH-1-00084,false,ACTIVE,,,VALID,CURRENT,coolit-synthetic-v2.0.0,ALL_SYNTHETIC_CUSTOMERS,ALL_SYNTHETIC_PROGRAMS,CFG-CDU-01,SYNTHETIC_INTERNAL,SNP-COOLIT-20260925-BL,SCN-BASELINE,OPSCH-2-00084,SCH-V2,WO-0014,MESOP-00084,60,LINE-CDU-01,2026-08-12T07:00:00-06:00,2026-08-12T17:00:00-06:00,84,COOLANT_DISTRIBUTION_UNIT,5,2,true,true,true,SLUSHY,SUPERSEDED
TEN-COOLIT-SYN-001,SITE-COOLIT-SYN-01,ERP,OPERATION_SCHEDULE,OPSCH-2-00085,MESOP-00085,RESOLVED,2026-09-25T23:59:59-06:00,2026-09-26T08:00:00-06:00,2026-06-29T00:00:00-06:00,,2,OPSCH-1-00085,false,ACTIVE,,,VALID,CURRENT,coolit-synthetic-v2.0.0,ALL_SYNTHETIC_CUSTOMERS,ALL_SYNTHETIC_PROGRAMS,CFG-CPL-04,SYNTHETIC_INTERNAL,SNP-COOLIT-20260925-BL,SCN-BASELINE,OPSCH-2-00085,SCH-V2,WO-0015,MESOP-00085,10,CELL-ROBOT-01,2026-08-10T07:00:00-06:00,2026-08-10T17:00:00-06:00,85,COLDPLATE_LOOP,5,1,true,true,true,SLUSHY,SUPERSEDED
TEN-COOLIT-SYN-001,SITE-COOLIT-SYN-01,ERP,OPERATION_SCHEDULE,OPSCH-2-00086,MESOP-00086,RESOLVED,2026-09-25T23:59:59-06:00,2026-09-26T08:00:00-06:00,2026-06-29T00:00:00-06:00,,2,OPSCH-1-00086,false,ACTIVE,,,VALID,CURRENT,coolit-synthetic-v2.0.0,ALL_SYNTHETIC_CUSTOMERS,ALL_SYNTHETIC_PROGRAMS,CFG-CPL-04,SYNTHETIC_INTERNAL,SNP-COOLIT-20260925-BL,SCN-BASELINE,OPSCH-2-00086,SCH-V2,WO-0015,MESOP-00086,20,LINE-CPL-01,2026-08-11T07:00:00-06:00,2026-08-11T17:00:00-06:00,86,COLDPLATE_LOOP,20,1,true,true,true,SLUSHY,SUPERSEDED
TEN-COOLIT-SYN-001,SITE-COOLIT-SYN-01,ERP,OPERATION_SCHEDULE,OPSCH-2-00087,MESOP-00087,RESOLVED,2026-09-25T23:59:59-06:00,2026-09-26T08:00:00-06:00,2026-06-29T00:00:00-06:00,,2,OPSCH-1-00087,false,ACTIVE,,,VALID,CURRENT,coolit-synthetic-v2.0.0,ALL_SYNTHETIC_CUSTOMERS,ALL_SYNTHETIC_PROGRAMS,CFG-CPL-04,SYNTHETIC_INTERNAL,SNP-COOLIT-20260925-BL,SCN-BASELINE,OPSCH-2-00087,SCH-V2,WO-0015,MESOP-00087,30,TEST-LEAK-01,2026-08-12T07:00:00-06:00,2026-08-12T17:00:00-06:00,87,COLDPLATE_LOOP,5,1,true,true,true,SLUSHY,SUPERSEDED
TEN-COOLIT-SYN-001,SITE-COOLIT-SYN-01,ERP,OPERATION_SCHEDULE,OPSCH-2-00088,MESOP-00088,RESOLVED,2026-09-25T23:59:59-06:00,2026-09-26T08:00:00-06:00,2026-06-29T00:00:00-06:00,,2,OPSCH-1-00088,false,ACTIVE,,,VALID,CURRENT,coolit-synthetic-v2.0.0,ALL_SYNTHETIC_CUSTOMERS,ALL_SYNTHETIC_PROGRAMS,CFG-CPL-04,SYNTHETIC_INTERNAL,SNP-COOLIT-20260925-BL,SCN-BASELINE,OPSCH-2-00088,SCH-V2,WO-0015,MESOP-00088,40,TEST-LEAK-01,2026-08-13T07:00:00-06:00,2026-08-13T17:00:00-06:00,88,COLDPLATE_LOOP,5,2,false,true,true,SLUSHY,SUPERSEDED
TEN-COOLIT-SYN-001,SITE-COOLIT-SYN-01,ERP,OPERATION_SCHEDULE,OPSCH-2-00089,MESOP-00089,RESOLVED,2026-09-25T23:59:59-06:00,2026-09-26T08:00:00-06:00,2026-06-29T00:00:00-06:00,,2,OPSCH-1-00089,false,ACTIVE,,,VALID,CURRENT,coolit-synthetic-v2.0.0,ALL_SYNTHETIC_CUSTOMERS,ALL_SYNTHETIC_PROGRAMS,CFG-CPL-04,SYNTHETIC_INTERNAL,SNP-COOLIT-20260925-BL,SCN-BASELINE,OPSCH-2-00089,SCH-V2,WO-0015,MESOP-00089,50,TEST-FUNC-01,2026-08-14T07:00:00-06:00,2026-08-14T17:00:00-06:00,89,COLDPLATE_LOOP,5,2,true,true,true,SLUSHY,SUPERSEDED
TEN-COOLIT-SYN-001,SITE-COOLIT-SYN-01,ERP,OPERATION_SCHEDULE,OPSCH-2-00090,MESOP-00090,RESOLVED,2026-09-25T23:59:59-06:00,2026-09-26T08:00:00-06:00,2026-06-29T00:00:00-06:00,,2,OPSCH-1-00090,false,ACTIVE,,,VALID,CURRENT,coolit-synthetic-v2.0.0,ALL_SYNTHETIC_CUSTOMERS,ALL_SYNTHETIC_PROGRAMS,CFG-CPL-04,SYNTHETIC_INTERNAL,SNP-COOLIT-20260925-BL,SCN-BASELINE,OPSCH-2-00090,SCH-V2,WO-0015,MESOP-00090,60,LINE-CPL-01,2026-08-15T07:00:00-06:00,2026-08-15T17:00:00-06:00,90,COLDPLATE_LOOP,5,2,true,true,true,SLUSHY,SUPERSEDED
TEN-COOLIT-SYN-001,SITE-COOLIT-SYN-01,ERP,OPERATION_SCHEDULE,OPSCH-2-00091,MESOP-00091,RESOLVED,2026-09-25T23:59:59-06:00,2026-09-26T08:00:00-06:00,2026-06-29T00:00:00-06:00,,2,OPSCH-1-00091,false,ACTIVE,,,VALID,CURRENT,coolit-synthetic-v2.0.0,ALL_SYNTHETIC_CUSTOMERS,ALL_SYNTHETIC_PROGRAMS,CFG-CDU-03,SYNTHETIC_INTERNAL,SNP-COOLIT-20260925-BL,SCN-BASELINE,OPSCH-2-00091,SCH-V2,WO-0016,MESOP-00091,10,CELL-ROBOT-01,2026-08-13T07:00:00-06:00,2026-08-13T17:00:00-06:00,91,COOLANT_DISTRIBUTION_UNIT,5,1,true,true,true,SLUSHY,SUPERSEDED
TEN-COOLIT-SYN-001,SITE-COOLIT-SYN-01,ERP,OPERATION_SCHEDULE,OPSCH-2-00092,MESOP-00092,RESOLVED,2026-09-25T23:59:59-06:00,2026-09-26T08:00:00-06:00,2026-06-29T00:00:00-06:00,,2,OPSCH-1-00092,false,ACTIVE,,,VALID,CURRENT,coolit-synthetic-v2.0.0,ALL_SYNTHETIC_CUSTOMERS,ALL_SYNTHETIC_PROGRAMS,CFG-CDU-03,SYNTHETIC_INTERNAL,SNP-COOLIT-20260925-BL,SCN-BASELINE,OPSCH-2-00092,SCH-V2,WO-0016,MESOP-00092,20,LINE-CDU-01,2026-08-14T07:00:00-06:00,2026-08-14T17:00:00-06:00,92,COOLANT_DISTRIBUTION_UNIT,20,1,true,true,true,SLUSHY,SUPERSEDED
TEN-COOLIT-SYN-001,SITE-COOLIT-SYN-01,ERP,OPERATION_SCHEDULE,OPSCH-2-00093,MESOP-00093,RESOLVED,2026-09-25T23:59:59-06:00,2026-09-26T08:00:00-06:00,2026-06-29T00:00:00-06:00,,2,OPSCH-1-00093,false,ACTIVE,,,VALID,CURRENT,coolit-synthetic-v2.0.0,ALL_SYNTHETIC_CUSTOMERS,ALL_SYNTHETIC_PROGRAMS,CFG-CDU-03,SYNTHETIC_INTERNAL,SNP-COOLIT-20260925-BL,SCN-BASELINE,OPSCH-2-00093,SCH-V2,WO-0016,MESOP-00093,30,TEST-LEAK-01,2026-08-15T07:00:00-06:00,2026-08-15T17:00:00-06:00,93,COOLANT_DISTRIBUTION_UNIT,5,1,true,true,true,SLUSHY,SUPERSEDED
TEN-COOLIT-SYN-001,SITE-COOLIT-SYN-01,ERP,OPERATION_SCHEDULE,OPSCH-2-00094,MESOP-00094,RESOLVED,2026-09-25T23:59:59-06:00,2026-09-26T08:00:00-06:00,2026-06-29T00:00:00-06:00,,2,OPSCH-1-00094,false,ACTIVE,,,VALID,CURRENT,coolit-synthetic-v2.0.0,ALL_SYNTHETIC_CUSTOMERS,ALL_SYNTHETIC_PROGRAMS,CFG-CDU-03,SYNTHETIC_INTERNAL,SNP-COOLIT-20260925-BL,SCN-BASELINE,OPSCH-2-00094,SCH-V2,WO-0016,MESOP-00094,40,TEST-LEAK-01,2026-08-16T07:00:00-06:00,2026-08-16T17:00:00-06:00,94,COOLANT_DISTRIBUTION_UNIT,5,2,true,false,true,SLUSHY,SUPERSEDED
TEN-COOLIT-SYN-001,SITE-COOLIT-SYN-01,ERP,OPERATION_SCHEDULE,OPSCH-2-00095,MESOP-00095,RESOLVED,2026-09-25T23:59:59-06:00,2026-09-26T08:00:00-06:00,2026-06-29T00:00:00-06:00,,2,OPSCH-1-00095,false,ACTIVE,,,VALID,CURRENT,coolit-synthetic-v2.0.0,ALL_SYNTHETIC_CUSTOMERS,ALL_SYNTHETIC_PROGRAMS,CFG-CDU-03,SYNTHETIC_INTERNAL,SNP-COOLIT-20260925-BL,SCN-BASELINE,OPSCH-2-00095,SCH-V2,WO-0016,MESOP-00095,50,TEST-FUNC-01,2026-08-17T07:00:00-06:00,2026-08-17T17:00:00-06:00,95,COOLANT_DISTRIBUTION_UNIT,5,2,true,true,true,SLUSHY,SUPERSEDED
TEN-COOLIT-SYN-001,SITE-COOLIT-SYN-01,ERP,OPERATION_SCHEDULE,OPSCH-2-00096,MESOP-00096,RESOLVED,2026-09-25T23:59:59-06:00,2026-09-26T08:00:00-06:00,2026-06-29T00:00:00-06:00,,2,OPSCH-1-00096,false,ACTIVE,,,VALID,CURRENT,coolit-synthetic-v2.0.0,ALL_SYNTHETIC_CUSTOMERS,ALL_SYNTHETIC_PROGRAMS,CFG-CDU-03,SYNTHETIC_INTERNAL,SNP-COOLIT-20260925-BL,SCN-BASELINE,OPSCH-2-00096,SCH-V2,WO-0016,MESOP-00096,60,LINE-CDU-01,2026-08-18T07:00:00-06:00,2026-08-18T17:00:00-06:00,96,COOLANT_DISTRIBUTION_UNIT,5,2,true,true,true,SLUSHY,SUPERSEDED
TEN-COOLIT-SYN-001,SITE-COOLIT-SYN-01,ERP,OPERATION_SCHEDULE,OPSCH-2-00097,MESOP-00097,RESOLVED,2026-09-25T23:59:59-06:00,2026-09-26T08:00:00-06:00,2026-06-29T00:00:00-06:00,,2,OPSCH-1-00097,false,ACTIVE,,,VALID,CURRENT,coolit-synthetic-v2.0.0,ALL_SYNTHETIC_CUSTOMERS,ALL_SYNTHETIC_PROGRAMS,CFG-RM-02,SYNTHETIC_INTERNAL,SNP-COOLIT-20260925-BL,SCN-BASELINE,OPSCH-2-00097,SCH-V2,WO-0017,MESOP-00097,10,CELL-ROBOT-01,2026-08-16T07:00:00-06:00,2026-08-16T17:00:00-06:00,97,RACK_MANIFOLD,5,1,true,true,true,SLUSHY,SUPERSEDED
TEN-COOLIT-SYN-001,SITE-COOLIT-SYN-01,ERP,OPERATION_SCHEDULE,OPSCH-2-00098,MESOP-00098,RESOLVED,2026-09-25T23:59:59-06:00,2026-09-26T08:00:00-06:00,2026-06-29T00:00:00-06:00,,2,OPSCH-1-00098,false,ACTIVE,,,VALID,CURRENT,coolit-synthetic-v2.0.0,ALL_SYNTHETIC_CUSTOMERS,ALL_SYNTHETIC_PROGRAMS,CFG-RM-02,SYNTHETIC_INTERNAL,SNP-COOLIT-20260925-BL,SCN-BASELINE,OPSCH-2-00098,SCH-V2,WO-0017,MESOP-00098,20,LINE-RM-01,2026-08-17T07:00:00-06:00,2026-08-17T17:00:00-06:00,98,RACK_MANIFOLD,20,1,true,true,true,SLUSHY,SUPERSEDED
TEN-COOLIT-SYN-001,SITE-COOLIT-SYN-01,ERP,OPERATION_SCHEDULE,OPSCH-2-00099,MESOP-00099,RESOLVED,2026-09-25T23:59:59-06:00,2026-09-26T08:00:00-06:00,2026-06-29T00:00:00-06:00,,2,OPSCH-1-00099,false,ACTIVE,,,VALID,CURRENT,coolit-synthetic-v2.0.0,ALL_SYNTHETIC_CUSTOMERS,ALL_SYNTHETIC_PROGRAMS,CFG-RM-02,SYNTHETIC_INTERNAL,SNP-COOLIT-20260925-BL,SCN-BASELINE,OPSCH-2-00099,SCH-V2,WO-0017,MESOP-00099,30,TEST-LEAK-01,2026-08-18T07:00:00-06:00,2026-08-18T17:00:00-06:00,99,RACK_MANIFOLD,5,1,true,true,true,SLUSHY,SUPERSEDED
TEN-COOLIT-SYN-001,SITE-COOLIT-SYN-01,ERP,OPERATION_SCHEDULE,OPSCH-2-00100,MESOP-00100,RESOLVED,2026-09-25T23:59:59-06:00,2026-09-26T08:00:00-06:00,2026-06-29T00:00:00-06:00,,2,OPSCH-1-00100,false,ACTIVE,,,VALID,CURRENT,coolit-synthetic-v2.0.0,ALL_SYNTHETIC_CUSTOMERS,ALL_SYNTHETIC_PROGRAMS,CFG-RM-02,SYNTHETIC_INTERNAL,SNP-COOLIT-20260925-BL,SCN-BASELINE,OPSCH-2-00100,SCH-V2,WO-0017,MESOP-00100,40,TEST-LEAK-01,2026-08-19T07:00:00-06:00,2026-08-19T17:00:00-06:00,100,RACK_MANIFOLD,5,2,true,true,true,SLUSHY,SUPERSEDED
TEN-COOLIT-SYN-001,SITE-COOLIT-SYN-01,ERP,OPERATION_SCHEDULE,OPSCH-2-00101,MESOP-00101,RESOLVED,2026-09-25T23:59:59-06:00,2026-09-26T08:00:00-06:00,2026-06-29T00:00:00-06:00,,2,OPSCH-1-00101,false,ACTIVE,,,VALID,CURRENT,coolit-synthetic-v2.0.0,ALL_SYNTHETIC_CUSTOMERS,ALL_SYNTHETIC_PROGRAMS,CFG-RM-02,SYNTHETIC_INTERNAL,SNP-COOLIT-20260925-BL,SCN-BASELINE,OPSCH-2-00101,SCH-V2,WO-0017,MESOP-00101,50,TEST-FUNC-01,2026-08-20T07:00:00-06:00,2026-08-20T17:00:00-06:00,101,RACK_MANIFOLD,5,2,true,true,true,OPEN,SUPERSEDED
TEN-COOLIT-SYN-001,SITE-COOLIT-SYN-01,ERP,OPERATION_SCHEDULE,OPSCH-2-00102,MESOP-00102,RESOLVED,2026-09-25T23:59:59-06:00,2026-09-26T08:00:00-06:00,2026-06-29T00:00:00-06:00,,2,OPSCH-1-00102,false,ACTIVE,,,VALID,CURRENT,coolit-synthetic-v2.0.0,ALL_SYNTHETIC_CUSTOMERS,ALL_SYNTHETIC_PROGRAMS,CFG-RM-02,SYNTHETIC_INTERNAL,SNP-COOLIT-20260925-BL,SCN-BASELINE,OPSCH-2-00102,SCH-V2,WO-0017,MESOP-00102,60,LINE-RM-01,2026-08-21T07:00:00-06:00,2026-08-21T17:00:00-06:00,102,RACK_MANIFOLD,5,2,true,true,true,OPEN,SUPERSEDED
TEN-COOLIT-SYN-001,SITE-COOLIT-SYN-01,ERP,OPERATION_SCHEDULE,OPSCH-2-00103,MESOP-00103,RESOLVED,2026-09-25T23:59:59-06:00,2026-09-26T08:00:00-06:00,2026-06-29T00:00:00-06:00,,2,OPSCH-1-00103,false,ACTIVE,,,VALID,CURRENT,coolit-synthetic-v2.0.0,ALL_SYNTHETIC_CUSTOMERS,ALL_SYNTHETIC_PROGRAMS,CFG-CPL-01,SYNTHETIC_INTERNAL,SNP-COOLIT-20260925-BL,SCN-BASELINE,OPSCH-2-00103,SCH-V2,WO-0018,MESOP-00103,10,CELL-ROBOT-01,2026-08-19T07:00:00-06:00,2026-08-19T17:00:00-06:00,103,COLDPLATE_LOOP,5,1,true,true,true,OPEN,SUPERSEDED
TEN-COOLIT-SYN-001,SITE-COOLIT-SYN-01,ERP,OPERATION_SCHEDULE,OPSCH-2-00104,MESOP-00104,RESOLVED,2026-09-25T23:59:59-06:00,2026-09-26T08:00:00-06:00,2026-06-29T00:00:00-06:00,,2,OPSCH-1-00104,false,ACTIVE,,,VALID,CURRENT,coolit-synthetic-v2.0.0,ALL_SYNTHETIC_CUSTOMERS,ALL_SYNTHETIC_PROGRAMS,CFG-CPL-01,SYNTHETIC_INTERNAL,SNP-COOLIT-20260925-BL,SCN-BASELINE,OPSCH-2-00104,SCH-V2,WO-0018,MESOP-00104,20,LINE-CPL-01,2026-08-20T07:00:00-06:00,2026-08-20T17:00:00-06:00,104,COLDPLATE_LOOP,20,1,true,true,true,OPEN,SUPERSEDED
TEN-COOLIT-SYN-001,SITE-COOLIT-SYN-01,ERP,OPERATION_SCHEDULE,OPSCH-2-00105,MESOP-00105,RESOLVED,2026-09-25T23:59:59-06:00,2026-09-26T08:00:00-06:00,2026-06-29T00:00:00-06:00,,2,OPSCH-1-00105,false,ACTIVE,,,VALID,CURRENT,coolit-synthetic-v2.0.0,ALL_SYNTHETIC_CUSTOMERS,ALL_SYNTHETIC_PROGRAMS,CFG-CPL-01,SYNTHETIC_INTERNAL,SNP-COOLIT-20260925-BL,SCN-BASELINE,OPSCH-2-00105,SCH-V2,WO-0018,MESOP-00105,30,TEST-LEAK-01,2026-08-21T07:00:00-06:00,2026-08-21T17:00:00-06:00,105,COLDPLATE_LOOP,5,1,true,true,true,OPEN,SUPERSEDED
TEN-COOLIT-SYN-001,SITE-COOLIT-SYN-01,ERP,OPERATION_SCHEDULE,OPSCH-2-00106,MESOP-00106,RESOLVED,2026-09-25T23:59:59-06:00,2026-09-26T08:00:00-06:00,2026-06-29T00:00:00-06:00,,2,OPSCH-1-00106,false,ACTIVE,,,VALID,CURRENT,coolit-synthetic-v2.0.0,ALL_SYNTHETIC_CUSTOMERS,ALL_SYNTHETIC_PROGRAMS,CFG-CPL-01,SYNTHETIC_INTERNAL,SNP-COOLIT-20260925-BL,SCN-BASELINE,OPSCH-2-00106,SCH-V2,WO-0018,MESOP-00106,40,TEST-LEAK-01,2026-08-22T07:00:00-06:00,2026-08-22T17:00:00-06:00,106,COLDPLATE_LOOP,5,2,true,true,true,OPEN,SUPERSEDED
TEN-COOLIT-SYN-001,SITE-COOLIT-SYN-01,ERP,OPERATION_SCHEDULE,OPSCH-2-00107,MESOP-00107,RESOLVED,2026-09-25T23:59:59-06:00,2026-09-26T08:00:00-06:00,2026-06-29T00:00:00-06:00,,2,OPSCH-1-00107,false,ACTIVE,,,VALID,CURRENT,coolit-synthetic-v2.0.0,ALL_SYNTHETIC_CUSTOMERS,ALL_SYNTHETIC_PROGRAMS,CFG-CPL-01,SYNTHETIC_INTERNAL,SNP-COOLIT-20260925-BL,SCN-BASELINE,OPSCH-2-00107,SCH-V2,WO-0018,MESOP-00107,50,TEST-FUNC-01,2026-08-23T07:00:00-06:00,2026-08-23T17:00:00-06:00,107,COLDPLATE_LOOP,5,2,true,true,true,OPEN,SUPERSEDED
TEN-COOLIT-SYN-001,SITE-COOLIT-SYN-01,ERP,OPERATION_SCHEDULE,OPSCH-2-00108,MESOP-00108,RESOLVED,2026-09-25T23:59:59-06:00,2026-09-26T08:00:00-06:00,2026-06-29T00:00:00-06:00,,2,OPSCH-1-00108,false,ACTIVE,,,VALID,CURRENT,coolit-synthetic-v2.0.0,ALL_SYNTHETIC_CUSTOMERS,ALL_SYNTHETIC_PROGRAMS,CFG-CPL-01,SYNTHETIC_INTERNAL,SNP-COOLIT-20260925-BL,SCN-BASELINE,OPSCH-2-00108,SCH-V2,WO-0018,MESOP-00108,60,LINE-CPL-01,2026-08-24T07:00:00-06:00,2026-08-24T17:00:00-06:00,108,COLDPLATE_LOOP,5,2,true,true,true,OPEN,SUPERSEDED
TEN-COOLIT-SYN-001,SITE-COOLIT-SYN-01,ERP,OPERATION_SCHEDULE,OPSCH-2-00109,MESOP-00109,RESOLVED,2026-09-25T23:59:59-06:00,2026-09-26T08:00:00-06:00,2026-06-29T00:00:00-06:00,,2,OPSCH-1-00109,false,ACTIVE,,,VALID,CURRENT,coolit-synthetic-v2.0.0,ALL_SYNTHETIC_CUSTOMERS,ALL_SYNTHETIC_PROGRAMS,CFG-RM-04,SYNTHETIC_INTERNAL,SNP-COOLIT-20260925-BL,SCN-BASELINE,OPSCH-2-00109,SCH-V2,WO-0019,MESOP-00109,10,CELL-ROBOT-01,2026-08-22T07:00:00-06:00,2026-08-22T17:00:00-06:00,109,RACK_MANIFOLD,5,1,true,true,true,OPEN,SUPERSEDED
TEN-COOLIT-SYN-001,SITE-COOLIT-SYN-01,ERP,OPERATION_SCHEDULE,OPSCH-2-00110,MESOP-00110,RESOLVED,2026-09-25T23:59:59-06:00,2026-09-26T08:00:00-06:00,2026-06-29T00:00:00-06:00,,2,OPSCH-1-00110,false,ACTIVE,,,VALID,CURRENT,coolit-synthetic-v2.0.0,ALL_SYNTHETIC_CUSTOMERS,ALL_SYNTHETIC_PROGRAMS,CFG-RM-04,SYNTHETIC_INTERNAL,SNP-COOLIT-20260925-BL,SCN-BASELINE,OPSCH-2-00110,SCH-V2,WO-0019,MESOP-00110,20,LINE-RM-01,2026-08-23T07:00:00-06:00,2026-08-23T17:00:00-06:00,110,RACK_MANIFOLD,20,1,true,true,true,OPEN,SUPERSEDED
TEN-COOLIT-SYN-001,SITE-COOLIT-SYN-01,ERP,OPERATION_SCHEDULE,OPSCH-2-00111,MESOP-00111,RESOLVED,2026-09-25T23:59:59-06:00,2026-09-26T08:00:00-06:00,2026-06-29T00:00:00-06:00,,2,OPSCH-1-00111,false,ACTIVE,,,VALID,CURRENT,coolit-synthetic-v2.0.0,ALL_SYNTHETIC_CUSTOMERS,ALL_SYNTHETIC_PROGRAMS,CFG-RM-04,SYNTHETIC_INTERNAL,SNP-COOLIT-20260925-BL,SCN-BASELINE,OPSCH-2-00111,SCH-V2,WO-0019,MESOP-00111,30,TEST-LEAK-01,2026-08-24T07:00:00-06:00,2026-08-24T17:00:00-06:00,111,RACK_MANIFOLD,5,1,true,true,true,OPEN,SUPERSEDED
TEN-COOLIT-SYN-001,SITE-COOLIT-SYN-01,ERP,OPERATION_SCHEDULE,OPSCH-2-00112,MESOP-00112,RESOLVED,2026-09-25T23:59:59-06:00,2026-09-26T08:00:00-06:00,2026-06-29T00:00:00-06:00,,2,OPSCH-1-00112,false,ACTIVE,,,VALID,CURRENT,coolit-synthetic-v2.0.0,ALL_SYNTHETIC_CUSTOMERS,ALL_SYNTHETIC_PROGRAMS,CFG-RM-04,SYNTHETIC_INTERNAL,SNP-COOLIT-20260925-BL,SCN-BASELINE,OPSCH-2-00112,SCH-V2,WO-0019,MESOP-00112,40,TEST-LEAK-01,2026-08-25T07:00:00-06:00,2026-08-25T17:00:00-06:00,112,RACK_MANIFOLD,5,2,true,true,false,OPEN,SUPERSEDED
TEN-COOLIT-SYN-001,SITE-COOLIT-SYN-01,ERP,OPERATION_SCHEDULE,OPSCH-2-00113,MESOP-00113,RESOLVED,2026-09-25T23:59:59-06:00,2026-09-26T08:00:00-06:00,2026-06-29T00:00:00-06:00,,2,OPSCH-1-00113,false,ACTIVE,,,VALID,CURRENT,coolit-synthetic-v2.0.0,ALL_SYNTHETIC_CUSTOMERS,ALL_SYNTHETIC_PROGRAMS,CFG-RM-04,SYNTHETIC_INTERNAL,SNP-COOLIT-20260925-BL,SCN-BASELINE,OPSCH-2-00113,SCH-V2,WO-0019,MESOP-00113,50,TEST-FUNC-01,2026-08-26T07:00:00-06:00,2026-08-26T17:00:00-06:00,113,RACK_MANIFOLD,5,2,true,true,true,OPEN,SUPERSEDED
TEN-COOLIT-SYN-001,SITE-COOLIT-SYN-01,ERP,OPERATION_SCHEDULE,OPSCH-2-00114,MESOP-00114,RESOLVED,2026-09-25T23:59:59-06:00,2026-09-26T08:00:00-06:00,2026-06-29T00:00:00-06:00,,2,OPSCH-1-00114,false,ACTIVE,,,VALID,CURRENT,coolit-synthetic-v2.0.0,ALL_SYNTHETIC_CUSTOMERS,ALL_SYNTHETIC_PROGRAMS,CFG-RM-04,SYNTHETIC_INTERNAL,SNP-COOLIT-20260925-BL,SCN-BASELINE,OPSCH-2-00114,SCH-V2,WO-0019,MESOP-00114,60,LINE-RM-01,2026-08-27T07:00:00-06:00,2026-08-27T17:00:00-06:00,114,RACK_MANIFOLD,5,2,true,true,true,OPEN,SUPERSEDED
TEN-COOLIT-SYN-001,SITE-COOLIT-SYN-01,ERP,OPERATION_SCHEDULE,OPSCH-2-00115,MESOP-00115,RESOLVED,2026-09-25T23:59:59-06:00,2026-09-26T08:00:00-06:00,2026-06-29T00:00:00-06:00,,2,OPSCH-1-00115,false,ACTIVE,,,VALID,CURRENT,coolit-synthetic-v2.0.0,ALL_SYNTHETIC_CUSTOMERS,ALL_SYNTHETIC_PROGRAMS,CFG-CPL-03,SYNTHETIC_INTERNAL,SNP-COOLIT-20260925-BL,SCN-BASELINE,OPSCH-2-00115,SCH-V2,WO-0020,MESOP-00115,10,CELL-ROBOT-01,2026-08-25T07:00:00-06:00,2026-08-25T17:00:00-06:00,115,COLDPLATE_LOOP,5,1,true,true,true,OPEN,SUPERSEDED
TEN-COOLIT-SYN-001,SITE-COOLIT-SYN-01,ERP,OPERATION_SCHEDULE,OPSCH-2-00116,MESOP-00116,RESOLVED,2026-09-25T23:59:59-06:00,2026-09-26T08:00:00-06:00,2026-06-29T00:00:00-06:00,,2,OPSCH-1-00116,false,ACTIVE,,,VALID,CURRENT,coolit-synthetic-v2.0.0,ALL_SYNTHETIC_CUSTOMERS,ALL_SYNTHETIC_PROGRAMS,CFG-CPL-03,SYNTHETIC_INTERNAL,SNP-COOLIT-20260925-BL,SCN-BASELINE,OPSCH-2-00116,SCH-V2,WO-0020,MESOP-00116,20,LINE-CPL-01,2026-08-26T07:00:00-06:00,2026-08-26T17:00:00-06:00,116,COLDPLATE_LOOP,20,1,true,true,true,OPEN,SUPERSEDED
TEN-COOLIT-SYN-001,SITE-COOLIT-SYN-01,ERP,OPERATION_SCHEDULE,OPSCH-2-00117,MESOP-00117,RESOLVED,2026-09-25T23:59:59-06:00,2026-09-26T08:00:00-06:00,2026-06-29T00:00:00-06:00,,2,OPSCH-1-00117,false,ACTIVE,,,VALID,CURRENT,coolit-synthetic-v2.0.0,ALL_SYNTHETIC_CUSTOMERS,ALL_SYNTHETIC_PROGRAMS,CFG-CPL-03,SYNTHETIC_INTERNAL,SNP-COOLIT-20260925-BL,SCN-BASELINE,OPSCH-2-00117,SCH-V2,WO-0020,MESOP-00117,30,TEST-LEAK-01,2026-08-27T07:00:00-06:00,2026-08-27T17:00:00-06:00,117,COLDPLATE_LOOP,5,1,false,true,true,OPEN,SUPERSEDED
TEN-COOLIT-SYN-001,SITE-COOLIT-SYN-01,ERP,OPERATION_SCHEDULE,OPSCH-2-00118,MESOP-00118,RESOLVED,2026-09-25T23:59:59-06:00,2026-09-26T08:00:00-06:00,2026-06-29T00:00:00-06:00,,2,OPSCH-1-00118,false,ACTIVE,,,VALID,CURRENT,coolit-synthetic-v2.0.0,ALL_SYNTHETIC_CUSTOMERS,ALL_SYNTHETIC_PROGRAMS,CFG-CPL-03,SYNTHETIC_INTERNAL,SNP-COOLIT-20260925-BL,SCN-BASELINE,OPSCH-2-00118,SCH-V2,WO-0020,MESOP-00118,40,TEST-LEAK-01,2026-08-28T07:00:00-06:00,2026-08-28T17:00:00-06:00,118,COLDPLATE_LOOP,5,2,true,true,true,OPEN,SUPERSEDED
TEN-COOLIT-SYN-001,SITE-COOLIT-SYN-01,ERP,OPERATION_SCHEDULE,OPSCH-2-00119,MESOP-00119,RESOLVED,2026-09-25T23:59:59-06:00,2026-09-26T08:00:00-06:00,2026-06-29T00:00:00-06:00,,2,OPSCH-1-00119,false,ACTIVE,,,VALID,CURRENT,coolit-synthetic-v2.0.0,ALL_SYNTHETIC_CUSTOMERS,ALL_SYNTHETIC_PROGRAMS,CFG-CPL-03,SYNTHETIC_INTERNAL,SNP-COOLIT-20260925-BL,SCN-BASELINE,OPSCH-2-00119,SCH-V2,WO-0020,MESOP-00119,50,TEST-FUNC-01,2026-08-29T07:00:00-06:00,2026-08-29T17:00:00-06:00,119,COLDPLATE_LOOP,5,2,true,true,true,OPEN,SUPERSEDED
TEN-COOLIT-SYN-001,SITE-COOLIT-SYN-01,ERP,OPERATION_SCHEDULE,OPSCH-2-00120,MESOP-00120,RESOLVED,2026-09-25T23:59:59-06:00,2026-09-26T08:00:00-06:00,2026-06-29T00:00:00-06:00,,2,OPSCH-1-00120,false,ACTIVE,,,VALID,CURRENT,coolit-synthetic-v2.0.0,ALL_SYNTHETIC_CUSTOMERS,ALL_SYNTHETIC_PROGRAMS,CFG-CPL-03,SYNTHETIC_INTERNAL,SNP-COOLIT-20260925-BL,SCN-BASELINE,OPSCH-2-00120,SCH-V2,WO-0020,MESOP-00120,60,LINE-CPL-01,2026-08-30T07:00:00-06:00,2026-08-30T17:00:00-06:00,120,COLDPLATE_LOOP,5,2,true,true,true,OPEN,SUPERSEDED
TEN-COOLIT-SYN-001,SITE-COOLIT-SYN-01,ERP,OPERATION_SCHEDULE,OPSCH-2-00121,MESOP-00121,RESOLVED,2026-09-25T23:59:59-06:00,2026-09-26T08:00:00-06:00,2026-06-29T00:00:00-06:00,,2,OPSCH-1-00121,false,ACTIVE,,,VALID,CURRENT,coolit-synthetic-v2.0.0,ALL_SYNTHETIC_CUSTOMERS,ALL_SYNTHETIC_PROGRAMS,CFG-CDU-02,SYNTHETIC_INTERNAL,SNP-COOLIT-20260925-BL,SCN-BASELINE,OPSCH-2-00121,SCH-V2,WO-0021,MESOP-00121,10,CELL-ROBOT-01,2026-08-28T07:00:00-06:00,2026-08-28T17:00:00-06:00,121,COOLANT_DISTRIBUTION_UNIT,5,1,true,true,true,OPEN,SUPERSEDED
TEN-COOLIT-SYN-001,SITE-COOLIT-SYN-01,ERP,OPERATION_SCHEDULE,OPSCH-2-00122,MESOP-00122,RESOLVED,2026-09-25T23:59:59-06:00,2026-09-26T08:00:00-06:00,2026-06-29T00:00:00-06:00,,2,OPSCH-1-00122,false,ACTIVE,,,VALID,CURRENT,coolit-synthetic-v2.0.0,ALL_SYNTHETIC_CUSTOMERS,ALL_SYNTHETIC_PROGRAMS,CFG-CDU-02,SYNTHETIC_INTERNAL,SNP-COOLIT-20260925-BL,SCN-BASELINE,OPSCH-2-00122,SCH-V2,WO-0021,MESOP-00122,20,LINE-CDU-01,2026-08-29T07:00:00-06:00,2026-08-29T17:00:00-06:00,122,COOLANT_DISTRIBUTION_UNIT,20,1,true,true,true,OPEN,SUPERSEDED
TEN-COOLIT-SYN-001,SITE-COOLIT-SYN-01,ERP,OPERATION_SCHEDULE,OPSCH-2-00123,MESOP-00123,RESOLVED,2026-09-25T23:59:59-06:00,2026-09-26T08:00:00-06:00,2026-06-29T00:00:00-06:00,,2,OPSCH-1-00123,false,ACTIVE,,,VALID,CURRENT,coolit-synthetic-v2.0.0,ALL_SYNTHETIC_CUSTOMERS,ALL_SYNTHETIC_PROGRAMS,CFG-CDU-02,SYNTHETIC_INTERNAL,SNP-COOLIT-20260925-BL,SCN-BASELINE,OPSCH-2-00123,SCH-V2,WO-0021,MESOP-00123,30,TEST-LEAK-01,2026-08-30T07:00:00-06:00,2026-08-30T17:00:00-06:00,123,COOLANT_DISTRIBUTION_UNIT,5,1,true,true,true,OPEN,SUPERSEDED
TEN-COOLIT-SYN-001,SITE-COOLIT-SYN-01,ERP,OPERATION_SCHEDULE,OPSCH-2-00124,MESOP-00124,RESOLVED,2026-09-25T23:59:59-06:00,2026-09-26T08:00:00-06:00,2026-06-29T00:00:00-06:00,,2,OPSCH-1-00124,false,ACTIVE,,,VALID,CURRENT,coolit-synthetic-v2.0.0,ALL_SYNTHETIC_CUSTOMERS,ALL_SYNTHETIC_PROGRAMS,CFG-CDU-02,SYNTHETIC_INTERNAL,SNP-COOLIT-20260925-BL,SCN-BASELINE,OPSCH-2-00124,SCH-V2,WO-0021,MESOP-00124,40,TEST-LEAK-01,2026-08-31T07:00:00-06:00,2026-08-31T17:00:00-06:00,124,COOLANT_DISTRIBUTION_UNIT,5,2,true,true,true,OPEN,SUPERSEDED
TEN-COOLIT-SYN-001,SITE-COOLIT-SYN-01,ERP,OPERATION_SCHEDULE,OPSCH-2-00125,MESOP-00125,RESOLVED,2026-09-25T23:59:59-06:00,2026-09-26T08:00:00-06:00,2026-06-29T00:00:00-06:00,,2,OPSCH-1-00125,false,ACTIVE,,,VALID,CURRENT,coolit-synthetic-v2.0.0,ALL_SYNTHETIC_CUSTOMERS,ALL_SYNTHETIC_PROGRAMS,CFG-RM-01,SYNTHETIC_INTERNAL,SNP-COOLIT-20260925-BL,SCN-BASELINE,OPSCH-2-00125,SCH-V2,WO-0022,MESOP-00125,10,CELL-ROBOT-01,2026-08-31T07:00:00-06:00,2026-08-31T17:00:00-06:00,125,RACK_MANIFOLD,5,1,true,false,true,OPEN,SUPERSEDED
TEN-COOLIT-SYN-001,SITE-COOLIT-SYN-01,ERP,OPERATION_SCHEDULE,OPSCH-2-00126,MESOP-00126,RESOLVED,2026-09-25T23:59:59-06:00,2026-09-26T08:00:00-06:00,2026-06-29T00:00:00-06:00,,2,OPSCH-1-00126,false,ACTIVE,,,VALID,CURRENT,coolit-synthetic-v2.0.0,ALL_SYNTHETIC_CUSTOMERS,ALL_SYNTHETIC_PROGRAMS,CFG-RM-01,SYNTHETIC_INTERNAL,SNP-COOLIT-20260925-BL,SCN-BASELINE,OPSCH-2-00126,SCH-V2,WO-0022,MESOP-00126,20,LINE-RM-01,2026-09-01T07:00:00-06:00,2026-09-01T17:00:00-06:00,126,RACK_MANIFOLD,20,1,true,true,true,OPEN,SUPERSEDED
TEN-COOLIT-SYN-001,SITE-COOLIT-SYN-01,ERP,OPERATION_SCHEDULE,OPSCH-2-00127,MESOP-00127,RESOLVED,2026-09-25T23:59:59-06:00,2026-09-26T08:00:00-06:00,2026-06-29T00:00:00-06:00,,2,OPSCH-1-00127,false,ACTIVE,,,VALID,CURRENT,coolit-synthetic-v2.0.0,ALL_SYNTHETIC_CUSTOMERS,ALL_SYNTHETIC_PROGRAMS,CFG-RM-01,SYNTHETIC_INTERNAL,SNP-COOLIT-20260925-BL,SCN-BASELINE,OPSCH-2-00127,SCH-V2,WO-0022,MESOP-00127,30,TEST-LEAK-01,2026-09-02T07:00:00-06:00,2026-09-02T17:00:00-06:00,127,RACK_MANIFOLD,5,1,true,true,true,OPEN,SUPERSEDED
TEN-COOLIT-SYN-001,SITE-COOLIT-SYN-01,ERP,OPERATION_SCHEDULE,OPSCH-2-00128,MESOP-00128,RESOLVED,2026-09-25T23:59:59-06:00,2026-09-26T08:00:00-06:00,2026-06-29T00:00:00-06:00,,2,OPSCH-1-00128,false,ACTIVE,,,VALID,CURRENT,coolit-synthetic-v2.0.0,ALL_SYNTHETIC_CUSTOMERS,ALL_SYNTHETIC_PROGRAMS,CFG-RM-01,SYNTHETIC_INTERNAL,SNP-COOLIT-20260925-BL,SCN-BASELINE,OPSCH-2-00128,SCH-V2,WO-0022,MESOP-00128,40,TEST-LEAK-01,2026-09-03T07:00:00-06:00,2026-09-03T17:00:00-06:00,128,RACK_MANIFOLD,5,2,true,true,true,OPEN,SUPERSEDED
TEN-COOLIT-SYN-001,SITE-COOLIT-SYN-01,ERP,OPERATION_SCHEDULE,OPSCH-2-00129,MESOP-00129,RESOLVED,2026-09-25T23:59:59-06:00,2026-09-26T08:00:00-06:00,2026-06-29T00:00:00-06:00,,2,OPSCH-1-00129,false,ACTIVE,,,VALID,CURRENT,coolit-synthetic-v2.0.0,ALL_SYNTHETIC_CUSTOMERS,ALL_SYNTHETIC_PROGRAMS,CFG-CDU-04,SYNTHETIC_INTERNAL,SNP-COOLIT-20260925-BL,SCN-BASELINE,OPSCH-2-00129,SCH-V2,WO-0023,MESOP-00129,10,CELL-ROBOT-01,2026-09-03T07:00:00-06:00,2026-09-03T17:00:00-06:00,129,COOLANT_DISTRIBUTION_UNIT,5,1,true,true,true,OPEN,SUPERSEDED
TEN-COOLIT-SYN-001,SITE-COOLIT-SYN-01,ERP,OPERATION_SCHEDULE,OPSCH-2-00130,MESOP-00130,RESOLVED,2026-09-25T23:59:59-06:00,2026-09-26T08:00:00-06:00,2026-06-29T00:00:00-06:00,,2,OPSCH-1-00130,false,ACTIVE,,,VALID,CURRENT,coolit-synthetic-v2.0.0,ALL_SYNTHETIC_CUSTOMERS,ALL_SYNTHETIC_PROGRAMS,CFG-CDU-04,SYNTHETIC_INTERNAL,SNP-COOLIT-20260925-BL,SCN-BASELINE,OPSCH-2-00130,SCH-V2,WO-0023,MESOP-00130,20,LINE-CDU-01,2026-09-04T07:00:00-06:00,2026-09-04T17:00:00-06:00,130,COOLANT_DISTRIBUTION_UNIT,20,1,true,true,true,OPEN,SUPERSEDED
TEN-COOLIT-SYN-001,SITE-COOLIT-SYN-01,ERP,OPERATION_SCHEDULE,OPSCH-2-00131,MESOP-00131,RESOLVED,2026-09-25T23:59:59-06:00,2026-09-26T08:00:00-06:00,2026-06-29T00:00:00-06:00,,2,OPSCH-1-00131,false,ACTIVE,,,VALID,CURRENT,coolit-synthetic-v2.0.0,ALL_SYNTHETIC_CUSTOMERS,ALL_SYNTHETIC_PROGRAMS,CFG-CDU-04,SYNTHETIC_INTERNAL,SNP-COOLIT-20260925-BL,SCN-BASELINE,OPSCH-2-00131,SCH-V2,WO-0023,MESOP-00131,30,TEST-LEAK-01,2026-09-05T07:00:00-06:00,2026-09-05T17:00:00-06:00,131,COOLANT_DISTRIBUTION_UNIT,5,1,true,true,true,OPEN,SUPERSEDED
TEN-COOLIT-SYN-001,SITE-COOLIT-SYN-01,ERP,OPERATION_SCHEDULE,OPSCH-2-00132,MESOP-00132,RESOLVED,2026-09-25T23:59:59-06:00,2026-09-26T08:00:00-06:00,2026-06-29T00:00:00-06:00,,2,OPSCH-1-00132,false,ACTIVE,,,VALID,CURRENT,coolit-synthetic-v2.0.0,ALL_SYNTHETIC_CUSTOMERS,ALL_SYNTHETIC_PROGRAMS,CFG-CDU-04,SYNTHETIC_INTERNAL,SNP-COOLIT-20260925-BL,SCN-BASELINE,OPSCH-2-00132,SCH-V2,WO-0023,MESOP-00132,40,TEST-LEAK-01,2026-09-06T07:00:00-06:00,2026-09-06T17:00:00-06:00,132,COOLANT_DISTRIBUTION_UNIT,5,2,true,true,true,OPEN,SUPERSEDED
TEN-COOLIT-SYN-001,SITE-COOLIT-SYN-01,ERP,OPERATION_SCHEDULE,OPSCH-2-00133,MESOP-00133,RESOLVED,2026-09-25T23:59:59-06:00,2026-09-26T08:00:00-06:00,2026-06-29T00:00:00-06:00,,2,OPSCH-1-00133,false,ACTIVE,,,VALID,CURRENT,coolit-synthetic-v2.0.0,ALL_SYNTHETIC_CUSTOMERS,ALL_SYNTHETIC_PROGRAMS,CFG-RM-03,SYNTHETIC_INTERNAL,SNP-COOLIT-20260925-BL,SCN-BASELINE,OPSCH-2-00133,SCH-V2,WO-0024,MESOP-00133,10,CELL-ROBOT-01,2026-09-06T07:00:00-06:00,2026-09-06T17:00:00-06:00,133,RACK_MANIFOLD,5,1,true,true,true,OPEN,SUPERSEDED
TEN-COOLIT-SYN-001,SITE-COOLIT-SYN-01,ERP,OPERATION_SCHEDULE,OPSCH-2-00134,MESOP-00134,RESOLVED,2026-09-25T23:59:59-06:00,2026-09-26T08:00:00-06:00,2026-06-29T00:00:00-06:00,,2,OPSCH-1-00134,false,ACTIVE,,,VALID,CURRENT,coolit-synthetic-v2.0.0,ALL_SYNTHETIC_CUSTOMERS,ALL_SYNTHETIC_PROGRAMS,CFG-RM-03,SYNTHETIC_INTERNAL,SNP-COOLIT-20260925-BL,SCN-BASELINE,OPSCH-2-00134,SCH-V2,WO-0024,MESOP-00134,20,LINE-RM-01,2026-09-07T07:00:00-06:00,2026-09-07T17:00:00-06:00,134,RACK_MANIFOLD,20,1,true,true,true,OPEN,SUPERSEDED
TEN-COOLIT-SYN-001,SITE-COOLIT-SYN-01,ERP,OPERATION_SCHEDULE,OPSCH-2-00135,MESOP-00135,RESOLVED,2026-09-25T23:59:59-06:00,2026-09-26T08:00:00-06:00,2026-06-29T00:00:00-06:00,,2,OPSCH-1-00135,false,ACTIVE,,,VALID,CURRENT,coolit-synthetic-v2.0.0,ALL_SYNTHETIC_CUSTOMERS,ALL_SYNTHETIC_PROGRAMS,CFG-RM-03,SYNTHETIC_INTERNAL,SNP-COOLIT-20260925-BL,SCN-BASELINE,OPSCH-2-00135,SCH-V2,WO-0024,MESOP-00135,30,TEST-LEAK-01,2026-09-08T07:00:00-06:00,2026-09-08T17:00:00-06:00,135,RACK_MANIFOLD,5,1,true,true,true,OPEN,SUPERSEDED
TEN-COOLIT-SYN-001,SITE-COOLIT-SYN-01,ERP,OPERATION_SCHEDULE,OPSCH-2-00136,MESOP-00136,RESOLVED,2026-09-25T23:59:59-06:00,2026-09-26T08:00:00-06:00,2026-06-29T00:00:00-06:00,,2,OPSCH-1-00136,false,ACTIVE,,,VALID,CURRENT,coolit-synthetic-v2.0.0,ALL_SYNTHETIC_CUSTOMERS,ALL_SYNTHETIC_PROGRAMS,CFG-RM-03,SYNTHETIC_INTERNAL,SNP-COOLIT-20260925-BL,SCN-BASELINE,OPSCH-2-00136,SCH-V2,WO-0024,MESOP-00136,40,TEST-LEAK-01,2026-09-09T07:00:00-06:00,2026-09-09T17:00:00-06:00,136,RACK_MANIFOLD,5,2,true,true,true,OPEN,SUPERSEDED
TEN-COOLIT-SYN-001,SITE-COOLIT-SYN-01,ERP,OPERATION_SCHEDULE,OPSCH-2-00137,MESOP-00137,RESOLVED,2026-09-25T23:59:59-06:00,2026-09-26T08:00:00-06:00,2026-06-29T00:00:00-06:00,,2,OPSCH-1-00137,false,ACTIVE,,,VALID,CURRENT,coolit-synthetic-v2.0.0,ALL_SYNTHETIC_CUSTOMERS,ALL_SYNTHETIC_PROGRAMS,CFG-CPL-02,SYNTHETIC_INTERNAL,SNP-COOLIT-20260925-BL,SCN-BASELINE,OPSCH-2-00137,SCH-V2,WO-0025,MESOP-00137,10,CELL-ROBOT-01,2026-09-09T07:00:00-06:00,2026-09-09T17:00:00-06:00,137,COLDPLATE_LOOP,5,1,true,true,true,OPEN,SUPERSEDED
TEN-COOLIT-SYN-001,SITE-COOLIT-SYN-01,ERP,OPERATION_SCHEDULE,OPSCH-2-00138,MESOP-00138,RESOLVED,2026-09-25T23:59:59-06:00,2026-09-26T08:00:00-06:00,2026-06-29T00:00:00-06:00,,2,OPSCH-1-00138,false,ACTIVE,,,VALID,CURRENT,coolit-synthetic-v2.0.0,ALL_SYNTHETIC_CUSTOMERS,ALL_SYNTHETIC_PROGRAMS,CFG-CPL-02,SYNTHETIC_INTERNAL,SNP-COOLIT-20260925-BL,SCN-BASELINE,OPSCH-2-00138,SCH-V2,WO-0025,MESOP-00138,20,LINE-CPL-01,2026-09-10T07:00:00-06:00,2026-09-10T17:00:00-06:00,138,COLDPLATE_LOOP,20,1,true,true,true,OPEN,SUPERSEDED
TEN-COOLIT-SYN-001,SITE-COOLIT-SYN-01,ERP,OPERATION_SCHEDULE,OPSCH-2-00139,MESOP-00139,RESOLVED,2026-09-25T23:59:59-06:00,2026-09-26T08:00:00-06:00,2026-06-29T00:00:00-06:00,,2,OPSCH-1-00139,false,ACTIVE,,,VALID,CURRENT,coolit-synthetic-v2.0.0,ALL_SYNTHETIC_CUSTOMERS,ALL_SYNTHETIC_PROGRAMS,CFG-CPL-02,SYNTHETIC_INTERNAL,SNP-COOLIT-20260925-BL,SCN-BASELINE,OPSCH-2-00139,SCH-V2,WO-0025,MESOP-00139,30,TEST-LEAK-01,2026-09-11T07:00:00-06:00,2026-09-11T17:00:00-06:00,139,COLDPLATE_LOOP,5,1,true,true,true,OPEN,SUPERSEDED
TEN-COOLIT-SYN-001,SITE-COOLIT-SYN-01,ERP,OPERATION_SCHEDULE,OPSCH-2-00140,MESOP-00140,RESOLVED,2026-09-25T23:59:59-06:00,2026-09-26T08:00:00-06:00,2026-06-29T00:00:00-06:00,,2,OPSCH-1-00140,false,ACTIVE,,,VALID,CURRENT,coolit-synthetic-v2.0.0,ALL_SYNTHETIC_CUSTOMERS,ALL_SYNTHETIC_PROGRAMS,CFG-CPL-02,SYNTHETIC_INTERNAL,SNP-COOLIT-20260925-BL,SCN-BASELINE,OPSCH-2-00140,SCH-V2,WO-0025,MESOP-00140,40,TEST-LEAK-01,2026-09-12T07:00:00-06:00,2026-09-12T17:00:00-06:00,140,COLDPLATE_LOOP,5,2,true,true,true,OPEN,SUPERSEDED
TEN-COOLIT-SYN-001,SITE-COOLIT-SYN-01,ERP,OPERATION_SCHEDULE,OPSCH-2-00141,MESOP-00141,RESOLVED,2026-09-25T23:59:59-06:00,2026-09-26T08:00:00-06:00,2026-06-29T00:00:00-06:00,,2,OPSCH-1-00141,false,ACTIVE,,,VALID,CURRENT,coolit-synthetic-v2.0.0,ALL_SYNTHETIC_CUSTOMERS,ALL_SYNTHETIC_PROGRAMS,CFG-CDU-01,SYNTHETIC_INTERNAL,SNP-COOLIT-20260925-BL,SCN-BASELINE,OPSCH-2-00141,SCH-V2,WO-0026,MESOP-00141,10,CELL-ROBOT-01,2026-09-12T07:00:00-06:00,2026-09-12T17:00:00-06:00,141,COOLANT_DISTRIBUTION_UNIT,5,1,true,true,true,OPEN,SUPERSEDED
TEN-COOLIT-SYN-001,SITE-COOLIT-SYN-01,ERP,OPERATION_SCHEDULE,OPSCH-2-00142,MESOP-00142,RESOLVED,2026-09-25T23:59:59-06:00,2026-09-26T08:00:00-06:00,2026-06-29T00:00:00-06:00,,2,OPSCH-1-00142,false,ACTIVE,,,VALID,CURRENT,coolit-synthetic-v2.0.0,ALL_SYNTHETIC_CUSTOMERS,ALL_SYNTHETIC_PROGRAMS,CFG-CDU-01,SYNTHETIC_INTERNAL,SNP-COOLIT-20260925-BL,SCN-BASELINE,OPSCH-2-00142,SCH-V2,WO-0026,MESOP-00142,20,LINE-CDU-01,2026-09-13T07:00:00-06:00,2026-09-13T17:00:00-06:00,142,COOLANT_DISTRIBUTION_UNIT,20,1,true,true,true,OPEN,SUPERSEDED
TEN-COOLIT-SYN-001,SITE-COOLIT-SYN-01,ERP,OPERATION_SCHEDULE,OPSCH-2-00143,MESOP-00143,RESOLVED,2026-09-25T23:59:59-06:00,2026-09-26T08:00:00-06:00,2026-06-29T00:00:00-06:00,,2,OPSCH-1-00143,false,ACTIVE,,,VALID,CURRENT,coolit-synthetic-v2.0.0,ALL_SYNTHETIC_CUSTOMERS,ALL_SYNTHETIC_PROGRAMS,CFG-CDU-01,SYNTHETIC_INTERNAL,SNP-COOLIT-20260925-BL,SCN-BASELINE,OPSCH-2-00143,SCH-V2,WO-0026,MESOP-00143,30,TEST-LEAK-01,2026-09-14T07:00:00-06:00,2026-09-14T17:00:00-06:00,143,COOLANT_DISTRIBUTION_UNIT,5,1,true,true,true,OPEN,SUPERSEDED
TEN-COOLIT-SYN-001,SITE-COOLIT-SYN-01,ERP,OPERATION_SCHEDULE,OPSCH-2-00144,MESOP-00144,RESOLVED,2026-09-25T23:59:59-06:00,2026-09-26T08:00:00-06:00,2026-06-29T00:00:00-06:00,,2,OPSCH-1-00144,false,ACTIVE,,,VALID,CURRENT,coolit-synthetic-v2.0.0,ALL_SYNTHETIC_CUSTOMERS,ALL_SYNTHETIC_PROGRAMS,CFG-CDU-01,SYNTHETIC_INTERNAL,SNP-COOLIT-20260925-BL,SCN-BASELINE,OPSCH-2-00144,SCH-V2,WO-0026,MESOP-00144,40,TEST-LEAK-01,2026-09-15T07:00:00-06:00,2026-09-15T17:00:00-06:00,144,COOLANT_DISTRIBUTION_UNIT,5,2,true,true,true,OPEN,SUPERSEDED
TEN-COOLIT-SYN-001,SITE-COOLIT-SYN-01,ERP,OPERATION_SCHEDULE,OPSCH-2-00145,MESOP-00145,RESOLVED,2026-09-25T23:59:59-06:00,2026-09-26T08:00:00-06:00,2026-06-29T00:00:00-06:00,,2,OPSCH-1-00145,false,ACTIVE,,,VALID,CURRENT,coolit-synthetic-v2.0.0,ALL_SYNTHETIC_CUSTOMERS,ALL_SYNTHETIC_PROGRAMS,CFG-CPL-04,SYNTHETIC_INTERNAL,SNP-COOLIT-20260925-BL,SCN-BASELINE,OPSCH-2-00145,SCH-V2,WO-0027,MESOP-00145,10,CELL-ROBOT-01,2026-09-28T07:00:00-06:00,2026-09-28T17:00:00-06:00,145,COLDPLATE_LOOP,5,1,true,true,true,OPEN,SUPERSEDED
TEN-COOLIT-SYN-001,SITE-COOLIT-SYN-01,ERP,OPERATION_SCHEDULE,OPSCH-2-00146,MESOP-00146,RESOLVED,2026-09-25T23:59:59-06:00,2026-09-26T08:00:00-06:00,2026-06-29T00:00:00-06:00,,2,OPSCH-1-00146,false,ACTIVE,,,VALID,CURRENT,coolit-synthetic-v2.0.0,ALL_SYNTHETIC_CUSTOMERS,ALL_SYNTHETIC_PROGRAMS,CFG-CPL-04,SYNTHETIC_INTERNAL,SNP-COOLIT-20260925-BL,SCN-BASELINE,OPSCH-2-00146,SCH-V2,WO-0027,MESOP-00146,20,LINE-CPL-01,2026-09-29T07:00:00-06:00,2026-09-29T17:00:00-06:00,146,COLDPLATE_LOOP,20,1,false,true,true,OPEN,SUPERSEDED
TEN-COOLIT-SYN-001,SITE-COOLIT-SYN-01,ERP,OPERATION_SCHEDULE,OPSCH-2-00147,MESOP-00147,RESOLVED,2026-09-25T23:59:59-06:00,2026-09-26T08:00:00-06:00,2026-06-29T00:00:00-06:00,,2,OPSCH-1-00147,false,ACTIVE,,,VALID,CURRENT,coolit-synthetic-v2.0.0,ALL_SYNTHETIC_CUSTOMERS,ALL_SYNTHETIC_PROGRAMS,CFG-CPL-04,SYNTHETIC_INTERNAL,SNP-COOLIT-20260925-BL,SCN-BASELINE,OPSCH-2-00147,SCH-V2,WO-0027,MESOP-00147,30,TEST-LEAK-01,2026-09-30T07:00:00-06:00,2026-09-30T17:00:00-06:00,147,COLDPLATE_LOOP,5,1,true,true,true,OPEN,SUPERSEDED
TEN-COOLIT-SYN-001,SITE-COOLIT-SYN-01,ERP,OPERATION_SCHEDULE,OPSCH-2-00148,MESOP-00148,RESOLVED,2026-09-25T23:59:59-06:00,2026-09-26T08:00:00-06:00,2026-06-29T00:00:00-06:00,,2,OPSCH-1-00148,false,ACTIVE,,,VALID,CURRENT,coolit-synthetic-v2.0.0,ALL_SYNTHETIC_CUSTOMERS,ALL_SYNTHETIC_PROGRAMS,CFG-CPL-04,SYNTHETIC_INTERNAL,SNP-COOLIT-20260925-BL,SCN-BASELINE,OPSCH-2-00148,SCH-V2,WO-0027,MESOP-00148,40,TEST-LEAK-01,2026-10-01T07:00:00-06:00,2026-10-01T17:00:00-06:00,148,COLDPLATE_LOOP,5,2,true,true,true,OPEN,SUPERSEDED
TEN-COOLIT-SYN-001,SITE-COOLIT-SYN-01,ERP,OPERATION_SCHEDULE,OPSCH-2-00149,MESOP-00149,RESOLVED,2026-09-25T23:59:59-06:00,2026-09-26T08:00:00-06:00,2026-06-29T00:00:00-06:00,,2,OPSCH-1-00149,false,ACTIVE,,,VALID,CURRENT,coolit-synthetic-v2.0.0,ALL_SYNTHETIC_CUSTOMERS,ALL_SYNTHETIC_PROGRAMS,CFG-CDU-03,SYNTHETIC_INTERNAL,SNP-COOLIT-20260925-BL,SCN-BASELINE,OPSCH-2-00149,SCH-V2,WO-0028,MESOP-00149,10,CELL-ROBOT-01,2026-10-02T07:00:00-06:00,2026-10-02T17:00:00-06:00,149,COOLANT_DISTRIBUTION_UNIT,5,1,true,true,true,OPEN,SUPERSEDED
TEN-COOLIT-SYN-001,SITE-COOLIT-SYN-01,ERP,OPERATION_SCHEDULE,OPSCH-2-00150,MESOP-00150,RESOLVED,2026-09-25T23:59:59-06:00,2026-09-26T08:00:00-06:00,2026-06-29T00:00:00-06:00,,2,OPSCH-1-00150,false,ACTIVE,,,VALID,CURRENT,coolit-synthetic-v2.0.0,ALL_SYNTHETIC_CUSTOMERS,ALL_SYNTHETIC_PROGRAMS,CFG-CDU-03,SYNTHETIC_INTERNAL,SNP-COOLIT-20260925-BL,SCN-BASELINE,OPSCH-2-00150,SCH-V2,WO-0028,MESOP-00150,20,LINE-CDU-01,2026-10-03T07:00:00-06:00,2026-10-03T17:00:00-06:00,150,COOLANT_DISTRIBUTION_UNIT,20,1,true,true,true,OPEN,SUPERSEDED
TEN-COOLIT-SYN-001,SITE-COOLIT-SYN-01,ERP,OPERATION_SCHEDULE,OPSCH-2-00151,MESOP-00151,RESOLVED,2026-09-25T23:59:59-06:00,2026-09-26T08:00:00-06:00,2026-06-29T00:00:00-06:00,,2,OPSCH-1-00151,false,ACTIVE,,,VALID,CURRENT,coolit-synthetic-v2.0.0,ALL_SYNTHETIC_CUSTOMERS,ALL_SYNTHETIC_PROGRAMS,CFG-CDU-03,SYNTHETIC_INTERNAL,SNP-COOLIT-20260925-BL,SCN-BASELINE,OPSCH-2-00151,SCH-V2,WO-0028,MESOP-00151,30,TEST-LEAK-01,2026-10-04T07:00:00-06:00,2026-10-04T17:00:00-06:00,151,COOLANT_DISTRIBUTION_UNIT,5,1,true,true,true,OPEN,SUPERSEDED
TEN-COOLIT-SYN-001,SITE-COOLIT-SYN-01,ERP,OPERATION_SCHEDULE,OPSCH-2-00152,MESOP-00152,RESOLVED,2026-09-25T23:59:59-06:00,2026-09-26T08:00:00-06:00,2026-06-29T00:00:00-06:00,,2,OPSCH-1-00152,false,ACTIVE,,,VALID,CURRENT,coolit-synthetic-v2.0.0,ALL_SYNTHETIC_CUSTOMERS,ALL_SYNTHETIC_PROGRAMS,CFG-CDU-03,SYNTHETIC_INTERNAL,SNP-COOLIT-20260925-BL,SCN-BASELINE,OPSCH-2-00152,SCH-V2,WO-0028,MESOP-00152,40,TEST-LEAK-01,2026-10-05T07:00:00-06:00,2026-10-05T17:00:00-06:00,152,COOLANT_DISTRIBUTION_UNIT,5,2,true,true,true,OPEN,SUPERSEDED
TEN-COOLIT-SYN-001,SITE-COOLIT-SYN-01,ERP,OPERATION_SCHEDULE,OPSCH-2-00153,MESOP-00153,RESOLVED,2026-09-25T23:59:59-06:00,2026-09-26T08:00:00-06:00,2026-06-29T00:00:00-06:00,,2,OPSCH-1-00153,false,ACTIVE,,,VALID,CURRENT,coolit-synthetic-v2.0.0,ALL_SYNTHETIC_CUSTOMERS,ALL_SYNTHETIC_PROGRAMS,CFG-RM-02,SYNTHETIC_INTERNAL,SNP-COOLIT-20260925-BL,SCN-BASELINE,OPSCH-2-00153,SCH-V2,WO-0029,MESOP-00153,10,CELL-ROBOT-01,2026-10-06T07:00:00-06:00,2026-10-06T17:00:00-06:00,153,RACK_MANIFOLD,5,1,true,true,true,OPEN,SUPERSEDED
TEN-COOLIT-SYN-001,SITE-COOLIT-SYN-01,ERP,OPERATION_SCHEDULE,OPSCH-2-00154,MESOP-00154,RESOLVED,2026-09-25T23:59:59-06:00,2026-09-26T08:00:00-06:00,2026-06-29T00:00:00-06:00,,2,OPSCH-1-00154,false,ACTIVE,,,VALID,CURRENT,coolit-synthetic-v2.0.0,ALL_SYNTHETIC_CUSTOMERS,ALL_SYNTHETIC_PROGRAMS,CFG-RM-02,SYNTHETIC_INTERNAL,SNP-COOLIT-20260925-BL,SCN-BASELINE,OPSCH-2-00154,SCH-V2,WO-0029,MESOP-00154,20,LINE-RM-01,2026-10-07T07:00:00-06:00,2026-10-07T17:00:00-06:00,154,RACK_MANIFOLD,20,1,true,true,true,OPEN,SUPERSEDED
TEN-COOLIT-SYN-001,SITE-COOLIT-SYN-01,ERP,OPERATION_SCHEDULE,OPSCH-2-00155,MESOP-00155,RESOLVED,2026-09-25T23:59:59-06:00,2026-09-26T08:00:00-06:00,2026-06-29T00:00:00-06:00,,2,OPSCH-1-00155,false,ACTIVE,,,VALID,CURRENT,coolit-synthetic-v2.0.0,ALL_SYNTHETIC_CUSTOMERS,ALL_SYNTHETIC_PROGRAMS,CFG-RM-02,SYNTHETIC_INTERNAL,SNP-COOLIT-20260925-BL,SCN-BASELINE,OPSCH-2-00155,SCH-V2,WO-0029,MESOP-00155,30,TEST-LEAK-01,2026-10-08T07:00:00-06:00,2026-10-08T17:00:00-06:00,155,RACK_MANIFOLD,5,1,true,true,true,OPEN,SUPERSEDED
TEN-COOLIT-SYN-001,SITE-COOLIT-SYN-01,ERP,OPERATION_SCHEDULE,OPSCH-2-00156,MESOP-00156,RESOLVED,2026-09-25T23:59:59-06:00,2026-09-26T08:00:00-06:00,2026-06-29T00:00:00-06:00,,2,OPSCH-1-00156,false,ACTIVE,,,VALID,CURRENT,coolit-synthetic-v2.0.0,ALL_SYNTHETIC_CUSTOMERS,ALL_SYNTHETIC_PROGRAMS,CFG-RM-02,SYNTHETIC_INTERNAL,SNP-COOLIT-20260925-BL,SCN-BASELINE,OPSCH-2-00156,SCH-V2,WO-0029,MESOP-00156,40,TEST-LEAK-01,2026-10-09T07:00:00-06:00,2026-10-09T17:00:00-06:00,156,RACK_MANIFOLD,5,2,true,false,true,OPEN,SUPERSEDED
TEN-COOLIT-SYN-001,SITE-COOLIT-SYN-01,ERP,OPERATION_SCHEDULE,OPSCH-2-00157,MESOP-00157,RESOLVED,2026-09-25T23:59:59-06:00,2026-09-26T08:00:00-06:00,2026-06-29T00:00:00-06:00,,2,OPSCH-1-00157,false,ACTIVE,,,VALID,CURRENT,coolit-synthetic-v2.0.0,ALL_SYNTHETIC_CUSTOMERS,ALL_SYNTHETIC_PROGRAMS,CFG-CPL-01,SYNTHETIC_INTERNAL,SNP-COOLIT-20260925-BL,SCN-BASELINE,OPSCH-2-00157,SCH-V2,WO-0030,MESOP-00157,10,CELL-ROBOT-01,2026-10-10T07:00:00-06:00,2026-10-10T17:00:00-06:00,157,COLDPLATE_LOOP,5,1,true,true,true,OPEN,SUPERSEDED
TEN-COOLIT-SYN-001,SITE-COOLIT-SYN-01,ERP,OPERATION_SCHEDULE,OPSCH-2-00158,MESOP-00158,RESOLVED,2026-09-25T23:59:59-06:00,2026-09-26T08:00:00-06:00,2026-06-29T00:00:00-06:00,,2,OPSCH-1-00158,false,ACTIVE,,,VALID,CURRENT,coolit-synthetic-v2.0.0,ALL_SYNTHETIC_CUSTOMERS,ALL_SYNTHETIC_PROGRAMS,CFG-CPL-01,SYNTHETIC_INTERNAL,SNP-COOLIT-20260925-BL,SCN-BASELINE,OPSCH-2-00158,SCH-V2,WO-0030,MESOP-00158,20,LINE-CPL-01,2026-10-11T07:00:00-06:00,2026-10-11T17:00:00-06:00,158,COLDPLATE_LOOP,20,1,true,true,true,OPEN,SUPERSEDED
TEN-COOLIT-SYN-001,SITE-COOLIT-SYN-01,ERP,OPERATION_SCHEDULE,OPSCH-2-00159,MESOP-00159,RESOLVED,2026-09-25T23:59:59-06:00,2026-09-26T08:00:00-06:00,2026-06-29T00:00:00-06:00,,2,OPSCH-1-00159,false,ACTIVE,,,VALID,CURRENT,coolit-synthetic-v2.0.0,ALL_SYNTHETIC_CUSTOMERS,ALL_SYNTHETIC_PROGRAMS,CFG-CPL-01,SYNTHETIC_INTERNAL,SNP-COOLIT-20260925-BL,SCN-BASELINE,OPSCH-2-00159,SCH-V2,WO-0030,MESOP-00159,30,TEST-LEAK-01,2026-10-12T07:00:00-06:00,2026-10-12T17:00:00-06:00,159,COLDPLATE_LOOP,5,1,true,true,true,OPEN,SUPERSEDED
TEN-COOLIT-SYN-001,SITE-COOLIT-SYN-01,ERP,OPERATION_SCHEDULE,OPSCH-2-00160,MESOP-00160,RESOLVED,2026-09-25T23:59:59-06:00,2026-09-26T08:00:00-06:00,2026-06-29T00:00:00-06:00,,2,OPSCH-1-00160,false,ACTIVE,,,VALID,CURRENT,coolit-synthetic-v2.0.0,ALL_SYNTHETIC_CUSTOMERS,ALL_SYNTHETIC_PROGRAMS,CFG-CPL-01,SYNTHETIC_INTERNAL,SNP-COOLIT-20260925-BL,SCN-BASELINE,OPSCH-2-00160,SCH-V2,WO-0030,MESOP-00160,40,TEST-LEAK-01,2026-10-13T07:00:00-06:00,2026-10-13T17:00:00-06:00,160,COLDPLATE_LOOP,5,2,true,true,true,OPEN,SUPERSEDED
TEN-COOLIT-SYN-001,SITE-COOLIT-SYN-01,ERP,OPERATION_SCHEDULE,OPSCH-2-00161,MESOP-00161,RESOLVED,2026-09-25T23:59:59-06:00,2026-09-26T08:00:00-06:00,2026-06-29T00:00:00-06:00,,2,OPSCH-1-00161,false,ACTIVE,,,VALID,CURRENT,coolit-synthetic-v2.0.0,ALL_SYNTHETIC_CUSTOMERS,ALL_SYNTHETIC_PROGRAMS,CFG-RM-04,SYNTHETIC_INTERNAL,SNP-COOLIT-20260925-BL,SCN-BASELINE,OPSCH-2-00161,SCH-V2,WO-0031,MESOP-00161,10,CELL-ROBOT-01,2026-10-14T07:00:00-06:00,2026-10-14T17:00:00-06:00,161,RACK_MANIFOLD,5,1,true,true,true,OPEN,SUPERSEDED
TEN-COOLIT-SYN-001,SITE-COOLIT-SYN-01,ERP,OPERATION_SCHEDULE,OPSCH-2-00162,MESOP-00162,RESOLVED,2026-09-25T23:59:59-06:00,2026-09-26T08:00:00-06:00,2026-06-29T00:00:00-06:00,,2,OPSCH-1-00162,false,ACTIVE,,,VALID,CURRENT,coolit-synthetic-v2.0.0,ALL_SYNTHETIC_CUSTOMERS,ALL_SYNTHETIC_PROGRAMS,CFG-RM-04,SYNTHETIC_INTERNAL,SNP-COOLIT-20260925-BL,SCN-BASELINE,OPSCH-2-00162,SCH-V2,WO-0031,MESOP-00162,20,LINE-RM-01,2026-10-15T07:00:00-06:00,2026-10-15T17:00:00-06:00,162,RACK_MANIFOLD,20,1,true,true,true,OPEN,SUPERSEDED
TEN-COOLIT-SYN-001,SITE-COOLIT-SYN-01,ERP,OPERATION_SCHEDULE,OPSCH-2-00163,MESOP-00163,RESOLVED,2026-09-25T23:59:59-06:00,2026-09-26T08:00:00-06:00,2026-06-29T00:00:00-06:00,,2,OPSCH-1-00163,false,ACTIVE,,,VALID,CURRENT,coolit-synthetic-v2.0.0,ALL_SYNTHETIC_CUSTOMERS,ALL_SYNTHETIC_PROGRAMS,CFG-RM-04,SYNTHETIC_INTERNAL,SNP-COOLIT-20260925-BL,SCN-BASELINE,OPSCH-2-00163,SCH-V2,WO-0031,MESOP-00163,30,TEST-LEAK-01,2026-10-16T07:00:00-06:00,2026-10-16T17:00:00-06:00,163,RACK_MANIFOLD,5,1,true,true,true,OPEN,SUPERSEDED
TEN-COOLIT-SYN-001,SITE-COOLIT-SYN-01,ERP,OPERATION_SCHEDULE,OPSCH-2-00164,MESOP-00164,RESOLVED,2026-09-25T23:59:59-06:00,2026-09-26T08:00:00-06:00,2026-06-29T00:00:00-06:00,,2,OPSCH-1-00164,false,ACTIVE,,,VALID,CURRENT,coolit-synthetic-v2.0.0,ALL_SYNTHETIC_CUSTOMERS,ALL_SYNTHETIC_PROGRAMS,CFG-RM-04,SYNTHETIC_INTERNAL,SNP-COOLIT-20260925-BL,SCN-BASELINE,OPSCH-2-00164,SCH-V2,WO-0031,MESOP-00164,40,TEST-LEAK-01,2026-10-17T07:00:00-06:00,2026-10-17T17:00:00-06:00,164,RACK_MANIFOLD,5,2,true,true,true,OPEN,SUPERSEDED
TEN-COOLIT-SYN-001,SITE-COOLIT-SYN-01,ERP,OPERATION_SCHEDULE,OPSCH-2-00165,MESOP-00165,RESOLVED,2026-09-25T23:59:59-06:00,2026-09-26T08:00:00-06:00,2026-06-29T00:00:00-06:00,,2,OPSCH-1-00165,false,ACTIVE,,,VALID,CURRENT,coolit-synthetic-v2.0.0,ALL_SYNTHETIC_CUSTOMERS,ALL_SYNTHETIC_PROGRAMS,CFG-CPL-03,SYNTHETIC_INTERNAL,SNP-COOLIT-20260925-BL,SCN-BASELINE,OPSCH-2-00165,SCH-V2,WO-0032,MESOP-00165,10,CELL-ROBOT-01,2026-10-18T07:00:00-06:00,2026-10-18T17:00:00-06:00,165,COLDPLATE_LOOP,5,1,true,true,true,OPEN,SUPERSEDED
TEN-COOLIT-SYN-001,SITE-COOLIT-SYN-01,ERP,OPERATION_SCHEDULE,OPSCH-2-00166,MESOP-00166,RESOLVED,2026-09-25T23:59:59-06:00,2026-09-26T08:00:00-06:00,2026-06-29T00:00:00-06:00,,2,OPSCH-1-00166,false,ACTIVE,,,VALID,CURRENT,coolit-synthetic-v2.0.0,ALL_SYNTHETIC_CUSTOMERS,ALL_SYNTHETIC_PROGRAMS,CFG-CPL-03,SYNTHETIC_INTERNAL,SNP-COOLIT-20260925-BL,SCN-BASELINE,OPSCH-2-00166,SCH-V2,WO-0032,MESOP-00166,20,LINE-CPL-01,2026-10-19T07:00:00-06:00,2026-10-19T17:00:00-06:00,166,COLDPLATE_LOOP,20,1,true,true,true,OPEN,SUPERSEDED
TEN-COOLIT-SYN-001,SITE-COOLIT-SYN-01,ERP,OPERATION_SCHEDULE,OPSCH-2-00167,MESOP-00167,RESOLVED,2026-09-25T23:59:59-06:00,2026-09-26T08:00:00-06:00,2026-06-29T00:00:00-06:00,,2,OPSCH-1-00167,false,ACTIVE,,,VALID,CURRENT,coolit-synthetic-v2.0.0,ALL_SYNTHETIC_CUSTOMERS,ALL_SYNTHETIC_PROGRAMS,CFG-CPL-03,SYNTHETIC_INTERNAL,SNP-COOLIT-20260925-BL,SCN-BASELINE,OPSCH-2-00167,SCH-V2,WO-0032,MESOP-00167,30,TEST-LEAK-01,2026-10-20T07:00:00-06:00,2026-10-20T17:00:00-06:00,167,COLDPLATE_LOOP,5,1,true,true,true,OPEN,SUPERSEDED
TEN-COOLIT-SYN-001,SITE-COOLIT-SYN-01,ERP,OPERATION_SCHEDULE,OPSCH-2-00168,MESOP-00168,RESOLVED,2026-09-25T23:59:59-06:00,2026-09-26T08:00:00-06:00,2026-06-29T00:00:00-06:00,,2,OPSCH-1-00168,false,ACTIVE,,,VALID,CURRENT,coolit-synthetic-v2.0.0,ALL_SYNTHETIC_CUSTOMERS,ALL_SYNTHETIC_PROGRAMS,CFG-CPL-03,SYNTHETIC_INTERNAL,SNP-COOLIT-20260925-BL,SCN-BASELINE,OPSCH-2-00168,SCH-V2,WO-0032,MESOP-00168,40,TEST-LEAK-01,2026-10-21T07:00:00-06:00,2026-10-21T17:00:00-06:00,168,COLDPLATE_LOOP,5,2,true,true,true,OPEN,SUPERSEDED
TEN-COOLIT-SYN-001,SITE-COOLIT-SYN-01,ERP,OPERATION_SCHEDULE,OPSCH-2-00169,MESOP-00169,RESOLVED,2026-09-25T23:59:59-06:00,2026-09-26T08:00:00-06:00,2026-06-29T00:00:00-06:00,,2,OPSCH-1-00169,false,ACTIVE,,,VALID,CURRENT,coolit-synthetic-v2.0.0,ALL_SYNTHETIC_CUSTOMERS,ALL_SYNTHETIC_PROGRAMS,CFG-CDU-02,SYNTHETIC_INTERNAL,SNP-COOLIT-20260925-BL,SCN-BASELINE,OPSCH-2-00169,SCH-V2,WO-0033,MESOP-00169,10,CELL-ROBOT-01,2026-10-22T07:00:00-06:00,2026-10-22T17:00:00-06:00,169,COOLANT_DISTRIBUTION_UNIT,5,1,true,true,true,OPEN,SUPERSEDED
TEN-COOLIT-SYN-001,SITE-COOLIT-SYN-01,ERP,OPERATION_SCHEDULE,OPSCH-2-00170,MESOP-00170,RESOLVED,2026-09-25T23:59:59-06:00,2026-09-26T08:00:00-06:00,2026-06-29T00:00:00-06:00,,2,OPSCH-1-00170,false,ACTIVE,,,VALID,CURRENT,coolit-synthetic-v2.0.0,ALL_SYNTHETIC_CUSTOMERS,ALL_SYNTHETIC_PROGRAMS,CFG-CDU-02,SYNTHETIC_INTERNAL,SNP-COOLIT-20260925-BL,SCN-BASELINE,OPSCH-2-00170,SCH-V2,WO-0033,MESOP-00170,20,LINE-CDU-01,2026-10-23T07:00:00-06:00,2026-10-23T17:00:00-06:00,170,COOLANT_DISTRIBUTION_UNIT,20,1,true,true,true,OPEN,SUPERSEDED
TEN-COOLIT-SYN-001,SITE-COOLIT-SYN-01,ERP,OPERATION_SCHEDULE,OPSCH-2-00171,MESOP-00171,RESOLVED,2026-09-25T23:59:59-06:00,2026-09-26T08:00:00-06:00,2026-06-29T00:00:00-06:00,,2,OPSCH-1-00171,false,ACTIVE,,,VALID,CURRENT,coolit-synthetic-v2.0.0,ALL_SYNTHETIC_CUSTOMERS,ALL_SYNTHETIC_PROGRAMS,CFG-CDU-02,SYNTHETIC_INTERNAL,SNP-COOLIT-20260925-BL,SCN-BASELINE,OPSCH-2-00171,SCH-V2,WO-0033,MESOP-00171,30,TEST-LEAK-01,2026-10-24T07:00:00-06:00,2026-10-24T17:00:00-06:00,171,COOLANT_DISTRIBUTION_UNIT,5,1,true,true,true,OPEN,SUPERSEDED
TEN-COOLIT-SYN-001,SITE-COOLIT-SYN-01,ERP,OPERATION_SCHEDULE,OPSCH-2-00172,MESOP-00172,RESOLVED,2026-09-25T23:59:59-06:00,2026-09-26T08:00:00-06:00,2026-06-29T00:00:00-06:00,,2,OPSCH-1-00172,false,ACTIVE,,,VALID,CURRENT,coolit-synthetic-v2.0.0,ALL_SYNTHETIC_CUSTOMERS,ALL_SYNTHETIC_PROGRAMS,CFG-CDU-02,SYNTHETIC_INTERNAL,SNP-COOLIT-20260925-BL,SCN-BASELINE,OPSCH-2-00172,SCH-V2,WO-0033,MESOP-00172,40,TEST-LEAK-01,2026-10-25T07:00:00-06:00,2026-10-25T17:00:00-06:00,172,COOLANT_DISTRIBUTION_UNIT,5,2,true,true,true,OPEN,SUPERSEDED
TEN-COOLIT-SYN-001,SITE-COOLIT-SYN-01,ERP,OPERATION_SCHEDULE,OPSCH-2-00173,MESOP-00173,RESOLVED,2026-09-25T23:59:59-06:00,2026-09-26T08:00:00-06:00,2026-06-29T00:00:00-06:00,,2,OPSCH-1-00173,false,ACTIVE,,,VALID,CURRENT,coolit-synthetic-v2.0.0,ALL_SYNTHETIC_CUSTOMERS,ALL_SYNTHETIC_PROGRAMS,CFG-RM-01,SYNTHETIC_INTERNAL,SNP-COOLIT-20260925-BL,SCN-BASELINE,OPSCH-2-00173,SCH-V2,WO-0034,MESOP-00173,10,CELL-ROBOT-01,2026-10-26T07:00:00-06:00,2026-10-26T17:00:00-06:00,173,RACK_MANIFOLD,5,1,true,true,true,OPEN,SUPERSEDED
TEN-COOLIT-SYN-001,SITE-COOLIT-SYN-01,ERP,OPERATION_SCHEDULE,OPSCH-2-00174,MESOP-00174,RESOLVED,2026-09-25T23:59:59-06:00,2026-09-26T08:00:00-06:00,2026-06-29T00:00:00-06:00,,2,OPSCH-1-00174,false,ACTIVE,,,VALID,CURRENT,coolit-synthetic-v2.0.0,ALL_SYNTHETIC_CUSTOMERS,ALL_SYNTHETIC_PROGRAMS,CFG-RM-01,SYNTHETIC_INTERNAL,SNP-COOLIT-20260925-BL,SCN-BASELINE,OPSCH-2-00174,SCH-V2,WO-0034,MESOP-00174,20,LINE-RM-01,2026-10-27T07:00:00-06:00,2026-10-27T17:00:00-06:00,174,RACK_MANIFOLD,20,1,true,true,true,OPEN,SUPERSEDED
TEN-COOLIT-SYN-001,SITE-COOLIT-SYN-01,ERP,OPERATION_SCHEDULE,OPSCH-2-00175,MESOP-00175,RESOLVED,2026-09-25T23:59:59-06:00,2026-09-26T08:00:00-06:00,2026-06-29T00:00:00-06:00,,2,OPSCH-1-00175,false,ACTIVE,,,VALID,CURRENT,coolit-synthetic-v2.0.0,ALL_SYNTHETIC_CUSTOMERS,ALL_SYNTHETIC_PROGRAMS,CFG-RM-01,SYNTHETIC_INTERNAL,SNP-COOLIT-20260925-BL,SCN-BASELINE,OPSCH-2-00175,SCH-V2,WO-0034,MESOP-00175,30,TEST-LEAK-01,2026-10-28T07:00:00-06:00,2026-10-28T17:00:00-06:00,175,RACK_MANIFOLD,5,1,false,true,true,OPEN,SUPERSEDED
TEN-COOLIT-SYN-001,SITE-COOLIT-SYN-01,ERP,OPERATION_SCHEDULE,OPSCH-2-00176,MESOP-00176,RESOLVED,2026-09-25T23:59:59-06:00,2026-09-26T08:00:00-06:00,2026-06-29T00:00:00-06:00,,2,OPSCH-1-00176,false,ACTIVE,,,VALID,CURRENT,coolit-synthetic-v2.0.0,ALL_SYNTHETIC_CUSTOMERS,ALL_SYNTHETIC_PROGRAMS,CFG-RM-01,SYNTHETIC_INTERNAL,SNP-COOLIT-20260925-BL,SCN-BASELINE,OPSCH-2-00176,SCH-V2,WO-0034,MESOP-00176,40,TEST-LEAK-01,2026-10-29T07:00:00-06:00,2026-10-29T17:00:00-06:00,176,RACK_MANIFOLD,5,2,true,true,true,OPEN,SUPERSEDED
TEN-COOLIT-SYN-001,SITE-COOLIT-SYN-01,ERP,OPERATION_SCHEDULE,OPSCH-2-00177,MESOP-00177,RESOLVED,2026-09-25T23:59:59-06:00,2026-09-26T08:00:00-06:00,2026-06-29T00:00:00-06:00,,2,OPSCH-1-00177,false,ACTIVE,,,VALID,CURRENT,coolit-synthetic-v2.0.0,ALL_SYNTHETIC_CUSTOMERS,ALL_SYNTHETIC_PROGRAMS,CFG-CDU-04,SYNTHETIC_INTERNAL,SNP-COOLIT-20260925-BL,SCN-BASELINE,OPSCH-2-00177,SCH-V2,WO-0035,MESOP-00177,10,CELL-ROBOT-01,2026-10-30T07:00:00-06:00,2026-10-30T17:00:00-06:00,177,COOLANT_DISTRIBUTION_UNIT,5,1,true,true,true,OPEN,SUPERSEDED
TEN-COOLIT-SYN-001,SITE-COOLIT-SYN-01,ERP,OPERATION_SCHEDULE,OPSCH-2-00178,MESOP-00178,RESOLVED,2026-09-25T23:59:59-06:00,2026-09-26T08:00:00-06:00,2026-06-29T00:00:00-06:00,,2,OPSCH-1-00178,false,ACTIVE,,,VALID,CURRENT,coolit-synthetic-v2.0.0,ALL_SYNTHETIC_CUSTOMERS,ALL_SYNTHETIC_PROGRAMS,CFG-CDU-04,SYNTHETIC_INTERNAL,SNP-COOLIT-20260925-BL,SCN-BASELINE,OPSCH-2-00178,SCH-V2,WO-0035,MESOP-00178,20,LINE-CDU-01,2026-10-31T07:00:00-06:00,2026-10-31T17:00:00-06:00,178,COOLANT_DISTRIBUTION_UNIT,20,1,true,true,true,OPEN,SUPERSEDED
TEN-COOLIT-SYN-001,SITE-COOLIT-SYN-01,ERP,OPERATION_SCHEDULE,OPSCH-2-00179,MESOP-00179,RESOLVED,2026-09-25T23:59:59-06:00,2026-09-26T08:00:00-06:00,2026-06-29T00:00:00-06:00,,2,OPSCH-1-00179,false,ACTIVE,,,VALID,CURRENT,coolit-synthetic-v2.0.0,ALL_SYNTHETIC_CUSTOMERS,ALL_SYNTHETIC_PROGRAMS,CFG-CDU-04,SYNTHETIC_INTERNAL,SNP-COOLIT-20260925-BL,SCN-BASELINE,OPSCH-2-00179,SCH-V2,WO-0035,MESOP-00179,30,TEST-LEAK-01,2026-11-01T07:00:00-06:00,2026-11-01T17:00:00-06:00,179,COOLANT_DISTRIBUTION_UNIT,5,1,true,true,true,OPEN,SUPERSEDED
TEN-COOLIT-SYN-001,SITE-COOLIT-SYN-01,ERP,OPERATION_SCHEDULE,OPSCH-2-00180,MESOP-00180,RESOLVED,2026-09-25T23:59:59-06:00,2026-09-26T08:00:00-06:00,2026-06-29T00:00:00-06:00,,2,OPSCH-1-00180,false,ACTIVE,,,VALID,CURRENT,coolit-synthetic-v2.0.0,ALL_SYNTHETIC_CUSTOMERS,ALL_SYNTHETIC_PROGRAMS,CFG-CDU-04,SYNTHETIC_INTERNAL,SNP-COOLIT-20260925-BL,SCN-BASELINE,OPSCH-2-00180,SCH-V2,WO-0035,MESOP-00180,40,TEST-LEAK-01,2026-11-02T07:00:00-06:00,2026-11-02T17:00:00-06:00,180,COOLANT_DISTRIBUTION_UNIT,5,2,true,true,true,OPEN,SUPERSEDED
TEN-COOLIT-SYN-001,SITE-COOLIT-SYN-01,ERP,OPERATION_SCHEDULE,OPSCH-2-00181,MESOP-00181,RESOLVED,2026-09-25T23:59:59-06:00,2026-09-26T08:00:00-06:00,2026-06-29T00:00:00-06:00,,2,OPSCH-1-00181,false,ACTIVE,,,VALID,CURRENT,coolit-synthetic-v2.0.0,ALL_SYNTHETIC_CUSTOMERS,ALL_SYNTHETIC_PROGRAMS,CFG-RM-03,SYNTHETIC_INTERNAL,SNP-COOLIT-20260925-BL,SCN-BASELINE,OPSCH-2-00181,SCH-V2,WO-0036,MESOP-00181,10,CELL-ROBOT-01,2026-11-03T07:00:00-06:00,2026-11-03T17:00:00-06:00,181,RACK_MANIFOLD,5,1,true,true,true,OPEN,SUPERSEDED
TEN-COOLIT-SYN-001,SITE-COOLIT-SYN-01,ERP,OPERATION_SCHEDULE,OPSCH-2-00182,MESOP-00182,RESOLVED,2026-09-25T23:59:59-06:00,2026-09-26T08:00:00-06:00,2026-06-29T00:00:00-06:00,,2,OPSCH-1-00182,false,ACTIVE,,,VALID,CURRENT,coolit-synthetic-v2.0.0,ALL_SYNTHETIC_CUSTOMERS,ALL_SYNTHETIC_PROGRAMS,CFG-RM-03,SYNTHETIC_INTERNAL,SNP-COOLIT-20260925-BL,SCN-BASELINE,OPSCH-2-00182,SCH-V2,WO-0036,MESOP-00182,20,LINE-RM-01,2026-11-04T07:00:00-06:00,2026-11-04T17:00:00-06:00,182,RACK_MANIFOLD,20,1,true,true,true,OPEN,SUPERSEDED
TEN-COOLIT-SYN-001,SITE-COOLIT-SYN-01,ERP,OPERATION_SCHEDULE,OPSCH-2-00183,MESOP-00183,RESOLVED,2026-09-25T23:59:59-06:00,2026-09-26T08:00:00-06:00,2026-06-29T00:00:00-06:00,,2,OPSCH-1-00183,false,ACTIVE,,,VALID,CURRENT,coolit-synthetic-v2.0.0,ALL_SYNTHETIC_CUSTOMERS,ALL_SYNTHETIC_PROGRAMS,CFG-RM-03,SYNTHETIC_INTERNAL,SNP-COOLIT-20260925-BL,SCN-BASELINE,OPSCH-2-00183,SCH-V2,WO-0036,MESOP-00183,30,TEST-LEAK-01,2026-11-05T07:00:00-06:00,2026-11-05T17:00:00-06:00,183,RACK_MANIFOLD,5,1,true,true,true,OPEN,SUPERSEDED
TEN-COOLIT-SYN-001,SITE-COOLIT-SYN-01,ERP,OPERATION_SCHEDULE,OPSCH-2-00184,MESOP-00184,RESOLVED,2026-09-25T23:59:59-06:00,2026-09-26T08:00:00-06:00,2026-06-29T00:00:00-06:00,,2,OPSCH-1-00184,false,ACTIVE,,,VALID,CURRENT,coolit-synthetic-v2.0.0,ALL_SYNTHETIC_CUSTOMERS,ALL_SYNTHETIC_PROGRAMS,CFG-RM-03,SYNTHETIC_INTERNAL,SNP-COOLIT-20260925-BL,SCN-BASELINE,OPSCH-2-00184,SCH-V2,WO-0036,MESOP-00184,40,TEST-LEAK-01,2026-11-06T07:00:00-06:00,2026-11-06T17:00:00-06:00,184,RACK_MANIFOLD,5,2,true,true,true,OPEN,SUPERSEDED
TEN-COOLIT-SYN-001,SITE-COOLIT-SYN-01,ERP,OPERATION_SCHEDULE,OPSCH-2-00185,MESOP-00185,RESOLVED,2026-09-25T23:59:59-06:00,2026-09-26T08:00:00-06:00,2026-06-29T00:00:00-06:00,,2,OPSCH-1-00185,false,ACTIVE,,,VALID,CURRENT,coolit-synthetic-v2.0.0,ALL_SYNTHETIC_CUSTOMERS,ALL_SYNTHETIC_PROGRAMS,CFG-CPL-02,SYNTHETIC_INTERNAL,SNP-COOLIT-20260925-BL,SCN-BASELINE,OPSCH-2-00185,SCH-V2,WO-0037,MESOP-00185,10,CELL-ROBOT-01,2026-11-07T07:00:00-06:00,2026-11-07T17:00:00-06:00,185,COLDPLATE_LOOP,5,1,true,true,true,OPEN,SUPERSEDED
TEN-COOLIT-SYN-001,SITE-COOLIT-SYN-01,ERP,OPERATION_SCHEDULE,OPSCH-2-00186,MESOP-00186,RESOLVED,2026-09-25T23:59:59-06:00,2026-09-26T08:00:00-06:00,2026-06-29T00:00:00-06:00,,2,OPSCH-1-00186,false,ACTIVE,,,VALID,CURRENT,coolit-synthetic-v2.0.0,ALL_SYNTHETIC_CUSTOMERS,ALL_SYNTHETIC_PROGRAMS,CFG-CPL-02,SYNTHETIC_INTERNAL,SNP-COOLIT-20260925-BL,SCN-BASELINE,OPSCH-2-00186,SCH-V2,WO-0037,MESOP-00186,20,LINE-CPL-01,2026-11-08T07:00:00-06:00,2026-11-08T17:00:00-06:00,186,COLDPLATE_LOOP,20,1,true,true,true,OPEN,SUPERSEDED
TEN-COOLIT-SYN-001,SITE-COOLIT-SYN-01,ERP,OPERATION_SCHEDULE,OPSCH-2-00187,MESOP-00187,RESOLVED,2026-09-25T23:59:59-06:00,2026-09-26T08:00:00-06:00,2026-06-29T00:00:00-06:00,,2,OPSCH-1-00187,false,ACTIVE,,,VALID,CURRENT,coolit-synthetic-v2.0.0,ALL_SYNTHETIC_CUSTOMERS,ALL_SYNTHETIC_PROGRAMS,CFG-CPL-02,SYNTHETIC_INTERNAL,SNP-COOLIT-20260925-BL,SCN-BASELINE,OPSCH-2-00187,SCH-V2,WO-0037,MESOP-00187,30,TEST-LEAK-01,2026-11-09T07:00:00-06:00,2026-11-09T17:00:00-06:00,187,COLDPLATE_LOOP,5,1,true,false,true,OPEN,SUPERSEDED
TEN-COOLIT-SYN-001,SITE-COOLIT-SYN-01,ERP,OPERATION_SCHEDULE,OPSCH-2-00188,MESOP-00188,RESOLVED,2026-09-25T23:59:59-06:00,2026-09-26T08:00:00-06:00,2026-06-29T00:00:00-06:00,,2,OPSCH-1-00188,false,ACTIVE,,,VALID,CURRENT,coolit-synthetic-v2.0.0,ALL_SYNTHETIC_CUSTOMERS,ALL_SYNTHETIC_PROGRAMS,CFG-CPL-02,SYNTHETIC_INTERNAL,SNP-COOLIT-20260925-BL,SCN-BASELINE,OPSCH-2-00188,SCH-V2,WO-0037,MESOP-00188,40,TEST-LEAK-01,2026-11-10T07:00:00-06:00,2026-11-10T17:00:00-06:00,188,COLDPLATE_LOOP,5,2,true,true,true,OPEN,SUPERSEDED
TEN-COOLIT-SYN-001,SITE-COOLIT-SYN-01,ERP,OPERATION_SCHEDULE,OPSCH-2-00189,MESOP-00189,RESOLVED,2026-09-25T23:59:59-06:00,2026-09-26T08:00:00-06:00,2026-06-29T00:00:00-06:00,,2,OPSCH-1-00189,false,ACTIVE,,,VALID,CURRENT,coolit-synthetic-v2.0.0,ALL_SYNTHETIC_CUSTOMERS,ALL_SYNTHETIC_PROGRAMS,CFG-CDU-01,SYNTHETIC_INTERNAL,SNP-COOLIT-20260925-BL,SCN-BASELINE,OPSCH-2-00189,SCH-V2,WO-0038,MESOP-00189,10,CELL-ROBOT-01,2026-11-11T07:00:00-06:00,2026-11-11T17:00:00-06:00,189,COOLANT_DISTRIBUTION_UNIT,5,1,true,true,true,OPEN,SUPERSEDED
TEN-COOLIT-SYN-001,SITE-COOLIT-SYN-01,ERP,OPERATION_SCHEDULE,OPSCH-2-00190,MESOP-00190,RESOLVED,2026-09-25T23:59:59-06:00,2026-09-26T08:00:00-06:00,2026-06-29T00:00:00-06:00,,2,OPSCH-1-00190,false,ACTIVE,,,VALID,CURRENT,coolit-synthetic-v2.0.0,ALL_SYNTHETIC_CUSTOMERS,ALL_SYNTHETIC_PROGRAMS,CFG-CDU-01,SYNTHETIC_INTERNAL,SNP-COOLIT-20260925-BL,SCN-BASELINE,OPSCH-2-00190,SCH-V2,WO-0038,MESOP-00190,20,LINE-CDU-01,2026-11-12T07:00:00-06:00,2026-11-12T17:00:00-06:00,190,COOLANT_DISTRIBUTION_UNIT,20,1,true,true,true,OPEN,SUPERSEDED
TEN-COOLIT-SYN-001,SITE-COOLIT-SYN-01,ERP,OPERATION_SCHEDULE,OPSCH-2-00191,MESOP-00191,RESOLVED,2026-09-25T23:59:59-06:00,2026-09-26T08:00:00-06:00,2026-06-29T00:00:00-06:00,,2,OPSCH-1-00191,false,ACTIVE,,,VALID,CURRENT,coolit-synthetic-v2.0.0,ALL_SYNTHETIC_CUSTOMERS,ALL_SYNTHETIC_PROGRAMS,CFG-CDU-01,SYNTHETIC_INTERNAL,SNP-COOLIT-20260925-BL,SCN-BASELINE,OPSCH-2-00191,SCH-V2,WO-0038,MESOP-00191,30,TEST-LEAK-01,2026-11-13T07:00:00-06:00,2026-11-13T17:00:00-06:00,191,COOLANT_DISTRIBUTION_UNIT,5,1,true,true,true,OPEN,SUPERSEDED
TEN-COOLIT-SYN-001,SITE-COOLIT-SYN-01,ERP,OPERATION_SCHEDULE,OPSCH-2-00192,MESOP-00192,RESOLVED,2026-09-25T23:59:59-06:00,2026-09-26T08:00:00-06:00,2026-06-29T00:00:00-06:00,,2,OPSCH-1-00192,false,ACTIVE,,,VALID,CURRENT,coolit-synthetic-v2.0.0,ALL_SYNTHETIC_CUSTOMERS,ALL_SYNTHETIC_PROGRAMS,CFG-CDU-01,SYNTHETIC_INTERNAL,SNP-COOLIT-20260925-BL,SCN-BASELINE,OPSCH-2-00192,SCH-V2,WO-0038,MESOP-00192,40,TEST-LEAK-01,2026-11-14T07:00:00-06:00,2026-11-14T17:00:00-06:00,192,COOLANT_DISTRIBUTION_UNIT,5,2,true,true,true,OPEN,SUPERSEDED
TEN-COOLIT-SYN-001,SITE-COOLIT-SYN-01,ERP,OPERATION_SCHEDULE,OPSCH-2-00193,MESOP-00193,RESOLVED,2026-09-25T23:59:59-06:00,2026-09-26T08:00:00-06:00,2026-06-29T00:00:00-06:00,,2,OPSCH-1-00193,false,ACTIVE,,,VALID,CURRENT,coolit-synthetic-v2.0.0,ALL_SYNTHETIC_CUSTOMERS,ALL_SYNTHETIC_PROGRAMS,CFG-CPL-04,SYNTHETIC_INTERNAL,SNP-COOLIT-20260925-BL,SCN-BASELINE,OPSCH-2-00193,SCH-V2,WO-0039,MESOP-00193,10,CELL-ROBOT-01,2026-11-15T07:00:00-06:00,2026-11-15T17:00:00-06:00,193,COLDPLATE_LOOP,5,1,true,true,true,OPEN,SUPERSEDED
TEN-COOLIT-SYN-001,SITE-COOLIT-SYN-01,ERP,OPERATION_SCHEDULE,OPSCH-2-00194,MESOP-00194,RESOLVED,2026-09-25T23:59:59-06:00,2026-09-26T08:00:00-06:00,2026-06-29T00:00:00-06:00,,2,OPSCH-1-00194,false,ACTIVE,,,VALID,CURRENT,coolit-synthetic-v2.0.0,ALL_SYNTHETIC_CUSTOMERS,ALL_SYNTHETIC_PROGRAMS,CFG-CPL-04,SYNTHETIC_INTERNAL,SNP-COOLIT-20260925-BL,SCN-BASELINE,OPSCH-2-00194,SCH-V2,WO-0039,MESOP-00194,20,LINE-CPL-01,2026-11-16T07:00:00-06:00,2026-11-16T17:00:00-06:00,194,COLDPLATE_LOOP,20,1,true,true,true,OPEN,SUPERSEDED
TEN-COOLIT-SYN-001,SITE-COOLIT-SYN-01,ERP,OPERATION_SCHEDULE,OPSCH-2-00195,MESOP-00195,RESOLVED,2026-09-25T23:59:59-06:00,2026-09-26T08:00:00-06:00,2026-06-29T00:00:00-06:00,,2,OPSCH-1-00195,false,ACTIVE,,,VALID,CURRENT,coolit-synthetic-v2.0.0,ALL_SYNTHETIC_CUSTOMERS,ALL_SYNTHETIC_PROGRAMS,CFG-CPL-04,SYNTHETIC_INTERNAL,SNP-COOLIT-20260925-BL,SCN-BASELINE,OPSCH-2-00195,SCH-V2,WO-0039,MESOP-00195,30,TEST-LEAK-01,2026-11-17T07:00:00-06:00,2026-11-17T17:00:00-06:00,195,COLDPLATE_LOOP,5,1,true,true,true,OPEN,SUPERSEDED
TEN-COOLIT-SYN-001,SITE-COOLIT-SYN-01,ERP,OPERATION_SCHEDULE,OPSCH-2-00196,MESOP-00196,RESOLVED,2026-09-25T23:59:59-06:00,2026-09-26T08:00:00-06:00,2026-06-29T00:00:00-06:00,,2,OPSCH-1-00196,false,ACTIVE,,,VALID,CURRENT,coolit-synthetic-v2.0.0,ALL_SYNTHETIC_CUSTOMERS,ALL_SYNTHETIC_PROGRAMS,CFG-CPL-04,SYNTHETIC_INTERNAL,SNP-COOLIT-20260925-BL,SCN-BASELINE,OPSCH-2-00196,SCH-V2,WO-0039,MESOP-00196,40,TEST-LEAK-01,2026-11-18T07:00:00-06:00,2026-11-18T17:00:00-06:00,196,COLDPLATE_LOOP,5,2,true,true,true,OPEN,SUPERSEDED
TEN-COOLIT-SYN-001,SITE-COOLIT-SYN-01,ERP,OPERATION_SCHEDULE,OPSCH-2-00197,MESOP-00197,RESOLVED,2026-09-25T23:59:59-06:00,2026-09-26T08:00:00-06:00,2026-06-29T00:00:00-06:00,,2,OPSCH-1-00197,false,ACTIVE,,,VALID,CURRENT,coolit-synthetic-v2.0.0,ALL_SYNTHETIC_CUSTOMERS,ALL_SYNTHETIC_PROGRAMS,CFG-CDU-03,SYNTHETIC_INTERNAL,SNP-COOLIT-20260925-BL,SCN-BASELINE,OPSCH-2-00197,SCH-V2,WO-0040,MESOP-00197,10,CELL-ROBOT-01,2026-11-19T07:00:00-06:00,2026-11-19T17:00:00-06:00,197,COOLANT_DISTRIBUTION_UNIT,5,1,true,true,true,OPEN,SUPERSEDED
TEN-COOLIT-SYN-001,SITE-COOLIT-SYN-01,ERP,OPERATION_SCHEDULE,OPSCH-2-00198,MESOP-00198,RESOLVED,2026-09-25T23:59:59-06:00,2026-09-26T08:00:00-06:00,2026-06-29T00:00:00-06:00,,2,OPSCH-1-00198,false,ACTIVE,,,VALID,CURRENT,coolit-synthetic-v2.0.0,ALL_SYNTHETIC_CUSTOMERS,ALL_SYNTHETIC_PROGRAMS,CFG-CDU-03,SYNTHETIC_INTERNAL,SNP-COOLIT-20260925-BL,SCN-BASELINE,OPSCH-2-00198,SCH-V2,WO-0040,MESOP-00198,20,LINE-CDU-01,2026-11-20T07:00:00-06:00,2026-11-20T17:00:00-06:00,198,COOLANT_DISTRIBUTION_UNIT,20,1,true,true,true,OPEN,SUPERSEDED
TEN-COOLIT-SYN-001,SITE-COOLIT-SYN-01,ERP,OPERATION_SCHEDULE,OPSCH-2-00199,MESOP-00199,RESOLVED,2026-09-25T23:59:59-06:00,2026-09-26T08:00:00-06:00,2026-06-29T00:00:00-06:00,,2,OPSCH-1-00199,false,ACTIVE,,,VALID,CURRENT,coolit-synthetic-v2.0.0,ALL_SYNTHETIC_CUSTOMERS,ALL_SYNTHETIC_PROGRAMS,CFG-CDU-03,SYNTHETIC_INTERNAL,SNP-COOLIT-20260925-BL,SCN-BASELINE,OPSCH-2-00199,SCH-V2,WO-0040,MESOP-00199,30,TEST-LEAK-01,2026-11-21T07:00:00-06:00,2026-11-21T17:00:00-06:00,199,COOLANT_DISTRIBUTION_UNIT,5,1,true,true,true,OPEN,SUPERSEDED
TEN-COOLIT-SYN-001,SITE-COOLIT-SYN-01,ERP,OPERATION_SCHEDULE,OPSCH-2-00200,MESOP-00200,RESOLVED,2026-09-25T23:59:59-06:00,2026-09-26T08:00:00-06:00,2026-06-29T00:00:00-06:00,,2,OPSCH-1-00200,false,ACTIVE,,,VALID,CURRENT,coolit-synthetic-v2.0.0,ALL_SYNTHETIC_CUSTOMERS,ALL_SYNTHETIC_PROGRAMS,CFG-CDU-03,SYNTHETIC_INTERNAL,SNP-COOLIT-20260925-BL,SCN-BASELINE,OPSCH-2-00200,SCH-V2,WO-0040,MESOP-00200,40,TEST-LEAK-01,2026-11-22T07:00:00-06:00,2026-11-22T17:00:00-06:00,200,COOLANT_DISTRIBUTION_UNIT,5,2,true,true,true,OPEN,SUPERSEDED
TEN-COOLIT-SYN-001,SITE-COOLIT-SYN-01,ERP,OPERATION_SCHEDULE,OPSCH-3-00001,MESOP-00001,RESOLVED,2026-09-25T23:59:59-06:00,2026-09-26T08:00:00-06:00,2026-06-29T00:00:00-06:00,,3,OPSCH-2-00001,false,ACTIVE,,,VALID,CURRENT,coolit-synthetic-v2.0.0,ALL_SYNTHETIC_CUSTOMERS,ALL_SYNTHETIC_PROGRAMS,CFG-CPL-02,SYNTHETIC_INTERNAL,SNP-COOLIT-20260925-BL,SCN-BASELINE,OPSCH-3-00001,SCH-V3,WO-0001,MESOP-00001,10,CELL-ROBOT-01,2026-06-29T07:00:00-06:00,2026-06-29T17:00:00-06:00,1,COLDPLATE_LOOP,5,1,false,false,true,FROZEN,SUPERSEDED
TEN-COOLIT-SYN-001,SITE-COOLIT-SYN-01,ERP,OPERATION_SCHEDULE,OPSCH-3-00002,MESOP-00002,RESOLVED,2026-09-25T23:59:59-06:00,2026-09-26T08:00:00-06:00,2026-06-29T00:00:00-06:00,,3,OPSCH-2-00002,false,ACTIVE,,,VALID,CURRENT,coolit-synthetic-v2.0.0,ALL_SYNTHETIC_CUSTOMERS,ALL_SYNTHETIC_PROGRAMS,CFG-CPL-02,SYNTHETIC_INTERNAL,SNP-COOLIT-20260925-BL,SCN-BASELINE,OPSCH-3-00002,SCH-V3,WO-0001,MESOP-00002,20,LINE-CPL-01,2026-06-30T07:00:00-06:00,2026-06-30T17:00:00-06:00,2,COLDPLATE_LOOP,20,1,true,true,true,FROZEN,SUPERSEDED
TEN-COOLIT-SYN-001,SITE-COOLIT-SYN-01,ERP,OPERATION_SCHEDULE,OPSCH-3-00003,MESOP-00003,RESOLVED,2026-09-25T23:59:59-06:00,2026-09-26T08:00:00-06:00,2026-06-29T00:00:00-06:00,,3,OPSCH-2-00003,false,ACTIVE,,,VALID,CURRENT,coolit-synthetic-v2.0.0,ALL_SYNTHETIC_CUSTOMERS,ALL_SYNTHETIC_PROGRAMS,CFG-CPL-02,SYNTHETIC_INTERNAL,SNP-COOLIT-20260925-BL,SCN-BASELINE,OPSCH-3-00003,SCH-V3,WO-0001,MESOP-00003,30,TEST-LEAK-01,2026-07-01T07:00:00-06:00,2026-07-01T17:00:00-06:00,3,COLDPLATE_LOOP,5,1,true,true,true,FROZEN,SUPERSEDED
TEN-COOLIT-SYN-001,SITE-COOLIT-SYN-01,ERP,OPERATION_SCHEDULE,OPSCH-3-00004,MESOP-00004,RESOLVED,2026-09-25T23:59:59-06:00,2026-09-26T08:00:00-06:00,2026-06-29T00:00:00-06:00,,3,OPSCH-2-00004,false,ACTIVE,,,VALID,CURRENT,coolit-synthetic-v2.0.0,ALL_SYNTHETIC_CUSTOMERS,ALL_SYNTHETIC_PROGRAMS,CFG-CPL-02,SYNTHETIC_INTERNAL,SNP-COOLIT-20260925-BL,SCN-BASELINE,OPSCH-3-00004,SCH-V3,WO-0001,MESOP-00004,40,TEST-LEAK-01,2026-07-02T07:00:00-06:00,2026-07-02T17:00:00-06:00,4,COLDPLATE_LOOP,5,2,true,true,true,FROZEN,SUPERSEDED
TEN-COOLIT-SYN-001,SITE-COOLIT-SYN-01,ERP,OPERATION_SCHEDULE,OPSCH-3-00005,MESOP-00005,RESOLVED,2026-09-25T23:59:59-06:00,2026-09-26T08:00:00-06:00,2026-06-29T00:00:00-06:00,,3,OPSCH-2-00005,false,ACTIVE,,,VALID,CURRENT,coolit-synthetic-v2.0.0,ALL_SYNTHETIC_CUSTOMERS,ALL_SYNTHETIC_PROGRAMS,CFG-CPL-02,SYNTHETIC_INTERNAL,SNP-COOLIT-20260925-BL,SCN-BASELINE,OPSCH-3-00005,SCH-V3,WO-0001,MESOP-00005,50,TEST-FUNC-01,2026-07-03T07:00:00-06:00,2026-07-03T17:00:00-06:00,5,COLDPLATE_LOOP,5,2,true,true,true,FROZEN,SUPERSEDED
TEN-COOLIT-SYN-001,SITE-COOLIT-SYN-01,ERP,OPERATION_SCHEDULE,OPSCH-3-00006,MESOP-00006,RESOLVED,2026-09-25T23:59:59-06:00,2026-09-26T08:00:00-06:00,2026-06-29T00:00:00-06:00,,3,OPSCH-2-00006,false,ACTIVE,,,VALID,CURRENT,coolit-synthetic-v2.0.0,ALL_SYNTHETIC_CUSTOMERS,ALL_SYNTHETIC_PROGRAMS,CFG-CPL-02,SYNTHETIC_INTERNAL,SNP-COOLIT-20260925-BL,SCN-BASELINE,OPSCH-3-00006,SCH-V3,WO-0001,MESOP-00006,60,LINE-CPL-01,2026-07-04T07:00:00-06:00,2026-07-04T17:00:00-06:00,6,COLDPLATE_LOOP,5,2,true,true,true,FROZEN,SUPERSEDED
TEN-COOLIT-SYN-001,SITE-COOLIT-SYN-01,ERP,OPERATION_SCHEDULE,OPSCH-3-00007,MESOP-00007,RESOLVED,2026-09-25T23:59:59-06:00,2026-09-26T08:00:00-06:00,2026-06-29T00:00:00-06:00,,3,OPSCH-2-00007,false,ACTIVE,,,VALID,CURRENT,coolit-synthetic-v2.0.0,ALL_SYNTHETIC_CUSTOMERS,ALL_SYNTHETIC_PROGRAMS,CFG-CDU-01,SYNTHETIC_INTERNAL,SNP-COOLIT-20260925-BL,SCN-BASELINE,OPSCH-3-00007,SCH-V3,WO-0002,MESOP-00007,10,CELL-ROBOT-01,2026-07-02T07:00:00-06:00,2026-07-02T17:00:00-06:00,7,COOLANT_DISTRIBUTION_UNIT,5,1,true,true,true,FROZEN,SUPERSEDED
TEN-COOLIT-SYN-001,SITE-COOLIT-SYN-01,ERP,OPERATION_SCHEDULE,OPSCH-3-00008,MESOP-00008,RESOLVED,2026-09-25T23:59:59-06:00,2026-09-26T08:00:00-06:00,2026-06-29T00:00:00-06:00,,3,OPSCH-2-00008,false,ACTIVE,,,VALID,CURRENT,coolit-synthetic-v2.0.0,ALL_SYNTHETIC_CUSTOMERS,ALL_SYNTHETIC_PROGRAMS,CFG-CDU-01,SYNTHETIC_INTERNAL,SNP-COOLIT-20260925-BL,SCN-BASELINE,OPSCH-3-00008,SCH-V3,WO-0002,MESOP-00008,20,LINE-CDU-01,2026-07-03T07:00:00-06:00,2026-07-03T17:00:00-06:00,8,COOLANT_DISTRIBUTION_UNIT,20,1,true,true,true,FROZEN,SUPERSEDED
TEN-COOLIT-SYN-001,SITE-COOLIT-SYN-01,ERP,OPERATION_SCHEDULE,OPSCH-3-00009,MESOP-00009,RESOLVED,2026-09-25T23:59:59-06:00,2026-09-26T08:00:00-06:00,2026-06-29T00:00:00-06:00,,3,OPSCH-2-00009,false,ACTIVE,,,VALID,CURRENT,coolit-synthetic-v2.0.0,ALL_SYNTHETIC_CUSTOMERS,ALL_SYNTHETIC_PROGRAMS,CFG-CDU-01,SYNTHETIC_INTERNAL,SNP-COOLIT-20260925-BL,SCN-BASELINE,OPSCH-3-00009,SCH-V3,WO-0002,MESOP-00009,30,TEST-LEAK-01,2026-07-04T07:00:00-06:00,2026-07-04T17:00:00-06:00,9,COOLANT_DISTRIBUTION_UNIT,5,1,true,true,true,FROZEN,SUPERSEDED
TEN-COOLIT-SYN-001,SITE-COOLIT-SYN-01,ERP,OPERATION_SCHEDULE,OPSCH-3-00010,MESOP-00010,RESOLVED,2026-09-25T23:59:59-06:00,2026-09-26T08:00:00-06:00,2026-06-29T00:00:00-06:00,,3,OPSCH-2-00010,false,ACTIVE,,,VALID,CURRENT,coolit-synthetic-v2.0.0,ALL_SYNTHETIC_CUSTOMERS,ALL_SYNTHETIC_PROGRAMS,CFG-CDU-01,SYNTHETIC_INTERNAL,SNP-COOLIT-20260925-BL,SCN-BASELINE,OPSCH-3-00010,SCH-V3,WO-0002,MESOP-00010,40,TEST-LEAK-01,2026-07-05T07:00:00-06:00,2026-07-05T17:00:00-06:00,10,COOLANT_DISTRIBUTION_UNIT,5,2,true,true,true,FROZEN,SUPERSEDED
TEN-COOLIT-SYN-001,SITE-COOLIT-SYN-01,ERP,OPERATION_SCHEDULE,OPSCH-3-00011,MESOP-00011,RESOLVED,2026-09-25T23:59:59-06:00,2026-09-26T08:00:00-06:00,2026-06-29T00:00:00-06:00,,3,OPSCH-2-00011,false,ACTIVE,,,VALID,CURRENT,coolit-synthetic-v2.0.0,ALL_SYNTHETIC_CUSTOMERS,ALL_SYNTHETIC_PROGRAMS,CFG-CDU-01,SYNTHETIC_INTERNAL,SNP-COOLIT-20260925-BL,SCN-BASELINE,OPSCH-3-00011,SCH-V3,WO-0002,MESOP-00011,50,TEST-FUNC-01,2026-07-06T07:00:00-06:00,2026-07-06T17:00:00-06:00,11,COOLANT_DISTRIBUTION_UNIT,5,2,true,true,true,FROZEN,SUPERSEDED
TEN-COOLIT-SYN-001,SITE-COOLIT-SYN-01,ERP,OPERATION_SCHEDULE,OPSCH-3-00012,MESOP-00012,RESOLVED,2026-09-25T23:59:59-06:00,2026-09-26T08:00:00-06:00,2026-06-29T00:00:00-06:00,,3,OPSCH-2-00012,false,ACTIVE,,,VALID,CURRENT,coolit-synthetic-v2.0.0,ALL_SYNTHETIC_CUSTOMERS,ALL_SYNTHETIC_PROGRAMS,CFG-CDU-01,SYNTHETIC_INTERNAL,SNP-COOLIT-20260925-BL,SCN-BASELINE,OPSCH-3-00012,SCH-V3,WO-0002,MESOP-00012,60,LINE-CDU-01,2026-07-07T07:00:00-06:00,2026-07-07T17:00:00-06:00,12,COOLANT_DISTRIBUTION_UNIT,5,2,true,true,true,FROZEN,SUPERSEDED
TEN-COOLIT-SYN-001,SITE-COOLIT-SYN-01,ERP,OPERATION_SCHEDULE,OPSCH-3-00013,MESOP-00013,RESOLVED,2026-09-25T23:59:59-06:00,2026-09-26T08:00:00-06:00,2026-06-29T00:00:00-06:00,,3,OPSCH-2-00013,false,ACTIVE,,,VALID,CURRENT,coolit-synthetic-v2.0.0,ALL_SYNTHETIC_CUSTOMERS,ALL_SYNTHETIC_PROGRAMS,CFG-CPL-04,SYNTHETIC_INTERNAL,SNP-COOLIT-20260925-BL,SCN-BASELINE,OPSCH-3-00013,SCH-V3,WO-0003,MESOP-00013,10,CELL-ROBOT-01,2026-07-05T07:00:00-06:00,2026-07-05T17:00:00-06:00,13,COLDPLATE_LOOP,5,1,true,true,true,FROZEN,SUPERSEDED
TEN-COOLIT-SYN-001,SITE-COOLIT-SYN-01,ERP,OPERATION_SCHEDULE,OPSCH-3-00014,MESOP-00014,RESOLVED,2026-09-25T23:59:59-06:00,2026-09-26T08:00:00-06:00,2026-06-29T00:00:00-06:00,,3,OPSCH-2-00014,false,ACTIVE,,,VALID,CURRENT,coolit-synthetic-v2.0.0,ALL_SYNTHETIC_CUSTOMERS,ALL_SYNTHETIC_PROGRAMS,CFG-CPL-04,SYNTHETIC_INTERNAL,SNP-COOLIT-20260925-BL,SCN-BASELINE,OPSCH-3-00014,SCH-V3,WO-0003,MESOP-00014,20,LINE-CPL-01,2026-07-06T07:00:00-06:00,2026-07-06T17:00:00-06:00,14,COLDPLATE_LOOP,20,1,true,true,true,FROZEN,SUPERSEDED
TEN-COOLIT-SYN-001,SITE-COOLIT-SYN-01,ERP,OPERATION_SCHEDULE,OPSCH-3-00015,MESOP-00015,RESOLVED,2026-09-25T23:59:59-06:00,2026-09-26T08:00:00-06:00,2026-06-29T00:00:00-06:00,,3,OPSCH-2-00015,false,ACTIVE,,,VALID,CURRENT,coolit-synthetic-v2.0.0,ALL_SYNTHETIC_CUSTOMERS,ALL_SYNTHETIC_PROGRAMS,CFG-CPL-04,SYNTHETIC_INTERNAL,SNP-COOLIT-20260925-BL,SCN-BASELINE,OPSCH-3-00015,SCH-V3,WO-0003,MESOP-00015,30,TEST-LEAK-01,2026-07-07T07:00:00-06:00,2026-07-07T17:00:00-06:00,15,COLDPLATE_LOOP,5,1,true,true,true,FROZEN,SUPERSEDED
TEN-COOLIT-SYN-001,SITE-COOLIT-SYN-01,ERP,OPERATION_SCHEDULE,OPSCH-3-00016,MESOP-00016,RESOLVED,2026-09-25T23:59:59-06:00,2026-09-26T08:00:00-06:00,2026-06-29T00:00:00-06:00,,3,OPSCH-2-00016,false,ACTIVE,,,VALID,CURRENT,coolit-synthetic-v2.0.0,ALL_SYNTHETIC_CUSTOMERS,ALL_SYNTHETIC_PROGRAMS,CFG-CPL-04,SYNTHETIC_INTERNAL,SNP-COOLIT-20260925-BL,SCN-BASELINE,OPSCH-3-00016,SCH-V3,WO-0003,MESOP-00016,40,TEST-LEAK-01,2026-07-08T07:00:00-06:00,2026-07-08T17:00:00-06:00,16,COLDPLATE_LOOP,5,2,true,true,true,FROZEN,SUPERSEDED
TEN-COOLIT-SYN-001,SITE-COOLIT-SYN-01,ERP,OPERATION_SCHEDULE,OPSCH-3-00017,MESOP-00017,RESOLVED,2026-09-25T23:59:59-06:00,2026-09-26T08:00:00-06:00,2026-06-29T00:00:00-06:00,,3,OPSCH-2-00017,false,ACTIVE,,,VALID,CURRENT,coolit-synthetic-v2.0.0,ALL_SYNTHETIC_CUSTOMERS,ALL_SYNTHETIC_PROGRAMS,CFG-CPL-04,SYNTHETIC_INTERNAL,SNP-COOLIT-20260925-BL,SCN-BASELINE,OPSCH-3-00017,SCH-V3,WO-0003,MESOP-00017,50,TEST-FUNC-01,2026-07-09T07:00:00-06:00,2026-07-09T17:00:00-06:00,17,COLDPLATE_LOOP,5,2,true,true,true,FROZEN,SUPERSEDED
TEN-COOLIT-SYN-001,SITE-COOLIT-SYN-01,ERP,OPERATION_SCHEDULE,OPSCH-3-00018,MESOP-00018,RESOLVED,2026-09-25T23:59:59-06:00,2026-09-26T08:00:00-06:00,2026-06-29T00:00:00-06:00,,3,OPSCH-2-00018,false,ACTIVE,,,VALID,CURRENT,coolit-synthetic-v2.0.0,ALL_SYNTHETIC_CUSTOMERS,ALL_SYNTHETIC_PROGRAMS,CFG-CPL-04,SYNTHETIC_INTERNAL,SNP-COOLIT-20260925-BL,SCN-BASELINE,OPSCH-3-00018,SCH-V3,WO-0003,MESOP-00018,60,LINE-CPL-01,2026-07-10T07:00:00-06:00,2026-07-10T17:00:00-06:00,18,COLDPLATE_LOOP,5,2,true,true,true,FROZEN,SUPERSEDED
TEN-COOLIT-SYN-001,SITE-COOLIT-SYN-01,ERP,OPERATION_SCHEDULE,OPSCH-3-00019,MESOP-00019,RESOLVED,2026-09-25T23:59:59-06:00,2026-09-26T08:00:00-06:00,2026-06-29T00:00:00-06:00,,3,OPSCH-2-00019,false,ACTIVE,,,VALID,CURRENT,coolit-synthetic-v2.0.0,ALL_SYNTHETIC_CUSTOMERS,ALL_SYNTHETIC_PROGRAMS,CFG-CDU-03,SYNTHETIC_INTERNAL,SNP-COOLIT-20260925-BL,SCN-BASELINE,OPSCH-3-00019,SCH-V3,WO-0004,MESOP-00019,10,CELL-ROBOT-01,2026-07-08T07:00:00-06:00,2026-07-08T17:00:00-06:00,19,COOLANT_DISTRIBUTION_UNIT,5,1,true,true,true,FROZEN,SUPERSEDED
TEN-COOLIT-SYN-001,SITE-COOLIT-SYN-01,ERP,OPERATION_SCHEDULE,OPSCH-3-00020,MESOP-00020,RESOLVED,2026-09-25T23:59:59-06:00,2026-09-26T08:00:00-06:00,2026-06-29T00:00:00-06:00,,3,OPSCH-2-00020,false,ACTIVE,,,VALID,CURRENT,coolit-synthetic-v2.0.0,ALL_SYNTHETIC_CUSTOMERS,ALL_SYNTHETIC_PROGRAMS,CFG-CDU-03,SYNTHETIC_INTERNAL,SNP-COOLIT-20260925-BL,SCN-BASELINE,OPSCH-3-00020,SCH-V3,WO-0004,MESOP-00020,20,LINE-CDU-01,2026-07-09T07:00:00-06:00,2026-07-09T17:00:00-06:00,20,COOLANT_DISTRIBUTION_UNIT,20,1,true,true,true,FROZEN,SUPERSEDED
TEN-COOLIT-SYN-001,SITE-COOLIT-SYN-01,ERP,OPERATION_SCHEDULE,OPSCH-3-00021,MESOP-00021,RESOLVED,2026-09-25T23:59:59-06:00,2026-09-26T08:00:00-06:00,2026-06-29T00:00:00-06:00,,3,OPSCH-2-00021,false,ACTIVE,,,VALID,CURRENT,coolit-synthetic-v2.0.0,ALL_SYNTHETIC_CUSTOMERS,ALL_SYNTHETIC_PROGRAMS,CFG-CDU-03,SYNTHETIC_INTERNAL,SNP-COOLIT-20260925-BL,SCN-BASELINE,OPSCH-3-00021,SCH-V3,WO-0004,MESOP-00021,30,TEST-LEAK-01,2026-07-10T07:00:00-06:00,2026-07-10T17:00:00-06:00,21,COOLANT_DISTRIBUTION_UNIT,5,1,true,true,true,FROZEN,SUPERSEDED
TEN-COOLIT-SYN-001,SITE-COOLIT-SYN-01,ERP,OPERATION_SCHEDULE,OPSCH-3-00022,MESOP-00022,RESOLVED,2026-09-25T23:59:59-06:00,2026-09-26T08:00:00-06:00,2026-06-29T00:00:00-06:00,,3,OPSCH-2-00022,false,ACTIVE,,,VALID,CURRENT,coolit-synthetic-v2.0.0,ALL_SYNTHETIC_CUSTOMERS,ALL_SYNTHETIC_PROGRAMS,CFG-CDU-03,SYNTHETIC_INTERNAL,SNP-COOLIT-20260925-BL,SCN-BASELINE,OPSCH-3-00022,SCH-V3,WO-0004,MESOP-00022,40,TEST-LEAK-01,2026-07-11T07:00:00-06:00,2026-07-11T17:00:00-06:00,22,COOLANT_DISTRIBUTION_UNIT,5,2,true,true,true,FROZEN,SUPERSEDED
TEN-COOLIT-SYN-001,SITE-COOLIT-SYN-01,ERP,OPERATION_SCHEDULE,OPSCH-3-00023,MESOP-00023,RESOLVED,2026-09-25T23:59:59-06:00,2026-09-26T08:00:00-06:00,2026-06-29T00:00:00-06:00,,3,OPSCH-2-00023,false,ACTIVE,,,VALID,CURRENT,coolit-synthetic-v2.0.0,ALL_SYNTHETIC_CUSTOMERS,ALL_SYNTHETIC_PROGRAMS,CFG-CDU-03,SYNTHETIC_INTERNAL,SNP-COOLIT-20260925-BL,SCN-BASELINE,OPSCH-3-00023,SCH-V3,WO-0004,MESOP-00023,50,TEST-FUNC-01,2026-07-12T07:00:00-06:00,2026-07-12T17:00:00-06:00,23,COOLANT_DISTRIBUTION_UNIT,5,2,true,true,true,FROZEN,SUPERSEDED
TEN-COOLIT-SYN-001,SITE-COOLIT-SYN-01,ERP,OPERATION_SCHEDULE,OPSCH-3-00024,MESOP-00024,RESOLVED,2026-09-25T23:59:59-06:00,2026-09-26T08:00:00-06:00,2026-06-29T00:00:00-06:00,,3,OPSCH-2-00024,false,ACTIVE,,,VALID,CURRENT,coolit-synthetic-v2.0.0,ALL_SYNTHETIC_CUSTOMERS,ALL_SYNTHETIC_PROGRAMS,CFG-CDU-03,SYNTHETIC_INTERNAL,SNP-COOLIT-20260925-BL,SCN-BASELINE,OPSCH-3-00024,SCH-V3,WO-0004,MESOP-00024,60,LINE-CDU-01,2026-07-13T07:00:00-06:00,2026-07-13T17:00:00-06:00,24,COOLANT_DISTRIBUTION_UNIT,5,2,true,true,true,FROZEN,SUPERSEDED
TEN-COOLIT-SYN-001,SITE-COOLIT-SYN-01,ERP,OPERATION_SCHEDULE,OPSCH-3-00025,MESOP-00025,RESOLVED,2026-09-25T23:59:59-06:00,2026-09-26T08:00:00-06:00,2026-06-29T00:00:00-06:00,,3,OPSCH-2-00025,false,ACTIVE,,,VALID,CURRENT,coolit-synthetic-v2.0.0,ALL_SYNTHETIC_CUSTOMERS,ALL_SYNTHETIC_PROGRAMS,CFG-RM-02,SYNTHETIC_INTERNAL,SNP-COOLIT-20260925-BL,SCN-BASELINE,OPSCH-3-00025,SCH-V3,WO-0005,MESOP-00025,10,CELL-ROBOT-01,2026-07-11T07:00:00-06:00,2026-07-11T17:00:00-06:00,25,RACK_MANIFOLD,5,1,true,true,true,FROZEN,SUPERSEDED
TEN-COOLIT-SYN-001,SITE-COOLIT-SYN-01,ERP,OPERATION_SCHEDULE,OPSCH-3-00026,MESOP-00026,RESOLVED,2026-09-25T23:59:59-06:00,2026-09-26T08:00:00-06:00,2026-06-29T00:00:00-06:00,,3,OPSCH-2-00026,false,ACTIVE,,,VALID,CURRENT,coolit-synthetic-v2.0.0,ALL_SYNTHETIC_CUSTOMERS,ALL_SYNTHETIC_PROGRAMS,CFG-RM-02,SYNTHETIC_INTERNAL,SNP-COOLIT-20260925-BL,SCN-BASELINE,OPSCH-3-00026,SCH-V3,WO-0005,MESOP-00026,20,LINE-RM-01,2026-07-12T07:00:00-06:00,2026-07-12T17:00:00-06:00,26,RACK_MANIFOLD,20,1,true,true,true,FROZEN,SUPERSEDED
TEN-COOLIT-SYN-001,SITE-COOLIT-SYN-01,ERP,OPERATION_SCHEDULE,OPSCH-3-00027,MESOP-00027,RESOLVED,2026-09-25T23:59:59-06:00,2026-09-26T08:00:00-06:00,2026-06-29T00:00:00-06:00,,3,OPSCH-2-00027,false,ACTIVE,,,VALID,CURRENT,coolit-synthetic-v2.0.0,ALL_SYNTHETIC_CUSTOMERS,ALL_SYNTHETIC_PROGRAMS,CFG-RM-02,SYNTHETIC_INTERNAL,SNP-COOLIT-20260925-BL,SCN-BASELINE,OPSCH-3-00027,SCH-V3,WO-0005,MESOP-00027,30,TEST-LEAK-01,2026-07-13T07:00:00-06:00,2026-07-13T17:00:00-06:00,27,RACK_MANIFOLD,5,1,true,true,true,FROZEN,SUPERSEDED
TEN-COOLIT-SYN-001,SITE-COOLIT-SYN-01,ERP,OPERATION_SCHEDULE,OPSCH-3-00028,MESOP-00028,RESOLVED,2026-09-25T23:59:59-06:00,2026-09-26T08:00:00-06:00,2026-06-29T00:00:00-06:00,,3,OPSCH-2-00028,false,ACTIVE,,,VALID,CURRENT,coolit-synthetic-v2.0.0,ALL_SYNTHETIC_CUSTOMERS,ALL_SYNTHETIC_PROGRAMS,CFG-RM-02,SYNTHETIC_INTERNAL,SNP-COOLIT-20260925-BL,SCN-BASELINE,OPSCH-3-00028,SCH-V3,WO-0005,MESOP-00028,40,TEST-LEAK-01,2026-07-14T07:00:00-06:00,2026-07-14T17:00:00-06:00,28,RACK_MANIFOLD,5,2,true,true,true,FROZEN,SUPERSEDED
TEN-COOLIT-SYN-001,SITE-COOLIT-SYN-01,ERP,OPERATION_SCHEDULE,OPSCH-3-00029,MESOP-00029,RESOLVED,2026-09-25T23:59:59-06:00,2026-09-26T08:00:00-06:00,2026-06-29T00:00:00-06:00,,3,OPSCH-2-00029,false,ACTIVE,,,VALID,CURRENT,coolit-synthetic-v2.0.0,ALL_SYNTHETIC_CUSTOMERS,ALL_SYNTHETIC_PROGRAMS,CFG-RM-02,SYNTHETIC_INTERNAL,SNP-COOLIT-20260925-BL,SCN-BASELINE,OPSCH-3-00029,SCH-V3,WO-0005,MESOP-00029,50,TEST-FUNC-01,2026-07-15T07:00:00-06:00,2026-07-15T17:00:00-06:00,29,RACK_MANIFOLD,5,2,true,true,true,FROZEN,SUPERSEDED
TEN-COOLIT-SYN-001,SITE-COOLIT-SYN-01,ERP,OPERATION_SCHEDULE,OPSCH-3-00030,MESOP-00030,RESOLVED,2026-09-25T23:59:59-06:00,2026-09-26T08:00:00-06:00,2026-06-29T00:00:00-06:00,,3,OPSCH-2-00030,false,ACTIVE,,,VALID,CURRENT,coolit-synthetic-v2.0.0,ALL_SYNTHETIC_CUSTOMERS,ALL_SYNTHETIC_PROGRAMS,CFG-RM-02,SYNTHETIC_INTERNAL,SNP-COOLIT-20260925-BL,SCN-BASELINE,OPSCH-3-00030,SCH-V3,WO-0005,MESOP-00030,60,LINE-RM-01,2026-07-16T07:00:00-06:00,2026-07-16T17:00:00-06:00,30,RACK_MANIFOLD,5,2,false,true,true,FROZEN,SUPERSEDED
TEN-COOLIT-SYN-001,SITE-COOLIT-SYN-01,ERP,OPERATION_SCHEDULE,OPSCH-3-00031,MESOP-00031,RESOLVED,2026-09-25T23:59:59-06:00,2026-09-26T08:00:00-06:00,2026-06-29T00:00:00-06:00,,3,OPSCH-2-00031,false,ACTIVE,,,VALID,CURRENT,coolit-synthetic-v2.0.0,ALL_SYNTHETIC_CUSTOMERS,ALL_SYNTHETIC_PROGRAMS,CFG-CPL-01,SYNTHETIC_INTERNAL,SNP-COOLIT-20260925-BL,SCN-BASELINE,OPSCH-3-00031,SCH-V3,WO-0006,MESOP-00031,10,CELL-ROBOT-01,2026-07-14T07:00:00-06:00,2026-07-14T17:00:00-06:00,31,COLDPLATE_LOOP,5,1,true,true,true,FROZEN,SUPERSEDED
TEN-COOLIT-SYN-001,SITE-COOLIT-SYN-01,ERP,OPERATION_SCHEDULE,OPSCH-3-00032,MESOP-00032,RESOLVED,2026-09-25T23:59:59-06:00,2026-09-26T08:00:00-06:00,2026-06-29T00:00:00-06:00,,3,OPSCH-2-00032,false,ACTIVE,,,VALID,CURRENT,coolit-synthetic-v2.0.0,ALL_SYNTHETIC_CUSTOMERS,ALL_SYNTHETIC_PROGRAMS,CFG-CPL-01,SYNTHETIC_INTERNAL,SNP-COOLIT-20260925-BL,SCN-BASELINE,OPSCH-3-00032,SCH-V3,WO-0006,MESOP-00032,20,LINE-CPL-01,2026-07-15T07:00:00-06:00,2026-07-15T17:00:00-06:00,32,COLDPLATE_LOOP,20,1,true,false,true,FROZEN,SUPERSEDED
TEN-COOLIT-SYN-001,SITE-COOLIT-SYN-01,ERP,OPERATION_SCHEDULE,OPSCH-3-00033,MESOP-00033,RESOLVED,2026-09-25T23:59:59-06:00,2026-09-26T08:00:00-06:00,2026-06-29T00:00:00-06:00,,3,OPSCH-2-00033,false,ACTIVE,,,VALID,CURRENT,coolit-synthetic-v2.0.0,ALL_SYNTHETIC_CUSTOMERS,ALL_SYNTHETIC_PROGRAMS,CFG-CPL-01,SYNTHETIC_INTERNAL,SNP-COOLIT-20260925-BL,SCN-BASELINE,OPSCH-3-00033,SCH-V3,WO-0006,MESOP-00033,30,TEST-LEAK-01,2026-07-16T07:00:00-06:00,2026-07-16T17:00:00-06:00,33,COLDPLATE_LOOP,5,1,true,true,true,FROZEN,SUPERSEDED
TEN-COOLIT-SYN-001,SITE-COOLIT-SYN-01,ERP,OPERATION_SCHEDULE,OPSCH-3-00034,MESOP-00034,RESOLVED,2026-09-25T23:59:59-06:00,2026-09-26T08:00:00-06:00,2026-06-29T00:00:00-06:00,,3,OPSCH-2-00034,false,ACTIVE,,,VALID,CURRENT,coolit-synthetic-v2.0.0,ALL_SYNTHETIC_CUSTOMERS,ALL_SYNTHETIC_PROGRAMS,CFG-CPL-01,SYNTHETIC_INTERNAL,SNP-COOLIT-20260925-BL,SCN-BASELINE,OPSCH-3-00034,SCH-V3,WO-0006,MESOP-00034,40,TEST-LEAK-01,2026-07-17T07:00:00-06:00,2026-07-17T17:00:00-06:00,34,COLDPLATE_LOOP,5,2,true,true,true,FROZEN,SUPERSEDED
TEN-COOLIT-SYN-001,SITE-COOLIT-SYN-01,ERP,OPERATION_SCHEDULE,OPSCH-3-00035,MESOP-00035,RESOLVED,2026-09-25T23:59:59-06:00,2026-09-26T08:00:00-06:00,2026-06-29T00:00:00-06:00,,3,OPSCH-2-00035,false,ACTIVE,,,VALID,CURRENT,coolit-synthetic-v2.0.0,ALL_SYNTHETIC_CUSTOMERS,ALL_SYNTHETIC_PROGRAMS,CFG-CPL-01,SYNTHETIC_INTERNAL,SNP-COOLIT-20260925-BL,SCN-BASELINE,OPSCH-3-00035,SCH-V3,WO-0006,MESOP-00035,50,TEST-FUNC-01,2026-07-18T07:00:00-06:00,2026-07-18T17:00:00-06:00,35,COLDPLATE_LOOP,5,2,true,true,true,FROZEN,SUPERSEDED
TEN-COOLIT-SYN-001,SITE-COOLIT-SYN-01,ERP,OPERATION_SCHEDULE,OPSCH-3-00036,MESOP-00036,RESOLVED,2026-09-25T23:59:59-06:00,2026-09-26T08:00:00-06:00,2026-06-29T00:00:00-06:00,,3,OPSCH-2-00036,false,ACTIVE,,,VALID,CURRENT,coolit-synthetic-v2.0.0,ALL_SYNTHETIC_CUSTOMERS,ALL_SYNTHETIC_PROGRAMS,CFG-CPL-01,SYNTHETIC_INTERNAL,SNP-COOLIT-20260925-BL,SCN-BASELINE,OPSCH-3-00036,SCH-V3,WO-0006,MESOP-00036,60,LINE-CPL-01,2026-07-19T07:00:00-06:00,2026-07-19T17:00:00-06:00,36,COLDPLATE_LOOP,5,2,true,true,true,FROZEN,SUPERSEDED
TEN-COOLIT-SYN-001,SITE-COOLIT-SYN-01,ERP,OPERATION_SCHEDULE,OPSCH-3-00037,MESOP-00037,RESOLVED,2026-09-25T23:59:59-06:00,2026-09-26T08:00:00-06:00,2026-06-29T00:00:00-06:00,,3,OPSCH-2-00037,false,ACTIVE,,,VALID,CURRENT,coolit-synthetic-v2.0.0,ALL_SYNTHETIC_CUSTOMERS,ALL_SYNTHETIC_PROGRAMS,CFG-RM-04,SYNTHETIC_INTERNAL,SNP-COOLIT-20260925-BL,SCN-BASELINE,OPSCH-3-00037,SCH-V3,WO-0007,MESOP-00037,10,CELL-ROBOT-01,2026-07-17T07:00:00-06:00,2026-07-17T17:00:00-06:00,37,RACK_MANIFOLD,5,1,true,true,true,FROZEN,SUPERSEDED
TEN-COOLIT-SYN-001,SITE-COOLIT-SYN-01,ERP,OPERATION_SCHEDULE,OPSCH-3-00038,MESOP-00038,RESOLVED,2026-09-25T23:59:59-06:00,2026-09-26T08:00:00-06:00,2026-06-29T00:00:00-06:00,,3,OPSCH-2-00038,false,ACTIVE,,,VALID,CURRENT,coolit-synthetic-v2.0.0,ALL_SYNTHETIC_CUSTOMERS,ALL_SYNTHETIC_PROGRAMS,CFG-RM-04,SYNTHETIC_INTERNAL,SNP-COOLIT-20260925-BL,SCN-BASELINE,OPSCH-3-00038,SCH-V3,WO-0007,MESOP-00038,20,LINE-RM-01,2026-07-18T07:00:00-06:00,2026-07-18T17:00:00-06:00,38,RACK_MANIFOLD,20,1,true,true,true,FROZEN,SUPERSEDED
TEN-COOLIT-SYN-001,SITE-COOLIT-SYN-01,ERP,OPERATION_SCHEDULE,OPSCH-3-00039,MESOP-00039,RESOLVED,2026-09-25T23:59:59-06:00,2026-09-26T08:00:00-06:00,2026-06-29T00:00:00-06:00,,3,OPSCH-2-00039,false,ACTIVE,,,VALID,CURRENT,coolit-synthetic-v2.0.0,ALL_SYNTHETIC_CUSTOMERS,ALL_SYNTHETIC_PROGRAMS,CFG-RM-04,SYNTHETIC_INTERNAL,SNP-COOLIT-20260925-BL,SCN-BASELINE,OPSCH-3-00039,SCH-V3,WO-0007,MESOP-00039,30,TEST-LEAK-01,2026-07-19T07:00:00-06:00,2026-07-19T17:00:00-06:00,39,RACK_MANIFOLD,5,1,true,true,true,FROZEN,SUPERSEDED
TEN-COOLIT-SYN-001,SITE-COOLIT-SYN-01,ERP,OPERATION_SCHEDULE,OPSCH-3-00040,MESOP-00040,RESOLVED,2026-09-25T23:59:59-06:00,2026-09-26T08:00:00-06:00,2026-06-29T00:00:00-06:00,,3,OPSCH-2-00040,false,ACTIVE,,,VALID,CURRENT,coolit-synthetic-v2.0.0,ALL_SYNTHETIC_CUSTOMERS,ALL_SYNTHETIC_PROGRAMS,CFG-RM-04,SYNTHETIC_INTERNAL,SNP-COOLIT-20260925-BL,SCN-BASELINE,OPSCH-3-00040,SCH-V3,WO-0007,MESOP-00040,40,TEST-LEAK-01,2026-07-20T07:00:00-06:00,2026-07-20T17:00:00-06:00,40,RACK_MANIFOLD,5,2,true,true,true,FROZEN,SUPERSEDED
TEN-COOLIT-SYN-001,SITE-COOLIT-SYN-01,ERP,OPERATION_SCHEDULE,OPSCH-3-00041,MESOP-00041,RESOLVED,2026-09-25T23:59:59-06:00,2026-09-26T08:00:00-06:00,2026-06-29T00:00:00-06:00,,3,OPSCH-2-00041,false,ACTIVE,,,VALID,CURRENT,coolit-synthetic-v2.0.0,ALL_SYNTHETIC_CUSTOMERS,ALL_SYNTHETIC_PROGRAMS,CFG-RM-04,SYNTHETIC_INTERNAL,SNP-COOLIT-20260925-BL,SCN-BASELINE,OPSCH-3-00041,SCH-V3,WO-0007,MESOP-00041,50,TEST-FUNC-01,2026-07-21T07:00:00-06:00,2026-07-21T17:00:00-06:00,41,RACK_MANIFOLD,5,2,true,true,true,SLUSHY,SUPERSEDED
TEN-COOLIT-SYN-001,SITE-COOLIT-SYN-01,ERP,OPERATION_SCHEDULE,OPSCH-3-00042,MESOP-00042,RESOLVED,2026-09-25T23:59:59-06:00,2026-09-26T08:00:00-06:00,2026-06-29T00:00:00-06:00,,3,OPSCH-2-00042,false,ACTIVE,,,VALID,CURRENT,coolit-synthetic-v2.0.0,ALL_SYNTHETIC_CUSTOMERS,ALL_SYNTHETIC_PROGRAMS,CFG-RM-04,SYNTHETIC_INTERNAL,SNP-COOLIT-20260925-BL,SCN-BASELINE,OPSCH-3-00042,SCH-V3,WO-0007,MESOP-00042,60,LINE-RM-01,2026-07-22T07:00:00-06:00,2026-07-22T17:00:00-06:00,42,RACK_MANIFOLD,5,2,true,true,true,SLUSHY,SUPERSEDED
TEN-COOLIT-SYN-001,SITE-COOLIT-SYN-01,ERP,OPERATION_SCHEDULE,OPSCH-3-00043,MESOP-00043,RESOLVED,2026-09-25T23:59:59-06:00,2026-09-26T08:00:00-06:00,2026-06-29T00:00:00-06:00,,3,OPSCH-2-00043,false,ACTIVE,,,VALID,CURRENT,coolit-synthetic-v2.0.0,ALL_SYNTHETIC_CUSTOMERS,ALL_SYNTHETIC_PROGRAMS,CFG-CPL-03,SYNTHETIC_INTERNAL,SNP-COOLIT-20260925-BL,SCN-BASELINE,OPSCH-3-00043,SCH-V3,WO-0008,MESOP-00043,10,CELL-ROBOT-01,2026-07-20T07:00:00-06:00,2026-07-20T17:00:00-06:00,43,COLDPLATE_LOOP,5,1,true,true,true,SLUSHY,SUPERSEDED
TEN-COOLIT-SYN-001,SITE-COOLIT-SYN-01,ERP,OPERATION_SCHEDULE,OPSCH-3-00044,MESOP-00044,RESOLVED,2026-09-25T23:59:59-06:00,2026-09-26T08:00:00-06:00,2026-06-29T00:00:00-06:00,,3,OPSCH-2-00044,false,ACTIVE,,,VALID,CURRENT,coolit-synthetic-v2.0.0,ALL_SYNTHETIC_CUSTOMERS,ALL_SYNTHETIC_PROGRAMS,CFG-CPL-03,SYNTHETIC_INTERNAL,SNP-COOLIT-20260925-BL,SCN-BASELINE,OPSCH-3-00044,SCH-V3,WO-0008,MESOP-00044,20,LINE-CPL-01,2026-07-21T07:00:00-06:00,2026-07-21T17:00:00-06:00,44,COLDPLATE_LOOP,20,1,true,true,true,SLUSHY,SUPERSEDED
TEN-COOLIT-SYN-001,SITE-COOLIT-SYN-01,ERP,OPERATION_SCHEDULE,OPSCH-3-00045,MESOP-00045,RESOLVED,2026-09-25T23:59:59-06:00,2026-09-26T08:00:00-06:00,2026-06-29T00:00:00-06:00,,3,OPSCH-2-00045,false,ACTIVE,,,VALID,CURRENT,coolit-synthetic-v2.0.0,ALL_SYNTHETIC_CUSTOMERS,ALL_SYNTHETIC_PROGRAMS,CFG-CPL-03,SYNTHETIC_INTERNAL,SNP-COOLIT-20260925-BL,SCN-BASELINE,OPSCH-3-00045,SCH-V3,WO-0008,MESOP-00045,30,TEST-LEAK-01,2026-07-22T07:00:00-06:00,2026-07-22T17:00:00-06:00,45,COLDPLATE_LOOP,5,1,true,true,true,SLUSHY,SUPERSEDED
TEN-COOLIT-SYN-001,SITE-COOLIT-SYN-01,ERP,OPERATION_SCHEDULE,OPSCH-3-00046,MESOP-00046,RESOLVED,2026-09-25T23:59:59-06:00,2026-09-26T08:00:00-06:00,2026-06-29T00:00:00-06:00,,3,OPSCH-2-00046,false,ACTIVE,,,VALID,CURRENT,coolit-synthetic-v2.0.0,ALL_SYNTHETIC_CUSTOMERS,ALL_SYNTHETIC_PROGRAMS,CFG-CPL-03,SYNTHETIC_INTERNAL,SNP-COOLIT-20260925-BL,SCN-BASELINE,OPSCH-3-00046,SCH-V3,WO-0008,MESOP-00046,40,TEST-LEAK-01,2026-07-23T07:00:00-06:00,2026-07-23T17:00:00-06:00,46,COLDPLATE_LOOP,5,2,true,true,true,SLUSHY,SUPERSEDED
TEN-COOLIT-SYN-001,SITE-COOLIT-SYN-01,ERP,OPERATION_SCHEDULE,OPSCH-3-00047,MESOP-00047,RESOLVED,2026-09-25T23:59:59-06:00,2026-09-26T08:00:00-06:00,2026-06-29T00:00:00-06:00,,3,OPSCH-2-00047,false,ACTIVE,,,VALID,CURRENT,coolit-synthetic-v2.0.0,ALL_SYNTHETIC_CUSTOMERS,ALL_SYNTHETIC_PROGRAMS,CFG-CPL-03,SYNTHETIC_INTERNAL,SNP-COOLIT-20260925-BL,SCN-BASELINE,OPSCH-3-00047,SCH-V3,WO-0008,MESOP-00047,50,TEST-FUNC-01,2026-07-24T07:00:00-06:00,2026-07-24T17:00:00-06:00,47,COLDPLATE_LOOP,5,2,true,true,true,SLUSHY,SUPERSEDED
TEN-COOLIT-SYN-001,SITE-COOLIT-SYN-01,ERP,OPERATION_SCHEDULE,OPSCH-3-00048,MESOP-00048,RESOLVED,2026-09-25T23:59:59-06:00,2026-09-26T08:00:00-06:00,2026-06-29T00:00:00-06:00,,3,OPSCH-2-00048,false,ACTIVE,,,VALID,CURRENT,coolit-synthetic-v2.0.0,ALL_SYNTHETIC_CUSTOMERS,ALL_SYNTHETIC_PROGRAMS,CFG-CPL-03,SYNTHETIC_INTERNAL,SNP-COOLIT-20260925-BL,SCN-BASELINE,OPSCH-3-00048,SCH-V3,WO-0008,MESOP-00048,60,LINE-CPL-01,2026-07-25T07:00:00-06:00,2026-07-25T17:00:00-06:00,48,COLDPLATE_LOOP,5,2,true,true,true,SLUSHY,SUPERSEDED
TEN-COOLIT-SYN-001,SITE-COOLIT-SYN-01,ERP,OPERATION_SCHEDULE,OPSCH-3-00049,MESOP-00049,RESOLVED,2026-09-25T23:59:59-06:00,2026-09-26T08:00:00-06:00,2026-06-29T00:00:00-06:00,,3,OPSCH-2-00049,false,ACTIVE,,,VALID,CURRENT,coolit-synthetic-v2.0.0,ALL_SYNTHETIC_CUSTOMERS,ALL_SYNTHETIC_PROGRAMS,CFG-CDU-02,SYNTHETIC_INTERNAL,SNP-COOLIT-20260925-BL,SCN-BASELINE,OPSCH-3-00049,SCH-V3,WO-0009,MESOP-00049,10,CELL-ROBOT-01,2026-07-23T07:00:00-06:00,2026-07-23T17:00:00-06:00,49,COOLANT_DISTRIBUTION_UNIT,5,1,true,true,true,SLUSHY,SUPERSEDED
TEN-COOLIT-SYN-001,SITE-COOLIT-SYN-01,ERP,OPERATION_SCHEDULE,OPSCH-3-00050,MESOP-00050,RESOLVED,2026-09-25T23:59:59-06:00,2026-09-26T08:00:00-06:00,2026-06-29T00:00:00-06:00,,3,OPSCH-2-00050,false,ACTIVE,,,VALID,CURRENT,coolit-synthetic-v2.0.0,ALL_SYNTHETIC_CUSTOMERS,ALL_SYNTHETIC_PROGRAMS,CFG-CDU-02,SYNTHETIC_INTERNAL,SNP-COOLIT-20260925-BL,SCN-BASELINE,OPSCH-3-00050,SCH-V3,WO-0009,MESOP-00050,20,LINE-CDU-01,2026-07-24T07:00:00-06:00,2026-07-24T17:00:00-06:00,50,COOLANT_DISTRIBUTION_UNIT,20,1,true,true,true,SLUSHY,SUPERSEDED
TEN-COOLIT-SYN-001,SITE-COOLIT-SYN-01,ERP,OPERATION_SCHEDULE,OPSCH-3-00051,MESOP-00051,RESOLVED,2026-09-25T23:59:59-06:00,2026-09-26T08:00:00-06:00,2026-06-29T00:00:00-06:00,,3,OPSCH-2-00051,false,ACTIVE,,,VALID,CURRENT,coolit-synthetic-v2.0.0,ALL_SYNTHETIC_CUSTOMERS,ALL_SYNTHETIC_PROGRAMS,CFG-CDU-02,SYNTHETIC_INTERNAL,SNP-COOLIT-20260925-BL,SCN-BASELINE,OPSCH-3-00051,SCH-V3,WO-0009,MESOP-00051,30,TEST-LEAK-01,2026-07-25T07:00:00-06:00,2026-07-25T17:00:00-06:00,51,COOLANT_DISTRIBUTION_UNIT,5,1,true,true,true,SLUSHY,SUPERSEDED
TEN-COOLIT-SYN-001,SITE-COOLIT-SYN-01,ERP,OPERATION_SCHEDULE,OPSCH-3-00052,MESOP-00052,RESOLVED,2026-09-25T23:59:59-06:00,2026-09-26T08:00:00-06:00,2026-06-29T00:00:00-06:00,,3,OPSCH-2-00052,false,ACTIVE,,,VALID,CURRENT,coolit-synthetic-v2.0.0,ALL_SYNTHETIC_CUSTOMERS,ALL_SYNTHETIC_PROGRAMS,CFG-CDU-02,SYNTHETIC_INTERNAL,SNP-COOLIT-20260925-BL,SCN-BASELINE,OPSCH-3-00052,SCH-V3,WO-0009,MESOP-00052,40,TEST-LEAK-01,2026-07-26T07:00:00-06:00,2026-07-26T17:00:00-06:00,52,COOLANT_DISTRIBUTION_UNIT,5,2,true,true,true,SLUSHY,SUPERSEDED
TEN-COOLIT-SYN-001,SITE-COOLIT-SYN-01,ERP,OPERATION_SCHEDULE,OPSCH-3-00053,MESOP-00053,RESOLVED,2026-09-25T23:59:59-06:00,2026-09-26T08:00:00-06:00,2026-06-29T00:00:00-06:00,,3,OPSCH-2-00053,false,ACTIVE,,,VALID,CURRENT,coolit-synthetic-v2.0.0,ALL_SYNTHETIC_CUSTOMERS,ALL_SYNTHETIC_PROGRAMS,CFG-CDU-02,SYNTHETIC_INTERNAL,SNP-COOLIT-20260925-BL,SCN-BASELINE,OPSCH-3-00053,SCH-V3,WO-0009,MESOP-00053,50,TEST-FUNC-01,2026-07-27T07:00:00-06:00,2026-07-27T17:00:00-06:00,53,COOLANT_DISTRIBUTION_UNIT,5,2,true,true,true,SLUSHY,SUPERSEDED
TEN-COOLIT-SYN-001,SITE-COOLIT-SYN-01,ERP,OPERATION_SCHEDULE,OPSCH-3-00054,MESOP-00054,RESOLVED,2026-09-25T23:59:59-06:00,2026-09-26T08:00:00-06:00,2026-06-29T00:00:00-06:00,,3,OPSCH-2-00054,false,ACTIVE,,,VALID,CURRENT,coolit-synthetic-v2.0.0,ALL_SYNTHETIC_CUSTOMERS,ALL_SYNTHETIC_PROGRAMS,CFG-CDU-02,SYNTHETIC_INTERNAL,SNP-COOLIT-20260925-BL,SCN-BASELINE,OPSCH-3-00054,SCH-V3,WO-0009,MESOP-00054,60,LINE-CDU-01,2026-07-28T07:00:00-06:00,2026-07-28T17:00:00-06:00,54,COOLANT_DISTRIBUTION_UNIT,5,2,true,true,true,SLUSHY,SUPERSEDED
TEN-COOLIT-SYN-001,SITE-COOLIT-SYN-01,ERP,OPERATION_SCHEDULE,OPSCH-3-00055,MESOP-00055,RESOLVED,2026-09-25T23:59:59-06:00,2026-09-26T08:00:00-06:00,2026-06-29T00:00:00-06:00,,3,OPSCH-2-00055,false,ACTIVE,,,VALID,CURRENT,coolit-synthetic-v2.0.0,ALL_SYNTHETIC_CUSTOMERS,ALL_SYNTHETIC_PROGRAMS,CFG-RM-01,SYNTHETIC_INTERNAL,SNP-COOLIT-20260925-BL,SCN-BASELINE,OPSCH-3-00055,SCH-V3,WO-0010,MESOP-00055,10,CELL-ROBOT-01,2026-07-26T07:00:00-06:00,2026-07-26T17:00:00-06:00,55,RACK_MANIFOLD,5,1,true,true,true,SLUSHY,SUPERSEDED
TEN-COOLIT-SYN-001,SITE-COOLIT-SYN-01,ERP,OPERATION_SCHEDULE,OPSCH-3-00056,MESOP-00056,RESOLVED,2026-09-25T23:59:59-06:00,2026-09-26T08:00:00-06:00,2026-06-29T00:00:00-06:00,,3,OPSCH-2-00056,false,ACTIVE,,,VALID,CURRENT,coolit-synthetic-v2.0.0,ALL_SYNTHETIC_CUSTOMERS,ALL_SYNTHETIC_PROGRAMS,CFG-RM-01,SYNTHETIC_INTERNAL,SNP-COOLIT-20260925-BL,SCN-BASELINE,OPSCH-3-00056,SCH-V3,WO-0010,MESOP-00056,20,LINE-RM-01,2026-07-27T07:00:00-06:00,2026-07-27T17:00:00-06:00,56,RACK_MANIFOLD,20,1,true,true,true,SLUSHY,SUPERSEDED
TEN-COOLIT-SYN-001,SITE-COOLIT-SYN-01,ERP,OPERATION_SCHEDULE,OPSCH-3-00057,MESOP-00057,RESOLVED,2026-09-25T23:59:59-06:00,2026-09-26T08:00:00-06:00,2026-06-29T00:00:00-06:00,,3,OPSCH-2-00057,false,ACTIVE,,,VALID,CURRENT,coolit-synthetic-v2.0.0,ALL_SYNTHETIC_CUSTOMERS,ALL_SYNTHETIC_PROGRAMS,CFG-RM-01,SYNTHETIC_INTERNAL,SNP-COOLIT-20260925-BL,SCN-BASELINE,OPSCH-3-00057,SCH-V3,WO-0010,MESOP-00057,30,TEST-LEAK-01,2026-07-28T07:00:00-06:00,2026-07-28T17:00:00-06:00,57,RACK_MANIFOLD,5,1,true,true,true,SLUSHY,SUPERSEDED
TEN-COOLIT-SYN-001,SITE-COOLIT-SYN-01,ERP,OPERATION_SCHEDULE,OPSCH-3-00058,MESOP-00058,RESOLVED,2026-09-25T23:59:59-06:00,2026-09-26T08:00:00-06:00,2026-06-29T00:00:00-06:00,,3,OPSCH-2-00058,false,ACTIVE,,,VALID,CURRENT,coolit-synthetic-v2.0.0,ALL_SYNTHETIC_CUSTOMERS,ALL_SYNTHETIC_PROGRAMS,CFG-RM-01,SYNTHETIC_INTERNAL,SNP-COOLIT-20260925-BL,SCN-BASELINE,OPSCH-3-00058,SCH-V3,WO-0010,MESOP-00058,40,TEST-LEAK-01,2026-07-29T07:00:00-06:00,2026-07-29T17:00:00-06:00,58,RACK_MANIFOLD,5,2,true,true,true,SLUSHY,SUPERSEDED
TEN-COOLIT-SYN-001,SITE-COOLIT-SYN-01,ERP,OPERATION_SCHEDULE,OPSCH-3-00059,MESOP-00059,RESOLVED,2026-09-25T23:59:59-06:00,2026-09-26T08:00:00-06:00,2026-06-29T00:00:00-06:00,,3,OPSCH-2-00059,false,ACTIVE,,,VALID,CURRENT,coolit-synthetic-v2.0.0,ALL_SYNTHETIC_CUSTOMERS,ALL_SYNTHETIC_PROGRAMS,CFG-RM-01,SYNTHETIC_INTERNAL,SNP-COOLIT-20260925-BL,SCN-BASELINE,OPSCH-3-00059,SCH-V3,WO-0010,MESOP-00059,50,TEST-FUNC-01,2026-07-30T07:00:00-06:00,2026-07-30T17:00:00-06:00,59,RACK_MANIFOLD,5,2,false,true,true,SLUSHY,SUPERSEDED
TEN-COOLIT-SYN-001,SITE-COOLIT-SYN-01,ERP,OPERATION_SCHEDULE,OPSCH-3-00060,MESOP-00060,RESOLVED,2026-09-25T23:59:59-06:00,2026-09-26T08:00:00-06:00,2026-06-29T00:00:00-06:00,,3,OPSCH-2-00060,false,ACTIVE,,,VALID,CURRENT,coolit-synthetic-v2.0.0,ALL_SYNTHETIC_CUSTOMERS,ALL_SYNTHETIC_PROGRAMS,CFG-RM-01,SYNTHETIC_INTERNAL,SNP-COOLIT-20260925-BL,SCN-BASELINE,OPSCH-3-00060,SCH-V3,WO-0010,MESOP-00060,60,LINE-RM-01,2026-07-31T07:00:00-06:00,2026-07-31T17:00:00-06:00,60,RACK_MANIFOLD,5,2,true,true,true,SLUSHY,SUPERSEDED
TEN-COOLIT-SYN-001,SITE-COOLIT-SYN-01,ERP,OPERATION_SCHEDULE,OPSCH-3-00061,MESOP-00061,RESOLVED,2026-09-25T23:59:59-06:00,2026-09-26T08:00:00-06:00,2026-06-29T00:00:00-06:00,,3,OPSCH-2-00061,false,ACTIVE,,,VALID,CURRENT,coolit-synthetic-v2.0.0,ALL_SYNTHETIC_CUSTOMERS,ALL_SYNTHETIC_PROGRAMS,CFG-CDU-04,SYNTHETIC_INTERNAL,SNP-COOLIT-20260925-BL,SCN-BASELINE,OPSCH-3-00061,SCH-V3,WO-0011,MESOP-00061,10,CELL-ROBOT-01,2026-07-29T07:00:00-06:00,2026-07-29T17:00:00-06:00,61,COOLANT_DISTRIBUTION_UNIT,5,1,true,true,true,SLUSHY,SUPERSEDED
TEN-COOLIT-SYN-001,SITE-COOLIT-SYN-01,ERP,OPERATION_SCHEDULE,OPSCH-3-00062,MESOP-00062,RESOLVED,2026-09-25T23:59:59-06:00,2026-09-26T08:00:00-06:00,2026-06-29T00:00:00-06:00,,3,OPSCH-2-00062,false,ACTIVE,,,VALID,CURRENT,coolit-synthetic-v2.0.0,ALL_SYNTHETIC_CUSTOMERS,ALL_SYNTHETIC_PROGRAMS,CFG-CDU-04,SYNTHETIC_INTERNAL,SNP-COOLIT-20260925-BL,SCN-BASELINE,OPSCH-3-00062,SCH-V3,WO-0011,MESOP-00062,20,LINE-CDU-01,2026-07-30T07:00:00-06:00,2026-07-30T17:00:00-06:00,62,COOLANT_DISTRIBUTION_UNIT,20,1,true,true,true,SLUSHY,SUPERSEDED
TEN-COOLIT-SYN-001,SITE-COOLIT-SYN-01,ERP,OPERATION_SCHEDULE,OPSCH-3-00063,MESOP-00063,RESOLVED,2026-09-25T23:59:59-06:00,2026-09-26T08:00:00-06:00,2026-06-29T00:00:00-06:00,,3,OPSCH-2-00063,false,ACTIVE,,,VALID,CURRENT,coolit-synthetic-v2.0.0,ALL_SYNTHETIC_CUSTOMERS,ALL_SYNTHETIC_PROGRAMS,CFG-CDU-04,SYNTHETIC_INTERNAL,SNP-COOLIT-20260925-BL,SCN-BASELINE,OPSCH-3-00063,SCH-V3,WO-0011,MESOP-00063,30,TEST-LEAK-01,2026-07-31T07:00:00-06:00,2026-07-31T17:00:00-06:00,63,COOLANT_DISTRIBUTION_UNIT,5,1,true,false,true,SLUSHY,SUPERSEDED
TEN-COOLIT-SYN-001,SITE-COOLIT-SYN-01,ERP,OPERATION_SCHEDULE,OPSCH-3-00064,MESOP-00064,RESOLVED,2026-09-25T23:59:59-06:00,2026-09-26T08:00:00-06:00,2026-06-29T00:00:00-06:00,,3,OPSCH-2-00064,false,ACTIVE,,,VALID,CURRENT,coolit-synthetic-v2.0.0,ALL_SYNTHETIC_CUSTOMERS,ALL_SYNTHETIC_PROGRAMS,CFG-CDU-04,SYNTHETIC_INTERNAL,SNP-COOLIT-20260925-BL,SCN-BASELINE,OPSCH-3-00064,SCH-V3,WO-0011,MESOP-00064,40,TEST-LEAK-01,2026-08-01T07:00:00-06:00,2026-08-01T17:00:00-06:00,64,COOLANT_DISTRIBUTION_UNIT,5,2,true,true,true,SLUSHY,SUPERSEDED
TEN-COOLIT-SYN-001,SITE-COOLIT-SYN-01,ERP,OPERATION_SCHEDULE,OPSCH-3-00065,MESOP-00065,RESOLVED,2026-09-25T23:59:59-06:00,2026-09-26T08:00:00-06:00,2026-06-29T00:00:00-06:00,,3,OPSCH-2-00065,false,ACTIVE,,,VALID,CURRENT,coolit-synthetic-v2.0.0,ALL_SYNTHETIC_CUSTOMERS,ALL_SYNTHETIC_PROGRAMS,CFG-CDU-04,SYNTHETIC_INTERNAL,SNP-COOLIT-20260925-BL,SCN-BASELINE,OPSCH-3-00065,SCH-V3,WO-0011,MESOP-00065,50,TEST-FUNC-01,2026-08-02T07:00:00-06:00,2026-08-02T17:00:00-06:00,65,COOLANT_DISTRIBUTION_UNIT,5,2,true,true,true,SLUSHY,SUPERSEDED
TEN-COOLIT-SYN-001,SITE-COOLIT-SYN-01,ERP,OPERATION_SCHEDULE,OPSCH-3-00066,MESOP-00066,RESOLVED,2026-09-25T23:59:59-06:00,2026-09-26T08:00:00-06:00,2026-06-29T00:00:00-06:00,,3,OPSCH-2-00066,false,ACTIVE,,,VALID,CURRENT,coolit-synthetic-v2.0.0,ALL_SYNTHETIC_CUSTOMERS,ALL_SYNTHETIC_PROGRAMS,CFG-CDU-04,SYNTHETIC_INTERNAL,SNP-COOLIT-20260925-BL,SCN-BASELINE,OPSCH-3-00066,SCH-V3,WO-0011,MESOP-00066,60,LINE-CDU-01,2026-08-03T07:00:00-06:00,2026-08-03T17:00:00-06:00,66,COOLANT_DISTRIBUTION_UNIT,5,2,true,true,true,SLUSHY,SUPERSEDED
TEN-COOLIT-SYN-001,SITE-COOLIT-SYN-01,ERP,OPERATION_SCHEDULE,OPSCH-3-00067,MESOP-00067,RESOLVED,2026-09-25T23:59:59-06:00,2026-09-26T08:00:00-06:00,2026-06-29T00:00:00-06:00,,3,OPSCH-2-00067,false,ACTIVE,,,VALID,CURRENT,coolit-synthetic-v2.0.0,ALL_SYNTHETIC_CUSTOMERS,ALL_SYNTHETIC_PROGRAMS,CFG-RM-03,SYNTHETIC_INTERNAL,SNP-COOLIT-20260925-BL,SCN-BASELINE,OPSCH-3-00067,SCH-V3,WO-0012,MESOP-00067,10,CELL-ROBOT-01,2026-08-01T07:00:00-06:00,2026-08-01T17:00:00-06:00,67,RACK_MANIFOLD,5,1,true,true,true,SLUSHY,SUPERSEDED
TEN-COOLIT-SYN-001,SITE-COOLIT-SYN-01,ERP,OPERATION_SCHEDULE,OPSCH-3-00068,MESOP-00068,RESOLVED,2026-09-25T23:59:59-06:00,2026-09-26T08:00:00-06:00,2026-06-29T00:00:00-06:00,,3,OPSCH-2-00068,false,ACTIVE,,,VALID,CURRENT,coolit-synthetic-v2.0.0,ALL_SYNTHETIC_CUSTOMERS,ALL_SYNTHETIC_PROGRAMS,CFG-RM-03,SYNTHETIC_INTERNAL,SNP-COOLIT-20260925-BL,SCN-BASELINE,OPSCH-3-00068,SCH-V3,WO-0012,MESOP-00068,20,LINE-RM-01,2026-08-02T07:00:00-06:00,2026-08-02T17:00:00-06:00,68,RACK_MANIFOLD,20,1,true,true,true,SLUSHY,SUPERSEDED
TEN-COOLIT-SYN-001,SITE-COOLIT-SYN-01,ERP,OPERATION_SCHEDULE,OPSCH-3-00069,MESOP-00069,RESOLVED,2026-09-25T23:59:59-06:00,2026-09-26T08:00:00-06:00,2026-06-29T00:00:00-06:00,,3,OPSCH-2-00069,false,ACTIVE,,,VALID,CURRENT,coolit-synthetic-v2.0.0,ALL_SYNTHETIC_CUSTOMERS,ALL_SYNTHETIC_PROGRAMS,CFG-RM-03,SYNTHETIC_INTERNAL,SNP-COOLIT-20260925-BL,SCN-BASELINE,OPSCH-3-00069,SCH-V3,WO-0012,MESOP-00069,30,TEST-LEAK-01,2026-08-03T07:00:00-06:00,2026-08-03T17:00:00-06:00,69,RACK_MANIFOLD,5,1,true,true,true,SLUSHY,SUPERSEDED
TEN-COOLIT-SYN-001,SITE-COOLIT-SYN-01,ERP,OPERATION_SCHEDULE,OPSCH-3-00070,MESOP-00070,RESOLVED,2026-09-25T23:59:59-06:00,2026-09-26T08:00:00-06:00,2026-06-29T00:00:00-06:00,,3,OPSCH-2-00070,false,ACTIVE,,,VALID,CURRENT,coolit-synthetic-v2.0.0,ALL_SYNTHETIC_CUSTOMERS,ALL_SYNTHETIC_PROGRAMS,CFG-RM-03,SYNTHETIC_INTERNAL,SNP-COOLIT-20260925-BL,SCN-BASELINE,OPSCH-3-00070,SCH-V3,WO-0012,MESOP-00070,40,TEST-LEAK-01,2026-08-04T07:00:00-06:00,2026-08-04T17:00:00-06:00,70,RACK_MANIFOLD,5,2,true,true,true,SLUSHY,SUPERSEDED
TEN-COOLIT-SYN-001,SITE-COOLIT-SYN-01,ERP,OPERATION_SCHEDULE,OPSCH-3-00071,MESOP-00071,RESOLVED,2026-09-25T23:59:59-06:00,2026-09-26T08:00:00-06:00,2026-06-29T00:00:00-06:00,,3,OPSCH-2-00071,false,ACTIVE,,,VALID,CURRENT,coolit-synthetic-v2.0.0,ALL_SYNTHETIC_CUSTOMERS,ALL_SYNTHETIC_PROGRAMS,CFG-RM-03,SYNTHETIC_INTERNAL,SNP-COOLIT-20260925-BL,SCN-BASELINE,OPSCH-3-00071,SCH-V3,WO-0012,MESOP-00071,50,TEST-FUNC-01,2026-08-05T07:00:00-06:00,2026-08-05T17:00:00-06:00,71,RACK_MANIFOLD,5,2,true,true,true,SLUSHY,SUPERSEDED
TEN-COOLIT-SYN-001,SITE-COOLIT-SYN-01,ERP,OPERATION_SCHEDULE,OPSCH-3-00072,MESOP-00072,RESOLVED,2026-09-25T23:59:59-06:00,2026-09-26T08:00:00-06:00,2026-06-29T00:00:00-06:00,,3,OPSCH-2-00072,false,ACTIVE,,,VALID,CURRENT,coolit-synthetic-v2.0.0,ALL_SYNTHETIC_CUSTOMERS,ALL_SYNTHETIC_PROGRAMS,CFG-RM-03,SYNTHETIC_INTERNAL,SNP-COOLIT-20260925-BL,SCN-BASELINE,OPSCH-3-00072,SCH-V3,WO-0012,MESOP-00072,60,LINE-RM-01,2026-08-06T07:00:00-06:00,2026-08-06T17:00:00-06:00,72,RACK_MANIFOLD,5,2,true,true,true,SLUSHY,SUPERSEDED
TEN-COOLIT-SYN-001,SITE-COOLIT-SYN-01,ERP,OPERATION_SCHEDULE,OPSCH-3-00073,MESOP-00073,RESOLVED,2026-09-25T23:59:59-06:00,2026-09-26T08:00:00-06:00,2026-06-29T00:00:00-06:00,,3,OPSCH-2-00073,false,ACTIVE,,,VALID,CURRENT,coolit-synthetic-v2.0.0,ALL_SYNTHETIC_CUSTOMERS,ALL_SYNTHETIC_PROGRAMS,CFG-CPL-02,SYNTHETIC_INTERNAL,SNP-COOLIT-20260925-BL,SCN-BASELINE,OPSCH-3-00073,SCH-V3,WO-0013,MESOP-00073,10,CELL-ROBOT-01,2026-08-04T07:00:00-06:00,2026-08-04T17:00:00-06:00,73,COLDPLATE_LOOP,5,1,true,true,true,SLUSHY,SUPERSEDED
TEN-COOLIT-SYN-001,SITE-COOLIT-SYN-01,ERP,OPERATION_SCHEDULE,OPSCH-3-00074,MESOP-00074,RESOLVED,2026-09-25T23:59:59-06:00,2026-09-26T08:00:00-06:00,2026-06-29T00:00:00-06:00,,3,OPSCH-2-00074,false,ACTIVE,,,VALID,CURRENT,coolit-synthetic-v2.0.0,ALL_SYNTHETIC_CUSTOMERS,ALL_SYNTHETIC_PROGRAMS,CFG-CPL-02,SYNTHETIC_INTERNAL,SNP-COOLIT-20260925-BL,SCN-BASELINE,OPSCH-3-00074,SCH-V3,WO-0013,MESOP-00074,20,LINE-CPL-01,2026-08-05T07:00:00-06:00,2026-08-05T17:00:00-06:00,74,COLDPLATE_LOOP,20,1,true,true,true,SLUSHY,SUPERSEDED
TEN-COOLIT-SYN-001,SITE-COOLIT-SYN-01,ERP,OPERATION_SCHEDULE,OPSCH-3-00075,MESOP-00075,RESOLVED,2026-09-25T23:59:59-06:00,2026-09-26T08:00:00-06:00,2026-06-29T00:00:00-06:00,,3,OPSCH-2-00075,false,ACTIVE,,,VALID,CURRENT,coolit-synthetic-v2.0.0,ALL_SYNTHETIC_CUSTOMERS,ALL_SYNTHETIC_PROGRAMS,CFG-CPL-02,SYNTHETIC_INTERNAL,SNP-COOLIT-20260925-BL,SCN-BASELINE,OPSCH-3-00075,SCH-V3,WO-0013,MESOP-00075,30,TEST-LEAK-01,2026-08-06T07:00:00-06:00,2026-08-06T17:00:00-06:00,75,COLDPLATE_LOOP,5,1,true,true,true,SLUSHY,SUPERSEDED
TEN-COOLIT-SYN-001,SITE-COOLIT-SYN-01,ERP,OPERATION_SCHEDULE,OPSCH-3-00076,MESOP-00076,RESOLVED,2026-09-25T23:59:59-06:00,2026-09-26T08:00:00-06:00,2026-06-29T00:00:00-06:00,,3,OPSCH-2-00076,false,ACTIVE,,,VALID,CURRENT,coolit-synthetic-v2.0.0,ALL_SYNTHETIC_CUSTOMERS,ALL_SYNTHETIC_PROGRAMS,CFG-CPL-02,SYNTHETIC_INTERNAL,SNP-COOLIT-20260925-BL,SCN-BASELINE,OPSCH-3-00076,SCH-V3,WO-0013,MESOP-00076,40,TEST-LEAK-01,2026-08-07T07:00:00-06:00,2026-08-07T17:00:00-06:00,76,COLDPLATE_LOOP,5,2,true,true,true,SLUSHY,SUPERSEDED
TEN-COOLIT-SYN-001,SITE-COOLIT-SYN-01,ERP,OPERATION_SCHEDULE,OPSCH-3-00077,MESOP-00077,RESOLVED,2026-09-25T23:59:59-06:00,2026-09-26T08:00:00-06:00,2026-06-29T00:00:00-06:00,,3,OPSCH-2-00077,false,ACTIVE,,,VALID,CURRENT,coolit-synthetic-v2.0.0,ALL_SYNTHETIC_CUSTOMERS,ALL_SYNTHETIC_PROGRAMS,CFG-CPL-02,SYNTHETIC_INTERNAL,SNP-COOLIT-20260925-BL,SCN-BASELINE,OPSCH-3-00077,SCH-V3,WO-0013,MESOP-00077,50,TEST-FUNC-01,2026-08-08T07:00:00-06:00,2026-08-08T17:00:00-06:00,77,COLDPLATE_LOOP,5,2,true,true,true,SLUSHY,SUPERSEDED
TEN-COOLIT-SYN-001,SITE-COOLIT-SYN-01,ERP,OPERATION_SCHEDULE,OPSCH-3-00078,MESOP-00078,RESOLVED,2026-09-25T23:59:59-06:00,2026-09-26T08:00:00-06:00,2026-06-29T00:00:00-06:00,,3,OPSCH-2-00078,false,ACTIVE,,,VALID,CURRENT,coolit-synthetic-v2.0.0,ALL_SYNTHETIC_CUSTOMERS,ALL_SYNTHETIC_PROGRAMS,CFG-CPL-02,SYNTHETIC_INTERNAL,SNP-COOLIT-20260925-BL,SCN-BASELINE,OPSCH-3-00078,SCH-V3,WO-0013,MESOP-00078,60,LINE-CPL-01,2026-08-09T07:00:00-06:00,2026-08-09T17:00:00-06:00,78,COLDPLATE_LOOP,5,2,true,true,true,SLUSHY,SUPERSEDED
TEN-COOLIT-SYN-001,SITE-COOLIT-SYN-01,ERP,OPERATION_SCHEDULE,OPSCH-3-00079,MESOP-00079,RESOLVED,2026-09-25T23:59:59-06:00,2026-09-26T08:00:00-06:00,2026-06-29T00:00:00-06:00,,3,OPSCH-2-00079,false,ACTIVE,,,VALID,CURRENT,coolit-synthetic-v2.0.0,ALL_SYNTHETIC_CUSTOMERS,ALL_SYNTHETIC_PROGRAMS,CFG-CDU-01,SYNTHETIC_INTERNAL,SNP-COOLIT-20260925-BL,SCN-BASELINE,OPSCH-3-00079,SCH-V3,WO-0014,MESOP-00079,10,CELL-ROBOT-01,2026-08-07T07:00:00-06:00,2026-08-07T17:00:00-06:00,79,COOLANT_DISTRIBUTION_UNIT,5,1,true,true,true,SLUSHY,SUPERSEDED
TEN-COOLIT-SYN-001,SITE-COOLIT-SYN-01,ERP,OPERATION_SCHEDULE,OPSCH-3-00080,MESOP-00080,RESOLVED,2026-09-25T23:59:59-06:00,2026-09-26T08:00:00-06:00,2026-06-29T00:00:00-06:00,,3,OPSCH-2-00080,false,ACTIVE,,,VALID,CURRENT,coolit-synthetic-v2.0.0,ALL_SYNTHETIC_CUSTOMERS,ALL_SYNTHETIC_PROGRAMS,CFG-CDU-01,SYNTHETIC_INTERNAL,SNP-COOLIT-20260925-BL,SCN-BASELINE,OPSCH-3-00080,SCH-V3,WO-0014,MESOP-00080,20,LINE-CDU-01,2026-08-08T07:00:00-06:00,2026-08-08T17:00:00-06:00,80,COOLANT_DISTRIBUTION_UNIT,20,1,true,true,true,SLUSHY,SUPERSEDED
TEN-COOLIT-SYN-001,SITE-COOLIT-SYN-01,ERP,OPERATION_SCHEDULE,OPSCH-3-00081,MESOP-00081,RESOLVED,2026-09-25T23:59:59-06:00,2026-09-26T08:00:00-06:00,2026-06-29T00:00:00-06:00,,3,OPSCH-2-00081,false,ACTIVE,,,VALID,CURRENT,coolit-synthetic-v2.0.0,ALL_SYNTHETIC_CUSTOMERS,ALL_SYNTHETIC_PROGRAMS,CFG-CDU-01,SYNTHETIC_INTERNAL,SNP-COOLIT-20260925-BL,SCN-BASELINE,OPSCH-3-00081,SCH-V3,WO-0014,MESOP-00081,30,TEST-LEAK-01,2026-08-09T07:00:00-06:00,2026-08-09T17:00:00-06:00,81,COOLANT_DISTRIBUTION_UNIT,5,1,true,true,true,SLUSHY,SUPERSEDED
TEN-COOLIT-SYN-001,SITE-COOLIT-SYN-01,ERP,OPERATION_SCHEDULE,OPSCH-3-00082,MESOP-00082,RESOLVED,2026-09-25T23:59:59-06:00,2026-09-26T08:00:00-06:00,2026-06-29T00:00:00-06:00,,3,OPSCH-2-00082,false,ACTIVE,,,VALID,CURRENT,coolit-synthetic-v2.0.0,ALL_SYNTHETIC_CUSTOMERS,ALL_SYNTHETIC_PROGRAMS,CFG-CDU-01,SYNTHETIC_INTERNAL,SNP-COOLIT-20260925-BL,SCN-BASELINE,OPSCH-3-00082,SCH-V3,WO-0014,MESOP-00082,40,TEST-LEAK-01,2026-08-10T07:00:00-06:00,2026-08-10T17:00:00-06:00,82,COOLANT_DISTRIBUTION_UNIT,5,2,true,true,true,SLUSHY,SUPERSEDED
TEN-COOLIT-SYN-001,SITE-COOLIT-SYN-01,ERP,OPERATION_SCHEDULE,OPSCH-3-00083,MESOP-00083,RESOLVED,2026-09-25T23:59:59-06:00,2026-09-26T08:00:00-06:00,2026-06-29T00:00:00-06:00,,3,OPSCH-2-00083,false,ACTIVE,,,VALID,CURRENT,coolit-synthetic-v2.0.0,ALL_SYNTHETIC_CUSTOMERS,ALL_SYNTHETIC_PROGRAMS,CFG-CDU-01,SYNTHETIC_INTERNAL,SNP-COOLIT-20260925-BL,SCN-BASELINE,OPSCH-3-00083,SCH-V3,WO-0014,MESOP-00083,50,TEST-FUNC-01,2026-08-11T07:00:00-06:00,2026-08-11T17:00:00-06:00,83,COOLANT_DISTRIBUTION_UNIT,5,2,true,true,true,SLUSHY,SUPERSEDED
TEN-COOLIT-SYN-001,SITE-COOLIT-SYN-01,ERP,OPERATION_SCHEDULE,OPSCH-3-00084,MESOP-00084,RESOLVED,2026-09-25T23:59:59-06:00,2026-09-26T08:00:00-06:00,2026-06-29T00:00:00-06:00,,3,OPSCH-2-00084,false,ACTIVE,,,VALID,CURRENT,coolit-synthetic-v2.0.0,ALL_SYNTHETIC_CUSTOMERS,ALL_SYNTHETIC_PROGRAMS,CFG-CDU-01,SYNTHETIC_INTERNAL,SNP-COOLIT-20260925-BL,SCN-BASELINE,OPSCH-3-00084,SCH-V3,WO-0014,MESOP-00084,60,LINE-CDU-01,2026-08-12T07:00:00-06:00,2026-08-12T17:00:00-06:00,84,COOLANT_DISTRIBUTION_UNIT,5,2,true,true,true,SLUSHY,SUPERSEDED
TEN-COOLIT-SYN-001,SITE-COOLIT-SYN-01,ERP,OPERATION_SCHEDULE,OPSCH-3-00085,MESOP-00085,RESOLVED,2026-09-25T23:59:59-06:00,2026-09-26T08:00:00-06:00,2026-06-29T00:00:00-06:00,,3,OPSCH-2-00085,false,ACTIVE,,,VALID,CURRENT,coolit-synthetic-v2.0.0,ALL_SYNTHETIC_CUSTOMERS,ALL_SYNTHETIC_PROGRAMS,CFG-CPL-04,SYNTHETIC_INTERNAL,SNP-COOLIT-20260925-BL,SCN-BASELINE,OPSCH-3-00085,SCH-V3,WO-0015,MESOP-00085,10,CELL-ROBOT-01,2026-08-10T07:00:00-06:00,2026-08-10T17:00:00-06:00,85,COLDPLATE_LOOP,5,1,true,true,true,SLUSHY,SUPERSEDED
TEN-COOLIT-SYN-001,SITE-COOLIT-SYN-01,ERP,OPERATION_SCHEDULE,OPSCH-3-00086,MESOP-00086,RESOLVED,2026-09-25T23:59:59-06:00,2026-09-26T08:00:00-06:00,2026-06-29T00:00:00-06:00,,3,OPSCH-2-00086,false,ACTIVE,,,VALID,CURRENT,coolit-synthetic-v2.0.0,ALL_SYNTHETIC_CUSTOMERS,ALL_SYNTHETIC_PROGRAMS,CFG-CPL-04,SYNTHETIC_INTERNAL,SNP-COOLIT-20260925-BL,SCN-BASELINE,OPSCH-3-00086,SCH-V3,WO-0015,MESOP-00086,20,LINE-CPL-01,2026-08-11T07:00:00-06:00,2026-08-11T17:00:00-06:00,86,COLDPLATE_LOOP,20,1,true,true,true,SLUSHY,SUPERSEDED
TEN-COOLIT-SYN-001,SITE-COOLIT-SYN-01,ERP,OPERATION_SCHEDULE,OPSCH-3-00087,MESOP-00087,RESOLVED,2026-09-25T23:59:59-06:00,2026-09-26T08:00:00-06:00,2026-06-29T00:00:00-06:00,,3,OPSCH-2-00087,false,ACTIVE,,,VALID,CURRENT,coolit-synthetic-v2.0.0,ALL_SYNTHETIC_CUSTOMERS,ALL_SYNTHETIC_PROGRAMS,CFG-CPL-04,SYNTHETIC_INTERNAL,SNP-COOLIT-20260925-BL,SCN-BASELINE,OPSCH-3-00087,SCH-V3,WO-0015,MESOP-00087,30,TEST-LEAK-01,2026-08-12T07:00:00-06:00,2026-08-12T17:00:00-06:00,87,COLDPLATE_LOOP,5,1,true,true,true,SLUSHY,SUPERSEDED
TEN-COOLIT-SYN-001,SITE-COOLIT-SYN-01,ERP,OPERATION_SCHEDULE,OPSCH-3-00088,MESOP-00088,RESOLVED,2026-09-25T23:59:59-06:00,2026-09-26T08:00:00-06:00,2026-06-29T00:00:00-06:00,,3,OPSCH-2-00088,false,ACTIVE,,,VALID,CURRENT,coolit-synthetic-v2.0.0,ALL_SYNTHETIC_CUSTOMERS,ALL_SYNTHETIC_PROGRAMS,CFG-CPL-04,SYNTHETIC_INTERNAL,SNP-COOLIT-20260925-BL,SCN-BASELINE,OPSCH-3-00088,SCH-V3,WO-0015,MESOP-00088,40,TEST-LEAK-01,2026-08-13T07:00:00-06:00,2026-08-13T17:00:00-06:00,88,COLDPLATE_LOOP,5,2,false,true,true,SLUSHY,SUPERSEDED
TEN-COOLIT-SYN-001,SITE-COOLIT-SYN-01,ERP,OPERATION_SCHEDULE,OPSCH-3-00089,MESOP-00089,RESOLVED,2026-09-25T23:59:59-06:00,2026-09-26T08:00:00-06:00,2026-06-29T00:00:00-06:00,,3,OPSCH-2-00089,false,ACTIVE,,,VALID,CURRENT,coolit-synthetic-v2.0.0,ALL_SYNTHETIC_CUSTOMERS,ALL_SYNTHETIC_PROGRAMS,CFG-CPL-04,SYNTHETIC_INTERNAL,SNP-COOLIT-20260925-BL,SCN-BASELINE,OPSCH-3-00089,SCH-V3,WO-0015,MESOP-00089,50,TEST-FUNC-01,2026-08-14T07:00:00-06:00,2026-08-14T17:00:00-06:00,89,COLDPLATE_LOOP,5,2,true,true,true,SLUSHY,SUPERSEDED
TEN-COOLIT-SYN-001,SITE-COOLIT-SYN-01,ERP,OPERATION_SCHEDULE,OPSCH-3-00090,MESOP-00090,RESOLVED,2026-09-25T23:59:59-06:00,2026-09-26T08:00:00-06:00,2026-06-29T00:00:00-06:00,,3,OPSCH-2-00090,false,ACTIVE,,,VALID,CURRENT,coolit-synthetic-v2.0.0,ALL_SYNTHETIC_CUSTOMERS,ALL_SYNTHETIC_PROGRAMS,CFG-CPL-04,SYNTHETIC_INTERNAL,SNP-COOLIT-20260925-BL,SCN-BASELINE,OPSCH-3-00090,SCH-V3,WO-0015,MESOP-00090,60,LINE-CPL-01,2026-08-15T07:00:00-06:00,2026-08-15T17:00:00-06:00,90,COLDPLATE_LOOP,5,2,true,true,true,SLUSHY,SUPERSEDED
TEN-COOLIT-SYN-001,SITE-COOLIT-SYN-01,ERP,OPERATION_SCHEDULE,OPSCH-3-00091,MESOP-00091,RESOLVED,2026-09-25T23:59:59-06:00,2026-09-26T08:00:00-06:00,2026-06-29T00:00:00-06:00,,3,OPSCH-2-00091,false,ACTIVE,,,VALID,CURRENT,coolit-synthetic-v2.0.0,ALL_SYNTHETIC_CUSTOMERS,ALL_SYNTHETIC_PROGRAMS,CFG-CDU-03,SYNTHETIC_INTERNAL,SNP-COOLIT-20260925-BL,SCN-BASELINE,OPSCH-3-00091,SCH-V3,WO-0016,MESOP-00091,10,CELL-ROBOT-01,2026-08-13T07:00:00-06:00,2026-08-13T17:00:00-06:00,91,COOLANT_DISTRIBUTION_UNIT,5,1,true,true,true,SLUSHY,SUPERSEDED
TEN-COOLIT-SYN-001,SITE-COOLIT-SYN-01,ERP,OPERATION_SCHEDULE,OPSCH-3-00092,MESOP-00092,RESOLVED,2026-09-25T23:59:59-06:00,2026-09-26T08:00:00-06:00,2026-06-29T00:00:00-06:00,,3,OPSCH-2-00092,false,ACTIVE,,,VALID,CURRENT,coolit-synthetic-v2.0.0,ALL_SYNTHETIC_CUSTOMERS,ALL_SYNTHETIC_PROGRAMS,CFG-CDU-03,SYNTHETIC_INTERNAL,SNP-COOLIT-20260925-BL,SCN-BASELINE,OPSCH-3-00092,SCH-V3,WO-0016,MESOP-00092,20,LINE-CDU-01,2026-08-14T07:00:00-06:00,2026-08-14T17:00:00-06:00,92,COOLANT_DISTRIBUTION_UNIT,20,1,true,true,true,SLUSHY,SUPERSEDED
TEN-COOLIT-SYN-001,SITE-COOLIT-SYN-01,ERP,OPERATION_SCHEDULE,OPSCH-3-00093,MESOP-00093,RESOLVED,2026-09-25T23:59:59-06:00,2026-09-26T08:00:00-06:00,2026-06-29T00:00:00-06:00,,3,OPSCH-2-00093,false,ACTIVE,,,VALID,CURRENT,coolit-synthetic-v2.0.0,ALL_SYNTHETIC_CUSTOMERS,ALL_SYNTHETIC_PROGRAMS,CFG-CDU-03,SYNTHETIC_INTERNAL,SNP-COOLIT-20260925-BL,SCN-BASELINE,OPSCH-3-00093,SCH-V3,WO-0016,MESOP-00093,30,TEST-LEAK-01,2026-08-15T07:00:00-06:00,2026-08-15T17:00:00-06:00,93,COOLANT_DISTRIBUTION_UNIT,5,1,true,true,true,SLUSHY,SUPERSEDED
TEN-COOLIT-SYN-001,SITE-COOLIT-SYN-01,ERP,OPERATION_SCHEDULE,OPSCH-3-00094,MESOP-00094,RESOLVED,2026-09-25T23:59:59-06:00,2026-09-26T08:00:00-06:00,2026-06-29T00:00:00-06:00,,3,OPSCH-2-00094,false,ACTIVE,,,VALID,CURRENT,coolit-synthetic-v2.0.0,ALL_SYNTHETIC_CUSTOMERS,ALL_SYNTHETIC_PROGRAMS,CFG-CDU-03,SYNTHETIC_INTERNAL,SNP-COOLIT-20260925-BL,SCN-BASELINE,OPSCH-3-00094,SCH-V3,WO-0016,MESOP-00094,40,TEST-LEAK-01,2026-08-16T07:00:00-06:00,2026-08-16T17:00:00-06:00,94,COOLANT_DISTRIBUTION_UNIT,5,2,true,false,true,SLUSHY,SUPERSEDED
TEN-COOLIT-SYN-001,SITE-COOLIT-SYN-01,ERP,OPERATION_SCHEDULE,OPSCH-3-00095,MESOP-00095,RESOLVED,2026-09-25T23:59:59-06:00,2026-09-26T08:00:00-06:00,2026-06-29T00:00:00-06:00,,3,OPSCH-2-00095,false,ACTIVE,,,VALID,CURRENT,coolit-synthetic-v2.0.0,ALL_SYNTHETIC_CUSTOMERS,ALL_SYNTHETIC_PROGRAMS,CFG-CDU-03,SYNTHETIC_INTERNAL,SNP-COOLIT-20260925-BL,SCN-BASELINE,OPSCH-3-00095,SCH-V3,WO-0016,MESOP-00095,50,TEST-FUNC-01,2026-08-17T07:00:00-06:00,2026-08-17T17:00:00-06:00,95,COOLANT_DISTRIBUTION_UNIT,5,2,true,true,true,SLUSHY,SUPERSEDED
TEN-COOLIT-SYN-001,SITE-COOLIT-SYN-01,ERP,OPERATION_SCHEDULE,OPSCH-3-00096,MESOP-00096,RESOLVED,2026-09-25T23:59:59-06:00,2026-09-26T08:00:00-06:00,2026-06-29T00:00:00-06:00,,3,OPSCH-2-00096,false,ACTIVE,,,VALID,CURRENT,coolit-synthetic-v2.0.0,ALL_SYNTHETIC_CUSTOMERS,ALL_SYNTHETIC_PROGRAMS,CFG-CDU-03,SYNTHETIC_INTERNAL,SNP-COOLIT-20260925-BL,SCN-BASELINE,OPSCH-3-00096,SCH-V3,WO-0016,MESOP-00096,60,LINE-CDU-01,2026-08-18T07:00:00-06:00,2026-08-18T17:00:00-06:00,96,COOLANT_DISTRIBUTION_UNIT,5,2,true,true,true,SLUSHY,SUPERSEDED
TEN-COOLIT-SYN-001,SITE-COOLIT-SYN-01,ERP,OPERATION_SCHEDULE,OPSCH-3-00097,MESOP-00097,RESOLVED,2026-09-25T23:59:59-06:00,2026-09-26T08:00:00-06:00,2026-06-29T00:00:00-06:00,,3,OPSCH-2-00097,false,ACTIVE,,,VALID,CURRENT,coolit-synthetic-v2.0.0,ALL_SYNTHETIC_CUSTOMERS,ALL_SYNTHETIC_PROGRAMS,CFG-RM-02,SYNTHETIC_INTERNAL,SNP-COOLIT-20260925-BL,SCN-BASELINE,OPSCH-3-00097,SCH-V3,WO-0017,MESOP-00097,10,CELL-ROBOT-01,2026-08-16T07:00:00-06:00,2026-08-16T17:00:00-06:00,97,RACK_MANIFOLD,5,1,true,true,true,SLUSHY,SUPERSEDED
TEN-COOLIT-SYN-001,SITE-COOLIT-SYN-01,ERP,OPERATION_SCHEDULE,OPSCH-3-00098,MESOP-00098,RESOLVED,2026-09-25T23:59:59-06:00,2026-09-26T08:00:00-06:00,2026-06-29T00:00:00-06:00,,3,OPSCH-2-00098,false,ACTIVE,,,VALID,CURRENT,coolit-synthetic-v2.0.0,ALL_SYNTHETIC_CUSTOMERS,ALL_SYNTHETIC_PROGRAMS,CFG-RM-02,SYNTHETIC_INTERNAL,SNP-COOLIT-20260925-BL,SCN-BASELINE,OPSCH-3-00098,SCH-V3,WO-0017,MESOP-00098,20,LINE-RM-01,2026-08-17T07:00:00-06:00,2026-08-17T17:00:00-06:00,98,RACK_MANIFOLD,20,1,true,true,true,SLUSHY,SUPERSEDED
TEN-COOLIT-SYN-001,SITE-COOLIT-SYN-01,ERP,OPERATION_SCHEDULE,OPSCH-3-00099,MESOP-00099,RESOLVED,2026-09-25T23:59:59-06:00,2026-09-26T08:00:00-06:00,2026-06-29T00:00:00-06:00,,3,OPSCH-2-00099,false,ACTIVE,,,VALID,CURRENT,coolit-synthetic-v2.0.0,ALL_SYNTHETIC_CUSTOMERS,ALL_SYNTHETIC_PROGRAMS,CFG-RM-02,SYNTHETIC_INTERNAL,SNP-COOLIT-20260925-BL,SCN-BASELINE,OPSCH-3-00099,SCH-V3,WO-0017,MESOP-00099,30,TEST-LEAK-01,2026-08-18T07:00:00-06:00,2026-08-18T17:00:00-06:00,99,RACK_MANIFOLD,5,1,true,true,true,SLUSHY,SUPERSEDED
TEN-COOLIT-SYN-001,SITE-COOLIT-SYN-01,ERP,OPERATION_SCHEDULE,OPSCH-3-00100,MESOP-00100,RESOLVED,2026-09-25T23:59:59-06:00,2026-09-26T08:00:00-06:00,2026-06-29T00:00:00-06:00,,3,OPSCH-2-00100,false,ACTIVE,,,VALID,CURRENT,coolit-synthetic-v2.0.0,ALL_SYNTHETIC_CUSTOMERS,ALL_SYNTHETIC_PROGRAMS,CFG-RM-02,SYNTHETIC_INTERNAL,SNP-COOLIT-20260925-BL,SCN-BASELINE,OPSCH-3-00100,SCH-V3,WO-0017,MESOP-00100,40,TEST-LEAK-01,2026-08-19T07:00:00-06:00,2026-08-19T17:00:00-06:00,100,RACK_MANIFOLD,5,2,true,true,true,SLUSHY,SUPERSEDED
TEN-COOLIT-SYN-001,SITE-COOLIT-SYN-01,ERP,OPERATION_SCHEDULE,OPSCH-3-00101,MESOP-00101,RESOLVED,2026-09-25T23:59:59-06:00,2026-09-26T08:00:00-06:00,2026-06-29T00:00:00-06:00,,3,OPSCH-2-00101,false,ACTIVE,,,VALID,CURRENT,coolit-synthetic-v2.0.0,ALL_SYNTHETIC_CUSTOMERS,ALL_SYNTHETIC_PROGRAMS,CFG-RM-02,SYNTHETIC_INTERNAL,SNP-COOLIT-20260925-BL,SCN-BASELINE,OPSCH-3-00101,SCH-V3,WO-0017,MESOP-00101,50,TEST-FUNC-01,2026-08-20T07:00:00-06:00,2026-08-20T17:00:00-06:00,101,RACK_MANIFOLD,5,2,true,true,true,OPEN,SUPERSEDED
TEN-COOLIT-SYN-001,SITE-COOLIT-SYN-01,ERP,OPERATION_SCHEDULE,OPSCH-3-00102,MESOP-00102,RESOLVED,2026-09-25T23:59:59-06:00,2026-09-26T08:00:00-06:00,2026-06-29T00:00:00-06:00,,3,OPSCH-2-00102,false,ACTIVE,,,VALID,CURRENT,coolit-synthetic-v2.0.0,ALL_SYNTHETIC_CUSTOMERS,ALL_SYNTHETIC_PROGRAMS,CFG-RM-02,SYNTHETIC_INTERNAL,SNP-COOLIT-20260925-BL,SCN-BASELINE,OPSCH-3-00102,SCH-V3,WO-0017,MESOP-00102,60,LINE-RM-01,2026-08-21T07:00:00-06:00,2026-08-21T17:00:00-06:00,102,RACK_MANIFOLD,5,2,true,true,true,OPEN,SUPERSEDED
TEN-COOLIT-SYN-001,SITE-COOLIT-SYN-01,ERP,OPERATION_SCHEDULE,OPSCH-3-00103,MESOP-00103,RESOLVED,2026-09-25T23:59:59-06:00,2026-09-26T08:00:00-06:00,2026-06-29T00:00:00-06:00,,3,OPSCH-2-00103,false,ACTIVE,,,VALID,CURRENT,coolit-synthetic-v2.0.0,ALL_SYNTHETIC_CUSTOMERS,ALL_SYNTHETIC_PROGRAMS,CFG-CPL-01,SYNTHETIC_INTERNAL,SNP-COOLIT-20260925-BL,SCN-BASELINE,OPSCH-3-00103,SCH-V3,WO-0018,MESOP-00103,10,CELL-ROBOT-01,2026-08-19T07:00:00-06:00,2026-08-19T17:00:00-06:00,103,COLDPLATE_LOOP,5,1,true,true,true,OPEN,SUPERSEDED
TEN-COOLIT-SYN-001,SITE-COOLIT-SYN-01,ERP,OPERATION_SCHEDULE,OPSCH-3-00104,MESOP-00104,RESOLVED,2026-09-25T23:59:59-06:00,2026-09-26T08:00:00-06:00,2026-06-29T00:00:00-06:00,,3,OPSCH-2-00104,false,ACTIVE,,,VALID,CURRENT,coolit-synthetic-v2.0.0,ALL_SYNTHETIC_CUSTOMERS,ALL_SYNTHETIC_PROGRAMS,CFG-CPL-01,SYNTHETIC_INTERNAL,SNP-COOLIT-20260925-BL,SCN-BASELINE,OPSCH-3-00104,SCH-V3,WO-0018,MESOP-00104,20,LINE-CPL-01,2026-08-20T07:00:00-06:00,2026-08-20T17:00:00-06:00,104,COLDPLATE_LOOP,20,1,true,true,true,OPEN,SUPERSEDED
TEN-COOLIT-SYN-001,SITE-COOLIT-SYN-01,ERP,OPERATION_SCHEDULE,OPSCH-3-00105,MESOP-00105,RESOLVED,2026-09-25T23:59:59-06:00,2026-09-26T08:00:00-06:00,2026-06-29T00:00:00-06:00,,3,OPSCH-2-00105,false,ACTIVE,,,VALID,CURRENT,coolit-synthetic-v2.0.0,ALL_SYNTHETIC_CUSTOMERS,ALL_SYNTHETIC_PROGRAMS,CFG-CPL-01,SYNTHETIC_INTERNAL,SNP-COOLIT-20260925-BL,SCN-BASELINE,OPSCH-3-00105,SCH-V3,WO-0018,MESOP-00105,30,TEST-LEAK-01,2026-08-21T07:00:00-06:00,2026-08-21T17:00:00-06:00,105,COLDPLATE_LOOP,5,1,true,true,true,OPEN,SUPERSEDED
TEN-COOLIT-SYN-001,SITE-COOLIT-SYN-01,ERP,OPERATION_SCHEDULE,OPSCH-3-00106,MESOP-00106,RESOLVED,2026-09-25T23:59:59-06:00,2026-09-26T08:00:00-06:00,2026-06-29T00:00:00-06:00,,3,OPSCH-2-00106,false,ACTIVE,,,VALID,CURRENT,coolit-synthetic-v2.0.0,ALL_SYNTHETIC_CUSTOMERS,ALL_SYNTHETIC_PROGRAMS,CFG-CPL-01,SYNTHETIC_INTERNAL,SNP-COOLIT-20260925-BL,SCN-BASELINE,OPSCH-3-00106,SCH-V3,WO-0018,MESOP-00106,40,TEST-LEAK-01,2026-08-22T07:00:00-06:00,2026-08-22T17:00:00-06:00,106,COLDPLATE_LOOP,5,2,true,true,true,OPEN,SUPERSEDED
TEN-COOLIT-SYN-001,SITE-COOLIT-SYN-01,ERP,OPERATION_SCHEDULE,OPSCH-3-00107,MESOP-00107,RESOLVED,2026-09-25T23:59:59-06:00,2026-09-26T08:00:00-06:00,2026-06-29T00:00:00-06:00,,3,OPSCH-2-00107,false,ACTIVE,,,VALID,CURRENT,coolit-synthetic-v2.0.0,ALL_SYNTHETIC_CUSTOMERS,ALL_SYNTHETIC_PROGRAMS,CFG-CPL-01,SYNTHETIC_INTERNAL,SNP-COOLIT-20260925-BL,SCN-BASELINE,OPSCH-3-00107,SCH-V3,WO-0018,MESOP-00107,50,TEST-FUNC-01,2026-08-23T07:00:00-06:00,2026-08-23T17:00:00-06:00,107,COLDPLATE_LOOP,5,2,true,true,true,OPEN,SUPERSEDED
TEN-COOLIT-SYN-001,SITE-COOLIT-SYN-01,ERP,OPERATION_SCHEDULE,OPSCH-3-00108,MESOP-00108,RESOLVED,2026-09-25T23:59:59-06:00,2026-09-26T08:00:00-06:00,2026-06-29T00:00:00-06:00,,3,OPSCH-2-00108,false,ACTIVE,,,VALID,CURRENT,coolit-synthetic-v2.0.0,ALL_SYNTHETIC_CUSTOMERS,ALL_SYNTHETIC_PROGRAMS,CFG-CPL-01,SYNTHETIC_INTERNAL,SNP-COOLIT-20260925-BL,SCN-BASELINE,OPSCH-3-00108,SCH-V3,WO-0018,MESOP-00108,60,LINE-CPL-01,2026-08-24T07:00:00-06:00,2026-08-24T17:00:00-06:00,108,COLDPLATE_LOOP,5,2,true,true,true,OPEN,SUPERSEDED
TEN-COOLIT-SYN-001,SITE-COOLIT-SYN-01,ERP,OPERATION_SCHEDULE,OPSCH-3-00109,MESOP-00109,RESOLVED,2026-09-25T23:59:59-06:00,2026-09-26T08:00:00-06:00,2026-06-29T00:00:00-06:00,,3,OPSCH-2-00109,false,ACTIVE,,,VALID,CURRENT,coolit-synthetic-v2.0.0,ALL_SYNTHETIC_CUSTOMERS,ALL_SYNTHETIC_PROGRAMS,CFG-RM-04,SYNTHETIC_INTERNAL,SNP-COOLIT-20260925-BL,SCN-BASELINE,OPSCH-3-00109,SCH-V3,WO-0019,MESOP-00109,10,CELL-ROBOT-01,2026-08-22T07:00:00-06:00,2026-08-22T17:00:00-06:00,109,RACK_MANIFOLD,5,1,true,true,true,OPEN,SUPERSEDED
TEN-COOLIT-SYN-001,SITE-COOLIT-SYN-01,ERP,OPERATION_SCHEDULE,OPSCH-3-00110,MESOP-00110,RESOLVED,2026-09-25T23:59:59-06:00,2026-09-26T08:00:00-06:00,2026-06-29T00:00:00-06:00,,3,OPSCH-2-00110,false,ACTIVE,,,VALID,CURRENT,coolit-synthetic-v2.0.0,ALL_SYNTHETIC_CUSTOMERS,ALL_SYNTHETIC_PROGRAMS,CFG-RM-04,SYNTHETIC_INTERNAL,SNP-COOLIT-20260925-BL,SCN-BASELINE,OPSCH-3-00110,SCH-V3,WO-0019,MESOP-00110,20,LINE-RM-01,2026-08-23T07:00:00-06:00,2026-08-23T17:00:00-06:00,110,RACK_MANIFOLD,20,1,true,true,true,OPEN,SUPERSEDED
TEN-COOLIT-SYN-001,SITE-COOLIT-SYN-01,ERP,OPERATION_SCHEDULE,OPSCH-3-00111,MESOP-00111,RESOLVED,2026-09-25T23:59:59-06:00,2026-09-26T08:00:00-06:00,2026-06-29T00:00:00-06:00,,3,OPSCH-2-00111,false,ACTIVE,,,VALID,CURRENT,coolit-synthetic-v2.0.0,ALL_SYNTHETIC_CUSTOMERS,ALL_SYNTHETIC_PROGRAMS,CFG-RM-04,SYNTHETIC_INTERNAL,SNP-COOLIT-20260925-BL,SCN-BASELINE,OPSCH-3-00111,SCH-V3,WO-0019,MESOP-00111,30,TEST-LEAK-01,2026-08-24T07:00:00-06:00,2026-08-24T17:00:00-06:00,111,RACK_MANIFOLD,5,1,true,true,true,OPEN,SUPERSEDED
TEN-COOLIT-SYN-001,SITE-COOLIT-SYN-01,ERP,OPERATION_SCHEDULE,OPSCH-3-00112,MESOP-00112,RESOLVED,2026-09-25T23:59:59-06:00,2026-09-26T08:00:00-06:00,2026-06-29T00:00:00-06:00,,3,OPSCH-2-00112,false,ACTIVE,,,VALID,CURRENT,coolit-synthetic-v2.0.0,ALL_SYNTHETIC_CUSTOMERS,ALL_SYNTHETIC_PROGRAMS,CFG-RM-04,SYNTHETIC_INTERNAL,SNP-COOLIT-20260925-BL,SCN-BASELINE,OPSCH-3-00112,SCH-V3,WO-0019,MESOP-00112,40,TEST-LEAK-01,2026-08-25T07:00:00-06:00,2026-08-25T17:00:00-06:00,112,RACK_MANIFOLD,5,2,true,true,false,OPEN,SUPERSEDED
TEN-COOLIT-SYN-001,SITE-COOLIT-SYN-01,ERP,OPERATION_SCHEDULE,OPSCH-3-00113,MESOP-00113,RESOLVED,2026-09-25T23:59:59-06:00,2026-09-26T08:00:00-06:00,2026-06-29T00:00:00-06:00,,3,OPSCH-2-00113,false,ACTIVE,,,VALID,CURRENT,coolit-synthetic-v2.0.0,ALL_SYNTHETIC_CUSTOMERS,ALL_SYNTHETIC_PROGRAMS,CFG-RM-04,SYNTHETIC_INTERNAL,SNP-COOLIT-20260925-BL,SCN-BASELINE,OPSCH-3-00113,SCH-V3,WO-0019,MESOP-00113,50,TEST-FUNC-01,2026-08-26T07:00:00-06:00,2026-08-26T17:00:00-06:00,113,RACK_MANIFOLD,5,2,true,true,true,OPEN,SUPERSEDED
TEN-COOLIT-SYN-001,SITE-COOLIT-SYN-01,ERP,OPERATION_SCHEDULE,OPSCH-3-00114,MESOP-00114,RESOLVED,2026-09-25T23:59:59-06:00,2026-09-26T08:00:00-06:00,2026-06-29T00:00:00-06:00,,3,OPSCH-2-00114,false,ACTIVE,,,VALID,CURRENT,coolit-synthetic-v2.0.0,ALL_SYNTHETIC_CUSTOMERS,ALL_SYNTHETIC_PROGRAMS,CFG-RM-04,SYNTHETIC_INTERNAL,SNP-COOLIT-20260925-BL,SCN-BASELINE,OPSCH-3-00114,SCH-V3,WO-0019,MESOP-00114,60,LINE-RM-01,2026-08-27T07:00:00-06:00,2026-08-27T17:00:00-06:00,114,RACK_MANIFOLD,5,2,true,true,true,OPEN,SUPERSEDED
TEN-COOLIT-SYN-001,SITE-COOLIT-SYN-01,ERP,OPERATION_SCHEDULE,OPSCH-3-00115,MESOP-00115,RESOLVED,2026-09-25T23:59:59-06:00,2026-09-26T08:00:00-06:00,2026-06-29T00:00:00-06:00,,3,OPSCH-2-00115,false,ACTIVE,,,VALID,CURRENT,coolit-synthetic-v2.0.0,ALL_SYNTHETIC_CUSTOMERS,ALL_SYNTHETIC_PROGRAMS,CFG-CPL-03,SYNTHETIC_INTERNAL,SNP-COOLIT-20260925-BL,SCN-BASELINE,OPSCH-3-00115,SCH-V3,WO-0020,MESOP-00115,10,CELL-ROBOT-01,2026-08-25T07:00:00-06:00,2026-08-25T17:00:00-06:00,115,COLDPLATE_LOOP,5,1,true,true,true,OPEN,SUPERSEDED
TEN-COOLIT-SYN-001,SITE-COOLIT-SYN-01,ERP,OPERATION_SCHEDULE,OPSCH-3-00116,MESOP-00116,RESOLVED,2026-09-25T23:59:59-06:00,2026-09-26T08:00:00-06:00,2026-06-29T00:00:00-06:00,,3,OPSCH-2-00116,false,ACTIVE,,,VALID,CURRENT,coolit-synthetic-v2.0.0,ALL_SYNTHETIC_CUSTOMERS,ALL_SYNTHETIC_PROGRAMS,CFG-CPL-03,SYNTHETIC_INTERNAL,SNP-COOLIT-20260925-BL,SCN-BASELINE,OPSCH-3-00116,SCH-V3,WO-0020,MESOP-00116,20,LINE-CPL-01,2026-08-26T07:00:00-06:00,2026-08-26T17:00:00-06:00,116,COLDPLATE_LOOP,20,1,true,true,true,OPEN,SUPERSEDED
TEN-COOLIT-SYN-001,SITE-COOLIT-SYN-01,ERP,OPERATION_SCHEDULE,OPSCH-3-00117,MESOP-00117,RESOLVED,2026-09-25T23:59:59-06:00,2026-09-26T08:00:00-06:00,2026-06-29T00:00:00-06:00,,3,OPSCH-2-00117,false,ACTIVE,,,VALID,CURRENT,coolit-synthetic-v2.0.0,ALL_SYNTHETIC_CUSTOMERS,ALL_SYNTHETIC_PROGRAMS,CFG-CPL-03,SYNTHETIC_INTERNAL,SNP-COOLIT-20260925-BL,SCN-BASELINE,OPSCH-3-00117,SCH-V3,WO-0020,MESOP-00117,30,TEST-LEAK-01,2026-08-27T07:00:00-06:00,2026-08-27T17:00:00-06:00,117,COLDPLATE_LOOP,5,1,false,true,true,OPEN,SUPERSEDED
TEN-COOLIT-SYN-001,SITE-COOLIT-SYN-01,ERP,OPERATION_SCHEDULE,OPSCH-3-00118,MESOP-00118,RESOLVED,2026-09-25T23:59:59-06:00,2026-09-26T08:00:00-06:00,2026-06-29T00:00:00-06:00,,3,OPSCH-2-00118,false,ACTIVE,,,VALID,CURRENT,coolit-synthetic-v2.0.0,ALL_SYNTHETIC_CUSTOMERS,ALL_SYNTHETIC_PROGRAMS,CFG-CPL-03,SYNTHETIC_INTERNAL,SNP-COOLIT-20260925-BL,SCN-BASELINE,OPSCH-3-00118,SCH-V3,WO-0020,MESOP-00118,40,TEST-LEAK-01,2026-08-28T07:00:00-06:00,2026-08-28T17:00:00-06:00,118,COLDPLATE_LOOP,5,2,true,true,true,OPEN,SUPERSEDED
TEN-COOLIT-SYN-001,SITE-COOLIT-SYN-01,ERP,OPERATION_SCHEDULE,OPSCH-3-00119,MESOP-00119,RESOLVED,2026-09-25T23:59:59-06:00,2026-09-26T08:00:00-06:00,2026-06-29T00:00:00-06:00,,3,OPSCH-2-00119,false,ACTIVE,,,VALID,CURRENT,coolit-synthetic-v2.0.0,ALL_SYNTHETIC_CUSTOMERS,ALL_SYNTHETIC_PROGRAMS,CFG-CPL-03,SYNTHETIC_INTERNAL,SNP-COOLIT-20260925-BL,SCN-BASELINE,OPSCH-3-00119,SCH-V3,WO-0020,MESOP-00119,50,TEST-FUNC-01,2026-08-29T07:00:00-06:00,2026-08-29T17:00:00-06:00,119,COLDPLATE_LOOP,5,2,true,true,true,OPEN,SUPERSEDED
TEN-COOLIT-SYN-001,SITE-COOLIT-SYN-01,ERP,OPERATION_SCHEDULE,OPSCH-3-00120,MESOP-00120,RESOLVED,2026-09-25T23:59:59-06:00,2026-09-26T08:00:00-06:00,2026-06-29T00:00:00-06:00,,3,OPSCH-2-00120,false,ACTIVE,,,VALID,CURRENT,coolit-synthetic-v2.0.0,ALL_SYNTHETIC_CUSTOMERS,ALL_SYNTHETIC_PROGRAMS,CFG-CPL-03,SYNTHETIC_INTERNAL,SNP-COOLIT-20260925-BL,SCN-BASELINE,OPSCH-3-00120,SCH-V3,WO-0020,MESOP-00120,60,LINE-CPL-01,2026-08-30T07:00:00-06:00,2026-08-30T17:00:00-06:00,120,COLDPLATE_LOOP,5,2,true,true,true,OPEN,SUPERSEDED
TEN-COOLIT-SYN-001,SITE-COOLIT-SYN-01,ERP,OPERATION_SCHEDULE,OPSCH-3-00121,MESOP-00121,RESOLVED,2026-09-25T23:59:59-06:00,2026-09-26T08:00:00-06:00,2026-06-29T00:00:00-06:00,,3,OPSCH-2-00121,false,ACTIVE,,,VALID,CURRENT,coolit-synthetic-v2.0.0,ALL_SYNTHETIC_CUSTOMERS,ALL_SYNTHETIC_PROGRAMS,CFG-CDU-02,SYNTHETIC_INTERNAL,SNP-COOLIT-20260925-BL,SCN-BASELINE,OPSCH-3-00121,SCH-V3,WO-0021,MESOP-00121,10,CELL-ROBOT-01,2026-08-28T07:00:00-06:00,2026-08-28T17:00:00-06:00,121,COOLANT_DISTRIBUTION_UNIT,5,1,true,true,true,OPEN,SUPERSEDED
TEN-COOLIT-SYN-001,SITE-COOLIT-SYN-01,ERP,OPERATION_SCHEDULE,OPSCH-3-00122,MESOP-00122,RESOLVED,2026-09-25T23:59:59-06:00,2026-09-26T08:00:00-06:00,2026-06-29T00:00:00-06:00,,3,OPSCH-2-00122,false,ACTIVE,,,VALID,CURRENT,coolit-synthetic-v2.0.0,ALL_SYNTHETIC_CUSTOMERS,ALL_SYNTHETIC_PROGRAMS,CFG-CDU-02,SYNTHETIC_INTERNAL,SNP-COOLIT-20260925-BL,SCN-BASELINE,OPSCH-3-00122,SCH-V3,WO-0021,MESOP-00122,20,LINE-CDU-01,2026-08-29T07:00:00-06:00,2026-08-29T17:00:00-06:00,122,COOLANT_DISTRIBUTION_UNIT,20,1,true,true,true,OPEN,SUPERSEDED
TEN-COOLIT-SYN-001,SITE-COOLIT-SYN-01,ERP,OPERATION_SCHEDULE,OPSCH-3-00123,MESOP-00123,RESOLVED,2026-09-25T23:59:59-06:00,2026-09-26T08:00:00-06:00,2026-06-29T00:00:00-06:00,,3,OPSCH-2-00123,false,ACTIVE,,,VALID,CURRENT,coolit-synthetic-v2.0.0,ALL_SYNTHETIC_CUSTOMERS,ALL_SYNTHETIC_PROGRAMS,CFG-CDU-02,SYNTHETIC_INTERNAL,SNP-COOLIT-20260925-BL,SCN-BASELINE,OPSCH-3-00123,SCH-V3,WO-0021,MESOP-00123,30,TEST-LEAK-01,2026-08-30T07:00:00-06:00,2026-08-30T17:00:00-06:00,123,COOLANT_DISTRIBUTION_UNIT,5,1,true,true,true,OPEN,SUPERSEDED
TEN-COOLIT-SYN-001,SITE-COOLIT-SYN-01,ERP,OPERATION_SCHEDULE,OPSCH-3-00124,MESOP-00124,RESOLVED,2026-09-25T23:59:59-06:00,2026-09-26T08:00:00-06:00,2026-06-29T00:00:00-06:00,,3,OPSCH-2-00124,false,ACTIVE,,,VALID,CURRENT,coolit-synthetic-v2.0.0,ALL_SYNTHETIC_CUSTOMERS,ALL_SYNTHETIC_PROGRAMS,CFG-CDU-02,SYNTHETIC_INTERNAL,SNP-COOLIT-20260925-BL,SCN-BASELINE,OPSCH-3-00124,SCH-V3,WO-0021,MESOP-00124,40,TEST-LEAK-01,2026-08-31T07:00:00-06:00,2026-08-31T17:00:00-06:00,124,COOLANT_DISTRIBUTION_UNIT,5,2,true,true,true,OPEN,SUPERSEDED
TEN-COOLIT-SYN-001,SITE-COOLIT-SYN-01,ERP,OPERATION_SCHEDULE,OPSCH-3-00125,MESOP-00125,RESOLVED,2026-09-25T23:59:59-06:00,2026-09-26T08:00:00-06:00,2026-06-29T00:00:00-06:00,,3,OPSCH-2-00125,false,ACTIVE,,,VALID,CURRENT,coolit-synthetic-v2.0.0,ALL_SYNTHETIC_CUSTOMERS,ALL_SYNTHETIC_PROGRAMS,CFG-RM-01,SYNTHETIC_INTERNAL,SNP-COOLIT-20260925-BL,SCN-BASELINE,OPSCH-3-00125,SCH-V3,WO-0022,MESOP-00125,10,CELL-ROBOT-01,2026-08-31T07:00:00-06:00,2026-08-31T17:00:00-06:00,125,RACK_MANIFOLD,5,1,true,false,true,OPEN,SUPERSEDED
TEN-COOLIT-SYN-001,SITE-COOLIT-SYN-01,ERP,OPERATION_SCHEDULE,OPSCH-3-00126,MESOP-00126,RESOLVED,2026-09-25T23:59:59-06:00,2026-09-26T08:00:00-06:00,2026-06-29T00:00:00-06:00,,3,OPSCH-2-00126,false,ACTIVE,,,VALID,CURRENT,coolit-synthetic-v2.0.0,ALL_SYNTHETIC_CUSTOMERS,ALL_SYNTHETIC_PROGRAMS,CFG-RM-01,SYNTHETIC_INTERNAL,SNP-COOLIT-20260925-BL,SCN-BASELINE,OPSCH-3-00126,SCH-V3,WO-0022,MESOP-00126,20,LINE-RM-01,2026-09-01T07:00:00-06:00,2026-09-01T17:00:00-06:00,126,RACK_MANIFOLD,20,1,true,true,true,OPEN,SUPERSEDED
TEN-COOLIT-SYN-001,SITE-COOLIT-SYN-01,ERP,OPERATION_SCHEDULE,OPSCH-3-00127,MESOP-00127,RESOLVED,2026-09-25T23:59:59-06:00,2026-09-26T08:00:00-06:00,2026-06-29T00:00:00-06:00,,3,OPSCH-2-00127,false,ACTIVE,,,VALID,CURRENT,coolit-synthetic-v2.0.0,ALL_SYNTHETIC_CUSTOMERS,ALL_SYNTHETIC_PROGRAMS,CFG-RM-01,SYNTHETIC_INTERNAL,SNP-COOLIT-20260925-BL,SCN-BASELINE,OPSCH-3-00127,SCH-V3,WO-0022,MESOP-00127,30,TEST-LEAK-01,2026-09-02T07:00:00-06:00,2026-09-02T17:00:00-06:00,127,RACK_MANIFOLD,5,1,true,true,true,OPEN,SUPERSEDED
TEN-COOLIT-SYN-001,SITE-COOLIT-SYN-01,ERP,OPERATION_SCHEDULE,OPSCH-3-00128,MESOP-00128,RESOLVED,2026-09-25T23:59:59-06:00,2026-09-26T08:00:00-06:00,2026-06-29T00:00:00-06:00,,3,OPSCH-2-00128,false,ACTIVE,,,VALID,CURRENT,coolit-synthetic-v2.0.0,ALL_SYNTHETIC_CUSTOMERS,ALL_SYNTHETIC_PROGRAMS,CFG-RM-01,SYNTHETIC_INTERNAL,SNP-COOLIT-20260925-BL,SCN-BASELINE,OPSCH-3-00128,SCH-V3,WO-0022,MESOP-00128,40,TEST-LEAK-01,2026-09-03T07:00:00-06:00,2026-09-03T17:00:00-06:00,128,RACK_MANIFOLD,5,2,true,true,true,OPEN,SUPERSEDED
TEN-COOLIT-SYN-001,SITE-COOLIT-SYN-01,ERP,OPERATION_SCHEDULE,OPSCH-3-00129,MESOP-00129,RESOLVED,2026-09-25T23:59:59-06:00,2026-09-26T08:00:00-06:00,2026-06-29T00:00:00-06:00,,3,OPSCH-2-00129,false,ACTIVE,,,VALID,CURRENT,coolit-synthetic-v2.0.0,ALL_SYNTHETIC_CUSTOMERS,ALL_SYNTHETIC_PROGRAMS,CFG-CDU-04,SYNTHETIC_INTERNAL,SNP-COOLIT-20260925-BL,SCN-BASELINE,OPSCH-3-00129,SCH-V3,WO-0023,MESOP-00129,10,CELL-ROBOT-01,2026-09-03T07:00:00-06:00,2026-09-03T17:00:00-06:00,129,COOLANT_DISTRIBUTION_UNIT,5,1,true,true,true,OPEN,SUPERSEDED
TEN-COOLIT-SYN-001,SITE-COOLIT-SYN-01,ERP,OPERATION_SCHEDULE,OPSCH-3-00130,MESOP-00130,RESOLVED,2026-09-25T23:59:59-06:00,2026-09-26T08:00:00-06:00,2026-06-29T00:00:00-06:00,,3,OPSCH-2-00130,false,ACTIVE,,,VALID,CURRENT,coolit-synthetic-v2.0.0,ALL_SYNTHETIC_CUSTOMERS,ALL_SYNTHETIC_PROGRAMS,CFG-CDU-04,SYNTHETIC_INTERNAL,SNP-COOLIT-20260925-BL,SCN-BASELINE,OPSCH-3-00130,SCH-V3,WO-0023,MESOP-00130,20,LINE-CDU-01,2026-09-04T07:00:00-06:00,2026-09-04T17:00:00-06:00,130,COOLANT_DISTRIBUTION_UNIT,20,1,true,true,true,OPEN,SUPERSEDED
TEN-COOLIT-SYN-001,SITE-COOLIT-SYN-01,ERP,OPERATION_SCHEDULE,OPSCH-3-00131,MESOP-00131,RESOLVED,2026-09-25T23:59:59-06:00,2026-09-26T08:00:00-06:00,2026-06-29T00:00:00-06:00,,3,OPSCH-2-00131,false,ACTIVE,,,VALID,CURRENT,coolit-synthetic-v2.0.0,ALL_SYNTHETIC_CUSTOMERS,ALL_SYNTHETIC_PROGRAMS,CFG-CDU-04,SYNTHETIC_INTERNAL,SNP-COOLIT-20260925-BL,SCN-BASELINE,OPSCH-3-00131,SCH-V3,WO-0023,MESOP-00131,30,TEST-LEAK-01,2026-09-05T07:00:00-06:00,2026-09-05T17:00:00-06:00,131,COOLANT_DISTRIBUTION_UNIT,5,1,true,true,true,OPEN,SUPERSEDED
TEN-COOLIT-SYN-001,SITE-COOLIT-SYN-01,ERP,OPERATION_SCHEDULE,OPSCH-3-00132,MESOP-00132,RESOLVED,2026-09-25T23:59:59-06:00,2026-09-26T08:00:00-06:00,2026-06-29T00:00:00-06:00,,3,OPSCH-2-00132,false,ACTIVE,,,VALID,CURRENT,coolit-synthetic-v2.0.0,ALL_SYNTHETIC_CUSTOMERS,ALL_SYNTHETIC_PROGRAMS,CFG-CDU-04,SYNTHETIC_INTERNAL,SNP-COOLIT-20260925-BL,SCN-BASELINE,OPSCH-3-00132,SCH-V3,WO-0023,MESOP-00132,40,TEST-LEAK-01,2026-09-06T07:00:00-06:00,2026-09-06T17:00:00-06:00,132,COOLANT_DISTRIBUTION_UNIT,5,2,true,true,true,OPEN,SUPERSEDED
TEN-COOLIT-SYN-001,SITE-COOLIT-SYN-01,ERP,OPERATION_SCHEDULE,OPSCH-3-00133,MESOP-00133,RESOLVED,2026-09-25T23:59:59-06:00,2026-09-26T08:00:00-06:00,2026-06-29T00:00:00-06:00,,3,OPSCH-2-00133,false,ACTIVE,,,VALID,CURRENT,coolit-synthetic-v2.0.0,ALL_SYNTHETIC_CUSTOMERS,ALL_SYNTHETIC_PROGRAMS,CFG-RM-03,SYNTHETIC_INTERNAL,SNP-COOLIT-20260925-BL,SCN-BASELINE,OPSCH-3-00133,SCH-V3,WO-0024,MESOP-00133,10,CELL-ROBOT-01,2026-09-06T07:00:00-06:00,2026-09-06T17:00:00-06:00,133,RACK_MANIFOLD,5,1,true,true,true,OPEN,SUPERSEDED
TEN-COOLIT-SYN-001,SITE-COOLIT-SYN-01,ERP,OPERATION_SCHEDULE,OPSCH-3-00134,MESOP-00134,RESOLVED,2026-09-25T23:59:59-06:00,2026-09-26T08:00:00-06:00,2026-06-29T00:00:00-06:00,,3,OPSCH-2-00134,false,ACTIVE,,,VALID,CURRENT,coolit-synthetic-v2.0.0,ALL_SYNTHETIC_CUSTOMERS,ALL_SYNTHETIC_PROGRAMS,CFG-RM-03,SYNTHETIC_INTERNAL,SNP-COOLIT-20260925-BL,SCN-BASELINE,OPSCH-3-00134,SCH-V3,WO-0024,MESOP-00134,20,LINE-RM-01,2026-09-07T07:00:00-06:00,2026-09-07T17:00:00-06:00,134,RACK_MANIFOLD,20,1,true,true,true,OPEN,SUPERSEDED
TEN-COOLIT-SYN-001,SITE-COOLIT-SYN-01,ERP,OPERATION_SCHEDULE,OPSCH-3-00135,MESOP-00135,RESOLVED,2026-09-25T23:59:59-06:00,2026-09-26T08:00:00-06:00,2026-06-29T00:00:00-06:00,,3,OPSCH-2-00135,false,ACTIVE,,,VALID,CURRENT,coolit-synthetic-v2.0.0,ALL_SYNTHETIC_CUSTOMERS,ALL_SYNTHETIC_PROGRAMS,CFG-RM-03,SYNTHETIC_INTERNAL,SNP-COOLIT-20260925-BL,SCN-BASELINE,OPSCH-3-00135,SCH-V3,WO-0024,MESOP-00135,30,TEST-LEAK-01,2026-09-08T07:00:00-06:00,2026-09-08T17:00:00-06:00,135,RACK_MANIFOLD,5,1,true,true,true,OPEN,SUPERSEDED
TEN-COOLIT-SYN-001,SITE-COOLIT-SYN-01,ERP,OPERATION_SCHEDULE,OPSCH-3-00136,MESOP-00136,RESOLVED,2026-09-25T23:59:59-06:00,2026-09-26T08:00:00-06:00,2026-06-29T00:00:00-06:00,,3,OPSCH-2-00136,false,ACTIVE,,,VALID,CURRENT,coolit-synthetic-v2.0.0,ALL_SYNTHETIC_CUSTOMERS,ALL_SYNTHETIC_PROGRAMS,CFG-RM-03,SYNTHETIC_INTERNAL,SNP-COOLIT-20260925-BL,SCN-BASELINE,OPSCH-3-00136,SCH-V3,WO-0024,MESOP-00136,40,TEST-LEAK-01,2026-09-09T07:00:00-06:00,2026-09-09T17:00:00-06:00,136,RACK_MANIFOLD,5,2,true,true,true,OPEN,SUPERSEDED
TEN-COOLIT-SYN-001,SITE-COOLIT-SYN-01,ERP,OPERATION_SCHEDULE,OPSCH-3-00137,MESOP-00137,RESOLVED,2026-09-25T23:59:59-06:00,2026-09-26T08:00:00-06:00,2026-06-29T00:00:00-06:00,,3,OPSCH-2-00137,false,ACTIVE,,,VALID,CURRENT,coolit-synthetic-v2.0.0,ALL_SYNTHETIC_CUSTOMERS,ALL_SYNTHETIC_PROGRAMS,CFG-CPL-02,SYNTHETIC_INTERNAL,SNP-COOLIT-20260925-BL,SCN-BASELINE,OPSCH-3-00137,SCH-V3,WO-0025,MESOP-00137,10,CELL-ROBOT-01,2026-09-09T07:00:00-06:00,2026-09-09T17:00:00-06:00,137,COLDPLATE_LOOP,5,1,true,true,true,OPEN,SUPERSEDED
TEN-COOLIT-SYN-001,SITE-COOLIT-SYN-01,ERP,OPERATION_SCHEDULE,OPSCH-3-00138,MESOP-00138,RESOLVED,2026-09-25T23:59:59-06:00,2026-09-26T08:00:00-06:00,2026-06-29T00:00:00-06:00,,3,OPSCH-2-00138,false,ACTIVE,,,VALID,CURRENT,coolit-synthetic-v2.0.0,ALL_SYNTHETIC_CUSTOMERS,ALL_SYNTHETIC_PROGRAMS,CFG-CPL-02,SYNTHETIC_INTERNAL,SNP-COOLIT-20260925-BL,SCN-BASELINE,OPSCH-3-00138,SCH-V3,WO-0025,MESOP-00138,20,LINE-CPL-01,2026-09-10T07:00:00-06:00,2026-09-10T17:00:00-06:00,138,COLDPLATE_LOOP,20,1,true,true,true,OPEN,SUPERSEDED
TEN-COOLIT-SYN-001,SITE-COOLIT-SYN-01,ERP,OPERATION_SCHEDULE,OPSCH-3-00139,MESOP-00139,RESOLVED,2026-09-25T23:59:59-06:00,2026-09-26T08:00:00-06:00,2026-06-29T00:00:00-06:00,,3,OPSCH-2-00139,false,ACTIVE,,,VALID,CURRENT,coolit-synthetic-v2.0.0,ALL_SYNTHETIC_CUSTOMERS,ALL_SYNTHETIC_PROGRAMS,CFG-CPL-02,SYNTHETIC_INTERNAL,SNP-COOLIT-20260925-BL,SCN-BASELINE,OPSCH-3-00139,SCH-V3,WO-0025,MESOP-00139,30,TEST-LEAK-01,2026-09-11T07:00:00-06:00,2026-09-11T17:00:00-06:00,139,COLDPLATE_LOOP,5,1,true,true,true,OPEN,SUPERSEDED
TEN-COOLIT-SYN-001,SITE-COOLIT-SYN-01,ERP,OPERATION_SCHEDULE,OPSCH-3-00140,MESOP-00140,RESOLVED,2026-09-25T23:59:59-06:00,2026-09-26T08:00:00-06:00,2026-06-29T00:00:00-06:00,,3,OPSCH-2-00140,false,ACTIVE,,,VALID,CURRENT,coolit-synthetic-v2.0.0,ALL_SYNTHETIC_CUSTOMERS,ALL_SYNTHETIC_PROGRAMS,CFG-CPL-02,SYNTHETIC_INTERNAL,SNP-COOLIT-20260925-BL,SCN-BASELINE,OPSCH-3-00140,SCH-V3,WO-0025,MESOP-00140,40,TEST-LEAK-01,2026-09-12T07:00:00-06:00,2026-09-12T17:00:00-06:00,140,COLDPLATE_LOOP,5,2,true,true,true,OPEN,SUPERSEDED
TEN-COOLIT-SYN-001,SITE-COOLIT-SYN-01,ERP,OPERATION_SCHEDULE,OPSCH-3-00141,MESOP-00141,RESOLVED,2026-09-25T23:59:59-06:00,2026-09-26T08:00:00-06:00,2026-06-29T00:00:00-06:00,,3,OPSCH-2-00141,false,ACTIVE,,,VALID,CURRENT,coolit-synthetic-v2.0.0,ALL_SYNTHETIC_CUSTOMERS,ALL_SYNTHETIC_PROGRAMS,CFG-CDU-01,SYNTHETIC_INTERNAL,SNP-COOLIT-20260925-BL,SCN-BASELINE,OPSCH-3-00141,SCH-V3,WO-0026,MESOP-00141,10,CELL-ROBOT-01,2026-09-12T07:00:00-06:00,2026-09-12T17:00:00-06:00,141,COOLANT_DISTRIBUTION_UNIT,5,1,true,true,true,OPEN,SUPERSEDED
TEN-COOLIT-SYN-001,SITE-COOLIT-SYN-01,ERP,OPERATION_SCHEDULE,OPSCH-3-00142,MESOP-00142,RESOLVED,2026-09-25T23:59:59-06:00,2026-09-26T08:00:00-06:00,2026-06-29T00:00:00-06:00,,3,OPSCH-2-00142,false,ACTIVE,,,VALID,CURRENT,coolit-synthetic-v2.0.0,ALL_SYNTHETIC_CUSTOMERS,ALL_SYNTHETIC_PROGRAMS,CFG-CDU-01,SYNTHETIC_INTERNAL,SNP-COOLIT-20260925-BL,SCN-BASELINE,OPSCH-3-00142,SCH-V3,WO-0026,MESOP-00142,20,LINE-CDU-01,2026-09-13T07:00:00-06:00,2026-09-13T17:00:00-06:00,142,COOLANT_DISTRIBUTION_UNIT,20,1,true,true,true,OPEN,SUPERSEDED
TEN-COOLIT-SYN-001,SITE-COOLIT-SYN-01,ERP,OPERATION_SCHEDULE,OPSCH-3-00143,MESOP-00143,RESOLVED,2026-09-25T23:59:59-06:00,2026-09-26T08:00:00-06:00,2026-06-29T00:00:00-06:00,,3,OPSCH-2-00143,false,ACTIVE,,,VALID,CURRENT,coolit-synthetic-v2.0.0,ALL_SYNTHETIC_CUSTOMERS,ALL_SYNTHETIC_PROGRAMS,CFG-CDU-01,SYNTHETIC_INTERNAL,SNP-COOLIT-20260925-BL,SCN-BASELINE,OPSCH-3-00143,SCH-V3,WO-0026,MESOP-00143,30,TEST-LEAK-01,2026-09-14T07:00:00-06:00,2026-09-14T17:00:00-06:00,143,COOLANT_DISTRIBUTION_UNIT,5,1,true,true,true,OPEN,SUPERSEDED
TEN-COOLIT-SYN-001,SITE-COOLIT-SYN-01,ERP,OPERATION_SCHEDULE,OPSCH-3-00144,MESOP-00144,RESOLVED,2026-09-25T23:59:59-06:00,2026-09-26T08:00:00-06:00,2026-06-29T00:00:00-06:00,,3,OPSCH-2-00144,false,ACTIVE,,,VALID,CURRENT,coolit-synthetic-v2.0.0,ALL_SYNTHETIC_CUSTOMERS,ALL_SYNTHETIC_PROGRAMS,CFG-CDU-01,SYNTHETIC_INTERNAL,SNP-COOLIT-20260925-BL,SCN-BASELINE,OPSCH-3-00144,SCH-V3,WO-0026,MESOP-00144,40,TEST-LEAK-01,2026-09-15T07:00:00-06:00,2026-09-15T17:00:00-06:00,144,COOLANT_DISTRIBUTION_UNIT,5,2,true,true,true,OPEN,SUPERSEDED
TEN-COOLIT-SYN-001,SITE-COOLIT-SYN-01,ERP,OPERATION_SCHEDULE,OPSCH-3-00145,MESOP-00145,RESOLVED,2026-09-25T23:59:59-06:00,2026-09-26T08:00:00-06:00,2026-06-29T00:00:00-06:00,,3,OPSCH-2-00145,false,ACTIVE,,,VALID,CURRENT,coolit-synthetic-v2.0.0,ALL_SYNTHETIC_CUSTOMERS,ALL_SYNTHETIC_PROGRAMS,CFG-CPL-04,SYNTHETIC_INTERNAL,SNP-COOLIT-20260925-BL,SCN-BASELINE,OPSCH-3-00145,SCH-V3,WO-0027,MESOP-00145,10,CELL-ROBOT-01,2026-09-28T07:00:00-06:00,2026-09-28T17:00:00-06:00,145,COLDPLATE_LOOP,5,1,true,true,true,OPEN,SUPERSEDED
TEN-COOLIT-SYN-001,SITE-COOLIT-SYN-01,ERP,OPERATION_SCHEDULE,OPSCH-3-00146,MESOP-00146,RESOLVED,2026-09-25T23:59:59-06:00,2026-09-26T08:00:00-06:00,2026-06-29T00:00:00-06:00,,3,OPSCH-2-00146,false,ACTIVE,,,VALID,CURRENT,coolit-synthetic-v2.0.0,ALL_SYNTHETIC_CUSTOMERS,ALL_SYNTHETIC_PROGRAMS,CFG-CPL-04,SYNTHETIC_INTERNAL,SNP-COOLIT-20260925-BL,SCN-BASELINE,OPSCH-3-00146,SCH-V3,WO-0027,MESOP-00146,20,LINE-CPL-01,2026-09-29T07:00:00-06:00,2026-09-29T17:00:00-06:00,146,COLDPLATE_LOOP,20,1,false,true,true,OPEN,SUPERSEDED
TEN-COOLIT-SYN-001,SITE-COOLIT-SYN-01,ERP,OPERATION_SCHEDULE,OPSCH-3-00147,MESOP-00147,RESOLVED,2026-09-25T23:59:59-06:00,2026-09-26T08:00:00-06:00,2026-06-29T00:00:00-06:00,,3,OPSCH-2-00147,false,ACTIVE,,,VALID,CURRENT,coolit-synthetic-v2.0.0,ALL_SYNTHETIC_CUSTOMERS,ALL_SYNTHETIC_PROGRAMS,CFG-CPL-04,SYNTHETIC_INTERNAL,SNP-COOLIT-20260925-BL,SCN-BASELINE,OPSCH-3-00147,SCH-V3,WO-0027,MESOP-00147,30,TEST-LEAK-01,2026-09-30T07:00:00-06:00,2026-09-30T17:00:00-06:00,147,COLDPLATE_LOOP,5,1,true,true,true,OPEN,SUPERSEDED
TEN-COOLIT-SYN-001,SITE-COOLIT-SYN-01,ERP,OPERATION_SCHEDULE,OPSCH-3-00148,MESOP-00148,RESOLVED,2026-09-25T23:59:59-06:00,2026-09-26T08:00:00-06:00,2026-06-29T00:00:00-06:00,,3,OPSCH-2-00148,false,ACTIVE,,,VALID,CURRENT,coolit-synthetic-v2.0.0,ALL_SYNTHETIC_CUSTOMERS,ALL_SYNTHETIC_PROGRAMS,CFG-CPL-04,SYNTHETIC_INTERNAL,SNP-COOLIT-20260925-BL,SCN-BASELINE,OPSCH-3-00148,SCH-V3,WO-0027,MESOP-00148,40,TEST-LEAK-01,2026-10-01T07:00:00-06:00,2026-10-01T17:00:00-06:00,148,COLDPLATE_LOOP,5,2,true,true,true,OPEN,SUPERSEDED
TEN-COOLIT-SYN-001,SITE-COOLIT-SYN-01,ERP,OPERATION_SCHEDULE,OPSCH-3-00149,MESOP-00149,RESOLVED,2026-09-25T23:59:59-06:00,2026-09-26T08:00:00-06:00,2026-06-29T00:00:00-06:00,,3,OPSCH-2-00149,false,ACTIVE,,,VALID,CURRENT,coolit-synthetic-v2.0.0,ALL_SYNTHETIC_CUSTOMERS,ALL_SYNTHETIC_PROGRAMS,CFG-CDU-03,SYNTHETIC_INTERNAL,SNP-COOLIT-20260925-BL,SCN-BASELINE,OPSCH-3-00149,SCH-V3,WO-0028,MESOP-00149,10,CELL-ROBOT-01,2026-10-02T07:00:00-06:00,2026-10-02T17:00:00-06:00,149,COOLANT_DISTRIBUTION_UNIT,5,1,true,true,true,OPEN,SUPERSEDED
TEN-COOLIT-SYN-001,SITE-COOLIT-SYN-01,ERP,OPERATION_SCHEDULE,OPSCH-3-00150,MESOP-00150,RESOLVED,2026-09-25T23:59:59-06:00,2026-09-26T08:00:00-06:00,2026-06-29T00:00:00-06:00,,3,OPSCH-2-00150,false,ACTIVE,,,VALID,CURRENT,coolit-synthetic-v2.0.0,ALL_SYNTHETIC_CUSTOMERS,ALL_SYNTHETIC_PROGRAMS,CFG-CDU-03,SYNTHETIC_INTERNAL,SNP-COOLIT-20260925-BL,SCN-BASELINE,OPSCH-3-00150,SCH-V3,WO-0028,MESOP-00150,20,LINE-CDU-01,2026-10-03T07:00:00-06:00,2026-10-03T17:00:00-06:00,150,COOLANT_DISTRIBUTION_UNIT,20,1,true,true,true,OPEN,SUPERSEDED
TEN-COOLIT-SYN-001,SITE-COOLIT-SYN-01,ERP,OPERATION_SCHEDULE,OPSCH-3-00151,MESOP-00151,RESOLVED,2026-09-25T23:59:59-06:00,2026-09-26T08:00:00-06:00,2026-06-29T00:00:00-06:00,,3,OPSCH-2-00151,false,ACTIVE,,,VALID,CURRENT,coolit-synthetic-v2.0.0,ALL_SYNTHETIC_CUSTOMERS,ALL_SYNTHETIC_PROGRAMS,CFG-CDU-03,SYNTHETIC_INTERNAL,SNP-COOLIT-20260925-BL,SCN-BASELINE,OPSCH-3-00151,SCH-V3,WO-0028,MESOP-00151,30,TEST-LEAK-01,2026-10-04T07:00:00-06:00,2026-10-04T17:00:00-06:00,151,COOLANT_DISTRIBUTION_UNIT,5,1,true,true,true,OPEN,SUPERSEDED
TEN-COOLIT-SYN-001,SITE-COOLIT-SYN-01,ERP,OPERATION_SCHEDULE,OPSCH-3-00152,MESOP-00152,RESOLVED,2026-09-25T23:59:59-06:00,2026-09-26T08:00:00-06:00,2026-06-29T00:00:00-06:00,,3,OPSCH-2-00152,false,ACTIVE,,,VALID,CURRENT,coolit-synthetic-v2.0.0,ALL_SYNTHETIC_CUSTOMERS,ALL_SYNTHETIC_PROGRAMS,CFG-CDU-03,SYNTHETIC_INTERNAL,SNP-COOLIT-20260925-BL,SCN-BASELINE,OPSCH-3-00152,SCH-V3,WO-0028,MESOP-00152,40,TEST-LEAK-01,2026-10-05T07:00:00-06:00,2026-10-05T17:00:00-06:00,152,COOLANT_DISTRIBUTION_UNIT,5,2,true,true,true,OPEN,SUPERSEDED
TEN-COOLIT-SYN-001,SITE-COOLIT-SYN-01,ERP,OPERATION_SCHEDULE,OPSCH-3-00153,MESOP-00153,RESOLVED,2026-09-25T23:59:59-06:00,2026-09-26T08:00:00-06:00,2026-06-29T00:00:00-06:00,,3,OPSCH-2-00153,false,ACTIVE,,,VALID,CURRENT,coolit-synthetic-v2.0.0,ALL_SYNTHETIC_CUSTOMERS,ALL_SYNTHETIC_PROGRAMS,CFG-RM-02,SYNTHETIC_INTERNAL,SNP-COOLIT-20260925-BL,SCN-BASELINE,OPSCH-3-00153,SCH-V3,WO-0029,MESOP-00153,10,CELL-ROBOT-01,2026-10-06T07:00:00-06:00,2026-10-06T17:00:00-06:00,153,RACK_MANIFOLD,5,1,true,true,true,OPEN,SUPERSEDED
TEN-COOLIT-SYN-001,SITE-COOLIT-SYN-01,ERP,OPERATION_SCHEDULE,OPSCH-3-00154,MESOP-00154,RESOLVED,2026-09-25T23:59:59-06:00,2026-09-26T08:00:00-06:00,2026-06-29T00:00:00-06:00,,3,OPSCH-2-00154,false,ACTIVE,,,VALID,CURRENT,coolit-synthetic-v2.0.0,ALL_SYNTHETIC_CUSTOMERS,ALL_SYNTHETIC_PROGRAMS,CFG-RM-02,SYNTHETIC_INTERNAL,SNP-COOLIT-20260925-BL,SCN-BASELINE,OPSCH-3-00154,SCH-V3,WO-0029,MESOP-00154,20,LINE-RM-01,2026-10-07T07:00:00-06:00,2026-10-07T17:00:00-06:00,154,RACK_MANIFOLD,20,1,true,true,true,OPEN,SUPERSEDED
TEN-COOLIT-SYN-001,SITE-COOLIT-SYN-01,ERP,OPERATION_SCHEDULE,OPSCH-3-00155,MESOP-00155,RESOLVED,2026-09-25T23:59:59-06:00,2026-09-26T08:00:00-06:00,2026-06-29T00:00:00-06:00,,3,OPSCH-2-00155,false,ACTIVE,,,VALID,CURRENT,coolit-synthetic-v2.0.0,ALL_SYNTHETIC_CUSTOMERS,ALL_SYNTHETIC_PROGRAMS,CFG-RM-02,SYNTHETIC_INTERNAL,SNP-COOLIT-20260925-BL,SCN-BASELINE,OPSCH-3-00155,SCH-V3,WO-0029,MESOP-00155,30,TEST-LEAK-01,2026-10-08T07:00:00-06:00,2026-10-08T17:00:00-06:00,155,RACK_MANIFOLD,5,1,true,true,true,OPEN,SUPERSEDED
TEN-COOLIT-SYN-001,SITE-COOLIT-SYN-01,ERP,OPERATION_SCHEDULE,OPSCH-3-00156,MESOP-00156,RESOLVED,2026-09-25T23:59:59-06:00,2026-09-26T08:00:00-06:00,2026-06-29T00:00:00-06:00,,3,OPSCH-2-00156,false,ACTIVE,,,VALID,CURRENT,coolit-synthetic-v2.0.0,ALL_SYNTHETIC_CUSTOMERS,ALL_SYNTHETIC_PROGRAMS,CFG-RM-02,SYNTHETIC_INTERNAL,SNP-COOLIT-20260925-BL,SCN-BASELINE,OPSCH-3-00156,SCH-V3,WO-0029,MESOP-00156,40,TEST-LEAK-01,2026-10-09T07:00:00-06:00,2026-10-09T17:00:00-06:00,156,RACK_MANIFOLD,5,2,true,false,true,OPEN,SUPERSEDED
TEN-COOLIT-SYN-001,SITE-COOLIT-SYN-01,ERP,OPERATION_SCHEDULE,OPSCH-3-00157,MESOP-00157,RESOLVED,2026-09-25T23:59:59-06:00,2026-09-26T08:00:00-06:00,2026-06-29T00:00:00-06:00,,3,OPSCH-2-00157,false,ACTIVE,,,VALID,CURRENT,coolit-synthetic-v2.0.0,ALL_SYNTHETIC_CUSTOMERS,ALL_SYNTHETIC_PROGRAMS,CFG-CPL-01,SYNTHETIC_INTERNAL,SNP-COOLIT-20260925-BL,SCN-BASELINE,OPSCH-3-00157,SCH-V3,WO-0030,MESOP-00157,10,CELL-ROBOT-01,2026-10-10T07:00:00-06:00,2026-10-10T17:00:00-06:00,157,COLDPLATE_LOOP,5,1,true,true,true,OPEN,SUPERSEDED
TEN-COOLIT-SYN-001,SITE-COOLIT-SYN-01,ERP,OPERATION_SCHEDULE,OPSCH-3-00158,MESOP-00158,RESOLVED,2026-09-25T23:59:59-06:00,2026-09-26T08:00:00-06:00,2026-06-29T00:00:00-06:00,,3,OPSCH-2-00158,false,ACTIVE,,,VALID,CURRENT,coolit-synthetic-v2.0.0,ALL_SYNTHETIC_CUSTOMERS,ALL_SYNTHETIC_PROGRAMS,CFG-CPL-01,SYNTHETIC_INTERNAL,SNP-COOLIT-20260925-BL,SCN-BASELINE,OPSCH-3-00158,SCH-V3,WO-0030,MESOP-00158,20,LINE-CPL-01,2026-10-11T07:00:00-06:00,2026-10-11T17:00:00-06:00,158,COLDPLATE_LOOP,20,1,true,true,true,OPEN,SUPERSEDED
TEN-COOLIT-SYN-001,SITE-COOLIT-SYN-01,ERP,OPERATION_SCHEDULE,OPSCH-3-00159,MESOP-00159,RESOLVED,2026-09-25T23:59:59-06:00,2026-09-26T08:00:00-06:00,2026-06-29T00:00:00-06:00,,3,OPSCH-2-00159,false,ACTIVE,,,VALID,CURRENT,coolit-synthetic-v2.0.0,ALL_SYNTHETIC_CUSTOMERS,ALL_SYNTHETIC_PROGRAMS,CFG-CPL-01,SYNTHETIC_INTERNAL,SNP-COOLIT-20260925-BL,SCN-BASELINE,OPSCH-3-00159,SCH-V3,WO-0030,MESOP-00159,30,TEST-LEAK-01,2026-10-12T07:00:00-06:00,2026-10-12T17:00:00-06:00,159,COLDPLATE_LOOP,5,1,true,true,true,OPEN,SUPERSEDED
TEN-COOLIT-SYN-001,SITE-COOLIT-SYN-01,ERP,OPERATION_SCHEDULE,OPSCH-3-00160,MESOP-00160,RESOLVED,2026-09-25T23:59:59-06:00,2026-09-26T08:00:00-06:00,2026-06-29T00:00:00-06:00,,3,OPSCH-2-00160,false,ACTIVE,,,VALID,CURRENT,coolit-synthetic-v2.0.0,ALL_SYNTHETIC_CUSTOMERS,ALL_SYNTHETIC_PROGRAMS,CFG-CPL-01,SYNTHETIC_INTERNAL,SNP-COOLIT-20260925-BL,SCN-BASELINE,OPSCH-3-00160,SCH-V3,WO-0030,MESOP-00160,40,TEST-LEAK-01,2026-10-13T07:00:00-06:00,2026-10-13T17:00:00-06:00,160,COLDPLATE_LOOP,5,2,true,true,true,OPEN,SUPERSEDED
TEN-COOLIT-SYN-001,SITE-COOLIT-SYN-01,ERP,OPERATION_SCHEDULE,OPSCH-3-00161,MESOP-00161,RESOLVED,2026-09-25T23:59:59-06:00,2026-09-26T08:00:00-06:00,2026-06-29T00:00:00-06:00,,3,OPSCH-2-00161,false,ACTIVE,,,VALID,CURRENT,coolit-synthetic-v2.0.0,ALL_SYNTHETIC_CUSTOMERS,ALL_SYNTHETIC_PROGRAMS,CFG-RM-04,SYNTHETIC_INTERNAL,SNP-COOLIT-20260925-BL,SCN-BASELINE,OPSCH-3-00161,SCH-V3,WO-0031,MESOP-00161,10,CELL-ROBOT-01,2026-10-14T07:00:00-06:00,2026-10-14T17:00:00-06:00,161,RACK_MANIFOLD,5,1,true,true,true,OPEN,SUPERSEDED
TEN-COOLIT-SYN-001,SITE-COOLIT-SYN-01,ERP,OPERATION_SCHEDULE,OPSCH-3-00162,MESOP-00162,RESOLVED,2026-09-25T23:59:59-06:00,2026-09-26T08:00:00-06:00,2026-06-29T00:00:00-06:00,,3,OPSCH-2-00162,false,ACTIVE,,,VALID,CURRENT,coolit-synthetic-v2.0.0,ALL_SYNTHETIC_CUSTOMERS,ALL_SYNTHETIC_PROGRAMS,CFG-RM-04,SYNTHETIC_INTERNAL,SNP-COOLIT-20260925-BL,SCN-BASELINE,OPSCH-3-00162,SCH-V3,WO-0031,MESOP-00162,20,LINE-RM-01,2026-10-15T07:00:00-06:00,2026-10-15T17:00:00-06:00,162,RACK_MANIFOLD,20,1,true,true,true,OPEN,SUPERSEDED
TEN-COOLIT-SYN-001,SITE-COOLIT-SYN-01,ERP,OPERATION_SCHEDULE,OPSCH-3-00163,MESOP-00163,RESOLVED,2026-09-25T23:59:59-06:00,2026-09-26T08:00:00-06:00,2026-06-29T00:00:00-06:00,,3,OPSCH-2-00163,false,ACTIVE,,,VALID,CURRENT,coolit-synthetic-v2.0.0,ALL_SYNTHETIC_CUSTOMERS,ALL_SYNTHETIC_PROGRAMS,CFG-RM-04,SYNTHETIC_INTERNAL,SNP-COOLIT-20260925-BL,SCN-BASELINE,OPSCH-3-00163,SCH-V3,WO-0031,MESOP-00163,30,TEST-LEAK-01,2026-10-16T07:00:00-06:00,2026-10-16T17:00:00-06:00,163,RACK_MANIFOLD,5,1,true,true,true,OPEN,SUPERSEDED
TEN-COOLIT-SYN-001,SITE-COOLIT-SYN-01,ERP,OPERATION_SCHEDULE,OPSCH-3-00164,MESOP-00164,RESOLVED,2026-09-25T23:59:59-06:00,2026-09-26T08:00:00-06:00,2026-06-29T00:00:00-06:00,,3,OPSCH-2-00164,false,ACTIVE,,,VALID,CURRENT,coolit-synthetic-v2.0.0,ALL_SYNTHETIC_CUSTOMERS,ALL_SYNTHETIC_PROGRAMS,CFG-RM-04,SYNTHETIC_INTERNAL,SNP-COOLIT-20260925-BL,SCN-BASELINE,OPSCH-3-00164,SCH-V3,WO-0031,MESOP-00164,40,TEST-LEAK-01,2026-10-17T07:00:00-06:00,2026-10-17T17:00:00-06:00,164,RACK_MANIFOLD,5,2,true,true,true,OPEN,SUPERSEDED
TEN-COOLIT-SYN-001,SITE-COOLIT-SYN-01,ERP,OPERATION_SCHEDULE,OPSCH-3-00165,MESOP-00165,RESOLVED,2026-09-25T23:59:59-06:00,2026-09-26T08:00:00-06:00,2026-06-29T00:00:00-06:00,,3,OPSCH-2-00165,false,ACTIVE,,,VALID,CURRENT,coolit-synthetic-v2.0.0,ALL_SYNTHETIC_CUSTOMERS,ALL_SYNTHETIC_PROGRAMS,CFG-CPL-03,SYNTHETIC_INTERNAL,SNP-COOLIT-20260925-BL,SCN-BASELINE,OPSCH-3-00165,SCH-V3,WO-0032,MESOP-00165,10,CELL-ROBOT-01,2026-10-18T07:00:00-06:00,2026-10-18T17:00:00-06:00,165,COLDPLATE_LOOP,5,1,true,true,true,OPEN,SUPERSEDED
TEN-COOLIT-SYN-001,SITE-COOLIT-SYN-01,ERP,OPERATION_SCHEDULE,OPSCH-3-00166,MESOP-00166,RESOLVED,2026-09-25T23:59:59-06:00,2026-09-26T08:00:00-06:00,2026-06-29T00:00:00-06:00,,3,OPSCH-2-00166,false,ACTIVE,,,VALID,CURRENT,coolit-synthetic-v2.0.0,ALL_SYNTHETIC_CUSTOMERS,ALL_SYNTHETIC_PROGRAMS,CFG-CPL-03,SYNTHETIC_INTERNAL,SNP-COOLIT-20260925-BL,SCN-BASELINE,OPSCH-3-00166,SCH-V3,WO-0032,MESOP-00166,20,LINE-CPL-01,2026-10-19T07:00:00-06:00,2026-10-19T17:00:00-06:00,166,COLDPLATE_LOOP,20,1,true,true,true,OPEN,SUPERSEDED
TEN-COOLIT-SYN-001,SITE-COOLIT-SYN-01,ERP,OPERATION_SCHEDULE,OPSCH-3-00167,MESOP-00167,RESOLVED,2026-09-25T23:59:59-06:00,2026-09-26T08:00:00-06:00,2026-06-29T00:00:00-06:00,,3,OPSCH-2-00167,false,ACTIVE,,,VALID,CURRENT,coolit-synthetic-v2.0.0,ALL_SYNTHETIC_CUSTOMERS,ALL_SYNTHETIC_PROGRAMS,CFG-CPL-03,SYNTHETIC_INTERNAL,SNP-COOLIT-20260925-BL,SCN-BASELINE,OPSCH-3-00167,SCH-V3,WO-0032,MESOP-00167,30,TEST-LEAK-01,2026-10-20T07:00:00-06:00,2026-10-20T17:00:00-06:00,167,COLDPLATE_LOOP,5,1,true,true,true,OPEN,SUPERSEDED
TEN-COOLIT-SYN-001,SITE-COOLIT-SYN-01,ERP,OPERATION_SCHEDULE,OPSCH-3-00168,MESOP-00168,RESOLVED,2026-09-25T23:59:59-06:00,2026-09-26T08:00:00-06:00,2026-06-29T00:00:00-06:00,,3,OPSCH-2-00168,false,ACTIVE,,,VALID,CURRENT,coolit-synthetic-v2.0.0,ALL_SYNTHETIC_CUSTOMERS,ALL_SYNTHETIC_PROGRAMS,CFG-CPL-03,SYNTHETIC_INTERNAL,SNP-COOLIT-20260925-BL,SCN-BASELINE,OPSCH-3-00168,SCH-V3,WO-0032,MESOP-00168,40,TEST-LEAK-01,2026-10-21T07:00:00-06:00,2026-10-21T17:00:00-06:00,168,COLDPLATE_LOOP,5,2,true,true,true,OPEN,SUPERSEDED
TEN-COOLIT-SYN-001,SITE-COOLIT-SYN-01,ERP,OPERATION_SCHEDULE,OPSCH-3-00169,MESOP-00169,RESOLVED,2026-09-25T23:59:59-06:00,2026-09-26T08:00:00-06:00,2026-06-29T00:00:00-06:00,,3,OPSCH-2-00169,false,ACTIVE,,,VALID,CURRENT,coolit-synthetic-v2.0.0,ALL_SYNTHETIC_CUSTOMERS,ALL_SYNTHETIC_PROGRAMS,CFG-CDU-02,SYNTHETIC_INTERNAL,SNP-COOLIT-20260925-BL,SCN-BASELINE,OPSCH-3-00169,SCH-V3,WO-0033,MESOP-00169,10,CELL-ROBOT-01,2026-10-22T07:00:00-06:00,2026-10-22T17:00:00-06:00,169,COOLANT_DISTRIBUTION_UNIT,5,1,true,true,true,OPEN,SUPERSEDED
TEN-COOLIT-SYN-001,SITE-COOLIT-SYN-01,ERP,OPERATION_SCHEDULE,OPSCH-3-00170,MESOP-00170,RESOLVED,2026-09-25T23:59:59-06:00,2026-09-26T08:00:00-06:00,2026-06-29T00:00:00-06:00,,3,OPSCH-2-00170,false,ACTIVE,,,VALID,CURRENT,coolit-synthetic-v2.0.0,ALL_SYNTHETIC_CUSTOMERS,ALL_SYNTHETIC_PROGRAMS,CFG-CDU-02,SYNTHETIC_INTERNAL,SNP-COOLIT-20260925-BL,SCN-BASELINE,OPSCH-3-00170,SCH-V3,WO-0033,MESOP-00170,20,LINE-CDU-01,2026-10-23T07:00:00-06:00,2026-10-23T17:00:00-06:00,170,COOLANT_DISTRIBUTION_UNIT,20,1,true,true,true,OPEN,SUPERSEDED
TEN-COOLIT-SYN-001,SITE-COOLIT-SYN-01,ERP,OPERATION_SCHEDULE,OPSCH-3-00171,MESOP-00171,RESOLVED,2026-09-25T23:59:59-06:00,2026-09-26T08:00:00-06:00,2026-06-29T00:00:00-06:00,,3,OPSCH-2-00171,false,ACTIVE,,,VALID,CURRENT,coolit-synthetic-v2.0.0,ALL_SYNTHETIC_CUSTOMERS,ALL_SYNTHETIC_PROGRAMS,CFG-CDU-02,SYNTHETIC_INTERNAL,SNP-COOLIT-20260925-BL,SCN-BASELINE,OPSCH-3-00171,SCH-V3,WO-0033,MESOP-00171,30,TEST-LEAK-01,2026-10-24T07:00:00-06:00,2026-10-24T17:00:00-06:00,171,COOLANT_DISTRIBUTION_UNIT,5,1,true,true,true,OPEN,SUPERSEDED
TEN-COOLIT-SYN-001,SITE-COOLIT-SYN-01,ERP,OPERATION_SCHEDULE,OPSCH-3-00172,MESOP-00172,RESOLVED,2026-09-25T23:59:59-06:00,2026-09-26T08:00:00-06:00,2026-06-29T00:00:00-06:00,,3,OPSCH-2-00172,false,ACTIVE,,,VALID,CURRENT,coolit-synthetic-v2.0.0,ALL_SYNTHETIC_CUSTOMERS,ALL_SYNTHETIC_PROGRAMS,CFG-CDU-02,SYNTHETIC_INTERNAL,SNP-COOLIT-20260925-BL,SCN-BASELINE,OPSCH-3-00172,SCH-V3,WO-0033,MESOP-00172,40,TEST-LEAK-01,2026-10-25T07:00:00-06:00,2026-10-25T17:00:00-06:00,172,COOLANT_DISTRIBUTION_UNIT,5,2,true,true,true,OPEN,SUPERSEDED
TEN-COOLIT-SYN-001,SITE-COOLIT-SYN-01,ERP,OPERATION_SCHEDULE,OPSCH-3-00173,MESOP-00173,RESOLVED,2026-09-25T23:59:59-06:00,2026-09-26T08:00:00-06:00,2026-06-29T00:00:00-06:00,,3,OPSCH-2-00173,false,ACTIVE,,,VALID,CURRENT,coolit-synthetic-v2.0.0,ALL_SYNTHETIC_CUSTOMERS,ALL_SYNTHETIC_PROGRAMS,CFG-RM-01,SYNTHETIC_INTERNAL,SNP-COOLIT-20260925-BL,SCN-BASELINE,OPSCH-3-00173,SCH-V3,WO-0034,MESOP-00173,10,CELL-ROBOT-01,2026-10-26T07:00:00-06:00,2026-10-26T17:00:00-06:00,173,RACK_MANIFOLD,5,1,true,true,true,OPEN,SUPERSEDED
TEN-COOLIT-SYN-001,SITE-COOLIT-SYN-01,ERP,OPERATION_SCHEDULE,OPSCH-3-00174,MESOP-00174,RESOLVED,2026-09-25T23:59:59-06:00,2026-09-26T08:00:00-06:00,2026-06-29T00:00:00-06:00,,3,OPSCH-2-00174,false,ACTIVE,,,VALID,CURRENT,coolit-synthetic-v2.0.0,ALL_SYNTHETIC_CUSTOMERS,ALL_SYNTHETIC_PROGRAMS,CFG-RM-01,SYNTHETIC_INTERNAL,SNP-COOLIT-20260925-BL,SCN-BASELINE,OPSCH-3-00174,SCH-V3,WO-0034,MESOP-00174,20,LINE-RM-01,2026-10-27T07:00:00-06:00,2026-10-27T17:00:00-06:00,174,RACK_MANIFOLD,20,1,true,true,true,OPEN,SUPERSEDED
TEN-COOLIT-SYN-001,SITE-COOLIT-SYN-01,ERP,OPERATION_SCHEDULE,OPSCH-3-00175,MESOP-00175,RESOLVED,2026-09-25T23:59:59-06:00,2026-09-26T08:00:00-06:00,2026-06-29T00:00:00-06:00,,3,OPSCH-2-00175,false,ACTIVE,,,VALID,CURRENT,coolit-synthetic-v2.0.0,ALL_SYNTHETIC_CUSTOMERS,ALL_SYNTHETIC_PROGRAMS,CFG-RM-01,SYNTHETIC_INTERNAL,SNP-COOLIT-20260925-BL,SCN-BASELINE,OPSCH-3-00175,SCH-V3,WO-0034,MESOP-00175,30,TEST-LEAK-01,2026-10-28T07:00:00-06:00,2026-10-28T17:00:00-06:00,175,RACK_MANIFOLD,5,1,false,true,true,OPEN,SUPERSEDED
TEN-COOLIT-SYN-001,SITE-COOLIT-SYN-01,ERP,OPERATION_SCHEDULE,OPSCH-3-00176,MESOP-00176,RESOLVED,2026-09-25T23:59:59-06:00,2026-09-26T08:00:00-06:00,2026-06-29T00:00:00-06:00,,3,OPSCH-2-00176,false,ACTIVE,,,VALID,CURRENT,coolit-synthetic-v2.0.0,ALL_SYNTHETIC_CUSTOMERS,ALL_SYNTHETIC_PROGRAMS,CFG-RM-01,SYNTHETIC_INTERNAL,SNP-COOLIT-20260925-BL,SCN-BASELINE,OPSCH-3-00176,SCH-V3,WO-0034,MESOP-00176,40,TEST-LEAK-01,2026-10-29T07:00:00-06:00,2026-10-29T17:00:00-06:00,176,RACK_MANIFOLD,5,2,true,true,true,OPEN,SUPERSEDED
TEN-COOLIT-SYN-001,SITE-COOLIT-SYN-01,ERP,OPERATION_SCHEDULE,OPSCH-3-00177,MESOP-00177,RESOLVED,2026-09-25T23:59:59-06:00,2026-09-26T08:00:00-06:00,2026-06-29T00:00:00-06:00,,3,OPSCH-2-00177,false,ACTIVE,,,VALID,CURRENT,coolit-synthetic-v2.0.0,ALL_SYNTHETIC_CUSTOMERS,ALL_SYNTHETIC_PROGRAMS,CFG-CDU-04,SYNTHETIC_INTERNAL,SNP-COOLIT-20260925-BL,SCN-BASELINE,OPSCH-3-00177,SCH-V3,WO-0035,MESOP-00177,10,CELL-ROBOT-01,2026-10-30T07:00:00-06:00,2026-10-30T17:00:00-06:00,177,COOLANT_DISTRIBUTION_UNIT,5,1,true,true,true,OPEN,SUPERSEDED
TEN-COOLIT-SYN-001,SITE-COOLIT-SYN-01,ERP,OPERATION_SCHEDULE,OPSCH-3-00178,MESOP-00178,RESOLVED,2026-09-25T23:59:59-06:00,2026-09-26T08:00:00-06:00,2026-06-29T00:00:00-06:00,,3,OPSCH-2-00178,false,ACTIVE,,,VALID,CURRENT,coolit-synthetic-v2.0.0,ALL_SYNTHETIC_CUSTOMERS,ALL_SYNTHETIC_PROGRAMS,CFG-CDU-04,SYNTHETIC_INTERNAL,SNP-COOLIT-20260925-BL,SCN-BASELINE,OPSCH-3-00178,SCH-V3,WO-0035,MESOP-00178,20,LINE-CDU-01,2026-10-31T07:00:00-06:00,2026-10-31T17:00:00-06:00,178,COOLANT_DISTRIBUTION_UNIT,20,1,true,true,true,OPEN,SUPERSEDED
TEN-COOLIT-SYN-001,SITE-COOLIT-SYN-01,ERP,OPERATION_SCHEDULE,OPSCH-3-00179,MESOP-00179,RESOLVED,2026-09-25T23:59:59-06:00,2026-09-26T08:00:00-06:00,2026-06-29T00:00:00-06:00,,3,OPSCH-2-00179,false,ACTIVE,,,VALID,CURRENT,coolit-synthetic-v2.0.0,ALL_SYNTHETIC_CUSTOMERS,ALL_SYNTHETIC_PROGRAMS,CFG-CDU-04,SYNTHETIC_INTERNAL,SNP-COOLIT-20260925-BL,SCN-BASELINE,OPSCH-3-00179,SCH-V3,WO-0035,MESOP-00179,30,TEST-LEAK-01,2026-11-01T07:00:00-06:00,2026-11-01T17:00:00-06:00,179,COOLANT_DISTRIBUTION_UNIT,5,1,true,true,true,OPEN,SUPERSEDED
TEN-COOLIT-SYN-001,SITE-COOLIT-SYN-01,ERP,OPERATION_SCHEDULE,OPSCH-3-00180,MESOP-00180,RESOLVED,2026-09-25T23:59:59-06:00,2026-09-26T08:00:00-06:00,2026-06-29T00:00:00-06:00,,3,OPSCH-2-00180,false,ACTIVE,,,VALID,CURRENT,coolit-synthetic-v2.0.0,ALL_SYNTHETIC_CUSTOMERS,ALL_SYNTHETIC_PROGRAMS,CFG-CDU-04,SYNTHETIC_INTERNAL,SNP-COOLIT-20260925-BL,SCN-BASELINE,OPSCH-3-00180,SCH-V3,WO-0035,MESOP-00180,40,TEST-LEAK-01,2026-11-02T07:00:00-06:00,2026-11-02T17:00:00-06:00,180,COOLANT_DISTRIBUTION_UNIT,5,2,true,true,true,OPEN,SUPERSEDED
TEN-COOLIT-SYN-001,SITE-COOLIT-SYN-01,ERP,OPERATION_SCHEDULE,OPSCH-3-00181,MESOP-00181,RESOLVED,2026-09-25T23:59:59-06:00,2026-09-26T08:00:00-06:00,2026-06-29T00:00:00-06:00,,3,OPSCH-2-00181,false,ACTIVE,,,VALID,CURRENT,coolit-synthetic-v2.0.0,ALL_SYNTHETIC_CUSTOMERS,ALL_SYNTHETIC_PROGRAMS,CFG-RM-03,SYNTHETIC_INTERNAL,SNP-COOLIT-20260925-BL,SCN-BASELINE,OPSCH-3-00181,SCH-V3,WO-0036,MESOP-00181,10,CELL-ROBOT-01,2026-11-03T07:00:00-06:00,2026-11-03T17:00:00-06:00,181,RACK_MANIFOLD,5,1,true,true,true,OPEN,SUPERSEDED
TEN-COOLIT-SYN-001,SITE-COOLIT-SYN-01,ERP,OPERATION_SCHEDULE,OPSCH-3-00182,MESOP-00182,RESOLVED,2026-09-25T23:59:59-06:00,2026-09-26T08:00:00-06:00,2026-06-29T00:00:00-06:00,,3,OPSCH-2-00182,false,ACTIVE,,,VALID,CURRENT,coolit-synthetic-v2.0.0,ALL_SYNTHETIC_CUSTOMERS,ALL_SYNTHETIC_PROGRAMS,CFG-RM-03,SYNTHETIC_INTERNAL,SNP-COOLIT-20260925-BL,SCN-BASELINE,OPSCH-3-00182,SCH-V3,WO-0036,MESOP-00182,20,LINE-RM-01,2026-11-04T07:00:00-06:00,2026-11-04T17:00:00-06:00,182,RACK_MANIFOLD,20,1,true,true,true,OPEN,SUPERSEDED
TEN-COOLIT-SYN-001,SITE-COOLIT-SYN-01,ERP,OPERATION_SCHEDULE,OPSCH-3-00183,MESOP-00183,RESOLVED,2026-09-25T23:59:59-06:00,2026-09-26T08:00:00-06:00,2026-06-29T00:00:00-06:00,,3,OPSCH-2-00183,false,ACTIVE,,,VALID,CURRENT,coolit-synthetic-v2.0.0,ALL_SYNTHETIC_CUSTOMERS,ALL_SYNTHETIC_PROGRAMS,CFG-RM-03,SYNTHETIC_INTERNAL,SNP-COOLIT-20260925-BL,SCN-BASELINE,OPSCH-3-00183,SCH-V3,WO-0036,MESOP-00183,30,TEST-LEAK-01,2026-11-05T07:00:00-06:00,2026-11-05T17:00:00-06:00,183,RACK_MANIFOLD,5,1,true,true,true,OPEN,SUPERSEDED
TEN-COOLIT-SYN-001,SITE-COOLIT-SYN-01,ERP,OPERATION_SCHEDULE,OPSCH-3-00184,MESOP-00184,RESOLVED,2026-09-25T23:59:59-06:00,2026-09-26T08:00:00-06:00,2026-06-29T00:00:00-06:00,,3,OPSCH-2-00184,false,ACTIVE,,,VALID,CURRENT,coolit-synthetic-v2.0.0,ALL_SYNTHETIC_CUSTOMERS,ALL_SYNTHETIC_PROGRAMS,CFG-RM-03,SYNTHETIC_INTERNAL,SNP-COOLIT-20260925-BL,SCN-BASELINE,OPSCH-3-00184,SCH-V3,WO-0036,MESOP-00184,40,TEST-LEAK-01,2026-11-06T07:00:00-06:00,2026-11-06T17:00:00-06:00,184,RACK_MANIFOLD,5,2,true,true,true,OPEN,SUPERSEDED
TEN-COOLIT-SYN-001,SITE-COOLIT-SYN-01,ERP,OPERATION_SCHEDULE,OPSCH-3-00185,MESOP-00185,RESOLVED,2026-09-25T23:59:59-06:00,2026-09-26T08:00:00-06:00,2026-06-29T00:00:00-06:00,,3,OPSCH-2-00185,false,ACTIVE,,,VALID,CURRENT,coolit-synthetic-v2.0.0,ALL_SYNTHETIC_CUSTOMERS,ALL_SYNTHETIC_PROGRAMS,CFG-CPL-02,SYNTHETIC_INTERNAL,SNP-COOLIT-20260925-BL,SCN-BASELINE,OPSCH-3-00185,SCH-V3,WO-0037,MESOP-00185,10,CELL-ROBOT-01,2026-11-07T07:00:00-06:00,2026-11-07T17:00:00-06:00,185,COLDPLATE_LOOP,5,1,true,true,true,OPEN,SUPERSEDED
TEN-COOLIT-SYN-001,SITE-COOLIT-SYN-01,ERP,OPERATION_SCHEDULE,OPSCH-3-00186,MESOP-00186,RESOLVED,2026-09-25T23:59:59-06:00,2026-09-26T08:00:00-06:00,2026-06-29T00:00:00-06:00,,3,OPSCH-2-00186,false,ACTIVE,,,VALID,CURRENT,coolit-synthetic-v2.0.0,ALL_SYNTHETIC_CUSTOMERS,ALL_SYNTHETIC_PROGRAMS,CFG-CPL-02,SYNTHETIC_INTERNAL,SNP-COOLIT-20260925-BL,SCN-BASELINE,OPSCH-3-00186,SCH-V3,WO-0037,MESOP-00186,20,LINE-CPL-01,2026-11-08T07:00:00-06:00,2026-11-08T17:00:00-06:00,186,COLDPLATE_LOOP,20,1,true,true,true,OPEN,SUPERSEDED
TEN-COOLIT-SYN-001,SITE-COOLIT-SYN-01,ERP,OPERATION_SCHEDULE,OPSCH-3-00187,MESOP-00187,RESOLVED,2026-09-25T23:59:59-06:00,2026-09-26T08:00:00-06:00,2026-06-29T00:00:00-06:00,,3,OPSCH-2-00187,false,ACTIVE,,,VALID,CURRENT,coolit-synthetic-v2.0.0,ALL_SYNTHETIC_CUSTOMERS,ALL_SYNTHETIC_PROGRAMS,CFG-CPL-02,SYNTHETIC_INTERNAL,SNP-COOLIT-20260925-BL,SCN-BASELINE,OPSCH-3-00187,SCH-V3,WO-0037,MESOP-00187,30,TEST-LEAK-01,2026-11-09T07:00:00-06:00,2026-11-09T17:00:00-06:00,187,COLDPLATE_LOOP,5,1,true,false,true,OPEN,SUPERSEDED
TEN-COOLIT-SYN-001,SITE-COOLIT-SYN-01,ERP,OPERATION_SCHEDULE,OPSCH-3-00188,MESOP-00188,RESOLVED,2026-09-25T23:59:59-06:00,2026-09-26T08:00:00-06:00,2026-06-29T00:00:00-06:00,,3,OPSCH-2-00188,false,ACTIVE,,,VALID,CURRENT,coolit-synthetic-v2.0.0,ALL_SYNTHETIC_CUSTOMERS,ALL_SYNTHETIC_PROGRAMS,CFG-CPL-02,SYNTHETIC_INTERNAL,SNP-COOLIT-20260925-BL,SCN-BASELINE,OPSCH-3-00188,SCH-V3,WO-0037,MESOP-00188,40,TEST-LEAK-01,2026-11-10T07:00:00-06:00,2026-11-10T17:00:00-06:00,188,COLDPLATE_LOOP,5,2,true,true,true,OPEN,SUPERSEDED
TEN-COOLIT-SYN-001,SITE-COOLIT-SYN-01,ERP,OPERATION_SCHEDULE,OPSCH-3-00189,MESOP-00189,RESOLVED,2026-09-25T23:59:59-06:00,2026-09-26T08:00:00-06:00,2026-06-29T00:00:00-06:00,,3,OPSCH-2-00189,false,ACTIVE,,,VALID,CURRENT,coolit-synthetic-v2.0.0,ALL_SYNTHETIC_CUSTOMERS,ALL_SYNTHETIC_PROGRAMS,CFG-CDU-01,SYNTHETIC_INTERNAL,SNP-COOLIT-20260925-BL,SCN-BASELINE,OPSCH-3-00189,SCH-V3,WO-0038,MESOP-00189,10,CELL-ROBOT-01,2026-11-11T07:00:00-06:00,2026-11-11T17:00:00-06:00,189,COOLANT_DISTRIBUTION_UNIT,5,1,true,true,true,OPEN,SUPERSEDED
TEN-COOLIT-SYN-001,SITE-COOLIT-SYN-01,ERP,OPERATION_SCHEDULE,OPSCH-3-00190,MESOP-00190,RESOLVED,2026-09-25T23:59:59-06:00,2026-09-26T08:00:00-06:00,2026-06-29T00:00:00-06:00,,3,OPSCH-2-00190,false,ACTIVE,,,VALID,CURRENT,coolit-synthetic-v2.0.0,ALL_SYNTHETIC_CUSTOMERS,ALL_SYNTHETIC_PROGRAMS,CFG-CDU-01,SYNTHETIC_INTERNAL,SNP-COOLIT-20260925-BL,SCN-BASELINE,OPSCH-3-00190,SCH-V3,WO-0038,MESOP-00190,20,LINE-CDU-01,2026-11-12T07:00:00-06:00,2026-11-12T17:00:00-06:00,190,COOLANT_DISTRIBUTION_UNIT,20,1,true,true,true,OPEN,SUPERSEDED
TEN-COOLIT-SYN-001,SITE-COOLIT-SYN-01,ERP,OPERATION_SCHEDULE,OPSCH-3-00191,MESOP-00191,RESOLVED,2026-09-25T23:59:59-06:00,2026-09-26T08:00:00-06:00,2026-06-29T00:00:00-06:00,,3,OPSCH-2-00191,false,ACTIVE,,,VALID,CURRENT,coolit-synthetic-v2.0.0,ALL_SYNTHETIC_CUSTOMERS,ALL_SYNTHETIC_PROGRAMS,CFG-CDU-01,SYNTHETIC_INTERNAL,SNP-COOLIT-20260925-BL,SCN-BASELINE,OPSCH-3-00191,SCH-V3,WO-0038,MESOP-00191,30,TEST-LEAK-01,2026-11-13T07:00:00-06:00,2026-11-13T17:00:00-06:00,191,COOLANT_DISTRIBUTION_UNIT,5,1,true,true,true,OPEN,SUPERSEDED
TEN-COOLIT-SYN-001,SITE-COOLIT-SYN-01,ERP,OPERATION_SCHEDULE,OPSCH-3-00192,MESOP-00192,RESOLVED,2026-09-25T23:59:59-06:00,2026-09-26T08:00:00-06:00,2026-06-29T00:00:00-06:00,,3,OPSCH-2-00192,false,ACTIVE,,,VALID,CURRENT,coolit-synthetic-v2.0.0,ALL_SYNTHETIC_CUSTOMERS,ALL_SYNTHETIC_PROGRAMS,CFG-CDU-01,SYNTHETIC_INTERNAL,SNP-COOLIT-20260925-BL,SCN-BASELINE,OPSCH-3-00192,SCH-V3,WO-0038,MESOP-00192,40,TEST-LEAK-01,2026-11-14T07:00:00-06:00,2026-11-14T17:00:00-06:00,192,COOLANT_DISTRIBUTION_UNIT,5,2,true,true,true,OPEN,SUPERSEDED
TEN-COOLIT-SYN-001,SITE-COOLIT-SYN-01,ERP,OPERATION_SCHEDULE,OPSCH-3-00193,MESOP-00193,RESOLVED,2026-09-25T23:59:59-06:00,2026-09-26T08:00:00-06:00,2026-06-29T00:00:00-06:00,,3,OPSCH-2-00193,false,ACTIVE,,,VALID,CURRENT,coolit-synthetic-v2.0.0,ALL_SYNTHETIC_CUSTOMERS,ALL_SYNTHETIC_PROGRAMS,CFG-CPL-04,SYNTHETIC_INTERNAL,SNP-COOLIT-20260925-BL,SCN-BASELINE,OPSCH-3-00193,SCH-V3,WO-0039,MESOP-00193,10,CELL-ROBOT-01,2026-11-15T07:00:00-06:00,2026-11-15T17:00:00-06:00,193,COLDPLATE_LOOP,5,1,true,true,true,OPEN,SUPERSEDED
TEN-COOLIT-SYN-001,SITE-COOLIT-SYN-01,ERP,OPERATION_SCHEDULE,OPSCH-3-00194,MESOP-00194,RESOLVED,2026-09-25T23:59:59-06:00,2026-09-26T08:00:00-06:00,2026-06-29T00:00:00-06:00,,3,OPSCH-2-00194,false,ACTIVE,,,VALID,CURRENT,coolit-synthetic-v2.0.0,ALL_SYNTHETIC_CUSTOMERS,ALL_SYNTHETIC_PROGRAMS,CFG-CPL-04,SYNTHETIC_INTERNAL,SNP-COOLIT-20260925-BL,SCN-BASELINE,OPSCH-3-00194,SCH-V3,WO-0039,MESOP-00194,20,LINE-CPL-01,2026-11-16T07:00:00-06:00,2026-11-16T17:00:00-06:00,194,COLDPLATE_LOOP,20,1,true,true,true,OPEN,SUPERSEDED
TEN-COOLIT-SYN-001,SITE-COOLIT-SYN-01,ERP,OPERATION_SCHEDULE,OPSCH-3-00195,MESOP-00195,RESOLVED,2026-09-25T23:59:59-06:00,2026-09-26T08:00:00-06:00,2026-06-29T00:00:00-06:00,,3,OPSCH-2-00195,false,ACTIVE,,,VALID,CURRENT,coolit-synthetic-v2.0.0,ALL_SYNTHETIC_CUSTOMERS,ALL_SYNTHETIC_PROGRAMS,CFG-CPL-04,SYNTHETIC_INTERNAL,SNP-COOLIT-20260925-BL,SCN-BASELINE,OPSCH-3-00195,SCH-V3,WO-0039,MESOP-00195,30,TEST-LEAK-01,2026-11-17T07:00:00-06:00,2026-11-17T17:00:00-06:00,195,COLDPLATE_LOOP,5,1,true,true,true,OPEN,SUPERSEDED
TEN-COOLIT-SYN-001,SITE-COOLIT-SYN-01,ERP,OPERATION_SCHEDULE,OPSCH-3-00196,MESOP-00196,RESOLVED,2026-09-25T23:59:59-06:00,2026-09-26T08:00:00-06:00,2026-06-29T00:00:00-06:00,,3,OPSCH-2-00196,false,ACTIVE,,,VALID,CURRENT,coolit-synthetic-v2.0.0,ALL_SYNTHETIC_CUSTOMERS,ALL_SYNTHETIC_PROGRAMS,CFG-CPL-04,SYNTHETIC_INTERNAL,SNP-COOLIT-20260925-BL,SCN-BASELINE,OPSCH-3-00196,SCH-V3,WO-0039,MESOP-00196,40,TEST-LEAK-01,2026-11-18T07:00:00-06:00,2026-11-18T17:00:00-06:00,196,COLDPLATE_LOOP,5,2,true,true,true,OPEN,SUPERSEDED
TEN-COOLIT-SYN-001,SITE-COOLIT-SYN-01,ERP,OPERATION_SCHEDULE,OPSCH-3-00197,MESOP-00197,RESOLVED,2026-09-25T23:59:59-06:00,2026-09-26T08:00:00-06:00,2026-06-29T00:00:00-06:00,,3,OPSCH-2-00197,false,ACTIVE,,,VALID,CURRENT,coolit-synthetic-v2.0.0,ALL_SYNTHETIC_CUSTOMERS,ALL_SYNTHETIC_PROGRAMS,CFG-CDU-03,SYNTHETIC_INTERNAL,SNP-COOLIT-20260925-BL,SCN-BASELINE,OPSCH-3-00197,SCH-V3,WO-0040,MESOP-00197,10,CELL-ROBOT-01,2026-11-19T07:00:00-06:00,2026-11-19T17:00:00-06:00,197,COOLANT_DISTRIBUTION_UNIT,5,1,true,true,true,OPEN,SUPERSEDED
TEN-COOLIT-SYN-001,SITE-COOLIT-SYN-01,ERP,OPERATION_SCHEDULE,OPSCH-3-00198,MESOP-00198,RESOLVED,2026-09-25T23:59:59-06:00,2026-09-26T08:00:00-06:00,2026-06-29T00:00:00-06:00,,3,OPSCH-2-00198,false,ACTIVE,,,VALID,CURRENT,coolit-synthetic-v2.0.0,ALL_SYNTHETIC_CUSTOMERS,ALL_SYNTHETIC_PROGRAMS,CFG-CDU-03,SYNTHETIC_INTERNAL,SNP-COOLIT-20260925-BL,SCN-BASELINE,OPSCH-3-00198,SCH-V3,WO-0040,MESOP-00198,20,LINE-CDU-01,2026-11-20T07:00:00-06:00,2026-11-20T17:00:00-06:00,198,COOLANT_DISTRIBUTION_UNIT,20,1,true,true,true,OPEN,SUPERSEDED
TEN-COOLIT-SYN-001,SITE-COOLIT-SYN-01,ERP,OPERATION_SCHEDULE,OPSCH-3-00199,MESOP-00199,RESOLVED,2026-09-25T23:59:59-06:00,2026-09-26T08:00:00-06:00,2026-06-29T00:00:00-06:00,,3,OPSCH-2-00199,false,ACTIVE,,,VALID,CURRENT,coolit-synthetic-v2.0.0,ALL_SYNTHETIC_CUSTOMERS,ALL_SYNTHETIC_PROGRAMS,CFG-CDU-03,SYNTHETIC_INTERNAL,SNP-COOLIT-20260925-BL,SCN-BASELINE,OPSCH-3-00199,SCH-V3,WO-0040,MESOP-00199,30,TEST-LEAK-01,2026-11-21T07:00:00-06:00,2026-11-21T17:00:00-06:00,199,COOLANT_DISTRIBUTION_UNIT,5,1,true,true,true,OPEN,SUPERSEDED
TEN-COOLIT-SYN-001,SITE-COOLIT-SYN-01,ERP,OPERATION_SCHEDULE,OPSCH-3-00200,MESOP-00200,RESOLVED,2026-09-25T23:59:59-06:00,2026-09-26T08:00:00-06:00,2026-06-29T00:00:00-06:00,,3,OPSCH-2-00200,false,ACTIVE,,,VALID,CURRENT,coolit-synthetic-v2.0.0,ALL_SYNTHETIC_CUSTOMERS,ALL_SYNTHETIC_PROGRAMS,CFG-CDU-03,SYNTHETIC_INTERNAL,SNP-COOLIT-20260925-BL,SCN-BASELINE,OPSCH-3-00200,SCH-V3,WO-0040,MESOP-00200,40,TEST-LEAK-01,2026-11-22T07:00:00-06:00,2026-11-22T17:00:00-06:00,200,COOLANT_DISTRIBUTION_UNIT,5,2,true,true,true,OPEN,SUPERSEDED
TEN-COOLIT-SYN-001,SITE-COOLIT-SYN-01,ERP,OPERATION_SCHEDULE,OPSCH-4-00001,MESOP-00001,RESOLVED,2026-09-25T23:59:59-06:00,2026-09-26T08:00:00-06:00,2026-06-29T00:00:00-06:00,,4,OPSCH-3-00001,false,ACTIVE,,,VALID,CURRENT,coolit-synthetic-v2.0.0,ALL_SYNTHETIC_CUSTOMERS,ALL_SYNTHETIC_PROGRAMS,CFG-CPL-02,SYNTHETIC_INTERNAL,SNP-COOLIT-20260925-BL,SCN-BASELINE,OPSCH-4-00001,SCH-V4,WO-0001,MESOP-00001,10,CELL-ROBOT-01,2026-06-29T07:00:00-06:00,2026-06-29T17:00:00-06:00,1,COLDPLATE_LOOP,5,1,false,false,true,FROZEN,SUPERSEDED
TEN-COOLIT-SYN-001,SITE-COOLIT-SYN-01,ERP,OPERATION_SCHEDULE,OPSCH-4-00002,MESOP-00002,RESOLVED,2026-09-25T23:59:59-06:00,2026-09-26T08:00:00-06:00,2026-06-29T00:00:00-06:00,,4,OPSCH-3-00002,false,ACTIVE,,,VALID,CURRENT,coolit-synthetic-v2.0.0,ALL_SYNTHETIC_CUSTOMERS,ALL_SYNTHETIC_PROGRAMS,CFG-CPL-02,SYNTHETIC_INTERNAL,SNP-COOLIT-20260925-BL,SCN-BASELINE,OPSCH-4-00002,SCH-V4,WO-0001,MESOP-00002,20,LINE-CPL-01,2026-06-30T07:00:00-06:00,2026-06-30T17:00:00-06:00,2,COLDPLATE_LOOP,20,1,true,true,true,FROZEN,SUPERSEDED
TEN-COOLIT-SYN-001,SITE-COOLIT-SYN-01,ERP,OPERATION_SCHEDULE,OPSCH-4-00003,MESOP-00003,RESOLVED,2026-09-25T23:59:59-06:00,2026-09-26T08:00:00-06:00,2026-06-29T00:00:00-06:00,,4,OPSCH-3-00003,false,ACTIVE,,,VALID,CURRENT,coolit-synthetic-v2.0.0,ALL_SYNTHETIC_CUSTOMERS,ALL_SYNTHETIC_PROGRAMS,CFG-CPL-02,SYNTHETIC_INTERNAL,SNP-COOLIT-20260925-BL,SCN-BASELINE,OPSCH-4-00003,SCH-V4,WO-0001,MESOP-00003,30,TEST-LEAK-01,2026-07-01T07:00:00-06:00,2026-07-01T17:00:00-06:00,3,COLDPLATE_LOOP,5,1,true,true,true,FROZEN,SUPERSEDED
TEN-COOLIT-SYN-001,SITE-COOLIT-SYN-01,ERP,OPERATION_SCHEDULE,OPSCH-4-00004,MESOP-00004,RESOLVED,2026-09-25T23:59:59-06:00,2026-09-26T08:00:00-06:00,2026-06-29T00:00:00-06:00,,4,OPSCH-3-00004,false,ACTIVE,,,VALID,CURRENT,coolit-synthetic-v2.0.0,ALL_SYNTHETIC_CUSTOMERS,ALL_SYNTHETIC_PROGRAMS,CFG-CPL-02,SYNTHETIC_INTERNAL,SNP-COOLIT-20260925-BL,SCN-BASELINE,OPSCH-4-00004,SCH-V4,WO-0001,MESOP-00004,40,TEST-LEAK-01,2026-07-02T07:00:00-06:00,2026-07-02T17:00:00-06:00,4,COLDPLATE_LOOP,5,2,true,true,true,FROZEN,SUPERSEDED
TEN-COOLIT-SYN-001,SITE-COOLIT-SYN-01,ERP,OPERATION_SCHEDULE,OPSCH-4-00005,MESOP-00005,RESOLVED,2026-09-25T23:59:59-06:00,2026-09-26T08:00:00-06:00,2026-06-29T00:00:00-06:00,,4,OPSCH-3-00005,false,ACTIVE,,,VALID,CURRENT,coolit-synthetic-v2.0.0,ALL_SYNTHETIC_CUSTOMERS,ALL_SYNTHETIC_PROGRAMS,CFG-CPL-02,SYNTHETIC_INTERNAL,SNP-COOLIT-20260925-BL,SCN-BASELINE,OPSCH-4-00005,SCH-V4,WO-0001,MESOP-00005,50,TEST-FUNC-01,2026-07-03T07:00:00-06:00,2026-07-03T17:00:00-06:00,5,COLDPLATE_LOOP,5,2,true,true,true,FROZEN,SUPERSEDED
TEN-COOLIT-SYN-001,SITE-COOLIT-SYN-01,ERP,OPERATION_SCHEDULE,OPSCH-4-00006,MESOP-00006,RESOLVED,2026-09-25T23:59:59-06:00,2026-09-26T08:00:00-06:00,2026-06-29T00:00:00-06:00,,4,OPSCH-3-00006,false,ACTIVE,,,VALID,CURRENT,coolit-synthetic-v2.0.0,ALL_SYNTHETIC_CUSTOMERS,ALL_SYNTHETIC_PROGRAMS,CFG-CPL-02,SYNTHETIC_INTERNAL,SNP-COOLIT-20260925-BL,SCN-BASELINE,OPSCH-4-00006,SCH-V4,WO-0001,MESOP-00006,60,LINE-CPL-01,2026-07-04T07:00:00-06:00,2026-07-04T17:00:00-06:00,6,COLDPLATE_LOOP,5,2,true,true,true,FROZEN,SUPERSEDED
TEN-COOLIT-SYN-001,SITE-COOLIT-SYN-01,ERP,OPERATION_SCHEDULE,OPSCH-4-00007,MESOP-00007,RESOLVED,2026-09-25T23:59:59-06:00,2026-09-26T08:00:00-06:00,2026-06-29T00:00:00-06:00,,4,OPSCH-3-00007,false,ACTIVE,,,VALID,CURRENT,coolit-synthetic-v2.0.0,ALL_SYNTHETIC_CUSTOMERS,ALL_SYNTHETIC_PROGRAMS,CFG-CDU-01,SYNTHETIC_INTERNAL,SNP-COOLIT-20260925-BL,SCN-BASELINE,OPSCH-4-00007,SCH-V4,WO-0002,MESOP-00007,10,CELL-ROBOT-01,2026-07-02T07:00:00-06:00,2026-07-02T17:00:00-06:00,7,COOLANT_DISTRIBUTION_UNIT,5,1,true,true,true,FROZEN,SUPERSEDED
TEN-COOLIT-SYN-001,SITE-COOLIT-SYN-01,ERP,OPERATION_SCHEDULE,OPSCH-4-00008,MESOP-00008,RESOLVED,2026-09-25T23:59:59-06:00,2026-09-26T08:00:00-06:00,2026-06-29T00:00:00-06:00,,4,OPSCH-3-00008,false,ACTIVE,,,VALID,CURRENT,coolit-synthetic-v2.0.0,ALL_SYNTHETIC_CUSTOMERS,ALL_SYNTHETIC_PROGRAMS,CFG-CDU-01,SYNTHETIC_INTERNAL,SNP-COOLIT-20260925-BL,SCN-BASELINE,OPSCH-4-00008,SCH-V4,WO-0002,MESOP-00008,20,LINE-CDU-01,2026-07-03T07:00:00-06:00,2026-07-03T17:00:00-06:00,8,COOLANT_DISTRIBUTION_UNIT,20,1,true,true,true,FROZEN,SUPERSEDED
TEN-COOLIT-SYN-001,SITE-COOLIT-SYN-01,ERP,OPERATION_SCHEDULE,OPSCH-4-00009,MESOP-00009,RESOLVED,2026-09-25T23:59:59-06:00,2026-09-26T08:00:00-06:00,2026-06-29T00:00:00-06:00,,4,OPSCH-3-00009,false,ACTIVE,,,VALID,CURRENT,coolit-synthetic-v2.0.0,ALL_SYNTHETIC_CUSTOMERS,ALL_SYNTHETIC_PROGRAMS,CFG-CDU-01,SYNTHETIC_INTERNAL,SNP-COOLIT-20260925-BL,SCN-BASELINE,OPSCH-4-00009,SCH-V4,WO-0002,MESOP-00009,30,TEST-LEAK-01,2026-07-04T07:00:00-06:00,2026-07-04T17:00:00-06:00,9,COOLANT_DISTRIBUTION_UNIT,5,1,true,true,true,FROZEN,SUPERSEDED
TEN-COOLIT-SYN-001,SITE-COOLIT-SYN-01,ERP,OPERATION_SCHEDULE,OPSCH-4-00010,MESOP-00010,RESOLVED,2026-09-25T23:59:59-06:00,2026-09-26T08:00:00-06:00,2026-06-29T00:00:00-06:00,,4,OPSCH-3-00010,false,ACTIVE,,,VALID,CURRENT,coolit-synthetic-v2.0.0,ALL_SYNTHETIC_CUSTOMERS,ALL_SYNTHETIC_PROGRAMS,CFG-CDU-01,SYNTHETIC_INTERNAL,SNP-COOLIT-20260925-BL,SCN-BASELINE,OPSCH-4-00010,SCH-V4,WO-0002,MESOP-00010,40,TEST-LEAK-01,2026-07-05T07:00:00-06:00,2026-07-05T17:00:00-06:00,10,COOLANT_DISTRIBUTION_UNIT,5,2,true,true,true,FROZEN,SUPERSEDED
TEN-COOLIT-SYN-001,SITE-COOLIT-SYN-01,ERP,OPERATION_SCHEDULE,OPSCH-4-00011,MESOP-00011,RESOLVED,2026-09-25T23:59:59-06:00,2026-09-26T08:00:00-06:00,2026-06-29T00:00:00-06:00,,4,OPSCH-3-00011,false,ACTIVE,,,VALID,CURRENT,coolit-synthetic-v2.0.0,ALL_SYNTHETIC_CUSTOMERS,ALL_SYNTHETIC_PROGRAMS,CFG-CDU-01,SYNTHETIC_INTERNAL,SNP-COOLIT-20260925-BL,SCN-BASELINE,OPSCH-4-00011,SCH-V4,WO-0002,MESOP-00011,50,TEST-FUNC-01,2026-07-06T07:00:00-06:00,2026-07-06T17:00:00-06:00,11,COOLANT_DISTRIBUTION_UNIT,5,2,true,true,true,FROZEN,SUPERSEDED
TEN-COOLIT-SYN-001,SITE-COOLIT-SYN-01,ERP,OPERATION_SCHEDULE,OPSCH-4-00012,MESOP-00012,RESOLVED,2026-09-25T23:59:59-06:00,2026-09-26T08:00:00-06:00,2026-06-29T00:00:00-06:00,,4,OPSCH-3-00012,false,ACTIVE,,,VALID,CURRENT,coolit-synthetic-v2.0.0,ALL_SYNTHETIC_CUSTOMERS,ALL_SYNTHETIC_PROGRAMS,CFG-CDU-01,SYNTHETIC_INTERNAL,SNP-COOLIT-20260925-BL,SCN-BASELINE,OPSCH-4-00012,SCH-V4,WO-0002,MESOP-00012,60,LINE-CDU-01,2026-07-07T07:00:00-06:00,2026-07-07T17:00:00-06:00,12,COOLANT_DISTRIBUTION_UNIT,5,2,true,true,true,FROZEN,SUPERSEDED
TEN-COOLIT-SYN-001,SITE-COOLIT-SYN-01,ERP,OPERATION_SCHEDULE,OPSCH-4-00013,MESOP-00013,RESOLVED,2026-09-25T23:59:59-06:00,2026-09-26T08:00:00-06:00,2026-06-29T00:00:00-06:00,,4,OPSCH-3-00013,false,ACTIVE,,,VALID,CURRENT,coolit-synthetic-v2.0.0,ALL_SYNTHETIC_CUSTOMERS,ALL_SYNTHETIC_PROGRAMS,CFG-CPL-04,SYNTHETIC_INTERNAL,SNP-COOLIT-20260925-BL,SCN-BASELINE,OPSCH-4-00013,SCH-V4,WO-0003,MESOP-00013,10,CELL-ROBOT-01,2026-07-05T07:00:00-06:00,2026-07-05T17:00:00-06:00,13,COLDPLATE_LOOP,5,1,true,true,true,FROZEN,SUPERSEDED
TEN-COOLIT-SYN-001,SITE-COOLIT-SYN-01,ERP,OPERATION_SCHEDULE,OPSCH-4-00014,MESOP-00014,RESOLVED,2026-09-25T23:59:59-06:00,2026-09-26T08:00:00-06:00,2026-06-29T00:00:00-06:00,,4,OPSCH-3-00014,false,ACTIVE,,,VALID,CURRENT,coolit-synthetic-v2.0.0,ALL_SYNTHETIC_CUSTOMERS,ALL_SYNTHETIC_PROGRAMS,CFG-CPL-04,SYNTHETIC_INTERNAL,SNP-COOLIT-20260925-BL,SCN-BASELINE,OPSCH-4-00014,SCH-V4,WO-0003,MESOP-00014,20,LINE-CPL-01,2026-07-06T07:00:00-06:00,2026-07-06T17:00:00-06:00,14,COLDPLATE_LOOP,20,1,true,true,true,FROZEN,SUPERSEDED
TEN-COOLIT-SYN-001,SITE-COOLIT-SYN-01,ERP,OPERATION_SCHEDULE,OPSCH-4-00015,MESOP-00015,RESOLVED,2026-09-25T23:59:59-06:00,2026-09-26T08:00:00-06:00,2026-06-29T00:00:00-06:00,,4,OPSCH-3-00015,false,ACTIVE,,,VALID,CURRENT,coolit-synthetic-v2.0.0,ALL_SYNTHETIC_CUSTOMERS,ALL_SYNTHETIC_PROGRAMS,CFG-CPL-04,SYNTHETIC_INTERNAL,SNP-COOLIT-20260925-BL,SCN-BASELINE,OPSCH-4-00015,SCH-V4,WO-0003,MESOP-00015,30,TEST-LEAK-01,2026-07-07T07:00:00-06:00,2026-07-07T17:00:00-06:00,15,COLDPLATE_LOOP,5,1,true,true,true,FROZEN,SUPERSEDED
TEN-COOLIT-SYN-001,SITE-COOLIT-SYN-01,ERP,OPERATION_SCHEDULE,OPSCH-4-00016,MESOP-00016,RESOLVED,2026-09-25T23:59:59-06:00,2026-09-26T08:00:00-06:00,2026-06-29T00:00:00-06:00,,4,OPSCH-3-00016,false,ACTIVE,,,VALID,CURRENT,coolit-synthetic-v2.0.0,ALL_SYNTHETIC_CUSTOMERS,ALL_SYNTHETIC_PROGRAMS,CFG-CPL-04,SYNTHETIC_INTERNAL,SNP-COOLIT-20260925-BL,SCN-BASELINE,OPSCH-4-00016,SCH-V4,WO-0003,MESOP-00016,40,TEST-LEAK-01,2026-07-08T07:00:00-06:00,2026-07-08T17:00:00-06:00,16,COLDPLATE_LOOP,5,2,true,true,true,FROZEN,SUPERSEDED
TEN-COOLIT-SYN-001,SITE-COOLIT-SYN-01,ERP,OPERATION_SCHEDULE,OPSCH-4-00017,MESOP-00017,RESOLVED,2026-09-25T23:59:59-06:00,2026-09-26T08:00:00-06:00,2026-06-29T00:00:00-06:00,,4,OPSCH-3-00017,false,ACTIVE,,,VALID,CURRENT,coolit-synthetic-v2.0.0,ALL_SYNTHETIC_CUSTOMERS,ALL_SYNTHETIC_PROGRAMS,CFG-CPL-04,SYNTHETIC_INTERNAL,SNP-COOLIT-20260925-BL,SCN-BASELINE,OPSCH-4-00017,SCH-V4,WO-0003,MESOP-00017,50,TEST-FUNC-01,2026-07-09T07:00:00-06:00,2026-07-09T17:00:00-06:00,17,COLDPLATE_LOOP,5,2,true,true,true,FROZEN,SUPERSEDED
TEN-COOLIT-SYN-001,SITE-COOLIT-SYN-01,ERP,OPERATION_SCHEDULE,OPSCH-4-00018,MESOP-00018,RESOLVED,2026-09-25T23:59:59-06:00,2026-09-26T08:00:00-06:00,2026-06-29T00:00:00-06:00,,4,OPSCH-3-00018,false,ACTIVE,,,VALID,CURRENT,coolit-synthetic-v2.0.0,ALL_SYNTHETIC_CUSTOMERS,ALL_SYNTHETIC_PROGRAMS,CFG-CPL-04,SYNTHETIC_INTERNAL,SNP-COOLIT-20260925-BL,SCN-BASELINE,OPSCH-4-00018,SCH-V4,WO-0003,MESOP-00018,60,LINE-CPL-01,2026-07-10T07:00:00-06:00,2026-07-10T17:00:00-06:00,18,COLDPLATE_LOOP,5,2,true,true,true,FROZEN,SUPERSEDED
TEN-COOLIT-SYN-001,SITE-COOLIT-SYN-01,ERP,OPERATION_SCHEDULE,OPSCH-4-00019,MESOP-00019,RESOLVED,2026-09-25T23:59:59-06:00,2026-09-26T08:00:00-06:00,2026-06-29T00:00:00-06:00,,4,OPSCH-3-00019,false,ACTIVE,,,VALID,CURRENT,coolit-synthetic-v2.0.0,ALL_SYNTHETIC_CUSTOMERS,ALL_SYNTHETIC_PROGRAMS,CFG-CDU-03,SYNTHETIC_INTERNAL,SNP-COOLIT-20260925-BL,SCN-BASELINE,OPSCH-4-00019,SCH-V4,WO-0004,MESOP-00019,10,CELL-ROBOT-01,2026-07-08T07:00:00-06:00,2026-07-08T17:00:00-06:00,19,COOLANT_DISTRIBUTION_UNIT,5,1,true,true,true,FROZEN,SUPERSEDED
TEN-COOLIT-SYN-001,SITE-COOLIT-SYN-01,ERP,OPERATION_SCHEDULE,OPSCH-4-00020,MESOP-00020,RESOLVED,2026-09-25T23:59:59-06:00,2026-09-26T08:00:00-06:00,2026-06-29T00:00:00-06:00,,4,OPSCH-3-00020,false,ACTIVE,,,VALID,CURRENT,coolit-synthetic-v2.0.0,ALL_SYNTHETIC_CUSTOMERS,ALL_SYNTHETIC_PROGRAMS,CFG-CDU-03,SYNTHETIC_INTERNAL,SNP-COOLIT-20260925-BL,SCN-BASELINE,OPSCH-4-00020,SCH-V4,WO-0004,MESOP-00020,20,LINE-CDU-01,2026-07-09T07:00:00-06:00,2026-07-09T17:00:00-06:00,20,COOLANT_DISTRIBUTION_UNIT,20,1,true,true,true,FROZEN,SUPERSEDED
TEN-COOLIT-SYN-001,SITE-COOLIT-SYN-01,ERP,OPERATION_SCHEDULE,OPSCH-4-00021,MESOP-00021,RESOLVED,2026-09-25T23:59:59-06:00,2026-09-26T08:00:00-06:00,2026-06-29T00:00:00-06:00,,4,OPSCH-3-00021,false,ACTIVE,,,VALID,CURRENT,coolit-synthetic-v2.0.0,ALL_SYNTHETIC_CUSTOMERS,ALL_SYNTHETIC_PROGRAMS,CFG-CDU-03,SYNTHETIC_INTERNAL,SNP-COOLIT-20260925-BL,SCN-BASELINE,OPSCH-4-00021,SCH-V4,WO-0004,MESOP-00021,30,TEST-LEAK-01,2026-07-10T07:00:00-06:00,2026-07-10T17:00:00-06:00,21,COOLANT_DISTRIBUTION_UNIT,5,1,true,true,true,FROZEN,SUPERSEDED
TEN-COOLIT-SYN-001,SITE-COOLIT-SYN-01,ERP,OPERATION_SCHEDULE,OPSCH-4-00022,MESOP-00022,RESOLVED,2026-09-25T23:59:59-06:00,2026-09-26T08:00:00-06:00,2026-06-29T00:00:00-06:00,,4,OPSCH-3-00022,false,ACTIVE,,,VALID,CURRENT,coolit-synthetic-v2.0.0,ALL_SYNTHETIC_CUSTOMERS,ALL_SYNTHETIC_PROGRAMS,CFG-CDU-03,SYNTHETIC_INTERNAL,SNP-COOLIT-20260925-BL,SCN-BASELINE,OPSCH-4-00022,SCH-V4,WO-0004,MESOP-00022,40,TEST-LEAK-01,2026-07-11T07:00:00-06:00,2026-07-11T17:00:00-06:00,22,COOLANT_DISTRIBUTION_UNIT,5,2,true,true,true,FROZEN,SUPERSEDED
TEN-COOLIT-SYN-001,SITE-COOLIT-SYN-01,ERP,OPERATION_SCHEDULE,OPSCH-4-00023,MESOP-00023,RESOLVED,2026-09-25T23:59:59-06:00,2026-09-26T08:00:00-06:00,2026-06-29T00:00:00-06:00,,4,OPSCH-3-00023,false,ACTIVE,,,VALID,CURRENT,coolit-synthetic-v2.0.0,ALL_SYNTHETIC_CUSTOMERS,ALL_SYNTHETIC_PROGRAMS,CFG-CDU-03,SYNTHETIC_INTERNAL,SNP-COOLIT-20260925-BL,SCN-BASELINE,OPSCH-4-00023,SCH-V4,WO-0004,MESOP-00023,50,TEST-FUNC-01,2026-07-12T07:00:00-06:00,2026-07-12T17:00:00-06:00,23,COOLANT_DISTRIBUTION_UNIT,5,2,true,true,true,FROZEN,SUPERSEDED
TEN-COOLIT-SYN-001,SITE-COOLIT-SYN-01,ERP,OPERATION_SCHEDULE,OPSCH-4-00024,MESOP-00024,RESOLVED,2026-09-25T23:59:59-06:00,2026-09-26T08:00:00-06:00,2026-06-29T00:00:00-06:00,,4,OPSCH-3-00024,false,ACTIVE,,,VALID,CURRENT,coolit-synthetic-v2.0.0,ALL_SYNTHETIC_CUSTOMERS,ALL_SYNTHETIC_PROGRAMS,CFG-CDU-03,SYNTHETIC_INTERNAL,SNP-COOLIT-20260925-BL,SCN-BASELINE,OPSCH-4-00024,SCH-V4,WO-0004,MESOP-00024,60,LINE-CDU-01,2026-07-13T07:00:00-06:00,2026-07-13T17:00:00-06:00,24,COOLANT_DISTRIBUTION_UNIT,5,2,true,true,true,FROZEN,SUPERSEDED
TEN-COOLIT-SYN-001,SITE-COOLIT-SYN-01,ERP,OPERATION_SCHEDULE,OPSCH-4-00025,MESOP-00025,RESOLVED,2026-09-25T23:59:59-06:00,2026-09-26T08:00:00-06:00,2026-06-29T00:00:00-06:00,,4,OPSCH-3-00025,false,ACTIVE,,,VALID,CURRENT,coolit-synthetic-v2.0.0,ALL_SYNTHETIC_CUSTOMERS,ALL_SYNTHETIC_PROGRAMS,CFG-RM-02,SYNTHETIC_INTERNAL,SNP-COOLIT-20260925-BL,SCN-BASELINE,OPSCH-4-00025,SCH-V4,WO-0005,MESOP-00025,10,CELL-ROBOT-01,2026-07-11T07:00:00-06:00,2026-07-11T17:00:00-06:00,25,RACK_MANIFOLD,5,1,true,true,true,FROZEN,SUPERSEDED
TEN-COOLIT-SYN-001,SITE-COOLIT-SYN-01,ERP,OPERATION_SCHEDULE,OPSCH-4-00026,MESOP-00026,RESOLVED,2026-09-25T23:59:59-06:00,2026-09-26T08:00:00-06:00,2026-06-29T00:00:00-06:00,,4,OPSCH-3-00026,false,ACTIVE,,,VALID,CURRENT,coolit-synthetic-v2.0.0,ALL_SYNTHETIC_CUSTOMERS,ALL_SYNTHETIC_PROGRAMS,CFG-RM-02,SYNTHETIC_INTERNAL,SNP-COOLIT-20260925-BL,SCN-BASELINE,OPSCH-4-00026,SCH-V4,WO-0005,MESOP-00026,20,LINE-RM-01,2026-07-12T07:00:00-06:00,2026-07-12T17:00:00-06:00,26,RACK_MANIFOLD,20,1,true,true,true,FROZEN,SUPERSEDED
TEN-COOLIT-SYN-001,SITE-COOLIT-SYN-01,ERP,OPERATION_SCHEDULE,OPSCH-4-00027,MESOP-00027,RESOLVED,2026-09-25T23:59:59-06:00,2026-09-26T08:00:00-06:00,2026-06-29T00:00:00-06:00,,4,OPSCH-3-00027,false,ACTIVE,,,VALID,CURRENT,coolit-synthetic-v2.0.0,ALL_SYNTHETIC_CUSTOMERS,ALL_SYNTHETIC_PROGRAMS,CFG-RM-02,SYNTHETIC_INTERNAL,SNP-COOLIT-20260925-BL,SCN-BASELINE,OPSCH-4-00027,SCH-V4,WO-0005,MESOP-00027,30,TEST-LEAK-01,2026-07-13T07:00:00-06:00,2026-07-13T17:00:00-06:00,27,RACK_MANIFOLD,5,1,true,true,true,FROZEN,SUPERSEDED
TEN-COOLIT-SYN-001,SITE-COOLIT-SYN-01,ERP,OPERATION_SCHEDULE,OPSCH-4-00028,MESOP-00028,RESOLVED,2026-09-25T23:59:59-06:00,2026-09-26T08:00:00-06:00,2026-06-29T00:00:00-06:00,,4,OPSCH-3-00028,false,ACTIVE,,,VALID,CURRENT,coolit-synthetic-v2.0.0,ALL_SYNTHETIC_CUSTOMERS,ALL_SYNTHETIC_PROGRAMS,CFG-RM-02,SYNTHETIC_INTERNAL,SNP-COOLIT-20260925-BL,SCN-BASELINE,OPSCH-4-00028,SCH-V4,WO-0005,MESOP-00028,40,TEST-LEAK-01,2026-07-14T07:00:00-06:00,2026-07-14T17:00:00-06:00,28,RACK_MANIFOLD,5,2,true,true,true,FROZEN,SUPERSEDED
TEN-COOLIT-SYN-001,SITE-COOLIT-SYN-01,ERP,OPERATION_SCHEDULE,OPSCH-4-00029,MESOP-00029,RESOLVED,2026-09-25T23:59:59-06:00,2026-09-26T08:00:00-06:00,2026-06-29T00:00:00-06:00,,4,OPSCH-3-00029,false,ACTIVE,,,VALID,CURRENT,coolit-synthetic-v2.0.0,ALL_SYNTHETIC_CUSTOMERS,ALL_SYNTHETIC_PROGRAMS,CFG-RM-02,SYNTHETIC_INTERNAL,SNP-COOLIT-20260925-BL,SCN-BASELINE,OPSCH-4-00029,SCH-V4,WO-0005,MESOP-00029,50,TEST-FUNC-01,2026-07-15T07:00:00-06:00,2026-07-15T17:00:00-06:00,29,RACK_MANIFOLD,5,2,true,true,true,FROZEN,SUPERSEDED
TEN-COOLIT-SYN-001,SITE-COOLIT-SYN-01,ERP,OPERATION_SCHEDULE,OPSCH-4-00030,MESOP-00030,RESOLVED,2026-09-25T23:59:59-06:00,2026-09-26T08:00:00-06:00,2026-06-29T00:00:00-06:00,,4,OPSCH-3-00030,false,ACTIVE,,,VALID,CURRENT,coolit-synthetic-v2.0.0,ALL_SYNTHETIC_CUSTOMERS,ALL_SYNTHETIC_PROGRAMS,CFG-RM-02,SYNTHETIC_INTERNAL,SNP-COOLIT-20260925-BL,SCN-BASELINE,OPSCH-4-00030,SCH-V4,WO-0005,MESOP-00030,60,LINE-RM-01,2026-07-16T07:00:00-06:00,2026-07-16T17:00:00-06:00,30,RACK_MANIFOLD,5,2,false,true,true,FROZEN,SUPERSEDED
TEN-COOLIT-SYN-001,SITE-COOLIT-SYN-01,ERP,OPERATION_SCHEDULE,OPSCH-4-00031,MESOP-00031,RESOLVED,2026-09-25T23:59:59-06:00,2026-09-26T08:00:00-06:00,2026-06-29T00:00:00-06:00,,4,OPSCH-3-00031,false,ACTIVE,,,VALID,CURRENT,coolit-synthetic-v2.0.0,ALL_SYNTHETIC_CUSTOMERS,ALL_SYNTHETIC_PROGRAMS,CFG-CPL-01,SYNTHETIC_INTERNAL,SNP-COOLIT-20260925-BL,SCN-BASELINE,OPSCH-4-00031,SCH-V4,WO-0006,MESOP-00031,10,CELL-ROBOT-01,2026-07-14T07:00:00-06:00,2026-07-14T17:00:00-06:00,31,COLDPLATE_LOOP,5,1,true,true,true,FROZEN,SUPERSEDED
TEN-COOLIT-SYN-001,SITE-COOLIT-SYN-01,ERP,OPERATION_SCHEDULE,OPSCH-4-00032,MESOP-00032,RESOLVED,2026-09-25T23:59:59-06:00,2026-09-26T08:00:00-06:00,2026-06-29T00:00:00-06:00,,4,OPSCH-3-00032,false,ACTIVE,,,VALID,CURRENT,coolit-synthetic-v2.0.0,ALL_SYNTHETIC_CUSTOMERS,ALL_SYNTHETIC_PROGRAMS,CFG-CPL-01,SYNTHETIC_INTERNAL,SNP-COOLIT-20260925-BL,SCN-BASELINE,OPSCH-4-00032,SCH-V4,WO-0006,MESOP-00032,20,LINE-CPL-01,2026-07-15T07:00:00-06:00,2026-07-15T17:00:00-06:00,32,COLDPLATE_LOOP,20,1,true,false,true,FROZEN,SUPERSEDED
TEN-COOLIT-SYN-001,SITE-COOLIT-SYN-01,ERP,OPERATION_SCHEDULE,OPSCH-4-00033,MESOP-00033,RESOLVED,2026-09-25T23:59:59-06:00,2026-09-26T08:00:00-06:00,2026-06-29T00:00:00-06:00,,4,OPSCH-3-00033,false,ACTIVE,,,VALID,CURRENT,coolit-synthetic-v2.0.0,ALL_SYNTHETIC_CUSTOMERS,ALL_SYNTHETIC_PROGRAMS,CFG-CPL-01,SYNTHETIC_INTERNAL,SNP-COOLIT-20260925-BL,SCN-BASELINE,OPSCH-4-00033,SCH-V4,WO-0006,MESOP-00033,30,TEST-LEAK-01,2026-07-16T07:00:00-06:00,2026-07-16T17:00:00-06:00,33,COLDPLATE_LOOP,5,1,true,true,true,FROZEN,SUPERSEDED
TEN-COOLIT-SYN-001,SITE-COOLIT-SYN-01,ERP,OPERATION_SCHEDULE,OPSCH-4-00034,MESOP-00034,RESOLVED,2026-09-25T23:59:59-06:00,2026-09-26T08:00:00-06:00,2026-06-29T00:00:00-06:00,,4,OPSCH-3-00034,false,ACTIVE,,,VALID,CURRENT,coolit-synthetic-v2.0.0,ALL_SYNTHETIC_CUSTOMERS,ALL_SYNTHETIC_PROGRAMS,CFG-CPL-01,SYNTHETIC_INTERNAL,SNP-COOLIT-20260925-BL,SCN-BASELINE,OPSCH-4-00034,SCH-V4,WO-0006,MESOP-00034,40,TEST-LEAK-01,2026-07-17T07:00:00-06:00,2026-07-17T17:00:00-06:00,34,COLDPLATE_LOOP,5,2,true,true,true,FROZEN,SUPERSEDED
TEN-COOLIT-SYN-001,SITE-COOLIT-SYN-01,ERP,OPERATION_SCHEDULE,OPSCH-4-00035,MESOP-00035,RESOLVED,2026-09-25T23:59:59-06:00,2026-09-26T08:00:00-06:00,2026-06-29T00:00:00-06:00,,4,OPSCH-3-00035,false,ACTIVE,,,VALID,CURRENT,coolit-synthetic-v2.0.0,ALL_SYNTHETIC_CUSTOMERS,ALL_SYNTHETIC_PROGRAMS,CFG-CPL-01,SYNTHETIC_INTERNAL,SNP-COOLIT-20260925-BL,SCN-BASELINE,OPSCH-4-00035,SCH-V4,WO-0006,MESOP-00035,50,TEST-FUNC-01,2026-07-18T07:00:00-06:00,2026-07-18T17:00:00-06:00,35,COLDPLATE_LOOP,5,2,true,true,true,FROZEN,SUPERSEDED
TEN-COOLIT-SYN-001,SITE-COOLIT-SYN-01,ERP,OPERATION_SCHEDULE,OPSCH-4-00036,MESOP-00036,RESOLVED,2026-09-25T23:59:59-06:00,2026-09-26T08:00:00-06:00,2026-06-29T00:00:00-06:00,,4,OPSCH-3-00036,false,ACTIVE,,,VALID,CURRENT,coolit-synthetic-v2.0.0,ALL_SYNTHETIC_CUSTOMERS,ALL_SYNTHETIC_PROGRAMS,CFG-CPL-01,SYNTHETIC_INTERNAL,SNP-COOLIT-20260925-BL,SCN-BASELINE,OPSCH-4-00036,SCH-V4,WO-0006,MESOP-00036,60,LINE-CPL-01,2026-07-19T07:00:00-06:00,2026-07-19T17:00:00-06:00,36,COLDPLATE_LOOP,5,2,true,true,true,FROZEN,SUPERSEDED
TEN-COOLIT-SYN-001,SITE-COOLIT-SYN-01,ERP,OPERATION_SCHEDULE,OPSCH-4-00037,MESOP-00037,RESOLVED,2026-09-25T23:59:59-06:00,2026-09-26T08:00:00-06:00,2026-06-29T00:00:00-06:00,,4,OPSCH-3-00037,false,ACTIVE,,,VALID,CURRENT,coolit-synthetic-v2.0.0,ALL_SYNTHETIC_CUSTOMERS,ALL_SYNTHETIC_PROGRAMS,CFG-RM-04,SYNTHETIC_INTERNAL,SNP-COOLIT-20260925-BL,SCN-BASELINE,OPSCH-4-00037,SCH-V4,WO-0007,MESOP-00037,10,CELL-ROBOT-01,2026-07-17T07:00:00-06:00,2026-07-17T17:00:00-06:00,37,RACK_MANIFOLD,5,1,true,true,true,FROZEN,SUPERSEDED
TEN-COOLIT-SYN-001,SITE-COOLIT-SYN-01,ERP,OPERATION_SCHEDULE,OPSCH-4-00038,MESOP-00038,RESOLVED,2026-09-25T23:59:59-06:00,2026-09-26T08:00:00-06:00,2026-06-29T00:00:00-06:00,,4,OPSCH-3-00038,false,ACTIVE,,,VALID,CURRENT,coolit-synthetic-v2.0.0,ALL_SYNTHETIC_CUSTOMERS,ALL_SYNTHETIC_PROGRAMS,CFG-RM-04,SYNTHETIC_INTERNAL,SNP-COOLIT-20260925-BL,SCN-BASELINE,OPSCH-4-00038,SCH-V4,WO-0007,MESOP-00038,20,LINE-RM-01,2026-07-18T07:00:00-06:00,2026-07-18T17:00:00-06:00,38,RACK_MANIFOLD,20,1,true,true,true,FROZEN,SUPERSEDED
TEN-COOLIT-SYN-001,SITE-COOLIT-SYN-01,ERP,OPERATION_SCHEDULE,OPSCH-4-00039,MESOP-00039,RESOLVED,2026-09-25T23:59:59-06:00,2026-09-26T08:00:00-06:00,2026-06-29T00:00:00-06:00,,4,OPSCH-3-00039,false,ACTIVE,,,VALID,CURRENT,coolit-synthetic-v2.0.0,ALL_SYNTHETIC_CUSTOMERS,ALL_SYNTHETIC_PROGRAMS,CFG-RM-04,SYNTHETIC_INTERNAL,SNP-COOLIT-20260925-BL,SCN-BASELINE,OPSCH-4-00039,SCH-V4,WO-0007,MESOP-00039,30,TEST-LEAK-01,2026-07-19T07:00:00-06:00,2026-07-19T17:00:00-06:00,39,RACK_MANIFOLD,5,1,true,true,true,FROZEN,SUPERSEDED
TEN-COOLIT-SYN-001,SITE-COOLIT-SYN-01,ERP,OPERATION_SCHEDULE,OPSCH-4-00040,MESOP-00040,RESOLVED,2026-09-25T23:59:59-06:00,2026-09-26T08:00:00-06:00,2026-06-29T00:00:00-06:00,,4,OPSCH-3-00040,false,ACTIVE,,,VALID,CURRENT,coolit-synthetic-v2.0.0,ALL_SYNTHETIC_CUSTOMERS,ALL_SYNTHETIC_PROGRAMS,CFG-RM-04,SYNTHETIC_INTERNAL,SNP-COOLIT-20260925-BL,SCN-BASELINE,OPSCH-4-00040,SCH-V4,WO-0007,MESOP-00040,40,TEST-LEAK-01,2026-07-20T07:00:00-06:00,2026-07-20T17:00:00-06:00,40,RACK_MANIFOLD,5,2,true,true,true,FROZEN,SUPERSEDED
TEN-COOLIT-SYN-001,SITE-COOLIT-SYN-01,ERP,OPERATION_SCHEDULE,OPSCH-4-00041,MESOP-00041,RESOLVED,2026-09-25T23:59:59-06:00,2026-09-26T08:00:00-06:00,2026-06-29T00:00:00-06:00,,4,OPSCH-3-00041,false,ACTIVE,,,VALID,CURRENT,coolit-synthetic-v2.0.0,ALL_SYNTHETIC_CUSTOMERS,ALL_SYNTHETIC_PROGRAMS,CFG-RM-04,SYNTHETIC_INTERNAL,SNP-COOLIT-20260925-BL,SCN-BASELINE,OPSCH-4-00041,SCH-V4,WO-0007,MESOP-00041,50,TEST-FUNC-01,2026-07-21T07:00:00-06:00,2026-07-21T17:00:00-06:00,41,RACK_MANIFOLD,5,2,true,true,true,SLUSHY,SUPERSEDED
TEN-COOLIT-SYN-001,SITE-COOLIT-SYN-01,ERP,OPERATION_SCHEDULE,OPSCH-4-00042,MESOP-00042,RESOLVED,2026-09-25T23:59:59-06:00,2026-09-26T08:00:00-06:00,2026-06-29T00:00:00-06:00,,4,OPSCH-3-00042,false,ACTIVE,,,VALID,CURRENT,coolit-synthetic-v2.0.0,ALL_SYNTHETIC_CUSTOMERS,ALL_SYNTHETIC_PROGRAMS,CFG-RM-04,SYNTHETIC_INTERNAL,SNP-COOLIT-20260925-BL,SCN-BASELINE,OPSCH-4-00042,SCH-V4,WO-0007,MESOP-00042,60,LINE-RM-01,2026-07-22T07:00:00-06:00,2026-07-22T17:00:00-06:00,42,RACK_MANIFOLD,5,2,true,true,true,SLUSHY,SUPERSEDED
TEN-COOLIT-SYN-001,SITE-COOLIT-SYN-01,ERP,OPERATION_SCHEDULE,OPSCH-4-00043,MESOP-00043,RESOLVED,2026-09-25T23:59:59-06:00,2026-09-26T08:00:00-06:00,2026-06-29T00:00:00-06:00,,4,OPSCH-3-00043,false,ACTIVE,,,VALID,CURRENT,coolit-synthetic-v2.0.0,ALL_SYNTHETIC_CUSTOMERS,ALL_SYNTHETIC_PROGRAMS,CFG-CPL-03,SYNTHETIC_INTERNAL,SNP-COOLIT-20260925-BL,SCN-BASELINE,OPSCH-4-00043,SCH-V4,WO-0008,MESOP-00043,10,CELL-ROBOT-01,2026-07-20T07:00:00-06:00,2026-07-20T17:00:00-06:00,43,COLDPLATE_LOOP,5,1,true,true,true,SLUSHY,SUPERSEDED
TEN-COOLIT-SYN-001,SITE-COOLIT-SYN-01,ERP,OPERATION_SCHEDULE,OPSCH-4-00044,MESOP-00044,RESOLVED,2026-09-25T23:59:59-06:00,2026-09-26T08:00:00-06:00,2026-06-29T00:00:00-06:00,,4,OPSCH-3-00044,false,ACTIVE,,,VALID,CURRENT,coolit-synthetic-v2.0.0,ALL_SYNTHETIC_CUSTOMERS,ALL_SYNTHETIC_PROGRAMS,CFG-CPL-03,SYNTHETIC_INTERNAL,SNP-COOLIT-20260925-BL,SCN-BASELINE,OPSCH-4-00044,SCH-V4,WO-0008,MESOP-00044,20,LINE-CPL-01,2026-07-21T07:00:00-06:00,2026-07-21T17:00:00-06:00,44,COLDPLATE_LOOP,20,1,true,true,true,SLUSHY,SUPERSEDED
TEN-COOLIT-SYN-001,SITE-COOLIT-SYN-01,ERP,OPERATION_SCHEDULE,OPSCH-4-00045,MESOP-00045,RESOLVED,2026-09-25T23:59:59-06:00,2026-09-26T08:00:00-06:00,2026-06-29T00:00:00-06:00,,4,OPSCH-3-00045,false,ACTIVE,,,VALID,CURRENT,coolit-synthetic-v2.0.0,ALL_SYNTHETIC_CUSTOMERS,ALL_SYNTHETIC_PROGRAMS,CFG-CPL-03,SYNTHETIC_INTERNAL,SNP-COOLIT-20260925-BL,SCN-BASELINE,OPSCH-4-00045,SCH-V4,WO-0008,MESOP-00045,30,TEST-LEAK-01,2026-07-22T07:00:00-06:00,2026-07-22T17:00:00-06:00,45,COLDPLATE_LOOP,5,1,true,true,true,SLUSHY,SUPERSEDED
TEN-COOLIT-SYN-001,SITE-COOLIT-SYN-01,ERP,OPERATION_SCHEDULE,OPSCH-4-00046,MESOP-00046,RESOLVED,2026-09-25T23:59:59-06:00,2026-09-26T08:00:00-06:00,2026-06-29T00:00:00-06:00,,4,OPSCH-3-00046,false,ACTIVE,,,VALID,CURRENT,coolit-synthetic-v2.0.0,ALL_SYNTHETIC_CUSTOMERS,ALL_SYNTHETIC_PROGRAMS,CFG-CPL-03,SYNTHETIC_INTERNAL,SNP-COOLIT-20260925-BL,SCN-BASELINE,OPSCH-4-00046,SCH-V4,WO-0008,MESOP-00046,40,TEST-LEAK-01,2026-07-23T07:00:00-06:00,2026-07-23T17:00:00-06:00,46,COLDPLATE_LOOP,5,2,true,true,true,SLUSHY,SUPERSEDED
TEN-COOLIT-SYN-001,SITE-COOLIT-SYN-01,ERP,OPERATION_SCHEDULE,OPSCH-4-00047,MESOP-00047,RESOLVED,2026-09-25T23:59:59-06:00,2026-09-26T08:00:00-06:00,2026-06-29T00:00:00-06:00,,4,OPSCH-3-00047,false,ACTIVE,,,VALID,CURRENT,coolit-synthetic-v2.0.0,ALL_SYNTHETIC_CUSTOMERS,ALL_SYNTHETIC_PROGRAMS,CFG-CPL-03,SYNTHETIC_INTERNAL,SNP-COOLIT-20260925-BL,SCN-BASELINE,OPSCH-4-00047,SCH-V4,WO-0008,MESOP-00047,50,TEST-FUNC-01,2026-07-24T07:00:00-06:00,2026-07-24T17:00:00-06:00,47,COLDPLATE_LOOP,5,2,true,true,true,SLUSHY,SUPERSEDED
TEN-COOLIT-SYN-001,SITE-COOLIT-SYN-01,ERP,OPERATION_SCHEDULE,OPSCH-4-00048,MESOP-00048,RESOLVED,2026-09-25T23:59:59-06:00,2026-09-26T08:00:00-06:00,2026-06-29T00:00:00-06:00,,4,OPSCH-3-00048,false,ACTIVE,,,VALID,CURRENT,coolit-synthetic-v2.0.0,ALL_SYNTHETIC_CUSTOMERS,ALL_SYNTHETIC_PROGRAMS,CFG-CPL-03,SYNTHETIC_INTERNAL,SNP-COOLIT-20260925-BL,SCN-BASELINE,OPSCH-4-00048,SCH-V4,WO-0008,MESOP-00048,60,LINE-CPL-01,2026-07-25T07:00:00-06:00,2026-07-25T17:00:00-06:00,48,COLDPLATE_LOOP,5,2,true,true,true,SLUSHY,SUPERSEDED
TEN-COOLIT-SYN-001,SITE-COOLIT-SYN-01,ERP,OPERATION_SCHEDULE,OPSCH-4-00049,MESOP-00049,RESOLVED,2026-09-25T23:59:59-06:00,2026-09-26T08:00:00-06:00,2026-06-29T00:00:00-06:00,,4,OPSCH-3-00049,false,ACTIVE,,,VALID,CURRENT,coolit-synthetic-v2.0.0,ALL_SYNTHETIC_CUSTOMERS,ALL_SYNTHETIC_PROGRAMS,CFG-CDU-02,SYNTHETIC_INTERNAL,SNP-COOLIT-20260925-BL,SCN-BASELINE,OPSCH-4-00049,SCH-V4,WO-0009,MESOP-00049,10,CELL-ROBOT-01,2026-07-23T07:00:00-06:00,2026-07-23T17:00:00-06:00,49,COOLANT_DISTRIBUTION_UNIT,5,1,true,true,true,SLUSHY,SUPERSEDED
TEN-COOLIT-SYN-001,SITE-COOLIT-SYN-01,ERP,OPERATION_SCHEDULE,OPSCH-4-00050,MESOP-00050,RESOLVED,2026-09-25T23:59:59-06:00,2026-09-26T08:00:00-06:00,2026-06-29T00:00:00-06:00,,4,OPSCH-3-00050,false,ACTIVE,,,VALID,CURRENT,coolit-synthetic-v2.0.0,ALL_SYNTHETIC_CUSTOMERS,ALL_SYNTHETIC_PROGRAMS,CFG-CDU-02,SYNTHETIC_INTERNAL,SNP-COOLIT-20260925-BL,SCN-BASELINE,OPSCH-4-00050,SCH-V4,WO-0009,MESOP-00050,20,LINE-CDU-01,2026-07-24T07:00:00-06:00,2026-07-24T17:00:00-06:00,50,COOLANT_DISTRIBUTION_UNIT,20,1,true,true,true,SLUSHY,SUPERSEDED
TEN-COOLIT-SYN-001,SITE-COOLIT-SYN-01,ERP,OPERATION_SCHEDULE,OPSCH-4-00051,MESOP-00051,RESOLVED,2026-09-25T23:59:59-06:00,2026-09-26T08:00:00-06:00,2026-06-29T00:00:00-06:00,,4,OPSCH-3-00051,false,ACTIVE,,,VALID,CURRENT,coolit-synthetic-v2.0.0,ALL_SYNTHETIC_CUSTOMERS,ALL_SYNTHETIC_PROGRAMS,CFG-CDU-02,SYNTHETIC_INTERNAL,SNP-COOLIT-20260925-BL,SCN-BASELINE,OPSCH-4-00051,SCH-V4,WO-0009,MESOP-00051,30,TEST-LEAK-01,2026-07-25T07:00:00-06:00,2026-07-25T17:00:00-06:00,51,COOLANT_DISTRIBUTION_UNIT,5,1,true,true,true,SLUSHY,SUPERSEDED
TEN-COOLIT-SYN-001,SITE-COOLIT-SYN-01,ERP,OPERATION_SCHEDULE,OPSCH-4-00052,MESOP-00052,RESOLVED,2026-09-25T23:59:59-06:00,2026-09-26T08:00:00-06:00,2026-06-29T00:00:00-06:00,,4,OPSCH-3-00052,false,ACTIVE,,,VALID,CURRENT,coolit-synthetic-v2.0.0,ALL_SYNTHETIC_CUSTOMERS,ALL_SYNTHETIC_PROGRAMS,CFG-CDU-02,SYNTHETIC_INTERNAL,SNP-COOLIT-20260925-BL,SCN-BASELINE,OPSCH-4-00052,SCH-V4,WO-0009,MESOP-00052,40,TEST-LEAK-01,2026-07-26T07:00:00-06:00,2026-07-26T17:00:00-06:00,52,COOLANT_DISTRIBUTION_UNIT,5,2,true,true,true,SLUSHY,SUPERSEDED
TEN-COOLIT-SYN-001,SITE-COOLIT-SYN-01,ERP,OPERATION_SCHEDULE,OPSCH-4-00053,MESOP-00053,RESOLVED,2026-09-25T23:59:59-06:00,2026-09-26T08:00:00-06:00,2026-06-29T00:00:00-06:00,,4,OPSCH-3-00053,false,ACTIVE,,,VALID,CURRENT,coolit-synthetic-v2.0.0,ALL_SYNTHETIC_CUSTOMERS,ALL_SYNTHETIC_PROGRAMS,CFG-CDU-02,SYNTHETIC_INTERNAL,SNP-COOLIT-20260925-BL,SCN-BASELINE,OPSCH-4-00053,SCH-V4,WO-0009,MESOP-00053,50,TEST-FUNC-01,2026-07-27T07:00:00-06:00,2026-07-27T17:00:00-06:00,53,COOLANT_DISTRIBUTION_UNIT,5,2,true,true,true,SLUSHY,SUPERSEDED
TEN-COOLIT-SYN-001,SITE-COOLIT-SYN-01,ERP,OPERATION_SCHEDULE,OPSCH-4-00054,MESOP-00054,RESOLVED,2026-09-25T23:59:59-06:00,2026-09-26T08:00:00-06:00,2026-06-29T00:00:00-06:00,,4,OPSCH-3-00054,false,ACTIVE,,,VALID,CURRENT,coolit-synthetic-v2.0.0,ALL_SYNTHETIC_CUSTOMERS,ALL_SYNTHETIC_PROGRAMS,CFG-CDU-02,SYNTHETIC_INTERNAL,SNP-COOLIT-20260925-BL,SCN-BASELINE,OPSCH-4-00054,SCH-V4,WO-0009,MESOP-00054,60,LINE-CDU-01,2026-07-28T07:00:00-06:00,2026-07-28T17:00:00-06:00,54,COOLANT_DISTRIBUTION_UNIT,5,2,true,true,true,SLUSHY,SUPERSEDED
TEN-COOLIT-SYN-001,SITE-COOLIT-SYN-01,ERP,OPERATION_SCHEDULE,OPSCH-4-00055,MESOP-00055,RESOLVED,2026-09-25T23:59:59-06:00,2026-09-26T08:00:00-06:00,2026-06-29T00:00:00-06:00,,4,OPSCH-3-00055,false,ACTIVE,,,VALID,CURRENT,coolit-synthetic-v2.0.0,ALL_SYNTHETIC_CUSTOMERS,ALL_SYNTHETIC_PROGRAMS,CFG-RM-01,SYNTHETIC_INTERNAL,SNP-COOLIT-20260925-BL,SCN-BASELINE,OPSCH-4-00055,SCH-V4,WO-0010,MESOP-00055,10,CELL-ROBOT-01,2026-07-26T07:00:00-06:00,2026-07-26T17:00:00-06:00,55,RACK_MANIFOLD,5,1,true,true,true,SLUSHY,SUPERSEDED
TEN-COOLIT-SYN-001,SITE-COOLIT-SYN-01,ERP,OPERATION_SCHEDULE,OPSCH-4-00056,MESOP-00056,RESOLVED,2026-09-25T23:59:59-06:00,2026-09-26T08:00:00-06:00,2026-06-29T00:00:00-06:00,,4,OPSCH-3-00056,false,ACTIVE,,,VALID,CURRENT,coolit-synthetic-v2.0.0,ALL_SYNTHETIC_CUSTOMERS,ALL_SYNTHETIC_PROGRAMS,CFG-RM-01,SYNTHETIC_INTERNAL,SNP-COOLIT-20260925-BL,SCN-BASELINE,OPSCH-4-00056,SCH-V4,WO-0010,MESOP-00056,20,LINE-RM-01,2026-07-27T07:00:00-06:00,2026-07-27T17:00:00-06:00,56,RACK_MANIFOLD,20,1,true,true,true,SLUSHY,SUPERSEDED
TEN-COOLIT-SYN-001,SITE-COOLIT-SYN-01,ERP,OPERATION_SCHEDULE,OPSCH-4-00057,MESOP-00057,RESOLVED,2026-09-25T23:59:59-06:00,2026-09-26T08:00:00-06:00,2026-06-29T00:00:00-06:00,,4,OPSCH-3-00057,false,ACTIVE,,,VALID,CURRENT,coolit-synthetic-v2.0.0,ALL_SYNTHETIC_CUSTOMERS,ALL_SYNTHETIC_PROGRAMS,CFG-RM-01,SYNTHETIC_INTERNAL,SNP-COOLIT-20260925-BL,SCN-BASELINE,OPSCH-4-00057,SCH-V4,WO-0010,MESOP-00057,30,TEST-LEAK-01,2026-07-28T07:00:00-06:00,2026-07-28T17:00:00-06:00,57,RACK_MANIFOLD,5,1,true,true,true,SLUSHY,SUPERSEDED
TEN-COOLIT-SYN-001,SITE-COOLIT-SYN-01,ERP,OPERATION_SCHEDULE,OPSCH-4-00058,MESOP-00058,RESOLVED,2026-09-25T23:59:59-06:00,2026-09-26T08:00:00-06:00,2026-06-29T00:00:00-06:00,,4,OPSCH-3-00058,false,ACTIVE,,,VALID,CURRENT,coolit-synthetic-v2.0.0,ALL_SYNTHETIC_CUSTOMERS,ALL_SYNTHETIC_PROGRAMS,CFG-RM-01,SYNTHETIC_INTERNAL,SNP-COOLIT-20260925-BL,SCN-BASELINE,OPSCH-4-00058,SCH-V4,WO-0010,MESOP-00058,40,TEST-LEAK-01,2026-07-29T07:00:00-06:00,2026-07-29T17:00:00-06:00,58,RACK_MANIFOLD,5,2,true,true,true,SLUSHY,SUPERSEDED
TEN-COOLIT-SYN-001,SITE-COOLIT-SYN-01,ERP,OPERATION_SCHEDULE,OPSCH-4-00059,MESOP-00059,RESOLVED,2026-09-25T23:59:59-06:00,2026-09-26T08:00:00-06:00,2026-06-29T00:00:00-06:00,,4,OPSCH-3-00059,false,ACTIVE,,,VALID,CURRENT,coolit-synthetic-v2.0.0,ALL_SYNTHETIC_CUSTOMERS,ALL_SYNTHETIC_PROGRAMS,CFG-RM-01,SYNTHETIC_INTERNAL,SNP-COOLIT-20260925-BL,SCN-BASELINE,OPSCH-4-00059,SCH-V4,WO-0010,MESOP-00059,50,TEST-FUNC-01,2026-07-30T07:00:00-06:00,2026-07-30T17:00:00-06:00,59,RACK_MANIFOLD,5,2,false,true,true,SLUSHY,SUPERSEDED
TEN-COOLIT-SYN-001,SITE-COOLIT-SYN-01,ERP,OPERATION_SCHEDULE,OPSCH-4-00060,MESOP-00060,RESOLVED,2026-09-25T23:59:59-06:00,2026-09-26T08:00:00-06:00,2026-06-29T00:00:00-06:00,,4,OPSCH-3-00060,false,ACTIVE,,,VALID,CURRENT,coolit-synthetic-v2.0.0,ALL_SYNTHETIC_CUSTOMERS,ALL_SYNTHETIC_PROGRAMS,CFG-RM-01,SYNTHETIC_INTERNAL,SNP-COOLIT-20260925-BL,SCN-BASELINE,OPSCH-4-00060,SCH-V4,WO-0010,MESOP-00060,60,LINE-RM-01,2026-07-31T07:00:00-06:00,2026-07-31T17:00:00-06:00,60,RACK_MANIFOLD,5,2,true,true,true,SLUSHY,SUPERSEDED
TEN-COOLIT-SYN-001,SITE-COOLIT-SYN-01,ERP,OPERATION_SCHEDULE,OPSCH-4-00061,MESOP-00061,RESOLVED,2026-09-25T23:59:59-06:00,2026-09-26T08:00:00-06:00,2026-06-29T00:00:00-06:00,,4,OPSCH-3-00061,false,ACTIVE,,,VALID,CURRENT,coolit-synthetic-v2.0.0,ALL_SYNTHETIC_CUSTOMERS,ALL_SYNTHETIC_PROGRAMS,CFG-CDU-04,SYNTHETIC_INTERNAL,SNP-COOLIT-20260925-BL,SCN-BASELINE,OPSCH-4-00061,SCH-V4,WO-0011,MESOP-00061,10,CELL-ROBOT-01,2026-07-29T07:00:00-06:00,2026-07-29T17:00:00-06:00,61,COOLANT_DISTRIBUTION_UNIT,5,1,true,true,true,SLUSHY,SUPERSEDED
TEN-COOLIT-SYN-001,SITE-COOLIT-SYN-01,ERP,OPERATION_SCHEDULE,OPSCH-4-00062,MESOP-00062,RESOLVED,2026-09-25T23:59:59-06:00,2026-09-26T08:00:00-06:00,2026-06-29T00:00:00-06:00,,4,OPSCH-3-00062,false,ACTIVE,,,VALID,CURRENT,coolit-synthetic-v2.0.0,ALL_SYNTHETIC_CUSTOMERS,ALL_SYNTHETIC_PROGRAMS,CFG-CDU-04,SYNTHETIC_INTERNAL,SNP-COOLIT-20260925-BL,SCN-BASELINE,OPSCH-4-00062,SCH-V4,WO-0011,MESOP-00062,20,LINE-CDU-01,2026-07-30T07:00:00-06:00,2026-07-30T17:00:00-06:00,62,COOLANT_DISTRIBUTION_UNIT,20,1,true,true,true,SLUSHY,SUPERSEDED
TEN-COOLIT-SYN-001,SITE-COOLIT-SYN-01,ERP,OPERATION_SCHEDULE,OPSCH-4-00063,MESOP-00063,RESOLVED,2026-09-25T23:59:59-06:00,2026-09-26T08:00:00-06:00,2026-06-29T00:00:00-06:00,,4,OPSCH-3-00063,false,ACTIVE,,,VALID,CURRENT,coolit-synthetic-v2.0.0,ALL_SYNTHETIC_CUSTOMERS,ALL_SYNTHETIC_PROGRAMS,CFG-CDU-04,SYNTHETIC_INTERNAL,SNP-COOLIT-20260925-BL,SCN-BASELINE,OPSCH-4-00063,SCH-V4,WO-0011,MESOP-00063,30,TEST-LEAK-01,2026-07-31T07:00:00-06:00,2026-07-31T17:00:00-06:00,63,COOLANT_DISTRIBUTION_UNIT,5,1,true,false,true,SLUSHY,SUPERSEDED
TEN-COOLIT-SYN-001,SITE-COOLIT-SYN-01,ERP,OPERATION_SCHEDULE,OPSCH-4-00064,MESOP-00064,RESOLVED,2026-09-25T23:59:59-06:00,2026-09-26T08:00:00-06:00,2026-06-29T00:00:00-06:00,,4,OPSCH-3-00064,false,ACTIVE,,,VALID,CURRENT,coolit-synthetic-v2.0.0,ALL_SYNTHETIC_CUSTOMERS,ALL_SYNTHETIC_PROGRAMS,CFG-CDU-04,SYNTHETIC_INTERNAL,SNP-COOLIT-20260925-BL,SCN-BASELINE,OPSCH-4-00064,SCH-V4,WO-0011,MESOP-00064,40,TEST-LEAK-01,2026-08-01T07:00:00-06:00,2026-08-01T17:00:00-06:00,64,COOLANT_DISTRIBUTION_UNIT,5,2,true,true,true,SLUSHY,SUPERSEDED
TEN-COOLIT-SYN-001,SITE-COOLIT-SYN-01,ERP,OPERATION_SCHEDULE,OPSCH-4-00065,MESOP-00065,RESOLVED,2026-09-25T23:59:59-06:00,2026-09-26T08:00:00-06:00,2026-06-29T00:00:00-06:00,,4,OPSCH-3-00065,false,ACTIVE,,,VALID,CURRENT,coolit-synthetic-v2.0.0,ALL_SYNTHETIC_CUSTOMERS,ALL_SYNTHETIC_PROGRAMS,CFG-CDU-04,SYNTHETIC_INTERNAL,SNP-COOLIT-20260925-BL,SCN-BASELINE,OPSCH-4-00065,SCH-V4,WO-0011,MESOP-00065,50,TEST-FUNC-01,2026-08-02T07:00:00-06:00,2026-08-02T17:00:00-06:00,65,COOLANT_DISTRIBUTION_UNIT,5,2,true,true,true,SLUSHY,SUPERSEDED
TEN-COOLIT-SYN-001,SITE-COOLIT-SYN-01,ERP,OPERATION_SCHEDULE,OPSCH-4-00066,MESOP-00066,RESOLVED,2026-09-25T23:59:59-06:00,2026-09-26T08:00:00-06:00,2026-06-29T00:00:00-06:00,,4,OPSCH-3-00066,false,ACTIVE,,,VALID,CURRENT,coolit-synthetic-v2.0.0,ALL_SYNTHETIC_CUSTOMERS,ALL_SYNTHETIC_PROGRAMS,CFG-CDU-04,SYNTHETIC_INTERNAL,SNP-COOLIT-20260925-BL,SCN-BASELINE,OPSCH-4-00066,SCH-V4,WO-0011,MESOP-00066,60,LINE-CDU-01,2026-08-03T07:00:00-06:00,2026-08-03T17:00:00-06:00,66,COOLANT_DISTRIBUTION_UNIT,5,2,true,true,true,SLUSHY,SUPERSEDED
TEN-COOLIT-SYN-001,SITE-COOLIT-SYN-01,ERP,OPERATION_SCHEDULE,OPSCH-4-00067,MESOP-00067,RESOLVED,2026-09-25T23:59:59-06:00,2026-09-26T08:00:00-06:00,2026-06-29T00:00:00-06:00,,4,OPSCH-3-00067,false,ACTIVE,,,VALID,CURRENT,coolit-synthetic-v2.0.0,ALL_SYNTHETIC_CUSTOMERS,ALL_SYNTHETIC_PROGRAMS,CFG-RM-03,SYNTHETIC_INTERNAL,SNP-COOLIT-20260925-BL,SCN-BASELINE,OPSCH-4-00067,SCH-V4,WO-0012,MESOP-00067,10,CELL-ROBOT-01,2026-08-01T07:00:00-06:00,2026-08-01T17:00:00-06:00,67,RACK_MANIFOLD,5,1,true,true,true,SLUSHY,SUPERSEDED
TEN-COOLIT-SYN-001,SITE-COOLIT-SYN-01,ERP,OPERATION_SCHEDULE,OPSCH-4-00068,MESOP-00068,RESOLVED,2026-09-25T23:59:59-06:00,2026-09-26T08:00:00-06:00,2026-06-29T00:00:00-06:00,,4,OPSCH-3-00068,false,ACTIVE,,,VALID,CURRENT,coolit-synthetic-v2.0.0,ALL_SYNTHETIC_CUSTOMERS,ALL_SYNTHETIC_PROGRAMS,CFG-RM-03,SYNTHETIC_INTERNAL,SNP-COOLIT-20260925-BL,SCN-BASELINE,OPSCH-4-00068,SCH-V4,WO-0012,MESOP-00068,20,LINE-RM-01,2026-08-02T07:00:00-06:00,2026-08-02T17:00:00-06:00,68,RACK_MANIFOLD,20,1,true,true,true,SLUSHY,SUPERSEDED
TEN-COOLIT-SYN-001,SITE-COOLIT-SYN-01,ERP,OPERATION_SCHEDULE,OPSCH-4-00069,MESOP-00069,RESOLVED,2026-09-25T23:59:59-06:00,2026-09-26T08:00:00-06:00,2026-06-29T00:00:00-06:00,,4,OPSCH-3-00069,false,ACTIVE,,,VALID,CURRENT,coolit-synthetic-v2.0.0,ALL_SYNTHETIC_CUSTOMERS,ALL_SYNTHETIC_PROGRAMS,CFG-RM-03,SYNTHETIC_INTERNAL,SNP-COOLIT-20260925-BL,SCN-BASELINE,OPSCH-4-00069,SCH-V4,WO-0012,MESOP-00069,30,TEST-LEAK-01,2026-08-03T07:00:00-06:00,2026-08-03T17:00:00-06:00,69,RACK_MANIFOLD,5,1,true,true,true,SLUSHY,SUPERSEDED
TEN-COOLIT-SYN-001,SITE-COOLIT-SYN-01,ERP,OPERATION_SCHEDULE,OPSCH-4-00070,MESOP-00070,RESOLVED,2026-09-25T23:59:59-06:00,2026-09-26T08:00:00-06:00,2026-06-29T00:00:00-06:00,,4,OPSCH-3-00070,false,ACTIVE,,,VALID,CURRENT,coolit-synthetic-v2.0.0,ALL_SYNTHETIC_CUSTOMERS,ALL_SYNTHETIC_PROGRAMS,CFG-RM-03,SYNTHETIC_INTERNAL,SNP-COOLIT-20260925-BL,SCN-BASELINE,OPSCH-4-00070,SCH-V4,WO-0012,MESOP-00070,40,TEST-LEAK-01,2026-08-04T07:00:00-06:00,2026-08-04T17:00:00-06:00,70,RACK_MANIFOLD,5,2,true,true,true,SLUSHY,SUPERSEDED
TEN-COOLIT-SYN-001,SITE-COOLIT-SYN-01,ERP,OPERATION_SCHEDULE,OPSCH-4-00071,MESOP-00071,RESOLVED,2026-09-25T23:59:59-06:00,2026-09-26T08:00:00-06:00,2026-06-29T00:00:00-06:00,,4,OPSCH-3-00071,false,ACTIVE,,,VALID,CURRENT,coolit-synthetic-v2.0.0,ALL_SYNTHETIC_CUSTOMERS,ALL_SYNTHETIC_PROGRAMS,CFG-RM-03,SYNTHETIC_INTERNAL,SNP-COOLIT-20260925-BL,SCN-BASELINE,OPSCH-4-00071,SCH-V4,WO-0012,MESOP-00071,50,TEST-FUNC-01,2026-08-05T07:00:00-06:00,2026-08-05T17:00:00-06:00,71,RACK_MANIFOLD,5,2,true,true,true,SLUSHY,SUPERSEDED
TEN-COOLIT-SYN-001,SITE-COOLIT-SYN-01,ERP,OPERATION_SCHEDULE,OPSCH-4-00072,MESOP-00072,RESOLVED,2026-09-25T23:59:59-06:00,2026-09-26T08:00:00-06:00,2026-06-29T00:00:00-06:00,,4,OPSCH-3-00072,false,ACTIVE,,,VALID,CURRENT,coolit-synthetic-v2.0.0,ALL_SYNTHETIC_CUSTOMERS,ALL_SYNTHETIC_PROGRAMS,CFG-RM-03,SYNTHETIC_INTERNAL,SNP-COOLIT-20260925-BL,SCN-BASELINE,OPSCH-4-00072,SCH-V4,WO-0012,MESOP-00072,60,LINE-RM-01,2026-08-06T07:00:00-06:00,2026-08-06T17:00:00-06:00,72,RACK_MANIFOLD,5,2,true,true,true,SLUSHY,SUPERSEDED
TEN-COOLIT-SYN-001,SITE-COOLIT-SYN-01,ERP,OPERATION_SCHEDULE,OPSCH-4-00073,MESOP-00073,RESOLVED,2026-09-25T23:59:59-06:00,2026-09-26T08:00:00-06:00,2026-06-29T00:00:00-06:00,,4,OPSCH-3-00073,false,ACTIVE,,,VALID,CURRENT,coolit-synthetic-v2.0.0,ALL_SYNTHETIC_CUSTOMERS,ALL_SYNTHETIC_PROGRAMS,CFG-CPL-02,SYNTHETIC_INTERNAL,SNP-COOLIT-20260925-BL,SCN-BASELINE,OPSCH-4-00073,SCH-V4,WO-0013,MESOP-00073,10,CELL-ROBOT-01,2026-08-04T07:00:00-06:00,2026-08-04T17:00:00-06:00,73,COLDPLATE_LOOP,5,1,true,true,true,SLUSHY,SUPERSEDED
TEN-COOLIT-SYN-001,SITE-COOLIT-SYN-01,ERP,OPERATION_SCHEDULE,OPSCH-4-00074,MESOP-00074,RESOLVED,2026-09-25T23:59:59-06:00,2026-09-26T08:00:00-06:00,2026-06-29T00:00:00-06:00,,4,OPSCH-3-00074,false,ACTIVE,,,VALID,CURRENT,coolit-synthetic-v2.0.0,ALL_SYNTHETIC_CUSTOMERS,ALL_SYNTHETIC_PROGRAMS,CFG-CPL-02,SYNTHETIC_INTERNAL,SNP-COOLIT-20260925-BL,SCN-BASELINE,OPSCH-4-00074,SCH-V4,WO-0013,MESOP-00074,20,LINE-CPL-01,2026-08-05T07:00:00-06:00,2026-08-05T17:00:00-06:00,74,COLDPLATE_LOOP,20,1,true,true,true,SLUSHY,SUPERSEDED
TEN-COOLIT-SYN-001,SITE-COOLIT-SYN-01,ERP,OPERATION_SCHEDULE,OPSCH-4-00075,MESOP-00075,RESOLVED,2026-09-25T23:59:59-06:00,2026-09-26T08:00:00-06:00,2026-06-29T00:00:00-06:00,,4,OPSCH-3-00075,false,ACTIVE,,,VALID,CURRENT,coolit-synthetic-v2.0.0,ALL_SYNTHETIC_CUSTOMERS,ALL_SYNTHETIC_PROGRAMS,CFG-CPL-02,SYNTHETIC_INTERNAL,SNP-COOLIT-20260925-BL,SCN-BASELINE,OPSCH-4-00075,SCH-V4,WO-0013,MESOP-00075,30,TEST-LEAK-01,2026-08-06T07:00:00-06:00,2026-08-06T17:00:00-06:00,75,COLDPLATE_LOOP,5,1,true,true,true,SLUSHY,SUPERSEDED
TEN-COOLIT-SYN-001,SITE-COOLIT-SYN-01,ERP,OPERATION_SCHEDULE,OPSCH-4-00076,MESOP-00076,RESOLVED,2026-09-25T23:59:59-06:00,2026-09-26T08:00:00-06:00,2026-06-29T00:00:00-06:00,,4,OPSCH-3-00076,false,ACTIVE,,,VALID,CURRENT,coolit-synthetic-v2.0.0,ALL_SYNTHETIC_CUSTOMERS,ALL_SYNTHETIC_PROGRAMS,CFG-CPL-02,SYNTHETIC_INTERNAL,SNP-COOLIT-20260925-BL,SCN-BASELINE,OPSCH-4-00076,SCH-V4,WO-0013,MESOP-00076,40,TEST-LEAK-01,2026-08-07T07:00:00-06:00,2026-08-07T17:00:00-06:00,76,COLDPLATE_LOOP,5,2,true,true,true,SLUSHY,SUPERSEDED
TEN-COOLIT-SYN-001,SITE-COOLIT-SYN-01,ERP,OPERATION_SCHEDULE,OPSCH-4-00077,MESOP-00077,RESOLVED,2026-09-25T23:59:59-06:00,2026-09-26T08:00:00-06:00,2026-06-29T00:00:00-06:00,,4,OPSCH-3-00077,false,ACTIVE,,,VALID,CURRENT,coolit-synthetic-v2.0.0,ALL_SYNTHETIC_CUSTOMERS,ALL_SYNTHETIC_PROGRAMS,CFG-CPL-02,SYNTHETIC_INTERNAL,SNP-COOLIT-20260925-BL,SCN-BASELINE,OPSCH-4-00077,SCH-V4,WO-0013,MESOP-00077,50,TEST-FUNC-01,2026-08-08T07:00:00-06:00,2026-08-08T17:00:00-06:00,77,COLDPLATE_LOOP,5,2,true,true,true,SLUSHY,SUPERSEDED
TEN-COOLIT-SYN-001,SITE-COOLIT-SYN-01,ERP,OPERATION_SCHEDULE,OPSCH-4-00078,MESOP-00078,RESOLVED,2026-09-25T23:59:59-06:00,2026-09-26T08:00:00-06:00,2026-06-29T00:00:00-06:00,,4,OPSCH-3-00078,false,ACTIVE,,,VALID,CURRENT,coolit-synthetic-v2.0.0,ALL_SYNTHETIC_CUSTOMERS,ALL_SYNTHETIC_PROGRAMS,CFG-CPL-02,SYNTHETIC_INTERNAL,SNP-COOLIT-20260925-BL,SCN-BASELINE,OPSCH-4-00078,SCH-V4,WO-0013,MESOP-00078,60,LINE-CPL-01,2026-08-09T07:00:00-06:00,2026-08-09T17:00:00-06:00,78,COLDPLATE_LOOP,5,2,true,true,true,SLUSHY,SUPERSEDED
TEN-COOLIT-SYN-001,SITE-COOLIT-SYN-01,ERP,OPERATION_SCHEDULE,OPSCH-4-00079,MESOP-00079,RESOLVED,2026-09-25T23:59:59-06:00,2026-09-26T08:00:00-06:00,2026-06-29T00:00:00-06:00,,4,OPSCH-3-00079,false,ACTIVE,,,VALID,CURRENT,coolit-synthetic-v2.0.0,ALL_SYNTHETIC_CUSTOMERS,ALL_SYNTHETIC_PROGRAMS,CFG-CDU-01,SYNTHETIC_INTERNAL,SNP-COOLIT-20260925-BL,SCN-BASELINE,OPSCH-4-00079,SCH-V4,WO-0014,MESOP-00079,10,CELL-ROBOT-01,2026-08-07T07:00:00-06:00,2026-08-07T17:00:00-06:00,79,COOLANT_DISTRIBUTION_UNIT,5,1,true,true,true,SLUSHY,SUPERSEDED
TEN-COOLIT-SYN-001,SITE-COOLIT-SYN-01,ERP,OPERATION_SCHEDULE,OPSCH-4-00080,MESOP-00080,RESOLVED,2026-09-25T23:59:59-06:00,2026-09-26T08:00:00-06:00,2026-06-29T00:00:00-06:00,,4,OPSCH-3-00080,false,ACTIVE,,,VALID,CURRENT,coolit-synthetic-v2.0.0,ALL_SYNTHETIC_CUSTOMERS,ALL_SYNTHETIC_PROGRAMS,CFG-CDU-01,SYNTHETIC_INTERNAL,SNP-COOLIT-20260925-BL,SCN-BASELINE,OPSCH-4-00080,SCH-V4,WO-0014,MESOP-00080,20,LINE-CDU-01,2026-08-08T07:00:00-06:00,2026-08-08T17:00:00-06:00,80,COOLANT_DISTRIBUTION_UNIT,20,1,true,true,true,SLUSHY,SUPERSEDED
TEN-COOLIT-SYN-001,SITE-COOLIT-SYN-01,ERP,OPERATION_SCHEDULE,OPSCH-4-00081,MESOP-00081,RESOLVED,2026-09-25T23:59:59-06:00,2026-09-26T08:00:00-06:00,2026-06-29T00:00:00-06:00,,4,OPSCH-3-00081,false,ACTIVE,,,VALID,CURRENT,coolit-synthetic-v2.0.0,ALL_SYNTHETIC_CUSTOMERS,ALL_SYNTHETIC_PROGRAMS,CFG-CDU-01,SYNTHETIC_INTERNAL,SNP-COOLIT-20260925-BL,SCN-BASELINE,OPSCH-4-00081,SCH-V4,WO-0014,MESOP-00081,30,TEST-LEAK-01,2026-08-09T07:00:00-06:00,2026-08-09T17:00:00-06:00,81,COOLANT_DISTRIBUTION_UNIT,5,1,true,true,true,SLUSHY,SUPERSEDED
TEN-COOLIT-SYN-001,SITE-COOLIT-SYN-01,ERP,OPERATION_SCHEDULE,OPSCH-4-00082,MESOP-00082,RESOLVED,2026-09-25T23:59:59-06:00,2026-09-26T08:00:00-06:00,2026-06-29T00:00:00-06:00,,4,OPSCH-3-00082,false,ACTIVE,,,VALID,CURRENT,coolit-synthetic-v2.0.0,ALL_SYNTHETIC_CUSTOMERS,ALL_SYNTHETIC_PROGRAMS,CFG-CDU-01,SYNTHETIC_INTERNAL,SNP-COOLIT-20260925-BL,SCN-BASELINE,OPSCH-4-00082,SCH-V4,WO-0014,MESOP-00082,40,TEST-LEAK-01,2026-08-10T07:00:00-06:00,2026-08-10T17:00:00-06:00,82,COOLANT_DISTRIBUTION_UNIT,5,2,true,true,true,SLUSHY,SUPERSEDED
TEN-COOLIT-SYN-001,SITE-COOLIT-SYN-01,ERP,OPERATION_SCHEDULE,OPSCH-4-00083,MESOP-00083,RESOLVED,2026-09-25T23:59:59-06:00,2026-09-26T08:00:00-06:00,2026-06-29T00:00:00-06:00,,4,OPSCH-3-00083,false,ACTIVE,,,VALID,CURRENT,coolit-synthetic-v2.0.0,ALL_SYNTHETIC_CUSTOMERS,ALL_SYNTHETIC_PROGRAMS,CFG-CDU-01,SYNTHETIC_INTERNAL,SNP-COOLIT-20260925-BL,SCN-BASELINE,OPSCH-4-00083,SCH-V4,WO-0014,MESOP-00083,50,TEST-FUNC-01,2026-08-11T07:00:00-06:00,2026-08-11T17:00:00-06:00,83,COOLANT_DISTRIBUTION_UNIT,5,2,true,true,true,SLUSHY,SUPERSEDED
TEN-COOLIT-SYN-001,SITE-COOLIT-SYN-01,ERP,OPERATION_SCHEDULE,OPSCH-4-00084,MESOP-00084,RESOLVED,2026-09-25T23:59:59-06:00,2026-09-26T08:00:00-06:00,2026-06-29T00:00:00-06:00,,4,OPSCH-3-00084,false,ACTIVE,,,VALID,CURRENT,coolit-synthetic-v2.0.0,ALL_SYNTHETIC_CUSTOMERS,ALL_SYNTHETIC_PROGRAMS,CFG-CDU-01,SYNTHETIC_INTERNAL,SNP-COOLIT-20260925-BL,SCN-BASELINE,OPSCH-4-00084,SCH-V4,WO-0014,MESOP-00084,60,LINE-CDU-01,2026-08-12T07:00:00-06:00,2026-08-12T17:00:00-06:00,84,COOLANT_DISTRIBUTION_UNIT,5,2,true,true,true,SLUSHY,SUPERSEDED
TEN-COOLIT-SYN-001,SITE-COOLIT-SYN-01,ERP,OPERATION_SCHEDULE,OPSCH-4-00085,MESOP-00085,RESOLVED,2026-09-25T23:59:59-06:00,2026-09-26T08:00:00-06:00,2026-06-29T00:00:00-06:00,,4,OPSCH-3-00085,false,ACTIVE,,,VALID,CURRENT,coolit-synthetic-v2.0.0,ALL_SYNTHETIC_CUSTOMERS,ALL_SYNTHETIC_PROGRAMS,CFG-CPL-04,SYNTHETIC_INTERNAL,SNP-COOLIT-20260925-BL,SCN-BASELINE,OPSCH-4-00085,SCH-V4,WO-0015,MESOP-00085,10,CELL-ROBOT-01,2026-08-10T07:00:00-06:00,2026-08-10T17:00:00-06:00,85,COLDPLATE_LOOP,5,1,true,true,true,SLUSHY,SUPERSEDED
TEN-COOLIT-SYN-001,SITE-COOLIT-SYN-01,ERP,OPERATION_SCHEDULE,OPSCH-4-00086,MESOP-00086,RESOLVED,2026-09-25T23:59:59-06:00,2026-09-26T08:00:00-06:00,2026-06-29T00:00:00-06:00,,4,OPSCH-3-00086,false,ACTIVE,,,VALID,CURRENT,coolit-synthetic-v2.0.0,ALL_SYNTHETIC_CUSTOMERS,ALL_SYNTHETIC_PROGRAMS,CFG-CPL-04,SYNTHETIC_INTERNAL,SNP-COOLIT-20260925-BL,SCN-BASELINE,OPSCH-4-00086,SCH-V4,WO-0015,MESOP-00086,20,LINE-CPL-01,2026-08-11T07:00:00-06:00,2026-08-11T17:00:00-06:00,86,COLDPLATE_LOOP,20,1,true,true,true,SLUSHY,SUPERSEDED
TEN-COOLIT-SYN-001,SITE-COOLIT-SYN-01,ERP,OPERATION_SCHEDULE,OPSCH-4-00087,MESOP-00087,RESOLVED,2026-09-25T23:59:59-06:00,2026-09-26T08:00:00-06:00,2026-06-29T00:00:00-06:00,,4,OPSCH-3-00087,false,ACTIVE,,,VALID,CURRENT,coolit-synthetic-v2.0.0,ALL_SYNTHETIC_CUSTOMERS,ALL_SYNTHETIC_PROGRAMS,CFG-CPL-04,SYNTHETIC_INTERNAL,SNP-COOLIT-20260925-BL,SCN-BASELINE,OPSCH-4-00087,SCH-V4,WO-0015,MESOP-00087,30,TEST-LEAK-01,2026-08-12T07:00:00-06:00,2026-08-12T17:00:00-06:00,87,COLDPLATE_LOOP,5,1,true,true,true,SLUSHY,SUPERSEDED
TEN-COOLIT-SYN-001,SITE-COOLIT-SYN-01,ERP,OPERATION_SCHEDULE,OPSCH-4-00088,MESOP-00088,RESOLVED,2026-09-25T23:59:59-06:00,2026-09-26T08:00:00-06:00,2026-06-29T00:00:00-06:00,,4,OPSCH-3-00088,false,ACTIVE,,,VALID,CURRENT,coolit-synthetic-v2.0.0,ALL_SYNTHETIC_CUSTOMERS,ALL_SYNTHETIC_PROGRAMS,CFG-CPL-04,SYNTHETIC_INTERNAL,SNP-COOLIT-20260925-BL,SCN-BASELINE,OPSCH-4-00088,SCH-V4,WO-0015,MESOP-00088,40,TEST-LEAK-01,2026-08-13T07:00:00-06:00,2026-08-13T17:00:00-06:00,88,COLDPLATE_LOOP,5,2,false,true,true,SLUSHY,SUPERSEDED
TEN-COOLIT-SYN-001,SITE-COOLIT-SYN-01,ERP,OPERATION_SCHEDULE,OPSCH-4-00089,MESOP-00089,RESOLVED,2026-09-25T23:59:59-06:00,2026-09-26T08:00:00-06:00,2026-06-29T00:00:00-06:00,,4,OPSCH-3-00089,false,ACTIVE,,,VALID,CURRENT,coolit-synthetic-v2.0.0,ALL_SYNTHETIC_CUSTOMERS,ALL_SYNTHETIC_PROGRAMS,CFG-CPL-04,SYNTHETIC_INTERNAL,SNP-COOLIT-20260925-BL,SCN-BASELINE,OPSCH-4-00089,SCH-V4,WO-0015,MESOP-00089,50,TEST-FUNC-01,2026-08-14T07:00:00-06:00,2026-08-14T17:00:00-06:00,89,COLDPLATE_LOOP,5,2,true,true,true,SLUSHY,SUPERSEDED
TEN-COOLIT-SYN-001,SITE-COOLIT-SYN-01,ERP,OPERATION_SCHEDULE,OPSCH-4-00090,MESOP-00090,RESOLVED,2026-09-25T23:59:59-06:00,2026-09-26T08:00:00-06:00,2026-06-29T00:00:00-06:00,,4,OPSCH-3-00090,false,ACTIVE,,,VALID,CURRENT,coolit-synthetic-v2.0.0,ALL_SYNTHETIC_CUSTOMERS,ALL_SYNTHETIC_PROGRAMS,CFG-CPL-04,SYNTHETIC_INTERNAL,SNP-COOLIT-20260925-BL,SCN-BASELINE,OPSCH-4-00090,SCH-V4,WO-0015,MESOP-00090,60,LINE-CPL-01,2026-08-15T07:00:00-06:00,2026-08-15T17:00:00-06:00,90,COLDPLATE_LOOP,5,2,true,true,true,SLUSHY,SUPERSEDED
TEN-COOLIT-SYN-001,SITE-COOLIT-SYN-01,ERP,OPERATION_SCHEDULE,OPSCH-4-00091,MESOP-00091,RESOLVED,2026-09-25T23:59:59-06:00,2026-09-26T08:00:00-06:00,2026-06-29T00:00:00-06:00,,4,OPSCH-3-00091,false,ACTIVE,,,VALID,CURRENT,coolit-synthetic-v2.0.0,ALL_SYNTHETIC_CUSTOMERS,ALL_SYNTHETIC_PROGRAMS,CFG-CDU-03,SYNTHETIC_INTERNAL,SNP-COOLIT-20260925-BL,SCN-BASELINE,OPSCH-4-00091,SCH-V4,WO-0016,MESOP-00091,10,CELL-ROBOT-01,2026-08-13T07:00:00-06:00,2026-08-13T17:00:00-06:00,91,COOLANT_DISTRIBUTION_UNIT,5,1,true,true,true,SLUSHY,SUPERSEDED
TEN-COOLIT-SYN-001,SITE-COOLIT-SYN-01,ERP,OPERATION_SCHEDULE,OPSCH-4-00092,MESOP-00092,RESOLVED,2026-09-25T23:59:59-06:00,2026-09-26T08:00:00-06:00,2026-06-29T00:00:00-06:00,,4,OPSCH-3-00092,false,ACTIVE,,,VALID,CURRENT,coolit-synthetic-v2.0.0,ALL_SYNTHETIC_CUSTOMERS,ALL_SYNTHETIC_PROGRAMS,CFG-CDU-03,SYNTHETIC_INTERNAL,SNP-COOLIT-20260925-BL,SCN-BASELINE,OPSCH-4-00092,SCH-V4,WO-0016,MESOP-00092,20,LINE-CDU-01,2026-08-14T07:00:00-06:00,2026-08-14T17:00:00-06:00,92,COOLANT_DISTRIBUTION_UNIT,20,1,true,true,true,SLUSHY,SUPERSEDED
TEN-COOLIT-SYN-001,SITE-COOLIT-SYN-01,ERP,OPERATION_SCHEDULE,OPSCH-4-00093,MESOP-00093,RESOLVED,2026-09-25T23:59:59-06:00,2026-09-26T08:00:00-06:00,2026-06-29T00:00:00-06:00,,4,OPSCH-3-00093,false,ACTIVE,,,VALID,CURRENT,coolit-synthetic-v2.0.0,ALL_SYNTHETIC_CUSTOMERS,ALL_SYNTHETIC_PROGRAMS,CFG-CDU-03,SYNTHETIC_INTERNAL,SNP-COOLIT-20260925-BL,SCN-BASELINE,OPSCH-4-00093,SCH-V4,WO-0016,MESOP-00093,30,TEST-LEAK-01,2026-08-15T07:00:00-06:00,2026-08-15T17:00:00-06:00,93,COOLANT_DISTRIBUTION_UNIT,5,1,true,true,true,SLUSHY,SUPERSEDED
TEN-COOLIT-SYN-001,SITE-COOLIT-SYN-01,ERP,OPERATION_SCHEDULE,OPSCH-4-00094,MESOP-00094,RESOLVED,2026-09-25T23:59:59-06:00,2026-09-26T08:00:00-06:00,2026-06-29T00:00:00-06:00,,4,OPSCH-3-00094,false,ACTIVE,,,VALID,CURRENT,coolit-synthetic-v2.0.0,ALL_SYNTHETIC_CUSTOMERS,ALL_SYNTHETIC_PROGRAMS,CFG-CDU-03,SYNTHETIC_INTERNAL,SNP-COOLIT-20260925-BL,SCN-BASELINE,OPSCH-4-00094,SCH-V4,WO-0016,MESOP-00094,40,TEST-LEAK-01,2026-08-16T07:00:00-06:00,2026-08-16T17:00:00-06:00,94,COOLANT_DISTRIBUTION_UNIT,5,2,true,false,true,SLUSHY,SUPERSEDED
TEN-COOLIT-SYN-001,SITE-COOLIT-SYN-01,ERP,OPERATION_SCHEDULE,OPSCH-4-00095,MESOP-00095,RESOLVED,2026-09-25T23:59:59-06:00,2026-09-26T08:00:00-06:00,2026-06-29T00:00:00-06:00,,4,OPSCH-3-00095,false,ACTIVE,,,VALID,CURRENT,coolit-synthetic-v2.0.0,ALL_SYNTHETIC_CUSTOMERS,ALL_SYNTHETIC_PROGRAMS,CFG-CDU-03,SYNTHETIC_INTERNAL,SNP-COOLIT-20260925-BL,SCN-BASELINE,OPSCH-4-00095,SCH-V4,WO-0016,MESOP-00095,50,TEST-FUNC-01,2026-08-17T07:00:00-06:00,2026-08-17T17:00:00-06:00,95,COOLANT_DISTRIBUTION_UNIT,5,2,true,true,true,SLUSHY,SUPERSEDED
TEN-COOLIT-SYN-001,SITE-COOLIT-SYN-01,ERP,OPERATION_SCHEDULE,OPSCH-4-00096,MESOP-00096,RESOLVED,2026-09-25T23:59:59-06:00,2026-09-26T08:00:00-06:00,2026-06-29T00:00:00-06:00,,4,OPSCH-3-00096,false,ACTIVE,,,VALID,CURRENT,coolit-synthetic-v2.0.0,ALL_SYNTHETIC_CUSTOMERS,ALL_SYNTHETIC_PROGRAMS,CFG-CDU-03,SYNTHETIC_INTERNAL,SNP-COOLIT-20260925-BL,SCN-BASELINE,OPSCH-4-00096,SCH-V4,WO-0016,MESOP-00096,60,LINE-CDU-01,2026-08-18T07:00:00-06:00,2026-08-18T17:00:00-06:00,96,COOLANT_DISTRIBUTION_UNIT,5,2,true,true,true,SLUSHY,SUPERSEDED
TEN-COOLIT-SYN-001,SITE-COOLIT-SYN-01,ERP,OPERATION_SCHEDULE,OPSCH-4-00097,MESOP-00097,RESOLVED,2026-09-25T23:59:59-06:00,2026-09-26T08:00:00-06:00,2026-06-29T00:00:00-06:00,,4,OPSCH-3-00097,false,ACTIVE,,,VALID,CURRENT,coolit-synthetic-v2.0.0,ALL_SYNTHETIC_CUSTOMERS,ALL_SYNTHETIC_PROGRAMS,CFG-RM-02,SYNTHETIC_INTERNAL,SNP-COOLIT-20260925-BL,SCN-BASELINE,OPSCH-4-00097,SCH-V4,WO-0017,MESOP-00097,10,CELL-ROBOT-01,2026-08-16T07:00:00-06:00,2026-08-16T17:00:00-06:00,97,RACK_MANIFOLD,5,1,true,true,true,SLUSHY,SUPERSEDED
TEN-COOLIT-SYN-001,SITE-COOLIT-SYN-01,ERP,OPERATION_SCHEDULE,OPSCH-4-00098,MESOP-00098,RESOLVED,2026-09-25T23:59:59-06:00,2026-09-26T08:00:00-06:00,2026-06-29T00:00:00-06:00,,4,OPSCH-3-00098,false,ACTIVE,,,VALID,CURRENT,coolit-synthetic-v2.0.0,ALL_SYNTHETIC_CUSTOMERS,ALL_SYNTHETIC_PROGRAMS,CFG-RM-02,SYNTHETIC_INTERNAL,SNP-COOLIT-20260925-BL,SCN-BASELINE,OPSCH-4-00098,SCH-V4,WO-0017,MESOP-00098,20,LINE-RM-01,2026-08-17T07:00:00-06:00,2026-08-17T17:00:00-06:00,98,RACK_MANIFOLD,20,1,true,true,true,SLUSHY,SUPERSEDED
TEN-COOLIT-SYN-001,SITE-COOLIT-SYN-01,ERP,OPERATION_SCHEDULE,OPSCH-4-00099,MESOP-00099,RESOLVED,2026-09-25T23:59:59-06:00,2026-09-26T08:00:00-06:00,2026-06-29T00:00:00-06:00,,4,OPSCH-3-00099,false,ACTIVE,,,VALID,CURRENT,coolit-synthetic-v2.0.0,ALL_SYNTHETIC_CUSTOMERS,ALL_SYNTHETIC_PROGRAMS,CFG-RM-02,SYNTHETIC_INTERNAL,SNP-COOLIT-20260925-BL,SCN-BASELINE,OPSCH-4-00099,SCH-V4,WO-0017,MESOP-00099,30,TEST-LEAK-01,2026-08-18T07:00:00-06:00,2026-08-18T17:00:00-06:00,99,RACK_MANIFOLD,5,1,true,true,true,SLUSHY,SUPERSEDED
TEN-COOLIT-SYN-001,SITE-COOLIT-SYN-01,ERP,OPERATION_SCHEDULE,OPSCH-4-00100,MESOP-00100,RESOLVED,2026-09-25T23:59:59-06:00,2026-09-26T08:00:00-06:00,2026-06-29T00:00:00-06:00,,4,OPSCH-3-00100,false,ACTIVE,,,VALID,CURRENT,coolit-synthetic-v2.0.0,ALL_SYNTHETIC_CUSTOMERS,ALL_SYNTHETIC_PROGRAMS,CFG-RM-02,SYNTHETIC_INTERNAL,SNP-COOLIT-20260925-BL,SCN-BASELINE,OPSCH-4-00100,SCH-V4,WO-0017,MESOP-00100,40,TEST-LEAK-01,2026-08-19T07:00:00-06:00,2026-08-19T17:00:00-06:00,100,RACK_MANIFOLD,5,2,true,true,true,SLUSHY,SUPERSEDED
TEN-COOLIT-SYN-001,SITE-COOLIT-SYN-01,ERP,OPERATION_SCHEDULE,OPSCH-4-00101,MESOP-00101,RESOLVED,2026-09-25T23:59:59-06:00,2026-09-26T08:00:00-06:00,2026-06-29T00:00:00-06:00,,4,OPSCH-3-00101,false,ACTIVE,,,VALID,CURRENT,coolit-synthetic-v2.0.0,ALL_SYNTHETIC_CUSTOMERS,ALL_SYNTHETIC_PROGRAMS,CFG-RM-02,SYNTHETIC_INTERNAL,SNP-COOLIT-20260925-BL,SCN-BASELINE,OPSCH-4-00101,SCH-V4,WO-0017,MESOP-00101,50,TEST-FUNC-01,2026-08-20T07:00:00-06:00,2026-08-20T17:00:00-06:00,101,RACK_MANIFOLD,5,2,true,true,true,OPEN,SUPERSEDED
TEN-COOLIT-SYN-001,SITE-COOLIT-SYN-01,ERP,OPERATION_SCHEDULE,OPSCH-4-00102,MESOP-00102,RESOLVED,2026-09-25T23:59:59-06:00,2026-09-26T08:00:00-06:00,2026-06-29T00:00:00-06:00,,4,OPSCH-3-00102,false,ACTIVE,,,VALID,CURRENT,coolit-synthetic-v2.0.0,ALL_SYNTHETIC_CUSTOMERS,ALL_SYNTHETIC_PROGRAMS,CFG-RM-02,SYNTHETIC_INTERNAL,SNP-COOLIT-20260925-BL,SCN-BASELINE,OPSCH-4-00102,SCH-V4,WO-0017,MESOP-00102,60,LINE-RM-01,2026-08-21T07:00:00-06:00,2026-08-21T17:00:00-06:00,102,RACK_MANIFOLD,5,2,true,true,true,OPEN,SUPERSEDED
TEN-COOLIT-SYN-001,SITE-COOLIT-SYN-01,ERP,OPERATION_SCHEDULE,OPSCH-4-00103,MESOP-00103,RESOLVED,2026-09-25T23:59:59-06:00,2026-09-26T08:00:00-06:00,2026-06-29T00:00:00-06:00,,4,OPSCH-3-00103,false,ACTIVE,,,VALID,CURRENT,coolit-synthetic-v2.0.0,ALL_SYNTHETIC_CUSTOMERS,ALL_SYNTHETIC_PROGRAMS,CFG-CPL-01,SYNTHETIC_INTERNAL,SNP-COOLIT-20260925-BL,SCN-BASELINE,OPSCH-4-00103,SCH-V4,WO-0018,MESOP-00103,10,CELL-ROBOT-01,2026-08-19T07:00:00-06:00,2026-08-19T17:00:00-06:00,103,COLDPLATE_LOOP,5,1,true,true,true,OPEN,SUPERSEDED
TEN-COOLIT-SYN-001,SITE-COOLIT-SYN-01,ERP,OPERATION_SCHEDULE,OPSCH-4-00104,MESOP-00104,RESOLVED,2026-09-25T23:59:59-06:00,2026-09-26T08:00:00-06:00,2026-06-29T00:00:00-06:00,,4,OPSCH-3-00104,false,ACTIVE,,,VALID,CURRENT,coolit-synthetic-v2.0.0,ALL_SYNTHETIC_CUSTOMERS,ALL_SYNTHETIC_PROGRAMS,CFG-CPL-01,SYNTHETIC_INTERNAL,SNP-COOLIT-20260925-BL,SCN-BASELINE,OPSCH-4-00104,SCH-V4,WO-0018,MESOP-00104,20,LINE-CPL-01,2026-08-20T07:00:00-06:00,2026-08-20T17:00:00-06:00,104,COLDPLATE_LOOP,20,1,true,true,true,OPEN,SUPERSEDED
TEN-COOLIT-SYN-001,SITE-COOLIT-SYN-01,ERP,OPERATION_SCHEDULE,OPSCH-4-00105,MESOP-00105,RESOLVED,2026-09-25T23:59:59-06:00,2026-09-26T08:00:00-06:00,2026-06-29T00:00:00-06:00,,4,OPSCH-3-00105,false,ACTIVE,,,VALID,CURRENT,coolit-synthetic-v2.0.0,ALL_SYNTHETIC_CUSTOMERS,ALL_SYNTHETIC_PROGRAMS,CFG-CPL-01,SYNTHETIC_INTERNAL,SNP-COOLIT-20260925-BL,SCN-BASELINE,OPSCH-4-00105,SCH-V4,WO-0018,MESOP-00105,30,TEST-LEAK-01,2026-08-21T07:00:00-06:00,2026-08-21T17:00:00-06:00,105,COLDPLATE_LOOP,5,1,true,true,true,OPEN,SUPERSEDED
TEN-COOLIT-SYN-001,SITE-COOLIT-SYN-01,ERP,OPERATION_SCHEDULE,OPSCH-4-00106,MESOP-00106,RESOLVED,2026-09-25T23:59:59-06:00,2026-09-26T08:00:00-06:00,2026-06-29T00:00:00-06:00,,4,OPSCH-3-00106,false,ACTIVE,,,VALID,CURRENT,coolit-synthetic-v2.0.0,ALL_SYNTHETIC_CUSTOMERS,ALL_SYNTHETIC_PROGRAMS,CFG-CPL-01,SYNTHETIC_INTERNAL,SNP-COOLIT-20260925-BL,SCN-BASELINE,OPSCH-4-00106,SCH-V4,WO-0018,MESOP-00106,40,TEST-LEAK-01,2026-08-22T07:00:00-06:00,2026-08-22T17:00:00-06:00,106,COLDPLATE_LOOP,5,2,true,true,true,OPEN,SUPERSEDED
TEN-COOLIT-SYN-001,SITE-COOLIT-SYN-01,ERP,OPERATION_SCHEDULE,OPSCH-4-00107,MESOP-00107,RESOLVED,2026-09-25T23:59:59-06:00,2026-09-26T08:00:00-06:00,2026-06-29T00:00:00-06:00,,4,OPSCH-3-00107,false,ACTIVE,,,VALID,CURRENT,coolit-synthetic-v2.0.0,ALL_SYNTHETIC_CUSTOMERS,ALL_SYNTHETIC_PROGRAMS,CFG-CPL-01,SYNTHETIC_INTERNAL,SNP-COOLIT-20260925-BL,SCN-BASELINE,OPSCH-4-00107,SCH-V4,WO-0018,MESOP-00107,50,TEST-FUNC-01,2026-08-23T07:00:00-06:00,2026-08-23T17:00:00-06:00,107,COLDPLATE_LOOP,5,2,true,true,true,OPEN,SUPERSEDED
TEN-COOLIT-SYN-001,SITE-COOLIT-SYN-01,ERP,OPERATION_SCHEDULE,OPSCH-4-00108,MESOP-00108,RESOLVED,2026-09-25T23:59:59-06:00,2026-09-26T08:00:00-06:00,2026-06-29T00:00:00-06:00,,4,OPSCH-3-00108,false,ACTIVE,,,VALID,CURRENT,coolit-synthetic-v2.0.0,ALL_SYNTHETIC_CUSTOMERS,ALL_SYNTHETIC_PROGRAMS,CFG-CPL-01,SYNTHETIC_INTERNAL,SNP-COOLIT-20260925-BL,SCN-BASELINE,OPSCH-4-00108,SCH-V4,WO-0018,MESOP-00108,60,LINE-CPL-01,2026-08-24T07:00:00-06:00,2026-08-24T17:00:00-06:00,108,COLDPLATE_LOOP,5,2,true,true,true,OPEN,SUPERSEDED
TEN-COOLIT-SYN-001,SITE-COOLIT-SYN-01,ERP,OPERATION_SCHEDULE,OPSCH-4-00109,MESOP-00109,RESOLVED,2026-09-25T23:59:59-06:00,2026-09-26T08:00:00-06:00,2026-06-29T00:00:00-06:00,,4,OPSCH-3-00109,false,ACTIVE,,,VALID,CURRENT,coolit-synthetic-v2.0.0,ALL_SYNTHETIC_CUSTOMERS,ALL_SYNTHETIC_PROGRAMS,CFG-RM-04,SYNTHETIC_INTERNAL,SNP-COOLIT-20260925-BL,SCN-BASELINE,OPSCH-4-00109,SCH-V4,WO-0019,MESOP-00109,10,CELL-ROBOT-01,2026-08-22T07:00:00-06:00,2026-08-22T17:00:00-06:00,109,RACK_MANIFOLD,5,1,true,true,true,OPEN,SUPERSEDED
TEN-COOLIT-SYN-001,SITE-COOLIT-SYN-01,ERP,OPERATION_SCHEDULE,OPSCH-4-00110,MESOP-00110,RESOLVED,2026-09-25T23:59:59-06:00,2026-09-26T08:00:00-06:00,2026-06-29T00:00:00-06:00,,4,OPSCH-3-00110,false,ACTIVE,,,VALID,CURRENT,coolit-synthetic-v2.0.0,ALL_SYNTHETIC_CUSTOMERS,ALL_SYNTHETIC_PROGRAMS,CFG-RM-04,SYNTHETIC_INTERNAL,SNP-COOLIT-20260925-BL,SCN-BASELINE,OPSCH-4-00110,SCH-V4,WO-0019,MESOP-00110,20,LINE-RM-01,2026-08-23T07:00:00-06:00,2026-08-23T17:00:00-06:00,110,RACK_MANIFOLD,20,1,true,true,true,OPEN,SUPERSEDED
TEN-COOLIT-SYN-001,SITE-COOLIT-SYN-01,ERP,OPERATION_SCHEDULE,OPSCH-4-00111,MESOP-00111,RESOLVED,2026-09-25T23:59:59-06:00,2026-09-26T08:00:00-06:00,2026-06-29T00:00:00-06:00,,4,OPSCH-3-00111,false,ACTIVE,,,VALID,CURRENT,coolit-synthetic-v2.0.0,ALL_SYNTHETIC_CUSTOMERS,ALL_SYNTHETIC_PROGRAMS,CFG-RM-04,SYNTHETIC_INTERNAL,SNP-COOLIT-20260925-BL,SCN-BASELINE,OPSCH-4-00111,SCH-V4,WO-0019,MESOP-00111,30,TEST-LEAK-01,2026-08-24T07:00:00-06:00,2026-08-24T17:00:00-06:00,111,RACK_MANIFOLD,5,1,true,true,true,OPEN,SUPERSEDED
TEN-COOLIT-SYN-001,SITE-COOLIT-SYN-01,ERP,OPERATION_SCHEDULE,OPSCH-4-00112,MESOP-00112,RESOLVED,2026-09-25T23:59:59-06:00,2026-09-26T08:00:00-06:00,2026-06-29T00:00:00-06:00,,4,OPSCH-3-00112,false,ACTIVE,,,VALID,CURRENT,coolit-synthetic-v2.0.0,ALL_SYNTHETIC_CUSTOMERS,ALL_SYNTHETIC_PROGRAMS,CFG-RM-04,SYNTHETIC_INTERNAL,SNP-COOLIT-20260925-BL,SCN-BASELINE,OPSCH-4-00112,SCH-V4,WO-0019,MESOP-00112,40,TEST-LEAK-01,2026-08-25T07:00:00-06:00,2026-08-25T17:00:00-06:00,112,RACK_MANIFOLD,5,2,true,true,false,OPEN,SUPERSEDED
TEN-COOLIT-SYN-001,SITE-COOLIT-SYN-01,ERP,OPERATION_SCHEDULE,OPSCH-4-00113,MESOP-00113,RESOLVED,2026-09-25T23:59:59-06:00,2026-09-26T08:00:00-06:00,2026-06-29T00:00:00-06:00,,4,OPSCH-3-00113,false,ACTIVE,,,VALID,CURRENT,coolit-synthetic-v2.0.0,ALL_SYNTHETIC_CUSTOMERS,ALL_SYNTHETIC_PROGRAMS,CFG-RM-04,SYNTHETIC_INTERNAL,SNP-COOLIT-20260925-BL,SCN-BASELINE,OPSCH-4-00113,SCH-V4,WO-0019,MESOP-00113,50,TEST-FUNC-01,2026-08-26T07:00:00-06:00,2026-08-26T17:00:00-06:00,113,RACK_MANIFOLD,5,2,true,true,true,OPEN,SUPERSEDED
TEN-COOLIT-SYN-001,SITE-COOLIT-SYN-01,ERP,OPERATION_SCHEDULE,OPSCH-4-00114,MESOP-00114,RESOLVED,2026-09-25T23:59:59-06:00,2026-09-26T08:00:00-06:00,2026-06-29T00:00:00-06:00,,4,OPSCH-3-00114,false,ACTIVE,,,VALID,CURRENT,coolit-synthetic-v2.0.0,ALL_SYNTHETIC_CUSTOMERS,ALL_SYNTHETIC_PROGRAMS,CFG-RM-04,SYNTHETIC_INTERNAL,SNP-COOLIT-20260925-BL,SCN-BASELINE,OPSCH-4-00114,SCH-V4,WO-0019,MESOP-00114,60,LINE-RM-01,2026-08-27T07:00:00-06:00,2026-08-27T17:00:00-06:00,114,RACK_MANIFOLD,5,2,true,true,true,OPEN,SUPERSEDED
TEN-COOLIT-SYN-001,SITE-COOLIT-SYN-01,ERP,OPERATION_SCHEDULE,OPSCH-4-00115,MESOP-00115,RESOLVED,2026-09-25T23:59:59-06:00,2026-09-26T08:00:00-06:00,2026-06-29T00:00:00-06:00,,4,OPSCH-3-00115,false,ACTIVE,,,VALID,CURRENT,coolit-synthetic-v2.0.0,ALL_SYNTHETIC_CUSTOMERS,ALL_SYNTHETIC_PROGRAMS,CFG-CPL-03,SYNTHETIC_INTERNAL,SNP-COOLIT-20260925-BL,SCN-BASELINE,OPSCH-4-00115,SCH-V4,WO-0020,MESOP-00115,10,CELL-ROBOT-01,2026-08-25T07:00:00-06:00,2026-08-25T17:00:00-06:00,115,COLDPLATE_LOOP,5,1,true,true,true,OPEN,SUPERSEDED
TEN-COOLIT-SYN-001,SITE-COOLIT-SYN-01,ERP,OPERATION_SCHEDULE,OPSCH-4-00116,MESOP-00116,RESOLVED,2026-09-25T23:59:59-06:00,2026-09-26T08:00:00-06:00,2026-06-29T00:00:00-06:00,,4,OPSCH-3-00116,false,ACTIVE,,,VALID,CURRENT,coolit-synthetic-v2.0.0,ALL_SYNTHETIC_CUSTOMERS,ALL_SYNTHETIC_PROGRAMS,CFG-CPL-03,SYNTHETIC_INTERNAL,SNP-COOLIT-20260925-BL,SCN-BASELINE,OPSCH-4-00116,SCH-V4,WO-0020,MESOP-00116,20,LINE-CPL-01,2026-08-26T07:00:00-06:00,2026-08-26T17:00:00-06:00,116,COLDPLATE_LOOP,20,1,true,true,true,OPEN,SUPERSEDED
TEN-COOLIT-SYN-001,SITE-COOLIT-SYN-01,ERP,OPERATION_SCHEDULE,OPSCH-4-00117,MESOP-00117,RESOLVED,2026-09-25T23:59:59-06:00,2026-09-26T08:00:00-06:00,2026-06-29T00:00:00-06:00,,4,OPSCH-3-00117,false,ACTIVE,,,VALID,CURRENT,coolit-synthetic-v2.0.0,ALL_SYNTHETIC_CUSTOMERS,ALL_SYNTHETIC_PROGRAMS,CFG-CPL-03,SYNTHETIC_INTERNAL,SNP-COOLIT-20260925-BL,SCN-BASELINE,OPSCH-4-00117,SCH-V4,WO-0020,MESOP-00117,30,TEST-LEAK-01,2026-08-27T07:00:00-06:00,2026-08-27T17:00:00-06:00,117,COLDPLATE_LOOP,5,1,false,true,true,OPEN,SUPERSEDED
TEN-COOLIT-SYN-001,SITE-COOLIT-SYN-01,ERP,OPERATION_SCHEDULE,OPSCH-4-00118,MESOP-00118,RESOLVED,2026-09-25T23:59:59-06:00,2026-09-26T08:00:00-06:00,2026-06-29T00:00:00-06:00,,4,OPSCH-3-00118,false,ACTIVE,,,VALID,CURRENT,coolit-synthetic-v2.0.0,ALL_SYNTHETIC_CUSTOMERS,ALL_SYNTHETIC_PROGRAMS,CFG-CPL-03,SYNTHETIC_INTERNAL,SNP-COOLIT-20260925-BL,SCN-BASELINE,OPSCH-4-00118,SCH-V4,WO-0020,MESOP-00118,40,TEST-LEAK-01,2026-08-28T07:00:00-06:00,2026-08-28T17:00:00-06:00,118,COLDPLATE_LOOP,5,2,true,true,true,OPEN,SUPERSEDED
TEN-COOLIT-SYN-001,SITE-COOLIT-SYN-01,ERP,OPERATION_SCHEDULE,OPSCH-4-00119,MESOP-00119,RESOLVED,2026-09-25T23:59:59-06:00,2026-09-26T08:00:00-06:00,2026-06-29T00:00:00-06:00,,4,OPSCH-3-00119,false,ACTIVE,,,VALID,CURRENT,coolit-synthetic-v2.0.0,ALL_SYNTHETIC_CUSTOMERS,ALL_SYNTHETIC_PROGRAMS,CFG-CPL-03,SYNTHETIC_INTERNAL,SNP-COOLIT-20260925-BL,SCN-BASELINE,OPSCH-4-00119,SCH-V4,WO-0020,MESOP-00119,50,TEST-FUNC-01,2026-08-29T07:00:00-06:00,2026-08-29T17:00:00-06:00,119,COLDPLATE_LOOP,5,2,true,true,true,OPEN,SUPERSEDED
TEN-COOLIT-SYN-001,SITE-COOLIT-SYN-01,ERP,OPERATION_SCHEDULE,OPSCH-4-00120,MESOP-00120,RESOLVED,2026-09-25T23:59:59-06:00,2026-09-26T08:00:00-06:00,2026-06-29T00:00:00-06:00,,4,OPSCH-3-00120,false,ACTIVE,,,VALID,CURRENT,coolit-synthetic-v2.0.0,ALL_SYNTHETIC_CUSTOMERS,ALL_SYNTHETIC_PROGRAMS,CFG-CPL-03,SYNTHETIC_INTERNAL,SNP-COOLIT-20260925-BL,SCN-BASELINE,OPSCH-4-00120,SCH-V4,WO-0020,MESOP-00120,60,LINE-CPL-01,2026-08-30T07:00:00-06:00,2026-08-30T17:00:00-06:00,120,COLDPLATE_LOOP,5,2,true,true,true,OPEN,SUPERSEDED
TEN-COOLIT-SYN-001,SITE-COOLIT-SYN-01,ERP,OPERATION_SCHEDULE,OPSCH-4-00121,MESOP-00121,RESOLVED,2026-09-25T23:59:59-06:00,2026-09-26T08:00:00-06:00,2026-06-29T00:00:00-06:00,,4,OPSCH-3-00121,false,ACTIVE,,,VALID,CURRENT,coolit-synthetic-v2.0.0,ALL_SYNTHETIC_CUSTOMERS,ALL_SYNTHETIC_PROGRAMS,CFG-CDU-02,SYNTHETIC_INTERNAL,SNP-COOLIT-20260925-BL,SCN-BASELINE,OPSCH-4-00121,SCH-V4,WO-0021,MESOP-00121,10,CELL-ROBOT-01,2026-08-28T07:00:00-06:00,2026-08-28T17:00:00-06:00,121,COOLANT_DISTRIBUTION_UNIT,5,1,true,true,true,OPEN,SUPERSEDED
TEN-COOLIT-SYN-001,SITE-COOLIT-SYN-01,ERP,OPERATION_SCHEDULE,OPSCH-4-00122,MESOP-00122,RESOLVED,2026-09-25T23:59:59-06:00,2026-09-26T08:00:00-06:00,2026-06-29T00:00:00-06:00,,4,OPSCH-3-00122,false,ACTIVE,,,VALID,CURRENT,coolit-synthetic-v2.0.0,ALL_SYNTHETIC_CUSTOMERS,ALL_SYNTHETIC_PROGRAMS,CFG-CDU-02,SYNTHETIC_INTERNAL,SNP-COOLIT-20260925-BL,SCN-BASELINE,OPSCH-4-00122,SCH-V4,WO-0021,MESOP-00122,20,LINE-CDU-01,2026-08-29T07:00:00-06:00,2026-08-29T17:00:00-06:00,122,COOLANT_DISTRIBUTION_UNIT,20,1,true,true,true,OPEN,SUPERSEDED
TEN-COOLIT-SYN-001,SITE-COOLIT-SYN-01,ERP,OPERATION_SCHEDULE,OPSCH-4-00123,MESOP-00123,RESOLVED,2026-09-25T23:59:59-06:00,2026-09-26T08:00:00-06:00,2026-06-29T00:00:00-06:00,,4,OPSCH-3-00123,false,ACTIVE,,,VALID,CURRENT,coolit-synthetic-v2.0.0,ALL_SYNTHETIC_CUSTOMERS,ALL_SYNTHETIC_PROGRAMS,CFG-CDU-02,SYNTHETIC_INTERNAL,SNP-COOLIT-20260925-BL,SCN-BASELINE,OPSCH-4-00123,SCH-V4,WO-0021,MESOP-00123,30,TEST-LEAK-01,2026-08-30T07:00:00-06:00,2026-08-30T17:00:00-06:00,123,COOLANT_DISTRIBUTION_UNIT,5,1,true,true,true,OPEN,SUPERSEDED
TEN-COOLIT-SYN-001,SITE-COOLIT-SYN-01,ERP,OPERATION_SCHEDULE,OPSCH-4-00124,MESOP-00124,RESOLVED,2026-09-25T23:59:59-06:00,2026-09-26T08:00:00-06:00,2026-06-29T00:00:00-06:00,,4,OPSCH-3-00124,false,ACTIVE,,,VALID,CURRENT,coolit-synthetic-v2.0.0,ALL_SYNTHETIC_CUSTOMERS,ALL_SYNTHETIC_PROGRAMS,CFG-CDU-02,SYNTHETIC_INTERNAL,SNP-COOLIT-20260925-BL,SCN-BASELINE,OPSCH-4-00124,SCH-V4,WO-0021,MESOP-00124,40,TEST-LEAK-01,2026-08-31T07:00:00-06:00,2026-08-31T17:00:00-06:00,124,COOLANT_DISTRIBUTION_UNIT,5,2,true,true,true,OPEN,SUPERSEDED
TEN-COOLIT-SYN-001,SITE-COOLIT-SYN-01,ERP,OPERATION_SCHEDULE,OPSCH-4-00125,MESOP-00125,RESOLVED,2026-09-25T23:59:59-06:00,2026-09-26T08:00:00-06:00,2026-06-29T00:00:00-06:00,,4,OPSCH-3-00125,false,ACTIVE,,,VALID,CURRENT,coolit-synthetic-v2.0.0,ALL_SYNTHETIC_CUSTOMERS,ALL_SYNTHETIC_PROGRAMS,CFG-RM-01,SYNTHETIC_INTERNAL,SNP-COOLIT-20260925-BL,SCN-BASELINE,OPSCH-4-00125,SCH-V4,WO-0022,MESOP-00125,10,CELL-ROBOT-01,2026-08-31T07:00:00-06:00,2026-08-31T17:00:00-06:00,125,RACK_MANIFOLD,5,1,true,false,true,OPEN,SUPERSEDED
TEN-COOLIT-SYN-001,SITE-COOLIT-SYN-01,ERP,OPERATION_SCHEDULE,OPSCH-4-00126,MESOP-00126,RESOLVED,2026-09-25T23:59:59-06:00,2026-09-26T08:00:00-06:00,2026-06-29T00:00:00-06:00,,4,OPSCH-3-00126,false,ACTIVE,,,VALID,CURRENT,coolit-synthetic-v2.0.0,ALL_SYNTHETIC_CUSTOMERS,ALL_SYNTHETIC_PROGRAMS,CFG-RM-01,SYNTHETIC_INTERNAL,SNP-COOLIT-20260925-BL,SCN-BASELINE,OPSCH-4-00126,SCH-V4,WO-0022,MESOP-00126,20,LINE-RM-01,2026-09-01T07:00:00-06:00,2026-09-01T17:00:00-06:00,126,RACK_MANIFOLD,20,1,true,true,true,OPEN,SUPERSEDED
TEN-COOLIT-SYN-001,SITE-COOLIT-SYN-01,ERP,OPERATION_SCHEDULE,OPSCH-4-00127,MESOP-00127,RESOLVED,2026-09-25T23:59:59-06:00,2026-09-26T08:00:00-06:00,2026-06-29T00:00:00-06:00,,4,OPSCH-3-00127,false,ACTIVE,,,VALID,CURRENT,coolit-synthetic-v2.0.0,ALL_SYNTHETIC_CUSTOMERS,ALL_SYNTHETIC_PROGRAMS,CFG-RM-01,SYNTHETIC_INTERNAL,SNP-COOLIT-20260925-BL,SCN-BASELINE,OPSCH-4-00127,SCH-V4,WO-0022,MESOP-00127,30,TEST-LEAK-01,2026-09-02T07:00:00-06:00,2026-09-02T17:00:00-06:00,127,RACK_MANIFOLD,5,1,true,true,true,OPEN,SUPERSEDED
TEN-COOLIT-SYN-001,SITE-COOLIT-SYN-01,ERP,OPERATION_SCHEDULE,OPSCH-4-00128,MESOP-00128,RESOLVED,2026-09-25T23:59:59-06:00,2026-09-26T08:00:00-06:00,2026-06-29T00:00:00-06:00,,4,OPSCH-3-00128,false,ACTIVE,,,VALID,CURRENT,coolit-synthetic-v2.0.0,ALL_SYNTHETIC_CUSTOMERS,ALL_SYNTHETIC_PROGRAMS,CFG-RM-01,SYNTHETIC_INTERNAL,SNP-COOLIT-20260925-BL,SCN-BASELINE,OPSCH-4-00128,SCH-V4,WO-0022,MESOP-00128,40,TEST-LEAK-01,2026-09-03T07:00:00-06:00,2026-09-03T17:00:00-06:00,128,RACK_MANIFOLD,5,2,true,true,true,OPEN,SUPERSEDED
TEN-COOLIT-SYN-001,SITE-COOLIT-SYN-01,ERP,OPERATION_SCHEDULE,OPSCH-4-00129,MESOP-00129,RESOLVED,2026-09-25T23:59:59-06:00,2026-09-26T08:00:00-06:00,2026-06-29T00:00:00-06:00,,4,OPSCH-3-00129,false,ACTIVE,,,VALID,CURRENT,coolit-synthetic-v2.0.0,ALL_SYNTHETIC_CUSTOMERS,ALL_SYNTHETIC_PROGRAMS,CFG-CDU-04,SYNTHETIC_INTERNAL,SNP-COOLIT-20260925-BL,SCN-BASELINE,OPSCH-4-00129,SCH-V4,WO-0023,MESOP-00129,10,CELL-ROBOT-01,2026-09-03T07:00:00-06:00,2026-09-03T17:00:00-06:00,129,COOLANT_DISTRIBUTION_UNIT,5,1,true,true,true,OPEN,SUPERSEDED
TEN-COOLIT-SYN-001,SITE-COOLIT-SYN-01,ERP,OPERATION_SCHEDULE,OPSCH-4-00130,MESOP-00130,RESOLVED,2026-09-25T23:59:59-06:00,2026-09-26T08:00:00-06:00,2026-06-29T00:00:00-06:00,,4,OPSCH-3-00130,false,ACTIVE,,,VALID,CURRENT,coolit-synthetic-v2.0.0,ALL_SYNTHETIC_CUSTOMERS,ALL_SYNTHETIC_PROGRAMS,CFG-CDU-04,SYNTHETIC_INTERNAL,SNP-COOLIT-20260925-BL,SCN-BASELINE,OPSCH-4-00130,SCH-V4,WO-0023,MESOP-00130,20,LINE-CDU-01,2026-09-04T07:00:00-06:00,2026-09-04T17:00:00-06:00,130,COOLANT_DISTRIBUTION_UNIT,20,1,true,true,true,OPEN,SUPERSEDED
TEN-COOLIT-SYN-001,SITE-COOLIT-SYN-01,ERP,OPERATION_SCHEDULE,OPSCH-4-00131,MESOP-00131,RESOLVED,2026-09-25T23:59:59-06:00,2026-09-26T08:00:00-06:00,2026-06-29T00:00:00-06:00,,4,OPSCH-3-00131,false,ACTIVE,,,VALID,CURRENT,coolit-synthetic-v2.0.0,ALL_SYNTHETIC_CUSTOMERS,ALL_SYNTHETIC_PROGRAMS,CFG-CDU-04,SYNTHETIC_INTERNAL,SNP-COOLIT-20260925-BL,SCN-BASELINE,OPSCH-4-00131,SCH-V4,WO-0023,MESOP-00131,30,TEST-LEAK-01,2026-09-05T07:00:00-06:00,2026-09-05T17:00:00-06:00,131,COOLANT_DISTRIBUTION_UNIT,5,1,true,true,true,OPEN,SUPERSEDED
TEN-COOLIT-SYN-001,SITE-COOLIT-SYN-01,ERP,OPERATION_SCHEDULE,OPSCH-4-00132,MESOP-00132,RESOLVED,2026-09-25T23:59:59-06:00,2026-09-26T08:00:00-06:00,2026-06-29T00:00:00-06:00,,4,OPSCH-3-00132,false,ACTIVE,,,VALID,CURRENT,coolit-synthetic-v2.0.0,ALL_SYNTHETIC_CUSTOMERS,ALL_SYNTHETIC_PROGRAMS,CFG-CDU-04,SYNTHETIC_INTERNAL,SNP-COOLIT-20260925-BL,SCN-BASELINE,OPSCH-4-00132,SCH-V4,WO-0023,MESOP-00132,40,TEST-LEAK-01,2026-09-06T07:00:00-06:00,2026-09-06T17:00:00-06:00,132,COOLANT_DISTRIBUTION_UNIT,5,2,true,true,true,OPEN,SUPERSEDED
TEN-COOLIT-SYN-001,SITE-COOLIT-SYN-01,ERP,OPERATION_SCHEDULE,OPSCH-4-00133,MESOP-00133,RESOLVED,2026-09-25T23:59:59-06:00,2026-09-26T08:00:00-06:00,2026-06-29T00:00:00-06:00,,4,OPSCH-3-00133,false,ACTIVE,,,VALID,CURRENT,coolit-synthetic-v2.0.0,ALL_SYNTHETIC_CUSTOMERS,ALL_SYNTHETIC_PROGRAMS,CFG-RM-03,SYNTHETIC_INTERNAL,SNP-COOLIT-20260925-BL,SCN-BASELINE,OPSCH-4-00133,SCH-V4,WO-0024,MESOP-00133,10,CELL-ROBOT-01,2026-09-06T07:00:00-06:00,2026-09-06T17:00:00-06:00,133,RACK_MANIFOLD,5,1,true,true,true,OPEN,SUPERSEDED
TEN-COOLIT-SYN-001,SITE-COOLIT-SYN-01,ERP,OPERATION_SCHEDULE,OPSCH-4-00134,MESOP-00134,RESOLVED,2026-09-25T23:59:59-06:00,2026-09-26T08:00:00-06:00,2026-06-29T00:00:00-06:00,,4,OPSCH-3-00134,false,ACTIVE,,,VALID,CURRENT,coolit-synthetic-v2.0.0,ALL_SYNTHETIC_CUSTOMERS,ALL_SYNTHETIC_PROGRAMS,CFG-RM-03,SYNTHETIC_INTERNAL,SNP-COOLIT-20260925-BL,SCN-BASELINE,OPSCH-4-00134,SCH-V4,WO-0024,MESOP-00134,20,LINE-RM-01,2026-09-07T07:00:00-06:00,2026-09-07T17:00:00-06:00,134,RACK_MANIFOLD,20,1,true,true,true,OPEN,SUPERSEDED
TEN-COOLIT-SYN-001,SITE-COOLIT-SYN-01,ERP,OPERATION_SCHEDULE,OPSCH-4-00135,MESOP-00135,RESOLVED,2026-09-25T23:59:59-06:00,2026-09-26T08:00:00-06:00,2026-06-29T00:00:00-06:00,,4,OPSCH-3-00135,false,ACTIVE,,,VALID,CURRENT,coolit-synthetic-v2.0.0,ALL_SYNTHETIC_CUSTOMERS,ALL_SYNTHETIC_PROGRAMS,CFG-RM-03,SYNTHETIC_INTERNAL,SNP-COOLIT-20260925-BL,SCN-BASELINE,OPSCH-4-00135,SCH-V4,WO-0024,MESOP-00135,30,TEST-LEAK-01,2026-09-08T07:00:00-06:00,2026-09-08T17:00:00-06:00,135,RACK_MANIFOLD,5,1,true,true,true,OPEN,SUPERSEDED
TEN-COOLIT-SYN-001,SITE-COOLIT-SYN-01,ERP,OPERATION_SCHEDULE,OPSCH-4-00136,MESOP-00136,RESOLVED,2026-09-25T23:59:59-06:00,2026-09-26T08:00:00-06:00,2026-06-29T00:00:00-06:00,,4,OPSCH-3-00136,false,ACTIVE,,,VALID,CURRENT,coolit-synthetic-v2.0.0,ALL_SYNTHETIC_CUSTOMERS,ALL_SYNTHETIC_PROGRAMS,CFG-RM-03,SYNTHETIC_INTERNAL,SNP-COOLIT-20260925-BL,SCN-BASELINE,OPSCH-4-00136,SCH-V4,WO-0024,MESOP-00136,40,TEST-LEAK-01,2026-09-09T07:00:00-06:00,2026-09-09T17:00:00-06:00,136,RACK_MANIFOLD,5,2,true,true,true,OPEN,SUPERSEDED
TEN-COOLIT-SYN-001,SITE-COOLIT-SYN-01,ERP,OPERATION_SCHEDULE,OPSCH-4-00137,MESOP-00137,RESOLVED,2026-09-25T23:59:59-06:00,2026-09-26T08:00:00-06:00,2026-06-29T00:00:00-06:00,,4,OPSCH-3-00137,false,ACTIVE,,,VALID,CURRENT,coolit-synthetic-v2.0.0,ALL_SYNTHETIC_CUSTOMERS,ALL_SYNTHETIC_PROGRAMS,CFG-CPL-02,SYNTHETIC_INTERNAL,SNP-COOLIT-20260925-BL,SCN-BASELINE,OPSCH-4-00137,SCH-V4,WO-0025,MESOP-00137,10,CELL-ROBOT-01,2026-09-09T07:00:00-06:00,2026-09-09T17:00:00-06:00,137,COLDPLATE_LOOP,5,1,true,true,true,OPEN,SUPERSEDED
TEN-COOLIT-SYN-001,SITE-COOLIT-SYN-01,ERP,OPERATION_SCHEDULE,OPSCH-4-00138,MESOP-00138,RESOLVED,2026-09-25T23:59:59-06:00,2026-09-26T08:00:00-06:00,2026-06-29T00:00:00-06:00,,4,OPSCH-3-00138,false,ACTIVE,,,VALID,CURRENT,coolit-synthetic-v2.0.0,ALL_SYNTHETIC_CUSTOMERS,ALL_SYNTHETIC_PROGRAMS,CFG-CPL-02,SYNTHETIC_INTERNAL,SNP-COOLIT-20260925-BL,SCN-BASELINE,OPSCH-4-00138,SCH-V4,WO-0025,MESOP-00138,20,LINE-CPL-01,2026-09-10T07:00:00-06:00,2026-09-10T17:00:00-06:00,138,COLDPLATE_LOOP,20,1,true,true,true,OPEN,SUPERSEDED
TEN-COOLIT-SYN-001,SITE-COOLIT-SYN-01,ERP,OPERATION_SCHEDULE,OPSCH-4-00139,MESOP-00139,RESOLVED,2026-09-25T23:59:59-06:00,2026-09-26T08:00:00-06:00,2026-06-29T00:00:00-06:00,,4,OPSCH-3-00139,false,ACTIVE,,,VALID,CURRENT,coolit-synthetic-v2.0.0,ALL_SYNTHETIC_CUSTOMERS,ALL_SYNTHETIC_PROGRAMS,CFG-CPL-02,SYNTHETIC_INTERNAL,SNP-COOLIT-20260925-BL,SCN-BASELINE,OPSCH-4-00139,SCH-V4,WO-0025,MESOP-00139,30,TEST-LEAK-01,2026-09-11T07:00:00-06:00,2026-09-11T17:00:00-06:00,139,COLDPLATE_LOOP,5,1,true,true,true,OPEN,SUPERSEDED
TEN-COOLIT-SYN-001,SITE-COOLIT-SYN-01,ERP,OPERATION_SCHEDULE,OPSCH-4-00140,MESOP-00140,RESOLVED,2026-09-25T23:59:59-06:00,2026-09-26T08:00:00-06:00,2026-06-29T00:00:00-06:00,,4,OPSCH-3-00140,false,ACTIVE,,,VALID,CURRENT,coolit-synthetic-v2.0.0,ALL_SYNTHETIC_CUSTOMERS,ALL_SYNTHETIC_PROGRAMS,CFG-CPL-02,SYNTHETIC_INTERNAL,SNP-COOLIT-20260925-BL,SCN-BASELINE,OPSCH-4-00140,SCH-V4,WO-0025,MESOP-00140,40,TEST-LEAK-01,2026-09-12T07:00:00-06:00,2026-09-12T17:00:00-06:00,140,COLDPLATE_LOOP,5,2,true,true,true,OPEN,SUPERSEDED
TEN-COOLIT-SYN-001,SITE-COOLIT-SYN-01,ERP,OPERATION_SCHEDULE,OPSCH-4-00141,MESOP-00141,RESOLVED,2026-09-25T23:59:59-06:00,2026-09-26T08:00:00-06:00,2026-06-29T00:00:00-06:00,,4,OPSCH-3-00141,false,ACTIVE,,,VALID,CURRENT,coolit-synthetic-v2.0.0,ALL_SYNTHETIC_CUSTOMERS,ALL_SYNTHETIC_PROGRAMS,CFG-CDU-01,SYNTHETIC_INTERNAL,SNP-COOLIT-20260925-BL,SCN-BASELINE,OPSCH-4-00141,SCH-V4,WO-0026,MESOP-00141,10,CELL-ROBOT-01,2026-09-12T07:00:00-06:00,2026-09-12T17:00:00-06:00,141,COOLANT_DISTRIBUTION_UNIT,5,1,true,true,true,OPEN,SUPERSEDED
TEN-COOLIT-SYN-001,SITE-COOLIT-SYN-01,ERP,OPERATION_SCHEDULE,OPSCH-4-00142,MESOP-00142,RESOLVED,2026-09-25T23:59:59-06:00,2026-09-26T08:00:00-06:00,2026-06-29T00:00:00-06:00,,4,OPSCH-3-00142,false,ACTIVE,,,VALID,CURRENT,coolit-synthetic-v2.0.0,ALL_SYNTHETIC_CUSTOMERS,ALL_SYNTHETIC_PROGRAMS,CFG-CDU-01,SYNTHETIC_INTERNAL,SNP-COOLIT-20260925-BL,SCN-BASELINE,OPSCH-4-00142,SCH-V4,WO-0026,MESOP-00142,20,LINE-CDU-01,2026-09-13T07:00:00-06:00,2026-09-13T17:00:00-06:00,142,COOLANT_DISTRIBUTION_UNIT,20,1,true,true,true,OPEN,SUPERSEDED
TEN-COOLIT-SYN-001,SITE-COOLIT-SYN-01,ERP,OPERATION_SCHEDULE,OPSCH-4-00143,MESOP-00143,RESOLVED,2026-09-25T23:59:59-06:00,2026-09-26T08:00:00-06:00,2026-06-29T00:00:00-06:00,,4,OPSCH-3-00143,false,ACTIVE,,,VALID,CURRENT,coolit-synthetic-v2.0.0,ALL_SYNTHETIC_CUSTOMERS,ALL_SYNTHETIC_PROGRAMS,CFG-CDU-01,SYNTHETIC_INTERNAL,SNP-COOLIT-20260925-BL,SCN-BASELINE,OPSCH-4-00143,SCH-V4,WO-0026,MESOP-00143,30,TEST-LEAK-01,2026-09-14T07:00:00-06:00,2026-09-14T17:00:00-06:00,143,COOLANT_DISTRIBUTION_UNIT,5,1,true,true,true,OPEN,SUPERSEDED
TEN-COOLIT-SYN-001,SITE-COOLIT-SYN-01,ERP,OPERATION_SCHEDULE,OPSCH-4-00144,MESOP-00144,RESOLVED,2026-09-25T23:59:59-06:00,2026-09-26T08:00:00-06:00,2026-06-29T00:00:00-06:00,,4,OPSCH-3-00144,false,ACTIVE,,,VALID,CURRENT,coolit-synthetic-v2.0.0,ALL_SYNTHETIC_CUSTOMERS,ALL_SYNTHETIC_PROGRAMS,CFG-CDU-01,SYNTHETIC_INTERNAL,SNP-COOLIT-20260925-BL,SCN-BASELINE,OPSCH-4-00144,SCH-V4,WO-0026,MESOP-00144,40,TEST-LEAK-01,2026-09-15T07:00:00-06:00,2026-09-15T17:00:00-06:00,144,COOLANT_DISTRIBUTION_UNIT,5,2,true,true,true,OPEN,SUPERSEDED
TEN-COOLIT-SYN-001,SITE-COOLIT-SYN-01,ERP,OPERATION_SCHEDULE,OPSCH-4-00145,MESOP-00145,RESOLVED,2026-09-25T23:59:59-06:00,2026-09-26T08:00:00-06:00,2026-06-29T00:00:00-06:00,,4,OPSCH-3-00145,false,ACTIVE,,,VALID,CURRENT,coolit-synthetic-v2.0.0,ALL_SYNTHETIC_CUSTOMERS,ALL_SYNTHETIC_PROGRAMS,CFG-CPL-04,SYNTHETIC_INTERNAL,SNP-COOLIT-20260925-BL,SCN-BASELINE,OPSCH-4-00145,SCH-V4,WO-0027,MESOP-00145,10,CELL-ROBOT-01,2026-09-28T07:00:00-06:00,2026-09-28T17:00:00-06:00,145,COLDPLATE_LOOP,5,1,true,true,true,OPEN,SUPERSEDED
TEN-COOLIT-SYN-001,SITE-COOLIT-SYN-01,ERP,OPERATION_SCHEDULE,OPSCH-4-00146,MESOP-00146,RESOLVED,2026-09-25T23:59:59-06:00,2026-09-26T08:00:00-06:00,2026-06-29T00:00:00-06:00,,4,OPSCH-3-00146,false,ACTIVE,,,VALID,CURRENT,coolit-synthetic-v2.0.0,ALL_SYNTHETIC_CUSTOMERS,ALL_SYNTHETIC_PROGRAMS,CFG-CPL-04,SYNTHETIC_INTERNAL,SNP-COOLIT-20260925-BL,SCN-BASELINE,OPSCH-4-00146,SCH-V4,WO-0027,MESOP-00146,20,LINE-CPL-01,2026-09-29T07:00:00-06:00,2026-09-29T17:00:00-06:00,146,COLDPLATE_LOOP,20,1,false,true,true,OPEN,SUPERSEDED
TEN-COOLIT-SYN-001,SITE-COOLIT-SYN-01,ERP,OPERATION_SCHEDULE,OPSCH-4-00147,MESOP-00147,RESOLVED,2026-09-25T23:59:59-06:00,2026-09-26T08:00:00-06:00,2026-06-29T00:00:00-06:00,,4,OPSCH-3-00147,false,ACTIVE,,,VALID,CURRENT,coolit-synthetic-v2.0.0,ALL_SYNTHETIC_CUSTOMERS,ALL_SYNTHETIC_PROGRAMS,CFG-CPL-04,SYNTHETIC_INTERNAL,SNP-COOLIT-20260925-BL,SCN-BASELINE,OPSCH-4-00147,SCH-V4,WO-0027,MESOP-00147,30,TEST-LEAK-01,2026-09-30T07:00:00-06:00,2026-09-30T17:00:00-06:00,147,COLDPLATE_LOOP,5,1,true,true,true,OPEN,SUPERSEDED
TEN-COOLIT-SYN-001,SITE-COOLIT-SYN-01,ERP,OPERATION_SCHEDULE,OPSCH-4-00148,MESOP-00148,RESOLVED,2026-09-25T23:59:59-06:00,2026-09-26T08:00:00-06:00,2026-06-29T00:00:00-06:00,,4,OPSCH-3-00148,false,ACTIVE,,,VALID,CURRENT,coolit-synthetic-v2.0.0,ALL_SYNTHETIC_CUSTOMERS,ALL_SYNTHETIC_PROGRAMS,CFG-CPL-04,SYNTHETIC_INTERNAL,SNP-COOLIT-20260925-BL,SCN-BASELINE,OPSCH-4-00148,SCH-V4,WO-0027,MESOP-00148,40,TEST-LEAK-01,2026-10-01T07:00:00-06:00,2026-10-01T17:00:00-06:00,148,COLDPLATE_LOOP,5,2,true,true,true,OPEN,SUPERSEDED
TEN-COOLIT-SYN-001,SITE-COOLIT-SYN-01,ERP,OPERATION_SCHEDULE,OPSCH-4-00149,MESOP-00149,RESOLVED,2026-09-25T23:59:59-06:00,2026-09-26T08:00:00-06:00,2026-06-29T00:00:00-06:00,,4,OPSCH-3-00149,false,ACTIVE,,,VALID,CURRENT,coolit-synthetic-v2.0.0,ALL_SYNTHETIC_CUSTOMERS,ALL_SYNTHETIC_PROGRAMS,CFG-CDU-03,SYNTHETIC_INTERNAL,SNP-COOLIT-20260925-BL,SCN-BASELINE,OPSCH-4-00149,SCH-V4,WO-0028,MESOP-00149,10,CELL-ROBOT-01,2026-10-02T07:00:00-06:00,2026-10-02T17:00:00-06:00,149,COOLANT_DISTRIBUTION_UNIT,5,1,true,true,true,OPEN,SUPERSEDED
TEN-COOLIT-SYN-001,SITE-COOLIT-SYN-01,ERP,OPERATION_SCHEDULE,OPSCH-4-00150,MESOP-00150,RESOLVED,2026-09-25T23:59:59-06:00,2026-09-26T08:00:00-06:00,2026-06-29T00:00:00-06:00,,4,OPSCH-3-00150,false,ACTIVE,,,VALID,CURRENT,coolit-synthetic-v2.0.0,ALL_SYNTHETIC_CUSTOMERS,ALL_SYNTHETIC_PROGRAMS,CFG-CDU-03,SYNTHETIC_INTERNAL,SNP-COOLIT-20260925-BL,SCN-BASELINE,OPSCH-4-00150,SCH-V4,WO-0028,MESOP-00150,20,LINE-CDU-01,2026-10-03T07:00:00-06:00,2026-10-03T17:00:00-06:00,150,COOLANT_DISTRIBUTION_UNIT,20,1,true,true,true,OPEN,SUPERSEDED
TEN-COOLIT-SYN-001,SITE-COOLIT-SYN-01,ERP,OPERATION_SCHEDULE,OPSCH-4-00151,MESOP-00151,RESOLVED,2026-09-25T23:59:59-06:00,2026-09-26T08:00:00-06:00,2026-06-29T00:00:00-06:00,,4,OPSCH-3-00151,false,ACTIVE,,,VALID,CURRENT,coolit-synthetic-v2.0.0,ALL_SYNTHETIC_CUSTOMERS,ALL_SYNTHETIC_PROGRAMS,CFG-CDU-03,SYNTHETIC_INTERNAL,SNP-COOLIT-20260925-BL,SCN-BASELINE,OPSCH-4-00151,SCH-V4,WO-0028,MESOP-00151,30,TEST-LEAK-01,2026-10-04T07:00:00-06:00,2026-10-04T17:00:00-06:00,151,COOLANT_DISTRIBUTION_UNIT,5,1,true,true,true,OPEN,SUPERSEDED
TEN-COOLIT-SYN-001,SITE-COOLIT-SYN-01,ERP,OPERATION_SCHEDULE,OPSCH-4-00152,MESOP-00152,RESOLVED,2026-09-25T23:59:59-06:00,2026-09-26T08:00:00-06:00,2026-06-29T00:00:00-06:00,,4,OPSCH-3-00152,false,ACTIVE,,,VALID,CURRENT,coolit-synthetic-v2.0.0,ALL_SYNTHETIC_CUSTOMERS,ALL_SYNTHETIC_PROGRAMS,CFG-CDU-03,SYNTHETIC_INTERNAL,SNP-COOLIT-20260925-BL,SCN-BASELINE,OPSCH-4-00152,SCH-V4,WO-0028,MESOP-00152,40,TEST-LEAK-01,2026-10-05T07:00:00-06:00,2026-10-05T17:00:00-06:00,152,COOLANT_DISTRIBUTION_UNIT,5,2,true,true,true,OPEN,SUPERSEDED
TEN-COOLIT-SYN-001,SITE-COOLIT-SYN-01,ERP,OPERATION_SCHEDULE,OPSCH-4-00153,MESOP-00153,RESOLVED,2026-09-25T23:59:59-06:00,2026-09-26T08:00:00-06:00,2026-06-29T00:00:00-06:00,,4,OPSCH-3-00153,false,ACTIVE,,,VALID,CURRENT,coolit-synthetic-v2.0.0,ALL_SYNTHETIC_CUSTOMERS,ALL_SYNTHETIC_PROGRAMS,CFG-RM-02,SYNTHETIC_INTERNAL,SNP-COOLIT-20260925-BL,SCN-BASELINE,OPSCH-4-00153,SCH-V4,WO-0029,MESOP-00153,10,CELL-ROBOT-01,2026-10-06T07:00:00-06:00,2026-10-06T17:00:00-06:00,153,RACK_MANIFOLD,5,1,true,true,true,OPEN,SUPERSEDED
TEN-COOLIT-SYN-001,SITE-COOLIT-SYN-01,ERP,OPERATION_SCHEDULE,OPSCH-4-00154,MESOP-00154,RESOLVED,2026-09-25T23:59:59-06:00,2026-09-26T08:00:00-06:00,2026-06-29T00:00:00-06:00,,4,OPSCH-3-00154,false,ACTIVE,,,VALID,CURRENT,coolit-synthetic-v2.0.0,ALL_SYNTHETIC_CUSTOMERS,ALL_SYNTHETIC_PROGRAMS,CFG-RM-02,SYNTHETIC_INTERNAL,SNP-COOLIT-20260925-BL,SCN-BASELINE,OPSCH-4-00154,SCH-V4,WO-0029,MESOP-00154,20,LINE-RM-01,2026-10-07T07:00:00-06:00,2026-10-07T17:00:00-06:00,154,RACK_MANIFOLD,20,1,true,true,true,OPEN,SUPERSEDED
TEN-COOLIT-SYN-001,SITE-COOLIT-SYN-01,ERP,OPERATION_SCHEDULE,OPSCH-4-00155,MESOP-00155,RESOLVED,2026-09-25T23:59:59-06:00,2026-09-26T08:00:00-06:00,2026-06-29T00:00:00-06:00,,4,OPSCH-3-00155,false,ACTIVE,,,VALID,CURRENT,coolit-synthetic-v2.0.0,ALL_SYNTHETIC_CUSTOMERS,ALL_SYNTHETIC_PROGRAMS,CFG-RM-02,SYNTHETIC_INTERNAL,SNP-COOLIT-20260925-BL,SCN-BASELINE,OPSCH-4-00155,SCH-V4,WO-0029,MESOP-00155,30,TEST-LEAK-01,2026-10-08T07:00:00-06:00,2026-10-08T17:00:00-06:00,155,RACK_MANIFOLD,5,1,true,true,true,OPEN,SUPERSEDED
TEN-COOLIT-SYN-001,SITE-COOLIT-SYN-01,ERP,OPERATION_SCHEDULE,OPSCH-4-00156,MESOP-00156,RESOLVED,2026-09-25T23:59:59-06:00,2026-09-26T08:00:00-06:00,2026-06-29T00:00:00-06:00,,4,OPSCH-3-00156,false,ACTIVE,,,VALID,CURRENT,coolit-synthetic-v2.0.0,ALL_SYNTHETIC_CUSTOMERS,ALL_SYNTHETIC_PROGRAMS,CFG-RM-02,SYNTHETIC_INTERNAL,SNP-COOLIT-20260925-BL,SCN-BASELINE,OPSCH-4-00156,SCH-V4,WO-0029,MESOP-00156,40,TEST-LEAK-01,2026-10-09T07:00:00-06:00,2026-10-09T17:00:00-06:00,156,RACK_MANIFOLD,5,2,true,false,true,OPEN,SUPERSEDED
TEN-COOLIT-SYN-001,SITE-COOLIT-SYN-01,ERP,OPERATION_SCHEDULE,OPSCH-4-00157,MESOP-00157,RESOLVED,2026-09-25T23:59:59-06:00,2026-09-26T08:00:00-06:00,2026-06-29T00:00:00-06:00,,4,OPSCH-3-00157,false,ACTIVE,,,VALID,CURRENT,coolit-synthetic-v2.0.0,ALL_SYNTHETIC_CUSTOMERS,ALL_SYNTHETIC_PROGRAMS,CFG-CPL-01,SYNTHETIC_INTERNAL,SNP-COOLIT-20260925-BL,SCN-BASELINE,OPSCH-4-00157,SCH-V4,WO-0030,MESOP-00157,10,CELL-ROBOT-01,2026-10-10T07:00:00-06:00,2026-10-10T17:00:00-06:00,157,COLDPLATE_LOOP,5,1,true,true,true,OPEN,SUPERSEDED
TEN-COOLIT-SYN-001,SITE-COOLIT-SYN-01,ERP,OPERATION_SCHEDULE,OPSCH-4-00158,MESOP-00158,RESOLVED,2026-09-25T23:59:59-06:00,2026-09-26T08:00:00-06:00,2026-06-29T00:00:00-06:00,,4,OPSCH-3-00158,false,ACTIVE,,,VALID,CURRENT,coolit-synthetic-v2.0.0,ALL_SYNTHETIC_CUSTOMERS,ALL_SYNTHETIC_PROGRAMS,CFG-CPL-01,SYNTHETIC_INTERNAL,SNP-COOLIT-20260925-BL,SCN-BASELINE,OPSCH-4-00158,SCH-V4,WO-0030,MESOP-00158,20,LINE-CPL-01,2026-10-11T07:00:00-06:00,2026-10-11T17:00:00-06:00,158,COLDPLATE_LOOP,20,1,true,true,true,OPEN,SUPERSEDED
TEN-COOLIT-SYN-001,SITE-COOLIT-SYN-01,ERP,OPERATION_SCHEDULE,OPSCH-4-00159,MESOP-00159,RESOLVED,2026-09-25T23:59:59-06:00,2026-09-26T08:00:00-06:00,2026-06-29T00:00:00-06:00,,4,OPSCH-3-00159,false,ACTIVE,,,VALID,CURRENT,coolit-synthetic-v2.0.0,ALL_SYNTHETIC_CUSTOMERS,ALL_SYNTHETIC_PROGRAMS,CFG-CPL-01,SYNTHETIC_INTERNAL,SNP-COOLIT-20260925-BL,SCN-BASELINE,OPSCH-4-00159,SCH-V4,WO-0030,MESOP-00159,30,TEST-LEAK-01,2026-10-12T07:00:00-06:00,2026-10-12T17:00:00-06:00,159,COLDPLATE_LOOP,5,1,true,true,true,OPEN,SUPERSEDED
TEN-COOLIT-SYN-001,SITE-COOLIT-SYN-01,ERP,OPERATION_SCHEDULE,OPSCH-4-00160,MESOP-00160,RESOLVED,2026-09-25T23:59:59-06:00,2026-09-26T08:00:00-06:00,2026-06-29T00:00:00-06:00,,4,OPSCH-3-00160,false,ACTIVE,,,VALID,CURRENT,coolit-synthetic-v2.0.0,ALL_SYNTHETIC_CUSTOMERS,ALL_SYNTHETIC_PROGRAMS,CFG-CPL-01,SYNTHETIC_INTERNAL,SNP-COOLIT-20260925-BL,SCN-BASELINE,OPSCH-4-00160,SCH-V4,WO-0030,MESOP-00160,40,TEST-LEAK-01,2026-10-13T07:00:00-06:00,2026-10-13T17:00:00-06:00,160,COLDPLATE_LOOP,5,2,true,true,true,OPEN,SUPERSEDED
TEN-COOLIT-SYN-001,SITE-COOLIT-SYN-01,ERP,OPERATION_SCHEDULE,OPSCH-4-00161,MESOP-00161,RESOLVED,2026-09-25T23:59:59-06:00,2026-09-26T08:00:00-06:00,2026-06-29T00:00:00-06:00,,4,OPSCH-3-00161,false,ACTIVE,,,VALID,CURRENT,coolit-synthetic-v2.0.0,ALL_SYNTHETIC_CUSTOMERS,ALL_SYNTHETIC_PROGRAMS,CFG-RM-04,SYNTHETIC_INTERNAL,SNP-COOLIT-20260925-BL,SCN-BASELINE,OPSCH-4-00161,SCH-V4,WO-0031,MESOP-00161,10,CELL-ROBOT-01,2026-10-14T07:00:00-06:00,2026-10-14T17:00:00-06:00,161,RACK_MANIFOLD,5,1,true,true,true,OPEN,SUPERSEDED
TEN-COOLIT-SYN-001,SITE-COOLIT-SYN-01,ERP,OPERATION_SCHEDULE,OPSCH-4-00162,MESOP-00162,RESOLVED,2026-09-25T23:59:59-06:00,2026-09-26T08:00:00-06:00,2026-06-29T00:00:00-06:00,,4,OPSCH-3-00162,false,ACTIVE,,,VALID,CURRENT,coolit-synthetic-v2.0.0,ALL_SYNTHETIC_CUSTOMERS,ALL_SYNTHETIC_PROGRAMS,CFG-RM-04,SYNTHETIC_INTERNAL,SNP-COOLIT-20260925-BL,SCN-BASELINE,OPSCH-4-00162,SCH-V4,WO-0031,MESOP-00162,20,LINE-RM-01,2026-10-15T07:00:00-06:00,2026-10-15T17:00:00-06:00,162,RACK_MANIFOLD,20,1,true,true,true,OPEN,SUPERSEDED
TEN-COOLIT-SYN-001,SITE-COOLIT-SYN-01,ERP,OPERATION_SCHEDULE,OPSCH-4-00163,MESOP-00163,RESOLVED,2026-09-25T23:59:59-06:00,2026-09-26T08:00:00-06:00,2026-06-29T00:00:00-06:00,,4,OPSCH-3-00163,false,ACTIVE,,,VALID,CURRENT,coolit-synthetic-v2.0.0,ALL_SYNTHETIC_CUSTOMERS,ALL_SYNTHETIC_PROGRAMS,CFG-RM-04,SYNTHETIC_INTERNAL,SNP-COOLIT-20260925-BL,SCN-BASELINE,OPSCH-4-00163,SCH-V4,WO-0031,MESOP-00163,30,TEST-LEAK-01,2026-10-16T07:00:00-06:00,2026-10-16T17:00:00-06:00,163,RACK_MANIFOLD,5,1,true,true,true,OPEN,SUPERSEDED
TEN-COOLIT-SYN-001,SITE-COOLIT-SYN-01,ERP,OPERATION_SCHEDULE,OPSCH-4-00164,MESOP-00164,RESOLVED,2026-09-25T23:59:59-06:00,2026-09-26T08:00:00-06:00,2026-06-29T00:00:00-06:00,,4,OPSCH-3-00164,false,ACTIVE,,,VALID,CURRENT,coolit-synthetic-v2.0.0,ALL_SYNTHETIC_CUSTOMERS,ALL_SYNTHETIC_PROGRAMS,CFG-RM-04,SYNTHETIC_INTERNAL,SNP-COOLIT-20260925-BL,SCN-BASELINE,OPSCH-4-00164,SCH-V4,WO-0031,MESOP-00164,40,TEST-LEAK-01,2026-10-17T07:00:00-06:00,2026-10-17T17:00:00-06:00,164,RACK_MANIFOLD,5,2,true,true,true,OPEN,SUPERSEDED
TEN-COOLIT-SYN-001,SITE-COOLIT-SYN-01,ERP,OPERATION_SCHEDULE,OPSCH-4-00165,MESOP-00165,RESOLVED,2026-09-25T23:59:59-06:00,2026-09-26T08:00:00-06:00,2026-06-29T00:00:00-06:00,,4,OPSCH-3-00165,false,ACTIVE,,,VALID,CURRENT,coolit-synthetic-v2.0.0,ALL_SYNTHETIC_CUSTOMERS,ALL_SYNTHETIC_PROGRAMS,CFG-CPL-03,SYNTHETIC_INTERNAL,SNP-COOLIT-20260925-BL,SCN-BASELINE,OPSCH-4-00165,SCH-V4,WO-0032,MESOP-00165,10,CELL-ROBOT-01,2026-10-18T07:00:00-06:00,2026-10-18T17:00:00-06:00,165,COLDPLATE_LOOP,5,1,true,true,true,OPEN,SUPERSEDED
TEN-COOLIT-SYN-001,SITE-COOLIT-SYN-01,ERP,OPERATION_SCHEDULE,OPSCH-4-00166,MESOP-00166,RESOLVED,2026-09-25T23:59:59-06:00,2026-09-26T08:00:00-06:00,2026-06-29T00:00:00-06:00,,4,OPSCH-3-00166,false,ACTIVE,,,VALID,CURRENT,coolit-synthetic-v2.0.0,ALL_SYNTHETIC_CUSTOMERS,ALL_SYNTHETIC_PROGRAMS,CFG-CPL-03,SYNTHETIC_INTERNAL,SNP-COOLIT-20260925-BL,SCN-BASELINE,OPSCH-4-00166,SCH-V4,WO-0032,MESOP-00166,20,LINE-CPL-01,2026-10-19T07:00:00-06:00,2026-10-19T17:00:00-06:00,166,COLDPLATE_LOOP,20,1,true,true,true,OPEN,SUPERSEDED
TEN-COOLIT-SYN-001,SITE-COOLIT-SYN-01,ERP,OPERATION_SCHEDULE,OPSCH-4-00167,MESOP-00167,RESOLVED,2026-09-25T23:59:59-06:00,2026-09-26T08:00:00-06:00,2026-06-29T00:00:00-06:00,,4,OPSCH-3-00167,false,ACTIVE,,,VALID,CURRENT,coolit-synthetic-v2.0.0,ALL_SYNTHETIC_CUSTOMERS,ALL_SYNTHETIC_PROGRAMS,CFG-CPL-03,SYNTHETIC_INTERNAL,SNP-COOLIT-20260925-BL,SCN-BASELINE,OPSCH-4-00167,SCH-V4,WO-0032,MESOP-00167,30,TEST-LEAK-01,2026-10-20T07:00:00-06:00,2026-10-20T17:00:00-06:00,167,COLDPLATE_LOOP,5,1,true,true,true,OPEN,SUPERSEDED
TEN-COOLIT-SYN-001,SITE-COOLIT-SYN-01,ERP,OPERATION_SCHEDULE,OPSCH-4-00168,MESOP-00168,RESOLVED,2026-09-25T23:59:59-06:00,2026-09-26T08:00:00-06:00,2026-06-29T00:00:00-06:00,,4,OPSCH-3-00168,false,ACTIVE,,,VALID,CURRENT,coolit-synthetic-v2.0.0,ALL_SYNTHETIC_CUSTOMERS,ALL_SYNTHETIC_PROGRAMS,CFG-CPL-03,SYNTHETIC_INTERNAL,SNP-COOLIT-20260925-BL,SCN-BASELINE,OPSCH-4-00168,SCH-V4,WO-0032,MESOP-00168,40,TEST-LEAK-01,2026-10-21T07:00:00-06:00,2026-10-21T17:00:00-06:00,168,COLDPLATE_LOOP,5,2,true,true,true,OPEN,SUPERSEDED
TEN-COOLIT-SYN-001,SITE-COOLIT-SYN-01,ERP,OPERATION_SCHEDULE,OPSCH-4-00169,MESOP-00169,RESOLVED,2026-09-25T23:59:59-06:00,2026-09-26T08:00:00-06:00,2026-06-29T00:00:00-06:00,,4,OPSCH-3-00169,false,ACTIVE,,,VALID,CURRENT,coolit-synthetic-v2.0.0,ALL_SYNTHETIC_CUSTOMERS,ALL_SYNTHETIC_PROGRAMS,CFG-CDU-02,SYNTHETIC_INTERNAL,SNP-COOLIT-20260925-BL,SCN-BASELINE,OPSCH-4-00169,SCH-V4,WO-0033,MESOP-00169,10,CELL-ROBOT-01,2026-10-22T07:00:00-06:00,2026-10-22T17:00:00-06:00,169,COOLANT_DISTRIBUTION_UNIT,5,1,true,true,true,OPEN,SUPERSEDED
TEN-COOLIT-SYN-001,SITE-COOLIT-SYN-01,ERP,OPERATION_SCHEDULE,OPSCH-4-00170,MESOP-00170,RESOLVED,2026-09-25T23:59:59-06:00,2026-09-26T08:00:00-06:00,2026-06-29T00:00:00-06:00,,4,OPSCH-3-00170,false,ACTIVE,,,VALID,CURRENT,coolit-synthetic-v2.0.0,ALL_SYNTHETIC_CUSTOMERS,ALL_SYNTHETIC_PROGRAMS,CFG-CDU-02,SYNTHETIC_INTERNAL,SNP-COOLIT-20260925-BL,SCN-BASELINE,OPSCH-4-00170,SCH-V4,WO-0033,MESOP-00170,20,LINE-CDU-01,2026-10-23T07:00:00-06:00,2026-10-23T17:00:00-06:00,170,COOLANT_DISTRIBUTION_UNIT,20,1,true,true,true,OPEN,SUPERSEDED
TEN-COOLIT-SYN-001,SITE-COOLIT-SYN-01,ERP,OPERATION_SCHEDULE,OPSCH-4-00171,MESOP-00171,RESOLVED,2026-09-25T23:59:59-06:00,2026-09-26T08:00:00-06:00,2026-06-29T00:00:00-06:00,,4,OPSCH-3-00171,false,ACTIVE,,,VALID,CURRENT,coolit-synthetic-v2.0.0,ALL_SYNTHETIC_CUSTOMERS,ALL_SYNTHETIC_PROGRAMS,CFG-CDU-02,SYNTHETIC_INTERNAL,SNP-COOLIT-20260925-BL,SCN-BASELINE,OPSCH-4-00171,SCH-V4,WO-0033,MESOP-00171,30,TEST-LEAK-01,2026-10-24T07:00:00-06:00,2026-10-24T17:00:00-06:00,171,COOLANT_DISTRIBUTION_UNIT,5,1,true,true,true,OPEN,SUPERSEDED
TEN-COOLIT-SYN-001,SITE-COOLIT-SYN-01,ERP,OPERATION_SCHEDULE,OPSCH-4-00172,MESOP-00172,RESOLVED,2026-09-25T23:59:59-06:00,2026-09-26T08:00:00-06:00,2026-06-29T00:00:00-06:00,,4,OPSCH-3-00172,false,ACTIVE,,,VALID,CURRENT,coolit-synthetic-v2.0.0,ALL_SYNTHETIC_CUSTOMERS,ALL_SYNTHETIC_PROGRAMS,CFG-CDU-02,SYNTHETIC_INTERNAL,SNP-COOLIT-20260925-BL,SCN-BASELINE,OPSCH-4-00172,SCH-V4,WO-0033,MESOP-00172,40,TEST-LEAK-01,2026-10-25T07:00:00-06:00,2026-10-25T17:00:00-06:00,172,COOLANT_DISTRIBUTION_UNIT,5,2,true,true,true,OPEN,SUPERSEDED
TEN-COOLIT-SYN-001,SITE-COOLIT-SYN-01,ERP,OPERATION_SCHEDULE,OPSCH-4-00173,MESOP-00173,RESOLVED,2026-09-25T23:59:59-06:00,2026-09-26T08:00:00-06:00,2026-06-29T00:00:00-06:00,,4,OPSCH-3-00173,false,ACTIVE,,,VALID,CURRENT,coolit-synthetic-v2.0.0,ALL_SYNTHETIC_CUSTOMERS,ALL_SYNTHETIC_PROGRAMS,CFG-RM-01,SYNTHETIC_INTERNAL,SNP-COOLIT-20260925-BL,SCN-BASELINE,OPSCH-4-00173,SCH-V4,WO-0034,MESOP-00173,10,CELL-ROBOT-01,2026-10-26T07:00:00-06:00,2026-10-26T17:00:00-06:00,173,RACK_MANIFOLD,5,1,true,true,true,OPEN,SUPERSEDED
TEN-COOLIT-SYN-001,SITE-COOLIT-SYN-01,ERP,OPERATION_SCHEDULE,OPSCH-4-00174,MESOP-00174,RESOLVED,2026-09-25T23:59:59-06:00,2026-09-26T08:00:00-06:00,2026-06-29T00:00:00-06:00,,4,OPSCH-3-00174,false,ACTIVE,,,VALID,CURRENT,coolit-synthetic-v2.0.0,ALL_SYNTHETIC_CUSTOMERS,ALL_SYNTHETIC_PROGRAMS,CFG-RM-01,SYNTHETIC_INTERNAL,SNP-COOLIT-20260925-BL,SCN-BASELINE,OPSCH-4-00174,SCH-V4,WO-0034,MESOP-00174,20,LINE-RM-01,2026-10-27T07:00:00-06:00,2026-10-27T17:00:00-06:00,174,RACK_MANIFOLD,20,1,true,true,true,OPEN,SUPERSEDED
TEN-COOLIT-SYN-001,SITE-COOLIT-SYN-01,ERP,OPERATION_SCHEDULE,OPSCH-4-00175,MESOP-00175,RESOLVED,2026-09-25T23:59:59-06:00,2026-09-26T08:00:00-06:00,2026-06-29T00:00:00-06:00,,4,OPSCH-3-00175,false,ACTIVE,,,VALID,CURRENT,coolit-synthetic-v2.0.0,ALL_SYNTHETIC_CUSTOMERS,ALL_SYNTHETIC_PROGRAMS,CFG-RM-01,SYNTHETIC_INTERNAL,SNP-COOLIT-20260925-BL,SCN-BASELINE,OPSCH-4-00175,SCH-V4,WO-0034,MESOP-00175,30,TEST-LEAK-01,2026-10-28T07:00:00-06:00,2026-10-28T17:00:00-06:00,175,RACK_MANIFOLD,5,1,false,true,true,OPEN,SUPERSEDED
TEN-COOLIT-SYN-001,SITE-COOLIT-SYN-01,ERP,OPERATION_SCHEDULE,OPSCH-4-00176,MESOP-00176,RESOLVED,2026-09-25T23:59:59-06:00,2026-09-26T08:00:00-06:00,2026-06-29T00:00:00-06:00,,4,OPSCH-3-00176,false,ACTIVE,,,VALID,CURRENT,coolit-synthetic-v2.0.0,ALL_SYNTHETIC_CUSTOMERS,ALL_SYNTHETIC_PROGRAMS,CFG-RM-01,SYNTHETIC_INTERNAL,SNP-COOLIT-20260925-BL,SCN-BASELINE,OPSCH-4-00176,SCH-V4,WO-0034,MESOP-00176,40,TEST-LEAK-01,2026-10-29T07:00:00-06:00,2026-10-29T17:00:00-06:00,176,RACK_MANIFOLD,5,2,true,true,true,OPEN,SUPERSEDED
TEN-COOLIT-SYN-001,SITE-COOLIT-SYN-01,ERP,OPERATION_SCHEDULE,OPSCH-4-00177,MESOP-00177,RESOLVED,2026-09-25T23:59:59-06:00,2026-09-26T08:00:00-06:00,2026-06-29T00:00:00-06:00,,4,OPSCH-3-00177,false,ACTIVE,,,VALID,CURRENT,coolit-synthetic-v2.0.0,ALL_SYNTHETIC_CUSTOMERS,ALL_SYNTHETIC_PROGRAMS,CFG-CDU-04,SYNTHETIC_INTERNAL,SNP-COOLIT-20260925-BL,SCN-BASELINE,OPSCH-4-00177,SCH-V4,WO-0035,MESOP-00177,10,CELL-ROBOT-01,2026-10-30T07:00:00-06:00,2026-10-30T17:00:00-06:00,177,COOLANT_DISTRIBUTION_UNIT,5,1,true,true,true,OPEN,SUPERSEDED
TEN-COOLIT-SYN-001,SITE-COOLIT-SYN-01,ERP,OPERATION_SCHEDULE,OPSCH-4-00178,MESOP-00178,RESOLVED,2026-09-25T23:59:59-06:00,2026-09-26T08:00:00-06:00,2026-06-29T00:00:00-06:00,,4,OPSCH-3-00178,false,ACTIVE,,,VALID,CURRENT,coolit-synthetic-v2.0.0,ALL_SYNTHETIC_CUSTOMERS,ALL_SYNTHETIC_PROGRAMS,CFG-CDU-04,SYNTHETIC_INTERNAL,SNP-COOLIT-20260925-BL,SCN-BASELINE,OPSCH-4-00178,SCH-V4,WO-0035,MESOP-00178,20,LINE-CDU-01,2026-10-31T07:00:00-06:00,2026-10-31T17:00:00-06:00,178,COOLANT_DISTRIBUTION_UNIT,20,1,true,true,true,OPEN,SUPERSEDED
TEN-COOLIT-SYN-001,SITE-COOLIT-SYN-01,ERP,OPERATION_SCHEDULE,OPSCH-4-00179,MESOP-00179,RESOLVED,2026-09-25T23:59:59-06:00,2026-09-26T08:00:00-06:00,2026-06-29T00:00:00-06:00,,4,OPSCH-3-00179,false,ACTIVE,,,VALID,CURRENT,coolit-synthetic-v2.0.0,ALL_SYNTHETIC_CUSTOMERS,ALL_SYNTHETIC_PROGRAMS,CFG-CDU-04,SYNTHETIC_INTERNAL,SNP-COOLIT-20260925-BL,SCN-BASELINE,OPSCH-4-00179,SCH-V4,WO-0035,MESOP-00179,30,TEST-LEAK-01,2026-11-01T07:00:00-06:00,2026-11-01T17:00:00-06:00,179,COOLANT_DISTRIBUTION_UNIT,5,1,true,true,true,OPEN,SUPERSEDED
TEN-COOLIT-SYN-001,SITE-COOLIT-SYN-01,ERP,OPERATION_SCHEDULE,OPSCH-4-00180,MESOP-00180,RESOLVED,2026-09-25T23:59:59-06:00,2026-09-26T08:00:00-06:00,2026-06-29T00:00:00-06:00,,4,OPSCH-3-00180,false,ACTIVE,,,VALID,CURRENT,coolit-synthetic-v2.0.0,ALL_SYNTHETIC_CUSTOMERS,ALL_SYNTHETIC_PROGRAMS,CFG-CDU-04,SYNTHETIC_INTERNAL,SNP-COOLIT-20260925-BL,SCN-BASELINE,OPSCH-4-00180,SCH-V4,WO-0035,MESOP-00180,40,TEST-LEAK-01,2026-11-02T07:00:00-06:00,2026-11-02T17:00:00-06:00,180,COOLANT_DISTRIBUTION_UNIT,5,2,true,true,true,OPEN,SUPERSEDED
TEN-COOLIT-SYN-001,SITE-COOLIT-SYN-01,ERP,OPERATION_SCHEDULE,OPSCH-4-00181,MESOP-00181,RESOLVED,2026-09-25T23:59:59-06:00,2026-09-26T08:00:00-06:00,2026-06-29T00:00:00-06:00,,4,OPSCH-3-00181,false,ACTIVE,,,VALID,CURRENT,coolit-synthetic-v2.0.0,ALL_SYNTHETIC_CUSTOMERS,ALL_SYNTHETIC_PROGRAMS,CFG-RM-03,SYNTHETIC_INTERNAL,SNP-COOLIT-20260925-BL,SCN-BASELINE,OPSCH-4-00181,SCH-V4,WO-0036,MESOP-00181,10,CELL-ROBOT-01,2026-11-03T07:00:00-06:00,2026-11-03T17:00:00-06:00,181,RACK_MANIFOLD,5,1,true,true,true,OPEN,SUPERSEDED
TEN-COOLIT-SYN-001,SITE-COOLIT-SYN-01,ERP,OPERATION_SCHEDULE,OPSCH-4-00182,MESOP-00182,RESOLVED,2026-09-25T23:59:59-06:00,2026-09-26T08:00:00-06:00,2026-06-29T00:00:00-06:00,,4,OPSCH-3-00182,false,ACTIVE,,,VALID,CURRENT,coolit-synthetic-v2.0.0,ALL_SYNTHETIC_CUSTOMERS,ALL_SYNTHETIC_PROGRAMS,CFG-RM-03,SYNTHETIC_INTERNAL,SNP-COOLIT-20260925-BL,SCN-BASELINE,OPSCH-4-00182,SCH-V4,WO-0036,MESOP-00182,20,LINE-RM-01,2026-11-04T07:00:00-06:00,2026-11-04T17:00:00-06:00,182,RACK_MANIFOLD,20,1,true,true,true,OPEN,SUPERSEDED
TEN-COOLIT-SYN-001,SITE-COOLIT-SYN-01,ERP,OPERATION_SCHEDULE,OPSCH-4-00183,MESOP-00183,RESOLVED,2026-09-25T23:59:59-06:00,2026-09-26T08:00:00-06:00,2026-06-29T00:00:00-06:00,,4,OPSCH-3-00183,false,ACTIVE,,,VALID,CURRENT,coolit-synthetic-v2.0.0,ALL_SYNTHETIC_CUSTOMERS,ALL_SYNTHETIC_PROGRAMS,CFG-RM-03,SYNTHETIC_INTERNAL,SNP-COOLIT-20260925-BL,SCN-BASELINE,OPSCH-4-00183,SCH-V4,WO-0036,MESOP-00183,30,TEST-LEAK-01,2026-11-05T07:00:00-06:00,2026-11-05T17:00:00-06:00,183,RACK_MANIFOLD,5,1,true,true,true,OPEN,SUPERSEDED
TEN-COOLIT-SYN-001,SITE-COOLIT-SYN-01,ERP,OPERATION_SCHEDULE,OPSCH-4-00184,MESOP-00184,RESOLVED,2026-09-25T23:59:59-06:00,2026-09-26T08:00:00-06:00,2026-06-29T00:00:00-06:00,,4,OPSCH-3-00184,false,ACTIVE,,,VALID,CURRENT,coolit-synthetic-v2.0.0,ALL_SYNTHETIC_CUSTOMERS,ALL_SYNTHETIC_PROGRAMS,CFG-RM-03,SYNTHETIC_INTERNAL,SNP-COOLIT-20260925-BL,SCN-BASELINE,OPSCH-4-00184,SCH-V4,WO-0036,MESOP-00184,40,TEST-LEAK-01,2026-11-06T07:00:00-06:00,2026-11-06T17:00:00-06:00,184,RACK_MANIFOLD,5,2,true,true,true,OPEN,SUPERSEDED
TEN-COOLIT-SYN-001,SITE-COOLIT-SYN-01,ERP,OPERATION_SCHEDULE,OPSCH-4-00185,MESOP-00185,RESOLVED,2026-09-25T23:59:59-06:00,2026-09-26T08:00:00-06:00,2026-06-29T00:00:00-06:00,,4,OPSCH-3-00185,false,ACTIVE,,,VALID,CURRENT,coolit-synthetic-v2.0.0,ALL_SYNTHETIC_CUSTOMERS,ALL_SYNTHETIC_PROGRAMS,CFG-CPL-02,SYNTHETIC_INTERNAL,SNP-COOLIT-20260925-BL,SCN-BASELINE,OPSCH-4-00185,SCH-V4,WO-0037,MESOP-00185,10,CELL-ROBOT-01,2026-11-07T07:00:00-06:00,2026-11-07T17:00:00-06:00,185,COLDPLATE_LOOP,5,1,true,true,true,OPEN,SUPERSEDED
TEN-COOLIT-SYN-001,SITE-COOLIT-SYN-01,ERP,OPERATION_SCHEDULE,OPSCH-4-00186,MESOP-00186,RESOLVED,2026-09-25T23:59:59-06:00,2026-09-26T08:00:00-06:00,2026-06-29T00:00:00-06:00,,4,OPSCH-3-00186,false,ACTIVE,,,VALID,CURRENT,coolit-synthetic-v2.0.0,ALL_SYNTHETIC_CUSTOMERS,ALL_SYNTHETIC_PROGRAMS,CFG-CPL-02,SYNTHETIC_INTERNAL,SNP-COOLIT-20260925-BL,SCN-BASELINE,OPSCH-4-00186,SCH-V4,WO-0037,MESOP-00186,20,LINE-CPL-01,2026-11-08T07:00:00-06:00,2026-11-08T17:00:00-06:00,186,COLDPLATE_LOOP,20,1,true,true,true,OPEN,SUPERSEDED
TEN-COOLIT-SYN-001,SITE-COOLIT-SYN-01,ERP,OPERATION_SCHEDULE,OPSCH-4-00187,MESOP-00187,RESOLVED,2026-09-25T23:59:59-06:00,2026-09-26T08:00:00-06:00,2026-06-29T00:00:00-06:00,,4,OPSCH-3-00187,false,ACTIVE,,,VALID,CURRENT,coolit-synthetic-v2.0.0,ALL_SYNTHETIC_CUSTOMERS,ALL_SYNTHETIC_PROGRAMS,CFG-CPL-02,SYNTHETIC_INTERNAL,SNP-COOLIT-20260925-BL,SCN-BASELINE,OPSCH-4-00187,SCH-V4,WO-0037,MESOP-00187,30,TEST-LEAK-01,2026-11-09T07:00:00-06:00,2026-11-09T17:00:00-06:00,187,COLDPLATE_LOOP,5,1,true,false,true,OPEN,SUPERSEDED
TEN-COOLIT-SYN-001,SITE-COOLIT-SYN-01,ERP,OPERATION_SCHEDULE,OPSCH-4-00188,MESOP-00188,RESOLVED,2026-09-25T23:59:59-06:00,2026-09-26T08:00:00-06:00,2026-06-29T00:00:00-06:00,,4,OPSCH-3-00188,false,ACTIVE,,,VALID,CURRENT,coolit-synthetic-v2.0.0,ALL_SYNTHETIC_CUSTOMERS,ALL_SYNTHETIC_PROGRAMS,CFG-CPL-02,SYNTHETIC_INTERNAL,SNP-COOLIT-20260925-BL,SCN-BASELINE,OPSCH-4-00188,SCH-V4,WO-0037,MESOP-00188,40,TEST-LEAK-01,2026-11-10T07:00:00-06:00,2026-11-10T17:00:00-06:00,188,COLDPLATE_LOOP,5,2,true,true,true,OPEN,SUPERSEDED
TEN-COOLIT-SYN-001,SITE-COOLIT-SYN-01,ERP,OPERATION_SCHEDULE,OPSCH-4-00189,MESOP-00189,RESOLVED,2026-09-25T23:59:59-06:00,2026-09-26T08:00:00-06:00,2026-06-29T00:00:00-06:00,,4,OPSCH-3-00189,false,ACTIVE,,,VALID,CURRENT,coolit-synthetic-v2.0.0,ALL_SYNTHETIC_CUSTOMERS,ALL_SYNTHETIC_PROGRAMS,CFG-CDU-01,SYNTHETIC_INTERNAL,SNP-COOLIT-20260925-BL,SCN-BASELINE,OPSCH-4-00189,SCH-V4,WO-0038,MESOP-00189,10,CELL-ROBOT-01,2026-11-11T07:00:00-06:00,2026-11-11T17:00:00-06:00,189,COOLANT_DISTRIBUTION_UNIT,5,1,true,true,true,OPEN,SUPERSEDED
TEN-COOLIT-SYN-001,SITE-COOLIT-SYN-01,ERP,OPERATION_SCHEDULE,OPSCH-4-00190,MESOP-00190,RESOLVED,2026-09-25T23:59:59-06:00,2026-09-26T08:00:00-06:00,2026-06-29T00:00:00-06:00,,4,OPSCH-3-00190,false,ACTIVE,,,VALID,CURRENT,coolit-synthetic-v2.0.0,ALL_SYNTHETIC_CUSTOMERS,ALL_SYNTHETIC_PROGRAMS,CFG-CDU-01,SYNTHETIC_INTERNAL,SNP-COOLIT-20260925-BL,SCN-BASELINE,OPSCH-4-00190,SCH-V4,WO-0038,MESOP-00190,20,LINE-CDU-01,2026-11-12T07:00:00-06:00,2026-11-12T17:00:00-06:00,190,COOLANT_DISTRIBUTION_UNIT,20,1,true,true,true,OPEN,SUPERSEDED
TEN-COOLIT-SYN-001,SITE-COOLIT-SYN-01,ERP,OPERATION_SCHEDULE,OPSCH-4-00191,MESOP-00191,RESOLVED,2026-09-25T23:59:59-06:00,2026-09-26T08:00:00-06:00,2026-06-29T00:00:00-06:00,,4,OPSCH-3-00191,false,ACTIVE,,,VALID,CURRENT,coolit-synthetic-v2.0.0,ALL_SYNTHETIC_CUSTOMERS,ALL_SYNTHETIC_PROGRAMS,CFG-CDU-01,SYNTHETIC_INTERNAL,SNP-COOLIT-20260925-BL,SCN-BASELINE,OPSCH-4-00191,SCH-V4,WO-0038,MESOP-00191,30,TEST-LEAK-01,2026-11-13T07:00:00-06:00,2026-11-13T17:00:00-06:00,191,COOLANT_DISTRIBUTION_UNIT,5,1,true,true,true,OPEN,SUPERSEDED
TEN-COOLIT-SYN-001,SITE-COOLIT-SYN-01,ERP,OPERATION_SCHEDULE,OPSCH-4-00192,MESOP-00192,RESOLVED,2026-09-25T23:59:59-06:00,2026-09-26T08:00:00-06:00,2026-06-29T00:00:00-06:00,,4,OPSCH-3-00192,false,ACTIVE,,,VALID,CURRENT,coolit-synthetic-v2.0.0,ALL_SYNTHETIC_CUSTOMERS,ALL_SYNTHETIC_PROGRAMS,CFG-CDU-01,SYNTHETIC_INTERNAL,SNP-COOLIT-20260925-BL,SCN-BASELINE,OPSCH-4-00192,SCH-V4,WO-0038,MESOP-00192,40,TEST-LEAK-01,2026-11-14T07:00:00-06:00,2026-11-14T17:00:00-06:00,192,COOLANT_DISTRIBUTION_UNIT,5,2,true,true,true,OPEN,SUPERSEDED
TEN-COOLIT-SYN-001,SITE-COOLIT-SYN-01,ERP,OPERATION_SCHEDULE,OPSCH-4-00193,MESOP-00193,RESOLVED,2026-09-25T23:59:59-06:00,2026-09-26T08:00:00-06:00,2026-06-29T00:00:00-06:00,,4,OPSCH-3-00193,false,ACTIVE,,,VALID,CURRENT,coolit-synthetic-v2.0.0,ALL_SYNTHETIC_CUSTOMERS,ALL_SYNTHETIC_PROGRAMS,CFG-CPL-04,SYNTHETIC_INTERNAL,SNP-COOLIT-20260925-BL,SCN-BASELINE,OPSCH-4-00193,SCH-V4,WO-0039,MESOP-00193,10,CELL-ROBOT-01,2026-11-15T07:00:00-06:00,2026-11-15T17:00:00-06:00,193,COLDPLATE_LOOP,5,1,true,true,true,OPEN,SUPERSEDED
TEN-COOLIT-SYN-001,SITE-COOLIT-SYN-01,ERP,OPERATION_SCHEDULE,OPSCH-4-00194,MESOP-00194,RESOLVED,2026-09-25T23:59:59-06:00,2026-09-26T08:00:00-06:00,2026-06-29T00:00:00-06:00,,4,OPSCH-3-00194,false,ACTIVE,,,VALID,CURRENT,coolit-synthetic-v2.0.0,ALL_SYNTHETIC_CUSTOMERS,ALL_SYNTHETIC_PROGRAMS,CFG-CPL-04,SYNTHETIC_INTERNAL,SNP-COOLIT-20260925-BL,SCN-BASELINE,OPSCH-4-00194,SCH-V4,WO-0039,MESOP-00194,20,LINE-CPL-01,2026-11-16T07:00:00-06:00,2026-11-16T17:00:00-06:00,194,COLDPLATE_LOOP,20,1,true,true,true,OPEN,SUPERSEDED
TEN-COOLIT-SYN-001,SITE-COOLIT-SYN-01,ERP,OPERATION_SCHEDULE,OPSCH-4-00195,MESOP-00195,RESOLVED,2026-09-25T23:59:59-06:00,2026-09-26T08:00:00-06:00,2026-06-29T00:00:00-06:00,,4,OPSCH-3-00195,false,ACTIVE,,,VALID,CURRENT,coolit-synthetic-v2.0.0,ALL_SYNTHETIC_CUSTOMERS,ALL_SYNTHETIC_PROGRAMS,CFG-CPL-04,SYNTHETIC_INTERNAL,SNP-COOLIT-20260925-BL,SCN-BASELINE,OPSCH-4-00195,SCH-V4,WO-0039,MESOP-00195,30,TEST-LEAK-01,2026-11-17T07:00:00-06:00,2026-11-17T17:00:00-06:00,195,COLDPLATE_LOOP,5,1,true,true,true,OPEN,SUPERSEDED
TEN-COOLIT-SYN-001,SITE-COOLIT-SYN-01,ERP,OPERATION_SCHEDULE,OPSCH-4-00196,MESOP-00196,RESOLVED,2026-09-25T23:59:59-06:00,2026-09-26T08:00:00-06:00,2026-06-29T00:00:00-06:00,,4,OPSCH-3-00196,false,ACTIVE,,,VALID,CURRENT,coolit-synthetic-v2.0.0,ALL_SYNTHETIC_CUSTOMERS,ALL_SYNTHETIC_PROGRAMS,CFG-CPL-04,SYNTHETIC_INTERNAL,SNP-COOLIT-20260925-BL,SCN-BASELINE,OPSCH-4-00196,SCH-V4,WO-0039,MESOP-00196,40,TEST-LEAK-01,2026-11-18T07:00:00-06:00,2026-11-18T17:00:00-06:00,196,COLDPLATE_LOOP,5,2,true,true,true,OPEN,SUPERSEDED
TEN-COOLIT-SYN-001,SITE-COOLIT-SYN-01,ERP,OPERATION_SCHEDULE,OPSCH-4-00197,MESOP-00197,RESOLVED,2026-09-25T23:59:59-06:00,2026-09-26T08:00:00-06:00,2026-06-29T00:00:00-06:00,,4,OPSCH-3-00197,false,ACTIVE,,,VALID,CURRENT,coolit-synthetic-v2.0.0,ALL_SYNTHETIC_CUSTOMERS,ALL_SYNTHETIC_PROGRAMS,CFG-CDU-03,SYNTHETIC_INTERNAL,SNP-COOLIT-20260925-BL,SCN-BASELINE,OPSCH-4-00197,SCH-V4,WO-0040,MESOP-00197,10,CELL-ROBOT-01,2026-11-19T07:00:00-06:00,2026-11-19T17:00:00-06:00,197,COOLANT_DISTRIBUTION_UNIT,5,1,true,true,true,OPEN,SUPERSEDED
TEN-COOLIT-SYN-001,SITE-COOLIT-SYN-01,ERP,OPERATION_SCHEDULE,OPSCH-4-00198,MESOP-00198,RESOLVED,2026-09-25T23:59:59-06:00,2026-09-26T08:00:00-06:00,2026-06-29T00:00:00-06:00,,4,OPSCH-3-00198,false,ACTIVE,,,VALID,CURRENT,coolit-synthetic-v2.0.0,ALL_SYNTHETIC_CUSTOMERS,ALL_SYNTHETIC_PROGRAMS,CFG-CDU-03,SYNTHETIC_INTERNAL,SNP-COOLIT-20260925-BL,SCN-BASELINE,OPSCH-4-00198,SCH-V4,WO-0040,MESOP-00198,20,LINE-CDU-01,2026-11-20T07:00:00-06:00,2026-11-20T17:00:00-06:00,198,COOLANT_DISTRIBUTION_UNIT,20,1,true,true,true,OPEN,SUPERSEDED
TEN-COOLIT-SYN-001,SITE-COOLIT-SYN-01,ERP,OPERATION_SCHEDULE,OPSCH-4-00199,MESOP-00199,RESOLVED,2026-09-25T23:59:59-06:00,2026-09-26T08:00:00-06:00,2026-06-29T00:00:00-06:00,,4,OPSCH-3-00199,false,ACTIVE,,,VALID,CURRENT,coolit-synthetic-v2.0.0,ALL_SYNTHETIC_CUSTOMERS,ALL_SYNTHETIC_PROGRAMS,CFG-CDU-03,SYNTHETIC_INTERNAL,SNP-COOLIT-20260925-BL,SCN-BASELINE,OPSCH-4-00199,SCH-V4,WO-0040,MESOP-00199,30,TEST-LEAK-01,2026-11-21T07:00:00-06:00,2026-11-21T17:00:00-06:00,199,COOLANT_DISTRIBUTION_UNIT,5,1,true,true,true,OPEN,SUPERSEDED
TEN-COOLIT-SYN-001,SITE-COOLIT-SYN-01,ERP,OPERATION_SCHEDULE,OPSCH-4-00200,MESOP-00200,RESOLVED,2026-09-25T23:59:59-06:00,2026-09-26T08:00:00-06:00,2026-06-29T00:00:00-06:00,,4,OPSCH-3-00200,false,ACTIVE,,,VALID,CURRENT,coolit-synthetic-v2.0.0,ALL_SYNTHETIC_CUSTOMERS,ALL_SYNTHETIC_PROGRAMS,CFG-CDU-03,SYNTHETIC_INTERNAL,SNP-COOLIT-20260925-BL,SCN-BASELINE,OPSCH-4-00200,SCH-V4,WO-0040,MESOP-00200,40,TEST-LEAK-01,2026-11-22T07:00:00-06:00,2026-11-22T17:00:00-06:00,200,COOLANT_DISTRIBUTION_UNIT,5,2,true,true,true,OPEN,SUPERSEDED
TEN-COOLIT-SYN-001,SITE-COOLIT-SYN-01,ERP,OPERATION_SCHEDULE,OPSCH-5-00001,MESOP-00001,RESOLVED,2026-09-25T23:59:59-06:00,2026-09-26T08:00:00-06:00,2026-06-29T00:00:00-06:00,,5,OPSCH-4-00001,false,ACTIVE,,,VALID,CURRENT,coolit-synthetic-v2.0.0,ALL_SYNTHETIC_CUSTOMERS,ALL_SYNTHETIC_PROGRAMS,CFG-CPL-02,SYNTHETIC_INTERNAL,SNP-COOLIT-20260925-BL,SCN-BASELINE,OPSCH-5-00001,SCH-V5,WO-0001,MESOP-00001,10,CELL-ROBOT-01,2026-06-29T07:00:00-06:00,2026-06-29T17:00:00-06:00,1,COLDPLATE_LOOP,5,1,false,false,true,FROZEN,SUPERSEDED
TEN-COOLIT-SYN-001,SITE-COOLIT-SYN-01,ERP,OPERATION_SCHEDULE,OPSCH-5-00002,MESOP-00002,RESOLVED,2026-09-25T23:59:59-06:00,2026-09-26T08:00:00-06:00,2026-06-29T00:00:00-06:00,,5,OPSCH-4-00002,false,ACTIVE,,,VALID,CURRENT,coolit-synthetic-v2.0.0,ALL_SYNTHETIC_CUSTOMERS,ALL_SYNTHETIC_PROGRAMS,CFG-CPL-02,SYNTHETIC_INTERNAL,SNP-COOLIT-20260925-BL,SCN-BASELINE,OPSCH-5-00002,SCH-V5,WO-0001,MESOP-00002,20,LINE-CPL-01,2026-06-30T07:00:00-06:00,2026-06-30T17:00:00-06:00,2,COLDPLATE_LOOP,20,1,true,true,true,FROZEN,SUPERSEDED
TEN-COOLIT-SYN-001,SITE-COOLIT-SYN-01,ERP,OPERATION_SCHEDULE,OPSCH-5-00003,MESOP-00003,RESOLVED,2026-09-25T23:59:59-06:00,2026-09-26T08:00:00-06:00,2026-06-29T00:00:00-06:00,,5,OPSCH-4-00003,false,ACTIVE,,,VALID,CURRENT,coolit-synthetic-v2.0.0,ALL_SYNTHETIC_CUSTOMERS,ALL_SYNTHETIC_PROGRAMS,CFG-CPL-02,SYNTHETIC_INTERNAL,SNP-COOLIT-20260925-BL,SCN-BASELINE,OPSCH-5-00003,SCH-V5,WO-0001,MESOP-00003,30,TEST-LEAK-01,2026-07-01T07:00:00-06:00,2026-07-01T17:00:00-06:00,3,COLDPLATE_LOOP,5,1,true,true,true,FROZEN,SUPERSEDED
TEN-COOLIT-SYN-001,SITE-COOLIT-SYN-01,ERP,OPERATION_SCHEDULE,OPSCH-5-00004,MESOP-00004,RESOLVED,2026-09-25T23:59:59-06:00,2026-09-26T08:00:00-06:00,2026-06-29T00:00:00-06:00,,5,OPSCH-4-00004,false,ACTIVE,,,VALID,CURRENT,coolit-synthetic-v2.0.0,ALL_SYNTHETIC_CUSTOMERS,ALL_SYNTHETIC_PROGRAMS,CFG-CPL-02,SYNTHETIC_INTERNAL,SNP-COOLIT-20260925-BL,SCN-BASELINE,OPSCH-5-00004,SCH-V5,WO-0001,MESOP-00004,40,TEST-LEAK-01,2026-07-02T07:00:00-06:00,2026-07-02T17:00:00-06:00,4,COLDPLATE_LOOP,5,2,true,true,true,FROZEN,SUPERSEDED
TEN-COOLIT-SYN-001,SITE-COOLIT-SYN-01,ERP,OPERATION_SCHEDULE,OPSCH-5-00005,MESOP-00005,RESOLVED,2026-09-25T23:59:59-06:00,2026-09-26T08:00:00-06:00,2026-06-29T00:00:00-06:00,,5,OPSCH-4-00005,false,ACTIVE,,,VALID,CURRENT,coolit-synthetic-v2.0.0,ALL_SYNTHETIC_CUSTOMERS,ALL_SYNTHETIC_PROGRAMS,CFG-CPL-02,SYNTHETIC_INTERNAL,SNP-COOLIT-20260925-BL,SCN-BASELINE,OPSCH-5-00005,SCH-V5,WO-0001,MESOP-00005,50,TEST-FUNC-01,2026-07-03T07:00:00-06:00,2026-07-03T17:00:00-06:00,5,COLDPLATE_LOOP,5,2,true,true,true,FROZEN,SUPERSEDED
TEN-COOLIT-SYN-001,SITE-COOLIT-SYN-01,ERP,OPERATION_SCHEDULE,OPSCH-5-00006,MESOP-00006,RESOLVED,2026-09-25T23:59:59-06:00,2026-09-26T08:00:00-06:00,2026-06-29T00:00:00-06:00,,5,OPSCH-4-00006,false,ACTIVE,,,VALID,CURRENT,coolit-synthetic-v2.0.0,ALL_SYNTHETIC_CUSTOMERS,ALL_SYNTHETIC_PROGRAMS,CFG-CPL-02,SYNTHETIC_INTERNAL,SNP-COOLIT-20260925-BL,SCN-BASELINE,OPSCH-5-00006,SCH-V5,WO-0001,MESOP-00006,60,LINE-CPL-01,2026-07-04T07:00:00-06:00,2026-07-04T17:00:00-06:00,6,COLDPLATE_LOOP,5,2,true,true,true,FROZEN,SUPERSEDED
TEN-COOLIT-SYN-001,SITE-COOLIT-SYN-01,ERP,OPERATION_SCHEDULE,OPSCH-5-00007,MESOP-00007,RESOLVED,2026-09-25T23:59:59-06:00,2026-09-26T08:00:00-06:00,2026-06-29T00:00:00-06:00,,5,OPSCH-4-00007,false,ACTIVE,,,VALID,CURRENT,coolit-synthetic-v2.0.0,ALL_SYNTHETIC_CUSTOMERS,ALL_SYNTHETIC_PROGRAMS,CFG-CDU-01,SYNTHETIC_INTERNAL,SNP-COOLIT-20260925-BL,SCN-BASELINE,OPSCH-5-00007,SCH-V5,WO-0002,MESOP-00007,10,CELL-ROBOT-01,2026-07-02T07:00:00-06:00,2026-07-02T17:00:00-06:00,7,COOLANT_DISTRIBUTION_UNIT,5,1,true,true,true,FROZEN,SUPERSEDED
TEN-COOLIT-SYN-001,SITE-COOLIT-SYN-01,ERP,OPERATION_SCHEDULE,OPSCH-5-00008,MESOP-00008,RESOLVED,2026-09-25T23:59:59-06:00,2026-09-26T08:00:00-06:00,2026-06-29T00:00:00-06:00,,5,OPSCH-4-00008,false,ACTIVE,,,VALID,CURRENT,coolit-synthetic-v2.0.0,ALL_SYNTHETIC_CUSTOMERS,ALL_SYNTHETIC_PROGRAMS,CFG-CDU-01,SYNTHETIC_INTERNAL,SNP-COOLIT-20260925-BL,SCN-BASELINE,OPSCH-5-00008,SCH-V5,WO-0002,MESOP-00008,20,LINE-CDU-01,2026-07-03T07:00:00-06:00,2026-07-03T17:00:00-06:00,8,COOLANT_DISTRIBUTION_UNIT,20,1,true,true,true,FROZEN,SUPERSEDED
TEN-COOLIT-SYN-001,SITE-COOLIT-SYN-01,ERP,OPERATION_SCHEDULE,OPSCH-5-00009,MESOP-00009,RESOLVED,2026-09-25T23:59:59-06:00,2026-09-26T08:00:00-06:00,2026-06-29T00:00:00-06:00,,5,OPSCH-4-00009,false,ACTIVE,,,VALID,CURRENT,coolit-synthetic-v2.0.0,ALL_SYNTHETIC_CUSTOMERS,ALL_SYNTHETIC_PROGRAMS,CFG-CDU-01,SYNTHETIC_INTERNAL,SNP-COOLIT-20260925-BL,SCN-BASELINE,OPSCH-5-00009,SCH-V5,WO-0002,MESOP-00009,30,TEST-LEAK-01,2026-07-04T07:00:00-06:00,2026-07-04T17:00:00-06:00,9,COOLANT_DISTRIBUTION_UNIT,5,1,true,true,true,FROZEN,SUPERSEDED
TEN-COOLIT-SYN-001,SITE-COOLIT-SYN-01,ERP,OPERATION_SCHEDULE,OPSCH-5-00010,MESOP-00010,RESOLVED,2026-09-25T23:59:59-06:00,2026-09-26T08:00:00-06:00,2026-06-29T00:00:00-06:00,,5,OPSCH-4-00010,false,ACTIVE,,,VALID,CURRENT,coolit-synthetic-v2.0.0,ALL_SYNTHETIC_CUSTOMERS,ALL_SYNTHETIC_PROGRAMS,CFG-CDU-01,SYNTHETIC_INTERNAL,SNP-COOLIT-20260925-BL,SCN-BASELINE,OPSCH-5-00010,SCH-V5,WO-0002,MESOP-00010,40,TEST-LEAK-01,2026-07-05T07:00:00-06:00,2026-07-05T17:00:00-06:00,10,COOLANT_DISTRIBUTION_UNIT,5,2,true,true,true,FROZEN,SUPERSEDED
TEN-COOLIT-SYN-001,SITE-COOLIT-SYN-01,ERP,OPERATION_SCHEDULE,OPSCH-5-00011,MESOP-00011,RESOLVED,2026-09-25T23:59:59-06:00,2026-09-26T08:00:00-06:00,2026-06-29T00:00:00-06:00,,5,OPSCH-4-00011,false,ACTIVE,,,VALID,CURRENT,coolit-synthetic-v2.0.0,ALL_SYNTHETIC_CUSTOMERS,ALL_SYNTHETIC_PROGRAMS,CFG-CDU-01,SYNTHETIC_INTERNAL,SNP-COOLIT-20260925-BL,SCN-BASELINE,OPSCH-5-00011,SCH-V5,WO-0002,MESOP-00011,50,TEST-FUNC-01,2026-07-06T07:00:00-06:00,2026-07-06T17:00:00-06:00,11,COOLANT_DISTRIBUTION_UNIT,5,2,true,true,true,FROZEN,SUPERSEDED
TEN-COOLIT-SYN-001,SITE-COOLIT-SYN-01,ERP,OPERATION_SCHEDULE,OPSCH-5-00012,MESOP-00012,RESOLVED,2026-09-25T23:59:59-06:00,2026-09-26T08:00:00-06:00,2026-06-29T00:00:00-06:00,,5,OPSCH-4-00012,false,ACTIVE,,,VALID,CURRENT,coolit-synthetic-v2.0.0,ALL_SYNTHETIC_CUSTOMERS,ALL_SYNTHETIC_PROGRAMS,CFG-CDU-01,SYNTHETIC_INTERNAL,SNP-COOLIT-20260925-BL,SCN-BASELINE,OPSCH-5-00012,SCH-V5,WO-0002,MESOP-00012,60,LINE-CDU-01,2026-07-07T07:00:00-06:00,2026-07-07T17:00:00-06:00,12,COOLANT_DISTRIBUTION_UNIT,5,2,true,true,true,FROZEN,SUPERSEDED
TEN-COOLIT-SYN-001,SITE-COOLIT-SYN-01,ERP,OPERATION_SCHEDULE,OPSCH-5-00013,MESOP-00013,RESOLVED,2026-09-25T23:59:59-06:00,2026-09-26T08:00:00-06:00,2026-06-29T00:00:00-06:00,,5,OPSCH-4-00013,false,ACTIVE,,,VALID,CURRENT,coolit-synthetic-v2.0.0,ALL_SYNTHETIC_CUSTOMERS,ALL_SYNTHETIC_PROGRAMS,CFG-CPL-04,SYNTHETIC_INTERNAL,SNP-COOLIT-20260925-BL,SCN-BASELINE,OPSCH-5-00013,SCH-V5,WO-0003,MESOP-00013,10,CELL-ROBOT-01,2026-07-05T07:00:00-06:00,2026-07-05T17:00:00-06:00,13,COLDPLATE_LOOP,5,1,true,true,true,FROZEN,SUPERSEDED
TEN-COOLIT-SYN-001,SITE-COOLIT-SYN-01,ERP,OPERATION_SCHEDULE,OPSCH-5-00014,MESOP-00014,RESOLVED,2026-09-25T23:59:59-06:00,2026-09-26T08:00:00-06:00,2026-06-29T00:00:00-06:00,,5,OPSCH-4-00014,false,ACTIVE,,,VALID,CURRENT,coolit-synthetic-v2.0.0,ALL_SYNTHETIC_CUSTOMERS,ALL_SYNTHETIC_PROGRAMS,CFG-CPL-04,SYNTHETIC_INTERNAL,SNP-COOLIT-20260925-BL,SCN-BASELINE,OPSCH-5-00014,SCH-V5,WO-0003,MESOP-00014,20,LINE-CPL-01,2026-07-06T07:00:00-06:00,2026-07-06T17:00:00-06:00,14,COLDPLATE_LOOP,20,1,true,true,true,FROZEN,SUPERSEDED
TEN-COOLIT-SYN-001,SITE-COOLIT-SYN-01,ERP,OPERATION_SCHEDULE,OPSCH-5-00015,MESOP-00015,RESOLVED,2026-09-25T23:59:59-06:00,2026-09-26T08:00:00-06:00,2026-06-29T00:00:00-06:00,,5,OPSCH-4-00015,false,ACTIVE,,,VALID,CURRENT,coolit-synthetic-v2.0.0,ALL_SYNTHETIC_CUSTOMERS,ALL_SYNTHETIC_PROGRAMS,CFG-CPL-04,SYNTHETIC_INTERNAL,SNP-COOLIT-20260925-BL,SCN-BASELINE,OPSCH-5-00015,SCH-V5,WO-0003,MESOP-00015,30,TEST-LEAK-01,2026-07-07T07:00:00-06:00,2026-07-07T17:00:00-06:00,15,COLDPLATE_LOOP,5,1,true,true,true,FROZEN,SUPERSEDED
TEN-COOLIT-SYN-001,SITE-COOLIT-SYN-01,ERP,OPERATION_SCHEDULE,OPSCH-5-00016,MESOP-00016,RESOLVED,2026-09-25T23:59:59-06:00,2026-09-26T08:00:00-06:00,2026-06-29T00:00:00-06:00,,5,OPSCH-4-00016,false,ACTIVE,,,VALID,CURRENT,coolit-synthetic-v2.0.0,ALL_SYNTHETIC_CUSTOMERS,ALL_SYNTHETIC_PROGRAMS,CFG-CPL-04,SYNTHETIC_INTERNAL,SNP-COOLIT-20260925-BL,SCN-BASELINE,OPSCH-5-00016,SCH-V5,WO-0003,MESOP-00016,40,TEST-LEAK-01,2026-07-08T07:00:00-06:00,2026-07-08T17:00:00-06:00,16,COLDPLATE_LOOP,5,2,true,true,true,FROZEN,SUPERSEDED
TEN-COOLIT-SYN-001,SITE-COOLIT-SYN-01,ERP,OPERATION_SCHEDULE,OPSCH-5-00017,MESOP-00017,RESOLVED,2026-09-25T23:59:59-06:00,2026-09-26T08:00:00-06:00,2026-06-29T00:00:00-06:00,,5,OPSCH-4-00017,false,ACTIVE,,,VALID,CURRENT,coolit-synthetic-v2.0.0,ALL_SYNTHETIC_CUSTOMERS,ALL_SYNTHETIC_PROGRAMS,CFG-CPL-04,SYNTHETIC_INTERNAL,SNP-COOLIT-20260925-BL,SCN-BASELINE,OPSCH-5-00017,SCH-V5,WO-0003,MESOP-00017,50,TEST-FUNC-01,2026-07-09T07:00:00-06:00,2026-07-09T17:00:00-06:00,17,COLDPLATE_LOOP,5,2,true,true,true,FROZEN,SUPERSEDED
TEN-COOLIT-SYN-001,SITE-COOLIT-SYN-01,ERP,OPERATION_SCHEDULE,OPSCH-5-00018,MESOP-00018,RESOLVED,2026-09-25T23:59:59-06:00,2026-09-26T08:00:00-06:00,2026-06-29T00:00:00-06:00,,5,OPSCH-4-00018,false,ACTIVE,,,VALID,CURRENT,coolit-synthetic-v2.0.0,ALL_SYNTHETIC_CUSTOMERS,ALL_SYNTHETIC_PROGRAMS,CFG-CPL-04,SYNTHETIC_INTERNAL,SNP-COOLIT-20260925-BL,SCN-BASELINE,OPSCH-5-00018,SCH-V5,WO-0003,MESOP-00018,60,LINE-CPL-01,2026-07-10T07:00:00-06:00,2026-07-10T17:00:00-06:00,18,COLDPLATE_LOOP,5,2,true,true,true,FROZEN,SUPERSEDED
TEN-COOLIT-SYN-001,SITE-COOLIT-SYN-01,ERP,OPERATION_SCHEDULE,OPSCH-5-00019,MESOP-00019,RESOLVED,2026-09-25T23:59:59-06:00,2026-09-26T08:00:00-06:00,2026-06-29T00:00:00-06:00,,5,OPSCH-4-00019,false,ACTIVE,,,VALID,CURRENT,coolit-synthetic-v2.0.0,ALL_SYNTHETIC_CUSTOMERS,ALL_SYNTHETIC_PROGRAMS,CFG-CDU-03,SYNTHETIC_INTERNAL,SNP-COOLIT-20260925-BL,SCN-BASELINE,OPSCH-5-00019,SCH-V5,WO-0004,MESOP-00019,10,CELL-ROBOT-01,2026-07-08T07:00:00-06:00,2026-07-08T17:00:00-06:00,19,COOLANT_DISTRIBUTION_UNIT,5,1,true,true,true,FROZEN,SUPERSEDED
TEN-COOLIT-SYN-001,SITE-COOLIT-SYN-01,ERP,OPERATION_SCHEDULE,OPSCH-5-00020,MESOP-00020,RESOLVED,2026-09-25T23:59:59-06:00,2026-09-26T08:00:00-06:00,2026-06-29T00:00:00-06:00,,5,OPSCH-4-00020,false,ACTIVE,,,VALID,CURRENT,coolit-synthetic-v2.0.0,ALL_SYNTHETIC_CUSTOMERS,ALL_SYNTHETIC_PROGRAMS,CFG-CDU-03,SYNTHETIC_INTERNAL,SNP-COOLIT-20260925-BL,SCN-BASELINE,OPSCH-5-00020,SCH-V5,WO-0004,MESOP-00020,20,LINE-CDU-01,2026-07-09T07:00:00-06:00,2026-07-09T17:00:00-06:00,20,COOLANT_DISTRIBUTION_UNIT,20,1,true,true,true,FROZEN,SUPERSEDED
TEN-COOLIT-SYN-001,SITE-COOLIT-SYN-01,ERP,OPERATION_SCHEDULE,OPSCH-5-00021,MESOP-00021,RESOLVED,2026-09-25T23:59:59-06:00,2026-09-26T08:00:00-06:00,2026-06-29T00:00:00-06:00,,5,OPSCH-4-00021,false,ACTIVE,,,VALID,CURRENT,coolit-synthetic-v2.0.0,ALL_SYNTHETIC_CUSTOMERS,ALL_SYNTHETIC_PROGRAMS,CFG-CDU-03,SYNTHETIC_INTERNAL,SNP-COOLIT-20260925-BL,SCN-BASELINE,OPSCH-5-00021,SCH-V5,WO-0004,MESOP-00021,30,TEST-LEAK-01,2026-07-10T07:00:00-06:00,2026-07-10T17:00:00-06:00,21,COOLANT_DISTRIBUTION_UNIT,5,1,true,true,true,FROZEN,SUPERSEDED
TEN-COOLIT-SYN-001,SITE-COOLIT-SYN-01,ERP,OPERATION_SCHEDULE,OPSCH-5-00022,MESOP-00022,RESOLVED,2026-09-25T23:59:59-06:00,2026-09-26T08:00:00-06:00,2026-06-29T00:00:00-06:00,,5,OPSCH-4-00022,false,ACTIVE,,,VALID,CURRENT,coolit-synthetic-v2.0.0,ALL_SYNTHETIC_CUSTOMERS,ALL_SYNTHETIC_PROGRAMS,CFG-CDU-03,SYNTHETIC_INTERNAL,SNP-COOLIT-20260925-BL,SCN-BASELINE,OPSCH-5-00022,SCH-V5,WO-0004,MESOP-00022,40,TEST-LEAK-01,2026-07-11T07:00:00-06:00,2026-07-11T17:00:00-06:00,22,COOLANT_DISTRIBUTION_UNIT,5,2,true,true,true,FROZEN,SUPERSEDED
TEN-COOLIT-SYN-001,SITE-COOLIT-SYN-01,ERP,OPERATION_SCHEDULE,OPSCH-5-00023,MESOP-00023,RESOLVED,2026-09-25T23:59:59-06:00,2026-09-26T08:00:00-06:00,2026-06-29T00:00:00-06:00,,5,OPSCH-4-00023,false,ACTIVE,,,VALID,CURRENT,coolit-synthetic-v2.0.0,ALL_SYNTHETIC_CUSTOMERS,ALL_SYNTHETIC_PROGRAMS,CFG-CDU-03,SYNTHETIC_INTERNAL,SNP-COOLIT-20260925-BL,SCN-BASELINE,OPSCH-5-00023,SCH-V5,WO-0004,MESOP-00023,50,TEST-FUNC-01,2026-07-12T07:00:00-06:00,2026-07-12T17:00:00-06:00,23,COOLANT_DISTRIBUTION_UNIT,5,2,true,true,true,FROZEN,SUPERSEDED
TEN-COOLIT-SYN-001,SITE-COOLIT-SYN-01,ERP,OPERATION_SCHEDULE,OPSCH-5-00024,MESOP-00024,RESOLVED,2026-09-25T23:59:59-06:00,2026-09-26T08:00:00-06:00,2026-06-29T00:00:00-06:00,,5,OPSCH-4-00024,false,ACTIVE,,,VALID,CURRENT,coolit-synthetic-v2.0.0,ALL_SYNTHETIC_CUSTOMERS,ALL_SYNTHETIC_PROGRAMS,CFG-CDU-03,SYNTHETIC_INTERNAL,SNP-COOLIT-20260925-BL,SCN-BASELINE,OPSCH-5-00024,SCH-V5,WO-0004,MESOP-00024,60,LINE-CDU-01,2026-07-13T07:00:00-06:00,2026-07-13T17:00:00-06:00,24,COOLANT_DISTRIBUTION_UNIT,5,2,true,true,true,FROZEN,SUPERSEDED
TEN-COOLIT-SYN-001,SITE-COOLIT-SYN-01,ERP,OPERATION_SCHEDULE,OPSCH-5-00025,MESOP-00025,RESOLVED,2026-09-25T23:59:59-06:00,2026-09-26T08:00:00-06:00,2026-06-29T00:00:00-06:00,,5,OPSCH-4-00025,false,ACTIVE,,,VALID,CURRENT,coolit-synthetic-v2.0.0,ALL_SYNTHETIC_CUSTOMERS,ALL_SYNTHETIC_PROGRAMS,CFG-RM-02,SYNTHETIC_INTERNAL,SNP-COOLIT-20260925-BL,SCN-BASELINE,OPSCH-5-00025,SCH-V5,WO-0005,MESOP-00025,10,CELL-ROBOT-01,2026-07-11T07:00:00-06:00,2026-07-11T17:00:00-06:00,25,RACK_MANIFOLD,5,1,true,true,true,FROZEN,SUPERSEDED
TEN-COOLIT-SYN-001,SITE-COOLIT-SYN-01,ERP,OPERATION_SCHEDULE,OPSCH-5-00026,MESOP-00026,RESOLVED,2026-09-25T23:59:59-06:00,2026-09-26T08:00:00-06:00,2026-06-29T00:00:00-06:00,,5,OPSCH-4-00026,false,ACTIVE,,,VALID,CURRENT,coolit-synthetic-v2.0.0,ALL_SYNTHETIC_CUSTOMERS,ALL_SYNTHETIC_PROGRAMS,CFG-RM-02,SYNTHETIC_INTERNAL,SNP-COOLIT-20260925-BL,SCN-BASELINE,OPSCH-5-00026,SCH-V5,WO-0005,MESOP-00026,20,LINE-RM-01,2026-07-12T07:00:00-06:00,2026-07-12T17:00:00-06:00,26,RACK_MANIFOLD,20,1,true,true,true,FROZEN,SUPERSEDED
TEN-COOLIT-SYN-001,SITE-COOLIT-SYN-01,ERP,OPERATION_SCHEDULE,OPSCH-5-00027,MESOP-00027,RESOLVED,2026-09-25T23:59:59-06:00,2026-09-26T08:00:00-06:00,2026-06-29T00:00:00-06:00,,5,OPSCH-4-00027,false,ACTIVE,,,VALID,CURRENT,coolit-synthetic-v2.0.0,ALL_SYNTHETIC_CUSTOMERS,ALL_SYNTHETIC_PROGRAMS,CFG-RM-02,SYNTHETIC_INTERNAL,SNP-COOLIT-20260925-BL,SCN-BASELINE,OPSCH-5-00027,SCH-V5,WO-0005,MESOP-00027,30,TEST-LEAK-01,2026-07-13T07:00:00-06:00,2026-07-13T17:00:00-06:00,27,RACK_MANIFOLD,5,1,true,true,true,FROZEN,SUPERSEDED
TEN-COOLIT-SYN-001,SITE-COOLIT-SYN-01,ERP,OPERATION_SCHEDULE,OPSCH-5-00028,MESOP-00028,RESOLVED,2026-09-25T23:59:59-06:00,2026-09-26T08:00:00-06:00,2026-06-29T00:00:00-06:00,,5,OPSCH-4-00028,false,ACTIVE,,,VALID,CURRENT,coolit-synthetic-v2.0.0,ALL_SYNTHETIC_CUSTOMERS,ALL_SYNTHETIC_PROGRAMS,CFG-RM-02,SYNTHETIC_INTERNAL,SNP-COOLIT-20260925-BL,SCN-BASELINE,OPSCH-5-00028,SCH-V5,WO-0005,MESOP-00028,40,TEST-LEAK-01,2026-07-14T07:00:00-06:00,2026-07-14T17:00:00-06:00,28,RACK_MANIFOLD,5,2,true,true,true,FROZEN,SUPERSEDED
TEN-COOLIT-SYN-001,SITE-COOLIT-SYN-01,ERP,OPERATION_SCHEDULE,OPSCH-5-00029,MESOP-00029,RESOLVED,2026-09-25T23:59:59-06:00,2026-09-26T08:00:00-06:00,2026-06-29T00:00:00-06:00,,5,OPSCH-4-00029,false,ACTIVE,,,VALID,CURRENT,coolit-synthetic-v2.0.0,ALL_SYNTHETIC_CUSTOMERS,ALL_SYNTHETIC_PROGRAMS,CFG-RM-02,SYNTHETIC_INTERNAL,SNP-COOLIT-20260925-BL,SCN-BASELINE,OPSCH-5-00029,SCH-V5,WO-0005,MESOP-00029,50,TEST-FUNC-01,2026-07-15T07:00:00-06:00,2026-07-15T17:00:00-06:00,29,RACK_MANIFOLD,5,2,true,true,true,FROZEN,SUPERSEDED
TEN-COOLIT-SYN-001,SITE-COOLIT-SYN-01,ERP,OPERATION_SCHEDULE,OPSCH-5-00030,MESOP-00030,RESOLVED,2026-09-25T23:59:59-06:00,2026-09-26T08:00:00-06:00,2026-06-29T00:00:00-06:00,,5,OPSCH-4-00030,false,ACTIVE,,,VALID,CURRENT,coolit-synthetic-v2.0.0,ALL_SYNTHETIC_CUSTOMERS,ALL_SYNTHETIC_PROGRAMS,CFG-RM-02,SYNTHETIC_INTERNAL,SNP-COOLIT-20260925-BL,SCN-BASELINE,OPSCH-5-00030,SCH-V5,WO-0005,MESOP-00030,60,LINE-RM-01,2026-07-16T07:00:00-06:00,2026-07-16T17:00:00-06:00,30,RACK_MANIFOLD,5,2,false,true,true,FROZEN,SUPERSEDED
TEN-COOLIT-SYN-001,SITE-COOLIT-SYN-01,ERP,OPERATION_SCHEDULE,OPSCH-5-00031,MESOP-00031,RESOLVED,2026-09-25T23:59:59-06:00,2026-09-26T08:00:00-06:00,2026-06-29T00:00:00-06:00,,5,OPSCH-4-00031,false,ACTIVE,,,VALID,CURRENT,coolit-synthetic-v2.0.0,ALL_SYNTHETIC_CUSTOMERS,ALL_SYNTHETIC_PROGRAMS,CFG-CPL-01,SYNTHETIC_INTERNAL,SNP-COOLIT-20260925-BL,SCN-BASELINE,OPSCH-5-00031,SCH-V5,WO-0006,MESOP-00031,10,CELL-ROBOT-01,2026-07-14T07:00:00-06:00,2026-07-14T17:00:00-06:00,31,COLDPLATE_LOOP,5,1,true,true,true,FROZEN,SUPERSEDED
TEN-COOLIT-SYN-001,SITE-COOLIT-SYN-01,ERP,OPERATION_SCHEDULE,OPSCH-5-00032,MESOP-00032,RESOLVED,2026-09-25T23:59:59-06:00,2026-09-26T08:00:00-06:00,2026-06-29T00:00:00-06:00,,5,OPSCH-4-00032,false,ACTIVE,,,VALID,CURRENT,coolit-synthetic-v2.0.0,ALL_SYNTHETIC_CUSTOMERS,ALL_SYNTHETIC_PROGRAMS,CFG-CPL-01,SYNTHETIC_INTERNAL,SNP-COOLIT-20260925-BL,SCN-BASELINE,OPSCH-5-00032,SCH-V5,WO-0006,MESOP-00032,20,LINE-CPL-01,2026-07-15T07:00:00-06:00,2026-07-15T17:00:00-06:00,32,COLDPLATE_LOOP,20,1,true,false,true,FROZEN,SUPERSEDED
TEN-COOLIT-SYN-001,SITE-COOLIT-SYN-01,ERP,OPERATION_SCHEDULE,OPSCH-5-00033,MESOP-00033,RESOLVED,2026-09-25T23:59:59-06:00,2026-09-26T08:00:00-06:00,2026-06-29T00:00:00-06:00,,5,OPSCH-4-00033,false,ACTIVE,,,VALID,CURRENT,coolit-synthetic-v2.0.0,ALL_SYNTHETIC_CUSTOMERS,ALL_SYNTHETIC_PROGRAMS,CFG-CPL-01,SYNTHETIC_INTERNAL,SNP-COOLIT-20260925-BL,SCN-BASELINE,OPSCH-5-00033,SCH-V5,WO-0006,MESOP-00033,30,TEST-LEAK-01,2026-07-16T07:00:00-06:00,2026-07-16T17:00:00-06:00,33,COLDPLATE_LOOP,5,1,true,true,true,FROZEN,SUPERSEDED
TEN-COOLIT-SYN-001,SITE-COOLIT-SYN-01,ERP,OPERATION_SCHEDULE,OPSCH-5-00034,MESOP-00034,RESOLVED,2026-09-25T23:59:59-06:00,2026-09-26T08:00:00-06:00,2026-06-29T00:00:00-06:00,,5,OPSCH-4-00034,false,ACTIVE,,,VALID,CURRENT,coolit-synthetic-v2.0.0,ALL_SYNTHETIC_CUSTOMERS,ALL_SYNTHETIC_PROGRAMS,CFG-CPL-01,SYNTHETIC_INTERNAL,SNP-COOLIT-20260925-BL,SCN-BASELINE,OPSCH-5-00034,SCH-V5,WO-0006,MESOP-00034,40,TEST-LEAK-01,2026-07-17T07:00:00-06:00,2026-07-17T17:00:00-06:00,34,COLDPLATE_LOOP,5,2,true,true,true,FROZEN,SUPERSEDED
TEN-COOLIT-SYN-001,SITE-COOLIT-SYN-01,ERP,OPERATION_SCHEDULE,OPSCH-5-00035,MESOP-00035,RESOLVED,2026-09-25T23:59:59-06:00,2026-09-26T08:00:00-06:00,2026-06-29T00:00:00-06:00,,5,OPSCH-4-00035,false,ACTIVE,,,VALID,CURRENT,coolit-synthetic-v2.0.0,ALL_SYNTHETIC_CUSTOMERS,ALL_SYNTHETIC_PROGRAMS,CFG-CPL-01,SYNTHETIC_INTERNAL,SNP-COOLIT-20260925-BL,SCN-BASELINE,OPSCH-5-00035,SCH-V5,WO-0006,MESOP-00035,50,TEST-FUNC-01,2026-07-18T07:00:00-06:00,2026-07-18T17:00:00-06:00,35,COLDPLATE_LOOP,5,2,true,true,true,FROZEN,SUPERSEDED
TEN-COOLIT-SYN-001,SITE-COOLIT-SYN-01,ERP,OPERATION_SCHEDULE,OPSCH-5-00036,MESOP-00036,RESOLVED,2026-09-25T23:59:59-06:00,2026-09-26T08:00:00-06:00,2026-06-29T00:00:00-06:00,,5,OPSCH-4-00036,false,ACTIVE,,,VALID,CURRENT,coolit-synthetic-v2.0.0,ALL_SYNTHETIC_CUSTOMERS,ALL_SYNTHETIC_PROGRAMS,CFG-CPL-01,SYNTHETIC_INTERNAL,SNP-COOLIT-20260925-BL,SCN-BASELINE,OPSCH-5-00036,SCH-V5,WO-0006,MESOP-00036,60,LINE-CPL-01,2026-07-19T07:00:00-06:00,2026-07-19T17:00:00-06:00,36,COLDPLATE_LOOP,5,2,true,true,true,FROZEN,SUPERSEDED
TEN-COOLIT-SYN-001,SITE-COOLIT-SYN-01,ERP,OPERATION_SCHEDULE,OPSCH-5-00037,MESOP-00037,RESOLVED,2026-09-25T23:59:59-06:00,2026-09-26T08:00:00-06:00,2026-06-29T00:00:00-06:00,,5,OPSCH-4-00037,false,ACTIVE,,,VALID,CURRENT,coolit-synthetic-v2.0.0,ALL_SYNTHETIC_CUSTOMERS,ALL_SYNTHETIC_PROGRAMS,CFG-RM-04,SYNTHETIC_INTERNAL,SNP-COOLIT-20260925-BL,SCN-BASELINE,OPSCH-5-00037,SCH-V5,WO-0007,MESOP-00037,10,CELL-ROBOT-01,2026-07-17T07:00:00-06:00,2026-07-17T17:00:00-06:00,37,RACK_MANIFOLD,5,1,true,true,true,FROZEN,SUPERSEDED
TEN-COOLIT-SYN-001,SITE-COOLIT-SYN-01,ERP,OPERATION_SCHEDULE,OPSCH-5-00038,MESOP-00038,RESOLVED,2026-09-25T23:59:59-06:00,2026-09-26T08:00:00-06:00,2026-06-29T00:00:00-06:00,,5,OPSCH-4-00038,false,ACTIVE,,,VALID,CURRENT,coolit-synthetic-v2.0.0,ALL_SYNTHETIC_CUSTOMERS,ALL_SYNTHETIC_PROGRAMS,CFG-RM-04,SYNTHETIC_INTERNAL,SNP-COOLIT-20260925-BL,SCN-BASELINE,OPSCH-5-00038,SCH-V5,WO-0007,MESOP-00038,20,LINE-RM-01,2026-07-18T07:00:00-06:00,2026-07-18T17:00:00-06:00,38,RACK_MANIFOLD,20,1,true,true,true,FROZEN,SUPERSEDED
TEN-COOLIT-SYN-001,SITE-COOLIT-SYN-01,ERP,OPERATION_SCHEDULE,OPSCH-5-00039,MESOP-00039,RESOLVED,2026-09-25T23:59:59-06:00,2026-09-26T08:00:00-06:00,2026-06-29T00:00:00-06:00,,5,OPSCH-4-00039,false,ACTIVE,,,VALID,CURRENT,coolit-synthetic-v2.0.0,ALL_SYNTHETIC_CUSTOMERS,ALL_SYNTHETIC_PROGRAMS,CFG-RM-04,SYNTHETIC_INTERNAL,SNP-COOLIT-20260925-BL,SCN-BASELINE,OPSCH-5-00039,SCH-V5,WO-0007,MESOP-00039,30,TEST-LEAK-01,2026-07-19T07:00:00-06:00,2026-07-19T17:00:00-06:00,39,RACK_MANIFOLD,5,1,true,true,true,FROZEN,SUPERSEDED
TEN-COOLIT-SYN-001,SITE-COOLIT-SYN-01,ERP,OPERATION_SCHEDULE,OPSCH-5-00040,MESOP-00040,RESOLVED,2026-09-25T23:59:59-06:00,2026-09-26T08:00:00-06:00,2026-06-29T00:00:00-06:00,,5,OPSCH-4-00040,false,ACTIVE,,,VALID,CURRENT,coolit-synthetic-v2.0.0,ALL_SYNTHETIC_CUSTOMERS,ALL_SYNTHETIC_PROGRAMS,CFG-RM-04,SYNTHETIC_INTERNAL,SNP-COOLIT-20260925-BL,SCN-BASELINE,OPSCH-5-00040,SCH-V5,WO-0007,MESOP-00040,40,TEST-LEAK-01,2026-07-20T07:00:00-06:00,2026-07-20T17:00:00-06:00,40,RACK_MANIFOLD,5,2,true,true,true,FROZEN,SUPERSEDED
TEN-COOLIT-SYN-001,SITE-COOLIT-SYN-01,ERP,OPERATION_SCHEDULE,OPSCH-5-00041,MESOP-00041,RESOLVED,2026-09-25T23:59:59-06:00,2026-09-26T08:00:00-06:00,2026-06-29T00:00:00-06:00,,5,OPSCH-4-00041,false,ACTIVE,,,VALID,CURRENT,coolit-synthetic-v2.0.0,ALL_SYNTHETIC_CUSTOMERS,ALL_SYNTHETIC_PROGRAMS,CFG-RM-04,SYNTHETIC_INTERNAL,SNP-COOLIT-20260925-BL,SCN-BASELINE,OPSCH-5-00041,SCH-V5,WO-0007,MESOP-00041,50,TEST-FUNC-01,2026-07-21T07:00:00-06:00,2026-07-21T17:00:00-06:00,41,RACK_MANIFOLD,5,2,true,true,true,SLUSHY,SUPERSEDED
TEN-COOLIT-SYN-001,SITE-COOLIT-SYN-01,ERP,OPERATION_SCHEDULE,OPSCH-5-00042,MESOP-00042,RESOLVED,2026-09-25T23:59:59-06:00,2026-09-26T08:00:00-06:00,2026-06-29T00:00:00-06:00,,5,OPSCH-4-00042,false,ACTIVE,,,VALID,CURRENT,coolit-synthetic-v2.0.0,ALL_SYNTHETIC_CUSTOMERS,ALL_SYNTHETIC_PROGRAMS,CFG-RM-04,SYNTHETIC_INTERNAL,SNP-COOLIT-20260925-BL,SCN-BASELINE,OPSCH-5-00042,SCH-V5,WO-0007,MESOP-00042,60,LINE-RM-01,2026-07-22T07:00:00-06:00,2026-07-22T17:00:00-06:00,42,RACK_MANIFOLD,5,2,true,true,true,SLUSHY,SUPERSEDED
TEN-COOLIT-SYN-001,SITE-COOLIT-SYN-01,ERP,OPERATION_SCHEDULE,OPSCH-5-00043,MESOP-00043,RESOLVED,2026-09-25T23:59:59-06:00,2026-09-26T08:00:00-06:00,2026-06-29T00:00:00-06:00,,5,OPSCH-4-00043,false,ACTIVE,,,VALID,CURRENT,coolit-synthetic-v2.0.0,ALL_SYNTHETIC_CUSTOMERS,ALL_SYNTHETIC_PROGRAMS,CFG-CPL-03,SYNTHETIC_INTERNAL,SNP-COOLIT-20260925-BL,SCN-BASELINE,OPSCH-5-00043,SCH-V5,WO-0008,MESOP-00043,10,CELL-ROBOT-01,2026-07-20T07:00:00-06:00,2026-07-20T17:00:00-06:00,43,COLDPLATE_LOOP,5,1,true,true,true,SLUSHY,SUPERSEDED
TEN-COOLIT-SYN-001,SITE-COOLIT-SYN-01,ERP,OPERATION_SCHEDULE,OPSCH-5-00044,MESOP-00044,RESOLVED,2026-09-25T23:59:59-06:00,2026-09-26T08:00:00-06:00,2026-06-29T00:00:00-06:00,,5,OPSCH-4-00044,false,ACTIVE,,,VALID,CURRENT,coolit-synthetic-v2.0.0,ALL_SYNTHETIC_CUSTOMERS,ALL_SYNTHETIC_PROGRAMS,CFG-CPL-03,SYNTHETIC_INTERNAL,SNP-COOLIT-20260925-BL,SCN-BASELINE,OPSCH-5-00044,SCH-V5,WO-0008,MESOP-00044,20,LINE-CPL-01,2026-07-21T07:00:00-06:00,2026-07-21T17:00:00-06:00,44,COLDPLATE_LOOP,20,1,true,true,true,SLUSHY,SUPERSEDED
TEN-COOLIT-SYN-001,SITE-COOLIT-SYN-01,ERP,OPERATION_SCHEDULE,OPSCH-5-00045,MESOP-00045,RESOLVED,2026-09-25T23:59:59-06:00,2026-09-26T08:00:00-06:00,2026-06-29T00:00:00-06:00,,5,OPSCH-4-00045,false,ACTIVE,,,VALID,CURRENT,coolit-synthetic-v2.0.0,ALL_SYNTHETIC_CUSTOMERS,ALL_SYNTHETIC_PROGRAMS,CFG-CPL-03,SYNTHETIC_INTERNAL,SNP-COOLIT-20260925-BL,SCN-BASELINE,OPSCH-5-00045,SCH-V5,WO-0008,MESOP-00045,30,TEST-LEAK-01,2026-07-22T07:00:00-06:00,2026-07-22T17:00:00-06:00,45,COLDPLATE_LOOP,5,1,true,true,true,SLUSHY,SUPERSEDED
TEN-COOLIT-SYN-001,SITE-COOLIT-SYN-01,ERP,OPERATION_SCHEDULE,OPSCH-5-00046,MESOP-00046,RESOLVED,2026-09-25T23:59:59-06:00,2026-09-26T08:00:00-06:00,2026-06-29T00:00:00-06:00,,5,OPSCH-4-00046,false,ACTIVE,,,VALID,CURRENT,coolit-synthetic-v2.0.0,ALL_SYNTHETIC_CUSTOMERS,ALL_SYNTHETIC_PROGRAMS,CFG-CPL-03,SYNTHETIC_INTERNAL,SNP-COOLIT-20260925-BL,SCN-BASELINE,OPSCH-5-00046,SCH-V5,WO-0008,MESOP-00046,40,TEST-LEAK-01,2026-07-23T07:00:00-06:00,2026-07-23T17:00:00-06:00,46,COLDPLATE_LOOP,5,2,true,true,true,SLUSHY,SUPERSEDED
TEN-COOLIT-SYN-001,SITE-COOLIT-SYN-01,ERP,OPERATION_SCHEDULE,OPSCH-5-00047,MESOP-00047,RESOLVED,2026-09-25T23:59:59-06:00,2026-09-26T08:00:00-06:00,2026-06-29T00:00:00-06:00,,5,OPSCH-4-00047,false,ACTIVE,,,VALID,CURRENT,coolit-synthetic-v2.0.0,ALL_SYNTHETIC_CUSTOMERS,ALL_SYNTHETIC_PROGRAMS,CFG-CPL-03,SYNTHETIC_INTERNAL,SNP-COOLIT-20260925-BL,SCN-BASELINE,OPSCH-5-00047,SCH-V5,WO-0008,MESOP-00047,50,TEST-FUNC-01,2026-07-24T07:00:00-06:00,2026-07-24T17:00:00-06:00,47,COLDPLATE_LOOP,5,2,true,true,true,SLUSHY,SUPERSEDED
TEN-COOLIT-SYN-001,SITE-COOLIT-SYN-01,ERP,OPERATION_SCHEDULE,OPSCH-5-00048,MESOP-00048,RESOLVED,2026-09-25T23:59:59-06:00,2026-09-26T08:00:00-06:00,2026-06-29T00:00:00-06:00,,5,OPSCH-4-00048,false,ACTIVE,,,VALID,CURRENT,coolit-synthetic-v2.0.0,ALL_SYNTHETIC_CUSTOMERS,ALL_SYNTHETIC_PROGRAMS,CFG-CPL-03,SYNTHETIC_INTERNAL,SNP-COOLIT-20260925-BL,SCN-BASELINE,OPSCH-5-00048,SCH-V5,WO-0008,MESOP-00048,60,LINE-CPL-01,2026-07-25T07:00:00-06:00,2026-07-25T17:00:00-06:00,48,COLDPLATE_LOOP,5,2,true,true,true,SLUSHY,SUPERSEDED
TEN-COOLIT-SYN-001,SITE-COOLIT-SYN-01,ERP,OPERATION_SCHEDULE,OPSCH-5-00049,MESOP-00049,RESOLVED,2026-09-25T23:59:59-06:00,2026-09-26T08:00:00-06:00,2026-06-29T00:00:00-06:00,,5,OPSCH-4-00049,false,ACTIVE,,,VALID,CURRENT,coolit-synthetic-v2.0.0,ALL_SYNTHETIC_CUSTOMERS,ALL_SYNTHETIC_PROGRAMS,CFG-CDU-02,SYNTHETIC_INTERNAL,SNP-COOLIT-20260925-BL,SCN-BASELINE,OPSCH-5-00049,SCH-V5,WO-0009,MESOP-00049,10,CELL-ROBOT-01,2026-07-23T07:00:00-06:00,2026-07-23T17:00:00-06:00,49,COOLANT_DISTRIBUTION_UNIT,5,1,true,true,true,SLUSHY,SUPERSEDED
TEN-COOLIT-SYN-001,SITE-COOLIT-SYN-01,ERP,OPERATION_SCHEDULE,OPSCH-5-00050,MESOP-00050,RESOLVED,2026-09-25T23:59:59-06:00,2026-09-26T08:00:00-06:00,2026-06-29T00:00:00-06:00,,5,OPSCH-4-00050,false,ACTIVE,,,VALID,CURRENT,coolit-synthetic-v2.0.0,ALL_SYNTHETIC_CUSTOMERS,ALL_SYNTHETIC_PROGRAMS,CFG-CDU-02,SYNTHETIC_INTERNAL,SNP-COOLIT-20260925-BL,SCN-BASELINE,OPSCH-5-00050,SCH-V5,WO-0009,MESOP-00050,20,LINE-CDU-01,2026-07-24T07:00:00-06:00,2026-07-24T17:00:00-06:00,50,COOLANT_DISTRIBUTION_UNIT,20,1,true,true,true,SLUSHY,SUPERSEDED
TEN-COOLIT-SYN-001,SITE-COOLIT-SYN-01,ERP,OPERATION_SCHEDULE,OPSCH-5-00051,MESOP-00051,RESOLVED,2026-09-25T23:59:59-06:00,2026-09-26T08:00:00-06:00,2026-06-29T00:00:00-06:00,,5,OPSCH-4-00051,false,ACTIVE,,,VALID,CURRENT,coolit-synthetic-v2.0.0,ALL_SYNTHETIC_CUSTOMERS,ALL_SYNTHETIC_PROGRAMS,CFG-CDU-02,SYNTHETIC_INTERNAL,SNP-COOLIT-20260925-BL,SCN-BASELINE,OPSCH-5-00051,SCH-V5,WO-0009,MESOP-00051,30,TEST-LEAK-01,2026-07-25T07:00:00-06:00,2026-07-25T17:00:00-06:00,51,COOLANT_DISTRIBUTION_UNIT,5,1,true,true,true,SLUSHY,SUPERSEDED
TEN-COOLIT-SYN-001,SITE-COOLIT-SYN-01,ERP,OPERATION_SCHEDULE,OPSCH-5-00052,MESOP-00052,RESOLVED,2026-09-25T23:59:59-06:00,2026-09-26T08:00:00-06:00,2026-06-29T00:00:00-06:00,,5,OPSCH-4-00052,false,ACTIVE,,,VALID,CURRENT,coolit-synthetic-v2.0.0,ALL_SYNTHETIC_CUSTOMERS,ALL_SYNTHETIC_PROGRAMS,CFG-CDU-02,SYNTHETIC_INTERNAL,SNP-COOLIT-20260925-BL,SCN-BASELINE,OPSCH-5-00052,SCH-V5,WO-0009,MESOP-00052,40,TEST-LEAK-01,2026-07-26T07:00:00-06:00,2026-07-26T17:00:00-06:00,52,COOLANT_DISTRIBUTION_UNIT,5,2,true,true,true,SLUSHY,SUPERSEDED
TEN-COOLIT-SYN-001,SITE-COOLIT-SYN-01,ERP,OPERATION_SCHEDULE,OPSCH-5-00053,MESOP-00053,RESOLVED,2026-09-25T23:59:59-06:00,2026-09-26T08:00:00-06:00,2026-06-29T00:00:00-06:00,,5,OPSCH-4-00053,false,ACTIVE,,,VALID,CURRENT,coolit-synthetic-v2.0.0,ALL_SYNTHETIC_CUSTOMERS,ALL_SYNTHETIC_PROGRAMS,CFG-CDU-02,SYNTHETIC_INTERNAL,SNP-COOLIT-20260925-BL,SCN-BASELINE,OPSCH-5-00053,SCH-V5,WO-0009,MESOP-00053,50,TEST-FUNC-01,2026-07-27T07:00:00-06:00,2026-07-27T17:00:00-06:00,53,COOLANT_DISTRIBUTION_UNIT,5,2,true,true,true,SLUSHY,SUPERSEDED
TEN-COOLIT-SYN-001,SITE-COOLIT-SYN-01,ERP,OPERATION_SCHEDULE,OPSCH-5-00054,MESOP-00054,RESOLVED,2026-09-25T23:59:59-06:00,2026-09-26T08:00:00-06:00,2026-06-29T00:00:00-06:00,,5,OPSCH-4-00054,false,ACTIVE,,,VALID,CURRENT,coolit-synthetic-v2.0.0,ALL_SYNTHETIC_CUSTOMERS,ALL_SYNTHETIC_PROGRAMS,CFG-CDU-02,SYNTHETIC_INTERNAL,SNP-COOLIT-20260925-BL,SCN-BASELINE,OPSCH-5-00054,SCH-V5,WO-0009,MESOP-00054,60,LINE-CDU-01,2026-07-28T07:00:00-06:00,2026-07-28T17:00:00-06:00,54,COOLANT_DISTRIBUTION_UNIT,5,2,true,true,true,SLUSHY,SUPERSEDED
TEN-COOLIT-SYN-001,SITE-COOLIT-SYN-01,ERP,OPERATION_SCHEDULE,OPSCH-5-00055,MESOP-00055,RESOLVED,2026-09-25T23:59:59-06:00,2026-09-26T08:00:00-06:00,2026-06-29T00:00:00-06:00,,5,OPSCH-4-00055,false,ACTIVE,,,VALID,CURRENT,coolit-synthetic-v2.0.0,ALL_SYNTHETIC_CUSTOMERS,ALL_SYNTHETIC_PROGRAMS,CFG-RM-01,SYNTHETIC_INTERNAL,SNP-COOLIT-20260925-BL,SCN-BASELINE,OPSCH-5-00055,SCH-V5,WO-0010,MESOP-00055,10,CELL-ROBOT-01,2026-07-26T07:00:00-06:00,2026-07-26T17:00:00-06:00,55,RACK_MANIFOLD,5,1,true,true,true,SLUSHY,SUPERSEDED
TEN-COOLIT-SYN-001,SITE-COOLIT-SYN-01,ERP,OPERATION_SCHEDULE,OPSCH-5-00056,MESOP-00056,RESOLVED,2026-09-25T23:59:59-06:00,2026-09-26T08:00:00-06:00,2026-06-29T00:00:00-06:00,,5,OPSCH-4-00056,false,ACTIVE,,,VALID,CURRENT,coolit-synthetic-v2.0.0,ALL_SYNTHETIC_CUSTOMERS,ALL_SYNTHETIC_PROGRAMS,CFG-RM-01,SYNTHETIC_INTERNAL,SNP-COOLIT-20260925-BL,SCN-BASELINE,OPSCH-5-00056,SCH-V5,WO-0010,MESOP-00056,20,LINE-RM-01,2026-07-27T07:00:00-06:00,2026-07-27T17:00:00-06:00,56,RACK_MANIFOLD,20,1,true,true,true,SLUSHY,SUPERSEDED
TEN-COOLIT-SYN-001,SITE-COOLIT-SYN-01,ERP,OPERATION_SCHEDULE,OPSCH-5-00057,MESOP-00057,RESOLVED,2026-09-25T23:59:59-06:00,2026-09-26T08:00:00-06:00,2026-06-29T00:00:00-06:00,,5,OPSCH-4-00057,false,ACTIVE,,,VALID,CURRENT,coolit-synthetic-v2.0.0,ALL_SYNTHETIC_CUSTOMERS,ALL_SYNTHETIC_PROGRAMS,CFG-RM-01,SYNTHETIC_INTERNAL,SNP-COOLIT-20260925-BL,SCN-BASELINE,OPSCH-5-00057,SCH-V5,WO-0010,MESOP-00057,30,TEST-LEAK-01,2026-07-28T07:00:00-06:00,2026-07-28T17:00:00-06:00,57,RACK_MANIFOLD,5,1,true,true,true,SLUSHY,SUPERSEDED
TEN-COOLIT-SYN-001,SITE-COOLIT-SYN-01,ERP,OPERATION_SCHEDULE,OPSCH-5-00058,MESOP-00058,RESOLVED,2026-09-25T23:59:59-06:00,2026-09-26T08:00:00-06:00,2026-06-29T00:00:00-06:00,,5,OPSCH-4-00058,false,ACTIVE,,,VALID,CURRENT,coolit-synthetic-v2.0.0,ALL_SYNTHETIC_CUSTOMERS,ALL_SYNTHETIC_PROGRAMS,CFG-RM-01,SYNTHETIC_INTERNAL,SNP-COOLIT-20260925-BL,SCN-BASELINE,OPSCH-5-00058,SCH-V5,WO-0010,MESOP-00058,40,TEST-LEAK-01,2026-07-29T07:00:00-06:00,2026-07-29T17:00:00-06:00,58,RACK_MANIFOLD,5,2,true,true,true,SLUSHY,SUPERSEDED
TEN-COOLIT-SYN-001,SITE-COOLIT-SYN-01,ERP,OPERATION_SCHEDULE,OPSCH-5-00059,MESOP-00059,RESOLVED,2026-09-25T23:59:59-06:00,2026-09-26T08:00:00-06:00,2026-06-29T00:00:00-06:00,,5,OPSCH-4-00059,false,ACTIVE,,,VALID,CURRENT,coolit-synthetic-v2.0.0,ALL_SYNTHETIC_CUSTOMERS,ALL_SYNTHETIC_PROGRAMS,CFG-RM-01,SYNTHETIC_INTERNAL,SNP-COOLIT-20260925-BL,SCN-BASELINE,OPSCH-5-00059,SCH-V5,WO-0010,MESOP-00059,50,TEST-FUNC-01,2026-07-30T07:00:00-06:00,2026-07-30T17:00:00-06:00,59,RACK_MANIFOLD,5,2,false,true,true,SLUSHY,SUPERSEDED
TEN-COOLIT-SYN-001,SITE-COOLIT-SYN-01,ERP,OPERATION_SCHEDULE,OPSCH-5-00060,MESOP-00060,RESOLVED,2026-09-25T23:59:59-06:00,2026-09-26T08:00:00-06:00,2026-06-29T00:00:00-06:00,,5,OPSCH-4-00060,false,ACTIVE,,,VALID,CURRENT,coolit-synthetic-v2.0.0,ALL_SYNTHETIC_CUSTOMERS,ALL_SYNTHETIC_PROGRAMS,CFG-RM-01,SYNTHETIC_INTERNAL,SNP-COOLIT-20260925-BL,SCN-BASELINE,OPSCH-5-00060,SCH-V5,WO-0010,MESOP-00060,60,LINE-RM-01,2026-07-31T07:00:00-06:00,2026-07-31T17:00:00-06:00,60,RACK_MANIFOLD,5,2,true,true,true,SLUSHY,SUPERSEDED
TEN-COOLIT-SYN-001,SITE-COOLIT-SYN-01,ERP,OPERATION_SCHEDULE,OPSCH-5-00061,MESOP-00061,RESOLVED,2026-09-25T23:59:59-06:00,2026-09-26T08:00:00-06:00,2026-06-29T00:00:00-06:00,,5,OPSCH-4-00061,false,ACTIVE,,,VALID,CURRENT,coolit-synthetic-v2.0.0,ALL_SYNTHETIC_CUSTOMERS,ALL_SYNTHETIC_PROGRAMS,CFG-CDU-04,SYNTHETIC_INTERNAL,SNP-COOLIT-20260925-BL,SCN-BASELINE,OPSCH-5-00061,SCH-V5,WO-0011,MESOP-00061,10,CELL-ROBOT-01,2026-07-29T07:00:00-06:00,2026-07-29T17:00:00-06:00,61,COOLANT_DISTRIBUTION_UNIT,5,1,true,true,true,SLUSHY,SUPERSEDED
TEN-COOLIT-SYN-001,SITE-COOLIT-SYN-01,ERP,OPERATION_SCHEDULE,OPSCH-5-00062,MESOP-00062,RESOLVED,2026-09-25T23:59:59-06:00,2026-09-26T08:00:00-06:00,2026-06-29T00:00:00-06:00,,5,OPSCH-4-00062,false,ACTIVE,,,VALID,CURRENT,coolit-synthetic-v2.0.0,ALL_SYNTHETIC_CUSTOMERS,ALL_SYNTHETIC_PROGRAMS,CFG-CDU-04,SYNTHETIC_INTERNAL,SNP-COOLIT-20260925-BL,SCN-BASELINE,OPSCH-5-00062,SCH-V5,WO-0011,MESOP-00062,20,LINE-CDU-01,2026-07-30T07:00:00-06:00,2026-07-30T17:00:00-06:00,62,COOLANT_DISTRIBUTION_UNIT,20,1,true,true,true,SLUSHY,SUPERSEDED
TEN-COOLIT-SYN-001,SITE-COOLIT-SYN-01,ERP,OPERATION_SCHEDULE,OPSCH-5-00063,MESOP-00063,RESOLVED,2026-09-25T23:59:59-06:00,2026-09-26T08:00:00-06:00,2026-06-29T00:00:00-06:00,,5,OPSCH-4-00063,false,ACTIVE,,,VALID,CURRENT,coolit-synthetic-v2.0.0,ALL_SYNTHETIC_CUSTOMERS,ALL_SYNTHETIC_PROGRAMS,CFG-CDU-04,SYNTHETIC_INTERNAL,SNP-COOLIT-20260925-BL,SCN-BASELINE,OPSCH-5-00063,SCH-V5,WO-0011,MESOP-00063,30,TEST-LEAK-01,2026-07-31T07:00:00-06:00,2026-07-31T17:00:00-06:00,63,COOLANT_DISTRIBUTION_UNIT,5,1,true,false,true,SLUSHY,SUPERSEDED
TEN-COOLIT-SYN-001,SITE-COOLIT-SYN-01,ERP,OPERATION_SCHEDULE,OPSCH-5-00064,MESOP-00064,RESOLVED,2026-09-25T23:59:59-06:00,2026-09-26T08:00:00-06:00,2026-06-29T00:00:00-06:00,,5,OPSCH-4-00064,false,ACTIVE,,,VALID,CURRENT,coolit-synthetic-v2.0.0,ALL_SYNTHETIC_CUSTOMERS,ALL_SYNTHETIC_PROGRAMS,CFG-CDU-04,SYNTHETIC_INTERNAL,SNP-COOLIT-20260925-BL,SCN-BASELINE,OPSCH-5-00064,SCH-V5,WO-0011,MESOP-00064,40,TEST-LEAK-01,2026-08-01T07:00:00-06:00,2026-08-01T17:00:00-06:00,64,COOLANT_DISTRIBUTION_UNIT,5,2,true,true,true,SLUSHY,SUPERSEDED
TEN-COOLIT-SYN-001,SITE-COOLIT-SYN-01,ERP,OPERATION_SCHEDULE,OPSCH-5-00065,MESOP-00065,RESOLVED,2026-09-25T23:59:59-06:00,2026-09-26T08:00:00-06:00,2026-06-29T00:00:00-06:00,,5,OPSCH-4-00065,false,ACTIVE,,,VALID,CURRENT,coolit-synthetic-v2.0.0,ALL_SYNTHETIC_CUSTOMERS,ALL_SYNTHETIC_PROGRAMS,CFG-CDU-04,SYNTHETIC_INTERNAL,SNP-COOLIT-20260925-BL,SCN-BASELINE,OPSCH-5-00065,SCH-V5,WO-0011,MESOP-00065,50,TEST-FUNC-01,2026-08-02T07:00:00-06:00,2026-08-02T17:00:00-06:00,65,COOLANT_DISTRIBUTION_UNIT,5,2,true,true,true,SLUSHY,SUPERSEDED
TEN-COOLIT-SYN-001,SITE-COOLIT-SYN-01,ERP,OPERATION_SCHEDULE,OPSCH-5-00066,MESOP-00066,RESOLVED,2026-09-25T23:59:59-06:00,2026-09-26T08:00:00-06:00,2026-06-29T00:00:00-06:00,,5,OPSCH-4-00066,false,ACTIVE,,,VALID,CURRENT,coolit-synthetic-v2.0.0,ALL_SYNTHETIC_CUSTOMERS,ALL_SYNTHETIC_PROGRAMS,CFG-CDU-04,SYNTHETIC_INTERNAL,SNP-COOLIT-20260925-BL,SCN-BASELINE,OPSCH-5-00066,SCH-V5,WO-0011,MESOP-00066,60,LINE-CDU-01,2026-08-03T07:00:00-06:00,2026-08-03T17:00:00-06:00,66,COOLANT_DISTRIBUTION_UNIT,5,2,true,true,true,SLUSHY,SUPERSEDED
TEN-COOLIT-SYN-001,SITE-COOLIT-SYN-01,ERP,OPERATION_SCHEDULE,OPSCH-5-00067,MESOP-00067,RESOLVED,2026-09-25T23:59:59-06:00,2026-09-26T08:00:00-06:00,2026-06-29T00:00:00-06:00,,5,OPSCH-4-00067,false,ACTIVE,,,VALID,CURRENT,coolit-synthetic-v2.0.0,ALL_SYNTHETIC_CUSTOMERS,ALL_SYNTHETIC_PROGRAMS,CFG-RM-03,SYNTHETIC_INTERNAL,SNP-COOLIT-20260925-BL,SCN-BASELINE,OPSCH-5-00067,SCH-V5,WO-0012,MESOP-00067,10,CELL-ROBOT-01,2026-08-01T07:00:00-06:00,2026-08-01T17:00:00-06:00,67,RACK_MANIFOLD,5,1,true,true,true,SLUSHY,SUPERSEDED
TEN-COOLIT-SYN-001,SITE-COOLIT-SYN-01,ERP,OPERATION_SCHEDULE,OPSCH-5-00068,MESOP-00068,RESOLVED,2026-09-25T23:59:59-06:00,2026-09-26T08:00:00-06:00,2026-06-29T00:00:00-06:00,,5,OPSCH-4-00068,false,ACTIVE,,,VALID,CURRENT,coolit-synthetic-v2.0.0,ALL_SYNTHETIC_CUSTOMERS,ALL_SYNTHETIC_PROGRAMS,CFG-RM-03,SYNTHETIC_INTERNAL,SNP-COOLIT-20260925-BL,SCN-BASELINE,OPSCH-5-00068,SCH-V5,WO-0012,MESOP-00068,20,LINE-RM-01,2026-08-02T07:00:00-06:00,2026-08-02T17:00:00-06:00,68,RACK_MANIFOLD,20,1,true,true,true,SLUSHY,SUPERSEDED
TEN-COOLIT-SYN-001,SITE-COOLIT-SYN-01,ERP,OPERATION_SCHEDULE,OPSCH-5-00069,MESOP-00069,RESOLVED,2026-09-25T23:59:59-06:00,2026-09-26T08:00:00-06:00,2026-06-29T00:00:00-06:00,,5,OPSCH-4-00069,false,ACTIVE,,,VALID,CURRENT,coolit-synthetic-v2.0.0,ALL_SYNTHETIC_CUSTOMERS,ALL_SYNTHETIC_PROGRAMS,CFG-RM-03,SYNTHETIC_INTERNAL,SNP-COOLIT-20260925-BL,SCN-BASELINE,OPSCH-5-00069,SCH-V5,WO-0012,MESOP-00069,30,TEST-LEAK-01,2026-08-03T07:00:00-06:00,2026-08-03T17:00:00-06:00,69,RACK_MANIFOLD,5,1,true,true,true,SLUSHY,SUPERSEDED
TEN-COOLIT-SYN-001,SITE-COOLIT-SYN-01,ERP,OPERATION_SCHEDULE,OPSCH-5-00070,MESOP-00070,RESOLVED,2026-09-25T23:59:59-06:00,2026-09-26T08:00:00-06:00,2026-06-29T00:00:00-06:00,,5,OPSCH-4-00070,false,ACTIVE,,,VALID,CURRENT,coolit-synthetic-v2.0.0,ALL_SYNTHETIC_CUSTOMERS,ALL_SYNTHETIC_PROGRAMS,CFG-RM-03,SYNTHETIC_INTERNAL,SNP-COOLIT-20260925-BL,SCN-BASELINE,OPSCH-5-00070,SCH-V5,WO-0012,MESOP-00070,40,TEST-LEAK-01,2026-08-04T07:00:00-06:00,2026-08-04T17:00:00-06:00,70,RACK_MANIFOLD,5,2,true,true,true,SLUSHY,SUPERSEDED
TEN-COOLIT-SYN-001,SITE-COOLIT-SYN-01,ERP,OPERATION_SCHEDULE,OPSCH-5-00071,MESOP-00071,RESOLVED,2026-09-25T23:59:59-06:00,2026-09-26T08:00:00-06:00,2026-06-29T00:00:00-06:00,,5,OPSCH-4-00071,false,ACTIVE,,,VALID,CURRENT,coolit-synthetic-v2.0.0,ALL_SYNTHETIC_CUSTOMERS,ALL_SYNTHETIC_PROGRAMS,CFG-RM-03,SYNTHETIC_INTERNAL,SNP-COOLIT-20260925-BL,SCN-BASELINE,OPSCH-5-00071,SCH-V5,WO-0012,MESOP-00071,50,TEST-FUNC-01,2026-08-05T07:00:00-06:00,2026-08-05T17:00:00-06:00,71,RACK_MANIFOLD,5,2,true,true,true,SLUSHY,SUPERSEDED
TEN-COOLIT-SYN-001,SITE-COOLIT-SYN-01,ERP,OPERATION_SCHEDULE,OPSCH-5-00072,MESOP-00072,RESOLVED,2026-09-25T23:59:59-06:00,2026-09-26T08:00:00-06:00,2026-06-29T00:00:00-06:00,,5,OPSCH-4-00072,false,ACTIVE,,,VALID,CURRENT,coolit-synthetic-v2.0.0,ALL_SYNTHETIC_CUSTOMERS,ALL_SYNTHETIC_PROGRAMS,CFG-RM-03,SYNTHETIC_INTERNAL,SNP-COOLIT-20260925-BL,SCN-BASELINE,OPSCH-5-00072,SCH-V5,WO-0012,MESOP-00072,60,LINE-RM-01,2026-08-06T07:00:00-06:00,2026-08-06T17:00:00-06:00,72,RACK_MANIFOLD,5,2,true,true,true,SLUSHY,SUPERSEDED
TEN-COOLIT-SYN-001,SITE-COOLIT-SYN-01,ERP,OPERATION_SCHEDULE,OPSCH-5-00073,MESOP-00073,RESOLVED,2026-09-25T23:59:59-06:00,2026-09-26T08:00:00-06:00,2026-06-29T00:00:00-06:00,,5,OPSCH-4-00073,false,ACTIVE,,,VALID,CURRENT,coolit-synthetic-v2.0.0,ALL_SYNTHETIC_CUSTOMERS,ALL_SYNTHETIC_PROGRAMS,CFG-CPL-02,SYNTHETIC_INTERNAL,SNP-COOLIT-20260925-BL,SCN-BASELINE,OPSCH-5-00073,SCH-V5,WO-0013,MESOP-00073,10,CELL-ROBOT-01,2026-08-04T07:00:00-06:00,2026-08-04T17:00:00-06:00,73,COLDPLATE_LOOP,5,1,true,true,true,SLUSHY,SUPERSEDED
TEN-COOLIT-SYN-001,SITE-COOLIT-SYN-01,ERP,OPERATION_SCHEDULE,OPSCH-5-00074,MESOP-00074,RESOLVED,2026-09-25T23:59:59-06:00,2026-09-26T08:00:00-06:00,2026-06-29T00:00:00-06:00,,5,OPSCH-4-00074,false,ACTIVE,,,VALID,CURRENT,coolit-synthetic-v2.0.0,ALL_SYNTHETIC_CUSTOMERS,ALL_SYNTHETIC_PROGRAMS,CFG-CPL-02,SYNTHETIC_INTERNAL,SNP-COOLIT-20260925-BL,SCN-BASELINE,OPSCH-5-00074,SCH-V5,WO-0013,MESOP-00074,20,LINE-CPL-01,2026-08-05T07:00:00-06:00,2026-08-05T17:00:00-06:00,74,COLDPLATE_LOOP,20,1,true,true,true,SLUSHY,SUPERSEDED
TEN-COOLIT-SYN-001,SITE-COOLIT-SYN-01,ERP,OPERATION_SCHEDULE,OPSCH-5-00075,MESOP-00075,RESOLVED,2026-09-25T23:59:59-06:00,2026-09-26T08:00:00-06:00,2026-06-29T00:00:00-06:00,,5,OPSCH-4-00075,false,ACTIVE,,,VALID,CURRENT,coolit-synthetic-v2.0.0,ALL_SYNTHETIC_CUSTOMERS,ALL_SYNTHETIC_PROGRAMS,CFG-CPL-02,SYNTHETIC_INTERNAL,SNP-COOLIT-20260925-BL,SCN-BASELINE,OPSCH-5-00075,SCH-V5,WO-0013,MESOP-00075,30,TEST-LEAK-01,2026-08-06T07:00:00-06:00,2026-08-06T17:00:00-06:00,75,COLDPLATE_LOOP,5,1,true,true,true,SLUSHY,SUPERSEDED
TEN-COOLIT-SYN-001,SITE-COOLIT-SYN-01,ERP,OPERATION_SCHEDULE,OPSCH-5-00076,MESOP-00076,RESOLVED,2026-09-25T23:59:59-06:00,2026-09-26T08:00:00-06:00,2026-06-29T00:00:00-06:00,,5,OPSCH-4-00076,false,ACTIVE,,,VALID,CURRENT,coolit-synthetic-v2.0.0,ALL_SYNTHETIC_CUSTOMERS,ALL_SYNTHETIC_PROGRAMS,CFG-CPL-02,SYNTHETIC_INTERNAL,SNP-COOLIT-20260925-BL,SCN-BASELINE,OPSCH-5-00076,SCH-V5,WO-0013,MESOP-00076,40,TEST-LEAK-01,2026-08-07T07:00:00-06:00,2026-08-07T17:00:00-06:00,76,COLDPLATE_LOOP,5,2,true,true,true,SLUSHY,SUPERSEDED
TEN-COOLIT-SYN-001,SITE-COOLIT-SYN-01,ERP,OPERATION_SCHEDULE,OPSCH-5-00077,MESOP-00077,RESOLVED,2026-09-25T23:59:59-06:00,2026-09-26T08:00:00-06:00,2026-06-29T00:00:00-06:00,,5,OPSCH-4-00077,false,ACTIVE,,,VALID,CURRENT,coolit-synthetic-v2.0.0,ALL_SYNTHETIC_CUSTOMERS,ALL_SYNTHETIC_PROGRAMS,CFG-CPL-02,SYNTHETIC_INTERNAL,SNP-COOLIT-20260925-BL,SCN-BASELINE,OPSCH-5-00077,SCH-V5,WO-0013,MESOP-00077,50,TEST-FUNC-01,2026-08-08T07:00:00-06:00,2026-08-08T17:00:00-06:00,77,COLDPLATE_LOOP,5,2,true,true,true,SLUSHY,SUPERSEDED
TEN-COOLIT-SYN-001,SITE-COOLIT-SYN-01,ERP,OPERATION_SCHEDULE,OPSCH-5-00078,MESOP-00078,RESOLVED,2026-09-25T23:59:59-06:00,2026-09-26T08:00:00-06:00,2026-06-29T00:00:00-06:00,,5,OPSCH-4-00078,false,ACTIVE,,,VALID,CURRENT,coolit-synthetic-v2.0.0,ALL_SYNTHETIC_CUSTOMERS,ALL_SYNTHETIC_PROGRAMS,CFG-CPL-02,SYNTHETIC_INTERNAL,SNP-COOLIT-20260925-BL,SCN-BASELINE,OPSCH-5-00078,SCH-V5,WO-0013,MESOP-00078,60,LINE-CPL-01,2026-08-09T07:00:00-06:00,2026-08-09T17:00:00-06:00,78,COLDPLATE_LOOP,5,2,true,true,true,SLUSHY,SUPERSEDED
TEN-COOLIT-SYN-001,SITE-COOLIT-SYN-01,ERP,OPERATION_SCHEDULE,OPSCH-5-00079,MESOP-00079,RESOLVED,2026-09-25T23:59:59-06:00,2026-09-26T08:00:00-06:00,2026-06-29T00:00:00-06:00,,5,OPSCH-4-00079,false,ACTIVE,,,VALID,CURRENT,coolit-synthetic-v2.0.0,ALL_SYNTHETIC_CUSTOMERS,ALL_SYNTHETIC_PROGRAMS,CFG-CDU-01,SYNTHETIC_INTERNAL,SNP-COOLIT-20260925-BL,SCN-BASELINE,OPSCH-5-00079,SCH-V5,WO-0014,MESOP-00079,10,CELL-ROBOT-01,2026-08-07T07:00:00-06:00,2026-08-07T17:00:00-06:00,79,COOLANT_DISTRIBUTION_UNIT,5,1,true,true,true,SLUSHY,SUPERSEDED
TEN-COOLIT-SYN-001,SITE-COOLIT-SYN-01,ERP,OPERATION_SCHEDULE,OPSCH-5-00080,MESOP-00080,RESOLVED,2026-09-25T23:59:59-06:00,2026-09-26T08:00:00-06:00,2026-06-29T00:00:00-06:00,,5,OPSCH-4-00080,false,ACTIVE,,,VALID,CURRENT,coolit-synthetic-v2.0.0,ALL_SYNTHETIC_CUSTOMERS,ALL_SYNTHETIC_PROGRAMS,CFG-CDU-01,SYNTHETIC_INTERNAL,SNP-COOLIT-20260925-BL,SCN-BASELINE,OPSCH-5-00080,SCH-V5,WO-0014,MESOP-00080,20,LINE-CDU-01,2026-08-08T07:00:00-06:00,2026-08-08T17:00:00-06:00,80,COOLANT_DISTRIBUTION_UNIT,20,1,true,true,true,SLUSHY,SUPERSEDED
TEN-COOLIT-SYN-001,SITE-COOLIT-SYN-01,ERP,OPERATION_SCHEDULE,OPSCH-5-00081,MESOP-00081,RESOLVED,2026-09-25T23:59:59-06:00,2026-09-26T08:00:00-06:00,2026-06-29T00:00:00-06:00,,5,OPSCH-4-00081,false,ACTIVE,,,VALID,CURRENT,coolit-synthetic-v2.0.0,ALL_SYNTHETIC_CUSTOMERS,ALL_SYNTHETIC_PROGRAMS,CFG-CDU-01,SYNTHETIC_INTERNAL,SNP-COOLIT-20260925-BL,SCN-BASELINE,OPSCH-5-00081,SCH-V5,WO-0014,MESOP-00081,30,TEST-LEAK-01,2026-08-09T07:00:00-06:00,2026-08-09T17:00:00-06:00,81,COOLANT_DISTRIBUTION_UNIT,5,1,true,true,true,SLUSHY,SUPERSEDED
TEN-COOLIT-SYN-001,SITE-COOLIT-SYN-01,ERP,OPERATION_SCHEDULE,OPSCH-5-00082,MESOP-00082,RESOLVED,2026-09-25T23:59:59-06:00,2026-09-26T08:00:00-06:00,2026-06-29T00:00:00-06:00,,5,OPSCH-4-00082,false,ACTIVE,,,VALID,CURRENT,coolit-synthetic-v2.0.0,ALL_SYNTHETIC_CUSTOMERS,ALL_SYNTHETIC_PROGRAMS,CFG-CDU-01,SYNTHETIC_INTERNAL,SNP-COOLIT-20260925-BL,SCN-BASELINE,OPSCH-5-00082,SCH-V5,WO-0014,MESOP-00082,40,TEST-LEAK-01,2026-08-10T07:00:00-06:00,2026-08-10T17:00:00-06:00,82,COOLANT_DISTRIBUTION_UNIT,5,2,true,true,true,SLUSHY,SUPERSEDED
TEN-COOLIT-SYN-001,SITE-COOLIT-SYN-01,ERP,OPERATION_SCHEDULE,OPSCH-5-00083,MESOP-00083,RESOLVED,2026-09-25T23:59:59-06:00,2026-09-26T08:00:00-06:00,2026-06-29T00:00:00-06:00,,5,OPSCH-4-00083,false,ACTIVE,,,VALID,CURRENT,coolit-synthetic-v2.0.0,ALL_SYNTHETIC_CUSTOMERS,ALL_SYNTHETIC_PROGRAMS,CFG-CDU-01,SYNTHETIC_INTERNAL,SNP-COOLIT-20260925-BL,SCN-BASELINE,OPSCH-5-00083,SCH-V5,WO-0014,MESOP-00083,50,TEST-FUNC-01,2026-08-11T07:00:00-06:00,2026-08-11T17:00:00-06:00,83,COOLANT_DISTRIBUTION_UNIT,5,2,true,true,true,SLUSHY,SUPERSEDED
TEN-COOLIT-SYN-001,SITE-COOLIT-SYN-01,ERP,OPERATION_SCHEDULE,OPSCH-5-00084,MESOP-00084,RESOLVED,2026-09-25T23:59:59-06:00,2026-09-26T08:00:00-06:00,2026-06-29T00:00:00-06:00,,5,OPSCH-4-00084,false,ACTIVE,,,VALID,CURRENT,coolit-synthetic-v2.0.0,ALL_SYNTHETIC_CUSTOMERS,ALL_SYNTHETIC_PROGRAMS,CFG-CDU-01,SYNTHETIC_INTERNAL,SNP-COOLIT-20260925-BL,SCN-BASELINE,OPSCH-5-00084,SCH-V5,WO-0014,MESOP-00084,60,LINE-CDU-01,2026-08-12T07:00:00-06:00,2026-08-12T17:00:00-06:00,84,COOLANT_DISTRIBUTION_UNIT,5,2,true,true,true,SLUSHY,SUPERSEDED
TEN-COOLIT-SYN-001,SITE-COOLIT-SYN-01,ERP,OPERATION_SCHEDULE,OPSCH-5-00085,MESOP-00085,RESOLVED,2026-09-25T23:59:59-06:00,2026-09-26T08:00:00-06:00,2026-06-29T00:00:00-06:00,,5,OPSCH-4-00085,false,ACTIVE,,,VALID,CURRENT,coolit-synthetic-v2.0.0,ALL_SYNTHETIC_CUSTOMERS,ALL_SYNTHETIC_PROGRAMS,CFG-CPL-04,SYNTHETIC_INTERNAL,SNP-COOLIT-20260925-BL,SCN-BASELINE,OPSCH-5-00085,SCH-V5,WO-0015,MESOP-00085,10,CELL-ROBOT-01,2026-08-10T07:00:00-06:00,2026-08-10T17:00:00-06:00,85,COLDPLATE_LOOP,5,1,true,true,true,SLUSHY,SUPERSEDED
TEN-COOLIT-SYN-001,SITE-COOLIT-SYN-01,ERP,OPERATION_SCHEDULE,OPSCH-5-00086,MESOP-00086,RESOLVED,2026-09-25T23:59:59-06:00,2026-09-26T08:00:00-06:00,2026-06-29T00:00:00-06:00,,5,OPSCH-4-00086,false,ACTIVE,,,VALID,CURRENT,coolit-synthetic-v2.0.0,ALL_SYNTHETIC_CUSTOMERS,ALL_SYNTHETIC_PROGRAMS,CFG-CPL-04,SYNTHETIC_INTERNAL,SNP-COOLIT-20260925-BL,SCN-BASELINE,OPSCH-5-00086,SCH-V5,WO-0015,MESOP-00086,20,LINE-CPL-01,2026-08-11T07:00:00-06:00,2026-08-11T17:00:00-06:00,86,COLDPLATE_LOOP,20,1,true,true,true,SLUSHY,SUPERSEDED
TEN-COOLIT-SYN-001,SITE-COOLIT-SYN-01,ERP,OPERATION_SCHEDULE,OPSCH-5-00087,MESOP-00087,RESOLVED,2026-09-25T23:59:59-06:00,2026-09-26T08:00:00-06:00,2026-06-29T00:00:00-06:00,,5,OPSCH-4-00087,false,ACTIVE,,,VALID,CURRENT,coolit-synthetic-v2.0.0,ALL_SYNTHETIC_CUSTOMERS,ALL_SYNTHETIC_PROGRAMS,CFG-CPL-04,SYNTHETIC_INTERNAL,SNP-COOLIT-20260925-BL,SCN-BASELINE,OPSCH-5-00087,SCH-V5,WO-0015,MESOP-00087,30,TEST-LEAK-01,2026-08-12T07:00:00-06:00,2026-08-12T17:00:00-06:00,87,COLDPLATE_LOOP,5,1,true,true,true,SLUSHY,SUPERSEDED
TEN-COOLIT-SYN-001,SITE-COOLIT-SYN-01,ERP,OPERATION_SCHEDULE,OPSCH-5-00088,MESOP-00088,RESOLVED,2026-09-25T23:59:59-06:00,2026-09-26T08:00:00-06:00,2026-06-29T00:00:00-06:00,,5,OPSCH-4-00088,false,ACTIVE,,,VALID,CURRENT,coolit-synthetic-v2.0.0,ALL_SYNTHETIC_CUSTOMERS,ALL_SYNTHETIC_PROGRAMS,CFG-CPL-04,SYNTHETIC_INTERNAL,SNP-COOLIT-20260925-BL,SCN-BASELINE,OPSCH-5-00088,SCH-V5,WO-0015,MESOP-00088,40,TEST-LEAK-01,2026-08-13T07:00:00-06:00,2026-08-13T17:00:00-06:00,88,COLDPLATE_LOOP,5,2,false,true,true,SLUSHY,SUPERSEDED
TEN-COOLIT-SYN-001,SITE-COOLIT-SYN-01,ERP,OPERATION_SCHEDULE,OPSCH-5-00089,MESOP-00089,RESOLVED,2026-09-25T23:59:59-06:00,2026-09-26T08:00:00-06:00,2026-06-29T00:00:00-06:00,,5,OPSCH-4-00089,false,ACTIVE,,,VALID,CURRENT,coolit-synthetic-v2.0.0,ALL_SYNTHETIC_CUSTOMERS,ALL_SYNTHETIC_PROGRAMS,CFG-CPL-04,SYNTHETIC_INTERNAL,SNP-COOLIT-20260925-BL,SCN-BASELINE,OPSCH-5-00089,SCH-V5,WO-0015,MESOP-00089,50,TEST-FUNC-01,2026-08-14T07:00:00-06:00,2026-08-14T17:00:00-06:00,89,COLDPLATE_LOOP,5,2,true,true,true,SLUSHY,SUPERSEDED
TEN-COOLIT-SYN-001,SITE-COOLIT-SYN-01,ERP,OPERATION_SCHEDULE,OPSCH-5-00090,MESOP-00090,RESOLVED,2026-09-25T23:59:59-06:00,2026-09-26T08:00:00-06:00,2026-06-29T00:00:00-06:00,,5,OPSCH-4-00090,false,ACTIVE,,,VALID,CURRENT,coolit-synthetic-v2.0.0,ALL_SYNTHETIC_CUSTOMERS,ALL_SYNTHETIC_PROGRAMS,CFG-CPL-04,SYNTHETIC_INTERNAL,SNP-COOLIT-20260925-BL,SCN-BASELINE,OPSCH-5-00090,SCH-V5,WO-0015,MESOP-00090,60,LINE-CPL-01,2026-08-15T07:00:00-06:00,2026-08-15T17:00:00-06:00,90,COLDPLATE_LOOP,5,2,true,true,true,SLUSHY,SUPERSEDED
TEN-COOLIT-SYN-001,SITE-COOLIT-SYN-01,ERP,OPERATION_SCHEDULE,OPSCH-5-00091,MESOP-00091,RESOLVED,2026-09-25T23:59:59-06:00,2026-09-26T08:00:00-06:00,2026-06-29T00:00:00-06:00,,5,OPSCH-4-00091,false,ACTIVE,,,VALID,CURRENT,coolit-synthetic-v2.0.0,ALL_SYNTHETIC_CUSTOMERS,ALL_SYNTHETIC_PROGRAMS,CFG-CDU-03,SYNTHETIC_INTERNAL,SNP-COOLIT-20260925-BL,SCN-BASELINE,OPSCH-5-00091,SCH-V5,WO-0016,MESOP-00091,10,CELL-ROBOT-01,2026-08-13T07:00:00-06:00,2026-08-13T17:00:00-06:00,91,COOLANT_DISTRIBUTION_UNIT,5,1,true,true,true,SLUSHY,SUPERSEDED
TEN-COOLIT-SYN-001,SITE-COOLIT-SYN-01,ERP,OPERATION_SCHEDULE,OPSCH-5-00092,MESOP-00092,RESOLVED,2026-09-25T23:59:59-06:00,2026-09-26T08:00:00-06:00,2026-06-29T00:00:00-06:00,,5,OPSCH-4-00092,false,ACTIVE,,,VALID,CURRENT,coolit-synthetic-v2.0.0,ALL_SYNTHETIC_CUSTOMERS,ALL_SYNTHETIC_PROGRAMS,CFG-CDU-03,SYNTHETIC_INTERNAL,SNP-COOLIT-20260925-BL,SCN-BASELINE,OPSCH-5-00092,SCH-V5,WO-0016,MESOP-00092,20,LINE-CDU-01,2026-08-14T07:00:00-06:00,2026-08-14T17:00:00-06:00,92,COOLANT_DISTRIBUTION_UNIT,20,1,true,true,true,SLUSHY,SUPERSEDED
TEN-COOLIT-SYN-001,SITE-COOLIT-SYN-01,ERP,OPERATION_SCHEDULE,OPSCH-5-00093,MESOP-00093,RESOLVED,2026-09-25T23:59:59-06:00,2026-09-26T08:00:00-06:00,2026-06-29T00:00:00-06:00,,5,OPSCH-4-00093,false,ACTIVE,,,VALID,CURRENT,coolit-synthetic-v2.0.0,ALL_SYNTHETIC_CUSTOMERS,ALL_SYNTHETIC_PROGRAMS,CFG-CDU-03,SYNTHETIC_INTERNAL,SNP-COOLIT-20260925-BL,SCN-BASELINE,OPSCH-5-00093,SCH-V5,WO-0016,MESOP-00093,30,TEST-LEAK-01,2026-08-15T07:00:00-06:00,2026-08-15T17:00:00-06:00,93,COOLANT_DISTRIBUTION_UNIT,5,1,true,true,true,SLUSHY,SUPERSEDED
TEN-COOLIT-SYN-001,SITE-COOLIT-SYN-01,ERP,OPERATION_SCHEDULE,OPSCH-5-00094,MESOP-00094,RESOLVED,2026-09-25T23:59:59-06:00,2026-09-26T08:00:00-06:00,2026-06-29T00:00:00-06:00,,5,OPSCH-4-00094,false,ACTIVE,,,VALID,CURRENT,coolit-synthetic-v2.0.0,ALL_SYNTHETIC_CUSTOMERS,ALL_SYNTHETIC_PROGRAMS,CFG-CDU-03,SYNTHETIC_INTERNAL,SNP-COOLIT-20260925-BL,SCN-BASELINE,OPSCH-5-00094,SCH-V5,WO-0016,MESOP-00094,40,TEST-LEAK-01,2026-08-16T07:00:00-06:00,2026-08-16T17:00:00-06:00,94,COOLANT_DISTRIBUTION_UNIT,5,2,true,false,true,SLUSHY,SUPERSEDED
TEN-COOLIT-SYN-001,SITE-COOLIT-SYN-01,ERP,OPERATION_SCHEDULE,OPSCH-5-00095,MESOP-00095,RESOLVED,2026-09-25T23:59:59-06:00,2026-09-26T08:00:00-06:00,2026-06-29T00:00:00-06:00,,5,OPSCH-4-00095,false,ACTIVE,,,VALID,CURRENT,coolit-synthetic-v2.0.0,ALL_SYNTHETIC_CUSTOMERS,ALL_SYNTHETIC_PROGRAMS,CFG-CDU-03,SYNTHETIC_INTERNAL,SNP-COOLIT-20260925-BL,SCN-BASELINE,OPSCH-5-00095,SCH-V5,WO-0016,MESOP-00095,50,TEST-FUNC-01,2026-08-17T07:00:00-06:00,2026-08-17T17:00:00-06:00,95,COOLANT_DISTRIBUTION_UNIT,5,2,true,true,true,SLUSHY,SUPERSEDED
TEN-COOLIT-SYN-001,SITE-COOLIT-SYN-01,ERP,OPERATION_SCHEDULE,OPSCH-5-00096,MESOP-00096,RESOLVED,2026-09-25T23:59:59-06:00,2026-09-26T08:00:00-06:00,2026-06-29T00:00:00-06:00,,5,OPSCH-4-00096,false,ACTIVE,,,VALID,CURRENT,coolit-synthetic-v2.0.0,ALL_SYNTHETIC_CUSTOMERS,ALL_SYNTHETIC_PROGRAMS,CFG-CDU-03,SYNTHETIC_INTERNAL,SNP-COOLIT-20260925-BL,SCN-BASELINE,OPSCH-5-00096,SCH-V5,WO-0016,MESOP-00096,60,LINE-CDU-01,2026-08-18T07:00:00-06:00,2026-08-18T17:00:00-06:00,96,COOLANT_DISTRIBUTION_UNIT,5,2,true,true,true,SLUSHY,SUPERSEDED
TEN-COOLIT-SYN-001,SITE-COOLIT-SYN-01,ERP,OPERATION_SCHEDULE,OPSCH-5-00097,MESOP-00097,RESOLVED,2026-09-25T23:59:59-06:00,2026-09-26T08:00:00-06:00,2026-06-29T00:00:00-06:00,,5,OPSCH-4-00097,false,ACTIVE,,,VALID,CURRENT,coolit-synthetic-v2.0.0,ALL_SYNTHETIC_CUSTOMERS,ALL_SYNTHETIC_PROGRAMS,CFG-RM-02,SYNTHETIC_INTERNAL,SNP-COOLIT-20260925-BL,SCN-BASELINE,OPSCH-5-00097,SCH-V5,WO-0017,MESOP-00097,10,CELL-ROBOT-01,2026-08-16T07:00:00-06:00,2026-08-16T17:00:00-06:00,97,RACK_MANIFOLD,5,1,true,true,true,SLUSHY,SUPERSEDED
TEN-COOLIT-SYN-001,SITE-COOLIT-SYN-01,ERP,OPERATION_SCHEDULE,OPSCH-5-00098,MESOP-00098,RESOLVED,2026-09-25T23:59:59-06:00,2026-09-26T08:00:00-06:00,2026-06-29T00:00:00-06:00,,5,OPSCH-4-00098,false,ACTIVE,,,VALID,CURRENT,coolit-synthetic-v2.0.0,ALL_SYNTHETIC_CUSTOMERS,ALL_SYNTHETIC_PROGRAMS,CFG-RM-02,SYNTHETIC_INTERNAL,SNP-COOLIT-20260925-BL,SCN-BASELINE,OPSCH-5-00098,SCH-V5,WO-0017,MESOP-00098,20,LINE-RM-01,2026-08-17T07:00:00-06:00,2026-08-17T17:00:00-06:00,98,RACK_MANIFOLD,20,1,true,true,true,SLUSHY,SUPERSEDED
TEN-COOLIT-SYN-001,SITE-COOLIT-SYN-01,ERP,OPERATION_SCHEDULE,OPSCH-5-00099,MESOP-00099,RESOLVED,2026-09-25T23:59:59-06:00,2026-09-26T08:00:00-06:00,2026-06-29T00:00:00-06:00,,5,OPSCH-4-00099,false,ACTIVE,,,VALID,CURRENT,coolit-synthetic-v2.0.0,ALL_SYNTHETIC_CUSTOMERS,ALL_SYNTHETIC_PROGRAMS,CFG-RM-02,SYNTHETIC_INTERNAL,SNP-COOLIT-20260925-BL,SCN-BASELINE,OPSCH-5-00099,SCH-V5,WO-0017,MESOP-00099,30,TEST-LEAK-01,2026-08-18T07:00:00-06:00,2026-08-18T17:00:00-06:00,99,RACK_MANIFOLD,5,1,true,true,true,SLUSHY,SUPERSEDED
TEN-COOLIT-SYN-001,SITE-COOLIT-SYN-01,ERP,OPERATION_SCHEDULE,OPSCH-5-00100,MESOP-00100,RESOLVED,2026-09-25T23:59:59-06:00,2026-09-26T08:00:00-06:00,2026-06-29T00:00:00-06:00,,5,OPSCH-4-00100,false,ACTIVE,,,VALID,CURRENT,coolit-synthetic-v2.0.0,ALL_SYNTHETIC_CUSTOMERS,ALL_SYNTHETIC_PROGRAMS,CFG-RM-02,SYNTHETIC_INTERNAL,SNP-COOLIT-20260925-BL,SCN-BASELINE,OPSCH-5-00100,SCH-V5,WO-0017,MESOP-00100,40,TEST-LEAK-01,2026-08-19T07:00:00-06:00,2026-08-19T17:00:00-06:00,100,RACK_MANIFOLD,5,2,true,true,true,SLUSHY,SUPERSEDED
TEN-COOLIT-SYN-001,SITE-COOLIT-SYN-01,ERP,OPERATION_SCHEDULE,OPSCH-5-00101,MESOP-00101,RESOLVED,2026-09-25T23:59:59-06:00,2026-09-26T08:00:00-06:00,2026-06-29T00:00:00-06:00,,5,OPSCH-4-00101,false,ACTIVE,,,VALID,CURRENT,coolit-synthetic-v2.0.0,ALL_SYNTHETIC_CUSTOMERS,ALL_SYNTHETIC_PROGRAMS,CFG-RM-02,SYNTHETIC_INTERNAL,SNP-COOLIT-20260925-BL,SCN-BASELINE,OPSCH-5-00101,SCH-V5,WO-0017,MESOP-00101,50,TEST-FUNC-01,2026-08-20T07:00:00-06:00,2026-08-20T17:00:00-06:00,101,RACK_MANIFOLD,5,2,true,true,true,OPEN,SUPERSEDED
TEN-COOLIT-SYN-001,SITE-COOLIT-SYN-01,ERP,OPERATION_SCHEDULE,OPSCH-5-00102,MESOP-00102,RESOLVED,2026-09-25T23:59:59-06:00,2026-09-26T08:00:00-06:00,2026-06-29T00:00:00-06:00,,5,OPSCH-4-00102,false,ACTIVE,,,VALID,CURRENT,coolit-synthetic-v2.0.0,ALL_SYNTHETIC_CUSTOMERS,ALL_SYNTHETIC_PROGRAMS,CFG-RM-02,SYNTHETIC_INTERNAL,SNP-COOLIT-20260925-BL,SCN-BASELINE,OPSCH-5-00102,SCH-V5,WO-0017,MESOP-00102,60,LINE-RM-01,2026-08-21T07:00:00-06:00,2026-08-21T17:00:00-06:00,102,RACK_MANIFOLD,5,2,true,true,true,OPEN,SUPERSEDED
TEN-COOLIT-SYN-001,SITE-COOLIT-SYN-01,ERP,OPERATION_SCHEDULE,OPSCH-5-00103,MESOP-00103,RESOLVED,2026-09-25T23:59:59-06:00,2026-09-26T08:00:00-06:00,2026-06-29T00:00:00-06:00,,5,OPSCH-4-00103,false,ACTIVE,,,VALID,CURRENT,coolit-synthetic-v2.0.0,ALL_SYNTHETIC_CUSTOMERS,ALL_SYNTHETIC_PROGRAMS,CFG-CPL-01,SYNTHETIC_INTERNAL,SNP-COOLIT-20260925-BL,SCN-BASELINE,OPSCH-5-00103,SCH-V5,WO-0018,MESOP-00103,10,CELL-ROBOT-01,2026-08-19T07:00:00-06:00,2026-08-19T17:00:00-06:00,103,COLDPLATE_LOOP,5,1,true,true,true,OPEN,SUPERSEDED
TEN-COOLIT-SYN-001,SITE-COOLIT-SYN-01,ERP,OPERATION_SCHEDULE,OPSCH-5-00104,MESOP-00104,RESOLVED,2026-09-25T23:59:59-06:00,2026-09-26T08:00:00-06:00,2026-06-29T00:00:00-06:00,,5,OPSCH-4-00104,false,ACTIVE,,,VALID,CURRENT,coolit-synthetic-v2.0.0,ALL_SYNTHETIC_CUSTOMERS,ALL_SYNTHETIC_PROGRAMS,CFG-CPL-01,SYNTHETIC_INTERNAL,SNP-COOLIT-20260925-BL,SCN-BASELINE,OPSCH-5-00104,SCH-V5,WO-0018,MESOP-00104,20,LINE-CPL-01,2026-08-20T07:00:00-06:00,2026-08-20T17:00:00-06:00,104,COLDPLATE_LOOP,20,1,true,true,true,OPEN,SUPERSEDED
TEN-COOLIT-SYN-001,SITE-COOLIT-SYN-01,ERP,OPERATION_SCHEDULE,OPSCH-5-00105,MESOP-00105,RESOLVED,2026-09-25T23:59:59-06:00,2026-09-26T08:00:00-06:00,2026-06-29T00:00:00-06:00,,5,OPSCH-4-00105,false,ACTIVE,,,VALID,CURRENT,coolit-synthetic-v2.0.0,ALL_SYNTHETIC_CUSTOMERS,ALL_SYNTHETIC_PROGRAMS,CFG-CPL-01,SYNTHETIC_INTERNAL,SNP-COOLIT-20260925-BL,SCN-BASELINE,OPSCH-5-00105,SCH-V5,WO-0018,MESOP-00105,30,TEST-LEAK-01,2026-08-21T07:00:00-06:00,2026-08-21T17:00:00-06:00,105,COLDPLATE_LOOP,5,1,true,true,true,OPEN,SUPERSEDED
TEN-COOLIT-SYN-001,SITE-COOLIT-SYN-01,ERP,OPERATION_SCHEDULE,OPSCH-5-00106,MESOP-00106,RESOLVED,2026-09-25T23:59:59-06:00,2026-09-26T08:00:00-06:00,2026-06-29T00:00:00-06:00,,5,OPSCH-4-00106,false,ACTIVE,,,VALID,CURRENT,coolit-synthetic-v2.0.0,ALL_SYNTHETIC_CUSTOMERS,ALL_SYNTHETIC_PROGRAMS,CFG-CPL-01,SYNTHETIC_INTERNAL,SNP-COOLIT-20260925-BL,SCN-BASELINE,OPSCH-5-00106,SCH-V5,WO-0018,MESOP-00106,40,TEST-LEAK-01,2026-08-22T07:00:00-06:00,2026-08-22T17:00:00-06:00,106,COLDPLATE_LOOP,5,2,true,true,true,OPEN,SUPERSEDED
TEN-COOLIT-SYN-001,SITE-COOLIT-SYN-01,ERP,OPERATION_SCHEDULE,OPSCH-5-00107,MESOP-00107,RESOLVED,2026-09-25T23:59:59-06:00,2026-09-26T08:00:00-06:00,2026-06-29T00:00:00-06:00,,5,OPSCH-4-00107,false,ACTIVE,,,VALID,CURRENT,coolit-synthetic-v2.0.0,ALL_SYNTHETIC_CUSTOMERS,ALL_SYNTHETIC_PROGRAMS,CFG-CPL-01,SYNTHETIC_INTERNAL,SNP-COOLIT-20260925-BL,SCN-BASELINE,OPSCH-5-00107,SCH-V5,WO-0018,MESOP-00107,50,TEST-FUNC-01,2026-08-23T07:00:00-06:00,2026-08-23T17:00:00-06:00,107,COLDPLATE_LOOP,5,2,true,true,true,OPEN,SUPERSEDED
TEN-COOLIT-SYN-001,SITE-COOLIT-SYN-01,ERP,OPERATION_SCHEDULE,OPSCH-5-00108,MESOP-00108,RESOLVED,2026-09-25T23:59:59-06:00,2026-09-26T08:00:00-06:00,2026-06-29T00:00:00-06:00,,5,OPSCH-4-00108,false,ACTIVE,,,VALID,CURRENT,coolit-synthetic-v2.0.0,ALL_SYNTHETIC_CUSTOMERS,ALL_SYNTHETIC_PROGRAMS,CFG-CPL-01,SYNTHETIC_INTERNAL,SNP-COOLIT-20260925-BL,SCN-BASELINE,OPSCH-5-00108,SCH-V5,WO-0018,MESOP-00108,60,LINE-CPL-01,2026-08-24T07:00:00-06:00,2026-08-24T17:00:00-06:00,108,COLDPLATE_LOOP,5,2,true,true,true,OPEN,SUPERSEDED
TEN-COOLIT-SYN-001,SITE-COOLIT-SYN-01,ERP,OPERATION_SCHEDULE,OPSCH-5-00109,MESOP-00109,RESOLVED,2026-09-25T23:59:59-06:00,2026-09-26T08:00:00-06:00,2026-06-29T00:00:00-06:00,,5,OPSCH-4-00109,false,ACTIVE,,,VALID,CURRENT,coolit-synthetic-v2.0.0,ALL_SYNTHETIC_CUSTOMERS,ALL_SYNTHETIC_PROGRAMS,CFG-RM-04,SYNTHETIC_INTERNAL,SNP-COOLIT-20260925-BL,SCN-BASELINE,OPSCH-5-00109,SCH-V5,WO-0019,MESOP-00109,10,CELL-ROBOT-01,2026-08-22T07:00:00-06:00,2026-08-22T17:00:00-06:00,109,RACK_MANIFOLD,5,1,true,true,true,OPEN,SUPERSEDED
TEN-COOLIT-SYN-001,SITE-COOLIT-SYN-01,ERP,OPERATION_SCHEDULE,OPSCH-5-00110,MESOP-00110,RESOLVED,2026-09-25T23:59:59-06:00,2026-09-26T08:00:00-06:00,2026-06-29T00:00:00-06:00,,5,OPSCH-4-00110,false,ACTIVE,,,VALID,CURRENT,coolit-synthetic-v2.0.0,ALL_SYNTHETIC_CUSTOMERS,ALL_SYNTHETIC_PROGRAMS,CFG-RM-04,SYNTHETIC_INTERNAL,SNP-COOLIT-20260925-BL,SCN-BASELINE,OPSCH-5-00110,SCH-V5,WO-0019,MESOP-00110,20,LINE-RM-01,2026-08-23T07:00:00-06:00,2026-08-23T17:00:00-06:00,110,RACK_MANIFOLD,20,1,true,true,true,OPEN,SUPERSEDED
TEN-COOLIT-SYN-001,SITE-COOLIT-SYN-01,ERP,OPERATION_SCHEDULE,OPSCH-5-00111,MESOP-00111,RESOLVED,2026-09-25T23:59:59-06:00,2026-09-26T08:00:00-06:00,2026-06-29T00:00:00-06:00,,5,OPSCH-4-00111,false,ACTIVE,,,VALID,CURRENT,coolit-synthetic-v2.0.0,ALL_SYNTHETIC_CUSTOMERS,ALL_SYNTHETIC_PROGRAMS,CFG-RM-04,SYNTHETIC_INTERNAL,SNP-COOLIT-20260925-BL,SCN-BASELINE,OPSCH-5-00111,SCH-V5,WO-0019,MESOP-00111,30,TEST-LEAK-01,2026-08-24T07:00:00-06:00,2026-08-24T17:00:00-06:00,111,RACK_MANIFOLD,5,1,true,true,true,OPEN,SUPERSEDED
TEN-COOLIT-SYN-001,SITE-COOLIT-SYN-01,ERP,OPERATION_SCHEDULE,OPSCH-5-00112,MESOP-00112,RESOLVED,2026-09-25T23:59:59-06:00,2026-09-26T08:00:00-06:00,2026-06-29T00:00:00-06:00,,5,OPSCH-4-00112,false,ACTIVE,,,VALID,CURRENT,coolit-synthetic-v2.0.0,ALL_SYNTHETIC_CUSTOMERS,ALL_SYNTHETIC_PROGRAMS,CFG-RM-04,SYNTHETIC_INTERNAL,SNP-COOLIT-20260925-BL,SCN-BASELINE,OPSCH-5-00112,SCH-V5,WO-0019,MESOP-00112,40,TEST-LEAK-01,2026-08-25T07:00:00-06:00,2026-08-25T17:00:00-06:00,112,RACK_MANIFOLD,5,2,true,true,false,OPEN,SUPERSEDED
TEN-COOLIT-SYN-001,SITE-COOLIT-SYN-01,ERP,OPERATION_SCHEDULE,OPSCH-5-00113,MESOP-00113,RESOLVED,2026-09-25T23:59:59-06:00,2026-09-26T08:00:00-06:00,2026-06-29T00:00:00-06:00,,5,OPSCH-4-00113,false,ACTIVE,,,VALID,CURRENT,coolit-synthetic-v2.0.0,ALL_SYNTHETIC_CUSTOMERS,ALL_SYNTHETIC_PROGRAMS,CFG-RM-04,SYNTHETIC_INTERNAL,SNP-COOLIT-20260925-BL,SCN-BASELINE,OPSCH-5-00113,SCH-V5,WO-0019,MESOP-00113,50,TEST-FUNC-01,2026-08-26T07:00:00-06:00,2026-08-26T17:00:00-06:00,113,RACK_MANIFOLD,5,2,true,true,true,OPEN,SUPERSEDED
TEN-COOLIT-SYN-001,SITE-COOLIT-SYN-01,ERP,OPERATION_SCHEDULE,OPSCH-5-00114,MESOP-00114,RESOLVED,2026-09-25T23:59:59-06:00,2026-09-26T08:00:00-06:00,2026-06-29T00:00:00-06:00,,5,OPSCH-4-00114,false,ACTIVE,,,VALID,CURRENT,coolit-synthetic-v2.0.0,ALL_SYNTHETIC_CUSTOMERS,ALL_SYNTHETIC_PROGRAMS,CFG-RM-04,SYNTHETIC_INTERNAL,SNP-COOLIT-20260925-BL,SCN-BASELINE,OPSCH-5-00114,SCH-V5,WO-0019,MESOP-00114,60,LINE-RM-01,2026-08-27T07:00:00-06:00,2026-08-27T17:00:00-06:00,114,RACK_MANIFOLD,5,2,true,true,true,OPEN,SUPERSEDED
TEN-COOLIT-SYN-001,SITE-COOLIT-SYN-01,ERP,OPERATION_SCHEDULE,OPSCH-5-00115,MESOP-00115,RESOLVED,2026-09-25T23:59:59-06:00,2026-09-26T08:00:00-06:00,2026-06-29T00:00:00-06:00,,5,OPSCH-4-00115,false,ACTIVE,,,VALID,CURRENT,coolit-synthetic-v2.0.0,ALL_SYNTHETIC_CUSTOMERS,ALL_SYNTHETIC_PROGRAMS,CFG-CPL-03,SYNTHETIC_INTERNAL,SNP-COOLIT-20260925-BL,SCN-BASELINE,OPSCH-5-00115,SCH-V5,WO-0020,MESOP-00115,10,CELL-ROBOT-01,2026-08-25T07:00:00-06:00,2026-08-25T17:00:00-06:00,115,COLDPLATE_LOOP,5,1,true,true,true,OPEN,SUPERSEDED
TEN-COOLIT-SYN-001,SITE-COOLIT-SYN-01,ERP,OPERATION_SCHEDULE,OPSCH-5-00116,MESOP-00116,RESOLVED,2026-09-25T23:59:59-06:00,2026-09-26T08:00:00-06:00,2026-06-29T00:00:00-06:00,,5,OPSCH-4-00116,false,ACTIVE,,,VALID,CURRENT,coolit-synthetic-v2.0.0,ALL_SYNTHETIC_CUSTOMERS,ALL_SYNTHETIC_PROGRAMS,CFG-CPL-03,SYNTHETIC_INTERNAL,SNP-COOLIT-20260925-BL,SCN-BASELINE,OPSCH-5-00116,SCH-V5,WO-0020,MESOP-00116,20,LINE-CPL-01,2026-08-26T07:00:00-06:00,2026-08-26T17:00:00-06:00,116,COLDPLATE_LOOP,20,1,true,true,true,OPEN,SUPERSEDED
TEN-COOLIT-SYN-001,SITE-COOLIT-SYN-01,ERP,OPERATION_SCHEDULE,OPSCH-5-00117,MESOP-00117,RESOLVED,2026-09-25T23:59:59-06:00,2026-09-26T08:00:00-06:00,2026-06-29T00:00:00-06:00,,5,OPSCH-4-00117,false,ACTIVE,,,VALID,CURRENT,coolit-synthetic-v2.0.0,ALL_SYNTHETIC_CUSTOMERS,ALL_SYNTHETIC_PROGRAMS,CFG-CPL-03,SYNTHETIC_INTERNAL,SNP-COOLIT-20260925-BL,SCN-BASELINE,OPSCH-5-00117,SCH-V5,WO-0020,MESOP-00117,30,TEST-LEAK-01,2026-08-27T07:00:00-06:00,2026-08-27T17:00:00-06:00,117,COLDPLATE_LOOP,5,1,false,true,true,OPEN,SUPERSEDED
TEN-COOLIT-SYN-001,SITE-COOLIT-SYN-01,ERP,OPERATION_SCHEDULE,OPSCH-5-00118,MESOP-00118,RESOLVED,2026-09-25T23:59:59-06:00,2026-09-26T08:00:00-06:00,2026-06-29T00:00:00-06:00,,5,OPSCH-4-00118,false,ACTIVE,,,VALID,CURRENT,coolit-synthetic-v2.0.0,ALL_SYNTHETIC_CUSTOMERS,ALL_SYNTHETIC_PROGRAMS,CFG-CPL-03,SYNTHETIC_INTERNAL,SNP-COOLIT-20260925-BL,SCN-BASELINE,OPSCH-5-00118,SCH-V5,WO-0020,MESOP-00118,40,TEST-LEAK-01,2026-08-28T07:00:00-06:00,2026-08-28T17:00:00-06:00,118,COLDPLATE_LOOP,5,2,true,true,true,OPEN,SUPERSEDED
TEN-COOLIT-SYN-001,SITE-COOLIT-SYN-01,ERP,OPERATION_SCHEDULE,OPSCH-5-00119,MESOP-00119,RESOLVED,2026-09-25T23:59:59-06:00,2026-09-26T08:00:00-06:00,2026-06-29T00:00:00-06:00,,5,OPSCH-4-00119,false,ACTIVE,,,VALID,CURRENT,coolit-synthetic-v2.0.0,ALL_SYNTHETIC_CUSTOMERS,ALL_SYNTHETIC_PROGRAMS,CFG-CPL-03,SYNTHETIC_INTERNAL,SNP-COOLIT-20260925-BL,SCN-BASELINE,OPSCH-5-00119,SCH-V5,WO-0020,MESOP-00119,50,TEST-FUNC-01,2026-08-29T07:00:00-06:00,2026-08-29T17:00:00-06:00,119,COLDPLATE_LOOP,5,2,true,true,true,OPEN,SUPERSEDED
TEN-COOLIT-SYN-001,SITE-COOLIT-SYN-01,ERP,OPERATION_SCHEDULE,OPSCH-5-00120,MESOP-00120,RESOLVED,2026-09-25T23:59:59-06:00,2026-09-26T08:00:00-06:00,2026-06-29T00:00:00-06:00,,5,OPSCH-4-00120,false,ACTIVE,,,VALID,CURRENT,coolit-synthetic-v2.0.0,ALL_SYNTHETIC_CUSTOMERS,ALL_SYNTHETIC_PROGRAMS,CFG-CPL-03,SYNTHETIC_INTERNAL,SNP-COOLIT-20260925-BL,SCN-BASELINE,OPSCH-5-00120,SCH-V5,WO-0020,MESOP-00120,60,LINE-CPL-01,2026-08-30T07:00:00-06:00,2026-08-30T17:00:00-06:00,120,COLDPLATE_LOOP,5,2,true,true,true,OPEN,SUPERSEDED
TEN-COOLIT-SYN-001,SITE-COOLIT-SYN-01,ERP,OPERATION_SCHEDULE,OPSCH-5-00121,MESOP-00121,RESOLVED,2026-09-25T23:59:59-06:00,2026-09-26T08:00:00-06:00,2026-06-29T00:00:00-06:00,,5,OPSCH-4-00121,false,ACTIVE,,,VALID,CURRENT,coolit-synthetic-v2.0.0,ALL_SYNTHETIC_CUSTOMERS,ALL_SYNTHETIC_PROGRAMS,CFG-CDU-02,SYNTHETIC_INTERNAL,SNP-COOLIT-20260925-BL,SCN-BASELINE,OPSCH-5-00121,SCH-V5,WO-0021,MESOP-00121,10,CELL-ROBOT-01,2026-08-28T07:00:00-06:00,2026-08-28T17:00:00-06:00,121,COOLANT_DISTRIBUTION_UNIT,5,1,true,true,true,OPEN,SUPERSEDED
TEN-COOLIT-SYN-001,SITE-COOLIT-SYN-01,ERP,OPERATION_SCHEDULE,OPSCH-5-00122,MESOP-00122,RESOLVED,2026-09-25T23:59:59-06:00,2026-09-26T08:00:00-06:00,2026-06-29T00:00:00-06:00,,5,OPSCH-4-00122,false,ACTIVE,,,VALID,CURRENT,coolit-synthetic-v2.0.0,ALL_SYNTHETIC_CUSTOMERS,ALL_SYNTHETIC_PROGRAMS,CFG-CDU-02,SYNTHETIC_INTERNAL,SNP-COOLIT-20260925-BL,SCN-BASELINE,OPSCH-5-00122,SCH-V5,WO-0021,MESOP-00122,20,LINE-CDU-01,2026-08-29T07:00:00-06:00,2026-08-29T17:00:00-06:00,122,COOLANT_DISTRIBUTION_UNIT,20,1,true,true,true,OPEN,SUPERSEDED
TEN-COOLIT-SYN-001,SITE-COOLIT-SYN-01,ERP,OPERATION_SCHEDULE,OPSCH-5-00123,MESOP-00123,RESOLVED,2026-09-25T23:59:59-06:00,2026-09-26T08:00:00-06:00,2026-06-29T00:00:00-06:00,,5,OPSCH-4-00123,false,ACTIVE,,,VALID,CURRENT,coolit-synthetic-v2.0.0,ALL_SYNTHETIC_CUSTOMERS,ALL_SYNTHETIC_PROGRAMS,CFG-CDU-02,SYNTHETIC_INTERNAL,SNP-COOLIT-20260925-BL,SCN-BASELINE,OPSCH-5-00123,SCH-V5,WO-0021,MESOP-00123,30,TEST-LEAK-01,2026-08-30T07:00:00-06:00,2026-08-30T17:00:00-06:00,123,COOLANT_DISTRIBUTION_UNIT,5,1,true,true,true,OPEN,SUPERSEDED
TEN-COOLIT-SYN-001,SITE-COOLIT-SYN-01,ERP,OPERATION_SCHEDULE,OPSCH-5-00124,MESOP-00124,RESOLVED,2026-09-25T23:59:59-06:00,2026-09-26T08:00:00-06:00,2026-06-29T00:00:00-06:00,,5,OPSCH-4-00124,false,ACTIVE,,,VALID,CURRENT,coolit-synthetic-v2.0.0,ALL_SYNTHETIC_CUSTOMERS,ALL_SYNTHETIC_PROGRAMS,CFG-CDU-02,SYNTHETIC_INTERNAL,SNP-COOLIT-20260925-BL,SCN-BASELINE,OPSCH-5-00124,SCH-V5,WO-0021,MESOP-00124,40,TEST-LEAK-01,2026-08-31T07:00:00-06:00,2026-08-31T17:00:00-06:00,124,COOLANT_DISTRIBUTION_UNIT,5,2,true,true,true,OPEN,SUPERSEDED
TEN-COOLIT-SYN-001,SITE-COOLIT-SYN-01,ERP,OPERATION_SCHEDULE,OPSCH-5-00125,MESOP-00125,RESOLVED,2026-09-25T23:59:59-06:00,2026-09-26T08:00:00-06:00,2026-06-29T00:00:00-06:00,,5,OPSCH-4-00125,false,ACTIVE,,,VALID,CURRENT,coolit-synthetic-v2.0.0,ALL_SYNTHETIC_CUSTOMERS,ALL_SYNTHETIC_PROGRAMS,CFG-RM-01,SYNTHETIC_INTERNAL,SNP-COOLIT-20260925-BL,SCN-BASELINE,OPSCH-5-00125,SCH-V5,WO-0022,MESOP-00125,10,CELL-ROBOT-01,2026-08-31T07:00:00-06:00,2026-08-31T17:00:00-06:00,125,RACK_MANIFOLD,5,1,true,false,true,OPEN,SUPERSEDED
TEN-COOLIT-SYN-001,SITE-COOLIT-SYN-01,ERP,OPERATION_SCHEDULE,OPSCH-5-00126,MESOP-00126,RESOLVED,2026-09-25T23:59:59-06:00,2026-09-26T08:00:00-06:00,2026-06-29T00:00:00-06:00,,5,OPSCH-4-00126,false,ACTIVE,,,VALID,CURRENT,coolit-synthetic-v2.0.0,ALL_SYNTHETIC_CUSTOMERS,ALL_SYNTHETIC_PROGRAMS,CFG-RM-01,SYNTHETIC_INTERNAL,SNP-COOLIT-20260925-BL,SCN-BASELINE,OPSCH-5-00126,SCH-V5,WO-0022,MESOP-00126,20,LINE-RM-01,2026-09-01T07:00:00-06:00,2026-09-01T17:00:00-06:00,126,RACK_MANIFOLD,20,1,true,true,true,OPEN,SUPERSEDED
TEN-COOLIT-SYN-001,SITE-COOLIT-SYN-01,ERP,OPERATION_SCHEDULE,OPSCH-5-00127,MESOP-00127,RESOLVED,2026-09-25T23:59:59-06:00,2026-09-26T08:00:00-06:00,2026-06-29T00:00:00-06:00,,5,OPSCH-4-00127,false,ACTIVE,,,VALID,CURRENT,coolit-synthetic-v2.0.0,ALL_SYNTHETIC_CUSTOMERS,ALL_SYNTHETIC_PROGRAMS,CFG-RM-01,SYNTHETIC_INTERNAL,SNP-COOLIT-20260925-BL,SCN-BASELINE,OPSCH-5-00127,SCH-V5,WO-0022,MESOP-00127,30,TEST-LEAK-01,2026-09-02T07:00:00-06:00,2026-09-02T17:00:00-06:00,127,RACK_MANIFOLD,5,1,true,true,true,OPEN,SUPERSEDED
TEN-COOLIT-SYN-001,SITE-COOLIT-SYN-01,ERP,OPERATION_SCHEDULE,OPSCH-5-00128,MESOP-00128,RESOLVED,2026-09-25T23:59:59-06:00,2026-09-26T08:00:00-06:00,2026-06-29T00:00:00-06:00,,5,OPSCH-4-00128,false,ACTIVE,,,VALID,CURRENT,coolit-synthetic-v2.0.0,ALL_SYNTHETIC_CUSTOMERS,ALL_SYNTHETIC_PROGRAMS,CFG-RM-01,SYNTHETIC_INTERNAL,SNP-COOLIT-20260925-BL,SCN-BASELINE,OPSCH-5-00128,SCH-V5,WO-0022,MESOP-00128,40,TEST-LEAK-01,2026-09-03T07:00:00-06:00,2026-09-03T17:00:00-06:00,128,RACK_MANIFOLD,5,2,true,true,true,OPEN,SUPERSEDED
TEN-COOLIT-SYN-001,SITE-COOLIT-SYN-01,ERP,OPERATION_SCHEDULE,OPSCH-5-00129,MESOP-00129,RESOLVED,2026-09-25T23:59:59-06:00,2026-09-26T08:00:00-06:00,2026-06-29T00:00:00-06:00,,5,OPSCH-4-00129,false,ACTIVE,,,VALID,CURRENT,coolit-synthetic-v2.0.0,ALL_SYNTHETIC_CUSTOMERS,ALL_SYNTHETIC_PROGRAMS,CFG-CDU-04,SYNTHETIC_INTERNAL,SNP-COOLIT-20260925-BL,SCN-BASELINE,OPSCH-5-00129,SCH-V5,WO-0023,MESOP-00129,10,CELL-ROBOT-01,2026-09-03T07:00:00-06:00,2026-09-03T17:00:00-06:00,129,COOLANT_DISTRIBUTION_UNIT,5,1,true,true,true,OPEN,SUPERSEDED
TEN-COOLIT-SYN-001,SITE-COOLIT-SYN-01,ERP,OPERATION_SCHEDULE,OPSCH-5-00130,MESOP-00130,RESOLVED,2026-09-25T23:59:59-06:00,2026-09-26T08:00:00-06:00,2026-06-29T00:00:00-06:00,,5,OPSCH-4-00130,false,ACTIVE,,,VALID,CURRENT,coolit-synthetic-v2.0.0,ALL_SYNTHETIC_CUSTOMERS,ALL_SYNTHETIC_PROGRAMS,CFG-CDU-04,SYNTHETIC_INTERNAL,SNP-COOLIT-20260925-BL,SCN-BASELINE,OPSCH-5-00130,SCH-V5,WO-0023,MESOP-00130,20,LINE-CDU-01,2026-09-04T07:00:00-06:00,2026-09-04T17:00:00-06:00,130,COOLANT_DISTRIBUTION_UNIT,20,1,true,true,true,OPEN,SUPERSEDED
TEN-COOLIT-SYN-001,SITE-COOLIT-SYN-01,ERP,OPERATION_SCHEDULE,OPSCH-5-00131,MESOP-00131,RESOLVED,2026-09-25T23:59:59-06:00,2026-09-26T08:00:00-06:00,2026-06-29T00:00:00-06:00,,5,OPSCH-4-00131,false,ACTIVE,,,VALID,CURRENT,coolit-synthetic-v2.0.0,ALL_SYNTHETIC_CUSTOMERS,ALL_SYNTHETIC_PROGRAMS,CFG-CDU-04,SYNTHETIC_INTERNAL,SNP-COOLIT-20260925-BL,SCN-BASELINE,OPSCH-5-00131,SCH-V5,WO-0023,MESOP-00131,30,TEST-LEAK-01,2026-09-05T07:00:00-06:00,2026-09-05T17:00:00-06:00,131,COOLANT_DISTRIBUTION_UNIT,5,1,true,true,true,OPEN,SUPERSEDED
TEN-COOLIT-SYN-001,SITE-COOLIT-SYN-01,ERP,OPERATION_SCHEDULE,OPSCH-5-00132,MESOP-00132,RESOLVED,2026-09-25T23:59:59-06:00,2026-09-26T08:00:00-06:00,2026-06-29T00:00:00-06:00,,5,OPSCH-4-00132,false,ACTIVE,,,VALID,CURRENT,coolit-synthetic-v2.0.0,ALL_SYNTHETIC_CUSTOMERS,ALL_SYNTHETIC_PROGRAMS,CFG-CDU-04,SYNTHETIC_INTERNAL,SNP-COOLIT-20260925-BL,SCN-BASELINE,OPSCH-5-00132,SCH-V5,WO-0023,MESOP-00132,40,TEST-LEAK-01,2026-09-06T07:00:00-06:00,2026-09-06T17:00:00-06:00,132,COOLANT_DISTRIBUTION_UNIT,5,2,true,true,true,OPEN,SUPERSEDED
TEN-COOLIT-SYN-001,SITE-COOLIT-SYN-01,ERP,OPERATION_SCHEDULE,OPSCH-5-00133,MESOP-00133,RESOLVED,2026-09-25T23:59:59-06:00,2026-09-26T08:00:00-06:00,2026-06-29T00:00:00-06:00,,5,OPSCH-4-00133,false,ACTIVE,,,VALID,CURRENT,coolit-synthetic-v2.0.0,ALL_SYNTHETIC_CUSTOMERS,ALL_SYNTHETIC_PROGRAMS,CFG-RM-03,SYNTHETIC_INTERNAL,SNP-COOLIT-20260925-BL,SCN-BASELINE,OPSCH-5-00133,SCH-V5,WO-0024,MESOP-00133,10,CELL-ROBOT-01,2026-09-06T07:00:00-06:00,2026-09-06T17:00:00-06:00,133,RACK_MANIFOLD,5,1,true,true,true,OPEN,SUPERSEDED
TEN-COOLIT-SYN-001,SITE-COOLIT-SYN-01,ERP,OPERATION_SCHEDULE,OPSCH-5-00134,MESOP-00134,RESOLVED,2026-09-25T23:59:59-06:00,2026-09-26T08:00:00-06:00,2026-06-29T00:00:00-06:00,,5,OPSCH-4-00134,false,ACTIVE,,,VALID,CURRENT,coolit-synthetic-v2.0.0,ALL_SYNTHETIC_CUSTOMERS,ALL_SYNTHETIC_PROGRAMS,CFG-RM-03,SYNTHETIC_INTERNAL,SNP-COOLIT-20260925-BL,SCN-BASELINE,OPSCH-5-00134,SCH-V5,WO-0024,MESOP-00134,20,LINE-RM-01,2026-09-07T07:00:00-06:00,2026-09-07T17:00:00-06:00,134,RACK_MANIFOLD,20,1,true,true,true,OPEN,SUPERSEDED
TEN-COOLIT-SYN-001,SITE-COOLIT-SYN-01,ERP,OPERATION_SCHEDULE,OPSCH-5-00135,MESOP-00135,RESOLVED,2026-09-25T23:59:59-06:00,2026-09-26T08:00:00-06:00,2026-06-29T00:00:00-06:00,,5,OPSCH-4-00135,false,ACTIVE,,,VALID,CURRENT,coolit-synthetic-v2.0.0,ALL_SYNTHETIC_CUSTOMERS,ALL_SYNTHETIC_PROGRAMS,CFG-RM-03,SYNTHETIC_INTERNAL,SNP-COOLIT-20260925-BL,SCN-BASELINE,OPSCH-5-00135,SCH-V5,WO-0024,MESOP-00135,30,TEST-LEAK-01,2026-09-08T07:00:00-06:00,2026-09-08T17:00:00-06:00,135,RACK_MANIFOLD,5,1,true,true,true,OPEN,SUPERSEDED
TEN-COOLIT-SYN-001,SITE-COOLIT-SYN-01,ERP,OPERATION_SCHEDULE,OPSCH-5-00136,MESOP-00136,RESOLVED,2026-09-25T23:59:59-06:00,2026-09-26T08:00:00-06:00,2026-06-29T00:00:00-06:00,,5,OPSCH-4-00136,false,ACTIVE,,,VALID,CURRENT,coolit-synthetic-v2.0.0,ALL_SYNTHETIC_CUSTOMERS,ALL_SYNTHETIC_PROGRAMS,CFG-RM-03,SYNTHETIC_INTERNAL,SNP-COOLIT-20260925-BL,SCN-BASELINE,OPSCH-5-00136,SCH-V5,WO-0024,MESOP-00136,40,TEST-LEAK-01,2026-09-09T07:00:00-06:00,2026-09-09T17:00:00-06:00,136,RACK_MANIFOLD,5,2,true,true,true,OPEN,SUPERSEDED
TEN-COOLIT-SYN-001,SITE-COOLIT-SYN-01,ERP,OPERATION_SCHEDULE,OPSCH-5-00137,MESOP-00137,RESOLVED,2026-09-25T23:59:59-06:00,2026-09-26T08:00:00-06:00,2026-06-29T00:00:00-06:00,,5,OPSCH-4-00137,false,ACTIVE,,,VALID,CURRENT,coolit-synthetic-v2.0.0,ALL_SYNTHETIC_CUSTOMERS,ALL_SYNTHETIC_PROGRAMS,CFG-CPL-02,SYNTHETIC_INTERNAL,SNP-COOLIT-20260925-BL,SCN-BASELINE,OPSCH-5-00137,SCH-V5,WO-0025,MESOP-00137,10,CELL-ROBOT-01,2026-09-09T07:00:00-06:00,2026-09-09T17:00:00-06:00,137,COLDPLATE_LOOP,5,1,true,true,true,OPEN,SUPERSEDED
TEN-COOLIT-SYN-001,SITE-COOLIT-SYN-01,ERP,OPERATION_SCHEDULE,OPSCH-5-00138,MESOP-00138,RESOLVED,2026-09-25T23:59:59-06:00,2026-09-26T08:00:00-06:00,2026-06-29T00:00:00-06:00,,5,OPSCH-4-00138,false,ACTIVE,,,VALID,CURRENT,coolit-synthetic-v2.0.0,ALL_SYNTHETIC_CUSTOMERS,ALL_SYNTHETIC_PROGRAMS,CFG-CPL-02,SYNTHETIC_INTERNAL,SNP-COOLIT-20260925-BL,SCN-BASELINE,OPSCH-5-00138,SCH-V5,WO-0025,MESOP-00138,20,LINE-CPL-01,2026-09-10T07:00:00-06:00,2026-09-10T17:00:00-06:00,138,COLDPLATE_LOOP,20,1,true,true,true,OPEN,SUPERSEDED
TEN-COOLIT-SYN-001,SITE-COOLIT-SYN-01,ERP,OPERATION_SCHEDULE,OPSCH-5-00139,MESOP-00139,RESOLVED,2026-09-25T23:59:59-06:00,2026-09-26T08:00:00-06:00,2026-06-29T00:00:00-06:00,,5,OPSCH-4-00139,false,ACTIVE,,,VALID,CURRENT,coolit-synthetic-v2.0.0,ALL_SYNTHETIC_CUSTOMERS,ALL_SYNTHETIC_PROGRAMS,CFG-CPL-02,SYNTHETIC_INTERNAL,SNP-COOLIT-20260925-BL,SCN-BASELINE,OPSCH-5-00139,SCH-V5,WO-0025,MESOP-00139,30,TEST-LEAK-01,2026-09-11T07:00:00-06:00,2026-09-11T17:00:00-06:00,139,COLDPLATE_LOOP,5,1,true,true,true,OPEN,SUPERSEDED
TEN-COOLIT-SYN-001,SITE-COOLIT-SYN-01,ERP,OPERATION_SCHEDULE,OPSCH-5-00140,MESOP-00140,RESOLVED,2026-09-25T23:59:59-06:00,2026-09-26T08:00:00-06:00,2026-06-29T00:00:00-06:00,,5,OPSCH-4-00140,false,ACTIVE,,,VALID,CURRENT,coolit-synthetic-v2.0.0,ALL_SYNTHETIC_CUSTOMERS,ALL_SYNTHETIC_PROGRAMS,CFG-CPL-02,SYNTHETIC_INTERNAL,SNP-COOLIT-20260925-BL,SCN-BASELINE,OPSCH-5-00140,SCH-V5,WO-0025,MESOP-00140,40,TEST-LEAK-01,2026-09-12T07:00:00-06:00,2026-09-12T17:00:00-06:00,140,COLDPLATE_LOOP,5,2,true,true,true,OPEN,SUPERSEDED
TEN-COOLIT-SYN-001,SITE-COOLIT-SYN-01,ERP,OPERATION_SCHEDULE,OPSCH-5-00141,MESOP-00141,RESOLVED,2026-09-25T23:59:59-06:00,2026-09-26T08:00:00-06:00,2026-06-29T00:00:00-06:00,,5,OPSCH-4-00141,false,ACTIVE,,,VALID,CURRENT,coolit-synthetic-v2.0.0,ALL_SYNTHETIC_CUSTOMERS,ALL_SYNTHETIC_PROGRAMS,CFG-CDU-01,SYNTHETIC_INTERNAL,SNP-COOLIT-20260925-BL,SCN-BASELINE,OPSCH-5-00141,SCH-V5,WO-0026,MESOP-00141,10,CELL-ROBOT-01,2026-09-12T07:00:00-06:00,2026-09-12T17:00:00-06:00,141,COOLANT_DISTRIBUTION_UNIT,5,1,true,true,true,OPEN,SUPERSEDED
TEN-COOLIT-SYN-001,SITE-COOLIT-SYN-01,ERP,OPERATION_SCHEDULE,OPSCH-5-00142,MESOP-00142,RESOLVED,2026-09-25T23:59:59-06:00,2026-09-26T08:00:00-06:00,2026-06-29T00:00:00-06:00,,5,OPSCH-4-00142,false,ACTIVE,,,VALID,CURRENT,coolit-synthetic-v2.0.0,ALL_SYNTHETIC_CUSTOMERS,ALL_SYNTHETIC_PROGRAMS,CFG-CDU-01,SYNTHETIC_INTERNAL,SNP-COOLIT-20260925-BL,SCN-BASELINE,OPSCH-5-00142,SCH-V5,WO-0026,MESOP-00142,20,LINE-CDU-01,2026-09-13T07:00:00-06:00,2026-09-13T17:00:00-06:00,142,COOLANT_DISTRIBUTION_UNIT,20,1,true,true,true,OPEN,SUPERSEDED
TEN-COOLIT-SYN-001,SITE-COOLIT-SYN-01,ERP,OPERATION_SCHEDULE,OPSCH-5-00143,MESOP-00143,RESOLVED,2026-09-25T23:59:59-06:00,2026-09-26T08:00:00-06:00,2026-06-29T00:00:00-06:00,,5,OPSCH-4-00143,false,ACTIVE,,,VALID,CURRENT,coolit-synthetic-v2.0.0,ALL_SYNTHETIC_CUSTOMERS,ALL_SYNTHETIC_PROGRAMS,CFG-CDU-01,SYNTHETIC_INTERNAL,SNP-COOLIT-20260925-BL,SCN-BASELINE,OPSCH-5-00143,SCH-V5,WO-0026,MESOP-00143,30,TEST-LEAK-01,2026-09-14T07:00:00-06:00,2026-09-14T17:00:00-06:00,143,COOLANT_DISTRIBUTION_UNIT,5,1,true,true,true,OPEN,SUPERSEDED
TEN-COOLIT-SYN-001,SITE-COOLIT-SYN-01,ERP,OPERATION_SCHEDULE,OPSCH-5-00144,MESOP-00144,RESOLVED,2026-09-25T23:59:59-06:00,2026-09-26T08:00:00-06:00,2026-06-29T00:00:00-06:00,,5,OPSCH-4-00144,false,ACTIVE,,,VALID,CURRENT,coolit-synthetic-v2.0.0,ALL_SYNTHETIC_CUSTOMERS,ALL_SYNTHETIC_PROGRAMS,CFG-CDU-01,SYNTHETIC_INTERNAL,SNP-COOLIT-20260925-BL,SCN-BASELINE,OPSCH-5-00144,SCH-V5,WO-0026,MESOP-00144,40,TEST-LEAK-01,2026-09-15T07:00:00-06:00,2026-09-15T17:00:00-06:00,144,COOLANT_DISTRIBUTION_UNIT,5,2,true,true,true,OPEN,SUPERSEDED
TEN-COOLIT-SYN-001,SITE-COOLIT-SYN-01,ERP,OPERATION_SCHEDULE,OPSCH-5-00145,MESOP-00145,RESOLVED,2026-09-25T23:59:59-06:00,2026-09-26T08:00:00-06:00,2026-06-29T00:00:00-06:00,,5,OPSCH-4-00145,false,ACTIVE,,,VALID,CURRENT,coolit-synthetic-v2.0.0,ALL_SYNTHETIC_CUSTOMERS,ALL_SYNTHETIC_PROGRAMS,CFG-CPL-04,SYNTHETIC_INTERNAL,SNP-COOLIT-20260925-BL,SCN-BASELINE,OPSCH-5-00145,SCH-V5,WO-0027,MESOP-00145,10,CELL-ROBOT-01,2026-09-28T07:00:00-06:00,2026-09-28T17:00:00-06:00,145,COLDPLATE_LOOP,5,1,true,true,true,OPEN,SUPERSEDED
TEN-COOLIT-SYN-001,SITE-COOLIT-SYN-01,ERP,OPERATION_SCHEDULE,OPSCH-5-00146,MESOP-00146,RESOLVED,2026-09-25T23:59:59-06:00,2026-09-26T08:00:00-06:00,2026-06-29T00:00:00-06:00,,5,OPSCH-4-00146,false,ACTIVE,,,VALID,CURRENT,coolit-synthetic-v2.0.0,ALL_SYNTHETIC_CUSTOMERS,ALL_SYNTHETIC_PROGRAMS,CFG-CPL-04,SYNTHETIC_INTERNAL,SNP-COOLIT-20260925-BL,SCN-BASELINE,OPSCH-5-00146,SCH-V5,WO-0027,MESOP-00146,20,LINE-CPL-01,2026-09-29T07:00:00-06:00,2026-09-29T17:00:00-06:00,146,COLDPLATE_LOOP,20,1,false,true,true,OPEN,SUPERSEDED
TEN-COOLIT-SYN-001,SITE-COOLIT-SYN-01,ERP,OPERATION_SCHEDULE,OPSCH-5-00147,MESOP-00147,RESOLVED,2026-09-25T23:59:59-06:00,2026-09-26T08:00:00-06:00,2026-06-29T00:00:00-06:00,,5,OPSCH-4-00147,false,ACTIVE,,,VALID,CURRENT,coolit-synthetic-v2.0.0,ALL_SYNTHETIC_CUSTOMERS,ALL_SYNTHETIC_PROGRAMS,CFG-CPL-04,SYNTHETIC_INTERNAL,SNP-COOLIT-20260925-BL,SCN-BASELINE,OPSCH-5-00147,SCH-V5,WO-0027,MESOP-00147,30,TEST-LEAK-01,2026-09-30T07:00:00-06:00,2026-09-30T17:00:00-06:00,147,COLDPLATE_LOOP,5,1,true,true,true,OPEN,SUPERSEDED
TEN-COOLIT-SYN-001,SITE-COOLIT-SYN-01,ERP,OPERATION_SCHEDULE,OPSCH-5-00148,MESOP-00148,RESOLVED,2026-09-25T23:59:59-06:00,2026-09-26T08:00:00-06:00,2026-06-29T00:00:00-06:00,,5,OPSCH-4-00148,false,ACTIVE,,,VALID,CURRENT,coolit-synthetic-v2.0.0,ALL_SYNTHETIC_CUSTOMERS,ALL_SYNTHETIC_PROGRAMS,CFG-CPL-04,SYNTHETIC_INTERNAL,SNP-COOLIT-20260925-BL,SCN-BASELINE,OPSCH-5-00148,SCH-V5,WO-0027,MESOP-00148,40,TEST-LEAK-01,2026-10-01T07:00:00-06:00,2026-10-01T17:00:00-06:00,148,COLDPLATE_LOOP,5,2,true,true,true,OPEN,SUPERSEDED
TEN-COOLIT-SYN-001,SITE-COOLIT-SYN-01,ERP,OPERATION_SCHEDULE,OPSCH-5-00149,MESOP-00149,RESOLVED,2026-09-25T23:59:59-06:00,2026-09-26T08:00:00-06:00,2026-06-29T00:00:00-06:00,,5,OPSCH-4-00149,false,ACTIVE,,,VALID,CURRENT,coolit-synthetic-v2.0.0,ALL_SYNTHETIC_CUSTOMERS,ALL_SYNTHETIC_PROGRAMS,CFG-CDU-03,SYNTHETIC_INTERNAL,SNP-COOLIT-20260925-BL,SCN-BASELINE,OPSCH-5-00149,SCH-V5,WO-0028,MESOP-00149,10,CELL-ROBOT-01,2026-10-02T07:00:00-06:00,2026-10-02T17:00:00-06:00,149,COOLANT_DISTRIBUTION_UNIT,5,1,true,true,true,OPEN,SUPERSEDED
TEN-COOLIT-SYN-001,SITE-COOLIT-SYN-01,ERP,OPERATION_SCHEDULE,OPSCH-5-00150,MESOP-00150,RESOLVED,2026-09-25T23:59:59-06:00,2026-09-26T08:00:00-06:00,2026-06-29T00:00:00-06:00,,5,OPSCH-4-00150,false,ACTIVE,,,VALID,CURRENT,coolit-synthetic-v2.0.0,ALL_SYNTHETIC_CUSTOMERS,ALL_SYNTHETIC_PROGRAMS,CFG-CDU-03,SYNTHETIC_INTERNAL,SNP-COOLIT-20260925-BL,SCN-BASELINE,OPSCH-5-00150,SCH-V5,WO-0028,MESOP-00150,20,LINE-CDU-01,2026-10-03T07:00:00-06:00,2026-10-03T17:00:00-06:00,150,COOLANT_DISTRIBUTION_UNIT,20,1,true,true,true,OPEN,SUPERSEDED
TEN-COOLIT-SYN-001,SITE-COOLIT-SYN-01,ERP,OPERATION_SCHEDULE,OPSCH-5-00151,MESOP-00151,RESOLVED,2026-09-25T23:59:59-06:00,2026-09-26T08:00:00-06:00,2026-06-29T00:00:00-06:00,,5,OPSCH-4-00151,false,ACTIVE,,,VALID,CURRENT,coolit-synthetic-v2.0.0,ALL_SYNTHETIC_CUSTOMERS,ALL_SYNTHETIC_PROGRAMS,CFG-CDU-03,SYNTHETIC_INTERNAL,SNP-COOLIT-20260925-BL,SCN-BASELINE,OPSCH-5-00151,SCH-V5,WO-0028,MESOP-00151,30,TEST-LEAK-01,2026-10-04T07:00:00-06:00,2026-10-04T17:00:00-06:00,151,COOLANT_DISTRIBUTION_UNIT,5,1,true,true,true,OPEN,SUPERSEDED
TEN-COOLIT-SYN-001,SITE-COOLIT-SYN-01,ERP,OPERATION_SCHEDULE,OPSCH-5-00152,MESOP-00152,RESOLVED,2026-09-25T23:59:59-06:00,2026-09-26T08:00:00-06:00,2026-06-29T00:00:00-06:00,,5,OPSCH-4-00152,false,ACTIVE,,,VALID,CURRENT,coolit-synthetic-v2.0.0,ALL_SYNTHETIC_CUSTOMERS,ALL_SYNTHETIC_PROGRAMS,CFG-CDU-03,SYNTHETIC_INTERNAL,SNP-COOLIT-20260925-BL,SCN-BASELINE,OPSCH-5-00152,SCH-V5,WO-0028,MESOP-00152,40,TEST-LEAK-01,2026-10-05T07:00:00-06:00,2026-10-05T17:00:00-06:00,152,COOLANT_DISTRIBUTION_UNIT,5,2,true,true,true,OPEN,SUPERSEDED
TEN-COOLIT-SYN-001,SITE-COOLIT-SYN-01,ERP,OPERATION_SCHEDULE,OPSCH-5-00153,MESOP-00153,RESOLVED,2026-09-25T23:59:59-06:00,2026-09-26T08:00:00-06:00,2026-06-29T00:00:00-06:00,,5,OPSCH-4-00153,false,ACTIVE,,,VALID,CURRENT,coolit-synthetic-v2.0.0,ALL_SYNTHETIC_CUSTOMERS,ALL_SYNTHETIC_PROGRAMS,CFG-RM-02,SYNTHETIC_INTERNAL,SNP-COOLIT-20260925-BL,SCN-BASELINE,OPSCH-5-00153,SCH-V5,WO-0029,MESOP-00153,10,CELL-ROBOT-01,2026-10-06T07:00:00-06:00,2026-10-06T17:00:00-06:00,153,RACK_MANIFOLD,5,1,true,true,true,OPEN,SUPERSEDED
TEN-COOLIT-SYN-001,SITE-COOLIT-SYN-01,ERP,OPERATION_SCHEDULE,OPSCH-5-00154,MESOP-00154,RESOLVED,2026-09-25T23:59:59-06:00,2026-09-26T08:00:00-06:00,2026-06-29T00:00:00-06:00,,5,OPSCH-4-00154,false,ACTIVE,,,VALID,CURRENT,coolit-synthetic-v2.0.0,ALL_SYNTHETIC_CUSTOMERS,ALL_SYNTHETIC_PROGRAMS,CFG-RM-02,SYNTHETIC_INTERNAL,SNP-COOLIT-20260925-BL,SCN-BASELINE,OPSCH-5-00154,SCH-V5,WO-0029,MESOP-00154,20,LINE-RM-01,2026-10-07T07:00:00-06:00,2026-10-07T17:00:00-06:00,154,RACK_MANIFOLD,20,1,true,true,true,OPEN,SUPERSEDED
TEN-COOLIT-SYN-001,SITE-COOLIT-SYN-01,ERP,OPERATION_SCHEDULE,OPSCH-5-00155,MESOP-00155,RESOLVED,2026-09-25T23:59:59-06:00,2026-09-26T08:00:00-06:00,2026-06-29T00:00:00-06:00,,5,OPSCH-4-00155,false,ACTIVE,,,VALID,CURRENT,coolit-synthetic-v2.0.0,ALL_SYNTHETIC_CUSTOMERS,ALL_SYNTHETIC_PROGRAMS,CFG-RM-02,SYNTHETIC_INTERNAL,SNP-COOLIT-20260925-BL,SCN-BASELINE,OPSCH-5-00155,SCH-V5,WO-0029,MESOP-00155,30,TEST-LEAK-01,2026-10-08T07:00:00-06:00,2026-10-08T17:00:00-06:00,155,RACK_MANIFOLD,5,1,true,true,true,OPEN,SUPERSEDED
TEN-COOLIT-SYN-001,SITE-COOLIT-SYN-01,ERP,OPERATION_SCHEDULE,OPSCH-5-00156,MESOP-00156,RESOLVED,2026-09-25T23:59:59-06:00,2026-09-26T08:00:00-06:00,2026-06-29T00:00:00-06:00,,5,OPSCH-4-00156,false,ACTIVE,,,VALID,CURRENT,coolit-synthetic-v2.0.0,ALL_SYNTHETIC_CUSTOMERS,ALL_SYNTHETIC_PROGRAMS,CFG-RM-02,SYNTHETIC_INTERNAL,SNP-COOLIT-20260925-BL,SCN-BASELINE,OPSCH-5-00156,SCH-V5,WO-0029,MESOP-00156,40,TEST-LEAK-01,2026-10-09T07:00:00-06:00,2026-10-09T17:00:00-06:00,156,RACK_MANIFOLD,5,2,true,false,true,OPEN,SUPERSEDED
TEN-COOLIT-SYN-001,SITE-COOLIT-SYN-01,ERP,OPERATION_SCHEDULE,OPSCH-5-00157,MESOP-00157,RESOLVED,2026-09-25T23:59:59-06:00,2026-09-26T08:00:00-06:00,2026-06-29T00:00:00-06:00,,5,OPSCH-4-00157,false,ACTIVE,,,VALID,CURRENT,coolit-synthetic-v2.0.0,ALL_SYNTHETIC_CUSTOMERS,ALL_SYNTHETIC_PROGRAMS,CFG-CPL-01,SYNTHETIC_INTERNAL,SNP-COOLIT-20260925-BL,SCN-BASELINE,OPSCH-5-00157,SCH-V5,WO-0030,MESOP-00157,10,CELL-ROBOT-01,2026-10-10T07:00:00-06:00,2026-10-10T17:00:00-06:00,157,COLDPLATE_LOOP,5,1,true,true,true,OPEN,SUPERSEDED
TEN-COOLIT-SYN-001,SITE-COOLIT-SYN-01,ERP,OPERATION_SCHEDULE,OPSCH-5-00158,MESOP-00158,RESOLVED,2026-09-25T23:59:59-06:00,2026-09-26T08:00:00-06:00,2026-06-29T00:00:00-06:00,,5,OPSCH-4-00158,false,ACTIVE,,,VALID,CURRENT,coolit-synthetic-v2.0.0,ALL_SYNTHETIC_CUSTOMERS,ALL_SYNTHETIC_PROGRAMS,CFG-CPL-01,SYNTHETIC_INTERNAL,SNP-COOLIT-20260925-BL,SCN-BASELINE,OPSCH-5-00158,SCH-V5,WO-0030,MESOP-00158,20,LINE-CPL-01,2026-10-11T07:00:00-06:00,2026-10-11T17:00:00-06:00,158,COLDPLATE_LOOP,20,1,true,true,true,OPEN,SUPERSEDED
TEN-COOLIT-SYN-001,SITE-COOLIT-SYN-01,ERP,OPERATION_SCHEDULE,OPSCH-5-00159,MESOP-00159,RESOLVED,2026-09-25T23:59:59-06:00,2026-09-26T08:00:00-06:00,2026-06-29T00:00:00-06:00,,5,OPSCH-4-00159,false,ACTIVE,,,VALID,CURRENT,coolit-synthetic-v2.0.0,ALL_SYNTHETIC_CUSTOMERS,ALL_SYNTHETIC_PROGRAMS,CFG-CPL-01,SYNTHETIC_INTERNAL,SNP-COOLIT-20260925-BL,SCN-BASELINE,OPSCH-5-00159,SCH-V5,WO-0030,MESOP-00159,30,TEST-LEAK-01,2026-10-12T07:00:00-06:00,2026-10-12T17:00:00-06:00,159,COLDPLATE_LOOP,5,1,true,true,true,OPEN,SUPERSEDED
TEN-COOLIT-SYN-001,SITE-COOLIT-SYN-01,ERP,OPERATION_SCHEDULE,OPSCH-5-00160,MESOP-00160,RESOLVED,2026-09-25T23:59:59-06:00,2026-09-26T08:00:00-06:00,2026-06-29T00:00:00-06:00,,5,OPSCH-4-00160,false,ACTIVE,,,VALID,CURRENT,coolit-synthetic-v2.0.0,ALL_SYNTHETIC_CUSTOMERS,ALL_SYNTHETIC_PROGRAMS,CFG-CPL-01,SYNTHETIC_INTERNAL,SNP-COOLIT-20260925-BL,SCN-BASELINE,OPSCH-5-00160,SCH-V5,WO-0030,MESOP-00160,40,TEST-LEAK-01,2026-10-13T07:00:00-06:00,2026-10-13T17:00:00-06:00,160,COLDPLATE_LOOP,5,2,true,true,true,OPEN,SUPERSEDED
TEN-COOLIT-SYN-001,SITE-COOLIT-SYN-01,ERP,OPERATION_SCHEDULE,OPSCH-5-00161,MESOP-00161,RESOLVED,2026-09-25T23:59:59-06:00,2026-09-26T08:00:00-06:00,2026-06-29T00:00:00-06:00,,5,OPSCH-4-00161,false,ACTIVE,,,VALID,CURRENT,coolit-synthetic-v2.0.0,ALL_SYNTHETIC_CUSTOMERS,ALL_SYNTHETIC_PROGRAMS,CFG-RM-04,SYNTHETIC_INTERNAL,SNP-COOLIT-20260925-BL,SCN-BASELINE,OPSCH-5-00161,SCH-V5,WO-0031,MESOP-00161,10,CELL-ROBOT-01,2026-10-14T07:00:00-06:00,2026-10-14T17:00:00-06:00,161,RACK_MANIFOLD,5,1,true,true,true,OPEN,SUPERSEDED
TEN-COOLIT-SYN-001,SITE-COOLIT-SYN-01,ERP,OPERATION_SCHEDULE,OPSCH-5-00162,MESOP-00162,RESOLVED,2026-09-25T23:59:59-06:00,2026-09-26T08:00:00-06:00,2026-06-29T00:00:00-06:00,,5,OPSCH-4-00162,false,ACTIVE,,,VALID,CURRENT,coolit-synthetic-v2.0.0,ALL_SYNTHETIC_CUSTOMERS,ALL_SYNTHETIC_PROGRAMS,CFG-RM-04,SYNTHETIC_INTERNAL,SNP-COOLIT-20260925-BL,SCN-BASELINE,OPSCH-5-00162,SCH-V5,WO-0031,MESOP-00162,20,LINE-RM-01,2026-10-15T07:00:00-06:00,2026-10-15T17:00:00-06:00,162,RACK_MANIFOLD,20,1,true,true,true,OPEN,SUPERSEDED
TEN-COOLIT-SYN-001,SITE-COOLIT-SYN-01,ERP,OPERATION_SCHEDULE,OPSCH-5-00163,MESOP-00163,RESOLVED,2026-09-25T23:59:59-06:00,2026-09-26T08:00:00-06:00,2026-06-29T00:00:00-06:00,,5,OPSCH-4-00163,false,ACTIVE,,,VALID,CURRENT,coolit-synthetic-v2.0.0,ALL_SYNTHETIC_CUSTOMERS,ALL_SYNTHETIC_PROGRAMS,CFG-RM-04,SYNTHETIC_INTERNAL,SNP-COOLIT-20260925-BL,SCN-BASELINE,OPSCH-5-00163,SCH-V5,WO-0031,MESOP-00163,30,TEST-LEAK-01,2026-10-16T07:00:00-06:00,2026-10-16T17:00:00-06:00,163,RACK_MANIFOLD,5,1,true,true,true,OPEN,SUPERSEDED
TEN-COOLIT-SYN-001,SITE-COOLIT-SYN-01,ERP,OPERATION_SCHEDULE,OPSCH-5-00164,MESOP-00164,RESOLVED,2026-09-25T23:59:59-06:00,2026-09-26T08:00:00-06:00,2026-06-29T00:00:00-06:00,,5,OPSCH-4-00164,false,ACTIVE,,,VALID,CURRENT,coolit-synthetic-v2.0.0,ALL_SYNTHETIC_CUSTOMERS,ALL_SYNTHETIC_PROGRAMS,CFG-RM-04,SYNTHETIC_INTERNAL,SNP-COOLIT-20260925-BL,SCN-BASELINE,OPSCH-5-00164,SCH-V5,WO-0031,MESOP-00164,40,TEST-LEAK-01,2026-10-17T07:00:00-06:00,2026-10-17T17:00:00-06:00,164,RACK_MANIFOLD,5,2,true,true,true,OPEN,SUPERSEDED
TEN-COOLIT-SYN-001,SITE-COOLIT-SYN-01,ERP,OPERATION_SCHEDULE,OPSCH-5-00165,MESOP-00165,RESOLVED,2026-09-25T23:59:59-06:00,2026-09-26T08:00:00-06:00,2026-06-29T00:00:00-06:00,,5,OPSCH-4-00165,false,ACTIVE,,,VALID,CURRENT,coolit-synthetic-v2.0.0,ALL_SYNTHETIC_CUSTOMERS,ALL_SYNTHETIC_PROGRAMS,CFG-CPL-03,SYNTHETIC_INTERNAL,SNP-COOLIT-20260925-BL,SCN-BASELINE,OPSCH-5-00165,SCH-V5,WO-0032,MESOP-00165,10,CELL-ROBOT-01,2026-10-18T07:00:00-06:00,2026-10-18T17:00:00-06:00,165,COLDPLATE_LOOP,5,1,true,true,true,OPEN,SUPERSEDED
TEN-COOLIT-SYN-001,SITE-COOLIT-SYN-01,ERP,OPERATION_SCHEDULE,OPSCH-5-00166,MESOP-00166,RESOLVED,2026-09-25T23:59:59-06:00,2026-09-26T08:00:00-06:00,2026-06-29T00:00:00-06:00,,5,OPSCH-4-00166,false,ACTIVE,,,VALID,CURRENT,coolit-synthetic-v2.0.0,ALL_SYNTHETIC_CUSTOMERS,ALL_SYNTHETIC_PROGRAMS,CFG-CPL-03,SYNTHETIC_INTERNAL,SNP-COOLIT-20260925-BL,SCN-BASELINE,OPSCH-5-00166,SCH-V5,WO-0032,MESOP-00166,20,LINE-CPL-01,2026-10-19T07:00:00-06:00,2026-10-19T17:00:00-06:00,166,COLDPLATE_LOOP,20,1,true,true,true,OPEN,SUPERSEDED
TEN-COOLIT-SYN-001,SITE-COOLIT-SYN-01,ERP,OPERATION_SCHEDULE,OPSCH-5-00167,MESOP-00167,RESOLVED,2026-09-25T23:59:59-06:00,2026-09-26T08:00:00-06:00,2026-06-29T00:00:00-06:00,,5,OPSCH-4-00167,false,ACTIVE,,,VALID,CURRENT,coolit-synthetic-v2.0.0,ALL_SYNTHETIC_CUSTOMERS,ALL_SYNTHETIC_PROGRAMS,CFG-CPL-03,SYNTHETIC_INTERNAL,SNP-COOLIT-20260925-BL,SCN-BASELINE,OPSCH-5-00167,SCH-V5,WO-0032,MESOP-00167,30,TEST-LEAK-01,2026-10-20T07:00:00-06:00,2026-10-20T17:00:00-06:00,167,COLDPLATE_LOOP,5,1,true,true,true,OPEN,SUPERSEDED
TEN-COOLIT-SYN-001,SITE-COOLIT-SYN-01,ERP,OPERATION_SCHEDULE,OPSCH-5-00168,MESOP-00168,RESOLVED,2026-09-25T23:59:59-06:00,2026-09-26T08:00:00-06:00,2026-06-29T00:00:00-06:00,,5,OPSCH-4-00168,false,ACTIVE,,,VALID,CURRENT,coolit-synthetic-v2.0.0,ALL_SYNTHETIC_CUSTOMERS,ALL_SYNTHETIC_PROGRAMS,CFG-CPL-03,SYNTHETIC_INTERNAL,SNP-COOLIT-20260925-BL,SCN-BASELINE,OPSCH-5-00168,SCH-V5,WO-0032,MESOP-00168,40,TEST-LEAK-01,2026-10-21T07:00:00-06:00,2026-10-21T17:00:00-06:00,168,COLDPLATE_LOOP,5,2,true,true,true,OPEN,SUPERSEDED
TEN-COOLIT-SYN-001,SITE-COOLIT-SYN-01,ERP,OPERATION_SCHEDULE,OPSCH-5-00169,MESOP-00169,RESOLVED,2026-09-25T23:59:59-06:00,2026-09-26T08:00:00-06:00,2026-06-29T00:00:00-06:00,,5,OPSCH-4-00169,false,ACTIVE,,,VALID,CURRENT,coolit-synthetic-v2.0.0,ALL_SYNTHETIC_CUSTOMERS,ALL_SYNTHETIC_PROGRAMS,CFG-CDU-02,SYNTHETIC_INTERNAL,SNP-COOLIT-20260925-BL,SCN-BASELINE,OPSCH-5-00169,SCH-V5,WO-0033,MESOP-00169,10,CELL-ROBOT-01,2026-10-22T07:00:00-06:00,2026-10-22T17:00:00-06:00,169,COOLANT_DISTRIBUTION_UNIT,5,1,true,true,true,OPEN,SUPERSEDED
TEN-COOLIT-SYN-001,SITE-COOLIT-SYN-01,ERP,OPERATION_SCHEDULE,OPSCH-5-00170,MESOP-00170,RESOLVED,2026-09-25T23:59:59-06:00,2026-09-26T08:00:00-06:00,2026-06-29T00:00:00-06:00,,5,OPSCH-4-00170,false,ACTIVE,,,VALID,CURRENT,coolit-synthetic-v2.0.0,ALL_SYNTHETIC_CUSTOMERS,ALL_SYNTHETIC_PROGRAMS,CFG-CDU-02,SYNTHETIC_INTERNAL,SNP-COOLIT-20260925-BL,SCN-BASELINE,OPSCH-5-00170,SCH-V5,WO-0033,MESOP-00170,20,LINE-CDU-01,2026-10-23T07:00:00-06:00,2026-10-23T17:00:00-06:00,170,COOLANT_DISTRIBUTION_UNIT,20,1,true,true,true,OPEN,SUPERSEDED
TEN-COOLIT-SYN-001,SITE-COOLIT-SYN-01,ERP,OPERATION_SCHEDULE,OPSCH-5-00171,MESOP-00171,RESOLVED,2026-09-25T23:59:59-06:00,2026-09-26T08:00:00-06:00,2026-06-29T00:00:00-06:00,,5,OPSCH-4-00171,false,ACTIVE,,,VALID,CURRENT,coolit-synthetic-v2.0.0,ALL_SYNTHETIC_CUSTOMERS,ALL_SYNTHETIC_PROGRAMS,CFG-CDU-02,SYNTHETIC_INTERNAL,SNP-COOLIT-20260925-BL,SCN-BASELINE,OPSCH-5-00171,SCH-V5,WO-0033,MESOP-00171,30,TEST-LEAK-01,2026-10-24T07:00:00-06:00,2026-10-24T17:00:00-06:00,171,COOLANT_DISTRIBUTION_UNIT,5,1,true,true,true,OPEN,SUPERSEDED
TEN-COOLIT-SYN-001,SITE-COOLIT-SYN-01,ERP,OPERATION_SCHEDULE,OPSCH-5-00172,MESOP-00172,RESOLVED,2026-09-25T23:59:59-06:00,2026-09-26T08:00:00-06:00,2026-06-29T00:00:00-06:00,,5,OPSCH-4-00172,false,ACTIVE,,,VALID,CURRENT,coolit-synthetic-v2.0.0,ALL_SYNTHETIC_CUSTOMERS,ALL_SYNTHETIC_PROGRAMS,CFG-CDU-02,SYNTHETIC_INTERNAL,SNP-COOLIT-20260925-BL,SCN-BASELINE,OPSCH-5-00172,SCH-V5,WO-0033,MESOP-00172,40,TEST-LEAK-01,2026-10-25T07:00:00-06:00,2026-10-25T17:00:00-06:00,172,COOLANT_DISTRIBUTION_UNIT,5,2,true,true,true,OPEN,SUPERSEDED
TEN-COOLIT-SYN-001,SITE-COOLIT-SYN-01,ERP,OPERATION_SCHEDULE,OPSCH-5-00173,MESOP-00173,RESOLVED,2026-09-25T23:59:59-06:00,2026-09-26T08:00:00-06:00,2026-06-29T00:00:00-06:00,,5,OPSCH-4-00173,false,ACTIVE,,,VALID,CURRENT,coolit-synthetic-v2.0.0,ALL_SYNTHETIC_CUSTOMERS,ALL_SYNTHETIC_PROGRAMS,CFG-RM-01,SYNTHETIC_INTERNAL,SNP-COOLIT-20260925-BL,SCN-BASELINE,OPSCH-5-00173,SCH-V5,WO-0034,MESOP-00173,10,CELL-ROBOT-01,2026-10-26T07:00:00-06:00,2026-10-26T17:00:00-06:00,173,RACK_MANIFOLD,5,1,true,true,true,OPEN,SUPERSEDED
TEN-COOLIT-SYN-001,SITE-COOLIT-SYN-01,ERP,OPERATION_SCHEDULE,OPSCH-5-00174,MESOP-00174,RESOLVED,2026-09-25T23:59:59-06:00,2026-09-26T08:00:00-06:00,2026-06-29T00:00:00-06:00,,5,OPSCH-4-00174,false,ACTIVE,,,VALID,CURRENT,coolit-synthetic-v2.0.0,ALL_SYNTHETIC_CUSTOMERS,ALL_SYNTHETIC_PROGRAMS,CFG-RM-01,SYNTHETIC_INTERNAL,SNP-COOLIT-20260925-BL,SCN-BASELINE,OPSCH-5-00174,SCH-V5,WO-0034,MESOP-00174,20,LINE-RM-01,2026-10-27T07:00:00-06:00,2026-10-27T17:00:00-06:00,174,RACK_MANIFOLD,20,1,true,true,true,OPEN,SUPERSEDED
TEN-COOLIT-SYN-001,SITE-COOLIT-SYN-01,ERP,OPERATION_SCHEDULE,OPSCH-5-00175,MESOP-00175,RESOLVED,2026-09-25T23:59:59-06:00,2026-09-26T08:00:00-06:00,2026-06-29T00:00:00-06:00,,5,OPSCH-4-00175,false,ACTIVE,,,VALID,CURRENT,coolit-synthetic-v2.0.0,ALL_SYNTHETIC_CUSTOMERS,ALL_SYNTHETIC_PROGRAMS,CFG-RM-01,SYNTHETIC_INTERNAL,SNP-COOLIT-20260925-BL,SCN-BASELINE,OPSCH-5-00175,SCH-V5,WO-0034,MESOP-00175,30,TEST-LEAK-01,2026-10-28T07:00:00-06:00,2026-10-28T17:00:00-06:00,175,RACK_MANIFOLD,5,1,false,true,true,OPEN,SUPERSEDED
TEN-COOLIT-SYN-001,SITE-COOLIT-SYN-01,ERP,OPERATION_SCHEDULE,OPSCH-5-00176,MESOP-00176,RESOLVED,2026-09-25T23:59:59-06:00,2026-09-26T08:00:00-06:00,2026-06-29T00:00:00-06:00,,5,OPSCH-4-00176,false,ACTIVE,,,VALID,CURRENT,coolit-synthetic-v2.0.0,ALL_SYNTHETIC_CUSTOMERS,ALL_SYNTHETIC_PROGRAMS,CFG-RM-01,SYNTHETIC_INTERNAL,SNP-COOLIT-20260925-BL,SCN-BASELINE,OPSCH-5-00176,SCH-V5,WO-0034,MESOP-00176,40,TEST-LEAK-01,2026-10-29T07:00:00-06:00,2026-10-29T17:00:00-06:00,176,RACK_MANIFOLD,5,2,true,true,true,OPEN,SUPERSEDED
TEN-COOLIT-SYN-001,SITE-COOLIT-SYN-01,ERP,OPERATION_SCHEDULE,OPSCH-5-00177,MESOP-00177,RESOLVED,2026-09-25T23:59:59-06:00,2026-09-26T08:00:00-06:00,2026-06-29T00:00:00-06:00,,5,OPSCH-4-00177,false,ACTIVE,,,VALID,CURRENT,coolit-synthetic-v2.0.0,ALL_SYNTHETIC_CUSTOMERS,ALL_SYNTHETIC_PROGRAMS,CFG-CDU-04,SYNTHETIC_INTERNAL,SNP-COOLIT-20260925-BL,SCN-BASELINE,OPSCH-5-00177,SCH-V5,WO-0035,MESOP-00177,10,CELL-ROBOT-01,2026-10-30T07:00:00-06:00,2026-10-30T17:00:00-06:00,177,COOLANT_DISTRIBUTION_UNIT,5,1,true,true,true,OPEN,SUPERSEDED
TEN-COOLIT-SYN-001,SITE-COOLIT-SYN-01,ERP,OPERATION_SCHEDULE,OPSCH-5-00178,MESOP-00178,RESOLVED,2026-09-25T23:59:59-06:00,2026-09-26T08:00:00-06:00,2026-06-29T00:00:00-06:00,,5,OPSCH-4-00178,false,ACTIVE,,,VALID,CURRENT,coolit-synthetic-v2.0.0,ALL_SYNTHETIC_CUSTOMERS,ALL_SYNTHETIC_PROGRAMS,CFG-CDU-04,SYNTHETIC_INTERNAL,SNP-COOLIT-20260925-BL,SCN-BASELINE,OPSCH-5-00178,SCH-V5,WO-0035,MESOP-00178,20,LINE-CDU-01,2026-10-31T07:00:00-06:00,2026-10-31T17:00:00-06:00,178,COOLANT_DISTRIBUTION_UNIT,20,1,true,true,true,OPEN,SUPERSEDED
TEN-COOLIT-SYN-001,SITE-COOLIT-SYN-01,ERP,OPERATION_SCHEDULE,OPSCH-5-00179,MESOP-00179,RESOLVED,2026-09-25T23:59:59-06:00,2026-09-26T08:00:00-06:00,2026-06-29T00:00:00-06:00,,5,OPSCH-4-00179,false,ACTIVE,,,VALID,CURRENT,coolit-synthetic-v2.0.0,ALL_SYNTHETIC_CUSTOMERS,ALL_SYNTHETIC_PROGRAMS,CFG-CDU-04,SYNTHETIC_INTERNAL,SNP-COOLIT-20260925-BL,SCN-BASELINE,OPSCH-5-00179,SCH-V5,WO-0035,MESOP-00179,30,TEST-LEAK-01,2026-11-01T07:00:00-06:00,2026-11-01T17:00:00-06:00,179,COOLANT_DISTRIBUTION_UNIT,5,1,true,true,true,OPEN,SUPERSEDED
TEN-COOLIT-SYN-001,SITE-COOLIT-SYN-01,ERP,OPERATION_SCHEDULE,OPSCH-5-00180,MESOP-00180,RESOLVED,2026-09-25T23:59:59-06:00,2026-09-26T08:00:00-06:00,2026-06-29T00:00:00-06:00,,5,OPSCH-4-00180,false,ACTIVE,,,VALID,CURRENT,coolit-synthetic-v2.0.0,ALL_SYNTHETIC_CUSTOMERS,ALL_SYNTHETIC_PROGRAMS,CFG-CDU-04,SYNTHETIC_INTERNAL,SNP-COOLIT-20260925-BL,SCN-BASELINE,OPSCH-5-00180,SCH-V5,WO-0035,MESOP-00180,40,TEST-LEAK-01,2026-11-02T07:00:00-06:00,2026-11-02T17:00:00-06:00,180,COOLANT_DISTRIBUTION_UNIT,5,2,true,true,true,OPEN,SUPERSEDED
TEN-COOLIT-SYN-001,SITE-COOLIT-SYN-01,ERP,OPERATION_SCHEDULE,OPSCH-5-00181,MESOP-00181,RESOLVED,2026-09-25T23:59:59-06:00,2026-09-26T08:00:00-06:00,2026-06-29T00:00:00-06:00,,5,OPSCH-4-00181,false,ACTIVE,,,VALID,CURRENT,coolit-synthetic-v2.0.0,ALL_SYNTHETIC_CUSTOMERS,ALL_SYNTHETIC_PROGRAMS,CFG-RM-03,SYNTHETIC_INTERNAL,SNP-COOLIT-20260925-BL,SCN-BASELINE,OPSCH-5-00181,SCH-V5,WO-0036,MESOP-00181,10,CELL-ROBOT-01,2026-11-03T07:00:00-06:00,2026-11-03T17:00:00-06:00,181,RACK_MANIFOLD,5,1,true,true,true,OPEN,SUPERSEDED
TEN-COOLIT-SYN-001,SITE-COOLIT-SYN-01,ERP,OPERATION_SCHEDULE,OPSCH-5-00182,MESOP-00182,RESOLVED,2026-09-25T23:59:59-06:00,2026-09-26T08:00:00-06:00,2026-06-29T00:00:00-06:00,,5,OPSCH-4-00182,false,ACTIVE,,,VALID,CURRENT,coolit-synthetic-v2.0.0,ALL_SYNTHETIC_CUSTOMERS,ALL_SYNTHETIC_PROGRAMS,CFG-RM-03,SYNTHETIC_INTERNAL,SNP-COOLIT-20260925-BL,SCN-BASELINE,OPSCH-5-00182,SCH-V5,WO-0036,MESOP-00182,20,LINE-RM-01,2026-11-04T07:00:00-06:00,2026-11-04T17:00:00-06:00,182,RACK_MANIFOLD,20,1,true,true,true,OPEN,SUPERSEDED
TEN-COOLIT-SYN-001,SITE-COOLIT-SYN-01,ERP,OPERATION_SCHEDULE,OPSCH-5-00183,MESOP-00183,RESOLVED,2026-09-25T23:59:59-06:00,2026-09-26T08:00:00-06:00,2026-06-29T00:00:00-06:00,,5,OPSCH-4-00183,false,ACTIVE,,,VALID,CURRENT,coolit-synthetic-v2.0.0,ALL_SYNTHETIC_CUSTOMERS,ALL_SYNTHETIC_PROGRAMS,CFG-RM-03,SYNTHETIC_INTERNAL,SNP-COOLIT-20260925-BL,SCN-BASELINE,OPSCH-5-00183,SCH-V5,WO-0036,MESOP-00183,30,TEST-LEAK-01,2026-11-05T07:00:00-06:00,2026-11-05T17:00:00-06:00,183,RACK_MANIFOLD,5,1,true,true,true,OPEN,SUPERSEDED
TEN-COOLIT-SYN-001,SITE-COOLIT-SYN-01,ERP,OPERATION_SCHEDULE,OPSCH-5-00184,MESOP-00184,RESOLVED,2026-09-25T23:59:59-06:00,2026-09-26T08:00:00-06:00,2026-06-29T00:00:00-06:00,,5,OPSCH-4-00184,false,ACTIVE,,,VALID,CURRENT,coolit-synthetic-v2.0.0,ALL_SYNTHETIC_CUSTOMERS,ALL_SYNTHETIC_PROGRAMS,CFG-RM-03,SYNTHETIC_INTERNAL,SNP-COOLIT-20260925-BL,SCN-BASELINE,OPSCH-5-00184,SCH-V5,WO-0036,MESOP-00184,40,TEST-LEAK-01,2026-11-06T07:00:00-06:00,2026-11-06T17:00:00-06:00,184,RACK_MANIFOLD,5,2,true,true,true,OPEN,SUPERSEDED
TEN-COOLIT-SYN-001,SITE-COOLIT-SYN-01,ERP,OPERATION_SCHEDULE,OPSCH-5-00185,MESOP-00185,RESOLVED,2026-09-25T23:59:59-06:00,2026-09-26T08:00:00-06:00,2026-06-29T00:00:00-06:00,,5,OPSCH-4-00185,false,ACTIVE,,,VALID,CURRENT,coolit-synthetic-v2.0.0,ALL_SYNTHETIC_CUSTOMERS,ALL_SYNTHETIC_PROGRAMS,CFG-CPL-02,SYNTHETIC_INTERNAL,SNP-COOLIT-20260925-BL,SCN-BASELINE,OPSCH-5-00185,SCH-V5,WO-0037,MESOP-00185,10,CELL-ROBOT-01,2026-11-07T07:00:00-06:00,2026-11-07T17:00:00-06:00,185,COLDPLATE_LOOP,5,1,true,true,true,OPEN,SUPERSEDED
TEN-COOLIT-SYN-001,SITE-COOLIT-SYN-01,ERP,OPERATION_SCHEDULE,OPSCH-5-00186,MESOP-00186,RESOLVED,2026-09-25T23:59:59-06:00,2026-09-26T08:00:00-06:00,2026-06-29T00:00:00-06:00,,5,OPSCH-4-00186,false,ACTIVE,,,VALID,CURRENT,coolit-synthetic-v2.0.0,ALL_SYNTHETIC_CUSTOMERS,ALL_SYNTHETIC_PROGRAMS,CFG-CPL-02,SYNTHETIC_INTERNAL,SNP-COOLIT-20260925-BL,SCN-BASELINE,OPSCH-5-00186,SCH-V5,WO-0037,MESOP-00186,20,LINE-CPL-01,2026-11-08T07:00:00-06:00,2026-11-08T17:00:00-06:00,186,COLDPLATE_LOOP,20,1,true,true,true,OPEN,SUPERSEDED
TEN-COOLIT-SYN-001,SITE-COOLIT-SYN-01,ERP,OPERATION_SCHEDULE,OPSCH-5-00187,MESOP-00187,RESOLVED,2026-09-25T23:59:59-06:00,2026-09-26T08:00:00-06:00,2026-06-29T00:00:00-06:00,,5,OPSCH-4-00187,false,ACTIVE,,,VALID,CURRENT,coolit-synthetic-v2.0.0,ALL_SYNTHETIC_CUSTOMERS,ALL_SYNTHETIC_PROGRAMS,CFG-CPL-02,SYNTHETIC_INTERNAL,SNP-COOLIT-20260925-BL,SCN-BASELINE,OPSCH-5-00187,SCH-V5,WO-0037,MESOP-00187,30,TEST-LEAK-01,2026-11-09T07:00:00-06:00,2026-11-09T17:00:00-06:00,187,COLDPLATE_LOOP,5,1,true,false,true,OPEN,SUPERSEDED
TEN-COOLIT-SYN-001,SITE-COOLIT-SYN-01,ERP,OPERATION_SCHEDULE,OPSCH-5-00188,MESOP-00188,RESOLVED,2026-09-25T23:59:59-06:00,2026-09-26T08:00:00-06:00,2026-06-29T00:00:00-06:00,,5,OPSCH-4-00188,false,ACTIVE,,,VALID,CURRENT,coolit-synthetic-v2.0.0,ALL_SYNTHETIC_CUSTOMERS,ALL_SYNTHETIC_PROGRAMS,CFG-CPL-02,SYNTHETIC_INTERNAL,SNP-COOLIT-20260925-BL,SCN-BASELINE,OPSCH-5-00188,SCH-V5,WO-0037,MESOP-00188,40,TEST-LEAK-01,2026-11-10T07:00:00-06:00,2026-11-10T17:00:00-06:00,188,COLDPLATE_LOOP,5,2,true,true,true,OPEN,SUPERSEDED
TEN-COOLIT-SYN-001,SITE-COOLIT-SYN-01,ERP,OPERATION_SCHEDULE,OPSCH-5-00189,MESOP-00189,RESOLVED,2026-09-25T23:59:59-06:00,2026-09-26T08:00:00-06:00,2026-06-29T00:00:00-06:00,,5,OPSCH-4-00189,false,ACTIVE,,,VALID,CURRENT,coolit-synthetic-v2.0.0,ALL_SYNTHETIC_CUSTOMERS,ALL_SYNTHETIC_PROGRAMS,CFG-CDU-01,SYNTHETIC_INTERNAL,SNP-COOLIT-20260925-BL,SCN-BASELINE,OPSCH-5-00189,SCH-V5,WO-0038,MESOP-00189,10,CELL-ROBOT-01,2026-11-11T07:00:00-06:00,2026-11-11T17:00:00-06:00,189,COOLANT_DISTRIBUTION_UNIT,5,1,true,true,true,OPEN,SUPERSEDED
TEN-COOLIT-SYN-001,SITE-COOLIT-SYN-01,ERP,OPERATION_SCHEDULE,OPSCH-5-00190,MESOP-00190,RESOLVED,2026-09-25T23:59:59-06:00,2026-09-26T08:00:00-06:00,2026-06-29T00:00:00-06:00,,5,OPSCH-4-00190,false,ACTIVE,,,VALID,CURRENT,coolit-synthetic-v2.0.0,ALL_SYNTHETIC_CUSTOMERS,ALL_SYNTHETIC_PROGRAMS,CFG-CDU-01,SYNTHETIC_INTERNAL,SNP-COOLIT-20260925-BL,SCN-BASELINE,OPSCH-5-00190,SCH-V5,WO-0038,MESOP-00190,20,LINE-CDU-01,2026-11-12T07:00:00-06:00,2026-11-12T17:00:00-06:00,190,COOLANT_DISTRIBUTION_UNIT,20,1,true,true,true,OPEN,SUPERSEDED
TEN-COOLIT-SYN-001,SITE-COOLIT-SYN-01,ERP,OPERATION_SCHEDULE,OPSCH-5-00191,MESOP-00191,RESOLVED,2026-09-25T23:59:59-06:00,2026-09-26T08:00:00-06:00,2026-06-29T00:00:00-06:00,,5,OPSCH-4-00191,false,ACTIVE,,,VALID,CURRENT,coolit-synthetic-v2.0.0,ALL_SYNTHETIC_CUSTOMERS,ALL_SYNTHETIC_PROGRAMS,CFG-CDU-01,SYNTHETIC_INTERNAL,SNP-COOLIT-20260925-BL,SCN-BASELINE,OPSCH-5-00191,SCH-V5,WO-0038,MESOP-00191,30,TEST-LEAK-01,2026-11-13T07:00:00-06:00,2026-11-13T17:00:00-06:00,191,COOLANT_DISTRIBUTION_UNIT,5,1,true,true,true,OPEN,SUPERSEDED
TEN-COOLIT-SYN-001,SITE-COOLIT-SYN-01,ERP,OPERATION_SCHEDULE,OPSCH-5-00192,MESOP-00192,RESOLVED,2026-09-25T23:59:59-06:00,2026-09-26T08:00:00-06:00,2026-06-29T00:00:00-06:00,,5,OPSCH-4-00192,false,ACTIVE,,,VALID,CURRENT,coolit-synthetic-v2.0.0,ALL_SYNTHETIC_CUSTOMERS,ALL_SYNTHETIC_PROGRAMS,CFG-CDU-01,SYNTHETIC_INTERNAL,SNP-COOLIT-20260925-BL,SCN-BASELINE,OPSCH-5-00192,SCH-V5,WO-0038,MESOP-00192,40,TEST-LEAK-01,2026-11-14T07:00:00-06:00,2026-11-14T17:00:00-06:00,192,COOLANT_DISTRIBUTION_UNIT,5,2,true,true,true,OPEN,SUPERSEDED
TEN-COOLIT-SYN-001,SITE-COOLIT-SYN-01,ERP,OPERATION_SCHEDULE,OPSCH-5-00193,MESOP-00193,RESOLVED,2026-09-25T23:59:59-06:00,2026-09-26T08:00:00-06:00,2026-06-29T00:00:00-06:00,,5,OPSCH-4-00193,false,ACTIVE,,,VALID,CURRENT,coolit-synthetic-v2.0.0,ALL_SYNTHETIC_CUSTOMERS,ALL_SYNTHETIC_PROGRAMS,CFG-CPL-04,SYNTHETIC_INTERNAL,SNP-COOLIT-20260925-BL,SCN-BASELINE,OPSCH-5-00193,SCH-V5,WO-0039,MESOP-00193,10,CELL-ROBOT-01,2026-11-15T07:00:00-06:00,2026-11-15T17:00:00-06:00,193,COLDPLATE_LOOP,5,1,true,true,true,OPEN,SUPERSEDED
TEN-COOLIT-SYN-001,SITE-COOLIT-SYN-01,ERP,OPERATION_SCHEDULE,OPSCH-5-00194,MESOP-00194,RESOLVED,2026-09-25T23:59:59-06:00,2026-09-26T08:00:00-06:00,2026-06-29T00:00:00-06:00,,5,OPSCH-4-00194,false,ACTIVE,,,VALID,CURRENT,coolit-synthetic-v2.0.0,ALL_SYNTHETIC_CUSTOMERS,ALL_SYNTHETIC_PROGRAMS,CFG-CPL-04,SYNTHETIC_INTERNAL,SNP-COOLIT-20260925-BL,SCN-BASELINE,OPSCH-5-00194,SCH-V5,WO-0039,MESOP-00194,20,LINE-CPL-01,2026-11-16T07:00:00-06:00,2026-11-16T17:00:00-06:00,194,COLDPLATE_LOOP,20,1,true,true,true,OPEN,SUPERSEDED
TEN-COOLIT-SYN-001,SITE-COOLIT-SYN-01,ERP,OPERATION_SCHEDULE,OPSCH-5-00195,MESOP-00195,RESOLVED,2026-09-25T23:59:59-06:00,2026-09-26T08:00:00-06:00,2026-06-29T00:00:00-06:00,,5,OPSCH-4-00195,false,ACTIVE,,,VALID,CURRENT,coolit-synthetic-v2.0.0,ALL_SYNTHETIC_CUSTOMERS,ALL_SYNTHETIC_PROGRAMS,CFG-CPL-04,SYNTHETIC_INTERNAL,SNP-COOLIT-20260925-BL,SCN-BASELINE,OPSCH-5-00195,SCH-V5,WO-0039,MESOP-00195,30,TEST-LEAK-01,2026-11-17T07:00:00-06:00,2026-11-17T17:00:00-06:00,195,COLDPLATE_LOOP,5,1,true,true,true,OPEN,SUPERSEDED
TEN-COOLIT-SYN-001,SITE-COOLIT-SYN-01,ERP,OPERATION_SCHEDULE,OPSCH-5-00196,MESOP-00196,RESOLVED,2026-09-25T23:59:59-06:00,2026-09-26T08:00:00-06:00,2026-06-29T00:00:00-06:00,,5,OPSCH-4-00196,false,ACTIVE,,,VALID,CURRENT,coolit-synthetic-v2.0.0,ALL_SYNTHETIC_CUSTOMERS,ALL_SYNTHETIC_PROGRAMS,CFG-CPL-04,SYNTHETIC_INTERNAL,SNP-COOLIT-20260925-BL,SCN-BASELINE,OPSCH-5-00196,SCH-V5,WO-0039,MESOP-00196,40,TEST-LEAK-01,2026-11-18T07:00:00-06:00,2026-11-18T17:00:00-06:00,196,COLDPLATE_LOOP,5,2,true,true,true,OPEN,SUPERSEDED
TEN-COOLIT-SYN-001,SITE-COOLIT-SYN-01,ERP,OPERATION_SCHEDULE,OPSCH-5-00197,MESOP-00197,RESOLVED,2026-09-25T23:59:59-06:00,2026-09-26T08:00:00-06:00,2026-06-29T00:00:00-06:00,,5,OPSCH-4-00197,false,ACTIVE,,,VALID,CURRENT,coolit-synthetic-v2.0.0,ALL_SYNTHETIC_CUSTOMERS,ALL_SYNTHETIC_PROGRAMS,CFG-CDU-03,SYNTHETIC_INTERNAL,SNP-COOLIT-20260925-BL,SCN-BASELINE,OPSCH-5-00197,SCH-V5,WO-0040,MESOP-00197,10,CELL-ROBOT-01,2026-11-19T07:00:00-06:00,2026-11-19T17:00:00-06:00,197,COOLANT_DISTRIBUTION_UNIT,5,1,true,true,true,OPEN,SUPERSEDED
TEN-COOLIT-SYN-001,SITE-COOLIT-SYN-01,ERP,OPERATION_SCHEDULE,OPSCH-5-00198,MESOP-00198,RESOLVED,2026-09-25T23:59:59-06:00,2026-09-26T08:00:00-06:00,2026-06-29T00:00:00-06:00,,5,OPSCH-4-00198,false,ACTIVE,,,VALID,CURRENT,coolit-synthetic-v2.0.0,ALL_SYNTHETIC_CUSTOMERS,ALL_SYNTHETIC_PROGRAMS,CFG-CDU-03,SYNTHETIC_INTERNAL,SNP-COOLIT-20260925-BL,SCN-BASELINE,OPSCH-5-00198,SCH-V5,WO-0040,MESOP-00198,20,LINE-CDU-01,2026-11-20T07:00:00-06:00,2026-11-20T17:00:00-06:00,198,COOLANT_DISTRIBUTION_UNIT,20,1,true,true,true,OPEN,SUPERSEDED
TEN-COOLIT-SYN-001,SITE-COOLIT-SYN-01,ERP,OPERATION_SCHEDULE,OPSCH-5-00199,MESOP-00199,RESOLVED,2026-09-25T23:59:59-06:00,2026-09-26T08:00:00-06:00,2026-06-29T00:00:00-06:00,,5,OPSCH-4-00199,false,ACTIVE,,,VALID,CURRENT,coolit-synthetic-v2.0.0,ALL_SYNTHETIC_CUSTOMERS,ALL_SYNTHETIC_PROGRAMS,CFG-CDU-03,SYNTHETIC_INTERNAL,SNP-COOLIT-20260925-BL,SCN-BASELINE,OPSCH-5-00199,SCH-V5,WO-0040,MESOP-00199,30,TEST-LEAK-01,2026-11-21T07:00:00-06:00,2026-11-21T17:00:00-06:00,199,COOLANT_DISTRIBUTION_UNIT,5,1,true,true,true,OPEN,SUPERSEDED
TEN-COOLIT-SYN-001,SITE-COOLIT-SYN-01,ERP,OPERATION_SCHEDULE,OPSCH-5-00200,MESOP-00200,RESOLVED,2026-09-25T23:59:59-06:00,2026-09-26T08:00:00-06:00,2026-06-29T00:00:00-06:00,,5,OPSCH-4-00200,false,ACTIVE,,,VALID,CURRENT,coolit-synthetic-v2.0.0,ALL_SYNTHETIC_CUSTOMERS,ALL_SYNTHETIC_PROGRAMS,CFG-CDU-03,SYNTHETIC_INTERNAL,SNP-COOLIT-20260925-BL,SCN-BASELINE,OPSCH-5-00200,SCH-V5,WO-0040,MESOP-00200,40,TEST-LEAK-01,2026-11-22T07:00:00-06:00,2026-11-22T17:00:00-06:00,200,COOLANT_DISTRIBUTION_UNIT,5,2,true,true,true,OPEN,SUPERSEDED
TEN-COOLIT-SYN-001,SITE-COOLIT-SYN-01,ERP,OPERATION_SCHEDULE,OPSCH-6-00001,MESOP-00001,RESOLVED,2026-09-25T23:59:59-06:00,2026-09-26T08:00:00-06:00,2026-06-29T00:00:00-06:00,,6,OPSCH-5-00001,false,ACTIVE,,,VALID,CURRENT,coolit-synthetic-v2.0.0,ALL_SYNTHETIC_CUSTOMERS,ALL_SYNTHETIC_PROGRAMS,CFG-CPL-02,SYNTHETIC_INTERNAL,SNP-COOLIT-20260925-BL,SCN-BASELINE,OPSCH-6-00001,SCH-V6,WO-0001,MESOP-00001,10,CELL-ROBOT-01,2026-06-29T07:00:00-06:00,2026-06-29T17:00:00-06:00,1,COLDPLATE_LOOP,5,1,false,false,true,FROZEN,CURRENT
TEN-COOLIT-SYN-001,SITE-COOLIT-SYN-01,ERP,OPERATION_SCHEDULE,OPSCH-6-00002,MESOP-00002,RESOLVED,2026-09-25T23:59:59-06:00,2026-09-26T08:00:00-06:00,2026-06-29T00:00:00-06:00,,6,OPSCH-5-00002,false,ACTIVE,,,VALID,CURRENT,coolit-synthetic-v2.0.0,ALL_SYNTHETIC_CUSTOMERS,ALL_SYNTHETIC_PROGRAMS,CFG-CPL-02,SYNTHETIC_INTERNAL,SNP-COOLIT-20260925-BL,SCN-BASELINE,OPSCH-6-00002,SCH-V6,WO-0001,MESOP-00002,20,LINE-CPL-01,2026-06-30T07:00:00-06:00,2026-06-30T17:00:00-06:00,2,COLDPLATE_LOOP,20,1,true,true,true,FROZEN,CURRENT
TEN-COOLIT-SYN-001,SITE-COOLIT-SYN-01,ERP,OPERATION_SCHEDULE,OPSCH-6-00003,MESOP-00003,RESOLVED,2026-09-25T23:59:59-06:00,2026-09-26T08:00:00-06:00,2026-06-29T00:00:00-06:00,,6,OPSCH-5-00003,false,ACTIVE,,,VALID,CURRENT,coolit-synthetic-v2.0.0,ALL_SYNTHETIC_CUSTOMERS,ALL_SYNTHETIC_PROGRAMS,CFG-CPL-02,SYNTHETIC_INTERNAL,SNP-COOLIT-20260925-BL,SCN-BASELINE,OPSCH-6-00003,SCH-V6,WO-0001,MESOP-00003,30,TEST-LEAK-01,2026-07-01T07:00:00-06:00,2026-07-01T17:00:00-06:00,3,COLDPLATE_LOOP,5,1,true,true,true,FROZEN,CURRENT
TEN-COOLIT-SYN-001,SITE-COOLIT-SYN-01,ERP,OPERATION_SCHEDULE,OPSCH-6-00004,MESOP-00004,RESOLVED,2026-09-25T23:59:59-06:00,2026-09-26T08:00:00-06:00,2026-06-29T00:00:00-06:00,,6,OPSCH-5-00004,false,ACTIVE,,,VALID,CURRENT,coolit-synthetic-v2.0.0,ALL_SYNTHETIC_CUSTOMERS,ALL_SYNTHETIC_PROGRAMS,CFG-CPL-02,SYNTHETIC_INTERNAL,SNP-COOLIT-20260925-BL,SCN-BASELINE,OPSCH-6-00004,SCH-V6,WO-0001,MESOP-00004,40,TEST-LEAK-01,2026-07-02T07:00:00-06:00,2026-07-02T17:00:00-06:00,4,COLDPLATE_LOOP,5,2,true,true,true,FROZEN,CURRENT
TEN-COOLIT-SYN-001,SITE-COOLIT-SYN-01,ERP,OPERATION_SCHEDULE,OPSCH-6-00005,MESOP-00005,RESOLVED,2026-09-25T23:59:59-06:00,2026-09-26T08:00:00-06:00,2026-06-29T00:00:00-06:00,,6,OPSCH-5-00005,false,ACTIVE,,,VALID,CURRENT,coolit-synthetic-v2.0.0,ALL_SYNTHETIC_CUSTOMERS,ALL_SYNTHETIC_PROGRAMS,CFG-CPL-02,SYNTHETIC_INTERNAL,SNP-COOLIT-20260925-BL,SCN-BASELINE,OPSCH-6-00005,SCH-V6,WO-0001,MESOP-00005,50,TEST-FUNC-01,2026-07-03T07:00:00-06:00,2026-07-03T17:00:00-06:00,5,COLDPLATE_LOOP,5,2,true,true,true,FROZEN,CURRENT
TEN-COOLIT-SYN-001,SITE-COOLIT-SYN-01,ERP,OPERATION_SCHEDULE,OPSCH-6-00006,MESOP-00006,RESOLVED,2026-09-25T23:59:59-06:00,2026-09-26T08:00:00-06:00,2026-06-29T00:00:00-06:00,,6,OPSCH-5-00006,false,ACTIVE,,,VALID,CURRENT,coolit-synthetic-v2.0.0,ALL_SYNTHETIC_CUSTOMERS,ALL_SYNTHETIC_PROGRAMS,CFG-CPL-02,SYNTHETIC_INTERNAL,SNP-COOLIT-20260925-BL,SCN-BASELINE,OPSCH-6-00006,SCH-V6,WO-0001,MESOP-00006,60,LINE-CPL-01,2026-07-04T07:00:00-06:00,2026-07-04T17:00:00-06:00,6,COLDPLATE_LOOP,5,2,true,true,true,FROZEN,CURRENT
TEN-COOLIT-SYN-001,SITE-COOLIT-SYN-01,ERP,OPERATION_SCHEDULE,OPSCH-6-00007,MESOP-00007,RESOLVED,2026-09-25T23:59:59-06:00,2026-09-26T08:00:00-06:00,2026-06-29T00:00:00-06:00,,6,OPSCH-5-00007,false,ACTIVE,,,VALID,CURRENT,coolit-synthetic-v2.0.0,ALL_SYNTHETIC_CUSTOMERS,ALL_SYNTHETIC_PROGRAMS,CFG-CDU-01,SYNTHETIC_INTERNAL,SNP-COOLIT-20260925-BL,SCN-BASELINE,OPSCH-6-00007,SCH-V6,WO-0002,MESOP-00007,10,CELL-ROBOT-01,2026-07-02T07:00:00-06:00,2026-07-02T17:00:00-06:00,7,COOLANT_DISTRIBUTION_UNIT,5,1,true,true,true,FROZEN,CURRENT
TEN-COOLIT-SYN-001,SITE-COOLIT-SYN-01,ERP,OPERATION_SCHEDULE,OPSCH-6-00008,MESOP-00008,RESOLVED,2026-09-25T23:59:59-06:00,2026-09-26T08:00:00-06:00,2026-06-29T00:00:00-06:00,,6,OPSCH-5-00008,false,ACTIVE,,,VALID,CURRENT,coolit-synthetic-v2.0.0,ALL_SYNTHETIC_CUSTOMERS,ALL_SYNTHETIC_PROGRAMS,CFG-CDU-01,SYNTHETIC_INTERNAL,SNP-COOLIT-20260925-BL,SCN-BASELINE,OPSCH-6-00008,SCH-V6,WO-0002,MESOP-00008,20,LINE-CDU-01,2026-07-03T07:00:00-06:00,2026-07-03T17:00:00-06:00,8,COOLANT_DISTRIBUTION_UNIT,20,1,true,true,true,FROZEN,CURRENT
TEN-COOLIT-SYN-001,SITE-COOLIT-SYN-01,ERP,OPERATION_SCHEDULE,OPSCH-6-00009,MESOP-00009,RESOLVED,2026-09-25T23:59:59-06:00,2026-09-26T08:00:00-06:00,2026-06-29T00:00:00-06:00,,6,OPSCH-5-00009,false,ACTIVE,,,VALID,CURRENT,coolit-synthetic-v2.0.0,ALL_SYNTHETIC_CUSTOMERS,ALL_SYNTHETIC_PROGRAMS,CFG-CDU-01,SYNTHETIC_INTERNAL,SNP-COOLIT-20260925-BL,SCN-BASELINE,OPSCH-6-00009,SCH-V6,WO-0002,MESOP-00009,30,TEST-LEAK-01,2026-07-04T07:00:00-06:00,2026-07-04T17:00:00-06:00,9,COOLANT_DISTRIBUTION_UNIT,5,1,true,true,true,FROZEN,CURRENT
TEN-COOLIT-SYN-001,SITE-COOLIT-SYN-01,ERP,OPERATION_SCHEDULE,OPSCH-6-00010,MESOP-00010,RESOLVED,2026-09-25T23:59:59-06:00,2026-09-26T08:00:00-06:00,2026-06-29T00:00:00-06:00,,6,OPSCH-5-00010,false,ACTIVE,,,VALID,CURRENT,coolit-synthetic-v2.0.0,ALL_SYNTHETIC_CUSTOMERS,ALL_SYNTHETIC_PROGRAMS,CFG-CDU-01,SYNTHETIC_INTERNAL,SNP-COOLIT-20260925-BL,SCN-BASELINE,OPSCH-6-00010,SCH-V6,WO-0002,MESOP-00010,40,TEST-LEAK-01,2026-07-05T07:00:00-06:00,2026-07-05T17:00:00-06:00,10,COOLANT_DISTRIBUTION_UNIT,5,2,true,true,true,FROZEN,CURRENT
TEN-COOLIT-SYN-001,SITE-COOLIT-SYN-01,ERP,OPERATION_SCHEDULE,OPSCH-6-00011,MESOP-00011,RESOLVED,2026-09-25T23:59:59-06:00,2026-09-26T08:00:00-06:00,2026-06-29T00:00:00-06:00,,6,OPSCH-5-00011,false,ACTIVE,,,VALID,CURRENT,coolit-synthetic-v2.0.0,ALL_SYNTHETIC_CUSTOMERS,ALL_SYNTHETIC_PROGRAMS,CFG-CDU-01,SYNTHETIC_INTERNAL,SNP-COOLIT-20260925-BL,SCN-BASELINE,OPSCH-6-00011,SCH-V6,WO-0002,MESOP-00011,50,TEST-FUNC-01,2026-07-06T07:00:00-06:00,2026-07-06T17:00:00-06:00,11,COOLANT_DISTRIBUTION_UNIT,5,2,true,true,true,FROZEN,CURRENT
TEN-COOLIT-SYN-001,SITE-COOLIT-SYN-01,ERP,OPERATION_SCHEDULE,OPSCH-6-00012,MESOP-00012,RESOLVED,2026-09-25T23:59:59-06:00,2026-09-26T08:00:00-06:00,2026-06-29T00:00:00-06:00,,6,OPSCH-5-00012,false,ACTIVE,,,VALID,CURRENT,coolit-synthetic-v2.0.0,ALL_SYNTHETIC_CUSTOMERS,ALL_SYNTHETIC_PROGRAMS,CFG-CDU-01,SYNTHETIC_INTERNAL,SNP-COOLIT-20260925-BL,SCN-BASELINE,OPSCH-6-00012,SCH-V6,WO-0002,MESOP-00012,60,LINE-CDU-01,2026-07-07T07:00:00-06:00,2026-07-07T17:00:00-06:00,12,COOLANT_DISTRIBUTION_UNIT,5,2,true,true,true,FROZEN,CURRENT
TEN-COOLIT-SYN-001,SITE-COOLIT-SYN-01,ERP,OPERATION_SCHEDULE,OPSCH-6-00013,MESOP-00013,RESOLVED,2026-09-25T23:59:59-06:00,2026-09-26T08:00:00-06:00,2026-06-29T00:00:00-06:00,,6,OPSCH-5-00013,false,ACTIVE,,,VALID,CURRENT,coolit-synthetic-v2.0.0,ALL_SYNTHETIC_CUSTOMERS,ALL_SYNTHETIC_PROGRAMS,CFG-CPL-04,SYNTHETIC_INTERNAL,SNP-COOLIT-20260925-BL,SCN-BASELINE,OPSCH-6-00013,SCH-V6,WO-0003,MESOP-00013,10,CELL-ROBOT-01,2026-07-05T07:00:00-06:00,2026-07-05T17:00:00-06:00,13,COLDPLATE_LOOP,5,1,true,true,true,FROZEN,CURRENT
TEN-COOLIT-SYN-001,SITE-COOLIT-SYN-01,ERP,OPERATION_SCHEDULE,OPSCH-6-00014,MESOP-00014,RESOLVED,2026-09-25T23:59:59-06:00,2026-09-26T08:00:00-06:00,2026-06-29T00:00:00-06:00,,6,OPSCH-5-00014,false,ACTIVE,,,VALID,CURRENT,coolit-synthetic-v2.0.0,ALL_SYNTHETIC_CUSTOMERS,ALL_SYNTHETIC_PROGRAMS,CFG-CPL-04,SYNTHETIC_INTERNAL,SNP-COOLIT-20260925-BL,SCN-BASELINE,OPSCH-6-00014,SCH-V6,WO-0003,MESOP-00014,20,LINE-CPL-01,2026-07-06T07:00:00-06:00,2026-07-06T17:00:00-06:00,14,COLDPLATE_LOOP,20,1,true,true,true,FROZEN,CURRENT
TEN-COOLIT-SYN-001,SITE-COOLIT-SYN-01,ERP,OPERATION_SCHEDULE,OPSCH-6-00015,MESOP-00015,RESOLVED,2026-09-25T23:59:59-06:00,2026-09-26T08:00:00-06:00,2026-06-29T00:00:00-06:00,,6,OPSCH-5-00015,false,ACTIVE,,,VALID,CURRENT,coolit-synthetic-v2.0.0,ALL_SYNTHETIC_CUSTOMERS,ALL_SYNTHETIC_PROGRAMS,CFG-CPL-04,SYNTHETIC_INTERNAL,SNP-COOLIT-20260925-BL,SCN-BASELINE,OPSCH-6-00015,SCH-V6,WO-0003,MESOP-00015,30,TEST-LEAK-01,2026-07-07T07:00:00-06:00,2026-07-07T17:00:00-06:00,15,COLDPLATE_LOOP,5,1,true,true,true,FROZEN,CURRENT
TEN-COOLIT-SYN-001,SITE-COOLIT-SYN-01,ERP,OPERATION_SCHEDULE,OPSCH-6-00016,MESOP-00016,RESOLVED,2026-09-25T23:59:59-06:00,2026-09-26T08:00:00-06:00,2026-06-29T00:00:00-06:00,,6,OPSCH-5-00016,false,ACTIVE,,,VALID,CURRENT,coolit-synthetic-v2.0.0,ALL_SYNTHETIC_CUSTOMERS,ALL_SYNTHETIC_PROGRAMS,CFG-CPL-04,SYNTHETIC_INTERNAL,SNP-COOLIT-20260925-BL,SCN-BASELINE,OPSCH-6-00016,SCH-V6,WO-0003,MESOP-00016,40,TEST-LEAK-01,2026-07-08T07:00:00-06:00,2026-07-08T17:00:00-06:00,16,COLDPLATE_LOOP,5,2,true,true,true,FROZEN,CURRENT
TEN-COOLIT-SYN-001,SITE-COOLIT-SYN-01,ERP,OPERATION_SCHEDULE,OPSCH-6-00017,MESOP-00017,RESOLVED,2026-09-25T23:59:59-06:00,2026-09-26T08:00:00-06:00,2026-06-29T00:00:00-06:00,,6,OPSCH-5-00017,false,ACTIVE,,,VALID,CURRENT,coolit-synthetic-v2.0.0,ALL_SYNTHETIC_CUSTOMERS,ALL_SYNTHETIC_PROGRAMS,CFG-CPL-04,SYNTHETIC_INTERNAL,SNP-COOLIT-20260925-BL,SCN-BASELINE,OPSCH-6-00017,SCH-V6,WO-0003,MESOP-00017,50,TEST-FUNC-01,2026-07-09T07:00:00-06:00,2026-07-09T17:00:00-06:00,17,COLDPLATE_LOOP,5,2,true,true,true,FROZEN,CURRENT
TEN-COOLIT-SYN-001,SITE-COOLIT-SYN-01,ERP,OPERATION_SCHEDULE,OPSCH-6-00018,MESOP-00018,RESOLVED,2026-09-25T23:59:59-06:00,2026-09-26T08:00:00-06:00,2026-06-29T00:00:00-06:00,,6,OPSCH-5-00018,false,ACTIVE,,,VALID,CURRENT,coolit-synthetic-v2.0.0,ALL_SYNTHETIC_CUSTOMERS,ALL_SYNTHETIC_PROGRAMS,CFG-CPL-04,SYNTHETIC_INTERNAL,SNP-COOLIT-20260925-BL,SCN-BASELINE,OPSCH-6-00018,SCH-V6,WO-0003,MESOP-00018,60,LINE-CPL-01,2026-07-10T07:00:00-06:00,2026-07-10T17:00:00-06:00,18,COLDPLATE_LOOP,5,2,true,true,true,FROZEN,CURRENT
TEN-COOLIT-SYN-001,SITE-COOLIT-SYN-01,ERP,OPERATION_SCHEDULE,OPSCH-6-00019,MESOP-00019,RESOLVED,2026-09-25T23:59:59-06:00,2026-09-26T08:00:00-06:00,2026-06-29T00:00:00-06:00,,6,OPSCH-5-00019,false,ACTIVE,,,VALID,CURRENT,coolit-synthetic-v2.0.0,ALL_SYNTHETIC_CUSTOMERS,ALL_SYNTHETIC_PROGRAMS,CFG-CDU-03,SYNTHETIC_INTERNAL,SNP-COOLIT-20260925-BL,SCN-BASELINE,OPSCH-6-00019,SCH-V6,WO-0004,MESOP-00019,10,CELL-ROBOT-01,2026-07-08T07:00:00-06:00,2026-07-08T17:00:00-06:00,19,COOLANT_DISTRIBUTION_UNIT,5,1,true,true,true,FROZEN,CURRENT
TEN-COOLIT-SYN-001,SITE-COOLIT-SYN-01,ERP,OPERATION_SCHEDULE,OPSCH-6-00020,MESOP-00020,RESOLVED,2026-09-25T23:59:59-06:00,2026-09-26T08:00:00-06:00,2026-06-29T00:00:00-06:00,,6,OPSCH-5-00020,false,ACTIVE,,,VALID,CURRENT,coolit-synthetic-v2.0.0,ALL_SYNTHETIC_CUSTOMERS,ALL_SYNTHETIC_PROGRAMS,CFG-CDU-03,SYNTHETIC_INTERNAL,SNP-COOLIT-20260925-BL,SCN-BASELINE,OPSCH-6-00020,SCH-V6,WO-0004,MESOP-00020,20,LINE-CDU-01,2026-07-09T07:00:00-06:00,2026-07-09T17:00:00-06:00,20,COOLANT_DISTRIBUTION_UNIT,20,1,true,true,true,FROZEN,CURRENT
TEN-COOLIT-SYN-001,SITE-COOLIT-SYN-01,ERP,OPERATION_SCHEDULE,OPSCH-6-00021,MESOP-00021,RESOLVED,2026-09-25T23:59:59-06:00,2026-09-26T08:00:00-06:00,2026-06-29T00:00:00-06:00,,6,OPSCH-5-00021,false,ACTIVE,,,VALID,CURRENT,coolit-synthetic-v2.0.0,ALL_SYNTHETIC_CUSTOMERS,ALL_SYNTHETIC_PROGRAMS,CFG-CDU-03,SYNTHETIC_INTERNAL,SNP-COOLIT-20260925-BL,SCN-BASELINE,OPSCH-6-00021,SCH-V6,WO-0004,MESOP-00021,30,TEST-LEAK-01,2026-07-10T07:00:00-06:00,2026-07-10T17:00:00-06:00,21,COOLANT_DISTRIBUTION_UNIT,5,1,true,true,true,FROZEN,CURRENT
TEN-COOLIT-SYN-001,SITE-COOLIT-SYN-01,ERP,OPERATION_SCHEDULE,OPSCH-6-00022,MESOP-00022,RESOLVED,2026-09-25T23:59:59-06:00,2026-09-26T08:00:00-06:00,2026-06-29T00:00:00-06:00,,6,OPSCH-5-00022,false,ACTIVE,,,VALID,CURRENT,coolit-synthetic-v2.0.0,ALL_SYNTHETIC_CUSTOMERS,ALL_SYNTHETIC_PROGRAMS,CFG-CDU-03,SYNTHETIC_INTERNAL,SNP-COOLIT-20260925-BL,SCN-BASELINE,OPSCH-6-00022,SCH-V6,WO-0004,MESOP-00022,40,TEST-LEAK-01,2026-07-11T07:00:00-06:00,2026-07-11T17:00:00-06:00,22,COOLANT_DISTRIBUTION_UNIT,5,2,true,true,true,FROZEN,CURRENT
TEN-COOLIT-SYN-001,SITE-COOLIT-SYN-01,ERP,OPERATION_SCHEDULE,OPSCH-6-00023,MESOP-00023,RESOLVED,2026-09-25T23:59:59-06:00,2026-09-26T08:00:00-06:00,2026-06-29T00:00:00-06:00,,6,OPSCH-5-00023,false,ACTIVE,,,VALID,CURRENT,coolit-synthetic-v2.0.0,ALL_SYNTHETIC_CUSTOMERS,ALL_SYNTHETIC_PROGRAMS,CFG-CDU-03,SYNTHETIC_INTERNAL,SNP-COOLIT-20260925-BL,SCN-BASELINE,OPSCH-6-00023,SCH-V6,WO-0004,MESOP-00023,50,TEST-FUNC-01,2026-07-12T07:00:00-06:00,2026-07-12T17:00:00-06:00,23,COOLANT_DISTRIBUTION_UNIT,5,2,true,true,true,FROZEN,CURRENT
TEN-COOLIT-SYN-001,SITE-COOLIT-SYN-01,ERP,OPERATION_SCHEDULE,OPSCH-6-00024,MESOP-00024,RESOLVED,2026-09-25T23:59:59-06:00,2026-09-26T08:00:00-06:00,2026-06-29T00:00:00-06:00,,6,OPSCH-5-00024,false,ACTIVE,,,VALID,CURRENT,coolit-synthetic-v2.0.0,ALL_SYNTHETIC_CUSTOMERS,ALL_SYNTHETIC_PROGRAMS,CFG-CDU-03,SYNTHETIC_INTERNAL,SNP-COOLIT-20260925-BL,SCN-BASELINE,OPSCH-6-00024,SCH-V6,WO-0004,MESOP-00024,60,LINE-CDU-01,2026-07-13T07:00:00-06:00,2026-07-13T17:00:00-06:00,24,COOLANT_DISTRIBUTION_UNIT,5,2,true,true,true,FROZEN,CURRENT
TEN-COOLIT-SYN-001,SITE-COOLIT-SYN-01,ERP,OPERATION_SCHEDULE,OPSCH-6-00025,MESOP-00025,RESOLVED,2026-09-25T23:59:59-06:00,2026-09-26T08:00:00-06:00,2026-06-29T00:00:00-06:00,,6,OPSCH-5-00025,false,ACTIVE,,,VALID,CURRENT,coolit-synthetic-v2.0.0,ALL_SYNTHETIC_CUSTOMERS,ALL_SYNTHETIC_PROGRAMS,CFG-RM-02,SYNTHETIC_INTERNAL,SNP-COOLIT-20260925-BL,SCN-BASELINE,OPSCH-6-00025,SCH-V6,WO-0005,MESOP-00025,10,CELL-ROBOT-01,2026-07-11T07:00:00-06:00,2026-07-11T17:00:00-06:00,25,RACK_MANIFOLD,5,1,true,true,true,FROZEN,CURRENT
TEN-COOLIT-SYN-001,SITE-COOLIT-SYN-01,ERP,OPERATION_SCHEDULE,OPSCH-6-00026,MESOP-00026,RESOLVED,2026-09-25T23:59:59-06:00,2026-09-26T08:00:00-06:00,2026-06-29T00:00:00-06:00,,6,OPSCH-5-00026,false,ACTIVE,,,VALID,CURRENT,coolit-synthetic-v2.0.0,ALL_SYNTHETIC_CUSTOMERS,ALL_SYNTHETIC_PROGRAMS,CFG-RM-02,SYNTHETIC_INTERNAL,SNP-COOLIT-20260925-BL,SCN-BASELINE,OPSCH-6-00026,SCH-V6,WO-0005,MESOP-00026,20,LINE-RM-01,2026-07-12T07:00:00-06:00,2026-07-12T17:00:00-06:00,26,RACK_MANIFOLD,20,1,true,true,true,FROZEN,CURRENT
TEN-COOLIT-SYN-001,SITE-COOLIT-SYN-01,ERP,OPERATION_SCHEDULE,OPSCH-6-00027,MESOP-00027,RESOLVED,2026-09-25T23:59:59-06:00,2026-09-26T08:00:00-06:00,2026-06-29T00:00:00-06:00,,6,OPSCH-5-00027,false,ACTIVE,,,VALID,CURRENT,coolit-synthetic-v2.0.0,ALL_SYNTHETIC_CUSTOMERS,ALL_SYNTHETIC_PROGRAMS,CFG-RM-02,SYNTHETIC_INTERNAL,SNP-COOLIT-20260925-BL,SCN-BASELINE,OPSCH-6-00027,SCH-V6,WO-0005,MESOP-00027,30,TEST-LEAK-01,2026-07-13T07:00:00-06:00,2026-07-13T17:00:00-06:00,27,RACK_MANIFOLD,5,1,true,true,true,FROZEN,CURRENT
TEN-COOLIT-SYN-001,SITE-COOLIT-SYN-01,ERP,OPERATION_SCHEDULE,OPSCH-6-00028,MESOP-00028,RESOLVED,2026-09-25T23:59:59-06:00,2026-09-26T08:00:00-06:00,2026-06-29T00:00:00-06:00,,6,OPSCH-5-00028,false,ACTIVE,,,VALID,CURRENT,coolit-synthetic-v2.0.0,ALL_SYNTHETIC_CUSTOMERS,ALL_SYNTHETIC_PROGRAMS,CFG-RM-02,SYNTHETIC_INTERNAL,SNP-COOLIT-20260925-BL,SCN-BASELINE,OPSCH-6-00028,SCH-V6,WO-0005,MESOP-00028,40,TEST-LEAK-01,2026-07-14T07:00:00-06:00,2026-07-14T17:00:00-06:00,28,RACK_MANIFOLD,5,2,true,true,true,FROZEN,CURRENT
TEN-COOLIT-SYN-001,SITE-COOLIT-SYN-01,ERP,OPERATION_SCHEDULE,OPSCH-6-00029,MESOP-00029,RESOLVED,2026-09-25T23:59:59-06:00,2026-09-26T08:00:00-06:00,2026-06-29T00:00:00-06:00,,6,OPSCH-5-00029,false,ACTIVE,,,VALID,CURRENT,coolit-synthetic-v2.0.0,ALL_SYNTHETIC_CUSTOMERS,ALL_SYNTHETIC_PROGRAMS,CFG-RM-02,SYNTHETIC_INTERNAL,SNP-COOLIT-20260925-BL,SCN-BASELINE,OPSCH-6-00029,SCH-V6,WO-0005,MESOP-00029,50,TEST-FUNC-01,2026-07-15T07:00:00-06:00,2026-07-15T17:00:00-06:00,29,RACK_MANIFOLD,5,2,true,true,true,FROZEN,CURRENT
TEN-COOLIT-SYN-001,SITE-COOLIT-SYN-01,ERP,OPERATION_SCHEDULE,OPSCH-6-00030,MESOP-00030,RESOLVED,2026-09-25T23:59:59-06:00,2026-09-26T08:00:00-06:00,2026-06-29T00:00:00-06:00,,6,OPSCH-5-00030,false,ACTIVE,,,VALID,CURRENT,coolit-synthetic-v2.0.0,ALL_SYNTHETIC_CUSTOMERS,ALL_SYNTHETIC_PROGRAMS,CFG-RM-02,SYNTHETIC_INTERNAL,SNP-COOLIT-20260925-BL,SCN-BASELINE,OPSCH-6-00030,SCH-V6,WO-0005,MESOP-00030,60,LINE-RM-01,2026-07-16T07:00:00-06:00,2026-07-16T17:00:00-06:00,30,RACK_MANIFOLD,5,2,false,true,true,FROZEN,CURRENT
TEN-COOLIT-SYN-001,SITE-COOLIT-SYN-01,ERP,OPERATION_SCHEDULE,OPSCH-6-00031,MESOP-00031,RESOLVED,2026-09-25T23:59:59-06:00,2026-09-26T08:00:00-06:00,2026-06-29T00:00:00-06:00,,6,OPSCH-5-00031,false,ACTIVE,,,VALID,CURRENT,coolit-synthetic-v2.0.0,ALL_SYNTHETIC_CUSTOMERS,ALL_SYNTHETIC_PROGRAMS,CFG-CPL-01,SYNTHETIC_INTERNAL,SNP-COOLIT-20260925-BL,SCN-BASELINE,OPSCH-6-00031,SCH-V6,WO-0006,MESOP-00031,10,CELL-ROBOT-01,2026-07-14T07:00:00-06:00,2026-07-14T17:00:00-06:00,31,COLDPLATE_LOOP,5,1,true,true,true,FROZEN,CURRENT
TEN-COOLIT-SYN-001,SITE-COOLIT-SYN-01,ERP,OPERATION_SCHEDULE,OPSCH-6-00032,MESOP-00032,RESOLVED,2026-09-25T23:59:59-06:00,2026-09-26T08:00:00-06:00,2026-06-29T00:00:00-06:00,,6,OPSCH-5-00032,false,ACTIVE,,,VALID,CURRENT,coolit-synthetic-v2.0.0,ALL_SYNTHETIC_CUSTOMERS,ALL_SYNTHETIC_PROGRAMS,CFG-CPL-01,SYNTHETIC_INTERNAL,SNP-COOLIT-20260925-BL,SCN-BASELINE,OPSCH-6-00032,SCH-V6,WO-0006,MESOP-00032,20,LINE-CPL-01,2026-07-15T07:00:00-06:00,2026-07-15T17:00:00-06:00,32,COLDPLATE_LOOP,20,1,true,false,true,FROZEN,CURRENT
TEN-COOLIT-SYN-001,SITE-COOLIT-SYN-01,ERP,OPERATION_SCHEDULE,OPSCH-6-00033,MESOP-00033,RESOLVED,2026-09-25T23:59:59-06:00,2026-09-26T08:00:00-06:00,2026-06-29T00:00:00-06:00,,6,OPSCH-5-00033,false,ACTIVE,,,VALID,CURRENT,coolit-synthetic-v2.0.0,ALL_SYNTHETIC_CUSTOMERS,ALL_SYNTHETIC_PROGRAMS,CFG-CPL-01,SYNTHETIC_INTERNAL,SNP-COOLIT-20260925-BL,SCN-BASELINE,OPSCH-6-00033,SCH-V6,WO-0006,MESOP-00033,30,TEST-LEAK-01,2026-07-16T07:00:00-06:00,2026-07-16T17:00:00-06:00,33,COLDPLATE_LOOP,5,1,true,true,true,FROZEN,CURRENT
TEN-COOLIT-SYN-001,SITE-COOLIT-SYN-01,ERP,OPERATION_SCHEDULE,OPSCH-6-00034,MESOP-00034,RESOLVED,2026-09-25T23:59:59-06:00,2026-09-26T08:00:00-06:00,2026-06-29T00:00:00-06:00,,6,OPSCH-5-00034,false,ACTIVE,,,VALID,CURRENT,coolit-synthetic-v2.0.0,ALL_SYNTHETIC_CUSTOMERS,ALL_SYNTHETIC_PROGRAMS,CFG-CPL-01,SYNTHETIC_INTERNAL,SNP-COOLIT-20260925-BL,SCN-BASELINE,OPSCH-6-00034,SCH-V6,WO-0006,MESOP-00034,40,TEST-LEAK-01,2026-07-17T07:00:00-06:00,2026-07-17T17:00:00-06:00,34,COLDPLATE_LOOP,5,2,true,true,true,FROZEN,CURRENT
TEN-COOLIT-SYN-001,SITE-COOLIT-SYN-01,ERP,OPERATION_SCHEDULE,OPSCH-6-00035,MESOP-00035,RESOLVED,2026-09-25T23:59:59-06:00,2026-09-26T08:00:00-06:00,2026-06-29T00:00:00-06:00,,6,OPSCH-5-00035,false,ACTIVE,,,VALID,CURRENT,coolit-synthetic-v2.0.0,ALL_SYNTHETIC_CUSTOMERS,ALL_SYNTHETIC_PROGRAMS,CFG-CPL-01,SYNTHETIC_INTERNAL,SNP-COOLIT-20260925-BL,SCN-BASELINE,OPSCH-6-00035,SCH-V6,WO-0006,MESOP-00035,50,TEST-FUNC-01,2026-07-18T07:00:00-06:00,2026-07-18T17:00:00-06:00,35,COLDPLATE_LOOP,5,2,true,true,true,FROZEN,CURRENT
TEN-COOLIT-SYN-001,SITE-COOLIT-SYN-01,ERP,OPERATION_SCHEDULE,OPSCH-6-00036,MESOP-00036,RESOLVED,2026-09-25T23:59:59-06:00,2026-09-26T08:00:00-06:00,2026-06-29T00:00:00-06:00,,6,OPSCH-5-00036,false,ACTIVE,,,VALID,CURRENT,coolit-synthetic-v2.0.0,ALL_SYNTHETIC_CUSTOMERS,ALL_SYNTHETIC_PROGRAMS,CFG-CPL-01,SYNTHETIC_INTERNAL,SNP-COOLIT-20260925-BL,SCN-BASELINE,OPSCH-6-00036,SCH-V6,WO-0006,MESOP-00036,60,LINE-CPL-01,2026-07-19T07:00:00-06:00,2026-07-19T17:00:00-06:00,36,COLDPLATE_LOOP,5,2,true,true,true,FROZEN,CURRENT
TEN-COOLIT-SYN-001,SITE-COOLIT-SYN-01,ERP,OPERATION_SCHEDULE,OPSCH-6-00037,MESOP-00037,RESOLVED,2026-09-25T23:59:59-06:00,2026-09-26T08:00:00-06:00,2026-06-29T00:00:00-06:00,,6,OPSCH-5-00037,false,ACTIVE,,,VALID,CURRENT,coolit-synthetic-v2.0.0,ALL_SYNTHETIC_CUSTOMERS,ALL_SYNTHETIC_PROGRAMS,CFG-RM-04,SYNTHETIC_INTERNAL,SNP-COOLIT-20260925-BL,SCN-BASELINE,OPSCH-6-00037,SCH-V6,WO-0007,MESOP-00037,10,CELL-ROBOT-01,2026-07-17T07:00:00-06:00,2026-07-17T17:00:00-06:00,37,RACK_MANIFOLD,5,1,true,true,true,FROZEN,CURRENT
TEN-COOLIT-SYN-001,SITE-COOLIT-SYN-01,ERP,OPERATION_SCHEDULE,OPSCH-6-00038,MESOP-00038,RESOLVED,2026-09-25T23:59:59-06:00,2026-09-26T08:00:00-06:00,2026-06-29T00:00:00-06:00,,6,OPSCH-5-00038,false,ACTIVE,,,VALID,CURRENT,coolit-synthetic-v2.0.0,ALL_SYNTHETIC_CUSTOMERS,ALL_SYNTHETIC_PROGRAMS,CFG-RM-04,SYNTHETIC_INTERNAL,SNP-COOLIT-20260925-BL,SCN-BASELINE,OPSCH-6-00038,SCH-V6,WO-0007,MESOP-00038,20,LINE-RM-01,2026-07-18T07:00:00-06:00,2026-07-18T17:00:00-06:00,38,RACK_MANIFOLD,20,1,true,true,true,FROZEN,CURRENT
TEN-COOLIT-SYN-001,SITE-COOLIT-SYN-01,ERP,OPERATION_SCHEDULE,OPSCH-6-00039,MESOP-00039,RESOLVED,2026-09-25T23:59:59-06:00,2026-09-26T08:00:00-06:00,2026-06-29T00:00:00-06:00,,6,OPSCH-5-00039,false,ACTIVE,,,VALID,CURRENT,coolit-synthetic-v2.0.0,ALL_SYNTHETIC_CUSTOMERS,ALL_SYNTHETIC_PROGRAMS,CFG-RM-04,SYNTHETIC_INTERNAL,SNP-COOLIT-20260925-BL,SCN-BASELINE,OPSCH-6-00039,SCH-V6,WO-0007,MESOP-00039,30,TEST-LEAK-01,2026-07-19T07:00:00-06:00,2026-07-19T17:00:00-06:00,39,RACK_MANIFOLD,5,1,true,true,true,FROZEN,CURRENT
TEN-COOLIT-SYN-001,SITE-COOLIT-SYN-01,ERP,OPERATION_SCHEDULE,OPSCH-6-00040,MESOP-00040,RESOLVED,2026-09-25T23:59:59-06:00,2026-09-26T08:00:00-06:00,2026-06-29T00:00:00-06:00,,6,OPSCH-5-00040,false,ACTIVE,,,VALID,CURRENT,coolit-synthetic-v2.0.0,ALL_SYNTHETIC_CUSTOMERS,ALL_SYNTHETIC_PROGRAMS,CFG-RM-04,SYNTHETIC_INTERNAL,SNP-COOLIT-20260925-BL,SCN-BASELINE,OPSCH-6-00040,SCH-V6,WO-0007,MESOP-00040,40,TEST-LEAK-01,2026-07-20T07:00:00-06:00,2026-07-20T17:00:00-06:00,40,RACK_MANIFOLD,5,2,true,true,true,FROZEN,CURRENT
TEN-COOLIT-SYN-001,SITE-COOLIT-SYN-01,ERP,OPERATION_SCHEDULE,OPSCH-6-00041,MESOP-00041,RESOLVED,2026-09-25T23:59:59-06:00,2026-09-26T08:00:00-06:00,2026-06-29T00:00:00-06:00,,6,OPSCH-5-00041,false,ACTIVE,,,VALID,CURRENT,coolit-synthetic-v2.0.0,ALL_SYNTHETIC_CUSTOMERS,ALL_SYNTHETIC_PROGRAMS,CFG-RM-04,SYNTHETIC_INTERNAL,SNP-COOLIT-20260925-BL,SCN-BASELINE,OPSCH-6-00041,SCH-V6,WO-0007,MESOP-00041,50,TEST-FUNC-01,2026-07-21T07:00:00-06:00,2026-07-21T17:00:00-06:00,41,RACK_MANIFOLD,5,2,true,true,true,SLUSHY,CURRENT
TEN-COOLIT-SYN-001,SITE-COOLIT-SYN-01,ERP,OPERATION_SCHEDULE,OPSCH-6-00042,MESOP-00042,RESOLVED,2026-09-25T23:59:59-06:00,2026-09-26T08:00:00-06:00,2026-06-29T00:00:00-06:00,,6,OPSCH-5-00042,false,ACTIVE,,,VALID,CURRENT,coolit-synthetic-v2.0.0,ALL_SYNTHETIC_CUSTOMERS,ALL_SYNTHETIC_PROGRAMS,CFG-RM-04,SYNTHETIC_INTERNAL,SNP-COOLIT-20260925-BL,SCN-BASELINE,OPSCH-6-00042,SCH-V6,WO-0007,MESOP-00042,60,LINE-RM-01,2026-07-22T07:00:00-06:00,2026-07-22T17:00:00-06:00,42,RACK_MANIFOLD,5,2,true,true,true,SLUSHY,CURRENT
TEN-COOLIT-SYN-001,SITE-COOLIT-SYN-01,ERP,OPERATION_SCHEDULE,OPSCH-6-00043,MESOP-00043,RESOLVED,2026-09-25T23:59:59-06:00,2026-09-26T08:00:00-06:00,2026-06-29T00:00:00-06:00,,6,OPSCH-5-00043,false,ACTIVE,,,VALID,CURRENT,coolit-synthetic-v2.0.0,ALL_SYNTHETIC_CUSTOMERS,ALL_SYNTHETIC_PROGRAMS,CFG-CPL-03,SYNTHETIC_INTERNAL,SNP-COOLIT-20260925-BL,SCN-BASELINE,OPSCH-6-00043,SCH-V6,WO-0008,MESOP-00043,10,CELL-ROBOT-01,2026-07-20T07:00:00-06:00,2026-07-20T17:00:00-06:00,43,COLDPLATE_LOOP,5,1,true,true,true,SLUSHY,CURRENT
TEN-COOLIT-SYN-001,SITE-COOLIT-SYN-01,ERP,OPERATION_SCHEDULE,OPSCH-6-00044,MESOP-00044,RESOLVED,2026-09-25T23:59:59-06:00,2026-09-26T08:00:00-06:00,2026-06-29T00:00:00-06:00,,6,OPSCH-5-00044,false,ACTIVE,,,VALID,CURRENT,coolit-synthetic-v2.0.0,ALL_SYNTHETIC_CUSTOMERS,ALL_SYNTHETIC_PROGRAMS,CFG-CPL-03,SYNTHETIC_INTERNAL,SNP-COOLIT-20260925-BL,SCN-BASELINE,OPSCH-6-00044,SCH-V6,WO-0008,MESOP-00044,20,LINE-CPL-01,2026-07-21T07:00:00-06:00,2026-07-21T17:00:00-06:00,44,COLDPLATE_LOOP,20,1,true,true,true,SLUSHY,CURRENT
TEN-COOLIT-SYN-001,SITE-COOLIT-SYN-01,ERP,OPERATION_SCHEDULE,OPSCH-6-00045,MESOP-00045,RESOLVED,2026-09-25T23:59:59-06:00,2026-09-26T08:00:00-06:00,2026-06-29T00:00:00-06:00,,6,OPSCH-5-00045,false,ACTIVE,,,VALID,CURRENT,coolit-synthetic-v2.0.0,ALL_SYNTHETIC_CUSTOMERS,ALL_SYNTHETIC_PROGRAMS,CFG-CPL-03,SYNTHETIC_INTERNAL,SNP-COOLIT-20260925-BL,SCN-BASELINE,OPSCH-6-00045,SCH-V6,WO-0008,MESOP-00045,30,TEST-LEAK-01,2026-07-22T07:00:00-06:00,2026-07-22T17:00:00-06:00,45,COLDPLATE_LOOP,5,1,true,true,true,SLUSHY,CURRENT
TEN-COOLIT-SYN-001,SITE-COOLIT-SYN-01,ERP,OPERATION_SCHEDULE,OPSCH-6-00046,MESOP-00046,RESOLVED,2026-09-25T23:59:59-06:00,2026-09-26T08:00:00-06:00,2026-06-29T00:00:00-06:00,,6,OPSCH-5-00046,false,ACTIVE,,,VALID,CURRENT,coolit-synthetic-v2.0.0,ALL_SYNTHETIC_CUSTOMERS,ALL_SYNTHETIC_PROGRAMS,CFG-CPL-03,SYNTHETIC_INTERNAL,SNP-COOLIT-20260925-BL,SCN-BASELINE,OPSCH-6-00046,SCH-V6,WO-0008,MESOP-00046,40,TEST-LEAK-01,2026-07-23T07:00:00-06:00,2026-07-23T17:00:00-06:00,46,COLDPLATE_LOOP,5,2,true,true,true,SLUSHY,CURRENT
TEN-COOLIT-SYN-001,SITE-COOLIT-SYN-01,ERP,OPERATION_SCHEDULE,OPSCH-6-00047,MESOP-00047,RESOLVED,2026-09-25T23:59:59-06:00,2026-09-26T08:00:00-06:00,2026-06-29T00:00:00-06:00,,6,OPSCH-5-00047,false,ACTIVE,,,VALID,CURRENT,coolit-synthetic-v2.0.0,ALL_SYNTHETIC_CUSTOMERS,ALL_SYNTHETIC_PROGRAMS,CFG-CPL-03,SYNTHETIC_INTERNAL,SNP-COOLIT-20260925-BL,SCN-BASELINE,OPSCH-6-00047,SCH-V6,WO-0008,MESOP-00047,50,TEST-FUNC-01,2026-07-24T07:00:00-06:00,2026-07-24T17:00:00-06:00,47,COLDPLATE_LOOP,5,2,true,true,true,SLUSHY,CURRENT
TEN-COOLIT-SYN-001,SITE-COOLIT-SYN-01,ERP,OPERATION_SCHEDULE,OPSCH-6-00048,MESOP-00048,RESOLVED,2026-09-25T23:59:59-06:00,2026-09-26T08:00:00-06:00,2026-06-29T00:00:00-06:00,,6,OPSCH-5-00048,false,ACTIVE,,,VALID,CURRENT,coolit-synthetic-v2.0.0,ALL_SYNTHETIC_CUSTOMERS,ALL_SYNTHETIC_PROGRAMS,CFG-CPL-03,SYNTHETIC_INTERNAL,SNP-COOLIT-20260925-BL,SCN-BASELINE,OPSCH-6-00048,SCH-V6,WO-0008,MESOP-00048,60,LINE-CPL-01,2026-07-25T07:00:00-06:00,2026-07-25T17:00:00-06:00,48,COLDPLATE_LOOP,5,2,true,true,true,SLUSHY,CURRENT
TEN-COOLIT-SYN-001,SITE-COOLIT-SYN-01,ERP,OPERATION_SCHEDULE,OPSCH-6-00049,MESOP-00049,RESOLVED,2026-09-25T23:59:59-06:00,2026-09-26T08:00:00-06:00,2026-06-29T00:00:00-06:00,,6,OPSCH-5-00049,false,ACTIVE,,,VALID,CURRENT,coolit-synthetic-v2.0.0,ALL_SYNTHETIC_CUSTOMERS,ALL_SYNTHETIC_PROGRAMS,CFG-CDU-02,SYNTHETIC_INTERNAL,SNP-COOLIT-20260925-BL,SCN-BASELINE,OPSCH-6-00049,SCH-V6,WO-0009,MESOP-00049,10,CELL-ROBOT-01,2026-07-23T07:00:00-06:00,2026-07-23T17:00:00-06:00,49,COOLANT_DISTRIBUTION_UNIT,5,1,true,true,true,SLUSHY,CURRENT
TEN-COOLIT-SYN-001,SITE-COOLIT-SYN-01,ERP,OPERATION_SCHEDULE,OPSCH-6-00050,MESOP-00050,RESOLVED,2026-09-25T23:59:59-06:00,2026-09-26T08:00:00-06:00,2026-06-29T00:00:00-06:00,,6,OPSCH-5-00050,false,ACTIVE,,,VALID,CURRENT,coolit-synthetic-v2.0.0,ALL_SYNTHETIC_CUSTOMERS,ALL_SYNTHETIC_PROGRAMS,CFG-CDU-02,SYNTHETIC_INTERNAL,SNP-COOLIT-20260925-BL,SCN-BASELINE,OPSCH-6-00050,SCH-V6,WO-0009,MESOP-00050,20,LINE-CDU-01,2026-07-24T07:00:00-06:00,2026-07-24T17:00:00-06:00,50,COOLANT_DISTRIBUTION_UNIT,20,1,true,true,true,SLUSHY,CURRENT
TEN-COOLIT-SYN-001,SITE-COOLIT-SYN-01,ERP,OPERATION_SCHEDULE,OPSCH-6-00051,MESOP-00051,RESOLVED,2026-09-25T23:59:59-06:00,2026-09-26T08:00:00-06:00,2026-06-29T00:00:00-06:00,,6,OPSCH-5-00051,false,ACTIVE,,,VALID,CURRENT,coolit-synthetic-v2.0.0,ALL_SYNTHETIC_CUSTOMERS,ALL_SYNTHETIC_PROGRAMS,CFG-CDU-02,SYNTHETIC_INTERNAL,SNP-COOLIT-20260925-BL,SCN-BASELINE,OPSCH-6-00051,SCH-V6,WO-0009,MESOP-00051,30,TEST-LEAK-01,2026-07-25T07:00:00-06:00,2026-07-25T17:00:00-06:00,51,COOLANT_DISTRIBUTION_UNIT,5,1,true,true,true,SLUSHY,CURRENT
TEN-COOLIT-SYN-001,SITE-COOLIT-SYN-01,ERP,OPERATION_SCHEDULE,OPSCH-6-00052,MESOP-00052,RESOLVED,2026-09-25T23:59:59-06:00,2026-09-26T08:00:00-06:00,2026-06-29T00:00:00-06:00,,6,OPSCH-5-00052,false,ACTIVE,,,VALID,CURRENT,coolit-synthetic-v2.0.0,ALL_SYNTHETIC_CUSTOMERS,ALL_SYNTHETIC_PROGRAMS,CFG-CDU-02,SYNTHETIC_INTERNAL,SNP-COOLIT-20260925-BL,SCN-BASELINE,OPSCH-6-00052,SCH-V6,WO-0009,MESOP-00052,40,TEST-LEAK-01,2026-07-26T07:00:00-06:00,2026-07-26T17:00:00-06:00,52,COOLANT_DISTRIBUTION_UNIT,5,2,true,true,true,SLUSHY,CURRENT
TEN-COOLIT-SYN-001,SITE-COOLIT-SYN-01,ERP,OPERATION_SCHEDULE,OPSCH-6-00053,MESOP-00053,RESOLVED,2026-09-25T23:59:59-06:00,2026-09-26T08:00:00-06:00,2026-06-29T00:00:00-06:00,,6,OPSCH-5-00053,false,ACTIVE,,,VALID,CURRENT,coolit-synthetic-v2.0.0,ALL_SYNTHETIC_CUSTOMERS,ALL_SYNTHETIC_PROGRAMS,CFG-CDU-02,SYNTHETIC_INTERNAL,SNP-COOLIT-20260925-BL,SCN-BASELINE,OPSCH-6-00053,SCH-V6,WO-0009,MESOP-00053,50,TEST-FUNC-01,2026-07-27T07:00:00-06:00,2026-07-27T17:00:00-06:00,53,COOLANT_DISTRIBUTION_UNIT,5,2,true,true,true,SLUSHY,CURRENT
TEN-COOLIT-SYN-001,SITE-COOLIT-SYN-01,ERP,OPERATION_SCHEDULE,OPSCH-6-00054,MESOP-00054,RESOLVED,2026-09-25T23:59:59-06:00,2026-09-26T08:00:00-06:00,2026-06-29T00:00:00-06:00,,6,OPSCH-5-00054,false,ACTIVE,,,VALID,CURRENT,coolit-synthetic-v2.0.0,ALL_SYNTHETIC_CUSTOMERS,ALL_SYNTHETIC_PROGRAMS,CFG-CDU-02,SYNTHETIC_INTERNAL,SNP-COOLIT-20260925-BL,SCN-BASELINE,OPSCH-6-00054,SCH-V6,WO-0009,MESOP-00054,60,LINE-CDU-01,2026-07-28T07:00:00-06:00,2026-07-28T17:00:00-06:00,54,COOLANT_DISTRIBUTION_UNIT,5,2,true,true,true,SLUSHY,CURRENT
TEN-COOLIT-SYN-001,SITE-COOLIT-SYN-01,ERP,OPERATION_SCHEDULE,OPSCH-6-00055,MESOP-00055,RESOLVED,2026-09-25T23:59:59-06:00,2026-09-26T08:00:00-06:00,2026-06-29T00:00:00-06:00,,6,OPSCH-5-00055,false,ACTIVE,,,VALID,CURRENT,coolit-synthetic-v2.0.0,ALL_SYNTHETIC_CUSTOMERS,ALL_SYNTHETIC_PROGRAMS,CFG-RM-01,SYNTHETIC_INTERNAL,SNP-COOLIT-20260925-BL,SCN-BASELINE,OPSCH-6-00055,SCH-V6,WO-0010,MESOP-00055,10,CELL-ROBOT-01,2026-07-26T07:00:00-06:00,2026-07-26T17:00:00-06:00,55,RACK_MANIFOLD,5,1,true,true,true,SLUSHY,CURRENT
TEN-COOLIT-SYN-001,SITE-COOLIT-SYN-01,ERP,OPERATION_SCHEDULE,OPSCH-6-00056,MESOP-00056,RESOLVED,2026-09-25T23:59:59-06:00,2026-09-26T08:00:00-06:00,2026-06-29T00:00:00-06:00,,6,OPSCH-5-00056,false,ACTIVE,,,VALID,CURRENT,coolit-synthetic-v2.0.0,ALL_SYNTHETIC_CUSTOMERS,ALL_SYNTHETIC_PROGRAMS,CFG-RM-01,SYNTHETIC_INTERNAL,SNP-COOLIT-20260925-BL,SCN-BASELINE,OPSCH-6-00056,SCH-V6,WO-0010,MESOP-00056,20,LINE-RM-01,2026-07-27T07:00:00-06:00,2026-07-27T17:00:00-06:00,56,RACK_MANIFOLD,20,1,true,true,true,SLUSHY,CURRENT
TEN-COOLIT-SYN-001,SITE-COOLIT-SYN-01,ERP,OPERATION_SCHEDULE,OPSCH-6-00057,MESOP-00057,RESOLVED,2026-09-25T23:59:59-06:00,2026-09-26T08:00:00-06:00,2026-06-29T00:00:00-06:00,,6,OPSCH-5-00057,false,ACTIVE,,,VALID,CURRENT,coolit-synthetic-v2.0.0,ALL_SYNTHETIC_CUSTOMERS,ALL_SYNTHETIC_PROGRAMS,CFG-RM-01,SYNTHETIC_INTERNAL,SNP-COOLIT-20260925-BL,SCN-BASELINE,OPSCH-6-00057,SCH-V6,WO-0010,MESOP-00057,30,TEST-LEAK-01,2026-07-28T07:00:00-06:00,2026-07-28T17:00:00-06:00,57,RACK_MANIFOLD,5,1,true,true,true,SLUSHY,CURRENT
TEN-COOLIT-SYN-001,SITE-COOLIT-SYN-01,ERP,OPERATION_SCHEDULE,OPSCH-6-00058,MESOP-00058,RESOLVED,2026-09-25T23:59:59-06:00,2026-09-26T08:00:00-06:00,2026-06-29T00:00:00-06:00,,6,OPSCH-5-00058,false,ACTIVE,,,VALID,CURRENT,coolit-synthetic-v2.0.0,ALL_SYNTHETIC_CUSTOMERS,ALL_SYNTHETIC_PROGRAMS,CFG-RM-01,SYNTHETIC_INTERNAL,SNP-COOLIT-20260925-BL,SCN-BASELINE,OPSCH-6-00058,SCH-V6,WO-0010,MESOP-00058,40,TEST-LEAK-01,2026-07-29T07:00:00-06:00,2026-07-29T17:00:00-06:00,58,RACK_MANIFOLD,5,2,true,true,true,SLUSHY,CURRENT
TEN-COOLIT-SYN-001,SITE-COOLIT-SYN-01,ERP,OPERATION_SCHEDULE,OPSCH-6-00059,MESOP-00059,RESOLVED,2026-09-25T23:59:59-06:00,2026-09-26T08:00:00-06:00,2026-06-29T00:00:00-06:00,,6,OPSCH-5-00059,false,ACTIVE,,,VALID,CURRENT,coolit-synthetic-v2.0.0,ALL_SYNTHETIC_CUSTOMERS,ALL_SYNTHETIC_PROGRAMS,CFG-RM-01,SYNTHETIC_INTERNAL,SNP-COOLIT-20260925-BL,SCN-BASELINE,OPSCH-6-00059,SCH-V6,WO-0010,MESOP-00059,50,TEST-FUNC-01,2026-07-30T07:00:00-06:00,2026-07-30T17:00:00-06:00,59,RACK_MANIFOLD,5,2,false,true,true,SLUSHY,CURRENT
TEN-COOLIT-SYN-001,SITE-COOLIT-SYN-01,ERP,OPERATION_SCHEDULE,OPSCH-6-00060,MESOP-00060,RESOLVED,2026-09-25T23:59:59-06:00,2026-09-26T08:00:00-06:00,2026-06-29T00:00:00-06:00,,6,OPSCH-5-00060,false,ACTIVE,,,VALID,CURRENT,coolit-synthetic-v2.0.0,ALL_SYNTHETIC_CUSTOMERS,ALL_SYNTHETIC_PROGRAMS,CFG-RM-01,SYNTHETIC_INTERNAL,SNP-COOLIT-20260925-BL,SCN-BASELINE,OPSCH-6-00060,SCH-V6,WO-0010,MESOP-00060,60,LINE-RM-01,2026-07-31T07:00:00-06:00,2026-07-31T17:00:00-06:00,60,RACK_MANIFOLD,5,2,true,true,true,SLUSHY,CURRENT
TEN-COOLIT-SYN-001,SITE-COOLIT-SYN-01,ERP,OPERATION_SCHEDULE,OPSCH-6-00061,MESOP-00061,RESOLVED,2026-09-25T23:59:59-06:00,2026-09-26T08:00:00-06:00,2026-06-29T00:00:00-06:00,,6,OPSCH-5-00061,false,ACTIVE,,,VALID,CURRENT,coolit-synthetic-v2.0.0,ALL_SYNTHETIC_CUSTOMERS,ALL_SYNTHETIC_PROGRAMS,CFG-CDU-04,SYNTHETIC_INTERNAL,SNP-COOLIT-20260925-BL,SCN-BASELINE,OPSCH-6-00061,SCH-V6,WO-0011,MESOP-00061,10,CELL-ROBOT-01,2026-07-29T07:00:00-06:00,2026-07-29T17:00:00-06:00,61,COOLANT_DISTRIBUTION_UNIT,5,1,true,true,true,SLUSHY,CURRENT
TEN-COOLIT-SYN-001,SITE-COOLIT-SYN-01,ERP,OPERATION_SCHEDULE,OPSCH-6-00062,MESOP-00062,RESOLVED,2026-09-25T23:59:59-06:00,2026-09-26T08:00:00-06:00,2026-06-29T00:00:00-06:00,,6,OPSCH-5-00062,false,ACTIVE,,,VALID,CURRENT,coolit-synthetic-v2.0.0,ALL_SYNTHETIC_CUSTOMERS,ALL_SYNTHETIC_PROGRAMS,CFG-CDU-04,SYNTHETIC_INTERNAL,SNP-COOLIT-20260925-BL,SCN-BASELINE,OPSCH-6-00062,SCH-V6,WO-0011,MESOP-00062,20,LINE-CDU-01,2026-07-30T07:00:00-06:00,2026-07-30T17:00:00-06:00,62,COOLANT_DISTRIBUTION_UNIT,20,1,true,true,true,SLUSHY,CURRENT
TEN-COOLIT-SYN-001,SITE-COOLIT-SYN-01,ERP,OPERATION_SCHEDULE,OPSCH-6-00063,MESOP-00063,RESOLVED,2026-09-25T23:59:59-06:00,2026-09-26T08:00:00-06:00,2026-06-29T00:00:00-06:00,,6,OPSCH-5-00063,false,ACTIVE,,,VALID,CURRENT,coolit-synthetic-v2.0.0,ALL_SYNTHETIC_CUSTOMERS,ALL_SYNTHETIC_PROGRAMS,CFG-CDU-04,SYNTHETIC_INTERNAL,SNP-COOLIT-20260925-BL,SCN-BASELINE,OPSCH-6-00063,SCH-V6,WO-0011,MESOP-00063,30,TEST-LEAK-01,2026-07-31T07:00:00-06:00,2026-07-31T17:00:00-06:00,63,COOLANT_DISTRIBUTION_UNIT,5,1,true,false,true,SLUSHY,CURRENT
TEN-COOLIT-SYN-001,SITE-COOLIT-SYN-01,ERP,OPERATION_SCHEDULE,OPSCH-6-00064,MESOP-00064,RESOLVED,2026-09-25T23:59:59-06:00,2026-09-26T08:00:00-06:00,2026-06-29T00:00:00-06:00,,6,OPSCH-5-00064,false,ACTIVE,,,VALID,CURRENT,coolit-synthetic-v2.0.0,ALL_SYNTHETIC_CUSTOMERS,ALL_SYNTHETIC_PROGRAMS,CFG-CDU-04,SYNTHETIC_INTERNAL,SNP-COOLIT-20260925-BL,SCN-BASELINE,OPSCH-6-00064,SCH-V6,WO-0011,MESOP-00064,40,TEST-LEAK-01,2026-08-01T07:00:00-06:00,2026-08-01T17:00:00-06:00,64,COOLANT_DISTRIBUTION_UNIT,5,2,true,true,true,SLUSHY,CURRENT
TEN-COOLIT-SYN-001,SITE-COOLIT-SYN-01,ERP,OPERATION_SCHEDULE,OPSCH-6-00065,MESOP-00065,RESOLVED,2026-09-25T23:59:59-06:00,2026-09-26T08:00:00-06:00,2026-06-29T00:00:00-06:00,,6,OPSCH-5-00065,false,ACTIVE,,,VALID,CURRENT,coolit-synthetic-v2.0.0,ALL_SYNTHETIC_CUSTOMERS,ALL_SYNTHETIC_PROGRAMS,CFG-CDU-04,SYNTHETIC_INTERNAL,SNP-COOLIT-20260925-BL,SCN-BASELINE,OPSCH-6-00065,SCH-V6,WO-0011,MESOP-00065,50,TEST-FUNC-01,2026-08-02T07:00:00-06:00,2026-08-02T17:00:00-06:00,65,COOLANT_DISTRIBUTION_UNIT,5,2,true,true,true,SLUSHY,CURRENT
TEN-COOLIT-SYN-001,SITE-COOLIT-SYN-01,ERP,OPERATION_SCHEDULE,OPSCH-6-00066,MESOP-00066,RESOLVED,2026-09-25T23:59:59-06:00,2026-09-26T08:00:00-06:00,2026-06-29T00:00:00-06:00,,6,OPSCH-5-00066,false,ACTIVE,,,VALID,CURRENT,coolit-synthetic-v2.0.0,ALL_SYNTHETIC_CUSTOMERS,ALL_SYNTHETIC_PROGRAMS,CFG-CDU-04,SYNTHETIC_INTERNAL,SNP-COOLIT-20260925-BL,SCN-BASELINE,OPSCH-6-00066,SCH-V6,WO-0011,MESOP-00066,60,LINE-CDU-01,2026-08-03T07:00:00-06:00,2026-08-03T17:00:00-06:00,66,COOLANT_DISTRIBUTION_UNIT,5,2,true,true,true,SLUSHY,CURRENT
TEN-COOLIT-SYN-001,SITE-COOLIT-SYN-01,ERP,OPERATION_SCHEDULE,OPSCH-6-00067,MESOP-00067,RESOLVED,2026-09-25T23:59:59-06:00,2026-09-26T08:00:00-06:00,2026-06-29T00:00:00-06:00,,6,OPSCH-5-00067,false,ACTIVE,,,VALID,CURRENT,coolit-synthetic-v2.0.0,ALL_SYNTHETIC_CUSTOMERS,ALL_SYNTHETIC_PROGRAMS,CFG-RM-03,SYNTHETIC_INTERNAL,SNP-COOLIT-20260925-BL,SCN-BASELINE,OPSCH-6-00067,SCH-V6,WO-0012,MESOP-00067,10,CELL-ROBOT-01,2026-08-01T07:00:00-06:00,2026-08-01T17:00:00-06:00,67,RACK_MANIFOLD,5,1,true,true,true,SLUSHY,CURRENT
TEN-COOLIT-SYN-001,SITE-COOLIT-SYN-01,ERP,OPERATION_SCHEDULE,OPSCH-6-00068,MESOP-00068,RESOLVED,2026-09-25T23:59:59-06:00,2026-09-26T08:00:00-06:00,2026-06-29T00:00:00-06:00,,6,OPSCH-5-00068,false,ACTIVE,,,VALID,CURRENT,coolit-synthetic-v2.0.0,ALL_SYNTHETIC_CUSTOMERS,ALL_SYNTHETIC_PROGRAMS,CFG-RM-03,SYNTHETIC_INTERNAL,SNP-COOLIT-20260925-BL,SCN-BASELINE,OPSCH-6-00068,SCH-V6,WO-0012,MESOP-00068,20,LINE-RM-01,2026-08-02T07:00:00-06:00,2026-08-02T17:00:00-06:00,68,RACK_MANIFOLD,20,1,true,true,true,SLUSHY,CURRENT
TEN-COOLIT-SYN-001,SITE-COOLIT-SYN-01,ERP,OPERATION_SCHEDULE,OPSCH-6-00069,MESOP-00069,RESOLVED,2026-09-25T23:59:59-06:00,2026-09-26T08:00:00-06:00,2026-06-29T00:00:00-06:00,,6,OPSCH-5-00069,false,ACTIVE,,,VALID,CURRENT,coolit-synthetic-v2.0.0,ALL_SYNTHETIC_CUSTOMERS,ALL_SYNTHETIC_PROGRAMS,CFG-RM-03,SYNTHETIC_INTERNAL,SNP-COOLIT-20260925-BL,SCN-BASELINE,OPSCH-6-00069,SCH-V6,WO-0012,MESOP-00069,30,TEST-LEAK-01,2026-08-03T07:00:00-06:00,2026-08-03T17:00:00-06:00,69,RACK_MANIFOLD,5,1,true,true,true,SLUSHY,CURRENT
TEN-COOLIT-SYN-001,SITE-COOLIT-SYN-01,ERP,OPERATION_SCHEDULE,OPSCH-6-00070,MESOP-00070,RESOLVED,2026-09-25T23:59:59-06:00,2026-09-26T08:00:00-06:00,2026-06-29T00:00:00-06:00,,6,OPSCH-5-00070,false,ACTIVE,,,VALID,CURRENT,coolit-synthetic-v2.0.0,ALL_SYNTHETIC_CUSTOMERS,ALL_SYNTHETIC_PROGRAMS,CFG-RM-03,SYNTHETIC_INTERNAL,SNP-COOLIT-20260925-BL,SCN-BASELINE,OPSCH-6-00070,SCH-V6,WO-0012,MESOP-00070,40,TEST-LEAK-01,2026-08-04T07:00:00-06:00,2026-08-04T17:00:00-06:00,70,RACK_MANIFOLD,5,2,true,true,true,SLUSHY,CURRENT
TEN-COOLIT-SYN-001,SITE-COOLIT-SYN-01,ERP,OPERATION_SCHEDULE,OPSCH-6-00071,MESOP-00071,RESOLVED,2026-09-25T23:59:59-06:00,2026-09-26T08:00:00-06:00,2026-06-29T00:00:00-06:00,,6,OPSCH-5-00071,false,ACTIVE,,,VALID,CURRENT,coolit-synthetic-v2.0.0,ALL_SYNTHETIC_CUSTOMERS,ALL_SYNTHETIC_PROGRAMS,CFG-RM-03,SYNTHETIC_INTERNAL,SNP-COOLIT-20260925-BL,SCN-BASELINE,OPSCH-6-00071,SCH-V6,WO-0012,MESOP-00071,50,TEST-FUNC-01,2026-08-05T07:00:00-06:00,2026-08-05T17:00:00-06:00,71,RACK_MANIFOLD,5,2,true,true,true,SLUSHY,CURRENT
TEN-COOLIT-SYN-001,SITE-COOLIT-SYN-01,ERP,OPERATION_SCHEDULE,OPSCH-6-00072,MESOP-00072,RESOLVED,2026-09-25T23:59:59-06:00,2026-09-26T08:00:00-06:00,2026-06-29T00:00:00-06:00,,6,OPSCH-5-00072,false,ACTIVE,,,VALID,CURRENT,coolit-synthetic-v2.0.0,ALL_SYNTHETIC_CUSTOMERS,ALL_SYNTHETIC_PROGRAMS,CFG-RM-03,SYNTHETIC_INTERNAL,SNP-COOLIT-20260925-BL,SCN-BASELINE,OPSCH-6-00072,SCH-V6,WO-0012,MESOP-00072,60,LINE-RM-01,2026-08-06T07:00:00-06:00,2026-08-06T17:00:00-06:00,72,RACK_MANIFOLD,5,2,true,true,true,SLUSHY,CURRENT
TEN-COOLIT-SYN-001,SITE-COOLIT-SYN-01,ERP,OPERATION_SCHEDULE,OPSCH-6-00073,MESOP-00073,RESOLVED,2026-09-25T23:59:59-06:00,2026-09-26T08:00:00-06:00,2026-06-29T00:00:00-06:00,,6,OPSCH-5-00073,false,ACTIVE,,,VALID,CURRENT,coolit-synthetic-v2.0.0,ALL_SYNTHETIC_CUSTOMERS,ALL_SYNTHETIC_PROGRAMS,CFG-CPL-02,SYNTHETIC_INTERNAL,SNP-COOLIT-20260925-BL,SCN-BASELINE,OPSCH-6-00073,SCH-V6,WO-0013,MESOP-00073,10,CELL-ROBOT-01,2026-08-04T07:00:00-06:00,2026-08-04T17:00:00-06:00,73,COLDPLATE_LOOP,5,1,true,true,true,SLUSHY,CURRENT
TEN-COOLIT-SYN-001,SITE-COOLIT-SYN-01,ERP,OPERATION_SCHEDULE,OPSCH-6-00074,MESOP-00074,RESOLVED,2026-09-25T23:59:59-06:00,2026-09-26T08:00:00-06:00,2026-06-29T00:00:00-06:00,,6,OPSCH-5-00074,false,ACTIVE,,,VALID,CURRENT,coolit-synthetic-v2.0.0,ALL_SYNTHETIC_CUSTOMERS,ALL_SYNTHETIC_PROGRAMS,CFG-CPL-02,SYNTHETIC_INTERNAL,SNP-COOLIT-20260925-BL,SCN-BASELINE,OPSCH-6-00074,SCH-V6,WO-0013,MESOP-00074,20,LINE-CPL-01,2026-08-05T07:00:00-06:00,2026-08-05T17:00:00-06:00,74,COLDPLATE_LOOP,20,1,true,true,true,SLUSHY,CURRENT
TEN-COOLIT-SYN-001,SITE-COOLIT-SYN-01,ERP,OPERATION_SCHEDULE,OPSCH-6-00075,MESOP-00075,RESOLVED,2026-09-25T23:59:59-06:00,2026-09-26T08:00:00-06:00,2026-06-29T00:00:00-06:00,,6,OPSCH-5-00075,false,ACTIVE,,,VALID,CURRENT,coolit-synthetic-v2.0.0,ALL_SYNTHETIC_CUSTOMERS,ALL_SYNTHETIC_PROGRAMS,CFG-CPL-02,SYNTHETIC_INTERNAL,SNP-COOLIT-20260925-BL,SCN-BASELINE,OPSCH-6-00075,SCH-V6,WO-0013,MESOP-00075,30,TEST-LEAK-01,2026-08-06T07:00:00-06:00,2026-08-06T17:00:00-06:00,75,COLDPLATE_LOOP,5,1,true,true,true,SLUSHY,CURRENT
TEN-COOLIT-SYN-001,SITE-COOLIT-SYN-01,ERP,OPERATION_SCHEDULE,OPSCH-6-00076,MESOP-00076,RESOLVED,2026-09-25T23:59:59-06:00,2026-09-26T08:00:00-06:00,2026-06-29T00:00:00-06:00,,6,OPSCH-5-00076,false,ACTIVE,,,VALID,CURRENT,coolit-synthetic-v2.0.0,ALL_SYNTHETIC_CUSTOMERS,ALL_SYNTHETIC_PROGRAMS,CFG-CPL-02,SYNTHETIC_INTERNAL,SNP-COOLIT-20260925-BL,SCN-BASELINE,OPSCH-6-00076,SCH-V6,WO-0013,MESOP-00076,40,TEST-LEAK-01,2026-08-07T07:00:00-06:00,2026-08-07T17:00:00-06:00,76,COLDPLATE_LOOP,5,2,true,true,true,SLUSHY,CURRENT
TEN-COOLIT-SYN-001,SITE-COOLIT-SYN-01,ERP,OPERATION_SCHEDULE,OPSCH-6-00077,MESOP-00077,RESOLVED,2026-09-25T23:59:59-06:00,2026-09-26T08:00:00-06:00,2026-06-29T00:00:00-06:00,,6,OPSCH-5-00077,false,ACTIVE,,,VALID,CURRENT,coolit-synthetic-v2.0.0,ALL_SYNTHETIC_CUSTOMERS,ALL_SYNTHETIC_PROGRAMS,CFG-CPL-02,SYNTHETIC_INTERNAL,SNP-COOLIT-20260925-BL,SCN-BASELINE,OPSCH-6-00077,SCH-V6,WO-0013,MESOP-00077,50,TEST-FUNC-01,2026-08-08T07:00:00-06:00,2026-08-08T17:00:00-06:00,77,COLDPLATE_LOOP,5,2,true,true,true,SLUSHY,CURRENT
TEN-COOLIT-SYN-001,SITE-COOLIT-SYN-01,ERP,OPERATION_SCHEDULE,OPSCH-6-00078,MESOP-00078,RESOLVED,2026-09-25T23:59:59-06:00,2026-09-26T08:00:00-06:00,2026-06-29T00:00:00-06:00,,6,OPSCH-5-00078,false,ACTIVE,,,VALID,CURRENT,coolit-synthetic-v2.0.0,ALL_SYNTHETIC_CUSTOMERS,ALL_SYNTHETIC_PROGRAMS,CFG-CPL-02,SYNTHETIC_INTERNAL,SNP-COOLIT-20260925-BL,SCN-BASELINE,OPSCH-6-00078,SCH-V6,WO-0013,MESOP-00078,60,LINE-CPL-01,2026-08-09T07:00:00-06:00,2026-08-09T17:00:00-06:00,78,COLDPLATE_LOOP,5,2,true,true,true,SLUSHY,CURRENT
TEN-COOLIT-SYN-001,SITE-COOLIT-SYN-01,ERP,OPERATION_SCHEDULE,OPSCH-6-00079,MESOP-00079,RESOLVED,2026-09-25T23:59:59-06:00,2026-09-26T08:00:00-06:00,2026-06-29T00:00:00-06:00,,6,OPSCH-5-00079,false,ACTIVE,,,VALID,CURRENT,coolit-synthetic-v2.0.0,ALL_SYNTHETIC_CUSTOMERS,ALL_SYNTHETIC_PROGRAMS,CFG-CDU-01,SYNTHETIC_INTERNAL,SNP-COOLIT-20260925-BL,SCN-BASELINE,OPSCH-6-00079,SCH-V6,WO-0014,MESOP-00079,10,CELL-ROBOT-01,2026-08-07T07:00:00-06:00,2026-08-07T17:00:00-06:00,79,COOLANT_DISTRIBUTION_UNIT,5,1,true,true,true,SLUSHY,CURRENT
TEN-COOLIT-SYN-001,SITE-COOLIT-SYN-01,ERP,OPERATION_SCHEDULE,OPSCH-6-00080,MESOP-00080,RESOLVED,2026-09-25T23:59:59-06:00,2026-09-26T08:00:00-06:00,2026-06-29T00:00:00-06:00,,6,OPSCH-5-00080,false,ACTIVE,,,VALID,CURRENT,coolit-synthetic-v2.0.0,ALL_SYNTHETIC_CUSTOMERS,ALL_SYNTHETIC_PROGRAMS,CFG-CDU-01,SYNTHETIC_INTERNAL,SNP-COOLIT-20260925-BL,SCN-BASELINE,OPSCH-6-00080,SCH-V6,WO-0014,MESOP-00080,20,LINE-CDU-01,2026-08-08T07:00:00-06:00,2026-08-08T17:00:00-06:00,80,COOLANT_DISTRIBUTION_UNIT,20,1,true,true,true,SLUSHY,CURRENT
TEN-COOLIT-SYN-001,SITE-COOLIT-SYN-01,ERP,OPERATION_SCHEDULE,OPSCH-6-00081,MESOP-00081,RESOLVED,2026-09-25T23:59:59-06:00,2026-09-26T08:00:00-06:00,2026-06-29T00:00:00-06:00,,6,OPSCH-5-00081,false,ACTIVE,,,VALID,CURRENT,coolit-synthetic-v2.0.0,ALL_SYNTHETIC_CUSTOMERS,ALL_SYNTHETIC_PROGRAMS,CFG-CDU-01,SYNTHETIC_INTERNAL,SNP-COOLIT-20260925-BL,SCN-BASELINE,OPSCH-6-00081,SCH-V6,WO-0014,MESOP-00081,30,TEST-LEAK-01,2026-08-09T07:00:00-06:00,2026-08-09T17:00:00-06:00,81,COOLANT_DISTRIBUTION_UNIT,5,1,true,true,true,SLUSHY,CURRENT
TEN-COOLIT-SYN-001,SITE-COOLIT-SYN-01,ERP,OPERATION_SCHEDULE,OPSCH-6-00082,MESOP-00082,RESOLVED,2026-09-25T23:59:59-06:00,2026-09-26T08:00:00-06:00,2026-06-29T00:00:00-06:00,,6,OPSCH-5-00082,false,ACTIVE,,,VALID,CURRENT,coolit-synthetic-v2.0.0,ALL_SYNTHETIC_CUSTOMERS,ALL_SYNTHETIC_PROGRAMS,CFG-CDU-01,SYNTHETIC_INTERNAL,SNP-COOLIT-20260925-BL,SCN-BASELINE,OPSCH-6-00082,SCH-V6,WO-0014,MESOP-00082,40,TEST-LEAK-01,2026-08-10T07:00:00-06:00,2026-08-10T17:00:00-06:00,82,COOLANT_DISTRIBUTION_UNIT,5,2,true,true,true,SLUSHY,CURRENT
TEN-COOLIT-SYN-001,SITE-COOLIT-SYN-01,ERP,OPERATION_SCHEDULE,OPSCH-6-00083,MESOP-00083,RESOLVED,2026-09-25T23:59:59-06:00,2026-09-26T08:00:00-06:00,2026-06-29T00:00:00-06:00,,6,OPSCH-5-00083,false,ACTIVE,,,VALID,CURRENT,coolit-synthetic-v2.0.0,ALL_SYNTHETIC_CUSTOMERS,ALL_SYNTHETIC_PROGRAMS,CFG-CDU-01,SYNTHETIC_INTERNAL,SNP-COOLIT-20260925-BL,SCN-BASELINE,OPSCH-6-00083,SCH-V6,WO-0014,MESOP-00083,50,TEST-FUNC-01,2026-08-11T07:00:00-06:00,2026-08-11T17:00:00-06:00,83,COOLANT_DISTRIBUTION_UNIT,5,2,true,true,true,SLUSHY,CURRENT
TEN-COOLIT-SYN-001,SITE-COOLIT-SYN-01,ERP,OPERATION_SCHEDULE,OPSCH-6-00084,MESOP-00084,RESOLVED,2026-09-25T23:59:59-06:00,2026-09-26T08:00:00-06:00,2026-06-29T00:00:00-06:00,,6,OPSCH-5-00084,false,ACTIVE,,,VALID,CURRENT,coolit-synthetic-v2.0.0,ALL_SYNTHETIC_CUSTOMERS,ALL_SYNTHETIC_PROGRAMS,CFG-CDU-01,SYNTHETIC_INTERNAL,SNP-COOLIT-20260925-BL,SCN-BASELINE,OPSCH-6-00084,SCH-V6,WO-0014,MESOP-00084,60,LINE-CDU-01,2026-08-12T07:00:00-06:00,2026-08-12T17:00:00-06:00,84,COOLANT_DISTRIBUTION_UNIT,5,2,true,true,true,SLUSHY,CURRENT
TEN-COOLIT-SYN-001,SITE-COOLIT-SYN-01,ERP,OPERATION_SCHEDULE,OPSCH-6-00085,MESOP-00085,RESOLVED,2026-09-25T23:59:59-06:00,2026-09-26T08:00:00-06:00,2026-06-29T00:00:00-06:00,,6,OPSCH-5-00085,false,ACTIVE,,,VALID,CURRENT,coolit-synthetic-v2.0.0,ALL_SYNTHETIC_CUSTOMERS,ALL_SYNTHETIC_PROGRAMS,CFG-CPL-04,SYNTHETIC_INTERNAL,SNP-COOLIT-20260925-BL,SCN-BASELINE,OPSCH-6-00085,SCH-V6,WO-0015,MESOP-00085,10,CELL-ROBOT-01,2026-08-10T07:00:00-06:00,2026-08-10T17:00:00-06:00,85,COLDPLATE_LOOP,5,1,true,true,true,SLUSHY,CURRENT
TEN-COOLIT-SYN-001,SITE-COOLIT-SYN-01,ERP,OPERATION_SCHEDULE,OPSCH-6-00086,MESOP-00086,RESOLVED,2026-09-25T23:59:59-06:00,2026-09-26T08:00:00-06:00,2026-06-29T00:00:00-06:00,,6,OPSCH-5-00086,false,ACTIVE,,,VALID,CURRENT,coolit-synthetic-v2.0.0,ALL_SYNTHETIC_CUSTOMERS,ALL_SYNTHETIC_PROGRAMS,CFG-CPL-04,SYNTHETIC_INTERNAL,SNP-COOLIT-20260925-BL,SCN-BASELINE,OPSCH-6-00086,SCH-V6,WO-0015,MESOP-00086,20,LINE-CPL-01,2026-08-11T07:00:00-06:00,2026-08-11T17:00:00-06:00,86,COLDPLATE_LOOP,20,1,true,true,true,SLUSHY,CURRENT
TEN-COOLIT-SYN-001,SITE-COOLIT-SYN-01,ERP,OPERATION_SCHEDULE,OPSCH-6-00087,MESOP-00087,RESOLVED,2026-09-25T23:59:59-06:00,2026-09-26T08:00:00-06:00,2026-06-29T00:00:00-06:00,,6,OPSCH-5-00087,false,ACTIVE,,,VALID,CURRENT,coolit-synthetic-v2.0.0,ALL_SYNTHETIC_CUSTOMERS,ALL_SYNTHETIC_PROGRAMS,CFG-CPL-04,SYNTHETIC_INTERNAL,SNP-COOLIT-20260925-BL,SCN-BASELINE,OPSCH-6-00087,SCH-V6,WO-0015,MESOP-00087,30,TEST-LEAK-01,2026-08-12T07:00:00-06:00,2026-08-12T17:00:00-06:00,87,COLDPLATE_LOOP,5,1,true,true,true,SLUSHY,CURRENT
TEN-COOLIT-SYN-001,SITE-COOLIT-SYN-01,ERP,OPERATION_SCHEDULE,OPSCH-6-00088,MESOP-00088,RESOLVED,2026-09-25T23:59:59-06:00,2026-09-26T08:00:00-06:00,2026-06-29T00:00:00-06:00,,6,OPSCH-5-00088,false,ACTIVE,,,VALID,CURRENT,coolit-synthetic-v2.0.0,ALL_SYNTHETIC_CUSTOMERS,ALL_SYNTHETIC_PROGRAMS,CFG-CPL-04,SYNTHETIC_INTERNAL,SNP-COOLIT-20260925-BL,SCN-BASELINE,OPSCH-6-00088,SCH-V6,WO-0015,MESOP-00088,40,TEST-LEAK-01,2026-08-13T07:00:00-06:00,2026-08-13T17:00:00-06:00,88,COLDPLATE_LOOP,5,2,false,true,true,SLUSHY,CURRENT
TEN-COOLIT-SYN-001,SITE-COOLIT-SYN-01,ERP,OPERATION_SCHEDULE,OPSCH-6-00089,MESOP-00089,RESOLVED,2026-09-25T23:59:59-06:00,2026-09-26T08:00:00-06:00,2026-06-29T00:00:00-06:00,,6,OPSCH-5-00089,false,ACTIVE,,,VALID,CURRENT,coolit-synthetic-v2.0.0,ALL_SYNTHETIC_CUSTOMERS,ALL_SYNTHETIC_PROGRAMS,CFG-CPL-04,SYNTHETIC_INTERNAL,SNP-COOLIT-20260925-BL,SCN-BASELINE,OPSCH-6-00089,SCH-V6,WO-0015,MESOP-00089,50,TEST-FUNC-01,2026-08-14T07:00:00-06:00,2026-08-14T17:00:00-06:00,89,COLDPLATE_LOOP,5,2,true,true,true,SLUSHY,CURRENT
TEN-COOLIT-SYN-001,SITE-COOLIT-SYN-01,ERP,OPERATION_SCHEDULE,OPSCH-6-00090,MESOP-00090,RESOLVED,2026-09-25T23:59:59-06:00,2026-09-26T08:00:00-06:00,2026-06-29T00:00:00-06:00,,6,OPSCH-5-00090,false,ACTIVE,,,VALID,CURRENT,coolit-synthetic-v2.0.0,ALL_SYNTHETIC_CUSTOMERS,ALL_SYNTHETIC_PROGRAMS,CFG-CPL-04,SYNTHETIC_INTERNAL,SNP-COOLIT-20260925-BL,SCN-BASELINE,OPSCH-6-00090,SCH-V6,WO-0015,MESOP-00090,60,LINE-CPL-01,2026-08-15T07:00:00-06:00,2026-08-15T17:00:00-06:00,90,COLDPLATE_LOOP,5,2,true,true,true,SLUSHY,CURRENT
TEN-COOLIT-SYN-001,SITE-COOLIT-SYN-01,ERP,OPERATION_SCHEDULE,OPSCH-6-00091,MESOP-00091,RESOLVED,2026-09-25T23:59:59-06:00,2026-09-26T08:00:00-06:00,2026-06-29T00:00:00-06:00,,6,OPSCH-5-00091,false,ACTIVE,,,VALID,CURRENT,coolit-synthetic-v2.0.0,ALL_SYNTHETIC_CUSTOMERS,ALL_SYNTHETIC_PROGRAMS,CFG-CDU-03,SYNTHETIC_INTERNAL,SNP-COOLIT-20260925-BL,SCN-BASELINE,OPSCH-6-00091,SCH-V6,WO-0016,MESOP-00091,10,CELL-ROBOT-01,2026-08-13T07:00:00-06:00,2026-08-13T17:00:00-06:00,91,COOLANT_DISTRIBUTION_UNIT,5,1,true,true,true,SLUSHY,CURRENT
TEN-COOLIT-SYN-001,SITE-COOLIT-SYN-01,ERP,OPERATION_SCHEDULE,OPSCH-6-00092,MESOP-00092,RESOLVED,2026-09-25T23:59:59-06:00,2026-09-26T08:00:00-06:00,2026-06-29T00:00:00-06:00,,6,OPSCH-5-00092,false,ACTIVE,,,VALID,CURRENT,coolit-synthetic-v2.0.0,ALL_SYNTHETIC_CUSTOMERS,ALL_SYNTHETIC_PROGRAMS,CFG-CDU-03,SYNTHETIC_INTERNAL,SNP-COOLIT-20260925-BL,SCN-BASELINE,OPSCH-6-00092,SCH-V6,WO-0016,MESOP-00092,20,LINE-CDU-01,2026-08-14T07:00:00-06:00,2026-08-14T17:00:00-06:00,92,COOLANT_DISTRIBUTION_UNIT,20,1,true,true,true,SLUSHY,CURRENT
TEN-COOLIT-SYN-001,SITE-COOLIT-SYN-01,ERP,OPERATION_SCHEDULE,OPSCH-6-00093,MESOP-00093,RESOLVED,2026-09-25T23:59:59-06:00,2026-09-26T08:00:00-06:00,2026-06-29T00:00:00-06:00,,6,OPSCH-5-00093,false,ACTIVE,,,VALID,CURRENT,coolit-synthetic-v2.0.0,ALL_SYNTHETIC_CUSTOMERS,ALL_SYNTHETIC_PROGRAMS,CFG-CDU-03,SYNTHETIC_INTERNAL,SNP-COOLIT-20260925-BL,SCN-BASELINE,OPSCH-6-00093,SCH-V6,WO-0016,MESOP-00093,30,TEST-LEAK-01,2026-08-15T07:00:00-06:00,2026-08-15T17:00:00-06:00,93,COOLANT_DISTRIBUTION_UNIT,5,1,true,true,true,SLUSHY,CURRENT
TEN-COOLIT-SYN-001,SITE-COOLIT-SYN-01,ERP,OPERATION_SCHEDULE,OPSCH-6-00094,MESOP-00094,RESOLVED,2026-09-25T23:59:59-06:00,2026-09-26T08:00:00-06:00,2026-06-29T00:00:00-06:00,,6,OPSCH-5-00094,false,ACTIVE,,,VALID,CURRENT,coolit-synthetic-v2.0.0,ALL_SYNTHETIC_CUSTOMERS,ALL_SYNTHETIC_PROGRAMS,CFG-CDU-03,SYNTHETIC_INTERNAL,SNP-COOLIT-20260925-BL,SCN-BASELINE,OPSCH-6-00094,SCH-V6,WO-0016,MESOP-00094,40,TEST-LEAK-01,2026-08-16T07:00:00-06:00,2026-08-16T17:00:00-06:00,94,COOLANT_DISTRIBUTION_UNIT,5,2,true,false,true,SLUSHY,CURRENT
TEN-COOLIT-SYN-001,SITE-COOLIT-SYN-01,ERP,OPERATION_SCHEDULE,OPSCH-6-00095,MESOP-00095,RESOLVED,2026-09-25T23:59:59-06:00,2026-09-26T08:00:00-06:00,2026-06-29T00:00:00-06:00,,6,OPSCH-5-00095,false,ACTIVE,,,VALID,CURRENT,coolit-synthetic-v2.0.0,ALL_SYNTHETIC_CUSTOMERS,ALL_SYNTHETIC_PROGRAMS,CFG-CDU-03,SYNTHETIC_INTERNAL,SNP-COOLIT-20260925-BL,SCN-BASELINE,OPSCH-6-00095,SCH-V6,WO-0016,MESOP-00095,50,TEST-FUNC-01,2026-08-17T07:00:00-06:00,2026-08-17T17:00:00-06:00,95,COOLANT_DISTRIBUTION_UNIT,5,2,true,true,true,SLUSHY,CURRENT
TEN-COOLIT-SYN-001,SITE-COOLIT-SYN-01,ERP,OPERATION_SCHEDULE,OPSCH-6-00096,MESOP-00096,RESOLVED,2026-09-25T23:59:59-06:00,2026-09-26T08:00:00-06:00,2026-06-29T00:00:00-06:00,,6,OPSCH-5-00096,false,ACTIVE,,,VALID,CURRENT,coolit-synthetic-v2.0.0,ALL_SYNTHETIC_CUSTOMERS,ALL_SYNTHETIC_PROGRAMS,CFG-CDU-03,SYNTHETIC_INTERNAL,SNP-COOLIT-20260925-BL,SCN-BASELINE,OPSCH-6-00096,SCH-V6,WO-0016,MESOP-00096,60,LINE-CDU-01,2026-08-18T07:00:00-06:00,2026-08-18T17:00:00-06:00,96,COOLANT_DISTRIBUTION_UNIT,5,2,true,true,true,SLUSHY,CURRENT
TEN-COOLIT-SYN-001,SITE-COOLIT-SYN-01,ERP,OPERATION_SCHEDULE,OPSCH-6-00097,MESOP-00097,RESOLVED,2026-09-25T23:59:59-06:00,2026-09-26T08:00:00-06:00,2026-06-29T00:00:00-06:00,,6,OPSCH-5-00097,false,ACTIVE,,,VALID,CURRENT,coolit-synthetic-v2.0.0,ALL_SYNTHETIC_CUSTOMERS,ALL_SYNTHETIC_PROGRAMS,CFG-RM-02,SYNTHETIC_INTERNAL,SNP-COOLIT-20260925-BL,SCN-BASELINE,OPSCH-6-00097,SCH-V6,WO-0017,MESOP-00097,10,CELL-ROBOT-01,2026-08-16T07:00:00-06:00,2026-08-16T17:00:00-06:00,97,RACK_MANIFOLD,5,1,true,true,true,SLUSHY,CURRENT
TEN-COOLIT-SYN-001,SITE-COOLIT-SYN-01,ERP,OPERATION_SCHEDULE,OPSCH-6-00098,MESOP-00098,RESOLVED,2026-09-25T23:59:59-06:00,2026-09-26T08:00:00-06:00,2026-06-29T00:00:00-06:00,,6,OPSCH-5-00098,false,ACTIVE,,,VALID,CURRENT,coolit-synthetic-v2.0.0,ALL_SYNTHETIC_CUSTOMERS,ALL_SYNTHETIC_PROGRAMS,CFG-RM-02,SYNTHETIC_INTERNAL,SNP-COOLIT-20260925-BL,SCN-BASELINE,OPSCH-6-00098,SCH-V6,WO-0017,MESOP-00098,20,LINE-RM-01,2026-08-17T07:00:00-06:00,2026-08-17T17:00:00-06:00,98,RACK_MANIFOLD,20,1,true,true,true,SLUSHY,CURRENT
TEN-COOLIT-SYN-001,SITE-COOLIT-SYN-01,ERP,OPERATION_SCHEDULE,OPSCH-6-00099,MESOP-00099,RESOLVED,2026-09-25T23:59:59-06:00,2026-09-26T08:00:00-06:00,2026-06-29T00:00:00-06:00,,6,OPSCH-5-00099,false,ACTIVE,,,VALID,CURRENT,coolit-synthetic-v2.0.0,ALL_SYNTHETIC_CUSTOMERS,ALL_SYNTHETIC_PROGRAMS,CFG-RM-02,SYNTHETIC_INTERNAL,SNP-COOLIT-20260925-BL,SCN-BASELINE,OPSCH-6-00099,SCH-V6,WO-0017,MESOP-00099,30,TEST-LEAK-01,2026-08-18T07:00:00-06:00,2026-08-18T17:00:00-06:00,99,RACK_MANIFOLD,5,1,true,true,true,SLUSHY,CURRENT
TEN-COOLIT-SYN-001,SITE-COOLIT-SYN-01,ERP,OPERATION_SCHEDULE,OPSCH-6-00100,MESOP-00100,RESOLVED,2026-09-25T23:59:59-06:00,2026-09-26T08:00:00-06:00,2026-06-29T00:00:00-06:00,,6,OPSCH-5-00100,false,ACTIVE,,,VALID,CURRENT,coolit-synthetic-v2.0.0,ALL_SYNTHETIC_CUSTOMERS,ALL_SYNTHETIC_PROGRAMS,CFG-RM-02,SYNTHETIC_INTERNAL,SNP-COOLIT-20260925-BL,SCN-BASELINE,OPSCH-6-00100,SCH-V6,WO-0017,MESOP-00100,40,TEST-LEAK-01,2026-08-19T07:00:00-06:00,2026-08-19T17:00:00-06:00,100,RACK_MANIFOLD,5,2,true,true,true,SLUSHY,CURRENT
TEN-COOLIT-SYN-001,SITE-COOLIT-SYN-01,ERP,OPERATION_SCHEDULE,OPSCH-6-00101,MESOP-00101,RESOLVED,2026-09-25T23:59:59-06:00,2026-09-26T08:00:00-06:00,2026-06-29T00:00:00-06:00,,6,OPSCH-5-00101,false,ACTIVE,,,VALID,CURRENT,coolit-synthetic-v2.0.0,ALL_SYNTHETIC_CUSTOMERS,ALL_SYNTHETIC_PROGRAMS,CFG-RM-02,SYNTHETIC_INTERNAL,SNP-COOLIT-20260925-BL,SCN-BASELINE,OPSCH-6-00101,SCH-V6,WO-0017,MESOP-00101,50,TEST-FUNC-01,2026-08-20T07:00:00-06:00,2026-08-20T17:00:00-06:00,101,RACK_MANIFOLD,5,2,true,true,true,OPEN,CURRENT
TEN-COOLIT-SYN-001,SITE-COOLIT-SYN-01,ERP,OPERATION_SCHEDULE,OPSCH-6-00102,MESOP-00102,RESOLVED,2026-09-25T23:59:59-06:00,2026-09-26T08:00:00-06:00,2026-06-29T00:00:00-06:00,,6,OPSCH-5-00102,false,ACTIVE,,,VALID,CURRENT,coolit-synthetic-v2.0.0,ALL_SYNTHETIC_CUSTOMERS,ALL_SYNTHETIC_PROGRAMS,CFG-RM-02,SYNTHETIC_INTERNAL,SNP-COOLIT-20260925-BL,SCN-BASELINE,OPSCH-6-00102,SCH-V6,WO-0017,MESOP-00102,60,LINE-RM-01,2026-08-21T07:00:00-06:00,2026-08-21T17:00:00-06:00,102,RACK_MANIFOLD,5,2,true,true,true,OPEN,CURRENT
TEN-COOLIT-SYN-001,SITE-COOLIT-SYN-01,ERP,OPERATION_SCHEDULE,OPSCH-6-00103,MESOP-00103,RESOLVED,2026-09-25T23:59:59-06:00,2026-09-26T08:00:00-06:00,2026-06-29T00:00:00-06:00,,6,OPSCH-5-00103,false,ACTIVE,,,VALID,CURRENT,coolit-synthetic-v2.0.0,ALL_SYNTHETIC_CUSTOMERS,ALL_SYNTHETIC_PROGRAMS,CFG-CPL-01,SYNTHETIC_INTERNAL,SNP-COOLIT-20260925-BL,SCN-BASELINE,OPSCH-6-00103,SCH-V6,WO-0018,MESOP-00103,10,CELL-ROBOT-01,2026-08-19T07:00:00-06:00,2026-08-19T17:00:00-06:00,103,COLDPLATE_LOOP,5,1,true,true,true,OPEN,CURRENT
TEN-COOLIT-SYN-001,SITE-COOLIT-SYN-01,ERP,OPERATION_SCHEDULE,OPSCH-6-00104,MESOP-00104,RESOLVED,2026-09-25T23:59:59-06:00,2026-09-26T08:00:00-06:00,2026-06-29T00:00:00-06:00,,6,OPSCH-5-00104,false,ACTIVE,,,VALID,CURRENT,coolit-synthetic-v2.0.0,ALL_SYNTHETIC_CUSTOMERS,ALL_SYNTHETIC_PROGRAMS,CFG-CPL-01,SYNTHETIC_INTERNAL,SNP-COOLIT-20260925-BL,SCN-BASELINE,OPSCH-6-00104,SCH-V6,WO-0018,MESOP-00104,20,LINE-CPL-01,2026-08-20T07:00:00-06:00,2026-08-20T17:00:00-06:00,104,COLDPLATE_LOOP,20,1,true,true,true,OPEN,CURRENT
TEN-COOLIT-SYN-001,SITE-COOLIT-SYN-01,ERP,OPERATION_SCHEDULE,OPSCH-6-00105,MESOP-00105,RESOLVED,2026-09-25T23:59:59-06:00,2026-09-26T08:00:00-06:00,2026-06-29T00:00:00-06:00,,6,OPSCH-5-00105,false,ACTIVE,,,VALID,CURRENT,coolit-synthetic-v2.0.0,ALL_SYNTHETIC_CUSTOMERS,ALL_SYNTHETIC_PROGRAMS,CFG-CPL-01,SYNTHETIC_INTERNAL,SNP-COOLIT-20260925-BL,SCN-BASELINE,OPSCH-6-00105,SCH-V6,WO-0018,MESOP-00105,30,TEST-LEAK-01,2026-08-21T07:00:00-06:00,2026-08-21T17:00:00-06:00,105,COLDPLATE_LOOP,5,1,true,true,true,OPEN,CURRENT
TEN-COOLIT-SYN-001,SITE-COOLIT-SYN-01,ERP,OPERATION_SCHEDULE,OPSCH-6-00106,MESOP-00106,RESOLVED,2026-09-25T23:59:59-06:00,2026-09-26T08:00:00-06:00,2026-06-29T00:00:00-06:00,,6,OPSCH-5-00106,false,ACTIVE,,,VALID,CURRENT,coolit-synthetic-v2.0.0,ALL_SYNTHETIC_CUSTOMERS,ALL_SYNTHETIC_PROGRAMS,CFG-CPL-01,SYNTHETIC_INTERNAL,SNP-COOLIT-20260925-BL,SCN-BASELINE,OPSCH-6-00106,SCH-V6,WO-0018,MESOP-00106,40,TEST-LEAK-01,2026-08-22T07:00:00-06:00,2026-08-22T17:00:00-06:00,106,COLDPLATE_LOOP,5,2,true,true,true,OPEN,CURRENT
TEN-COOLIT-SYN-001,SITE-COOLIT-SYN-01,ERP,OPERATION_SCHEDULE,OPSCH-6-00107,MESOP-00107,RESOLVED,2026-09-25T23:59:59-06:00,2026-09-26T08:00:00-06:00,2026-06-29T00:00:00-06:00,,6,OPSCH-5-00107,false,ACTIVE,,,VALID,CURRENT,coolit-synthetic-v2.0.0,ALL_SYNTHETIC_CUSTOMERS,ALL_SYNTHETIC_PROGRAMS,CFG-CPL-01,SYNTHETIC_INTERNAL,SNP-COOLIT-20260925-BL,SCN-BASELINE,OPSCH-6-00107,SCH-V6,WO-0018,MESOP-00107,50,TEST-FUNC-01,2026-08-23T07:00:00-06:00,2026-08-23T17:00:00-06:00,107,COLDPLATE_LOOP,5,2,true,true,true,OPEN,CURRENT
TEN-COOLIT-SYN-001,SITE-COOLIT-SYN-01,ERP,OPERATION_SCHEDULE,OPSCH-6-00108,MESOP-00108,RESOLVED,2026-09-25T23:59:59-06:00,2026-09-26T08:00:00-06:00,2026-06-29T00:00:00-06:00,,6,OPSCH-5-00108,false,ACTIVE,,,VALID,CURRENT,coolit-synthetic-v2.0.0,ALL_SYNTHETIC_CUSTOMERS,ALL_SYNTHETIC_PROGRAMS,CFG-CPL-01,SYNTHETIC_INTERNAL,SNP-COOLIT-20260925-BL,SCN-BASELINE,OPSCH-6-00108,SCH-V6,WO-0018,MESOP-00108,60,LINE-CPL-01,2026-08-24T07:00:00-06:00,2026-08-24T17:00:00-06:00,108,COLDPLATE_LOOP,5,2,true,true,true,OPEN,CURRENT
TEN-COOLIT-SYN-001,SITE-COOLIT-SYN-01,ERP,OPERATION_SCHEDULE,OPSCH-6-00109,MESOP-00109,RESOLVED,2026-09-25T23:59:59-06:00,2026-09-26T08:00:00-06:00,2026-06-29T00:00:00-06:00,,6,OPSCH-5-00109,false,ACTIVE,,,VALID,CURRENT,coolit-synthetic-v2.0.0,ALL_SYNTHETIC_CUSTOMERS,ALL_SYNTHETIC_PROGRAMS,CFG-RM-04,SYNTHETIC_INTERNAL,SNP-COOLIT-20260925-BL,SCN-BASELINE,OPSCH-6-00109,SCH-V6,WO-0019,MESOP-00109,10,CELL-ROBOT-01,2026-08-22T07:00:00-06:00,2026-08-22T17:00:00-06:00,109,RACK_MANIFOLD,5,1,true,true,true,OPEN,CURRENT
TEN-COOLIT-SYN-001,SITE-COOLIT-SYN-01,ERP,OPERATION_SCHEDULE,OPSCH-6-00110,MESOP-00110,RESOLVED,2026-09-25T23:59:59-06:00,2026-09-26T08:00:00-06:00,2026-06-29T00:00:00-06:00,,6,OPSCH-5-00110,false,ACTIVE,,,VALID,CURRENT,coolit-synthetic-v2.0.0,ALL_SYNTHETIC_CUSTOMERS,ALL_SYNTHETIC_PROGRAMS,CFG-RM-04,SYNTHETIC_INTERNAL,SNP-COOLIT-20260925-BL,SCN-BASELINE,OPSCH-6-00110,SCH-V6,WO-0019,MESOP-00110,20,LINE-RM-01,2026-08-23T07:00:00-06:00,2026-08-23T17:00:00-06:00,110,RACK_MANIFOLD,20,1,true,true,true,OPEN,CURRENT
TEN-COOLIT-SYN-001,SITE-COOLIT-SYN-01,ERP,OPERATION_SCHEDULE,OPSCH-6-00111,MESOP-00111,RESOLVED,2026-09-25T23:59:59-06:00,2026-09-26T08:00:00-06:00,2026-06-29T00:00:00-06:00,,6,OPSCH-5-00111,false,ACTIVE,,,VALID,CURRENT,coolit-synthetic-v2.0.0,ALL_SYNTHETIC_CUSTOMERS,ALL_SYNTHETIC_PROGRAMS,CFG-RM-04,SYNTHETIC_INTERNAL,SNP-COOLIT-20260925-BL,SCN-BASELINE,OPSCH-6-00111,SCH-V6,WO-0019,MESOP-00111,30,TEST-LEAK-01,2026-08-24T07:00:00-06:00,2026-08-24T17:00:00-06:00,111,RACK_MANIFOLD,5,1,true,true,true,OPEN,CURRENT
TEN-COOLIT-SYN-001,SITE-COOLIT-SYN-01,ERP,OPERATION_SCHEDULE,OPSCH-6-00112,MESOP-00112,RESOLVED,2026-09-25T23:59:59-06:00,2026-09-26T08:00:00-06:00,2026-06-29T00:00:00-06:00,,6,OPSCH-5-00112,false,ACTIVE,,,VALID,CURRENT,coolit-synthetic-v2.0.0,ALL_SYNTHETIC_CUSTOMERS,ALL_SYNTHETIC_PROGRAMS,CFG-RM-04,SYNTHETIC_INTERNAL,SNP-COOLIT-20260925-BL,SCN-BASELINE,OPSCH-6-00112,SCH-V6,WO-0019,MESOP-00112,40,TEST-LEAK-01,2026-08-25T07:00:00-06:00,2026-08-25T17:00:00-06:00,112,RACK_MANIFOLD,5,2,true,true,false,OPEN,CURRENT
TEN-COOLIT-SYN-001,SITE-COOLIT-SYN-01,ERP,OPERATION_SCHEDULE,OPSCH-6-00113,MESOP-00113,RESOLVED,2026-09-25T23:59:59-06:00,2026-09-26T08:00:00-06:00,2026-06-29T00:00:00-06:00,,6,OPSCH-5-00113,false,ACTIVE,,,VALID,CURRENT,coolit-synthetic-v2.0.0,ALL_SYNTHETIC_CUSTOMERS,ALL_SYNTHETIC_PROGRAMS,CFG-RM-04,SYNTHETIC_INTERNAL,SNP-COOLIT-20260925-BL,SCN-BASELINE,OPSCH-6-00113,SCH-V6,WO-0019,MESOP-00113,50,TEST-FUNC-01,2026-08-26T07:00:00-06:00,2026-08-26T17:00:00-06:00,113,RACK_MANIFOLD,5,2,true,true,true,OPEN,CURRENT
TEN-COOLIT-SYN-001,SITE-COOLIT-SYN-01,ERP,OPERATION_SCHEDULE,OPSCH-6-00114,MESOP-00114,RESOLVED,2026-09-25T23:59:59-06:00,2026-09-26T08:00:00-06:00,2026-06-29T00:00:00-06:00,,6,OPSCH-5-00114,false,ACTIVE,,,VALID,CURRENT,coolit-synthetic-v2.0.0,ALL_SYNTHETIC_CUSTOMERS,ALL_SYNTHETIC_PROGRAMS,CFG-RM-04,SYNTHETIC_INTERNAL,SNP-COOLIT-20260925-BL,SCN-BASELINE,OPSCH-6-00114,SCH-V6,WO-0019,MESOP-00114,60,LINE-RM-01,2026-08-27T07:00:00-06:00,2026-08-27T17:00:00-06:00,114,RACK_MANIFOLD,5,2,true,true,true,OPEN,CURRENT
TEN-COOLIT-SYN-001,SITE-COOLIT-SYN-01,ERP,OPERATION_SCHEDULE,OPSCH-6-00115,MESOP-00115,RESOLVED,2026-09-25T23:59:59-06:00,2026-09-26T08:00:00-06:00,2026-06-29T00:00:00-06:00,,6,OPSCH-5-00115,false,ACTIVE,,,VALID,CURRENT,coolit-synthetic-v2.0.0,ALL_SYNTHETIC_CUSTOMERS,ALL_SYNTHETIC_PROGRAMS,CFG-CPL-03,SYNTHETIC_INTERNAL,SNP-COOLIT-20260925-BL,SCN-BASELINE,OPSCH-6-00115,SCH-V6,WO-0020,MESOP-00115,10,CELL-ROBOT-01,2026-08-25T07:00:00-06:00,2026-08-25T17:00:00-06:00,115,COLDPLATE_LOOP,5,1,true,true,true,OPEN,CURRENT
TEN-COOLIT-SYN-001,SITE-COOLIT-SYN-01,ERP,OPERATION_SCHEDULE,OPSCH-6-00116,MESOP-00116,RESOLVED,2026-09-25T23:59:59-06:00,2026-09-26T08:00:00-06:00,2026-06-29T00:00:00-06:00,,6,OPSCH-5-00116,false,ACTIVE,,,VALID,CURRENT,coolit-synthetic-v2.0.0,ALL_SYNTHETIC_CUSTOMERS,ALL_SYNTHETIC_PROGRAMS,CFG-CPL-03,SYNTHETIC_INTERNAL,SNP-COOLIT-20260925-BL,SCN-BASELINE,OPSCH-6-00116,SCH-V6,WO-0020,MESOP-00116,20,LINE-CPL-01,2026-08-26T07:00:00-06:00,2026-08-26T17:00:00-06:00,116,COLDPLATE_LOOP,20,1,true,true,true,OPEN,CURRENT
TEN-COOLIT-SYN-001,SITE-COOLIT-SYN-01,ERP,OPERATION_SCHEDULE,OPSCH-6-00117,MESOP-00117,RESOLVED,2026-09-25T23:59:59-06:00,2026-09-26T08:00:00-06:00,2026-06-29T00:00:00-06:00,,6,OPSCH-5-00117,false,ACTIVE,,,VALID,CURRENT,coolit-synthetic-v2.0.0,ALL_SYNTHETIC_CUSTOMERS,ALL_SYNTHETIC_PROGRAMS,CFG-CPL-03,SYNTHETIC_INTERNAL,SNP-COOLIT-20260925-BL,SCN-BASELINE,OPSCH-6-00117,SCH-V6,WO-0020,MESOP-00117,30,TEST-LEAK-01,2026-08-27T07:00:00-06:00,2026-08-27T17:00:00-06:00,117,COLDPLATE_LOOP,5,1,false,true,true,OPEN,CURRENT
TEN-COOLIT-SYN-001,SITE-COOLIT-SYN-01,ERP,OPERATION_SCHEDULE,OPSCH-6-00118,MESOP-00118,RESOLVED,2026-09-25T23:59:59-06:00,2026-09-26T08:00:00-06:00,2026-06-29T00:00:00-06:00,,6,OPSCH-5-00118,false,ACTIVE,,,VALID,CURRENT,coolit-synthetic-v2.0.0,ALL_SYNTHETIC_CUSTOMERS,ALL_SYNTHETIC_PROGRAMS,CFG-CPL-03,SYNTHETIC_INTERNAL,SNP-COOLIT-20260925-BL,SCN-BASELINE,OPSCH-6-00118,SCH-V6,WO-0020,MESOP-00118,40,TEST-LEAK-01,2026-08-28T07:00:00-06:00,2026-08-28T17:00:00-06:00,118,COLDPLATE_LOOP,5,2,true,true,true,OPEN,CURRENT
TEN-COOLIT-SYN-001,SITE-COOLIT-SYN-01,ERP,OPERATION_SCHEDULE,OPSCH-6-00119,MESOP-00119,RESOLVED,2026-09-25T23:59:59-06:00,2026-09-26T08:00:00-06:00,2026-06-29T00:00:00-06:00,,6,OPSCH-5-00119,false,ACTIVE,,,VALID,CURRENT,coolit-synthetic-v2.0.0,ALL_SYNTHETIC_CUSTOMERS,ALL_SYNTHETIC_PROGRAMS,CFG-CPL-03,SYNTHETIC_INTERNAL,SNP-COOLIT-20260925-BL,SCN-BASELINE,OPSCH-6-00119,SCH-V6,WO-0020,MESOP-00119,50,TEST-FUNC-01,2026-08-29T07:00:00-06:00,2026-08-29T17:00:00-06:00,119,COLDPLATE_LOOP,5,2,true,true,true,OPEN,CURRENT
TEN-COOLIT-SYN-001,SITE-COOLIT-SYN-01,ERP,OPERATION_SCHEDULE,OPSCH-6-00120,MESOP-00120,RESOLVED,2026-09-25T23:59:59-06:00,2026-09-26T08:00:00-06:00,2026-06-29T00:00:00-06:00,,6,OPSCH-5-00120,false,ACTIVE,,,VALID,CURRENT,coolit-synthetic-v2.0.0,ALL_SYNTHETIC_CUSTOMERS,ALL_SYNTHETIC_PROGRAMS,CFG-CPL-03,SYNTHETIC_INTERNAL,SNP-COOLIT-20260925-BL,SCN-BASELINE,OPSCH-6-00120,SCH-V6,WO-0020,MESOP-00120,60,LINE-CPL-01,2026-08-30T07:00:00-06:00,2026-08-30T17:00:00-06:00,120,COLDPLATE_LOOP,5,2,true,true,true,OPEN,CURRENT
TEN-COOLIT-SYN-001,SITE-COOLIT-SYN-01,ERP,OPERATION_SCHEDULE,OPSCH-6-00121,MESOP-00121,RESOLVED,2026-09-25T23:59:59-06:00,2026-09-26T08:00:00-06:00,2026-06-29T00:00:00-06:00,,6,OPSCH-5-00121,false,ACTIVE,,,VALID,CURRENT,coolit-synthetic-v2.0.0,ALL_SYNTHETIC_CUSTOMERS,ALL_SYNTHETIC_PROGRAMS,CFG-CDU-02,SYNTHETIC_INTERNAL,SNP-COOLIT-20260925-BL,SCN-BASELINE,OPSCH-6-00121,SCH-V6,WO-0021,MESOP-00121,10,CELL-ROBOT-01,2026-08-28T07:00:00-06:00,2026-08-28T17:00:00-06:00,121,COOLANT_DISTRIBUTION_UNIT,5,1,true,true,true,OPEN,CURRENT
TEN-COOLIT-SYN-001,SITE-COOLIT-SYN-01,ERP,OPERATION_SCHEDULE,OPSCH-6-00122,MESOP-00122,RESOLVED,2026-09-25T23:59:59-06:00,2026-09-26T08:00:00-06:00,2026-06-29T00:00:00-06:00,,6,OPSCH-5-00122,false,ACTIVE,,,VALID,CURRENT,coolit-synthetic-v2.0.0,ALL_SYNTHETIC_CUSTOMERS,ALL_SYNTHETIC_PROGRAMS,CFG-CDU-02,SYNTHETIC_INTERNAL,SNP-COOLIT-20260925-BL,SCN-BASELINE,OPSCH-6-00122,SCH-V6,WO-0021,MESOP-00122,20,LINE-CDU-01,2026-08-29T07:00:00-06:00,2026-08-29T17:00:00-06:00,122,COOLANT_DISTRIBUTION_UNIT,20,1,true,true,true,OPEN,CURRENT
TEN-COOLIT-SYN-001,SITE-COOLIT-SYN-01,ERP,OPERATION_SCHEDULE,OPSCH-6-00123,MESOP-00123,RESOLVED,2026-09-25T23:59:59-06:00,2026-09-26T08:00:00-06:00,2026-06-29T00:00:00-06:00,,6,OPSCH-5-00123,false,ACTIVE,,,VALID,CURRENT,coolit-synthetic-v2.0.0,ALL_SYNTHETIC_CUSTOMERS,ALL_SYNTHETIC_PROGRAMS,CFG-CDU-02,SYNTHETIC_INTERNAL,SNP-COOLIT-20260925-BL,SCN-BASELINE,OPSCH-6-00123,SCH-V6,WO-0021,MESOP-00123,30,TEST-LEAK-01,2026-08-30T07:00:00-06:00,2026-08-30T17:00:00-06:00,123,COOLANT_DISTRIBUTION_UNIT,5,1,true,true,true,OPEN,CURRENT
TEN-COOLIT-SYN-001,SITE-COOLIT-SYN-01,ERP,OPERATION_SCHEDULE,OPSCH-6-00124,MESOP-00124,RESOLVED,2026-09-25T23:59:59-06:00,2026-09-26T08:00:00-06:00,2026-06-29T00:00:00-06:00,,6,OPSCH-5-00124,false,ACTIVE,,,VALID,CURRENT,coolit-synthetic-v2.0.0,ALL_SYNTHETIC_CUSTOMERS,ALL_SYNTHETIC_PROGRAMS,CFG-CDU-02,SYNTHETIC_INTERNAL,SNP-COOLIT-20260925-BL,SCN-BASELINE,OPSCH-6-00124,SCH-V6,WO-0021,MESOP-00124,40,TEST-LEAK-01,2026-08-31T07:00:00-06:00,2026-08-31T17:00:00-06:00,124,COOLANT_DISTRIBUTION_UNIT,5,2,true,true,true,OPEN,CURRENT
TEN-COOLIT-SYN-001,SITE-COOLIT-SYN-01,ERP,OPERATION_SCHEDULE,OPSCH-6-00125,MESOP-00125,RESOLVED,2026-09-25T23:59:59-06:00,2026-09-26T08:00:00-06:00,2026-06-29T00:00:00-06:00,,6,OPSCH-5-00125,false,ACTIVE,,,VALID,CURRENT,coolit-synthetic-v2.0.0,ALL_SYNTHETIC_CUSTOMERS,ALL_SYNTHETIC_PROGRAMS,CFG-RM-01,SYNTHETIC_INTERNAL,SNP-COOLIT-20260925-BL,SCN-BASELINE,OPSCH-6-00125,SCH-V6,WO-0022,MESOP-00125,10,CELL-ROBOT-01,2026-08-31T07:00:00-06:00,2026-08-31T17:00:00-06:00,125,RACK_MANIFOLD,5,1,true,false,true,OPEN,CURRENT
TEN-COOLIT-SYN-001,SITE-COOLIT-SYN-01,ERP,OPERATION_SCHEDULE,OPSCH-6-00126,MESOP-00126,RESOLVED,2026-09-25T23:59:59-06:00,2026-09-26T08:00:00-06:00,2026-06-29T00:00:00-06:00,,6,OPSCH-5-00126,false,ACTIVE,,,VALID,CURRENT,coolit-synthetic-v2.0.0,ALL_SYNTHETIC_CUSTOMERS,ALL_SYNTHETIC_PROGRAMS,CFG-RM-01,SYNTHETIC_INTERNAL,SNP-COOLIT-20260925-BL,SCN-BASELINE,OPSCH-6-00126,SCH-V6,WO-0022,MESOP-00126,20,LINE-RM-01,2026-09-01T07:00:00-06:00,2026-09-01T17:00:00-06:00,126,RACK_MANIFOLD,20,1,true,true,true,OPEN,CURRENT
TEN-COOLIT-SYN-001,SITE-COOLIT-SYN-01,ERP,OPERATION_SCHEDULE,OPSCH-6-00127,MESOP-00127,RESOLVED,2026-09-25T23:59:59-06:00,2026-09-26T08:00:00-06:00,2026-06-29T00:00:00-06:00,,6,OPSCH-5-00127,false,ACTIVE,,,VALID,CURRENT,coolit-synthetic-v2.0.0,ALL_SYNTHETIC_CUSTOMERS,ALL_SYNTHETIC_PROGRAMS,CFG-RM-01,SYNTHETIC_INTERNAL,SNP-COOLIT-20260925-BL,SCN-BASELINE,OPSCH-6-00127,SCH-V6,WO-0022,MESOP-00127,30,TEST-LEAK-01,2026-09-02T07:00:00-06:00,2026-09-02T17:00:00-06:00,127,RACK_MANIFOLD,5,1,true,true,true,OPEN,CURRENT
TEN-COOLIT-SYN-001,SITE-COOLIT-SYN-01,ERP,OPERATION_SCHEDULE,OPSCH-6-00128,MESOP-00128,RESOLVED,2026-09-25T23:59:59-06:00,2026-09-26T08:00:00-06:00,2026-06-29T00:00:00-06:00,,6,OPSCH-5-00128,false,ACTIVE,,,VALID,CURRENT,coolit-synthetic-v2.0.0,ALL_SYNTHETIC_CUSTOMERS,ALL_SYNTHETIC_PROGRAMS,CFG-RM-01,SYNTHETIC_INTERNAL,SNP-COOLIT-20260925-BL,SCN-BASELINE,OPSCH-6-00128,SCH-V6,WO-0022,MESOP-00128,40,TEST-LEAK-01,2026-09-03T07:00:00-06:00,2026-09-03T17:00:00-06:00,128,RACK_MANIFOLD,5,2,true,true,true,OPEN,CURRENT
TEN-COOLIT-SYN-001,SITE-COOLIT-SYN-01,ERP,OPERATION_SCHEDULE,OPSCH-6-00129,MESOP-00129,RESOLVED,2026-09-25T23:59:59-06:00,2026-09-26T08:00:00-06:00,2026-06-29T00:00:00-06:00,,6,OPSCH-5-00129,false,ACTIVE,,,VALID,CURRENT,coolit-synthetic-v2.0.0,ALL_SYNTHETIC_CUSTOMERS,ALL_SYNTHETIC_PROGRAMS,CFG-CDU-04,SYNTHETIC_INTERNAL,SNP-COOLIT-20260925-BL,SCN-BASELINE,OPSCH-6-00129,SCH-V6,WO-0023,MESOP-00129,10,CELL-ROBOT-01,2026-09-03T07:00:00-06:00,2026-09-03T17:00:00-06:00,129,COOLANT_DISTRIBUTION_UNIT,5,1,true,true,true,OPEN,CURRENT
TEN-COOLIT-SYN-001,SITE-COOLIT-SYN-01,ERP,OPERATION_SCHEDULE,OPSCH-6-00130,MESOP-00130,RESOLVED,2026-09-25T23:59:59-06:00,2026-09-26T08:00:00-06:00,2026-06-29T00:00:00-06:00,,6,OPSCH-5-00130,false,ACTIVE,,,VALID,CURRENT,coolit-synthetic-v2.0.0,ALL_SYNTHETIC_CUSTOMERS,ALL_SYNTHETIC_PROGRAMS,CFG-CDU-04,SYNTHETIC_INTERNAL,SNP-COOLIT-20260925-BL,SCN-BASELINE,OPSCH-6-00130,SCH-V6,WO-0023,MESOP-00130,20,LINE-CDU-01,2026-09-04T07:00:00-06:00,2026-09-04T17:00:00-06:00,130,COOLANT_DISTRIBUTION_UNIT,20,1,true,true,true,OPEN,CURRENT
TEN-COOLIT-SYN-001,SITE-COOLIT-SYN-01,ERP,OPERATION_SCHEDULE,OPSCH-6-00131,MESOP-00131,RESOLVED,2026-09-25T23:59:59-06:00,2026-09-26T08:00:00-06:00,2026-06-29T00:00:00-06:00,,6,OPSCH-5-00131,false,ACTIVE,,,VALID,CURRENT,coolit-synthetic-v2.0.0,ALL_SYNTHETIC_CUSTOMERS,ALL_SYNTHETIC_PROGRAMS,CFG-CDU-04,SYNTHETIC_INTERNAL,SNP-COOLIT-20260925-BL,SCN-BASELINE,OPSCH-6-00131,SCH-V6,WO-0023,MESOP-00131,30,TEST-LEAK-01,2026-09-05T07:00:00-06:00,2026-09-05T17:00:00-06:00,131,COOLANT_DISTRIBUTION_UNIT,5,1,true,true,true,OPEN,CURRENT
TEN-COOLIT-SYN-001,SITE-COOLIT-SYN-01,ERP,OPERATION_SCHEDULE,OPSCH-6-00132,MESOP-00132,RESOLVED,2026-09-25T23:59:59-06:00,2026-09-26T08:00:00-06:00,2026-06-29T00:00:00-06:00,,6,OPSCH-5-00132,false,ACTIVE,,,VALID,CURRENT,coolit-synthetic-v2.0.0,ALL_SYNTHETIC_CUSTOMERS,ALL_SYNTHETIC_PROGRAMS,CFG-CDU-04,SYNTHETIC_INTERNAL,SNP-COOLIT-20260925-BL,SCN-BASELINE,OPSCH-6-00132,SCH-V6,WO-0023,MESOP-00132,40,TEST-LEAK-01,2026-09-06T07:00:00-06:00,2026-09-06T17:00:00-06:00,132,COOLANT_DISTRIBUTION_UNIT,5,2,true,true,true,OPEN,CURRENT
TEN-COOLIT-SYN-001,SITE-COOLIT-SYN-01,ERP,OPERATION_SCHEDULE,OPSCH-6-00133,MESOP-00133,RESOLVED,2026-09-25T23:59:59-06:00,2026-09-26T08:00:00-06:00,2026-06-29T00:00:00-06:00,,6,OPSCH-5-00133,false,ACTIVE,,,VALID,CURRENT,coolit-synthetic-v2.0.0,ALL_SYNTHETIC_CUSTOMERS,ALL_SYNTHETIC_PROGRAMS,CFG-RM-03,SYNTHETIC_INTERNAL,SNP-COOLIT-20260925-BL,SCN-BASELINE,OPSCH-6-00133,SCH-V6,WO-0024,MESOP-00133,10,CELL-ROBOT-01,2026-09-06T07:00:00-06:00,2026-09-06T17:00:00-06:00,133,RACK_MANIFOLD,5,1,true,true,true,OPEN,CURRENT
TEN-COOLIT-SYN-001,SITE-COOLIT-SYN-01,ERP,OPERATION_SCHEDULE,OPSCH-6-00134,MESOP-00134,RESOLVED,2026-09-25T23:59:59-06:00,2026-09-26T08:00:00-06:00,2026-06-29T00:00:00-06:00,,6,OPSCH-5-00134,false,ACTIVE,,,VALID,CURRENT,coolit-synthetic-v2.0.0,ALL_SYNTHETIC_CUSTOMERS,ALL_SYNTHETIC_PROGRAMS,CFG-RM-03,SYNTHETIC_INTERNAL,SNP-COOLIT-20260925-BL,SCN-BASELINE,OPSCH-6-00134,SCH-V6,WO-0024,MESOP-00134,20,LINE-RM-01,2026-09-07T07:00:00-06:00,2026-09-07T17:00:00-06:00,134,RACK_MANIFOLD,20,1,true,true,true,OPEN,CURRENT
TEN-COOLIT-SYN-001,SITE-COOLIT-SYN-01,ERP,OPERATION_SCHEDULE,OPSCH-6-00135,MESOP-00135,RESOLVED,2026-09-25T23:59:59-06:00,2026-09-26T08:00:00-06:00,2026-06-29T00:00:00-06:00,,6,OPSCH-5-00135,false,ACTIVE,,,VALID,CURRENT,coolit-synthetic-v2.0.0,ALL_SYNTHETIC_CUSTOMERS,ALL_SYNTHETIC_PROGRAMS,CFG-RM-03,SYNTHETIC_INTERNAL,SNP-COOLIT-20260925-BL,SCN-BASELINE,OPSCH-6-00135,SCH-V6,WO-0024,MESOP-00135,30,TEST-LEAK-01,2026-09-08T07:00:00-06:00,2026-09-08T17:00:00-06:00,135,RACK_MANIFOLD,5,1,true,true,true,OPEN,CURRENT
TEN-COOLIT-SYN-001,SITE-COOLIT-SYN-01,ERP,OPERATION_SCHEDULE,OPSCH-6-00136,MESOP-00136,RESOLVED,2026-09-25T23:59:59-06:00,2026-09-26T08:00:00-06:00,2026-06-29T00:00:00-06:00,,6,OPSCH-5-00136,false,ACTIVE,,,VALID,CURRENT,coolit-synthetic-v2.0.0,ALL_SYNTHETIC_CUSTOMERS,ALL_SYNTHETIC_PROGRAMS,CFG-RM-03,SYNTHETIC_INTERNAL,SNP-COOLIT-20260925-BL,SCN-BASELINE,OPSCH-6-00136,SCH-V6,WO-0024,MESOP-00136,40,TEST-LEAK-01,2026-09-09T07:00:00-06:00,2026-09-09T17:00:00-06:00,136,RACK_MANIFOLD,5,2,true,true,true,OPEN,CURRENT
TEN-COOLIT-SYN-001,SITE-COOLIT-SYN-01,ERP,OPERATION_SCHEDULE,OPSCH-6-00137,MESOP-00137,RESOLVED,2026-09-25T23:59:59-06:00,2026-09-26T08:00:00-06:00,2026-06-29T00:00:00-06:00,,6,OPSCH-5-00137,false,ACTIVE,,,VALID,CURRENT,coolit-synthetic-v2.0.0,ALL_SYNTHETIC_CUSTOMERS,ALL_SYNTHETIC_PROGRAMS,CFG-CPL-02,SYNTHETIC_INTERNAL,SNP-COOLIT-20260925-BL,SCN-BASELINE,OPSCH-6-00137,SCH-V6,WO-0025,MESOP-00137,10,CELL-ROBOT-01,2026-09-09T07:00:00-06:00,2026-09-09T17:00:00-06:00,137,COLDPLATE_LOOP,5,1,true,true,true,OPEN,CURRENT
TEN-COOLIT-SYN-001,SITE-COOLIT-SYN-01,ERP,OPERATION_SCHEDULE,OPSCH-6-00138,MESOP-00138,RESOLVED,2026-09-25T23:59:59-06:00,2026-09-26T08:00:00-06:00,2026-06-29T00:00:00-06:00,,6,OPSCH-5-00138,false,ACTIVE,,,VALID,CURRENT,coolit-synthetic-v2.0.0,ALL_SYNTHETIC_CUSTOMERS,ALL_SYNTHETIC_PROGRAMS,CFG-CPL-02,SYNTHETIC_INTERNAL,SNP-COOLIT-20260925-BL,SCN-BASELINE,OPSCH-6-00138,SCH-V6,WO-0025,MESOP-00138,20,LINE-CPL-01,2026-09-10T07:00:00-06:00,2026-09-10T17:00:00-06:00,138,COLDPLATE_LOOP,20,1,true,true,true,OPEN,CURRENT
TEN-COOLIT-SYN-001,SITE-COOLIT-SYN-01,ERP,OPERATION_SCHEDULE,OPSCH-6-00139,MESOP-00139,RESOLVED,2026-09-25T23:59:59-06:00,2026-09-26T08:00:00-06:00,2026-06-29T00:00:00-06:00,,6,OPSCH-5-00139,false,ACTIVE,,,VALID,CURRENT,coolit-synthetic-v2.0.0,ALL_SYNTHETIC_CUSTOMERS,ALL_SYNTHETIC_PROGRAMS,CFG-CPL-02,SYNTHETIC_INTERNAL,SNP-COOLIT-20260925-BL,SCN-BASELINE,OPSCH-6-00139,SCH-V6,WO-0025,MESOP-00139,30,TEST-LEAK-01,2026-09-11T07:00:00-06:00,2026-09-11T17:00:00-06:00,139,COLDPLATE_LOOP,5,1,true,true,true,OPEN,CURRENT
TEN-COOLIT-SYN-001,SITE-COOLIT-SYN-01,ERP,OPERATION_SCHEDULE,OPSCH-6-00140,MESOP-00140,RESOLVED,2026-09-25T23:59:59-06:00,2026-09-26T08:00:00-06:00,2026-06-29T00:00:00-06:00,,6,OPSCH-5-00140,false,ACTIVE,,,VALID,CURRENT,coolit-synthetic-v2.0.0,ALL_SYNTHETIC_CUSTOMERS,ALL_SYNTHETIC_PROGRAMS,CFG-CPL-02,SYNTHETIC_INTERNAL,SNP-COOLIT-20260925-BL,SCN-BASELINE,OPSCH-6-00140,SCH-V6,WO-0025,MESOP-00140,40,TEST-LEAK-01,2026-09-12T07:00:00-06:00,2026-09-12T17:00:00-06:00,140,COLDPLATE_LOOP,5,2,true,true,true,OPEN,CURRENT
TEN-COOLIT-SYN-001,SITE-COOLIT-SYN-01,ERP,OPERATION_SCHEDULE,OPSCH-6-00141,MESOP-00141,RESOLVED,2026-09-25T23:59:59-06:00,2026-09-26T08:00:00-06:00,2026-06-29T00:00:00-06:00,,6,OPSCH-5-00141,false,ACTIVE,,,VALID,CURRENT,coolit-synthetic-v2.0.0,ALL_SYNTHETIC_CUSTOMERS,ALL_SYNTHETIC_PROGRAMS,CFG-CDU-01,SYNTHETIC_INTERNAL,SNP-COOLIT-20260925-BL,SCN-BASELINE,OPSCH-6-00141,SCH-V6,WO-0026,MESOP-00141,10,CELL-ROBOT-01,2026-09-12T07:00:00-06:00,2026-09-12T17:00:00-06:00,141,COOLANT_DISTRIBUTION_UNIT,5,1,true,true,true,OPEN,CURRENT
TEN-COOLIT-SYN-001,SITE-COOLIT-SYN-01,ERP,OPERATION_SCHEDULE,OPSCH-6-00142,MESOP-00142,RESOLVED,2026-09-25T23:59:59-06:00,2026-09-26T08:00:00-06:00,2026-06-29T00:00:00-06:00,,6,OPSCH-5-00142,false,ACTIVE,,,VALID,CURRENT,coolit-synthetic-v2.0.0,ALL_SYNTHETIC_CUSTOMERS,ALL_SYNTHETIC_PROGRAMS,CFG-CDU-01,SYNTHETIC_INTERNAL,SNP-COOLIT-20260925-BL,SCN-BASELINE,OPSCH-6-00142,SCH-V6,WO-0026,MESOP-00142,20,LINE-CDU-01,2026-09-13T07:00:00-06:00,2026-09-13T17:00:00-06:00,142,COOLANT_DISTRIBUTION_UNIT,20,1,true,true,true,OPEN,CURRENT
TEN-COOLIT-SYN-001,SITE-COOLIT-SYN-01,ERP,OPERATION_SCHEDULE,OPSCH-6-00143,MESOP-00143,RESOLVED,2026-09-25T23:59:59-06:00,2026-09-26T08:00:00-06:00,2026-06-29T00:00:00-06:00,,6,OPSCH-5-00143,false,ACTIVE,,,VALID,CURRENT,coolit-synthetic-v2.0.0,ALL_SYNTHETIC_CUSTOMERS,ALL_SYNTHETIC_PROGRAMS,CFG-CDU-01,SYNTHETIC_INTERNAL,SNP-COOLIT-20260925-BL,SCN-BASELINE,OPSCH-6-00143,SCH-V6,WO-0026,MESOP-00143,30,TEST-LEAK-01,2026-09-14T07:00:00-06:00,2026-09-14T17:00:00-06:00,143,COOLANT_DISTRIBUTION_UNIT,5,1,true,true,true,OPEN,CURRENT
TEN-COOLIT-SYN-001,SITE-COOLIT-SYN-01,ERP,OPERATION_SCHEDULE,OPSCH-6-00144,MESOP-00144,RESOLVED,2026-09-25T23:59:59-06:00,2026-09-26T08:00:00-06:00,2026-06-29T00:00:00-06:00,,6,OPSCH-5-00144,false,ACTIVE,,,VALID,CURRENT,coolit-synthetic-v2.0.0,ALL_SYNTHETIC_CUSTOMERS,ALL_SYNTHETIC_PROGRAMS,CFG-CDU-01,SYNTHETIC_INTERNAL,SNP-COOLIT-20260925-BL,SCN-BASELINE,OPSCH-6-00144,SCH-V6,WO-0026,MESOP-00144,40,TEST-LEAK-01,2026-09-15T07:00:00-06:00,2026-09-15T17:00:00-06:00,144,COOLANT_DISTRIBUTION_UNIT,5,2,true,true,true,OPEN,CURRENT
TEN-COOLIT-SYN-001,SITE-COOLIT-SYN-01,ERP,OPERATION_SCHEDULE,OPSCH-6-00145,MESOP-00145,RESOLVED,2026-09-25T23:59:59-06:00,2026-09-26T08:00:00-06:00,2026-06-29T00:00:00-06:00,,6,OPSCH-5-00145,false,ACTIVE,,,VALID,CURRENT,coolit-synthetic-v2.0.0,ALL_SYNTHETIC_CUSTOMERS,ALL_SYNTHETIC_PROGRAMS,CFG-CPL-04,SYNTHETIC_INTERNAL,SNP-COOLIT-20260925-BL,SCN-BASELINE,OPSCH-6-00145,SCH-V6,WO-0027,MESOP-00145,10,CELL-ROBOT-01,2026-09-28T07:00:00-06:00,2026-09-28T17:00:00-06:00,145,COLDPLATE_LOOP,5,1,true,true,true,OPEN,CURRENT
TEN-COOLIT-SYN-001,SITE-COOLIT-SYN-01,ERP,OPERATION_SCHEDULE,OPSCH-6-00146,MESOP-00146,RESOLVED,2026-09-25T23:59:59-06:00,2026-09-26T08:00:00-06:00,2026-06-29T00:00:00-06:00,,6,OPSCH-5-00146,false,ACTIVE,,,VALID,CURRENT,coolit-synthetic-v2.0.0,ALL_SYNTHETIC_CUSTOMERS,ALL_SYNTHETIC_PROGRAMS,CFG-CPL-04,SYNTHETIC_INTERNAL,SNP-COOLIT-20260925-BL,SCN-BASELINE,OPSCH-6-00146,SCH-V6,WO-0027,MESOP-00146,20,LINE-CPL-01,2026-09-29T07:00:00-06:00,2026-09-29T17:00:00-06:00,146,COLDPLATE_LOOP,20,1,false,true,true,OPEN,CURRENT
TEN-COOLIT-SYN-001,SITE-COOLIT-SYN-01,ERP,OPERATION_SCHEDULE,OPSCH-6-00147,MESOP-00147,RESOLVED,2026-09-25T23:59:59-06:00,2026-09-26T08:00:00-06:00,2026-06-29T00:00:00-06:00,,6,OPSCH-5-00147,false,ACTIVE,,,VALID,CURRENT,coolit-synthetic-v2.0.0,ALL_SYNTHETIC_CUSTOMERS,ALL_SYNTHETIC_PROGRAMS,CFG-CPL-04,SYNTHETIC_INTERNAL,SNP-COOLIT-20260925-BL,SCN-BASELINE,OPSCH-6-00147,SCH-V6,WO-0027,MESOP-00147,30,TEST-LEAK-01,2026-09-30T07:00:00-06:00,2026-09-30T17:00:00-06:00,147,COLDPLATE_LOOP,5,1,true,true,true,OPEN,CURRENT
TEN-COOLIT-SYN-001,SITE-COOLIT-SYN-01,ERP,OPERATION_SCHEDULE,OPSCH-6-00148,MESOP-00148,RESOLVED,2026-09-25T23:59:59-06:00,2026-09-26T08:00:00-06:00,2026-06-29T00:00:00-06:00,,6,OPSCH-5-00148,false,ACTIVE,,,VALID,CURRENT,coolit-synthetic-v2.0.0,ALL_SYNTHETIC_CUSTOMERS,ALL_SYNTHETIC_PROGRAMS,CFG-CPL-04,SYNTHETIC_INTERNAL,SNP-COOLIT-20260925-BL,SCN-BASELINE,OPSCH-6-00148,SCH-V6,WO-0027,MESOP-00148,40,TEST-LEAK-01,2026-10-01T07:00:00-06:00,2026-10-01T17:00:00-06:00,148,COLDPLATE_LOOP,5,2,true,true,true,OPEN,CURRENT
TEN-COOLIT-SYN-001,SITE-COOLIT-SYN-01,ERP,OPERATION_SCHEDULE,OPSCH-6-00149,MESOP-00149,RESOLVED,2026-09-25T23:59:59-06:00,2026-09-26T08:00:00-06:00,2026-06-29T00:00:00-06:00,,6,OPSCH-5-00149,false,ACTIVE,,,VALID,CURRENT,coolit-synthetic-v2.0.0,ALL_SYNTHETIC_CUSTOMERS,ALL_SYNTHETIC_PROGRAMS,CFG-CDU-03,SYNTHETIC_INTERNAL,SNP-COOLIT-20260925-BL,SCN-BASELINE,OPSCH-6-00149,SCH-V6,WO-0028,MESOP-00149,10,CELL-ROBOT-01,2026-10-02T07:00:00-06:00,2026-10-02T17:00:00-06:00,149,COOLANT_DISTRIBUTION_UNIT,5,1,true,true,true,OPEN,CURRENT
TEN-COOLIT-SYN-001,SITE-COOLIT-SYN-01,ERP,OPERATION_SCHEDULE,OPSCH-6-00150,MESOP-00150,RESOLVED,2026-09-25T23:59:59-06:00,2026-09-26T08:00:00-06:00,2026-06-29T00:00:00-06:00,,6,OPSCH-5-00150,false,ACTIVE,,,VALID,CURRENT,coolit-synthetic-v2.0.0,ALL_SYNTHETIC_CUSTOMERS,ALL_SYNTHETIC_PROGRAMS,CFG-CDU-03,SYNTHETIC_INTERNAL,SNP-COOLIT-20260925-BL,SCN-BASELINE,OPSCH-6-00150,SCH-V6,WO-0028,MESOP-00150,20,LINE-CDU-01,2026-10-03T07:00:00-06:00,2026-10-03T17:00:00-06:00,150,COOLANT_DISTRIBUTION_UNIT,20,1,true,true,true,OPEN,CURRENT
TEN-COOLIT-SYN-001,SITE-COOLIT-SYN-01,ERP,OPERATION_SCHEDULE,OPSCH-6-00151,MESOP-00151,RESOLVED,2026-09-25T23:59:59-06:00,2026-09-26T08:00:00-06:00,2026-06-29T00:00:00-06:00,,6,OPSCH-5-00151,false,ACTIVE,,,VALID,CURRENT,coolit-synthetic-v2.0.0,ALL_SYNTHETIC_CUSTOMERS,ALL_SYNTHETIC_PROGRAMS,CFG-CDU-03,SYNTHETIC_INTERNAL,SNP-COOLIT-20260925-BL,SCN-BASELINE,OPSCH-6-00151,SCH-V6,WO-0028,MESOP-00151,30,TEST-LEAK-01,2026-10-04T07:00:00-06:00,2026-10-04T17:00:00-06:00,151,COOLANT_DISTRIBUTION_UNIT,5,1,true,true,true,OPEN,CURRENT
TEN-COOLIT-SYN-001,SITE-COOLIT-SYN-01,ERP,OPERATION_SCHEDULE,OPSCH-6-00152,MESOP-00152,RESOLVED,2026-09-25T23:59:59-06:00,2026-09-26T08:00:00-06:00,2026-06-29T00:00:00-06:00,,6,OPSCH-5-00152,false,ACTIVE,,,VALID,CURRENT,coolit-synthetic-v2.0.0,ALL_SYNTHETIC_CUSTOMERS,ALL_SYNTHETIC_PROGRAMS,CFG-CDU-03,SYNTHETIC_INTERNAL,SNP-COOLIT-20260925-BL,SCN-BASELINE,OPSCH-6-00152,SCH-V6,WO-0028,MESOP-00152,40,TEST-LEAK-01,2026-10-05T07:00:00-06:00,2026-10-05T17:00:00-06:00,152,COOLANT_DISTRIBUTION_UNIT,5,2,true,true,true,OPEN,CURRENT
TEN-COOLIT-SYN-001,SITE-COOLIT-SYN-01,ERP,OPERATION_SCHEDULE,OPSCH-6-00153,MESOP-00153,RESOLVED,2026-09-25T23:59:59-06:00,2026-09-26T08:00:00-06:00,2026-06-29T00:00:00-06:00,,6,OPSCH-5-00153,false,ACTIVE,,,VALID,CURRENT,coolit-synthetic-v2.0.0,ALL_SYNTHETIC_CUSTOMERS,ALL_SYNTHETIC_PROGRAMS,CFG-RM-02,SYNTHETIC_INTERNAL,SNP-COOLIT-20260925-BL,SCN-BASELINE,OPSCH-6-00153,SCH-V6,WO-0029,MESOP-00153,10,CELL-ROBOT-01,2026-10-06T07:00:00-06:00,2026-10-06T17:00:00-06:00,153,RACK_MANIFOLD,5,1,true,true,true,OPEN,CURRENT
TEN-COOLIT-SYN-001,SITE-COOLIT-SYN-01,ERP,OPERATION_SCHEDULE,OPSCH-6-00154,MESOP-00154,RESOLVED,2026-09-25T23:59:59-06:00,2026-09-26T08:00:00-06:00,2026-06-29T00:00:00-06:00,,6,OPSCH-5-00154,false,ACTIVE,,,VALID,CURRENT,coolit-synthetic-v2.0.0,ALL_SYNTHETIC_CUSTOMERS,ALL_SYNTHETIC_PROGRAMS,CFG-RM-02,SYNTHETIC_INTERNAL,SNP-COOLIT-20260925-BL,SCN-BASELINE,OPSCH-6-00154,SCH-V6,WO-0029,MESOP-00154,20,LINE-RM-01,2026-10-07T07:00:00-06:00,2026-10-07T17:00:00-06:00,154,RACK_MANIFOLD,20,1,true,true,true,OPEN,CURRENT
TEN-COOLIT-SYN-001,SITE-COOLIT-SYN-01,ERP,OPERATION_SCHEDULE,OPSCH-6-00155,MESOP-00155,RESOLVED,2026-09-25T23:59:59-06:00,2026-09-26T08:00:00-06:00,2026-06-29T00:00:00-06:00,,6,OPSCH-5-00155,false,ACTIVE,,,VALID,CURRENT,coolit-synthetic-v2.0.0,ALL_SYNTHETIC_CUSTOMERS,ALL_SYNTHETIC_PROGRAMS,CFG-RM-02,SYNTHETIC_INTERNAL,SNP-COOLIT-20260925-BL,SCN-BASELINE,OPSCH-6-00155,SCH-V6,WO-0029,MESOP-00155,30,TEST-LEAK-01,2026-10-08T07:00:00-06:00,2026-10-08T17:00:00-06:00,155,RACK_MANIFOLD,5,1,true,true,true,OPEN,CURRENT
TEN-COOLIT-SYN-001,SITE-COOLIT-SYN-01,ERP,OPERATION_SCHEDULE,OPSCH-6-00156,MESOP-00156,RESOLVED,2026-09-25T23:59:59-06:00,2026-09-26T08:00:00-06:00,2026-06-29T00:00:00-06:00,,6,OPSCH-5-00156,false,ACTIVE,,,VALID,CURRENT,coolit-synthetic-v2.0.0,ALL_SYNTHETIC_CUSTOMERS,ALL_SYNTHETIC_PROGRAMS,CFG-RM-02,SYNTHETIC_INTERNAL,SNP-COOLIT-20260925-BL,SCN-BASELINE,OPSCH-6-00156,SCH-V6,WO-0029,MESOP-00156,40,TEST-LEAK-01,2026-10-09T07:00:00-06:00,2026-10-09T17:00:00-06:00,156,RACK_MANIFOLD,5,2,true,false,true,OPEN,CURRENT
TEN-COOLIT-SYN-001,SITE-COOLIT-SYN-01,ERP,OPERATION_SCHEDULE,OPSCH-6-00157,MESOP-00157,RESOLVED,2026-09-25T23:59:59-06:00,2026-09-26T08:00:00-06:00,2026-06-29T00:00:00-06:00,,6,OPSCH-5-00157,false,ACTIVE,,,VALID,CURRENT,coolit-synthetic-v2.0.0,ALL_SYNTHETIC_CUSTOMERS,ALL_SYNTHETIC_PROGRAMS,CFG-CPL-01,SYNTHETIC_INTERNAL,SNP-COOLIT-20260925-BL,SCN-BASELINE,OPSCH-6-00157,SCH-V6,WO-0030,MESOP-00157,10,CELL-ROBOT-01,2026-10-10T07:00:00-06:00,2026-10-10T17:00:00-06:00,157,COLDPLATE_LOOP,5,1,true,true,true,OPEN,CURRENT
TEN-COOLIT-SYN-001,SITE-COOLIT-SYN-01,ERP,OPERATION_SCHEDULE,OPSCH-6-00158,MESOP-00158,RESOLVED,2026-09-25T23:59:59-06:00,2026-09-26T08:00:00-06:00,2026-06-29T00:00:00-06:00,,6,OPSCH-5-00158,false,ACTIVE,,,VALID,CURRENT,coolit-synthetic-v2.0.0,ALL_SYNTHETIC_CUSTOMERS,ALL_SYNTHETIC_PROGRAMS,CFG-CPL-01,SYNTHETIC_INTERNAL,SNP-COOLIT-20260925-BL,SCN-BASELINE,OPSCH-6-00158,SCH-V6,WO-0030,MESOP-00158,20,LINE-CPL-01,2026-10-11T07:00:00-06:00,2026-10-11T17:00:00-06:00,158,COLDPLATE_LOOP,20,1,true,true,true,OPEN,CURRENT
TEN-COOLIT-SYN-001,SITE-COOLIT-SYN-01,ERP,OPERATION_SCHEDULE,OPSCH-6-00159,MESOP-00159,RESOLVED,2026-09-25T23:59:59-06:00,2026-09-26T08:00:00-06:00,2026-06-29T00:00:00-06:00,,6,OPSCH-5-00159,false,ACTIVE,,,VALID,CURRENT,coolit-synthetic-v2.0.0,ALL_SYNTHETIC_CUSTOMERS,ALL_SYNTHETIC_PROGRAMS,CFG-CPL-01,SYNTHETIC_INTERNAL,SNP-COOLIT-20260925-BL,SCN-BASELINE,OPSCH-6-00159,SCH-V6,WO-0030,MESOP-00159,30,TEST-LEAK-01,2026-10-12T07:00:00-06:00,2026-10-12T17:00:00-06:00,159,COLDPLATE_LOOP,5,1,true,true,true,OPEN,CURRENT
TEN-COOLIT-SYN-001,SITE-COOLIT-SYN-01,ERP,OPERATION_SCHEDULE,OPSCH-6-00160,MESOP-00160,RESOLVED,2026-09-25T23:59:59-06:00,2026-09-26T08:00:00-06:00,2026-06-29T00:00:00-06:00,,6,OPSCH-5-00160,false,ACTIVE,,,VALID,CURRENT,coolit-synthetic-v2.0.0,ALL_SYNTHETIC_CUSTOMERS,ALL_SYNTHETIC_PROGRAMS,CFG-CPL-01,SYNTHETIC_INTERNAL,SNP-COOLIT-20260925-BL,SCN-BASELINE,OPSCH-6-00160,SCH-V6,WO-0030,MESOP-00160,40,TEST-LEAK-01,2026-10-13T07:00:00-06:00,2026-10-13T17:00:00-06:00,160,COLDPLATE_LOOP,5,2,true,true,true,OPEN,CURRENT
TEN-COOLIT-SYN-001,SITE-COOLIT-SYN-01,ERP,OPERATION_SCHEDULE,OPSCH-6-00161,MESOP-00161,RESOLVED,2026-09-25T23:59:59-06:00,2026-09-26T08:00:00-06:00,2026-06-29T00:00:00-06:00,,6,OPSCH-5-00161,false,ACTIVE,,,VALID,CURRENT,coolit-synthetic-v2.0.0,ALL_SYNTHETIC_CUSTOMERS,ALL_SYNTHETIC_PROGRAMS,CFG-RM-04,SYNTHETIC_INTERNAL,SNP-COOLIT-20260925-BL,SCN-BASELINE,OPSCH-6-00161,SCH-V6,WO-0031,MESOP-00161,10,CELL-ROBOT-01,2026-10-14T07:00:00-06:00,2026-10-14T17:00:00-06:00,161,RACK_MANIFOLD,5,1,true,true,true,OPEN,CURRENT
TEN-COOLIT-SYN-001,SITE-COOLIT-SYN-01,ERP,OPERATION_SCHEDULE,OPSCH-6-00162,MESOP-00162,RESOLVED,2026-09-25T23:59:59-06:00,2026-09-26T08:00:00-06:00,2026-06-29T00:00:00-06:00,,6,OPSCH-5-00162,false,ACTIVE,,,VALID,CURRENT,coolit-synthetic-v2.0.0,ALL_SYNTHETIC_CUSTOMERS,ALL_SYNTHETIC_PROGRAMS,CFG-RM-04,SYNTHETIC_INTERNAL,SNP-COOLIT-20260925-BL,SCN-BASELINE,OPSCH-6-00162,SCH-V6,WO-0031,MESOP-00162,20,LINE-RM-01,2026-10-15T07:00:00-06:00,2026-10-15T17:00:00-06:00,162,RACK_MANIFOLD,20,1,true,true,true,OPEN,CURRENT
TEN-COOLIT-SYN-001,SITE-COOLIT-SYN-01,ERP,OPERATION_SCHEDULE,OPSCH-6-00163,MESOP-00163,RESOLVED,2026-09-25T23:59:59-06:00,2026-09-26T08:00:00-06:00,2026-06-29T00:00:00-06:00,,6,OPSCH-5-00163,false,ACTIVE,,,VALID,CURRENT,coolit-synthetic-v2.0.0,ALL_SYNTHETIC_CUSTOMERS,ALL_SYNTHETIC_PROGRAMS,CFG-RM-04,SYNTHETIC_INTERNAL,SNP-COOLIT-20260925-BL,SCN-BASELINE,OPSCH-6-00163,SCH-V6,WO-0031,MESOP-00163,30,TEST-LEAK-01,2026-10-16T07:00:00-06:00,2026-10-16T17:00:00-06:00,163,RACK_MANIFOLD,5,1,true,true,true,OPEN,CURRENT
TEN-COOLIT-SYN-001,SITE-COOLIT-SYN-01,ERP,OPERATION_SCHEDULE,OPSCH-6-00164,MESOP-00164,RESOLVED,2026-09-25T23:59:59-06:00,2026-09-26T08:00:00-06:00,2026-06-29T00:00:00-06:00,,6,OPSCH-5-00164,false,ACTIVE,,,VALID,CURRENT,coolit-synthetic-v2.0.0,ALL_SYNTHETIC_CUSTOMERS,ALL_SYNTHETIC_PROGRAMS,CFG-RM-04,SYNTHETIC_INTERNAL,SNP-COOLIT-20260925-BL,SCN-BASELINE,OPSCH-6-00164,SCH-V6,WO-0031,MESOP-00164,40,TEST-LEAK-01,2026-10-17T07:00:00-06:00,2026-10-17T17:00:00-06:00,164,RACK_MANIFOLD,5,2,true,true,true,OPEN,CURRENT
TEN-COOLIT-SYN-001,SITE-COOLIT-SYN-01,ERP,OPERATION_SCHEDULE,OPSCH-6-00165,MESOP-00165,RESOLVED,2026-09-25T23:59:59-06:00,2026-09-26T08:00:00-06:00,2026-06-29T00:00:00-06:00,,6,OPSCH-5-00165,false,ACTIVE,,,VALID,CURRENT,coolit-synthetic-v2.0.0,ALL_SYNTHETIC_CUSTOMERS,ALL_SYNTHETIC_PROGRAMS,CFG-CPL-03,SYNTHETIC_INTERNAL,SNP-COOLIT-20260925-BL,SCN-BASELINE,OPSCH-6-00165,SCH-V6,WO-0032,MESOP-00165,10,CELL-ROBOT-01,2026-10-18T07:00:00-06:00,2026-10-18T17:00:00-06:00,165,COLDPLATE_LOOP,5,1,true,true,true,OPEN,CURRENT
TEN-COOLIT-SYN-001,SITE-COOLIT-SYN-01,ERP,OPERATION_SCHEDULE,OPSCH-6-00166,MESOP-00166,RESOLVED,2026-09-25T23:59:59-06:00,2026-09-26T08:00:00-06:00,2026-06-29T00:00:00-06:00,,6,OPSCH-5-00166,false,ACTIVE,,,VALID,CURRENT,coolit-synthetic-v2.0.0,ALL_SYNTHETIC_CUSTOMERS,ALL_SYNTHETIC_PROGRAMS,CFG-CPL-03,SYNTHETIC_INTERNAL,SNP-COOLIT-20260925-BL,SCN-BASELINE,OPSCH-6-00166,SCH-V6,WO-0032,MESOP-00166,20,LINE-CPL-01,2026-10-19T07:00:00-06:00,2026-10-19T17:00:00-06:00,166,COLDPLATE_LOOP,20,1,true,true,true,OPEN,CURRENT
TEN-COOLIT-SYN-001,SITE-COOLIT-SYN-01,ERP,OPERATION_SCHEDULE,OPSCH-6-00167,MESOP-00167,RESOLVED,2026-09-25T23:59:59-06:00,2026-09-26T08:00:00-06:00,2026-06-29T00:00:00-06:00,,6,OPSCH-5-00167,false,ACTIVE,,,VALID,CURRENT,coolit-synthetic-v2.0.0,ALL_SYNTHETIC_CUSTOMERS,ALL_SYNTHETIC_PROGRAMS,CFG-CPL-03,SYNTHETIC_INTERNAL,SNP-COOLIT-20260925-BL,SCN-BASELINE,OPSCH-6-00167,SCH-V6,WO-0032,MESOP-00167,30,TEST-LEAK-01,2026-10-20T07:00:00-06:00,2026-10-20T17:00:00-06:00,167,COLDPLATE_LOOP,5,1,true,true,true,OPEN,CURRENT
TEN-COOLIT-SYN-001,SITE-COOLIT-SYN-01,ERP,OPERATION_SCHEDULE,OPSCH-6-00168,MESOP-00168,RESOLVED,2026-09-25T23:59:59-06:00,2026-09-26T08:00:00-06:00,2026-06-29T00:00:00-06:00,,6,OPSCH-5-00168,false,ACTIVE,,,VALID,CURRENT,coolit-synthetic-v2.0.0,ALL_SYNTHETIC_CUSTOMERS,ALL_SYNTHETIC_PROGRAMS,CFG-CPL-03,SYNTHETIC_INTERNAL,SNP-COOLIT-20260925-BL,SCN-BASELINE,OPSCH-6-00168,SCH-V6,WO-0032,MESOP-00168,40,TEST-LEAK-01,2026-10-21T07:00:00-06:00,2026-10-21T17:00:00-06:00,168,COLDPLATE_LOOP,5,2,true,true,true,OPEN,CURRENT
TEN-COOLIT-SYN-001,SITE-COOLIT-SYN-01,ERP,OPERATION_SCHEDULE,OPSCH-6-00169,MESOP-00169,RESOLVED,2026-09-25T23:59:59-06:00,2026-09-26T08:00:00-06:00,2026-06-29T00:00:00-06:00,,6,OPSCH-5-00169,false,ACTIVE,,,VALID,CURRENT,coolit-synthetic-v2.0.0,ALL_SYNTHETIC_CUSTOMERS,ALL_SYNTHETIC_PROGRAMS,CFG-CDU-02,SYNTHETIC_INTERNAL,SNP-COOLIT-20260925-BL,SCN-BASELINE,OPSCH-6-00169,SCH-V6,WO-0033,MESOP-00169,10,CELL-ROBOT-01,2026-10-22T07:00:00-06:00,2026-10-22T17:00:00-06:00,169,COOLANT_DISTRIBUTION_UNIT,5,1,true,true,true,OPEN,CURRENT
TEN-COOLIT-SYN-001,SITE-COOLIT-SYN-01,ERP,OPERATION_SCHEDULE,OPSCH-6-00170,MESOP-00170,RESOLVED,2026-09-25T23:59:59-06:00,2026-09-26T08:00:00-06:00,2026-06-29T00:00:00-06:00,,6,OPSCH-5-00170,false,ACTIVE,,,VALID,CURRENT,coolit-synthetic-v2.0.0,ALL_SYNTHETIC_CUSTOMERS,ALL_SYNTHETIC_PROGRAMS,CFG-CDU-02,SYNTHETIC_INTERNAL,SNP-COOLIT-20260925-BL,SCN-BASELINE,OPSCH-6-00170,SCH-V6,WO-0033,MESOP-00170,20,LINE-CDU-01,2026-10-23T07:00:00-06:00,2026-10-23T17:00:00-06:00,170,COOLANT_DISTRIBUTION_UNIT,20,1,true,true,true,OPEN,CURRENT
TEN-COOLIT-SYN-001,SITE-COOLIT-SYN-01,ERP,OPERATION_SCHEDULE,OPSCH-6-00171,MESOP-00171,RESOLVED,2026-09-25T23:59:59-06:00,2026-09-26T08:00:00-06:00,2026-06-29T00:00:00-06:00,,6,OPSCH-5-00171,false,ACTIVE,,,VALID,CURRENT,coolit-synthetic-v2.0.0,ALL_SYNTHETIC_CUSTOMERS,ALL_SYNTHETIC_PROGRAMS,CFG-CDU-02,SYNTHETIC_INTERNAL,SNP-COOLIT-20260925-BL,SCN-BASELINE,OPSCH-6-00171,SCH-V6,WO-0033,MESOP-00171,30,TEST-LEAK-01,2026-10-24T07:00:00-06:00,2026-10-24T17:00:00-06:00,171,COOLANT_DISTRIBUTION_UNIT,5,1,true,true,true,OPEN,CURRENT
TEN-COOLIT-SYN-001,SITE-COOLIT-SYN-01,ERP,OPERATION_SCHEDULE,OPSCH-6-00172,MESOP-00172,RESOLVED,2026-09-25T23:59:59-06:00,2026-09-26T08:00:00-06:00,2026-06-29T00:00:00-06:00,,6,OPSCH-5-00172,false,ACTIVE,,,VALID,CURRENT,coolit-synthetic-v2.0.0,ALL_SYNTHETIC_CUSTOMERS,ALL_SYNTHETIC_PROGRAMS,CFG-CDU-02,SYNTHETIC_INTERNAL,SNP-COOLIT-20260925-BL,SCN-BASELINE,OPSCH-6-00172,SCH-V6,WO-0033,MESOP-00172,40,TEST-LEAK-01,2026-10-25T07:00:00-06:00,2026-10-25T17:00:00-06:00,172,COOLANT_DISTRIBUTION_UNIT,5,2,true,true,true,OPEN,CURRENT
TEN-COOLIT-SYN-001,SITE-COOLIT-SYN-01,ERP,OPERATION_SCHEDULE,OPSCH-6-00173,MESOP-00173,RESOLVED,2026-09-25T23:59:59-06:00,2026-09-26T08:00:00-06:00,2026-06-29T00:00:00-06:00,,6,OPSCH-5-00173,false,ACTIVE,,,VALID,CURRENT,coolit-synthetic-v2.0.0,ALL_SYNTHETIC_CUSTOMERS,ALL_SYNTHETIC_PROGRAMS,CFG-RM-01,SYNTHETIC_INTERNAL,SNP-COOLIT-20260925-BL,SCN-BASELINE,OPSCH-6-00173,SCH-V6,WO-0034,MESOP-00173,10,CELL-ROBOT-01,2026-10-26T07:00:00-06:00,2026-10-26T17:00:00-06:00,173,RACK_MANIFOLD,5,1,true,true,true,OPEN,CURRENT
TEN-COOLIT-SYN-001,SITE-COOLIT-SYN-01,ERP,OPERATION_SCHEDULE,OPSCH-6-00174,MESOP-00174,RESOLVED,2026-09-25T23:59:59-06:00,2026-09-26T08:00:00-06:00,2026-06-29T00:00:00-06:00,,6,OPSCH-5-00174,false,ACTIVE,,,VALID,CURRENT,coolit-synthetic-v2.0.0,ALL_SYNTHETIC_CUSTOMERS,ALL_SYNTHETIC_PROGRAMS,CFG-RM-01,SYNTHETIC_INTERNAL,SNP-COOLIT-20260925-BL,SCN-BASELINE,OPSCH-6-00174,SCH-V6,WO-0034,MESOP-00174,20,LINE-RM-01,2026-10-27T07:00:00-06:00,2026-10-27T17:00:00-06:00,174,RACK_MANIFOLD,20,1,true,true,true,OPEN,CURRENT
TEN-COOLIT-SYN-001,SITE-COOLIT-SYN-01,ERP,OPERATION_SCHEDULE,OPSCH-6-00175,MESOP-00175,RESOLVED,2026-09-25T23:59:59-06:00,2026-09-26T08:00:00-06:00,2026-06-29T00:00:00-06:00,,6,OPSCH-5-00175,false,ACTIVE,,,VALID,CURRENT,coolit-synthetic-v2.0.0,ALL_SYNTHETIC_CUSTOMERS,ALL_SYNTHETIC_PROGRAMS,CFG-RM-01,SYNTHETIC_INTERNAL,SNP-COOLIT-20260925-BL,SCN-BASELINE,OPSCH-6-00175,SCH-V6,WO-0034,MESOP-00175,30,TEST-LEAK-01,2026-10-28T07:00:00-06:00,2026-10-28T17:00:00-06:00,175,RACK_MANIFOLD,5,1,false,true,true,OPEN,CURRENT
TEN-COOLIT-SYN-001,SITE-COOLIT-SYN-01,ERP,OPERATION_SCHEDULE,OPSCH-6-00176,MESOP-00176,RESOLVED,2026-09-25T23:59:59-06:00,2026-09-26T08:00:00-06:00,2026-06-29T00:00:00-06:00,,6,OPSCH-5-00176,false,ACTIVE,,,VALID,CURRENT,coolit-synthetic-v2.0.0,ALL_SYNTHETIC_CUSTOMERS,ALL_SYNTHETIC_PROGRAMS,CFG-RM-01,SYNTHETIC_INTERNAL,SNP-COOLIT-20260925-BL,SCN-BASELINE,OPSCH-6-00176,SCH-V6,WO-0034,MESOP-00176,40,TEST-LEAK-01,2026-10-29T07:00:00-06:00,2026-10-29T17:00:00-06:00,176,RACK_MANIFOLD,5,2,true,true,true,OPEN,CURRENT
TEN-COOLIT-SYN-001,SITE-COOLIT-SYN-01,ERP,OPERATION_SCHEDULE,OPSCH-6-00177,MESOP-00177,RESOLVED,2026-09-25T23:59:59-06:00,2026-09-26T08:00:00-06:00,2026-06-29T00:00:00-06:00,,6,OPSCH-5-00177,false,ACTIVE,,,VALID,CURRENT,coolit-synthetic-v2.0.0,ALL_SYNTHETIC_CUSTOMERS,ALL_SYNTHETIC_PROGRAMS,CFG-CDU-04,SYNTHETIC_INTERNAL,SNP-COOLIT-20260925-BL,SCN-BASELINE,OPSCH-6-00177,SCH-V6,WO-0035,MESOP-00177,10,CELL-ROBOT-01,2026-10-30T07:00:00-06:00,2026-10-30T17:00:00-06:00,177,COOLANT_DISTRIBUTION_UNIT,5,1,true,true,true,OPEN,CURRENT
TEN-COOLIT-SYN-001,SITE-COOLIT-SYN-01,ERP,OPERATION_SCHEDULE,OPSCH-6-00178,MESOP-00178,RESOLVED,2026-09-25T23:59:59-06:00,2026-09-26T08:00:00-06:00,2026-06-29T00:00:00-06:00,,6,OPSCH-5-00178,false,ACTIVE,,,VALID,CURRENT,coolit-synthetic-v2.0.0,ALL_SYNTHETIC_CUSTOMERS,ALL_SYNTHETIC_PROGRAMS,CFG-CDU-04,SYNTHETIC_INTERNAL,SNP-COOLIT-20260925-BL,SCN-BASELINE,OPSCH-6-00178,SCH-V6,WO-0035,MESOP-00178,20,LINE-CDU-01,2026-10-31T07:00:00-06:00,2026-10-31T17:00:00-06:00,178,COOLANT_DISTRIBUTION_UNIT,20,1,true,true,true,OPEN,CURRENT
TEN-COOLIT-SYN-001,SITE-COOLIT-SYN-01,ERP,OPERATION_SCHEDULE,OPSCH-6-00179,MESOP-00179,RESOLVED,2026-09-25T23:59:59-06:00,2026-09-26T08:00:00-06:00,2026-06-29T00:00:00-06:00,,6,OPSCH-5-00179,false,ACTIVE,,,VALID,CURRENT,coolit-synthetic-v2.0.0,ALL_SYNTHETIC_CUSTOMERS,ALL_SYNTHETIC_PROGRAMS,CFG-CDU-04,SYNTHETIC_INTERNAL,SNP-COOLIT-20260925-BL,SCN-BASELINE,OPSCH-6-00179,SCH-V6,WO-0035,MESOP-00179,30,TEST-LEAK-01,2026-11-01T07:00:00-06:00,2026-11-01T17:00:00-06:00,179,COOLANT_DISTRIBUTION_UNIT,5,1,true,true,true,OPEN,CURRENT
TEN-COOLIT-SYN-001,SITE-COOLIT-SYN-01,ERP,OPERATION_SCHEDULE,OPSCH-6-00180,MESOP-00180,RESOLVED,2026-09-25T23:59:59-06:00,2026-09-26T08:00:00-06:00,2026-06-29T00:00:00-06:00,,6,OPSCH-5-00180,false,ACTIVE,,,VALID,CURRENT,coolit-synthetic-v2.0.0,ALL_SYNTHETIC_CUSTOMERS,ALL_SYNTHETIC_PROGRAMS,CFG-CDU-04,SYNTHETIC_INTERNAL,SNP-COOLIT-20260925-BL,SCN-BASELINE,OPSCH-6-00180,SCH-V6,WO-0035,MESOP-00180,40,TEST-LEAK-01,2026-11-02T07:00:00-06:00,2026-11-02T17:00:00-06:00,180,COOLANT_DISTRIBUTION_UNIT,5,2,true,true,true,OPEN,CURRENT
TEN-COOLIT-SYN-001,SITE-COOLIT-SYN-01,ERP,OPERATION_SCHEDULE,OPSCH-6-00181,MESOP-00181,RESOLVED,2026-09-25T23:59:59-06:00,2026-09-26T08:00:00-06:00,2026-06-29T00:00:00-06:00,,6,OPSCH-5-00181,false,ACTIVE,,,VALID,CURRENT,coolit-synthetic-v2.0.0,ALL_SYNTHETIC_CUSTOMERS,ALL_SYNTHETIC_PROGRAMS,CFG-RM-03,SYNTHETIC_INTERNAL,SNP-COOLIT-20260925-BL,SCN-BASELINE,OPSCH-6-00181,SCH-V6,WO-0036,MESOP-00181,10,CELL-ROBOT-01,2026-11-03T07:00:00-06:00,2026-11-03T17:00:00-06:00,181,RACK_MANIFOLD,5,1,true,true,true,OPEN,CURRENT
TEN-COOLIT-SYN-001,SITE-COOLIT-SYN-01,ERP,OPERATION_SCHEDULE,OPSCH-6-00182,MESOP-00182,RESOLVED,2026-09-25T23:59:59-06:00,2026-09-26T08:00:00-06:00,2026-06-29T00:00:00-06:00,,6,OPSCH-5-00182,false,ACTIVE,,,VALID,CURRENT,coolit-synthetic-v2.0.0,ALL_SYNTHETIC_CUSTOMERS,ALL_SYNTHETIC_PROGRAMS,CFG-RM-03,SYNTHETIC_INTERNAL,SNP-COOLIT-20260925-BL,SCN-BASELINE,OPSCH-6-00182,SCH-V6,WO-0036,MESOP-00182,20,LINE-RM-01,2026-11-04T07:00:00-06:00,2026-11-04T17:00:00-06:00,182,RACK_MANIFOLD,20,1,true,true,true,OPEN,CURRENT
TEN-COOLIT-SYN-001,SITE-COOLIT-SYN-01,ERP,OPERATION_SCHEDULE,OPSCH-6-00183,MESOP-00183,RESOLVED,2026-09-25T23:59:59-06:00,2026-09-26T08:00:00-06:00,2026-06-29T00:00:00-06:00,,6,OPSCH-5-00183,false,ACTIVE,,,VALID,CURRENT,coolit-synthetic-v2.0.0,ALL_SYNTHETIC_CUSTOMERS,ALL_SYNTHETIC_PROGRAMS,CFG-RM-03,SYNTHETIC_INTERNAL,SNP-COOLIT-20260925-BL,SCN-BASELINE,OPSCH-6-00183,SCH-V6,WO-0036,MESOP-00183,30,TEST-LEAK-01,2026-11-05T07:00:00-06:00,2026-11-05T17:00:00-06:00,183,RACK_MANIFOLD,5,1,true,true,true,OPEN,CURRENT
TEN-COOLIT-SYN-001,SITE-COOLIT-SYN-01,ERP,OPERATION_SCHEDULE,OPSCH-6-00184,MESOP-00184,RESOLVED,2026-09-25T23:59:59-06:00,2026-09-26T08:00:00-06:00,2026-06-29T00:00:00-06:00,,6,OPSCH-5-00184,false,ACTIVE,,,VALID,CURRENT,coolit-synthetic-v2.0.0,ALL_SYNTHETIC_CUSTOMERS,ALL_SYNTHETIC_PROGRAMS,CFG-RM-03,SYNTHETIC_INTERNAL,SNP-COOLIT-20260925-BL,SCN-BASELINE,OPSCH-6-00184,SCH-V6,WO-0036,MESOP-00184,40,TEST-LEAK-01,2026-11-06T07:00:00-06:00,2026-11-06T17:00:00-06:00,184,RACK_MANIFOLD,5,2,true,true,true,OPEN,CURRENT
TEN-COOLIT-SYN-001,SITE-COOLIT-SYN-01,ERP,OPERATION_SCHEDULE,OPSCH-6-00185,MESOP-00185,RESOLVED,2026-09-25T23:59:59-06:00,2026-09-26T08:00:00-06:00,2026-06-29T00:00:00-06:00,,6,OPSCH-5-00185,false,ACTIVE,,,VALID,CURRENT,coolit-synthetic-v2.0.0,ALL_SYNTHETIC_CUSTOMERS,ALL_SYNTHETIC_PROGRAMS,CFG-CPL-02,SYNTHETIC_INTERNAL,SNP-COOLIT-20260925-BL,SCN-BASELINE,OPSCH-6-00185,SCH-V6,WO-0037,MESOP-00185,10,CELL-ROBOT-01,2026-11-07T07:00:00-06:00,2026-11-07T17:00:00-06:00,185,COLDPLATE_LOOP,5,1,true,true,true,OPEN,CURRENT
TEN-COOLIT-SYN-001,SITE-COOLIT-SYN-01,ERP,OPERATION_SCHEDULE,OPSCH-6-00186,MESOP-00186,RESOLVED,2026-09-25T23:59:59-06:00,2026-09-26T08:00:00-06:00,2026-06-29T00:00:00-06:00,,6,OPSCH-5-00186,false,ACTIVE,,,VALID,CURRENT,coolit-synthetic-v2.0.0,ALL_SYNTHETIC_CUSTOMERS,ALL_SYNTHETIC_PROGRAMS,CFG-CPL-02,SYNTHETIC_INTERNAL,SNP-COOLIT-20260925-BL,SCN-BASELINE,OPSCH-6-00186,SCH-V6,WO-0037,MESOP-00186,20,LINE-CPL-01,2026-11-08T07:00:00-06:00,2026-11-08T17:00:00-06:00,186,COLDPLATE_LOOP,20,1,true,true,true,OPEN,CURRENT
TEN-COOLIT-SYN-001,SITE-COOLIT-SYN-01,ERP,OPERATION_SCHEDULE,OPSCH-6-00187,MESOP-00187,RESOLVED,2026-09-25T23:59:59-06:00,2026-09-26T08:00:00-06:00,2026-06-29T00:00:00-06:00,,6,OPSCH-5-00187,false,ACTIVE,,,VALID,CURRENT,coolit-synthetic-v2.0.0,ALL_SYNTHETIC_CUSTOMERS,ALL_SYNTHETIC_PROGRAMS,CFG-CPL-02,SYNTHETIC_INTERNAL,SNP-COOLIT-20260925-BL,SCN-BASELINE,OPSCH-6-00187,SCH-V6,WO-0037,MESOP-00187,30,TEST-LEAK-01,2026-11-09T07:00:00-06:00,2026-11-09T17:00:00-06:00,187,COLDPLATE_LOOP,5,1,true,false,true,OPEN,CURRENT
TEN-COOLIT-SYN-001,SITE-COOLIT-SYN-01,ERP,OPERATION_SCHEDULE,OPSCH-6-00188,MESOP-00188,RESOLVED,2026-09-25T23:59:59-06:00,2026-09-26T08:00:00-06:00,2026-06-29T00:00:00-06:00,,6,OPSCH-5-00188,false,ACTIVE,,,VALID,CURRENT,coolit-synthetic-v2.0.0,ALL_SYNTHETIC_CUSTOMERS,ALL_SYNTHETIC_PROGRAMS,CFG-CPL-02,SYNTHETIC_INTERNAL,SNP-COOLIT-20260925-BL,SCN-BASELINE,OPSCH-6-00188,SCH-V6,WO-0037,MESOP-00188,40,TEST-LEAK-01,2026-11-10T07:00:00-06:00,2026-11-10T17:00:00-06:00,188,COLDPLATE_LOOP,5,2,true,true,true,OPEN,CURRENT
TEN-COOLIT-SYN-001,SITE-COOLIT-SYN-01,ERP,OPERATION_SCHEDULE,OPSCH-6-00189,MESOP-00189,RESOLVED,2026-09-25T23:59:59-06:00,2026-09-26T08:00:00-06:00,2026-06-29T00:00:00-06:00,,6,OPSCH-5-00189,false,ACTIVE,,,VALID,CURRENT,coolit-synthetic-v2.0.0,ALL_SYNTHETIC_CUSTOMERS,ALL_SYNTHETIC_PROGRAMS,CFG-CDU-01,SYNTHETIC_INTERNAL,SNP-COOLIT-20260925-BL,SCN-BASELINE,OPSCH-6-00189,SCH-V6,WO-0038,MESOP-00189,10,CELL-ROBOT-01,2026-11-11T07:00:00-06:00,2026-11-11T17:00:00-06:00,189,COOLANT_DISTRIBUTION_UNIT,5,1,true,true,true,OPEN,CURRENT
TEN-COOLIT-SYN-001,SITE-COOLIT-SYN-01,ERP,OPERATION_SCHEDULE,OPSCH-6-00190,MESOP-00190,RESOLVED,2026-09-25T23:59:59-06:00,2026-09-26T08:00:00-06:00,2026-06-29T00:00:00-06:00,,6,OPSCH-5-00190,false,ACTIVE,,,VALID,CURRENT,coolit-synthetic-v2.0.0,ALL_SYNTHETIC_CUSTOMERS,ALL_SYNTHETIC_PROGRAMS,CFG-CDU-01,SYNTHETIC_INTERNAL,SNP-COOLIT-20260925-BL,SCN-BASELINE,OPSCH-6-00190,SCH-V6,WO-0038,MESOP-00190,20,LINE-CDU-01,2026-11-12T07:00:00-06:00,2026-11-12T17:00:00-06:00,190,COOLANT_DISTRIBUTION_UNIT,20,1,true,true,true,OPEN,CURRENT
TEN-COOLIT-SYN-001,SITE-COOLIT-SYN-01,ERP,OPERATION_SCHEDULE,OPSCH-6-00191,MESOP-00191,RESOLVED,2026-09-25T23:59:59-06:00,2026-09-26T08:00:00-06:00,2026-06-29T00:00:00-06:00,,6,OPSCH-5-00191,false,ACTIVE,,,VALID,CURRENT,coolit-synthetic-v2.0.0,ALL_SYNTHETIC_CUSTOMERS,ALL_SYNTHETIC_PROGRAMS,CFG-CDU-01,SYNTHETIC_INTERNAL,SNP-COOLIT-20260925-BL,SCN-BASELINE,OPSCH-6-00191,SCH-V6,WO-0038,MESOP-00191,30,TEST-LEAK-01,2026-11-13T07:00:00-06:00,2026-11-13T17:00:00-06:00,191,COOLANT_DISTRIBUTION_UNIT,5,1,true,true,true,OPEN,CURRENT
TEN-COOLIT-SYN-001,SITE-COOLIT-SYN-01,ERP,OPERATION_SCHEDULE,OPSCH-6-00192,MESOP-00192,RESOLVED,2026-09-25T23:59:59-06:00,2026-09-26T08:00:00-06:00,2026-06-29T00:00:00-06:00,,6,OPSCH-5-00192,false,ACTIVE,,,VALID,CURRENT,coolit-synthetic-v2.0.0,ALL_SYNTHETIC_CUSTOMERS,ALL_SYNTHETIC_PROGRAMS,CFG-CDU-01,SYNTHETIC_INTERNAL,SNP-COOLIT-20260925-BL,SCN-BASELINE,OPSCH-6-00192,SCH-V6,WO-0038,MESOP-00192,40,TEST-LEAK-01,2026-11-14T07:00:00-06:00,2026-11-14T17:00:00-06:00,192,COOLANT_DISTRIBUTION_UNIT,5,2,true,true,true,OPEN,CURRENT
TEN-COOLIT-SYN-001,SITE-COOLIT-SYN-01,ERP,OPERATION_SCHEDULE,OPSCH-6-00193,MESOP-00193,RESOLVED,2026-09-25T23:59:59-06:00,2026-09-26T08:00:00-06:00,2026-06-29T00:00:00-06:00,,6,OPSCH-5-00193,false,ACTIVE,,,VALID,CURRENT,coolit-synthetic-v2.0.0,ALL_SYNTHETIC_CUSTOMERS,ALL_SYNTHETIC_PROGRAMS,CFG-CPL-04,SYNTHETIC_INTERNAL,SNP-COOLIT-20260925-BL,SCN-BASELINE,OPSCH-6-00193,SCH-V6,WO-0039,MESOP-00193,10,CELL-ROBOT-01,2026-11-15T07:00:00-06:00,2026-11-15T17:00:00-06:00,193,COLDPLATE_LOOP,5,1,true,true,true,OPEN,CURRENT
TEN-COOLIT-SYN-001,SITE-COOLIT-SYN-01,ERP,OPERATION_SCHEDULE,OPSCH-6-00194,MESOP-00194,RESOLVED,2026-09-25T23:59:59-06:00,2026-09-26T08:00:00-06:00,2026-06-29T00:00:00-06:00,,6,OPSCH-5-00194,false,ACTIVE,,,VALID,CURRENT,coolit-synthetic-v2.0.0,ALL_SYNTHETIC_CUSTOMERS,ALL_SYNTHETIC_PROGRAMS,CFG-CPL-04,SYNTHETIC_INTERNAL,SNP-COOLIT-20260925-BL,SCN-BASELINE,OPSCH-6-00194,SCH-V6,WO-0039,MESOP-00194,20,LINE-CPL-01,2026-11-16T07:00:00-06:00,2026-11-16T17:00:00-06:00,194,COLDPLATE_LOOP,20,1,true,true,true,OPEN,CURRENT
TEN-COOLIT-SYN-001,SITE-COOLIT-SYN-01,ERP,OPERATION_SCHEDULE,OPSCH-6-00195,MESOP-00195,RESOLVED,2026-09-25T23:59:59-06:00,2026-09-26T08:00:00-06:00,2026-06-29T00:00:00-06:00,,6,OPSCH-5-00195,false,ACTIVE,,,VALID,CURRENT,coolit-synthetic-v2.0.0,ALL_SYNTHETIC_CUSTOMERS,ALL_SYNTHETIC_PROGRAMS,CFG-CPL-04,SYNTHETIC_INTERNAL,SNP-COOLIT-20260925-BL,SCN-BASELINE,OPSCH-6-00195,SCH-V6,WO-0039,MESOP-00195,30,TEST-LEAK-01,2026-11-17T07:00:00-06:00,2026-11-17T17:00:00-06:00,195,COLDPLATE_LOOP,5,1,true,true,true,OPEN,CURRENT
TEN-COOLIT-SYN-001,SITE-COOLIT-SYN-01,ERP,OPERATION_SCHEDULE,OPSCH-6-00196,MESOP-00196,RESOLVED,2026-09-25T23:59:59-06:00,2026-09-26T08:00:00-06:00,2026-06-29T00:00:00-06:00,,6,OPSCH-5-00196,false,ACTIVE,,,VALID,CURRENT,coolit-synthetic-v2.0.0,ALL_SYNTHETIC_CUSTOMERS,ALL_SYNTHETIC_PROGRAMS,CFG-CPL-04,SYNTHETIC_INTERNAL,SNP-COOLIT-20260925-BL,SCN-BASELINE,OPSCH-6-00196,SCH-V6,WO-0039,MESOP-00196,40,TEST-LEAK-01,2026-11-18T07:00:00-06:00,2026-11-18T17:00:00-06:00,196,COLDPLATE_LOOP,5,2,true,true,true,OPEN,CURRENT
TEN-COOLIT-SYN-001,SITE-COOLIT-SYN-01,ERP,OPERATION_SCHEDULE,OPSCH-6-00197,MESOP-00197,RESOLVED,2026-09-25T23:59:59-06:00,2026-09-26T08:00:00-06:00,2026-06-29T00:00:00-06:00,,6,OPSCH-5-00197,false,ACTIVE,,,VALID,CURRENT,coolit-synthetic-v2.0.0,ALL_SYNTHETIC_CUSTOMERS,ALL_SYNTHETIC_PROGRAMS,CFG-CDU-03,SYNTHETIC_INTERNAL,SNP-COOLIT-20260925-BL,SCN-BASELINE,OPSCH-6-00197,SCH-V6,WO-0040,MESOP-00197,10,CELL-ROBOT-01,2026-11-19T07:00:00-06:00,2026-11-19T17:00:00-06:00,197,COOLANT_DISTRIBUTION_UNIT,5,1,true,true,true,OPEN,CURRENT
TEN-COOLIT-SYN-001,SITE-COOLIT-SYN-01,ERP,OPERATION_SCHEDULE,OPSCH-6-00198,MESOP-00198,RESOLVED,2026-09-25T23:59:59-06:00,2026-09-26T08:00:00-06:00,2026-06-29T00:00:00-06:00,,6,OPSCH-5-00198,false,ACTIVE,,,VALID,CURRENT,coolit-synthetic-v2.0.0,ALL_SYNTHETIC_CUSTOMERS,ALL_SYNTHETIC_PROGRAMS,CFG-CDU-03,SYNTHETIC_INTERNAL,SNP-COOLIT-20260925-BL,SCN-BASELINE,OPSCH-6-00198,SCH-V6,WO-0040,MESOP-00198,20,LINE-CDU-01,2026-11-20T07:00:00-06:00,2026-11-20T17:00:00-06:00,198,COOLANT_DISTRIBUTION_UNIT,20,1,true,true,true,OPEN,CURRENT
TEN-COOLIT-SYN-001,SITE-COOLIT-SYN-01,ERP,OPERATION_SCHEDULE,OPSCH-6-00199,MESOP-00199,RESOLVED,2026-09-25T23:59:59-06:00,2026-09-26T08:00:00-06:00,2026-06-29T00:00:00-06:00,,6,OPSCH-5-00199,false,ACTIVE,,,VALID,CURRENT,coolit-synthetic-v2.0.0,ALL_SYNTHETIC_CUSTOMERS,ALL_SYNTHETIC_PROGRAMS,CFG-CDU-03,SYNTHETIC_INTERNAL,SNP-COOLIT-20260925-BL,SCN-BASELINE,OPSCH-6-00199,SCH-V6,WO-0040,MESOP-00199,30,TEST-LEAK-01,2026-11-21T07:00:00-06:00,2026-11-21T17:00:00-06:00,199,COOLANT_DISTRIBUTION_UNIT,5,1,true,true,true,OPEN,CURRENT
TEN-COOLIT-SYN-001,SITE-COOLIT-SYN-01,ERP,OPERATION_SCHEDULE,OPSCH-6-00200,MESOP-00200,RESOLVED,2026-09-25T23:59:59-06:00,2026-09-26T08:00:00-06:00,2026-06-29T00:00:00-06:00,,6,OPSCH-5-00200,false,ACTIVE,,,VALID,CURRENT,coolit-synthetic-v2.0.0,ALL_SYNTHETIC_CUSTOMERS,ALL_SYNTHETIC_PROGRAMS,CFG-CDU-03,SYNTHETIC_INTERNAL,SNP-COOLIT-20260925-BL,SCN-BASELINE,OPSCH-6-00200,SCH-V6,WO-0040,MESOP-00200,40,TEST-LEAK-01,2026-11-22T07:00:00-06:00,2026-11-22T17:00:00-06:00,200,COOLANT_DISTRIBUTION_UNIT,5,2,true,true,true,OPEN,CURRENT
