tenant_id,site_id,source_system,source_object,source_record_id,canonical_id,crosswalk_status,source_event_at,ingested_at,effective_from,effective_to,record_version,supersedes_source_record_id,is_deleted,semantic_status,uom,currency,data_quality_state,freshness_state,transformation_version,customer_scope,program_scope,product_scope,sensitivity_class,snapshot_id,scenario_id,resource_calendar_id,resource_id,calendar_week_id,available_minutes,regular_minutes,overtime_minutes,maintenance_minutes,skill_or_capability,exception_code,period_type
TEN-COOLIT-SYN-001,SITE-COOLIT-SYN-01,MES,RESOURCE_CALENDAR,RCAL-LINE-CPL-01-2026-H01,RCAL-LINE-CPL-01-2026-H01,RESOLVED,2026-09-25T23:59:59-06:00,2026-09-26T08:00:00-06:00,2026-06-29T00:00:00-06:00,,1,,false,ACTUAL,,,VALID,CURRENT,coolit-synthetic-v2.0.0,ALL_SYNTHETIC_CUSTOMERS,ALL_SYNTHETIC_PROGRAMS,ALL_SYNTHETIC_PRODUCTS,SYNTHETIC_INTERNAL,SNP-COOLIT-20260925-BL,SCN-BASELINE,RCAL-LINE-CPL-01-2026-H01,LINE-CPL-01,2026-H01,4800,4200,0,240,COLDPLATE_LOOP_ASSEMBLY,PLANNED_MAINTENANCE,HISTORICAL_ACTUAL
TEN-COOLIT-SYN-001,SITE-COOLIT-SYN-01,MES,RESOURCE_CALENDAR,RCAL-LINE-CPL-01-2026-H02,RCAL-LINE-CPL-01-2026-H02,RESOLVED,2026-09-25T23:59:59-06:00,2026-09-26T08:00:00-06:00,2026-06-29T00:00:00-06:00,,1,,false,ACTUAL,,,VALID,CURRENT,coolit-synthetic-v2.0.0,ALL_SYNTHETIC_CUSTOMERS,ALL_SYNTHETIC_PROGRAMS,ALL_SYNTHETIC_PRODUCTS,SYNTHETIC_INTERNAL,SNP-COOLIT-20260925-BL,SCN-BASELINE,RCAL-LINE-CPL-01-2026-H02,LINE-CPL-01,2026-H02,4800,4200,0,0,COLDPLATE_LOOP_ASSEMBLY,,HISTORICAL_ACTUAL
TEN-COOLIT-SYN-001,SITE-COOLIT-SYN-01,MES,RESOURCE_CALENDAR,RCAL-LINE-CPL-01-2026-H03,RCAL-LINE-CPL-01-2026-H03,RESOLVED,2026-09-25T23:59:59-06:00,2026-09-26T08:00:00-06:00,2026-06-29T00:00:00-06:00,,1,,false,ACTUAL,,,VALID,CURRENT,coolit-synthetic-v2.0.0,ALL_SYNTHETIC_CUSTOMERS,ALL_SYNTHETIC_PROGRAMS,ALL_SYNTHETIC_PRODUCTS,SYNTHETIC_INTERNAL,SNP-COOLIT-20260925-BL,SCN-BASELINE,RCAL-LINE-CPL-01-2026-H03,LINE-CPL-01,2026-H03,4800,4200,0,0,COLDPLATE_LOOP_ASSEMBLY,,HISTORICAL_ACTUAL
TEN-COOLIT-SYN-001,SITE-COOLIT-SYN-01,MES,RESOURCE_CALENDAR,RCAL-LINE-CPL-01-2026-H04,RCAL-LINE-CPL-01-2026-H04,RESOLVED,2026-09-25T23:59:59-06:00,2026-09-26T08:00:00-06:00,2026-06-29T00:00:00-06:00,,1,,false,ACTUAL,,,VALID,CURRENT,coolit-synthetic-v2.0.0,ALL_SYNTHETIC_CUSTOMERS,ALL_SYNTHETIC_PROGRAMS,ALL_SYNTHETIC_PRODUCTS,SYNTHETIC_INTERNAL,SNP-COOLIT-20260925-BL,SCN-BASELINE,RCAL-LINE-CPL-01-2026-H04,LINE-CPL-01,2026-H04,4800,4200,0,0,COLDPLATE_LOOP_ASSEMBLY,,HISTORICAL_ACTUAL
TEN-COOLIT-SYN-001,SITE-COOLIT-SYN-01,MES,RESOURCE_CALENDAR,RCAL-LINE-CPL-01-2026-H05,RCAL-LINE-CPL-01-2026-H05,RESOLVED,2026-09-25T23:59:59-06:00,2026-09-26T08:00:00-06:00,2026-06-29T00:00:00-06:00,,1,,false,ACTUAL,,,VALID,CURRENT,coolit-synthetic-v2.0.0,ALL_SYNTHETIC_CUSTOMERS,ALL_SYNTHETIC_PROGRAMS,ALL_SYNTHETIC_PRODUCTS,SYNTHETIC_INTERNAL,SNP-COOLIT-20260925-BL,SCN-BASELINE,RCAL-LINE-CPL-01-2026-H05,LINE-CPL-01,2026-H05,4800,4200,0,0,COLDPLATE_LOOP_ASSEMBLY,,HISTORICAL_ACTUAL
TEN-COOLIT-SYN-001,SITE-COOLIT-SYN-01,MES,RESOURCE_CALENDAR,RCAL-LINE-CPL-01-2026-H06,RCAL-LINE-CPL-01-2026-H06,RESOLVED,2026-09-25T23:59:59-06:00,2026-09-26T08:00:00-06:00,2026-06-29T00:00:00-06:00,,1,,false,ACTUAL,,,VALID,CURRENT,coolit-synthetic-v2.0.0,ALL_SYNTHETIC_CUSTOMERS,ALL_SYNTHETIC_PROGRAMS,ALL_SYNTHETIC_PRODUCTS,SYNTHETIC_INTERNAL,SNP-COOLIT-20260925-BL,SCN-BASELINE,RCAL-LINE-CPL-01-2026-H06,LINE-CPL-01,2026-H06,4800,4200,0,0,COLDPLATE_LOOP_ASSEMBLY,,HISTORICAL_ACTUAL
TEN-COOLIT-SYN-001,SITE-COOLIT-SYN-01,MES,RESOURCE_CALENDAR,RCAL-LINE-CPL-01-2026-H07,RCAL-LINE-CPL-01-2026-H07,RESOLVED,2026-09-25T23:59:59-06:00,2026-09-26T08:00:00-06:00,2026-06-29T00:00:00-06:00,,1,,false,ACTUAL,,,VALID,CURRENT,coolit-synthetic-v2.0.0,ALL_SYNTHETIC_CUSTOMERS,ALL_SYNTHETIC_PROGRAMS,ALL_SYNTHETIC_PRODUCTS,SYNTHETIC_INTERNAL,SNP-COOLIT-20260925-BL,SCN-BASELINE,RCAL-LINE-CPL-01-2026-H07,LINE-CPL-01,2026-H07,4800,4200,0,0,COLDPLATE_LOOP_ASSEMBLY,,HISTORICAL_ACTUAL
TEN-COOLIT-SYN-001,SITE-COOLIT-SYN-01,MES,RESOURCE_CALENDAR,RCAL-LINE-CPL-01-2026-H08,RCAL-LINE-CPL-01-2026-H08,RESOLVED,2026-09-25T23:59:59-06:00,2026-09-26T08:00:00-06:00,2026-06-29T00:00:00-06:00,,1,,false,ACTUAL,,,VALID,CURRENT,coolit-synthetic-v2.0.0,ALL_SYNTHETIC_CUSTOMERS,ALL_SYNTHETIC_PROGRAMS,ALL_SYNTHETIC_PRODUCTS,SYNTHETIC_INTERNAL,SNP-COOLIT-20260925-BL,SCN-BASELINE,RCAL-LINE-CPL-01-2026-H08,LINE-CPL-01,2026-H08,4800,4200,0,0,COLDPLATE_LOOP_ASSEMBLY,,HISTORICAL_ACTUAL
TEN-COOLIT-SYN-001,SITE-COOLIT-SYN-01,MES,RESOURCE_CALENDAR,RCAL-LINE-CPL-01-2026-H09,RCAL-LINE-CPL-01-2026-H09,RESOLVED,2026-09-25T23:59:59-06:00,2026-09-26T08:00:00-06:00,2026-06-29T00:00:00-06:00,,1,,false,ACTUAL,,,VALID,CURRENT,coolit-synthetic-v2.0.0,ALL_SYNTHETIC_CUSTOMERS,ALL_SYNTHETIC_PROGRAMS,ALL_SYNTHETIC_PRODUCTS,SYNTHETIC_INTERNAL,SNP-COOLIT-20260925-BL,SCN-BASELINE,RCAL-LINE-CPL-01-2026-H09,LINE-CPL-01,2026-H09,4800,4200,0,240,COLDPLATE_LOOP_ASSEMBLY,PLANNED_MAINTENANCE,HISTORICAL_ACTUAL
TEN-COOLIT-SYN-001,SITE-COOLIT-SYN-01,MES,RESOURCE_CALENDAR,RCAL-LINE-CPL-01-2026-H10,RCAL-LINE-CPL-01-2026-H10,RESOLVED,2026-09-25T23:59:59-06:00,2026-09-26T08:00:00-06:00,2026-06-29T00:00:00-06:00,,1,,false,ACTUAL,,,VALID,CURRENT,coolit-synthetic-v2.0.0,ALL_SYNTHETIC_CUSTOMERS,ALL_SYNTHETIC_PROGRAMS,ALL_SYNTHETIC_PRODUCTS,SYNTHETIC_INTERNAL,SNP-COOLIT-20260925-BL,SCN-BASELINE,RCAL-LINE-CPL-01-2026-H10,LINE-CPL-01,2026-H10,4800,4200,0,0,COLDPLATE_LOOP_ASSEMBLY,,HISTORICAL_ACTUAL
TEN-COOLIT-SYN-001,SITE-COOLIT-SYN-01,MES,RESOURCE_CALENDAR,RCAL-LINE-CPL-01-2026-H11,RCAL-LINE-CPL-01-2026-H11,RESOLVED,2026-09-25T23:59:59-06:00,2026-09-26T08:00:00-06:00,2026-06-29T00:00:00-06:00,,1,,false,ACTUAL,,,VALID,CURRENT,coolit-synthetic-v2.0.0,ALL_SYNTHETIC_CUSTOMERS,ALL_SYNTHETIC_PROGRAMS,ALL_SYNTHETIC_PRODUCTS,SYNTHETIC_INTERNAL,SNP-COOLIT-20260925-BL,SCN-BASELINE,RCAL-LINE-CPL-01-2026-H11,LINE-CPL-01,2026-H11,4800,4200,0,0,COLDPLATE_LOOP_ASSEMBLY,,HISTORICAL_ACTUAL
TEN-COOLIT-SYN-001,SITE-COOLIT-SYN-01,MES,RESOURCE_CALENDAR,RCAL-LINE-CPL-01-2026-H12,RCAL-LINE-CPL-01-2026-H12,RESOLVED,2026-09-25T23:59:59-06:00,2026-09-26T08:00:00-06:00,2026-06-29T00:00:00-06:00,,1,,false,ACTUAL,,,VALID,CURRENT,coolit-synthetic-v2.0.0,ALL_SYNTHETIC_CUSTOMERS,ALL_SYNTHETIC_PROGRAMS,ALL_SYNTHETIC_PRODUCTS,SYNTHETIC_INTERNAL,SNP-COOLIT-20260925-BL,SCN-BASELINE,RCAL-LINE-CPL-01-2026-H12,LINE-CPL-01,2026-H12,4800,4200,0,0,COLDPLATE_LOOP_ASSEMBLY,,HISTORICAL_ACTUAL
TEN-COOLIT-SYN-001,SITE-COOLIT-SYN-01,MES,RESOURCE_CALENDAR,RCAL-LINE-CPL-01-2026-H13,RCAL-LINE-CPL-01-2026-H13,RESOLVED,2026-09-25T23:59:59-06:00,2026-09-26T08:00:00-06:00,2026-06-29T00:00:00-06:00,,1,,false,ACTUAL,,,VALID,CURRENT,coolit-synthetic-v2.0.0,ALL_SYNTHETIC_CUSTOMERS,ALL_SYNTHETIC_PROGRAMS,ALL_SYNTHETIC_PRODUCTS,SYNTHETIC_INTERNAL,SNP-COOLIT-20260925-BL,SCN-BASELINE,RCAL-LINE-CPL-01-2026-H13,LINE-CPL-01,2026-H13,4800,4200,0,0,COLDPLATE_LOOP_ASSEMBLY,,HISTORICAL_ACTUAL
TEN-COOLIT-SYN-001,SITE-COOLIT-SYN-01,MES,RESOURCE_CALENDAR,RCAL-LINE-CPL-01-2026-H14,RCAL-LINE-CPL-01-2026-H14,RESOLVED,2026-09-25T23:59:59-06:00,2026-09-26T08:00:00-06:00,2026-06-29T00:00:00-06:00,,1,,false,ACTUAL,,,VALID,CURRENT,coolit-synthetic-v2.0.0,ALL_SYNTHETIC_CUSTOMERS,ALL_SYNTHETIC_PROGRAMS,ALL_SYNTHETIC_PRODUCTS,SYNTHETIC_INTERNAL,SNP-COOLIT-20260925-BL,SCN-BASELINE,RCAL-LINE-CPL-01-2026-H14,LINE-CPL-01,2026-H14,4800,4200,0,0,COLDPLATE_LOOP_ASSEMBLY,,HISTORICAL_ACTUAL
TEN-COOLIT-SYN-001,SITE-COOLIT-SYN-01,MES,RESOURCE_CALENDAR,RCAL-LINE-CPL-01-2026-H15,RCAL-LINE-CPL-01-2026-H15,RESOLVED,2026-09-25T23:59:59-06:00,2026-09-26T08:00:00-06:00,2026-06-29T00:00:00-06:00,,1,,false,ACTUAL,,,VALID,CURRENT,coolit-synthetic-v2.0.0,ALL_SYNTHETIC_CUSTOMERS,ALL_SYNTHETIC_PROGRAMS,ALL_SYNTHETIC_PRODUCTS,SYNTHETIC_INTERNAL,SNP-COOLIT-20260925-BL,SCN-BASELINE,RCAL-LINE-CPL-01-2026-H15,LINE-CPL-01,2026-H15,4800,4200,0,0,COLDPLATE_LOOP_ASSEMBLY,,HISTORICAL_ACTUAL
TEN-COOLIT-SYN-001,SITE-COOLIT-SYN-01,MES,RESOURCE_CALENDAR,RCAL-LINE-CPL-01-2026-H16,RCAL-LINE-CPL-01-2026-H16,RESOLVED,2026-09-25T23:59:59-06:00,2026-09-26T08:00:00-06:00,2026-06-29T00:00:00-06:00,,1,,false,ACTUAL,,,VALID,CURRENT,coolit-synthetic-v2.0.0,ALL_SYNTHETIC_CUSTOMERS,ALL_SYNTHETIC_PROGRAMS,ALL_SYNTHETIC_PRODUCTS,SYNTHETIC_INTERNAL,SNP-COOLIT-20260925-BL,SCN-BASELINE,RCAL-LINE-CPL-01-2026-H16,LINE-CPL-01,2026-H16,4800,4200,0,0,COLDPLATE_LOOP_ASSEMBLY,,HISTORICAL_ACTUAL
TEN-COOLIT-SYN-001,SITE-COOLIT-SYN-01,MES,RESOURCE_CALENDAR,RCAL-LINE-CPL-01-2026-H17,RCAL-LINE-CPL-01-2026-H17,RESOLVED,2026-09-25T23:59:59-06:00,2026-09-26T08:00:00-06:00,2026-06-29T00:00:00-06:00,,1,,false,ACTUAL,,,VALID,CURRENT,coolit-synthetic-v2.0.0,ALL_SYNTHETIC_CUSTOMERS,ALL_SYNTHETIC_PROGRAMS,ALL_SYNTHETIC_PRODUCTS,SYNTHETIC_INTERNAL,SNP-COOLIT-20260925-BL,SCN-BASELINE,RCAL-LINE-CPL-01-2026-H17,LINE-CPL-01,2026-H17,4800,4200,0,240,COLDPLATE_LOOP_ASSEMBLY,PLANNED_MAINTENANCE,HISTORICAL_ACTUAL
TEN-COOLIT-SYN-001,SITE-COOLIT-SYN-01,MES,RESOURCE_CALENDAR,RCAL-LINE-CPL-01-2026-H18,RCAL-LINE-CPL-01-2026-H18,RESOLVED,2026-09-25T23:59:59-06:00,2026-09-26T08:00:00-06:00,2026-06-29T00:00:00-06:00,,1,,false,ACTUAL,,,VALID,CURRENT,coolit-synthetic-v2.0.0,ALL_SYNTHETIC_CUSTOMERS,ALL_SYNTHETIC_PROGRAMS,ALL_SYNTHETIC_PRODUCTS,SYNTHETIC_INTERNAL,SNP-COOLIT-20260925-BL,SCN-BASELINE,RCAL-LINE-CPL-01-2026-H18,LINE-CPL-01,2026-H18,4800,4200,0,0,COLDPLATE_LOOP_ASSEMBLY,,HISTORICAL_ACTUAL
TEN-COOLIT-SYN-001,SITE-COOLIT-SYN-01,MES,RESOURCE_CALENDAR,RCAL-LINE-CPL-01-2026-H19,RCAL-LINE-CPL-01-2026-H19,RESOLVED,2026-09-25T23:59:59-06:00,2026-09-26T08:00:00-06:00,2026-06-29T00:00:00-06:00,,1,,false,ACTUAL,,,VALID,CURRENT,coolit-synthetic-v2.0.0,ALL_SYNTHETIC_CUSTOMERS,ALL_SYNTHETIC_PROGRAMS,ALL_SYNTHETIC_PRODUCTS,SYNTHETIC_INTERNAL,SNP-COOLIT-20260925-BL,SCN-BASELINE,RCAL-LINE-CPL-01-2026-H19,LINE-CPL-01,2026-H19,4800,4200,0,0,COLDPLATE_LOOP_ASSEMBLY,,HISTORICAL_ACTUAL
TEN-COOLIT-SYN-001,SITE-COOLIT-SYN-01,MES,RESOURCE_CALENDAR,RCAL-LINE-CPL-01-2026-H20,RCAL-LINE-CPL-01-2026-H20,RESOLVED,2026-09-25T23:59:59-06:00,2026-09-26T08:00:00-06:00,2026-06-29T00:00:00-06:00,,1,,false,ACTUAL,,,VALID,CURRENT,coolit-synthetic-v2.0.0,ALL_SYNTHETIC_CUSTOMERS,ALL_SYNTHETIC_PROGRAMS,ALL_SYNTHETIC_PRODUCTS,SYNTHETIC_INTERNAL,SNP-COOLIT-20260925-BL,SCN-BASELINE,RCAL-LINE-CPL-01-2026-H20,LINE-CPL-01,2026-H20,4800,4200,0,0,COLDPLATE_LOOP_ASSEMBLY,,HISTORICAL_ACTUAL
TEN-COOLIT-SYN-001,SITE-COOLIT-SYN-01,MES,RESOURCE_CALENDAR,RCAL-LINE-CPL-01-2026-H21,RCAL-LINE-CPL-01-2026-H21,RESOLVED,2026-09-25T23:59:59-06:00,2026-09-26T08:00:00-06:00,2026-06-29T00:00:00-06:00,,1,,false,ACTUAL,,,VALID,CURRENT,coolit-synthetic-v2.0.0,ALL_SYNTHETIC_CUSTOMERS,ALL_SYNTHETIC_PROGRAMS,ALL_SYNTHETIC_PRODUCTS,SYNTHETIC_INTERNAL,SNP-COOLIT-20260925-BL,SCN-BASELINE,RCAL-LINE-CPL-01-2026-H21,LINE-CPL-01,2026-H21,4800,4200,0,0,COLDPLATE_LOOP_ASSEMBLY,,HISTORICAL_ACTUAL
TEN-COOLIT-SYN-001,SITE-COOLIT-SYN-01,MES,RESOURCE_CALENDAR,RCAL-LINE-CPL-01-2026-H22,RCAL-LINE-CPL-01-2026-H22,RESOLVED,2026-09-25T23:59:59-06:00,2026-09-26T08:00:00-06:00,2026-06-29T00:00:00-06:00,,1,,false,ACTUAL,,,VALID,CURRENT,coolit-synthetic-v2.0.0,ALL_SYNTHETIC_CUSTOMERS,ALL_SYNTHETIC_PROGRAMS,ALL_SYNTHETIC_PRODUCTS,SYNTHETIC_INTERNAL,SNP-COOLIT-20260925-BL,SCN-BASELINE,RCAL-LINE-CPL-01-2026-H22,LINE-CPL-01,2026-H22,4800,4200,0,0,COLDPLATE_LOOP_ASSEMBLY,,HISTORICAL_ACTUAL
TEN-COOLIT-SYN-001,SITE-COOLIT-SYN-01,MES,RESOURCE_CALENDAR,RCAL-LINE-CPL-01-2026-H23,RCAL-LINE-CPL-01-2026-H23,RESOLVED,2026-09-25T23:59:59-06:00,2026-09-26T08:00:00-06:00,2026-06-29T00:00:00-06:00,,1,,false,ACTUAL,,,VALID,CURRENT,coolit-synthetic-v2.0.0,ALL_SYNTHETIC_CUSTOMERS,ALL_SYNTHETIC_PROGRAMS,ALL_SYNTHETIC_PRODUCTS,SYNTHETIC_INTERNAL,SNP-COOLIT-20260925-BL,SCN-BASELINE,RCAL-LINE-CPL-01-2026-H23,LINE-CPL-01,2026-H23,4800,4200,0,0,COLDPLATE_LOOP_ASSEMBLY,,HISTORICAL_ACTUAL
TEN-COOLIT-SYN-001,SITE-COOLIT-SYN-01,MES,RESOURCE_CALENDAR,RCAL-LINE-CPL-01-2026-H24,RCAL-LINE-CPL-01-2026-H24,RESOLVED,2026-09-25T23:59:59-06:00,2026-09-26T08:00:00-06:00,2026-06-29T00:00:00-06:00,,1,,false,ACTUAL,,,VALID,CURRENT,coolit-synthetic-v2.0.0,ALL_SYNTHETIC_CUSTOMERS,ALL_SYNTHETIC_PROGRAMS,ALL_SYNTHETIC_PRODUCTS,SYNTHETIC_INTERNAL,SNP-COOLIT-20260925-BL,SCN-BASELINE,RCAL-LINE-CPL-01-2026-H24,LINE-CPL-01,2026-H24,4800,4200,0,0,COLDPLATE_LOOP_ASSEMBLY,,HISTORICAL_ACTUAL
TEN-COOLIT-SYN-001,SITE-COOLIT-SYN-01,MES,RESOURCE_CALENDAR,RCAL-LINE-CPL-01-2026-H25,RCAL-LINE-CPL-01-2026-H25,RESOLVED,2026-09-25T23:59:59-06:00,2026-09-26T08:00:00-06:00,2026-06-29T00:00:00-06:00,,1,,false,ACTUAL,,,VALID,CURRENT,coolit-synthetic-v2.0.0,ALL_SYNTHETIC_CUSTOMERS,ALL_SYNTHETIC_PROGRAMS,ALL_SYNTHETIC_PRODUCTS,SYNTHETIC_INTERNAL,SNP-COOLIT-20260925-BL,SCN-BASELINE,RCAL-LINE-CPL-01-2026-H25,LINE-CPL-01,2026-H25,4800,4200,0,240,COLDPLATE_LOOP_ASSEMBLY,PLANNED_MAINTENANCE,HISTORICAL_ACTUAL
TEN-COOLIT-SYN-001,SITE-COOLIT-SYN-01,MES,RESOURCE_CALENDAR,RCAL-LINE-CPL-01-2026-H26,RCAL-LINE-CPL-01-2026-H26,RESOLVED,2026-09-25T23:59:59-06:00,2026-09-26T08:00:00-06:00,2026-06-29T00:00:00-06:00,,1,,false,ACTUAL,,,VALID,CURRENT,coolit-synthetic-v2.0.0,ALL_SYNTHETIC_CUSTOMERS,ALL_SYNTHETIC_PROGRAMS,ALL_SYNTHETIC_PRODUCTS,SYNTHETIC_INTERNAL,SNP-COOLIT-20260925-BL,SCN-BASELINE,RCAL-LINE-CPL-01-2026-H26,LINE-CPL-01,2026-H26,4800,4200,0,0,COLDPLATE_LOOP_ASSEMBLY,,HISTORICAL_ACTUAL
TEN-COOLIT-SYN-001,SITE-COOLIT-SYN-01,MES,RESOURCE_CALENDAR,RCAL-LINE-CPL-01-2026-H27,RCAL-LINE-CPL-01-2026-H27,RESOLVED,2026-09-25T23:59:59-06:00,2026-09-26T08:00:00-06:00,2026-06-29T00:00:00-06:00,,1,,false,ACTUAL,,,VALID,CURRENT,coolit-synthetic-v2.0.0,ALL_SYNTHETIC_CUSTOMERS,ALL_SYNTHETIC_PROGRAMS,ALL_SYNTHETIC_PRODUCTS,SYNTHETIC_INTERNAL,SNP-COOLIT-20260925-BL,SCN-BASELINE,RCAL-LINE-CPL-01-2026-H27,LINE-CPL-01,2026-H27,4800,4200,0,0,COLDPLATE_LOOP_ASSEMBLY,,HISTORICAL_ACTUAL
TEN-COOLIT-SYN-001,SITE-COOLIT-SYN-01,MES,RESOURCE_CALENDAR,RCAL-LINE-CPL-01-2026-H28,RCAL-LINE-CPL-01-2026-H28,RESOLVED,2026-09-25T23:59:59-06:00,2026-09-26T08:00:00-06:00,2026-06-29T00:00:00-06:00,,1,,false,ACTUAL,,,VALID,CURRENT,coolit-synthetic-v2.0.0,ALL_SYNTHETIC_CUSTOMERS,ALL_SYNTHETIC_PROGRAMS,ALL_SYNTHETIC_PRODUCTS,SYNTHETIC_INTERNAL,SNP-COOLIT-20260925-BL,SCN-BASELINE,RCAL-LINE-CPL-01-2026-H28,LINE-CPL-01,2026-H28,4800,4200,0,0,COLDPLATE_LOOP_ASSEMBLY,,HISTORICAL_ACTUAL
TEN-COOLIT-SYN-001,SITE-COOLIT-SYN-01,MES,RESOURCE_CALENDAR,RCAL-LINE-CPL-01-2026-H29,RCAL-LINE-CPL-01-2026-H29,RESOLVED,2026-09-25T23:59:59-06:00,2026-09-26T08:00:00-06:00,2026-06-29T00:00:00-06:00,,1,,false,ACTUAL,,,VALID,CURRENT,coolit-synthetic-v2.0.0,ALL_SYNTHETIC_CUSTOMERS,ALL_SYNTHETIC_PROGRAMS,ALL_SYNTHETIC_PRODUCTS,SYNTHETIC_INTERNAL,SNP-COOLIT-20260925-BL,SCN-BASELINE,RCAL-LINE-CPL-01-2026-H29,LINE-CPL-01,2026-H29,4800,4200,0,0,COLDPLATE_LOOP_ASSEMBLY,,HISTORICAL_ACTUAL
TEN-COOLIT-SYN-001,SITE-COOLIT-SYN-01,MES,RESOURCE_CALENDAR,RCAL-LINE-CPL-01-2026-H30,RCAL-LINE-CPL-01-2026-H30,RESOLVED,2026-09-25T23:59:59-06:00,2026-09-26T08:00:00-06:00,2026-06-29T00:00:00-06:00,,1,,false,ACTUAL,,,VALID,CURRENT,coolit-synthetic-v2.0.0,ALL_SYNTHETIC_CUSTOMERS,ALL_SYNTHETIC_PROGRAMS,ALL_SYNTHETIC_PRODUCTS,SYNTHETIC_INTERNAL,SNP-COOLIT-20260925-BL,SCN-BASELINE,RCAL-LINE-CPL-01-2026-H30,LINE-CPL-01,2026-H30,4800,4200,0,0,COLDPLATE_LOOP_ASSEMBLY,,HISTORICAL_ACTUAL
TEN-COOLIT-SYN-001,SITE-COOLIT-SYN-01,MES,RESOURCE_CALENDAR,RCAL-LINE-CPL-01-2026-H31,RCAL-LINE-CPL-01-2026-H31,RESOLVED,2026-09-25T23:59:59-06:00,2026-09-26T08:00:00-06:00,2026-06-29T00:00:00-06:00,,1,,false,ACTUAL,,,VALID,CURRENT,coolit-synthetic-v2.0.0,ALL_SYNTHETIC_CUSTOMERS,ALL_SYNTHETIC_PROGRAMS,ALL_SYNTHETIC_PRODUCTS,SYNTHETIC_INTERNAL,SNP-COOLIT-20260925-BL,SCN-BASELINE,RCAL-LINE-CPL-01-2026-H31,LINE-CPL-01,2026-H31,4800,4200,0,0,COLDPLATE_LOOP_ASSEMBLY,,HISTORICAL_ACTUAL
TEN-COOLIT-SYN-001,SITE-COOLIT-SYN-01,MES,RESOURCE_CALENDAR,RCAL-LINE-CPL-01-2026-H32,RCAL-LINE-CPL-01-2026-H32,RESOLVED,2026-09-25T23:59:59-06:00,2026-09-26T08:00:00-06:00,2026-06-29T00:00:00-06:00,,1,,false,ACTUAL,,,VALID,CURRENT,coolit-synthetic-v2.0.0,ALL_SYNTHETIC_CUSTOMERS,ALL_SYNTHETIC_PROGRAMS,ALL_SYNTHETIC_PRODUCTS,SYNTHETIC_INTERNAL,SNP-COOLIT-20260925-BL,SCN-BASELINE,RCAL-LINE-CPL-01-2026-H32,LINE-CPL-01,2026-H32,4800,4200,0,0,COLDPLATE_LOOP_ASSEMBLY,,HISTORICAL_ACTUAL
TEN-COOLIT-SYN-001,SITE-COOLIT-SYN-01,MES,RESOURCE_CALENDAR,RCAL-LINE-CPL-01-2026-H33,RCAL-LINE-CPL-01-2026-H33,RESOLVED,2026-09-25T23:59:59-06:00,2026-09-26T08:00:00-06:00,2026-06-29T00:00:00-06:00,,1,,false,ACTUAL,,,VALID,CURRENT,coolit-synthetic-v2.0.0,ALL_SYNTHETIC_CUSTOMERS,ALL_SYNTHETIC_PROGRAMS,ALL_SYNTHETIC_PRODUCTS,SYNTHETIC_INTERNAL,SNP-COOLIT-20260925-BL,SCN-BASELINE,RCAL-LINE-CPL-01-2026-H33,LINE-CPL-01,2026-H33,4800,4200,0,240,COLDPLATE_LOOP_ASSEMBLY,PLANNED_MAINTENANCE,HISTORICAL_ACTUAL
TEN-COOLIT-SYN-001,SITE-COOLIT-SYN-01,MES,RESOURCE_CALENDAR,RCAL-LINE-CPL-01-2026-H34,RCAL-LINE-CPL-01-2026-H34,RESOLVED,2026-09-25T23:59:59-06:00,2026-09-26T08:00:00-06:00,2026-06-29T00:00:00-06:00,,1,,false,ACTUAL,,,VALID,CURRENT,coolit-synthetic-v2.0.0,ALL_SYNTHETIC_CUSTOMERS,ALL_SYNTHETIC_PROGRAMS,ALL_SYNTHETIC_PRODUCTS,SYNTHETIC_INTERNAL,SNP-COOLIT-20260925-BL,SCN-BASELINE,RCAL-LINE-CPL-01-2026-H34,LINE-CPL-01,2026-H34,4800,4200,0,0,COLDPLATE_LOOP_ASSEMBLY,,HISTORICAL_ACTUAL
TEN-COOLIT-SYN-001,SITE-COOLIT-SYN-01,MES,RESOURCE_CALENDAR,RCAL-LINE-CPL-01-2026-H35,RCAL-LINE-CPL-01-2026-H35,RESOLVED,2026-09-25T23:59:59-06:00,2026-09-26T08:00:00-06:00,2026-06-29T00:00:00-06:00,,1,,false,ACTUAL,,,VALID,CURRENT,coolit-synthetic-v2.0.0,ALL_SYNTHETIC_CUSTOMERS,ALL_SYNTHETIC_PROGRAMS,ALL_SYNTHETIC_PRODUCTS,SYNTHETIC_INTERNAL,SNP-COOLIT-20260925-BL,SCN-BASELINE,RCAL-LINE-CPL-01-2026-H35,LINE-CPL-01,2026-H35,4800,4200,0,0,COLDPLATE_LOOP_ASSEMBLY,,HISTORICAL_ACTUAL
TEN-COOLIT-SYN-001,SITE-COOLIT-SYN-01,MES,RESOURCE_CALENDAR,RCAL-LINE-CPL-01-2026-H36,RCAL-LINE-CPL-01-2026-H36,RESOLVED,2026-09-25T23:59:59-06:00,2026-09-26T08:00:00-06:00,2026-06-29T00:00:00-06:00,,1,,false,ACTUAL,,,VALID,CURRENT,coolit-synthetic-v2.0.0,ALL_SYNTHETIC_CUSTOMERS,ALL_SYNTHETIC_PROGRAMS,ALL_SYNTHETIC_PRODUCTS,SYNTHETIC_INTERNAL,SNP-COOLIT-20260925-BL,SCN-BASELINE,RCAL-LINE-CPL-01-2026-H36,LINE-CPL-01,2026-H36,4800,4200,0,0,COLDPLATE_LOOP_ASSEMBLY,,HISTORICAL_ACTUAL
TEN-COOLIT-SYN-001,SITE-COOLIT-SYN-01,MES,RESOURCE_CALENDAR,RCAL-LINE-CPL-01-2026-H37,RCAL-LINE-CPL-01-2026-H37,RESOLVED,2026-09-25T23:59:59-06:00,2026-09-26T08:00:00-06:00,2026-06-29T00:00:00-06:00,,1,,false,ACTUAL,,,VALID,CURRENT,coolit-synthetic-v2.0.0,ALL_SYNTHETIC_CUSTOMERS,ALL_SYNTHETIC_PROGRAMS,ALL_SYNTHETIC_PRODUCTS,SYNTHETIC_INTERNAL,SNP-COOLIT-20260925-BL,SCN-BASELINE,RCAL-LINE-CPL-01-2026-H37,LINE-CPL-01,2026-H37,4800,4200,0,0,COLDPLATE_LOOP_ASSEMBLY,,HISTORICAL_ACTUAL
TEN-COOLIT-SYN-001,SITE-COOLIT-SYN-01,MES,RESOURCE_CALENDAR,RCAL-LINE-CPL-01-2026-H38,RCAL-LINE-CPL-01-2026-H38,RESOLVED,2026-09-25T23:59:59-06:00,2026-09-26T08:00:00-06:00,2026-06-29T00:00:00-06:00,,1,,false,ACTUAL,,,VALID,CURRENT,coolit-synthetic-v2.0.0,ALL_SYNTHETIC_CUSTOMERS,ALL_SYNTHETIC_PROGRAMS,ALL_SYNTHETIC_PRODUCTS,SYNTHETIC_INTERNAL,SNP-COOLIT-20260925-BL,SCN-BASELINE,RCAL-LINE-CPL-01-2026-H38,LINE-CPL-01,2026-H38,4800,4200,0,0,COLDPLATE_LOOP_ASSEMBLY,,HISTORICAL_ACTUAL
TEN-COOLIT-SYN-001,SITE-COOLIT-SYN-01,MES,RESOURCE_CALENDAR,RCAL-LINE-CPL-01-2026-H39,RCAL-LINE-CPL-01-2026-H39,RESOLVED,2026-09-25T23:59:59-06:00,2026-09-26T08:00:00-06:00,2026-06-29T00:00:00-06:00,,1,,false,ACTUAL,,,VALID,CURRENT,coolit-synthetic-v2.0.0,ALL_SYNTHETIC_CUSTOMERS,ALL_SYNTHETIC_PROGRAMS,ALL_SYNTHETIC_PRODUCTS,SYNTHETIC_INTERNAL,SNP-COOLIT-20260925-BL,SCN-BASELINE,RCAL-LINE-CPL-01-2026-H39,LINE-CPL-01,2026-H39,4800,4200,0,0,COLDPLATE_LOOP_ASSEMBLY,,HISTORICAL_ACTUAL
TEN-COOLIT-SYN-001,SITE-COOLIT-SYN-01,MES,RESOURCE_CALENDAR,RCAL-LINE-CPL-01-2026-H40,RCAL-LINE-CPL-01-2026-H40,RESOLVED,2026-09-25T23:59:59-06:00,2026-09-26T08:00:00-06:00,2026-06-29T00:00:00-06:00,,1,,false,ACTUAL,,,VALID,CURRENT,coolit-synthetic-v2.0.0,ALL_SYNTHETIC_CUSTOMERS,ALL_SYNTHETIC_PROGRAMS,ALL_SYNTHETIC_PRODUCTS,SYNTHETIC_INTERNAL,SNP-COOLIT-20260925-BL,SCN-BASELINE,RCAL-LINE-CPL-01-2026-H40,LINE-CPL-01,2026-H40,4800,4200,0,0,COLDPLATE_LOOP_ASSEMBLY,,HISTORICAL_ACTUAL
TEN-COOLIT-SYN-001,SITE-COOLIT-SYN-01,MES,RESOURCE_CALENDAR,RCAL-LINE-CPL-01-2026-H41,RCAL-LINE-CPL-01-2026-H41,RESOLVED,2026-09-25T23:59:59-06:00,2026-09-26T08:00:00-06:00,2026-06-29T00:00:00-06:00,,1,,false,ACTUAL,,,VALID,CURRENT,coolit-synthetic-v2.0.0,ALL_SYNTHETIC_CUSTOMERS,ALL_SYNTHETIC_PROGRAMS,ALL_SYNTHETIC_PRODUCTS,SYNTHETIC_INTERNAL,SNP-COOLIT-20260925-BL,SCN-BASELINE,RCAL-LINE-CPL-01-2026-H41,LINE-CPL-01,2026-H41,4800,4200,0,240,COLDPLATE_LOOP_ASSEMBLY,PLANNED_MAINTENANCE,HISTORICAL_ACTUAL
TEN-COOLIT-SYN-001,SITE-COOLIT-SYN-01,MES,RESOURCE_CALENDAR,RCAL-LINE-CPL-01-2026-H42,RCAL-LINE-CPL-01-2026-H42,RESOLVED,2026-09-25T23:59:59-06:00,2026-09-26T08:00:00-06:00,2026-06-29T00:00:00-06:00,,1,,false,ACTUAL,,,VALID,CURRENT,coolit-synthetic-v2.0.0,ALL_SYNTHETIC_CUSTOMERS,ALL_SYNTHETIC_PROGRAMS,ALL_SYNTHETIC_PRODUCTS,SYNTHETIC_INTERNAL,SNP-COOLIT-20260925-BL,SCN-BASELINE,RCAL-LINE-CPL-01-2026-H42,LINE-CPL-01,2026-H42,4800,4200,0,0,COLDPLATE_LOOP_ASSEMBLY,,HISTORICAL_ACTUAL
TEN-COOLIT-SYN-001,SITE-COOLIT-SYN-01,MES,RESOURCE_CALENDAR,RCAL-LINE-CPL-01-2026-H43,RCAL-LINE-CPL-01-2026-H43,RESOLVED,2026-09-25T23:59:59-06:00,2026-09-26T08:00:00-06:00,2026-06-29T00:00:00-06:00,,1,,false,ACTUAL,,,VALID,CURRENT,coolit-synthetic-v2.0.0,ALL_SYNTHETIC_CUSTOMERS,ALL_SYNTHETIC_PROGRAMS,ALL_SYNTHETIC_PRODUCTS,SYNTHETIC_INTERNAL,SNP-COOLIT-20260925-BL,SCN-BASELINE,RCAL-LINE-CPL-01-2026-H43,LINE-CPL-01,2026-H43,4800,4200,0,0,COLDPLATE_LOOP_ASSEMBLY,,HISTORICAL_ACTUAL
TEN-COOLIT-SYN-001,SITE-COOLIT-SYN-01,MES,RESOURCE_CALENDAR,RCAL-LINE-CPL-01-2026-H44,RCAL-LINE-CPL-01-2026-H44,RESOLVED,2026-09-25T23:59:59-06:00,2026-09-26T08:00:00-06:00,2026-06-29T00:00:00-06:00,,1,,false,ACTUAL,,,VALID,CURRENT,coolit-synthetic-v2.0.0,ALL_SYNTHETIC_CUSTOMERS,ALL_SYNTHETIC_PROGRAMS,ALL_SYNTHETIC_PRODUCTS,SYNTHETIC_INTERNAL,SNP-COOLIT-20260925-BL,SCN-BASELINE,RCAL-LINE-CPL-01-2026-H44,LINE-CPL-01,2026-H44,4800,4200,0,0,COLDPLATE_LOOP_ASSEMBLY,,HISTORICAL_ACTUAL
TEN-COOLIT-SYN-001,SITE-COOLIT-SYN-01,MES,RESOURCE_CALENDAR,RCAL-LINE-CPL-01-2026-H45,RCAL-LINE-CPL-01-2026-H45,RESOLVED,2026-09-25T23:59:59-06:00,2026-09-26T08:00:00-06:00,2026-06-29T00:00:00-06:00,,1,,false,ACTUAL,,,VALID,CURRENT,coolit-synthetic-v2.0.0,ALL_SYNTHETIC_CUSTOMERS,ALL_SYNTHETIC_PROGRAMS,ALL_SYNTHETIC_PRODUCTS,SYNTHETIC_INTERNAL,SNP-COOLIT-20260925-BL,SCN-BASELINE,RCAL-LINE-CPL-01-2026-H45,LINE-CPL-01,2026-H45,4800,4200,0,0,COLDPLATE_LOOP_ASSEMBLY,,HISTORICAL_ACTUAL
TEN-COOLIT-SYN-001,SITE-COOLIT-SYN-01,MES,RESOURCE_CALENDAR,RCAL-LINE-CPL-01-2026-H46,RCAL-LINE-CPL-01-2026-H46,RESOLVED,2026-09-25T23:59:59-06:00,2026-09-26T08:00:00-06:00,2026-06-29T00:00:00-06:00,,1,,false,ACTUAL,,,VALID,CURRENT,coolit-synthetic-v2.0.0,ALL_SYNTHETIC_CUSTOMERS,ALL_SYNTHETIC_PROGRAMS,ALL_SYNTHETIC_PRODUCTS,SYNTHETIC_INTERNAL,SNP-COOLIT-20260925-BL,SCN-BASELINE,RCAL-LINE-CPL-01-2026-H46,LINE-CPL-01,2026-H46,4800,4200,0,0,COLDPLATE_LOOP_ASSEMBLY,,HISTORICAL_ACTUAL
TEN-COOLIT-SYN-001,SITE-COOLIT-SYN-01,MES,RESOURCE_CALENDAR,RCAL-LINE-CPL-01-2026-H47,RCAL-LINE-CPL-01-2026-H47,RESOLVED,2026-09-25T23:59:59-06:00,2026-09-26T08:00:00-06:00,2026-06-29T00:00:00-06:00,,1,,false,ACTUAL,,,VALID,CURRENT,coolit-synthetic-v2.0.0,ALL_SYNTHETIC_CUSTOMERS,ALL_SYNTHETIC_PROGRAMS,ALL_SYNTHETIC_PRODUCTS,SYNTHETIC_INTERNAL,SNP-COOLIT-20260925-BL,SCN-BASELINE,RCAL-LINE-CPL-01-2026-H47,LINE-CPL-01,2026-H47,4800,4200,0,0,COLDPLATE_LOOP_ASSEMBLY,,HISTORICAL_ACTUAL
TEN-COOLIT-SYN-001,SITE-COOLIT-SYN-01,MES,RESOURCE_CALENDAR,RCAL-LINE-CPL-01-2026-H48,RCAL-LINE-CPL-01-2026-H48,RESOLVED,2026-09-25T23:59:59-06:00,2026-09-26T08:00:00-06:00,2026-06-29T00:00:00-06:00,,1,,false,ACTUAL,,,VALID,CURRENT,coolit-synthetic-v2.0.0,ALL_SYNTHETIC_CUSTOMERS,ALL_SYNTHETIC_PROGRAMS,ALL_SYNTHETIC_PRODUCTS,SYNTHETIC_INTERNAL,SNP-COOLIT-20260925-BL,SCN-BASELINE,RCAL-LINE-CPL-01-2026-H48,LINE-CPL-01,2026-H48,4800,4200,0,0,COLDPLATE_LOOP_ASSEMBLY,,HISTORICAL_ACTUAL
TEN-COOLIT-SYN-001,SITE-COOLIT-SYN-01,MES,RESOURCE_CALENDAR,RCAL-LINE-CPL-01-2026-H49,RCAL-LINE-CPL-01-2026-H49,RESOLVED,2026-09-25T23:59:59-06:00,2026-09-26T08:00:00-06:00,2026-06-29T00:00:00-06:00,,1,,false,ACTUAL,,,VALID,CURRENT,coolit-synthetic-v2.0.0,ALL_SYNTHETIC_CUSTOMERS,ALL_SYNTHETIC_PROGRAMS,ALL_SYNTHETIC_PRODUCTS,SYNTHETIC_INTERNAL,SNP-COOLIT-20260925-BL,SCN-BASELINE,RCAL-LINE-CPL-01-2026-H49,LINE-CPL-01,2026-H49,4800,4200,0,240,COLDPLATE_LOOP_ASSEMBLY,PLANNED_MAINTENANCE,HISTORICAL_ACTUAL
TEN-COOLIT-SYN-001,SITE-COOLIT-SYN-01,MES,RESOURCE_CALENDAR,RCAL-LINE-CPL-01-2026-H50,RCAL-LINE-CPL-01-2026-H50,RESOLVED,2026-09-25T23:59:59-06:00,2026-09-26T08:00:00-06:00,2026-06-29T00:00:00-06:00,,1,,false,ACTUAL,,,VALID,CURRENT,coolit-synthetic-v2.0.0,ALL_SYNTHETIC_CUSTOMERS,ALL_SYNTHETIC_PROGRAMS,ALL_SYNTHETIC_PRODUCTS,SYNTHETIC_INTERNAL,SNP-COOLIT-20260925-BL,SCN-BASELINE,RCAL-LINE-CPL-01-2026-H50,LINE-CPL-01,2026-H50,4800,4200,0,0,COLDPLATE_LOOP_ASSEMBLY,,HISTORICAL_ACTUAL
TEN-COOLIT-SYN-001,SITE-COOLIT-SYN-01,MES,RESOURCE_CALENDAR,RCAL-LINE-CPL-01-2026-H51,RCAL-LINE-CPL-01-2026-H51,RESOLVED,2026-09-25T23:59:59-06:00,2026-09-26T08:00:00-06:00,2026-06-29T00:00:00-06:00,,1,,false,ACTUAL,,,VALID,CURRENT,coolit-synthetic-v2.0.0,ALL_SYNTHETIC_CUSTOMERS,ALL_SYNTHETIC_PROGRAMS,ALL_SYNTHETIC_PRODUCTS,SYNTHETIC_INTERNAL,SNP-COOLIT-20260925-BL,SCN-BASELINE,RCAL-LINE-CPL-01-2026-H51,LINE-CPL-01,2026-H51,4800,4200,0,0,COLDPLATE_LOOP_ASSEMBLY,,HISTORICAL_ACTUAL
TEN-COOLIT-SYN-001,SITE-COOLIT-SYN-01,MES,RESOURCE_CALENDAR,RCAL-LINE-CPL-01-2026-H52,RCAL-LINE-CPL-01-2026-H52,RESOLVED,2026-09-25T23:59:59-06:00,2026-09-26T08:00:00-06:00,2026-06-29T00:00:00-06:00,,1,,false,ACTUAL,,,VALID,CURRENT,coolit-synthetic-v2.0.0,ALL_SYNTHETIC_CUSTOMERS,ALL_SYNTHETIC_PROGRAMS,ALL_SYNTHETIC_PRODUCTS,SYNTHETIC_INTERNAL,SNP-COOLIT-20260925-BL,SCN-BASELINE,RCAL-LINE-CPL-01-2026-H52,LINE-CPL-01,2026-H52,4800,4200,0,0,COLDPLATE_LOOP_ASSEMBLY,,HISTORICAL_ACTUAL
TEN-COOLIT-SYN-001,SITE-COOLIT-SYN-01,MES,RESOURCE_CALENDAR,RCAL-LINE-CPL-01-2026-H53,RCAL-LINE-CPL-01-2026-H53,RESOLVED,2026-09-25T23:59:59-06:00,2026-09-26T08:00:00-06:00,2026-06-29T00:00:00-06:00,,1,,false,ACTUAL,,,VALID,CURRENT,coolit-synthetic-v2.0.0,ALL_SYNTHETIC_CUSTOMERS,ALL_SYNTHETIC_PROGRAMS,ALL_SYNTHETIC_PRODUCTS,SYNTHETIC_INTERNAL,SNP-COOLIT-20260925-BL,SCN-BASELINE,RCAL-LINE-CPL-01-2026-H53,LINE-CPL-01,2026-H53,4800,4200,0,0,COLDPLATE_LOOP_ASSEMBLY,,HISTORICAL_ACTUAL
TEN-COOLIT-SYN-001,SITE-COOLIT-SYN-01,MES,RESOURCE_CALENDAR,RCAL-LINE-CPL-01-2026-H54,RCAL-LINE-CPL-01-2026-H54,RESOLVED,2026-09-25T23:59:59-06:00,2026-09-26T08:00:00-06:00,2026-06-29T00:00:00-06:00,,1,,false,ACTUAL,,,VALID,CURRENT,coolit-synthetic-v2.0.0,ALL_SYNTHETIC_CUSTOMERS,ALL_SYNTHETIC_PROGRAMS,ALL_SYNTHETIC_PRODUCTS,SYNTHETIC_INTERNAL,SNP-COOLIT-20260925-BL,SCN-BASELINE,RCAL-LINE-CPL-01-2026-H54,LINE-CPL-01,2026-H54,4800,4200,0,0,COLDPLATE_LOOP_ASSEMBLY,,HISTORICAL_ACTUAL
TEN-COOLIT-SYN-001,SITE-COOLIT-SYN-01,MES,RESOURCE_CALENDAR,RCAL-LINE-CPL-01-2026-H55,RCAL-LINE-CPL-01-2026-H55,RESOLVED,2026-09-25T23:59:59-06:00,2026-09-26T08:00:00-06:00,2026-06-29T00:00:00-06:00,,1,,false,ACTUAL,,,VALID,CURRENT,coolit-synthetic-v2.0.0,ALL_SYNTHETIC_CUSTOMERS,ALL_SYNTHETIC_PROGRAMS,ALL_SYNTHETIC_PRODUCTS,SYNTHETIC_INTERNAL,SNP-COOLIT-20260925-BL,SCN-BASELINE,RCAL-LINE-CPL-01-2026-H55,LINE-CPL-01,2026-H55,4800,4200,0,0,COLDPLATE_LOOP_ASSEMBLY,,HISTORICAL_ACTUAL
TEN-COOLIT-SYN-001,SITE-COOLIT-SYN-01,MES,RESOURCE_CALENDAR,RCAL-LINE-CPL-01-2026-H56,RCAL-LINE-CPL-01-2026-H56,RESOLVED,2026-09-25T23:59:59-06:00,2026-09-26T08:00:00-06:00,2026-06-29T00:00:00-06:00,,1,,false,ACTUAL,,,VALID,CURRENT,coolit-synthetic-v2.0.0,ALL_SYNTHETIC_CUSTOMERS,ALL_SYNTHETIC_PROGRAMS,ALL_SYNTHETIC_PRODUCTS,SYNTHETIC_INTERNAL,SNP-COOLIT-20260925-BL,SCN-BASELINE,RCAL-LINE-CPL-01-2026-H56,LINE-CPL-01,2026-H56,4800,4200,0,0,COLDPLATE_LOOP_ASSEMBLY,,HISTORICAL_ACTUAL
TEN-COOLIT-SYN-001,SITE-COOLIT-SYN-01,MES,RESOURCE_CALENDAR,RCAL-LINE-CPL-01-2026-H57,RCAL-LINE-CPL-01-2026-H57,RESOLVED,2026-09-25T23:59:59-06:00,2026-09-26T08:00:00-06:00,2026-06-29T00:00:00-06:00,,1,,false,ACTUAL,,,VALID,CURRENT,coolit-synthetic-v2.0.0,ALL_SYNTHETIC_CUSTOMERS,ALL_SYNTHETIC_PROGRAMS,ALL_SYNTHETIC_PRODUCTS,SYNTHETIC_INTERNAL,SNP-COOLIT-20260925-BL,SCN-BASELINE,RCAL-LINE-CPL-01-2026-H57,LINE-CPL-01,2026-H57,4800,4200,0,240,COLDPLATE_LOOP_ASSEMBLY,PLANNED_MAINTENANCE,HISTORICAL_ACTUAL
TEN-COOLIT-SYN-001,SITE-COOLIT-SYN-01,MES,RESOURCE_CALENDAR,RCAL-LINE-CPL-01-2026-H58,RCAL-LINE-CPL-01-2026-H58,RESOLVED,2026-09-25T23:59:59-06:00,2026-09-26T08:00:00-06:00,2026-06-29T00:00:00-06:00,,1,,false,ACTUAL,,,VALID,CURRENT,coolit-synthetic-v2.0.0,ALL_SYNTHETIC_CUSTOMERS,ALL_SYNTHETIC_PROGRAMS,ALL_SYNTHETIC_PRODUCTS,SYNTHETIC_INTERNAL,SNP-COOLIT-20260925-BL,SCN-BASELINE,RCAL-LINE-CPL-01-2026-H58,LINE-CPL-01,2026-H58,4800,4200,0,0,COLDPLATE_LOOP_ASSEMBLY,,HISTORICAL_ACTUAL
TEN-COOLIT-SYN-001,SITE-COOLIT-SYN-01,MES,RESOURCE_CALENDAR,RCAL-LINE-CPL-01-2026-H59,RCAL-LINE-CPL-01-2026-H59,RESOLVED,2026-09-25T23:59:59-06:00,2026-09-26T08:00:00-06:00,2026-06-29T00:00:00-06:00,,1,,false,ACTUAL,,,VALID,CURRENT,coolit-synthetic-v2.0.0,ALL_SYNTHETIC_CUSTOMERS,ALL_SYNTHETIC_PROGRAMS,ALL_SYNTHETIC_PRODUCTS,SYNTHETIC_INTERNAL,SNP-COOLIT-20260925-BL,SCN-BASELINE,RCAL-LINE-CPL-01-2026-H59,LINE-CPL-01,2026-H59,4800,4200,0,0,COLDPLATE_LOOP_ASSEMBLY,,HISTORICAL_ACTUAL
TEN-COOLIT-SYN-001,SITE-COOLIT-SYN-01,MES,RESOURCE_CALENDAR,RCAL-LINE-CPL-01-2026-H60,RCAL-LINE-CPL-01-2026-H60,RESOLVED,2026-09-25T23:59:59-06:00,2026-09-26T08:00:00-06:00,2026-06-29T00:00:00-06:00,,1,,false,ACTUAL,,,VALID,CURRENT,coolit-synthetic-v2.0.0,ALL_SYNTHETIC_CUSTOMERS,ALL_SYNTHETIC_PROGRAMS,ALL_SYNTHETIC_PRODUCTS,SYNTHETIC_INTERNAL,SNP-COOLIT-20260925-BL,SCN-BASELINE,RCAL-LINE-CPL-01-2026-H60,LINE-CPL-01,2026-H60,4800,4200,0,0,COLDPLATE_LOOP_ASSEMBLY,,HISTORICAL_ACTUAL
TEN-COOLIT-SYN-001,SITE-COOLIT-SYN-01,MES,RESOURCE_CALENDAR,RCAL-LINE-CPL-01-2026-H61,RCAL-LINE-CPL-01-2026-H61,RESOLVED,2026-09-25T23:59:59-06:00,2026-09-26T08:00:00-06:00,2026-06-29T00:00:00-06:00,,1,,false,ACTUAL,,,VALID,CURRENT,coolit-synthetic-v2.0.0,ALL_SYNTHETIC_CUSTOMERS,ALL_SYNTHETIC_PROGRAMS,ALL_SYNTHETIC_PRODUCTS,SYNTHETIC_INTERNAL,SNP-COOLIT-20260925-BL,SCN-BASELINE,RCAL-LINE-CPL-01-2026-H61,LINE-CPL-01,2026-H61,4800,4200,0,0,COLDPLATE_LOOP_ASSEMBLY,,HISTORICAL_ACTUAL
TEN-COOLIT-SYN-001,SITE-COOLIT-SYN-01,MES,RESOURCE_CALENDAR,RCAL-LINE-CPL-01-2026-H62,RCAL-LINE-CPL-01-2026-H62,RESOLVED,2026-09-25T23:59:59-06:00,2026-09-26T08:00:00-06:00,2026-06-29T00:00:00-06:00,,1,,false,ACTUAL,,,VALID,CURRENT,coolit-synthetic-v2.0.0,ALL_SYNTHETIC_CUSTOMERS,ALL_SYNTHETIC_PROGRAMS,ALL_SYNTHETIC_PRODUCTS,SYNTHETIC_INTERNAL,SNP-COOLIT-20260925-BL,SCN-BASELINE,RCAL-LINE-CPL-01-2026-H62,LINE-CPL-01,2026-H62,4800,4200,0,0,COLDPLATE_LOOP_ASSEMBLY,,HISTORICAL_ACTUAL
TEN-COOLIT-SYN-001,SITE-COOLIT-SYN-01,MES,RESOURCE_CALENDAR,RCAL-LINE-CPL-01-2026-H63,RCAL-LINE-CPL-01-2026-H63,RESOLVED,2026-09-25T23:59:59-06:00,2026-09-26T08:00:00-06:00,2026-06-29T00:00:00-06:00,,1,,false,ACTUAL,,,VALID,CURRENT,coolit-synthetic-v2.0.0,ALL_SYNTHETIC_CUSTOMERS,ALL_SYNTHETIC_PROGRAMS,ALL_SYNTHETIC_PRODUCTS,SYNTHETIC_INTERNAL,SNP-COOLIT-20260925-BL,SCN-BASELINE,RCAL-LINE-CPL-01-2026-H63,LINE-CPL-01,2026-H63,4800,4200,0,0,COLDPLATE_LOOP_ASSEMBLY,,HISTORICAL_ACTUAL
TEN-COOLIT-SYN-001,SITE-COOLIT-SYN-01,MES,RESOURCE_CALENDAR,RCAL-LINE-CPL-01-2026-H64,RCAL-LINE-CPL-01-2026-H64,RESOLVED,2026-09-25T23:59:59-06:00,2026-09-26T08:00:00-06:00,2026-06-29T00:00:00-06:00,,1,,false,ACTUAL,,,VALID,CURRENT,coolit-synthetic-v2.0.0,ALL_SYNTHETIC_CUSTOMERS,ALL_SYNTHETIC_PROGRAMS,ALL_SYNTHETIC_PRODUCTS,SYNTHETIC_INTERNAL,SNP-COOLIT-20260925-BL,SCN-BASELINE,RCAL-LINE-CPL-01-2026-H64,LINE-CPL-01,2026-H64,4800,4200,0,0,COLDPLATE_LOOP_ASSEMBLY,,HISTORICAL_ACTUAL
TEN-COOLIT-SYN-001,SITE-COOLIT-SYN-01,MES,RESOURCE_CALENDAR,RCAL-LINE-CPL-01-2026-H65,RCAL-LINE-CPL-01-2026-H65,RESOLVED,2026-09-25T23:59:59-06:00,2026-09-26T08:00:00-06:00,2026-06-29T00:00:00-06:00,,1,,false,ACTUAL,,,VALID,CURRENT,coolit-synthetic-v2.0.0,ALL_SYNTHETIC_CUSTOMERS,ALL_SYNTHETIC_PROGRAMS,ALL_SYNTHETIC_PRODUCTS,SYNTHETIC_INTERNAL,SNP-COOLIT-20260925-BL,SCN-BASELINE,RCAL-LINE-CPL-01-2026-H65,LINE-CPL-01,2026-H65,4800,4200,0,240,COLDPLATE_LOOP_ASSEMBLY,PLANNED_MAINTENANCE,HISTORICAL_ACTUAL
TEN-COOLIT-SYN-001,SITE-COOLIT-SYN-01,MES,RESOURCE_CALENDAR,RCAL-LINE-CPL-01-2026-H66,RCAL-LINE-CPL-01-2026-H66,RESOLVED,2026-09-25T23:59:59-06:00,2026-09-26T08:00:00-06:00,2026-06-29T00:00:00-06:00,,1,,false,ACTUAL,,,VALID,CURRENT,coolit-synthetic-v2.0.0,ALL_SYNTHETIC_CUSTOMERS,ALL_SYNTHETIC_PROGRAMS,ALL_SYNTHETIC_PRODUCTS,SYNTHETIC_INTERNAL,SNP-COOLIT-20260925-BL,SCN-BASELINE,RCAL-LINE-CPL-01-2026-H66,LINE-CPL-01,2026-H66,4800,4200,0,0,COLDPLATE_LOOP_ASSEMBLY,,HISTORICAL_ACTUAL
TEN-COOLIT-SYN-001,SITE-COOLIT-SYN-01,MES,RESOURCE_CALENDAR,RCAL-LINE-CPL-01-2026-H67,RCAL-LINE-CPL-01-2026-H67,RESOLVED,2026-09-25T23:59:59-06:00,2026-09-26T08:00:00-06:00,2026-06-29T00:00:00-06:00,,1,,false,ACTUAL,,,VALID,CURRENT,coolit-synthetic-v2.0.0,ALL_SYNTHETIC_CUSTOMERS,ALL_SYNTHETIC_PROGRAMS,ALL_SYNTHETIC_PRODUCTS,SYNTHETIC_INTERNAL,SNP-COOLIT-20260925-BL,SCN-BASELINE,RCAL-LINE-CPL-01-2026-H67,LINE-CPL-01,2026-H67,4800,4200,0,0,COLDPLATE_LOOP_ASSEMBLY,,HISTORICAL_ACTUAL
TEN-COOLIT-SYN-001,SITE-COOLIT-SYN-01,MES,RESOURCE_CALENDAR,RCAL-LINE-CPL-01-2026-H68,RCAL-LINE-CPL-01-2026-H68,RESOLVED,2026-09-25T23:59:59-06:00,2026-09-26T08:00:00-06:00,2026-06-29T00:00:00-06:00,,1,,false,ACTUAL,,,VALID,CURRENT,coolit-synthetic-v2.0.0,ALL_SYNTHETIC_CUSTOMERS,ALL_SYNTHETIC_PROGRAMS,ALL_SYNTHETIC_PRODUCTS,SYNTHETIC_INTERNAL,SNP-COOLIT-20260925-BL,SCN-BASELINE,RCAL-LINE-CPL-01-2026-H68,LINE-CPL-01,2026-H68,4800,4200,0,0,COLDPLATE_LOOP_ASSEMBLY,,HISTORICAL_ACTUAL
TEN-COOLIT-SYN-001,SITE-COOLIT-SYN-01,MES,RESOURCE_CALENDAR,RCAL-LINE-CPL-01-2026-H69,RCAL-LINE-CPL-01-2026-H69,RESOLVED,2026-09-25T23:59:59-06:00,2026-09-26T08:00:00-06:00,2026-06-29T00:00:00-06:00,,1,,false,ACTUAL,,,VALID,CURRENT,coolit-synthetic-v2.0.0,ALL_SYNTHETIC_CUSTOMERS,ALL_SYNTHETIC_PROGRAMS,ALL_SYNTHETIC_PRODUCTS,SYNTHETIC_INTERNAL,SNP-COOLIT-20260925-BL,SCN-BASELINE,RCAL-LINE-CPL-01-2026-H69,LINE-CPL-01,2026-H69,4800,4200,0,0,COLDPLATE_LOOP_ASSEMBLY,,HISTORICAL_ACTUAL
TEN-COOLIT-SYN-001,SITE-COOLIT-SYN-01,MES,RESOURCE_CALENDAR,RCAL-LINE-CPL-01-2026-H70,RCAL-LINE-CPL-01-2026-H70,RESOLVED,2026-09-25T23:59:59-06:00,2026-09-26T08:00:00-06:00,2026-06-29T00:00:00-06:00,,1,,false,ACTUAL,,,VALID,CURRENT,coolit-synthetic-v2.0.0,ALL_SYNTHETIC_CUSTOMERS,ALL_SYNTHETIC_PROGRAMS,ALL_SYNTHETIC_PRODUCTS,SYNTHETIC_INTERNAL,SNP-COOLIT-20260925-BL,SCN-BASELINE,RCAL-LINE-CPL-01-2026-H70,LINE-CPL-01,2026-H70,4800,4200,0,0,COLDPLATE_LOOP_ASSEMBLY,,HISTORICAL_ACTUAL
TEN-COOLIT-SYN-001,SITE-COOLIT-SYN-01,MES,RESOURCE_CALENDAR,RCAL-LINE-CPL-01-2026-H71,RCAL-LINE-CPL-01-2026-H71,RESOLVED,2026-09-25T23:59:59-06:00,2026-09-26T08:00:00-06:00,2026-06-29T00:00:00-06:00,,1,,false,ACTUAL,,,VALID,CURRENT,coolit-synthetic-v2.0.0,ALL_SYNTHETIC_CUSTOMERS,ALL_SYNTHETIC_PROGRAMS,ALL_SYNTHETIC_PRODUCTS,SYNTHETIC_INTERNAL,SNP-COOLIT-20260925-BL,SCN-BASELINE,RCAL-LINE-CPL-01-2026-H71,LINE-CPL-01,2026-H71,4800,4200,0,0,COLDPLATE_LOOP_ASSEMBLY,,HISTORICAL_ACTUAL
TEN-COOLIT-SYN-001,SITE-COOLIT-SYN-01,MES,RESOURCE_CALENDAR,RCAL-LINE-CPL-01-2026-H72,RCAL-LINE-CPL-01-2026-H72,RESOLVED,2026-09-25T23:59:59-06:00,2026-09-26T08:00:00-06:00,2026-06-29T00:00:00-06:00,,1,,false,ACTUAL,,,VALID,CURRENT,coolit-synthetic-v2.0.0,ALL_SYNTHETIC_CUSTOMERS,ALL_SYNTHETIC_PROGRAMS,ALL_SYNTHETIC_PRODUCTS,SYNTHETIC_INTERNAL,SNP-COOLIT-20260925-BL,SCN-BASELINE,RCAL-LINE-CPL-01-2026-H72,LINE-CPL-01,2026-H72,4800,4200,0,0,COLDPLATE_LOOP_ASSEMBLY,,HISTORICAL_ACTUAL
TEN-COOLIT-SYN-001,SITE-COOLIT-SYN-01,MES,RESOURCE_CALENDAR,RCAL-LINE-CPL-01-2026-H73,RCAL-LINE-CPL-01-2026-H73,RESOLVED,2026-09-25T23:59:59-06:00,2026-09-26T08:00:00-06:00,2026-06-29T00:00:00-06:00,,1,,false,ACTUAL,,,VALID,CURRENT,coolit-synthetic-v2.0.0,ALL_SYNTHETIC_CUSTOMERS,ALL_SYNTHETIC_PROGRAMS,ALL_SYNTHETIC_PRODUCTS,SYNTHETIC_INTERNAL,SNP-COOLIT-20260925-BL,SCN-BASELINE,RCAL-LINE-CPL-01-2026-H73,LINE-CPL-01,2026-H73,4800,4200,0,240,COLDPLATE_LOOP_ASSEMBLY,PLANNED_MAINTENANCE,HISTORICAL_ACTUAL
TEN-COOLIT-SYN-001,SITE-COOLIT-SYN-01,MES,RESOURCE_CALENDAR,RCAL-LINE-CPL-01-2026-H74,RCAL-LINE-CPL-01-2026-H74,RESOLVED,2026-09-25T23:59:59-06:00,2026-09-26T08:00:00-06:00,2026-06-29T00:00:00-06:00,,1,,false,ACTUAL,,,VALID,CURRENT,coolit-synthetic-v2.0.0,ALL_SYNTHETIC_CUSTOMERS,ALL_SYNTHETIC_PROGRAMS,ALL_SYNTHETIC_PRODUCTS,SYNTHETIC_INTERNAL,SNP-COOLIT-20260925-BL,SCN-BASELINE,RCAL-LINE-CPL-01-2026-H74,LINE-CPL-01,2026-H74,4800,4200,0,0,COLDPLATE_LOOP_ASSEMBLY,,HISTORICAL_ACTUAL
TEN-COOLIT-SYN-001,SITE-COOLIT-SYN-01,MES,RESOURCE_CALENDAR,RCAL-LINE-CPL-01-2026-H75,RCAL-LINE-CPL-01-2026-H75,RESOLVED,2026-09-25T23:59:59-06:00,2026-09-26T08:00:00-06:00,2026-06-29T00:00:00-06:00,,1,,false,ACTUAL,,,VALID,CURRENT,coolit-synthetic-v2.0.0,ALL_SYNTHETIC_CUSTOMERS,ALL_SYNTHETIC_PROGRAMS,ALL_SYNTHETIC_PRODUCTS,SYNTHETIC_INTERNAL,SNP-COOLIT-20260925-BL,SCN-BASELINE,RCAL-LINE-CPL-01-2026-H75,LINE-CPL-01,2026-H75,4800,4200,0,0,COLDPLATE_LOOP_ASSEMBLY,,HISTORICAL_ACTUAL
TEN-COOLIT-SYN-001,SITE-COOLIT-SYN-01,MES,RESOURCE_CALENDAR,RCAL-LINE-CPL-01-2026-H76,RCAL-LINE-CPL-01-2026-H76,RESOLVED,2026-09-25T23:59:59-06:00,2026-09-26T08:00:00-06:00,2026-06-29T00:00:00-06:00,,1,,false,ACTUAL,,,VALID,CURRENT,coolit-synthetic-v2.0.0,ALL_SYNTHETIC_CUSTOMERS,ALL_SYNTHETIC_PROGRAMS,ALL_SYNTHETIC_PRODUCTS,SYNTHETIC_INTERNAL,SNP-COOLIT-20260925-BL,SCN-BASELINE,RCAL-LINE-CPL-01-2026-H76,LINE-CPL-01,2026-H76,4800,4200,0,0,COLDPLATE_LOOP_ASSEMBLY,,HISTORICAL_ACTUAL
TEN-COOLIT-SYN-001,SITE-COOLIT-SYN-01,MES,RESOURCE_CALENDAR,RCAL-LINE-CPL-01-2026-H77,RCAL-LINE-CPL-01-2026-H77,RESOLVED,2026-09-25T23:59:59-06:00,2026-09-26T08:00:00-06:00,2026-06-29T00:00:00-06:00,,1,,false,ACTUAL,,,VALID,CURRENT,coolit-synthetic-v2.0.0,ALL_SYNTHETIC_CUSTOMERS,ALL_SYNTHETIC_PROGRAMS,ALL_SYNTHETIC_PRODUCTS,SYNTHETIC_INTERNAL,SNP-COOLIT-20260925-BL,SCN-BASELINE,RCAL-LINE-CPL-01-2026-H77,LINE-CPL-01,2026-H77,4800,4200,0,0,COLDPLATE_LOOP_ASSEMBLY,,HISTORICAL_ACTUAL
TEN-COOLIT-SYN-001,SITE-COOLIT-SYN-01,MES,RESOURCE_CALENDAR,RCAL-LINE-CPL-01-2026-H78,RCAL-LINE-CPL-01-2026-H78,RESOLVED,2026-09-25T23:59:59-06:00,2026-09-26T08:00:00-06:00,2026-06-29T00:00:00-06:00,,1,,false,ACTUAL,,,VALID,CURRENT,coolit-synthetic-v2.0.0,ALL_SYNTHETIC_CUSTOMERS,ALL_SYNTHETIC_PROGRAMS,ALL_SYNTHETIC_PRODUCTS,SYNTHETIC_INTERNAL,SNP-COOLIT-20260925-BL,SCN-BASELINE,RCAL-LINE-CPL-01-2026-H78,LINE-CPL-01,2026-H78,4800,4200,0,0,COLDPLATE_LOOP_ASSEMBLY,,HISTORICAL_ACTUAL
TEN-COOLIT-SYN-001,SITE-COOLIT-SYN-01,MES,RESOURCE_CALENDAR,RCAL-LINE-CPL-01-2026-H79,RCAL-LINE-CPL-01-2026-H79,RESOLVED,2026-09-25T23:59:59-06:00,2026-09-26T08:00:00-06:00,2026-06-29T00:00:00-06:00,,1,,false,ACTUAL,,,VALID,CURRENT,coolit-synthetic-v2.0.0,ALL_SYNTHETIC_CUSTOMERS,ALL_SYNTHETIC_PROGRAMS,ALL_SYNTHETIC_PRODUCTS,SYNTHETIC_INTERNAL,SNP-COOLIT-20260925-BL,SCN-BASELINE,RCAL-LINE-CPL-01-2026-H79,LINE-CPL-01,2026-H79,4800,4200,0,0,COLDPLATE_LOOP_ASSEMBLY,,HISTORICAL_ACTUAL
TEN-COOLIT-SYN-001,SITE-COOLIT-SYN-01,MES,RESOURCE_CALENDAR,RCAL-LINE-CPL-01-2026-H80,RCAL-LINE-CPL-01-2026-H80,RESOLVED,2026-09-25T23:59:59-06:00,2026-09-26T08:00:00-06:00,2026-06-29T00:00:00-06:00,,1,,false,ACTUAL,,,VALID,CURRENT,coolit-synthetic-v2.0.0,ALL_SYNTHETIC_CUSTOMERS,ALL_SYNTHETIC_PROGRAMS,ALL_SYNTHETIC_PRODUCTS,SYNTHETIC_INTERNAL,SNP-COOLIT-20260925-BL,SCN-BASELINE,RCAL-LINE-CPL-01-2026-H80,LINE-CPL-01,2026-H80,4800,4200,0,0,COLDPLATE_LOOP_ASSEMBLY,,HISTORICAL_ACTUAL
TEN-COOLIT-SYN-001,SITE-COOLIT-SYN-01,MES,RESOURCE_CALENDAR,RCAL-LINE-CPL-01-2026-H81,RCAL-LINE-CPL-01-2026-H81,RESOLVED,2026-09-25T23:59:59-06:00,2026-09-26T08:00:00-06:00,2026-06-29T00:00:00-06:00,,1,,false,ACTUAL,,,VALID,CURRENT,coolit-synthetic-v2.0.0,ALL_SYNTHETIC_CUSTOMERS,ALL_SYNTHETIC_PROGRAMS,ALL_SYNTHETIC_PRODUCTS,SYNTHETIC_INTERNAL,SNP-COOLIT-20260925-BL,SCN-BASELINE,RCAL-LINE-CPL-01-2026-H81,LINE-CPL-01,2026-H81,4800,4200,0,240,COLDPLATE_LOOP_ASSEMBLY,PLANNED_MAINTENANCE,HISTORICAL_ACTUAL
TEN-COOLIT-SYN-001,SITE-COOLIT-SYN-01,MES,RESOURCE_CALENDAR,RCAL-LINE-CPL-01-2026-H82,RCAL-LINE-CPL-01-2026-H82,RESOLVED,2026-09-25T23:59:59-06:00,2026-09-26T08:00:00-06:00,2026-06-29T00:00:00-06:00,,1,,false,ACTUAL,,,VALID,CURRENT,coolit-synthetic-v2.0.0,ALL_SYNTHETIC_CUSTOMERS,ALL_SYNTHETIC_PROGRAMS,ALL_SYNTHETIC_PRODUCTS,SYNTHETIC_INTERNAL,SNP-COOLIT-20260925-BL,SCN-BASELINE,RCAL-LINE-CPL-01-2026-H82,LINE-CPL-01,2026-H82,4800,4200,0,0,COLDPLATE_LOOP_ASSEMBLY,,HISTORICAL_ACTUAL
TEN-COOLIT-SYN-001,SITE-COOLIT-SYN-01,MES,RESOURCE_CALENDAR,RCAL-LINE-CPL-01-2026-H83,RCAL-LINE-CPL-01-2026-H83,RESOLVED,2026-09-25T23:59:59-06:00,2026-09-26T08:00:00-06:00,2026-06-29T00:00:00-06:00,,1,,false,ACTUAL,,,VALID,CURRENT,coolit-synthetic-v2.0.0,ALL_SYNTHETIC_CUSTOMERS,ALL_SYNTHETIC_PROGRAMS,ALL_SYNTHETIC_PRODUCTS,SYNTHETIC_INTERNAL,SNP-COOLIT-20260925-BL,SCN-BASELINE,RCAL-LINE-CPL-01-2026-H83,LINE-CPL-01,2026-H83,4800,4200,0,0,COLDPLATE_LOOP_ASSEMBLY,,HISTORICAL_ACTUAL
TEN-COOLIT-SYN-001,SITE-COOLIT-SYN-01,MES,RESOURCE_CALENDAR,RCAL-LINE-CPL-01-2026-H84,RCAL-LINE-CPL-01-2026-H84,RESOLVED,2026-09-25T23:59:59-06:00,2026-09-26T08:00:00-06:00,2026-06-29T00:00:00-06:00,,1,,false,ACTUAL,,,VALID,CURRENT,coolit-synthetic-v2.0.0,ALL_SYNTHETIC_CUSTOMERS,ALL_SYNTHETIC_PROGRAMS,ALL_SYNTHETIC_PRODUCTS,SYNTHETIC_INTERNAL,SNP-COOLIT-20260925-BL,SCN-BASELINE,RCAL-LINE-CPL-01-2026-H84,LINE-CPL-01,2026-H84,4800,4200,0,0,COLDPLATE_LOOP_ASSEMBLY,,HISTORICAL_ACTUAL
TEN-COOLIT-SYN-001,SITE-COOLIT-SYN-01,MES,RESOURCE_CALENDAR,RCAL-LINE-CPL-01-2026-H85,RCAL-LINE-CPL-01-2026-H85,RESOLVED,2026-09-25T23:59:59-06:00,2026-09-26T08:00:00-06:00,2026-06-29T00:00:00-06:00,,1,,false,ACTUAL,,,VALID,CURRENT,coolit-synthetic-v2.0.0,ALL_SYNTHETIC_CUSTOMERS,ALL_SYNTHETIC_PROGRAMS,ALL_SYNTHETIC_PRODUCTS,SYNTHETIC_INTERNAL,SNP-COOLIT-20260925-BL,SCN-BASELINE,RCAL-LINE-CPL-01-2026-H85,LINE-CPL-01,2026-H85,4800,4200,0,0,COLDPLATE_LOOP_ASSEMBLY,,HISTORICAL_ACTUAL
TEN-COOLIT-SYN-001,SITE-COOLIT-SYN-01,MES,RESOURCE_CALENDAR,RCAL-LINE-CPL-01-2026-H86,RCAL-LINE-CPL-01-2026-H86,RESOLVED,2026-09-25T23:59:59-06:00,2026-09-26T08:00:00-06:00,2026-06-29T00:00:00-06:00,,1,,false,ACTUAL,,,VALID,CURRENT,coolit-synthetic-v2.0.0,ALL_SYNTHETIC_CUSTOMERS,ALL_SYNTHETIC_PROGRAMS,ALL_SYNTHETIC_PRODUCTS,SYNTHETIC_INTERNAL,SNP-COOLIT-20260925-BL,SCN-BASELINE,RCAL-LINE-CPL-01-2026-H86,LINE-CPL-01,2026-H86,4800,4200,0,0,COLDPLATE_LOOP_ASSEMBLY,,HISTORICAL_ACTUAL
TEN-COOLIT-SYN-001,SITE-COOLIT-SYN-01,MES,RESOURCE_CALENDAR,RCAL-LINE-CPL-01-2026-H87,RCAL-LINE-CPL-01-2026-H87,RESOLVED,2026-09-25T23:59:59-06:00,2026-09-26T08:00:00-06:00,2026-06-29T00:00:00-06:00,,1,,false,ACTUAL,,,VALID,CURRENT,coolit-synthetic-v2.0.0,ALL_SYNTHETIC_CUSTOMERS,ALL_SYNTHETIC_PROGRAMS,ALL_SYNTHETIC_PRODUCTS,SYNTHETIC_INTERNAL,SNP-COOLIT-20260925-BL,SCN-BASELINE,RCAL-LINE-CPL-01-2026-H87,LINE-CPL-01,2026-H87,4800,4200,0,0,COLDPLATE_LOOP_ASSEMBLY,,HISTORICAL_ACTUAL
TEN-COOLIT-SYN-001,SITE-COOLIT-SYN-01,MES,RESOURCE_CALENDAR,RCAL-LINE-CPL-01-2026-H88,RCAL-LINE-CPL-01-2026-H88,RESOLVED,2026-09-25T23:59:59-06:00,2026-09-26T08:00:00-06:00,2026-06-29T00:00:00-06:00,,1,,false,ACTUAL,,,VALID,CURRENT,coolit-synthetic-v2.0.0,ALL_SYNTHETIC_CUSTOMERS,ALL_SYNTHETIC_PROGRAMS,ALL_SYNTHETIC_PRODUCTS,SYNTHETIC_INTERNAL,SNP-COOLIT-20260925-BL,SCN-BASELINE,RCAL-LINE-CPL-01-2026-H88,LINE-CPL-01,2026-H88,4800,4200,0,0,COLDPLATE_LOOP_ASSEMBLY,,HISTORICAL_ACTUAL
TEN-COOLIT-SYN-001,SITE-COOLIT-SYN-01,MES,RESOURCE_CALENDAR,RCAL-LINE-CPL-01-2026-H89,RCAL-LINE-CPL-01-2026-H89,RESOLVED,2026-09-25T23:59:59-06:00,2026-09-26T08:00:00-06:00,2026-06-29T00:00:00-06:00,,1,,false,ACTUAL,,,VALID,CURRENT,coolit-synthetic-v2.0.0,ALL_SYNTHETIC_CUSTOMERS,ALL_SYNTHETIC_PROGRAMS,ALL_SYNTHETIC_PRODUCTS,SYNTHETIC_INTERNAL,SNP-COOLIT-20260925-BL,SCN-BASELINE,RCAL-LINE-CPL-01-2026-H89,LINE-CPL-01,2026-H89,4800,4200,0,240,COLDPLATE_LOOP_ASSEMBLY,PLANNED_MAINTENANCE,HISTORICAL_ACTUAL
TEN-COOLIT-SYN-001,SITE-COOLIT-SYN-01,MES,RESOURCE_CALENDAR,RCAL-LINE-CPL-01-2026-H90,RCAL-LINE-CPL-01-2026-H90,RESOLVED,2026-09-25T23:59:59-06:00,2026-09-26T08:00:00-06:00,2026-06-29T00:00:00-06:00,,1,,false,ACTUAL,,,VALID,CURRENT,coolit-synthetic-v2.0.0,ALL_SYNTHETIC_CUSTOMERS,ALL_SYNTHETIC_PROGRAMS,ALL_SYNTHETIC_PRODUCTS,SYNTHETIC_INTERNAL,SNP-COOLIT-20260925-BL,SCN-BASELINE,RCAL-LINE-CPL-01-2026-H90,LINE-CPL-01,2026-H90,4800,4200,0,0,COLDPLATE_LOOP_ASSEMBLY,,HISTORICAL_ACTUAL
TEN-COOLIT-SYN-001,SITE-COOLIT-SYN-01,MES,RESOURCE_CALENDAR,RCAL-LINE-CPL-01-2026-H91,RCAL-LINE-CPL-01-2026-H91,RESOLVED,2026-09-25T23:59:59-06:00,2026-09-26T08:00:00-06:00,2026-06-29T00:00:00-06:00,,1,,false,ACTUAL,,,VALID,CURRENT,coolit-synthetic-v2.0.0,ALL_SYNTHETIC_CUSTOMERS,ALL_SYNTHETIC_PROGRAMS,ALL_SYNTHETIC_PRODUCTS,SYNTHETIC_INTERNAL,SNP-COOLIT-20260925-BL,SCN-BASELINE,RCAL-LINE-CPL-01-2026-H91,LINE-CPL-01,2026-H91,4800,4200,0,0,COLDPLATE_LOOP_ASSEMBLY,,HISTORICAL_ACTUAL
TEN-COOLIT-SYN-001,SITE-COOLIT-SYN-01,MES,RESOURCE_CALENDAR,RCAL-LINE-CPL-01-2026-H92,RCAL-LINE-CPL-01-2026-H92,RESOLVED,2026-09-25T23:59:59-06:00,2026-09-26T08:00:00-06:00,2026-06-29T00:00:00-06:00,,1,,false,ACTUAL,,,VALID,CURRENT,coolit-synthetic-v2.0.0,ALL_SYNTHETIC_CUSTOMERS,ALL_SYNTHETIC_PROGRAMS,ALL_SYNTHETIC_PRODUCTS,SYNTHETIC_INTERNAL,SNP-COOLIT-20260925-BL,SCN-BASELINE,RCAL-LINE-CPL-01-2026-H92,LINE-CPL-01,2026-H92,4800,4200,0,0,COLDPLATE_LOOP_ASSEMBLY,,HISTORICAL_ACTUAL
TEN-COOLIT-SYN-001,SITE-COOLIT-SYN-01,MES,RESOURCE_CALENDAR,RCAL-LINE-CPL-01-2026-H93,RCAL-LINE-CPL-01-2026-H93,RESOLVED,2026-09-25T23:59:59-06:00,2026-09-26T08:00:00-06:00,2026-06-29T00:00:00-06:00,,1,,false,ACTUAL,,,VALID,CURRENT,coolit-synthetic-v2.0.0,ALL_SYNTHETIC_CUSTOMERS,ALL_SYNTHETIC_PROGRAMS,ALL_SYNTHETIC_PRODUCTS,SYNTHETIC_INTERNAL,SNP-COOLIT-20260925-BL,SCN-BASELINE,RCAL-LINE-CPL-01-2026-H93,LINE-CPL-01,2026-H93,4800,4200,0,0,COLDPLATE_LOOP_ASSEMBLY,,HISTORICAL_ACTUAL
TEN-COOLIT-SYN-001,SITE-COOLIT-SYN-01,MES,RESOURCE_CALENDAR,RCAL-LINE-CPL-01-2026-H94,RCAL-LINE-CPL-01-2026-H94,RESOLVED,2026-09-25T23:59:59-06:00,2026-09-26T08:00:00-06:00,2026-06-29T00:00:00-06:00,,1,,false,ACTUAL,,,VALID,CURRENT,coolit-synthetic-v2.0.0,ALL_SYNTHETIC_CUSTOMERS,ALL_SYNTHETIC_PROGRAMS,ALL_SYNTHETIC_PRODUCTS,SYNTHETIC_INTERNAL,SNP-COOLIT-20260925-BL,SCN-BASELINE,RCAL-LINE-CPL-01-2026-H94,LINE-CPL-01,2026-H94,4800,4200,0,0,COLDPLATE_LOOP_ASSEMBLY,,HISTORICAL_ACTUAL
TEN-COOLIT-SYN-001,SITE-COOLIT-SYN-01,MES,RESOURCE_CALENDAR,RCAL-LINE-CPL-01-2026-H95,RCAL-LINE-CPL-01-2026-H95,RESOLVED,2026-09-25T23:59:59-06:00,2026-09-26T08:00:00-06:00,2026-06-29T00:00:00-06:00,,1,,false,ACTUAL,,,VALID,CURRENT,coolit-synthetic-v2.0.0,ALL_SYNTHETIC_CUSTOMERS,ALL_SYNTHETIC_PROGRAMS,ALL_SYNTHETIC_PRODUCTS,SYNTHETIC_INTERNAL,SNP-COOLIT-20260925-BL,SCN-BASELINE,RCAL-LINE-CPL-01-2026-H95,LINE-CPL-01,2026-H95,4800,4200,0,0,COLDPLATE_LOOP_ASSEMBLY,,HISTORICAL_ACTUAL
TEN-COOLIT-SYN-001,SITE-COOLIT-SYN-01,MES,RESOURCE_CALENDAR,RCAL-LINE-CPL-01-2026-H96,RCAL-LINE-CPL-01-2026-H96,RESOLVED,2026-09-25T23:59:59-06:00,2026-09-26T08:00:00-06:00,2026-06-29T00:00:00-06:00,,1,,false,ACTUAL,,,VALID,CURRENT,coolit-synthetic-v2.0.0,ALL_SYNTHETIC_CUSTOMERS,ALL_SYNTHETIC_PROGRAMS,ALL_SYNTHETIC_PRODUCTS,SYNTHETIC_INTERNAL,SNP-COOLIT-20260925-BL,SCN-BASELINE,RCAL-LINE-CPL-01-2026-H96,LINE-CPL-01,2026-H96,4800,4200,0,0,COLDPLATE_LOOP_ASSEMBLY,,HISTORICAL_ACTUAL
TEN-COOLIT-SYN-001,SITE-COOLIT-SYN-01,MES,RESOURCE_CALENDAR,RCAL-LINE-CPL-01-2026-H97,RCAL-LINE-CPL-01-2026-H97,RESOLVED,2026-09-25T23:59:59-06:00,2026-09-26T08:00:00-06:00,2026-06-29T00:00:00-06:00,,1,,false,ACTUAL,,,VALID,CURRENT,coolit-synthetic-v2.0.0,ALL_SYNTHETIC_CUSTOMERS,ALL_SYNTHETIC_PROGRAMS,ALL_SYNTHETIC_PRODUCTS,SYNTHETIC_INTERNAL,SNP-COOLIT-20260925-BL,SCN-BASELINE,RCAL-LINE-CPL-01-2026-H97,LINE-CPL-01,2026-H97,4800,4200,0,240,COLDPLATE_LOOP_ASSEMBLY,PLANNED_MAINTENANCE,HISTORICAL_ACTUAL
TEN-COOLIT-SYN-001,SITE-COOLIT-SYN-01,MES,RESOURCE_CALENDAR,RCAL-LINE-CPL-01-2026-H98,RCAL-LINE-CPL-01-2026-H98,RESOLVED,2026-09-25T23:59:59-06:00,2026-09-26T08:00:00-06:00,2026-06-29T00:00:00-06:00,,1,,false,ACTUAL,,,VALID,CURRENT,coolit-synthetic-v2.0.0,ALL_SYNTHETIC_CUSTOMERS,ALL_SYNTHETIC_PROGRAMS,ALL_SYNTHETIC_PRODUCTS,SYNTHETIC_INTERNAL,SNP-COOLIT-20260925-BL,SCN-BASELINE,RCAL-LINE-CPL-01-2026-H98,LINE-CPL-01,2026-H98,4800,4200,0,0,COLDPLATE_LOOP_ASSEMBLY,,HISTORICAL_ACTUAL
TEN-COOLIT-SYN-001,SITE-COOLIT-SYN-01,MES,RESOURCE_CALENDAR,RCAL-LINE-CPL-01-2026-H99,RCAL-LINE-CPL-01-2026-H99,RESOLVED,2026-09-25T23:59:59-06:00,2026-09-26T08:00:00-06:00,2026-06-29T00:00:00-06:00,,1,,false,ACTUAL,,,VALID,CURRENT,coolit-synthetic-v2.0.0,ALL_SYNTHETIC_CUSTOMERS,ALL_SYNTHETIC_PROGRAMS,ALL_SYNTHETIC_PRODUCTS,SYNTHETIC_INTERNAL,SNP-COOLIT-20260925-BL,SCN-BASELINE,RCAL-LINE-CPL-01-2026-H99,LINE-CPL-01,2026-H99,4800,4200,0,0,COLDPLATE_LOOP_ASSEMBLY,,HISTORICAL_ACTUAL
TEN-COOLIT-SYN-001,SITE-COOLIT-SYN-01,MES,RESOURCE_CALENDAR,RCAL-LINE-CPL-01-2026-H100,RCAL-LINE-CPL-01-2026-H100,RESOLVED,2026-09-25T23:59:59-06:00,2026-09-26T08:00:00-06:00,2026-06-29T00:00:00-06:00,,1,,false,ACTUAL,,,VALID,CURRENT,coolit-synthetic-v2.0.0,ALL_SYNTHETIC_CUSTOMERS,ALL_SYNTHETIC_PROGRAMS,ALL_SYNTHETIC_PRODUCTS,SYNTHETIC_INTERNAL,SNP-COOLIT-20260925-BL,SCN-BASELINE,RCAL-LINE-CPL-01-2026-H100,LINE-CPL-01,2026-H100,4800,4200,0,0,COLDPLATE_LOOP_ASSEMBLY,,HISTORICAL_ACTUAL
TEN-COOLIT-SYN-001,SITE-COOLIT-SYN-01,MES,RESOURCE_CALENDAR,RCAL-LINE-CPL-01-2026-H101,RCAL-LINE-CPL-01-2026-H101,RESOLVED,2026-09-25T23:59:59-06:00,2026-09-26T08:00:00-06:00,2026-06-29T00:00:00-06:00,,1,,false,ACTUAL,,,VALID,CURRENT,coolit-synthetic-v2.0.0,ALL_SYNTHETIC_CUSTOMERS,ALL_SYNTHETIC_PROGRAMS,ALL_SYNTHETIC_PRODUCTS,SYNTHETIC_INTERNAL,SNP-COOLIT-20260925-BL,SCN-BASELINE,RCAL-LINE-CPL-01-2026-H101,LINE-CPL-01,2026-H101,4800,4200,0,0,COLDPLATE_LOOP_ASSEMBLY,,HISTORICAL_ACTUAL
TEN-COOLIT-SYN-001,SITE-COOLIT-SYN-01,MES,RESOURCE_CALENDAR,RCAL-LINE-CPL-01-2026-H102,RCAL-LINE-CPL-01-2026-H102,RESOLVED,2026-09-25T23:59:59-06:00,2026-09-26T08:00:00-06:00,2026-06-29T00:00:00-06:00,,1,,false,ACTUAL,,,VALID,CURRENT,coolit-synthetic-v2.0.0,ALL_SYNTHETIC_CUSTOMERS,ALL_SYNTHETIC_PROGRAMS,ALL_SYNTHETIC_PRODUCTS,SYNTHETIC_INTERNAL,SNP-COOLIT-20260925-BL,SCN-BASELINE,RCAL-LINE-CPL-01-2026-H102,LINE-CPL-01,2026-H102,4800,4200,0,0,COLDPLATE_LOOP_ASSEMBLY,,HISTORICAL_ACTUAL
TEN-COOLIT-SYN-001,SITE-COOLIT-SYN-01,MES,RESOURCE_CALENDAR,RCAL-LINE-CPL-01-2026-H103,RCAL-LINE-CPL-01-2026-H103,RESOLVED,2026-09-25T23:59:59-06:00,2026-09-26T08:00:00-06:00,2026-06-29T00:00:00-06:00,,1,,false,ACTUAL,,,VALID,CURRENT,coolit-synthetic-v2.0.0,ALL_SYNTHETIC_CUSTOMERS,ALL_SYNTHETIC_PROGRAMS,ALL_SYNTHETIC_PRODUCTS,SYNTHETIC_INTERNAL,SNP-COOLIT-20260925-BL,SCN-BASELINE,RCAL-LINE-CPL-01-2026-H103,LINE-CPL-01,2026-H103,4800,4200,0,0,COLDPLATE_LOOP_ASSEMBLY,,HISTORICAL_ACTUAL
TEN-COOLIT-SYN-001,SITE-COOLIT-SYN-01,MES,RESOURCE_CALENDAR,RCAL-LINE-CPL-01-2026-H104,RCAL-LINE-CPL-01-2026-H104,RESOLVED,2026-09-25T23:59:59-06:00,2026-09-26T08:00:00-06:00,2026-06-29T00:00:00-06:00,,1,,false,ACTUAL,,,VALID,CURRENT,coolit-synthetic-v2.0.0,ALL_SYNTHETIC_CUSTOMERS,ALL_SYNTHETIC_PROGRAMS,ALL_SYNTHETIC_PRODUCTS,SYNTHETIC_INTERNAL,SNP-COOLIT-20260925-BL,SCN-BASELINE,RCAL-LINE-CPL-01-2026-H104,LINE-CPL-01,2026-H104,4800,4200,0,0,COLDPLATE_LOOP_ASSEMBLY,,HISTORICAL_ACTUAL
TEN-COOLIT-SYN-001,SITE-COOLIT-SYN-01,MES,RESOURCE_CALENDAR,RCAL-LINE-CPL-01-2026-P01,RCAL-LINE-CPL-01-2026-P01,RESOLVED,2026-09-25T23:59:59-06:00,2026-09-26T08:00:00-06:00,2026-06-29T00:00:00-06:00,,1,,false,PLAN,,,VALID,CURRENT,coolit-synthetic-v2.0.0,ALL_SYNTHETIC_CUSTOMERS,ALL_SYNTHETIC_PROGRAMS,ALL_SYNTHETIC_PRODUCTS,SYNTHETIC_INTERNAL,SNP-COOLIT-20260925-BL,SCN-BASELINE,RCAL-LINE-CPL-01-2026-P01,LINE-CPL-01,2026-P01,4800,4200,300,240,COLDPLATE_LOOP_ASSEMBLY,PLANNED_MAINTENANCE,PLANNING_FUTURE
TEN-COOLIT-SYN-001,SITE-COOLIT-SYN-01,MES,RESOURCE_CALENDAR,RCAL-LINE-CPL-01-2026-P02,RCAL-LINE-CPL-01-2026-P02,RESOLVED,2026-09-25T23:59:59-06:00,2026-09-26T08:00:00-06:00,2026-06-29T00:00:00-06:00,,1,,false,PLAN,,,VALID,CURRENT,coolit-synthetic-v2.0.0,ALL_SYNTHETIC_CUSTOMERS,ALL_SYNTHETIC_PROGRAMS,ALL_SYNTHETIC_PRODUCTS,SYNTHETIC_INTERNAL,SNP-COOLIT-20260925-BL,SCN-BASELINE,RCAL-LINE-CPL-01-2026-P02,LINE-CPL-01,2026-P02,4800,4200,300,0,COLDPLATE_LOOP_ASSEMBLY,,PLANNING_FUTURE
TEN-COOLIT-SYN-001,SITE-COOLIT-SYN-01,MES,RESOURCE_CALENDAR,RCAL-LINE-CPL-01-2026-P03,RCAL-LINE-CPL-01-2026-P03,RESOLVED,2026-09-25T23:59:59-06:00,2026-09-26T08:00:00-06:00,2026-06-29T00:00:00-06:00,,1,,false,PLAN,,,VALID,CURRENT,coolit-synthetic-v2.0.0,ALL_SYNTHETIC_CUSTOMERS,ALL_SYNTHETIC_PROGRAMS,ALL_SYNTHETIC_PRODUCTS,SYNTHETIC_INTERNAL,SNP-COOLIT-20260925-BL,SCN-BASELINE,RCAL-LINE-CPL-01-2026-P03,LINE-CPL-01,2026-P03,4800,4200,300,0,COLDPLATE_LOOP_ASSEMBLY,,PLANNING_FUTURE
TEN-COOLIT-SYN-001,SITE-COOLIT-SYN-01,MES,RESOURCE_CALENDAR,RCAL-LINE-CPL-01-2026-P04,RCAL-LINE-CPL-01-2026-P04,RESOLVED,2026-09-25T23:59:59-06:00,2026-09-26T08:00:00-06:00,2026-06-29T00:00:00-06:00,,1,,false,PLAN,,,VALID,CURRENT,coolit-synthetic-v2.0.0,ALL_SYNTHETIC_CUSTOMERS,ALL_SYNTHETIC_PROGRAMS,ALL_SYNTHETIC_PRODUCTS,SYNTHETIC_INTERNAL,SNP-COOLIT-20260925-BL,SCN-BASELINE,RCAL-LINE-CPL-01-2026-P04,LINE-CPL-01,2026-P04,4800,4200,300,0,COLDPLATE_LOOP_ASSEMBLY,,PLANNING_FUTURE
TEN-COOLIT-SYN-001,SITE-COOLIT-SYN-01,MES,RESOURCE_CALENDAR,RCAL-LINE-CPL-01-2026-P05,RCAL-LINE-CPL-01-2026-P05,RESOLVED,2026-09-25T23:59:59-06:00,2026-09-26T08:00:00-06:00,2026-06-29T00:00:00-06:00,,1,,false,PLAN,,,VALID,CURRENT,coolit-synthetic-v2.0.0,ALL_SYNTHETIC_CUSTOMERS,ALL_SYNTHETIC_PROGRAMS,ALL_SYNTHETIC_PRODUCTS,SYNTHETIC_INTERNAL,SNP-COOLIT-20260925-BL,SCN-BASELINE,RCAL-LINE-CPL-01-2026-P05,LINE-CPL-01,2026-P05,4800,4200,300,0,COLDPLATE_LOOP_ASSEMBLY,,PLANNING_FUTURE
TEN-COOLIT-SYN-001,SITE-COOLIT-SYN-01,MES,RESOURCE_CALENDAR,RCAL-LINE-CPL-01-2026-P06,RCAL-LINE-CPL-01-2026-P06,RESOLVED,2026-09-25T23:59:59-06:00,2026-09-26T08:00:00-06:00,2026-06-29T00:00:00-06:00,,1,,false,PLAN,,,VALID,CURRENT,coolit-synthetic-v2.0.0,ALL_SYNTHETIC_CUSTOMERS,ALL_SYNTHETIC_PROGRAMS,ALL_SYNTHETIC_PRODUCTS,SYNTHETIC_INTERNAL,SNP-COOLIT-20260925-BL,SCN-BASELINE,RCAL-LINE-CPL-01-2026-P06,LINE-CPL-01,2026-P06,4800,4200,300,0,COLDPLATE_LOOP_ASSEMBLY,,PLANNING_FUTURE
TEN-COOLIT-SYN-001,SITE-COOLIT-SYN-01,MES,RESOURCE_CALENDAR,RCAL-LINE-CPL-01-2026-P07,RCAL-LINE-CPL-01-2026-P07,RESOLVED,2026-09-25T23:59:59-06:00,2026-09-26T08:00:00-06:00,2026-06-29T00:00:00-06:00,,1,,false,PLAN,,,VALID,CURRENT,coolit-synthetic-v2.0.0,ALL_SYNTHETIC_CUSTOMERS,ALL_SYNTHETIC_PROGRAMS,ALL_SYNTHETIC_PRODUCTS,SYNTHETIC_INTERNAL,SNP-COOLIT-20260925-BL,SCN-BASELINE,RCAL-LINE-CPL-01-2026-P07,LINE-CPL-01,2026-P07,4800,4200,300,0,COLDPLATE_LOOP_ASSEMBLY,,PLANNING_FUTURE
TEN-COOLIT-SYN-001,SITE-COOLIT-SYN-01,MES,RESOURCE_CALENDAR,RCAL-LINE-CPL-01-2026-P08,RCAL-LINE-CPL-01-2026-P08,RESOLVED,2026-09-25T23:59:59-06:00,2026-09-26T08:00:00-06:00,2026-06-29T00:00:00-06:00,,1,,false,PLAN,,,VALID,CURRENT,coolit-synthetic-v2.0.0,ALL_SYNTHETIC_CUSTOMERS,ALL_SYNTHETIC_PROGRAMS,ALL_SYNTHETIC_PRODUCTS,SYNTHETIC_INTERNAL,SNP-COOLIT-20260925-BL,SCN-BASELINE,RCAL-LINE-CPL-01-2026-P08,LINE-CPL-01,2026-P08,4800,4200,300,0,COLDPLATE_LOOP_ASSEMBLY,,PLANNING_FUTURE
TEN-COOLIT-SYN-001,SITE-COOLIT-SYN-01,MES,RESOURCE_CALENDAR,RCAL-LINE-CPL-01-2026-P09,RCAL-LINE-CPL-01-2026-P09,RESOLVED,2026-09-25T23:59:59-06:00,2026-09-26T08:00:00-06:00,2026-06-29T00:00:00-06:00,,1,,false,PLAN,,,VALID,CURRENT,coolit-synthetic-v2.0.0,ALL_SYNTHETIC_CUSTOMERS,ALL_SYNTHETIC_PROGRAMS,ALL_SYNTHETIC_PRODUCTS,SYNTHETIC_INTERNAL,SNP-COOLIT-20260925-BL,SCN-BASELINE,RCAL-LINE-CPL-01-2026-P09,LINE-CPL-01,2026-P09,4800,4200,300,240,COLDPLATE_LOOP_ASSEMBLY,PLANNED_MAINTENANCE,PLANNING_FUTURE
TEN-COOLIT-SYN-001,SITE-COOLIT-SYN-01,MES,RESOURCE_CALENDAR,RCAL-LINE-CPL-01-2026-P10,RCAL-LINE-CPL-01-2026-P10,RESOLVED,2026-09-25T23:59:59-06:00,2026-09-26T08:00:00-06:00,2026-06-29T00:00:00-06:00,,1,,false,PLAN,,,VALID,CURRENT,coolit-synthetic-v2.0.0,ALL_SYNTHETIC_CUSTOMERS,ALL_SYNTHETIC_PROGRAMS,ALL_SYNTHETIC_PRODUCTS,SYNTHETIC_INTERNAL,SNP-COOLIT-20260925-BL,SCN-BASELINE,RCAL-LINE-CPL-01-2026-P10,LINE-CPL-01,2026-P10,4800,4200,300,0,COLDPLATE_LOOP_ASSEMBLY,,PLANNING_FUTURE
TEN-COOLIT-SYN-001,SITE-COOLIT-SYN-01,MES,RESOURCE_CALENDAR,RCAL-LINE-CPL-01-2026-P11,RCAL-LINE-CPL-01-2026-P11,RESOLVED,2026-09-25T23:59:59-06:00,2026-09-26T08:00:00-06:00,2026-06-29T00:00:00-06:00,,1,,false,PLAN,,,VALID,CURRENT,coolit-synthetic-v2.0.0,ALL_SYNTHETIC_CUSTOMERS,ALL_SYNTHETIC_PROGRAMS,ALL_SYNTHETIC_PRODUCTS,SYNTHETIC_INTERNAL,SNP-COOLIT-20260925-BL,SCN-BASELINE,RCAL-LINE-CPL-01-2026-P11,LINE-CPL-01,2026-P11,4800,4200,300,0,COLDPLATE_LOOP_ASSEMBLY,,PLANNING_FUTURE
TEN-COOLIT-SYN-001,SITE-COOLIT-SYN-01,MES,RESOURCE_CALENDAR,RCAL-LINE-CPL-01-2026-P12,RCAL-LINE-CPL-01-2026-P12,RESOLVED,2026-09-25T23:59:59-06:00,2026-09-26T08:00:00-06:00,2026-06-29T00:00:00-06:00,,1,,false,PLAN,,,VALID,CURRENT,coolit-synthetic-v2.0.0,ALL_SYNTHETIC_CUSTOMERS,ALL_SYNTHETIC_PROGRAMS,ALL_SYNTHETIC_PRODUCTS,SYNTHETIC_INTERNAL,SNP-COOLIT-20260925-BL,SCN-BASELINE,RCAL-LINE-CPL-01-2026-P12,LINE-CPL-01,2026-P12,4800,4200,300,0,COLDPLATE_LOOP_ASSEMBLY,,PLANNING_FUTURE
TEN-COOLIT-SYN-001,SITE-COOLIT-SYN-01,MES,RESOURCE_CALENDAR,RCAL-LINE-CPL-01-2026-P13,RCAL-LINE-CPL-01-2026-P13,RESOLVED,2026-09-25T23:59:59-06:00,2026-09-26T08:00:00-06:00,2026-06-29T00:00:00-06:00,,1,,false,PLAN,,,VALID,CURRENT,coolit-synthetic-v2.0.0,ALL_SYNTHETIC_CUSTOMERS,ALL_SYNTHETIC_PROGRAMS,ALL_SYNTHETIC_PRODUCTS,SYNTHETIC_INTERNAL,SNP-COOLIT-20260925-BL,SCN-BASELINE,RCAL-LINE-CPL-01-2026-P13,LINE-CPL-01,2026-P13,4800,4200,300,0,COLDPLATE_LOOP_ASSEMBLY,,PLANNING_FUTURE
TEN-COOLIT-SYN-001,SITE-COOLIT-SYN-01,MES,RESOURCE_CALENDAR,RCAL-LINE-CPL-01-2026-P14,RCAL-LINE-CPL-01-2026-P14,RESOLVED,2026-09-25T23:59:59-06:00,2026-09-26T08:00:00-06:00,2026-06-29T00:00:00-06:00,,1,,false,PLAN,,,VALID,CURRENT,coolit-synthetic-v2.0.0,ALL_SYNTHETIC_CUSTOMERS,ALL_SYNTHETIC_PROGRAMS,ALL_SYNTHETIC_PRODUCTS,SYNTHETIC_INTERNAL,SNP-COOLIT-20260925-BL,SCN-BASELINE,RCAL-LINE-CPL-01-2026-P14,LINE-CPL-01,2026-P14,4800,4200,300,0,COLDPLATE_LOOP_ASSEMBLY,,PLANNING_FUTURE
TEN-COOLIT-SYN-001,SITE-COOLIT-SYN-01,MES,RESOURCE_CALENDAR,RCAL-LINE-CPL-01-2026-P15,RCAL-LINE-CPL-01-2026-P15,RESOLVED,2026-09-25T23:59:59-06:00,2026-09-26T08:00:00-06:00,2026-06-29T00:00:00-06:00,,1,,false,PLAN,,,VALID,CURRENT,coolit-synthetic-v2.0.0,ALL_SYNTHETIC_CUSTOMERS,ALL_SYNTHETIC_PROGRAMS,ALL_SYNTHETIC_PRODUCTS,SYNTHETIC_INTERNAL,SNP-COOLIT-20260925-BL,SCN-BASELINE,RCAL-LINE-CPL-01-2026-P15,LINE-CPL-01,2026-P15,4800,4200,300,0,COLDPLATE_LOOP_ASSEMBLY,,PLANNING_FUTURE
TEN-COOLIT-SYN-001,SITE-COOLIT-SYN-01,MES,RESOURCE_CALENDAR,RCAL-LINE-CPL-01-2026-P16,RCAL-LINE-CPL-01-2026-P16,RESOLVED,2026-09-25T23:59:59-06:00,2026-09-26T08:00:00-06:00,2026-06-29T00:00:00-06:00,,1,,false,PLAN,,,VALID,CURRENT,coolit-synthetic-v2.0.0,ALL_SYNTHETIC_CUSTOMERS,ALL_SYNTHETIC_PROGRAMS,ALL_SYNTHETIC_PRODUCTS,SYNTHETIC_INTERNAL,SNP-COOLIT-20260925-BL,SCN-BASELINE,RCAL-LINE-CPL-01-2026-P16,LINE-CPL-01,2026-P16,4800,4200,300,0,COLDPLATE_LOOP_ASSEMBLY,,PLANNING_FUTURE
TEN-COOLIT-SYN-001,SITE-COOLIT-SYN-01,MES,RESOURCE_CALENDAR,RCAL-LINE-CPL-01-2026-P17,RCAL-LINE-CPL-01-2026-P17,RESOLVED,2026-09-25T23:59:59-06:00,2026-09-26T08:00:00-06:00,2026-06-29T00:00:00-06:00,,1,,false,PLAN,,,VALID,CURRENT,coolit-synthetic-v2.0.0,ALL_SYNTHETIC_CUSTOMERS,ALL_SYNTHETIC_PROGRAMS,ALL_SYNTHETIC_PRODUCTS,SYNTHETIC_INTERNAL,SNP-COOLIT-20260925-BL,SCN-BASELINE,RCAL-LINE-CPL-01-2026-P17,LINE-CPL-01,2026-P17,4800,4200,300,240,COLDPLATE_LOOP_ASSEMBLY,PLANNED_MAINTENANCE,PLANNING_FUTURE
TEN-COOLIT-SYN-001,SITE-COOLIT-SYN-01,MES,RESOURCE_CALENDAR,RCAL-LINE-CPL-01-2026-P18,RCAL-LINE-CPL-01-2026-P18,RESOLVED,2026-09-25T23:59:59-06:00,2026-09-26T08:00:00-06:00,2026-06-29T00:00:00-06:00,,1,,false,PLAN,,,VALID,CURRENT,coolit-synthetic-v2.0.0,ALL_SYNTHETIC_CUSTOMERS,ALL_SYNTHETIC_PROGRAMS,ALL_SYNTHETIC_PRODUCTS,SYNTHETIC_INTERNAL,SNP-COOLIT-20260925-BL,SCN-BASELINE,RCAL-LINE-CPL-01-2026-P18,LINE-CPL-01,2026-P18,4800,4200,300,0,COLDPLATE_LOOP_ASSEMBLY,,PLANNING_FUTURE
TEN-COOLIT-SYN-001,SITE-COOLIT-SYN-01,MES,RESOURCE_CALENDAR,RCAL-LINE-CPL-01-2026-P19,RCAL-LINE-CPL-01-2026-P19,RESOLVED,2026-09-25T23:59:59-06:00,2026-09-26T08:00:00-06:00,2026-06-29T00:00:00-06:00,,1,,false,PLAN,,,VALID,CURRENT,coolit-synthetic-v2.0.0,ALL_SYNTHETIC_CUSTOMERS,ALL_SYNTHETIC_PROGRAMS,ALL_SYNTHETIC_PRODUCTS,SYNTHETIC_INTERNAL,SNP-COOLIT-20260925-BL,SCN-BASELINE,RCAL-LINE-CPL-01-2026-P19,LINE-CPL-01,2026-P19,4800,4200,300,0,COLDPLATE_LOOP_ASSEMBLY,,PLANNING_FUTURE
TEN-COOLIT-SYN-001,SITE-COOLIT-SYN-01,MES,RESOURCE_CALENDAR,RCAL-LINE-CPL-01-2026-P20,RCAL-LINE-CPL-01-2026-P20,RESOLVED,2026-09-25T23:59:59-06:00,2026-09-26T08:00:00-06:00,2026-06-29T00:00:00-06:00,,1,,false,PLAN,,,VALID,CURRENT,coolit-synthetic-v2.0.0,ALL_SYNTHETIC_CUSTOMERS,ALL_SYNTHETIC_PROGRAMS,ALL_SYNTHETIC_PRODUCTS,SYNTHETIC_INTERNAL,SNP-COOLIT-20260925-BL,SCN-BASELINE,RCAL-LINE-CPL-01-2026-P20,LINE-CPL-01,2026-P20,4800,4200,300,0,COLDPLATE_LOOP_ASSEMBLY,,PLANNING_FUTURE
TEN-COOLIT-SYN-001,SITE-COOLIT-SYN-01,MES,RESOURCE_CALENDAR,RCAL-LINE-CPL-01-2026-P21,RCAL-LINE-CPL-01-2026-P21,RESOLVED,2026-09-25T23:59:59-06:00,2026-09-26T08:00:00-06:00,2026-06-29T00:00:00-06:00,,1,,false,PLAN,,,VALID,CURRENT,coolit-synthetic-v2.0.0,ALL_SYNTHETIC_CUSTOMERS,ALL_SYNTHETIC_PROGRAMS,ALL_SYNTHETIC_PRODUCTS,SYNTHETIC_INTERNAL,SNP-COOLIT-20260925-BL,SCN-BASELINE,RCAL-LINE-CPL-01-2026-P21,LINE-CPL-01,2026-P21,4800,4200,300,0,COLDPLATE_LOOP_ASSEMBLY,,PLANNING_FUTURE
TEN-COOLIT-SYN-001,SITE-COOLIT-SYN-01,MES,RESOURCE_CALENDAR,RCAL-LINE-CPL-01-2026-P22,RCAL-LINE-CPL-01-2026-P22,RESOLVED,2026-09-25T23:59:59-06:00,2026-09-26T08:00:00-06:00,2026-06-29T00:00:00-06:00,,1,,false,PLAN,,,VALID,CURRENT,coolit-synthetic-v2.0.0,ALL_SYNTHETIC_CUSTOMERS,ALL_SYNTHETIC_PROGRAMS,ALL_SYNTHETIC_PRODUCTS,SYNTHETIC_INTERNAL,SNP-COOLIT-20260925-BL,SCN-BASELINE,RCAL-LINE-CPL-01-2026-P22,LINE-CPL-01,2026-P22,4800,4200,300,0,COLDPLATE_LOOP_ASSEMBLY,,PLANNING_FUTURE
TEN-COOLIT-SYN-001,SITE-COOLIT-SYN-01,MES,RESOURCE_CALENDAR,RCAL-LINE-CPL-01-2026-P23,RCAL-LINE-CPL-01-2026-P23,RESOLVED,2026-09-25T23:59:59-06:00,2026-09-26T08:00:00-06:00,2026-06-29T00:00:00-06:00,,1,,false,PLAN,,,VALID,CURRENT,coolit-synthetic-v2.0.0,ALL_SYNTHETIC_CUSTOMERS,ALL_SYNTHETIC_PROGRAMS,ALL_SYNTHETIC_PRODUCTS,SYNTHETIC_INTERNAL,SNP-COOLIT-20260925-BL,SCN-BASELINE,RCAL-LINE-CPL-01-2026-P23,LINE-CPL-01,2026-P23,4800,4200,300,0,COLDPLATE_LOOP_ASSEMBLY,,PLANNING_FUTURE
TEN-COOLIT-SYN-001,SITE-COOLIT-SYN-01,MES,RESOURCE_CALENDAR,RCAL-LINE-CPL-01-2026-P24,RCAL-LINE-CPL-01-2026-P24,RESOLVED,2026-09-25T23:59:59-06:00,2026-09-26T08:00:00-06:00,2026-06-29T00:00:00-06:00,,1,,false,PLAN,,,VALID,CURRENT,coolit-synthetic-v2.0.0,ALL_SYNTHETIC_CUSTOMERS,ALL_SYNTHETIC_PROGRAMS,ALL_SYNTHETIC_PRODUCTS,SYNTHETIC_INTERNAL,SNP-COOLIT-20260925-BL,SCN-BASELINE,RCAL-LINE-CPL-01-2026-P24,LINE-CPL-01,2026-P24,4800,4200,300,0,COLDPLATE_LOOP_ASSEMBLY,,PLANNING_FUTURE
TEN-COOLIT-SYN-001,SITE-COOLIT-SYN-01,MES,RESOURCE_CALENDAR,RCAL-LINE-CPL-01-2026-P25,RCAL-LINE-CPL-01-2026-P25,RESOLVED,2026-09-25T23:59:59-06:00,2026-09-26T08:00:00-06:00,2026-06-29T00:00:00-06:00,,1,,false,PLAN,,,VALID,CURRENT,coolit-synthetic-v2.0.0,ALL_SYNTHETIC_CUSTOMERS,ALL_SYNTHETIC_PROGRAMS,ALL_SYNTHETIC_PRODUCTS,SYNTHETIC_INTERNAL,SNP-COOLIT-20260925-BL,SCN-BASELINE,RCAL-LINE-CPL-01-2026-P25,LINE-CPL-01,2026-P25,4800,4200,300,240,COLDPLATE_LOOP_ASSEMBLY,PLANNED_MAINTENANCE,PLANNING_FUTURE
TEN-COOLIT-SYN-001,SITE-COOLIT-SYN-01,MES,RESOURCE_CALENDAR,RCAL-LINE-CPL-01-2026-P26,RCAL-LINE-CPL-01-2026-P26,RESOLVED,2026-09-25T23:59:59-06:00,2026-09-26T08:00:00-06:00,2026-06-29T00:00:00-06:00,,1,,false,PLAN,,,VALID,CURRENT,coolit-synthetic-v2.0.0,ALL_SYNTHETIC_CUSTOMERS,ALL_SYNTHETIC_PROGRAMS,ALL_SYNTHETIC_PRODUCTS,SYNTHETIC_INTERNAL,SNP-COOLIT-20260925-BL,SCN-BASELINE,RCAL-LINE-CPL-01-2026-P26,LINE-CPL-01,2026-P26,4800,4200,300,0,COLDPLATE_LOOP_ASSEMBLY,,PLANNING_FUTURE
TEN-COOLIT-SYN-001,SITE-COOLIT-SYN-01,MES,RESOURCE_CALENDAR,RCAL-LINE-RM-01-2026-H01,RCAL-LINE-RM-01-2026-H01,RESOLVED,2026-09-25T23:59:59-06:00,2026-09-26T08:00:00-06:00,2026-06-29T00:00:00-06:00,,1,,false,ACTUAL,,,VALID,CURRENT,coolit-synthetic-v2.0.0,ALL_SYNTHETIC_CUSTOMERS,ALL_SYNTHETIC_PROGRAMS,ALL_SYNTHETIC_PRODUCTS,SYNTHETIC_INTERNAL,SNP-COOLIT-20260925-BL,SCN-BASELINE,RCAL-LINE-RM-01-2026-H01,LINE-RM-01,2026-H01,4800,4200,0,240,RACK_MANIFOLD_ASSEMBLY,PLANNED_MAINTENANCE,HISTORICAL_ACTUAL
TEN-COOLIT-SYN-001,SITE-COOLIT-SYN-01,MES,RESOURCE_CALENDAR,RCAL-LINE-RM-01-2026-H02,RCAL-LINE-RM-01-2026-H02,RESOLVED,2026-09-25T23:59:59-06:00,2026-09-26T08:00:00-06:00,2026-06-29T00:00:00-06:00,,1,,false,ACTUAL,,,VALID,CURRENT,coolit-synthetic-v2.0.0,ALL_SYNTHETIC_CUSTOMERS,ALL_SYNTHETIC_PROGRAMS,ALL_SYNTHETIC_PRODUCTS,SYNTHETIC_INTERNAL,SNP-COOLIT-20260925-BL,SCN-BASELINE,RCAL-LINE-RM-01-2026-H02,LINE-RM-01,2026-H02,4800,4200,0,0,RACK_MANIFOLD_ASSEMBLY,,HISTORICAL_ACTUAL
TEN-COOLIT-SYN-001,SITE-COOLIT-SYN-01,MES,RESOURCE_CALENDAR,RCAL-LINE-RM-01-2026-H03,RCAL-LINE-RM-01-2026-H03,RESOLVED,2026-09-25T23:59:59-06:00,2026-09-26T08:00:00-06:00,2026-06-29T00:00:00-06:00,,1,,false,ACTUAL,,,VALID,CURRENT,coolit-synthetic-v2.0.0,ALL_SYNTHETIC_CUSTOMERS,ALL_SYNTHETIC_PROGRAMS,ALL_SYNTHETIC_PRODUCTS,SYNTHETIC_INTERNAL,SNP-COOLIT-20260925-BL,SCN-BASELINE,RCAL-LINE-RM-01-2026-H03,LINE-RM-01,2026-H03,4800,4200,0,0,RACK_MANIFOLD_ASSEMBLY,,HISTORICAL_ACTUAL
TEN-COOLIT-SYN-001,SITE-COOLIT-SYN-01,MES,RESOURCE_CALENDAR,RCAL-LINE-RM-01-2026-H04,RCAL-LINE-RM-01-2026-H04,RESOLVED,2026-09-25T23:59:59-06:00,2026-09-26T08:00:00-06:00,2026-06-29T00:00:00-06:00,,1,,false,ACTUAL,,,VALID,CURRENT,coolit-synthetic-v2.0.0,ALL_SYNTHETIC_CUSTOMERS,ALL_SYNTHETIC_PROGRAMS,ALL_SYNTHETIC_PRODUCTS,SYNTHETIC_INTERNAL,SNP-COOLIT-20260925-BL,SCN-BASELINE,RCAL-LINE-RM-01-2026-H04,LINE-RM-01,2026-H04,4800,4200,0,0,RACK_MANIFOLD_ASSEMBLY,,HISTORICAL_ACTUAL
TEN-COOLIT-SYN-001,SITE-COOLIT-SYN-01,MES,RESOURCE_CALENDAR,RCAL-LINE-RM-01-2026-H05,RCAL-LINE-RM-01-2026-H05,RESOLVED,2026-09-25T23:59:59-06:00,2026-09-26T08:00:00-06:00,2026-06-29T00:00:00-06:00,,1,,false,ACTUAL,,,VALID,CURRENT,coolit-synthetic-v2.0.0,ALL_SYNTHETIC_CUSTOMERS,ALL_SYNTHETIC_PROGRAMS,ALL_SYNTHETIC_PRODUCTS,SYNTHETIC_INTERNAL,SNP-COOLIT-20260925-BL,SCN-BASELINE,RCAL-LINE-RM-01-2026-H05,LINE-RM-01,2026-H05,4800,4200,0,0,RACK_MANIFOLD_ASSEMBLY,,HISTORICAL_ACTUAL
TEN-COOLIT-SYN-001,SITE-COOLIT-SYN-01,MES,RESOURCE_CALENDAR,RCAL-LINE-RM-01-2026-H06,RCAL-LINE-RM-01-2026-H06,RESOLVED,2026-09-25T23:59:59-06:00,2026-09-26T08:00:00-06:00,2026-06-29T00:00:00-06:00,,1,,false,ACTUAL,,,VALID,CURRENT,coolit-synthetic-v2.0.0,ALL_SYNTHETIC_CUSTOMERS,ALL_SYNTHETIC_PROGRAMS,ALL_SYNTHETIC_PRODUCTS,SYNTHETIC_INTERNAL,SNP-COOLIT-20260925-BL,SCN-BASELINE,RCAL-LINE-RM-01-2026-H06,LINE-RM-01,2026-H06,4800,4200,0,0,RACK_MANIFOLD_ASSEMBLY,,HISTORICAL_ACTUAL
TEN-COOLIT-SYN-001,SITE-COOLIT-SYN-01,MES,RESOURCE_CALENDAR,RCAL-LINE-RM-01-2026-H07,RCAL-LINE-RM-01-2026-H07,RESOLVED,2026-09-25T23:59:59-06:00,2026-09-26T08:00:00-06:00,2026-06-29T00:00:00-06:00,,1,,false,ACTUAL,,,VALID,CURRENT,coolit-synthetic-v2.0.0,ALL_SYNTHETIC_CUSTOMERS,ALL_SYNTHETIC_PROGRAMS,ALL_SYNTHETIC_PRODUCTS,SYNTHETIC_INTERNAL,SNP-COOLIT-20260925-BL,SCN-BASELINE,RCAL-LINE-RM-01-2026-H07,LINE-RM-01,2026-H07,4800,4200,0,0,RACK_MANIFOLD_ASSEMBLY,,HISTORICAL_ACTUAL
TEN-COOLIT-SYN-001,SITE-COOLIT-SYN-01,MES,RESOURCE_CALENDAR,RCAL-LINE-RM-01-2026-H08,RCAL-LINE-RM-01-2026-H08,RESOLVED,2026-09-25T23:59:59-06:00,2026-09-26T08:00:00-06:00,2026-06-29T00:00:00-06:00,,1,,false,ACTUAL,,,VALID,CURRENT,coolit-synthetic-v2.0.0,ALL_SYNTHETIC_CUSTOMERS,ALL_SYNTHETIC_PROGRAMS,ALL_SYNTHETIC_PRODUCTS,SYNTHETIC_INTERNAL,SNP-COOLIT-20260925-BL,SCN-BASELINE,RCAL-LINE-RM-01-2026-H08,LINE-RM-01,2026-H08,4800,4200,0,0,RACK_MANIFOLD_ASSEMBLY,,HISTORICAL_ACTUAL
TEN-COOLIT-SYN-001,SITE-COOLIT-SYN-01,MES,RESOURCE_CALENDAR,RCAL-LINE-RM-01-2026-H09,RCAL-LINE-RM-01-2026-H09,RESOLVED,2026-09-25T23:59:59-06:00,2026-09-26T08:00:00-06:00,2026-06-29T00:00:00-06:00,,1,,false,ACTUAL,,,VALID,CURRENT,coolit-synthetic-v2.0.0,ALL_SYNTHETIC_CUSTOMERS,ALL_SYNTHETIC_PROGRAMS,ALL_SYNTHETIC_PRODUCTS,SYNTHETIC_INTERNAL,SNP-COOLIT-20260925-BL,SCN-BASELINE,RCAL-LINE-RM-01-2026-H09,LINE-RM-01,2026-H09,4800,4200,0,240,RACK_MANIFOLD_ASSEMBLY,PLANNED_MAINTENANCE,HISTORICAL_ACTUAL
TEN-COOLIT-SYN-001,SITE-COOLIT-SYN-01,MES,RESOURCE_CALENDAR,RCAL-LINE-RM-01-2026-H10,RCAL-LINE-RM-01-2026-H10,RESOLVED,2026-09-25T23:59:59-06:00,2026-09-26T08:00:00-06:00,2026-06-29T00:00:00-06:00,,1,,false,ACTUAL,,,VALID,CURRENT,coolit-synthetic-v2.0.0,ALL_SYNTHETIC_CUSTOMERS,ALL_SYNTHETIC_PROGRAMS,ALL_SYNTHETIC_PRODUCTS,SYNTHETIC_INTERNAL,SNP-COOLIT-20260925-BL,SCN-BASELINE,RCAL-LINE-RM-01-2026-H10,LINE-RM-01,2026-H10,4800,4200,0,0,RACK_MANIFOLD_ASSEMBLY,,HISTORICAL_ACTUAL
TEN-COOLIT-SYN-001,SITE-COOLIT-SYN-01,MES,RESOURCE_CALENDAR,RCAL-LINE-RM-01-2026-H11,RCAL-LINE-RM-01-2026-H11,RESOLVED,2026-09-25T23:59:59-06:00,2026-09-26T08:00:00-06:00,2026-06-29T00:00:00-06:00,,1,,false,ACTUAL,,,VALID,CURRENT,coolit-synthetic-v2.0.0,ALL_SYNTHETIC_CUSTOMERS,ALL_SYNTHETIC_PROGRAMS,ALL_SYNTHETIC_PRODUCTS,SYNTHETIC_INTERNAL,SNP-COOLIT-20260925-BL,SCN-BASELINE,RCAL-LINE-RM-01-2026-H11,LINE-RM-01,2026-H11,4800,4200,0,0,RACK_MANIFOLD_ASSEMBLY,,HISTORICAL_ACTUAL
TEN-COOLIT-SYN-001,SITE-COOLIT-SYN-01,MES,RESOURCE_CALENDAR,RCAL-LINE-RM-01-2026-H12,RCAL-LINE-RM-01-2026-H12,RESOLVED,2026-09-25T23:59:59-06:00,2026-09-26T08:00:00-06:00,2026-06-29T00:00:00-06:00,,1,,false,ACTUAL,,,VALID,CURRENT,coolit-synthetic-v2.0.0,ALL_SYNTHETIC_CUSTOMERS,ALL_SYNTHETIC_PROGRAMS,ALL_SYNTHETIC_PRODUCTS,SYNTHETIC_INTERNAL,SNP-COOLIT-20260925-BL,SCN-BASELINE,RCAL-LINE-RM-01-2026-H12,LINE-RM-01,2026-H12,4800,4200,0,0,RACK_MANIFOLD_ASSEMBLY,,HISTORICAL_ACTUAL
TEN-COOLIT-SYN-001,SITE-COOLIT-SYN-01,MES,RESOURCE_CALENDAR,RCAL-LINE-RM-01-2026-H13,RCAL-LINE-RM-01-2026-H13,RESOLVED,2026-09-25T23:59:59-06:00,2026-09-26T08:00:00-06:00,2026-06-29T00:00:00-06:00,,1,,false,ACTUAL,,,VALID,CURRENT,coolit-synthetic-v2.0.0,ALL_SYNTHETIC_CUSTOMERS,ALL_SYNTHETIC_PROGRAMS,ALL_SYNTHETIC_PRODUCTS,SYNTHETIC_INTERNAL,SNP-COOLIT-20260925-BL,SCN-BASELINE,RCAL-LINE-RM-01-2026-H13,LINE-RM-01,2026-H13,4800,4200,0,0,RACK_MANIFOLD_ASSEMBLY,,HISTORICAL_ACTUAL
TEN-COOLIT-SYN-001,SITE-COOLIT-SYN-01,MES,RESOURCE_CALENDAR,RCAL-LINE-RM-01-2026-H14,RCAL-LINE-RM-01-2026-H14,RESOLVED,2026-09-25T23:59:59-06:00,2026-09-26T08:00:00-06:00,2026-06-29T00:00:00-06:00,,1,,false,ACTUAL,,,VALID,CURRENT,coolit-synthetic-v2.0.0,ALL_SYNTHETIC_CUSTOMERS,ALL_SYNTHETIC_PROGRAMS,ALL_SYNTHETIC_PRODUCTS,SYNTHETIC_INTERNAL,SNP-COOLIT-20260925-BL,SCN-BASELINE,RCAL-LINE-RM-01-2026-H14,LINE-RM-01,2026-H14,4800,4200,0,0,RACK_MANIFOLD_ASSEMBLY,,HISTORICAL_ACTUAL
TEN-COOLIT-SYN-001,SITE-COOLIT-SYN-01,MES,RESOURCE_CALENDAR,RCAL-LINE-RM-01-2026-H15,RCAL-LINE-RM-01-2026-H15,RESOLVED,2026-09-25T23:59:59-06:00,2026-09-26T08:00:00-06:00,2026-06-29T00:00:00-06:00,,1,,false,ACTUAL,,,VALID,CURRENT,coolit-synthetic-v2.0.0,ALL_SYNTHETIC_CUSTOMERS,ALL_SYNTHETIC_PROGRAMS,ALL_SYNTHETIC_PRODUCTS,SYNTHETIC_INTERNAL,SNP-COOLIT-20260925-BL,SCN-BASELINE,RCAL-LINE-RM-01-2026-H15,LINE-RM-01,2026-H15,4800,4200,0,0,RACK_MANIFOLD_ASSEMBLY,,HISTORICAL_ACTUAL
TEN-COOLIT-SYN-001,SITE-COOLIT-SYN-01,MES,RESOURCE_CALENDAR,RCAL-LINE-RM-01-2026-H16,RCAL-LINE-RM-01-2026-H16,RESOLVED,2026-09-25T23:59:59-06:00,2026-09-26T08:00:00-06:00,2026-06-29T00:00:00-06:00,,1,,false,ACTUAL,,,VALID,CURRENT,coolit-synthetic-v2.0.0,ALL_SYNTHETIC_CUSTOMERS,ALL_SYNTHETIC_PROGRAMS,ALL_SYNTHETIC_PRODUCTS,SYNTHETIC_INTERNAL,SNP-COOLIT-20260925-BL,SCN-BASELINE,RCAL-LINE-RM-01-2026-H16,LINE-RM-01,2026-H16,4800,4200,0,0,RACK_MANIFOLD_ASSEMBLY,,HISTORICAL_ACTUAL
TEN-COOLIT-SYN-001,SITE-COOLIT-SYN-01,MES,RESOURCE_CALENDAR,RCAL-LINE-RM-01-2026-H17,RCAL-LINE-RM-01-2026-H17,RESOLVED,2026-09-25T23:59:59-06:00,2026-09-26T08:00:00-06:00,2026-06-29T00:00:00-06:00,,1,,false,ACTUAL,,,VALID,CURRENT,coolit-synthetic-v2.0.0,ALL_SYNTHETIC_CUSTOMERS,ALL_SYNTHETIC_PROGRAMS,ALL_SYNTHETIC_PRODUCTS,SYNTHETIC_INTERNAL,SNP-COOLIT-20260925-BL,SCN-BASELINE,RCAL-LINE-RM-01-2026-H17,LINE-RM-01,2026-H17,4800,4200,0,240,RACK_MANIFOLD_ASSEMBLY,PLANNED_MAINTENANCE,HISTORICAL_ACTUAL
TEN-COOLIT-SYN-001,SITE-COOLIT-SYN-01,MES,RESOURCE_CALENDAR,RCAL-LINE-RM-01-2026-H18,RCAL-LINE-RM-01-2026-H18,RESOLVED,2026-09-25T23:59:59-06:00,2026-09-26T08:00:00-06:00,2026-06-29T00:00:00-06:00,,1,,false,ACTUAL,,,VALID,CURRENT,coolit-synthetic-v2.0.0,ALL_SYNTHETIC_CUSTOMERS,ALL_SYNTHETIC_PROGRAMS,ALL_SYNTHETIC_PRODUCTS,SYNTHETIC_INTERNAL,SNP-COOLIT-20260925-BL,SCN-BASELINE,RCAL-LINE-RM-01-2026-H18,LINE-RM-01,2026-H18,4800,4200,0,0,RACK_MANIFOLD_ASSEMBLY,,HISTORICAL_ACTUAL
TEN-COOLIT-SYN-001,SITE-COOLIT-SYN-01,MES,RESOURCE_CALENDAR,RCAL-LINE-RM-01-2026-H19,RCAL-LINE-RM-01-2026-H19,RESOLVED,2026-09-25T23:59:59-06:00,2026-09-26T08:00:00-06:00,2026-06-29T00:00:00-06:00,,1,,false,ACTUAL,,,VALID,CURRENT,coolit-synthetic-v2.0.0,ALL_SYNTHETIC_CUSTOMERS,ALL_SYNTHETIC_PROGRAMS,ALL_SYNTHETIC_PRODUCTS,SYNTHETIC_INTERNAL,SNP-COOLIT-20260925-BL,SCN-BASELINE,RCAL-LINE-RM-01-2026-H19,LINE-RM-01,2026-H19,4800,4200,0,0,RACK_MANIFOLD_ASSEMBLY,,HISTORICAL_ACTUAL
TEN-COOLIT-SYN-001,SITE-COOLIT-SYN-01,MES,RESOURCE_CALENDAR,RCAL-LINE-RM-01-2026-H20,RCAL-LINE-RM-01-2026-H20,RESOLVED,2026-09-25T23:59:59-06:00,2026-09-26T08:00:00-06:00,2026-06-29T00:00:00-06:00,,1,,false,ACTUAL,,,VALID,CURRENT,coolit-synthetic-v2.0.0,ALL_SYNTHETIC_CUSTOMERS,ALL_SYNTHETIC_PROGRAMS,ALL_SYNTHETIC_PRODUCTS,SYNTHETIC_INTERNAL,SNP-COOLIT-20260925-BL,SCN-BASELINE,RCAL-LINE-RM-01-2026-H20,LINE-RM-01,2026-H20,4800,4200,0,0,RACK_MANIFOLD_ASSEMBLY,,HISTORICAL_ACTUAL
TEN-COOLIT-SYN-001,SITE-COOLIT-SYN-01,MES,RESOURCE_CALENDAR,RCAL-LINE-RM-01-2026-H21,RCAL-LINE-RM-01-2026-H21,RESOLVED,2026-09-25T23:59:59-06:00,2026-09-26T08:00:00-06:00,2026-06-29T00:00:00-06:00,,1,,false,ACTUAL,,,VALID,CURRENT,coolit-synthetic-v2.0.0,ALL_SYNTHETIC_CUSTOMERS,ALL_SYNTHETIC_PROGRAMS,ALL_SYNTHETIC_PRODUCTS,SYNTHETIC_INTERNAL,SNP-COOLIT-20260925-BL,SCN-BASELINE,RCAL-LINE-RM-01-2026-H21,LINE-RM-01,2026-H21,4800,4200,0,0,RACK_MANIFOLD_ASSEMBLY,,HISTORICAL_ACTUAL
TEN-COOLIT-SYN-001,SITE-COOLIT-SYN-01,MES,RESOURCE_CALENDAR,RCAL-LINE-RM-01-2026-H22,RCAL-LINE-RM-01-2026-H22,RESOLVED,2026-09-25T23:59:59-06:00,2026-09-26T08:00:00-06:00,2026-06-29T00:00:00-06:00,,1,,false,ACTUAL,,,VALID,CURRENT,coolit-synthetic-v2.0.0,ALL_SYNTHETIC_CUSTOMERS,ALL_SYNTHETIC_PROGRAMS,ALL_SYNTHETIC_PRODUCTS,SYNTHETIC_INTERNAL,SNP-COOLIT-20260925-BL,SCN-BASELINE,RCAL-LINE-RM-01-2026-H22,LINE-RM-01,2026-H22,4800,4200,0,0,RACK_MANIFOLD_ASSEMBLY,,HISTORICAL_ACTUAL
TEN-COOLIT-SYN-001,SITE-COOLIT-SYN-01,MES,RESOURCE_CALENDAR,RCAL-LINE-RM-01-2026-H23,RCAL-LINE-RM-01-2026-H23,RESOLVED,2026-09-25T23:59:59-06:00,2026-09-26T08:00:00-06:00,2026-06-29T00:00:00-06:00,,1,,false,ACTUAL,,,VALID,CURRENT,coolit-synthetic-v2.0.0,ALL_SYNTHETIC_CUSTOMERS,ALL_SYNTHETIC_PROGRAMS,ALL_SYNTHETIC_PRODUCTS,SYNTHETIC_INTERNAL,SNP-COOLIT-20260925-BL,SCN-BASELINE,RCAL-LINE-RM-01-2026-H23,LINE-RM-01,2026-H23,4800,4200,0,0,RACK_MANIFOLD_ASSEMBLY,,HISTORICAL_ACTUAL
TEN-COOLIT-SYN-001,SITE-COOLIT-SYN-01,MES,RESOURCE_CALENDAR,RCAL-LINE-RM-01-2026-H24,RCAL-LINE-RM-01-2026-H24,RESOLVED,2026-09-25T23:59:59-06:00,2026-09-26T08:00:00-06:00,2026-06-29T00:00:00-06:00,,1,,false,ACTUAL,,,VALID,CURRENT,coolit-synthetic-v2.0.0,ALL_SYNTHETIC_CUSTOMERS,ALL_SYNTHETIC_PROGRAMS,ALL_SYNTHETIC_PRODUCTS,SYNTHETIC_INTERNAL,SNP-COOLIT-20260925-BL,SCN-BASELINE,RCAL-LINE-RM-01-2026-H24,LINE-RM-01,2026-H24,4800,4200,0,0,RACK_MANIFOLD_ASSEMBLY,,HISTORICAL_ACTUAL
TEN-COOLIT-SYN-001,SITE-COOLIT-SYN-01,MES,RESOURCE_CALENDAR,RCAL-LINE-RM-01-2026-H25,RCAL-LINE-RM-01-2026-H25,RESOLVED,2026-09-25T23:59:59-06:00,2026-09-26T08:00:00-06:00,2026-06-29T00:00:00-06:00,,1,,false,ACTUAL,,,VALID,CURRENT,coolit-synthetic-v2.0.0,ALL_SYNTHETIC_CUSTOMERS,ALL_SYNTHETIC_PROGRAMS,ALL_SYNTHETIC_PRODUCTS,SYNTHETIC_INTERNAL,SNP-COOLIT-20260925-BL,SCN-BASELINE,RCAL-LINE-RM-01-2026-H25,LINE-RM-01,2026-H25,4800,4200,0,240,RACK_MANIFOLD_ASSEMBLY,PLANNED_MAINTENANCE,HISTORICAL_ACTUAL
TEN-COOLIT-SYN-001,SITE-COOLIT-SYN-01,MES,RESOURCE_CALENDAR,RCAL-LINE-RM-01-2026-H26,RCAL-LINE-RM-01-2026-H26,RESOLVED,2026-09-25T23:59:59-06:00,2026-09-26T08:00:00-06:00,2026-06-29T00:00:00-06:00,,1,,false,ACTUAL,,,VALID,CURRENT,coolit-synthetic-v2.0.0,ALL_SYNTHETIC_CUSTOMERS,ALL_SYNTHETIC_PROGRAMS,ALL_SYNTHETIC_PRODUCTS,SYNTHETIC_INTERNAL,SNP-COOLIT-20260925-BL,SCN-BASELINE,RCAL-LINE-RM-01-2026-H26,LINE-RM-01,2026-H26,4800,4200,0,0,RACK_MANIFOLD_ASSEMBLY,,HISTORICAL_ACTUAL
TEN-COOLIT-SYN-001,SITE-COOLIT-SYN-01,MES,RESOURCE_CALENDAR,RCAL-LINE-RM-01-2026-H27,RCAL-LINE-RM-01-2026-H27,RESOLVED,2026-09-25T23:59:59-06:00,2026-09-26T08:00:00-06:00,2026-06-29T00:00:00-06:00,,1,,false,ACTUAL,,,VALID,CURRENT,coolit-synthetic-v2.0.0,ALL_SYNTHETIC_CUSTOMERS,ALL_SYNTHETIC_PROGRAMS,ALL_SYNTHETIC_PRODUCTS,SYNTHETIC_INTERNAL,SNP-COOLIT-20260925-BL,SCN-BASELINE,RCAL-LINE-RM-01-2026-H27,LINE-RM-01,2026-H27,4800,4200,0,0,RACK_MANIFOLD_ASSEMBLY,,HISTORICAL_ACTUAL
TEN-COOLIT-SYN-001,SITE-COOLIT-SYN-01,MES,RESOURCE_CALENDAR,RCAL-LINE-RM-01-2026-H28,RCAL-LINE-RM-01-2026-H28,RESOLVED,2026-09-25T23:59:59-06:00,2026-09-26T08:00:00-06:00,2026-06-29T00:00:00-06:00,,1,,false,ACTUAL,,,VALID,CURRENT,coolit-synthetic-v2.0.0,ALL_SYNTHETIC_CUSTOMERS,ALL_SYNTHETIC_PROGRAMS,ALL_SYNTHETIC_PRODUCTS,SYNTHETIC_INTERNAL,SNP-COOLIT-20260925-BL,SCN-BASELINE,RCAL-LINE-RM-01-2026-H28,LINE-RM-01,2026-H28,4800,4200,0,0,RACK_MANIFOLD_ASSEMBLY,,HISTORICAL_ACTUAL
TEN-COOLIT-SYN-001,SITE-COOLIT-SYN-01,MES,RESOURCE_CALENDAR,RCAL-LINE-RM-01-2026-H29,RCAL-LINE-RM-01-2026-H29,RESOLVED,2026-09-25T23:59:59-06:00,2026-09-26T08:00:00-06:00,2026-06-29T00:00:00-06:00,,1,,false,ACTUAL,,,VALID,CURRENT,coolit-synthetic-v2.0.0,ALL_SYNTHETIC_CUSTOMERS,ALL_SYNTHETIC_PROGRAMS,ALL_SYNTHETIC_PRODUCTS,SYNTHETIC_INTERNAL,SNP-COOLIT-20260925-BL,SCN-BASELINE,RCAL-LINE-RM-01-2026-H29,LINE-RM-01,2026-H29,4800,4200,0,0,RACK_MANIFOLD_ASSEMBLY,,HISTORICAL_ACTUAL
TEN-COOLIT-SYN-001,SITE-COOLIT-SYN-01,MES,RESOURCE_CALENDAR,RCAL-LINE-RM-01-2026-H30,RCAL-LINE-RM-01-2026-H30,RESOLVED,2026-09-25T23:59:59-06:00,2026-09-26T08:00:00-06:00,2026-06-29T00:00:00-06:00,,1,,false,ACTUAL,,,VALID,CURRENT,coolit-synthetic-v2.0.0,ALL_SYNTHETIC_CUSTOMERS,ALL_SYNTHETIC_PROGRAMS,ALL_SYNTHETIC_PRODUCTS,SYNTHETIC_INTERNAL,SNP-COOLIT-20260925-BL,SCN-BASELINE,RCAL-LINE-RM-01-2026-H30,LINE-RM-01,2026-H30,4800,4200,0,0,RACK_MANIFOLD_ASSEMBLY,,HISTORICAL_ACTUAL
TEN-COOLIT-SYN-001,SITE-COOLIT-SYN-01,MES,RESOURCE_CALENDAR,RCAL-LINE-RM-01-2026-H31,RCAL-LINE-RM-01-2026-H31,RESOLVED,2026-09-25T23:59:59-06:00,2026-09-26T08:00:00-06:00,2026-06-29T00:00:00-06:00,,1,,false,ACTUAL,,,VALID,CURRENT,coolit-synthetic-v2.0.0,ALL_SYNTHETIC_CUSTOMERS,ALL_SYNTHETIC_PROGRAMS,ALL_SYNTHETIC_PRODUCTS,SYNTHETIC_INTERNAL,SNP-COOLIT-20260925-BL,SCN-BASELINE,RCAL-LINE-RM-01-2026-H31,LINE-RM-01,2026-H31,4800,4200,0,0,RACK_MANIFOLD_ASSEMBLY,,HISTORICAL_ACTUAL
TEN-COOLIT-SYN-001,SITE-COOLIT-SYN-01,MES,RESOURCE_CALENDAR,RCAL-LINE-RM-01-2026-H32,RCAL-LINE-RM-01-2026-H32,RESOLVED,2026-09-25T23:59:59-06:00,2026-09-26T08:00:00-06:00,2026-06-29T00:00:00-06:00,,1,,false,ACTUAL,,,VALID,CURRENT,coolit-synthetic-v2.0.0,ALL_SYNTHETIC_CUSTOMERS,ALL_SYNTHETIC_PROGRAMS,ALL_SYNTHETIC_PRODUCTS,SYNTHETIC_INTERNAL,SNP-COOLIT-20260925-BL,SCN-BASELINE,RCAL-LINE-RM-01-2026-H32,LINE-RM-01,2026-H32,4800,4200,0,0,RACK_MANIFOLD_ASSEMBLY,,HISTORICAL_ACTUAL
TEN-COOLIT-SYN-001,SITE-COOLIT-SYN-01,MES,RESOURCE_CALENDAR,RCAL-LINE-RM-01-2026-H33,RCAL-LINE-RM-01-2026-H33,RESOLVED,2026-09-25T23:59:59-06:00,2026-09-26T08:00:00-06:00,2026-06-29T00:00:00-06:00,,1,,false,ACTUAL,,,VALID,CURRENT,coolit-synthetic-v2.0.0,ALL_SYNTHETIC_CUSTOMERS,ALL_SYNTHETIC_PROGRAMS,ALL_SYNTHETIC_PRODUCTS,SYNTHETIC_INTERNAL,SNP-COOLIT-20260925-BL,SCN-BASELINE,RCAL-LINE-RM-01-2026-H33,LINE-RM-01,2026-H33,4800,4200,0,240,RACK_MANIFOLD_ASSEMBLY,PLANNED_MAINTENANCE,HISTORICAL_ACTUAL
TEN-COOLIT-SYN-001,SITE-COOLIT-SYN-01,MES,RESOURCE_CALENDAR,RCAL-LINE-RM-01-2026-H34,RCAL-LINE-RM-01-2026-H34,RESOLVED,2026-09-25T23:59:59-06:00,2026-09-26T08:00:00-06:00,2026-06-29T00:00:00-06:00,,1,,false,ACTUAL,,,VALID,CURRENT,coolit-synthetic-v2.0.0,ALL_SYNTHETIC_CUSTOMERS,ALL_SYNTHETIC_PROGRAMS,ALL_SYNTHETIC_PRODUCTS,SYNTHETIC_INTERNAL,SNP-COOLIT-20260925-BL,SCN-BASELINE,RCAL-LINE-RM-01-2026-H34,LINE-RM-01,2026-H34,4800,4200,0,0,RACK_MANIFOLD_ASSEMBLY,,HISTORICAL_ACTUAL
TEN-COOLIT-SYN-001,SITE-COOLIT-SYN-01,MES,RESOURCE_CALENDAR,RCAL-LINE-RM-01-2026-H35,RCAL-LINE-RM-01-2026-H35,RESOLVED,2026-09-25T23:59:59-06:00,2026-09-26T08:00:00-06:00,2026-06-29T00:00:00-06:00,,1,,false,ACTUAL,,,VALID,CURRENT,coolit-synthetic-v2.0.0,ALL_SYNTHETIC_CUSTOMERS,ALL_SYNTHETIC_PROGRAMS,ALL_SYNTHETIC_PRODUCTS,SYNTHETIC_INTERNAL,SNP-COOLIT-20260925-BL,SCN-BASELINE,RCAL-LINE-RM-01-2026-H35,LINE-RM-01,2026-H35,4800,4200,0,0,RACK_MANIFOLD_ASSEMBLY,,HISTORICAL_ACTUAL
TEN-COOLIT-SYN-001,SITE-COOLIT-SYN-01,MES,RESOURCE_CALENDAR,RCAL-LINE-RM-01-2026-H36,RCAL-LINE-RM-01-2026-H36,RESOLVED,2026-09-25T23:59:59-06:00,2026-09-26T08:00:00-06:00,2026-06-29T00:00:00-06:00,,1,,false,ACTUAL,,,VALID,CURRENT,coolit-synthetic-v2.0.0,ALL_SYNTHETIC_CUSTOMERS,ALL_SYNTHETIC_PROGRAMS,ALL_SYNTHETIC_PRODUCTS,SYNTHETIC_INTERNAL,SNP-COOLIT-20260925-BL,SCN-BASELINE,RCAL-LINE-RM-01-2026-H36,LINE-RM-01,2026-H36,4800,4200,0,0,RACK_MANIFOLD_ASSEMBLY,,HISTORICAL_ACTUAL
TEN-COOLIT-SYN-001,SITE-COOLIT-SYN-01,MES,RESOURCE_CALENDAR,RCAL-LINE-RM-01-2026-H37,RCAL-LINE-RM-01-2026-H37,RESOLVED,2026-09-25T23:59:59-06:00,2026-09-26T08:00:00-06:00,2026-06-29T00:00:00-06:00,,1,,false,ACTUAL,,,VALID,CURRENT,coolit-synthetic-v2.0.0,ALL_SYNTHETIC_CUSTOMERS,ALL_SYNTHETIC_PROGRAMS,ALL_SYNTHETIC_PRODUCTS,SYNTHETIC_INTERNAL,SNP-COOLIT-20260925-BL,SCN-BASELINE,RCAL-LINE-RM-01-2026-H37,LINE-RM-01,2026-H37,4800,4200,0,0,RACK_MANIFOLD_ASSEMBLY,,HISTORICAL_ACTUAL
TEN-COOLIT-SYN-001,SITE-COOLIT-SYN-01,MES,RESOURCE_CALENDAR,RCAL-LINE-RM-01-2026-H38,RCAL-LINE-RM-01-2026-H38,RESOLVED,2026-09-25T23:59:59-06:00,2026-09-26T08:00:00-06:00,2026-06-29T00:00:00-06:00,,1,,false,ACTUAL,,,VALID,CURRENT,coolit-synthetic-v2.0.0,ALL_SYNTHETIC_CUSTOMERS,ALL_SYNTHETIC_PROGRAMS,ALL_SYNTHETIC_PRODUCTS,SYNTHETIC_INTERNAL,SNP-COOLIT-20260925-BL,SCN-BASELINE,RCAL-LINE-RM-01-2026-H38,LINE-RM-01,2026-H38,4800,4200,0,0,RACK_MANIFOLD_ASSEMBLY,,HISTORICAL_ACTUAL
TEN-COOLIT-SYN-001,SITE-COOLIT-SYN-01,MES,RESOURCE_CALENDAR,RCAL-LINE-RM-01-2026-H39,RCAL-LINE-RM-01-2026-H39,RESOLVED,2026-09-25T23:59:59-06:00,2026-09-26T08:00:00-06:00,2026-06-29T00:00:00-06:00,,1,,false,ACTUAL,,,VALID,CURRENT,coolit-synthetic-v2.0.0,ALL_SYNTHETIC_CUSTOMERS,ALL_SYNTHETIC_PROGRAMS,ALL_SYNTHETIC_PRODUCTS,SYNTHETIC_INTERNAL,SNP-COOLIT-20260925-BL,SCN-BASELINE,RCAL-LINE-RM-01-2026-H39,LINE-RM-01,2026-H39,4800,4200,0,0,RACK_MANIFOLD_ASSEMBLY,,HISTORICAL_ACTUAL
TEN-COOLIT-SYN-001,SITE-COOLIT-SYN-01,MES,RESOURCE_CALENDAR,RCAL-LINE-RM-01-2026-H40,RCAL-LINE-RM-01-2026-H40,RESOLVED,2026-09-25T23:59:59-06:00,2026-09-26T08:00:00-06:00,2026-06-29T00:00:00-06:00,,1,,false,ACTUAL,,,VALID,CURRENT,coolit-synthetic-v2.0.0,ALL_SYNTHETIC_CUSTOMERS,ALL_SYNTHETIC_PROGRAMS,ALL_SYNTHETIC_PRODUCTS,SYNTHETIC_INTERNAL,SNP-COOLIT-20260925-BL,SCN-BASELINE,RCAL-LINE-RM-01-2026-H40,LINE-RM-01,2026-H40,4800,4200,0,0,RACK_MANIFOLD_ASSEMBLY,,HISTORICAL_ACTUAL
TEN-COOLIT-SYN-001,SITE-COOLIT-SYN-01,MES,RESOURCE_CALENDAR,RCAL-LINE-RM-01-2026-H41,RCAL-LINE-RM-01-2026-H41,RESOLVED,2026-09-25T23:59:59-06:00,2026-09-26T08:00:00-06:00,2026-06-29T00:00:00-06:00,,1,,false,ACTUAL,,,VALID,CURRENT,coolit-synthetic-v2.0.0,ALL_SYNTHETIC_CUSTOMERS,ALL_SYNTHETIC_PROGRAMS,ALL_SYNTHETIC_PRODUCTS,SYNTHETIC_INTERNAL,SNP-COOLIT-20260925-BL,SCN-BASELINE,RCAL-LINE-RM-01-2026-H41,LINE-RM-01,2026-H41,4800,4200,0,240,RACK_MANIFOLD_ASSEMBLY,PLANNED_MAINTENANCE,HISTORICAL_ACTUAL
TEN-COOLIT-SYN-001,SITE-COOLIT-SYN-01,MES,RESOURCE_CALENDAR,RCAL-LINE-RM-01-2026-H42,RCAL-LINE-RM-01-2026-H42,RESOLVED,2026-09-25T23:59:59-06:00,2026-09-26T08:00:00-06:00,2026-06-29T00:00:00-06:00,,1,,false,ACTUAL,,,VALID,CURRENT,coolit-synthetic-v2.0.0,ALL_SYNTHETIC_CUSTOMERS,ALL_SYNTHETIC_PROGRAMS,ALL_SYNTHETIC_PRODUCTS,SYNTHETIC_INTERNAL,SNP-COOLIT-20260925-BL,SCN-BASELINE,RCAL-LINE-RM-01-2026-H42,LINE-RM-01,2026-H42,4800,4200,0,0,RACK_MANIFOLD_ASSEMBLY,,HISTORICAL_ACTUAL
TEN-COOLIT-SYN-001,SITE-COOLIT-SYN-01,MES,RESOURCE_CALENDAR,RCAL-LINE-RM-01-2026-H43,RCAL-LINE-RM-01-2026-H43,RESOLVED,2026-09-25T23:59:59-06:00,2026-09-26T08:00:00-06:00,2026-06-29T00:00:00-06:00,,1,,false,ACTUAL,,,VALID,CURRENT,coolit-synthetic-v2.0.0,ALL_SYNTHETIC_CUSTOMERS,ALL_SYNTHETIC_PROGRAMS,ALL_SYNTHETIC_PRODUCTS,SYNTHETIC_INTERNAL,SNP-COOLIT-20260925-BL,SCN-BASELINE,RCAL-LINE-RM-01-2026-H43,LINE-RM-01,2026-H43,4800,4200,0,0,RACK_MANIFOLD_ASSEMBLY,,HISTORICAL_ACTUAL
TEN-COOLIT-SYN-001,SITE-COOLIT-SYN-01,MES,RESOURCE_CALENDAR,RCAL-LINE-RM-01-2026-H44,RCAL-LINE-RM-01-2026-H44,RESOLVED,2026-09-25T23:59:59-06:00,2026-09-26T08:00:00-06:00,2026-06-29T00:00:00-06:00,,1,,false,ACTUAL,,,VALID,CURRENT,coolit-synthetic-v2.0.0,ALL_SYNTHETIC_CUSTOMERS,ALL_SYNTHETIC_PROGRAMS,ALL_SYNTHETIC_PRODUCTS,SYNTHETIC_INTERNAL,SNP-COOLIT-20260925-BL,SCN-BASELINE,RCAL-LINE-RM-01-2026-H44,LINE-RM-01,2026-H44,4800,4200,0,0,RACK_MANIFOLD_ASSEMBLY,,HISTORICAL_ACTUAL
TEN-COOLIT-SYN-001,SITE-COOLIT-SYN-01,MES,RESOURCE_CALENDAR,RCAL-LINE-RM-01-2026-H45,RCAL-LINE-RM-01-2026-H45,RESOLVED,2026-09-25T23:59:59-06:00,2026-09-26T08:00:00-06:00,2026-06-29T00:00:00-06:00,,1,,false,ACTUAL,,,VALID,CURRENT,coolit-synthetic-v2.0.0,ALL_SYNTHETIC_CUSTOMERS,ALL_SYNTHETIC_PROGRAMS,ALL_SYNTHETIC_PRODUCTS,SYNTHETIC_INTERNAL,SNP-COOLIT-20260925-BL,SCN-BASELINE,RCAL-LINE-RM-01-2026-H45,LINE-RM-01,2026-H45,4800,4200,0,0,RACK_MANIFOLD_ASSEMBLY,,HISTORICAL_ACTUAL
TEN-COOLIT-SYN-001,SITE-COOLIT-SYN-01,MES,RESOURCE_CALENDAR,RCAL-LINE-RM-01-2026-H46,RCAL-LINE-RM-01-2026-H46,RESOLVED,2026-09-25T23:59:59-06:00,2026-09-26T08:00:00-06:00,2026-06-29T00:00:00-06:00,,1,,false,ACTUAL,,,VALID,CURRENT,coolit-synthetic-v2.0.0,ALL_SYNTHETIC_CUSTOMERS,ALL_SYNTHETIC_PROGRAMS,ALL_SYNTHETIC_PRODUCTS,SYNTHETIC_INTERNAL,SNP-COOLIT-20260925-BL,SCN-BASELINE,RCAL-LINE-RM-01-2026-H46,LINE-RM-01,2026-H46,4800,4200,0,0,RACK_MANIFOLD_ASSEMBLY,,HISTORICAL_ACTUAL
TEN-COOLIT-SYN-001,SITE-COOLIT-SYN-01,MES,RESOURCE_CALENDAR,RCAL-LINE-RM-01-2026-H47,RCAL-LINE-RM-01-2026-H47,RESOLVED,2026-09-25T23:59:59-06:00,2026-09-26T08:00:00-06:00,2026-06-29T00:00:00-06:00,,1,,false,ACTUAL,,,VALID,CURRENT,coolit-synthetic-v2.0.0,ALL_SYNTHETIC_CUSTOMERS,ALL_SYNTHETIC_PROGRAMS,ALL_SYNTHETIC_PRODUCTS,SYNTHETIC_INTERNAL,SNP-COOLIT-20260925-BL,SCN-BASELINE,RCAL-LINE-RM-01-2026-H47,LINE-RM-01,2026-H47,4800,4200,0,0,RACK_MANIFOLD_ASSEMBLY,,HISTORICAL_ACTUAL
TEN-COOLIT-SYN-001,SITE-COOLIT-SYN-01,MES,RESOURCE_CALENDAR,RCAL-LINE-RM-01-2026-H48,RCAL-LINE-RM-01-2026-H48,RESOLVED,2026-09-25T23:59:59-06:00,2026-09-26T08:00:00-06:00,2026-06-29T00:00:00-06:00,,1,,false,ACTUAL,,,VALID,CURRENT,coolit-synthetic-v2.0.0,ALL_SYNTHETIC_CUSTOMERS,ALL_SYNTHETIC_PROGRAMS,ALL_SYNTHETIC_PRODUCTS,SYNTHETIC_INTERNAL,SNP-COOLIT-20260925-BL,SCN-BASELINE,RCAL-LINE-RM-01-2026-H48,LINE-RM-01,2026-H48,4800,4200,0,0,RACK_MANIFOLD_ASSEMBLY,,HISTORICAL_ACTUAL
TEN-COOLIT-SYN-001,SITE-COOLIT-SYN-01,MES,RESOURCE_CALENDAR,RCAL-LINE-RM-01-2026-H49,RCAL-LINE-RM-01-2026-H49,RESOLVED,2026-09-25T23:59:59-06:00,2026-09-26T08:00:00-06:00,2026-06-29T00:00:00-06:00,,1,,false,ACTUAL,,,VALID,CURRENT,coolit-synthetic-v2.0.0,ALL_SYNTHETIC_CUSTOMERS,ALL_SYNTHETIC_PROGRAMS,ALL_SYNTHETIC_PRODUCTS,SYNTHETIC_INTERNAL,SNP-COOLIT-20260925-BL,SCN-BASELINE,RCAL-LINE-RM-01-2026-H49,LINE-RM-01,2026-H49,4800,4200,0,240,RACK_MANIFOLD_ASSEMBLY,PLANNED_MAINTENANCE,HISTORICAL_ACTUAL
TEN-COOLIT-SYN-001,SITE-COOLIT-SYN-01,MES,RESOURCE_CALENDAR,RCAL-LINE-RM-01-2026-H50,RCAL-LINE-RM-01-2026-H50,RESOLVED,2026-09-25T23:59:59-06:00,2026-09-26T08:00:00-06:00,2026-06-29T00:00:00-06:00,,1,,false,ACTUAL,,,VALID,CURRENT,coolit-synthetic-v2.0.0,ALL_SYNTHETIC_CUSTOMERS,ALL_SYNTHETIC_PROGRAMS,ALL_SYNTHETIC_PRODUCTS,SYNTHETIC_INTERNAL,SNP-COOLIT-20260925-BL,SCN-BASELINE,RCAL-LINE-RM-01-2026-H50,LINE-RM-01,2026-H50,4800,4200,0,0,RACK_MANIFOLD_ASSEMBLY,,HISTORICAL_ACTUAL
TEN-COOLIT-SYN-001,SITE-COOLIT-SYN-01,MES,RESOURCE_CALENDAR,RCAL-LINE-RM-01-2026-H51,RCAL-LINE-RM-01-2026-H51,RESOLVED,2026-09-25T23:59:59-06:00,2026-09-26T08:00:00-06:00,2026-06-29T00:00:00-06:00,,1,,false,ACTUAL,,,VALID,CURRENT,coolit-synthetic-v2.0.0,ALL_SYNTHETIC_CUSTOMERS,ALL_SYNTHETIC_PROGRAMS,ALL_SYNTHETIC_PRODUCTS,SYNTHETIC_INTERNAL,SNP-COOLIT-20260925-BL,SCN-BASELINE,RCAL-LINE-RM-01-2026-H51,LINE-RM-01,2026-H51,4800,4200,0,0,RACK_MANIFOLD_ASSEMBLY,,HISTORICAL_ACTUAL
TEN-COOLIT-SYN-001,SITE-COOLIT-SYN-01,MES,RESOURCE_CALENDAR,RCAL-LINE-RM-01-2026-H52,RCAL-LINE-RM-01-2026-H52,RESOLVED,2026-09-25T23:59:59-06:00,2026-09-26T08:00:00-06:00,2026-06-29T00:00:00-06:00,,1,,false,ACTUAL,,,VALID,CURRENT,coolit-synthetic-v2.0.0,ALL_SYNTHETIC_CUSTOMERS,ALL_SYNTHETIC_PROGRAMS,ALL_SYNTHETIC_PRODUCTS,SYNTHETIC_INTERNAL,SNP-COOLIT-20260925-BL,SCN-BASELINE,RCAL-LINE-RM-01-2026-H52,LINE-RM-01,2026-H52,4800,4200,0,0,RACK_MANIFOLD_ASSEMBLY,,HISTORICAL_ACTUAL
TEN-COOLIT-SYN-001,SITE-COOLIT-SYN-01,MES,RESOURCE_CALENDAR,RCAL-LINE-RM-01-2026-H53,RCAL-LINE-RM-01-2026-H53,RESOLVED,2026-09-25T23:59:59-06:00,2026-09-26T08:00:00-06:00,2026-06-29T00:00:00-06:00,,1,,false,ACTUAL,,,VALID,CURRENT,coolit-synthetic-v2.0.0,ALL_SYNTHETIC_CUSTOMERS,ALL_SYNTHETIC_PROGRAMS,ALL_SYNTHETIC_PRODUCTS,SYNTHETIC_INTERNAL,SNP-COOLIT-20260925-BL,SCN-BASELINE,RCAL-LINE-RM-01-2026-H53,LINE-RM-01,2026-H53,4800,4200,0,0,RACK_MANIFOLD_ASSEMBLY,,HISTORICAL_ACTUAL
TEN-COOLIT-SYN-001,SITE-COOLIT-SYN-01,MES,RESOURCE_CALENDAR,RCAL-LINE-RM-01-2026-H54,RCAL-LINE-RM-01-2026-H54,RESOLVED,2026-09-25T23:59:59-06:00,2026-09-26T08:00:00-06:00,2026-06-29T00:00:00-06:00,,1,,false,ACTUAL,,,VALID,CURRENT,coolit-synthetic-v2.0.0,ALL_SYNTHETIC_CUSTOMERS,ALL_SYNTHETIC_PROGRAMS,ALL_SYNTHETIC_PRODUCTS,SYNTHETIC_INTERNAL,SNP-COOLIT-20260925-BL,SCN-BASELINE,RCAL-LINE-RM-01-2026-H54,LINE-RM-01,2026-H54,4800,4200,0,0,RACK_MANIFOLD_ASSEMBLY,,HISTORICAL_ACTUAL
TEN-COOLIT-SYN-001,SITE-COOLIT-SYN-01,MES,RESOURCE_CALENDAR,RCAL-LINE-RM-01-2026-H55,RCAL-LINE-RM-01-2026-H55,RESOLVED,2026-09-25T23:59:59-06:00,2026-09-26T08:00:00-06:00,2026-06-29T00:00:00-06:00,,1,,false,ACTUAL,,,VALID,CURRENT,coolit-synthetic-v2.0.0,ALL_SYNTHETIC_CUSTOMERS,ALL_SYNTHETIC_PROGRAMS,ALL_SYNTHETIC_PRODUCTS,SYNTHETIC_INTERNAL,SNP-COOLIT-20260925-BL,SCN-BASELINE,RCAL-LINE-RM-01-2026-H55,LINE-RM-01,2026-H55,4800,4200,0,0,RACK_MANIFOLD_ASSEMBLY,,HISTORICAL_ACTUAL
TEN-COOLIT-SYN-001,SITE-COOLIT-SYN-01,MES,RESOURCE_CALENDAR,RCAL-LINE-RM-01-2026-H56,RCAL-LINE-RM-01-2026-H56,RESOLVED,2026-09-25T23:59:59-06:00,2026-09-26T08:00:00-06:00,2026-06-29T00:00:00-06:00,,1,,false,ACTUAL,,,VALID,CURRENT,coolit-synthetic-v2.0.0,ALL_SYNTHETIC_CUSTOMERS,ALL_SYNTHETIC_PROGRAMS,ALL_SYNTHETIC_PRODUCTS,SYNTHETIC_INTERNAL,SNP-COOLIT-20260925-BL,SCN-BASELINE,RCAL-LINE-RM-01-2026-H56,LINE-RM-01,2026-H56,4800,4200,0,0,RACK_MANIFOLD_ASSEMBLY,,HISTORICAL_ACTUAL
TEN-COOLIT-SYN-001,SITE-COOLIT-SYN-01,MES,RESOURCE_CALENDAR,RCAL-LINE-RM-01-2026-H57,RCAL-LINE-RM-01-2026-H57,RESOLVED,2026-09-25T23:59:59-06:00,2026-09-26T08:00:00-06:00,2026-06-29T00:00:00-06:00,,1,,false,ACTUAL,,,VALID,CURRENT,coolit-synthetic-v2.0.0,ALL_SYNTHETIC_CUSTOMERS,ALL_SYNTHETIC_PROGRAMS,ALL_SYNTHETIC_PRODUCTS,SYNTHETIC_INTERNAL,SNP-COOLIT-20260925-BL,SCN-BASELINE,RCAL-LINE-RM-01-2026-H57,LINE-RM-01,2026-H57,4800,4200,0,240,RACK_MANIFOLD_ASSEMBLY,PLANNED_MAINTENANCE,HISTORICAL_ACTUAL
TEN-COOLIT-SYN-001,SITE-COOLIT-SYN-01,MES,RESOURCE_CALENDAR,RCAL-LINE-RM-01-2026-H58,RCAL-LINE-RM-01-2026-H58,RESOLVED,2026-09-25T23:59:59-06:00,2026-09-26T08:00:00-06:00,2026-06-29T00:00:00-06:00,,1,,false,ACTUAL,,,VALID,CURRENT,coolit-synthetic-v2.0.0,ALL_SYNTHETIC_CUSTOMERS,ALL_SYNTHETIC_PROGRAMS,ALL_SYNTHETIC_PRODUCTS,SYNTHETIC_INTERNAL,SNP-COOLIT-20260925-BL,SCN-BASELINE,RCAL-LINE-RM-01-2026-H58,LINE-RM-01,2026-H58,4800,4200,0,0,RACK_MANIFOLD_ASSEMBLY,,HISTORICAL_ACTUAL
TEN-COOLIT-SYN-001,SITE-COOLIT-SYN-01,MES,RESOURCE_CALENDAR,RCAL-LINE-RM-01-2026-H59,RCAL-LINE-RM-01-2026-H59,RESOLVED,2026-09-25T23:59:59-06:00,2026-09-26T08:00:00-06:00,2026-06-29T00:00:00-06:00,,1,,false,ACTUAL,,,VALID,CURRENT,coolit-synthetic-v2.0.0,ALL_SYNTHETIC_CUSTOMERS,ALL_SYNTHETIC_PROGRAMS,ALL_SYNTHETIC_PRODUCTS,SYNTHETIC_INTERNAL,SNP-COOLIT-20260925-BL,SCN-BASELINE,RCAL-LINE-RM-01-2026-H59,LINE-RM-01,2026-H59,4800,4200,0,0,RACK_MANIFOLD_ASSEMBLY,,HISTORICAL_ACTUAL
TEN-COOLIT-SYN-001,SITE-COOLIT-SYN-01,MES,RESOURCE_CALENDAR,RCAL-LINE-RM-01-2026-H60,RCAL-LINE-RM-01-2026-H60,RESOLVED,2026-09-25T23:59:59-06:00,2026-09-26T08:00:00-06:00,2026-06-29T00:00:00-06:00,,1,,false,ACTUAL,,,VALID,CURRENT,coolit-synthetic-v2.0.0,ALL_SYNTHETIC_CUSTOMERS,ALL_SYNTHETIC_PROGRAMS,ALL_SYNTHETIC_PRODUCTS,SYNTHETIC_INTERNAL,SNP-COOLIT-20260925-BL,SCN-BASELINE,RCAL-LINE-RM-01-2026-H60,LINE-RM-01,2026-H60,4800,4200,0,0,RACK_MANIFOLD_ASSEMBLY,,HISTORICAL_ACTUAL
TEN-COOLIT-SYN-001,SITE-COOLIT-SYN-01,MES,RESOURCE_CALENDAR,RCAL-LINE-RM-01-2026-H61,RCAL-LINE-RM-01-2026-H61,RESOLVED,2026-09-25T23:59:59-06:00,2026-09-26T08:00:00-06:00,2026-06-29T00:00:00-06:00,,1,,false,ACTUAL,,,VALID,CURRENT,coolit-synthetic-v2.0.0,ALL_SYNTHETIC_CUSTOMERS,ALL_SYNTHETIC_PROGRAMS,ALL_SYNTHETIC_PRODUCTS,SYNTHETIC_INTERNAL,SNP-COOLIT-20260925-BL,SCN-BASELINE,RCAL-LINE-RM-01-2026-H61,LINE-RM-01,2026-H61,4800,4200,0,0,RACK_MANIFOLD_ASSEMBLY,,HISTORICAL_ACTUAL
TEN-COOLIT-SYN-001,SITE-COOLIT-SYN-01,MES,RESOURCE_CALENDAR,RCAL-LINE-RM-01-2026-H62,RCAL-LINE-RM-01-2026-H62,RESOLVED,2026-09-25T23:59:59-06:00,2026-09-26T08:00:00-06:00,2026-06-29T00:00:00-06:00,,1,,false,ACTUAL,,,VALID,CURRENT,coolit-synthetic-v2.0.0,ALL_SYNTHETIC_CUSTOMERS,ALL_SYNTHETIC_PROGRAMS,ALL_SYNTHETIC_PRODUCTS,SYNTHETIC_INTERNAL,SNP-COOLIT-20260925-BL,SCN-BASELINE,RCAL-LINE-RM-01-2026-H62,LINE-RM-01,2026-H62,4800,4200,0,0,RACK_MANIFOLD_ASSEMBLY,,HISTORICAL_ACTUAL
TEN-COOLIT-SYN-001,SITE-COOLIT-SYN-01,MES,RESOURCE_CALENDAR,RCAL-LINE-RM-01-2026-H63,RCAL-LINE-RM-01-2026-H63,RESOLVED,2026-09-25T23:59:59-06:00,2026-09-26T08:00:00-06:00,2026-06-29T00:00:00-06:00,,1,,false,ACTUAL,,,VALID,CURRENT,coolit-synthetic-v2.0.0,ALL_SYNTHETIC_CUSTOMERS,ALL_SYNTHETIC_PROGRAMS,ALL_SYNTHETIC_PRODUCTS,SYNTHETIC_INTERNAL,SNP-COOLIT-20260925-BL,SCN-BASELINE,RCAL-LINE-RM-01-2026-H63,LINE-RM-01,2026-H63,4800,4200,0,0,RACK_MANIFOLD_ASSEMBLY,,HISTORICAL_ACTUAL
TEN-COOLIT-SYN-001,SITE-COOLIT-SYN-01,MES,RESOURCE_CALENDAR,RCAL-LINE-RM-01-2026-H64,RCAL-LINE-RM-01-2026-H64,RESOLVED,2026-09-25T23:59:59-06:00,2026-09-26T08:00:00-06:00,2026-06-29T00:00:00-06:00,,1,,false,ACTUAL,,,VALID,CURRENT,coolit-synthetic-v2.0.0,ALL_SYNTHETIC_CUSTOMERS,ALL_SYNTHETIC_PROGRAMS,ALL_SYNTHETIC_PRODUCTS,SYNTHETIC_INTERNAL,SNP-COOLIT-20260925-BL,SCN-BASELINE,RCAL-LINE-RM-01-2026-H64,LINE-RM-01,2026-H64,4800,4200,0,0,RACK_MANIFOLD_ASSEMBLY,,HISTORICAL_ACTUAL
TEN-COOLIT-SYN-001,SITE-COOLIT-SYN-01,MES,RESOURCE_CALENDAR,RCAL-LINE-RM-01-2026-H65,RCAL-LINE-RM-01-2026-H65,RESOLVED,2026-09-25T23:59:59-06:00,2026-09-26T08:00:00-06:00,2026-06-29T00:00:00-06:00,,1,,false,ACTUAL,,,VALID,CURRENT,coolit-synthetic-v2.0.0,ALL_SYNTHETIC_CUSTOMERS,ALL_SYNTHETIC_PROGRAMS,ALL_SYNTHETIC_PRODUCTS,SYNTHETIC_INTERNAL,SNP-COOLIT-20260925-BL,SCN-BASELINE,RCAL-LINE-RM-01-2026-H65,LINE-RM-01,2026-H65,4800,4200,0,240,RACK_MANIFOLD_ASSEMBLY,PLANNED_MAINTENANCE,HISTORICAL_ACTUAL
TEN-COOLIT-SYN-001,SITE-COOLIT-SYN-01,MES,RESOURCE_CALENDAR,RCAL-LINE-RM-01-2026-H66,RCAL-LINE-RM-01-2026-H66,RESOLVED,2026-09-25T23:59:59-06:00,2026-09-26T08:00:00-06:00,2026-06-29T00:00:00-06:00,,1,,false,ACTUAL,,,VALID,CURRENT,coolit-synthetic-v2.0.0,ALL_SYNTHETIC_CUSTOMERS,ALL_SYNTHETIC_PROGRAMS,ALL_SYNTHETIC_PRODUCTS,SYNTHETIC_INTERNAL,SNP-COOLIT-20260925-BL,SCN-BASELINE,RCAL-LINE-RM-01-2026-H66,LINE-RM-01,2026-H66,4800,4200,0,0,RACK_MANIFOLD_ASSEMBLY,,HISTORICAL_ACTUAL
TEN-COOLIT-SYN-001,SITE-COOLIT-SYN-01,MES,RESOURCE_CALENDAR,RCAL-LINE-RM-01-2026-H67,RCAL-LINE-RM-01-2026-H67,RESOLVED,2026-09-25T23:59:59-06:00,2026-09-26T08:00:00-06:00,2026-06-29T00:00:00-06:00,,1,,false,ACTUAL,,,VALID,CURRENT,coolit-synthetic-v2.0.0,ALL_SYNTHETIC_CUSTOMERS,ALL_SYNTHETIC_PROGRAMS,ALL_SYNTHETIC_PRODUCTS,SYNTHETIC_INTERNAL,SNP-COOLIT-20260925-BL,SCN-BASELINE,RCAL-LINE-RM-01-2026-H67,LINE-RM-01,2026-H67,4800,4200,0,0,RACK_MANIFOLD_ASSEMBLY,,HISTORICAL_ACTUAL
TEN-COOLIT-SYN-001,SITE-COOLIT-SYN-01,MES,RESOURCE_CALENDAR,RCAL-LINE-RM-01-2026-H68,RCAL-LINE-RM-01-2026-H68,RESOLVED,2026-09-25T23:59:59-06:00,2026-09-26T08:00:00-06:00,2026-06-29T00:00:00-06:00,,1,,false,ACTUAL,,,VALID,CURRENT,coolit-synthetic-v2.0.0,ALL_SYNTHETIC_CUSTOMERS,ALL_SYNTHETIC_PROGRAMS,ALL_SYNTHETIC_PRODUCTS,SYNTHETIC_INTERNAL,SNP-COOLIT-20260925-BL,SCN-BASELINE,RCAL-LINE-RM-01-2026-H68,LINE-RM-01,2026-H68,4800,4200,0,0,RACK_MANIFOLD_ASSEMBLY,,HISTORICAL_ACTUAL
TEN-COOLIT-SYN-001,SITE-COOLIT-SYN-01,MES,RESOURCE_CALENDAR,RCAL-LINE-RM-01-2026-H69,RCAL-LINE-RM-01-2026-H69,RESOLVED,2026-09-25T23:59:59-06:00,2026-09-26T08:00:00-06:00,2026-06-29T00:00:00-06:00,,1,,false,ACTUAL,,,VALID,CURRENT,coolit-synthetic-v2.0.0,ALL_SYNTHETIC_CUSTOMERS,ALL_SYNTHETIC_PROGRAMS,ALL_SYNTHETIC_PRODUCTS,SYNTHETIC_INTERNAL,SNP-COOLIT-20260925-BL,SCN-BASELINE,RCAL-LINE-RM-01-2026-H69,LINE-RM-01,2026-H69,4800,4200,0,0,RACK_MANIFOLD_ASSEMBLY,,HISTORICAL_ACTUAL
TEN-COOLIT-SYN-001,SITE-COOLIT-SYN-01,MES,RESOURCE_CALENDAR,RCAL-LINE-RM-01-2026-H70,RCAL-LINE-RM-01-2026-H70,RESOLVED,2026-09-25T23:59:59-06:00,2026-09-26T08:00:00-06:00,2026-06-29T00:00:00-06:00,,1,,false,ACTUAL,,,VALID,CURRENT,coolit-synthetic-v2.0.0,ALL_SYNTHETIC_CUSTOMERS,ALL_SYNTHETIC_PROGRAMS,ALL_SYNTHETIC_PRODUCTS,SYNTHETIC_INTERNAL,SNP-COOLIT-20260925-BL,SCN-BASELINE,RCAL-LINE-RM-01-2026-H70,LINE-RM-01,2026-H70,4800,4200,0,0,RACK_MANIFOLD_ASSEMBLY,,HISTORICAL_ACTUAL
TEN-COOLIT-SYN-001,SITE-COOLIT-SYN-01,MES,RESOURCE_CALENDAR,RCAL-LINE-RM-01-2026-H71,RCAL-LINE-RM-01-2026-H71,RESOLVED,2026-09-25T23:59:59-06:00,2026-09-26T08:00:00-06:00,2026-06-29T00:00:00-06:00,,1,,false,ACTUAL,,,VALID,CURRENT,coolit-synthetic-v2.0.0,ALL_SYNTHETIC_CUSTOMERS,ALL_SYNTHETIC_PROGRAMS,ALL_SYNTHETIC_PRODUCTS,SYNTHETIC_INTERNAL,SNP-COOLIT-20260925-BL,SCN-BASELINE,RCAL-LINE-RM-01-2026-H71,LINE-RM-01,2026-H71,4800,4200,0,0,RACK_MANIFOLD_ASSEMBLY,,HISTORICAL_ACTUAL
TEN-COOLIT-SYN-001,SITE-COOLIT-SYN-01,MES,RESOURCE_CALENDAR,RCAL-LINE-RM-01-2026-H72,RCAL-LINE-RM-01-2026-H72,RESOLVED,2026-09-25T23:59:59-06:00,2026-09-26T08:00:00-06:00,2026-06-29T00:00:00-06:00,,1,,false,ACTUAL,,,VALID,CURRENT,coolit-synthetic-v2.0.0,ALL_SYNTHETIC_CUSTOMERS,ALL_SYNTHETIC_PROGRAMS,ALL_SYNTHETIC_PRODUCTS,SYNTHETIC_INTERNAL,SNP-COOLIT-20260925-BL,SCN-BASELINE,RCAL-LINE-RM-01-2026-H72,LINE-RM-01,2026-H72,4800,4200,0,0,RACK_MANIFOLD_ASSEMBLY,,HISTORICAL_ACTUAL
TEN-COOLIT-SYN-001,SITE-COOLIT-SYN-01,MES,RESOURCE_CALENDAR,RCAL-LINE-RM-01-2026-H73,RCAL-LINE-RM-01-2026-H73,RESOLVED,2026-09-25T23:59:59-06:00,2026-09-26T08:00:00-06:00,2026-06-29T00:00:00-06:00,,1,,false,ACTUAL,,,VALID,CURRENT,coolit-synthetic-v2.0.0,ALL_SYNTHETIC_CUSTOMERS,ALL_SYNTHETIC_PROGRAMS,ALL_SYNTHETIC_PRODUCTS,SYNTHETIC_INTERNAL,SNP-COOLIT-20260925-BL,SCN-BASELINE,RCAL-LINE-RM-01-2026-H73,LINE-RM-01,2026-H73,4800,4200,0,240,RACK_MANIFOLD_ASSEMBLY,PLANNED_MAINTENANCE,HISTORICAL_ACTUAL
TEN-COOLIT-SYN-001,SITE-COOLIT-SYN-01,MES,RESOURCE_CALENDAR,RCAL-LINE-RM-01-2026-H74,RCAL-LINE-RM-01-2026-H74,RESOLVED,2026-09-25T23:59:59-06:00,2026-09-26T08:00:00-06:00,2026-06-29T00:00:00-06:00,,1,,false,ACTUAL,,,VALID,CURRENT,coolit-synthetic-v2.0.0,ALL_SYNTHETIC_CUSTOMERS,ALL_SYNTHETIC_PROGRAMS,ALL_SYNTHETIC_PRODUCTS,SYNTHETIC_INTERNAL,SNP-COOLIT-20260925-BL,SCN-BASELINE,RCAL-LINE-RM-01-2026-H74,LINE-RM-01,2026-H74,4800,4200,0,0,RACK_MANIFOLD_ASSEMBLY,,HISTORICAL_ACTUAL
TEN-COOLIT-SYN-001,SITE-COOLIT-SYN-01,MES,RESOURCE_CALENDAR,RCAL-LINE-RM-01-2026-H75,RCAL-LINE-RM-01-2026-H75,RESOLVED,2026-09-25T23:59:59-06:00,2026-09-26T08:00:00-06:00,2026-06-29T00:00:00-06:00,,1,,false,ACTUAL,,,VALID,CURRENT,coolit-synthetic-v2.0.0,ALL_SYNTHETIC_CUSTOMERS,ALL_SYNTHETIC_PROGRAMS,ALL_SYNTHETIC_PRODUCTS,SYNTHETIC_INTERNAL,SNP-COOLIT-20260925-BL,SCN-BASELINE,RCAL-LINE-RM-01-2026-H75,LINE-RM-01,2026-H75,4800,4200,0,0,RACK_MANIFOLD_ASSEMBLY,,HISTORICAL_ACTUAL
TEN-COOLIT-SYN-001,SITE-COOLIT-SYN-01,MES,RESOURCE_CALENDAR,RCAL-LINE-RM-01-2026-H76,RCAL-LINE-RM-01-2026-H76,RESOLVED,2026-09-25T23:59:59-06:00,2026-09-26T08:00:00-06:00,2026-06-29T00:00:00-06:00,,1,,false,ACTUAL,,,VALID,CURRENT,coolit-synthetic-v2.0.0,ALL_SYNTHETIC_CUSTOMERS,ALL_SYNTHETIC_PROGRAMS,ALL_SYNTHETIC_PRODUCTS,SYNTHETIC_INTERNAL,SNP-COOLIT-20260925-BL,SCN-BASELINE,RCAL-LINE-RM-01-2026-H76,LINE-RM-01,2026-H76,4800,4200,0,0,RACK_MANIFOLD_ASSEMBLY,,HISTORICAL_ACTUAL
TEN-COOLIT-SYN-001,SITE-COOLIT-SYN-01,MES,RESOURCE_CALENDAR,RCAL-LINE-RM-01-2026-H77,RCAL-LINE-RM-01-2026-H77,RESOLVED,2026-09-25T23:59:59-06:00,2026-09-26T08:00:00-06:00,2026-06-29T00:00:00-06:00,,1,,false,ACTUAL,,,VALID,CURRENT,coolit-synthetic-v2.0.0,ALL_SYNTHETIC_CUSTOMERS,ALL_SYNTHETIC_PROGRAMS,ALL_SYNTHETIC_PRODUCTS,SYNTHETIC_INTERNAL,SNP-COOLIT-20260925-BL,SCN-BASELINE,RCAL-LINE-RM-01-2026-H77,LINE-RM-01,2026-H77,4800,4200,0,0,RACK_MANIFOLD_ASSEMBLY,,HISTORICAL_ACTUAL
TEN-COOLIT-SYN-001,SITE-COOLIT-SYN-01,MES,RESOURCE_CALENDAR,RCAL-LINE-RM-01-2026-H78,RCAL-LINE-RM-01-2026-H78,RESOLVED,2026-09-25T23:59:59-06:00,2026-09-26T08:00:00-06:00,2026-06-29T00:00:00-06:00,,1,,false,ACTUAL,,,VALID,CURRENT,coolit-synthetic-v2.0.0,ALL_SYNTHETIC_CUSTOMERS,ALL_SYNTHETIC_PROGRAMS,ALL_SYNTHETIC_PRODUCTS,SYNTHETIC_INTERNAL,SNP-COOLIT-20260925-BL,SCN-BASELINE,RCAL-LINE-RM-01-2026-H78,LINE-RM-01,2026-H78,4800,4200,0,0,RACK_MANIFOLD_ASSEMBLY,,HISTORICAL_ACTUAL
TEN-COOLIT-SYN-001,SITE-COOLIT-SYN-01,MES,RESOURCE_CALENDAR,RCAL-LINE-RM-01-2026-H79,RCAL-LINE-RM-01-2026-H79,RESOLVED,2026-09-25T23:59:59-06:00,2026-09-26T08:00:00-06:00,2026-06-29T00:00:00-06:00,,1,,false,ACTUAL,,,VALID,CURRENT,coolit-synthetic-v2.0.0,ALL_SYNTHETIC_CUSTOMERS,ALL_SYNTHETIC_PROGRAMS,ALL_SYNTHETIC_PRODUCTS,SYNTHETIC_INTERNAL,SNP-COOLIT-20260925-BL,SCN-BASELINE,RCAL-LINE-RM-01-2026-H79,LINE-RM-01,2026-H79,4800,4200,0,0,RACK_MANIFOLD_ASSEMBLY,,HISTORICAL_ACTUAL
TEN-COOLIT-SYN-001,SITE-COOLIT-SYN-01,MES,RESOURCE_CALENDAR,RCAL-LINE-RM-01-2026-H80,RCAL-LINE-RM-01-2026-H80,RESOLVED,2026-09-25T23:59:59-06:00,2026-09-26T08:00:00-06:00,2026-06-29T00:00:00-06:00,,1,,false,ACTUAL,,,VALID,CURRENT,coolit-synthetic-v2.0.0,ALL_SYNTHETIC_CUSTOMERS,ALL_SYNTHETIC_PROGRAMS,ALL_SYNTHETIC_PRODUCTS,SYNTHETIC_INTERNAL,SNP-COOLIT-20260925-BL,SCN-BASELINE,RCAL-LINE-RM-01-2026-H80,LINE-RM-01,2026-H80,4800,4200,0,0,RACK_MANIFOLD_ASSEMBLY,,HISTORICAL_ACTUAL
TEN-COOLIT-SYN-001,SITE-COOLIT-SYN-01,MES,RESOURCE_CALENDAR,RCAL-LINE-RM-01-2026-H81,RCAL-LINE-RM-01-2026-H81,RESOLVED,2026-09-25T23:59:59-06:00,2026-09-26T08:00:00-06:00,2026-06-29T00:00:00-06:00,,1,,false,ACTUAL,,,VALID,CURRENT,coolit-synthetic-v2.0.0,ALL_SYNTHETIC_CUSTOMERS,ALL_SYNTHETIC_PROGRAMS,ALL_SYNTHETIC_PRODUCTS,SYNTHETIC_INTERNAL,SNP-COOLIT-20260925-BL,SCN-BASELINE,RCAL-LINE-RM-01-2026-H81,LINE-RM-01,2026-H81,4800,4200,0,240,RACK_MANIFOLD_ASSEMBLY,PLANNED_MAINTENANCE,HISTORICAL_ACTUAL
TEN-COOLIT-SYN-001,SITE-COOLIT-SYN-01,MES,RESOURCE_CALENDAR,RCAL-LINE-RM-01-2026-H82,RCAL-LINE-RM-01-2026-H82,RESOLVED,2026-09-25T23:59:59-06:00,2026-09-26T08:00:00-06:00,2026-06-29T00:00:00-06:00,,1,,false,ACTUAL,,,VALID,CURRENT,coolit-synthetic-v2.0.0,ALL_SYNTHETIC_CUSTOMERS,ALL_SYNTHETIC_PROGRAMS,ALL_SYNTHETIC_PRODUCTS,SYNTHETIC_INTERNAL,SNP-COOLIT-20260925-BL,SCN-BASELINE,RCAL-LINE-RM-01-2026-H82,LINE-RM-01,2026-H82,4800,4200,0,0,RACK_MANIFOLD_ASSEMBLY,,HISTORICAL_ACTUAL
TEN-COOLIT-SYN-001,SITE-COOLIT-SYN-01,MES,RESOURCE_CALENDAR,RCAL-LINE-RM-01-2026-H83,RCAL-LINE-RM-01-2026-H83,RESOLVED,2026-09-25T23:59:59-06:00,2026-09-26T08:00:00-06:00,2026-06-29T00:00:00-06:00,,1,,false,ACTUAL,,,VALID,CURRENT,coolit-synthetic-v2.0.0,ALL_SYNTHETIC_CUSTOMERS,ALL_SYNTHETIC_PROGRAMS,ALL_SYNTHETIC_PRODUCTS,SYNTHETIC_INTERNAL,SNP-COOLIT-20260925-BL,SCN-BASELINE,RCAL-LINE-RM-01-2026-H83,LINE-RM-01,2026-H83,4800,4200,0,0,RACK_MANIFOLD_ASSEMBLY,,HISTORICAL_ACTUAL
TEN-COOLIT-SYN-001,SITE-COOLIT-SYN-01,MES,RESOURCE_CALENDAR,RCAL-LINE-RM-01-2026-H84,RCAL-LINE-RM-01-2026-H84,RESOLVED,2026-09-25T23:59:59-06:00,2026-09-26T08:00:00-06:00,2026-06-29T00:00:00-06:00,,1,,false,ACTUAL,,,VALID,CURRENT,coolit-synthetic-v2.0.0,ALL_SYNTHETIC_CUSTOMERS,ALL_SYNTHETIC_PROGRAMS,ALL_SYNTHETIC_PRODUCTS,SYNTHETIC_INTERNAL,SNP-COOLIT-20260925-BL,SCN-BASELINE,RCAL-LINE-RM-01-2026-H84,LINE-RM-01,2026-H84,4800,4200,0,0,RACK_MANIFOLD_ASSEMBLY,,HISTORICAL_ACTUAL
TEN-COOLIT-SYN-001,SITE-COOLIT-SYN-01,MES,RESOURCE_CALENDAR,RCAL-LINE-RM-01-2026-H85,RCAL-LINE-RM-01-2026-H85,RESOLVED,2026-09-25T23:59:59-06:00,2026-09-26T08:00:00-06:00,2026-06-29T00:00:00-06:00,,1,,false,ACTUAL,,,VALID,CURRENT,coolit-synthetic-v2.0.0,ALL_SYNTHETIC_CUSTOMERS,ALL_SYNTHETIC_PROGRAMS,ALL_SYNTHETIC_PRODUCTS,SYNTHETIC_INTERNAL,SNP-COOLIT-20260925-BL,SCN-BASELINE,RCAL-LINE-RM-01-2026-H85,LINE-RM-01,2026-H85,4800,4200,0,0,RACK_MANIFOLD_ASSEMBLY,,HISTORICAL_ACTUAL
TEN-COOLIT-SYN-001,SITE-COOLIT-SYN-01,MES,RESOURCE_CALENDAR,RCAL-LINE-RM-01-2026-H86,RCAL-LINE-RM-01-2026-H86,RESOLVED,2026-09-25T23:59:59-06:00,2026-09-26T08:00:00-06:00,2026-06-29T00:00:00-06:00,,1,,false,ACTUAL,,,VALID,CURRENT,coolit-synthetic-v2.0.0,ALL_SYNTHETIC_CUSTOMERS,ALL_SYNTHETIC_PROGRAMS,ALL_SYNTHETIC_PRODUCTS,SYNTHETIC_INTERNAL,SNP-COOLIT-20260925-BL,SCN-BASELINE,RCAL-LINE-RM-01-2026-H86,LINE-RM-01,2026-H86,4800,4200,0,0,RACK_MANIFOLD_ASSEMBLY,,HISTORICAL_ACTUAL
TEN-COOLIT-SYN-001,SITE-COOLIT-SYN-01,MES,RESOURCE_CALENDAR,RCAL-LINE-RM-01-2026-H87,RCAL-LINE-RM-01-2026-H87,RESOLVED,2026-09-25T23:59:59-06:00,2026-09-26T08:00:00-06:00,2026-06-29T00:00:00-06:00,,1,,false,ACTUAL,,,VALID,CURRENT,coolit-synthetic-v2.0.0,ALL_SYNTHETIC_CUSTOMERS,ALL_SYNTHETIC_PROGRAMS,ALL_SYNTHETIC_PRODUCTS,SYNTHETIC_INTERNAL,SNP-COOLIT-20260925-BL,SCN-BASELINE,RCAL-LINE-RM-01-2026-H87,LINE-RM-01,2026-H87,4800,4200,0,0,RACK_MANIFOLD_ASSEMBLY,,HISTORICAL_ACTUAL
TEN-COOLIT-SYN-001,SITE-COOLIT-SYN-01,MES,RESOURCE_CALENDAR,RCAL-LINE-RM-01-2026-H88,RCAL-LINE-RM-01-2026-H88,RESOLVED,2026-09-25T23:59:59-06:00,2026-09-26T08:00:00-06:00,2026-06-29T00:00:00-06:00,,1,,false,ACTUAL,,,VALID,CURRENT,coolit-synthetic-v2.0.0,ALL_SYNTHETIC_CUSTOMERS,ALL_SYNTHETIC_PROGRAMS,ALL_SYNTHETIC_PRODUCTS,SYNTHETIC_INTERNAL,SNP-COOLIT-20260925-BL,SCN-BASELINE,RCAL-LINE-RM-01-2026-H88,LINE-RM-01,2026-H88,4800,4200,0,0,RACK_MANIFOLD_ASSEMBLY,,HISTORICAL_ACTUAL
TEN-COOLIT-SYN-001,SITE-COOLIT-SYN-01,MES,RESOURCE_CALENDAR,RCAL-LINE-RM-01-2026-H89,RCAL-LINE-RM-01-2026-H89,RESOLVED,2026-09-25T23:59:59-06:00,2026-09-26T08:00:00-06:00,2026-06-29T00:00:00-06:00,,1,,false,ACTUAL,,,VALID,CURRENT,coolit-synthetic-v2.0.0,ALL_SYNTHETIC_CUSTOMERS,ALL_SYNTHETIC_PROGRAMS,ALL_SYNTHETIC_PRODUCTS,SYNTHETIC_INTERNAL,SNP-COOLIT-20260925-BL,SCN-BASELINE,RCAL-LINE-RM-01-2026-H89,LINE-RM-01,2026-H89,4800,4200,0,240,RACK_MANIFOLD_ASSEMBLY,PLANNED_MAINTENANCE,HISTORICAL_ACTUAL
TEN-COOLIT-SYN-001,SITE-COOLIT-SYN-01,MES,RESOURCE_CALENDAR,RCAL-LINE-RM-01-2026-H90,RCAL-LINE-RM-01-2026-H90,RESOLVED,2026-09-25T23:59:59-06:00,2026-09-26T08:00:00-06:00,2026-06-29T00:00:00-06:00,,1,,false,ACTUAL,,,VALID,CURRENT,coolit-synthetic-v2.0.0,ALL_SYNTHETIC_CUSTOMERS,ALL_SYNTHETIC_PROGRAMS,ALL_SYNTHETIC_PRODUCTS,SYNTHETIC_INTERNAL,SNP-COOLIT-20260925-BL,SCN-BASELINE,RCAL-LINE-RM-01-2026-H90,LINE-RM-01,2026-H90,4800,4200,0,0,RACK_MANIFOLD_ASSEMBLY,,HISTORICAL_ACTUAL
TEN-COOLIT-SYN-001,SITE-COOLIT-SYN-01,MES,RESOURCE_CALENDAR,RCAL-LINE-RM-01-2026-H91,RCAL-LINE-RM-01-2026-H91,RESOLVED,2026-09-25T23:59:59-06:00,2026-09-26T08:00:00-06:00,2026-06-29T00:00:00-06:00,,1,,false,ACTUAL,,,VALID,CURRENT,coolit-synthetic-v2.0.0,ALL_SYNTHETIC_CUSTOMERS,ALL_SYNTHETIC_PROGRAMS,ALL_SYNTHETIC_PRODUCTS,SYNTHETIC_INTERNAL,SNP-COOLIT-20260925-BL,SCN-BASELINE,RCAL-LINE-RM-01-2026-H91,LINE-RM-01,2026-H91,4800,4200,0,0,RACK_MANIFOLD_ASSEMBLY,,HISTORICAL_ACTUAL
TEN-COOLIT-SYN-001,SITE-COOLIT-SYN-01,MES,RESOURCE_CALENDAR,RCAL-LINE-RM-01-2026-H92,RCAL-LINE-RM-01-2026-H92,RESOLVED,2026-09-25T23:59:59-06:00,2026-09-26T08:00:00-06:00,2026-06-29T00:00:00-06:00,,1,,false,ACTUAL,,,VALID,CURRENT,coolit-synthetic-v2.0.0,ALL_SYNTHETIC_CUSTOMERS,ALL_SYNTHETIC_PROGRAMS,ALL_SYNTHETIC_PRODUCTS,SYNTHETIC_INTERNAL,SNP-COOLIT-20260925-BL,SCN-BASELINE,RCAL-LINE-RM-01-2026-H92,LINE-RM-01,2026-H92,4800,4200,0,0,RACK_MANIFOLD_ASSEMBLY,,HISTORICAL_ACTUAL
TEN-COOLIT-SYN-001,SITE-COOLIT-SYN-01,MES,RESOURCE_CALENDAR,RCAL-LINE-RM-01-2026-H93,RCAL-LINE-RM-01-2026-H93,RESOLVED,2026-09-25T23:59:59-06:00,2026-09-26T08:00:00-06:00,2026-06-29T00:00:00-06:00,,1,,false,ACTUAL,,,VALID,CURRENT,coolit-synthetic-v2.0.0,ALL_SYNTHETIC_CUSTOMERS,ALL_SYNTHETIC_PROGRAMS,ALL_SYNTHETIC_PRODUCTS,SYNTHETIC_INTERNAL,SNP-COOLIT-20260925-BL,SCN-BASELINE,RCAL-LINE-RM-01-2026-H93,LINE-RM-01,2026-H93,4800,4200,0,0,RACK_MANIFOLD_ASSEMBLY,,HISTORICAL_ACTUAL
TEN-COOLIT-SYN-001,SITE-COOLIT-SYN-01,MES,RESOURCE_CALENDAR,RCAL-LINE-RM-01-2026-H94,RCAL-LINE-RM-01-2026-H94,RESOLVED,2026-09-25T23:59:59-06:00,2026-09-26T08:00:00-06:00,2026-06-29T00:00:00-06:00,,1,,false,ACTUAL,,,VALID,CURRENT,coolit-synthetic-v2.0.0,ALL_SYNTHETIC_CUSTOMERS,ALL_SYNTHETIC_PROGRAMS,ALL_SYNTHETIC_PRODUCTS,SYNTHETIC_INTERNAL,SNP-COOLIT-20260925-BL,SCN-BASELINE,RCAL-LINE-RM-01-2026-H94,LINE-RM-01,2026-H94,4800,4200,0,0,RACK_MANIFOLD_ASSEMBLY,,HISTORICAL_ACTUAL
TEN-COOLIT-SYN-001,SITE-COOLIT-SYN-01,MES,RESOURCE_CALENDAR,RCAL-LINE-RM-01-2026-H95,RCAL-LINE-RM-01-2026-H95,RESOLVED,2026-09-25T23:59:59-06:00,2026-09-26T08:00:00-06:00,2026-06-29T00:00:00-06:00,,1,,false,ACTUAL,,,VALID,CURRENT,coolit-synthetic-v2.0.0,ALL_SYNTHETIC_CUSTOMERS,ALL_SYNTHETIC_PROGRAMS,ALL_SYNTHETIC_PRODUCTS,SYNTHETIC_INTERNAL,SNP-COOLIT-20260925-BL,SCN-BASELINE,RCAL-LINE-RM-01-2026-H95,LINE-RM-01,2026-H95,4800,4200,0,0,RACK_MANIFOLD_ASSEMBLY,,HISTORICAL_ACTUAL
TEN-COOLIT-SYN-001,SITE-COOLIT-SYN-01,MES,RESOURCE_CALENDAR,RCAL-LINE-RM-01-2026-H96,RCAL-LINE-RM-01-2026-H96,RESOLVED,2026-09-25T23:59:59-06:00,2026-09-26T08:00:00-06:00,2026-06-29T00:00:00-06:00,,1,,false,ACTUAL,,,VALID,CURRENT,coolit-synthetic-v2.0.0,ALL_SYNTHETIC_CUSTOMERS,ALL_SYNTHETIC_PROGRAMS,ALL_SYNTHETIC_PRODUCTS,SYNTHETIC_INTERNAL,SNP-COOLIT-20260925-BL,SCN-BASELINE,RCAL-LINE-RM-01-2026-H96,LINE-RM-01,2026-H96,4800,4200,0,0,RACK_MANIFOLD_ASSEMBLY,,HISTORICAL_ACTUAL
TEN-COOLIT-SYN-001,SITE-COOLIT-SYN-01,MES,RESOURCE_CALENDAR,RCAL-LINE-RM-01-2026-H97,RCAL-LINE-RM-01-2026-H97,RESOLVED,2026-09-25T23:59:59-06:00,2026-09-26T08:00:00-06:00,2026-06-29T00:00:00-06:00,,1,,false,ACTUAL,,,VALID,CURRENT,coolit-synthetic-v2.0.0,ALL_SYNTHETIC_CUSTOMERS,ALL_SYNTHETIC_PROGRAMS,ALL_SYNTHETIC_PRODUCTS,SYNTHETIC_INTERNAL,SNP-COOLIT-20260925-BL,SCN-BASELINE,RCAL-LINE-RM-01-2026-H97,LINE-RM-01,2026-H97,4800,4200,0,240,RACK_MANIFOLD_ASSEMBLY,PLANNED_MAINTENANCE,HISTORICAL_ACTUAL
TEN-COOLIT-SYN-001,SITE-COOLIT-SYN-01,MES,RESOURCE_CALENDAR,RCAL-LINE-RM-01-2026-H98,RCAL-LINE-RM-01-2026-H98,RESOLVED,2026-09-25T23:59:59-06:00,2026-09-26T08:00:00-06:00,2026-06-29T00:00:00-06:00,,1,,false,ACTUAL,,,VALID,CURRENT,coolit-synthetic-v2.0.0,ALL_SYNTHETIC_CUSTOMERS,ALL_SYNTHETIC_PROGRAMS,ALL_SYNTHETIC_PRODUCTS,SYNTHETIC_INTERNAL,SNP-COOLIT-20260925-BL,SCN-BASELINE,RCAL-LINE-RM-01-2026-H98,LINE-RM-01,2026-H98,4800,4200,0,0,RACK_MANIFOLD_ASSEMBLY,,HISTORICAL_ACTUAL
TEN-COOLIT-SYN-001,SITE-COOLIT-SYN-01,MES,RESOURCE_CALENDAR,RCAL-LINE-RM-01-2026-H99,RCAL-LINE-RM-01-2026-H99,RESOLVED,2026-09-25T23:59:59-06:00,2026-09-26T08:00:00-06:00,2026-06-29T00:00:00-06:00,,1,,false,ACTUAL,,,VALID,CURRENT,coolit-synthetic-v2.0.0,ALL_SYNTHETIC_CUSTOMERS,ALL_SYNTHETIC_PROGRAMS,ALL_SYNTHETIC_PRODUCTS,SYNTHETIC_INTERNAL,SNP-COOLIT-20260925-BL,SCN-BASELINE,RCAL-LINE-RM-01-2026-H99,LINE-RM-01,2026-H99,4800,4200,0,0,RACK_MANIFOLD_ASSEMBLY,,HISTORICAL_ACTUAL
TEN-COOLIT-SYN-001,SITE-COOLIT-SYN-01,MES,RESOURCE_CALENDAR,RCAL-LINE-RM-01-2026-H100,RCAL-LINE-RM-01-2026-H100,RESOLVED,2026-09-25T23:59:59-06:00,2026-09-26T08:00:00-06:00,2026-06-29T00:00:00-06:00,,1,,false,ACTUAL,,,VALID,CURRENT,coolit-synthetic-v2.0.0,ALL_SYNTHETIC_CUSTOMERS,ALL_SYNTHETIC_PROGRAMS,ALL_SYNTHETIC_PRODUCTS,SYNTHETIC_INTERNAL,SNP-COOLIT-20260925-BL,SCN-BASELINE,RCAL-LINE-RM-01-2026-H100,LINE-RM-01,2026-H100,4800,4200,0,0,RACK_MANIFOLD_ASSEMBLY,,HISTORICAL_ACTUAL
TEN-COOLIT-SYN-001,SITE-COOLIT-SYN-01,MES,RESOURCE_CALENDAR,RCAL-LINE-RM-01-2026-H101,RCAL-LINE-RM-01-2026-H101,RESOLVED,2026-09-25T23:59:59-06:00,2026-09-26T08:00:00-06:00,2026-06-29T00:00:00-06:00,,1,,false,ACTUAL,,,VALID,CURRENT,coolit-synthetic-v2.0.0,ALL_SYNTHETIC_CUSTOMERS,ALL_SYNTHETIC_PROGRAMS,ALL_SYNTHETIC_PRODUCTS,SYNTHETIC_INTERNAL,SNP-COOLIT-20260925-BL,SCN-BASELINE,RCAL-LINE-RM-01-2026-H101,LINE-RM-01,2026-H101,4800,4200,0,0,RACK_MANIFOLD_ASSEMBLY,,HISTORICAL_ACTUAL
TEN-COOLIT-SYN-001,SITE-COOLIT-SYN-01,MES,RESOURCE_CALENDAR,RCAL-LINE-RM-01-2026-H102,RCAL-LINE-RM-01-2026-H102,RESOLVED,2026-09-25T23:59:59-06:00,2026-09-26T08:00:00-06:00,2026-06-29T00:00:00-06:00,,1,,false,ACTUAL,,,VALID,CURRENT,coolit-synthetic-v2.0.0,ALL_SYNTHETIC_CUSTOMERS,ALL_SYNTHETIC_PROGRAMS,ALL_SYNTHETIC_PRODUCTS,SYNTHETIC_INTERNAL,SNP-COOLIT-20260925-BL,SCN-BASELINE,RCAL-LINE-RM-01-2026-H102,LINE-RM-01,2026-H102,4800,4200,0,0,RACK_MANIFOLD_ASSEMBLY,,HISTORICAL_ACTUAL
TEN-COOLIT-SYN-001,SITE-COOLIT-SYN-01,MES,RESOURCE_CALENDAR,RCAL-LINE-RM-01-2026-H103,RCAL-LINE-RM-01-2026-H103,RESOLVED,2026-09-25T23:59:59-06:00,2026-09-26T08:00:00-06:00,2026-06-29T00:00:00-06:00,,1,,false,ACTUAL,,,VALID,CURRENT,coolit-synthetic-v2.0.0,ALL_SYNTHETIC_CUSTOMERS,ALL_SYNTHETIC_PROGRAMS,ALL_SYNTHETIC_PRODUCTS,SYNTHETIC_INTERNAL,SNP-COOLIT-20260925-BL,SCN-BASELINE,RCAL-LINE-RM-01-2026-H103,LINE-RM-01,2026-H103,4800,4200,0,0,RACK_MANIFOLD_ASSEMBLY,,HISTORICAL_ACTUAL
TEN-COOLIT-SYN-001,SITE-COOLIT-SYN-01,MES,RESOURCE_CALENDAR,RCAL-LINE-RM-01-2026-H104,RCAL-LINE-RM-01-2026-H104,RESOLVED,2026-09-25T23:59:59-06:00,2026-09-26T08:00:00-06:00,2026-06-29T00:00:00-06:00,,1,,false,ACTUAL,,,VALID,CURRENT,coolit-synthetic-v2.0.0,ALL_SYNTHETIC_CUSTOMERS,ALL_SYNTHETIC_PROGRAMS,ALL_SYNTHETIC_PRODUCTS,SYNTHETIC_INTERNAL,SNP-COOLIT-20260925-BL,SCN-BASELINE,RCAL-LINE-RM-01-2026-H104,LINE-RM-01,2026-H104,4800,4200,0,0,RACK_MANIFOLD_ASSEMBLY,,HISTORICAL_ACTUAL
TEN-COOLIT-SYN-001,SITE-COOLIT-SYN-01,MES,RESOURCE_CALENDAR,RCAL-LINE-RM-01-2026-P01,RCAL-LINE-RM-01-2026-P01,RESOLVED,2026-09-25T23:59:59-06:00,2026-09-26T08:00:00-06:00,2026-06-29T00:00:00-06:00,,1,,false,PLAN,,,VALID,CURRENT,coolit-synthetic-v2.0.0,ALL_SYNTHETIC_CUSTOMERS,ALL_SYNTHETIC_PROGRAMS,ALL_SYNTHETIC_PRODUCTS,SYNTHETIC_INTERNAL,SNP-COOLIT-20260925-BL,SCN-BASELINE,RCAL-LINE-RM-01-2026-P01,LINE-RM-01,2026-P01,4800,4200,300,240,RACK_MANIFOLD_ASSEMBLY,PLANNED_MAINTENANCE,PLANNING_FUTURE
TEN-COOLIT-SYN-001,SITE-COOLIT-SYN-01,MES,RESOURCE_CALENDAR,RCAL-LINE-RM-01-2026-P02,RCAL-LINE-RM-01-2026-P02,RESOLVED,2026-09-25T23:59:59-06:00,2026-09-26T08:00:00-06:00,2026-06-29T00:00:00-06:00,,1,,false,PLAN,,,VALID,CURRENT,coolit-synthetic-v2.0.0,ALL_SYNTHETIC_CUSTOMERS,ALL_SYNTHETIC_PROGRAMS,ALL_SYNTHETIC_PRODUCTS,SYNTHETIC_INTERNAL,SNP-COOLIT-20260925-BL,SCN-BASELINE,RCAL-LINE-RM-01-2026-P02,LINE-RM-01,2026-P02,4800,4200,300,0,RACK_MANIFOLD_ASSEMBLY,,PLANNING_FUTURE
TEN-COOLIT-SYN-001,SITE-COOLIT-SYN-01,MES,RESOURCE_CALENDAR,RCAL-LINE-RM-01-2026-P03,RCAL-LINE-RM-01-2026-P03,RESOLVED,2026-09-25T23:59:59-06:00,2026-09-26T08:00:00-06:00,2026-06-29T00:00:00-06:00,,1,,false,PLAN,,,VALID,CURRENT,coolit-synthetic-v2.0.0,ALL_SYNTHETIC_CUSTOMERS,ALL_SYNTHETIC_PROGRAMS,ALL_SYNTHETIC_PRODUCTS,SYNTHETIC_INTERNAL,SNP-COOLIT-20260925-BL,SCN-BASELINE,RCAL-LINE-RM-01-2026-P03,LINE-RM-01,2026-P03,4800,4200,300,0,RACK_MANIFOLD_ASSEMBLY,,PLANNING_FUTURE
TEN-COOLIT-SYN-001,SITE-COOLIT-SYN-01,MES,RESOURCE_CALENDAR,RCAL-LINE-RM-01-2026-P04,RCAL-LINE-RM-01-2026-P04,RESOLVED,2026-09-25T23:59:59-06:00,2026-09-26T08:00:00-06:00,2026-06-29T00:00:00-06:00,,1,,false,PLAN,,,VALID,CURRENT,coolit-synthetic-v2.0.0,ALL_SYNTHETIC_CUSTOMERS,ALL_SYNTHETIC_PROGRAMS,ALL_SYNTHETIC_PRODUCTS,SYNTHETIC_INTERNAL,SNP-COOLIT-20260925-BL,SCN-BASELINE,RCAL-LINE-RM-01-2026-P04,LINE-RM-01,2026-P04,4800,4200,300,0,RACK_MANIFOLD_ASSEMBLY,,PLANNING_FUTURE
TEN-COOLIT-SYN-001,SITE-COOLIT-SYN-01,MES,RESOURCE_CALENDAR,RCAL-LINE-RM-01-2026-P05,RCAL-LINE-RM-01-2026-P05,RESOLVED,2026-09-25T23:59:59-06:00,2026-09-26T08:00:00-06:00,2026-06-29T00:00:00-06:00,,1,,false,PLAN,,,VALID,CURRENT,coolit-synthetic-v2.0.0,ALL_SYNTHETIC_CUSTOMERS,ALL_SYNTHETIC_PROGRAMS,ALL_SYNTHETIC_PRODUCTS,SYNTHETIC_INTERNAL,SNP-COOLIT-20260925-BL,SCN-BASELINE,RCAL-LINE-RM-01-2026-P05,LINE-RM-01,2026-P05,4800,4200,300,0,RACK_MANIFOLD_ASSEMBLY,,PLANNING_FUTURE
TEN-COOLIT-SYN-001,SITE-COOLIT-SYN-01,MES,RESOURCE_CALENDAR,RCAL-LINE-RM-01-2026-P06,RCAL-LINE-RM-01-2026-P06,RESOLVED,2026-09-25T23:59:59-06:00,2026-09-26T08:00:00-06:00,2026-06-29T00:00:00-06:00,,1,,false,PLAN,,,VALID,CURRENT,coolit-synthetic-v2.0.0,ALL_SYNTHETIC_CUSTOMERS,ALL_SYNTHETIC_PROGRAMS,ALL_SYNTHETIC_PRODUCTS,SYNTHETIC_INTERNAL,SNP-COOLIT-20260925-BL,SCN-BASELINE,RCAL-LINE-RM-01-2026-P06,LINE-RM-01,2026-P06,4800,4200,300,0,RACK_MANIFOLD_ASSEMBLY,,PLANNING_FUTURE
TEN-COOLIT-SYN-001,SITE-COOLIT-SYN-01,MES,RESOURCE_CALENDAR,RCAL-LINE-RM-01-2026-P07,RCAL-LINE-RM-01-2026-P07,RESOLVED,2026-09-25T23:59:59-06:00,2026-09-26T08:00:00-06:00,2026-06-29T00:00:00-06:00,,1,,false,PLAN,,,VALID,CURRENT,coolit-synthetic-v2.0.0,ALL_SYNTHETIC_CUSTOMERS,ALL_SYNTHETIC_PROGRAMS,ALL_SYNTHETIC_PRODUCTS,SYNTHETIC_INTERNAL,SNP-COOLIT-20260925-BL,SCN-BASELINE,RCAL-LINE-RM-01-2026-P07,LINE-RM-01,2026-P07,4800,4200,300,0,RACK_MANIFOLD_ASSEMBLY,,PLANNING_FUTURE
TEN-COOLIT-SYN-001,SITE-COOLIT-SYN-01,MES,RESOURCE_CALENDAR,RCAL-LINE-RM-01-2026-P08,RCAL-LINE-RM-01-2026-P08,RESOLVED,2026-09-25T23:59:59-06:00,2026-09-26T08:00:00-06:00,2026-06-29T00:00:00-06:00,,1,,false,PLAN,,,VALID,CURRENT,coolit-synthetic-v2.0.0,ALL_SYNTHETIC_CUSTOMERS,ALL_SYNTHETIC_PROGRAMS,ALL_SYNTHETIC_PRODUCTS,SYNTHETIC_INTERNAL,SNP-COOLIT-20260925-BL,SCN-BASELINE,RCAL-LINE-RM-01-2026-P08,LINE-RM-01,2026-P08,4800,4200,300,0,RACK_MANIFOLD_ASSEMBLY,,PLANNING_FUTURE
TEN-COOLIT-SYN-001,SITE-COOLIT-SYN-01,MES,RESOURCE_CALENDAR,RCAL-LINE-RM-01-2026-P09,RCAL-LINE-RM-01-2026-P09,RESOLVED,2026-09-25T23:59:59-06:00,2026-09-26T08:00:00-06:00,2026-06-29T00:00:00-06:00,,1,,false,PLAN,,,VALID,CURRENT,coolit-synthetic-v2.0.0,ALL_SYNTHETIC_CUSTOMERS,ALL_SYNTHETIC_PROGRAMS,ALL_SYNTHETIC_PRODUCTS,SYNTHETIC_INTERNAL,SNP-COOLIT-20260925-BL,SCN-BASELINE,RCAL-LINE-RM-01-2026-P09,LINE-RM-01,2026-P09,4800,4200,300,240,RACK_MANIFOLD_ASSEMBLY,PLANNED_MAINTENANCE,PLANNING_FUTURE
TEN-COOLIT-SYN-001,SITE-COOLIT-SYN-01,MES,RESOURCE_CALENDAR,RCAL-LINE-RM-01-2026-P10,RCAL-LINE-RM-01-2026-P10,RESOLVED,2026-09-25T23:59:59-06:00,2026-09-26T08:00:00-06:00,2026-06-29T00:00:00-06:00,,1,,false,PLAN,,,VALID,CURRENT,coolit-synthetic-v2.0.0,ALL_SYNTHETIC_CUSTOMERS,ALL_SYNTHETIC_PROGRAMS,ALL_SYNTHETIC_PRODUCTS,SYNTHETIC_INTERNAL,SNP-COOLIT-20260925-BL,SCN-BASELINE,RCAL-LINE-RM-01-2026-P10,LINE-RM-01,2026-P10,4800,4200,300,0,RACK_MANIFOLD_ASSEMBLY,,PLANNING_FUTURE
TEN-COOLIT-SYN-001,SITE-COOLIT-SYN-01,MES,RESOURCE_CALENDAR,RCAL-LINE-RM-01-2026-P11,RCAL-LINE-RM-01-2026-P11,RESOLVED,2026-09-25T23:59:59-06:00,2026-09-26T08:00:00-06:00,2026-06-29T00:00:00-06:00,,1,,false,PLAN,,,VALID,CURRENT,coolit-synthetic-v2.0.0,ALL_SYNTHETIC_CUSTOMERS,ALL_SYNTHETIC_PROGRAMS,ALL_SYNTHETIC_PRODUCTS,SYNTHETIC_INTERNAL,SNP-COOLIT-20260925-BL,SCN-BASELINE,RCAL-LINE-RM-01-2026-P11,LINE-RM-01,2026-P11,4800,4200,300,0,RACK_MANIFOLD_ASSEMBLY,,PLANNING_FUTURE
TEN-COOLIT-SYN-001,SITE-COOLIT-SYN-01,MES,RESOURCE_CALENDAR,RCAL-LINE-RM-01-2026-P12,RCAL-LINE-RM-01-2026-P12,RESOLVED,2026-09-25T23:59:59-06:00,2026-09-26T08:00:00-06:00,2026-06-29T00:00:00-06:00,,1,,false,PLAN,,,VALID,CURRENT,coolit-synthetic-v2.0.0,ALL_SYNTHETIC_CUSTOMERS,ALL_SYNTHETIC_PROGRAMS,ALL_SYNTHETIC_PRODUCTS,SYNTHETIC_INTERNAL,SNP-COOLIT-20260925-BL,SCN-BASELINE,RCAL-LINE-RM-01-2026-P12,LINE-RM-01,2026-P12,4800,4200,300,0,RACK_MANIFOLD_ASSEMBLY,,PLANNING_FUTURE
TEN-COOLIT-SYN-001,SITE-COOLIT-SYN-01,MES,RESOURCE_CALENDAR,RCAL-LINE-RM-01-2026-P13,RCAL-LINE-RM-01-2026-P13,RESOLVED,2026-09-25T23:59:59-06:00,2026-09-26T08:00:00-06:00,2026-06-29T00:00:00-06:00,,1,,false,PLAN,,,VALID,CURRENT,coolit-synthetic-v2.0.0,ALL_SYNTHETIC_CUSTOMERS,ALL_SYNTHETIC_PROGRAMS,ALL_SYNTHETIC_PRODUCTS,SYNTHETIC_INTERNAL,SNP-COOLIT-20260925-BL,SCN-BASELINE,RCAL-LINE-RM-01-2026-P13,LINE-RM-01,2026-P13,4800,4200,300,0,RACK_MANIFOLD_ASSEMBLY,,PLANNING_FUTURE
TEN-COOLIT-SYN-001,SITE-COOLIT-SYN-01,MES,RESOURCE_CALENDAR,RCAL-LINE-RM-01-2026-P14,RCAL-LINE-RM-01-2026-P14,RESOLVED,2026-09-25T23:59:59-06:00,2026-09-26T08:00:00-06:00,2026-06-29T00:00:00-06:00,,1,,false,PLAN,,,VALID,CURRENT,coolit-synthetic-v2.0.0,ALL_SYNTHETIC_CUSTOMERS,ALL_SYNTHETIC_PROGRAMS,ALL_SYNTHETIC_PRODUCTS,SYNTHETIC_INTERNAL,SNP-COOLIT-20260925-BL,SCN-BASELINE,RCAL-LINE-RM-01-2026-P14,LINE-RM-01,2026-P14,4800,4200,300,0,RACK_MANIFOLD_ASSEMBLY,,PLANNING_FUTURE
TEN-COOLIT-SYN-001,SITE-COOLIT-SYN-01,MES,RESOURCE_CALENDAR,RCAL-LINE-RM-01-2026-P15,RCAL-LINE-RM-01-2026-P15,RESOLVED,2026-09-25T23:59:59-06:00,2026-09-26T08:00:00-06:00,2026-06-29T00:00:00-06:00,,1,,false,PLAN,,,VALID,CURRENT,coolit-synthetic-v2.0.0,ALL_SYNTHETIC_CUSTOMERS,ALL_SYNTHETIC_PROGRAMS,ALL_SYNTHETIC_PRODUCTS,SYNTHETIC_INTERNAL,SNP-COOLIT-20260925-BL,SCN-BASELINE,RCAL-LINE-RM-01-2026-P15,LINE-RM-01,2026-P15,4800,4200,300,0,RACK_MANIFOLD_ASSEMBLY,,PLANNING_FUTURE
TEN-COOLIT-SYN-001,SITE-COOLIT-SYN-01,MES,RESOURCE_CALENDAR,RCAL-LINE-RM-01-2026-P16,RCAL-LINE-RM-01-2026-P16,RESOLVED,2026-09-25T23:59:59-06:00,2026-09-26T08:00:00-06:00,2026-06-29T00:00:00-06:00,,1,,false,PLAN,,,VALID,CURRENT,coolit-synthetic-v2.0.0,ALL_SYNTHETIC_CUSTOMERS,ALL_SYNTHETIC_PROGRAMS,ALL_SYNTHETIC_PRODUCTS,SYNTHETIC_INTERNAL,SNP-COOLIT-20260925-BL,SCN-BASELINE,RCAL-LINE-RM-01-2026-P16,LINE-RM-01,2026-P16,4800,4200,300,0,RACK_MANIFOLD_ASSEMBLY,,PLANNING_FUTURE
TEN-COOLIT-SYN-001,SITE-COOLIT-SYN-01,MES,RESOURCE_CALENDAR,RCAL-LINE-RM-01-2026-P17,RCAL-LINE-RM-01-2026-P17,RESOLVED,2026-09-25T23:59:59-06:00,2026-09-26T08:00:00-06:00,2026-06-29T00:00:00-06:00,,1,,false,PLAN,,,VALID,CURRENT,coolit-synthetic-v2.0.0,ALL_SYNTHETIC_CUSTOMERS,ALL_SYNTHETIC_PROGRAMS,ALL_SYNTHETIC_PRODUCTS,SYNTHETIC_INTERNAL,SNP-COOLIT-20260925-BL,SCN-BASELINE,RCAL-LINE-RM-01-2026-P17,LINE-RM-01,2026-P17,4800,4200,300,240,RACK_MANIFOLD_ASSEMBLY,PLANNED_MAINTENANCE,PLANNING_FUTURE
TEN-COOLIT-SYN-001,SITE-COOLIT-SYN-01,MES,RESOURCE_CALENDAR,RCAL-LINE-RM-01-2026-P18,RCAL-LINE-RM-01-2026-P18,RESOLVED,2026-09-25T23:59:59-06:00,2026-09-26T08:00:00-06:00,2026-06-29T00:00:00-06:00,,1,,false,PLAN,,,VALID,CURRENT,coolit-synthetic-v2.0.0,ALL_SYNTHETIC_CUSTOMERS,ALL_SYNTHETIC_PROGRAMS,ALL_SYNTHETIC_PRODUCTS,SYNTHETIC_INTERNAL,SNP-COOLIT-20260925-BL,SCN-BASELINE,RCAL-LINE-RM-01-2026-P18,LINE-RM-01,2026-P18,4800,4200,300,0,RACK_MANIFOLD_ASSEMBLY,,PLANNING_FUTURE
TEN-COOLIT-SYN-001,SITE-COOLIT-SYN-01,MES,RESOURCE_CALENDAR,RCAL-LINE-RM-01-2026-P19,RCAL-LINE-RM-01-2026-P19,RESOLVED,2026-09-25T23:59:59-06:00,2026-09-26T08:00:00-06:00,2026-06-29T00:00:00-06:00,,1,,false,PLAN,,,VALID,CURRENT,coolit-synthetic-v2.0.0,ALL_SYNTHETIC_CUSTOMERS,ALL_SYNTHETIC_PROGRAMS,ALL_SYNTHETIC_PRODUCTS,SYNTHETIC_INTERNAL,SNP-COOLIT-20260925-BL,SCN-BASELINE,RCAL-LINE-RM-01-2026-P19,LINE-RM-01,2026-P19,4800,4200,300,0,RACK_MANIFOLD_ASSEMBLY,,PLANNING_FUTURE
TEN-COOLIT-SYN-001,SITE-COOLIT-SYN-01,MES,RESOURCE_CALENDAR,RCAL-LINE-RM-01-2026-P20,RCAL-LINE-RM-01-2026-P20,RESOLVED,2026-09-25T23:59:59-06:00,2026-09-26T08:00:00-06:00,2026-06-29T00:00:00-06:00,,1,,false,PLAN,,,VALID,CURRENT,coolit-synthetic-v2.0.0,ALL_SYNTHETIC_CUSTOMERS,ALL_SYNTHETIC_PROGRAMS,ALL_SYNTHETIC_PRODUCTS,SYNTHETIC_INTERNAL,SNP-COOLIT-20260925-BL,SCN-BASELINE,RCAL-LINE-RM-01-2026-P20,LINE-RM-01,2026-P20,4800,4200,300,0,RACK_MANIFOLD_ASSEMBLY,,PLANNING_FUTURE
TEN-COOLIT-SYN-001,SITE-COOLIT-SYN-01,MES,RESOURCE_CALENDAR,RCAL-LINE-RM-01-2026-P21,RCAL-LINE-RM-01-2026-P21,RESOLVED,2026-09-25T23:59:59-06:00,2026-09-26T08:00:00-06:00,2026-06-29T00:00:00-06:00,,1,,false,PLAN,,,VALID,CURRENT,coolit-synthetic-v2.0.0,ALL_SYNTHETIC_CUSTOMERS,ALL_SYNTHETIC_PROGRAMS,ALL_SYNTHETIC_PRODUCTS,SYNTHETIC_INTERNAL,SNP-COOLIT-20260925-BL,SCN-BASELINE,RCAL-LINE-RM-01-2026-P21,LINE-RM-01,2026-P21,4800,4200,300,0,RACK_MANIFOLD_ASSEMBLY,,PLANNING_FUTURE
TEN-COOLIT-SYN-001,SITE-COOLIT-SYN-01,MES,RESOURCE_CALENDAR,RCAL-LINE-RM-01-2026-P22,RCAL-LINE-RM-01-2026-P22,RESOLVED,2026-09-25T23:59:59-06:00,2026-09-26T08:00:00-06:00,2026-06-29T00:00:00-06:00,,1,,false,PLAN,,,VALID,CURRENT,coolit-synthetic-v2.0.0,ALL_SYNTHETIC_CUSTOMERS,ALL_SYNTHETIC_PROGRAMS,ALL_SYNTHETIC_PRODUCTS,SYNTHETIC_INTERNAL,SNP-COOLIT-20260925-BL,SCN-BASELINE,RCAL-LINE-RM-01-2026-P22,LINE-RM-01,2026-P22,4800,4200,300,0,RACK_MANIFOLD_ASSEMBLY,,PLANNING_FUTURE
TEN-COOLIT-SYN-001,SITE-COOLIT-SYN-01,MES,RESOURCE_CALENDAR,RCAL-LINE-RM-01-2026-P23,RCAL-LINE-RM-01-2026-P23,RESOLVED,2026-09-25T23:59:59-06:00,2026-09-26T08:00:00-06:00,2026-06-29T00:00:00-06:00,,1,,false,PLAN,,,VALID,CURRENT,coolit-synthetic-v2.0.0,ALL_SYNTHETIC_CUSTOMERS,ALL_SYNTHETIC_PROGRAMS,ALL_SYNTHETIC_PRODUCTS,SYNTHETIC_INTERNAL,SNP-COOLIT-20260925-BL,SCN-BASELINE,RCAL-LINE-RM-01-2026-P23,LINE-RM-01,2026-P23,4800,4200,300,0,RACK_MANIFOLD_ASSEMBLY,,PLANNING_FUTURE
TEN-COOLIT-SYN-001,SITE-COOLIT-SYN-01,MES,RESOURCE_CALENDAR,RCAL-LINE-RM-01-2026-P24,RCAL-LINE-RM-01-2026-P24,RESOLVED,2026-09-25T23:59:59-06:00,2026-09-26T08:00:00-06:00,2026-06-29T00:00:00-06:00,,1,,false,PLAN,,,VALID,CURRENT,coolit-synthetic-v2.0.0,ALL_SYNTHETIC_CUSTOMERS,ALL_SYNTHETIC_PROGRAMS,ALL_SYNTHETIC_PRODUCTS,SYNTHETIC_INTERNAL,SNP-COOLIT-20260925-BL,SCN-BASELINE,RCAL-LINE-RM-01-2026-P24,LINE-RM-01,2026-P24,4800,4200,300,0,RACK_MANIFOLD_ASSEMBLY,,PLANNING_FUTURE
TEN-COOLIT-SYN-001,SITE-COOLIT-SYN-01,MES,RESOURCE_CALENDAR,RCAL-LINE-RM-01-2026-P25,RCAL-LINE-RM-01-2026-P25,RESOLVED,2026-09-25T23:59:59-06:00,2026-09-26T08:00:00-06:00,2026-06-29T00:00:00-06:00,,1,,false,PLAN,,,VALID,CURRENT,coolit-synthetic-v2.0.0,ALL_SYNTHETIC_CUSTOMERS,ALL_SYNTHETIC_PROGRAMS,ALL_SYNTHETIC_PRODUCTS,SYNTHETIC_INTERNAL,SNP-COOLIT-20260925-BL,SCN-BASELINE,RCAL-LINE-RM-01-2026-P25,LINE-RM-01,2026-P25,4800,4200,300,240,RACK_MANIFOLD_ASSEMBLY,PLANNED_MAINTENANCE,PLANNING_FUTURE
TEN-COOLIT-SYN-001,SITE-COOLIT-SYN-01,MES,RESOURCE_CALENDAR,RCAL-LINE-RM-01-2026-P26,RCAL-LINE-RM-01-2026-P26,RESOLVED,2026-09-25T23:59:59-06:00,2026-09-26T08:00:00-06:00,2026-06-29T00:00:00-06:00,,1,,false,PLAN,,,VALID,CURRENT,coolit-synthetic-v2.0.0,ALL_SYNTHETIC_CUSTOMERS,ALL_SYNTHETIC_PROGRAMS,ALL_SYNTHETIC_PRODUCTS,SYNTHETIC_INTERNAL,SNP-COOLIT-20260925-BL,SCN-BASELINE,RCAL-LINE-RM-01-2026-P26,LINE-RM-01,2026-P26,4800,4200,300,0,RACK_MANIFOLD_ASSEMBLY,,PLANNING_FUTURE
TEN-COOLIT-SYN-001,SITE-COOLIT-SYN-01,MES,RESOURCE_CALENDAR,RCAL-LINE-CDU-01-2026-H01,RCAL-LINE-CDU-01-2026-H01,RESOLVED,2026-09-25T23:59:59-06:00,2026-09-26T08:00:00-06:00,2026-06-29T00:00:00-06:00,,1,,false,ACTUAL,,,VALID,CURRENT,coolit-synthetic-v2.0.0,ALL_SYNTHETIC_CUSTOMERS,ALL_SYNTHETIC_PROGRAMS,ALL_SYNTHETIC_PRODUCTS,SYNTHETIC_INTERNAL,SNP-COOLIT-20260925-BL,SCN-BASELINE,RCAL-LINE-CDU-01-2026-H01,LINE-CDU-01,2026-H01,4800,4200,0,240,CDU_ASSEMBLY,PLANNED_MAINTENANCE,HISTORICAL_ACTUAL
TEN-COOLIT-SYN-001,SITE-COOLIT-SYN-01,MES,RESOURCE_CALENDAR,RCAL-LINE-CDU-01-2026-H02,RCAL-LINE-CDU-01-2026-H02,RESOLVED,2026-09-25T23:59:59-06:00,2026-09-26T08:00:00-06:00,2026-06-29T00:00:00-06:00,,1,,false,ACTUAL,,,VALID,CURRENT,coolit-synthetic-v2.0.0,ALL_SYNTHETIC_CUSTOMERS,ALL_SYNTHETIC_PROGRAMS,ALL_SYNTHETIC_PRODUCTS,SYNTHETIC_INTERNAL,SNP-COOLIT-20260925-BL,SCN-BASELINE,RCAL-LINE-CDU-01-2026-H02,LINE-CDU-01,2026-H02,4800,4200,0,0,CDU_ASSEMBLY,,HISTORICAL_ACTUAL
TEN-COOLIT-SYN-001,SITE-COOLIT-SYN-01,MES,RESOURCE_CALENDAR,RCAL-LINE-CDU-01-2026-H03,RCAL-LINE-CDU-01-2026-H03,RESOLVED,2026-09-25T23:59:59-06:00,2026-09-26T08:00:00-06:00,2026-06-29T00:00:00-06:00,,1,,false,ACTUAL,,,VALID,CURRENT,coolit-synthetic-v2.0.0,ALL_SYNTHETIC_CUSTOMERS,ALL_SYNTHETIC_PROGRAMS,ALL_SYNTHETIC_PRODUCTS,SYNTHETIC_INTERNAL,SNP-COOLIT-20260925-BL,SCN-BASELINE,RCAL-LINE-CDU-01-2026-H03,LINE-CDU-01,2026-H03,4800,4200,0,0,CDU_ASSEMBLY,,HISTORICAL_ACTUAL
TEN-COOLIT-SYN-001,SITE-COOLIT-SYN-01,MES,RESOURCE_CALENDAR,RCAL-LINE-CDU-01-2026-H04,RCAL-LINE-CDU-01-2026-H04,RESOLVED,2026-09-25T23:59:59-06:00,2026-09-26T08:00:00-06:00,2026-06-29T00:00:00-06:00,,1,,false,ACTUAL,,,VALID,CURRENT,coolit-synthetic-v2.0.0,ALL_SYNTHETIC_CUSTOMERS,ALL_SYNTHETIC_PROGRAMS,ALL_SYNTHETIC_PRODUCTS,SYNTHETIC_INTERNAL,SNP-COOLIT-20260925-BL,SCN-BASELINE,RCAL-LINE-CDU-01-2026-H04,LINE-CDU-01,2026-H04,4800,4200,0,0,CDU_ASSEMBLY,,HISTORICAL_ACTUAL
TEN-COOLIT-SYN-001,SITE-COOLIT-SYN-01,MES,RESOURCE_CALENDAR,RCAL-LINE-CDU-01-2026-H05,RCAL-LINE-CDU-01-2026-H05,RESOLVED,2026-09-25T23:59:59-06:00,2026-09-26T08:00:00-06:00,2026-06-29T00:00:00-06:00,,1,,false,ACTUAL,,,VALID,CURRENT,coolit-synthetic-v2.0.0,ALL_SYNTHETIC_CUSTOMERS,ALL_SYNTHETIC_PROGRAMS,ALL_SYNTHETIC_PRODUCTS,SYNTHETIC_INTERNAL,SNP-COOLIT-20260925-BL,SCN-BASELINE,RCAL-LINE-CDU-01-2026-H05,LINE-CDU-01,2026-H05,4800,4200,0,0,CDU_ASSEMBLY,,HISTORICAL_ACTUAL
TEN-COOLIT-SYN-001,SITE-COOLIT-SYN-01,MES,RESOURCE_CALENDAR,RCAL-LINE-CDU-01-2026-H06,RCAL-LINE-CDU-01-2026-H06,RESOLVED,2026-09-25T23:59:59-06:00,2026-09-26T08:00:00-06:00,2026-06-29T00:00:00-06:00,,1,,false,ACTUAL,,,VALID,CURRENT,coolit-synthetic-v2.0.0,ALL_SYNTHETIC_CUSTOMERS,ALL_SYNTHETIC_PROGRAMS,ALL_SYNTHETIC_PRODUCTS,SYNTHETIC_INTERNAL,SNP-COOLIT-20260925-BL,SCN-BASELINE,RCAL-LINE-CDU-01-2026-H06,LINE-CDU-01,2026-H06,4800,4200,0,0,CDU_ASSEMBLY,,HISTORICAL_ACTUAL
TEN-COOLIT-SYN-001,SITE-COOLIT-SYN-01,MES,RESOURCE_CALENDAR,RCAL-LINE-CDU-01-2026-H07,RCAL-LINE-CDU-01-2026-H07,RESOLVED,2026-09-25T23:59:59-06:00,2026-09-26T08:00:00-06:00,2026-06-29T00:00:00-06:00,,1,,false,ACTUAL,,,VALID,CURRENT,coolit-synthetic-v2.0.0,ALL_SYNTHETIC_CUSTOMERS,ALL_SYNTHETIC_PROGRAMS,ALL_SYNTHETIC_PRODUCTS,SYNTHETIC_INTERNAL,SNP-COOLIT-20260925-BL,SCN-BASELINE,RCAL-LINE-CDU-01-2026-H07,LINE-CDU-01,2026-H07,4800,4200,0,0,CDU_ASSEMBLY,,HISTORICAL_ACTUAL
TEN-COOLIT-SYN-001,SITE-COOLIT-SYN-01,MES,RESOURCE_CALENDAR,RCAL-LINE-CDU-01-2026-H08,RCAL-LINE-CDU-01-2026-H08,RESOLVED,2026-09-25T23:59:59-06:00,2026-09-26T08:00:00-06:00,2026-06-29T00:00:00-06:00,,1,,false,ACTUAL,,,VALID,CURRENT,coolit-synthetic-v2.0.0,ALL_SYNTHETIC_CUSTOMERS,ALL_SYNTHETIC_PROGRAMS,ALL_SYNTHETIC_PRODUCTS,SYNTHETIC_INTERNAL,SNP-COOLIT-20260925-BL,SCN-BASELINE,RCAL-LINE-CDU-01-2026-H08,LINE-CDU-01,2026-H08,4800,4200,0,0,CDU_ASSEMBLY,,HISTORICAL_ACTUAL
TEN-COOLIT-SYN-001,SITE-COOLIT-SYN-01,MES,RESOURCE_CALENDAR,RCAL-LINE-CDU-01-2026-H09,RCAL-LINE-CDU-01-2026-H09,RESOLVED,2026-09-25T23:59:59-06:00,2026-09-26T08:00:00-06:00,2026-06-29T00:00:00-06:00,,1,,false,ACTUAL,,,VALID,CURRENT,coolit-synthetic-v2.0.0,ALL_SYNTHETIC_CUSTOMERS,ALL_SYNTHETIC_PROGRAMS,ALL_SYNTHETIC_PRODUCTS,SYNTHETIC_INTERNAL,SNP-COOLIT-20260925-BL,SCN-BASELINE,RCAL-LINE-CDU-01-2026-H09,LINE-CDU-01,2026-H09,4800,4200,0,240,CDU_ASSEMBLY,PLANNED_MAINTENANCE,HISTORICAL_ACTUAL
TEN-COOLIT-SYN-001,SITE-COOLIT-SYN-01,MES,RESOURCE_CALENDAR,RCAL-LINE-CDU-01-2026-H10,RCAL-LINE-CDU-01-2026-H10,RESOLVED,2026-09-25T23:59:59-06:00,2026-09-26T08:00:00-06:00,2026-06-29T00:00:00-06:00,,1,,false,ACTUAL,,,VALID,CURRENT,coolit-synthetic-v2.0.0,ALL_SYNTHETIC_CUSTOMERS,ALL_SYNTHETIC_PROGRAMS,ALL_SYNTHETIC_PRODUCTS,SYNTHETIC_INTERNAL,SNP-COOLIT-20260925-BL,SCN-BASELINE,RCAL-LINE-CDU-01-2026-H10,LINE-CDU-01,2026-H10,4800,4200,0,0,CDU_ASSEMBLY,,HISTORICAL_ACTUAL
TEN-COOLIT-SYN-001,SITE-COOLIT-SYN-01,MES,RESOURCE_CALENDAR,RCAL-LINE-CDU-01-2026-H11,RCAL-LINE-CDU-01-2026-H11,RESOLVED,2026-09-25T23:59:59-06:00,2026-09-26T08:00:00-06:00,2026-06-29T00:00:00-06:00,,1,,false,ACTUAL,,,VALID,CURRENT,coolit-synthetic-v2.0.0,ALL_SYNTHETIC_CUSTOMERS,ALL_SYNTHETIC_PROGRAMS,ALL_SYNTHETIC_PRODUCTS,SYNTHETIC_INTERNAL,SNP-COOLIT-20260925-BL,SCN-BASELINE,RCAL-LINE-CDU-01-2026-H11,LINE-CDU-01,2026-H11,4800,4200,0,0,CDU_ASSEMBLY,,HISTORICAL_ACTUAL
TEN-COOLIT-SYN-001,SITE-COOLIT-SYN-01,MES,RESOURCE_CALENDAR,RCAL-LINE-CDU-01-2026-H12,RCAL-LINE-CDU-01-2026-H12,RESOLVED,2026-09-25T23:59:59-06:00,2026-09-26T08:00:00-06:00,2026-06-29T00:00:00-06:00,,1,,false,ACTUAL,,,VALID,CURRENT,coolit-synthetic-v2.0.0,ALL_SYNTHETIC_CUSTOMERS,ALL_SYNTHETIC_PROGRAMS,ALL_SYNTHETIC_PRODUCTS,SYNTHETIC_INTERNAL,SNP-COOLIT-20260925-BL,SCN-BASELINE,RCAL-LINE-CDU-01-2026-H12,LINE-CDU-01,2026-H12,4800,4200,0,0,CDU_ASSEMBLY,,HISTORICAL_ACTUAL
TEN-COOLIT-SYN-001,SITE-COOLIT-SYN-01,MES,RESOURCE_CALENDAR,RCAL-LINE-CDU-01-2026-H13,RCAL-LINE-CDU-01-2026-H13,RESOLVED,2026-09-25T23:59:59-06:00,2026-09-26T08:00:00-06:00,2026-06-29T00:00:00-06:00,,1,,false,ACTUAL,,,VALID,CURRENT,coolit-synthetic-v2.0.0,ALL_SYNTHETIC_CUSTOMERS,ALL_SYNTHETIC_PROGRAMS,ALL_SYNTHETIC_PRODUCTS,SYNTHETIC_INTERNAL,SNP-COOLIT-20260925-BL,SCN-BASELINE,RCAL-LINE-CDU-01-2026-H13,LINE-CDU-01,2026-H13,4800,4200,0,0,CDU_ASSEMBLY,,HISTORICAL_ACTUAL
TEN-COOLIT-SYN-001,SITE-COOLIT-SYN-01,MES,RESOURCE_CALENDAR,RCAL-LINE-CDU-01-2026-H14,RCAL-LINE-CDU-01-2026-H14,RESOLVED,2026-09-25T23:59:59-06:00,2026-09-26T08:00:00-06:00,2026-06-29T00:00:00-06:00,,1,,false,ACTUAL,,,VALID,CURRENT,coolit-synthetic-v2.0.0,ALL_SYNTHETIC_CUSTOMERS,ALL_SYNTHETIC_PROGRAMS,ALL_SYNTHETIC_PRODUCTS,SYNTHETIC_INTERNAL,SNP-COOLIT-20260925-BL,SCN-BASELINE,RCAL-LINE-CDU-01-2026-H14,LINE-CDU-01,2026-H14,4800,4200,0,0,CDU_ASSEMBLY,,HISTORICAL_ACTUAL
TEN-COOLIT-SYN-001,SITE-COOLIT-SYN-01,MES,RESOURCE_CALENDAR,RCAL-LINE-CDU-01-2026-H15,RCAL-LINE-CDU-01-2026-H15,RESOLVED,2026-09-25T23:59:59-06:00,2026-09-26T08:00:00-06:00,2026-06-29T00:00:00-06:00,,1,,false,ACTUAL,,,VALID,CURRENT,coolit-synthetic-v2.0.0,ALL_SYNTHETIC_CUSTOMERS,ALL_SYNTHETIC_PROGRAMS,ALL_SYNTHETIC_PRODUCTS,SYNTHETIC_INTERNAL,SNP-COOLIT-20260925-BL,SCN-BASELINE,RCAL-LINE-CDU-01-2026-H15,LINE-CDU-01,2026-H15,4800,4200,0,0,CDU_ASSEMBLY,,HISTORICAL_ACTUAL
TEN-COOLIT-SYN-001,SITE-COOLIT-SYN-01,MES,RESOURCE_CALENDAR,RCAL-LINE-CDU-01-2026-H16,RCAL-LINE-CDU-01-2026-H16,RESOLVED,2026-09-25T23:59:59-06:00,2026-09-26T08:00:00-06:00,2026-06-29T00:00:00-06:00,,1,,false,ACTUAL,,,VALID,CURRENT,coolit-synthetic-v2.0.0,ALL_SYNTHETIC_CUSTOMERS,ALL_SYNTHETIC_PROGRAMS,ALL_SYNTHETIC_PRODUCTS,SYNTHETIC_INTERNAL,SNP-COOLIT-20260925-BL,SCN-BASELINE,RCAL-LINE-CDU-01-2026-H16,LINE-CDU-01,2026-H16,4800,4200,0,0,CDU_ASSEMBLY,,HISTORICAL_ACTUAL
TEN-COOLIT-SYN-001,SITE-COOLIT-SYN-01,MES,RESOURCE_CALENDAR,RCAL-LINE-CDU-01-2026-H17,RCAL-LINE-CDU-01-2026-H17,RESOLVED,2026-09-25T23:59:59-06:00,2026-09-26T08:00:00-06:00,2026-06-29T00:00:00-06:00,,1,,false,ACTUAL,,,VALID,CURRENT,coolit-synthetic-v2.0.0,ALL_SYNTHETIC_CUSTOMERS,ALL_SYNTHETIC_PROGRAMS,ALL_SYNTHETIC_PRODUCTS,SYNTHETIC_INTERNAL,SNP-COOLIT-20260925-BL,SCN-BASELINE,RCAL-LINE-CDU-01-2026-H17,LINE-CDU-01,2026-H17,4800,4200,0,240,CDU_ASSEMBLY,PLANNED_MAINTENANCE,HISTORICAL_ACTUAL
TEN-COOLIT-SYN-001,SITE-COOLIT-SYN-01,MES,RESOURCE_CALENDAR,RCAL-LINE-CDU-01-2026-H18,RCAL-LINE-CDU-01-2026-H18,RESOLVED,2026-09-25T23:59:59-06:00,2026-09-26T08:00:00-06:00,2026-06-29T00:00:00-06:00,,1,,false,ACTUAL,,,VALID,CURRENT,coolit-synthetic-v2.0.0,ALL_SYNTHETIC_CUSTOMERS,ALL_SYNTHETIC_PROGRAMS,ALL_SYNTHETIC_PRODUCTS,SYNTHETIC_INTERNAL,SNP-COOLIT-20260925-BL,SCN-BASELINE,RCAL-LINE-CDU-01-2026-H18,LINE-CDU-01,2026-H18,4800,4200,0,0,CDU_ASSEMBLY,,HISTORICAL_ACTUAL
TEN-COOLIT-SYN-001,SITE-COOLIT-SYN-01,MES,RESOURCE_CALENDAR,RCAL-LINE-CDU-01-2026-H19,RCAL-LINE-CDU-01-2026-H19,RESOLVED,2026-09-25T23:59:59-06:00,2026-09-26T08:00:00-06:00,2026-06-29T00:00:00-06:00,,1,,false,ACTUAL,,,VALID,CURRENT,coolit-synthetic-v2.0.0,ALL_SYNTHETIC_CUSTOMERS,ALL_SYNTHETIC_PROGRAMS,ALL_SYNTHETIC_PRODUCTS,SYNTHETIC_INTERNAL,SNP-COOLIT-20260925-BL,SCN-BASELINE,RCAL-LINE-CDU-01-2026-H19,LINE-CDU-01,2026-H19,4800,4200,0,0,CDU_ASSEMBLY,,HISTORICAL_ACTUAL
TEN-COOLIT-SYN-001,SITE-COOLIT-SYN-01,MES,RESOURCE_CALENDAR,RCAL-LINE-CDU-01-2026-H20,RCAL-LINE-CDU-01-2026-H20,RESOLVED,2026-09-25T23:59:59-06:00,2026-09-26T08:00:00-06:00,2026-06-29T00:00:00-06:00,,1,,false,ACTUAL,,,VALID,CURRENT,coolit-synthetic-v2.0.0,ALL_SYNTHETIC_CUSTOMERS,ALL_SYNTHETIC_PROGRAMS,ALL_SYNTHETIC_PRODUCTS,SYNTHETIC_INTERNAL,SNP-COOLIT-20260925-BL,SCN-BASELINE,RCAL-LINE-CDU-01-2026-H20,LINE-CDU-01,2026-H20,4800,4200,0,0,CDU_ASSEMBLY,,HISTORICAL_ACTUAL
TEN-COOLIT-SYN-001,SITE-COOLIT-SYN-01,MES,RESOURCE_CALENDAR,RCAL-LINE-CDU-01-2026-H21,RCAL-LINE-CDU-01-2026-H21,RESOLVED,2026-09-25T23:59:59-06:00,2026-09-26T08:00:00-06:00,2026-06-29T00:00:00-06:00,,1,,false,ACTUAL,,,VALID,CURRENT,coolit-synthetic-v2.0.0,ALL_SYNTHETIC_CUSTOMERS,ALL_SYNTHETIC_PROGRAMS,ALL_SYNTHETIC_PRODUCTS,SYNTHETIC_INTERNAL,SNP-COOLIT-20260925-BL,SCN-BASELINE,RCAL-LINE-CDU-01-2026-H21,LINE-CDU-01,2026-H21,4800,4200,0,0,CDU_ASSEMBLY,,HISTORICAL_ACTUAL
TEN-COOLIT-SYN-001,SITE-COOLIT-SYN-01,MES,RESOURCE_CALENDAR,RCAL-LINE-CDU-01-2026-H22,RCAL-LINE-CDU-01-2026-H22,RESOLVED,2026-09-25T23:59:59-06:00,2026-09-26T08:00:00-06:00,2026-06-29T00:00:00-06:00,,1,,false,ACTUAL,,,VALID,CURRENT,coolit-synthetic-v2.0.0,ALL_SYNTHETIC_CUSTOMERS,ALL_SYNTHETIC_PROGRAMS,ALL_SYNTHETIC_PRODUCTS,SYNTHETIC_INTERNAL,SNP-COOLIT-20260925-BL,SCN-BASELINE,RCAL-LINE-CDU-01-2026-H22,LINE-CDU-01,2026-H22,4800,4200,0,0,CDU_ASSEMBLY,,HISTORICAL_ACTUAL
TEN-COOLIT-SYN-001,SITE-COOLIT-SYN-01,MES,RESOURCE_CALENDAR,RCAL-LINE-CDU-01-2026-H23,RCAL-LINE-CDU-01-2026-H23,RESOLVED,2026-09-25T23:59:59-06:00,2026-09-26T08:00:00-06:00,2026-06-29T00:00:00-06:00,,1,,false,ACTUAL,,,VALID,CURRENT,coolit-synthetic-v2.0.0,ALL_SYNTHETIC_CUSTOMERS,ALL_SYNTHETIC_PROGRAMS,ALL_SYNTHETIC_PRODUCTS,SYNTHETIC_INTERNAL,SNP-COOLIT-20260925-BL,SCN-BASELINE,RCAL-LINE-CDU-01-2026-H23,LINE-CDU-01,2026-H23,4800,4200,0,0,CDU_ASSEMBLY,,HISTORICAL_ACTUAL
TEN-COOLIT-SYN-001,SITE-COOLIT-SYN-01,MES,RESOURCE_CALENDAR,RCAL-LINE-CDU-01-2026-H24,RCAL-LINE-CDU-01-2026-H24,RESOLVED,2026-09-25T23:59:59-06:00,2026-09-26T08:00:00-06:00,2026-06-29T00:00:00-06:00,,1,,false,ACTUAL,,,VALID,CURRENT,coolit-synthetic-v2.0.0,ALL_SYNTHETIC_CUSTOMERS,ALL_SYNTHETIC_PROGRAMS,ALL_SYNTHETIC_PRODUCTS,SYNTHETIC_INTERNAL,SNP-COOLIT-20260925-BL,SCN-BASELINE,RCAL-LINE-CDU-01-2026-H24,LINE-CDU-01,2026-H24,4800,4200,0,0,CDU_ASSEMBLY,,HISTORICAL_ACTUAL
TEN-COOLIT-SYN-001,SITE-COOLIT-SYN-01,MES,RESOURCE_CALENDAR,RCAL-LINE-CDU-01-2026-H25,RCAL-LINE-CDU-01-2026-H25,RESOLVED,2026-09-25T23:59:59-06:00,2026-09-26T08:00:00-06:00,2026-06-29T00:00:00-06:00,,1,,false,ACTUAL,,,VALID,CURRENT,coolit-synthetic-v2.0.0,ALL_SYNTHETIC_CUSTOMERS,ALL_SYNTHETIC_PROGRAMS,ALL_SYNTHETIC_PRODUCTS,SYNTHETIC_INTERNAL,SNP-COOLIT-20260925-BL,SCN-BASELINE,RCAL-LINE-CDU-01-2026-H25,LINE-CDU-01,2026-H25,4800,4200,0,240,CDU_ASSEMBLY,PLANNED_MAINTENANCE,HISTORICAL_ACTUAL
TEN-COOLIT-SYN-001,SITE-COOLIT-SYN-01,MES,RESOURCE_CALENDAR,RCAL-LINE-CDU-01-2026-H26,RCAL-LINE-CDU-01-2026-H26,RESOLVED,2026-09-25T23:59:59-06:00,2026-09-26T08:00:00-06:00,2026-06-29T00:00:00-06:00,,1,,false,ACTUAL,,,VALID,CURRENT,coolit-synthetic-v2.0.0,ALL_SYNTHETIC_CUSTOMERS,ALL_SYNTHETIC_PROGRAMS,ALL_SYNTHETIC_PRODUCTS,SYNTHETIC_INTERNAL,SNP-COOLIT-20260925-BL,SCN-BASELINE,RCAL-LINE-CDU-01-2026-H26,LINE-CDU-01,2026-H26,4800,4200,0,0,CDU_ASSEMBLY,,HISTORICAL_ACTUAL
TEN-COOLIT-SYN-001,SITE-COOLIT-SYN-01,MES,RESOURCE_CALENDAR,RCAL-LINE-CDU-01-2026-H27,RCAL-LINE-CDU-01-2026-H27,RESOLVED,2026-09-25T23:59:59-06:00,2026-09-26T08:00:00-06:00,2026-06-29T00:00:00-06:00,,1,,false,ACTUAL,,,VALID,CURRENT,coolit-synthetic-v2.0.0,ALL_SYNTHETIC_CUSTOMERS,ALL_SYNTHETIC_PROGRAMS,ALL_SYNTHETIC_PRODUCTS,SYNTHETIC_INTERNAL,SNP-COOLIT-20260925-BL,SCN-BASELINE,RCAL-LINE-CDU-01-2026-H27,LINE-CDU-01,2026-H27,4800,4200,0,0,CDU_ASSEMBLY,,HISTORICAL_ACTUAL
TEN-COOLIT-SYN-001,SITE-COOLIT-SYN-01,MES,RESOURCE_CALENDAR,RCAL-LINE-CDU-01-2026-H28,RCAL-LINE-CDU-01-2026-H28,RESOLVED,2026-09-25T23:59:59-06:00,2026-09-26T08:00:00-06:00,2026-06-29T00:00:00-06:00,,1,,false,ACTUAL,,,VALID,CURRENT,coolit-synthetic-v2.0.0,ALL_SYNTHETIC_CUSTOMERS,ALL_SYNTHETIC_PROGRAMS,ALL_SYNTHETIC_PRODUCTS,SYNTHETIC_INTERNAL,SNP-COOLIT-20260925-BL,SCN-BASELINE,RCAL-LINE-CDU-01-2026-H28,LINE-CDU-01,2026-H28,4800,4200,0,0,CDU_ASSEMBLY,,HISTORICAL_ACTUAL
TEN-COOLIT-SYN-001,SITE-COOLIT-SYN-01,MES,RESOURCE_CALENDAR,RCAL-LINE-CDU-01-2026-H29,RCAL-LINE-CDU-01-2026-H29,RESOLVED,2026-09-25T23:59:59-06:00,2026-09-26T08:00:00-06:00,2026-06-29T00:00:00-06:00,,1,,false,ACTUAL,,,VALID,CURRENT,coolit-synthetic-v2.0.0,ALL_SYNTHETIC_CUSTOMERS,ALL_SYNTHETIC_PROGRAMS,ALL_SYNTHETIC_PRODUCTS,SYNTHETIC_INTERNAL,SNP-COOLIT-20260925-BL,SCN-BASELINE,RCAL-LINE-CDU-01-2026-H29,LINE-CDU-01,2026-H29,4800,4200,0,0,CDU_ASSEMBLY,,HISTORICAL_ACTUAL
TEN-COOLIT-SYN-001,SITE-COOLIT-SYN-01,MES,RESOURCE_CALENDAR,RCAL-LINE-CDU-01-2026-H30,RCAL-LINE-CDU-01-2026-H30,RESOLVED,2026-09-25T23:59:59-06:00,2026-09-26T08:00:00-06:00,2026-06-29T00:00:00-06:00,,1,,false,ACTUAL,,,VALID,CURRENT,coolit-synthetic-v2.0.0,ALL_SYNTHETIC_CUSTOMERS,ALL_SYNTHETIC_PROGRAMS,ALL_SYNTHETIC_PRODUCTS,SYNTHETIC_INTERNAL,SNP-COOLIT-20260925-BL,SCN-BASELINE,RCAL-LINE-CDU-01-2026-H30,LINE-CDU-01,2026-H30,4800,4200,0,0,CDU_ASSEMBLY,,HISTORICAL_ACTUAL
TEN-COOLIT-SYN-001,SITE-COOLIT-SYN-01,MES,RESOURCE_CALENDAR,RCAL-LINE-CDU-01-2026-H31,RCAL-LINE-CDU-01-2026-H31,RESOLVED,2026-09-25T23:59:59-06:00,2026-09-26T08:00:00-06:00,2026-06-29T00:00:00-06:00,,1,,false,ACTUAL,,,VALID,CURRENT,coolit-synthetic-v2.0.0,ALL_SYNTHETIC_CUSTOMERS,ALL_SYNTHETIC_PROGRAMS,ALL_SYNTHETIC_PRODUCTS,SYNTHETIC_INTERNAL,SNP-COOLIT-20260925-BL,SCN-BASELINE,RCAL-LINE-CDU-01-2026-H31,LINE-CDU-01,2026-H31,4800,4200,0,0,CDU_ASSEMBLY,,HISTORICAL_ACTUAL
TEN-COOLIT-SYN-001,SITE-COOLIT-SYN-01,MES,RESOURCE_CALENDAR,RCAL-LINE-CDU-01-2026-H32,RCAL-LINE-CDU-01-2026-H32,RESOLVED,2026-09-25T23:59:59-06:00,2026-09-26T08:00:00-06:00,2026-06-29T00:00:00-06:00,,1,,false,ACTUAL,,,VALID,CURRENT,coolit-synthetic-v2.0.0,ALL_SYNTHETIC_CUSTOMERS,ALL_SYNTHETIC_PROGRAMS,ALL_SYNTHETIC_PRODUCTS,SYNTHETIC_INTERNAL,SNP-COOLIT-20260925-BL,SCN-BASELINE,RCAL-LINE-CDU-01-2026-H32,LINE-CDU-01,2026-H32,4800,4200,0,0,CDU_ASSEMBLY,,HISTORICAL_ACTUAL
TEN-COOLIT-SYN-001,SITE-COOLIT-SYN-01,MES,RESOURCE_CALENDAR,RCAL-LINE-CDU-01-2026-H33,RCAL-LINE-CDU-01-2026-H33,RESOLVED,2026-09-25T23:59:59-06:00,2026-09-26T08:00:00-06:00,2026-06-29T00:00:00-06:00,,1,,false,ACTUAL,,,VALID,CURRENT,coolit-synthetic-v2.0.0,ALL_SYNTHETIC_CUSTOMERS,ALL_SYNTHETIC_PROGRAMS,ALL_SYNTHETIC_PRODUCTS,SYNTHETIC_INTERNAL,SNP-COOLIT-20260925-BL,SCN-BASELINE,RCAL-LINE-CDU-01-2026-H33,LINE-CDU-01,2026-H33,4800,4200,0,240,CDU_ASSEMBLY,PLANNED_MAINTENANCE,HISTORICAL_ACTUAL
TEN-COOLIT-SYN-001,SITE-COOLIT-SYN-01,MES,RESOURCE_CALENDAR,RCAL-LINE-CDU-01-2026-H34,RCAL-LINE-CDU-01-2026-H34,RESOLVED,2026-09-25T23:59:59-06:00,2026-09-26T08:00:00-06:00,2026-06-29T00:00:00-06:00,,1,,false,ACTUAL,,,VALID,CURRENT,coolit-synthetic-v2.0.0,ALL_SYNTHETIC_CUSTOMERS,ALL_SYNTHETIC_PROGRAMS,ALL_SYNTHETIC_PRODUCTS,SYNTHETIC_INTERNAL,SNP-COOLIT-20260925-BL,SCN-BASELINE,RCAL-LINE-CDU-01-2026-H34,LINE-CDU-01,2026-H34,4800,4200,0,0,CDU_ASSEMBLY,,HISTORICAL_ACTUAL
TEN-COOLIT-SYN-001,SITE-COOLIT-SYN-01,MES,RESOURCE_CALENDAR,RCAL-LINE-CDU-01-2026-H35,RCAL-LINE-CDU-01-2026-H35,RESOLVED,2026-09-25T23:59:59-06:00,2026-09-26T08:00:00-06:00,2026-06-29T00:00:00-06:00,,1,,false,ACTUAL,,,VALID,CURRENT,coolit-synthetic-v2.0.0,ALL_SYNTHETIC_CUSTOMERS,ALL_SYNTHETIC_PROGRAMS,ALL_SYNTHETIC_PRODUCTS,SYNTHETIC_INTERNAL,SNP-COOLIT-20260925-BL,SCN-BASELINE,RCAL-LINE-CDU-01-2026-H35,LINE-CDU-01,2026-H35,4800,4200,0,0,CDU_ASSEMBLY,,HISTORICAL_ACTUAL
TEN-COOLIT-SYN-001,SITE-COOLIT-SYN-01,MES,RESOURCE_CALENDAR,RCAL-LINE-CDU-01-2026-H36,RCAL-LINE-CDU-01-2026-H36,RESOLVED,2026-09-25T23:59:59-06:00,2026-09-26T08:00:00-06:00,2026-06-29T00:00:00-06:00,,1,,false,ACTUAL,,,VALID,CURRENT,coolit-synthetic-v2.0.0,ALL_SYNTHETIC_CUSTOMERS,ALL_SYNTHETIC_PROGRAMS,ALL_SYNTHETIC_PRODUCTS,SYNTHETIC_INTERNAL,SNP-COOLIT-20260925-BL,SCN-BASELINE,RCAL-LINE-CDU-01-2026-H36,LINE-CDU-01,2026-H36,4800,4200,0,0,CDU_ASSEMBLY,,HISTORICAL_ACTUAL
TEN-COOLIT-SYN-001,SITE-COOLIT-SYN-01,MES,RESOURCE_CALENDAR,RCAL-LINE-CDU-01-2026-H37,RCAL-LINE-CDU-01-2026-H37,RESOLVED,2026-09-25T23:59:59-06:00,2026-09-26T08:00:00-06:00,2026-06-29T00:00:00-06:00,,1,,false,ACTUAL,,,VALID,CURRENT,coolit-synthetic-v2.0.0,ALL_SYNTHETIC_CUSTOMERS,ALL_SYNTHETIC_PROGRAMS,ALL_SYNTHETIC_PRODUCTS,SYNTHETIC_INTERNAL,SNP-COOLIT-20260925-BL,SCN-BASELINE,RCAL-LINE-CDU-01-2026-H37,LINE-CDU-01,2026-H37,4800,4200,0,0,CDU_ASSEMBLY,,HISTORICAL_ACTUAL
TEN-COOLIT-SYN-001,SITE-COOLIT-SYN-01,MES,RESOURCE_CALENDAR,RCAL-LINE-CDU-01-2026-H38,RCAL-LINE-CDU-01-2026-H38,RESOLVED,2026-09-25T23:59:59-06:00,2026-09-26T08:00:00-06:00,2026-06-29T00:00:00-06:00,,1,,false,ACTUAL,,,VALID,CURRENT,coolit-synthetic-v2.0.0,ALL_SYNTHETIC_CUSTOMERS,ALL_SYNTHETIC_PROGRAMS,ALL_SYNTHETIC_PRODUCTS,SYNTHETIC_INTERNAL,SNP-COOLIT-20260925-BL,SCN-BASELINE,RCAL-LINE-CDU-01-2026-H38,LINE-CDU-01,2026-H38,4800,4200,0,0,CDU_ASSEMBLY,,HISTORICAL_ACTUAL
TEN-COOLIT-SYN-001,SITE-COOLIT-SYN-01,MES,RESOURCE_CALENDAR,RCAL-LINE-CDU-01-2026-H39,RCAL-LINE-CDU-01-2026-H39,RESOLVED,2026-09-25T23:59:59-06:00,2026-09-26T08:00:00-06:00,2026-06-29T00:00:00-06:00,,1,,false,ACTUAL,,,VALID,CURRENT,coolit-synthetic-v2.0.0,ALL_SYNTHETIC_CUSTOMERS,ALL_SYNTHETIC_PROGRAMS,ALL_SYNTHETIC_PRODUCTS,SYNTHETIC_INTERNAL,SNP-COOLIT-20260925-BL,SCN-BASELINE,RCAL-LINE-CDU-01-2026-H39,LINE-CDU-01,2026-H39,4800,4200,0,0,CDU_ASSEMBLY,,HISTORICAL_ACTUAL
TEN-COOLIT-SYN-001,SITE-COOLIT-SYN-01,MES,RESOURCE_CALENDAR,RCAL-LINE-CDU-01-2026-H40,RCAL-LINE-CDU-01-2026-H40,RESOLVED,2026-09-25T23:59:59-06:00,2026-09-26T08:00:00-06:00,2026-06-29T00:00:00-06:00,,1,,false,ACTUAL,,,VALID,CURRENT,coolit-synthetic-v2.0.0,ALL_SYNTHETIC_CUSTOMERS,ALL_SYNTHETIC_PROGRAMS,ALL_SYNTHETIC_PRODUCTS,SYNTHETIC_INTERNAL,SNP-COOLIT-20260925-BL,SCN-BASELINE,RCAL-LINE-CDU-01-2026-H40,LINE-CDU-01,2026-H40,4800,4200,0,0,CDU_ASSEMBLY,,HISTORICAL_ACTUAL
TEN-COOLIT-SYN-001,SITE-COOLIT-SYN-01,MES,RESOURCE_CALENDAR,RCAL-LINE-CDU-01-2026-H41,RCAL-LINE-CDU-01-2026-H41,RESOLVED,2026-09-25T23:59:59-06:00,2026-09-26T08:00:00-06:00,2026-06-29T00:00:00-06:00,,1,,false,ACTUAL,,,VALID,CURRENT,coolit-synthetic-v2.0.0,ALL_SYNTHETIC_CUSTOMERS,ALL_SYNTHETIC_PROGRAMS,ALL_SYNTHETIC_PRODUCTS,SYNTHETIC_INTERNAL,SNP-COOLIT-20260925-BL,SCN-BASELINE,RCAL-LINE-CDU-01-2026-H41,LINE-CDU-01,2026-H41,4800,4200,0,240,CDU_ASSEMBLY,PLANNED_MAINTENANCE,HISTORICAL_ACTUAL
TEN-COOLIT-SYN-001,SITE-COOLIT-SYN-01,MES,RESOURCE_CALENDAR,RCAL-LINE-CDU-01-2026-H42,RCAL-LINE-CDU-01-2026-H42,RESOLVED,2026-09-25T23:59:59-06:00,2026-09-26T08:00:00-06:00,2026-06-29T00:00:00-06:00,,1,,false,ACTUAL,,,VALID,CURRENT,coolit-synthetic-v2.0.0,ALL_SYNTHETIC_CUSTOMERS,ALL_SYNTHETIC_PROGRAMS,ALL_SYNTHETIC_PRODUCTS,SYNTHETIC_INTERNAL,SNP-COOLIT-20260925-BL,SCN-BASELINE,RCAL-LINE-CDU-01-2026-H42,LINE-CDU-01,2026-H42,4800,4200,0,0,CDU_ASSEMBLY,,HISTORICAL_ACTUAL
TEN-COOLIT-SYN-001,SITE-COOLIT-SYN-01,MES,RESOURCE_CALENDAR,RCAL-LINE-CDU-01-2026-H43,RCAL-LINE-CDU-01-2026-H43,RESOLVED,2026-09-25T23:59:59-06:00,2026-09-26T08:00:00-06:00,2026-06-29T00:00:00-06:00,,1,,false,ACTUAL,,,VALID,CURRENT,coolit-synthetic-v2.0.0,ALL_SYNTHETIC_CUSTOMERS,ALL_SYNTHETIC_PROGRAMS,ALL_SYNTHETIC_PRODUCTS,SYNTHETIC_INTERNAL,SNP-COOLIT-20260925-BL,SCN-BASELINE,RCAL-LINE-CDU-01-2026-H43,LINE-CDU-01,2026-H43,4800,4200,0,0,CDU_ASSEMBLY,,HISTORICAL_ACTUAL
TEN-COOLIT-SYN-001,SITE-COOLIT-SYN-01,MES,RESOURCE_CALENDAR,RCAL-LINE-CDU-01-2026-H44,RCAL-LINE-CDU-01-2026-H44,RESOLVED,2026-09-25T23:59:59-06:00,2026-09-26T08:00:00-06:00,2026-06-29T00:00:00-06:00,,1,,false,ACTUAL,,,VALID,CURRENT,coolit-synthetic-v2.0.0,ALL_SYNTHETIC_CUSTOMERS,ALL_SYNTHETIC_PROGRAMS,ALL_SYNTHETIC_PRODUCTS,SYNTHETIC_INTERNAL,SNP-COOLIT-20260925-BL,SCN-BASELINE,RCAL-LINE-CDU-01-2026-H44,LINE-CDU-01,2026-H44,4800,4200,0,0,CDU_ASSEMBLY,,HISTORICAL_ACTUAL
TEN-COOLIT-SYN-001,SITE-COOLIT-SYN-01,MES,RESOURCE_CALENDAR,RCAL-LINE-CDU-01-2026-H45,RCAL-LINE-CDU-01-2026-H45,RESOLVED,2026-09-25T23:59:59-06:00,2026-09-26T08:00:00-06:00,2026-06-29T00:00:00-06:00,,1,,false,ACTUAL,,,VALID,CURRENT,coolit-synthetic-v2.0.0,ALL_SYNTHETIC_CUSTOMERS,ALL_SYNTHETIC_PROGRAMS,ALL_SYNTHETIC_PRODUCTS,SYNTHETIC_INTERNAL,SNP-COOLIT-20260925-BL,SCN-BASELINE,RCAL-LINE-CDU-01-2026-H45,LINE-CDU-01,2026-H45,4800,4200,0,0,CDU_ASSEMBLY,,HISTORICAL_ACTUAL
TEN-COOLIT-SYN-001,SITE-COOLIT-SYN-01,MES,RESOURCE_CALENDAR,RCAL-LINE-CDU-01-2026-H46,RCAL-LINE-CDU-01-2026-H46,RESOLVED,2026-09-25T23:59:59-06:00,2026-09-26T08:00:00-06:00,2026-06-29T00:00:00-06:00,,1,,false,ACTUAL,,,VALID,CURRENT,coolit-synthetic-v2.0.0,ALL_SYNTHETIC_CUSTOMERS,ALL_SYNTHETIC_PROGRAMS,ALL_SYNTHETIC_PRODUCTS,SYNTHETIC_INTERNAL,SNP-COOLIT-20260925-BL,SCN-BASELINE,RCAL-LINE-CDU-01-2026-H46,LINE-CDU-01,2026-H46,4800,4200,0,0,CDU_ASSEMBLY,,HISTORICAL_ACTUAL
TEN-COOLIT-SYN-001,SITE-COOLIT-SYN-01,MES,RESOURCE_CALENDAR,RCAL-LINE-CDU-01-2026-H47,RCAL-LINE-CDU-01-2026-H47,RESOLVED,2026-09-25T23:59:59-06:00,2026-09-26T08:00:00-06:00,2026-06-29T00:00:00-06:00,,1,,false,ACTUAL,,,VALID,CURRENT,coolit-synthetic-v2.0.0,ALL_SYNTHETIC_CUSTOMERS,ALL_SYNTHETIC_PROGRAMS,ALL_SYNTHETIC_PRODUCTS,SYNTHETIC_INTERNAL,SNP-COOLIT-20260925-BL,SCN-BASELINE,RCAL-LINE-CDU-01-2026-H47,LINE-CDU-01,2026-H47,4800,4200,0,0,CDU_ASSEMBLY,,HISTORICAL_ACTUAL
TEN-COOLIT-SYN-001,SITE-COOLIT-SYN-01,MES,RESOURCE_CALENDAR,RCAL-LINE-CDU-01-2026-H48,RCAL-LINE-CDU-01-2026-H48,RESOLVED,2026-09-25T23:59:59-06:00,2026-09-26T08:00:00-06:00,2026-06-29T00:00:00-06:00,,1,,false,ACTUAL,,,VALID,CURRENT,coolit-synthetic-v2.0.0,ALL_SYNTHETIC_CUSTOMERS,ALL_SYNTHETIC_PROGRAMS,ALL_SYNTHETIC_PRODUCTS,SYNTHETIC_INTERNAL,SNP-COOLIT-20260925-BL,SCN-BASELINE,RCAL-LINE-CDU-01-2026-H48,LINE-CDU-01,2026-H48,4800,4200,0,0,CDU_ASSEMBLY,,HISTORICAL_ACTUAL
TEN-COOLIT-SYN-001,SITE-COOLIT-SYN-01,MES,RESOURCE_CALENDAR,RCAL-LINE-CDU-01-2026-H49,RCAL-LINE-CDU-01-2026-H49,RESOLVED,2026-09-25T23:59:59-06:00,2026-09-26T08:00:00-06:00,2026-06-29T00:00:00-06:00,,1,,false,ACTUAL,,,VALID,CURRENT,coolit-synthetic-v2.0.0,ALL_SYNTHETIC_CUSTOMERS,ALL_SYNTHETIC_PROGRAMS,ALL_SYNTHETIC_PRODUCTS,SYNTHETIC_INTERNAL,SNP-COOLIT-20260925-BL,SCN-BASELINE,RCAL-LINE-CDU-01-2026-H49,LINE-CDU-01,2026-H49,4800,4200,0,240,CDU_ASSEMBLY,PLANNED_MAINTENANCE,HISTORICAL_ACTUAL
TEN-COOLIT-SYN-001,SITE-COOLIT-SYN-01,MES,RESOURCE_CALENDAR,RCAL-LINE-CDU-01-2026-H50,RCAL-LINE-CDU-01-2026-H50,RESOLVED,2026-09-25T23:59:59-06:00,2026-09-26T08:00:00-06:00,2026-06-29T00:00:00-06:00,,1,,false,ACTUAL,,,VALID,CURRENT,coolit-synthetic-v2.0.0,ALL_SYNTHETIC_CUSTOMERS,ALL_SYNTHETIC_PROGRAMS,ALL_SYNTHETIC_PRODUCTS,SYNTHETIC_INTERNAL,SNP-COOLIT-20260925-BL,SCN-BASELINE,RCAL-LINE-CDU-01-2026-H50,LINE-CDU-01,2026-H50,4800,4200,0,0,CDU_ASSEMBLY,,HISTORICAL_ACTUAL
TEN-COOLIT-SYN-001,SITE-COOLIT-SYN-01,MES,RESOURCE_CALENDAR,RCAL-LINE-CDU-01-2026-H51,RCAL-LINE-CDU-01-2026-H51,RESOLVED,2026-09-25T23:59:59-06:00,2026-09-26T08:00:00-06:00,2026-06-29T00:00:00-06:00,,1,,false,ACTUAL,,,VALID,CURRENT,coolit-synthetic-v2.0.0,ALL_SYNTHETIC_CUSTOMERS,ALL_SYNTHETIC_PROGRAMS,ALL_SYNTHETIC_PRODUCTS,SYNTHETIC_INTERNAL,SNP-COOLIT-20260925-BL,SCN-BASELINE,RCAL-LINE-CDU-01-2026-H51,LINE-CDU-01,2026-H51,4800,4200,0,0,CDU_ASSEMBLY,,HISTORICAL_ACTUAL
TEN-COOLIT-SYN-001,SITE-COOLIT-SYN-01,MES,RESOURCE_CALENDAR,RCAL-LINE-CDU-01-2026-H52,RCAL-LINE-CDU-01-2026-H52,RESOLVED,2026-09-25T23:59:59-06:00,2026-09-26T08:00:00-06:00,2026-06-29T00:00:00-06:00,,1,,false,ACTUAL,,,VALID,CURRENT,coolit-synthetic-v2.0.0,ALL_SYNTHETIC_CUSTOMERS,ALL_SYNTHETIC_PROGRAMS,ALL_SYNTHETIC_PRODUCTS,SYNTHETIC_INTERNAL,SNP-COOLIT-20260925-BL,SCN-BASELINE,RCAL-LINE-CDU-01-2026-H52,LINE-CDU-01,2026-H52,4800,4200,0,0,CDU_ASSEMBLY,,HISTORICAL_ACTUAL
TEN-COOLIT-SYN-001,SITE-COOLIT-SYN-01,MES,RESOURCE_CALENDAR,RCAL-LINE-CDU-01-2026-H53,RCAL-LINE-CDU-01-2026-H53,RESOLVED,2026-09-25T23:59:59-06:00,2026-09-26T08:00:00-06:00,2026-06-29T00:00:00-06:00,,1,,false,ACTUAL,,,VALID,CURRENT,coolit-synthetic-v2.0.0,ALL_SYNTHETIC_CUSTOMERS,ALL_SYNTHETIC_PROGRAMS,ALL_SYNTHETIC_PRODUCTS,SYNTHETIC_INTERNAL,SNP-COOLIT-20260925-BL,SCN-BASELINE,RCAL-LINE-CDU-01-2026-H53,LINE-CDU-01,2026-H53,4800,4200,0,0,CDU_ASSEMBLY,,HISTORICAL_ACTUAL
TEN-COOLIT-SYN-001,SITE-COOLIT-SYN-01,MES,RESOURCE_CALENDAR,RCAL-LINE-CDU-01-2026-H54,RCAL-LINE-CDU-01-2026-H54,RESOLVED,2026-09-25T23:59:59-06:00,2026-09-26T08:00:00-06:00,2026-06-29T00:00:00-06:00,,1,,false,ACTUAL,,,VALID,CURRENT,coolit-synthetic-v2.0.0,ALL_SYNTHETIC_CUSTOMERS,ALL_SYNTHETIC_PROGRAMS,ALL_SYNTHETIC_PRODUCTS,SYNTHETIC_INTERNAL,SNP-COOLIT-20260925-BL,SCN-BASELINE,RCAL-LINE-CDU-01-2026-H54,LINE-CDU-01,2026-H54,4800,4200,0,0,CDU_ASSEMBLY,,HISTORICAL_ACTUAL
TEN-COOLIT-SYN-001,SITE-COOLIT-SYN-01,MES,RESOURCE_CALENDAR,RCAL-LINE-CDU-01-2026-H55,RCAL-LINE-CDU-01-2026-H55,RESOLVED,2026-09-25T23:59:59-06:00,2026-09-26T08:00:00-06:00,2026-06-29T00:00:00-06:00,,1,,false,ACTUAL,,,VALID,CURRENT,coolit-synthetic-v2.0.0,ALL_SYNTHETIC_CUSTOMERS,ALL_SYNTHETIC_PROGRAMS,ALL_SYNTHETIC_PRODUCTS,SYNTHETIC_INTERNAL,SNP-COOLIT-20260925-BL,SCN-BASELINE,RCAL-LINE-CDU-01-2026-H55,LINE-CDU-01,2026-H55,4800,4200,0,0,CDU_ASSEMBLY,,HISTORICAL_ACTUAL
TEN-COOLIT-SYN-001,SITE-COOLIT-SYN-01,MES,RESOURCE_CALENDAR,RCAL-LINE-CDU-01-2026-H56,RCAL-LINE-CDU-01-2026-H56,RESOLVED,2026-09-25T23:59:59-06:00,2026-09-26T08:00:00-06:00,2026-06-29T00:00:00-06:00,,1,,false,ACTUAL,,,VALID,CURRENT,coolit-synthetic-v2.0.0,ALL_SYNTHETIC_CUSTOMERS,ALL_SYNTHETIC_PROGRAMS,ALL_SYNTHETIC_PRODUCTS,SYNTHETIC_INTERNAL,SNP-COOLIT-20260925-BL,SCN-BASELINE,RCAL-LINE-CDU-01-2026-H56,LINE-CDU-01,2026-H56,4800,4200,0,0,CDU_ASSEMBLY,,HISTORICAL_ACTUAL
TEN-COOLIT-SYN-001,SITE-COOLIT-SYN-01,MES,RESOURCE_CALENDAR,RCAL-LINE-CDU-01-2026-H57,RCAL-LINE-CDU-01-2026-H57,RESOLVED,2026-09-25T23:59:59-06:00,2026-09-26T08:00:00-06:00,2026-06-29T00:00:00-06:00,,1,,false,ACTUAL,,,VALID,CURRENT,coolit-synthetic-v2.0.0,ALL_SYNTHETIC_CUSTOMERS,ALL_SYNTHETIC_PROGRAMS,ALL_SYNTHETIC_PRODUCTS,SYNTHETIC_INTERNAL,SNP-COOLIT-20260925-BL,SCN-BASELINE,RCAL-LINE-CDU-01-2026-H57,LINE-CDU-01,2026-H57,4800,4200,0,240,CDU_ASSEMBLY,PLANNED_MAINTENANCE,HISTORICAL_ACTUAL
TEN-COOLIT-SYN-001,SITE-COOLIT-SYN-01,MES,RESOURCE_CALENDAR,RCAL-LINE-CDU-01-2026-H58,RCAL-LINE-CDU-01-2026-H58,RESOLVED,2026-09-25T23:59:59-06:00,2026-09-26T08:00:00-06:00,2026-06-29T00:00:00-06:00,,1,,false,ACTUAL,,,VALID,CURRENT,coolit-synthetic-v2.0.0,ALL_SYNTHETIC_CUSTOMERS,ALL_SYNTHETIC_PROGRAMS,ALL_SYNTHETIC_PRODUCTS,SYNTHETIC_INTERNAL,SNP-COOLIT-20260925-BL,SCN-BASELINE,RCAL-LINE-CDU-01-2026-H58,LINE-CDU-01,2026-H58,4800,4200,0,0,CDU_ASSEMBLY,,HISTORICAL_ACTUAL
TEN-COOLIT-SYN-001,SITE-COOLIT-SYN-01,MES,RESOURCE_CALENDAR,RCAL-LINE-CDU-01-2026-H59,RCAL-LINE-CDU-01-2026-H59,RESOLVED,2026-09-25T23:59:59-06:00,2026-09-26T08:00:00-06:00,2026-06-29T00:00:00-06:00,,1,,false,ACTUAL,,,VALID,CURRENT,coolit-synthetic-v2.0.0,ALL_SYNTHETIC_CUSTOMERS,ALL_SYNTHETIC_PROGRAMS,ALL_SYNTHETIC_PRODUCTS,SYNTHETIC_INTERNAL,SNP-COOLIT-20260925-BL,SCN-BASELINE,RCAL-LINE-CDU-01-2026-H59,LINE-CDU-01,2026-H59,4800,4200,0,0,CDU_ASSEMBLY,,HISTORICAL_ACTUAL
TEN-COOLIT-SYN-001,SITE-COOLIT-SYN-01,MES,RESOURCE_CALENDAR,RCAL-LINE-CDU-01-2026-H60,RCAL-LINE-CDU-01-2026-H60,RESOLVED,2026-09-25T23:59:59-06:00,2026-09-26T08:00:00-06:00,2026-06-29T00:00:00-06:00,,1,,false,ACTUAL,,,VALID,CURRENT,coolit-synthetic-v2.0.0,ALL_SYNTHETIC_CUSTOMERS,ALL_SYNTHETIC_PROGRAMS,ALL_SYNTHETIC_PRODUCTS,SYNTHETIC_INTERNAL,SNP-COOLIT-20260925-BL,SCN-BASELINE,RCAL-LINE-CDU-01-2026-H60,LINE-CDU-01,2026-H60,4800,4200,0,0,CDU_ASSEMBLY,,HISTORICAL_ACTUAL
TEN-COOLIT-SYN-001,SITE-COOLIT-SYN-01,MES,RESOURCE_CALENDAR,RCAL-LINE-CDU-01-2026-H61,RCAL-LINE-CDU-01-2026-H61,RESOLVED,2026-09-25T23:59:59-06:00,2026-09-26T08:00:00-06:00,2026-06-29T00:00:00-06:00,,1,,false,ACTUAL,,,VALID,CURRENT,coolit-synthetic-v2.0.0,ALL_SYNTHETIC_CUSTOMERS,ALL_SYNTHETIC_PROGRAMS,ALL_SYNTHETIC_PRODUCTS,SYNTHETIC_INTERNAL,SNP-COOLIT-20260925-BL,SCN-BASELINE,RCAL-LINE-CDU-01-2026-H61,LINE-CDU-01,2026-H61,4800,4200,0,0,CDU_ASSEMBLY,,HISTORICAL_ACTUAL
TEN-COOLIT-SYN-001,SITE-COOLIT-SYN-01,MES,RESOURCE_CALENDAR,RCAL-LINE-CDU-01-2026-H62,RCAL-LINE-CDU-01-2026-H62,RESOLVED,2026-09-25T23:59:59-06:00,2026-09-26T08:00:00-06:00,2026-06-29T00:00:00-06:00,,1,,false,ACTUAL,,,VALID,CURRENT,coolit-synthetic-v2.0.0,ALL_SYNTHETIC_CUSTOMERS,ALL_SYNTHETIC_PROGRAMS,ALL_SYNTHETIC_PRODUCTS,SYNTHETIC_INTERNAL,SNP-COOLIT-20260925-BL,SCN-BASELINE,RCAL-LINE-CDU-01-2026-H62,LINE-CDU-01,2026-H62,4800,4200,0,0,CDU_ASSEMBLY,,HISTORICAL_ACTUAL
TEN-COOLIT-SYN-001,SITE-COOLIT-SYN-01,MES,RESOURCE_CALENDAR,RCAL-LINE-CDU-01-2026-H63,RCAL-LINE-CDU-01-2026-H63,RESOLVED,2026-09-25T23:59:59-06:00,2026-09-26T08:00:00-06:00,2026-06-29T00:00:00-06:00,,1,,false,ACTUAL,,,VALID,CURRENT,coolit-synthetic-v2.0.0,ALL_SYNTHETIC_CUSTOMERS,ALL_SYNTHETIC_PROGRAMS,ALL_SYNTHETIC_PRODUCTS,SYNTHETIC_INTERNAL,SNP-COOLIT-20260925-BL,SCN-BASELINE,RCAL-LINE-CDU-01-2026-H63,LINE-CDU-01,2026-H63,4800,4200,0,0,CDU_ASSEMBLY,,HISTORICAL_ACTUAL
TEN-COOLIT-SYN-001,SITE-COOLIT-SYN-01,MES,RESOURCE_CALENDAR,RCAL-LINE-CDU-01-2026-H64,RCAL-LINE-CDU-01-2026-H64,RESOLVED,2026-09-25T23:59:59-06:00,2026-09-26T08:00:00-06:00,2026-06-29T00:00:00-06:00,,1,,false,ACTUAL,,,VALID,CURRENT,coolit-synthetic-v2.0.0,ALL_SYNTHETIC_CUSTOMERS,ALL_SYNTHETIC_PROGRAMS,ALL_SYNTHETIC_PRODUCTS,SYNTHETIC_INTERNAL,SNP-COOLIT-20260925-BL,SCN-BASELINE,RCAL-LINE-CDU-01-2026-H64,LINE-CDU-01,2026-H64,4800,4200,0,0,CDU_ASSEMBLY,,HISTORICAL_ACTUAL
TEN-COOLIT-SYN-001,SITE-COOLIT-SYN-01,MES,RESOURCE_CALENDAR,RCAL-LINE-CDU-01-2026-H65,RCAL-LINE-CDU-01-2026-H65,RESOLVED,2026-09-25T23:59:59-06:00,2026-09-26T08:00:00-06:00,2026-06-29T00:00:00-06:00,,1,,false,ACTUAL,,,VALID,CURRENT,coolit-synthetic-v2.0.0,ALL_SYNTHETIC_CUSTOMERS,ALL_SYNTHETIC_PROGRAMS,ALL_SYNTHETIC_PRODUCTS,SYNTHETIC_INTERNAL,SNP-COOLIT-20260925-BL,SCN-BASELINE,RCAL-LINE-CDU-01-2026-H65,LINE-CDU-01,2026-H65,4800,4200,0,240,CDU_ASSEMBLY,PLANNED_MAINTENANCE,HISTORICAL_ACTUAL
TEN-COOLIT-SYN-001,SITE-COOLIT-SYN-01,MES,RESOURCE_CALENDAR,RCAL-LINE-CDU-01-2026-H66,RCAL-LINE-CDU-01-2026-H66,RESOLVED,2026-09-25T23:59:59-06:00,2026-09-26T08:00:00-06:00,2026-06-29T00:00:00-06:00,,1,,false,ACTUAL,,,VALID,CURRENT,coolit-synthetic-v2.0.0,ALL_SYNTHETIC_CUSTOMERS,ALL_SYNTHETIC_PROGRAMS,ALL_SYNTHETIC_PRODUCTS,SYNTHETIC_INTERNAL,SNP-COOLIT-20260925-BL,SCN-BASELINE,RCAL-LINE-CDU-01-2026-H66,LINE-CDU-01,2026-H66,4800,4200,0,0,CDU_ASSEMBLY,,HISTORICAL_ACTUAL
TEN-COOLIT-SYN-001,SITE-COOLIT-SYN-01,MES,RESOURCE_CALENDAR,RCAL-LINE-CDU-01-2026-H67,RCAL-LINE-CDU-01-2026-H67,RESOLVED,2026-09-25T23:59:59-06:00,2026-09-26T08:00:00-06:00,2026-06-29T00:00:00-06:00,,1,,false,ACTUAL,,,VALID,CURRENT,coolit-synthetic-v2.0.0,ALL_SYNTHETIC_CUSTOMERS,ALL_SYNTHETIC_PROGRAMS,ALL_SYNTHETIC_PRODUCTS,SYNTHETIC_INTERNAL,SNP-COOLIT-20260925-BL,SCN-BASELINE,RCAL-LINE-CDU-01-2026-H67,LINE-CDU-01,2026-H67,4800,4200,0,0,CDU_ASSEMBLY,,HISTORICAL_ACTUAL
TEN-COOLIT-SYN-001,SITE-COOLIT-SYN-01,MES,RESOURCE_CALENDAR,RCAL-LINE-CDU-01-2026-H68,RCAL-LINE-CDU-01-2026-H68,RESOLVED,2026-09-25T23:59:59-06:00,2026-09-26T08:00:00-06:00,2026-06-29T00:00:00-06:00,,1,,false,ACTUAL,,,VALID,CURRENT,coolit-synthetic-v2.0.0,ALL_SYNTHETIC_CUSTOMERS,ALL_SYNTHETIC_PROGRAMS,ALL_SYNTHETIC_PRODUCTS,SYNTHETIC_INTERNAL,SNP-COOLIT-20260925-BL,SCN-BASELINE,RCAL-LINE-CDU-01-2026-H68,LINE-CDU-01,2026-H68,4800,4200,0,0,CDU_ASSEMBLY,,HISTORICAL_ACTUAL
TEN-COOLIT-SYN-001,SITE-COOLIT-SYN-01,MES,RESOURCE_CALENDAR,RCAL-LINE-CDU-01-2026-H69,RCAL-LINE-CDU-01-2026-H69,RESOLVED,2026-09-25T23:59:59-06:00,2026-09-26T08:00:00-06:00,2026-06-29T00:00:00-06:00,,1,,false,ACTUAL,,,VALID,CURRENT,coolit-synthetic-v2.0.0,ALL_SYNTHETIC_CUSTOMERS,ALL_SYNTHETIC_PROGRAMS,ALL_SYNTHETIC_PRODUCTS,SYNTHETIC_INTERNAL,SNP-COOLIT-20260925-BL,SCN-BASELINE,RCAL-LINE-CDU-01-2026-H69,LINE-CDU-01,2026-H69,4800,4200,0,0,CDU_ASSEMBLY,,HISTORICAL_ACTUAL
TEN-COOLIT-SYN-001,SITE-COOLIT-SYN-01,MES,RESOURCE_CALENDAR,RCAL-LINE-CDU-01-2026-H70,RCAL-LINE-CDU-01-2026-H70,RESOLVED,2026-09-25T23:59:59-06:00,2026-09-26T08:00:00-06:00,2026-06-29T00:00:00-06:00,,1,,false,ACTUAL,,,VALID,CURRENT,coolit-synthetic-v2.0.0,ALL_SYNTHETIC_CUSTOMERS,ALL_SYNTHETIC_PROGRAMS,ALL_SYNTHETIC_PRODUCTS,SYNTHETIC_INTERNAL,SNP-COOLIT-20260925-BL,SCN-BASELINE,RCAL-LINE-CDU-01-2026-H70,LINE-CDU-01,2026-H70,4800,4200,0,0,CDU_ASSEMBLY,,HISTORICAL_ACTUAL
TEN-COOLIT-SYN-001,SITE-COOLIT-SYN-01,MES,RESOURCE_CALENDAR,RCAL-LINE-CDU-01-2026-H71,RCAL-LINE-CDU-01-2026-H71,RESOLVED,2026-09-25T23:59:59-06:00,2026-09-26T08:00:00-06:00,2026-06-29T00:00:00-06:00,,1,,false,ACTUAL,,,VALID,CURRENT,coolit-synthetic-v2.0.0,ALL_SYNTHETIC_CUSTOMERS,ALL_SYNTHETIC_PROGRAMS,ALL_SYNTHETIC_PRODUCTS,SYNTHETIC_INTERNAL,SNP-COOLIT-20260925-BL,SCN-BASELINE,RCAL-LINE-CDU-01-2026-H71,LINE-CDU-01,2026-H71,4800,4200,0,0,CDU_ASSEMBLY,,HISTORICAL_ACTUAL
TEN-COOLIT-SYN-001,SITE-COOLIT-SYN-01,MES,RESOURCE_CALENDAR,RCAL-LINE-CDU-01-2026-H72,RCAL-LINE-CDU-01-2026-H72,RESOLVED,2026-09-25T23:59:59-06:00,2026-09-26T08:00:00-06:00,2026-06-29T00:00:00-06:00,,1,,false,ACTUAL,,,VALID,CURRENT,coolit-synthetic-v2.0.0,ALL_SYNTHETIC_CUSTOMERS,ALL_SYNTHETIC_PROGRAMS,ALL_SYNTHETIC_PRODUCTS,SYNTHETIC_INTERNAL,SNP-COOLIT-20260925-BL,SCN-BASELINE,RCAL-LINE-CDU-01-2026-H72,LINE-CDU-01,2026-H72,4800,4200,0,0,CDU_ASSEMBLY,,HISTORICAL_ACTUAL
TEN-COOLIT-SYN-001,SITE-COOLIT-SYN-01,MES,RESOURCE_CALENDAR,RCAL-LINE-CDU-01-2026-H73,RCAL-LINE-CDU-01-2026-H73,RESOLVED,2026-09-25T23:59:59-06:00,2026-09-26T08:00:00-06:00,2026-06-29T00:00:00-06:00,,1,,false,ACTUAL,,,VALID,CURRENT,coolit-synthetic-v2.0.0,ALL_SYNTHETIC_CUSTOMERS,ALL_SYNTHETIC_PROGRAMS,ALL_SYNTHETIC_PRODUCTS,SYNTHETIC_INTERNAL,SNP-COOLIT-20260925-BL,SCN-BASELINE,RCAL-LINE-CDU-01-2026-H73,LINE-CDU-01,2026-H73,4800,4200,0,240,CDU_ASSEMBLY,PLANNED_MAINTENANCE,HISTORICAL_ACTUAL
TEN-COOLIT-SYN-001,SITE-COOLIT-SYN-01,MES,RESOURCE_CALENDAR,RCAL-LINE-CDU-01-2026-H74,RCAL-LINE-CDU-01-2026-H74,RESOLVED,2026-09-25T23:59:59-06:00,2026-09-26T08:00:00-06:00,2026-06-29T00:00:00-06:00,,1,,false,ACTUAL,,,VALID,CURRENT,coolit-synthetic-v2.0.0,ALL_SYNTHETIC_CUSTOMERS,ALL_SYNTHETIC_PROGRAMS,ALL_SYNTHETIC_PRODUCTS,SYNTHETIC_INTERNAL,SNP-COOLIT-20260925-BL,SCN-BASELINE,RCAL-LINE-CDU-01-2026-H74,LINE-CDU-01,2026-H74,4800,4200,0,0,CDU_ASSEMBLY,,HISTORICAL_ACTUAL
TEN-COOLIT-SYN-001,SITE-COOLIT-SYN-01,MES,RESOURCE_CALENDAR,RCAL-LINE-CDU-01-2026-H75,RCAL-LINE-CDU-01-2026-H75,RESOLVED,2026-09-25T23:59:59-06:00,2026-09-26T08:00:00-06:00,2026-06-29T00:00:00-06:00,,1,,false,ACTUAL,,,VALID,CURRENT,coolit-synthetic-v2.0.0,ALL_SYNTHETIC_CUSTOMERS,ALL_SYNTHETIC_PROGRAMS,ALL_SYNTHETIC_PRODUCTS,SYNTHETIC_INTERNAL,SNP-COOLIT-20260925-BL,SCN-BASELINE,RCAL-LINE-CDU-01-2026-H75,LINE-CDU-01,2026-H75,4800,4200,0,0,CDU_ASSEMBLY,,HISTORICAL_ACTUAL
TEN-COOLIT-SYN-001,SITE-COOLIT-SYN-01,MES,RESOURCE_CALENDAR,RCAL-LINE-CDU-01-2026-H76,RCAL-LINE-CDU-01-2026-H76,RESOLVED,2026-09-25T23:59:59-06:00,2026-09-26T08:00:00-06:00,2026-06-29T00:00:00-06:00,,1,,false,ACTUAL,,,VALID,CURRENT,coolit-synthetic-v2.0.0,ALL_SYNTHETIC_CUSTOMERS,ALL_SYNTHETIC_PROGRAMS,ALL_SYNTHETIC_PRODUCTS,SYNTHETIC_INTERNAL,SNP-COOLIT-20260925-BL,SCN-BASELINE,RCAL-LINE-CDU-01-2026-H76,LINE-CDU-01,2026-H76,4800,4200,0,0,CDU_ASSEMBLY,,HISTORICAL_ACTUAL
TEN-COOLIT-SYN-001,SITE-COOLIT-SYN-01,MES,RESOURCE_CALENDAR,RCAL-LINE-CDU-01-2026-H77,RCAL-LINE-CDU-01-2026-H77,RESOLVED,2026-09-25T23:59:59-06:00,2026-09-26T08:00:00-06:00,2026-06-29T00:00:00-06:00,,1,,false,ACTUAL,,,VALID,CURRENT,coolit-synthetic-v2.0.0,ALL_SYNTHETIC_CUSTOMERS,ALL_SYNTHETIC_PROGRAMS,ALL_SYNTHETIC_PRODUCTS,SYNTHETIC_INTERNAL,SNP-COOLIT-20260925-BL,SCN-BASELINE,RCAL-LINE-CDU-01-2026-H77,LINE-CDU-01,2026-H77,4800,4200,0,0,CDU_ASSEMBLY,,HISTORICAL_ACTUAL
TEN-COOLIT-SYN-001,SITE-COOLIT-SYN-01,MES,RESOURCE_CALENDAR,RCAL-LINE-CDU-01-2026-H78,RCAL-LINE-CDU-01-2026-H78,RESOLVED,2026-09-25T23:59:59-06:00,2026-09-26T08:00:00-06:00,2026-06-29T00:00:00-06:00,,1,,false,ACTUAL,,,VALID,CURRENT,coolit-synthetic-v2.0.0,ALL_SYNTHETIC_CUSTOMERS,ALL_SYNTHETIC_PROGRAMS,ALL_SYNTHETIC_PRODUCTS,SYNTHETIC_INTERNAL,SNP-COOLIT-20260925-BL,SCN-BASELINE,RCAL-LINE-CDU-01-2026-H78,LINE-CDU-01,2026-H78,4800,4200,0,0,CDU_ASSEMBLY,,HISTORICAL_ACTUAL
TEN-COOLIT-SYN-001,SITE-COOLIT-SYN-01,MES,RESOURCE_CALENDAR,RCAL-LINE-CDU-01-2026-H79,RCAL-LINE-CDU-01-2026-H79,RESOLVED,2026-09-25T23:59:59-06:00,2026-09-26T08:00:00-06:00,2026-06-29T00:00:00-06:00,,1,,false,ACTUAL,,,VALID,CURRENT,coolit-synthetic-v2.0.0,ALL_SYNTHETIC_CUSTOMERS,ALL_SYNTHETIC_PROGRAMS,ALL_SYNTHETIC_PRODUCTS,SYNTHETIC_INTERNAL,SNP-COOLIT-20260925-BL,SCN-BASELINE,RCAL-LINE-CDU-01-2026-H79,LINE-CDU-01,2026-H79,4800,4200,0,0,CDU_ASSEMBLY,,HISTORICAL_ACTUAL
TEN-COOLIT-SYN-001,SITE-COOLIT-SYN-01,MES,RESOURCE_CALENDAR,RCAL-LINE-CDU-01-2026-H80,RCAL-LINE-CDU-01-2026-H80,RESOLVED,2026-09-25T23:59:59-06:00,2026-09-26T08:00:00-06:00,2026-06-29T00:00:00-06:00,,1,,false,ACTUAL,,,VALID,CURRENT,coolit-synthetic-v2.0.0,ALL_SYNTHETIC_CUSTOMERS,ALL_SYNTHETIC_PROGRAMS,ALL_SYNTHETIC_PRODUCTS,SYNTHETIC_INTERNAL,SNP-COOLIT-20260925-BL,SCN-BASELINE,RCAL-LINE-CDU-01-2026-H80,LINE-CDU-01,2026-H80,4800,4200,0,0,CDU_ASSEMBLY,,HISTORICAL_ACTUAL
TEN-COOLIT-SYN-001,SITE-COOLIT-SYN-01,MES,RESOURCE_CALENDAR,RCAL-LINE-CDU-01-2026-H81,RCAL-LINE-CDU-01-2026-H81,RESOLVED,2026-09-25T23:59:59-06:00,2026-09-26T08:00:00-06:00,2026-06-29T00:00:00-06:00,,1,,false,ACTUAL,,,VALID,CURRENT,coolit-synthetic-v2.0.0,ALL_SYNTHETIC_CUSTOMERS,ALL_SYNTHETIC_PROGRAMS,ALL_SYNTHETIC_PRODUCTS,SYNTHETIC_INTERNAL,SNP-COOLIT-20260925-BL,SCN-BASELINE,RCAL-LINE-CDU-01-2026-H81,LINE-CDU-01,2026-H81,4800,4200,0,240,CDU_ASSEMBLY,PLANNED_MAINTENANCE,HISTORICAL_ACTUAL
TEN-COOLIT-SYN-001,SITE-COOLIT-SYN-01,MES,RESOURCE_CALENDAR,RCAL-LINE-CDU-01-2026-H82,RCAL-LINE-CDU-01-2026-H82,RESOLVED,2026-09-25T23:59:59-06:00,2026-09-26T08:00:00-06:00,2026-06-29T00:00:00-06:00,,1,,false,ACTUAL,,,VALID,CURRENT,coolit-synthetic-v2.0.0,ALL_SYNTHETIC_CUSTOMERS,ALL_SYNTHETIC_PROGRAMS,ALL_SYNTHETIC_PRODUCTS,SYNTHETIC_INTERNAL,SNP-COOLIT-20260925-BL,SCN-BASELINE,RCAL-LINE-CDU-01-2026-H82,LINE-CDU-01,2026-H82,4800,4200,0,0,CDU_ASSEMBLY,,HISTORICAL_ACTUAL
TEN-COOLIT-SYN-001,SITE-COOLIT-SYN-01,MES,RESOURCE_CALENDAR,RCAL-LINE-CDU-01-2026-H83,RCAL-LINE-CDU-01-2026-H83,RESOLVED,2026-09-25T23:59:59-06:00,2026-09-26T08:00:00-06:00,2026-06-29T00:00:00-06:00,,1,,false,ACTUAL,,,VALID,CURRENT,coolit-synthetic-v2.0.0,ALL_SYNTHETIC_CUSTOMERS,ALL_SYNTHETIC_PROGRAMS,ALL_SYNTHETIC_PRODUCTS,SYNTHETIC_INTERNAL,SNP-COOLIT-20260925-BL,SCN-BASELINE,RCAL-LINE-CDU-01-2026-H83,LINE-CDU-01,2026-H83,4800,4200,0,0,CDU_ASSEMBLY,,HISTORICAL_ACTUAL
TEN-COOLIT-SYN-001,SITE-COOLIT-SYN-01,MES,RESOURCE_CALENDAR,RCAL-LINE-CDU-01-2026-H84,RCAL-LINE-CDU-01-2026-H84,RESOLVED,2026-09-25T23:59:59-06:00,2026-09-26T08:00:00-06:00,2026-06-29T00:00:00-06:00,,1,,false,ACTUAL,,,VALID,CURRENT,coolit-synthetic-v2.0.0,ALL_SYNTHETIC_CUSTOMERS,ALL_SYNTHETIC_PROGRAMS,ALL_SYNTHETIC_PRODUCTS,SYNTHETIC_INTERNAL,SNP-COOLIT-20260925-BL,SCN-BASELINE,RCAL-LINE-CDU-01-2026-H84,LINE-CDU-01,2026-H84,4800,4200,0,0,CDU_ASSEMBLY,,HISTORICAL_ACTUAL
TEN-COOLIT-SYN-001,SITE-COOLIT-SYN-01,MES,RESOURCE_CALENDAR,RCAL-LINE-CDU-01-2026-H85,RCAL-LINE-CDU-01-2026-H85,RESOLVED,2026-09-25T23:59:59-06:00,2026-09-26T08:00:00-06:00,2026-06-29T00:00:00-06:00,,1,,false,ACTUAL,,,VALID,CURRENT,coolit-synthetic-v2.0.0,ALL_SYNTHETIC_CUSTOMERS,ALL_SYNTHETIC_PROGRAMS,ALL_SYNTHETIC_PRODUCTS,SYNTHETIC_INTERNAL,SNP-COOLIT-20260925-BL,SCN-BASELINE,RCAL-LINE-CDU-01-2026-H85,LINE-CDU-01,2026-H85,4800,4200,0,0,CDU_ASSEMBLY,,HISTORICAL_ACTUAL
TEN-COOLIT-SYN-001,SITE-COOLIT-SYN-01,MES,RESOURCE_CALENDAR,RCAL-LINE-CDU-01-2026-H86,RCAL-LINE-CDU-01-2026-H86,RESOLVED,2026-09-25T23:59:59-06:00,2026-09-26T08:00:00-06:00,2026-06-29T00:00:00-06:00,,1,,false,ACTUAL,,,VALID,CURRENT,coolit-synthetic-v2.0.0,ALL_SYNTHETIC_CUSTOMERS,ALL_SYNTHETIC_PROGRAMS,ALL_SYNTHETIC_PRODUCTS,SYNTHETIC_INTERNAL,SNP-COOLIT-20260925-BL,SCN-BASELINE,RCAL-LINE-CDU-01-2026-H86,LINE-CDU-01,2026-H86,4800,4200,0,0,CDU_ASSEMBLY,,HISTORICAL_ACTUAL
TEN-COOLIT-SYN-001,SITE-COOLIT-SYN-01,MES,RESOURCE_CALENDAR,RCAL-LINE-CDU-01-2026-H87,RCAL-LINE-CDU-01-2026-H87,RESOLVED,2026-09-25T23:59:59-06:00,2026-09-26T08:00:00-06:00,2026-06-29T00:00:00-06:00,,1,,false,ACTUAL,,,VALID,CURRENT,coolit-synthetic-v2.0.0,ALL_SYNTHETIC_CUSTOMERS,ALL_SYNTHETIC_PROGRAMS,ALL_SYNTHETIC_PRODUCTS,SYNTHETIC_INTERNAL,SNP-COOLIT-20260925-BL,SCN-BASELINE,RCAL-LINE-CDU-01-2026-H87,LINE-CDU-01,2026-H87,4800,4200,0,0,CDU_ASSEMBLY,,HISTORICAL_ACTUAL
TEN-COOLIT-SYN-001,SITE-COOLIT-SYN-01,MES,RESOURCE_CALENDAR,RCAL-LINE-CDU-01-2026-H88,RCAL-LINE-CDU-01-2026-H88,RESOLVED,2026-09-25T23:59:59-06:00,2026-09-26T08:00:00-06:00,2026-06-29T00:00:00-06:00,,1,,false,ACTUAL,,,VALID,CURRENT,coolit-synthetic-v2.0.0,ALL_SYNTHETIC_CUSTOMERS,ALL_SYNTHETIC_PROGRAMS,ALL_SYNTHETIC_PRODUCTS,SYNTHETIC_INTERNAL,SNP-COOLIT-20260925-BL,SCN-BASELINE,RCAL-LINE-CDU-01-2026-H88,LINE-CDU-01,2026-H88,4800,4200,0,0,CDU_ASSEMBLY,,HISTORICAL_ACTUAL
TEN-COOLIT-SYN-001,SITE-COOLIT-SYN-01,MES,RESOURCE_CALENDAR,RCAL-LINE-CDU-01-2026-H89,RCAL-LINE-CDU-01-2026-H89,RESOLVED,2026-09-25T23:59:59-06:00,2026-09-26T08:00:00-06:00,2026-06-29T00:00:00-06:00,,1,,false,ACTUAL,,,VALID,CURRENT,coolit-synthetic-v2.0.0,ALL_SYNTHETIC_CUSTOMERS,ALL_SYNTHETIC_PROGRAMS,ALL_SYNTHETIC_PRODUCTS,SYNTHETIC_INTERNAL,SNP-COOLIT-20260925-BL,SCN-BASELINE,RCAL-LINE-CDU-01-2026-H89,LINE-CDU-01,2026-H89,4800,4200,0,240,CDU_ASSEMBLY,PLANNED_MAINTENANCE,HISTORICAL_ACTUAL
TEN-COOLIT-SYN-001,SITE-COOLIT-SYN-01,MES,RESOURCE_CALENDAR,RCAL-LINE-CDU-01-2026-H90,RCAL-LINE-CDU-01-2026-H90,RESOLVED,2026-09-25T23:59:59-06:00,2026-09-26T08:00:00-06:00,2026-06-29T00:00:00-06:00,,1,,false,ACTUAL,,,VALID,CURRENT,coolit-synthetic-v2.0.0,ALL_SYNTHETIC_CUSTOMERS,ALL_SYNTHETIC_PROGRAMS,ALL_SYNTHETIC_PRODUCTS,SYNTHETIC_INTERNAL,SNP-COOLIT-20260925-BL,SCN-BASELINE,RCAL-LINE-CDU-01-2026-H90,LINE-CDU-01,2026-H90,4800,4200,0,0,CDU_ASSEMBLY,,HISTORICAL_ACTUAL
TEN-COOLIT-SYN-001,SITE-COOLIT-SYN-01,MES,RESOURCE_CALENDAR,RCAL-LINE-CDU-01-2026-H91,RCAL-LINE-CDU-01-2026-H91,RESOLVED,2026-09-25T23:59:59-06:00,2026-09-26T08:00:00-06:00,2026-06-29T00:00:00-06:00,,1,,false,ACTUAL,,,VALID,CURRENT,coolit-synthetic-v2.0.0,ALL_SYNTHETIC_CUSTOMERS,ALL_SYNTHETIC_PROGRAMS,ALL_SYNTHETIC_PRODUCTS,SYNTHETIC_INTERNAL,SNP-COOLIT-20260925-BL,SCN-BASELINE,RCAL-LINE-CDU-01-2026-H91,LINE-CDU-01,2026-H91,4800,4200,0,0,CDU_ASSEMBLY,,HISTORICAL_ACTUAL
TEN-COOLIT-SYN-001,SITE-COOLIT-SYN-01,MES,RESOURCE_CALENDAR,RCAL-LINE-CDU-01-2026-H92,RCAL-LINE-CDU-01-2026-H92,RESOLVED,2026-09-25T23:59:59-06:00,2026-09-26T08:00:00-06:00,2026-06-29T00:00:00-06:00,,1,,false,ACTUAL,,,VALID,CURRENT,coolit-synthetic-v2.0.0,ALL_SYNTHETIC_CUSTOMERS,ALL_SYNTHETIC_PROGRAMS,ALL_SYNTHETIC_PRODUCTS,SYNTHETIC_INTERNAL,SNP-COOLIT-20260925-BL,SCN-BASELINE,RCAL-LINE-CDU-01-2026-H92,LINE-CDU-01,2026-H92,4800,4200,0,0,CDU_ASSEMBLY,,HISTORICAL_ACTUAL
TEN-COOLIT-SYN-001,SITE-COOLIT-SYN-01,MES,RESOURCE_CALENDAR,RCAL-LINE-CDU-01-2026-H93,RCAL-LINE-CDU-01-2026-H93,RESOLVED,2026-09-25T23:59:59-06:00,2026-09-26T08:00:00-06:00,2026-06-29T00:00:00-06:00,,1,,false,ACTUAL,,,VALID,CURRENT,coolit-synthetic-v2.0.0,ALL_SYNTHETIC_CUSTOMERS,ALL_SYNTHETIC_PROGRAMS,ALL_SYNTHETIC_PRODUCTS,SYNTHETIC_INTERNAL,SNP-COOLIT-20260925-BL,SCN-BASELINE,RCAL-LINE-CDU-01-2026-H93,LINE-CDU-01,2026-H93,4800,4200,0,0,CDU_ASSEMBLY,,HISTORICAL_ACTUAL
TEN-COOLIT-SYN-001,SITE-COOLIT-SYN-01,MES,RESOURCE_CALENDAR,RCAL-LINE-CDU-01-2026-H94,RCAL-LINE-CDU-01-2026-H94,RESOLVED,2026-09-25T23:59:59-06:00,2026-09-26T08:00:00-06:00,2026-06-29T00:00:00-06:00,,1,,false,ACTUAL,,,VALID,CURRENT,coolit-synthetic-v2.0.0,ALL_SYNTHETIC_CUSTOMERS,ALL_SYNTHETIC_PROGRAMS,ALL_SYNTHETIC_PRODUCTS,SYNTHETIC_INTERNAL,SNP-COOLIT-20260925-BL,SCN-BASELINE,RCAL-LINE-CDU-01-2026-H94,LINE-CDU-01,2026-H94,4800,4200,0,0,CDU_ASSEMBLY,,HISTORICAL_ACTUAL
TEN-COOLIT-SYN-001,SITE-COOLIT-SYN-01,MES,RESOURCE_CALENDAR,RCAL-LINE-CDU-01-2026-H95,RCAL-LINE-CDU-01-2026-H95,RESOLVED,2026-09-25T23:59:59-06:00,2026-09-26T08:00:00-06:00,2026-06-29T00:00:00-06:00,,1,,false,ACTUAL,,,VALID,CURRENT,coolit-synthetic-v2.0.0,ALL_SYNTHETIC_CUSTOMERS,ALL_SYNTHETIC_PROGRAMS,ALL_SYNTHETIC_PRODUCTS,SYNTHETIC_INTERNAL,SNP-COOLIT-20260925-BL,SCN-BASELINE,RCAL-LINE-CDU-01-2026-H95,LINE-CDU-01,2026-H95,4800,4200,0,0,CDU_ASSEMBLY,,HISTORICAL_ACTUAL
TEN-COOLIT-SYN-001,SITE-COOLIT-SYN-01,MES,RESOURCE_CALENDAR,RCAL-LINE-CDU-01-2026-H96,RCAL-LINE-CDU-01-2026-H96,RESOLVED,2026-09-25T23:59:59-06:00,2026-09-26T08:00:00-06:00,2026-06-29T00:00:00-06:00,,1,,false,ACTUAL,,,VALID,CURRENT,coolit-synthetic-v2.0.0,ALL_SYNTHETIC_CUSTOMERS,ALL_SYNTHETIC_PROGRAMS,ALL_SYNTHETIC_PRODUCTS,SYNTHETIC_INTERNAL,SNP-COOLIT-20260925-BL,SCN-BASELINE,RCAL-LINE-CDU-01-2026-H96,LINE-CDU-01,2026-H96,4800,4200,0,0,CDU_ASSEMBLY,,HISTORICAL_ACTUAL
TEN-COOLIT-SYN-001,SITE-COOLIT-SYN-01,MES,RESOURCE_CALENDAR,RCAL-LINE-CDU-01-2026-H97,RCAL-LINE-CDU-01-2026-H97,RESOLVED,2026-09-25T23:59:59-06:00,2026-09-26T08:00:00-06:00,2026-06-29T00:00:00-06:00,,1,,false,ACTUAL,,,VALID,CURRENT,coolit-synthetic-v2.0.0,ALL_SYNTHETIC_CUSTOMERS,ALL_SYNTHETIC_PROGRAMS,ALL_SYNTHETIC_PRODUCTS,SYNTHETIC_INTERNAL,SNP-COOLIT-20260925-BL,SCN-BASELINE,RCAL-LINE-CDU-01-2026-H97,LINE-CDU-01,2026-H97,4800,4200,0,240,CDU_ASSEMBLY,PLANNED_MAINTENANCE,HISTORICAL_ACTUAL
TEN-COOLIT-SYN-001,SITE-COOLIT-SYN-01,MES,RESOURCE_CALENDAR,RCAL-LINE-CDU-01-2026-H98,RCAL-LINE-CDU-01-2026-H98,RESOLVED,2026-09-25T23:59:59-06:00,2026-09-26T08:00:00-06:00,2026-06-29T00:00:00-06:00,,1,,false,ACTUAL,,,VALID,CURRENT,coolit-synthetic-v2.0.0,ALL_SYNTHETIC_CUSTOMERS,ALL_SYNTHETIC_PROGRAMS,ALL_SYNTHETIC_PRODUCTS,SYNTHETIC_INTERNAL,SNP-COOLIT-20260925-BL,SCN-BASELINE,RCAL-LINE-CDU-01-2026-H98,LINE-CDU-01,2026-H98,4800,4200,0,0,CDU_ASSEMBLY,,HISTORICAL_ACTUAL
TEN-COOLIT-SYN-001,SITE-COOLIT-SYN-01,MES,RESOURCE_CALENDAR,RCAL-LINE-CDU-01-2026-H99,RCAL-LINE-CDU-01-2026-H99,RESOLVED,2026-09-25T23:59:59-06:00,2026-09-26T08:00:00-06:00,2026-06-29T00:00:00-06:00,,1,,false,ACTUAL,,,VALID,CURRENT,coolit-synthetic-v2.0.0,ALL_SYNTHETIC_CUSTOMERS,ALL_SYNTHETIC_PROGRAMS,ALL_SYNTHETIC_PRODUCTS,SYNTHETIC_INTERNAL,SNP-COOLIT-20260925-BL,SCN-BASELINE,RCAL-LINE-CDU-01-2026-H99,LINE-CDU-01,2026-H99,4800,4200,0,0,CDU_ASSEMBLY,,HISTORICAL_ACTUAL
TEN-COOLIT-SYN-001,SITE-COOLIT-SYN-01,MES,RESOURCE_CALENDAR,RCAL-LINE-CDU-01-2026-H100,RCAL-LINE-CDU-01-2026-H100,RESOLVED,2026-09-25T23:59:59-06:00,2026-09-26T08:00:00-06:00,2026-06-29T00:00:00-06:00,,1,,false,ACTUAL,,,VALID,CURRENT,coolit-synthetic-v2.0.0,ALL_SYNTHETIC_CUSTOMERS,ALL_SYNTHETIC_PROGRAMS,ALL_SYNTHETIC_PRODUCTS,SYNTHETIC_INTERNAL,SNP-COOLIT-20260925-BL,SCN-BASELINE,RCAL-LINE-CDU-01-2026-H100,LINE-CDU-01,2026-H100,4800,4200,0,0,CDU_ASSEMBLY,,HISTORICAL_ACTUAL
TEN-COOLIT-SYN-001,SITE-COOLIT-SYN-01,MES,RESOURCE_CALENDAR,RCAL-LINE-CDU-01-2026-H101,RCAL-LINE-CDU-01-2026-H101,RESOLVED,2026-09-25T23:59:59-06:00,2026-09-26T08:00:00-06:00,2026-06-29T00:00:00-06:00,,1,,false,ACTUAL,,,VALID,CURRENT,coolit-synthetic-v2.0.0,ALL_SYNTHETIC_CUSTOMERS,ALL_SYNTHETIC_PROGRAMS,ALL_SYNTHETIC_PRODUCTS,SYNTHETIC_INTERNAL,SNP-COOLIT-20260925-BL,SCN-BASELINE,RCAL-LINE-CDU-01-2026-H101,LINE-CDU-01,2026-H101,4800,4200,0,0,CDU_ASSEMBLY,,HISTORICAL_ACTUAL
TEN-COOLIT-SYN-001,SITE-COOLIT-SYN-01,MES,RESOURCE_CALENDAR,RCAL-LINE-CDU-01-2026-H102,RCAL-LINE-CDU-01-2026-H102,RESOLVED,2026-09-25T23:59:59-06:00,2026-09-26T08:00:00-06:00,2026-06-29T00:00:00-06:00,,1,,false,ACTUAL,,,VALID,CURRENT,coolit-synthetic-v2.0.0,ALL_SYNTHETIC_CUSTOMERS,ALL_SYNTHETIC_PROGRAMS,ALL_SYNTHETIC_PRODUCTS,SYNTHETIC_INTERNAL,SNP-COOLIT-20260925-BL,SCN-BASELINE,RCAL-LINE-CDU-01-2026-H102,LINE-CDU-01,2026-H102,4800,4200,0,0,CDU_ASSEMBLY,,HISTORICAL_ACTUAL
TEN-COOLIT-SYN-001,SITE-COOLIT-SYN-01,MES,RESOURCE_CALENDAR,RCAL-LINE-CDU-01-2026-H103,RCAL-LINE-CDU-01-2026-H103,RESOLVED,2026-09-25T23:59:59-06:00,2026-09-26T08:00:00-06:00,2026-06-29T00:00:00-06:00,,1,,false,ACTUAL,,,VALID,CURRENT,coolit-synthetic-v2.0.0,ALL_SYNTHETIC_CUSTOMERS,ALL_SYNTHETIC_PROGRAMS,ALL_SYNTHETIC_PRODUCTS,SYNTHETIC_INTERNAL,SNP-COOLIT-20260925-BL,SCN-BASELINE,RCAL-LINE-CDU-01-2026-H103,LINE-CDU-01,2026-H103,4800,4200,0,0,CDU_ASSEMBLY,,HISTORICAL_ACTUAL
TEN-COOLIT-SYN-001,SITE-COOLIT-SYN-01,MES,RESOURCE_CALENDAR,RCAL-LINE-CDU-01-2026-H104,RCAL-LINE-CDU-01-2026-H104,RESOLVED,2026-09-25T23:59:59-06:00,2026-09-26T08:00:00-06:00,2026-06-29T00:00:00-06:00,,1,,false,ACTUAL,,,VALID,CURRENT,coolit-synthetic-v2.0.0,ALL_SYNTHETIC_CUSTOMERS,ALL_SYNTHETIC_PROGRAMS,ALL_SYNTHETIC_PRODUCTS,SYNTHETIC_INTERNAL,SNP-COOLIT-20260925-BL,SCN-BASELINE,RCAL-LINE-CDU-01-2026-H104,LINE-CDU-01,2026-H104,4800,4200,0,0,CDU_ASSEMBLY,,HISTORICAL_ACTUAL
TEN-COOLIT-SYN-001,SITE-COOLIT-SYN-01,MES,RESOURCE_CALENDAR,RCAL-LINE-CDU-01-2026-P01,RCAL-LINE-CDU-01-2026-P01,RESOLVED,2026-09-25T23:59:59-06:00,2026-09-26T08:00:00-06:00,2026-06-29T00:00:00-06:00,,1,,false,PLAN,,,VALID,CURRENT,coolit-synthetic-v2.0.0,ALL_SYNTHETIC_CUSTOMERS,ALL_SYNTHETIC_PROGRAMS,ALL_SYNTHETIC_PRODUCTS,SYNTHETIC_INTERNAL,SNP-COOLIT-20260925-BL,SCN-BASELINE,RCAL-LINE-CDU-01-2026-P01,LINE-CDU-01,2026-P01,4800,4200,300,240,CDU_ASSEMBLY,PLANNED_MAINTENANCE,PLANNING_FUTURE
TEN-COOLIT-SYN-001,SITE-COOLIT-SYN-01,MES,RESOURCE_CALENDAR,RCAL-LINE-CDU-01-2026-P02,RCAL-LINE-CDU-01-2026-P02,RESOLVED,2026-09-25T23:59:59-06:00,2026-09-26T08:00:00-06:00,2026-06-29T00:00:00-06:00,,1,,false,PLAN,,,VALID,CURRENT,coolit-synthetic-v2.0.0,ALL_SYNTHETIC_CUSTOMERS,ALL_SYNTHETIC_PROGRAMS,ALL_SYNTHETIC_PRODUCTS,SYNTHETIC_INTERNAL,SNP-COOLIT-20260925-BL,SCN-BASELINE,RCAL-LINE-CDU-01-2026-P02,LINE-CDU-01,2026-P02,4800,4200,300,0,CDU_ASSEMBLY,,PLANNING_FUTURE
TEN-COOLIT-SYN-001,SITE-COOLIT-SYN-01,MES,RESOURCE_CALENDAR,RCAL-LINE-CDU-01-2026-P03,RCAL-LINE-CDU-01-2026-P03,RESOLVED,2026-09-25T23:59:59-06:00,2026-09-26T08:00:00-06:00,2026-06-29T00:00:00-06:00,,1,,false,PLAN,,,VALID,CURRENT,coolit-synthetic-v2.0.0,ALL_SYNTHETIC_CUSTOMERS,ALL_SYNTHETIC_PROGRAMS,ALL_SYNTHETIC_PRODUCTS,SYNTHETIC_INTERNAL,SNP-COOLIT-20260925-BL,SCN-BASELINE,RCAL-LINE-CDU-01-2026-P03,LINE-CDU-01,2026-P03,4800,4200,300,0,CDU_ASSEMBLY,,PLANNING_FUTURE
TEN-COOLIT-SYN-001,SITE-COOLIT-SYN-01,MES,RESOURCE_CALENDAR,RCAL-LINE-CDU-01-2026-P04,RCAL-LINE-CDU-01-2026-P04,RESOLVED,2026-09-25T23:59:59-06:00,2026-09-26T08:00:00-06:00,2026-06-29T00:00:00-06:00,,1,,false,PLAN,,,VALID,CURRENT,coolit-synthetic-v2.0.0,ALL_SYNTHETIC_CUSTOMERS,ALL_SYNTHETIC_PROGRAMS,ALL_SYNTHETIC_PRODUCTS,SYNTHETIC_INTERNAL,SNP-COOLIT-20260925-BL,SCN-BASELINE,RCAL-LINE-CDU-01-2026-P04,LINE-CDU-01,2026-P04,4800,4200,300,0,CDU_ASSEMBLY,,PLANNING_FUTURE
TEN-COOLIT-SYN-001,SITE-COOLIT-SYN-01,MES,RESOURCE_CALENDAR,RCAL-LINE-CDU-01-2026-P05,RCAL-LINE-CDU-01-2026-P05,RESOLVED,2026-09-25T23:59:59-06:00,2026-09-26T08:00:00-06:00,2026-06-29T00:00:00-06:00,,1,,false,PLAN,,,VALID,CURRENT,coolit-synthetic-v2.0.0,ALL_SYNTHETIC_CUSTOMERS,ALL_SYNTHETIC_PROGRAMS,ALL_SYNTHETIC_PRODUCTS,SYNTHETIC_INTERNAL,SNP-COOLIT-20260925-BL,SCN-BASELINE,RCAL-LINE-CDU-01-2026-P05,LINE-CDU-01,2026-P05,4800,4200,300,0,CDU_ASSEMBLY,,PLANNING_FUTURE
TEN-COOLIT-SYN-001,SITE-COOLIT-SYN-01,MES,RESOURCE_CALENDAR,RCAL-LINE-CDU-01-2026-P06,RCAL-LINE-CDU-01-2026-P06,RESOLVED,2026-09-25T23:59:59-06:00,2026-09-26T08:00:00-06:00,2026-06-29T00:00:00-06:00,,1,,false,PLAN,,,VALID,CURRENT,coolit-synthetic-v2.0.0,ALL_SYNTHETIC_CUSTOMERS,ALL_SYNTHETIC_PROGRAMS,ALL_SYNTHETIC_PRODUCTS,SYNTHETIC_INTERNAL,SNP-COOLIT-20260925-BL,SCN-BASELINE,RCAL-LINE-CDU-01-2026-P06,LINE-CDU-01,2026-P06,4800,4200,300,0,CDU_ASSEMBLY,,PLANNING_FUTURE
TEN-COOLIT-SYN-001,SITE-COOLIT-SYN-01,MES,RESOURCE_CALENDAR,RCAL-LINE-CDU-01-2026-P07,RCAL-LINE-CDU-01-2026-P07,RESOLVED,2026-09-25T23:59:59-06:00,2026-09-26T08:00:00-06:00,2026-06-29T00:00:00-06:00,,1,,false,PLAN,,,VALID,CURRENT,coolit-synthetic-v2.0.0,ALL_SYNTHETIC_CUSTOMERS,ALL_SYNTHETIC_PROGRAMS,ALL_SYNTHETIC_PRODUCTS,SYNTHETIC_INTERNAL,SNP-COOLIT-20260925-BL,SCN-BASELINE,RCAL-LINE-CDU-01-2026-P07,LINE-CDU-01,2026-P07,4800,4200,300,0,CDU_ASSEMBLY,,PLANNING_FUTURE
TEN-COOLIT-SYN-001,SITE-COOLIT-SYN-01,MES,RESOURCE_CALENDAR,RCAL-LINE-CDU-01-2026-P08,RCAL-LINE-CDU-01-2026-P08,RESOLVED,2026-09-25T23:59:59-06:00,2026-09-26T08:00:00-06:00,2026-06-29T00:00:00-06:00,,1,,false,PLAN,,,VALID,CURRENT,coolit-synthetic-v2.0.0,ALL_SYNTHETIC_CUSTOMERS,ALL_SYNTHETIC_PROGRAMS,ALL_SYNTHETIC_PRODUCTS,SYNTHETIC_INTERNAL,SNP-COOLIT-20260925-BL,SCN-BASELINE,RCAL-LINE-CDU-01-2026-P08,LINE-CDU-01,2026-P08,4800,4200,300,0,CDU_ASSEMBLY,,PLANNING_FUTURE
TEN-COOLIT-SYN-001,SITE-COOLIT-SYN-01,MES,RESOURCE_CALENDAR,RCAL-LINE-CDU-01-2026-P09,RCAL-LINE-CDU-01-2026-P09,RESOLVED,2026-09-25T23:59:59-06:00,2026-09-26T08:00:00-06:00,2026-06-29T00:00:00-06:00,,1,,false,PLAN,,,VALID,CURRENT,coolit-synthetic-v2.0.0,ALL_SYNTHETIC_CUSTOMERS,ALL_SYNTHETIC_PROGRAMS,ALL_SYNTHETIC_PRODUCTS,SYNTHETIC_INTERNAL,SNP-COOLIT-20260925-BL,SCN-BASELINE,RCAL-LINE-CDU-01-2026-P09,LINE-CDU-01,2026-P09,4800,4200,300,240,CDU_ASSEMBLY,PLANNED_MAINTENANCE,PLANNING_FUTURE
TEN-COOLIT-SYN-001,SITE-COOLIT-SYN-01,MES,RESOURCE_CALENDAR,RCAL-LINE-CDU-01-2026-P10,RCAL-LINE-CDU-01-2026-P10,RESOLVED,2026-09-25T23:59:59-06:00,2026-09-26T08:00:00-06:00,2026-06-29T00:00:00-06:00,,1,,false,PLAN,,,VALID,CURRENT,coolit-synthetic-v2.0.0,ALL_SYNTHETIC_CUSTOMERS,ALL_SYNTHETIC_PROGRAMS,ALL_SYNTHETIC_PRODUCTS,SYNTHETIC_INTERNAL,SNP-COOLIT-20260925-BL,SCN-BASELINE,RCAL-LINE-CDU-01-2026-P10,LINE-CDU-01,2026-P10,4800,4200,300,0,CDU_ASSEMBLY,,PLANNING_FUTURE
TEN-COOLIT-SYN-001,SITE-COOLIT-SYN-01,MES,RESOURCE_CALENDAR,RCAL-LINE-CDU-01-2026-P11,RCAL-LINE-CDU-01-2026-P11,RESOLVED,2026-09-25T23:59:59-06:00,2026-09-26T08:00:00-06:00,2026-06-29T00:00:00-06:00,,1,,false,PLAN,,,VALID,CURRENT,coolit-synthetic-v2.0.0,ALL_SYNTHETIC_CUSTOMERS,ALL_SYNTHETIC_PROGRAMS,ALL_SYNTHETIC_PRODUCTS,SYNTHETIC_INTERNAL,SNP-COOLIT-20260925-BL,SCN-BASELINE,RCAL-LINE-CDU-01-2026-P11,LINE-CDU-01,2026-P11,4800,4200,300,0,CDU_ASSEMBLY,,PLANNING_FUTURE
TEN-COOLIT-SYN-001,SITE-COOLIT-SYN-01,MES,RESOURCE_CALENDAR,RCAL-LINE-CDU-01-2026-P12,RCAL-LINE-CDU-01-2026-P12,RESOLVED,2026-09-25T23:59:59-06:00,2026-09-26T08:00:00-06:00,2026-06-29T00:00:00-06:00,,1,,false,PLAN,,,VALID,CURRENT,coolit-synthetic-v2.0.0,ALL_SYNTHETIC_CUSTOMERS,ALL_SYNTHETIC_PROGRAMS,ALL_SYNTHETIC_PRODUCTS,SYNTHETIC_INTERNAL,SNP-COOLIT-20260925-BL,SCN-BASELINE,RCAL-LINE-CDU-01-2026-P12,LINE-CDU-01,2026-P12,4800,4200,300,0,CDU_ASSEMBLY,,PLANNING_FUTURE
TEN-COOLIT-SYN-001,SITE-COOLIT-SYN-01,MES,RESOURCE_CALENDAR,RCAL-LINE-CDU-01-2026-P13,RCAL-LINE-CDU-01-2026-P13,RESOLVED,2026-09-25T23:59:59-06:00,2026-09-26T08:00:00-06:00,2026-06-29T00:00:00-06:00,,1,,false,PLAN,,,VALID,CURRENT,coolit-synthetic-v2.0.0,ALL_SYNTHETIC_CUSTOMERS,ALL_SYNTHETIC_PROGRAMS,ALL_SYNTHETIC_PRODUCTS,SYNTHETIC_INTERNAL,SNP-COOLIT-20260925-BL,SCN-BASELINE,RCAL-LINE-CDU-01-2026-P13,LINE-CDU-01,2026-P13,4800,4200,300,0,CDU_ASSEMBLY,,PLANNING_FUTURE
TEN-COOLIT-SYN-001,SITE-COOLIT-SYN-01,MES,RESOURCE_CALENDAR,RCAL-LINE-CDU-01-2026-P14,RCAL-LINE-CDU-01-2026-P14,RESOLVED,2026-09-25T23:59:59-06:00,2026-09-26T08:00:00-06:00,2026-06-29T00:00:00-06:00,,1,,false,PLAN,,,VALID,CURRENT,coolit-synthetic-v2.0.0,ALL_SYNTHETIC_CUSTOMERS,ALL_SYNTHETIC_PROGRAMS,ALL_SYNTHETIC_PRODUCTS,SYNTHETIC_INTERNAL,SNP-COOLIT-20260925-BL,SCN-BASELINE,RCAL-LINE-CDU-01-2026-P14,LINE-CDU-01,2026-P14,4800,4200,300,0,CDU_ASSEMBLY,,PLANNING_FUTURE
TEN-COOLIT-SYN-001,SITE-COOLIT-SYN-01,MES,RESOURCE_CALENDAR,RCAL-LINE-CDU-01-2026-P15,RCAL-LINE-CDU-01-2026-P15,RESOLVED,2026-09-25T23:59:59-06:00,2026-09-26T08:00:00-06:00,2026-06-29T00:00:00-06:00,,1,,false,PLAN,,,VALID,CURRENT,coolit-synthetic-v2.0.0,ALL_SYNTHETIC_CUSTOMERS,ALL_SYNTHETIC_PROGRAMS,ALL_SYNTHETIC_PRODUCTS,SYNTHETIC_INTERNAL,SNP-COOLIT-20260925-BL,SCN-BASELINE,RCAL-LINE-CDU-01-2026-P15,LINE-CDU-01,2026-P15,4800,4200,300,0,CDU_ASSEMBLY,,PLANNING_FUTURE
TEN-COOLIT-SYN-001,SITE-COOLIT-SYN-01,MES,RESOURCE_CALENDAR,RCAL-LINE-CDU-01-2026-P16,RCAL-LINE-CDU-01-2026-P16,RESOLVED,2026-09-25T23:59:59-06:00,2026-09-26T08:00:00-06:00,2026-06-29T00:00:00-06:00,,1,,false,PLAN,,,VALID,CURRENT,coolit-synthetic-v2.0.0,ALL_SYNTHETIC_CUSTOMERS,ALL_SYNTHETIC_PROGRAMS,ALL_SYNTHETIC_PRODUCTS,SYNTHETIC_INTERNAL,SNP-COOLIT-20260925-BL,SCN-BASELINE,RCAL-LINE-CDU-01-2026-P16,LINE-CDU-01,2026-P16,4800,4200,300,0,CDU_ASSEMBLY,,PLANNING_FUTURE
TEN-COOLIT-SYN-001,SITE-COOLIT-SYN-01,MES,RESOURCE_CALENDAR,RCAL-LINE-CDU-01-2026-P17,RCAL-LINE-CDU-01-2026-P17,RESOLVED,2026-09-25T23:59:59-06:00,2026-09-26T08:00:00-06:00,2026-06-29T00:00:00-06:00,,1,,false,PLAN,,,VALID,CURRENT,coolit-synthetic-v2.0.0,ALL_SYNTHETIC_CUSTOMERS,ALL_SYNTHETIC_PROGRAMS,ALL_SYNTHETIC_PRODUCTS,SYNTHETIC_INTERNAL,SNP-COOLIT-20260925-BL,SCN-BASELINE,RCAL-LINE-CDU-01-2026-P17,LINE-CDU-01,2026-P17,4800,4200,300,240,CDU_ASSEMBLY,PLANNED_MAINTENANCE,PLANNING_FUTURE
TEN-COOLIT-SYN-001,SITE-COOLIT-SYN-01,MES,RESOURCE_CALENDAR,RCAL-LINE-CDU-01-2026-P18,RCAL-LINE-CDU-01-2026-P18,RESOLVED,2026-09-25T23:59:59-06:00,2026-09-26T08:00:00-06:00,2026-06-29T00:00:00-06:00,,1,,false,PLAN,,,VALID,CURRENT,coolit-synthetic-v2.0.0,ALL_SYNTHETIC_CUSTOMERS,ALL_SYNTHETIC_PROGRAMS,ALL_SYNTHETIC_PRODUCTS,SYNTHETIC_INTERNAL,SNP-COOLIT-20260925-BL,SCN-BASELINE,RCAL-LINE-CDU-01-2026-P18,LINE-CDU-01,2026-P18,4800,4200,300,0,CDU_ASSEMBLY,,PLANNING_FUTURE
TEN-COOLIT-SYN-001,SITE-COOLIT-SYN-01,MES,RESOURCE_CALENDAR,RCAL-LINE-CDU-01-2026-P19,RCAL-LINE-CDU-01-2026-P19,RESOLVED,2026-09-25T23:59:59-06:00,2026-09-26T08:00:00-06:00,2026-06-29T00:00:00-06:00,,1,,false,PLAN,,,VALID,CURRENT,coolit-synthetic-v2.0.0,ALL_SYNTHETIC_CUSTOMERS,ALL_SYNTHETIC_PROGRAMS,ALL_SYNTHETIC_PRODUCTS,SYNTHETIC_INTERNAL,SNP-COOLIT-20260925-BL,SCN-BASELINE,RCAL-LINE-CDU-01-2026-P19,LINE-CDU-01,2026-P19,4800,4200,300,0,CDU_ASSEMBLY,,PLANNING_FUTURE
TEN-COOLIT-SYN-001,SITE-COOLIT-SYN-01,MES,RESOURCE_CALENDAR,RCAL-LINE-CDU-01-2026-P20,RCAL-LINE-CDU-01-2026-P20,RESOLVED,2026-09-25T23:59:59-06:00,2026-09-26T08:00:00-06:00,2026-06-29T00:00:00-06:00,,1,,false,PLAN,,,VALID,CURRENT,coolit-synthetic-v2.0.0,ALL_SYNTHETIC_CUSTOMERS,ALL_SYNTHETIC_PROGRAMS,ALL_SYNTHETIC_PRODUCTS,SYNTHETIC_INTERNAL,SNP-COOLIT-20260925-BL,SCN-BASELINE,RCAL-LINE-CDU-01-2026-P20,LINE-CDU-01,2026-P20,4800,4200,300,0,CDU_ASSEMBLY,,PLANNING_FUTURE
TEN-COOLIT-SYN-001,SITE-COOLIT-SYN-01,MES,RESOURCE_CALENDAR,RCAL-LINE-CDU-01-2026-P21,RCAL-LINE-CDU-01-2026-P21,RESOLVED,2026-09-25T23:59:59-06:00,2026-09-26T08:00:00-06:00,2026-06-29T00:00:00-06:00,,1,,false,PLAN,,,VALID,CURRENT,coolit-synthetic-v2.0.0,ALL_SYNTHETIC_CUSTOMERS,ALL_SYNTHETIC_PROGRAMS,ALL_SYNTHETIC_PRODUCTS,SYNTHETIC_INTERNAL,SNP-COOLIT-20260925-BL,SCN-BASELINE,RCAL-LINE-CDU-01-2026-P21,LINE-CDU-01,2026-P21,4800,4200,300,0,CDU_ASSEMBLY,,PLANNING_FUTURE
TEN-COOLIT-SYN-001,SITE-COOLIT-SYN-01,MES,RESOURCE_CALENDAR,RCAL-LINE-CDU-01-2026-P22,RCAL-LINE-CDU-01-2026-P22,RESOLVED,2026-09-25T23:59:59-06:00,2026-09-26T08:00:00-06:00,2026-06-29T00:00:00-06:00,,1,,false,PLAN,,,VALID,CURRENT,coolit-synthetic-v2.0.0,ALL_SYNTHETIC_CUSTOMERS,ALL_SYNTHETIC_PROGRAMS,ALL_SYNTHETIC_PRODUCTS,SYNTHETIC_INTERNAL,SNP-COOLIT-20260925-BL,SCN-BASELINE,RCAL-LINE-CDU-01-2026-P22,LINE-CDU-01,2026-P22,4800,4200,300,0,CDU_ASSEMBLY,,PLANNING_FUTURE
TEN-COOLIT-SYN-001,SITE-COOLIT-SYN-01,MES,RESOURCE_CALENDAR,RCAL-LINE-CDU-01-2026-P23,RCAL-LINE-CDU-01-2026-P23,RESOLVED,2026-09-25T23:59:59-06:00,2026-09-26T08:00:00-06:00,2026-06-29T00:00:00-06:00,,1,,false,PLAN,,,VALID,CURRENT,coolit-synthetic-v2.0.0,ALL_SYNTHETIC_CUSTOMERS,ALL_SYNTHETIC_PROGRAMS,ALL_SYNTHETIC_PRODUCTS,SYNTHETIC_INTERNAL,SNP-COOLIT-20260925-BL,SCN-BASELINE,RCAL-LINE-CDU-01-2026-P23,LINE-CDU-01,2026-P23,4800,4200,300,0,CDU_ASSEMBLY,,PLANNING_FUTURE
TEN-COOLIT-SYN-001,SITE-COOLIT-SYN-01,MES,RESOURCE_CALENDAR,RCAL-LINE-CDU-01-2026-P24,RCAL-LINE-CDU-01-2026-P24,RESOLVED,2026-09-25T23:59:59-06:00,2026-09-26T08:00:00-06:00,2026-06-29T00:00:00-06:00,,1,,false,PLAN,,,VALID,CURRENT,coolit-synthetic-v2.0.0,ALL_SYNTHETIC_CUSTOMERS,ALL_SYNTHETIC_PROGRAMS,ALL_SYNTHETIC_PRODUCTS,SYNTHETIC_INTERNAL,SNP-COOLIT-20260925-BL,SCN-BASELINE,RCAL-LINE-CDU-01-2026-P24,LINE-CDU-01,2026-P24,4800,4200,300,0,CDU_ASSEMBLY,,PLANNING_FUTURE
TEN-COOLIT-SYN-001,SITE-COOLIT-SYN-01,MES,RESOURCE_CALENDAR,RCAL-LINE-CDU-01-2026-P25,RCAL-LINE-CDU-01-2026-P25,RESOLVED,2026-09-25T23:59:59-06:00,2026-09-26T08:00:00-06:00,2026-06-29T00:00:00-06:00,,1,,false,PLAN,,,VALID,CURRENT,coolit-synthetic-v2.0.0,ALL_SYNTHETIC_CUSTOMERS,ALL_SYNTHETIC_PROGRAMS,ALL_SYNTHETIC_PRODUCTS,SYNTHETIC_INTERNAL,SNP-COOLIT-20260925-BL,SCN-BASELINE,RCAL-LINE-CDU-01-2026-P25,LINE-CDU-01,2026-P25,4800,4200,300,240,CDU_ASSEMBLY,PLANNED_MAINTENANCE,PLANNING_FUTURE
TEN-COOLIT-SYN-001,SITE-COOLIT-SYN-01,MES,RESOURCE_CALENDAR,RCAL-LINE-CDU-01-2026-P26,RCAL-LINE-CDU-01-2026-P26,RESOLVED,2026-09-25T23:59:59-06:00,2026-09-26T08:00:00-06:00,2026-06-29T00:00:00-06:00,,1,,false,PLAN,,,VALID,CURRENT,coolit-synthetic-v2.0.0,ALL_SYNTHETIC_CUSTOMERS,ALL_SYNTHETIC_PROGRAMS,ALL_SYNTHETIC_PRODUCTS,SYNTHETIC_INTERNAL,SNP-COOLIT-20260925-BL,SCN-BASELINE,RCAL-LINE-CDU-01-2026-P26,LINE-CDU-01,2026-P26,4800,4200,300,0,CDU_ASSEMBLY,,PLANNING_FUTURE
TEN-COOLIT-SYN-001,SITE-COOLIT-SYN-01,MES,RESOURCE_CALENDAR,RCAL-CELL-ROBOT-01-2026-H01,RCAL-CELL-ROBOT-01-2026-H01,RESOLVED,2026-09-25T23:59:59-06:00,2026-09-26T08:00:00-06:00,2026-06-29T00:00:00-06:00,,1,,false,ACTUAL,,,VALID,CURRENT,coolit-synthetic-v2.0.0,ALL_SYNTHETIC_CUSTOMERS,ALL_SYNTHETIC_PROGRAMS,ALL_SYNTHETIC_PRODUCTS,SYNTHETIC_INTERNAL,SNP-COOLIT-20260925-BL,SCN-BASELINE,RCAL-CELL-ROBOT-01-2026-H01,CELL-ROBOT-01,2026-H01,4800,4200,0,240,KITTING_AND_ASSISTED_ASSEMBLY,PLANNED_MAINTENANCE,HISTORICAL_ACTUAL
TEN-COOLIT-SYN-001,SITE-COOLIT-SYN-01,MES,RESOURCE_CALENDAR,RCAL-CELL-ROBOT-01-2026-H02,RCAL-CELL-ROBOT-01-2026-H02,RESOLVED,2026-09-25T23:59:59-06:00,2026-09-26T08:00:00-06:00,2026-06-29T00:00:00-06:00,,1,,false,ACTUAL,,,VALID,CURRENT,coolit-synthetic-v2.0.0,ALL_SYNTHETIC_CUSTOMERS,ALL_SYNTHETIC_PROGRAMS,ALL_SYNTHETIC_PRODUCTS,SYNTHETIC_INTERNAL,SNP-COOLIT-20260925-BL,SCN-BASELINE,RCAL-CELL-ROBOT-01-2026-H02,CELL-ROBOT-01,2026-H02,4800,4200,0,0,KITTING_AND_ASSISTED_ASSEMBLY,,HISTORICAL_ACTUAL
TEN-COOLIT-SYN-001,SITE-COOLIT-SYN-01,MES,RESOURCE_CALENDAR,RCAL-CELL-ROBOT-01-2026-H03,RCAL-CELL-ROBOT-01-2026-H03,RESOLVED,2026-09-25T23:59:59-06:00,2026-09-26T08:00:00-06:00,2026-06-29T00:00:00-06:00,,1,,false,ACTUAL,,,VALID,CURRENT,coolit-synthetic-v2.0.0,ALL_SYNTHETIC_CUSTOMERS,ALL_SYNTHETIC_PROGRAMS,ALL_SYNTHETIC_PRODUCTS,SYNTHETIC_INTERNAL,SNP-COOLIT-20260925-BL,SCN-BASELINE,RCAL-CELL-ROBOT-01-2026-H03,CELL-ROBOT-01,2026-H03,4800,4200,0,0,KITTING_AND_ASSISTED_ASSEMBLY,,HISTORICAL_ACTUAL
TEN-COOLIT-SYN-001,SITE-COOLIT-SYN-01,MES,RESOURCE_CALENDAR,RCAL-CELL-ROBOT-01-2026-H04,RCAL-CELL-ROBOT-01-2026-H04,RESOLVED,2026-09-25T23:59:59-06:00,2026-09-26T08:00:00-06:00,2026-06-29T00:00:00-06:00,,1,,false,ACTUAL,,,VALID,CURRENT,coolit-synthetic-v2.0.0,ALL_SYNTHETIC_CUSTOMERS,ALL_SYNTHETIC_PROGRAMS,ALL_SYNTHETIC_PRODUCTS,SYNTHETIC_INTERNAL,SNP-COOLIT-20260925-BL,SCN-BASELINE,RCAL-CELL-ROBOT-01-2026-H04,CELL-ROBOT-01,2026-H04,4800,4200,0,0,KITTING_AND_ASSISTED_ASSEMBLY,,HISTORICAL_ACTUAL
TEN-COOLIT-SYN-001,SITE-COOLIT-SYN-01,MES,RESOURCE_CALENDAR,RCAL-CELL-ROBOT-01-2026-H05,RCAL-CELL-ROBOT-01-2026-H05,RESOLVED,2026-09-25T23:59:59-06:00,2026-09-26T08:00:00-06:00,2026-06-29T00:00:00-06:00,,1,,false,ACTUAL,,,VALID,CURRENT,coolit-synthetic-v2.0.0,ALL_SYNTHETIC_CUSTOMERS,ALL_SYNTHETIC_PROGRAMS,ALL_SYNTHETIC_PRODUCTS,SYNTHETIC_INTERNAL,SNP-COOLIT-20260925-BL,SCN-BASELINE,RCAL-CELL-ROBOT-01-2026-H05,CELL-ROBOT-01,2026-H05,4800,4200,0,0,KITTING_AND_ASSISTED_ASSEMBLY,,HISTORICAL_ACTUAL
TEN-COOLIT-SYN-001,SITE-COOLIT-SYN-01,MES,RESOURCE_CALENDAR,RCAL-CELL-ROBOT-01-2026-H06,RCAL-CELL-ROBOT-01-2026-H06,RESOLVED,2026-09-25T23:59:59-06:00,2026-09-26T08:00:00-06:00,2026-06-29T00:00:00-06:00,,1,,false,ACTUAL,,,VALID,CURRENT,coolit-synthetic-v2.0.0,ALL_SYNTHETIC_CUSTOMERS,ALL_SYNTHETIC_PROGRAMS,ALL_SYNTHETIC_PRODUCTS,SYNTHETIC_INTERNAL,SNP-COOLIT-20260925-BL,SCN-BASELINE,RCAL-CELL-ROBOT-01-2026-H06,CELL-ROBOT-01,2026-H06,4800,4200,0,0,KITTING_AND_ASSISTED_ASSEMBLY,,HISTORICAL_ACTUAL
TEN-COOLIT-SYN-001,SITE-COOLIT-SYN-01,MES,RESOURCE_CALENDAR,RCAL-CELL-ROBOT-01-2026-H07,RCAL-CELL-ROBOT-01-2026-H07,RESOLVED,2026-09-25T23:59:59-06:00,2026-09-26T08:00:00-06:00,2026-06-29T00:00:00-06:00,,1,,false,ACTUAL,,,VALID,CURRENT,coolit-synthetic-v2.0.0,ALL_SYNTHETIC_CUSTOMERS,ALL_SYNTHETIC_PROGRAMS,ALL_SYNTHETIC_PRODUCTS,SYNTHETIC_INTERNAL,SNP-COOLIT-20260925-BL,SCN-BASELINE,RCAL-CELL-ROBOT-01-2026-H07,CELL-ROBOT-01,2026-H07,4800,4200,0,0,KITTING_AND_ASSISTED_ASSEMBLY,,HISTORICAL_ACTUAL
TEN-COOLIT-SYN-001,SITE-COOLIT-SYN-01,MES,RESOURCE_CALENDAR,RCAL-CELL-ROBOT-01-2026-H08,RCAL-CELL-ROBOT-01-2026-H08,RESOLVED,2026-09-25T23:59:59-06:00,2026-09-26T08:00:00-06:00,2026-06-29T00:00:00-06:00,,1,,false,ACTUAL,,,VALID,CURRENT,coolit-synthetic-v2.0.0,ALL_SYNTHETIC_CUSTOMERS,ALL_SYNTHETIC_PROGRAMS,ALL_SYNTHETIC_PRODUCTS,SYNTHETIC_INTERNAL,SNP-COOLIT-20260925-BL,SCN-BASELINE,RCAL-CELL-ROBOT-01-2026-H08,CELL-ROBOT-01,2026-H08,4800,4200,0,0,KITTING_AND_ASSISTED_ASSEMBLY,,HISTORICAL_ACTUAL
TEN-COOLIT-SYN-001,SITE-COOLIT-SYN-01,MES,RESOURCE_CALENDAR,RCAL-CELL-ROBOT-01-2026-H09,RCAL-CELL-ROBOT-01-2026-H09,RESOLVED,2026-09-25T23:59:59-06:00,2026-09-26T08:00:00-06:00,2026-06-29T00:00:00-06:00,,1,,false,ACTUAL,,,VALID,CURRENT,coolit-synthetic-v2.0.0,ALL_SYNTHETIC_CUSTOMERS,ALL_SYNTHETIC_PROGRAMS,ALL_SYNTHETIC_PRODUCTS,SYNTHETIC_INTERNAL,SNP-COOLIT-20260925-BL,SCN-BASELINE,RCAL-CELL-ROBOT-01-2026-H09,CELL-ROBOT-01,2026-H09,4800,4200,0,240,KITTING_AND_ASSISTED_ASSEMBLY,PLANNED_MAINTENANCE,HISTORICAL_ACTUAL
TEN-COOLIT-SYN-001,SITE-COOLIT-SYN-01,MES,RESOURCE_CALENDAR,RCAL-CELL-ROBOT-01-2026-H10,RCAL-CELL-ROBOT-01-2026-H10,RESOLVED,2026-09-25T23:59:59-06:00,2026-09-26T08:00:00-06:00,2026-06-29T00:00:00-06:00,,1,,false,ACTUAL,,,VALID,CURRENT,coolit-synthetic-v2.0.0,ALL_SYNTHETIC_CUSTOMERS,ALL_SYNTHETIC_PROGRAMS,ALL_SYNTHETIC_PRODUCTS,SYNTHETIC_INTERNAL,SNP-COOLIT-20260925-BL,SCN-BASELINE,RCAL-CELL-ROBOT-01-2026-H10,CELL-ROBOT-01,2026-H10,4800,4200,0,0,KITTING_AND_ASSISTED_ASSEMBLY,,HISTORICAL_ACTUAL
TEN-COOLIT-SYN-001,SITE-COOLIT-SYN-01,MES,RESOURCE_CALENDAR,RCAL-CELL-ROBOT-01-2026-H11,RCAL-CELL-ROBOT-01-2026-H11,RESOLVED,2026-09-25T23:59:59-06:00,2026-09-26T08:00:00-06:00,2026-06-29T00:00:00-06:00,,1,,false,ACTUAL,,,VALID,CURRENT,coolit-synthetic-v2.0.0,ALL_SYNTHETIC_CUSTOMERS,ALL_SYNTHETIC_PROGRAMS,ALL_SYNTHETIC_PRODUCTS,SYNTHETIC_INTERNAL,SNP-COOLIT-20260925-BL,SCN-BASELINE,RCAL-CELL-ROBOT-01-2026-H11,CELL-ROBOT-01,2026-H11,4800,4200,0,0,KITTING_AND_ASSISTED_ASSEMBLY,,HISTORICAL_ACTUAL
TEN-COOLIT-SYN-001,SITE-COOLIT-SYN-01,MES,RESOURCE_CALENDAR,RCAL-CELL-ROBOT-01-2026-H12,RCAL-CELL-ROBOT-01-2026-H12,RESOLVED,2026-09-25T23:59:59-06:00,2026-09-26T08:00:00-06:00,2026-06-29T00:00:00-06:00,,1,,false,ACTUAL,,,VALID,CURRENT,coolit-synthetic-v2.0.0,ALL_SYNTHETIC_CUSTOMERS,ALL_SYNTHETIC_PROGRAMS,ALL_SYNTHETIC_PRODUCTS,SYNTHETIC_INTERNAL,SNP-COOLIT-20260925-BL,SCN-BASELINE,RCAL-CELL-ROBOT-01-2026-H12,CELL-ROBOT-01,2026-H12,4800,4200,0,0,KITTING_AND_ASSISTED_ASSEMBLY,,HISTORICAL_ACTUAL
TEN-COOLIT-SYN-001,SITE-COOLIT-SYN-01,MES,RESOURCE_CALENDAR,RCAL-CELL-ROBOT-01-2026-H13,RCAL-CELL-ROBOT-01-2026-H13,RESOLVED,2026-09-25T23:59:59-06:00,2026-09-26T08:00:00-06:00,2026-06-29T00:00:00-06:00,,1,,false,ACTUAL,,,VALID,CURRENT,coolit-synthetic-v2.0.0,ALL_SYNTHETIC_CUSTOMERS,ALL_SYNTHETIC_PROGRAMS,ALL_SYNTHETIC_PRODUCTS,SYNTHETIC_INTERNAL,SNP-COOLIT-20260925-BL,SCN-BASELINE,RCAL-CELL-ROBOT-01-2026-H13,CELL-ROBOT-01,2026-H13,4800,4200,0,0,KITTING_AND_ASSISTED_ASSEMBLY,,HISTORICAL_ACTUAL
TEN-COOLIT-SYN-001,SITE-COOLIT-SYN-01,MES,RESOURCE_CALENDAR,RCAL-CELL-ROBOT-01-2026-H14,RCAL-CELL-ROBOT-01-2026-H14,RESOLVED,2026-09-25T23:59:59-06:00,2026-09-26T08:00:00-06:00,2026-06-29T00:00:00-06:00,,1,,false,ACTUAL,,,VALID,CURRENT,coolit-synthetic-v2.0.0,ALL_SYNTHETIC_CUSTOMERS,ALL_SYNTHETIC_PROGRAMS,ALL_SYNTHETIC_PRODUCTS,SYNTHETIC_INTERNAL,SNP-COOLIT-20260925-BL,SCN-BASELINE,RCAL-CELL-ROBOT-01-2026-H14,CELL-ROBOT-01,2026-H14,4800,4200,0,0,KITTING_AND_ASSISTED_ASSEMBLY,,HISTORICAL_ACTUAL
TEN-COOLIT-SYN-001,SITE-COOLIT-SYN-01,MES,RESOURCE_CALENDAR,RCAL-CELL-ROBOT-01-2026-H15,RCAL-CELL-ROBOT-01-2026-H15,RESOLVED,2026-09-25T23:59:59-06:00,2026-09-26T08:00:00-06:00,2026-06-29T00:00:00-06:00,,1,,false,ACTUAL,,,VALID,CURRENT,coolit-synthetic-v2.0.0,ALL_SYNTHETIC_CUSTOMERS,ALL_SYNTHETIC_PROGRAMS,ALL_SYNTHETIC_PRODUCTS,SYNTHETIC_INTERNAL,SNP-COOLIT-20260925-BL,SCN-BASELINE,RCAL-CELL-ROBOT-01-2026-H15,CELL-ROBOT-01,2026-H15,4800,4200,0,0,KITTING_AND_ASSISTED_ASSEMBLY,,HISTORICAL_ACTUAL
TEN-COOLIT-SYN-001,SITE-COOLIT-SYN-01,MES,RESOURCE_CALENDAR,RCAL-CELL-ROBOT-01-2026-H16,RCAL-CELL-ROBOT-01-2026-H16,RESOLVED,2026-09-25T23:59:59-06:00,2026-09-26T08:00:00-06:00,2026-06-29T00:00:00-06:00,,1,,false,ACTUAL,,,VALID,CURRENT,coolit-synthetic-v2.0.0,ALL_SYNTHETIC_CUSTOMERS,ALL_SYNTHETIC_PROGRAMS,ALL_SYNTHETIC_PRODUCTS,SYNTHETIC_INTERNAL,SNP-COOLIT-20260925-BL,SCN-BASELINE,RCAL-CELL-ROBOT-01-2026-H16,CELL-ROBOT-01,2026-H16,4800,4200,0,0,KITTING_AND_ASSISTED_ASSEMBLY,,HISTORICAL_ACTUAL
TEN-COOLIT-SYN-001,SITE-COOLIT-SYN-01,MES,RESOURCE_CALENDAR,RCAL-CELL-ROBOT-01-2026-H17,RCAL-CELL-ROBOT-01-2026-H17,RESOLVED,2026-09-25T23:59:59-06:00,2026-09-26T08:00:00-06:00,2026-06-29T00:00:00-06:00,,1,,false,ACTUAL,,,VALID,CURRENT,coolit-synthetic-v2.0.0,ALL_SYNTHETIC_CUSTOMERS,ALL_SYNTHETIC_PROGRAMS,ALL_SYNTHETIC_PRODUCTS,SYNTHETIC_INTERNAL,SNP-COOLIT-20260925-BL,SCN-BASELINE,RCAL-CELL-ROBOT-01-2026-H17,CELL-ROBOT-01,2026-H17,4800,4200,0,240,KITTING_AND_ASSISTED_ASSEMBLY,PLANNED_MAINTENANCE,HISTORICAL_ACTUAL
TEN-COOLIT-SYN-001,SITE-COOLIT-SYN-01,MES,RESOURCE_CALENDAR,RCAL-CELL-ROBOT-01-2026-H18,RCAL-CELL-ROBOT-01-2026-H18,RESOLVED,2026-09-25T23:59:59-06:00,2026-09-26T08:00:00-06:00,2026-06-29T00:00:00-06:00,,1,,false,ACTUAL,,,VALID,CURRENT,coolit-synthetic-v2.0.0,ALL_SYNTHETIC_CUSTOMERS,ALL_SYNTHETIC_PROGRAMS,ALL_SYNTHETIC_PRODUCTS,SYNTHETIC_INTERNAL,SNP-COOLIT-20260925-BL,SCN-BASELINE,RCAL-CELL-ROBOT-01-2026-H18,CELL-ROBOT-01,2026-H18,4800,4200,0,0,KITTING_AND_ASSISTED_ASSEMBLY,,HISTORICAL_ACTUAL
TEN-COOLIT-SYN-001,SITE-COOLIT-SYN-01,MES,RESOURCE_CALENDAR,RCAL-CELL-ROBOT-01-2026-H19,RCAL-CELL-ROBOT-01-2026-H19,RESOLVED,2026-09-25T23:59:59-06:00,2026-09-26T08:00:00-06:00,2026-06-29T00:00:00-06:00,,1,,false,ACTUAL,,,VALID,CURRENT,coolit-synthetic-v2.0.0,ALL_SYNTHETIC_CUSTOMERS,ALL_SYNTHETIC_PROGRAMS,ALL_SYNTHETIC_PRODUCTS,SYNTHETIC_INTERNAL,SNP-COOLIT-20260925-BL,SCN-BASELINE,RCAL-CELL-ROBOT-01-2026-H19,CELL-ROBOT-01,2026-H19,4800,4200,0,0,KITTING_AND_ASSISTED_ASSEMBLY,,HISTORICAL_ACTUAL
TEN-COOLIT-SYN-001,SITE-COOLIT-SYN-01,MES,RESOURCE_CALENDAR,RCAL-CELL-ROBOT-01-2026-H20,RCAL-CELL-ROBOT-01-2026-H20,RESOLVED,2026-09-25T23:59:59-06:00,2026-09-26T08:00:00-06:00,2026-06-29T00:00:00-06:00,,1,,false,ACTUAL,,,VALID,CURRENT,coolit-synthetic-v2.0.0,ALL_SYNTHETIC_CUSTOMERS,ALL_SYNTHETIC_PROGRAMS,ALL_SYNTHETIC_PRODUCTS,SYNTHETIC_INTERNAL,SNP-COOLIT-20260925-BL,SCN-BASELINE,RCAL-CELL-ROBOT-01-2026-H20,CELL-ROBOT-01,2026-H20,4800,4200,0,0,KITTING_AND_ASSISTED_ASSEMBLY,,HISTORICAL_ACTUAL
TEN-COOLIT-SYN-001,SITE-COOLIT-SYN-01,MES,RESOURCE_CALENDAR,RCAL-CELL-ROBOT-01-2026-H21,RCAL-CELL-ROBOT-01-2026-H21,RESOLVED,2026-09-25T23:59:59-06:00,2026-09-26T08:00:00-06:00,2026-06-29T00:00:00-06:00,,1,,false,ACTUAL,,,VALID,CURRENT,coolit-synthetic-v2.0.0,ALL_SYNTHETIC_CUSTOMERS,ALL_SYNTHETIC_PROGRAMS,ALL_SYNTHETIC_PRODUCTS,SYNTHETIC_INTERNAL,SNP-COOLIT-20260925-BL,SCN-BASELINE,RCAL-CELL-ROBOT-01-2026-H21,CELL-ROBOT-01,2026-H21,4800,4200,0,0,KITTING_AND_ASSISTED_ASSEMBLY,,HISTORICAL_ACTUAL
TEN-COOLIT-SYN-001,SITE-COOLIT-SYN-01,MES,RESOURCE_CALENDAR,RCAL-CELL-ROBOT-01-2026-H22,RCAL-CELL-ROBOT-01-2026-H22,RESOLVED,2026-09-25T23:59:59-06:00,2026-09-26T08:00:00-06:00,2026-06-29T00:00:00-06:00,,1,,false,ACTUAL,,,VALID,CURRENT,coolit-synthetic-v2.0.0,ALL_SYNTHETIC_CUSTOMERS,ALL_SYNTHETIC_PROGRAMS,ALL_SYNTHETIC_PRODUCTS,SYNTHETIC_INTERNAL,SNP-COOLIT-20260925-BL,SCN-BASELINE,RCAL-CELL-ROBOT-01-2026-H22,CELL-ROBOT-01,2026-H22,4800,4200,0,0,KITTING_AND_ASSISTED_ASSEMBLY,,HISTORICAL_ACTUAL
TEN-COOLIT-SYN-001,SITE-COOLIT-SYN-01,MES,RESOURCE_CALENDAR,RCAL-CELL-ROBOT-01-2026-H23,RCAL-CELL-ROBOT-01-2026-H23,RESOLVED,2026-09-25T23:59:59-06:00,2026-09-26T08:00:00-06:00,2026-06-29T00:00:00-06:00,,1,,false,ACTUAL,,,VALID,CURRENT,coolit-synthetic-v2.0.0,ALL_SYNTHETIC_CUSTOMERS,ALL_SYNTHETIC_PROGRAMS,ALL_SYNTHETIC_PRODUCTS,SYNTHETIC_INTERNAL,SNP-COOLIT-20260925-BL,SCN-BASELINE,RCAL-CELL-ROBOT-01-2026-H23,CELL-ROBOT-01,2026-H23,4800,4200,0,0,KITTING_AND_ASSISTED_ASSEMBLY,,HISTORICAL_ACTUAL
TEN-COOLIT-SYN-001,SITE-COOLIT-SYN-01,MES,RESOURCE_CALENDAR,RCAL-CELL-ROBOT-01-2026-H24,RCAL-CELL-ROBOT-01-2026-H24,RESOLVED,2026-09-25T23:59:59-06:00,2026-09-26T08:00:00-06:00,2026-06-29T00:00:00-06:00,,1,,false,ACTUAL,,,VALID,CURRENT,coolit-synthetic-v2.0.0,ALL_SYNTHETIC_CUSTOMERS,ALL_SYNTHETIC_PROGRAMS,ALL_SYNTHETIC_PRODUCTS,SYNTHETIC_INTERNAL,SNP-COOLIT-20260925-BL,SCN-BASELINE,RCAL-CELL-ROBOT-01-2026-H24,CELL-ROBOT-01,2026-H24,4800,4200,0,0,KITTING_AND_ASSISTED_ASSEMBLY,,HISTORICAL_ACTUAL
TEN-COOLIT-SYN-001,SITE-COOLIT-SYN-01,MES,RESOURCE_CALENDAR,RCAL-CELL-ROBOT-01-2026-H25,RCAL-CELL-ROBOT-01-2026-H25,RESOLVED,2026-09-25T23:59:59-06:00,2026-09-26T08:00:00-06:00,2026-06-29T00:00:00-06:00,,1,,false,ACTUAL,,,VALID,CURRENT,coolit-synthetic-v2.0.0,ALL_SYNTHETIC_CUSTOMERS,ALL_SYNTHETIC_PROGRAMS,ALL_SYNTHETIC_PRODUCTS,SYNTHETIC_INTERNAL,SNP-COOLIT-20260925-BL,SCN-BASELINE,RCAL-CELL-ROBOT-01-2026-H25,CELL-ROBOT-01,2026-H25,4800,4200,0,240,KITTING_AND_ASSISTED_ASSEMBLY,PLANNED_MAINTENANCE,HISTORICAL_ACTUAL
TEN-COOLIT-SYN-001,SITE-COOLIT-SYN-01,MES,RESOURCE_CALENDAR,RCAL-CELL-ROBOT-01-2026-H26,RCAL-CELL-ROBOT-01-2026-H26,RESOLVED,2026-09-25T23:59:59-06:00,2026-09-26T08:00:00-06:00,2026-06-29T00:00:00-06:00,,1,,false,ACTUAL,,,VALID,CURRENT,coolit-synthetic-v2.0.0,ALL_SYNTHETIC_CUSTOMERS,ALL_SYNTHETIC_PROGRAMS,ALL_SYNTHETIC_PRODUCTS,SYNTHETIC_INTERNAL,SNP-COOLIT-20260925-BL,SCN-BASELINE,RCAL-CELL-ROBOT-01-2026-H26,CELL-ROBOT-01,2026-H26,4800,4200,0,0,KITTING_AND_ASSISTED_ASSEMBLY,,HISTORICAL_ACTUAL
TEN-COOLIT-SYN-001,SITE-COOLIT-SYN-01,MES,RESOURCE_CALENDAR,RCAL-CELL-ROBOT-01-2026-H27,RCAL-CELL-ROBOT-01-2026-H27,RESOLVED,2026-09-25T23:59:59-06:00,2026-09-26T08:00:00-06:00,2026-06-29T00:00:00-06:00,,1,,false,ACTUAL,,,VALID,CURRENT,coolit-synthetic-v2.0.0,ALL_SYNTHETIC_CUSTOMERS,ALL_SYNTHETIC_PROGRAMS,ALL_SYNTHETIC_PRODUCTS,SYNTHETIC_INTERNAL,SNP-COOLIT-20260925-BL,SCN-BASELINE,RCAL-CELL-ROBOT-01-2026-H27,CELL-ROBOT-01,2026-H27,4800,4200,0,0,KITTING_AND_ASSISTED_ASSEMBLY,,HISTORICAL_ACTUAL
TEN-COOLIT-SYN-001,SITE-COOLIT-SYN-01,MES,RESOURCE_CALENDAR,RCAL-CELL-ROBOT-01-2026-H28,RCAL-CELL-ROBOT-01-2026-H28,RESOLVED,2026-09-25T23:59:59-06:00,2026-09-26T08:00:00-06:00,2026-06-29T00:00:00-06:00,,1,,false,ACTUAL,,,VALID,CURRENT,coolit-synthetic-v2.0.0,ALL_SYNTHETIC_CUSTOMERS,ALL_SYNTHETIC_PROGRAMS,ALL_SYNTHETIC_PRODUCTS,SYNTHETIC_INTERNAL,SNP-COOLIT-20260925-BL,SCN-BASELINE,RCAL-CELL-ROBOT-01-2026-H28,CELL-ROBOT-01,2026-H28,4800,4200,0,0,KITTING_AND_ASSISTED_ASSEMBLY,,HISTORICAL_ACTUAL
TEN-COOLIT-SYN-001,SITE-COOLIT-SYN-01,MES,RESOURCE_CALENDAR,RCAL-CELL-ROBOT-01-2026-H29,RCAL-CELL-ROBOT-01-2026-H29,RESOLVED,2026-09-25T23:59:59-06:00,2026-09-26T08:00:00-06:00,2026-06-29T00:00:00-06:00,,1,,false,ACTUAL,,,VALID,CURRENT,coolit-synthetic-v2.0.0,ALL_SYNTHETIC_CUSTOMERS,ALL_SYNTHETIC_PROGRAMS,ALL_SYNTHETIC_PRODUCTS,SYNTHETIC_INTERNAL,SNP-COOLIT-20260925-BL,SCN-BASELINE,RCAL-CELL-ROBOT-01-2026-H29,CELL-ROBOT-01,2026-H29,4800,4200,0,0,KITTING_AND_ASSISTED_ASSEMBLY,,HISTORICAL_ACTUAL
TEN-COOLIT-SYN-001,SITE-COOLIT-SYN-01,MES,RESOURCE_CALENDAR,RCAL-CELL-ROBOT-01-2026-H30,RCAL-CELL-ROBOT-01-2026-H30,RESOLVED,2026-09-25T23:59:59-06:00,2026-09-26T08:00:00-06:00,2026-06-29T00:00:00-06:00,,1,,false,ACTUAL,,,VALID,CURRENT,coolit-synthetic-v2.0.0,ALL_SYNTHETIC_CUSTOMERS,ALL_SYNTHETIC_PROGRAMS,ALL_SYNTHETIC_PRODUCTS,SYNTHETIC_INTERNAL,SNP-COOLIT-20260925-BL,SCN-BASELINE,RCAL-CELL-ROBOT-01-2026-H30,CELL-ROBOT-01,2026-H30,4800,4200,0,0,KITTING_AND_ASSISTED_ASSEMBLY,,HISTORICAL_ACTUAL
TEN-COOLIT-SYN-001,SITE-COOLIT-SYN-01,MES,RESOURCE_CALENDAR,RCAL-CELL-ROBOT-01-2026-H31,RCAL-CELL-ROBOT-01-2026-H31,RESOLVED,2026-09-25T23:59:59-06:00,2026-09-26T08:00:00-06:00,2026-06-29T00:00:00-06:00,,1,,false,ACTUAL,,,VALID,CURRENT,coolit-synthetic-v2.0.0,ALL_SYNTHETIC_CUSTOMERS,ALL_SYNTHETIC_PROGRAMS,ALL_SYNTHETIC_PRODUCTS,SYNTHETIC_INTERNAL,SNP-COOLIT-20260925-BL,SCN-BASELINE,RCAL-CELL-ROBOT-01-2026-H31,CELL-ROBOT-01,2026-H31,4800,4200,0,0,KITTING_AND_ASSISTED_ASSEMBLY,,HISTORICAL_ACTUAL
TEN-COOLIT-SYN-001,SITE-COOLIT-SYN-01,MES,RESOURCE_CALENDAR,RCAL-CELL-ROBOT-01-2026-H32,RCAL-CELL-ROBOT-01-2026-H32,RESOLVED,2026-09-25T23:59:59-06:00,2026-09-26T08:00:00-06:00,2026-06-29T00:00:00-06:00,,1,,false,ACTUAL,,,VALID,CURRENT,coolit-synthetic-v2.0.0,ALL_SYNTHETIC_CUSTOMERS,ALL_SYNTHETIC_PROGRAMS,ALL_SYNTHETIC_PRODUCTS,SYNTHETIC_INTERNAL,SNP-COOLIT-20260925-BL,SCN-BASELINE,RCAL-CELL-ROBOT-01-2026-H32,CELL-ROBOT-01,2026-H32,4800,4200,0,0,KITTING_AND_ASSISTED_ASSEMBLY,,HISTORICAL_ACTUAL
TEN-COOLIT-SYN-001,SITE-COOLIT-SYN-01,MES,RESOURCE_CALENDAR,RCAL-CELL-ROBOT-01-2026-H33,RCAL-CELL-ROBOT-01-2026-H33,RESOLVED,2026-09-25T23:59:59-06:00,2026-09-26T08:00:00-06:00,2026-06-29T00:00:00-06:00,,1,,false,ACTUAL,,,VALID,CURRENT,coolit-synthetic-v2.0.0,ALL_SYNTHETIC_CUSTOMERS,ALL_SYNTHETIC_PROGRAMS,ALL_SYNTHETIC_PRODUCTS,SYNTHETIC_INTERNAL,SNP-COOLIT-20260925-BL,SCN-BASELINE,RCAL-CELL-ROBOT-01-2026-H33,CELL-ROBOT-01,2026-H33,4800,4200,0,240,KITTING_AND_ASSISTED_ASSEMBLY,PLANNED_MAINTENANCE,HISTORICAL_ACTUAL
TEN-COOLIT-SYN-001,SITE-COOLIT-SYN-01,MES,RESOURCE_CALENDAR,RCAL-CELL-ROBOT-01-2026-H34,RCAL-CELL-ROBOT-01-2026-H34,RESOLVED,2026-09-25T23:59:59-06:00,2026-09-26T08:00:00-06:00,2026-06-29T00:00:00-06:00,,1,,false,ACTUAL,,,VALID,CURRENT,coolit-synthetic-v2.0.0,ALL_SYNTHETIC_CUSTOMERS,ALL_SYNTHETIC_PROGRAMS,ALL_SYNTHETIC_PRODUCTS,SYNTHETIC_INTERNAL,SNP-COOLIT-20260925-BL,SCN-BASELINE,RCAL-CELL-ROBOT-01-2026-H34,CELL-ROBOT-01,2026-H34,4800,4200,0,0,KITTING_AND_ASSISTED_ASSEMBLY,,HISTORICAL_ACTUAL
TEN-COOLIT-SYN-001,SITE-COOLIT-SYN-01,MES,RESOURCE_CALENDAR,RCAL-CELL-ROBOT-01-2026-H35,RCAL-CELL-ROBOT-01-2026-H35,RESOLVED,2026-09-25T23:59:59-06:00,2026-09-26T08:00:00-06:00,2026-06-29T00:00:00-06:00,,1,,false,ACTUAL,,,VALID,CURRENT,coolit-synthetic-v2.0.0,ALL_SYNTHETIC_CUSTOMERS,ALL_SYNTHETIC_PROGRAMS,ALL_SYNTHETIC_PRODUCTS,SYNTHETIC_INTERNAL,SNP-COOLIT-20260925-BL,SCN-BASELINE,RCAL-CELL-ROBOT-01-2026-H35,CELL-ROBOT-01,2026-H35,4800,4200,0,0,KITTING_AND_ASSISTED_ASSEMBLY,,HISTORICAL_ACTUAL
TEN-COOLIT-SYN-001,SITE-COOLIT-SYN-01,MES,RESOURCE_CALENDAR,RCAL-CELL-ROBOT-01-2026-H36,RCAL-CELL-ROBOT-01-2026-H36,RESOLVED,2026-09-25T23:59:59-06:00,2026-09-26T08:00:00-06:00,2026-06-29T00:00:00-06:00,,1,,false,ACTUAL,,,VALID,CURRENT,coolit-synthetic-v2.0.0,ALL_SYNTHETIC_CUSTOMERS,ALL_SYNTHETIC_PROGRAMS,ALL_SYNTHETIC_PRODUCTS,SYNTHETIC_INTERNAL,SNP-COOLIT-20260925-BL,SCN-BASELINE,RCAL-CELL-ROBOT-01-2026-H36,CELL-ROBOT-01,2026-H36,4800,4200,0,0,KITTING_AND_ASSISTED_ASSEMBLY,,HISTORICAL_ACTUAL
TEN-COOLIT-SYN-001,SITE-COOLIT-SYN-01,MES,RESOURCE_CALENDAR,RCAL-CELL-ROBOT-01-2026-H37,RCAL-CELL-ROBOT-01-2026-H37,RESOLVED,2026-09-25T23:59:59-06:00,2026-09-26T08:00:00-06:00,2026-06-29T00:00:00-06:00,,1,,false,ACTUAL,,,VALID,CURRENT,coolit-synthetic-v2.0.0,ALL_SYNTHETIC_CUSTOMERS,ALL_SYNTHETIC_PROGRAMS,ALL_SYNTHETIC_PRODUCTS,SYNTHETIC_INTERNAL,SNP-COOLIT-20260925-BL,SCN-BASELINE,RCAL-CELL-ROBOT-01-2026-H37,CELL-ROBOT-01,2026-H37,4800,4200,0,0,KITTING_AND_ASSISTED_ASSEMBLY,,HISTORICAL_ACTUAL
TEN-COOLIT-SYN-001,SITE-COOLIT-SYN-01,MES,RESOURCE_CALENDAR,RCAL-CELL-ROBOT-01-2026-H38,RCAL-CELL-ROBOT-01-2026-H38,RESOLVED,2026-09-25T23:59:59-06:00,2026-09-26T08:00:00-06:00,2026-06-29T00:00:00-06:00,,1,,false,ACTUAL,,,VALID,CURRENT,coolit-synthetic-v2.0.0,ALL_SYNTHETIC_CUSTOMERS,ALL_SYNTHETIC_PROGRAMS,ALL_SYNTHETIC_PRODUCTS,SYNTHETIC_INTERNAL,SNP-COOLIT-20260925-BL,SCN-BASELINE,RCAL-CELL-ROBOT-01-2026-H38,CELL-ROBOT-01,2026-H38,4800,4200,0,0,KITTING_AND_ASSISTED_ASSEMBLY,,HISTORICAL_ACTUAL
TEN-COOLIT-SYN-001,SITE-COOLIT-SYN-01,MES,RESOURCE_CALENDAR,RCAL-CELL-ROBOT-01-2026-H39,RCAL-CELL-ROBOT-01-2026-H39,RESOLVED,2026-09-25T23:59:59-06:00,2026-09-26T08:00:00-06:00,2026-06-29T00:00:00-06:00,,1,,false,ACTUAL,,,VALID,CURRENT,coolit-synthetic-v2.0.0,ALL_SYNTHETIC_CUSTOMERS,ALL_SYNTHETIC_PROGRAMS,ALL_SYNTHETIC_PRODUCTS,SYNTHETIC_INTERNAL,SNP-COOLIT-20260925-BL,SCN-BASELINE,RCAL-CELL-ROBOT-01-2026-H39,CELL-ROBOT-01,2026-H39,4800,4200,0,0,KITTING_AND_ASSISTED_ASSEMBLY,,HISTORICAL_ACTUAL
TEN-COOLIT-SYN-001,SITE-COOLIT-SYN-01,MES,RESOURCE_CALENDAR,RCAL-CELL-ROBOT-01-2026-H40,RCAL-CELL-ROBOT-01-2026-H40,RESOLVED,2026-09-25T23:59:59-06:00,2026-09-26T08:00:00-06:00,2026-06-29T00:00:00-06:00,,1,,false,ACTUAL,,,VALID,CURRENT,coolit-synthetic-v2.0.0,ALL_SYNTHETIC_CUSTOMERS,ALL_SYNTHETIC_PROGRAMS,ALL_SYNTHETIC_PRODUCTS,SYNTHETIC_INTERNAL,SNP-COOLIT-20260925-BL,SCN-BASELINE,RCAL-CELL-ROBOT-01-2026-H40,CELL-ROBOT-01,2026-H40,4800,4200,0,0,KITTING_AND_ASSISTED_ASSEMBLY,,HISTORICAL_ACTUAL
TEN-COOLIT-SYN-001,SITE-COOLIT-SYN-01,MES,RESOURCE_CALENDAR,RCAL-CELL-ROBOT-01-2026-H41,RCAL-CELL-ROBOT-01-2026-H41,RESOLVED,2026-09-25T23:59:59-06:00,2026-09-26T08:00:00-06:00,2026-06-29T00:00:00-06:00,,1,,false,ACTUAL,,,VALID,CURRENT,coolit-synthetic-v2.0.0,ALL_SYNTHETIC_CUSTOMERS,ALL_SYNTHETIC_PROGRAMS,ALL_SYNTHETIC_PRODUCTS,SYNTHETIC_INTERNAL,SNP-COOLIT-20260925-BL,SCN-BASELINE,RCAL-CELL-ROBOT-01-2026-H41,CELL-ROBOT-01,2026-H41,4800,4200,0,240,KITTING_AND_ASSISTED_ASSEMBLY,PLANNED_MAINTENANCE,HISTORICAL_ACTUAL
TEN-COOLIT-SYN-001,SITE-COOLIT-SYN-01,MES,RESOURCE_CALENDAR,RCAL-CELL-ROBOT-01-2026-H42,RCAL-CELL-ROBOT-01-2026-H42,RESOLVED,2026-09-25T23:59:59-06:00,2026-09-26T08:00:00-06:00,2026-06-29T00:00:00-06:00,,1,,false,ACTUAL,,,VALID,CURRENT,coolit-synthetic-v2.0.0,ALL_SYNTHETIC_CUSTOMERS,ALL_SYNTHETIC_PROGRAMS,ALL_SYNTHETIC_PRODUCTS,SYNTHETIC_INTERNAL,SNP-COOLIT-20260925-BL,SCN-BASELINE,RCAL-CELL-ROBOT-01-2026-H42,CELL-ROBOT-01,2026-H42,4800,4200,0,0,KITTING_AND_ASSISTED_ASSEMBLY,,HISTORICAL_ACTUAL
TEN-COOLIT-SYN-001,SITE-COOLIT-SYN-01,MES,RESOURCE_CALENDAR,RCAL-CELL-ROBOT-01-2026-H43,RCAL-CELL-ROBOT-01-2026-H43,RESOLVED,2026-09-25T23:59:59-06:00,2026-09-26T08:00:00-06:00,2026-06-29T00:00:00-06:00,,1,,false,ACTUAL,,,VALID,CURRENT,coolit-synthetic-v2.0.0,ALL_SYNTHETIC_CUSTOMERS,ALL_SYNTHETIC_PROGRAMS,ALL_SYNTHETIC_PRODUCTS,SYNTHETIC_INTERNAL,SNP-COOLIT-20260925-BL,SCN-BASELINE,RCAL-CELL-ROBOT-01-2026-H43,CELL-ROBOT-01,2026-H43,4800,4200,0,0,KITTING_AND_ASSISTED_ASSEMBLY,,HISTORICAL_ACTUAL
TEN-COOLIT-SYN-001,SITE-COOLIT-SYN-01,MES,RESOURCE_CALENDAR,RCAL-CELL-ROBOT-01-2026-H44,RCAL-CELL-ROBOT-01-2026-H44,RESOLVED,2026-09-25T23:59:59-06:00,2026-09-26T08:00:00-06:00,2026-06-29T00:00:00-06:00,,1,,false,ACTUAL,,,VALID,CURRENT,coolit-synthetic-v2.0.0,ALL_SYNTHETIC_CUSTOMERS,ALL_SYNTHETIC_PROGRAMS,ALL_SYNTHETIC_PRODUCTS,SYNTHETIC_INTERNAL,SNP-COOLIT-20260925-BL,SCN-BASELINE,RCAL-CELL-ROBOT-01-2026-H44,CELL-ROBOT-01,2026-H44,4800,4200,0,0,KITTING_AND_ASSISTED_ASSEMBLY,,HISTORICAL_ACTUAL
TEN-COOLIT-SYN-001,SITE-COOLIT-SYN-01,MES,RESOURCE_CALENDAR,RCAL-CELL-ROBOT-01-2026-H45,RCAL-CELL-ROBOT-01-2026-H45,RESOLVED,2026-09-25T23:59:59-06:00,2026-09-26T08:00:00-06:00,2026-06-29T00:00:00-06:00,,1,,false,ACTUAL,,,VALID,CURRENT,coolit-synthetic-v2.0.0,ALL_SYNTHETIC_CUSTOMERS,ALL_SYNTHETIC_PROGRAMS,ALL_SYNTHETIC_PRODUCTS,SYNTHETIC_INTERNAL,SNP-COOLIT-20260925-BL,SCN-BASELINE,RCAL-CELL-ROBOT-01-2026-H45,CELL-ROBOT-01,2026-H45,4800,4200,0,0,KITTING_AND_ASSISTED_ASSEMBLY,,HISTORICAL_ACTUAL
TEN-COOLIT-SYN-001,SITE-COOLIT-SYN-01,MES,RESOURCE_CALENDAR,RCAL-CELL-ROBOT-01-2026-H46,RCAL-CELL-ROBOT-01-2026-H46,RESOLVED,2026-09-25T23:59:59-06:00,2026-09-26T08:00:00-06:00,2026-06-29T00:00:00-06:00,,1,,false,ACTUAL,,,VALID,CURRENT,coolit-synthetic-v2.0.0,ALL_SYNTHETIC_CUSTOMERS,ALL_SYNTHETIC_PROGRAMS,ALL_SYNTHETIC_PRODUCTS,SYNTHETIC_INTERNAL,SNP-COOLIT-20260925-BL,SCN-BASELINE,RCAL-CELL-ROBOT-01-2026-H46,CELL-ROBOT-01,2026-H46,4800,4200,0,0,KITTING_AND_ASSISTED_ASSEMBLY,,HISTORICAL_ACTUAL
TEN-COOLIT-SYN-001,SITE-COOLIT-SYN-01,MES,RESOURCE_CALENDAR,RCAL-CELL-ROBOT-01-2026-H47,RCAL-CELL-ROBOT-01-2026-H47,RESOLVED,2026-09-25T23:59:59-06:00,2026-09-26T08:00:00-06:00,2026-06-29T00:00:00-06:00,,1,,false,ACTUAL,,,VALID,CURRENT,coolit-synthetic-v2.0.0,ALL_SYNTHETIC_CUSTOMERS,ALL_SYNTHETIC_PROGRAMS,ALL_SYNTHETIC_PRODUCTS,SYNTHETIC_INTERNAL,SNP-COOLIT-20260925-BL,SCN-BASELINE,RCAL-CELL-ROBOT-01-2026-H47,CELL-ROBOT-01,2026-H47,4800,4200,0,0,KITTING_AND_ASSISTED_ASSEMBLY,,HISTORICAL_ACTUAL
TEN-COOLIT-SYN-001,SITE-COOLIT-SYN-01,MES,RESOURCE_CALENDAR,RCAL-CELL-ROBOT-01-2026-H48,RCAL-CELL-ROBOT-01-2026-H48,RESOLVED,2026-09-25T23:59:59-06:00,2026-09-26T08:00:00-06:00,2026-06-29T00:00:00-06:00,,1,,false,ACTUAL,,,VALID,CURRENT,coolit-synthetic-v2.0.0,ALL_SYNTHETIC_CUSTOMERS,ALL_SYNTHETIC_PROGRAMS,ALL_SYNTHETIC_PRODUCTS,SYNTHETIC_INTERNAL,SNP-COOLIT-20260925-BL,SCN-BASELINE,RCAL-CELL-ROBOT-01-2026-H48,CELL-ROBOT-01,2026-H48,4800,4200,0,0,KITTING_AND_ASSISTED_ASSEMBLY,,HISTORICAL_ACTUAL
TEN-COOLIT-SYN-001,SITE-COOLIT-SYN-01,MES,RESOURCE_CALENDAR,RCAL-CELL-ROBOT-01-2026-H49,RCAL-CELL-ROBOT-01-2026-H49,RESOLVED,2026-09-25T23:59:59-06:00,2026-09-26T08:00:00-06:00,2026-06-29T00:00:00-06:00,,1,,false,ACTUAL,,,VALID,CURRENT,coolit-synthetic-v2.0.0,ALL_SYNTHETIC_CUSTOMERS,ALL_SYNTHETIC_PROGRAMS,ALL_SYNTHETIC_PRODUCTS,SYNTHETIC_INTERNAL,SNP-COOLIT-20260925-BL,SCN-BASELINE,RCAL-CELL-ROBOT-01-2026-H49,CELL-ROBOT-01,2026-H49,4800,4200,0,240,KITTING_AND_ASSISTED_ASSEMBLY,PLANNED_MAINTENANCE,HISTORICAL_ACTUAL
TEN-COOLIT-SYN-001,SITE-COOLIT-SYN-01,MES,RESOURCE_CALENDAR,RCAL-CELL-ROBOT-01-2026-H50,RCAL-CELL-ROBOT-01-2026-H50,RESOLVED,2026-09-25T23:59:59-06:00,2026-09-26T08:00:00-06:00,2026-06-29T00:00:00-06:00,,1,,false,ACTUAL,,,VALID,CURRENT,coolit-synthetic-v2.0.0,ALL_SYNTHETIC_CUSTOMERS,ALL_SYNTHETIC_PROGRAMS,ALL_SYNTHETIC_PRODUCTS,SYNTHETIC_INTERNAL,SNP-COOLIT-20260925-BL,SCN-BASELINE,RCAL-CELL-ROBOT-01-2026-H50,CELL-ROBOT-01,2026-H50,4800,4200,0,0,KITTING_AND_ASSISTED_ASSEMBLY,,HISTORICAL_ACTUAL
TEN-COOLIT-SYN-001,SITE-COOLIT-SYN-01,MES,RESOURCE_CALENDAR,RCAL-CELL-ROBOT-01-2026-H51,RCAL-CELL-ROBOT-01-2026-H51,RESOLVED,2026-09-25T23:59:59-06:00,2026-09-26T08:00:00-06:00,2026-06-29T00:00:00-06:00,,1,,false,ACTUAL,,,VALID,CURRENT,coolit-synthetic-v2.0.0,ALL_SYNTHETIC_CUSTOMERS,ALL_SYNTHETIC_PROGRAMS,ALL_SYNTHETIC_PRODUCTS,SYNTHETIC_INTERNAL,SNP-COOLIT-20260925-BL,SCN-BASELINE,RCAL-CELL-ROBOT-01-2026-H51,CELL-ROBOT-01,2026-H51,4800,4200,0,0,KITTING_AND_ASSISTED_ASSEMBLY,,HISTORICAL_ACTUAL
TEN-COOLIT-SYN-001,SITE-COOLIT-SYN-01,MES,RESOURCE_CALENDAR,RCAL-CELL-ROBOT-01-2026-H52,RCAL-CELL-ROBOT-01-2026-H52,RESOLVED,2026-09-25T23:59:59-06:00,2026-09-26T08:00:00-06:00,2026-06-29T00:00:00-06:00,,1,,false,ACTUAL,,,VALID,CURRENT,coolit-synthetic-v2.0.0,ALL_SYNTHETIC_CUSTOMERS,ALL_SYNTHETIC_PROGRAMS,ALL_SYNTHETIC_PRODUCTS,SYNTHETIC_INTERNAL,SNP-COOLIT-20260925-BL,SCN-BASELINE,RCAL-CELL-ROBOT-01-2026-H52,CELL-ROBOT-01,2026-H52,4800,4200,0,0,KITTING_AND_ASSISTED_ASSEMBLY,,HISTORICAL_ACTUAL
TEN-COOLIT-SYN-001,SITE-COOLIT-SYN-01,MES,RESOURCE_CALENDAR,RCAL-CELL-ROBOT-01-2026-H53,RCAL-CELL-ROBOT-01-2026-H53,RESOLVED,2026-09-25T23:59:59-06:00,2026-09-26T08:00:00-06:00,2026-06-29T00:00:00-06:00,,1,,false,ACTUAL,,,VALID,CURRENT,coolit-synthetic-v2.0.0,ALL_SYNTHETIC_CUSTOMERS,ALL_SYNTHETIC_PROGRAMS,ALL_SYNTHETIC_PRODUCTS,SYNTHETIC_INTERNAL,SNP-COOLIT-20260925-BL,SCN-BASELINE,RCAL-CELL-ROBOT-01-2026-H53,CELL-ROBOT-01,2026-H53,4800,4200,0,0,KITTING_AND_ASSISTED_ASSEMBLY,,HISTORICAL_ACTUAL
TEN-COOLIT-SYN-001,SITE-COOLIT-SYN-01,MES,RESOURCE_CALENDAR,RCAL-CELL-ROBOT-01-2026-H54,RCAL-CELL-ROBOT-01-2026-H54,RESOLVED,2026-09-25T23:59:59-06:00,2026-09-26T08:00:00-06:00,2026-06-29T00:00:00-06:00,,1,,false,ACTUAL,,,VALID,CURRENT,coolit-synthetic-v2.0.0,ALL_SYNTHETIC_CUSTOMERS,ALL_SYNTHETIC_PROGRAMS,ALL_SYNTHETIC_PRODUCTS,SYNTHETIC_INTERNAL,SNP-COOLIT-20260925-BL,SCN-BASELINE,RCAL-CELL-ROBOT-01-2026-H54,CELL-ROBOT-01,2026-H54,4800,4200,0,0,KITTING_AND_ASSISTED_ASSEMBLY,,HISTORICAL_ACTUAL
TEN-COOLIT-SYN-001,SITE-COOLIT-SYN-01,MES,RESOURCE_CALENDAR,RCAL-CELL-ROBOT-01-2026-H55,RCAL-CELL-ROBOT-01-2026-H55,RESOLVED,2026-09-25T23:59:59-06:00,2026-09-26T08:00:00-06:00,2026-06-29T00:00:00-06:00,,1,,false,ACTUAL,,,VALID,CURRENT,coolit-synthetic-v2.0.0,ALL_SYNTHETIC_CUSTOMERS,ALL_SYNTHETIC_PROGRAMS,ALL_SYNTHETIC_PRODUCTS,SYNTHETIC_INTERNAL,SNP-COOLIT-20260925-BL,SCN-BASELINE,RCAL-CELL-ROBOT-01-2026-H55,CELL-ROBOT-01,2026-H55,4800,4200,0,0,KITTING_AND_ASSISTED_ASSEMBLY,,HISTORICAL_ACTUAL
TEN-COOLIT-SYN-001,SITE-COOLIT-SYN-01,MES,RESOURCE_CALENDAR,RCAL-CELL-ROBOT-01-2026-H56,RCAL-CELL-ROBOT-01-2026-H56,RESOLVED,2026-09-25T23:59:59-06:00,2026-09-26T08:00:00-06:00,2026-06-29T00:00:00-06:00,,1,,false,ACTUAL,,,VALID,CURRENT,coolit-synthetic-v2.0.0,ALL_SYNTHETIC_CUSTOMERS,ALL_SYNTHETIC_PROGRAMS,ALL_SYNTHETIC_PRODUCTS,SYNTHETIC_INTERNAL,SNP-COOLIT-20260925-BL,SCN-BASELINE,RCAL-CELL-ROBOT-01-2026-H56,CELL-ROBOT-01,2026-H56,4800,4200,0,0,KITTING_AND_ASSISTED_ASSEMBLY,,HISTORICAL_ACTUAL
TEN-COOLIT-SYN-001,SITE-COOLIT-SYN-01,MES,RESOURCE_CALENDAR,RCAL-CELL-ROBOT-01-2026-H57,RCAL-CELL-ROBOT-01-2026-H57,RESOLVED,2026-09-25T23:59:59-06:00,2026-09-26T08:00:00-06:00,2026-06-29T00:00:00-06:00,,1,,false,ACTUAL,,,VALID,CURRENT,coolit-synthetic-v2.0.0,ALL_SYNTHETIC_CUSTOMERS,ALL_SYNTHETIC_PROGRAMS,ALL_SYNTHETIC_PRODUCTS,SYNTHETIC_INTERNAL,SNP-COOLIT-20260925-BL,SCN-BASELINE,RCAL-CELL-ROBOT-01-2026-H57,CELL-ROBOT-01,2026-H57,4800,4200,0,240,KITTING_AND_ASSISTED_ASSEMBLY,PLANNED_MAINTENANCE,HISTORICAL_ACTUAL
TEN-COOLIT-SYN-001,SITE-COOLIT-SYN-01,MES,RESOURCE_CALENDAR,RCAL-CELL-ROBOT-01-2026-H58,RCAL-CELL-ROBOT-01-2026-H58,RESOLVED,2026-09-25T23:59:59-06:00,2026-09-26T08:00:00-06:00,2026-06-29T00:00:00-06:00,,1,,false,ACTUAL,,,VALID,CURRENT,coolit-synthetic-v2.0.0,ALL_SYNTHETIC_CUSTOMERS,ALL_SYNTHETIC_PROGRAMS,ALL_SYNTHETIC_PRODUCTS,SYNTHETIC_INTERNAL,SNP-COOLIT-20260925-BL,SCN-BASELINE,RCAL-CELL-ROBOT-01-2026-H58,CELL-ROBOT-01,2026-H58,4800,4200,0,0,KITTING_AND_ASSISTED_ASSEMBLY,,HISTORICAL_ACTUAL
TEN-COOLIT-SYN-001,SITE-COOLIT-SYN-01,MES,RESOURCE_CALENDAR,RCAL-CELL-ROBOT-01-2026-H59,RCAL-CELL-ROBOT-01-2026-H59,RESOLVED,2026-09-25T23:59:59-06:00,2026-09-26T08:00:00-06:00,2026-06-29T00:00:00-06:00,,1,,false,ACTUAL,,,VALID,CURRENT,coolit-synthetic-v2.0.0,ALL_SYNTHETIC_CUSTOMERS,ALL_SYNTHETIC_PROGRAMS,ALL_SYNTHETIC_PRODUCTS,SYNTHETIC_INTERNAL,SNP-COOLIT-20260925-BL,SCN-BASELINE,RCAL-CELL-ROBOT-01-2026-H59,CELL-ROBOT-01,2026-H59,4800,4200,0,0,KITTING_AND_ASSISTED_ASSEMBLY,,HISTORICAL_ACTUAL
TEN-COOLIT-SYN-001,SITE-COOLIT-SYN-01,MES,RESOURCE_CALENDAR,RCAL-CELL-ROBOT-01-2026-H60,RCAL-CELL-ROBOT-01-2026-H60,RESOLVED,2026-09-25T23:59:59-06:00,2026-09-26T08:00:00-06:00,2026-06-29T00:00:00-06:00,,1,,false,ACTUAL,,,VALID,CURRENT,coolit-synthetic-v2.0.0,ALL_SYNTHETIC_CUSTOMERS,ALL_SYNTHETIC_PROGRAMS,ALL_SYNTHETIC_PRODUCTS,SYNTHETIC_INTERNAL,SNP-COOLIT-20260925-BL,SCN-BASELINE,RCAL-CELL-ROBOT-01-2026-H60,CELL-ROBOT-01,2026-H60,4800,4200,0,0,KITTING_AND_ASSISTED_ASSEMBLY,,HISTORICAL_ACTUAL
TEN-COOLIT-SYN-001,SITE-COOLIT-SYN-01,MES,RESOURCE_CALENDAR,RCAL-CELL-ROBOT-01-2026-H61,RCAL-CELL-ROBOT-01-2026-H61,RESOLVED,2026-09-25T23:59:59-06:00,2026-09-26T08:00:00-06:00,2026-06-29T00:00:00-06:00,,1,,false,ACTUAL,,,VALID,CURRENT,coolit-synthetic-v2.0.0,ALL_SYNTHETIC_CUSTOMERS,ALL_SYNTHETIC_PROGRAMS,ALL_SYNTHETIC_PRODUCTS,SYNTHETIC_INTERNAL,SNP-COOLIT-20260925-BL,SCN-BASELINE,RCAL-CELL-ROBOT-01-2026-H61,CELL-ROBOT-01,2026-H61,4800,4200,0,0,KITTING_AND_ASSISTED_ASSEMBLY,,HISTORICAL_ACTUAL
TEN-COOLIT-SYN-001,SITE-COOLIT-SYN-01,MES,RESOURCE_CALENDAR,RCAL-CELL-ROBOT-01-2026-H62,RCAL-CELL-ROBOT-01-2026-H62,RESOLVED,2026-09-25T23:59:59-06:00,2026-09-26T08:00:00-06:00,2026-06-29T00:00:00-06:00,,1,,false,ACTUAL,,,VALID,CURRENT,coolit-synthetic-v2.0.0,ALL_SYNTHETIC_CUSTOMERS,ALL_SYNTHETIC_PROGRAMS,ALL_SYNTHETIC_PRODUCTS,SYNTHETIC_INTERNAL,SNP-COOLIT-20260925-BL,SCN-BASELINE,RCAL-CELL-ROBOT-01-2026-H62,CELL-ROBOT-01,2026-H62,4800,4200,0,0,KITTING_AND_ASSISTED_ASSEMBLY,,HISTORICAL_ACTUAL
TEN-COOLIT-SYN-001,SITE-COOLIT-SYN-01,MES,RESOURCE_CALENDAR,RCAL-CELL-ROBOT-01-2026-H63,RCAL-CELL-ROBOT-01-2026-H63,RESOLVED,2026-09-25T23:59:59-06:00,2026-09-26T08:00:00-06:00,2026-06-29T00:00:00-06:00,,1,,false,ACTUAL,,,VALID,CURRENT,coolit-synthetic-v2.0.0,ALL_SYNTHETIC_CUSTOMERS,ALL_SYNTHETIC_PROGRAMS,ALL_SYNTHETIC_PRODUCTS,SYNTHETIC_INTERNAL,SNP-COOLIT-20260925-BL,SCN-BASELINE,RCAL-CELL-ROBOT-01-2026-H63,CELL-ROBOT-01,2026-H63,4800,4200,0,0,KITTING_AND_ASSISTED_ASSEMBLY,,HISTORICAL_ACTUAL
TEN-COOLIT-SYN-001,SITE-COOLIT-SYN-01,MES,RESOURCE_CALENDAR,RCAL-CELL-ROBOT-01-2026-H64,RCAL-CELL-ROBOT-01-2026-H64,RESOLVED,2026-09-25T23:59:59-06:00,2026-09-26T08:00:00-06:00,2026-06-29T00:00:00-06:00,,1,,false,ACTUAL,,,VALID,CURRENT,coolit-synthetic-v2.0.0,ALL_SYNTHETIC_CUSTOMERS,ALL_SYNTHETIC_PROGRAMS,ALL_SYNTHETIC_PRODUCTS,SYNTHETIC_INTERNAL,SNP-COOLIT-20260925-BL,SCN-BASELINE,RCAL-CELL-ROBOT-01-2026-H64,CELL-ROBOT-01,2026-H64,4800,4200,0,0,KITTING_AND_ASSISTED_ASSEMBLY,,HISTORICAL_ACTUAL
TEN-COOLIT-SYN-001,SITE-COOLIT-SYN-01,MES,RESOURCE_CALENDAR,RCAL-CELL-ROBOT-01-2026-H65,RCAL-CELL-ROBOT-01-2026-H65,RESOLVED,2026-09-25T23:59:59-06:00,2026-09-26T08:00:00-06:00,2026-06-29T00:00:00-06:00,,1,,false,ACTUAL,,,VALID,CURRENT,coolit-synthetic-v2.0.0,ALL_SYNTHETIC_CUSTOMERS,ALL_SYNTHETIC_PROGRAMS,ALL_SYNTHETIC_PRODUCTS,SYNTHETIC_INTERNAL,SNP-COOLIT-20260925-BL,SCN-BASELINE,RCAL-CELL-ROBOT-01-2026-H65,CELL-ROBOT-01,2026-H65,4800,4200,0,240,KITTING_AND_ASSISTED_ASSEMBLY,PLANNED_MAINTENANCE,HISTORICAL_ACTUAL
TEN-COOLIT-SYN-001,SITE-COOLIT-SYN-01,MES,RESOURCE_CALENDAR,RCAL-CELL-ROBOT-01-2026-H66,RCAL-CELL-ROBOT-01-2026-H66,RESOLVED,2026-09-25T23:59:59-06:00,2026-09-26T08:00:00-06:00,2026-06-29T00:00:00-06:00,,1,,false,ACTUAL,,,VALID,CURRENT,coolit-synthetic-v2.0.0,ALL_SYNTHETIC_CUSTOMERS,ALL_SYNTHETIC_PROGRAMS,ALL_SYNTHETIC_PRODUCTS,SYNTHETIC_INTERNAL,SNP-COOLIT-20260925-BL,SCN-BASELINE,RCAL-CELL-ROBOT-01-2026-H66,CELL-ROBOT-01,2026-H66,4800,4200,0,0,KITTING_AND_ASSISTED_ASSEMBLY,,HISTORICAL_ACTUAL
TEN-COOLIT-SYN-001,SITE-COOLIT-SYN-01,MES,RESOURCE_CALENDAR,RCAL-CELL-ROBOT-01-2026-H67,RCAL-CELL-ROBOT-01-2026-H67,RESOLVED,2026-09-25T23:59:59-06:00,2026-09-26T08:00:00-06:00,2026-06-29T00:00:00-06:00,,1,,false,ACTUAL,,,VALID,CURRENT,coolit-synthetic-v2.0.0,ALL_SYNTHETIC_CUSTOMERS,ALL_SYNTHETIC_PROGRAMS,ALL_SYNTHETIC_PRODUCTS,SYNTHETIC_INTERNAL,SNP-COOLIT-20260925-BL,SCN-BASELINE,RCAL-CELL-ROBOT-01-2026-H67,CELL-ROBOT-01,2026-H67,4800,4200,0,0,KITTING_AND_ASSISTED_ASSEMBLY,,HISTORICAL_ACTUAL
TEN-COOLIT-SYN-001,SITE-COOLIT-SYN-01,MES,RESOURCE_CALENDAR,RCAL-CELL-ROBOT-01-2026-H68,RCAL-CELL-ROBOT-01-2026-H68,RESOLVED,2026-09-25T23:59:59-06:00,2026-09-26T08:00:00-06:00,2026-06-29T00:00:00-06:00,,1,,false,ACTUAL,,,VALID,CURRENT,coolit-synthetic-v2.0.0,ALL_SYNTHETIC_CUSTOMERS,ALL_SYNTHETIC_PROGRAMS,ALL_SYNTHETIC_PRODUCTS,SYNTHETIC_INTERNAL,SNP-COOLIT-20260925-BL,SCN-BASELINE,RCAL-CELL-ROBOT-01-2026-H68,CELL-ROBOT-01,2026-H68,4800,4200,0,0,KITTING_AND_ASSISTED_ASSEMBLY,,HISTORICAL_ACTUAL
TEN-COOLIT-SYN-001,SITE-COOLIT-SYN-01,MES,RESOURCE_CALENDAR,RCAL-CELL-ROBOT-01-2026-H69,RCAL-CELL-ROBOT-01-2026-H69,RESOLVED,2026-09-25T23:59:59-06:00,2026-09-26T08:00:00-06:00,2026-06-29T00:00:00-06:00,,1,,false,ACTUAL,,,VALID,CURRENT,coolit-synthetic-v2.0.0,ALL_SYNTHETIC_CUSTOMERS,ALL_SYNTHETIC_PROGRAMS,ALL_SYNTHETIC_PRODUCTS,SYNTHETIC_INTERNAL,SNP-COOLIT-20260925-BL,SCN-BASELINE,RCAL-CELL-ROBOT-01-2026-H69,CELL-ROBOT-01,2026-H69,4800,4200,0,0,KITTING_AND_ASSISTED_ASSEMBLY,,HISTORICAL_ACTUAL
TEN-COOLIT-SYN-001,SITE-COOLIT-SYN-01,MES,RESOURCE_CALENDAR,RCAL-CELL-ROBOT-01-2026-H70,RCAL-CELL-ROBOT-01-2026-H70,RESOLVED,2026-09-25T23:59:59-06:00,2026-09-26T08:00:00-06:00,2026-06-29T00:00:00-06:00,,1,,false,ACTUAL,,,VALID,CURRENT,coolit-synthetic-v2.0.0,ALL_SYNTHETIC_CUSTOMERS,ALL_SYNTHETIC_PROGRAMS,ALL_SYNTHETIC_PRODUCTS,SYNTHETIC_INTERNAL,SNP-COOLIT-20260925-BL,SCN-BASELINE,RCAL-CELL-ROBOT-01-2026-H70,CELL-ROBOT-01,2026-H70,4800,4200,0,0,KITTING_AND_ASSISTED_ASSEMBLY,,HISTORICAL_ACTUAL
TEN-COOLIT-SYN-001,SITE-COOLIT-SYN-01,MES,RESOURCE_CALENDAR,RCAL-CELL-ROBOT-01-2026-H71,RCAL-CELL-ROBOT-01-2026-H71,RESOLVED,2026-09-25T23:59:59-06:00,2026-09-26T08:00:00-06:00,2026-06-29T00:00:00-06:00,,1,,false,ACTUAL,,,VALID,CURRENT,coolit-synthetic-v2.0.0,ALL_SYNTHETIC_CUSTOMERS,ALL_SYNTHETIC_PROGRAMS,ALL_SYNTHETIC_PRODUCTS,SYNTHETIC_INTERNAL,SNP-COOLIT-20260925-BL,SCN-BASELINE,RCAL-CELL-ROBOT-01-2026-H71,CELL-ROBOT-01,2026-H71,4800,4200,0,0,KITTING_AND_ASSISTED_ASSEMBLY,,HISTORICAL_ACTUAL
TEN-COOLIT-SYN-001,SITE-COOLIT-SYN-01,MES,RESOURCE_CALENDAR,RCAL-CELL-ROBOT-01-2026-H72,RCAL-CELL-ROBOT-01-2026-H72,RESOLVED,2026-09-25T23:59:59-06:00,2026-09-26T08:00:00-06:00,2026-06-29T00:00:00-06:00,,1,,false,ACTUAL,,,VALID,CURRENT,coolit-synthetic-v2.0.0,ALL_SYNTHETIC_CUSTOMERS,ALL_SYNTHETIC_PROGRAMS,ALL_SYNTHETIC_PRODUCTS,SYNTHETIC_INTERNAL,SNP-COOLIT-20260925-BL,SCN-BASELINE,RCAL-CELL-ROBOT-01-2026-H72,CELL-ROBOT-01,2026-H72,4800,4200,0,0,KITTING_AND_ASSISTED_ASSEMBLY,,HISTORICAL_ACTUAL
TEN-COOLIT-SYN-001,SITE-COOLIT-SYN-01,MES,RESOURCE_CALENDAR,RCAL-CELL-ROBOT-01-2026-H73,RCAL-CELL-ROBOT-01-2026-H73,RESOLVED,2026-09-25T23:59:59-06:00,2026-09-26T08:00:00-06:00,2026-06-29T00:00:00-06:00,,1,,false,ACTUAL,,,VALID,CURRENT,coolit-synthetic-v2.0.0,ALL_SYNTHETIC_CUSTOMERS,ALL_SYNTHETIC_PROGRAMS,ALL_SYNTHETIC_PRODUCTS,SYNTHETIC_INTERNAL,SNP-COOLIT-20260925-BL,SCN-BASELINE,RCAL-CELL-ROBOT-01-2026-H73,CELL-ROBOT-01,2026-H73,4800,4200,0,240,KITTING_AND_ASSISTED_ASSEMBLY,PLANNED_MAINTENANCE,HISTORICAL_ACTUAL
TEN-COOLIT-SYN-001,SITE-COOLIT-SYN-01,MES,RESOURCE_CALENDAR,RCAL-CELL-ROBOT-01-2026-H74,RCAL-CELL-ROBOT-01-2026-H74,RESOLVED,2026-09-25T23:59:59-06:00,2026-09-26T08:00:00-06:00,2026-06-29T00:00:00-06:00,,1,,false,ACTUAL,,,VALID,CURRENT,coolit-synthetic-v2.0.0,ALL_SYNTHETIC_CUSTOMERS,ALL_SYNTHETIC_PROGRAMS,ALL_SYNTHETIC_PRODUCTS,SYNTHETIC_INTERNAL,SNP-COOLIT-20260925-BL,SCN-BASELINE,RCAL-CELL-ROBOT-01-2026-H74,CELL-ROBOT-01,2026-H74,4800,4200,0,0,KITTING_AND_ASSISTED_ASSEMBLY,,HISTORICAL_ACTUAL
TEN-COOLIT-SYN-001,SITE-COOLIT-SYN-01,MES,RESOURCE_CALENDAR,RCAL-CELL-ROBOT-01-2026-H75,RCAL-CELL-ROBOT-01-2026-H75,RESOLVED,2026-09-25T23:59:59-06:00,2026-09-26T08:00:00-06:00,2026-06-29T00:00:00-06:00,,1,,false,ACTUAL,,,VALID,CURRENT,coolit-synthetic-v2.0.0,ALL_SYNTHETIC_CUSTOMERS,ALL_SYNTHETIC_PROGRAMS,ALL_SYNTHETIC_PRODUCTS,SYNTHETIC_INTERNAL,SNP-COOLIT-20260925-BL,SCN-BASELINE,RCAL-CELL-ROBOT-01-2026-H75,CELL-ROBOT-01,2026-H75,4800,4200,0,0,KITTING_AND_ASSISTED_ASSEMBLY,,HISTORICAL_ACTUAL
TEN-COOLIT-SYN-001,SITE-COOLIT-SYN-01,MES,RESOURCE_CALENDAR,RCAL-CELL-ROBOT-01-2026-H76,RCAL-CELL-ROBOT-01-2026-H76,RESOLVED,2026-09-25T23:59:59-06:00,2026-09-26T08:00:00-06:00,2026-06-29T00:00:00-06:00,,1,,false,ACTUAL,,,VALID,CURRENT,coolit-synthetic-v2.0.0,ALL_SYNTHETIC_CUSTOMERS,ALL_SYNTHETIC_PROGRAMS,ALL_SYNTHETIC_PRODUCTS,SYNTHETIC_INTERNAL,SNP-COOLIT-20260925-BL,SCN-BASELINE,RCAL-CELL-ROBOT-01-2026-H76,CELL-ROBOT-01,2026-H76,4800,4200,0,0,KITTING_AND_ASSISTED_ASSEMBLY,,HISTORICAL_ACTUAL
TEN-COOLIT-SYN-001,SITE-COOLIT-SYN-01,MES,RESOURCE_CALENDAR,RCAL-CELL-ROBOT-01-2026-H77,RCAL-CELL-ROBOT-01-2026-H77,RESOLVED,2026-09-25T23:59:59-06:00,2026-09-26T08:00:00-06:00,2026-06-29T00:00:00-06:00,,1,,false,ACTUAL,,,VALID,CURRENT,coolit-synthetic-v2.0.0,ALL_SYNTHETIC_CUSTOMERS,ALL_SYNTHETIC_PROGRAMS,ALL_SYNTHETIC_PRODUCTS,SYNTHETIC_INTERNAL,SNP-COOLIT-20260925-BL,SCN-BASELINE,RCAL-CELL-ROBOT-01-2026-H77,CELL-ROBOT-01,2026-H77,4800,4200,0,0,KITTING_AND_ASSISTED_ASSEMBLY,,HISTORICAL_ACTUAL
TEN-COOLIT-SYN-001,SITE-COOLIT-SYN-01,MES,RESOURCE_CALENDAR,RCAL-CELL-ROBOT-01-2026-H78,RCAL-CELL-ROBOT-01-2026-H78,RESOLVED,2026-09-25T23:59:59-06:00,2026-09-26T08:00:00-06:00,2026-06-29T00:00:00-06:00,,1,,false,ACTUAL,,,VALID,CURRENT,coolit-synthetic-v2.0.0,ALL_SYNTHETIC_CUSTOMERS,ALL_SYNTHETIC_PROGRAMS,ALL_SYNTHETIC_PRODUCTS,SYNTHETIC_INTERNAL,SNP-COOLIT-20260925-BL,SCN-BASELINE,RCAL-CELL-ROBOT-01-2026-H78,CELL-ROBOT-01,2026-H78,4800,4200,0,0,KITTING_AND_ASSISTED_ASSEMBLY,,HISTORICAL_ACTUAL
TEN-COOLIT-SYN-001,SITE-COOLIT-SYN-01,MES,RESOURCE_CALENDAR,RCAL-CELL-ROBOT-01-2026-H79,RCAL-CELL-ROBOT-01-2026-H79,RESOLVED,2026-09-25T23:59:59-06:00,2026-09-26T08:00:00-06:00,2026-06-29T00:00:00-06:00,,1,,false,ACTUAL,,,VALID,CURRENT,coolit-synthetic-v2.0.0,ALL_SYNTHETIC_CUSTOMERS,ALL_SYNTHETIC_PROGRAMS,ALL_SYNTHETIC_PRODUCTS,SYNTHETIC_INTERNAL,SNP-COOLIT-20260925-BL,SCN-BASELINE,RCAL-CELL-ROBOT-01-2026-H79,CELL-ROBOT-01,2026-H79,4800,4200,0,0,KITTING_AND_ASSISTED_ASSEMBLY,,HISTORICAL_ACTUAL
TEN-COOLIT-SYN-001,SITE-COOLIT-SYN-01,MES,RESOURCE_CALENDAR,RCAL-CELL-ROBOT-01-2026-H80,RCAL-CELL-ROBOT-01-2026-H80,RESOLVED,2026-09-25T23:59:59-06:00,2026-09-26T08:00:00-06:00,2026-06-29T00:00:00-06:00,,1,,false,ACTUAL,,,VALID,CURRENT,coolit-synthetic-v2.0.0,ALL_SYNTHETIC_CUSTOMERS,ALL_SYNTHETIC_PROGRAMS,ALL_SYNTHETIC_PRODUCTS,SYNTHETIC_INTERNAL,SNP-COOLIT-20260925-BL,SCN-BASELINE,RCAL-CELL-ROBOT-01-2026-H80,CELL-ROBOT-01,2026-H80,4800,4200,0,0,KITTING_AND_ASSISTED_ASSEMBLY,,HISTORICAL_ACTUAL
TEN-COOLIT-SYN-001,SITE-COOLIT-SYN-01,MES,RESOURCE_CALENDAR,RCAL-CELL-ROBOT-01-2026-H81,RCAL-CELL-ROBOT-01-2026-H81,RESOLVED,2026-09-25T23:59:59-06:00,2026-09-26T08:00:00-06:00,2026-06-29T00:00:00-06:00,,1,,false,ACTUAL,,,VALID,CURRENT,coolit-synthetic-v2.0.0,ALL_SYNTHETIC_CUSTOMERS,ALL_SYNTHETIC_PROGRAMS,ALL_SYNTHETIC_PRODUCTS,SYNTHETIC_INTERNAL,SNP-COOLIT-20260925-BL,SCN-BASELINE,RCAL-CELL-ROBOT-01-2026-H81,CELL-ROBOT-01,2026-H81,4800,4200,0,240,KITTING_AND_ASSISTED_ASSEMBLY,PLANNED_MAINTENANCE,HISTORICAL_ACTUAL
TEN-COOLIT-SYN-001,SITE-COOLIT-SYN-01,MES,RESOURCE_CALENDAR,RCAL-CELL-ROBOT-01-2026-H82,RCAL-CELL-ROBOT-01-2026-H82,RESOLVED,2026-09-25T23:59:59-06:00,2026-09-26T08:00:00-06:00,2026-06-29T00:00:00-06:00,,1,,false,ACTUAL,,,VALID,CURRENT,coolit-synthetic-v2.0.0,ALL_SYNTHETIC_CUSTOMERS,ALL_SYNTHETIC_PROGRAMS,ALL_SYNTHETIC_PRODUCTS,SYNTHETIC_INTERNAL,SNP-COOLIT-20260925-BL,SCN-BASELINE,RCAL-CELL-ROBOT-01-2026-H82,CELL-ROBOT-01,2026-H82,4800,4200,0,0,KITTING_AND_ASSISTED_ASSEMBLY,,HISTORICAL_ACTUAL
TEN-COOLIT-SYN-001,SITE-COOLIT-SYN-01,MES,RESOURCE_CALENDAR,RCAL-CELL-ROBOT-01-2026-H83,RCAL-CELL-ROBOT-01-2026-H83,RESOLVED,2026-09-25T23:59:59-06:00,2026-09-26T08:00:00-06:00,2026-06-29T00:00:00-06:00,,1,,false,ACTUAL,,,VALID,CURRENT,coolit-synthetic-v2.0.0,ALL_SYNTHETIC_CUSTOMERS,ALL_SYNTHETIC_PROGRAMS,ALL_SYNTHETIC_PRODUCTS,SYNTHETIC_INTERNAL,SNP-COOLIT-20260925-BL,SCN-BASELINE,RCAL-CELL-ROBOT-01-2026-H83,CELL-ROBOT-01,2026-H83,4800,4200,0,0,KITTING_AND_ASSISTED_ASSEMBLY,,HISTORICAL_ACTUAL
TEN-COOLIT-SYN-001,SITE-COOLIT-SYN-01,MES,RESOURCE_CALENDAR,RCAL-CELL-ROBOT-01-2026-H84,RCAL-CELL-ROBOT-01-2026-H84,RESOLVED,2026-09-25T23:59:59-06:00,2026-09-26T08:00:00-06:00,2026-06-29T00:00:00-06:00,,1,,false,ACTUAL,,,VALID,CURRENT,coolit-synthetic-v2.0.0,ALL_SYNTHETIC_CUSTOMERS,ALL_SYNTHETIC_PROGRAMS,ALL_SYNTHETIC_PRODUCTS,SYNTHETIC_INTERNAL,SNP-COOLIT-20260925-BL,SCN-BASELINE,RCAL-CELL-ROBOT-01-2026-H84,CELL-ROBOT-01,2026-H84,4800,4200,0,0,KITTING_AND_ASSISTED_ASSEMBLY,,HISTORICAL_ACTUAL
TEN-COOLIT-SYN-001,SITE-COOLIT-SYN-01,MES,RESOURCE_CALENDAR,RCAL-CELL-ROBOT-01-2026-H85,RCAL-CELL-ROBOT-01-2026-H85,RESOLVED,2026-09-25T23:59:59-06:00,2026-09-26T08:00:00-06:00,2026-06-29T00:00:00-06:00,,1,,false,ACTUAL,,,VALID,CURRENT,coolit-synthetic-v2.0.0,ALL_SYNTHETIC_CUSTOMERS,ALL_SYNTHETIC_PROGRAMS,ALL_SYNTHETIC_PRODUCTS,SYNTHETIC_INTERNAL,SNP-COOLIT-20260925-BL,SCN-BASELINE,RCAL-CELL-ROBOT-01-2026-H85,CELL-ROBOT-01,2026-H85,4800,4200,0,0,KITTING_AND_ASSISTED_ASSEMBLY,,HISTORICAL_ACTUAL
TEN-COOLIT-SYN-001,SITE-COOLIT-SYN-01,MES,RESOURCE_CALENDAR,RCAL-CELL-ROBOT-01-2026-H86,RCAL-CELL-ROBOT-01-2026-H86,RESOLVED,2026-09-25T23:59:59-06:00,2026-09-26T08:00:00-06:00,2026-06-29T00:00:00-06:00,,1,,false,ACTUAL,,,VALID,CURRENT,coolit-synthetic-v2.0.0,ALL_SYNTHETIC_CUSTOMERS,ALL_SYNTHETIC_PROGRAMS,ALL_SYNTHETIC_PRODUCTS,SYNTHETIC_INTERNAL,SNP-COOLIT-20260925-BL,SCN-BASELINE,RCAL-CELL-ROBOT-01-2026-H86,CELL-ROBOT-01,2026-H86,4800,4200,0,0,KITTING_AND_ASSISTED_ASSEMBLY,,HISTORICAL_ACTUAL
TEN-COOLIT-SYN-001,SITE-COOLIT-SYN-01,MES,RESOURCE_CALENDAR,RCAL-CELL-ROBOT-01-2026-H87,RCAL-CELL-ROBOT-01-2026-H87,RESOLVED,2026-09-25T23:59:59-06:00,2026-09-26T08:00:00-06:00,2026-06-29T00:00:00-06:00,,1,,false,ACTUAL,,,VALID,CURRENT,coolit-synthetic-v2.0.0,ALL_SYNTHETIC_CUSTOMERS,ALL_SYNTHETIC_PROGRAMS,ALL_SYNTHETIC_PRODUCTS,SYNTHETIC_INTERNAL,SNP-COOLIT-20260925-BL,SCN-BASELINE,RCAL-CELL-ROBOT-01-2026-H87,CELL-ROBOT-01,2026-H87,4800,4200,0,0,KITTING_AND_ASSISTED_ASSEMBLY,,HISTORICAL_ACTUAL
TEN-COOLIT-SYN-001,SITE-COOLIT-SYN-01,MES,RESOURCE_CALENDAR,RCAL-CELL-ROBOT-01-2026-H88,RCAL-CELL-ROBOT-01-2026-H88,RESOLVED,2026-09-25T23:59:59-06:00,2026-09-26T08:00:00-06:00,2026-06-29T00:00:00-06:00,,1,,false,ACTUAL,,,VALID,CURRENT,coolit-synthetic-v2.0.0,ALL_SYNTHETIC_CUSTOMERS,ALL_SYNTHETIC_PROGRAMS,ALL_SYNTHETIC_PRODUCTS,SYNTHETIC_INTERNAL,SNP-COOLIT-20260925-BL,SCN-BASELINE,RCAL-CELL-ROBOT-01-2026-H88,CELL-ROBOT-01,2026-H88,4800,4200,0,0,KITTING_AND_ASSISTED_ASSEMBLY,,HISTORICAL_ACTUAL
TEN-COOLIT-SYN-001,SITE-COOLIT-SYN-01,MES,RESOURCE_CALENDAR,RCAL-CELL-ROBOT-01-2026-H89,RCAL-CELL-ROBOT-01-2026-H89,RESOLVED,2026-09-25T23:59:59-06:00,2026-09-26T08:00:00-06:00,2026-06-29T00:00:00-06:00,,1,,false,ACTUAL,,,VALID,CURRENT,coolit-synthetic-v2.0.0,ALL_SYNTHETIC_CUSTOMERS,ALL_SYNTHETIC_PROGRAMS,ALL_SYNTHETIC_PRODUCTS,SYNTHETIC_INTERNAL,SNP-COOLIT-20260925-BL,SCN-BASELINE,RCAL-CELL-ROBOT-01-2026-H89,CELL-ROBOT-01,2026-H89,4800,4200,0,240,KITTING_AND_ASSISTED_ASSEMBLY,PLANNED_MAINTENANCE,HISTORICAL_ACTUAL
TEN-COOLIT-SYN-001,SITE-COOLIT-SYN-01,MES,RESOURCE_CALENDAR,RCAL-CELL-ROBOT-01-2026-H90,RCAL-CELL-ROBOT-01-2026-H90,RESOLVED,2026-09-25T23:59:59-06:00,2026-09-26T08:00:00-06:00,2026-06-29T00:00:00-06:00,,1,,false,ACTUAL,,,VALID,CURRENT,coolit-synthetic-v2.0.0,ALL_SYNTHETIC_CUSTOMERS,ALL_SYNTHETIC_PROGRAMS,ALL_SYNTHETIC_PRODUCTS,SYNTHETIC_INTERNAL,SNP-COOLIT-20260925-BL,SCN-BASELINE,RCAL-CELL-ROBOT-01-2026-H90,CELL-ROBOT-01,2026-H90,4800,4200,0,0,KITTING_AND_ASSISTED_ASSEMBLY,,HISTORICAL_ACTUAL
TEN-COOLIT-SYN-001,SITE-COOLIT-SYN-01,MES,RESOURCE_CALENDAR,RCAL-CELL-ROBOT-01-2026-H91,RCAL-CELL-ROBOT-01-2026-H91,RESOLVED,2026-09-25T23:59:59-06:00,2026-09-26T08:00:00-06:00,2026-06-29T00:00:00-06:00,,1,,false,ACTUAL,,,VALID,CURRENT,coolit-synthetic-v2.0.0,ALL_SYNTHETIC_CUSTOMERS,ALL_SYNTHETIC_PROGRAMS,ALL_SYNTHETIC_PRODUCTS,SYNTHETIC_INTERNAL,SNP-COOLIT-20260925-BL,SCN-BASELINE,RCAL-CELL-ROBOT-01-2026-H91,CELL-ROBOT-01,2026-H91,4800,4200,0,0,KITTING_AND_ASSISTED_ASSEMBLY,,HISTORICAL_ACTUAL
TEN-COOLIT-SYN-001,SITE-COOLIT-SYN-01,MES,RESOURCE_CALENDAR,RCAL-CELL-ROBOT-01-2026-H92,RCAL-CELL-ROBOT-01-2026-H92,RESOLVED,2026-09-25T23:59:59-06:00,2026-09-26T08:00:00-06:00,2026-06-29T00:00:00-06:00,,1,,false,ACTUAL,,,VALID,CURRENT,coolit-synthetic-v2.0.0,ALL_SYNTHETIC_CUSTOMERS,ALL_SYNTHETIC_PROGRAMS,ALL_SYNTHETIC_PRODUCTS,SYNTHETIC_INTERNAL,SNP-COOLIT-20260925-BL,SCN-BASELINE,RCAL-CELL-ROBOT-01-2026-H92,CELL-ROBOT-01,2026-H92,4800,4200,0,0,KITTING_AND_ASSISTED_ASSEMBLY,,HISTORICAL_ACTUAL
TEN-COOLIT-SYN-001,SITE-COOLIT-SYN-01,MES,RESOURCE_CALENDAR,RCAL-CELL-ROBOT-01-2026-H93,RCAL-CELL-ROBOT-01-2026-H93,RESOLVED,2026-09-25T23:59:59-06:00,2026-09-26T08:00:00-06:00,2026-06-29T00:00:00-06:00,,1,,false,ACTUAL,,,VALID,CURRENT,coolit-synthetic-v2.0.0,ALL_SYNTHETIC_CUSTOMERS,ALL_SYNTHETIC_PROGRAMS,ALL_SYNTHETIC_PRODUCTS,SYNTHETIC_INTERNAL,SNP-COOLIT-20260925-BL,SCN-BASELINE,RCAL-CELL-ROBOT-01-2026-H93,CELL-ROBOT-01,2026-H93,4800,4200,0,0,KITTING_AND_ASSISTED_ASSEMBLY,,HISTORICAL_ACTUAL
TEN-COOLIT-SYN-001,SITE-COOLIT-SYN-01,MES,RESOURCE_CALENDAR,RCAL-CELL-ROBOT-01-2026-H94,RCAL-CELL-ROBOT-01-2026-H94,RESOLVED,2026-09-25T23:59:59-06:00,2026-09-26T08:00:00-06:00,2026-06-29T00:00:00-06:00,,1,,false,ACTUAL,,,VALID,CURRENT,coolit-synthetic-v2.0.0,ALL_SYNTHETIC_CUSTOMERS,ALL_SYNTHETIC_PROGRAMS,ALL_SYNTHETIC_PRODUCTS,SYNTHETIC_INTERNAL,SNP-COOLIT-20260925-BL,SCN-BASELINE,RCAL-CELL-ROBOT-01-2026-H94,CELL-ROBOT-01,2026-H94,4800,4200,0,0,KITTING_AND_ASSISTED_ASSEMBLY,,HISTORICAL_ACTUAL
TEN-COOLIT-SYN-001,SITE-COOLIT-SYN-01,MES,RESOURCE_CALENDAR,RCAL-CELL-ROBOT-01-2026-H95,RCAL-CELL-ROBOT-01-2026-H95,RESOLVED,2026-09-25T23:59:59-06:00,2026-09-26T08:00:00-06:00,2026-06-29T00:00:00-06:00,,1,,false,ACTUAL,,,VALID,CURRENT,coolit-synthetic-v2.0.0,ALL_SYNTHETIC_CUSTOMERS,ALL_SYNTHETIC_PROGRAMS,ALL_SYNTHETIC_PRODUCTS,SYNTHETIC_INTERNAL,SNP-COOLIT-20260925-BL,SCN-BASELINE,RCAL-CELL-ROBOT-01-2026-H95,CELL-ROBOT-01,2026-H95,4800,4200,0,0,KITTING_AND_ASSISTED_ASSEMBLY,,HISTORICAL_ACTUAL
TEN-COOLIT-SYN-001,SITE-COOLIT-SYN-01,MES,RESOURCE_CALENDAR,RCAL-CELL-ROBOT-01-2026-H96,RCAL-CELL-ROBOT-01-2026-H96,RESOLVED,2026-09-25T23:59:59-06:00,2026-09-26T08:00:00-06:00,2026-06-29T00:00:00-06:00,,1,,false,ACTUAL,,,VALID,CURRENT,coolit-synthetic-v2.0.0,ALL_SYNTHETIC_CUSTOMERS,ALL_SYNTHETIC_PROGRAMS,ALL_SYNTHETIC_PRODUCTS,SYNTHETIC_INTERNAL,SNP-COOLIT-20260925-BL,SCN-BASELINE,RCAL-CELL-ROBOT-01-2026-H96,CELL-ROBOT-01,2026-H96,4800,4200,0,0,KITTING_AND_ASSISTED_ASSEMBLY,,HISTORICAL_ACTUAL
TEN-COOLIT-SYN-001,SITE-COOLIT-SYN-01,MES,RESOURCE_CALENDAR,RCAL-CELL-ROBOT-01-2026-H97,RCAL-CELL-ROBOT-01-2026-H97,RESOLVED,2026-09-25T23:59:59-06:00,2026-09-26T08:00:00-06:00,2026-06-29T00:00:00-06:00,,1,,false,ACTUAL,,,VALID,CURRENT,coolit-synthetic-v2.0.0,ALL_SYNTHETIC_CUSTOMERS,ALL_SYNTHETIC_PROGRAMS,ALL_SYNTHETIC_PRODUCTS,SYNTHETIC_INTERNAL,SNP-COOLIT-20260925-BL,SCN-BASELINE,RCAL-CELL-ROBOT-01-2026-H97,CELL-ROBOT-01,2026-H97,4800,4200,0,240,KITTING_AND_ASSISTED_ASSEMBLY,PLANNED_MAINTENANCE,HISTORICAL_ACTUAL
TEN-COOLIT-SYN-001,SITE-COOLIT-SYN-01,MES,RESOURCE_CALENDAR,RCAL-CELL-ROBOT-01-2026-H98,RCAL-CELL-ROBOT-01-2026-H98,RESOLVED,2026-09-25T23:59:59-06:00,2026-09-26T08:00:00-06:00,2026-06-29T00:00:00-06:00,,1,,false,ACTUAL,,,VALID,CURRENT,coolit-synthetic-v2.0.0,ALL_SYNTHETIC_CUSTOMERS,ALL_SYNTHETIC_PROGRAMS,ALL_SYNTHETIC_PRODUCTS,SYNTHETIC_INTERNAL,SNP-COOLIT-20260925-BL,SCN-BASELINE,RCAL-CELL-ROBOT-01-2026-H98,CELL-ROBOT-01,2026-H98,4800,4200,0,0,KITTING_AND_ASSISTED_ASSEMBLY,,HISTORICAL_ACTUAL
TEN-COOLIT-SYN-001,SITE-COOLIT-SYN-01,MES,RESOURCE_CALENDAR,RCAL-CELL-ROBOT-01-2026-H99,RCAL-CELL-ROBOT-01-2026-H99,RESOLVED,2026-09-25T23:59:59-06:00,2026-09-26T08:00:00-06:00,2026-06-29T00:00:00-06:00,,1,,false,ACTUAL,,,VALID,CURRENT,coolit-synthetic-v2.0.0,ALL_SYNTHETIC_CUSTOMERS,ALL_SYNTHETIC_PROGRAMS,ALL_SYNTHETIC_PRODUCTS,SYNTHETIC_INTERNAL,SNP-COOLIT-20260925-BL,SCN-BASELINE,RCAL-CELL-ROBOT-01-2026-H99,CELL-ROBOT-01,2026-H99,4800,4200,0,0,KITTING_AND_ASSISTED_ASSEMBLY,,HISTORICAL_ACTUAL
TEN-COOLIT-SYN-001,SITE-COOLIT-SYN-01,MES,RESOURCE_CALENDAR,RCAL-CELL-ROBOT-01-2026-H100,RCAL-CELL-ROBOT-01-2026-H100,RESOLVED,2026-09-25T23:59:59-06:00,2026-09-26T08:00:00-06:00,2026-06-29T00:00:00-06:00,,1,,false,ACTUAL,,,VALID,CURRENT,coolit-synthetic-v2.0.0,ALL_SYNTHETIC_CUSTOMERS,ALL_SYNTHETIC_PROGRAMS,ALL_SYNTHETIC_PRODUCTS,SYNTHETIC_INTERNAL,SNP-COOLIT-20260925-BL,SCN-BASELINE,RCAL-CELL-ROBOT-01-2026-H100,CELL-ROBOT-01,2026-H100,4800,4200,0,0,KITTING_AND_ASSISTED_ASSEMBLY,,HISTORICAL_ACTUAL
TEN-COOLIT-SYN-001,SITE-COOLIT-SYN-01,MES,RESOURCE_CALENDAR,RCAL-CELL-ROBOT-01-2026-H101,RCAL-CELL-ROBOT-01-2026-H101,RESOLVED,2026-09-25T23:59:59-06:00,2026-09-26T08:00:00-06:00,2026-06-29T00:00:00-06:00,,1,,false,ACTUAL,,,VALID,CURRENT,coolit-synthetic-v2.0.0,ALL_SYNTHETIC_CUSTOMERS,ALL_SYNTHETIC_PROGRAMS,ALL_SYNTHETIC_PRODUCTS,SYNTHETIC_INTERNAL,SNP-COOLIT-20260925-BL,SCN-BASELINE,RCAL-CELL-ROBOT-01-2026-H101,CELL-ROBOT-01,2026-H101,4800,4200,0,0,KITTING_AND_ASSISTED_ASSEMBLY,,HISTORICAL_ACTUAL
TEN-COOLIT-SYN-001,SITE-COOLIT-SYN-01,MES,RESOURCE_CALENDAR,RCAL-CELL-ROBOT-01-2026-H102,RCAL-CELL-ROBOT-01-2026-H102,RESOLVED,2026-09-25T23:59:59-06:00,2026-09-26T08:00:00-06:00,2026-06-29T00:00:00-06:00,,1,,false,ACTUAL,,,VALID,CURRENT,coolit-synthetic-v2.0.0,ALL_SYNTHETIC_CUSTOMERS,ALL_SYNTHETIC_PROGRAMS,ALL_SYNTHETIC_PRODUCTS,SYNTHETIC_INTERNAL,SNP-COOLIT-20260925-BL,SCN-BASELINE,RCAL-CELL-ROBOT-01-2026-H102,CELL-ROBOT-01,2026-H102,4800,4200,0,0,KITTING_AND_ASSISTED_ASSEMBLY,,HISTORICAL_ACTUAL
TEN-COOLIT-SYN-001,SITE-COOLIT-SYN-01,MES,RESOURCE_CALENDAR,RCAL-CELL-ROBOT-01-2026-H103,RCAL-CELL-ROBOT-01-2026-H103,RESOLVED,2026-09-25T23:59:59-06:00,2026-09-26T08:00:00-06:00,2026-06-29T00:00:00-06:00,,1,,false,ACTUAL,,,VALID,CURRENT,coolit-synthetic-v2.0.0,ALL_SYNTHETIC_CUSTOMERS,ALL_SYNTHETIC_PROGRAMS,ALL_SYNTHETIC_PRODUCTS,SYNTHETIC_INTERNAL,SNP-COOLIT-20260925-BL,SCN-BASELINE,RCAL-CELL-ROBOT-01-2026-H103,CELL-ROBOT-01,2026-H103,4800,4200,0,0,KITTING_AND_ASSISTED_ASSEMBLY,,HISTORICAL_ACTUAL
TEN-COOLIT-SYN-001,SITE-COOLIT-SYN-01,MES,RESOURCE_CALENDAR,RCAL-CELL-ROBOT-01-2026-H104,RCAL-CELL-ROBOT-01-2026-H104,RESOLVED,2026-09-25T23:59:59-06:00,2026-09-26T08:00:00-06:00,2026-06-29T00:00:00-06:00,,1,,false,ACTUAL,,,VALID,CURRENT,coolit-synthetic-v2.0.0,ALL_SYNTHETIC_CUSTOMERS,ALL_SYNTHETIC_PROGRAMS,ALL_SYNTHETIC_PRODUCTS,SYNTHETIC_INTERNAL,SNP-COOLIT-20260925-BL,SCN-BASELINE,RCAL-CELL-ROBOT-01-2026-H104,CELL-ROBOT-01,2026-H104,4800,4200,0,0,KITTING_AND_ASSISTED_ASSEMBLY,,HISTORICAL_ACTUAL
TEN-COOLIT-SYN-001,SITE-COOLIT-SYN-01,MES,RESOURCE_CALENDAR,RCAL-CELL-ROBOT-01-2026-P01,RCAL-CELL-ROBOT-01-2026-P01,RESOLVED,2026-09-25T23:59:59-06:00,2026-09-26T08:00:00-06:00,2026-06-29T00:00:00-06:00,,1,,false,PLAN,,,VALID,CURRENT,coolit-synthetic-v2.0.0,ALL_SYNTHETIC_CUSTOMERS,ALL_SYNTHETIC_PROGRAMS,ALL_SYNTHETIC_PRODUCTS,SYNTHETIC_INTERNAL,SNP-COOLIT-20260925-BL,SCN-BASELINE,RCAL-CELL-ROBOT-01-2026-P01,CELL-ROBOT-01,2026-P01,4800,4200,300,240,KITTING_AND_ASSISTED_ASSEMBLY,PLANNED_MAINTENANCE,PLANNING_FUTURE
TEN-COOLIT-SYN-001,SITE-COOLIT-SYN-01,MES,RESOURCE_CALENDAR,RCAL-CELL-ROBOT-01-2026-P02,RCAL-CELL-ROBOT-01-2026-P02,RESOLVED,2026-09-25T23:59:59-06:00,2026-09-26T08:00:00-06:00,2026-06-29T00:00:00-06:00,,1,,false,PLAN,,,VALID,CURRENT,coolit-synthetic-v2.0.0,ALL_SYNTHETIC_CUSTOMERS,ALL_SYNTHETIC_PROGRAMS,ALL_SYNTHETIC_PRODUCTS,SYNTHETIC_INTERNAL,SNP-COOLIT-20260925-BL,SCN-BASELINE,RCAL-CELL-ROBOT-01-2026-P02,CELL-ROBOT-01,2026-P02,4800,4200,300,0,KITTING_AND_ASSISTED_ASSEMBLY,,PLANNING_FUTURE
TEN-COOLIT-SYN-001,SITE-COOLIT-SYN-01,MES,RESOURCE_CALENDAR,RCAL-CELL-ROBOT-01-2026-P03,RCAL-CELL-ROBOT-01-2026-P03,RESOLVED,2026-09-25T23:59:59-06:00,2026-09-26T08:00:00-06:00,2026-06-29T00:00:00-06:00,,1,,false,PLAN,,,VALID,CURRENT,coolit-synthetic-v2.0.0,ALL_SYNTHETIC_CUSTOMERS,ALL_SYNTHETIC_PROGRAMS,ALL_SYNTHETIC_PRODUCTS,SYNTHETIC_INTERNAL,SNP-COOLIT-20260925-BL,SCN-BASELINE,RCAL-CELL-ROBOT-01-2026-P03,CELL-ROBOT-01,2026-P03,4800,4200,300,0,KITTING_AND_ASSISTED_ASSEMBLY,,PLANNING_FUTURE
TEN-COOLIT-SYN-001,SITE-COOLIT-SYN-01,MES,RESOURCE_CALENDAR,RCAL-CELL-ROBOT-01-2026-P04,RCAL-CELL-ROBOT-01-2026-P04,RESOLVED,2026-09-25T23:59:59-06:00,2026-09-26T08:00:00-06:00,2026-06-29T00:00:00-06:00,,1,,false,PLAN,,,VALID,CURRENT,coolit-synthetic-v2.0.0,ALL_SYNTHETIC_CUSTOMERS,ALL_SYNTHETIC_PROGRAMS,ALL_SYNTHETIC_PRODUCTS,SYNTHETIC_INTERNAL,SNP-COOLIT-20260925-BL,SCN-BASELINE,RCAL-CELL-ROBOT-01-2026-P04,CELL-ROBOT-01,2026-P04,4800,4200,300,0,KITTING_AND_ASSISTED_ASSEMBLY,,PLANNING_FUTURE
TEN-COOLIT-SYN-001,SITE-COOLIT-SYN-01,MES,RESOURCE_CALENDAR,RCAL-CELL-ROBOT-01-2026-P05,RCAL-CELL-ROBOT-01-2026-P05,RESOLVED,2026-09-25T23:59:59-06:00,2026-09-26T08:00:00-06:00,2026-06-29T00:00:00-06:00,,1,,false,PLAN,,,VALID,CURRENT,coolit-synthetic-v2.0.0,ALL_SYNTHETIC_CUSTOMERS,ALL_SYNTHETIC_PROGRAMS,ALL_SYNTHETIC_PRODUCTS,SYNTHETIC_INTERNAL,SNP-COOLIT-20260925-BL,SCN-BASELINE,RCAL-CELL-ROBOT-01-2026-P05,CELL-ROBOT-01,2026-P05,4800,4200,300,0,KITTING_AND_ASSISTED_ASSEMBLY,,PLANNING_FUTURE
TEN-COOLIT-SYN-001,SITE-COOLIT-SYN-01,MES,RESOURCE_CALENDAR,RCAL-CELL-ROBOT-01-2026-P06,RCAL-CELL-ROBOT-01-2026-P06,RESOLVED,2026-09-25T23:59:59-06:00,2026-09-26T08:00:00-06:00,2026-06-29T00:00:00-06:00,,1,,false,PLAN,,,VALID,CURRENT,coolit-synthetic-v2.0.0,ALL_SYNTHETIC_CUSTOMERS,ALL_SYNTHETIC_PROGRAMS,ALL_SYNTHETIC_PRODUCTS,SYNTHETIC_INTERNAL,SNP-COOLIT-20260925-BL,SCN-BASELINE,RCAL-CELL-ROBOT-01-2026-P06,CELL-ROBOT-01,2026-P06,4800,4200,300,0,KITTING_AND_ASSISTED_ASSEMBLY,,PLANNING_FUTURE
TEN-COOLIT-SYN-001,SITE-COOLIT-SYN-01,MES,RESOURCE_CALENDAR,RCAL-CELL-ROBOT-01-2026-P07,RCAL-CELL-ROBOT-01-2026-P07,RESOLVED,2026-09-25T23:59:59-06:00,2026-09-26T08:00:00-06:00,2026-06-29T00:00:00-06:00,,1,,false,PLAN,,,VALID,CURRENT,coolit-synthetic-v2.0.0,ALL_SYNTHETIC_CUSTOMERS,ALL_SYNTHETIC_PROGRAMS,ALL_SYNTHETIC_PRODUCTS,SYNTHETIC_INTERNAL,SNP-COOLIT-20260925-BL,SCN-BASELINE,RCAL-CELL-ROBOT-01-2026-P07,CELL-ROBOT-01,2026-P07,4800,4200,300,0,KITTING_AND_ASSISTED_ASSEMBLY,,PLANNING_FUTURE
TEN-COOLIT-SYN-001,SITE-COOLIT-SYN-01,MES,RESOURCE_CALENDAR,RCAL-CELL-ROBOT-01-2026-P08,RCAL-CELL-ROBOT-01-2026-P08,RESOLVED,2026-09-25T23:59:59-06:00,2026-09-26T08:00:00-06:00,2026-06-29T00:00:00-06:00,,1,,false,PLAN,,,VALID,CURRENT,coolit-synthetic-v2.0.0,ALL_SYNTHETIC_CUSTOMERS,ALL_SYNTHETIC_PROGRAMS,ALL_SYNTHETIC_PRODUCTS,SYNTHETIC_INTERNAL,SNP-COOLIT-20260925-BL,SCN-BASELINE,RCAL-CELL-ROBOT-01-2026-P08,CELL-ROBOT-01,2026-P08,4800,4200,300,0,KITTING_AND_ASSISTED_ASSEMBLY,,PLANNING_FUTURE
TEN-COOLIT-SYN-001,SITE-COOLIT-SYN-01,MES,RESOURCE_CALENDAR,RCAL-CELL-ROBOT-01-2026-P09,RCAL-CELL-ROBOT-01-2026-P09,RESOLVED,2026-09-25T23:59:59-06:00,2026-09-26T08:00:00-06:00,2026-06-29T00:00:00-06:00,,1,,false,PLAN,,,VALID,CURRENT,coolit-synthetic-v2.0.0,ALL_SYNTHETIC_CUSTOMERS,ALL_SYNTHETIC_PROGRAMS,ALL_SYNTHETIC_PRODUCTS,SYNTHETIC_INTERNAL,SNP-COOLIT-20260925-BL,SCN-BASELINE,RCAL-CELL-ROBOT-01-2026-P09,CELL-ROBOT-01,2026-P09,4800,4200,300,240,KITTING_AND_ASSISTED_ASSEMBLY,PLANNED_MAINTENANCE,PLANNING_FUTURE
TEN-COOLIT-SYN-001,SITE-COOLIT-SYN-01,MES,RESOURCE_CALENDAR,RCAL-CELL-ROBOT-01-2026-P10,RCAL-CELL-ROBOT-01-2026-P10,RESOLVED,2026-09-25T23:59:59-06:00,2026-09-26T08:00:00-06:00,2026-06-29T00:00:00-06:00,,1,,false,PLAN,,,VALID,CURRENT,coolit-synthetic-v2.0.0,ALL_SYNTHETIC_CUSTOMERS,ALL_SYNTHETIC_PROGRAMS,ALL_SYNTHETIC_PRODUCTS,SYNTHETIC_INTERNAL,SNP-COOLIT-20260925-BL,SCN-BASELINE,RCAL-CELL-ROBOT-01-2026-P10,CELL-ROBOT-01,2026-P10,4800,4200,300,0,KITTING_AND_ASSISTED_ASSEMBLY,,PLANNING_FUTURE
TEN-COOLIT-SYN-001,SITE-COOLIT-SYN-01,MES,RESOURCE_CALENDAR,RCAL-CELL-ROBOT-01-2026-P11,RCAL-CELL-ROBOT-01-2026-P11,RESOLVED,2026-09-25T23:59:59-06:00,2026-09-26T08:00:00-06:00,2026-06-29T00:00:00-06:00,,1,,false,PLAN,,,VALID,CURRENT,coolit-synthetic-v2.0.0,ALL_SYNTHETIC_CUSTOMERS,ALL_SYNTHETIC_PROGRAMS,ALL_SYNTHETIC_PRODUCTS,SYNTHETIC_INTERNAL,SNP-COOLIT-20260925-BL,SCN-BASELINE,RCAL-CELL-ROBOT-01-2026-P11,CELL-ROBOT-01,2026-P11,4800,4200,300,0,KITTING_AND_ASSISTED_ASSEMBLY,,PLANNING_FUTURE
TEN-COOLIT-SYN-001,SITE-COOLIT-SYN-01,MES,RESOURCE_CALENDAR,RCAL-CELL-ROBOT-01-2026-P12,RCAL-CELL-ROBOT-01-2026-P12,RESOLVED,2026-09-25T23:59:59-06:00,2026-09-26T08:00:00-06:00,2026-06-29T00:00:00-06:00,,1,,false,PLAN,,,VALID,CURRENT,coolit-synthetic-v2.0.0,ALL_SYNTHETIC_CUSTOMERS,ALL_SYNTHETIC_PROGRAMS,ALL_SYNTHETIC_PRODUCTS,SYNTHETIC_INTERNAL,SNP-COOLIT-20260925-BL,SCN-BASELINE,RCAL-CELL-ROBOT-01-2026-P12,CELL-ROBOT-01,2026-P12,4800,4200,300,0,KITTING_AND_ASSISTED_ASSEMBLY,,PLANNING_FUTURE
TEN-COOLIT-SYN-001,SITE-COOLIT-SYN-01,MES,RESOURCE_CALENDAR,RCAL-CELL-ROBOT-01-2026-P13,RCAL-CELL-ROBOT-01-2026-P13,RESOLVED,2026-09-25T23:59:59-06:00,2026-09-26T08:00:00-06:00,2026-06-29T00:00:00-06:00,,1,,false,PLAN,,,VALID,CURRENT,coolit-synthetic-v2.0.0,ALL_SYNTHETIC_CUSTOMERS,ALL_SYNTHETIC_PROGRAMS,ALL_SYNTHETIC_PRODUCTS,SYNTHETIC_INTERNAL,SNP-COOLIT-20260925-BL,SCN-BASELINE,RCAL-CELL-ROBOT-01-2026-P13,CELL-ROBOT-01,2026-P13,4800,4200,300,0,KITTING_AND_ASSISTED_ASSEMBLY,,PLANNING_FUTURE
TEN-COOLIT-SYN-001,SITE-COOLIT-SYN-01,MES,RESOURCE_CALENDAR,RCAL-CELL-ROBOT-01-2026-P14,RCAL-CELL-ROBOT-01-2026-P14,RESOLVED,2026-09-25T23:59:59-06:00,2026-09-26T08:00:00-06:00,2026-06-29T00:00:00-06:00,,1,,false,PLAN,,,VALID,CURRENT,coolit-synthetic-v2.0.0,ALL_SYNTHETIC_CUSTOMERS,ALL_SYNTHETIC_PROGRAMS,ALL_SYNTHETIC_PRODUCTS,SYNTHETIC_INTERNAL,SNP-COOLIT-20260925-BL,SCN-BASELINE,RCAL-CELL-ROBOT-01-2026-P14,CELL-ROBOT-01,2026-P14,4800,4200,300,0,KITTING_AND_ASSISTED_ASSEMBLY,,PLANNING_FUTURE
TEN-COOLIT-SYN-001,SITE-COOLIT-SYN-01,MES,RESOURCE_CALENDAR,RCAL-CELL-ROBOT-01-2026-P15,RCAL-CELL-ROBOT-01-2026-P15,RESOLVED,2026-09-25T23:59:59-06:00,2026-09-26T08:00:00-06:00,2026-06-29T00:00:00-06:00,,1,,false,PLAN,,,VALID,CURRENT,coolit-synthetic-v2.0.0,ALL_SYNTHETIC_CUSTOMERS,ALL_SYNTHETIC_PROGRAMS,ALL_SYNTHETIC_PRODUCTS,SYNTHETIC_INTERNAL,SNP-COOLIT-20260925-BL,SCN-BASELINE,RCAL-CELL-ROBOT-01-2026-P15,CELL-ROBOT-01,2026-P15,4800,4200,300,0,KITTING_AND_ASSISTED_ASSEMBLY,,PLANNING_FUTURE
TEN-COOLIT-SYN-001,SITE-COOLIT-SYN-01,MES,RESOURCE_CALENDAR,RCAL-CELL-ROBOT-01-2026-P16,RCAL-CELL-ROBOT-01-2026-P16,RESOLVED,2026-09-25T23:59:59-06:00,2026-09-26T08:00:00-06:00,2026-06-29T00:00:00-06:00,,1,,false,PLAN,,,VALID,CURRENT,coolit-synthetic-v2.0.0,ALL_SYNTHETIC_CUSTOMERS,ALL_SYNTHETIC_PROGRAMS,ALL_SYNTHETIC_PRODUCTS,SYNTHETIC_INTERNAL,SNP-COOLIT-20260925-BL,SCN-BASELINE,RCAL-CELL-ROBOT-01-2026-P16,CELL-ROBOT-01,2026-P16,4800,4200,300,0,KITTING_AND_ASSISTED_ASSEMBLY,,PLANNING_FUTURE
TEN-COOLIT-SYN-001,SITE-COOLIT-SYN-01,MES,RESOURCE_CALENDAR,RCAL-CELL-ROBOT-01-2026-P17,RCAL-CELL-ROBOT-01-2026-P17,RESOLVED,2026-09-25T23:59:59-06:00,2026-09-26T08:00:00-06:00,2026-06-29T00:00:00-06:00,,1,,false,PLAN,,,VALID,CURRENT,coolit-synthetic-v2.0.0,ALL_SYNTHETIC_CUSTOMERS,ALL_SYNTHETIC_PROGRAMS,ALL_SYNTHETIC_PRODUCTS,SYNTHETIC_INTERNAL,SNP-COOLIT-20260925-BL,SCN-BASELINE,RCAL-CELL-ROBOT-01-2026-P17,CELL-ROBOT-01,2026-P17,4800,4200,300,240,KITTING_AND_ASSISTED_ASSEMBLY,PLANNED_MAINTENANCE,PLANNING_FUTURE
TEN-COOLIT-SYN-001,SITE-COOLIT-SYN-01,MES,RESOURCE_CALENDAR,RCAL-CELL-ROBOT-01-2026-P18,RCAL-CELL-ROBOT-01-2026-P18,RESOLVED,2026-09-25T23:59:59-06:00,2026-09-26T08:00:00-06:00,2026-06-29T00:00:00-06:00,,1,,false,PLAN,,,VALID,CURRENT,coolit-synthetic-v2.0.0,ALL_SYNTHETIC_CUSTOMERS,ALL_SYNTHETIC_PROGRAMS,ALL_SYNTHETIC_PRODUCTS,SYNTHETIC_INTERNAL,SNP-COOLIT-20260925-BL,SCN-BASELINE,RCAL-CELL-ROBOT-01-2026-P18,CELL-ROBOT-01,2026-P18,4800,4200,300,0,KITTING_AND_ASSISTED_ASSEMBLY,,PLANNING_FUTURE
TEN-COOLIT-SYN-001,SITE-COOLIT-SYN-01,MES,RESOURCE_CALENDAR,RCAL-CELL-ROBOT-01-2026-P19,RCAL-CELL-ROBOT-01-2026-P19,RESOLVED,2026-09-25T23:59:59-06:00,2026-09-26T08:00:00-06:00,2026-06-29T00:00:00-06:00,,1,,false,PLAN,,,VALID,CURRENT,coolit-synthetic-v2.0.0,ALL_SYNTHETIC_CUSTOMERS,ALL_SYNTHETIC_PROGRAMS,ALL_SYNTHETIC_PRODUCTS,SYNTHETIC_INTERNAL,SNP-COOLIT-20260925-BL,SCN-BASELINE,RCAL-CELL-ROBOT-01-2026-P19,CELL-ROBOT-01,2026-P19,4800,4200,300,0,KITTING_AND_ASSISTED_ASSEMBLY,,PLANNING_FUTURE
TEN-COOLIT-SYN-001,SITE-COOLIT-SYN-01,MES,RESOURCE_CALENDAR,RCAL-CELL-ROBOT-01-2026-P20,RCAL-CELL-ROBOT-01-2026-P20,RESOLVED,2026-09-25T23:59:59-06:00,2026-09-26T08:00:00-06:00,2026-06-29T00:00:00-06:00,,1,,false,PLAN,,,VALID,CURRENT,coolit-synthetic-v2.0.0,ALL_SYNTHETIC_CUSTOMERS,ALL_SYNTHETIC_PROGRAMS,ALL_SYNTHETIC_PRODUCTS,SYNTHETIC_INTERNAL,SNP-COOLIT-20260925-BL,SCN-BASELINE,RCAL-CELL-ROBOT-01-2026-P20,CELL-ROBOT-01,2026-P20,4800,4200,300,0,KITTING_AND_ASSISTED_ASSEMBLY,,PLANNING_FUTURE
TEN-COOLIT-SYN-001,SITE-COOLIT-SYN-01,MES,RESOURCE_CALENDAR,RCAL-CELL-ROBOT-01-2026-P21,RCAL-CELL-ROBOT-01-2026-P21,RESOLVED,2026-09-25T23:59:59-06:00,2026-09-26T08:00:00-06:00,2026-06-29T00:00:00-06:00,,1,,false,PLAN,,,VALID,CURRENT,coolit-synthetic-v2.0.0,ALL_SYNTHETIC_CUSTOMERS,ALL_SYNTHETIC_PROGRAMS,ALL_SYNTHETIC_PRODUCTS,SYNTHETIC_INTERNAL,SNP-COOLIT-20260925-BL,SCN-BASELINE,RCAL-CELL-ROBOT-01-2026-P21,CELL-ROBOT-01,2026-P21,4800,4200,300,0,KITTING_AND_ASSISTED_ASSEMBLY,,PLANNING_FUTURE
TEN-COOLIT-SYN-001,SITE-COOLIT-SYN-01,MES,RESOURCE_CALENDAR,RCAL-CELL-ROBOT-01-2026-P22,RCAL-CELL-ROBOT-01-2026-P22,RESOLVED,2026-09-25T23:59:59-06:00,2026-09-26T08:00:00-06:00,2026-06-29T00:00:00-06:00,,1,,false,PLAN,,,VALID,CURRENT,coolit-synthetic-v2.0.0,ALL_SYNTHETIC_CUSTOMERS,ALL_SYNTHETIC_PROGRAMS,ALL_SYNTHETIC_PRODUCTS,SYNTHETIC_INTERNAL,SNP-COOLIT-20260925-BL,SCN-BASELINE,RCAL-CELL-ROBOT-01-2026-P22,CELL-ROBOT-01,2026-P22,4800,4200,300,0,KITTING_AND_ASSISTED_ASSEMBLY,,PLANNING_FUTURE
TEN-COOLIT-SYN-001,SITE-COOLIT-SYN-01,MES,RESOURCE_CALENDAR,RCAL-CELL-ROBOT-01-2026-P23,RCAL-CELL-ROBOT-01-2026-P23,RESOLVED,2026-09-25T23:59:59-06:00,2026-09-26T08:00:00-06:00,2026-06-29T00:00:00-06:00,,1,,false,PLAN,,,VALID,CURRENT,coolit-synthetic-v2.0.0,ALL_SYNTHETIC_CUSTOMERS,ALL_SYNTHETIC_PROGRAMS,ALL_SYNTHETIC_PRODUCTS,SYNTHETIC_INTERNAL,SNP-COOLIT-20260925-BL,SCN-BASELINE,RCAL-CELL-ROBOT-01-2026-P23,CELL-ROBOT-01,2026-P23,4800,4200,300,0,KITTING_AND_ASSISTED_ASSEMBLY,,PLANNING_FUTURE
TEN-COOLIT-SYN-001,SITE-COOLIT-SYN-01,MES,RESOURCE_CALENDAR,RCAL-CELL-ROBOT-01-2026-P24,RCAL-CELL-ROBOT-01-2026-P24,RESOLVED,2026-09-25T23:59:59-06:00,2026-09-26T08:00:00-06:00,2026-06-29T00:00:00-06:00,,1,,false,PLAN,,,VALID,CURRENT,coolit-synthetic-v2.0.0,ALL_SYNTHETIC_CUSTOMERS,ALL_SYNTHETIC_PROGRAMS,ALL_SYNTHETIC_PRODUCTS,SYNTHETIC_INTERNAL,SNP-COOLIT-20260925-BL,SCN-BASELINE,RCAL-CELL-ROBOT-01-2026-P24,CELL-ROBOT-01,2026-P24,4800,4200,300,0,KITTING_AND_ASSISTED_ASSEMBLY,,PLANNING_FUTURE
TEN-COOLIT-SYN-001,SITE-COOLIT-SYN-01,MES,RESOURCE_CALENDAR,RCAL-CELL-ROBOT-01-2026-P25,RCAL-CELL-ROBOT-01-2026-P25,RESOLVED,2026-09-25T23:59:59-06:00,2026-09-26T08:00:00-06:00,2026-06-29T00:00:00-06:00,,1,,false,PLAN,,,VALID,CURRENT,coolit-synthetic-v2.0.0,ALL_SYNTHETIC_CUSTOMERS,ALL_SYNTHETIC_PROGRAMS,ALL_SYNTHETIC_PRODUCTS,SYNTHETIC_INTERNAL,SNP-COOLIT-20260925-BL,SCN-BASELINE,RCAL-CELL-ROBOT-01-2026-P25,CELL-ROBOT-01,2026-P25,4800,4200,300,240,KITTING_AND_ASSISTED_ASSEMBLY,PLANNED_MAINTENANCE,PLANNING_FUTURE
TEN-COOLIT-SYN-001,SITE-COOLIT-SYN-01,MES,RESOURCE_CALENDAR,RCAL-CELL-ROBOT-01-2026-P26,RCAL-CELL-ROBOT-01-2026-P26,RESOLVED,2026-09-25T23:59:59-06:00,2026-09-26T08:00:00-06:00,2026-06-29T00:00:00-06:00,,1,,false,PLAN,,,VALID,CURRENT,coolit-synthetic-v2.0.0,ALL_SYNTHETIC_CUSTOMERS,ALL_SYNTHETIC_PROGRAMS,ALL_SYNTHETIC_PRODUCTS,SYNTHETIC_INTERNAL,SNP-COOLIT-20260925-BL,SCN-BASELINE,RCAL-CELL-ROBOT-01-2026-P26,CELL-ROBOT-01,2026-P26,4800,4200,300,0,KITTING_AND_ASSISTED_ASSEMBLY,,PLANNING_FUTURE
TEN-COOLIT-SYN-001,SITE-COOLIT-SYN-01,MES,RESOURCE_CALENDAR,RCAL-TEST-LEAK-01-2026-H01,RCAL-TEST-LEAK-01-2026-H01,RESOLVED,2026-09-25T23:59:59-06:00,2026-09-26T08:00:00-06:00,2026-06-29T00:00:00-06:00,,1,,false,ACTUAL,,,VALID,CURRENT,coolit-synthetic-v2.0.0,ALL_SYNTHETIC_CUSTOMERS,ALL_SYNTHETIC_PROGRAMS,ALL_SYNTHETIC_PRODUCTS,SYNTHETIC_INTERNAL,SNP-COOLIT-20260925-BL,SCN-BASELINE,RCAL-TEST-LEAK-01-2026-H01,TEST-LEAK-01,2026-H01,4200,4200,0,240,PRESSURE_AND_LEAK_TEST,PLANNED_MAINTENANCE,HISTORICAL_ACTUAL
TEN-COOLIT-SYN-001,SITE-COOLIT-SYN-01,MES,RESOURCE_CALENDAR,RCAL-TEST-LEAK-01-2026-H02,RCAL-TEST-LEAK-01-2026-H02,RESOLVED,2026-09-25T23:59:59-06:00,2026-09-26T08:00:00-06:00,2026-06-29T00:00:00-06:00,,1,,false,ACTUAL,,,VALID,CURRENT,coolit-synthetic-v2.0.0,ALL_SYNTHETIC_CUSTOMERS,ALL_SYNTHETIC_PROGRAMS,ALL_SYNTHETIC_PRODUCTS,SYNTHETIC_INTERNAL,SNP-COOLIT-20260925-BL,SCN-BASELINE,RCAL-TEST-LEAK-01-2026-H02,TEST-LEAK-01,2026-H02,4200,4200,0,0,PRESSURE_AND_LEAK_TEST,,HISTORICAL_ACTUAL
TEN-COOLIT-SYN-001,SITE-COOLIT-SYN-01,MES,RESOURCE_CALENDAR,RCAL-TEST-LEAK-01-2026-H03,RCAL-TEST-LEAK-01-2026-H03,RESOLVED,2026-09-25T23:59:59-06:00,2026-09-26T08:00:00-06:00,2026-06-29T00:00:00-06:00,,1,,false,ACTUAL,,,VALID,CURRENT,coolit-synthetic-v2.0.0,ALL_SYNTHETIC_CUSTOMERS,ALL_SYNTHETIC_PROGRAMS,ALL_SYNTHETIC_PRODUCTS,SYNTHETIC_INTERNAL,SNP-COOLIT-20260925-BL,SCN-BASELINE,RCAL-TEST-LEAK-01-2026-H03,TEST-LEAK-01,2026-H03,4200,4200,0,0,PRESSURE_AND_LEAK_TEST,,HISTORICAL_ACTUAL
TEN-COOLIT-SYN-001,SITE-COOLIT-SYN-01,MES,RESOURCE_CALENDAR,RCAL-TEST-LEAK-01-2026-H04,RCAL-TEST-LEAK-01-2026-H04,RESOLVED,2026-09-25T23:59:59-06:00,2026-09-26T08:00:00-06:00,2026-06-29T00:00:00-06:00,,1,,false,ACTUAL,,,VALID,CURRENT,coolit-synthetic-v2.0.0,ALL_SYNTHETIC_CUSTOMERS,ALL_SYNTHETIC_PROGRAMS,ALL_SYNTHETIC_PRODUCTS,SYNTHETIC_INTERNAL,SNP-COOLIT-20260925-BL,SCN-BASELINE,RCAL-TEST-LEAK-01-2026-H04,TEST-LEAK-01,2026-H04,4200,4200,0,0,PRESSURE_AND_LEAK_TEST,,HISTORICAL_ACTUAL
TEN-COOLIT-SYN-001,SITE-COOLIT-SYN-01,MES,RESOURCE_CALENDAR,RCAL-TEST-LEAK-01-2026-H05,RCAL-TEST-LEAK-01-2026-H05,RESOLVED,2026-09-25T23:59:59-06:00,2026-09-26T08:00:00-06:00,2026-06-29T00:00:00-06:00,,1,,false,ACTUAL,,,VALID,CURRENT,coolit-synthetic-v2.0.0,ALL_SYNTHETIC_CUSTOMERS,ALL_SYNTHETIC_PROGRAMS,ALL_SYNTHETIC_PRODUCTS,SYNTHETIC_INTERNAL,SNP-COOLIT-20260925-BL,SCN-BASELINE,RCAL-TEST-LEAK-01-2026-H05,TEST-LEAK-01,2026-H05,4200,4200,0,0,PRESSURE_AND_LEAK_TEST,,HISTORICAL_ACTUAL
TEN-COOLIT-SYN-001,SITE-COOLIT-SYN-01,MES,RESOURCE_CALENDAR,RCAL-TEST-LEAK-01-2026-H06,RCAL-TEST-LEAK-01-2026-H06,RESOLVED,2026-09-25T23:59:59-06:00,2026-09-26T08:00:00-06:00,2026-06-29T00:00:00-06:00,,1,,false,ACTUAL,,,VALID,CURRENT,coolit-synthetic-v2.0.0,ALL_SYNTHETIC_CUSTOMERS,ALL_SYNTHETIC_PROGRAMS,ALL_SYNTHETIC_PRODUCTS,SYNTHETIC_INTERNAL,SNP-COOLIT-20260925-BL,SCN-BASELINE,RCAL-TEST-LEAK-01-2026-H06,TEST-LEAK-01,2026-H06,4200,4200,0,0,PRESSURE_AND_LEAK_TEST,,HISTORICAL_ACTUAL
TEN-COOLIT-SYN-001,SITE-COOLIT-SYN-01,MES,RESOURCE_CALENDAR,RCAL-TEST-LEAK-01-2026-H07,RCAL-TEST-LEAK-01-2026-H07,RESOLVED,2026-09-25T23:59:59-06:00,2026-09-26T08:00:00-06:00,2026-06-29T00:00:00-06:00,,1,,false,ACTUAL,,,VALID,CURRENT,coolit-synthetic-v2.0.0,ALL_SYNTHETIC_CUSTOMERS,ALL_SYNTHETIC_PROGRAMS,ALL_SYNTHETIC_PRODUCTS,SYNTHETIC_INTERNAL,SNP-COOLIT-20260925-BL,SCN-BASELINE,RCAL-TEST-LEAK-01-2026-H07,TEST-LEAK-01,2026-H07,4200,4200,0,0,PRESSURE_AND_LEAK_TEST,,HISTORICAL_ACTUAL
TEN-COOLIT-SYN-001,SITE-COOLIT-SYN-01,MES,RESOURCE_CALENDAR,RCAL-TEST-LEAK-01-2026-H08,RCAL-TEST-LEAK-01-2026-H08,RESOLVED,2026-09-25T23:59:59-06:00,2026-09-26T08:00:00-06:00,2026-06-29T00:00:00-06:00,,1,,false,ACTUAL,,,VALID,CURRENT,coolit-synthetic-v2.0.0,ALL_SYNTHETIC_CUSTOMERS,ALL_SYNTHETIC_PROGRAMS,ALL_SYNTHETIC_PRODUCTS,SYNTHETIC_INTERNAL,SNP-COOLIT-20260925-BL,SCN-BASELINE,RCAL-TEST-LEAK-01-2026-H08,TEST-LEAK-01,2026-H08,4200,4200,0,0,PRESSURE_AND_LEAK_TEST,,HISTORICAL_ACTUAL
TEN-COOLIT-SYN-001,SITE-COOLIT-SYN-01,MES,RESOURCE_CALENDAR,RCAL-TEST-LEAK-01-2026-H09,RCAL-TEST-LEAK-01-2026-H09,RESOLVED,2026-09-25T23:59:59-06:00,2026-09-26T08:00:00-06:00,2026-06-29T00:00:00-06:00,,1,,false,ACTUAL,,,VALID,CURRENT,coolit-synthetic-v2.0.0,ALL_SYNTHETIC_CUSTOMERS,ALL_SYNTHETIC_PROGRAMS,ALL_SYNTHETIC_PRODUCTS,SYNTHETIC_INTERNAL,SNP-COOLIT-20260925-BL,SCN-BASELINE,RCAL-TEST-LEAK-01-2026-H09,TEST-LEAK-01,2026-H09,4200,4200,0,240,PRESSURE_AND_LEAK_TEST,PLANNED_MAINTENANCE,HISTORICAL_ACTUAL
TEN-COOLIT-SYN-001,SITE-COOLIT-SYN-01,MES,RESOURCE_CALENDAR,RCAL-TEST-LEAK-01-2026-H10,RCAL-TEST-LEAK-01-2026-H10,RESOLVED,2026-09-25T23:59:59-06:00,2026-09-26T08:00:00-06:00,2026-06-29T00:00:00-06:00,,1,,false,ACTUAL,,,VALID,CURRENT,coolit-synthetic-v2.0.0,ALL_SYNTHETIC_CUSTOMERS,ALL_SYNTHETIC_PROGRAMS,ALL_SYNTHETIC_PRODUCTS,SYNTHETIC_INTERNAL,SNP-COOLIT-20260925-BL,SCN-BASELINE,RCAL-TEST-LEAK-01-2026-H10,TEST-LEAK-01,2026-H10,4200,4200,0,0,PRESSURE_AND_LEAK_TEST,,HISTORICAL_ACTUAL
TEN-COOLIT-SYN-001,SITE-COOLIT-SYN-01,MES,RESOURCE_CALENDAR,RCAL-TEST-LEAK-01-2026-H11,RCAL-TEST-LEAK-01-2026-H11,RESOLVED,2026-09-25T23:59:59-06:00,2026-09-26T08:00:00-06:00,2026-06-29T00:00:00-06:00,,1,,false,ACTUAL,,,VALID,CURRENT,coolit-synthetic-v2.0.0,ALL_SYNTHETIC_CUSTOMERS,ALL_SYNTHETIC_PROGRAMS,ALL_SYNTHETIC_PRODUCTS,SYNTHETIC_INTERNAL,SNP-COOLIT-20260925-BL,SCN-BASELINE,RCAL-TEST-LEAK-01-2026-H11,TEST-LEAK-01,2026-H11,4200,4200,0,0,PRESSURE_AND_LEAK_TEST,,HISTORICAL_ACTUAL
TEN-COOLIT-SYN-001,SITE-COOLIT-SYN-01,MES,RESOURCE_CALENDAR,RCAL-TEST-LEAK-01-2026-H12,RCAL-TEST-LEAK-01-2026-H12,RESOLVED,2026-09-25T23:59:59-06:00,2026-09-26T08:00:00-06:00,2026-06-29T00:00:00-06:00,,1,,false,ACTUAL,,,VALID,CURRENT,coolit-synthetic-v2.0.0,ALL_SYNTHETIC_CUSTOMERS,ALL_SYNTHETIC_PROGRAMS,ALL_SYNTHETIC_PRODUCTS,SYNTHETIC_INTERNAL,SNP-COOLIT-20260925-BL,SCN-BASELINE,RCAL-TEST-LEAK-01-2026-H12,TEST-LEAK-01,2026-H12,4200,4200,0,0,PRESSURE_AND_LEAK_TEST,,HISTORICAL_ACTUAL
TEN-COOLIT-SYN-001,SITE-COOLIT-SYN-01,MES,RESOURCE_CALENDAR,RCAL-TEST-LEAK-01-2026-H13,RCAL-TEST-LEAK-01-2026-H13,RESOLVED,2026-09-25T23:59:59-06:00,2026-09-26T08:00:00-06:00,2026-06-29T00:00:00-06:00,,1,,false,ACTUAL,,,VALID,CURRENT,coolit-synthetic-v2.0.0,ALL_SYNTHETIC_CUSTOMERS,ALL_SYNTHETIC_PROGRAMS,ALL_SYNTHETIC_PRODUCTS,SYNTHETIC_INTERNAL,SNP-COOLIT-20260925-BL,SCN-BASELINE,RCAL-TEST-LEAK-01-2026-H13,TEST-LEAK-01,2026-H13,4200,4200,0,0,PRESSURE_AND_LEAK_TEST,,HISTORICAL_ACTUAL
TEN-COOLIT-SYN-001,SITE-COOLIT-SYN-01,MES,RESOURCE_CALENDAR,RCAL-TEST-LEAK-01-2026-H14,RCAL-TEST-LEAK-01-2026-H14,RESOLVED,2026-09-25T23:59:59-06:00,2026-09-26T08:00:00-06:00,2026-06-29T00:00:00-06:00,,1,,false,ACTUAL,,,VALID,CURRENT,coolit-synthetic-v2.0.0,ALL_SYNTHETIC_CUSTOMERS,ALL_SYNTHETIC_PROGRAMS,ALL_SYNTHETIC_PRODUCTS,SYNTHETIC_INTERNAL,SNP-COOLIT-20260925-BL,SCN-BASELINE,RCAL-TEST-LEAK-01-2026-H14,TEST-LEAK-01,2026-H14,4200,4200,0,0,PRESSURE_AND_LEAK_TEST,,HISTORICAL_ACTUAL
TEN-COOLIT-SYN-001,SITE-COOLIT-SYN-01,MES,RESOURCE_CALENDAR,RCAL-TEST-LEAK-01-2026-H15,RCAL-TEST-LEAK-01-2026-H15,RESOLVED,2026-09-25T23:59:59-06:00,2026-09-26T08:00:00-06:00,2026-06-29T00:00:00-06:00,,1,,false,ACTUAL,,,VALID,CURRENT,coolit-synthetic-v2.0.0,ALL_SYNTHETIC_CUSTOMERS,ALL_SYNTHETIC_PROGRAMS,ALL_SYNTHETIC_PRODUCTS,SYNTHETIC_INTERNAL,SNP-COOLIT-20260925-BL,SCN-BASELINE,RCAL-TEST-LEAK-01-2026-H15,TEST-LEAK-01,2026-H15,4200,4200,0,0,PRESSURE_AND_LEAK_TEST,,HISTORICAL_ACTUAL
TEN-COOLIT-SYN-001,SITE-COOLIT-SYN-01,MES,RESOURCE_CALENDAR,RCAL-TEST-LEAK-01-2026-H16,RCAL-TEST-LEAK-01-2026-H16,RESOLVED,2026-09-25T23:59:59-06:00,2026-09-26T08:00:00-06:00,2026-06-29T00:00:00-06:00,,1,,false,ACTUAL,,,VALID,CURRENT,coolit-synthetic-v2.0.0,ALL_SYNTHETIC_CUSTOMERS,ALL_SYNTHETIC_PROGRAMS,ALL_SYNTHETIC_PRODUCTS,SYNTHETIC_INTERNAL,SNP-COOLIT-20260925-BL,SCN-BASELINE,RCAL-TEST-LEAK-01-2026-H16,TEST-LEAK-01,2026-H16,4200,4200,0,0,PRESSURE_AND_LEAK_TEST,,HISTORICAL_ACTUAL
TEN-COOLIT-SYN-001,SITE-COOLIT-SYN-01,MES,RESOURCE_CALENDAR,RCAL-TEST-LEAK-01-2026-H17,RCAL-TEST-LEAK-01-2026-H17,RESOLVED,2026-09-25T23:59:59-06:00,2026-09-26T08:00:00-06:00,2026-06-29T00:00:00-06:00,,1,,false,ACTUAL,,,VALID,CURRENT,coolit-synthetic-v2.0.0,ALL_SYNTHETIC_CUSTOMERS,ALL_SYNTHETIC_PROGRAMS,ALL_SYNTHETIC_PRODUCTS,SYNTHETIC_INTERNAL,SNP-COOLIT-20260925-BL,SCN-BASELINE,RCAL-TEST-LEAK-01-2026-H17,TEST-LEAK-01,2026-H17,4200,4200,0,240,PRESSURE_AND_LEAK_TEST,PLANNED_MAINTENANCE,HISTORICAL_ACTUAL
TEN-COOLIT-SYN-001,SITE-COOLIT-SYN-01,MES,RESOURCE_CALENDAR,RCAL-TEST-LEAK-01-2026-H18,RCAL-TEST-LEAK-01-2026-H18,RESOLVED,2026-09-25T23:59:59-06:00,2026-09-26T08:00:00-06:00,2026-06-29T00:00:00-06:00,,1,,false,ACTUAL,,,VALID,CURRENT,coolit-synthetic-v2.0.0,ALL_SYNTHETIC_CUSTOMERS,ALL_SYNTHETIC_PROGRAMS,ALL_SYNTHETIC_PRODUCTS,SYNTHETIC_INTERNAL,SNP-COOLIT-20260925-BL,SCN-BASELINE,RCAL-TEST-LEAK-01-2026-H18,TEST-LEAK-01,2026-H18,4200,4200,0,0,PRESSURE_AND_LEAK_TEST,,HISTORICAL_ACTUAL
TEN-COOLIT-SYN-001,SITE-COOLIT-SYN-01,MES,RESOURCE_CALENDAR,RCAL-TEST-LEAK-01-2026-H19,RCAL-TEST-LEAK-01-2026-H19,RESOLVED,2026-09-25T23:59:59-06:00,2026-09-26T08:00:00-06:00,2026-06-29T00:00:00-06:00,,1,,false,ACTUAL,,,VALID,CURRENT,coolit-synthetic-v2.0.0,ALL_SYNTHETIC_CUSTOMERS,ALL_SYNTHETIC_PROGRAMS,ALL_SYNTHETIC_PRODUCTS,SYNTHETIC_INTERNAL,SNP-COOLIT-20260925-BL,SCN-BASELINE,RCAL-TEST-LEAK-01-2026-H19,TEST-LEAK-01,2026-H19,4200,4200,0,0,PRESSURE_AND_LEAK_TEST,,HISTORICAL_ACTUAL
TEN-COOLIT-SYN-001,SITE-COOLIT-SYN-01,MES,RESOURCE_CALENDAR,RCAL-TEST-LEAK-01-2026-H20,RCAL-TEST-LEAK-01-2026-H20,RESOLVED,2026-09-25T23:59:59-06:00,2026-09-26T08:00:00-06:00,2026-06-29T00:00:00-06:00,,1,,false,ACTUAL,,,VALID,CURRENT,coolit-synthetic-v2.0.0,ALL_SYNTHETIC_CUSTOMERS,ALL_SYNTHETIC_PROGRAMS,ALL_SYNTHETIC_PRODUCTS,SYNTHETIC_INTERNAL,SNP-COOLIT-20260925-BL,SCN-BASELINE,RCAL-TEST-LEAK-01-2026-H20,TEST-LEAK-01,2026-H20,4200,4200,0,0,PRESSURE_AND_LEAK_TEST,,HISTORICAL_ACTUAL
TEN-COOLIT-SYN-001,SITE-COOLIT-SYN-01,MES,RESOURCE_CALENDAR,RCAL-TEST-LEAK-01-2026-H21,RCAL-TEST-LEAK-01-2026-H21,RESOLVED,2026-09-25T23:59:59-06:00,2026-09-26T08:00:00-06:00,2026-06-29T00:00:00-06:00,,1,,false,ACTUAL,,,VALID,CURRENT,coolit-synthetic-v2.0.0,ALL_SYNTHETIC_CUSTOMERS,ALL_SYNTHETIC_PROGRAMS,ALL_SYNTHETIC_PRODUCTS,SYNTHETIC_INTERNAL,SNP-COOLIT-20260925-BL,SCN-BASELINE,RCAL-TEST-LEAK-01-2026-H21,TEST-LEAK-01,2026-H21,4200,4200,0,0,PRESSURE_AND_LEAK_TEST,,HISTORICAL_ACTUAL
TEN-COOLIT-SYN-001,SITE-COOLIT-SYN-01,MES,RESOURCE_CALENDAR,RCAL-TEST-LEAK-01-2026-H22,RCAL-TEST-LEAK-01-2026-H22,RESOLVED,2026-09-25T23:59:59-06:00,2026-09-26T08:00:00-06:00,2026-06-29T00:00:00-06:00,,1,,false,ACTUAL,,,VALID,CURRENT,coolit-synthetic-v2.0.0,ALL_SYNTHETIC_CUSTOMERS,ALL_SYNTHETIC_PROGRAMS,ALL_SYNTHETIC_PRODUCTS,SYNTHETIC_INTERNAL,SNP-COOLIT-20260925-BL,SCN-BASELINE,RCAL-TEST-LEAK-01-2026-H22,TEST-LEAK-01,2026-H22,4200,4200,0,0,PRESSURE_AND_LEAK_TEST,,HISTORICAL_ACTUAL
TEN-COOLIT-SYN-001,SITE-COOLIT-SYN-01,MES,RESOURCE_CALENDAR,RCAL-TEST-LEAK-01-2026-H23,RCAL-TEST-LEAK-01-2026-H23,RESOLVED,2026-09-25T23:59:59-06:00,2026-09-26T08:00:00-06:00,2026-06-29T00:00:00-06:00,,1,,false,ACTUAL,,,VALID,CURRENT,coolit-synthetic-v2.0.0,ALL_SYNTHETIC_CUSTOMERS,ALL_SYNTHETIC_PROGRAMS,ALL_SYNTHETIC_PRODUCTS,SYNTHETIC_INTERNAL,SNP-COOLIT-20260925-BL,SCN-BASELINE,RCAL-TEST-LEAK-01-2026-H23,TEST-LEAK-01,2026-H23,4200,4200,0,0,PRESSURE_AND_LEAK_TEST,,HISTORICAL_ACTUAL
TEN-COOLIT-SYN-001,SITE-COOLIT-SYN-01,MES,RESOURCE_CALENDAR,RCAL-TEST-LEAK-01-2026-H24,RCAL-TEST-LEAK-01-2026-H24,RESOLVED,2026-09-25T23:59:59-06:00,2026-09-26T08:00:00-06:00,2026-06-29T00:00:00-06:00,,1,,false,ACTUAL,,,VALID,CURRENT,coolit-synthetic-v2.0.0,ALL_SYNTHETIC_CUSTOMERS,ALL_SYNTHETIC_PROGRAMS,ALL_SYNTHETIC_PRODUCTS,SYNTHETIC_INTERNAL,SNP-COOLIT-20260925-BL,SCN-BASELINE,RCAL-TEST-LEAK-01-2026-H24,TEST-LEAK-01,2026-H24,4200,4200,0,0,PRESSURE_AND_LEAK_TEST,,HISTORICAL_ACTUAL
TEN-COOLIT-SYN-001,SITE-COOLIT-SYN-01,MES,RESOURCE_CALENDAR,RCAL-TEST-LEAK-01-2026-H25,RCAL-TEST-LEAK-01-2026-H25,RESOLVED,2026-09-25T23:59:59-06:00,2026-09-26T08:00:00-06:00,2026-06-29T00:00:00-06:00,,1,,false,ACTUAL,,,VALID,CURRENT,coolit-synthetic-v2.0.0,ALL_SYNTHETIC_CUSTOMERS,ALL_SYNTHETIC_PROGRAMS,ALL_SYNTHETIC_PRODUCTS,SYNTHETIC_INTERNAL,SNP-COOLIT-20260925-BL,SCN-BASELINE,RCAL-TEST-LEAK-01-2026-H25,TEST-LEAK-01,2026-H25,4200,4200,0,240,PRESSURE_AND_LEAK_TEST,PLANNED_MAINTENANCE,HISTORICAL_ACTUAL
TEN-COOLIT-SYN-001,SITE-COOLIT-SYN-01,MES,RESOURCE_CALENDAR,RCAL-TEST-LEAK-01-2026-H26,RCAL-TEST-LEAK-01-2026-H26,RESOLVED,2026-09-25T23:59:59-06:00,2026-09-26T08:00:00-06:00,2026-06-29T00:00:00-06:00,,1,,false,ACTUAL,,,VALID,CURRENT,coolit-synthetic-v2.0.0,ALL_SYNTHETIC_CUSTOMERS,ALL_SYNTHETIC_PROGRAMS,ALL_SYNTHETIC_PRODUCTS,SYNTHETIC_INTERNAL,SNP-COOLIT-20260925-BL,SCN-BASELINE,RCAL-TEST-LEAK-01-2026-H26,TEST-LEAK-01,2026-H26,4200,4200,0,0,PRESSURE_AND_LEAK_TEST,,HISTORICAL_ACTUAL
TEN-COOLIT-SYN-001,SITE-COOLIT-SYN-01,MES,RESOURCE_CALENDAR,RCAL-TEST-LEAK-01-2026-H27,RCAL-TEST-LEAK-01-2026-H27,RESOLVED,2026-09-25T23:59:59-06:00,2026-09-26T08:00:00-06:00,2026-06-29T00:00:00-06:00,,1,,false,ACTUAL,,,VALID,CURRENT,coolit-synthetic-v2.0.0,ALL_SYNTHETIC_CUSTOMERS,ALL_SYNTHETIC_PROGRAMS,ALL_SYNTHETIC_PRODUCTS,SYNTHETIC_INTERNAL,SNP-COOLIT-20260925-BL,SCN-BASELINE,RCAL-TEST-LEAK-01-2026-H27,TEST-LEAK-01,2026-H27,4200,4200,0,0,PRESSURE_AND_LEAK_TEST,,HISTORICAL_ACTUAL
TEN-COOLIT-SYN-001,SITE-COOLIT-SYN-01,MES,RESOURCE_CALENDAR,RCAL-TEST-LEAK-01-2026-H28,RCAL-TEST-LEAK-01-2026-H28,RESOLVED,2026-09-25T23:59:59-06:00,2026-09-26T08:00:00-06:00,2026-06-29T00:00:00-06:00,,1,,false,ACTUAL,,,VALID,CURRENT,coolit-synthetic-v2.0.0,ALL_SYNTHETIC_CUSTOMERS,ALL_SYNTHETIC_PROGRAMS,ALL_SYNTHETIC_PRODUCTS,SYNTHETIC_INTERNAL,SNP-COOLIT-20260925-BL,SCN-BASELINE,RCAL-TEST-LEAK-01-2026-H28,TEST-LEAK-01,2026-H28,4200,4200,0,0,PRESSURE_AND_LEAK_TEST,,HISTORICAL_ACTUAL
TEN-COOLIT-SYN-001,SITE-COOLIT-SYN-01,MES,RESOURCE_CALENDAR,RCAL-TEST-LEAK-01-2026-H29,RCAL-TEST-LEAK-01-2026-H29,RESOLVED,2026-09-25T23:59:59-06:00,2026-09-26T08:00:00-06:00,2026-06-29T00:00:00-06:00,,1,,false,ACTUAL,,,VALID,CURRENT,coolit-synthetic-v2.0.0,ALL_SYNTHETIC_CUSTOMERS,ALL_SYNTHETIC_PROGRAMS,ALL_SYNTHETIC_PRODUCTS,SYNTHETIC_INTERNAL,SNP-COOLIT-20260925-BL,SCN-BASELINE,RCAL-TEST-LEAK-01-2026-H29,TEST-LEAK-01,2026-H29,4200,4200,0,0,PRESSURE_AND_LEAK_TEST,,HISTORICAL_ACTUAL
TEN-COOLIT-SYN-001,SITE-COOLIT-SYN-01,MES,RESOURCE_CALENDAR,RCAL-TEST-LEAK-01-2026-H30,RCAL-TEST-LEAK-01-2026-H30,RESOLVED,2026-09-25T23:59:59-06:00,2026-09-26T08:00:00-06:00,2026-06-29T00:00:00-06:00,,1,,false,ACTUAL,,,VALID,CURRENT,coolit-synthetic-v2.0.0,ALL_SYNTHETIC_CUSTOMERS,ALL_SYNTHETIC_PROGRAMS,ALL_SYNTHETIC_PRODUCTS,SYNTHETIC_INTERNAL,SNP-COOLIT-20260925-BL,SCN-BASELINE,RCAL-TEST-LEAK-01-2026-H30,TEST-LEAK-01,2026-H30,4200,4200,0,0,PRESSURE_AND_LEAK_TEST,,HISTORICAL_ACTUAL
TEN-COOLIT-SYN-001,SITE-COOLIT-SYN-01,MES,RESOURCE_CALENDAR,RCAL-TEST-LEAK-01-2026-H31,RCAL-TEST-LEAK-01-2026-H31,RESOLVED,2026-09-25T23:59:59-06:00,2026-09-26T08:00:00-06:00,2026-06-29T00:00:00-06:00,,1,,false,ACTUAL,,,VALID,CURRENT,coolit-synthetic-v2.0.0,ALL_SYNTHETIC_CUSTOMERS,ALL_SYNTHETIC_PROGRAMS,ALL_SYNTHETIC_PRODUCTS,SYNTHETIC_INTERNAL,SNP-COOLIT-20260925-BL,SCN-BASELINE,RCAL-TEST-LEAK-01-2026-H31,TEST-LEAK-01,2026-H31,4200,4200,0,0,PRESSURE_AND_LEAK_TEST,,HISTORICAL_ACTUAL
TEN-COOLIT-SYN-001,SITE-COOLIT-SYN-01,MES,RESOURCE_CALENDAR,RCAL-TEST-LEAK-01-2026-H32,RCAL-TEST-LEAK-01-2026-H32,RESOLVED,2026-09-25T23:59:59-06:00,2026-09-26T08:00:00-06:00,2026-06-29T00:00:00-06:00,,1,,false,ACTUAL,,,VALID,CURRENT,coolit-synthetic-v2.0.0,ALL_SYNTHETIC_CUSTOMERS,ALL_SYNTHETIC_PROGRAMS,ALL_SYNTHETIC_PRODUCTS,SYNTHETIC_INTERNAL,SNP-COOLIT-20260925-BL,SCN-BASELINE,RCAL-TEST-LEAK-01-2026-H32,TEST-LEAK-01,2026-H32,4200,4200,0,0,PRESSURE_AND_LEAK_TEST,,HISTORICAL_ACTUAL
TEN-COOLIT-SYN-001,SITE-COOLIT-SYN-01,MES,RESOURCE_CALENDAR,RCAL-TEST-LEAK-01-2026-H33,RCAL-TEST-LEAK-01-2026-H33,RESOLVED,2026-09-25T23:59:59-06:00,2026-09-26T08:00:00-06:00,2026-06-29T00:00:00-06:00,,1,,false,ACTUAL,,,VALID,CURRENT,coolit-synthetic-v2.0.0,ALL_SYNTHETIC_CUSTOMERS,ALL_SYNTHETIC_PROGRAMS,ALL_SYNTHETIC_PRODUCTS,SYNTHETIC_INTERNAL,SNP-COOLIT-20260925-BL,SCN-BASELINE,RCAL-TEST-LEAK-01-2026-H33,TEST-LEAK-01,2026-H33,4200,4200,0,240,PRESSURE_AND_LEAK_TEST,PLANNED_MAINTENANCE,HISTORICAL_ACTUAL
TEN-COOLIT-SYN-001,SITE-COOLIT-SYN-01,MES,RESOURCE_CALENDAR,RCAL-TEST-LEAK-01-2026-H34,RCAL-TEST-LEAK-01-2026-H34,RESOLVED,2026-09-25T23:59:59-06:00,2026-09-26T08:00:00-06:00,2026-06-29T00:00:00-06:00,,1,,false,ACTUAL,,,VALID,CURRENT,coolit-synthetic-v2.0.0,ALL_SYNTHETIC_CUSTOMERS,ALL_SYNTHETIC_PROGRAMS,ALL_SYNTHETIC_PRODUCTS,SYNTHETIC_INTERNAL,SNP-COOLIT-20260925-BL,SCN-BASELINE,RCAL-TEST-LEAK-01-2026-H34,TEST-LEAK-01,2026-H34,4200,4200,0,0,PRESSURE_AND_LEAK_TEST,,HISTORICAL_ACTUAL
TEN-COOLIT-SYN-001,SITE-COOLIT-SYN-01,MES,RESOURCE_CALENDAR,RCAL-TEST-LEAK-01-2026-H35,RCAL-TEST-LEAK-01-2026-H35,RESOLVED,2026-09-25T23:59:59-06:00,2026-09-26T08:00:00-06:00,2026-06-29T00:00:00-06:00,,1,,false,ACTUAL,,,VALID,CURRENT,coolit-synthetic-v2.0.0,ALL_SYNTHETIC_CUSTOMERS,ALL_SYNTHETIC_PROGRAMS,ALL_SYNTHETIC_PRODUCTS,SYNTHETIC_INTERNAL,SNP-COOLIT-20260925-BL,SCN-BASELINE,RCAL-TEST-LEAK-01-2026-H35,TEST-LEAK-01,2026-H35,4200,4200,0,0,PRESSURE_AND_LEAK_TEST,,HISTORICAL_ACTUAL
TEN-COOLIT-SYN-001,SITE-COOLIT-SYN-01,MES,RESOURCE_CALENDAR,RCAL-TEST-LEAK-01-2026-H36,RCAL-TEST-LEAK-01-2026-H36,RESOLVED,2026-09-25T23:59:59-06:00,2026-09-26T08:00:00-06:00,2026-06-29T00:00:00-06:00,,1,,false,ACTUAL,,,VALID,CURRENT,coolit-synthetic-v2.0.0,ALL_SYNTHETIC_CUSTOMERS,ALL_SYNTHETIC_PROGRAMS,ALL_SYNTHETIC_PRODUCTS,SYNTHETIC_INTERNAL,SNP-COOLIT-20260925-BL,SCN-BASELINE,RCAL-TEST-LEAK-01-2026-H36,TEST-LEAK-01,2026-H36,4200,4200,0,0,PRESSURE_AND_LEAK_TEST,,HISTORICAL_ACTUAL
TEN-COOLIT-SYN-001,SITE-COOLIT-SYN-01,MES,RESOURCE_CALENDAR,RCAL-TEST-LEAK-01-2026-H37,RCAL-TEST-LEAK-01-2026-H37,RESOLVED,2026-09-25T23:59:59-06:00,2026-09-26T08:00:00-06:00,2026-06-29T00:00:00-06:00,,1,,false,ACTUAL,,,VALID,CURRENT,coolit-synthetic-v2.0.0,ALL_SYNTHETIC_CUSTOMERS,ALL_SYNTHETIC_PROGRAMS,ALL_SYNTHETIC_PRODUCTS,SYNTHETIC_INTERNAL,SNP-COOLIT-20260925-BL,SCN-BASELINE,RCAL-TEST-LEAK-01-2026-H37,TEST-LEAK-01,2026-H37,4200,4200,0,0,PRESSURE_AND_LEAK_TEST,,HISTORICAL_ACTUAL
TEN-COOLIT-SYN-001,SITE-COOLIT-SYN-01,MES,RESOURCE_CALENDAR,RCAL-TEST-LEAK-01-2026-H38,RCAL-TEST-LEAK-01-2026-H38,RESOLVED,2026-09-25T23:59:59-06:00,2026-09-26T08:00:00-06:00,2026-06-29T00:00:00-06:00,,1,,false,ACTUAL,,,VALID,CURRENT,coolit-synthetic-v2.0.0,ALL_SYNTHETIC_CUSTOMERS,ALL_SYNTHETIC_PROGRAMS,ALL_SYNTHETIC_PRODUCTS,SYNTHETIC_INTERNAL,SNP-COOLIT-20260925-BL,SCN-BASELINE,RCAL-TEST-LEAK-01-2026-H38,TEST-LEAK-01,2026-H38,4200,4200,0,0,PRESSURE_AND_LEAK_TEST,,HISTORICAL_ACTUAL
TEN-COOLIT-SYN-001,SITE-COOLIT-SYN-01,MES,RESOURCE_CALENDAR,RCAL-TEST-LEAK-01-2026-H39,RCAL-TEST-LEAK-01-2026-H39,RESOLVED,2026-09-25T23:59:59-06:00,2026-09-26T08:00:00-06:00,2026-06-29T00:00:00-06:00,,1,,false,ACTUAL,,,VALID,CURRENT,coolit-synthetic-v2.0.0,ALL_SYNTHETIC_CUSTOMERS,ALL_SYNTHETIC_PROGRAMS,ALL_SYNTHETIC_PRODUCTS,SYNTHETIC_INTERNAL,SNP-COOLIT-20260925-BL,SCN-BASELINE,RCAL-TEST-LEAK-01-2026-H39,TEST-LEAK-01,2026-H39,4200,4200,0,0,PRESSURE_AND_LEAK_TEST,,HISTORICAL_ACTUAL
TEN-COOLIT-SYN-001,SITE-COOLIT-SYN-01,MES,RESOURCE_CALENDAR,RCAL-TEST-LEAK-01-2026-H40,RCAL-TEST-LEAK-01-2026-H40,RESOLVED,2026-09-25T23:59:59-06:00,2026-09-26T08:00:00-06:00,2026-06-29T00:00:00-06:00,,1,,false,ACTUAL,,,VALID,CURRENT,coolit-synthetic-v2.0.0,ALL_SYNTHETIC_CUSTOMERS,ALL_SYNTHETIC_PROGRAMS,ALL_SYNTHETIC_PRODUCTS,SYNTHETIC_INTERNAL,SNP-COOLIT-20260925-BL,SCN-BASELINE,RCAL-TEST-LEAK-01-2026-H40,TEST-LEAK-01,2026-H40,4200,4200,0,0,PRESSURE_AND_LEAK_TEST,,HISTORICAL_ACTUAL
TEN-COOLIT-SYN-001,SITE-COOLIT-SYN-01,MES,RESOURCE_CALENDAR,RCAL-TEST-LEAK-01-2026-H41,RCAL-TEST-LEAK-01-2026-H41,RESOLVED,2026-09-25T23:59:59-06:00,2026-09-26T08:00:00-06:00,2026-06-29T00:00:00-06:00,,1,,false,ACTUAL,,,VALID,CURRENT,coolit-synthetic-v2.0.0,ALL_SYNTHETIC_CUSTOMERS,ALL_SYNTHETIC_PROGRAMS,ALL_SYNTHETIC_PRODUCTS,SYNTHETIC_INTERNAL,SNP-COOLIT-20260925-BL,SCN-BASELINE,RCAL-TEST-LEAK-01-2026-H41,TEST-LEAK-01,2026-H41,4200,4200,0,240,PRESSURE_AND_LEAK_TEST,PLANNED_MAINTENANCE,HISTORICAL_ACTUAL
TEN-COOLIT-SYN-001,SITE-COOLIT-SYN-01,MES,RESOURCE_CALENDAR,RCAL-TEST-LEAK-01-2026-H42,RCAL-TEST-LEAK-01-2026-H42,RESOLVED,2026-09-25T23:59:59-06:00,2026-09-26T08:00:00-06:00,2026-06-29T00:00:00-06:00,,1,,false,ACTUAL,,,VALID,CURRENT,coolit-synthetic-v2.0.0,ALL_SYNTHETIC_CUSTOMERS,ALL_SYNTHETIC_PROGRAMS,ALL_SYNTHETIC_PRODUCTS,SYNTHETIC_INTERNAL,SNP-COOLIT-20260925-BL,SCN-BASELINE,RCAL-TEST-LEAK-01-2026-H42,TEST-LEAK-01,2026-H42,4200,4200,0,0,PRESSURE_AND_LEAK_TEST,,HISTORICAL_ACTUAL
TEN-COOLIT-SYN-001,SITE-COOLIT-SYN-01,MES,RESOURCE_CALENDAR,RCAL-TEST-LEAK-01-2026-H43,RCAL-TEST-LEAK-01-2026-H43,RESOLVED,2026-09-25T23:59:59-06:00,2026-09-26T08:00:00-06:00,2026-06-29T00:00:00-06:00,,1,,false,ACTUAL,,,VALID,CURRENT,coolit-synthetic-v2.0.0,ALL_SYNTHETIC_CUSTOMERS,ALL_SYNTHETIC_PROGRAMS,ALL_SYNTHETIC_PRODUCTS,SYNTHETIC_INTERNAL,SNP-COOLIT-20260925-BL,SCN-BASELINE,RCAL-TEST-LEAK-01-2026-H43,TEST-LEAK-01,2026-H43,4200,4200,0,0,PRESSURE_AND_LEAK_TEST,,HISTORICAL_ACTUAL
TEN-COOLIT-SYN-001,SITE-COOLIT-SYN-01,MES,RESOURCE_CALENDAR,RCAL-TEST-LEAK-01-2026-H44,RCAL-TEST-LEAK-01-2026-H44,RESOLVED,2026-09-25T23:59:59-06:00,2026-09-26T08:00:00-06:00,2026-06-29T00:00:00-06:00,,1,,false,ACTUAL,,,VALID,CURRENT,coolit-synthetic-v2.0.0,ALL_SYNTHETIC_CUSTOMERS,ALL_SYNTHETIC_PROGRAMS,ALL_SYNTHETIC_PRODUCTS,SYNTHETIC_INTERNAL,SNP-COOLIT-20260925-BL,SCN-BASELINE,RCAL-TEST-LEAK-01-2026-H44,TEST-LEAK-01,2026-H44,4200,4200,0,0,PRESSURE_AND_LEAK_TEST,,HISTORICAL_ACTUAL
TEN-COOLIT-SYN-001,SITE-COOLIT-SYN-01,MES,RESOURCE_CALENDAR,RCAL-TEST-LEAK-01-2026-H45,RCAL-TEST-LEAK-01-2026-H45,RESOLVED,2026-09-25T23:59:59-06:00,2026-09-26T08:00:00-06:00,2026-06-29T00:00:00-06:00,,1,,false,ACTUAL,,,VALID,CURRENT,coolit-synthetic-v2.0.0,ALL_SYNTHETIC_CUSTOMERS,ALL_SYNTHETIC_PROGRAMS,ALL_SYNTHETIC_PRODUCTS,SYNTHETIC_INTERNAL,SNP-COOLIT-20260925-BL,SCN-BASELINE,RCAL-TEST-LEAK-01-2026-H45,TEST-LEAK-01,2026-H45,4200,4200,0,0,PRESSURE_AND_LEAK_TEST,,HISTORICAL_ACTUAL
TEN-COOLIT-SYN-001,SITE-COOLIT-SYN-01,MES,RESOURCE_CALENDAR,RCAL-TEST-LEAK-01-2026-H46,RCAL-TEST-LEAK-01-2026-H46,RESOLVED,2026-09-25T23:59:59-06:00,2026-09-26T08:00:00-06:00,2026-06-29T00:00:00-06:00,,1,,false,ACTUAL,,,VALID,CURRENT,coolit-synthetic-v2.0.0,ALL_SYNTHETIC_CUSTOMERS,ALL_SYNTHETIC_PROGRAMS,ALL_SYNTHETIC_PRODUCTS,SYNTHETIC_INTERNAL,SNP-COOLIT-20260925-BL,SCN-BASELINE,RCAL-TEST-LEAK-01-2026-H46,TEST-LEAK-01,2026-H46,4200,4200,0,0,PRESSURE_AND_LEAK_TEST,,HISTORICAL_ACTUAL
TEN-COOLIT-SYN-001,SITE-COOLIT-SYN-01,MES,RESOURCE_CALENDAR,RCAL-TEST-LEAK-01-2026-H47,RCAL-TEST-LEAK-01-2026-H47,RESOLVED,2026-09-25T23:59:59-06:00,2026-09-26T08:00:00-06:00,2026-06-29T00:00:00-06:00,,1,,false,ACTUAL,,,VALID,CURRENT,coolit-synthetic-v2.0.0,ALL_SYNTHETIC_CUSTOMERS,ALL_SYNTHETIC_PROGRAMS,ALL_SYNTHETIC_PRODUCTS,SYNTHETIC_INTERNAL,SNP-COOLIT-20260925-BL,SCN-BASELINE,RCAL-TEST-LEAK-01-2026-H47,TEST-LEAK-01,2026-H47,4200,4200,0,0,PRESSURE_AND_LEAK_TEST,,HISTORICAL_ACTUAL
TEN-COOLIT-SYN-001,SITE-COOLIT-SYN-01,MES,RESOURCE_CALENDAR,RCAL-TEST-LEAK-01-2026-H48,RCAL-TEST-LEAK-01-2026-H48,RESOLVED,2026-09-25T23:59:59-06:00,2026-09-26T08:00:00-06:00,2026-06-29T00:00:00-06:00,,1,,false,ACTUAL,,,VALID,CURRENT,coolit-synthetic-v2.0.0,ALL_SYNTHETIC_CUSTOMERS,ALL_SYNTHETIC_PROGRAMS,ALL_SYNTHETIC_PRODUCTS,SYNTHETIC_INTERNAL,SNP-COOLIT-20260925-BL,SCN-BASELINE,RCAL-TEST-LEAK-01-2026-H48,TEST-LEAK-01,2026-H48,4200,4200,0,0,PRESSURE_AND_LEAK_TEST,,HISTORICAL_ACTUAL
TEN-COOLIT-SYN-001,SITE-COOLIT-SYN-01,MES,RESOURCE_CALENDAR,RCAL-TEST-LEAK-01-2026-H49,RCAL-TEST-LEAK-01-2026-H49,RESOLVED,2026-09-25T23:59:59-06:00,2026-09-26T08:00:00-06:00,2026-06-29T00:00:00-06:00,,1,,false,ACTUAL,,,VALID,CURRENT,coolit-synthetic-v2.0.0,ALL_SYNTHETIC_CUSTOMERS,ALL_SYNTHETIC_PROGRAMS,ALL_SYNTHETIC_PRODUCTS,SYNTHETIC_INTERNAL,SNP-COOLIT-20260925-BL,SCN-BASELINE,RCAL-TEST-LEAK-01-2026-H49,TEST-LEAK-01,2026-H49,4200,4200,0,240,PRESSURE_AND_LEAK_TEST,PLANNED_MAINTENANCE,HISTORICAL_ACTUAL
TEN-COOLIT-SYN-001,SITE-COOLIT-SYN-01,MES,RESOURCE_CALENDAR,RCAL-TEST-LEAK-01-2026-H50,RCAL-TEST-LEAK-01-2026-H50,RESOLVED,2026-09-25T23:59:59-06:00,2026-09-26T08:00:00-06:00,2026-06-29T00:00:00-06:00,,1,,false,ACTUAL,,,VALID,CURRENT,coolit-synthetic-v2.0.0,ALL_SYNTHETIC_CUSTOMERS,ALL_SYNTHETIC_PROGRAMS,ALL_SYNTHETIC_PRODUCTS,SYNTHETIC_INTERNAL,SNP-COOLIT-20260925-BL,SCN-BASELINE,RCAL-TEST-LEAK-01-2026-H50,TEST-LEAK-01,2026-H50,4200,4200,0,0,PRESSURE_AND_LEAK_TEST,,HISTORICAL_ACTUAL
TEN-COOLIT-SYN-001,SITE-COOLIT-SYN-01,MES,RESOURCE_CALENDAR,RCAL-TEST-LEAK-01-2026-H51,RCAL-TEST-LEAK-01-2026-H51,RESOLVED,2026-09-25T23:59:59-06:00,2026-09-26T08:00:00-06:00,2026-06-29T00:00:00-06:00,,1,,false,ACTUAL,,,VALID,CURRENT,coolit-synthetic-v2.0.0,ALL_SYNTHETIC_CUSTOMERS,ALL_SYNTHETIC_PROGRAMS,ALL_SYNTHETIC_PRODUCTS,SYNTHETIC_INTERNAL,SNP-COOLIT-20260925-BL,SCN-BASELINE,RCAL-TEST-LEAK-01-2026-H51,TEST-LEAK-01,2026-H51,4200,4200,0,0,PRESSURE_AND_LEAK_TEST,,HISTORICAL_ACTUAL
TEN-COOLIT-SYN-001,SITE-COOLIT-SYN-01,MES,RESOURCE_CALENDAR,RCAL-TEST-LEAK-01-2026-H52,RCAL-TEST-LEAK-01-2026-H52,RESOLVED,2026-09-25T23:59:59-06:00,2026-09-26T08:00:00-06:00,2026-06-29T00:00:00-06:00,,1,,false,ACTUAL,,,VALID,CURRENT,coolit-synthetic-v2.0.0,ALL_SYNTHETIC_CUSTOMERS,ALL_SYNTHETIC_PROGRAMS,ALL_SYNTHETIC_PRODUCTS,SYNTHETIC_INTERNAL,SNP-COOLIT-20260925-BL,SCN-BASELINE,RCAL-TEST-LEAK-01-2026-H52,TEST-LEAK-01,2026-H52,4200,4200,0,0,PRESSURE_AND_LEAK_TEST,,HISTORICAL_ACTUAL
TEN-COOLIT-SYN-001,SITE-COOLIT-SYN-01,MES,RESOURCE_CALENDAR,RCAL-TEST-LEAK-01-2026-H53,RCAL-TEST-LEAK-01-2026-H53,RESOLVED,2026-09-25T23:59:59-06:00,2026-09-26T08:00:00-06:00,2026-06-29T00:00:00-06:00,,1,,false,ACTUAL,,,VALID,CURRENT,coolit-synthetic-v2.0.0,ALL_SYNTHETIC_CUSTOMERS,ALL_SYNTHETIC_PROGRAMS,ALL_SYNTHETIC_PRODUCTS,SYNTHETIC_INTERNAL,SNP-COOLIT-20260925-BL,SCN-BASELINE,RCAL-TEST-LEAK-01-2026-H53,TEST-LEAK-01,2026-H53,4200,4200,0,0,PRESSURE_AND_LEAK_TEST,,HISTORICAL_ACTUAL
TEN-COOLIT-SYN-001,SITE-COOLIT-SYN-01,MES,RESOURCE_CALENDAR,RCAL-TEST-LEAK-01-2026-H54,RCAL-TEST-LEAK-01-2026-H54,RESOLVED,2026-09-25T23:59:59-06:00,2026-09-26T08:00:00-06:00,2026-06-29T00:00:00-06:00,,1,,false,ACTUAL,,,VALID,CURRENT,coolit-synthetic-v2.0.0,ALL_SYNTHETIC_CUSTOMERS,ALL_SYNTHETIC_PROGRAMS,ALL_SYNTHETIC_PRODUCTS,SYNTHETIC_INTERNAL,SNP-COOLIT-20260925-BL,SCN-BASELINE,RCAL-TEST-LEAK-01-2026-H54,TEST-LEAK-01,2026-H54,4200,4200,0,0,PRESSURE_AND_LEAK_TEST,,HISTORICAL_ACTUAL
TEN-COOLIT-SYN-001,SITE-COOLIT-SYN-01,MES,RESOURCE_CALENDAR,RCAL-TEST-LEAK-01-2026-H55,RCAL-TEST-LEAK-01-2026-H55,RESOLVED,2026-09-25T23:59:59-06:00,2026-09-26T08:00:00-06:00,2026-06-29T00:00:00-06:00,,1,,false,ACTUAL,,,VALID,CURRENT,coolit-synthetic-v2.0.0,ALL_SYNTHETIC_CUSTOMERS,ALL_SYNTHETIC_PROGRAMS,ALL_SYNTHETIC_PRODUCTS,SYNTHETIC_INTERNAL,SNP-COOLIT-20260925-BL,SCN-BASELINE,RCAL-TEST-LEAK-01-2026-H55,TEST-LEAK-01,2026-H55,4200,4200,0,0,PRESSURE_AND_LEAK_TEST,,HISTORICAL_ACTUAL
TEN-COOLIT-SYN-001,SITE-COOLIT-SYN-01,MES,RESOURCE_CALENDAR,RCAL-TEST-LEAK-01-2026-H56,RCAL-TEST-LEAK-01-2026-H56,RESOLVED,2026-09-25T23:59:59-06:00,2026-09-26T08:00:00-06:00,2026-06-29T00:00:00-06:00,,1,,false,ACTUAL,,,VALID,CURRENT,coolit-synthetic-v2.0.0,ALL_SYNTHETIC_CUSTOMERS,ALL_SYNTHETIC_PROGRAMS,ALL_SYNTHETIC_PRODUCTS,SYNTHETIC_INTERNAL,SNP-COOLIT-20260925-BL,SCN-BASELINE,RCAL-TEST-LEAK-01-2026-H56,TEST-LEAK-01,2026-H56,4200,4200,0,0,PRESSURE_AND_LEAK_TEST,,HISTORICAL_ACTUAL
TEN-COOLIT-SYN-001,SITE-COOLIT-SYN-01,MES,RESOURCE_CALENDAR,RCAL-TEST-LEAK-01-2026-H57,RCAL-TEST-LEAK-01-2026-H57,RESOLVED,2026-09-25T23:59:59-06:00,2026-09-26T08:00:00-06:00,2026-06-29T00:00:00-06:00,,1,,false,ACTUAL,,,VALID,CURRENT,coolit-synthetic-v2.0.0,ALL_SYNTHETIC_CUSTOMERS,ALL_SYNTHETIC_PROGRAMS,ALL_SYNTHETIC_PRODUCTS,SYNTHETIC_INTERNAL,SNP-COOLIT-20260925-BL,SCN-BASELINE,RCAL-TEST-LEAK-01-2026-H57,TEST-LEAK-01,2026-H57,4200,4200,0,240,PRESSURE_AND_LEAK_TEST,PLANNED_MAINTENANCE,HISTORICAL_ACTUAL
TEN-COOLIT-SYN-001,SITE-COOLIT-SYN-01,MES,RESOURCE_CALENDAR,RCAL-TEST-LEAK-01-2026-H58,RCAL-TEST-LEAK-01-2026-H58,RESOLVED,2026-09-25T23:59:59-06:00,2026-09-26T08:00:00-06:00,2026-06-29T00:00:00-06:00,,1,,false,ACTUAL,,,VALID,CURRENT,coolit-synthetic-v2.0.0,ALL_SYNTHETIC_CUSTOMERS,ALL_SYNTHETIC_PROGRAMS,ALL_SYNTHETIC_PRODUCTS,SYNTHETIC_INTERNAL,SNP-COOLIT-20260925-BL,SCN-BASELINE,RCAL-TEST-LEAK-01-2026-H58,TEST-LEAK-01,2026-H58,4200,4200,0,0,PRESSURE_AND_LEAK_TEST,,HISTORICAL_ACTUAL
TEN-COOLIT-SYN-001,SITE-COOLIT-SYN-01,MES,RESOURCE_CALENDAR,RCAL-TEST-LEAK-01-2026-H59,RCAL-TEST-LEAK-01-2026-H59,RESOLVED,2026-09-25T23:59:59-06:00,2026-09-26T08:00:00-06:00,2026-06-29T00:00:00-06:00,,1,,false,ACTUAL,,,VALID,CURRENT,coolit-synthetic-v2.0.0,ALL_SYNTHETIC_CUSTOMERS,ALL_SYNTHETIC_PROGRAMS,ALL_SYNTHETIC_PRODUCTS,SYNTHETIC_INTERNAL,SNP-COOLIT-20260925-BL,SCN-BASELINE,RCAL-TEST-LEAK-01-2026-H59,TEST-LEAK-01,2026-H59,4200,4200,0,0,PRESSURE_AND_LEAK_TEST,,HISTORICAL_ACTUAL
TEN-COOLIT-SYN-001,SITE-COOLIT-SYN-01,MES,RESOURCE_CALENDAR,RCAL-TEST-LEAK-01-2026-H60,RCAL-TEST-LEAK-01-2026-H60,RESOLVED,2026-09-25T23:59:59-06:00,2026-09-26T08:00:00-06:00,2026-06-29T00:00:00-06:00,,1,,false,ACTUAL,,,VALID,CURRENT,coolit-synthetic-v2.0.0,ALL_SYNTHETIC_CUSTOMERS,ALL_SYNTHETIC_PROGRAMS,ALL_SYNTHETIC_PRODUCTS,SYNTHETIC_INTERNAL,SNP-COOLIT-20260925-BL,SCN-BASELINE,RCAL-TEST-LEAK-01-2026-H60,TEST-LEAK-01,2026-H60,4200,4200,0,0,PRESSURE_AND_LEAK_TEST,,HISTORICAL_ACTUAL
TEN-COOLIT-SYN-001,SITE-COOLIT-SYN-01,MES,RESOURCE_CALENDAR,RCAL-TEST-LEAK-01-2026-H61,RCAL-TEST-LEAK-01-2026-H61,RESOLVED,2026-09-25T23:59:59-06:00,2026-09-26T08:00:00-06:00,2026-06-29T00:00:00-06:00,,1,,false,ACTUAL,,,VALID,CURRENT,coolit-synthetic-v2.0.0,ALL_SYNTHETIC_CUSTOMERS,ALL_SYNTHETIC_PROGRAMS,ALL_SYNTHETIC_PRODUCTS,SYNTHETIC_INTERNAL,SNP-COOLIT-20260925-BL,SCN-BASELINE,RCAL-TEST-LEAK-01-2026-H61,TEST-LEAK-01,2026-H61,4200,4200,0,0,PRESSURE_AND_LEAK_TEST,,HISTORICAL_ACTUAL
TEN-COOLIT-SYN-001,SITE-COOLIT-SYN-01,MES,RESOURCE_CALENDAR,RCAL-TEST-LEAK-01-2026-H62,RCAL-TEST-LEAK-01-2026-H62,RESOLVED,2026-09-25T23:59:59-06:00,2026-09-26T08:00:00-06:00,2026-06-29T00:00:00-06:00,,1,,false,ACTUAL,,,VALID,CURRENT,coolit-synthetic-v2.0.0,ALL_SYNTHETIC_CUSTOMERS,ALL_SYNTHETIC_PROGRAMS,ALL_SYNTHETIC_PRODUCTS,SYNTHETIC_INTERNAL,SNP-COOLIT-20260925-BL,SCN-BASELINE,RCAL-TEST-LEAK-01-2026-H62,TEST-LEAK-01,2026-H62,4200,4200,0,0,PRESSURE_AND_LEAK_TEST,,HISTORICAL_ACTUAL
TEN-COOLIT-SYN-001,SITE-COOLIT-SYN-01,MES,RESOURCE_CALENDAR,RCAL-TEST-LEAK-01-2026-H63,RCAL-TEST-LEAK-01-2026-H63,RESOLVED,2026-09-25T23:59:59-06:00,2026-09-26T08:00:00-06:00,2026-06-29T00:00:00-06:00,,1,,false,ACTUAL,,,VALID,CURRENT,coolit-synthetic-v2.0.0,ALL_SYNTHETIC_CUSTOMERS,ALL_SYNTHETIC_PROGRAMS,ALL_SYNTHETIC_PRODUCTS,SYNTHETIC_INTERNAL,SNP-COOLIT-20260925-BL,SCN-BASELINE,RCAL-TEST-LEAK-01-2026-H63,TEST-LEAK-01,2026-H63,4200,4200,0,0,PRESSURE_AND_LEAK_TEST,,HISTORICAL_ACTUAL
TEN-COOLIT-SYN-001,SITE-COOLIT-SYN-01,MES,RESOURCE_CALENDAR,RCAL-TEST-LEAK-01-2026-H64,RCAL-TEST-LEAK-01-2026-H64,RESOLVED,2026-09-25T23:59:59-06:00,2026-09-26T08:00:00-06:00,2026-06-29T00:00:00-06:00,,1,,false,ACTUAL,,,VALID,CURRENT,coolit-synthetic-v2.0.0,ALL_SYNTHETIC_CUSTOMERS,ALL_SYNTHETIC_PROGRAMS,ALL_SYNTHETIC_PRODUCTS,SYNTHETIC_INTERNAL,SNP-COOLIT-20260925-BL,SCN-BASELINE,RCAL-TEST-LEAK-01-2026-H64,TEST-LEAK-01,2026-H64,4200,4200,0,0,PRESSURE_AND_LEAK_TEST,,HISTORICAL_ACTUAL
TEN-COOLIT-SYN-001,SITE-COOLIT-SYN-01,MES,RESOURCE_CALENDAR,RCAL-TEST-LEAK-01-2026-H65,RCAL-TEST-LEAK-01-2026-H65,RESOLVED,2026-09-25T23:59:59-06:00,2026-09-26T08:00:00-06:00,2026-06-29T00:00:00-06:00,,1,,false,ACTUAL,,,VALID,CURRENT,coolit-synthetic-v2.0.0,ALL_SYNTHETIC_CUSTOMERS,ALL_SYNTHETIC_PROGRAMS,ALL_SYNTHETIC_PRODUCTS,SYNTHETIC_INTERNAL,SNP-COOLIT-20260925-BL,SCN-BASELINE,RCAL-TEST-LEAK-01-2026-H65,TEST-LEAK-01,2026-H65,4200,4200,0,240,PRESSURE_AND_LEAK_TEST,PLANNED_MAINTENANCE,HISTORICAL_ACTUAL
TEN-COOLIT-SYN-001,SITE-COOLIT-SYN-01,MES,RESOURCE_CALENDAR,RCAL-TEST-LEAK-01-2026-H66,RCAL-TEST-LEAK-01-2026-H66,RESOLVED,2026-09-25T23:59:59-06:00,2026-09-26T08:00:00-06:00,2026-06-29T00:00:00-06:00,,1,,false,ACTUAL,,,VALID,CURRENT,coolit-synthetic-v2.0.0,ALL_SYNTHETIC_CUSTOMERS,ALL_SYNTHETIC_PROGRAMS,ALL_SYNTHETIC_PRODUCTS,SYNTHETIC_INTERNAL,SNP-COOLIT-20260925-BL,SCN-BASELINE,RCAL-TEST-LEAK-01-2026-H66,TEST-LEAK-01,2026-H66,4200,4200,0,0,PRESSURE_AND_LEAK_TEST,,HISTORICAL_ACTUAL
TEN-COOLIT-SYN-001,SITE-COOLIT-SYN-01,MES,RESOURCE_CALENDAR,RCAL-TEST-LEAK-01-2026-H67,RCAL-TEST-LEAK-01-2026-H67,RESOLVED,2026-09-25T23:59:59-06:00,2026-09-26T08:00:00-06:00,2026-06-29T00:00:00-06:00,,1,,false,ACTUAL,,,VALID,CURRENT,coolit-synthetic-v2.0.0,ALL_SYNTHETIC_CUSTOMERS,ALL_SYNTHETIC_PROGRAMS,ALL_SYNTHETIC_PRODUCTS,SYNTHETIC_INTERNAL,SNP-COOLIT-20260925-BL,SCN-BASELINE,RCAL-TEST-LEAK-01-2026-H67,TEST-LEAK-01,2026-H67,4200,4200,0,0,PRESSURE_AND_LEAK_TEST,,HISTORICAL_ACTUAL
TEN-COOLIT-SYN-001,SITE-COOLIT-SYN-01,MES,RESOURCE_CALENDAR,RCAL-TEST-LEAK-01-2026-H68,RCAL-TEST-LEAK-01-2026-H68,RESOLVED,2026-09-25T23:59:59-06:00,2026-09-26T08:00:00-06:00,2026-06-29T00:00:00-06:00,,1,,false,ACTUAL,,,VALID,CURRENT,coolit-synthetic-v2.0.0,ALL_SYNTHETIC_CUSTOMERS,ALL_SYNTHETIC_PROGRAMS,ALL_SYNTHETIC_PRODUCTS,SYNTHETIC_INTERNAL,SNP-COOLIT-20260925-BL,SCN-BASELINE,RCAL-TEST-LEAK-01-2026-H68,TEST-LEAK-01,2026-H68,4200,4200,0,0,PRESSURE_AND_LEAK_TEST,,HISTORICAL_ACTUAL
TEN-COOLIT-SYN-001,SITE-COOLIT-SYN-01,MES,RESOURCE_CALENDAR,RCAL-TEST-LEAK-01-2026-H69,RCAL-TEST-LEAK-01-2026-H69,RESOLVED,2026-09-25T23:59:59-06:00,2026-09-26T08:00:00-06:00,2026-06-29T00:00:00-06:00,,1,,false,ACTUAL,,,VALID,CURRENT,coolit-synthetic-v2.0.0,ALL_SYNTHETIC_CUSTOMERS,ALL_SYNTHETIC_PROGRAMS,ALL_SYNTHETIC_PRODUCTS,SYNTHETIC_INTERNAL,SNP-COOLIT-20260925-BL,SCN-BASELINE,RCAL-TEST-LEAK-01-2026-H69,TEST-LEAK-01,2026-H69,4200,4200,0,0,PRESSURE_AND_LEAK_TEST,,HISTORICAL_ACTUAL
TEN-COOLIT-SYN-001,SITE-COOLIT-SYN-01,MES,RESOURCE_CALENDAR,RCAL-TEST-LEAK-01-2026-H70,RCAL-TEST-LEAK-01-2026-H70,RESOLVED,2026-09-25T23:59:59-06:00,2026-09-26T08:00:00-06:00,2026-06-29T00:00:00-06:00,,1,,false,ACTUAL,,,VALID,CURRENT,coolit-synthetic-v2.0.0,ALL_SYNTHETIC_CUSTOMERS,ALL_SYNTHETIC_PROGRAMS,ALL_SYNTHETIC_PRODUCTS,SYNTHETIC_INTERNAL,SNP-COOLIT-20260925-BL,SCN-BASELINE,RCAL-TEST-LEAK-01-2026-H70,TEST-LEAK-01,2026-H70,4200,4200,0,0,PRESSURE_AND_LEAK_TEST,,HISTORICAL_ACTUAL
TEN-COOLIT-SYN-001,SITE-COOLIT-SYN-01,MES,RESOURCE_CALENDAR,RCAL-TEST-LEAK-01-2026-H71,RCAL-TEST-LEAK-01-2026-H71,RESOLVED,2026-09-25T23:59:59-06:00,2026-09-26T08:00:00-06:00,2026-06-29T00:00:00-06:00,,1,,false,ACTUAL,,,VALID,CURRENT,coolit-synthetic-v2.0.0,ALL_SYNTHETIC_CUSTOMERS,ALL_SYNTHETIC_PROGRAMS,ALL_SYNTHETIC_PRODUCTS,SYNTHETIC_INTERNAL,SNP-COOLIT-20260925-BL,SCN-BASELINE,RCAL-TEST-LEAK-01-2026-H71,TEST-LEAK-01,2026-H71,4200,4200,0,0,PRESSURE_AND_LEAK_TEST,,HISTORICAL_ACTUAL
TEN-COOLIT-SYN-001,SITE-COOLIT-SYN-01,MES,RESOURCE_CALENDAR,RCAL-TEST-LEAK-01-2026-H72,RCAL-TEST-LEAK-01-2026-H72,RESOLVED,2026-09-25T23:59:59-06:00,2026-09-26T08:00:00-06:00,2026-06-29T00:00:00-06:00,,1,,false,ACTUAL,,,VALID,CURRENT,coolit-synthetic-v2.0.0,ALL_SYNTHETIC_CUSTOMERS,ALL_SYNTHETIC_PROGRAMS,ALL_SYNTHETIC_PRODUCTS,SYNTHETIC_INTERNAL,SNP-COOLIT-20260925-BL,SCN-BASELINE,RCAL-TEST-LEAK-01-2026-H72,TEST-LEAK-01,2026-H72,4200,4200,0,0,PRESSURE_AND_LEAK_TEST,,HISTORICAL_ACTUAL
TEN-COOLIT-SYN-001,SITE-COOLIT-SYN-01,MES,RESOURCE_CALENDAR,RCAL-TEST-LEAK-01-2026-H73,RCAL-TEST-LEAK-01-2026-H73,RESOLVED,2026-09-25T23:59:59-06:00,2026-09-26T08:00:00-06:00,2026-06-29T00:00:00-06:00,,1,,false,ACTUAL,,,VALID,CURRENT,coolit-synthetic-v2.0.0,ALL_SYNTHETIC_CUSTOMERS,ALL_SYNTHETIC_PROGRAMS,ALL_SYNTHETIC_PRODUCTS,SYNTHETIC_INTERNAL,SNP-COOLIT-20260925-BL,SCN-BASELINE,RCAL-TEST-LEAK-01-2026-H73,TEST-LEAK-01,2026-H73,4200,4200,0,240,PRESSURE_AND_LEAK_TEST,PLANNED_MAINTENANCE,HISTORICAL_ACTUAL
TEN-COOLIT-SYN-001,SITE-COOLIT-SYN-01,MES,RESOURCE_CALENDAR,RCAL-TEST-LEAK-01-2026-H74,RCAL-TEST-LEAK-01-2026-H74,RESOLVED,2026-09-25T23:59:59-06:00,2026-09-26T08:00:00-06:00,2026-06-29T00:00:00-06:00,,1,,false,ACTUAL,,,VALID,CURRENT,coolit-synthetic-v2.0.0,ALL_SYNTHETIC_CUSTOMERS,ALL_SYNTHETIC_PROGRAMS,ALL_SYNTHETIC_PRODUCTS,SYNTHETIC_INTERNAL,SNP-COOLIT-20260925-BL,SCN-BASELINE,RCAL-TEST-LEAK-01-2026-H74,TEST-LEAK-01,2026-H74,4200,4200,0,0,PRESSURE_AND_LEAK_TEST,,HISTORICAL_ACTUAL
TEN-COOLIT-SYN-001,SITE-COOLIT-SYN-01,MES,RESOURCE_CALENDAR,RCAL-TEST-LEAK-01-2026-H75,RCAL-TEST-LEAK-01-2026-H75,RESOLVED,2026-09-25T23:59:59-06:00,2026-09-26T08:00:00-06:00,2026-06-29T00:00:00-06:00,,1,,false,ACTUAL,,,VALID,CURRENT,coolit-synthetic-v2.0.0,ALL_SYNTHETIC_CUSTOMERS,ALL_SYNTHETIC_PROGRAMS,ALL_SYNTHETIC_PRODUCTS,SYNTHETIC_INTERNAL,SNP-COOLIT-20260925-BL,SCN-BASELINE,RCAL-TEST-LEAK-01-2026-H75,TEST-LEAK-01,2026-H75,4200,4200,0,0,PRESSURE_AND_LEAK_TEST,,HISTORICAL_ACTUAL
TEN-COOLIT-SYN-001,SITE-COOLIT-SYN-01,MES,RESOURCE_CALENDAR,RCAL-TEST-LEAK-01-2026-H76,RCAL-TEST-LEAK-01-2026-H76,RESOLVED,2026-09-25T23:59:59-06:00,2026-09-26T08:00:00-06:00,2026-06-29T00:00:00-06:00,,1,,false,ACTUAL,,,VALID,CURRENT,coolit-synthetic-v2.0.0,ALL_SYNTHETIC_CUSTOMERS,ALL_SYNTHETIC_PROGRAMS,ALL_SYNTHETIC_PRODUCTS,SYNTHETIC_INTERNAL,SNP-COOLIT-20260925-BL,SCN-BASELINE,RCAL-TEST-LEAK-01-2026-H76,TEST-LEAK-01,2026-H76,4200,4200,0,0,PRESSURE_AND_LEAK_TEST,,HISTORICAL_ACTUAL
TEN-COOLIT-SYN-001,SITE-COOLIT-SYN-01,MES,RESOURCE_CALENDAR,RCAL-TEST-LEAK-01-2026-H77,RCAL-TEST-LEAK-01-2026-H77,RESOLVED,2026-09-25T23:59:59-06:00,2026-09-26T08:00:00-06:00,2026-06-29T00:00:00-06:00,,1,,false,ACTUAL,,,VALID,CURRENT,coolit-synthetic-v2.0.0,ALL_SYNTHETIC_CUSTOMERS,ALL_SYNTHETIC_PROGRAMS,ALL_SYNTHETIC_PRODUCTS,SYNTHETIC_INTERNAL,SNP-COOLIT-20260925-BL,SCN-BASELINE,RCAL-TEST-LEAK-01-2026-H77,TEST-LEAK-01,2026-H77,4200,4200,0,0,PRESSURE_AND_LEAK_TEST,,HISTORICAL_ACTUAL
TEN-COOLIT-SYN-001,SITE-COOLIT-SYN-01,MES,RESOURCE_CALENDAR,RCAL-TEST-LEAK-01-2026-H78,RCAL-TEST-LEAK-01-2026-H78,RESOLVED,2026-09-25T23:59:59-06:00,2026-09-26T08:00:00-06:00,2026-06-29T00:00:00-06:00,,1,,false,ACTUAL,,,VALID,CURRENT,coolit-synthetic-v2.0.0,ALL_SYNTHETIC_CUSTOMERS,ALL_SYNTHETIC_PROGRAMS,ALL_SYNTHETIC_PRODUCTS,SYNTHETIC_INTERNAL,SNP-COOLIT-20260925-BL,SCN-BASELINE,RCAL-TEST-LEAK-01-2026-H78,TEST-LEAK-01,2026-H78,4200,4200,0,0,PRESSURE_AND_LEAK_TEST,,HISTORICAL_ACTUAL
TEN-COOLIT-SYN-001,SITE-COOLIT-SYN-01,MES,RESOURCE_CALENDAR,RCAL-TEST-LEAK-01-2026-H79,RCAL-TEST-LEAK-01-2026-H79,RESOLVED,2026-09-25T23:59:59-06:00,2026-09-26T08:00:00-06:00,2026-06-29T00:00:00-06:00,,1,,false,ACTUAL,,,VALID,CURRENT,coolit-synthetic-v2.0.0,ALL_SYNTHETIC_CUSTOMERS,ALL_SYNTHETIC_PROGRAMS,ALL_SYNTHETIC_PRODUCTS,SYNTHETIC_INTERNAL,SNP-COOLIT-20260925-BL,SCN-BASELINE,RCAL-TEST-LEAK-01-2026-H79,TEST-LEAK-01,2026-H79,4200,4200,0,0,PRESSURE_AND_LEAK_TEST,,HISTORICAL_ACTUAL
TEN-COOLIT-SYN-001,SITE-COOLIT-SYN-01,MES,RESOURCE_CALENDAR,RCAL-TEST-LEAK-01-2026-H80,RCAL-TEST-LEAK-01-2026-H80,RESOLVED,2026-09-25T23:59:59-06:00,2026-09-26T08:00:00-06:00,2026-06-29T00:00:00-06:00,,1,,false,ACTUAL,,,VALID,CURRENT,coolit-synthetic-v2.0.0,ALL_SYNTHETIC_CUSTOMERS,ALL_SYNTHETIC_PROGRAMS,ALL_SYNTHETIC_PRODUCTS,SYNTHETIC_INTERNAL,SNP-COOLIT-20260925-BL,SCN-BASELINE,RCAL-TEST-LEAK-01-2026-H80,TEST-LEAK-01,2026-H80,4200,4200,0,0,PRESSURE_AND_LEAK_TEST,,HISTORICAL_ACTUAL
TEN-COOLIT-SYN-001,SITE-COOLIT-SYN-01,MES,RESOURCE_CALENDAR,RCAL-TEST-LEAK-01-2026-H81,RCAL-TEST-LEAK-01-2026-H81,RESOLVED,2026-09-25T23:59:59-06:00,2026-09-26T08:00:00-06:00,2026-06-29T00:00:00-06:00,,1,,false,ACTUAL,,,VALID,CURRENT,coolit-synthetic-v2.0.0,ALL_SYNTHETIC_CUSTOMERS,ALL_SYNTHETIC_PROGRAMS,ALL_SYNTHETIC_PRODUCTS,SYNTHETIC_INTERNAL,SNP-COOLIT-20260925-BL,SCN-BASELINE,RCAL-TEST-LEAK-01-2026-H81,TEST-LEAK-01,2026-H81,4200,4200,0,240,PRESSURE_AND_LEAK_TEST,PLANNED_MAINTENANCE,HISTORICAL_ACTUAL
TEN-COOLIT-SYN-001,SITE-COOLIT-SYN-01,MES,RESOURCE_CALENDAR,RCAL-TEST-LEAK-01-2026-H82,RCAL-TEST-LEAK-01-2026-H82,RESOLVED,2026-09-25T23:59:59-06:00,2026-09-26T08:00:00-06:00,2026-06-29T00:00:00-06:00,,1,,false,ACTUAL,,,VALID,CURRENT,coolit-synthetic-v2.0.0,ALL_SYNTHETIC_CUSTOMERS,ALL_SYNTHETIC_PROGRAMS,ALL_SYNTHETIC_PRODUCTS,SYNTHETIC_INTERNAL,SNP-COOLIT-20260925-BL,SCN-BASELINE,RCAL-TEST-LEAK-01-2026-H82,TEST-LEAK-01,2026-H82,4200,4200,0,0,PRESSURE_AND_LEAK_TEST,,HISTORICAL_ACTUAL
TEN-COOLIT-SYN-001,SITE-COOLIT-SYN-01,MES,RESOURCE_CALENDAR,RCAL-TEST-LEAK-01-2026-H83,RCAL-TEST-LEAK-01-2026-H83,RESOLVED,2026-09-25T23:59:59-06:00,2026-09-26T08:00:00-06:00,2026-06-29T00:00:00-06:00,,1,,false,ACTUAL,,,VALID,CURRENT,coolit-synthetic-v2.0.0,ALL_SYNTHETIC_CUSTOMERS,ALL_SYNTHETIC_PROGRAMS,ALL_SYNTHETIC_PRODUCTS,SYNTHETIC_INTERNAL,SNP-COOLIT-20260925-BL,SCN-BASELINE,RCAL-TEST-LEAK-01-2026-H83,TEST-LEAK-01,2026-H83,4200,4200,0,0,PRESSURE_AND_LEAK_TEST,,HISTORICAL_ACTUAL
TEN-COOLIT-SYN-001,SITE-COOLIT-SYN-01,MES,RESOURCE_CALENDAR,RCAL-TEST-LEAK-01-2026-H84,RCAL-TEST-LEAK-01-2026-H84,RESOLVED,2026-09-25T23:59:59-06:00,2026-09-26T08:00:00-06:00,2026-06-29T00:00:00-06:00,,1,,false,ACTUAL,,,VALID,CURRENT,coolit-synthetic-v2.0.0,ALL_SYNTHETIC_CUSTOMERS,ALL_SYNTHETIC_PROGRAMS,ALL_SYNTHETIC_PRODUCTS,SYNTHETIC_INTERNAL,SNP-COOLIT-20260925-BL,SCN-BASELINE,RCAL-TEST-LEAK-01-2026-H84,TEST-LEAK-01,2026-H84,4200,4200,0,0,PRESSURE_AND_LEAK_TEST,,HISTORICAL_ACTUAL
TEN-COOLIT-SYN-001,SITE-COOLIT-SYN-01,MES,RESOURCE_CALENDAR,RCAL-TEST-LEAK-01-2026-H85,RCAL-TEST-LEAK-01-2026-H85,RESOLVED,2026-09-25T23:59:59-06:00,2026-09-26T08:00:00-06:00,2026-06-29T00:00:00-06:00,,1,,false,ACTUAL,,,VALID,CURRENT,coolit-synthetic-v2.0.0,ALL_SYNTHETIC_CUSTOMERS,ALL_SYNTHETIC_PROGRAMS,ALL_SYNTHETIC_PRODUCTS,SYNTHETIC_INTERNAL,SNP-COOLIT-20260925-BL,SCN-BASELINE,RCAL-TEST-LEAK-01-2026-H85,TEST-LEAK-01,2026-H85,4200,4200,0,0,PRESSURE_AND_LEAK_TEST,,HISTORICAL_ACTUAL
TEN-COOLIT-SYN-001,SITE-COOLIT-SYN-01,MES,RESOURCE_CALENDAR,RCAL-TEST-LEAK-01-2026-H86,RCAL-TEST-LEAK-01-2026-H86,RESOLVED,2026-09-25T23:59:59-06:00,2026-09-26T08:00:00-06:00,2026-06-29T00:00:00-06:00,,1,,false,ACTUAL,,,VALID,CURRENT,coolit-synthetic-v2.0.0,ALL_SYNTHETIC_CUSTOMERS,ALL_SYNTHETIC_PROGRAMS,ALL_SYNTHETIC_PRODUCTS,SYNTHETIC_INTERNAL,SNP-COOLIT-20260925-BL,SCN-BASELINE,RCAL-TEST-LEAK-01-2026-H86,TEST-LEAK-01,2026-H86,4200,4200,0,0,PRESSURE_AND_LEAK_TEST,,HISTORICAL_ACTUAL
TEN-COOLIT-SYN-001,SITE-COOLIT-SYN-01,MES,RESOURCE_CALENDAR,RCAL-TEST-LEAK-01-2026-H87,RCAL-TEST-LEAK-01-2026-H87,RESOLVED,2026-09-25T23:59:59-06:00,2026-09-26T08:00:00-06:00,2026-06-29T00:00:00-06:00,,1,,false,ACTUAL,,,VALID,CURRENT,coolit-synthetic-v2.0.0,ALL_SYNTHETIC_CUSTOMERS,ALL_SYNTHETIC_PROGRAMS,ALL_SYNTHETIC_PRODUCTS,SYNTHETIC_INTERNAL,SNP-COOLIT-20260925-BL,SCN-BASELINE,RCAL-TEST-LEAK-01-2026-H87,TEST-LEAK-01,2026-H87,4200,4200,0,0,PRESSURE_AND_LEAK_TEST,,HISTORICAL_ACTUAL
TEN-COOLIT-SYN-001,SITE-COOLIT-SYN-01,MES,RESOURCE_CALENDAR,RCAL-TEST-LEAK-01-2026-H88,RCAL-TEST-LEAK-01-2026-H88,RESOLVED,2026-09-25T23:59:59-06:00,2026-09-26T08:00:00-06:00,2026-06-29T00:00:00-06:00,,1,,false,ACTUAL,,,VALID,CURRENT,coolit-synthetic-v2.0.0,ALL_SYNTHETIC_CUSTOMERS,ALL_SYNTHETIC_PROGRAMS,ALL_SYNTHETIC_PRODUCTS,SYNTHETIC_INTERNAL,SNP-COOLIT-20260925-BL,SCN-BASELINE,RCAL-TEST-LEAK-01-2026-H88,TEST-LEAK-01,2026-H88,4200,4200,0,0,PRESSURE_AND_LEAK_TEST,,HISTORICAL_ACTUAL
TEN-COOLIT-SYN-001,SITE-COOLIT-SYN-01,MES,RESOURCE_CALENDAR,RCAL-TEST-LEAK-01-2026-H89,RCAL-TEST-LEAK-01-2026-H89,RESOLVED,2026-09-25T23:59:59-06:00,2026-09-26T08:00:00-06:00,2026-06-29T00:00:00-06:00,,1,,false,ACTUAL,,,VALID,CURRENT,coolit-synthetic-v2.0.0,ALL_SYNTHETIC_CUSTOMERS,ALL_SYNTHETIC_PROGRAMS,ALL_SYNTHETIC_PRODUCTS,SYNTHETIC_INTERNAL,SNP-COOLIT-20260925-BL,SCN-BASELINE,RCAL-TEST-LEAK-01-2026-H89,TEST-LEAK-01,2026-H89,4200,4200,0,240,PRESSURE_AND_LEAK_TEST,PLANNED_MAINTENANCE,HISTORICAL_ACTUAL
TEN-COOLIT-SYN-001,SITE-COOLIT-SYN-01,MES,RESOURCE_CALENDAR,RCAL-TEST-LEAK-01-2026-H90,RCAL-TEST-LEAK-01-2026-H90,RESOLVED,2026-09-25T23:59:59-06:00,2026-09-26T08:00:00-06:00,2026-06-29T00:00:00-06:00,,1,,false,ACTUAL,,,VALID,CURRENT,coolit-synthetic-v2.0.0,ALL_SYNTHETIC_CUSTOMERS,ALL_SYNTHETIC_PROGRAMS,ALL_SYNTHETIC_PRODUCTS,SYNTHETIC_INTERNAL,SNP-COOLIT-20260925-BL,SCN-BASELINE,RCAL-TEST-LEAK-01-2026-H90,TEST-LEAK-01,2026-H90,4200,4200,0,0,PRESSURE_AND_LEAK_TEST,,HISTORICAL_ACTUAL
TEN-COOLIT-SYN-001,SITE-COOLIT-SYN-01,MES,RESOURCE_CALENDAR,RCAL-TEST-LEAK-01-2026-H91,RCAL-TEST-LEAK-01-2026-H91,RESOLVED,2026-09-25T23:59:59-06:00,2026-09-26T08:00:00-06:00,2026-06-29T00:00:00-06:00,,1,,false,ACTUAL,,,VALID,CURRENT,coolit-synthetic-v2.0.0,ALL_SYNTHETIC_CUSTOMERS,ALL_SYNTHETIC_PROGRAMS,ALL_SYNTHETIC_PRODUCTS,SYNTHETIC_INTERNAL,SNP-COOLIT-20260925-BL,SCN-BASELINE,RCAL-TEST-LEAK-01-2026-H91,TEST-LEAK-01,2026-H91,4200,4200,0,0,PRESSURE_AND_LEAK_TEST,,HISTORICAL_ACTUAL
TEN-COOLIT-SYN-001,SITE-COOLIT-SYN-01,MES,RESOURCE_CALENDAR,RCAL-TEST-LEAK-01-2026-H92,RCAL-TEST-LEAK-01-2026-H92,RESOLVED,2026-09-25T23:59:59-06:00,2026-09-26T08:00:00-06:00,2026-06-29T00:00:00-06:00,,1,,false,ACTUAL,,,VALID,CURRENT,coolit-synthetic-v2.0.0,ALL_SYNTHETIC_CUSTOMERS,ALL_SYNTHETIC_PROGRAMS,ALL_SYNTHETIC_PRODUCTS,SYNTHETIC_INTERNAL,SNP-COOLIT-20260925-BL,SCN-BASELINE,RCAL-TEST-LEAK-01-2026-H92,TEST-LEAK-01,2026-H92,4200,4200,0,0,PRESSURE_AND_LEAK_TEST,,HISTORICAL_ACTUAL
TEN-COOLIT-SYN-001,SITE-COOLIT-SYN-01,MES,RESOURCE_CALENDAR,RCAL-TEST-LEAK-01-2026-H93,RCAL-TEST-LEAK-01-2026-H93,RESOLVED,2026-09-25T23:59:59-06:00,2026-09-26T08:00:00-06:00,2026-06-29T00:00:00-06:00,,1,,false,ACTUAL,,,VALID,CURRENT,coolit-synthetic-v2.0.0,ALL_SYNTHETIC_CUSTOMERS,ALL_SYNTHETIC_PROGRAMS,ALL_SYNTHETIC_PRODUCTS,SYNTHETIC_INTERNAL,SNP-COOLIT-20260925-BL,SCN-BASELINE,RCAL-TEST-LEAK-01-2026-H93,TEST-LEAK-01,2026-H93,4200,4200,0,0,PRESSURE_AND_LEAK_TEST,,HISTORICAL_ACTUAL
TEN-COOLIT-SYN-001,SITE-COOLIT-SYN-01,MES,RESOURCE_CALENDAR,RCAL-TEST-LEAK-01-2026-H94,RCAL-TEST-LEAK-01-2026-H94,RESOLVED,2026-09-25T23:59:59-06:00,2026-09-26T08:00:00-06:00,2026-06-29T00:00:00-06:00,,1,,false,ACTUAL,,,VALID,CURRENT,coolit-synthetic-v2.0.0,ALL_SYNTHETIC_CUSTOMERS,ALL_SYNTHETIC_PROGRAMS,ALL_SYNTHETIC_PRODUCTS,SYNTHETIC_INTERNAL,SNP-COOLIT-20260925-BL,SCN-BASELINE,RCAL-TEST-LEAK-01-2026-H94,TEST-LEAK-01,2026-H94,4200,4200,0,0,PRESSURE_AND_LEAK_TEST,,HISTORICAL_ACTUAL
TEN-COOLIT-SYN-001,SITE-COOLIT-SYN-01,MES,RESOURCE_CALENDAR,RCAL-TEST-LEAK-01-2026-H95,RCAL-TEST-LEAK-01-2026-H95,RESOLVED,2026-09-25T23:59:59-06:00,2026-09-26T08:00:00-06:00,2026-06-29T00:00:00-06:00,,1,,false,ACTUAL,,,VALID,CURRENT,coolit-synthetic-v2.0.0,ALL_SYNTHETIC_CUSTOMERS,ALL_SYNTHETIC_PROGRAMS,ALL_SYNTHETIC_PRODUCTS,SYNTHETIC_INTERNAL,SNP-COOLIT-20260925-BL,SCN-BASELINE,RCAL-TEST-LEAK-01-2026-H95,TEST-LEAK-01,2026-H95,4200,4200,0,0,PRESSURE_AND_LEAK_TEST,,HISTORICAL_ACTUAL
TEN-COOLIT-SYN-001,SITE-COOLIT-SYN-01,MES,RESOURCE_CALENDAR,RCAL-TEST-LEAK-01-2026-H96,RCAL-TEST-LEAK-01-2026-H96,RESOLVED,2026-09-25T23:59:59-06:00,2026-09-26T08:00:00-06:00,2026-06-29T00:00:00-06:00,,1,,false,ACTUAL,,,VALID,CURRENT,coolit-synthetic-v2.0.0,ALL_SYNTHETIC_CUSTOMERS,ALL_SYNTHETIC_PROGRAMS,ALL_SYNTHETIC_PRODUCTS,SYNTHETIC_INTERNAL,SNP-COOLIT-20260925-BL,SCN-BASELINE,RCAL-TEST-LEAK-01-2026-H96,TEST-LEAK-01,2026-H96,4200,4200,0,0,PRESSURE_AND_LEAK_TEST,,HISTORICAL_ACTUAL
TEN-COOLIT-SYN-001,SITE-COOLIT-SYN-01,MES,RESOURCE_CALENDAR,RCAL-TEST-LEAK-01-2026-H97,RCAL-TEST-LEAK-01-2026-H97,RESOLVED,2026-09-25T23:59:59-06:00,2026-09-26T08:00:00-06:00,2026-06-29T00:00:00-06:00,,1,,false,ACTUAL,,,VALID,CURRENT,coolit-synthetic-v2.0.0,ALL_SYNTHETIC_CUSTOMERS,ALL_SYNTHETIC_PROGRAMS,ALL_SYNTHETIC_PRODUCTS,SYNTHETIC_INTERNAL,SNP-COOLIT-20260925-BL,SCN-BASELINE,RCAL-TEST-LEAK-01-2026-H97,TEST-LEAK-01,2026-H97,4200,4200,0,240,PRESSURE_AND_LEAK_TEST,PLANNED_MAINTENANCE,HISTORICAL_ACTUAL
TEN-COOLIT-SYN-001,SITE-COOLIT-SYN-01,MES,RESOURCE_CALENDAR,RCAL-TEST-LEAK-01-2026-H98,RCAL-TEST-LEAK-01-2026-H98,RESOLVED,2026-09-25T23:59:59-06:00,2026-09-26T08:00:00-06:00,2026-06-29T00:00:00-06:00,,1,,false,ACTUAL,,,VALID,CURRENT,coolit-synthetic-v2.0.0,ALL_SYNTHETIC_CUSTOMERS,ALL_SYNTHETIC_PROGRAMS,ALL_SYNTHETIC_PRODUCTS,SYNTHETIC_INTERNAL,SNP-COOLIT-20260925-BL,SCN-BASELINE,RCAL-TEST-LEAK-01-2026-H98,TEST-LEAK-01,2026-H98,4200,4200,0,0,PRESSURE_AND_LEAK_TEST,,HISTORICAL_ACTUAL
TEN-COOLIT-SYN-001,SITE-COOLIT-SYN-01,MES,RESOURCE_CALENDAR,RCAL-TEST-LEAK-01-2026-H99,RCAL-TEST-LEAK-01-2026-H99,RESOLVED,2026-09-25T23:59:59-06:00,2026-09-26T08:00:00-06:00,2026-06-29T00:00:00-06:00,,1,,false,ACTUAL,,,VALID,CURRENT,coolit-synthetic-v2.0.0,ALL_SYNTHETIC_CUSTOMERS,ALL_SYNTHETIC_PROGRAMS,ALL_SYNTHETIC_PRODUCTS,SYNTHETIC_INTERNAL,SNP-COOLIT-20260925-BL,SCN-BASELINE,RCAL-TEST-LEAK-01-2026-H99,TEST-LEAK-01,2026-H99,4200,4200,0,0,PRESSURE_AND_LEAK_TEST,,HISTORICAL_ACTUAL
TEN-COOLIT-SYN-001,SITE-COOLIT-SYN-01,MES,RESOURCE_CALENDAR,RCAL-TEST-LEAK-01-2026-H100,RCAL-TEST-LEAK-01-2026-H100,RESOLVED,2026-09-25T23:59:59-06:00,2026-09-26T08:00:00-06:00,2026-06-29T00:00:00-06:00,,1,,false,ACTUAL,,,VALID,CURRENT,coolit-synthetic-v2.0.0,ALL_SYNTHETIC_CUSTOMERS,ALL_SYNTHETIC_PROGRAMS,ALL_SYNTHETIC_PRODUCTS,SYNTHETIC_INTERNAL,SNP-COOLIT-20260925-BL,SCN-BASELINE,RCAL-TEST-LEAK-01-2026-H100,TEST-LEAK-01,2026-H100,4200,4200,0,0,PRESSURE_AND_LEAK_TEST,,HISTORICAL_ACTUAL
TEN-COOLIT-SYN-001,SITE-COOLIT-SYN-01,MES,RESOURCE_CALENDAR,RCAL-TEST-LEAK-01-2026-H101,RCAL-TEST-LEAK-01-2026-H101,RESOLVED,2026-09-25T23:59:59-06:00,2026-09-26T08:00:00-06:00,2026-06-29T00:00:00-06:00,,1,,false,ACTUAL,,,VALID,CURRENT,coolit-synthetic-v2.0.0,ALL_SYNTHETIC_CUSTOMERS,ALL_SYNTHETIC_PROGRAMS,ALL_SYNTHETIC_PRODUCTS,SYNTHETIC_INTERNAL,SNP-COOLIT-20260925-BL,SCN-BASELINE,RCAL-TEST-LEAK-01-2026-H101,TEST-LEAK-01,2026-H101,4200,4200,0,0,PRESSURE_AND_LEAK_TEST,,HISTORICAL_ACTUAL
TEN-COOLIT-SYN-001,SITE-COOLIT-SYN-01,MES,RESOURCE_CALENDAR,RCAL-TEST-LEAK-01-2026-H102,RCAL-TEST-LEAK-01-2026-H102,RESOLVED,2026-09-25T23:59:59-06:00,2026-09-26T08:00:00-06:00,2026-06-29T00:00:00-06:00,,1,,false,ACTUAL,,,VALID,CURRENT,coolit-synthetic-v2.0.0,ALL_SYNTHETIC_CUSTOMERS,ALL_SYNTHETIC_PROGRAMS,ALL_SYNTHETIC_PRODUCTS,SYNTHETIC_INTERNAL,SNP-COOLIT-20260925-BL,SCN-BASELINE,RCAL-TEST-LEAK-01-2026-H102,TEST-LEAK-01,2026-H102,4200,4200,0,0,PRESSURE_AND_LEAK_TEST,,HISTORICAL_ACTUAL
TEN-COOLIT-SYN-001,SITE-COOLIT-SYN-01,MES,RESOURCE_CALENDAR,RCAL-TEST-LEAK-01-2026-H103,RCAL-TEST-LEAK-01-2026-H103,RESOLVED,2026-09-25T23:59:59-06:00,2026-09-26T08:00:00-06:00,2026-06-29T00:00:00-06:00,,1,,false,ACTUAL,,,VALID,CURRENT,coolit-synthetic-v2.0.0,ALL_SYNTHETIC_CUSTOMERS,ALL_SYNTHETIC_PROGRAMS,ALL_SYNTHETIC_PRODUCTS,SYNTHETIC_INTERNAL,SNP-COOLIT-20260925-BL,SCN-BASELINE,RCAL-TEST-LEAK-01-2026-H103,TEST-LEAK-01,2026-H103,4200,4200,0,0,PRESSURE_AND_LEAK_TEST,,HISTORICAL_ACTUAL
TEN-COOLIT-SYN-001,SITE-COOLIT-SYN-01,MES,RESOURCE_CALENDAR,RCAL-TEST-LEAK-01-2026-H104,RCAL-TEST-LEAK-01-2026-H104,RESOLVED,2026-09-25T23:59:59-06:00,2026-09-26T08:00:00-06:00,2026-06-29T00:00:00-06:00,,1,,false,ACTUAL,,,VALID,CURRENT,coolit-synthetic-v2.0.0,ALL_SYNTHETIC_CUSTOMERS,ALL_SYNTHETIC_PROGRAMS,ALL_SYNTHETIC_PRODUCTS,SYNTHETIC_INTERNAL,SNP-COOLIT-20260925-BL,SCN-BASELINE,RCAL-TEST-LEAK-01-2026-H104,TEST-LEAK-01,2026-H104,4200,4200,0,0,PRESSURE_AND_LEAK_TEST,,HISTORICAL_ACTUAL
TEN-COOLIT-SYN-001,SITE-COOLIT-SYN-01,MES,RESOURCE_CALENDAR,RCAL-TEST-LEAK-01-2026-P01,RCAL-TEST-LEAK-01-2026-P01,RESOLVED,2026-09-25T23:59:59-06:00,2026-09-26T08:00:00-06:00,2026-06-29T00:00:00-06:00,,1,,false,PLAN,,,VALID,CURRENT,coolit-synthetic-v2.0.0,ALL_SYNTHETIC_CUSTOMERS,ALL_SYNTHETIC_PROGRAMS,ALL_SYNTHETIC_PRODUCTS,SYNTHETIC_INTERNAL,SNP-COOLIT-20260925-BL,SCN-DISRUPTION,RCAL-TEST-LEAK-01-2026-P01,TEST-LEAK-01,2026-P01,1440,4200,240,3000,PRESSURE_AND_LEAK_TEST,UNPLANNED_LEAK_STAND_LOSS,PLANNING_FUTURE
TEN-COOLIT-SYN-001,SITE-COOLIT-SYN-01,MES,RESOURCE_CALENDAR,RCAL-TEST-LEAK-01-2026-P02,RCAL-TEST-LEAK-01-2026-P02,RESOLVED,2026-09-25T23:59:59-06:00,2026-09-26T08:00:00-06:00,2026-06-29T00:00:00-06:00,,1,,false,PLAN,,,VALID,CURRENT,coolit-synthetic-v2.0.0,ALL_SYNTHETIC_CUSTOMERS,ALL_SYNTHETIC_PROGRAMS,ALL_SYNTHETIC_PRODUCTS,SYNTHETIC_INTERNAL,SNP-COOLIT-20260925-BL,SCN-BASELINE,RCAL-TEST-LEAK-01-2026-P02,TEST-LEAK-01,2026-P02,4200,4200,300,0,PRESSURE_AND_LEAK_TEST,,PLANNING_FUTURE
TEN-COOLIT-SYN-001,SITE-COOLIT-SYN-01,MES,RESOURCE_CALENDAR,RCAL-TEST-LEAK-01-2026-P03,RCAL-TEST-LEAK-01-2026-P03,RESOLVED,2026-09-25T23:59:59-06:00,2026-09-26T08:00:00-06:00,2026-06-29T00:00:00-06:00,,1,,false,PLAN,,,VALID,CURRENT,coolit-synthetic-v2.0.0,ALL_SYNTHETIC_CUSTOMERS,ALL_SYNTHETIC_PROGRAMS,ALL_SYNTHETIC_PRODUCTS,SYNTHETIC_INTERNAL,SNP-COOLIT-20260925-BL,SCN-BASELINE,RCAL-TEST-LEAK-01-2026-P03,TEST-LEAK-01,2026-P03,4200,4200,300,0,PRESSURE_AND_LEAK_TEST,,PLANNING_FUTURE
TEN-COOLIT-SYN-001,SITE-COOLIT-SYN-01,MES,RESOURCE_CALENDAR,RCAL-TEST-LEAK-01-2026-P04,RCAL-TEST-LEAK-01-2026-P04,RESOLVED,2026-09-25T23:59:59-06:00,2026-09-26T08:00:00-06:00,2026-06-29T00:00:00-06:00,,1,,false,PLAN,,,VALID,CURRENT,coolit-synthetic-v2.0.0,ALL_SYNTHETIC_CUSTOMERS,ALL_SYNTHETIC_PROGRAMS,ALL_SYNTHETIC_PRODUCTS,SYNTHETIC_INTERNAL,SNP-COOLIT-20260925-BL,SCN-BASELINE,RCAL-TEST-LEAK-01-2026-P04,TEST-LEAK-01,2026-P04,4200,4200,300,0,PRESSURE_AND_LEAK_TEST,,PLANNING_FUTURE
TEN-COOLIT-SYN-001,SITE-COOLIT-SYN-01,MES,RESOURCE_CALENDAR,RCAL-TEST-LEAK-01-2026-P05,RCAL-TEST-LEAK-01-2026-P05,RESOLVED,2026-09-25T23:59:59-06:00,2026-09-26T08:00:00-06:00,2026-06-29T00:00:00-06:00,,1,,false,PLAN,,,VALID,CURRENT,coolit-synthetic-v2.0.0,ALL_SYNTHETIC_CUSTOMERS,ALL_SYNTHETIC_PROGRAMS,ALL_SYNTHETIC_PRODUCTS,SYNTHETIC_INTERNAL,SNP-COOLIT-20260925-BL,SCN-BASELINE,RCAL-TEST-LEAK-01-2026-P05,TEST-LEAK-01,2026-P05,4200,4200,300,0,PRESSURE_AND_LEAK_TEST,,PLANNING_FUTURE
TEN-COOLIT-SYN-001,SITE-COOLIT-SYN-01,MES,RESOURCE_CALENDAR,RCAL-TEST-LEAK-01-2026-P06,RCAL-TEST-LEAK-01-2026-P06,RESOLVED,2026-09-25T23:59:59-06:00,2026-09-26T08:00:00-06:00,2026-06-29T00:00:00-06:00,,1,,false,PLAN,,,VALID,CURRENT,coolit-synthetic-v2.0.0,ALL_SYNTHETIC_CUSTOMERS,ALL_SYNTHETIC_PROGRAMS,ALL_SYNTHETIC_PRODUCTS,SYNTHETIC_INTERNAL,SNP-COOLIT-20260925-BL,SCN-BASELINE,RCAL-TEST-LEAK-01-2026-P06,TEST-LEAK-01,2026-P06,4200,4200,300,0,PRESSURE_AND_LEAK_TEST,,PLANNING_FUTURE
TEN-COOLIT-SYN-001,SITE-COOLIT-SYN-01,MES,RESOURCE_CALENDAR,RCAL-TEST-LEAK-01-2026-P07,RCAL-TEST-LEAK-01-2026-P07,RESOLVED,2026-09-25T23:59:59-06:00,2026-09-26T08:00:00-06:00,2026-06-29T00:00:00-06:00,,1,,false,PLAN,,,VALID,CURRENT,coolit-synthetic-v2.0.0,ALL_SYNTHETIC_CUSTOMERS,ALL_SYNTHETIC_PROGRAMS,ALL_SYNTHETIC_PRODUCTS,SYNTHETIC_INTERNAL,SNP-COOLIT-20260925-BL,SCN-BASELINE,RCAL-TEST-LEAK-01-2026-P07,TEST-LEAK-01,2026-P07,4200,4200,300,0,PRESSURE_AND_LEAK_TEST,,PLANNING_FUTURE
TEN-COOLIT-SYN-001,SITE-COOLIT-SYN-01,MES,RESOURCE_CALENDAR,RCAL-TEST-LEAK-01-2026-P08,RCAL-TEST-LEAK-01-2026-P08,RESOLVED,2026-09-25T23:59:59-06:00,2026-09-26T08:00:00-06:00,2026-06-29T00:00:00-06:00,,1,,false,PLAN,,,VALID,CURRENT,coolit-synthetic-v2.0.0,ALL_SYNTHETIC_CUSTOMERS,ALL_SYNTHETIC_PROGRAMS,ALL_SYNTHETIC_PRODUCTS,SYNTHETIC_INTERNAL,SNP-COOLIT-20260925-BL,SCN-BASELINE,RCAL-TEST-LEAK-01-2026-P08,TEST-LEAK-01,2026-P08,4200,4200,300,0,PRESSURE_AND_LEAK_TEST,,PLANNING_FUTURE
TEN-COOLIT-SYN-001,SITE-COOLIT-SYN-01,MES,RESOURCE_CALENDAR,RCAL-TEST-LEAK-01-2026-P09,RCAL-TEST-LEAK-01-2026-P09,RESOLVED,2026-09-25T23:59:59-06:00,2026-09-26T08:00:00-06:00,2026-06-29T00:00:00-06:00,,1,,false,PLAN,,,VALID,CURRENT,coolit-synthetic-v2.0.0,ALL_SYNTHETIC_CUSTOMERS,ALL_SYNTHETIC_PROGRAMS,ALL_SYNTHETIC_PRODUCTS,SYNTHETIC_INTERNAL,SNP-COOLIT-20260925-BL,SCN-BASELINE,RCAL-TEST-LEAK-01-2026-P09,TEST-LEAK-01,2026-P09,4200,4200,300,240,PRESSURE_AND_LEAK_TEST,PLANNED_MAINTENANCE,PLANNING_FUTURE
TEN-COOLIT-SYN-001,SITE-COOLIT-SYN-01,MES,RESOURCE_CALENDAR,RCAL-TEST-LEAK-01-2026-P10,RCAL-TEST-LEAK-01-2026-P10,RESOLVED,2026-09-25T23:59:59-06:00,2026-09-26T08:00:00-06:00,2026-06-29T00:00:00-06:00,,1,,false,PLAN,,,VALID,CURRENT,coolit-synthetic-v2.0.0,ALL_SYNTHETIC_CUSTOMERS,ALL_SYNTHETIC_PROGRAMS,ALL_SYNTHETIC_PRODUCTS,SYNTHETIC_INTERNAL,SNP-COOLIT-20260925-BL,SCN-BASELINE,RCAL-TEST-LEAK-01-2026-P10,TEST-LEAK-01,2026-P10,4200,4200,300,0,PRESSURE_AND_LEAK_TEST,,PLANNING_FUTURE
TEN-COOLIT-SYN-001,SITE-COOLIT-SYN-01,MES,RESOURCE_CALENDAR,RCAL-TEST-LEAK-01-2026-P11,RCAL-TEST-LEAK-01-2026-P11,RESOLVED,2026-09-25T23:59:59-06:00,2026-09-26T08:00:00-06:00,2026-06-29T00:00:00-06:00,,1,,false,PLAN,,,VALID,CURRENT,coolit-synthetic-v2.0.0,ALL_SYNTHETIC_CUSTOMERS,ALL_SYNTHETIC_PROGRAMS,ALL_SYNTHETIC_PRODUCTS,SYNTHETIC_INTERNAL,SNP-COOLIT-20260925-BL,SCN-BASELINE,RCAL-TEST-LEAK-01-2026-P11,TEST-LEAK-01,2026-P11,4200,4200,300,0,PRESSURE_AND_LEAK_TEST,,PLANNING_FUTURE
TEN-COOLIT-SYN-001,SITE-COOLIT-SYN-01,MES,RESOURCE_CALENDAR,RCAL-TEST-LEAK-01-2026-P12,RCAL-TEST-LEAK-01-2026-P12,RESOLVED,2026-09-25T23:59:59-06:00,2026-09-26T08:00:00-06:00,2026-06-29T00:00:00-06:00,,1,,false,PLAN,,,VALID,CURRENT,coolit-synthetic-v2.0.0,ALL_SYNTHETIC_CUSTOMERS,ALL_SYNTHETIC_PROGRAMS,ALL_SYNTHETIC_PRODUCTS,SYNTHETIC_INTERNAL,SNP-COOLIT-20260925-BL,SCN-BASELINE,RCAL-TEST-LEAK-01-2026-P12,TEST-LEAK-01,2026-P12,4200,4200,300,0,PRESSURE_AND_LEAK_TEST,,PLANNING_FUTURE
TEN-COOLIT-SYN-001,SITE-COOLIT-SYN-01,MES,RESOURCE_CALENDAR,RCAL-TEST-LEAK-01-2026-P13,RCAL-TEST-LEAK-01-2026-P13,RESOLVED,2026-09-25T23:59:59-06:00,2026-09-26T08:00:00-06:00,2026-06-29T00:00:00-06:00,,1,,false,PLAN,,,VALID,CURRENT,coolit-synthetic-v2.0.0,ALL_SYNTHETIC_CUSTOMERS,ALL_SYNTHETIC_PROGRAMS,ALL_SYNTHETIC_PRODUCTS,SYNTHETIC_INTERNAL,SNP-COOLIT-20260925-BL,SCN-BASELINE,RCAL-TEST-LEAK-01-2026-P13,TEST-LEAK-01,2026-P13,4200,4200,300,0,PRESSURE_AND_LEAK_TEST,,PLANNING_FUTURE
TEN-COOLIT-SYN-001,SITE-COOLIT-SYN-01,MES,RESOURCE_CALENDAR,RCAL-TEST-LEAK-01-2026-P14,RCAL-TEST-LEAK-01-2026-P14,RESOLVED,2026-09-25T23:59:59-06:00,2026-09-26T08:00:00-06:00,2026-06-29T00:00:00-06:00,,1,,false,PLAN,,,VALID,CURRENT,coolit-synthetic-v2.0.0,ALL_SYNTHETIC_CUSTOMERS,ALL_SYNTHETIC_PROGRAMS,ALL_SYNTHETIC_PRODUCTS,SYNTHETIC_INTERNAL,SNP-COOLIT-20260925-BL,SCN-BASELINE,RCAL-TEST-LEAK-01-2026-P14,TEST-LEAK-01,2026-P14,4200,4200,300,0,PRESSURE_AND_LEAK_TEST,,PLANNING_FUTURE
TEN-COOLIT-SYN-001,SITE-COOLIT-SYN-01,MES,RESOURCE_CALENDAR,RCAL-TEST-LEAK-01-2026-P15,RCAL-TEST-LEAK-01-2026-P15,RESOLVED,2026-09-25T23:59:59-06:00,2026-09-26T08:00:00-06:00,2026-06-29T00:00:00-06:00,,1,,false,PLAN,,,VALID,CURRENT,coolit-synthetic-v2.0.0,ALL_SYNTHETIC_CUSTOMERS,ALL_SYNTHETIC_PROGRAMS,ALL_SYNTHETIC_PRODUCTS,SYNTHETIC_INTERNAL,SNP-COOLIT-20260925-BL,SCN-BASELINE,RCAL-TEST-LEAK-01-2026-P15,TEST-LEAK-01,2026-P15,4200,4200,300,0,PRESSURE_AND_LEAK_TEST,,PLANNING_FUTURE
TEN-COOLIT-SYN-001,SITE-COOLIT-SYN-01,MES,RESOURCE_CALENDAR,RCAL-TEST-LEAK-01-2026-P16,RCAL-TEST-LEAK-01-2026-P16,RESOLVED,2026-09-25T23:59:59-06:00,2026-09-26T08:00:00-06:00,2026-06-29T00:00:00-06:00,,1,,false,PLAN,,,VALID,CURRENT,coolit-synthetic-v2.0.0,ALL_SYNTHETIC_CUSTOMERS,ALL_SYNTHETIC_PROGRAMS,ALL_SYNTHETIC_PRODUCTS,SYNTHETIC_INTERNAL,SNP-COOLIT-20260925-BL,SCN-BASELINE,RCAL-TEST-LEAK-01-2026-P16,TEST-LEAK-01,2026-P16,4200,4200,300,0,PRESSURE_AND_LEAK_TEST,,PLANNING_FUTURE
TEN-COOLIT-SYN-001,SITE-COOLIT-SYN-01,MES,RESOURCE_CALENDAR,RCAL-TEST-LEAK-01-2026-P17,RCAL-TEST-LEAK-01-2026-P17,RESOLVED,2026-09-25T23:59:59-06:00,2026-09-26T08:00:00-06:00,2026-06-29T00:00:00-06:00,,1,,false,PLAN,,,VALID,CURRENT,coolit-synthetic-v2.0.0,ALL_SYNTHETIC_CUSTOMERS,ALL_SYNTHETIC_PROGRAMS,ALL_SYNTHETIC_PRODUCTS,SYNTHETIC_INTERNAL,SNP-COOLIT-20260925-BL,SCN-BASELINE,RCAL-TEST-LEAK-01-2026-P17,TEST-LEAK-01,2026-P17,4200,4200,300,240,PRESSURE_AND_LEAK_TEST,PLANNED_MAINTENANCE,PLANNING_FUTURE
TEN-COOLIT-SYN-001,SITE-COOLIT-SYN-01,MES,RESOURCE_CALENDAR,RCAL-TEST-LEAK-01-2026-P18,RCAL-TEST-LEAK-01-2026-P18,RESOLVED,2026-09-25T23:59:59-06:00,2026-09-26T08:00:00-06:00,2026-06-29T00:00:00-06:00,,1,,false,PLAN,,,VALID,CURRENT,coolit-synthetic-v2.0.0,ALL_SYNTHETIC_CUSTOMERS,ALL_SYNTHETIC_PROGRAMS,ALL_SYNTHETIC_PRODUCTS,SYNTHETIC_INTERNAL,SNP-COOLIT-20260925-BL,SCN-BASELINE,RCAL-TEST-LEAK-01-2026-P18,TEST-LEAK-01,2026-P18,4200,4200,300,0,PRESSURE_AND_LEAK_TEST,,PLANNING_FUTURE
TEN-COOLIT-SYN-001,SITE-COOLIT-SYN-01,MES,RESOURCE_CALENDAR,RCAL-TEST-LEAK-01-2026-P19,RCAL-TEST-LEAK-01-2026-P19,RESOLVED,2026-09-25T23:59:59-06:00,2026-09-26T08:00:00-06:00,2026-06-29T00:00:00-06:00,,1,,false,PLAN,,,VALID,CURRENT,coolit-synthetic-v2.0.0,ALL_SYNTHETIC_CUSTOMERS,ALL_SYNTHETIC_PROGRAMS,ALL_SYNTHETIC_PRODUCTS,SYNTHETIC_INTERNAL,SNP-COOLIT-20260925-BL,SCN-BASELINE,RCAL-TEST-LEAK-01-2026-P19,TEST-LEAK-01,2026-P19,4200,4200,300,0,PRESSURE_AND_LEAK_TEST,,PLANNING_FUTURE
TEN-COOLIT-SYN-001,SITE-COOLIT-SYN-01,MES,RESOURCE_CALENDAR,RCAL-TEST-LEAK-01-2026-P20,RCAL-TEST-LEAK-01-2026-P20,RESOLVED,2026-09-25T23:59:59-06:00,2026-09-26T08:00:00-06:00,2026-06-29T00:00:00-06:00,,1,,false,PLAN,,,VALID,CURRENT,coolit-synthetic-v2.0.0,ALL_SYNTHETIC_CUSTOMERS,ALL_SYNTHETIC_PROGRAMS,ALL_SYNTHETIC_PRODUCTS,SYNTHETIC_INTERNAL,SNP-COOLIT-20260925-BL,SCN-BASELINE,RCAL-TEST-LEAK-01-2026-P20,TEST-LEAK-01,2026-P20,4200,4200,300,0,PRESSURE_AND_LEAK_TEST,,PLANNING_FUTURE
TEN-COOLIT-SYN-001,SITE-COOLIT-SYN-01,MES,RESOURCE_CALENDAR,RCAL-TEST-LEAK-01-2026-P21,RCAL-TEST-LEAK-01-2026-P21,RESOLVED,2026-09-25T23:59:59-06:00,2026-09-26T08:00:00-06:00,2026-06-29T00:00:00-06:00,,1,,false,PLAN,,,VALID,CURRENT,coolit-synthetic-v2.0.0,ALL_SYNTHETIC_CUSTOMERS,ALL_SYNTHETIC_PROGRAMS,ALL_SYNTHETIC_PRODUCTS,SYNTHETIC_INTERNAL,SNP-COOLIT-20260925-BL,SCN-BASELINE,RCAL-TEST-LEAK-01-2026-P21,TEST-LEAK-01,2026-P21,4200,4200,300,0,PRESSURE_AND_LEAK_TEST,,PLANNING_FUTURE
TEN-COOLIT-SYN-001,SITE-COOLIT-SYN-01,MES,RESOURCE_CALENDAR,RCAL-TEST-LEAK-01-2026-P22,RCAL-TEST-LEAK-01-2026-P22,RESOLVED,2026-09-25T23:59:59-06:00,2026-09-26T08:00:00-06:00,2026-06-29T00:00:00-06:00,,1,,false,PLAN,,,VALID,CURRENT,coolit-synthetic-v2.0.0,ALL_SYNTHETIC_CUSTOMERS,ALL_SYNTHETIC_PROGRAMS,ALL_SYNTHETIC_PRODUCTS,SYNTHETIC_INTERNAL,SNP-COOLIT-20260925-BL,SCN-BASELINE,RCAL-TEST-LEAK-01-2026-P22,TEST-LEAK-01,2026-P22,4200,4200,300,0,PRESSURE_AND_LEAK_TEST,,PLANNING_FUTURE
TEN-COOLIT-SYN-001,SITE-COOLIT-SYN-01,MES,RESOURCE_CALENDAR,RCAL-TEST-LEAK-01-2026-P23,RCAL-TEST-LEAK-01-2026-P23,RESOLVED,2026-09-25T23:59:59-06:00,2026-09-26T08:00:00-06:00,2026-06-29T00:00:00-06:00,,1,,false,PLAN,,,VALID,CURRENT,coolit-synthetic-v2.0.0,ALL_SYNTHETIC_CUSTOMERS,ALL_SYNTHETIC_PROGRAMS,ALL_SYNTHETIC_PRODUCTS,SYNTHETIC_INTERNAL,SNP-COOLIT-20260925-BL,SCN-BASELINE,RCAL-TEST-LEAK-01-2026-P23,TEST-LEAK-01,2026-P23,4200,4200,300,0,PRESSURE_AND_LEAK_TEST,,PLANNING_FUTURE
TEN-COOLIT-SYN-001,SITE-COOLIT-SYN-01,MES,RESOURCE_CALENDAR,RCAL-TEST-LEAK-01-2026-P24,RCAL-TEST-LEAK-01-2026-P24,RESOLVED,2026-09-25T23:59:59-06:00,2026-09-26T08:00:00-06:00,2026-06-29T00:00:00-06:00,,1,,false,PLAN,,,VALID,CURRENT,coolit-synthetic-v2.0.0,ALL_SYNTHETIC_CUSTOMERS,ALL_SYNTHETIC_PROGRAMS,ALL_SYNTHETIC_PRODUCTS,SYNTHETIC_INTERNAL,SNP-COOLIT-20260925-BL,SCN-BASELINE,RCAL-TEST-LEAK-01-2026-P24,TEST-LEAK-01,2026-P24,4200,4200,300,0,PRESSURE_AND_LEAK_TEST,,PLANNING_FUTURE
TEN-COOLIT-SYN-001,SITE-COOLIT-SYN-01,MES,RESOURCE_CALENDAR,RCAL-TEST-LEAK-01-2026-P25,RCAL-TEST-LEAK-01-2026-P25,RESOLVED,2026-09-25T23:59:59-06:00,2026-09-26T08:00:00-06:00,2026-06-29T00:00:00-06:00,,1,,false,PLAN,,,VALID,CURRENT,coolit-synthetic-v2.0.0,ALL_SYNTHETIC_CUSTOMERS,ALL_SYNTHETIC_PROGRAMS,ALL_SYNTHETIC_PRODUCTS,SYNTHETIC_INTERNAL,SNP-COOLIT-20260925-BL,SCN-BASELINE,RCAL-TEST-LEAK-01-2026-P25,TEST-LEAK-01,2026-P25,4200,4200,300,240,PRESSURE_AND_LEAK_TEST,PLANNED_MAINTENANCE,PLANNING_FUTURE
TEN-COOLIT-SYN-001,SITE-COOLIT-SYN-01,MES,RESOURCE_CALENDAR,RCAL-TEST-LEAK-01-2026-P26,RCAL-TEST-LEAK-01-2026-P26,RESOLVED,2026-09-25T23:59:59-06:00,2026-09-26T08:00:00-06:00,2026-06-29T00:00:00-06:00,,1,,false,PLAN,,,VALID,CURRENT,coolit-synthetic-v2.0.0,ALL_SYNTHETIC_CUSTOMERS,ALL_SYNTHETIC_PROGRAMS,ALL_SYNTHETIC_PRODUCTS,SYNTHETIC_INTERNAL,SNP-COOLIT-20260925-BL,SCN-BASELINE,RCAL-TEST-LEAK-01-2026-P26,TEST-LEAK-01,2026-P26,4200,4200,300,0,PRESSURE_AND_LEAK_TEST,,PLANNING_FUTURE
TEN-COOLIT-SYN-001,SITE-COOLIT-SYN-01,MES,RESOURCE_CALENDAR,RCAL-TEST-FUNC-01-2026-H01,RCAL-TEST-FUNC-01-2026-H01,RESOLVED,2026-09-25T23:59:59-06:00,2026-09-26T08:00:00-06:00,2026-06-29T00:00:00-06:00,,1,,false,ACTUAL,,,VALID,CURRENT,coolit-synthetic-v2.0.0,ALL_SYNTHETIC_CUSTOMERS,ALL_SYNTHETIC_PROGRAMS,ALL_SYNTHETIC_PRODUCTS,SYNTHETIC_INTERNAL,SNP-COOLIT-20260925-BL,SCN-BASELINE,RCAL-TEST-FUNC-01-2026-H01,TEST-FUNC-01,2026-H01,4200,4200,0,240,FUNCTIONAL_FLOW_CONTROLS_TEST,PLANNED_MAINTENANCE,HISTORICAL_ACTUAL
TEN-COOLIT-SYN-001,SITE-COOLIT-SYN-01,MES,RESOURCE_CALENDAR,RCAL-TEST-FUNC-01-2026-H02,RCAL-TEST-FUNC-01-2026-H02,RESOLVED,2026-09-25T23:59:59-06:00,2026-09-26T08:00:00-06:00,2026-06-29T00:00:00-06:00,,1,,false,ACTUAL,,,VALID,CURRENT,coolit-synthetic-v2.0.0,ALL_SYNTHETIC_CUSTOMERS,ALL_SYNTHETIC_PROGRAMS,ALL_SYNTHETIC_PRODUCTS,SYNTHETIC_INTERNAL,SNP-COOLIT-20260925-BL,SCN-BASELINE,RCAL-TEST-FUNC-01-2026-H02,TEST-FUNC-01,2026-H02,4200,4200,0,0,FUNCTIONAL_FLOW_CONTROLS_TEST,,HISTORICAL_ACTUAL
TEN-COOLIT-SYN-001,SITE-COOLIT-SYN-01,MES,RESOURCE_CALENDAR,RCAL-TEST-FUNC-01-2026-H03,RCAL-TEST-FUNC-01-2026-H03,RESOLVED,2026-09-25T23:59:59-06:00,2026-09-26T08:00:00-06:00,2026-06-29T00:00:00-06:00,,1,,false,ACTUAL,,,VALID,CURRENT,coolit-synthetic-v2.0.0,ALL_SYNTHETIC_CUSTOMERS,ALL_SYNTHETIC_PROGRAMS,ALL_SYNTHETIC_PRODUCTS,SYNTHETIC_INTERNAL,SNP-COOLIT-20260925-BL,SCN-BASELINE,RCAL-TEST-FUNC-01-2026-H03,TEST-FUNC-01,2026-H03,4200,4200,0,0,FUNCTIONAL_FLOW_CONTROLS_TEST,,HISTORICAL_ACTUAL
TEN-COOLIT-SYN-001,SITE-COOLIT-SYN-01,MES,RESOURCE_CALENDAR,RCAL-TEST-FUNC-01-2026-H04,RCAL-TEST-FUNC-01-2026-H04,RESOLVED,2026-09-25T23:59:59-06:00,2026-09-26T08:00:00-06:00,2026-06-29T00:00:00-06:00,,1,,false,ACTUAL,,,VALID,CURRENT,coolit-synthetic-v2.0.0,ALL_SYNTHETIC_CUSTOMERS,ALL_SYNTHETIC_PROGRAMS,ALL_SYNTHETIC_PRODUCTS,SYNTHETIC_INTERNAL,SNP-COOLIT-20260925-BL,SCN-BASELINE,RCAL-TEST-FUNC-01-2026-H04,TEST-FUNC-01,2026-H04,4200,4200,0,0,FUNCTIONAL_FLOW_CONTROLS_TEST,,HISTORICAL_ACTUAL
TEN-COOLIT-SYN-001,SITE-COOLIT-SYN-01,MES,RESOURCE_CALENDAR,RCAL-TEST-FUNC-01-2026-H05,RCAL-TEST-FUNC-01-2026-H05,RESOLVED,2026-09-25T23:59:59-06:00,2026-09-26T08:00:00-06:00,2026-06-29T00:00:00-06:00,,1,,false,ACTUAL,,,VALID,CURRENT,coolit-synthetic-v2.0.0,ALL_SYNTHETIC_CUSTOMERS,ALL_SYNTHETIC_PROGRAMS,ALL_SYNTHETIC_PRODUCTS,SYNTHETIC_INTERNAL,SNP-COOLIT-20260925-BL,SCN-BASELINE,RCAL-TEST-FUNC-01-2026-H05,TEST-FUNC-01,2026-H05,4200,4200,0,0,FUNCTIONAL_FLOW_CONTROLS_TEST,,HISTORICAL_ACTUAL
TEN-COOLIT-SYN-001,SITE-COOLIT-SYN-01,MES,RESOURCE_CALENDAR,RCAL-TEST-FUNC-01-2026-H06,RCAL-TEST-FUNC-01-2026-H06,RESOLVED,2026-09-25T23:59:59-06:00,2026-09-26T08:00:00-06:00,2026-06-29T00:00:00-06:00,,1,,false,ACTUAL,,,VALID,CURRENT,coolit-synthetic-v2.0.0,ALL_SYNTHETIC_CUSTOMERS,ALL_SYNTHETIC_PROGRAMS,ALL_SYNTHETIC_PRODUCTS,SYNTHETIC_INTERNAL,SNP-COOLIT-20260925-BL,SCN-BASELINE,RCAL-TEST-FUNC-01-2026-H06,TEST-FUNC-01,2026-H06,4200,4200,0,0,FUNCTIONAL_FLOW_CONTROLS_TEST,,HISTORICAL_ACTUAL
TEN-COOLIT-SYN-001,SITE-COOLIT-SYN-01,MES,RESOURCE_CALENDAR,RCAL-TEST-FUNC-01-2026-H07,RCAL-TEST-FUNC-01-2026-H07,RESOLVED,2026-09-25T23:59:59-06:00,2026-09-26T08:00:00-06:00,2026-06-29T00:00:00-06:00,,1,,false,ACTUAL,,,VALID,CURRENT,coolit-synthetic-v2.0.0,ALL_SYNTHETIC_CUSTOMERS,ALL_SYNTHETIC_PROGRAMS,ALL_SYNTHETIC_PRODUCTS,SYNTHETIC_INTERNAL,SNP-COOLIT-20260925-BL,SCN-BASELINE,RCAL-TEST-FUNC-01-2026-H07,TEST-FUNC-01,2026-H07,4200,4200,0,0,FUNCTIONAL_FLOW_CONTROLS_TEST,,HISTORICAL_ACTUAL
TEN-COOLIT-SYN-001,SITE-COOLIT-SYN-01,MES,RESOURCE_CALENDAR,RCAL-TEST-FUNC-01-2026-H08,RCAL-TEST-FUNC-01-2026-H08,RESOLVED,2026-09-25T23:59:59-06:00,2026-09-26T08:00:00-06:00,2026-06-29T00:00:00-06:00,,1,,false,ACTUAL,,,VALID,CURRENT,coolit-synthetic-v2.0.0,ALL_SYNTHETIC_CUSTOMERS,ALL_SYNTHETIC_PROGRAMS,ALL_SYNTHETIC_PRODUCTS,SYNTHETIC_INTERNAL,SNP-COOLIT-20260925-BL,SCN-BASELINE,RCAL-TEST-FUNC-01-2026-H08,TEST-FUNC-01,2026-H08,4200,4200,0,0,FUNCTIONAL_FLOW_CONTROLS_TEST,,HISTORICAL_ACTUAL
TEN-COOLIT-SYN-001,SITE-COOLIT-SYN-01,MES,RESOURCE_CALENDAR,RCAL-TEST-FUNC-01-2026-H09,RCAL-TEST-FUNC-01-2026-H09,RESOLVED,2026-09-25T23:59:59-06:00,2026-09-26T08:00:00-06:00,2026-06-29T00:00:00-06:00,,1,,false,ACTUAL,,,VALID,CURRENT,coolit-synthetic-v2.0.0,ALL_SYNTHETIC_CUSTOMERS,ALL_SYNTHETIC_PROGRAMS,ALL_SYNTHETIC_PRODUCTS,SYNTHETIC_INTERNAL,SNP-COOLIT-20260925-BL,SCN-BASELINE,RCAL-TEST-FUNC-01-2026-H09,TEST-FUNC-01,2026-H09,4200,4200,0,240,FUNCTIONAL_FLOW_CONTROLS_TEST,PLANNED_MAINTENANCE,HISTORICAL_ACTUAL
TEN-COOLIT-SYN-001,SITE-COOLIT-SYN-01,MES,RESOURCE_CALENDAR,RCAL-TEST-FUNC-01-2026-H10,RCAL-TEST-FUNC-01-2026-H10,RESOLVED,2026-09-25T23:59:59-06:00,2026-09-26T08:00:00-06:00,2026-06-29T00:00:00-06:00,,1,,false,ACTUAL,,,VALID,CURRENT,coolit-synthetic-v2.0.0,ALL_SYNTHETIC_CUSTOMERS,ALL_SYNTHETIC_PROGRAMS,ALL_SYNTHETIC_PRODUCTS,SYNTHETIC_INTERNAL,SNP-COOLIT-20260925-BL,SCN-BASELINE,RCAL-TEST-FUNC-01-2026-H10,TEST-FUNC-01,2026-H10,4200,4200,0,0,FUNCTIONAL_FLOW_CONTROLS_TEST,,HISTORICAL_ACTUAL
TEN-COOLIT-SYN-001,SITE-COOLIT-SYN-01,MES,RESOURCE_CALENDAR,RCAL-TEST-FUNC-01-2026-H11,RCAL-TEST-FUNC-01-2026-H11,RESOLVED,2026-09-25T23:59:59-06:00,2026-09-26T08:00:00-06:00,2026-06-29T00:00:00-06:00,,1,,false,ACTUAL,,,VALID,CURRENT,coolit-synthetic-v2.0.0,ALL_SYNTHETIC_CUSTOMERS,ALL_SYNTHETIC_PROGRAMS,ALL_SYNTHETIC_PRODUCTS,SYNTHETIC_INTERNAL,SNP-COOLIT-20260925-BL,SCN-BASELINE,RCAL-TEST-FUNC-01-2026-H11,TEST-FUNC-01,2026-H11,4200,4200,0,0,FUNCTIONAL_FLOW_CONTROLS_TEST,,HISTORICAL_ACTUAL
TEN-COOLIT-SYN-001,SITE-COOLIT-SYN-01,MES,RESOURCE_CALENDAR,RCAL-TEST-FUNC-01-2026-H12,RCAL-TEST-FUNC-01-2026-H12,RESOLVED,2026-09-25T23:59:59-06:00,2026-09-26T08:00:00-06:00,2026-06-29T00:00:00-06:00,,1,,false,ACTUAL,,,VALID,CURRENT,coolit-synthetic-v2.0.0,ALL_SYNTHETIC_CUSTOMERS,ALL_SYNTHETIC_PROGRAMS,ALL_SYNTHETIC_PRODUCTS,SYNTHETIC_INTERNAL,SNP-COOLIT-20260925-BL,SCN-BASELINE,RCAL-TEST-FUNC-01-2026-H12,TEST-FUNC-01,2026-H12,4200,4200,0,0,FUNCTIONAL_FLOW_CONTROLS_TEST,,HISTORICAL_ACTUAL
TEN-COOLIT-SYN-001,SITE-COOLIT-SYN-01,MES,RESOURCE_CALENDAR,RCAL-TEST-FUNC-01-2026-H13,RCAL-TEST-FUNC-01-2026-H13,RESOLVED,2026-09-25T23:59:59-06:00,2026-09-26T08:00:00-06:00,2026-06-29T00:00:00-06:00,,1,,false,ACTUAL,,,VALID,CURRENT,coolit-synthetic-v2.0.0,ALL_SYNTHETIC_CUSTOMERS,ALL_SYNTHETIC_PROGRAMS,ALL_SYNTHETIC_PRODUCTS,SYNTHETIC_INTERNAL,SNP-COOLIT-20260925-BL,SCN-BASELINE,RCAL-TEST-FUNC-01-2026-H13,TEST-FUNC-01,2026-H13,4200,4200,0,0,FUNCTIONAL_FLOW_CONTROLS_TEST,,HISTORICAL_ACTUAL
TEN-COOLIT-SYN-001,SITE-COOLIT-SYN-01,MES,RESOURCE_CALENDAR,RCAL-TEST-FUNC-01-2026-H14,RCAL-TEST-FUNC-01-2026-H14,RESOLVED,2026-09-25T23:59:59-06:00,2026-09-26T08:00:00-06:00,2026-06-29T00:00:00-06:00,,1,,false,ACTUAL,,,VALID,CURRENT,coolit-synthetic-v2.0.0,ALL_SYNTHETIC_CUSTOMERS,ALL_SYNTHETIC_PROGRAMS,ALL_SYNTHETIC_PRODUCTS,SYNTHETIC_INTERNAL,SNP-COOLIT-20260925-BL,SCN-BASELINE,RCAL-TEST-FUNC-01-2026-H14,TEST-FUNC-01,2026-H14,4200,4200,0,0,FUNCTIONAL_FLOW_CONTROLS_TEST,,HISTORICAL_ACTUAL
TEN-COOLIT-SYN-001,SITE-COOLIT-SYN-01,MES,RESOURCE_CALENDAR,RCAL-TEST-FUNC-01-2026-H15,RCAL-TEST-FUNC-01-2026-H15,RESOLVED,2026-09-25T23:59:59-06:00,2026-09-26T08:00:00-06:00,2026-06-29T00:00:00-06:00,,1,,false,ACTUAL,,,VALID,CURRENT,coolit-synthetic-v2.0.0,ALL_SYNTHETIC_CUSTOMERS,ALL_SYNTHETIC_PROGRAMS,ALL_SYNTHETIC_PRODUCTS,SYNTHETIC_INTERNAL,SNP-COOLIT-20260925-BL,SCN-BASELINE,RCAL-TEST-FUNC-01-2026-H15,TEST-FUNC-01,2026-H15,4200,4200,0,0,FUNCTIONAL_FLOW_CONTROLS_TEST,,HISTORICAL_ACTUAL
TEN-COOLIT-SYN-001,SITE-COOLIT-SYN-01,MES,RESOURCE_CALENDAR,RCAL-TEST-FUNC-01-2026-H16,RCAL-TEST-FUNC-01-2026-H16,RESOLVED,2026-09-25T23:59:59-06:00,2026-09-26T08:00:00-06:00,2026-06-29T00:00:00-06:00,,1,,false,ACTUAL,,,VALID,CURRENT,coolit-synthetic-v2.0.0,ALL_SYNTHETIC_CUSTOMERS,ALL_SYNTHETIC_PROGRAMS,ALL_SYNTHETIC_PRODUCTS,SYNTHETIC_INTERNAL,SNP-COOLIT-20260925-BL,SCN-BASELINE,RCAL-TEST-FUNC-01-2026-H16,TEST-FUNC-01,2026-H16,4200,4200,0,0,FUNCTIONAL_FLOW_CONTROLS_TEST,,HISTORICAL_ACTUAL
TEN-COOLIT-SYN-001,SITE-COOLIT-SYN-01,MES,RESOURCE_CALENDAR,RCAL-TEST-FUNC-01-2026-H17,RCAL-TEST-FUNC-01-2026-H17,RESOLVED,2026-09-25T23:59:59-06:00,2026-09-26T08:00:00-06:00,2026-06-29T00:00:00-06:00,,1,,false,ACTUAL,,,VALID,CURRENT,coolit-synthetic-v2.0.0,ALL_SYNTHETIC_CUSTOMERS,ALL_SYNTHETIC_PROGRAMS,ALL_SYNTHETIC_PRODUCTS,SYNTHETIC_INTERNAL,SNP-COOLIT-20260925-BL,SCN-BASELINE,RCAL-TEST-FUNC-01-2026-H17,TEST-FUNC-01,2026-H17,4200,4200,0,240,FUNCTIONAL_FLOW_CONTROLS_TEST,PLANNED_MAINTENANCE,HISTORICAL_ACTUAL
TEN-COOLIT-SYN-001,SITE-COOLIT-SYN-01,MES,RESOURCE_CALENDAR,RCAL-TEST-FUNC-01-2026-H18,RCAL-TEST-FUNC-01-2026-H18,RESOLVED,2026-09-25T23:59:59-06:00,2026-09-26T08:00:00-06:00,2026-06-29T00:00:00-06:00,,1,,false,ACTUAL,,,VALID,CURRENT,coolit-synthetic-v2.0.0,ALL_SYNTHETIC_CUSTOMERS,ALL_SYNTHETIC_PROGRAMS,ALL_SYNTHETIC_PRODUCTS,SYNTHETIC_INTERNAL,SNP-COOLIT-20260925-BL,SCN-BASELINE,RCAL-TEST-FUNC-01-2026-H18,TEST-FUNC-01,2026-H18,4200,4200,0,0,FUNCTIONAL_FLOW_CONTROLS_TEST,,HISTORICAL_ACTUAL
TEN-COOLIT-SYN-001,SITE-COOLIT-SYN-01,MES,RESOURCE_CALENDAR,RCAL-TEST-FUNC-01-2026-H19,RCAL-TEST-FUNC-01-2026-H19,RESOLVED,2026-09-25T23:59:59-06:00,2026-09-26T08:00:00-06:00,2026-06-29T00:00:00-06:00,,1,,false,ACTUAL,,,VALID,CURRENT,coolit-synthetic-v2.0.0,ALL_SYNTHETIC_CUSTOMERS,ALL_SYNTHETIC_PROGRAMS,ALL_SYNTHETIC_PRODUCTS,SYNTHETIC_INTERNAL,SNP-COOLIT-20260925-BL,SCN-BASELINE,RCAL-TEST-FUNC-01-2026-H19,TEST-FUNC-01,2026-H19,4200,4200,0,0,FUNCTIONAL_FLOW_CONTROLS_TEST,,HISTORICAL_ACTUAL
TEN-COOLIT-SYN-001,SITE-COOLIT-SYN-01,MES,RESOURCE_CALENDAR,RCAL-TEST-FUNC-01-2026-H20,RCAL-TEST-FUNC-01-2026-H20,RESOLVED,2026-09-25T23:59:59-06:00,2026-09-26T08:00:00-06:00,2026-06-29T00:00:00-06:00,,1,,false,ACTUAL,,,VALID,CURRENT,coolit-synthetic-v2.0.0,ALL_SYNTHETIC_CUSTOMERS,ALL_SYNTHETIC_PROGRAMS,ALL_SYNTHETIC_PRODUCTS,SYNTHETIC_INTERNAL,SNP-COOLIT-20260925-BL,SCN-BASELINE,RCAL-TEST-FUNC-01-2026-H20,TEST-FUNC-01,2026-H20,4200,4200,0,0,FUNCTIONAL_FLOW_CONTROLS_TEST,,HISTORICAL_ACTUAL
TEN-COOLIT-SYN-001,SITE-COOLIT-SYN-01,MES,RESOURCE_CALENDAR,RCAL-TEST-FUNC-01-2026-H21,RCAL-TEST-FUNC-01-2026-H21,RESOLVED,2026-09-25T23:59:59-06:00,2026-09-26T08:00:00-06:00,2026-06-29T00:00:00-06:00,,1,,false,ACTUAL,,,VALID,CURRENT,coolit-synthetic-v2.0.0,ALL_SYNTHETIC_CUSTOMERS,ALL_SYNTHETIC_PROGRAMS,ALL_SYNTHETIC_PRODUCTS,SYNTHETIC_INTERNAL,SNP-COOLIT-20260925-BL,SCN-BASELINE,RCAL-TEST-FUNC-01-2026-H21,TEST-FUNC-01,2026-H21,4200,4200,0,0,FUNCTIONAL_FLOW_CONTROLS_TEST,,HISTORICAL_ACTUAL
TEN-COOLIT-SYN-001,SITE-COOLIT-SYN-01,MES,RESOURCE_CALENDAR,RCAL-TEST-FUNC-01-2026-H22,RCAL-TEST-FUNC-01-2026-H22,RESOLVED,2026-09-25T23:59:59-06:00,2026-09-26T08:00:00-06:00,2026-06-29T00:00:00-06:00,,1,,false,ACTUAL,,,VALID,CURRENT,coolit-synthetic-v2.0.0,ALL_SYNTHETIC_CUSTOMERS,ALL_SYNTHETIC_PROGRAMS,ALL_SYNTHETIC_PRODUCTS,SYNTHETIC_INTERNAL,SNP-COOLIT-20260925-BL,SCN-BASELINE,RCAL-TEST-FUNC-01-2026-H22,TEST-FUNC-01,2026-H22,4200,4200,0,0,FUNCTIONAL_FLOW_CONTROLS_TEST,,HISTORICAL_ACTUAL
TEN-COOLIT-SYN-001,SITE-COOLIT-SYN-01,MES,RESOURCE_CALENDAR,RCAL-TEST-FUNC-01-2026-H23,RCAL-TEST-FUNC-01-2026-H23,RESOLVED,2026-09-25T23:59:59-06:00,2026-09-26T08:00:00-06:00,2026-06-29T00:00:00-06:00,,1,,false,ACTUAL,,,VALID,CURRENT,coolit-synthetic-v2.0.0,ALL_SYNTHETIC_CUSTOMERS,ALL_SYNTHETIC_PROGRAMS,ALL_SYNTHETIC_PRODUCTS,SYNTHETIC_INTERNAL,SNP-COOLIT-20260925-BL,SCN-BASELINE,RCAL-TEST-FUNC-01-2026-H23,TEST-FUNC-01,2026-H23,4200,4200,0,0,FUNCTIONAL_FLOW_CONTROLS_TEST,,HISTORICAL_ACTUAL
TEN-COOLIT-SYN-001,SITE-COOLIT-SYN-01,MES,RESOURCE_CALENDAR,RCAL-TEST-FUNC-01-2026-H24,RCAL-TEST-FUNC-01-2026-H24,RESOLVED,2026-09-25T23:59:59-06:00,2026-09-26T08:00:00-06:00,2026-06-29T00:00:00-06:00,,1,,false,ACTUAL,,,VALID,CURRENT,coolit-synthetic-v2.0.0,ALL_SYNTHETIC_CUSTOMERS,ALL_SYNTHETIC_PROGRAMS,ALL_SYNTHETIC_PRODUCTS,SYNTHETIC_INTERNAL,SNP-COOLIT-20260925-BL,SCN-BASELINE,RCAL-TEST-FUNC-01-2026-H24,TEST-FUNC-01,2026-H24,4200,4200,0,0,FUNCTIONAL_FLOW_CONTROLS_TEST,,HISTORICAL_ACTUAL
TEN-COOLIT-SYN-001,SITE-COOLIT-SYN-01,MES,RESOURCE_CALENDAR,RCAL-TEST-FUNC-01-2026-H25,RCAL-TEST-FUNC-01-2026-H25,RESOLVED,2026-09-25T23:59:59-06:00,2026-09-26T08:00:00-06:00,2026-06-29T00:00:00-06:00,,1,,false,ACTUAL,,,VALID,CURRENT,coolit-synthetic-v2.0.0,ALL_SYNTHETIC_CUSTOMERS,ALL_SYNTHETIC_PROGRAMS,ALL_SYNTHETIC_PRODUCTS,SYNTHETIC_INTERNAL,SNP-COOLIT-20260925-BL,SCN-BASELINE,RCAL-TEST-FUNC-01-2026-H25,TEST-FUNC-01,2026-H25,4200,4200,0,240,FUNCTIONAL_FLOW_CONTROLS_TEST,PLANNED_MAINTENANCE,HISTORICAL_ACTUAL
TEN-COOLIT-SYN-001,SITE-COOLIT-SYN-01,MES,RESOURCE_CALENDAR,RCAL-TEST-FUNC-01-2026-H26,RCAL-TEST-FUNC-01-2026-H26,RESOLVED,2026-09-25T23:59:59-06:00,2026-09-26T08:00:00-06:00,2026-06-29T00:00:00-06:00,,1,,false,ACTUAL,,,VALID,CURRENT,coolit-synthetic-v2.0.0,ALL_SYNTHETIC_CUSTOMERS,ALL_SYNTHETIC_PROGRAMS,ALL_SYNTHETIC_PRODUCTS,SYNTHETIC_INTERNAL,SNP-COOLIT-20260925-BL,SCN-BASELINE,RCAL-TEST-FUNC-01-2026-H26,TEST-FUNC-01,2026-H26,4200,4200,0,0,FUNCTIONAL_FLOW_CONTROLS_TEST,,HISTORICAL_ACTUAL
TEN-COOLIT-SYN-001,SITE-COOLIT-SYN-01,MES,RESOURCE_CALENDAR,RCAL-TEST-FUNC-01-2026-H27,RCAL-TEST-FUNC-01-2026-H27,RESOLVED,2026-09-25T23:59:59-06:00,2026-09-26T08:00:00-06:00,2026-06-29T00:00:00-06:00,,1,,false,ACTUAL,,,VALID,CURRENT,coolit-synthetic-v2.0.0,ALL_SYNTHETIC_CUSTOMERS,ALL_SYNTHETIC_PROGRAMS,ALL_SYNTHETIC_PRODUCTS,SYNTHETIC_INTERNAL,SNP-COOLIT-20260925-BL,SCN-BASELINE,RCAL-TEST-FUNC-01-2026-H27,TEST-FUNC-01,2026-H27,4200,4200,0,0,FUNCTIONAL_FLOW_CONTROLS_TEST,,HISTORICAL_ACTUAL
TEN-COOLIT-SYN-001,SITE-COOLIT-SYN-01,MES,RESOURCE_CALENDAR,RCAL-TEST-FUNC-01-2026-H28,RCAL-TEST-FUNC-01-2026-H28,RESOLVED,2026-09-25T23:59:59-06:00,2026-09-26T08:00:00-06:00,2026-06-29T00:00:00-06:00,,1,,false,ACTUAL,,,VALID,CURRENT,coolit-synthetic-v2.0.0,ALL_SYNTHETIC_CUSTOMERS,ALL_SYNTHETIC_PROGRAMS,ALL_SYNTHETIC_PRODUCTS,SYNTHETIC_INTERNAL,SNP-COOLIT-20260925-BL,SCN-BASELINE,RCAL-TEST-FUNC-01-2026-H28,TEST-FUNC-01,2026-H28,4200,4200,0,0,FUNCTIONAL_FLOW_CONTROLS_TEST,,HISTORICAL_ACTUAL
TEN-COOLIT-SYN-001,SITE-COOLIT-SYN-01,MES,RESOURCE_CALENDAR,RCAL-TEST-FUNC-01-2026-H29,RCAL-TEST-FUNC-01-2026-H29,RESOLVED,2026-09-25T23:59:59-06:00,2026-09-26T08:00:00-06:00,2026-06-29T00:00:00-06:00,,1,,false,ACTUAL,,,VALID,CURRENT,coolit-synthetic-v2.0.0,ALL_SYNTHETIC_CUSTOMERS,ALL_SYNTHETIC_PROGRAMS,ALL_SYNTHETIC_PRODUCTS,SYNTHETIC_INTERNAL,SNP-COOLIT-20260925-BL,SCN-BASELINE,RCAL-TEST-FUNC-01-2026-H29,TEST-FUNC-01,2026-H29,4200,4200,0,0,FUNCTIONAL_FLOW_CONTROLS_TEST,,HISTORICAL_ACTUAL
TEN-COOLIT-SYN-001,SITE-COOLIT-SYN-01,MES,RESOURCE_CALENDAR,RCAL-TEST-FUNC-01-2026-H30,RCAL-TEST-FUNC-01-2026-H30,RESOLVED,2026-09-25T23:59:59-06:00,2026-09-26T08:00:00-06:00,2026-06-29T00:00:00-06:00,,1,,false,ACTUAL,,,VALID,CURRENT,coolit-synthetic-v2.0.0,ALL_SYNTHETIC_CUSTOMERS,ALL_SYNTHETIC_PROGRAMS,ALL_SYNTHETIC_PRODUCTS,SYNTHETIC_INTERNAL,SNP-COOLIT-20260925-BL,SCN-BASELINE,RCAL-TEST-FUNC-01-2026-H30,TEST-FUNC-01,2026-H30,4200,4200,0,0,FUNCTIONAL_FLOW_CONTROLS_TEST,,HISTORICAL_ACTUAL
TEN-COOLIT-SYN-001,SITE-COOLIT-SYN-01,MES,RESOURCE_CALENDAR,RCAL-TEST-FUNC-01-2026-H31,RCAL-TEST-FUNC-01-2026-H31,RESOLVED,2026-09-25T23:59:59-06:00,2026-09-26T08:00:00-06:00,2026-06-29T00:00:00-06:00,,1,,false,ACTUAL,,,VALID,CURRENT,coolit-synthetic-v2.0.0,ALL_SYNTHETIC_CUSTOMERS,ALL_SYNTHETIC_PROGRAMS,ALL_SYNTHETIC_PRODUCTS,SYNTHETIC_INTERNAL,SNP-COOLIT-20260925-BL,SCN-BASELINE,RCAL-TEST-FUNC-01-2026-H31,TEST-FUNC-01,2026-H31,4200,4200,0,0,FUNCTIONAL_FLOW_CONTROLS_TEST,,HISTORICAL_ACTUAL
TEN-COOLIT-SYN-001,SITE-COOLIT-SYN-01,MES,RESOURCE_CALENDAR,RCAL-TEST-FUNC-01-2026-H32,RCAL-TEST-FUNC-01-2026-H32,RESOLVED,2026-09-25T23:59:59-06:00,2026-09-26T08:00:00-06:00,2026-06-29T00:00:00-06:00,,1,,false,ACTUAL,,,VALID,CURRENT,coolit-synthetic-v2.0.0,ALL_SYNTHETIC_CUSTOMERS,ALL_SYNTHETIC_PROGRAMS,ALL_SYNTHETIC_PRODUCTS,SYNTHETIC_INTERNAL,SNP-COOLIT-20260925-BL,SCN-BASELINE,RCAL-TEST-FUNC-01-2026-H32,TEST-FUNC-01,2026-H32,4200,4200,0,0,FUNCTIONAL_FLOW_CONTROLS_TEST,,HISTORICAL_ACTUAL
TEN-COOLIT-SYN-001,SITE-COOLIT-SYN-01,MES,RESOURCE_CALENDAR,RCAL-TEST-FUNC-01-2026-H33,RCAL-TEST-FUNC-01-2026-H33,RESOLVED,2026-09-25T23:59:59-06:00,2026-09-26T08:00:00-06:00,2026-06-29T00:00:00-06:00,,1,,false,ACTUAL,,,VALID,CURRENT,coolit-synthetic-v2.0.0,ALL_SYNTHETIC_CUSTOMERS,ALL_SYNTHETIC_PROGRAMS,ALL_SYNTHETIC_PRODUCTS,SYNTHETIC_INTERNAL,SNP-COOLIT-20260925-BL,SCN-BASELINE,RCAL-TEST-FUNC-01-2026-H33,TEST-FUNC-01,2026-H33,4200,4200,0,240,FUNCTIONAL_FLOW_CONTROLS_TEST,PLANNED_MAINTENANCE,HISTORICAL_ACTUAL
TEN-COOLIT-SYN-001,SITE-COOLIT-SYN-01,MES,RESOURCE_CALENDAR,RCAL-TEST-FUNC-01-2026-H34,RCAL-TEST-FUNC-01-2026-H34,RESOLVED,2026-09-25T23:59:59-06:00,2026-09-26T08:00:00-06:00,2026-06-29T00:00:00-06:00,,1,,false,ACTUAL,,,VALID,CURRENT,coolit-synthetic-v2.0.0,ALL_SYNTHETIC_CUSTOMERS,ALL_SYNTHETIC_PROGRAMS,ALL_SYNTHETIC_PRODUCTS,SYNTHETIC_INTERNAL,SNP-COOLIT-20260925-BL,SCN-BASELINE,RCAL-TEST-FUNC-01-2026-H34,TEST-FUNC-01,2026-H34,4200,4200,0,0,FUNCTIONAL_FLOW_CONTROLS_TEST,,HISTORICAL_ACTUAL
TEN-COOLIT-SYN-001,SITE-COOLIT-SYN-01,MES,RESOURCE_CALENDAR,RCAL-TEST-FUNC-01-2026-H35,RCAL-TEST-FUNC-01-2026-H35,RESOLVED,2026-09-25T23:59:59-06:00,2026-09-26T08:00:00-06:00,2026-06-29T00:00:00-06:00,,1,,false,ACTUAL,,,VALID,CURRENT,coolit-synthetic-v2.0.0,ALL_SYNTHETIC_CUSTOMERS,ALL_SYNTHETIC_PROGRAMS,ALL_SYNTHETIC_PRODUCTS,SYNTHETIC_INTERNAL,SNP-COOLIT-20260925-BL,SCN-BASELINE,RCAL-TEST-FUNC-01-2026-H35,TEST-FUNC-01,2026-H35,4200,4200,0,0,FUNCTIONAL_FLOW_CONTROLS_TEST,,HISTORICAL_ACTUAL
TEN-COOLIT-SYN-001,SITE-COOLIT-SYN-01,MES,RESOURCE_CALENDAR,RCAL-TEST-FUNC-01-2026-H36,RCAL-TEST-FUNC-01-2026-H36,RESOLVED,2026-09-25T23:59:59-06:00,2026-09-26T08:00:00-06:00,2026-06-29T00:00:00-06:00,,1,,false,ACTUAL,,,VALID,CURRENT,coolit-synthetic-v2.0.0,ALL_SYNTHETIC_CUSTOMERS,ALL_SYNTHETIC_PROGRAMS,ALL_SYNTHETIC_PRODUCTS,SYNTHETIC_INTERNAL,SNP-COOLIT-20260925-BL,SCN-BASELINE,RCAL-TEST-FUNC-01-2026-H36,TEST-FUNC-01,2026-H36,4200,4200,0,0,FUNCTIONAL_FLOW_CONTROLS_TEST,,HISTORICAL_ACTUAL
TEN-COOLIT-SYN-001,SITE-COOLIT-SYN-01,MES,RESOURCE_CALENDAR,RCAL-TEST-FUNC-01-2026-H37,RCAL-TEST-FUNC-01-2026-H37,RESOLVED,2026-09-25T23:59:59-06:00,2026-09-26T08:00:00-06:00,2026-06-29T00:00:00-06:00,,1,,false,ACTUAL,,,VALID,CURRENT,coolit-synthetic-v2.0.0,ALL_SYNTHETIC_CUSTOMERS,ALL_SYNTHETIC_PROGRAMS,ALL_SYNTHETIC_PRODUCTS,SYNTHETIC_INTERNAL,SNP-COOLIT-20260925-BL,SCN-BASELINE,RCAL-TEST-FUNC-01-2026-H37,TEST-FUNC-01,2026-H37,4200,4200,0,0,FUNCTIONAL_FLOW_CONTROLS_TEST,,HISTORICAL_ACTUAL
TEN-COOLIT-SYN-001,SITE-COOLIT-SYN-01,MES,RESOURCE_CALENDAR,RCAL-TEST-FUNC-01-2026-H38,RCAL-TEST-FUNC-01-2026-H38,RESOLVED,2026-09-25T23:59:59-06:00,2026-09-26T08:00:00-06:00,2026-06-29T00:00:00-06:00,,1,,false,ACTUAL,,,VALID,CURRENT,coolit-synthetic-v2.0.0,ALL_SYNTHETIC_CUSTOMERS,ALL_SYNTHETIC_PROGRAMS,ALL_SYNTHETIC_PRODUCTS,SYNTHETIC_INTERNAL,SNP-COOLIT-20260925-BL,SCN-BASELINE,RCAL-TEST-FUNC-01-2026-H38,TEST-FUNC-01,2026-H38,4200,4200,0,0,FUNCTIONAL_FLOW_CONTROLS_TEST,,HISTORICAL_ACTUAL
TEN-COOLIT-SYN-001,SITE-COOLIT-SYN-01,MES,RESOURCE_CALENDAR,RCAL-TEST-FUNC-01-2026-H39,RCAL-TEST-FUNC-01-2026-H39,RESOLVED,2026-09-25T23:59:59-06:00,2026-09-26T08:00:00-06:00,2026-06-29T00:00:00-06:00,,1,,false,ACTUAL,,,VALID,CURRENT,coolit-synthetic-v2.0.0,ALL_SYNTHETIC_CUSTOMERS,ALL_SYNTHETIC_PROGRAMS,ALL_SYNTHETIC_PRODUCTS,SYNTHETIC_INTERNAL,SNP-COOLIT-20260925-BL,SCN-BASELINE,RCAL-TEST-FUNC-01-2026-H39,TEST-FUNC-01,2026-H39,4200,4200,0,0,FUNCTIONAL_FLOW_CONTROLS_TEST,,HISTORICAL_ACTUAL
TEN-COOLIT-SYN-001,SITE-COOLIT-SYN-01,MES,RESOURCE_CALENDAR,RCAL-TEST-FUNC-01-2026-H40,RCAL-TEST-FUNC-01-2026-H40,RESOLVED,2026-09-25T23:59:59-06:00,2026-09-26T08:00:00-06:00,2026-06-29T00:00:00-06:00,,1,,false,ACTUAL,,,VALID,CURRENT,coolit-synthetic-v2.0.0,ALL_SYNTHETIC_CUSTOMERS,ALL_SYNTHETIC_PROGRAMS,ALL_SYNTHETIC_PRODUCTS,SYNTHETIC_INTERNAL,SNP-COOLIT-20260925-BL,SCN-BASELINE,RCAL-TEST-FUNC-01-2026-H40,TEST-FUNC-01,2026-H40,4200,4200,0,0,FUNCTIONAL_FLOW_CONTROLS_TEST,,HISTORICAL_ACTUAL
TEN-COOLIT-SYN-001,SITE-COOLIT-SYN-01,MES,RESOURCE_CALENDAR,RCAL-TEST-FUNC-01-2026-H41,RCAL-TEST-FUNC-01-2026-H41,RESOLVED,2026-09-25T23:59:59-06:00,2026-09-26T08:00:00-06:00,2026-06-29T00:00:00-06:00,,1,,false,ACTUAL,,,VALID,CURRENT,coolit-synthetic-v2.0.0,ALL_SYNTHETIC_CUSTOMERS,ALL_SYNTHETIC_PROGRAMS,ALL_SYNTHETIC_PRODUCTS,SYNTHETIC_INTERNAL,SNP-COOLIT-20260925-BL,SCN-BASELINE,RCAL-TEST-FUNC-01-2026-H41,TEST-FUNC-01,2026-H41,4200,4200,0,240,FUNCTIONAL_FLOW_CONTROLS_TEST,PLANNED_MAINTENANCE,HISTORICAL_ACTUAL
TEN-COOLIT-SYN-001,SITE-COOLIT-SYN-01,MES,RESOURCE_CALENDAR,RCAL-TEST-FUNC-01-2026-H42,RCAL-TEST-FUNC-01-2026-H42,RESOLVED,2026-09-25T23:59:59-06:00,2026-09-26T08:00:00-06:00,2026-06-29T00:00:00-06:00,,1,,false,ACTUAL,,,VALID,CURRENT,coolit-synthetic-v2.0.0,ALL_SYNTHETIC_CUSTOMERS,ALL_SYNTHETIC_PROGRAMS,ALL_SYNTHETIC_PRODUCTS,SYNTHETIC_INTERNAL,SNP-COOLIT-20260925-BL,SCN-BASELINE,RCAL-TEST-FUNC-01-2026-H42,TEST-FUNC-01,2026-H42,4200,4200,0,0,FUNCTIONAL_FLOW_CONTROLS_TEST,,HISTORICAL_ACTUAL
TEN-COOLIT-SYN-001,SITE-COOLIT-SYN-01,MES,RESOURCE_CALENDAR,RCAL-TEST-FUNC-01-2026-H43,RCAL-TEST-FUNC-01-2026-H43,RESOLVED,2026-09-25T23:59:59-06:00,2026-09-26T08:00:00-06:00,2026-06-29T00:00:00-06:00,,1,,false,ACTUAL,,,VALID,CURRENT,coolit-synthetic-v2.0.0,ALL_SYNTHETIC_CUSTOMERS,ALL_SYNTHETIC_PROGRAMS,ALL_SYNTHETIC_PRODUCTS,SYNTHETIC_INTERNAL,SNP-COOLIT-20260925-BL,SCN-BASELINE,RCAL-TEST-FUNC-01-2026-H43,TEST-FUNC-01,2026-H43,4200,4200,0,0,FUNCTIONAL_FLOW_CONTROLS_TEST,,HISTORICAL_ACTUAL
TEN-COOLIT-SYN-001,SITE-COOLIT-SYN-01,MES,RESOURCE_CALENDAR,RCAL-TEST-FUNC-01-2026-H44,RCAL-TEST-FUNC-01-2026-H44,RESOLVED,2026-09-25T23:59:59-06:00,2026-09-26T08:00:00-06:00,2026-06-29T00:00:00-06:00,,1,,false,ACTUAL,,,VALID,CURRENT,coolit-synthetic-v2.0.0,ALL_SYNTHETIC_CUSTOMERS,ALL_SYNTHETIC_PROGRAMS,ALL_SYNTHETIC_PRODUCTS,SYNTHETIC_INTERNAL,SNP-COOLIT-20260925-BL,SCN-BASELINE,RCAL-TEST-FUNC-01-2026-H44,TEST-FUNC-01,2026-H44,4200,4200,0,0,FUNCTIONAL_FLOW_CONTROLS_TEST,,HISTORICAL_ACTUAL
TEN-COOLIT-SYN-001,SITE-COOLIT-SYN-01,MES,RESOURCE_CALENDAR,RCAL-TEST-FUNC-01-2026-H45,RCAL-TEST-FUNC-01-2026-H45,RESOLVED,2026-09-25T23:59:59-06:00,2026-09-26T08:00:00-06:00,2026-06-29T00:00:00-06:00,,1,,false,ACTUAL,,,VALID,CURRENT,coolit-synthetic-v2.0.0,ALL_SYNTHETIC_CUSTOMERS,ALL_SYNTHETIC_PROGRAMS,ALL_SYNTHETIC_PRODUCTS,SYNTHETIC_INTERNAL,SNP-COOLIT-20260925-BL,SCN-BASELINE,RCAL-TEST-FUNC-01-2026-H45,TEST-FUNC-01,2026-H45,4200,4200,0,0,FUNCTIONAL_FLOW_CONTROLS_TEST,,HISTORICAL_ACTUAL
TEN-COOLIT-SYN-001,SITE-COOLIT-SYN-01,MES,RESOURCE_CALENDAR,RCAL-TEST-FUNC-01-2026-H46,RCAL-TEST-FUNC-01-2026-H46,RESOLVED,2026-09-25T23:59:59-06:00,2026-09-26T08:00:00-06:00,2026-06-29T00:00:00-06:00,,1,,false,ACTUAL,,,VALID,CURRENT,coolit-synthetic-v2.0.0,ALL_SYNTHETIC_CUSTOMERS,ALL_SYNTHETIC_PROGRAMS,ALL_SYNTHETIC_PRODUCTS,SYNTHETIC_INTERNAL,SNP-COOLIT-20260925-BL,SCN-BASELINE,RCAL-TEST-FUNC-01-2026-H46,TEST-FUNC-01,2026-H46,4200,4200,0,0,FUNCTIONAL_FLOW_CONTROLS_TEST,,HISTORICAL_ACTUAL
TEN-COOLIT-SYN-001,SITE-COOLIT-SYN-01,MES,RESOURCE_CALENDAR,RCAL-TEST-FUNC-01-2026-H47,RCAL-TEST-FUNC-01-2026-H47,RESOLVED,2026-09-25T23:59:59-06:00,2026-09-26T08:00:00-06:00,2026-06-29T00:00:00-06:00,,1,,false,ACTUAL,,,VALID,CURRENT,coolit-synthetic-v2.0.0,ALL_SYNTHETIC_CUSTOMERS,ALL_SYNTHETIC_PROGRAMS,ALL_SYNTHETIC_PRODUCTS,SYNTHETIC_INTERNAL,SNP-COOLIT-20260925-BL,SCN-BASELINE,RCAL-TEST-FUNC-01-2026-H47,TEST-FUNC-01,2026-H47,4200,4200,0,0,FUNCTIONAL_FLOW_CONTROLS_TEST,,HISTORICAL_ACTUAL
TEN-COOLIT-SYN-001,SITE-COOLIT-SYN-01,MES,RESOURCE_CALENDAR,RCAL-TEST-FUNC-01-2026-H48,RCAL-TEST-FUNC-01-2026-H48,RESOLVED,2026-09-25T23:59:59-06:00,2026-09-26T08:00:00-06:00,2026-06-29T00:00:00-06:00,,1,,false,ACTUAL,,,VALID,CURRENT,coolit-synthetic-v2.0.0,ALL_SYNTHETIC_CUSTOMERS,ALL_SYNTHETIC_PROGRAMS,ALL_SYNTHETIC_PRODUCTS,SYNTHETIC_INTERNAL,SNP-COOLIT-20260925-BL,SCN-BASELINE,RCAL-TEST-FUNC-01-2026-H48,TEST-FUNC-01,2026-H48,4200,4200,0,0,FUNCTIONAL_FLOW_CONTROLS_TEST,,HISTORICAL_ACTUAL
TEN-COOLIT-SYN-001,SITE-COOLIT-SYN-01,MES,RESOURCE_CALENDAR,RCAL-TEST-FUNC-01-2026-H49,RCAL-TEST-FUNC-01-2026-H49,RESOLVED,2026-09-25T23:59:59-06:00,2026-09-26T08:00:00-06:00,2026-06-29T00:00:00-06:00,,1,,false,ACTUAL,,,VALID,CURRENT,coolit-synthetic-v2.0.0,ALL_SYNTHETIC_CUSTOMERS,ALL_SYNTHETIC_PROGRAMS,ALL_SYNTHETIC_PRODUCTS,SYNTHETIC_INTERNAL,SNP-COOLIT-20260925-BL,SCN-BASELINE,RCAL-TEST-FUNC-01-2026-H49,TEST-FUNC-01,2026-H49,4200,4200,0,240,FUNCTIONAL_FLOW_CONTROLS_TEST,PLANNED_MAINTENANCE,HISTORICAL_ACTUAL
TEN-COOLIT-SYN-001,SITE-COOLIT-SYN-01,MES,RESOURCE_CALENDAR,RCAL-TEST-FUNC-01-2026-H50,RCAL-TEST-FUNC-01-2026-H50,RESOLVED,2026-09-25T23:59:59-06:00,2026-09-26T08:00:00-06:00,2026-06-29T00:00:00-06:00,,1,,false,ACTUAL,,,VALID,CURRENT,coolit-synthetic-v2.0.0,ALL_SYNTHETIC_CUSTOMERS,ALL_SYNTHETIC_PROGRAMS,ALL_SYNTHETIC_PRODUCTS,SYNTHETIC_INTERNAL,SNP-COOLIT-20260925-BL,SCN-BASELINE,RCAL-TEST-FUNC-01-2026-H50,TEST-FUNC-01,2026-H50,4200,4200,0,0,FUNCTIONAL_FLOW_CONTROLS_TEST,,HISTORICAL_ACTUAL
TEN-COOLIT-SYN-001,SITE-COOLIT-SYN-01,MES,RESOURCE_CALENDAR,RCAL-TEST-FUNC-01-2026-H51,RCAL-TEST-FUNC-01-2026-H51,RESOLVED,2026-09-25T23:59:59-06:00,2026-09-26T08:00:00-06:00,2026-06-29T00:00:00-06:00,,1,,false,ACTUAL,,,VALID,CURRENT,coolit-synthetic-v2.0.0,ALL_SYNTHETIC_CUSTOMERS,ALL_SYNTHETIC_PROGRAMS,ALL_SYNTHETIC_PRODUCTS,SYNTHETIC_INTERNAL,SNP-COOLIT-20260925-BL,SCN-BASELINE,RCAL-TEST-FUNC-01-2026-H51,TEST-FUNC-01,2026-H51,4200,4200,0,0,FUNCTIONAL_FLOW_CONTROLS_TEST,,HISTORICAL_ACTUAL
TEN-COOLIT-SYN-001,SITE-COOLIT-SYN-01,MES,RESOURCE_CALENDAR,RCAL-TEST-FUNC-01-2026-H52,RCAL-TEST-FUNC-01-2026-H52,RESOLVED,2026-09-25T23:59:59-06:00,2026-09-26T08:00:00-06:00,2026-06-29T00:00:00-06:00,,1,,false,ACTUAL,,,VALID,CURRENT,coolit-synthetic-v2.0.0,ALL_SYNTHETIC_CUSTOMERS,ALL_SYNTHETIC_PROGRAMS,ALL_SYNTHETIC_PRODUCTS,SYNTHETIC_INTERNAL,SNP-COOLIT-20260925-BL,SCN-BASELINE,RCAL-TEST-FUNC-01-2026-H52,TEST-FUNC-01,2026-H52,4200,4200,0,0,FUNCTIONAL_FLOW_CONTROLS_TEST,,HISTORICAL_ACTUAL
TEN-COOLIT-SYN-001,SITE-COOLIT-SYN-01,MES,RESOURCE_CALENDAR,RCAL-TEST-FUNC-01-2026-H53,RCAL-TEST-FUNC-01-2026-H53,RESOLVED,2026-09-25T23:59:59-06:00,2026-09-26T08:00:00-06:00,2026-06-29T00:00:00-06:00,,1,,false,ACTUAL,,,VALID,CURRENT,coolit-synthetic-v2.0.0,ALL_SYNTHETIC_CUSTOMERS,ALL_SYNTHETIC_PROGRAMS,ALL_SYNTHETIC_PRODUCTS,SYNTHETIC_INTERNAL,SNP-COOLIT-20260925-BL,SCN-BASELINE,RCAL-TEST-FUNC-01-2026-H53,TEST-FUNC-01,2026-H53,4200,4200,0,0,FUNCTIONAL_FLOW_CONTROLS_TEST,,HISTORICAL_ACTUAL
TEN-COOLIT-SYN-001,SITE-COOLIT-SYN-01,MES,RESOURCE_CALENDAR,RCAL-TEST-FUNC-01-2026-H54,RCAL-TEST-FUNC-01-2026-H54,RESOLVED,2026-09-25T23:59:59-06:00,2026-09-26T08:00:00-06:00,2026-06-29T00:00:00-06:00,,1,,false,ACTUAL,,,VALID,CURRENT,coolit-synthetic-v2.0.0,ALL_SYNTHETIC_CUSTOMERS,ALL_SYNTHETIC_PROGRAMS,ALL_SYNTHETIC_PRODUCTS,SYNTHETIC_INTERNAL,SNP-COOLIT-20260925-BL,SCN-BASELINE,RCAL-TEST-FUNC-01-2026-H54,TEST-FUNC-01,2026-H54,4200,4200,0,0,FUNCTIONAL_FLOW_CONTROLS_TEST,,HISTORICAL_ACTUAL
TEN-COOLIT-SYN-001,SITE-COOLIT-SYN-01,MES,RESOURCE_CALENDAR,RCAL-TEST-FUNC-01-2026-H55,RCAL-TEST-FUNC-01-2026-H55,RESOLVED,2026-09-25T23:59:59-06:00,2026-09-26T08:00:00-06:00,2026-06-29T00:00:00-06:00,,1,,false,ACTUAL,,,VALID,CURRENT,coolit-synthetic-v2.0.0,ALL_SYNTHETIC_CUSTOMERS,ALL_SYNTHETIC_PROGRAMS,ALL_SYNTHETIC_PRODUCTS,SYNTHETIC_INTERNAL,SNP-COOLIT-20260925-BL,SCN-BASELINE,RCAL-TEST-FUNC-01-2026-H55,TEST-FUNC-01,2026-H55,4200,4200,0,0,FUNCTIONAL_FLOW_CONTROLS_TEST,,HISTORICAL_ACTUAL
TEN-COOLIT-SYN-001,SITE-COOLIT-SYN-01,MES,RESOURCE_CALENDAR,RCAL-TEST-FUNC-01-2026-H56,RCAL-TEST-FUNC-01-2026-H56,RESOLVED,2026-09-25T23:59:59-06:00,2026-09-26T08:00:00-06:00,2026-06-29T00:00:00-06:00,,1,,false,ACTUAL,,,VALID,CURRENT,coolit-synthetic-v2.0.0,ALL_SYNTHETIC_CUSTOMERS,ALL_SYNTHETIC_PROGRAMS,ALL_SYNTHETIC_PRODUCTS,SYNTHETIC_INTERNAL,SNP-COOLIT-20260925-BL,SCN-BASELINE,RCAL-TEST-FUNC-01-2026-H56,TEST-FUNC-01,2026-H56,4200,4200,0,0,FUNCTIONAL_FLOW_CONTROLS_TEST,,HISTORICAL_ACTUAL
TEN-COOLIT-SYN-001,SITE-COOLIT-SYN-01,MES,RESOURCE_CALENDAR,RCAL-TEST-FUNC-01-2026-H57,RCAL-TEST-FUNC-01-2026-H57,RESOLVED,2026-09-25T23:59:59-06:00,2026-09-26T08:00:00-06:00,2026-06-29T00:00:00-06:00,,1,,false,ACTUAL,,,VALID,CURRENT,coolit-synthetic-v2.0.0,ALL_SYNTHETIC_CUSTOMERS,ALL_SYNTHETIC_PROGRAMS,ALL_SYNTHETIC_PRODUCTS,SYNTHETIC_INTERNAL,SNP-COOLIT-20260925-BL,SCN-BASELINE,RCAL-TEST-FUNC-01-2026-H57,TEST-FUNC-01,2026-H57,4200,4200,0,240,FUNCTIONAL_FLOW_CONTROLS_TEST,PLANNED_MAINTENANCE,HISTORICAL_ACTUAL
TEN-COOLIT-SYN-001,SITE-COOLIT-SYN-01,MES,RESOURCE_CALENDAR,RCAL-TEST-FUNC-01-2026-H58,RCAL-TEST-FUNC-01-2026-H58,RESOLVED,2026-09-25T23:59:59-06:00,2026-09-26T08:00:00-06:00,2026-06-29T00:00:00-06:00,,1,,false,ACTUAL,,,VALID,CURRENT,coolit-synthetic-v2.0.0,ALL_SYNTHETIC_CUSTOMERS,ALL_SYNTHETIC_PROGRAMS,ALL_SYNTHETIC_PRODUCTS,SYNTHETIC_INTERNAL,SNP-COOLIT-20260925-BL,SCN-BASELINE,RCAL-TEST-FUNC-01-2026-H58,TEST-FUNC-01,2026-H58,4200,4200,0,0,FUNCTIONAL_FLOW_CONTROLS_TEST,,HISTORICAL_ACTUAL
TEN-COOLIT-SYN-001,SITE-COOLIT-SYN-01,MES,RESOURCE_CALENDAR,RCAL-TEST-FUNC-01-2026-H59,RCAL-TEST-FUNC-01-2026-H59,RESOLVED,2026-09-25T23:59:59-06:00,2026-09-26T08:00:00-06:00,2026-06-29T00:00:00-06:00,,1,,false,ACTUAL,,,VALID,CURRENT,coolit-synthetic-v2.0.0,ALL_SYNTHETIC_CUSTOMERS,ALL_SYNTHETIC_PROGRAMS,ALL_SYNTHETIC_PRODUCTS,SYNTHETIC_INTERNAL,SNP-COOLIT-20260925-BL,SCN-BASELINE,RCAL-TEST-FUNC-01-2026-H59,TEST-FUNC-01,2026-H59,4200,4200,0,0,FUNCTIONAL_FLOW_CONTROLS_TEST,,HISTORICAL_ACTUAL
TEN-COOLIT-SYN-001,SITE-COOLIT-SYN-01,MES,RESOURCE_CALENDAR,RCAL-TEST-FUNC-01-2026-H60,RCAL-TEST-FUNC-01-2026-H60,RESOLVED,2026-09-25T23:59:59-06:00,2026-09-26T08:00:00-06:00,2026-06-29T00:00:00-06:00,,1,,false,ACTUAL,,,VALID,CURRENT,coolit-synthetic-v2.0.0,ALL_SYNTHETIC_CUSTOMERS,ALL_SYNTHETIC_PROGRAMS,ALL_SYNTHETIC_PRODUCTS,SYNTHETIC_INTERNAL,SNP-COOLIT-20260925-BL,SCN-BASELINE,RCAL-TEST-FUNC-01-2026-H60,TEST-FUNC-01,2026-H60,4200,4200,0,0,FUNCTIONAL_FLOW_CONTROLS_TEST,,HISTORICAL_ACTUAL
TEN-COOLIT-SYN-001,SITE-COOLIT-SYN-01,MES,RESOURCE_CALENDAR,RCAL-TEST-FUNC-01-2026-H61,RCAL-TEST-FUNC-01-2026-H61,RESOLVED,2026-09-25T23:59:59-06:00,2026-09-26T08:00:00-06:00,2026-06-29T00:00:00-06:00,,1,,false,ACTUAL,,,VALID,CURRENT,coolit-synthetic-v2.0.0,ALL_SYNTHETIC_CUSTOMERS,ALL_SYNTHETIC_PROGRAMS,ALL_SYNTHETIC_PRODUCTS,SYNTHETIC_INTERNAL,SNP-COOLIT-20260925-BL,SCN-BASELINE,RCAL-TEST-FUNC-01-2026-H61,TEST-FUNC-01,2026-H61,4200,4200,0,0,FUNCTIONAL_FLOW_CONTROLS_TEST,,HISTORICAL_ACTUAL
TEN-COOLIT-SYN-001,SITE-COOLIT-SYN-01,MES,RESOURCE_CALENDAR,RCAL-TEST-FUNC-01-2026-H62,RCAL-TEST-FUNC-01-2026-H62,RESOLVED,2026-09-25T23:59:59-06:00,2026-09-26T08:00:00-06:00,2026-06-29T00:00:00-06:00,,1,,false,ACTUAL,,,VALID,CURRENT,coolit-synthetic-v2.0.0,ALL_SYNTHETIC_CUSTOMERS,ALL_SYNTHETIC_PROGRAMS,ALL_SYNTHETIC_PRODUCTS,SYNTHETIC_INTERNAL,SNP-COOLIT-20260925-BL,SCN-BASELINE,RCAL-TEST-FUNC-01-2026-H62,TEST-FUNC-01,2026-H62,4200,4200,0,0,FUNCTIONAL_FLOW_CONTROLS_TEST,,HISTORICAL_ACTUAL
TEN-COOLIT-SYN-001,SITE-COOLIT-SYN-01,MES,RESOURCE_CALENDAR,RCAL-TEST-FUNC-01-2026-H63,RCAL-TEST-FUNC-01-2026-H63,RESOLVED,2026-09-25T23:59:59-06:00,2026-09-26T08:00:00-06:00,2026-06-29T00:00:00-06:00,,1,,false,ACTUAL,,,VALID,CURRENT,coolit-synthetic-v2.0.0,ALL_SYNTHETIC_CUSTOMERS,ALL_SYNTHETIC_PROGRAMS,ALL_SYNTHETIC_PRODUCTS,SYNTHETIC_INTERNAL,SNP-COOLIT-20260925-BL,SCN-BASELINE,RCAL-TEST-FUNC-01-2026-H63,TEST-FUNC-01,2026-H63,4200,4200,0,0,FUNCTIONAL_FLOW_CONTROLS_TEST,,HISTORICAL_ACTUAL
TEN-COOLIT-SYN-001,SITE-COOLIT-SYN-01,MES,RESOURCE_CALENDAR,RCAL-TEST-FUNC-01-2026-H64,RCAL-TEST-FUNC-01-2026-H64,RESOLVED,2026-09-25T23:59:59-06:00,2026-09-26T08:00:00-06:00,2026-06-29T00:00:00-06:00,,1,,false,ACTUAL,,,VALID,CURRENT,coolit-synthetic-v2.0.0,ALL_SYNTHETIC_CUSTOMERS,ALL_SYNTHETIC_PROGRAMS,ALL_SYNTHETIC_PRODUCTS,SYNTHETIC_INTERNAL,SNP-COOLIT-20260925-BL,SCN-BASELINE,RCAL-TEST-FUNC-01-2026-H64,TEST-FUNC-01,2026-H64,4200,4200,0,0,FUNCTIONAL_FLOW_CONTROLS_TEST,,HISTORICAL_ACTUAL
TEN-COOLIT-SYN-001,SITE-COOLIT-SYN-01,MES,RESOURCE_CALENDAR,RCAL-TEST-FUNC-01-2026-H65,RCAL-TEST-FUNC-01-2026-H65,RESOLVED,2026-09-25T23:59:59-06:00,2026-09-26T08:00:00-06:00,2026-06-29T00:00:00-06:00,,1,,false,ACTUAL,,,VALID,CURRENT,coolit-synthetic-v2.0.0,ALL_SYNTHETIC_CUSTOMERS,ALL_SYNTHETIC_PROGRAMS,ALL_SYNTHETIC_PRODUCTS,SYNTHETIC_INTERNAL,SNP-COOLIT-20260925-BL,SCN-BASELINE,RCAL-TEST-FUNC-01-2026-H65,TEST-FUNC-01,2026-H65,4200,4200,0,240,FUNCTIONAL_FLOW_CONTROLS_TEST,PLANNED_MAINTENANCE,HISTORICAL_ACTUAL
TEN-COOLIT-SYN-001,SITE-COOLIT-SYN-01,MES,RESOURCE_CALENDAR,RCAL-TEST-FUNC-01-2026-H66,RCAL-TEST-FUNC-01-2026-H66,RESOLVED,2026-09-25T23:59:59-06:00,2026-09-26T08:00:00-06:00,2026-06-29T00:00:00-06:00,,1,,false,ACTUAL,,,VALID,CURRENT,coolit-synthetic-v2.0.0,ALL_SYNTHETIC_CUSTOMERS,ALL_SYNTHETIC_PROGRAMS,ALL_SYNTHETIC_PRODUCTS,SYNTHETIC_INTERNAL,SNP-COOLIT-20260925-BL,SCN-BASELINE,RCAL-TEST-FUNC-01-2026-H66,TEST-FUNC-01,2026-H66,4200,4200,0,0,FUNCTIONAL_FLOW_CONTROLS_TEST,,HISTORICAL_ACTUAL
TEN-COOLIT-SYN-001,SITE-COOLIT-SYN-01,MES,RESOURCE_CALENDAR,RCAL-TEST-FUNC-01-2026-H67,RCAL-TEST-FUNC-01-2026-H67,RESOLVED,2026-09-25T23:59:59-06:00,2026-09-26T08:00:00-06:00,2026-06-29T00:00:00-06:00,,1,,false,ACTUAL,,,VALID,CURRENT,coolit-synthetic-v2.0.0,ALL_SYNTHETIC_CUSTOMERS,ALL_SYNTHETIC_PROGRAMS,ALL_SYNTHETIC_PRODUCTS,SYNTHETIC_INTERNAL,SNP-COOLIT-20260925-BL,SCN-BASELINE,RCAL-TEST-FUNC-01-2026-H67,TEST-FUNC-01,2026-H67,4200,4200,0,0,FUNCTIONAL_FLOW_CONTROLS_TEST,,HISTORICAL_ACTUAL
TEN-COOLIT-SYN-001,SITE-COOLIT-SYN-01,MES,RESOURCE_CALENDAR,RCAL-TEST-FUNC-01-2026-H68,RCAL-TEST-FUNC-01-2026-H68,RESOLVED,2026-09-25T23:59:59-06:00,2026-09-26T08:00:00-06:00,2026-06-29T00:00:00-06:00,,1,,false,ACTUAL,,,VALID,CURRENT,coolit-synthetic-v2.0.0,ALL_SYNTHETIC_CUSTOMERS,ALL_SYNTHETIC_PROGRAMS,ALL_SYNTHETIC_PRODUCTS,SYNTHETIC_INTERNAL,SNP-COOLIT-20260925-BL,SCN-BASELINE,RCAL-TEST-FUNC-01-2026-H68,TEST-FUNC-01,2026-H68,4200,4200,0,0,FUNCTIONAL_FLOW_CONTROLS_TEST,,HISTORICAL_ACTUAL
TEN-COOLIT-SYN-001,SITE-COOLIT-SYN-01,MES,RESOURCE_CALENDAR,RCAL-TEST-FUNC-01-2026-H69,RCAL-TEST-FUNC-01-2026-H69,RESOLVED,2026-09-25T23:59:59-06:00,2026-09-26T08:00:00-06:00,2026-06-29T00:00:00-06:00,,1,,false,ACTUAL,,,VALID,CURRENT,coolit-synthetic-v2.0.0,ALL_SYNTHETIC_CUSTOMERS,ALL_SYNTHETIC_PROGRAMS,ALL_SYNTHETIC_PRODUCTS,SYNTHETIC_INTERNAL,SNP-COOLIT-20260925-BL,SCN-BASELINE,RCAL-TEST-FUNC-01-2026-H69,TEST-FUNC-01,2026-H69,4200,4200,0,0,FUNCTIONAL_FLOW_CONTROLS_TEST,,HISTORICAL_ACTUAL
TEN-COOLIT-SYN-001,SITE-COOLIT-SYN-01,MES,RESOURCE_CALENDAR,RCAL-TEST-FUNC-01-2026-H70,RCAL-TEST-FUNC-01-2026-H70,RESOLVED,2026-09-25T23:59:59-06:00,2026-09-26T08:00:00-06:00,2026-06-29T00:00:00-06:00,,1,,false,ACTUAL,,,VALID,CURRENT,coolit-synthetic-v2.0.0,ALL_SYNTHETIC_CUSTOMERS,ALL_SYNTHETIC_PROGRAMS,ALL_SYNTHETIC_PRODUCTS,SYNTHETIC_INTERNAL,SNP-COOLIT-20260925-BL,SCN-BASELINE,RCAL-TEST-FUNC-01-2026-H70,TEST-FUNC-01,2026-H70,4200,4200,0,0,FUNCTIONAL_FLOW_CONTROLS_TEST,,HISTORICAL_ACTUAL
TEN-COOLIT-SYN-001,SITE-COOLIT-SYN-01,MES,RESOURCE_CALENDAR,RCAL-TEST-FUNC-01-2026-H71,RCAL-TEST-FUNC-01-2026-H71,RESOLVED,2026-09-25T23:59:59-06:00,2026-09-26T08:00:00-06:00,2026-06-29T00:00:00-06:00,,1,,false,ACTUAL,,,VALID,CURRENT,coolit-synthetic-v2.0.0,ALL_SYNTHETIC_CUSTOMERS,ALL_SYNTHETIC_PROGRAMS,ALL_SYNTHETIC_PRODUCTS,SYNTHETIC_INTERNAL,SNP-COOLIT-20260925-BL,SCN-BASELINE,RCAL-TEST-FUNC-01-2026-H71,TEST-FUNC-01,2026-H71,4200,4200,0,0,FUNCTIONAL_FLOW_CONTROLS_TEST,,HISTORICAL_ACTUAL
TEN-COOLIT-SYN-001,SITE-COOLIT-SYN-01,MES,RESOURCE_CALENDAR,RCAL-TEST-FUNC-01-2026-H72,RCAL-TEST-FUNC-01-2026-H72,RESOLVED,2026-09-25T23:59:59-06:00,2026-09-26T08:00:00-06:00,2026-06-29T00:00:00-06:00,,1,,false,ACTUAL,,,VALID,CURRENT,coolit-synthetic-v2.0.0,ALL_SYNTHETIC_CUSTOMERS,ALL_SYNTHETIC_PROGRAMS,ALL_SYNTHETIC_PRODUCTS,SYNTHETIC_INTERNAL,SNP-COOLIT-20260925-BL,SCN-BASELINE,RCAL-TEST-FUNC-01-2026-H72,TEST-FUNC-01,2026-H72,4200,4200,0,0,FUNCTIONAL_FLOW_CONTROLS_TEST,,HISTORICAL_ACTUAL
TEN-COOLIT-SYN-001,SITE-COOLIT-SYN-01,MES,RESOURCE_CALENDAR,RCAL-TEST-FUNC-01-2026-H73,RCAL-TEST-FUNC-01-2026-H73,RESOLVED,2026-09-25T23:59:59-06:00,2026-09-26T08:00:00-06:00,2026-06-29T00:00:00-06:00,,1,,false,ACTUAL,,,VALID,CURRENT,coolit-synthetic-v2.0.0,ALL_SYNTHETIC_CUSTOMERS,ALL_SYNTHETIC_PROGRAMS,ALL_SYNTHETIC_PRODUCTS,SYNTHETIC_INTERNAL,SNP-COOLIT-20260925-BL,SCN-BASELINE,RCAL-TEST-FUNC-01-2026-H73,TEST-FUNC-01,2026-H73,4200,4200,0,240,FUNCTIONAL_FLOW_CONTROLS_TEST,PLANNED_MAINTENANCE,HISTORICAL_ACTUAL
TEN-COOLIT-SYN-001,SITE-COOLIT-SYN-01,MES,RESOURCE_CALENDAR,RCAL-TEST-FUNC-01-2026-H74,RCAL-TEST-FUNC-01-2026-H74,RESOLVED,2026-09-25T23:59:59-06:00,2026-09-26T08:00:00-06:00,2026-06-29T00:00:00-06:00,,1,,false,ACTUAL,,,VALID,CURRENT,coolit-synthetic-v2.0.0,ALL_SYNTHETIC_CUSTOMERS,ALL_SYNTHETIC_PROGRAMS,ALL_SYNTHETIC_PRODUCTS,SYNTHETIC_INTERNAL,SNP-COOLIT-20260925-BL,SCN-BASELINE,RCAL-TEST-FUNC-01-2026-H74,TEST-FUNC-01,2026-H74,4200,4200,0,0,FUNCTIONAL_FLOW_CONTROLS_TEST,,HISTORICAL_ACTUAL
TEN-COOLIT-SYN-001,SITE-COOLIT-SYN-01,MES,RESOURCE_CALENDAR,RCAL-TEST-FUNC-01-2026-H75,RCAL-TEST-FUNC-01-2026-H75,RESOLVED,2026-09-25T23:59:59-06:00,2026-09-26T08:00:00-06:00,2026-06-29T00:00:00-06:00,,1,,false,ACTUAL,,,VALID,CURRENT,coolit-synthetic-v2.0.0,ALL_SYNTHETIC_CUSTOMERS,ALL_SYNTHETIC_PROGRAMS,ALL_SYNTHETIC_PRODUCTS,SYNTHETIC_INTERNAL,SNP-COOLIT-20260925-BL,SCN-BASELINE,RCAL-TEST-FUNC-01-2026-H75,TEST-FUNC-01,2026-H75,4200,4200,0,0,FUNCTIONAL_FLOW_CONTROLS_TEST,,HISTORICAL_ACTUAL
TEN-COOLIT-SYN-001,SITE-COOLIT-SYN-01,MES,RESOURCE_CALENDAR,RCAL-TEST-FUNC-01-2026-H76,RCAL-TEST-FUNC-01-2026-H76,RESOLVED,2026-09-25T23:59:59-06:00,2026-09-26T08:00:00-06:00,2026-06-29T00:00:00-06:00,,1,,false,ACTUAL,,,VALID,CURRENT,coolit-synthetic-v2.0.0,ALL_SYNTHETIC_CUSTOMERS,ALL_SYNTHETIC_PROGRAMS,ALL_SYNTHETIC_PRODUCTS,SYNTHETIC_INTERNAL,SNP-COOLIT-20260925-BL,SCN-BASELINE,RCAL-TEST-FUNC-01-2026-H76,TEST-FUNC-01,2026-H76,4200,4200,0,0,FUNCTIONAL_FLOW_CONTROLS_TEST,,HISTORICAL_ACTUAL
TEN-COOLIT-SYN-001,SITE-COOLIT-SYN-01,MES,RESOURCE_CALENDAR,RCAL-TEST-FUNC-01-2026-H77,RCAL-TEST-FUNC-01-2026-H77,RESOLVED,2026-09-25T23:59:59-06:00,2026-09-26T08:00:00-06:00,2026-06-29T00:00:00-06:00,,1,,false,ACTUAL,,,VALID,CURRENT,coolit-synthetic-v2.0.0,ALL_SYNTHETIC_CUSTOMERS,ALL_SYNTHETIC_PROGRAMS,ALL_SYNTHETIC_PRODUCTS,SYNTHETIC_INTERNAL,SNP-COOLIT-20260925-BL,SCN-BASELINE,RCAL-TEST-FUNC-01-2026-H77,TEST-FUNC-01,2026-H77,4200,4200,0,0,FUNCTIONAL_FLOW_CONTROLS_TEST,,HISTORICAL_ACTUAL
TEN-COOLIT-SYN-001,SITE-COOLIT-SYN-01,MES,RESOURCE_CALENDAR,RCAL-TEST-FUNC-01-2026-H78,RCAL-TEST-FUNC-01-2026-H78,RESOLVED,2026-09-25T23:59:59-06:00,2026-09-26T08:00:00-06:00,2026-06-29T00:00:00-06:00,,1,,false,ACTUAL,,,VALID,CURRENT,coolit-synthetic-v2.0.0,ALL_SYNTHETIC_CUSTOMERS,ALL_SYNTHETIC_PROGRAMS,ALL_SYNTHETIC_PRODUCTS,SYNTHETIC_INTERNAL,SNP-COOLIT-20260925-BL,SCN-BASELINE,RCAL-TEST-FUNC-01-2026-H78,TEST-FUNC-01,2026-H78,4200,4200,0,0,FUNCTIONAL_FLOW_CONTROLS_TEST,,HISTORICAL_ACTUAL
TEN-COOLIT-SYN-001,SITE-COOLIT-SYN-01,MES,RESOURCE_CALENDAR,RCAL-TEST-FUNC-01-2026-H79,RCAL-TEST-FUNC-01-2026-H79,RESOLVED,2026-09-25T23:59:59-06:00,2026-09-26T08:00:00-06:00,2026-06-29T00:00:00-06:00,,1,,false,ACTUAL,,,VALID,CURRENT,coolit-synthetic-v2.0.0,ALL_SYNTHETIC_CUSTOMERS,ALL_SYNTHETIC_PROGRAMS,ALL_SYNTHETIC_PRODUCTS,SYNTHETIC_INTERNAL,SNP-COOLIT-20260925-BL,SCN-BASELINE,RCAL-TEST-FUNC-01-2026-H79,TEST-FUNC-01,2026-H79,4200,4200,0,0,FUNCTIONAL_FLOW_CONTROLS_TEST,,HISTORICAL_ACTUAL
TEN-COOLIT-SYN-001,SITE-COOLIT-SYN-01,MES,RESOURCE_CALENDAR,RCAL-TEST-FUNC-01-2026-H80,RCAL-TEST-FUNC-01-2026-H80,RESOLVED,2026-09-25T23:59:59-06:00,2026-09-26T08:00:00-06:00,2026-06-29T00:00:00-06:00,,1,,false,ACTUAL,,,VALID,CURRENT,coolit-synthetic-v2.0.0,ALL_SYNTHETIC_CUSTOMERS,ALL_SYNTHETIC_PROGRAMS,ALL_SYNTHETIC_PRODUCTS,SYNTHETIC_INTERNAL,SNP-COOLIT-20260925-BL,SCN-BASELINE,RCAL-TEST-FUNC-01-2026-H80,TEST-FUNC-01,2026-H80,4200,4200,0,0,FUNCTIONAL_FLOW_CONTROLS_TEST,,HISTORICAL_ACTUAL
TEN-COOLIT-SYN-001,SITE-COOLIT-SYN-01,MES,RESOURCE_CALENDAR,RCAL-TEST-FUNC-01-2026-H81,RCAL-TEST-FUNC-01-2026-H81,RESOLVED,2026-09-25T23:59:59-06:00,2026-09-26T08:00:00-06:00,2026-06-29T00:00:00-06:00,,1,,false,ACTUAL,,,VALID,CURRENT,coolit-synthetic-v2.0.0,ALL_SYNTHETIC_CUSTOMERS,ALL_SYNTHETIC_PROGRAMS,ALL_SYNTHETIC_PRODUCTS,SYNTHETIC_INTERNAL,SNP-COOLIT-20260925-BL,SCN-BASELINE,RCAL-TEST-FUNC-01-2026-H81,TEST-FUNC-01,2026-H81,4200,4200,0,240,FUNCTIONAL_FLOW_CONTROLS_TEST,PLANNED_MAINTENANCE,HISTORICAL_ACTUAL
TEN-COOLIT-SYN-001,SITE-COOLIT-SYN-01,MES,RESOURCE_CALENDAR,RCAL-TEST-FUNC-01-2026-H82,RCAL-TEST-FUNC-01-2026-H82,RESOLVED,2026-09-25T23:59:59-06:00,2026-09-26T08:00:00-06:00,2026-06-29T00:00:00-06:00,,1,,false,ACTUAL,,,VALID,CURRENT,coolit-synthetic-v2.0.0,ALL_SYNTHETIC_CUSTOMERS,ALL_SYNTHETIC_PROGRAMS,ALL_SYNTHETIC_PRODUCTS,SYNTHETIC_INTERNAL,SNP-COOLIT-20260925-BL,SCN-BASELINE,RCAL-TEST-FUNC-01-2026-H82,TEST-FUNC-01,2026-H82,4200,4200,0,0,FUNCTIONAL_FLOW_CONTROLS_TEST,,HISTORICAL_ACTUAL
TEN-COOLIT-SYN-001,SITE-COOLIT-SYN-01,MES,RESOURCE_CALENDAR,RCAL-TEST-FUNC-01-2026-H83,RCAL-TEST-FUNC-01-2026-H83,RESOLVED,2026-09-25T23:59:59-06:00,2026-09-26T08:00:00-06:00,2026-06-29T00:00:00-06:00,,1,,false,ACTUAL,,,VALID,CURRENT,coolit-synthetic-v2.0.0,ALL_SYNTHETIC_CUSTOMERS,ALL_SYNTHETIC_PROGRAMS,ALL_SYNTHETIC_PRODUCTS,SYNTHETIC_INTERNAL,SNP-COOLIT-20260925-BL,SCN-BASELINE,RCAL-TEST-FUNC-01-2026-H83,TEST-FUNC-01,2026-H83,4200,4200,0,0,FUNCTIONAL_FLOW_CONTROLS_TEST,,HISTORICAL_ACTUAL
TEN-COOLIT-SYN-001,SITE-COOLIT-SYN-01,MES,RESOURCE_CALENDAR,RCAL-TEST-FUNC-01-2026-H84,RCAL-TEST-FUNC-01-2026-H84,RESOLVED,2026-09-25T23:59:59-06:00,2026-09-26T08:00:00-06:00,2026-06-29T00:00:00-06:00,,1,,false,ACTUAL,,,VALID,CURRENT,coolit-synthetic-v2.0.0,ALL_SYNTHETIC_CUSTOMERS,ALL_SYNTHETIC_PROGRAMS,ALL_SYNTHETIC_PRODUCTS,SYNTHETIC_INTERNAL,SNP-COOLIT-20260925-BL,SCN-BASELINE,RCAL-TEST-FUNC-01-2026-H84,TEST-FUNC-01,2026-H84,4200,4200,0,0,FUNCTIONAL_FLOW_CONTROLS_TEST,,HISTORICAL_ACTUAL
TEN-COOLIT-SYN-001,SITE-COOLIT-SYN-01,MES,RESOURCE_CALENDAR,RCAL-TEST-FUNC-01-2026-H85,RCAL-TEST-FUNC-01-2026-H85,RESOLVED,2026-09-25T23:59:59-06:00,2026-09-26T08:00:00-06:00,2026-06-29T00:00:00-06:00,,1,,false,ACTUAL,,,VALID,CURRENT,coolit-synthetic-v2.0.0,ALL_SYNTHETIC_CUSTOMERS,ALL_SYNTHETIC_PROGRAMS,ALL_SYNTHETIC_PRODUCTS,SYNTHETIC_INTERNAL,SNP-COOLIT-20260925-BL,SCN-BASELINE,RCAL-TEST-FUNC-01-2026-H85,TEST-FUNC-01,2026-H85,4200,4200,0,0,FUNCTIONAL_FLOW_CONTROLS_TEST,,HISTORICAL_ACTUAL
TEN-COOLIT-SYN-001,SITE-COOLIT-SYN-01,MES,RESOURCE_CALENDAR,RCAL-TEST-FUNC-01-2026-H86,RCAL-TEST-FUNC-01-2026-H86,RESOLVED,2026-09-25T23:59:59-06:00,2026-09-26T08:00:00-06:00,2026-06-29T00:00:00-06:00,,1,,false,ACTUAL,,,VALID,CURRENT,coolit-synthetic-v2.0.0,ALL_SYNTHETIC_CUSTOMERS,ALL_SYNTHETIC_PROGRAMS,ALL_SYNTHETIC_PRODUCTS,SYNTHETIC_INTERNAL,SNP-COOLIT-20260925-BL,SCN-BASELINE,RCAL-TEST-FUNC-01-2026-H86,TEST-FUNC-01,2026-H86,4200,4200,0,0,FUNCTIONAL_FLOW_CONTROLS_TEST,,HISTORICAL_ACTUAL
TEN-COOLIT-SYN-001,SITE-COOLIT-SYN-01,MES,RESOURCE_CALENDAR,RCAL-TEST-FUNC-01-2026-H87,RCAL-TEST-FUNC-01-2026-H87,RESOLVED,2026-09-25T23:59:59-06:00,2026-09-26T08:00:00-06:00,2026-06-29T00:00:00-06:00,,1,,false,ACTUAL,,,VALID,CURRENT,coolit-synthetic-v2.0.0,ALL_SYNTHETIC_CUSTOMERS,ALL_SYNTHETIC_PROGRAMS,ALL_SYNTHETIC_PRODUCTS,SYNTHETIC_INTERNAL,SNP-COOLIT-20260925-BL,SCN-BASELINE,RCAL-TEST-FUNC-01-2026-H87,TEST-FUNC-01,2026-H87,4200,4200,0,0,FUNCTIONAL_FLOW_CONTROLS_TEST,,HISTORICAL_ACTUAL
TEN-COOLIT-SYN-001,SITE-COOLIT-SYN-01,MES,RESOURCE_CALENDAR,RCAL-TEST-FUNC-01-2026-H88,RCAL-TEST-FUNC-01-2026-H88,RESOLVED,2026-09-25T23:59:59-06:00,2026-09-26T08:00:00-06:00,2026-06-29T00:00:00-06:00,,1,,false,ACTUAL,,,VALID,CURRENT,coolit-synthetic-v2.0.0,ALL_SYNTHETIC_CUSTOMERS,ALL_SYNTHETIC_PROGRAMS,ALL_SYNTHETIC_PRODUCTS,SYNTHETIC_INTERNAL,SNP-COOLIT-20260925-BL,SCN-BASELINE,RCAL-TEST-FUNC-01-2026-H88,TEST-FUNC-01,2026-H88,4200,4200,0,0,FUNCTIONAL_FLOW_CONTROLS_TEST,,HISTORICAL_ACTUAL
TEN-COOLIT-SYN-001,SITE-COOLIT-SYN-01,MES,RESOURCE_CALENDAR,RCAL-TEST-FUNC-01-2026-H89,RCAL-TEST-FUNC-01-2026-H89,RESOLVED,2026-09-25T23:59:59-06:00,2026-09-26T08:00:00-06:00,2026-06-29T00:00:00-06:00,,1,,false,ACTUAL,,,VALID,CURRENT,coolit-synthetic-v2.0.0,ALL_SYNTHETIC_CUSTOMERS,ALL_SYNTHETIC_PROGRAMS,ALL_SYNTHETIC_PRODUCTS,SYNTHETIC_INTERNAL,SNP-COOLIT-20260925-BL,SCN-BASELINE,RCAL-TEST-FUNC-01-2026-H89,TEST-FUNC-01,2026-H89,4200,4200,0,240,FUNCTIONAL_FLOW_CONTROLS_TEST,PLANNED_MAINTENANCE,HISTORICAL_ACTUAL
TEN-COOLIT-SYN-001,SITE-COOLIT-SYN-01,MES,RESOURCE_CALENDAR,RCAL-TEST-FUNC-01-2026-H90,RCAL-TEST-FUNC-01-2026-H90,RESOLVED,2026-09-25T23:59:59-06:00,2026-09-26T08:00:00-06:00,2026-06-29T00:00:00-06:00,,1,,false,ACTUAL,,,VALID,CURRENT,coolit-synthetic-v2.0.0,ALL_SYNTHETIC_CUSTOMERS,ALL_SYNTHETIC_PROGRAMS,ALL_SYNTHETIC_PRODUCTS,SYNTHETIC_INTERNAL,SNP-COOLIT-20260925-BL,SCN-BASELINE,RCAL-TEST-FUNC-01-2026-H90,TEST-FUNC-01,2026-H90,4200,4200,0,0,FUNCTIONAL_FLOW_CONTROLS_TEST,,HISTORICAL_ACTUAL
TEN-COOLIT-SYN-001,SITE-COOLIT-SYN-01,MES,RESOURCE_CALENDAR,RCAL-TEST-FUNC-01-2026-H91,RCAL-TEST-FUNC-01-2026-H91,RESOLVED,2026-09-25T23:59:59-06:00,2026-09-26T08:00:00-06:00,2026-06-29T00:00:00-06:00,,1,,false,ACTUAL,,,VALID,CURRENT,coolit-synthetic-v2.0.0,ALL_SYNTHETIC_CUSTOMERS,ALL_SYNTHETIC_PROGRAMS,ALL_SYNTHETIC_PRODUCTS,SYNTHETIC_INTERNAL,SNP-COOLIT-20260925-BL,SCN-BASELINE,RCAL-TEST-FUNC-01-2026-H91,TEST-FUNC-01,2026-H91,4200,4200,0,0,FUNCTIONAL_FLOW_CONTROLS_TEST,,HISTORICAL_ACTUAL
TEN-COOLIT-SYN-001,SITE-COOLIT-SYN-01,MES,RESOURCE_CALENDAR,RCAL-TEST-FUNC-01-2026-H92,RCAL-TEST-FUNC-01-2026-H92,RESOLVED,2026-09-25T23:59:59-06:00,2026-09-26T08:00:00-06:00,2026-06-29T00:00:00-06:00,,1,,false,ACTUAL,,,VALID,CURRENT,coolit-synthetic-v2.0.0,ALL_SYNTHETIC_CUSTOMERS,ALL_SYNTHETIC_PROGRAMS,ALL_SYNTHETIC_PRODUCTS,SYNTHETIC_INTERNAL,SNP-COOLIT-20260925-BL,SCN-BASELINE,RCAL-TEST-FUNC-01-2026-H92,TEST-FUNC-01,2026-H92,4200,4200,0,0,FUNCTIONAL_FLOW_CONTROLS_TEST,,HISTORICAL_ACTUAL
TEN-COOLIT-SYN-001,SITE-COOLIT-SYN-01,MES,RESOURCE_CALENDAR,RCAL-TEST-FUNC-01-2026-H93,RCAL-TEST-FUNC-01-2026-H93,RESOLVED,2026-09-25T23:59:59-06:00,2026-09-26T08:00:00-06:00,2026-06-29T00:00:00-06:00,,1,,false,ACTUAL,,,VALID,CURRENT,coolit-synthetic-v2.0.0,ALL_SYNTHETIC_CUSTOMERS,ALL_SYNTHETIC_PROGRAMS,ALL_SYNTHETIC_PRODUCTS,SYNTHETIC_INTERNAL,SNP-COOLIT-20260925-BL,SCN-BASELINE,RCAL-TEST-FUNC-01-2026-H93,TEST-FUNC-01,2026-H93,4200,4200,0,0,FUNCTIONAL_FLOW_CONTROLS_TEST,,HISTORICAL_ACTUAL
TEN-COOLIT-SYN-001,SITE-COOLIT-SYN-01,MES,RESOURCE_CALENDAR,RCAL-TEST-FUNC-01-2026-H94,RCAL-TEST-FUNC-01-2026-H94,RESOLVED,2026-09-25T23:59:59-06:00,2026-09-26T08:00:00-06:00,2026-06-29T00:00:00-06:00,,1,,false,ACTUAL,,,VALID,CURRENT,coolit-synthetic-v2.0.0,ALL_SYNTHETIC_CUSTOMERS,ALL_SYNTHETIC_PROGRAMS,ALL_SYNTHETIC_PRODUCTS,SYNTHETIC_INTERNAL,SNP-COOLIT-20260925-BL,SCN-BASELINE,RCAL-TEST-FUNC-01-2026-H94,TEST-FUNC-01,2026-H94,4200,4200,0,0,FUNCTIONAL_FLOW_CONTROLS_TEST,,HISTORICAL_ACTUAL
TEN-COOLIT-SYN-001,SITE-COOLIT-SYN-01,MES,RESOURCE_CALENDAR,RCAL-TEST-FUNC-01-2026-H95,RCAL-TEST-FUNC-01-2026-H95,RESOLVED,2026-09-25T23:59:59-06:00,2026-09-26T08:00:00-06:00,2026-06-29T00:00:00-06:00,,1,,false,ACTUAL,,,VALID,CURRENT,coolit-synthetic-v2.0.0,ALL_SYNTHETIC_CUSTOMERS,ALL_SYNTHETIC_PROGRAMS,ALL_SYNTHETIC_PRODUCTS,SYNTHETIC_INTERNAL,SNP-COOLIT-20260925-BL,SCN-BASELINE,RCAL-TEST-FUNC-01-2026-H95,TEST-FUNC-01,2026-H95,4200,4200,0,0,FUNCTIONAL_FLOW_CONTROLS_TEST,,HISTORICAL_ACTUAL
TEN-COOLIT-SYN-001,SITE-COOLIT-SYN-01,MES,RESOURCE_CALENDAR,RCAL-TEST-FUNC-01-2026-H96,RCAL-TEST-FUNC-01-2026-H96,RESOLVED,2026-09-25T23:59:59-06:00,2026-09-26T08:00:00-06:00,2026-06-29T00:00:00-06:00,,1,,false,ACTUAL,,,VALID,CURRENT,coolit-synthetic-v2.0.0,ALL_SYNTHETIC_CUSTOMERS,ALL_SYNTHETIC_PROGRAMS,ALL_SYNTHETIC_PRODUCTS,SYNTHETIC_INTERNAL,SNP-COOLIT-20260925-BL,SCN-BASELINE,RCAL-TEST-FUNC-01-2026-H96,TEST-FUNC-01,2026-H96,4200,4200,0,0,FUNCTIONAL_FLOW_CONTROLS_TEST,,HISTORICAL_ACTUAL
TEN-COOLIT-SYN-001,SITE-COOLIT-SYN-01,MES,RESOURCE_CALENDAR,RCAL-TEST-FUNC-01-2026-H97,RCAL-TEST-FUNC-01-2026-H97,RESOLVED,2026-09-25T23:59:59-06:00,2026-09-26T08:00:00-06:00,2026-06-29T00:00:00-06:00,,1,,false,ACTUAL,,,VALID,CURRENT,coolit-synthetic-v2.0.0,ALL_SYNTHETIC_CUSTOMERS,ALL_SYNTHETIC_PROGRAMS,ALL_SYNTHETIC_PRODUCTS,SYNTHETIC_INTERNAL,SNP-COOLIT-20260925-BL,SCN-BASELINE,RCAL-TEST-FUNC-01-2026-H97,TEST-FUNC-01,2026-H97,4200,4200,0,240,FUNCTIONAL_FLOW_CONTROLS_TEST,PLANNED_MAINTENANCE,HISTORICAL_ACTUAL
TEN-COOLIT-SYN-001,SITE-COOLIT-SYN-01,MES,RESOURCE_CALENDAR,RCAL-TEST-FUNC-01-2026-H98,RCAL-TEST-FUNC-01-2026-H98,RESOLVED,2026-09-25T23:59:59-06:00,2026-09-26T08:00:00-06:00,2026-06-29T00:00:00-06:00,,1,,false,ACTUAL,,,VALID,CURRENT,coolit-synthetic-v2.0.0,ALL_SYNTHETIC_CUSTOMERS,ALL_SYNTHETIC_PROGRAMS,ALL_SYNTHETIC_PRODUCTS,SYNTHETIC_INTERNAL,SNP-COOLIT-20260925-BL,SCN-BASELINE,RCAL-TEST-FUNC-01-2026-H98,TEST-FUNC-01,2026-H98,4200,4200,0,0,FUNCTIONAL_FLOW_CONTROLS_TEST,,HISTORICAL_ACTUAL
TEN-COOLIT-SYN-001,SITE-COOLIT-SYN-01,MES,RESOURCE_CALENDAR,RCAL-TEST-FUNC-01-2026-H99,RCAL-TEST-FUNC-01-2026-H99,RESOLVED,2026-09-25T23:59:59-06:00,2026-09-26T08:00:00-06:00,2026-06-29T00:00:00-06:00,,1,,false,ACTUAL,,,VALID,CURRENT,coolit-synthetic-v2.0.0,ALL_SYNTHETIC_CUSTOMERS,ALL_SYNTHETIC_PROGRAMS,ALL_SYNTHETIC_PRODUCTS,SYNTHETIC_INTERNAL,SNP-COOLIT-20260925-BL,SCN-BASELINE,RCAL-TEST-FUNC-01-2026-H99,TEST-FUNC-01,2026-H99,4200,4200,0,0,FUNCTIONAL_FLOW_CONTROLS_TEST,,HISTORICAL_ACTUAL
TEN-COOLIT-SYN-001,SITE-COOLIT-SYN-01,MES,RESOURCE_CALENDAR,RCAL-TEST-FUNC-01-2026-H100,RCAL-TEST-FUNC-01-2026-H100,RESOLVED,2026-09-25T23:59:59-06:00,2026-09-26T08:00:00-06:00,2026-06-29T00:00:00-06:00,,1,,false,ACTUAL,,,VALID,CURRENT,coolit-synthetic-v2.0.0,ALL_SYNTHETIC_CUSTOMERS,ALL_SYNTHETIC_PROGRAMS,ALL_SYNTHETIC_PRODUCTS,SYNTHETIC_INTERNAL,SNP-COOLIT-20260925-BL,SCN-BASELINE,RCAL-TEST-FUNC-01-2026-H100,TEST-FUNC-01,2026-H100,4200,4200,0,0,FUNCTIONAL_FLOW_CONTROLS_TEST,,HISTORICAL_ACTUAL
TEN-COOLIT-SYN-001,SITE-COOLIT-SYN-01,MES,RESOURCE_CALENDAR,RCAL-TEST-FUNC-01-2026-H101,RCAL-TEST-FUNC-01-2026-H101,RESOLVED,2026-09-25T23:59:59-06:00,2026-09-26T08:00:00-06:00,2026-06-29T00:00:00-06:00,,1,,false,ACTUAL,,,VALID,CURRENT,coolit-synthetic-v2.0.0,ALL_SYNTHETIC_CUSTOMERS,ALL_SYNTHETIC_PROGRAMS,ALL_SYNTHETIC_PRODUCTS,SYNTHETIC_INTERNAL,SNP-COOLIT-20260925-BL,SCN-BASELINE,RCAL-TEST-FUNC-01-2026-H101,TEST-FUNC-01,2026-H101,4200,4200,0,0,FUNCTIONAL_FLOW_CONTROLS_TEST,,HISTORICAL_ACTUAL
TEN-COOLIT-SYN-001,SITE-COOLIT-SYN-01,MES,RESOURCE_CALENDAR,RCAL-TEST-FUNC-01-2026-H102,RCAL-TEST-FUNC-01-2026-H102,RESOLVED,2026-09-25T23:59:59-06:00,2026-09-26T08:00:00-06:00,2026-06-29T00:00:00-06:00,,1,,false,ACTUAL,,,VALID,CURRENT,coolit-synthetic-v2.0.0,ALL_SYNTHETIC_CUSTOMERS,ALL_SYNTHETIC_PROGRAMS,ALL_SYNTHETIC_PRODUCTS,SYNTHETIC_INTERNAL,SNP-COOLIT-20260925-BL,SCN-BASELINE,RCAL-TEST-FUNC-01-2026-H102,TEST-FUNC-01,2026-H102,4200,4200,0,0,FUNCTIONAL_FLOW_CONTROLS_TEST,,HISTORICAL_ACTUAL
TEN-COOLIT-SYN-001,SITE-COOLIT-SYN-01,MES,RESOURCE_CALENDAR,RCAL-TEST-FUNC-01-2026-H103,RCAL-TEST-FUNC-01-2026-H103,RESOLVED,2026-09-25T23:59:59-06:00,2026-09-26T08:00:00-06:00,2026-06-29T00:00:00-06:00,,1,,false,ACTUAL,,,VALID,CURRENT,coolit-synthetic-v2.0.0,ALL_SYNTHETIC_CUSTOMERS,ALL_SYNTHETIC_PROGRAMS,ALL_SYNTHETIC_PRODUCTS,SYNTHETIC_INTERNAL,SNP-COOLIT-20260925-BL,SCN-BASELINE,RCAL-TEST-FUNC-01-2026-H103,TEST-FUNC-01,2026-H103,4200,4200,0,0,FUNCTIONAL_FLOW_CONTROLS_TEST,,HISTORICAL_ACTUAL
TEN-COOLIT-SYN-001,SITE-COOLIT-SYN-01,MES,RESOURCE_CALENDAR,RCAL-TEST-FUNC-01-2026-H104,RCAL-TEST-FUNC-01-2026-H104,RESOLVED,2026-09-25T23:59:59-06:00,2026-09-26T08:00:00-06:00,2026-06-29T00:00:00-06:00,,1,,false,ACTUAL,,,VALID,CURRENT,coolit-synthetic-v2.0.0,ALL_SYNTHETIC_CUSTOMERS,ALL_SYNTHETIC_PROGRAMS,ALL_SYNTHETIC_PRODUCTS,SYNTHETIC_INTERNAL,SNP-COOLIT-20260925-BL,SCN-BASELINE,RCAL-TEST-FUNC-01-2026-H104,TEST-FUNC-01,2026-H104,4200,4200,0,0,FUNCTIONAL_FLOW_CONTROLS_TEST,,HISTORICAL_ACTUAL
TEN-COOLIT-SYN-001,SITE-COOLIT-SYN-01,MES,RESOURCE_CALENDAR,RCAL-TEST-FUNC-01-2026-P01,RCAL-TEST-FUNC-01-2026-P01,RESOLVED,2026-09-25T23:59:59-06:00,2026-09-26T08:00:00-06:00,2026-06-29T00:00:00-06:00,,1,,false,PLAN,,,VALID,CURRENT,coolit-synthetic-v2.0.0,ALL_SYNTHETIC_CUSTOMERS,ALL_SYNTHETIC_PROGRAMS,ALL_SYNTHETIC_PRODUCTS,SYNTHETIC_INTERNAL,SNP-COOLIT-20260925-BL,SCN-BASELINE,RCAL-TEST-FUNC-01-2026-P01,TEST-FUNC-01,2026-P01,4200,4200,300,240,FUNCTIONAL_FLOW_CONTROLS_TEST,PLANNED_MAINTENANCE,PLANNING_FUTURE
TEN-COOLIT-SYN-001,SITE-COOLIT-SYN-01,MES,RESOURCE_CALENDAR,RCAL-TEST-FUNC-01-2026-P02,RCAL-TEST-FUNC-01-2026-P02,RESOLVED,2026-09-25T23:59:59-06:00,2026-09-26T08:00:00-06:00,2026-06-29T00:00:00-06:00,,1,,false,PLAN,,,VALID,CURRENT,coolit-synthetic-v2.0.0,ALL_SYNTHETIC_CUSTOMERS,ALL_SYNTHETIC_PROGRAMS,ALL_SYNTHETIC_PRODUCTS,SYNTHETIC_INTERNAL,SNP-COOLIT-20260925-BL,SCN-BASELINE,RCAL-TEST-FUNC-01-2026-P02,TEST-FUNC-01,2026-P02,4200,4200,300,0,FUNCTIONAL_FLOW_CONTROLS_TEST,,PLANNING_FUTURE
TEN-COOLIT-SYN-001,SITE-COOLIT-SYN-01,MES,RESOURCE_CALENDAR,RCAL-TEST-FUNC-01-2026-P03,RCAL-TEST-FUNC-01-2026-P03,RESOLVED,2026-09-25T23:59:59-06:00,2026-09-26T08:00:00-06:00,2026-06-29T00:00:00-06:00,,1,,false,PLAN,,,VALID,CURRENT,coolit-synthetic-v2.0.0,ALL_SYNTHETIC_CUSTOMERS,ALL_SYNTHETIC_PROGRAMS,ALL_SYNTHETIC_PRODUCTS,SYNTHETIC_INTERNAL,SNP-COOLIT-20260925-BL,SCN-BASELINE,RCAL-TEST-FUNC-01-2026-P03,TEST-FUNC-01,2026-P03,4200,4200,300,0,FUNCTIONAL_FLOW_CONTROLS_TEST,,PLANNING_FUTURE
TEN-COOLIT-SYN-001,SITE-COOLIT-SYN-01,MES,RESOURCE_CALENDAR,RCAL-TEST-FUNC-01-2026-P04,RCAL-TEST-FUNC-01-2026-P04,RESOLVED,2026-09-25T23:59:59-06:00,2026-09-26T08:00:00-06:00,2026-06-29T00:00:00-06:00,,1,,false,PLAN,,,VALID,CURRENT,coolit-synthetic-v2.0.0,ALL_SYNTHETIC_CUSTOMERS,ALL_SYNTHETIC_PROGRAMS,ALL_SYNTHETIC_PRODUCTS,SYNTHETIC_INTERNAL,SNP-COOLIT-20260925-BL,SCN-BASELINE,RCAL-TEST-FUNC-01-2026-P04,TEST-FUNC-01,2026-P04,4200,4200,300,0,FUNCTIONAL_FLOW_CONTROLS_TEST,,PLANNING_FUTURE
TEN-COOLIT-SYN-001,SITE-COOLIT-SYN-01,MES,RESOURCE_CALENDAR,RCAL-TEST-FUNC-01-2026-P05,RCAL-TEST-FUNC-01-2026-P05,RESOLVED,2026-09-25T23:59:59-06:00,2026-09-26T08:00:00-06:00,2026-06-29T00:00:00-06:00,,1,,false,PLAN,,,VALID,CURRENT,coolit-synthetic-v2.0.0,ALL_SYNTHETIC_CUSTOMERS,ALL_SYNTHETIC_PROGRAMS,ALL_SYNTHETIC_PRODUCTS,SYNTHETIC_INTERNAL,SNP-COOLIT-20260925-BL,SCN-BASELINE,RCAL-TEST-FUNC-01-2026-P05,TEST-FUNC-01,2026-P05,4200,4200,300,0,FUNCTIONAL_FLOW_CONTROLS_TEST,,PLANNING_FUTURE
TEN-COOLIT-SYN-001,SITE-COOLIT-SYN-01,MES,RESOURCE_CALENDAR,RCAL-TEST-FUNC-01-2026-P06,RCAL-TEST-FUNC-01-2026-P06,RESOLVED,2026-09-25T23:59:59-06:00,2026-09-26T08:00:00-06:00,2026-06-29T00:00:00-06:00,,1,,false,PLAN,,,VALID,CURRENT,coolit-synthetic-v2.0.0,ALL_SYNTHETIC_CUSTOMERS,ALL_SYNTHETIC_PROGRAMS,ALL_SYNTHETIC_PRODUCTS,SYNTHETIC_INTERNAL,SNP-COOLIT-20260925-BL,SCN-BASELINE,RCAL-TEST-FUNC-01-2026-P06,TEST-FUNC-01,2026-P06,4200,4200,300,0,FUNCTIONAL_FLOW_CONTROLS_TEST,,PLANNING_FUTURE
TEN-COOLIT-SYN-001,SITE-COOLIT-SYN-01,MES,RESOURCE_CALENDAR,RCAL-TEST-FUNC-01-2026-P07,RCAL-TEST-FUNC-01-2026-P07,RESOLVED,2026-09-25T23:59:59-06:00,2026-09-26T08:00:00-06:00,2026-06-29T00:00:00-06:00,,1,,false,PLAN,,,VALID,CURRENT,coolit-synthetic-v2.0.0,ALL_SYNTHETIC_CUSTOMERS,ALL_SYNTHETIC_PROGRAMS,ALL_SYNTHETIC_PRODUCTS,SYNTHETIC_INTERNAL,SNP-COOLIT-20260925-BL,SCN-BASELINE,RCAL-TEST-FUNC-01-2026-P07,TEST-FUNC-01,2026-P07,4200,4200,300,0,FUNCTIONAL_FLOW_CONTROLS_TEST,,PLANNING_FUTURE
TEN-COOLIT-SYN-001,SITE-COOLIT-SYN-01,MES,RESOURCE_CALENDAR,RCAL-TEST-FUNC-01-2026-P08,RCAL-TEST-FUNC-01-2026-P08,RESOLVED,2026-09-25T23:59:59-06:00,2026-09-26T08:00:00-06:00,2026-06-29T00:00:00-06:00,,1,,false,PLAN,,,VALID,CURRENT,coolit-synthetic-v2.0.0,ALL_SYNTHETIC_CUSTOMERS,ALL_SYNTHETIC_PROGRAMS,ALL_SYNTHETIC_PRODUCTS,SYNTHETIC_INTERNAL,SNP-COOLIT-20260925-BL,SCN-BASELINE,RCAL-TEST-FUNC-01-2026-P08,TEST-FUNC-01,2026-P08,4200,4200,300,0,FUNCTIONAL_FLOW_CONTROLS_TEST,,PLANNING_FUTURE
TEN-COOLIT-SYN-001,SITE-COOLIT-SYN-01,MES,RESOURCE_CALENDAR,RCAL-TEST-FUNC-01-2026-P09,RCAL-TEST-FUNC-01-2026-P09,RESOLVED,2026-09-25T23:59:59-06:00,2026-09-26T08:00:00-06:00,2026-06-29T00:00:00-06:00,,1,,false,PLAN,,,VALID,CURRENT,coolit-synthetic-v2.0.0,ALL_SYNTHETIC_CUSTOMERS,ALL_SYNTHETIC_PROGRAMS,ALL_SYNTHETIC_PRODUCTS,SYNTHETIC_INTERNAL,SNP-COOLIT-20260925-BL,SCN-BASELINE,RCAL-TEST-FUNC-01-2026-P09,TEST-FUNC-01,2026-P09,4200,4200,300,240,FUNCTIONAL_FLOW_CONTROLS_TEST,PLANNED_MAINTENANCE,PLANNING_FUTURE
TEN-COOLIT-SYN-001,SITE-COOLIT-SYN-01,MES,RESOURCE_CALENDAR,RCAL-TEST-FUNC-01-2026-P10,RCAL-TEST-FUNC-01-2026-P10,RESOLVED,2026-09-25T23:59:59-06:00,2026-09-26T08:00:00-06:00,2026-06-29T00:00:00-06:00,,1,,false,PLAN,,,VALID,CURRENT,coolit-synthetic-v2.0.0,ALL_SYNTHETIC_CUSTOMERS,ALL_SYNTHETIC_PROGRAMS,ALL_SYNTHETIC_PRODUCTS,SYNTHETIC_INTERNAL,SNP-COOLIT-20260925-BL,SCN-BASELINE,RCAL-TEST-FUNC-01-2026-P10,TEST-FUNC-01,2026-P10,4200,4200,300,0,FUNCTIONAL_FLOW_CONTROLS_TEST,,PLANNING_FUTURE
TEN-COOLIT-SYN-001,SITE-COOLIT-SYN-01,MES,RESOURCE_CALENDAR,RCAL-TEST-FUNC-01-2026-P11,RCAL-TEST-FUNC-01-2026-P11,RESOLVED,2026-09-25T23:59:59-06:00,2026-09-26T08:00:00-06:00,2026-06-29T00:00:00-06:00,,1,,false,PLAN,,,VALID,CURRENT,coolit-synthetic-v2.0.0,ALL_SYNTHETIC_CUSTOMERS,ALL_SYNTHETIC_PROGRAMS,ALL_SYNTHETIC_PRODUCTS,SYNTHETIC_INTERNAL,SNP-COOLIT-20260925-BL,SCN-BASELINE,RCAL-TEST-FUNC-01-2026-P11,TEST-FUNC-01,2026-P11,4200,4200,300,0,FUNCTIONAL_FLOW_CONTROLS_TEST,,PLANNING_FUTURE
TEN-COOLIT-SYN-001,SITE-COOLIT-SYN-01,MES,RESOURCE_CALENDAR,RCAL-TEST-FUNC-01-2026-P12,RCAL-TEST-FUNC-01-2026-P12,RESOLVED,2026-09-25T23:59:59-06:00,2026-09-26T08:00:00-06:00,2026-06-29T00:00:00-06:00,,1,,false,PLAN,,,VALID,CURRENT,coolit-synthetic-v2.0.0,ALL_SYNTHETIC_CUSTOMERS,ALL_SYNTHETIC_PROGRAMS,ALL_SYNTHETIC_PRODUCTS,SYNTHETIC_INTERNAL,SNP-COOLIT-20260925-BL,SCN-BASELINE,RCAL-TEST-FUNC-01-2026-P12,TEST-FUNC-01,2026-P12,4200,4200,300,0,FUNCTIONAL_FLOW_CONTROLS_TEST,,PLANNING_FUTURE
TEN-COOLIT-SYN-001,SITE-COOLIT-SYN-01,MES,RESOURCE_CALENDAR,RCAL-TEST-FUNC-01-2026-P13,RCAL-TEST-FUNC-01-2026-P13,RESOLVED,2026-09-25T23:59:59-06:00,2026-09-26T08:00:00-06:00,2026-06-29T00:00:00-06:00,,1,,false,PLAN,,,VALID,CURRENT,coolit-synthetic-v2.0.0,ALL_SYNTHETIC_CUSTOMERS,ALL_SYNTHETIC_PROGRAMS,ALL_SYNTHETIC_PRODUCTS,SYNTHETIC_INTERNAL,SNP-COOLIT-20260925-BL,SCN-BASELINE,RCAL-TEST-FUNC-01-2026-P13,TEST-FUNC-01,2026-P13,4200,4200,300,0,FUNCTIONAL_FLOW_CONTROLS_TEST,,PLANNING_FUTURE
TEN-COOLIT-SYN-001,SITE-COOLIT-SYN-01,MES,RESOURCE_CALENDAR,RCAL-TEST-FUNC-01-2026-P14,RCAL-TEST-FUNC-01-2026-P14,RESOLVED,2026-09-25T23:59:59-06:00,2026-09-26T08:00:00-06:00,2026-06-29T00:00:00-06:00,,1,,false,PLAN,,,VALID,CURRENT,coolit-synthetic-v2.0.0,ALL_SYNTHETIC_CUSTOMERS,ALL_SYNTHETIC_PROGRAMS,ALL_SYNTHETIC_PRODUCTS,SYNTHETIC_INTERNAL,SNP-COOLIT-20260925-BL,SCN-BASELINE,RCAL-TEST-FUNC-01-2026-P14,TEST-FUNC-01,2026-P14,4200,4200,300,0,FUNCTIONAL_FLOW_CONTROLS_TEST,,PLANNING_FUTURE
TEN-COOLIT-SYN-001,SITE-COOLIT-SYN-01,MES,RESOURCE_CALENDAR,RCAL-TEST-FUNC-01-2026-P15,RCAL-TEST-FUNC-01-2026-P15,RESOLVED,2026-09-25T23:59:59-06:00,2026-09-26T08:00:00-06:00,2026-06-29T00:00:00-06:00,,1,,false,PLAN,,,VALID,CURRENT,coolit-synthetic-v2.0.0,ALL_SYNTHETIC_CUSTOMERS,ALL_SYNTHETIC_PROGRAMS,ALL_SYNTHETIC_PRODUCTS,SYNTHETIC_INTERNAL,SNP-COOLIT-20260925-BL,SCN-BASELINE,RCAL-TEST-FUNC-01-2026-P15,TEST-FUNC-01,2026-P15,4200,4200,300,0,FUNCTIONAL_FLOW_CONTROLS_TEST,,PLANNING_FUTURE
TEN-COOLIT-SYN-001,SITE-COOLIT-SYN-01,MES,RESOURCE_CALENDAR,RCAL-TEST-FUNC-01-2026-P16,RCAL-TEST-FUNC-01-2026-P16,RESOLVED,2026-09-25T23:59:59-06:00,2026-09-26T08:00:00-06:00,2026-06-29T00:00:00-06:00,,1,,false,PLAN,,,VALID,CURRENT,coolit-synthetic-v2.0.0,ALL_SYNTHETIC_CUSTOMERS,ALL_SYNTHETIC_PROGRAMS,ALL_SYNTHETIC_PRODUCTS,SYNTHETIC_INTERNAL,SNP-COOLIT-20260925-BL,SCN-BASELINE,RCAL-TEST-FUNC-01-2026-P16,TEST-FUNC-01,2026-P16,4200,4200,300,0,FUNCTIONAL_FLOW_CONTROLS_TEST,,PLANNING_FUTURE
TEN-COOLIT-SYN-001,SITE-COOLIT-SYN-01,MES,RESOURCE_CALENDAR,RCAL-TEST-FUNC-01-2026-P17,RCAL-TEST-FUNC-01-2026-P17,RESOLVED,2026-09-25T23:59:59-06:00,2026-09-26T08:00:00-06:00,2026-06-29T00:00:00-06:00,,1,,false,PLAN,,,VALID,CURRENT,coolit-synthetic-v2.0.0,ALL_SYNTHETIC_CUSTOMERS,ALL_SYNTHETIC_PROGRAMS,ALL_SYNTHETIC_PRODUCTS,SYNTHETIC_INTERNAL,SNP-COOLIT-20260925-BL,SCN-BASELINE,RCAL-TEST-FUNC-01-2026-P17,TEST-FUNC-01,2026-P17,4200,4200,300,240,FUNCTIONAL_FLOW_CONTROLS_TEST,PLANNED_MAINTENANCE,PLANNING_FUTURE
TEN-COOLIT-SYN-001,SITE-COOLIT-SYN-01,MES,RESOURCE_CALENDAR,RCAL-TEST-FUNC-01-2026-P18,RCAL-TEST-FUNC-01-2026-P18,RESOLVED,2026-09-25T23:59:59-06:00,2026-09-26T08:00:00-06:00,2026-06-29T00:00:00-06:00,,1,,false,PLAN,,,VALID,CURRENT,coolit-synthetic-v2.0.0,ALL_SYNTHETIC_CUSTOMERS,ALL_SYNTHETIC_PROGRAMS,ALL_SYNTHETIC_PRODUCTS,SYNTHETIC_INTERNAL,SNP-COOLIT-20260925-BL,SCN-BASELINE,RCAL-TEST-FUNC-01-2026-P18,TEST-FUNC-01,2026-P18,4200,4200,300,0,FUNCTIONAL_FLOW_CONTROLS_TEST,,PLANNING_FUTURE
TEN-COOLIT-SYN-001,SITE-COOLIT-SYN-01,MES,RESOURCE_CALENDAR,RCAL-TEST-FUNC-01-2026-P19,RCAL-TEST-FUNC-01-2026-P19,RESOLVED,2026-09-25T23:59:59-06:00,2026-09-26T08:00:00-06:00,2026-06-29T00:00:00-06:00,,1,,false,PLAN,,,VALID,CURRENT,coolit-synthetic-v2.0.0,ALL_SYNTHETIC_CUSTOMERS,ALL_SYNTHETIC_PROGRAMS,ALL_SYNTHETIC_PRODUCTS,SYNTHETIC_INTERNAL,SNP-COOLIT-20260925-BL,SCN-BASELINE,RCAL-TEST-FUNC-01-2026-P19,TEST-FUNC-01,2026-P19,4200,4200,300,0,FUNCTIONAL_FLOW_CONTROLS_TEST,,PLANNING_FUTURE
TEN-COOLIT-SYN-001,SITE-COOLIT-SYN-01,MES,RESOURCE_CALENDAR,RCAL-TEST-FUNC-01-2026-P20,RCAL-TEST-FUNC-01-2026-P20,RESOLVED,2026-09-25T23:59:59-06:00,2026-09-26T08:00:00-06:00,2026-06-29T00:00:00-06:00,,1,,false,PLAN,,,VALID,CURRENT,coolit-synthetic-v2.0.0,ALL_SYNTHETIC_CUSTOMERS,ALL_SYNTHETIC_PROGRAMS,ALL_SYNTHETIC_PRODUCTS,SYNTHETIC_INTERNAL,SNP-COOLIT-20260925-BL,SCN-BASELINE,RCAL-TEST-FUNC-01-2026-P20,TEST-FUNC-01,2026-P20,4200,4200,300,0,FUNCTIONAL_FLOW_CONTROLS_TEST,,PLANNING_FUTURE
TEN-COOLIT-SYN-001,SITE-COOLIT-SYN-01,MES,RESOURCE_CALENDAR,RCAL-TEST-FUNC-01-2026-P21,RCAL-TEST-FUNC-01-2026-P21,RESOLVED,2026-09-25T23:59:59-06:00,2026-09-26T08:00:00-06:00,2026-06-29T00:00:00-06:00,,1,,false,PLAN,,,VALID,CURRENT,coolit-synthetic-v2.0.0,ALL_SYNTHETIC_CUSTOMERS,ALL_SYNTHETIC_PROGRAMS,ALL_SYNTHETIC_PRODUCTS,SYNTHETIC_INTERNAL,SNP-COOLIT-20260925-BL,SCN-BASELINE,RCAL-TEST-FUNC-01-2026-P21,TEST-FUNC-01,2026-P21,4200,4200,300,0,FUNCTIONAL_FLOW_CONTROLS_TEST,,PLANNING_FUTURE
TEN-COOLIT-SYN-001,SITE-COOLIT-SYN-01,MES,RESOURCE_CALENDAR,RCAL-TEST-FUNC-01-2026-P22,RCAL-TEST-FUNC-01-2026-P22,RESOLVED,2026-09-25T23:59:59-06:00,2026-09-26T08:00:00-06:00,2026-06-29T00:00:00-06:00,,1,,false,PLAN,,,VALID,CURRENT,coolit-synthetic-v2.0.0,ALL_SYNTHETIC_CUSTOMERS,ALL_SYNTHETIC_PROGRAMS,ALL_SYNTHETIC_PRODUCTS,SYNTHETIC_INTERNAL,SNP-COOLIT-20260925-BL,SCN-BASELINE,RCAL-TEST-FUNC-01-2026-P22,TEST-FUNC-01,2026-P22,4200,4200,300,0,FUNCTIONAL_FLOW_CONTROLS_TEST,,PLANNING_FUTURE
TEN-COOLIT-SYN-001,SITE-COOLIT-SYN-01,MES,RESOURCE_CALENDAR,RCAL-TEST-FUNC-01-2026-P23,RCAL-TEST-FUNC-01-2026-P23,RESOLVED,2026-09-25T23:59:59-06:00,2026-09-26T08:00:00-06:00,2026-06-29T00:00:00-06:00,,1,,false,PLAN,,,VALID,CURRENT,coolit-synthetic-v2.0.0,ALL_SYNTHETIC_CUSTOMERS,ALL_SYNTHETIC_PROGRAMS,ALL_SYNTHETIC_PRODUCTS,SYNTHETIC_INTERNAL,SNP-COOLIT-20260925-BL,SCN-BASELINE,RCAL-TEST-FUNC-01-2026-P23,TEST-FUNC-01,2026-P23,4200,4200,300,0,FUNCTIONAL_FLOW_CONTROLS_TEST,,PLANNING_FUTURE
TEN-COOLIT-SYN-001,SITE-COOLIT-SYN-01,MES,RESOURCE_CALENDAR,RCAL-TEST-FUNC-01-2026-P24,RCAL-TEST-FUNC-01-2026-P24,RESOLVED,2026-09-25T23:59:59-06:00,2026-09-26T08:00:00-06:00,2026-06-29T00:00:00-06:00,,1,,false,PLAN,,,VALID,CURRENT,coolit-synthetic-v2.0.0,ALL_SYNTHETIC_CUSTOMERS,ALL_SYNTHETIC_PROGRAMS,ALL_SYNTHETIC_PRODUCTS,SYNTHETIC_INTERNAL,SNP-COOLIT-20260925-BL,SCN-BASELINE,RCAL-TEST-FUNC-01-2026-P24,TEST-FUNC-01,2026-P24,4200,4200,300,0,FUNCTIONAL_FLOW_CONTROLS_TEST,,PLANNING_FUTURE
TEN-COOLIT-SYN-001,SITE-COOLIT-SYN-01,MES,RESOURCE_CALENDAR,RCAL-TEST-FUNC-01-2026-P25,RCAL-TEST-FUNC-01-2026-P25,RESOLVED,2026-09-25T23:59:59-06:00,2026-09-26T08:00:00-06:00,2026-06-29T00:00:00-06:00,,1,,false,PLAN,,,VALID,CURRENT,coolit-synthetic-v2.0.0,ALL_SYNTHETIC_CUSTOMERS,ALL_SYNTHETIC_PROGRAMS,ALL_SYNTHETIC_PRODUCTS,SYNTHETIC_INTERNAL,SNP-COOLIT-20260925-BL,SCN-BASELINE,RCAL-TEST-FUNC-01-2026-P25,TEST-FUNC-01,2026-P25,4200,4200,300,240,FUNCTIONAL_FLOW_CONTROLS_TEST,PLANNED_MAINTENANCE,PLANNING_FUTURE
TEN-COOLIT-SYN-001,SITE-COOLIT-SYN-01,MES,RESOURCE_CALENDAR,RCAL-TEST-FUNC-01-2026-P26,RCAL-TEST-FUNC-01-2026-P26,RESOLVED,2026-09-25T23:59:59-06:00,2026-09-26T08:00:00-06:00,2026-06-29T00:00:00-06:00,,1,,false,PLAN,,,VALID,CURRENT,coolit-synthetic-v2.0.0,ALL_SYNTHETIC_CUSTOMERS,ALL_SYNTHETIC_PROGRAMS,ALL_SYNTHETIC_PRODUCTS,SYNTHETIC_INTERNAL,SNP-COOLIT-20260925-BL,SCN-BASELINE,RCAL-TEST-FUNC-01-2026-P26,TEST-FUNC-01,2026-P26,4200,4200,300,0,FUNCTIONAL_FLOW_CONTROLS_TEST,,PLANNING_FUTURE
