tenant_id,site_id,source_system,source_object,source_record_id,canonical_id,crosswalk_status,source_event_at,ingested_at,effective_from,effective_to,record_version,supersedes_source_record_id,is_deleted,semantic_status,uom,currency,data_quality_state,freshness_state,transformation_version,customer_scope,program_scope,product_scope,sensitivity_class,snapshot_id,scenario_id,seller_forecast_id,calendar_week_id,seller_role_id,territory_id,product_family,horizon_weeks,submitted_quantity,actual_converted_quantity,bias_quantity,absolute_error_quantity,forecast_category,confidence_pct,submission_state
TEN-COOLIT-SYN-001,SITE-COOLIT-SYN-01,CRM,SELLER_FORECAST,SFC-001-1,SFC-001-1,RESOLVED,2024-10-04T17:00:00-06:00,2026-09-26T08:00:00-06:00,2026-06-29T00:00:00-06:00,,1,,false,ACTIVE,EA,,VALID,CURRENT,coolit-synthetic-v2.0.0,ALL_SYNTHETIC_CUSTOMERS,ALL_SYNTHETIC_PROGRAMS,COLDPLATE_LOOP,SYNTHETIC_INTERNAL,SNP-COOLIT-20260925-BL,SCN-BASELINE,SFC-001-1,2026-H01,SELLER-ROLE-1,TERR-1,COLDPLATE_LOOP,4,45,33,12,12,COMMIT,0.7,CLOSED_PERIOD
TEN-COOLIT-SYN-001,SITE-COOLIT-SYN-01,CRM,SELLER_FORECAST,SFC-001-2,SFC-001-2,RESOLVED,2024-10-04T17:00:00-06:00,2026-09-26T08:00:00-06:00,2026-06-29T00:00:00-06:00,,1,,false,ACTIVE,EA,,VALID,CURRENT,coolit-synthetic-v2.0.0,ALL_SYNTHETIC_CUSTOMERS,ALL_SYNTHETIC_PROGRAMS,RACK_MANIFOLD,SYNTHETIC_INTERNAL,SNP-COOLIT-20260925-BL,SCN-BASELINE,SFC-001-2,2026-H01,SELLER-ROLE-2,TERR-2,RACK_MANIFOLD,8,58,49,9,9,BEST_CASE,0.71,CLOSED_PERIOD
TEN-COOLIT-SYN-001,SITE-COOLIT-SYN-01,CRM,SELLER_FORECAST,SFC-001-3,SFC-001-3,RESOLVED,2024-10-04T17:00:00-06:00,2026-09-26T08:00:00-06:00,2026-06-29T00:00:00-06:00,,1,,false,ACTIVE,EA,,VALID,CURRENT,coolit-synthetic-v2.0.0,ALL_SYNTHETIC_CUSTOMERS,ALL_SYNTHETIC_PROGRAMS,COOLANT_DISTRIBUTION_UNIT,SYNTHETIC_INTERNAL,SNP-COOLIT-20260925-BL,SCN-BASELINE,SFC-001-3,2026-H01,SELLER-ROLE-3,TERR-3,COOLANT_DISTRIBUTION_UNIT,13,71,65,6,6,PIPELINE,0.72,CLOSED_PERIOD
TEN-COOLIT-SYN-001,SITE-COOLIT-SYN-01,CRM,SELLER_FORECAST,SFC-002-1,SFC-002-1,RESOLVED,2024-10-11T17:00:00-06:00,2026-09-26T08:00:00-06:00,2026-06-29T00:00:00-06:00,,1,,false,ACTIVE,EA,,VALID,CURRENT,coolit-synthetic-v2.0.0,ALL_SYNTHETIC_CUSTOMERS,ALL_SYNTHETIC_PROGRAMS,COLDPLATE_LOOP,SYNTHETIC_INTERNAL,SNP-COOLIT-20260925-BL,SCN-BASELINE,SFC-002-1,2026-H02,SELLER-ROLE-1,TERR-1,COLDPLATE_LOOP,4,50,41,9,9,COMMIT,0.71,CLOSED_PERIOD
TEN-COOLIT-SYN-001,SITE-COOLIT-SYN-01,CRM,SELLER_FORECAST,SFC-002-2,SFC-002-2,RESOLVED,2024-10-11T17:00:00-06:00,2026-09-26T08:00:00-06:00,2026-06-29T00:00:00-06:00,,1,,false,ACTIVE,EA,,VALID,CURRENT,coolit-synthetic-v2.0.0,ALL_SYNTHETIC_CUSTOMERS,ALL_SYNTHETIC_PROGRAMS,RACK_MANIFOLD,SYNTHETIC_INTERNAL,SNP-COOLIT-20260925-BL,SCN-BASELINE,SFC-002-2,2026-H02,SELLER-ROLE-2,TERR-2,RACK_MANIFOLD,8,63,57,6,6,BEST_CASE,0.72,CLOSED_PERIOD
TEN-COOLIT-SYN-001,SITE-COOLIT-SYN-01,CRM,SELLER_FORECAST,SFC-002-3,SFC-002-3,RESOLVED,2024-10-11T17:00:00-06:00,2026-09-26T08:00:00-06:00,2026-06-29T00:00:00-06:00,,1,,false,ACTIVE,EA,,VALID,CURRENT,coolit-synthetic-v2.0.0,ALL_SYNTHETIC_CUSTOMERS,ALL_SYNTHETIC_PROGRAMS,COOLANT_DISTRIBUTION_UNIT,SYNTHETIC_INTERNAL,SNP-COOLIT-20260925-BL,SCN-BASELINE,SFC-002-3,2026-H02,SELLER-ROLE-3,TERR-3,COOLANT_DISTRIBUTION_UNIT,13,76,73,3,3,PIPELINE,0.73,CLOSED_PERIOD
TEN-COOLIT-SYN-001,SITE-COOLIT-SYN-01,CRM,SELLER_FORECAST,SFC-003-1,SFC-003-1,RESOLVED,2024-10-18T17:00:00-06:00,2026-09-26T08:00:00-06:00,2026-06-29T00:00:00-06:00,,1,,false,ACTIVE,EA,,VALID,CURRENT,coolit-synthetic-v2.0.0,ALL_SYNTHETIC_CUSTOMERS,ALL_SYNTHETIC_PROGRAMS,COLDPLATE_LOOP,SYNTHETIC_INTERNAL,SNP-COOLIT-20260925-BL,SCN-BASELINE,SFC-003-1,2026-H03,SELLER-ROLE-1,TERR-1,COLDPLATE_LOOP,4,55,49,6,6,COMMIT,0.72,CLOSED_PERIOD
TEN-COOLIT-SYN-001,SITE-COOLIT-SYN-01,CRM,SELLER_FORECAST,SFC-003-2,SFC-003-2,RESOLVED,2024-10-18T17:00:00-06:00,2026-09-26T08:00:00-06:00,2026-06-29T00:00:00-06:00,,1,,false,ACTIVE,EA,,VALID,CURRENT,coolit-synthetic-v2.0.0,ALL_SYNTHETIC_CUSTOMERS,ALL_SYNTHETIC_PROGRAMS,RACK_MANIFOLD,SYNTHETIC_INTERNAL,SNP-COOLIT-20260925-BL,SCN-BASELINE,SFC-003-2,2026-H03,SELLER-ROLE-2,TERR-2,RACK_MANIFOLD,8,68,65,3,3,BEST_CASE,0.73,CLOSED_PERIOD
TEN-COOLIT-SYN-001,SITE-COOLIT-SYN-01,CRM,SELLER_FORECAST,SFC-003-3,SFC-003-3,RESOLVED,2024-10-18T17:00:00-06:00,2026-09-26T08:00:00-06:00,2026-06-29T00:00:00-06:00,,1,,false,ACTIVE,EA,,VALID,CURRENT,coolit-synthetic-v2.0.0,ALL_SYNTHETIC_CUSTOMERS,ALL_SYNTHETIC_PROGRAMS,COOLANT_DISTRIBUTION_UNIT,SYNTHETIC_INTERNAL,SNP-COOLIT-20260925-BL,SCN-BASELINE,SFC-003-3,2026-H03,SELLER-ROLE-3,TERR-3,COOLANT_DISTRIBUTION_UNIT,13,81,81,0,0,PIPELINE,0.74,CLOSED_PERIOD
TEN-COOLIT-SYN-001,SITE-COOLIT-SYN-01,CRM,SELLER_FORECAST,SFC-004-1,SFC-004-1,RESOLVED,2024-10-25T17:00:00-06:00,2026-09-26T08:00:00-06:00,2026-06-29T00:00:00-06:00,,1,,false,ACTIVE,EA,,VALID,CURRENT,coolit-synthetic-v2.0.0,ALL_SYNTHETIC_CUSTOMERS,ALL_SYNTHETIC_PROGRAMS,COLDPLATE_LOOP,SYNTHETIC_INTERNAL,SNP-COOLIT-20260925-BL,SCN-BASELINE,SFC-004-1,2026-H04,SELLER-ROLE-1,TERR-1,COLDPLATE_LOOP,4,60,57,3,3,COMMIT,0.73,CLOSED_PERIOD
TEN-COOLIT-SYN-001,SITE-COOLIT-SYN-01,CRM,SELLER_FORECAST,SFC-004-2,SFC-004-2,RESOLVED,2024-10-25T17:00:00-06:00,2026-09-26T08:00:00-06:00,2026-06-29T00:00:00-06:00,,1,,false,ACTIVE,EA,,VALID,CURRENT,coolit-synthetic-v2.0.0,ALL_SYNTHETIC_CUSTOMERS,ALL_SYNTHETIC_PROGRAMS,RACK_MANIFOLD,SYNTHETIC_INTERNAL,SNP-COOLIT-20260925-BL,SCN-BASELINE,SFC-004-2,2026-H04,SELLER-ROLE-2,TERR-2,RACK_MANIFOLD,8,73,73,0,0,BEST_CASE,0.74,CLOSED_PERIOD
TEN-COOLIT-SYN-001,SITE-COOLIT-SYN-01,CRM,SELLER_FORECAST,SFC-004-3,SFC-004-3,RESOLVED,2024-10-25T17:00:00-06:00,2026-09-26T08:00:00-06:00,2026-06-29T00:00:00-06:00,,1,,false,ACTIVE,EA,,VALID,CURRENT,coolit-synthetic-v2.0.0,ALL_SYNTHETIC_CUSTOMERS,ALL_SYNTHETIC_PROGRAMS,COOLANT_DISTRIBUTION_UNIT,SYNTHETIC_INTERNAL,SNP-COOLIT-20260925-BL,SCN-BASELINE,SFC-004-3,2026-H04,SELLER-ROLE-3,TERR-3,COOLANT_DISTRIBUTION_UNIT,13,86,89,-3,3,PIPELINE,0.75,CLOSED_PERIOD
TEN-COOLIT-SYN-001,SITE-COOLIT-SYN-01,CRM,SELLER_FORECAST,SFC-005-1,SFC-005-1,RESOLVED,2024-11-01T17:00:00-06:00,2026-09-26T08:00:00-06:00,2026-06-29T00:00:00-06:00,,1,,false,ACTIVE,EA,,VALID,CURRENT,coolit-synthetic-v2.0.0,ALL_SYNTHETIC_CUSTOMERS,ALL_SYNTHETIC_PROGRAMS,COLDPLATE_LOOP,SYNTHETIC_INTERNAL,SNP-COOLIT-20260925-BL,SCN-BASELINE,SFC-005-1,2026-H05,SELLER-ROLE-1,TERR-1,COLDPLATE_LOOP,4,65,65,0,0,COMMIT,0.74,CLOSED_PERIOD
TEN-COOLIT-SYN-001,SITE-COOLIT-SYN-01,CRM,SELLER_FORECAST,SFC-005-2,SFC-005-2,RESOLVED,2024-11-01T17:00:00-06:00,2026-09-26T08:00:00-06:00,2026-06-29T00:00:00-06:00,,1,,false,ACTIVE,EA,,VALID,CURRENT,coolit-synthetic-v2.0.0,ALL_SYNTHETIC_CUSTOMERS,ALL_SYNTHETIC_PROGRAMS,RACK_MANIFOLD,SYNTHETIC_INTERNAL,SNP-COOLIT-20260925-BL,SCN-BASELINE,SFC-005-2,2026-H05,SELLER-ROLE-2,TERR-2,RACK_MANIFOLD,8,78,81,-3,3,BEST_CASE,0.75,CLOSED_PERIOD
TEN-COOLIT-SYN-001,SITE-COOLIT-SYN-01,CRM,SELLER_FORECAST,SFC-005-3,SFC-005-3,RESOLVED,2024-11-01T17:00:00-06:00,2026-09-26T08:00:00-06:00,2026-06-29T00:00:00-06:00,,1,,false,ACTIVE,EA,,VALID,CURRENT,coolit-synthetic-v2.0.0,ALL_SYNTHETIC_CUSTOMERS,ALL_SYNTHETIC_PROGRAMS,COOLANT_DISTRIBUTION_UNIT,SYNTHETIC_INTERNAL,SNP-COOLIT-20260925-BL,SCN-BASELINE,SFC-005-3,2026-H05,SELLER-ROLE-3,TERR-3,COOLANT_DISTRIBUTION_UNIT,13,91,97,-6,6,PIPELINE,0.76,CLOSED_PERIOD
TEN-COOLIT-SYN-001,SITE-COOLIT-SYN-01,CRM,SELLER_FORECAST,SFC-006-1,SFC-006-1,RESOLVED,2024-11-08T17:00:00-06:00,2026-09-26T08:00:00-06:00,2026-06-29T00:00:00-06:00,,1,,false,ACTIVE,EA,,VALID,CURRENT,coolit-synthetic-v2.0.0,ALL_SYNTHETIC_CUSTOMERS,ALL_SYNTHETIC_PROGRAMS,COLDPLATE_LOOP,SYNTHETIC_INTERNAL,SNP-COOLIT-20260925-BL,SCN-BASELINE,SFC-006-1,2026-H06,SELLER-ROLE-1,TERR-1,COLDPLATE_LOOP,4,70,73,-3,3,COMMIT,0.75,CLOSED_PERIOD
TEN-COOLIT-SYN-001,SITE-COOLIT-SYN-01,CRM,SELLER_FORECAST,SFC-006-2,SFC-006-2,RESOLVED,2024-11-08T17:00:00-06:00,2026-09-26T08:00:00-06:00,2026-06-29T00:00:00-06:00,,1,,false,ACTIVE,EA,,VALID,CURRENT,coolit-synthetic-v2.0.0,ALL_SYNTHETIC_CUSTOMERS,ALL_SYNTHETIC_PROGRAMS,RACK_MANIFOLD,SYNTHETIC_INTERNAL,SNP-COOLIT-20260925-BL,SCN-BASELINE,SFC-006-2,2026-H06,SELLER-ROLE-2,TERR-2,RACK_MANIFOLD,8,83,89,-6,6,BEST_CASE,0.76,CLOSED_PERIOD
TEN-COOLIT-SYN-001,SITE-COOLIT-SYN-01,CRM,SELLER_FORECAST,SFC-006-3,SFC-006-3,RESOLVED,2024-11-08T17:00:00-06:00,2026-09-26T08:00:00-06:00,2026-06-29T00:00:00-06:00,,1,,false,ACTIVE,EA,,VALID,CURRENT,coolit-synthetic-v2.0.0,ALL_SYNTHETIC_CUSTOMERS,ALL_SYNTHETIC_PROGRAMS,COOLANT_DISTRIBUTION_UNIT,SYNTHETIC_INTERNAL,SNP-COOLIT-20260925-BL,SCN-BASELINE,SFC-006-3,2026-H06,SELLER-ROLE-3,TERR-3,COOLANT_DISTRIBUTION_UNIT,13,96,105,-9,9,PIPELINE,0.77,CLOSED_PERIOD
TEN-COOLIT-SYN-001,SITE-COOLIT-SYN-01,CRM,SELLER_FORECAST,SFC-007-1,SFC-007-1,RESOLVED,2024-11-15T17:00:00-06:00,2026-09-26T08:00:00-06:00,2026-06-29T00:00:00-06:00,,1,,false,ACTIVE,EA,,VALID,CURRENT,coolit-synthetic-v2.0.0,ALL_SYNTHETIC_CUSTOMERS,ALL_SYNTHETIC_PROGRAMS,COLDPLATE_LOOP,SYNTHETIC_INTERNAL,SNP-COOLIT-20260925-BL,SCN-BASELINE,SFC-007-1,2026-H07,SELLER-ROLE-1,TERR-1,COLDPLATE_LOOP,4,75,81,-6,6,COMMIT,0.76,CLOSED_PERIOD
TEN-COOLIT-SYN-001,SITE-COOLIT-SYN-01,CRM,SELLER_FORECAST,SFC-007-2,SFC-007-2,RESOLVED,2024-11-15T17:00:00-06:00,2026-09-26T08:00:00-06:00,2026-06-29T00:00:00-06:00,,1,,false,ACTIVE,EA,,VALID,CURRENT,coolit-synthetic-v2.0.0,ALL_SYNTHETIC_CUSTOMERS,ALL_SYNTHETIC_PROGRAMS,RACK_MANIFOLD,SYNTHETIC_INTERNAL,SNP-COOLIT-20260925-BL,SCN-BASELINE,SFC-007-2,2026-H07,SELLER-ROLE-2,TERR-2,RACK_MANIFOLD,8,88,97,-9,9,BEST_CASE,0.77,CLOSED_PERIOD
TEN-COOLIT-SYN-001,SITE-COOLIT-SYN-01,CRM,SELLER_FORECAST,SFC-007-3,SFC-007-3,RESOLVED,2024-11-15T17:00:00-06:00,2026-09-26T08:00:00-06:00,2026-06-29T00:00:00-06:00,,1,,false,ACTIVE,EA,,VALID,CURRENT,coolit-synthetic-v2.0.0,ALL_SYNTHETIC_CUSTOMERS,ALL_SYNTHETIC_PROGRAMS,COOLANT_DISTRIBUTION_UNIT,SYNTHETIC_INTERNAL,SNP-COOLIT-20260925-BL,SCN-BASELINE,SFC-007-3,2026-H07,SELLER-ROLE-3,TERR-3,COOLANT_DISTRIBUTION_UNIT,13,101,113,-12,12,PIPELINE,0.78,CLOSED_PERIOD
TEN-COOLIT-SYN-001,SITE-COOLIT-SYN-01,CRM,SELLER_FORECAST,SFC-008-1,SFC-008-1,RESOLVED,2024-11-22T17:00:00-06:00,2026-09-26T08:00:00-06:00,2026-06-29T00:00:00-06:00,,1,,false,ACTIVE,EA,,VALID,CURRENT,coolit-synthetic-v2.0.0,ALL_SYNTHETIC_CUSTOMERS,ALL_SYNTHETIC_PROGRAMS,COLDPLATE_LOOP,SYNTHETIC_INTERNAL,SNP-COOLIT-20260925-BL,SCN-BASELINE,SFC-008-1,2026-H08,SELLER-ROLE-1,TERR-1,COLDPLATE_LOOP,4,80,89,-9,9,COMMIT,0.77,CLOSED_PERIOD
TEN-COOLIT-SYN-001,SITE-COOLIT-SYN-01,CRM,SELLER_FORECAST,SFC-008-2,SFC-008-2,RESOLVED,2024-11-22T17:00:00-06:00,2026-09-26T08:00:00-06:00,2026-06-29T00:00:00-06:00,,1,,false,ACTIVE,EA,,VALID,CURRENT,coolit-synthetic-v2.0.0,ALL_SYNTHETIC_CUSTOMERS,ALL_SYNTHETIC_PROGRAMS,RACK_MANIFOLD,SYNTHETIC_INTERNAL,SNP-COOLIT-20260925-BL,SCN-BASELINE,SFC-008-2,2026-H08,SELLER-ROLE-2,TERR-2,RACK_MANIFOLD,8,93,105,-12,12,BEST_CASE,0.78,CLOSED_PERIOD
TEN-COOLIT-SYN-001,SITE-COOLIT-SYN-01,CRM,SELLER_FORECAST,SFC-008-3,SFC-008-3,RESOLVED,2024-11-22T17:00:00-06:00,2026-09-26T08:00:00-06:00,2026-06-29T00:00:00-06:00,,1,,false,ACTIVE,EA,,VALID,CURRENT,coolit-synthetic-v2.0.0,ALL_SYNTHETIC_CUSTOMERS,ALL_SYNTHETIC_PROGRAMS,COOLANT_DISTRIBUTION_UNIT,SYNTHETIC_INTERNAL,SNP-COOLIT-20260925-BL,SCN-BASELINE,SFC-008-3,2026-H08,SELLER-ROLE-3,TERR-3,COOLANT_DISTRIBUTION_UNIT,13,106,94,12,12,PIPELINE,0.79,CLOSED_PERIOD
TEN-COOLIT-SYN-001,SITE-COOLIT-SYN-01,CRM,SELLER_FORECAST,SFC-009-1,SFC-009-1,RESOLVED,2024-11-29T17:00:00-06:00,2026-09-26T08:00:00-06:00,2026-06-29T00:00:00-06:00,,1,,false,ACTIVE,EA,,VALID,CURRENT,coolit-synthetic-v2.0.0,ALL_SYNTHETIC_CUSTOMERS,ALL_SYNTHETIC_PROGRAMS,COLDPLATE_LOOP,SYNTHETIC_INTERNAL,SNP-COOLIT-20260925-BL,SCN-BASELINE,SFC-009-1,2026-H09,SELLER-ROLE-1,TERR-1,COLDPLATE_LOOP,4,85,97,-12,12,COMMIT,0.78,CLOSED_PERIOD
TEN-COOLIT-SYN-001,SITE-COOLIT-SYN-01,CRM,SELLER_FORECAST,SFC-009-2,SFC-009-2,RESOLVED,2024-11-29T17:00:00-06:00,2026-09-26T08:00:00-06:00,2026-06-29T00:00:00-06:00,,1,,false,ACTIVE,EA,,VALID,CURRENT,coolit-synthetic-v2.0.0,ALL_SYNTHETIC_CUSTOMERS,ALL_SYNTHETIC_PROGRAMS,RACK_MANIFOLD,SYNTHETIC_INTERNAL,SNP-COOLIT-20260925-BL,SCN-BASELINE,SFC-009-2,2026-H09,SELLER-ROLE-2,TERR-2,RACK_MANIFOLD,8,98,86,12,12,BEST_CASE,0.79,CLOSED_PERIOD
TEN-COOLIT-SYN-001,SITE-COOLIT-SYN-01,CRM,SELLER_FORECAST,SFC-009-3,SFC-009-3,RESOLVED,2024-11-29T17:00:00-06:00,2026-09-26T08:00:00-06:00,2026-06-29T00:00:00-06:00,,1,,false,ACTIVE,EA,,VALID,CURRENT,coolit-synthetic-v2.0.0,ALL_SYNTHETIC_CUSTOMERS,ALL_SYNTHETIC_PROGRAMS,COOLANT_DISTRIBUTION_UNIT,SYNTHETIC_INTERNAL,SNP-COOLIT-20260925-BL,SCN-BASELINE,SFC-009-3,2026-H09,SELLER-ROLE-3,TERR-3,COOLANT_DISTRIBUTION_UNIT,13,111,102,9,9,PIPELINE,0.8,CLOSED_PERIOD
TEN-COOLIT-SYN-001,SITE-COOLIT-SYN-01,CRM,SELLER_FORECAST,SFC-010-1,SFC-010-1,RESOLVED,2024-12-06T17:00:00-06:00,2026-09-26T08:00:00-06:00,2026-06-29T00:00:00-06:00,,1,,false,ACTIVE,EA,,VALID,CURRENT,coolit-synthetic-v2.0.0,ALL_SYNTHETIC_CUSTOMERS,ALL_SYNTHETIC_PROGRAMS,COLDPLATE_LOOP,SYNTHETIC_INTERNAL,SNP-COOLIT-20260925-BL,SCN-BASELINE,SFC-010-1,2026-H10,SELLER-ROLE-1,TERR-1,COLDPLATE_LOOP,4,90,78,12,12,COMMIT,0.79,CLOSED_PERIOD
TEN-COOLIT-SYN-001,SITE-COOLIT-SYN-01,CRM,SELLER_FORECAST,SFC-010-2,SFC-010-2,RESOLVED,2024-12-06T17:00:00-06:00,2026-09-26T08:00:00-06:00,2026-06-29T00:00:00-06:00,,1,,false,ACTIVE,EA,,VALID,CURRENT,coolit-synthetic-v2.0.0,ALL_SYNTHETIC_CUSTOMERS,ALL_SYNTHETIC_PROGRAMS,RACK_MANIFOLD,SYNTHETIC_INTERNAL,SNP-COOLIT-20260925-BL,SCN-BASELINE,SFC-010-2,2026-H10,SELLER-ROLE-2,TERR-2,RACK_MANIFOLD,8,103,94,9,9,BEST_CASE,0.8,CLOSED_PERIOD
TEN-COOLIT-SYN-001,SITE-COOLIT-SYN-01,CRM,SELLER_FORECAST,SFC-010-3,SFC-010-3,RESOLVED,2024-12-06T17:00:00-06:00,2026-09-26T08:00:00-06:00,2026-06-29T00:00:00-06:00,,1,,false,ACTIVE,EA,,VALID,CURRENT,coolit-synthetic-v2.0.0,ALL_SYNTHETIC_CUSTOMERS,ALL_SYNTHETIC_PROGRAMS,COOLANT_DISTRIBUTION_UNIT,SYNTHETIC_INTERNAL,SNP-COOLIT-20260925-BL,SCN-BASELINE,SFC-010-3,2026-H10,SELLER-ROLE-3,TERR-3,COOLANT_DISTRIBUTION_UNIT,13,116,110,6,6,PIPELINE,0.81,CLOSED_PERIOD
TEN-COOLIT-SYN-001,SITE-COOLIT-SYN-01,CRM,SELLER_FORECAST,SFC-011-1,SFC-011-1,RESOLVED,2024-12-13T17:00:00-06:00,2026-09-26T08:00:00-06:00,2026-06-29T00:00:00-06:00,,1,,false,ACTIVE,EA,,VALID,CURRENT,coolit-synthetic-v2.0.0,ALL_SYNTHETIC_CUSTOMERS,ALL_SYNTHETIC_PROGRAMS,COLDPLATE_LOOP,SYNTHETIC_INTERNAL,SNP-COOLIT-20260925-BL,SCN-BASELINE,SFC-011-1,2026-H11,SELLER-ROLE-1,TERR-1,COLDPLATE_LOOP,4,95,86,9,9,COMMIT,0.8,CLOSED_PERIOD
TEN-COOLIT-SYN-001,SITE-COOLIT-SYN-01,CRM,SELLER_FORECAST,SFC-011-2,SFC-011-2,RESOLVED,2024-12-13T17:00:00-06:00,2026-09-26T08:00:00-06:00,2026-06-29T00:00:00-06:00,,1,,false,ACTIVE,EA,,VALID,CURRENT,coolit-synthetic-v2.0.0,ALL_SYNTHETIC_CUSTOMERS,ALL_SYNTHETIC_PROGRAMS,RACK_MANIFOLD,SYNTHETIC_INTERNAL,SNP-COOLIT-20260925-BL,SCN-BASELINE,SFC-011-2,2026-H11,SELLER-ROLE-2,TERR-2,RACK_MANIFOLD,8,108,102,6,6,BEST_CASE,0.81,CLOSED_PERIOD
TEN-COOLIT-SYN-001,SITE-COOLIT-SYN-01,CRM,SELLER_FORECAST,SFC-011-3,SFC-011-3,RESOLVED,2024-12-13T17:00:00-06:00,2026-09-26T08:00:00-06:00,2026-06-29T00:00:00-06:00,,1,,false,ACTIVE,EA,,VALID,CURRENT,coolit-synthetic-v2.0.0,ALL_SYNTHETIC_CUSTOMERS,ALL_SYNTHETIC_PROGRAMS,COOLANT_DISTRIBUTION_UNIT,SYNTHETIC_INTERNAL,SNP-COOLIT-20260925-BL,SCN-BASELINE,SFC-011-3,2026-H11,SELLER-ROLE-3,TERR-3,COOLANT_DISTRIBUTION_UNIT,13,121,118,3,3,PIPELINE,0.82,CLOSED_PERIOD
TEN-COOLIT-SYN-001,SITE-COOLIT-SYN-01,CRM,SELLER_FORECAST,SFC-012-1,SFC-012-1,RESOLVED,2024-12-20T17:00:00-06:00,2026-09-26T08:00:00-06:00,2026-06-29T00:00:00-06:00,,1,,false,ACTIVE,EA,,VALID,CURRENT,coolit-synthetic-v2.0.0,ALL_SYNTHETIC_CUSTOMERS,ALL_SYNTHETIC_PROGRAMS,COLDPLATE_LOOP,SYNTHETIC_INTERNAL,SNP-COOLIT-20260925-BL,SCN-BASELINE,SFC-012-1,2026-H12,SELLER-ROLE-1,TERR-1,COLDPLATE_LOOP,4,100,94,6,6,COMMIT,0.81,CLOSED_PERIOD
TEN-COOLIT-SYN-001,SITE-COOLIT-SYN-01,CRM,SELLER_FORECAST,SFC-012-2,SFC-012-2,RESOLVED,2024-12-20T17:00:00-06:00,2026-09-26T08:00:00-06:00,2026-06-29T00:00:00-06:00,,1,,false,ACTIVE,EA,,VALID,CURRENT,coolit-synthetic-v2.0.0,ALL_SYNTHETIC_CUSTOMERS,ALL_SYNTHETIC_PROGRAMS,RACK_MANIFOLD,SYNTHETIC_INTERNAL,SNP-COOLIT-20260925-BL,SCN-BASELINE,SFC-012-2,2026-H12,SELLER-ROLE-2,TERR-2,RACK_MANIFOLD,8,113,110,3,3,BEST_CASE,0.82,CLOSED_PERIOD
TEN-COOLIT-SYN-001,SITE-COOLIT-SYN-01,CRM,SELLER_FORECAST,SFC-012-3,SFC-012-3,RESOLVED,2024-12-20T17:00:00-06:00,2026-09-26T08:00:00-06:00,2026-06-29T00:00:00-06:00,,1,,false,ACTIVE,EA,,VALID,CURRENT,coolit-synthetic-v2.0.0,ALL_SYNTHETIC_CUSTOMERS,ALL_SYNTHETIC_PROGRAMS,COOLANT_DISTRIBUTION_UNIT,SYNTHETIC_INTERNAL,SNP-COOLIT-20260925-BL,SCN-BASELINE,SFC-012-3,2026-H12,SELLER-ROLE-3,TERR-3,COOLANT_DISTRIBUTION_UNIT,13,126,126,0,0,PIPELINE,0.83,CLOSED_PERIOD
TEN-COOLIT-SYN-001,SITE-COOLIT-SYN-01,CRM,SELLER_FORECAST,SFC-013-1,SFC-013-1,RESOLVED,2024-12-27T17:00:00-06:00,2026-09-26T08:00:00-06:00,2026-06-29T00:00:00-06:00,,1,,false,ACTIVE,EA,,VALID,CURRENT,coolit-synthetic-v2.0.0,ALL_SYNTHETIC_CUSTOMERS,ALL_SYNTHETIC_PROGRAMS,COLDPLATE_LOOP,SYNTHETIC_INTERNAL,SNP-COOLIT-20260925-BL,SCN-BASELINE,SFC-013-1,2026-H13,SELLER-ROLE-1,TERR-1,COLDPLATE_LOOP,4,105,102,3,3,COMMIT,0.82,CLOSED_PERIOD
TEN-COOLIT-SYN-001,SITE-COOLIT-SYN-01,CRM,SELLER_FORECAST,SFC-013-2,SFC-013-2,RESOLVED,2024-12-27T17:00:00-06:00,2026-09-26T08:00:00-06:00,2026-06-29T00:00:00-06:00,,1,,false,ACTIVE,EA,,VALID,CURRENT,coolit-synthetic-v2.0.0,ALL_SYNTHETIC_CUSTOMERS,ALL_SYNTHETIC_PROGRAMS,RACK_MANIFOLD,SYNTHETIC_INTERNAL,SNP-COOLIT-20260925-BL,SCN-BASELINE,SFC-013-2,2026-H13,SELLER-ROLE-2,TERR-2,RACK_MANIFOLD,8,118,118,0,0,BEST_CASE,0.83,CLOSED_PERIOD
TEN-COOLIT-SYN-001,SITE-COOLIT-SYN-01,CRM,SELLER_FORECAST,SFC-013-3,SFC-013-3,RESOLVED,2024-12-27T17:00:00-06:00,2026-09-26T08:00:00-06:00,2026-06-29T00:00:00-06:00,,1,,false,ACTIVE,EA,,VALID,CURRENT,coolit-synthetic-v2.0.0,ALL_SYNTHETIC_CUSTOMERS,ALL_SYNTHETIC_PROGRAMS,COOLANT_DISTRIBUTION_UNIT,SYNTHETIC_INTERNAL,SNP-COOLIT-20260925-BL,SCN-BASELINE,SFC-013-3,2026-H13,SELLER-ROLE-3,TERR-3,COOLANT_DISTRIBUTION_UNIT,13,131,134,-3,3,PIPELINE,0.84,CLOSED_PERIOD
TEN-COOLIT-SYN-001,SITE-COOLIT-SYN-01,CRM,SELLER_FORECAST,SFC-014-1,SFC-014-1,RESOLVED,2025-01-03T17:00:00-06:00,2026-09-26T08:00:00-06:00,2026-06-29T00:00:00-06:00,,1,,false,ACTIVE,EA,,VALID,CURRENT,coolit-synthetic-v2.0.0,ALL_SYNTHETIC_CUSTOMERS,ALL_SYNTHETIC_PROGRAMS,COLDPLATE_LOOP,SYNTHETIC_INTERNAL,SNP-COOLIT-20260925-BL,SCN-BASELINE,SFC-014-1,2026-H14,SELLER-ROLE-1,TERR-1,COLDPLATE_LOOP,4,110,110,0,0,COMMIT,0.83,CLOSED_PERIOD
TEN-COOLIT-SYN-001,SITE-COOLIT-SYN-01,CRM,SELLER_FORECAST,SFC-014-2,SFC-014-2,RESOLVED,2025-01-03T17:00:00-06:00,2026-09-26T08:00:00-06:00,2026-06-29T00:00:00-06:00,,1,,false,ACTIVE,EA,,VALID,CURRENT,coolit-synthetic-v2.0.0,ALL_SYNTHETIC_CUSTOMERS,ALL_SYNTHETIC_PROGRAMS,RACK_MANIFOLD,SYNTHETIC_INTERNAL,SNP-COOLIT-20260925-BL,SCN-BASELINE,SFC-014-2,2026-H14,SELLER-ROLE-2,TERR-2,RACK_MANIFOLD,8,123,126,-3,3,BEST_CASE,0.84,CLOSED_PERIOD
TEN-COOLIT-SYN-001,SITE-COOLIT-SYN-01,CRM,SELLER_FORECAST,SFC-014-3,SFC-014-3,RESOLVED,2025-01-03T17:00:00-06:00,2026-09-26T08:00:00-06:00,2026-06-29T00:00:00-06:00,,1,,false,ACTIVE,EA,,VALID,CURRENT,coolit-synthetic-v2.0.0,ALL_SYNTHETIC_CUSTOMERS,ALL_SYNTHETIC_PROGRAMS,COOLANT_DISTRIBUTION_UNIT,SYNTHETIC_INTERNAL,SNP-COOLIT-20260925-BL,SCN-BASELINE,SFC-014-3,2026-H14,SELLER-ROLE-3,TERR-3,COOLANT_DISTRIBUTION_UNIT,13,136,142,-6,6,PIPELINE,0.85,CLOSED_PERIOD
TEN-COOLIT-SYN-001,SITE-COOLIT-SYN-01,CRM,SELLER_FORECAST,SFC-015-1,SFC-015-1,RESOLVED,2025-01-10T17:00:00-06:00,2026-09-26T08:00:00-06:00,2026-06-29T00:00:00-06:00,,1,,false,ACTIVE,EA,,VALID,CURRENT,coolit-synthetic-v2.0.0,ALL_SYNTHETIC_CUSTOMERS,ALL_SYNTHETIC_PROGRAMS,COLDPLATE_LOOP,SYNTHETIC_INTERNAL,SNP-COOLIT-20260925-BL,SCN-BASELINE,SFC-015-1,2026-H15,SELLER-ROLE-1,TERR-1,COLDPLATE_LOOP,4,115,118,-3,3,COMMIT,0.84,CLOSED_PERIOD
TEN-COOLIT-SYN-001,SITE-COOLIT-SYN-01,CRM,SELLER_FORECAST,SFC-015-2,SFC-015-2,RESOLVED,2025-01-10T17:00:00-06:00,2026-09-26T08:00:00-06:00,2026-06-29T00:00:00-06:00,,1,,false,ACTIVE,EA,,VALID,CURRENT,coolit-synthetic-v2.0.0,ALL_SYNTHETIC_CUSTOMERS,ALL_SYNTHETIC_PROGRAMS,RACK_MANIFOLD,SYNTHETIC_INTERNAL,SNP-COOLIT-20260925-BL,SCN-BASELINE,SFC-015-2,2026-H15,SELLER-ROLE-2,TERR-2,RACK_MANIFOLD,8,128,134,-6,6,BEST_CASE,0.85,CLOSED_PERIOD
TEN-COOLIT-SYN-001,SITE-COOLIT-SYN-01,CRM,SELLER_FORECAST,SFC-015-3,SFC-015-3,RESOLVED,2025-01-10T17:00:00-06:00,2026-09-26T08:00:00-06:00,2026-06-29T00:00:00-06:00,,1,,false,ACTIVE,EA,,VALID,CURRENT,coolit-synthetic-v2.0.0,ALL_SYNTHETIC_CUSTOMERS,ALL_SYNTHETIC_PROGRAMS,COOLANT_DISTRIBUTION_UNIT,SYNTHETIC_INTERNAL,SNP-COOLIT-20260925-BL,SCN-BASELINE,SFC-015-3,2026-H15,SELLER-ROLE-3,TERR-3,COOLANT_DISTRIBUTION_UNIT,13,141,150,-9,9,PIPELINE,0.86,CLOSED_PERIOD
TEN-COOLIT-SYN-001,SITE-COOLIT-SYN-01,CRM,SELLER_FORECAST,SFC-016-1,SFC-016-1,RESOLVED,2025-01-17T17:00:00-06:00,2026-09-26T08:00:00-06:00,2026-06-29T00:00:00-06:00,,1,,false,ACTIVE,EA,,VALID,CURRENT,coolit-synthetic-v2.0.0,ALL_SYNTHETIC_CUSTOMERS,ALL_SYNTHETIC_PROGRAMS,COLDPLATE_LOOP,SYNTHETIC_INTERNAL,SNP-COOLIT-20260925-BL,SCN-BASELINE,SFC-016-1,2026-H16,SELLER-ROLE-1,TERR-1,COLDPLATE_LOOP,4,120,126,-6,6,COMMIT,0.85,CLOSED_PERIOD
TEN-COOLIT-SYN-001,SITE-COOLIT-SYN-01,CRM,SELLER_FORECAST,SFC-016-2,SFC-016-2,RESOLVED,2025-01-17T17:00:00-06:00,2026-09-26T08:00:00-06:00,2026-06-29T00:00:00-06:00,,1,,false,ACTIVE,EA,,VALID,CURRENT,coolit-synthetic-v2.0.0,ALL_SYNTHETIC_CUSTOMERS,ALL_SYNTHETIC_PROGRAMS,RACK_MANIFOLD,SYNTHETIC_INTERNAL,SNP-COOLIT-20260925-BL,SCN-BASELINE,SFC-016-2,2026-H16,SELLER-ROLE-2,TERR-2,RACK_MANIFOLD,8,133,142,-9,9,BEST_CASE,0.86,CLOSED_PERIOD
TEN-COOLIT-SYN-001,SITE-COOLIT-SYN-01,CRM,SELLER_FORECAST,SFC-016-3,SFC-016-3,RESOLVED,2025-01-17T17:00:00-06:00,2026-09-26T08:00:00-06:00,2026-06-29T00:00:00-06:00,,1,,false,ACTIVE,EA,,VALID,CURRENT,coolit-synthetic-v2.0.0,ALL_SYNTHETIC_CUSTOMERS,ALL_SYNTHETIC_PROGRAMS,COOLANT_DISTRIBUTION_UNIT,SYNTHETIC_INTERNAL,SNP-COOLIT-20260925-BL,SCN-BASELINE,SFC-016-3,2026-H16,SELLER-ROLE-3,TERR-3,COOLANT_DISTRIBUTION_UNIT,13,146,158,-12,12,PIPELINE,0.87,CLOSED_PERIOD
TEN-COOLIT-SYN-001,SITE-COOLIT-SYN-01,CRM,SELLER_FORECAST,SFC-017-1,SFC-017-1,RESOLVED,2025-01-24T17:00:00-06:00,2026-09-26T08:00:00-06:00,2026-06-29T00:00:00-06:00,,1,,false,ACTIVE,EA,,VALID,CURRENT,coolit-synthetic-v2.0.0,ALL_SYNTHETIC_CUSTOMERS,ALL_SYNTHETIC_PROGRAMS,COLDPLATE_LOOP,SYNTHETIC_INTERNAL,SNP-COOLIT-20260925-BL,SCN-BASELINE,SFC-017-1,2026-H17,SELLER-ROLE-1,TERR-1,COLDPLATE_LOOP,4,125,134,-9,9,COMMIT,0.86,CLOSED_PERIOD
TEN-COOLIT-SYN-001,SITE-COOLIT-SYN-01,CRM,SELLER_FORECAST,SFC-017-2,SFC-017-2,RESOLVED,2025-01-24T17:00:00-06:00,2026-09-26T08:00:00-06:00,2026-06-29T00:00:00-06:00,,1,,false,ACTIVE,EA,,VALID,CURRENT,coolit-synthetic-v2.0.0,ALL_SYNTHETIC_CUSTOMERS,ALL_SYNTHETIC_PROGRAMS,RACK_MANIFOLD,SYNTHETIC_INTERNAL,SNP-COOLIT-20260925-BL,SCN-BASELINE,SFC-017-2,2026-H17,SELLER-ROLE-2,TERR-2,RACK_MANIFOLD,8,138,150,-12,12,BEST_CASE,0.87,CLOSED_PERIOD
TEN-COOLIT-SYN-001,SITE-COOLIT-SYN-01,CRM,SELLER_FORECAST,SFC-017-3,SFC-017-3,RESOLVED,2025-01-24T17:00:00-06:00,2026-09-26T08:00:00-06:00,2026-06-29T00:00:00-06:00,,1,,false,ACTIVE,EA,,VALID,CURRENT,coolit-synthetic-v2.0.0,ALL_SYNTHETIC_CUSTOMERS,ALL_SYNTHETIC_PROGRAMS,COOLANT_DISTRIBUTION_UNIT,SYNTHETIC_INTERNAL,SNP-COOLIT-20260925-BL,SCN-BASELINE,SFC-017-3,2026-H17,SELLER-ROLE-3,TERR-3,COOLANT_DISTRIBUTION_UNIT,13,151,139,12,12,PIPELINE,0.88,CLOSED_PERIOD
TEN-COOLIT-SYN-001,SITE-COOLIT-SYN-01,CRM,SELLER_FORECAST,SFC-018-1,SFC-018-1,RESOLVED,2025-01-31T17:00:00-06:00,2026-09-26T08:00:00-06:00,2026-06-29T00:00:00-06:00,,1,,false,ACTIVE,EA,,VALID,CURRENT,coolit-synthetic-v2.0.0,ALL_SYNTHETIC_CUSTOMERS,ALL_SYNTHETIC_PROGRAMS,COLDPLATE_LOOP,SYNTHETIC_INTERNAL,SNP-COOLIT-20260925-BL,SCN-BASELINE,SFC-018-1,2026-H18,SELLER-ROLE-1,TERR-1,COLDPLATE_LOOP,4,130,142,-12,12,COMMIT,0.87,CLOSED_PERIOD
TEN-COOLIT-SYN-001,SITE-COOLIT-SYN-01,CRM,SELLER_FORECAST,SFC-018-2,SFC-018-2,RESOLVED,2025-01-31T17:00:00-06:00,2026-09-26T08:00:00-06:00,2026-06-29T00:00:00-06:00,,1,,false,ACTIVE,EA,,VALID,CURRENT,coolit-synthetic-v2.0.0,ALL_SYNTHETIC_CUSTOMERS,ALL_SYNTHETIC_PROGRAMS,RACK_MANIFOLD,SYNTHETIC_INTERNAL,SNP-COOLIT-20260925-BL,SCN-BASELINE,SFC-018-2,2026-H18,SELLER-ROLE-2,TERR-2,RACK_MANIFOLD,8,143,131,12,12,BEST_CASE,0.88,CLOSED_PERIOD
TEN-COOLIT-SYN-001,SITE-COOLIT-SYN-01,CRM,SELLER_FORECAST,SFC-018-3,SFC-018-3,RESOLVED,2025-01-31T17:00:00-06:00,2026-09-26T08:00:00-06:00,2026-06-29T00:00:00-06:00,,1,,false,ACTIVE,EA,,VALID,CURRENT,coolit-synthetic-v2.0.0,ALL_SYNTHETIC_CUSTOMERS,ALL_SYNTHETIC_PROGRAMS,COOLANT_DISTRIBUTION_UNIT,SYNTHETIC_INTERNAL,SNP-COOLIT-20260925-BL,SCN-BASELINE,SFC-018-3,2026-H18,SELLER-ROLE-3,TERR-3,COOLANT_DISTRIBUTION_UNIT,13,156,147,9,9,PIPELINE,0.89,CLOSED_PERIOD
TEN-COOLIT-SYN-001,SITE-COOLIT-SYN-01,CRM,SELLER_FORECAST,SFC-019-1,SFC-019-1,RESOLVED,2025-02-07T17:00:00-06:00,2026-09-26T08:00:00-06:00,2026-06-29T00:00:00-06:00,,1,,false,ACTIVE,EA,,VALID,CURRENT,coolit-synthetic-v2.0.0,ALL_SYNTHETIC_CUSTOMERS,ALL_SYNTHETIC_PROGRAMS,COLDPLATE_LOOP,SYNTHETIC_INTERNAL,SNP-COOLIT-20260925-BL,SCN-BASELINE,SFC-019-1,2026-H19,SELLER-ROLE-1,TERR-1,COLDPLATE_LOOP,4,135,123,12,12,COMMIT,0.88,CLOSED_PERIOD
TEN-COOLIT-SYN-001,SITE-COOLIT-SYN-01,CRM,SELLER_FORECAST,SFC-019-2,SFC-019-2,RESOLVED,2025-02-07T17:00:00-06:00,2026-09-26T08:00:00-06:00,2026-06-29T00:00:00-06:00,,1,,false,ACTIVE,EA,,VALID,CURRENT,coolit-synthetic-v2.0.0,ALL_SYNTHETIC_CUSTOMERS,ALL_SYNTHETIC_PROGRAMS,RACK_MANIFOLD,SYNTHETIC_INTERNAL,SNP-COOLIT-20260925-BL,SCN-BASELINE,SFC-019-2,2026-H19,SELLER-ROLE-2,TERR-2,RACK_MANIFOLD,8,148,139,9,9,BEST_CASE,0.89,CLOSED_PERIOD
TEN-COOLIT-SYN-001,SITE-COOLIT-SYN-01,CRM,SELLER_FORECAST,SFC-019-3,SFC-019-3,RESOLVED,2025-02-07T17:00:00-06:00,2026-09-26T08:00:00-06:00,2026-06-29T00:00:00-06:00,,1,,false,ACTIVE,EA,,VALID,CURRENT,coolit-synthetic-v2.0.0,ALL_SYNTHETIC_CUSTOMERS,ALL_SYNTHETIC_PROGRAMS,COOLANT_DISTRIBUTION_UNIT,SYNTHETIC_INTERNAL,SNP-COOLIT-20260925-BL,SCN-BASELINE,SFC-019-3,2026-H19,SELLER-ROLE-3,TERR-3,COOLANT_DISTRIBUTION_UNIT,13,161,155,6,6,PIPELINE,0.7,CLOSED_PERIOD
TEN-COOLIT-SYN-001,SITE-COOLIT-SYN-01,CRM,SELLER_FORECAST,SFC-020-1,SFC-020-1,RESOLVED,2025-02-14T17:00:00-06:00,2026-09-26T08:00:00-06:00,2026-06-29T00:00:00-06:00,,1,,false,ACTIVE,EA,,VALID,CURRENT,coolit-synthetic-v2.0.0,ALL_SYNTHETIC_CUSTOMERS,ALL_SYNTHETIC_PROGRAMS,COLDPLATE_LOOP,SYNTHETIC_INTERNAL,SNP-COOLIT-20260925-BL,SCN-BASELINE,SFC-020-1,2026-H20,SELLER-ROLE-1,TERR-1,COLDPLATE_LOOP,4,140,131,9,9,COMMIT,0.89,CLOSED_PERIOD
TEN-COOLIT-SYN-001,SITE-COOLIT-SYN-01,CRM,SELLER_FORECAST,SFC-020-2,SFC-020-2,RESOLVED,2025-02-14T17:00:00-06:00,2026-09-26T08:00:00-06:00,2026-06-29T00:00:00-06:00,,1,,false,ACTIVE,EA,,VALID,CURRENT,coolit-synthetic-v2.0.0,ALL_SYNTHETIC_CUSTOMERS,ALL_SYNTHETIC_PROGRAMS,RACK_MANIFOLD,SYNTHETIC_INTERNAL,SNP-COOLIT-20260925-BL,SCN-BASELINE,SFC-020-2,2026-H20,SELLER-ROLE-2,TERR-2,RACK_MANIFOLD,8,153,147,6,6,BEST_CASE,0.7,CLOSED_PERIOD
TEN-COOLIT-SYN-001,SITE-COOLIT-SYN-01,CRM,SELLER_FORECAST,SFC-020-3,SFC-020-3,RESOLVED,2025-02-14T17:00:00-06:00,2026-09-26T08:00:00-06:00,2026-06-29T00:00:00-06:00,,1,,false,ACTIVE,EA,,VALID,CURRENT,coolit-synthetic-v2.0.0,ALL_SYNTHETIC_CUSTOMERS,ALL_SYNTHETIC_PROGRAMS,COOLANT_DISTRIBUTION_UNIT,SYNTHETIC_INTERNAL,SNP-COOLIT-20260925-BL,SCN-BASELINE,SFC-020-3,2026-H20,SELLER-ROLE-3,TERR-3,COOLANT_DISTRIBUTION_UNIT,13,46,43,3,3,PIPELINE,0.71,CLOSED_PERIOD
TEN-COOLIT-SYN-001,SITE-COOLIT-SYN-01,CRM,SELLER_FORECAST,SFC-021-1,SFC-021-1,RESOLVED,2025-02-21T17:00:00-06:00,2026-09-26T08:00:00-06:00,2026-06-29T00:00:00-06:00,,1,,false,ACTIVE,EA,,VALID,CURRENT,coolit-synthetic-v2.0.0,ALL_SYNTHETIC_CUSTOMERS,ALL_SYNTHETIC_PROGRAMS,COLDPLATE_LOOP,SYNTHETIC_INTERNAL,SNP-COOLIT-20260925-BL,SCN-BASELINE,SFC-021-1,2026-H21,SELLER-ROLE-1,TERR-1,COLDPLATE_LOOP,4,145,139,6,6,COMMIT,0.7,CLOSED_PERIOD
TEN-COOLIT-SYN-001,SITE-COOLIT-SYN-01,CRM,SELLER_FORECAST,SFC-021-2,SFC-021-2,RESOLVED,2025-02-21T17:00:00-06:00,2026-09-26T08:00:00-06:00,2026-06-29T00:00:00-06:00,,1,,false,ACTIVE,EA,,VALID,CURRENT,coolit-synthetic-v2.0.0,ALL_SYNTHETIC_CUSTOMERS,ALL_SYNTHETIC_PROGRAMS,RACK_MANIFOLD,SYNTHETIC_INTERNAL,SNP-COOLIT-20260925-BL,SCN-BASELINE,SFC-021-2,2026-H21,SELLER-ROLE-2,TERR-2,RACK_MANIFOLD,8,158,155,3,3,BEST_CASE,0.71,CLOSED_PERIOD
TEN-COOLIT-SYN-001,SITE-COOLIT-SYN-01,CRM,SELLER_FORECAST,SFC-021-3,SFC-021-3,RESOLVED,2025-02-21T17:00:00-06:00,2026-09-26T08:00:00-06:00,2026-06-29T00:00:00-06:00,,1,,false,ACTIVE,EA,,VALID,CURRENT,coolit-synthetic-v2.0.0,ALL_SYNTHETIC_CUSTOMERS,ALL_SYNTHETIC_PROGRAMS,COOLANT_DISTRIBUTION_UNIT,SYNTHETIC_INTERNAL,SNP-COOLIT-20260925-BL,SCN-BASELINE,SFC-021-3,2026-H21,SELLER-ROLE-3,TERR-3,COOLANT_DISTRIBUTION_UNIT,13,51,51,0,0,PIPELINE,0.72,CLOSED_PERIOD
TEN-COOLIT-SYN-001,SITE-COOLIT-SYN-01,CRM,SELLER_FORECAST,SFC-022-1,SFC-022-1,RESOLVED,2025-02-28T17:00:00-06:00,2026-09-26T08:00:00-06:00,2026-06-29T00:00:00-06:00,,1,,false,ACTIVE,EA,,VALID,CURRENT,coolit-synthetic-v2.0.0,ALL_SYNTHETIC_CUSTOMERS,ALL_SYNTHETIC_PROGRAMS,COLDPLATE_LOOP,SYNTHETIC_INTERNAL,SNP-COOLIT-20260925-BL,SCN-BASELINE,SFC-022-1,2026-H22,SELLER-ROLE-1,TERR-1,COLDPLATE_LOOP,4,150,147,3,3,COMMIT,0.71,CLOSED_PERIOD
TEN-COOLIT-SYN-001,SITE-COOLIT-SYN-01,CRM,SELLER_FORECAST,SFC-022-2,SFC-022-2,RESOLVED,2025-02-28T17:00:00-06:00,2026-09-26T08:00:00-06:00,2026-06-29T00:00:00-06:00,,1,,false,ACTIVE,EA,,VALID,CURRENT,coolit-synthetic-v2.0.0,ALL_SYNTHETIC_CUSTOMERS,ALL_SYNTHETIC_PROGRAMS,RACK_MANIFOLD,SYNTHETIC_INTERNAL,SNP-COOLIT-20260925-BL,SCN-BASELINE,SFC-022-2,2026-H22,SELLER-ROLE-2,TERR-2,RACK_MANIFOLD,8,163,163,0,0,BEST_CASE,0.72,CLOSED_PERIOD
TEN-COOLIT-SYN-001,SITE-COOLIT-SYN-01,CRM,SELLER_FORECAST,SFC-022-3,SFC-022-3,RESOLVED,2025-02-28T17:00:00-06:00,2026-09-26T08:00:00-06:00,2026-06-29T00:00:00-06:00,,1,,false,ACTIVE,EA,,VALID,CURRENT,coolit-synthetic-v2.0.0,ALL_SYNTHETIC_CUSTOMERS,ALL_SYNTHETIC_PROGRAMS,COOLANT_DISTRIBUTION_UNIT,SYNTHETIC_INTERNAL,SNP-COOLIT-20260925-BL,SCN-BASELINE,SFC-022-3,2026-H22,SELLER-ROLE-3,TERR-3,COOLANT_DISTRIBUTION_UNIT,13,56,59,-3,3,PIPELINE,0.73,CLOSED_PERIOD
TEN-COOLIT-SYN-001,SITE-COOLIT-SYN-01,CRM,SELLER_FORECAST,SFC-023-1,SFC-023-1,RESOLVED,2025-03-07T17:00:00-06:00,2026-09-26T08:00:00-06:00,2026-06-29T00:00:00-06:00,,1,,false,ACTIVE,EA,,VALID,CURRENT,coolit-synthetic-v2.0.0,ALL_SYNTHETIC_CUSTOMERS,ALL_SYNTHETIC_PROGRAMS,COLDPLATE_LOOP,SYNTHETIC_INTERNAL,SNP-COOLIT-20260925-BL,SCN-BASELINE,SFC-023-1,2026-H23,SELLER-ROLE-1,TERR-1,COLDPLATE_LOOP,4,155,155,0,0,COMMIT,0.72,CLOSED_PERIOD
TEN-COOLIT-SYN-001,SITE-COOLIT-SYN-01,CRM,SELLER_FORECAST,SFC-023-2,SFC-023-2,RESOLVED,2025-03-07T17:00:00-06:00,2026-09-26T08:00:00-06:00,2026-06-29T00:00:00-06:00,,1,,false,ACTIVE,EA,,VALID,CURRENT,coolit-synthetic-v2.0.0,ALL_SYNTHETIC_CUSTOMERS,ALL_SYNTHETIC_PROGRAMS,RACK_MANIFOLD,SYNTHETIC_INTERNAL,SNP-COOLIT-20260925-BL,SCN-BASELINE,SFC-023-2,2026-H23,SELLER-ROLE-2,TERR-2,RACK_MANIFOLD,8,48,51,-3,3,BEST_CASE,0.73,CLOSED_PERIOD
TEN-COOLIT-SYN-001,SITE-COOLIT-SYN-01,CRM,SELLER_FORECAST,SFC-023-3,SFC-023-3,RESOLVED,2025-03-07T17:00:00-06:00,2026-09-26T08:00:00-06:00,2026-06-29T00:00:00-06:00,,1,,false,ACTIVE,EA,,VALID,CURRENT,coolit-synthetic-v2.0.0,ALL_SYNTHETIC_CUSTOMERS,ALL_SYNTHETIC_PROGRAMS,COOLANT_DISTRIBUTION_UNIT,SYNTHETIC_INTERNAL,SNP-COOLIT-20260925-BL,SCN-BASELINE,SFC-023-3,2026-H23,SELLER-ROLE-3,TERR-3,COOLANT_DISTRIBUTION_UNIT,13,61,67,-6,6,PIPELINE,0.74,CLOSED_PERIOD
TEN-COOLIT-SYN-001,SITE-COOLIT-SYN-01,CRM,SELLER_FORECAST,SFC-024-1,SFC-024-1,RESOLVED,2025-03-14T17:00:00-06:00,2026-09-26T08:00:00-06:00,2026-06-29T00:00:00-06:00,,1,,false,ACTIVE,EA,,VALID,CURRENT,coolit-synthetic-v2.0.0,ALL_SYNTHETIC_CUSTOMERS,ALL_SYNTHETIC_PROGRAMS,COLDPLATE_LOOP,SYNTHETIC_INTERNAL,SNP-COOLIT-20260925-BL,SCN-BASELINE,SFC-024-1,2026-H24,SELLER-ROLE-1,TERR-1,COLDPLATE_LOOP,4,160,163,-3,3,COMMIT,0.73,CLOSED_PERIOD
TEN-COOLIT-SYN-001,SITE-COOLIT-SYN-01,CRM,SELLER_FORECAST,SFC-024-2,SFC-024-2,RESOLVED,2025-03-14T17:00:00-06:00,2026-09-26T08:00:00-06:00,2026-06-29T00:00:00-06:00,,1,,false,ACTIVE,EA,,VALID,CURRENT,coolit-synthetic-v2.0.0,ALL_SYNTHETIC_CUSTOMERS,ALL_SYNTHETIC_PROGRAMS,RACK_MANIFOLD,SYNTHETIC_INTERNAL,SNP-COOLIT-20260925-BL,SCN-BASELINE,SFC-024-2,2026-H24,SELLER-ROLE-2,TERR-2,RACK_MANIFOLD,8,53,59,-6,6,BEST_CASE,0.74,CLOSED_PERIOD
TEN-COOLIT-SYN-001,SITE-COOLIT-SYN-01,CRM,SELLER_FORECAST,SFC-024-3,SFC-024-3,RESOLVED,2025-03-14T17:00:00-06:00,2026-09-26T08:00:00-06:00,2026-06-29T00:00:00-06:00,,1,,false,ACTIVE,EA,,VALID,CURRENT,coolit-synthetic-v2.0.0,ALL_SYNTHETIC_CUSTOMERS,ALL_SYNTHETIC_PROGRAMS,COOLANT_DISTRIBUTION_UNIT,SYNTHETIC_INTERNAL,SNP-COOLIT-20260925-BL,SCN-BASELINE,SFC-024-3,2026-H24,SELLER-ROLE-3,TERR-3,COOLANT_DISTRIBUTION_UNIT,13,66,75,-9,9,PIPELINE,0.75,CLOSED_PERIOD
TEN-COOLIT-SYN-001,SITE-COOLIT-SYN-01,CRM,SELLER_FORECAST,SFC-025-1,SFC-025-1,RESOLVED,2025-03-21T17:00:00-06:00,2026-09-26T08:00:00-06:00,2026-06-29T00:00:00-06:00,,1,,false,ACTIVE,EA,,VALID,CURRENT,coolit-synthetic-v2.0.0,ALL_SYNTHETIC_CUSTOMERS,ALL_SYNTHETIC_PROGRAMS,COLDPLATE_LOOP,SYNTHETIC_INTERNAL,SNP-COOLIT-20260925-BL,SCN-BASELINE,SFC-025-1,2026-H25,SELLER-ROLE-1,TERR-1,COLDPLATE_LOOP,4,45,51,-6,6,COMMIT,0.74,CLOSED_PERIOD
TEN-COOLIT-SYN-001,SITE-COOLIT-SYN-01,CRM,SELLER_FORECAST,SFC-025-2,SFC-025-2,RESOLVED,2025-03-21T17:00:00-06:00,2026-09-26T08:00:00-06:00,2026-06-29T00:00:00-06:00,,1,,false,ACTIVE,EA,,VALID,CURRENT,coolit-synthetic-v2.0.0,ALL_SYNTHETIC_CUSTOMERS,ALL_SYNTHETIC_PROGRAMS,RACK_MANIFOLD,SYNTHETIC_INTERNAL,SNP-COOLIT-20260925-BL,SCN-BASELINE,SFC-025-2,2026-H25,SELLER-ROLE-2,TERR-2,RACK_MANIFOLD,8,58,67,-9,9,BEST_CASE,0.75,CLOSED_PERIOD
TEN-COOLIT-SYN-001,SITE-COOLIT-SYN-01,CRM,SELLER_FORECAST,SFC-025-3,SFC-025-3,RESOLVED,2025-03-21T17:00:00-06:00,2026-09-26T08:00:00-06:00,2026-06-29T00:00:00-06:00,,1,,false,ACTIVE,EA,,VALID,CURRENT,coolit-synthetic-v2.0.0,ALL_SYNTHETIC_CUSTOMERS,ALL_SYNTHETIC_PROGRAMS,COOLANT_DISTRIBUTION_UNIT,SYNTHETIC_INTERNAL,SNP-COOLIT-20260925-BL,SCN-BASELINE,SFC-025-3,2026-H25,SELLER-ROLE-3,TERR-3,COOLANT_DISTRIBUTION_UNIT,13,71,83,-12,12,PIPELINE,0.76,CLOSED_PERIOD
TEN-COOLIT-SYN-001,SITE-COOLIT-SYN-01,CRM,SELLER_FORECAST,SFC-026-1,SFC-026-1,RESOLVED,2025-03-28T17:00:00-06:00,2026-09-26T08:00:00-06:00,2026-06-29T00:00:00-06:00,,1,,false,ACTIVE,EA,,VALID,CURRENT,coolit-synthetic-v2.0.0,ALL_SYNTHETIC_CUSTOMERS,ALL_SYNTHETIC_PROGRAMS,COLDPLATE_LOOP,SYNTHETIC_INTERNAL,SNP-COOLIT-20260925-BL,SCN-BASELINE,SFC-026-1,2026-H26,SELLER-ROLE-1,TERR-1,COLDPLATE_LOOP,4,50,59,-9,9,COMMIT,0.75,CLOSED_PERIOD
TEN-COOLIT-SYN-001,SITE-COOLIT-SYN-01,CRM,SELLER_FORECAST,SFC-026-2,SFC-026-2,RESOLVED,2025-03-28T17:00:00-06:00,2026-09-26T08:00:00-06:00,2026-06-29T00:00:00-06:00,,1,,false,ACTIVE,EA,,VALID,CURRENT,coolit-synthetic-v2.0.0,ALL_SYNTHETIC_CUSTOMERS,ALL_SYNTHETIC_PROGRAMS,RACK_MANIFOLD,SYNTHETIC_INTERNAL,SNP-COOLIT-20260925-BL,SCN-BASELINE,SFC-026-2,2026-H26,SELLER-ROLE-2,TERR-2,RACK_MANIFOLD,8,63,75,-12,12,BEST_CASE,0.76,CLOSED_PERIOD
TEN-COOLIT-SYN-001,SITE-COOLIT-SYN-01,CRM,SELLER_FORECAST,SFC-026-3,SFC-026-3,RESOLVED,2025-03-28T17:00:00-06:00,2026-09-26T08:00:00-06:00,2026-06-29T00:00:00-06:00,,1,,false,ACTIVE,EA,,VALID,CURRENT,coolit-synthetic-v2.0.0,ALL_SYNTHETIC_CUSTOMERS,ALL_SYNTHETIC_PROGRAMS,COOLANT_DISTRIBUTION_UNIT,SYNTHETIC_INTERNAL,SNP-COOLIT-20260925-BL,SCN-BASELINE,SFC-026-3,2026-H26,SELLER-ROLE-3,TERR-3,COOLANT_DISTRIBUTION_UNIT,13,76,64,12,12,PIPELINE,0.77,CLOSED_PERIOD
TEN-COOLIT-SYN-001,SITE-COOLIT-SYN-01,CRM,SELLER_FORECAST,SFC-027-1,SFC-027-1,RESOLVED,2025-04-04T17:00:00-06:00,2026-09-26T08:00:00-06:00,2026-06-29T00:00:00-06:00,,1,,false,ACTIVE,EA,,VALID,CURRENT,coolit-synthetic-v2.0.0,ALL_SYNTHETIC_CUSTOMERS,ALL_SYNTHETIC_PROGRAMS,COLDPLATE_LOOP,SYNTHETIC_INTERNAL,SNP-COOLIT-20260925-BL,SCN-BASELINE,SFC-027-1,2026-H27,SELLER-ROLE-1,TERR-1,COLDPLATE_LOOP,4,55,67,-12,12,COMMIT,0.76,CLOSED_PERIOD
TEN-COOLIT-SYN-001,SITE-COOLIT-SYN-01,CRM,SELLER_FORECAST,SFC-027-2,SFC-027-2,RESOLVED,2025-04-04T17:00:00-06:00,2026-09-26T08:00:00-06:00,2026-06-29T00:00:00-06:00,,1,,false,ACTIVE,EA,,VALID,CURRENT,coolit-synthetic-v2.0.0,ALL_SYNTHETIC_CUSTOMERS,ALL_SYNTHETIC_PROGRAMS,RACK_MANIFOLD,SYNTHETIC_INTERNAL,SNP-COOLIT-20260925-BL,SCN-BASELINE,SFC-027-2,2026-H27,SELLER-ROLE-2,TERR-2,RACK_MANIFOLD,8,68,56,12,12,BEST_CASE,0.77,CLOSED_PERIOD
TEN-COOLIT-SYN-001,SITE-COOLIT-SYN-01,CRM,SELLER_FORECAST,SFC-027-3,SFC-027-3,RESOLVED,2025-04-04T17:00:00-06:00,2026-09-26T08:00:00-06:00,2026-06-29T00:00:00-06:00,,1,,false,ACTIVE,EA,,VALID,CURRENT,coolit-synthetic-v2.0.0,ALL_SYNTHETIC_CUSTOMERS,ALL_SYNTHETIC_PROGRAMS,COOLANT_DISTRIBUTION_UNIT,SYNTHETIC_INTERNAL,SNP-COOLIT-20260925-BL,SCN-BASELINE,SFC-027-3,2026-H27,SELLER-ROLE-3,TERR-3,COOLANT_DISTRIBUTION_UNIT,13,81,72,9,9,PIPELINE,0.78,CLOSED_PERIOD
TEN-COOLIT-SYN-001,SITE-COOLIT-SYN-01,CRM,SELLER_FORECAST,SFC-028-1,SFC-028-1,RESOLVED,2025-04-11T17:00:00-06:00,2026-09-26T08:00:00-06:00,2026-06-29T00:00:00-06:00,,1,,false,ACTIVE,EA,,VALID,CURRENT,coolit-synthetic-v2.0.0,ALL_SYNTHETIC_CUSTOMERS,ALL_SYNTHETIC_PROGRAMS,COLDPLATE_LOOP,SYNTHETIC_INTERNAL,SNP-COOLIT-20260925-BL,SCN-BASELINE,SFC-028-1,2026-H28,SELLER-ROLE-1,TERR-1,COLDPLATE_LOOP,4,60,48,12,12,COMMIT,0.77,CLOSED_PERIOD
TEN-COOLIT-SYN-001,SITE-COOLIT-SYN-01,CRM,SELLER_FORECAST,SFC-028-2,SFC-028-2,RESOLVED,2025-04-11T17:00:00-06:00,2026-09-26T08:00:00-06:00,2026-06-29T00:00:00-06:00,,1,,false,ACTIVE,EA,,VALID,CURRENT,coolit-synthetic-v2.0.0,ALL_SYNTHETIC_CUSTOMERS,ALL_SYNTHETIC_PROGRAMS,RACK_MANIFOLD,SYNTHETIC_INTERNAL,SNP-COOLIT-20260925-BL,SCN-BASELINE,SFC-028-2,2026-H28,SELLER-ROLE-2,TERR-2,RACK_MANIFOLD,8,73,64,9,9,BEST_CASE,0.78,CLOSED_PERIOD
TEN-COOLIT-SYN-001,SITE-COOLIT-SYN-01,CRM,SELLER_FORECAST,SFC-028-3,SFC-028-3,RESOLVED,2025-04-11T17:00:00-06:00,2026-09-26T08:00:00-06:00,2026-06-29T00:00:00-06:00,,1,,false,ACTIVE,EA,,VALID,CURRENT,coolit-synthetic-v2.0.0,ALL_SYNTHETIC_CUSTOMERS,ALL_SYNTHETIC_PROGRAMS,COOLANT_DISTRIBUTION_UNIT,SYNTHETIC_INTERNAL,SNP-COOLIT-20260925-BL,SCN-BASELINE,SFC-028-3,2026-H28,SELLER-ROLE-3,TERR-3,COOLANT_DISTRIBUTION_UNIT,13,86,80,6,6,PIPELINE,0.79,CLOSED_PERIOD
TEN-COOLIT-SYN-001,SITE-COOLIT-SYN-01,CRM,SELLER_FORECAST,SFC-029-1,SFC-029-1,RESOLVED,2025-04-18T17:00:00-06:00,2026-09-26T08:00:00-06:00,2026-06-29T00:00:00-06:00,,1,,false,ACTIVE,EA,,VALID,CURRENT,coolit-synthetic-v2.0.0,ALL_SYNTHETIC_CUSTOMERS,ALL_SYNTHETIC_PROGRAMS,COLDPLATE_LOOP,SYNTHETIC_INTERNAL,SNP-COOLIT-20260925-BL,SCN-BASELINE,SFC-029-1,2026-H29,SELLER-ROLE-1,TERR-1,COLDPLATE_LOOP,4,65,56,9,9,COMMIT,0.78,CLOSED_PERIOD
TEN-COOLIT-SYN-001,SITE-COOLIT-SYN-01,CRM,SELLER_FORECAST,SFC-029-2,SFC-029-2,RESOLVED,2025-04-18T17:00:00-06:00,2026-09-26T08:00:00-06:00,2026-06-29T00:00:00-06:00,,1,,false,ACTIVE,EA,,VALID,CURRENT,coolit-synthetic-v2.0.0,ALL_SYNTHETIC_CUSTOMERS,ALL_SYNTHETIC_PROGRAMS,RACK_MANIFOLD,SYNTHETIC_INTERNAL,SNP-COOLIT-20260925-BL,SCN-BASELINE,SFC-029-2,2026-H29,SELLER-ROLE-2,TERR-2,RACK_MANIFOLD,8,78,72,6,6,BEST_CASE,0.79,CLOSED_PERIOD
TEN-COOLIT-SYN-001,SITE-COOLIT-SYN-01,CRM,SELLER_FORECAST,SFC-029-3,SFC-029-3,RESOLVED,2025-04-18T17:00:00-06:00,2026-09-26T08:00:00-06:00,2026-06-29T00:00:00-06:00,,1,,false,ACTIVE,EA,,VALID,CURRENT,coolit-synthetic-v2.0.0,ALL_SYNTHETIC_CUSTOMERS,ALL_SYNTHETIC_PROGRAMS,COOLANT_DISTRIBUTION_UNIT,SYNTHETIC_INTERNAL,SNP-COOLIT-20260925-BL,SCN-BASELINE,SFC-029-3,2026-H29,SELLER-ROLE-3,TERR-3,COOLANT_DISTRIBUTION_UNIT,13,91,88,3,3,PIPELINE,0.8,CLOSED_PERIOD
TEN-COOLIT-SYN-001,SITE-COOLIT-SYN-01,CRM,SELLER_FORECAST,SFC-030-1,SFC-030-1,RESOLVED,2025-04-25T17:00:00-06:00,2026-09-26T08:00:00-06:00,2026-06-29T00:00:00-06:00,,1,,false,ACTIVE,EA,,VALID,CURRENT,coolit-synthetic-v2.0.0,ALL_SYNTHETIC_CUSTOMERS,ALL_SYNTHETIC_PROGRAMS,COLDPLATE_LOOP,SYNTHETIC_INTERNAL,SNP-COOLIT-20260925-BL,SCN-BASELINE,SFC-030-1,2026-H30,SELLER-ROLE-1,TERR-1,COLDPLATE_LOOP,4,70,64,6,6,COMMIT,0.79,CLOSED_PERIOD
TEN-COOLIT-SYN-001,SITE-COOLIT-SYN-01,CRM,SELLER_FORECAST,SFC-030-2,SFC-030-2,RESOLVED,2025-04-25T17:00:00-06:00,2026-09-26T08:00:00-06:00,2026-06-29T00:00:00-06:00,,1,,false,ACTIVE,EA,,VALID,CURRENT,coolit-synthetic-v2.0.0,ALL_SYNTHETIC_CUSTOMERS,ALL_SYNTHETIC_PROGRAMS,RACK_MANIFOLD,SYNTHETIC_INTERNAL,SNP-COOLIT-20260925-BL,SCN-BASELINE,SFC-030-2,2026-H30,SELLER-ROLE-2,TERR-2,RACK_MANIFOLD,8,83,80,3,3,BEST_CASE,0.8,CLOSED_PERIOD
TEN-COOLIT-SYN-001,SITE-COOLIT-SYN-01,CRM,SELLER_FORECAST,SFC-030-3,SFC-030-3,RESOLVED,2025-04-25T17:00:00-06:00,2026-09-26T08:00:00-06:00,2026-06-29T00:00:00-06:00,,1,,false,ACTIVE,EA,,VALID,CURRENT,coolit-synthetic-v2.0.0,ALL_SYNTHETIC_CUSTOMERS,ALL_SYNTHETIC_PROGRAMS,COOLANT_DISTRIBUTION_UNIT,SYNTHETIC_INTERNAL,SNP-COOLIT-20260925-BL,SCN-BASELINE,SFC-030-3,2026-H30,SELLER-ROLE-3,TERR-3,COOLANT_DISTRIBUTION_UNIT,13,96,96,0,0,PIPELINE,0.81,CLOSED_PERIOD
TEN-COOLIT-SYN-001,SITE-COOLIT-SYN-01,CRM,SELLER_FORECAST,SFC-031-1,SFC-031-1,RESOLVED,2025-05-02T17:00:00-06:00,2026-09-26T08:00:00-06:00,2026-06-29T00:00:00-06:00,,1,,false,ACTIVE,EA,,VALID,CURRENT,coolit-synthetic-v2.0.0,ALL_SYNTHETIC_CUSTOMERS,ALL_SYNTHETIC_PROGRAMS,COLDPLATE_LOOP,SYNTHETIC_INTERNAL,SNP-COOLIT-20260925-BL,SCN-BASELINE,SFC-031-1,2026-H31,SELLER-ROLE-1,TERR-1,COLDPLATE_LOOP,4,75,72,3,3,COMMIT,0.8,CLOSED_PERIOD
TEN-COOLIT-SYN-001,SITE-COOLIT-SYN-01,CRM,SELLER_FORECAST,SFC-031-2,SFC-031-2,RESOLVED,2025-05-02T17:00:00-06:00,2026-09-26T08:00:00-06:00,2026-06-29T00:00:00-06:00,,1,,false,ACTIVE,EA,,VALID,CURRENT,coolit-synthetic-v2.0.0,ALL_SYNTHETIC_CUSTOMERS,ALL_SYNTHETIC_PROGRAMS,RACK_MANIFOLD,SYNTHETIC_INTERNAL,SNP-COOLIT-20260925-BL,SCN-BASELINE,SFC-031-2,2026-H31,SELLER-ROLE-2,TERR-2,RACK_MANIFOLD,8,88,88,0,0,BEST_CASE,0.81,CLOSED_PERIOD
TEN-COOLIT-SYN-001,SITE-COOLIT-SYN-01,CRM,SELLER_FORECAST,SFC-031-3,SFC-031-3,RESOLVED,2025-05-02T17:00:00-06:00,2026-09-26T08:00:00-06:00,2026-06-29T00:00:00-06:00,,1,,false,ACTIVE,EA,,VALID,CURRENT,coolit-synthetic-v2.0.0,ALL_SYNTHETIC_CUSTOMERS,ALL_SYNTHETIC_PROGRAMS,COOLANT_DISTRIBUTION_UNIT,SYNTHETIC_INTERNAL,SNP-COOLIT-20260925-BL,SCN-BASELINE,SFC-031-3,2026-H31,SELLER-ROLE-3,TERR-3,COOLANT_DISTRIBUTION_UNIT,13,101,104,-3,3,PIPELINE,0.82,CLOSED_PERIOD
TEN-COOLIT-SYN-001,SITE-COOLIT-SYN-01,CRM,SELLER_FORECAST,SFC-032-1,SFC-032-1,RESOLVED,2025-05-09T17:00:00-06:00,2026-09-26T08:00:00-06:00,2026-06-29T00:00:00-06:00,,1,,false,ACTIVE,EA,,VALID,CURRENT,coolit-synthetic-v2.0.0,ALL_SYNTHETIC_CUSTOMERS,ALL_SYNTHETIC_PROGRAMS,COLDPLATE_LOOP,SYNTHETIC_INTERNAL,SNP-COOLIT-20260925-BL,SCN-BASELINE,SFC-032-1,2026-H32,SELLER-ROLE-1,TERR-1,COLDPLATE_LOOP,4,80,80,0,0,COMMIT,0.81,CLOSED_PERIOD
TEN-COOLIT-SYN-001,SITE-COOLIT-SYN-01,CRM,SELLER_FORECAST,SFC-032-2,SFC-032-2,RESOLVED,2025-05-09T17:00:00-06:00,2026-09-26T08:00:00-06:00,2026-06-29T00:00:00-06:00,,1,,false,ACTIVE,EA,,VALID,CURRENT,coolit-synthetic-v2.0.0,ALL_SYNTHETIC_CUSTOMERS,ALL_SYNTHETIC_PROGRAMS,RACK_MANIFOLD,SYNTHETIC_INTERNAL,SNP-COOLIT-20260925-BL,SCN-BASELINE,SFC-032-2,2026-H32,SELLER-ROLE-2,TERR-2,RACK_MANIFOLD,8,93,96,-3,3,BEST_CASE,0.82,CLOSED_PERIOD
TEN-COOLIT-SYN-001,SITE-COOLIT-SYN-01,CRM,SELLER_FORECAST,SFC-032-3,SFC-032-3,RESOLVED,2025-05-09T17:00:00-06:00,2026-09-26T08:00:00-06:00,2026-06-29T00:00:00-06:00,,1,,false,ACTIVE,EA,,VALID,CURRENT,coolit-synthetic-v2.0.0,ALL_SYNTHETIC_CUSTOMERS,ALL_SYNTHETIC_PROGRAMS,COOLANT_DISTRIBUTION_UNIT,SYNTHETIC_INTERNAL,SNP-COOLIT-20260925-BL,SCN-BASELINE,SFC-032-3,2026-H32,SELLER-ROLE-3,TERR-3,COOLANT_DISTRIBUTION_UNIT,13,106,112,-6,6,PIPELINE,0.83,CLOSED_PERIOD
TEN-COOLIT-SYN-001,SITE-COOLIT-SYN-01,CRM,SELLER_FORECAST,SFC-033-1,SFC-033-1,RESOLVED,2025-05-16T17:00:00-06:00,2026-09-26T08:00:00-06:00,2026-06-29T00:00:00-06:00,,1,,false,ACTIVE,EA,,VALID,CURRENT,coolit-synthetic-v2.0.0,ALL_SYNTHETIC_CUSTOMERS,ALL_SYNTHETIC_PROGRAMS,COLDPLATE_LOOP,SYNTHETIC_INTERNAL,SNP-COOLIT-20260925-BL,SCN-BASELINE,SFC-033-1,2026-H33,SELLER-ROLE-1,TERR-1,COLDPLATE_LOOP,4,85,88,-3,3,COMMIT,0.82,CLOSED_PERIOD
TEN-COOLIT-SYN-001,SITE-COOLIT-SYN-01,CRM,SELLER_FORECAST,SFC-033-2,SFC-033-2,RESOLVED,2025-05-16T17:00:00-06:00,2026-09-26T08:00:00-06:00,2026-06-29T00:00:00-06:00,,1,,false,ACTIVE,EA,,VALID,CURRENT,coolit-synthetic-v2.0.0,ALL_SYNTHETIC_CUSTOMERS,ALL_SYNTHETIC_PROGRAMS,RACK_MANIFOLD,SYNTHETIC_INTERNAL,SNP-COOLIT-20260925-BL,SCN-BASELINE,SFC-033-2,2026-H33,SELLER-ROLE-2,TERR-2,RACK_MANIFOLD,8,98,104,-6,6,BEST_CASE,0.83,CLOSED_PERIOD
TEN-COOLIT-SYN-001,SITE-COOLIT-SYN-01,CRM,SELLER_FORECAST,SFC-033-3,SFC-033-3,RESOLVED,2025-05-16T17:00:00-06:00,2026-09-26T08:00:00-06:00,2026-06-29T00:00:00-06:00,,1,,false,ACTIVE,EA,,VALID,CURRENT,coolit-synthetic-v2.0.0,ALL_SYNTHETIC_CUSTOMERS,ALL_SYNTHETIC_PROGRAMS,COOLANT_DISTRIBUTION_UNIT,SYNTHETIC_INTERNAL,SNP-COOLIT-20260925-BL,SCN-BASELINE,SFC-033-3,2026-H33,SELLER-ROLE-3,TERR-3,COOLANT_DISTRIBUTION_UNIT,13,111,120,-9,9,PIPELINE,0.84,CLOSED_PERIOD
TEN-COOLIT-SYN-001,SITE-COOLIT-SYN-01,CRM,SELLER_FORECAST,SFC-034-1,SFC-034-1,RESOLVED,2025-05-23T17:00:00-06:00,2026-09-26T08:00:00-06:00,2026-06-29T00:00:00-06:00,,1,,false,ACTIVE,EA,,VALID,CURRENT,coolit-synthetic-v2.0.0,ALL_SYNTHETIC_CUSTOMERS,ALL_SYNTHETIC_PROGRAMS,COLDPLATE_LOOP,SYNTHETIC_INTERNAL,SNP-COOLIT-20260925-BL,SCN-BASELINE,SFC-034-1,2026-H34,SELLER-ROLE-1,TERR-1,COLDPLATE_LOOP,4,90,96,-6,6,COMMIT,0.83,CLOSED_PERIOD
TEN-COOLIT-SYN-001,SITE-COOLIT-SYN-01,CRM,SELLER_FORECAST,SFC-034-2,SFC-034-2,RESOLVED,2025-05-23T17:00:00-06:00,2026-09-26T08:00:00-06:00,2026-06-29T00:00:00-06:00,,1,,false,ACTIVE,EA,,VALID,CURRENT,coolit-synthetic-v2.0.0,ALL_SYNTHETIC_CUSTOMERS,ALL_SYNTHETIC_PROGRAMS,RACK_MANIFOLD,SYNTHETIC_INTERNAL,SNP-COOLIT-20260925-BL,SCN-BASELINE,SFC-034-2,2026-H34,SELLER-ROLE-2,TERR-2,RACK_MANIFOLD,8,103,112,-9,9,BEST_CASE,0.84,CLOSED_PERIOD
TEN-COOLIT-SYN-001,SITE-COOLIT-SYN-01,CRM,SELLER_FORECAST,SFC-034-3,SFC-034-3,RESOLVED,2025-05-23T17:00:00-06:00,2026-09-26T08:00:00-06:00,2026-06-29T00:00:00-06:00,,1,,false,ACTIVE,EA,,VALID,CURRENT,coolit-synthetic-v2.0.0,ALL_SYNTHETIC_CUSTOMERS,ALL_SYNTHETIC_PROGRAMS,COOLANT_DISTRIBUTION_UNIT,SYNTHETIC_INTERNAL,SNP-COOLIT-20260925-BL,SCN-BASELINE,SFC-034-3,2026-H34,SELLER-ROLE-3,TERR-3,COOLANT_DISTRIBUTION_UNIT,13,116,128,-12,12,PIPELINE,0.85,CLOSED_PERIOD
TEN-COOLIT-SYN-001,SITE-COOLIT-SYN-01,CRM,SELLER_FORECAST,SFC-035-1,SFC-035-1,RESOLVED,2025-05-30T17:00:00-06:00,2026-09-26T08:00:00-06:00,2026-06-29T00:00:00-06:00,,1,,false,ACTIVE,EA,,VALID,CURRENT,coolit-synthetic-v2.0.0,ALL_SYNTHETIC_CUSTOMERS,ALL_SYNTHETIC_PROGRAMS,COLDPLATE_LOOP,SYNTHETIC_INTERNAL,SNP-COOLIT-20260925-BL,SCN-BASELINE,SFC-035-1,2026-H35,SELLER-ROLE-1,TERR-1,COLDPLATE_LOOP,4,95,104,-9,9,COMMIT,0.84,CLOSED_PERIOD
TEN-COOLIT-SYN-001,SITE-COOLIT-SYN-01,CRM,SELLER_FORECAST,SFC-035-2,SFC-035-2,RESOLVED,2025-05-30T17:00:00-06:00,2026-09-26T08:00:00-06:00,2026-06-29T00:00:00-06:00,,1,,false,ACTIVE,EA,,VALID,CURRENT,coolit-synthetic-v2.0.0,ALL_SYNTHETIC_CUSTOMERS,ALL_SYNTHETIC_PROGRAMS,RACK_MANIFOLD,SYNTHETIC_INTERNAL,SNP-COOLIT-20260925-BL,SCN-BASELINE,SFC-035-2,2026-H35,SELLER-ROLE-2,TERR-2,RACK_MANIFOLD,8,108,120,-12,12,BEST_CASE,0.85,CLOSED_PERIOD
TEN-COOLIT-SYN-001,SITE-COOLIT-SYN-01,CRM,SELLER_FORECAST,SFC-035-3,SFC-035-3,RESOLVED,2025-05-30T17:00:00-06:00,2026-09-26T08:00:00-06:00,2026-06-29T00:00:00-06:00,,1,,false,ACTIVE,EA,,VALID,CURRENT,coolit-synthetic-v2.0.0,ALL_SYNTHETIC_CUSTOMERS,ALL_SYNTHETIC_PROGRAMS,COOLANT_DISTRIBUTION_UNIT,SYNTHETIC_INTERNAL,SNP-COOLIT-20260925-BL,SCN-BASELINE,SFC-035-3,2026-H35,SELLER-ROLE-3,TERR-3,COOLANT_DISTRIBUTION_UNIT,13,121,109,12,12,PIPELINE,0.86,CLOSED_PERIOD
TEN-COOLIT-SYN-001,SITE-COOLIT-SYN-01,CRM,SELLER_FORECAST,SFC-036-1,SFC-036-1,RESOLVED,2025-06-06T17:00:00-06:00,2026-09-26T08:00:00-06:00,2026-06-29T00:00:00-06:00,,1,,false,ACTIVE,EA,,VALID,CURRENT,coolit-synthetic-v2.0.0,ALL_SYNTHETIC_CUSTOMERS,ALL_SYNTHETIC_PROGRAMS,COLDPLATE_LOOP,SYNTHETIC_INTERNAL,SNP-COOLIT-20260925-BL,SCN-BASELINE,SFC-036-1,2026-H36,SELLER-ROLE-1,TERR-1,COLDPLATE_LOOP,4,100,112,-12,12,COMMIT,0.85,CLOSED_PERIOD
TEN-COOLIT-SYN-001,SITE-COOLIT-SYN-01,CRM,SELLER_FORECAST,SFC-036-2,SFC-036-2,RESOLVED,2025-06-06T17:00:00-06:00,2026-09-26T08:00:00-06:00,2026-06-29T00:00:00-06:00,,1,,false,ACTIVE,EA,,VALID,CURRENT,coolit-synthetic-v2.0.0,ALL_SYNTHETIC_CUSTOMERS,ALL_SYNTHETIC_PROGRAMS,RACK_MANIFOLD,SYNTHETIC_INTERNAL,SNP-COOLIT-20260925-BL,SCN-BASELINE,SFC-036-2,2026-H36,SELLER-ROLE-2,TERR-2,RACK_MANIFOLD,8,113,101,12,12,BEST_CASE,0.86,CLOSED_PERIOD
TEN-COOLIT-SYN-001,SITE-COOLIT-SYN-01,CRM,SELLER_FORECAST,SFC-036-3,SFC-036-3,RESOLVED,2025-06-06T17:00:00-06:00,2026-09-26T08:00:00-06:00,2026-06-29T00:00:00-06:00,,1,,false,ACTIVE,EA,,VALID,CURRENT,coolit-synthetic-v2.0.0,ALL_SYNTHETIC_CUSTOMERS,ALL_SYNTHETIC_PROGRAMS,COOLANT_DISTRIBUTION_UNIT,SYNTHETIC_INTERNAL,SNP-COOLIT-20260925-BL,SCN-BASELINE,SFC-036-3,2026-H36,SELLER-ROLE-3,TERR-3,COOLANT_DISTRIBUTION_UNIT,13,126,117,9,9,PIPELINE,0.87,CLOSED_PERIOD
TEN-COOLIT-SYN-001,SITE-COOLIT-SYN-01,CRM,SELLER_FORECAST,SFC-037-1,SFC-037-1,RESOLVED,2025-06-13T17:00:00-06:00,2026-09-26T08:00:00-06:00,2026-06-29T00:00:00-06:00,,1,,false,ACTIVE,EA,,VALID,CURRENT,coolit-synthetic-v2.0.0,ALL_SYNTHETIC_CUSTOMERS,ALL_SYNTHETIC_PROGRAMS,COLDPLATE_LOOP,SYNTHETIC_INTERNAL,SNP-COOLIT-20260925-BL,SCN-BASELINE,SFC-037-1,2026-H37,SELLER-ROLE-1,TERR-1,COLDPLATE_LOOP,4,105,93,12,12,COMMIT,0.86,CLOSED_PERIOD
TEN-COOLIT-SYN-001,SITE-COOLIT-SYN-01,CRM,SELLER_FORECAST,SFC-037-2,SFC-037-2,RESOLVED,2025-06-13T17:00:00-06:00,2026-09-26T08:00:00-06:00,2026-06-29T00:00:00-06:00,,1,,false,ACTIVE,EA,,VALID,CURRENT,coolit-synthetic-v2.0.0,ALL_SYNTHETIC_CUSTOMERS,ALL_SYNTHETIC_PROGRAMS,RACK_MANIFOLD,SYNTHETIC_INTERNAL,SNP-COOLIT-20260925-BL,SCN-BASELINE,SFC-037-2,2026-H37,SELLER-ROLE-2,TERR-2,RACK_MANIFOLD,8,118,109,9,9,BEST_CASE,0.87,CLOSED_PERIOD
TEN-COOLIT-SYN-001,SITE-COOLIT-SYN-01,CRM,SELLER_FORECAST,SFC-037-3,SFC-037-3,RESOLVED,2025-06-13T17:00:00-06:00,2026-09-26T08:00:00-06:00,2026-06-29T00:00:00-06:00,,1,,false,ACTIVE,EA,,VALID,CURRENT,coolit-synthetic-v2.0.0,ALL_SYNTHETIC_CUSTOMERS,ALL_SYNTHETIC_PROGRAMS,COOLANT_DISTRIBUTION_UNIT,SYNTHETIC_INTERNAL,SNP-COOLIT-20260925-BL,SCN-BASELINE,SFC-037-3,2026-H37,SELLER-ROLE-3,TERR-3,COOLANT_DISTRIBUTION_UNIT,13,131,125,6,6,PIPELINE,0.88,CLOSED_PERIOD
TEN-COOLIT-SYN-001,SITE-COOLIT-SYN-01,CRM,SELLER_FORECAST,SFC-038-1,SFC-038-1,RESOLVED,2025-06-20T17:00:00-06:00,2026-09-26T08:00:00-06:00,2026-06-29T00:00:00-06:00,,1,,false,ACTIVE,EA,,VALID,CURRENT,coolit-synthetic-v2.0.0,ALL_SYNTHETIC_CUSTOMERS,ALL_SYNTHETIC_PROGRAMS,COLDPLATE_LOOP,SYNTHETIC_INTERNAL,SNP-COOLIT-20260925-BL,SCN-BASELINE,SFC-038-1,2026-H38,SELLER-ROLE-1,TERR-1,COLDPLATE_LOOP,4,110,101,9,9,COMMIT,0.87,CLOSED_PERIOD
TEN-COOLIT-SYN-001,SITE-COOLIT-SYN-01,CRM,SELLER_FORECAST,SFC-038-2,SFC-038-2,RESOLVED,2025-06-20T17:00:00-06:00,2026-09-26T08:00:00-06:00,2026-06-29T00:00:00-06:00,,1,,false,ACTIVE,EA,,VALID,CURRENT,coolit-synthetic-v2.0.0,ALL_SYNTHETIC_CUSTOMERS,ALL_SYNTHETIC_PROGRAMS,RACK_MANIFOLD,SYNTHETIC_INTERNAL,SNP-COOLIT-20260925-BL,SCN-BASELINE,SFC-038-2,2026-H38,SELLER-ROLE-2,TERR-2,RACK_MANIFOLD,8,123,117,6,6,BEST_CASE,0.88,CLOSED_PERIOD
TEN-COOLIT-SYN-001,SITE-COOLIT-SYN-01,CRM,SELLER_FORECAST,SFC-038-3,SFC-038-3,RESOLVED,2025-06-20T17:00:00-06:00,2026-09-26T08:00:00-06:00,2026-06-29T00:00:00-06:00,,1,,false,ACTIVE,EA,,VALID,CURRENT,coolit-synthetic-v2.0.0,ALL_SYNTHETIC_CUSTOMERS,ALL_SYNTHETIC_PROGRAMS,COOLANT_DISTRIBUTION_UNIT,SYNTHETIC_INTERNAL,SNP-COOLIT-20260925-BL,SCN-BASELINE,SFC-038-3,2026-H38,SELLER-ROLE-3,TERR-3,COOLANT_DISTRIBUTION_UNIT,13,136,133,3,3,PIPELINE,0.89,CLOSED_PERIOD
TEN-COOLIT-SYN-001,SITE-COOLIT-SYN-01,CRM,SELLER_FORECAST,SFC-039-1,SFC-039-1,RESOLVED,2025-06-27T17:00:00-06:00,2026-09-26T08:00:00-06:00,2026-06-29T00:00:00-06:00,,1,,false,ACTIVE,EA,,VALID,CURRENT,coolit-synthetic-v2.0.0,ALL_SYNTHETIC_CUSTOMERS,ALL_SYNTHETIC_PROGRAMS,COLDPLATE_LOOP,SYNTHETIC_INTERNAL,SNP-COOLIT-20260925-BL,SCN-BASELINE,SFC-039-1,2026-H39,SELLER-ROLE-1,TERR-1,COLDPLATE_LOOP,4,115,109,6,6,COMMIT,0.88,CLOSED_PERIOD
TEN-COOLIT-SYN-001,SITE-COOLIT-SYN-01,CRM,SELLER_FORECAST,SFC-039-2,SFC-039-2,RESOLVED,2025-06-27T17:00:00-06:00,2026-09-26T08:00:00-06:00,2026-06-29T00:00:00-06:00,,1,,false,ACTIVE,EA,,VALID,CURRENT,coolit-synthetic-v2.0.0,ALL_SYNTHETIC_CUSTOMERS,ALL_SYNTHETIC_PROGRAMS,RACK_MANIFOLD,SYNTHETIC_INTERNAL,SNP-COOLIT-20260925-BL,SCN-BASELINE,SFC-039-2,2026-H39,SELLER-ROLE-2,TERR-2,RACK_MANIFOLD,8,128,125,3,3,BEST_CASE,0.89,CLOSED_PERIOD
TEN-COOLIT-SYN-001,SITE-COOLIT-SYN-01,CRM,SELLER_FORECAST,SFC-039-3,SFC-039-3,RESOLVED,2025-06-27T17:00:00-06:00,2026-09-26T08:00:00-06:00,2026-06-29T00:00:00-06:00,,1,,false,ACTIVE,EA,,VALID,CURRENT,coolit-synthetic-v2.0.0,ALL_SYNTHETIC_CUSTOMERS,ALL_SYNTHETIC_PROGRAMS,COOLANT_DISTRIBUTION_UNIT,SYNTHETIC_INTERNAL,SNP-COOLIT-20260925-BL,SCN-BASELINE,SFC-039-3,2026-H39,SELLER-ROLE-3,TERR-3,COOLANT_DISTRIBUTION_UNIT,13,141,141,0,0,PIPELINE,0.7,CLOSED_PERIOD
TEN-COOLIT-SYN-001,SITE-COOLIT-SYN-01,CRM,SELLER_FORECAST,SFC-040-1,SFC-040-1,RESOLVED,2025-07-04T17:00:00-06:00,2026-09-26T08:00:00-06:00,2026-06-29T00:00:00-06:00,,1,,false,ACTIVE,EA,,VALID,CURRENT,coolit-synthetic-v2.0.0,ALL_SYNTHETIC_CUSTOMERS,ALL_SYNTHETIC_PROGRAMS,COLDPLATE_LOOP,SYNTHETIC_INTERNAL,SNP-COOLIT-20260925-BL,SCN-BASELINE,SFC-040-1,2026-H40,SELLER-ROLE-1,TERR-1,COLDPLATE_LOOP,4,120,117,3,3,COMMIT,0.89,CLOSED_PERIOD
TEN-COOLIT-SYN-001,SITE-COOLIT-SYN-01,CRM,SELLER_FORECAST,SFC-040-2,SFC-040-2,RESOLVED,2025-07-04T17:00:00-06:00,2026-09-26T08:00:00-06:00,2026-06-29T00:00:00-06:00,,1,,false,ACTIVE,EA,,VALID,CURRENT,coolit-synthetic-v2.0.0,ALL_SYNTHETIC_CUSTOMERS,ALL_SYNTHETIC_PROGRAMS,RACK_MANIFOLD,SYNTHETIC_INTERNAL,SNP-COOLIT-20260925-BL,SCN-BASELINE,SFC-040-2,2026-H40,SELLER-ROLE-2,TERR-2,RACK_MANIFOLD,8,133,133,0,0,BEST_CASE,0.7,CLOSED_PERIOD
TEN-COOLIT-SYN-001,SITE-COOLIT-SYN-01,CRM,SELLER_FORECAST,SFC-040-3,SFC-040-3,RESOLVED,2025-07-04T17:00:00-06:00,2026-09-26T08:00:00-06:00,2026-06-29T00:00:00-06:00,,1,,false,ACTIVE,EA,,VALID,CURRENT,coolit-synthetic-v2.0.0,ALL_SYNTHETIC_CUSTOMERS,ALL_SYNTHETIC_PROGRAMS,COOLANT_DISTRIBUTION_UNIT,SYNTHETIC_INTERNAL,SNP-COOLIT-20260925-BL,SCN-BASELINE,SFC-040-3,2026-H40,SELLER-ROLE-3,TERR-3,COOLANT_DISTRIBUTION_UNIT,13,146,149,-3,3,PIPELINE,0.71,CLOSED_PERIOD
TEN-COOLIT-SYN-001,SITE-COOLIT-SYN-01,CRM,SELLER_FORECAST,SFC-041-1,SFC-041-1,RESOLVED,2025-07-11T17:00:00-06:00,2026-09-26T08:00:00-06:00,2026-06-29T00:00:00-06:00,,1,,false,ACTIVE,EA,,VALID,CURRENT,coolit-synthetic-v2.0.0,ALL_SYNTHETIC_CUSTOMERS,ALL_SYNTHETIC_PROGRAMS,COLDPLATE_LOOP,SYNTHETIC_INTERNAL,SNP-COOLIT-20260925-BL,SCN-BASELINE,SFC-041-1,2026-H41,SELLER-ROLE-1,TERR-1,COLDPLATE_LOOP,4,125,125,0,0,COMMIT,0.7,CLOSED_PERIOD
TEN-COOLIT-SYN-001,SITE-COOLIT-SYN-01,CRM,SELLER_FORECAST,SFC-041-2,SFC-041-2,RESOLVED,2025-07-11T17:00:00-06:00,2026-09-26T08:00:00-06:00,2026-06-29T00:00:00-06:00,,1,,false,ACTIVE,EA,,VALID,CURRENT,coolit-synthetic-v2.0.0,ALL_SYNTHETIC_CUSTOMERS,ALL_SYNTHETIC_PROGRAMS,RACK_MANIFOLD,SYNTHETIC_INTERNAL,SNP-COOLIT-20260925-BL,SCN-BASELINE,SFC-041-2,2026-H41,SELLER-ROLE-2,TERR-2,RACK_MANIFOLD,8,138,141,-3,3,BEST_CASE,0.71,CLOSED_PERIOD
TEN-COOLIT-SYN-001,SITE-COOLIT-SYN-01,CRM,SELLER_FORECAST,SFC-041-3,SFC-041-3,RESOLVED,2025-07-11T17:00:00-06:00,2026-09-26T08:00:00-06:00,2026-06-29T00:00:00-06:00,,1,,false,ACTIVE,EA,,VALID,CURRENT,coolit-synthetic-v2.0.0,ALL_SYNTHETIC_CUSTOMERS,ALL_SYNTHETIC_PROGRAMS,COOLANT_DISTRIBUTION_UNIT,SYNTHETIC_INTERNAL,SNP-COOLIT-20260925-BL,SCN-BASELINE,SFC-041-3,2026-H41,SELLER-ROLE-3,TERR-3,COOLANT_DISTRIBUTION_UNIT,13,151,157,-6,6,PIPELINE,0.72,CLOSED_PERIOD
TEN-COOLIT-SYN-001,SITE-COOLIT-SYN-01,CRM,SELLER_FORECAST,SFC-042-1,SFC-042-1,RESOLVED,2025-07-18T17:00:00-06:00,2026-09-26T08:00:00-06:00,2026-06-29T00:00:00-06:00,,1,,false,ACTIVE,EA,,VALID,CURRENT,coolit-synthetic-v2.0.0,ALL_SYNTHETIC_CUSTOMERS,ALL_SYNTHETIC_PROGRAMS,COLDPLATE_LOOP,SYNTHETIC_INTERNAL,SNP-COOLIT-20260925-BL,SCN-BASELINE,SFC-042-1,2026-H42,SELLER-ROLE-1,TERR-1,COLDPLATE_LOOP,4,130,133,-3,3,COMMIT,0.71,CLOSED_PERIOD
TEN-COOLIT-SYN-001,SITE-COOLIT-SYN-01,CRM,SELLER_FORECAST,SFC-042-2,SFC-042-2,RESOLVED,2025-07-18T17:00:00-06:00,2026-09-26T08:00:00-06:00,2026-06-29T00:00:00-06:00,,1,,false,ACTIVE,EA,,VALID,CURRENT,coolit-synthetic-v2.0.0,ALL_SYNTHETIC_CUSTOMERS,ALL_SYNTHETIC_PROGRAMS,RACK_MANIFOLD,SYNTHETIC_INTERNAL,SNP-COOLIT-20260925-BL,SCN-BASELINE,SFC-042-2,2026-H42,SELLER-ROLE-2,TERR-2,RACK_MANIFOLD,8,143,149,-6,6,BEST_CASE,0.72,CLOSED_PERIOD
TEN-COOLIT-SYN-001,SITE-COOLIT-SYN-01,CRM,SELLER_FORECAST,SFC-042-3,SFC-042-3,RESOLVED,2025-07-18T17:00:00-06:00,2026-09-26T08:00:00-06:00,2026-06-29T00:00:00-06:00,,1,,false,ACTIVE,EA,,VALID,CURRENT,coolit-synthetic-v2.0.0,ALL_SYNTHETIC_CUSTOMERS,ALL_SYNTHETIC_PROGRAMS,COOLANT_DISTRIBUTION_UNIT,SYNTHETIC_INTERNAL,SNP-COOLIT-20260925-BL,SCN-BASELINE,SFC-042-3,2026-H42,SELLER-ROLE-3,TERR-3,COOLANT_DISTRIBUTION_UNIT,13,156,165,-9,9,PIPELINE,0.73,CLOSED_PERIOD
TEN-COOLIT-SYN-001,SITE-COOLIT-SYN-01,CRM,SELLER_FORECAST,SFC-043-1,SFC-043-1,RESOLVED,2025-07-25T17:00:00-06:00,2026-09-26T08:00:00-06:00,2026-06-29T00:00:00-06:00,,1,,false,ACTIVE,EA,,VALID,CURRENT,coolit-synthetic-v2.0.0,ALL_SYNTHETIC_CUSTOMERS,ALL_SYNTHETIC_PROGRAMS,COLDPLATE_LOOP,SYNTHETIC_INTERNAL,SNP-COOLIT-20260925-BL,SCN-BASELINE,SFC-043-1,2026-H43,SELLER-ROLE-1,TERR-1,COLDPLATE_LOOP,4,135,141,-6,6,COMMIT,0.72,CLOSED_PERIOD
TEN-COOLIT-SYN-001,SITE-COOLIT-SYN-01,CRM,SELLER_FORECAST,SFC-043-2,SFC-043-2,RESOLVED,2025-07-25T17:00:00-06:00,2026-09-26T08:00:00-06:00,2026-06-29T00:00:00-06:00,,1,,false,ACTIVE,EA,,VALID,CURRENT,coolit-synthetic-v2.0.0,ALL_SYNTHETIC_CUSTOMERS,ALL_SYNTHETIC_PROGRAMS,RACK_MANIFOLD,SYNTHETIC_INTERNAL,SNP-COOLIT-20260925-BL,SCN-BASELINE,SFC-043-2,2026-H43,SELLER-ROLE-2,TERR-2,RACK_MANIFOLD,8,148,157,-9,9,BEST_CASE,0.73,CLOSED_PERIOD
TEN-COOLIT-SYN-001,SITE-COOLIT-SYN-01,CRM,SELLER_FORECAST,SFC-043-3,SFC-043-3,RESOLVED,2025-07-25T17:00:00-06:00,2026-09-26T08:00:00-06:00,2026-06-29T00:00:00-06:00,,1,,false,ACTIVE,EA,,VALID,CURRENT,coolit-synthetic-v2.0.0,ALL_SYNTHETIC_CUSTOMERS,ALL_SYNTHETIC_PROGRAMS,COOLANT_DISTRIBUTION_UNIT,SYNTHETIC_INTERNAL,SNP-COOLIT-20260925-BL,SCN-BASELINE,SFC-043-3,2026-H43,SELLER-ROLE-3,TERR-3,COOLANT_DISTRIBUTION_UNIT,13,161,173,-12,12,PIPELINE,0.74,CLOSED_PERIOD
TEN-COOLIT-SYN-001,SITE-COOLIT-SYN-01,CRM,SELLER_FORECAST,SFC-044-1,SFC-044-1,RESOLVED,2025-08-01T17:00:00-06:00,2026-09-26T08:00:00-06:00,2026-06-29T00:00:00-06:00,,1,,false,ACTIVE,EA,,VALID,CURRENT,coolit-synthetic-v2.0.0,ALL_SYNTHETIC_CUSTOMERS,ALL_SYNTHETIC_PROGRAMS,COLDPLATE_LOOP,SYNTHETIC_INTERNAL,SNP-COOLIT-20260925-BL,SCN-BASELINE,SFC-044-1,2026-H44,SELLER-ROLE-1,TERR-1,COLDPLATE_LOOP,4,140,149,-9,9,COMMIT,0.73,CLOSED_PERIOD
TEN-COOLIT-SYN-001,SITE-COOLIT-SYN-01,CRM,SELLER_FORECAST,SFC-044-2,SFC-044-2,RESOLVED,2025-08-01T17:00:00-06:00,2026-09-26T08:00:00-06:00,2026-06-29T00:00:00-06:00,,1,,false,ACTIVE,EA,,VALID,CURRENT,coolit-synthetic-v2.0.0,ALL_SYNTHETIC_CUSTOMERS,ALL_SYNTHETIC_PROGRAMS,RACK_MANIFOLD,SYNTHETIC_INTERNAL,SNP-COOLIT-20260925-BL,SCN-BASELINE,SFC-044-2,2026-H44,SELLER-ROLE-2,TERR-2,RACK_MANIFOLD,8,153,165,-12,12,BEST_CASE,0.74,CLOSED_PERIOD
TEN-COOLIT-SYN-001,SITE-COOLIT-SYN-01,CRM,SELLER_FORECAST,SFC-044-3,SFC-044-3,RESOLVED,2025-08-01T17:00:00-06:00,2026-09-26T08:00:00-06:00,2026-06-29T00:00:00-06:00,,1,,false,ACTIVE,EA,,VALID,CURRENT,coolit-synthetic-v2.0.0,ALL_SYNTHETIC_CUSTOMERS,ALL_SYNTHETIC_PROGRAMS,COOLANT_DISTRIBUTION_UNIT,SYNTHETIC_INTERNAL,SNP-COOLIT-20260925-BL,SCN-BASELINE,SFC-044-3,2026-H44,SELLER-ROLE-3,TERR-3,COOLANT_DISTRIBUTION_UNIT,13,46,34,12,12,PIPELINE,0.75,CLOSED_PERIOD
TEN-COOLIT-SYN-001,SITE-COOLIT-SYN-01,CRM,SELLER_FORECAST,SFC-045-1,SFC-045-1,RESOLVED,2025-08-08T17:00:00-06:00,2026-09-26T08:00:00-06:00,2026-06-29T00:00:00-06:00,,1,,false,ACTIVE,EA,,VALID,CURRENT,coolit-synthetic-v2.0.0,ALL_SYNTHETIC_CUSTOMERS,ALL_SYNTHETIC_PROGRAMS,COLDPLATE_LOOP,SYNTHETIC_INTERNAL,SNP-COOLIT-20260925-BL,SCN-BASELINE,SFC-045-1,2026-H45,SELLER-ROLE-1,TERR-1,COLDPLATE_LOOP,4,145,157,-12,12,COMMIT,0.74,CLOSED_PERIOD
TEN-COOLIT-SYN-001,SITE-COOLIT-SYN-01,CRM,SELLER_FORECAST,SFC-045-2,SFC-045-2,RESOLVED,2025-08-08T17:00:00-06:00,2026-09-26T08:00:00-06:00,2026-06-29T00:00:00-06:00,,1,,false,ACTIVE,EA,,VALID,CURRENT,coolit-synthetic-v2.0.0,ALL_SYNTHETIC_CUSTOMERS,ALL_SYNTHETIC_PROGRAMS,RACK_MANIFOLD,SYNTHETIC_INTERNAL,SNP-COOLIT-20260925-BL,SCN-BASELINE,SFC-045-2,2026-H45,SELLER-ROLE-2,TERR-2,RACK_MANIFOLD,8,158,146,12,12,BEST_CASE,0.75,CLOSED_PERIOD
TEN-COOLIT-SYN-001,SITE-COOLIT-SYN-01,CRM,SELLER_FORECAST,SFC-045-3,SFC-045-3,RESOLVED,2025-08-08T17:00:00-06:00,2026-09-26T08:00:00-06:00,2026-06-29T00:00:00-06:00,,1,,false,ACTIVE,EA,,VALID,CURRENT,coolit-synthetic-v2.0.0,ALL_SYNTHETIC_CUSTOMERS,ALL_SYNTHETIC_PROGRAMS,COOLANT_DISTRIBUTION_UNIT,SYNTHETIC_INTERNAL,SNP-COOLIT-20260925-BL,SCN-BASELINE,SFC-045-3,2026-H45,SELLER-ROLE-3,TERR-3,COOLANT_DISTRIBUTION_UNIT,13,51,42,9,9,PIPELINE,0.76,CLOSED_PERIOD
TEN-COOLIT-SYN-001,SITE-COOLIT-SYN-01,CRM,SELLER_FORECAST,SFC-046-1,SFC-046-1,RESOLVED,2025-08-15T17:00:00-06:00,2026-09-26T08:00:00-06:00,2026-06-29T00:00:00-06:00,,1,,false,ACTIVE,EA,,VALID,CURRENT,coolit-synthetic-v2.0.0,ALL_SYNTHETIC_CUSTOMERS,ALL_SYNTHETIC_PROGRAMS,COLDPLATE_LOOP,SYNTHETIC_INTERNAL,SNP-COOLIT-20260925-BL,SCN-BASELINE,SFC-046-1,2026-H46,SELLER-ROLE-1,TERR-1,COLDPLATE_LOOP,4,150,138,12,12,COMMIT,0.75,CLOSED_PERIOD
TEN-COOLIT-SYN-001,SITE-COOLIT-SYN-01,CRM,SELLER_FORECAST,SFC-046-2,SFC-046-2,RESOLVED,2025-08-15T17:00:00-06:00,2026-09-26T08:00:00-06:00,2026-06-29T00:00:00-06:00,,1,,false,ACTIVE,EA,,VALID,CURRENT,coolit-synthetic-v2.0.0,ALL_SYNTHETIC_CUSTOMERS,ALL_SYNTHETIC_PROGRAMS,RACK_MANIFOLD,SYNTHETIC_INTERNAL,SNP-COOLIT-20260925-BL,SCN-BASELINE,SFC-046-2,2026-H46,SELLER-ROLE-2,TERR-2,RACK_MANIFOLD,8,163,154,9,9,BEST_CASE,0.76,CLOSED_PERIOD
TEN-COOLIT-SYN-001,SITE-COOLIT-SYN-01,CRM,SELLER_FORECAST,SFC-046-3,SFC-046-3,RESOLVED,2025-08-15T17:00:00-06:00,2026-09-26T08:00:00-06:00,2026-06-29T00:00:00-06:00,,1,,false,ACTIVE,EA,,VALID,CURRENT,coolit-synthetic-v2.0.0,ALL_SYNTHETIC_CUSTOMERS,ALL_SYNTHETIC_PROGRAMS,COOLANT_DISTRIBUTION_UNIT,SYNTHETIC_INTERNAL,SNP-COOLIT-20260925-BL,SCN-BASELINE,SFC-046-3,2026-H46,SELLER-ROLE-3,TERR-3,COOLANT_DISTRIBUTION_UNIT,13,56,50,6,6,PIPELINE,0.77,CLOSED_PERIOD
TEN-COOLIT-SYN-001,SITE-COOLIT-SYN-01,CRM,SELLER_FORECAST,SFC-047-1,SFC-047-1,RESOLVED,2025-08-22T17:00:00-06:00,2026-09-26T08:00:00-06:00,2026-06-29T00:00:00-06:00,,1,,false,ACTIVE,EA,,VALID,CURRENT,coolit-synthetic-v2.0.0,ALL_SYNTHETIC_CUSTOMERS,ALL_SYNTHETIC_PROGRAMS,COLDPLATE_LOOP,SYNTHETIC_INTERNAL,SNP-COOLIT-20260925-BL,SCN-BASELINE,SFC-047-1,2026-H47,SELLER-ROLE-1,TERR-1,COLDPLATE_LOOP,4,155,146,9,9,COMMIT,0.76,CLOSED_PERIOD
TEN-COOLIT-SYN-001,SITE-COOLIT-SYN-01,CRM,SELLER_FORECAST,SFC-047-2,SFC-047-2,RESOLVED,2025-08-22T17:00:00-06:00,2026-09-26T08:00:00-06:00,2026-06-29T00:00:00-06:00,,1,,false,ACTIVE,EA,,VALID,CURRENT,coolit-synthetic-v2.0.0,ALL_SYNTHETIC_CUSTOMERS,ALL_SYNTHETIC_PROGRAMS,RACK_MANIFOLD,SYNTHETIC_INTERNAL,SNP-COOLIT-20260925-BL,SCN-BASELINE,SFC-047-2,2026-H47,SELLER-ROLE-2,TERR-2,RACK_MANIFOLD,8,48,42,6,6,BEST_CASE,0.77,CLOSED_PERIOD
TEN-COOLIT-SYN-001,SITE-COOLIT-SYN-01,CRM,SELLER_FORECAST,SFC-047-3,SFC-047-3,RESOLVED,2025-08-22T17:00:00-06:00,2026-09-26T08:00:00-06:00,2026-06-29T00:00:00-06:00,,1,,false,ACTIVE,EA,,VALID,CURRENT,coolit-synthetic-v2.0.0,ALL_SYNTHETIC_CUSTOMERS,ALL_SYNTHETIC_PROGRAMS,COOLANT_DISTRIBUTION_UNIT,SYNTHETIC_INTERNAL,SNP-COOLIT-20260925-BL,SCN-BASELINE,SFC-047-3,2026-H47,SELLER-ROLE-3,TERR-3,COOLANT_DISTRIBUTION_UNIT,13,61,58,3,3,PIPELINE,0.78,CLOSED_PERIOD
TEN-COOLIT-SYN-001,SITE-COOLIT-SYN-01,CRM,SELLER_FORECAST,SFC-048-1,SFC-048-1,RESOLVED,2025-08-29T17:00:00-06:00,2026-09-26T08:00:00-06:00,2026-06-29T00:00:00-06:00,,1,,false,ACTIVE,EA,,VALID,CURRENT,coolit-synthetic-v2.0.0,ALL_SYNTHETIC_CUSTOMERS,ALL_SYNTHETIC_PROGRAMS,COLDPLATE_LOOP,SYNTHETIC_INTERNAL,SNP-COOLIT-20260925-BL,SCN-BASELINE,SFC-048-1,2026-H48,SELLER-ROLE-1,TERR-1,COLDPLATE_LOOP,4,160,154,6,6,COMMIT,0.77,CLOSED_PERIOD
TEN-COOLIT-SYN-001,SITE-COOLIT-SYN-01,CRM,SELLER_FORECAST,SFC-048-2,SFC-048-2,RESOLVED,2025-08-29T17:00:00-06:00,2026-09-26T08:00:00-06:00,2026-06-29T00:00:00-06:00,,1,,false,ACTIVE,EA,,VALID,CURRENT,coolit-synthetic-v2.0.0,ALL_SYNTHETIC_CUSTOMERS,ALL_SYNTHETIC_PROGRAMS,RACK_MANIFOLD,SYNTHETIC_INTERNAL,SNP-COOLIT-20260925-BL,SCN-BASELINE,SFC-048-2,2026-H48,SELLER-ROLE-2,TERR-2,RACK_MANIFOLD,8,53,50,3,3,BEST_CASE,0.78,CLOSED_PERIOD
TEN-COOLIT-SYN-001,SITE-COOLIT-SYN-01,CRM,SELLER_FORECAST,SFC-048-3,SFC-048-3,RESOLVED,2025-08-29T17:00:00-06:00,2026-09-26T08:00:00-06:00,2026-06-29T00:00:00-06:00,,1,,false,ACTIVE,EA,,VALID,CURRENT,coolit-synthetic-v2.0.0,ALL_SYNTHETIC_CUSTOMERS,ALL_SYNTHETIC_PROGRAMS,COOLANT_DISTRIBUTION_UNIT,SYNTHETIC_INTERNAL,SNP-COOLIT-20260925-BL,SCN-BASELINE,SFC-048-3,2026-H48,SELLER-ROLE-3,TERR-3,COOLANT_DISTRIBUTION_UNIT,13,66,66,0,0,PIPELINE,0.79,CLOSED_PERIOD
TEN-COOLIT-SYN-001,SITE-COOLIT-SYN-01,CRM,SELLER_FORECAST,SFC-049-1,SFC-049-1,RESOLVED,2025-09-05T17:00:00-06:00,2026-09-26T08:00:00-06:00,2026-06-29T00:00:00-06:00,,1,,false,ACTIVE,EA,,VALID,CURRENT,coolit-synthetic-v2.0.0,ALL_SYNTHETIC_CUSTOMERS,ALL_SYNTHETIC_PROGRAMS,COLDPLATE_LOOP,SYNTHETIC_INTERNAL,SNP-COOLIT-20260925-BL,SCN-BASELINE,SFC-049-1,2026-H49,SELLER-ROLE-1,TERR-1,COLDPLATE_LOOP,4,45,42,3,3,COMMIT,0.78,CLOSED_PERIOD
TEN-COOLIT-SYN-001,SITE-COOLIT-SYN-01,CRM,SELLER_FORECAST,SFC-049-2,SFC-049-2,RESOLVED,2025-09-05T17:00:00-06:00,2026-09-26T08:00:00-06:00,2026-06-29T00:00:00-06:00,,1,,false,ACTIVE,EA,,VALID,CURRENT,coolit-synthetic-v2.0.0,ALL_SYNTHETIC_CUSTOMERS,ALL_SYNTHETIC_PROGRAMS,RACK_MANIFOLD,SYNTHETIC_INTERNAL,SNP-COOLIT-20260925-BL,SCN-BASELINE,SFC-049-2,2026-H49,SELLER-ROLE-2,TERR-2,RACK_MANIFOLD,8,58,58,0,0,BEST_CASE,0.79,CLOSED_PERIOD
TEN-COOLIT-SYN-001,SITE-COOLIT-SYN-01,CRM,SELLER_FORECAST,SFC-049-3,SFC-049-3,RESOLVED,2025-09-05T17:00:00-06:00,2026-09-26T08:00:00-06:00,2026-06-29T00:00:00-06:00,,1,,false,ACTIVE,EA,,VALID,CURRENT,coolit-synthetic-v2.0.0,ALL_SYNTHETIC_CUSTOMERS,ALL_SYNTHETIC_PROGRAMS,COOLANT_DISTRIBUTION_UNIT,SYNTHETIC_INTERNAL,SNP-COOLIT-20260925-BL,SCN-BASELINE,SFC-049-3,2026-H49,SELLER-ROLE-3,TERR-3,COOLANT_DISTRIBUTION_UNIT,13,71,74,-3,3,PIPELINE,0.8,CLOSED_PERIOD
TEN-COOLIT-SYN-001,SITE-COOLIT-SYN-01,CRM,SELLER_FORECAST,SFC-050-1,SFC-050-1,RESOLVED,2025-09-12T17:00:00-06:00,2026-09-26T08:00:00-06:00,2026-06-29T00:00:00-06:00,,1,,false,ACTIVE,EA,,VALID,CURRENT,coolit-synthetic-v2.0.0,ALL_SYNTHETIC_CUSTOMERS,ALL_SYNTHETIC_PROGRAMS,COLDPLATE_LOOP,SYNTHETIC_INTERNAL,SNP-COOLIT-20260925-BL,SCN-BASELINE,SFC-050-1,2026-H50,SELLER-ROLE-1,TERR-1,COLDPLATE_LOOP,4,50,50,0,0,COMMIT,0.79,CLOSED_PERIOD
TEN-COOLIT-SYN-001,SITE-COOLIT-SYN-01,CRM,SELLER_FORECAST,SFC-050-2,SFC-050-2,RESOLVED,2025-09-12T17:00:00-06:00,2026-09-26T08:00:00-06:00,2026-06-29T00:00:00-06:00,,1,,false,ACTIVE,EA,,VALID,CURRENT,coolit-synthetic-v2.0.0,ALL_SYNTHETIC_CUSTOMERS,ALL_SYNTHETIC_PROGRAMS,RACK_MANIFOLD,SYNTHETIC_INTERNAL,SNP-COOLIT-20260925-BL,SCN-BASELINE,SFC-050-2,2026-H50,SELLER-ROLE-2,TERR-2,RACK_MANIFOLD,8,63,66,-3,3,BEST_CASE,0.8,CLOSED_PERIOD
TEN-COOLIT-SYN-001,SITE-COOLIT-SYN-01,CRM,SELLER_FORECAST,SFC-050-3,SFC-050-3,RESOLVED,2025-09-12T17:00:00-06:00,2026-09-26T08:00:00-06:00,2026-06-29T00:00:00-06:00,,1,,false,ACTIVE,EA,,VALID,CURRENT,coolit-synthetic-v2.0.0,ALL_SYNTHETIC_CUSTOMERS,ALL_SYNTHETIC_PROGRAMS,COOLANT_DISTRIBUTION_UNIT,SYNTHETIC_INTERNAL,SNP-COOLIT-20260925-BL,SCN-BASELINE,SFC-050-3,2026-H50,SELLER-ROLE-3,TERR-3,COOLANT_DISTRIBUTION_UNIT,13,76,82,-6,6,PIPELINE,0.81,CLOSED_PERIOD
TEN-COOLIT-SYN-001,SITE-COOLIT-SYN-01,CRM,SELLER_FORECAST,SFC-051-1,SFC-051-1,RESOLVED,2025-09-19T17:00:00-06:00,2026-09-26T08:00:00-06:00,2026-06-29T00:00:00-06:00,,1,,false,ACTIVE,EA,,VALID,CURRENT,coolit-synthetic-v2.0.0,ALL_SYNTHETIC_CUSTOMERS,ALL_SYNTHETIC_PROGRAMS,COLDPLATE_LOOP,SYNTHETIC_INTERNAL,SNP-COOLIT-20260925-BL,SCN-BASELINE,SFC-051-1,2026-H51,SELLER-ROLE-1,TERR-1,COLDPLATE_LOOP,4,55,58,-3,3,COMMIT,0.8,CLOSED_PERIOD
TEN-COOLIT-SYN-001,SITE-COOLIT-SYN-01,CRM,SELLER_FORECAST,SFC-051-2,SFC-051-2,RESOLVED,2025-09-19T17:00:00-06:00,2026-09-26T08:00:00-06:00,2026-06-29T00:00:00-06:00,,1,,false,ACTIVE,EA,,VALID,CURRENT,coolit-synthetic-v2.0.0,ALL_SYNTHETIC_CUSTOMERS,ALL_SYNTHETIC_PROGRAMS,RACK_MANIFOLD,SYNTHETIC_INTERNAL,SNP-COOLIT-20260925-BL,SCN-BASELINE,SFC-051-2,2026-H51,SELLER-ROLE-2,TERR-2,RACK_MANIFOLD,8,68,74,-6,6,BEST_CASE,0.81,CLOSED_PERIOD
TEN-COOLIT-SYN-001,SITE-COOLIT-SYN-01,CRM,SELLER_FORECAST,SFC-051-3,SFC-051-3,RESOLVED,2025-09-19T17:00:00-06:00,2026-09-26T08:00:00-06:00,2026-06-29T00:00:00-06:00,,1,,false,ACTIVE,EA,,VALID,CURRENT,coolit-synthetic-v2.0.0,ALL_SYNTHETIC_CUSTOMERS,ALL_SYNTHETIC_PROGRAMS,COOLANT_DISTRIBUTION_UNIT,SYNTHETIC_INTERNAL,SNP-COOLIT-20260925-BL,SCN-BASELINE,SFC-051-3,2026-H51,SELLER-ROLE-3,TERR-3,COOLANT_DISTRIBUTION_UNIT,13,81,90,-9,9,PIPELINE,0.82,CLOSED_PERIOD
TEN-COOLIT-SYN-001,SITE-COOLIT-SYN-01,CRM,SELLER_FORECAST,SFC-052-1,SFC-052-1,RESOLVED,2025-09-26T17:00:00-06:00,2026-09-26T08:00:00-06:00,2026-06-29T00:00:00-06:00,,1,,false,ACTIVE,EA,,VALID,CURRENT,coolit-synthetic-v2.0.0,ALL_SYNTHETIC_CUSTOMERS,ALL_SYNTHETIC_PROGRAMS,COLDPLATE_LOOP,SYNTHETIC_INTERNAL,SNP-COOLIT-20260925-BL,SCN-BASELINE,SFC-052-1,2026-H52,SELLER-ROLE-1,TERR-1,COLDPLATE_LOOP,4,60,66,-6,6,COMMIT,0.81,CLOSED_PERIOD
TEN-COOLIT-SYN-001,SITE-COOLIT-SYN-01,CRM,SELLER_FORECAST,SFC-052-2,SFC-052-2,RESOLVED,2025-09-26T17:00:00-06:00,2026-09-26T08:00:00-06:00,2026-06-29T00:00:00-06:00,,1,,false,ACTIVE,EA,,VALID,CURRENT,coolit-synthetic-v2.0.0,ALL_SYNTHETIC_CUSTOMERS,ALL_SYNTHETIC_PROGRAMS,RACK_MANIFOLD,SYNTHETIC_INTERNAL,SNP-COOLIT-20260925-BL,SCN-BASELINE,SFC-052-2,2026-H52,SELLER-ROLE-2,TERR-2,RACK_MANIFOLD,8,73,82,-9,9,BEST_CASE,0.82,CLOSED_PERIOD
TEN-COOLIT-SYN-001,SITE-COOLIT-SYN-01,CRM,SELLER_FORECAST,SFC-052-3,SFC-052-3,RESOLVED,2025-09-26T17:00:00-06:00,2026-09-26T08:00:00-06:00,2026-06-29T00:00:00-06:00,,1,,false,ACTIVE,EA,,VALID,CURRENT,coolit-synthetic-v2.0.0,ALL_SYNTHETIC_CUSTOMERS,ALL_SYNTHETIC_PROGRAMS,COOLANT_DISTRIBUTION_UNIT,SYNTHETIC_INTERNAL,SNP-COOLIT-20260925-BL,SCN-BASELINE,SFC-052-3,2026-H52,SELLER-ROLE-3,TERR-3,COOLANT_DISTRIBUTION_UNIT,13,86,98,-12,12,PIPELINE,0.83,CLOSED_PERIOD
TEN-COOLIT-SYN-001,SITE-COOLIT-SYN-01,CRM,SELLER_FORECAST,SFC-053-1,SFC-053-1,RESOLVED,2025-10-03T17:00:00-06:00,2026-09-26T08:00:00-06:00,2026-06-29T00:00:00-06:00,,1,,false,ACTIVE,EA,,VALID,CURRENT,coolit-synthetic-v2.0.0,ALL_SYNTHETIC_CUSTOMERS,ALL_SYNTHETIC_PROGRAMS,COLDPLATE_LOOP,SYNTHETIC_INTERNAL,SNP-COOLIT-20260925-BL,SCN-BASELINE,SFC-053-1,2026-H53,SELLER-ROLE-1,TERR-1,COLDPLATE_LOOP,4,65,74,-9,9,COMMIT,0.82,CLOSED_PERIOD
TEN-COOLIT-SYN-001,SITE-COOLIT-SYN-01,CRM,SELLER_FORECAST,SFC-053-2,SFC-053-2,RESOLVED,2025-10-03T17:00:00-06:00,2026-09-26T08:00:00-06:00,2026-06-29T00:00:00-06:00,,1,,false,ACTIVE,EA,,VALID,CURRENT,coolit-synthetic-v2.0.0,ALL_SYNTHETIC_CUSTOMERS,ALL_SYNTHETIC_PROGRAMS,RACK_MANIFOLD,SYNTHETIC_INTERNAL,SNP-COOLIT-20260925-BL,SCN-BASELINE,SFC-053-2,2026-H53,SELLER-ROLE-2,TERR-2,RACK_MANIFOLD,8,78,90,-12,12,BEST_CASE,0.83,CLOSED_PERIOD
TEN-COOLIT-SYN-001,SITE-COOLIT-SYN-01,CRM,SELLER_FORECAST,SFC-053-3,SFC-053-3,RESOLVED,2025-10-03T17:00:00-06:00,2026-09-26T08:00:00-06:00,2026-06-29T00:00:00-06:00,,1,,false,ACTIVE,EA,,VALID,CURRENT,coolit-synthetic-v2.0.0,ALL_SYNTHETIC_CUSTOMERS,ALL_SYNTHETIC_PROGRAMS,COOLANT_DISTRIBUTION_UNIT,SYNTHETIC_INTERNAL,SNP-COOLIT-20260925-BL,SCN-BASELINE,SFC-053-3,2026-H53,SELLER-ROLE-3,TERR-3,COOLANT_DISTRIBUTION_UNIT,13,91,79,12,12,PIPELINE,0.84,CLOSED_PERIOD
TEN-COOLIT-SYN-001,SITE-COOLIT-SYN-01,CRM,SELLER_FORECAST,SFC-054-1,SFC-054-1,RESOLVED,2025-10-10T17:00:00-06:00,2026-09-26T08:00:00-06:00,2026-06-29T00:00:00-06:00,,1,,false,ACTIVE,EA,,VALID,CURRENT,coolit-synthetic-v2.0.0,ALL_SYNTHETIC_CUSTOMERS,ALL_SYNTHETIC_PROGRAMS,COLDPLATE_LOOP,SYNTHETIC_INTERNAL,SNP-COOLIT-20260925-BL,SCN-BASELINE,SFC-054-1,2026-H54,SELLER-ROLE-1,TERR-1,COLDPLATE_LOOP,4,70,82,-12,12,COMMIT,0.83,CLOSED_PERIOD
TEN-COOLIT-SYN-001,SITE-COOLIT-SYN-01,CRM,SELLER_FORECAST,SFC-054-2,SFC-054-2,RESOLVED,2025-10-10T17:00:00-06:00,2026-09-26T08:00:00-06:00,2026-06-29T00:00:00-06:00,,1,,false,ACTIVE,EA,,VALID,CURRENT,coolit-synthetic-v2.0.0,ALL_SYNTHETIC_CUSTOMERS,ALL_SYNTHETIC_PROGRAMS,RACK_MANIFOLD,SYNTHETIC_INTERNAL,SNP-COOLIT-20260925-BL,SCN-BASELINE,SFC-054-2,2026-H54,SELLER-ROLE-2,TERR-2,RACK_MANIFOLD,8,83,71,12,12,BEST_CASE,0.84,CLOSED_PERIOD
TEN-COOLIT-SYN-001,SITE-COOLIT-SYN-01,CRM,SELLER_FORECAST,SFC-054-3,SFC-054-3,RESOLVED,2025-10-10T17:00:00-06:00,2026-09-26T08:00:00-06:00,2026-06-29T00:00:00-06:00,,1,,false,ACTIVE,EA,,VALID,CURRENT,coolit-synthetic-v2.0.0,ALL_SYNTHETIC_CUSTOMERS,ALL_SYNTHETIC_PROGRAMS,COOLANT_DISTRIBUTION_UNIT,SYNTHETIC_INTERNAL,SNP-COOLIT-20260925-BL,SCN-BASELINE,SFC-054-3,2026-H54,SELLER-ROLE-3,TERR-3,COOLANT_DISTRIBUTION_UNIT,13,96,87,9,9,PIPELINE,0.85,CLOSED_PERIOD
TEN-COOLIT-SYN-001,SITE-COOLIT-SYN-01,CRM,SELLER_FORECAST,SFC-055-1,SFC-055-1,RESOLVED,2025-10-17T17:00:00-06:00,2026-09-26T08:00:00-06:00,2026-06-29T00:00:00-06:00,,1,,false,ACTIVE,EA,,VALID,CURRENT,coolit-synthetic-v2.0.0,ALL_SYNTHETIC_CUSTOMERS,ALL_SYNTHETIC_PROGRAMS,COLDPLATE_LOOP,SYNTHETIC_INTERNAL,SNP-COOLIT-20260925-BL,SCN-BASELINE,SFC-055-1,2026-H55,SELLER-ROLE-1,TERR-1,COLDPLATE_LOOP,4,75,63,12,12,COMMIT,0.84,CLOSED_PERIOD
TEN-COOLIT-SYN-001,SITE-COOLIT-SYN-01,CRM,SELLER_FORECAST,SFC-055-2,SFC-055-2,RESOLVED,2025-10-17T17:00:00-06:00,2026-09-26T08:00:00-06:00,2026-06-29T00:00:00-06:00,,1,,false,ACTIVE,EA,,VALID,CURRENT,coolit-synthetic-v2.0.0,ALL_SYNTHETIC_CUSTOMERS,ALL_SYNTHETIC_PROGRAMS,RACK_MANIFOLD,SYNTHETIC_INTERNAL,SNP-COOLIT-20260925-BL,SCN-BASELINE,SFC-055-2,2026-H55,SELLER-ROLE-2,TERR-2,RACK_MANIFOLD,8,88,79,9,9,BEST_CASE,0.85,CLOSED_PERIOD
TEN-COOLIT-SYN-001,SITE-COOLIT-SYN-01,CRM,SELLER_FORECAST,SFC-055-3,SFC-055-3,RESOLVED,2025-10-17T17:00:00-06:00,2026-09-26T08:00:00-06:00,2026-06-29T00:00:00-06:00,,1,,false,ACTIVE,EA,,VALID,CURRENT,coolit-synthetic-v2.0.0,ALL_SYNTHETIC_CUSTOMERS,ALL_SYNTHETIC_PROGRAMS,COOLANT_DISTRIBUTION_UNIT,SYNTHETIC_INTERNAL,SNP-COOLIT-20260925-BL,SCN-BASELINE,SFC-055-3,2026-H55,SELLER-ROLE-3,TERR-3,COOLANT_DISTRIBUTION_UNIT,13,101,95,6,6,PIPELINE,0.86,CLOSED_PERIOD
TEN-COOLIT-SYN-001,SITE-COOLIT-SYN-01,CRM,SELLER_FORECAST,SFC-056-1,SFC-056-1,RESOLVED,2025-10-24T17:00:00-06:00,2026-09-26T08:00:00-06:00,2026-06-29T00:00:00-06:00,,1,,false,ACTIVE,EA,,VALID,CURRENT,coolit-synthetic-v2.0.0,ALL_SYNTHETIC_CUSTOMERS,ALL_SYNTHETIC_PROGRAMS,COLDPLATE_LOOP,SYNTHETIC_INTERNAL,SNP-COOLIT-20260925-BL,SCN-BASELINE,SFC-056-1,2026-H56,SELLER-ROLE-1,TERR-1,COLDPLATE_LOOP,4,80,71,9,9,COMMIT,0.85,CLOSED_PERIOD
TEN-COOLIT-SYN-001,SITE-COOLIT-SYN-01,CRM,SELLER_FORECAST,SFC-056-2,SFC-056-2,RESOLVED,2025-10-24T17:00:00-06:00,2026-09-26T08:00:00-06:00,2026-06-29T00:00:00-06:00,,1,,false,ACTIVE,EA,,VALID,CURRENT,coolit-synthetic-v2.0.0,ALL_SYNTHETIC_CUSTOMERS,ALL_SYNTHETIC_PROGRAMS,RACK_MANIFOLD,SYNTHETIC_INTERNAL,SNP-COOLIT-20260925-BL,SCN-BASELINE,SFC-056-2,2026-H56,SELLER-ROLE-2,TERR-2,RACK_MANIFOLD,8,93,87,6,6,BEST_CASE,0.86,CLOSED_PERIOD
TEN-COOLIT-SYN-001,SITE-COOLIT-SYN-01,CRM,SELLER_FORECAST,SFC-056-3,SFC-056-3,RESOLVED,2025-10-24T17:00:00-06:00,2026-09-26T08:00:00-06:00,2026-06-29T00:00:00-06:00,,1,,false,ACTIVE,EA,,VALID,CURRENT,coolit-synthetic-v2.0.0,ALL_SYNTHETIC_CUSTOMERS,ALL_SYNTHETIC_PROGRAMS,COOLANT_DISTRIBUTION_UNIT,SYNTHETIC_INTERNAL,SNP-COOLIT-20260925-BL,SCN-BASELINE,SFC-056-3,2026-H56,SELLER-ROLE-3,TERR-3,COOLANT_DISTRIBUTION_UNIT,13,106,103,3,3,PIPELINE,0.87,CLOSED_PERIOD
TEN-COOLIT-SYN-001,SITE-COOLIT-SYN-01,CRM,SELLER_FORECAST,SFC-057-1,SFC-057-1,RESOLVED,2025-10-31T17:00:00-06:00,2026-09-26T08:00:00-06:00,2026-06-29T00:00:00-06:00,,1,,false,ACTIVE,EA,,VALID,CURRENT,coolit-synthetic-v2.0.0,ALL_SYNTHETIC_CUSTOMERS,ALL_SYNTHETIC_PROGRAMS,COLDPLATE_LOOP,SYNTHETIC_INTERNAL,SNP-COOLIT-20260925-BL,SCN-BASELINE,SFC-057-1,2026-H57,SELLER-ROLE-1,TERR-1,COLDPLATE_LOOP,4,85,79,6,6,COMMIT,0.86,CLOSED_PERIOD
TEN-COOLIT-SYN-001,SITE-COOLIT-SYN-01,CRM,SELLER_FORECAST,SFC-057-2,SFC-057-2,RESOLVED,2025-10-31T17:00:00-06:00,2026-09-26T08:00:00-06:00,2026-06-29T00:00:00-06:00,,1,,false,ACTIVE,EA,,VALID,CURRENT,coolit-synthetic-v2.0.0,ALL_SYNTHETIC_CUSTOMERS,ALL_SYNTHETIC_PROGRAMS,RACK_MANIFOLD,SYNTHETIC_INTERNAL,SNP-COOLIT-20260925-BL,SCN-BASELINE,SFC-057-2,2026-H57,SELLER-ROLE-2,TERR-2,RACK_MANIFOLD,8,98,95,3,3,BEST_CASE,0.87,CLOSED_PERIOD
TEN-COOLIT-SYN-001,SITE-COOLIT-SYN-01,CRM,SELLER_FORECAST,SFC-057-3,SFC-057-3,RESOLVED,2025-10-31T17:00:00-06:00,2026-09-26T08:00:00-06:00,2026-06-29T00:00:00-06:00,,1,,false,ACTIVE,EA,,VALID,CURRENT,coolit-synthetic-v2.0.0,ALL_SYNTHETIC_CUSTOMERS,ALL_SYNTHETIC_PROGRAMS,COOLANT_DISTRIBUTION_UNIT,SYNTHETIC_INTERNAL,SNP-COOLIT-20260925-BL,SCN-BASELINE,SFC-057-3,2026-H57,SELLER-ROLE-3,TERR-3,COOLANT_DISTRIBUTION_UNIT,13,111,111,0,0,PIPELINE,0.88,CLOSED_PERIOD
TEN-COOLIT-SYN-001,SITE-COOLIT-SYN-01,CRM,SELLER_FORECAST,SFC-058-1,SFC-058-1,RESOLVED,2025-11-07T17:00:00-06:00,2026-09-26T08:00:00-06:00,2026-06-29T00:00:00-06:00,,1,,false,ACTIVE,EA,,VALID,CURRENT,coolit-synthetic-v2.0.0,ALL_SYNTHETIC_CUSTOMERS,ALL_SYNTHETIC_PROGRAMS,COLDPLATE_LOOP,SYNTHETIC_INTERNAL,SNP-COOLIT-20260925-BL,SCN-BASELINE,SFC-058-1,2026-H58,SELLER-ROLE-1,TERR-1,COLDPLATE_LOOP,4,90,87,3,3,COMMIT,0.87,CLOSED_PERIOD
TEN-COOLIT-SYN-001,SITE-COOLIT-SYN-01,CRM,SELLER_FORECAST,SFC-058-2,SFC-058-2,RESOLVED,2025-11-07T17:00:00-06:00,2026-09-26T08:00:00-06:00,2026-06-29T00:00:00-06:00,,1,,false,ACTIVE,EA,,VALID,CURRENT,coolit-synthetic-v2.0.0,ALL_SYNTHETIC_CUSTOMERS,ALL_SYNTHETIC_PROGRAMS,RACK_MANIFOLD,SYNTHETIC_INTERNAL,SNP-COOLIT-20260925-BL,SCN-BASELINE,SFC-058-2,2026-H58,SELLER-ROLE-2,TERR-2,RACK_MANIFOLD,8,103,103,0,0,BEST_CASE,0.88,CLOSED_PERIOD
TEN-COOLIT-SYN-001,SITE-COOLIT-SYN-01,CRM,SELLER_FORECAST,SFC-058-3,SFC-058-3,RESOLVED,2025-11-07T17:00:00-06:00,2026-09-26T08:00:00-06:00,2026-06-29T00:00:00-06:00,,1,,false,ACTIVE,EA,,VALID,CURRENT,coolit-synthetic-v2.0.0,ALL_SYNTHETIC_CUSTOMERS,ALL_SYNTHETIC_PROGRAMS,COOLANT_DISTRIBUTION_UNIT,SYNTHETIC_INTERNAL,SNP-COOLIT-20260925-BL,SCN-BASELINE,SFC-058-3,2026-H58,SELLER-ROLE-3,TERR-3,COOLANT_DISTRIBUTION_UNIT,13,116,119,-3,3,PIPELINE,0.89,CLOSED_PERIOD
TEN-COOLIT-SYN-001,SITE-COOLIT-SYN-01,CRM,SELLER_FORECAST,SFC-059-1,SFC-059-1,RESOLVED,2025-11-14T17:00:00-06:00,2026-09-26T08:00:00-06:00,2026-06-29T00:00:00-06:00,,1,,false,ACTIVE,EA,,VALID,CURRENT,coolit-synthetic-v2.0.0,ALL_SYNTHETIC_CUSTOMERS,ALL_SYNTHETIC_PROGRAMS,COLDPLATE_LOOP,SYNTHETIC_INTERNAL,SNP-COOLIT-20260925-BL,SCN-BASELINE,SFC-059-1,2026-H59,SELLER-ROLE-1,TERR-1,COLDPLATE_LOOP,4,95,95,0,0,COMMIT,0.88,CLOSED_PERIOD
TEN-COOLIT-SYN-001,SITE-COOLIT-SYN-01,CRM,SELLER_FORECAST,SFC-059-2,SFC-059-2,RESOLVED,2025-11-14T17:00:00-06:00,2026-09-26T08:00:00-06:00,2026-06-29T00:00:00-06:00,,1,,false,ACTIVE,EA,,VALID,CURRENT,coolit-synthetic-v2.0.0,ALL_SYNTHETIC_CUSTOMERS,ALL_SYNTHETIC_PROGRAMS,RACK_MANIFOLD,SYNTHETIC_INTERNAL,SNP-COOLIT-20260925-BL,SCN-BASELINE,SFC-059-2,2026-H59,SELLER-ROLE-2,TERR-2,RACK_MANIFOLD,8,108,111,-3,3,BEST_CASE,0.89,CLOSED_PERIOD
TEN-COOLIT-SYN-001,SITE-COOLIT-SYN-01,CRM,SELLER_FORECAST,SFC-059-3,SFC-059-3,RESOLVED,2025-11-14T17:00:00-06:00,2026-09-26T08:00:00-06:00,2026-06-29T00:00:00-06:00,,1,,false,ACTIVE,EA,,VALID,CURRENT,coolit-synthetic-v2.0.0,ALL_SYNTHETIC_CUSTOMERS,ALL_SYNTHETIC_PROGRAMS,COOLANT_DISTRIBUTION_UNIT,SYNTHETIC_INTERNAL,SNP-COOLIT-20260925-BL,SCN-BASELINE,SFC-059-3,2026-H59,SELLER-ROLE-3,TERR-3,COOLANT_DISTRIBUTION_UNIT,13,121,127,-6,6,PIPELINE,0.7,CLOSED_PERIOD
TEN-COOLIT-SYN-001,SITE-COOLIT-SYN-01,CRM,SELLER_FORECAST,SFC-060-1,SFC-060-1,RESOLVED,2025-11-21T17:00:00-06:00,2026-09-26T08:00:00-06:00,2026-06-29T00:00:00-06:00,,1,,false,ACTIVE,EA,,VALID,CURRENT,coolit-synthetic-v2.0.0,ALL_SYNTHETIC_CUSTOMERS,ALL_SYNTHETIC_PROGRAMS,COLDPLATE_LOOP,SYNTHETIC_INTERNAL,SNP-COOLIT-20260925-BL,SCN-BASELINE,SFC-060-1,2026-H60,SELLER-ROLE-1,TERR-1,COLDPLATE_LOOP,4,100,103,-3,3,COMMIT,0.89,CLOSED_PERIOD
TEN-COOLIT-SYN-001,SITE-COOLIT-SYN-01,CRM,SELLER_FORECAST,SFC-060-2,SFC-060-2,RESOLVED,2025-11-21T17:00:00-06:00,2026-09-26T08:00:00-06:00,2026-06-29T00:00:00-06:00,,1,,false,ACTIVE,EA,,VALID,CURRENT,coolit-synthetic-v2.0.0,ALL_SYNTHETIC_CUSTOMERS,ALL_SYNTHETIC_PROGRAMS,RACK_MANIFOLD,SYNTHETIC_INTERNAL,SNP-COOLIT-20260925-BL,SCN-BASELINE,SFC-060-2,2026-H60,SELLER-ROLE-2,TERR-2,RACK_MANIFOLD,8,113,119,-6,6,BEST_CASE,0.7,CLOSED_PERIOD
TEN-COOLIT-SYN-001,SITE-COOLIT-SYN-01,CRM,SELLER_FORECAST,SFC-060-3,SFC-060-3,RESOLVED,2025-11-21T17:00:00-06:00,2026-09-26T08:00:00-06:00,2026-06-29T00:00:00-06:00,,1,,false,ACTIVE,EA,,VALID,CURRENT,coolit-synthetic-v2.0.0,ALL_SYNTHETIC_CUSTOMERS,ALL_SYNTHETIC_PROGRAMS,COOLANT_DISTRIBUTION_UNIT,SYNTHETIC_INTERNAL,SNP-COOLIT-20260925-BL,SCN-BASELINE,SFC-060-3,2026-H60,SELLER-ROLE-3,TERR-3,COOLANT_DISTRIBUTION_UNIT,13,126,135,-9,9,PIPELINE,0.71,CLOSED_PERIOD
TEN-COOLIT-SYN-001,SITE-COOLIT-SYN-01,CRM,SELLER_FORECAST,SFC-061-1,SFC-061-1,RESOLVED,2025-11-28T17:00:00-06:00,2026-09-26T08:00:00-06:00,2026-06-29T00:00:00-06:00,,1,,false,ACTIVE,EA,,VALID,CURRENT,coolit-synthetic-v2.0.0,ALL_SYNTHETIC_CUSTOMERS,ALL_SYNTHETIC_PROGRAMS,COLDPLATE_LOOP,SYNTHETIC_INTERNAL,SNP-COOLIT-20260925-BL,SCN-BASELINE,SFC-061-1,2026-H61,SELLER-ROLE-1,TERR-1,COLDPLATE_LOOP,4,105,111,-6,6,COMMIT,0.7,CLOSED_PERIOD
TEN-COOLIT-SYN-001,SITE-COOLIT-SYN-01,CRM,SELLER_FORECAST,SFC-061-2,SFC-061-2,RESOLVED,2025-11-28T17:00:00-06:00,2026-09-26T08:00:00-06:00,2026-06-29T00:00:00-06:00,,1,,false,ACTIVE,EA,,VALID,CURRENT,coolit-synthetic-v2.0.0,ALL_SYNTHETIC_CUSTOMERS,ALL_SYNTHETIC_PROGRAMS,RACK_MANIFOLD,SYNTHETIC_INTERNAL,SNP-COOLIT-20260925-BL,SCN-BASELINE,SFC-061-2,2026-H61,SELLER-ROLE-2,TERR-2,RACK_MANIFOLD,8,118,127,-9,9,BEST_CASE,0.71,CLOSED_PERIOD
TEN-COOLIT-SYN-001,SITE-COOLIT-SYN-01,CRM,SELLER_FORECAST,SFC-061-3,SFC-061-3,RESOLVED,2025-11-28T17:00:00-06:00,2026-09-26T08:00:00-06:00,2026-06-29T00:00:00-06:00,,1,,false,ACTIVE,EA,,VALID,CURRENT,coolit-synthetic-v2.0.0,ALL_SYNTHETIC_CUSTOMERS,ALL_SYNTHETIC_PROGRAMS,COOLANT_DISTRIBUTION_UNIT,SYNTHETIC_INTERNAL,SNP-COOLIT-20260925-BL,SCN-BASELINE,SFC-061-3,2026-H61,SELLER-ROLE-3,TERR-3,COOLANT_DISTRIBUTION_UNIT,13,131,143,-12,12,PIPELINE,0.72,CLOSED_PERIOD
TEN-COOLIT-SYN-001,SITE-COOLIT-SYN-01,CRM,SELLER_FORECAST,SFC-062-1,SFC-062-1,RESOLVED,2025-12-05T17:00:00-06:00,2026-09-26T08:00:00-06:00,2026-06-29T00:00:00-06:00,,1,,false,ACTIVE,EA,,VALID,CURRENT,coolit-synthetic-v2.0.0,ALL_SYNTHETIC_CUSTOMERS,ALL_SYNTHETIC_PROGRAMS,COLDPLATE_LOOP,SYNTHETIC_INTERNAL,SNP-COOLIT-20260925-BL,SCN-BASELINE,SFC-062-1,2026-H62,SELLER-ROLE-1,TERR-1,COLDPLATE_LOOP,4,110,119,-9,9,COMMIT,0.71,CLOSED_PERIOD
TEN-COOLIT-SYN-001,SITE-COOLIT-SYN-01,CRM,SELLER_FORECAST,SFC-062-2,SFC-062-2,RESOLVED,2025-12-05T17:00:00-06:00,2026-09-26T08:00:00-06:00,2026-06-29T00:00:00-06:00,,1,,false,ACTIVE,EA,,VALID,CURRENT,coolit-synthetic-v2.0.0,ALL_SYNTHETIC_CUSTOMERS,ALL_SYNTHETIC_PROGRAMS,RACK_MANIFOLD,SYNTHETIC_INTERNAL,SNP-COOLIT-20260925-BL,SCN-BASELINE,SFC-062-2,2026-H62,SELLER-ROLE-2,TERR-2,RACK_MANIFOLD,8,123,135,-12,12,BEST_CASE,0.72,CLOSED_PERIOD
TEN-COOLIT-SYN-001,SITE-COOLIT-SYN-01,CRM,SELLER_FORECAST,SFC-062-3,SFC-062-3,RESOLVED,2025-12-05T17:00:00-06:00,2026-09-26T08:00:00-06:00,2026-06-29T00:00:00-06:00,,1,,false,ACTIVE,EA,,VALID,CURRENT,coolit-synthetic-v2.0.0,ALL_SYNTHETIC_CUSTOMERS,ALL_SYNTHETIC_PROGRAMS,COOLANT_DISTRIBUTION_UNIT,SYNTHETIC_INTERNAL,SNP-COOLIT-20260925-BL,SCN-BASELINE,SFC-062-3,2026-H62,SELLER-ROLE-3,TERR-3,COOLANT_DISTRIBUTION_UNIT,13,136,124,12,12,PIPELINE,0.73,CLOSED_PERIOD
TEN-COOLIT-SYN-001,SITE-COOLIT-SYN-01,CRM,SELLER_FORECAST,SFC-063-1,SFC-063-1,RESOLVED,2025-12-12T17:00:00-06:00,2026-09-26T08:00:00-06:00,2026-06-29T00:00:00-06:00,,1,,false,ACTIVE,EA,,VALID,CURRENT,coolit-synthetic-v2.0.0,ALL_SYNTHETIC_CUSTOMERS,ALL_SYNTHETIC_PROGRAMS,COLDPLATE_LOOP,SYNTHETIC_INTERNAL,SNP-COOLIT-20260925-BL,SCN-BASELINE,SFC-063-1,2026-H63,SELLER-ROLE-1,TERR-1,COLDPLATE_LOOP,4,115,127,-12,12,COMMIT,0.72,CLOSED_PERIOD
TEN-COOLIT-SYN-001,SITE-COOLIT-SYN-01,CRM,SELLER_FORECAST,SFC-063-2,SFC-063-2,RESOLVED,2025-12-12T17:00:00-06:00,2026-09-26T08:00:00-06:00,2026-06-29T00:00:00-06:00,,1,,false,ACTIVE,EA,,VALID,CURRENT,coolit-synthetic-v2.0.0,ALL_SYNTHETIC_CUSTOMERS,ALL_SYNTHETIC_PROGRAMS,RACK_MANIFOLD,SYNTHETIC_INTERNAL,SNP-COOLIT-20260925-BL,SCN-BASELINE,SFC-063-2,2026-H63,SELLER-ROLE-2,TERR-2,RACK_MANIFOLD,8,128,116,12,12,BEST_CASE,0.73,CLOSED_PERIOD
TEN-COOLIT-SYN-001,SITE-COOLIT-SYN-01,CRM,SELLER_FORECAST,SFC-063-3,SFC-063-3,RESOLVED,2025-12-12T17:00:00-06:00,2026-09-26T08:00:00-06:00,2026-06-29T00:00:00-06:00,,1,,false,ACTIVE,EA,,VALID,CURRENT,coolit-synthetic-v2.0.0,ALL_SYNTHETIC_CUSTOMERS,ALL_SYNTHETIC_PROGRAMS,COOLANT_DISTRIBUTION_UNIT,SYNTHETIC_INTERNAL,SNP-COOLIT-20260925-BL,SCN-BASELINE,SFC-063-3,2026-H63,SELLER-ROLE-3,TERR-3,COOLANT_DISTRIBUTION_UNIT,13,141,132,9,9,PIPELINE,0.74,CLOSED_PERIOD
TEN-COOLIT-SYN-001,SITE-COOLIT-SYN-01,CRM,SELLER_FORECAST,SFC-064-1,SFC-064-1,RESOLVED,2025-12-19T17:00:00-06:00,2026-09-26T08:00:00-06:00,2026-06-29T00:00:00-06:00,,1,,false,ACTIVE,EA,,VALID,CURRENT,coolit-synthetic-v2.0.0,ALL_SYNTHETIC_CUSTOMERS,ALL_SYNTHETIC_PROGRAMS,COLDPLATE_LOOP,SYNTHETIC_INTERNAL,SNP-COOLIT-20260925-BL,SCN-BASELINE,SFC-064-1,2026-H64,SELLER-ROLE-1,TERR-1,COLDPLATE_LOOP,4,120,108,12,12,COMMIT,0.73,CLOSED_PERIOD
TEN-COOLIT-SYN-001,SITE-COOLIT-SYN-01,CRM,SELLER_FORECAST,SFC-064-2,SFC-064-2,RESOLVED,2025-12-19T17:00:00-06:00,2026-09-26T08:00:00-06:00,2026-06-29T00:00:00-06:00,,1,,false,ACTIVE,EA,,VALID,CURRENT,coolit-synthetic-v2.0.0,ALL_SYNTHETIC_CUSTOMERS,ALL_SYNTHETIC_PROGRAMS,RACK_MANIFOLD,SYNTHETIC_INTERNAL,SNP-COOLIT-20260925-BL,SCN-BASELINE,SFC-064-2,2026-H64,SELLER-ROLE-2,TERR-2,RACK_MANIFOLD,8,133,124,9,9,BEST_CASE,0.74,CLOSED_PERIOD
TEN-COOLIT-SYN-001,SITE-COOLIT-SYN-01,CRM,SELLER_FORECAST,SFC-064-3,SFC-064-3,RESOLVED,2025-12-19T17:00:00-06:00,2026-09-26T08:00:00-06:00,2026-06-29T00:00:00-06:00,,1,,false,ACTIVE,EA,,VALID,CURRENT,coolit-synthetic-v2.0.0,ALL_SYNTHETIC_CUSTOMERS,ALL_SYNTHETIC_PROGRAMS,COOLANT_DISTRIBUTION_UNIT,SYNTHETIC_INTERNAL,SNP-COOLIT-20260925-BL,SCN-BASELINE,SFC-064-3,2026-H64,SELLER-ROLE-3,TERR-3,COOLANT_DISTRIBUTION_UNIT,13,146,140,6,6,PIPELINE,0.75,CLOSED_PERIOD
TEN-COOLIT-SYN-001,SITE-COOLIT-SYN-01,CRM,SELLER_FORECAST,SFC-065-1,SFC-065-1,RESOLVED,2025-12-26T17:00:00-06:00,2026-09-26T08:00:00-06:00,2026-06-29T00:00:00-06:00,,1,,false,ACTIVE,EA,,VALID,CURRENT,coolit-synthetic-v2.0.0,ALL_SYNTHETIC_CUSTOMERS,ALL_SYNTHETIC_PROGRAMS,COLDPLATE_LOOP,SYNTHETIC_INTERNAL,SNP-COOLIT-20260925-BL,SCN-BASELINE,SFC-065-1,2026-H65,SELLER-ROLE-1,TERR-1,COLDPLATE_LOOP,4,125,116,9,9,COMMIT,0.74,CLOSED_PERIOD
TEN-COOLIT-SYN-001,SITE-COOLIT-SYN-01,CRM,SELLER_FORECAST,SFC-065-2,SFC-065-2,RESOLVED,2025-12-26T17:00:00-06:00,2026-09-26T08:00:00-06:00,2026-06-29T00:00:00-06:00,,1,,false,ACTIVE,EA,,VALID,CURRENT,coolit-synthetic-v2.0.0,ALL_SYNTHETIC_CUSTOMERS,ALL_SYNTHETIC_PROGRAMS,RACK_MANIFOLD,SYNTHETIC_INTERNAL,SNP-COOLIT-20260925-BL,SCN-BASELINE,SFC-065-2,2026-H65,SELLER-ROLE-2,TERR-2,RACK_MANIFOLD,8,138,132,6,6,BEST_CASE,0.75,CLOSED_PERIOD
TEN-COOLIT-SYN-001,SITE-COOLIT-SYN-01,CRM,SELLER_FORECAST,SFC-065-3,SFC-065-3,RESOLVED,2025-12-26T17:00:00-06:00,2026-09-26T08:00:00-06:00,2026-06-29T00:00:00-06:00,,1,,false,ACTIVE,EA,,VALID,CURRENT,coolit-synthetic-v2.0.0,ALL_SYNTHETIC_CUSTOMERS,ALL_SYNTHETIC_PROGRAMS,COOLANT_DISTRIBUTION_UNIT,SYNTHETIC_INTERNAL,SNP-COOLIT-20260925-BL,SCN-BASELINE,SFC-065-3,2026-H65,SELLER-ROLE-3,TERR-3,COOLANT_DISTRIBUTION_UNIT,13,151,148,3,3,PIPELINE,0.76,CLOSED_PERIOD
TEN-COOLIT-SYN-001,SITE-COOLIT-SYN-01,CRM,SELLER_FORECAST,SFC-066-1,SFC-066-1,RESOLVED,2026-01-02T17:00:00-06:00,2026-09-26T08:00:00-06:00,2026-06-29T00:00:00-06:00,,1,,false,ACTIVE,EA,,VALID,CURRENT,coolit-synthetic-v2.0.0,ALL_SYNTHETIC_CUSTOMERS,ALL_SYNTHETIC_PROGRAMS,COLDPLATE_LOOP,SYNTHETIC_INTERNAL,SNP-COOLIT-20260925-BL,SCN-BASELINE,SFC-066-1,2026-H66,SELLER-ROLE-1,TERR-1,COLDPLATE_LOOP,4,130,124,6,6,COMMIT,0.75,CLOSED_PERIOD
TEN-COOLIT-SYN-001,SITE-COOLIT-SYN-01,CRM,SELLER_FORECAST,SFC-066-2,SFC-066-2,RESOLVED,2026-01-02T17:00:00-06:00,2026-09-26T08:00:00-06:00,2026-06-29T00:00:00-06:00,,1,,false,ACTIVE,EA,,VALID,CURRENT,coolit-synthetic-v2.0.0,ALL_SYNTHETIC_CUSTOMERS,ALL_SYNTHETIC_PROGRAMS,RACK_MANIFOLD,SYNTHETIC_INTERNAL,SNP-COOLIT-20260925-BL,SCN-BASELINE,SFC-066-2,2026-H66,SELLER-ROLE-2,TERR-2,RACK_MANIFOLD,8,143,140,3,3,BEST_CASE,0.76,CLOSED_PERIOD
TEN-COOLIT-SYN-001,SITE-COOLIT-SYN-01,CRM,SELLER_FORECAST,SFC-066-3,SFC-066-3,RESOLVED,2026-01-02T17:00:00-06:00,2026-09-26T08:00:00-06:00,2026-06-29T00:00:00-06:00,,1,,false,ACTIVE,EA,,VALID,CURRENT,coolit-synthetic-v2.0.0,ALL_SYNTHETIC_CUSTOMERS,ALL_SYNTHETIC_PROGRAMS,COOLANT_DISTRIBUTION_UNIT,SYNTHETIC_INTERNAL,SNP-COOLIT-20260925-BL,SCN-BASELINE,SFC-066-3,2026-H66,SELLER-ROLE-3,TERR-3,COOLANT_DISTRIBUTION_UNIT,13,156,156,0,0,PIPELINE,0.77,CLOSED_PERIOD
TEN-COOLIT-SYN-001,SITE-COOLIT-SYN-01,CRM,SELLER_FORECAST,SFC-067-1,SFC-067-1,RESOLVED,2026-01-09T17:00:00-06:00,2026-09-26T08:00:00-06:00,2026-06-29T00:00:00-06:00,,1,,false,ACTIVE,EA,,VALID,CURRENT,coolit-synthetic-v2.0.0,ALL_SYNTHETIC_CUSTOMERS,ALL_SYNTHETIC_PROGRAMS,COLDPLATE_LOOP,SYNTHETIC_INTERNAL,SNP-COOLIT-20260925-BL,SCN-BASELINE,SFC-067-1,2026-H67,SELLER-ROLE-1,TERR-1,COLDPLATE_LOOP,4,135,132,3,3,COMMIT,0.76,CLOSED_PERIOD
TEN-COOLIT-SYN-001,SITE-COOLIT-SYN-01,CRM,SELLER_FORECAST,SFC-067-2,SFC-067-2,RESOLVED,2026-01-09T17:00:00-06:00,2026-09-26T08:00:00-06:00,2026-06-29T00:00:00-06:00,,1,,false,ACTIVE,EA,,VALID,CURRENT,coolit-synthetic-v2.0.0,ALL_SYNTHETIC_CUSTOMERS,ALL_SYNTHETIC_PROGRAMS,RACK_MANIFOLD,SYNTHETIC_INTERNAL,SNP-COOLIT-20260925-BL,SCN-BASELINE,SFC-067-2,2026-H67,SELLER-ROLE-2,TERR-2,RACK_MANIFOLD,8,148,148,0,0,BEST_CASE,0.77,CLOSED_PERIOD
TEN-COOLIT-SYN-001,SITE-COOLIT-SYN-01,CRM,SELLER_FORECAST,SFC-067-3,SFC-067-3,RESOLVED,2026-01-09T17:00:00-06:00,2026-09-26T08:00:00-06:00,2026-06-29T00:00:00-06:00,,1,,false,ACTIVE,EA,,VALID,CURRENT,coolit-synthetic-v2.0.0,ALL_SYNTHETIC_CUSTOMERS,ALL_SYNTHETIC_PROGRAMS,COOLANT_DISTRIBUTION_UNIT,SYNTHETIC_INTERNAL,SNP-COOLIT-20260925-BL,SCN-BASELINE,SFC-067-3,2026-H67,SELLER-ROLE-3,TERR-3,COOLANT_DISTRIBUTION_UNIT,13,161,164,-3,3,PIPELINE,0.78,CLOSED_PERIOD
TEN-COOLIT-SYN-001,SITE-COOLIT-SYN-01,CRM,SELLER_FORECAST,SFC-068-1,SFC-068-1,RESOLVED,2026-01-16T17:00:00-06:00,2026-09-26T08:00:00-06:00,2026-06-29T00:00:00-06:00,,1,,false,ACTIVE,EA,,VALID,CURRENT,coolit-synthetic-v2.0.0,ALL_SYNTHETIC_CUSTOMERS,ALL_SYNTHETIC_PROGRAMS,COLDPLATE_LOOP,SYNTHETIC_INTERNAL,SNP-COOLIT-20260925-BL,SCN-BASELINE,SFC-068-1,2026-H68,SELLER-ROLE-1,TERR-1,COLDPLATE_LOOP,4,140,140,0,0,COMMIT,0.77,CLOSED_PERIOD
TEN-COOLIT-SYN-001,SITE-COOLIT-SYN-01,CRM,SELLER_FORECAST,SFC-068-2,SFC-068-2,RESOLVED,2026-01-16T17:00:00-06:00,2026-09-26T08:00:00-06:00,2026-06-29T00:00:00-06:00,,1,,false,ACTIVE,EA,,VALID,CURRENT,coolit-synthetic-v2.0.0,ALL_SYNTHETIC_CUSTOMERS,ALL_SYNTHETIC_PROGRAMS,RACK_MANIFOLD,SYNTHETIC_INTERNAL,SNP-COOLIT-20260925-BL,SCN-BASELINE,SFC-068-2,2026-H68,SELLER-ROLE-2,TERR-2,RACK_MANIFOLD,8,153,156,-3,3,BEST_CASE,0.78,CLOSED_PERIOD
TEN-COOLIT-SYN-001,SITE-COOLIT-SYN-01,CRM,SELLER_FORECAST,SFC-068-3,SFC-068-3,RESOLVED,2026-01-16T17:00:00-06:00,2026-09-26T08:00:00-06:00,2026-06-29T00:00:00-06:00,,1,,false,ACTIVE,EA,,VALID,CURRENT,coolit-synthetic-v2.0.0,ALL_SYNTHETIC_CUSTOMERS,ALL_SYNTHETIC_PROGRAMS,COOLANT_DISTRIBUTION_UNIT,SYNTHETIC_INTERNAL,SNP-COOLIT-20260925-BL,SCN-BASELINE,SFC-068-3,2026-H68,SELLER-ROLE-3,TERR-3,COOLANT_DISTRIBUTION_UNIT,13,46,52,-6,6,PIPELINE,0.79,CLOSED_PERIOD
TEN-COOLIT-SYN-001,SITE-COOLIT-SYN-01,CRM,SELLER_FORECAST,SFC-069-1,SFC-069-1,RESOLVED,2026-01-23T17:00:00-06:00,2026-09-26T08:00:00-06:00,2026-06-29T00:00:00-06:00,,1,,false,ACTIVE,EA,,VALID,CURRENT,coolit-synthetic-v2.0.0,ALL_SYNTHETIC_CUSTOMERS,ALL_SYNTHETIC_PROGRAMS,COLDPLATE_LOOP,SYNTHETIC_INTERNAL,SNP-COOLIT-20260925-BL,SCN-BASELINE,SFC-069-1,2026-H69,SELLER-ROLE-1,TERR-1,COLDPLATE_LOOP,4,145,148,-3,3,COMMIT,0.78,CLOSED_PERIOD
TEN-COOLIT-SYN-001,SITE-COOLIT-SYN-01,CRM,SELLER_FORECAST,SFC-069-2,SFC-069-2,RESOLVED,2026-01-23T17:00:00-06:00,2026-09-26T08:00:00-06:00,2026-06-29T00:00:00-06:00,,1,,false,ACTIVE,EA,,VALID,CURRENT,coolit-synthetic-v2.0.0,ALL_SYNTHETIC_CUSTOMERS,ALL_SYNTHETIC_PROGRAMS,RACK_MANIFOLD,SYNTHETIC_INTERNAL,SNP-COOLIT-20260925-BL,SCN-BASELINE,SFC-069-2,2026-H69,SELLER-ROLE-2,TERR-2,RACK_MANIFOLD,8,158,164,-6,6,BEST_CASE,0.79,CLOSED_PERIOD
TEN-COOLIT-SYN-001,SITE-COOLIT-SYN-01,CRM,SELLER_FORECAST,SFC-069-3,SFC-069-3,RESOLVED,2026-01-23T17:00:00-06:00,2026-09-26T08:00:00-06:00,2026-06-29T00:00:00-06:00,,1,,false,ACTIVE,EA,,VALID,CURRENT,coolit-synthetic-v2.0.0,ALL_SYNTHETIC_CUSTOMERS,ALL_SYNTHETIC_PROGRAMS,COOLANT_DISTRIBUTION_UNIT,SYNTHETIC_INTERNAL,SNP-COOLIT-20260925-BL,SCN-BASELINE,SFC-069-3,2026-H69,SELLER-ROLE-3,TERR-3,COOLANT_DISTRIBUTION_UNIT,13,51,60,-9,9,PIPELINE,0.8,CLOSED_PERIOD
TEN-COOLIT-SYN-001,SITE-COOLIT-SYN-01,CRM,SELLER_FORECAST,SFC-070-1,SFC-070-1,RESOLVED,2026-01-30T17:00:00-06:00,2026-09-26T08:00:00-06:00,2026-06-29T00:00:00-06:00,,1,,false,ACTIVE,EA,,VALID,CURRENT,coolit-synthetic-v2.0.0,ALL_SYNTHETIC_CUSTOMERS,ALL_SYNTHETIC_PROGRAMS,COLDPLATE_LOOP,SYNTHETIC_INTERNAL,SNP-COOLIT-20260925-BL,SCN-BASELINE,SFC-070-1,2026-H70,SELLER-ROLE-1,TERR-1,COLDPLATE_LOOP,4,150,156,-6,6,COMMIT,0.79,CLOSED_PERIOD
TEN-COOLIT-SYN-001,SITE-COOLIT-SYN-01,CRM,SELLER_FORECAST,SFC-070-2,SFC-070-2,RESOLVED,2026-01-30T17:00:00-06:00,2026-09-26T08:00:00-06:00,2026-06-29T00:00:00-06:00,,1,,false,ACTIVE,EA,,VALID,CURRENT,coolit-synthetic-v2.0.0,ALL_SYNTHETIC_CUSTOMERS,ALL_SYNTHETIC_PROGRAMS,RACK_MANIFOLD,SYNTHETIC_INTERNAL,SNP-COOLIT-20260925-BL,SCN-BASELINE,SFC-070-2,2026-H70,SELLER-ROLE-2,TERR-2,RACK_MANIFOLD,8,163,172,-9,9,BEST_CASE,0.8,CLOSED_PERIOD
TEN-COOLIT-SYN-001,SITE-COOLIT-SYN-01,CRM,SELLER_FORECAST,SFC-070-3,SFC-070-3,RESOLVED,2026-01-30T17:00:00-06:00,2026-09-26T08:00:00-06:00,2026-06-29T00:00:00-06:00,,1,,false,ACTIVE,EA,,VALID,CURRENT,coolit-synthetic-v2.0.0,ALL_SYNTHETIC_CUSTOMERS,ALL_SYNTHETIC_PROGRAMS,COOLANT_DISTRIBUTION_UNIT,SYNTHETIC_INTERNAL,SNP-COOLIT-20260925-BL,SCN-BASELINE,SFC-070-3,2026-H70,SELLER-ROLE-3,TERR-3,COOLANT_DISTRIBUTION_UNIT,13,56,68,-12,12,PIPELINE,0.81,CLOSED_PERIOD
TEN-COOLIT-SYN-001,SITE-COOLIT-SYN-01,CRM,SELLER_FORECAST,SFC-071-1,SFC-071-1,RESOLVED,2026-02-06T17:00:00-06:00,2026-09-26T08:00:00-06:00,2026-06-29T00:00:00-06:00,,1,,false,ACTIVE,EA,,VALID,CURRENT,coolit-synthetic-v2.0.0,ALL_SYNTHETIC_CUSTOMERS,ALL_SYNTHETIC_PROGRAMS,COLDPLATE_LOOP,SYNTHETIC_INTERNAL,SNP-COOLIT-20260925-BL,SCN-BASELINE,SFC-071-1,2026-H71,SELLER-ROLE-1,TERR-1,COLDPLATE_LOOP,4,155,164,-9,9,COMMIT,0.8,CLOSED_PERIOD
TEN-COOLIT-SYN-001,SITE-COOLIT-SYN-01,CRM,SELLER_FORECAST,SFC-071-2,SFC-071-2,RESOLVED,2026-02-06T17:00:00-06:00,2026-09-26T08:00:00-06:00,2026-06-29T00:00:00-06:00,,1,,false,ACTIVE,EA,,VALID,CURRENT,coolit-synthetic-v2.0.0,ALL_SYNTHETIC_CUSTOMERS,ALL_SYNTHETIC_PROGRAMS,RACK_MANIFOLD,SYNTHETIC_INTERNAL,SNP-COOLIT-20260925-BL,SCN-BASELINE,SFC-071-2,2026-H71,SELLER-ROLE-2,TERR-2,RACK_MANIFOLD,8,48,60,-12,12,BEST_CASE,0.81,CLOSED_PERIOD
TEN-COOLIT-SYN-001,SITE-COOLIT-SYN-01,CRM,SELLER_FORECAST,SFC-071-3,SFC-071-3,RESOLVED,2026-02-06T17:00:00-06:00,2026-09-26T08:00:00-06:00,2026-06-29T00:00:00-06:00,,1,,false,ACTIVE,EA,,VALID,CURRENT,coolit-synthetic-v2.0.0,ALL_SYNTHETIC_CUSTOMERS,ALL_SYNTHETIC_PROGRAMS,COOLANT_DISTRIBUTION_UNIT,SYNTHETIC_INTERNAL,SNP-COOLIT-20260925-BL,SCN-BASELINE,SFC-071-3,2026-H71,SELLER-ROLE-3,TERR-3,COOLANT_DISTRIBUTION_UNIT,13,61,49,12,12,PIPELINE,0.82,CLOSED_PERIOD
TEN-COOLIT-SYN-001,SITE-COOLIT-SYN-01,CRM,SELLER_FORECAST,SFC-072-1,SFC-072-1,RESOLVED,2026-02-13T17:00:00-06:00,2026-09-26T08:00:00-06:00,2026-06-29T00:00:00-06:00,,1,,false,ACTIVE,EA,,VALID,CURRENT,coolit-synthetic-v2.0.0,ALL_SYNTHETIC_CUSTOMERS,ALL_SYNTHETIC_PROGRAMS,COLDPLATE_LOOP,SYNTHETIC_INTERNAL,SNP-COOLIT-20260925-BL,SCN-BASELINE,SFC-072-1,2026-H72,SELLER-ROLE-1,TERR-1,COLDPLATE_LOOP,4,160,172,-12,12,COMMIT,0.81,CLOSED_PERIOD
TEN-COOLIT-SYN-001,SITE-COOLIT-SYN-01,CRM,SELLER_FORECAST,SFC-072-2,SFC-072-2,RESOLVED,2026-02-13T17:00:00-06:00,2026-09-26T08:00:00-06:00,2026-06-29T00:00:00-06:00,,1,,false,ACTIVE,EA,,VALID,CURRENT,coolit-synthetic-v2.0.0,ALL_SYNTHETIC_CUSTOMERS,ALL_SYNTHETIC_PROGRAMS,RACK_MANIFOLD,SYNTHETIC_INTERNAL,SNP-COOLIT-20260925-BL,SCN-BASELINE,SFC-072-2,2026-H72,SELLER-ROLE-2,TERR-2,RACK_MANIFOLD,8,53,41,12,12,BEST_CASE,0.82,CLOSED_PERIOD
TEN-COOLIT-SYN-001,SITE-COOLIT-SYN-01,CRM,SELLER_FORECAST,SFC-072-3,SFC-072-3,RESOLVED,2026-02-13T17:00:00-06:00,2026-09-26T08:00:00-06:00,2026-06-29T00:00:00-06:00,,1,,false,ACTIVE,EA,,VALID,CURRENT,coolit-synthetic-v2.0.0,ALL_SYNTHETIC_CUSTOMERS,ALL_SYNTHETIC_PROGRAMS,COOLANT_DISTRIBUTION_UNIT,SYNTHETIC_INTERNAL,SNP-COOLIT-20260925-BL,SCN-BASELINE,SFC-072-3,2026-H72,SELLER-ROLE-3,TERR-3,COOLANT_DISTRIBUTION_UNIT,13,66,57,9,9,PIPELINE,0.83,CLOSED_PERIOD
TEN-COOLIT-SYN-001,SITE-COOLIT-SYN-01,CRM,SELLER_FORECAST,SFC-073-1,SFC-073-1,RESOLVED,2026-02-20T17:00:00-06:00,2026-09-26T08:00:00-06:00,2026-06-29T00:00:00-06:00,,1,,false,ACTIVE,EA,,VALID,CURRENT,coolit-synthetic-v2.0.0,ALL_SYNTHETIC_CUSTOMERS,ALL_SYNTHETIC_PROGRAMS,COLDPLATE_LOOP,SYNTHETIC_INTERNAL,SNP-COOLIT-20260925-BL,SCN-BASELINE,SFC-073-1,2026-H73,SELLER-ROLE-1,TERR-1,COLDPLATE_LOOP,4,45,33,12,12,COMMIT,0.82,CLOSED_PERIOD
TEN-COOLIT-SYN-001,SITE-COOLIT-SYN-01,CRM,SELLER_FORECAST,SFC-073-2,SFC-073-2,RESOLVED,2026-02-20T17:00:00-06:00,2026-09-26T08:00:00-06:00,2026-06-29T00:00:00-06:00,,1,,false,ACTIVE,EA,,VALID,CURRENT,coolit-synthetic-v2.0.0,ALL_SYNTHETIC_CUSTOMERS,ALL_SYNTHETIC_PROGRAMS,RACK_MANIFOLD,SYNTHETIC_INTERNAL,SNP-COOLIT-20260925-BL,SCN-BASELINE,SFC-073-2,2026-H73,SELLER-ROLE-2,TERR-2,RACK_MANIFOLD,8,58,49,9,9,BEST_CASE,0.83,CLOSED_PERIOD
TEN-COOLIT-SYN-001,SITE-COOLIT-SYN-01,CRM,SELLER_FORECAST,SFC-073-3,SFC-073-3,RESOLVED,2026-02-20T17:00:00-06:00,2026-09-26T08:00:00-06:00,2026-06-29T00:00:00-06:00,,1,,false,ACTIVE,EA,,VALID,CURRENT,coolit-synthetic-v2.0.0,ALL_SYNTHETIC_CUSTOMERS,ALL_SYNTHETIC_PROGRAMS,COOLANT_DISTRIBUTION_UNIT,SYNTHETIC_INTERNAL,SNP-COOLIT-20260925-BL,SCN-BASELINE,SFC-073-3,2026-H73,SELLER-ROLE-3,TERR-3,COOLANT_DISTRIBUTION_UNIT,13,71,65,6,6,PIPELINE,0.84,CLOSED_PERIOD
TEN-COOLIT-SYN-001,SITE-COOLIT-SYN-01,CRM,SELLER_FORECAST,SFC-074-1,SFC-074-1,RESOLVED,2026-02-27T17:00:00-06:00,2026-09-26T08:00:00-06:00,2026-06-29T00:00:00-06:00,,1,,false,ACTIVE,EA,,VALID,CURRENT,coolit-synthetic-v2.0.0,ALL_SYNTHETIC_CUSTOMERS,ALL_SYNTHETIC_PROGRAMS,COLDPLATE_LOOP,SYNTHETIC_INTERNAL,SNP-COOLIT-20260925-BL,SCN-BASELINE,SFC-074-1,2026-H74,SELLER-ROLE-1,TERR-1,COLDPLATE_LOOP,4,50,41,9,9,COMMIT,0.83,CLOSED_PERIOD
TEN-COOLIT-SYN-001,SITE-COOLIT-SYN-01,CRM,SELLER_FORECAST,SFC-074-2,SFC-074-2,RESOLVED,2026-02-27T17:00:00-06:00,2026-09-26T08:00:00-06:00,2026-06-29T00:00:00-06:00,,1,,false,ACTIVE,EA,,VALID,CURRENT,coolit-synthetic-v2.0.0,ALL_SYNTHETIC_CUSTOMERS,ALL_SYNTHETIC_PROGRAMS,RACK_MANIFOLD,SYNTHETIC_INTERNAL,SNP-COOLIT-20260925-BL,SCN-BASELINE,SFC-074-2,2026-H74,SELLER-ROLE-2,TERR-2,RACK_MANIFOLD,8,63,57,6,6,BEST_CASE,0.84,CLOSED_PERIOD
TEN-COOLIT-SYN-001,SITE-COOLIT-SYN-01,CRM,SELLER_FORECAST,SFC-074-3,SFC-074-3,RESOLVED,2026-02-27T17:00:00-06:00,2026-09-26T08:00:00-06:00,2026-06-29T00:00:00-06:00,,1,,false,ACTIVE,EA,,VALID,CURRENT,coolit-synthetic-v2.0.0,ALL_SYNTHETIC_CUSTOMERS,ALL_SYNTHETIC_PROGRAMS,COOLANT_DISTRIBUTION_UNIT,SYNTHETIC_INTERNAL,SNP-COOLIT-20260925-BL,SCN-BASELINE,SFC-074-3,2026-H74,SELLER-ROLE-3,TERR-3,COOLANT_DISTRIBUTION_UNIT,13,76,73,3,3,PIPELINE,0.85,CLOSED_PERIOD
TEN-COOLIT-SYN-001,SITE-COOLIT-SYN-01,CRM,SELLER_FORECAST,SFC-075-1,SFC-075-1,RESOLVED,2026-03-06T17:00:00-06:00,2026-09-26T08:00:00-06:00,2026-06-29T00:00:00-06:00,,1,,false,ACTIVE,EA,,VALID,CURRENT,coolit-synthetic-v2.0.0,ALL_SYNTHETIC_CUSTOMERS,ALL_SYNTHETIC_PROGRAMS,COLDPLATE_LOOP,SYNTHETIC_INTERNAL,SNP-COOLIT-20260925-BL,SCN-BASELINE,SFC-075-1,2026-H75,SELLER-ROLE-1,TERR-1,COLDPLATE_LOOP,4,55,49,6,6,COMMIT,0.84,CLOSED_PERIOD
TEN-COOLIT-SYN-001,SITE-COOLIT-SYN-01,CRM,SELLER_FORECAST,SFC-075-2,SFC-075-2,RESOLVED,2026-03-06T17:00:00-06:00,2026-09-26T08:00:00-06:00,2026-06-29T00:00:00-06:00,,1,,false,ACTIVE,EA,,VALID,CURRENT,coolit-synthetic-v2.0.0,ALL_SYNTHETIC_CUSTOMERS,ALL_SYNTHETIC_PROGRAMS,RACK_MANIFOLD,SYNTHETIC_INTERNAL,SNP-COOLIT-20260925-BL,SCN-BASELINE,SFC-075-2,2026-H75,SELLER-ROLE-2,TERR-2,RACK_MANIFOLD,8,68,65,3,3,BEST_CASE,0.85,CLOSED_PERIOD
TEN-COOLIT-SYN-001,SITE-COOLIT-SYN-01,CRM,SELLER_FORECAST,SFC-075-3,SFC-075-3,RESOLVED,2026-03-06T17:00:00-06:00,2026-09-26T08:00:00-06:00,2026-06-29T00:00:00-06:00,,1,,false,ACTIVE,EA,,VALID,CURRENT,coolit-synthetic-v2.0.0,ALL_SYNTHETIC_CUSTOMERS,ALL_SYNTHETIC_PROGRAMS,COOLANT_DISTRIBUTION_UNIT,SYNTHETIC_INTERNAL,SNP-COOLIT-20260925-BL,SCN-BASELINE,SFC-075-3,2026-H75,SELLER-ROLE-3,TERR-3,COOLANT_DISTRIBUTION_UNIT,13,81,81,0,0,PIPELINE,0.86,CLOSED_PERIOD
TEN-COOLIT-SYN-001,SITE-COOLIT-SYN-01,CRM,SELLER_FORECAST,SFC-076-1,SFC-076-1,RESOLVED,2026-03-13T17:00:00-06:00,2026-09-26T08:00:00-06:00,2026-06-29T00:00:00-06:00,,1,,false,ACTIVE,EA,,VALID,CURRENT,coolit-synthetic-v2.0.0,ALL_SYNTHETIC_CUSTOMERS,ALL_SYNTHETIC_PROGRAMS,COLDPLATE_LOOP,SYNTHETIC_INTERNAL,SNP-COOLIT-20260925-BL,SCN-BASELINE,SFC-076-1,2026-H76,SELLER-ROLE-1,TERR-1,COLDPLATE_LOOP,4,60,57,3,3,COMMIT,0.85,CLOSED_PERIOD
TEN-COOLIT-SYN-001,SITE-COOLIT-SYN-01,CRM,SELLER_FORECAST,SFC-076-2,SFC-076-2,RESOLVED,2026-03-13T17:00:00-06:00,2026-09-26T08:00:00-06:00,2026-06-29T00:00:00-06:00,,1,,false,ACTIVE,EA,,VALID,CURRENT,coolit-synthetic-v2.0.0,ALL_SYNTHETIC_CUSTOMERS,ALL_SYNTHETIC_PROGRAMS,RACK_MANIFOLD,SYNTHETIC_INTERNAL,SNP-COOLIT-20260925-BL,SCN-BASELINE,SFC-076-2,2026-H76,SELLER-ROLE-2,TERR-2,RACK_MANIFOLD,8,73,73,0,0,BEST_CASE,0.86,CLOSED_PERIOD
TEN-COOLIT-SYN-001,SITE-COOLIT-SYN-01,CRM,SELLER_FORECAST,SFC-076-3,SFC-076-3,RESOLVED,2026-03-13T17:00:00-06:00,2026-09-26T08:00:00-06:00,2026-06-29T00:00:00-06:00,,1,,false,ACTIVE,EA,,VALID,CURRENT,coolit-synthetic-v2.0.0,ALL_SYNTHETIC_CUSTOMERS,ALL_SYNTHETIC_PROGRAMS,COOLANT_DISTRIBUTION_UNIT,SYNTHETIC_INTERNAL,SNP-COOLIT-20260925-BL,SCN-BASELINE,SFC-076-3,2026-H76,SELLER-ROLE-3,TERR-3,COOLANT_DISTRIBUTION_UNIT,13,86,89,-3,3,PIPELINE,0.87,CLOSED_PERIOD
TEN-COOLIT-SYN-001,SITE-COOLIT-SYN-01,CRM,SELLER_FORECAST,SFC-077-1,SFC-077-1,RESOLVED,2026-03-20T17:00:00-06:00,2026-09-26T08:00:00-06:00,2026-06-29T00:00:00-06:00,,1,,false,ACTIVE,EA,,VALID,CURRENT,coolit-synthetic-v2.0.0,ALL_SYNTHETIC_CUSTOMERS,ALL_SYNTHETIC_PROGRAMS,COLDPLATE_LOOP,SYNTHETIC_INTERNAL,SNP-COOLIT-20260925-BL,SCN-BASELINE,SFC-077-1,2026-H77,SELLER-ROLE-1,TERR-1,COLDPLATE_LOOP,4,65,65,0,0,COMMIT,0.86,CLOSED_PERIOD
TEN-COOLIT-SYN-001,SITE-COOLIT-SYN-01,CRM,SELLER_FORECAST,SFC-077-2,SFC-077-2,RESOLVED,2026-03-20T17:00:00-06:00,2026-09-26T08:00:00-06:00,2026-06-29T00:00:00-06:00,,1,,false,ACTIVE,EA,,VALID,CURRENT,coolit-synthetic-v2.0.0,ALL_SYNTHETIC_CUSTOMERS,ALL_SYNTHETIC_PROGRAMS,RACK_MANIFOLD,SYNTHETIC_INTERNAL,SNP-COOLIT-20260925-BL,SCN-BASELINE,SFC-077-2,2026-H77,SELLER-ROLE-2,TERR-2,RACK_MANIFOLD,8,78,81,-3,3,BEST_CASE,0.87,CLOSED_PERIOD
TEN-COOLIT-SYN-001,SITE-COOLIT-SYN-01,CRM,SELLER_FORECAST,SFC-077-3,SFC-077-3,RESOLVED,2026-03-20T17:00:00-06:00,2026-09-26T08:00:00-06:00,2026-06-29T00:00:00-06:00,,1,,false,ACTIVE,EA,,VALID,CURRENT,coolit-synthetic-v2.0.0,ALL_SYNTHETIC_CUSTOMERS,ALL_SYNTHETIC_PROGRAMS,COOLANT_DISTRIBUTION_UNIT,SYNTHETIC_INTERNAL,SNP-COOLIT-20260925-BL,SCN-BASELINE,SFC-077-3,2026-H77,SELLER-ROLE-3,TERR-3,COOLANT_DISTRIBUTION_UNIT,13,91,97,-6,6,PIPELINE,0.88,CLOSED_PERIOD
TEN-COOLIT-SYN-001,SITE-COOLIT-SYN-01,CRM,SELLER_FORECAST,SFC-078-1,SFC-078-1,RESOLVED,2026-03-27T17:00:00-06:00,2026-09-26T08:00:00-06:00,2026-06-29T00:00:00-06:00,,1,,false,ACTIVE,EA,,VALID,CURRENT,coolit-synthetic-v2.0.0,ALL_SYNTHETIC_CUSTOMERS,ALL_SYNTHETIC_PROGRAMS,COLDPLATE_LOOP,SYNTHETIC_INTERNAL,SNP-COOLIT-20260925-BL,SCN-BASELINE,SFC-078-1,2026-H78,SELLER-ROLE-1,TERR-1,COLDPLATE_LOOP,4,70,73,-3,3,COMMIT,0.87,CLOSED_PERIOD
TEN-COOLIT-SYN-001,SITE-COOLIT-SYN-01,CRM,SELLER_FORECAST,SFC-078-2,SFC-078-2,RESOLVED,2026-03-27T17:00:00-06:00,2026-09-26T08:00:00-06:00,2026-06-29T00:00:00-06:00,,1,,false,ACTIVE,EA,,VALID,CURRENT,coolit-synthetic-v2.0.0,ALL_SYNTHETIC_CUSTOMERS,ALL_SYNTHETIC_PROGRAMS,RACK_MANIFOLD,SYNTHETIC_INTERNAL,SNP-COOLIT-20260925-BL,SCN-BASELINE,SFC-078-2,2026-H78,SELLER-ROLE-2,TERR-2,RACK_MANIFOLD,8,83,89,-6,6,BEST_CASE,0.88,CLOSED_PERIOD
TEN-COOLIT-SYN-001,SITE-COOLIT-SYN-01,CRM,SELLER_FORECAST,SFC-078-3,SFC-078-3,RESOLVED,2026-03-27T17:00:00-06:00,2026-09-26T08:00:00-06:00,2026-06-29T00:00:00-06:00,,1,,false,ACTIVE,EA,,VALID,CURRENT,coolit-synthetic-v2.0.0,ALL_SYNTHETIC_CUSTOMERS,ALL_SYNTHETIC_PROGRAMS,COOLANT_DISTRIBUTION_UNIT,SYNTHETIC_INTERNAL,SNP-COOLIT-20260925-BL,SCN-BASELINE,SFC-078-3,2026-H78,SELLER-ROLE-3,TERR-3,COOLANT_DISTRIBUTION_UNIT,13,96,105,-9,9,PIPELINE,0.89,CLOSED_PERIOD
TEN-COOLIT-SYN-001,SITE-COOLIT-SYN-01,CRM,SELLER_FORECAST,SFC-079-1,SFC-079-1,RESOLVED,2026-04-03T17:00:00-06:00,2026-09-26T08:00:00-06:00,2026-06-29T00:00:00-06:00,,1,,false,ACTIVE,EA,,VALID,CURRENT,coolit-synthetic-v2.0.0,ALL_SYNTHETIC_CUSTOMERS,ALL_SYNTHETIC_PROGRAMS,COLDPLATE_LOOP,SYNTHETIC_INTERNAL,SNP-COOLIT-20260925-BL,SCN-BASELINE,SFC-079-1,2026-H79,SELLER-ROLE-1,TERR-1,COLDPLATE_LOOP,4,75,81,-6,6,COMMIT,0.88,CLOSED_PERIOD
TEN-COOLIT-SYN-001,SITE-COOLIT-SYN-01,CRM,SELLER_FORECAST,SFC-079-2,SFC-079-2,RESOLVED,2026-04-03T17:00:00-06:00,2026-09-26T08:00:00-06:00,2026-06-29T00:00:00-06:00,,1,,false,ACTIVE,EA,,VALID,CURRENT,coolit-synthetic-v2.0.0,ALL_SYNTHETIC_CUSTOMERS,ALL_SYNTHETIC_PROGRAMS,RACK_MANIFOLD,SYNTHETIC_INTERNAL,SNP-COOLIT-20260925-BL,SCN-BASELINE,SFC-079-2,2026-H79,SELLER-ROLE-2,TERR-2,RACK_MANIFOLD,8,88,97,-9,9,BEST_CASE,0.89,CLOSED_PERIOD
TEN-COOLIT-SYN-001,SITE-COOLIT-SYN-01,CRM,SELLER_FORECAST,SFC-079-3,SFC-079-3,RESOLVED,2026-04-03T17:00:00-06:00,2026-09-26T08:00:00-06:00,2026-06-29T00:00:00-06:00,,1,,false,ACTIVE,EA,,VALID,CURRENT,coolit-synthetic-v2.0.0,ALL_SYNTHETIC_CUSTOMERS,ALL_SYNTHETIC_PROGRAMS,COOLANT_DISTRIBUTION_UNIT,SYNTHETIC_INTERNAL,SNP-COOLIT-20260925-BL,SCN-BASELINE,SFC-079-3,2026-H79,SELLER-ROLE-3,TERR-3,COOLANT_DISTRIBUTION_UNIT,13,101,113,-12,12,PIPELINE,0.7,CLOSED_PERIOD
TEN-COOLIT-SYN-001,SITE-COOLIT-SYN-01,CRM,SELLER_FORECAST,SFC-080-1,SFC-080-1,RESOLVED,2026-04-10T17:00:00-06:00,2026-09-26T08:00:00-06:00,2026-06-29T00:00:00-06:00,,1,,false,ACTIVE,EA,,VALID,CURRENT,coolit-synthetic-v2.0.0,ALL_SYNTHETIC_CUSTOMERS,ALL_SYNTHETIC_PROGRAMS,COLDPLATE_LOOP,SYNTHETIC_INTERNAL,SNP-COOLIT-20260925-BL,SCN-BASELINE,SFC-080-1,2026-H80,SELLER-ROLE-1,TERR-1,COLDPLATE_LOOP,4,80,89,-9,9,COMMIT,0.89,CLOSED_PERIOD
TEN-COOLIT-SYN-001,SITE-COOLIT-SYN-01,CRM,SELLER_FORECAST,SFC-080-2,SFC-080-2,RESOLVED,2026-04-10T17:00:00-06:00,2026-09-26T08:00:00-06:00,2026-06-29T00:00:00-06:00,,1,,false,ACTIVE,EA,,VALID,CURRENT,coolit-synthetic-v2.0.0,ALL_SYNTHETIC_CUSTOMERS,ALL_SYNTHETIC_PROGRAMS,RACK_MANIFOLD,SYNTHETIC_INTERNAL,SNP-COOLIT-20260925-BL,SCN-BASELINE,SFC-080-2,2026-H80,SELLER-ROLE-2,TERR-2,RACK_MANIFOLD,8,93,105,-12,12,BEST_CASE,0.7,CLOSED_PERIOD
TEN-COOLIT-SYN-001,SITE-COOLIT-SYN-01,CRM,SELLER_FORECAST,SFC-080-3,SFC-080-3,RESOLVED,2026-04-10T17:00:00-06:00,2026-09-26T08:00:00-06:00,2026-06-29T00:00:00-06:00,,1,,false,ACTIVE,EA,,VALID,CURRENT,coolit-synthetic-v2.0.0,ALL_SYNTHETIC_CUSTOMERS,ALL_SYNTHETIC_PROGRAMS,COOLANT_DISTRIBUTION_UNIT,SYNTHETIC_INTERNAL,SNP-COOLIT-20260925-BL,SCN-BASELINE,SFC-080-3,2026-H80,SELLER-ROLE-3,TERR-3,COOLANT_DISTRIBUTION_UNIT,13,106,94,12,12,PIPELINE,0.71,CLOSED_PERIOD
TEN-COOLIT-SYN-001,SITE-COOLIT-SYN-01,CRM,SELLER_FORECAST,SFC-081-1,SFC-081-1,RESOLVED,2026-04-17T17:00:00-06:00,2026-09-26T08:00:00-06:00,2026-06-29T00:00:00-06:00,,1,,false,ACTIVE,EA,,VALID,CURRENT,coolit-synthetic-v2.0.0,ALL_SYNTHETIC_CUSTOMERS,ALL_SYNTHETIC_PROGRAMS,COLDPLATE_LOOP,SYNTHETIC_INTERNAL,SNP-COOLIT-20260925-BL,SCN-BASELINE,SFC-081-1,2026-H81,SELLER-ROLE-1,TERR-1,COLDPLATE_LOOP,4,85,97,-12,12,COMMIT,0.7,CLOSED_PERIOD
TEN-COOLIT-SYN-001,SITE-COOLIT-SYN-01,CRM,SELLER_FORECAST,SFC-081-2,SFC-081-2,RESOLVED,2026-04-17T17:00:00-06:00,2026-09-26T08:00:00-06:00,2026-06-29T00:00:00-06:00,,1,,false,ACTIVE,EA,,VALID,CURRENT,coolit-synthetic-v2.0.0,ALL_SYNTHETIC_CUSTOMERS,ALL_SYNTHETIC_PROGRAMS,RACK_MANIFOLD,SYNTHETIC_INTERNAL,SNP-COOLIT-20260925-BL,SCN-BASELINE,SFC-081-2,2026-H81,SELLER-ROLE-2,TERR-2,RACK_MANIFOLD,8,98,86,12,12,BEST_CASE,0.71,CLOSED_PERIOD
TEN-COOLIT-SYN-001,SITE-COOLIT-SYN-01,CRM,SELLER_FORECAST,SFC-081-3,SFC-081-3,RESOLVED,2026-04-17T17:00:00-06:00,2026-09-26T08:00:00-06:00,2026-06-29T00:00:00-06:00,,1,,false,ACTIVE,EA,,VALID,CURRENT,coolit-synthetic-v2.0.0,ALL_SYNTHETIC_CUSTOMERS,ALL_SYNTHETIC_PROGRAMS,COOLANT_DISTRIBUTION_UNIT,SYNTHETIC_INTERNAL,SNP-COOLIT-20260925-BL,SCN-BASELINE,SFC-081-3,2026-H81,SELLER-ROLE-3,TERR-3,COOLANT_DISTRIBUTION_UNIT,13,111,102,9,9,PIPELINE,0.72,CLOSED_PERIOD
TEN-COOLIT-SYN-001,SITE-COOLIT-SYN-01,CRM,SELLER_FORECAST,SFC-082-1,SFC-082-1,RESOLVED,2026-04-24T17:00:00-06:00,2026-09-26T08:00:00-06:00,2026-06-29T00:00:00-06:00,,1,,false,ACTIVE,EA,,VALID,CURRENT,coolit-synthetic-v2.0.0,ALL_SYNTHETIC_CUSTOMERS,ALL_SYNTHETIC_PROGRAMS,COLDPLATE_LOOP,SYNTHETIC_INTERNAL,SNP-COOLIT-20260925-BL,SCN-BASELINE,SFC-082-1,2026-H82,SELLER-ROLE-1,TERR-1,COLDPLATE_LOOP,4,90,78,12,12,COMMIT,0.71,CLOSED_PERIOD
TEN-COOLIT-SYN-001,SITE-COOLIT-SYN-01,CRM,SELLER_FORECAST,SFC-082-2,SFC-082-2,RESOLVED,2026-04-24T17:00:00-06:00,2026-09-26T08:00:00-06:00,2026-06-29T00:00:00-06:00,,1,,false,ACTIVE,EA,,VALID,CURRENT,coolit-synthetic-v2.0.0,ALL_SYNTHETIC_CUSTOMERS,ALL_SYNTHETIC_PROGRAMS,RACK_MANIFOLD,SYNTHETIC_INTERNAL,SNP-COOLIT-20260925-BL,SCN-BASELINE,SFC-082-2,2026-H82,SELLER-ROLE-2,TERR-2,RACK_MANIFOLD,8,103,94,9,9,BEST_CASE,0.72,CLOSED_PERIOD
TEN-COOLIT-SYN-001,SITE-COOLIT-SYN-01,CRM,SELLER_FORECAST,SFC-082-3,SFC-082-3,RESOLVED,2026-04-24T17:00:00-06:00,2026-09-26T08:00:00-06:00,2026-06-29T00:00:00-06:00,,1,,false,ACTIVE,EA,,VALID,CURRENT,coolit-synthetic-v2.0.0,ALL_SYNTHETIC_CUSTOMERS,ALL_SYNTHETIC_PROGRAMS,COOLANT_DISTRIBUTION_UNIT,SYNTHETIC_INTERNAL,SNP-COOLIT-20260925-BL,SCN-BASELINE,SFC-082-3,2026-H82,SELLER-ROLE-3,TERR-3,COOLANT_DISTRIBUTION_UNIT,13,116,110,6,6,PIPELINE,0.73,CLOSED_PERIOD
TEN-COOLIT-SYN-001,SITE-COOLIT-SYN-01,CRM,SELLER_FORECAST,SFC-083-1,SFC-083-1,RESOLVED,2026-05-01T17:00:00-06:00,2026-09-26T08:00:00-06:00,2026-06-29T00:00:00-06:00,,1,,false,ACTIVE,EA,,VALID,CURRENT,coolit-synthetic-v2.0.0,ALL_SYNTHETIC_CUSTOMERS,ALL_SYNTHETIC_PROGRAMS,COLDPLATE_LOOP,SYNTHETIC_INTERNAL,SNP-COOLIT-20260925-BL,SCN-BASELINE,SFC-083-1,2026-H83,SELLER-ROLE-1,TERR-1,COLDPLATE_LOOP,4,95,86,9,9,COMMIT,0.72,CLOSED_PERIOD
TEN-COOLIT-SYN-001,SITE-COOLIT-SYN-01,CRM,SELLER_FORECAST,SFC-083-2,SFC-083-2,RESOLVED,2026-05-01T17:00:00-06:00,2026-09-26T08:00:00-06:00,2026-06-29T00:00:00-06:00,,1,,false,ACTIVE,EA,,VALID,CURRENT,coolit-synthetic-v2.0.0,ALL_SYNTHETIC_CUSTOMERS,ALL_SYNTHETIC_PROGRAMS,RACK_MANIFOLD,SYNTHETIC_INTERNAL,SNP-COOLIT-20260925-BL,SCN-BASELINE,SFC-083-2,2026-H83,SELLER-ROLE-2,TERR-2,RACK_MANIFOLD,8,108,102,6,6,BEST_CASE,0.73,CLOSED_PERIOD
TEN-COOLIT-SYN-001,SITE-COOLIT-SYN-01,CRM,SELLER_FORECAST,SFC-083-3,SFC-083-3,RESOLVED,2026-05-01T17:00:00-06:00,2026-09-26T08:00:00-06:00,2026-06-29T00:00:00-06:00,,1,,false,ACTIVE,EA,,VALID,CURRENT,coolit-synthetic-v2.0.0,ALL_SYNTHETIC_CUSTOMERS,ALL_SYNTHETIC_PROGRAMS,COOLANT_DISTRIBUTION_UNIT,SYNTHETIC_INTERNAL,SNP-COOLIT-20260925-BL,SCN-BASELINE,SFC-083-3,2026-H83,SELLER-ROLE-3,TERR-3,COOLANT_DISTRIBUTION_UNIT,13,121,118,3,3,PIPELINE,0.74,CLOSED_PERIOD
TEN-COOLIT-SYN-001,SITE-COOLIT-SYN-01,CRM,SELLER_FORECAST,SFC-084-1,SFC-084-1,RESOLVED,2026-05-08T17:00:00-06:00,2026-09-26T08:00:00-06:00,2026-06-29T00:00:00-06:00,,1,,false,ACTIVE,EA,,VALID,CURRENT,coolit-synthetic-v2.0.0,ALL_SYNTHETIC_CUSTOMERS,ALL_SYNTHETIC_PROGRAMS,COLDPLATE_LOOP,SYNTHETIC_INTERNAL,SNP-COOLIT-20260925-BL,SCN-BASELINE,SFC-084-1,2026-H84,SELLER-ROLE-1,TERR-1,COLDPLATE_LOOP,4,100,94,6,6,COMMIT,0.73,CLOSED_PERIOD
TEN-COOLIT-SYN-001,SITE-COOLIT-SYN-01,CRM,SELLER_FORECAST,SFC-084-2,SFC-084-2,RESOLVED,2026-05-08T17:00:00-06:00,2026-09-26T08:00:00-06:00,2026-06-29T00:00:00-06:00,,1,,false,ACTIVE,EA,,VALID,CURRENT,coolit-synthetic-v2.0.0,ALL_SYNTHETIC_CUSTOMERS,ALL_SYNTHETIC_PROGRAMS,RACK_MANIFOLD,SYNTHETIC_INTERNAL,SNP-COOLIT-20260925-BL,SCN-BASELINE,SFC-084-2,2026-H84,SELLER-ROLE-2,TERR-2,RACK_MANIFOLD,8,113,110,3,3,BEST_CASE,0.74,CLOSED_PERIOD
TEN-COOLIT-SYN-001,SITE-COOLIT-SYN-01,CRM,SELLER_FORECAST,SFC-084-3,SFC-084-3,RESOLVED,2026-05-08T17:00:00-06:00,2026-09-26T08:00:00-06:00,2026-06-29T00:00:00-06:00,,1,,false,ACTIVE,EA,,VALID,CURRENT,coolit-synthetic-v2.0.0,ALL_SYNTHETIC_CUSTOMERS,ALL_SYNTHETIC_PROGRAMS,COOLANT_DISTRIBUTION_UNIT,SYNTHETIC_INTERNAL,SNP-COOLIT-20260925-BL,SCN-BASELINE,SFC-084-3,2026-H84,SELLER-ROLE-3,TERR-3,COOLANT_DISTRIBUTION_UNIT,13,126,126,0,0,PIPELINE,0.75,CLOSED_PERIOD
TEN-COOLIT-SYN-001,SITE-COOLIT-SYN-01,CRM,SELLER_FORECAST,SFC-085-1,SFC-085-1,RESOLVED,2026-05-15T17:00:00-06:00,2026-09-26T08:00:00-06:00,2026-06-29T00:00:00-06:00,,1,,false,ACTIVE,EA,,VALID,CURRENT,coolit-synthetic-v2.0.0,ALL_SYNTHETIC_CUSTOMERS,ALL_SYNTHETIC_PROGRAMS,COLDPLATE_LOOP,SYNTHETIC_INTERNAL,SNP-COOLIT-20260925-BL,SCN-BASELINE,SFC-085-1,2026-H85,SELLER-ROLE-1,TERR-1,COLDPLATE_LOOP,4,105,102,3,3,COMMIT,0.74,CLOSED_PERIOD
TEN-COOLIT-SYN-001,SITE-COOLIT-SYN-01,CRM,SELLER_FORECAST,SFC-085-2,SFC-085-2,RESOLVED,2026-05-15T17:00:00-06:00,2026-09-26T08:00:00-06:00,2026-06-29T00:00:00-06:00,,1,,false,ACTIVE,EA,,VALID,CURRENT,coolit-synthetic-v2.0.0,ALL_SYNTHETIC_CUSTOMERS,ALL_SYNTHETIC_PROGRAMS,RACK_MANIFOLD,SYNTHETIC_INTERNAL,SNP-COOLIT-20260925-BL,SCN-BASELINE,SFC-085-2,2026-H85,SELLER-ROLE-2,TERR-2,RACK_MANIFOLD,8,118,118,0,0,BEST_CASE,0.75,CLOSED_PERIOD
TEN-COOLIT-SYN-001,SITE-COOLIT-SYN-01,CRM,SELLER_FORECAST,SFC-085-3,SFC-085-3,RESOLVED,2026-05-15T17:00:00-06:00,2026-09-26T08:00:00-06:00,2026-06-29T00:00:00-06:00,,1,,false,ACTIVE,EA,,VALID,CURRENT,coolit-synthetic-v2.0.0,ALL_SYNTHETIC_CUSTOMERS,ALL_SYNTHETIC_PROGRAMS,COOLANT_DISTRIBUTION_UNIT,SYNTHETIC_INTERNAL,SNP-COOLIT-20260925-BL,SCN-BASELINE,SFC-085-3,2026-H85,SELLER-ROLE-3,TERR-3,COOLANT_DISTRIBUTION_UNIT,13,131,134,-3,3,PIPELINE,0.76,CLOSED_PERIOD
TEN-COOLIT-SYN-001,SITE-COOLIT-SYN-01,CRM,SELLER_FORECAST,SFC-086-1,SFC-086-1,RESOLVED,2026-05-22T17:00:00-06:00,2026-09-26T08:00:00-06:00,2026-06-29T00:00:00-06:00,,1,,false,ACTIVE,EA,,VALID,CURRENT,coolit-synthetic-v2.0.0,ALL_SYNTHETIC_CUSTOMERS,ALL_SYNTHETIC_PROGRAMS,COLDPLATE_LOOP,SYNTHETIC_INTERNAL,SNP-COOLIT-20260925-BL,SCN-BASELINE,SFC-086-1,2026-H86,SELLER-ROLE-1,TERR-1,COLDPLATE_LOOP,4,110,110,0,0,COMMIT,0.75,CLOSED_PERIOD
TEN-COOLIT-SYN-001,SITE-COOLIT-SYN-01,CRM,SELLER_FORECAST,SFC-086-2,SFC-086-2,RESOLVED,2026-05-22T17:00:00-06:00,2026-09-26T08:00:00-06:00,2026-06-29T00:00:00-06:00,,1,,false,ACTIVE,EA,,VALID,CURRENT,coolit-synthetic-v2.0.0,ALL_SYNTHETIC_CUSTOMERS,ALL_SYNTHETIC_PROGRAMS,RACK_MANIFOLD,SYNTHETIC_INTERNAL,SNP-COOLIT-20260925-BL,SCN-BASELINE,SFC-086-2,2026-H86,SELLER-ROLE-2,TERR-2,RACK_MANIFOLD,8,123,126,-3,3,BEST_CASE,0.76,CLOSED_PERIOD
TEN-COOLIT-SYN-001,SITE-COOLIT-SYN-01,CRM,SELLER_FORECAST,SFC-086-3,SFC-086-3,RESOLVED,2026-05-22T17:00:00-06:00,2026-09-26T08:00:00-06:00,2026-06-29T00:00:00-06:00,,1,,false,ACTIVE,EA,,VALID,CURRENT,coolit-synthetic-v2.0.0,ALL_SYNTHETIC_CUSTOMERS,ALL_SYNTHETIC_PROGRAMS,COOLANT_DISTRIBUTION_UNIT,SYNTHETIC_INTERNAL,SNP-COOLIT-20260925-BL,SCN-BASELINE,SFC-086-3,2026-H86,SELLER-ROLE-3,TERR-3,COOLANT_DISTRIBUTION_UNIT,13,136,142,-6,6,PIPELINE,0.77,CLOSED_PERIOD
TEN-COOLIT-SYN-001,SITE-COOLIT-SYN-01,CRM,SELLER_FORECAST,SFC-087-1,SFC-087-1,RESOLVED,2026-05-29T17:00:00-06:00,2026-09-26T08:00:00-06:00,2026-06-29T00:00:00-06:00,,1,,false,ACTIVE,EA,,VALID,CURRENT,coolit-synthetic-v2.0.0,ALL_SYNTHETIC_CUSTOMERS,ALL_SYNTHETIC_PROGRAMS,COLDPLATE_LOOP,SYNTHETIC_INTERNAL,SNP-COOLIT-20260925-BL,SCN-BASELINE,SFC-087-1,2026-H87,SELLER-ROLE-1,TERR-1,COLDPLATE_LOOP,4,115,118,-3,3,COMMIT,0.76,CLOSED_PERIOD
TEN-COOLIT-SYN-001,SITE-COOLIT-SYN-01,CRM,SELLER_FORECAST,SFC-087-2,SFC-087-2,RESOLVED,2026-05-29T17:00:00-06:00,2026-09-26T08:00:00-06:00,2026-06-29T00:00:00-06:00,,1,,false,ACTIVE,EA,,VALID,CURRENT,coolit-synthetic-v2.0.0,ALL_SYNTHETIC_CUSTOMERS,ALL_SYNTHETIC_PROGRAMS,RACK_MANIFOLD,SYNTHETIC_INTERNAL,SNP-COOLIT-20260925-BL,SCN-BASELINE,SFC-087-2,2026-H87,SELLER-ROLE-2,TERR-2,RACK_MANIFOLD,8,128,134,-6,6,BEST_CASE,0.77,CLOSED_PERIOD
TEN-COOLIT-SYN-001,SITE-COOLIT-SYN-01,CRM,SELLER_FORECAST,SFC-087-3,SFC-087-3,RESOLVED,2026-05-29T17:00:00-06:00,2026-09-26T08:00:00-06:00,2026-06-29T00:00:00-06:00,,1,,false,ACTIVE,EA,,VALID,CURRENT,coolit-synthetic-v2.0.0,ALL_SYNTHETIC_CUSTOMERS,ALL_SYNTHETIC_PROGRAMS,COOLANT_DISTRIBUTION_UNIT,SYNTHETIC_INTERNAL,SNP-COOLIT-20260925-BL,SCN-BASELINE,SFC-087-3,2026-H87,SELLER-ROLE-3,TERR-3,COOLANT_DISTRIBUTION_UNIT,13,141,150,-9,9,PIPELINE,0.78,CLOSED_PERIOD
TEN-COOLIT-SYN-001,SITE-COOLIT-SYN-01,CRM,SELLER_FORECAST,SFC-088-1,SFC-088-1,RESOLVED,2026-06-05T17:00:00-06:00,2026-09-26T08:00:00-06:00,2026-06-29T00:00:00-06:00,,1,,false,ACTIVE,EA,,VALID,CURRENT,coolit-synthetic-v2.0.0,ALL_SYNTHETIC_CUSTOMERS,ALL_SYNTHETIC_PROGRAMS,COLDPLATE_LOOP,SYNTHETIC_INTERNAL,SNP-COOLIT-20260925-BL,SCN-BASELINE,SFC-088-1,2026-H88,SELLER-ROLE-1,TERR-1,COLDPLATE_LOOP,4,120,126,-6,6,COMMIT,0.77,CLOSED_PERIOD
TEN-COOLIT-SYN-001,SITE-COOLIT-SYN-01,CRM,SELLER_FORECAST,SFC-088-2,SFC-088-2,RESOLVED,2026-06-05T17:00:00-06:00,2026-09-26T08:00:00-06:00,2026-06-29T00:00:00-06:00,,1,,false,ACTIVE,EA,,VALID,CURRENT,coolit-synthetic-v2.0.0,ALL_SYNTHETIC_CUSTOMERS,ALL_SYNTHETIC_PROGRAMS,RACK_MANIFOLD,SYNTHETIC_INTERNAL,SNP-COOLIT-20260925-BL,SCN-BASELINE,SFC-088-2,2026-H88,SELLER-ROLE-2,TERR-2,RACK_MANIFOLD,8,133,142,-9,9,BEST_CASE,0.78,CLOSED_PERIOD
TEN-COOLIT-SYN-001,SITE-COOLIT-SYN-01,CRM,SELLER_FORECAST,SFC-088-3,SFC-088-3,RESOLVED,2026-06-05T17:00:00-06:00,2026-09-26T08:00:00-06:00,2026-06-29T00:00:00-06:00,,1,,false,ACTIVE,EA,,VALID,CURRENT,coolit-synthetic-v2.0.0,ALL_SYNTHETIC_CUSTOMERS,ALL_SYNTHETIC_PROGRAMS,COOLANT_DISTRIBUTION_UNIT,SYNTHETIC_INTERNAL,SNP-COOLIT-20260925-BL,SCN-BASELINE,SFC-088-3,2026-H88,SELLER-ROLE-3,TERR-3,COOLANT_DISTRIBUTION_UNIT,13,146,158,-12,12,PIPELINE,0.79,CLOSED_PERIOD
TEN-COOLIT-SYN-001,SITE-COOLIT-SYN-01,CRM,SELLER_FORECAST,SFC-089-1,SFC-089-1,RESOLVED,2026-06-12T17:00:00-06:00,2026-09-26T08:00:00-06:00,2026-06-29T00:00:00-06:00,,1,,false,ACTIVE,EA,,VALID,CURRENT,coolit-synthetic-v2.0.0,ALL_SYNTHETIC_CUSTOMERS,ALL_SYNTHETIC_PROGRAMS,COLDPLATE_LOOP,SYNTHETIC_INTERNAL,SNP-COOLIT-20260925-BL,SCN-BASELINE,SFC-089-1,2026-H89,SELLER-ROLE-1,TERR-1,COLDPLATE_LOOP,4,125,134,-9,9,COMMIT,0.78,CLOSED_PERIOD
TEN-COOLIT-SYN-001,SITE-COOLIT-SYN-01,CRM,SELLER_FORECAST,SFC-089-2,SFC-089-2,RESOLVED,2026-06-12T17:00:00-06:00,2026-09-26T08:00:00-06:00,2026-06-29T00:00:00-06:00,,1,,false,ACTIVE,EA,,VALID,CURRENT,coolit-synthetic-v2.0.0,ALL_SYNTHETIC_CUSTOMERS,ALL_SYNTHETIC_PROGRAMS,RACK_MANIFOLD,SYNTHETIC_INTERNAL,SNP-COOLIT-20260925-BL,SCN-BASELINE,SFC-089-2,2026-H89,SELLER-ROLE-2,TERR-2,RACK_MANIFOLD,8,138,150,-12,12,BEST_CASE,0.79,CLOSED_PERIOD
TEN-COOLIT-SYN-001,SITE-COOLIT-SYN-01,CRM,SELLER_FORECAST,SFC-089-3,SFC-089-3,RESOLVED,2026-06-12T17:00:00-06:00,2026-09-26T08:00:00-06:00,2026-06-29T00:00:00-06:00,,1,,false,ACTIVE,EA,,VALID,CURRENT,coolit-synthetic-v2.0.0,ALL_SYNTHETIC_CUSTOMERS,ALL_SYNTHETIC_PROGRAMS,COOLANT_DISTRIBUTION_UNIT,SYNTHETIC_INTERNAL,SNP-COOLIT-20260925-BL,SCN-BASELINE,SFC-089-3,2026-H89,SELLER-ROLE-3,TERR-3,COOLANT_DISTRIBUTION_UNIT,13,151,139,12,12,PIPELINE,0.8,CLOSED_PERIOD
TEN-COOLIT-SYN-001,SITE-COOLIT-SYN-01,CRM,SELLER_FORECAST,SFC-090-1,SFC-090-1,RESOLVED,2026-06-19T17:00:00-06:00,2026-09-26T08:00:00-06:00,2026-06-29T00:00:00-06:00,,1,,false,ACTIVE,EA,,VALID,CURRENT,coolit-synthetic-v2.0.0,ALL_SYNTHETIC_CUSTOMERS,ALL_SYNTHETIC_PROGRAMS,COLDPLATE_LOOP,SYNTHETIC_INTERNAL,SNP-COOLIT-20260925-BL,SCN-BASELINE,SFC-090-1,2026-H90,SELLER-ROLE-1,TERR-1,COLDPLATE_LOOP,4,130,142,-12,12,COMMIT,0.79,CLOSED_PERIOD
TEN-COOLIT-SYN-001,SITE-COOLIT-SYN-01,CRM,SELLER_FORECAST,SFC-090-2,SFC-090-2,RESOLVED,2026-06-19T17:00:00-06:00,2026-09-26T08:00:00-06:00,2026-06-29T00:00:00-06:00,,1,,false,ACTIVE,EA,,VALID,CURRENT,coolit-synthetic-v2.0.0,ALL_SYNTHETIC_CUSTOMERS,ALL_SYNTHETIC_PROGRAMS,RACK_MANIFOLD,SYNTHETIC_INTERNAL,SNP-COOLIT-20260925-BL,SCN-BASELINE,SFC-090-2,2026-H90,SELLER-ROLE-2,TERR-2,RACK_MANIFOLD,8,143,131,12,12,BEST_CASE,0.8,CLOSED_PERIOD
TEN-COOLIT-SYN-001,SITE-COOLIT-SYN-01,CRM,SELLER_FORECAST,SFC-090-3,SFC-090-3,RESOLVED,2026-06-19T17:00:00-06:00,2026-09-26T08:00:00-06:00,2026-06-29T00:00:00-06:00,,1,,false,ACTIVE,EA,,VALID,CURRENT,coolit-synthetic-v2.0.0,ALL_SYNTHETIC_CUSTOMERS,ALL_SYNTHETIC_PROGRAMS,COOLANT_DISTRIBUTION_UNIT,SYNTHETIC_INTERNAL,SNP-COOLIT-20260925-BL,SCN-BASELINE,SFC-090-3,2026-H90,SELLER-ROLE-3,TERR-3,COOLANT_DISTRIBUTION_UNIT,13,156,147,9,9,PIPELINE,0.81,CLOSED_PERIOD
TEN-COOLIT-SYN-001,SITE-COOLIT-SYN-01,CRM,SELLER_FORECAST,SFC-091-1,SFC-091-1,RESOLVED,2026-06-26T17:00:00-06:00,2026-09-26T08:00:00-06:00,2026-06-29T00:00:00-06:00,,1,,false,ACTIVE,EA,,VALID,CURRENT,coolit-synthetic-v2.0.0,ALL_SYNTHETIC_CUSTOMERS,ALL_SYNTHETIC_PROGRAMS,COLDPLATE_LOOP,SYNTHETIC_INTERNAL,SNP-COOLIT-20260925-BL,SCN-BASELINE,SFC-091-1,2026-H91,SELLER-ROLE-1,TERR-1,COLDPLATE_LOOP,4,135,123,12,12,COMMIT,0.8,CLOSED_PERIOD
TEN-COOLIT-SYN-001,SITE-COOLIT-SYN-01,CRM,SELLER_FORECAST,SFC-091-2,SFC-091-2,RESOLVED,2026-06-26T17:00:00-06:00,2026-09-26T08:00:00-06:00,2026-06-29T00:00:00-06:00,,1,,false,ACTIVE,EA,,VALID,CURRENT,coolit-synthetic-v2.0.0,ALL_SYNTHETIC_CUSTOMERS,ALL_SYNTHETIC_PROGRAMS,RACK_MANIFOLD,SYNTHETIC_INTERNAL,SNP-COOLIT-20260925-BL,SCN-BASELINE,SFC-091-2,2026-H91,SELLER-ROLE-2,TERR-2,RACK_MANIFOLD,8,148,139,9,9,BEST_CASE,0.81,CLOSED_PERIOD
TEN-COOLIT-SYN-001,SITE-COOLIT-SYN-01,CRM,SELLER_FORECAST,SFC-091-3,SFC-091-3,RESOLVED,2026-06-26T17:00:00-06:00,2026-09-26T08:00:00-06:00,2026-06-29T00:00:00-06:00,,1,,false,ACTIVE,EA,,VALID,CURRENT,coolit-synthetic-v2.0.0,ALL_SYNTHETIC_CUSTOMERS,ALL_SYNTHETIC_PROGRAMS,COOLANT_DISTRIBUTION_UNIT,SYNTHETIC_INTERNAL,SNP-COOLIT-20260925-BL,SCN-BASELINE,SFC-091-3,2026-H91,SELLER-ROLE-3,TERR-3,COOLANT_DISTRIBUTION_UNIT,13,161,155,6,6,PIPELINE,0.82,CLOSED_PERIOD
TEN-COOLIT-SYN-001,SITE-COOLIT-SYN-01,CRM,SELLER_FORECAST,SFC-092-1,SFC-092-1,RESOLVED,2026-07-03T17:00:00-06:00,2026-09-26T08:00:00-06:00,2026-06-29T00:00:00-06:00,,1,,false,ACTIVE,EA,,VALID,CURRENT,coolit-synthetic-v2.0.0,ALL_SYNTHETIC_CUSTOMERS,ALL_SYNTHETIC_PROGRAMS,COLDPLATE_LOOP,SYNTHETIC_INTERNAL,SNP-COOLIT-20260925-BL,SCN-BASELINE,SFC-092-1,2026-H92,SELLER-ROLE-1,TERR-1,COLDPLATE_LOOP,4,140,131,9,9,COMMIT,0.81,CLOSED_PERIOD
TEN-COOLIT-SYN-001,SITE-COOLIT-SYN-01,CRM,SELLER_FORECAST,SFC-092-2,SFC-092-2,RESOLVED,2026-07-03T17:00:00-06:00,2026-09-26T08:00:00-06:00,2026-06-29T00:00:00-06:00,,1,,false,ACTIVE,EA,,VALID,CURRENT,coolit-synthetic-v2.0.0,ALL_SYNTHETIC_CUSTOMERS,ALL_SYNTHETIC_PROGRAMS,RACK_MANIFOLD,SYNTHETIC_INTERNAL,SNP-COOLIT-20260925-BL,SCN-BASELINE,SFC-092-2,2026-H92,SELLER-ROLE-2,TERR-2,RACK_MANIFOLD,8,153,147,6,6,BEST_CASE,0.82,CLOSED_PERIOD
TEN-COOLIT-SYN-001,SITE-COOLIT-SYN-01,CRM,SELLER_FORECAST,SFC-092-3,SFC-092-3,RESOLVED,2026-07-03T17:00:00-06:00,2026-09-26T08:00:00-06:00,2026-06-29T00:00:00-06:00,,1,,false,ACTIVE,EA,,VALID,CURRENT,coolit-synthetic-v2.0.0,ALL_SYNTHETIC_CUSTOMERS,ALL_SYNTHETIC_PROGRAMS,COOLANT_DISTRIBUTION_UNIT,SYNTHETIC_INTERNAL,SNP-COOLIT-20260925-BL,SCN-BASELINE,SFC-092-3,2026-H92,SELLER-ROLE-3,TERR-3,COOLANT_DISTRIBUTION_UNIT,13,46,43,3,3,PIPELINE,0.83,CLOSED_PERIOD
TEN-COOLIT-SYN-001,SITE-COOLIT-SYN-01,CRM,SELLER_FORECAST,SFC-093-1,SFC-093-1,RESOLVED,2026-07-10T17:00:00-06:00,2026-09-26T08:00:00-06:00,2026-06-29T00:00:00-06:00,,1,,false,ACTIVE,EA,,VALID,CURRENT,coolit-synthetic-v2.0.0,ALL_SYNTHETIC_CUSTOMERS,ALL_SYNTHETIC_PROGRAMS,COLDPLATE_LOOP,SYNTHETIC_INTERNAL,SNP-COOLIT-20260925-BL,SCN-BASELINE,SFC-093-1,2026-H93,SELLER-ROLE-1,TERR-1,COLDPLATE_LOOP,4,145,139,6,6,COMMIT,0.82,CLOSED_PERIOD
TEN-COOLIT-SYN-001,SITE-COOLIT-SYN-01,CRM,SELLER_FORECAST,SFC-093-2,SFC-093-2,RESOLVED,2026-07-10T17:00:00-06:00,2026-09-26T08:00:00-06:00,2026-06-29T00:00:00-06:00,,1,,false,ACTIVE,EA,,VALID,CURRENT,coolit-synthetic-v2.0.0,ALL_SYNTHETIC_CUSTOMERS,ALL_SYNTHETIC_PROGRAMS,RACK_MANIFOLD,SYNTHETIC_INTERNAL,SNP-COOLIT-20260925-BL,SCN-BASELINE,SFC-093-2,2026-H93,SELLER-ROLE-2,TERR-2,RACK_MANIFOLD,8,158,155,3,3,BEST_CASE,0.83,CLOSED_PERIOD
TEN-COOLIT-SYN-001,SITE-COOLIT-SYN-01,CRM,SELLER_FORECAST,SFC-093-3,SFC-093-3,RESOLVED,2026-07-10T17:00:00-06:00,2026-09-26T08:00:00-06:00,2026-06-29T00:00:00-06:00,,1,,false,ACTIVE,EA,,VALID,CURRENT,coolit-synthetic-v2.0.0,ALL_SYNTHETIC_CUSTOMERS,ALL_SYNTHETIC_PROGRAMS,COOLANT_DISTRIBUTION_UNIT,SYNTHETIC_INTERNAL,SNP-COOLIT-20260925-BL,SCN-BASELINE,SFC-093-3,2026-H93,SELLER-ROLE-3,TERR-3,COOLANT_DISTRIBUTION_UNIT,13,51,51,0,0,PIPELINE,0.84,CLOSED_PERIOD
TEN-COOLIT-SYN-001,SITE-COOLIT-SYN-01,CRM,SELLER_FORECAST,SFC-094-1,SFC-094-1,RESOLVED,2026-07-17T17:00:00-06:00,2026-09-26T08:00:00-06:00,2026-06-29T00:00:00-06:00,,1,,false,ACTIVE,EA,,VALID,CURRENT,coolit-synthetic-v2.0.0,ALL_SYNTHETIC_CUSTOMERS,ALL_SYNTHETIC_PROGRAMS,COLDPLATE_LOOP,SYNTHETIC_INTERNAL,SNP-COOLIT-20260925-BL,SCN-BASELINE,SFC-094-1,2026-H94,SELLER-ROLE-1,TERR-1,COLDPLATE_LOOP,4,150,147,3,3,COMMIT,0.83,CLOSED_PERIOD
TEN-COOLIT-SYN-001,SITE-COOLIT-SYN-01,CRM,SELLER_FORECAST,SFC-094-2,SFC-094-2,RESOLVED,2026-07-17T17:00:00-06:00,2026-09-26T08:00:00-06:00,2026-06-29T00:00:00-06:00,,1,,false,ACTIVE,EA,,VALID,CURRENT,coolit-synthetic-v2.0.0,ALL_SYNTHETIC_CUSTOMERS,ALL_SYNTHETIC_PROGRAMS,RACK_MANIFOLD,SYNTHETIC_INTERNAL,SNP-COOLIT-20260925-BL,SCN-BASELINE,SFC-094-2,2026-H94,SELLER-ROLE-2,TERR-2,RACK_MANIFOLD,8,163,163,0,0,BEST_CASE,0.84,CLOSED_PERIOD
TEN-COOLIT-SYN-001,SITE-COOLIT-SYN-01,CRM,SELLER_FORECAST,SFC-094-3,SFC-094-3,RESOLVED,2026-07-17T17:00:00-06:00,2026-09-26T08:00:00-06:00,2026-06-29T00:00:00-06:00,,1,,false,ACTIVE,EA,,VALID,CURRENT,coolit-synthetic-v2.0.0,ALL_SYNTHETIC_CUSTOMERS,ALL_SYNTHETIC_PROGRAMS,COOLANT_DISTRIBUTION_UNIT,SYNTHETIC_INTERNAL,SNP-COOLIT-20260925-BL,SCN-BASELINE,SFC-094-3,2026-H94,SELLER-ROLE-3,TERR-3,COOLANT_DISTRIBUTION_UNIT,13,56,59,-3,3,PIPELINE,0.85,CLOSED_PERIOD
TEN-COOLIT-SYN-001,SITE-COOLIT-SYN-01,CRM,SELLER_FORECAST,SFC-095-1,SFC-095-1,RESOLVED,2026-07-24T17:00:00-06:00,2026-09-26T08:00:00-06:00,2026-06-29T00:00:00-06:00,,1,,false,ACTIVE,EA,,VALID,CURRENT,coolit-synthetic-v2.0.0,ALL_SYNTHETIC_CUSTOMERS,ALL_SYNTHETIC_PROGRAMS,COLDPLATE_LOOP,SYNTHETIC_INTERNAL,SNP-COOLIT-20260925-BL,SCN-BASELINE,SFC-095-1,2026-H95,SELLER-ROLE-1,TERR-1,COLDPLATE_LOOP,4,155,155,0,0,COMMIT,0.84,CLOSED_PERIOD
TEN-COOLIT-SYN-001,SITE-COOLIT-SYN-01,CRM,SELLER_FORECAST,SFC-095-2,SFC-095-2,RESOLVED,2026-07-24T17:00:00-06:00,2026-09-26T08:00:00-06:00,2026-06-29T00:00:00-06:00,,1,,false,ACTIVE,EA,,VALID,CURRENT,coolit-synthetic-v2.0.0,ALL_SYNTHETIC_CUSTOMERS,ALL_SYNTHETIC_PROGRAMS,RACK_MANIFOLD,SYNTHETIC_INTERNAL,SNP-COOLIT-20260925-BL,SCN-BASELINE,SFC-095-2,2026-H95,SELLER-ROLE-2,TERR-2,RACK_MANIFOLD,8,48,51,-3,3,BEST_CASE,0.85,CLOSED_PERIOD
TEN-COOLIT-SYN-001,SITE-COOLIT-SYN-01,CRM,SELLER_FORECAST,SFC-095-3,SFC-095-3,RESOLVED,2026-07-24T17:00:00-06:00,2026-09-26T08:00:00-06:00,2026-06-29T00:00:00-06:00,,1,,false,ACTIVE,EA,,VALID,CURRENT,coolit-synthetic-v2.0.0,ALL_SYNTHETIC_CUSTOMERS,ALL_SYNTHETIC_PROGRAMS,COOLANT_DISTRIBUTION_UNIT,SYNTHETIC_INTERNAL,SNP-COOLIT-20260925-BL,SCN-BASELINE,SFC-095-3,2026-H95,SELLER-ROLE-3,TERR-3,COOLANT_DISTRIBUTION_UNIT,13,61,67,-6,6,PIPELINE,0.86,CLOSED_PERIOD
TEN-COOLIT-SYN-001,SITE-COOLIT-SYN-01,CRM,SELLER_FORECAST,SFC-096-1,SFC-096-1,RESOLVED,2026-07-31T17:00:00-06:00,2026-09-26T08:00:00-06:00,2026-06-29T00:00:00-06:00,,1,,false,ACTIVE,EA,,VALID,CURRENT,coolit-synthetic-v2.0.0,ALL_SYNTHETIC_CUSTOMERS,ALL_SYNTHETIC_PROGRAMS,COLDPLATE_LOOP,SYNTHETIC_INTERNAL,SNP-COOLIT-20260925-BL,SCN-BASELINE,SFC-096-1,2026-H96,SELLER-ROLE-1,TERR-1,COLDPLATE_LOOP,4,160,163,-3,3,COMMIT,0.85,CLOSED_PERIOD
TEN-COOLIT-SYN-001,SITE-COOLIT-SYN-01,CRM,SELLER_FORECAST,SFC-096-2,SFC-096-2,RESOLVED,2026-07-31T17:00:00-06:00,2026-09-26T08:00:00-06:00,2026-06-29T00:00:00-06:00,,1,,false,ACTIVE,EA,,VALID,CURRENT,coolit-synthetic-v2.0.0,ALL_SYNTHETIC_CUSTOMERS,ALL_SYNTHETIC_PROGRAMS,RACK_MANIFOLD,SYNTHETIC_INTERNAL,SNP-COOLIT-20260925-BL,SCN-BASELINE,SFC-096-2,2026-H96,SELLER-ROLE-2,TERR-2,RACK_MANIFOLD,8,53,59,-6,6,BEST_CASE,0.86,CLOSED_PERIOD
TEN-COOLIT-SYN-001,SITE-COOLIT-SYN-01,CRM,SELLER_FORECAST,SFC-096-3,SFC-096-3,RESOLVED,2026-07-31T17:00:00-06:00,2026-09-26T08:00:00-06:00,2026-06-29T00:00:00-06:00,,1,,false,ACTIVE,EA,,VALID,CURRENT,coolit-synthetic-v2.0.0,ALL_SYNTHETIC_CUSTOMERS,ALL_SYNTHETIC_PROGRAMS,COOLANT_DISTRIBUTION_UNIT,SYNTHETIC_INTERNAL,SNP-COOLIT-20260925-BL,SCN-BASELINE,SFC-096-3,2026-H96,SELLER-ROLE-3,TERR-3,COOLANT_DISTRIBUTION_UNIT,13,66,75,-9,9,PIPELINE,0.87,CLOSED_PERIOD
TEN-COOLIT-SYN-001,SITE-COOLIT-SYN-01,CRM,SELLER_FORECAST,SFC-097-1,SFC-097-1,RESOLVED,2026-08-07T17:00:00-06:00,2026-09-26T08:00:00-06:00,2026-06-29T00:00:00-06:00,,1,,false,ACTIVE,EA,,VALID,CURRENT,coolit-synthetic-v2.0.0,ALL_SYNTHETIC_CUSTOMERS,ALL_SYNTHETIC_PROGRAMS,COLDPLATE_LOOP,SYNTHETIC_INTERNAL,SNP-COOLIT-20260925-BL,SCN-BASELINE,SFC-097-1,2026-H97,SELLER-ROLE-1,TERR-1,COLDPLATE_LOOP,4,45,51,-6,6,COMMIT,0.86,CLOSED_PERIOD
TEN-COOLIT-SYN-001,SITE-COOLIT-SYN-01,CRM,SELLER_FORECAST,SFC-097-2,SFC-097-2,RESOLVED,2026-08-07T17:00:00-06:00,2026-09-26T08:00:00-06:00,2026-06-29T00:00:00-06:00,,1,,false,ACTIVE,EA,,VALID,CURRENT,coolit-synthetic-v2.0.0,ALL_SYNTHETIC_CUSTOMERS,ALL_SYNTHETIC_PROGRAMS,RACK_MANIFOLD,SYNTHETIC_INTERNAL,SNP-COOLIT-20260925-BL,SCN-BASELINE,SFC-097-2,2026-H97,SELLER-ROLE-2,TERR-2,RACK_MANIFOLD,8,58,67,-9,9,BEST_CASE,0.87,CLOSED_PERIOD
TEN-COOLIT-SYN-001,SITE-COOLIT-SYN-01,CRM,SELLER_FORECAST,SFC-097-3,SFC-097-3,RESOLVED,2026-08-07T17:00:00-06:00,2026-09-26T08:00:00-06:00,2026-06-29T00:00:00-06:00,,1,,false,ACTIVE,EA,,VALID,CURRENT,coolit-synthetic-v2.0.0,ALL_SYNTHETIC_CUSTOMERS,ALL_SYNTHETIC_PROGRAMS,COOLANT_DISTRIBUTION_UNIT,SYNTHETIC_INTERNAL,SNP-COOLIT-20260925-BL,SCN-BASELINE,SFC-097-3,2026-H97,SELLER-ROLE-3,TERR-3,COOLANT_DISTRIBUTION_UNIT,13,71,83,-12,12,PIPELINE,0.88,CLOSED_PERIOD
TEN-COOLIT-SYN-001,SITE-COOLIT-SYN-01,CRM,SELLER_FORECAST,SFC-098-1,SFC-098-1,RESOLVED,2026-08-14T17:00:00-06:00,2026-09-26T08:00:00-06:00,2026-06-29T00:00:00-06:00,,1,,false,ACTIVE,EA,,VALID,CURRENT,coolit-synthetic-v2.0.0,ALL_SYNTHETIC_CUSTOMERS,ALL_SYNTHETIC_PROGRAMS,COLDPLATE_LOOP,SYNTHETIC_INTERNAL,SNP-COOLIT-20260925-BL,SCN-BASELINE,SFC-098-1,2026-H98,SELLER-ROLE-1,TERR-1,COLDPLATE_LOOP,4,50,59,-9,9,COMMIT,0.87,CLOSED_PERIOD
TEN-COOLIT-SYN-001,SITE-COOLIT-SYN-01,CRM,SELLER_FORECAST,SFC-098-2,SFC-098-2,RESOLVED,2026-08-14T17:00:00-06:00,2026-09-26T08:00:00-06:00,2026-06-29T00:00:00-06:00,,1,,false,ACTIVE,EA,,VALID,CURRENT,coolit-synthetic-v2.0.0,ALL_SYNTHETIC_CUSTOMERS,ALL_SYNTHETIC_PROGRAMS,RACK_MANIFOLD,SYNTHETIC_INTERNAL,SNP-COOLIT-20260925-BL,SCN-BASELINE,SFC-098-2,2026-H98,SELLER-ROLE-2,TERR-2,RACK_MANIFOLD,8,63,75,-12,12,BEST_CASE,0.88,CLOSED_PERIOD
TEN-COOLIT-SYN-001,SITE-COOLIT-SYN-01,CRM,SELLER_FORECAST,SFC-098-3,SFC-098-3,RESOLVED,2026-08-14T17:00:00-06:00,2026-09-26T08:00:00-06:00,2026-06-29T00:00:00-06:00,,1,,false,ACTIVE,EA,,VALID,CURRENT,coolit-synthetic-v2.0.0,ALL_SYNTHETIC_CUSTOMERS,ALL_SYNTHETIC_PROGRAMS,COOLANT_DISTRIBUTION_UNIT,SYNTHETIC_INTERNAL,SNP-COOLIT-20260925-BL,SCN-BASELINE,SFC-098-3,2026-H98,SELLER-ROLE-3,TERR-3,COOLANT_DISTRIBUTION_UNIT,13,76,64,12,12,PIPELINE,0.89,CLOSED_PERIOD
TEN-COOLIT-SYN-001,SITE-COOLIT-SYN-01,CRM,SELLER_FORECAST,SFC-099-1,SFC-099-1,RESOLVED,2026-08-21T17:00:00-06:00,2026-09-26T08:00:00-06:00,2026-06-29T00:00:00-06:00,,1,,false,ACTIVE,EA,,VALID,CURRENT,coolit-synthetic-v2.0.0,ALL_SYNTHETIC_CUSTOMERS,ALL_SYNTHETIC_PROGRAMS,COLDPLATE_LOOP,SYNTHETIC_INTERNAL,SNP-COOLIT-20260925-BL,SCN-BASELINE,SFC-099-1,2026-H99,SELLER-ROLE-1,TERR-1,COLDPLATE_LOOP,4,55,67,-12,12,COMMIT,0.88,CLOSED_PERIOD
TEN-COOLIT-SYN-001,SITE-COOLIT-SYN-01,CRM,SELLER_FORECAST,SFC-099-2,SFC-099-2,RESOLVED,2026-08-21T17:00:00-06:00,2026-09-26T08:00:00-06:00,2026-06-29T00:00:00-06:00,,1,,false,ACTIVE,EA,,VALID,CURRENT,coolit-synthetic-v2.0.0,ALL_SYNTHETIC_CUSTOMERS,ALL_SYNTHETIC_PROGRAMS,RACK_MANIFOLD,SYNTHETIC_INTERNAL,SNP-COOLIT-20260925-BL,SCN-BASELINE,SFC-099-2,2026-H99,SELLER-ROLE-2,TERR-2,RACK_MANIFOLD,8,68,56,12,12,BEST_CASE,0.89,CLOSED_PERIOD
TEN-COOLIT-SYN-001,SITE-COOLIT-SYN-01,CRM,SELLER_FORECAST,SFC-099-3,SFC-099-3,RESOLVED,2026-08-21T17:00:00-06:00,2026-09-26T08:00:00-06:00,2026-06-29T00:00:00-06:00,,1,,false,ACTIVE,EA,,VALID,CURRENT,coolit-synthetic-v2.0.0,ALL_SYNTHETIC_CUSTOMERS,ALL_SYNTHETIC_PROGRAMS,COOLANT_DISTRIBUTION_UNIT,SYNTHETIC_INTERNAL,SNP-COOLIT-20260925-BL,SCN-BASELINE,SFC-099-3,2026-H99,SELLER-ROLE-3,TERR-3,COOLANT_DISTRIBUTION_UNIT,13,81,72,9,9,PIPELINE,0.7,CLOSED_PERIOD
TEN-COOLIT-SYN-001,SITE-COOLIT-SYN-01,CRM,SELLER_FORECAST,SFC-100-1,SFC-100-1,RESOLVED,2026-08-28T17:00:00-06:00,2026-09-26T08:00:00-06:00,2026-06-29T00:00:00-06:00,,1,,false,ACTIVE,EA,,VALID,CURRENT,coolit-synthetic-v2.0.0,ALL_SYNTHETIC_CUSTOMERS,ALL_SYNTHETIC_PROGRAMS,COLDPLATE_LOOP,SYNTHETIC_INTERNAL,SNP-COOLIT-20260925-BL,SCN-BASELINE,SFC-100-1,2026-H100,SELLER-ROLE-1,TERR-1,COLDPLATE_LOOP,4,60,48,12,12,COMMIT,0.89,CLOSED_PERIOD
TEN-COOLIT-SYN-001,SITE-COOLIT-SYN-01,CRM,SELLER_FORECAST,SFC-100-2,SFC-100-2,RESOLVED,2026-08-28T17:00:00-06:00,2026-09-26T08:00:00-06:00,2026-06-29T00:00:00-06:00,,1,,false,ACTIVE,EA,,VALID,CURRENT,coolit-synthetic-v2.0.0,ALL_SYNTHETIC_CUSTOMERS,ALL_SYNTHETIC_PROGRAMS,RACK_MANIFOLD,SYNTHETIC_INTERNAL,SNP-COOLIT-20260925-BL,SCN-BASELINE,SFC-100-2,2026-H100,SELLER-ROLE-2,TERR-2,RACK_MANIFOLD,8,73,64,9,9,BEST_CASE,0.7,CLOSED_PERIOD
TEN-COOLIT-SYN-001,SITE-COOLIT-SYN-01,CRM,SELLER_FORECAST,SFC-100-3,SFC-100-3,RESOLVED,2026-08-28T17:00:00-06:00,2026-09-26T08:00:00-06:00,2026-06-29T00:00:00-06:00,,1,,false,ACTIVE,EA,,VALID,CURRENT,coolit-synthetic-v2.0.0,ALL_SYNTHETIC_CUSTOMERS,ALL_SYNTHETIC_PROGRAMS,COOLANT_DISTRIBUTION_UNIT,SYNTHETIC_INTERNAL,SNP-COOLIT-20260925-BL,SCN-BASELINE,SFC-100-3,2026-H100,SELLER-ROLE-3,TERR-3,COOLANT_DISTRIBUTION_UNIT,13,86,80,6,6,PIPELINE,0.71,CLOSED_PERIOD
TEN-COOLIT-SYN-001,SITE-COOLIT-SYN-01,CRM,SELLER_FORECAST,SFC-101-1,SFC-101-1,RESOLVED,2026-09-04T17:00:00-06:00,2026-09-26T08:00:00-06:00,2026-06-29T00:00:00-06:00,,1,,false,ACTIVE,EA,,VALID,CURRENT,coolit-synthetic-v2.0.0,ALL_SYNTHETIC_CUSTOMERS,ALL_SYNTHETIC_PROGRAMS,COLDPLATE_LOOP,SYNTHETIC_INTERNAL,SNP-COOLIT-20260925-BL,SCN-BASELINE,SFC-101-1,2026-H101,SELLER-ROLE-1,TERR-1,COLDPLATE_LOOP,4,65,56,9,9,COMMIT,0.7,CLOSED_PERIOD
TEN-COOLIT-SYN-001,SITE-COOLIT-SYN-01,CRM,SELLER_FORECAST,SFC-101-2,SFC-101-2,RESOLVED,2026-09-04T17:00:00-06:00,2026-09-26T08:00:00-06:00,2026-06-29T00:00:00-06:00,,1,,false,ACTIVE,EA,,VALID,CURRENT,coolit-synthetic-v2.0.0,ALL_SYNTHETIC_CUSTOMERS,ALL_SYNTHETIC_PROGRAMS,RACK_MANIFOLD,SYNTHETIC_INTERNAL,SNP-COOLIT-20260925-BL,SCN-BASELINE,SFC-101-2,2026-H101,SELLER-ROLE-2,TERR-2,RACK_MANIFOLD,8,78,72,6,6,BEST_CASE,0.71,CLOSED_PERIOD
TEN-COOLIT-SYN-001,SITE-COOLIT-SYN-01,CRM,SELLER_FORECAST,SFC-101-3,SFC-101-3,RESOLVED,2026-09-04T17:00:00-06:00,2026-09-26T08:00:00-06:00,2026-06-29T00:00:00-06:00,,1,,false,ACTIVE,EA,,VALID,CURRENT,coolit-synthetic-v2.0.0,ALL_SYNTHETIC_CUSTOMERS,ALL_SYNTHETIC_PROGRAMS,COOLANT_DISTRIBUTION_UNIT,SYNTHETIC_INTERNAL,SNP-COOLIT-20260925-BL,SCN-BASELINE,SFC-101-3,2026-H101,SELLER-ROLE-3,TERR-3,COOLANT_DISTRIBUTION_UNIT,13,91,88,3,3,PIPELINE,0.72,CLOSED_PERIOD
TEN-COOLIT-SYN-001,SITE-COOLIT-SYN-01,CRM,SELLER_FORECAST,SFC-102-1,SFC-102-1,RESOLVED,2026-09-11T17:00:00-06:00,2026-09-26T08:00:00-06:00,2026-06-29T00:00:00-06:00,,1,,false,ACTIVE,EA,,VALID,CURRENT,coolit-synthetic-v2.0.0,ALL_SYNTHETIC_CUSTOMERS,ALL_SYNTHETIC_PROGRAMS,COLDPLATE_LOOP,SYNTHETIC_INTERNAL,SNP-COOLIT-20260925-BL,SCN-BASELINE,SFC-102-1,2026-H102,SELLER-ROLE-1,TERR-1,COLDPLATE_LOOP,4,70,64,6,6,COMMIT,0.71,CLOSED_PERIOD
TEN-COOLIT-SYN-001,SITE-COOLIT-SYN-01,CRM,SELLER_FORECAST,SFC-102-2,SFC-102-2,RESOLVED,2026-09-11T17:00:00-06:00,2026-09-26T08:00:00-06:00,2026-06-29T00:00:00-06:00,,1,,false,ACTIVE,EA,,VALID,CURRENT,coolit-synthetic-v2.0.0,ALL_SYNTHETIC_CUSTOMERS,ALL_SYNTHETIC_PROGRAMS,RACK_MANIFOLD,SYNTHETIC_INTERNAL,SNP-COOLIT-20260925-BL,SCN-BASELINE,SFC-102-2,2026-H102,SELLER-ROLE-2,TERR-2,RACK_MANIFOLD,8,83,80,3,3,BEST_CASE,0.72,CLOSED_PERIOD
TEN-COOLIT-SYN-001,SITE-COOLIT-SYN-01,CRM,SELLER_FORECAST,SFC-102-3,SFC-102-3,RESOLVED,2026-09-11T17:00:00-06:00,2026-09-26T08:00:00-06:00,2026-06-29T00:00:00-06:00,,1,,false,ACTIVE,EA,,VALID,CURRENT,coolit-synthetic-v2.0.0,ALL_SYNTHETIC_CUSTOMERS,ALL_SYNTHETIC_PROGRAMS,COOLANT_DISTRIBUTION_UNIT,SYNTHETIC_INTERNAL,SNP-COOLIT-20260925-BL,SCN-BASELINE,SFC-102-3,2026-H102,SELLER-ROLE-3,TERR-3,COOLANT_DISTRIBUTION_UNIT,13,96,96,0,0,PIPELINE,0.73,CLOSED_PERIOD
TEN-COOLIT-SYN-001,SITE-COOLIT-SYN-01,CRM,SELLER_FORECAST,SFC-103-1,SFC-103-1,RESOLVED,2026-09-18T17:00:00-06:00,2026-09-26T08:00:00-06:00,2026-06-29T00:00:00-06:00,,1,,false,ACTIVE,EA,,VALID,CURRENT,coolit-synthetic-v2.0.0,ALL_SYNTHETIC_CUSTOMERS,ALL_SYNTHETIC_PROGRAMS,COLDPLATE_LOOP,SYNTHETIC_INTERNAL,SNP-COOLIT-20260925-BL,SCN-BASELINE,SFC-103-1,2026-H103,SELLER-ROLE-1,TERR-1,COLDPLATE_LOOP,4,75,72,3,3,COMMIT,0.72,CLOSED_PERIOD
TEN-COOLIT-SYN-001,SITE-COOLIT-SYN-01,CRM,SELLER_FORECAST,SFC-103-2,SFC-103-2,RESOLVED,2026-09-18T17:00:00-06:00,2026-09-26T08:00:00-06:00,2026-06-29T00:00:00-06:00,,1,,false,ACTIVE,EA,,VALID,CURRENT,coolit-synthetic-v2.0.0,ALL_SYNTHETIC_CUSTOMERS,ALL_SYNTHETIC_PROGRAMS,RACK_MANIFOLD,SYNTHETIC_INTERNAL,SNP-COOLIT-20260925-BL,SCN-BASELINE,SFC-103-2,2026-H103,SELLER-ROLE-2,TERR-2,RACK_MANIFOLD,8,88,88,0,0,BEST_CASE,0.73,CLOSED_PERIOD
TEN-COOLIT-SYN-001,SITE-COOLIT-SYN-01,CRM,SELLER_FORECAST,SFC-103-3,SFC-103-3,RESOLVED,2026-09-18T17:00:00-06:00,2026-09-26T08:00:00-06:00,2026-06-29T00:00:00-06:00,,1,,false,ACTIVE,EA,,VALID,CURRENT,coolit-synthetic-v2.0.0,ALL_SYNTHETIC_CUSTOMERS,ALL_SYNTHETIC_PROGRAMS,COOLANT_DISTRIBUTION_UNIT,SYNTHETIC_INTERNAL,SNP-COOLIT-20260925-BL,SCN-BASELINE,SFC-103-3,2026-H103,SELLER-ROLE-3,TERR-3,COOLANT_DISTRIBUTION_UNIT,13,101,104,-3,3,PIPELINE,0.74,CLOSED_PERIOD
TEN-COOLIT-SYN-001,SITE-COOLIT-SYN-01,CRM,SELLER_FORECAST,SFC-104-1,SFC-104-1,RESOLVED,2026-09-25T17:00:00-06:00,2026-09-26T08:00:00-06:00,2026-06-29T00:00:00-06:00,,1,,false,ACTIVE,EA,,VALID,CURRENT,coolit-synthetic-v2.0.0,ALL_SYNTHETIC_CUSTOMERS,ALL_SYNTHETIC_PROGRAMS,COLDPLATE_LOOP,SYNTHETIC_INTERNAL,SNP-COOLIT-20260925-BL,SCN-BASELINE,SFC-104-1,2026-H104,SELLER-ROLE-1,TERR-1,COLDPLATE_LOOP,4,80,80,0,0,COMMIT,0.73,CLOSED_PERIOD
TEN-COOLIT-SYN-001,SITE-COOLIT-SYN-01,CRM,SELLER_FORECAST,SFC-104-2,SFC-104-2,RESOLVED,2026-09-25T17:00:00-06:00,2026-09-26T08:00:00-06:00,2026-06-29T00:00:00-06:00,,1,,false,ACTIVE,EA,,VALID,CURRENT,coolit-synthetic-v2.0.0,ALL_SYNTHETIC_CUSTOMERS,ALL_SYNTHETIC_PROGRAMS,RACK_MANIFOLD,SYNTHETIC_INTERNAL,SNP-COOLIT-20260925-BL,SCN-BASELINE,SFC-104-2,2026-H104,SELLER-ROLE-2,TERR-2,RACK_MANIFOLD,8,93,96,-3,3,BEST_CASE,0.74,CLOSED_PERIOD
TEN-COOLIT-SYN-001,SITE-COOLIT-SYN-01,CRM,SELLER_FORECAST,SFC-104-3,SFC-104-3,RESOLVED,2026-09-25T17:00:00-06:00,2026-09-26T08:00:00-06:00,2026-06-29T00:00:00-06:00,,1,,false,ACTIVE,EA,,VALID,CURRENT,coolit-synthetic-v2.0.0,ALL_SYNTHETIC_CUSTOMERS,ALL_SYNTHETIC_PROGRAMS,COOLANT_DISTRIBUTION_UNIT,SYNTHETIC_INTERNAL,SNP-COOLIT-20260925-BL,SCN-BASELINE,SFC-104-3,2026-H104,SELLER-ROLE-3,TERR-3,COOLANT_DISTRIBUTION_UNIT,13,106,112,-6,6,PIPELINE,0.75,CLOSED_PERIOD
