tenant_id,site_id,source_system,source_object,source_record_id,canonical_id,crosswalk_status,source_event_at,ingested_at,effective_from,effective_to,record_version,supersedes_source_record_id,is_deleted,semantic_status,uom,currency,data_quality_state,freshness_state,transformation_version,customer_scope,program_scope,product_scope,sensitivity_class,snapshot_id,scenario_id,material_consumption_id,work_order_id,mes_operation_id,operation_sequence,component_part_id,transaction_type,quantity,transaction_uom,source_lot_serial_id,output_lot_serial_id,traceability_required,event_time,reversal_of_consumption_id
TEN-COOLIT-SYN-001,SITE-COOLIT-SYN-01,MES,MATERIAL_CONSUMPTION,MATCON-000001,MATCON-000001,RESOLVED,2026-06-29T07:10:00-06:00,2026-09-26T08:00:00-06:00,2026-06-29T00:00:00-06:00,,1,,false,ACTIVE,EA,,VALID,CURRENT,coolit-synthetic-v2.0.0,ALL_SYNTHETIC_CUSTOMERS,ALL_SYNTHETIC_PROGRAMS,CFG-CPL-02,SYNTHETIC_INTERNAL,SNP-COOLIT-20260925-BL,SCN-BASELINE,MATCON-000001,WO-0001,MESOP-00001,10,P-PUMP-008,ISSUE,2,EA,LOT-P-PUMP-008-A,LOT-WO-0001-OUT,true,2026-06-29T07:10:00-06:00,
TEN-COOLIT-SYN-001,SITE-COOLIT-SYN-01,MES,MATERIAL_CONSUMPTION,MATCON-000002,MATCON-000002,RESOLVED,2026-06-29T07:10:00-06:00,2026-09-26T08:00:00-06:00,2026-06-29T00:00:00-06:00,,1,,false,ACTIVE,EA,,VALID,CURRENT,coolit-synthetic-v2.0.0,ALL_SYNTHETIC_CUSTOMERS,ALL_SYNTHETIC_PROGRAMS,CFG-CPL-02,SYNTHETIC_INTERNAL,SNP-COOLIT-20260925-BL,SCN-BASELINE,MATCON-000002,WO-0001,MESOP-00001,10,P-CTRL-001,ISSUE,3,EA,LOT-P-CTRL-001-A,LOT-WO-0001-OUT,true,2026-06-29T07:10:00-06:00,
TEN-COOLIT-SYN-001,SITE-COOLIT-SYN-01,MES,MATERIAL_CONSUMPTION,MATCON-000003,MATCON-000003,RESOLVED,2026-06-29T07:10:00-06:00,2026-09-26T08:00:00-06:00,2026-06-29T00:00:00-06:00,,1,,false,ACTIVE,EA,,VALID,CURRENT,coolit-synthetic-v2.0.0,ALL_SYNTHETIC_CUSTOMERS,ALL_SYNTHETIC_PROGRAMS,CFG-CPL-02,SYNTHETIC_INTERNAL,SNP-COOLIT-20260925-BL,SCN-BASELINE,MATCON-000003,WO-0001,MESOP-00001,10,P-COMP-002,ISSUE,4,EA,LOT-P-COMP-002-A,LOT-WO-0001-OUT,true,2026-06-29T07:10:00-06:00,
TEN-COOLIT-SYN-001,SITE-COOLIT-SYN-01,MES,MATERIAL_CONSUMPTION,MATCON-000004,MATCON-000004,RESOLVED,2026-06-29T07:10:00-06:00,2026-09-26T08:00:00-06:00,2026-06-29T00:00:00-06:00,,1,,false,ACTIVE,EA,,VALID,CURRENT,coolit-synthetic-v2.0.0,ALL_SYNTHETIC_CUSTOMERS,ALL_SYNTHETIC_PROGRAMS,CFG-CPL-02,SYNTHETIC_INTERNAL,SNP-COOLIT-20260925-BL,SCN-BASELINE,MATCON-000004,WO-0001,MESOP-00001,10,P-COMP-009,ISSUE,5,EA,LOT-P-COMP-009-A,LOT-WO-0001-OUT,true,2026-06-29T07:10:00-06:00,
TEN-COOLIT-SYN-001,SITE-COOLIT-SYN-01,MES,MATERIAL_CONSUMPTION,MATCON-000005,MATCON-000005,RESOLVED,2026-06-29T07:10:00-06:00,2026-09-26T08:00:00-06:00,2026-06-29T00:00:00-06:00,,1,,false,ACTIVE,EA,,VALID,CURRENT,coolit-synthetic-v2.0.0,ALL_SYNTHETIC_CUSTOMERS,ALL_SYNTHETIC_PROGRAMS,CFG-CPL-02,SYNTHETIC_INTERNAL,SNP-COOLIT-20260925-BL,SCN-BASELINE,MATCON-000005,WO-0001,MESOP-00001,10,P-COMP-016,ISSUE,6,EA,LOT-P-COMP-016-A,LOT-WO-0001-OUT,true,2026-06-29T07:10:00-06:00,
TEN-COOLIT-SYN-001,SITE-COOLIT-SYN-01,MES,MATERIAL_CONSUMPTION,MATCON-000006,MATCON-000006,RESOLVED,2026-06-29T07:10:00-06:00,2026-09-26T08:00:00-06:00,2026-06-29T00:00:00-06:00,,1,,false,ACTIVE,EA,,VALID,CURRENT,coolit-synthetic-v2.0.0,ALL_SYNTHETIC_CUSTOMERS,ALL_SYNTHETIC_PROGRAMS,CFG-CPL-02,SYNTHETIC_INTERNAL,SNP-COOLIT-20260925-BL,SCN-BASELINE,MATCON-000006,WO-0001,MESOP-00001,20,P-COMP-023,ISSUE,2,EA,LOT-P-COMP-023-A,LOT-WO-0001-OUT,true,2026-06-29T07:10:00-06:00,
TEN-COOLIT-SYN-001,SITE-COOLIT-SYN-01,MES,MATERIAL_CONSUMPTION,MATCON-000007,MATCON-000007,RESOLVED,2026-06-29T07:10:00-06:00,2026-09-26T08:00:00-06:00,2026-06-29T00:00:00-06:00,,1,,false,ACTIVE,EA,,VALID,CURRENT,coolit-synthetic-v2.0.0,ALL_SYNTHETIC_CUSTOMERS,ALL_SYNTHETIC_PROGRAMS,CFG-CPL-02,SYNTHETIC_INTERNAL,SNP-COOLIT-20260925-BL,SCN-BASELINE,MATCON-000007,WO-0001,MESOP-00001,20,P-COMP-030,ISSUE,3,EA,LOT-P-COMP-030-A,LOT-WO-0001-OUT,true,2026-06-29T07:10:00-06:00,
TEN-COOLIT-SYN-001,SITE-COOLIT-SYN-01,MES,MATERIAL_CONSUMPTION,MATCON-000008,MATCON-000008,RESOLVED,2026-06-29T07:10:00-06:00,2026-09-26T08:00:00-06:00,2026-06-29T00:00:00-06:00,,1,,false,ACTIVE,EA,,VALID,CURRENT,coolit-synthetic-v2.0.0,ALL_SYNTHETIC_CUSTOMERS,ALL_SYNTHETIC_PROGRAMS,CFG-CPL-02,SYNTHETIC_INTERNAL,SNP-COOLIT-20260925-BL,SCN-BASELINE,MATCON-000008,WO-0001,MESOP-00001,20,P-COMP-037,ISSUE,4,EA,LOT-P-COMP-037-A,LOT-WO-0001-OUT,false,2026-06-29T07:10:00-06:00,
TEN-COOLIT-SYN-001,SITE-COOLIT-SYN-01,MES,MATERIAL_CONSUMPTION,MATCON-000009,MATCON-000009,RESOLVED,2026-06-29T07:10:00-06:00,2026-09-26T08:00:00-06:00,2026-06-29T00:00:00-06:00,,1,,false,ACTIVE,EA,,VALID,CURRENT,coolit-synthetic-v2.0.0,ALL_SYNTHETIC_CUSTOMERS,ALL_SYNTHETIC_PROGRAMS,CFG-CPL-02,SYNTHETIC_INTERNAL,SNP-COOLIT-20260925-BL,SCN-BASELINE,MATCON-000009,WO-0001,MESOP-00001,20,P-COMP-044,ISSUE,5,EA,LOT-P-COMP-044-A,LOT-WO-0001-OUT,false,2026-06-29T07:10:00-06:00,
TEN-COOLIT-SYN-001,SITE-COOLIT-SYN-01,MES,MATERIAL_CONSUMPTION,MATCON-000010,MATCON-000010,RESOLVED,2026-06-29T07:10:00-06:00,2026-09-26T08:00:00-06:00,2026-06-29T00:00:00-06:00,,1,,false,ACTIVE,EA,,VALID,CURRENT,coolit-synthetic-v2.0.0,ALL_SYNTHETIC_CUSTOMERS,ALL_SYNTHETIC_PROGRAMS,CFG-CPL-02,SYNTHETIC_INTERNAL,SNP-COOLIT-20260925-BL,SCN-BASELINE,MATCON-000010,WO-0001,MESOP-00001,20,P-COMP-051,ISSUE,6,EA,LOT-P-COMP-051-A,LOT-WO-0001-OUT,false,2026-06-29T07:10:00-06:00,
TEN-COOLIT-SYN-001,SITE-COOLIT-SYN-01,MES,MATERIAL_CONSUMPTION,MATCON-000011,MATCON-000011,RESOLVED,2026-06-29T07:10:00-06:00,2026-09-26T08:00:00-06:00,2026-06-29T00:00:00-06:00,,1,,false,ACTIVE,EA,,VALID,CURRENT,coolit-synthetic-v2.0.0,ALL_SYNTHETIC_CUSTOMERS,ALL_SYNTHETIC_PROGRAMS,CFG-CPL-02,SYNTHETIC_INTERNAL,SNP-COOLIT-20260925-BL,SCN-BASELINE,MATCON-000011,WO-0001,MESOP-00001,30,P-COMP-058,ISSUE,2,EA,LOT-P-COMP-058-A,LOT-WO-0001-OUT,false,2026-06-29T07:10:00-06:00,
TEN-COOLIT-SYN-001,SITE-COOLIT-SYN-01,MES,MATERIAL_CONSUMPTION,MATCON-000012,MATCON-000012,RESOLVED,2026-06-29T07:10:00-06:00,2026-09-26T08:00:00-06:00,2026-06-29T00:00:00-06:00,,1,,false,ACTIVE,EA,,VALID,CURRENT,coolit-synthetic-v2.0.0,ALL_SYNTHETIC_CUSTOMERS,ALL_SYNTHETIC_PROGRAMS,CFG-CPL-02,SYNTHETIC_INTERNAL,SNP-COOLIT-20260925-BL,SCN-BASELINE,MATCON-000012,WO-0001,MESOP-00001,30,P-COMP-065,ISSUE,3,EA,LOT-P-COMP-065-A,LOT-WO-0001-OUT,false,2026-06-29T07:10:00-06:00,
TEN-COOLIT-SYN-001,SITE-COOLIT-SYN-01,MES,MATERIAL_CONSUMPTION,MATCON-000013,MATCON-000013,RESOLVED,2026-07-02T07:10:00-06:00,2026-09-26T08:00:00-06:00,2026-06-29T00:00:00-06:00,,1,,false,ACTIVE,EA,,VALID,CURRENT,coolit-synthetic-v2.0.0,ALL_SYNTHETIC_CUSTOMERS,ALL_SYNTHETIC_PROGRAMS,CFG-CDU-01,SYNTHETIC_INTERNAL,SNP-COOLIT-20260925-BL,SCN-BASELINE,MATCON-000013,WO-0002,MESOP-00007,10,P-COMP-107,ISSUE,2,EA,LOT-P-COMP-107-A,LOT-WO-0002-OUT,true,2026-07-02T07:10:00-06:00,
TEN-COOLIT-SYN-001,SITE-COOLIT-SYN-01,MES,MATERIAL_CONSUMPTION,MATCON-000014,MATCON-000014,RESOLVED,2026-07-02T07:10:00-06:00,2026-09-26T08:00:00-06:00,2026-06-29T00:00:00-06:00,,1,,false,ACTIVE,EA,,VALID,CURRENT,coolit-synthetic-v2.0.0,ALL_SYNTHETIC_CUSTOMERS,ALL_SYNTHETIC_PROGRAMS,CFG-CDU-01,SYNTHETIC_INTERNAL,SNP-COOLIT-20260925-BL,SCN-BASELINE,MATCON-000014,WO-0002,MESOP-00007,10,P-COMP-114,ISSUE,3,EA,LOT-P-COMP-114-A,LOT-WO-0002-OUT,true,2026-07-02T07:10:00-06:00,
TEN-COOLIT-SYN-001,SITE-COOLIT-SYN-01,MES,MATERIAL_CONSUMPTION,MATCON-000015,MATCON-000015,RESOLVED,2026-07-02T07:10:00-06:00,2026-09-26T08:00:00-06:00,2026-06-29T00:00:00-06:00,,1,,false,ACTIVE,EA,,VALID,CURRENT,coolit-synthetic-v2.0.0,ALL_SYNTHETIC_CUSTOMERS,ALL_SYNTHETIC_PROGRAMS,CFG-CDU-01,SYNTHETIC_INTERNAL,SNP-COOLIT-20260925-BL,SCN-BASELINE,MATCON-000015,WO-0002,MESOP-00007,10,P-COMP-121,ISSUE,4,EA,LOT-P-COMP-121-A,LOT-WO-0002-OUT,true,2026-07-02T07:10:00-06:00,
TEN-COOLIT-SYN-001,SITE-COOLIT-SYN-01,MES,MATERIAL_CONSUMPTION,MATCON-000016,MATCON-000016,RESOLVED,2026-07-02T07:10:00-06:00,2026-09-26T08:00:00-06:00,2026-06-29T00:00:00-06:00,,1,,false,ACTIVE,EA,,VALID,CURRENT,coolit-synthetic-v2.0.0,ALL_SYNTHETIC_CUSTOMERS,ALL_SYNTHETIC_PROGRAMS,CFG-CDU-01,SYNTHETIC_INTERNAL,SNP-COOLIT-20260925-BL,SCN-BASELINE,MATCON-000016,WO-0002,MESOP-00007,10,P-COMP-128,ISSUE,5,EA,LOT-P-COMP-128-A,LOT-WO-0002-OUT,true,2026-07-02T07:10:00-06:00,
TEN-COOLIT-SYN-001,SITE-COOLIT-SYN-01,MES,MATERIAL_CONSUMPTION,MATCON-000017,MATCON-000017,RESOLVED,2026-07-02T07:10:00-06:00,2026-09-26T08:00:00-06:00,2026-06-29T00:00:00-06:00,,1,,false,ACTIVE,EA,,VALID,CURRENT,coolit-synthetic-v2.0.0,ALL_SYNTHETIC_CUSTOMERS,ALL_SYNTHETIC_PROGRAMS,CFG-CDU-01,SYNTHETIC_INTERNAL,SNP-COOLIT-20260925-BL,SCN-BASELINE,MATCON-000017,WO-0002,MESOP-00007,10,P-COMP-135,ISSUE,6,EA,LOT-P-COMP-135-A,LOT-WO-0002-OUT,true,2026-07-02T07:10:00-06:00,
TEN-COOLIT-SYN-001,SITE-COOLIT-SYN-01,MES,MATERIAL_CONSUMPTION,MATCON-000018,MATCON-000018,RESOLVED,2026-07-02T07:10:00-06:00,2026-09-26T08:00:00-06:00,2026-06-29T00:00:00-06:00,,1,,false,ACTIVE,EA,,VALID,CURRENT,coolit-synthetic-v2.0.0,ALL_SYNTHETIC_CUSTOMERS,ALL_SYNTHETIC_PROGRAMS,CFG-CDU-01,SYNTHETIC_INTERNAL,SNP-COOLIT-20260925-BL,SCN-BASELINE,MATCON-000018,WO-0002,MESOP-00007,20,P-COMP-142,ISSUE,2,EA,LOT-P-COMP-142-A,LOT-WO-0002-OUT,true,2026-07-02T07:10:00-06:00,
TEN-COOLIT-SYN-001,SITE-COOLIT-SYN-01,MES,MATERIAL_CONSUMPTION,MATCON-000019,MATCON-000019,RESOLVED,2026-07-02T07:10:00-06:00,2026-09-26T08:00:00-06:00,2026-06-29T00:00:00-06:00,,1,,false,ACTIVE,EA,,VALID,CURRENT,coolit-synthetic-v2.0.0,ALL_SYNTHETIC_CUSTOMERS,ALL_SYNTHETIC_PROGRAMS,CFG-CDU-01,SYNTHETIC_INTERNAL,SNP-COOLIT-20260925-BL,SCN-BASELINE,MATCON-000019,WO-0002,MESOP-00007,20,P-COMP-149,ISSUE,3,EA,LOT-P-COMP-149-A,LOT-WO-0002-OUT,true,2026-07-02T07:10:00-06:00,
TEN-COOLIT-SYN-001,SITE-COOLIT-SYN-01,MES,MATERIAL_CONSUMPTION,MATCON-000020,MATCON-000020,RESOLVED,2026-07-02T07:10:00-06:00,2026-09-26T08:00:00-06:00,2026-06-29T00:00:00-06:00,,1,,false,ACTIVE,EA,,VALID,CURRENT,coolit-synthetic-v2.0.0,ALL_SYNTHETIC_CUSTOMERS,ALL_SYNTHETIC_PROGRAMS,CFG-CDU-01,SYNTHETIC_INTERNAL,SNP-COOLIT-20260925-BL,SCN-BASELINE,MATCON-000020,WO-0002,MESOP-00007,20,P-COMP-156,ISSUE,4,EA,LOT-P-COMP-156-A,LOT-WO-0002-OUT,false,2026-07-02T07:10:00-06:00,
TEN-COOLIT-SYN-001,SITE-COOLIT-SYN-01,MES,MATERIAL_CONSUMPTION,MATCON-000021,MATCON-000021,RESOLVED,2026-07-02T07:10:00-06:00,2026-09-26T08:00:00-06:00,2026-06-29T00:00:00-06:00,,1,,false,ACTIVE,EA,,VALID,CURRENT,coolit-synthetic-v2.0.0,ALL_SYNTHETIC_CUSTOMERS,ALL_SYNTHETIC_PROGRAMS,CFG-CDU-01,SYNTHETIC_INTERNAL,SNP-COOLIT-20260925-BL,SCN-BASELINE,MATCON-000021,WO-0002,MESOP-00007,20,P-COMP-163,ISSUE,5,EA,LOT-P-COMP-163-A,LOT-WO-0002-OUT,false,2026-07-02T07:10:00-06:00,
TEN-COOLIT-SYN-001,SITE-COOLIT-SYN-01,MES,MATERIAL_CONSUMPTION,MATCON-000022,MATCON-000022,RESOLVED,2026-07-02T07:10:00-06:00,2026-09-26T08:00:00-06:00,2026-06-29T00:00:00-06:00,,1,,false,ACTIVE,EA,,VALID,CURRENT,coolit-synthetic-v2.0.0,ALL_SYNTHETIC_CUSTOMERS,ALL_SYNTHETIC_PROGRAMS,CFG-CDU-01,SYNTHETIC_INTERNAL,SNP-COOLIT-20260925-BL,SCN-BASELINE,MATCON-000022,WO-0002,MESOP-00007,20,P-COMP-170,ISSUE,6,EA,LOT-P-COMP-170-A,LOT-WO-0002-OUT,false,2026-07-02T07:10:00-06:00,
TEN-COOLIT-SYN-001,SITE-COOLIT-SYN-01,MES,MATERIAL_CONSUMPTION,MATCON-000023,MATCON-000023,RESOLVED,2026-07-02T07:10:00-06:00,2026-09-26T08:00:00-06:00,2026-06-29T00:00:00-06:00,,1,,false,ACTIVE,EA,,VALID,CURRENT,coolit-synthetic-v2.0.0,ALL_SYNTHETIC_CUSTOMERS,ALL_SYNTHETIC_PROGRAMS,CFG-CDU-01,SYNTHETIC_INTERNAL,SNP-COOLIT-20260925-BL,SCN-BASELINE,MATCON-000023,WO-0002,MESOP-00007,30,P-COMP-177,ISSUE,2,EA,LOT-P-COMP-177-A,LOT-WO-0002-OUT,false,2026-07-02T07:10:00-06:00,
TEN-COOLIT-SYN-001,SITE-COOLIT-SYN-01,MES,MATERIAL_CONSUMPTION,MATCON-000024,MATCON-000024,RESOLVED,2026-07-02T07:10:00-06:00,2026-09-26T08:00:00-06:00,2026-06-29T00:00:00-06:00,,1,,false,ACTIVE,EA,,VALID,CURRENT,coolit-synthetic-v2.0.0,ALL_SYNTHETIC_CUSTOMERS,ALL_SYNTHETIC_PROGRAMS,CFG-CDU-01,SYNTHETIC_INTERNAL,SNP-COOLIT-20260925-BL,SCN-BASELINE,MATCON-000024,WO-0002,MESOP-00007,30,P-COMP-184,ISSUE,3,EA,LOT-P-COMP-184-A,LOT-WO-0002-OUT,false,2026-07-02T07:10:00-06:00,
TEN-COOLIT-SYN-001,SITE-COOLIT-SYN-01,MES,MATERIAL_CONSUMPTION,MATCON-000025,MATCON-000025,RESOLVED,2026-07-05T07:10:00-06:00,2026-09-26T08:00:00-06:00,2026-06-29T00:00:00-06:00,,1,,false,ACTIVE,EA,,VALID,CURRENT,coolit-synthetic-v2.0.0,ALL_SYNTHETIC_CUSTOMERS,ALL_SYNTHETIC_PROGRAMS,CFG-CPL-04,SYNTHETIC_INTERNAL,SNP-COOLIT-20260925-BL,SCN-BASELINE,MATCON-000025,WO-0003,MESOP-00013,10,P-COMP-022,ISSUE,2,EA,LOT-P-COMP-022-A,LOT-WO-0003-OUT,true,2026-07-05T07:10:00-06:00,
TEN-COOLIT-SYN-001,SITE-COOLIT-SYN-01,MES,MATERIAL_CONSUMPTION,MATCON-000026,MATCON-000026,RESOLVED,2026-07-05T07:10:00-06:00,2026-09-26T08:00:00-06:00,2026-06-29T00:00:00-06:00,,1,,false,ACTIVE,EA,,VALID,CURRENT,coolit-synthetic-v2.0.0,ALL_SYNTHETIC_CUSTOMERS,ALL_SYNTHETIC_PROGRAMS,CFG-CPL-04,SYNTHETIC_INTERNAL,SNP-COOLIT-20260925-BL,SCN-BASELINE,MATCON-000026,WO-0003,MESOP-00013,10,P-COMP-029,ISSUE,3,EA,LOT-P-COMP-029-A,LOT-WO-0003-OUT,true,2026-07-05T07:10:00-06:00,
TEN-COOLIT-SYN-001,SITE-COOLIT-SYN-01,MES,MATERIAL_CONSUMPTION,MATCON-000027,MATCON-000027,RESOLVED,2026-07-05T07:10:00-06:00,2026-09-26T08:00:00-06:00,2026-06-29T00:00:00-06:00,,1,,false,ACTIVE,EA,,VALID,CURRENT,coolit-synthetic-v2.0.0,ALL_SYNTHETIC_CUSTOMERS,ALL_SYNTHETIC_PROGRAMS,CFG-CPL-04,SYNTHETIC_INTERNAL,SNP-COOLIT-20260925-BL,SCN-BASELINE,MATCON-000027,WO-0003,MESOP-00013,10,P-COMP-036,ISSUE,4,EA,LOT-P-COMP-036-A,LOT-WO-0003-OUT,true,2026-07-05T07:10:00-06:00,
TEN-COOLIT-SYN-001,SITE-COOLIT-SYN-01,MES,MATERIAL_CONSUMPTION,MATCON-000028,MATCON-000028,RESOLVED,2026-07-05T07:10:00-06:00,2026-09-26T08:00:00-06:00,2026-06-29T00:00:00-06:00,,1,,false,ACTIVE,EA,,VALID,CURRENT,coolit-synthetic-v2.0.0,ALL_SYNTHETIC_CUSTOMERS,ALL_SYNTHETIC_PROGRAMS,CFG-CPL-04,SYNTHETIC_INTERNAL,SNP-COOLIT-20260925-BL,SCN-BASELINE,MATCON-000028,WO-0003,MESOP-00013,10,P-COMP-043,ISSUE,5,EA,LOT-P-COMP-043-A,LOT-WO-0003-OUT,true,2026-07-05T07:10:00-06:00,
TEN-COOLIT-SYN-001,SITE-COOLIT-SYN-01,MES,MATERIAL_CONSUMPTION,MATCON-000029,MATCON-000029,RESOLVED,2026-07-05T07:10:00-06:00,2026-09-26T08:00:00-06:00,2026-06-29T00:00:00-06:00,,1,,false,ACTIVE,EA,,VALID,CURRENT,coolit-synthetic-v2.0.0,ALL_SYNTHETIC_CUSTOMERS,ALL_SYNTHETIC_PROGRAMS,CFG-CPL-04,SYNTHETIC_INTERNAL,SNP-COOLIT-20260925-BL,SCN-BASELINE,MATCON-000029,WO-0003,MESOP-00013,10,P-COMP-050,ISSUE,6,EA,LOT-P-COMP-050-A,LOT-WO-0003-OUT,true,2026-07-05T07:10:00-06:00,
TEN-COOLIT-SYN-001,SITE-COOLIT-SYN-01,MES,MATERIAL_CONSUMPTION,MATCON-000030,MATCON-000030,RESOLVED,2026-07-05T07:10:00-06:00,2026-09-26T08:00:00-06:00,2026-06-29T00:00:00-06:00,,1,,false,ACTIVE,EA,,VALID,CURRENT,coolit-synthetic-v2.0.0,ALL_SYNTHETIC_CUSTOMERS,ALL_SYNTHETIC_PROGRAMS,CFG-CPL-04,SYNTHETIC_INTERNAL,SNP-COOLIT-20260925-BL,SCN-BASELINE,MATCON-000030,WO-0003,MESOP-00013,20,P-COMP-057,ISSUE,2,EA,LOT-P-COMP-057-A,LOT-WO-0003-OUT,true,2026-07-05T07:10:00-06:00,
TEN-COOLIT-SYN-001,SITE-COOLIT-SYN-01,MES,MATERIAL_CONSUMPTION,MATCON-000031,MATCON-000031,RESOLVED,2026-07-05T07:10:00-06:00,2026-09-26T08:00:00-06:00,2026-06-29T00:00:00-06:00,,1,,false,ACTIVE,EA,,VALID,CURRENT,coolit-synthetic-v2.0.0,ALL_SYNTHETIC_CUSTOMERS,ALL_SYNTHETIC_PROGRAMS,CFG-CPL-04,SYNTHETIC_INTERNAL,SNP-COOLIT-20260925-BL,SCN-BASELINE,MATCON-000031,WO-0003,MESOP-00013,20,P-COMP-064,ISSUE,3,EA,LOT-P-COMP-064-A,LOT-WO-0003-OUT,true,2026-07-05T07:10:00-06:00,
TEN-COOLIT-SYN-001,SITE-COOLIT-SYN-01,MES,MATERIAL_CONSUMPTION,MATCON-000032,MATCON-000032,RESOLVED,2026-07-05T07:10:00-06:00,2026-09-26T08:00:00-06:00,2026-06-29T00:00:00-06:00,,1,,false,ACTIVE,EA,,VALID,CURRENT,coolit-synthetic-v2.0.0,ALL_SYNTHETIC_CUSTOMERS,ALL_SYNTHETIC_PROGRAMS,CFG-CPL-04,SYNTHETIC_INTERNAL,SNP-COOLIT-20260925-BL,SCN-BASELINE,MATCON-000032,WO-0003,MESOP-00013,20,P-COMP-071,ISSUE,4,EA,LOT-P-COMP-071-A,LOT-WO-0003-OUT,false,2026-07-05T07:10:00-06:00,
TEN-COOLIT-SYN-001,SITE-COOLIT-SYN-01,MES,MATERIAL_CONSUMPTION,MATCON-000033,MATCON-000033,RESOLVED,2026-07-05T07:10:00-06:00,2026-09-26T08:00:00-06:00,2026-06-29T00:00:00-06:00,,1,,false,ACTIVE,EA,,VALID,CURRENT,coolit-synthetic-v2.0.0,ALL_SYNTHETIC_CUSTOMERS,ALL_SYNTHETIC_PROGRAMS,CFG-CPL-04,SYNTHETIC_INTERNAL,SNP-COOLIT-20260925-BL,SCN-BASELINE,MATCON-000033,WO-0003,MESOP-00013,20,P-COMP-078,ISSUE,5,EA,LOT-P-COMP-078-A,LOT-WO-0003-OUT,false,2026-07-05T07:10:00-06:00,
TEN-COOLIT-SYN-001,SITE-COOLIT-SYN-01,MES,MATERIAL_CONSUMPTION,MATCON-000034,MATCON-000034,RESOLVED,2026-07-05T07:10:00-06:00,2026-09-26T08:00:00-06:00,2026-06-29T00:00:00-06:00,,1,,false,ACTIVE,EA,,VALID,CURRENT,coolit-synthetic-v2.0.0,ALL_SYNTHETIC_CUSTOMERS,ALL_SYNTHETIC_PROGRAMS,CFG-CPL-04,SYNTHETIC_INTERNAL,SNP-COOLIT-20260925-BL,SCN-BASELINE,MATCON-000034,WO-0003,MESOP-00013,20,P-COMP-085,ISSUE,6,EA,LOT-P-COMP-085-A,LOT-WO-0003-OUT,false,2026-07-05T07:10:00-06:00,
TEN-COOLIT-SYN-001,SITE-COOLIT-SYN-01,MES,MATERIAL_CONSUMPTION,MATCON-000035,MATCON-000035,RESOLVED,2026-07-05T07:10:00-06:00,2026-09-26T08:00:00-06:00,2026-06-29T00:00:00-06:00,,1,,false,ACTIVE,EA,,VALID,CURRENT,coolit-synthetic-v2.0.0,ALL_SYNTHETIC_CUSTOMERS,ALL_SYNTHETIC_PROGRAMS,CFG-CPL-04,SYNTHETIC_INTERNAL,SNP-COOLIT-20260925-BL,SCN-BASELINE,MATCON-000035,WO-0003,MESOP-00013,30,P-COMP-092,ISSUE,2,EA,LOT-P-COMP-092-A,LOT-WO-0003-OUT,false,2026-07-05T07:10:00-06:00,
TEN-COOLIT-SYN-001,SITE-COOLIT-SYN-01,MES,MATERIAL_CONSUMPTION,MATCON-000036,MATCON-000036,RESOLVED,2026-07-05T07:10:00-06:00,2026-09-26T08:00:00-06:00,2026-06-29T00:00:00-06:00,,1,,false,ACTIVE,EA,,VALID,CURRENT,coolit-synthetic-v2.0.0,ALL_SYNTHETIC_CUSTOMERS,ALL_SYNTHETIC_PROGRAMS,CFG-CPL-04,SYNTHETIC_INTERNAL,SNP-COOLIT-20260925-BL,SCN-BASELINE,MATCON-000036,WO-0003,MESOP-00013,30,P-COMP-099,ISSUE,3,EA,LOT-P-COMP-099-A,LOT-WO-0003-OUT,false,2026-07-05T07:10:00-06:00,
TEN-COOLIT-SYN-001,SITE-COOLIT-SYN-01,MES,MATERIAL_CONSUMPTION,MATCON-000037,MATCON-000037,RESOLVED,2026-07-08T07:10:00-06:00,2026-09-26T08:00:00-06:00,2026-06-29T00:00:00-06:00,,1,,false,ACTIVE,EA,,VALID,CURRENT,coolit-synthetic-v2.0.0,ALL_SYNTHETIC_CUSTOMERS,ALL_SYNTHETIC_PROGRAMS,CFG-CDU-03,SYNTHETIC_INTERNAL,SNP-COOLIT-20260925-BL,SCN-BASELINE,MATCON-000037,WO-0004,MESOP-00019,10,P-COMP-141,ISSUE,2,EA,LOT-P-COMP-141-A,LOT-WO-0004-OUT,true,2026-07-08T07:10:00-06:00,
TEN-COOLIT-SYN-001,SITE-COOLIT-SYN-01,MES,MATERIAL_CONSUMPTION,MATCON-000038,MATCON-000038,RESOLVED,2026-07-08T07:10:00-06:00,2026-09-26T08:00:00-06:00,2026-06-29T00:00:00-06:00,,1,,false,ACTIVE,EA,,VALID,CURRENT,coolit-synthetic-v2.0.0,ALL_SYNTHETIC_CUSTOMERS,ALL_SYNTHETIC_PROGRAMS,CFG-CDU-03,SYNTHETIC_INTERNAL,SNP-COOLIT-20260925-BL,SCN-BASELINE,MATCON-000038,WO-0004,MESOP-00019,10,P-COMP-148,ISSUE,3,EA,LOT-P-COMP-148-A,LOT-WO-0004-OUT,true,2026-07-08T07:10:00-06:00,
TEN-COOLIT-SYN-001,SITE-COOLIT-SYN-01,MES,MATERIAL_CONSUMPTION,MATCON-000039,MATCON-000039,RESOLVED,2026-07-08T07:10:00-06:00,2026-09-26T08:00:00-06:00,2026-06-29T00:00:00-06:00,,1,,false,ACTIVE,EA,,VALID,CURRENT,coolit-synthetic-v2.0.0,ALL_SYNTHETIC_CUSTOMERS,ALL_SYNTHETIC_PROGRAMS,CFG-CDU-03,SYNTHETIC_INTERNAL,SNP-COOLIT-20260925-BL,SCN-BASELINE,MATCON-000039,WO-0004,MESOP-00019,10,P-COMP-155,ISSUE,4,EA,LOT-P-COMP-155-A,LOT-WO-0004-OUT,true,2026-07-08T07:10:00-06:00,
TEN-COOLIT-SYN-001,SITE-COOLIT-SYN-01,MES,MATERIAL_CONSUMPTION,MATCON-000040,MATCON-000040,RESOLVED,2026-07-08T07:10:00-06:00,2026-09-26T08:00:00-06:00,2026-06-29T00:00:00-06:00,,1,,false,ACTIVE,EA,,VALID,CURRENT,coolit-synthetic-v2.0.0,ALL_SYNTHETIC_CUSTOMERS,ALL_SYNTHETIC_PROGRAMS,CFG-CDU-03,SYNTHETIC_INTERNAL,SNP-COOLIT-20260925-BL,SCN-BASELINE,MATCON-000040,WO-0004,MESOP-00019,10,P-COMP-162,ISSUE,5,EA,LOT-P-COMP-162-A,LOT-WO-0004-OUT,true,2026-07-08T07:10:00-06:00,
TEN-COOLIT-SYN-001,SITE-COOLIT-SYN-01,MES,MATERIAL_CONSUMPTION,MATCON-000041,MATCON-000041,RESOLVED,2026-07-08T07:10:00-06:00,2026-09-26T08:00:00-06:00,2026-06-29T00:00:00-06:00,,1,,false,ACTIVE,EA,,VALID,CURRENT,coolit-synthetic-v2.0.0,ALL_SYNTHETIC_CUSTOMERS,ALL_SYNTHETIC_PROGRAMS,CFG-CDU-03,SYNTHETIC_INTERNAL,SNP-COOLIT-20260925-BL,SCN-BASELINE,MATCON-000041,WO-0004,MESOP-00019,10,P-COMP-169,ISSUE,6,EA,LOT-P-COMP-169-A,LOT-WO-0004-OUT,true,2026-07-08T07:10:00-06:00,
TEN-COOLIT-SYN-001,SITE-COOLIT-SYN-01,MES,MATERIAL_CONSUMPTION,MATCON-000042,MATCON-000042,RESOLVED,2026-07-08T07:10:00-06:00,2026-09-26T08:00:00-06:00,2026-06-29T00:00:00-06:00,,1,,false,ACTIVE,EA,,VALID,CURRENT,coolit-synthetic-v2.0.0,ALL_SYNTHETIC_CUSTOMERS,ALL_SYNTHETIC_PROGRAMS,CFG-CDU-03,SYNTHETIC_INTERNAL,SNP-COOLIT-20260925-BL,SCN-BASELINE,MATCON-000042,WO-0004,MESOP-00019,20,P-COMP-176,ISSUE,2,EA,LOT-P-COMP-176-A,LOT-WO-0004-OUT,true,2026-07-08T07:10:00-06:00,
TEN-COOLIT-SYN-001,SITE-COOLIT-SYN-01,MES,MATERIAL_CONSUMPTION,MATCON-000043,MATCON-000043,RESOLVED,2026-07-08T07:10:00-06:00,2026-09-26T08:00:00-06:00,2026-06-29T00:00:00-06:00,,1,,false,ACTIVE,EA,,VALID,CURRENT,coolit-synthetic-v2.0.0,ALL_SYNTHETIC_CUSTOMERS,ALL_SYNTHETIC_PROGRAMS,CFG-CDU-03,SYNTHETIC_INTERNAL,SNP-COOLIT-20260925-BL,SCN-BASELINE,MATCON-000043,WO-0004,MESOP-00019,20,P-COMP-183,ISSUE,3,EA,LOT-P-COMP-183-A,LOT-WO-0004-OUT,true,2026-07-08T07:10:00-06:00,
TEN-COOLIT-SYN-001,SITE-COOLIT-SYN-01,MES,MATERIAL_CONSUMPTION,MATCON-000044,MATCON-000044,RESOLVED,2026-07-08T07:10:00-06:00,2026-09-26T08:00:00-06:00,2026-06-29T00:00:00-06:00,,1,,false,ACTIVE,EA,,VALID,CURRENT,coolit-synthetic-v2.0.0,ALL_SYNTHETIC_CUSTOMERS,ALL_SYNTHETIC_PROGRAMS,CFG-CDU-03,SYNTHETIC_INTERNAL,SNP-COOLIT-20260925-BL,SCN-BASELINE,MATCON-000044,WO-0004,MESOP-00019,20,P-COMP-190,ISSUE,4,EA,LOT-P-COMP-190-A,LOT-WO-0004-OUT,false,2026-07-08T07:10:00-06:00,
TEN-COOLIT-SYN-001,SITE-COOLIT-SYN-01,MES,MATERIAL_CONSUMPTION,MATCON-000045,MATCON-000045,RESOLVED,2026-07-08T07:10:00-06:00,2026-09-26T08:00:00-06:00,2026-06-29T00:00:00-06:00,,1,,false,ACTIVE,EA,,VALID,CURRENT,coolit-synthetic-v2.0.0,ALL_SYNTHETIC_CUSTOMERS,ALL_SYNTHETIC_PROGRAMS,CFG-CDU-03,SYNTHETIC_INTERNAL,SNP-COOLIT-20260925-BL,SCN-BASELINE,MATCON-000045,WO-0004,MESOP-00019,20,P-COMP-197,ISSUE,5,EA,LOT-P-COMP-197-A,LOT-WO-0004-OUT,false,2026-07-08T07:10:00-06:00,
TEN-COOLIT-SYN-001,SITE-COOLIT-SYN-01,MES,MATERIAL_CONSUMPTION,MATCON-000046,MATCON-000046,RESOLVED,2026-07-08T07:10:00-06:00,2026-09-26T08:00:00-06:00,2026-06-29T00:00:00-06:00,,1,,false,ACTIVE,EA,,VALID,CURRENT,coolit-synthetic-v2.0.0,ALL_SYNTHETIC_CUSTOMERS,ALL_SYNTHETIC_PROGRAMS,CFG-CDU-03,SYNTHETIC_INTERNAL,SNP-COOLIT-20260925-BL,SCN-BASELINE,MATCON-000046,WO-0004,MESOP-00019,20,P-COMP-204,ISSUE,6,EA,LOT-P-COMP-204-A,LOT-WO-0004-OUT,false,2026-07-08T07:10:00-06:00,
TEN-COOLIT-SYN-001,SITE-COOLIT-SYN-01,MES,MATERIAL_CONSUMPTION,MATCON-000047,MATCON-000047,RESOLVED,2026-07-08T07:10:00-06:00,2026-09-26T08:00:00-06:00,2026-06-29T00:00:00-06:00,,1,,false,ACTIVE,EA,,VALID,CURRENT,coolit-synthetic-v2.0.0,ALL_SYNTHETIC_CUSTOMERS,ALL_SYNTHETIC_PROGRAMS,CFG-CDU-03,SYNTHETIC_INTERNAL,SNP-COOLIT-20260925-BL,SCN-BASELINE,MATCON-000047,WO-0004,MESOP-00019,30,P-QD-003,ISSUE,2,EA,LOT-P-QD-003-A,LOT-WO-0004-OUT,false,2026-07-08T07:10:00-06:00,
TEN-COOLIT-SYN-001,SITE-COOLIT-SYN-01,MES,MATERIAL_CONSUMPTION,MATCON-000048,MATCON-000048,RESOLVED,2026-07-08T07:10:00-06:00,2026-09-26T08:00:00-06:00,2026-06-29T00:00:00-06:00,,1,,false,ACTIVE,EA,,VALID,CURRENT,coolit-synthetic-v2.0.0,ALL_SYNTHETIC_CUSTOMERS,ALL_SYNTHETIC_PROGRAMS,CFG-CDU-03,SYNTHETIC_INTERNAL,SNP-COOLIT-20260925-BL,SCN-BASELINE,MATCON-000048,WO-0004,MESOP-00019,30,P-QD-010,ISSUE,3,EA,LOT-P-QD-010-A,LOT-WO-0004-OUT,false,2026-07-08T07:10:00-06:00,
TEN-COOLIT-SYN-001,SITE-COOLIT-SYN-01,MES,MATERIAL_CONSUMPTION,MATCON-000049,MATCON-000049,RESOLVED,2026-07-11T07:10:00-06:00,2026-09-26T08:00:00-06:00,2026-06-29T00:00:00-06:00,,1,,false,ACTIVE,EA,,VALID,CURRENT,coolit-synthetic-v2.0.0,ALL_SYNTHETIC_CUSTOMERS,ALL_SYNTHETIC_PROGRAMS,CFG-RM-02,SYNTHETIC_INTERNAL,SNP-COOLIT-20260925-BL,SCN-BASELINE,MATCON-000049,WO-0005,MESOP-00025,10,P-COMP-056,ISSUE,2,EA,LOT-P-COMP-056-A,LOT-WO-0005-OUT,true,2026-07-11T07:10:00-06:00,
TEN-COOLIT-SYN-001,SITE-COOLIT-SYN-01,MES,MATERIAL_CONSUMPTION,MATCON-000050,MATCON-000050,RESOLVED,2026-07-11T07:10:00-06:00,2026-09-26T08:00:00-06:00,2026-06-29T00:00:00-06:00,,1,,false,ACTIVE,EA,,VALID,CURRENT,coolit-synthetic-v2.0.0,ALL_SYNTHETIC_CUSTOMERS,ALL_SYNTHETIC_PROGRAMS,CFG-RM-02,SYNTHETIC_INTERNAL,SNP-COOLIT-20260925-BL,SCN-BASELINE,MATCON-000050,WO-0005,MESOP-00025,10,P-COMP-063,ISSUE,3,EA,LOT-P-COMP-063-A,LOT-WO-0005-OUT,true,2026-07-11T07:10:00-06:00,
TEN-COOLIT-SYN-001,SITE-COOLIT-SYN-01,MES,MATERIAL_CONSUMPTION,MATCON-000051,MATCON-000051,RESOLVED,2026-07-11T07:10:00-06:00,2026-09-26T08:00:00-06:00,2026-06-29T00:00:00-06:00,,1,,false,ACTIVE,EA,,VALID,CURRENT,coolit-synthetic-v2.0.0,ALL_SYNTHETIC_CUSTOMERS,ALL_SYNTHETIC_PROGRAMS,CFG-RM-02,SYNTHETIC_INTERNAL,SNP-COOLIT-20260925-BL,SCN-BASELINE,MATCON-000051,WO-0005,MESOP-00025,10,P-COMP-070,ISSUE,4,EA,LOT-P-COMP-070-A,LOT-WO-0005-OUT,true,2026-07-11T07:10:00-06:00,
TEN-COOLIT-SYN-001,SITE-COOLIT-SYN-01,MES,MATERIAL_CONSUMPTION,MATCON-000052,MATCON-000052,RESOLVED,2026-07-11T07:10:00-06:00,2026-09-26T08:00:00-06:00,2026-06-29T00:00:00-06:00,,1,,false,ACTIVE,EA,,VALID,CURRENT,coolit-synthetic-v2.0.0,ALL_SYNTHETIC_CUSTOMERS,ALL_SYNTHETIC_PROGRAMS,CFG-RM-02,SYNTHETIC_INTERNAL,SNP-COOLIT-20260925-BL,SCN-BASELINE,MATCON-000052,WO-0005,MESOP-00025,10,P-COMP-077,ISSUE,5,EA,LOT-P-COMP-077-A,LOT-WO-0005-OUT,true,2026-07-11T07:10:00-06:00,
TEN-COOLIT-SYN-001,SITE-COOLIT-SYN-01,MES,MATERIAL_CONSUMPTION,MATCON-000053,MATCON-000053,RESOLVED,2026-07-11T07:10:00-06:00,2026-09-26T08:00:00-06:00,2026-06-29T00:00:00-06:00,,1,,false,ACTIVE,EA,,VALID,CURRENT,coolit-synthetic-v2.0.0,ALL_SYNTHETIC_CUSTOMERS,ALL_SYNTHETIC_PROGRAMS,CFG-RM-02,SYNTHETIC_INTERNAL,SNP-COOLIT-20260925-BL,SCN-BASELINE,MATCON-000053,WO-0005,MESOP-00025,10,P-COMP-084,ISSUE,6,EA,LOT-P-COMP-084-A,LOT-WO-0005-OUT,true,2026-07-11T07:10:00-06:00,
TEN-COOLIT-SYN-001,SITE-COOLIT-SYN-01,MES,MATERIAL_CONSUMPTION,MATCON-000054,MATCON-000054,RESOLVED,2026-07-11T07:10:00-06:00,2026-09-26T08:00:00-06:00,2026-06-29T00:00:00-06:00,,1,,false,ACTIVE,EA,,VALID,CURRENT,coolit-synthetic-v2.0.0,ALL_SYNTHETIC_CUSTOMERS,ALL_SYNTHETIC_PROGRAMS,CFG-RM-02,SYNTHETIC_INTERNAL,SNP-COOLIT-20260925-BL,SCN-BASELINE,MATCON-000054,WO-0005,MESOP-00025,20,P-COMP-091,ISSUE,2,EA,LOT-P-COMP-091-A,LOT-WO-0005-OUT,true,2026-07-11T07:10:00-06:00,
TEN-COOLIT-SYN-001,SITE-COOLIT-SYN-01,MES,MATERIAL_CONSUMPTION,MATCON-000055,MATCON-000055,RESOLVED,2026-07-11T07:10:00-06:00,2026-09-26T08:00:00-06:00,2026-06-29T00:00:00-06:00,,1,,false,ACTIVE,EA,,VALID,CURRENT,coolit-synthetic-v2.0.0,ALL_SYNTHETIC_CUSTOMERS,ALL_SYNTHETIC_PROGRAMS,CFG-RM-02,SYNTHETIC_INTERNAL,SNP-COOLIT-20260925-BL,SCN-BASELINE,MATCON-000055,WO-0005,MESOP-00025,20,P-COMP-098,ISSUE,3,EA,LOT-P-COMP-098-A,LOT-WO-0005-OUT,true,2026-07-11T07:10:00-06:00,
TEN-COOLIT-SYN-001,SITE-COOLIT-SYN-01,MES,MATERIAL_CONSUMPTION,MATCON-000056,MATCON-000056,RESOLVED,2026-07-11T07:10:00-06:00,2026-09-26T08:00:00-06:00,2026-06-29T00:00:00-06:00,,1,,false,ACTIVE,EA,,VALID,CURRENT,coolit-synthetic-v2.0.0,ALL_SYNTHETIC_CUSTOMERS,ALL_SYNTHETIC_PROGRAMS,CFG-RM-02,SYNTHETIC_INTERNAL,SNP-COOLIT-20260925-BL,SCN-BASELINE,MATCON-000056,WO-0005,MESOP-00025,20,P-COMP-105,ISSUE,4,EA,LOT-P-COMP-105-A,LOT-WO-0005-OUT,false,2026-07-11T07:10:00-06:00,
TEN-COOLIT-SYN-001,SITE-COOLIT-SYN-01,MES,MATERIAL_CONSUMPTION,MATCON-000057,MATCON-000057,RESOLVED,2026-07-11T07:10:00-06:00,2026-09-26T08:00:00-06:00,2026-06-29T00:00:00-06:00,,1,,false,ACTIVE,EA,,VALID,CURRENT,coolit-synthetic-v2.0.0,ALL_SYNTHETIC_CUSTOMERS,ALL_SYNTHETIC_PROGRAMS,CFG-RM-02,SYNTHETIC_INTERNAL,SNP-COOLIT-20260925-BL,SCN-BASELINE,MATCON-000057,WO-0005,MESOP-00025,20,P-COMP-112,ISSUE,5,EA,LOT-P-COMP-112-A,LOT-WO-0005-OUT,false,2026-07-11T07:10:00-06:00,
TEN-COOLIT-SYN-001,SITE-COOLIT-SYN-01,MES,MATERIAL_CONSUMPTION,MATCON-000058,MATCON-000058,RESOLVED,2026-07-11T07:10:00-06:00,2026-09-26T08:00:00-06:00,2026-06-29T00:00:00-06:00,,1,,false,ACTIVE,EA,,VALID,CURRENT,coolit-synthetic-v2.0.0,ALL_SYNTHETIC_CUSTOMERS,ALL_SYNTHETIC_PROGRAMS,CFG-RM-02,SYNTHETIC_INTERNAL,SNP-COOLIT-20260925-BL,SCN-BASELINE,MATCON-000058,WO-0005,MESOP-00025,20,P-COMP-119,ISSUE,6,EA,LOT-P-COMP-119-A,LOT-WO-0005-OUT,false,2026-07-11T07:10:00-06:00,
TEN-COOLIT-SYN-001,SITE-COOLIT-SYN-01,MES,MATERIAL_CONSUMPTION,MATCON-000059,MATCON-000059,RESOLVED,2026-07-11T07:10:00-06:00,2026-09-26T08:00:00-06:00,2026-06-29T00:00:00-06:00,,1,,false,ACTIVE,EA,,VALID,CURRENT,coolit-synthetic-v2.0.0,ALL_SYNTHETIC_CUSTOMERS,ALL_SYNTHETIC_PROGRAMS,CFG-RM-02,SYNTHETIC_INTERNAL,SNP-COOLIT-20260925-BL,SCN-BASELINE,MATCON-000059,WO-0005,MESOP-00025,30,P-COMP-126,ISSUE,2,EA,LOT-P-COMP-126-A,LOT-WO-0005-OUT,false,2026-07-11T07:10:00-06:00,
TEN-COOLIT-SYN-001,SITE-COOLIT-SYN-01,MES,MATERIAL_CONSUMPTION,MATCON-000060,MATCON-000060,RESOLVED,2026-07-11T07:10:00-06:00,2026-09-26T08:00:00-06:00,2026-06-29T00:00:00-06:00,,1,,false,ACTIVE,EA,,VALID,CURRENT,coolit-synthetic-v2.0.0,ALL_SYNTHETIC_CUSTOMERS,ALL_SYNTHETIC_PROGRAMS,CFG-RM-02,SYNTHETIC_INTERNAL,SNP-COOLIT-20260925-BL,SCN-BASELINE,MATCON-000060,WO-0005,MESOP-00025,30,P-COMP-133,ISSUE,3,EA,LOT-P-COMP-133-A,LOT-WO-0005-OUT,false,2026-07-11T07:10:00-06:00,
TEN-COOLIT-SYN-001,SITE-COOLIT-SYN-01,MES,MATERIAL_CONSUMPTION,MATCON-000061,MATCON-000061,RESOLVED,2026-07-14T07:10:00-06:00,2026-09-26T08:00:00-06:00,2026-06-29T00:00:00-06:00,,1,,false,ACTIVE,EA,,VALID,CURRENT,coolit-synthetic-v2.0.0,ALL_SYNTHETIC_CUSTOMERS,ALL_SYNTHETIC_PROGRAMS,CFG-CPL-01,SYNTHETIC_INTERNAL,SNP-COOLIT-20260925-BL,SCN-BASELINE,MATCON-000061,WO-0006,MESOP-00031,10,P-QD-001,ISSUE,2,EA,LOT-P-QD-001-A,LOT-WO-0006-OUT,true,2026-07-14T07:10:00-06:00,
TEN-COOLIT-SYN-001,SITE-COOLIT-SYN-01,MES,MATERIAL_CONSUMPTION,MATCON-000062,MATCON-000062,RESOLVED,2026-07-14T07:10:00-06:00,2026-09-26T08:00:00-06:00,2026-06-29T00:00:00-06:00,,1,,false,ACTIVE,EA,,VALID,CURRENT,coolit-synthetic-v2.0.0,ALL_SYNTHETIC_CUSTOMERS,ALL_SYNTHETIC_PROGRAMS,CFG-CPL-01,SYNTHETIC_INTERNAL,SNP-COOLIT-20260925-BL,SCN-BASELINE,MATCON-000062,WO-0006,MESOP-00031,10,P-QD-008,ISSUE,3,EA,LOT-P-QD-008-A,LOT-WO-0006-OUT,true,2026-07-14T07:10:00-06:00,
TEN-COOLIT-SYN-001,SITE-COOLIT-SYN-01,MES,MATERIAL_CONSUMPTION,MATCON-000063,MATCON-000063,RESOLVED,2026-07-14T07:10:00-06:00,2026-09-26T08:00:00-06:00,2026-06-29T00:00:00-06:00,,1,,false,ACTIVE,EA,,VALID,CURRENT,coolit-synthetic-v2.0.0,ALL_SYNTHETIC_CUSTOMERS,ALL_SYNTHETIC_PROGRAMS,CFG-CPL-01,SYNTHETIC_INTERNAL,SNP-COOLIT-20260925-BL,SCN-BASELINE,MATCON-000063,WO-0006,MESOP-00031,10,P-PUMP-005,ISSUE,4,EA,LOT-P-PUMP-005-A,LOT-WO-0006-OUT,true,2026-07-14T07:10:00-06:00,
TEN-COOLIT-SYN-001,SITE-COOLIT-SYN-01,MES,MATERIAL_CONSUMPTION,MATCON-000064,MATCON-000064,RESOLVED,2026-07-14T07:10:00-06:00,2026-09-26T08:00:00-06:00,2026-06-29T00:00:00-06:00,,1,,false,ACTIVE,EA,,VALID,CURRENT,coolit-synthetic-v2.0.0,ALL_SYNTHETIC_CUSTOMERS,ALL_SYNTHETIC_PROGRAMS,CFG-CPL-01,SYNTHETIC_INTERNAL,SNP-COOLIT-20260925-BL,SCN-BASELINE,MATCON-000064,WO-0006,MESOP-00031,10,P-HX-004,ISSUE,5,EA,LOT-P-HX-004-A,LOT-WO-0006-OUT,true,2026-07-14T07:10:00-06:00,
TEN-COOLIT-SYN-001,SITE-COOLIT-SYN-01,MES,MATERIAL_CONSUMPTION,MATCON-000065,MATCON-000065,RESOLVED,2026-07-14T07:10:00-06:00,2026-09-26T08:00:00-06:00,2026-06-29T00:00:00-06:00,,1,,false,ACTIVE,EA,,VALID,CURRENT,coolit-synthetic-v2.0.0,ALL_SYNTHETIC_CUSTOMERS,ALL_SYNTHETIC_PROGRAMS,CFG-CPL-01,SYNTHETIC_INTERNAL,SNP-COOLIT-20260925-BL,SCN-BASELINE,MATCON-000065,WO-0006,MESOP-00031,10,P-CTRL-005,ISSUE,6,EA,LOT-P-CTRL-005-A,LOT-WO-0006-OUT,true,2026-07-14T07:10:00-06:00,
TEN-COOLIT-SYN-001,SITE-COOLIT-SYN-01,MES,MATERIAL_CONSUMPTION,MATCON-000066,MATCON-000066,RESOLVED,2026-07-14T07:10:00-06:00,2026-09-26T08:00:00-06:00,2026-06-29T00:00:00-06:00,,1,,false,ACTIVE,EA,,VALID,CURRENT,coolit-synthetic-v2.0.0,ALL_SYNTHETIC_CUSTOMERS,ALL_SYNTHETIC_PROGRAMS,CFG-CPL-01,SYNTHETIC_INTERNAL,SNP-COOLIT-20260925-BL,SCN-BASELINE,MATCON-000066,WO-0006,MESOP-00031,20,P-COMP-006,ISSUE,2,EA,LOT-P-COMP-006-A,LOT-WO-0006-OUT,true,2026-07-14T07:10:00-06:00,
TEN-COOLIT-SYN-001,SITE-COOLIT-SYN-01,MES,MATERIAL_CONSUMPTION,MATCON-000067,MATCON-000067,RESOLVED,2026-07-14T07:10:00-06:00,2026-09-26T08:00:00-06:00,2026-06-29T00:00:00-06:00,,1,,false,ACTIVE,EA,,VALID,CURRENT,coolit-synthetic-v2.0.0,ALL_SYNTHETIC_CUSTOMERS,ALL_SYNTHETIC_PROGRAMS,CFG-CPL-01,SYNTHETIC_INTERNAL,SNP-COOLIT-20260925-BL,SCN-BASELINE,MATCON-000067,WO-0006,MESOP-00031,20,P-COMP-013,ISSUE,3,EA,LOT-P-COMP-013-A,LOT-WO-0006-OUT,true,2026-07-14T07:10:00-06:00,
TEN-COOLIT-SYN-001,SITE-COOLIT-SYN-01,MES,MATERIAL_CONSUMPTION,MATCON-000068,MATCON-000068,RESOLVED,2026-07-14T07:10:00-06:00,2026-09-26T08:00:00-06:00,2026-06-29T00:00:00-06:00,,1,,false,ACTIVE,EA,,VALID,CURRENT,coolit-synthetic-v2.0.0,ALL_SYNTHETIC_CUSTOMERS,ALL_SYNTHETIC_PROGRAMS,CFG-CPL-01,SYNTHETIC_INTERNAL,SNP-COOLIT-20260925-BL,SCN-BASELINE,MATCON-000068,WO-0006,MESOP-00031,20,P-COMP-020,ISSUE,4,EA,LOT-P-COMP-020-A,LOT-WO-0006-OUT,false,2026-07-14T07:10:00-06:00,
TEN-COOLIT-SYN-001,SITE-COOLIT-SYN-01,MES,MATERIAL_CONSUMPTION,MATCON-000069,MATCON-000069,RESOLVED,2026-07-14T07:10:00-06:00,2026-09-26T08:00:00-06:00,2026-06-29T00:00:00-06:00,,1,,false,ACTIVE,EA,,VALID,CURRENT,coolit-synthetic-v2.0.0,ALL_SYNTHETIC_CUSTOMERS,ALL_SYNTHETIC_PROGRAMS,CFG-CPL-01,SYNTHETIC_INTERNAL,SNP-COOLIT-20260925-BL,SCN-BASELINE,MATCON-000069,WO-0006,MESOP-00031,20,P-COMP-027,ISSUE,5,EA,LOT-P-COMP-027-A,LOT-WO-0006-OUT,false,2026-07-14T07:10:00-06:00,
TEN-COOLIT-SYN-001,SITE-COOLIT-SYN-01,MES,MATERIAL_CONSUMPTION,MATCON-000070,MATCON-000070,RESOLVED,2026-07-14T07:10:00-06:00,2026-09-26T08:00:00-06:00,2026-06-29T00:00:00-06:00,,1,,false,ACTIVE,EA,,VALID,CURRENT,coolit-synthetic-v2.0.0,ALL_SYNTHETIC_CUSTOMERS,ALL_SYNTHETIC_PROGRAMS,CFG-CPL-01,SYNTHETIC_INTERNAL,SNP-COOLIT-20260925-BL,SCN-BASELINE,MATCON-000070,WO-0006,MESOP-00031,20,P-COMP-034,ISSUE,6,EA,LOT-P-COMP-034-A,LOT-WO-0006-OUT,false,2026-07-14T07:10:00-06:00,
TEN-COOLIT-SYN-001,SITE-COOLIT-SYN-01,MES,MATERIAL_CONSUMPTION,MATCON-000071,MATCON-000071,RESOLVED,2026-07-14T07:10:00-06:00,2026-09-26T08:00:00-06:00,2026-06-29T00:00:00-06:00,,1,,false,ACTIVE,EA,,VALID,CURRENT,coolit-synthetic-v2.0.0,ALL_SYNTHETIC_CUSTOMERS,ALL_SYNTHETIC_PROGRAMS,CFG-CPL-01,SYNTHETIC_INTERNAL,SNP-COOLIT-20260925-BL,SCN-BASELINE,MATCON-000071,WO-0006,MESOP-00031,30,P-COMP-041,ISSUE,2,EA,LOT-P-COMP-041-A,LOT-WO-0006-OUT,false,2026-07-14T07:10:00-06:00,
TEN-COOLIT-SYN-001,SITE-COOLIT-SYN-01,MES,MATERIAL_CONSUMPTION,MATCON-000072,MATCON-000072,RESOLVED,2026-07-14T07:10:00-06:00,2026-09-26T08:00:00-06:00,2026-06-29T00:00:00-06:00,,1,,false,ACTIVE,EA,,VALID,CURRENT,coolit-synthetic-v2.0.0,ALL_SYNTHETIC_CUSTOMERS,ALL_SYNTHETIC_PROGRAMS,CFG-CPL-01,SYNTHETIC_INTERNAL,SNP-COOLIT-20260925-BL,SCN-BASELINE,MATCON-000072,WO-0006,MESOP-00031,30,P-COMP-048,ISSUE,3,EA,LOT-P-COMP-048-A,LOT-WO-0006-OUT,false,2026-07-14T07:10:00-06:00,
TEN-COOLIT-SYN-001,SITE-COOLIT-SYN-01,MES,MATERIAL_CONSUMPTION,MATCON-000073,MATCON-000073,RESOLVED,2026-07-17T07:10:00-06:00,2026-09-26T08:00:00-06:00,2026-06-29T00:00:00-06:00,,1,,false,ACTIVE,EA,,VALID,CURRENT,coolit-synthetic-v2.0.0,ALL_SYNTHETIC_CUSTOMERS,ALL_SYNTHETIC_PROGRAMS,CFG-RM-04,SYNTHETIC_INTERNAL,SNP-COOLIT-20260925-BL,SCN-BASELINE,MATCON-000073,WO-0007,MESOP-00037,10,P-COMP-090,ISSUE,2,EA,LOT-P-COMP-090-A,LOT-WO-0007-OUT,true,2026-07-17T07:10:00-06:00,
TEN-COOLIT-SYN-001,SITE-COOLIT-SYN-01,MES,MATERIAL_CONSUMPTION,MATCON-000074,MATCON-000074,RESOLVED,2026-07-17T07:10:00-06:00,2026-09-26T08:00:00-06:00,2026-06-29T00:00:00-06:00,,1,,false,ACTIVE,EA,,VALID,CURRENT,coolit-synthetic-v2.0.0,ALL_SYNTHETIC_CUSTOMERS,ALL_SYNTHETIC_PROGRAMS,CFG-RM-04,SYNTHETIC_INTERNAL,SNP-COOLIT-20260925-BL,SCN-BASELINE,MATCON-000074,WO-0007,MESOP-00037,10,P-COMP-097,ISSUE,3,EA,LOT-P-COMP-097-A,LOT-WO-0007-OUT,true,2026-07-17T07:10:00-06:00,
TEN-COOLIT-SYN-001,SITE-COOLIT-SYN-01,MES,MATERIAL_CONSUMPTION,MATCON-000075,MATCON-000075,RESOLVED,2026-07-17T07:10:00-06:00,2026-09-26T08:00:00-06:00,2026-06-29T00:00:00-06:00,,1,,false,ACTIVE,EA,,VALID,CURRENT,coolit-synthetic-v2.0.0,ALL_SYNTHETIC_CUSTOMERS,ALL_SYNTHETIC_PROGRAMS,CFG-RM-04,SYNTHETIC_INTERNAL,SNP-COOLIT-20260925-BL,SCN-BASELINE,MATCON-000075,WO-0007,MESOP-00037,10,P-COMP-104,ISSUE,4,EA,LOT-P-COMP-104-A,LOT-WO-0007-OUT,true,2026-07-17T07:10:00-06:00,
TEN-COOLIT-SYN-001,SITE-COOLIT-SYN-01,MES,MATERIAL_CONSUMPTION,MATCON-000076,MATCON-000076,RESOLVED,2026-07-17T07:10:00-06:00,2026-09-26T08:00:00-06:00,2026-06-29T00:00:00-06:00,,1,,false,ACTIVE,EA,,VALID,CURRENT,coolit-synthetic-v2.0.0,ALL_SYNTHETIC_CUSTOMERS,ALL_SYNTHETIC_PROGRAMS,CFG-RM-04,SYNTHETIC_INTERNAL,SNP-COOLIT-20260925-BL,SCN-BASELINE,MATCON-000076,WO-0007,MESOP-00037,10,P-COMP-111,ISSUE,5,EA,LOT-P-COMP-111-A,LOT-WO-0007-OUT,true,2026-07-17T07:10:00-06:00,
TEN-COOLIT-SYN-001,SITE-COOLIT-SYN-01,MES,MATERIAL_CONSUMPTION,MATCON-000077,MATCON-000077,RESOLVED,2026-07-17T07:10:00-06:00,2026-09-26T08:00:00-06:00,2026-06-29T00:00:00-06:00,,1,,false,ACTIVE,EA,,VALID,CURRENT,coolit-synthetic-v2.0.0,ALL_SYNTHETIC_CUSTOMERS,ALL_SYNTHETIC_PROGRAMS,CFG-RM-04,SYNTHETIC_INTERNAL,SNP-COOLIT-20260925-BL,SCN-BASELINE,MATCON-000077,WO-0007,MESOP-00037,10,P-COMP-118,ISSUE,6,EA,LOT-P-COMP-118-A,LOT-WO-0007-OUT,true,2026-07-17T07:10:00-06:00,
TEN-COOLIT-SYN-001,SITE-COOLIT-SYN-01,MES,MATERIAL_CONSUMPTION,MATCON-000078,MATCON-000078,RESOLVED,2026-07-17T07:10:00-06:00,2026-09-26T08:00:00-06:00,2026-06-29T00:00:00-06:00,,1,,false,ACTIVE,EA,,VALID,CURRENT,coolit-synthetic-v2.0.0,ALL_SYNTHETIC_CUSTOMERS,ALL_SYNTHETIC_PROGRAMS,CFG-RM-04,SYNTHETIC_INTERNAL,SNP-COOLIT-20260925-BL,SCN-BASELINE,MATCON-000078,WO-0007,MESOP-00037,20,P-COMP-125,ISSUE,2,EA,LOT-P-COMP-125-A,LOT-WO-0007-OUT,true,2026-07-17T07:10:00-06:00,
TEN-COOLIT-SYN-001,SITE-COOLIT-SYN-01,MES,MATERIAL_CONSUMPTION,MATCON-000079,MATCON-000079,RESOLVED,2026-07-17T07:10:00-06:00,2026-09-26T08:00:00-06:00,2026-06-29T00:00:00-06:00,,1,,false,ACTIVE,EA,,VALID,CURRENT,coolit-synthetic-v2.0.0,ALL_SYNTHETIC_CUSTOMERS,ALL_SYNTHETIC_PROGRAMS,CFG-RM-04,SYNTHETIC_INTERNAL,SNP-COOLIT-20260925-BL,SCN-BASELINE,MATCON-000079,WO-0007,MESOP-00037,20,P-COMP-132,ISSUE,3,EA,LOT-P-COMP-132-A,LOT-WO-0007-OUT,true,2026-07-17T07:10:00-06:00,
TEN-COOLIT-SYN-001,SITE-COOLIT-SYN-01,MES,MATERIAL_CONSUMPTION,MATCON-000080,MATCON-000080,RESOLVED,2026-07-17T07:10:00-06:00,2026-09-26T08:00:00-06:00,2026-06-29T00:00:00-06:00,,1,,false,ACTIVE,EA,,VALID,CURRENT,coolit-synthetic-v2.0.0,ALL_SYNTHETIC_CUSTOMERS,ALL_SYNTHETIC_PROGRAMS,CFG-RM-04,SYNTHETIC_INTERNAL,SNP-COOLIT-20260925-BL,SCN-BASELINE,MATCON-000080,WO-0007,MESOP-00037,20,P-COMP-139,ISSUE,4,EA,LOT-P-COMP-139-A,LOT-WO-0007-OUT,false,2026-07-17T07:10:00-06:00,
TEN-COOLIT-SYN-001,SITE-COOLIT-SYN-01,MES,MATERIAL_CONSUMPTION,MATCON-000081,MATCON-000081,RESOLVED,2026-07-17T07:10:00-06:00,2026-09-26T08:00:00-06:00,2026-06-29T00:00:00-06:00,,1,,false,ACTIVE,EA,,VALID,CURRENT,coolit-synthetic-v2.0.0,ALL_SYNTHETIC_CUSTOMERS,ALL_SYNTHETIC_PROGRAMS,CFG-RM-04,SYNTHETIC_INTERNAL,SNP-COOLIT-20260925-BL,SCN-BASELINE,MATCON-000081,WO-0007,MESOP-00037,20,P-COMP-146,ISSUE,5,EA,LOT-P-COMP-146-A,LOT-WO-0007-OUT,false,2026-07-17T07:10:00-06:00,
TEN-COOLIT-SYN-001,SITE-COOLIT-SYN-01,MES,MATERIAL_CONSUMPTION,MATCON-000082,MATCON-000082,RESOLVED,2026-07-17T07:10:00-06:00,2026-09-26T08:00:00-06:00,2026-06-29T00:00:00-06:00,,1,,false,ACTIVE,EA,,VALID,CURRENT,coolit-synthetic-v2.0.0,ALL_SYNTHETIC_CUSTOMERS,ALL_SYNTHETIC_PROGRAMS,CFG-RM-04,SYNTHETIC_INTERNAL,SNP-COOLIT-20260925-BL,SCN-BASELINE,MATCON-000082,WO-0007,MESOP-00037,20,P-COMP-153,ISSUE,6,EA,LOT-P-COMP-153-A,LOT-WO-0007-OUT,false,2026-07-17T07:10:00-06:00,
TEN-COOLIT-SYN-001,SITE-COOLIT-SYN-01,MES,MATERIAL_CONSUMPTION,MATCON-000083,MATCON-000083,RESOLVED,2026-07-17T07:10:00-06:00,2026-09-26T08:00:00-06:00,2026-06-29T00:00:00-06:00,,1,,false,ACTIVE,EA,,VALID,CURRENT,coolit-synthetic-v2.0.0,ALL_SYNTHETIC_CUSTOMERS,ALL_SYNTHETIC_PROGRAMS,CFG-RM-04,SYNTHETIC_INTERNAL,SNP-COOLIT-20260925-BL,SCN-BASELINE,MATCON-000083,WO-0007,MESOP-00037,30,P-COMP-160,ISSUE,2,EA,LOT-P-COMP-160-A,LOT-WO-0007-OUT,false,2026-07-17T07:10:00-06:00,
TEN-COOLIT-SYN-001,SITE-COOLIT-SYN-01,MES,MATERIAL_CONSUMPTION,MATCON-000084,MATCON-000084,RESOLVED,2026-07-17T07:10:00-06:00,2026-09-26T08:00:00-06:00,2026-06-29T00:00:00-06:00,,1,,false,ACTIVE,EA,,VALID,CURRENT,coolit-synthetic-v2.0.0,ALL_SYNTHETIC_CUSTOMERS,ALL_SYNTHETIC_PROGRAMS,CFG-RM-04,SYNTHETIC_INTERNAL,SNP-COOLIT-20260925-BL,SCN-BASELINE,MATCON-000084,WO-0007,MESOP-00037,30,P-COMP-167,ISSUE,3,EA,LOT-P-COMP-167-A,LOT-WO-0007-OUT,false,2026-07-17T07:10:00-06:00,
TEN-COOLIT-SYN-001,SITE-COOLIT-SYN-01,MES,MATERIAL_CONSUMPTION,MATCON-000085,MATCON-000085,RESOLVED,2026-07-20T07:10:00-06:00,2026-09-26T08:00:00-06:00,2026-06-29T00:00:00-06:00,,1,,false,ACTIVE,EA,,VALID,CURRENT,coolit-synthetic-v2.0.0,ALL_SYNTHETIC_CUSTOMERS,ALL_SYNTHETIC_PROGRAMS,CFG-CPL-03,SYNTHETIC_INTERNAL,SNP-COOLIT-20260925-BL,SCN-BASELINE,MATCON-000085,WO-0008,MESOP-00043,10,P-COMP-005,ISSUE,2,EA,LOT-P-COMP-005-A,LOT-WO-0008-OUT,true,2026-07-20T07:10:00-06:00,
TEN-COOLIT-SYN-001,SITE-COOLIT-SYN-01,MES,MATERIAL_CONSUMPTION,MATCON-000086,MATCON-000086,RESOLVED,2026-07-20T07:10:00-06:00,2026-09-26T08:00:00-06:00,2026-06-29T00:00:00-06:00,,1,,false,ACTIVE,EA,,VALID,CURRENT,coolit-synthetic-v2.0.0,ALL_SYNTHETIC_CUSTOMERS,ALL_SYNTHETIC_PROGRAMS,CFG-CPL-03,SYNTHETIC_INTERNAL,SNP-COOLIT-20260925-BL,SCN-BASELINE,MATCON-000086,WO-0008,MESOP-00043,10,P-COMP-012,ISSUE,3,EA,LOT-P-COMP-012-A,LOT-WO-0008-OUT,true,2026-07-20T07:10:00-06:00,
TEN-COOLIT-SYN-001,SITE-COOLIT-SYN-01,MES,MATERIAL_CONSUMPTION,MATCON-000087,MATCON-000087,RESOLVED,2026-07-20T07:10:00-06:00,2026-09-26T08:00:00-06:00,2026-06-29T00:00:00-06:00,,1,,false,ACTIVE,EA,,VALID,CURRENT,coolit-synthetic-v2.0.0,ALL_SYNTHETIC_CUSTOMERS,ALL_SYNTHETIC_PROGRAMS,CFG-CPL-03,SYNTHETIC_INTERNAL,SNP-COOLIT-20260925-BL,SCN-BASELINE,MATCON-000087,WO-0008,MESOP-00043,10,P-COMP-019,ISSUE,4,EA,LOT-P-COMP-019-A,LOT-WO-0008-OUT,true,2026-07-20T07:10:00-06:00,
TEN-COOLIT-SYN-001,SITE-COOLIT-SYN-01,MES,MATERIAL_CONSUMPTION,MATCON-000088,MATCON-000088,RESOLVED,2026-07-20T07:10:00-06:00,2026-09-26T08:00:00-06:00,2026-06-29T00:00:00-06:00,,1,,false,ACTIVE,EA,,VALID,CURRENT,coolit-synthetic-v2.0.0,ALL_SYNTHETIC_CUSTOMERS,ALL_SYNTHETIC_PROGRAMS,CFG-CPL-03,SYNTHETIC_INTERNAL,SNP-COOLIT-20260925-BL,SCN-BASELINE,MATCON-000088,WO-0008,MESOP-00043,10,P-COMP-026,ISSUE,5,EA,LOT-P-COMP-026-A,LOT-WO-0008-OUT,true,2026-07-20T07:10:00-06:00,
TEN-COOLIT-SYN-001,SITE-COOLIT-SYN-01,MES,MATERIAL_CONSUMPTION,MATCON-000089,MATCON-000089,RESOLVED,2026-07-20T07:10:00-06:00,2026-09-26T08:00:00-06:00,2026-06-29T00:00:00-06:00,,1,,false,ACTIVE,EA,,VALID,CURRENT,coolit-synthetic-v2.0.0,ALL_SYNTHETIC_CUSTOMERS,ALL_SYNTHETIC_PROGRAMS,CFG-CPL-03,SYNTHETIC_INTERNAL,SNP-COOLIT-20260925-BL,SCN-BASELINE,MATCON-000089,WO-0008,MESOP-00043,10,P-COMP-033,ISSUE,6,EA,LOT-P-COMP-033-A,LOT-WO-0008-OUT,true,2026-07-20T07:10:00-06:00,
TEN-COOLIT-SYN-001,SITE-COOLIT-SYN-01,MES,MATERIAL_CONSUMPTION,MATCON-000090,MATCON-000090,RESOLVED,2026-07-20T07:10:00-06:00,2026-09-26T08:00:00-06:00,2026-06-29T00:00:00-06:00,,1,,false,ACTIVE,EA,,VALID,CURRENT,coolit-synthetic-v2.0.0,ALL_SYNTHETIC_CUSTOMERS,ALL_SYNTHETIC_PROGRAMS,CFG-CPL-03,SYNTHETIC_INTERNAL,SNP-COOLIT-20260925-BL,SCN-BASELINE,MATCON-000090,WO-0008,MESOP-00043,20,P-COMP-040,ISSUE,2,EA,LOT-P-COMP-040-A,LOT-WO-0008-OUT,true,2026-07-20T07:10:00-06:00,
TEN-COOLIT-SYN-001,SITE-COOLIT-SYN-01,MES,MATERIAL_CONSUMPTION,MATCON-000091,MATCON-000091,RESOLVED,2026-07-20T07:10:00-06:00,2026-09-26T08:00:00-06:00,2026-06-29T00:00:00-06:00,,1,,false,ACTIVE,EA,,VALID,CURRENT,coolit-synthetic-v2.0.0,ALL_SYNTHETIC_CUSTOMERS,ALL_SYNTHETIC_PROGRAMS,CFG-CPL-03,SYNTHETIC_INTERNAL,SNP-COOLIT-20260925-BL,SCN-BASELINE,MATCON-000091,WO-0008,MESOP-00043,20,P-COMP-047,ISSUE,3,EA,LOT-P-COMP-047-A,LOT-WO-0008-OUT,true,2026-07-20T07:10:00-06:00,
TEN-COOLIT-SYN-001,SITE-COOLIT-SYN-01,MES,MATERIAL_CONSUMPTION,MATCON-000092,MATCON-000092,RESOLVED,2026-07-20T07:10:00-06:00,2026-09-26T08:00:00-06:00,2026-06-29T00:00:00-06:00,,1,,false,ACTIVE,EA,,VALID,CURRENT,coolit-synthetic-v2.0.0,ALL_SYNTHETIC_CUSTOMERS,ALL_SYNTHETIC_PROGRAMS,CFG-CPL-03,SYNTHETIC_INTERNAL,SNP-COOLIT-20260925-BL,SCN-BASELINE,MATCON-000092,WO-0008,MESOP-00043,20,P-COMP-054,ISSUE,4,EA,LOT-P-COMP-054-A,LOT-WO-0008-OUT,false,2026-07-20T07:10:00-06:00,
TEN-COOLIT-SYN-001,SITE-COOLIT-SYN-01,MES,MATERIAL_CONSUMPTION,MATCON-000093,MATCON-000093,RESOLVED,2026-07-20T07:10:00-06:00,2026-09-26T08:00:00-06:00,2026-06-29T00:00:00-06:00,,1,,false,ACTIVE,EA,,VALID,CURRENT,coolit-synthetic-v2.0.0,ALL_SYNTHETIC_CUSTOMERS,ALL_SYNTHETIC_PROGRAMS,CFG-CPL-03,SYNTHETIC_INTERNAL,SNP-COOLIT-20260925-BL,SCN-BASELINE,MATCON-000093,WO-0008,MESOP-00043,20,P-COMP-061,ISSUE,5,EA,LOT-P-COMP-061-A,LOT-WO-0008-OUT,false,2026-07-20T07:10:00-06:00,
TEN-COOLIT-SYN-001,SITE-COOLIT-SYN-01,MES,MATERIAL_CONSUMPTION,MATCON-000094,MATCON-000094,RESOLVED,2026-07-20T07:10:00-06:00,2026-09-26T08:00:00-06:00,2026-06-29T00:00:00-06:00,,1,,false,ACTIVE,EA,,VALID,CURRENT,coolit-synthetic-v2.0.0,ALL_SYNTHETIC_CUSTOMERS,ALL_SYNTHETIC_PROGRAMS,CFG-CPL-03,SYNTHETIC_INTERNAL,SNP-COOLIT-20260925-BL,SCN-BASELINE,MATCON-000094,WO-0008,MESOP-00043,20,P-COMP-068,ISSUE,6,EA,LOT-P-COMP-068-A,LOT-WO-0008-OUT,false,2026-07-20T07:10:00-06:00,
TEN-COOLIT-SYN-001,SITE-COOLIT-SYN-01,MES,MATERIAL_CONSUMPTION,MATCON-000095,MATCON-000095,RESOLVED,2026-07-20T07:10:00-06:00,2026-09-26T08:00:00-06:00,2026-06-29T00:00:00-06:00,,1,,false,ACTIVE,EA,,VALID,CURRENT,coolit-synthetic-v2.0.0,ALL_SYNTHETIC_CUSTOMERS,ALL_SYNTHETIC_PROGRAMS,CFG-CPL-03,SYNTHETIC_INTERNAL,SNP-COOLIT-20260925-BL,SCN-BASELINE,MATCON-000095,WO-0008,MESOP-00043,30,P-COMP-075,ISSUE,2,EA,LOT-P-COMP-075-A,LOT-WO-0008-OUT,false,2026-07-20T07:10:00-06:00,
TEN-COOLIT-SYN-001,SITE-COOLIT-SYN-01,MES,MATERIAL_CONSUMPTION,MATCON-000096,MATCON-000096,RESOLVED,2026-07-20T07:10:00-06:00,2026-09-26T08:00:00-06:00,2026-06-29T00:00:00-06:00,,1,,false,ACTIVE,EA,,VALID,CURRENT,coolit-synthetic-v2.0.0,ALL_SYNTHETIC_CUSTOMERS,ALL_SYNTHETIC_PROGRAMS,CFG-CPL-03,SYNTHETIC_INTERNAL,SNP-COOLIT-20260925-BL,SCN-BASELINE,MATCON-000096,WO-0008,MESOP-00043,30,P-COMP-082,ISSUE,3,EA,LOT-P-COMP-082-A,LOT-WO-0008-OUT,false,2026-07-20T07:10:00-06:00,
TEN-COOLIT-SYN-001,SITE-COOLIT-SYN-01,MES,MATERIAL_CONSUMPTION,MATCON-000097,MATCON-000097,RESOLVED,2026-07-23T07:10:00-06:00,2026-09-26T08:00:00-06:00,2026-06-29T00:00:00-06:00,,1,,false,ACTIVE,EA,,VALID,CURRENT,coolit-synthetic-v2.0.0,ALL_SYNTHETIC_CUSTOMERS,ALL_SYNTHETIC_PROGRAMS,CFG-CDU-02,SYNTHETIC_INTERNAL,SNP-COOLIT-20260925-BL,SCN-BASELINE,MATCON-000097,WO-0009,MESOP-00049,10,P-COMP-124,ISSUE,2,EA,LOT-P-COMP-124-A,LOT-WO-0009-OUT,true,2026-07-23T07:10:00-06:00,
TEN-COOLIT-SYN-001,SITE-COOLIT-SYN-01,MES,MATERIAL_CONSUMPTION,MATCON-000098,MATCON-000098,RESOLVED,2026-07-23T07:10:00-06:00,2026-09-26T08:00:00-06:00,2026-06-29T00:00:00-06:00,,1,,false,ACTIVE,EA,,VALID,CURRENT,coolit-synthetic-v2.0.0,ALL_SYNTHETIC_CUSTOMERS,ALL_SYNTHETIC_PROGRAMS,CFG-CDU-02,SYNTHETIC_INTERNAL,SNP-COOLIT-20260925-BL,SCN-BASELINE,MATCON-000098,WO-0009,MESOP-00049,10,P-COMP-131,ISSUE,3,EA,LOT-P-COMP-131-A,LOT-WO-0009-OUT,true,2026-07-23T07:10:00-06:00,
TEN-COOLIT-SYN-001,SITE-COOLIT-SYN-01,MES,MATERIAL_CONSUMPTION,MATCON-000099,MATCON-000099,RESOLVED,2026-07-23T07:10:00-06:00,2026-09-26T08:00:00-06:00,2026-06-29T00:00:00-06:00,,1,,false,ACTIVE,EA,,VALID,CURRENT,coolit-synthetic-v2.0.0,ALL_SYNTHETIC_CUSTOMERS,ALL_SYNTHETIC_PROGRAMS,CFG-CDU-02,SYNTHETIC_INTERNAL,SNP-COOLIT-20260925-BL,SCN-BASELINE,MATCON-000099,WO-0009,MESOP-00049,10,P-COMP-138,ISSUE,4,EA,LOT-P-COMP-138-A,LOT-WO-0009-OUT,true,2026-07-23T07:10:00-06:00,
TEN-COOLIT-SYN-001,SITE-COOLIT-SYN-01,MES,MATERIAL_CONSUMPTION,MATCON-000100,MATCON-000100,RESOLVED,2026-07-23T07:10:00-06:00,2026-09-26T08:00:00-06:00,2026-06-29T00:00:00-06:00,,1,,false,ACTIVE,EA,,VALID,CURRENT,coolit-synthetic-v2.0.0,ALL_SYNTHETIC_CUSTOMERS,ALL_SYNTHETIC_PROGRAMS,CFG-CDU-02,SYNTHETIC_INTERNAL,SNP-COOLIT-20260925-BL,SCN-BASELINE,MATCON-000100,WO-0009,MESOP-00049,10,P-COMP-145,ISSUE,5,EA,LOT-P-COMP-145-A,LOT-WO-0009-OUT,true,2026-07-23T07:10:00-06:00,
TEN-COOLIT-SYN-001,SITE-COOLIT-SYN-01,MES,MATERIAL_CONSUMPTION,MATCON-000101,MATCON-000101,RESOLVED,2026-07-23T07:10:00-06:00,2026-09-26T08:00:00-06:00,2026-06-29T00:00:00-06:00,,1,,false,ACTIVE,EA,,VALID,CURRENT,coolit-synthetic-v2.0.0,ALL_SYNTHETIC_CUSTOMERS,ALL_SYNTHETIC_PROGRAMS,CFG-CDU-02,SYNTHETIC_INTERNAL,SNP-COOLIT-20260925-BL,SCN-BASELINE,MATCON-000101,WO-0009,MESOP-00049,10,P-COMP-152,ISSUE,6,EA,LOT-P-COMP-152-A,LOT-WO-0009-OUT,true,2026-07-23T07:10:00-06:00,
TEN-COOLIT-SYN-001,SITE-COOLIT-SYN-01,MES,MATERIAL_CONSUMPTION,MATCON-000102,MATCON-000102,RESOLVED,2026-07-23T07:10:00-06:00,2026-09-26T08:00:00-06:00,2026-06-29T00:00:00-06:00,,1,,false,ACTIVE,EA,,VALID,CURRENT,coolit-synthetic-v2.0.0,ALL_SYNTHETIC_CUSTOMERS,ALL_SYNTHETIC_PROGRAMS,CFG-CDU-02,SYNTHETIC_INTERNAL,SNP-COOLIT-20260925-BL,SCN-BASELINE,MATCON-000102,WO-0009,MESOP-00049,20,P-COMP-159,ISSUE,2,EA,LOT-P-COMP-159-A,LOT-WO-0009-OUT,true,2026-07-23T07:10:00-06:00,
TEN-COOLIT-SYN-001,SITE-COOLIT-SYN-01,MES,MATERIAL_CONSUMPTION,MATCON-000103,MATCON-000103,RESOLVED,2026-07-23T07:10:00-06:00,2026-09-26T08:00:00-06:00,2026-06-29T00:00:00-06:00,,1,,false,ACTIVE,EA,,VALID,CURRENT,coolit-synthetic-v2.0.0,ALL_SYNTHETIC_CUSTOMERS,ALL_SYNTHETIC_PROGRAMS,CFG-CDU-02,SYNTHETIC_INTERNAL,SNP-COOLIT-20260925-BL,SCN-BASELINE,MATCON-000103,WO-0009,MESOP-00049,20,P-COMP-166,ISSUE,3,EA,LOT-P-COMP-166-A,LOT-WO-0009-OUT,true,2026-07-23T07:10:00-06:00,
TEN-COOLIT-SYN-001,SITE-COOLIT-SYN-01,MES,MATERIAL_CONSUMPTION,MATCON-000104,MATCON-000104,RESOLVED,2026-07-23T07:10:00-06:00,2026-09-26T08:00:00-06:00,2026-06-29T00:00:00-06:00,,1,,false,ACTIVE,EA,,VALID,CURRENT,coolit-synthetic-v2.0.0,ALL_SYNTHETIC_CUSTOMERS,ALL_SYNTHETIC_PROGRAMS,CFG-CDU-02,SYNTHETIC_INTERNAL,SNP-COOLIT-20260925-BL,SCN-BASELINE,MATCON-000104,WO-0009,MESOP-00049,20,P-COMP-173,ISSUE,4,EA,LOT-P-COMP-173-A,LOT-WO-0009-OUT,false,2026-07-23T07:10:00-06:00,
TEN-COOLIT-SYN-001,SITE-COOLIT-SYN-01,MES,MATERIAL_CONSUMPTION,MATCON-000105,MATCON-000105,RESOLVED,2026-07-23T07:10:00-06:00,2026-09-26T08:00:00-06:00,2026-06-29T00:00:00-06:00,,1,,false,ACTIVE,EA,,VALID,CURRENT,coolit-synthetic-v2.0.0,ALL_SYNTHETIC_CUSTOMERS,ALL_SYNTHETIC_PROGRAMS,CFG-CDU-02,SYNTHETIC_INTERNAL,SNP-COOLIT-20260925-BL,SCN-BASELINE,MATCON-000105,WO-0009,MESOP-00049,20,P-COMP-180,ISSUE,5,EA,LOT-P-COMP-180-A,LOT-WO-0009-OUT,false,2026-07-23T07:10:00-06:00,
TEN-COOLIT-SYN-001,SITE-COOLIT-SYN-01,MES,MATERIAL_CONSUMPTION,MATCON-000106,MATCON-000106,RESOLVED,2026-07-23T07:10:00-06:00,2026-09-26T08:00:00-06:00,2026-06-29T00:00:00-06:00,,1,,false,ACTIVE,EA,,VALID,CURRENT,coolit-synthetic-v2.0.0,ALL_SYNTHETIC_CUSTOMERS,ALL_SYNTHETIC_PROGRAMS,CFG-CDU-02,SYNTHETIC_INTERNAL,SNP-COOLIT-20260925-BL,SCN-BASELINE,MATCON-000106,WO-0009,MESOP-00049,20,P-COMP-187,ISSUE,6,EA,LOT-P-COMP-187-A,LOT-WO-0009-OUT,false,2026-07-23T07:10:00-06:00,
TEN-COOLIT-SYN-001,SITE-COOLIT-SYN-01,MES,MATERIAL_CONSUMPTION,MATCON-000107,MATCON-000107,RESOLVED,2026-07-23T07:10:00-06:00,2026-09-26T08:00:00-06:00,2026-06-29T00:00:00-06:00,,1,,false,ACTIVE,EA,,VALID,CURRENT,coolit-synthetic-v2.0.0,ALL_SYNTHETIC_CUSTOMERS,ALL_SYNTHETIC_PROGRAMS,CFG-CDU-02,SYNTHETIC_INTERNAL,SNP-COOLIT-20260925-BL,SCN-BASELINE,MATCON-000107,WO-0009,MESOP-00049,30,P-COMP-194,ISSUE,2,EA,LOT-P-COMP-194-A,LOT-WO-0009-OUT,false,2026-07-23T07:10:00-06:00,
TEN-COOLIT-SYN-001,SITE-COOLIT-SYN-01,MES,MATERIAL_CONSUMPTION,MATCON-000108,MATCON-000108,RESOLVED,2026-07-23T07:10:00-06:00,2026-09-26T08:00:00-06:00,2026-06-29T00:00:00-06:00,,1,,false,ACTIVE,EA,,VALID,CURRENT,coolit-synthetic-v2.0.0,ALL_SYNTHETIC_CUSTOMERS,ALL_SYNTHETIC_PROGRAMS,CFG-CDU-02,SYNTHETIC_INTERNAL,SNP-COOLIT-20260925-BL,SCN-BASELINE,MATCON-000108,WO-0009,MESOP-00049,30,P-COMP-201,ISSUE,3,EA,LOT-P-COMP-201-A,LOT-WO-0009-OUT,false,2026-07-23T07:10:00-06:00,
TEN-COOLIT-SYN-001,SITE-COOLIT-SYN-01,MES,MATERIAL_CONSUMPTION,MATCON-000109,MATCON-000109,RESOLVED,2026-07-26T07:10:00-06:00,2026-09-26T08:00:00-06:00,2026-06-29T00:00:00-06:00,,1,,false,ACTIVE,EA,,VALID,CURRENT,coolit-synthetic-v2.0.0,ALL_SYNTHETIC_CUSTOMERS,ALL_SYNTHETIC_PROGRAMS,CFG-RM-01,SYNTHETIC_INTERNAL,SNP-COOLIT-20260925-BL,SCN-BASELINE,MATCON-000109,WO-0010,MESOP-00055,10,P-COMP-039,ISSUE,2,EA,LOT-P-COMP-039-A,LOT-WO-0010-OUT,true,2026-07-26T07:10:00-06:00,
TEN-COOLIT-SYN-001,SITE-COOLIT-SYN-01,MES,MATERIAL_CONSUMPTION,MATCON-000110,MATCON-000110,RESOLVED,2026-07-26T07:10:00-06:00,2026-09-26T08:00:00-06:00,2026-06-29T00:00:00-06:00,,1,,false,ACTIVE,EA,,VALID,CURRENT,coolit-synthetic-v2.0.0,ALL_SYNTHETIC_CUSTOMERS,ALL_SYNTHETIC_PROGRAMS,CFG-RM-01,SYNTHETIC_INTERNAL,SNP-COOLIT-20260925-BL,SCN-BASELINE,MATCON-000110,WO-0010,MESOP-00055,10,P-COMP-046,ISSUE,3,EA,LOT-P-COMP-046-A,LOT-WO-0010-OUT,true,2026-07-26T07:10:00-06:00,
TEN-COOLIT-SYN-001,SITE-COOLIT-SYN-01,MES,MATERIAL_CONSUMPTION,MATCON-000111,MATCON-000111,RESOLVED,2026-07-26T07:10:00-06:00,2026-09-26T08:00:00-06:00,2026-06-29T00:00:00-06:00,,1,,false,ACTIVE,EA,,VALID,CURRENT,coolit-synthetic-v2.0.0,ALL_SYNTHETIC_CUSTOMERS,ALL_SYNTHETIC_PROGRAMS,CFG-RM-01,SYNTHETIC_INTERNAL,SNP-COOLIT-20260925-BL,SCN-BASELINE,MATCON-000111,WO-0010,MESOP-00055,10,P-COMP-053,ISSUE,4,EA,LOT-P-COMP-053-A,LOT-WO-0010-OUT,true,2026-07-26T07:10:00-06:00,
TEN-COOLIT-SYN-001,SITE-COOLIT-SYN-01,MES,MATERIAL_CONSUMPTION,MATCON-000112,MATCON-000112,RESOLVED,2026-07-26T07:10:00-06:00,2026-09-26T08:00:00-06:00,2026-06-29T00:00:00-06:00,,1,,false,ACTIVE,EA,,VALID,CURRENT,coolit-synthetic-v2.0.0,ALL_SYNTHETIC_CUSTOMERS,ALL_SYNTHETIC_PROGRAMS,CFG-RM-01,SYNTHETIC_INTERNAL,SNP-COOLIT-20260925-BL,SCN-BASELINE,MATCON-000112,WO-0010,MESOP-00055,10,P-COMP-060,ISSUE,5,EA,LOT-P-COMP-060-A,LOT-WO-0010-OUT,true,2026-07-26T07:10:00-06:00,
TEN-COOLIT-SYN-001,SITE-COOLIT-SYN-01,MES,MATERIAL_CONSUMPTION,MATCON-000113,MATCON-000113,RESOLVED,2026-07-26T07:10:00-06:00,2026-09-26T08:00:00-06:00,2026-06-29T00:00:00-06:00,,1,,false,ACTIVE,EA,,VALID,CURRENT,coolit-synthetic-v2.0.0,ALL_SYNTHETIC_CUSTOMERS,ALL_SYNTHETIC_PROGRAMS,CFG-RM-01,SYNTHETIC_INTERNAL,SNP-COOLIT-20260925-BL,SCN-BASELINE,MATCON-000113,WO-0010,MESOP-00055,10,P-COMP-067,ISSUE,6,EA,LOT-P-COMP-067-A,LOT-WO-0010-OUT,true,2026-07-26T07:10:00-06:00,
TEN-COOLIT-SYN-001,SITE-COOLIT-SYN-01,MES,MATERIAL_CONSUMPTION,MATCON-000114,MATCON-000114,RESOLVED,2026-07-26T07:10:00-06:00,2026-09-26T08:00:00-06:00,2026-06-29T00:00:00-06:00,,1,,false,ACTIVE,EA,,VALID,CURRENT,coolit-synthetic-v2.0.0,ALL_SYNTHETIC_CUSTOMERS,ALL_SYNTHETIC_PROGRAMS,CFG-RM-01,SYNTHETIC_INTERNAL,SNP-COOLIT-20260925-BL,SCN-BASELINE,MATCON-000114,WO-0010,MESOP-00055,20,P-COMP-074,ISSUE,2,EA,LOT-P-COMP-074-A,LOT-WO-0010-OUT,true,2026-07-26T07:10:00-06:00,
TEN-COOLIT-SYN-001,SITE-COOLIT-SYN-01,MES,MATERIAL_CONSUMPTION,MATCON-000115,MATCON-000115,RESOLVED,2026-07-26T07:10:00-06:00,2026-09-26T08:00:00-06:00,2026-06-29T00:00:00-06:00,,1,,false,ACTIVE,EA,,VALID,CURRENT,coolit-synthetic-v2.0.0,ALL_SYNTHETIC_CUSTOMERS,ALL_SYNTHETIC_PROGRAMS,CFG-RM-01,SYNTHETIC_INTERNAL,SNP-COOLIT-20260925-BL,SCN-BASELINE,MATCON-000115,WO-0010,MESOP-00055,20,P-COMP-081,ISSUE,3,EA,LOT-P-COMP-081-A,LOT-WO-0010-OUT,true,2026-07-26T07:10:00-06:00,
TEN-COOLIT-SYN-001,SITE-COOLIT-SYN-01,MES,MATERIAL_CONSUMPTION,MATCON-000116,MATCON-000116,RESOLVED,2026-07-26T07:10:00-06:00,2026-09-26T08:00:00-06:00,2026-06-29T00:00:00-06:00,,1,,false,ACTIVE,EA,,VALID,CURRENT,coolit-synthetic-v2.0.0,ALL_SYNTHETIC_CUSTOMERS,ALL_SYNTHETIC_PROGRAMS,CFG-RM-01,SYNTHETIC_INTERNAL,SNP-COOLIT-20260925-BL,SCN-BASELINE,MATCON-000116,WO-0010,MESOP-00055,20,P-COMP-088,ISSUE,4,EA,LOT-P-COMP-088-A,LOT-WO-0010-OUT,false,2026-07-26T07:10:00-06:00,
TEN-COOLIT-SYN-001,SITE-COOLIT-SYN-01,MES,MATERIAL_CONSUMPTION,MATCON-000117,MATCON-000117,RESOLVED,2026-07-26T07:10:00-06:00,2026-09-26T08:00:00-06:00,2026-06-29T00:00:00-06:00,,1,,false,ACTIVE,EA,,VALID,CURRENT,coolit-synthetic-v2.0.0,ALL_SYNTHETIC_CUSTOMERS,ALL_SYNTHETIC_PROGRAMS,CFG-RM-01,SYNTHETIC_INTERNAL,SNP-COOLIT-20260925-BL,SCN-BASELINE,MATCON-000117,WO-0010,MESOP-00055,20,P-COMP-095,ISSUE,5,EA,LOT-P-COMP-095-A,LOT-WO-0010-OUT,false,2026-07-26T07:10:00-06:00,
TEN-COOLIT-SYN-001,SITE-COOLIT-SYN-01,MES,MATERIAL_CONSUMPTION,MATCON-000118,MATCON-000118,RESOLVED,2026-07-26T07:10:00-06:00,2026-09-26T08:00:00-06:00,2026-06-29T00:00:00-06:00,,1,,false,ACTIVE,EA,,VALID,CURRENT,coolit-synthetic-v2.0.0,ALL_SYNTHETIC_CUSTOMERS,ALL_SYNTHETIC_PROGRAMS,CFG-RM-01,SYNTHETIC_INTERNAL,SNP-COOLIT-20260925-BL,SCN-BASELINE,MATCON-000118,WO-0010,MESOP-00055,20,P-COMP-102,ISSUE,6,EA,LOT-P-COMP-102-A,LOT-WO-0010-OUT,false,2026-07-26T07:10:00-06:00,
TEN-COOLIT-SYN-001,SITE-COOLIT-SYN-01,MES,MATERIAL_CONSUMPTION,MATCON-000119,MATCON-000119,RESOLVED,2026-07-26T07:10:00-06:00,2026-09-26T08:00:00-06:00,2026-06-29T00:00:00-06:00,,1,,false,ACTIVE,EA,,VALID,CURRENT,coolit-synthetic-v2.0.0,ALL_SYNTHETIC_CUSTOMERS,ALL_SYNTHETIC_PROGRAMS,CFG-RM-01,SYNTHETIC_INTERNAL,SNP-COOLIT-20260925-BL,SCN-BASELINE,MATCON-000119,WO-0010,MESOP-00055,30,P-COMP-109,ISSUE,2,EA,LOT-P-COMP-109-A,LOT-WO-0010-OUT,false,2026-07-26T07:10:00-06:00,
TEN-COOLIT-SYN-001,SITE-COOLIT-SYN-01,MES,MATERIAL_CONSUMPTION,MATCON-000120,MATCON-000120,RESOLVED,2026-07-26T07:10:00-06:00,2026-09-26T08:00:00-06:00,2026-06-29T00:00:00-06:00,,1,,false,ACTIVE,EA,,VALID,CURRENT,coolit-synthetic-v2.0.0,ALL_SYNTHETIC_CUSTOMERS,ALL_SYNTHETIC_PROGRAMS,CFG-RM-01,SYNTHETIC_INTERNAL,SNP-COOLIT-20260925-BL,SCN-BASELINE,MATCON-000120,WO-0010,MESOP-00055,30,P-COMP-116,ISSUE,3,EA,LOT-P-COMP-116-A,LOT-WO-0010-OUT,false,2026-07-26T07:10:00-06:00,
TEN-COOLIT-SYN-001,SITE-COOLIT-SYN-01,MES,MATERIAL_CONSUMPTION,MATCON-000121,MATCON-000121,RESOLVED,2026-07-29T07:10:00-06:00,2026-09-26T08:00:00-06:00,2026-06-29T00:00:00-06:00,,1,,false,ACTIVE,EA,,VALID,CURRENT,coolit-synthetic-v2.0.0,ALL_SYNTHETIC_CUSTOMERS,ALL_SYNTHETIC_PROGRAMS,CFG-CDU-04,SYNTHETIC_INTERNAL,SNP-COOLIT-20260925-BL,SCN-BASELINE,MATCON-000121,WO-0011,MESOP-00061,10,P-COMP-158,ISSUE,2,EA,LOT-P-COMP-158-A,LOT-WO-0011-OUT,true,2026-07-29T07:10:00-06:00,
TEN-COOLIT-SYN-001,SITE-COOLIT-SYN-01,MES,MATERIAL_CONSUMPTION,MATCON-000122,MATCON-000122,RESOLVED,2026-07-29T07:10:00-06:00,2026-09-26T08:00:00-06:00,2026-06-29T00:00:00-06:00,,1,,false,ACTIVE,EA,,VALID,CURRENT,coolit-synthetic-v2.0.0,ALL_SYNTHETIC_CUSTOMERS,ALL_SYNTHETIC_PROGRAMS,CFG-CDU-04,SYNTHETIC_INTERNAL,SNP-COOLIT-20260925-BL,SCN-BASELINE,MATCON-000122,WO-0011,MESOP-00061,10,P-COMP-165,ISSUE,3,EA,LOT-P-COMP-165-A,LOT-WO-0011-OUT,true,2026-07-29T07:10:00-06:00,
TEN-COOLIT-SYN-001,SITE-COOLIT-SYN-01,MES,MATERIAL_CONSUMPTION,MATCON-000123,MATCON-000123,RESOLVED,2026-07-29T07:10:00-06:00,2026-09-26T08:00:00-06:00,2026-06-29T00:00:00-06:00,,1,,false,ACTIVE,EA,,VALID,CURRENT,coolit-synthetic-v2.0.0,ALL_SYNTHETIC_CUSTOMERS,ALL_SYNTHETIC_PROGRAMS,CFG-CDU-04,SYNTHETIC_INTERNAL,SNP-COOLIT-20260925-BL,SCN-BASELINE,MATCON-000123,WO-0011,MESOP-00061,10,P-COMP-172,ISSUE,4,EA,LOT-P-COMP-172-A,LOT-WO-0011-OUT,true,2026-07-29T07:10:00-06:00,
TEN-COOLIT-SYN-001,SITE-COOLIT-SYN-01,MES,MATERIAL_CONSUMPTION,MATCON-000124,MATCON-000124,RESOLVED,2026-07-29T07:10:00-06:00,2026-09-26T08:00:00-06:00,2026-06-29T00:00:00-06:00,,1,,false,ACTIVE,EA,,VALID,CURRENT,coolit-synthetic-v2.0.0,ALL_SYNTHETIC_CUSTOMERS,ALL_SYNTHETIC_PROGRAMS,CFG-CDU-04,SYNTHETIC_INTERNAL,SNP-COOLIT-20260925-BL,SCN-BASELINE,MATCON-000124,WO-0011,MESOP-00061,10,P-COMP-179,ISSUE,5,EA,LOT-P-COMP-179-A,LOT-WO-0011-OUT,true,2026-07-29T07:10:00-06:00,
TEN-COOLIT-SYN-001,SITE-COOLIT-SYN-01,MES,MATERIAL_CONSUMPTION,MATCON-000125,MATCON-000125,RESOLVED,2026-07-29T07:10:00-06:00,2026-09-26T08:00:00-06:00,2026-06-29T00:00:00-06:00,,1,,false,ACTIVE,EA,,VALID,CURRENT,coolit-synthetic-v2.0.0,ALL_SYNTHETIC_CUSTOMERS,ALL_SYNTHETIC_PROGRAMS,CFG-CDU-04,SYNTHETIC_INTERNAL,SNP-COOLIT-20260925-BL,SCN-BASELINE,MATCON-000125,WO-0011,MESOP-00061,10,P-COMP-186,ISSUE,6,EA,LOT-P-COMP-186-A,LOT-WO-0011-OUT,true,2026-07-29T07:10:00-06:00,
TEN-COOLIT-SYN-001,SITE-COOLIT-SYN-01,MES,MATERIAL_CONSUMPTION,MATCON-000126,MATCON-000126,RESOLVED,2026-07-29T07:10:00-06:00,2026-09-26T08:00:00-06:00,2026-06-29T00:00:00-06:00,,1,,false,ACTIVE,EA,,VALID,CURRENT,coolit-synthetic-v2.0.0,ALL_SYNTHETIC_CUSTOMERS,ALL_SYNTHETIC_PROGRAMS,CFG-CDU-04,SYNTHETIC_INTERNAL,SNP-COOLIT-20260925-BL,SCN-BASELINE,MATCON-000126,WO-0011,MESOP-00061,20,P-COMP-193,ISSUE,2,EA,LOT-P-COMP-193-A,LOT-WO-0011-OUT,true,2026-07-29T07:10:00-06:00,
TEN-COOLIT-SYN-001,SITE-COOLIT-SYN-01,MES,MATERIAL_CONSUMPTION,MATCON-000127,MATCON-000127,RESOLVED,2026-07-29T07:10:00-06:00,2026-09-26T08:00:00-06:00,2026-06-29T00:00:00-06:00,,1,,false,ACTIVE,EA,,VALID,CURRENT,coolit-synthetic-v2.0.0,ALL_SYNTHETIC_CUSTOMERS,ALL_SYNTHETIC_PROGRAMS,CFG-CDU-04,SYNTHETIC_INTERNAL,SNP-COOLIT-20260925-BL,SCN-BASELINE,MATCON-000127,WO-0011,MESOP-00061,20,P-COMP-200,ISSUE,3,EA,LOT-P-COMP-200-A,LOT-WO-0011-OUT,true,2026-07-29T07:10:00-06:00,
TEN-COOLIT-SYN-001,SITE-COOLIT-SYN-01,MES,MATERIAL_CONSUMPTION,MATCON-000128,MATCON-000128,RESOLVED,2026-07-29T07:10:00-06:00,2026-09-26T08:00:00-06:00,2026-06-29T00:00:00-06:00,,1,,false,ACTIVE,EA,,VALID,CURRENT,coolit-synthetic-v2.0.0,ALL_SYNTHETIC_CUSTOMERS,ALL_SYNTHETIC_PROGRAMS,CFG-CDU-04,SYNTHETIC_INTERNAL,SNP-COOLIT-20260925-BL,SCN-BASELINE,MATCON-000128,WO-0011,MESOP-00061,20,P-COMP-207,ISSUE,4,EA,LOT-P-COMP-207-A,LOT-WO-0011-OUT,false,2026-07-29T07:10:00-06:00,
TEN-COOLIT-SYN-001,SITE-COOLIT-SYN-01,MES,MATERIAL_CONSUMPTION,MATCON-000129,MATCON-000129,RESOLVED,2026-07-29T07:10:00-06:00,2026-09-26T08:00:00-06:00,2026-06-29T00:00:00-06:00,,1,,false,ACTIVE,EA,,VALID,CURRENT,coolit-synthetic-v2.0.0,ALL_SYNTHETIC_CUSTOMERS,ALL_SYNTHETIC_PROGRAMS,CFG-CDU-04,SYNTHETIC_INTERNAL,SNP-COOLIT-20260925-BL,SCN-BASELINE,MATCON-000129,WO-0011,MESOP-00061,20,P-QD-006,ISSUE,5,EA,LOT-P-QD-006-A,LOT-WO-0011-OUT,false,2026-07-29T07:10:00-06:00,
TEN-COOLIT-SYN-001,SITE-COOLIT-SYN-01,MES,MATERIAL_CONSUMPTION,MATCON-000130,MATCON-000130,RESOLVED,2026-07-29T07:10:00-06:00,2026-09-26T08:00:00-06:00,2026-06-29T00:00:00-06:00,,1,,false,ACTIVE,EA,,VALID,CURRENT,coolit-synthetic-v2.0.0,ALL_SYNTHETIC_CUSTOMERS,ALL_SYNTHETIC_PROGRAMS,CFG-CDU-04,SYNTHETIC_INTERNAL,SNP-COOLIT-20260925-BL,SCN-BASELINE,MATCON-000130,WO-0011,MESOP-00061,20,P-PUMP-003,ISSUE,6,EA,LOT-P-PUMP-003-A,LOT-WO-0011-OUT,false,2026-07-29T07:10:00-06:00,
TEN-COOLIT-SYN-001,SITE-COOLIT-SYN-01,MES,MATERIAL_CONSUMPTION,MATCON-000131,MATCON-000131,RESOLVED,2026-07-29T07:10:00-06:00,2026-09-26T08:00:00-06:00,2026-06-29T00:00:00-06:00,,1,,false,ACTIVE,EA,,VALID,CURRENT,coolit-synthetic-v2.0.0,ALL_SYNTHETIC_CUSTOMERS,ALL_SYNTHETIC_PROGRAMS,CFG-CDU-04,SYNTHETIC_INTERNAL,SNP-COOLIT-20260925-BL,SCN-BASELINE,MATCON-000131,WO-0011,MESOP-00061,30,P-HX-002,ISSUE,2,EA,LOT-P-HX-002-A,LOT-WO-0011-OUT,false,2026-07-29T07:10:00-06:00,
TEN-COOLIT-SYN-001,SITE-COOLIT-SYN-01,MES,MATERIAL_CONSUMPTION,MATCON-000132,MATCON-000132,RESOLVED,2026-07-29T07:10:00-06:00,2026-09-26T08:00:00-06:00,2026-06-29T00:00:00-06:00,,1,,false,ACTIVE,EA,,VALID,CURRENT,coolit-synthetic-v2.0.0,ALL_SYNTHETIC_CUSTOMERS,ALL_SYNTHETIC_PROGRAMS,CFG-CDU-04,SYNTHETIC_INTERNAL,SNP-COOLIT-20260925-BL,SCN-BASELINE,MATCON-000132,WO-0011,MESOP-00061,30,P-CTRL-003,ISSUE,3,EA,LOT-P-CTRL-003-A,LOT-WO-0011-OUT,false,2026-07-29T07:10:00-06:00,
TEN-COOLIT-SYN-001,SITE-COOLIT-SYN-01,MES,MATERIAL_CONSUMPTION,MATCON-000133,MATCON-000133,RESOLVED,2026-08-01T07:10:00-06:00,2026-09-26T08:00:00-06:00,2026-06-29T00:00:00-06:00,,1,,false,ACTIVE,EA,,VALID,CURRENT,coolit-synthetic-v2.0.0,ALL_SYNTHETIC_CUSTOMERS,ALL_SYNTHETIC_PROGRAMS,CFG-RM-03,SYNTHETIC_INTERNAL,SNP-COOLIT-20260925-BL,SCN-BASELINE,MATCON-000133,WO-0012,MESOP-00067,10,P-COMP-073,ISSUE,2,EA,LOT-P-COMP-073-A,LOT-WO-0012-OUT,true,2026-08-01T07:10:00-06:00,
TEN-COOLIT-SYN-001,SITE-COOLIT-SYN-01,MES,MATERIAL_CONSUMPTION,MATCON-000134,MATCON-000134,RESOLVED,2026-08-01T07:10:00-06:00,2026-09-26T08:00:00-06:00,2026-06-29T00:00:00-06:00,,1,,false,ACTIVE,EA,,VALID,CURRENT,coolit-synthetic-v2.0.0,ALL_SYNTHETIC_CUSTOMERS,ALL_SYNTHETIC_PROGRAMS,CFG-RM-03,SYNTHETIC_INTERNAL,SNP-COOLIT-20260925-BL,SCN-BASELINE,MATCON-000134,WO-0012,MESOP-00067,10,P-COMP-080,ISSUE,3,EA,LOT-P-COMP-080-A,LOT-WO-0012-OUT,true,2026-08-01T07:10:00-06:00,
TEN-COOLIT-SYN-001,SITE-COOLIT-SYN-01,MES,MATERIAL_CONSUMPTION,MATCON-000135,MATCON-000135,RESOLVED,2026-08-01T07:10:00-06:00,2026-09-26T08:00:00-06:00,2026-06-29T00:00:00-06:00,,1,,false,ACTIVE,EA,,VALID,CURRENT,coolit-synthetic-v2.0.0,ALL_SYNTHETIC_CUSTOMERS,ALL_SYNTHETIC_PROGRAMS,CFG-RM-03,SYNTHETIC_INTERNAL,SNP-COOLIT-20260925-BL,SCN-BASELINE,MATCON-000135,WO-0012,MESOP-00067,10,P-COMP-087,ISSUE,4,EA,LOT-P-COMP-087-A,LOT-WO-0012-OUT,true,2026-08-01T07:10:00-06:00,
TEN-COOLIT-SYN-001,SITE-COOLIT-SYN-01,MES,MATERIAL_CONSUMPTION,MATCON-000136,MATCON-000136,RESOLVED,2026-08-01T07:10:00-06:00,2026-09-26T08:00:00-06:00,2026-06-29T00:00:00-06:00,,1,,false,ACTIVE,EA,,VALID,CURRENT,coolit-synthetic-v2.0.0,ALL_SYNTHETIC_CUSTOMERS,ALL_SYNTHETIC_PROGRAMS,CFG-RM-03,SYNTHETIC_INTERNAL,SNP-COOLIT-20260925-BL,SCN-BASELINE,MATCON-000136,WO-0012,MESOP-00067,10,P-COMP-094,ISSUE,5,EA,LOT-P-COMP-094-A,LOT-WO-0012-OUT,true,2026-08-01T07:10:00-06:00,
TEN-COOLIT-SYN-001,SITE-COOLIT-SYN-01,MES,MATERIAL_CONSUMPTION,MATCON-000137,MATCON-000137,RESOLVED,2026-08-01T07:10:00-06:00,2026-09-26T08:00:00-06:00,2026-06-29T00:00:00-06:00,,1,,false,ACTIVE,EA,,VALID,CURRENT,coolit-synthetic-v2.0.0,ALL_SYNTHETIC_CUSTOMERS,ALL_SYNTHETIC_PROGRAMS,CFG-RM-03,SYNTHETIC_INTERNAL,SNP-COOLIT-20260925-BL,SCN-BASELINE,MATCON-000137,WO-0012,MESOP-00067,10,P-COMP-101,ISSUE,6,EA,LOT-P-COMP-101-A,LOT-WO-0012-OUT,true,2026-08-01T07:10:00-06:00,
TEN-COOLIT-SYN-001,SITE-COOLIT-SYN-01,MES,MATERIAL_CONSUMPTION,MATCON-000138,MATCON-000138,RESOLVED,2026-08-01T07:10:00-06:00,2026-09-26T08:00:00-06:00,2026-06-29T00:00:00-06:00,,1,,false,ACTIVE,EA,,VALID,CURRENT,coolit-synthetic-v2.0.0,ALL_SYNTHETIC_CUSTOMERS,ALL_SYNTHETIC_PROGRAMS,CFG-RM-03,SYNTHETIC_INTERNAL,SNP-COOLIT-20260925-BL,SCN-BASELINE,MATCON-000138,WO-0012,MESOP-00067,20,P-COMP-108,ISSUE,2,EA,LOT-P-COMP-108-A,LOT-WO-0012-OUT,true,2026-08-01T07:10:00-06:00,
TEN-COOLIT-SYN-001,SITE-COOLIT-SYN-01,MES,MATERIAL_CONSUMPTION,MATCON-000139,MATCON-000139,RESOLVED,2026-08-01T07:10:00-06:00,2026-09-26T08:00:00-06:00,2026-06-29T00:00:00-06:00,,1,,false,ACTIVE,EA,,VALID,CURRENT,coolit-synthetic-v2.0.0,ALL_SYNTHETIC_CUSTOMERS,ALL_SYNTHETIC_PROGRAMS,CFG-RM-03,SYNTHETIC_INTERNAL,SNP-COOLIT-20260925-BL,SCN-BASELINE,MATCON-000139,WO-0012,MESOP-00067,20,P-COMP-115,ISSUE,3,EA,LOT-P-COMP-115-A,LOT-WO-0012-OUT,true,2026-08-01T07:10:00-06:00,
TEN-COOLIT-SYN-001,SITE-COOLIT-SYN-01,MES,MATERIAL_CONSUMPTION,MATCON-000140,MATCON-000140,RESOLVED,2026-08-01T07:10:00-06:00,2026-09-26T08:00:00-06:00,2026-06-29T00:00:00-06:00,,1,,false,ACTIVE,EA,,VALID,CURRENT,coolit-synthetic-v2.0.0,ALL_SYNTHETIC_CUSTOMERS,ALL_SYNTHETIC_PROGRAMS,CFG-RM-03,SYNTHETIC_INTERNAL,SNP-COOLIT-20260925-BL,SCN-BASELINE,MATCON-000140,WO-0012,MESOP-00067,20,P-COMP-122,ISSUE,4,EA,LOT-P-COMP-122-A,LOT-WO-0012-OUT,false,2026-08-01T07:10:00-06:00,
TEN-COOLIT-SYN-001,SITE-COOLIT-SYN-01,MES,MATERIAL_CONSUMPTION,MATCON-000141,MATCON-000141,RESOLVED,2026-08-01T07:10:00-06:00,2026-09-26T08:00:00-06:00,2026-06-29T00:00:00-06:00,,1,,false,ACTIVE,EA,,VALID,CURRENT,coolit-synthetic-v2.0.0,ALL_SYNTHETIC_CUSTOMERS,ALL_SYNTHETIC_PROGRAMS,CFG-RM-03,SYNTHETIC_INTERNAL,SNP-COOLIT-20260925-BL,SCN-BASELINE,MATCON-000141,WO-0012,MESOP-00067,20,P-COMP-129,ISSUE,5,EA,LOT-P-COMP-129-A,LOT-WO-0012-OUT,false,2026-08-01T07:10:00-06:00,
TEN-COOLIT-SYN-001,SITE-COOLIT-SYN-01,MES,MATERIAL_CONSUMPTION,MATCON-000142,MATCON-000142,RESOLVED,2026-08-01T07:10:00-06:00,2026-09-26T08:00:00-06:00,2026-06-29T00:00:00-06:00,,1,,false,ACTIVE,EA,,VALID,CURRENT,coolit-synthetic-v2.0.0,ALL_SYNTHETIC_CUSTOMERS,ALL_SYNTHETIC_PROGRAMS,CFG-RM-03,SYNTHETIC_INTERNAL,SNP-COOLIT-20260925-BL,SCN-BASELINE,MATCON-000142,WO-0012,MESOP-00067,20,P-COMP-136,ISSUE,6,EA,LOT-P-COMP-136-A,LOT-WO-0012-OUT,false,2026-08-01T07:10:00-06:00,
TEN-COOLIT-SYN-001,SITE-COOLIT-SYN-01,MES,MATERIAL_CONSUMPTION,MATCON-000143,MATCON-000143,RESOLVED,2026-08-01T07:10:00-06:00,2026-09-26T08:00:00-06:00,2026-06-29T00:00:00-06:00,,1,,false,ACTIVE,EA,,VALID,CURRENT,coolit-synthetic-v2.0.0,ALL_SYNTHETIC_CUSTOMERS,ALL_SYNTHETIC_PROGRAMS,CFG-RM-03,SYNTHETIC_INTERNAL,SNP-COOLIT-20260925-BL,SCN-BASELINE,MATCON-000143,WO-0012,MESOP-00067,30,P-COMP-143,ISSUE,2,EA,LOT-P-COMP-143-A,LOT-WO-0012-OUT,false,2026-08-01T07:10:00-06:00,
TEN-COOLIT-SYN-001,SITE-COOLIT-SYN-01,MES,MATERIAL_CONSUMPTION,MATCON-000144,MATCON-000144,RESOLVED,2026-08-01T07:10:00-06:00,2026-09-26T08:00:00-06:00,2026-06-29T00:00:00-06:00,,1,,false,ACTIVE,EA,,VALID,CURRENT,coolit-synthetic-v2.0.0,ALL_SYNTHETIC_CUSTOMERS,ALL_SYNTHETIC_PROGRAMS,CFG-RM-03,SYNTHETIC_INTERNAL,SNP-COOLIT-20260925-BL,SCN-BASELINE,MATCON-000144,WO-0012,MESOP-00067,30,P-COMP-150,ISSUE,3,EA,LOT-P-COMP-150-A,LOT-WO-0012-OUT,false,2026-08-01T07:10:00-06:00,
TEN-COOLIT-SYN-001,SITE-COOLIT-SYN-01,MES,MATERIAL_CONSUMPTION,MATCON-000145,MATCON-000145,RESOLVED,2026-08-04T07:10:00-06:00,2026-09-26T08:00:00-06:00,2026-06-29T00:00:00-06:00,,1,,false,ACTIVE,EA,,VALID,CURRENT,coolit-synthetic-v2.0.0,ALL_SYNTHETIC_CUSTOMERS,ALL_SYNTHETIC_PROGRAMS,CFG-CPL-02,SYNTHETIC_INTERNAL,SNP-COOLIT-20260925-BL,SCN-BASELINE,MATCON-000145,WO-0013,MESOP-00073,10,P-PUMP-008,ISSUE,2,EA,LOT-P-PUMP-008-A,LOT-WO-0013-OUT,true,2026-08-04T07:10:00-06:00,
TEN-COOLIT-SYN-001,SITE-COOLIT-SYN-01,MES,MATERIAL_CONSUMPTION,MATCON-000146,MATCON-000146,RESOLVED,2026-08-04T07:10:00-06:00,2026-09-26T08:00:00-06:00,2026-06-29T00:00:00-06:00,,1,,false,ACTIVE,EA,,VALID,CURRENT,coolit-synthetic-v2.0.0,ALL_SYNTHETIC_CUSTOMERS,ALL_SYNTHETIC_PROGRAMS,CFG-CPL-02,SYNTHETIC_INTERNAL,SNP-COOLIT-20260925-BL,SCN-BASELINE,MATCON-000146,WO-0013,MESOP-00073,10,P-CTRL-001,ISSUE,3,EA,LOT-P-CTRL-001-A,LOT-WO-0013-OUT,true,2026-08-04T07:10:00-06:00,
TEN-COOLIT-SYN-001,SITE-COOLIT-SYN-01,MES,MATERIAL_CONSUMPTION,MATCON-000147,MATCON-000147,RESOLVED,2026-08-04T07:10:00-06:00,2026-09-26T08:00:00-06:00,2026-06-29T00:00:00-06:00,,1,,false,ACTIVE,EA,,VALID,CURRENT,coolit-synthetic-v2.0.0,ALL_SYNTHETIC_CUSTOMERS,ALL_SYNTHETIC_PROGRAMS,CFG-CPL-02,SYNTHETIC_INTERNAL,SNP-COOLIT-20260925-BL,SCN-BASELINE,MATCON-000147,WO-0013,MESOP-00073,10,P-COMP-002,ISSUE,4,EA,LOT-P-COMP-002-A,LOT-WO-0013-OUT,true,2026-08-04T07:10:00-06:00,
TEN-COOLIT-SYN-001,SITE-COOLIT-SYN-01,MES,MATERIAL_CONSUMPTION,MATCON-000148,MATCON-000148,RESOLVED,2026-08-04T07:10:00-06:00,2026-09-26T08:00:00-06:00,2026-06-29T00:00:00-06:00,,1,,false,ACTIVE,EA,,VALID,CURRENT,coolit-synthetic-v2.0.0,ALL_SYNTHETIC_CUSTOMERS,ALL_SYNTHETIC_PROGRAMS,CFG-CPL-02,SYNTHETIC_INTERNAL,SNP-COOLIT-20260925-BL,SCN-BASELINE,MATCON-000148,WO-0013,MESOP-00073,10,P-COMP-009,ISSUE,5,EA,LOT-P-COMP-009-A,LOT-WO-0013-OUT,true,2026-08-04T07:10:00-06:00,
TEN-COOLIT-SYN-001,SITE-COOLIT-SYN-01,MES,MATERIAL_CONSUMPTION,MATCON-000149,MATCON-000149,RESOLVED,2026-08-04T07:10:00-06:00,2026-09-26T08:00:00-06:00,2026-06-29T00:00:00-06:00,,1,,false,ACTIVE,EA,,VALID,CURRENT,coolit-synthetic-v2.0.0,ALL_SYNTHETIC_CUSTOMERS,ALL_SYNTHETIC_PROGRAMS,CFG-CPL-02,SYNTHETIC_INTERNAL,SNP-COOLIT-20260925-BL,SCN-BASELINE,MATCON-000149,WO-0013,MESOP-00073,10,P-COMP-016,ISSUE,6,EA,LOT-P-COMP-016-A,LOT-WO-0013-OUT,true,2026-08-04T07:10:00-06:00,
TEN-COOLIT-SYN-001,SITE-COOLIT-SYN-01,MES,MATERIAL_CONSUMPTION,MATCON-000150,MATCON-000150,RESOLVED,2026-08-04T07:10:00-06:00,2026-09-26T08:00:00-06:00,2026-06-29T00:00:00-06:00,,1,,false,ACTIVE,EA,,VALID,CURRENT,coolit-synthetic-v2.0.0,ALL_SYNTHETIC_CUSTOMERS,ALL_SYNTHETIC_PROGRAMS,CFG-CPL-02,SYNTHETIC_INTERNAL,SNP-COOLIT-20260925-BL,SCN-BASELINE,MATCON-000150,WO-0013,MESOP-00073,20,P-COMP-023,ISSUE,2,EA,LOT-P-COMP-023-A,LOT-WO-0013-OUT,true,2026-08-04T07:10:00-06:00,
TEN-COOLIT-SYN-001,SITE-COOLIT-SYN-01,MES,MATERIAL_CONSUMPTION,MATCON-000151,MATCON-000151,RESOLVED,2026-08-04T07:10:00-06:00,2026-09-26T08:00:00-06:00,2026-06-29T00:00:00-06:00,,1,,false,ACTIVE,EA,,VALID,CURRENT,coolit-synthetic-v2.0.0,ALL_SYNTHETIC_CUSTOMERS,ALL_SYNTHETIC_PROGRAMS,CFG-CPL-02,SYNTHETIC_INTERNAL,SNP-COOLIT-20260925-BL,SCN-BASELINE,MATCON-000151,WO-0013,MESOP-00073,20,P-COMP-030,ISSUE,3,EA,LOT-P-COMP-030-A,LOT-WO-0013-OUT,true,2026-08-04T07:10:00-06:00,
TEN-COOLIT-SYN-001,SITE-COOLIT-SYN-01,MES,MATERIAL_CONSUMPTION,MATCON-000152,MATCON-000152,RESOLVED,2026-08-04T07:10:00-06:00,2026-09-26T08:00:00-06:00,2026-06-29T00:00:00-06:00,,1,,false,ACTIVE,EA,,VALID,CURRENT,coolit-synthetic-v2.0.0,ALL_SYNTHETIC_CUSTOMERS,ALL_SYNTHETIC_PROGRAMS,CFG-CPL-02,SYNTHETIC_INTERNAL,SNP-COOLIT-20260925-BL,SCN-BASELINE,MATCON-000152,WO-0013,MESOP-00073,20,P-COMP-037,ISSUE,4,EA,LOT-P-COMP-037-A,LOT-WO-0013-OUT,false,2026-08-04T07:10:00-06:00,
TEN-COOLIT-SYN-001,SITE-COOLIT-SYN-01,MES,MATERIAL_CONSUMPTION,MATCON-000153,MATCON-000153,RESOLVED,2026-08-04T07:10:00-06:00,2026-09-26T08:00:00-06:00,2026-06-29T00:00:00-06:00,,1,,false,ACTIVE,EA,,VALID,CURRENT,coolit-synthetic-v2.0.0,ALL_SYNTHETIC_CUSTOMERS,ALL_SYNTHETIC_PROGRAMS,CFG-CPL-02,SYNTHETIC_INTERNAL,SNP-COOLIT-20260925-BL,SCN-BASELINE,MATCON-000153,WO-0013,MESOP-00073,20,P-COMP-044,ISSUE,5,EA,LOT-P-COMP-044-A,LOT-WO-0013-OUT,false,2026-08-04T07:10:00-06:00,
TEN-COOLIT-SYN-001,SITE-COOLIT-SYN-01,MES,MATERIAL_CONSUMPTION,MATCON-000154,MATCON-000154,RESOLVED,2026-08-04T07:10:00-06:00,2026-09-26T08:00:00-06:00,2026-06-29T00:00:00-06:00,,1,,false,ACTIVE,EA,,VALID,CURRENT,coolit-synthetic-v2.0.0,ALL_SYNTHETIC_CUSTOMERS,ALL_SYNTHETIC_PROGRAMS,CFG-CPL-02,SYNTHETIC_INTERNAL,SNP-COOLIT-20260925-BL,SCN-BASELINE,MATCON-000154,WO-0013,MESOP-00073,20,P-COMP-051,ISSUE,6,EA,LOT-P-COMP-051-A,LOT-WO-0013-OUT,false,2026-08-04T07:10:00-06:00,
TEN-COOLIT-SYN-001,SITE-COOLIT-SYN-01,MES,MATERIAL_CONSUMPTION,MATCON-000155,MATCON-000155,RESOLVED,2026-08-04T07:10:00-06:00,2026-09-26T08:00:00-06:00,2026-06-29T00:00:00-06:00,,1,,false,ACTIVE,EA,,VALID,CURRENT,coolit-synthetic-v2.0.0,ALL_SYNTHETIC_CUSTOMERS,ALL_SYNTHETIC_PROGRAMS,CFG-CPL-02,SYNTHETIC_INTERNAL,SNP-COOLIT-20260925-BL,SCN-BASELINE,MATCON-000155,WO-0013,MESOP-00073,30,P-COMP-058,ISSUE,2,EA,LOT-P-COMP-058-A,LOT-WO-0013-OUT,false,2026-08-04T07:10:00-06:00,
TEN-COOLIT-SYN-001,SITE-COOLIT-SYN-01,MES,MATERIAL_CONSUMPTION,MATCON-000156,MATCON-000156,RESOLVED,2026-08-04T07:10:00-06:00,2026-09-26T08:00:00-06:00,2026-06-29T00:00:00-06:00,,1,,false,ACTIVE,EA,,VALID,CURRENT,coolit-synthetic-v2.0.0,ALL_SYNTHETIC_CUSTOMERS,ALL_SYNTHETIC_PROGRAMS,CFG-CPL-02,SYNTHETIC_INTERNAL,SNP-COOLIT-20260925-BL,SCN-BASELINE,MATCON-000156,WO-0013,MESOP-00073,30,P-COMP-065,ISSUE,3,EA,LOT-P-COMP-065-A,LOT-WO-0013-OUT,false,2026-08-04T07:10:00-06:00,
TEN-COOLIT-SYN-001,SITE-COOLIT-SYN-01,MES,MATERIAL_CONSUMPTION,MATCON-000157,MATCON-000157,RESOLVED,2026-08-07T07:10:00-06:00,2026-09-26T08:00:00-06:00,2026-06-29T00:00:00-06:00,,1,,false,ACTIVE,EA,,VALID,CURRENT,coolit-synthetic-v2.0.0,ALL_SYNTHETIC_CUSTOMERS,ALL_SYNTHETIC_PROGRAMS,CFG-CDU-01,SYNTHETIC_INTERNAL,SNP-COOLIT-20260925-BL,SCN-BASELINE,MATCON-000157,WO-0014,MESOP-00079,10,P-COMP-107,ISSUE,2,EA,LOT-P-COMP-107-A,LOT-WO-0014-OUT,true,2026-08-07T07:10:00-06:00,
TEN-COOLIT-SYN-001,SITE-COOLIT-SYN-01,MES,MATERIAL_CONSUMPTION,MATCON-000158,MATCON-000158,RESOLVED,2026-08-07T07:10:00-06:00,2026-09-26T08:00:00-06:00,2026-06-29T00:00:00-06:00,,1,,false,ACTIVE,EA,,VALID,CURRENT,coolit-synthetic-v2.0.0,ALL_SYNTHETIC_CUSTOMERS,ALL_SYNTHETIC_PROGRAMS,CFG-CDU-01,SYNTHETIC_INTERNAL,SNP-COOLIT-20260925-BL,SCN-BASELINE,MATCON-000158,WO-0014,MESOP-00079,10,P-COMP-114,ISSUE,3,EA,LOT-P-COMP-114-A,LOT-WO-0014-OUT,true,2026-08-07T07:10:00-06:00,
TEN-COOLIT-SYN-001,SITE-COOLIT-SYN-01,MES,MATERIAL_CONSUMPTION,MATCON-000159,MATCON-000159,RESOLVED,2026-08-07T07:10:00-06:00,2026-09-26T08:00:00-06:00,2026-06-29T00:00:00-06:00,,1,,false,ACTIVE,EA,,VALID,CURRENT,coolit-synthetic-v2.0.0,ALL_SYNTHETIC_CUSTOMERS,ALL_SYNTHETIC_PROGRAMS,CFG-CDU-01,SYNTHETIC_INTERNAL,SNP-COOLIT-20260925-BL,SCN-BASELINE,MATCON-000159,WO-0014,MESOP-00079,10,P-COMP-121,ISSUE,4,EA,LOT-P-COMP-121-A,LOT-WO-0014-OUT,true,2026-08-07T07:10:00-06:00,
TEN-COOLIT-SYN-001,SITE-COOLIT-SYN-01,MES,MATERIAL_CONSUMPTION,MATCON-000160,MATCON-000160,RESOLVED,2026-08-07T07:10:00-06:00,2026-09-26T08:00:00-06:00,2026-06-29T00:00:00-06:00,,1,,false,ACTIVE,EA,,VALID,CURRENT,coolit-synthetic-v2.0.0,ALL_SYNTHETIC_CUSTOMERS,ALL_SYNTHETIC_PROGRAMS,CFG-CDU-01,SYNTHETIC_INTERNAL,SNP-COOLIT-20260925-BL,SCN-BASELINE,MATCON-000160,WO-0014,MESOP-00079,10,P-COMP-128,ISSUE,5,EA,LOT-P-COMP-128-A,LOT-WO-0014-OUT,true,2026-08-07T07:10:00-06:00,
TEN-COOLIT-SYN-001,SITE-COOLIT-SYN-01,MES,MATERIAL_CONSUMPTION,MATCON-000161,MATCON-000161,RESOLVED,2026-08-07T07:10:00-06:00,2026-09-26T08:00:00-06:00,2026-06-29T00:00:00-06:00,,1,,false,ACTIVE,EA,,VALID,CURRENT,coolit-synthetic-v2.0.0,ALL_SYNTHETIC_CUSTOMERS,ALL_SYNTHETIC_PROGRAMS,CFG-CDU-01,SYNTHETIC_INTERNAL,SNP-COOLIT-20260925-BL,SCN-BASELINE,MATCON-000161,WO-0014,MESOP-00079,10,P-COMP-135,ISSUE,6,EA,LOT-P-COMP-135-A,LOT-WO-0014-OUT,true,2026-08-07T07:10:00-06:00,
TEN-COOLIT-SYN-001,SITE-COOLIT-SYN-01,MES,MATERIAL_CONSUMPTION,MATCON-000162,MATCON-000162,RESOLVED,2026-08-07T07:10:00-06:00,2026-09-26T08:00:00-06:00,2026-06-29T00:00:00-06:00,,1,,false,ACTIVE,EA,,VALID,CURRENT,coolit-synthetic-v2.0.0,ALL_SYNTHETIC_CUSTOMERS,ALL_SYNTHETIC_PROGRAMS,CFG-CDU-01,SYNTHETIC_INTERNAL,SNP-COOLIT-20260925-BL,SCN-BASELINE,MATCON-000162,WO-0014,MESOP-00079,20,P-COMP-142,ISSUE,2,EA,LOT-P-COMP-142-A,LOT-WO-0014-OUT,true,2026-08-07T07:10:00-06:00,
TEN-COOLIT-SYN-001,SITE-COOLIT-SYN-01,MES,MATERIAL_CONSUMPTION,MATCON-000163,MATCON-000163,RESOLVED,2026-08-07T07:10:00-06:00,2026-09-26T08:00:00-06:00,2026-06-29T00:00:00-06:00,,1,,false,ACTIVE,EA,,VALID,CURRENT,coolit-synthetic-v2.0.0,ALL_SYNTHETIC_CUSTOMERS,ALL_SYNTHETIC_PROGRAMS,CFG-CDU-01,SYNTHETIC_INTERNAL,SNP-COOLIT-20260925-BL,SCN-BASELINE,MATCON-000163,WO-0014,MESOP-00079,20,P-COMP-149,ISSUE,3,EA,LOT-P-COMP-149-A,LOT-WO-0014-OUT,true,2026-08-07T07:10:00-06:00,
TEN-COOLIT-SYN-001,SITE-COOLIT-SYN-01,MES,MATERIAL_CONSUMPTION,MATCON-000164,MATCON-000164,RESOLVED,2026-08-07T07:10:00-06:00,2026-09-26T08:00:00-06:00,2026-06-29T00:00:00-06:00,,1,,false,ACTIVE,EA,,VALID,CURRENT,coolit-synthetic-v2.0.0,ALL_SYNTHETIC_CUSTOMERS,ALL_SYNTHETIC_PROGRAMS,CFG-CDU-01,SYNTHETIC_INTERNAL,SNP-COOLIT-20260925-BL,SCN-BASELINE,MATCON-000164,WO-0014,MESOP-00079,20,P-COMP-156,ISSUE,4,EA,LOT-P-COMP-156-A,LOT-WO-0014-OUT,false,2026-08-07T07:10:00-06:00,
TEN-COOLIT-SYN-001,SITE-COOLIT-SYN-01,MES,MATERIAL_CONSUMPTION,MATCON-000165,MATCON-000165,RESOLVED,2026-08-07T07:10:00-06:00,2026-09-26T08:00:00-06:00,2026-06-29T00:00:00-06:00,,1,,false,ACTIVE,EA,,VALID,CURRENT,coolit-synthetic-v2.0.0,ALL_SYNTHETIC_CUSTOMERS,ALL_SYNTHETIC_PROGRAMS,CFG-CDU-01,SYNTHETIC_INTERNAL,SNP-COOLIT-20260925-BL,SCN-BASELINE,MATCON-000165,WO-0014,MESOP-00079,20,P-COMP-163,ISSUE,5,EA,LOT-P-COMP-163-A,LOT-WO-0014-OUT,false,2026-08-07T07:10:00-06:00,
TEN-COOLIT-SYN-001,SITE-COOLIT-SYN-01,MES,MATERIAL_CONSUMPTION,MATCON-000166,MATCON-000166,RESOLVED,2026-08-07T07:10:00-06:00,2026-09-26T08:00:00-06:00,2026-06-29T00:00:00-06:00,,1,,false,ACTIVE,EA,,VALID,CURRENT,coolit-synthetic-v2.0.0,ALL_SYNTHETIC_CUSTOMERS,ALL_SYNTHETIC_PROGRAMS,CFG-CDU-01,SYNTHETIC_INTERNAL,SNP-COOLIT-20260925-BL,SCN-BASELINE,MATCON-000166,WO-0014,MESOP-00079,20,P-COMP-170,ISSUE,6,EA,LOT-P-COMP-170-A,LOT-WO-0014-OUT,false,2026-08-07T07:10:00-06:00,
TEN-COOLIT-SYN-001,SITE-COOLIT-SYN-01,MES,MATERIAL_CONSUMPTION,MATCON-000167,MATCON-000167,RESOLVED,2026-08-07T07:10:00-06:00,2026-09-26T08:00:00-06:00,2026-06-29T00:00:00-06:00,,1,,false,ACTIVE,EA,,VALID,CURRENT,coolit-synthetic-v2.0.0,ALL_SYNTHETIC_CUSTOMERS,ALL_SYNTHETIC_PROGRAMS,CFG-CDU-01,SYNTHETIC_INTERNAL,SNP-COOLIT-20260925-BL,SCN-BASELINE,MATCON-000167,WO-0014,MESOP-00079,30,P-COMP-177,ISSUE,2,EA,LOT-P-COMP-177-A,LOT-WO-0014-OUT,false,2026-08-07T07:10:00-06:00,
TEN-COOLIT-SYN-001,SITE-COOLIT-SYN-01,MES,MATERIAL_CONSUMPTION,MATCON-000168,MATCON-000168,RESOLVED,2026-08-07T07:10:00-06:00,2026-09-26T08:00:00-06:00,2026-06-29T00:00:00-06:00,,1,,false,ACTIVE,EA,,VALID,CURRENT,coolit-synthetic-v2.0.0,ALL_SYNTHETIC_CUSTOMERS,ALL_SYNTHETIC_PROGRAMS,CFG-CDU-01,SYNTHETIC_INTERNAL,SNP-COOLIT-20260925-BL,SCN-BASELINE,MATCON-000168,WO-0014,MESOP-00079,30,P-COMP-184,ISSUE,3,EA,LOT-P-COMP-184-A,LOT-WO-0014-OUT,false,2026-08-07T07:10:00-06:00,
TEN-COOLIT-SYN-001,SITE-COOLIT-SYN-01,MES,MATERIAL_CONSUMPTION,MATCON-000169,MATCON-000169,RESOLVED,2026-08-10T07:10:00-06:00,2026-09-26T08:00:00-06:00,2026-06-29T00:00:00-06:00,,1,,false,ACTIVE,EA,,VALID,CURRENT,coolit-synthetic-v2.0.0,ALL_SYNTHETIC_CUSTOMERS,ALL_SYNTHETIC_PROGRAMS,CFG-CPL-04,SYNTHETIC_INTERNAL,SNP-COOLIT-20260925-BL,SCN-BASELINE,MATCON-000169,WO-0015,MESOP-00085,10,P-COMP-022,ISSUE,2,EA,LOT-P-COMP-022-A,LOT-WO-0015-OUT,true,2026-08-10T07:10:00-06:00,
TEN-COOLIT-SYN-001,SITE-COOLIT-SYN-01,MES,MATERIAL_CONSUMPTION,MATCON-000170,MATCON-000170,RESOLVED,2026-08-10T07:10:00-06:00,2026-09-26T08:00:00-06:00,2026-06-29T00:00:00-06:00,,1,,false,ACTIVE,EA,,VALID,CURRENT,coolit-synthetic-v2.0.0,ALL_SYNTHETIC_CUSTOMERS,ALL_SYNTHETIC_PROGRAMS,CFG-CPL-04,SYNTHETIC_INTERNAL,SNP-COOLIT-20260925-BL,SCN-BASELINE,MATCON-000170,WO-0015,MESOP-00085,10,P-COMP-029,ISSUE,3,EA,LOT-P-COMP-029-A,LOT-WO-0015-OUT,true,2026-08-10T07:10:00-06:00,
TEN-COOLIT-SYN-001,SITE-COOLIT-SYN-01,MES,MATERIAL_CONSUMPTION,MATCON-000171,MATCON-000171,RESOLVED,2026-08-10T07:10:00-06:00,2026-09-26T08:00:00-06:00,2026-06-29T00:00:00-06:00,,1,,false,ACTIVE,EA,,VALID,CURRENT,coolit-synthetic-v2.0.0,ALL_SYNTHETIC_CUSTOMERS,ALL_SYNTHETIC_PROGRAMS,CFG-CPL-04,SYNTHETIC_INTERNAL,SNP-COOLIT-20260925-BL,SCN-BASELINE,MATCON-000171,WO-0015,MESOP-00085,10,P-COMP-036,ISSUE,4,EA,LOT-P-COMP-036-A,LOT-WO-0015-OUT,true,2026-08-10T07:10:00-06:00,
TEN-COOLIT-SYN-001,SITE-COOLIT-SYN-01,MES,MATERIAL_CONSUMPTION,MATCON-000172,MATCON-000172,RESOLVED,2026-08-10T07:10:00-06:00,2026-09-26T08:00:00-06:00,2026-06-29T00:00:00-06:00,,1,,false,ACTIVE,EA,,VALID,CURRENT,coolit-synthetic-v2.0.0,ALL_SYNTHETIC_CUSTOMERS,ALL_SYNTHETIC_PROGRAMS,CFG-CPL-04,SYNTHETIC_INTERNAL,SNP-COOLIT-20260925-BL,SCN-BASELINE,MATCON-000172,WO-0015,MESOP-00085,10,P-COMP-043,ISSUE,5,EA,LOT-P-COMP-043-A,LOT-WO-0015-OUT,true,2026-08-10T07:10:00-06:00,
TEN-COOLIT-SYN-001,SITE-COOLIT-SYN-01,MES,MATERIAL_CONSUMPTION,MATCON-000173,MATCON-000173,RESOLVED,2026-08-10T07:10:00-06:00,2026-09-26T08:00:00-06:00,2026-06-29T00:00:00-06:00,,1,,false,ACTIVE,EA,,VALID,CURRENT,coolit-synthetic-v2.0.0,ALL_SYNTHETIC_CUSTOMERS,ALL_SYNTHETIC_PROGRAMS,CFG-CPL-04,SYNTHETIC_INTERNAL,SNP-COOLIT-20260925-BL,SCN-BASELINE,MATCON-000173,WO-0015,MESOP-00085,10,P-COMP-050,ISSUE,6,EA,LOT-P-COMP-050-A,LOT-WO-0015-OUT,true,2026-08-10T07:10:00-06:00,
TEN-COOLIT-SYN-001,SITE-COOLIT-SYN-01,MES,MATERIAL_CONSUMPTION,MATCON-000174,MATCON-000174,RESOLVED,2026-08-10T07:10:00-06:00,2026-09-26T08:00:00-06:00,2026-06-29T00:00:00-06:00,,1,,false,ACTIVE,EA,,VALID,CURRENT,coolit-synthetic-v2.0.0,ALL_SYNTHETIC_CUSTOMERS,ALL_SYNTHETIC_PROGRAMS,CFG-CPL-04,SYNTHETIC_INTERNAL,SNP-COOLIT-20260925-BL,SCN-BASELINE,MATCON-000174,WO-0015,MESOP-00085,20,P-COMP-057,ISSUE,2,EA,LOT-P-COMP-057-A,LOT-WO-0015-OUT,true,2026-08-10T07:10:00-06:00,
TEN-COOLIT-SYN-001,SITE-COOLIT-SYN-01,MES,MATERIAL_CONSUMPTION,MATCON-000175,MATCON-000175,RESOLVED,2026-08-10T07:10:00-06:00,2026-09-26T08:00:00-06:00,2026-06-29T00:00:00-06:00,,1,,false,ACTIVE,EA,,VALID,CURRENT,coolit-synthetic-v2.0.0,ALL_SYNTHETIC_CUSTOMERS,ALL_SYNTHETIC_PROGRAMS,CFG-CPL-04,SYNTHETIC_INTERNAL,SNP-COOLIT-20260925-BL,SCN-BASELINE,MATCON-000175,WO-0015,MESOP-00085,20,P-COMP-064,ISSUE,3,EA,LOT-P-COMP-064-A,LOT-WO-0015-OUT,true,2026-08-10T07:10:00-06:00,
TEN-COOLIT-SYN-001,SITE-COOLIT-SYN-01,MES,MATERIAL_CONSUMPTION,MATCON-000176,MATCON-000176,RESOLVED,2026-08-10T07:10:00-06:00,2026-09-26T08:00:00-06:00,2026-06-29T00:00:00-06:00,,1,,false,ACTIVE,EA,,VALID,CURRENT,coolit-synthetic-v2.0.0,ALL_SYNTHETIC_CUSTOMERS,ALL_SYNTHETIC_PROGRAMS,CFG-CPL-04,SYNTHETIC_INTERNAL,SNP-COOLIT-20260925-BL,SCN-BASELINE,MATCON-000176,WO-0015,MESOP-00085,20,P-COMP-071,ISSUE,4,EA,LOT-P-COMP-071-A,LOT-WO-0015-OUT,false,2026-08-10T07:10:00-06:00,
TEN-COOLIT-SYN-001,SITE-COOLIT-SYN-01,MES,MATERIAL_CONSUMPTION,MATCON-000177,MATCON-000177,RESOLVED,2026-08-10T07:10:00-06:00,2026-09-26T08:00:00-06:00,2026-06-29T00:00:00-06:00,,1,,false,ACTIVE,EA,,VALID,CURRENT,coolit-synthetic-v2.0.0,ALL_SYNTHETIC_CUSTOMERS,ALL_SYNTHETIC_PROGRAMS,CFG-CPL-04,SYNTHETIC_INTERNAL,SNP-COOLIT-20260925-BL,SCN-BASELINE,MATCON-000177,WO-0015,MESOP-00085,20,P-COMP-078,ISSUE,5,EA,LOT-P-COMP-078-A,LOT-WO-0015-OUT,false,2026-08-10T07:10:00-06:00,
TEN-COOLIT-SYN-001,SITE-COOLIT-SYN-01,MES,MATERIAL_CONSUMPTION,MATCON-000178,MATCON-000178,RESOLVED,2026-08-10T07:10:00-06:00,2026-09-26T08:00:00-06:00,2026-06-29T00:00:00-06:00,,1,,false,ACTIVE,EA,,VALID,CURRENT,coolit-synthetic-v2.0.0,ALL_SYNTHETIC_CUSTOMERS,ALL_SYNTHETIC_PROGRAMS,CFG-CPL-04,SYNTHETIC_INTERNAL,SNP-COOLIT-20260925-BL,SCN-BASELINE,MATCON-000178,WO-0015,MESOP-00085,20,P-COMP-085,ISSUE,6,EA,LOT-P-COMP-085-A,LOT-WO-0015-OUT,false,2026-08-10T07:10:00-06:00,
TEN-COOLIT-SYN-001,SITE-COOLIT-SYN-01,MES,MATERIAL_CONSUMPTION,MATCON-000179,MATCON-000179,RESOLVED,2026-08-10T07:10:00-06:00,2026-09-26T08:00:00-06:00,2026-06-29T00:00:00-06:00,,1,,false,ACTIVE,EA,,VALID,CURRENT,coolit-synthetic-v2.0.0,ALL_SYNTHETIC_CUSTOMERS,ALL_SYNTHETIC_PROGRAMS,CFG-CPL-04,SYNTHETIC_INTERNAL,SNP-COOLIT-20260925-BL,SCN-BASELINE,MATCON-000179,WO-0015,MESOP-00085,30,P-COMP-092,ISSUE,2,EA,LOT-P-COMP-092-A,LOT-WO-0015-OUT,false,2026-08-10T07:10:00-06:00,
TEN-COOLIT-SYN-001,SITE-COOLIT-SYN-01,MES,MATERIAL_CONSUMPTION,MATCON-000180,MATCON-000180,RESOLVED,2026-08-10T07:10:00-06:00,2026-09-26T08:00:00-06:00,2026-06-29T00:00:00-06:00,,1,,false,ACTIVE,EA,,VALID,CURRENT,coolit-synthetic-v2.0.0,ALL_SYNTHETIC_CUSTOMERS,ALL_SYNTHETIC_PROGRAMS,CFG-CPL-04,SYNTHETIC_INTERNAL,SNP-COOLIT-20260925-BL,SCN-BASELINE,MATCON-000180,WO-0015,MESOP-00085,30,P-COMP-099,ISSUE,3,EA,LOT-P-COMP-099-A,LOT-WO-0015-OUT,false,2026-08-10T07:10:00-06:00,
TEN-COOLIT-SYN-001,SITE-COOLIT-SYN-01,MES,MATERIAL_CONSUMPTION,MATCON-000181,MATCON-000181,RESOLVED,2026-08-13T07:10:00-06:00,2026-09-26T08:00:00-06:00,2026-06-29T00:00:00-06:00,,1,,false,ACTIVE,EA,,VALID,CURRENT,coolit-synthetic-v2.0.0,ALL_SYNTHETIC_CUSTOMERS,ALL_SYNTHETIC_PROGRAMS,CFG-CDU-03,SYNTHETIC_INTERNAL,SNP-COOLIT-20260925-BL,SCN-BASELINE,MATCON-000181,WO-0016,MESOP-00091,10,P-COMP-141,ISSUE,2,EA,LOT-P-COMP-141-A,LOT-WO-0016-OUT,true,2026-08-13T07:10:00-06:00,
TEN-COOLIT-SYN-001,SITE-COOLIT-SYN-01,MES,MATERIAL_CONSUMPTION,MATCON-000182,MATCON-000182,RESOLVED,2026-08-13T07:10:00-06:00,2026-09-26T08:00:00-06:00,2026-06-29T00:00:00-06:00,,1,,false,ACTIVE,EA,,VALID,CURRENT,coolit-synthetic-v2.0.0,ALL_SYNTHETIC_CUSTOMERS,ALL_SYNTHETIC_PROGRAMS,CFG-CDU-03,SYNTHETIC_INTERNAL,SNP-COOLIT-20260925-BL,SCN-BASELINE,MATCON-000182,WO-0016,MESOP-00091,10,P-COMP-148,ISSUE,3,EA,LOT-P-COMP-148-A,LOT-WO-0016-OUT,true,2026-08-13T07:10:00-06:00,
TEN-COOLIT-SYN-001,SITE-COOLIT-SYN-01,MES,MATERIAL_CONSUMPTION,MATCON-000183,MATCON-000183,RESOLVED,2026-08-13T07:10:00-06:00,2026-09-26T08:00:00-06:00,2026-06-29T00:00:00-06:00,,1,,false,ACTIVE,EA,,VALID,CURRENT,coolit-synthetic-v2.0.0,ALL_SYNTHETIC_CUSTOMERS,ALL_SYNTHETIC_PROGRAMS,CFG-CDU-03,SYNTHETIC_INTERNAL,SNP-COOLIT-20260925-BL,SCN-BASELINE,MATCON-000183,WO-0016,MESOP-00091,10,P-COMP-155,ISSUE,4,EA,LOT-P-COMP-155-A,LOT-WO-0016-OUT,true,2026-08-13T07:10:00-06:00,
TEN-COOLIT-SYN-001,SITE-COOLIT-SYN-01,MES,MATERIAL_CONSUMPTION,MATCON-000184,MATCON-000184,RESOLVED,2026-08-13T07:10:00-06:00,2026-09-26T08:00:00-06:00,2026-06-29T00:00:00-06:00,,1,,false,ACTIVE,EA,,VALID,CURRENT,coolit-synthetic-v2.0.0,ALL_SYNTHETIC_CUSTOMERS,ALL_SYNTHETIC_PROGRAMS,CFG-CDU-03,SYNTHETIC_INTERNAL,SNP-COOLIT-20260925-BL,SCN-BASELINE,MATCON-000184,WO-0016,MESOP-00091,10,P-COMP-162,ISSUE,5,EA,LOT-P-COMP-162-A,LOT-WO-0016-OUT,true,2026-08-13T07:10:00-06:00,
TEN-COOLIT-SYN-001,SITE-COOLIT-SYN-01,MES,MATERIAL_CONSUMPTION,MATCON-000185,MATCON-000185,RESOLVED,2026-08-13T07:10:00-06:00,2026-09-26T08:00:00-06:00,2026-06-29T00:00:00-06:00,,1,,false,ACTIVE,EA,,VALID,CURRENT,coolit-synthetic-v2.0.0,ALL_SYNTHETIC_CUSTOMERS,ALL_SYNTHETIC_PROGRAMS,CFG-CDU-03,SYNTHETIC_INTERNAL,SNP-COOLIT-20260925-BL,SCN-BASELINE,MATCON-000185,WO-0016,MESOP-00091,10,P-COMP-169,ISSUE,6,EA,LOT-P-COMP-169-A,LOT-WO-0016-OUT,true,2026-08-13T07:10:00-06:00,
TEN-COOLIT-SYN-001,SITE-COOLIT-SYN-01,MES,MATERIAL_CONSUMPTION,MATCON-000186,MATCON-000186,RESOLVED,2026-08-13T07:10:00-06:00,2026-09-26T08:00:00-06:00,2026-06-29T00:00:00-06:00,,1,,false,ACTIVE,EA,,VALID,CURRENT,coolit-synthetic-v2.0.0,ALL_SYNTHETIC_CUSTOMERS,ALL_SYNTHETIC_PROGRAMS,CFG-CDU-03,SYNTHETIC_INTERNAL,SNP-COOLIT-20260925-BL,SCN-BASELINE,MATCON-000186,WO-0016,MESOP-00091,20,P-COMP-176,ISSUE,2,EA,LOT-P-COMP-176-A,LOT-WO-0016-OUT,true,2026-08-13T07:10:00-06:00,
TEN-COOLIT-SYN-001,SITE-COOLIT-SYN-01,MES,MATERIAL_CONSUMPTION,MATCON-000187,MATCON-000187,RESOLVED,2026-08-13T07:10:00-06:00,2026-09-26T08:00:00-06:00,2026-06-29T00:00:00-06:00,,1,,false,ACTIVE,EA,,VALID,CURRENT,coolit-synthetic-v2.0.0,ALL_SYNTHETIC_CUSTOMERS,ALL_SYNTHETIC_PROGRAMS,CFG-CDU-03,SYNTHETIC_INTERNAL,SNP-COOLIT-20260925-BL,SCN-BASELINE,MATCON-000187,WO-0016,MESOP-00091,20,P-COMP-183,ISSUE,3,EA,LOT-P-COMP-183-A,LOT-WO-0016-OUT,true,2026-08-13T07:10:00-06:00,
TEN-COOLIT-SYN-001,SITE-COOLIT-SYN-01,MES,MATERIAL_CONSUMPTION,MATCON-000188,MATCON-000188,RESOLVED,2026-08-13T07:10:00-06:00,2026-09-26T08:00:00-06:00,2026-06-29T00:00:00-06:00,,1,,false,ACTIVE,EA,,VALID,CURRENT,coolit-synthetic-v2.0.0,ALL_SYNTHETIC_CUSTOMERS,ALL_SYNTHETIC_PROGRAMS,CFG-CDU-03,SYNTHETIC_INTERNAL,SNP-COOLIT-20260925-BL,SCN-BASELINE,MATCON-000188,WO-0016,MESOP-00091,20,P-COMP-190,ISSUE,4,EA,LOT-P-COMP-190-A,LOT-WO-0016-OUT,false,2026-08-13T07:10:00-06:00,
TEN-COOLIT-SYN-001,SITE-COOLIT-SYN-01,MES,MATERIAL_CONSUMPTION,MATCON-000189,MATCON-000189,RESOLVED,2026-08-13T07:10:00-06:00,2026-09-26T08:00:00-06:00,2026-06-29T00:00:00-06:00,,1,,false,ACTIVE,EA,,VALID,CURRENT,coolit-synthetic-v2.0.0,ALL_SYNTHETIC_CUSTOMERS,ALL_SYNTHETIC_PROGRAMS,CFG-CDU-03,SYNTHETIC_INTERNAL,SNP-COOLIT-20260925-BL,SCN-BASELINE,MATCON-000189,WO-0016,MESOP-00091,20,P-COMP-197,ISSUE,5,EA,LOT-P-COMP-197-A,LOT-WO-0016-OUT,false,2026-08-13T07:10:00-06:00,
TEN-COOLIT-SYN-001,SITE-COOLIT-SYN-01,MES,MATERIAL_CONSUMPTION,MATCON-000190,MATCON-000190,RESOLVED,2026-08-13T07:10:00-06:00,2026-09-26T08:00:00-06:00,2026-06-29T00:00:00-06:00,,1,,false,ACTIVE,EA,,VALID,CURRENT,coolit-synthetic-v2.0.0,ALL_SYNTHETIC_CUSTOMERS,ALL_SYNTHETIC_PROGRAMS,CFG-CDU-03,SYNTHETIC_INTERNAL,SNP-COOLIT-20260925-BL,SCN-BASELINE,MATCON-000190,WO-0016,MESOP-00091,20,P-COMP-204,ISSUE,6,EA,LOT-P-COMP-204-A,LOT-WO-0016-OUT,false,2026-08-13T07:10:00-06:00,
TEN-COOLIT-SYN-001,SITE-COOLIT-SYN-01,MES,MATERIAL_CONSUMPTION,MATCON-000191,MATCON-000191,RESOLVED,2026-08-13T07:10:00-06:00,2026-09-26T08:00:00-06:00,2026-06-29T00:00:00-06:00,,1,,false,ACTIVE,EA,,VALID,CURRENT,coolit-synthetic-v2.0.0,ALL_SYNTHETIC_CUSTOMERS,ALL_SYNTHETIC_PROGRAMS,CFG-CDU-03,SYNTHETIC_INTERNAL,SNP-COOLIT-20260925-BL,SCN-BASELINE,MATCON-000191,WO-0016,MESOP-00091,30,P-QD-003,ISSUE,2,EA,LOT-P-QD-003-A,LOT-WO-0016-OUT,false,2026-08-13T07:10:00-06:00,
TEN-COOLIT-SYN-001,SITE-COOLIT-SYN-01,MES,MATERIAL_CONSUMPTION,MATCON-000192,MATCON-000192,RESOLVED,2026-08-13T07:10:00-06:00,2026-09-26T08:00:00-06:00,2026-06-29T00:00:00-06:00,,1,,false,ACTIVE,EA,,VALID,CURRENT,coolit-synthetic-v2.0.0,ALL_SYNTHETIC_CUSTOMERS,ALL_SYNTHETIC_PROGRAMS,CFG-CDU-03,SYNTHETIC_INTERNAL,SNP-COOLIT-20260925-BL,SCN-BASELINE,MATCON-000192,WO-0016,MESOP-00091,30,P-QD-010,ISSUE,3,EA,LOT-P-QD-010-A,LOT-WO-0016-OUT,false,2026-08-13T07:10:00-06:00,
TEN-COOLIT-SYN-001,SITE-COOLIT-SYN-01,MES,MATERIAL_CONSUMPTION,MATCON-000193,MATCON-000193,RESOLVED,2026-08-16T07:10:00-06:00,2026-09-26T08:00:00-06:00,2026-06-29T00:00:00-06:00,,1,,false,ACTIVE,EA,,VALID,CURRENT,coolit-synthetic-v2.0.0,ALL_SYNTHETIC_CUSTOMERS,ALL_SYNTHETIC_PROGRAMS,CFG-RM-02,SYNTHETIC_INTERNAL,SNP-COOLIT-20260925-BL,SCN-BASELINE,MATCON-000193,WO-0017,MESOP-00097,10,P-COMP-056,ISSUE,2,EA,LOT-P-COMP-056-A,LOT-WO-0017-OUT,true,2026-08-16T07:10:00-06:00,
TEN-COOLIT-SYN-001,SITE-COOLIT-SYN-01,MES,MATERIAL_CONSUMPTION,MATCON-000194,MATCON-000194,RESOLVED,2026-08-16T07:10:00-06:00,2026-09-26T08:00:00-06:00,2026-06-29T00:00:00-06:00,,1,,false,ACTIVE,EA,,VALID,CURRENT,coolit-synthetic-v2.0.0,ALL_SYNTHETIC_CUSTOMERS,ALL_SYNTHETIC_PROGRAMS,CFG-RM-02,SYNTHETIC_INTERNAL,SNP-COOLIT-20260925-BL,SCN-BASELINE,MATCON-000194,WO-0017,MESOP-00097,10,P-COMP-063,ISSUE,3,EA,LOT-P-COMP-063-A,LOT-WO-0017-OUT,true,2026-08-16T07:10:00-06:00,
TEN-COOLIT-SYN-001,SITE-COOLIT-SYN-01,MES,MATERIAL_CONSUMPTION,MATCON-000195,MATCON-000195,RESOLVED,2026-08-16T07:10:00-06:00,2026-09-26T08:00:00-06:00,2026-06-29T00:00:00-06:00,,1,,false,ACTIVE,EA,,VALID,CURRENT,coolit-synthetic-v2.0.0,ALL_SYNTHETIC_CUSTOMERS,ALL_SYNTHETIC_PROGRAMS,CFG-RM-02,SYNTHETIC_INTERNAL,SNP-COOLIT-20260925-BL,SCN-BASELINE,MATCON-000195,WO-0017,MESOP-00097,10,P-COMP-070,ISSUE,4,EA,LOT-P-COMP-070-A,LOT-WO-0017-OUT,true,2026-08-16T07:10:00-06:00,
TEN-COOLIT-SYN-001,SITE-COOLIT-SYN-01,MES,MATERIAL_CONSUMPTION,MATCON-000196,MATCON-000196,RESOLVED,2026-08-16T07:10:00-06:00,2026-09-26T08:00:00-06:00,2026-06-29T00:00:00-06:00,,1,,false,ACTIVE,EA,,VALID,CURRENT,coolit-synthetic-v2.0.0,ALL_SYNTHETIC_CUSTOMERS,ALL_SYNTHETIC_PROGRAMS,CFG-RM-02,SYNTHETIC_INTERNAL,SNP-COOLIT-20260925-BL,SCN-BASELINE,MATCON-000196,WO-0017,MESOP-00097,10,P-COMP-077,ISSUE,5,EA,LOT-P-COMP-077-A,LOT-WO-0017-OUT,true,2026-08-16T07:10:00-06:00,
TEN-COOLIT-SYN-001,SITE-COOLIT-SYN-01,MES,MATERIAL_CONSUMPTION,MATCON-000197,MATCON-000197,RESOLVED,2026-08-16T07:10:00-06:00,2026-09-26T08:00:00-06:00,2026-06-29T00:00:00-06:00,,1,,false,ACTIVE,EA,,VALID,CURRENT,coolit-synthetic-v2.0.0,ALL_SYNTHETIC_CUSTOMERS,ALL_SYNTHETIC_PROGRAMS,CFG-RM-02,SYNTHETIC_INTERNAL,SNP-COOLIT-20260925-BL,SCN-BASELINE,MATCON-000197,WO-0017,MESOP-00097,10,P-COMP-084,ISSUE,6,EA,LOT-P-COMP-084-A,LOT-WO-0017-OUT,true,2026-08-16T07:10:00-06:00,
TEN-COOLIT-SYN-001,SITE-COOLIT-SYN-01,MES,MATERIAL_CONSUMPTION,MATCON-000198,MATCON-000198,RESOLVED,2026-08-16T07:10:00-06:00,2026-09-26T08:00:00-06:00,2026-06-29T00:00:00-06:00,,1,,false,ACTIVE,EA,,VALID,CURRENT,coolit-synthetic-v2.0.0,ALL_SYNTHETIC_CUSTOMERS,ALL_SYNTHETIC_PROGRAMS,CFG-RM-02,SYNTHETIC_INTERNAL,SNP-COOLIT-20260925-BL,SCN-BASELINE,MATCON-000198,WO-0017,MESOP-00097,20,P-COMP-091,ISSUE,2,EA,LOT-P-COMP-091-A,LOT-WO-0017-OUT,true,2026-08-16T07:10:00-06:00,
TEN-COOLIT-SYN-001,SITE-COOLIT-SYN-01,MES,MATERIAL_CONSUMPTION,MATCON-000199,MATCON-000199,RESOLVED,2026-08-16T07:10:00-06:00,2026-09-26T08:00:00-06:00,2026-06-29T00:00:00-06:00,,1,,false,ACTIVE,EA,,VALID,CURRENT,coolit-synthetic-v2.0.0,ALL_SYNTHETIC_CUSTOMERS,ALL_SYNTHETIC_PROGRAMS,CFG-RM-02,SYNTHETIC_INTERNAL,SNP-COOLIT-20260925-BL,SCN-BASELINE,MATCON-000199,WO-0017,MESOP-00097,20,P-COMP-098,ISSUE,3,EA,LOT-P-COMP-098-A,LOT-WO-0017-OUT,true,2026-08-16T07:10:00-06:00,
TEN-COOLIT-SYN-001,SITE-COOLIT-SYN-01,MES,MATERIAL_CONSUMPTION,MATCON-000200,MATCON-000200,RESOLVED,2026-08-16T07:10:00-06:00,2026-09-26T08:00:00-06:00,2026-06-29T00:00:00-06:00,,1,,false,ACTIVE,EA,,VALID,CURRENT,coolit-synthetic-v2.0.0,ALL_SYNTHETIC_CUSTOMERS,ALL_SYNTHETIC_PROGRAMS,CFG-RM-02,SYNTHETIC_INTERNAL,SNP-COOLIT-20260925-BL,SCN-BASELINE,MATCON-000200,WO-0017,MESOP-00097,20,P-COMP-105,ISSUE,4,EA,LOT-P-COMP-105-A,LOT-WO-0017-OUT,false,2026-08-16T07:10:00-06:00,
TEN-COOLIT-SYN-001,SITE-COOLIT-SYN-01,MES,MATERIAL_CONSUMPTION,MATCON-000201,MATCON-000201,RESOLVED,2026-08-16T07:10:00-06:00,2026-09-26T08:00:00-06:00,2026-06-29T00:00:00-06:00,,1,,false,ACTIVE,EA,,VALID,CURRENT,coolit-synthetic-v2.0.0,ALL_SYNTHETIC_CUSTOMERS,ALL_SYNTHETIC_PROGRAMS,CFG-RM-02,SYNTHETIC_INTERNAL,SNP-COOLIT-20260925-BL,SCN-BASELINE,MATCON-000201,WO-0017,MESOP-00097,20,P-COMP-112,ISSUE,5,EA,LOT-P-COMP-112-A,LOT-WO-0017-OUT,false,2026-08-16T07:10:00-06:00,
TEN-COOLIT-SYN-001,SITE-COOLIT-SYN-01,MES,MATERIAL_CONSUMPTION,MATCON-000202,MATCON-000202,RESOLVED,2026-08-16T07:10:00-06:00,2026-09-26T08:00:00-06:00,2026-06-29T00:00:00-06:00,,1,,false,ACTIVE,EA,,VALID,CURRENT,coolit-synthetic-v2.0.0,ALL_SYNTHETIC_CUSTOMERS,ALL_SYNTHETIC_PROGRAMS,CFG-RM-02,SYNTHETIC_INTERNAL,SNP-COOLIT-20260925-BL,SCN-BASELINE,MATCON-000202,WO-0017,MESOP-00097,20,P-COMP-119,ISSUE,6,EA,LOT-P-COMP-119-A,LOT-WO-0017-OUT,false,2026-08-16T07:10:00-06:00,
TEN-COOLIT-SYN-001,SITE-COOLIT-SYN-01,MES,MATERIAL_CONSUMPTION,MATCON-000203,MATCON-000203,RESOLVED,2026-08-16T07:10:00-06:00,2026-09-26T08:00:00-06:00,2026-06-29T00:00:00-06:00,,1,,false,ACTIVE,EA,,VALID,CURRENT,coolit-synthetic-v2.0.0,ALL_SYNTHETIC_CUSTOMERS,ALL_SYNTHETIC_PROGRAMS,CFG-RM-02,SYNTHETIC_INTERNAL,SNP-COOLIT-20260925-BL,SCN-BASELINE,MATCON-000203,WO-0017,MESOP-00097,30,P-COMP-126,ISSUE,2,EA,LOT-P-COMP-126-A,LOT-WO-0017-OUT,false,2026-08-16T07:10:00-06:00,
TEN-COOLIT-SYN-001,SITE-COOLIT-SYN-01,MES,MATERIAL_CONSUMPTION,MATCON-000204,MATCON-000204,RESOLVED,2026-08-16T07:10:00-06:00,2026-09-26T08:00:00-06:00,2026-06-29T00:00:00-06:00,,1,,false,ACTIVE,EA,,VALID,CURRENT,coolit-synthetic-v2.0.0,ALL_SYNTHETIC_CUSTOMERS,ALL_SYNTHETIC_PROGRAMS,CFG-RM-02,SYNTHETIC_INTERNAL,SNP-COOLIT-20260925-BL,SCN-BASELINE,MATCON-000204,WO-0017,MESOP-00097,30,P-COMP-133,ISSUE,3,EA,LOT-P-COMP-133-A,LOT-WO-0017-OUT,false,2026-08-16T07:10:00-06:00,
TEN-COOLIT-SYN-001,SITE-COOLIT-SYN-01,MES,MATERIAL_CONSUMPTION,MATCON-000205,MATCON-000205,RESOLVED,2026-08-19T07:10:00-06:00,2026-09-26T08:00:00-06:00,2026-06-29T00:00:00-06:00,,1,,false,ACTIVE,EA,,VALID,CURRENT,coolit-synthetic-v2.0.0,ALL_SYNTHETIC_CUSTOMERS,ALL_SYNTHETIC_PROGRAMS,CFG-CPL-01,SYNTHETIC_INTERNAL,SNP-COOLIT-20260925-BL,SCN-BASELINE,MATCON-000205,WO-0018,MESOP-00103,10,P-QD-001,ISSUE,2,EA,LOT-P-QD-001-A,LOT-WO-0018-OUT,true,2026-08-19T07:10:00-06:00,
TEN-COOLIT-SYN-001,SITE-COOLIT-SYN-01,MES,MATERIAL_CONSUMPTION,MATCON-000206,MATCON-000206,RESOLVED,2026-08-19T07:10:00-06:00,2026-09-26T08:00:00-06:00,2026-06-29T00:00:00-06:00,,1,,false,ACTIVE,EA,,VALID,CURRENT,coolit-synthetic-v2.0.0,ALL_SYNTHETIC_CUSTOMERS,ALL_SYNTHETIC_PROGRAMS,CFG-CPL-01,SYNTHETIC_INTERNAL,SNP-COOLIT-20260925-BL,SCN-BASELINE,MATCON-000206,WO-0018,MESOP-00103,10,P-QD-008,ISSUE,3,EA,LOT-P-QD-008-A,LOT-WO-0018-OUT,true,2026-08-19T07:10:00-06:00,
TEN-COOLIT-SYN-001,SITE-COOLIT-SYN-01,MES,MATERIAL_CONSUMPTION,MATCON-000207,MATCON-000207,RESOLVED,2026-08-19T07:10:00-06:00,2026-09-26T08:00:00-06:00,2026-06-29T00:00:00-06:00,,1,,false,ACTIVE,EA,,VALID,CURRENT,coolit-synthetic-v2.0.0,ALL_SYNTHETIC_CUSTOMERS,ALL_SYNTHETIC_PROGRAMS,CFG-CPL-01,SYNTHETIC_INTERNAL,SNP-COOLIT-20260925-BL,SCN-BASELINE,MATCON-000207,WO-0018,MESOP-00103,10,P-PUMP-005,ISSUE,4,EA,LOT-P-PUMP-005-A,LOT-WO-0018-OUT,true,2026-08-19T07:10:00-06:00,
TEN-COOLIT-SYN-001,SITE-COOLIT-SYN-01,MES,MATERIAL_CONSUMPTION,MATCON-000208,MATCON-000208,RESOLVED,2026-08-19T07:10:00-06:00,2026-09-26T08:00:00-06:00,2026-06-29T00:00:00-06:00,,1,,false,ACTIVE,EA,,VALID,CURRENT,coolit-synthetic-v2.0.0,ALL_SYNTHETIC_CUSTOMERS,ALL_SYNTHETIC_PROGRAMS,CFG-CPL-01,SYNTHETIC_INTERNAL,SNP-COOLIT-20260925-BL,SCN-BASELINE,MATCON-000208,WO-0018,MESOP-00103,10,P-HX-004,ISSUE,5,EA,LOT-P-HX-004-A,LOT-WO-0018-OUT,true,2026-08-19T07:10:00-06:00,
TEN-COOLIT-SYN-001,SITE-COOLIT-SYN-01,MES,MATERIAL_CONSUMPTION,MATCON-000209,MATCON-000209,RESOLVED,2026-08-19T07:10:00-06:00,2026-09-26T08:00:00-06:00,2026-06-29T00:00:00-06:00,,1,,false,ACTIVE,EA,,VALID,CURRENT,coolit-synthetic-v2.0.0,ALL_SYNTHETIC_CUSTOMERS,ALL_SYNTHETIC_PROGRAMS,CFG-CPL-01,SYNTHETIC_INTERNAL,SNP-COOLIT-20260925-BL,SCN-BASELINE,MATCON-000209,WO-0018,MESOP-00103,10,P-CTRL-005,ISSUE,6,EA,LOT-P-CTRL-005-A,LOT-WO-0018-OUT,true,2026-08-19T07:10:00-06:00,
TEN-COOLIT-SYN-001,SITE-COOLIT-SYN-01,MES,MATERIAL_CONSUMPTION,MATCON-000210,MATCON-000210,RESOLVED,2026-08-19T07:10:00-06:00,2026-09-26T08:00:00-06:00,2026-06-29T00:00:00-06:00,,1,,false,ACTIVE,EA,,VALID,CURRENT,coolit-synthetic-v2.0.0,ALL_SYNTHETIC_CUSTOMERS,ALL_SYNTHETIC_PROGRAMS,CFG-CPL-01,SYNTHETIC_INTERNAL,SNP-COOLIT-20260925-BL,SCN-BASELINE,MATCON-000210,WO-0018,MESOP-00103,20,P-COMP-006,ISSUE,2,EA,LOT-P-COMP-006-A,LOT-WO-0018-OUT,true,2026-08-19T07:10:00-06:00,
TEN-COOLIT-SYN-001,SITE-COOLIT-SYN-01,MES,MATERIAL_CONSUMPTION,MATCON-000211,MATCON-000211,RESOLVED,2026-08-19T07:10:00-06:00,2026-09-26T08:00:00-06:00,2026-06-29T00:00:00-06:00,,1,,false,ACTIVE,EA,,VALID,CURRENT,coolit-synthetic-v2.0.0,ALL_SYNTHETIC_CUSTOMERS,ALL_SYNTHETIC_PROGRAMS,CFG-CPL-01,SYNTHETIC_INTERNAL,SNP-COOLIT-20260925-BL,SCN-BASELINE,MATCON-000211,WO-0018,MESOP-00103,20,P-COMP-013,ISSUE,3,EA,LOT-P-COMP-013-A,LOT-WO-0018-OUT,true,2026-08-19T07:10:00-06:00,
TEN-COOLIT-SYN-001,SITE-COOLIT-SYN-01,MES,MATERIAL_CONSUMPTION,MATCON-000212,MATCON-000212,RESOLVED,2026-08-19T07:10:00-06:00,2026-09-26T08:00:00-06:00,2026-06-29T00:00:00-06:00,,1,,false,ACTIVE,EA,,VALID,CURRENT,coolit-synthetic-v2.0.0,ALL_SYNTHETIC_CUSTOMERS,ALL_SYNTHETIC_PROGRAMS,CFG-CPL-01,SYNTHETIC_INTERNAL,SNP-COOLIT-20260925-BL,SCN-BASELINE,MATCON-000212,WO-0018,MESOP-00103,20,P-COMP-020,ISSUE,4,EA,LOT-P-COMP-020-A,LOT-WO-0018-OUT,false,2026-08-19T07:10:00-06:00,
TEN-COOLIT-SYN-001,SITE-COOLIT-SYN-01,MES,MATERIAL_CONSUMPTION,MATCON-000213,MATCON-000213,RESOLVED,2026-08-19T07:10:00-06:00,2026-09-26T08:00:00-06:00,2026-06-29T00:00:00-06:00,,1,,false,ACTIVE,EA,,VALID,CURRENT,coolit-synthetic-v2.0.0,ALL_SYNTHETIC_CUSTOMERS,ALL_SYNTHETIC_PROGRAMS,CFG-CPL-01,SYNTHETIC_INTERNAL,SNP-COOLIT-20260925-BL,SCN-BASELINE,MATCON-000213,WO-0018,MESOP-00103,20,P-COMP-027,ISSUE,5,EA,LOT-P-COMP-027-A,LOT-WO-0018-OUT,false,2026-08-19T07:10:00-06:00,
TEN-COOLIT-SYN-001,SITE-COOLIT-SYN-01,MES,MATERIAL_CONSUMPTION,MATCON-000214,MATCON-000214,RESOLVED,2026-08-19T07:10:00-06:00,2026-09-26T08:00:00-06:00,2026-06-29T00:00:00-06:00,,1,,false,ACTIVE,EA,,VALID,CURRENT,coolit-synthetic-v2.0.0,ALL_SYNTHETIC_CUSTOMERS,ALL_SYNTHETIC_PROGRAMS,CFG-CPL-01,SYNTHETIC_INTERNAL,SNP-COOLIT-20260925-BL,SCN-BASELINE,MATCON-000214,WO-0018,MESOP-00103,20,P-COMP-034,ISSUE,6,EA,LOT-P-COMP-034-A,LOT-WO-0018-OUT,false,2026-08-19T07:10:00-06:00,
TEN-COOLIT-SYN-001,SITE-COOLIT-SYN-01,MES,MATERIAL_CONSUMPTION,MATCON-000215,MATCON-000215,RESOLVED,2026-08-19T07:10:00-06:00,2026-09-26T08:00:00-06:00,2026-06-29T00:00:00-06:00,,1,,false,ACTIVE,EA,,VALID,CURRENT,coolit-synthetic-v2.0.0,ALL_SYNTHETIC_CUSTOMERS,ALL_SYNTHETIC_PROGRAMS,CFG-CPL-01,SYNTHETIC_INTERNAL,SNP-COOLIT-20260925-BL,SCN-BASELINE,MATCON-000215,WO-0018,MESOP-00103,30,P-COMP-041,ISSUE,2,EA,LOT-P-COMP-041-A,LOT-WO-0018-OUT,false,2026-08-19T07:10:00-06:00,
TEN-COOLIT-SYN-001,SITE-COOLIT-SYN-01,MES,MATERIAL_CONSUMPTION,MATCON-000216,MATCON-000216,RESOLVED,2026-08-19T07:10:00-06:00,2026-09-26T08:00:00-06:00,2026-06-29T00:00:00-06:00,,1,,false,ACTIVE,EA,,VALID,CURRENT,coolit-synthetic-v2.0.0,ALL_SYNTHETIC_CUSTOMERS,ALL_SYNTHETIC_PROGRAMS,CFG-CPL-01,SYNTHETIC_INTERNAL,SNP-COOLIT-20260925-BL,SCN-BASELINE,MATCON-000216,WO-0018,MESOP-00103,30,P-COMP-048,ISSUE,3,EA,LOT-P-COMP-048-A,LOT-WO-0018-OUT,false,2026-08-19T07:10:00-06:00,
TEN-COOLIT-SYN-001,SITE-COOLIT-SYN-01,MES,MATERIAL_CONSUMPTION,MATCON-000217,MATCON-000217,RESOLVED,2026-08-22T07:10:00-06:00,2026-09-26T08:00:00-06:00,2026-06-29T00:00:00-06:00,,1,,false,ACTIVE,EA,,VALID,CURRENT,coolit-synthetic-v2.0.0,ALL_SYNTHETIC_CUSTOMERS,ALL_SYNTHETIC_PROGRAMS,CFG-RM-04,SYNTHETIC_INTERNAL,SNP-COOLIT-20260925-BL,SCN-BASELINE,MATCON-000217,WO-0019,MESOP-00109,10,P-COMP-090,ISSUE,2,EA,LOT-P-COMP-090-A,LOT-WO-0019-OUT,true,2026-08-22T07:10:00-06:00,
TEN-COOLIT-SYN-001,SITE-COOLIT-SYN-01,MES,MATERIAL_CONSUMPTION,MATCON-000218,MATCON-000218,RESOLVED,2026-08-22T07:10:00-06:00,2026-09-26T08:00:00-06:00,2026-06-29T00:00:00-06:00,,1,,false,ACTIVE,EA,,VALID,CURRENT,coolit-synthetic-v2.0.0,ALL_SYNTHETIC_CUSTOMERS,ALL_SYNTHETIC_PROGRAMS,CFG-RM-04,SYNTHETIC_INTERNAL,SNP-COOLIT-20260925-BL,SCN-BASELINE,MATCON-000218,WO-0019,MESOP-00109,10,P-COMP-097,ISSUE,3,EA,LOT-P-COMP-097-A,LOT-WO-0019-OUT,true,2026-08-22T07:10:00-06:00,
TEN-COOLIT-SYN-001,SITE-COOLIT-SYN-01,MES,MATERIAL_CONSUMPTION,MATCON-000219,MATCON-000219,RESOLVED,2026-08-22T07:10:00-06:00,2026-09-26T08:00:00-06:00,2026-06-29T00:00:00-06:00,,1,,false,ACTIVE,EA,,VALID,CURRENT,coolit-synthetic-v2.0.0,ALL_SYNTHETIC_CUSTOMERS,ALL_SYNTHETIC_PROGRAMS,CFG-RM-04,SYNTHETIC_INTERNAL,SNP-COOLIT-20260925-BL,SCN-BASELINE,MATCON-000219,WO-0019,MESOP-00109,10,P-COMP-104,ISSUE,4,EA,LOT-P-COMP-104-A,LOT-WO-0019-OUT,true,2026-08-22T07:10:00-06:00,
TEN-COOLIT-SYN-001,SITE-COOLIT-SYN-01,MES,MATERIAL_CONSUMPTION,MATCON-000220,MATCON-000220,RESOLVED,2026-08-22T07:10:00-06:00,2026-09-26T08:00:00-06:00,2026-06-29T00:00:00-06:00,,1,,false,ACTIVE,EA,,VALID,CURRENT,coolit-synthetic-v2.0.0,ALL_SYNTHETIC_CUSTOMERS,ALL_SYNTHETIC_PROGRAMS,CFG-RM-04,SYNTHETIC_INTERNAL,SNP-COOLIT-20260925-BL,SCN-BASELINE,MATCON-000220,WO-0019,MESOP-00109,10,P-COMP-111,ISSUE,5,EA,LOT-P-COMP-111-A,LOT-WO-0019-OUT,true,2026-08-22T07:10:00-06:00,
TEN-COOLIT-SYN-001,SITE-COOLIT-SYN-01,MES,MATERIAL_CONSUMPTION,MATCON-000221,MATCON-000221,RESOLVED,2026-08-22T07:10:00-06:00,2026-09-26T08:00:00-06:00,2026-06-29T00:00:00-06:00,,1,,false,ACTIVE,EA,,VALID,CURRENT,coolit-synthetic-v2.0.0,ALL_SYNTHETIC_CUSTOMERS,ALL_SYNTHETIC_PROGRAMS,CFG-RM-04,SYNTHETIC_INTERNAL,SNP-COOLIT-20260925-BL,SCN-BASELINE,MATCON-000221,WO-0019,MESOP-00109,10,P-COMP-118,ISSUE,6,EA,LOT-P-COMP-118-A,LOT-WO-0019-OUT,true,2026-08-22T07:10:00-06:00,
TEN-COOLIT-SYN-001,SITE-COOLIT-SYN-01,MES,MATERIAL_CONSUMPTION,MATCON-000222,MATCON-000222,RESOLVED,2026-08-22T07:10:00-06:00,2026-09-26T08:00:00-06:00,2026-06-29T00:00:00-06:00,,1,,false,ACTIVE,EA,,VALID,CURRENT,coolit-synthetic-v2.0.0,ALL_SYNTHETIC_CUSTOMERS,ALL_SYNTHETIC_PROGRAMS,CFG-RM-04,SYNTHETIC_INTERNAL,SNP-COOLIT-20260925-BL,SCN-BASELINE,MATCON-000222,WO-0019,MESOP-00109,20,P-COMP-125,ISSUE,2,EA,LOT-P-COMP-125-A,LOT-WO-0019-OUT,true,2026-08-22T07:10:00-06:00,
TEN-COOLIT-SYN-001,SITE-COOLIT-SYN-01,MES,MATERIAL_CONSUMPTION,MATCON-000223,MATCON-000223,RESOLVED,2026-08-22T07:10:00-06:00,2026-09-26T08:00:00-06:00,2026-06-29T00:00:00-06:00,,1,,false,ACTIVE,EA,,VALID,CURRENT,coolit-synthetic-v2.0.0,ALL_SYNTHETIC_CUSTOMERS,ALL_SYNTHETIC_PROGRAMS,CFG-RM-04,SYNTHETIC_INTERNAL,SNP-COOLIT-20260925-BL,SCN-BASELINE,MATCON-000223,WO-0019,MESOP-00109,20,P-COMP-132,ISSUE,3,EA,LOT-P-COMP-132-A,LOT-WO-0019-OUT,true,2026-08-22T07:10:00-06:00,
TEN-COOLIT-SYN-001,SITE-COOLIT-SYN-01,MES,MATERIAL_CONSUMPTION,MATCON-000224,MATCON-000224,RESOLVED,2026-08-22T07:10:00-06:00,2026-09-26T08:00:00-06:00,2026-06-29T00:00:00-06:00,,1,,false,ACTIVE,EA,,VALID,CURRENT,coolit-synthetic-v2.0.0,ALL_SYNTHETIC_CUSTOMERS,ALL_SYNTHETIC_PROGRAMS,CFG-RM-04,SYNTHETIC_INTERNAL,SNP-COOLIT-20260925-BL,SCN-BASELINE,MATCON-000224,WO-0019,MESOP-00109,20,P-COMP-139,ISSUE,4,EA,LOT-P-COMP-139-A,LOT-WO-0019-OUT,false,2026-08-22T07:10:00-06:00,
TEN-COOLIT-SYN-001,SITE-COOLIT-SYN-01,MES,MATERIAL_CONSUMPTION,MATCON-000225,MATCON-000225,RESOLVED,2026-08-22T07:10:00-06:00,2026-09-26T08:00:00-06:00,2026-06-29T00:00:00-06:00,,1,,false,ACTIVE,EA,,VALID,CURRENT,coolit-synthetic-v2.0.0,ALL_SYNTHETIC_CUSTOMERS,ALL_SYNTHETIC_PROGRAMS,CFG-RM-04,SYNTHETIC_INTERNAL,SNP-COOLIT-20260925-BL,SCN-BASELINE,MATCON-000225,WO-0019,MESOP-00109,20,P-COMP-146,ISSUE,5,EA,LOT-P-COMP-146-A,LOT-WO-0019-OUT,false,2026-08-22T07:10:00-06:00,
TEN-COOLIT-SYN-001,SITE-COOLIT-SYN-01,MES,MATERIAL_CONSUMPTION,MATCON-000226,MATCON-000226,RESOLVED,2026-08-22T07:10:00-06:00,2026-09-26T08:00:00-06:00,2026-06-29T00:00:00-06:00,,1,,false,ACTIVE,EA,,VALID,CURRENT,coolit-synthetic-v2.0.0,ALL_SYNTHETIC_CUSTOMERS,ALL_SYNTHETIC_PROGRAMS,CFG-RM-04,SYNTHETIC_INTERNAL,SNP-COOLIT-20260925-BL,SCN-BASELINE,MATCON-000226,WO-0019,MESOP-00109,20,P-COMP-153,ISSUE,6,EA,LOT-P-COMP-153-A,LOT-WO-0019-OUT,false,2026-08-22T07:10:00-06:00,
TEN-COOLIT-SYN-001,SITE-COOLIT-SYN-01,MES,MATERIAL_CONSUMPTION,MATCON-000227,MATCON-000227,RESOLVED,2026-08-22T07:10:00-06:00,2026-09-26T08:00:00-06:00,2026-06-29T00:00:00-06:00,,1,,false,ACTIVE,EA,,VALID,CURRENT,coolit-synthetic-v2.0.0,ALL_SYNTHETIC_CUSTOMERS,ALL_SYNTHETIC_PROGRAMS,CFG-RM-04,SYNTHETIC_INTERNAL,SNP-COOLIT-20260925-BL,SCN-BASELINE,MATCON-000227,WO-0019,MESOP-00109,30,P-COMP-160,ISSUE,2,EA,LOT-P-COMP-160-A,LOT-WO-0019-OUT,false,2026-08-22T07:10:00-06:00,
TEN-COOLIT-SYN-001,SITE-COOLIT-SYN-01,MES,MATERIAL_CONSUMPTION,MATCON-000228,MATCON-000228,RESOLVED,2026-08-22T07:10:00-06:00,2026-09-26T08:00:00-06:00,2026-06-29T00:00:00-06:00,,1,,false,ACTIVE,EA,,VALID,CURRENT,coolit-synthetic-v2.0.0,ALL_SYNTHETIC_CUSTOMERS,ALL_SYNTHETIC_PROGRAMS,CFG-RM-04,SYNTHETIC_INTERNAL,SNP-COOLIT-20260925-BL,SCN-BASELINE,MATCON-000228,WO-0019,MESOP-00109,30,P-COMP-167,ISSUE,3,EA,LOT-P-COMP-167-A,LOT-WO-0019-OUT,false,2026-08-22T07:10:00-06:00,
TEN-COOLIT-SYN-001,SITE-COOLIT-SYN-01,MES,MATERIAL_CONSUMPTION,MATCON-000229,MATCON-000229,RESOLVED,2026-08-25T07:10:00-06:00,2026-09-26T08:00:00-06:00,2026-06-29T00:00:00-06:00,,1,,false,ACTIVE,EA,,VALID,CURRENT,coolit-synthetic-v2.0.0,ALL_SYNTHETIC_CUSTOMERS,ALL_SYNTHETIC_PROGRAMS,CFG-CPL-03,SYNTHETIC_INTERNAL,SNP-COOLIT-20260925-BL,SCN-BASELINE,MATCON-000229,WO-0020,MESOP-00115,10,P-COMP-005,ISSUE,2,EA,LOT-P-COMP-005-A,LOT-WO-0020-OUT,true,2026-08-25T07:10:00-06:00,
TEN-COOLIT-SYN-001,SITE-COOLIT-SYN-01,MES,MATERIAL_CONSUMPTION,MATCON-000230,MATCON-000230,RESOLVED,2026-08-25T07:10:00-06:00,2026-09-26T08:00:00-06:00,2026-06-29T00:00:00-06:00,,1,,false,ACTIVE,EA,,VALID,CURRENT,coolit-synthetic-v2.0.0,ALL_SYNTHETIC_CUSTOMERS,ALL_SYNTHETIC_PROGRAMS,CFG-CPL-03,SYNTHETIC_INTERNAL,SNP-COOLIT-20260925-BL,SCN-BASELINE,MATCON-000230,WO-0020,MESOP-00115,10,P-COMP-012,ISSUE,3,EA,LOT-P-COMP-012-A,LOT-WO-0020-OUT,true,2026-08-25T07:10:00-06:00,
TEN-COOLIT-SYN-001,SITE-COOLIT-SYN-01,MES,MATERIAL_CONSUMPTION,MATCON-000231,MATCON-000231,RESOLVED,2026-08-25T07:10:00-06:00,2026-09-26T08:00:00-06:00,2026-06-29T00:00:00-06:00,,1,,false,ACTIVE,EA,,VALID,CURRENT,coolit-synthetic-v2.0.0,ALL_SYNTHETIC_CUSTOMERS,ALL_SYNTHETIC_PROGRAMS,CFG-CPL-03,SYNTHETIC_INTERNAL,SNP-COOLIT-20260925-BL,SCN-BASELINE,MATCON-000231,WO-0020,MESOP-00115,10,P-COMP-019,ISSUE,4,EA,LOT-P-COMP-019-A,LOT-WO-0020-OUT,true,2026-08-25T07:10:00-06:00,
TEN-COOLIT-SYN-001,SITE-COOLIT-SYN-01,MES,MATERIAL_CONSUMPTION,MATCON-000232,MATCON-000232,RESOLVED,2026-08-25T07:10:00-06:00,2026-09-26T08:00:00-06:00,2026-06-29T00:00:00-06:00,,1,,false,ACTIVE,EA,,VALID,CURRENT,coolit-synthetic-v2.0.0,ALL_SYNTHETIC_CUSTOMERS,ALL_SYNTHETIC_PROGRAMS,CFG-CPL-03,SYNTHETIC_INTERNAL,SNP-COOLIT-20260925-BL,SCN-BASELINE,MATCON-000232,WO-0020,MESOP-00115,10,P-COMP-026,ISSUE,5,EA,LOT-P-COMP-026-A,LOT-WO-0020-OUT,true,2026-08-25T07:10:00-06:00,
TEN-COOLIT-SYN-001,SITE-COOLIT-SYN-01,MES,MATERIAL_CONSUMPTION,MATCON-000233,MATCON-000233,RESOLVED,2026-08-25T07:10:00-06:00,2026-09-26T08:00:00-06:00,2026-06-29T00:00:00-06:00,,1,,false,ACTIVE,EA,,VALID,CURRENT,coolit-synthetic-v2.0.0,ALL_SYNTHETIC_CUSTOMERS,ALL_SYNTHETIC_PROGRAMS,CFG-CPL-03,SYNTHETIC_INTERNAL,SNP-COOLIT-20260925-BL,SCN-BASELINE,MATCON-000233,WO-0020,MESOP-00115,10,P-COMP-033,ISSUE,6,EA,LOT-P-COMP-033-A,LOT-WO-0020-OUT,true,2026-08-25T07:10:00-06:00,
TEN-COOLIT-SYN-001,SITE-COOLIT-SYN-01,MES,MATERIAL_CONSUMPTION,MATCON-000234,MATCON-000234,RESOLVED,2026-08-25T07:10:00-06:00,2026-09-26T08:00:00-06:00,2026-06-29T00:00:00-06:00,,1,,false,ACTIVE,EA,,VALID,CURRENT,coolit-synthetic-v2.0.0,ALL_SYNTHETIC_CUSTOMERS,ALL_SYNTHETIC_PROGRAMS,CFG-CPL-03,SYNTHETIC_INTERNAL,SNP-COOLIT-20260925-BL,SCN-BASELINE,MATCON-000234,WO-0020,MESOP-00115,20,P-COMP-040,ISSUE,2,EA,LOT-P-COMP-040-A,LOT-WO-0020-OUT,true,2026-08-25T07:10:00-06:00,
TEN-COOLIT-SYN-001,SITE-COOLIT-SYN-01,MES,MATERIAL_CONSUMPTION,MATCON-000235,MATCON-000235,RESOLVED,2026-08-25T07:10:00-06:00,2026-09-26T08:00:00-06:00,2026-06-29T00:00:00-06:00,,1,,false,ACTIVE,EA,,VALID,CURRENT,coolit-synthetic-v2.0.0,ALL_SYNTHETIC_CUSTOMERS,ALL_SYNTHETIC_PROGRAMS,CFG-CPL-03,SYNTHETIC_INTERNAL,SNP-COOLIT-20260925-BL,SCN-BASELINE,MATCON-000235,WO-0020,MESOP-00115,20,P-COMP-047,ISSUE,3,EA,LOT-P-COMP-047-A,LOT-WO-0020-OUT,true,2026-08-25T07:10:00-06:00,
TEN-COOLIT-SYN-001,SITE-COOLIT-SYN-01,MES,MATERIAL_CONSUMPTION,MATCON-000236,MATCON-000236,RESOLVED,2026-08-25T07:10:00-06:00,2026-09-26T08:00:00-06:00,2026-06-29T00:00:00-06:00,,1,,false,ACTIVE,EA,,VALID,CURRENT,coolit-synthetic-v2.0.0,ALL_SYNTHETIC_CUSTOMERS,ALL_SYNTHETIC_PROGRAMS,CFG-CPL-03,SYNTHETIC_INTERNAL,SNP-COOLIT-20260925-BL,SCN-BASELINE,MATCON-000236,WO-0020,MESOP-00115,20,P-COMP-054,ISSUE,4,EA,LOT-P-COMP-054-A,LOT-WO-0020-OUT,false,2026-08-25T07:10:00-06:00,
TEN-COOLIT-SYN-001,SITE-COOLIT-SYN-01,MES,MATERIAL_CONSUMPTION,MATCON-000237,MATCON-000237,RESOLVED,2026-08-25T07:10:00-06:00,2026-09-26T08:00:00-06:00,2026-06-29T00:00:00-06:00,,1,,false,ACTIVE,EA,,VALID,CURRENT,coolit-synthetic-v2.0.0,ALL_SYNTHETIC_CUSTOMERS,ALL_SYNTHETIC_PROGRAMS,CFG-CPL-03,SYNTHETIC_INTERNAL,SNP-COOLIT-20260925-BL,SCN-BASELINE,MATCON-000237,WO-0020,MESOP-00115,20,P-COMP-061,ISSUE,5,EA,LOT-P-COMP-061-A,LOT-WO-0020-OUT,false,2026-08-25T07:10:00-06:00,
TEN-COOLIT-SYN-001,SITE-COOLIT-SYN-01,MES,MATERIAL_CONSUMPTION,MATCON-000238,MATCON-000238,RESOLVED,2026-08-25T07:10:00-06:00,2026-09-26T08:00:00-06:00,2026-06-29T00:00:00-06:00,,1,,false,ACTIVE,EA,,VALID,CURRENT,coolit-synthetic-v2.0.0,ALL_SYNTHETIC_CUSTOMERS,ALL_SYNTHETIC_PROGRAMS,CFG-CPL-03,SYNTHETIC_INTERNAL,SNP-COOLIT-20260925-BL,SCN-BASELINE,MATCON-000238,WO-0020,MESOP-00115,20,P-COMP-068,ISSUE,6,EA,LOT-P-COMP-068-A,LOT-WO-0020-OUT,false,2026-08-25T07:10:00-06:00,
TEN-COOLIT-SYN-001,SITE-COOLIT-SYN-01,MES,MATERIAL_CONSUMPTION,MATCON-000239,MATCON-000239,RESOLVED,2026-08-25T07:10:00-06:00,2026-09-26T08:00:00-06:00,2026-06-29T00:00:00-06:00,,1,,false,ACTIVE,EA,,VALID,CURRENT,coolit-synthetic-v2.0.0,ALL_SYNTHETIC_CUSTOMERS,ALL_SYNTHETIC_PROGRAMS,CFG-CPL-03,SYNTHETIC_INTERNAL,SNP-COOLIT-20260925-BL,SCN-BASELINE,MATCON-000239,WO-0020,MESOP-00115,30,P-COMP-075,ISSUE,2,EA,LOT-P-COMP-075-A,LOT-WO-0020-OUT,false,2026-08-25T07:10:00-06:00,
TEN-COOLIT-SYN-001,SITE-COOLIT-SYN-01,MES,MATERIAL_CONSUMPTION,MATCON-000240,MATCON-000240,RESOLVED,2026-08-25T07:10:00-06:00,2026-09-26T08:00:00-06:00,2026-06-29T00:00:00-06:00,,1,,false,ACTIVE,EA,,VALID,CURRENT,coolit-synthetic-v2.0.0,ALL_SYNTHETIC_CUSTOMERS,ALL_SYNTHETIC_PROGRAMS,CFG-CPL-03,SYNTHETIC_INTERNAL,SNP-COOLIT-20260925-BL,SCN-BASELINE,MATCON-000240,WO-0020,MESOP-00115,30,P-COMP-082,ISSUE,3,EA,LOT-P-COMP-082-A,LOT-WO-0020-OUT,false,2026-08-25T07:10:00-06:00,
TEN-COOLIT-SYN-001,SITE-COOLIT-SYN-01,MES,MATERIAL_CONSUMPTION,MATCON-000241,MATCON-000241,RESOLVED,2026-08-28T07:10:00-06:00,2026-09-26T08:00:00-06:00,2026-06-29T00:00:00-06:00,,1,,false,ACTIVE,EA,,VALID,CURRENT,coolit-synthetic-v2.0.0,ALL_SYNTHETIC_CUSTOMERS,ALL_SYNTHETIC_PROGRAMS,CFG-CDU-02,SYNTHETIC_INTERNAL,SNP-COOLIT-20260925-BL,SCN-BASELINE,MATCON-000241,WO-0021,MESOP-00121,10,P-COMP-124,ISSUE,2,EA,LOT-P-COMP-124-A,LOT-WO-0021-OUT,true,2026-08-28T07:10:00-06:00,
TEN-COOLIT-SYN-001,SITE-COOLIT-SYN-01,MES,MATERIAL_CONSUMPTION,MATCON-000242,MATCON-000242,RESOLVED,2026-08-28T07:10:00-06:00,2026-09-26T08:00:00-06:00,2026-06-29T00:00:00-06:00,,1,,false,ACTIVE,EA,,VALID,CURRENT,coolit-synthetic-v2.0.0,ALL_SYNTHETIC_CUSTOMERS,ALL_SYNTHETIC_PROGRAMS,CFG-CDU-02,SYNTHETIC_INTERNAL,SNP-COOLIT-20260925-BL,SCN-BASELINE,MATCON-000242,WO-0021,MESOP-00121,10,P-COMP-131,ISSUE,3,EA,LOT-P-COMP-131-A,LOT-WO-0021-OUT,true,2026-08-28T07:10:00-06:00,
TEN-COOLIT-SYN-001,SITE-COOLIT-SYN-01,MES,MATERIAL_CONSUMPTION,MATCON-000243,MATCON-000243,RESOLVED,2026-08-28T07:10:00-06:00,2026-09-26T08:00:00-06:00,2026-06-29T00:00:00-06:00,,1,,false,ACTIVE,EA,,VALID,CURRENT,coolit-synthetic-v2.0.0,ALL_SYNTHETIC_CUSTOMERS,ALL_SYNTHETIC_PROGRAMS,CFG-CDU-02,SYNTHETIC_INTERNAL,SNP-COOLIT-20260925-BL,SCN-BASELINE,MATCON-000243,WO-0021,MESOP-00121,10,P-COMP-138,ISSUE,4,EA,LOT-P-COMP-138-A,LOT-WO-0021-OUT,true,2026-08-28T07:10:00-06:00,
TEN-COOLIT-SYN-001,SITE-COOLIT-SYN-01,MES,MATERIAL_CONSUMPTION,MATCON-000244,MATCON-000244,RESOLVED,2026-08-28T07:10:00-06:00,2026-09-26T08:00:00-06:00,2026-06-29T00:00:00-06:00,,1,,false,ACTIVE,EA,,VALID,CURRENT,coolit-synthetic-v2.0.0,ALL_SYNTHETIC_CUSTOMERS,ALL_SYNTHETIC_PROGRAMS,CFG-CDU-02,SYNTHETIC_INTERNAL,SNP-COOLIT-20260925-BL,SCN-BASELINE,MATCON-000244,WO-0021,MESOP-00121,10,P-COMP-145,ISSUE,5,EA,LOT-P-COMP-145-A,LOT-WO-0021-OUT,true,2026-08-28T07:10:00-06:00,
TEN-COOLIT-SYN-001,SITE-COOLIT-SYN-01,MES,MATERIAL_CONSUMPTION,MATCON-000245,MATCON-000245,RESOLVED,2026-08-28T07:10:00-06:00,2026-09-26T08:00:00-06:00,2026-06-29T00:00:00-06:00,,1,,false,ACTIVE,EA,,VALID,CURRENT,coolit-synthetic-v2.0.0,ALL_SYNTHETIC_CUSTOMERS,ALL_SYNTHETIC_PROGRAMS,CFG-CDU-02,SYNTHETIC_INTERNAL,SNP-COOLIT-20260925-BL,SCN-BASELINE,MATCON-000245,WO-0021,MESOP-00121,10,P-COMP-152,ISSUE,6,EA,LOT-P-COMP-152-A,LOT-WO-0021-OUT,true,2026-08-28T07:10:00-06:00,
TEN-COOLIT-SYN-001,SITE-COOLIT-SYN-01,MES,MATERIAL_CONSUMPTION,MATCON-000246,MATCON-000246,RESOLVED,2026-08-28T07:10:00-06:00,2026-09-26T08:00:00-06:00,2026-06-29T00:00:00-06:00,,1,,false,ACTIVE,EA,,VALID,CURRENT,coolit-synthetic-v2.0.0,ALL_SYNTHETIC_CUSTOMERS,ALL_SYNTHETIC_PROGRAMS,CFG-CDU-02,SYNTHETIC_INTERNAL,SNP-COOLIT-20260925-BL,SCN-BASELINE,MATCON-000246,WO-0021,MESOP-00121,20,P-COMP-159,ISSUE,2,EA,LOT-P-COMP-159-A,LOT-WO-0021-OUT,true,2026-08-28T07:10:00-06:00,
TEN-COOLIT-SYN-001,SITE-COOLIT-SYN-01,MES,MATERIAL_CONSUMPTION,MATCON-000247,MATCON-000247,RESOLVED,2026-08-28T07:10:00-06:00,2026-09-26T08:00:00-06:00,2026-06-29T00:00:00-06:00,,1,,false,ACTIVE,EA,,VALID,CURRENT,coolit-synthetic-v2.0.0,ALL_SYNTHETIC_CUSTOMERS,ALL_SYNTHETIC_PROGRAMS,CFG-CDU-02,SYNTHETIC_INTERNAL,SNP-COOLIT-20260925-BL,SCN-BASELINE,MATCON-000247,WO-0021,MESOP-00121,20,P-COMP-166,ISSUE,3,EA,LOT-P-COMP-166-A,LOT-WO-0021-OUT,true,2026-08-28T07:10:00-06:00,
TEN-COOLIT-SYN-001,SITE-COOLIT-SYN-01,MES,MATERIAL_CONSUMPTION,MATCON-000248,MATCON-000248,RESOLVED,2026-08-28T07:10:00-06:00,2026-09-26T08:00:00-06:00,2026-06-29T00:00:00-06:00,,1,,false,ACTIVE,EA,,VALID,CURRENT,coolit-synthetic-v2.0.0,ALL_SYNTHETIC_CUSTOMERS,ALL_SYNTHETIC_PROGRAMS,CFG-CDU-02,SYNTHETIC_INTERNAL,SNP-COOLIT-20260925-BL,SCN-BASELINE,MATCON-000248,WO-0021,MESOP-00121,20,P-COMP-173,ISSUE,4,EA,LOT-P-COMP-173-A,LOT-WO-0021-OUT,false,2026-08-28T07:10:00-06:00,
TEN-COOLIT-SYN-001,SITE-COOLIT-SYN-01,MES,MATERIAL_CONSUMPTION,MATCON-000249,MATCON-000249,RESOLVED,2026-08-28T07:10:00-06:00,2026-09-26T08:00:00-06:00,2026-06-29T00:00:00-06:00,,1,,false,ACTIVE,EA,,VALID,CURRENT,coolit-synthetic-v2.0.0,ALL_SYNTHETIC_CUSTOMERS,ALL_SYNTHETIC_PROGRAMS,CFG-CDU-02,SYNTHETIC_INTERNAL,SNP-COOLIT-20260925-BL,SCN-BASELINE,MATCON-000249,WO-0021,MESOP-00121,20,P-COMP-180,ISSUE,5,EA,LOT-P-COMP-180-A,LOT-WO-0021-OUT,false,2026-08-28T07:10:00-06:00,
TEN-COOLIT-SYN-001,SITE-COOLIT-SYN-01,MES,MATERIAL_CONSUMPTION,MATCON-000250,MATCON-000250,RESOLVED,2026-08-28T07:10:00-06:00,2026-09-26T08:00:00-06:00,2026-06-29T00:00:00-06:00,,1,,false,ACTIVE,EA,,VALID,CURRENT,coolit-synthetic-v2.0.0,ALL_SYNTHETIC_CUSTOMERS,ALL_SYNTHETIC_PROGRAMS,CFG-CDU-02,SYNTHETIC_INTERNAL,SNP-COOLIT-20260925-BL,SCN-BASELINE,MATCON-000250,WO-0021,MESOP-00121,20,P-COMP-187,ISSUE,6,EA,LOT-P-COMP-187-A,LOT-WO-0021-OUT,false,2026-08-28T07:10:00-06:00,
TEN-COOLIT-SYN-001,SITE-COOLIT-SYN-01,MES,MATERIAL_CONSUMPTION,MATCON-000251,MATCON-000251,RESOLVED,2026-08-28T07:10:00-06:00,2026-09-26T08:00:00-06:00,2026-06-29T00:00:00-06:00,,1,,false,ACTIVE,EA,,VALID,CURRENT,coolit-synthetic-v2.0.0,ALL_SYNTHETIC_CUSTOMERS,ALL_SYNTHETIC_PROGRAMS,CFG-CDU-02,SYNTHETIC_INTERNAL,SNP-COOLIT-20260925-BL,SCN-BASELINE,MATCON-000251,WO-0021,MESOP-00121,30,P-COMP-194,ISSUE,2,EA,LOT-P-COMP-194-A,LOT-WO-0021-OUT,false,2026-08-28T07:10:00-06:00,
TEN-COOLIT-SYN-001,SITE-COOLIT-SYN-01,MES,MATERIAL_CONSUMPTION,MATCON-000252,MATCON-000252,RESOLVED,2026-08-28T07:10:00-06:00,2026-09-26T08:00:00-06:00,2026-06-29T00:00:00-06:00,,1,,false,ACTIVE,EA,,VALID,CURRENT,coolit-synthetic-v2.0.0,ALL_SYNTHETIC_CUSTOMERS,ALL_SYNTHETIC_PROGRAMS,CFG-CDU-02,SYNTHETIC_INTERNAL,SNP-COOLIT-20260925-BL,SCN-BASELINE,MATCON-000252,WO-0021,MESOP-00121,30,P-COMP-201,ISSUE,3,EA,LOT-P-COMP-201-A,LOT-WO-0021-OUT,false,2026-08-28T07:10:00-06:00,
TEN-COOLIT-SYN-001,SITE-COOLIT-SYN-01,MES,MATERIAL_CONSUMPTION,MATCON-000253,MATCON-000253,RESOLVED,2026-08-31T07:10:00-06:00,2026-09-26T08:00:00-06:00,2026-06-29T00:00:00-06:00,,1,,false,ACTIVE,EA,,VALID,CURRENT,coolit-synthetic-v2.0.0,ALL_SYNTHETIC_CUSTOMERS,ALL_SYNTHETIC_PROGRAMS,CFG-RM-01,SYNTHETIC_INTERNAL,SNP-COOLIT-20260925-BL,SCN-BASELINE,MATCON-000253,WO-0022,MESOP-00125,10,P-COMP-039,ISSUE,2,EA,LOT-P-COMP-039-A,LOT-WO-0022-OUT,true,2026-08-31T07:10:00-06:00,
TEN-COOLIT-SYN-001,SITE-COOLIT-SYN-01,MES,MATERIAL_CONSUMPTION,MATCON-000254,MATCON-000254,RESOLVED,2026-08-31T07:10:00-06:00,2026-09-26T08:00:00-06:00,2026-06-29T00:00:00-06:00,,1,,false,ACTIVE,EA,,VALID,CURRENT,coolit-synthetic-v2.0.0,ALL_SYNTHETIC_CUSTOMERS,ALL_SYNTHETIC_PROGRAMS,CFG-RM-01,SYNTHETIC_INTERNAL,SNP-COOLIT-20260925-BL,SCN-BASELINE,MATCON-000254,WO-0022,MESOP-00125,10,P-COMP-046,ISSUE,3,EA,LOT-P-COMP-046-A,LOT-WO-0022-OUT,true,2026-08-31T07:10:00-06:00,
TEN-COOLIT-SYN-001,SITE-COOLIT-SYN-01,MES,MATERIAL_CONSUMPTION,MATCON-000255,MATCON-000255,RESOLVED,2026-08-31T07:10:00-06:00,2026-09-26T08:00:00-06:00,2026-06-29T00:00:00-06:00,,1,,false,ACTIVE,EA,,VALID,CURRENT,coolit-synthetic-v2.0.0,ALL_SYNTHETIC_CUSTOMERS,ALL_SYNTHETIC_PROGRAMS,CFG-RM-01,SYNTHETIC_INTERNAL,SNP-COOLIT-20260925-BL,SCN-BASELINE,MATCON-000255,WO-0022,MESOP-00125,10,P-COMP-053,ISSUE,4,EA,LOT-P-COMP-053-A,LOT-WO-0022-OUT,true,2026-08-31T07:10:00-06:00,
TEN-COOLIT-SYN-001,SITE-COOLIT-SYN-01,MES,MATERIAL_CONSUMPTION,MATCON-000256,MATCON-000256,RESOLVED,2026-08-31T07:10:00-06:00,2026-09-26T08:00:00-06:00,2026-06-29T00:00:00-06:00,,1,,false,ACTIVE,EA,,VALID,CURRENT,coolit-synthetic-v2.0.0,ALL_SYNTHETIC_CUSTOMERS,ALL_SYNTHETIC_PROGRAMS,CFG-RM-01,SYNTHETIC_INTERNAL,SNP-COOLIT-20260925-BL,SCN-BASELINE,MATCON-000256,WO-0022,MESOP-00125,10,P-COMP-060,ISSUE,5,EA,LOT-P-COMP-060-A,LOT-WO-0022-OUT,true,2026-08-31T07:10:00-06:00,
TEN-COOLIT-SYN-001,SITE-COOLIT-SYN-01,MES,MATERIAL_CONSUMPTION,MATCON-000257,MATCON-000257,RESOLVED,2026-08-31T07:10:00-06:00,2026-09-26T08:00:00-06:00,2026-06-29T00:00:00-06:00,,1,,false,ACTIVE,EA,,VALID,CURRENT,coolit-synthetic-v2.0.0,ALL_SYNTHETIC_CUSTOMERS,ALL_SYNTHETIC_PROGRAMS,CFG-RM-01,SYNTHETIC_INTERNAL,SNP-COOLIT-20260925-BL,SCN-BASELINE,MATCON-000257,WO-0022,MESOP-00125,10,P-COMP-067,ISSUE,6,EA,LOT-P-COMP-067-A,LOT-WO-0022-OUT,true,2026-08-31T07:10:00-06:00,
TEN-COOLIT-SYN-001,SITE-COOLIT-SYN-01,MES,MATERIAL_CONSUMPTION,MATCON-000258,MATCON-000258,RESOLVED,2026-08-31T07:10:00-06:00,2026-09-26T08:00:00-06:00,2026-06-29T00:00:00-06:00,,1,,false,ACTIVE,EA,,VALID,CURRENT,coolit-synthetic-v2.0.0,ALL_SYNTHETIC_CUSTOMERS,ALL_SYNTHETIC_PROGRAMS,CFG-RM-01,SYNTHETIC_INTERNAL,SNP-COOLIT-20260925-BL,SCN-BASELINE,MATCON-000258,WO-0022,MESOP-00125,20,P-COMP-074,ISSUE,2,EA,LOT-P-COMP-074-A,LOT-WO-0022-OUT,true,2026-08-31T07:10:00-06:00,
TEN-COOLIT-SYN-001,SITE-COOLIT-SYN-01,MES,MATERIAL_CONSUMPTION,MATCON-000259,MATCON-000259,RESOLVED,2026-08-31T07:10:00-06:00,2026-09-26T08:00:00-06:00,2026-06-29T00:00:00-06:00,,1,,false,ACTIVE,EA,,VALID,CURRENT,coolit-synthetic-v2.0.0,ALL_SYNTHETIC_CUSTOMERS,ALL_SYNTHETIC_PROGRAMS,CFG-RM-01,SYNTHETIC_INTERNAL,SNP-COOLIT-20260925-BL,SCN-BASELINE,MATCON-000259,WO-0022,MESOP-00125,20,P-COMP-081,ISSUE,3,EA,LOT-P-COMP-081-A,LOT-WO-0022-OUT,true,2026-08-31T07:10:00-06:00,
TEN-COOLIT-SYN-001,SITE-COOLIT-SYN-01,MES,MATERIAL_CONSUMPTION,MATCON-000260,MATCON-000260,RESOLVED,2026-08-31T07:10:00-06:00,2026-09-26T08:00:00-06:00,2026-06-29T00:00:00-06:00,,1,,false,ACTIVE,EA,,VALID,CURRENT,coolit-synthetic-v2.0.0,ALL_SYNTHETIC_CUSTOMERS,ALL_SYNTHETIC_PROGRAMS,CFG-RM-01,SYNTHETIC_INTERNAL,SNP-COOLIT-20260925-BL,SCN-BASELINE,MATCON-000260,WO-0022,MESOP-00125,20,P-COMP-088,ISSUE,4,EA,LOT-P-COMP-088-A,LOT-WO-0022-OUT,false,2026-08-31T07:10:00-06:00,
TEN-COOLIT-SYN-001,SITE-COOLIT-SYN-01,MES,MATERIAL_CONSUMPTION,MATCON-000261,MATCON-000261,RESOLVED,2026-08-31T07:10:00-06:00,2026-09-26T08:00:00-06:00,2026-06-29T00:00:00-06:00,,1,,false,ACTIVE,EA,,VALID,CURRENT,coolit-synthetic-v2.0.0,ALL_SYNTHETIC_CUSTOMERS,ALL_SYNTHETIC_PROGRAMS,CFG-RM-01,SYNTHETIC_INTERNAL,SNP-COOLIT-20260925-BL,SCN-BASELINE,MATCON-000261,WO-0022,MESOP-00125,20,P-COMP-095,ISSUE,5,EA,LOT-P-COMP-095-A,LOT-WO-0022-OUT,false,2026-08-31T07:10:00-06:00,
TEN-COOLIT-SYN-001,SITE-COOLIT-SYN-01,MES,MATERIAL_CONSUMPTION,MATCON-000262,MATCON-000262,RESOLVED,2026-08-31T07:10:00-06:00,2026-09-26T08:00:00-06:00,2026-06-29T00:00:00-06:00,,1,,false,ACTIVE,EA,,VALID,CURRENT,coolit-synthetic-v2.0.0,ALL_SYNTHETIC_CUSTOMERS,ALL_SYNTHETIC_PROGRAMS,CFG-RM-01,SYNTHETIC_INTERNAL,SNP-COOLIT-20260925-BL,SCN-BASELINE,MATCON-000262,WO-0022,MESOP-00125,20,P-COMP-102,ISSUE,6,EA,LOT-P-COMP-102-A,LOT-WO-0022-OUT,false,2026-08-31T07:10:00-06:00,
TEN-COOLIT-SYN-001,SITE-COOLIT-SYN-01,MES,MATERIAL_CONSUMPTION,MATCON-000263,MATCON-000263,RESOLVED,2026-08-31T07:10:00-06:00,2026-09-26T08:00:00-06:00,2026-06-29T00:00:00-06:00,,1,,false,ACTIVE,EA,,VALID,CURRENT,coolit-synthetic-v2.0.0,ALL_SYNTHETIC_CUSTOMERS,ALL_SYNTHETIC_PROGRAMS,CFG-RM-01,SYNTHETIC_INTERNAL,SNP-COOLIT-20260925-BL,SCN-BASELINE,MATCON-000263,WO-0022,MESOP-00125,30,P-COMP-109,ISSUE,2,EA,LOT-P-COMP-109-A,LOT-WO-0022-OUT,false,2026-08-31T07:10:00-06:00,
TEN-COOLIT-SYN-001,SITE-COOLIT-SYN-01,MES,MATERIAL_CONSUMPTION,MATCON-000264,MATCON-000264,RESOLVED,2026-08-31T07:10:00-06:00,2026-09-26T08:00:00-06:00,2026-06-29T00:00:00-06:00,,1,,false,ACTIVE,EA,,VALID,CURRENT,coolit-synthetic-v2.0.0,ALL_SYNTHETIC_CUSTOMERS,ALL_SYNTHETIC_PROGRAMS,CFG-RM-01,SYNTHETIC_INTERNAL,SNP-COOLIT-20260925-BL,SCN-BASELINE,MATCON-000264,WO-0022,MESOP-00125,30,P-COMP-116,ISSUE,3,EA,LOT-P-COMP-116-A,LOT-WO-0022-OUT,false,2026-08-31T07:10:00-06:00,
TEN-COOLIT-SYN-001,SITE-COOLIT-SYN-01,MES,MATERIAL_CONSUMPTION,MATCON-000265,MATCON-000265,RESOLVED,2026-09-03T07:10:00-06:00,2026-09-26T08:00:00-06:00,2026-06-29T00:00:00-06:00,,1,,false,ACTIVE,EA,,VALID,CURRENT,coolit-synthetic-v2.0.0,ALL_SYNTHETIC_CUSTOMERS,ALL_SYNTHETIC_PROGRAMS,CFG-CDU-04,SYNTHETIC_INTERNAL,SNP-COOLIT-20260925-BL,SCN-BASELINE,MATCON-000265,WO-0023,MESOP-00129,10,P-COMP-158,ISSUE,2,EA,LOT-P-COMP-158-A,LOT-WO-0023-OUT,true,2026-09-03T07:10:00-06:00,
TEN-COOLIT-SYN-001,SITE-COOLIT-SYN-01,MES,MATERIAL_CONSUMPTION,MATCON-000266,MATCON-000266,RESOLVED,2026-09-03T07:10:00-06:00,2026-09-26T08:00:00-06:00,2026-06-29T00:00:00-06:00,,1,,false,ACTIVE,EA,,VALID,CURRENT,coolit-synthetic-v2.0.0,ALL_SYNTHETIC_CUSTOMERS,ALL_SYNTHETIC_PROGRAMS,CFG-CDU-04,SYNTHETIC_INTERNAL,SNP-COOLIT-20260925-BL,SCN-BASELINE,MATCON-000266,WO-0023,MESOP-00129,10,P-COMP-165,ISSUE,3,EA,LOT-P-COMP-165-A,LOT-WO-0023-OUT,true,2026-09-03T07:10:00-06:00,
TEN-COOLIT-SYN-001,SITE-COOLIT-SYN-01,MES,MATERIAL_CONSUMPTION,MATCON-000267,MATCON-000267,RESOLVED,2026-09-03T07:10:00-06:00,2026-09-26T08:00:00-06:00,2026-06-29T00:00:00-06:00,,1,,false,ACTIVE,EA,,VALID,CURRENT,coolit-synthetic-v2.0.0,ALL_SYNTHETIC_CUSTOMERS,ALL_SYNTHETIC_PROGRAMS,CFG-CDU-04,SYNTHETIC_INTERNAL,SNP-COOLIT-20260925-BL,SCN-BASELINE,MATCON-000267,WO-0023,MESOP-00129,10,P-COMP-172,ISSUE,4,EA,LOT-P-COMP-172-A,LOT-WO-0023-OUT,true,2026-09-03T07:10:00-06:00,
TEN-COOLIT-SYN-001,SITE-COOLIT-SYN-01,MES,MATERIAL_CONSUMPTION,MATCON-000268,MATCON-000268,RESOLVED,2026-09-03T07:10:00-06:00,2026-09-26T08:00:00-06:00,2026-06-29T00:00:00-06:00,,1,,false,ACTIVE,EA,,VALID,CURRENT,coolit-synthetic-v2.0.0,ALL_SYNTHETIC_CUSTOMERS,ALL_SYNTHETIC_PROGRAMS,CFG-CDU-04,SYNTHETIC_INTERNAL,SNP-COOLIT-20260925-BL,SCN-BASELINE,MATCON-000268,WO-0023,MESOP-00129,10,P-COMP-179,ISSUE,5,EA,LOT-P-COMP-179-A,LOT-WO-0023-OUT,true,2026-09-03T07:10:00-06:00,
TEN-COOLIT-SYN-001,SITE-COOLIT-SYN-01,MES,MATERIAL_CONSUMPTION,MATCON-000269,MATCON-000269,RESOLVED,2026-09-03T07:10:00-06:00,2026-09-26T08:00:00-06:00,2026-06-29T00:00:00-06:00,,1,,false,ACTIVE,EA,,VALID,CURRENT,coolit-synthetic-v2.0.0,ALL_SYNTHETIC_CUSTOMERS,ALL_SYNTHETIC_PROGRAMS,CFG-CDU-04,SYNTHETIC_INTERNAL,SNP-COOLIT-20260925-BL,SCN-BASELINE,MATCON-000269,WO-0023,MESOP-00129,10,P-COMP-186,ISSUE,6,EA,LOT-P-COMP-186-A,LOT-WO-0023-OUT,true,2026-09-03T07:10:00-06:00,
TEN-COOLIT-SYN-001,SITE-COOLIT-SYN-01,MES,MATERIAL_CONSUMPTION,MATCON-000270,MATCON-000270,RESOLVED,2026-09-03T07:10:00-06:00,2026-09-26T08:00:00-06:00,2026-06-29T00:00:00-06:00,,1,,false,ACTIVE,EA,,VALID,CURRENT,coolit-synthetic-v2.0.0,ALL_SYNTHETIC_CUSTOMERS,ALL_SYNTHETIC_PROGRAMS,CFG-CDU-04,SYNTHETIC_INTERNAL,SNP-COOLIT-20260925-BL,SCN-BASELINE,MATCON-000270,WO-0023,MESOP-00129,20,P-COMP-193,ISSUE,2,EA,LOT-P-COMP-193-A,LOT-WO-0023-OUT,true,2026-09-03T07:10:00-06:00,
TEN-COOLIT-SYN-001,SITE-COOLIT-SYN-01,MES,MATERIAL_CONSUMPTION,MATCON-000271,MATCON-000271,RESOLVED,2026-09-03T07:10:00-06:00,2026-09-26T08:00:00-06:00,2026-06-29T00:00:00-06:00,,1,,false,ACTIVE,EA,,VALID,CURRENT,coolit-synthetic-v2.0.0,ALL_SYNTHETIC_CUSTOMERS,ALL_SYNTHETIC_PROGRAMS,CFG-CDU-04,SYNTHETIC_INTERNAL,SNP-COOLIT-20260925-BL,SCN-BASELINE,MATCON-000271,WO-0023,MESOP-00129,20,P-COMP-200,ISSUE,3,EA,LOT-P-COMP-200-A,LOT-WO-0023-OUT,true,2026-09-03T07:10:00-06:00,
TEN-COOLIT-SYN-001,SITE-COOLIT-SYN-01,MES,MATERIAL_CONSUMPTION,MATCON-000272,MATCON-000272,RESOLVED,2026-09-03T07:10:00-06:00,2026-09-26T08:00:00-06:00,2026-06-29T00:00:00-06:00,,1,,false,ACTIVE,EA,,VALID,CURRENT,coolit-synthetic-v2.0.0,ALL_SYNTHETIC_CUSTOMERS,ALL_SYNTHETIC_PROGRAMS,CFG-CDU-04,SYNTHETIC_INTERNAL,SNP-COOLIT-20260925-BL,SCN-BASELINE,MATCON-000272,WO-0023,MESOP-00129,20,P-COMP-207,ISSUE,4,EA,LOT-P-COMP-207-A,LOT-WO-0023-OUT,false,2026-09-03T07:10:00-06:00,
TEN-COOLIT-SYN-001,SITE-COOLIT-SYN-01,MES,MATERIAL_CONSUMPTION,MATCON-000273,MATCON-000273,RESOLVED,2026-09-03T07:10:00-06:00,2026-09-26T08:00:00-06:00,2026-06-29T00:00:00-06:00,,1,,false,ACTIVE,EA,,VALID,CURRENT,coolit-synthetic-v2.0.0,ALL_SYNTHETIC_CUSTOMERS,ALL_SYNTHETIC_PROGRAMS,CFG-CDU-04,SYNTHETIC_INTERNAL,SNP-COOLIT-20260925-BL,SCN-BASELINE,MATCON-000273,WO-0023,MESOP-00129,20,P-QD-006,ISSUE,5,EA,LOT-P-QD-006-A,LOT-WO-0023-OUT,false,2026-09-03T07:10:00-06:00,
TEN-COOLIT-SYN-001,SITE-COOLIT-SYN-01,MES,MATERIAL_CONSUMPTION,MATCON-000274,MATCON-000274,RESOLVED,2026-09-03T07:10:00-06:00,2026-09-26T08:00:00-06:00,2026-06-29T00:00:00-06:00,,1,,false,ACTIVE,EA,,VALID,CURRENT,coolit-synthetic-v2.0.0,ALL_SYNTHETIC_CUSTOMERS,ALL_SYNTHETIC_PROGRAMS,CFG-CDU-04,SYNTHETIC_INTERNAL,SNP-COOLIT-20260925-BL,SCN-BASELINE,MATCON-000274,WO-0023,MESOP-00129,20,P-PUMP-003,ISSUE,6,EA,LOT-P-PUMP-003-A,LOT-WO-0023-OUT,false,2026-09-03T07:10:00-06:00,
TEN-COOLIT-SYN-001,SITE-COOLIT-SYN-01,MES,MATERIAL_CONSUMPTION,MATCON-000275,MATCON-000275,RESOLVED,2026-09-03T07:10:00-06:00,2026-09-26T08:00:00-06:00,2026-06-29T00:00:00-06:00,,1,,false,ACTIVE,EA,,VALID,CURRENT,coolit-synthetic-v2.0.0,ALL_SYNTHETIC_CUSTOMERS,ALL_SYNTHETIC_PROGRAMS,CFG-CDU-04,SYNTHETIC_INTERNAL,SNP-COOLIT-20260925-BL,SCN-BASELINE,MATCON-000275,WO-0023,MESOP-00129,30,P-HX-002,ISSUE,2,EA,LOT-P-HX-002-A,LOT-WO-0023-OUT,false,2026-09-03T07:10:00-06:00,
TEN-COOLIT-SYN-001,SITE-COOLIT-SYN-01,MES,MATERIAL_CONSUMPTION,MATCON-000276,MATCON-000276,RESOLVED,2026-09-03T07:10:00-06:00,2026-09-26T08:00:00-06:00,2026-06-29T00:00:00-06:00,,1,,false,ACTIVE,EA,,VALID,CURRENT,coolit-synthetic-v2.0.0,ALL_SYNTHETIC_CUSTOMERS,ALL_SYNTHETIC_PROGRAMS,CFG-CDU-04,SYNTHETIC_INTERNAL,SNP-COOLIT-20260925-BL,SCN-BASELINE,MATCON-000276,WO-0023,MESOP-00129,30,P-CTRL-003,ISSUE,3,EA,LOT-P-CTRL-003-A,LOT-WO-0023-OUT,false,2026-09-03T07:10:00-06:00,
TEN-COOLIT-SYN-001,SITE-COOLIT-SYN-01,MES,MATERIAL_CONSUMPTION,MATCON-000277,MATCON-000277,RESOLVED,2026-09-06T07:10:00-06:00,2026-09-26T08:00:00-06:00,2026-06-29T00:00:00-06:00,,1,,false,ACTIVE,EA,,VALID,CURRENT,coolit-synthetic-v2.0.0,ALL_SYNTHETIC_CUSTOMERS,ALL_SYNTHETIC_PROGRAMS,CFG-RM-03,SYNTHETIC_INTERNAL,SNP-COOLIT-20260925-BL,SCN-BASELINE,MATCON-000277,WO-0024,MESOP-00133,10,P-COMP-073,ISSUE,2,EA,LOT-P-COMP-073-A,LOT-WO-0024-OUT,true,2026-09-06T07:10:00-06:00,
TEN-COOLIT-SYN-001,SITE-COOLIT-SYN-01,MES,MATERIAL_CONSUMPTION,MATCON-000278,MATCON-000278,RESOLVED,2026-09-06T07:10:00-06:00,2026-09-26T08:00:00-06:00,2026-06-29T00:00:00-06:00,,1,,false,ACTIVE,EA,,VALID,CURRENT,coolit-synthetic-v2.0.0,ALL_SYNTHETIC_CUSTOMERS,ALL_SYNTHETIC_PROGRAMS,CFG-RM-03,SYNTHETIC_INTERNAL,SNP-COOLIT-20260925-BL,SCN-BASELINE,MATCON-000278,WO-0024,MESOP-00133,10,P-COMP-080,ISSUE,3,EA,LOT-P-COMP-080-A,LOT-WO-0024-OUT,true,2026-09-06T07:10:00-06:00,
TEN-COOLIT-SYN-001,SITE-COOLIT-SYN-01,MES,MATERIAL_CONSUMPTION,MATCON-000279,MATCON-000279,RESOLVED,2026-09-06T07:10:00-06:00,2026-09-26T08:00:00-06:00,2026-06-29T00:00:00-06:00,,1,,false,ACTIVE,EA,,VALID,CURRENT,coolit-synthetic-v2.0.0,ALL_SYNTHETIC_CUSTOMERS,ALL_SYNTHETIC_PROGRAMS,CFG-RM-03,SYNTHETIC_INTERNAL,SNP-COOLIT-20260925-BL,SCN-BASELINE,MATCON-000279,WO-0024,MESOP-00133,10,P-COMP-087,ISSUE,4,EA,LOT-P-COMP-087-A,LOT-WO-0024-OUT,true,2026-09-06T07:10:00-06:00,
TEN-COOLIT-SYN-001,SITE-COOLIT-SYN-01,MES,MATERIAL_CONSUMPTION,MATCON-000280,MATCON-000280,RESOLVED,2026-09-06T07:10:00-06:00,2026-09-26T08:00:00-06:00,2026-06-29T00:00:00-06:00,,1,,false,ACTIVE,EA,,VALID,CURRENT,coolit-synthetic-v2.0.0,ALL_SYNTHETIC_CUSTOMERS,ALL_SYNTHETIC_PROGRAMS,CFG-RM-03,SYNTHETIC_INTERNAL,SNP-COOLIT-20260925-BL,SCN-BASELINE,MATCON-000280,WO-0024,MESOP-00133,10,P-COMP-094,ISSUE,5,EA,LOT-P-COMP-094-A,LOT-WO-0024-OUT,true,2026-09-06T07:10:00-06:00,
TEN-COOLIT-SYN-001,SITE-COOLIT-SYN-01,MES,MATERIAL_CONSUMPTION,MATCON-000281,MATCON-000281,RESOLVED,2026-09-06T07:10:00-06:00,2026-09-26T08:00:00-06:00,2026-06-29T00:00:00-06:00,,1,,false,ACTIVE,EA,,VALID,CURRENT,coolit-synthetic-v2.0.0,ALL_SYNTHETIC_CUSTOMERS,ALL_SYNTHETIC_PROGRAMS,CFG-RM-03,SYNTHETIC_INTERNAL,SNP-COOLIT-20260925-BL,SCN-BASELINE,MATCON-000281,WO-0024,MESOP-00133,10,P-COMP-101,ISSUE,6,EA,LOT-P-COMP-101-A,LOT-WO-0024-OUT,true,2026-09-06T07:10:00-06:00,
TEN-COOLIT-SYN-001,SITE-COOLIT-SYN-01,MES,MATERIAL_CONSUMPTION,MATCON-000282,MATCON-000282,RESOLVED,2026-09-06T07:10:00-06:00,2026-09-26T08:00:00-06:00,2026-06-29T00:00:00-06:00,,1,,false,ACTIVE,EA,,VALID,CURRENT,coolit-synthetic-v2.0.0,ALL_SYNTHETIC_CUSTOMERS,ALL_SYNTHETIC_PROGRAMS,CFG-RM-03,SYNTHETIC_INTERNAL,SNP-COOLIT-20260925-BL,SCN-BASELINE,MATCON-000282,WO-0024,MESOP-00133,20,P-COMP-108,ISSUE,2,EA,LOT-P-COMP-108-A,LOT-WO-0024-OUT,true,2026-09-06T07:10:00-06:00,
TEN-COOLIT-SYN-001,SITE-COOLIT-SYN-01,MES,MATERIAL_CONSUMPTION,MATCON-000283,MATCON-000283,RESOLVED,2026-09-06T07:10:00-06:00,2026-09-26T08:00:00-06:00,2026-06-29T00:00:00-06:00,,1,,false,ACTIVE,EA,,VALID,CURRENT,coolit-synthetic-v2.0.0,ALL_SYNTHETIC_CUSTOMERS,ALL_SYNTHETIC_PROGRAMS,CFG-RM-03,SYNTHETIC_INTERNAL,SNP-COOLIT-20260925-BL,SCN-BASELINE,MATCON-000283,WO-0024,MESOP-00133,20,P-COMP-115,ISSUE,3,EA,LOT-P-COMP-115-A,LOT-WO-0024-OUT,true,2026-09-06T07:10:00-06:00,
TEN-COOLIT-SYN-001,SITE-COOLIT-SYN-01,MES,MATERIAL_CONSUMPTION,MATCON-000284,MATCON-000284,RESOLVED,2026-09-06T07:10:00-06:00,2026-09-26T08:00:00-06:00,2026-06-29T00:00:00-06:00,,1,,false,ACTIVE,EA,,VALID,CURRENT,coolit-synthetic-v2.0.0,ALL_SYNTHETIC_CUSTOMERS,ALL_SYNTHETIC_PROGRAMS,CFG-RM-03,SYNTHETIC_INTERNAL,SNP-COOLIT-20260925-BL,SCN-BASELINE,MATCON-000284,WO-0024,MESOP-00133,20,P-COMP-122,ISSUE,4,EA,LOT-P-COMP-122-A,LOT-WO-0024-OUT,false,2026-09-06T07:10:00-06:00,
TEN-COOLIT-SYN-001,SITE-COOLIT-SYN-01,MES,MATERIAL_CONSUMPTION,MATCON-000285,MATCON-000285,RESOLVED,2026-09-06T07:10:00-06:00,2026-09-26T08:00:00-06:00,2026-06-29T00:00:00-06:00,,1,,false,ACTIVE,EA,,VALID,CURRENT,coolit-synthetic-v2.0.0,ALL_SYNTHETIC_CUSTOMERS,ALL_SYNTHETIC_PROGRAMS,CFG-RM-03,SYNTHETIC_INTERNAL,SNP-COOLIT-20260925-BL,SCN-BASELINE,MATCON-000285,WO-0024,MESOP-00133,20,P-COMP-129,ISSUE,5,EA,LOT-P-COMP-129-A,LOT-WO-0024-OUT,false,2026-09-06T07:10:00-06:00,
TEN-COOLIT-SYN-001,SITE-COOLIT-SYN-01,MES,MATERIAL_CONSUMPTION,MATCON-000286,MATCON-000286,RESOLVED,2026-09-06T07:10:00-06:00,2026-09-26T08:00:00-06:00,2026-06-29T00:00:00-06:00,,1,,false,ACTIVE,EA,,VALID,CURRENT,coolit-synthetic-v2.0.0,ALL_SYNTHETIC_CUSTOMERS,ALL_SYNTHETIC_PROGRAMS,CFG-RM-03,SYNTHETIC_INTERNAL,SNP-COOLIT-20260925-BL,SCN-BASELINE,MATCON-000286,WO-0024,MESOP-00133,20,P-COMP-136,ISSUE,6,EA,LOT-P-COMP-136-A,LOT-WO-0024-OUT,false,2026-09-06T07:10:00-06:00,
TEN-COOLIT-SYN-001,SITE-COOLIT-SYN-01,MES,MATERIAL_CONSUMPTION,MATCON-000287,MATCON-000287,RESOLVED,2026-09-06T07:10:00-06:00,2026-09-26T08:00:00-06:00,2026-06-29T00:00:00-06:00,,1,,false,ACTIVE,EA,,VALID,CURRENT,coolit-synthetic-v2.0.0,ALL_SYNTHETIC_CUSTOMERS,ALL_SYNTHETIC_PROGRAMS,CFG-RM-03,SYNTHETIC_INTERNAL,SNP-COOLIT-20260925-BL,SCN-BASELINE,MATCON-000287,WO-0024,MESOP-00133,30,P-COMP-143,ISSUE,2,EA,LOT-P-COMP-143-A,LOT-WO-0024-OUT,false,2026-09-06T07:10:00-06:00,
TEN-COOLIT-SYN-001,SITE-COOLIT-SYN-01,MES,MATERIAL_CONSUMPTION,MATCON-000288,MATCON-000288,RESOLVED,2026-09-06T07:10:00-06:00,2026-09-26T08:00:00-06:00,2026-06-29T00:00:00-06:00,,1,,false,ACTIVE,EA,,VALID,CURRENT,coolit-synthetic-v2.0.0,ALL_SYNTHETIC_CUSTOMERS,ALL_SYNTHETIC_PROGRAMS,CFG-RM-03,SYNTHETIC_INTERNAL,SNP-COOLIT-20260925-BL,SCN-BASELINE,MATCON-000288,WO-0024,MESOP-00133,30,P-COMP-150,ISSUE,3,EA,LOT-P-COMP-150-A,LOT-WO-0024-OUT,false,2026-09-06T07:10:00-06:00,
TEN-COOLIT-SYN-001,SITE-COOLIT-SYN-01,MES,MATERIAL_CONSUMPTION,MATCON-000289,MATCON-000289,RESOLVED,2026-09-09T07:10:00-06:00,2026-09-26T08:00:00-06:00,2026-06-29T00:00:00-06:00,,1,,false,ACTIVE,EA,,VALID,CURRENT,coolit-synthetic-v2.0.0,ALL_SYNTHETIC_CUSTOMERS,ALL_SYNTHETIC_PROGRAMS,CFG-CPL-02,SYNTHETIC_INTERNAL,SNP-COOLIT-20260925-BL,SCN-BASELINE,MATCON-000289,WO-0025,MESOP-00137,10,P-PUMP-008,ISSUE,2,EA,LOT-P-PUMP-008-A,LOT-WO-0025-OUT,true,2026-09-09T07:10:00-06:00,
TEN-COOLIT-SYN-001,SITE-COOLIT-SYN-01,MES,MATERIAL_CONSUMPTION,MATCON-000290,MATCON-000290,RESOLVED,2026-09-09T07:10:00-06:00,2026-09-26T08:00:00-06:00,2026-06-29T00:00:00-06:00,,1,,false,ACTIVE,EA,,VALID,CURRENT,coolit-synthetic-v2.0.0,ALL_SYNTHETIC_CUSTOMERS,ALL_SYNTHETIC_PROGRAMS,CFG-CPL-02,SYNTHETIC_INTERNAL,SNP-COOLIT-20260925-BL,SCN-BASELINE,MATCON-000290,WO-0025,MESOP-00137,10,P-CTRL-001,ISSUE,3,EA,LOT-P-CTRL-001-A,LOT-WO-0025-OUT,true,2026-09-09T07:10:00-06:00,
TEN-COOLIT-SYN-001,SITE-COOLIT-SYN-01,MES,MATERIAL_CONSUMPTION,MATCON-000291,MATCON-000291,RESOLVED,2026-09-09T07:10:00-06:00,2026-09-26T08:00:00-06:00,2026-06-29T00:00:00-06:00,,1,,false,ACTIVE,EA,,VALID,CURRENT,coolit-synthetic-v2.0.0,ALL_SYNTHETIC_CUSTOMERS,ALL_SYNTHETIC_PROGRAMS,CFG-CPL-02,SYNTHETIC_INTERNAL,SNP-COOLIT-20260925-BL,SCN-BASELINE,MATCON-000291,WO-0025,MESOP-00137,10,P-COMP-002,ISSUE,4,EA,LOT-P-COMP-002-A,LOT-WO-0025-OUT,true,2026-09-09T07:10:00-06:00,
TEN-COOLIT-SYN-001,SITE-COOLIT-SYN-01,MES,MATERIAL_CONSUMPTION,MATCON-000292,MATCON-000292,RESOLVED,2026-09-09T07:10:00-06:00,2026-09-26T08:00:00-06:00,2026-06-29T00:00:00-06:00,,1,,false,ACTIVE,EA,,VALID,CURRENT,coolit-synthetic-v2.0.0,ALL_SYNTHETIC_CUSTOMERS,ALL_SYNTHETIC_PROGRAMS,CFG-CPL-02,SYNTHETIC_INTERNAL,SNP-COOLIT-20260925-BL,SCN-BASELINE,MATCON-000292,WO-0025,MESOP-00137,10,P-COMP-009,ISSUE,5,EA,LOT-P-COMP-009-A,LOT-WO-0025-OUT,true,2026-09-09T07:10:00-06:00,
TEN-COOLIT-SYN-001,SITE-COOLIT-SYN-01,MES,MATERIAL_CONSUMPTION,MATCON-000293,MATCON-000293,RESOLVED,2026-09-09T07:10:00-06:00,2026-09-26T08:00:00-06:00,2026-06-29T00:00:00-06:00,,1,,false,ACTIVE,EA,,VALID,CURRENT,coolit-synthetic-v2.0.0,ALL_SYNTHETIC_CUSTOMERS,ALL_SYNTHETIC_PROGRAMS,CFG-CPL-02,SYNTHETIC_INTERNAL,SNP-COOLIT-20260925-BL,SCN-BASELINE,MATCON-000293,WO-0025,MESOP-00137,10,P-COMP-016,ISSUE,6,EA,LOT-P-COMP-016-A,LOT-WO-0025-OUT,true,2026-09-09T07:10:00-06:00,
TEN-COOLIT-SYN-001,SITE-COOLIT-SYN-01,MES,MATERIAL_CONSUMPTION,MATCON-000294,MATCON-000294,RESOLVED,2026-09-09T07:10:00-06:00,2026-09-26T08:00:00-06:00,2026-06-29T00:00:00-06:00,,1,,false,ACTIVE,EA,,VALID,CURRENT,coolit-synthetic-v2.0.0,ALL_SYNTHETIC_CUSTOMERS,ALL_SYNTHETIC_PROGRAMS,CFG-CPL-02,SYNTHETIC_INTERNAL,SNP-COOLIT-20260925-BL,SCN-BASELINE,MATCON-000294,WO-0025,MESOP-00137,20,P-COMP-023,ISSUE,2,EA,LOT-P-COMP-023-A,LOT-WO-0025-OUT,true,2026-09-09T07:10:00-06:00,
TEN-COOLIT-SYN-001,SITE-COOLIT-SYN-01,MES,MATERIAL_CONSUMPTION,MATCON-000295,MATCON-000295,RESOLVED,2026-09-09T07:10:00-06:00,2026-09-26T08:00:00-06:00,2026-06-29T00:00:00-06:00,,1,,false,ACTIVE,EA,,VALID,CURRENT,coolit-synthetic-v2.0.0,ALL_SYNTHETIC_CUSTOMERS,ALL_SYNTHETIC_PROGRAMS,CFG-CPL-02,SYNTHETIC_INTERNAL,SNP-COOLIT-20260925-BL,SCN-BASELINE,MATCON-000295,WO-0025,MESOP-00137,20,P-COMP-030,ISSUE,3,EA,LOT-P-COMP-030-A,LOT-WO-0025-OUT,true,2026-09-09T07:10:00-06:00,
TEN-COOLIT-SYN-001,SITE-COOLIT-SYN-01,MES,MATERIAL_CONSUMPTION,MATCON-000296,MATCON-000296,RESOLVED,2026-09-09T07:10:00-06:00,2026-09-26T08:00:00-06:00,2026-06-29T00:00:00-06:00,,1,,false,ACTIVE,EA,,VALID,CURRENT,coolit-synthetic-v2.0.0,ALL_SYNTHETIC_CUSTOMERS,ALL_SYNTHETIC_PROGRAMS,CFG-CPL-02,SYNTHETIC_INTERNAL,SNP-COOLIT-20260925-BL,SCN-BASELINE,MATCON-000296,WO-0025,MESOP-00137,20,P-COMP-037,ISSUE,4,EA,LOT-P-COMP-037-A,LOT-WO-0025-OUT,false,2026-09-09T07:10:00-06:00,
TEN-COOLIT-SYN-001,SITE-COOLIT-SYN-01,MES,MATERIAL_CONSUMPTION,MATCON-000297,MATCON-000297,RESOLVED,2026-09-09T07:10:00-06:00,2026-09-26T08:00:00-06:00,2026-06-29T00:00:00-06:00,,1,,false,ACTIVE,EA,,VALID,CURRENT,coolit-synthetic-v2.0.0,ALL_SYNTHETIC_CUSTOMERS,ALL_SYNTHETIC_PROGRAMS,CFG-CPL-02,SYNTHETIC_INTERNAL,SNP-COOLIT-20260925-BL,SCN-BASELINE,MATCON-000297,WO-0025,MESOP-00137,20,P-COMP-044,ISSUE,5,EA,LOT-P-COMP-044-A,LOT-WO-0025-OUT,false,2026-09-09T07:10:00-06:00,
TEN-COOLIT-SYN-001,SITE-COOLIT-SYN-01,MES,MATERIAL_CONSUMPTION,MATCON-000298,MATCON-000298,RESOLVED,2026-09-09T07:10:00-06:00,2026-09-26T08:00:00-06:00,2026-06-29T00:00:00-06:00,,1,,false,ACTIVE,EA,,VALID,CURRENT,coolit-synthetic-v2.0.0,ALL_SYNTHETIC_CUSTOMERS,ALL_SYNTHETIC_PROGRAMS,CFG-CPL-02,SYNTHETIC_INTERNAL,SNP-COOLIT-20260925-BL,SCN-BASELINE,MATCON-000298,WO-0025,MESOP-00137,20,P-COMP-051,ISSUE,6,EA,LOT-P-COMP-051-A,LOT-WO-0025-OUT,false,2026-09-09T07:10:00-06:00,
TEN-COOLIT-SYN-001,SITE-COOLIT-SYN-01,MES,MATERIAL_CONSUMPTION,MATCON-000299,MATCON-000299,RESOLVED,2026-09-09T07:10:00-06:00,2026-09-26T08:00:00-06:00,2026-06-29T00:00:00-06:00,,1,,false,ACTIVE,EA,,VALID,CURRENT,coolit-synthetic-v2.0.0,ALL_SYNTHETIC_CUSTOMERS,ALL_SYNTHETIC_PROGRAMS,CFG-CPL-02,SYNTHETIC_INTERNAL,SNP-COOLIT-20260925-BL,SCN-BASELINE,MATCON-000299,WO-0025,MESOP-00137,30,P-COMP-058,ISSUE,2,EA,LOT-P-COMP-058-A,LOT-WO-0025-OUT,false,2026-09-09T07:10:00-06:00,
TEN-COOLIT-SYN-001,SITE-COOLIT-SYN-01,MES,MATERIAL_CONSUMPTION,MATCON-000300,MATCON-000300,RESOLVED,2026-09-09T07:10:00-06:00,2026-09-26T08:00:00-06:00,2026-06-29T00:00:00-06:00,,1,,false,ACTIVE,EA,,VALID,CURRENT,coolit-synthetic-v2.0.0,ALL_SYNTHETIC_CUSTOMERS,ALL_SYNTHETIC_PROGRAMS,CFG-CPL-02,SYNTHETIC_INTERNAL,SNP-COOLIT-20260925-BL,SCN-BASELINE,MATCON-000300,WO-0025,MESOP-00137,30,P-COMP-065,ISSUE,3,EA,LOT-P-COMP-065-A,LOT-WO-0025-OUT,false,2026-09-09T07:10:00-06:00,
TEN-COOLIT-SYN-001,SITE-COOLIT-SYN-01,MES,MATERIAL_CONSUMPTION,MATCON-000301,MATCON-000301,RESOLVED,2026-09-12T07:10:00-06:00,2026-09-26T08:00:00-06:00,2026-06-29T00:00:00-06:00,,1,,false,ACTIVE,EA,,VALID,CURRENT,coolit-synthetic-v2.0.0,ALL_SYNTHETIC_CUSTOMERS,ALL_SYNTHETIC_PROGRAMS,CFG-CDU-01,SYNTHETIC_INTERNAL,SNP-COOLIT-20260925-BL,SCN-BASELINE,MATCON-000301,WO-0026,MESOP-00141,10,P-COMP-107,ISSUE,2,EA,LOT-P-COMP-107-A,LOT-WO-0026-OUT,true,2026-09-12T07:10:00-06:00,
TEN-COOLIT-SYN-001,SITE-COOLIT-SYN-01,MES,MATERIAL_CONSUMPTION,MATCON-000302,MATCON-000302,RESOLVED,2026-09-12T07:10:00-06:00,2026-09-26T08:00:00-06:00,2026-06-29T00:00:00-06:00,,1,,false,ACTIVE,EA,,VALID,CURRENT,coolit-synthetic-v2.0.0,ALL_SYNTHETIC_CUSTOMERS,ALL_SYNTHETIC_PROGRAMS,CFG-CDU-01,SYNTHETIC_INTERNAL,SNP-COOLIT-20260925-BL,SCN-BASELINE,MATCON-000302,WO-0026,MESOP-00141,10,P-COMP-114,ISSUE,3,EA,LOT-P-COMP-114-A,LOT-WO-0026-OUT,true,2026-09-12T07:10:00-06:00,
TEN-COOLIT-SYN-001,SITE-COOLIT-SYN-01,MES,MATERIAL_CONSUMPTION,MATCON-000303,MATCON-000303,RESOLVED,2026-09-12T07:10:00-06:00,2026-09-26T08:00:00-06:00,2026-06-29T00:00:00-06:00,,1,,false,ACTIVE,EA,,VALID,CURRENT,coolit-synthetic-v2.0.0,ALL_SYNTHETIC_CUSTOMERS,ALL_SYNTHETIC_PROGRAMS,CFG-CDU-01,SYNTHETIC_INTERNAL,SNP-COOLIT-20260925-BL,SCN-BASELINE,MATCON-000303,WO-0026,MESOP-00141,10,P-COMP-121,ISSUE,4,EA,LOT-P-COMP-121-A,LOT-WO-0026-OUT,true,2026-09-12T07:10:00-06:00,
TEN-COOLIT-SYN-001,SITE-COOLIT-SYN-01,MES,MATERIAL_CONSUMPTION,MATCON-000304,MATCON-000304,RESOLVED,2026-09-12T07:10:00-06:00,2026-09-26T08:00:00-06:00,2026-06-29T00:00:00-06:00,,1,,false,ACTIVE,EA,,VALID,CURRENT,coolit-synthetic-v2.0.0,ALL_SYNTHETIC_CUSTOMERS,ALL_SYNTHETIC_PROGRAMS,CFG-CDU-01,SYNTHETIC_INTERNAL,SNP-COOLIT-20260925-BL,SCN-BASELINE,MATCON-000304,WO-0026,MESOP-00141,10,P-COMP-128,ISSUE,5,EA,LOT-P-COMP-128-A,LOT-WO-0026-OUT,true,2026-09-12T07:10:00-06:00,
TEN-COOLIT-SYN-001,SITE-COOLIT-SYN-01,MES,MATERIAL_CONSUMPTION,MATCON-000305,MATCON-000305,RESOLVED,2026-09-12T07:10:00-06:00,2026-09-26T08:00:00-06:00,2026-06-29T00:00:00-06:00,,1,,false,ACTIVE,EA,,VALID,CURRENT,coolit-synthetic-v2.0.0,ALL_SYNTHETIC_CUSTOMERS,ALL_SYNTHETIC_PROGRAMS,CFG-CDU-01,SYNTHETIC_INTERNAL,SNP-COOLIT-20260925-BL,SCN-BASELINE,MATCON-000305,WO-0026,MESOP-00141,10,P-COMP-135,ISSUE,6,EA,LOT-P-COMP-135-A,LOT-WO-0026-OUT,true,2026-09-12T07:10:00-06:00,
TEN-COOLIT-SYN-001,SITE-COOLIT-SYN-01,MES,MATERIAL_CONSUMPTION,MATCON-000306,MATCON-000306,RESOLVED,2026-09-12T07:10:00-06:00,2026-09-26T08:00:00-06:00,2026-06-29T00:00:00-06:00,,1,,false,ACTIVE,EA,,VALID,CURRENT,coolit-synthetic-v2.0.0,ALL_SYNTHETIC_CUSTOMERS,ALL_SYNTHETIC_PROGRAMS,CFG-CDU-01,SYNTHETIC_INTERNAL,SNP-COOLIT-20260925-BL,SCN-BASELINE,MATCON-000306,WO-0026,MESOP-00141,20,P-COMP-142,ISSUE,2,EA,LOT-P-COMP-142-A,LOT-WO-0026-OUT,true,2026-09-12T07:10:00-06:00,
TEN-COOLIT-SYN-001,SITE-COOLIT-SYN-01,MES,MATERIAL_CONSUMPTION,MATCON-000307,MATCON-000307,RESOLVED,2026-09-12T07:10:00-06:00,2026-09-26T08:00:00-06:00,2026-06-29T00:00:00-06:00,,1,,false,ACTIVE,EA,,VALID,CURRENT,coolit-synthetic-v2.0.0,ALL_SYNTHETIC_CUSTOMERS,ALL_SYNTHETIC_PROGRAMS,CFG-CDU-01,SYNTHETIC_INTERNAL,SNP-COOLIT-20260925-BL,SCN-BASELINE,MATCON-000307,WO-0026,MESOP-00141,20,P-COMP-149,ISSUE,3,EA,LOT-P-COMP-149-A,LOT-WO-0026-OUT,true,2026-09-12T07:10:00-06:00,
TEN-COOLIT-SYN-001,SITE-COOLIT-SYN-01,MES,MATERIAL_CONSUMPTION,MATCON-000308,MATCON-000308,RESOLVED,2026-09-12T07:10:00-06:00,2026-09-26T08:00:00-06:00,2026-06-29T00:00:00-06:00,,1,,false,ACTIVE,EA,,VALID,CURRENT,coolit-synthetic-v2.0.0,ALL_SYNTHETIC_CUSTOMERS,ALL_SYNTHETIC_PROGRAMS,CFG-CDU-01,SYNTHETIC_INTERNAL,SNP-COOLIT-20260925-BL,SCN-BASELINE,MATCON-000308,WO-0026,MESOP-00141,20,P-COMP-156,ISSUE,4,EA,LOT-P-COMP-156-A,LOT-WO-0026-OUT,false,2026-09-12T07:10:00-06:00,
TEN-COOLIT-SYN-001,SITE-COOLIT-SYN-01,MES,MATERIAL_CONSUMPTION,MATCON-000309,MATCON-000309,RESOLVED,2026-09-12T07:10:00-06:00,2026-09-26T08:00:00-06:00,2026-06-29T00:00:00-06:00,,1,,false,ACTIVE,EA,,VALID,CURRENT,coolit-synthetic-v2.0.0,ALL_SYNTHETIC_CUSTOMERS,ALL_SYNTHETIC_PROGRAMS,CFG-CDU-01,SYNTHETIC_INTERNAL,SNP-COOLIT-20260925-BL,SCN-BASELINE,MATCON-000309,WO-0026,MESOP-00141,20,P-COMP-163,ISSUE,5,EA,LOT-P-COMP-163-A,LOT-WO-0026-OUT,false,2026-09-12T07:10:00-06:00,
TEN-COOLIT-SYN-001,SITE-COOLIT-SYN-01,MES,MATERIAL_CONSUMPTION,MATCON-000310,MATCON-000310,RESOLVED,2026-09-12T07:10:00-06:00,2026-09-26T08:00:00-06:00,2026-06-29T00:00:00-06:00,,1,,false,ACTIVE,EA,,VALID,CURRENT,coolit-synthetic-v2.0.0,ALL_SYNTHETIC_CUSTOMERS,ALL_SYNTHETIC_PROGRAMS,CFG-CDU-01,SYNTHETIC_INTERNAL,SNP-COOLIT-20260925-BL,SCN-BASELINE,MATCON-000310,WO-0026,MESOP-00141,20,P-COMP-170,ISSUE,6,EA,LOT-P-COMP-170-A,LOT-WO-0026-OUT,false,2026-09-12T07:10:00-06:00,
TEN-COOLIT-SYN-001,SITE-COOLIT-SYN-01,MES,MATERIAL_CONSUMPTION,MATCON-000311,MATCON-000311,RESOLVED,2026-09-12T07:10:00-06:00,2026-09-26T08:00:00-06:00,2026-06-29T00:00:00-06:00,,1,,false,ACTIVE,EA,,VALID,CURRENT,coolit-synthetic-v2.0.0,ALL_SYNTHETIC_CUSTOMERS,ALL_SYNTHETIC_PROGRAMS,CFG-CDU-01,SYNTHETIC_INTERNAL,SNP-COOLIT-20260925-BL,SCN-BASELINE,MATCON-000311,WO-0026,MESOP-00141,30,P-COMP-177,ISSUE,2,EA,LOT-P-COMP-177-A,LOT-WO-0026-OUT,false,2026-09-12T07:10:00-06:00,
TEN-COOLIT-SYN-001,SITE-COOLIT-SYN-01,MES,MATERIAL_CONSUMPTION,MATCON-000312,MATCON-000312,RESOLVED,2026-09-12T07:10:00-06:00,2026-09-26T08:00:00-06:00,2026-06-29T00:00:00-06:00,,1,,false,ACTIVE,EA,,VALID,CURRENT,coolit-synthetic-v2.0.0,ALL_SYNTHETIC_CUSTOMERS,ALL_SYNTHETIC_PROGRAMS,CFG-CDU-01,SYNTHETIC_INTERNAL,SNP-COOLIT-20260925-BL,SCN-BASELINE,MATCON-000312,WO-0026,MESOP-00141,30,P-COMP-184,ISSUE,3,EA,LOT-P-COMP-184-A,LOT-WO-0026-OUT,false,2026-09-12T07:10:00-06:00,
