tenant_id,site_id,source_system,source_object,source_record_id,canonical_id,crosswalk_status,source_event_at,ingested_at,effective_from,effective_to,record_version,supersedes_source_record_id,is_deleted,semantic_status,uom,currency,data_quality_state,freshness_state,transformation_version,customer_scope,program_scope,product_scope,sensitivity_class,snapshot_id,scenario_id,forecast_snapshot_id,calendar_week_id,opportunity_id,opportunity_product_id,account_id,program_id,configuration_id,stage,probability_pct,seller_category,expected_close_date,forecast_quantity,forecast_amount_usd,actual_won_quantity,snapshot_state
TEN-COOLIT-SYN-001,SITE-COOLIT-SYN-01,CRM,FORECAST_SNAPSHOT,FCST-001-001,OPP-0001,RESOLVED,2024-10-04T18:00:00-06:00,2026-09-26T08:00:00-06:00,2026-06-29T00:00:00-06:00,,1,,false,ACTIVE,,USD,VALID,CURRENT,coolit-synthetic-v2.0.0,CUST-001,PRG-001,CFG-CPL-02,SYNTHETIC_INTERNAL,SNP-COOLIT-20260925-BL,SCN-BASELINE,FCST-001-001,2026-H01,OPP-0001,OPPL-0001,ACC-001,PRG-001,CFG-CPL-02,QUALIFICATION,0.2,PIPELINE,2024-11-08,2,13400,0,CLOSED_PERIOD
TEN-COOLIT-SYN-001,SITE-COOLIT-SYN-01,CRM,FORECAST_SNAPSHOT,FCST-001-002,OPP-0002,RESOLVED,2024-10-04T18:00:00-06:00,2026-09-26T08:00:00-06:00,2026-06-29T00:00:00-06:00,,1,,false,ACTIVE,,USD,VALID,CURRENT,coolit-synthetic-v2.0.0,CUST-002,PRG-002,CFG-RM-03,SYNTHETIC_INTERNAL,SNP-COOLIT-20260925-BL,SCN-BASELINE,FCST-001-002,2026-H01,OPP-0002,OPPL-0002,ACC-002,PRG-002,CFG-RM-03,QUALIFICATION,0.2,PIPELINE,2024-11-15,3,23400,0,CLOSED_PERIOD
TEN-COOLIT-SYN-001,SITE-COOLIT-SYN-01,CRM,FORECAST_SNAPSHOT,FCST-001-003,OPP-0003,RESOLVED,2024-10-04T18:00:00-06:00,2026-09-26T08:00:00-06:00,2026-06-29T00:00:00-06:00,,1,,false,ACTIVE,,USD,VALID,CURRENT,coolit-synthetic-v2.0.0,CUST-003,PRG-003,CFG-CDU-04,SYNTHETIC_INTERNAL,SNP-COOLIT-20260925-BL,SCN-BASELINE,FCST-001-003,2026-H01,OPP-0003,OPPL-0003,ACC-003,PRG-003,CFG-CDU-04,QUALIFICATION,0.2,PIPELINE,2024-11-22,4,432000,0,CLOSED_PERIOD
TEN-COOLIT-SYN-001,SITE-COOLIT-SYN-01,CRM,FORECAST_SNAPSHOT,FCST-001-004,OPP-0004,RESOLVED,2024-10-04T18:00:00-06:00,2026-09-26T08:00:00-06:00,2026-06-29T00:00:00-06:00,,1,,false,ACTIVE,,USD,VALID,CURRENT,coolit-synthetic-v2.0.0,CUST-004,PRG-004,CFG-RM-01,SYNTHETIC_INTERNAL,SNP-COOLIT-20260925-BL,SCN-BASELINE,FCST-001-004,2026-H01,OPP-0004,OPPL-0004,ACC-004,PRG-004,CFG-RM-01,QUALIFICATION,0.2,PIPELINE,2024-11-29,6,33600,0,CLOSED_PERIOD
TEN-COOLIT-SYN-001,SITE-COOLIT-SYN-01,CRM,FORECAST_SNAPSHOT,FCST-001-005,OPP-0005,RESOLVED,2024-10-04T18:00:00-06:00,2026-09-26T08:00:00-06:00,2026-06-29T00:00:00-06:00,,1,,false,ACTIVE,,USD,VALID,CURRENT,coolit-synthetic-v2.0.0,CUST-005,PRG-005,CFG-CDU-02,SYNTHETIC_INTERNAL,SNP-COOLIT-20260925-BL,SCN-BASELINE,FCST-001-005,2026-H01,OPP-0005,OPPL-0005,ACC-005,PRG-005,CFG-CDU-02,QUALIFICATION,0.2,PIPELINE,2024-12-06,7,630000,0,CLOSED_PERIOD
TEN-COOLIT-SYN-001,SITE-COOLIT-SYN-01,CRM,FORECAST_SNAPSHOT,FCST-001-006,OPP-0006,RESOLVED,2024-10-04T18:00:00-06:00,2026-09-26T08:00:00-06:00,2026-06-29T00:00:00-06:00,,1,,false,ACTIVE,,USD,VALID,CURRENT,coolit-synthetic-v2.0.0,CUST-006,PRG-006,CFG-CPL-03,SYNTHETIC_INTERNAL,SNP-COOLIT-20260925-BL,SCN-BASELINE,FCST-001-006,2026-H01,OPP-0006,OPPL-0006,ACC-006,PRG-006,CFG-CPL-03,QUALIFICATION,0.2,PIPELINE,2024-12-13,8,62400,0,CLOSED_PERIOD
TEN-COOLIT-SYN-001,SITE-COOLIT-SYN-01,CRM,FORECAST_SNAPSHOT,FCST-001-007,OPP-0007,RESOLVED,2024-10-04T18:00:00-06:00,2026-09-26T08:00:00-06:00,2026-06-29T00:00:00-06:00,,1,,false,ACTIVE,,USD,VALID,CURRENT,coolit-synthetic-v2.0.0,CUST-007,PRG-007,CFG-RM-04,SYNTHETIC_INTERNAL,SNP-COOLIT-20260925-BL,SCN-BASELINE,FCST-001-007,2026-H01,OPP-0007,OPPL-0007,ACC-007,PRG-007,CFG-RM-04,QUALIFICATION,0.2,PIPELINE,2024-12-20,10,89000,0,CLOSED_PERIOD
TEN-COOLIT-SYN-001,SITE-COOLIT-SYN-01,CRM,FORECAST_SNAPSHOT,FCST-001-008,OPP-0008,RESOLVED,2024-10-04T18:00:00-06:00,2026-09-26T08:00:00-06:00,2026-06-29T00:00:00-06:00,,1,,false,ACTIVE,,USD,VALID,CURRENT,coolit-synthetic-v2.0.0,CUST-008,PRG-008,CFG-CPL-01,SYNTHETIC_INTERNAL,SNP-COOLIT-20260925-BL,SCN-BASELINE,FCST-001-008,2026-H01,OPP-0008,OPPL-0008,ACC-008,PRG-008,CFG-CPL-01,QUALIFICATION,0.2,PIPELINE,2024-12-27,9,50400,0,CLOSED_PERIOD
TEN-COOLIT-SYN-001,SITE-COOLIT-SYN-01,CRM,FORECAST_SNAPSHOT,FCST-001-009,OPP-0009,RESOLVED,2024-10-04T18:00:00-06:00,2026-09-26T08:00:00-06:00,2026-06-29T00:00:00-06:00,,1,,false,ACTIVE,,USD,VALID,CURRENT,coolit-synthetic-v2.0.0,CUST-009,PRG-001,CFG-RM-02,SYNTHETIC_INTERNAL,SNP-COOLIT-20260925-BL,SCN-BASELINE,FCST-001-009,2026-H01,OPP-0009,OPPL-0009,ACC-009,PRG-001,CFG-RM-02,QUALIFICATION,0.2,PIPELINE,2025-01-03,11,73700,0,CLOSED_PERIOD
TEN-COOLIT-SYN-001,SITE-COOLIT-SYN-01,CRM,FORECAST_SNAPSHOT,FCST-001-010,OPP-0010,RESOLVED,2024-10-04T18:00:00-06:00,2026-09-26T08:00:00-06:00,2026-06-29T00:00:00-06:00,,1,,false,ACTIVE,,USD,VALID,CURRENT,coolit-synthetic-v2.0.0,CUST-010,PRG-002,CFG-CDU-03,SYNTHETIC_INTERNAL,SNP-COOLIT-20260925-BL,SCN-BASELINE,FCST-001-010,2026-H01,OPP-0010,OPPL-0010,ACC-010,PRG-002,CFG-CDU-03,QUALIFICATION,0.2,PIPELINE,2025-01-10,2,198000,0,CLOSED_PERIOD
TEN-COOLIT-SYN-001,SITE-COOLIT-SYN-01,CRM,FORECAST_SNAPSHOT,FCST-001-011,OPP-0011,RESOLVED,2024-10-04T18:00:00-06:00,2026-09-26T08:00:00-06:00,2026-06-29T00:00:00-06:00,,1,,false,ACTIVE,,USD,VALID,CURRENT,coolit-synthetic-v2.0.0,CUST-001,PRG-003,CFG-CPL-04,SYNTHETIC_INTERNAL,SNP-COOLIT-20260925-BL,SCN-BASELINE,FCST-001-011,2026-H01,OPP-0011,OPPL-0011,ACC-001,PRG-003,CFG-CPL-04,QUALIFICATION,0.2,PIPELINE,2025-01-17,3,26700,0,CLOSED_PERIOD
TEN-COOLIT-SYN-001,SITE-COOLIT-SYN-01,CRM,FORECAST_SNAPSHOT,FCST-001-012,OPP-0012,RESOLVED,2024-10-04T18:00:00-06:00,2026-09-26T08:00:00-06:00,2026-06-29T00:00:00-06:00,,1,,false,ACTIVE,,USD,VALID,CURRENT,coolit-synthetic-v2.0.0,CUST-002,PRG-004,CFG-CDU-01,SYNTHETIC_INTERNAL,SNP-COOLIT-20260925-BL,SCN-BASELINE,FCST-001-012,2026-H01,OPP-0012,OPPL-0012,ACC-002,PRG-004,CFG-CDU-01,QUALIFICATION,0.2,PIPELINE,2025-01-24,4,324000,0,CLOSED_PERIOD
TEN-COOLIT-SYN-001,SITE-COOLIT-SYN-01,CRM,FORECAST_SNAPSHOT,FCST-001-013,OPP-0013,RESOLVED,2024-10-04T18:00:00-06:00,2026-09-26T08:00:00-06:00,2026-06-29T00:00:00-06:00,,1,,false,ACTIVE,,USD,VALID,CURRENT,coolit-synthetic-v2.0.0,CUST-003,PRG-005,CFG-CPL-02,SYNTHETIC_INTERNAL,SNP-COOLIT-20260925-BL,SCN-BASELINE,FCST-001-013,2026-H01,OPP-0013,OPPL-0013,ACC-003,PRG-005,CFG-CPL-02,QUALIFICATION,0.2,PIPELINE,2024-11-08,6,40200,0,CLOSED_PERIOD
TEN-COOLIT-SYN-001,SITE-COOLIT-SYN-01,CRM,FORECAST_SNAPSHOT,FCST-001-014,OPP-0014,RESOLVED,2024-10-04T18:00:00-06:00,2026-09-26T08:00:00-06:00,2026-06-29T00:00:00-06:00,,1,,false,ACTIVE,,USD,VALID,CURRENT,coolit-synthetic-v2.0.0,CUST-004,PRG-006,CFG-RM-03,SYNTHETIC_INTERNAL,SNP-COOLIT-20260925-BL,SCN-BASELINE,FCST-001-014,2026-H01,OPP-0014,OPPL-0014,ACC-004,PRG-006,CFG-RM-03,QUALIFICATION,0.2,PIPELINE,2024-11-15,7,54600,0,CLOSED_PERIOD
TEN-COOLIT-SYN-001,SITE-COOLIT-SYN-01,CRM,FORECAST_SNAPSHOT,FCST-001-015,OPP-0015,RESOLVED,2024-10-04T18:00:00-06:00,2026-09-26T08:00:00-06:00,2026-06-29T00:00:00-06:00,,1,,false,ACTIVE,,USD,VALID,CURRENT,coolit-synthetic-v2.0.0,CUST-005,PRG-007,CFG-CDU-04,SYNTHETIC_INTERNAL,SNP-COOLIT-20260925-BL,SCN-BASELINE,FCST-001-015,2026-H01,OPP-0015,OPPL-0015,ACC-005,PRG-007,CFG-CDU-04,QUALIFICATION,0.2,PIPELINE,2024-11-22,7,756000,0,CLOSED_PERIOD
TEN-COOLIT-SYN-001,SITE-COOLIT-SYN-01,CRM,FORECAST_SNAPSHOT,FCST-002-001,OPP-0001,RESOLVED,2024-10-11T18:00:00-06:00,2026-09-26T08:00:00-06:00,2026-06-29T00:00:00-06:00,,1,,false,ACTIVE,,USD,VALID,CURRENT,coolit-synthetic-v2.0.0,CUST-001,PRG-001,CFG-CPL-02,SYNTHETIC_INTERNAL,SNP-COOLIT-20260925-BL,SCN-BASELINE,FCST-002-001,2026-H02,OPP-0001,OPPL-0001,ACC-001,PRG-001,CFG-CPL-02,QUALIFICATION,0.2,PIPELINE,2024-11-12,2,13400,0,CLOSED_PERIOD
TEN-COOLIT-SYN-001,SITE-COOLIT-SYN-01,CRM,FORECAST_SNAPSHOT,FCST-002-002,OPP-0002,RESOLVED,2024-10-11T18:00:00-06:00,2026-09-26T08:00:00-06:00,2026-06-29T00:00:00-06:00,,1,,false,ACTIVE,,USD,VALID,CURRENT,coolit-synthetic-v2.0.0,CUST-002,PRG-002,CFG-RM-03,SYNTHETIC_INTERNAL,SNP-COOLIT-20260925-BL,SCN-BASELINE,FCST-002-002,2026-H02,OPP-0002,OPPL-0002,ACC-002,PRG-002,CFG-RM-03,QUALIFICATION,0.2,PIPELINE,2024-11-19,3,23400,0,CLOSED_PERIOD
TEN-COOLIT-SYN-001,SITE-COOLIT-SYN-01,CRM,FORECAST_SNAPSHOT,FCST-002-003,OPP-0003,RESOLVED,2024-10-11T18:00:00-06:00,2026-09-26T08:00:00-06:00,2026-06-29T00:00:00-06:00,,1,,false,ACTIVE,,USD,VALID,CURRENT,coolit-synthetic-v2.0.0,CUST-003,PRG-003,CFG-CDU-04,SYNTHETIC_INTERNAL,SNP-COOLIT-20260925-BL,SCN-BASELINE,FCST-002-003,2026-H02,OPP-0003,OPPL-0003,ACC-003,PRG-003,CFG-CDU-04,QUALIFICATION,0.2,PIPELINE,2024-11-26,4,432000,0,CLOSED_PERIOD
TEN-COOLIT-SYN-001,SITE-COOLIT-SYN-01,CRM,FORECAST_SNAPSHOT,FCST-002-004,OPP-0004,RESOLVED,2024-10-11T18:00:00-06:00,2026-09-26T08:00:00-06:00,2026-06-29T00:00:00-06:00,,1,,false,ACTIVE,,USD,VALID,CURRENT,coolit-synthetic-v2.0.0,CUST-004,PRG-004,CFG-RM-01,SYNTHETIC_INTERNAL,SNP-COOLIT-20260925-BL,SCN-BASELINE,FCST-002-004,2026-H02,OPP-0004,OPPL-0004,ACC-004,PRG-004,CFG-RM-01,QUALIFICATION,0.2,PIPELINE,2024-12-03,6,33600,0,CLOSED_PERIOD
TEN-COOLIT-SYN-001,SITE-COOLIT-SYN-01,CRM,FORECAST_SNAPSHOT,FCST-002-005,OPP-0005,RESOLVED,2024-10-11T18:00:00-06:00,2026-09-26T08:00:00-06:00,2026-06-29T00:00:00-06:00,,1,,false,ACTIVE,,USD,VALID,CURRENT,coolit-synthetic-v2.0.0,CUST-005,PRG-005,CFG-CDU-02,SYNTHETIC_INTERNAL,SNP-COOLIT-20260925-BL,SCN-BASELINE,FCST-002-005,2026-H02,OPP-0005,OPPL-0005,ACC-005,PRG-005,CFG-CDU-02,QUALIFICATION,0.2,PIPELINE,2024-12-10,7,630000,0,CLOSED_PERIOD
TEN-COOLIT-SYN-001,SITE-COOLIT-SYN-01,CRM,FORECAST_SNAPSHOT,FCST-002-006,OPP-0006,RESOLVED,2024-10-11T18:00:00-06:00,2026-09-26T08:00:00-06:00,2026-06-29T00:00:00-06:00,,1,,false,ACTIVE,,USD,VALID,CURRENT,coolit-synthetic-v2.0.0,CUST-006,PRG-006,CFG-CPL-03,SYNTHETIC_INTERNAL,SNP-COOLIT-20260925-BL,SCN-BASELINE,FCST-002-006,2026-H02,OPP-0006,OPPL-0006,ACC-006,PRG-006,CFG-CPL-03,QUALIFICATION,0.2,PIPELINE,2024-12-17,9,70200,0,CLOSED_PERIOD
TEN-COOLIT-SYN-001,SITE-COOLIT-SYN-01,CRM,FORECAST_SNAPSHOT,FCST-002-007,OPP-0007,RESOLVED,2024-10-11T18:00:00-06:00,2026-09-26T08:00:00-06:00,2026-06-29T00:00:00-06:00,,1,,false,ACTIVE,,USD,VALID,CURRENT,coolit-synthetic-v2.0.0,CUST-007,PRG-007,CFG-RM-04,SYNTHETIC_INTERNAL,SNP-COOLIT-20260925-BL,SCN-BASELINE,FCST-002-007,2026-H02,OPP-0007,OPPL-0007,ACC-007,PRG-007,CFG-RM-04,QUALIFICATION,0.2,PIPELINE,2024-12-24,8,71200,0,CLOSED_PERIOD
TEN-COOLIT-SYN-001,SITE-COOLIT-SYN-01,CRM,FORECAST_SNAPSHOT,FCST-002-008,OPP-0008,RESOLVED,2024-10-11T18:00:00-06:00,2026-09-26T08:00:00-06:00,2026-06-29T00:00:00-06:00,,1,,false,ACTIVE,,USD,VALID,CURRENT,coolit-synthetic-v2.0.0,CUST-008,PRG-008,CFG-CPL-01,SYNTHETIC_INTERNAL,SNP-COOLIT-20260925-BL,SCN-BASELINE,FCST-002-008,2026-H02,OPP-0008,OPPL-0008,ACC-008,PRG-008,CFG-CPL-01,QUALIFICATION,0.2,PIPELINE,2024-12-31,10,56000,0,CLOSED_PERIOD
TEN-COOLIT-SYN-001,SITE-COOLIT-SYN-01,CRM,FORECAST_SNAPSHOT,FCST-002-009,OPP-0009,RESOLVED,2024-10-11T18:00:00-06:00,2026-09-26T08:00:00-06:00,2026-06-29T00:00:00-06:00,,1,,false,ACTIVE,,USD,VALID,CURRENT,coolit-synthetic-v2.0.0,CUST-009,PRG-001,CFG-RM-02,SYNTHETIC_INTERNAL,SNP-COOLIT-20260925-BL,SCN-BASELINE,FCST-002-009,2026-H02,OPP-0009,OPPL-0009,ACC-009,PRG-001,CFG-RM-02,QUALIFICATION,0.2,PIPELINE,2025-01-07,11,73700,0,CLOSED_PERIOD
TEN-COOLIT-SYN-001,SITE-COOLIT-SYN-01,CRM,FORECAST_SNAPSHOT,FCST-002-010,OPP-0010,RESOLVED,2024-10-11T18:00:00-06:00,2026-09-26T08:00:00-06:00,2026-06-29T00:00:00-06:00,,1,,false,ACTIVE,,USD,VALID,CURRENT,coolit-synthetic-v2.0.0,CUST-010,PRG-002,CFG-CDU-03,SYNTHETIC_INTERNAL,SNP-COOLIT-20260925-BL,SCN-BASELINE,FCST-002-010,2026-H02,OPP-0010,OPPL-0010,ACC-010,PRG-002,CFG-CDU-03,QUALIFICATION,0.2,PIPELINE,2025-01-14,2,198000,0,CLOSED_PERIOD
TEN-COOLIT-SYN-001,SITE-COOLIT-SYN-01,CRM,FORECAST_SNAPSHOT,FCST-002-011,OPP-0011,RESOLVED,2024-10-11T18:00:00-06:00,2026-09-26T08:00:00-06:00,2026-06-29T00:00:00-06:00,,1,,false,ACTIVE,,USD,VALID,CURRENT,coolit-synthetic-v2.0.0,CUST-001,PRG-003,CFG-CPL-04,SYNTHETIC_INTERNAL,SNP-COOLIT-20260925-BL,SCN-BASELINE,FCST-002-011,2026-H02,OPP-0011,OPPL-0011,ACC-001,PRG-003,CFG-CPL-04,QUALIFICATION,0.2,PIPELINE,2025-01-21,3,26700,0,CLOSED_PERIOD
TEN-COOLIT-SYN-001,SITE-COOLIT-SYN-01,CRM,FORECAST_SNAPSHOT,FCST-002-012,OPP-0012,RESOLVED,2024-10-11T18:00:00-06:00,2026-09-26T08:00:00-06:00,2026-06-29T00:00:00-06:00,,1,,false,ACTIVE,,USD,VALID,CURRENT,coolit-synthetic-v2.0.0,CUST-002,PRG-004,CFG-CDU-01,SYNTHETIC_INTERNAL,SNP-COOLIT-20260925-BL,SCN-BASELINE,FCST-002-012,2026-H02,OPP-0012,OPPL-0012,ACC-002,PRG-004,CFG-CDU-01,QUALIFICATION,0.2,PIPELINE,2025-01-28,5,405000,0,CLOSED_PERIOD
TEN-COOLIT-SYN-001,SITE-COOLIT-SYN-01,CRM,FORECAST_SNAPSHOT,FCST-002-013,OPP-0013,RESOLVED,2024-10-11T18:00:00-06:00,2026-09-26T08:00:00-06:00,2026-06-29T00:00:00-06:00,,1,,false,ACTIVE,,USD,VALID,CURRENT,coolit-synthetic-v2.0.0,CUST-003,PRG-005,CFG-CPL-02,SYNTHETIC_INTERNAL,SNP-COOLIT-20260925-BL,SCN-BASELINE,FCST-002-013,2026-H02,OPP-0013,OPPL-0013,ACC-003,PRG-005,CFG-CPL-02,QUALIFICATION,0.2,PIPELINE,2024-11-12,6,40200,0,CLOSED_PERIOD
TEN-COOLIT-SYN-001,SITE-COOLIT-SYN-01,CRM,FORECAST_SNAPSHOT,FCST-002-014,OPP-0014,RESOLVED,2024-10-11T18:00:00-06:00,2026-09-26T08:00:00-06:00,2026-06-29T00:00:00-06:00,,1,,false,ACTIVE,,USD,VALID,CURRENT,coolit-synthetic-v2.0.0,CUST-004,PRG-006,CFG-RM-03,SYNTHETIC_INTERNAL,SNP-COOLIT-20260925-BL,SCN-BASELINE,FCST-002-014,2026-H02,OPP-0014,OPPL-0014,ACC-004,PRG-006,CFG-RM-03,QUALIFICATION,0.2,PIPELINE,2024-11-19,6,46800,0,CLOSED_PERIOD
TEN-COOLIT-SYN-001,SITE-COOLIT-SYN-01,CRM,FORECAST_SNAPSHOT,FCST-002-015,OPP-0015,RESOLVED,2024-10-11T18:00:00-06:00,2026-09-26T08:00:00-06:00,2026-06-29T00:00:00-06:00,,1,,false,ACTIVE,,USD,VALID,CURRENT,coolit-synthetic-v2.0.0,CUST-005,PRG-007,CFG-CDU-04,SYNTHETIC_INTERNAL,SNP-COOLIT-20260925-BL,SCN-BASELINE,FCST-002-015,2026-H02,OPP-0015,OPPL-0015,ACC-005,PRG-007,CFG-CDU-04,QUALIFICATION,0.2,PIPELINE,2024-11-26,7,756000,0,CLOSED_PERIOD
TEN-COOLIT-SYN-001,SITE-COOLIT-SYN-01,CRM,FORECAST_SNAPSHOT,FCST-003-001,OPP-0001,RESOLVED,2024-10-18T18:00:00-06:00,2026-09-26T08:00:00-06:00,2026-06-29T00:00:00-06:00,,1,,false,ACTIVE,,USD,VALID,CURRENT,coolit-synthetic-v2.0.0,CUST-001,PRG-001,CFG-CPL-02,SYNTHETIC_INTERNAL,SNP-COOLIT-20260925-BL,SCN-BASELINE,FCST-003-001,2026-H03,OPP-0001,OPPL-0001,ACC-001,PRG-001,CFG-CPL-02,QUALIFICATION,0.2,PIPELINE,2024-11-16,2,13400,0,CLOSED_PERIOD
TEN-COOLIT-SYN-001,SITE-COOLIT-SYN-01,CRM,FORECAST_SNAPSHOT,FCST-003-002,OPP-0002,RESOLVED,2024-10-18T18:00:00-06:00,2026-09-26T08:00:00-06:00,2026-06-29T00:00:00-06:00,,1,,false,ACTIVE,,USD,VALID,CURRENT,coolit-synthetic-v2.0.0,CUST-002,PRG-002,CFG-RM-03,SYNTHETIC_INTERNAL,SNP-COOLIT-20260925-BL,SCN-BASELINE,FCST-003-002,2026-H03,OPP-0002,OPPL-0002,ACC-002,PRG-002,CFG-RM-03,QUALIFICATION,0.2,PIPELINE,2024-11-23,3,23400,0,CLOSED_PERIOD
TEN-COOLIT-SYN-001,SITE-COOLIT-SYN-01,CRM,FORECAST_SNAPSHOT,FCST-003-003,OPP-0003,RESOLVED,2024-10-18T18:00:00-06:00,2026-09-26T08:00:00-06:00,2026-06-29T00:00:00-06:00,,1,,false,ACTIVE,,USD,VALID,CURRENT,coolit-synthetic-v2.0.0,CUST-003,PRG-003,CFG-CDU-04,SYNTHETIC_INTERNAL,SNP-COOLIT-20260925-BL,SCN-BASELINE,FCST-003-003,2026-H03,OPP-0003,OPPL-0003,ACC-003,PRG-003,CFG-CDU-04,QUALIFICATION,0.2,PIPELINE,2024-11-30,4,432000,0,CLOSED_PERIOD
TEN-COOLIT-SYN-001,SITE-COOLIT-SYN-01,CRM,FORECAST_SNAPSHOT,FCST-003-004,OPP-0004,RESOLVED,2024-10-18T18:00:00-06:00,2026-09-26T08:00:00-06:00,2026-06-29T00:00:00-06:00,,1,,false,ACTIVE,,USD,VALID,CURRENT,coolit-synthetic-v2.0.0,CUST-004,PRG-004,CFG-RM-01,SYNTHETIC_INTERNAL,SNP-COOLIT-20260925-BL,SCN-BASELINE,FCST-003-004,2026-H03,OPP-0004,OPPL-0004,ACC-004,PRG-004,CFG-RM-01,QUALIFICATION,0.2,PIPELINE,2024-12-07,6,33600,0,CLOSED_PERIOD
TEN-COOLIT-SYN-001,SITE-COOLIT-SYN-01,CRM,FORECAST_SNAPSHOT,FCST-003-005,OPP-0005,RESOLVED,2024-10-18T18:00:00-06:00,2026-09-26T08:00:00-06:00,2026-06-29T00:00:00-06:00,,1,,false,ACTIVE,,USD,VALID,CURRENT,coolit-synthetic-v2.0.0,CUST-005,PRG-005,CFG-CDU-02,SYNTHETIC_INTERNAL,SNP-COOLIT-20260925-BL,SCN-BASELINE,FCST-003-005,2026-H03,OPP-0005,OPPL-0005,ACC-005,PRG-005,CFG-CDU-02,QUALIFICATION,0.2,PIPELINE,2024-12-14,7,630000,0,CLOSED_PERIOD
TEN-COOLIT-SYN-001,SITE-COOLIT-SYN-01,CRM,FORECAST_SNAPSHOT,FCST-003-006,OPP-0006,RESOLVED,2024-10-18T18:00:00-06:00,2026-09-26T08:00:00-06:00,2026-06-29T00:00:00-06:00,,1,,false,ACTIVE,,USD,VALID,CURRENT,coolit-synthetic-v2.0.0,CUST-006,PRG-006,CFG-CPL-03,SYNTHETIC_INTERNAL,SNP-COOLIT-20260925-BL,SCN-BASELINE,FCST-003-006,2026-H03,OPP-0006,OPPL-0006,ACC-006,PRG-006,CFG-CPL-03,QUALIFICATION,0.2,PIPELINE,2024-12-21,7,54600,0,CLOSED_PERIOD
TEN-COOLIT-SYN-001,SITE-COOLIT-SYN-01,CRM,FORECAST_SNAPSHOT,FCST-003-007,OPP-0007,RESOLVED,2024-10-18T18:00:00-06:00,2026-09-26T08:00:00-06:00,2026-06-29T00:00:00-06:00,,1,,false,ACTIVE,,USD,VALID,CURRENT,coolit-synthetic-v2.0.0,CUST-007,PRG-007,CFG-RM-04,SYNTHETIC_INTERNAL,SNP-COOLIT-20260925-BL,SCN-BASELINE,FCST-003-007,2026-H03,OPP-0007,OPPL-0007,ACC-007,PRG-007,CFG-RM-04,QUALIFICATION,0.2,PIPELINE,2024-12-28,9,80100,0,CLOSED_PERIOD
TEN-COOLIT-SYN-001,SITE-COOLIT-SYN-01,CRM,FORECAST_SNAPSHOT,FCST-003-008,OPP-0008,RESOLVED,2024-10-18T18:00:00-06:00,2026-09-26T08:00:00-06:00,2026-06-29T00:00:00-06:00,,1,,false,ACTIVE,,USD,VALID,CURRENT,coolit-synthetic-v2.0.0,CUST-008,PRG-008,CFG-CPL-01,SYNTHETIC_INTERNAL,SNP-COOLIT-20260925-BL,SCN-BASELINE,FCST-003-008,2026-H03,OPP-0008,OPPL-0008,ACC-008,PRG-008,CFG-CPL-01,QUALIFICATION,0.2,PIPELINE,2025-01-04,10,56000,0,CLOSED_PERIOD
TEN-COOLIT-SYN-001,SITE-COOLIT-SYN-01,CRM,FORECAST_SNAPSHOT,FCST-003-009,OPP-0009,RESOLVED,2024-10-18T18:00:00-06:00,2026-09-26T08:00:00-06:00,2026-06-29T00:00:00-06:00,,1,,false,ACTIVE,,USD,VALID,CURRENT,coolit-synthetic-v2.0.0,CUST-009,PRG-001,CFG-RM-02,SYNTHETIC_INTERNAL,SNP-COOLIT-20260925-BL,SCN-BASELINE,FCST-003-009,2026-H03,OPP-0009,OPPL-0009,ACC-009,PRG-001,CFG-RM-02,QUALIFICATION,0.2,PIPELINE,2025-01-11,11,73700,0,CLOSED_PERIOD
TEN-COOLIT-SYN-001,SITE-COOLIT-SYN-01,CRM,FORECAST_SNAPSHOT,FCST-003-010,OPP-0010,RESOLVED,2024-10-18T18:00:00-06:00,2026-09-26T08:00:00-06:00,2026-06-29T00:00:00-06:00,,1,,false,ACTIVE,,USD,VALID,CURRENT,coolit-synthetic-v2.0.0,CUST-010,PRG-002,CFG-CDU-03,SYNTHETIC_INTERNAL,SNP-COOLIT-20260925-BL,SCN-BASELINE,FCST-003-010,2026-H03,OPP-0010,OPPL-0010,ACC-010,PRG-002,CFG-CDU-03,QUALIFICATION,0.2,PIPELINE,2025-01-18,2,198000,0,CLOSED_PERIOD
TEN-COOLIT-SYN-001,SITE-COOLIT-SYN-01,CRM,FORECAST_SNAPSHOT,FCST-003-011,OPP-0011,RESOLVED,2024-10-18T18:00:00-06:00,2026-09-26T08:00:00-06:00,2026-06-29T00:00:00-06:00,,1,,false,ACTIVE,,USD,VALID,CURRENT,coolit-synthetic-v2.0.0,CUST-001,PRG-003,CFG-CPL-04,SYNTHETIC_INTERNAL,SNP-COOLIT-20260925-BL,SCN-BASELINE,FCST-003-011,2026-H03,OPP-0011,OPPL-0011,ACC-001,PRG-003,CFG-CPL-04,QUALIFICATION,0.2,PIPELINE,2025-01-25,3,26700,0,CLOSED_PERIOD
TEN-COOLIT-SYN-001,SITE-COOLIT-SYN-01,CRM,FORECAST_SNAPSHOT,FCST-003-012,OPP-0012,RESOLVED,2024-10-18T18:00:00-06:00,2026-09-26T08:00:00-06:00,2026-06-29T00:00:00-06:00,,1,,false,ACTIVE,,USD,VALID,CURRENT,coolit-synthetic-v2.0.0,CUST-002,PRG-004,CFG-CDU-01,SYNTHETIC_INTERNAL,SNP-COOLIT-20260925-BL,SCN-BASELINE,FCST-003-012,2026-H03,OPP-0012,OPPL-0012,ACC-002,PRG-004,CFG-CDU-01,QUALIFICATION,0.2,PIPELINE,2025-02-01,5,405000,0,CLOSED_PERIOD
TEN-COOLIT-SYN-001,SITE-COOLIT-SYN-01,CRM,FORECAST_SNAPSHOT,FCST-003-013,OPP-0013,RESOLVED,2024-10-18T18:00:00-06:00,2026-09-26T08:00:00-06:00,2026-06-29T00:00:00-06:00,,1,,false,ACTIVE,,USD,VALID,CURRENT,coolit-synthetic-v2.0.0,CUST-003,PRG-005,CFG-CPL-02,SYNTHETIC_INTERNAL,SNP-COOLIT-20260925-BL,SCN-BASELINE,FCST-003-013,2026-H03,OPP-0013,OPPL-0013,ACC-003,PRG-005,CFG-CPL-02,QUALIFICATION,0.2,PIPELINE,2024-11-16,5,33500,0,CLOSED_PERIOD
TEN-COOLIT-SYN-001,SITE-COOLIT-SYN-01,CRM,FORECAST_SNAPSHOT,FCST-003-014,OPP-0014,RESOLVED,2024-10-18T18:00:00-06:00,2026-09-26T08:00:00-06:00,2026-06-29T00:00:00-06:00,,1,,false,ACTIVE,,USD,VALID,CURRENT,coolit-synthetic-v2.0.0,CUST-004,PRG-006,CFG-RM-03,SYNTHETIC_INTERNAL,SNP-COOLIT-20260925-BL,SCN-BASELINE,FCST-003-014,2026-H03,OPP-0014,OPPL-0014,ACC-004,PRG-006,CFG-RM-03,QUALIFICATION,0.2,PIPELINE,2024-11-23,6,46800,0,CLOSED_PERIOD
TEN-COOLIT-SYN-001,SITE-COOLIT-SYN-01,CRM,FORECAST_SNAPSHOT,FCST-003-015,OPP-0015,RESOLVED,2024-10-18T18:00:00-06:00,2026-09-26T08:00:00-06:00,2026-06-29T00:00:00-06:00,,1,,false,ACTIVE,,USD,VALID,CURRENT,coolit-synthetic-v2.0.0,CUST-005,PRG-007,CFG-CDU-04,SYNTHETIC_INTERNAL,SNP-COOLIT-20260925-BL,SCN-BASELINE,FCST-003-015,2026-H03,OPP-0015,OPPL-0015,ACC-005,PRG-007,CFG-CDU-04,QUALIFICATION,0.2,PIPELINE,2024-11-30,8,864000,0,CLOSED_PERIOD
TEN-COOLIT-SYN-001,SITE-COOLIT-SYN-01,CRM,FORECAST_SNAPSHOT,FCST-004-001,OPP-0001,RESOLVED,2024-10-25T18:00:00-06:00,2026-09-26T08:00:00-06:00,2026-06-29T00:00:00-06:00,,1,,false,ACTIVE,,USD,VALID,CURRENT,coolit-synthetic-v2.0.0,CUST-001,PRG-001,CFG-CPL-02,SYNTHETIC_INTERNAL,SNP-COOLIT-20260925-BL,SCN-BASELINE,FCST-004-001,2026-H04,OPP-0001,OPPL-0001,ACC-001,PRG-001,CFG-CPL-02,QUALIFICATION,0.2,PIPELINE,2024-11-20,2,13400,0,CLOSED_PERIOD
TEN-COOLIT-SYN-001,SITE-COOLIT-SYN-01,CRM,FORECAST_SNAPSHOT,FCST-004-002,OPP-0002,RESOLVED,2024-10-25T18:00:00-06:00,2026-09-26T08:00:00-06:00,2026-06-29T00:00:00-06:00,,1,,false,ACTIVE,,USD,VALID,CURRENT,coolit-synthetic-v2.0.0,CUST-002,PRG-002,CFG-RM-03,SYNTHETIC_INTERNAL,SNP-COOLIT-20260925-BL,SCN-BASELINE,FCST-004-002,2026-H04,OPP-0002,OPPL-0002,ACC-002,PRG-002,CFG-RM-03,QUALIFICATION,0.2,PIPELINE,2024-11-27,3,23400,0,CLOSED_PERIOD
TEN-COOLIT-SYN-001,SITE-COOLIT-SYN-01,CRM,FORECAST_SNAPSHOT,FCST-004-003,OPP-0003,RESOLVED,2024-10-25T18:00:00-06:00,2026-09-26T08:00:00-06:00,2026-06-29T00:00:00-06:00,,1,,false,ACTIVE,,USD,VALID,CURRENT,coolit-synthetic-v2.0.0,CUST-003,PRG-003,CFG-CDU-04,SYNTHETIC_INTERNAL,SNP-COOLIT-20260925-BL,SCN-BASELINE,FCST-004-003,2026-H04,OPP-0003,OPPL-0003,ACC-003,PRG-003,CFG-CDU-04,QUALIFICATION,0.2,PIPELINE,2024-12-04,5,540000,0,CLOSED_PERIOD
TEN-COOLIT-SYN-001,SITE-COOLIT-SYN-01,CRM,FORECAST_SNAPSHOT,FCST-004-004,OPP-0004,RESOLVED,2024-10-25T18:00:00-06:00,2026-09-26T08:00:00-06:00,2026-06-29T00:00:00-06:00,,1,,false,ACTIVE,,USD,VALID,CURRENT,coolit-synthetic-v2.0.0,CUST-004,PRG-004,CFG-RM-01,SYNTHETIC_INTERNAL,SNP-COOLIT-20260925-BL,SCN-BASELINE,FCST-004-004,2026-H04,OPP-0004,OPPL-0004,ACC-004,PRG-004,CFG-RM-01,QUALIFICATION,0.2,PIPELINE,2024-12-11,6,33600,0,CLOSED_PERIOD
TEN-COOLIT-SYN-001,SITE-COOLIT-SYN-01,CRM,FORECAST_SNAPSHOT,FCST-004-005,OPP-0005,RESOLVED,2024-10-25T18:00:00-06:00,2026-09-26T08:00:00-06:00,2026-06-29T00:00:00-06:00,,1,,false,ACTIVE,,USD,VALID,CURRENT,coolit-synthetic-v2.0.0,CUST-005,PRG-005,CFG-CDU-02,SYNTHETIC_INTERNAL,SNP-COOLIT-20260925-BL,SCN-BASELINE,FCST-004-005,2026-H04,OPP-0005,OPPL-0005,ACC-005,PRG-005,CFG-CDU-02,QUALIFICATION,0.2,PIPELINE,2024-12-18,6,540000,0,CLOSED_PERIOD
TEN-COOLIT-SYN-001,SITE-COOLIT-SYN-01,CRM,FORECAST_SNAPSHOT,FCST-004-006,OPP-0006,RESOLVED,2024-10-25T18:00:00-06:00,2026-09-26T08:00:00-06:00,2026-06-29T00:00:00-06:00,,1,,false,ACTIVE,,USD,VALID,CURRENT,coolit-synthetic-v2.0.0,CUST-006,PRG-006,CFG-CPL-03,SYNTHETIC_INTERNAL,SNP-COOLIT-20260925-BL,SCN-BASELINE,FCST-004-006,2026-H04,OPP-0006,OPPL-0006,ACC-006,PRG-006,CFG-CPL-03,QUALIFICATION,0.2,PIPELINE,2024-12-25,7,54600,0,CLOSED_PERIOD
TEN-COOLIT-SYN-001,SITE-COOLIT-SYN-01,CRM,FORECAST_SNAPSHOT,FCST-004-007,OPP-0007,RESOLVED,2024-10-25T18:00:00-06:00,2026-09-26T08:00:00-06:00,2026-06-29T00:00:00-06:00,,1,,false,ACTIVE,,USD,VALID,CURRENT,coolit-synthetic-v2.0.0,CUST-007,PRG-007,CFG-RM-04,SYNTHETIC_INTERNAL,SNP-COOLIT-20260925-BL,SCN-BASELINE,FCST-004-007,2026-H04,OPP-0007,OPPL-0007,ACC-007,PRG-007,CFG-RM-04,QUALIFICATION,0.2,PIPELINE,2025-01-01,9,80100,0,CLOSED_PERIOD
TEN-COOLIT-SYN-001,SITE-COOLIT-SYN-01,CRM,FORECAST_SNAPSHOT,FCST-004-008,OPP-0008,RESOLVED,2024-10-25T18:00:00-06:00,2026-09-26T08:00:00-06:00,2026-06-29T00:00:00-06:00,,1,,false,ACTIVE,,USD,VALID,CURRENT,coolit-synthetic-v2.0.0,CUST-008,PRG-008,CFG-CPL-01,SYNTHETIC_INTERNAL,SNP-COOLIT-20260925-BL,SCN-BASELINE,FCST-004-008,2026-H04,OPP-0008,OPPL-0008,ACC-008,PRG-008,CFG-CPL-01,QUALIFICATION,0.2,PIPELINE,2025-01-08,10,56000,0,CLOSED_PERIOD
TEN-COOLIT-SYN-001,SITE-COOLIT-SYN-01,CRM,FORECAST_SNAPSHOT,FCST-004-009,OPP-0009,RESOLVED,2024-10-25T18:00:00-06:00,2026-09-26T08:00:00-06:00,2026-06-29T00:00:00-06:00,,1,,false,ACTIVE,,USD,VALID,CURRENT,coolit-synthetic-v2.0.0,CUST-009,PRG-001,CFG-RM-02,SYNTHETIC_INTERNAL,SNP-COOLIT-20260925-BL,SCN-BASELINE,FCST-004-009,2026-H04,OPP-0009,OPPL-0009,ACC-009,PRG-001,CFG-RM-02,QUALIFICATION,0.2,PIPELINE,2025-01-15,12,80400,0,CLOSED_PERIOD
TEN-COOLIT-SYN-001,SITE-COOLIT-SYN-01,CRM,FORECAST_SNAPSHOT,FCST-004-010,OPP-0010,RESOLVED,2024-10-25T18:00:00-06:00,2026-09-26T08:00:00-06:00,2026-06-29T00:00:00-06:00,,1,,false,ACTIVE,,USD,VALID,CURRENT,coolit-synthetic-v2.0.0,CUST-010,PRG-002,CFG-CDU-03,SYNTHETIC_INTERNAL,SNP-COOLIT-20260925-BL,SCN-BASELINE,FCST-004-010,2026-H04,OPP-0010,OPPL-0010,ACC-010,PRG-002,CFG-CDU-03,QUALIFICATION,0.2,PIPELINE,2025-01-22,2,198000,0,CLOSED_PERIOD
TEN-COOLIT-SYN-001,SITE-COOLIT-SYN-01,CRM,FORECAST_SNAPSHOT,FCST-004-011,OPP-0011,RESOLVED,2024-10-25T18:00:00-06:00,2026-09-26T08:00:00-06:00,2026-06-29T00:00:00-06:00,,1,,false,ACTIVE,,USD,VALID,CURRENT,coolit-synthetic-v2.0.0,CUST-001,PRG-003,CFG-CPL-04,SYNTHETIC_INTERNAL,SNP-COOLIT-20260925-BL,SCN-BASELINE,FCST-004-011,2026-H04,OPP-0011,OPPL-0011,ACC-001,PRG-003,CFG-CPL-04,QUALIFICATION,0.2,PIPELINE,2025-01-29,3,26700,0,CLOSED_PERIOD
TEN-COOLIT-SYN-001,SITE-COOLIT-SYN-01,CRM,FORECAST_SNAPSHOT,FCST-004-012,OPP-0012,RESOLVED,2024-10-25T18:00:00-06:00,2026-09-26T08:00:00-06:00,2026-06-29T00:00:00-06:00,,1,,false,ACTIVE,,USD,VALID,CURRENT,coolit-synthetic-v2.0.0,CUST-002,PRG-004,CFG-CDU-01,SYNTHETIC_INTERNAL,SNP-COOLIT-20260925-BL,SCN-BASELINE,FCST-004-012,2026-H04,OPP-0012,OPPL-0012,ACC-002,PRG-004,CFG-CDU-01,QUALIFICATION,0.2,PIPELINE,2025-02-05,4,324000,0,CLOSED_PERIOD
TEN-COOLIT-SYN-001,SITE-COOLIT-SYN-01,CRM,FORECAST_SNAPSHOT,FCST-004-013,OPP-0013,RESOLVED,2024-10-25T18:00:00-06:00,2026-09-26T08:00:00-06:00,2026-06-29T00:00:00-06:00,,1,,false,ACTIVE,,USD,VALID,CURRENT,coolit-synthetic-v2.0.0,CUST-003,PRG-005,CFG-CPL-02,SYNTHETIC_INTERNAL,SNP-COOLIT-20260925-BL,SCN-BASELINE,FCST-004-013,2026-H04,OPP-0013,OPPL-0013,ACC-003,PRG-005,CFG-CPL-02,QUALIFICATION,0.2,PIPELINE,2024-11-20,5,33500,0,CLOSED_PERIOD
TEN-COOLIT-SYN-001,SITE-COOLIT-SYN-01,CRM,FORECAST_SNAPSHOT,FCST-004-014,OPP-0014,RESOLVED,2024-10-25T18:00:00-06:00,2026-09-26T08:00:00-06:00,2026-06-29T00:00:00-06:00,,1,,false,ACTIVE,,USD,VALID,CURRENT,coolit-synthetic-v2.0.0,CUST-004,PRG-006,CFG-RM-03,SYNTHETIC_INTERNAL,SNP-COOLIT-20260925-BL,SCN-BASELINE,FCST-004-014,2026-H04,OPP-0014,OPPL-0014,ACC-004,PRG-006,CFG-RM-03,QUALIFICATION,0.2,PIPELINE,2024-11-27,7,54600,0,CLOSED_PERIOD
TEN-COOLIT-SYN-001,SITE-COOLIT-SYN-01,CRM,FORECAST_SNAPSHOT,FCST-004-015,OPP-0015,RESOLVED,2024-10-25T18:00:00-06:00,2026-09-26T08:00:00-06:00,2026-06-29T00:00:00-06:00,,1,,false,ACTIVE,,USD,VALID,CURRENT,coolit-synthetic-v2.0.0,CUST-005,PRG-007,CFG-CDU-04,SYNTHETIC_INTERNAL,SNP-COOLIT-20260925-BL,SCN-BASELINE,FCST-004-015,2026-H04,OPP-0015,OPPL-0015,ACC-005,PRG-007,CFG-CDU-04,QUALIFICATION,0.2,PIPELINE,2024-12-04,8,864000,0,CLOSED_PERIOD
TEN-COOLIT-SYN-001,SITE-COOLIT-SYN-01,CRM,FORECAST_SNAPSHOT,FCST-005-001,OPP-0001,RESOLVED,2024-11-01T18:00:00-06:00,2026-09-26T08:00:00-06:00,2026-06-29T00:00:00-06:00,,1,,false,ACTIVE,,USD,VALID,CURRENT,coolit-synthetic-v2.0.0,CUST-001,PRG-001,CFG-CPL-02,SYNTHETIC_INTERNAL,SNP-COOLIT-20260925-BL,SCN-BASELINE,FCST-005-001,2026-H05,OPP-0001,OPPL-0001,ACC-001,PRG-001,CFG-CPL-02,QUALIFICATION,0.2,PIPELINE,2024-11-24,2,13400,0,CLOSED_PERIOD
TEN-COOLIT-SYN-001,SITE-COOLIT-SYN-01,CRM,FORECAST_SNAPSHOT,FCST-005-002,OPP-0002,RESOLVED,2024-11-01T18:00:00-06:00,2026-09-26T08:00:00-06:00,2026-06-29T00:00:00-06:00,,1,,false,ACTIVE,,USD,VALID,CURRENT,coolit-synthetic-v2.0.0,CUST-002,PRG-002,CFG-RM-03,SYNTHETIC_INTERNAL,SNP-COOLIT-20260925-BL,SCN-BASELINE,FCST-005-002,2026-H05,OPP-0002,OPPL-0002,ACC-002,PRG-002,CFG-RM-03,QUALIFICATION,0.2,PIPELINE,2024-12-01,3,23400,0,CLOSED_PERIOD
TEN-COOLIT-SYN-001,SITE-COOLIT-SYN-01,CRM,FORECAST_SNAPSHOT,FCST-005-003,OPP-0003,RESOLVED,2024-11-01T18:00:00-06:00,2026-09-26T08:00:00-06:00,2026-06-29T00:00:00-06:00,,1,,false,ACTIVE,,USD,VALID,CURRENT,coolit-synthetic-v2.0.0,CUST-003,PRG-003,CFG-CDU-04,SYNTHETIC_INTERNAL,SNP-COOLIT-20260925-BL,SCN-BASELINE,FCST-005-003,2026-H05,OPP-0003,OPPL-0003,ACC-003,PRG-003,CFG-CDU-04,QUALIFICATION,0.2,PIPELINE,2024-12-08,5,540000,0,CLOSED_PERIOD
TEN-COOLIT-SYN-001,SITE-COOLIT-SYN-01,CRM,FORECAST_SNAPSHOT,FCST-005-004,OPP-0004,RESOLVED,2024-11-01T18:00:00-06:00,2026-09-26T08:00:00-06:00,2026-06-29T00:00:00-06:00,,1,,false,ACTIVE,,USD,VALID,CURRENT,coolit-synthetic-v2.0.0,CUST-004,PRG-004,CFG-RM-01,SYNTHETIC_INTERNAL,SNP-COOLIT-20260925-BL,SCN-BASELINE,FCST-005-004,2026-H05,OPP-0004,OPPL-0004,ACC-004,PRG-004,CFG-RM-01,QUALIFICATION,0.2,PIPELINE,2024-12-15,5,28000,0,CLOSED_PERIOD
TEN-COOLIT-SYN-001,SITE-COOLIT-SYN-01,CRM,FORECAST_SNAPSHOT,FCST-005-005,OPP-0005,RESOLVED,2024-11-01T18:00:00-06:00,2026-09-26T08:00:00-06:00,2026-06-29T00:00:00-06:00,,1,,false,ACTIVE,,USD,VALID,CURRENT,coolit-synthetic-v2.0.0,CUST-005,PRG-005,CFG-CDU-02,SYNTHETIC_INTERNAL,SNP-COOLIT-20260925-BL,SCN-BASELINE,FCST-005-005,2026-H05,OPP-0005,OPPL-0005,ACC-005,PRG-005,CFG-CDU-02,QUALIFICATION,0.2,PIPELINE,2024-12-22,6,540000,0,CLOSED_PERIOD
TEN-COOLIT-SYN-001,SITE-COOLIT-SYN-01,CRM,FORECAST_SNAPSHOT,FCST-005-006,OPP-0006,RESOLVED,2024-11-01T18:00:00-06:00,2026-09-26T08:00:00-06:00,2026-06-29T00:00:00-06:00,,1,,false,ACTIVE,,USD,VALID,CURRENT,coolit-synthetic-v2.0.0,CUST-006,PRG-006,CFG-CPL-03,SYNTHETIC_INTERNAL,SNP-COOLIT-20260925-BL,SCN-BASELINE,FCST-005-006,2026-H05,OPP-0006,OPPL-0006,ACC-006,PRG-006,CFG-CPL-03,QUALIFICATION,0.2,PIPELINE,2024-12-29,8,62400,0,CLOSED_PERIOD
TEN-COOLIT-SYN-001,SITE-COOLIT-SYN-01,CRM,FORECAST_SNAPSHOT,FCST-005-007,OPP-0007,RESOLVED,2024-11-01T18:00:00-06:00,2026-09-26T08:00:00-06:00,2026-06-29T00:00:00-06:00,,1,,false,ACTIVE,,USD,VALID,CURRENT,coolit-synthetic-v2.0.0,CUST-007,PRG-007,CFG-RM-04,SYNTHETIC_INTERNAL,SNP-COOLIT-20260925-BL,SCN-BASELINE,FCST-005-007,2026-H05,OPP-0007,OPPL-0007,ACC-007,PRG-007,CFG-RM-04,QUALIFICATION,0.2,PIPELINE,2025-01-05,9,80100,0,CLOSED_PERIOD
TEN-COOLIT-SYN-001,SITE-COOLIT-SYN-01,CRM,FORECAST_SNAPSHOT,FCST-005-008,OPP-0008,RESOLVED,2024-11-01T18:00:00-06:00,2026-09-26T08:00:00-06:00,2026-06-29T00:00:00-06:00,,1,,false,ACTIVE,,USD,VALID,CURRENT,coolit-synthetic-v2.0.0,CUST-008,PRG-008,CFG-CPL-01,SYNTHETIC_INTERNAL,SNP-COOLIT-20260925-BL,SCN-BASELINE,FCST-005-008,2026-H05,OPP-0008,OPPL-0008,ACC-008,PRG-008,CFG-CPL-01,QUALIFICATION,0.2,PIPELINE,2025-01-12,11,61600,0,CLOSED_PERIOD
TEN-COOLIT-SYN-001,SITE-COOLIT-SYN-01,CRM,FORECAST_SNAPSHOT,FCST-005-009,OPP-0009,RESOLVED,2024-11-01T18:00:00-06:00,2026-09-26T08:00:00-06:00,2026-06-29T00:00:00-06:00,,1,,false,ACTIVE,,USD,VALID,CURRENT,coolit-synthetic-v2.0.0,CUST-009,PRG-001,CFG-RM-02,SYNTHETIC_INTERNAL,SNP-COOLIT-20260925-BL,SCN-BASELINE,FCST-005-009,2026-H05,OPP-0009,OPPL-0009,ACC-009,PRG-001,CFG-RM-02,QUALIFICATION,0.2,PIPELINE,2025-01-19,12,80400,0,CLOSED_PERIOD
TEN-COOLIT-SYN-001,SITE-COOLIT-SYN-01,CRM,FORECAST_SNAPSHOT,FCST-005-010,OPP-0010,RESOLVED,2024-11-01T18:00:00-06:00,2026-09-26T08:00:00-06:00,2026-06-29T00:00:00-06:00,,1,,false,ACTIVE,,USD,VALID,CURRENT,coolit-synthetic-v2.0.0,CUST-010,PRG-002,CFG-CDU-03,SYNTHETIC_INTERNAL,SNP-COOLIT-20260925-BL,SCN-BASELINE,FCST-005-010,2026-H05,OPP-0010,OPPL-0010,ACC-010,PRG-002,CFG-CDU-03,QUALIFICATION,0.2,PIPELINE,2025-01-26,2,198000,0,CLOSED_PERIOD
TEN-COOLIT-SYN-001,SITE-COOLIT-SYN-01,CRM,FORECAST_SNAPSHOT,FCST-005-011,OPP-0011,RESOLVED,2024-11-01T18:00:00-06:00,2026-09-26T08:00:00-06:00,2026-06-29T00:00:00-06:00,,1,,false,ACTIVE,,USD,VALID,CURRENT,coolit-synthetic-v2.0.0,CUST-001,PRG-003,CFG-CPL-04,SYNTHETIC_INTERNAL,SNP-COOLIT-20260925-BL,SCN-BASELINE,FCST-005-011,2026-H05,OPP-0011,OPPL-0011,ACC-001,PRG-003,CFG-CPL-04,QUALIFICATION,0.2,PIPELINE,2025-02-02,3,26700,0,CLOSED_PERIOD
TEN-COOLIT-SYN-001,SITE-COOLIT-SYN-01,CRM,FORECAST_SNAPSHOT,FCST-005-012,OPP-0012,RESOLVED,2024-11-01T18:00:00-06:00,2026-09-26T08:00:00-06:00,2026-06-29T00:00:00-06:00,,1,,false,ACTIVE,,USD,VALID,CURRENT,coolit-synthetic-v2.0.0,CUST-002,PRG-004,CFG-CDU-01,SYNTHETIC_INTERNAL,SNP-COOLIT-20260925-BL,SCN-BASELINE,FCST-005-012,2026-H05,OPP-0012,OPPL-0012,ACC-002,PRG-004,CFG-CDU-01,QUALIFICATION,0.2,PIPELINE,2025-02-09,4,324000,0,CLOSED_PERIOD
TEN-COOLIT-SYN-001,SITE-COOLIT-SYN-01,CRM,FORECAST_SNAPSHOT,FCST-005-013,OPP-0013,RESOLVED,2024-11-01T18:00:00-06:00,2026-09-26T08:00:00-06:00,2026-06-29T00:00:00-06:00,,1,,false,ACTIVE,,USD,VALID,CURRENT,coolit-synthetic-v2.0.0,CUST-003,PRG-005,CFG-CPL-02,SYNTHETIC_INTERNAL,SNP-COOLIT-20260925-BL,SCN-BASELINE,FCST-005-013,2026-H05,OPP-0013,OPPL-0013,ACC-003,PRG-005,CFG-CPL-02,QUALIFICATION,0.2,PIPELINE,2024-11-24,5,33500,0,CLOSED_PERIOD
TEN-COOLIT-SYN-001,SITE-COOLIT-SYN-01,CRM,FORECAST_SNAPSHOT,FCST-005-014,OPP-0014,RESOLVED,2024-11-01T18:00:00-06:00,2026-09-26T08:00:00-06:00,2026-06-29T00:00:00-06:00,,1,,false,ACTIVE,,USD,VALID,CURRENT,coolit-synthetic-v2.0.0,CUST-004,PRG-006,CFG-RM-03,SYNTHETIC_INTERNAL,SNP-COOLIT-20260925-BL,SCN-BASELINE,FCST-005-014,2026-H05,OPP-0014,OPPL-0014,ACC-004,PRG-006,CFG-RM-03,QUALIFICATION,0.2,PIPELINE,2024-12-01,7,54600,0,CLOSED_PERIOD
TEN-COOLIT-SYN-001,SITE-COOLIT-SYN-01,CRM,FORECAST_SNAPSHOT,FCST-005-015,OPP-0015,RESOLVED,2024-11-01T18:00:00-06:00,2026-09-26T08:00:00-06:00,2026-06-29T00:00:00-06:00,,1,,false,ACTIVE,,USD,VALID,CURRENT,coolit-synthetic-v2.0.0,CUST-005,PRG-007,CFG-CDU-04,SYNTHETIC_INTERNAL,SNP-COOLIT-20260925-BL,SCN-BASELINE,FCST-005-015,2026-H05,OPP-0015,OPPL-0015,ACC-005,PRG-007,CFG-CDU-04,QUALIFICATION,0.2,PIPELINE,2024-12-08,8,864000,0,CLOSED_PERIOD
TEN-COOLIT-SYN-001,SITE-COOLIT-SYN-01,CRM,FORECAST_SNAPSHOT,FCST-006-001,OPP-0001,RESOLVED,2024-11-08T18:00:00-06:00,2026-09-26T08:00:00-06:00,2026-06-29T00:00:00-06:00,,1,,false,ACTIVE,,USD,VALID,CURRENT,coolit-synthetic-v2.0.0,CUST-001,PRG-001,CFG-CPL-02,SYNTHETIC_INTERNAL,SNP-COOLIT-20260925-BL,SCN-BASELINE,FCST-006-001,2026-H06,OPP-0001,OPPL-0001,ACC-001,PRG-001,CFG-CPL-02,QUALIFICATION,0.2,PIPELINE,2024-11-28,2,13400,0,CLOSED_PERIOD
TEN-COOLIT-SYN-001,SITE-COOLIT-SYN-01,CRM,FORECAST_SNAPSHOT,FCST-006-002,OPP-0002,RESOLVED,2024-11-08T18:00:00-06:00,2026-09-26T08:00:00-06:00,2026-06-29T00:00:00-06:00,,1,,false,ACTIVE,,USD,VALID,CURRENT,coolit-synthetic-v2.0.0,CUST-002,PRG-002,CFG-RM-03,SYNTHETIC_INTERNAL,SNP-COOLIT-20260925-BL,SCN-BASELINE,FCST-006-002,2026-H06,OPP-0002,OPPL-0002,ACC-002,PRG-002,CFG-RM-03,QUALIFICATION,0.2,PIPELINE,2024-12-05,3,23400,0,CLOSED_PERIOD
TEN-COOLIT-SYN-001,SITE-COOLIT-SYN-01,CRM,FORECAST_SNAPSHOT,FCST-006-003,OPP-0003,RESOLVED,2024-11-08T18:00:00-06:00,2026-09-26T08:00:00-06:00,2026-06-29T00:00:00-06:00,,1,,false,ACTIVE,,USD,VALID,CURRENT,coolit-synthetic-v2.0.0,CUST-003,PRG-003,CFG-CDU-04,SYNTHETIC_INTERNAL,SNP-COOLIT-20260925-BL,SCN-BASELINE,FCST-006-003,2026-H06,OPP-0003,OPPL-0003,ACC-003,PRG-003,CFG-CDU-04,QUALIFICATION,0.2,PIPELINE,2024-12-12,4,432000,0,CLOSED_PERIOD
TEN-COOLIT-SYN-001,SITE-COOLIT-SYN-01,CRM,FORECAST_SNAPSHOT,FCST-006-004,OPP-0004,RESOLVED,2024-11-08T18:00:00-06:00,2026-09-26T08:00:00-06:00,2026-06-29T00:00:00-06:00,,1,,false,ACTIVE,,USD,VALID,CURRENT,coolit-synthetic-v2.0.0,CUST-004,PRG-004,CFG-RM-01,SYNTHETIC_INTERNAL,SNP-COOLIT-20260925-BL,SCN-BASELINE,FCST-006-004,2026-H06,OPP-0004,OPPL-0004,ACC-004,PRG-004,CFG-RM-01,QUALIFICATION,0.2,PIPELINE,2024-12-19,5,28000,0,CLOSED_PERIOD
TEN-COOLIT-SYN-001,SITE-COOLIT-SYN-01,CRM,FORECAST_SNAPSHOT,FCST-006-005,OPP-0005,RESOLVED,2024-11-08T18:00:00-06:00,2026-09-26T08:00:00-06:00,2026-06-29T00:00:00-06:00,,1,,false,ACTIVE,,USD,VALID,CURRENT,coolit-synthetic-v2.0.0,CUST-005,PRG-005,CFG-CDU-02,SYNTHETIC_INTERNAL,SNP-COOLIT-20260925-BL,SCN-BASELINE,FCST-006-005,2026-H06,OPP-0005,OPPL-0005,ACC-005,PRG-005,CFG-CDU-02,QUALIFICATION,0.2,PIPELINE,2024-12-26,7,630000,0,CLOSED_PERIOD
TEN-COOLIT-SYN-001,SITE-COOLIT-SYN-01,CRM,FORECAST_SNAPSHOT,FCST-006-006,OPP-0006,RESOLVED,2024-11-08T18:00:00-06:00,2026-09-26T08:00:00-06:00,2026-06-29T00:00:00-06:00,,1,,false,ACTIVE,,USD,VALID,CURRENT,coolit-synthetic-v2.0.0,CUST-006,PRG-006,CFG-CPL-03,SYNTHETIC_INTERNAL,SNP-COOLIT-20260925-BL,SCN-BASELINE,FCST-006-006,2026-H06,OPP-0006,OPPL-0006,ACC-006,PRG-006,CFG-CPL-03,QUALIFICATION,0.2,PIPELINE,2025-01-02,8,62400,0,CLOSED_PERIOD
TEN-COOLIT-SYN-001,SITE-COOLIT-SYN-01,CRM,FORECAST_SNAPSHOT,FCST-006-007,OPP-0007,RESOLVED,2024-11-08T18:00:00-06:00,2026-09-26T08:00:00-06:00,2026-06-29T00:00:00-06:00,,1,,false,ACTIVE,,USD,VALID,CURRENT,coolit-synthetic-v2.0.0,CUST-007,PRG-007,CFG-RM-04,SYNTHETIC_INTERNAL,SNP-COOLIT-20260925-BL,SCN-BASELINE,FCST-006-007,2026-H06,OPP-0007,OPPL-0007,ACC-007,PRG-007,CFG-RM-04,QUALIFICATION,0.2,PIPELINE,2025-01-09,9,80100,0,CLOSED_PERIOD
TEN-COOLIT-SYN-001,SITE-COOLIT-SYN-01,CRM,FORECAST_SNAPSHOT,FCST-006-008,OPP-0008,RESOLVED,2024-11-08T18:00:00-06:00,2026-09-26T08:00:00-06:00,2026-06-29T00:00:00-06:00,,1,,false,ACTIVE,,USD,VALID,CURRENT,coolit-synthetic-v2.0.0,CUST-008,PRG-008,CFG-CPL-01,SYNTHETIC_INTERNAL,SNP-COOLIT-20260925-BL,SCN-BASELINE,FCST-006-008,2026-H06,OPP-0008,OPPL-0008,ACC-008,PRG-008,CFG-CPL-01,QUALIFICATION,0.2,PIPELINE,2025-01-16,11,61600,0,CLOSED_PERIOD
TEN-COOLIT-SYN-001,SITE-COOLIT-SYN-01,CRM,FORECAST_SNAPSHOT,FCST-006-009,OPP-0009,RESOLVED,2024-11-08T18:00:00-06:00,2026-09-26T08:00:00-06:00,2026-06-29T00:00:00-06:00,,1,,false,ACTIVE,,USD,VALID,CURRENT,coolit-synthetic-v2.0.0,CUST-009,PRG-001,CFG-RM-02,SYNTHETIC_INTERNAL,SNP-COOLIT-20260925-BL,SCN-BASELINE,FCST-006-009,2026-H06,OPP-0009,OPPL-0009,ACC-009,PRG-001,CFG-RM-02,QUALIFICATION,0.2,PIPELINE,2025-01-23,13,87100,0,CLOSED_PERIOD
TEN-COOLIT-SYN-001,SITE-COOLIT-SYN-01,CRM,FORECAST_SNAPSHOT,FCST-006-010,OPP-0010,RESOLVED,2024-11-08T18:00:00-06:00,2026-09-26T08:00:00-06:00,2026-06-29T00:00:00-06:00,,1,,false,ACTIVE,,USD,VALID,CURRENT,coolit-synthetic-v2.0.0,CUST-010,PRG-002,CFG-CDU-03,SYNTHETIC_INTERNAL,SNP-COOLIT-20260925-BL,SCN-BASELINE,FCST-006-010,2026-H06,OPP-0010,OPPL-0010,ACC-010,PRG-002,CFG-CDU-03,QUALIFICATION,0.2,PIPELINE,2025-01-30,2,198000,0,CLOSED_PERIOD
TEN-COOLIT-SYN-001,SITE-COOLIT-SYN-01,CRM,FORECAST_SNAPSHOT,FCST-006-011,OPP-0011,RESOLVED,2024-11-08T18:00:00-06:00,2026-09-26T08:00:00-06:00,2026-06-29T00:00:00-06:00,,1,,false,ACTIVE,,USD,VALID,CURRENT,coolit-synthetic-v2.0.0,CUST-001,PRG-003,CFG-CPL-04,SYNTHETIC_INTERNAL,SNP-COOLIT-20260925-BL,SCN-BASELINE,FCST-006-011,2026-H06,OPP-0011,OPPL-0011,ACC-001,PRG-003,CFG-CPL-04,QUALIFICATION,0.2,PIPELINE,2025-02-06,3,26700,0,CLOSED_PERIOD
TEN-COOLIT-SYN-001,SITE-COOLIT-SYN-01,CRM,FORECAST_SNAPSHOT,FCST-006-012,OPP-0012,RESOLVED,2024-11-08T18:00:00-06:00,2026-09-26T08:00:00-06:00,2026-06-29T00:00:00-06:00,,1,,false,ACTIVE,,USD,VALID,CURRENT,coolit-synthetic-v2.0.0,CUST-002,PRG-004,CFG-CDU-01,SYNTHETIC_INTERNAL,SNP-COOLIT-20260925-BL,SCN-BASELINE,FCST-006-012,2026-H06,OPP-0012,OPPL-0012,ACC-002,PRG-004,CFG-CDU-01,QUALIFICATION,0.2,PIPELINE,2025-02-13,4,324000,0,CLOSED_PERIOD
TEN-COOLIT-SYN-001,SITE-COOLIT-SYN-01,CRM,FORECAST_SNAPSHOT,FCST-006-013,OPP-0013,RESOLVED,2024-11-08T18:00:00-06:00,2026-09-26T08:00:00-06:00,2026-06-29T00:00:00-06:00,,1,,false,ACTIVE,,USD,VALID,CURRENT,coolit-synthetic-v2.0.0,CUST-003,PRG-005,CFG-CPL-02,SYNTHETIC_INTERNAL,SNP-COOLIT-20260925-BL,SCN-BASELINE,FCST-006-013,2026-H06,OPP-0013,OPPL-0013,ACC-003,PRG-005,CFG-CPL-02,QUALIFICATION,0.2,PIPELINE,2024-11-28,6,40200,0,CLOSED_PERIOD
TEN-COOLIT-SYN-001,SITE-COOLIT-SYN-01,CRM,FORECAST_SNAPSHOT,FCST-006-014,OPP-0014,RESOLVED,2024-11-08T18:00:00-06:00,2026-09-26T08:00:00-06:00,2026-06-29T00:00:00-06:00,,1,,false,ACTIVE,,USD,VALID,CURRENT,coolit-synthetic-v2.0.0,CUST-004,PRG-006,CFG-RM-03,SYNTHETIC_INTERNAL,SNP-COOLIT-20260925-BL,SCN-BASELINE,FCST-006-014,2026-H06,OPP-0014,OPPL-0014,ACC-004,PRG-006,CFG-RM-03,QUALIFICATION,0.2,PIPELINE,2024-12-05,7,54600,0,CLOSED_PERIOD
TEN-COOLIT-SYN-001,SITE-COOLIT-SYN-01,CRM,FORECAST_SNAPSHOT,FCST-006-015,OPP-0015,RESOLVED,2024-11-08T18:00:00-06:00,2026-09-26T08:00:00-06:00,2026-06-29T00:00:00-06:00,,1,,false,ACTIVE,,USD,VALID,CURRENT,coolit-synthetic-v2.0.0,CUST-005,PRG-007,CFG-CDU-04,SYNTHETIC_INTERNAL,SNP-COOLIT-20260925-BL,SCN-BASELINE,FCST-006-015,2026-H06,OPP-0015,OPPL-0015,ACC-005,PRG-007,CFG-CDU-04,QUALIFICATION,0.2,PIPELINE,2024-12-12,8,864000,0,CLOSED_PERIOD
TEN-COOLIT-SYN-001,SITE-COOLIT-SYN-01,CRM,FORECAST_SNAPSHOT,FCST-007-001,OPP-0001,RESOLVED,2024-11-15T18:00:00-06:00,2026-09-26T08:00:00-06:00,2026-06-29T00:00:00-06:00,,1,,false,ACTIVE,,USD,VALID,CURRENT,coolit-synthetic-v2.0.0,CUST-001,PRG-001,CFG-CPL-02,SYNTHETIC_INTERNAL,SNP-COOLIT-20260925-BL,SCN-BASELINE,FCST-007-001,2026-H07,OPP-0001,OPPL-0001,ACC-001,PRG-001,CFG-CPL-02,QUALIFICATION,0.2,PIPELINE,2024-12-02,2,13400,0,CLOSED_PERIOD
TEN-COOLIT-SYN-001,SITE-COOLIT-SYN-01,CRM,FORECAST_SNAPSHOT,FCST-007-002,OPP-0002,RESOLVED,2024-11-15T18:00:00-06:00,2026-09-26T08:00:00-06:00,2026-06-29T00:00:00-06:00,,1,,false,ACTIVE,,USD,VALID,CURRENT,coolit-synthetic-v2.0.0,CUST-002,PRG-002,CFG-RM-03,SYNTHETIC_INTERNAL,SNP-COOLIT-20260925-BL,SCN-BASELINE,FCST-007-002,2026-H07,OPP-0002,OPPL-0002,ACC-002,PRG-002,CFG-RM-03,QUALIFICATION,0.2,PIPELINE,2024-12-09,3,23400,0,CLOSED_PERIOD
TEN-COOLIT-SYN-001,SITE-COOLIT-SYN-01,CRM,FORECAST_SNAPSHOT,FCST-007-003,OPP-0003,RESOLVED,2024-11-15T18:00:00-06:00,2026-09-26T08:00:00-06:00,2026-06-29T00:00:00-06:00,,1,,false,ACTIVE,,USD,VALID,CURRENT,coolit-synthetic-v2.0.0,CUST-003,PRG-003,CFG-CDU-04,SYNTHETIC_INTERNAL,SNP-COOLIT-20260925-BL,SCN-BASELINE,FCST-007-003,2026-H07,OPP-0003,OPPL-0003,ACC-003,PRG-003,CFG-CDU-04,QUALIFICATION,0.2,PIPELINE,2024-12-16,4,432000,0,CLOSED_PERIOD
TEN-COOLIT-SYN-001,SITE-COOLIT-SYN-01,CRM,FORECAST_SNAPSHOT,FCST-007-004,OPP-0004,RESOLVED,2024-11-15T18:00:00-06:00,2026-09-26T08:00:00-06:00,2026-06-29T00:00:00-06:00,,1,,false,ACTIVE,,USD,VALID,CURRENT,coolit-synthetic-v2.0.0,CUST-004,PRG-004,CFG-RM-01,SYNTHETIC_INTERNAL,SNP-COOLIT-20260925-BL,SCN-BASELINE,FCST-007-004,2026-H07,OPP-0004,OPPL-0004,ACC-004,PRG-004,CFG-RM-01,QUALIFICATION,0.2,PIPELINE,2024-12-23,5,28000,0,CLOSED_PERIOD
TEN-COOLIT-SYN-001,SITE-COOLIT-SYN-01,CRM,FORECAST_SNAPSHOT,FCST-007-005,OPP-0005,RESOLVED,2024-11-15T18:00:00-06:00,2026-09-26T08:00:00-06:00,2026-06-29T00:00:00-06:00,,1,,false,ACTIVE,,USD,VALID,CURRENT,coolit-synthetic-v2.0.0,CUST-005,PRG-005,CFG-CDU-02,SYNTHETIC_INTERNAL,SNP-COOLIT-20260925-BL,SCN-BASELINE,FCST-007-005,2026-H07,OPP-0005,OPPL-0005,ACC-005,PRG-005,CFG-CDU-02,QUALIFICATION,0.2,PIPELINE,2024-12-30,7,630000,0,CLOSED_PERIOD
TEN-COOLIT-SYN-001,SITE-COOLIT-SYN-01,CRM,FORECAST_SNAPSHOT,FCST-007-006,OPP-0006,RESOLVED,2024-11-15T18:00:00-06:00,2026-09-26T08:00:00-06:00,2026-06-29T00:00:00-06:00,,1,,false,ACTIVE,,USD,VALID,CURRENT,coolit-synthetic-v2.0.0,CUST-006,PRG-006,CFG-CPL-03,SYNTHETIC_INTERNAL,SNP-COOLIT-20260925-BL,SCN-BASELINE,FCST-007-006,2026-H07,OPP-0006,OPPL-0006,ACC-006,PRG-006,CFG-CPL-03,QUALIFICATION,0.2,PIPELINE,2025-01-06,8,62400,0,CLOSED_PERIOD
TEN-COOLIT-SYN-001,SITE-COOLIT-SYN-01,CRM,FORECAST_SNAPSHOT,FCST-007-007,OPP-0007,RESOLVED,2024-11-15T18:00:00-06:00,2026-09-26T08:00:00-06:00,2026-06-29T00:00:00-06:00,,1,,false,ACTIVE,,USD,VALID,CURRENT,coolit-synthetic-v2.0.0,CUST-007,PRG-007,CFG-RM-04,SYNTHETIC_INTERNAL,SNP-COOLIT-20260925-BL,SCN-BASELINE,FCST-007-007,2026-H07,OPP-0007,OPPL-0007,ACC-007,PRG-007,CFG-RM-04,QUALIFICATION,0.2,PIPELINE,2025-01-13,10,89000,0,CLOSED_PERIOD
TEN-COOLIT-SYN-001,SITE-COOLIT-SYN-01,CRM,FORECAST_SNAPSHOT,FCST-007-008,OPP-0008,RESOLVED,2024-11-15T18:00:00-06:00,2026-09-26T08:00:00-06:00,2026-06-29T00:00:00-06:00,,1,,false,ACTIVE,,USD,VALID,CURRENT,coolit-synthetic-v2.0.0,CUST-008,PRG-008,CFG-CPL-01,SYNTHETIC_INTERNAL,SNP-COOLIT-20260925-BL,SCN-BASELINE,FCST-007-008,2026-H07,OPP-0008,OPPL-0008,ACC-008,PRG-008,CFG-CPL-01,QUALIFICATION,0.2,PIPELINE,2025-01-20,11,61600,0,CLOSED_PERIOD
TEN-COOLIT-SYN-001,SITE-COOLIT-SYN-01,CRM,FORECAST_SNAPSHOT,FCST-007-009,OPP-0009,RESOLVED,2024-11-15T18:00:00-06:00,2026-09-26T08:00:00-06:00,2026-06-29T00:00:00-06:00,,1,,false,ACTIVE,,USD,VALID,CURRENT,coolit-synthetic-v2.0.0,CUST-009,PRG-001,CFG-RM-02,SYNTHETIC_INTERNAL,SNP-COOLIT-20260925-BL,SCN-BASELINE,FCST-007-009,2026-H07,OPP-0009,OPPL-0009,ACC-009,PRG-001,CFG-RM-02,QUALIFICATION,0.2,PIPELINE,2025-01-27,10,67000,0,CLOSED_PERIOD
TEN-COOLIT-SYN-001,SITE-COOLIT-SYN-01,CRM,FORECAST_SNAPSHOT,FCST-007-010,OPP-0010,RESOLVED,2024-11-15T18:00:00-06:00,2026-09-26T08:00:00-06:00,2026-06-29T00:00:00-06:00,,1,,false,ACTIVE,,USD,VALID,CURRENT,coolit-synthetic-v2.0.0,CUST-010,PRG-002,CFG-CDU-03,SYNTHETIC_INTERNAL,SNP-COOLIT-20260925-BL,SCN-BASELINE,FCST-007-010,2026-H07,OPP-0010,OPPL-0010,ACC-010,PRG-002,CFG-CDU-03,QUALIFICATION,0.2,PIPELINE,2025-02-03,2,198000,0,CLOSED_PERIOD
TEN-COOLIT-SYN-001,SITE-COOLIT-SYN-01,CRM,FORECAST_SNAPSHOT,FCST-007-011,OPP-0011,RESOLVED,2024-11-15T18:00:00-06:00,2026-09-26T08:00:00-06:00,2026-06-29T00:00:00-06:00,,1,,false,ACTIVE,,USD,VALID,CURRENT,coolit-synthetic-v2.0.0,CUST-001,PRG-003,CFG-CPL-04,SYNTHETIC_INTERNAL,SNP-COOLIT-20260925-BL,SCN-BASELINE,FCST-007-011,2026-H07,OPP-0011,OPPL-0011,ACC-001,PRG-003,CFG-CPL-04,QUALIFICATION,0.2,PIPELINE,2025-02-10,3,26700,0,CLOSED_PERIOD
TEN-COOLIT-SYN-001,SITE-COOLIT-SYN-01,CRM,FORECAST_SNAPSHOT,FCST-007-012,OPP-0012,RESOLVED,2024-11-15T18:00:00-06:00,2026-09-26T08:00:00-06:00,2026-06-29T00:00:00-06:00,,1,,false,ACTIVE,,USD,VALID,CURRENT,coolit-synthetic-v2.0.0,CUST-002,PRG-004,CFG-CDU-01,SYNTHETIC_INTERNAL,SNP-COOLIT-20260925-BL,SCN-BASELINE,FCST-007-012,2026-H07,OPP-0012,OPPL-0012,ACC-002,PRG-004,CFG-CDU-01,QUALIFICATION,0.2,PIPELINE,2025-02-17,4,324000,0,CLOSED_PERIOD
TEN-COOLIT-SYN-001,SITE-COOLIT-SYN-01,CRM,FORECAST_SNAPSHOT,FCST-007-013,OPP-0013,RESOLVED,2024-11-15T18:00:00-06:00,2026-09-26T08:00:00-06:00,2026-06-29T00:00:00-06:00,,1,,false,ACTIVE,,USD,VALID,CURRENT,coolit-synthetic-v2.0.0,CUST-003,PRG-005,CFG-CPL-02,SYNTHETIC_INTERNAL,SNP-COOLIT-20260925-BL,SCN-BASELINE,FCST-007-013,2026-H07,OPP-0013,OPPL-0013,ACC-003,PRG-005,CFG-CPL-02,QUALIFICATION,0.2,PIPELINE,2024-12-02,6,40200,0,CLOSED_PERIOD
TEN-COOLIT-SYN-001,SITE-COOLIT-SYN-01,CRM,FORECAST_SNAPSHOT,FCST-007-014,OPP-0014,RESOLVED,2024-11-15T18:00:00-06:00,2026-09-26T08:00:00-06:00,2026-06-29T00:00:00-06:00,,1,,false,ACTIVE,,USD,VALID,CURRENT,coolit-synthetic-v2.0.0,CUST-004,PRG-006,CFG-RM-03,SYNTHETIC_INTERNAL,SNP-COOLIT-20260925-BL,SCN-BASELINE,FCST-007-014,2026-H07,OPP-0014,OPPL-0014,ACC-004,PRG-006,CFG-RM-03,QUALIFICATION,0.2,PIPELINE,2024-12-09,7,54600,0,CLOSED_PERIOD
TEN-COOLIT-SYN-001,SITE-COOLIT-SYN-01,CRM,FORECAST_SNAPSHOT,FCST-007-015,OPP-0015,RESOLVED,2024-11-15T18:00:00-06:00,2026-09-26T08:00:00-06:00,2026-06-29T00:00:00-06:00,,1,,false,ACTIVE,,USD,VALID,CURRENT,coolit-synthetic-v2.0.0,CUST-005,PRG-007,CFG-CDU-04,SYNTHETIC_INTERNAL,SNP-COOLIT-20260925-BL,SCN-BASELINE,FCST-007-015,2026-H07,OPP-0015,OPPL-0015,ACC-005,PRG-007,CFG-CDU-04,QUALIFICATION,0.2,PIPELINE,2024-12-16,9,972000,0,CLOSED_PERIOD
TEN-COOLIT-SYN-001,SITE-COOLIT-SYN-01,CRM,FORECAST_SNAPSHOT,FCST-008-001,OPP-0001,RESOLVED,2024-11-22T18:00:00-06:00,2026-09-26T08:00:00-06:00,2026-06-29T00:00:00-06:00,,1,,false,ACTIVE,,USD,VALID,CURRENT,coolit-synthetic-v2.0.0,CUST-001,PRG-001,CFG-CPL-02,SYNTHETIC_INTERNAL,SNP-COOLIT-20260925-BL,SCN-BASELINE,FCST-008-001,2026-H08,OPP-0001,OPPL-0001,ACC-001,PRG-001,CFG-CPL-02,QUALIFICATION,0.2,PIPELINE,2024-12-06,2,13400,0,CLOSED_PERIOD
TEN-COOLIT-SYN-001,SITE-COOLIT-SYN-01,CRM,FORECAST_SNAPSHOT,FCST-008-002,OPP-0002,RESOLVED,2024-11-22T18:00:00-06:00,2026-09-26T08:00:00-06:00,2026-06-29T00:00:00-06:00,,1,,false,ACTIVE,,USD,VALID,CURRENT,coolit-synthetic-v2.0.0,CUST-002,PRG-002,CFG-RM-03,SYNTHETIC_INTERNAL,SNP-COOLIT-20260925-BL,SCN-BASELINE,FCST-008-002,2026-H08,OPP-0002,OPPL-0002,ACC-002,PRG-002,CFG-RM-03,QUALIFICATION,0.2,PIPELINE,2024-12-13,3,23400,0,CLOSED_PERIOD
TEN-COOLIT-SYN-001,SITE-COOLIT-SYN-01,CRM,FORECAST_SNAPSHOT,FCST-008-003,OPP-0003,RESOLVED,2024-11-22T18:00:00-06:00,2026-09-26T08:00:00-06:00,2026-06-29T00:00:00-06:00,,1,,false,ACTIVE,,USD,VALID,CURRENT,coolit-synthetic-v2.0.0,CUST-003,PRG-003,CFG-CDU-04,SYNTHETIC_INTERNAL,SNP-COOLIT-20260925-BL,SCN-BASELINE,FCST-008-003,2026-H08,OPP-0003,OPPL-0003,ACC-003,PRG-003,CFG-CDU-04,QUALIFICATION,0.2,PIPELINE,2024-12-20,4,432000,0,CLOSED_PERIOD
TEN-COOLIT-SYN-001,SITE-COOLIT-SYN-01,CRM,FORECAST_SNAPSHOT,FCST-008-004,OPP-0004,RESOLVED,2024-11-22T18:00:00-06:00,2026-09-26T08:00:00-06:00,2026-06-29T00:00:00-06:00,,1,,false,ACTIVE,,USD,VALID,CURRENT,coolit-synthetic-v2.0.0,CUST-004,PRG-004,CFG-RM-01,SYNTHETIC_INTERNAL,SNP-COOLIT-20260925-BL,SCN-BASELINE,FCST-008-004,2026-H08,OPP-0004,OPPL-0004,ACC-004,PRG-004,CFG-RM-01,QUALIFICATION,0.2,PIPELINE,2024-12-27,6,33600,0,CLOSED_PERIOD
TEN-COOLIT-SYN-001,SITE-COOLIT-SYN-01,CRM,FORECAST_SNAPSHOT,FCST-008-005,OPP-0005,RESOLVED,2024-11-22T18:00:00-06:00,2026-09-26T08:00:00-06:00,2026-06-29T00:00:00-06:00,,1,,false,ACTIVE,,USD,VALID,CURRENT,coolit-synthetic-v2.0.0,CUST-005,PRG-005,CFG-CDU-02,SYNTHETIC_INTERNAL,SNP-COOLIT-20260925-BL,SCN-BASELINE,FCST-008-005,2026-H08,OPP-0005,OPPL-0005,ACC-005,PRG-005,CFG-CDU-02,QUALIFICATION,0.2,PIPELINE,2025-01-03,7,630000,0,CLOSED_PERIOD
TEN-COOLIT-SYN-001,SITE-COOLIT-SYN-01,CRM,FORECAST_SNAPSHOT,FCST-008-006,OPP-0006,RESOLVED,2024-11-22T18:00:00-06:00,2026-09-26T08:00:00-06:00,2026-06-29T00:00:00-06:00,,1,,false,ACTIVE,,USD,VALID,CURRENT,coolit-synthetic-v2.0.0,CUST-006,PRG-006,CFG-CPL-03,SYNTHETIC_INTERNAL,SNP-COOLIT-20260925-BL,SCN-BASELINE,FCST-008-006,2026-H08,OPP-0006,OPPL-0006,ACC-006,PRG-006,CFG-CPL-03,QUALIFICATION,0.2,PIPELINE,2025-01-10,8,62400,0,CLOSED_PERIOD
TEN-COOLIT-SYN-001,SITE-COOLIT-SYN-01,CRM,FORECAST_SNAPSHOT,FCST-008-007,OPP-0007,RESOLVED,2024-11-22T18:00:00-06:00,2026-09-26T08:00:00-06:00,2026-06-29T00:00:00-06:00,,1,,false,ACTIVE,,USD,VALID,CURRENT,coolit-synthetic-v2.0.0,CUST-007,PRG-007,CFG-RM-04,SYNTHETIC_INTERNAL,SNP-COOLIT-20260925-BL,SCN-BASELINE,FCST-008-007,2026-H08,OPP-0007,OPPL-0007,ACC-007,PRG-007,CFG-RM-04,QUALIFICATION,0.2,PIPELINE,2025-01-17,10,89000,0,CLOSED_PERIOD
TEN-COOLIT-SYN-001,SITE-COOLIT-SYN-01,CRM,FORECAST_SNAPSHOT,FCST-008-008,OPP-0008,RESOLVED,2024-11-22T18:00:00-06:00,2026-09-26T08:00:00-06:00,2026-06-29T00:00:00-06:00,,1,,false,ACTIVE,,USD,VALID,CURRENT,coolit-synthetic-v2.0.0,CUST-008,PRG-008,CFG-CPL-01,SYNTHETIC_INTERNAL,SNP-COOLIT-20260925-BL,SCN-BASELINE,FCST-008-008,2026-H08,OPP-0008,OPPL-0008,ACC-008,PRG-008,CFG-CPL-01,QUALIFICATION,0.2,PIPELINE,2025-01-24,9,50400,0,CLOSED_PERIOD
TEN-COOLIT-SYN-001,SITE-COOLIT-SYN-01,CRM,FORECAST_SNAPSHOT,FCST-008-009,OPP-0009,RESOLVED,2024-11-22T18:00:00-06:00,2026-09-26T08:00:00-06:00,2026-06-29T00:00:00-06:00,,1,,false,ACTIVE,,USD,VALID,CURRENT,coolit-synthetic-v2.0.0,CUST-009,PRG-001,CFG-RM-02,SYNTHETIC_INTERNAL,SNP-COOLIT-20260925-BL,SCN-BASELINE,FCST-008-009,2026-H08,OPP-0009,OPPL-0009,ACC-009,PRG-001,CFG-RM-02,QUALIFICATION,0.2,PIPELINE,2025-01-31,11,73700,0,CLOSED_PERIOD
TEN-COOLIT-SYN-001,SITE-COOLIT-SYN-01,CRM,FORECAST_SNAPSHOT,FCST-008-010,OPP-0010,RESOLVED,2024-11-22T18:00:00-06:00,2026-09-26T08:00:00-06:00,2026-06-29T00:00:00-06:00,,1,,false,ACTIVE,,USD,VALID,CURRENT,coolit-synthetic-v2.0.0,CUST-010,PRG-002,CFG-CDU-03,SYNTHETIC_INTERNAL,SNP-COOLIT-20260925-BL,SCN-BASELINE,FCST-008-010,2026-H08,OPP-0010,OPPL-0010,ACC-010,PRG-002,CFG-CDU-03,QUALIFICATION,0.2,PIPELINE,2025-02-07,2,198000,0,CLOSED_PERIOD
TEN-COOLIT-SYN-001,SITE-COOLIT-SYN-01,CRM,FORECAST_SNAPSHOT,FCST-008-011,OPP-0011,RESOLVED,2024-11-22T18:00:00-06:00,2026-09-26T08:00:00-06:00,2026-06-29T00:00:00-06:00,,1,,false,ACTIVE,,USD,VALID,CURRENT,coolit-synthetic-v2.0.0,CUST-001,PRG-003,CFG-CPL-04,SYNTHETIC_INTERNAL,SNP-COOLIT-20260925-BL,SCN-BASELINE,FCST-008-011,2026-H08,OPP-0011,OPPL-0011,ACC-001,PRG-003,CFG-CPL-04,QUALIFICATION,0.2,PIPELINE,2025-02-14,3,26700,0,CLOSED_PERIOD
TEN-COOLIT-SYN-001,SITE-COOLIT-SYN-01,CRM,FORECAST_SNAPSHOT,FCST-008-012,OPP-0012,RESOLVED,2024-11-22T18:00:00-06:00,2026-09-26T08:00:00-06:00,2026-06-29T00:00:00-06:00,,1,,false,ACTIVE,,USD,VALID,CURRENT,coolit-synthetic-v2.0.0,CUST-002,PRG-004,CFG-CDU-01,SYNTHETIC_INTERNAL,SNP-COOLIT-20260925-BL,SCN-BASELINE,FCST-008-012,2026-H08,OPP-0012,OPPL-0012,ACC-002,PRG-004,CFG-CDU-01,QUALIFICATION,0.2,PIPELINE,2025-02-21,4,324000,0,CLOSED_PERIOD
TEN-COOLIT-SYN-001,SITE-COOLIT-SYN-01,CRM,FORECAST_SNAPSHOT,FCST-008-013,OPP-0013,RESOLVED,2024-11-22T18:00:00-06:00,2026-09-26T08:00:00-06:00,2026-06-29T00:00:00-06:00,,1,,false,ACTIVE,,USD,VALID,CURRENT,coolit-synthetic-v2.0.0,CUST-003,PRG-005,CFG-CPL-02,SYNTHETIC_INTERNAL,SNP-COOLIT-20260925-BL,SCN-BASELINE,FCST-008-013,2026-H08,OPP-0013,OPPL-0013,ACC-003,PRG-005,CFG-CPL-02,QUALIFICATION,0.2,PIPELINE,2024-12-06,6,40200,0,CLOSED_PERIOD
TEN-COOLIT-SYN-001,SITE-COOLIT-SYN-01,CRM,FORECAST_SNAPSHOT,FCST-008-014,OPP-0014,RESOLVED,2024-11-22T18:00:00-06:00,2026-09-26T08:00:00-06:00,2026-06-29T00:00:00-06:00,,1,,false,ACTIVE,,USD,VALID,CURRENT,coolit-synthetic-v2.0.0,CUST-004,PRG-006,CFG-RM-03,SYNTHETIC_INTERNAL,SNP-COOLIT-20260925-BL,SCN-BASELINE,FCST-008-014,2026-H08,OPP-0014,OPPL-0014,ACC-004,PRG-006,CFG-RM-03,QUALIFICATION,0.2,PIPELINE,2024-12-13,7,54600,0,CLOSED_PERIOD
TEN-COOLIT-SYN-001,SITE-COOLIT-SYN-01,CRM,FORECAST_SNAPSHOT,FCST-008-015,OPP-0015,RESOLVED,2024-11-22T18:00:00-06:00,2026-09-26T08:00:00-06:00,2026-06-29T00:00:00-06:00,,1,,false,ACTIVE,,USD,VALID,CURRENT,coolit-synthetic-v2.0.0,CUST-005,PRG-007,CFG-CDU-04,SYNTHETIC_INTERNAL,SNP-COOLIT-20260925-BL,SCN-BASELINE,FCST-008-015,2026-H08,OPP-0015,OPPL-0015,ACC-005,PRG-007,CFG-CDU-04,QUALIFICATION,0.2,PIPELINE,2024-12-20,7,756000,0,CLOSED_PERIOD
TEN-COOLIT-SYN-001,SITE-COOLIT-SYN-01,CRM,FORECAST_SNAPSHOT,FCST-009-001,OPP-0001,RESOLVED,2024-11-29T18:00:00-06:00,2026-09-26T08:00:00-06:00,2026-06-29T00:00:00-06:00,,1,,false,ACTIVE,,USD,VALID,CURRENT,coolit-synthetic-v2.0.0,CUST-001,PRG-001,CFG-CPL-02,SYNTHETIC_INTERNAL,SNP-COOLIT-20260925-BL,SCN-BASELINE,FCST-009-001,2026-H09,OPP-0001,OPPL-0001,ACC-001,PRG-001,CFG-CPL-02,QUALIFICATION,0.2,PIPELINE,2024-12-10,2,13400,0,CLOSED_PERIOD
TEN-COOLIT-SYN-001,SITE-COOLIT-SYN-01,CRM,FORECAST_SNAPSHOT,FCST-009-002,OPP-0002,RESOLVED,2024-11-29T18:00:00-06:00,2026-09-26T08:00:00-06:00,2026-06-29T00:00:00-06:00,,1,,false,ACTIVE,,USD,VALID,CURRENT,coolit-synthetic-v2.0.0,CUST-002,PRG-002,CFG-RM-03,SYNTHETIC_INTERNAL,SNP-COOLIT-20260925-BL,SCN-BASELINE,FCST-009-002,2026-H09,OPP-0002,OPPL-0002,ACC-002,PRG-002,CFG-RM-03,QUALIFICATION,0.2,PIPELINE,2024-12-17,3,23400,0,CLOSED_PERIOD
TEN-COOLIT-SYN-001,SITE-COOLIT-SYN-01,CRM,FORECAST_SNAPSHOT,FCST-009-003,OPP-0003,RESOLVED,2024-11-29T18:00:00-06:00,2026-09-26T08:00:00-06:00,2026-06-29T00:00:00-06:00,,1,,false,ACTIVE,,USD,VALID,CURRENT,coolit-synthetic-v2.0.0,CUST-003,PRG-003,CFG-CDU-04,SYNTHETIC_INTERNAL,SNP-COOLIT-20260925-BL,SCN-BASELINE,FCST-009-003,2026-H09,OPP-0003,OPPL-0003,ACC-003,PRG-003,CFG-CDU-04,QUALIFICATION,0.2,PIPELINE,2024-12-24,4,432000,0,CLOSED_PERIOD
TEN-COOLIT-SYN-001,SITE-COOLIT-SYN-01,CRM,FORECAST_SNAPSHOT,FCST-009-004,OPP-0004,RESOLVED,2024-11-29T18:00:00-06:00,2026-09-26T08:00:00-06:00,2026-06-29T00:00:00-06:00,,1,,false,ACTIVE,,USD,VALID,CURRENT,coolit-synthetic-v2.0.0,CUST-004,PRG-004,CFG-RM-01,SYNTHETIC_INTERNAL,SNP-COOLIT-20260925-BL,SCN-BASELINE,FCST-009-004,2026-H09,OPP-0004,OPPL-0004,ACC-004,PRG-004,CFG-RM-01,QUALIFICATION,0.2,PIPELINE,2024-12-31,6,33600,0,CLOSED_PERIOD
TEN-COOLIT-SYN-001,SITE-COOLIT-SYN-01,CRM,FORECAST_SNAPSHOT,FCST-009-005,OPP-0005,RESOLVED,2024-11-29T18:00:00-06:00,2026-09-26T08:00:00-06:00,2026-06-29T00:00:00-06:00,,1,,false,ACTIVE,,USD,VALID,CURRENT,coolit-synthetic-v2.0.0,CUST-005,PRG-005,CFG-CDU-02,SYNTHETIC_INTERNAL,SNP-COOLIT-20260925-BL,SCN-BASELINE,FCST-009-005,2026-H09,OPP-0005,OPPL-0005,ACC-005,PRG-005,CFG-CDU-02,QUALIFICATION,0.2,PIPELINE,2025-01-07,7,630000,0,CLOSED_PERIOD
TEN-COOLIT-SYN-001,SITE-COOLIT-SYN-01,CRM,FORECAST_SNAPSHOT,FCST-009-006,OPP-0006,RESOLVED,2024-11-29T18:00:00-06:00,2026-09-26T08:00:00-06:00,2026-06-29T00:00:00-06:00,,1,,false,ACTIVE,,USD,VALID,CURRENT,coolit-synthetic-v2.0.0,CUST-006,PRG-006,CFG-CPL-03,SYNTHETIC_INTERNAL,SNP-COOLIT-20260925-BL,SCN-BASELINE,FCST-009-006,2026-H09,OPP-0006,OPPL-0006,ACC-006,PRG-006,CFG-CPL-03,QUALIFICATION,0.2,PIPELINE,2025-01-14,9,70200,0,CLOSED_PERIOD
TEN-COOLIT-SYN-001,SITE-COOLIT-SYN-01,CRM,FORECAST_SNAPSHOT,FCST-009-007,OPP-0007,RESOLVED,2024-11-29T18:00:00-06:00,2026-09-26T08:00:00-06:00,2026-06-29T00:00:00-06:00,,1,,false,ACTIVE,,USD,VALID,CURRENT,coolit-synthetic-v2.0.0,CUST-007,PRG-007,CFG-RM-04,SYNTHETIC_INTERNAL,SNP-COOLIT-20260925-BL,SCN-BASELINE,FCST-009-007,2026-H09,OPP-0007,OPPL-0007,ACC-007,PRG-007,CFG-RM-04,QUALIFICATION,0.2,PIPELINE,2025-01-21,8,71200,0,CLOSED_PERIOD
TEN-COOLIT-SYN-001,SITE-COOLIT-SYN-01,CRM,FORECAST_SNAPSHOT,FCST-009-008,OPP-0008,RESOLVED,2024-11-29T18:00:00-06:00,2026-09-26T08:00:00-06:00,2026-06-29T00:00:00-06:00,,1,,false,ACTIVE,,USD,VALID,CURRENT,coolit-synthetic-v2.0.0,CUST-008,PRG-008,CFG-CPL-01,SYNTHETIC_INTERNAL,SNP-COOLIT-20260925-BL,SCN-BASELINE,FCST-009-008,2026-H09,OPP-0008,OPPL-0008,ACC-008,PRG-008,CFG-CPL-01,QUALIFICATION,0.2,PIPELINE,2025-01-28,10,56000,0,CLOSED_PERIOD
TEN-COOLIT-SYN-001,SITE-COOLIT-SYN-01,CRM,FORECAST_SNAPSHOT,FCST-009-009,OPP-0009,RESOLVED,2024-11-29T18:00:00-06:00,2026-09-26T08:00:00-06:00,2026-06-29T00:00:00-06:00,,1,,false,ACTIVE,,USD,VALID,CURRENT,coolit-synthetic-v2.0.0,CUST-009,PRG-001,CFG-RM-02,SYNTHETIC_INTERNAL,SNP-COOLIT-20260925-BL,SCN-BASELINE,FCST-009-009,2026-H09,OPP-0009,OPPL-0009,ACC-009,PRG-001,CFG-RM-02,QUALIFICATION,0.2,PIPELINE,2025-02-04,11,73700,0,CLOSED_PERIOD
TEN-COOLIT-SYN-001,SITE-COOLIT-SYN-01,CRM,FORECAST_SNAPSHOT,FCST-009-010,OPP-0010,RESOLVED,2024-11-29T18:00:00-06:00,2026-09-26T08:00:00-06:00,2026-06-29T00:00:00-06:00,,1,,false,ACTIVE,,USD,VALID,CURRENT,coolit-synthetic-v2.0.0,CUST-010,PRG-002,CFG-CDU-03,SYNTHETIC_INTERNAL,SNP-COOLIT-20260925-BL,SCN-BASELINE,FCST-009-010,2026-H09,OPP-0010,OPPL-0010,ACC-010,PRG-002,CFG-CDU-03,QUALIFICATION,0.2,PIPELINE,2025-02-11,2,198000,0,CLOSED_PERIOD
TEN-COOLIT-SYN-001,SITE-COOLIT-SYN-01,CRM,FORECAST_SNAPSHOT,FCST-009-011,OPP-0011,RESOLVED,2024-11-29T18:00:00-06:00,2026-09-26T08:00:00-06:00,2026-06-29T00:00:00-06:00,,1,,false,ACTIVE,,USD,VALID,CURRENT,coolit-synthetic-v2.0.0,CUST-001,PRG-003,CFG-CPL-04,SYNTHETIC_INTERNAL,SNP-COOLIT-20260925-BL,SCN-BASELINE,FCST-009-011,2026-H09,OPP-0011,OPPL-0011,ACC-001,PRG-003,CFG-CPL-04,QUALIFICATION,0.2,PIPELINE,2025-02-18,3,26700,0,CLOSED_PERIOD
TEN-COOLIT-SYN-001,SITE-COOLIT-SYN-01,CRM,FORECAST_SNAPSHOT,FCST-009-012,OPP-0012,RESOLVED,2024-11-29T18:00:00-06:00,2026-09-26T08:00:00-06:00,2026-06-29T00:00:00-06:00,,1,,false,ACTIVE,,USD,VALID,CURRENT,coolit-synthetic-v2.0.0,CUST-002,PRG-004,CFG-CDU-01,SYNTHETIC_INTERNAL,SNP-COOLIT-20260925-BL,SCN-BASELINE,FCST-009-012,2026-H09,OPP-0012,OPPL-0012,ACC-002,PRG-004,CFG-CDU-01,QUALIFICATION,0.2,PIPELINE,2025-02-25,5,405000,0,CLOSED_PERIOD
TEN-COOLIT-SYN-001,SITE-COOLIT-SYN-01,CRM,FORECAST_SNAPSHOT,FCST-009-013,OPP-0013,RESOLVED,2024-11-29T18:00:00-06:00,2026-09-26T08:00:00-06:00,2026-06-29T00:00:00-06:00,,1,,false,ACTIVE,,USD,VALID,CURRENT,coolit-synthetic-v2.0.0,CUST-003,PRG-005,CFG-CPL-02,SYNTHETIC_INTERNAL,SNP-COOLIT-20260925-BL,SCN-BASELINE,FCST-009-013,2026-H09,OPP-0013,OPPL-0013,ACC-003,PRG-005,CFG-CPL-02,QUALIFICATION,0.2,PIPELINE,2024-12-10,6,40200,0,CLOSED_PERIOD
TEN-COOLIT-SYN-001,SITE-COOLIT-SYN-01,CRM,FORECAST_SNAPSHOT,FCST-009-014,OPP-0014,RESOLVED,2024-11-29T18:00:00-06:00,2026-09-26T08:00:00-06:00,2026-06-29T00:00:00-06:00,,1,,false,ACTIVE,,USD,VALID,CURRENT,coolit-synthetic-v2.0.0,CUST-004,PRG-006,CFG-RM-03,SYNTHETIC_INTERNAL,SNP-COOLIT-20260925-BL,SCN-BASELINE,FCST-009-014,2026-H09,OPP-0014,OPPL-0014,ACC-004,PRG-006,CFG-RM-03,QUALIFICATION,0.2,PIPELINE,2024-12-17,6,46800,0,CLOSED_PERIOD
TEN-COOLIT-SYN-001,SITE-COOLIT-SYN-01,CRM,FORECAST_SNAPSHOT,FCST-009-015,OPP-0015,RESOLVED,2024-11-29T18:00:00-06:00,2026-09-26T08:00:00-06:00,2026-06-29T00:00:00-06:00,,1,,false,ACTIVE,,USD,VALID,CURRENT,coolit-synthetic-v2.0.0,CUST-005,PRG-007,CFG-CDU-04,SYNTHETIC_INTERNAL,SNP-COOLIT-20260925-BL,SCN-BASELINE,FCST-009-015,2026-H09,OPP-0015,OPPL-0015,ACC-005,PRG-007,CFG-CDU-04,QUALIFICATION,0.2,PIPELINE,2024-12-24,7,756000,0,CLOSED_PERIOD
TEN-COOLIT-SYN-001,SITE-COOLIT-SYN-01,CRM,FORECAST_SNAPSHOT,FCST-010-001,OPP-0001,RESOLVED,2024-12-06T18:00:00-06:00,2026-09-26T08:00:00-06:00,2026-06-29T00:00:00-06:00,,1,,false,ACTIVE,,USD,VALID,CURRENT,coolit-synthetic-v2.0.0,CUST-001,PRG-001,CFG-CPL-02,SYNTHETIC_INTERNAL,SNP-COOLIT-20260925-BL,SCN-BASELINE,FCST-010-001,2026-H10,OPP-0001,OPPL-0001,ACC-001,PRG-001,CFG-CPL-02,QUALIFICATION,0.2,PIPELINE,2025-01-10,2,13400,0,CLOSED_PERIOD
TEN-COOLIT-SYN-001,SITE-COOLIT-SYN-01,CRM,FORECAST_SNAPSHOT,FCST-010-002,OPP-0002,RESOLVED,2024-12-06T18:00:00-06:00,2026-09-26T08:00:00-06:00,2026-06-29T00:00:00-06:00,,1,,false,ACTIVE,,USD,VALID,CURRENT,coolit-synthetic-v2.0.0,CUST-002,PRG-002,CFG-RM-03,SYNTHETIC_INTERNAL,SNP-COOLIT-20260925-BL,SCN-BASELINE,FCST-010-002,2026-H10,OPP-0002,OPPL-0002,ACC-002,PRG-002,CFG-RM-03,QUALIFICATION,0.2,PIPELINE,2025-01-17,3,23400,0,CLOSED_PERIOD
TEN-COOLIT-SYN-001,SITE-COOLIT-SYN-01,CRM,FORECAST_SNAPSHOT,FCST-010-003,OPP-0003,RESOLVED,2024-12-06T18:00:00-06:00,2026-09-26T08:00:00-06:00,2026-06-29T00:00:00-06:00,,1,,false,ACTIVE,,USD,VALID,CURRENT,coolit-synthetic-v2.0.0,CUST-003,PRG-003,CFG-CDU-04,SYNTHETIC_INTERNAL,SNP-COOLIT-20260925-BL,SCN-BASELINE,FCST-010-003,2026-H10,OPP-0003,OPPL-0003,ACC-003,PRG-003,CFG-CDU-04,QUALIFICATION,0.2,PIPELINE,2025-01-24,4,432000,0,CLOSED_PERIOD
TEN-COOLIT-SYN-001,SITE-COOLIT-SYN-01,CRM,FORECAST_SNAPSHOT,FCST-010-004,OPP-0004,RESOLVED,2024-12-06T18:00:00-06:00,2026-09-26T08:00:00-06:00,2026-06-29T00:00:00-06:00,,1,,false,ACTIVE,,USD,VALID,CURRENT,coolit-synthetic-v2.0.0,CUST-004,PRG-004,CFG-RM-01,SYNTHETIC_INTERNAL,SNP-COOLIT-20260925-BL,SCN-BASELINE,FCST-010-004,2026-H10,OPP-0004,OPPL-0004,ACC-004,PRG-004,CFG-RM-01,QUALIFICATION,0.2,PIPELINE,2025-01-31,6,33600,0,CLOSED_PERIOD
TEN-COOLIT-SYN-001,SITE-COOLIT-SYN-01,CRM,FORECAST_SNAPSHOT,FCST-010-005,OPP-0005,RESOLVED,2024-12-06T18:00:00-06:00,2026-09-26T08:00:00-06:00,2026-06-29T00:00:00-06:00,,1,,false,ACTIVE,,USD,VALID,CURRENT,coolit-synthetic-v2.0.0,CUST-005,PRG-005,CFG-CDU-02,SYNTHETIC_INTERNAL,SNP-COOLIT-20260925-BL,SCN-BASELINE,FCST-010-005,2026-H10,OPP-0005,OPPL-0005,ACC-005,PRG-005,CFG-CDU-02,QUALIFICATION,0.2,PIPELINE,2025-02-07,7,630000,0,CLOSED_PERIOD
TEN-COOLIT-SYN-001,SITE-COOLIT-SYN-01,CRM,FORECAST_SNAPSHOT,FCST-010-006,OPP-0006,RESOLVED,2024-12-06T18:00:00-06:00,2026-09-26T08:00:00-06:00,2026-06-29T00:00:00-06:00,,1,,false,ACTIVE,,USD,VALID,CURRENT,coolit-synthetic-v2.0.0,CUST-006,PRG-006,CFG-CPL-03,SYNTHETIC_INTERNAL,SNP-COOLIT-20260925-BL,SCN-BASELINE,FCST-010-006,2026-H10,OPP-0006,OPPL-0006,ACC-006,PRG-006,CFG-CPL-03,QUALIFICATION,0.2,PIPELINE,2025-02-14,7,54600,0,CLOSED_PERIOD
TEN-COOLIT-SYN-001,SITE-COOLIT-SYN-01,CRM,FORECAST_SNAPSHOT,FCST-010-007,OPP-0007,RESOLVED,2024-12-06T18:00:00-06:00,2026-09-26T08:00:00-06:00,2026-06-29T00:00:00-06:00,,1,,false,ACTIVE,,USD,VALID,CURRENT,coolit-synthetic-v2.0.0,CUST-007,PRG-007,CFG-RM-04,SYNTHETIC_INTERNAL,SNP-COOLIT-20260925-BL,SCN-BASELINE,FCST-010-007,2026-H10,OPP-0007,OPPL-0007,ACC-007,PRG-007,CFG-RM-04,QUALIFICATION,0.2,PIPELINE,2025-02-21,9,80100,0,CLOSED_PERIOD
TEN-COOLIT-SYN-001,SITE-COOLIT-SYN-01,CRM,FORECAST_SNAPSHOT,FCST-010-008,OPP-0008,RESOLVED,2024-12-06T18:00:00-06:00,2026-09-26T08:00:00-06:00,2026-06-29T00:00:00-06:00,,1,,false,ACTIVE,,USD,VALID,CURRENT,coolit-synthetic-v2.0.0,CUST-008,PRG-008,CFG-CPL-01,SYNTHETIC_INTERNAL,SNP-COOLIT-20260925-BL,SCN-BASELINE,FCST-010-008,2026-H10,OPP-0008,OPPL-0008,ACC-008,PRG-008,CFG-CPL-01,QUALIFICATION,0.2,PIPELINE,2025-02-28,10,56000,0,CLOSED_PERIOD
TEN-COOLIT-SYN-001,SITE-COOLIT-SYN-01,CRM,FORECAST_SNAPSHOT,FCST-010-009,OPP-0009,RESOLVED,2024-12-06T18:00:00-06:00,2026-09-26T08:00:00-06:00,2026-06-29T00:00:00-06:00,,1,,false,ACTIVE,,USD,VALID,CURRENT,coolit-synthetic-v2.0.0,CUST-009,PRG-001,CFG-RM-02,SYNTHETIC_INTERNAL,SNP-COOLIT-20260925-BL,SCN-BASELINE,FCST-010-009,2026-H10,OPP-0009,OPPL-0009,ACC-009,PRG-001,CFG-RM-02,QUALIFICATION,0.2,PIPELINE,2025-03-07,11,73700,0,CLOSED_PERIOD
TEN-COOLIT-SYN-001,SITE-COOLIT-SYN-01,CRM,FORECAST_SNAPSHOT,FCST-010-010,OPP-0010,RESOLVED,2024-12-06T18:00:00-06:00,2026-09-26T08:00:00-06:00,2026-06-29T00:00:00-06:00,,1,,false,ACTIVE,,USD,VALID,CURRENT,coolit-synthetic-v2.0.0,CUST-010,PRG-002,CFG-CDU-03,SYNTHETIC_INTERNAL,SNP-COOLIT-20260925-BL,SCN-BASELINE,FCST-010-010,2026-H10,OPP-0010,OPPL-0010,ACC-010,PRG-002,CFG-CDU-03,QUALIFICATION,0.2,PIPELINE,2025-03-14,2,198000,0,CLOSED_PERIOD
TEN-COOLIT-SYN-001,SITE-COOLIT-SYN-01,CRM,FORECAST_SNAPSHOT,FCST-010-011,OPP-0011,RESOLVED,2024-12-06T18:00:00-06:00,2026-09-26T08:00:00-06:00,2026-06-29T00:00:00-06:00,,1,,false,ACTIVE,,USD,VALID,CURRENT,coolit-synthetic-v2.0.0,CUST-001,PRG-003,CFG-CPL-04,SYNTHETIC_INTERNAL,SNP-COOLIT-20260925-BL,SCN-BASELINE,FCST-010-011,2026-H10,OPP-0011,OPPL-0011,ACC-001,PRG-003,CFG-CPL-04,QUALIFICATION,0.2,PIPELINE,2025-03-21,3,26700,0,CLOSED_PERIOD
TEN-COOLIT-SYN-001,SITE-COOLIT-SYN-01,CRM,FORECAST_SNAPSHOT,FCST-010-012,OPP-0012,RESOLVED,2024-12-06T18:00:00-06:00,2026-09-26T08:00:00-06:00,2026-06-29T00:00:00-06:00,,1,,false,ACTIVE,,USD,VALID,CURRENT,coolit-synthetic-v2.0.0,CUST-002,PRG-004,CFG-CDU-01,SYNTHETIC_INTERNAL,SNP-COOLIT-20260925-BL,SCN-BASELINE,FCST-010-012,2026-H10,OPP-0012,OPPL-0012,ACC-002,PRG-004,CFG-CDU-01,QUALIFICATION,0.2,PIPELINE,2025-03-28,5,405000,0,CLOSED_PERIOD
TEN-COOLIT-SYN-001,SITE-COOLIT-SYN-01,CRM,FORECAST_SNAPSHOT,FCST-010-013,OPP-0013,RESOLVED,2024-12-06T18:00:00-06:00,2026-09-26T08:00:00-06:00,2026-06-29T00:00:00-06:00,,1,,false,ACTIVE,,USD,VALID,CURRENT,coolit-synthetic-v2.0.0,CUST-003,PRG-005,CFG-CPL-02,SYNTHETIC_INTERNAL,SNP-COOLIT-20260925-BL,SCN-BASELINE,FCST-010-013,2026-H10,OPP-0013,OPPL-0013,ACC-003,PRG-005,CFG-CPL-02,QUALIFICATION,0.2,PIPELINE,2025-01-10,5,33500,0,CLOSED_PERIOD
TEN-COOLIT-SYN-001,SITE-COOLIT-SYN-01,CRM,FORECAST_SNAPSHOT,FCST-010-014,OPP-0014,RESOLVED,2024-12-06T18:00:00-06:00,2026-09-26T08:00:00-06:00,2026-06-29T00:00:00-06:00,,1,,false,ACTIVE,,USD,VALID,CURRENT,coolit-synthetic-v2.0.0,CUST-004,PRG-006,CFG-RM-03,SYNTHETIC_INTERNAL,SNP-COOLIT-20260925-BL,SCN-BASELINE,FCST-010-014,2026-H10,OPP-0014,OPPL-0014,ACC-004,PRG-006,CFG-RM-03,QUALIFICATION,0.2,PIPELINE,2025-01-17,6,46800,0,CLOSED_PERIOD
TEN-COOLIT-SYN-001,SITE-COOLIT-SYN-01,CRM,FORECAST_SNAPSHOT,FCST-010-015,OPP-0015,RESOLVED,2024-12-06T18:00:00-06:00,2026-09-26T08:00:00-06:00,2026-06-29T00:00:00-06:00,,1,,false,ACTIVE,,USD,VALID,CURRENT,coolit-synthetic-v2.0.0,CUST-005,PRG-007,CFG-CDU-04,SYNTHETIC_INTERNAL,SNP-COOLIT-20260925-BL,SCN-BASELINE,FCST-010-015,2026-H10,OPP-0015,OPPL-0015,ACC-005,PRG-007,CFG-CDU-04,QUALIFICATION,0.2,PIPELINE,2025-01-24,8,864000,0,CLOSED_PERIOD
TEN-COOLIT-SYN-001,SITE-COOLIT-SYN-01,CRM,FORECAST_SNAPSHOT,FCST-011-001,OPP-0001,RESOLVED,2024-12-13T18:00:00-06:00,2026-09-26T08:00:00-06:00,2026-06-29T00:00:00-06:00,,1,,false,ACTIVE,,USD,VALID,CURRENT,coolit-synthetic-v2.0.0,CUST-001,PRG-001,CFG-CPL-02,SYNTHETIC_INTERNAL,SNP-COOLIT-20260925-BL,SCN-BASELINE,FCST-011-001,2026-H11,OPP-0001,OPPL-0001,ACC-001,PRG-001,CFG-CPL-02,QUALIFICATION,0.2,PIPELINE,2025-01-14,2,13400,0,CLOSED_PERIOD
TEN-COOLIT-SYN-001,SITE-COOLIT-SYN-01,CRM,FORECAST_SNAPSHOT,FCST-011-002,OPP-0002,RESOLVED,2024-12-13T18:00:00-06:00,2026-09-26T08:00:00-06:00,2026-06-29T00:00:00-06:00,,1,,false,ACTIVE,,USD,VALID,CURRENT,coolit-synthetic-v2.0.0,CUST-002,PRG-002,CFG-RM-03,SYNTHETIC_INTERNAL,SNP-COOLIT-20260925-BL,SCN-BASELINE,FCST-011-002,2026-H11,OPP-0002,OPPL-0002,ACC-002,PRG-002,CFG-RM-03,QUALIFICATION,0.2,PIPELINE,2025-01-21,3,23400,0,CLOSED_PERIOD
TEN-COOLIT-SYN-001,SITE-COOLIT-SYN-01,CRM,FORECAST_SNAPSHOT,FCST-011-003,OPP-0003,RESOLVED,2024-12-13T18:00:00-06:00,2026-09-26T08:00:00-06:00,2026-06-29T00:00:00-06:00,,1,,false,ACTIVE,,USD,VALID,CURRENT,coolit-synthetic-v2.0.0,CUST-003,PRG-003,CFG-CDU-04,SYNTHETIC_INTERNAL,SNP-COOLIT-20260925-BL,SCN-BASELINE,FCST-011-003,2026-H11,OPP-0003,OPPL-0003,ACC-003,PRG-003,CFG-CDU-04,QUALIFICATION,0.2,PIPELINE,2025-01-28,5,540000,0,CLOSED_PERIOD
TEN-COOLIT-SYN-001,SITE-COOLIT-SYN-01,CRM,FORECAST_SNAPSHOT,FCST-011-004,OPP-0004,RESOLVED,2024-12-13T18:00:00-06:00,2026-09-26T08:00:00-06:00,2026-06-29T00:00:00-06:00,,1,,false,ACTIVE,,USD,VALID,CURRENT,coolit-synthetic-v2.0.0,CUST-004,PRG-004,CFG-RM-01,SYNTHETIC_INTERNAL,SNP-COOLIT-20260925-BL,SCN-BASELINE,FCST-011-004,2026-H11,OPP-0004,OPPL-0004,ACC-004,PRG-004,CFG-RM-01,QUALIFICATION,0.2,PIPELINE,2025-02-04,6,33600,0,CLOSED_PERIOD
TEN-COOLIT-SYN-001,SITE-COOLIT-SYN-01,CRM,FORECAST_SNAPSHOT,FCST-011-005,OPP-0005,RESOLVED,2024-12-13T18:00:00-06:00,2026-09-26T08:00:00-06:00,2026-06-29T00:00:00-06:00,,1,,false,ACTIVE,,USD,VALID,CURRENT,coolit-synthetic-v2.0.0,CUST-005,PRG-005,CFG-CDU-02,SYNTHETIC_INTERNAL,SNP-COOLIT-20260925-BL,SCN-BASELINE,FCST-011-005,2026-H11,OPP-0005,OPPL-0005,ACC-005,PRG-005,CFG-CDU-02,QUALIFICATION,0.2,PIPELINE,2025-02-11,6,540000,0,CLOSED_PERIOD
TEN-COOLIT-SYN-001,SITE-COOLIT-SYN-01,CRM,FORECAST_SNAPSHOT,FCST-011-006,OPP-0006,RESOLVED,2024-12-13T18:00:00-06:00,2026-09-26T08:00:00-06:00,2026-06-29T00:00:00-06:00,,1,,false,ACTIVE,,USD,VALID,CURRENT,coolit-synthetic-v2.0.0,CUST-006,PRG-006,CFG-CPL-03,SYNTHETIC_INTERNAL,SNP-COOLIT-20260925-BL,SCN-BASELINE,FCST-011-006,2026-H11,OPP-0006,OPPL-0006,ACC-006,PRG-006,CFG-CPL-03,QUALIFICATION,0.2,PIPELINE,2025-02-18,7,54600,0,CLOSED_PERIOD
TEN-COOLIT-SYN-001,SITE-COOLIT-SYN-01,CRM,FORECAST_SNAPSHOT,FCST-011-007,OPP-0007,RESOLVED,2024-12-13T18:00:00-06:00,2026-09-26T08:00:00-06:00,2026-06-29T00:00:00-06:00,,1,,false,ACTIVE,,USD,VALID,CURRENT,coolit-synthetic-v2.0.0,CUST-007,PRG-007,CFG-RM-04,SYNTHETIC_INTERNAL,SNP-COOLIT-20260925-BL,SCN-BASELINE,FCST-011-007,2026-H11,OPP-0007,OPPL-0007,ACC-007,PRG-007,CFG-RM-04,QUALIFICATION,0.2,PIPELINE,2025-02-25,9,80100,0,CLOSED_PERIOD
TEN-COOLIT-SYN-001,SITE-COOLIT-SYN-01,CRM,FORECAST_SNAPSHOT,FCST-011-008,OPP-0008,RESOLVED,2024-12-13T18:00:00-06:00,2026-09-26T08:00:00-06:00,2026-06-29T00:00:00-06:00,,1,,false,ACTIVE,,USD,VALID,CURRENT,coolit-synthetic-v2.0.0,CUST-008,PRG-008,CFG-CPL-01,SYNTHETIC_INTERNAL,SNP-COOLIT-20260925-BL,SCN-BASELINE,FCST-011-008,2026-H11,OPP-0008,OPPL-0008,ACC-008,PRG-008,CFG-CPL-01,QUALIFICATION,0.2,PIPELINE,2025-03-04,10,56000,0,CLOSED_PERIOD
TEN-COOLIT-SYN-001,SITE-COOLIT-SYN-01,CRM,FORECAST_SNAPSHOT,FCST-011-009,OPP-0009,RESOLVED,2024-12-13T18:00:00-06:00,2026-09-26T08:00:00-06:00,2026-06-29T00:00:00-06:00,,1,,false,ACTIVE,,USD,VALID,CURRENT,coolit-synthetic-v2.0.0,CUST-009,PRG-001,CFG-RM-02,SYNTHETIC_INTERNAL,SNP-COOLIT-20260925-BL,SCN-BASELINE,FCST-011-009,2026-H11,OPP-0009,OPPL-0009,ACC-009,PRG-001,CFG-RM-02,QUALIFICATION,0.2,PIPELINE,2025-03-11,12,80400,0,CLOSED_PERIOD
TEN-COOLIT-SYN-001,SITE-COOLIT-SYN-01,CRM,FORECAST_SNAPSHOT,FCST-011-010,OPP-0010,RESOLVED,2024-12-13T18:00:00-06:00,2026-09-26T08:00:00-06:00,2026-06-29T00:00:00-06:00,,1,,false,ACTIVE,,USD,VALID,CURRENT,coolit-synthetic-v2.0.0,CUST-010,PRG-002,CFG-CDU-03,SYNTHETIC_INTERNAL,SNP-COOLIT-20260925-BL,SCN-BASELINE,FCST-011-010,2026-H11,OPP-0010,OPPL-0010,ACC-010,PRG-002,CFG-CDU-03,QUALIFICATION,0.2,PIPELINE,2025-03-18,2,198000,0,CLOSED_PERIOD
TEN-COOLIT-SYN-001,SITE-COOLIT-SYN-01,CRM,FORECAST_SNAPSHOT,FCST-011-011,OPP-0011,RESOLVED,2024-12-13T18:00:00-06:00,2026-09-26T08:00:00-06:00,2026-06-29T00:00:00-06:00,,1,,false,ACTIVE,,USD,VALID,CURRENT,coolit-synthetic-v2.0.0,CUST-001,PRG-003,CFG-CPL-04,SYNTHETIC_INTERNAL,SNP-COOLIT-20260925-BL,SCN-BASELINE,FCST-011-011,2026-H11,OPP-0011,OPPL-0011,ACC-001,PRG-003,CFG-CPL-04,QUALIFICATION,0.2,PIPELINE,2025-03-25,3,26700,0,CLOSED_PERIOD
TEN-COOLIT-SYN-001,SITE-COOLIT-SYN-01,CRM,FORECAST_SNAPSHOT,FCST-011-012,OPP-0012,RESOLVED,2024-12-13T18:00:00-06:00,2026-09-26T08:00:00-06:00,2026-06-29T00:00:00-06:00,,1,,false,ACTIVE,,USD,VALID,CURRENT,coolit-synthetic-v2.0.0,CUST-002,PRG-004,CFG-CDU-01,SYNTHETIC_INTERNAL,SNP-COOLIT-20260925-BL,SCN-BASELINE,FCST-011-012,2026-H11,OPP-0012,OPPL-0012,ACC-002,PRG-004,CFG-CDU-01,QUALIFICATION,0.2,PIPELINE,2025-04-01,4,324000,0,CLOSED_PERIOD
TEN-COOLIT-SYN-001,SITE-COOLIT-SYN-01,CRM,FORECAST_SNAPSHOT,FCST-011-013,OPP-0013,RESOLVED,2024-12-13T18:00:00-06:00,2026-09-26T08:00:00-06:00,2026-06-29T00:00:00-06:00,,1,,false,ACTIVE,,USD,VALID,CURRENT,coolit-synthetic-v2.0.0,CUST-003,PRG-005,CFG-CPL-02,SYNTHETIC_INTERNAL,SNP-COOLIT-20260925-BL,SCN-BASELINE,FCST-011-013,2026-H11,OPP-0013,OPPL-0013,ACC-003,PRG-005,CFG-CPL-02,QUALIFICATION,0.2,PIPELINE,2025-01-14,5,33500,0,CLOSED_PERIOD
TEN-COOLIT-SYN-001,SITE-COOLIT-SYN-01,CRM,FORECAST_SNAPSHOT,FCST-011-014,OPP-0014,RESOLVED,2024-12-13T18:00:00-06:00,2026-09-26T08:00:00-06:00,2026-06-29T00:00:00-06:00,,1,,false,ACTIVE,,USD,VALID,CURRENT,coolit-synthetic-v2.0.0,CUST-004,PRG-006,CFG-RM-03,SYNTHETIC_INTERNAL,SNP-COOLIT-20260925-BL,SCN-BASELINE,FCST-011-014,2026-H11,OPP-0014,OPPL-0014,ACC-004,PRG-006,CFG-RM-03,QUALIFICATION,0.2,PIPELINE,2025-01-21,7,54600,0,CLOSED_PERIOD
TEN-COOLIT-SYN-001,SITE-COOLIT-SYN-01,CRM,FORECAST_SNAPSHOT,FCST-011-015,OPP-0015,RESOLVED,2024-12-13T18:00:00-06:00,2026-09-26T08:00:00-06:00,2026-06-29T00:00:00-06:00,,1,,false,ACTIVE,,USD,VALID,CURRENT,coolit-synthetic-v2.0.0,CUST-005,PRG-007,CFG-CDU-04,SYNTHETIC_INTERNAL,SNP-COOLIT-20260925-BL,SCN-BASELINE,FCST-011-015,2026-H11,OPP-0015,OPPL-0015,ACC-005,PRG-007,CFG-CDU-04,QUALIFICATION,0.2,PIPELINE,2025-01-28,8,864000,0,CLOSED_PERIOD
TEN-COOLIT-SYN-001,SITE-COOLIT-SYN-01,CRM,FORECAST_SNAPSHOT,FCST-012-001,OPP-0001,RESOLVED,2024-12-20T18:00:00-06:00,2026-09-26T08:00:00-06:00,2026-06-29T00:00:00-06:00,,1,,false,ACTIVE,,USD,VALID,CURRENT,coolit-synthetic-v2.0.0,CUST-001,PRG-001,CFG-CPL-02,SYNTHETIC_INTERNAL,SNP-COOLIT-20260925-BL,SCN-BASELINE,FCST-012-001,2026-H12,OPP-0001,OPPL-0001,ACC-001,PRG-001,CFG-CPL-02,QUALIFICATION,0.2,PIPELINE,2025-01-18,2,13400,0,CLOSED_PERIOD
TEN-COOLIT-SYN-001,SITE-COOLIT-SYN-01,CRM,FORECAST_SNAPSHOT,FCST-012-002,OPP-0002,RESOLVED,2024-12-20T18:00:00-06:00,2026-09-26T08:00:00-06:00,2026-06-29T00:00:00-06:00,,1,,false,ACTIVE,,USD,VALID,CURRENT,coolit-synthetic-v2.0.0,CUST-002,PRG-002,CFG-RM-03,SYNTHETIC_INTERNAL,SNP-COOLIT-20260925-BL,SCN-BASELINE,FCST-012-002,2026-H12,OPP-0002,OPPL-0002,ACC-002,PRG-002,CFG-RM-03,QUALIFICATION,0.2,PIPELINE,2025-01-25,3,23400,0,CLOSED_PERIOD
TEN-COOLIT-SYN-001,SITE-COOLIT-SYN-01,CRM,FORECAST_SNAPSHOT,FCST-012-003,OPP-0003,RESOLVED,2024-12-20T18:00:00-06:00,2026-09-26T08:00:00-06:00,2026-06-29T00:00:00-06:00,,1,,false,ACTIVE,,USD,VALID,CURRENT,coolit-synthetic-v2.0.0,CUST-003,PRG-003,CFG-CDU-04,SYNTHETIC_INTERNAL,SNP-COOLIT-20260925-BL,SCN-BASELINE,FCST-012-003,2026-H12,OPP-0003,OPPL-0003,ACC-003,PRG-003,CFG-CDU-04,QUALIFICATION,0.2,PIPELINE,2025-02-01,5,540000,0,CLOSED_PERIOD
TEN-COOLIT-SYN-001,SITE-COOLIT-SYN-01,CRM,FORECAST_SNAPSHOT,FCST-012-004,OPP-0004,RESOLVED,2024-12-20T18:00:00-06:00,2026-09-26T08:00:00-06:00,2026-06-29T00:00:00-06:00,,1,,false,ACTIVE,,USD,VALID,CURRENT,coolit-synthetic-v2.0.0,CUST-004,PRG-004,CFG-RM-01,SYNTHETIC_INTERNAL,SNP-COOLIT-20260925-BL,SCN-BASELINE,FCST-012-004,2026-H12,OPP-0004,OPPL-0004,ACC-004,PRG-004,CFG-RM-01,QUALIFICATION,0.2,PIPELINE,2025-02-08,5,28000,0,CLOSED_PERIOD
TEN-COOLIT-SYN-001,SITE-COOLIT-SYN-01,CRM,FORECAST_SNAPSHOT,FCST-012-005,OPP-0005,RESOLVED,2024-12-20T18:00:00-06:00,2026-09-26T08:00:00-06:00,2026-06-29T00:00:00-06:00,,1,,false,ACTIVE,,USD,VALID,CURRENT,coolit-synthetic-v2.0.0,CUST-005,PRG-005,CFG-CDU-02,SYNTHETIC_INTERNAL,SNP-COOLIT-20260925-BL,SCN-BASELINE,FCST-012-005,2026-H12,OPP-0005,OPPL-0005,ACC-005,PRG-005,CFG-CDU-02,QUALIFICATION,0.2,PIPELINE,2025-02-15,6,540000,0,CLOSED_PERIOD
TEN-COOLIT-SYN-001,SITE-COOLIT-SYN-01,CRM,FORECAST_SNAPSHOT,FCST-012-006,OPP-0006,RESOLVED,2024-12-20T18:00:00-06:00,2026-09-26T08:00:00-06:00,2026-06-29T00:00:00-06:00,,1,,false,ACTIVE,,USD,VALID,CURRENT,coolit-synthetic-v2.0.0,CUST-006,PRG-006,CFG-CPL-03,SYNTHETIC_INTERNAL,SNP-COOLIT-20260925-BL,SCN-BASELINE,FCST-012-006,2026-H12,OPP-0006,OPPL-0006,ACC-006,PRG-006,CFG-CPL-03,QUALIFICATION,0.2,PIPELINE,2025-02-22,8,62400,0,CLOSED_PERIOD
TEN-COOLIT-SYN-001,SITE-COOLIT-SYN-01,CRM,FORECAST_SNAPSHOT,FCST-012-007,OPP-0007,RESOLVED,2024-12-20T18:00:00-06:00,2026-09-26T08:00:00-06:00,2026-06-29T00:00:00-06:00,,1,,false,ACTIVE,,USD,VALID,CURRENT,coolit-synthetic-v2.0.0,CUST-007,PRG-007,CFG-RM-04,SYNTHETIC_INTERNAL,SNP-COOLIT-20260925-BL,SCN-BASELINE,FCST-012-007,2026-H12,OPP-0007,OPPL-0007,ACC-007,PRG-007,CFG-RM-04,QUALIFICATION,0.2,PIPELINE,2025-03-01,9,80100,0,CLOSED_PERIOD
TEN-COOLIT-SYN-001,SITE-COOLIT-SYN-01,CRM,FORECAST_SNAPSHOT,FCST-012-008,OPP-0008,RESOLVED,2024-12-20T18:00:00-06:00,2026-09-26T08:00:00-06:00,2026-06-29T00:00:00-06:00,,1,,false,ACTIVE,,USD,VALID,CURRENT,coolit-synthetic-v2.0.0,CUST-008,PRG-008,CFG-CPL-01,SYNTHETIC_INTERNAL,SNP-COOLIT-20260925-BL,SCN-BASELINE,FCST-012-008,2026-H12,OPP-0008,OPPL-0008,ACC-008,PRG-008,CFG-CPL-01,QUALIFICATION,0.2,PIPELINE,2025-03-08,11,61600,0,CLOSED_PERIOD
TEN-COOLIT-SYN-001,SITE-COOLIT-SYN-01,CRM,FORECAST_SNAPSHOT,FCST-012-009,OPP-0009,RESOLVED,2024-12-20T18:00:00-06:00,2026-09-26T08:00:00-06:00,2026-06-29T00:00:00-06:00,,1,,false,ACTIVE,,USD,VALID,CURRENT,coolit-synthetic-v2.0.0,CUST-009,PRG-001,CFG-RM-02,SYNTHETIC_INTERNAL,SNP-COOLIT-20260925-BL,SCN-BASELINE,FCST-012-009,2026-H12,OPP-0009,OPPL-0009,ACC-009,PRG-001,CFG-RM-02,QUALIFICATION,0.2,PIPELINE,2025-03-15,12,80400,0,CLOSED_PERIOD
TEN-COOLIT-SYN-001,SITE-COOLIT-SYN-01,CRM,FORECAST_SNAPSHOT,FCST-012-010,OPP-0010,RESOLVED,2024-12-20T18:00:00-06:00,2026-09-26T08:00:00-06:00,2026-06-29T00:00:00-06:00,,1,,false,ACTIVE,,USD,VALID,CURRENT,coolit-synthetic-v2.0.0,CUST-010,PRG-002,CFG-CDU-03,SYNTHETIC_INTERNAL,SNP-COOLIT-20260925-BL,SCN-BASELINE,FCST-012-010,2026-H12,OPP-0010,OPPL-0010,ACC-010,PRG-002,CFG-CDU-03,QUALIFICATION,0.2,PIPELINE,2025-03-22,2,198000,0,CLOSED_PERIOD
TEN-COOLIT-SYN-001,SITE-COOLIT-SYN-01,CRM,FORECAST_SNAPSHOT,FCST-012-011,OPP-0011,RESOLVED,2024-12-20T18:00:00-06:00,2026-09-26T08:00:00-06:00,2026-06-29T00:00:00-06:00,,1,,false,ACTIVE,,USD,VALID,CURRENT,coolit-synthetic-v2.0.0,CUST-001,PRG-003,CFG-CPL-04,SYNTHETIC_INTERNAL,SNP-COOLIT-20260925-BL,SCN-BASELINE,FCST-012-011,2026-H12,OPP-0011,OPPL-0011,ACC-001,PRG-003,CFG-CPL-04,QUALIFICATION,0.2,PIPELINE,2025-03-29,3,26700,0,CLOSED_PERIOD
TEN-COOLIT-SYN-001,SITE-COOLIT-SYN-01,CRM,FORECAST_SNAPSHOT,FCST-012-012,OPP-0012,RESOLVED,2024-12-20T18:00:00-06:00,2026-09-26T08:00:00-06:00,2026-06-29T00:00:00-06:00,,1,,false,ACTIVE,,USD,VALID,CURRENT,coolit-synthetic-v2.0.0,CUST-002,PRG-004,CFG-CDU-01,SYNTHETIC_INTERNAL,SNP-COOLIT-20260925-BL,SCN-BASELINE,FCST-012-012,2026-H12,OPP-0012,OPPL-0012,ACC-002,PRG-004,CFG-CDU-01,QUALIFICATION,0.2,PIPELINE,2025-04-05,4,324000,0,CLOSED_PERIOD
TEN-COOLIT-SYN-001,SITE-COOLIT-SYN-01,CRM,FORECAST_SNAPSHOT,FCST-012-013,OPP-0013,RESOLVED,2024-12-20T18:00:00-06:00,2026-09-26T08:00:00-06:00,2026-06-29T00:00:00-06:00,,1,,false,ACTIVE,,USD,VALID,CURRENT,coolit-synthetic-v2.0.0,CUST-003,PRG-005,CFG-CPL-02,SYNTHETIC_INTERNAL,SNP-COOLIT-20260925-BL,SCN-BASELINE,FCST-012-013,2026-H12,OPP-0013,OPPL-0013,ACC-003,PRG-005,CFG-CPL-02,QUALIFICATION,0.2,PIPELINE,2025-01-18,5,33500,0,CLOSED_PERIOD
TEN-COOLIT-SYN-001,SITE-COOLIT-SYN-01,CRM,FORECAST_SNAPSHOT,FCST-012-014,OPP-0014,RESOLVED,2024-12-20T18:00:00-06:00,2026-09-26T08:00:00-06:00,2026-06-29T00:00:00-06:00,,1,,false,ACTIVE,,USD,VALID,CURRENT,coolit-synthetic-v2.0.0,CUST-004,PRG-006,CFG-RM-03,SYNTHETIC_INTERNAL,SNP-COOLIT-20260925-BL,SCN-BASELINE,FCST-012-014,2026-H12,OPP-0014,OPPL-0014,ACC-004,PRG-006,CFG-RM-03,QUALIFICATION,0.2,PIPELINE,2025-01-25,7,54600,0,CLOSED_PERIOD
TEN-COOLIT-SYN-001,SITE-COOLIT-SYN-01,CRM,FORECAST_SNAPSHOT,FCST-012-015,OPP-0015,RESOLVED,2024-12-20T18:00:00-06:00,2026-09-26T08:00:00-06:00,2026-06-29T00:00:00-06:00,,1,,false,ACTIVE,,USD,VALID,CURRENT,coolit-synthetic-v2.0.0,CUST-005,PRG-007,CFG-CDU-04,SYNTHETIC_INTERNAL,SNP-COOLIT-20260925-BL,SCN-BASELINE,FCST-012-015,2026-H12,OPP-0015,OPPL-0015,ACC-005,PRG-007,CFG-CDU-04,QUALIFICATION,0.2,PIPELINE,2025-02-01,8,864000,0,CLOSED_PERIOD
TEN-COOLIT-SYN-001,SITE-COOLIT-SYN-01,CRM,FORECAST_SNAPSHOT,FCST-013-001,OPP-0001,RESOLVED,2024-12-27T18:00:00-06:00,2026-09-26T08:00:00-06:00,2026-06-29T00:00:00-06:00,,1,,false,ACTIVE,,USD,VALID,CURRENT,coolit-synthetic-v2.0.0,CUST-001,PRG-001,CFG-CPL-02,SYNTHETIC_INTERNAL,SNP-COOLIT-20260925-BL,SCN-BASELINE,FCST-013-001,2026-H13,OPP-0001,OPPL-0001,ACC-001,PRG-001,CFG-CPL-02,QUALIFICATION,0.2,PIPELINE,2025-01-22,2,13400,0,CLOSED_PERIOD
TEN-COOLIT-SYN-001,SITE-COOLIT-SYN-01,CRM,FORECAST_SNAPSHOT,FCST-013-002,OPP-0002,RESOLVED,2024-12-27T18:00:00-06:00,2026-09-26T08:00:00-06:00,2026-06-29T00:00:00-06:00,,1,,false,ACTIVE,,USD,VALID,CURRENT,coolit-synthetic-v2.0.0,CUST-002,PRG-002,CFG-RM-03,SYNTHETIC_INTERNAL,SNP-COOLIT-20260925-BL,SCN-BASELINE,FCST-013-002,2026-H13,OPP-0002,OPPL-0002,ACC-002,PRG-002,CFG-RM-03,QUALIFICATION,0.2,PIPELINE,2025-01-29,3,23400,0,CLOSED_PERIOD
TEN-COOLIT-SYN-001,SITE-COOLIT-SYN-01,CRM,FORECAST_SNAPSHOT,FCST-013-003,OPP-0003,RESOLVED,2024-12-27T18:00:00-06:00,2026-09-26T08:00:00-06:00,2026-06-29T00:00:00-06:00,,1,,false,ACTIVE,,USD,VALID,CURRENT,coolit-synthetic-v2.0.0,CUST-003,PRG-003,CFG-CDU-04,SYNTHETIC_INTERNAL,SNP-COOLIT-20260925-BL,SCN-BASELINE,FCST-013-003,2026-H13,OPP-0003,OPPL-0003,ACC-003,PRG-003,CFG-CDU-04,QUALIFICATION,0.2,PIPELINE,2025-02-05,4,432000,0,CLOSED_PERIOD
TEN-COOLIT-SYN-001,SITE-COOLIT-SYN-01,CRM,FORECAST_SNAPSHOT,FCST-013-004,OPP-0004,RESOLVED,2024-12-27T18:00:00-06:00,2026-09-26T08:00:00-06:00,2026-06-29T00:00:00-06:00,,1,,false,ACTIVE,,USD,VALID,CURRENT,coolit-synthetic-v2.0.0,CUST-004,PRG-004,CFG-RM-01,SYNTHETIC_INTERNAL,SNP-COOLIT-20260925-BL,SCN-BASELINE,FCST-013-004,2026-H13,OPP-0004,OPPL-0004,ACC-004,PRG-004,CFG-RM-01,QUALIFICATION,0.2,PIPELINE,2025-02-12,5,28000,0,CLOSED_PERIOD
TEN-COOLIT-SYN-001,SITE-COOLIT-SYN-01,CRM,FORECAST_SNAPSHOT,FCST-013-005,OPP-0005,RESOLVED,2024-12-27T18:00:00-06:00,2026-09-26T08:00:00-06:00,2026-06-29T00:00:00-06:00,,1,,false,ACTIVE,,USD,VALID,CURRENT,coolit-synthetic-v2.0.0,CUST-005,PRG-005,CFG-CDU-02,SYNTHETIC_INTERNAL,SNP-COOLIT-20260925-BL,SCN-BASELINE,FCST-013-005,2026-H13,OPP-0005,OPPL-0005,ACC-005,PRG-005,CFG-CDU-02,QUALIFICATION,0.2,PIPELINE,2025-02-19,7,630000,0,CLOSED_PERIOD
TEN-COOLIT-SYN-001,SITE-COOLIT-SYN-01,CRM,FORECAST_SNAPSHOT,FCST-013-006,OPP-0006,RESOLVED,2024-12-27T18:00:00-06:00,2026-09-26T08:00:00-06:00,2026-06-29T00:00:00-06:00,,1,,false,ACTIVE,,USD,VALID,CURRENT,coolit-synthetic-v2.0.0,CUST-006,PRG-006,CFG-CPL-03,SYNTHETIC_INTERNAL,SNP-COOLIT-20260925-BL,SCN-BASELINE,FCST-013-006,2026-H13,OPP-0006,OPPL-0006,ACC-006,PRG-006,CFG-CPL-03,QUALIFICATION,0.2,PIPELINE,2025-02-26,8,62400,0,CLOSED_PERIOD
TEN-COOLIT-SYN-001,SITE-COOLIT-SYN-01,CRM,FORECAST_SNAPSHOT,FCST-013-007,OPP-0007,RESOLVED,2024-12-27T18:00:00-06:00,2026-09-26T08:00:00-06:00,2026-06-29T00:00:00-06:00,,1,,false,ACTIVE,,USD,VALID,CURRENT,coolit-synthetic-v2.0.0,CUST-007,PRG-007,CFG-RM-04,SYNTHETIC_INTERNAL,SNP-COOLIT-20260925-BL,SCN-BASELINE,FCST-013-007,2026-H13,OPP-0007,OPPL-0007,ACC-007,PRG-007,CFG-RM-04,QUALIFICATION,0.2,PIPELINE,2025-03-05,9,80100,0,CLOSED_PERIOD
TEN-COOLIT-SYN-001,SITE-COOLIT-SYN-01,CRM,FORECAST_SNAPSHOT,FCST-013-008,OPP-0008,RESOLVED,2024-12-27T18:00:00-06:00,2026-09-26T08:00:00-06:00,2026-06-29T00:00:00-06:00,,1,,false,ACTIVE,,USD,VALID,CURRENT,coolit-synthetic-v2.0.0,CUST-008,PRG-008,CFG-CPL-01,SYNTHETIC_INTERNAL,SNP-COOLIT-20260925-BL,SCN-BASELINE,FCST-013-008,2026-H13,OPP-0008,OPPL-0008,ACC-008,PRG-008,CFG-CPL-01,QUALIFICATION,0.2,PIPELINE,2025-03-12,11,61600,0,CLOSED_PERIOD
TEN-COOLIT-SYN-001,SITE-COOLIT-SYN-01,CRM,FORECAST_SNAPSHOT,FCST-013-009,OPP-0009,RESOLVED,2024-12-27T18:00:00-06:00,2026-09-26T08:00:00-06:00,2026-06-29T00:00:00-06:00,,1,,false,ACTIVE,,USD,VALID,CURRENT,coolit-synthetic-v2.0.0,CUST-009,PRG-001,CFG-RM-02,SYNTHETIC_INTERNAL,SNP-COOLIT-20260925-BL,SCN-BASELINE,FCST-013-009,2026-H13,OPP-0009,OPPL-0009,ACC-009,PRG-001,CFG-RM-02,QUALIFICATION,0.2,PIPELINE,2025-03-19,13,87100,0,CLOSED_PERIOD
TEN-COOLIT-SYN-001,SITE-COOLIT-SYN-01,CRM,FORECAST_SNAPSHOT,FCST-013-010,OPP-0010,RESOLVED,2024-12-27T18:00:00-06:00,2026-09-26T08:00:00-06:00,2026-06-29T00:00:00-06:00,,1,,false,ACTIVE,,USD,VALID,CURRENT,coolit-synthetic-v2.0.0,CUST-010,PRG-002,CFG-CDU-03,SYNTHETIC_INTERNAL,SNP-COOLIT-20260925-BL,SCN-BASELINE,FCST-013-010,2026-H13,OPP-0010,OPPL-0010,ACC-010,PRG-002,CFG-CDU-03,QUALIFICATION,0.2,PIPELINE,2025-03-26,2,198000,0,CLOSED_PERIOD
TEN-COOLIT-SYN-001,SITE-COOLIT-SYN-01,CRM,FORECAST_SNAPSHOT,FCST-013-011,OPP-0011,RESOLVED,2024-12-27T18:00:00-06:00,2026-09-26T08:00:00-06:00,2026-06-29T00:00:00-06:00,,1,,false,ACTIVE,,USD,VALID,CURRENT,coolit-synthetic-v2.0.0,CUST-001,PRG-003,CFG-CPL-04,SYNTHETIC_INTERNAL,SNP-COOLIT-20260925-BL,SCN-BASELINE,FCST-013-011,2026-H13,OPP-0011,OPPL-0011,ACC-001,PRG-003,CFG-CPL-04,QUALIFICATION,0.2,PIPELINE,2025-04-02,3,26700,0,CLOSED_PERIOD
TEN-COOLIT-SYN-001,SITE-COOLIT-SYN-01,CRM,FORECAST_SNAPSHOT,FCST-013-012,OPP-0012,RESOLVED,2024-12-27T18:00:00-06:00,2026-09-26T08:00:00-06:00,2026-06-29T00:00:00-06:00,,1,,false,ACTIVE,,USD,VALID,CURRENT,coolit-synthetic-v2.0.0,CUST-002,PRG-004,CFG-CDU-01,SYNTHETIC_INTERNAL,SNP-COOLIT-20260925-BL,SCN-BASELINE,FCST-013-012,2026-H13,OPP-0012,OPPL-0012,ACC-002,PRG-004,CFG-CDU-01,QUALIFICATION,0.2,PIPELINE,2025-04-09,4,324000,0,CLOSED_PERIOD
TEN-COOLIT-SYN-001,SITE-COOLIT-SYN-01,CRM,FORECAST_SNAPSHOT,FCST-013-013,OPP-0013,RESOLVED,2024-12-27T18:00:00-06:00,2026-09-26T08:00:00-06:00,2026-06-29T00:00:00-06:00,,1,,false,ACTIVE,,USD,VALID,CURRENT,coolit-synthetic-v2.0.0,CUST-003,PRG-005,CFG-CPL-02,SYNTHETIC_INTERNAL,SNP-COOLIT-20260925-BL,SCN-BASELINE,FCST-013-013,2026-H13,OPP-0013,OPPL-0013,ACC-003,PRG-005,CFG-CPL-02,QUALIFICATION,0.2,PIPELINE,2025-01-22,6,40200,0,CLOSED_PERIOD
TEN-COOLIT-SYN-001,SITE-COOLIT-SYN-01,CRM,FORECAST_SNAPSHOT,FCST-013-014,OPP-0014,RESOLVED,2024-12-27T18:00:00-06:00,2026-09-26T08:00:00-06:00,2026-06-29T00:00:00-06:00,,1,,false,ACTIVE,,USD,VALID,CURRENT,coolit-synthetic-v2.0.0,CUST-004,PRG-006,CFG-RM-03,SYNTHETIC_INTERNAL,SNP-COOLIT-20260925-BL,SCN-BASELINE,FCST-013-014,2026-H13,OPP-0014,OPPL-0014,ACC-004,PRG-006,CFG-RM-03,QUALIFICATION,0.2,PIPELINE,2025-01-29,7,54600,0,CLOSED_PERIOD
TEN-COOLIT-SYN-001,SITE-COOLIT-SYN-01,CRM,FORECAST_SNAPSHOT,FCST-013-015,OPP-0015,RESOLVED,2024-12-27T18:00:00-06:00,2026-09-26T08:00:00-06:00,2026-06-29T00:00:00-06:00,,1,,false,ACTIVE,,USD,VALID,CURRENT,coolit-synthetic-v2.0.0,CUST-005,PRG-007,CFG-CDU-04,SYNTHETIC_INTERNAL,SNP-COOLIT-20260925-BL,SCN-BASELINE,FCST-013-015,2026-H13,OPP-0015,OPPL-0015,ACC-005,PRG-007,CFG-CDU-04,QUALIFICATION,0.2,PIPELINE,2025-02-05,8,864000,0,CLOSED_PERIOD
TEN-COOLIT-SYN-001,SITE-COOLIT-SYN-01,CRM,FORECAST_SNAPSHOT,FCST-014-001,OPP-0001,RESOLVED,2025-01-03T18:00:00-06:00,2026-09-26T08:00:00-06:00,2026-06-29T00:00:00-06:00,,1,,false,ACTIVE,,USD,VALID,CURRENT,coolit-synthetic-v2.0.0,CUST-001,PRG-001,CFG-CPL-02,SYNTHETIC_INTERNAL,SNP-COOLIT-20260925-BL,SCN-BASELINE,FCST-014-001,2026-H14,OPP-0001,OPPL-0001,ACC-001,PRG-001,CFG-CPL-02,QUALIFICATION,0.2,PIPELINE,2025-01-26,2,13400,0,CLOSED_PERIOD
TEN-COOLIT-SYN-001,SITE-COOLIT-SYN-01,CRM,FORECAST_SNAPSHOT,FCST-014-002,OPP-0002,RESOLVED,2025-01-03T18:00:00-06:00,2026-09-26T08:00:00-06:00,2026-06-29T00:00:00-06:00,,1,,false,ACTIVE,,USD,VALID,CURRENT,coolit-synthetic-v2.0.0,CUST-002,PRG-002,CFG-RM-03,SYNTHETIC_INTERNAL,SNP-COOLIT-20260925-BL,SCN-BASELINE,FCST-014-002,2026-H14,OPP-0002,OPPL-0002,ACC-002,PRG-002,CFG-RM-03,QUALIFICATION,0.2,PIPELINE,2025-02-02,3,23400,0,CLOSED_PERIOD
TEN-COOLIT-SYN-001,SITE-COOLIT-SYN-01,CRM,FORECAST_SNAPSHOT,FCST-014-003,OPP-0003,RESOLVED,2025-01-03T18:00:00-06:00,2026-09-26T08:00:00-06:00,2026-06-29T00:00:00-06:00,,1,,false,ACTIVE,,USD,VALID,CURRENT,coolit-synthetic-v2.0.0,CUST-003,PRG-003,CFG-CDU-04,SYNTHETIC_INTERNAL,SNP-COOLIT-20260925-BL,SCN-BASELINE,FCST-014-003,2026-H14,OPP-0003,OPPL-0003,ACC-003,PRG-003,CFG-CDU-04,QUALIFICATION,0.2,PIPELINE,2025-02-09,4,432000,0,CLOSED_PERIOD
TEN-COOLIT-SYN-001,SITE-COOLIT-SYN-01,CRM,FORECAST_SNAPSHOT,FCST-014-004,OPP-0004,RESOLVED,2025-01-03T18:00:00-06:00,2026-09-26T08:00:00-06:00,2026-06-29T00:00:00-06:00,,1,,false,ACTIVE,,USD,VALID,CURRENT,coolit-synthetic-v2.0.0,CUST-004,PRG-004,CFG-RM-01,SYNTHETIC_INTERNAL,SNP-COOLIT-20260925-BL,SCN-BASELINE,FCST-014-004,2026-H14,OPP-0004,OPPL-0004,ACC-004,PRG-004,CFG-RM-01,QUALIFICATION,0.2,PIPELINE,2025-02-16,5,28000,0,CLOSED_PERIOD
TEN-COOLIT-SYN-001,SITE-COOLIT-SYN-01,CRM,FORECAST_SNAPSHOT,FCST-014-005,OPP-0005,RESOLVED,2025-01-03T18:00:00-06:00,2026-09-26T08:00:00-06:00,2026-06-29T00:00:00-06:00,,1,,false,ACTIVE,,USD,VALID,CURRENT,coolit-synthetic-v2.0.0,CUST-005,PRG-005,CFG-CDU-02,SYNTHETIC_INTERNAL,SNP-COOLIT-20260925-BL,SCN-BASELINE,FCST-014-005,2026-H14,OPP-0005,OPPL-0005,ACC-005,PRG-005,CFG-CDU-02,QUALIFICATION,0.2,PIPELINE,2025-02-23,7,630000,0,CLOSED_PERIOD
TEN-COOLIT-SYN-001,SITE-COOLIT-SYN-01,CRM,FORECAST_SNAPSHOT,FCST-014-006,OPP-0006,RESOLVED,2025-01-03T18:00:00-06:00,2026-09-26T08:00:00-06:00,2026-06-29T00:00:00-06:00,,1,,false,ACTIVE,,USD,VALID,CURRENT,coolit-synthetic-v2.0.0,CUST-006,PRG-006,CFG-CPL-03,SYNTHETIC_INTERNAL,SNP-COOLIT-20260925-BL,SCN-BASELINE,FCST-014-006,2026-H14,OPP-0006,OPPL-0006,ACC-006,PRG-006,CFG-CPL-03,QUALIFICATION,0.2,PIPELINE,2025-03-02,8,62400,0,CLOSED_PERIOD
TEN-COOLIT-SYN-001,SITE-COOLIT-SYN-01,CRM,FORECAST_SNAPSHOT,FCST-014-007,OPP-0007,RESOLVED,2025-01-03T18:00:00-06:00,2026-09-26T08:00:00-06:00,2026-06-29T00:00:00-06:00,,1,,false,ACTIVE,,USD,VALID,CURRENT,coolit-synthetic-v2.0.0,CUST-007,PRG-007,CFG-RM-04,SYNTHETIC_INTERNAL,SNP-COOLIT-20260925-BL,SCN-BASELINE,FCST-014-007,2026-H14,OPP-0007,OPPL-0007,ACC-007,PRG-007,CFG-RM-04,QUALIFICATION,0.2,PIPELINE,2025-03-09,10,89000,0,CLOSED_PERIOD
TEN-COOLIT-SYN-001,SITE-COOLIT-SYN-01,CRM,FORECAST_SNAPSHOT,FCST-014-008,OPP-0008,RESOLVED,2025-01-03T18:00:00-06:00,2026-09-26T08:00:00-06:00,2026-06-29T00:00:00-06:00,,1,,false,ACTIVE,,USD,VALID,CURRENT,coolit-synthetic-v2.0.0,CUST-008,PRG-008,CFG-CPL-01,SYNTHETIC_INTERNAL,SNP-COOLIT-20260925-BL,SCN-BASELINE,FCST-014-008,2026-H14,OPP-0008,OPPL-0008,ACC-008,PRG-008,CFG-CPL-01,QUALIFICATION,0.2,PIPELINE,2025-03-16,11,61600,0,CLOSED_PERIOD
TEN-COOLIT-SYN-001,SITE-COOLIT-SYN-01,CRM,FORECAST_SNAPSHOT,FCST-014-009,OPP-0009,RESOLVED,2025-01-03T18:00:00-06:00,2026-09-26T08:00:00-06:00,2026-06-29T00:00:00-06:00,,1,,false,ACTIVE,,USD,VALID,CURRENT,coolit-synthetic-v2.0.0,CUST-009,PRG-001,CFG-RM-02,SYNTHETIC_INTERNAL,SNP-COOLIT-20260925-BL,SCN-BASELINE,FCST-014-009,2026-H14,OPP-0009,OPPL-0009,ACC-009,PRG-001,CFG-RM-02,QUALIFICATION,0.2,PIPELINE,2025-03-23,10,67000,0,CLOSED_PERIOD
TEN-COOLIT-SYN-001,SITE-COOLIT-SYN-01,CRM,FORECAST_SNAPSHOT,FCST-014-010,OPP-0010,RESOLVED,2025-01-03T18:00:00-06:00,2026-09-26T08:00:00-06:00,2026-06-29T00:00:00-06:00,,1,,false,ACTIVE,,USD,VALID,CURRENT,coolit-synthetic-v2.0.0,CUST-010,PRG-002,CFG-CDU-03,SYNTHETIC_INTERNAL,SNP-COOLIT-20260925-BL,SCN-BASELINE,FCST-014-010,2026-H14,OPP-0010,OPPL-0010,ACC-010,PRG-002,CFG-CDU-03,QUALIFICATION,0.2,PIPELINE,2025-03-30,2,198000,0,CLOSED_PERIOD
TEN-COOLIT-SYN-001,SITE-COOLIT-SYN-01,CRM,FORECAST_SNAPSHOT,FCST-014-011,OPP-0011,RESOLVED,2025-01-03T18:00:00-06:00,2026-09-26T08:00:00-06:00,2026-06-29T00:00:00-06:00,,1,,false,ACTIVE,,USD,VALID,CURRENT,coolit-synthetic-v2.0.0,CUST-001,PRG-003,CFG-CPL-04,SYNTHETIC_INTERNAL,SNP-COOLIT-20260925-BL,SCN-BASELINE,FCST-014-011,2026-H14,OPP-0011,OPPL-0011,ACC-001,PRG-003,CFG-CPL-04,QUALIFICATION,0.2,PIPELINE,2025-04-06,3,26700,0,CLOSED_PERIOD
TEN-COOLIT-SYN-001,SITE-COOLIT-SYN-01,CRM,FORECAST_SNAPSHOT,FCST-014-012,OPP-0012,RESOLVED,2025-01-03T18:00:00-06:00,2026-09-26T08:00:00-06:00,2026-06-29T00:00:00-06:00,,1,,false,ACTIVE,,USD,VALID,CURRENT,coolit-synthetic-v2.0.0,CUST-002,PRG-004,CFG-CDU-01,SYNTHETIC_INTERNAL,SNP-COOLIT-20260925-BL,SCN-BASELINE,FCST-014-012,2026-H14,OPP-0012,OPPL-0012,ACC-002,PRG-004,CFG-CDU-01,QUALIFICATION,0.2,PIPELINE,2025-04-13,4,324000,0,CLOSED_PERIOD
TEN-COOLIT-SYN-001,SITE-COOLIT-SYN-01,CRM,FORECAST_SNAPSHOT,FCST-014-013,OPP-0013,RESOLVED,2025-01-03T18:00:00-06:00,2026-09-26T08:00:00-06:00,2026-06-29T00:00:00-06:00,,1,,false,ACTIVE,,USD,VALID,CURRENT,coolit-synthetic-v2.0.0,CUST-003,PRG-005,CFG-CPL-02,SYNTHETIC_INTERNAL,SNP-COOLIT-20260925-BL,SCN-BASELINE,FCST-014-013,2026-H14,OPP-0013,OPPL-0013,ACC-003,PRG-005,CFG-CPL-02,QUALIFICATION,0.2,PIPELINE,2025-01-26,6,40200,0,CLOSED_PERIOD
TEN-COOLIT-SYN-001,SITE-COOLIT-SYN-01,CRM,FORECAST_SNAPSHOT,FCST-014-014,OPP-0014,RESOLVED,2025-01-03T18:00:00-06:00,2026-09-26T08:00:00-06:00,2026-06-29T00:00:00-06:00,,1,,false,ACTIVE,,USD,VALID,CURRENT,coolit-synthetic-v2.0.0,CUST-004,PRG-006,CFG-RM-03,SYNTHETIC_INTERNAL,SNP-COOLIT-20260925-BL,SCN-BASELINE,FCST-014-014,2026-H14,OPP-0014,OPPL-0014,ACC-004,PRG-006,CFG-RM-03,QUALIFICATION,0.2,PIPELINE,2025-02-02,7,54600,0,CLOSED_PERIOD
TEN-COOLIT-SYN-001,SITE-COOLIT-SYN-01,CRM,FORECAST_SNAPSHOT,FCST-014-015,OPP-0015,RESOLVED,2025-01-03T18:00:00-06:00,2026-09-26T08:00:00-06:00,2026-06-29T00:00:00-06:00,,1,,false,ACTIVE,,USD,VALID,CURRENT,coolit-synthetic-v2.0.0,CUST-005,PRG-007,CFG-CDU-04,SYNTHETIC_INTERNAL,SNP-COOLIT-20260925-BL,SCN-BASELINE,FCST-014-015,2026-H14,OPP-0015,OPPL-0015,ACC-005,PRG-007,CFG-CDU-04,QUALIFICATION,0.2,PIPELINE,2025-02-09,9,972000,0,CLOSED_PERIOD
TEN-COOLIT-SYN-001,SITE-COOLIT-SYN-01,CRM,FORECAST_SNAPSHOT,FCST-015-001,OPP-0001,RESOLVED,2025-01-10T18:00:00-06:00,2026-09-26T08:00:00-06:00,2026-06-29T00:00:00-06:00,,1,,false,ACTIVE,,USD,VALID,CURRENT,coolit-synthetic-v2.0.0,CUST-001,PRG-001,CFG-CPL-02,SYNTHETIC_INTERNAL,SNP-COOLIT-20260925-BL,SCN-BASELINE,FCST-015-001,2026-H15,OPP-0001,OPPL-0001,ACC-001,PRG-001,CFG-CPL-02,QUALIFICATION,0.2,PIPELINE,2025-01-30,2,13400,0,CLOSED_PERIOD
TEN-COOLIT-SYN-001,SITE-COOLIT-SYN-01,CRM,FORECAST_SNAPSHOT,FCST-015-002,OPP-0002,RESOLVED,2025-01-10T18:00:00-06:00,2026-09-26T08:00:00-06:00,2026-06-29T00:00:00-06:00,,1,,false,ACTIVE,,USD,VALID,CURRENT,coolit-synthetic-v2.0.0,CUST-002,PRG-002,CFG-RM-03,SYNTHETIC_INTERNAL,SNP-COOLIT-20260925-BL,SCN-BASELINE,FCST-015-002,2026-H15,OPP-0002,OPPL-0002,ACC-002,PRG-002,CFG-RM-03,QUALIFICATION,0.2,PIPELINE,2025-02-06,3,23400,0,CLOSED_PERIOD
TEN-COOLIT-SYN-001,SITE-COOLIT-SYN-01,CRM,FORECAST_SNAPSHOT,FCST-015-003,OPP-0003,RESOLVED,2025-01-10T18:00:00-06:00,2026-09-26T08:00:00-06:00,2026-06-29T00:00:00-06:00,,1,,false,ACTIVE,,USD,VALID,CURRENT,coolit-synthetic-v2.0.0,CUST-003,PRG-003,CFG-CDU-04,SYNTHETIC_INTERNAL,SNP-COOLIT-20260925-BL,SCN-BASELINE,FCST-015-003,2026-H15,OPP-0003,OPPL-0003,ACC-003,PRG-003,CFG-CDU-04,QUALIFICATION,0.2,PIPELINE,2025-02-13,4,432000,0,CLOSED_PERIOD
TEN-COOLIT-SYN-001,SITE-COOLIT-SYN-01,CRM,FORECAST_SNAPSHOT,FCST-015-004,OPP-0004,RESOLVED,2025-01-10T18:00:00-06:00,2026-09-26T08:00:00-06:00,2026-06-29T00:00:00-06:00,,1,,false,ACTIVE,,USD,VALID,CURRENT,coolit-synthetic-v2.0.0,CUST-004,PRG-004,CFG-RM-01,SYNTHETIC_INTERNAL,SNP-COOLIT-20260925-BL,SCN-BASELINE,FCST-015-004,2026-H15,OPP-0004,OPPL-0004,ACC-004,PRG-004,CFG-RM-01,QUALIFICATION,0.2,PIPELINE,2025-02-20,6,33600,0,CLOSED_PERIOD
TEN-COOLIT-SYN-001,SITE-COOLIT-SYN-01,CRM,FORECAST_SNAPSHOT,FCST-015-005,OPP-0005,RESOLVED,2025-01-10T18:00:00-06:00,2026-09-26T08:00:00-06:00,2026-06-29T00:00:00-06:00,,1,,false,ACTIVE,,USD,VALID,CURRENT,coolit-synthetic-v2.0.0,CUST-005,PRG-005,CFG-CDU-02,SYNTHETIC_INTERNAL,SNP-COOLIT-20260925-BL,SCN-BASELINE,FCST-015-005,2026-H15,OPP-0005,OPPL-0005,ACC-005,PRG-005,CFG-CDU-02,QUALIFICATION,0.2,PIPELINE,2025-02-27,7,630000,0,CLOSED_PERIOD
TEN-COOLIT-SYN-001,SITE-COOLIT-SYN-01,CRM,FORECAST_SNAPSHOT,FCST-015-006,OPP-0006,RESOLVED,2025-01-10T18:00:00-06:00,2026-09-26T08:00:00-06:00,2026-06-29T00:00:00-06:00,,1,,false,ACTIVE,,USD,VALID,CURRENT,coolit-synthetic-v2.0.0,CUST-006,PRG-006,CFG-CPL-03,SYNTHETIC_INTERNAL,SNP-COOLIT-20260925-BL,SCN-BASELINE,FCST-015-006,2026-H15,OPP-0006,OPPL-0006,ACC-006,PRG-006,CFG-CPL-03,QUALIFICATION,0.2,PIPELINE,2025-03-06,8,62400,0,CLOSED_PERIOD
TEN-COOLIT-SYN-001,SITE-COOLIT-SYN-01,CRM,FORECAST_SNAPSHOT,FCST-015-007,OPP-0007,RESOLVED,2025-01-10T18:00:00-06:00,2026-09-26T08:00:00-06:00,2026-06-29T00:00:00-06:00,,1,,false,ACTIVE,,USD,VALID,CURRENT,coolit-synthetic-v2.0.0,CUST-007,PRG-007,CFG-RM-04,SYNTHETIC_INTERNAL,SNP-COOLIT-20260925-BL,SCN-BASELINE,FCST-015-007,2026-H15,OPP-0007,OPPL-0007,ACC-007,PRG-007,CFG-RM-04,QUALIFICATION,0.2,PIPELINE,2025-03-13,10,89000,0,CLOSED_PERIOD
TEN-COOLIT-SYN-001,SITE-COOLIT-SYN-01,CRM,FORECAST_SNAPSHOT,FCST-015-008,OPP-0008,RESOLVED,2025-01-10T18:00:00-06:00,2026-09-26T08:00:00-06:00,2026-06-29T00:00:00-06:00,,1,,false,ACTIVE,,USD,VALID,CURRENT,coolit-synthetic-v2.0.0,CUST-008,PRG-008,CFG-CPL-01,SYNTHETIC_INTERNAL,SNP-COOLIT-20260925-BL,SCN-BASELINE,FCST-015-008,2026-H15,OPP-0008,OPPL-0008,ACC-008,PRG-008,CFG-CPL-01,QUALIFICATION,0.2,PIPELINE,2025-03-20,9,50400,0,CLOSED_PERIOD
TEN-COOLIT-SYN-001,SITE-COOLIT-SYN-01,CRM,FORECAST_SNAPSHOT,FCST-015-009,OPP-0009,RESOLVED,2025-01-10T18:00:00-06:00,2026-09-26T08:00:00-06:00,2026-06-29T00:00:00-06:00,,1,,false,ACTIVE,,USD,VALID,CURRENT,coolit-synthetic-v2.0.0,CUST-009,PRG-001,CFG-RM-02,SYNTHETIC_INTERNAL,SNP-COOLIT-20260925-BL,SCN-BASELINE,FCST-015-009,2026-H15,OPP-0009,OPPL-0009,ACC-009,PRG-001,CFG-RM-02,QUALIFICATION,0.2,PIPELINE,2025-03-27,11,73700,0,CLOSED_PERIOD
TEN-COOLIT-SYN-001,SITE-COOLIT-SYN-01,CRM,FORECAST_SNAPSHOT,FCST-015-010,OPP-0010,RESOLVED,2025-01-10T18:00:00-06:00,2026-09-26T08:00:00-06:00,2026-06-29T00:00:00-06:00,,1,,false,ACTIVE,,USD,VALID,CURRENT,coolit-synthetic-v2.0.0,CUST-010,PRG-002,CFG-CDU-03,SYNTHETIC_INTERNAL,SNP-COOLIT-20260925-BL,SCN-BASELINE,FCST-015-010,2026-H15,OPP-0010,OPPL-0010,ACC-010,PRG-002,CFG-CDU-03,QUALIFICATION,0.2,PIPELINE,2025-04-03,2,198000,0,CLOSED_PERIOD
TEN-COOLIT-SYN-001,SITE-COOLIT-SYN-01,CRM,FORECAST_SNAPSHOT,FCST-015-011,OPP-0011,RESOLVED,2025-01-10T18:00:00-06:00,2026-09-26T08:00:00-06:00,2026-06-29T00:00:00-06:00,,1,,false,ACTIVE,,USD,VALID,CURRENT,coolit-synthetic-v2.0.0,CUST-001,PRG-003,CFG-CPL-04,SYNTHETIC_INTERNAL,SNP-COOLIT-20260925-BL,SCN-BASELINE,FCST-015-011,2026-H15,OPP-0011,OPPL-0011,ACC-001,PRG-003,CFG-CPL-04,QUALIFICATION,0.2,PIPELINE,2025-04-10,3,26700,0,CLOSED_PERIOD
TEN-COOLIT-SYN-001,SITE-COOLIT-SYN-01,CRM,FORECAST_SNAPSHOT,FCST-015-012,OPP-0012,RESOLVED,2025-01-10T18:00:00-06:00,2026-09-26T08:00:00-06:00,2026-06-29T00:00:00-06:00,,1,,false,ACTIVE,,USD,VALID,CURRENT,coolit-synthetic-v2.0.0,CUST-002,PRG-004,CFG-CDU-01,SYNTHETIC_INTERNAL,SNP-COOLIT-20260925-BL,SCN-BASELINE,FCST-015-012,2026-H15,OPP-0012,OPPL-0012,ACC-002,PRG-004,CFG-CDU-01,QUALIFICATION,0.2,PIPELINE,2025-04-17,4,324000,0,CLOSED_PERIOD
TEN-COOLIT-SYN-001,SITE-COOLIT-SYN-01,CRM,FORECAST_SNAPSHOT,FCST-015-013,OPP-0013,RESOLVED,2025-01-10T18:00:00-06:00,2026-09-26T08:00:00-06:00,2026-06-29T00:00:00-06:00,,1,,false,ACTIVE,,USD,VALID,CURRENT,coolit-synthetic-v2.0.0,CUST-003,PRG-005,CFG-CPL-02,SYNTHETIC_INTERNAL,SNP-COOLIT-20260925-BL,SCN-BASELINE,FCST-015-013,2026-H15,OPP-0013,OPPL-0013,ACC-003,PRG-005,CFG-CPL-02,QUALIFICATION,0.2,PIPELINE,2025-01-30,6,40200,0,CLOSED_PERIOD
TEN-COOLIT-SYN-001,SITE-COOLIT-SYN-01,CRM,FORECAST_SNAPSHOT,FCST-015-014,OPP-0014,RESOLVED,2025-01-10T18:00:00-06:00,2026-09-26T08:00:00-06:00,2026-06-29T00:00:00-06:00,,1,,false,ACTIVE,,USD,VALID,CURRENT,coolit-synthetic-v2.0.0,CUST-004,PRG-006,CFG-RM-03,SYNTHETIC_INTERNAL,SNP-COOLIT-20260925-BL,SCN-BASELINE,FCST-015-014,2026-H15,OPP-0014,OPPL-0014,ACC-004,PRG-006,CFG-RM-03,QUALIFICATION,0.2,PIPELINE,2025-02-06,7,54600,0,CLOSED_PERIOD
TEN-COOLIT-SYN-001,SITE-COOLIT-SYN-01,CRM,FORECAST_SNAPSHOT,FCST-015-015,OPP-0015,RESOLVED,2025-01-10T18:00:00-06:00,2026-09-26T08:00:00-06:00,2026-06-29T00:00:00-06:00,,1,,false,ACTIVE,,USD,VALID,CURRENT,coolit-synthetic-v2.0.0,CUST-005,PRG-007,CFG-CDU-04,SYNTHETIC_INTERNAL,SNP-COOLIT-20260925-BL,SCN-BASELINE,FCST-015-015,2026-H15,OPP-0015,OPPL-0015,ACC-005,PRG-007,CFG-CDU-04,QUALIFICATION,0.2,PIPELINE,2025-02-13,7,756000,0,CLOSED_PERIOD
TEN-COOLIT-SYN-001,SITE-COOLIT-SYN-01,CRM,FORECAST_SNAPSHOT,FCST-016-001,OPP-0001,RESOLVED,2025-01-17T18:00:00-06:00,2026-09-26T08:00:00-06:00,2026-06-29T00:00:00-06:00,,1,,false,ACTIVE,,USD,VALID,CURRENT,coolit-synthetic-v2.0.0,CUST-001,PRG-001,CFG-CPL-02,SYNTHETIC_INTERNAL,SNP-COOLIT-20260925-BL,SCN-BASELINE,FCST-016-001,2026-H16,OPP-0001,OPPL-0001,ACC-001,PRG-001,CFG-CPL-02,QUALIFICATION,0.2,PIPELINE,2025-02-03,2,13400,0,CLOSED_PERIOD
TEN-COOLIT-SYN-001,SITE-COOLIT-SYN-01,CRM,FORECAST_SNAPSHOT,FCST-016-002,OPP-0002,RESOLVED,2025-01-17T18:00:00-06:00,2026-09-26T08:00:00-06:00,2026-06-29T00:00:00-06:00,,1,,false,ACTIVE,,USD,VALID,CURRENT,coolit-synthetic-v2.0.0,CUST-002,PRG-002,CFG-RM-03,SYNTHETIC_INTERNAL,SNP-COOLIT-20260925-BL,SCN-BASELINE,FCST-016-002,2026-H16,OPP-0002,OPPL-0002,ACC-002,PRG-002,CFG-RM-03,QUALIFICATION,0.2,PIPELINE,2025-02-10,3,23400,0,CLOSED_PERIOD
TEN-COOLIT-SYN-001,SITE-COOLIT-SYN-01,CRM,FORECAST_SNAPSHOT,FCST-016-003,OPP-0003,RESOLVED,2025-01-17T18:00:00-06:00,2026-09-26T08:00:00-06:00,2026-06-29T00:00:00-06:00,,1,,false,ACTIVE,,USD,VALID,CURRENT,coolit-synthetic-v2.0.0,CUST-003,PRG-003,CFG-CDU-04,SYNTHETIC_INTERNAL,SNP-COOLIT-20260925-BL,SCN-BASELINE,FCST-016-003,2026-H16,OPP-0003,OPPL-0003,ACC-003,PRG-003,CFG-CDU-04,QUALIFICATION,0.2,PIPELINE,2025-02-17,4,432000,0,CLOSED_PERIOD
TEN-COOLIT-SYN-001,SITE-COOLIT-SYN-01,CRM,FORECAST_SNAPSHOT,FCST-016-004,OPP-0004,RESOLVED,2025-01-17T18:00:00-06:00,2026-09-26T08:00:00-06:00,2026-06-29T00:00:00-06:00,,1,,false,ACTIVE,,USD,VALID,CURRENT,coolit-synthetic-v2.0.0,CUST-004,PRG-004,CFG-RM-01,SYNTHETIC_INTERNAL,SNP-COOLIT-20260925-BL,SCN-BASELINE,FCST-016-004,2026-H16,OPP-0004,OPPL-0004,ACC-004,PRG-004,CFG-RM-01,QUALIFICATION,0.2,PIPELINE,2025-02-24,6,33600,0,CLOSED_PERIOD
TEN-COOLIT-SYN-001,SITE-COOLIT-SYN-01,CRM,FORECAST_SNAPSHOT,FCST-016-005,OPP-0005,RESOLVED,2025-01-17T18:00:00-06:00,2026-09-26T08:00:00-06:00,2026-06-29T00:00:00-06:00,,1,,false,ACTIVE,,USD,VALID,CURRENT,coolit-synthetic-v2.0.0,CUST-005,PRG-005,CFG-CDU-02,SYNTHETIC_INTERNAL,SNP-COOLIT-20260925-BL,SCN-BASELINE,FCST-016-005,2026-H16,OPP-0005,OPPL-0005,ACC-005,PRG-005,CFG-CDU-02,QUALIFICATION,0.2,PIPELINE,2025-03-03,7,630000,0,CLOSED_PERIOD
TEN-COOLIT-SYN-001,SITE-COOLIT-SYN-01,CRM,FORECAST_SNAPSHOT,FCST-016-006,OPP-0006,RESOLVED,2025-01-17T18:00:00-06:00,2026-09-26T08:00:00-06:00,2026-06-29T00:00:00-06:00,,1,,false,ACTIVE,,USD,VALID,CURRENT,coolit-synthetic-v2.0.0,CUST-006,PRG-006,CFG-CPL-03,SYNTHETIC_INTERNAL,SNP-COOLIT-20260925-BL,SCN-BASELINE,FCST-016-006,2026-H16,OPP-0006,OPPL-0006,ACC-006,PRG-006,CFG-CPL-03,QUALIFICATION,0.2,PIPELINE,2025-03-10,9,70200,0,CLOSED_PERIOD
TEN-COOLIT-SYN-001,SITE-COOLIT-SYN-01,CRM,FORECAST_SNAPSHOT,FCST-016-007,OPP-0007,RESOLVED,2025-01-17T18:00:00-06:00,2026-09-26T08:00:00-06:00,2026-06-29T00:00:00-06:00,,1,,false,ACTIVE,,USD,VALID,CURRENT,coolit-synthetic-v2.0.0,CUST-007,PRG-007,CFG-RM-04,SYNTHETIC_INTERNAL,SNP-COOLIT-20260925-BL,SCN-BASELINE,FCST-016-007,2026-H16,OPP-0007,OPPL-0007,ACC-007,PRG-007,CFG-RM-04,QUALIFICATION,0.2,PIPELINE,2025-03-17,8,71200,0,CLOSED_PERIOD
TEN-COOLIT-SYN-001,SITE-COOLIT-SYN-01,CRM,FORECAST_SNAPSHOT,FCST-016-008,OPP-0008,RESOLVED,2025-01-17T18:00:00-06:00,2026-09-26T08:00:00-06:00,2026-06-29T00:00:00-06:00,,1,,false,ACTIVE,,USD,VALID,CURRENT,coolit-synthetic-v2.0.0,CUST-008,PRG-008,CFG-CPL-01,SYNTHETIC_INTERNAL,SNP-COOLIT-20260925-BL,SCN-BASELINE,FCST-016-008,2026-H16,OPP-0008,OPPL-0008,ACC-008,PRG-008,CFG-CPL-01,QUALIFICATION,0.2,PIPELINE,2025-03-24,10,56000,0,CLOSED_PERIOD
TEN-COOLIT-SYN-001,SITE-COOLIT-SYN-01,CRM,FORECAST_SNAPSHOT,FCST-016-009,OPP-0009,RESOLVED,2025-01-17T18:00:00-06:00,2026-09-26T08:00:00-06:00,2026-06-29T00:00:00-06:00,,1,,false,ACTIVE,,USD,VALID,CURRENT,coolit-synthetic-v2.0.0,CUST-009,PRG-001,CFG-RM-02,SYNTHETIC_INTERNAL,SNP-COOLIT-20260925-BL,SCN-BASELINE,FCST-016-009,2026-H16,OPP-0009,OPPL-0009,ACC-009,PRG-001,CFG-RM-02,QUALIFICATION,0.2,PIPELINE,2025-03-31,11,73700,0,CLOSED_PERIOD
TEN-COOLIT-SYN-001,SITE-COOLIT-SYN-01,CRM,FORECAST_SNAPSHOT,FCST-016-010,OPP-0010,RESOLVED,2025-01-17T18:00:00-06:00,2026-09-26T08:00:00-06:00,2026-06-29T00:00:00-06:00,,1,,false,ACTIVE,,USD,VALID,CURRENT,coolit-synthetic-v2.0.0,CUST-010,PRG-002,CFG-CDU-03,SYNTHETIC_INTERNAL,SNP-COOLIT-20260925-BL,SCN-BASELINE,FCST-016-010,2026-H16,OPP-0010,OPPL-0010,ACC-010,PRG-002,CFG-CDU-03,QUALIFICATION,0.2,PIPELINE,2025-04-07,2,198000,0,CLOSED_PERIOD
TEN-COOLIT-SYN-001,SITE-COOLIT-SYN-01,CRM,FORECAST_SNAPSHOT,FCST-016-011,OPP-0011,RESOLVED,2025-01-17T18:00:00-06:00,2026-09-26T08:00:00-06:00,2026-06-29T00:00:00-06:00,,1,,false,ACTIVE,,USD,VALID,CURRENT,coolit-synthetic-v2.0.0,CUST-001,PRG-003,CFG-CPL-04,SYNTHETIC_INTERNAL,SNP-COOLIT-20260925-BL,SCN-BASELINE,FCST-016-011,2026-H16,OPP-0011,OPPL-0011,ACC-001,PRG-003,CFG-CPL-04,QUALIFICATION,0.2,PIPELINE,2025-04-14,3,26700,0,CLOSED_PERIOD
TEN-COOLIT-SYN-001,SITE-COOLIT-SYN-01,CRM,FORECAST_SNAPSHOT,FCST-016-012,OPP-0012,RESOLVED,2025-01-17T18:00:00-06:00,2026-09-26T08:00:00-06:00,2026-06-29T00:00:00-06:00,,1,,false,ACTIVE,,USD,VALID,CURRENT,coolit-synthetic-v2.0.0,CUST-002,PRG-004,CFG-CDU-01,SYNTHETIC_INTERNAL,SNP-COOLIT-20260925-BL,SCN-BASELINE,FCST-016-012,2026-H16,OPP-0012,OPPL-0012,ACC-002,PRG-004,CFG-CDU-01,QUALIFICATION,0.2,PIPELINE,2025-04-21,5,405000,0,CLOSED_PERIOD
TEN-COOLIT-SYN-001,SITE-COOLIT-SYN-01,CRM,FORECAST_SNAPSHOT,FCST-016-013,OPP-0013,RESOLVED,2025-01-17T18:00:00-06:00,2026-09-26T08:00:00-06:00,2026-06-29T00:00:00-06:00,,1,,false,ACTIVE,,USD,VALID,CURRENT,coolit-synthetic-v2.0.0,CUST-003,PRG-005,CFG-CPL-02,SYNTHETIC_INTERNAL,SNP-COOLIT-20260925-BL,SCN-BASELINE,FCST-016-013,2026-H16,OPP-0013,OPPL-0013,ACC-003,PRG-005,CFG-CPL-02,QUALIFICATION,0.2,PIPELINE,2025-02-03,6,40200,0,CLOSED_PERIOD
TEN-COOLIT-SYN-001,SITE-COOLIT-SYN-01,CRM,FORECAST_SNAPSHOT,FCST-016-014,OPP-0014,RESOLVED,2025-01-17T18:00:00-06:00,2026-09-26T08:00:00-06:00,2026-06-29T00:00:00-06:00,,1,,false,ACTIVE,,USD,VALID,CURRENT,coolit-synthetic-v2.0.0,CUST-004,PRG-006,CFG-RM-03,SYNTHETIC_INTERNAL,SNP-COOLIT-20260925-BL,SCN-BASELINE,FCST-016-014,2026-H16,OPP-0014,OPPL-0014,ACC-004,PRG-006,CFG-RM-03,QUALIFICATION,0.2,PIPELINE,2025-02-10,6,46800,0,CLOSED_PERIOD
TEN-COOLIT-SYN-001,SITE-COOLIT-SYN-01,CRM,FORECAST_SNAPSHOT,FCST-016-015,OPP-0015,RESOLVED,2025-01-17T18:00:00-06:00,2026-09-26T08:00:00-06:00,2026-06-29T00:00:00-06:00,,1,,false,ACTIVE,,USD,VALID,CURRENT,coolit-synthetic-v2.0.0,CUST-005,PRG-007,CFG-CDU-04,SYNTHETIC_INTERNAL,SNP-COOLIT-20260925-BL,SCN-BASELINE,FCST-016-015,2026-H16,OPP-0015,OPPL-0015,ACC-005,PRG-007,CFG-CDU-04,QUALIFICATION,0.2,PIPELINE,2025-02-17,7,756000,0,CLOSED_PERIOD
TEN-COOLIT-SYN-001,SITE-COOLIT-SYN-01,CRM,FORECAST_SNAPSHOT,FCST-017-001,OPP-0001,RESOLVED,2025-01-24T18:00:00-06:00,2026-09-26T08:00:00-06:00,2026-06-29T00:00:00-06:00,,1,,false,ACTIVE,,USD,VALID,CURRENT,coolit-synthetic-v2.0.0,CUST-001,PRG-001,CFG-CPL-02,SYNTHETIC_INTERNAL,SNP-COOLIT-20260925-BL,SCN-BASELINE,FCST-017-001,2026-H17,OPP-0001,OPPL-0001,ACC-001,PRG-001,CFG-CPL-02,QUALIFICATION,0.2,PIPELINE,2025-02-07,2,13400,0,CLOSED_PERIOD
TEN-COOLIT-SYN-001,SITE-COOLIT-SYN-01,CRM,FORECAST_SNAPSHOT,FCST-017-002,OPP-0002,RESOLVED,2025-01-24T18:00:00-06:00,2026-09-26T08:00:00-06:00,2026-06-29T00:00:00-06:00,,1,,false,ACTIVE,,USD,VALID,CURRENT,coolit-synthetic-v2.0.0,CUST-002,PRG-002,CFG-RM-03,SYNTHETIC_INTERNAL,SNP-COOLIT-20260925-BL,SCN-BASELINE,FCST-017-002,2026-H17,OPP-0002,OPPL-0002,ACC-002,PRG-002,CFG-RM-03,QUALIFICATION,0.2,PIPELINE,2025-02-14,3,23400,0,CLOSED_PERIOD
TEN-COOLIT-SYN-001,SITE-COOLIT-SYN-01,CRM,FORECAST_SNAPSHOT,FCST-017-003,OPP-0003,RESOLVED,2025-01-24T18:00:00-06:00,2026-09-26T08:00:00-06:00,2026-06-29T00:00:00-06:00,,1,,false,ACTIVE,,USD,VALID,CURRENT,coolit-synthetic-v2.0.0,CUST-003,PRG-003,CFG-CDU-04,SYNTHETIC_INTERNAL,SNP-COOLIT-20260925-BL,SCN-BASELINE,FCST-017-003,2026-H17,OPP-0003,OPPL-0003,ACC-003,PRG-003,CFG-CDU-04,QUALIFICATION,0.2,PIPELINE,2025-02-21,4,432000,0,CLOSED_PERIOD
TEN-COOLIT-SYN-001,SITE-COOLIT-SYN-01,CRM,FORECAST_SNAPSHOT,FCST-017-004,OPP-0004,RESOLVED,2025-01-24T18:00:00-06:00,2026-09-26T08:00:00-06:00,2026-06-29T00:00:00-06:00,,1,,false,ACTIVE,,USD,VALID,CURRENT,coolit-synthetic-v2.0.0,CUST-004,PRG-004,CFG-RM-01,SYNTHETIC_INTERNAL,SNP-COOLIT-20260925-BL,SCN-BASELINE,FCST-017-004,2026-H17,OPP-0004,OPPL-0004,ACC-004,PRG-004,CFG-RM-01,QUALIFICATION,0.2,PIPELINE,2025-02-28,6,33600,0,CLOSED_PERIOD
TEN-COOLIT-SYN-001,SITE-COOLIT-SYN-01,CRM,FORECAST_SNAPSHOT,FCST-017-005,OPP-0005,RESOLVED,2025-01-24T18:00:00-06:00,2026-09-26T08:00:00-06:00,2026-06-29T00:00:00-06:00,,1,,false,ACTIVE,,USD,VALID,CURRENT,coolit-synthetic-v2.0.0,CUST-005,PRG-005,CFG-CDU-02,SYNTHETIC_INTERNAL,SNP-COOLIT-20260925-BL,SCN-BASELINE,FCST-017-005,2026-H17,OPP-0005,OPPL-0005,ACC-005,PRG-005,CFG-CDU-02,QUALIFICATION,0.2,PIPELINE,2025-03-07,7,630000,0,CLOSED_PERIOD
TEN-COOLIT-SYN-001,SITE-COOLIT-SYN-01,CRM,FORECAST_SNAPSHOT,FCST-017-006,OPP-0006,RESOLVED,2025-01-24T18:00:00-06:00,2026-09-26T08:00:00-06:00,2026-06-29T00:00:00-06:00,,1,,false,ACTIVE,,USD,VALID,CURRENT,coolit-synthetic-v2.0.0,CUST-006,PRG-006,CFG-CPL-03,SYNTHETIC_INTERNAL,SNP-COOLIT-20260925-BL,SCN-BASELINE,FCST-017-006,2026-H17,OPP-0006,OPPL-0006,ACC-006,PRG-006,CFG-CPL-03,QUALIFICATION,0.2,PIPELINE,2025-03-14,7,54600,0,CLOSED_PERIOD
TEN-COOLIT-SYN-001,SITE-COOLIT-SYN-01,CRM,FORECAST_SNAPSHOT,FCST-017-007,OPP-0007,RESOLVED,2025-01-24T18:00:00-06:00,2026-09-26T08:00:00-06:00,2026-06-29T00:00:00-06:00,,1,,false,ACTIVE,,USD,VALID,CURRENT,coolit-synthetic-v2.0.0,CUST-007,PRG-007,CFG-RM-04,SYNTHETIC_INTERNAL,SNP-COOLIT-20260925-BL,SCN-BASELINE,FCST-017-007,2026-H17,OPP-0007,OPPL-0007,ACC-007,PRG-007,CFG-RM-04,QUALIFICATION,0.2,PIPELINE,2025-03-21,9,80100,0,CLOSED_PERIOD
TEN-COOLIT-SYN-001,SITE-COOLIT-SYN-01,CRM,FORECAST_SNAPSHOT,FCST-017-008,OPP-0008,RESOLVED,2025-01-24T18:00:00-06:00,2026-09-26T08:00:00-06:00,2026-06-29T00:00:00-06:00,,1,,false,ACTIVE,,USD,VALID,CURRENT,coolit-synthetic-v2.0.0,CUST-008,PRG-008,CFG-CPL-01,SYNTHETIC_INTERNAL,SNP-COOLIT-20260925-BL,SCN-BASELINE,FCST-017-008,2026-H17,OPP-0008,OPPL-0008,ACC-008,PRG-008,CFG-CPL-01,QUALIFICATION,0.2,PIPELINE,2025-03-28,10,56000,0,CLOSED_PERIOD
TEN-COOLIT-SYN-001,SITE-COOLIT-SYN-01,CRM,FORECAST_SNAPSHOT,FCST-017-009,OPP-0009,RESOLVED,2025-01-24T18:00:00-06:00,2026-09-26T08:00:00-06:00,2026-06-29T00:00:00-06:00,,1,,false,ACTIVE,,USD,VALID,CURRENT,coolit-synthetic-v2.0.0,CUST-009,PRG-001,CFG-RM-02,SYNTHETIC_INTERNAL,SNP-COOLIT-20260925-BL,SCN-BASELINE,FCST-017-009,2026-H17,OPP-0009,OPPL-0009,ACC-009,PRG-001,CFG-RM-02,QUALIFICATION,0.2,PIPELINE,2025-04-04,11,73700,0,CLOSED_PERIOD
TEN-COOLIT-SYN-001,SITE-COOLIT-SYN-01,CRM,FORECAST_SNAPSHOT,FCST-017-010,OPP-0010,RESOLVED,2025-01-24T18:00:00-06:00,2026-09-26T08:00:00-06:00,2026-06-29T00:00:00-06:00,,1,,false,ACTIVE,,USD,VALID,CURRENT,coolit-synthetic-v2.0.0,CUST-010,PRG-002,CFG-CDU-03,SYNTHETIC_INTERNAL,SNP-COOLIT-20260925-BL,SCN-BASELINE,FCST-017-010,2026-H17,OPP-0010,OPPL-0010,ACC-010,PRG-002,CFG-CDU-03,QUALIFICATION,0.2,PIPELINE,2025-04-11,2,198000,0,CLOSED_PERIOD
TEN-COOLIT-SYN-001,SITE-COOLIT-SYN-01,CRM,FORECAST_SNAPSHOT,FCST-017-011,OPP-0011,RESOLVED,2025-01-24T18:00:00-06:00,2026-09-26T08:00:00-06:00,2026-06-29T00:00:00-06:00,,1,,false,ACTIVE,,USD,VALID,CURRENT,coolit-synthetic-v2.0.0,CUST-001,PRG-003,CFG-CPL-04,SYNTHETIC_INTERNAL,SNP-COOLIT-20260925-BL,SCN-BASELINE,FCST-017-011,2026-H17,OPP-0011,OPPL-0011,ACC-001,PRG-003,CFG-CPL-04,QUALIFICATION,0.2,PIPELINE,2025-04-18,3,26700,0,CLOSED_PERIOD
TEN-COOLIT-SYN-001,SITE-COOLIT-SYN-01,CRM,FORECAST_SNAPSHOT,FCST-017-012,OPP-0012,RESOLVED,2025-01-24T18:00:00-06:00,2026-09-26T08:00:00-06:00,2026-06-29T00:00:00-06:00,,1,,false,ACTIVE,,USD,VALID,CURRENT,coolit-synthetic-v2.0.0,CUST-002,PRG-004,CFG-CDU-01,SYNTHETIC_INTERNAL,SNP-COOLIT-20260925-BL,SCN-BASELINE,FCST-017-012,2026-H17,OPP-0012,OPPL-0012,ACC-002,PRG-004,CFG-CDU-01,QUALIFICATION,0.2,PIPELINE,2025-04-25,5,405000,0,CLOSED_PERIOD
TEN-COOLIT-SYN-001,SITE-COOLIT-SYN-01,CRM,FORECAST_SNAPSHOT,FCST-017-013,OPP-0013,RESOLVED,2025-01-24T18:00:00-06:00,2026-09-26T08:00:00-06:00,2026-06-29T00:00:00-06:00,,1,,false,ACTIVE,,USD,VALID,CURRENT,coolit-synthetic-v2.0.0,CUST-003,PRG-005,CFG-CPL-02,SYNTHETIC_INTERNAL,SNP-COOLIT-20260925-BL,SCN-BASELINE,FCST-017-013,2026-H17,OPP-0013,OPPL-0013,ACC-003,PRG-005,CFG-CPL-02,QUALIFICATION,0.2,PIPELINE,2025-02-07,5,33500,0,CLOSED_PERIOD
TEN-COOLIT-SYN-001,SITE-COOLIT-SYN-01,CRM,FORECAST_SNAPSHOT,FCST-017-014,OPP-0014,RESOLVED,2025-01-24T18:00:00-06:00,2026-09-26T08:00:00-06:00,2026-06-29T00:00:00-06:00,,1,,false,ACTIVE,,USD,VALID,CURRENT,coolit-synthetic-v2.0.0,CUST-004,PRG-006,CFG-RM-03,SYNTHETIC_INTERNAL,SNP-COOLIT-20260925-BL,SCN-BASELINE,FCST-017-014,2026-H17,OPP-0014,OPPL-0014,ACC-004,PRG-006,CFG-RM-03,QUALIFICATION,0.2,PIPELINE,2025-02-14,6,46800,0,CLOSED_PERIOD
TEN-COOLIT-SYN-001,SITE-COOLIT-SYN-01,CRM,FORECAST_SNAPSHOT,FCST-017-015,OPP-0015,RESOLVED,2025-01-24T18:00:00-06:00,2026-09-26T08:00:00-06:00,2026-06-29T00:00:00-06:00,,1,,false,ACTIVE,,USD,VALID,CURRENT,coolit-synthetic-v2.0.0,CUST-005,PRG-007,CFG-CDU-04,SYNTHETIC_INTERNAL,SNP-COOLIT-20260925-BL,SCN-BASELINE,FCST-017-015,2026-H17,OPP-0015,OPPL-0015,ACC-005,PRG-007,CFG-CDU-04,QUALIFICATION,0.2,PIPELINE,2025-02-21,8,864000,0,CLOSED_PERIOD
TEN-COOLIT-SYN-001,SITE-COOLIT-SYN-01,CRM,FORECAST_SNAPSHOT,FCST-018-001,OPP-0001,RESOLVED,2025-01-31T18:00:00-06:00,2026-09-26T08:00:00-06:00,2026-06-29T00:00:00-06:00,,1,,false,ACTIVE,,USD,VALID,CURRENT,coolit-synthetic-v2.0.0,CUST-001,PRG-001,CFG-CPL-02,SYNTHETIC_INTERNAL,SNP-COOLIT-20260925-BL,SCN-BASELINE,FCST-018-001,2026-H18,OPP-0001,OPPL-0001,ACC-001,PRG-001,CFG-CPL-02,QUALIFICATION,0.2,PIPELINE,2025-02-11,2,13400,0,CLOSED_PERIOD
TEN-COOLIT-SYN-001,SITE-COOLIT-SYN-01,CRM,FORECAST_SNAPSHOT,FCST-018-002,OPP-0002,RESOLVED,2025-01-31T18:00:00-06:00,2026-09-26T08:00:00-06:00,2026-06-29T00:00:00-06:00,,1,,false,ACTIVE,,USD,VALID,CURRENT,coolit-synthetic-v2.0.0,CUST-002,PRG-002,CFG-RM-03,SYNTHETIC_INTERNAL,SNP-COOLIT-20260925-BL,SCN-BASELINE,FCST-018-002,2026-H18,OPP-0002,OPPL-0002,ACC-002,PRG-002,CFG-RM-03,QUALIFICATION,0.2,PIPELINE,2025-02-18,3,23400,0,CLOSED_PERIOD
TEN-COOLIT-SYN-001,SITE-COOLIT-SYN-01,CRM,FORECAST_SNAPSHOT,FCST-018-003,OPP-0003,RESOLVED,2025-01-31T18:00:00-06:00,2026-09-26T08:00:00-06:00,2026-06-29T00:00:00-06:00,,1,,false,ACTIVE,,USD,VALID,CURRENT,coolit-synthetic-v2.0.0,CUST-003,PRG-003,CFG-CDU-04,SYNTHETIC_INTERNAL,SNP-COOLIT-20260925-BL,SCN-BASELINE,FCST-018-003,2026-H18,OPP-0003,OPPL-0003,ACC-003,PRG-003,CFG-CDU-04,QUALIFICATION,0.2,PIPELINE,2025-02-25,5,540000,0,CLOSED_PERIOD
TEN-COOLIT-SYN-001,SITE-COOLIT-SYN-01,CRM,FORECAST_SNAPSHOT,FCST-018-004,OPP-0004,RESOLVED,2025-01-31T18:00:00-06:00,2026-09-26T08:00:00-06:00,2026-06-29T00:00:00-06:00,,1,,false,ACTIVE,,USD,VALID,CURRENT,coolit-synthetic-v2.0.0,CUST-004,PRG-004,CFG-RM-01,SYNTHETIC_INTERNAL,SNP-COOLIT-20260925-BL,SCN-BASELINE,FCST-018-004,2026-H18,OPP-0004,OPPL-0004,ACC-004,PRG-004,CFG-RM-01,QUALIFICATION,0.2,PIPELINE,2025-03-04,6,33600,0,CLOSED_PERIOD
TEN-COOLIT-SYN-001,SITE-COOLIT-SYN-01,CRM,FORECAST_SNAPSHOT,FCST-018-005,OPP-0005,RESOLVED,2025-01-31T18:00:00-06:00,2026-09-26T08:00:00-06:00,2026-06-29T00:00:00-06:00,,1,,false,ACTIVE,,USD,VALID,CURRENT,coolit-synthetic-v2.0.0,CUST-005,PRG-005,CFG-CDU-02,SYNTHETIC_INTERNAL,SNP-COOLIT-20260925-BL,SCN-BASELINE,FCST-018-005,2026-H18,OPP-0005,OPPL-0005,ACC-005,PRG-005,CFG-CDU-02,QUALIFICATION,0.2,PIPELINE,2025-03-11,6,540000,0,CLOSED_PERIOD
TEN-COOLIT-SYN-001,SITE-COOLIT-SYN-01,CRM,FORECAST_SNAPSHOT,FCST-018-006,OPP-0006,RESOLVED,2025-01-31T18:00:00-06:00,2026-09-26T08:00:00-06:00,2026-06-29T00:00:00-06:00,,1,,false,ACTIVE,,USD,VALID,CURRENT,coolit-synthetic-v2.0.0,CUST-006,PRG-006,CFG-CPL-03,SYNTHETIC_INTERNAL,SNP-COOLIT-20260925-BL,SCN-BASELINE,FCST-018-006,2026-H18,OPP-0006,OPPL-0006,ACC-006,PRG-006,CFG-CPL-03,QUALIFICATION,0.2,PIPELINE,2025-03-18,7,54600,0,CLOSED_PERIOD
TEN-COOLIT-SYN-001,SITE-COOLIT-SYN-01,CRM,FORECAST_SNAPSHOT,FCST-018-007,OPP-0007,RESOLVED,2025-01-31T18:00:00-06:00,2026-09-26T08:00:00-06:00,2026-06-29T00:00:00-06:00,,1,,false,ACTIVE,,USD,VALID,CURRENT,coolit-synthetic-v2.0.0,CUST-007,PRG-007,CFG-RM-04,SYNTHETIC_INTERNAL,SNP-COOLIT-20260925-BL,SCN-BASELINE,FCST-018-007,2026-H18,OPP-0007,OPPL-0007,ACC-007,PRG-007,CFG-RM-04,QUALIFICATION,0.2,PIPELINE,2025-03-25,9,80100,0,CLOSED_PERIOD
TEN-COOLIT-SYN-001,SITE-COOLIT-SYN-01,CRM,FORECAST_SNAPSHOT,FCST-018-008,OPP-0008,RESOLVED,2025-01-31T18:00:00-06:00,2026-09-26T08:00:00-06:00,2026-06-29T00:00:00-06:00,,1,,false,ACTIVE,,USD,VALID,CURRENT,coolit-synthetic-v2.0.0,CUST-008,PRG-008,CFG-CPL-01,SYNTHETIC_INTERNAL,SNP-COOLIT-20260925-BL,SCN-BASELINE,FCST-018-008,2026-H18,OPP-0008,OPPL-0008,ACC-008,PRG-008,CFG-CPL-01,SOLUTION_DESIGN,0.35,PIPELINE,2025-04-01,18,100800,0,CLOSED_PERIOD
TEN-COOLIT-SYN-001,SITE-COOLIT-SYN-01,CRM,FORECAST_SNAPSHOT,FCST-018-009,OPP-0009,RESOLVED,2025-01-31T18:00:00-06:00,2026-09-26T08:00:00-06:00,2026-06-29T00:00:00-06:00,,1,,false,ACTIVE,,USD,VALID,CURRENT,coolit-synthetic-v2.0.0,CUST-009,PRG-001,CFG-RM-02,SYNTHETIC_INTERNAL,SNP-COOLIT-20260925-BL,SCN-BASELINE,FCST-018-009,2026-H18,OPP-0009,OPPL-0009,ACC-009,PRG-001,CFG-RM-02,QUALIFICATION,0.2,PIPELINE,2025-04-08,12,80400,0,CLOSED_PERIOD
TEN-COOLIT-SYN-001,SITE-COOLIT-SYN-01,CRM,FORECAST_SNAPSHOT,FCST-018-010,OPP-0010,RESOLVED,2025-01-31T18:00:00-06:00,2026-09-26T08:00:00-06:00,2026-06-29T00:00:00-06:00,,1,,false,ACTIVE,,USD,VALID,CURRENT,coolit-synthetic-v2.0.0,CUST-010,PRG-002,CFG-CDU-03,SYNTHETIC_INTERNAL,SNP-COOLIT-20260925-BL,SCN-BASELINE,FCST-018-010,2026-H18,OPP-0010,OPPL-0010,ACC-010,PRG-002,CFG-CDU-03,QUALIFICATION,0.2,PIPELINE,2025-04-15,2,198000,0,CLOSED_PERIOD
TEN-COOLIT-SYN-001,SITE-COOLIT-SYN-01,CRM,FORECAST_SNAPSHOT,FCST-018-011,OPP-0011,RESOLVED,2025-01-31T18:00:00-06:00,2026-09-26T08:00:00-06:00,2026-06-29T00:00:00-06:00,,1,,false,ACTIVE,,USD,VALID,CURRENT,coolit-synthetic-v2.0.0,CUST-001,PRG-003,CFG-CPL-04,SYNTHETIC_INTERNAL,SNP-COOLIT-20260925-BL,SCN-BASELINE,FCST-018-011,2026-H18,OPP-0011,OPPL-0011,ACC-001,PRG-003,CFG-CPL-04,QUALIFICATION,0.2,PIPELINE,2025-04-22,3,26700,0,CLOSED_PERIOD
TEN-COOLIT-SYN-001,SITE-COOLIT-SYN-01,CRM,FORECAST_SNAPSHOT,FCST-018-012,OPP-0012,RESOLVED,2025-01-31T18:00:00-06:00,2026-09-26T08:00:00-06:00,2026-06-29T00:00:00-06:00,,1,,false,ACTIVE,,USD,VALID,CURRENT,coolit-synthetic-v2.0.0,CUST-002,PRG-004,CFG-CDU-01,SYNTHETIC_INTERNAL,SNP-COOLIT-20260925-BL,SCN-BASELINE,FCST-018-012,2026-H18,OPP-0012,OPPL-0012,ACC-002,PRG-004,CFG-CDU-01,QUALIFICATION,0.2,PIPELINE,2025-04-29,4,324000,0,CLOSED_PERIOD
TEN-COOLIT-SYN-001,SITE-COOLIT-SYN-01,CRM,FORECAST_SNAPSHOT,FCST-018-013,OPP-0013,RESOLVED,2025-01-31T18:00:00-06:00,2026-09-26T08:00:00-06:00,2026-06-29T00:00:00-06:00,,1,,false,ACTIVE,,USD,VALID,CURRENT,coolit-synthetic-v2.0.0,CUST-003,PRG-005,CFG-CPL-02,SYNTHETIC_INTERNAL,SNP-COOLIT-20260925-BL,SCN-BASELINE,FCST-018-013,2026-H18,OPP-0013,OPPL-0013,ACC-003,PRG-005,CFG-CPL-02,QUALIFICATION,0.2,PIPELINE,2025-02-11,5,33500,0,CLOSED_PERIOD
TEN-COOLIT-SYN-001,SITE-COOLIT-SYN-01,CRM,FORECAST_SNAPSHOT,FCST-018-014,OPP-0014,RESOLVED,2025-01-31T18:00:00-06:00,2026-09-26T08:00:00-06:00,2026-06-29T00:00:00-06:00,,1,,false,ACTIVE,,USD,VALID,CURRENT,coolit-synthetic-v2.0.0,CUST-004,PRG-006,CFG-RM-03,SYNTHETIC_INTERNAL,SNP-COOLIT-20260925-BL,SCN-BASELINE,FCST-018-014,2026-H18,OPP-0014,OPPL-0014,ACC-004,PRG-006,CFG-RM-03,QUALIFICATION,0.2,PIPELINE,2025-02-18,7,54600,0,CLOSED_PERIOD
TEN-COOLIT-SYN-001,SITE-COOLIT-SYN-01,CRM,FORECAST_SNAPSHOT,FCST-018-015,OPP-0015,RESOLVED,2025-01-31T18:00:00-06:00,2026-09-26T08:00:00-06:00,2026-06-29T00:00:00-06:00,,1,,false,ACTIVE,,USD,VALID,CURRENT,coolit-synthetic-v2.0.0,CUST-005,PRG-007,CFG-CDU-04,SYNTHETIC_INTERNAL,SNP-COOLIT-20260925-BL,SCN-BASELINE,FCST-018-015,2026-H18,OPP-0015,OPPL-0015,ACC-005,PRG-007,CFG-CDU-04,QUALIFICATION,0.2,PIPELINE,2025-02-25,8,864000,0,CLOSED_PERIOD
TEN-COOLIT-SYN-001,SITE-COOLIT-SYN-01,CRM,FORECAST_SNAPSHOT,FCST-019-001,OPP-0001,RESOLVED,2025-02-07T18:00:00-06:00,2026-09-26T08:00:00-06:00,2026-06-29T00:00:00-06:00,,1,,false,ACTIVE,,USD,VALID,CURRENT,coolit-synthetic-v2.0.0,CUST-001,PRG-001,CFG-CPL-02,SYNTHETIC_INTERNAL,SNP-COOLIT-20260925-BL,SCN-BASELINE,FCST-019-001,2026-H19,OPP-0001,OPPL-0001,ACC-001,PRG-001,CFG-CPL-02,QUALIFICATION,0.2,PIPELINE,2025-03-14,2,13400,0,CLOSED_PERIOD
TEN-COOLIT-SYN-001,SITE-COOLIT-SYN-01,CRM,FORECAST_SNAPSHOT,FCST-019-002,OPP-0002,RESOLVED,2025-02-07T18:00:00-06:00,2026-09-26T08:00:00-06:00,2026-06-29T00:00:00-06:00,,1,,false,ACTIVE,,USD,VALID,CURRENT,coolit-synthetic-v2.0.0,CUST-002,PRG-002,CFG-RM-03,SYNTHETIC_INTERNAL,SNP-COOLIT-20260925-BL,SCN-BASELINE,FCST-019-002,2026-H19,OPP-0002,OPPL-0002,ACC-002,PRG-002,CFG-RM-03,QUALIFICATION,0.2,PIPELINE,2025-03-21,3,23400,0,CLOSED_PERIOD
TEN-COOLIT-SYN-001,SITE-COOLIT-SYN-01,CRM,FORECAST_SNAPSHOT,FCST-019-003,OPP-0003,RESOLVED,2025-02-07T18:00:00-06:00,2026-09-26T08:00:00-06:00,2026-06-29T00:00:00-06:00,,1,,false,ACTIVE,,USD,VALID,CURRENT,coolit-synthetic-v2.0.0,CUST-003,PRG-003,CFG-CDU-04,SYNTHETIC_INTERNAL,SNP-COOLIT-20260925-BL,SCN-BASELINE,FCST-019-003,2026-H19,OPP-0003,OPPL-0003,ACC-003,PRG-003,CFG-CDU-04,QUALIFICATION,0.2,PIPELINE,2025-03-28,5,540000,0,CLOSED_PERIOD
TEN-COOLIT-SYN-001,SITE-COOLIT-SYN-01,CRM,FORECAST_SNAPSHOT,FCST-019-004,OPP-0004,RESOLVED,2025-02-07T18:00:00-06:00,2026-09-26T08:00:00-06:00,2026-06-29T00:00:00-06:00,,1,,false,ACTIVE,,USD,VALID,CURRENT,coolit-synthetic-v2.0.0,CUST-004,PRG-004,CFG-RM-01,SYNTHETIC_INTERNAL,SNP-COOLIT-20260925-BL,SCN-BASELINE,FCST-019-004,2026-H19,OPP-0004,OPPL-0004,ACC-004,PRG-004,CFG-RM-01,QUALIFICATION,0.2,PIPELINE,2025-04-04,5,28000,0,CLOSED_PERIOD
TEN-COOLIT-SYN-001,SITE-COOLIT-SYN-01,CRM,FORECAST_SNAPSHOT,FCST-019-005,OPP-0005,RESOLVED,2025-02-07T18:00:00-06:00,2026-09-26T08:00:00-06:00,2026-06-29T00:00:00-06:00,,1,,false,ACTIVE,,USD,VALID,CURRENT,coolit-synthetic-v2.0.0,CUST-005,PRG-005,CFG-CDU-02,SYNTHETIC_INTERNAL,SNP-COOLIT-20260925-BL,SCN-BASELINE,FCST-019-005,2026-H19,OPP-0005,OPPL-0005,ACC-005,PRG-005,CFG-CDU-02,QUALIFICATION,0.2,PIPELINE,2025-04-11,6,540000,0,CLOSED_PERIOD
TEN-COOLIT-SYN-001,SITE-COOLIT-SYN-01,CRM,FORECAST_SNAPSHOT,FCST-019-006,OPP-0006,RESOLVED,2025-02-07T18:00:00-06:00,2026-09-26T08:00:00-06:00,2026-06-29T00:00:00-06:00,,1,,false,ACTIVE,,USD,VALID,CURRENT,coolit-synthetic-v2.0.0,CUST-006,PRG-006,CFG-CPL-03,SYNTHETIC_INTERNAL,SNP-COOLIT-20260925-BL,SCN-BASELINE,FCST-019-006,2026-H19,OPP-0006,OPPL-0006,ACC-006,PRG-006,CFG-CPL-03,QUALIFICATION,0.2,PIPELINE,2025-04-18,8,62400,0,CLOSED_PERIOD
TEN-COOLIT-SYN-001,SITE-COOLIT-SYN-01,CRM,FORECAST_SNAPSHOT,FCST-019-007,OPP-0007,RESOLVED,2025-02-07T18:00:00-06:00,2026-09-26T08:00:00-06:00,2026-06-29T00:00:00-06:00,,1,,false,ACTIVE,,USD,VALID,CURRENT,coolit-synthetic-v2.0.0,CUST-007,PRG-007,CFG-RM-04,SYNTHETIC_INTERNAL,SNP-COOLIT-20260925-BL,SCN-BASELINE,FCST-019-007,2026-H19,OPP-0007,OPPL-0007,ACC-007,PRG-007,CFG-RM-04,SOLUTION_DESIGN,0.35,PIPELINE,2025-04-25,16,142400,0,CLOSED_PERIOD
TEN-COOLIT-SYN-001,SITE-COOLIT-SYN-01,CRM,FORECAST_SNAPSHOT,FCST-019-008,OPP-0008,RESOLVED,2025-02-07T18:00:00-06:00,2026-09-26T08:00:00-06:00,2026-06-29T00:00:00-06:00,,1,,false,ACTIVE,,USD,VALID,CURRENT,coolit-synthetic-v2.0.0,CUST-008,PRG-008,CFG-CPL-01,SYNTHETIC_INTERNAL,SNP-COOLIT-20260925-BL,SCN-BASELINE,FCST-019-008,2026-H19,OPP-0008,OPPL-0008,ACC-008,PRG-008,CFG-CPL-01,SOLUTION_DESIGN,0.35,PIPELINE,2025-05-02,19,106400,0,CLOSED_PERIOD
TEN-COOLIT-SYN-001,SITE-COOLIT-SYN-01,CRM,FORECAST_SNAPSHOT,FCST-019-009,OPP-0009,RESOLVED,2025-02-07T18:00:00-06:00,2026-09-26T08:00:00-06:00,2026-06-29T00:00:00-06:00,,1,,false,ACTIVE,,USD,VALID,CURRENT,coolit-synthetic-v2.0.0,CUST-009,PRG-001,CFG-RM-02,SYNTHETIC_INTERNAL,SNP-COOLIT-20260925-BL,SCN-BASELINE,FCST-019-009,2026-H19,OPP-0009,OPPL-0009,ACC-009,PRG-001,CFG-RM-02,QUALIFICATION,0.2,PIPELINE,2025-05-09,12,80400,0,CLOSED_PERIOD
TEN-COOLIT-SYN-001,SITE-COOLIT-SYN-01,CRM,FORECAST_SNAPSHOT,FCST-019-010,OPP-0010,RESOLVED,2025-02-07T18:00:00-06:00,2026-09-26T08:00:00-06:00,2026-06-29T00:00:00-06:00,,1,,false,ACTIVE,,USD,VALID,CURRENT,coolit-synthetic-v2.0.0,CUST-010,PRG-002,CFG-CDU-03,SYNTHETIC_INTERNAL,SNP-COOLIT-20260925-BL,SCN-BASELINE,FCST-019-010,2026-H19,OPP-0010,OPPL-0010,ACC-010,PRG-002,CFG-CDU-03,QUALIFICATION,0.2,PIPELINE,2025-05-16,2,198000,0,CLOSED_PERIOD
TEN-COOLIT-SYN-001,SITE-COOLIT-SYN-01,CRM,FORECAST_SNAPSHOT,FCST-019-011,OPP-0011,RESOLVED,2025-02-07T18:00:00-06:00,2026-09-26T08:00:00-06:00,2026-06-29T00:00:00-06:00,,1,,false,ACTIVE,,USD,VALID,CURRENT,coolit-synthetic-v2.0.0,CUST-001,PRG-003,CFG-CPL-04,SYNTHETIC_INTERNAL,SNP-COOLIT-20260925-BL,SCN-BASELINE,FCST-019-011,2026-H19,OPP-0011,OPPL-0011,ACC-001,PRG-003,CFG-CPL-04,QUALIFICATION,0.2,PIPELINE,2025-05-23,3,26700,0,CLOSED_PERIOD
TEN-COOLIT-SYN-001,SITE-COOLIT-SYN-01,CRM,FORECAST_SNAPSHOT,FCST-019-012,OPP-0012,RESOLVED,2025-02-07T18:00:00-06:00,2026-09-26T08:00:00-06:00,2026-06-29T00:00:00-06:00,,1,,false,ACTIVE,,USD,VALID,CURRENT,coolit-synthetic-v2.0.0,CUST-002,PRG-004,CFG-CDU-01,SYNTHETIC_INTERNAL,SNP-COOLIT-20260925-BL,SCN-BASELINE,FCST-019-012,2026-H19,OPP-0012,OPPL-0012,ACC-002,PRG-004,CFG-CDU-01,QUALIFICATION,0.2,PIPELINE,2025-05-30,4,324000,0,CLOSED_PERIOD
TEN-COOLIT-SYN-001,SITE-COOLIT-SYN-01,CRM,FORECAST_SNAPSHOT,FCST-019-013,OPP-0013,RESOLVED,2025-02-07T18:00:00-06:00,2026-09-26T08:00:00-06:00,2026-06-29T00:00:00-06:00,,1,,false,ACTIVE,,USD,VALID,CURRENT,coolit-synthetic-v2.0.0,CUST-003,PRG-005,CFG-CPL-02,SYNTHETIC_INTERNAL,SNP-COOLIT-20260925-BL,SCN-BASELINE,FCST-019-013,2026-H19,OPP-0013,OPPL-0013,ACC-003,PRG-005,CFG-CPL-02,QUALIFICATION,0.2,PIPELINE,2025-03-14,5,33500,0,CLOSED_PERIOD
TEN-COOLIT-SYN-001,SITE-COOLIT-SYN-01,CRM,FORECAST_SNAPSHOT,FCST-019-014,OPP-0014,RESOLVED,2025-02-07T18:00:00-06:00,2026-09-26T08:00:00-06:00,2026-06-29T00:00:00-06:00,,1,,false,ACTIVE,,USD,VALID,CURRENT,coolit-synthetic-v2.0.0,CUST-004,PRG-006,CFG-RM-03,SYNTHETIC_INTERNAL,SNP-COOLIT-20260925-BL,SCN-BASELINE,FCST-019-014,2026-H19,OPP-0014,OPPL-0014,ACC-004,PRG-006,CFG-RM-03,QUALIFICATION,0.2,PIPELINE,2025-03-21,7,54600,0,CLOSED_PERIOD
TEN-COOLIT-SYN-001,SITE-COOLIT-SYN-01,CRM,FORECAST_SNAPSHOT,FCST-019-015,OPP-0015,RESOLVED,2025-02-07T18:00:00-06:00,2026-09-26T08:00:00-06:00,2026-06-29T00:00:00-06:00,,1,,false,ACTIVE,,USD,VALID,CURRENT,coolit-synthetic-v2.0.0,CUST-005,PRG-007,CFG-CDU-04,SYNTHETIC_INTERNAL,SNP-COOLIT-20260925-BL,SCN-BASELINE,FCST-019-015,2026-H19,OPP-0015,OPPL-0015,ACC-005,PRG-007,CFG-CDU-04,SOLUTION_DESIGN,0.35,PIPELINE,2025-03-28,14,1512000,0,CLOSED_PERIOD
TEN-COOLIT-SYN-001,SITE-COOLIT-SYN-01,CRM,FORECAST_SNAPSHOT,FCST-020-001,OPP-0001,RESOLVED,2025-02-14T18:00:00-06:00,2026-09-26T08:00:00-06:00,2026-06-29T00:00:00-06:00,,1,,false,ACTIVE,,USD,VALID,CURRENT,coolit-synthetic-v2.0.0,CUST-001,PRG-001,CFG-CPL-02,SYNTHETIC_INTERNAL,SNP-COOLIT-20260925-BL,SCN-BASELINE,FCST-020-001,2026-H20,OPP-0001,OPPL-0001,ACC-001,PRG-001,CFG-CPL-02,QUALIFICATION,0.2,PIPELINE,2025-03-18,2,13400,0,CLOSED_PERIOD
TEN-COOLIT-SYN-001,SITE-COOLIT-SYN-01,CRM,FORECAST_SNAPSHOT,FCST-020-002,OPP-0002,RESOLVED,2025-02-14T18:00:00-06:00,2026-09-26T08:00:00-06:00,2026-06-29T00:00:00-06:00,,1,,false,ACTIVE,,USD,VALID,CURRENT,coolit-synthetic-v2.0.0,CUST-002,PRG-002,CFG-RM-03,SYNTHETIC_INTERNAL,SNP-COOLIT-20260925-BL,SCN-BASELINE,FCST-020-002,2026-H20,OPP-0002,OPPL-0002,ACC-002,PRG-002,CFG-RM-03,QUALIFICATION,0.2,PIPELINE,2025-03-25,3,23400,0,CLOSED_PERIOD
TEN-COOLIT-SYN-001,SITE-COOLIT-SYN-01,CRM,FORECAST_SNAPSHOT,FCST-020-003,OPP-0003,RESOLVED,2025-02-14T18:00:00-06:00,2026-09-26T08:00:00-06:00,2026-06-29T00:00:00-06:00,,1,,false,ACTIVE,,USD,VALID,CURRENT,coolit-synthetic-v2.0.0,CUST-003,PRG-003,CFG-CDU-04,SYNTHETIC_INTERNAL,SNP-COOLIT-20260925-BL,SCN-BASELINE,FCST-020-003,2026-H20,OPP-0003,OPPL-0003,ACC-003,PRG-003,CFG-CDU-04,QUALIFICATION,0.2,PIPELINE,2025-04-01,4,432000,0,CLOSED_PERIOD
TEN-COOLIT-SYN-001,SITE-COOLIT-SYN-01,CRM,FORECAST_SNAPSHOT,FCST-020-004,OPP-0004,RESOLVED,2025-02-14T18:00:00-06:00,2026-09-26T08:00:00-06:00,2026-06-29T00:00:00-06:00,,1,,false,ACTIVE,,USD,VALID,CURRENT,coolit-synthetic-v2.0.0,CUST-004,PRG-004,CFG-RM-01,SYNTHETIC_INTERNAL,SNP-COOLIT-20260925-BL,SCN-BASELINE,FCST-020-004,2026-H20,OPP-0004,OPPL-0004,ACC-004,PRG-004,CFG-RM-01,QUALIFICATION,0.2,PIPELINE,2025-04-08,5,28000,0,CLOSED_PERIOD
TEN-COOLIT-SYN-001,SITE-COOLIT-SYN-01,CRM,FORECAST_SNAPSHOT,FCST-020-005,OPP-0005,RESOLVED,2025-02-14T18:00:00-06:00,2026-09-26T08:00:00-06:00,2026-06-29T00:00:00-06:00,,1,,false,ACTIVE,,USD,VALID,CURRENT,coolit-synthetic-v2.0.0,CUST-005,PRG-005,CFG-CDU-02,SYNTHETIC_INTERNAL,SNP-COOLIT-20260925-BL,SCN-BASELINE,FCST-020-005,2026-H20,OPP-0005,OPPL-0005,ACC-005,PRG-005,CFG-CDU-02,QUALIFICATION,0.2,PIPELINE,2025-04-15,7,630000,0,CLOSED_PERIOD
TEN-COOLIT-SYN-001,SITE-COOLIT-SYN-01,CRM,FORECAST_SNAPSHOT,FCST-020-006,OPP-0006,RESOLVED,2025-02-14T18:00:00-06:00,2026-09-26T08:00:00-06:00,2026-06-29T00:00:00-06:00,,1,,false,ACTIVE,,USD,VALID,CURRENT,coolit-synthetic-v2.0.0,CUST-006,PRG-006,CFG-CPL-03,SYNTHETIC_INTERNAL,SNP-COOLIT-20260925-BL,SCN-BASELINE,FCST-020-006,2026-H20,OPP-0006,OPPL-0006,ACC-006,PRG-006,CFG-CPL-03,SOLUTION_DESIGN,0.35,PIPELINE,2025-04-22,14,109200,0,CLOSED_PERIOD
TEN-COOLIT-SYN-001,SITE-COOLIT-SYN-01,CRM,FORECAST_SNAPSHOT,FCST-020-007,OPP-0007,RESOLVED,2025-02-14T18:00:00-06:00,2026-09-26T08:00:00-06:00,2026-06-29T00:00:00-06:00,,1,,false,ACTIVE,,USD,VALID,CURRENT,coolit-synthetic-v2.0.0,CUST-007,PRG-007,CFG-RM-04,SYNTHETIC_INTERNAL,SNP-COOLIT-20260925-BL,SCN-BASELINE,FCST-020-007,2026-H20,OPP-0007,OPPL-0007,ACC-007,PRG-007,CFG-RM-04,SOLUTION_DESIGN,0.35,PIPELINE,2025-04-29,16,142400,0,CLOSED_PERIOD
TEN-COOLIT-SYN-001,SITE-COOLIT-SYN-01,CRM,FORECAST_SNAPSHOT,FCST-020-008,OPP-0008,RESOLVED,2025-02-14T18:00:00-06:00,2026-09-26T08:00:00-06:00,2026-06-29T00:00:00-06:00,,1,,false,ACTIVE,,USD,VALID,CURRENT,coolit-synthetic-v2.0.0,CUST-008,PRG-008,CFG-CPL-01,SYNTHETIC_INTERNAL,SNP-COOLIT-20260925-BL,SCN-BASELINE,FCST-020-008,2026-H20,OPP-0008,OPPL-0008,ACC-008,PRG-008,CFG-CPL-01,SOLUTION_DESIGN,0.35,PIPELINE,2025-05-06,19,106400,0,CLOSED_PERIOD
TEN-COOLIT-SYN-001,SITE-COOLIT-SYN-01,CRM,FORECAST_SNAPSHOT,FCST-020-009,OPP-0009,RESOLVED,2025-02-14T18:00:00-06:00,2026-09-26T08:00:00-06:00,2026-06-29T00:00:00-06:00,,1,,false,ACTIVE,,USD,VALID,CURRENT,coolit-synthetic-v2.0.0,CUST-009,PRG-001,CFG-RM-02,SYNTHETIC_INTERNAL,SNP-COOLIT-20260925-BL,SCN-BASELINE,FCST-020-009,2026-H20,OPP-0009,OPPL-0009,ACC-009,PRG-001,CFG-RM-02,QUALIFICATION,0.2,PIPELINE,2025-05-13,13,87100,0,CLOSED_PERIOD
TEN-COOLIT-SYN-001,SITE-COOLIT-SYN-01,CRM,FORECAST_SNAPSHOT,FCST-020-010,OPP-0010,RESOLVED,2025-02-14T18:00:00-06:00,2026-09-26T08:00:00-06:00,2026-06-29T00:00:00-06:00,,1,,false,ACTIVE,,USD,VALID,CURRENT,coolit-synthetic-v2.0.0,CUST-010,PRG-002,CFG-CDU-03,SYNTHETIC_INTERNAL,SNP-COOLIT-20260925-BL,SCN-BASELINE,FCST-020-010,2026-H20,OPP-0010,OPPL-0010,ACC-010,PRG-002,CFG-CDU-03,QUALIFICATION,0.2,PIPELINE,2025-05-20,2,198000,0,CLOSED_PERIOD
TEN-COOLIT-SYN-001,SITE-COOLIT-SYN-01,CRM,FORECAST_SNAPSHOT,FCST-020-011,OPP-0011,RESOLVED,2025-02-14T18:00:00-06:00,2026-09-26T08:00:00-06:00,2026-06-29T00:00:00-06:00,,1,,false,ACTIVE,,USD,VALID,CURRENT,coolit-synthetic-v2.0.0,CUST-001,PRG-003,CFG-CPL-04,SYNTHETIC_INTERNAL,SNP-COOLIT-20260925-BL,SCN-BASELINE,FCST-020-011,2026-H20,OPP-0011,OPPL-0011,ACC-001,PRG-003,CFG-CPL-04,QUALIFICATION,0.2,PIPELINE,2025-05-27,3,26700,0,CLOSED_PERIOD
TEN-COOLIT-SYN-001,SITE-COOLIT-SYN-01,CRM,FORECAST_SNAPSHOT,FCST-020-012,OPP-0012,RESOLVED,2025-02-14T18:00:00-06:00,2026-09-26T08:00:00-06:00,2026-06-29T00:00:00-06:00,,1,,false,ACTIVE,,USD,VALID,CURRENT,coolit-synthetic-v2.0.0,CUST-002,PRG-004,CFG-CDU-01,SYNTHETIC_INTERNAL,SNP-COOLIT-20260925-BL,SCN-BASELINE,FCST-020-012,2026-H20,OPP-0012,OPPL-0012,ACC-002,PRG-004,CFG-CDU-01,QUALIFICATION,0.2,PIPELINE,2025-06-03,4,324000,0,CLOSED_PERIOD
TEN-COOLIT-SYN-001,SITE-COOLIT-SYN-01,CRM,FORECAST_SNAPSHOT,FCST-020-013,OPP-0013,RESOLVED,2025-02-14T18:00:00-06:00,2026-09-26T08:00:00-06:00,2026-06-29T00:00:00-06:00,,1,,false,ACTIVE,,USD,VALID,CURRENT,coolit-synthetic-v2.0.0,CUST-003,PRG-005,CFG-CPL-02,SYNTHETIC_INTERNAL,SNP-COOLIT-20260925-BL,SCN-BASELINE,FCST-020-013,2026-H20,OPP-0013,OPPL-0013,ACC-003,PRG-005,CFG-CPL-02,QUALIFICATION,0.2,PIPELINE,2025-03-18,6,40200,0,CLOSED_PERIOD
TEN-COOLIT-SYN-001,SITE-COOLIT-SYN-01,CRM,FORECAST_SNAPSHOT,FCST-020-014,OPP-0014,RESOLVED,2025-02-14T18:00:00-06:00,2026-09-26T08:00:00-06:00,2026-06-29T00:00:00-06:00,,1,,false,ACTIVE,,USD,VALID,CURRENT,coolit-synthetic-v2.0.0,CUST-004,PRG-006,CFG-RM-03,SYNTHETIC_INTERNAL,SNP-COOLIT-20260925-BL,SCN-BASELINE,FCST-020-014,2026-H20,OPP-0014,OPPL-0014,ACC-004,PRG-006,CFG-RM-03,SOLUTION_DESIGN,0.35,PIPELINE,2025-03-25,12,93600,0,CLOSED_PERIOD
TEN-COOLIT-SYN-001,SITE-COOLIT-SYN-01,CRM,FORECAST_SNAPSHOT,FCST-020-015,OPP-0015,RESOLVED,2025-02-14T18:00:00-06:00,2026-09-26T08:00:00-06:00,2026-06-29T00:00:00-06:00,,1,,false,ACTIVE,,USD,VALID,CURRENT,coolit-synthetic-v2.0.0,CUST-005,PRG-007,CFG-CDU-04,SYNTHETIC_INTERNAL,SNP-COOLIT-20260925-BL,SCN-BASELINE,FCST-020-015,2026-H20,OPP-0015,OPPL-0015,ACC-005,PRG-007,CFG-CDU-04,SOLUTION_DESIGN,0.35,PIPELINE,2025-04-01,15,1620000,0,CLOSED_PERIOD
TEN-COOLIT-SYN-001,SITE-COOLIT-SYN-01,CRM,FORECAST_SNAPSHOT,FCST-021-001,OPP-0001,RESOLVED,2025-02-21T18:00:00-06:00,2026-09-26T08:00:00-06:00,2026-06-29T00:00:00-06:00,,1,,false,ACTIVE,,USD,VALID,CURRENT,coolit-synthetic-v2.0.0,CUST-001,PRG-001,CFG-CPL-02,SYNTHETIC_INTERNAL,SNP-COOLIT-20260925-BL,SCN-BASELINE,FCST-021-001,2026-H21,OPP-0001,OPPL-0001,ACC-001,PRG-001,CFG-CPL-02,QUALIFICATION,0.2,PIPELINE,2025-03-22,2,13400,0,CLOSED_PERIOD
TEN-COOLIT-SYN-001,SITE-COOLIT-SYN-01,CRM,FORECAST_SNAPSHOT,FCST-021-002,OPP-0002,RESOLVED,2025-02-21T18:00:00-06:00,2026-09-26T08:00:00-06:00,2026-06-29T00:00:00-06:00,,1,,false,ACTIVE,,USD,VALID,CURRENT,coolit-synthetic-v2.0.0,CUST-002,PRG-002,CFG-RM-03,SYNTHETIC_INTERNAL,SNP-COOLIT-20260925-BL,SCN-BASELINE,FCST-021-002,2026-H21,OPP-0002,OPPL-0002,ACC-002,PRG-002,CFG-RM-03,QUALIFICATION,0.2,PIPELINE,2025-03-29,3,23400,0,CLOSED_PERIOD
TEN-COOLIT-SYN-001,SITE-COOLIT-SYN-01,CRM,FORECAST_SNAPSHOT,FCST-021-003,OPP-0003,RESOLVED,2025-02-21T18:00:00-06:00,2026-09-26T08:00:00-06:00,2026-06-29T00:00:00-06:00,,1,,false,ACTIVE,,USD,VALID,CURRENT,coolit-synthetic-v2.0.0,CUST-003,PRG-003,CFG-CDU-04,SYNTHETIC_INTERNAL,SNP-COOLIT-20260925-BL,SCN-BASELINE,FCST-021-003,2026-H21,OPP-0003,OPPL-0003,ACC-003,PRG-003,CFG-CDU-04,QUALIFICATION,0.2,PIPELINE,2025-04-05,4,432000,0,CLOSED_PERIOD
TEN-COOLIT-SYN-001,SITE-COOLIT-SYN-01,CRM,FORECAST_SNAPSHOT,FCST-021-004,OPP-0004,RESOLVED,2025-02-21T18:00:00-06:00,2026-09-26T08:00:00-06:00,2026-06-29T00:00:00-06:00,,1,,false,ACTIVE,,USD,VALID,CURRENT,coolit-synthetic-v2.0.0,CUST-004,PRG-004,CFG-RM-01,SYNTHETIC_INTERNAL,SNP-COOLIT-20260925-BL,SCN-BASELINE,FCST-021-004,2026-H21,OPP-0004,OPPL-0004,ACC-004,PRG-004,CFG-RM-01,QUALIFICATION,0.2,PIPELINE,2025-04-12,5,28000,0,CLOSED_PERIOD
TEN-COOLIT-SYN-001,SITE-COOLIT-SYN-01,CRM,FORECAST_SNAPSHOT,FCST-021-005,OPP-0005,RESOLVED,2025-02-21T18:00:00-06:00,2026-09-26T08:00:00-06:00,2026-06-29T00:00:00-06:00,,1,,false,ACTIVE,,USD,VALID,CURRENT,coolit-synthetic-v2.0.0,CUST-005,PRG-005,CFG-CDU-02,SYNTHETIC_INTERNAL,SNP-COOLIT-20260925-BL,SCN-BASELINE,FCST-021-005,2026-H21,OPP-0005,OPPL-0005,ACC-005,PRG-005,CFG-CDU-02,SOLUTION_DESIGN,0.35,PIPELINE,2025-04-19,12,1080000,0,CLOSED_PERIOD
TEN-COOLIT-SYN-001,SITE-COOLIT-SYN-01,CRM,FORECAST_SNAPSHOT,FCST-021-006,OPP-0006,RESOLVED,2025-02-21T18:00:00-06:00,2026-09-26T08:00:00-06:00,2026-06-29T00:00:00-06:00,,1,,false,ACTIVE,,USD,VALID,CURRENT,coolit-synthetic-v2.0.0,CUST-006,PRG-006,CFG-CPL-03,SYNTHETIC_INTERNAL,SNP-COOLIT-20260925-BL,SCN-BASELINE,FCST-021-006,2026-H21,OPP-0006,OPPL-0006,ACC-006,PRG-006,CFG-CPL-03,SOLUTION_DESIGN,0.35,PIPELINE,2025-04-26,14,109200,0,CLOSED_PERIOD
TEN-COOLIT-SYN-001,SITE-COOLIT-SYN-01,CRM,FORECAST_SNAPSHOT,FCST-021-007,OPP-0007,RESOLVED,2025-02-21T18:00:00-06:00,2026-09-26T08:00:00-06:00,2026-06-29T00:00:00-06:00,,1,,false,ACTIVE,,USD,VALID,CURRENT,coolit-synthetic-v2.0.0,CUST-007,PRG-007,CFG-RM-04,SYNTHETIC_INTERNAL,SNP-COOLIT-20260925-BL,SCN-BASELINE,FCST-021-007,2026-H21,OPP-0007,OPPL-0007,ACC-007,PRG-007,CFG-RM-04,SOLUTION_DESIGN,0.35,PIPELINE,2025-05-03,17,151300,0,CLOSED_PERIOD
TEN-COOLIT-SYN-001,SITE-COOLIT-SYN-01,CRM,FORECAST_SNAPSHOT,FCST-021-008,OPP-0008,RESOLVED,2025-02-21T18:00:00-06:00,2026-09-26T08:00:00-06:00,2026-06-29T00:00:00-06:00,,1,,false,ACTIVE,,USD,VALID,CURRENT,coolit-synthetic-v2.0.0,CUST-008,PRG-008,CFG-CPL-01,SYNTHETIC_INTERNAL,SNP-COOLIT-20260925-BL,SCN-BASELINE,FCST-021-008,2026-H21,OPP-0008,OPPL-0008,ACC-008,PRG-008,CFG-CPL-01,SOLUTION_DESIGN,0.35,PIPELINE,2025-05-10,20,112000,0,CLOSED_PERIOD
TEN-COOLIT-SYN-001,SITE-COOLIT-SYN-01,CRM,FORECAST_SNAPSHOT,FCST-021-009,OPP-0009,RESOLVED,2025-02-21T18:00:00-06:00,2026-09-26T08:00:00-06:00,2026-06-29T00:00:00-06:00,,1,,false,ACTIVE,,USD,VALID,CURRENT,coolit-synthetic-v2.0.0,CUST-009,PRG-001,CFG-RM-02,SYNTHETIC_INTERNAL,SNP-COOLIT-20260925-BL,SCN-BASELINE,FCST-021-009,2026-H21,OPP-0009,OPPL-0009,ACC-009,PRG-001,CFG-RM-02,QUALIFICATION,0.2,PIPELINE,2025-05-17,10,67000,0,CLOSED_PERIOD
TEN-COOLIT-SYN-001,SITE-COOLIT-SYN-01,CRM,FORECAST_SNAPSHOT,FCST-021-010,OPP-0010,RESOLVED,2025-02-21T18:00:00-06:00,2026-09-26T08:00:00-06:00,2026-06-29T00:00:00-06:00,,1,,false,ACTIVE,,USD,VALID,CURRENT,coolit-synthetic-v2.0.0,CUST-010,PRG-002,CFG-CDU-03,SYNTHETIC_INTERNAL,SNP-COOLIT-20260925-BL,SCN-BASELINE,FCST-021-010,2026-H21,OPP-0010,OPPL-0010,ACC-010,PRG-002,CFG-CDU-03,QUALIFICATION,0.2,PIPELINE,2025-05-24,2,198000,0,CLOSED_PERIOD
TEN-COOLIT-SYN-001,SITE-COOLIT-SYN-01,CRM,FORECAST_SNAPSHOT,FCST-021-011,OPP-0011,RESOLVED,2025-02-21T18:00:00-06:00,2026-09-26T08:00:00-06:00,2026-06-29T00:00:00-06:00,,1,,false,ACTIVE,,USD,VALID,CURRENT,coolit-synthetic-v2.0.0,CUST-001,PRG-003,CFG-CPL-04,SYNTHETIC_INTERNAL,SNP-COOLIT-20260925-BL,SCN-BASELINE,FCST-021-011,2026-H21,OPP-0011,OPPL-0011,ACC-001,PRG-003,CFG-CPL-04,QUALIFICATION,0.2,PIPELINE,2025-05-31,3,26700,0,CLOSED_PERIOD
TEN-COOLIT-SYN-001,SITE-COOLIT-SYN-01,CRM,FORECAST_SNAPSHOT,FCST-021-012,OPP-0012,RESOLVED,2025-02-21T18:00:00-06:00,2026-09-26T08:00:00-06:00,2026-06-29T00:00:00-06:00,,1,,false,ACTIVE,,USD,VALID,CURRENT,coolit-synthetic-v2.0.0,CUST-002,PRG-004,CFG-CDU-01,SYNTHETIC_INTERNAL,SNP-COOLIT-20260925-BL,SCN-BASELINE,FCST-021-012,2026-H21,OPP-0012,OPPL-0012,ACC-002,PRG-004,CFG-CDU-01,QUALIFICATION,0.2,PIPELINE,2025-06-07,4,324000,0,CLOSED_PERIOD
TEN-COOLIT-SYN-001,SITE-COOLIT-SYN-01,CRM,FORECAST_SNAPSHOT,FCST-021-013,OPP-0013,RESOLVED,2025-02-21T18:00:00-06:00,2026-09-26T08:00:00-06:00,2026-06-29T00:00:00-06:00,,1,,false,ACTIVE,,USD,VALID,CURRENT,coolit-synthetic-v2.0.0,CUST-003,PRG-005,CFG-CPL-02,SYNTHETIC_INTERNAL,SNP-COOLIT-20260925-BL,SCN-BASELINE,FCST-021-013,2026-H21,OPP-0013,OPPL-0013,ACC-003,PRG-005,CFG-CPL-02,SOLUTION_DESIGN,0.35,PIPELINE,2025-03-22,10,67000,0,CLOSED_PERIOD
TEN-COOLIT-SYN-001,SITE-COOLIT-SYN-01,CRM,FORECAST_SNAPSHOT,FCST-021-014,OPP-0014,RESOLVED,2025-02-21T18:00:00-06:00,2026-09-26T08:00:00-06:00,2026-06-29T00:00:00-06:00,,1,,false,ACTIVE,,USD,VALID,CURRENT,coolit-synthetic-v2.0.0,CUST-004,PRG-006,CFG-RM-03,SYNTHETIC_INTERNAL,SNP-COOLIT-20260925-BL,SCN-BASELINE,FCST-021-014,2026-H21,OPP-0014,OPPL-0014,ACC-004,PRG-006,CFG-RM-03,SOLUTION_DESIGN,0.35,PIPELINE,2025-03-29,12,93600,0,CLOSED_PERIOD
TEN-COOLIT-SYN-001,SITE-COOLIT-SYN-01,CRM,FORECAST_SNAPSHOT,FCST-021-015,OPP-0015,RESOLVED,2025-02-21T18:00:00-06:00,2026-09-26T08:00:00-06:00,2026-06-29T00:00:00-06:00,,1,,false,ACTIVE,,USD,VALID,CURRENT,coolit-synthetic-v2.0.0,CUST-005,PRG-007,CFG-CDU-04,SYNTHETIC_INTERNAL,SNP-COOLIT-20260925-BL,SCN-BASELINE,FCST-021-015,2026-H21,OPP-0015,OPPL-0015,ACC-005,PRG-007,CFG-CDU-04,SOLUTION_DESIGN,0.35,PIPELINE,2025-04-05,15,1620000,0,CLOSED_PERIOD
TEN-COOLIT-SYN-001,SITE-COOLIT-SYN-01,CRM,FORECAST_SNAPSHOT,FCST-022-001,OPP-0001,RESOLVED,2025-02-28T18:00:00-06:00,2026-09-26T08:00:00-06:00,2026-06-29T00:00:00-06:00,,1,,false,ACTIVE,,USD,VALID,CURRENT,coolit-synthetic-v2.0.0,CUST-001,PRG-001,CFG-CPL-02,SYNTHETIC_INTERNAL,SNP-COOLIT-20260925-BL,SCN-BASELINE,FCST-022-001,2026-H22,OPP-0001,OPPL-0001,ACC-001,PRG-001,CFG-CPL-02,QUALIFICATION,0.2,PIPELINE,2025-03-26,2,13400,0,CLOSED_PERIOD
TEN-COOLIT-SYN-001,SITE-COOLIT-SYN-01,CRM,FORECAST_SNAPSHOT,FCST-022-002,OPP-0002,RESOLVED,2025-02-28T18:00:00-06:00,2026-09-26T08:00:00-06:00,2026-06-29T00:00:00-06:00,,1,,false,ACTIVE,,USD,VALID,CURRENT,coolit-synthetic-v2.0.0,CUST-002,PRG-002,CFG-RM-03,SYNTHETIC_INTERNAL,SNP-COOLIT-20260925-BL,SCN-BASELINE,FCST-022-002,2026-H22,OPP-0002,OPPL-0002,ACC-002,PRG-002,CFG-RM-03,QUALIFICATION,0.2,PIPELINE,2025-04-02,3,23400,0,CLOSED_PERIOD
TEN-COOLIT-SYN-001,SITE-COOLIT-SYN-01,CRM,FORECAST_SNAPSHOT,FCST-022-003,OPP-0003,RESOLVED,2025-02-28T18:00:00-06:00,2026-09-26T08:00:00-06:00,2026-06-29T00:00:00-06:00,,1,,false,ACTIVE,,USD,VALID,CURRENT,coolit-synthetic-v2.0.0,CUST-003,PRG-003,CFG-CDU-04,SYNTHETIC_INTERNAL,SNP-COOLIT-20260925-BL,SCN-BASELINE,FCST-022-003,2026-H22,OPP-0003,OPPL-0003,ACC-003,PRG-003,CFG-CDU-04,QUALIFICATION,0.2,PIPELINE,2025-04-09,4,432000,0,CLOSED_PERIOD
TEN-COOLIT-SYN-001,SITE-COOLIT-SYN-01,CRM,FORECAST_SNAPSHOT,FCST-022-004,OPP-0004,RESOLVED,2025-02-28T18:00:00-06:00,2026-09-26T08:00:00-06:00,2026-06-29T00:00:00-06:00,,1,,false,ACTIVE,,USD,VALID,CURRENT,coolit-synthetic-v2.0.0,CUST-004,PRG-004,CFG-RM-01,SYNTHETIC_INTERNAL,SNP-COOLIT-20260925-BL,SCN-BASELINE,FCST-022-004,2026-H22,OPP-0004,OPPL-0004,ACC-004,PRG-004,CFG-RM-01,SOLUTION_DESIGN,0.35,PIPELINE,2025-04-16,10,56000,0,CLOSED_PERIOD
TEN-COOLIT-SYN-001,SITE-COOLIT-SYN-01,CRM,FORECAST_SNAPSHOT,FCST-022-005,OPP-0005,RESOLVED,2025-02-28T18:00:00-06:00,2026-09-26T08:00:00-06:00,2026-06-29T00:00:00-06:00,,1,,false,ACTIVE,,USD,VALID,CURRENT,coolit-synthetic-v2.0.0,CUST-005,PRG-005,CFG-CDU-02,SYNTHETIC_INTERNAL,SNP-COOLIT-20260925-BL,SCN-BASELINE,FCST-022-005,2026-H22,OPP-0005,OPPL-0005,ACC-005,PRG-005,CFG-CDU-02,SOLUTION_DESIGN,0.35,PIPELINE,2025-04-23,12,1080000,0,CLOSED_PERIOD
TEN-COOLIT-SYN-001,SITE-COOLIT-SYN-01,CRM,FORECAST_SNAPSHOT,FCST-022-006,OPP-0006,RESOLVED,2025-02-28T18:00:00-06:00,2026-09-26T08:00:00-06:00,2026-06-29T00:00:00-06:00,,1,,false,ACTIVE,,USD,VALID,CURRENT,coolit-synthetic-v2.0.0,CUST-006,PRG-006,CFG-CPL-03,SYNTHETIC_INTERNAL,SNP-COOLIT-20260925-BL,SCN-BASELINE,FCST-022-006,2026-H22,OPP-0006,OPPL-0006,ACC-006,PRG-006,CFG-CPL-03,SOLUTION_DESIGN,0.35,PIPELINE,2025-04-30,15,117000,0,CLOSED_PERIOD
TEN-COOLIT-SYN-001,SITE-COOLIT-SYN-01,CRM,FORECAST_SNAPSHOT,FCST-022-007,OPP-0007,RESOLVED,2025-02-28T18:00:00-06:00,2026-09-26T08:00:00-06:00,2026-06-29T00:00:00-06:00,,1,,false,ACTIVE,,USD,VALID,CURRENT,coolit-synthetic-v2.0.0,CUST-007,PRG-007,CFG-RM-04,SYNTHETIC_INTERNAL,SNP-COOLIT-20260925-BL,SCN-BASELINE,FCST-022-007,2026-H22,OPP-0007,OPPL-0007,ACC-007,PRG-007,CFG-RM-04,SOLUTION_DESIGN,0.35,PIPELINE,2025-05-07,17,151300,0,CLOSED_PERIOD
TEN-COOLIT-SYN-001,SITE-COOLIT-SYN-01,CRM,FORECAST_SNAPSHOT,FCST-022-008,OPP-0008,RESOLVED,2025-02-28T18:00:00-06:00,2026-09-26T08:00:00-06:00,2026-06-29T00:00:00-06:00,,1,,false,ACTIVE,,USD,VALID,CURRENT,coolit-synthetic-v2.0.0,CUST-008,PRG-008,CFG-CPL-01,SYNTHETIC_INTERNAL,SNP-COOLIT-20260925-BL,SCN-BASELINE,FCST-022-008,2026-H22,OPP-0008,OPPL-0008,ACC-008,PRG-008,CFG-CPL-01,SOLUTION_DESIGN,0.35,PIPELINE,2025-05-14,16,89600,0,CLOSED_PERIOD
TEN-COOLIT-SYN-001,SITE-COOLIT-SYN-01,CRM,FORECAST_SNAPSHOT,FCST-022-009,OPP-0009,RESOLVED,2025-02-28T18:00:00-06:00,2026-09-26T08:00:00-06:00,2026-06-29T00:00:00-06:00,,1,,false,ACTIVE,,USD,VALID,CURRENT,coolit-synthetic-v2.0.0,CUST-009,PRG-001,CFG-RM-02,SYNTHETIC_INTERNAL,SNP-COOLIT-20260925-BL,SCN-BASELINE,FCST-022-009,2026-H22,OPP-0009,OPPL-0009,ACC-009,PRG-001,CFG-RM-02,QUALIFICATION,0.2,PIPELINE,2025-05-21,11,73700,0,CLOSED_PERIOD
TEN-COOLIT-SYN-001,SITE-COOLIT-SYN-01,CRM,FORECAST_SNAPSHOT,FCST-022-010,OPP-0010,RESOLVED,2025-02-28T18:00:00-06:00,2026-09-26T08:00:00-06:00,2026-06-29T00:00:00-06:00,,1,,false,ACTIVE,,USD,VALID,CURRENT,coolit-synthetic-v2.0.0,CUST-010,PRG-002,CFG-CDU-03,SYNTHETIC_INTERNAL,SNP-COOLIT-20260925-BL,SCN-BASELINE,FCST-022-010,2026-H22,OPP-0010,OPPL-0010,ACC-010,PRG-002,CFG-CDU-03,QUALIFICATION,0.2,PIPELINE,2025-05-28,2,198000,0,CLOSED_PERIOD
TEN-COOLIT-SYN-001,SITE-COOLIT-SYN-01,CRM,FORECAST_SNAPSHOT,FCST-022-011,OPP-0011,RESOLVED,2025-02-28T18:00:00-06:00,2026-09-26T08:00:00-06:00,2026-06-29T00:00:00-06:00,,1,,false,ACTIVE,,USD,VALID,CURRENT,coolit-synthetic-v2.0.0,CUST-001,PRG-003,CFG-CPL-04,SYNTHETIC_INTERNAL,SNP-COOLIT-20260925-BL,SCN-BASELINE,FCST-022-011,2026-H22,OPP-0011,OPPL-0011,ACC-001,PRG-003,CFG-CPL-04,QUALIFICATION,0.2,PIPELINE,2025-06-04,3,26700,0,CLOSED_PERIOD
TEN-COOLIT-SYN-001,SITE-COOLIT-SYN-01,CRM,FORECAST_SNAPSHOT,FCST-022-012,OPP-0012,RESOLVED,2025-02-28T18:00:00-06:00,2026-09-26T08:00:00-06:00,2026-06-29T00:00:00-06:00,,1,,false,ACTIVE,,USD,VALID,CURRENT,coolit-synthetic-v2.0.0,CUST-002,PRG-004,CFG-CDU-01,SYNTHETIC_INTERNAL,SNP-COOLIT-20260925-BL,SCN-BASELINE,FCST-022-012,2026-H22,OPP-0012,OPPL-0012,ACC-002,PRG-004,CFG-CDU-01,SOLUTION_DESIGN,0.35,PIPELINE,2025-06-11,8,648000,0,CLOSED_PERIOD
TEN-COOLIT-SYN-001,SITE-COOLIT-SYN-01,CRM,FORECAST_SNAPSHOT,FCST-022-013,OPP-0013,RESOLVED,2025-02-28T18:00:00-06:00,2026-09-26T08:00:00-06:00,2026-06-29T00:00:00-06:00,,1,,false,ACTIVE,,USD,VALID,CURRENT,coolit-synthetic-v2.0.0,CUST-003,PRG-005,CFG-CPL-02,SYNTHETIC_INTERNAL,SNP-COOLIT-20260925-BL,SCN-BASELINE,FCST-022-013,2026-H22,OPP-0013,OPPL-0013,ACC-003,PRG-005,CFG-CPL-02,SOLUTION_DESIGN,0.35,PIPELINE,2025-03-26,10,67000,0,CLOSED_PERIOD
TEN-COOLIT-SYN-001,SITE-COOLIT-SYN-01,CRM,FORECAST_SNAPSHOT,FCST-022-014,OPP-0014,RESOLVED,2025-02-28T18:00:00-06:00,2026-09-26T08:00:00-06:00,2026-06-29T00:00:00-06:00,,1,,false,ACTIVE,,USD,VALID,CURRENT,coolit-synthetic-v2.0.0,CUST-004,PRG-006,CFG-RM-03,SYNTHETIC_INTERNAL,SNP-COOLIT-20260925-BL,SCN-BASELINE,FCST-022-014,2026-H22,OPP-0014,OPPL-0014,ACC-004,PRG-006,CFG-RM-03,SOLUTION_DESIGN,0.35,PIPELINE,2025-04-02,13,101400,0,CLOSED_PERIOD
TEN-COOLIT-SYN-001,SITE-COOLIT-SYN-01,CRM,FORECAST_SNAPSHOT,FCST-022-015,OPP-0015,RESOLVED,2025-02-28T18:00:00-06:00,2026-09-26T08:00:00-06:00,2026-06-29T00:00:00-06:00,,1,,false,ACTIVE,,USD,VALID,CURRENT,coolit-synthetic-v2.0.0,CUST-005,PRG-007,CFG-CDU-04,SYNTHETIC_INTERNAL,SNP-COOLIT-20260925-BL,SCN-BASELINE,FCST-022-015,2026-H22,OPP-0015,OPPL-0015,ACC-005,PRG-007,CFG-CDU-04,SOLUTION_DESIGN,0.35,PIPELINE,2025-04-09,13,1404000,0,CLOSED_PERIOD
TEN-COOLIT-SYN-001,SITE-COOLIT-SYN-01,CRM,FORECAST_SNAPSHOT,FCST-023-001,OPP-0001,RESOLVED,2025-03-07T18:00:00-06:00,2026-09-26T08:00:00-06:00,2026-06-29T00:00:00-06:00,,1,,false,ACTIVE,,USD,VALID,CURRENT,coolit-synthetic-v2.0.0,CUST-001,PRG-001,CFG-CPL-02,SYNTHETIC_INTERNAL,SNP-COOLIT-20260925-BL,SCN-BASELINE,FCST-023-001,2026-H23,OPP-0001,OPPL-0001,ACC-001,PRG-001,CFG-CPL-02,QUALIFICATION,0.2,PIPELINE,2025-03-30,2,13400,0,CLOSED_PERIOD
TEN-COOLIT-SYN-001,SITE-COOLIT-SYN-01,CRM,FORECAST_SNAPSHOT,FCST-023-002,OPP-0002,RESOLVED,2025-03-07T18:00:00-06:00,2026-09-26T08:00:00-06:00,2026-06-29T00:00:00-06:00,,1,,false,ACTIVE,,USD,VALID,CURRENT,coolit-synthetic-v2.0.0,CUST-002,PRG-002,CFG-RM-03,SYNTHETIC_INTERNAL,SNP-COOLIT-20260925-BL,SCN-BASELINE,FCST-023-002,2026-H23,OPP-0002,OPPL-0002,ACC-002,PRG-002,CFG-RM-03,QUALIFICATION,0.2,PIPELINE,2025-04-06,3,23400,0,CLOSED_PERIOD
TEN-COOLIT-SYN-001,SITE-COOLIT-SYN-01,CRM,FORECAST_SNAPSHOT,FCST-023-003,OPP-0003,RESOLVED,2025-03-07T18:00:00-06:00,2026-09-26T08:00:00-06:00,2026-06-29T00:00:00-06:00,,1,,false,ACTIVE,,USD,VALID,CURRENT,coolit-synthetic-v2.0.0,CUST-003,PRG-003,CFG-CDU-04,SYNTHETIC_INTERNAL,SNP-COOLIT-20260925-BL,SCN-BASELINE,FCST-023-003,2026-H23,OPP-0003,OPPL-0003,ACC-003,PRG-003,CFG-CDU-04,SOLUTION_DESIGN,0.35,PIPELINE,2025-04-13,8,864000,0,CLOSED_PERIOD
TEN-COOLIT-SYN-001,SITE-COOLIT-SYN-01,CRM,FORECAST_SNAPSHOT,FCST-023-004,OPP-0004,RESOLVED,2025-03-07T18:00:00-06:00,2026-09-26T08:00:00-06:00,2026-06-29T00:00:00-06:00,,1,,false,ACTIVE,,USD,VALID,CURRENT,coolit-synthetic-v2.0.0,CUST-004,PRG-004,CFG-RM-01,SYNTHETIC_INTERNAL,SNP-COOLIT-20260925-BL,SCN-BASELINE,FCST-023-004,2026-H23,OPP-0004,OPPL-0004,ACC-004,PRG-004,CFG-RM-01,SOLUTION_DESIGN,0.35,PIPELINE,2025-04-20,10,56000,0,CLOSED_PERIOD
TEN-COOLIT-SYN-001,SITE-COOLIT-SYN-01,CRM,FORECAST_SNAPSHOT,FCST-023-005,OPP-0005,RESOLVED,2025-03-07T18:00:00-06:00,2026-09-26T08:00:00-06:00,2026-06-29T00:00:00-06:00,,1,,false,ACTIVE,,USD,VALID,CURRENT,coolit-synthetic-v2.0.0,CUST-005,PRG-005,CFG-CDU-02,SYNTHETIC_INTERNAL,SNP-COOLIT-20260925-BL,SCN-BASELINE,FCST-023-005,2026-H23,OPP-0005,OPPL-0005,ACC-005,PRG-005,CFG-CDU-02,SOLUTION_DESIGN,0.35,PIPELINE,2025-04-27,12,1080000,0,CLOSED_PERIOD
TEN-COOLIT-SYN-001,SITE-COOLIT-SYN-01,CRM,FORECAST_SNAPSHOT,FCST-023-006,OPP-0006,RESOLVED,2025-03-07T18:00:00-06:00,2026-09-26T08:00:00-06:00,2026-06-29T00:00:00-06:00,,1,,false,ACTIVE,,USD,VALID,CURRENT,coolit-synthetic-v2.0.0,CUST-006,PRG-006,CFG-CPL-03,SYNTHETIC_INTERNAL,SNP-COOLIT-20260925-BL,SCN-BASELINE,FCST-023-006,2026-H23,OPP-0006,OPPL-0006,ACC-006,PRG-006,CFG-CPL-03,SOLUTION_DESIGN,0.35,PIPELINE,2025-05-04,15,117000,0,CLOSED_PERIOD
TEN-COOLIT-SYN-001,SITE-COOLIT-SYN-01,CRM,FORECAST_SNAPSHOT,FCST-023-007,OPP-0007,RESOLVED,2025-03-07T18:00:00-06:00,2026-09-26T08:00:00-06:00,2026-06-29T00:00:00-06:00,,1,,false,ACTIVE,,USD,VALID,CURRENT,coolit-synthetic-v2.0.0,CUST-007,PRG-007,CFG-RM-04,SYNTHETIC_INTERNAL,SNP-COOLIT-20260925-BL,SCN-BASELINE,FCST-023-007,2026-H23,OPP-0007,OPPL-0007,ACC-007,PRG-007,CFG-RM-04,SOLUTION_DESIGN,0.35,PIPELINE,2025-05-11,14,124600,0,CLOSED_PERIOD
TEN-COOLIT-SYN-001,SITE-COOLIT-SYN-01,CRM,FORECAST_SNAPSHOT,FCST-023-008,OPP-0008,RESOLVED,2025-03-07T18:00:00-06:00,2026-09-26T08:00:00-06:00,2026-06-29T00:00:00-06:00,,1,,false,ACTIVE,,USD,VALID,CURRENT,coolit-synthetic-v2.0.0,CUST-008,PRG-008,CFG-CPL-01,SYNTHETIC_INTERNAL,SNP-COOLIT-20260925-BL,SCN-BASELINE,FCST-023-008,2026-H23,OPP-0008,OPPL-0008,ACC-008,PRG-008,CFG-CPL-01,SOLUTION_DESIGN,0.35,PIPELINE,2025-05-18,17,95200,0,CLOSED_PERIOD
TEN-COOLIT-SYN-001,SITE-COOLIT-SYN-01,CRM,FORECAST_SNAPSHOT,FCST-023-009,OPP-0009,RESOLVED,2025-03-07T18:00:00-06:00,2026-09-26T08:00:00-06:00,2026-06-29T00:00:00-06:00,,1,,false,ACTIVE,,USD,VALID,CURRENT,coolit-synthetic-v2.0.0,CUST-009,PRG-001,CFG-RM-02,SYNTHETIC_INTERNAL,SNP-COOLIT-20260925-BL,SCN-BASELINE,FCST-023-009,2026-H23,OPP-0009,OPPL-0009,ACC-009,PRG-001,CFG-RM-02,QUALIFICATION,0.2,PIPELINE,2025-05-25,11,73700,0,CLOSED_PERIOD
TEN-COOLIT-SYN-001,SITE-COOLIT-SYN-01,CRM,FORECAST_SNAPSHOT,FCST-023-010,OPP-0010,RESOLVED,2025-03-07T18:00:00-06:00,2026-09-26T08:00:00-06:00,2026-06-29T00:00:00-06:00,,1,,false,ACTIVE,,USD,VALID,CURRENT,coolit-synthetic-v2.0.0,CUST-010,PRG-002,CFG-CDU-03,SYNTHETIC_INTERNAL,SNP-COOLIT-20260925-BL,SCN-BASELINE,FCST-023-010,2026-H23,OPP-0010,OPPL-0010,ACC-010,PRG-002,CFG-CDU-03,QUALIFICATION,0.2,PIPELINE,2025-06-01,2,198000,0,CLOSED_PERIOD
TEN-COOLIT-SYN-001,SITE-COOLIT-SYN-01,CRM,FORECAST_SNAPSHOT,FCST-023-011,OPP-0011,RESOLVED,2025-03-07T18:00:00-06:00,2026-09-26T08:00:00-06:00,2026-06-29T00:00:00-06:00,,1,,false,ACTIVE,,USD,VALID,CURRENT,coolit-synthetic-v2.0.0,CUST-001,PRG-003,CFG-CPL-04,SYNTHETIC_INTERNAL,SNP-COOLIT-20260925-BL,SCN-BASELINE,FCST-023-011,2026-H23,OPP-0011,OPPL-0011,ACC-001,PRG-003,CFG-CPL-04,SOLUTION_DESIGN,0.35,PIPELINE,2025-06-08,6,53400,0,CLOSED_PERIOD
TEN-COOLIT-SYN-001,SITE-COOLIT-SYN-01,CRM,FORECAST_SNAPSHOT,FCST-023-012,OPP-0012,RESOLVED,2025-03-07T18:00:00-06:00,2026-09-26T08:00:00-06:00,2026-06-29T00:00:00-06:00,,1,,false,ACTIVE,,USD,VALID,CURRENT,coolit-synthetic-v2.0.0,CUST-002,PRG-004,CFG-CDU-01,SYNTHETIC_INTERNAL,SNP-COOLIT-20260925-BL,SCN-BASELINE,FCST-023-012,2026-H23,OPP-0012,OPPL-0012,ACC-002,PRG-004,CFG-CDU-01,SOLUTION_DESIGN,0.35,PIPELINE,2025-06-15,8,648000,0,CLOSED_PERIOD
TEN-COOLIT-SYN-001,SITE-COOLIT-SYN-01,CRM,FORECAST_SNAPSHOT,FCST-023-013,OPP-0013,RESOLVED,2025-03-07T18:00:00-06:00,2026-09-26T08:00:00-06:00,2026-06-29T00:00:00-06:00,,1,,false,ACTIVE,,USD,VALID,CURRENT,coolit-synthetic-v2.0.0,CUST-003,PRG-005,CFG-CPL-02,SYNTHETIC_INTERNAL,SNP-COOLIT-20260925-BL,SCN-BASELINE,FCST-023-013,2026-H23,OPP-0013,OPPL-0013,ACC-003,PRG-005,CFG-CPL-02,SOLUTION_DESIGN,0.35,PIPELINE,2025-03-30,11,73700,0,CLOSED_PERIOD
TEN-COOLIT-SYN-001,SITE-COOLIT-SYN-01,CRM,FORECAST_SNAPSHOT,FCST-023-014,OPP-0014,RESOLVED,2025-03-07T18:00:00-06:00,2026-09-26T08:00:00-06:00,2026-06-29T00:00:00-06:00,,1,,false,ACTIVE,,USD,VALID,CURRENT,coolit-synthetic-v2.0.0,CUST-004,PRG-006,CFG-RM-03,SYNTHETIC_INTERNAL,SNP-COOLIT-20260925-BL,SCN-BASELINE,FCST-023-014,2026-H23,OPP-0014,OPPL-0014,ACC-004,PRG-006,CFG-RM-03,SOLUTION_DESIGN,0.35,PIPELINE,2025-04-06,11,85800,0,CLOSED_PERIOD
TEN-COOLIT-SYN-001,SITE-COOLIT-SYN-01,CRM,FORECAST_SNAPSHOT,FCST-023-015,OPP-0015,RESOLVED,2025-03-07T18:00:00-06:00,2026-09-26T08:00:00-06:00,2026-06-29T00:00:00-06:00,,1,,false,ACTIVE,,USD,VALID,CURRENT,coolit-synthetic-v2.0.0,CUST-005,PRG-007,CFG-CDU-04,SYNTHETIC_INTERNAL,SNP-COOLIT-20260925-BL,SCN-BASELINE,FCST-023-015,2026-H23,OPP-0015,OPPL-0015,ACC-005,PRG-007,CFG-CDU-04,SOLUTION_DESIGN,0.35,PIPELINE,2025-04-13,13,1404000,0,CLOSED_PERIOD
TEN-COOLIT-SYN-001,SITE-COOLIT-SYN-01,CRM,FORECAST_SNAPSHOT,FCST-024-001,OPP-0001,RESOLVED,2025-03-14T18:00:00-06:00,2026-09-26T08:00:00-06:00,2026-06-29T00:00:00-06:00,,1,,false,ACTIVE,,USD,VALID,CURRENT,coolit-synthetic-v2.0.0,CUST-001,PRG-001,CFG-CPL-02,SYNTHETIC_INTERNAL,SNP-COOLIT-20260925-BL,SCN-BASELINE,FCST-024-001,2026-H24,OPP-0001,OPPL-0001,ACC-001,PRG-001,CFG-CPL-02,QUALIFICATION,0.2,PIPELINE,2025-04-03,2,13400,0,CLOSED_PERIOD
TEN-COOLIT-SYN-001,SITE-COOLIT-SYN-01,CRM,FORECAST_SNAPSHOT,FCST-024-002,OPP-0002,RESOLVED,2025-03-14T18:00:00-06:00,2026-09-26T08:00:00-06:00,2026-06-29T00:00:00-06:00,,1,,false,ACTIVE,,USD,VALID,CURRENT,coolit-synthetic-v2.0.0,CUST-002,PRG-002,CFG-RM-03,SYNTHETIC_INTERNAL,SNP-COOLIT-20260925-BL,SCN-BASELINE,FCST-024-002,2026-H24,OPP-0002,OPPL-0002,ACC-002,PRG-002,CFG-RM-03,SOLUTION_DESIGN,0.35,PIPELINE,2025-04-10,6,46800,0,CLOSED_PERIOD
TEN-COOLIT-SYN-001,SITE-COOLIT-SYN-01,CRM,FORECAST_SNAPSHOT,FCST-024-003,OPP-0003,RESOLVED,2025-03-14T18:00:00-06:00,2026-09-26T08:00:00-06:00,2026-06-29T00:00:00-06:00,,1,,false,ACTIVE,,USD,VALID,CURRENT,coolit-synthetic-v2.0.0,CUST-003,PRG-003,CFG-CDU-04,SYNTHETIC_INTERNAL,SNP-COOLIT-20260925-BL,SCN-BASELINE,FCST-024-003,2026-H24,OPP-0003,OPPL-0003,ACC-003,PRG-003,CFG-CDU-04,SOLUTION_DESIGN,0.35,PIPELINE,2025-04-17,8,864000,0,CLOSED_PERIOD
TEN-COOLIT-SYN-001,SITE-COOLIT-SYN-01,CRM,FORECAST_SNAPSHOT,FCST-024-004,OPP-0004,RESOLVED,2025-03-14T18:00:00-06:00,2026-09-26T08:00:00-06:00,2026-06-29T00:00:00-06:00,,1,,false,ACTIVE,,USD,VALID,CURRENT,coolit-synthetic-v2.0.0,CUST-004,PRG-004,CFG-RM-01,SYNTHETIC_INTERNAL,SNP-COOLIT-20260925-BL,SCN-BASELINE,FCST-024-004,2026-H24,OPP-0004,OPPL-0004,ACC-004,PRG-004,CFG-RM-01,SOLUTION_DESIGN,0.35,PIPELINE,2025-04-24,10,56000,0,CLOSED_PERIOD
TEN-COOLIT-SYN-001,SITE-COOLIT-SYN-01,CRM,FORECAST_SNAPSHOT,FCST-024-005,OPP-0005,RESOLVED,2025-03-14T18:00:00-06:00,2026-09-26T08:00:00-06:00,2026-06-29T00:00:00-06:00,,1,,false,ACTIVE,,USD,VALID,CURRENT,coolit-synthetic-v2.0.0,CUST-005,PRG-005,CFG-CDU-02,SYNTHETIC_INTERNAL,SNP-COOLIT-20260925-BL,SCN-BASELINE,FCST-024-005,2026-H24,OPP-0005,OPPL-0005,ACC-005,PRG-005,CFG-CDU-02,SOLUTION_DESIGN,0.35,PIPELINE,2025-05-01,13,1170000,0,CLOSED_PERIOD
TEN-COOLIT-SYN-001,SITE-COOLIT-SYN-01,CRM,FORECAST_SNAPSHOT,FCST-024-006,OPP-0006,RESOLVED,2025-03-14T18:00:00-06:00,2026-09-26T08:00:00-06:00,2026-06-29T00:00:00-06:00,,1,,false,ACTIVE,,USD,VALID,CURRENT,coolit-synthetic-v2.0.0,CUST-006,PRG-006,CFG-CPL-03,SYNTHETIC_INTERNAL,SNP-COOLIT-20260925-BL,SCN-BASELINE,FCST-024-006,2026-H24,OPP-0006,OPPL-0006,ACC-006,PRG-006,CFG-CPL-03,SOLUTION_DESIGN,0.35,PIPELINE,2025-05-08,13,101400,0,CLOSED_PERIOD
TEN-COOLIT-SYN-001,SITE-COOLIT-SYN-01,CRM,FORECAST_SNAPSHOT,FCST-024-007,OPP-0007,RESOLVED,2025-03-14T18:00:00-06:00,2026-09-26T08:00:00-06:00,2026-06-29T00:00:00-06:00,,1,,false,ACTIVE,,USD,VALID,CURRENT,coolit-synthetic-v2.0.0,CUST-007,PRG-007,CFG-RM-04,SYNTHETIC_INTERNAL,SNP-COOLIT-20260925-BL,SCN-BASELINE,FCST-024-007,2026-H24,OPP-0007,OPPL-0007,ACC-007,PRG-007,CFG-RM-04,SOLUTION_DESIGN,0.35,PIPELINE,2025-05-15,15,133500,0,CLOSED_PERIOD
TEN-COOLIT-SYN-001,SITE-COOLIT-SYN-01,CRM,FORECAST_SNAPSHOT,FCST-024-008,OPP-0008,RESOLVED,2025-03-14T18:00:00-06:00,2026-09-26T08:00:00-06:00,2026-06-29T00:00:00-06:00,,1,,false,ACTIVE,,USD,VALID,CURRENT,coolit-synthetic-v2.0.0,CUST-008,PRG-008,CFG-CPL-01,SYNTHETIC_INTERNAL,SNP-COOLIT-20260925-BL,SCN-BASELINE,FCST-024-008,2026-H24,OPP-0008,OPPL-0008,ACC-008,PRG-008,CFG-CPL-01,SOLUTION_DESIGN,0.35,PIPELINE,2025-05-22,17,95200,0,CLOSED_PERIOD
TEN-COOLIT-SYN-001,SITE-COOLIT-SYN-01,CRM,FORECAST_SNAPSHOT,FCST-024-009,OPP-0009,RESOLVED,2025-03-14T18:00:00-06:00,2026-09-26T08:00:00-06:00,2026-06-29T00:00:00-06:00,,1,,false,ACTIVE,,USD,VALID,CURRENT,coolit-synthetic-v2.0.0,CUST-009,PRG-001,CFG-RM-02,SYNTHETIC_INTERNAL,SNP-COOLIT-20260925-BL,SCN-BASELINE,FCST-024-009,2026-H24,OPP-0009,OPPL-0009,ACC-009,PRG-001,CFG-RM-02,QUALIFICATION,0.2,PIPELINE,2025-05-29,11,73700,0,CLOSED_PERIOD
TEN-COOLIT-SYN-001,SITE-COOLIT-SYN-01,CRM,FORECAST_SNAPSHOT,FCST-024-010,OPP-0010,RESOLVED,2025-03-14T18:00:00-06:00,2026-09-26T08:00:00-06:00,2026-06-29T00:00:00-06:00,,1,,false,ACTIVE,,USD,VALID,CURRENT,coolit-synthetic-v2.0.0,CUST-010,PRG-002,CFG-CDU-03,SYNTHETIC_INTERNAL,SNP-COOLIT-20260925-BL,SCN-BASELINE,FCST-024-010,2026-H24,OPP-0010,OPPL-0010,ACC-010,PRG-002,CFG-CDU-03,SOLUTION_DESIGN,0.35,PIPELINE,2025-06-05,4,396000,0,CLOSED_PERIOD
TEN-COOLIT-SYN-001,SITE-COOLIT-SYN-01,CRM,FORECAST_SNAPSHOT,FCST-024-011,OPP-0011,RESOLVED,2025-03-14T18:00:00-06:00,2026-09-26T08:00:00-06:00,2026-06-29T00:00:00-06:00,,1,,false,ACTIVE,,USD,VALID,CURRENT,coolit-synthetic-v2.0.0,CUST-001,PRG-003,CFG-CPL-04,SYNTHETIC_INTERNAL,SNP-COOLIT-20260925-BL,SCN-BASELINE,FCST-024-011,2026-H24,OPP-0011,OPPL-0011,ACC-001,PRG-003,CFG-CPL-04,SOLUTION_DESIGN,0.35,PIPELINE,2025-06-12,6,53400,0,CLOSED_PERIOD
TEN-COOLIT-SYN-001,SITE-COOLIT-SYN-01,CRM,FORECAST_SNAPSHOT,FCST-024-012,OPP-0012,RESOLVED,2025-03-14T18:00:00-06:00,2026-09-26T08:00:00-06:00,2026-06-29T00:00:00-06:00,,1,,false,ACTIVE,,USD,VALID,CURRENT,coolit-synthetic-v2.0.0,CUST-002,PRG-004,CFG-CDU-01,SYNTHETIC_INTERNAL,SNP-COOLIT-20260925-BL,SCN-BASELINE,FCST-024-012,2026-H24,OPP-0012,OPPL-0012,ACC-002,PRG-004,CFG-CDU-01,SOLUTION_DESIGN,0.35,PIPELINE,2025-06-19,8,648000,0,CLOSED_PERIOD
TEN-COOLIT-SYN-001,SITE-COOLIT-SYN-01,CRM,FORECAST_SNAPSHOT,FCST-024-013,OPP-0013,RESOLVED,2025-03-14T18:00:00-06:00,2026-09-26T08:00:00-06:00,2026-06-29T00:00:00-06:00,,1,,false,ACTIVE,,USD,VALID,CURRENT,coolit-synthetic-v2.0.0,CUST-003,PRG-005,CFG-CPL-02,SYNTHETIC_INTERNAL,SNP-COOLIT-20260925-BL,SCN-BASELINE,FCST-024-013,2026-H24,OPP-0013,OPPL-0013,ACC-003,PRG-005,CFG-CPL-02,SOLUTION_DESIGN,0.35,PIPELINE,2025-04-03,9,60300,0,CLOSED_PERIOD
TEN-COOLIT-SYN-001,SITE-COOLIT-SYN-01,CRM,FORECAST_SNAPSHOT,FCST-024-014,OPP-0014,RESOLVED,2025-03-14T18:00:00-06:00,2026-09-26T08:00:00-06:00,2026-06-29T00:00:00-06:00,,1,,false,ACTIVE,,USD,VALID,CURRENT,coolit-synthetic-v2.0.0,CUST-004,PRG-006,CFG-RM-03,SYNTHETIC_INTERNAL,SNP-COOLIT-20260925-BL,SCN-BASELINE,FCST-024-014,2026-H24,OPP-0014,OPPL-0014,ACC-004,PRG-006,CFG-RM-03,SOLUTION_DESIGN,0.35,PIPELINE,2025-04-10,11,85800,0,CLOSED_PERIOD
TEN-COOLIT-SYN-001,SITE-COOLIT-SYN-01,CRM,FORECAST_SNAPSHOT,FCST-024-015,OPP-0015,RESOLVED,2025-03-14T18:00:00-06:00,2026-09-26T08:00:00-06:00,2026-06-29T00:00:00-06:00,,1,,false,ACTIVE,,USD,VALID,CURRENT,coolit-synthetic-v2.0.0,CUST-005,PRG-007,CFG-CDU-04,SYNTHETIC_INTERNAL,SNP-COOLIT-20260925-BL,SCN-BASELINE,FCST-024-015,2026-H24,OPP-0015,OPPL-0015,ACC-005,PRG-007,CFG-CDU-04,SOLUTION_DESIGN,0.35,PIPELINE,2025-04-17,13,1404000,0,CLOSED_PERIOD
TEN-COOLIT-SYN-001,SITE-COOLIT-SYN-01,CRM,FORECAST_SNAPSHOT,FCST-025-001,OPP-0001,RESOLVED,2025-03-21T18:00:00-06:00,2026-09-26T08:00:00-06:00,2026-06-29T00:00:00-06:00,,1,,false,ACTIVE,,USD,VALID,CURRENT,coolit-synthetic-v2.0.0,CUST-001,PRG-001,CFG-CPL-02,SYNTHETIC_INTERNAL,SNP-COOLIT-20260925-BL,SCN-BASELINE,FCST-025-001,2026-H25,OPP-0001,OPPL-0001,ACC-001,PRG-001,CFG-CPL-02,SOLUTION_DESIGN,0.35,PIPELINE,2025-04-07,3,20100,0,CLOSED_PERIOD
TEN-COOLIT-SYN-001,SITE-COOLIT-SYN-01,CRM,FORECAST_SNAPSHOT,FCST-025-002,OPP-0002,RESOLVED,2025-03-21T18:00:00-06:00,2026-09-26T08:00:00-06:00,2026-06-29T00:00:00-06:00,,1,,false,ACTIVE,,USD,VALID,CURRENT,coolit-synthetic-v2.0.0,CUST-002,PRG-002,CFG-RM-03,SYNTHETIC_INTERNAL,SNP-COOLIT-20260925-BL,SCN-BASELINE,FCST-025-002,2026-H25,OPP-0002,OPPL-0002,ACC-002,PRG-002,CFG-RM-03,SOLUTION_DESIGN,0.35,PIPELINE,2025-04-14,6,46800,0,CLOSED_PERIOD
TEN-COOLIT-SYN-001,SITE-COOLIT-SYN-01,CRM,FORECAST_SNAPSHOT,FCST-025-003,OPP-0003,RESOLVED,2025-03-21T18:00:00-06:00,2026-09-26T08:00:00-06:00,2026-06-29T00:00:00-06:00,,1,,false,ACTIVE,,USD,VALID,CURRENT,coolit-synthetic-v2.0.0,CUST-003,PRG-003,CFG-CDU-04,SYNTHETIC_INTERNAL,SNP-COOLIT-20260925-BL,SCN-BASELINE,FCST-025-003,2026-H25,OPP-0003,OPPL-0003,ACC-003,PRG-003,CFG-CDU-04,SOLUTION_DESIGN,0.35,PIPELINE,2025-04-21,8,864000,0,CLOSED_PERIOD
TEN-COOLIT-SYN-001,SITE-COOLIT-SYN-01,CRM,FORECAST_SNAPSHOT,FCST-025-004,OPP-0004,RESOLVED,2025-03-21T18:00:00-06:00,2026-09-26T08:00:00-06:00,2026-06-29T00:00:00-06:00,,1,,false,ACTIVE,,USD,VALID,CURRENT,coolit-synthetic-v2.0.0,CUST-004,PRG-004,CFG-RM-01,SYNTHETIC_INTERNAL,SNP-COOLIT-20260925-BL,SCN-BASELINE,FCST-025-004,2026-H25,OPP-0004,OPPL-0004,ACC-004,PRG-004,CFG-RM-01,SOLUTION_DESIGN,0.35,PIPELINE,2025-04-28,11,61600,0,CLOSED_PERIOD
TEN-COOLIT-SYN-001,SITE-COOLIT-SYN-01,CRM,FORECAST_SNAPSHOT,FCST-025-005,OPP-0005,RESOLVED,2025-03-21T18:00:00-06:00,2026-09-26T08:00:00-06:00,2026-06-29T00:00:00-06:00,,1,,false,ACTIVE,,USD,VALID,CURRENT,coolit-synthetic-v2.0.0,CUST-005,PRG-005,CFG-CDU-02,SYNTHETIC_INTERNAL,SNP-COOLIT-20260925-BL,SCN-BASELINE,FCST-025-005,2026-H25,OPP-0005,OPPL-0005,ACC-005,PRG-005,CFG-CDU-02,SOLUTION_DESIGN,0.35,PIPELINE,2025-05-05,11,990000,0,CLOSED_PERIOD
TEN-COOLIT-SYN-001,SITE-COOLIT-SYN-01,CRM,FORECAST_SNAPSHOT,FCST-025-006,OPP-0006,RESOLVED,2025-03-21T18:00:00-06:00,2026-09-26T08:00:00-06:00,2026-06-29T00:00:00-06:00,,1,,false,ACTIVE,,USD,VALID,CURRENT,coolit-synthetic-v2.0.0,CUST-006,PRG-006,CFG-CPL-03,SYNTHETIC_INTERNAL,SNP-COOLIT-20260925-BL,SCN-BASELINE,FCST-025-006,2026-H25,OPP-0006,OPPL-0006,ACC-006,PRG-006,CFG-CPL-03,SOLUTION_DESIGN,0.35,PIPELINE,2025-05-12,13,101400,0,CLOSED_PERIOD
TEN-COOLIT-SYN-001,SITE-COOLIT-SYN-01,CRM,FORECAST_SNAPSHOT,FCST-025-007,OPP-0007,RESOLVED,2025-03-21T18:00:00-06:00,2026-09-26T08:00:00-06:00,2026-06-29T00:00:00-06:00,,1,,false,ACTIVE,,USD,VALID,CURRENT,coolit-synthetic-v2.0.0,CUST-007,PRG-007,CFG-RM-04,SYNTHETIC_INTERNAL,SNP-COOLIT-20260925-BL,SCN-BASELINE,FCST-025-007,2026-H25,OPP-0007,OPPL-0007,ACC-007,PRG-007,CFG-RM-04,SOLUTION_DESIGN,0.35,PIPELINE,2025-05-19,15,133500,0,CLOSED_PERIOD
TEN-COOLIT-SYN-001,SITE-COOLIT-SYN-01,CRM,FORECAST_SNAPSHOT,FCST-025-008,OPP-0008,RESOLVED,2025-03-21T18:00:00-06:00,2026-09-26T08:00:00-06:00,2026-06-29T00:00:00-06:00,,1,,false,ACTIVE,,USD,VALID,CURRENT,coolit-synthetic-v2.0.0,CUST-008,PRG-008,CFG-CPL-01,SYNTHETIC_INTERNAL,SNP-COOLIT-20260925-BL,SCN-BASELINE,FCST-025-008,2026-H25,OPP-0008,OPPL-0008,ACC-008,PRG-008,CFG-CPL-01,SOLUTION_DESIGN,0.35,PIPELINE,2025-05-26,18,100800,0,CLOSED_PERIOD
TEN-COOLIT-SYN-001,SITE-COOLIT-SYN-01,CRM,FORECAST_SNAPSHOT,FCST-025-009,OPP-0009,RESOLVED,2025-03-21T18:00:00-06:00,2026-09-26T08:00:00-06:00,2026-06-29T00:00:00-06:00,,1,,false,ACTIVE,,USD,VALID,CURRENT,coolit-synthetic-v2.0.0,CUST-009,PRG-001,CFG-RM-02,SYNTHETIC_INTERNAL,SNP-COOLIT-20260925-BL,SCN-BASELINE,FCST-025-009,2026-H25,OPP-0009,OPPL-0009,ACC-009,PRG-001,CFG-RM-02,SOLUTION_DESIGN,0.35,PIPELINE,2025-06-02,21,140700,0,CLOSED_PERIOD
TEN-COOLIT-SYN-001,SITE-COOLIT-SYN-01,CRM,FORECAST_SNAPSHOT,FCST-025-010,OPP-0010,RESOLVED,2025-03-21T18:00:00-06:00,2026-09-26T08:00:00-06:00,2026-06-29T00:00:00-06:00,,1,,false,ACTIVE,,USD,VALID,CURRENT,coolit-synthetic-v2.0.0,CUST-010,PRG-002,CFG-CDU-03,SYNTHETIC_INTERNAL,SNP-COOLIT-20260925-BL,SCN-BASELINE,FCST-025-010,2026-H25,OPP-0010,OPPL-0010,ACC-010,PRG-002,CFG-CDU-03,SOLUTION_DESIGN,0.35,PIPELINE,2025-06-09,4,396000,0,CLOSED_PERIOD
TEN-COOLIT-SYN-001,SITE-COOLIT-SYN-01,CRM,FORECAST_SNAPSHOT,FCST-025-011,OPP-0011,RESOLVED,2025-03-21T18:00:00-06:00,2026-09-26T08:00:00-06:00,2026-06-29T00:00:00-06:00,,1,,false,ACTIVE,,USD,VALID,CURRENT,coolit-synthetic-v2.0.0,CUST-001,PRG-003,CFG-CPL-04,SYNTHETIC_INTERNAL,SNP-COOLIT-20260925-BL,SCN-BASELINE,FCST-025-011,2026-H25,OPP-0011,OPPL-0011,ACC-001,PRG-003,CFG-CPL-04,SOLUTION_DESIGN,0.35,PIPELINE,2025-06-16,6,53400,0,CLOSED_PERIOD
TEN-COOLIT-SYN-001,SITE-COOLIT-SYN-01,CRM,FORECAST_SNAPSHOT,FCST-025-012,OPP-0012,RESOLVED,2025-03-21T18:00:00-06:00,2026-09-26T08:00:00-06:00,2026-06-29T00:00:00-06:00,,1,,false,ACTIVE,,USD,VALID,CURRENT,coolit-synthetic-v2.0.0,CUST-002,PRG-004,CFG-CDU-01,SYNTHETIC_INTERNAL,SNP-COOLIT-20260925-BL,SCN-BASELINE,FCST-025-012,2026-H25,OPP-0012,OPPL-0012,ACC-002,PRG-004,CFG-CDU-01,SOLUTION_DESIGN,0.35,PIPELINE,2025-06-23,7,567000,0,CLOSED_PERIOD
TEN-COOLIT-SYN-001,SITE-COOLIT-SYN-01,CRM,FORECAST_SNAPSHOT,FCST-025-013,OPP-0013,RESOLVED,2025-03-21T18:00:00-06:00,2026-09-26T08:00:00-06:00,2026-06-29T00:00:00-06:00,,1,,false,ACTIVE,,USD,VALID,CURRENT,coolit-synthetic-v2.0.0,CUST-003,PRG-005,CFG-CPL-02,SYNTHETIC_INTERNAL,SNP-COOLIT-20260925-BL,SCN-BASELINE,FCST-025-013,2026-H25,OPP-0013,OPPL-0013,ACC-003,PRG-005,CFG-CPL-02,SOLUTION_DESIGN,0.35,PIPELINE,2025-04-07,9,60300,0,CLOSED_PERIOD
TEN-COOLIT-SYN-001,SITE-COOLIT-SYN-01,CRM,FORECAST_SNAPSHOT,FCST-025-014,OPP-0014,RESOLVED,2025-03-21T18:00:00-06:00,2026-09-26T08:00:00-06:00,2026-06-29T00:00:00-06:00,,1,,false,ACTIVE,,USD,VALID,CURRENT,coolit-synthetic-v2.0.0,CUST-004,PRG-006,CFG-RM-03,SYNTHETIC_INTERNAL,SNP-COOLIT-20260925-BL,SCN-BASELINE,FCST-025-014,2026-H25,OPP-0014,OPPL-0014,ACC-004,PRG-006,CFG-RM-03,SOLUTION_DESIGN,0.35,PIPELINE,2025-04-14,11,85800,0,CLOSED_PERIOD
TEN-COOLIT-SYN-001,SITE-COOLIT-SYN-01,CRM,FORECAST_SNAPSHOT,FCST-025-015,OPP-0015,RESOLVED,2025-03-21T18:00:00-06:00,2026-09-26T08:00:00-06:00,2026-06-29T00:00:00-06:00,,1,,false,ACTIVE,,USD,VALID,CURRENT,coolit-synthetic-v2.0.0,CUST-005,PRG-007,CFG-CDU-04,SYNTHETIC_INTERNAL,SNP-COOLIT-20260925-BL,SCN-BASELINE,FCST-025-015,2026-H25,OPP-0015,OPPL-0015,ACC-005,PRG-007,CFG-CDU-04,SOLUTION_DESIGN,0.35,PIPELINE,2025-04-21,14,1512000,0,CLOSED_PERIOD
TEN-COOLIT-SYN-001,SITE-COOLIT-SYN-01,CRM,FORECAST_SNAPSHOT,FCST-026-001,OPP-0001,RESOLVED,2025-03-28T18:00:00-06:00,2026-09-26T08:00:00-06:00,2026-06-29T00:00:00-06:00,,1,,false,ACTIVE,,USD,VALID,CURRENT,coolit-synthetic-v2.0.0,CUST-001,PRG-001,CFG-CPL-02,SYNTHETIC_INTERNAL,SNP-COOLIT-20260925-BL,SCN-BASELINE,FCST-026-001,2026-H26,OPP-0001,OPPL-0001,ACC-001,PRG-001,CFG-CPL-02,SOLUTION_DESIGN,0.35,PIPELINE,2025-04-11,4,26800,0,CLOSED_PERIOD
TEN-COOLIT-SYN-001,SITE-COOLIT-SYN-01,CRM,FORECAST_SNAPSHOT,FCST-026-002,OPP-0002,RESOLVED,2025-03-28T18:00:00-06:00,2026-09-26T08:00:00-06:00,2026-06-29T00:00:00-06:00,,1,,false,ACTIVE,,USD,VALID,CURRENT,coolit-synthetic-v2.0.0,CUST-002,PRG-002,CFG-RM-03,SYNTHETIC_INTERNAL,SNP-COOLIT-20260925-BL,SCN-BASELINE,FCST-026-002,2026-H26,OPP-0002,OPPL-0002,ACC-002,PRG-002,CFG-RM-03,SOLUTION_DESIGN,0.35,PIPELINE,2025-04-18,6,46800,0,CLOSED_PERIOD
TEN-COOLIT-SYN-001,SITE-COOLIT-SYN-01,CRM,FORECAST_SNAPSHOT,FCST-026-003,OPP-0003,RESOLVED,2025-03-28T18:00:00-06:00,2026-09-26T08:00:00-06:00,2026-06-29T00:00:00-06:00,,1,,false,ACTIVE,,USD,VALID,CURRENT,coolit-synthetic-v2.0.0,CUST-003,PRG-003,CFG-CDU-04,SYNTHETIC_INTERNAL,SNP-COOLIT-20260925-BL,SCN-BASELINE,FCST-026-003,2026-H26,OPP-0003,OPPL-0003,ACC-003,PRG-003,CFG-CDU-04,SOLUTION_DESIGN,0.35,PIPELINE,2025-04-25,8,864000,0,CLOSED_PERIOD
TEN-COOLIT-SYN-001,SITE-COOLIT-SYN-01,CRM,FORECAST_SNAPSHOT,FCST-026-004,OPP-0004,RESOLVED,2025-03-28T18:00:00-06:00,2026-09-26T08:00:00-06:00,2026-06-29T00:00:00-06:00,,1,,false,ACTIVE,,USD,VALID,CURRENT,coolit-synthetic-v2.0.0,CUST-004,PRG-004,CFG-RM-01,SYNTHETIC_INTERNAL,SNP-COOLIT-20260925-BL,SCN-BASELINE,FCST-026-004,2026-H26,OPP-0004,OPPL-0004,ACC-004,PRG-004,CFG-RM-01,SOLUTION_DESIGN,0.35,PIPELINE,2025-05-02,9,50400,0,CLOSED_PERIOD
TEN-COOLIT-SYN-001,SITE-COOLIT-SYN-01,CRM,FORECAST_SNAPSHOT,FCST-026-005,OPP-0005,RESOLVED,2025-03-28T18:00:00-06:00,2026-09-26T08:00:00-06:00,2026-06-29T00:00:00-06:00,,1,,false,ACTIVE,,USD,VALID,CURRENT,coolit-synthetic-v2.0.0,CUST-005,PRG-005,CFG-CDU-02,SYNTHETIC_INTERNAL,SNP-COOLIT-20260925-BL,SCN-BASELINE,FCST-026-005,2026-H26,OPP-0005,OPPL-0005,ACC-005,PRG-005,CFG-CDU-02,SOLUTION_DESIGN,0.35,PIPELINE,2025-05-09,11,990000,0,CLOSED_PERIOD
TEN-COOLIT-SYN-001,SITE-COOLIT-SYN-01,CRM,FORECAST_SNAPSHOT,FCST-026-006,OPP-0006,RESOLVED,2025-03-28T18:00:00-06:00,2026-09-26T08:00:00-06:00,2026-06-29T00:00:00-06:00,,1,,false,ACTIVE,,USD,VALID,CURRENT,coolit-synthetic-v2.0.0,CUST-006,PRG-006,CFG-CPL-03,SYNTHETIC_INTERNAL,SNP-COOLIT-20260925-BL,SCN-BASELINE,FCST-026-006,2026-H26,OPP-0006,OPPL-0006,ACC-006,PRG-006,CFG-CPL-03,SOLUTION_DESIGN,0.35,PIPELINE,2025-05-16,13,101400,0,CLOSED_PERIOD
TEN-COOLIT-SYN-001,SITE-COOLIT-SYN-01,CRM,FORECAST_SNAPSHOT,FCST-026-007,OPP-0007,RESOLVED,2025-03-28T18:00:00-06:00,2026-09-26T08:00:00-06:00,2026-06-29T00:00:00-06:00,,1,,false,ACTIVE,,USD,VALID,CURRENT,coolit-synthetic-v2.0.0,CUST-007,PRG-007,CFG-RM-04,SYNTHETIC_INTERNAL,SNP-COOLIT-20260925-BL,SCN-BASELINE,FCST-026-007,2026-H26,OPP-0007,OPPL-0007,ACC-007,PRG-007,CFG-RM-04,SOLUTION_DESIGN,0.35,PIPELINE,2025-05-23,16,142400,0,CLOSED_PERIOD
TEN-COOLIT-SYN-001,SITE-COOLIT-SYN-01,CRM,FORECAST_SNAPSHOT,FCST-026-008,OPP-0008,RESOLVED,2025-03-28T18:00:00-06:00,2026-09-26T08:00:00-06:00,2026-06-29T00:00:00-06:00,,1,,false,ACTIVE,,USD,VALID,CURRENT,coolit-synthetic-v2.0.0,CUST-008,PRG-008,CFG-CPL-01,SYNTHETIC_INTERNAL,SNP-COOLIT-20260925-BL,SCN-BASELINE,FCST-026-008,2026-H26,OPP-0008,OPPL-0008,ACC-008,PRG-008,CFG-CPL-01,SOLUTION_DESIGN,0.35,PIPELINE,2025-05-30,19,106400,0,CLOSED_PERIOD
TEN-COOLIT-SYN-001,SITE-COOLIT-SYN-01,CRM,FORECAST_SNAPSHOT,FCST-026-009,OPP-0009,RESOLVED,2025-03-28T18:00:00-06:00,2026-09-26T08:00:00-06:00,2026-06-29T00:00:00-06:00,,1,,false,ACTIVE,,USD,VALID,CURRENT,coolit-synthetic-v2.0.0,CUST-009,PRG-001,CFG-RM-02,SYNTHETIC_INTERNAL,SNP-COOLIT-20260925-BL,SCN-BASELINE,FCST-026-009,2026-H26,OPP-0009,OPPL-0009,ACC-009,PRG-001,CFG-RM-02,SOLUTION_DESIGN,0.35,PIPELINE,2025-06-06,21,140700,0,CLOSED_PERIOD
TEN-COOLIT-SYN-001,SITE-COOLIT-SYN-01,CRM,FORECAST_SNAPSHOT,FCST-026-010,OPP-0010,RESOLVED,2025-03-28T18:00:00-06:00,2026-09-26T08:00:00-06:00,2026-06-29T00:00:00-06:00,,1,,false,ACTIVE,,USD,VALID,CURRENT,coolit-synthetic-v2.0.0,CUST-010,PRG-002,CFG-CDU-03,SYNTHETIC_INTERNAL,SNP-COOLIT-20260925-BL,SCN-BASELINE,FCST-026-010,2026-H26,OPP-0010,OPPL-0010,ACC-010,PRG-002,CFG-CDU-03,SOLUTION_DESIGN,0.35,PIPELINE,2025-06-13,4,396000,0,CLOSED_PERIOD
TEN-COOLIT-SYN-001,SITE-COOLIT-SYN-01,CRM,FORECAST_SNAPSHOT,FCST-026-011,OPP-0011,RESOLVED,2025-03-28T18:00:00-06:00,2026-09-26T08:00:00-06:00,2026-06-29T00:00:00-06:00,,1,,false,ACTIVE,,USD,VALID,CURRENT,coolit-synthetic-v2.0.0,CUST-001,PRG-003,CFG-CPL-04,SYNTHETIC_INTERNAL,SNP-COOLIT-20260925-BL,SCN-BASELINE,FCST-026-011,2026-H26,OPP-0011,OPPL-0011,ACC-001,PRG-003,CFG-CPL-04,SOLUTION_DESIGN,0.35,PIPELINE,2025-06-20,5,44500,0,CLOSED_PERIOD
TEN-COOLIT-SYN-001,SITE-COOLIT-SYN-01,CRM,FORECAST_SNAPSHOT,FCST-026-012,OPP-0012,RESOLVED,2025-03-28T18:00:00-06:00,2026-09-26T08:00:00-06:00,2026-06-29T00:00:00-06:00,,1,,false,ACTIVE,,USD,VALID,CURRENT,coolit-synthetic-v2.0.0,CUST-002,PRG-004,CFG-CDU-01,SYNTHETIC_INTERNAL,SNP-COOLIT-20260925-BL,SCN-BASELINE,FCST-026-012,2026-H26,OPP-0012,OPPL-0012,ACC-002,PRG-004,CFG-CDU-01,SOLUTION_DESIGN,0.35,PIPELINE,2025-06-27,7,567000,0,CLOSED_PERIOD
TEN-COOLIT-SYN-001,SITE-COOLIT-SYN-01,CRM,FORECAST_SNAPSHOT,FCST-026-013,OPP-0013,RESOLVED,2025-03-28T18:00:00-06:00,2026-09-26T08:00:00-06:00,2026-06-29T00:00:00-06:00,,1,,false,ACTIVE,,USD,VALID,CURRENT,coolit-synthetic-v2.0.0,CUST-003,PRG-005,CFG-CPL-02,SYNTHETIC_INTERNAL,SNP-COOLIT-20260925-BL,SCN-BASELINE,FCST-026-013,2026-H26,OPP-0013,OPPL-0013,ACC-003,PRG-005,CFG-CPL-02,SOLUTION_DESIGN,0.35,PIPELINE,2025-04-11,9,60300,0,CLOSED_PERIOD
TEN-COOLIT-SYN-001,SITE-COOLIT-SYN-01,CRM,FORECAST_SNAPSHOT,FCST-026-014,OPP-0014,RESOLVED,2025-03-28T18:00:00-06:00,2026-09-26T08:00:00-06:00,2026-06-29T00:00:00-06:00,,1,,false,ACTIVE,,USD,VALID,CURRENT,coolit-synthetic-v2.0.0,CUST-004,PRG-006,CFG-RM-03,SYNTHETIC_INTERNAL,SNP-COOLIT-20260925-BL,SCN-BASELINE,FCST-026-014,2026-H26,OPP-0014,OPPL-0014,ACC-004,PRG-006,CFG-RM-03,SOLUTION_DESIGN,0.35,PIPELINE,2025-04-18,12,93600,0,CLOSED_PERIOD
TEN-COOLIT-SYN-001,SITE-COOLIT-SYN-01,CRM,FORECAST_SNAPSHOT,FCST-026-015,OPP-0015,RESOLVED,2025-03-28T18:00:00-06:00,2026-09-26T08:00:00-06:00,2026-06-29T00:00:00-06:00,,1,,false,ACTIVE,,USD,VALID,CURRENT,coolit-synthetic-v2.0.0,CUST-005,PRG-007,CFG-CDU-04,SYNTHETIC_INTERNAL,SNP-COOLIT-20260925-BL,SCN-BASELINE,FCST-026-015,2026-H26,OPP-0015,OPPL-0015,ACC-005,PRG-007,CFG-CDU-04,SOLUTION_DESIGN,0.35,PIPELINE,2025-04-25,14,1512000,0,CLOSED_PERIOD
TEN-COOLIT-SYN-001,SITE-COOLIT-SYN-01,CRM,FORECAST_SNAPSHOT,FCST-027-001,OPP-0001,RESOLVED,2025-04-04T18:00:00-06:00,2026-09-26T08:00:00-06:00,2026-06-29T00:00:00-06:00,,1,,false,ACTIVE,,USD,VALID,CURRENT,coolit-synthetic-v2.0.0,CUST-001,PRG-001,CFG-CPL-02,SYNTHETIC_INTERNAL,SNP-COOLIT-20260925-BL,SCN-BASELINE,FCST-027-001,2026-H27,OPP-0001,OPPL-0001,ACC-001,PRG-001,CFG-CPL-02,SOLUTION_DESIGN,0.35,PIPELINE,2025-04-15,4,26800,0,CLOSED_PERIOD
TEN-COOLIT-SYN-001,SITE-COOLIT-SYN-01,CRM,FORECAST_SNAPSHOT,FCST-027-002,OPP-0002,RESOLVED,2025-04-04T18:00:00-06:00,2026-09-26T08:00:00-06:00,2026-06-29T00:00:00-06:00,,1,,false,ACTIVE,,USD,VALID,CURRENT,coolit-synthetic-v2.0.0,CUST-002,PRG-002,CFG-RM-03,SYNTHETIC_INTERNAL,SNP-COOLIT-20260925-BL,SCN-BASELINE,FCST-027-002,2026-H27,OPP-0002,OPPL-0002,ACC-002,PRG-002,CFG-RM-03,SOLUTION_DESIGN,0.35,PIPELINE,2025-04-22,6,46800,0,CLOSED_PERIOD
TEN-COOLIT-SYN-001,SITE-COOLIT-SYN-01,CRM,FORECAST_SNAPSHOT,FCST-027-003,OPP-0003,RESOLVED,2025-04-04T18:00:00-06:00,2026-09-26T08:00:00-06:00,2026-06-29T00:00:00-06:00,,1,,false,ACTIVE,,USD,VALID,CURRENT,coolit-synthetic-v2.0.0,CUST-003,PRG-003,CFG-CDU-04,SYNTHETIC_INTERNAL,SNP-COOLIT-20260925-BL,SCN-BASELINE,FCST-027-003,2026-H27,OPP-0003,OPPL-0003,ACC-003,PRG-003,CFG-CDU-04,SOLUTION_DESIGN,0.35,PIPELINE,2025-04-29,7,756000,0,CLOSED_PERIOD
TEN-COOLIT-SYN-001,SITE-COOLIT-SYN-01,CRM,FORECAST_SNAPSHOT,FCST-027-004,OPP-0004,RESOLVED,2025-04-04T18:00:00-06:00,2026-09-26T08:00:00-06:00,2026-06-29T00:00:00-06:00,,1,,false,ACTIVE,,USD,VALID,CURRENT,coolit-synthetic-v2.0.0,CUST-004,PRG-004,CFG-RM-01,SYNTHETIC_INTERNAL,SNP-COOLIT-20260925-BL,SCN-BASELINE,FCST-027-004,2026-H27,OPP-0004,OPPL-0004,ACC-004,PRG-004,CFG-RM-01,SOLUTION_DESIGN,0.35,PIPELINE,2025-05-06,9,50400,0,CLOSED_PERIOD
TEN-COOLIT-SYN-001,SITE-COOLIT-SYN-01,CRM,FORECAST_SNAPSHOT,FCST-027-005,OPP-0005,RESOLVED,2025-04-04T18:00:00-06:00,2026-09-26T08:00:00-06:00,2026-06-29T00:00:00-06:00,,1,,false,ACTIVE,,USD,VALID,CURRENT,coolit-synthetic-v2.0.0,CUST-005,PRG-005,CFG-CDU-02,SYNTHETIC_INTERNAL,SNP-COOLIT-20260925-BL,SCN-BASELINE,FCST-027-005,2026-H27,OPP-0005,OPPL-0005,ACC-005,PRG-005,CFG-CDU-02,SOLUTION_DESIGN,0.35,PIPELINE,2025-05-13,11,990000,0,CLOSED_PERIOD
TEN-COOLIT-SYN-001,SITE-COOLIT-SYN-01,CRM,FORECAST_SNAPSHOT,FCST-027-006,OPP-0006,RESOLVED,2025-04-04T18:00:00-06:00,2026-09-26T08:00:00-06:00,2026-06-29T00:00:00-06:00,,1,,false,ACTIVE,,USD,VALID,CURRENT,coolit-synthetic-v2.0.0,CUST-006,PRG-006,CFG-CPL-03,SYNTHETIC_INTERNAL,SNP-COOLIT-20260925-BL,SCN-BASELINE,FCST-027-006,2026-H27,OPP-0006,OPPL-0006,ACC-006,PRG-006,CFG-CPL-03,SOLUTION_DESIGN,0.35,PIPELINE,2025-05-20,14,109200,0,CLOSED_PERIOD
TEN-COOLIT-SYN-001,SITE-COOLIT-SYN-01,CRM,FORECAST_SNAPSHOT,FCST-027-007,OPP-0007,RESOLVED,2025-04-04T18:00:00-06:00,2026-09-26T08:00:00-06:00,2026-06-29T00:00:00-06:00,,1,,false,ACTIVE,,USD,VALID,CURRENT,coolit-synthetic-v2.0.0,CUST-007,PRG-007,CFG-RM-04,SYNTHETIC_INTERNAL,SNP-COOLIT-20260925-BL,SCN-BASELINE,FCST-027-007,2026-H27,OPP-0007,OPPL-0007,ACC-007,PRG-007,CFG-RM-04,SOLUTION_DESIGN,0.35,PIPELINE,2025-05-27,16,142400,0,CLOSED_PERIOD
TEN-COOLIT-SYN-001,SITE-COOLIT-SYN-01,CRM,FORECAST_SNAPSHOT,FCST-027-008,OPP-0008,RESOLVED,2025-04-04T18:00:00-06:00,2026-09-26T08:00:00-06:00,2026-06-29T00:00:00-06:00,,1,,false,ACTIVE,,USD,VALID,CURRENT,coolit-synthetic-v2.0.0,CUST-008,PRG-008,CFG-CPL-01,SYNTHETIC_INTERNAL,SNP-COOLIT-20260925-BL,SCN-BASELINE,FCST-027-008,2026-H27,OPP-0008,OPPL-0008,ACC-008,PRG-008,CFG-CPL-01,SOLUTION_DESIGN,0.35,PIPELINE,2025-06-03,19,106400,0,CLOSED_PERIOD
TEN-COOLIT-SYN-001,SITE-COOLIT-SYN-01,CRM,FORECAST_SNAPSHOT,FCST-027-009,OPP-0009,RESOLVED,2025-04-04T18:00:00-06:00,2026-09-26T08:00:00-06:00,2026-06-29T00:00:00-06:00,,1,,false,ACTIVE,,USD,VALID,CURRENT,coolit-synthetic-v2.0.0,CUST-009,PRG-001,CFG-RM-02,SYNTHETIC_INTERNAL,SNP-COOLIT-20260925-BL,SCN-BASELINE,FCST-027-009,2026-H27,OPP-0009,OPPL-0009,ACC-009,PRG-001,CFG-RM-02,SOLUTION_DESIGN,0.35,PIPELINE,2025-06-10,22,147400,0,CLOSED_PERIOD
TEN-COOLIT-SYN-001,SITE-COOLIT-SYN-01,CRM,FORECAST_SNAPSHOT,FCST-027-010,OPP-0010,RESOLVED,2025-04-04T18:00:00-06:00,2026-09-26T08:00:00-06:00,2026-06-29T00:00:00-06:00,,1,,false,ACTIVE,,USD,VALID,CURRENT,coolit-synthetic-v2.0.0,CUST-010,PRG-002,CFG-CDU-03,SYNTHETIC_INTERNAL,SNP-COOLIT-20260925-BL,SCN-BASELINE,FCST-027-010,2026-H27,OPP-0010,OPPL-0010,ACC-010,PRG-002,CFG-CDU-03,SOLUTION_DESIGN,0.35,PIPELINE,2025-06-17,3,297000,0,CLOSED_PERIOD
TEN-COOLIT-SYN-001,SITE-COOLIT-SYN-01,CRM,FORECAST_SNAPSHOT,FCST-027-011,OPP-0011,RESOLVED,2025-04-04T18:00:00-06:00,2026-09-26T08:00:00-06:00,2026-06-29T00:00:00-06:00,,1,,false,ACTIVE,,USD,VALID,CURRENT,coolit-synthetic-v2.0.0,CUST-001,PRG-003,CFG-CPL-04,SYNTHETIC_INTERNAL,SNP-COOLIT-20260925-BL,SCN-BASELINE,FCST-027-011,2026-H27,OPP-0011,OPPL-0011,ACC-001,PRG-003,CFG-CPL-04,SOLUTION_DESIGN,0.35,PIPELINE,2025-06-24,5,44500,0,CLOSED_PERIOD
TEN-COOLIT-SYN-001,SITE-COOLIT-SYN-01,CRM,FORECAST_SNAPSHOT,FCST-027-012,OPP-0012,RESOLVED,2025-04-04T18:00:00-06:00,2026-09-26T08:00:00-06:00,2026-06-29T00:00:00-06:00,,1,,false,ACTIVE,,USD,VALID,CURRENT,coolit-synthetic-v2.0.0,CUST-002,PRG-004,CFG-CDU-01,SYNTHETIC_INTERNAL,SNP-COOLIT-20260925-BL,SCN-BASELINE,FCST-027-012,2026-H27,OPP-0012,OPPL-0012,ACC-002,PRG-004,CFG-CDU-01,SOLUTION_DESIGN,0.35,PIPELINE,2025-07-01,7,567000,0,CLOSED_PERIOD
TEN-COOLIT-SYN-001,SITE-COOLIT-SYN-01,CRM,FORECAST_SNAPSHOT,FCST-027-013,OPP-0013,RESOLVED,2025-04-04T18:00:00-06:00,2026-09-26T08:00:00-06:00,2026-06-29T00:00:00-06:00,,1,,false,ACTIVE,,USD,VALID,CURRENT,coolit-synthetic-v2.0.0,CUST-003,PRG-005,CFG-CPL-02,SYNTHETIC_INTERNAL,SNP-COOLIT-20260925-BL,SCN-BASELINE,FCST-027-013,2026-H27,OPP-0013,OPPL-0013,ACC-003,PRG-005,CFG-CPL-02,SOLUTION_DESIGN,0.35,PIPELINE,2025-04-15,10,67000,0,CLOSED_PERIOD
TEN-COOLIT-SYN-001,SITE-COOLIT-SYN-01,CRM,FORECAST_SNAPSHOT,FCST-027-014,OPP-0014,RESOLVED,2025-04-04T18:00:00-06:00,2026-09-26T08:00:00-06:00,2026-06-29T00:00:00-06:00,,1,,false,ACTIVE,,USD,VALID,CURRENT,coolit-synthetic-v2.0.0,CUST-004,PRG-006,CFG-RM-03,SYNTHETIC_INTERNAL,SNP-COOLIT-20260925-BL,SCN-BASELINE,FCST-027-014,2026-H27,OPP-0014,OPPL-0014,ACC-004,PRG-006,CFG-RM-03,SOLUTION_DESIGN,0.35,PIPELINE,2025-04-22,12,93600,0,CLOSED_PERIOD
TEN-COOLIT-SYN-001,SITE-COOLIT-SYN-01,CRM,FORECAST_SNAPSHOT,FCST-027-015,OPP-0015,RESOLVED,2025-04-04T18:00:00-06:00,2026-09-26T08:00:00-06:00,2026-06-29T00:00:00-06:00,,1,,false,ACTIVE,,USD,VALID,CURRENT,coolit-synthetic-v2.0.0,CUST-005,PRG-007,CFG-CDU-04,SYNTHETIC_INTERNAL,SNP-COOLIT-20260925-BL,SCN-BASELINE,FCST-027-015,2026-H27,OPP-0015,OPPL-0015,ACC-005,PRG-007,CFG-CDU-04,SOLUTION_DESIGN,0.35,PIPELINE,2025-04-29,15,1620000,0,CLOSED_PERIOD
TEN-COOLIT-SYN-001,SITE-COOLIT-SYN-01,CRM,FORECAST_SNAPSHOT,FCST-028-001,OPP-0001,RESOLVED,2025-04-11T18:00:00-06:00,2026-09-26T08:00:00-06:00,2026-06-29T00:00:00-06:00,,1,,false,ACTIVE,,USD,VALID,CURRENT,coolit-synthetic-v2.0.0,CUST-001,PRG-001,CFG-CPL-02,SYNTHETIC_INTERNAL,SNP-COOLIT-20260925-BL,SCN-BASELINE,FCST-028-001,2026-H28,OPP-0001,OPPL-0001,ACC-001,PRG-001,CFG-CPL-02,SOLUTION_DESIGN,0.35,PIPELINE,2025-05-16,4,26800,0,CLOSED_PERIOD
TEN-COOLIT-SYN-001,SITE-COOLIT-SYN-01,CRM,FORECAST_SNAPSHOT,FCST-028-002,OPP-0002,RESOLVED,2025-04-11T18:00:00-06:00,2026-09-26T08:00:00-06:00,2026-06-29T00:00:00-06:00,,1,,false,ACTIVE,,USD,VALID,CURRENT,coolit-synthetic-v2.0.0,CUST-002,PRG-002,CFG-RM-03,SYNTHETIC_INTERNAL,SNP-COOLIT-20260925-BL,SCN-BASELINE,FCST-028-002,2026-H28,OPP-0002,OPPL-0002,ACC-002,PRG-002,CFG-RM-03,SOLUTION_DESIGN,0.35,PIPELINE,2025-05-23,5,39000,0,CLOSED_PERIOD
TEN-COOLIT-SYN-001,SITE-COOLIT-SYN-01,CRM,FORECAST_SNAPSHOT,FCST-028-003,OPP-0003,RESOLVED,2025-04-11T18:00:00-06:00,2026-09-26T08:00:00-06:00,2026-06-29T00:00:00-06:00,,1,,false,ACTIVE,,USD,VALID,CURRENT,coolit-synthetic-v2.0.0,CUST-003,PRG-003,CFG-CDU-04,SYNTHETIC_INTERNAL,SNP-COOLIT-20260925-BL,SCN-BASELINE,FCST-028-003,2026-H28,OPP-0003,OPPL-0003,ACC-003,PRG-003,CFG-CDU-04,SOLUTION_DESIGN,0.35,PIPELINE,2025-05-30,7,756000,0,CLOSED_PERIOD
TEN-COOLIT-SYN-001,SITE-COOLIT-SYN-01,CRM,FORECAST_SNAPSHOT,FCST-028-004,OPP-0004,RESOLVED,2025-04-11T18:00:00-06:00,2026-09-26T08:00:00-06:00,2026-06-29T00:00:00-06:00,,1,,false,ACTIVE,,USD,VALID,CURRENT,coolit-synthetic-v2.0.0,CUST-004,PRG-004,CFG-RM-01,SYNTHETIC_INTERNAL,SNP-COOLIT-20260925-BL,SCN-BASELINE,FCST-028-004,2026-H28,OPP-0004,OPPL-0004,ACC-004,PRG-004,CFG-RM-01,SOLUTION_DESIGN,0.35,PIPELINE,2025-06-06,9,50400,0,CLOSED_PERIOD
TEN-COOLIT-SYN-001,SITE-COOLIT-SYN-01,CRM,FORECAST_SNAPSHOT,FCST-028-005,OPP-0005,RESOLVED,2025-04-11T18:00:00-06:00,2026-09-26T08:00:00-06:00,2026-06-29T00:00:00-06:00,,1,,false,ACTIVE,,USD,VALID,CURRENT,coolit-synthetic-v2.0.0,CUST-005,PRG-005,CFG-CDU-02,SYNTHETIC_INTERNAL,SNP-COOLIT-20260925-BL,SCN-BASELINE,FCST-028-005,2026-H28,OPP-0005,OPPL-0005,ACC-005,PRG-005,CFG-CDU-02,SOLUTION_DESIGN,0.35,PIPELINE,2025-06-13,12,1080000,0,CLOSED_PERIOD
TEN-COOLIT-SYN-001,SITE-COOLIT-SYN-01,CRM,FORECAST_SNAPSHOT,FCST-028-006,OPP-0006,RESOLVED,2025-04-11T18:00:00-06:00,2026-09-26T08:00:00-06:00,2026-06-29T00:00:00-06:00,,1,,false,ACTIVE,,USD,VALID,CURRENT,coolit-synthetic-v2.0.0,CUST-006,PRG-006,CFG-CPL-03,SYNTHETIC_INTERNAL,SNP-COOLIT-20260925-BL,SCN-BASELINE,FCST-028-006,2026-H28,OPP-0006,OPPL-0006,ACC-006,PRG-006,CFG-CPL-03,SOLUTION_DESIGN,0.35,PIPELINE,2025-06-20,14,109200,0,CLOSED_PERIOD
TEN-COOLIT-SYN-001,SITE-COOLIT-SYN-01,CRM,FORECAST_SNAPSHOT,FCST-028-007,OPP-0007,RESOLVED,2025-04-11T18:00:00-06:00,2026-09-26T08:00:00-06:00,2026-06-29T00:00:00-06:00,,1,,false,ACTIVE,,USD,VALID,CURRENT,coolit-synthetic-v2.0.0,CUST-007,PRG-007,CFG-RM-04,SYNTHETIC_INTERNAL,SNP-COOLIT-20260925-BL,SCN-BASELINE,FCST-028-007,2026-H28,OPP-0007,OPPL-0007,ACC-007,PRG-007,CFG-RM-04,SOLUTION_DESIGN,0.35,PIPELINE,2025-06-27,17,151300,0,CLOSED_PERIOD
TEN-COOLIT-SYN-001,SITE-COOLIT-SYN-01,CRM,FORECAST_SNAPSHOT,FCST-028-008,OPP-0008,RESOLVED,2025-04-11T18:00:00-06:00,2026-09-26T08:00:00-06:00,2026-06-29T00:00:00-06:00,,1,,false,ACTIVE,,USD,VALID,CURRENT,coolit-synthetic-v2.0.0,CUST-008,PRG-008,CFG-CPL-01,SYNTHETIC_INTERNAL,SNP-COOLIT-20260925-BL,SCN-BASELINE,FCST-028-008,2026-H28,OPP-0008,OPPL-0008,ACC-008,PRG-008,CFG-CPL-01,SOLUTION_DESIGN,0.35,PIPELINE,2025-07-04,20,112000,0,CLOSED_PERIOD
TEN-COOLIT-SYN-001,SITE-COOLIT-SYN-01,CRM,FORECAST_SNAPSHOT,FCST-028-009,OPP-0009,RESOLVED,2025-04-11T18:00:00-06:00,2026-09-26T08:00:00-06:00,2026-06-29T00:00:00-06:00,,1,,false,ACTIVE,,USD,VALID,CURRENT,coolit-synthetic-v2.0.0,CUST-009,PRG-001,CFG-RM-02,SYNTHETIC_INTERNAL,SNP-COOLIT-20260925-BL,SCN-BASELINE,FCST-028-009,2026-H28,OPP-0009,OPPL-0009,ACC-009,PRG-001,CFG-RM-02,SOLUTION_DESIGN,0.35,PIPELINE,2025-07-11,18,120600,0,CLOSED_PERIOD
TEN-COOLIT-SYN-001,SITE-COOLIT-SYN-01,CRM,FORECAST_SNAPSHOT,FCST-028-010,OPP-0010,RESOLVED,2025-04-11T18:00:00-06:00,2026-09-26T08:00:00-06:00,2026-06-29T00:00:00-06:00,,1,,false,ACTIVE,,USD,VALID,CURRENT,coolit-synthetic-v2.0.0,CUST-010,PRG-002,CFG-CDU-03,SYNTHETIC_INTERNAL,SNP-COOLIT-20260925-BL,SCN-BASELINE,FCST-028-010,2026-H28,OPP-0010,OPPL-0010,ACC-010,PRG-002,CFG-CDU-03,SOLUTION_DESIGN,0.35,PIPELINE,2025-07-18,3,297000,0,CLOSED_PERIOD
TEN-COOLIT-SYN-001,SITE-COOLIT-SYN-01,CRM,FORECAST_SNAPSHOT,FCST-028-011,OPP-0011,RESOLVED,2025-04-11T18:00:00-06:00,2026-09-26T08:00:00-06:00,2026-06-29T00:00:00-06:00,,1,,false,ACTIVE,,USD,VALID,CURRENT,coolit-synthetic-v2.0.0,CUST-001,PRG-003,CFG-CPL-04,SYNTHETIC_INTERNAL,SNP-COOLIT-20260925-BL,SCN-BASELINE,FCST-028-011,2026-H28,OPP-0011,OPPL-0011,ACC-001,PRG-003,CFG-CPL-04,SOLUTION_DESIGN,0.35,PIPELINE,2025-07-25,5,44500,0,CLOSED_PERIOD
TEN-COOLIT-SYN-001,SITE-COOLIT-SYN-01,CRM,FORECAST_SNAPSHOT,FCST-028-012,OPP-0012,RESOLVED,2025-04-11T18:00:00-06:00,2026-09-26T08:00:00-06:00,2026-06-29T00:00:00-06:00,,1,,false,ACTIVE,,USD,VALID,CURRENT,coolit-synthetic-v2.0.0,CUST-002,PRG-004,CFG-CDU-01,SYNTHETIC_INTERNAL,SNP-COOLIT-20260925-BL,SCN-BASELINE,FCST-028-012,2026-H28,OPP-0012,OPPL-0012,ACC-002,PRG-004,CFG-CDU-01,SOLUTION_DESIGN,0.35,PIPELINE,2025-08-01,8,648000,0,CLOSED_PERIOD
TEN-COOLIT-SYN-001,SITE-COOLIT-SYN-01,CRM,FORECAST_SNAPSHOT,FCST-028-013,OPP-0013,RESOLVED,2025-04-11T18:00:00-06:00,2026-09-26T08:00:00-06:00,2026-06-29T00:00:00-06:00,,1,,false,ACTIVE,,USD,VALID,CURRENT,coolit-synthetic-v2.0.0,CUST-003,PRG-005,CFG-CPL-02,SYNTHETIC_INTERNAL,SNP-COOLIT-20260925-BL,SCN-BASELINE,FCST-028-013,2026-H28,OPP-0013,OPPL-0013,ACC-003,PRG-005,CFG-CPL-02,SOLUTION_DESIGN,0.35,PIPELINE,2025-05-16,10,67000,0,CLOSED_PERIOD
TEN-COOLIT-SYN-001,SITE-COOLIT-SYN-01,CRM,FORECAST_SNAPSHOT,FCST-028-014,OPP-0014,RESOLVED,2025-04-11T18:00:00-06:00,2026-09-26T08:00:00-06:00,2026-06-29T00:00:00-06:00,,1,,false,ACTIVE,,USD,VALID,CURRENT,coolit-synthetic-v2.0.0,CUST-004,PRG-006,CFG-RM-03,SYNTHETIC_INTERNAL,SNP-COOLIT-20260925-BL,SCN-BASELINE,FCST-028-014,2026-H28,OPP-0014,OPPL-0014,ACC-004,PRG-006,CFG-RM-03,SOLUTION_DESIGN,0.35,PIPELINE,2025-05-23,12,93600,0,CLOSED_PERIOD
TEN-COOLIT-SYN-001,SITE-COOLIT-SYN-01,CRM,FORECAST_SNAPSHOT,FCST-028-015,OPP-0015,RESOLVED,2025-04-11T18:00:00-06:00,2026-09-26T08:00:00-06:00,2026-06-29T00:00:00-06:00,,1,,false,ACTIVE,,USD,VALID,CURRENT,coolit-synthetic-v2.0.0,CUST-005,PRG-007,CFG-CDU-04,SYNTHETIC_INTERNAL,SNP-COOLIT-20260925-BL,SCN-BASELINE,FCST-028-015,2026-H28,OPP-0015,OPPL-0015,ACC-005,PRG-007,CFG-CDU-04,SOLUTION_DESIGN,0.35,PIPELINE,2025-05-30,15,1620000,0,CLOSED_PERIOD
TEN-COOLIT-SYN-001,SITE-COOLIT-SYN-01,CRM,FORECAST_SNAPSHOT,FCST-029-001,OPP-0001,RESOLVED,2025-04-18T18:00:00-06:00,2026-09-26T08:00:00-06:00,2026-06-29T00:00:00-06:00,,1,,false,ACTIVE,,USD,VALID,CURRENT,coolit-synthetic-v2.0.0,CUST-001,PRG-001,CFG-CPL-02,SYNTHETIC_INTERNAL,SNP-COOLIT-20260925-BL,SCN-BASELINE,FCST-029-001,2026-H29,OPP-0001,OPPL-0001,ACC-001,PRG-001,CFG-CPL-02,SOLUTION_DESIGN,0.35,PIPELINE,2025-05-20,3,20100,0,CLOSED_PERIOD
TEN-COOLIT-SYN-001,SITE-COOLIT-SYN-01,CRM,FORECAST_SNAPSHOT,FCST-029-002,OPP-0002,RESOLVED,2025-04-18T18:00:00-06:00,2026-09-26T08:00:00-06:00,2026-06-29T00:00:00-06:00,,1,,false,ACTIVE,,USD,VALID,CURRENT,coolit-synthetic-v2.0.0,CUST-002,PRG-002,CFG-RM-03,SYNTHETIC_INTERNAL,SNP-COOLIT-20260925-BL,SCN-BASELINE,FCST-029-002,2026-H29,OPP-0002,OPPL-0002,ACC-002,PRG-002,CFG-RM-03,SOLUTION_DESIGN,0.35,PIPELINE,2025-05-27,5,39000,0,CLOSED_PERIOD
TEN-COOLIT-SYN-001,SITE-COOLIT-SYN-01,CRM,FORECAST_SNAPSHOT,FCST-029-003,OPP-0003,RESOLVED,2025-04-18T18:00:00-06:00,2026-09-26T08:00:00-06:00,2026-06-29T00:00:00-06:00,,1,,false,ACTIVE,,USD,VALID,CURRENT,coolit-synthetic-v2.0.0,CUST-003,PRG-003,CFG-CDU-04,SYNTHETIC_INTERNAL,SNP-COOLIT-20260925-BL,SCN-BASELINE,FCST-029-003,2026-H29,OPP-0003,OPPL-0003,ACC-003,PRG-003,CFG-CDU-04,SOLUTION_DESIGN,0.35,PIPELINE,2025-06-03,7,756000,0,CLOSED_PERIOD
TEN-COOLIT-SYN-001,SITE-COOLIT-SYN-01,CRM,FORECAST_SNAPSHOT,FCST-029-004,OPP-0004,RESOLVED,2025-04-18T18:00:00-06:00,2026-09-26T08:00:00-06:00,2026-06-29T00:00:00-06:00,,1,,false,ACTIVE,,USD,VALID,CURRENT,coolit-synthetic-v2.0.0,CUST-004,PRG-004,CFG-RM-01,SYNTHETIC_INTERNAL,SNP-COOLIT-20260925-BL,SCN-BASELINE,FCST-029-004,2026-H29,OPP-0004,OPPL-0004,ACC-004,PRG-004,CFG-RM-01,SOLUTION_DESIGN,0.35,PIPELINE,2025-06-10,10,56000,0,CLOSED_PERIOD
TEN-COOLIT-SYN-001,SITE-COOLIT-SYN-01,CRM,FORECAST_SNAPSHOT,FCST-029-005,OPP-0005,RESOLVED,2025-04-18T18:00:00-06:00,2026-09-26T08:00:00-06:00,2026-06-29T00:00:00-06:00,,1,,false,ACTIVE,,USD,VALID,CURRENT,coolit-synthetic-v2.0.0,CUST-005,PRG-005,CFG-CDU-02,SYNTHETIC_INTERNAL,SNP-COOLIT-20260925-BL,SCN-BASELINE,FCST-029-005,2026-H29,OPP-0005,OPPL-0005,ACC-005,PRG-005,CFG-CDU-02,SOLUTION_DESIGN,0.35,PIPELINE,2025-06-17,12,1080000,0,CLOSED_PERIOD
TEN-COOLIT-SYN-001,SITE-COOLIT-SYN-01,CRM,FORECAST_SNAPSHOT,FCST-029-006,OPP-0006,RESOLVED,2025-04-18T18:00:00-06:00,2026-09-26T08:00:00-06:00,2026-06-29T00:00:00-06:00,,1,,false,ACTIVE,,USD,VALID,CURRENT,coolit-synthetic-v2.0.0,CUST-006,PRG-006,CFG-CPL-03,SYNTHETIC_INTERNAL,SNP-COOLIT-20260925-BL,SCN-BASELINE,FCST-029-006,2026-H29,OPP-0006,OPPL-0006,ACC-006,PRG-006,CFG-CPL-03,SOLUTION_DESIGN,0.35,PIPELINE,2025-06-24,15,117000,0,CLOSED_PERIOD
TEN-COOLIT-SYN-001,SITE-COOLIT-SYN-01,CRM,FORECAST_SNAPSHOT,FCST-029-007,OPP-0007,RESOLVED,2025-04-18T18:00:00-06:00,2026-09-26T08:00:00-06:00,2026-06-29T00:00:00-06:00,,1,,false,ACTIVE,,USD,VALID,CURRENT,coolit-synthetic-v2.0.0,CUST-007,PRG-007,CFG-RM-04,SYNTHETIC_INTERNAL,SNP-COOLIT-20260925-BL,SCN-BASELINE,FCST-029-007,2026-H29,OPP-0007,OPPL-0007,ACC-007,PRG-007,CFG-RM-04,SOLUTION_DESIGN,0.35,PIPELINE,2025-07-01,17,151300,0,CLOSED_PERIOD
TEN-COOLIT-SYN-001,SITE-COOLIT-SYN-01,CRM,FORECAST_SNAPSHOT,FCST-029-008,OPP-0008,RESOLVED,2025-04-18T18:00:00-06:00,2026-09-26T08:00:00-06:00,2026-06-29T00:00:00-06:00,,1,,false,ACTIVE,,USD,VALID,CURRENT,coolit-synthetic-v2.0.0,CUST-008,PRG-008,CFG-CPL-01,SYNTHETIC_INTERNAL,SNP-COOLIT-20260925-BL,SCN-BASELINE,FCST-029-008,2026-H29,OPP-0008,OPPL-0008,ACC-008,PRG-008,CFG-CPL-01,SOLUTION_DESIGN,0.35,PIPELINE,2025-07-08,16,89600,0,CLOSED_PERIOD
TEN-COOLIT-SYN-001,SITE-COOLIT-SYN-01,CRM,FORECAST_SNAPSHOT,FCST-029-009,OPP-0009,RESOLVED,2025-04-18T18:00:00-06:00,2026-09-26T08:00:00-06:00,2026-06-29T00:00:00-06:00,,1,,false,ACTIVE,,USD,VALID,CURRENT,coolit-synthetic-v2.0.0,CUST-009,PRG-001,CFG-RM-02,SYNTHETIC_INTERNAL,SNP-COOLIT-20260925-BL,SCN-BASELINE,FCST-029-009,2026-H29,OPP-0009,OPPL-0009,ACC-009,PRG-001,CFG-RM-02,SOLUTION_DESIGN,0.35,PIPELINE,2025-07-15,19,127300,0,CLOSED_PERIOD
TEN-COOLIT-SYN-001,SITE-COOLIT-SYN-01,CRM,FORECAST_SNAPSHOT,FCST-029-010,OPP-0010,RESOLVED,2025-04-18T18:00:00-06:00,2026-09-26T08:00:00-06:00,2026-06-29T00:00:00-06:00,,1,,false,ACTIVE,,USD,VALID,CURRENT,coolit-synthetic-v2.0.0,CUST-010,PRG-002,CFG-CDU-03,SYNTHETIC_INTERNAL,SNP-COOLIT-20260925-BL,SCN-BASELINE,FCST-029-010,2026-H29,OPP-0010,OPPL-0010,ACC-010,PRG-002,CFG-CDU-03,SOLUTION_DESIGN,0.35,PIPELINE,2025-07-22,3,297000,0,CLOSED_PERIOD
TEN-COOLIT-SYN-001,SITE-COOLIT-SYN-01,CRM,FORECAST_SNAPSHOT,FCST-029-011,OPP-0011,RESOLVED,2025-04-18T18:00:00-06:00,2026-09-26T08:00:00-06:00,2026-06-29T00:00:00-06:00,,1,,false,ACTIVE,,USD,VALID,CURRENT,coolit-synthetic-v2.0.0,CUST-001,PRG-003,CFG-CPL-04,SYNTHETIC_INTERNAL,SNP-COOLIT-20260925-BL,SCN-BASELINE,FCST-029-011,2026-H29,OPP-0011,OPPL-0011,ACC-001,PRG-003,CFG-CPL-04,SOLUTION_DESIGN,0.35,PIPELINE,2025-07-29,6,53400,0,CLOSED_PERIOD
TEN-COOLIT-SYN-001,SITE-COOLIT-SYN-01,CRM,FORECAST_SNAPSHOT,FCST-029-012,OPP-0012,RESOLVED,2025-04-18T18:00:00-06:00,2026-09-26T08:00:00-06:00,2026-06-29T00:00:00-06:00,,1,,false,ACTIVE,,USD,VALID,CURRENT,coolit-synthetic-v2.0.0,CUST-002,PRG-004,CFG-CDU-01,SYNTHETIC_INTERNAL,SNP-COOLIT-20260925-BL,SCN-BASELINE,FCST-029-012,2026-H29,OPP-0012,OPPL-0012,ACC-002,PRG-004,CFG-CDU-01,SOLUTION_DESIGN,0.35,PIPELINE,2025-08-05,8,648000,0,CLOSED_PERIOD
TEN-COOLIT-SYN-001,SITE-COOLIT-SYN-01,CRM,FORECAST_SNAPSHOT,FCST-029-013,OPP-0013,RESOLVED,2025-04-18T18:00:00-06:00,2026-09-26T08:00:00-06:00,2026-06-29T00:00:00-06:00,,1,,false,ACTIVE,,USD,VALID,CURRENT,coolit-synthetic-v2.0.0,CUST-003,PRG-005,CFG-CPL-02,SYNTHETIC_INTERNAL,SNP-COOLIT-20260925-BL,SCN-BASELINE,FCST-029-013,2026-H29,OPP-0013,OPPL-0013,ACC-003,PRG-005,CFG-CPL-02,SOLUTION_DESIGN,0.35,PIPELINE,2025-05-20,10,67000,0,CLOSED_PERIOD
TEN-COOLIT-SYN-001,SITE-COOLIT-SYN-01,CRM,FORECAST_SNAPSHOT,FCST-029-014,OPP-0014,RESOLVED,2025-04-18T18:00:00-06:00,2026-09-26T08:00:00-06:00,2026-06-29T00:00:00-06:00,,1,,false,ACTIVE,,USD,VALID,CURRENT,coolit-synthetic-v2.0.0,CUST-004,PRG-006,CFG-RM-03,SYNTHETIC_INTERNAL,SNP-COOLIT-20260925-BL,SCN-BASELINE,FCST-029-014,2026-H29,OPP-0014,OPPL-0014,ACC-004,PRG-006,CFG-RM-03,SOLUTION_DESIGN,0.35,PIPELINE,2025-05-27,13,101400,0,CLOSED_PERIOD
TEN-COOLIT-SYN-001,SITE-COOLIT-SYN-01,CRM,FORECAST_SNAPSHOT,FCST-029-015,OPP-0015,RESOLVED,2025-04-18T18:00:00-06:00,2026-09-26T08:00:00-06:00,2026-06-29T00:00:00-06:00,,1,,false,ACTIVE,,USD,VALID,CURRENT,coolit-synthetic-v2.0.0,CUST-005,PRG-007,CFG-CDU-04,SYNTHETIC_INTERNAL,SNP-COOLIT-20260925-BL,SCN-BASELINE,FCST-029-015,2026-H29,OPP-0015,OPPL-0015,ACC-005,PRG-007,CFG-CDU-04,SOLUTION_DESIGN,0.35,PIPELINE,2025-06-03,13,1404000,0,CLOSED_PERIOD
TEN-COOLIT-SYN-001,SITE-COOLIT-SYN-01,CRM,FORECAST_SNAPSHOT,FCST-030-001,OPP-0001,RESOLVED,2025-04-25T18:00:00-06:00,2026-09-26T08:00:00-06:00,2026-06-29T00:00:00-06:00,,1,,false,ACTIVE,,USD,VALID,CURRENT,coolit-synthetic-v2.0.0,CUST-001,PRG-001,CFG-CPL-02,SYNTHETIC_INTERNAL,SNP-COOLIT-20260925-BL,SCN-BASELINE,FCST-030-001,2026-H30,OPP-0001,OPPL-0001,ACC-001,PRG-001,CFG-CPL-02,SOLUTION_DESIGN,0.35,PIPELINE,2025-05-24,3,20100,0,CLOSED_PERIOD
TEN-COOLIT-SYN-001,SITE-COOLIT-SYN-01,CRM,FORECAST_SNAPSHOT,FCST-030-002,OPP-0002,RESOLVED,2025-04-25T18:00:00-06:00,2026-09-26T08:00:00-06:00,2026-06-29T00:00:00-06:00,,1,,false,ACTIVE,,USD,VALID,CURRENT,coolit-synthetic-v2.0.0,CUST-002,PRG-002,CFG-RM-03,SYNTHETIC_INTERNAL,SNP-COOLIT-20260925-BL,SCN-BASELINE,FCST-030-002,2026-H30,OPP-0002,OPPL-0002,ACC-002,PRG-002,CFG-RM-03,SOLUTION_DESIGN,0.35,PIPELINE,2025-05-31,5,39000,0,CLOSED_PERIOD
TEN-COOLIT-SYN-001,SITE-COOLIT-SYN-01,CRM,FORECAST_SNAPSHOT,FCST-030-003,OPP-0003,RESOLVED,2025-04-25T18:00:00-06:00,2026-09-26T08:00:00-06:00,2026-06-29T00:00:00-06:00,,1,,false,ACTIVE,,USD,VALID,CURRENT,coolit-synthetic-v2.0.0,CUST-003,PRG-003,CFG-CDU-04,SYNTHETIC_INTERNAL,SNP-COOLIT-20260925-BL,SCN-BASELINE,FCST-030-003,2026-H30,OPP-0003,OPPL-0003,ACC-003,PRG-003,CFG-CDU-04,SOLUTION_DESIGN,0.35,PIPELINE,2025-06-07,8,864000,0,CLOSED_PERIOD
TEN-COOLIT-SYN-001,SITE-COOLIT-SYN-01,CRM,FORECAST_SNAPSHOT,FCST-030-004,OPP-0004,RESOLVED,2025-04-25T18:00:00-06:00,2026-09-26T08:00:00-06:00,2026-06-29T00:00:00-06:00,,1,,false,ACTIVE,,USD,VALID,CURRENT,coolit-synthetic-v2.0.0,CUST-004,PRG-004,CFG-RM-01,SYNTHETIC_INTERNAL,SNP-COOLIT-20260925-BL,SCN-BASELINE,FCST-030-004,2026-H30,OPP-0004,OPPL-0004,ACC-004,PRG-004,CFG-RM-01,SOLUTION_DESIGN,0.35,PIPELINE,2025-06-14,10,56000,0,CLOSED_PERIOD
TEN-COOLIT-SYN-001,SITE-COOLIT-SYN-01,CRM,FORECAST_SNAPSHOT,FCST-030-005,OPP-0005,RESOLVED,2025-04-25T18:00:00-06:00,2026-09-26T08:00:00-06:00,2026-06-29T00:00:00-06:00,,1,,false,ACTIVE,,USD,VALID,CURRENT,coolit-synthetic-v2.0.0,CUST-005,PRG-005,CFG-CDU-02,SYNTHETIC_INTERNAL,SNP-COOLIT-20260925-BL,SCN-BASELINE,FCST-030-005,2026-H30,OPP-0005,OPPL-0005,ACC-005,PRG-005,CFG-CDU-02,SOLUTION_DESIGN,0.35,PIPELINE,2025-06-21,12,1080000,0,CLOSED_PERIOD
TEN-COOLIT-SYN-001,SITE-COOLIT-SYN-01,CRM,FORECAST_SNAPSHOT,FCST-030-006,OPP-0006,RESOLVED,2025-04-25T18:00:00-06:00,2026-09-26T08:00:00-06:00,2026-06-29T00:00:00-06:00,,1,,false,ACTIVE,,USD,VALID,CURRENT,coolit-synthetic-v2.0.0,CUST-006,PRG-006,CFG-CPL-03,SYNTHETIC_INTERNAL,SNP-COOLIT-20260925-BL,SCN-BASELINE,FCST-030-006,2026-H30,OPP-0006,OPPL-0006,ACC-006,PRG-006,CFG-CPL-03,SOLUTION_DESIGN,0.35,PIPELINE,2025-06-28,15,117000,0,CLOSED_PERIOD
TEN-COOLIT-SYN-001,SITE-COOLIT-SYN-01,CRM,FORECAST_SNAPSHOT,FCST-030-007,OPP-0007,RESOLVED,2025-04-25T18:00:00-06:00,2026-09-26T08:00:00-06:00,2026-06-29T00:00:00-06:00,,1,,false,ACTIVE,,USD,VALID,CURRENT,coolit-synthetic-v2.0.0,CUST-007,PRG-007,CFG-RM-04,SYNTHETIC_INTERNAL,SNP-COOLIT-20260925-BL,SCN-BASELINE,FCST-030-007,2026-H30,OPP-0007,OPPL-0007,ACC-007,PRG-007,CFG-RM-04,SOLUTION_DESIGN,0.35,PIPELINE,2025-07-05,14,124600,0,CLOSED_PERIOD
TEN-COOLIT-SYN-001,SITE-COOLIT-SYN-01,CRM,FORECAST_SNAPSHOT,FCST-030-008,OPP-0008,RESOLVED,2025-04-25T18:00:00-06:00,2026-09-26T08:00:00-06:00,2026-06-29T00:00:00-06:00,,1,,false,ACTIVE,,USD,VALID,CURRENT,coolit-synthetic-v2.0.0,CUST-008,PRG-008,CFG-CPL-01,SYNTHETIC_INTERNAL,SNP-COOLIT-20260925-BL,SCN-BASELINE,FCST-030-008,2026-H30,OPP-0008,OPPL-0008,ACC-008,PRG-008,CFG-CPL-01,SOLUTION_DESIGN,0.35,PIPELINE,2025-07-12,17,95200,0,CLOSED_PERIOD
TEN-COOLIT-SYN-001,SITE-COOLIT-SYN-01,CRM,FORECAST_SNAPSHOT,FCST-030-009,OPP-0009,RESOLVED,2025-04-25T18:00:00-06:00,2026-09-26T08:00:00-06:00,2026-06-29T00:00:00-06:00,,1,,false,ACTIVE,,USD,VALID,CURRENT,coolit-synthetic-v2.0.0,CUST-009,PRG-001,CFG-RM-02,SYNTHETIC_INTERNAL,SNP-COOLIT-20260925-BL,SCN-BASELINE,FCST-030-009,2026-H30,OPP-0009,OPPL-0009,ACC-009,PRG-001,CFG-RM-02,SOLUTION_DESIGN,0.35,PIPELINE,2025-07-19,19,127300,0,CLOSED_PERIOD
TEN-COOLIT-SYN-001,SITE-COOLIT-SYN-01,CRM,FORECAST_SNAPSHOT,FCST-030-010,OPP-0010,RESOLVED,2025-04-25T18:00:00-06:00,2026-09-26T08:00:00-06:00,2026-06-29T00:00:00-06:00,,1,,false,ACTIVE,,USD,VALID,CURRENT,coolit-synthetic-v2.0.0,CUST-010,PRG-002,CFG-CDU-03,SYNTHETIC_INTERNAL,SNP-COOLIT-20260925-BL,SCN-BASELINE,FCST-030-010,2026-H30,OPP-0010,OPPL-0010,ACC-010,PRG-002,CFG-CDU-03,SOLUTION_DESIGN,0.35,PIPELINE,2025-07-26,3,297000,0,CLOSED_PERIOD
TEN-COOLIT-SYN-001,SITE-COOLIT-SYN-01,CRM,FORECAST_SNAPSHOT,FCST-030-011,OPP-0011,RESOLVED,2025-04-25T18:00:00-06:00,2026-09-26T08:00:00-06:00,2026-06-29T00:00:00-06:00,,1,,false,ACTIVE,,USD,VALID,CURRENT,coolit-synthetic-v2.0.0,CUST-001,PRG-003,CFG-CPL-04,SYNTHETIC_INTERNAL,SNP-COOLIT-20260925-BL,SCN-BASELINE,FCST-030-011,2026-H30,OPP-0011,OPPL-0011,ACC-001,PRG-003,CFG-CPL-04,SOLUTION_DESIGN,0.35,PIPELINE,2025-08-02,6,53400,0,CLOSED_PERIOD
TEN-COOLIT-SYN-001,SITE-COOLIT-SYN-01,CRM,FORECAST_SNAPSHOT,FCST-030-012,OPP-0012,RESOLVED,2025-04-25T18:00:00-06:00,2026-09-26T08:00:00-06:00,2026-06-29T00:00:00-06:00,,1,,false,ACTIVE,,USD,VALID,CURRENT,coolit-synthetic-v2.0.0,CUST-002,PRG-004,CFG-CDU-01,SYNTHETIC_INTERNAL,SNP-COOLIT-20260925-BL,SCN-BASELINE,FCST-030-012,2026-H30,OPP-0012,OPPL-0012,ACC-002,PRG-004,CFG-CDU-01,SOLUTION_DESIGN,0.35,PIPELINE,2025-08-09,8,648000,0,CLOSED_PERIOD
TEN-COOLIT-SYN-001,SITE-COOLIT-SYN-01,CRM,FORECAST_SNAPSHOT,FCST-030-013,OPP-0013,RESOLVED,2025-04-25T18:00:00-06:00,2026-09-26T08:00:00-06:00,2026-06-29T00:00:00-06:00,,1,,false,ACTIVE,,USD,VALID,CURRENT,coolit-synthetic-v2.0.0,CUST-003,PRG-005,CFG-CPL-02,SYNTHETIC_INTERNAL,SNP-COOLIT-20260925-BL,SCN-BASELINE,FCST-030-013,2026-H30,OPP-0013,OPPL-0013,ACC-003,PRG-005,CFG-CPL-02,SOLUTION_DESIGN,0.35,PIPELINE,2025-05-24,11,73700,0,CLOSED_PERIOD
TEN-COOLIT-SYN-001,SITE-COOLIT-SYN-01,CRM,FORECAST_SNAPSHOT,FCST-030-014,OPP-0014,RESOLVED,2025-04-25T18:00:00-06:00,2026-09-26T08:00:00-06:00,2026-06-29T00:00:00-06:00,,1,,false,ACTIVE,,USD,VALID,CURRENT,coolit-synthetic-v2.0.0,CUST-004,PRG-006,CFG-RM-03,SYNTHETIC_INTERNAL,SNP-COOLIT-20260925-BL,SCN-BASELINE,FCST-030-014,2026-H30,OPP-0014,OPPL-0014,ACC-004,PRG-006,CFG-RM-03,SOLUTION_DESIGN,0.35,PIPELINE,2025-05-31,11,85800,0,CLOSED_PERIOD
TEN-COOLIT-SYN-001,SITE-COOLIT-SYN-01,CRM,FORECAST_SNAPSHOT,FCST-030-015,OPP-0015,RESOLVED,2025-04-25T18:00:00-06:00,2026-09-26T08:00:00-06:00,2026-06-29T00:00:00-06:00,,1,,false,ACTIVE,,USD,VALID,CURRENT,coolit-synthetic-v2.0.0,CUST-005,PRG-007,CFG-CDU-04,SYNTHETIC_INTERNAL,SNP-COOLIT-20260925-BL,SCN-BASELINE,FCST-030-015,2026-H30,OPP-0015,OPPL-0015,ACC-005,PRG-007,CFG-CDU-04,SOLUTION_DESIGN,0.35,PIPELINE,2025-06-07,13,1404000,0,CLOSED_PERIOD
TEN-COOLIT-SYN-001,SITE-COOLIT-SYN-01,CRM,FORECAST_SNAPSHOT,FCST-031-001,OPP-0001,RESOLVED,2025-05-02T18:00:00-06:00,2026-09-26T08:00:00-06:00,2026-06-29T00:00:00-06:00,,1,,false,ACTIVE,,USD,VALID,CURRENT,coolit-synthetic-v2.0.0,CUST-001,PRG-001,CFG-CPL-02,SYNTHETIC_INTERNAL,SNP-COOLIT-20260925-BL,SCN-BASELINE,FCST-031-001,2026-H31,OPP-0001,OPPL-0001,ACC-001,PRG-001,CFG-CPL-02,SOLUTION_DESIGN,0.35,PIPELINE,2025-05-28,3,20100,0,CLOSED_PERIOD
TEN-COOLIT-SYN-001,SITE-COOLIT-SYN-01,CRM,FORECAST_SNAPSHOT,FCST-031-002,OPP-0002,RESOLVED,2025-05-02T18:00:00-06:00,2026-09-26T08:00:00-06:00,2026-06-29T00:00:00-06:00,,1,,false,ACTIVE,,USD,VALID,CURRENT,coolit-synthetic-v2.0.0,CUST-002,PRG-002,CFG-RM-03,SYNTHETIC_INTERNAL,SNP-COOLIT-20260925-BL,SCN-BASELINE,FCST-031-002,2026-H31,OPP-0002,OPPL-0002,ACC-002,PRG-002,CFG-RM-03,SOLUTION_DESIGN,0.35,PIPELINE,2025-06-04,6,46800,0,CLOSED_PERIOD
TEN-COOLIT-SYN-001,SITE-COOLIT-SYN-01,CRM,FORECAST_SNAPSHOT,FCST-031-003,OPP-0003,RESOLVED,2025-05-02T18:00:00-06:00,2026-09-26T08:00:00-06:00,2026-06-29T00:00:00-06:00,,1,,false,ACTIVE,,USD,VALID,CURRENT,coolit-synthetic-v2.0.0,CUST-003,PRG-003,CFG-CDU-04,SYNTHETIC_INTERNAL,SNP-COOLIT-20260925-BL,SCN-BASELINE,FCST-031-003,2026-H31,OPP-0003,OPPL-0003,ACC-003,PRG-003,CFG-CDU-04,SOLUTION_DESIGN,0.35,PIPELINE,2025-06-11,8,864000,0,CLOSED_PERIOD
TEN-COOLIT-SYN-001,SITE-COOLIT-SYN-01,CRM,FORECAST_SNAPSHOT,FCST-031-004,OPP-0004,RESOLVED,2025-05-02T18:00:00-06:00,2026-09-26T08:00:00-06:00,2026-06-29T00:00:00-06:00,,1,,false,ACTIVE,,USD,VALID,CURRENT,coolit-synthetic-v2.0.0,CUST-004,PRG-004,CFG-RM-01,SYNTHETIC_INTERNAL,SNP-COOLIT-20260925-BL,SCN-BASELINE,FCST-031-004,2026-H31,OPP-0004,OPPL-0004,ACC-004,PRG-004,CFG-RM-01,SOLUTION_DESIGN,0.35,PIPELINE,2025-06-18,10,56000,0,CLOSED_PERIOD
TEN-COOLIT-SYN-001,SITE-COOLIT-SYN-01,CRM,FORECAST_SNAPSHOT,FCST-031-005,OPP-0005,RESOLVED,2025-05-02T18:00:00-06:00,2026-09-26T08:00:00-06:00,2026-06-29T00:00:00-06:00,,1,,false,ACTIVE,,USD,VALID,CURRENT,coolit-synthetic-v2.0.0,CUST-005,PRG-005,CFG-CDU-02,SYNTHETIC_INTERNAL,SNP-COOLIT-20260925-BL,SCN-BASELINE,FCST-031-005,2026-H31,OPP-0005,OPPL-0005,ACC-005,PRG-005,CFG-CDU-02,SOLUTION_DESIGN,0.35,PIPELINE,2025-06-25,13,1170000,0,CLOSED_PERIOD
TEN-COOLIT-SYN-001,SITE-COOLIT-SYN-01,CRM,FORECAST_SNAPSHOT,FCST-031-006,OPP-0006,RESOLVED,2025-05-02T18:00:00-06:00,2026-09-26T08:00:00-06:00,2026-06-29T00:00:00-06:00,,1,,false,ACTIVE,,USD,VALID,CURRENT,coolit-synthetic-v2.0.0,CUST-006,PRG-006,CFG-CPL-03,SYNTHETIC_INTERNAL,SNP-COOLIT-20260925-BL,SCN-BASELINE,FCST-031-006,2026-H31,OPP-0006,OPPL-0006,ACC-006,PRG-006,CFG-CPL-03,SOLUTION_DESIGN,0.35,PIPELINE,2025-07-02,13,101400,0,CLOSED_PERIOD
TEN-COOLIT-SYN-001,SITE-COOLIT-SYN-01,CRM,FORECAST_SNAPSHOT,FCST-031-007,OPP-0007,RESOLVED,2025-05-02T18:00:00-06:00,2026-09-26T08:00:00-06:00,2026-06-29T00:00:00-06:00,,1,,false,ACTIVE,,USD,VALID,CURRENT,coolit-synthetic-v2.0.0,CUST-007,PRG-007,CFG-RM-04,SYNTHETIC_INTERNAL,SNP-COOLIT-20260925-BL,SCN-BASELINE,FCST-031-007,2026-H31,OPP-0007,OPPL-0007,ACC-007,PRG-007,CFG-RM-04,SOLUTION_DESIGN,0.35,PIPELINE,2025-07-09,15,133500,0,CLOSED_PERIOD
TEN-COOLIT-SYN-001,SITE-COOLIT-SYN-01,CRM,FORECAST_SNAPSHOT,FCST-031-008,OPP-0008,RESOLVED,2025-05-02T18:00:00-06:00,2026-09-26T08:00:00-06:00,2026-06-29T00:00:00-06:00,,1,,false,ACTIVE,,USD,VALID,CURRENT,coolit-synthetic-v2.0.0,CUST-008,PRG-008,CFG-CPL-01,SYNTHETIC_INTERNAL,SNP-COOLIT-20260925-BL,SCN-BASELINE,FCST-031-008,2026-H31,OPP-0008,OPPL-0008,ACC-008,PRG-008,CFG-CPL-01,SOLUTION_DESIGN,0.35,PIPELINE,2025-07-16,17,95200,0,CLOSED_PERIOD
TEN-COOLIT-SYN-001,SITE-COOLIT-SYN-01,CRM,FORECAST_SNAPSHOT,FCST-031-009,OPP-0009,RESOLVED,2025-05-02T18:00:00-06:00,2026-09-26T08:00:00-06:00,2026-06-29T00:00:00-06:00,,1,,false,ACTIVE,,USD,VALID,CURRENT,coolit-synthetic-v2.0.0,CUST-009,PRG-001,CFG-RM-02,SYNTHETIC_INTERNAL,SNP-COOLIT-20260925-BL,SCN-BASELINE,FCST-031-009,2026-H31,OPP-0009,OPPL-0009,ACC-009,PRG-001,CFG-RM-02,SOLUTION_DESIGN,0.35,PIPELINE,2025-07-23,20,134000,0,CLOSED_PERIOD
TEN-COOLIT-SYN-001,SITE-COOLIT-SYN-01,CRM,FORECAST_SNAPSHOT,FCST-031-010,OPP-0010,RESOLVED,2025-05-02T18:00:00-06:00,2026-09-26T08:00:00-06:00,2026-06-29T00:00:00-06:00,,1,,false,ACTIVE,,USD,VALID,CURRENT,coolit-synthetic-v2.0.0,CUST-010,PRG-002,CFG-CDU-03,SYNTHETIC_INTERNAL,SNP-COOLIT-20260925-BL,SCN-BASELINE,FCST-031-010,2026-H31,OPP-0010,OPPL-0010,ACC-010,PRG-002,CFG-CDU-03,SOLUTION_DESIGN,0.35,PIPELINE,2025-07-30,4,396000,0,CLOSED_PERIOD
TEN-COOLIT-SYN-001,SITE-COOLIT-SYN-01,CRM,FORECAST_SNAPSHOT,FCST-031-011,OPP-0011,RESOLVED,2025-05-02T18:00:00-06:00,2026-09-26T08:00:00-06:00,2026-06-29T00:00:00-06:00,,1,,false,ACTIVE,,USD,VALID,CURRENT,coolit-synthetic-v2.0.0,CUST-001,PRG-003,CFG-CPL-04,SYNTHETIC_INTERNAL,SNP-COOLIT-20260925-BL,SCN-BASELINE,FCST-031-011,2026-H31,OPP-0011,OPPL-0011,ACC-001,PRG-003,CFG-CPL-04,SOLUTION_DESIGN,0.35,PIPELINE,2025-08-06,6,53400,0,CLOSED_PERIOD
TEN-COOLIT-SYN-001,SITE-COOLIT-SYN-01,CRM,FORECAST_SNAPSHOT,FCST-031-012,OPP-0012,RESOLVED,2025-05-02T18:00:00-06:00,2026-09-26T08:00:00-06:00,2026-06-29T00:00:00-06:00,,1,,false,ACTIVE,,USD,VALID,CURRENT,coolit-synthetic-v2.0.0,CUST-002,PRG-004,CFG-CDU-01,SYNTHETIC_INTERNAL,SNP-COOLIT-20260925-BL,SCN-BASELINE,FCST-031-012,2026-H31,OPP-0012,OPPL-0012,ACC-002,PRG-004,CFG-CDU-01,SOLUTION_DESIGN,0.35,PIPELINE,2025-08-13,8,648000,0,CLOSED_PERIOD
TEN-COOLIT-SYN-001,SITE-COOLIT-SYN-01,CRM,FORECAST_SNAPSHOT,FCST-031-013,OPP-0013,RESOLVED,2025-05-02T18:00:00-06:00,2026-09-26T08:00:00-06:00,2026-06-29T00:00:00-06:00,,1,,false,ACTIVE,,USD,VALID,CURRENT,coolit-synthetic-v2.0.0,CUST-003,PRG-005,CFG-CPL-02,SYNTHETIC_INTERNAL,SNP-COOLIT-20260925-BL,SCN-BASELINE,FCST-031-013,2026-H31,OPP-0013,OPPL-0013,ACC-003,PRG-005,CFG-CPL-02,SOLUTION_DESIGN,0.35,PIPELINE,2025-05-28,9,60300,0,CLOSED_PERIOD
TEN-COOLIT-SYN-001,SITE-COOLIT-SYN-01,CRM,FORECAST_SNAPSHOT,FCST-031-014,OPP-0014,RESOLVED,2025-05-02T18:00:00-06:00,2026-09-26T08:00:00-06:00,2026-06-29T00:00:00-06:00,,1,,false,ACTIVE,,USD,VALID,CURRENT,coolit-synthetic-v2.0.0,CUST-004,PRG-006,CFG-RM-03,SYNTHETIC_INTERNAL,SNP-COOLIT-20260925-BL,SCN-BASELINE,FCST-031-014,2026-H31,OPP-0014,OPPL-0014,ACC-004,PRG-006,CFG-RM-03,SOLUTION_DESIGN,0.35,PIPELINE,2025-06-04,11,85800,0,CLOSED_PERIOD
TEN-COOLIT-SYN-001,SITE-COOLIT-SYN-01,CRM,FORECAST_SNAPSHOT,FCST-031-015,OPP-0015,RESOLVED,2025-05-02T18:00:00-06:00,2026-09-26T08:00:00-06:00,2026-06-29T00:00:00-06:00,,1,,false,ACTIVE,,USD,VALID,CURRENT,coolit-synthetic-v2.0.0,CUST-005,PRG-007,CFG-CDU-04,SYNTHETIC_INTERNAL,SNP-COOLIT-20260925-BL,SCN-BASELINE,FCST-031-015,2026-H31,OPP-0015,OPPL-0015,ACC-005,PRG-007,CFG-CDU-04,SOLUTION_DESIGN,0.35,PIPELINE,2025-06-11,13,1404000,0,CLOSED_PERIOD
TEN-COOLIT-SYN-001,SITE-COOLIT-SYN-01,CRM,FORECAST_SNAPSHOT,FCST-032-001,OPP-0001,RESOLVED,2025-05-09T18:00:00-06:00,2026-09-26T08:00:00-06:00,2026-06-29T00:00:00-06:00,,1,,false,ACTIVE,,USD,VALID,CURRENT,coolit-synthetic-v2.0.0,CUST-001,PRG-001,CFG-CPL-02,SYNTHETIC_INTERNAL,SNP-COOLIT-20260925-BL,SCN-BASELINE,FCST-032-001,2026-H32,OPP-0001,OPPL-0001,ACC-001,PRG-001,CFG-CPL-02,SOLUTION_DESIGN,0.35,PIPELINE,2025-06-01,3,20100,0,CLOSED_PERIOD
TEN-COOLIT-SYN-001,SITE-COOLIT-SYN-01,CRM,FORECAST_SNAPSHOT,FCST-032-002,OPP-0002,RESOLVED,2025-05-09T18:00:00-06:00,2026-09-26T08:00:00-06:00,2026-06-29T00:00:00-06:00,,1,,false,ACTIVE,,USD,VALID,CURRENT,coolit-synthetic-v2.0.0,CUST-002,PRG-002,CFG-RM-03,SYNTHETIC_INTERNAL,SNP-COOLIT-20260925-BL,SCN-BASELINE,FCST-032-002,2026-H32,OPP-0002,OPPL-0002,ACC-002,PRG-002,CFG-RM-03,SOLUTION_DESIGN,0.35,PIPELINE,2025-06-08,6,46800,0,CLOSED_PERIOD
TEN-COOLIT-SYN-001,SITE-COOLIT-SYN-01,CRM,FORECAST_SNAPSHOT,FCST-032-003,OPP-0003,RESOLVED,2025-05-09T18:00:00-06:00,2026-09-26T08:00:00-06:00,2026-06-29T00:00:00-06:00,,1,,false,ACTIVE,,USD,VALID,CURRENT,coolit-synthetic-v2.0.0,CUST-003,PRG-003,CFG-CDU-04,SYNTHETIC_INTERNAL,SNP-COOLIT-20260925-BL,SCN-BASELINE,FCST-032-003,2026-H32,OPP-0003,OPPL-0003,ACC-003,PRG-003,CFG-CDU-04,SOLUTION_DESIGN,0.35,PIPELINE,2025-06-15,8,864000,0,CLOSED_PERIOD
TEN-COOLIT-SYN-001,SITE-COOLIT-SYN-01,CRM,FORECAST_SNAPSHOT,FCST-032-004,OPP-0004,RESOLVED,2025-05-09T18:00:00-06:00,2026-09-26T08:00:00-06:00,2026-06-29T00:00:00-06:00,,1,,false,ACTIVE,,USD,VALID,CURRENT,coolit-synthetic-v2.0.0,CUST-004,PRG-004,CFG-RM-01,SYNTHETIC_INTERNAL,SNP-COOLIT-20260925-BL,SCN-BASELINE,FCST-032-004,2026-H32,OPP-0004,OPPL-0004,ACC-004,PRG-004,CFG-RM-01,SOLUTION_DESIGN,0.35,PIPELINE,2025-06-22,11,61600,0,CLOSED_PERIOD
TEN-COOLIT-SYN-001,SITE-COOLIT-SYN-01,CRM,FORECAST_SNAPSHOT,FCST-032-005,OPP-0005,RESOLVED,2025-05-09T18:00:00-06:00,2026-09-26T08:00:00-06:00,2026-06-29T00:00:00-06:00,,1,,false,ACTIVE,,USD,VALID,CURRENT,coolit-synthetic-v2.0.0,CUST-005,PRG-005,CFG-CDU-02,SYNTHETIC_INTERNAL,SNP-COOLIT-20260925-BL,SCN-BASELINE,FCST-032-005,2026-H32,OPP-0005,OPPL-0005,ACC-005,PRG-005,CFG-CDU-02,SOLUTION_DESIGN,0.35,PIPELINE,2025-06-29,11,990000,0,CLOSED_PERIOD
TEN-COOLIT-SYN-001,SITE-COOLIT-SYN-01,CRM,FORECAST_SNAPSHOT,FCST-032-006,OPP-0006,RESOLVED,2025-05-09T18:00:00-06:00,2026-09-26T08:00:00-06:00,2026-06-29T00:00:00-06:00,,1,,false,ACTIVE,,USD,VALID,CURRENT,coolit-synthetic-v2.0.0,CUST-006,PRG-006,CFG-CPL-03,SYNTHETIC_INTERNAL,SNP-COOLIT-20260925-BL,SCN-BASELINE,FCST-032-006,2026-H32,OPP-0006,OPPL-0006,ACC-006,PRG-006,CFG-CPL-03,SOLUTION_DESIGN,0.35,PIPELINE,2025-07-06,13,101400,0,CLOSED_PERIOD
TEN-COOLIT-SYN-001,SITE-COOLIT-SYN-01,CRM,FORECAST_SNAPSHOT,FCST-032-007,OPP-0007,RESOLVED,2025-05-09T18:00:00-06:00,2026-09-26T08:00:00-06:00,2026-06-29T00:00:00-06:00,,1,,false,ACTIVE,,USD,VALID,CURRENT,coolit-synthetic-v2.0.0,CUST-007,PRG-007,CFG-RM-04,SYNTHETIC_INTERNAL,SNP-COOLIT-20260925-BL,SCN-BASELINE,FCST-032-007,2026-H32,OPP-0007,OPPL-0007,ACC-007,PRG-007,CFG-RM-04,SOLUTION_DESIGN,0.35,PIPELINE,2025-07-13,15,133500,0,CLOSED_PERIOD
TEN-COOLIT-SYN-001,SITE-COOLIT-SYN-01,CRM,FORECAST_SNAPSHOT,FCST-032-008,OPP-0008,RESOLVED,2025-05-09T18:00:00-06:00,2026-09-26T08:00:00-06:00,2026-06-29T00:00:00-06:00,,1,,false,ACTIVE,,USD,VALID,CURRENT,coolit-synthetic-v2.0.0,CUST-008,PRG-008,CFG-CPL-01,SYNTHETIC_INTERNAL,SNP-COOLIT-20260925-BL,SCN-BASELINE,FCST-032-008,2026-H32,OPP-0008,OPPL-0008,ACC-008,PRG-008,CFG-CPL-01,SOLUTION_DESIGN,0.35,PIPELINE,2025-07-20,18,100800,0,CLOSED_PERIOD
TEN-COOLIT-SYN-001,SITE-COOLIT-SYN-01,CRM,FORECAST_SNAPSHOT,FCST-032-009,OPP-0009,RESOLVED,2025-05-09T18:00:00-06:00,2026-09-26T08:00:00-06:00,2026-06-29T00:00:00-06:00,,1,,false,ACTIVE,,USD,VALID,CURRENT,coolit-synthetic-v2.0.0,CUST-009,PRG-001,CFG-RM-02,SYNTHETIC_INTERNAL,SNP-COOLIT-20260925-BL,SCN-BASELINE,FCST-032-009,2026-H32,OPP-0009,OPPL-0009,ACC-009,PRG-001,CFG-RM-02,SOLUTION_DESIGN,0.35,PIPELINE,2025-07-27,21,140700,0,CLOSED_PERIOD
TEN-COOLIT-SYN-001,SITE-COOLIT-SYN-01,CRM,FORECAST_SNAPSHOT,FCST-032-010,OPP-0010,RESOLVED,2025-05-09T18:00:00-06:00,2026-09-26T08:00:00-06:00,2026-06-29T00:00:00-06:00,,1,,false,ACTIVE,,USD,VALID,CURRENT,coolit-synthetic-v2.0.0,CUST-010,PRG-002,CFG-CDU-03,SYNTHETIC_INTERNAL,SNP-COOLIT-20260925-BL,SCN-BASELINE,FCST-032-010,2026-H32,OPP-0010,OPPL-0010,ACC-010,PRG-002,CFG-CDU-03,SOLUTION_DESIGN,0.35,PIPELINE,2025-08-03,4,396000,0,CLOSED_PERIOD
TEN-COOLIT-SYN-001,SITE-COOLIT-SYN-01,CRM,FORECAST_SNAPSHOT,FCST-032-011,OPP-0011,RESOLVED,2025-05-09T18:00:00-06:00,2026-09-26T08:00:00-06:00,2026-06-29T00:00:00-06:00,,1,,false,ACTIVE,,USD,VALID,CURRENT,coolit-synthetic-v2.0.0,CUST-001,PRG-003,CFG-CPL-04,SYNTHETIC_INTERNAL,SNP-COOLIT-20260925-BL,SCN-BASELINE,FCST-032-011,2026-H32,OPP-0011,OPPL-0011,ACC-001,PRG-003,CFG-CPL-04,SOLUTION_DESIGN,0.35,PIPELINE,2025-08-10,6,53400,0,CLOSED_PERIOD
TEN-COOLIT-SYN-001,SITE-COOLIT-SYN-01,CRM,FORECAST_SNAPSHOT,FCST-032-012,OPP-0012,RESOLVED,2025-05-09T18:00:00-06:00,2026-09-26T08:00:00-06:00,2026-06-29T00:00:00-06:00,,1,,false,ACTIVE,,USD,VALID,CURRENT,coolit-synthetic-v2.0.0,CUST-002,PRG-004,CFG-CDU-01,SYNTHETIC_INTERNAL,SNP-COOLIT-20260925-BL,SCN-BASELINE,FCST-032-012,2026-H32,OPP-0012,OPPL-0012,ACC-002,PRG-004,CFG-CDU-01,SOLUTION_DESIGN,0.35,PIPELINE,2025-08-17,7,567000,0,CLOSED_PERIOD
TEN-COOLIT-SYN-001,SITE-COOLIT-SYN-01,CRM,FORECAST_SNAPSHOT,FCST-032-013,OPP-0013,RESOLVED,2025-05-09T18:00:00-06:00,2026-09-26T08:00:00-06:00,2026-06-29T00:00:00-06:00,,1,,false,ACTIVE,,USD,VALID,CURRENT,coolit-synthetic-v2.0.0,CUST-003,PRG-005,CFG-CPL-02,SYNTHETIC_INTERNAL,SNP-COOLIT-20260925-BL,SCN-BASELINE,FCST-032-013,2026-H32,OPP-0013,OPPL-0013,ACC-003,PRG-005,CFG-CPL-02,SOLUTION_DESIGN,0.35,PIPELINE,2025-06-01,9,60300,0,CLOSED_PERIOD
TEN-COOLIT-SYN-001,SITE-COOLIT-SYN-01,CRM,FORECAST_SNAPSHOT,FCST-032-014,OPP-0014,RESOLVED,2025-05-09T18:00:00-06:00,2026-09-26T08:00:00-06:00,2026-06-29T00:00:00-06:00,,1,,false,ACTIVE,,USD,VALID,CURRENT,coolit-synthetic-v2.0.0,CUST-004,PRG-006,CFG-RM-03,SYNTHETIC_INTERNAL,SNP-COOLIT-20260925-BL,SCN-BASELINE,FCST-032-014,2026-H32,OPP-0014,OPPL-0014,ACC-004,PRG-006,CFG-RM-03,SOLUTION_DESIGN,0.35,PIPELINE,2025-06-08,11,85800,0,CLOSED_PERIOD
TEN-COOLIT-SYN-001,SITE-COOLIT-SYN-01,CRM,FORECAST_SNAPSHOT,FCST-032-015,OPP-0015,RESOLVED,2025-05-09T18:00:00-06:00,2026-09-26T08:00:00-06:00,2026-06-29T00:00:00-06:00,,1,,false,ACTIVE,,USD,VALID,CURRENT,coolit-synthetic-v2.0.0,CUST-005,PRG-007,CFG-CDU-04,SYNTHETIC_INTERNAL,SNP-COOLIT-20260925-BL,SCN-BASELINE,FCST-032-015,2026-H32,OPP-0015,OPPL-0015,ACC-005,PRG-007,CFG-CDU-04,SOLUTION_DESIGN,0.35,PIPELINE,2025-06-15,14,1512000,0,CLOSED_PERIOD
TEN-COOLIT-SYN-001,SITE-COOLIT-SYN-01,CRM,FORECAST_SNAPSHOT,FCST-033-001,OPP-0001,RESOLVED,2025-05-16T18:00:00-06:00,2026-09-26T08:00:00-06:00,2026-06-29T00:00:00-06:00,,1,,false,ACTIVE,,USD,VALID,CURRENT,coolit-synthetic-v2.0.0,CUST-001,PRG-001,CFG-CPL-02,SYNTHETIC_INTERNAL,SNP-COOLIT-20260925-BL,SCN-BASELINE,FCST-033-001,2026-H33,OPP-0001,OPPL-0001,ACC-001,PRG-001,CFG-CPL-02,SOLUTION_DESIGN,0.35,PIPELINE,2025-06-05,4,26800,0,CLOSED_PERIOD
TEN-COOLIT-SYN-001,SITE-COOLIT-SYN-01,CRM,FORECAST_SNAPSHOT,FCST-033-002,OPP-0002,RESOLVED,2025-05-16T18:00:00-06:00,2026-09-26T08:00:00-06:00,2026-06-29T00:00:00-06:00,,1,,false,ACTIVE,,USD,VALID,CURRENT,coolit-synthetic-v2.0.0,CUST-002,PRG-002,CFG-RM-03,SYNTHETIC_INTERNAL,SNP-COOLIT-20260925-BL,SCN-BASELINE,FCST-033-002,2026-H33,OPP-0002,OPPL-0002,ACC-002,PRG-002,CFG-RM-03,SOLUTION_DESIGN,0.35,PIPELINE,2025-06-12,6,46800,0,CLOSED_PERIOD
TEN-COOLIT-SYN-001,SITE-COOLIT-SYN-01,CRM,FORECAST_SNAPSHOT,FCST-033-003,OPP-0003,RESOLVED,2025-05-16T18:00:00-06:00,2026-09-26T08:00:00-06:00,2026-06-29T00:00:00-06:00,,1,,false,ACTIVE,,USD,VALID,CURRENT,coolit-synthetic-v2.0.0,CUST-003,PRG-003,CFG-CDU-04,SYNTHETIC_INTERNAL,SNP-COOLIT-20260925-BL,SCN-BASELINE,FCST-033-003,2026-H33,OPP-0003,OPPL-0003,ACC-003,PRG-003,CFG-CDU-04,SOLUTION_DESIGN,0.35,PIPELINE,2025-06-19,8,864000,0,CLOSED_PERIOD
TEN-COOLIT-SYN-001,SITE-COOLIT-SYN-01,CRM,FORECAST_SNAPSHOT,FCST-033-004,OPP-0004,RESOLVED,2025-05-16T18:00:00-06:00,2026-09-26T08:00:00-06:00,2026-06-29T00:00:00-06:00,,1,,false,ACTIVE,,USD,VALID,CURRENT,coolit-synthetic-v2.0.0,CUST-004,PRG-004,CFG-RM-01,SYNTHETIC_INTERNAL,SNP-COOLIT-20260925-BL,SCN-BASELINE,FCST-033-004,2026-H33,OPP-0004,OPPL-0004,ACC-004,PRG-004,CFG-RM-01,SOLUTION_DESIGN,0.35,PIPELINE,2025-06-26,9,50400,0,CLOSED_PERIOD
TEN-COOLIT-SYN-001,SITE-COOLIT-SYN-01,CRM,FORECAST_SNAPSHOT,FCST-033-005,OPP-0005,RESOLVED,2025-05-16T18:00:00-06:00,2026-09-26T08:00:00-06:00,2026-06-29T00:00:00-06:00,,1,,false,ACTIVE,,USD,VALID,CURRENT,coolit-synthetic-v2.0.0,CUST-005,PRG-005,CFG-CDU-02,SYNTHETIC_INTERNAL,SNP-COOLIT-20260925-BL,SCN-BASELINE,FCST-033-005,2026-H33,OPP-0005,OPPL-0005,ACC-005,PRG-005,CFG-CDU-02,SOLUTION_DESIGN,0.35,PIPELINE,2025-07-03,11,990000,0,CLOSED_PERIOD
TEN-COOLIT-SYN-001,SITE-COOLIT-SYN-01,CRM,FORECAST_SNAPSHOT,FCST-033-006,OPP-0006,RESOLVED,2025-05-16T18:00:00-06:00,2026-09-26T08:00:00-06:00,2026-06-29T00:00:00-06:00,,1,,false,ACTIVE,,USD,VALID,CURRENT,coolit-synthetic-v2.0.0,CUST-006,PRG-006,CFG-CPL-03,SYNTHETIC_INTERNAL,SNP-COOLIT-20260925-BL,SCN-BASELINE,FCST-033-006,2026-H33,OPP-0006,OPPL-0006,ACC-006,PRG-006,CFG-CPL-03,SOLUTION_DESIGN,0.35,PIPELINE,2025-07-10,13,101400,0,CLOSED_PERIOD
TEN-COOLIT-SYN-001,SITE-COOLIT-SYN-01,CRM,FORECAST_SNAPSHOT,FCST-033-007,OPP-0007,RESOLVED,2025-05-16T18:00:00-06:00,2026-09-26T08:00:00-06:00,2026-06-29T00:00:00-06:00,,1,,false,ACTIVE,,USD,VALID,CURRENT,coolit-synthetic-v2.0.0,CUST-007,PRG-007,CFG-RM-04,SYNTHETIC_INTERNAL,SNP-COOLIT-20260925-BL,SCN-BASELINE,FCST-033-007,2026-H33,OPP-0007,OPPL-0007,ACC-007,PRG-007,CFG-RM-04,SOLUTION_DESIGN,0.35,PIPELINE,2025-07-17,16,142400,0,CLOSED_PERIOD
TEN-COOLIT-SYN-001,SITE-COOLIT-SYN-01,CRM,FORECAST_SNAPSHOT,FCST-033-008,OPP-0008,RESOLVED,2025-05-16T18:00:00-06:00,2026-09-26T08:00:00-06:00,2026-06-29T00:00:00-06:00,,1,,false,ACTIVE,,USD,VALID,CURRENT,coolit-synthetic-v2.0.0,CUST-008,PRG-008,CFG-CPL-01,SYNTHETIC_INTERNAL,SNP-COOLIT-20260925-BL,SCN-BASELINE,FCST-033-008,2026-H33,OPP-0008,OPPL-0008,ACC-008,PRG-008,CFG-CPL-01,SOLUTION_DESIGN,0.35,PIPELINE,2025-07-24,19,106400,0,CLOSED_PERIOD
TEN-COOLIT-SYN-001,SITE-COOLIT-SYN-01,CRM,FORECAST_SNAPSHOT,FCST-033-009,OPP-0009,RESOLVED,2025-05-16T18:00:00-06:00,2026-09-26T08:00:00-06:00,2026-06-29T00:00:00-06:00,,1,,false,ACTIVE,,USD,VALID,CURRENT,coolit-synthetic-v2.0.0,CUST-009,PRG-001,CFG-RM-02,SYNTHETIC_INTERNAL,SNP-COOLIT-20260925-BL,SCN-BASELINE,FCST-033-009,2026-H33,OPP-0009,OPPL-0009,ACC-009,PRG-001,CFG-RM-02,SOLUTION_DESIGN,0.35,PIPELINE,2025-07-31,21,140700,0,CLOSED_PERIOD
TEN-COOLIT-SYN-001,SITE-COOLIT-SYN-01,CRM,FORECAST_SNAPSHOT,FCST-033-010,OPP-0010,RESOLVED,2025-05-16T18:00:00-06:00,2026-09-26T08:00:00-06:00,2026-06-29T00:00:00-06:00,,1,,false,ACTIVE,,USD,VALID,CURRENT,coolit-synthetic-v2.0.0,CUST-010,PRG-002,CFG-CDU-03,SYNTHETIC_INTERNAL,SNP-COOLIT-20260925-BL,SCN-BASELINE,FCST-033-010,2026-H33,OPP-0010,OPPL-0010,ACC-010,PRG-002,CFG-CDU-03,SOLUTION_DESIGN,0.35,PIPELINE,2025-08-07,4,396000,0,CLOSED_PERIOD
TEN-COOLIT-SYN-001,SITE-COOLIT-SYN-01,CRM,FORECAST_SNAPSHOT,FCST-033-011,OPP-0011,RESOLVED,2025-05-16T18:00:00-06:00,2026-09-26T08:00:00-06:00,2026-06-29T00:00:00-06:00,,1,,false,ACTIVE,,USD,VALID,CURRENT,coolit-synthetic-v2.0.0,CUST-001,PRG-003,CFG-CPL-04,SYNTHETIC_INTERNAL,SNP-COOLIT-20260925-BL,SCN-BASELINE,FCST-033-011,2026-H33,OPP-0011,OPPL-0011,ACC-001,PRG-003,CFG-CPL-04,SOLUTION_DESIGN,0.35,PIPELINE,2025-08-14,5,44500,0,CLOSED_PERIOD
TEN-COOLIT-SYN-001,SITE-COOLIT-SYN-01,CRM,FORECAST_SNAPSHOT,FCST-033-012,OPP-0012,RESOLVED,2025-05-16T18:00:00-06:00,2026-09-26T08:00:00-06:00,2026-06-29T00:00:00-06:00,,1,,false,ACTIVE,,USD,VALID,CURRENT,coolit-synthetic-v2.0.0,CUST-002,PRG-004,CFG-CDU-01,SYNTHETIC_INTERNAL,SNP-COOLIT-20260925-BL,SCN-BASELINE,FCST-033-012,2026-H33,OPP-0012,OPPL-0012,ACC-002,PRG-004,CFG-CDU-01,SOLUTION_DESIGN,0.35,PIPELINE,2025-08-21,7,567000,0,CLOSED_PERIOD
TEN-COOLIT-SYN-001,SITE-COOLIT-SYN-01,CRM,FORECAST_SNAPSHOT,FCST-033-013,OPP-0013,RESOLVED,2025-05-16T18:00:00-06:00,2026-09-26T08:00:00-06:00,2026-06-29T00:00:00-06:00,,1,,false,ACTIVE,,USD,VALID,CURRENT,coolit-synthetic-v2.0.0,CUST-003,PRG-005,CFG-CPL-02,SYNTHETIC_INTERNAL,SNP-COOLIT-20260925-BL,SCN-BASELINE,FCST-033-013,2026-H33,OPP-0013,OPPL-0013,ACC-003,PRG-005,CFG-CPL-02,SOLUTION_DESIGN,0.35,PIPELINE,2025-06-05,9,60300,0,CLOSED_PERIOD
TEN-COOLIT-SYN-001,SITE-COOLIT-SYN-01,CRM,FORECAST_SNAPSHOT,FCST-033-014,OPP-0014,RESOLVED,2025-05-16T18:00:00-06:00,2026-09-26T08:00:00-06:00,2026-06-29T00:00:00-06:00,,1,,false,ACTIVE,,USD,VALID,CURRENT,coolit-synthetic-v2.0.0,CUST-004,PRG-006,CFG-RM-03,SYNTHETIC_INTERNAL,SNP-COOLIT-20260925-BL,SCN-BASELINE,FCST-033-014,2026-H33,OPP-0014,OPPL-0014,ACC-004,PRG-006,CFG-RM-03,SOLUTION_DESIGN,0.35,PIPELINE,2025-06-12,12,93600,0,CLOSED_PERIOD
TEN-COOLIT-SYN-001,SITE-COOLIT-SYN-01,CRM,FORECAST_SNAPSHOT,FCST-033-015,OPP-0015,RESOLVED,2025-05-16T18:00:00-06:00,2026-09-26T08:00:00-06:00,2026-06-29T00:00:00-06:00,,1,,false,ACTIVE,,USD,VALID,CURRENT,coolit-synthetic-v2.0.0,CUST-005,PRG-007,CFG-CDU-04,SYNTHETIC_INTERNAL,SNP-COOLIT-20260925-BL,SCN-BASELINE,FCST-033-015,2026-H33,OPP-0015,OPPL-0015,ACC-005,PRG-007,CFG-CDU-04,SOLUTION_DESIGN,0.35,PIPELINE,2025-06-19,14,1512000,0,CLOSED_PERIOD
TEN-COOLIT-SYN-001,SITE-COOLIT-SYN-01,CRM,FORECAST_SNAPSHOT,FCST-034-001,OPP-0001,RESOLVED,2025-05-23T18:00:00-06:00,2026-09-26T08:00:00-06:00,2026-06-29T00:00:00-06:00,,1,,false,ACTIVE,,USD,VALID,CURRENT,coolit-synthetic-v2.0.0,CUST-001,PRG-001,CFG-CPL-02,SYNTHETIC_INTERNAL,SNP-COOLIT-20260925-BL,SCN-BASELINE,FCST-034-001,2026-H34,OPP-0001,OPPL-0001,ACC-001,PRG-001,CFG-CPL-02,SOLUTION_DESIGN,0.35,PIPELINE,2025-06-09,4,26800,0,CLOSED_PERIOD
TEN-COOLIT-SYN-001,SITE-COOLIT-SYN-01,CRM,FORECAST_SNAPSHOT,FCST-034-002,OPP-0002,RESOLVED,2025-05-23T18:00:00-06:00,2026-09-26T08:00:00-06:00,2026-06-29T00:00:00-06:00,,1,,false,ACTIVE,,USD,VALID,CURRENT,coolit-synthetic-v2.0.0,CUST-002,PRG-002,CFG-RM-03,SYNTHETIC_INTERNAL,SNP-COOLIT-20260925-BL,SCN-BASELINE,FCST-034-002,2026-H34,OPP-0002,OPPL-0002,ACC-002,PRG-002,CFG-RM-03,SOLUTION_DESIGN,0.35,PIPELINE,2025-06-16,6,46800,0,CLOSED_PERIOD
TEN-COOLIT-SYN-001,SITE-COOLIT-SYN-01,CRM,FORECAST_SNAPSHOT,FCST-034-003,OPP-0003,RESOLVED,2025-05-23T18:00:00-06:00,2026-09-26T08:00:00-06:00,2026-06-29T00:00:00-06:00,,1,,false,ACTIVE,,USD,VALID,CURRENT,coolit-synthetic-v2.0.0,CUST-003,PRG-003,CFG-CDU-04,SYNTHETIC_INTERNAL,SNP-COOLIT-20260925-BL,SCN-BASELINE,FCST-034-003,2026-H34,OPP-0003,OPPL-0003,ACC-003,PRG-003,CFG-CDU-04,SOLUTION_DESIGN,0.35,PIPELINE,2025-06-23,7,756000,0,CLOSED_PERIOD
TEN-COOLIT-SYN-001,SITE-COOLIT-SYN-01,CRM,FORECAST_SNAPSHOT,FCST-034-004,OPP-0004,RESOLVED,2025-05-23T18:00:00-06:00,2026-09-26T08:00:00-06:00,2026-06-29T00:00:00-06:00,,1,,false,ACTIVE,,USD,VALID,CURRENT,coolit-synthetic-v2.0.0,CUST-004,PRG-004,CFG-RM-01,SYNTHETIC_INTERNAL,SNP-COOLIT-20260925-BL,SCN-BASELINE,FCST-034-004,2026-H34,OPP-0004,OPPL-0004,ACC-004,PRG-004,CFG-RM-01,SOLUTION_DESIGN,0.35,PIPELINE,2025-06-30,9,50400,0,CLOSED_PERIOD
TEN-COOLIT-SYN-001,SITE-COOLIT-SYN-01,CRM,FORECAST_SNAPSHOT,FCST-034-005,OPP-0005,RESOLVED,2025-05-23T18:00:00-06:00,2026-09-26T08:00:00-06:00,2026-06-29T00:00:00-06:00,,1,,false,ACTIVE,,USD,VALID,CURRENT,coolit-synthetic-v2.0.0,CUST-005,PRG-005,CFG-CDU-02,SYNTHETIC_INTERNAL,SNP-COOLIT-20260925-BL,SCN-BASELINE,FCST-034-005,2026-H34,OPP-0005,OPPL-0005,ACC-005,PRG-005,CFG-CDU-02,SOLUTION_DESIGN,0.35,PIPELINE,2025-07-07,11,990000,0,CLOSED_PERIOD
TEN-COOLIT-SYN-001,SITE-COOLIT-SYN-01,CRM,FORECAST_SNAPSHOT,FCST-034-006,OPP-0006,RESOLVED,2025-05-23T18:00:00-06:00,2026-09-26T08:00:00-06:00,2026-06-29T00:00:00-06:00,,1,,false,ACTIVE,,USD,VALID,CURRENT,coolit-synthetic-v2.0.0,CUST-006,PRG-006,CFG-CPL-03,SYNTHETIC_INTERNAL,SNP-COOLIT-20260925-BL,SCN-BASELINE,FCST-034-006,2026-H34,OPP-0006,OPPL-0006,ACC-006,PRG-006,CFG-CPL-03,SOLUTION_DESIGN,0.35,PIPELINE,2025-07-14,14,109200,0,CLOSED_PERIOD
TEN-COOLIT-SYN-001,SITE-COOLIT-SYN-01,CRM,FORECAST_SNAPSHOT,FCST-034-007,OPP-0007,RESOLVED,2025-05-23T18:00:00-06:00,2026-09-26T08:00:00-06:00,2026-06-29T00:00:00-06:00,,1,,false,ACTIVE,,USD,VALID,CURRENT,coolit-synthetic-v2.0.0,CUST-007,PRG-007,CFG-RM-04,SYNTHETIC_INTERNAL,SNP-COOLIT-20260925-BL,SCN-BASELINE,FCST-034-007,2026-H34,OPP-0007,OPPL-0007,ACC-007,PRG-007,CFG-RM-04,SOLUTION_DESIGN,0.35,PIPELINE,2025-07-21,16,142400,0,CLOSED_PERIOD
TEN-COOLIT-SYN-001,SITE-COOLIT-SYN-01,CRM,FORECAST_SNAPSHOT,FCST-034-008,OPP-0008,RESOLVED,2025-05-23T18:00:00-06:00,2026-09-26T08:00:00-06:00,2026-06-29T00:00:00-06:00,,1,,false,ACTIVE,,USD,VALID,CURRENT,coolit-synthetic-v2.0.0,CUST-008,PRG-008,CFG-CPL-01,SYNTHETIC_INTERNAL,SNP-COOLIT-20260925-BL,SCN-BASELINE,FCST-034-008,2026-H34,OPP-0008,OPPL-0008,ACC-008,PRG-008,CFG-CPL-01,SOLUTION_DESIGN,0.35,PIPELINE,2025-07-28,19,106400,0,CLOSED_PERIOD
TEN-COOLIT-SYN-001,SITE-COOLIT-SYN-01,CRM,FORECAST_SNAPSHOT,FCST-034-009,OPP-0009,RESOLVED,2025-05-23T18:00:00-06:00,2026-09-26T08:00:00-06:00,2026-06-29T00:00:00-06:00,,1,,false,ACTIVE,,USD,VALID,CURRENT,coolit-synthetic-v2.0.0,CUST-009,PRG-001,CFG-RM-02,SYNTHETIC_INTERNAL,SNP-COOLIT-20260925-BL,SCN-BASELINE,FCST-034-009,2026-H34,OPP-0009,OPPL-0009,ACC-009,PRG-001,CFG-RM-02,SOLUTION_DESIGN,0.35,PIPELINE,2025-08-04,22,147400,0,CLOSED_PERIOD
TEN-COOLIT-SYN-001,SITE-COOLIT-SYN-01,CRM,FORECAST_SNAPSHOT,FCST-034-010,OPP-0010,RESOLVED,2025-05-23T18:00:00-06:00,2026-09-26T08:00:00-06:00,2026-06-29T00:00:00-06:00,,1,,false,ACTIVE,,USD,VALID,CURRENT,coolit-synthetic-v2.0.0,CUST-010,PRG-002,CFG-CDU-03,SYNTHETIC_INTERNAL,SNP-COOLIT-20260925-BL,SCN-BASELINE,FCST-034-010,2026-H34,OPP-0010,OPPL-0010,ACC-010,PRG-002,CFG-CDU-03,SOLUTION_DESIGN,0.35,PIPELINE,2025-08-11,3,297000,0,CLOSED_PERIOD
TEN-COOLIT-SYN-001,SITE-COOLIT-SYN-01,CRM,FORECAST_SNAPSHOT,FCST-034-011,OPP-0011,RESOLVED,2025-05-23T18:00:00-06:00,2026-09-26T08:00:00-06:00,2026-06-29T00:00:00-06:00,,1,,false,ACTIVE,,USD,VALID,CURRENT,coolit-synthetic-v2.0.0,CUST-001,PRG-003,CFG-CPL-04,SYNTHETIC_INTERNAL,SNP-COOLIT-20260925-BL,SCN-BASELINE,FCST-034-011,2026-H34,OPP-0011,OPPL-0011,ACC-001,PRG-003,CFG-CPL-04,SOLUTION_DESIGN,0.35,PIPELINE,2025-08-18,5,44500,0,CLOSED_PERIOD
TEN-COOLIT-SYN-001,SITE-COOLIT-SYN-01,CRM,FORECAST_SNAPSHOT,FCST-034-012,OPP-0012,RESOLVED,2025-05-23T18:00:00-06:00,2026-09-26T08:00:00-06:00,2026-06-29T00:00:00-06:00,,1,,false,ACTIVE,,USD,VALID,CURRENT,coolit-synthetic-v2.0.0,CUST-002,PRG-004,CFG-CDU-01,SYNTHETIC_INTERNAL,SNP-COOLIT-20260925-BL,SCN-BASELINE,FCST-034-012,2026-H34,OPP-0012,OPPL-0012,ACC-002,PRG-004,CFG-CDU-01,SOLUTION_DESIGN,0.35,PIPELINE,2025-08-25,7,567000,0,CLOSED_PERIOD
TEN-COOLIT-SYN-001,SITE-COOLIT-SYN-01,CRM,FORECAST_SNAPSHOT,FCST-034-013,OPP-0013,RESOLVED,2025-05-23T18:00:00-06:00,2026-09-26T08:00:00-06:00,2026-06-29T00:00:00-06:00,,1,,false,ACTIVE,,USD,VALID,CURRENT,coolit-synthetic-v2.0.0,CUST-003,PRG-005,CFG-CPL-02,SYNTHETIC_INTERNAL,SNP-COOLIT-20260925-BL,SCN-BASELINE,FCST-034-013,2026-H34,OPP-0013,OPPL-0013,ACC-003,PRG-005,CFG-CPL-02,SOLUTION_DESIGN,0.35,PIPELINE,2025-06-09,10,67000,0,CLOSED_PERIOD
TEN-COOLIT-SYN-001,SITE-COOLIT-SYN-01,CRM,FORECAST_SNAPSHOT,FCST-034-014,OPP-0014,RESOLVED,2025-05-23T18:00:00-06:00,2026-09-26T08:00:00-06:00,2026-06-29T00:00:00-06:00,,1,,false,ACTIVE,,USD,VALID,CURRENT,coolit-synthetic-v2.0.0,CUST-004,PRG-006,CFG-RM-03,SYNTHETIC_INTERNAL,SNP-COOLIT-20260925-BL,SCN-BASELINE,FCST-034-014,2026-H34,OPP-0014,OPPL-0014,ACC-004,PRG-006,CFG-RM-03,SOLUTION_DESIGN,0.35,PIPELINE,2025-06-16,12,93600,0,CLOSED_PERIOD
TEN-COOLIT-SYN-001,SITE-COOLIT-SYN-01,CRM,FORECAST_SNAPSHOT,FCST-034-015,OPP-0015,RESOLVED,2025-05-23T18:00:00-06:00,2026-09-26T08:00:00-06:00,2026-06-29T00:00:00-06:00,,1,,false,ACTIVE,,USD,VALID,CURRENT,coolit-synthetic-v2.0.0,CUST-005,PRG-007,CFG-CDU-04,SYNTHETIC_INTERNAL,SNP-COOLIT-20260925-BL,SCN-BASELINE,FCST-034-015,2026-H34,OPP-0015,OPPL-0015,ACC-005,PRG-007,CFG-CDU-04,SOLUTION_DESIGN,0.35,PIPELINE,2025-06-23,15,1620000,0,CLOSED_PERIOD
TEN-COOLIT-SYN-001,SITE-COOLIT-SYN-01,CRM,FORECAST_SNAPSHOT,FCST-035-001,OPP-0001,RESOLVED,2025-05-30T18:00:00-06:00,2026-09-26T08:00:00-06:00,2026-06-29T00:00:00-06:00,,1,,false,ACTIVE,,USD,VALID,CURRENT,coolit-synthetic-v2.0.0,CUST-001,PRG-001,CFG-CPL-02,SYNTHETIC_INTERNAL,SNP-COOLIT-20260925-BL,SCN-BASELINE,FCST-035-001,2026-H35,OPP-0001,OPPL-0001,ACC-001,PRG-001,CFG-CPL-02,SOLUTION_DESIGN,0.35,PIPELINE,2025-06-13,4,26800,0,CLOSED_PERIOD
TEN-COOLIT-SYN-001,SITE-COOLIT-SYN-01,CRM,FORECAST_SNAPSHOT,FCST-035-002,OPP-0002,RESOLVED,2025-05-30T18:00:00-06:00,2026-09-26T08:00:00-06:00,2026-06-29T00:00:00-06:00,,1,,false,ACTIVE,,USD,VALID,CURRENT,coolit-synthetic-v2.0.0,CUST-002,PRG-002,CFG-RM-03,SYNTHETIC_INTERNAL,SNP-COOLIT-20260925-BL,SCN-BASELINE,FCST-035-002,2026-H35,OPP-0002,OPPL-0002,ACC-002,PRG-002,CFG-RM-03,SOLUTION_DESIGN,0.35,PIPELINE,2025-06-20,5,39000,0,CLOSED_PERIOD
TEN-COOLIT-SYN-001,SITE-COOLIT-SYN-01,CRM,FORECAST_SNAPSHOT,FCST-035-003,OPP-0003,RESOLVED,2025-05-30T18:00:00-06:00,2026-09-26T08:00:00-06:00,2026-06-29T00:00:00-06:00,,1,,false,ACTIVE,,USD,VALID,CURRENT,coolit-synthetic-v2.0.0,CUST-003,PRG-003,CFG-CDU-04,SYNTHETIC_INTERNAL,SNP-COOLIT-20260925-BL,SCN-BASELINE,FCST-035-003,2026-H35,OPP-0003,OPPL-0003,ACC-003,PRG-003,CFG-CDU-04,SOLUTION_DESIGN,0.35,PIPELINE,2025-06-27,7,756000,0,CLOSED_PERIOD
TEN-COOLIT-SYN-001,SITE-COOLIT-SYN-01,CRM,FORECAST_SNAPSHOT,FCST-035-004,OPP-0004,RESOLVED,2025-05-30T18:00:00-06:00,2026-09-26T08:00:00-06:00,2026-06-29T00:00:00-06:00,,1,,false,ACTIVE,,USD,VALID,CURRENT,coolit-synthetic-v2.0.0,CUST-004,PRG-004,CFG-RM-01,SYNTHETIC_INTERNAL,SNP-COOLIT-20260925-BL,SCN-BASELINE,FCST-035-004,2026-H35,OPP-0004,OPPL-0004,ACC-004,PRG-004,CFG-RM-01,SOLUTION_DESIGN,0.35,PIPELINE,2025-07-04,9,50400,0,CLOSED_PERIOD
TEN-COOLIT-SYN-001,SITE-COOLIT-SYN-01,CRM,FORECAST_SNAPSHOT,FCST-035-005,OPP-0005,RESOLVED,2025-05-30T18:00:00-06:00,2026-09-26T08:00:00-06:00,2026-06-29T00:00:00-06:00,,1,,false,ACTIVE,,USD,VALID,CURRENT,coolit-synthetic-v2.0.0,CUST-005,PRG-005,CFG-CDU-02,SYNTHETIC_INTERNAL,SNP-COOLIT-20260925-BL,SCN-BASELINE,FCST-035-005,2026-H35,OPP-0005,OPPL-0005,ACC-005,PRG-005,CFG-CDU-02,SOLUTION_DESIGN,0.35,PIPELINE,2025-07-11,12,1080000,0,CLOSED_PERIOD
TEN-COOLIT-SYN-001,SITE-COOLIT-SYN-01,CRM,FORECAST_SNAPSHOT,FCST-035-006,OPP-0006,RESOLVED,2025-05-30T18:00:00-06:00,2026-09-26T08:00:00-06:00,2026-06-29T00:00:00-06:00,,1,,false,ACTIVE,,USD,VALID,CURRENT,coolit-synthetic-v2.0.0,CUST-006,PRG-006,CFG-CPL-03,SYNTHETIC_INTERNAL,SNP-COOLIT-20260925-BL,SCN-BASELINE,FCST-035-006,2026-H35,OPP-0006,OPPL-0006,ACC-006,PRG-006,CFG-CPL-03,SOLUTION_DESIGN,0.35,PIPELINE,2025-07-18,14,109200,0,CLOSED_PERIOD
TEN-COOLIT-SYN-001,SITE-COOLIT-SYN-01,CRM,FORECAST_SNAPSHOT,FCST-035-007,OPP-0007,RESOLVED,2025-05-30T18:00:00-06:00,2026-09-26T08:00:00-06:00,2026-06-29T00:00:00-06:00,,1,,false,ACTIVE,,USD,VALID,CURRENT,coolit-synthetic-v2.0.0,CUST-007,PRG-007,CFG-RM-04,SYNTHETIC_INTERNAL,SNP-COOLIT-20260925-BL,SCN-BASELINE,FCST-035-007,2026-H35,OPP-0007,OPPL-0007,ACC-007,PRG-007,CFG-RM-04,SOLUTION_DESIGN,0.35,PIPELINE,2025-07-25,17,151300,0,CLOSED_PERIOD
TEN-COOLIT-SYN-001,SITE-COOLIT-SYN-01,CRM,FORECAST_SNAPSHOT,FCST-035-008,OPP-0008,RESOLVED,2025-05-30T18:00:00-06:00,2026-09-26T08:00:00-06:00,2026-06-29T00:00:00-06:00,,1,,false,ACTIVE,,USD,VALID,CURRENT,coolit-synthetic-v2.0.0,CUST-008,PRG-008,CFG-CPL-01,SYNTHETIC_INTERNAL,SNP-COOLIT-20260925-BL,SCN-BASELINE,FCST-035-008,2026-H35,OPP-0008,OPPL-0008,ACC-008,PRG-008,CFG-CPL-01,SOLUTION_DESIGN,0.35,PIPELINE,2025-08-01,20,112000,0,CLOSED_PERIOD
TEN-COOLIT-SYN-001,SITE-COOLIT-SYN-01,CRM,FORECAST_SNAPSHOT,FCST-035-009,OPP-0009,RESOLVED,2025-05-30T18:00:00-06:00,2026-09-26T08:00:00-06:00,2026-06-29T00:00:00-06:00,,1,,false,ACTIVE,,USD,VALID,CURRENT,coolit-synthetic-v2.0.0,CUST-009,PRG-001,CFG-RM-02,SYNTHETIC_INTERNAL,SNP-COOLIT-20260925-BL,SCN-BASELINE,FCST-035-009,2026-H35,OPP-0009,OPPL-0009,ACC-009,PRG-001,CFG-RM-02,SOLUTION_DESIGN,0.35,PIPELINE,2025-08-08,18,120600,0,CLOSED_PERIOD
TEN-COOLIT-SYN-001,SITE-COOLIT-SYN-01,CRM,FORECAST_SNAPSHOT,FCST-035-010,OPP-0010,RESOLVED,2025-05-30T18:00:00-06:00,2026-09-26T08:00:00-06:00,2026-06-29T00:00:00-06:00,,1,,false,ACTIVE,,USD,VALID,CURRENT,coolit-synthetic-v2.0.0,CUST-010,PRG-002,CFG-CDU-03,SYNTHETIC_INTERNAL,SNP-COOLIT-20260925-BL,SCN-BASELINE,FCST-035-010,2026-H35,OPP-0010,OPPL-0010,ACC-010,PRG-002,CFG-CDU-03,SOLUTION_DESIGN,0.35,PIPELINE,2025-08-15,3,297000,0,CLOSED_PERIOD
TEN-COOLIT-SYN-001,SITE-COOLIT-SYN-01,CRM,FORECAST_SNAPSHOT,FCST-035-011,OPP-0011,RESOLVED,2025-05-30T18:00:00-06:00,2026-09-26T08:00:00-06:00,2026-06-29T00:00:00-06:00,,1,,false,ACTIVE,,USD,VALID,CURRENT,coolit-synthetic-v2.0.0,CUST-001,PRG-003,CFG-CPL-04,SYNTHETIC_INTERNAL,SNP-COOLIT-20260925-BL,SCN-BASELINE,FCST-035-011,2026-H35,OPP-0011,OPPL-0011,ACC-001,PRG-003,CFG-CPL-04,SOLUTION_DESIGN,0.35,PIPELINE,2025-08-22,5,44500,0,CLOSED_PERIOD
TEN-COOLIT-SYN-001,SITE-COOLIT-SYN-01,CRM,FORECAST_SNAPSHOT,FCST-035-012,OPP-0012,RESOLVED,2025-05-30T18:00:00-06:00,2026-09-26T08:00:00-06:00,2026-06-29T00:00:00-06:00,,1,,false,ACTIVE,,USD,VALID,CURRENT,coolit-synthetic-v2.0.0,CUST-002,PRG-004,CFG-CDU-01,SYNTHETIC_INTERNAL,SNP-COOLIT-20260925-BL,SCN-BASELINE,FCST-035-012,2026-H35,OPP-0012,OPPL-0012,ACC-002,PRG-004,CFG-CDU-01,SOLUTION_DESIGN,0.35,PIPELINE,2025-08-29,8,648000,0,CLOSED_PERIOD
TEN-COOLIT-SYN-001,SITE-COOLIT-SYN-01,CRM,FORECAST_SNAPSHOT,FCST-035-013,OPP-0013,RESOLVED,2025-05-30T18:00:00-06:00,2026-09-26T08:00:00-06:00,2026-06-29T00:00:00-06:00,,1,,false,ACTIVE,,USD,VALID,CURRENT,coolit-synthetic-v2.0.0,CUST-003,PRG-005,CFG-CPL-02,SYNTHETIC_INTERNAL,SNP-COOLIT-20260925-BL,SCN-BASELINE,FCST-035-013,2026-H35,OPP-0013,OPPL-0013,ACC-003,PRG-005,CFG-CPL-02,SOLUTION_DESIGN,0.35,PIPELINE,2025-06-13,10,67000,0,CLOSED_PERIOD
TEN-COOLIT-SYN-001,SITE-COOLIT-SYN-01,CRM,FORECAST_SNAPSHOT,FCST-035-014,OPP-0014,RESOLVED,2025-05-30T18:00:00-06:00,2026-09-26T08:00:00-06:00,2026-06-29T00:00:00-06:00,,1,,false,ACTIVE,,USD,VALID,CURRENT,coolit-synthetic-v2.0.0,CUST-004,PRG-006,CFG-RM-03,SYNTHETIC_INTERNAL,SNP-COOLIT-20260925-BL,SCN-BASELINE,FCST-035-014,2026-H35,OPP-0014,OPPL-0014,ACC-004,PRG-006,CFG-RM-03,SOLUTION_DESIGN,0.35,PIPELINE,2025-06-20,12,93600,0,CLOSED_PERIOD
TEN-COOLIT-SYN-001,SITE-COOLIT-SYN-01,CRM,FORECAST_SNAPSHOT,FCST-035-015,OPP-0015,RESOLVED,2025-05-30T18:00:00-06:00,2026-09-26T08:00:00-06:00,2026-06-29T00:00:00-06:00,,1,,false,ACTIVE,,USD,VALID,CURRENT,coolit-synthetic-v2.0.0,CUST-005,PRG-007,CFG-CDU-04,SYNTHETIC_INTERNAL,SNP-COOLIT-20260925-BL,SCN-BASELINE,FCST-035-015,2026-H35,OPP-0015,OPPL-0015,ACC-005,PRG-007,CFG-CDU-04,SOLUTION_DESIGN,0.35,PIPELINE,2025-06-27,15,1620000,0,CLOSED_PERIOD
TEN-COOLIT-SYN-001,SITE-COOLIT-SYN-01,CRM,FORECAST_SNAPSHOT,FCST-036-001,OPP-0001,RESOLVED,2025-06-06T18:00:00-06:00,2026-09-26T08:00:00-06:00,2026-06-29T00:00:00-06:00,,1,,false,ACTIVE,,USD,VALID,CURRENT,coolit-synthetic-v2.0.0,CUST-001,PRG-001,CFG-CPL-02,SYNTHETIC_INTERNAL,SNP-COOLIT-20260925-BL,SCN-BASELINE,FCST-036-001,2026-H36,OPP-0001,OPPL-0001,ACC-001,PRG-001,CFG-CPL-02,SOLUTION_DESIGN,0.35,PIPELINE,2025-06-17,3,20100,0,CLOSED_PERIOD
TEN-COOLIT-SYN-001,SITE-COOLIT-SYN-01,CRM,FORECAST_SNAPSHOT,FCST-036-002,OPP-0002,RESOLVED,2025-06-06T18:00:00-06:00,2026-09-26T08:00:00-06:00,2026-06-29T00:00:00-06:00,,1,,false,ACTIVE,,USD,VALID,CURRENT,coolit-synthetic-v2.0.0,CUST-002,PRG-002,CFG-RM-03,SYNTHETIC_INTERNAL,SNP-COOLIT-20260925-BL,SCN-BASELINE,FCST-036-002,2026-H36,OPP-0002,OPPL-0002,ACC-002,PRG-002,CFG-RM-03,SOLUTION_DESIGN,0.35,PIPELINE,2025-06-24,5,39000,0,CLOSED_PERIOD
TEN-COOLIT-SYN-001,SITE-COOLIT-SYN-01,CRM,FORECAST_SNAPSHOT,FCST-036-003,OPP-0003,RESOLVED,2025-06-06T18:00:00-06:00,2026-09-26T08:00:00-06:00,2026-06-29T00:00:00-06:00,,1,,false,ACTIVE,,USD,VALID,CURRENT,coolit-synthetic-v2.0.0,CUST-003,PRG-003,CFG-CDU-04,SYNTHETIC_INTERNAL,SNP-COOLIT-20260925-BL,SCN-BASELINE,FCST-036-003,2026-H36,OPP-0003,OPPL-0003,ACC-003,PRG-003,CFG-CDU-04,SOLUTION_DESIGN,0.35,PIPELINE,2025-07-01,7,756000,0,CLOSED_PERIOD
TEN-COOLIT-SYN-001,SITE-COOLIT-SYN-01,CRM,FORECAST_SNAPSHOT,FCST-036-004,OPP-0004,RESOLVED,2025-06-06T18:00:00-06:00,2026-09-26T08:00:00-06:00,2026-06-29T00:00:00-06:00,,1,,false,ACTIVE,,USD,VALID,CURRENT,coolit-synthetic-v2.0.0,CUST-004,PRG-004,CFG-RM-01,SYNTHETIC_INTERNAL,SNP-COOLIT-20260925-BL,SCN-BASELINE,FCST-036-004,2026-H36,OPP-0004,OPPL-0004,ACC-004,PRG-004,CFG-RM-01,SOLUTION_DESIGN,0.35,PIPELINE,2025-07-08,10,56000,0,CLOSED_PERIOD
TEN-COOLIT-SYN-001,SITE-COOLIT-SYN-01,CRM,FORECAST_SNAPSHOT,FCST-036-005,OPP-0005,RESOLVED,2025-06-06T18:00:00-06:00,2026-09-26T08:00:00-06:00,2026-06-29T00:00:00-06:00,,1,,false,ACTIVE,,USD,VALID,CURRENT,coolit-synthetic-v2.0.0,CUST-005,PRG-005,CFG-CDU-02,SYNTHETIC_INTERNAL,SNP-COOLIT-20260925-BL,SCN-BASELINE,FCST-036-005,2026-H36,OPP-0005,OPPL-0005,ACC-005,PRG-005,CFG-CDU-02,SOLUTION_DESIGN,0.35,PIPELINE,2025-07-15,12,1080000,0,CLOSED_PERIOD
TEN-COOLIT-SYN-001,SITE-COOLIT-SYN-01,CRM,FORECAST_SNAPSHOT,FCST-036-006,OPP-0006,RESOLVED,2025-06-06T18:00:00-06:00,2026-09-26T08:00:00-06:00,2026-06-29T00:00:00-06:00,,1,,false,ACTIVE,,USD,VALID,CURRENT,coolit-synthetic-v2.0.0,CUST-006,PRG-006,CFG-CPL-03,SYNTHETIC_INTERNAL,SNP-COOLIT-20260925-BL,SCN-BASELINE,FCST-036-006,2026-H36,OPP-0006,OPPL-0006,ACC-006,PRG-006,CFG-CPL-03,SOLUTION_DESIGN,0.35,PIPELINE,2025-07-22,15,117000,0,CLOSED_PERIOD
TEN-COOLIT-SYN-001,SITE-COOLIT-SYN-01,CRM,FORECAST_SNAPSHOT,FCST-036-007,OPP-0007,RESOLVED,2025-06-06T18:00:00-06:00,2026-09-26T08:00:00-06:00,2026-06-29T00:00:00-06:00,,1,,false,ACTIVE,,USD,VALID,CURRENT,coolit-synthetic-v2.0.0,CUST-007,PRG-007,CFG-RM-04,SYNTHETIC_INTERNAL,SNP-COOLIT-20260925-BL,SCN-BASELINE,FCST-036-007,2026-H36,OPP-0007,OPPL-0007,ACC-007,PRG-007,CFG-RM-04,SOLUTION_DESIGN,0.35,PIPELINE,2025-07-29,17,151300,0,CLOSED_PERIOD
TEN-COOLIT-SYN-001,SITE-COOLIT-SYN-01,CRM,FORECAST_SNAPSHOT,FCST-036-008,OPP-0008,RESOLVED,2025-06-06T18:00:00-06:00,2026-09-26T08:00:00-06:00,2026-06-29T00:00:00-06:00,,1,,false,ACTIVE,,USD,VALID,CURRENT,coolit-synthetic-v2.0.0,CUST-008,PRG-008,CFG-CPL-01,SYNTHETIC_INTERNAL,SNP-COOLIT-20260925-BL,SCN-BASELINE,FCST-036-008,2026-H36,OPP-0008,OPPL-0008,ACC-008,PRG-008,CFG-CPL-01,SOLUTION_DESIGN,0.35,PIPELINE,2025-08-05,16,89600,0,CLOSED_PERIOD
TEN-COOLIT-SYN-001,SITE-COOLIT-SYN-01,CRM,FORECAST_SNAPSHOT,FCST-036-009,OPP-0009,RESOLVED,2025-06-06T18:00:00-06:00,2026-09-26T08:00:00-06:00,2026-06-29T00:00:00-06:00,,1,,false,ACTIVE,,USD,VALID,CURRENT,coolit-synthetic-v2.0.0,CUST-009,PRG-001,CFG-RM-02,SYNTHETIC_INTERNAL,SNP-COOLIT-20260925-BL,SCN-BASELINE,FCST-036-009,2026-H36,OPP-0009,OPPL-0009,ACC-009,PRG-001,CFG-RM-02,SOLUTION_DESIGN,0.35,PIPELINE,2025-08-12,19,127300,0,CLOSED_PERIOD
TEN-COOLIT-SYN-001,SITE-COOLIT-SYN-01,CRM,FORECAST_SNAPSHOT,FCST-036-010,OPP-0010,RESOLVED,2025-06-06T18:00:00-06:00,2026-09-26T08:00:00-06:00,2026-06-29T00:00:00-06:00,,1,,false,ACTIVE,,USD,VALID,CURRENT,coolit-synthetic-v2.0.0,CUST-010,PRG-002,CFG-CDU-03,SYNTHETIC_INTERNAL,SNP-COOLIT-20260925-BL,SCN-BASELINE,FCST-036-010,2026-H36,OPP-0010,OPPL-0010,ACC-010,PRG-002,CFG-CDU-03,SOLUTION_DESIGN,0.35,PIPELINE,2025-08-19,3,297000,0,CLOSED_PERIOD
TEN-COOLIT-SYN-001,SITE-COOLIT-SYN-01,CRM,FORECAST_SNAPSHOT,FCST-036-011,OPP-0011,RESOLVED,2025-06-06T18:00:00-06:00,2026-09-26T08:00:00-06:00,2026-06-29T00:00:00-06:00,,1,,false,ACTIVE,,USD,VALID,CURRENT,coolit-synthetic-v2.0.0,CUST-001,PRG-003,CFG-CPL-04,SYNTHETIC_INTERNAL,SNP-COOLIT-20260925-BL,SCN-BASELINE,FCST-036-011,2026-H36,OPP-0011,OPPL-0011,ACC-001,PRG-003,CFG-CPL-04,SOLUTION_DESIGN,0.35,PIPELINE,2025-08-26,6,53400,0,CLOSED_PERIOD
TEN-COOLIT-SYN-001,SITE-COOLIT-SYN-01,CRM,FORECAST_SNAPSHOT,FCST-036-012,OPP-0012,RESOLVED,2025-06-06T18:00:00-06:00,2026-09-26T08:00:00-06:00,2026-06-29T00:00:00-06:00,,1,,false,ACTIVE,,USD,VALID,CURRENT,coolit-synthetic-v2.0.0,CUST-002,PRG-004,CFG-CDU-01,SYNTHETIC_INTERNAL,SNP-COOLIT-20260925-BL,SCN-BASELINE,FCST-036-012,2026-H36,OPP-0012,OPPL-0012,ACC-002,PRG-004,CFG-CDU-01,SOLUTION_DESIGN,0.35,PIPELINE,2025-09-02,8,648000,0,CLOSED_PERIOD
TEN-COOLIT-SYN-001,SITE-COOLIT-SYN-01,CRM,FORECAST_SNAPSHOT,FCST-036-013,OPP-0013,RESOLVED,2025-06-06T18:00:00-06:00,2026-09-26T08:00:00-06:00,2026-06-29T00:00:00-06:00,,1,,false,ACTIVE,,USD,VALID,CURRENT,coolit-synthetic-v2.0.0,CUST-003,PRG-005,CFG-CPL-02,SYNTHETIC_INTERNAL,SNP-COOLIT-20260925-BL,SCN-BASELINE,FCST-036-013,2026-H36,OPP-0013,OPPL-0013,ACC-003,PRG-005,CFG-CPL-02,SOLUTION_DESIGN,0.35,PIPELINE,2025-06-17,10,67000,0,CLOSED_PERIOD
TEN-COOLIT-SYN-001,SITE-COOLIT-SYN-01,CRM,FORECAST_SNAPSHOT,FCST-036-014,OPP-0014,RESOLVED,2025-06-06T18:00:00-06:00,2026-09-26T08:00:00-06:00,2026-06-29T00:00:00-06:00,,1,,false,ACTIVE,,USD,VALID,CURRENT,coolit-synthetic-v2.0.0,CUST-004,PRG-006,CFG-RM-03,SYNTHETIC_INTERNAL,SNP-COOLIT-20260925-BL,SCN-BASELINE,FCST-036-014,2026-H36,OPP-0014,OPPL-0014,ACC-004,PRG-006,CFG-RM-03,SOLUTION_DESIGN,0.35,PIPELINE,2025-06-24,13,101400,0,CLOSED_PERIOD
TEN-COOLIT-SYN-001,SITE-COOLIT-SYN-01,CRM,FORECAST_SNAPSHOT,FCST-036-015,OPP-0015,RESOLVED,2025-06-06T18:00:00-06:00,2026-09-26T08:00:00-06:00,2026-06-29T00:00:00-06:00,,1,,false,ACTIVE,,USD,VALID,CURRENT,coolit-synthetic-v2.0.0,CUST-005,PRG-007,CFG-CDU-04,SYNTHETIC_INTERNAL,SNP-COOLIT-20260925-BL,SCN-BASELINE,FCST-036-015,2026-H36,OPP-0015,OPPL-0015,ACC-005,PRG-007,CFG-CDU-04,SOLUTION_DESIGN,0.35,PIPELINE,2025-07-01,13,1404000,0,CLOSED_PERIOD
TEN-COOLIT-SYN-001,SITE-COOLIT-SYN-01,CRM,FORECAST_SNAPSHOT,FCST-037-001,OPP-0001,RESOLVED,2025-06-13T18:00:00-06:00,2026-09-26T08:00:00-06:00,2026-06-29T00:00:00-06:00,,1,,false,ACTIVE,,USD,VALID,CURRENT,coolit-synthetic-v2.0.0,CUST-001,PRG-001,CFG-CPL-02,SYNTHETIC_INTERNAL,SNP-COOLIT-20260925-BL,SCN-BASELINE,FCST-037-001,2026-H37,OPP-0001,OPPL-0001,ACC-001,PRG-001,CFG-CPL-02,SOLUTION_DESIGN,0.35,PIPELINE,2025-07-18,3,20100,0,CLOSED_PERIOD
TEN-COOLIT-SYN-001,SITE-COOLIT-SYN-01,CRM,FORECAST_SNAPSHOT,FCST-037-002,OPP-0002,RESOLVED,2025-06-13T18:00:00-06:00,2026-09-26T08:00:00-06:00,2026-06-29T00:00:00-06:00,,1,,false,ACTIVE,,USD,VALID,CURRENT,coolit-synthetic-v2.0.0,CUST-002,PRG-002,CFG-RM-03,SYNTHETIC_INTERNAL,SNP-COOLIT-20260925-BL,SCN-BASELINE,FCST-037-002,2026-H37,OPP-0002,OPPL-0002,ACC-002,PRG-002,CFG-RM-03,SOLUTION_DESIGN,0.35,PIPELINE,2025-07-25,5,39000,0,CLOSED_PERIOD
TEN-COOLIT-SYN-001,SITE-COOLIT-SYN-01,CRM,FORECAST_SNAPSHOT,FCST-037-003,OPP-0003,RESOLVED,2025-06-13T18:00:00-06:00,2026-09-26T08:00:00-06:00,2026-06-29T00:00:00-06:00,,1,,false,ACTIVE,,USD,VALID,CURRENT,coolit-synthetic-v2.0.0,CUST-003,PRG-003,CFG-CDU-04,SYNTHETIC_INTERNAL,SNP-COOLIT-20260925-BL,SCN-BASELINE,FCST-037-003,2026-H37,OPP-0003,OPPL-0003,ACC-003,PRG-003,CFG-CDU-04,SOLUTION_DESIGN,0.35,PIPELINE,2025-08-01,8,864000,0,CLOSED_PERIOD
TEN-COOLIT-SYN-001,SITE-COOLIT-SYN-01,CRM,FORECAST_SNAPSHOT,FCST-037-004,OPP-0004,RESOLVED,2025-06-13T18:00:00-06:00,2026-09-26T08:00:00-06:00,2026-06-29T00:00:00-06:00,,1,,false,ACTIVE,,USD,VALID,CURRENT,coolit-synthetic-v2.0.0,CUST-004,PRG-004,CFG-RM-01,SYNTHETIC_INTERNAL,SNP-COOLIT-20260925-BL,SCN-BASELINE,FCST-037-004,2026-H37,OPP-0004,OPPL-0004,ACC-004,PRG-004,CFG-RM-01,SOLUTION_DESIGN,0.35,PIPELINE,2025-08-08,10,56000,0,CLOSED_PERIOD
TEN-COOLIT-SYN-001,SITE-COOLIT-SYN-01,CRM,FORECAST_SNAPSHOT,FCST-037-005,OPP-0005,RESOLVED,2025-06-13T18:00:00-06:00,2026-09-26T08:00:00-06:00,2026-06-29T00:00:00-06:00,,1,,false,ACTIVE,,USD,VALID,CURRENT,coolit-synthetic-v2.0.0,CUST-005,PRG-005,CFG-CDU-02,SYNTHETIC_INTERNAL,SNP-COOLIT-20260925-BL,SCN-BASELINE,FCST-037-005,2026-H37,OPP-0005,OPPL-0005,ACC-005,PRG-005,CFG-CDU-02,SOLUTION_DESIGN,0.35,PIPELINE,2025-08-15,12,1080000,0,CLOSED_PERIOD
TEN-COOLIT-SYN-001,SITE-COOLIT-SYN-01,CRM,FORECAST_SNAPSHOT,FCST-037-006,OPP-0006,RESOLVED,2025-06-13T18:00:00-06:00,2026-09-26T08:00:00-06:00,2026-06-29T00:00:00-06:00,,1,,false,ACTIVE,,USD,VALID,CURRENT,coolit-synthetic-v2.0.0,CUST-006,PRG-006,CFG-CPL-03,SYNTHETIC_INTERNAL,SNP-COOLIT-20260925-BL,SCN-BASELINE,FCST-037-006,2026-H37,OPP-0006,OPPL-0006,ACC-006,PRG-006,CFG-CPL-03,SOLUTION_DESIGN,0.35,PIPELINE,2025-08-22,15,117000,0,CLOSED_PERIOD
TEN-COOLIT-SYN-001,SITE-COOLIT-SYN-01,CRM,FORECAST_SNAPSHOT,FCST-037-007,OPP-0007,RESOLVED,2025-06-13T18:00:00-06:00,2026-09-26T08:00:00-06:00,2026-06-29T00:00:00-06:00,,1,,false,ACTIVE,,USD,VALID,CURRENT,coolit-synthetic-v2.0.0,CUST-007,PRG-007,CFG-RM-04,SYNTHETIC_INTERNAL,SNP-COOLIT-20260925-BL,SCN-BASELINE,FCST-037-007,2026-H37,OPP-0007,OPPL-0007,ACC-007,PRG-007,CFG-RM-04,SOLUTION_DESIGN,0.35,PIPELINE,2025-08-29,14,124600,0,CLOSED_PERIOD
TEN-COOLIT-SYN-001,SITE-COOLIT-SYN-01,CRM,FORECAST_SNAPSHOT,FCST-037-008,OPP-0008,RESOLVED,2025-06-13T18:00:00-06:00,2026-09-26T08:00:00-06:00,2026-06-29T00:00:00-06:00,,1,,false,ACTIVE,,USD,VALID,CURRENT,coolit-synthetic-v2.0.0,CUST-008,PRG-008,CFG-CPL-01,SYNTHETIC_INTERNAL,SNP-COOLIT-20260925-BL,SCN-BASELINE,FCST-037-008,2026-H37,OPP-0008,OPPL-0008,ACC-008,PRG-008,CFG-CPL-01,SOLUTION_DESIGN,0.35,PIPELINE,2025-09-05,17,95200,0,CLOSED_PERIOD
TEN-COOLIT-SYN-001,SITE-COOLIT-SYN-01,CRM,FORECAST_SNAPSHOT,FCST-037-009,OPP-0009,RESOLVED,2025-06-13T18:00:00-06:00,2026-09-26T08:00:00-06:00,2026-06-29T00:00:00-06:00,,1,,false,ACTIVE,,USD,VALID,CURRENT,coolit-synthetic-v2.0.0,CUST-009,PRG-001,CFG-RM-02,SYNTHETIC_INTERNAL,SNP-COOLIT-20260925-BL,SCN-BASELINE,FCST-037-009,2026-H37,OPP-0009,OPPL-0009,ACC-009,PRG-001,CFG-RM-02,SOLUTION_DESIGN,0.35,PIPELINE,2025-09-12,19,127300,0,CLOSED_PERIOD
TEN-COOLIT-SYN-001,SITE-COOLIT-SYN-01,CRM,FORECAST_SNAPSHOT,FCST-037-010,OPP-0010,RESOLVED,2025-06-13T18:00:00-06:00,2026-09-26T08:00:00-06:00,2026-06-29T00:00:00-06:00,,1,,false,ACTIVE,,USD,VALID,CURRENT,coolit-synthetic-v2.0.0,CUST-010,PRG-002,CFG-CDU-03,SYNTHETIC_INTERNAL,SNP-COOLIT-20260925-BL,SCN-BASELINE,FCST-037-010,2026-H37,OPP-0010,OPPL-0010,ACC-010,PRG-002,CFG-CDU-03,SOLUTION_DESIGN,0.35,PIPELINE,2025-09-19,3,297000,0,CLOSED_PERIOD
TEN-COOLIT-SYN-001,SITE-COOLIT-SYN-01,CRM,FORECAST_SNAPSHOT,FCST-037-011,OPP-0011,RESOLVED,2025-06-13T18:00:00-06:00,2026-09-26T08:00:00-06:00,2026-06-29T00:00:00-06:00,,1,,false,ACTIVE,,USD,VALID,CURRENT,coolit-synthetic-v2.0.0,CUST-001,PRG-003,CFG-CPL-04,SYNTHETIC_INTERNAL,SNP-COOLIT-20260925-BL,SCN-BASELINE,FCST-037-011,2026-H37,OPP-0011,OPPL-0011,ACC-001,PRG-003,CFG-CPL-04,SOLUTION_DESIGN,0.35,PIPELINE,2025-09-26,6,53400,0,CLOSED_PERIOD
TEN-COOLIT-SYN-001,SITE-COOLIT-SYN-01,CRM,FORECAST_SNAPSHOT,FCST-037-012,OPP-0012,RESOLVED,2025-06-13T18:00:00-06:00,2026-09-26T08:00:00-06:00,2026-06-29T00:00:00-06:00,,1,,false,ACTIVE,,USD,VALID,CURRENT,coolit-synthetic-v2.0.0,CUST-002,PRG-004,CFG-CDU-01,SYNTHETIC_INTERNAL,SNP-COOLIT-20260925-BL,SCN-BASELINE,FCST-037-012,2026-H37,OPP-0012,OPPL-0012,ACC-002,PRG-004,CFG-CDU-01,SOLUTION_DESIGN,0.35,PIPELINE,2025-10-03,8,648000,0,CLOSED_PERIOD
TEN-COOLIT-SYN-001,SITE-COOLIT-SYN-01,CRM,FORECAST_SNAPSHOT,FCST-037-013,OPP-0013,RESOLVED,2025-06-13T18:00:00-06:00,2026-09-26T08:00:00-06:00,2026-06-29T00:00:00-06:00,,1,,false,ACTIVE,,USD,VALID,CURRENT,coolit-synthetic-v2.0.0,CUST-003,PRG-005,CFG-CPL-02,SYNTHETIC_INTERNAL,SNP-COOLIT-20260925-BL,SCN-BASELINE,FCST-037-013,2026-H37,OPP-0013,OPPL-0013,ACC-003,PRG-005,CFG-CPL-02,SOLUTION_DESIGN,0.35,PIPELINE,2025-07-18,11,73700,0,CLOSED_PERIOD
TEN-COOLIT-SYN-001,SITE-COOLIT-SYN-01,CRM,FORECAST_SNAPSHOT,FCST-037-014,OPP-0014,RESOLVED,2025-06-13T18:00:00-06:00,2026-09-26T08:00:00-06:00,2026-06-29T00:00:00-06:00,,1,,false,ACTIVE,,USD,VALID,CURRENT,coolit-synthetic-v2.0.0,CUST-004,PRG-006,CFG-RM-03,SYNTHETIC_INTERNAL,SNP-COOLIT-20260925-BL,SCN-BASELINE,FCST-037-014,2026-H37,OPP-0014,OPPL-0014,ACC-004,PRG-006,CFG-RM-03,SOLUTION_DESIGN,0.35,PIPELINE,2025-07-25,11,85800,0,CLOSED_PERIOD
TEN-COOLIT-SYN-001,SITE-COOLIT-SYN-01,CRM,FORECAST_SNAPSHOT,FCST-037-015,OPP-0015,RESOLVED,2025-06-13T18:00:00-06:00,2026-09-26T08:00:00-06:00,2026-06-29T00:00:00-06:00,,1,,false,ACTIVE,,USD,VALID,CURRENT,coolit-synthetic-v2.0.0,CUST-005,PRG-007,CFG-CDU-04,SYNTHETIC_INTERNAL,SNP-COOLIT-20260925-BL,SCN-BASELINE,FCST-037-015,2026-H37,OPP-0015,OPPL-0015,ACC-005,PRG-007,CFG-CDU-04,SOLUTION_DESIGN,0.35,PIPELINE,2025-08-01,13,1404000,0,CLOSED_PERIOD
TEN-COOLIT-SYN-001,SITE-COOLIT-SYN-01,CRM,FORECAST_SNAPSHOT,FCST-038-001,OPP-0001,RESOLVED,2025-06-20T18:00:00-06:00,2026-09-26T08:00:00-06:00,2026-06-29T00:00:00-06:00,,1,,false,ACTIVE,,USD,VALID,CURRENT,coolit-synthetic-v2.0.0,CUST-001,PRG-001,CFG-CPL-02,SYNTHETIC_INTERNAL,SNP-COOLIT-20260925-BL,SCN-BASELINE,FCST-038-001,2026-H38,OPP-0001,OPPL-0001,ACC-001,PRG-001,CFG-CPL-02,SOLUTION_DESIGN,0.35,PIPELINE,2025-07-22,3,20100,0,CLOSED_PERIOD
TEN-COOLIT-SYN-001,SITE-COOLIT-SYN-01,CRM,FORECAST_SNAPSHOT,FCST-038-002,OPP-0002,RESOLVED,2025-06-20T18:00:00-06:00,2026-09-26T08:00:00-06:00,2026-06-29T00:00:00-06:00,,1,,false,ACTIVE,,USD,VALID,CURRENT,coolit-synthetic-v2.0.0,CUST-002,PRG-002,CFG-RM-03,SYNTHETIC_INTERNAL,SNP-COOLIT-20260925-BL,SCN-BASELINE,FCST-038-002,2026-H38,OPP-0002,OPPL-0002,ACC-002,PRG-002,CFG-RM-03,SOLUTION_DESIGN,0.35,PIPELINE,2025-07-29,6,46800,0,CLOSED_PERIOD
TEN-COOLIT-SYN-001,SITE-COOLIT-SYN-01,CRM,FORECAST_SNAPSHOT,FCST-038-003,OPP-0003,RESOLVED,2025-06-20T18:00:00-06:00,2026-09-26T08:00:00-06:00,2026-06-29T00:00:00-06:00,,1,,false,ACTIVE,,USD,VALID,CURRENT,coolit-synthetic-v2.0.0,CUST-003,PRG-003,CFG-CDU-04,SYNTHETIC_INTERNAL,SNP-COOLIT-20260925-BL,SCN-BASELINE,FCST-038-003,2026-H38,OPP-0003,OPPL-0003,ACC-003,PRG-003,CFG-CDU-04,SOLUTION_DESIGN,0.35,PIPELINE,2025-08-05,8,864000,0,CLOSED_PERIOD
TEN-COOLIT-SYN-001,SITE-COOLIT-SYN-01,CRM,FORECAST_SNAPSHOT,FCST-038-004,OPP-0004,RESOLVED,2025-06-20T18:00:00-06:00,2026-09-26T08:00:00-06:00,2026-06-29T00:00:00-06:00,,1,,false,ACTIVE,,USD,VALID,CURRENT,coolit-synthetic-v2.0.0,CUST-004,PRG-004,CFG-RM-01,SYNTHETIC_INTERNAL,SNP-COOLIT-20260925-BL,SCN-BASELINE,FCST-038-004,2026-H38,OPP-0004,OPPL-0004,ACC-004,PRG-004,CFG-RM-01,SOLUTION_DESIGN,0.35,PIPELINE,2025-08-12,10,56000,0,CLOSED_PERIOD
TEN-COOLIT-SYN-001,SITE-COOLIT-SYN-01,CRM,FORECAST_SNAPSHOT,FCST-038-005,OPP-0005,RESOLVED,2025-06-20T18:00:00-06:00,2026-09-26T08:00:00-06:00,2026-06-29T00:00:00-06:00,,1,,false,ACTIVE,,USD,VALID,CURRENT,coolit-synthetic-v2.0.0,CUST-005,PRG-005,CFG-CDU-02,SYNTHETIC_INTERNAL,SNP-COOLIT-20260925-BL,SCN-BASELINE,FCST-038-005,2026-H38,OPP-0005,OPPL-0005,ACC-005,PRG-005,CFG-CDU-02,SOLUTION_DESIGN,0.35,PIPELINE,2025-08-19,13,1170000,0,CLOSED_PERIOD
TEN-COOLIT-SYN-001,SITE-COOLIT-SYN-01,CRM,FORECAST_SNAPSHOT,FCST-038-006,OPP-0006,RESOLVED,2025-06-20T18:00:00-06:00,2026-09-26T08:00:00-06:00,2026-06-29T00:00:00-06:00,,1,,false,ACTIVE,,USD,VALID,CURRENT,coolit-synthetic-v2.0.0,CUST-006,PRG-006,CFG-CPL-03,SYNTHETIC_INTERNAL,SNP-COOLIT-20260925-BL,SCN-BASELINE,FCST-038-006,2026-H38,OPP-0006,OPPL-0006,ACC-006,PRG-006,CFG-CPL-03,SOLUTION_DESIGN,0.35,PIPELINE,2025-08-26,13,101400,0,CLOSED_PERIOD
TEN-COOLIT-SYN-001,SITE-COOLIT-SYN-01,CRM,FORECAST_SNAPSHOT,FCST-038-007,OPP-0007,RESOLVED,2025-06-20T18:00:00-06:00,2026-09-26T08:00:00-06:00,2026-06-29T00:00:00-06:00,,1,,false,ACTIVE,,USD,VALID,CURRENT,coolit-synthetic-v2.0.0,CUST-007,PRG-007,CFG-RM-04,SYNTHETIC_INTERNAL,SNP-COOLIT-20260925-BL,SCN-BASELINE,FCST-038-007,2026-H38,OPP-0007,OPPL-0007,ACC-007,PRG-007,CFG-RM-04,SOLUTION_DESIGN,0.35,PIPELINE,2025-09-02,15,133500,0,CLOSED_PERIOD
TEN-COOLIT-SYN-001,SITE-COOLIT-SYN-01,CRM,FORECAST_SNAPSHOT,FCST-038-008,OPP-0008,RESOLVED,2025-06-20T18:00:00-06:00,2026-09-26T08:00:00-06:00,2026-06-29T00:00:00-06:00,,1,,false,ACTIVE,,USD,VALID,CURRENT,coolit-synthetic-v2.0.0,CUST-008,PRG-008,CFG-CPL-01,SYNTHETIC_INTERNAL,SNP-COOLIT-20260925-BL,SCN-BASELINE,FCST-038-008,2026-H38,OPP-0008,OPPL-0008,ACC-008,PRG-008,CFG-CPL-01,SOLUTION_DESIGN,0.35,PIPELINE,2025-09-09,17,95200,0,CLOSED_PERIOD
TEN-COOLIT-SYN-001,SITE-COOLIT-SYN-01,CRM,FORECAST_SNAPSHOT,FCST-038-009,OPP-0009,RESOLVED,2025-06-20T18:00:00-06:00,2026-09-26T08:00:00-06:00,2026-06-29T00:00:00-06:00,,1,,false,ACTIVE,,USD,VALID,CURRENT,coolit-synthetic-v2.0.0,CUST-009,PRG-001,CFG-RM-02,SYNTHETIC_INTERNAL,SNP-COOLIT-20260925-BL,SCN-BASELINE,FCST-038-009,2026-H38,OPP-0009,OPPL-0009,ACC-009,PRG-001,CFG-RM-02,SOLUTION_DESIGN,0.35,PIPELINE,2025-09-16,20,134000,0,CLOSED_PERIOD
TEN-COOLIT-SYN-001,SITE-COOLIT-SYN-01,CRM,FORECAST_SNAPSHOT,FCST-038-010,OPP-0010,RESOLVED,2025-06-20T18:00:00-06:00,2026-09-26T08:00:00-06:00,2026-06-29T00:00:00-06:00,,1,,false,ACTIVE,,USD,VALID,CURRENT,coolit-synthetic-v2.0.0,CUST-010,PRG-002,CFG-CDU-03,SYNTHETIC_INTERNAL,SNP-COOLIT-20260925-BL,SCN-BASELINE,FCST-038-010,2026-H38,OPP-0010,OPPL-0010,ACC-010,PRG-002,CFG-CDU-03,SOLUTION_DESIGN,0.35,PIPELINE,2025-09-23,4,396000,0,CLOSED_PERIOD
TEN-COOLIT-SYN-001,SITE-COOLIT-SYN-01,CRM,FORECAST_SNAPSHOT,FCST-038-011,OPP-0011,RESOLVED,2025-06-20T18:00:00-06:00,2026-09-26T08:00:00-06:00,2026-06-29T00:00:00-06:00,,1,,false,ACTIVE,,USD,VALID,CURRENT,coolit-synthetic-v2.0.0,CUST-001,PRG-003,CFG-CPL-04,SYNTHETIC_INTERNAL,SNP-COOLIT-20260925-BL,SCN-BASELINE,FCST-038-011,2026-H38,OPP-0011,OPPL-0011,ACC-001,PRG-003,CFG-CPL-04,SOLUTION_DESIGN,0.35,PIPELINE,2025-09-30,6,53400,0,CLOSED_PERIOD
TEN-COOLIT-SYN-001,SITE-COOLIT-SYN-01,CRM,FORECAST_SNAPSHOT,FCST-038-012,OPP-0012,RESOLVED,2025-06-20T18:00:00-06:00,2026-09-26T08:00:00-06:00,2026-06-29T00:00:00-06:00,,1,,false,ACTIVE,,USD,VALID,CURRENT,coolit-synthetic-v2.0.0,CUST-002,PRG-004,CFG-CDU-01,SYNTHETIC_INTERNAL,SNP-COOLIT-20260925-BL,SCN-BASELINE,FCST-038-012,2026-H38,OPP-0012,OPPL-0012,ACC-002,PRG-004,CFG-CDU-01,SOLUTION_DESIGN,0.35,PIPELINE,2025-10-07,8,648000,0,CLOSED_PERIOD
TEN-COOLIT-SYN-001,SITE-COOLIT-SYN-01,CRM,FORECAST_SNAPSHOT,FCST-038-013,OPP-0013,RESOLVED,2025-06-20T18:00:00-06:00,2026-09-26T08:00:00-06:00,2026-06-29T00:00:00-06:00,,1,,false,ACTIVE,,USD,VALID,CURRENT,coolit-synthetic-v2.0.0,CUST-003,PRG-005,CFG-CPL-02,SYNTHETIC_INTERNAL,SNP-COOLIT-20260925-BL,SCN-BASELINE,FCST-038-013,2026-H38,OPP-0013,OPPL-0013,ACC-003,PRG-005,CFG-CPL-02,SOLUTION_DESIGN,0.35,PIPELINE,2025-07-22,9,60300,0,CLOSED_PERIOD
TEN-COOLIT-SYN-001,SITE-COOLIT-SYN-01,CRM,FORECAST_SNAPSHOT,FCST-038-014,OPP-0014,RESOLVED,2025-06-20T18:00:00-06:00,2026-09-26T08:00:00-06:00,2026-06-29T00:00:00-06:00,,1,,false,ACTIVE,,USD,VALID,CURRENT,coolit-synthetic-v2.0.0,CUST-004,PRG-006,CFG-RM-03,SYNTHETIC_INTERNAL,SNP-COOLIT-20260925-BL,SCN-BASELINE,FCST-038-014,2026-H38,OPP-0014,OPPL-0014,ACC-004,PRG-006,CFG-RM-03,SOLUTION_DESIGN,0.35,PIPELINE,2025-07-29,11,85800,0,CLOSED_PERIOD
TEN-COOLIT-SYN-001,SITE-COOLIT-SYN-01,CRM,FORECAST_SNAPSHOT,FCST-038-015,OPP-0015,RESOLVED,2025-06-20T18:00:00-06:00,2026-09-26T08:00:00-06:00,2026-06-29T00:00:00-06:00,,1,,false,ACTIVE,,USD,VALID,CURRENT,coolit-synthetic-v2.0.0,CUST-005,PRG-007,CFG-CDU-04,SYNTHETIC_INTERNAL,SNP-COOLIT-20260925-BL,SCN-BASELINE,FCST-038-015,2026-H38,OPP-0015,OPPL-0015,ACC-005,PRG-007,CFG-CDU-04,SOLUTION_DESIGN,0.35,PIPELINE,2025-08-05,13,1404000,0,CLOSED_PERIOD
TEN-COOLIT-SYN-001,SITE-COOLIT-SYN-01,CRM,FORECAST_SNAPSHOT,FCST-039-001,OPP-0001,RESOLVED,2025-06-27T18:00:00-06:00,2026-09-26T08:00:00-06:00,2026-06-29T00:00:00-06:00,,1,,false,ACTIVE,,USD,VALID,CURRENT,coolit-synthetic-v2.0.0,CUST-001,PRG-001,CFG-CPL-02,SYNTHETIC_INTERNAL,SNP-COOLIT-20260925-BL,SCN-BASELINE,FCST-039-001,2026-H39,OPP-0001,OPPL-0001,ACC-001,PRG-001,CFG-CPL-02,SOLUTION_DESIGN,0.35,PIPELINE,2025-07-26,3,20100,0,CLOSED_PERIOD
TEN-COOLIT-SYN-001,SITE-COOLIT-SYN-01,CRM,FORECAST_SNAPSHOT,FCST-039-002,OPP-0002,RESOLVED,2025-06-27T18:00:00-06:00,2026-09-26T08:00:00-06:00,2026-06-29T00:00:00-06:00,,1,,false,ACTIVE,,USD,VALID,CURRENT,coolit-synthetic-v2.0.0,CUST-002,PRG-002,CFG-RM-03,SYNTHETIC_INTERNAL,SNP-COOLIT-20260925-BL,SCN-BASELINE,FCST-039-002,2026-H39,OPP-0002,OPPL-0002,ACC-002,PRG-002,CFG-RM-03,SOLUTION_DESIGN,0.35,PIPELINE,2025-08-02,6,46800,0,CLOSED_PERIOD
TEN-COOLIT-SYN-001,SITE-COOLIT-SYN-01,CRM,FORECAST_SNAPSHOT,FCST-039-003,OPP-0003,RESOLVED,2025-06-27T18:00:00-06:00,2026-09-26T08:00:00-06:00,2026-06-29T00:00:00-06:00,,1,,false,ACTIVE,,USD,VALID,CURRENT,coolit-synthetic-v2.0.0,CUST-003,PRG-003,CFG-CDU-04,SYNTHETIC_INTERNAL,SNP-COOLIT-20260925-BL,SCN-BASELINE,FCST-039-003,2026-H39,OPP-0003,OPPL-0003,ACC-003,PRG-003,CFG-CDU-04,SOLUTION_DESIGN,0.35,PIPELINE,2025-08-09,8,864000,0,CLOSED_PERIOD
TEN-COOLIT-SYN-001,SITE-COOLIT-SYN-01,CRM,FORECAST_SNAPSHOT,FCST-039-004,OPP-0004,RESOLVED,2025-06-27T18:00:00-06:00,2026-09-26T08:00:00-06:00,2026-06-29T00:00:00-06:00,,1,,false,ACTIVE,,USD,VALID,CURRENT,coolit-synthetic-v2.0.0,CUST-004,PRG-004,CFG-RM-01,SYNTHETIC_INTERNAL,SNP-COOLIT-20260925-BL,SCN-BASELINE,FCST-039-004,2026-H39,OPP-0004,OPPL-0004,ACC-004,PRG-004,CFG-RM-01,SOLUTION_DESIGN,0.35,PIPELINE,2025-08-16,11,61600,0,CLOSED_PERIOD
TEN-COOLIT-SYN-001,SITE-COOLIT-SYN-01,CRM,FORECAST_SNAPSHOT,FCST-039-005,OPP-0005,RESOLVED,2025-06-27T18:00:00-06:00,2026-09-26T08:00:00-06:00,2026-06-29T00:00:00-06:00,,1,,false,ACTIVE,,USD,VALID,CURRENT,coolit-synthetic-v2.0.0,CUST-005,PRG-005,CFG-CDU-02,SYNTHETIC_INTERNAL,SNP-COOLIT-20260925-BL,SCN-BASELINE,FCST-039-005,2026-H39,OPP-0005,OPPL-0005,ACC-005,PRG-005,CFG-CDU-02,SOLUTION_DESIGN,0.35,PIPELINE,2025-08-23,11,990000,0,CLOSED_PERIOD
TEN-COOLIT-SYN-001,SITE-COOLIT-SYN-01,CRM,FORECAST_SNAPSHOT,FCST-039-006,OPP-0006,RESOLVED,2025-06-27T18:00:00-06:00,2026-09-26T08:00:00-06:00,2026-06-29T00:00:00-06:00,,1,,false,ACTIVE,,USD,VALID,CURRENT,coolit-synthetic-v2.0.0,CUST-006,PRG-006,CFG-CPL-03,SYNTHETIC_INTERNAL,SNP-COOLIT-20260925-BL,SCN-BASELINE,FCST-039-006,2026-H39,OPP-0006,OPPL-0006,ACC-006,PRG-006,CFG-CPL-03,SOLUTION_DESIGN,0.35,PIPELINE,2025-08-30,13,101400,0,CLOSED_PERIOD
TEN-COOLIT-SYN-001,SITE-COOLIT-SYN-01,CRM,FORECAST_SNAPSHOT,FCST-039-007,OPP-0007,RESOLVED,2025-06-27T18:00:00-06:00,2026-09-26T08:00:00-06:00,2026-06-29T00:00:00-06:00,,1,,false,ACTIVE,,USD,VALID,CURRENT,coolit-synthetic-v2.0.0,CUST-007,PRG-007,CFG-RM-04,SYNTHETIC_INTERNAL,SNP-COOLIT-20260925-BL,SCN-BASELINE,FCST-039-007,2026-H39,OPP-0007,OPPL-0007,ACC-007,PRG-007,CFG-RM-04,SOLUTION_DESIGN,0.35,PIPELINE,2025-09-06,15,133500,0,CLOSED_PERIOD
TEN-COOLIT-SYN-001,SITE-COOLIT-SYN-01,CRM,FORECAST_SNAPSHOT,FCST-039-008,OPP-0008,RESOLVED,2025-06-27T18:00:00-06:00,2026-09-26T08:00:00-06:00,2026-06-29T00:00:00-06:00,,1,,false,ACTIVE,,USD,VALID,CURRENT,coolit-synthetic-v2.0.0,CUST-008,PRG-008,CFG-CPL-01,SYNTHETIC_INTERNAL,SNP-COOLIT-20260925-BL,SCN-BASELINE,FCST-039-008,2026-H39,OPP-0008,OPPL-0008,ACC-008,PRG-008,CFG-CPL-01,SOLUTION_DESIGN,0.35,PIPELINE,2025-09-13,18,100800,0,CLOSED_PERIOD
TEN-COOLIT-SYN-001,SITE-COOLIT-SYN-01,CRM,FORECAST_SNAPSHOT,FCST-039-009,OPP-0009,RESOLVED,2025-06-27T18:00:00-06:00,2026-09-26T08:00:00-06:00,2026-06-29T00:00:00-06:00,,1,,false,ACTIVE,,USD,VALID,CURRENT,coolit-synthetic-v2.0.0,CUST-009,PRG-001,CFG-RM-02,SYNTHETIC_INTERNAL,SNP-COOLIT-20260925-BL,SCN-BASELINE,FCST-039-009,2026-H39,OPP-0009,OPPL-0009,ACC-009,PRG-001,CFG-RM-02,SOLUTION_DESIGN,0.35,PIPELINE,2025-09-20,21,140700,0,CLOSED_PERIOD
TEN-COOLIT-SYN-001,SITE-COOLIT-SYN-01,CRM,FORECAST_SNAPSHOT,FCST-039-010,OPP-0010,RESOLVED,2025-06-27T18:00:00-06:00,2026-09-26T08:00:00-06:00,2026-06-29T00:00:00-06:00,,1,,false,ACTIVE,,USD,VALID,CURRENT,coolit-synthetic-v2.0.0,CUST-010,PRG-002,CFG-CDU-03,SYNTHETIC_INTERNAL,SNP-COOLIT-20260925-BL,SCN-BASELINE,FCST-039-010,2026-H39,OPP-0010,OPPL-0010,ACC-010,PRG-002,CFG-CDU-03,SOLUTION_DESIGN,0.35,PIPELINE,2025-09-27,4,396000,0,CLOSED_PERIOD
TEN-COOLIT-SYN-001,SITE-COOLIT-SYN-01,CRM,FORECAST_SNAPSHOT,FCST-039-011,OPP-0011,RESOLVED,2025-06-27T18:00:00-06:00,2026-09-26T08:00:00-06:00,2026-06-29T00:00:00-06:00,,1,,false,ACTIVE,,USD,VALID,CURRENT,coolit-synthetic-v2.0.0,CUST-001,PRG-003,CFG-CPL-04,SYNTHETIC_INTERNAL,SNP-COOLIT-20260925-BL,SCN-BASELINE,FCST-039-011,2026-H39,OPP-0011,OPPL-0011,ACC-001,PRG-003,CFG-CPL-04,SOLUTION_DESIGN,0.35,PIPELINE,2025-10-04,6,53400,0,CLOSED_PERIOD
TEN-COOLIT-SYN-001,SITE-COOLIT-SYN-01,CRM,FORECAST_SNAPSHOT,FCST-039-012,OPP-0012,RESOLVED,2025-06-27T18:00:00-06:00,2026-09-26T08:00:00-06:00,2026-06-29T00:00:00-06:00,,1,,false,ACTIVE,,USD,VALID,CURRENT,coolit-synthetic-v2.0.0,CUST-002,PRG-004,CFG-CDU-01,SYNTHETIC_INTERNAL,SNP-COOLIT-20260925-BL,SCN-BASELINE,FCST-039-012,2026-H39,OPP-0012,OPPL-0012,ACC-002,PRG-004,CFG-CDU-01,SOLUTION_DESIGN,0.35,PIPELINE,2025-10-11,7,567000,0,CLOSED_PERIOD
TEN-COOLIT-SYN-001,SITE-COOLIT-SYN-01,CRM,FORECAST_SNAPSHOT,FCST-039-013,OPP-0013,RESOLVED,2025-06-27T18:00:00-06:00,2026-09-26T08:00:00-06:00,2026-06-29T00:00:00-06:00,,1,,false,ACTIVE,,USD,VALID,CURRENT,coolit-synthetic-v2.0.0,CUST-003,PRG-005,CFG-CPL-02,SYNTHETIC_INTERNAL,SNP-COOLIT-20260925-BL,SCN-BASELINE,FCST-039-013,2026-H39,OPP-0013,OPPL-0013,ACC-003,PRG-005,CFG-CPL-02,SOLUTION_DESIGN,0.35,PIPELINE,2025-07-26,9,60300,0,CLOSED_PERIOD
TEN-COOLIT-SYN-001,SITE-COOLIT-SYN-01,CRM,FORECAST_SNAPSHOT,FCST-039-014,OPP-0014,RESOLVED,2025-06-27T18:00:00-06:00,2026-09-26T08:00:00-06:00,2026-06-29T00:00:00-06:00,,1,,false,ACTIVE,,USD,VALID,CURRENT,coolit-synthetic-v2.0.0,CUST-004,PRG-006,CFG-RM-03,SYNTHETIC_INTERNAL,SNP-COOLIT-20260925-BL,SCN-BASELINE,FCST-039-014,2026-H39,OPP-0014,OPPL-0014,ACC-004,PRG-006,CFG-RM-03,SOLUTION_DESIGN,0.35,PIPELINE,2025-08-02,11,85800,0,CLOSED_PERIOD
TEN-COOLIT-SYN-001,SITE-COOLIT-SYN-01,CRM,FORECAST_SNAPSHOT,FCST-039-015,OPP-0015,RESOLVED,2025-06-27T18:00:00-06:00,2026-09-26T08:00:00-06:00,2026-06-29T00:00:00-06:00,,1,,false,ACTIVE,,USD,VALID,CURRENT,coolit-synthetic-v2.0.0,CUST-005,PRG-007,CFG-CDU-04,SYNTHETIC_INTERNAL,SNP-COOLIT-20260925-BL,SCN-BASELINE,FCST-039-015,2026-H39,OPP-0015,OPPL-0015,ACC-005,PRG-007,CFG-CDU-04,SOLUTION_DESIGN,0.35,PIPELINE,2025-08-09,14,1512000,0,CLOSED_PERIOD
TEN-COOLIT-SYN-001,SITE-COOLIT-SYN-01,CRM,FORECAST_SNAPSHOT,FCST-040-001,OPP-0001,RESOLVED,2025-07-04T18:00:00-06:00,2026-09-26T08:00:00-06:00,2026-06-29T00:00:00-06:00,,1,,false,ACTIVE,,USD,VALID,CURRENT,coolit-synthetic-v2.0.0,CUST-001,PRG-001,CFG-CPL-02,SYNTHETIC_INTERNAL,SNP-COOLIT-20260925-BL,SCN-BASELINE,FCST-040-001,2026-H40,OPP-0001,OPPL-0001,ACC-001,PRG-001,CFG-CPL-02,SOLUTION_DESIGN,0.35,PIPELINE,2025-07-30,4,26800,0,CLOSED_PERIOD
TEN-COOLIT-SYN-001,SITE-COOLIT-SYN-01,CRM,FORECAST_SNAPSHOT,FCST-040-002,OPP-0002,RESOLVED,2025-07-04T18:00:00-06:00,2026-09-26T08:00:00-06:00,2026-06-29T00:00:00-06:00,,1,,false,ACTIVE,,USD,VALID,CURRENT,coolit-synthetic-v2.0.0,CUST-002,PRG-002,CFG-RM-03,SYNTHETIC_INTERNAL,SNP-COOLIT-20260925-BL,SCN-BASELINE,FCST-040-002,2026-H40,OPP-0002,OPPL-0002,ACC-002,PRG-002,CFG-RM-03,SOLUTION_DESIGN,0.35,PIPELINE,2025-08-06,6,46800,0,CLOSED_PERIOD
TEN-COOLIT-SYN-001,SITE-COOLIT-SYN-01,CRM,FORECAST_SNAPSHOT,FCST-040-003,OPP-0003,RESOLVED,2025-07-04T18:00:00-06:00,2026-09-26T08:00:00-06:00,2026-06-29T00:00:00-06:00,,1,,false,ACTIVE,,USD,VALID,CURRENT,coolit-synthetic-v2.0.0,CUST-003,PRG-003,CFG-CDU-04,SYNTHETIC_INTERNAL,SNP-COOLIT-20260925-BL,SCN-BASELINE,FCST-040-003,2026-H40,OPP-0003,OPPL-0003,ACC-003,PRG-003,CFG-CDU-04,SOLUTION_DESIGN,0.35,PIPELINE,2025-08-13,8,864000,0,CLOSED_PERIOD
TEN-COOLIT-SYN-001,SITE-COOLIT-SYN-01,CRM,FORECAST_SNAPSHOT,FCST-040-004,OPP-0004,RESOLVED,2025-07-04T18:00:00-06:00,2026-09-26T08:00:00-06:00,2026-06-29T00:00:00-06:00,,1,,false,ACTIVE,,USD,VALID,CURRENT,coolit-synthetic-v2.0.0,CUST-004,PRG-004,CFG-RM-01,SYNTHETIC_INTERNAL,SNP-COOLIT-20260925-BL,SCN-BASELINE,FCST-040-004,2026-H40,OPP-0004,OPPL-0004,ACC-004,PRG-004,CFG-RM-01,SOLUTION_DESIGN,0.35,PIPELINE,2025-08-20,9,50400,0,CLOSED_PERIOD
TEN-COOLIT-SYN-001,SITE-COOLIT-SYN-01,CRM,FORECAST_SNAPSHOT,FCST-040-005,OPP-0005,RESOLVED,2025-07-04T18:00:00-06:00,2026-09-26T08:00:00-06:00,2026-06-29T00:00:00-06:00,,1,,false,ACTIVE,,USD,VALID,CURRENT,coolit-synthetic-v2.0.0,CUST-005,PRG-005,CFG-CDU-02,SYNTHETIC_INTERNAL,SNP-COOLIT-20260925-BL,SCN-BASELINE,FCST-040-005,2026-H40,OPP-0005,OPPL-0005,ACC-005,PRG-005,CFG-CDU-02,SOLUTION_DESIGN,0.35,PIPELINE,2025-08-27,11,990000,0,CLOSED_PERIOD
TEN-COOLIT-SYN-001,SITE-COOLIT-SYN-01,CRM,FORECAST_SNAPSHOT,FCST-040-006,OPP-0006,RESOLVED,2025-07-04T18:00:00-06:00,2026-09-26T08:00:00-06:00,2026-06-29T00:00:00-06:00,,1,,false,ACTIVE,,USD,VALID,CURRENT,coolit-synthetic-v2.0.0,CUST-006,PRG-006,CFG-CPL-03,SYNTHETIC_INTERNAL,SNP-COOLIT-20260925-BL,SCN-BASELINE,FCST-040-006,2026-H40,OPP-0006,OPPL-0006,ACC-006,PRG-006,CFG-CPL-03,SOLUTION_DESIGN,0.35,PIPELINE,2025-09-03,13,101400,0,CLOSED_PERIOD
TEN-COOLIT-SYN-001,SITE-COOLIT-SYN-01,CRM,FORECAST_SNAPSHOT,FCST-040-007,OPP-0007,RESOLVED,2025-07-04T18:00:00-06:00,2026-09-26T08:00:00-06:00,2026-06-29T00:00:00-06:00,,1,,false,ACTIVE,,USD,VALID,CURRENT,coolit-synthetic-v2.0.0,CUST-007,PRG-007,CFG-RM-04,SYNTHETIC_INTERNAL,SNP-COOLIT-20260925-BL,SCN-BASELINE,FCST-040-007,2026-H40,OPP-0007,OPPL-0007,ACC-007,PRG-007,CFG-RM-04,SOLUTION_DESIGN,0.35,PIPELINE,2025-09-10,16,142400,0,CLOSED_PERIOD
TEN-COOLIT-SYN-001,SITE-COOLIT-SYN-01,CRM,FORECAST_SNAPSHOT,FCST-040-008,OPP-0008,RESOLVED,2025-07-04T18:00:00-06:00,2026-09-26T08:00:00-06:00,2026-06-29T00:00:00-06:00,,1,,false,ACTIVE,,USD,VALID,CURRENT,coolit-synthetic-v2.0.0,CUST-008,PRG-008,CFG-CPL-01,SYNTHETIC_INTERNAL,SNP-COOLIT-20260925-BL,SCN-BASELINE,FCST-040-008,2026-H40,OPP-0008,OPPL-0008,ACC-008,PRG-008,CFG-CPL-01,SOLUTION_DESIGN,0.35,PIPELINE,2025-09-17,19,106400,0,CLOSED_PERIOD
TEN-COOLIT-SYN-001,SITE-COOLIT-SYN-01,CRM,FORECAST_SNAPSHOT,FCST-040-009,OPP-0009,RESOLVED,2025-07-04T18:00:00-06:00,2026-09-26T08:00:00-06:00,2026-06-29T00:00:00-06:00,,1,,false,ACTIVE,,USD,VALID,CURRENT,coolit-synthetic-v2.0.0,CUST-009,PRG-001,CFG-RM-02,SYNTHETIC_INTERNAL,SNP-COOLIT-20260925-BL,SCN-BASELINE,FCST-040-009,2026-H40,OPP-0009,OPPL-0009,ACC-009,PRG-001,CFG-RM-02,SOLUTION_DESIGN,0.35,PIPELINE,2025-09-24,21,140700,0,CLOSED_PERIOD
TEN-COOLIT-SYN-001,SITE-COOLIT-SYN-01,CRM,FORECAST_SNAPSHOT,FCST-040-010,OPP-0010,RESOLVED,2025-07-04T18:00:00-06:00,2026-09-26T08:00:00-06:00,2026-06-29T00:00:00-06:00,,1,,false,ACTIVE,,USD,VALID,CURRENT,coolit-synthetic-v2.0.0,CUST-010,PRG-002,CFG-CDU-03,SYNTHETIC_INTERNAL,SNP-COOLIT-20260925-BL,SCN-BASELINE,FCST-040-010,2026-H40,OPP-0010,OPPL-0010,ACC-010,PRG-002,CFG-CDU-03,SOLUTION_DESIGN,0.35,PIPELINE,2025-10-01,4,396000,0,CLOSED_PERIOD
TEN-COOLIT-SYN-001,SITE-COOLIT-SYN-01,CRM,FORECAST_SNAPSHOT,FCST-040-011,OPP-0011,RESOLVED,2025-07-04T18:00:00-06:00,2026-09-26T08:00:00-06:00,2026-06-29T00:00:00-06:00,,1,,false,ACTIVE,,USD,VALID,CURRENT,coolit-synthetic-v2.0.0,CUST-001,PRG-003,CFG-CPL-04,SYNTHETIC_INTERNAL,SNP-COOLIT-20260925-BL,SCN-BASELINE,FCST-040-011,2026-H40,OPP-0011,OPPL-0011,ACC-001,PRG-003,CFG-CPL-04,SOLUTION_DESIGN,0.35,PIPELINE,2025-10-08,5,44500,0,CLOSED_PERIOD
TEN-COOLIT-SYN-001,SITE-COOLIT-SYN-01,CRM,FORECAST_SNAPSHOT,FCST-040-012,OPP-0012,RESOLVED,2025-07-04T18:00:00-06:00,2026-09-26T08:00:00-06:00,2026-06-29T00:00:00-06:00,,1,,false,ACTIVE,,USD,VALID,CURRENT,coolit-synthetic-v2.0.0,CUST-002,PRG-004,CFG-CDU-01,SYNTHETIC_INTERNAL,SNP-COOLIT-20260925-BL,SCN-BASELINE,FCST-040-012,2026-H40,OPP-0012,OPPL-0012,ACC-002,PRG-004,CFG-CDU-01,SOLUTION_DESIGN,0.35,PIPELINE,2025-10-15,7,567000,0,CLOSED_PERIOD
TEN-COOLIT-SYN-001,SITE-COOLIT-SYN-01,CRM,FORECAST_SNAPSHOT,FCST-040-013,OPP-0013,RESOLVED,2025-07-04T18:00:00-06:00,2026-09-26T08:00:00-06:00,2026-06-29T00:00:00-06:00,,1,,false,ACTIVE,,USD,VALID,CURRENT,coolit-synthetic-v2.0.0,CUST-003,PRG-005,CFG-CPL-02,SYNTHETIC_INTERNAL,SNP-COOLIT-20260925-BL,SCN-BASELINE,FCST-040-013,2026-H40,OPP-0013,OPPL-0013,ACC-003,PRG-005,CFG-CPL-02,SOLUTION_DESIGN,0.35,PIPELINE,2025-07-30,9,60300,0,CLOSED_PERIOD
TEN-COOLIT-SYN-001,SITE-COOLIT-SYN-01,CRM,FORECAST_SNAPSHOT,FCST-040-014,OPP-0014,RESOLVED,2025-07-04T18:00:00-06:00,2026-09-26T08:00:00-06:00,2026-06-29T00:00:00-06:00,,1,,false,ACTIVE,,USD,VALID,CURRENT,coolit-synthetic-v2.0.0,CUST-004,PRG-006,CFG-RM-03,SYNTHETIC_INTERNAL,SNP-COOLIT-20260925-BL,SCN-BASELINE,FCST-040-014,2026-H40,OPP-0014,OPPL-0014,ACC-004,PRG-006,CFG-RM-03,SOLUTION_DESIGN,0.35,PIPELINE,2025-08-06,12,93600,0,CLOSED_PERIOD
TEN-COOLIT-SYN-001,SITE-COOLIT-SYN-01,CRM,FORECAST_SNAPSHOT,FCST-040-015,OPP-0015,RESOLVED,2025-07-04T18:00:00-06:00,2026-09-26T08:00:00-06:00,2026-06-29T00:00:00-06:00,,1,,false,ACTIVE,,USD,VALID,CURRENT,coolit-synthetic-v2.0.0,CUST-005,PRG-007,CFG-CDU-04,SYNTHETIC_INTERNAL,SNP-COOLIT-20260925-BL,SCN-BASELINE,FCST-040-015,2026-H40,OPP-0015,OPPL-0015,ACC-005,PRG-007,CFG-CDU-04,SOLUTION_DESIGN,0.35,PIPELINE,2025-08-13,14,1512000,0,CLOSED_PERIOD
TEN-COOLIT-SYN-001,SITE-COOLIT-SYN-01,CRM,FORECAST_SNAPSHOT,FCST-041-001,OPP-0001,RESOLVED,2025-07-11T18:00:00-06:00,2026-09-26T08:00:00-06:00,2026-06-29T00:00:00-06:00,,1,,false,ACTIVE,,USD,VALID,CURRENT,coolit-synthetic-v2.0.0,CUST-001,PRG-001,CFG-CPL-02,SYNTHETIC_INTERNAL,SNP-COOLIT-20260925-BL,SCN-BASELINE,FCST-041-001,2026-H41,OPP-0001,OPPL-0001,ACC-001,PRG-001,CFG-CPL-02,SOLUTION_DESIGN,0.35,PIPELINE,2025-08-03,4,26800,0,CLOSED_PERIOD
TEN-COOLIT-SYN-001,SITE-COOLIT-SYN-01,CRM,FORECAST_SNAPSHOT,FCST-041-002,OPP-0002,RESOLVED,2025-07-11T18:00:00-06:00,2026-09-26T08:00:00-06:00,2026-06-29T00:00:00-06:00,,1,,false,ACTIVE,,USD,VALID,CURRENT,coolit-synthetic-v2.0.0,CUST-002,PRG-002,CFG-RM-03,SYNTHETIC_INTERNAL,SNP-COOLIT-20260925-BL,SCN-BASELINE,FCST-041-002,2026-H41,OPP-0002,OPPL-0002,ACC-002,PRG-002,CFG-RM-03,SOLUTION_DESIGN,0.35,PIPELINE,2025-08-10,6,46800,0,CLOSED_PERIOD
TEN-COOLIT-SYN-001,SITE-COOLIT-SYN-01,CRM,FORECAST_SNAPSHOT,FCST-041-003,OPP-0003,RESOLVED,2025-07-11T18:00:00-06:00,2026-09-26T08:00:00-06:00,2026-06-29T00:00:00-06:00,,1,,false,ACTIVE,,USD,VALID,CURRENT,coolit-synthetic-v2.0.0,CUST-003,PRG-003,CFG-CDU-04,SYNTHETIC_INTERNAL,SNP-COOLIT-20260925-BL,SCN-BASELINE,FCST-041-003,2026-H41,OPP-0003,OPPL-0003,ACC-003,PRG-003,CFG-CDU-04,SOLUTION_DESIGN,0.35,PIPELINE,2025-08-17,7,756000,0,CLOSED_PERIOD
TEN-COOLIT-SYN-001,SITE-COOLIT-SYN-01,CRM,FORECAST_SNAPSHOT,FCST-041-004,OPP-0004,RESOLVED,2025-07-11T18:00:00-06:00,2026-09-26T08:00:00-06:00,2026-06-29T00:00:00-06:00,,1,,false,ACTIVE,,USD,VALID,CURRENT,coolit-synthetic-v2.0.0,CUST-004,PRG-004,CFG-RM-01,SYNTHETIC_INTERNAL,SNP-COOLIT-20260925-BL,SCN-BASELINE,FCST-041-004,2026-H41,OPP-0004,OPPL-0004,ACC-004,PRG-004,CFG-RM-01,SOLUTION_DESIGN,0.35,PIPELINE,2025-08-24,9,50400,0,CLOSED_PERIOD
TEN-COOLIT-SYN-001,SITE-COOLIT-SYN-01,CRM,FORECAST_SNAPSHOT,FCST-041-005,OPP-0005,RESOLVED,2025-07-11T18:00:00-06:00,2026-09-26T08:00:00-06:00,2026-06-29T00:00:00-06:00,,1,,false,ACTIVE,,USD,VALID,CURRENT,coolit-synthetic-v2.0.0,CUST-005,PRG-005,CFG-CDU-02,SYNTHETIC_INTERNAL,SNP-COOLIT-20260925-BL,SCN-BASELINE,FCST-041-005,2026-H41,OPP-0005,OPPL-0005,ACC-005,PRG-005,CFG-CDU-02,SOLUTION_DESIGN,0.35,PIPELINE,2025-08-31,11,990000,0,CLOSED_PERIOD
TEN-COOLIT-SYN-001,SITE-COOLIT-SYN-01,CRM,FORECAST_SNAPSHOT,FCST-041-006,OPP-0006,RESOLVED,2025-07-11T18:00:00-06:00,2026-09-26T08:00:00-06:00,2026-06-29T00:00:00-06:00,,1,,false,ACTIVE,,USD,VALID,CURRENT,coolit-synthetic-v2.0.0,CUST-006,PRG-006,CFG-CPL-03,SYNTHETIC_INTERNAL,SNP-COOLIT-20260925-BL,SCN-BASELINE,FCST-041-006,2026-H41,OPP-0006,OPPL-0006,ACC-006,PRG-006,CFG-CPL-03,SOLUTION_DESIGN,0.35,PIPELINE,2025-09-07,14,109200,0,CLOSED_PERIOD
TEN-COOLIT-SYN-001,SITE-COOLIT-SYN-01,CRM,FORECAST_SNAPSHOT,FCST-041-007,OPP-0007,RESOLVED,2025-07-11T18:00:00-06:00,2026-09-26T08:00:00-06:00,2026-06-29T00:00:00-06:00,,1,,false,ACTIVE,,USD,VALID,CURRENT,coolit-synthetic-v2.0.0,CUST-007,PRG-007,CFG-RM-04,SYNTHETIC_INTERNAL,SNP-COOLIT-20260925-BL,SCN-BASELINE,FCST-041-007,2026-H41,OPP-0007,OPPL-0007,ACC-007,PRG-007,CFG-RM-04,SOLUTION_DESIGN,0.35,PIPELINE,2025-09-14,16,142400,0,CLOSED_PERIOD
TEN-COOLIT-SYN-001,SITE-COOLIT-SYN-01,CRM,FORECAST_SNAPSHOT,FCST-041-008,OPP-0008,RESOLVED,2025-07-11T18:00:00-06:00,2026-09-26T08:00:00-06:00,2026-06-29T00:00:00-06:00,,1,,false,ACTIVE,,USD,VALID,CURRENT,coolit-synthetic-v2.0.0,CUST-008,PRG-008,CFG-CPL-01,SYNTHETIC_INTERNAL,SNP-COOLIT-20260925-BL,SCN-BASELINE,FCST-041-008,2026-H41,OPP-0008,OPPL-0008,ACC-008,PRG-008,CFG-CPL-01,SOLUTION_DESIGN,0.35,PIPELINE,2025-09-21,19,106400,0,CLOSED_PERIOD
TEN-COOLIT-SYN-001,SITE-COOLIT-SYN-01,CRM,FORECAST_SNAPSHOT,FCST-041-009,OPP-0009,RESOLVED,2025-07-11T18:00:00-06:00,2026-09-26T08:00:00-06:00,2026-06-29T00:00:00-06:00,,1,,false,ACTIVE,,USD,VALID,CURRENT,coolit-synthetic-v2.0.0,CUST-009,PRG-001,CFG-RM-02,SYNTHETIC_INTERNAL,SNP-COOLIT-20260925-BL,SCN-BASELINE,FCST-041-009,2026-H41,OPP-0009,OPPL-0009,ACC-009,PRG-001,CFG-RM-02,SOLUTION_DESIGN,0.35,PIPELINE,2025-09-28,22,147400,0,CLOSED_PERIOD
TEN-COOLIT-SYN-001,SITE-COOLIT-SYN-01,CRM,FORECAST_SNAPSHOT,FCST-041-010,OPP-0010,RESOLVED,2025-07-11T18:00:00-06:00,2026-09-26T08:00:00-06:00,2026-06-29T00:00:00-06:00,,1,,false,ACTIVE,,USD,VALID,CURRENT,coolit-synthetic-v2.0.0,CUST-010,PRG-002,CFG-CDU-03,SYNTHETIC_INTERNAL,SNP-COOLIT-20260925-BL,SCN-BASELINE,FCST-041-010,2026-H41,OPP-0010,OPPL-0010,ACC-010,PRG-002,CFG-CDU-03,SOLUTION_DESIGN,0.35,PIPELINE,2025-10-05,3,297000,0,CLOSED_PERIOD
TEN-COOLIT-SYN-001,SITE-COOLIT-SYN-01,CRM,FORECAST_SNAPSHOT,FCST-041-011,OPP-0011,RESOLVED,2025-07-11T18:00:00-06:00,2026-09-26T08:00:00-06:00,2026-06-29T00:00:00-06:00,,1,,false,ACTIVE,,USD,VALID,CURRENT,coolit-synthetic-v2.0.0,CUST-001,PRG-003,CFG-CPL-04,SYNTHETIC_INTERNAL,SNP-COOLIT-20260925-BL,SCN-BASELINE,FCST-041-011,2026-H41,OPP-0011,OPPL-0011,ACC-001,PRG-003,CFG-CPL-04,SOLUTION_DESIGN,0.35,PIPELINE,2025-10-12,5,44500,0,CLOSED_PERIOD
TEN-COOLIT-SYN-001,SITE-COOLIT-SYN-01,CRM,FORECAST_SNAPSHOT,FCST-041-012,OPP-0012,RESOLVED,2025-07-11T18:00:00-06:00,2026-09-26T08:00:00-06:00,2026-06-29T00:00:00-06:00,,1,,false,ACTIVE,,USD,VALID,CURRENT,coolit-synthetic-v2.0.0,CUST-002,PRG-004,CFG-CDU-01,SYNTHETIC_INTERNAL,SNP-COOLIT-20260925-BL,SCN-BASELINE,FCST-041-012,2026-H41,OPP-0012,OPPL-0012,ACC-002,PRG-004,CFG-CDU-01,SOLUTION_DESIGN,0.35,PIPELINE,2025-10-19,7,567000,0,CLOSED_PERIOD
TEN-COOLIT-SYN-001,SITE-COOLIT-SYN-01,CRM,FORECAST_SNAPSHOT,FCST-041-013,OPP-0013,RESOLVED,2025-07-11T18:00:00-06:00,2026-09-26T08:00:00-06:00,2026-06-29T00:00:00-06:00,,1,,false,ACTIVE,,USD,VALID,CURRENT,coolit-synthetic-v2.0.0,CUST-003,PRG-005,CFG-CPL-02,SYNTHETIC_INTERNAL,SNP-COOLIT-20260925-BL,SCN-BASELINE,FCST-041-013,2026-H41,OPP-0013,OPPL-0013,ACC-003,PRG-005,CFG-CPL-02,SOLUTION_DESIGN,0.35,PIPELINE,2025-08-03,10,67000,0,CLOSED_PERIOD
TEN-COOLIT-SYN-001,SITE-COOLIT-SYN-01,CRM,FORECAST_SNAPSHOT,FCST-041-014,OPP-0014,RESOLVED,2025-07-11T18:00:00-06:00,2026-09-26T08:00:00-06:00,2026-06-29T00:00:00-06:00,,1,,false,ACTIVE,,USD,VALID,CURRENT,coolit-synthetic-v2.0.0,CUST-004,PRG-006,CFG-RM-03,SYNTHETIC_INTERNAL,SNP-COOLIT-20260925-BL,SCN-BASELINE,FCST-041-014,2026-H41,OPP-0014,OPPL-0014,ACC-004,PRG-006,CFG-RM-03,SOLUTION_DESIGN,0.35,PIPELINE,2025-08-10,12,93600,0,CLOSED_PERIOD
TEN-COOLIT-SYN-001,SITE-COOLIT-SYN-01,CRM,FORECAST_SNAPSHOT,FCST-041-015,OPP-0015,RESOLVED,2025-07-11T18:00:00-06:00,2026-09-26T08:00:00-06:00,2026-06-29T00:00:00-06:00,,1,,false,ACTIVE,,USD,VALID,CURRENT,coolit-synthetic-v2.0.0,CUST-005,PRG-007,CFG-CDU-04,SYNTHETIC_INTERNAL,SNP-COOLIT-20260925-BL,SCN-BASELINE,FCST-041-015,2026-H41,OPP-0015,OPPL-0015,ACC-005,PRG-007,CFG-CDU-04,SOLUTION_DESIGN,0.35,PIPELINE,2025-08-17,15,1620000,0,CLOSED_PERIOD
TEN-COOLIT-SYN-001,SITE-COOLIT-SYN-01,CRM,FORECAST_SNAPSHOT,FCST-042-001,OPP-0001,RESOLVED,2025-07-18T18:00:00-06:00,2026-09-26T08:00:00-06:00,2026-06-29T00:00:00-06:00,,1,,false,ACTIVE,,USD,VALID,CURRENT,coolit-synthetic-v2.0.0,CUST-001,PRG-001,CFG-CPL-02,SYNTHETIC_INTERNAL,SNP-COOLIT-20260925-BL,SCN-BASELINE,FCST-042-001,2026-H42,OPP-0001,OPPL-0001,ACC-001,PRG-001,CFG-CPL-02,SOLUTION_DESIGN,0.35,PIPELINE,2025-08-07,4,26800,0,CLOSED_PERIOD
TEN-COOLIT-SYN-001,SITE-COOLIT-SYN-01,CRM,FORECAST_SNAPSHOT,FCST-042-002,OPP-0002,RESOLVED,2025-07-18T18:00:00-06:00,2026-09-26T08:00:00-06:00,2026-06-29T00:00:00-06:00,,1,,false,ACTIVE,,USD,VALID,CURRENT,coolit-synthetic-v2.0.0,CUST-002,PRG-002,CFG-RM-03,SYNTHETIC_INTERNAL,SNP-COOLIT-20260925-BL,SCN-BASELINE,FCST-042-002,2026-H42,OPP-0002,OPPL-0002,ACC-002,PRG-002,CFG-RM-03,SOLUTION_DESIGN,0.35,PIPELINE,2025-08-14,5,39000,0,CLOSED_PERIOD
TEN-COOLIT-SYN-001,SITE-COOLIT-SYN-01,CRM,FORECAST_SNAPSHOT,FCST-042-003,OPP-0003,RESOLVED,2025-07-18T18:00:00-06:00,2026-09-26T08:00:00-06:00,2026-06-29T00:00:00-06:00,,1,,false,ACTIVE,,USD,VALID,CURRENT,coolit-synthetic-v2.0.0,CUST-003,PRG-003,CFG-CDU-04,SYNTHETIC_INTERNAL,SNP-COOLIT-20260925-BL,SCN-BASELINE,FCST-042-003,2026-H42,OPP-0003,OPPL-0003,ACC-003,PRG-003,CFG-CDU-04,SOLUTION_DESIGN,0.35,PIPELINE,2025-08-21,7,756000,0,CLOSED_PERIOD
TEN-COOLIT-SYN-001,SITE-COOLIT-SYN-01,CRM,FORECAST_SNAPSHOT,FCST-042-004,OPP-0004,RESOLVED,2025-07-18T18:00:00-06:00,2026-09-26T08:00:00-06:00,2026-06-29T00:00:00-06:00,,1,,false,ACTIVE,,USD,VALID,CURRENT,coolit-synthetic-v2.0.0,CUST-004,PRG-004,CFG-RM-01,SYNTHETIC_INTERNAL,SNP-COOLIT-20260925-BL,SCN-BASELINE,FCST-042-004,2026-H42,OPP-0004,OPPL-0004,ACC-004,PRG-004,CFG-RM-01,SOLUTION_DESIGN,0.35,PIPELINE,2025-08-28,9,50400,0,CLOSED_PERIOD
TEN-COOLIT-SYN-001,SITE-COOLIT-SYN-01,CRM,FORECAST_SNAPSHOT,FCST-042-005,OPP-0005,RESOLVED,2025-07-18T18:00:00-06:00,2026-09-26T08:00:00-06:00,2026-06-29T00:00:00-06:00,,1,,false,ACTIVE,,USD,VALID,CURRENT,coolit-synthetic-v2.0.0,CUST-005,PRG-005,CFG-CDU-02,SYNTHETIC_INTERNAL,SNP-COOLIT-20260925-BL,SCN-BASELINE,FCST-042-005,2026-H42,OPP-0005,OPPL-0005,ACC-005,PRG-005,CFG-CDU-02,SOLUTION_DESIGN,0.35,PIPELINE,2025-09-04,12,1080000,0,CLOSED_PERIOD
TEN-COOLIT-SYN-001,SITE-COOLIT-SYN-01,CRM,FORECAST_SNAPSHOT,FCST-042-006,OPP-0006,RESOLVED,2025-07-18T18:00:00-06:00,2026-09-26T08:00:00-06:00,2026-06-29T00:00:00-06:00,,1,,false,ACTIVE,,USD,VALID,CURRENT,coolit-synthetic-v2.0.0,CUST-006,PRG-006,CFG-CPL-03,SYNTHETIC_INTERNAL,SNP-COOLIT-20260925-BL,SCN-BASELINE,FCST-042-006,2026-H42,OPP-0006,OPPL-0006,ACC-006,PRG-006,CFG-CPL-03,SOLUTION_DESIGN,0.35,PIPELINE,2025-09-11,14,109200,0,CLOSED_PERIOD
TEN-COOLIT-SYN-001,SITE-COOLIT-SYN-01,CRM,FORECAST_SNAPSHOT,FCST-042-007,OPP-0007,RESOLVED,2025-07-18T18:00:00-06:00,2026-09-26T08:00:00-06:00,2026-06-29T00:00:00-06:00,,1,,false,ACTIVE,,USD,VALID,CURRENT,coolit-synthetic-v2.0.0,CUST-007,PRG-007,CFG-RM-04,SYNTHETIC_INTERNAL,SNP-COOLIT-20260925-BL,SCN-BASELINE,FCST-042-007,2026-H42,OPP-0007,OPPL-0007,ACC-007,PRG-007,CFG-RM-04,SOLUTION_DESIGN,0.35,PIPELINE,2025-09-18,17,151300,0,CLOSED_PERIOD
TEN-COOLIT-SYN-001,SITE-COOLIT-SYN-01,CRM,FORECAST_SNAPSHOT,FCST-042-008,OPP-0008,RESOLVED,2025-07-18T18:00:00-06:00,2026-09-26T08:00:00-06:00,2026-06-29T00:00:00-06:00,,1,,false,ACTIVE,,USD,VALID,CURRENT,coolit-synthetic-v2.0.0,CUST-008,PRG-008,CFG-CPL-01,SYNTHETIC_INTERNAL,SNP-COOLIT-20260925-BL,SCN-BASELINE,FCST-042-008,2026-H42,OPP-0008,OPPL-0008,ACC-008,PRG-008,CFG-CPL-01,PROPOSAL,0.55,BEST_CASE,2025-09-25,31,173600,0,CLOSED_PERIOD
TEN-COOLIT-SYN-001,SITE-COOLIT-SYN-01,CRM,FORECAST_SNAPSHOT,FCST-042-009,OPP-0009,RESOLVED,2025-07-18T18:00:00-06:00,2026-09-26T08:00:00-06:00,2026-06-29T00:00:00-06:00,,1,,false,ACTIVE,,USD,VALID,CURRENT,coolit-synthetic-v2.0.0,CUST-009,PRG-001,CFG-RM-02,SYNTHETIC_INTERNAL,SNP-COOLIT-20260925-BL,SCN-BASELINE,FCST-042-009,2026-H42,OPP-0009,OPPL-0009,ACC-009,PRG-001,CFG-RM-02,SOLUTION_DESIGN,0.35,PIPELINE,2025-10-02,18,120600,0,CLOSED_PERIOD
TEN-COOLIT-SYN-001,SITE-COOLIT-SYN-01,CRM,FORECAST_SNAPSHOT,FCST-042-010,OPP-0010,RESOLVED,2025-07-18T18:00:00-06:00,2026-09-26T08:00:00-06:00,2026-06-29T00:00:00-06:00,,1,,false,ACTIVE,,USD,VALID,CURRENT,coolit-synthetic-v2.0.0,CUST-010,PRG-002,CFG-CDU-03,SYNTHETIC_INTERNAL,SNP-COOLIT-20260925-BL,SCN-BASELINE,FCST-042-010,2026-H42,OPP-0010,OPPL-0010,ACC-010,PRG-002,CFG-CDU-03,SOLUTION_DESIGN,0.35,PIPELINE,2025-10-09,3,297000,0,CLOSED_PERIOD
TEN-COOLIT-SYN-001,SITE-COOLIT-SYN-01,CRM,FORECAST_SNAPSHOT,FCST-042-011,OPP-0011,RESOLVED,2025-07-18T18:00:00-06:00,2026-09-26T08:00:00-06:00,2026-06-29T00:00:00-06:00,,1,,false,ACTIVE,,USD,VALID,CURRENT,coolit-synthetic-v2.0.0,CUST-001,PRG-003,CFG-CPL-04,SYNTHETIC_INTERNAL,SNP-COOLIT-20260925-BL,SCN-BASELINE,FCST-042-011,2026-H42,OPP-0011,OPPL-0011,ACC-001,PRG-003,CFG-CPL-04,SOLUTION_DESIGN,0.35,PIPELINE,2025-10-16,5,44500,0,CLOSED_PERIOD
TEN-COOLIT-SYN-001,SITE-COOLIT-SYN-01,CRM,FORECAST_SNAPSHOT,FCST-042-012,OPP-0012,RESOLVED,2025-07-18T18:00:00-06:00,2026-09-26T08:00:00-06:00,2026-06-29T00:00:00-06:00,,1,,false,ACTIVE,,USD,VALID,CURRENT,coolit-synthetic-v2.0.0,CUST-002,PRG-004,CFG-CDU-01,SYNTHETIC_INTERNAL,SNP-COOLIT-20260925-BL,SCN-BASELINE,FCST-042-012,2026-H42,OPP-0012,OPPL-0012,ACC-002,PRG-004,CFG-CDU-01,SOLUTION_DESIGN,0.35,PIPELINE,2025-10-23,8,648000,0,CLOSED_PERIOD
TEN-COOLIT-SYN-001,SITE-COOLIT-SYN-01,CRM,FORECAST_SNAPSHOT,FCST-042-013,OPP-0013,RESOLVED,2025-07-18T18:00:00-06:00,2026-09-26T08:00:00-06:00,2026-06-29T00:00:00-06:00,,1,,false,ACTIVE,,USD,VALID,CURRENT,coolit-synthetic-v2.0.0,CUST-003,PRG-005,CFG-CPL-02,SYNTHETIC_INTERNAL,SNP-COOLIT-20260925-BL,SCN-BASELINE,FCST-042-013,2026-H42,OPP-0013,OPPL-0013,ACC-003,PRG-005,CFG-CPL-02,SOLUTION_DESIGN,0.35,PIPELINE,2025-08-07,10,67000,0,CLOSED_PERIOD
TEN-COOLIT-SYN-001,SITE-COOLIT-SYN-01,CRM,FORECAST_SNAPSHOT,FCST-042-014,OPP-0014,RESOLVED,2025-07-18T18:00:00-06:00,2026-09-26T08:00:00-06:00,2026-06-29T00:00:00-06:00,,1,,false,ACTIVE,,USD,VALID,CURRENT,coolit-synthetic-v2.0.0,CUST-004,PRG-006,CFG-RM-03,SYNTHETIC_INTERNAL,SNP-COOLIT-20260925-BL,SCN-BASELINE,FCST-042-014,2026-H42,OPP-0014,OPPL-0014,ACC-004,PRG-006,CFG-RM-03,SOLUTION_DESIGN,0.35,PIPELINE,2025-08-14,12,93600,0,CLOSED_PERIOD
TEN-COOLIT-SYN-001,SITE-COOLIT-SYN-01,CRM,FORECAST_SNAPSHOT,FCST-042-015,OPP-0015,RESOLVED,2025-07-18T18:00:00-06:00,2026-09-26T08:00:00-06:00,2026-06-29T00:00:00-06:00,,1,,false,ACTIVE,,USD,VALID,CURRENT,coolit-synthetic-v2.0.0,CUST-005,PRG-007,CFG-CDU-04,SYNTHETIC_INTERNAL,SNP-COOLIT-20260925-BL,SCN-BASELINE,FCST-042-015,2026-H42,OPP-0015,OPPL-0015,ACC-005,PRG-007,CFG-CDU-04,SOLUTION_DESIGN,0.35,PIPELINE,2025-08-21,15,1620000,0,CLOSED_PERIOD
TEN-COOLIT-SYN-001,SITE-COOLIT-SYN-01,CRM,FORECAST_SNAPSHOT,FCST-043-001,OPP-0001,RESOLVED,2025-07-25T18:00:00-06:00,2026-09-26T08:00:00-06:00,2026-06-29T00:00:00-06:00,,1,,false,ACTIVE,,USD,VALID,CURRENT,coolit-synthetic-v2.0.0,CUST-001,PRG-001,CFG-CPL-02,SYNTHETIC_INTERNAL,SNP-COOLIT-20260925-BL,SCN-BASELINE,FCST-043-001,2026-H43,OPP-0001,OPPL-0001,ACC-001,PRG-001,CFG-CPL-02,SOLUTION_DESIGN,0.35,PIPELINE,2025-08-11,3,20100,0,CLOSED_PERIOD
TEN-COOLIT-SYN-001,SITE-COOLIT-SYN-01,CRM,FORECAST_SNAPSHOT,FCST-043-002,OPP-0002,RESOLVED,2025-07-25T18:00:00-06:00,2026-09-26T08:00:00-06:00,2026-06-29T00:00:00-06:00,,1,,false,ACTIVE,,USD,VALID,CURRENT,coolit-synthetic-v2.0.0,CUST-002,PRG-002,CFG-RM-03,SYNTHETIC_INTERNAL,SNP-COOLIT-20260925-BL,SCN-BASELINE,FCST-043-002,2026-H43,OPP-0002,OPPL-0002,ACC-002,PRG-002,CFG-RM-03,SOLUTION_DESIGN,0.35,PIPELINE,2025-08-18,5,39000,0,CLOSED_PERIOD
TEN-COOLIT-SYN-001,SITE-COOLIT-SYN-01,CRM,FORECAST_SNAPSHOT,FCST-043-003,OPP-0003,RESOLVED,2025-07-25T18:00:00-06:00,2026-09-26T08:00:00-06:00,2026-06-29T00:00:00-06:00,,1,,false,ACTIVE,,USD,VALID,CURRENT,coolit-synthetic-v2.0.0,CUST-003,PRG-003,CFG-CDU-04,SYNTHETIC_INTERNAL,SNP-COOLIT-20260925-BL,SCN-BASELINE,FCST-043-003,2026-H43,OPP-0003,OPPL-0003,ACC-003,PRG-003,CFG-CDU-04,SOLUTION_DESIGN,0.35,PIPELINE,2025-08-25,7,756000,0,CLOSED_PERIOD
TEN-COOLIT-SYN-001,SITE-COOLIT-SYN-01,CRM,FORECAST_SNAPSHOT,FCST-043-004,OPP-0004,RESOLVED,2025-07-25T18:00:00-06:00,2026-09-26T08:00:00-06:00,2026-06-29T00:00:00-06:00,,1,,false,ACTIVE,,USD,VALID,CURRENT,coolit-synthetic-v2.0.0,CUST-004,PRG-004,CFG-RM-01,SYNTHETIC_INTERNAL,SNP-COOLIT-20260925-BL,SCN-BASELINE,FCST-043-004,2026-H43,OPP-0004,OPPL-0004,ACC-004,PRG-004,CFG-RM-01,SOLUTION_DESIGN,0.35,PIPELINE,2025-09-01,10,56000,0,CLOSED_PERIOD
TEN-COOLIT-SYN-001,SITE-COOLIT-SYN-01,CRM,FORECAST_SNAPSHOT,FCST-043-005,OPP-0005,RESOLVED,2025-07-25T18:00:00-06:00,2026-09-26T08:00:00-06:00,2026-06-29T00:00:00-06:00,,1,,false,ACTIVE,,USD,VALID,CURRENT,coolit-synthetic-v2.0.0,CUST-005,PRG-005,CFG-CDU-02,SYNTHETIC_INTERNAL,SNP-COOLIT-20260925-BL,SCN-BASELINE,FCST-043-005,2026-H43,OPP-0005,OPPL-0005,ACC-005,PRG-005,CFG-CDU-02,SOLUTION_DESIGN,0.35,PIPELINE,2025-09-08,12,1080000,0,CLOSED_PERIOD
TEN-COOLIT-SYN-001,SITE-COOLIT-SYN-01,CRM,FORECAST_SNAPSHOT,FCST-043-006,OPP-0006,RESOLVED,2025-07-25T18:00:00-06:00,2026-09-26T08:00:00-06:00,2026-06-29T00:00:00-06:00,,1,,false,ACTIVE,,USD,VALID,CURRENT,coolit-synthetic-v2.0.0,CUST-006,PRG-006,CFG-CPL-03,SYNTHETIC_INTERNAL,SNP-COOLIT-20260925-BL,SCN-BASELINE,FCST-043-006,2026-H43,OPP-0006,OPPL-0006,ACC-006,PRG-006,CFG-CPL-03,SOLUTION_DESIGN,0.35,PIPELINE,2025-09-15,15,117000,0,CLOSED_PERIOD
TEN-COOLIT-SYN-001,SITE-COOLIT-SYN-01,CRM,FORECAST_SNAPSHOT,FCST-043-007,OPP-0007,RESOLVED,2025-07-25T18:00:00-06:00,2026-09-26T08:00:00-06:00,2026-06-29T00:00:00-06:00,,1,,false,ACTIVE,,USD,VALID,CURRENT,coolit-synthetic-v2.0.0,CUST-007,PRG-007,CFG-RM-04,SYNTHETIC_INTERNAL,SNP-COOLIT-20260925-BL,SCN-BASELINE,FCST-043-007,2026-H43,OPP-0007,OPPL-0007,ACC-007,PRG-007,CFG-RM-04,PROPOSAL,0.55,BEST_CASE,2025-09-22,27,240300,0,CLOSED_PERIOD
TEN-COOLIT-SYN-001,SITE-COOLIT-SYN-01,CRM,FORECAST_SNAPSHOT,FCST-043-008,OPP-0008,RESOLVED,2025-07-25T18:00:00-06:00,2026-09-26T08:00:00-06:00,2026-06-29T00:00:00-06:00,,1,,false,ACTIVE,,USD,VALID,CURRENT,coolit-synthetic-v2.0.0,CUST-008,PRG-008,CFG-CPL-01,SYNTHETIC_INTERNAL,SNP-COOLIT-20260925-BL,SCN-BASELINE,FCST-043-008,2026-H43,OPP-0008,OPPL-0008,ACC-008,PRG-008,CFG-CPL-01,PROPOSAL,0.55,BEST_CASE,2025-09-29,26,145600,0,CLOSED_PERIOD
TEN-COOLIT-SYN-001,SITE-COOLIT-SYN-01,CRM,FORECAST_SNAPSHOT,FCST-043-009,OPP-0009,RESOLVED,2025-07-25T18:00:00-06:00,2026-09-26T08:00:00-06:00,2026-06-29T00:00:00-06:00,,1,,false,ACTIVE,,USD,VALID,CURRENT,coolit-synthetic-v2.0.0,CUST-009,PRG-001,CFG-RM-02,SYNTHETIC_INTERNAL,SNP-COOLIT-20260925-BL,SCN-BASELINE,FCST-043-009,2026-H43,OPP-0009,OPPL-0009,ACC-009,PRG-001,CFG-RM-02,SOLUTION_DESIGN,0.35,PIPELINE,2025-10-06,19,127300,0,CLOSED_PERIOD
TEN-COOLIT-SYN-001,SITE-COOLIT-SYN-01,CRM,FORECAST_SNAPSHOT,FCST-043-010,OPP-0010,RESOLVED,2025-07-25T18:00:00-06:00,2026-09-26T08:00:00-06:00,2026-06-29T00:00:00-06:00,,1,,false,ACTIVE,,USD,VALID,CURRENT,coolit-synthetic-v2.0.0,CUST-010,PRG-002,CFG-CDU-03,SYNTHETIC_INTERNAL,SNP-COOLIT-20260925-BL,SCN-BASELINE,FCST-043-010,2026-H43,OPP-0010,OPPL-0010,ACC-010,PRG-002,CFG-CDU-03,SOLUTION_DESIGN,0.35,PIPELINE,2025-10-13,3,297000,0,CLOSED_PERIOD
TEN-COOLIT-SYN-001,SITE-COOLIT-SYN-01,CRM,FORECAST_SNAPSHOT,FCST-043-011,OPP-0011,RESOLVED,2025-07-25T18:00:00-06:00,2026-09-26T08:00:00-06:00,2026-06-29T00:00:00-06:00,,1,,false,ACTIVE,,USD,VALID,CURRENT,coolit-synthetic-v2.0.0,CUST-001,PRG-003,CFG-CPL-04,SYNTHETIC_INTERNAL,SNP-COOLIT-20260925-BL,SCN-BASELINE,FCST-043-011,2026-H43,OPP-0011,OPPL-0011,ACC-001,PRG-003,CFG-CPL-04,SOLUTION_DESIGN,0.35,PIPELINE,2025-10-20,6,53400,0,CLOSED_PERIOD
TEN-COOLIT-SYN-001,SITE-COOLIT-SYN-01,CRM,FORECAST_SNAPSHOT,FCST-043-012,OPP-0012,RESOLVED,2025-07-25T18:00:00-06:00,2026-09-26T08:00:00-06:00,2026-06-29T00:00:00-06:00,,1,,false,ACTIVE,,USD,VALID,CURRENT,coolit-synthetic-v2.0.0,CUST-002,PRG-004,CFG-CDU-01,SYNTHETIC_INTERNAL,SNP-COOLIT-20260925-BL,SCN-BASELINE,FCST-043-012,2026-H43,OPP-0012,OPPL-0012,ACC-002,PRG-004,CFG-CDU-01,SOLUTION_DESIGN,0.35,PIPELINE,2025-10-27,8,648000,0,CLOSED_PERIOD
TEN-COOLIT-SYN-001,SITE-COOLIT-SYN-01,CRM,FORECAST_SNAPSHOT,FCST-043-013,OPP-0013,RESOLVED,2025-07-25T18:00:00-06:00,2026-09-26T08:00:00-06:00,2026-06-29T00:00:00-06:00,,1,,false,ACTIVE,,USD,VALID,CURRENT,coolit-synthetic-v2.0.0,CUST-003,PRG-005,CFG-CPL-02,SYNTHETIC_INTERNAL,SNP-COOLIT-20260925-BL,SCN-BASELINE,FCST-043-013,2026-H43,OPP-0013,OPPL-0013,ACC-003,PRG-005,CFG-CPL-02,SOLUTION_DESIGN,0.35,PIPELINE,2025-08-11,10,67000,0,CLOSED_PERIOD
TEN-COOLIT-SYN-001,SITE-COOLIT-SYN-01,CRM,FORECAST_SNAPSHOT,FCST-043-014,OPP-0014,RESOLVED,2025-07-25T18:00:00-06:00,2026-09-26T08:00:00-06:00,2026-06-29T00:00:00-06:00,,1,,false,ACTIVE,,USD,VALID,CURRENT,coolit-synthetic-v2.0.0,CUST-004,PRG-006,CFG-RM-03,SYNTHETIC_INTERNAL,SNP-COOLIT-20260925-BL,SCN-BASELINE,FCST-043-014,2026-H43,OPP-0014,OPPL-0014,ACC-004,PRG-006,CFG-RM-03,SOLUTION_DESIGN,0.35,PIPELINE,2025-08-18,13,101400,0,CLOSED_PERIOD
TEN-COOLIT-SYN-001,SITE-COOLIT-SYN-01,CRM,FORECAST_SNAPSHOT,FCST-043-015,OPP-0015,RESOLVED,2025-07-25T18:00:00-06:00,2026-09-26T08:00:00-06:00,2026-06-29T00:00:00-06:00,,1,,false,ACTIVE,,USD,VALID,CURRENT,coolit-synthetic-v2.0.0,CUST-005,PRG-007,CFG-CDU-04,SYNTHETIC_INTERNAL,SNP-COOLIT-20260925-BL,SCN-BASELINE,FCST-043-015,2026-H43,OPP-0015,OPPL-0015,ACC-005,PRG-007,CFG-CDU-04,PROPOSAL,0.55,BEST_CASE,2025-08-25,20,2160000,0,CLOSED_PERIOD
TEN-COOLIT-SYN-001,SITE-COOLIT-SYN-01,CRM,FORECAST_SNAPSHOT,FCST-044-001,OPP-0001,RESOLVED,2025-08-01T18:00:00-06:00,2026-09-26T08:00:00-06:00,2026-06-29T00:00:00-06:00,,1,,false,ACTIVE,,USD,VALID,CURRENT,coolit-synthetic-v2.0.0,CUST-001,PRG-001,CFG-CPL-02,SYNTHETIC_INTERNAL,SNP-COOLIT-20260925-BL,SCN-BASELINE,FCST-044-001,2026-H44,OPP-0001,OPPL-0001,ACC-001,PRG-001,CFG-CPL-02,SOLUTION_DESIGN,0.35,PIPELINE,2025-08-15,3,20100,0,CLOSED_PERIOD
TEN-COOLIT-SYN-001,SITE-COOLIT-SYN-01,CRM,FORECAST_SNAPSHOT,FCST-044-002,OPP-0002,RESOLVED,2025-08-01T18:00:00-06:00,2026-09-26T08:00:00-06:00,2026-06-29T00:00:00-06:00,,1,,false,ACTIVE,,USD,VALID,CURRENT,coolit-synthetic-v2.0.0,CUST-002,PRG-002,CFG-RM-03,SYNTHETIC_INTERNAL,SNP-COOLIT-20260925-BL,SCN-BASELINE,FCST-044-002,2026-H44,OPP-0002,OPPL-0002,ACC-002,PRG-002,CFG-RM-03,SOLUTION_DESIGN,0.35,PIPELINE,2025-08-22,5,39000,0,CLOSED_PERIOD
TEN-COOLIT-SYN-001,SITE-COOLIT-SYN-01,CRM,FORECAST_SNAPSHOT,FCST-044-003,OPP-0003,RESOLVED,2025-08-01T18:00:00-06:00,2026-09-26T08:00:00-06:00,2026-06-29T00:00:00-06:00,,1,,false,ACTIVE,,USD,VALID,CURRENT,coolit-synthetic-v2.0.0,CUST-003,PRG-003,CFG-CDU-04,SYNTHETIC_INTERNAL,SNP-COOLIT-20260925-BL,SCN-BASELINE,FCST-044-003,2026-H44,OPP-0003,OPPL-0003,ACC-003,PRG-003,CFG-CDU-04,SOLUTION_DESIGN,0.35,PIPELINE,2025-08-29,8,864000,0,CLOSED_PERIOD
TEN-COOLIT-SYN-001,SITE-COOLIT-SYN-01,CRM,FORECAST_SNAPSHOT,FCST-044-004,OPP-0004,RESOLVED,2025-08-01T18:00:00-06:00,2026-09-26T08:00:00-06:00,2026-06-29T00:00:00-06:00,,1,,false,ACTIVE,,USD,VALID,CURRENT,coolit-synthetic-v2.0.0,CUST-004,PRG-004,CFG-RM-01,SYNTHETIC_INTERNAL,SNP-COOLIT-20260925-BL,SCN-BASELINE,FCST-044-004,2026-H44,OPP-0004,OPPL-0004,ACC-004,PRG-004,CFG-RM-01,SOLUTION_DESIGN,0.35,PIPELINE,2025-09-05,10,56000,0,CLOSED_PERIOD
TEN-COOLIT-SYN-001,SITE-COOLIT-SYN-01,CRM,FORECAST_SNAPSHOT,FCST-044-005,OPP-0005,RESOLVED,2025-08-01T18:00:00-06:00,2026-09-26T08:00:00-06:00,2026-06-29T00:00:00-06:00,,1,,false,ACTIVE,,USD,VALID,CURRENT,coolit-synthetic-v2.0.0,CUST-005,PRG-005,CFG-CDU-02,SYNTHETIC_INTERNAL,SNP-COOLIT-20260925-BL,SCN-BASELINE,FCST-044-005,2026-H44,OPP-0005,OPPL-0005,ACC-005,PRG-005,CFG-CDU-02,SOLUTION_DESIGN,0.35,PIPELINE,2025-09-12,12,1080000,0,CLOSED_PERIOD
TEN-COOLIT-SYN-001,SITE-COOLIT-SYN-01,CRM,FORECAST_SNAPSHOT,FCST-044-006,OPP-0006,RESOLVED,2025-08-01T18:00:00-06:00,2026-09-26T08:00:00-06:00,2026-06-29T00:00:00-06:00,,1,,false,ACTIVE,,USD,VALID,CURRENT,coolit-synthetic-v2.0.0,CUST-006,PRG-006,CFG-CPL-03,SYNTHETIC_INTERNAL,SNP-COOLIT-20260925-BL,SCN-BASELINE,FCST-044-006,2026-H44,OPP-0006,OPPL-0006,ACC-006,PRG-006,CFG-CPL-03,PROPOSAL,0.55,BEST_CASE,2025-09-19,24,187200,0,CLOSED_PERIOD
TEN-COOLIT-SYN-001,SITE-COOLIT-SYN-01,CRM,FORECAST_SNAPSHOT,FCST-044-007,OPP-0007,RESOLVED,2025-08-01T18:00:00-06:00,2026-09-26T08:00:00-06:00,2026-06-29T00:00:00-06:00,,1,,false,ACTIVE,,USD,VALID,CURRENT,coolit-synthetic-v2.0.0,CUST-007,PRG-007,CFG-RM-04,SYNTHETIC_INTERNAL,SNP-COOLIT-20260925-BL,SCN-BASELINE,FCST-044-007,2026-H44,OPP-0007,OPPL-0007,ACC-007,PRG-007,CFG-RM-04,PROPOSAL,0.55,BEST_CASE,2025-09-26,23,204700,0,CLOSED_PERIOD
TEN-COOLIT-SYN-001,SITE-COOLIT-SYN-01,CRM,FORECAST_SNAPSHOT,FCST-044-008,OPP-0008,RESOLVED,2025-08-01T18:00:00-06:00,2026-09-26T08:00:00-06:00,2026-06-29T00:00:00-06:00,,1,,false,ACTIVE,,USD,VALID,CURRENT,coolit-synthetic-v2.0.0,CUST-008,PRG-008,CFG-CPL-01,SYNTHETIC_INTERNAL,SNP-COOLIT-20260925-BL,SCN-BASELINE,FCST-044-008,2026-H44,OPP-0008,OPPL-0008,ACC-008,PRG-008,CFG-CPL-01,PROPOSAL,0.55,BEST_CASE,2025-10-03,27,151200,0,CLOSED_PERIOD
TEN-COOLIT-SYN-001,SITE-COOLIT-SYN-01,CRM,FORECAST_SNAPSHOT,FCST-044-009,OPP-0009,RESOLVED,2025-08-01T18:00:00-06:00,2026-09-26T08:00:00-06:00,2026-06-29T00:00:00-06:00,,1,,false,ACTIVE,,USD,VALID,CURRENT,coolit-synthetic-v2.0.0,CUST-009,PRG-001,CFG-RM-02,SYNTHETIC_INTERNAL,SNP-COOLIT-20260925-BL,SCN-BASELINE,FCST-044-009,2026-H44,OPP-0009,OPPL-0009,ACC-009,PRG-001,CFG-RM-02,SOLUTION_DESIGN,0.35,PIPELINE,2025-10-10,19,127300,0,CLOSED_PERIOD
TEN-COOLIT-SYN-001,SITE-COOLIT-SYN-01,CRM,FORECAST_SNAPSHOT,FCST-044-010,OPP-0010,RESOLVED,2025-08-01T18:00:00-06:00,2026-09-26T08:00:00-06:00,2026-06-29T00:00:00-06:00,,1,,false,ACTIVE,,USD,VALID,CURRENT,coolit-synthetic-v2.0.0,CUST-010,PRG-002,CFG-CDU-03,SYNTHETIC_INTERNAL,SNP-COOLIT-20260925-BL,SCN-BASELINE,FCST-044-010,2026-H44,OPP-0010,OPPL-0010,ACC-010,PRG-002,CFG-CDU-03,SOLUTION_DESIGN,0.35,PIPELINE,2025-10-17,3,297000,0,CLOSED_PERIOD
TEN-COOLIT-SYN-001,SITE-COOLIT-SYN-01,CRM,FORECAST_SNAPSHOT,FCST-044-011,OPP-0011,RESOLVED,2025-08-01T18:00:00-06:00,2026-09-26T08:00:00-06:00,2026-06-29T00:00:00-06:00,,1,,false,ACTIVE,,USD,VALID,CURRENT,coolit-synthetic-v2.0.0,CUST-001,PRG-003,CFG-CPL-04,SYNTHETIC_INTERNAL,SNP-COOLIT-20260925-BL,SCN-BASELINE,FCST-044-011,2026-H44,OPP-0011,OPPL-0011,ACC-001,PRG-003,CFG-CPL-04,SOLUTION_DESIGN,0.35,PIPELINE,2025-10-24,6,53400,0,CLOSED_PERIOD
TEN-COOLIT-SYN-001,SITE-COOLIT-SYN-01,CRM,FORECAST_SNAPSHOT,FCST-044-012,OPP-0012,RESOLVED,2025-08-01T18:00:00-06:00,2026-09-26T08:00:00-06:00,2026-06-29T00:00:00-06:00,,1,,false,ACTIVE,,USD,VALID,CURRENT,coolit-synthetic-v2.0.0,CUST-002,PRG-004,CFG-CDU-01,SYNTHETIC_INTERNAL,SNP-COOLIT-20260925-BL,SCN-BASELINE,FCST-044-012,2026-H44,OPP-0012,OPPL-0012,ACC-002,PRG-004,CFG-CDU-01,SOLUTION_DESIGN,0.35,PIPELINE,2025-10-31,8,648000,0,CLOSED_PERIOD
TEN-COOLIT-SYN-001,SITE-COOLIT-SYN-01,CRM,FORECAST_SNAPSHOT,FCST-044-013,OPP-0013,RESOLVED,2025-08-01T18:00:00-06:00,2026-09-26T08:00:00-06:00,2026-06-29T00:00:00-06:00,,1,,false,ACTIVE,,USD,VALID,CURRENT,coolit-synthetic-v2.0.0,CUST-003,PRG-005,CFG-CPL-02,SYNTHETIC_INTERNAL,SNP-COOLIT-20260925-BL,SCN-BASELINE,FCST-044-013,2026-H44,OPP-0013,OPPL-0013,ACC-003,PRG-005,CFG-CPL-02,SOLUTION_DESIGN,0.35,PIPELINE,2025-08-15,11,73700,0,CLOSED_PERIOD
TEN-COOLIT-SYN-001,SITE-COOLIT-SYN-01,CRM,FORECAST_SNAPSHOT,FCST-044-014,OPP-0014,RESOLVED,2025-08-01T18:00:00-06:00,2026-09-26T08:00:00-06:00,2026-06-29T00:00:00-06:00,,1,,false,ACTIVE,,USD,VALID,CURRENT,coolit-synthetic-v2.0.0,CUST-004,PRG-006,CFG-RM-03,SYNTHETIC_INTERNAL,SNP-COOLIT-20260925-BL,SCN-BASELINE,FCST-044-014,2026-H44,OPP-0014,OPPL-0014,ACC-004,PRG-006,CFG-RM-03,PROPOSAL,0.55,BEST_CASE,2025-08-22,17,132600,0,CLOSED_PERIOD
TEN-COOLIT-SYN-001,SITE-COOLIT-SYN-01,CRM,FORECAST_SNAPSHOT,FCST-044-015,OPP-0015,RESOLVED,2025-08-01T18:00:00-06:00,2026-09-26T08:00:00-06:00,2026-06-29T00:00:00-06:00,,1,,false,ACTIVE,,USD,VALID,CURRENT,coolit-synthetic-v2.0.0,CUST-005,PRG-007,CFG-CDU-04,SYNTHETIC_INTERNAL,SNP-COOLIT-20260925-BL,SCN-BASELINE,FCST-044-015,2026-H44,OPP-0015,OPPL-0015,ACC-005,PRG-007,CFG-CDU-04,PROPOSAL,0.55,BEST_CASE,2025-08-29,20,2160000,0,CLOSED_PERIOD
TEN-COOLIT-SYN-001,SITE-COOLIT-SYN-01,CRM,FORECAST_SNAPSHOT,FCST-045-001,OPP-0001,RESOLVED,2025-08-08T18:00:00-06:00,2026-09-26T08:00:00-06:00,2026-06-29T00:00:00-06:00,,1,,false,ACTIVE,,USD,VALID,CURRENT,coolit-synthetic-v2.0.0,CUST-001,PRG-001,CFG-CPL-02,SYNTHETIC_INTERNAL,SNP-COOLIT-20260925-BL,SCN-BASELINE,FCST-045-001,2026-H45,OPP-0001,OPPL-0001,ACC-001,PRG-001,CFG-CPL-02,SOLUTION_DESIGN,0.35,PIPELINE,2025-08-19,3,20100,0,CLOSED_PERIOD
TEN-COOLIT-SYN-001,SITE-COOLIT-SYN-01,CRM,FORECAST_SNAPSHOT,FCST-045-002,OPP-0002,RESOLVED,2025-08-08T18:00:00-06:00,2026-09-26T08:00:00-06:00,2026-06-29T00:00:00-06:00,,1,,false,ACTIVE,,USD,VALID,CURRENT,coolit-synthetic-v2.0.0,CUST-002,PRG-002,CFG-RM-03,SYNTHETIC_INTERNAL,SNP-COOLIT-20260925-BL,SCN-BASELINE,FCST-045-002,2026-H45,OPP-0002,OPPL-0002,ACC-002,PRG-002,CFG-RM-03,SOLUTION_DESIGN,0.35,PIPELINE,2025-08-26,6,46800,0,CLOSED_PERIOD
TEN-COOLIT-SYN-001,SITE-COOLIT-SYN-01,CRM,FORECAST_SNAPSHOT,FCST-045-003,OPP-0003,RESOLVED,2025-08-08T18:00:00-06:00,2026-09-26T08:00:00-06:00,2026-06-29T00:00:00-06:00,,1,,false,ACTIVE,,USD,VALID,CURRENT,coolit-synthetic-v2.0.0,CUST-003,PRG-003,CFG-CDU-04,SYNTHETIC_INTERNAL,SNP-COOLIT-20260925-BL,SCN-BASELINE,FCST-045-003,2026-H45,OPP-0003,OPPL-0003,ACC-003,PRG-003,CFG-CDU-04,SOLUTION_DESIGN,0.35,PIPELINE,2025-09-02,8,864000,0,CLOSED_PERIOD
TEN-COOLIT-SYN-001,SITE-COOLIT-SYN-01,CRM,FORECAST_SNAPSHOT,FCST-045-004,OPP-0004,RESOLVED,2025-08-08T18:00:00-06:00,2026-09-26T08:00:00-06:00,2026-06-29T00:00:00-06:00,,1,,false,ACTIVE,,USD,VALID,CURRENT,coolit-synthetic-v2.0.0,CUST-004,PRG-004,CFG-RM-01,SYNTHETIC_INTERNAL,SNP-COOLIT-20260925-BL,SCN-BASELINE,FCST-045-004,2026-H45,OPP-0004,OPPL-0004,ACC-004,PRG-004,CFG-RM-01,SOLUTION_DESIGN,0.35,PIPELINE,2025-09-09,10,56000,0,CLOSED_PERIOD
TEN-COOLIT-SYN-001,SITE-COOLIT-SYN-01,CRM,FORECAST_SNAPSHOT,FCST-045-005,OPP-0005,RESOLVED,2025-08-08T18:00:00-06:00,2026-09-26T08:00:00-06:00,2026-06-29T00:00:00-06:00,,1,,false,ACTIVE,,USD,VALID,CURRENT,coolit-synthetic-v2.0.0,CUST-005,PRG-005,CFG-CDU-02,SYNTHETIC_INTERNAL,SNP-COOLIT-20260925-BL,SCN-BASELINE,FCST-045-005,2026-H45,OPP-0005,OPPL-0005,ACC-005,PRG-005,CFG-CDU-02,PROPOSAL,0.55,BEST_CASE,2025-09-16,20,1800000,0,CLOSED_PERIOD
TEN-COOLIT-SYN-001,SITE-COOLIT-SYN-01,CRM,FORECAST_SNAPSHOT,FCST-045-006,OPP-0006,RESOLVED,2025-08-08T18:00:00-06:00,2026-09-26T08:00:00-06:00,2026-06-29T00:00:00-06:00,,1,,false,ACTIVE,,USD,VALID,CURRENT,coolit-synthetic-v2.0.0,CUST-006,PRG-006,CFG-CPL-03,SYNTHETIC_INTERNAL,SNP-COOLIT-20260925-BL,SCN-BASELINE,FCST-045-006,2026-H45,OPP-0006,OPPL-0006,ACC-006,PRG-006,CFG-CPL-03,PROPOSAL,0.55,BEST_CASE,2025-09-23,20,156000,0,CLOSED_PERIOD
TEN-COOLIT-SYN-001,SITE-COOLIT-SYN-01,CRM,FORECAST_SNAPSHOT,FCST-045-007,OPP-0007,RESOLVED,2025-08-08T18:00:00-06:00,2026-09-26T08:00:00-06:00,2026-06-29T00:00:00-06:00,,1,,false,ACTIVE,,USD,VALID,CURRENT,coolit-synthetic-v2.0.0,CUST-007,PRG-007,CFG-RM-04,SYNTHETIC_INTERNAL,SNP-COOLIT-20260925-BL,SCN-BASELINE,FCST-045-007,2026-H45,OPP-0007,OPPL-0007,ACC-007,PRG-007,CFG-RM-04,PROPOSAL,0.55,BEST_CASE,2025-09-30,24,213600,0,CLOSED_PERIOD
TEN-COOLIT-SYN-001,SITE-COOLIT-SYN-01,CRM,FORECAST_SNAPSHOT,FCST-045-008,OPP-0008,RESOLVED,2025-08-08T18:00:00-06:00,2026-09-26T08:00:00-06:00,2026-06-29T00:00:00-06:00,,1,,false,ACTIVE,,USD,VALID,CURRENT,coolit-synthetic-v2.0.0,CUST-008,PRG-008,CFG-CPL-01,SYNTHETIC_INTERNAL,SNP-COOLIT-20260925-BL,SCN-BASELINE,FCST-045-008,2026-H45,OPP-0008,OPPL-0008,ACC-008,PRG-008,CFG-CPL-01,PROPOSAL,0.55,BEST_CASE,2025-10-07,27,151200,0,CLOSED_PERIOD
TEN-COOLIT-SYN-001,SITE-COOLIT-SYN-01,CRM,FORECAST_SNAPSHOT,FCST-045-009,OPP-0009,RESOLVED,2025-08-08T18:00:00-06:00,2026-09-26T08:00:00-06:00,2026-06-29T00:00:00-06:00,,1,,false,ACTIVE,,USD,VALID,CURRENT,coolit-synthetic-v2.0.0,CUST-009,PRG-001,CFG-RM-02,SYNTHETIC_INTERNAL,SNP-COOLIT-20260925-BL,SCN-BASELINE,FCST-045-009,2026-H45,OPP-0009,OPPL-0009,ACC-009,PRG-001,CFG-RM-02,SOLUTION_DESIGN,0.35,PIPELINE,2025-10-14,20,134000,0,CLOSED_PERIOD
TEN-COOLIT-SYN-001,SITE-COOLIT-SYN-01,CRM,FORECAST_SNAPSHOT,FCST-045-010,OPP-0010,RESOLVED,2025-08-08T18:00:00-06:00,2026-09-26T08:00:00-06:00,2026-06-29T00:00:00-06:00,,1,,false,ACTIVE,,USD,VALID,CURRENT,coolit-synthetic-v2.0.0,CUST-010,PRG-002,CFG-CDU-03,SYNTHETIC_INTERNAL,SNP-COOLIT-20260925-BL,SCN-BASELINE,FCST-045-010,2026-H45,OPP-0010,OPPL-0010,ACC-010,PRG-002,CFG-CDU-03,SOLUTION_DESIGN,0.35,PIPELINE,2025-10-21,4,396000,0,CLOSED_PERIOD
TEN-COOLIT-SYN-001,SITE-COOLIT-SYN-01,CRM,FORECAST_SNAPSHOT,FCST-045-011,OPP-0011,RESOLVED,2025-08-08T18:00:00-06:00,2026-09-26T08:00:00-06:00,2026-06-29T00:00:00-06:00,,1,,false,ACTIVE,,USD,VALID,CURRENT,coolit-synthetic-v2.0.0,CUST-001,PRG-003,CFG-CPL-04,SYNTHETIC_INTERNAL,SNP-COOLIT-20260925-BL,SCN-BASELINE,FCST-045-011,2026-H45,OPP-0011,OPPL-0011,ACC-001,PRG-003,CFG-CPL-04,SOLUTION_DESIGN,0.35,PIPELINE,2025-10-28,6,53400,0,CLOSED_PERIOD
TEN-COOLIT-SYN-001,SITE-COOLIT-SYN-01,CRM,FORECAST_SNAPSHOT,FCST-045-012,OPP-0012,RESOLVED,2025-08-08T18:00:00-06:00,2026-09-26T08:00:00-06:00,2026-06-29T00:00:00-06:00,,1,,false,ACTIVE,,USD,VALID,CURRENT,coolit-synthetic-v2.0.0,CUST-002,PRG-004,CFG-CDU-01,SYNTHETIC_INTERNAL,SNP-COOLIT-20260925-BL,SCN-BASELINE,FCST-045-012,2026-H45,OPP-0012,OPPL-0012,ACC-002,PRG-004,CFG-CDU-01,SOLUTION_DESIGN,0.35,PIPELINE,2025-11-04,8,648000,0,CLOSED_PERIOD
TEN-COOLIT-SYN-001,SITE-COOLIT-SYN-01,CRM,FORECAST_SNAPSHOT,FCST-045-013,OPP-0013,RESOLVED,2025-08-08T18:00:00-06:00,2026-09-26T08:00:00-06:00,2026-06-29T00:00:00-06:00,,1,,false,ACTIVE,,USD,VALID,CURRENT,coolit-synthetic-v2.0.0,CUST-003,PRG-005,CFG-CPL-02,SYNTHETIC_INTERNAL,SNP-COOLIT-20260925-BL,SCN-BASELINE,FCST-045-013,2026-H45,OPP-0013,OPPL-0013,ACC-003,PRG-005,CFG-CPL-02,PROPOSAL,0.55,BEST_CASE,2025-08-19,14,93800,0,CLOSED_PERIOD
TEN-COOLIT-SYN-001,SITE-COOLIT-SYN-01,CRM,FORECAST_SNAPSHOT,FCST-045-014,OPP-0014,RESOLVED,2025-08-08T18:00:00-06:00,2026-09-26T08:00:00-06:00,2026-06-29T00:00:00-06:00,,1,,false,ACTIVE,,USD,VALID,CURRENT,coolit-synthetic-v2.0.0,CUST-004,PRG-006,CFG-RM-03,SYNTHETIC_INTERNAL,SNP-COOLIT-20260925-BL,SCN-BASELINE,FCST-045-014,2026-H45,OPP-0014,OPPL-0014,ACC-004,PRG-006,CFG-RM-03,PROPOSAL,0.55,BEST_CASE,2025-08-26,17,132600,0,CLOSED_PERIOD
TEN-COOLIT-SYN-001,SITE-COOLIT-SYN-01,CRM,FORECAST_SNAPSHOT,FCST-045-015,OPP-0015,RESOLVED,2025-08-08T18:00:00-06:00,2026-09-26T08:00:00-06:00,2026-06-29T00:00:00-06:00,,1,,false,ACTIVE,,USD,VALID,CURRENT,coolit-synthetic-v2.0.0,CUST-005,PRG-007,CFG-CDU-04,SYNTHETIC_INTERNAL,SNP-COOLIT-20260925-BL,SCN-BASELINE,FCST-045-015,2026-H45,OPP-0015,OPPL-0015,ACC-005,PRG-007,CFG-CDU-04,PROPOSAL,0.55,BEST_CASE,2025-09-02,21,2268000,0,CLOSED_PERIOD
TEN-COOLIT-SYN-001,SITE-COOLIT-SYN-01,CRM,FORECAST_SNAPSHOT,FCST-046-001,OPP-0001,RESOLVED,2025-08-15T18:00:00-06:00,2026-09-26T08:00:00-06:00,2026-06-29T00:00:00-06:00,,1,,false,ACTIVE,,USD,VALID,CURRENT,coolit-synthetic-v2.0.0,CUST-001,PRG-001,CFG-CPL-02,SYNTHETIC_INTERNAL,SNP-COOLIT-20260925-BL,SCN-BASELINE,FCST-046-001,2026-H46,OPP-0001,OPPL-0001,ACC-001,PRG-001,CFG-CPL-02,SOLUTION_DESIGN,0.35,PIPELINE,2025-09-19,3,20100,0,CLOSED_PERIOD
TEN-COOLIT-SYN-001,SITE-COOLIT-SYN-01,CRM,FORECAST_SNAPSHOT,FCST-046-002,OPP-0002,RESOLVED,2025-08-15T18:00:00-06:00,2026-09-26T08:00:00-06:00,2026-06-29T00:00:00-06:00,,1,,false,ACTIVE,,USD,VALID,CURRENT,coolit-synthetic-v2.0.0,CUST-002,PRG-002,CFG-RM-03,SYNTHETIC_INTERNAL,SNP-COOLIT-20260925-BL,SCN-BASELINE,FCST-046-002,2026-H46,OPP-0002,OPPL-0002,ACC-002,PRG-002,CFG-RM-03,SOLUTION_DESIGN,0.35,PIPELINE,2025-09-26,6,46800,0,CLOSED_PERIOD
TEN-COOLIT-SYN-001,SITE-COOLIT-SYN-01,CRM,FORECAST_SNAPSHOT,FCST-046-003,OPP-0003,RESOLVED,2025-08-15T18:00:00-06:00,2026-09-26T08:00:00-06:00,2026-06-29T00:00:00-06:00,,1,,false,ACTIVE,,USD,VALID,CURRENT,coolit-synthetic-v2.0.0,CUST-003,PRG-003,CFG-CDU-04,SYNTHETIC_INTERNAL,SNP-COOLIT-20260925-BL,SCN-BASELINE,FCST-046-003,2026-H46,OPP-0003,OPPL-0003,ACC-003,PRG-003,CFG-CDU-04,SOLUTION_DESIGN,0.35,PIPELINE,2025-10-03,8,864000,0,CLOSED_PERIOD
TEN-COOLIT-SYN-001,SITE-COOLIT-SYN-01,CRM,FORECAST_SNAPSHOT,FCST-046-004,OPP-0004,RESOLVED,2025-08-15T18:00:00-06:00,2026-09-26T08:00:00-06:00,2026-06-29T00:00:00-06:00,,1,,false,ACTIVE,,USD,VALID,CURRENT,coolit-synthetic-v2.0.0,CUST-004,PRG-004,CFG-RM-01,SYNTHETIC_INTERNAL,SNP-COOLIT-20260925-BL,SCN-BASELINE,FCST-046-004,2026-H46,OPP-0004,OPPL-0004,ACC-004,PRG-004,CFG-RM-01,PROPOSAL,0.55,BEST_CASE,2025-10-10,17,95200,0,CLOSED_PERIOD
TEN-COOLIT-SYN-001,SITE-COOLIT-SYN-01,CRM,FORECAST_SNAPSHOT,FCST-046-005,OPP-0005,RESOLVED,2025-08-15T18:00:00-06:00,2026-09-26T08:00:00-06:00,2026-06-29T00:00:00-06:00,,1,,false,ACTIVE,,USD,VALID,CURRENT,coolit-synthetic-v2.0.0,CUST-005,PRG-005,CFG-CDU-02,SYNTHETIC_INTERNAL,SNP-COOLIT-20260925-BL,SCN-BASELINE,FCST-046-005,2026-H46,OPP-0005,OPPL-0005,ACC-005,PRG-005,CFG-CDU-02,PROPOSAL,0.55,BEST_CASE,2025-10-17,17,1530000,0,CLOSED_PERIOD
TEN-COOLIT-SYN-001,SITE-COOLIT-SYN-01,CRM,FORECAST_SNAPSHOT,FCST-046-006,OPP-0006,RESOLVED,2025-08-15T18:00:00-06:00,2026-09-26T08:00:00-06:00,2026-06-29T00:00:00-06:00,,1,,false,ACTIVE,,USD,VALID,CURRENT,coolit-synthetic-v2.0.0,CUST-006,PRG-006,CFG-CPL-03,SYNTHETIC_INTERNAL,SNP-COOLIT-20260925-BL,SCN-BASELINE,FCST-046-006,2026-H46,OPP-0006,OPPL-0006,ACC-006,PRG-006,CFG-CPL-03,PROPOSAL,0.55,BEST_CASE,2025-10-24,20,156000,0,CLOSED_PERIOD
TEN-COOLIT-SYN-001,SITE-COOLIT-SYN-01,CRM,FORECAST_SNAPSHOT,FCST-046-007,OPP-0007,RESOLVED,2025-08-15T18:00:00-06:00,2026-09-26T08:00:00-06:00,2026-06-29T00:00:00-06:00,,1,,false,ACTIVE,,USD,VALID,CURRENT,coolit-synthetic-v2.0.0,CUST-007,PRG-007,CFG-RM-04,SYNTHETIC_INTERNAL,SNP-COOLIT-20260925-BL,SCN-BASELINE,FCST-046-007,2026-H46,OPP-0007,OPPL-0007,ACC-007,PRG-007,CFG-RM-04,PROPOSAL,0.55,BEST_CASE,2025-10-31,24,213600,0,CLOSED_PERIOD
TEN-COOLIT-SYN-001,SITE-COOLIT-SYN-01,CRM,FORECAST_SNAPSHOT,FCST-046-008,OPP-0008,RESOLVED,2025-08-15T18:00:00-06:00,2026-09-26T08:00:00-06:00,2026-06-29T00:00:00-06:00,,1,,false,ACTIVE,,USD,VALID,CURRENT,coolit-synthetic-v2.0.0,CUST-008,PRG-008,CFG-CPL-01,SYNTHETIC_INTERNAL,SNP-COOLIT-20260925-BL,SCN-BASELINE,FCST-046-008,2026-H46,OPP-0008,OPPL-0008,ACC-008,PRG-008,CFG-CPL-01,PROPOSAL,0.55,BEST_CASE,2025-11-07,28,156800,0,CLOSED_PERIOD
TEN-COOLIT-SYN-001,SITE-COOLIT-SYN-01,CRM,FORECAST_SNAPSHOT,FCST-046-009,OPP-0009,RESOLVED,2025-08-15T18:00:00-06:00,2026-09-26T08:00:00-06:00,2026-06-29T00:00:00-06:00,,1,,false,ACTIVE,,USD,VALID,CURRENT,coolit-synthetic-v2.0.0,CUST-009,PRG-001,CFG-RM-02,SYNTHETIC_INTERNAL,SNP-COOLIT-20260925-BL,SCN-BASELINE,FCST-046-009,2026-H46,OPP-0009,OPPL-0009,ACC-009,PRG-001,CFG-RM-02,SOLUTION_DESIGN,0.35,PIPELINE,2025-11-14,21,140700,0,CLOSED_PERIOD
TEN-COOLIT-SYN-001,SITE-COOLIT-SYN-01,CRM,FORECAST_SNAPSHOT,FCST-046-010,OPP-0010,RESOLVED,2025-08-15T18:00:00-06:00,2026-09-26T08:00:00-06:00,2026-06-29T00:00:00-06:00,,1,,false,ACTIVE,,USD,VALID,CURRENT,coolit-synthetic-v2.0.0,CUST-010,PRG-002,CFG-CDU-03,SYNTHETIC_INTERNAL,SNP-COOLIT-20260925-BL,SCN-BASELINE,FCST-046-010,2026-H46,OPP-0010,OPPL-0010,ACC-010,PRG-002,CFG-CDU-03,SOLUTION_DESIGN,0.35,PIPELINE,2025-11-21,4,396000,0,CLOSED_PERIOD
TEN-COOLIT-SYN-001,SITE-COOLIT-SYN-01,CRM,FORECAST_SNAPSHOT,FCST-046-011,OPP-0011,RESOLVED,2025-08-15T18:00:00-06:00,2026-09-26T08:00:00-06:00,2026-06-29T00:00:00-06:00,,1,,false,ACTIVE,,USD,VALID,CURRENT,coolit-synthetic-v2.0.0,CUST-001,PRG-003,CFG-CPL-04,SYNTHETIC_INTERNAL,SNP-COOLIT-20260925-BL,SCN-BASELINE,FCST-046-011,2026-H46,OPP-0011,OPPL-0011,ACC-001,PRG-003,CFG-CPL-04,SOLUTION_DESIGN,0.35,PIPELINE,2025-11-28,6,53400,0,CLOSED_PERIOD
TEN-COOLIT-SYN-001,SITE-COOLIT-SYN-01,CRM,FORECAST_SNAPSHOT,FCST-046-012,OPP-0012,RESOLVED,2025-08-15T18:00:00-06:00,2026-09-26T08:00:00-06:00,2026-06-29T00:00:00-06:00,,1,,false,ACTIVE,,USD,VALID,CURRENT,coolit-synthetic-v2.0.0,CUST-002,PRG-004,CFG-CDU-01,SYNTHETIC_INTERNAL,SNP-COOLIT-20260925-BL,SCN-BASELINE,FCST-046-012,2026-H46,OPP-0012,OPPL-0012,ACC-002,PRG-004,CFG-CDU-01,PROPOSAL,0.55,BEST_CASE,2025-12-05,11,891000,0,CLOSED_PERIOD
TEN-COOLIT-SYN-001,SITE-COOLIT-SYN-01,CRM,FORECAST_SNAPSHOT,FCST-046-013,OPP-0013,RESOLVED,2025-08-15T18:00:00-06:00,2026-09-26T08:00:00-06:00,2026-06-29T00:00:00-06:00,,1,,false,ACTIVE,,USD,VALID,CURRENT,coolit-synthetic-v2.0.0,CUST-003,PRG-005,CFG-CPL-02,SYNTHETIC_INTERNAL,SNP-COOLIT-20260925-BL,SCN-BASELINE,FCST-046-013,2026-H46,OPP-0013,OPPL-0013,ACC-003,PRG-005,CFG-CPL-02,PROPOSAL,0.55,BEST_CASE,2025-09-19,14,93800,0,CLOSED_PERIOD
TEN-COOLIT-SYN-001,SITE-COOLIT-SYN-01,CRM,FORECAST_SNAPSHOT,FCST-046-014,OPP-0014,RESOLVED,2025-08-15T18:00:00-06:00,2026-09-26T08:00:00-06:00,2026-06-29T00:00:00-06:00,,1,,false,ACTIVE,,USD,VALID,CURRENT,coolit-synthetic-v2.0.0,CUST-004,PRG-006,CFG-RM-03,SYNTHETIC_INTERNAL,SNP-COOLIT-20260925-BL,SCN-BASELINE,FCST-046-014,2026-H46,OPP-0014,OPPL-0014,ACC-004,PRG-006,CFG-RM-03,PROPOSAL,0.55,BEST_CASE,2025-09-26,18,140400,0,CLOSED_PERIOD
TEN-COOLIT-SYN-001,SITE-COOLIT-SYN-01,CRM,FORECAST_SNAPSHOT,FCST-046-015,OPP-0015,RESOLVED,2025-08-15T18:00:00-06:00,2026-09-26T08:00:00-06:00,2026-06-29T00:00:00-06:00,,1,,false,ACTIVE,,USD,VALID,CURRENT,coolit-synthetic-v2.0.0,CUST-005,PRG-007,CFG-CDU-04,SYNTHETIC_INTERNAL,SNP-COOLIT-20260925-BL,SCN-BASELINE,FCST-046-015,2026-H46,OPP-0015,OPPL-0015,ACC-005,PRG-007,CFG-CDU-04,PROPOSAL,0.55,BEST_CASE,2025-10-03,22,2376000,0,CLOSED_PERIOD
TEN-COOLIT-SYN-001,SITE-COOLIT-SYN-01,CRM,FORECAST_SNAPSHOT,FCST-047-001,OPP-0001,RESOLVED,2025-08-22T18:00:00-06:00,2026-09-26T08:00:00-06:00,2026-06-29T00:00:00-06:00,,1,,false,ACTIVE,,USD,VALID,CURRENT,coolit-synthetic-v2.0.0,CUST-001,PRG-001,CFG-CPL-02,SYNTHETIC_INTERNAL,SNP-COOLIT-20260925-BL,SCN-BASELINE,FCST-047-001,2026-H47,OPP-0001,OPPL-0001,ACC-001,PRG-001,CFG-CPL-02,SOLUTION_DESIGN,0.35,PIPELINE,2025-09-23,4,26800,0,CLOSED_PERIOD
TEN-COOLIT-SYN-001,SITE-COOLIT-SYN-01,CRM,FORECAST_SNAPSHOT,FCST-047-002,OPP-0002,RESOLVED,2025-08-22T18:00:00-06:00,2026-09-26T08:00:00-06:00,2026-06-29T00:00:00-06:00,,1,,false,ACTIVE,,USD,VALID,CURRENT,coolit-synthetic-v2.0.0,CUST-002,PRG-002,CFG-RM-03,SYNTHETIC_INTERNAL,SNP-COOLIT-20260925-BL,SCN-BASELINE,FCST-047-002,2026-H47,OPP-0002,OPPL-0002,ACC-002,PRG-002,CFG-RM-03,SOLUTION_DESIGN,0.35,PIPELINE,2025-09-30,6,46800,0,CLOSED_PERIOD
TEN-COOLIT-SYN-001,SITE-COOLIT-SYN-01,CRM,FORECAST_SNAPSHOT,FCST-047-003,OPP-0003,RESOLVED,2025-08-22T18:00:00-06:00,2026-09-26T08:00:00-06:00,2026-06-29T00:00:00-06:00,,1,,false,ACTIVE,,USD,VALID,CURRENT,coolit-synthetic-v2.0.0,CUST-003,PRG-003,CFG-CDU-04,SYNTHETIC_INTERNAL,SNP-COOLIT-20260925-BL,SCN-BASELINE,FCST-047-003,2026-H47,OPP-0003,OPPL-0003,ACC-003,PRG-003,CFG-CDU-04,PROPOSAL,0.55,BEST_CASE,2025-10-07,13,1404000,0,CLOSED_PERIOD
TEN-COOLIT-SYN-001,SITE-COOLIT-SYN-01,CRM,FORECAST_SNAPSHOT,FCST-047-004,OPP-0004,RESOLVED,2025-08-22T18:00:00-06:00,2026-09-26T08:00:00-06:00,2026-06-29T00:00:00-06:00,,1,,false,ACTIVE,,USD,VALID,CURRENT,coolit-synthetic-v2.0.0,CUST-004,PRG-004,CFG-RM-01,SYNTHETIC_INTERNAL,SNP-COOLIT-20260925-BL,SCN-BASELINE,FCST-047-004,2026-H47,OPP-0004,OPPL-0004,ACC-004,PRG-004,CFG-RM-01,PROPOSAL,0.55,BEST_CASE,2025-10-14,14,78400,0,CLOSED_PERIOD
TEN-COOLIT-SYN-001,SITE-COOLIT-SYN-01,CRM,FORECAST_SNAPSHOT,FCST-047-005,OPP-0005,RESOLVED,2025-08-22T18:00:00-06:00,2026-09-26T08:00:00-06:00,2026-06-29T00:00:00-06:00,,1,,false,ACTIVE,,USD,VALID,CURRENT,coolit-synthetic-v2.0.0,CUST-005,PRG-005,CFG-CDU-02,SYNTHETIC_INTERNAL,SNP-COOLIT-20260925-BL,SCN-BASELINE,FCST-047-005,2026-H47,OPP-0005,OPPL-0005,ACC-005,PRG-005,CFG-CDU-02,PROPOSAL,0.55,BEST_CASE,2025-10-21,17,1530000,0,CLOSED_PERIOD
TEN-COOLIT-SYN-001,SITE-COOLIT-SYN-01,CRM,FORECAST_SNAPSHOT,FCST-047-006,OPP-0006,RESOLVED,2025-08-22T18:00:00-06:00,2026-09-26T08:00:00-06:00,2026-06-29T00:00:00-06:00,,1,,false,ACTIVE,,USD,VALID,CURRENT,coolit-synthetic-v2.0.0,CUST-006,PRG-006,CFG-CPL-03,SYNTHETIC_INTERNAL,SNP-COOLIT-20260925-BL,SCN-BASELINE,FCST-047-006,2026-H47,OPP-0006,OPPL-0006,ACC-006,PRG-006,CFG-CPL-03,PROPOSAL,0.55,BEST_CASE,2025-10-28,21,163800,0,CLOSED_PERIOD
TEN-COOLIT-SYN-001,SITE-COOLIT-SYN-01,CRM,FORECAST_SNAPSHOT,FCST-047-007,OPP-0007,RESOLVED,2025-08-22T18:00:00-06:00,2026-09-26T08:00:00-06:00,2026-06-29T00:00:00-06:00,,1,,false,ACTIVE,,USD,VALID,CURRENT,coolit-synthetic-v2.0.0,CUST-007,PRG-007,CFG-RM-04,SYNTHETIC_INTERNAL,SNP-COOLIT-20260925-BL,SCN-BASELINE,FCST-047-007,2026-H47,OPP-0007,OPPL-0007,ACC-007,PRG-007,CFG-RM-04,PROPOSAL,0.55,BEST_CASE,2025-11-04,25,222500,0,CLOSED_PERIOD
TEN-COOLIT-SYN-001,SITE-COOLIT-SYN-01,CRM,FORECAST_SNAPSHOT,FCST-047-008,OPP-0008,RESOLVED,2025-08-22T18:00:00-06:00,2026-09-26T08:00:00-06:00,2026-06-29T00:00:00-06:00,,1,,false,ACTIVE,,USD,VALID,CURRENT,coolit-synthetic-v2.0.0,CUST-008,PRG-008,CFG-CPL-01,SYNTHETIC_INTERNAL,SNP-COOLIT-20260925-BL,SCN-BASELINE,FCST-047-008,2026-H47,OPP-0008,OPPL-0008,ACC-008,PRG-008,CFG-CPL-01,PROPOSAL,0.55,BEST_CASE,2025-11-11,29,162400,0,CLOSED_PERIOD
TEN-COOLIT-SYN-001,SITE-COOLIT-SYN-01,CRM,FORECAST_SNAPSHOT,FCST-047-009,OPP-0009,RESOLVED,2025-08-22T18:00:00-06:00,2026-09-26T08:00:00-06:00,2026-06-29T00:00:00-06:00,,1,,false,ACTIVE,,USD,VALID,CURRENT,coolit-synthetic-v2.0.0,CUST-009,PRG-001,CFG-RM-02,SYNTHETIC_INTERNAL,SNP-COOLIT-20260925-BL,SCN-BASELINE,FCST-047-009,2026-H47,OPP-0009,OPPL-0009,ACC-009,PRG-001,CFG-RM-02,SOLUTION_DESIGN,0.35,PIPELINE,2025-11-18,21,140700,0,CLOSED_PERIOD
TEN-COOLIT-SYN-001,SITE-COOLIT-SYN-01,CRM,FORECAST_SNAPSHOT,FCST-047-010,OPP-0010,RESOLVED,2025-08-22T18:00:00-06:00,2026-09-26T08:00:00-06:00,2026-06-29T00:00:00-06:00,,1,,false,ACTIVE,,USD,VALID,CURRENT,coolit-synthetic-v2.0.0,CUST-010,PRG-002,CFG-CDU-03,SYNTHETIC_INTERNAL,SNP-COOLIT-20260925-BL,SCN-BASELINE,FCST-047-010,2026-H47,OPP-0010,OPPL-0010,ACC-010,PRG-002,CFG-CDU-03,SOLUTION_DESIGN,0.35,PIPELINE,2025-11-25,4,396000,0,CLOSED_PERIOD
TEN-COOLIT-SYN-001,SITE-COOLIT-SYN-01,CRM,FORECAST_SNAPSHOT,FCST-047-011,OPP-0011,RESOLVED,2025-08-22T18:00:00-06:00,2026-09-26T08:00:00-06:00,2026-06-29T00:00:00-06:00,,1,,false,ACTIVE,,USD,VALID,CURRENT,coolit-synthetic-v2.0.0,CUST-001,PRG-003,CFG-CPL-04,SYNTHETIC_INTERNAL,SNP-COOLIT-20260925-BL,SCN-BASELINE,FCST-047-011,2026-H47,OPP-0011,OPPL-0011,ACC-001,PRG-003,CFG-CPL-04,PROPOSAL,0.55,BEST_CASE,2025-12-02,8,71200,0,CLOSED_PERIOD
TEN-COOLIT-SYN-001,SITE-COOLIT-SYN-01,CRM,FORECAST_SNAPSHOT,FCST-047-012,OPP-0012,RESOLVED,2025-08-22T18:00:00-06:00,2026-09-26T08:00:00-06:00,2026-06-29T00:00:00-06:00,,1,,false,ACTIVE,,USD,VALID,CURRENT,coolit-synthetic-v2.0.0,CUST-002,PRG-004,CFG-CDU-01,SYNTHETIC_INTERNAL,SNP-COOLIT-20260925-BL,SCN-BASELINE,FCST-047-012,2026-H47,OPP-0012,OPPL-0012,ACC-002,PRG-004,CFG-CDU-01,PROPOSAL,0.55,BEST_CASE,2025-12-09,11,891000,0,CLOSED_PERIOD
TEN-COOLIT-SYN-001,SITE-COOLIT-SYN-01,CRM,FORECAST_SNAPSHOT,FCST-047-013,OPP-0013,RESOLVED,2025-08-22T18:00:00-06:00,2026-09-26T08:00:00-06:00,2026-06-29T00:00:00-06:00,,1,,false,ACTIVE,,USD,VALID,CURRENT,coolit-synthetic-v2.0.0,CUST-003,PRG-005,CFG-CPL-02,SYNTHETIC_INTERNAL,SNP-COOLIT-20260925-BL,SCN-BASELINE,FCST-047-013,2026-H47,OPP-0013,OPPL-0013,ACC-003,PRG-005,CFG-CPL-02,PROPOSAL,0.55,BEST_CASE,2025-09-23,15,100500,0,CLOSED_PERIOD
TEN-COOLIT-SYN-001,SITE-COOLIT-SYN-01,CRM,FORECAST_SNAPSHOT,FCST-047-014,OPP-0014,RESOLVED,2025-08-22T18:00:00-06:00,2026-09-26T08:00:00-06:00,2026-06-29T00:00:00-06:00,,1,,false,ACTIVE,,USD,VALID,CURRENT,coolit-synthetic-v2.0.0,CUST-004,PRG-006,CFG-RM-03,SYNTHETIC_INTERNAL,SNP-COOLIT-20260925-BL,SCN-BASELINE,FCST-047-014,2026-H47,OPP-0014,OPPL-0014,ACC-004,PRG-006,CFG-RM-03,PROPOSAL,0.55,BEST_CASE,2025-09-30,19,148200,0,CLOSED_PERIOD
TEN-COOLIT-SYN-001,SITE-COOLIT-SYN-01,CRM,FORECAST_SNAPSHOT,FCST-047-015,OPP-0015,RESOLVED,2025-08-22T18:00:00-06:00,2026-09-26T08:00:00-06:00,2026-06-29T00:00:00-06:00,,1,,false,ACTIVE,,USD,VALID,CURRENT,coolit-synthetic-v2.0.0,CUST-005,PRG-007,CFG-CDU-04,SYNTHETIC_INTERNAL,SNP-COOLIT-20260925-BL,SCN-BASELINE,FCST-047-015,2026-H47,OPP-0015,OPPL-0015,ACC-005,PRG-007,CFG-CDU-04,PROPOSAL,0.55,BEST_CASE,2025-10-07,22,2376000,0,CLOSED_PERIOD
TEN-COOLIT-SYN-001,SITE-COOLIT-SYN-01,CRM,FORECAST_SNAPSHOT,FCST-048-001,OPP-0001,RESOLVED,2025-08-29T18:00:00-06:00,2026-09-26T08:00:00-06:00,2026-06-29T00:00:00-06:00,,1,,false,ACTIVE,,USD,VALID,CURRENT,coolit-synthetic-v2.0.0,CUST-001,PRG-001,CFG-CPL-02,SYNTHETIC_INTERNAL,SNP-COOLIT-20260925-BL,SCN-BASELINE,FCST-048-001,2026-H48,OPP-0001,OPPL-0001,ACC-001,PRG-001,CFG-CPL-02,SOLUTION_DESIGN,0.35,PIPELINE,2025-09-27,4,26800,0,CLOSED_PERIOD
TEN-COOLIT-SYN-001,SITE-COOLIT-SYN-01,CRM,FORECAST_SNAPSHOT,FCST-048-002,OPP-0002,RESOLVED,2025-08-29T18:00:00-06:00,2026-09-26T08:00:00-06:00,2026-06-29T00:00:00-06:00,,1,,false,ACTIVE,,USD,VALID,CURRENT,coolit-synthetic-v2.0.0,CUST-002,PRG-002,CFG-RM-03,SYNTHETIC_INTERNAL,SNP-COOLIT-20260925-BL,SCN-BASELINE,FCST-048-002,2026-H48,OPP-0002,OPPL-0002,ACC-002,PRG-002,CFG-RM-03,PROPOSAL,0.55,BEST_CASE,2025-10-04,10,78000,0,CLOSED_PERIOD
TEN-COOLIT-SYN-001,SITE-COOLIT-SYN-01,CRM,FORECAST_SNAPSHOT,FCST-048-003,OPP-0003,RESOLVED,2025-08-29T18:00:00-06:00,2026-09-26T08:00:00-06:00,2026-06-29T00:00:00-06:00,,1,,false,ACTIVE,,USD,VALID,CURRENT,coolit-synthetic-v2.0.0,CUST-003,PRG-003,CFG-CDU-04,SYNTHETIC_INTERNAL,SNP-COOLIT-20260925-BL,SCN-BASELINE,FCST-048-003,2026-H48,OPP-0003,OPPL-0003,ACC-003,PRG-003,CFG-CDU-04,PROPOSAL,0.55,BEST_CASE,2025-10-11,11,1188000,0,CLOSED_PERIOD
TEN-COOLIT-SYN-001,SITE-COOLIT-SYN-01,CRM,FORECAST_SNAPSHOT,FCST-048-004,OPP-0004,RESOLVED,2025-08-29T18:00:00-06:00,2026-09-26T08:00:00-06:00,2026-06-29T00:00:00-06:00,,1,,false,ACTIVE,,USD,VALID,CURRENT,coolit-synthetic-v2.0.0,CUST-004,PRG-004,CFG-RM-01,SYNTHETIC_INTERNAL,SNP-COOLIT-20260925-BL,SCN-BASELINE,FCST-048-004,2026-H48,OPP-0004,OPPL-0004,ACC-004,PRG-004,CFG-RM-01,PROPOSAL,0.55,BEST_CASE,2025-10-18,14,78400,0,CLOSED_PERIOD
TEN-COOLIT-SYN-001,SITE-COOLIT-SYN-01,CRM,FORECAST_SNAPSHOT,FCST-048-005,OPP-0005,RESOLVED,2025-08-29T18:00:00-06:00,2026-09-26T08:00:00-06:00,2026-06-29T00:00:00-06:00,,1,,false,ACTIVE,,USD,VALID,CURRENT,coolit-synthetic-v2.0.0,CUST-005,PRG-005,CFG-CDU-02,SYNTHETIC_INTERNAL,SNP-COOLIT-20260925-BL,SCN-BASELINE,FCST-048-005,2026-H48,OPP-0005,OPPL-0005,ACC-005,PRG-005,CFG-CDU-02,PROPOSAL,0.55,BEST_CASE,2025-10-25,18,1620000,0,CLOSED_PERIOD
TEN-COOLIT-SYN-001,SITE-COOLIT-SYN-01,CRM,FORECAST_SNAPSHOT,FCST-048-006,OPP-0006,RESOLVED,2025-08-29T18:00:00-06:00,2026-09-26T08:00:00-06:00,2026-06-29T00:00:00-06:00,,1,,false,ACTIVE,,USD,VALID,CURRENT,coolit-synthetic-v2.0.0,CUST-006,PRG-006,CFG-CPL-03,SYNTHETIC_INTERNAL,SNP-COOLIT-20260925-BL,SCN-BASELINE,FCST-048-006,2026-H48,OPP-0006,OPPL-0006,ACC-006,PRG-006,CFG-CPL-03,PROPOSAL,0.55,BEST_CASE,2025-11-01,22,171600,0,CLOSED_PERIOD
TEN-COOLIT-SYN-001,SITE-COOLIT-SYN-01,CRM,FORECAST_SNAPSHOT,FCST-048-007,OPP-0007,RESOLVED,2025-08-29T18:00:00-06:00,2026-09-26T08:00:00-06:00,2026-06-29T00:00:00-06:00,,1,,false,ACTIVE,,USD,VALID,CURRENT,coolit-synthetic-v2.0.0,CUST-007,PRG-007,CFG-RM-04,SYNTHETIC_INTERNAL,SNP-COOLIT-20260925-BL,SCN-BASELINE,FCST-048-007,2026-H48,OPP-0007,OPPL-0007,ACC-007,PRG-007,CFG-RM-04,PROPOSAL,0.55,BEST_CASE,2025-11-08,26,231400,0,CLOSED_PERIOD
TEN-COOLIT-SYN-001,SITE-COOLIT-SYN-01,CRM,FORECAST_SNAPSHOT,FCST-048-008,OPP-0008,RESOLVED,2025-08-29T18:00:00-06:00,2026-09-26T08:00:00-06:00,2026-06-29T00:00:00-06:00,,1,,false,ACTIVE,,USD,VALID,CURRENT,coolit-synthetic-v2.0.0,CUST-008,PRG-008,CFG-CPL-01,SYNTHETIC_INTERNAL,SNP-COOLIT-20260925-BL,SCN-BASELINE,FCST-048-008,2026-H48,OPP-0008,OPPL-0008,ACC-008,PRG-008,CFG-CPL-01,PROPOSAL,0.55,BEST_CASE,2025-11-15,30,168000,0,CLOSED_PERIOD
TEN-COOLIT-SYN-001,SITE-COOLIT-SYN-01,CRM,FORECAST_SNAPSHOT,FCST-048-009,OPP-0009,RESOLVED,2025-08-29T18:00:00-06:00,2026-09-26T08:00:00-06:00,2026-06-29T00:00:00-06:00,,1,,false,ACTIVE,,USD,VALID,CURRENT,coolit-synthetic-v2.0.0,CUST-009,PRG-001,CFG-RM-02,SYNTHETIC_INTERNAL,SNP-COOLIT-20260925-BL,SCN-BASELINE,FCST-048-009,2026-H48,OPP-0009,OPPL-0009,ACC-009,PRG-001,CFG-RM-02,SOLUTION_DESIGN,0.35,PIPELINE,2025-11-22,22,147400,0,CLOSED_PERIOD
TEN-COOLIT-SYN-001,SITE-COOLIT-SYN-01,CRM,FORECAST_SNAPSHOT,FCST-048-010,OPP-0010,RESOLVED,2025-08-29T18:00:00-06:00,2026-09-26T08:00:00-06:00,2026-06-29T00:00:00-06:00,,1,,false,ACTIVE,,USD,VALID,CURRENT,coolit-synthetic-v2.0.0,CUST-010,PRG-002,CFG-CDU-03,SYNTHETIC_INTERNAL,SNP-COOLIT-20260925-BL,SCN-BASELINE,FCST-048-010,2026-H48,OPP-0010,OPPL-0010,ACC-010,PRG-002,CFG-CDU-03,PROPOSAL,0.55,BEST_CASE,2025-11-29,5,495000,0,CLOSED_PERIOD
TEN-COOLIT-SYN-001,SITE-COOLIT-SYN-01,CRM,FORECAST_SNAPSHOT,FCST-048-011,OPP-0011,RESOLVED,2025-08-29T18:00:00-06:00,2026-09-26T08:00:00-06:00,2026-06-29T00:00:00-06:00,,1,,false,ACTIVE,,USD,VALID,CURRENT,coolit-synthetic-v2.0.0,CUST-001,PRG-003,CFG-CPL-04,SYNTHETIC_INTERNAL,SNP-COOLIT-20260925-BL,SCN-BASELINE,FCST-048-011,2026-H48,OPP-0011,OPPL-0011,ACC-001,PRG-003,CFG-CPL-04,PROPOSAL,0.55,BEST_CASE,2025-12-06,8,71200,0,CLOSED_PERIOD
TEN-COOLIT-SYN-001,SITE-COOLIT-SYN-01,CRM,FORECAST_SNAPSHOT,FCST-048-012,OPP-0012,RESOLVED,2025-08-29T18:00:00-06:00,2026-09-26T08:00:00-06:00,2026-06-29T00:00:00-06:00,,1,,false,ACTIVE,,USD,VALID,CURRENT,coolit-synthetic-v2.0.0,CUST-002,PRG-004,CFG-CDU-01,SYNTHETIC_INTERNAL,SNP-COOLIT-20260925-BL,SCN-BASELINE,FCST-048-012,2026-H48,OPP-0012,OPPL-0012,ACC-002,PRG-004,CFG-CDU-01,PROPOSAL,0.55,BEST_CASE,2025-12-13,12,972000,0,CLOSED_PERIOD
TEN-COOLIT-SYN-001,SITE-COOLIT-SYN-01,CRM,FORECAST_SNAPSHOT,FCST-048-013,OPP-0013,RESOLVED,2025-08-29T18:00:00-06:00,2026-09-26T08:00:00-06:00,2026-06-29T00:00:00-06:00,,1,,false,ACTIVE,,USD,VALID,CURRENT,coolit-synthetic-v2.0.0,CUST-003,PRG-005,CFG-CPL-02,SYNTHETIC_INTERNAL,SNP-COOLIT-20260925-BL,SCN-BASELINE,FCST-048-013,2026-H48,OPP-0013,OPPL-0013,ACC-003,PRG-005,CFG-CPL-02,PROPOSAL,0.55,BEST_CASE,2025-09-27,15,100500,0,CLOSED_PERIOD
TEN-COOLIT-SYN-001,SITE-COOLIT-SYN-01,CRM,FORECAST_SNAPSHOT,FCST-048-014,OPP-0014,RESOLVED,2025-08-29T18:00:00-06:00,2026-09-26T08:00:00-06:00,2026-06-29T00:00:00-06:00,,1,,false,ACTIVE,,USD,VALID,CURRENT,coolit-synthetic-v2.0.0,CUST-004,PRG-006,CFG-RM-03,SYNTHETIC_INTERNAL,SNP-COOLIT-20260925-BL,SCN-BASELINE,FCST-048-014,2026-H48,OPP-0014,OPPL-0014,ACC-004,PRG-006,CFG-RM-03,PROPOSAL,0.55,BEST_CASE,2025-10-04,19,148200,0,CLOSED_PERIOD
TEN-COOLIT-SYN-001,SITE-COOLIT-SYN-01,CRM,FORECAST_SNAPSHOT,FCST-048-015,OPP-0015,RESOLVED,2025-08-29T18:00:00-06:00,2026-09-26T08:00:00-06:00,2026-06-29T00:00:00-06:00,,1,,false,ACTIVE,,USD,VALID,CURRENT,coolit-synthetic-v2.0.0,CUST-005,PRG-007,CFG-CDU-04,SYNTHETIC_INTERNAL,SNP-COOLIT-20260925-BL,SCN-BASELINE,FCST-048-015,2026-H48,OPP-0015,OPPL-0015,ACC-005,PRG-007,CFG-CDU-04,PROPOSAL,0.55,BEST_CASE,2025-10-11,23,2484000,0,CLOSED_PERIOD
TEN-COOLIT-SYN-001,SITE-COOLIT-SYN-01,CRM,FORECAST_SNAPSHOT,FCST-049-001,OPP-0001,RESOLVED,2025-09-05T18:00:00-06:00,2026-09-26T08:00:00-06:00,2026-06-29T00:00:00-06:00,,1,,false,ACTIVE,,USD,VALID,CURRENT,coolit-synthetic-v2.0.0,CUST-001,PRG-001,CFG-CPL-02,SYNTHETIC_INTERNAL,SNP-COOLIT-20260925-BL,SCN-BASELINE,FCST-049-001,2026-H49,OPP-0001,OPPL-0001,ACC-001,PRG-001,CFG-CPL-02,PROPOSAL,0.55,BEST_CASE,2025-10-01,6,40200,0,CLOSED_PERIOD
TEN-COOLIT-SYN-001,SITE-COOLIT-SYN-01,CRM,FORECAST_SNAPSHOT,FCST-049-002,OPP-0002,RESOLVED,2025-09-05T18:00:00-06:00,2026-09-26T08:00:00-06:00,2026-06-29T00:00:00-06:00,,1,,false,ACTIVE,,USD,VALID,CURRENT,coolit-synthetic-v2.0.0,CUST-002,PRG-002,CFG-RM-03,SYNTHETIC_INTERNAL,SNP-COOLIT-20260925-BL,SCN-BASELINE,FCST-049-002,2026-H49,OPP-0002,OPPL-0002,ACC-002,PRG-002,CFG-RM-03,PROPOSAL,0.55,BEST_CASE,2025-10-08,8,62400,0,CLOSED_PERIOD
TEN-COOLIT-SYN-001,SITE-COOLIT-SYN-01,CRM,FORECAST_SNAPSHOT,FCST-049-003,OPP-0003,RESOLVED,2025-09-05T18:00:00-06:00,2026-09-26T08:00:00-06:00,2026-06-29T00:00:00-06:00,,1,,false,ACTIVE,,USD,VALID,CURRENT,coolit-synthetic-v2.0.0,CUST-003,PRG-003,CFG-CDU-04,SYNTHETIC_INTERNAL,SNP-COOLIT-20260925-BL,SCN-BASELINE,FCST-049-003,2026-H49,OPP-0003,OPPL-0003,ACC-003,PRG-003,CFG-CDU-04,PROPOSAL,0.55,BEST_CASE,2025-10-15,11,1188000,0,CLOSED_PERIOD
TEN-COOLIT-SYN-001,SITE-COOLIT-SYN-01,CRM,FORECAST_SNAPSHOT,FCST-049-004,OPP-0004,RESOLVED,2025-09-05T18:00:00-06:00,2026-09-26T08:00:00-06:00,2026-06-29T00:00:00-06:00,,1,,false,ACTIVE,,USD,VALID,CURRENT,coolit-synthetic-v2.0.0,CUST-004,PRG-004,CFG-RM-01,SYNTHETIC_INTERNAL,SNP-COOLIT-20260925-BL,SCN-BASELINE,FCST-049-004,2026-H49,OPP-0004,OPPL-0004,ACC-004,PRG-004,CFG-RM-01,PROPOSAL,0.55,BEST_CASE,2025-10-22,15,84000,0,CLOSED_PERIOD
TEN-COOLIT-SYN-001,SITE-COOLIT-SYN-01,CRM,FORECAST_SNAPSHOT,FCST-049-005,OPP-0005,RESOLVED,2025-09-05T18:00:00-06:00,2026-09-26T08:00:00-06:00,2026-06-29T00:00:00-06:00,,1,,false,ACTIVE,,USD,VALID,CURRENT,coolit-synthetic-v2.0.0,CUST-005,PRG-005,CFG-CDU-02,SYNTHETIC_INTERNAL,SNP-COOLIT-20260925-BL,SCN-BASELINE,FCST-049-005,2026-H49,OPP-0005,OPPL-0005,ACC-005,PRG-005,CFG-CDU-02,PROPOSAL,0.55,BEST_CASE,2025-10-29,19,1710000,0,CLOSED_PERIOD
TEN-COOLIT-SYN-001,SITE-COOLIT-SYN-01,CRM,FORECAST_SNAPSHOT,FCST-049-006,OPP-0006,RESOLVED,2025-09-05T18:00:00-06:00,2026-09-26T08:00:00-06:00,2026-06-29T00:00:00-06:00,,1,,false,ACTIVE,,USD,VALID,CURRENT,coolit-synthetic-v2.0.0,CUST-006,PRG-006,CFG-CPL-03,SYNTHETIC_INTERNAL,SNP-COOLIT-20260925-BL,SCN-BASELINE,FCST-049-006,2026-H49,OPP-0006,OPPL-0006,ACC-006,PRG-006,CFG-CPL-03,PROPOSAL,0.55,BEST_CASE,2025-11-05,22,171600,0,CLOSED_PERIOD
TEN-COOLIT-SYN-001,SITE-COOLIT-SYN-01,CRM,FORECAST_SNAPSHOT,FCST-049-007,OPP-0007,RESOLVED,2025-09-05T18:00:00-06:00,2026-09-26T08:00:00-06:00,2026-06-29T00:00:00-06:00,,1,,false,ACTIVE,,USD,VALID,CURRENT,coolit-synthetic-v2.0.0,CUST-007,PRG-007,CFG-RM-04,SYNTHETIC_INTERNAL,SNP-COOLIT-20260925-BL,SCN-BASELINE,FCST-049-007,2026-H49,OPP-0007,OPPL-0007,ACC-007,PRG-007,CFG-RM-04,PROPOSAL,0.55,BEST_CASE,2025-11-12,27,240300,0,CLOSED_PERIOD
TEN-COOLIT-SYN-001,SITE-COOLIT-SYN-01,CRM,FORECAST_SNAPSHOT,FCST-049-008,OPP-0008,RESOLVED,2025-09-05T18:00:00-06:00,2026-09-26T08:00:00-06:00,2026-06-29T00:00:00-06:00,,1,,false,ACTIVE,,USD,VALID,CURRENT,coolit-synthetic-v2.0.0,CUST-008,PRG-008,CFG-CPL-01,SYNTHETIC_INTERNAL,SNP-COOLIT-20260925-BL,SCN-BASELINE,FCST-049-008,2026-H49,OPP-0008,OPPL-0008,ACC-008,PRG-008,CFG-CPL-01,PROPOSAL,0.55,BEST_CASE,2025-11-19,31,173600,0,CLOSED_PERIOD
TEN-COOLIT-SYN-001,SITE-COOLIT-SYN-01,CRM,FORECAST_SNAPSHOT,FCST-049-009,OPP-0009,RESOLVED,2025-09-05T18:00:00-06:00,2026-09-26T08:00:00-06:00,2026-06-29T00:00:00-06:00,,1,,false,ACTIVE,,USD,VALID,CURRENT,coolit-synthetic-v2.0.0,CUST-009,PRG-001,CFG-RM-02,SYNTHETIC_INTERNAL,SNP-COOLIT-20260925-BL,SCN-BASELINE,FCST-049-009,2026-H49,OPP-0009,OPPL-0009,ACC-009,PRG-001,CFG-RM-02,PROPOSAL,0.55,BEST_CASE,2025-11-26,29,194300,0,CLOSED_PERIOD
TEN-COOLIT-SYN-001,SITE-COOLIT-SYN-01,CRM,FORECAST_SNAPSHOT,FCST-049-010,OPP-0010,RESOLVED,2025-09-05T18:00:00-06:00,2026-09-26T08:00:00-06:00,2026-06-29T00:00:00-06:00,,1,,false,ACTIVE,,USD,VALID,CURRENT,coolit-synthetic-v2.0.0,CUST-010,PRG-002,CFG-CDU-03,SYNTHETIC_INTERNAL,SNP-COOLIT-20260925-BL,SCN-BASELINE,FCST-049-010,2026-H49,OPP-0010,OPPL-0010,ACC-010,PRG-002,CFG-CDU-03,PROPOSAL,0.55,BEST_CASE,2025-12-03,5,495000,0,CLOSED_PERIOD
TEN-COOLIT-SYN-001,SITE-COOLIT-SYN-01,CRM,FORECAST_SNAPSHOT,FCST-049-011,OPP-0011,RESOLVED,2025-09-05T18:00:00-06:00,2026-09-26T08:00:00-06:00,2026-06-29T00:00:00-06:00,,1,,false,ACTIVE,,USD,VALID,CURRENT,coolit-synthetic-v2.0.0,CUST-001,PRG-003,CFG-CPL-04,SYNTHETIC_INTERNAL,SNP-COOLIT-20260925-BL,SCN-BASELINE,FCST-049-011,2026-H49,OPP-0011,OPPL-0011,ACC-001,PRG-003,CFG-CPL-04,PROPOSAL,0.55,BEST_CASE,2025-12-10,8,71200,0,CLOSED_PERIOD
TEN-COOLIT-SYN-001,SITE-COOLIT-SYN-01,CRM,FORECAST_SNAPSHOT,FCST-049-012,OPP-0012,RESOLVED,2025-09-05T18:00:00-06:00,2026-09-26T08:00:00-06:00,2026-06-29T00:00:00-06:00,,1,,false,ACTIVE,,USD,VALID,CURRENT,coolit-synthetic-v2.0.0,CUST-002,PRG-004,CFG-CDU-01,SYNTHETIC_INTERNAL,SNP-COOLIT-20260925-BL,SCN-BASELINE,FCST-049-012,2026-H49,OPP-0012,OPPL-0012,ACC-002,PRG-004,CFG-CDU-01,PROPOSAL,0.55,BEST_CASE,2025-12-17,12,972000,0,CLOSED_PERIOD
TEN-COOLIT-SYN-001,SITE-COOLIT-SYN-01,CRM,FORECAST_SNAPSHOT,FCST-049-013,OPP-0013,RESOLVED,2025-09-05T18:00:00-06:00,2026-09-26T08:00:00-06:00,2026-06-29T00:00:00-06:00,,1,,false,ACTIVE,,USD,VALID,CURRENT,coolit-synthetic-v2.0.0,CUST-003,PRG-005,CFG-CPL-02,SYNTHETIC_INTERNAL,SNP-COOLIT-20260925-BL,SCN-BASELINE,FCST-049-013,2026-H49,OPP-0013,OPPL-0013,ACC-003,PRG-005,CFG-CPL-02,PROPOSAL,0.55,BEST_CASE,2025-10-01,16,107200,0,CLOSED_PERIOD
TEN-COOLIT-SYN-001,SITE-COOLIT-SYN-01,CRM,FORECAST_SNAPSHOT,FCST-049-014,OPP-0014,RESOLVED,2025-09-05T18:00:00-06:00,2026-09-26T08:00:00-06:00,2026-06-29T00:00:00-06:00,,1,,false,ACTIVE,,USD,VALID,CURRENT,coolit-synthetic-v2.0.0,CUST-004,PRG-006,CFG-RM-03,SYNTHETIC_INTERNAL,SNP-COOLIT-20260925-BL,SCN-BASELINE,FCST-049-014,2026-H49,OPP-0014,OPPL-0014,ACC-004,PRG-006,CFG-RM-03,PROPOSAL,0.55,BEST_CASE,2025-10-08,20,156000,0,CLOSED_PERIOD
TEN-COOLIT-SYN-001,SITE-COOLIT-SYN-01,CRM,FORECAST_SNAPSHOT,FCST-049-015,OPP-0015,RESOLVED,2025-09-05T18:00:00-06:00,2026-09-26T08:00:00-06:00,2026-06-29T00:00:00-06:00,,1,,false,ACTIVE,,USD,VALID,CURRENT,coolit-synthetic-v2.0.0,CUST-005,PRG-007,CFG-CDU-04,SYNTHETIC_INTERNAL,SNP-COOLIT-20260925-BL,SCN-BASELINE,FCST-049-015,2026-H49,OPP-0015,OPPL-0015,ACC-005,PRG-007,CFG-CDU-04,PROPOSAL,0.55,BEST_CASE,2025-10-15,24,2592000,0,CLOSED_PERIOD
TEN-COOLIT-SYN-001,SITE-COOLIT-SYN-01,CRM,FORECAST_SNAPSHOT,FCST-050-001,OPP-0001,RESOLVED,2025-09-12T18:00:00-06:00,2026-09-26T08:00:00-06:00,2026-06-29T00:00:00-06:00,,1,,false,ACTIVE,,USD,VALID,CURRENT,coolit-synthetic-v2.0.0,CUST-001,PRG-001,CFG-CPL-02,SYNTHETIC_INTERNAL,SNP-COOLIT-20260925-BL,SCN-BASELINE,FCST-050-001,2026-H50,OPP-0001,OPPL-0001,ACC-001,PRG-001,CFG-CPL-02,PROPOSAL,0.55,BEST_CASE,2025-10-05,5,33500,0,CLOSED_PERIOD
TEN-COOLIT-SYN-001,SITE-COOLIT-SYN-01,CRM,FORECAST_SNAPSHOT,FCST-050-002,OPP-0002,RESOLVED,2025-09-12T18:00:00-06:00,2026-09-26T08:00:00-06:00,2026-06-29T00:00:00-06:00,,1,,false,ACTIVE,,USD,VALID,CURRENT,coolit-synthetic-v2.0.0,CUST-002,PRG-002,CFG-RM-03,SYNTHETIC_INTERNAL,SNP-COOLIT-20260925-BL,SCN-BASELINE,FCST-050-002,2026-H50,OPP-0002,OPPL-0002,ACC-002,PRG-002,CFG-RM-03,PROPOSAL,0.55,BEST_CASE,2025-10-12,8,62400,0,CLOSED_PERIOD
TEN-COOLIT-SYN-001,SITE-COOLIT-SYN-01,CRM,FORECAST_SNAPSHOT,FCST-050-003,OPP-0003,RESOLVED,2025-09-12T18:00:00-06:00,2026-09-26T08:00:00-06:00,2026-06-29T00:00:00-06:00,,1,,false,ACTIVE,,USD,VALID,CURRENT,coolit-synthetic-v2.0.0,CUST-003,PRG-003,CFG-CDU-04,SYNTHETIC_INTERNAL,SNP-COOLIT-20260925-BL,SCN-BASELINE,FCST-050-003,2026-H50,OPP-0003,OPPL-0003,ACC-003,PRG-003,CFG-CDU-04,PROPOSAL,0.55,BEST_CASE,2025-10-19,12,1296000,0,CLOSED_PERIOD
TEN-COOLIT-SYN-001,SITE-COOLIT-SYN-01,CRM,FORECAST_SNAPSHOT,FCST-050-004,OPP-0004,RESOLVED,2025-09-12T18:00:00-06:00,2026-09-26T08:00:00-06:00,2026-06-29T00:00:00-06:00,,1,,false,ACTIVE,,USD,VALID,CURRENT,coolit-synthetic-v2.0.0,CUST-004,PRG-004,CFG-RM-01,SYNTHETIC_INTERNAL,SNP-COOLIT-20260925-BL,SCN-BASELINE,FCST-050-004,2026-H50,OPP-0004,OPPL-0004,ACC-004,PRG-004,CFG-RM-01,PROPOSAL,0.55,BEST_CASE,2025-10-26,15,84000,0,CLOSED_PERIOD
TEN-COOLIT-SYN-001,SITE-COOLIT-SYN-01,CRM,FORECAST_SNAPSHOT,FCST-050-005,OPP-0005,RESOLVED,2025-09-12T18:00:00-06:00,2026-09-26T08:00:00-06:00,2026-06-29T00:00:00-06:00,,1,,false,ACTIVE,,USD,VALID,CURRENT,coolit-synthetic-v2.0.0,CUST-005,PRG-005,CFG-CDU-02,SYNTHETIC_INTERNAL,SNP-COOLIT-20260925-BL,SCN-BASELINE,FCST-050-005,2026-H50,OPP-0005,OPPL-0005,ACC-005,PRG-005,CFG-CDU-02,PROPOSAL,0.55,BEST_CASE,2025-11-02,19,1710000,0,CLOSED_PERIOD
TEN-COOLIT-SYN-001,SITE-COOLIT-SYN-01,CRM,FORECAST_SNAPSHOT,FCST-050-006,OPP-0006,RESOLVED,2025-09-12T18:00:00-06:00,2026-09-26T08:00:00-06:00,2026-06-29T00:00:00-06:00,,1,,false,ACTIVE,,USD,VALID,CURRENT,coolit-synthetic-v2.0.0,CUST-006,PRG-006,CFG-CPL-03,SYNTHETIC_INTERNAL,SNP-COOLIT-20260925-BL,SCN-BASELINE,FCST-050-006,2026-H50,OPP-0006,OPPL-0006,ACC-006,PRG-006,CFG-CPL-03,PROPOSAL,0.55,BEST_CASE,2025-11-09,23,179400,0,CLOSED_PERIOD
TEN-COOLIT-SYN-001,SITE-COOLIT-SYN-01,CRM,FORECAST_SNAPSHOT,FCST-050-007,OPP-0007,RESOLVED,2025-09-12T18:00:00-06:00,2026-09-26T08:00:00-06:00,2026-06-29T00:00:00-06:00,,1,,false,ACTIVE,,USD,VALID,CURRENT,coolit-synthetic-v2.0.0,CUST-007,PRG-007,CFG-RM-04,SYNTHETIC_INTERNAL,SNP-COOLIT-20260925-BL,SCN-BASELINE,FCST-050-007,2026-H50,OPP-0007,OPPL-0007,ACC-007,PRG-007,CFG-RM-04,PROPOSAL,0.55,BEST_CASE,2025-11-16,27,240300,0,CLOSED_PERIOD
TEN-COOLIT-SYN-001,SITE-COOLIT-SYN-01,CRM,FORECAST_SNAPSHOT,FCST-050-008,OPP-0008,RESOLVED,2025-09-12T18:00:00-06:00,2026-09-26T08:00:00-06:00,2026-06-29T00:00:00-06:00,,1,,false,ACTIVE,,USD,VALID,CURRENT,coolit-synthetic-v2.0.0,CUST-008,PRG-008,CFG-CPL-01,SYNTHETIC_INTERNAL,SNP-COOLIT-20260925-BL,SCN-BASELINE,FCST-050-008,2026-H50,OPP-0008,OPPL-0008,ACC-008,PRG-008,CFG-CPL-01,PROPOSAL,0.55,BEST_CASE,2025-11-23,26,145600,0,CLOSED_PERIOD
TEN-COOLIT-SYN-001,SITE-COOLIT-SYN-01,CRM,FORECAST_SNAPSHOT,FCST-050-009,OPP-0009,RESOLVED,2025-09-12T18:00:00-06:00,2026-09-26T08:00:00-06:00,2026-06-29T00:00:00-06:00,,1,,false,ACTIVE,,USD,VALID,CURRENT,coolit-synthetic-v2.0.0,CUST-009,PRG-001,CFG-RM-02,SYNTHETIC_INTERNAL,SNP-COOLIT-20260925-BL,SCN-BASELINE,FCST-050-009,2026-H50,OPP-0009,OPPL-0009,ACC-009,PRG-001,CFG-RM-02,PROPOSAL,0.55,BEST_CASE,2025-11-30,30,201000,0,CLOSED_PERIOD
TEN-COOLIT-SYN-001,SITE-COOLIT-SYN-01,CRM,FORECAST_SNAPSHOT,FCST-050-010,OPP-0010,RESOLVED,2025-09-12T18:00:00-06:00,2026-09-26T08:00:00-06:00,2026-06-29T00:00:00-06:00,,1,,false,ACTIVE,,USD,VALID,CURRENT,coolit-synthetic-v2.0.0,CUST-010,PRG-002,CFG-CDU-03,SYNTHETIC_INTERNAL,SNP-COOLIT-20260925-BL,SCN-BASELINE,FCST-050-010,2026-H50,OPP-0010,OPPL-0010,ACC-010,PRG-002,CFG-CDU-03,PROPOSAL,0.55,BEST_CASE,2025-12-07,5,495000,0,CLOSED_PERIOD
TEN-COOLIT-SYN-001,SITE-COOLIT-SYN-01,CRM,FORECAST_SNAPSHOT,FCST-050-011,OPP-0011,RESOLVED,2025-09-12T18:00:00-06:00,2026-09-26T08:00:00-06:00,2026-06-29T00:00:00-06:00,,1,,false,ACTIVE,,USD,VALID,CURRENT,coolit-synthetic-v2.0.0,CUST-001,PRG-003,CFG-CPL-04,SYNTHETIC_INTERNAL,SNP-COOLIT-20260925-BL,SCN-BASELINE,FCST-050-011,2026-H50,OPP-0011,OPPL-0011,ACC-001,PRG-003,CFG-CPL-04,PROPOSAL,0.55,BEST_CASE,2025-12-14,9,80100,0,CLOSED_PERIOD
TEN-COOLIT-SYN-001,SITE-COOLIT-SYN-01,CRM,FORECAST_SNAPSHOT,FCST-050-012,OPP-0012,RESOLVED,2025-09-12T18:00:00-06:00,2026-09-26T08:00:00-06:00,2026-06-29T00:00:00-06:00,,1,,false,ACTIVE,,USD,VALID,CURRENT,coolit-synthetic-v2.0.0,CUST-002,PRG-004,CFG-CDU-01,SYNTHETIC_INTERNAL,SNP-COOLIT-20260925-BL,SCN-BASELINE,FCST-050-012,2026-H50,OPP-0012,OPPL-0012,ACC-002,PRG-004,CFG-CDU-01,PROPOSAL,0.55,BEST_CASE,2025-12-21,12,972000,0,CLOSED_PERIOD
TEN-COOLIT-SYN-001,SITE-COOLIT-SYN-01,CRM,FORECAST_SNAPSHOT,FCST-050-013,OPP-0013,RESOLVED,2025-09-12T18:00:00-06:00,2026-09-26T08:00:00-06:00,2026-06-29T00:00:00-06:00,,1,,false,ACTIVE,,USD,VALID,CURRENT,coolit-synthetic-v2.0.0,CUST-003,PRG-005,CFG-CPL-02,SYNTHETIC_INTERNAL,SNP-COOLIT-20260925-BL,SCN-BASELINE,FCST-050-013,2026-H50,OPP-0013,OPPL-0013,ACC-003,PRG-005,CFG-CPL-02,PROPOSAL,0.55,BEST_CASE,2025-10-05,16,107200,0,CLOSED_PERIOD
TEN-COOLIT-SYN-001,SITE-COOLIT-SYN-01,CRM,FORECAST_SNAPSHOT,FCST-050-014,OPP-0014,RESOLVED,2025-09-12T18:00:00-06:00,2026-09-26T08:00:00-06:00,2026-06-29T00:00:00-06:00,,1,,false,ACTIVE,,USD,VALID,CURRENT,coolit-synthetic-v2.0.0,CUST-004,PRG-006,CFG-RM-03,SYNTHETIC_INTERNAL,SNP-COOLIT-20260925-BL,SCN-BASELINE,FCST-050-014,2026-H50,OPP-0014,OPPL-0014,ACC-004,PRG-006,CFG-RM-03,PROPOSAL,0.55,BEST_CASE,2025-10-12,20,156000,0,CLOSED_PERIOD
TEN-COOLIT-SYN-001,SITE-COOLIT-SYN-01,CRM,FORECAST_SNAPSHOT,FCST-050-015,OPP-0015,RESOLVED,2025-09-12T18:00:00-06:00,2026-09-26T08:00:00-06:00,2026-06-29T00:00:00-06:00,,1,,false,ACTIVE,,USD,VALID,CURRENT,coolit-synthetic-v2.0.0,CUST-005,PRG-007,CFG-CDU-04,SYNTHETIC_INTERNAL,SNP-COOLIT-20260925-BL,SCN-BASELINE,FCST-050-015,2026-H50,OPP-0015,OPPL-0015,ACC-005,PRG-007,CFG-CDU-04,PROPOSAL,0.55,BEST_CASE,2025-10-19,20,2160000,0,CLOSED_PERIOD
TEN-COOLIT-SYN-001,SITE-COOLIT-SYN-01,CRM,FORECAST_SNAPSHOT,FCST-051-001,OPP-0001,RESOLVED,2025-09-19T18:00:00-06:00,2026-09-26T08:00:00-06:00,2026-06-29T00:00:00-06:00,,1,,false,ACTIVE,,USD,VALID,CURRENT,coolit-synthetic-v2.0.0,CUST-001,PRG-001,CFG-CPL-02,SYNTHETIC_INTERNAL,SNP-COOLIT-20260925-BL,SCN-BASELINE,FCST-051-001,2026-H51,OPP-0001,OPPL-0001,ACC-001,PRG-001,CFG-CPL-02,PROPOSAL,0.55,BEST_CASE,2025-10-09,5,33500,0,CLOSED_PERIOD
TEN-COOLIT-SYN-001,SITE-COOLIT-SYN-01,CRM,FORECAST_SNAPSHOT,FCST-051-002,OPP-0002,RESOLVED,2025-09-19T18:00:00-06:00,2026-09-26T08:00:00-06:00,2026-06-29T00:00:00-06:00,,1,,false,ACTIVE,,USD,VALID,CURRENT,coolit-synthetic-v2.0.0,CUST-002,PRG-002,CFG-RM-03,SYNTHETIC_INTERNAL,SNP-COOLIT-20260925-BL,SCN-BASELINE,FCST-051-002,2026-H51,OPP-0002,OPPL-0002,ACC-002,PRG-002,CFG-RM-03,PROPOSAL,0.55,BEST_CASE,2025-10-16,8,62400,0,CLOSED_PERIOD
TEN-COOLIT-SYN-001,SITE-COOLIT-SYN-01,CRM,FORECAST_SNAPSHOT,FCST-051-003,OPP-0003,RESOLVED,2025-09-19T18:00:00-06:00,2026-09-26T08:00:00-06:00,2026-06-29T00:00:00-06:00,,1,,false,ACTIVE,,USD,VALID,CURRENT,coolit-synthetic-v2.0.0,CUST-003,PRG-003,CFG-CDU-04,SYNTHETIC_INTERNAL,SNP-COOLIT-20260925-BL,SCN-BASELINE,FCST-051-003,2026-H51,OPP-0003,OPPL-0003,ACC-003,PRG-003,CFG-CDU-04,PROPOSAL,0.55,BEST_CASE,2025-10-23,12,1296000,0,CLOSED_PERIOD
TEN-COOLIT-SYN-001,SITE-COOLIT-SYN-01,CRM,FORECAST_SNAPSHOT,FCST-051-004,OPP-0004,RESOLVED,2025-09-19T18:00:00-06:00,2026-09-26T08:00:00-06:00,2026-06-29T00:00:00-06:00,,1,,false,ACTIVE,,USD,VALID,CURRENT,coolit-synthetic-v2.0.0,CUST-004,PRG-004,CFG-RM-01,SYNTHETIC_INTERNAL,SNP-COOLIT-20260925-BL,SCN-BASELINE,FCST-051-004,2026-H51,OPP-0004,OPPL-0004,ACC-004,PRG-004,CFG-RM-01,PROPOSAL,0.55,BEST_CASE,2025-10-30,16,89600,0,CLOSED_PERIOD
TEN-COOLIT-SYN-001,SITE-COOLIT-SYN-01,CRM,FORECAST_SNAPSHOT,FCST-051-005,OPP-0005,RESOLVED,2025-09-19T18:00:00-06:00,2026-09-26T08:00:00-06:00,2026-06-29T00:00:00-06:00,,1,,false,ACTIVE,,USD,VALID,CURRENT,coolit-synthetic-v2.0.0,CUST-005,PRG-005,CFG-CDU-02,SYNTHETIC_INTERNAL,SNP-COOLIT-20260925-BL,SCN-BASELINE,FCST-051-005,2026-H51,OPP-0005,OPPL-0005,ACC-005,PRG-005,CFG-CDU-02,PROPOSAL,0.55,BEST_CASE,2025-11-06,20,1800000,0,CLOSED_PERIOD
TEN-COOLIT-SYN-001,SITE-COOLIT-SYN-01,CRM,FORECAST_SNAPSHOT,FCST-051-006,OPP-0006,RESOLVED,2025-09-19T18:00:00-06:00,2026-09-26T08:00:00-06:00,2026-06-29T00:00:00-06:00,,1,,false,ACTIVE,,USD,VALID,CURRENT,coolit-synthetic-v2.0.0,CUST-006,PRG-006,CFG-CPL-03,SYNTHETIC_INTERNAL,SNP-COOLIT-20260925-BL,SCN-BASELINE,FCST-051-006,2026-H51,OPP-0006,OPPL-0006,ACC-006,PRG-006,CFG-CPL-03,PROPOSAL,0.55,BEST_CASE,2025-11-13,24,187200,0,CLOSED_PERIOD
TEN-COOLIT-SYN-001,SITE-COOLIT-SYN-01,CRM,FORECAST_SNAPSHOT,FCST-051-007,OPP-0007,RESOLVED,2025-09-19T18:00:00-06:00,2026-09-26T08:00:00-06:00,2026-06-29T00:00:00-06:00,,1,,false,ACTIVE,,USD,VALID,CURRENT,coolit-synthetic-v2.0.0,CUST-007,PRG-007,CFG-RM-04,SYNTHETIC_INTERNAL,SNP-COOLIT-20260925-BL,SCN-BASELINE,FCST-051-007,2026-H51,OPP-0007,OPPL-0007,ACC-007,PRG-007,CFG-RM-04,PROPOSAL,0.55,BEST_CASE,2025-11-20,23,204700,0,CLOSED_PERIOD
TEN-COOLIT-SYN-001,SITE-COOLIT-SYN-01,CRM,FORECAST_SNAPSHOT,FCST-051-008,OPP-0008,RESOLVED,2025-09-19T18:00:00-06:00,2026-09-26T08:00:00-06:00,2026-06-29T00:00:00-06:00,,1,,false,ACTIVE,,USD,VALID,CURRENT,coolit-synthetic-v2.0.0,CUST-008,PRG-008,CFG-CPL-01,SYNTHETIC_INTERNAL,SNP-COOLIT-20260925-BL,SCN-BASELINE,FCST-051-008,2026-H51,OPP-0008,OPPL-0008,ACC-008,PRG-008,CFG-CPL-01,PROPOSAL,0.55,BEST_CASE,2025-11-27,27,151200,0,CLOSED_PERIOD
TEN-COOLIT-SYN-001,SITE-COOLIT-SYN-01,CRM,FORECAST_SNAPSHOT,FCST-051-009,OPP-0009,RESOLVED,2025-09-19T18:00:00-06:00,2026-09-26T08:00:00-06:00,2026-06-29T00:00:00-06:00,,1,,false,ACTIVE,,USD,VALID,CURRENT,coolit-synthetic-v2.0.0,CUST-009,PRG-001,CFG-RM-02,SYNTHETIC_INTERNAL,SNP-COOLIT-20260925-BL,SCN-BASELINE,FCST-051-009,2026-H51,OPP-0009,OPPL-0009,ACC-009,PRG-001,CFG-RM-02,PROPOSAL,0.55,BEST_CASE,2025-12-04,31,207700,0,CLOSED_PERIOD
TEN-COOLIT-SYN-001,SITE-COOLIT-SYN-01,CRM,FORECAST_SNAPSHOT,FCST-051-010,OPP-0010,RESOLVED,2025-09-19T18:00:00-06:00,2026-09-26T08:00:00-06:00,2026-06-29T00:00:00-06:00,,1,,false,ACTIVE,,USD,VALID,CURRENT,coolit-synthetic-v2.0.0,CUST-010,PRG-002,CFG-CDU-03,SYNTHETIC_INTERNAL,SNP-COOLIT-20260925-BL,SCN-BASELINE,FCST-051-010,2026-H51,OPP-0010,OPPL-0010,ACC-010,PRG-002,CFG-CDU-03,PROPOSAL,0.55,BEST_CASE,2025-12-11,5,495000,0,CLOSED_PERIOD
TEN-COOLIT-SYN-001,SITE-COOLIT-SYN-01,CRM,FORECAST_SNAPSHOT,FCST-051-011,OPP-0011,RESOLVED,2025-09-19T18:00:00-06:00,2026-09-26T08:00:00-06:00,2026-06-29T00:00:00-06:00,,1,,false,ACTIVE,,USD,VALID,CURRENT,coolit-synthetic-v2.0.0,CUST-001,PRG-003,CFG-CPL-04,SYNTHETIC_INTERNAL,SNP-COOLIT-20260925-BL,SCN-BASELINE,FCST-051-011,2026-H51,OPP-0011,OPPL-0011,ACC-001,PRG-003,CFG-CPL-04,PROPOSAL,0.55,BEST_CASE,2025-12-18,9,80100,0,CLOSED_PERIOD
TEN-COOLIT-SYN-001,SITE-COOLIT-SYN-01,CRM,FORECAST_SNAPSHOT,FCST-051-012,OPP-0012,RESOLVED,2025-09-19T18:00:00-06:00,2026-09-26T08:00:00-06:00,2026-06-29T00:00:00-06:00,,1,,false,ACTIVE,,USD,VALID,CURRENT,coolit-synthetic-v2.0.0,CUST-002,PRG-004,CFG-CDU-01,SYNTHETIC_INTERNAL,SNP-COOLIT-20260925-BL,SCN-BASELINE,FCST-051-012,2026-H51,OPP-0012,OPPL-0012,ACC-002,PRG-004,CFG-CDU-01,PROPOSAL,0.55,BEST_CASE,2025-12-25,13,1053000,0,CLOSED_PERIOD
TEN-COOLIT-SYN-001,SITE-COOLIT-SYN-01,CRM,FORECAST_SNAPSHOT,FCST-051-013,OPP-0013,RESOLVED,2025-09-19T18:00:00-06:00,2026-09-26T08:00:00-06:00,2026-06-29T00:00:00-06:00,,1,,false,ACTIVE,,USD,VALID,CURRENT,coolit-synthetic-v2.0.0,CUST-003,PRG-005,CFG-CPL-02,SYNTHETIC_INTERNAL,SNP-COOLIT-20260925-BL,SCN-BASELINE,FCST-051-013,2026-H51,OPP-0013,OPPL-0013,ACC-003,PRG-005,CFG-CPL-02,PROPOSAL,0.55,BEST_CASE,2025-10-09,17,113900,0,CLOSED_PERIOD
TEN-COOLIT-SYN-001,SITE-COOLIT-SYN-01,CRM,FORECAST_SNAPSHOT,FCST-051-014,OPP-0014,RESOLVED,2025-09-19T18:00:00-06:00,2026-09-26T08:00:00-06:00,2026-06-29T00:00:00-06:00,,1,,false,ACTIVE,,USD,VALID,CURRENT,coolit-synthetic-v2.0.0,CUST-004,PRG-006,CFG-RM-03,SYNTHETIC_INTERNAL,SNP-COOLIT-20260925-BL,SCN-BASELINE,FCST-051-014,2026-H51,OPP-0014,OPPL-0014,ACC-004,PRG-006,CFG-RM-03,PROPOSAL,0.55,BEST_CASE,2025-10-16,17,132600,0,CLOSED_PERIOD
TEN-COOLIT-SYN-001,SITE-COOLIT-SYN-01,CRM,FORECAST_SNAPSHOT,FCST-051-015,OPP-0015,RESOLVED,2025-09-19T18:00:00-06:00,2026-09-26T08:00:00-06:00,2026-06-29T00:00:00-06:00,,1,,false,ACTIVE,,USD,VALID,CURRENT,coolit-synthetic-v2.0.0,CUST-005,PRG-007,CFG-CDU-04,SYNTHETIC_INTERNAL,SNP-COOLIT-20260925-BL,SCN-BASELINE,FCST-051-015,2026-H51,OPP-0015,OPPL-0015,ACC-005,PRG-007,CFG-CDU-04,PROPOSAL,0.55,BEST_CASE,2025-10-23,20,2160000,0,CLOSED_PERIOD
TEN-COOLIT-SYN-001,SITE-COOLIT-SYN-01,CRM,FORECAST_SNAPSHOT,FCST-052-001,OPP-0001,RESOLVED,2025-09-26T18:00:00-06:00,2026-09-26T08:00:00-06:00,2026-06-29T00:00:00-06:00,,1,,false,ACTIVE,,USD,VALID,CURRENT,coolit-synthetic-v2.0.0,CUST-001,PRG-001,CFG-CPL-02,SYNTHETIC_INTERNAL,SNP-COOLIT-20260925-BL,SCN-BASELINE,FCST-052-001,2026-H52,OPP-0001,OPPL-0001,ACC-001,PRG-001,CFG-CPL-02,PROPOSAL,0.55,BEST_CASE,2025-10-13,5,33500,0,CLOSED_PERIOD
TEN-COOLIT-SYN-001,SITE-COOLIT-SYN-01,CRM,FORECAST_SNAPSHOT,FCST-052-002,OPP-0002,RESOLVED,2025-09-26T18:00:00-06:00,2026-09-26T08:00:00-06:00,2026-06-29T00:00:00-06:00,,1,,false,ACTIVE,,USD,VALID,CURRENT,coolit-synthetic-v2.0.0,CUST-002,PRG-002,CFG-RM-03,SYNTHETIC_INTERNAL,SNP-COOLIT-20260925-BL,SCN-BASELINE,FCST-052-002,2026-H52,OPP-0002,OPPL-0002,ACC-002,PRG-002,CFG-RM-03,PROPOSAL,0.55,BEST_CASE,2025-10-20,9,70200,0,CLOSED_PERIOD
TEN-COOLIT-SYN-001,SITE-COOLIT-SYN-01,CRM,FORECAST_SNAPSHOT,FCST-052-003,OPP-0003,RESOLVED,2025-09-26T18:00:00-06:00,2026-09-26T08:00:00-06:00,2026-06-29T00:00:00-06:00,,1,,false,ACTIVE,,USD,VALID,CURRENT,coolit-synthetic-v2.0.0,CUST-003,PRG-003,CFG-CDU-04,SYNTHETIC_INTERNAL,SNP-COOLIT-20260925-BL,SCN-BASELINE,FCST-052-003,2026-H52,OPP-0003,OPPL-0003,ACC-003,PRG-003,CFG-CDU-04,PROPOSAL,0.55,BEST_CASE,2025-10-27,12,1296000,0,CLOSED_PERIOD
TEN-COOLIT-SYN-001,SITE-COOLIT-SYN-01,CRM,FORECAST_SNAPSHOT,FCST-052-004,OPP-0004,RESOLVED,2025-09-26T18:00:00-06:00,2026-09-26T08:00:00-06:00,2026-06-29T00:00:00-06:00,,1,,false,ACTIVE,,USD,VALID,CURRENT,coolit-synthetic-v2.0.0,CUST-004,PRG-004,CFG-RM-01,SYNTHETIC_INTERNAL,SNP-COOLIT-20260925-BL,SCN-BASELINE,FCST-052-004,2026-H52,OPP-0004,OPPL-0004,ACC-004,PRG-004,CFG-RM-01,PROPOSAL,0.55,BEST_CASE,2025-11-03,16,89600,0,CLOSED_PERIOD
TEN-COOLIT-SYN-001,SITE-COOLIT-SYN-01,CRM,FORECAST_SNAPSHOT,FCST-052-005,OPP-0005,RESOLVED,2025-09-26T18:00:00-06:00,2026-09-26T08:00:00-06:00,2026-06-29T00:00:00-06:00,,1,,false,ACTIVE,,USD,VALID,CURRENT,coolit-synthetic-v2.0.0,CUST-005,PRG-005,CFG-CDU-02,SYNTHETIC_INTERNAL,SNP-COOLIT-20260925-BL,SCN-BASELINE,FCST-052-005,2026-H52,OPP-0005,OPPL-0005,ACC-005,PRG-005,CFG-CDU-02,PROPOSAL,0.55,BEST_CASE,2025-11-10,20,1800000,0,CLOSED_PERIOD
TEN-COOLIT-SYN-001,SITE-COOLIT-SYN-01,CRM,FORECAST_SNAPSHOT,FCST-052-006,OPP-0006,RESOLVED,2025-09-26T18:00:00-06:00,2026-09-26T08:00:00-06:00,2026-06-29T00:00:00-06:00,,1,,false,ACTIVE,,USD,VALID,CURRENT,coolit-synthetic-v2.0.0,CUST-006,PRG-006,CFG-CPL-03,SYNTHETIC_INTERNAL,SNP-COOLIT-20260925-BL,SCN-BASELINE,FCST-052-006,2026-H52,OPP-0006,OPPL-0006,ACC-006,PRG-006,CFG-CPL-03,PROPOSAL,0.55,BEST_CASE,2025-11-17,20,156000,0,CLOSED_PERIOD
TEN-COOLIT-SYN-001,SITE-COOLIT-SYN-01,CRM,FORECAST_SNAPSHOT,FCST-052-007,OPP-0007,RESOLVED,2025-09-26T18:00:00-06:00,2026-09-26T08:00:00-06:00,2026-06-29T00:00:00-06:00,,1,,false,ACTIVE,,USD,VALID,CURRENT,coolit-synthetic-v2.0.0,CUST-007,PRG-007,CFG-RM-04,SYNTHETIC_INTERNAL,SNP-COOLIT-20260925-BL,SCN-BASELINE,FCST-052-007,2026-H52,OPP-0007,OPPL-0007,ACC-007,PRG-007,CFG-RM-04,PROPOSAL,0.55,BEST_CASE,2025-11-24,24,213600,0,CLOSED_PERIOD
TEN-COOLIT-SYN-001,SITE-COOLIT-SYN-01,CRM,FORECAST_SNAPSHOT,FCST-052-008,OPP-0008,RESOLVED,2025-09-26T18:00:00-06:00,2026-09-26T08:00:00-06:00,2026-06-29T00:00:00-06:00,,1,,false,ACTIVE,,USD,VALID,CURRENT,coolit-synthetic-v2.0.0,CUST-008,PRG-008,CFG-CPL-01,SYNTHETIC_INTERNAL,SNP-COOLIT-20260925-BL,SCN-BASELINE,FCST-052-008,2026-H52,OPP-0008,OPPL-0008,ACC-008,PRG-008,CFG-CPL-01,PROPOSAL,0.55,BEST_CASE,2025-12-01,27,151200,0,CLOSED_PERIOD
TEN-COOLIT-SYN-001,SITE-COOLIT-SYN-01,CRM,FORECAST_SNAPSHOT,FCST-052-009,OPP-0009,RESOLVED,2025-09-26T18:00:00-06:00,2026-09-26T08:00:00-06:00,2026-06-29T00:00:00-06:00,,1,,false,ACTIVE,,USD,VALID,CURRENT,coolit-synthetic-v2.0.0,CUST-009,PRG-001,CFG-RM-02,SYNTHETIC_INTERNAL,SNP-COOLIT-20260925-BL,SCN-BASELINE,FCST-052-009,2026-H52,OPP-0009,OPPL-0009,ACC-009,PRG-001,CFG-RM-02,PROPOSAL,0.55,BEST_CASE,2025-12-08,32,214400,0,CLOSED_PERIOD
TEN-COOLIT-SYN-001,SITE-COOLIT-SYN-01,CRM,FORECAST_SNAPSHOT,FCST-052-010,OPP-0010,RESOLVED,2025-09-26T18:00:00-06:00,2026-09-26T08:00:00-06:00,2026-06-29T00:00:00-06:00,,1,,false,ACTIVE,,USD,VALID,CURRENT,coolit-synthetic-v2.0.0,CUST-010,PRG-002,CFG-CDU-03,SYNTHETIC_INTERNAL,SNP-COOLIT-20260925-BL,SCN-BASELINE,FCST-052-010,2026-H52,OPP-0010,OPPL-0010,ACC-010,PRG-002,CFG-CDU-03,PROPOSAL,0.55,BEST_CASE,2025-12-15,6,594000,0,CLOSED_PERIOD
TEN-COOLIT-SYN-001,SITE-COOLIT-SYN-01,CRM,FORECAST_SNAPSHOT,FCST-052-011,OPP-0011,RESOLVED,2025-09-26T18:00:00-06:00,2026-09-26T08:00:00-06:00,2026-06-29T00:00:00-06:00,,1,,false,ACTIVE,,USD,VALID,CURRENT,coolit-synthetic-v2.0.0,CUST-001,PRG-003,CFG-CPL-04,SYNTHETIC_INTERNAL,SNP-COOLIT-20260925-BL,SCN-BASELINE,FCST-052-011,2026-H52,OPP-0011,OPPL-0011,ACC-001,PRG-003,CFG-CPL-04,PROPOSAL,0.55,BEST_CASE,2025-12-22,9,80100,0,CLOSED_PERIOD
TEN-COOLIT-SYN-001,SITE-COOLIT-SYN-01,CRM,FORECAST_SNAPSHOT,FCST-052-012,OPP-0012,RESOLVED,2025-09-26T18:00:00-06:00,2026-09-26T08:00:00-06:00,2026-06-29T00:00:00-06:00,,1,,false,ACTIVE,,USD,VALID,CURRENT,coolit-synthetic-v2.0.0,CUST-002,PRG-004,CFG-CDU-01,SYNTHETIC_INTERNAL,SNP-COOLIT-20260925-BL,SCN-BASELINE,FCST-052-012,2026-H52,OPP-0012,OPPL-0012,ACC-002,PRG-004,CFG-CDU-01,PROPOSAL,0.55,BEST_CASE,2025-12-29,13,1053000,0,CLOSED_PERIOD
TEN-COOLIT-SYN-001,SITE-COOLIT-SYN-01,CRM,FORECAST_SNAPSHOT,FCST-052-013,OPP-0013,RESOLVED,2025-09-26T18:00:00-06:00,2026-09-26T08:00:00-06:00,2026-06-29T00:00:00-06:00,,1,,false,ACTIVE,,USD,VALID,CURRENT,coolit-synthetic-v2.0.0,CUST-003,PRG-005,CFG-CPL-02,SYNTHETIC_INTERNAL,SNP-COOLIT-20260925-BL,SCN-BASELINE,FCST-052-013,2026-H52,OPP-0013,OPPL-0013,ACC-003,PRG-005,CFG-CPL-02,PROPOSAL,0.55,BEST_CASE,2025-10-13,14,93800,0,CLOSED_PERIOD
TEN-COOLIT-SYN-001,SITE-COOLIT-SYN-01,CRM,FORECAST_SNAPSHOT,FCST-052-014,OPP-0014,RESOLVED,2025-09-26T18:00:00-06:00,2026-09-26T08:00:00-06:00,2026-06-29T00:00:00-06:00,,1,,false,ACTIVE,,USD,VALID,CURRENT,coolit-synthetic-v2.0.0,CUST-004,PRG-006,CFG-RM-03,SYNTHETIC_INTERNAL,SNP-COOLIT-20260925-BL,SCN-BASELINE,FCST-052-014,2026-H52,OPP-0014,OPPL-0014,ACC-004,PRG-006,CFG-RM-03,PROPOSAL,0.55,BEST_CASE,2025-10-20,17,132600,0,CLOSED_PERIOD
TEN-COOLIT-SYN-001,SITE-COOLIT-SYN-01,CRM,FORECAST_SNAPSHOT,FCST-052-015,OPP-0015,RESOLVED,2025-09-26T18:00:00-06:00,2026-09-26T08:00:00-06:00,2026-06-29T00:00:00-06:00,,1,,false,ACTIVE,,USD,VALID,CURRENT,coolit-synthetic-v2.0.0,CUST-005,PRG-007,CFG-CDU-04,SYNTHETIC_INTERNAL,SNP-COOLIT-20260925-BL,SCN-BASELINE,FCST-052-015,2026-H52,OPP-0015,OPPL-0015,ACC-005,PRG-007,CFG-CDU-04,PROPOSAL,0.55,BEST_CASE,2025-10-27,21,2268000,0,CLOSED_PERIOD
TEN-COOLIT-SYN-001,SITE-COOLIT-SYN-01,CRM,FORECAST_SNAPSHOT,FCST-053-001,OPP-0001,RESOLVED,2025-10-03T18:00:00-06:00,2026-09-26T08:00:00-06:00,2026-06-29T00:00:00-06:00,,1,,false,ACTIVE,,USD,VALID,CURRENT,coolit-synthetic-v2.0.0,CUST-001,PRG-001,CFG-CPL-02,SYNTHETIC_INTERNAL,SNP-COOLIT-20260925-BL,SCN-BASELINE,FCST-053-001,2026-H53,OPP-0001,OPPL-0001,ACC-001,PRG-001,CFG-CPL-02,PROPOSAL,0.55,BEST_CASE,2025-10-17,5,33500,0,CLOSED_PERIOD
TEN-COOLIT-SYN-001,SITE-COOLIT-SYN-01,CRM,FORECAST_SNAPSHOT,FCST-053-002,OPP-0002,RESOLVED,2025-10-03T18:00:00-06:00,2026-09-26T08:00:00-06:00,2026-06-29T00:00:00-06:00,,1,,false,ACTIVE,,USD,VALID,CURRENT,coolit-synthetic-v2.0.0,CUST-002,PRG-002,CFG-RM-03,SYNTHETIC_INTERNAL,SNP-COOLIT-20260925-BL,SCN-BASELINE,FCST-053-002,2026-H53,OPP-0002,OPPL-0002,ACC-002,PRG-002,CFG-RM-03,PROPOSAL,0.55,BEST_CASE,2025-10-24,9,70200,0,CLOSED_PERIOD
TEN-COOLIT-SYN-001,SITE-COOLIT-SYN-01,CRM,FORECAST_SNAPSHOT,FCST-053-003,OPP-0003,RESOLVED,2025-10-03T18:00:00-06:00,2026-09-26T08:00:00-06:00,2026-06-29T00:00:00-06:00,,1,,false,ACTIVE,,USD,VALID,CURRENT,coolit-synthetic-v2.0.0,CUST-003,PRG-003,CFG-CDU-04,SYNTHETIC_INTERNAL,SNP-COOLIT-20260925-BL,SCN-BASELINE,FCST-053-003,2026-H53,OPP-0003,OPPL-0003,ACC-003,PRG-003,CFG-CDU-04,PROPOSAL,0.55,BEST_CASE,2025-10-31,13,1404000,0,CLOSED_PERIOD
TEN-COOLIT-SYN-001,SITE-COOLIT-SYN-01,CRM,FORECAST_SNAPSHOT,FCST-053-004,OPP-0004,RESOLVED,2025-10-03T18:00:00-06:00,2026-09-26T08:00:00-06:00,2026-06-29T00:00:00-06:00,,1,,false,ACTIVE,,USD,VALID,CURRENT,coolit-synthetic-v2.0.0,CUST-004,PRG-004,CFG-RM-01,SYNTHETIC_INTERNAL,SNP-COOLIT-20260925-BL,SCN-BASELINE,FCST-053-004,2026-H53,OPP-0004,OPPL-0004,ACC-004,PRG-004,CFG-RM-01,PROPOSAL,0.55,BEST_CASE,2025-11-07,17,95200,0,CLOSED_PERIOD
TEN-COOLIT-SYN-001,SITE-COOLIT-SYN-01,CRM,FORECAST_SNAPSHOT,FCST-053-005,OPP-0005,RESOLVED,2025-10-03T18:00:00-06:00,2026-09-26T08:00:00-06:00,2026-06-29T00:00:00-06:00,,1,,false,ACTIVE,,USD,VALID,CURRENT,coolit-synthetic-v2.0.0,CUST-005,PRG-005,CFG-CDU-02,SYNTHETIC_INTERNAL,SNP-COOLIT-20260925-BL,SCN-BASELINE,FCST-053-005,2026-H53,OPP-0005,OPPL-0005,ACC-005,PRG-005,CFG-CDU-02,PROPOSAL,0.55,BEST_CASE,2025-11-14,17,1530000,0,CLOSED_PERIOD
TEN-COOLIT-SYN-001,SITE-COOLIT-SYN-01,CRM,FORECAST_SNAPSHOT,FCST-053-006,OPP-0006,RESOLVED,2025-10-03T18:00:00-06:00,2026-09-26T08:00:00-06:00,2026-06-29T00:00:00-06:00,,1,,false,ACTIVE,,USD,VALID,CURRENT,coolit-synthetic-v2.0.0,CUST-006,PRG-006,CFG-CPL-03,SYNTHETIC_INTERNAL,SNP-COOLIT-20260925-BL,SCN-BASELINE,FCST-053-006,2026-H53,OPP-0006,OPPL-0006,ACC-006,PRG-006,CFG-CPL-03,PROPOSAL,0.55,BEST_CASE,2025-11-21,20,156000,0,CLOSED_PERIOD
TEN-COOLIT-SYN-001,SITE-COOLIT-SYN-01,CRM,FORECAST_SNAPSHOT,FCST-053-007,OPP-0007,RESOLVED,2025-10-03T18:00:00-06:00,2026-09-26T08:00:00-06:00,2026-06-29T00:00:00-06:00,,1,,false,ACTIVE,,USD,VALID,CURRENT,coolit-synthetic-v2.0.0,CUST-007,PRG-007,CFG-RM-04,SYNTHETIC_INTERNAL,SNP-COOLIT-20260925-BL,SCN-BASELINE,FCST-053-007,2026-H53,OPP-0007,OPPL-0007,ACC-007,PRG-007,CFG-RM-04,PROPOSAL,0.55,BEST_CASE,2025-11-28,24,213600,0,CLOSED_PERIOD
TEN-COOLIT-SYN-001,SITE-COOLIT-SYN-01,CRM,FORECAST_SNAPSHOT,FCST-053-008,OPP-0008,RESOLVED,2025-10-03T18:00:00-06:00,2026-09-26T08:00:00-06:00,2026-06-29T00:00:00-06:00,,1,,false,ACTIVE,,USD,VALID,CURRENT,coolit-synthetic-v2.0.0,CUST-008,PRG-008,CFG-CPL-01,SYNTHETIC_INTERNAL,SNP-COOLIT-20260925-BL,SCN-BASELINE,FCST-053-008,2026-H53,OPP-0008,OPPL-0008,ACC-008,PRG-008,CFG-CPL-01,PROPOSAL,0.55,BEST_CASE,2025-12-05,28,156800,0,CLOSED_PERIOD
TEN-COOLIT-SYN-001,SITE-COOLIT-SYN-01,CRM,FORECAST_SNAPSHOT,FCST-053-009,OPP-0009,RESOLVED,2025-10-03T18:00:00-06:00,2026-09-26T08:00:00-06:00,2026-06-29T00:00:00-06:00,,1,,false,ACTIVE,,USD,VALID,CURRENT,coolit-synthetic-v2.0.0,CUST-009,PRG-001,CFG-RM-02,SYNTHETIC_INTERNAL,SNP-COOLIT-20260925-BL,SCN-BASELINE,FCST-053-009,2026-H53,OPP-0009,OPPL-0009,ACC-009,PRG-001,CFG-RM-02,PROPOSAL,0.55,BEST_CASE,2025-12-12,33,221100,0,CLOSED_PERIOD
TEN-COOLIT-SYN-001,SITE-COOLIT-SYN-01,CRM,FORECAST_SNAPSHOT,FCST-053-010,OPP-0010,RESOLVED,2025-10-03T18:00:00-06:00,2026-09-26T08:00:00-06:00,2026-06-29T00:00:00-06:00,,1,,false,ACTIVE,,USD,VALID,CURRENT,coolit-synthetic-v2.0.0,CUST-010,PRG-002,CFG-CDU-03,SYNTHETIC_INTERNAL,SNP-COOLIT-20260925-BL,SCN-BASELINE,FCST-053-010,2026-H53,OPP-0010,OPPL-0010,ACC-010,PRG-002,CFG-CDU-03,PROPOSAL,0.55,BEST_CASE,2025-12-19,6,594000,0,CLOSED_PERIOD
TEN-COOLIT-SYN-001,SITE-COOLIT-SYN-01,CRM,FORECAST_SNAPSHOT,FCST-053-011,OPP-0011,RESOLVED,2025-10-03T18:00:00-06:00,2026-09-26T08:00:00-06:00,2026-06-29T00:00:00-06:00,,1,,false,ACTIVE,,USD,VALID,CURRENT,coolit-synthetic-v2.0.0,CUST-001,PRG-003,CFG-CPL-04,SYNTHETIC_INTERNAL,SNP-COOLIT-20260925-BL,SCN-BASELINE,FCST-053-011,2026-H53,OPP-0011,OPPL-0011,ACC-001,PRG-003,CFG-CPL-04,PROPOSAL,0.55,BEST_CASE,2025-12-26,10,89000,0,CLOSED_PERIOD
TEN-COOLIT-SYN-001,SITE-COOLIT-SYN-01,CRM,FORECAST_SNAPSHOT,FCST-053-012,OPP-0012,RESOLVED,2025-10-03T18:00:00-06:00,2026-09-26T08:00:00-06:00,2026-06-29T00:00:00-06:00,,1,,false,ACTIVE,,USD,VALID,CURRENT,coolit-synthetic-v2.0.0,CUST-002,PRG-004,CFG-CDU-01,SYNTHETIC_INTERNAL,SNP-COOLIT-20260925-BL,SCN-BASELINE,FCST-053-012,2026-H53,OPP-0012,OPPL-0012,ACC-002,PRG-004,CFG-CDU-01,PROPOSAL,0.55,BEST_CASE,2026-01-02,11,891000,0,CLOSED_PERIOD
TEN-COOLIT-SYN-001,SITE-COOLIT-SYN-01,CRM,FORECAST_SNAPSHOT,FCST-053-013,OPP-0013,RESOLVED,2025-10-03T18:00:00-06:00,2026-09-26T08:00:00-06:00,2026-06-29T00:00:00-06:00,,1,,false,ACTIVE,,USD,VALID,CURRENT,coolit-synthetic-v2.0.0,CUST-003,PRG-005,CFG-CPL-02,SYNTHETIC_INTERNAL,SNP-COOLIT-20260925-BL,SCN-BASELINE,FCST-053-013,2026-H53,OPP-0013,OPPL-0013,ACC-003,PRG-005,CFG-CPL-02,PROPOSAL,0.55,BEST_CASE,2025-10-17,14,93800,0,CLOSED_PERIOD
TEN-COOLIT-SYN-001,SITE-COOLIT-SYN-01,CRM,FORECAST_SNAPSHOT,FCST-053-014,OPP-0014,RESOLVED,2025-10-03T18:00:00-06:00,2026-09-26T08:00:00-06:00,2026-06-29T00:00:00-06:00,,1,,false,ACTIVE,,USD,VALID,CURRENT,coolit-synthetic-v2.0.0,CUST-004,PRG-006,CFG-RM-03,SYNTHETIC_INTERNAL,SNP-COOLIT-20260925-BL,SCN-BASELINE,FCST-053-014,2026-H53,OPP-0014,OPPL-0014,ACC-004,PRG-006,CFG-RM-03,PROPOSAL,0.55,BEST_CASE,2025-10-24,18,140400,0,CLOSED_PERIOD
TEN-COOLIT-SYN-001,SITE-COOLIT-SYN-01,CRM,FORECAST_SNAPSHOT,FCST-053-015,OPP-0015,RESOLVED,2025-10-03T18:00:00-06:00,2026-09-26T08:00:00-06:00,2026-06-29T00:00:00-06:00,,1,,false,ACTIVE,,USD,VALID,CURRENT,coolit-synthetic-v2.0.0,CUST-005,PRG-007,CFG-CDU-04,SYNTHETIC_INTERNAL,SNP-COOLIT-20260925-BL,SCN-BASELINE,FCST-053-015,2026-H53,OPP-0015,OPPL-0015,ACC-005,PRG-007,CFG-CDU-04,PROPOSAL,0.55,BEST_CASE,2025-10-31,22,2376000,0,CLOSED_PERIOD
TEN-COOLIT-SYN-001,SITE-COOLIT-SYN-01,CRM,FORECAST_SNAPSHOT,FCST-054-001,OPP-0001,RESOLVED,2025-10-10T18:00:00-06:00,2026-09-26T08:00:00-06:00,2026-06-29T00:00:00-06:00,,1,,false,ACTIVE,,USD,VALID,CURRENT,coolit-synthetic-v2.0.0,CUST-001,PRG-001,CFG-CPL-02,SYNTHETIC_INTERNAL,SNP-COOLIT-20260925-BL,SCN-BASELINE,FCST-054-001,2026-H54,OPP-0001,OPPL-0001,ACC-001,PRG-001,CFG-CPL-02,PROPOSAL,0.55,BEST_CASE,2025-10-21,6,40200,0,CLOSED_PERIOD
TEN-COOLIT-SYN-001,SITE-COOLIT-SYN-01,CRM,FORECAST_SNAPSHOT,FCST-054-002,OPP-0002,RESOLVED,2025-10-10T18:00:00-06:00,2026-09-26T08:00:00-06:00,2026-06-29T00:00:00-06:00,,1,,false,ACTIVE,,USD,VALID,CURRENT,coolit-synthetic-v2.0.0,CUST-002,PRG-002,CFG-RM-03,SYNTHETIC_INTERNAL,SNP-COOLIT-20260925-BL,SCN-BASELINE,FCST-054-002,2026-H54,OPP-0002,OPPL-0002,ACC-002,PRG-002,CFG-RM-03,PROPOSAL,0.55,BEST_CASE,2025-10-28,9,70200,0,CLOSED_PERIOD
TEN-COOLIT-SYN-001,SITE-COOLIT-SYN-01,CRM,FORECAST_SNAPSHOT,FCST-054-003,OPP-0003,RESOLVED,2025-10-10T18:00:00-06:00,2026-09-26T08:00:00-06:00,2026-06-29T00:00:00-06:00,,1,,false,ACTIVE,,USD,VALID,CURRENT,coolit-synthetic-v2.0.0,CUST-003,PRG-003,CFG-CDU-04,SYNTHETIC_INTERNAL,SNP-COOLIT-20260925-BL,SCN-BASELINE,FCST-054-003,2026-H54,OPP-0003,OPPL-0003,ACC-003,PRG-003,CFG-CDU-04,PROPOSAL,0.55,BEST_CASE,2025-11-04,13,1404000,0,CLOSED_PERIOD
TEN-COOLIT-SYN-001,SITE-COOLIT-SYN-01,CRM,FORECAST_SNAPSHOT,FCST-054-004,OPP-0004,RESOLVED,2025-10-10T18:00:00-06:00,2026-09-26T08:00:00-06:00,2026-06-29T00:00:00-06:00,,1,,false,ACTIVE,,USD,VALID,CURRENT,coolit-synthetic-v2.0.0,CUST-004,PRG-004,CFG-RM-01,SYNTHETIC_INTERNAL,SNP-COOLIT-20260925-BL,SCN-BASELINE,FCST-054-004,2026-H54,OPP-0004,OPPL-0004,ACC-004,PRG-004,CFG-RM-01,PROPOSAL,0.55,BEST_CASE,2025-11-11,14,78400,0,CLOSED_PERIOD
TEN-COOLIT-SYN-001,SITE-COOLIT-SYN-01,CRM,FORECAST_SNAPSHOT,FCST-054-005,OPP-0005,RESOLVED,2025-10-10T18:00:00-06:00,2026-09-26T08:00:00-06:00,2026-06-29T00:00:00-06:00,,1,,false,ACTIVE,,USD,VALID,CURRENT,coolit-synthetic-v2.0.0,CUST-005,PRG-005,CFG-CDU-02,SYNTHETIC_INTERNAL,SNP-COOLIT-20260925-BL,SCN-BASELINE,FCST-054-005,2026-H54,OPP-0005,OPPL-0005,ACC-005,PRG-005,CFG-CDU-02,PROPOSAL,0.55,BEST_CASE,2025-11-18,17,1530000,0,CLOSED_PERIOD
TEN-COOLIT-SYN-001,SITE-COOLIT-SYN-01,CRM,FORECAST_SNAPSHOT,FCST-054-006,OPP-0006,RESOLVED,2025-10-10T18:00:00-06:00,2026-09-26T08:00:00-06:00,2026-06-29T00:00:00-06:00,,1,,false,ACTIVE,,USD,VALID,CURRENT,coolit-synthetic-v2.0.0,CUST-006,PRG-006,CFG-CPL-03,SYNTHETIC_INTERNAL,SNP-COOLIT-20260925-BL,SCN-BASELINE,FCST-054-006,2026-H54,OPP-0006,OPPL-0006,ACC-006,PRG-006,CFG-CPL-03,PROPOSAL,0.55,BEST_CASE,2025-11-25,21,163800,0,CLOSED_PERIOD
TEN-COOLIT-SYN-001,SITE-COOLIT-SYN-01,CRM,FORECAST_SNAPSHOT,FCST-054-007,OPP-0007,RESOLVED,2025-10-10T18:00:00-06:00,2026-09-26T08:00:00-06:00,2026-06-29T00:00:00-06:00,,1,,false,ACTIVE,,USD,VALID,CURRENT,coolit-synthetic-v2.0.0,CUST-007,PRG-007,CFG-RM-04,SYNTHETIC_INTERNAL,SNP-COOLIT-20260925-BL,SCN-BASELINE,FCST-054-007,2026-H54,OPP-0007,OPPL-0007,ACC-007,PRG-007,CFG-RM-04,PROPOSAL,0.55,BEST_CASE,2025-12-02,25,222500,0,CLOSED_PERIOD
TEN-COOLIT-SYN-001,SITE-COOLIT-SYN-01,CRM,FORECAST_SNAPSHOT,FCST-054-008,OPP-0008,RESOLVED,2025-10-10T18:00:00-06:00,2026-09-26T08:00:00-06:00,2026-06-29T00:00:00-06:00,,1,,false,ACTIVE,,USD,VALID,CURRENT,coolit-synthetic-v2.0.0,CUST-008,PRG-008,CFG-CPL-01,SYNTHETIC_INTERNAL,SNP-COOLIT-20260925-BL,SCN-BASELINE,FCST-054-008,2026-H54,OPP-0008,OPPL-0008,ACC-008,PRG-008,CFG-CPL-01,PROPOSAL,0.55,BEST_CASE,2025-12-09,29,162400,0,CLOSED_PERIOD
TEN-COOLIT-SYN-001,SITE-COOLIT-SYN-01,CRM,FORECAST_SNAPSHOT,FCST-054-009,OPP-0009,RESOLVED,2025-10-10T18:00:00-06:00,2026-09-26T08:00:00-06:00,2026-06-29T00:00:00-06:00,,1,,false,ACTIVE,,USD,VALID,CURRENT,coolit-synthetic-v2.0.0,CUST-009,PRG-001,CFG-RM-02,SYNTHETIC_INTERNAL,SNP-COOLIT-20260925-BL,SCN-BASELINE,FCST-054-009,2026-H54,OPP-0009,OPPL-0009,ACC-009,PRG-001,CFG-RM-02,PROPOSAL,0.55,BEST_CASE,2025-12-16,33,221100,0,CLOSED_PERIOD
TEN-COOLIT-SYN-001,SITE-COOLIT-SYN-01,CRM,FORECAST_SNAPSHOT,FCST-054-010,OPP-0010,RESOLVED,2025-10-10T18:00:00-06:00,2026-09-26T08:00:00-06:00,2026-06-29T00:00:00-06:00,,1,,false,ACTIVE,,USD,VALID,CURRENT,coolit-synthetic-v2.0.0,CUST-010,PRG-002,CFG-CDU-03,SYNTHETIC_INTERNAL,SNP-COOLIT-20260925-BL,SCN-BASELINE,FCST-054-010,2026-H54,OPP-0010,OPPL-0010,ACC-010,PRG-002,CFG-CDU-03,PROPOSAL,0.55,BEST_CASE,2025-12-23,6,594000,0,CLOSED_PERIOD
TEN-COOLIT-SYN-001,SITE-COOLIT-SYN-01,CRM,FORECAST_SNAPSHOT,FCST-054-011,OPP-0011,RESOLVED,2025-10-10T18:00:00-06:00,2026-09-26T08:00:00-06:00,2026-06-29T00:00:00-06:00,,1,,false,ACTIVE,,USD,VALID,CURRENT,coolit-synthetic-v2.0.0,CUST-001,PRG-003,CFG-CPL-04,SYNTHETIC_INTERNAL,SNP-COOLIT-20260925-BL,SCN-BASELINE,FCST-054-011,2026-H54,OPP-0011,OPPL-0011,ACC-001,PRG-003,CFG-CPL-04,PROPOSAL,0.55,BEST_CASE,2025-12-30,8,71200,0,CLOSED_PERIOD
TEN-COOLIT-SYN-001,SITE-COOLIT-SYN-01,CRM,FORECAST_SNAPSHOT,FCST-054-012,OPP-0012,RESOLVED,2025-10-10T18:00:00-06:00,2026-09-26T08:00:00-06:00,2026-06-29T00:00:00-06:00,,1,,false,ACTIVE,,USD,VALID,CURRENT,coolit-synthetic-v2.0.0,CUST-002,PRG-004,CFG-CDU-01,SYNTHETIC_INTERNAL,SNP-COOLIT-20260925-BL,SCN-BASELINE,FCST-054-012,2026-H54,OPP-0012,OPPL-0012,ACC-002,PRG-004,CFG-CDU-01,PROPOSAL,0.55,BEST_CASE,2026-01-06,11,891000,0,CLOSED_PERIOD
TEN-COOLIT-SYN-001,SITE-COOLIT-SYN-01,CRM,FORECAST_SNAPSHOT,FCST-054-013,OPP-0013,RESOLVED,2025-10-10T18:00:00-06:00,2026-09-26T08:00:00-06:00,2026-06-29T00:00:00-06:00,,1,,false,ACTIVE,,USD,VALID,CURRENT,coolit-synthetic-v2.0.0,CUST-003,PRG-005,CFG-CPL-02,SYNTHETIC_INTERNAL,SNP-COOLIT-20260925-BL,SCN-BASELINE,FCST-054-013,2026-H54,OPP-0013,OPPL-0013,ACC-003,PRG-005,CFG-CPL-02,PROPOSAL,0.55,BEST_CASE,2025-10-21,15,100500,0,CLOSED_PERIOD
TEN-COOLIT-SYN-001,SITE-COOLIT-SYN-01,CRM,FORECAST_SNAPSHOT,FCST-054-014,OPP-0014,RESOLVED,2025-10-10T18:00:00-06:00,2026-09-26T08:00:00-06:00,2026-06-29T00:00:00-06:00,,1,,false,ACTIVE,,USD,VALID,CURRENT,coolit-synthetic-v2.0.0,CUST-004,PRG-006,CFG-RM-03,SYNTHETIC_INTERNAL,SNP-COOLIT-20260925-BL,SCN-BASELINE,FCST-054-014,2026-H54,OPP-0014,OPPL-0014,ACC-004,PRG-006,CFG-RM-03,PROPOSAL,0.55,BEST_CASE,2025-10-28,19,148200,0,CLOSED_PERIOD
TEN-COOLIT-SYN-001,SITE-COOLIT-SYN-01,CRM,FORECAST_SNAPSHOT,FCST-054-015,OPP-0015,RESOLVED,2025-10-10T18:00:00-06:00,2026-09-26T08:00:00-06:00,2026-06-29T00:00:00-06:00,,1,,false,ACTIVE,,USD,VALID,CURRENT,coolit-synthetic-v2.0.0,CUST-005,PRG-007,CFG-CDU-04,SYNTHETIC_INTERNAL,SNP-COOLIT-20260925-BL,SCN-BASELINE,FCST-054-015,2026-H54,OPP-0015,OPPL-0015,ACC-005,PRG-007,CFG-CDU-04,PROPOSAL,0.55,BEST_CASE,2025-11-04,22,2376000,0,CLOSED_PERIOD
TEN-COOLIT-SYN-001,SITE-COOLIT-SYN-01,CRM,FORECAST_SNAPSHOT,FCST-055-001,OPP-0001,RESOLVED,2025-10-17T18:00:00-06:00,2026-09-26T08:00:00-06:00,2026-06-29T00:00:00-06:00,,1,,false,ACTIVE,,USD,VALID,CURRENT,coolit-synthetic-v2.0.0,CUST-001,PRG-001,CFG-CPL-02,SYNTHETIC_INTERNAL,SNP-COOLIT-20260925-BL,SCN-BASELINE,FCST-055-001,2026-H55,OPP-0001,OPPL-0001,ACC-001,PRG-001,CFG-CPL-02,PROPOSAL,0.55,BEST_CASE,2025-11-21,6,40200,0,CLOSED_PERIOD
TEN-COOLIT-SYN-001,SITE-COOLIT-SYN-01,CRM,FORECAST_SNAPSHOT,FCST-055-002,OPP-0002,RESOLVED,2025-10-17T18:00:00-06:00,2026-09-26T08:00:00-06:00,2026-06-29T00:00:00-06:00,,1,,false,ACTIVE,,USD,VALID,CURRENT,coolit-synthetic-v2.0.0,CUST-002,PRG-002,CFG-RM-03,SYNTHETIC_INTERNAL,SNP-COOLIT-20260925-BL,SCN-BASELINE,FCST-055-002,2026-H55,OPP-0002,OPPL-0002,ACC-002,PRG-002,CFG-RM-03,PROPOSAL,0.55,BEST_CASE,2025-11-28,10,78000,0,CLOSED_PERIOD
TEN-COOLIT-SYN-001,SITE-COOLIT-SYN-01,CRM,FORECAST_SNAPSHOT,FCST-055-003,OPP-0003,RESOLVED,2025-10-17T18:00:00-06:00,2026-09-26T08:00:00-06:00,2026-06-29T00:00:00-06:00,,1,,false,ACTIVE,,USD,VALID,CURRENT,coolit-synthetic-v2.0.0,CUST-003,PRG-003,CFG-CDU-04,SYNTHETIC_INTERNAL,SNP-COOLIT-20260925-BL,SCN-BASELINE,FCST-055-003,2026-H55,OPP-0003,OPPL-0003,ACC-003,PRG-003,CFG-CDU-04,PROPOSAL,0.55,BEST_CASE,2025-12-05,11,1188000,0,CLOSED_PERIOD
TEN-COOLIT-SYN-001,SITE-COOLIT-SYN-01,CRM,FORECAST_SNAPSHOT,FCST-055-004,OPP-0004,RESOLVED,2025-10-17T18:00:00-06:00,2026-09-26T08:00:00-06:00,2026-06-29T00:00:00-06:00,,1,,false,ACTIVE,,USD,VALID,CURRENT,coolit-synthetic-v2.0.0,CUST-004,PRG-004,CFG-RM-01,SYNTHETIC_INTERNAL,SNP-COOLIT-20260925-BL,SCN-BASELINE,FCST-055-004,2026-H55,OPP-0004,OPPL-0004,ACC-004,PRG-004,CFG-RM-01,PROPOSAL,0.55,BEST_CASE,2025-12-12,14,78400,0,CLOSED_PERIOD
TEN-COOLIT-SYN-001,SITE-COOLIT-SYN-01,CRM,FORECAST_SNAPSHOT,FCST-055-005,OPP-0005,RESOLVED,2025-10-17T18:00:00-06:00,2026-09-26T08:00:00-06:00,2026-06-29T00:00:00-06:00,,1,,false,ACTIVE,,USD,VALID,CURRENT,coolit-synthetic-v2.0.0,CUST-005,PRG-005,CFG-CDU-02,SYNTHETIC_INTERNAL,SNP-COOLIT-20260925-BL,SCN-BASELINE,FCST-055-005,2026-H55,OPP-0005,OPPL-0005,ACC-005,PRG-005,CFG-CDU-02,PROPOSAL,0.55,BEST_CASE,2025-12-19,18,1620000,0,CLOSED_PERIOD
TEN-COOLIT-SYN-001,SITE-COOLIT-SYN-01,CRM,FORECAST_SNAPSHOT,FCST-055-006,OPP-0006,RESOLVED,2025-10-17T18:00:00-06:00,2026-09-26T08:00:00-06:00,2026-06-29T00:00:00-06:00,,1,,false,ACTIVE,,USD,VALID,CURRENT,coolit-synthetic-v2.0.0,CUST-006,PRG-006,CFG-CPL-03,SYNTHETIC_INTERNAL,SNP-COOLIT-20260925-BL,SCN-BASELINE,FCST-055-006,2026-H55,OPP-0006,OPPL-0006,ACC-006,PRG-006,CFG-CPL-03,PROPOSAL,0.55,BEST_CASE,2025-12-26,22,171600,0,CLOSED_PERIOD
TEN-COOLIT-SYN-001,SITE-COOLIT-SYN-01,CRM,FORECAST_SNAPSHOT,FCST-055-007,OPP-0007,RESOLVED,2025-10-17T18:00:00-06:00,2026-09-26T08:00:00-06:00,2026-06-29T00:00:00-06:00,,1,,false,ACTIVE,,USD,VALID,CURRENT,coolit-synthetic-v2.0.0,CUST-007,PRG-007,CFG-RM-04,SYNTHETIC_INTERNAL,SNP-COOLIT-20260925-BL,SCN-BASELINE,FCST-055-007,2026-H55,OPP-0007,OPPL-0007,ACC-007,PRG-007,CFG-RM-04,PROPOSAL,0.55,BEST_CASE,2026-01-02,26,231400,0,CLOSED_PERIOD
TEN-COOLIT-SYN-001,SITE-COOLIT-SYN-01,CRM,FORECAST_SNAPSHOT,FCST-055-008,OPP-0008,RESOLVED,2025-10-17T18:00:00-06:00,2026-09-26T08:00:00-06:00,2026-06-29T00:00:00-06:00,,1,,false,ACTIVE,,USD,VALID,CURRENT,coolit-synthetic-v2.0.0,CUST-008,PRG-008,CFG-CPL-01,SYNTHETIC_INTERNAL,SNP-COOLIT-20260925-BL,SCN-BASELINE,FCST-055-008,2026-H55,OPP-0008,OPPL-0008,ACC-008,PRG-008,CFG-CPL-01,PROPOSAL,0.55,BEST_CASE,2026-01-09,30,168000,0,CLOSED_PERIOD
TEN-COOLIT-SYN-001,SITE-COOLIT-SYN-01,CRM,FORECAST_SNAPSHOT,FCST-055-009,OPP-0009,RESOLVED,2025-10-17T18:00:00-06:00,2026-09-26T08:00:00-06:00,2026-06-29T00:00:00-06:00,,1,,false,ACTIVE,,USD,VALID,CURRENT,coolit-synthetic-v2.0.0,CUST-009,PRG-001,CFG-RM-02,SYNTHETIC_INTERNAL,SNP-COOLIT-20260925-BL,SCN-BASELINE,FCST-055-009,2026-H55,OPP-0009,OPPL-0009,ACC-009,PRG-001,CFG-RM-02,PROPOSAL,0.55,BEST_CASE,2026-01-16,34,227800,0,CLOSED_PERIOD
TEN-COOLIT-SYN-001,SITE-COOLIT-SYN-01,CRM,FORECAST_SNAPSHOT,FCST-055-010,OPP-0010,RESOLVED,2025-10-17T18:00:00-06:00,2026-09-26T08:00:00-06:00,2026-06-29T00:00:00-06:00,,1,,false,ACTIVE,,USD,VALID,CURRENT,coolit-synthetic-v2.0.0,CUST-010,PRG-002,CFG-CDU-03,SYNTHETIC_INTERNAL,SNP-COOLIT-20260925-BL,SCN-BASELINE,FCST-055-010,2026-H55,OPP-0010,OPPL-0010,ACC-010,PRG-002,CFG-CDU-03,PROPOSAL,0.55,BEST_CASE,2026-01-23,5,495000,0,CLOSED_PERIOD
TEN-COOLIT-SYN-001,SITE-COOLIT-SYN-01,CRM,FORECAST_SNAPSHOT,FCST-055-011,OPP-0011,RESOLVED,2025-10-17T18:00:00-06:00,2026-09-26T08:00:00-06:00,2026-06-29T00:00:00-06:00,,1,,false,ACTIVE,,USD,VALID,CURRENT,coolit-synthetic-v2.0.0,CUST-001,PRG-003,CFG-CPL-04,SYNTHETIC_INTERNAL,SNP-COOLIT-20260925-BL,SCN-BASELINE,FCST-055-011,2026-H55,OPP-0011,OPPL-0011,ACC-001,PRG-003,CFG-CPL-04,PROPOSAL,0.55,BEST_CASE,2026-01-30,8,71200,0,CLOSED_PERIOD
TEN-COOLIT-SYN-001,SITE-COOLIT-SYN-01,CRM,FORECAST_SNAPSHOT,FCST-055-012,OPP-0012,RESOLVED,2025-10-17T18:00:00-06:00,2026-09-26T08:00:00-06:00,2026-06-29T00:00:00-06:00,,1,,false,ACTIVE,,USD,VALID,CURRENT,coolit-synthetic-v2.0.0,CUST-002,PRG-004,CFG-CDU-01,SYNTHETIC_INTERNAL,SNP-COOLIT-20260925-BL,SCN-BASELINE,FCST-055-012,2026-H55,OPP-0012,OPPL-0012,ACC-002,PRG-004,CFG-CDU-01,PROPOSAL,0.55,BEST_CASE,2026-02-06,12,972000,0,CLOSED_PERIOD
TEN-COOLIT-SYN-001,SITE-COOLIT-SYN-01,CRM,FORECAST_SNAPSHOT,FCST-055-013,OPP-0013,RESOLVED,2025-10-17T18:00:00-06:00,2026-09-26T08:00:00-06:00,2026-06-29T00:00:00-06:00,,1,,false,ACTIVE,,USD,VALID,CURRENT,coolit-synthetic-v2.0.0,CUST-003,PRG-005,CFG-CPL-02,SYNTHETIC_INTERNAL,SNP-COOLIT-20260925-BL,SCN-BASELINE,FCST-055-013,2026-H55,OPP-0013,OPPL-0013,ACC-003,PRG-005,CFG-CPL-02,PROPOSAL,0.55,BEST_CASE,2025-11-21,15,100500,0,CLOSED_PERIOD
TEN-COOLIT-SYN-001,SITE-COOLIT-SYN-01,CRM,FORECAST_SNAPSHOT,FCST-055-014,OPP-0014,RESOLVED,2025-10-17T18:00:00-06:00,2026-09-26T08:00:00-06:00,2026-06-29T00:00:00-06:00,,1,,false,ACTIVE,,USD,VALID,CURRENT,coolit-synthetic-v2.0.0,CUST-004,PRG-006,CFG-RM-03,SYNTHETIC_INTERNAL,SNP-COOLIT-20260925-BL,SCN-BASELINE,FCST-055-014,2026-H55,OPP-0014,OPPL-0014,ACC-004,PRG-006,CFG-RM-03,PROPOSAL,0.55,BEST_CASE,2025-11-28,19,148200,0,CLOSED_PERIOD
TEN-COOLIT-SYN-001,SITE-COOLIT-SYN-01,CRM,FORECAST_SNAPSHOT,FCST-055-015,OPP-0015,RESOLVED,2025-10-17T18:00:00-06:00,2026-09-26T08:00:00-06:00,2026-06-29T00:00:00-06:00,,1,,false,ACTIVE,,USD,VALID,CURRENT,coolit-synthetic-v2.0.0,CUST-005,PRG-007,CFG-CDU-04,SYNTHETIC_INTERNAL,SNP-COOLIT-20260925-BL,SCN-BASELINE,FCST-055-015,2026-H55,OPP-0015,OPPL-0015,ACC-005,PRG-007,CFG-CDU-04,PROPOSAL,0.55,BEST_CASE,2025-12-05,23,2484000,0,CLOSED_PERIOD
TEN-COOLIT-SYN-001,SITE-COOLIT-SYN-01,CRM,FORECAST_SNAPSHOT,FCST-056-001,OPP-0001,RESOLVED,2025-10-24T18:00:00-06:00,2026-09-26T08:00:00-06:00,2026-06-29T00:00:00-06:00,,1,,false,ACTIVE,,USD,VALID,CURRENT,coolit-synthetic-v2.0.0,CUST-001,PRG-001,CFG-CPL-02,SYNTHETIC_INTERNAL,SNP-COOLIT-20260925-BL,SCN-BASELINE,FCST-056-001,2026-H56,OPP-0001,OPPL-0001,ACC-001,PRG-001,CFG-CPL-02,PROPOSAL,0.55,BEST_CASE,2025-11-25,6,40200,0,CLOSED_PERIOD
TEN-COOLIT-SYN-001,SITE-COOLIT-SYN-01,CRM,FORECAST_SNAPSHOT,FCST-056-002,OPP-0002,RESOLVED,2025-10-24T18:00:00-06:00,2026-09-26T08:00:00-06:00,2026-06-29T00:00:00-06:00,,1,,false,ACTIVE,,USD,VALID,CURRENT,coolit-synthetic-v2.0.0,CUST-002,PRG-002,CFG-RM-03,SYNTHETIC_INTERNAL,SNP-COOLIT-20260925-BL,SCN-BASELINE,FCST-056-002,2026-H56,OPP-0002,OPPL-0002,ACC-002,PRG-002,CFG-RM-03,PROPOSAL,0.55,BEST_CASE,2025-12-02,8,62400,0,CLOSED_PERIOD
TEN-COOLIT-SYN-001,SITE-COOLIT-SYN-01,CRM,FORECAST_SNAPSHOT,FCST-056-003,OPP-0003,RESOLVED,2025-10-24T18:00:00-06:00,2026-09-26T08:00:00-06:00,2026-06-29T00:00:00-06:00,,1,,false,ACTIVE,,USD,VALID,CURRENT,coolit-synthetic-v2.0.0,CUST-003,PRG-003,CFG-CDU-04,SYNTHETIC_INTERNAL,SNP-COOLIT-20260925-BL,SCN-BASELINE,FCST-056-003,2026-H56,OPP-0003,OPPL-0003,ACC-003,PRG-003,CFG-CDU-04,PROPOSAL,0.55,BEST_CASE,2025-12-09,11,1188000,0,CLOSED_PERIOD
TEN-COOLIT-SYN-001,SITE-COOLIT-SYN-01,CRM,FORECAST_SNAPSHOT,FCST-056-004,OPP-0004,RESOLVED,2025-10-24T18:00:00-06:00,2026-09-26T08:00:00-06:00,2026-06-29T00:00:00-06:00,,1,,false,ACTIVE,,USD,VALID,CURRENT,coolit-synthetic-v2.0.0,CUST-004,PRG-004,CFG-RM-01,SYNTHETIC_INTERNAL,SNP-COOLIT-20260925-BL,SCN-BASELINE,FCST-056-004,2026-H56,OPP-0004,OPPL-0004,ACC-004,PRG-004,CFG-RM-01,PROPOSAL,0.55,BEST_CASE,2025-12-16,15,84000,0,CLOSED_PERIOD
TEN-COOLIT-SYN-001,SITE-COOLIT-SYN-01,CRM,FORECAST_SNAPSHOT,FCST-056-005,OPP-0005,RESOLVED,2025-10-24T18:00:00-06:00,2026-09-26T08:00:00-06:00,2026-06-29T00:00:00-06:00,,1,,false,ACTIVE,,USD,VALID,CURRENT,coolit-synthetic-v2.0.0,CUST-005,PRG-005,CFG-CDU-02,SYNTHETIC_INTERNAL,SNP-COOLIT-20260925-BL,SCN-BASELINE,FCST-056-005,2026-H56,OPP-0005,OPPL-0005,ACC-005,PRG-005,CFG-CDU-02,PROPOSAL,0.55,BEST_CASE,2025-12-23,19,1710000,0,CLOSED_PERIOD
TEN-COOLIT-SYN-001,SITE-COOLIT-SYN-01,CRM,FORECAST_SNAPSHOT,FCST-056-006,OPP-0006,RESOLVED,2025-10-24T18:00:00-06:00,2026-09-26T08:00:00-06:00,2026-06-29T00:00:00-06:00,,1,,false,ACTIVE,,USD,VALID,CURRENT,coolit-synthetic-v2.0.0,CUST-006,PRG-006,CFG-CPL-03,SYNTHETIC_INTERNAL,SNP-COOLIT-20260925-BL,SCN-BASELINE,FCST-056-006,2026-H56,OPP-0006,OPPL-0006,ACC-006,PRG-006,CFG-CPL-03,PROPOSAL,0.55,BEST_CASE,2025-12-30,22,171600,0,CLOSED_PERIOD
TEN-COOLIT-SYN-001,SITE-COOLIT-SYN-01,CRM,FORECAST_SNAPSHOT,FCST-056-007,OPP-0007,RESOLVED,2025-10-24T18:00:00-06:00,2026-09-26T08:00:00-06:00,2026-06-29T00:00:00-06:00,,1,,false,ACTIVE,,USD,VALID,CURRENT,coolit-synthetic-v2.0.0,CUST-007,PRG-007,CFG-RM-04,SYNTHETIC_INTERNAL,SNP-COOLIT-20260925-BL,SCN-BASELINE,FCST-056-007,2026-H56,OPP-0007,OPPL-0007,ACC-007,PRG-007,CFG-RM-04,PROPOSAL,0.55,BEST_CASE,2026-01-06,27,240300,0,CLOSED_PERIOD
TEN-COOLIT-SYN-001,SITE-COOLIT-SYN-01,CRM,FORECAST_SNAPSHOT,FCST-056-008,OPP-0008,RESOLVED,2025-10-24T18:00:00-06:00,2026-09-26T08:00:00-06:00,2026-06-29T00:00:00-06:00,,1,,false,ACTIVE,,USD,VALID,CURRENT,coolit-synthetic-v2.0.0,CUST-008,PRG-008,CFG-CPL-01,SYNTHETIC_INTERNAL,SNP-COOLIT-20260925-BL,SCN-BASELINE,FCST-056-008,2026-H56,OPP-0008,OPPL-0008,ACC-008,PRG-008,CFG-CPL-01,PROPOSAL,0.55,BEST_CASE,2026-01-13,31,173600,0,CLOSED_PERIOD
TEN-COOLIT-SYN-001,SITE-COOLIT-SYN-01,CRM,FORECAST_SNAPSHOT,FCST-056-009,OPP-0009,RESOLVED,2025-10-24T18:00:00-06:00,2026-09-26T08:00:00-06:00,2026-06-29T00:00:00-06:00,,1,,false,ACTIVE,,USD,VALID,CURRENT,coolit-synthetic-v2.0.0,CUST-009,PRG-001,CFG-RM-02,SYNTHETIC_INTERNAL,SNP-COOLIT-20260925-BL,SCN-BASELINE,FCST-056-009,2026-H56,OPP-0009,OPPL-0009,ACC-009,PRG-001,CFG-RM-02,PROPOSAL,0.55,BEST_CASE,2026-01-20,29,194300,0,CLOSED_PERIOD
TEN-COOLIT-SYN-001,SITE-COOLIT-SYN-01,CRM,FORECAST_SNAPSHOT,FCST-056-010,OPP-0010,RESOLVED,2025-10-24T18:00:00-06:00,2026-09-26T08:00:00-06:00,2026-06-29T00:00:00-06:00,,1,,false,ACTIVE,,USD,VALID,CURRENT,coolit-synthetic-v2.0.0,CUST-010,PRG-002,CFG-CDU-03,SYNTHETIC_INTERNAL,SNP-COOLIT-20260925-BL,SCN-BASELINE,FCST-056-010,2026-H56,OPP-0010,OPPL-0010,ACC-010,PRG-002,CFG-CDU-03,PROPOSAL,0.55,BEST_CASE,2026-01-27,5,495000,0,CLOSED_PERIOD
TEN-COOLIT-SYN-001,SITE-COOLIT-SYN-01,CRM,FORECAST_SNAPSHOT,FCST-056-011,OPP-0011,RESOLVED,2025-10-24T18:00:00-06:00,2026-09-26T08:00:00-06:00,2026-06-29T00:00:00-06:00,,1,,false,ACTIVE,,USD,VALID,CURRENT,coolit-synthetic-v2.0.0,CUST-001,PRG-003,CFG-CPL-04,SYNTHETIC_INTERNAL,SNP-COOLIT-20260925-BL,SCN-BASELINE,FCST-056-011,2026-H56,OPP-0011,OPPL-0011,ACC-001,PRG-003,CFG-CPL-04,PROPOSAL,0.55,BEST_CASE,2026-02-03,8,71200,0,CLOSED_PERIOD
TEN-COOLIT-SYN-001,SITE-COOLIT-SYN-01,CRM,FORECAST_SNAPSHOT,FCST-056-012,OPP-0012,RESOLVED,2025-10-24T18:00:00-06:00,2026-09-26T08:00:00-06:00,2026-06-29T00:00:00-06:00,,1,,false,ACTIVE,,USD,VALID,CURRENT,coolit-synthetic-v2.0.0,CUST-002,PRG-004,CFG-CDU-01,SYNTHETIC_INTERNAL,SNP-COOLIT-20260925-BL,SCN-BASELINE,FCST-056-012,2026-H56,OPP-0012,OPPL-0012,ACC-002,PRG-004,CFG-CDU-01,PROPOSAL,0.55,BEST_CASE,2026-02-10,12,972000,0,CLOSED_PERIOD
TEN-COOLIT-SYN-001,SITE-COOLIT-SYN-01,CRM,FORECAST_SNAPSHOT,FCST-056-013,OPP-0013,RESOLVED,2025-10-24T18:00:00-06:00,2026-09-26T08:00:00-06:00,2026-06-29T00:00:00-06:00,,1,,false,ACTIVE,,USD,VALID,CURRENT,coolit-synthetic-v2.0.0,CUST-003,PRG-005,CFG-CPL-02,SYNTHETIC_INTERNAL,SNP-COOLIT-20260925-BL,SCN-BASELINE,FCST-056-013,2026-H56,OPP-0013,OPPL-0013,ACC-003,PRG-005,CFG-CPL-02,PROPOSAL,0.55,BEST_CASE,2025-11-25,16,107200,0,CLOSED_PERIOD
TEN-COOLIT-SYN-001,SITE-COOLIT-SYN-01,CRM,FORECAST_SNAPSHOT,FCST-056-014,OPP-0014,RESOLVED,2025-10-24T18:00:00-06:00,2026-09-26T08:00:00-06:00,2026-06-29T00:00:00-06:00,,1,,false,ACTIVE,,USD,VALID,CURRENT,coolit-synthetic-v2.0.0,CUST-004,PRG-006,CFG-RM-03,SYNTHETIC_INTERNAL,SNP-COOLIT-20260925-BL,SCN-BASELINE,FCST-056-014,2026-H56,OPP-0014,OPPL-0014,ACC-004,PRG-006,CFG-RM-03,PROPOSAL,0.55,BEST_CASE,2025-12-02,20,156000,0,CLOSED_PERIOD
TEN-COOLIT-SYN-001,SITE-COOLIT-SYN-01,CRM,FORECAST_SNAPSHOT,FCST-056-015,OPP-0015,RESOLVED,2025-10-24T18:00:00-06:00,2026-09-26T08:00:00-06:00,2026-06-29T00:00:00-06:00,,1,,false,ACTIVE,,USD,VALID,CURRENT,coolit-synthetic-v2.0.0,CUST-005,PRG-007,CFG-CDU-04,SYNTHETIC_INTERNAL,SNP-COOLIT-20260925-BL,SCN-BASELINE,FCST-056-015,2026-H56,OPP-0015,OPPL-0015,ACC-005,PRG-007,CFG-CDU-04,PROPOSAL,0.55,BEST_CASE,2025-12-09,24,2592000,0,CLOSED_PERIOD
TEN-COOLIT-SYN-001,SITE-COOLIT-SYN-01,CRM,FORECAST_SNAPSHOT,FCST-057-001,OPP-0001,RESOLVED,2025-10-31T18:00:00-06:00,2026-09-26T08:00:00-06:00,2026-06-29T00:00:00-06:00,,1,,false,ACTIVE,,USD,VALID,CURRENT,coolit-synthetic-v2.0.0,CUST-001,PRG-001,CFG-CPL-02,SYNTHETIC_INTERNAL,SNP-COOLIT-20260925-BL,SCN-BASELINE,FCST-057-001,2026-H57,OPP-0001,OPPL-0001,ACC-001,PRG-001,CFG-CPL-02,PROPOSAL,0.55,BEST_CASE,2025-11-29,5,33500,0,CLOSED_PERIOD
TEN-COOLIT-SYN-001,SITE-COOLIT-SYN-01,CRM,FORECAST_SNAPSHOT,FCST-057-002,OPP-0002,RESOLVED,2025-10-31T18:00:00-06:00,2026-09-26T08:00:00-06:00,2026-06-29T00:00:00-06:00,,1,,false,ACTIVE,,USD,VALID,CURRENT,coolit-synthetic-v2.0.0,CUST-002,PRG-002,CFG-RM-03,SYNTHETIC_INTERNAL,SNP-COOLIT-20260925-BL,SCN-BASELINE,FCST-057-002,2026-H57,OPP-0002,OPPL-0002,ACC-002,PRG-002,CFG-RM-03,PROPOSAL,0.55,BEST_CASE,2025-12-06,8,62400,0,CLOSED_PERIOD
TEN-COOLIT-SYN-001,SITE-COOLIT-SYN-01,CRM,FORECAST_SNAPSHOT,FCST-057-003,OPP-0003,RESOLVED,2025-10-31T18:00:00-06:00,2026-09-26T08:00:00-06:00,2026-06-29T00:00:00-06:00,,1,,false,ACTIVE,,USD,VALID,CURRENT,coolit-synthetic-v2.0.0,CUST-003,PRG-003,CFG-CDU-04,SYNTHETIC_INTERNAL,SNP-COOLIT-20260925-BL,SCN-BASELINE,FCST-057-003,2026-H57,OPP-0003,OPPL-0003,ACC-003,PRG-003,CFG-CDU-04,PROPOSAL,0.55,BEST_CASE,2025-12-13,12,1296000,0,CLOSED_PERIOD
TEN-COOLIT-SYN-001,SITE-COOLIT-SYN-01,CRM,FORECAST_SNAPSHOT,FCST-057-004,OPP-0004,RESOLVED,2025-10-31T18:00:00-06:00,2026-09-26T08:00:00-06:00,2026-06-29T00:00:00-06:00,,1,,false,ACTIVE,,USD,VALID,CURRENT,coolit-synthetic-v2.0.0,CUST-004,PRG-004,CFG-RM-01,SYNTHETIC_INTERNAL,SNP-COOLIT-20260925-BL,SCN-BASELINE,FCST-057-004,2026-H57,OPP-0004,OPPL-0004,ACC-004,PRG-004,CFG-RM-01,PROPOSAL,0.55,BEST_CASE,2025-12-20,15,84000,0,CLOSED_PERIOD
TEN-COOLIT-SYN-001,SITE-COOLIT-SYN-01,CRM,FORECAST_SNAPSHOT,FCST-057-005,OPP-0005,RESOLVED,2025-10-31T18:00:00-06:00,2026-09-26T08:00:00-06:00,2026-06-29T00:00:00-06:00,,1,,false,ACTIVE,,USD,VALID,CURRENT,coolit-synthetic-v2.0.0,CUST-005,PRG-005,CFG-CDU-02,SYNTHETIC_INTERNAL,SNP-COOLIT-20260925-BL,SCN-BASELINE,FCST-057-005,2026-H57,OPP-0005,OPPL-0005,ACC-005,PRG-005,CFG-CDU-02,PROPOSAL,0.55,BEST_CASE,2025-12-27,19,1710000,0,CLOSED_PERIOD
TEN-COOLIT-SYN-001,SITE-COOLIT-SYN-01,CRM,FORECAST_SNAPSHOT,FCST-057-006,OPP-0006,RESOLVED,2025-10-31T18:00:00-06:00,2026-09-26T08:00:00-06:00,2026-06-29T00:00:00-06:00,,1,,false,ACTIVE,,USD,VALID,CURRENT,coolit-synthetic-v2.0.0,CUST-006,PRG-006,CFG-CPL-03,SYNTHETIC_INTERNAL,SNP-COOLIT-20260925-BL,SCN-BASELINE,FCST-057-006,2026-H57,OPP-0006,OPPL-0006,ACC-006,PRG-006,CFG-CPL-03,PROPOSAL,0.55,BEST_CASE,2026-01-03,23,179400,0,CLOSED_PERIOD
TEN-COOLIT-SYN-001,SITE-COOLIT-SYN-01,CRM,FORECAST_SNAPSHOT,FCST-057-007,OPP-0007,RESOLVED,2025-10-31T18:00:00-06:00,2026-09-26T08:00:00-06:00,2026-06-29T00:00:00-06:00,,1,,false,ACTIVE,,USD,VALID,CURRENT,coolit-synthetic-v2.0.0,CUST-007,PRG-007,CFG-RM-04,SYNTHETIC_INTERNAL,SNP-COOLIT-20260925-BL,SCN-BASELINE,FCST-057-007,2026-H57,OPP-0007,OPPL-0007,ACC-007,PRG-007,CFG-RM-04,PROPOSAL,0.55,BEST_CASE,2026-01-10,27,240300,0,CLOSED_PERIOD
TEN-COOLIT-SYN-001,SITE-COOLIT-SYN-01,CRM,FORECAST_SNAPSHOT,FCST-057-008,OPP-0008,RESOLVED,2025-10-31T18:00:00-06:00,2026-09-26T08:00:00-06:00,2026-06-29T00:00:00-06:00,,1,,false,ACTIVE,,USD,VALID,CURRENT,coolit-synthetic-v2.0.0,CUST-008,PRG-008,CFG-CPL-01,SYNTHETIC_INTERNAL,SNP-COOLIT-20260925-BL,SCN-BASELINE,FCST-057-008,2026-H57,OPP-0008,OPPL-0008,ACC-008,PRG-008,CFG-CPL-01,PROPOSAL,0.55,BEST_CASE,2026-01-17,26,145600,0,CLOSED_PERIOD
TEN-COOLIT-SYN-001,SITE-COOLIT-SYN-01,CRM,FORECAST_SNAPSHOT,FCST-057-009,OPP-0009,RESOLVED,2025-10-31T18:00:00-06:00,2026-09-26T08:00:00-06:00,2026-06-29T00:00:00-06:00,,1,,false,ACTIVE,,USD,VALID,CURRENT,coolit-synthetic-v2.0.0,CUST-009,PRG-001,CFG-RM-02,SYNTHETIC_INTERNAL,SNP-COOLIT-20260925-BL,SCN-BASELINE,FCST-057-009,2026-H57,OPP-0009,OPPL-0009,ACC-009,PRG-001,CFG-RM-02,PROPOSAL,0.55,BEST_CASE,2026-01-24,30,201000,0,CLOSED_PERIOD
TEN-COOLIT-SYN-001,SITE-COOLIT-SYN-01,CRM,FORECAST_SNAPSHOT,FCST-057-010,OPP-0010,RESOLVED,2025-10-31T18:00:00-06:00,2026-09-26T08:00:00-06:00,2026-06-29T00:00:00-06:00,,1,,false,ACTIVE,,USD,VALID,CURRENT,coolit-synthetic-v2.0.0,CUST-010,PRG-002,CFG-CDU-03,SYNTHETIC_INTERNAL,SNP-COOLIT-20260925-BL,SCN-BASELINE,FCST-057-010,2026-H57,OPP-0010,OPPL-0010,ACC-010,PRG-002,CFG-CDU-03,PROPOSAL,0.55,BEST_CASE,2026-01-31,5,495000,0,CLOSED_PERIOD
TEN-COOLIT-SYN-001,SITE-COOLIT-SYN-01,CRM,FORECAST_SNAPSHOT,FCST-057-011,OPP-0011,RESOLVED,2025-10-31T18:00:00-06:00,2026-09-26T08:00:00-06:00,2026-06-29T00:00:00-06:00,,1,,false,ACTIVE,,USD,VALID,CURRENT,coolit-synthetic-v2.0.0,CUST-001,PRG-003,CFG-CPL-04,SYNTHETIC_INTERNAL,SNP-COOLIT-20260925-BL,SCN-BASELINE,FCST-057-011,2026-H57,OPP-0011,OPPL-0011,ACC-001,PRG-003,CFG-CPL-04,PROPOSAL,0.55,BEST_CASE,2026-02-07,9,80100,0,CLOSED_PERIOD
TEN-COOLIT-SYN-001,SITE-COOLIT-SYN-01,CRM,FORECAST_SNAPSHOT,FCST-057-012,OPP-0012,RESOLVED,2025-10-31T18:00:00-06:00,2026-09-26T08:00:00-06:00,2026-06-29T00:00:00-06:00,,1,,false,ACTIVE,,USD,VALID,CURRENT,coolit-synthetic-v2.0.0,CUST-002,PRG-004,CFG-CDU-01,SYNTHETIC_INTERNAL,SNP-COOLIT-20260925-BL,SCN-BASELINE,FCST-057-012,2026-H57,OPP-0012,OPPL-0012,ACC-002,PRG-004,CFG-CDU-01,PROPOSAL,0.55,BEST_CASE,2026-02-14,12,972000,0,CLOSED_PERIOD
TEN-COOLIT-SYN-001,SITE-COOLIT-SYN-01,CRM,FORECAST_SNAPSHOT,FCST-057-013,OPP-0013,RESOLVED,2025-10-31T18:00:00-06:00,2026-09-26T08:00:00-06:00,2026-06-29T00:00:00-06:00,,1,,false,ACTIVE,,USD,VALID,CURRENT,coolit-synthetic-v2.0.0,CUST-003,PRG-005,CFG-CPL-02,SYNTHETIC_INTERNAL,SNP-COOLIT-20260925-BL,SCN-BASELINE,FCST-057-013,2026-H57,OPP-0013,OPPL-0013,ACC-003,PRG-005,CFG-CPL-02,PROPOSAL,0.55,BEST_CASE,2025-11-29,16,107200,0,CLOSED_PERIOD
TEN-COOLIT-SYN-001,SITE-COOLIT-SYN-01,CRM,FORECAST_SNAPSHOT,FCST-057-014,OPP-0014,RESOLVED,2025-10-31T18:00:00-06:00,2026-09-26T08:00:00-06:00,2026-06-29T00:00:00-06:00,,1,,false,ACTIVE,,USD,VALID,CURRENT,coolit-synthetic-v2.0.0,CUST-004,PRG-006,CFG-RM-03,SYNTHETIC_INTERNAL,SNP-COOLIT-20260925-BL,SCN-BASELINE,FCST-057-014,2026-H57,OPP-0014,OPPL-0014,ACC-004,PRG-006,CFG-RM-03,PROPOSAL,0.55,BEST_CASE,2025-12-06,20,156000,0,CLOSED_PERIOD
TEN-COOLIT-SYN-001,SITE-COOLIT-SYN-01,CRM,FORECAST_SNAPSHOT,FCST-057-015,OPP-0015,RESOLVED,2025-10-31T18:00:00-06:00,2026-09-26T08:00:00-06:00,2026-06-29T00:00:00-06:00,,1,,false,ACTIVE,,USD,VALID,CURRENT,coolit-synthetic-v2.0.0,CUST-005,PRG-007,CFG-CDU-04,SYNTHETIC_INTERNAL,SNP-COOLIT-20260925-BL,SCN-BASELINE,FCST-057-015,2026-H57,OPP-0015,OPPL-0015,ACC-005,PRG-007,CFG-CDU-04,PROPOSAL,0.55,BEST_CASE,2025-12-13,20,2160000,0,CLOSED_PERIOD
TEN-COOLIT-SYN-001,SITE-COOLIT-SYN-01,CRM,FORECAST_SNAPSHOT,FCST-058-001,OPP-0001,RESOLVED,2025-11-07T18:00:00-06:00,2026-09-26T08:00:00-06:00,2026-06-29T00:00:00-06:00,,1,,false,ACTIVE,,USD,VALID,CURRENT,coolit-synthetic-v2.0.0,CUST-001,PRG-001,CFG-CPL-02,SYNTHETIC_INTERNAL,SNP-COOLIT-20260925-BL,SCN-BASELINE,FCST-058-001,2026-H58,OPP-0001,OPPL-0001,ACC-001,PRG-001,CFG-CPL-02,PROPOSAL,0.55,BEST_CASE,2025-12-03,5,33500,0,CLOSED_PERIOD
TEN-COOLIT-SYN-001,SITE-COOLIT-SYN-01,CRM,FORECAST_SNAPSHOT,FCST-058-002,OPP-0002,RESOLVED,2025-11-07T18:00:00-06:00,2026-09-26T08:00:00-06:00,2026-06-29T00:00:00-06:00,,1,,false,ACTIVE,,USD,VALID,CURRENT,coolit-synthetic-v2.0.0,CUST-002,PRG-002,CFG-RM-03,SYNTHETIC_INTERNAL,SNP-COOLIT-20260925-BL,SCN-BASELINE,FCST-058-002,2026-H58,OPP-0002,OPPL-0002,ACC-002,PRG-002,CFG-RM-03,PROPOSAL,0.55,BEST_CASE,2025-12-10,8,62400,0,CLOSED_PERIOD
TEN-COOLIT-SYN-001,SITE-COOLIT-SYN-01,CRM,FORECAST_SNAPSHOT,FCST-058-003,OPP-0003,RESOLVED,2025-11-07T18:00:00-06:00,2026-09-26T08:00:00-06:00,2026-06-29T00:00:00-06:00,,1,,false,ACTIVE,,USD,VALID,CURRENT,coolit-synthetic-v2.0.0,CUST-003,PRG-003,CFG-CDU-04,SYNTHETIC_INTERNAL,SNP-COOLIT-20260925-BL,SCN-BASELINE,FCST-058-003,2026-H58,OPP-0003,OPPL-0003,ACC-003,PRG-003,CFG-CDU-04,PROPOSAL,0.55,BEST_CASE,2025-12-17,12,1296000,0,CLOSED_PERIOD
TEN-COOLIT-SYN-001,SITE-COOLIT-SYN-01,CRM,FORECAST_SNAPSHOT,FCST-058-004,OPP-0004,RESOLVED,2025-11-07T18:00:00-06:00,2026-09-26T08:00:00-06:00,2026-06-29T00:00:00-06:00,,1,,false,ACTIVE,,USD,VALID,CURRENT,coolit-synthetic-v2.0.0,CUST-004,PRG-004,CFG-RM-01,SYNTHETIC_INTERNAL,SNP-COOLIT-20260925-BL,SCN-BASELINE,FCST-058-004,2026-H58,OPP-0004,OPPL-0004,ACC-004,PRG-004,CFG-RM-01,PROPOSAL,0.55,BEST_CASE,2025-12-24,16,89600,0,CLOSED_PERIOD
TEN-COOLIT-SYN-001,SITE-COOLIT-SYN-01,CRM,FORECAST_SNAPSHOT,FCST-058-005,OPP-0005,RESOLVED,2025-11-07T18:00:00-06:00,2026-09-26T08:00:00-06:00,2026-06-29T00:00:00-06:00,,1,,false,ACTIVE,,USD,VALID,CURRENT,coolit-synthetic-v2.0.0,CUST-005,PRG-005,CFG-CDU-02,SYNTHETIC_INTERNAL,SNP-COOLIT-20260925-BL,SCN-BASELINE,FCST-058-005,2026-H58,OPP-0005,OPPL-0005,ACC-005,PRG-005,CFG-CDU-02,PROPOSAL,0.55,BEST_CASE,2025-12-31,20,1800000,0,CLOSED_PERIOD
TEN-COOLIT-SYN-001,SITE-COOLIT-SYN-01,CRM,FORECAST_SNAPSHOT,FCST-058-006,OPP-0006,RESOLVED,2025-11-07T18:00:00-06:00,2026-09-26T08:00:00-06:00,2026-06-29T00:00:00-06:00,,1,,false,ACTIVE,,USD,VALID,CURRENT,coolit-synthetic-v2.0.0,CUST-006,PRG-006,CFG-CPL-03,SYNTHETIC_INTERNAL,SNP-COOLIT-20260925-BL,SCN-BASELINE,FCST-058-006,2026-H58,OPP-0006,OPPL-0006,ACC-006,PRG-006,CFG-CPL-03,PROPOSAL,0.55,BEST_CASE,2026-01-07,24,187200,0,CLOSED_PERIOD
TEN-COOLIT-SYN-001,SITE-COOLIT-SYN-01,CRM,FORECAST_SNAPSHOT,FCST-058-007,OPP-0007,RESOLVED,2025-11-07T18:00:00-06:00,2026-09-26T08:00:00-06:00,2026-06-29T00:00:00-06:00,,1,,false,ACTIVE,,USD,VALID,CURRENT,coolit-synthetic-v2.0.0,CUST-007,PRG-007,CFG-RM-04,SYNTHETIC_INTERNAL,SNP-COOLIT-20260925-BL,SCN-BASELINE,FCST-058-007,2026-H58,OPP-0007,OPPL-0007,ACC-007,PRG-007,CFG-RM-04,PROPOSAL,0.55,BEST_CASE,2026-01-14,23,204700,0,CLOSED_PERIOD
TEN-COOLIT-SYN-001,SITE-COOLIT-SYN-01,CRM,FORECAST_SNAPSHOT,FCST-058-008,OPP-0008,RESOLVED,2025-11-07T18:00:00-06:00,2026-09-26T08:00:00-06:00,2026-06-29T00:00:00-06:00,,1,,false,ACTIVE,,USD,VALID,CURRENT,coolit-synthetic-v2.0.0,CUST-008,PRG-008,CFG-CPL-01,SYNTHETIC_INTERNAL,SNP-COOLIT-20260925-BL,SCN-BASELINE,FCST-058-008,2026-H58,OPP-0008,OPPL-0008,ACC-008,PRG-008,CFG-CPL-01,PROPOSAL,0.55,BEST_CASE,2026-01-21,27,151200,0,CLOSED_PERIOD
TEN-COOLIT-SYN-001,SITE-COOLIT-SYN-01,CRM,FORECAST_SNAPSHOT,FCST-058-009,OPP-0009,RESOLVED,2025-11-07T18:00:00-06:00,2026-09-26T08:00:00-06:00,2026-06-29T00:00:00-06:00,,1,,false,ACTIVE,,USD,VALID,CURRENT,coolit-synthetic-v2.0.0,CUST-009,PRG-001,CFG-RM-02,SYNTHETIC_INTERNAL,SNP-COOLIT-20260925-BL,SCN-BASELINE,FCST-058-009,2026-H58,OPP-0009,OPPL-0009,ACC-009,PRG-001,CFG-RM-02,PROPOSAL,0.55,BEST_CASE,2026-01-28,31,207700,0,CLOSED_PERIOD
TEN-COOLIT-SYN-001,SITE-COOLIT-SYN-01,CRM,FORECAST_SNAPSHOT,FCST-058-010,OPP-0010,RESOLVED,2025-11-07T18:00:00-06:00,2026-09-26T08:00:00-06:00,2026-06-29T00:00:00-06:00,,1,,false,ACTIVE,,USD,VALID,CURRENT,coolit-synthetic-v2.0.0,CUST-010,PRG-002,CFG-CDU-03,SYNTHETIC_INTERNAL,SNP-COOLIT-20260925-BL,SCN-BASELINE,FCST-058-010,2026-H58,OPP-0010,OPPL-0010,ACC-010,PRG-002,CFG-CDU-03,PROPOSAL,0.55,BEST_CASE,2026-02-04,5,495000,0,CLOSED_PERIOD
TEN-COOLIT-SYN-001,SITE-COOLIT-SYN-01,CRM,FORECAST_SNAPSHOT,FCST-058-011,OPP-0011,RESOLVED,2025-11-07T18:00:00-06:00,2026-09-26T08:00:00-06:00,2026-06-29T00:00:00-06:00,,1,,false,ACTIVE,,USD,VALID,CURRENT,coolit-synthetic-v2.0.0,CUST-001,PRG-003,CFG-CPL-04,SYNTHETIC_INTERNAL,SNP-COOLIT-20260925-BL,SCN-BASELINE,FCST-058-011,2026-H58,OPP-0011,OPPL-0011,ACC-001,PRG-003,CFG-CPL-04,PROPOSAL,0.55,BEST_CASE,2026-02-11,9,80100,0,CLOSED_PERIOD
TEN-COOLIT-SYN-001,SITE-COOLIT-SYN-01,CRM,FORECAST_SNAPSHOT,FCST-058-012,OPP-0012,RESOLVED,2025-11-07T18:00:00-06:00,2026-09-26T08:00:00-06:00,2026-06-29T00:00:00-06:00,,1,,false,ACTIVE,,USD,VALID,CURRENT,coolit-synthetic-v2.0.0,CUST-002,PRG-004,CFG-CDU-01,SYNTHETIC_INTERNAL,SNP-COOLIT-20260925-BL,SCN-BASELINE,FCST-058-012,2026-H58,OPP-0012,OPPL-0012,ACC-002,PRG-004,CFG-CDU-01,PROPOSAL,0.55,BEST_CASE,2026-02-18,13,1053000,0,CLOSED_PERIOD
TEN-COOLIT-SYN-001,SITE-COOLIT-SYN-01,CRM,FORECAST_SNAPSHOT,FCST-058-013,OPP-0013,RESOLVED,2025-11-07T18:00:00-06:00,2026-09-26T08:00:00-06:00,2026-06-29T00:00:00-06:00,,1,,false,ACTIVE,,USD,VALID,CURRENT,coolit-synthetic-v2.0.0,CUST-003,PRG-005,CFG-CPL-02,SYNTHETIC_INTERNAL,SNP-COOLIT-20260925-BL,SCN-BASELINE,FCST-058-013,2026-H58,OPP-0013,OPPL-0013,ACC-003,PRG-005,CFG-CPL-02,PROPOSAL,0.55,BEST_CASE,2025-12-03,17,113900,0,CLOSED_PERIOD
TEN-COOLIT-SYN-001,SITE-COOLIT-SYN-01,CRM,FORECAST_SNAPSHOT,FCST-058-014,OPP-0014,RESOLVED,2025-11-07T18:00:00-06:00,2026-09-26T08:00:00-06:00,2026-06-29T00:00:00-06:00,,1,,false,ACTIVE,,USD,VALID,CURRENT,coolit-synthetic-v2.0.0,CUST-004,PRG-006,CFG-RM-03,SYNTHETIC_INTERNAL,SNP-COOLIT-20260925-BL,SCN-BASELINE,FCST-058-014,2026-H58,OPP-0014,OPPL-0014,ACC-004,PRG-006,CFG-RM-03,PROPOSAL,0.55,BEST_CASE,2025-12-10,17,132600,0,CLOSED_PERIOD
TEN-COOLIT-SYN-001,SITE-COOLIT-SYN-01,CRM,FORECAST_SNAPSHOT,FCST-058-015,OPP-0015,RESOLVED,2025-11-07T18:00:00-06:00,2026-09-26T08:00:00-06:00,2026-06-29T00:00:00-06:00,,1,,false,ACTIVE,,USD,VALID,CURRENT,coolit-synthetic-v2.0.0,CUST-005,PRG-007,CFG-CDU-04,SYNTHETIC_INTERNAL,SNP-COOLIT-20260925-BL,SCN-BASELINE,FCST-058-015,2026-H58,OPP-0015,OPPL-0015,ACC-005,PRG-007,CFG-CDU-04,PROPOSAL,0.55,BEST_CASE,2025-12-17,20,2160000,0,CLOSED_PERIOD
TEN-COOLIT-SYN-001,SITE-COOLIT-SYN-01,CRM,FORECAST_SNAPSHOT,FCST-059-001,OPP-0001,RESOLVED,2025-11-14T18:00:00-06:00,2026-09-26T08:00:00-06:00,2026-06-29T00:00:00-06:00,,1,,false,ACTIVE,,USD,VALID,CURRENT,coolit-synthetic-v2.0.0,CUST-001,PRG-001,CFG-CPL-02,SYNTHETIC_INTERNAL,SNP-COOLIT-20260925-BL,SCN-BASELINE,FCST-059-001,2026-H59,OPP-0001,OPPL-0001,ACC-001,PRG-001,CFG-CPL-02,PROPOSAL,0.55,BEST_CASE,2025-12-07,5,33500,0,CLOSED_PERIOD
TEN-COOLIT-SYN-001,SITE-COOLIT-SYN-01,CRM,FORECAST_SNAPSHOT,FCST-059-002,OPP-0002,RESOLVED,2025-11-14T18:00:00-06:00,2026-09-26T08:00:00-06:00,2026-06-29T00:00:00-06:00,,1,,false,ACTIVE,,USD,VALID,CURRENT,coolit-synthetic-v2.0.0,CUST-002,PRG-002,CFG-RM-03,SYNTHETIC_INTERNAL,SNP-COOLIT-20260925-BL,SCN-BASELINE,FCST-059-002,2026-H59,OPP-0002,OPPL-0002,ACC-002,PRG-002,CFG-RM-03,PROPOSAL,0.55,BEST_CASE,2025-12-14,9,70200,0,CLOSED_PERIOD
TEN-COOLIT-SYN-001,SITE-COOLIT-SYN-01,CRM,FORECAST_SNAPSHOT,FCST-059-003,OPP-0003,RESOLVED,2025-11-14T18:00:00-06:00,2026-09-26T08:00:00-06:00,2026-06-29T00:00:00-06:00,,1,,false,ACTIVE,,USD,VALID,CURRENT,coolit-synthetic-v2.0.0,CUST-003,PRG-003,CFG-CDU-04,SYNTHETIC_INTERNAL,SNP-COOLIT-20260925-BL,SCN-BASELINE,FCST-059-003,2026-H59,OPP-0003,OPPL-0003,ACC-003,PRG-003,CFG-CDU-04,PROPOSAL,0.55,BEST_CASE,2025-12-21,12,1296000,0,CLOSED_PERIOD
TEN-COOLIT-SYN-001,SITE-COOLIT-SYN-01,CRM,FORECAST_SNAPSHOT,FCST-059-004,OPP-0004,RESOLVED,2025-11-14T18:00:00-06:00,2026-09-26T08:00:00-06:00,2026-06-29T00:00:00-06:00,,1,,false,ACTIVE,,USD,VALID,CURRENT,coolit-synthetic-v2.0.0,CUST-004,PRG-004,CFG-RM-01,SYNTHETIC_INTERNAL,SNP-COOLIT-20260925-BL,SCN-BASELINE,FCST-059-004,2026-H59,OPP-0004,OPPL-0004,ACC-004,PRG-004,CFG-RM-01,PROPOSAL,0.55,BEST_CASE,2025-12-28,16,89600,0,CLOSED_PERIOD
TEN-COOLIT-SYN-001,SITE-COOLIT-SYN-01,CRM,FORECAST_SNAPSHOT,FCST-059-005,OPP-0005,RESOLVED,2025-11-14T18:00:00-06:00,2026-09-26T08:00:00-06:00,2026-06-29T00:00:00-06:00,,1,,false,ACTIVE,,USD,VALID,CURRENT,coolit-synthetic-v2.0.0,CUST-005,PRG-005,CFG-CDU-02,SYNTHETIC_INTERNAL,SNP-COOLIT-20260925-BL,SCN-BASELINE,FCST-059-005,2026-H59,OPP-0005,OPPL-0005,ACC-005,PRG-005,CFG-CDU-02,PROPOSAL,0.55,BEST_CASE,2026-01-04,20,1800000,0,CLOSED_PERIOD
TEN-COOLIT-SYN-001,SITE-COOLIT-SYN-01,CRM,FORECAST_SNAPSHOT,FCST-059-006,OPP-0006,RESOLVED,2025-11-14T18:00:00-06:00,2026-09-26T08:00:00-06:00,2026-06-29T00:00:00-06:00,,1,,false,ACTIVE,,USD,VALID,CURRENT,coolit-synthetic-v2.0.0,CUST-006,PRG-006,CFG-CPL-03,SYNTHETIC_INTERNAL,SNP-COOLIT-20260925-BL,SCN-BASELINE,FCST-059-006,2026-H59,OPP-0006,OPPL-0006,ACC-006,PRG-006,CFG-CPL-03,PROPOSAL,0.55,BEST_CASE,2026-01-11,20,156000,0,CLOSED_PERIOD
TEN-COOLIT-SYN-001,SITE-COOLIT-SYN-01,CRM,FORECAST_SNAPSHOT,FCST-059-007,OPP-0007,RESOLVED,2025-11-14T18:00:00-06:00,2026-09-26T08:00:00-06:00,2026-06-29T00:00:00-06:00,,1,,false,ACTIVE,,USD,VALID,CURRENT,coolit-synthetic-v2.0.0,CUST-007,PRG-007,CFG-RM-04,SYNTHETIC_INTERNAL,SNP-COOLIT-20260925-BL,SCN-BASELINE,FCST-059-007,2026-H59,OPP-0007,OPPL-0007,ACC-007,PRG-007,CFG-RM-04,PROPOSAL,0.55,BEST_CASE,2026-01-18,24,213600,0,CLOSED_PERIOD
TEN-COOLIT-SYN-001,SITE-COOLIT-SYN-01,CRM,FORECAST_SNAPSHOT,FCST-059-008,OPP-0008,RESOLVED,2025-11-14T18:00:00-06:00,2026-09-26T08:00:00-06:00,2026-06-29T00:00:00-06:00,,1,,false,ACTIVE,,USD,VALID,CURRENT,coolit-synthetic-v2.0.0,CUST-008,PRG-008,CFG-CPL-01,SYNTHETIC_INTERNAL,SNP-COOLIT-20260925-BL,SCN-BASELINE,FCST-059-008,2026-H59,OPP-0008,OPPL-0008,ACC-008,PRG-008,CFG-CPL-01,PROPOSAL,0.55,BEST_CASE,2026-01-25,27,151200,0,CLOSED_PERIOD
TEN-COOLIT-SYN-001,SITE-COOLIT-SYN-01,CRM,FORECAST_SNAPSHOT,FCST-059-009,OPP-0009,RESOLVED,2025-11-14T18:00:00-06:00,2026-09-26T08:00:00-06:00,2026-06-29T00:00:00-06:00,,1,,false,ACTIVE,,USD,VALID,CURRENT,coolit-synthetic-v2.0.0,CUST-009,PRG-001,CFG-RM-02,SYNTHETIC_INTERNAL,SNP-COOLIT-20260925-BL,SCN-BASELINE,FCST-059-009,2026-H59,OPP-0009,OPPL-0009,ACC-009,PRG-001,CFG-RM-02,PROPOSAL,0.55,BEST_CASE,2026-02-01,32,214400,0,CLOSED_PERIOD
TEN-COOLIT-SYN-001,SITE-COOLIT-SYN-01,CRM,FORECAST_SNAPSHOT,FCST-059-010,OPP-0010,RESOLVED,2025-11-14T18:00:00-06:00,2026-09-26T08:00:00-06:00,2026-06-29T00:00:00-06:00,,1,,false,ACTIVE,,USD,VALID,CURRENT,coolit-synthetic-v2.0.0,CUST-010,PRG-002,CFG-CDU-03,SYNTHETIC_INTERNAL,SNP-COOLIT-20260925-BL,SCN-BASELINE,FCST-059-010,2026-H59,OPP-0010,OPPL-0010,ACC-010,PRG-002,CFG-CDU-03,PROPOSAL,0.55,BEST_CASE,2026-02-08,6,594000,0,CLOSED_PERIOD
TEN-COOLIT-SYN-001,SITE-COOLIT-SYN-01,CRM,FORECAST_SNAPSHOT,FCST-059-011,OPP-0011,RESOLVED,2025-11-14T18:00:00-06:00,2026-09-26T08:00:00-06:00,2026-06-29T00:00:00-06:00,,1,,false,ACTIVE,,USD,VALID,CURRENT,coolit-synthetic-v2.0.0,CUST-001,PRG-003,CFG-CPL-04,SYNTHETIC_INTERNAL,SNP-COOLIT-20260925-BL,SCN-BASELINE,FCST-059-011,2026-H59,OPP-0011,OPPL-0011,ACC-001,PRG-003,CFG-CPL-04,PROPOSAL,0.55,BEST_CASE,2026-02-15,9,80100,0,CLOSED_PERIOD
TEN-COOLIT-SYN-001,SITE-COOLIT-SYN-01,CRM,FORECAST_SNAPSHOT,FCST-059-012,OPP-0012,RESOLVED,2025-11-14T18:00:00-06:00,2026-09-26T08:00:00-06:00,2026-06-29T00:00:00-06:00,,1,,false,ACTIVE,,USD,VALID,CURRENT,coolit-synthetic-v2.0.0,CUST-002,PRG-004,CFG-CDU-01,SYNTHETIC_INTERNAL,SNP-COOLIT-20260925-BL,SCN-BASELINE,FCST-059-012,2026-H59,OPP-0012,OPPL-0012,ACC-002,PRG-004,CFG-CDU-01,PROPOSAL,0.55,BEST_CASE,2026-02-22,13,1053000,0,CLOSED_PERIOD
TEN-COOLIT-SYN-001,SITE-COOLIT-SYN-01,CRM,FORECAST_SNAPSHOT,FCST-059-013,OPP-0013,RESOLVED,2025-11-14T18:00:00-06:00,2026-09-26T08:00:00-06:00,2026-06-29T00:00:00-06:00,,1,,false,ACTIVE,,USD,VALID,CURRENT,coolit-synthetic-v2.0.0,CUST-003,PRG-005,CFG-CPL-02,SYNTHETIC_INTERNAL,SNP-COOLIT-20260925-BL,SCN-BASELINE,FCST-059-013,2026-H59,OPP-0013,OPPL-0013,ACC-003,PRG-005,CFG-CPL-02,PROPOSAL,0.55,BEST_CASE,2025-12-07,14,93800,0,CLOSED_PERIOD
TEN-COOLIT-SYN-001,SITE-COOLIT-SYN-01,CRM,FORECAST_SNAPSHOT,FCST-059-014,OPP-0014,RESOLVED,2025-11-14T18:00:00-06:00,2026-09-26T08:00:00-06:00,2026-06-29T00:00:00-06:00,,1,,false,ACTIVE,,USD,VALID,CURRENT,coolit-synthetic-v2.0.0,CUST-004,PRG-006,CFG-RM-03,SYNTHETIC_INTERNAL,SNP-COOLIT-20260925-BL,SCN-BASELINE,FCST-059-014,2026-H59,OPP-0014,OPPL-0014,ACC-004,PRG-006,CFG-RM-03,PROPOSAL,0.55,BEST_CASE,2025-12-14,17,132600,0,CLOSED_PERIOD
TEN-COOLIT-SYN-001,SITE-COOLIT-SYN-01,CRM,FORECAST_SNAPSHOT,FCST-059-015,OPP-0015,RESOLVED,2025-11-14T18:00:00-06:00,2026-09-26T08:00:00-06:00,2026-06-29T00:00:00-06:00,,1,,false,ACTIVE,,USD,VALID,CURRENT,coolit-synthetic-v2.0.0,CUST-005,PRG-007,CFG-CDU-04,SYNTHETIC_INTERNAL,SNP-COOLIT-20260925-BL,SCN-BASELINE,FCST-059-015,2026-H59,OPP-0015,OPPL-0015,ACC-005,PRG-007,CFG-CDU-04,PROPOSAL,0.55,BEST_CASE,2025-12-21,21,2268000,0,CLOSED_PERIOD
TEN-COOLIT-SYN-001,SITE-COOLIT-SYN-01,CRM,FORECAST_SNAPSHOT,FCST-060-001,OPP-0001,RESOLVED,2025-11-21T18:00:00-06:00,2026-09-26T08:00:00-06:00,2026-06-29T00:00:00-06:00,,1,,false,ACTIVE,,USD,VALID,CURRENT,coolit-synthetic-v2.0.0,CUST-001,PRG-001,CFG-CPL-02,SYNTHETIC_INTERNAL,SNP-COOLIT-20260925-BL,SCN-BASELINE,FCST-060-001,2026-H60,OPP-0001,OPPL-0001,ACC-001,PRG-001,CFG-CPL-02,PROPOSAL,0.55,BEST_CASE,2025-12-11,5,33500,0,CLOSED_PERIOD
TEN-COOLIT-SYN-001,SITE-COOLIT-SYN-01,CRM,FORECAST_SNAPSHOT,FCST-060-002,OPP-0002,RESOLVED,2025-11-21T18:00:00-06:00,2026-09-26T08:00:00-06:00,2026-06-29T00:00:00-06:00,,1,,false,ACTIVE,,USD,VALID,CURRENT,coolit-synthetic-v2.0.0,CUST-002,PRG-002,CFG-RM-03,SYNTHETIC_INTERNAL,SNP-COOLIT-20260925-BL,SCN-BASELINE,FCST-060-002,2026-H60,OPP-0002,OPPL-0002,ACC-002,PRG-002,CFG-RM-03,PROPOSAL,0.55,BEST_CASE,2025-12-18,9,70200,0,CLOSED_PERIOD
TEN-COOLIT-SYN-001,SITE-COOLIT-SYN-01,CRM,FORECAST_SNAPSHOT,FCST-060-003,OPP-0003,RESOLVED,2025-11-21T18:00:00-06:00,2026-09-26T08:00:00-06:00,2026-06-29T00:00:00-06:00,,1,,false,ACTIVE,,USD,VALID,CURRENT,coolit-synthetic-v2.0.0,CUST-003,PRG-003,CFG-CDU-04,SYNTHETIC_INTERNAL,SNP-COOLIT-20260925-BL,SCN-BASELINE,FCST-060-003,2026-H60,OPP-0003,OPPL-0003,ACC-003,PRG-003,CFG-CDU-04,PROPOSAL,0.55,BEST_CASE,2025-12-25,13,1404000,0,CLOSED_PERIOD
TEN-COOLIT-SYN-001,SITE-COOLIT-SYN-01,CRM,FORECAST_SNAPSHOT,FCST-060-004,OPP-0004,RESOLVED,2025-11-21T18:00:00-06:00,2026-09-26T08:00:00-06:00,2026-06-29T00:00:00-06:00,,1,,false,ACTIVE,,USD,VALID,CURRENT,coolit-synthetic-v2.0.0,CUST-004,PRG-004,CFG-RM-01,SYNTHETIC_INTERNAL,SNP-COOLIT-20260925-BL,SCN-BASELINE,FCST-060-004,2026-H60,OPP-0004,OPPL-0004,ACC-004,PRG-004,CFG-RM-01,PROPOSAL,0.55,BEST_CASE,2026-01-01,17,95200,0,CLOSED_PERIOD
TEN-COOLIT-SYN-001,SITE-COOLIT-SYN-01,CRM,FORECAST_SNAPSHOT,FCST-060-005,OPP-0005,RESOLVED,2025-11-21T18:00:00-06:00,2026-09-26T08:00:00-06:00,2026-06-29T00:00:00-06:00,,1,,false,ACTIVE,,USD,VALID,CURRENT,coolit-synthetic-v2.0.0,CUST-005,PRG-005,CFG-CDU-02,SYNTHETIC_INTERNAL,SNP-COOLIT-20260925-BL,SCN-BASELINE,FCST-060-005,2026-H60,OPP-0005,OPPL-0005,ACC-005,PRG-005,CFG-CDU-02,PROPOSAL,0.55,BEST_CASE,2026-01-08,17,1530000,0,CLOSED_PERIOD
TEN-COOLIT-SYN-001,SITE-COOLIT-SYN-01,CRM,FORECAST_SNAPSHOT,FCST-060-006,OPP-0006,RESOLVED,2025-11-21T18:00:00-06:00,2026-09-26T08:00:00-06:00,2026-06-29T00:00:00-06:00,,1,,false,ACTIVE,,USD,VALID,CURRENT,coolit-synthetic-v2.0.0,CUST-006,PRG-006,CFG-CPL-03,SYNTHETIC_INTERNAL,SNP-COOLIT-20260925-BL,SCN-BASELINE,FCST-060-006,2026-H60,OPP-0006,OPPL-0006,ACC-006,PRG-006,CFG-CPL-03,PROPOSAL,0.55,BEST_CASE,2026-01-15,20,156000,0,CLOSED_PERIOD
TEN-COOLIT-SYN-001,SITE-COOLIT-SYN-01,CRM,FORECAST_SNAPSHOT,FCST-060-007,OPP-0007,RESOLVED,2025-11-21T18:00:00-06:00,2026-09-26T08:00:00-06:00,2026-06-29T00:00:00-06:00,,1,,false,ACTIVE,,USD,VALID,CURRENT,coolit-synthetic-v2.0.0,CUST-007,PRG-007,CFG-RM-04,SYNTHETIC_INTERNAL,SNP-COOLIT-20260925-BL,SCN-BASELINE,FCST-060-007,2026-H60,OPP-0007,OPPL-0007,ACC-007,PRG-007,CFG-RM-04,PROPOSAL,0.55,BEST_CASE,2026-01-22,24,213600,0,CLOSED_PERIOD
TEN-COOLIT-SYN-001,SITE-COOLIT-SYN-01,CRM,FORECAST_SNAPSHOT,FCST-060-008,OPP-0008,RESOLVED,2025-11-21T18:00:00-06:00,2026-09-26T08:00:00-06:00,2026-06-29T00:00:00-06:00,,1,,false,ACTIVE,,USD,VALID,CURRENT,coolit-synthetic-v2.0.0,CUST-008,PRG-008,CFG-CPL-01,SYNTHETIC_INTERNAL,SNP-COOLIT-20260925-BL,SCN-BASELINE,FCST-060-008,2026-H60,OPP-0008,OPPL-0008,ACC-008,PRG-008,CFG-CPL-01,PROPOSAL,0.55,BEST_CASE,2026-01-29,28,156800,0,CLOSED_PERIOD
TEN-COOLIT-SYN-001,SITE-COOLIT-SYN-01,CRM,FORECAST_SNAPSHOT,FCST-060-009,OPP-0009,RESOLVED,2025-11-21T18:00:00-06:00,2026-09-26T08:00:00-06:00,2026-06-29T00:00:00-06:00,,1,,false,ACTIVE,,USD,VALID,CURRENT,coolit-synthetic-v2.0.0,CUST-009,PRG-001,CFG-RM-02,SYNTHETIC_INTERNAL,SNP-COOLIT-20260925-BL,SCN-BASELINE,FCST-060-009,2026-H60,OPP-0009,OPPL-0009,ACC-009,PRG-001,CFG-RM-02,PROPOSAL,0.55,BEST_CASE,2026-02-05,33,221100,0,CLOSED_PERIOD
TEN-COOLIT-SYN-001,SITE-COOLIT-SYN-01,CRM,FORECAST_SNAPSHOT,FCST-060-010,OPP-0010,RESOLVED,2025-11-21T18:00:00-06:00,2026-09-26T08:00:00-06:00,2026-06-29T00:00:00-06:00,,1,,false,ACTIVE,,USD,VALID,CURRENT,coolit-synthetic-v2.0.0,CUST-010,PRG-002,CFG-CDU-03,SYNTHETIC_INTERNAL,SNP-COOLIT-20260925-BL,SCN-BASELINE,FCST-060-010,2026-H60,OPP-0010,OPPL-0010,ACC-010,PRG-002,CFG-CDU-03,PROPOSAL,0.55,BEST_CASE,2026-02-12,6,594000,0,CLOSED_PERIOD
TEN-COOLIT-SYN-001,SITE-COOLIT-SYN-01,CRM,FORECAST_SNAPSHOT,FCST-060-011,OPP-0011,RESOLVED,2025-11-21T18:00:00-06:00,2026-09-26T08:00:00-06:00,2026-06-29T00:00:00-06:00,,1,,false,ACTIVE,,USD,VALID,CURRENT,coolit-synthetic-v2.0.0,CUST-001,PRG-003,CFG-CPL-04,SYNTHETIC_INTERNAL,SNP-COOLIT-20260925-BL,SCN-BASELINE,FCST-060-011,2026-H60,OPP-0011,OPPL-0011,ACC-001,PRG-003,CFG-CPL-04,PROPOSAL,0.55,BEST_CASE,2026-02-19,10,89000,0,CLOSED_PERIOD
TEN-COOLIT-SYN-001,SITE-COOLIT-SYN-01,CRM,FORECAST_SNAPSHOT,FCST-060-012,OPP-0012,RESOLVED,2025-11-21T18:00:00-06:00,2026-09-26T08:00:00-06:00,2026-06-29T00:00:00-06:00,,1,,false,ACTIVE,,USD,VALID,CURRENT,coolit-synthetic-v2.0.0,CUST-002,PRG-004,CFG-CDU-01,SYNTHETIC_INTERNAL,SNP-COOLIT-20260925-BL,SCN-BASELINE,FCST-060-012,2026-H60,OPP-0012,OPPL-0012,ACC-002,PRG-004,CFG-CDU-01,PROPOSAL,0.55,BEST_CASE,2026-02-26,11,891000,0,CLOSED_PERIOD
TEN-COOLIT-SYN-001,SITE-COOLIT-SYN-01,CRM,FORECAST_SNAPSHOT,FCST-060-013,OPP-0013,RESOLVED,2025-11-21T18:00:00-06:00,2026-09-26T08:00:00-06:00,2026-06-29T00:00:00-06:00,,1,,false,ACTIVE,,USD,VALID,CURRENT,coolit-synthetic-v2.0.0,CUST-003,PRG-005,CFG-CPL-02,SYNTHETIC_INTERNAL,SNP-COOLIT-20260925-BL,SCN-BASELINE,FCST-060-013,2026-H60,OPP-0013,OPPL-0013,ACC-003,PRG-005,CFG-CPL-02,PROPOSAL,0.55,BEST_CASE,2025-12-11,14,93800,0,CLOSED_PERIOD
TEN-COOLIT-SYN-001,SITE-COOLIT-SYN-01,CRM,FORECAST_SNAPSHOT,FCST-060-014,OPP-0014,RESOLVED,2025-11-21T18:00:00-06:00,2026-09-26T08:00:00-06:00,2026-06-29T00:00:00-06:00,,1,,false,ACTIVE,,USD,VALID,CURRENT,coolit-synthetic-v2.0.0,CUST-004,PRG-006,CFG-RM-03,SYNTHETIC_INTERNAL,SNP-COOLIT-20260925-BL,SCN-BASELINE,FCST-060-014,2026-H60,OPP-0014,OPPL-0014,ACC-004,PRG-006,CFG-RM-03,PROPOSAL,0.55,BEST_CASE,2025-12-18,18,140400,0,CLOSED_PERIOD
TEN-COOLIT-SYN-001,SITE-COOLIT-SYN-01,CRM,FORECAST_SNAPSHOT,FCST-060-015,OPP-0015,RESOLVED,2025-11-21T18:00:00-06:00,2026-09-26T08:00:00-06:00,2026-06-29T00:00:00-06:00,,1,,false,ACTIVE,,USD,VALID,CURRENT,coolit-synthetic-v2.0.0,CUST-005,PRG-007,CFG-CDU-04,SYNTHETIC_INTERNAL,SNP-COOLIT-20260925-BL,SCN-BASELINE,FCST-060-015,2026-H60,OPP-0015,OPPL-0015,ACC-005,PRG-007,CFG-CDU-04,PROPOSAL,0.55,BEST_CASE,2025-12-25,22,2376000,0,CLOSED_PERIOD
TEN-COOLIT-SYN-001,SITE-COOLIT-SYN-01,CRM,FORECAST_SNAPSHOT,FCST-061-001,OPP-0001,RESOLVED,2025-11-28T18:00:00-06:00,2026-09-26T08:00:00-06:00,2026-06-29T00:00:00-06:00,,1,,false,ACTIVE,,USD,VALID,CURRENT,coolit-synthetic-v2.0.0,CUST-001,PRG-001,CFG-CPL-02,SYNTHETIC_INTERNAL,SNP-COOLIT-20260925-BL,SCN-BASELINE,FCST-061-001,2026-H61,OPP-0001,OPPL-0001,ACC-001,PRG-001,CFG-CPL-02,PROPOSAL,0.55,BEST_CASE,2025-12-15,6,40200,0,CLOSED_PERIOD
TEN-COOLIT-SYN-001,SITE-COOLIT-SYN-01,CRM,FORECAST_SNAPSHOT,FCST-061-002,OPP-0002,RESOLVED,2025-11-28T18:00:00-06:00,2026-09-26T08:00:00-06:00,2026-06-29T00:00:00-06:00,,1,,false,ACTIVE,,USD,VALID,CURRENT,coolit-synthetic-v2.0.0,CUST-002,PRG-002,CFG-RM-03,SYNTHETIC_INTERNAL,SNP-COOLIT-20260925-BL,SCN-BASELINE,FCST-061-002,2026-H61,OPP-0002,OPPL-0002,ACC-002,PRG-002,CFG-RM-03,PROPOSAL,0.55,BEST_CASE,2025-12-22,9,70200,0,CLOSED_PERIOD
TEN-COOLIT-SYN-001,SITE-COOLIT-SYN-01,CRM,FORECAST_SNAPSHOT,FCST-061-003,OPP-0003,RESOLVED,2025-11-28T18:00:00-06:00,2026-09-26T08:00:00-06:00,2026-06-29T00:00:00-06:00,,1,,false,ACTIVE,,USD,VALID,CURRENT,coolit-synthetic-v2.0.0,CUST-003,PRG-003,CFG-CDU-04,SYNTHETIC_INTERNAL,SNP-COOLIT-20260925-BL,SCN-BASELINE,FCST-061-003,2026-H61,OPP-0003,OPPL-0003,ACC-003,PRG-003,CFG-CDU-04,PROPOSAL,0.55,BEST_CASE,2025-12-29,13,1404000,0,CLOSED_PERIOD
TEN-COOLIT-SYN-001,SITE-COOLIT-SYN-01,CRM,FORECAST_SNAPSHOT,FCST-061-004,OPP-0004,RESOLVED,2025-11-28T18:00:00-06:00,2026-09-26T08:00:00-06:00,2026-06-29T00:00:00-06:00,,1,,false,ACTIVE,,USD,VALID,CURRENT,coolit-synthetic-v2.0.0,CUST-004,PRG-004,CFG-RM-01,SYNTHETIC_INTERNAL,SNP-COOLIT-20260925-BL,SCN-BASELINE,FCST-061-004,2026-H61,OPP-0004,OPPL-0004,ACC-004,PRG-004,CFG-RM-01,PROPOSAL,0.55,BEST_CASE,2026-01-05,14,78400,0,CLOSED_PERIOD
TEN-COOLIT-SYN-001,SITE-COOLIT-SYN-01,CRM,FORECAST_SNAPSHOT,FCST-061-005,OPP-0005,RESOLVED,2025-11-28T18:00:00-06:00,2026-09-26T08:00:00-06:00,2026-06-29T00:00:00-06:00,,1,,false,ACTIVE,,USD,VALID,CURRENT,coolit-synthetic-v2.0.0,CUST-005,PRG-005,CFG-CDU-02,SYNTHETIC_INTERNAL,SNP-COOLIT-20260925-BL,SCN-BASELINE,FCST-061-005,2026-H61,OPP-0005,OPPL-0005,ACC-005,PRG-005,CFG-CDU-02,PROPOSAL,0.55,BEST_CASE,2026-01-12,17,1530000,0,CLOSED_PERIOD
TEN-COOLIT-SYN-001,SITE-COOLIT-SYN-01,CRM,FORECAST_SNAPSHOT,FCST-061-006,OPP-0006,RESOLVED,2025-11-28T18:00:00-06:00,2026-09-26T08:00:00-06:00,2026-06-29T00:00:00-06:00,,1,,false,ACTIVE,,USD,VALID,CURRENT,coolit-synthetic-v2.0.0,CUST-006,PRG-006,CFG-CPL-03,SYNTHETIC_INTERNAL,SNP-COOLIT-20260925-BL,SCN-BASELINE,FCST-061-006,2026-H61,OPP-0006,OPPL-0006,ACC-006,PRG-006,CFG-CPL-03,PROPOSAL,0.55,BEST_CASE,2026-01-19,21,163800,0,CLOSED_PERIOD
TEN-COOLIT-SYN-001,SITE-COOLIT-SYN-01,CRM,FORECAST_SNAPSHOT,FCST-061-007,OPP-0007,RESOLVED,2025-11-28T18:00:00-06:00,2026-09-26T08:00:00-06:00,2026-06-29T00:00:00-06:00,,1,,false,ACTIVE,,USD,VALID,CURRENT,coolit-synthetic-v2.0.0,CUST-007,PRG-007,CFG-RM-04,SYNTHETIC_INTERNAL,SNP-COOLIT-20260925-BL,SCN-BASELINE,FCST-061-007,2026-H61,OPP-0007,OPPL-0007,ACC-007,PRG-007,CFG-RM-04,PROPOSAL,0.55,BEST_CASE,2026-01-26,25,222500,0,CLOSED_PERIOD
TEN-COOLIT-SYN-001,SITE-COOLIT-SYN-01,CRM,FORECAST_SNAPSHOT,FCST-061-008,OPP-0008,RESOLVED,2025-11-28T18:00:00-06:00,2026-09-26T08:00:00-06:00,2026-06-29T00:00:00-06:00,,1,,false,ACTIVE,,USD,VALID,CURRENT,coolit-synthetic-v2.0.0,CUST-008,PRG-008,CFG-CPL-01,SYNTHETIC_INTERNAL,SNP-COOLIT-20260925-BL,SCN-BASELINE,FCST-061-008,2026-H61,OPP-0008,OPPL-0008,ACC-008,PRG-008,CFG-CPL-01,PROPOSAL,0.55,BEST_CASE,2026-02-02,29,162400,0,CLOSED_PERIOD
TEN-COOLIT-SYN-001,SITE-COOLIT-SYN-01,CRM,FORECAST_SNAPSHOT,FCST-061-009,OPP-0009,RESOLVED,2025-11-28T18:00:00-06:00,2026-09-26T08:00:00-06:00,2026-06-29T00:00:00-06:00,,1,,false,ACTIVE,,USD,VALID,CURRENT,coolit-synthetic-v2.0.0,CUST-009,PRG-001,CFG-RM-02,SYNTHETIC_INTERNAL,SNP-COOLIT-20260925-BL,SCN-BASELINE,FCST-061-009,2026-H61,OPP-0009,OPPL-0009,ACC-009,PRG-001,CFG-RM-02,PROPOSAL,0.55,BEST_CASE,2026-02-09,33,221100,0,CLOSED_PERIOD
TEN-COOLIT-SYN-001,SITE-COOLIT-SYN-01,CRM,FORECAST_SNAPSHOT,FCST-061-010,OPP-0010,RESOLVED,2025-11-28T18:00:00-06:00,2026-09-26T08:00:00-06:00,2026-06-29T00:00:00-06:00,,1,,false,ACTIVE,,USD,VALID,CURRENT,coolit-synthetic-v2.0.0,CUST-010,PRG-002,CFG-CDU-03,SYNTHETIC_INTERNAL,SNP-COOLIT-20260925-BL,SCN-BASELINE,FCST-061-010,2026-H61,OPP-0010,OPPL-0010,ACC-010,PRG-002,CFG-CDU-03,PROPOSAL,0.55,BEST_CASE,2026-02-16,6,594000,0,CLOSED_PERIOD
TEN-COOLIT-SYN-001,SITE-COOLIT-SYN-01,CRM,FORECAST_SNAPSHOT,FCST-061-011,OPP-0011,RESOLVED,2025-11-28T18:00:00-06:00,2026-09-26T08:00:00-06:00,2026-06-29T00:00:00-06:00,,1,,false,ACTIVE,,USD,VALID,CURRENT,coolit-synthetic-v2.0.0,CUST-001,PRG-003,CFG-CPL-04,SYNTHETIC_INTERNAL,SNP-COOLIT-20260925-BL,SCN-BASELINE,FCST-061-011,2026-H61,OPP-0011,OPPL-0011,ACC-001,PRG-003,CFG-CPL-04,PROPOSAL,0.55,BEST_CASE,2026-02-23,8,71200,0,CLOSED_PERIOD
TEN-COOLIT-SYN-001,SITE-COOLIT-SYN-01,CRM,FORECAST_SNAPSHOT,FCST-061-012,OPP-0012,RESOLVED,2025-11-28T18:00:00-06:00,2026-09-26T08:00:00-06:00,2026-06-29T00:00:00-06:00,,1,,false,ACTIVE,,USD,VALID,CURRENT,coolit-synthetic-v2.0.0,CUST-002,PRG-004,CFG-CDU-01,SYNTHETIC_INTERNAL,SNP-COOLIT-20260925-BL,SCN-BASELINE,FCST-061-012,2026-H61,OPP-0012,OPPL-0012,ACC-002,PRG-004,CFG-CDU-01,PROPOSAL,0.55,BEST_CASE,2026-03-02,11,891000,0,CLOSED_PERIOD
TEN-COOLIT-SYN-001,SITE-COOLIT-SYN-01,CRM,FORECAST_SNAPSHOT,FCST-061-013,OPP-0013,RESOLVED,2025-11-28T18:00:00-06:00,2026-09-26T08:00:00-06:00,2026-06-29T00:00:00-06:00,,1,,false,ACTIVE,,USD,VALID,CURRENT,coolit-synthetic-v2.0.0,CUST-003,PRG-005,CFG-CPL-02,SYNTHETIC_INTERNAL,SNP-COOLIT-20260925-BL,SCN-BASELINE,FCST-061-013,2026-H61,OPP-0013,OPPL-0013,ACC-003,PRG-005,CFG-CPL-02,PROPOSAL,0.55,BEST_CASE,2025-12-15,15,100500,0,CLOSED_PERIOD
TEN-COOLIT-SYN-001,SITE-COOLIT-SYN-01,CRM,FORECAST_SNAPSHOT,FCST-061-014,OPP-0014,RESOLVED,2025-11-28T18:00:00-06:00,2026-09-26T08:00:00-06:00,2026-06-29T00:00:00-06:00,,1,,false,ACTIVE,,USD,VALID,CURRENT,coolit-synthetic-v2.0.0,CUST-004,PRG-006,CFG-RM-03,SYNTHETIC_INTERNAL,SNP-COOLIT-20260925-BL,SCN-BASELINE,FCST-061-014,2026-H61,OPP-0014,OPPL-0014,ACC-004,PRG-006,CFG-RM-03,PROPOSAL,0.55,BEST_CASE,2025-12-22,19,148200,0,CLOSED_PERIOD
TEN-COOLIT-SYN-001,SITE-COOLIT-SYN-01,CRM,FORECAST_SNAPSHOT,FCST-061-015,OPP-0015,RESOLVED,2025-11-28T18:00:00-06:00,2026-09-26T08:00:00-06:00,2026-06-29T00:00:00-06:00,,1,,false,ACTIVE,,USD,VALID,CURRENT,coolit-synthetic-v2.0.0,CUST-005,PRG-007,CFG-CDU-04,SYNTHETIC_INTERNAL,SNP-COOLIT-20260925-BL,SCN-BASELINE,FCST-061-015,2026-H61,OPP-0015,OPPL-0015,ACC-005,PRG-007,CFG-CDU-04,PROPOSAL,0.55,BEST_CASE,2025-12-29,22,2376000,0,CLOSED_PERIOD
TEN-COOLIT-SYN-001,SITE-COOLIT-SYN-01,CRM,FORECAST_SNAPSHOT,FCST-062-001,OPP-0001,RESOLVED,2025-12-05T18:00:00-06:00,2026-09-26T08:00:00-06:00,2026-06-29T00:00:00-06:00,,1,,false,ACTIVE,,USD,VALID,CURRENT,coolit-synthetic-v2.0.0,CUST-001,PRG-001,CFG-CPL-02,SYNTHETIC_INTERNAL,SNP-COOLIT-20260925-BL,SCN-BASELINE,FCST-062-001,2026-H62,OPP-0001,OPPL-0001,ACC-001,PRG-001,CFG-CPL-02,PROPOSAL,0.55,BEST_CASE,2025-12-19,6,40200,0,CLOSED_PERIOD
TEN-COOLIT-SYN-001,SITE-COOLIT-SYN-01,CRM,FORECAST_SNAPSHOT,FCST-062-002,OPP-0002,RESOLVED,2025-12-05T18:00:00-06:00,2026-09-26T08:00:00-06:00,2026-06-29T00:00:00-06:00,,1,,false,ACTIVE,,USD,VALID,CURRENT,coolit-synthetic-v2.0.0,CUST-002,PRG-002,CFG-RM-03,SYNTHETIC_INTERNAL,SNP-COOLIT-20260925-BL,SCN-BASELINE,FCST-062-002,2026-H62,OPP-0002,OPPL-0002,ACC-002,PRG-002,CFG-RM-03,PROPOSAL,0.55,BEST_CASE,2025-12-26,10,78000,0,CLOSED_PERIOD
TEN-COOLIT-SYN-001,SITE-COOLIT-SYN-01,CRM,FORECAST_SNAPSHOT,FCST-062-003,OPP-0003,RESOLVED,2025-12-05T18:00:00-06:00,2026-09-26T08:00:00-06:00,2026-06-29T00:00:00-06:00,,1,,false,ACTIVE,,USD,VALID,CURRENT,coolit-synthetic-v2.0.0,CUST-003,PRG-003,CFG-CDU-04,SYNTHETIC_INTERNAL,SNP-COOLIT-20260925-BL,SCN-BASELINE,FCST-062-003,2026-H62,OPP-0003,OPPL-0003,ACC-003,PRG-003,CFG-CDU-04,PROPOSAL,0.55,BEST_CASE,2026-01-02,11,1188000,0,CLOSED_PERIOD
TEN-COOLIT-SYN-001,SITE-COOLIT-SYN-01,CRM,FORECAST_SNAPSHOT,FCST-062-004,OPP-0004,RESOLVED,2025-12-05T18:00:00-06:00,2026-09-26T08:00:00-06:00,2026-06-29T00:00:00-06:00,,1,,false,ACTIVE,,USD,VALID,CURRENT,coolit-synthetic-v2.0.0,CUST-004,PRG-004,CFG-RM-01,SYNTHETIC_INTERNAL,SNP-COOLIT-20260925-BL,SCN-BASELINE,FCST-062-004,2026-H62,OPP-0004,OPPL-0004,ACC-004,PRG-004,CFG-RM-01,PROPOSAL,0.55,BEST_CASE,2026-01-09,14,78400,0,CLOSED_PERIOD
TEN-COOLIT-SYN-001,SITE-COOLIT-SYN-01,CRM,FORECAST_SNAPSHOT,FCST-062-005,OPP-0005,RESOLVED,2025-12-05T18:00:00-06:00,2026-09-26T08:00:00-06:00,2026-06-29T00:00:00-06:00,,1,,false,ACTIVE,,USD,VALID,CURRENT,coolit-synthetic-v2.0.0,CUST-005,PRG-005,CFG-CDU-02,SYNTHETIC_INTERNAL,SNP-COOLIT-20260925-BL,SCN-BASELINE,FCST-062-005,2026-H62,OPP-0005,OPPL-0005,ACC-005,PRG-005,CFG-CDU-02,PROPOSAL,0.55,BEST_CASE,2026-01-16,18,1620000,0,CLOSED_PERIOD
TEN-COOLIT-SYN-001,SITE-COOLIT-SYN-01,CRM,FORECAST_SNAPSHOT,FCST-062-006,OPP-0006,RESOLVED,2025-12-05T18:00:00-06:00,2026-09-26T08:00:00-06:00,2026-06-29T00:00:00-06:00,,1,,false,ACTIVE,,USD,VALID,CURRENT,coolit-synthetic-v2.0.0,CUST-006,PRG-006,CFG-CPL-03,SYNTHETIC_INTERNAL,SNP-COOLIT-20260925-BL,SCN-BASELINE,FCST-062-006,2026-H62,OPP-0006,OPPL-0006,ACC-006,PRG-006,CFG-CPL-03,PROPOSAL,0.55,BEST_CASE,2026-01-23,22,171600,0,CLOSED_PERIOD
TEN-COOLIT-SYN-001,SITE-COOLIT-SYN-01,CRM,FORECAST_SNAPSHOT,FCST-062-007,OPP-0007,RESOLVED,2025-12-05T18:00:00-06:00,2026-09-26T08:00:00-06:00,2026-06-29T00:00:00-06:00,,1,,false,ACTIVE,,USD,VALID,CURRENT,coolit-synthetic-v2.0.0,CUST-007,PRG-007,CFG-RM-04,SYNTHETIC_INTERNAL,SNP-COOLIT-20260925-BL,SCN-BASELINE,FCST-062-007,2026-H62,OPP-0007,OPPL-0007,ACC-007,PRG-007,CFG-RM-04,PROPOSAL,0.55,BEST_CASE,2026-01-30,26,231400,0,CLOSED_PERIOD
TEN-COOLIT-SYN-001,SITE-COOLIT-SYN-01,CRM,FORECAST_SNAPSHOT,FCST-062-008,OPP-0008,RESOLVED,2025-12-05T18:00:00-06:00,2026-09-26T08:00:00-06:00,2026-06-29T00:00:00-06:00,,1,,false,ACTIVE,,USD,VALID,CURRENT,coolit-synthetic-v2.0.0,CUST-008,PRG-008,CFG-CPL-01,SYNTHETIC_INTERNAL,SNP-COOLIT-20260925-BL,SCN-BASELINE,FCST-062-008,2026-H62,OPP-0008,OPPL-0008,ACC-008,PRG-008,CFG-CPL-01,PROPOSAL,0.55,BEST_CASE,2026-02-06,30,168000,0,CLOSED_PERIOD
TEN-COOLIT-SYN-001,SITE-COOLIT-SYN-01,CRM,FORECAST_SNAPSHOT,FCST-062-009,OPP-0009,RESOLVED,2025-12-05T18:00:00-06:00,2026-09-26T08:00:00-06:00,2026-06-29T00:00:00-06:00,,1,,false,ACTIVE,,USD,VALID,CURRENT,coolit-synthetic-v2.0.0,CUST-009,PRG-001,CFG-RM-02,SYNTHETIC_INTERNAL,SNP-COOLIT-20260925-BL,SCN-BASELINE,FCST-062-009,2026-H62,OPP-0009,OPPL-0009,ACC-009,PRG-001,CFG-RM-02,PROPOSAL,0.55,BEST_CASE,2026-02-13,34,227800,0,CLOSED_PERIOD
TEN-COOLIT-SYN-001,SITE-COOLIT-SYN-01,CRM,FORECAST_SNAPSHOT,FCST-062-010,OPP-0010,RESOLVED,2025-12-05T18:00:00-06:00,2026-09-26T08:00:00-06:00,2026-06-29T00:00:00-06:00,,1,,false,ACTIVE,,USD,VALID,CURRENT,coolit-synthetic-v2.0.0,CUST-010,PRG-002,CFG-CDU-03,SYNTHETIC_INTERNAL,SNP-COOLIT-20260925-BL,SCN-BASELINE,FCST-062-010,2026-H62,OPP-0010,OPPL-0010,ACC-010,PRG-002,CFG-CDU-03,PROPOSAL,0.55,BEST_CASE,2026-02-20,5,495000,0,CLOSED_PERIOD
TEN-COOLIT-SYN-001,SITE-COOLIT-SYN-01,CRM,FORECAST_SNAPSHOT,FCST-062-011,OPP-0011,RESOLVED,2025-12-05T18:00:00-06:00,2026-09-26T08:00:00-06:00,2026-06-29T00:00:00-06:00,,1,,false,ACTIVE,,USD,VALID,CURRENT,coolit-synthetic-v2.0.0,CUST-001,PRG-003,CFG-CPL-04,SYNTHETIC_INTERNAL,SNP-COOLIT-20260925-BL,SCN-BASELINE,FCST-062-011,2026-H62,OPP-0011,OPPL-0011,ACC-001,PRG-003,CFG-CPL-04,PROPOSAL,0.55,BEST_CASE,2026-02-27,8,71200,0,CLOSED_PERIOD
TEN-COOLIT-SYN-001,SITE-COOLIT-SYN-01,CRM,FORECAST_SNAPSHOT,FCST-062-012,OPP-0012,RESOLVED,2025-12-05T18:00:00-06:00,2026-09-26T08:00:00-06:00,2026-06-29T00:00:00-06:00,,1,,false,ACTIVE,,USD,VALID,CURRENT,coolit-synthetic-v2.0.0,CUST-002,PRG-004,CFG-CDU-01,SYNTHETIC_INTERNAL,SNP-COOLIT-20260925-BL,SCN-BASELINE,FCST-062-012,2026-H62,OPP-0012,OPPL-0012,ACC-002,PRG-004,CFG-CDU-01,PROPOSAL,0.55,BEST_CASE,2026-03-06,12,972000,0,CLOSED_PERIOD
TEN-COOLIT-SYN-001,SITE-COOLIT-SYN-01,CRM,FORECAST_SNAPSHOT,FCST-062-013,OPP-0013,RESOLVED,2025-12-05T18:00:00-06:00,2026-09-26T08:00:00-06:00,2026-06-29T00:00:00-06:00,,1,,false,ACTIVE,,USD,VALID,CURRENT,coolit-synthetic-v2.0.0,CUST-003,PRG-005,CFG-CPL-02,SYNTHETIC_INTERNAL,SNP-COOLIT-20260925-BL,SCN-BASELINE,FCST-062-013,2026-H62,OPP-0013,OPPL-0013,ACC-003,PRG-005,CFG-CPL-02,PROPOSAL,0.55,BEST_CASE,2025-12-19,15,100500,0,CLOSED_PERIOD
TEN-COOLIT-SYN-001,SITE-COOLIT-SYN-01,CRM,FORECAST_SNAPSHOT,FCST-062-014,OPP-0014,RESOLVED,2025-12-05T18:00:00-06:00,2026-09-26T08:00:00-06:00,2026-06-29T00:00:00-06:00,,1,,false,ACTIVE,,USD,VALID,CURRENT,coolit-synthetic-v2.0.0,CUST-004,PRG-006,CFG-RM-03,SYNTHETIC_INTERNAL,SNP-COOLIT-20260925-BL,SCN-BASELINE,FCST-062-014,2026-H62,OPP-0014,OPPL-0014,ACC-004,PRG-006,CFG-RM-03,PROPOSAL,0.55,BEST_CASE,2025-12-26,19,148200,0,CLOSED_PERIOD
TEN-COOLIT-SYN-001,SITE-COOLIT-SYN-01,CRM,FORECAST_SNAPSHOT,FCST-062-015,OPP-0015,RESOLVED,2025-12-05T18:00:00-06:00,2026-09-26T08:00:00-06:00,2026-06-29T00:00:00-06:00,,1,,false,ACTIVE,,USD,VALID,CURRENT,coolit-synthetic-v2.0.0,CUST-005,PRG-007,CFG-CDU-04,SYNTHETIC_INTERNAL,SNP-COOLIT-20260925-BL,SCN-BASELINE,FCST-062-015,2026-H62,OPP-0015,OPPL-0015,ACC-005,PRG-007,CFG-CDU-04,PROPOSAL,0.55,BEST_CASE,2026-01-02,23,2484000,0,CLOSED_PERIOD
TEN-COOLIT-SYN-001,SITE-COOLIT-SYN-01,CRM,FORECAST_SNAPSHOT,FCST-063-001,OPP-0001,RESOLVED,2025-12-12T18:00:00-06:00,2026-09-26T08:00:00-06:00,2026-06-29T00:00:00-06:00,,1,,false,ACTIVE,,USD,VALID,CURRENT,coolit-synthetic-v2.0.0,CUST-001,PRG-001,CFG-CPL-02,SYNTHETIC_INTERNAL,SNP-COOLIT-20260925-BL,SCN-BASELINE,FCST-063-001,2026-H63,OPP-0001,OPPL-0001,ACC-001,PRG-001,CFG-CPL-02,PROPOSAL,0.55,BEST_CASE,2025-12-23,6,40200,0,CLOSED_PERIOD
TEN-COOLIT-SYN-001,SITE-COOLIT-SYN-01,CRM,FORECAST_SNAPSHOT,FCST-063-002,OPP-0002,RESOLVED,2025-12-12T18:00:00-06:00,2026-09-26T08:00:00-06:00,2026-06-29T00:00:00-06:00,,1,,false,ACTIVE,,USD,VALID,CURRENT,coolit-synthetic-v2.0.0,CUST-002,PRG-002,CFG-RM-03,SYNTHETIC_INTERNAL,SNP-COOLIT-20260925-BL,SCN-BASELINE,FCST-063-002,2026-H63,OPP-0002,OPPL-0002,ACC-002,PRG-002,CFG-RM-03,PROPOSAL,0.55,BEST_CASE,2025-12-30,8,62400,0,CLOSED_PERIOD
TEN-COOLIT-SYN-001,SITE-COOLIT-SYN-01,CRM,FORECAST_SNAPSHOT,FCST-063-003,OPP-0003,RESOLVED,2025-12-12T18:00:00-06:00,2026-09-26T08:00:00-06:00,2026-06-29T00:00:00-06:00,,1,,false,ACTIVE,,USD,VALID,CURRENT,coolit-synthetic-v2.0.0,CUST-003,PRG-003,CFG-CDU-04,SYNTHETIC_INTERNAL,SNP-COOLIT-20260925-BL,SCN-BASELINE,FCST-063-003,2026-H63,OPP-0003,OPPL-0003,ACC-003,PRG-003,CFG-CDU-04,PROPOSAL,0.55,BEST_CASE,2026-01-06,11,1188000,0,CLOSED_PERIOD
TEN-COOLIT-SYN-001,SITE-COOLIT-SYN-01,CRM,FORECAST_SNAPSHOT,FCST-063-004,OPP-0004,RESOLVED,2025-12-12T18:00:00-06:00,2026-09-26T08:00:00-06:00,2026-06-29T00:00:00-06:00,,1,,false,ACTIVE,,USD,VALID,CURRENT,coolit-synthetic-v2.0.0,CUST-004,PRG-004,CFG-RM-01,SYNTHETIC_INTERNAL,SNP-COOLIT-20260925-BL,SCN-BASELINE,FCST-063-004,2026-H63,OPP-0004,OPPL-0004,ACC-004,PRG-004,CFG-RM-01,PROPOSAL,0.55,BEST_CASE,2026-01-13,15,84000,0,CLOSED_PERIOD
TEN-COOLIT-SYN-001,SITE-COOLIT-SYN-01,CRM,FORECAST_SNAPSHOT,FCST-063-005,OPP-0005,RESOLVED,2025-12-12T18:00:00-06:00,2026-09-26T08:00:00-06:00,2026-06-29T00:00:00-06:00,,1,,false,ACTIVE,,USD,VALID,CURRENT,coolit-synthetic-v2.0.0,CUST-005,PRG-005,CFG-CDU-02,SYNTHETIC_INTERNAL,SNP-COOLIT-20260925-BL,SCN-BASELINE,FCST-063-005,2026-H63,OPP-0005,OPPL-0005,ACC-005,PRG-005,CFG-CDU-02,PROPOSAL,0.55,BEST_CASE,2026-01-20,19,1710000,0,CLOSED_PERIOD
TEN-COOLIT-SYN-001,SITE-COOLIT-SYN-01,CRM,FORECAST_SNAPSHOT,FCST-063-006,OPP-0006,RESOLVED,2025-12-12T18:00:00-06:00,2026-09-26T08:00:00-06:00,2026-06-29T00:00:00-06:00,,1,,false,ACTIVE,,USD,VALID,CURRENT,coolit-synthetic-v2.0.0,CUST-006,PRG-006,CFG-CPL-03,SYNTHETIC_INTERNAL,SNP-COOLIT-20260925-BL,SCN-BASELINE,FCST-063-006,2026-H63,OPP-0006,OPPL-0006,ACC-006,PRG-006,CFG-CPL-03,PROPOSAL,0.55,BEST_CASE,2026-01-27,22,171600,0,CLOSED_PERIOD
TEN-COOLIT-SYN-001,SITE-COOLIT-SYN-01,CRM,FORECAST_SNAPSHOT,FCST-063-007,OPP-0007,RESOLVED,2025-12-12T18:00:00-06:00,2026-09-26T08:00:00-06:00,2026-06-29T00:00:00-06:00,,1,,false,ACTIVE,,USD,VALID,CURRENT,coolit-synthetic-v2.0.0,CUST-007,PRG-007,CFG-RM-04,SYNTHETIC_INTERNAL,SNP-COOLIT-20260925-BL,SCN-BASELINE,FCST-063-007,2026-H63,OPP-0007,OPPL-0007,ACC-007,PRG-007,CFG-RM-04,PROPOSAL,0.55,BEST_CASE,2026-02-03,27,240300,0,CLOSED_PERIOD
TEN-COOLIT-SYN-001,SITE-COOLIT-SYN-01,CRM,FORECAST_SNAPSHOT,FCST-063-008,OPP-0008,RESOLVED,2025-12-12T18:00:00-06:00,2026-09-26T08:00:00-06:00,2026-06-29T00:00:00-06:00,,1,,false,ACTIVE,,USD,VALID,CURRENT,coolit-synthetic-v2.0.0,CUST-008,PRG-008,CFG-CPL-01,SYNTHETIC_INTERNAL,SNP-COOLIT-20260925-BL,SCN-BASELINE,FCST-063-008,2026-H63,OPP-0008,OPPL-0008,ACC-008,PRG-008,CFG-CPL-01,PROPOSAL,0.55,BEST_CASE,2026-02-10,31,173600,0,CLOSED_PERIOD
TEN-COOLIT-SYN-001,SITE-COOLIT-SYN-01,CRM,FORECAST_SNAPSHOT,FCST-063-009,OPP-0009,RESOLVED,2025-12-12T18:00:00-06:00,2026-09-26T08:00:00-06:00,2026-06-29T00:00:00-06:00,,1,,false,ACTIVE,,USD,VALID,CURRENT,coolit-synthetic-v2.0.0,CUST-009,PRG-001,CFG-RM-02,SYNTHETIC_INTERNAL,SNP-COOLIT-20260925-BL,SCN-BASELINE,FCST-063-009,2026-H63,OPP-0009,OPPL-0009,ACC-009,PRG-001,CFG-RM-02,PROPOSAL,0.55,BEST_CASE,2026-02-17,29,194300,0,CLOSED_PERIOD
TEN-COOLIT-SYN-001,SITE-COOLIT-SYN-01,CRM,FORECAST_SNAPSHOT,FCST-063-010,OPP-0010,RESOLVED,2025-12-12T18:00:00-06:00,2026-09-26T08:00:00-06:00,2026-06-29T00:00:00-06:00,,1,,false,ACTIVE,,USD,VALID,CURRENT,coolit-synthetic-v2.0.0,CUST-010,PRG-002,CFG-CDU-03,SYNTHETIC_INTERNAL,SNP-COOLIT-20260925-BL,SCN-BASELINE,FCST-063-010,2026-H63,OPP-0010,OPPL-0010,ACC-010,PRG-002,CFG-CDU-03,PROPOSAL,0.55,BEST_CASE,2026-02-24,5,495000,0,CLOSED_PERIOD
TEN-COOLIT-SYN-001,SITE-COOLIT-SYN-01,CRM,FORECAST_SNAPSHOT,FCST-063-011,OPP-0011,RESOLVED,2025-12-12T18:00:00-06:00,2026-09-26T08:00:00-06:00,2026-06-29T00:00:00-06:00,,1,,false,ACTIVE,,USD,VALID,CURRENT,coolit-synthetic-v2.0.0,CUST-001,PRG-003,CFG-CPL-04,SYNTHETIC_INTERNAL,SNP-COOLIT-20260925-BL,SCN-BASELINE,FCST-063-011,2026-H63,OPP-0011,OPPL-0011,ACC-001,PRG-003,CFG-CPL-04,PROPOSAL,0.55,BEST_CASE,2026-03-03,8,71200,0,CLOSED_PERIOD
TEN-COOLIT-SYN-001,SITE-COOLIT-SYN-01,CRM,FORECAST_SNAPSHOT,FCST-063-012,OPP-0012,RESOLVED,2025-12-12T18:00:00-06:00,2026-09-26T08:00:00-06:00,2026-06-29T00:00:00-06:00,,1,,false,ACTIVE,,USD,VALID,CURRENT,coolit-synthetic-v2.0.0,CUST-002,PRG-004,CFG-CDU-01,SYNTHETIC_INTERNAL,SNP-COOLIT-20260925-BL,SCN-BASELINE,FCST-063-012,2026-H63,OPP-0012,OPPL-0012,ACC-002,PRG-004,CFG-CDU-01,PROPOSAL,0.55,BEST_CASE,2026-03-10,12,972000,0,CLOSED_PERIOD
TEN-COOLIT-SYN-001,SITE-COOLIT-SYN-01,CRM,FORECAST_SNAPSHOT,FCST-063-013,OPP-0013,RESOLVED,2025-12-12T18:00:00-06:00,2026-09-26T08:00:00-06:00,2026-06-29T00:00:00-06:00,,1,,false,ACTIVE,,USD,VALID,CURRENT,coolit-synthetic-v2.0.0,CUST-003,PRG-005,CFG-CPL-02,SYNTHETIC_INTERNAL,SNP-COOLIT-20260925-BL,SCN-BASELINE,FCST-063-013,2026-H63,OPP-0013,OPPL-0013,ACC-003,PRG-005,CFG-CPL-02,PROPOSAL,0.55,BEST_CASE,2025-12-23,16,107200,0,CLOSED_PERIOD
TEN-COOLIT-SYN-001,SITE-COOLIT-SYN-01,CRM,FORECAST_SNAPSHOT,FCST-063-014,OPP-0014,RESOLVED,2025-12-12T18:00:00-06:00,2026-09-26T08:00:00-06:00,2026-06-29T00:00:00-06:00,,1,,false,ACTIVE,,USD,VALID,CURRENT,coolit-synthetic-v2.0.0,CUST-004,PRG-006,CFG-RM-03,SYNTHETIC_INTERNAL,SNP-COOLIT-20260925-BL,SCN-BASELINE,FCST-063-014,2026-H63,OPP-0014,OPPL-0014,ACC-004,PRG-006,CFG-RM-03,PROPOSAL,0.55,BEST_CASE,2025-12-30,20,156000,0,CLOSED_PERIOD
TEN-COOLIT-SYN-001,SITE-COOLIT-SYN-01,CRM,FORECAST_SNAPSHOT,FCST-063-015,OPP-0015,RESOLVED,2025-12-12T18:00:00-06:00,2026-09-26T08:00:00-06:00,2026-06-29T00:00:00-06:00,,1,,false,ACTIVE,,USD,VALID,CURRENT,coolit-synthetic-v2.0.0,CUST-005,PRG-007,CFG-CDU-04,SYNTHETIC_INTERNAL,SNP-COOLIT-20260925-BL,SCN-BASELINE,FCST-063-015,2026-H63,OPP-0015,OPPL-0015,ACC-005,PRG-007,CFG-CDU-04,PROPOSAL,0.55,BEST_CASE,2026-01-06,24,2592000,0,CLOSED_PERIOD
TEN-COOLIT-SYN-001,SITE-COOLIT-SYN-01,CRM,FORECAST_SNAPSHOT,FCST-064-001,OPP-0001,RESOLVED,2025-12-19T18:00:00-06:00,2026-09-26T08:00:00-06:00,2026-06-29T00:00:00-06:00,,1,,false,ACTIVE,,USD,VALID,CURRENT,coolit-synthetic-v2.0.0,CUST-001,PRG-001,CFG-CPL-02,SYNTHETIC_INTERNAL,SNP-COOLIT-20260925-BL,SCN-BASELINE,FCST-064-001,2026-H64,OPP-0001,OPPL-0001,ACC-001,PRG-001,CFG-CPL-02,PROPOSAL,0.55,BEST_CASE,2026-01-23,5,33500,0,CLOSED_PERIOD
TEN-COOLIT-SYN-001,SITE-COOLIT-SYN-01,CRM,FORECAST_SNAPSHOT,FCST-064-002,OPP-0002,RESOLVED,2025-12-19T18:00:00-06:00,2026-09-26T08:00:00-06:00,2026-06-29T00:00:00-06:00,,1,,false,ACTIVE,,USD,VALID,CURRENT,coolit-synthetic-v2.0.0,CUST-002,PRG-002,CFG-RM-03,SYNTHETIC_INTERNAL,SNP-COOLIT-20260925-BL,SCN-BASELINE,FCST-064-002,2026-H64,OPP-0002,OPPL-0002,ACC-002,PRG-002,CFG-RM-03,PROPOSAL,0.55,BEST_CASE,2026-01-30,8,62400,0,CLOSED_PERIOD
TEN-COOLIT-SYN-001,SITE-COOLIT-SYN-01,CRM,FORECAST_SNAPSHOT,FCST-064-003,OPP-0003,RESOLVED,2025-12-19T18:00:00-06:00,2026-09-26T08:00:00-06:00,2026-06-29T00:00:00-06:00,,1,,false,ACTIVE,,USD,VALID,CURRENT,coolit-synthetic-v2.0.0,CUST-003,PRG-003,CFG-CDU-04,SYNTHETIC_INTERNAL,SNP-COOLIT-20260925-BL,SCN-BASELINE,FCST-064-003,2026-H64,OPP-0003,OPPL-0003,ACC-003,PRG-003,CFG-CDU-04,PROPOSAL,0.55,BEST_CASE,2026-02-06,12,1296000,0,CLOSED_PERIOD
TEN-COOLIT-SYN-001,SITE-COOLIT-SYN-01,CRM,FORECAST_SNAPSHOT,FCST-064-004,OPP-0004,RESOLVED,2025-12-19T18:00:00-06:00,2026-09-26T08:00:00-06:00,2026-06-29T00:00:00-06:00,,1,,false,ACTIVE,,USD,VALID,CURRENT,coolit-synthetic-v2.0.0,CUST-004,PRG-004,CFG-RM-01,SYNTHETIC_INTERNAL,SNP-COOLIT-20260925-BL,SCN-BASELINE,FCST-064-004,2026-H64,OPP-0004,OPPL-0004,ACC-004,PRG-004,CFG-RM-01,PROPOSAL,0.55,BEST_CASE,2026-02-13,15,84000,0,CLOSED_PERIOD
TEN-COOLIT-SYN-001,SITE-COOLIT-SYN-01,CRM,FORECAST_SNAPSHOT,FCST-064-005,OPP-0005,RESOLVED,2025-12-19T18:00:00-06:00,2026-09-26T08:00:00-06:00,2026-06-29T00:00:00-06:00,,1,,false,ACTIVE,,USD,VALID,CURRENT,coolit-synthetic-v2.0.0,CUST-005,PRG-005,CFG-CDU-02,SYNTHETIC_INTERNAL,SNP-COOLIT-20260925-BL,SCN-BASELINE,FCST-064-005,2026-H64,OPP-0005,OPPL-0005,ACC-005,PRG-005,CFG-CDU-02,PROPOSAL,0.55,BEST_CASE,2026-02-20,19,1710000,0,CLOSED_PERIOD
TEN-COOLIT-SYN-001,SITE-COOLIT-SYN-01,CRM,FORECAST_SNAPSHOT,FCST-064-006,OPP-0006,RESOLVED,2025-12-19T18:00:00-06:00,2026-09-26T08:00:00-06:00,2026-06-29T00:00:00-06:00,,1,,false,ACTIVE,,USD,VALID,CURRENT,coolit-synthetic-v2.0.0,CUST-006,PRG-006,CFG-CPL-03,SYNTHETIC_INTERNAL,SNP-COOLIT-20260925-BL,SCN-BASELINE,FCST-064-006,2026-H64,OPP-0006,OPPL-0006,ACC-006,PRG-006,CFG-CPL-03,PROPOSAL,0.55,BEST_CASE,2026-02-27,23,179400,0,CLOSED_PERIOD
TEN-COOLIT-SYN-001,SITE-COOLIT-SYN-01,CRM,FORECAST_SNAPSHOT,FCST-064-007,OPP-0007,RESOLVED,2025-12-19T18:00:00-06:00,2026-09-26T08:00:00-06:00,2026-06-29T00:00:00-06:00,,1,,false,ACTIVE,,USD,VALID,CURRENT,coolit-synthetic-v2.0.0,CUST-007,PRG-007,CFG-RM-04,SYNTHETIC_INTERNAL,SNP-COOLIT-20260925-BL,SCN-BASELINE,FCST-064-007,2026-H64,OPP-0007,OPPL-0007,ACC-007,PRG-007,CFG-RM-04,PROPOSAL,0.55,BEST_CASE,2026-03-06,27,240300,0,CLOSED_PERIOD
TEN-COOLIT-SYN-001,SITE-COOLIT-SYN-01,CRM,FORECAST_SNAPSHOT,FCST-064-008,OPP-0008,RESOLVED,2025-12-19T18:00:00-06:00,2026-09-26T08:00:00-06:00,2026-06-29T00:00:00-06:00,,1,,false,ACTIVE,,USD,VALID,CURRENT,coolit-synthetic-v2.0.0,CUST-008,PRG-008,CFG-CPL-01,SYNTHETIC_INTERNAL,SNP-COOLIT-20260925-BL,SCN-BASELINE,FCST-064-008,2026-H64,OPP-0008,OPPL-0008,ACC-008,PRG-008,CFG-CPL-01,PROPOSAL,0.55,BEST_CASE,2026-03-13,26,145600,0,CLOSED_PERIOD
TEN-COOLIT-SYN-001,SITE-COOLIT-SYN-01,CRM,FORECAST_SNAPSHOT,FCST-064-009,OPP-0009,RESOLVED,2025-12-19T18:00:00-06:00,2026-09-26T08:00:00-06:00,2026-06-29T00:00:00-06:00,,1,,false,ACTIVE,,USD,VALID,CURRENT,coolit-synthetic-v2.0.0,CUST-009,PRG-001,CFG-RM-02,SYNTHETIC_INTERNAL,SNP-COOLIT-20260925-BL,SCN-BASELINE,FCST-064-009,2026-H64,OPP-0009,OPPL-0009,ACC-009,PRG-001,CFG-RM-02,PROPOSAL,0.55,BEST_CASE,2026-03-20,30,201000,0,CLOSED_PERIOD
TEN-COOLIT-SYN-001,SITE-COOLIT-SYN-01,CRM,FORECAST_SNAPSHOT,FCST-064-010,OPP-0010,RESOLVED,2025-12-19T18:00:00-06:00,2026-09-26T08:00:00-06:00,2026-06-29T00:00:00-06:00,,1,,false,ACTIVE,,USD,VALID,CURRENT,coolit-synthetic-v2.0.0,CUST-010,PRG-002,CFG-CDU-03,SYNTHETIC_INTERNAL,SNP-COOLIT-20260925-BL,SCN-BASELINE,FCST-064-010,2026-H64,OPP-0010,OPPL-0010,ACC-010,PRG-002,CFG-CDU-03,PROPOSAL,0.55,BEST_CASE,2026-03-27,5,495000,0,CLOSED_PERIOD
TEN-COOLIT-SYN-001,SITE-COOLIT-SYN-01,CRM,FORECAST_SNAPSHOT,FCST-064-011,OPP-0011,RESOLVED,2025-12-19T18:00:00-06:00,2026-09-26T08:00:00-06:00,2026-06-29T00:00:00-06:00,,1,,false,ACTIVE,,USD,VALID,CURRENT,coolit-synthetic-v2.0.0,CUST-001,PRG-003,CFG-CPL-04,SYNTHETIC_INTERNAL,SNP-COOLIT-20260925-BL,SCN-BASELINE,FCST-064-011,2026-H64,OPP-0011,OPPL-0011,ACC-001,PRG-003,CFG-CPL-04,PROPOSAL,0.55,BEST_CASE,2026-04-03,9,80100,0,CLOSED_PERIOD
TEN-COOLIT-SYN-001,SITE-COOLIT-SYN-01,CRM,FORECAST_SNAPSHOT,FCST-064-012,OPP-0012,RESOLVED,2025-12-19T18:00:00-06:00,2026-09-26T08:00:00-06:00,2026-06-29T00:00:00-06:00,,1,,false,ACTIVE,,USD,VALID,CURRENT,coolit-synthetic-v2.0.0,CUST-002,PRG-004,CFG-CDU-01,SYNTHETIC_INTERNAL,SNP-COOLIT-20260925-BL,SCN-BASELINE,FCST-064-012,2026-H64,OPP-0012,OPPL-0012,ACC-002,PRG-004,CFG-CDU-01,PROPOSAL,0.55,BEST_CASE,2026-04-10,12,972000,0,CLOSED_PERIOD
TEN-COOLIT-SYN-001,SITE-COOLIT-SYN-01,CRM,FORECAST_SNAPSHOT,FCST-064-013,OPP-0013,RESOLVED,2025-12-19T18:00:00-06:00,2026-09-26T08:00:00-06:00,2026-06-29T00:00:00-06:00,,1,,false,ACTIVE,,USD,VALID,CURRENT,coolit-synthetic-v2.0.0,CUST-003,PRG-005,CFG-CPL-02,SYNTHETIC_INTERNAL,SNP-COOLIT-20260925-BL,SCN-BASELINE,FCST-064-013,2026-H64,OPP-0013,OPPL-0013,ACC-003,PRG-005,CFG-CPL-02,PROPOSAL,0.55,BEST_CASE,2026-01-23,16,107200,0,CLOSED_PERIOD
TEN-COOLIT-SYN-001,SITE-COOLIT-SYN-01,CRM,FORECAST_SNAPSHOT,FCST-064-014,OPP-0014,RESOLVED,2025-12-19T18:00:00-06:00,2026-09-26T08:00:00-06:00,2026-06-29T00:00:00-06:00,,1,,false,ACTIVE,,USD,VALID,CURRENT,coolit-synthetic-v2.0.0,CUST-004,PRG-006,CFG-RM-03,SYNTHETIC_INTERNAL,SNP-COOLIT-20260925-BL,SCN-BASELINE,FCST-064-014,2026-H64,OPP-0014,OPPL-0014,ACC-004,PRG-006,CFG-RM-03,PROPOSAL,0.55,BEST_CASE,2026-01-30,20,156000,0,CLOSED_PERIOD
TEN-COOLIT-SYN-001,SITE-COOLIT-SYN-01,CRM,FORECAST_SNAPSHOT,FCST-064-015,OPP-0015,RESOLVED,2025-12-19T18:00:00-06:00,2026-09-26T08:00:00-06:00,2026-06-29T00:00:00-06:00,,1,,false,ACTIVE,,USD,VALID,CURRENT,coolit-synthetic-v2.0.0,CUST-005,PRG-007,CFG-CDU-04,SYNTHETIC_INTERNAL,SNP-COOLIT-20260925-BL,SCN-BASELINE,FCST-064-015,2026-H64,OPP-0015,OPPL-0015,ACC-005,PRG-007,CFG-CDU-04,PROPOSAL,0.55,BEST_CASE,2026-02-06,20,2160000,0,CLOSED_PERIOD
TEN-COOLIT-SYN-001,SITE-COOLIT-SYN-01,CRM,FORECAST_SNAPSHOT,FCST-065-001,OPP-0001,RESOLVED,2025-12-26T18:00:00-06:00,2026-09-26T08:00:00-06:00,2026-06-29T00:00:00-06:00,,1,,false,ACTIVE,,USD,VALID,CURRENT,coolit-synthetic-v2.0.0,CUST-001,PRG-001,CFG-CPL-02,SYNTHETIC_INTERNAL,SNP-COOLIT-20260925-BL,SCN-BASELINE,FCST-065-001,2026-H65,OPP-0001,OPPL-0001,ACC-001,PRG-001,CFG-CPL-02,PROPOSAL,0.55,BEST_CASE,2026-01-27,5,33500,0,CLOSED_PERIOD
TEN-COOLIT-SYN-001,SITE-COOLIT-SYN-01,CRM,FORECAST_SNAPSHOT,FCST-065-002,OPP-0002,RESOLVED,2025-12-26T18:00:00-06:00,2026-09-26T08:00:00-06:00,2026-06-29T00:00:00-06:00,,1,,false,ACTIVE,,USD,VALID,CURRENT,coolit-synthetic-v2.0.0,CUST-002,PRG-002,CFG-RM-03,SYNTHETIC_INTERNAL,SNP-COOLIT-20260925-BL,SCN-BASELINE,FCST-065-002,2026-H65,OPP-0002,OPPL-0002,ACC-002,PRG-002,CFG-RM-03,PROPOSAL,0.55,BEST_CASE,2026-02-03,8,62400,0,CLOSED_PERIOD
TEN-COOLIT-SYN-001,SITE-COOLIT-SYN-01,CRM,FORECAST_SNAPSHOT,FCST-065-003,OPP-0003,RESOLVED,2025-12-26T18:00:00-06:00,2026-09-26T08:00:00-06:00,2026-06-29T00:00:00-06:00,,1,,false,ACTIVE,,USD,VALID,CURRENT,coolit-synthetic-v2.0.0,CUST-003,PRG-003,CFG-CDU-04,SYNTHETIC_INTERNAL,SNP-COOLIT-20260925-BL,SCN-BASELINE,FCST-065-003,2026-H65,OPP-0003,OPPL-0003,ACC-003,PRG-003,CFG-CDU-04,PROPOSAL,0.55,BEST_CASE,2026-02-10,12,1296000,0,CLOSED_PERIOD
TEN-COOLIT-SYN-001,SITE-COOLIT-SYN-01,CRM,FORECAST_SNAPSHOT,FCST-065-004,OPP-0004,RESOLVED,2025-12-26T18:00:00-06:00,2026-09-26T08:00:00-06:00,2026-06-29T00:00:00-06:00,,1,,false,ACTIVE,,USD,VALID,CURRENT,coolit-synthetic-v2.0.0,CUST-004,PRG-004,CFG-RM-01,SYNTHETIC_INTERNAL,SNP-COOLIT-20260925-BL,SCN-BASELINE,FCST-065-004,2026-H65,OPP-0004,OPPL-0004,ACC-004,PRG-004,CFG-RM-01,PROPOSAL,0.55,BEST_CASE,2026-02-17,16,89600,0,CLOSED_PERIOD
TEN-COOLIT-SYN-001,SITE-COOLIT-SYN-01,CRM,FORECAST_SNAPSHOT,FCST-065-005,OPP-0005,RESOLVED,2025-12-26T18:00:00-06:00,2026-09-26T08:00:00-06:00,2026-06-29T00:00:00-06:00,,1,,false,ACTIVE,,USD,VALID,CURRENT,coolit-synthetic-v2.0.0,CUST-005,PRG-005,CFG-CDU-02,SYNTHETIC_INTERNAL,SNP-COOLIT-20260925-BL,SCN-BASELINE,FCST-065-005,2026-H65,OPP-0005,OPPL-0005,ACC-005,PRG-005,CFG-CDU-02,PROPOSAL,0.55,BEST_CASE,2026-02-24,20,1800000,0,CLOSED_PERIOD
TEN-COOLIT-SYN-001,SITE-COOLIT-SYN-01,CRM,FORECAST_SNAPSHOT,FCST-065-006,OPP-0006,RESOLVED,2025-12-26T18:00:00-06:00,2026-09-26T08:00:00-06:00,2026-06-29T00:00:00-06:00,,1,,false,ACTIVE,,USD,VALID,CURRENT,coolit-synthetic-v2.0.0,CUST-006,PRG-006,CFG-CPL-03,SYNTHETIC_INTERNAL,SNP-COOLIT-20260925-BL,SCN-BASELINE,FCST-065-006,2026-H65,OPP-0006,OPPL-0006,ACC-006,PRG-006,CFG-CPL-03,PROPOSAL,0.55,BEST_CASE,2026-03-03,24,187200,0,CLOSED_PERIOD
TEN-COOLIT-SYN-001,SITE-COOLIT-SYN-01,CRM,FORECAST_SNAPSHOT,FCST-065-007,OPP-0007,RESOLVED,2025-12-26T18:00:00-06:00,2026-09-26T08:00:00-06:00,2026-06-29T00:00:00-06:00,,1,,false,ACTIVE,,USD,VALID,CURRENT,coolit-synthetic-v2.0.0,CUST-007,PRG-007,CFG-RM-04,SYNTHETIC_INTERNAL,SNP-COOLIT-20260925-BL,SCN-BASELINE,FCST-065-007,2026-H65,OPP-0007,OPPL-0007,ACC-007,PRG-007,CFG-RM-04,PROPOSAL,0.55,BEST_CASE,2026-03-10,23,204700,0,CLOSED_PERIOD
TEN-COOLIT-SYN-001,SITE-COOLIT-SYN-01,CRM,FORECAST_SNAPSHOT,FCST-065-008,OPP-0008,RESOLVED,2025-12-26T18:00:00-06:00,2026-09-26T08:00:00-06:00,2026-06-29T00:00:00-06:00,,1,,false,ACTIVE,,USD,VALID,CURRENT,coolit-synthetic-v2.0.0,CUST-008,PRG-008,CFG-CPL-01,SYNTHETIC_INTERNAL,SNP-COOLIT-20260925-BL,SCN-BASELINE,FCST-065-008,2026-H65,OPP-0008,OPPL-0008,ACC-008,PRG-008,CFG-CPL-01,PROPOSAL,0.55,BEST_CASE,2026-03-17,27,151200,0,CLOSED_PERIOD
TEN-COOLIT-SYN-001,SITE-COOLIT-SYN-01,CRM,FORECAST_SNAPSHOT,FCST-065-009,OPP-0009,RESOLVED,2025-12-26T18:00:00-06:00,2026-09-26T08:00:00-06:00,2026-06-29T00:00:00-06:00,,1,,false,ACTIVE,,USD,VALID,CURRENT,coolit-synthetic-v2.0.0,CUST-009,PRG-001,CFG-RM-02,SYNTHETIC_INTERNAL,SNP-COOLIT-20260925-BL,SCN-BASELINE,FCST-065-009,2026-H65,OPP-0009,OPPL-0009,ACC-009,PRG-001,CFG-RM-02,PROPOSAL,0.55,BEST_CASE,2026-03-24,31,207700,0,CLOSED_PERIOD
TEN-COOLIT-SYN-001,SITE-COOLIT-SYN-01,CRM,FORECAST_SNAPSHOT,FCST-065-010,OPP-0010,RESOLVED,2025-12-26T18:00:00-06:00,2026-09-26T08:00:00-06:00,2026-06-29T00:00:00-06:00,,1,,false,ACTIVE,,USD,VALID,CURRENT,coolit-synthetic-v2.0.0,CUST-010,PRG-002,CFG-CDU-03,SYNTHETIC_INTERNAL,SNP-COOLIT-20260925-BL,SCN-BASELINE,FCST-065-010,2026-H65,OPP-0010,OPPL-0010,ACC-010,PRG-002,CFG-CDU-03,PROPOSAL,0.55,BEST_CASE,2026-03-31,5,495000,0,CLOSED_PERIOD
TEN-COOLIT-SYN-001,SITE-COOLIT-SYN-01,CRM,FORECAST_SNAPSHOT,FCST-065-011,OPP-0011,RESOLVED,2025-12-26T18:00:00-06:00,2026-09-26T08:00:00-06:00,2026-06-29T00:00:00-06:00,,1,,false,ACTIVE,,USD,VALID,CURRENT,coolit-synthetic-v2.0.0,CUST-001,PRG-003,CFG-CPL-04,SYNTHETIC_INTERNAL,SNP-COOLIT-20260925-BL,SCN-BASELINE,FCST-065-011,2026-H65,OPP-0011,OPPL-0011,ACC-001,PRG-003,CFG-CPL-04,PROPOSAL,0.55,BEST_CASE,2026-04-07,9,80100,0,CLOSED_PERIOD
TEN-COOLIT-SYN-001,SITE-COOLIT-SYN-01,CRM,FORECAST_SNAPSHOT,FCST-065-012,OPP-0012,RESOLVED,2025-12-26T18:00:00-06:00,2026-09-26T08:00:00-06:00,2026-06-29T00:00:00-06:00,,1,,false,ACTIVE,,USD,VALID,CURRENT,coolit-synthetic-v2.0.0,CUST-002,PRG-004,CFG-CDU-01,SYNTHETIC_INTERNAL,SNP-COOLIT-20260925-BL,SCN-BASELINE,FCST-065-012,2026-H65,OPP-0012,OPPL-0012,ACC-002,PRG-004,CFG-CDU-01,PROPOSAL,0.55,BEST_CASE,2026-04-14,13,1053000,0,CLOSED_PERIOD
TEN-COOLIT-SYN-001,SITE-COOLIT-SYN-01,CRM,FORECAST_SNAPSHOT,FCST-065-013,OPP-0013,RESOLVED,2025-12-26T18:00:00-06:00,2026-09-26T08:00:00-06:00,2026-06-29T00:00:00-06:00,,1,,false,ACTIVE,,USD,VALID,CURRENT,coolit-synthetic-v2.0.0,CUST-003,PRG-005,CFG-CPL-02,SYNTHETIC_INTERNAL,SNP-COOLIT-20260925-BL,SCN-BASELINE,FCST-065-013,2026-H65,OPP-0013,OPPL-0013,ACC-003,PRG-005,CFG-CPL-02,PROPOSAL,0.55,BEST_CASE,2026-01-27,17,113900,0,CLOSED_PERIOD
TEN-COOLIT-SYN-001,SITE-COOLIT-SYN-01,CRM,FORECAST_SNAPSHOT,FCST-065-014,OPP-0014,RESOLVED,2025-12-26T18:00:00-06:00,2026-09-26T08:00:00-06:00,2026-06-29T00:00:00-06:00,,1,,false,ACTIVE,,USD,VALID,CURRENT,coolit-synthetic-v2.0.0,CUST-004,PRG-006,CFG-RM-03,SYNTHETIC_INTERNAL,SNP-COOLIT-20260925-BL,SCN-BASELINE,FCST-065-014,2026-H65,OPP-0014,OPPL-0014,ACC-004,PRG-006,CFG-RM-03,PROPOSAL,0.55,BEST_CASE,2026-02-03,17,132600,0,CLOSED_PERIOD
TEN-COOLIT-SYN-001,SITE-COOLIT-SYN-01,CRM,FORECAST_SNAPSHOT,FCST-065-015,OPP-0015,RESOLVED,2025-12-26T18:00:00-06:00,2026-09-26T08:00:00-06:00,2026-06-29T00:00:00-06:00,,1,,false,ACTIVE,,USD,VALID,CURRENT,coolit-synthetic-v2.0.0,CUST-005,PRG-007,CFG-CDU-04,SYNTHETIC_INTERNAL,SNP-COOLIT-20260925-BL,SCN-BASELINE,FCST-065-015,2026-H65,OPP-0015,OPPL-0015,ACC-005,PRG-007,CFG-CDU-04,PROPOSAL,0.55,BEST_CASE,2026-02-10,20,2160000,0,CLOSED_PERIOD
TEN-COOLIT-SYN-001,SITE-COOLIT-SYN-01,CRM,FORECAST_SNAPSHOT,FCST-066-001,OPP-0001,RESOLVED,2026-01-02T18:00:00-06:00,2026-09-26T08:00:00-06:00,2026-06-29T00:00:00-06:00,,1,,false,ACTIVE,,USD,VALID,CURRENT,coolit-synthetic-v2.0.0,CUST-001,PRG-001,CFG-CPL-02,SYNTHETIC_INTERNAL,SNP-COOLIT-20260925-BL,SCN-BASELINE,FCST-066-001,2026-H66,OPP-0001,OPPL-0001,ACC-001,PRG-001,CFG-CPL-02,PROPOSAL,0.55,BEST_CASE,2026-01-31,5,33500,0,CLOSED_PERIOD
TEN-COOLIT-SYN-001,SITE-COOLIT-SYN-01,CRM,FORECAST_SNAPSHOT,FCST-066-002,OPP-0002,RESOLVED,2026-01-02T18:00:00-06:00,2026-09-26T08:00:00-06:00,2026-06-29T00:00:00-06:00,,1,,false,ACTIVE,,USD,VALID,CURRENT,coolit-synthetic-v2.0.0,CUST-002,PRG-002,CFG-RM-03,SYNTHETIC_INTERNAL,SNP-COOLIT-20260925-BL,SCN-BASELINE,FCST-066-002,2026-H66,OPP-0002,OPPL-0002,ACC-002,PRG-002,CFG-RM-03,PROPOSAL,0.55,BEST_CASE,2026-02-07,9,70200,0,CLOSED_PERIOD
TEN-COOLIT-SYN-001,SITE-COOLIT-SYN-01,CRM,FORECAST_SNAPSHOT,FCST-066-003,OPP-0003,RESOLVED,2026-01-02T18:00:00-06:00,2026-09-26T08:00:00-06:00,2026-06-29T00:00:00-06:00,,1,,false,ACTIVE,,USD,VALID,CURRENT,coolit-synthetic-v2.0.0,CUST-003,PRG-003,CFG-CDU-04,SYNTHETIC_INTERNAL,SNP-COOLIT-20260925-BL,SCN-BASELINE,FCST-066-003,2026-H66,OPP-0003,OPPL-0003,ACC-003,PRG-003,CFG-CDU-04,PROPOSAL,0.55,BEST_CASE,2026-02-14,12,1296000,0,CLOSED_PERIOD
TEN-COOLIT-SYN-001,SITE-COOLIT-SYN-01,CRM,FORECAST_SNAPSHOT,FCST-066-004,OPP-0004,RESOLVED,2026-01-02T18:00:00-06:00,2026-09-26T08:00:00-06:00,2026-06-29T00:00:00-06:00,,1,,false,ACTIVE,,USD,VALID,CURRENT,coolit-synthetic-v2.0.0,CUST-004,PRG-004,CFG-RM-01,SYNTHETIC_INTERNAL,SNP-COOLIT-20260925-BL,SCN-BASELINE,FCST-066-004,2026-H66,OPP-0004,OPPL-0004,ACC-004,PRG-004,CFG-RM-01,PROPOSAL,0.55,BEST_CASE,2026-02-21,16,89600,0,CLOSED_PERIOD
TEN-COOLIT-SYN-001,SITE-COOLIT-SYN-01,CRM,FORECAST_SNAPSHOT,FCST-066-005,OPP-0005,RESOLVED,2026-01-02T18:00:00-06:00,2026-09-26T08:00:00-06:00,2026-06-29T00:00:00-06:00,,1,,false,ACTIVE,,USD,VALID,CURRENT,coolit-synthetic-v2.0.0,CUST-005,PRG-005,CFG-CDU-02,SYNTHETIC_INTERNAL,SNP-COOLIT-20260925-BL,SCN-BASELINE,FCST-066-005,2026-H66,OPP-0005,OPPL-0005,ACC-005,PRG-005,CFG-CDU-02,PROPOSAL,0.55,BEST_CASE,2026-02-28,20,1800000,0,CLOSED_PERIOD
TEN-COOLIT-SYN-001,SITE-COOLIT-SYN-01,CRM,FORECAST_SNAPSHOT,FCST-066-006,OPP-0006,RESOLVED,2026-01-02T18:00:00-06:00,2026-09-26T08:00:00-06:00,2026-06-29T00:00:00-06:00,,1,,false,ACTIVE,,USD,VALID,CURRENT,coolit-synthetic-v2.0.0,CUST-006,PRG-006,CFG-CPL-03,SYNTHETIC_INTERNAL,SNP-COOLIT-20260925-BL,SCN-BASELINE,FCST-066-006,2026-H66,OPP-0006,OPPL-0006,ACC-006,PRG-006,CFG-CPL-03,PROPOSAL,0.55,BEST_CASE,2026-03-07,20,156000,0,CLOSED_PERIOD
TEN-COOLIT-SYN-001,SITE-COOLIT-SYN-01,CRM,FORECAST_SNAPSHOT,FCST-066-007,OPP-0007,RESOLVED,2026-01-02T18:00:00-06:00,2026-09-26T08:00:00-06:00,2026-06-29T00:00:00-06:00,,1,,false,ACTIVE,,USD,VALID,CURRENT,coolit-synthetic-v2.0.0,CUST-007,PRG-007,CFG-RM-04,SYNTHETIC_INTERNAL,SNP-COOLIT-20260925-BL,SCN-BASELINE,FCST-066-007,2026-H66,OPP-0007,OPPL-0007,ACC-007,PRG-007,CFG-RM-04,PROPOSAL,0.55,BEST_CASE,2026-03-14,24,213600,0,CLOSED_PERIOD
TEN-COOLIT-SYN-001,SITE-COOLIT-SYN-01,CRM,FORECAST_SNAPSHOT,FCST-066-008,OPP-0008,RESOLVED,2026-01-02T18:00:00-06:00,2026-09-26T08:00:00-06:00,2026-06-29T00:00:00-06:00,,1,,false,ACTIVE,,USD,VALID,CURRENT,coolit-synthetic-v2.0.0,CUST-008,PRG-008,CFG-CPL-01,SYNTHETIC_INTERNAL,SNP-COOLIT-20260925-BL,SCN-BASELINE,FCST-066-008,2026-H66,OPP-0008,OPPL-0008,ACC-008,PRG-008,CFG-CPL-01,NEGOTIATION,0.75,COMMIT,2026-03-21,37,207200,0,CLOSED_PERIOD
TEN-COOLIT-SYN-001,SITE-COOLIT-SYN-01,CRM,FORECAST_SNAPSHOT,FCST-066-009,OPP-0009,RESOLVED,2026-01-02T18:00:00-06:00,2026-09-26T08:00:00-06:00,2026-06-29T00:00:00-06:00,,1,,false,ACTIVE,,USD,VALID,CURRENT,coolit-synthetic-v2.0.0,CUST-009,PRG-001,CFG-RM-02,SYNTHETIC_INTERNAL,SNP-COOLIT-20260925-BL,SCN-BASELINE,FCST-066-009,2026-H66,OPP-0009,OPPL-0009,ACC-009,PRG-001,CFG-RM-02,PROPOSAL,0.55,BEST_CASE,2026-03-28,32,214400,0,CLOSED_PERIOD
TEN-COOLIT-SYN-001,SITE-COOLIT-SYN-01,CRM,FORECAST_SNAPSHOT,FCST-066-010,OPP-0010,RESOLVED,2026-01-02T18:00:00-06:00,2026-09-26T08:00:00-06:00,2026-06-29T00:00:00-06:00,,1,,false,ACTIVE,,USD,VALID,CURRENT,coolit-synthetic-v2.0.0,CUST-010,PRG-002,CFG-CDU-03,SYNTHETIC_INTERNAL,SNP-COOLIT-20260925-BL,SCN-BASELINE,FCST-066-010,2026-H66,OPP-0010,OPPL-0010,ACC-010,PRG-002,CFG-CDU-03,PROPOSAL,0.55,BEST_CASE,2026-04-04,6,594000,0,CLOSED_PERIOD
TEN-COOLIT-SYN-001,SITE-COOLIT-SYN-01,CRM,FORECAST_SNAPSHOT,FCST-066-011,OPP-0011,RESOLVED,2026-01-02T18:00:00-06:00,2026-09-26T08:00:00-06:00,2026-06-29T00:00:00-06:00,,1,,false,ACTIVE,,USD,VALID,CURRENT,coolit-synthetic-v2.0.0,CUST-001,PRG-003,CFG-CPL-04,SYNTHETIC_INTERNAL,SNP-COOLIT-20260925-BL,SCN-BASELINE,FCST-066-011,2026-H66,OPP-0011,OPPL-0011,ACC-001,PRG-003,CFG-CPL-04,PROPOSAL,0.55,BEST_CASE,2026-04-11,9,80100,0,CLOSED_PERIOD
TEN-COOLIT-SYN-001,SITE-COOLIT-SYN-01,CRM,FORECAST_SNAPSHOT,FCST-066-012,OPP-0012,RESOLVED,2026-01-02T18:00:00-06:00,2026-09-26T08:00:00-06:00,2026-06-29T00:00:00-06:00,,1,,false,ACTIVE,,USD,VALID,CURRENT,coolit-synthetic-v2.0.0,CUST-002,PRG-004,CFG-CDU-01,SYNTHETIC_INTERNAL,SNP-COOLIT-20260925-BL,SCN-BASELINE,FCST-066-012,2026-H66,OPP-0012,OPPL-0012,ACC-002,PRG-004,CFG-CDU-01,PROPOSAL,0.55,BEST_CASE,2026-04-18,13,1053000,0,CLOSED_PERIOD
TEN-COOLIT-SYN-001,SITE-COOLIT-SYN-01,CRM,FORECAST_SNAPSHOT,FCST-066-013,OPP-0013,RESOLVED,2026-01-02T18:00:00-06:00,2026-09-26T08:00:00-06:00,2026-06-29T00:00:00-06:00,,1,,false,ACTIVE,,USD,VALID,CURRENT,coolit-synthetic-v2.0.0,CUST-003,PRG-005,CFG-CPL-02,SYNTHETIC_INTERNAL,SNP-COOLIT-20260925-BL,SCN-BASELINE,FCST-066-013,2026-H66,OPP-0013,OPPL-0013,ACC-003,PRG-005,CFG-CPL-02,PROPOSAL,0.55,BEST_CASE,2026-01-31,14,93800,0,CLOSED_PERIOD
TEN-COOLIT-SYN-001,SITE-COOLIT-SYN-01,CRM,FORECAST_SNAPSHOT,FCST-066-014,OPP-0014,RESOLVED,2026-01-02T18:00:00-06:00,2026-09-26T08:00:00-06:00,2026-06-29T00:00:00-06:00,,1,,false,ACTIVE,,USD,VALID,CURRENT,coolit-synthetic-v2.0.0,CUST-004,PRG-006,CFG-RM-03,SYNTHETIC_INTERNAL,SNP-COOLIT-20260925-BL,SCN-BASELINE,FCST-066-014,2026-H66,OPP-0014,OPPL-0014,ACC-004,PRG-006,CFG-RM-03,PROPOSAL,0.55,BEST_CASE,2026-02-07,17,132600,0,CLOSED_PERIOD
TEN-COOLIT-SYN-001,SITE-COOLIT-SYN-01,CRM,FORECAST_SNAPSHOT,FCST-066-015,OPP-0015,RESOLVED,2026-01-02T18:00:00-06:00,2026-09-26T08:00:00-06:00,2026-06-29T00:00:00-06:00,,1,,false,ACTIVE,,USD,VALID,CURRENT,coolit-synthetic-v2.0.0,CUST-005,PRG-007,CFG-CDU-04,SYNTHETIC_INTERNAL,SNP-COOLIT-20260925-BL,SCN-BASELINE,FCST-066-015,2026-H66,OPP-0015,OPPL-0015,ACC-005,PRG-007,CFG-CDU-04,PROPOSAL,0.55,BEST_CASE,2026-02-14,21,2268000,0,CLOSED_PERIOD
TEN-COOLIT-SYN-001,SITE-COOLIT-SYN-01,CRM,FORECAST_SNAPSHOT,FCST-067-001,OPP-0001,RESOLVED,2026-01-09T18:00:00-06:00,2026-09-26T08:00:00-06:00,2026-06-29T00:00:00-06:00,,1,,false,ACTIVE,,USD,VALID,CURRENT,coolit-synthetic-v2.0.0,CUST-001,PRG-001,CFG-CPL-02,SYNTHETIC_INTERNAL,SNP-COOLIT-20260925-BL,SCN-BASELINE,FCST-067-001,2026-H67,OPP-0001,OPPL-0001,ACC-001,PRG-001,CFG-CPL-02,PROPOSAL,0.55,BEST_CASE,2026-02-04,5,33500,0,CLOSED_PERIOD
TEN-COOLIT-SYN-001,SITE-COOLIT-SYN-01,CRM,FORECAST_SNAPSHOT,FCST-067-002,OPP-0002,RESOLVED,2026-01-09T18:00:00-06:00,2026-09-26T08:00:00-06:00,2026-06-29T00:00:00-06:00,,1,,false,ACTIVE,,USD,VALID,CURRENT,coolit-synthetic-v2.0.0,CUST-002,PRG-002,CFG-RM-03,SYNTHETIC_INTERNAL,SNP-COOLIT-20260925-BL,SCN-BASELINE,FCST-067-002,2026-H67,OPP-0002,OPPL-0002,ACC-002,PRG-002,CFG-RM-03,PROPOSAL,0.55,BEST_CASE,2026-02-11,9,70200,0,CLOSED_PERIOD
TEN-COOLIT-SYN-001,SITE-COOLIT-SYN-01,CRM,FORECAST_SNAPSHOT,FCST-067-003,OPP-0003,RESOLVED,2026-01-09T18:00:00-06:00,2026-09-26T08:00:00-06:00,2026-06-29T00:00:00-06:00,,1,,false,ACTIVE,,USD,VALID,CURRENT,coolit-synthetic-v2.0.0,CUST-003,PRG-003,CFG-CDU-04,SYNTHETIC_INTERNAL,SNP-COOLIT-20260925-BL,SCN-BASELINE,FCST-067-003,2026-H67,OPP-0003,OPPL-0003,ACC-003,PRG-003,CFG-CDU-04,PROPOSAL,0.55,BEST_CASE,2026-02-18,13,1404000,0,CLOSED_PERIOD
TEN-COOLIT-SYN-001,SITE-COOLIT-SYN-01,CRM,FORECAST_SNAPSHOT,FCST-067-004,OPP-0004,RESOLVED,2026-01-09T18:00:00-06:00,2026-09-26T08:00:00-06:00,2026-06-29T00:00:00-06:00,,1,,false,ACTIVE,,USD,VALID,CURRENT,coolit-synthetic-v2.0.0,CUST-004,PRG-004,CFG-RM-01,SYNTHETIC_INTERNAL,SNP-COOLIT-20260925-BL,SCN-BASELINE,FCST-067-004,2026-H67,OPP-0004,OPPL-0004,ACC-004,PRG-004,CFG-RM-01,PROPOSAL,0.55,BEST_CASE,2026-02-25,17,95200,0,CLOSED_PERIOD
TEN-COOLIT-SYN-001,SITE-COOLIT-SYN-01,CRM,FORECAST_SNAPSHOT,FCST-067-005,OPP-0005,RESOLVED,2026-01-09T18:00:00-06:00,2026-09-26T08:00:00-06:00,2026-06-29T00:00:00-06:00,,1,,false,ACTIVE,,USD,VALID,CURRENT,coolit-synthetic-v2.0.0,CUST-005,PRG-005,CFG-CDU-02,SYNTHETIC_INTERNAL,SNP-COOLIT-20260925-BL,SCN-BASELINE,FCST-067-005,2026-H67,OPP-0005,OPPL-0005,ACC-005,PRG-005,CFG-CDU-02,PROPOSAL,0.55,BEST_CASE,2026-03-04,17,1530000,0,CLOSED_PERIOD
TEN-COOLIT-SYN-001,SITE-COOLIT-SYN-01,CRM,FORECAST_SNAPSHOT,FCST-067-006,OPP-0006,RESOLVED,2026-01-09T18:00:00-06:00,2026-09-26T08:00:00-06:00,2026-06-29T00:00:00-06:00,,1,,false,ACTIVE,,USD,VALID,CURRENT,coolit-synthetic-v2.0.0,CUST-006,PRG-006,CFG-CPL-03,SYNTHETIC_INTERNAL,SNP-COOLIT-20260925-BL,SCN-BASELINE,FCST-067-006,2026-H67,OPP-0006,OPPL-0006,ACC-006,PRG-006,CFG-CPL-03,PROPOSAL,0.55,BEST_CASE,2026-03-11,20,156000,0,CLOSED_PERIOD
TEN-COOLIT-SYN-001,SITE-COOLIT-SYN-01,CRM,FORECAST_SNAPSHOT,FCST-067-007,OPP-0007,RESOLVED,2026-01-09T18:00:00-06:00,2026-09-26T08:00:00-06:00,2026-06-29T00:00:00-06:00,,1,,false,ACTIVE,,USD,VALID,CURRENT,coolit-synthetic-v2.0.0,CUST-007,PRG-007,CFG-RM-04,SYNTHETIC_INTERNAL,SNP-COOLIT-20260925-BL,SCN-BASELINE,FCST-067-007,2026-H67,OPP-0007,OPPL-0007,ACC-007,PRG-007,CFG-RM-04,NEGOTIATION,0.75,COMMIT,2026-03-18,33,293700,0,CLOSED_PERIOD
TEN-COOLIT-SYN-001,SITE-COOLIT-SYN-01,CRM,FORECAST_SNAPSHOT,FCST-067-008,OPP-0008,RESOLVED,2026-01-09T18:00:00-06:00,2026-09-26T08:00:00-06:00,2026-06-29T00:00:00-06:00,,1,,false,ACTIVE,,USD,VALID,CURRENT,coolit-synthetic-v2.0.0,CUST-008,PRG-008,CFG-CPL-01,SYNTHETIC_INTERNAL,SNP-COOLIT-20260925-BL,SCN-BASELINE,FCST-067-008,2026-H67,OPP-0008,OPPL-0008,ACC-008,PRG-008,CFG-CPL-01,NEGOTIATION,0.75,COMMIT,2026-03-25,39,218400,0,CLOSED_PERIOD
TEN-COOLIT-SYN-001,SITE-COOLIT-SYN-01,CRM,FORECAST_SNAPSHOT,FCST-067-009,OPP-0009,RESOLVED,2026-01-09T18:00:00-06:00,2026-09-26T08:00:00-06:00,2026-06-29T00:00:00-06:00,,1,,false,ACTIVE,,USD,VALID,CURRENT,coolit-synthetic-v2.0.0,CUST-009,PRG-001,CFG-RM-02,SYNTHETIC_INTERNAL,SNP-COOLIT-20260925-BL,SCN-BASELINE,FCST-067-009,2026-H67,OPP-0009,OPPL-0009,ACC-009,PRG-001,CFG-RM-02,PROPOSAL,0.55,BEST_CASE,2026-04-01,33,221100,0,CLOSED_PERIOD
TEN-COOLIT-SYN-001,SITE-COOLIT-SYN-01,CRM,FORECAST_SNAPSHOT,FCST-067-010,OPP-0010,RESOLVED,2026-01-09T18:00:00-06:00,2026-09-26T08:00:00-06:00,2026-06-29T00:00:00-06:00,,1,,false,ACTIVE,,USD,VALID,CURRENT,coolit-synthetic-v2.0.0,CUST-010,PRG-002,CFG-CDU-03,SYNTHETIC_INTERNAL,SNP-COOLIT-20260925-BL,SCN-BASELINE,FCST-067-010,2026-H67,OPP-0010,OPPL-0010,ACC-010,PRG-002,CFG-CDU-03,PROPOSAL,0.55,BEST_CASE,2026-04-08,6,594000,0,CLOSED_PERIOD
TEN-COOLIT-SYN-001,SITE-COOLIT-SYN-01,CRM,FORECAST_SNAPSHOT,FCST-067-011,OPP-0011,RESOLVED,2026-01-09T18:00:00-06:00,2026-09-26T08:00:00-06:00,2026-06-29T00:00:00-06:00,,1,,false,ACTIVE,,USD,VALID,CURRENT,coolit-synthetic-v2.0.0,CUST-001,PRG-003,CFG-CPL-04,SYNTHETIC_INTERNAL,SNP-COOLIT-20260925-BL,SCN-BASELINE,FCST-067-011,2026-H67,OPP-0011,OPPL-0011,ACC-001,PRG-003,CFG-CPL-04,PROPOSAL,0.55,BEST_CASE,2026-04-15,10,89000,0,CLOSED_PERIOD
TEN-COOLIT-SYN-001,SITE-COOLIT-SYN-01,CRM,FORECAST_SNAPSHOT,FCST-067-012,OPP-0012,RESOLVED,2026-01-09T18:00:00-06:00,2026-09-26T08:00:00-06:00,2026-06-29T00:00:00-06:00,,1,,false,ACTIVE,,USD,VALID,CURRENT,coolit-synthetic-v2.0.0,CUST-002,PRG-004,CFG-CDU-01,SYNTHETIC_INTERNAL,SNP-COOLIT-20260925-BL,SCN-BASELINE,FCST-067-012,2026-H67,OPP-0012,OPPL-0012,ACC-002,PRG-004,CFG-CDU-01,PROPOSAL,0.55,BEST_CASE,2026-04-22,11,891000,0,CLOSED_PERIOD
TEN-COOLIT-SYN-001,SITE-COOLIT-SYN-01,CRM,FORECAST_SNAPSHOT,FCST-067-013,OPP-0013,RESOLVED,2026-01-09T18:00:00-06:00,2026-09-26T08:00:00-06:00,2026-06-29T00:00:00-06:00,,1,,false,ACTIVE,,USD,VALID,CURRENT,coolit-synthetic-v2.0.0,CUST-003,PRG-005,CFG-CPL-02,SYNTHETIC_INTERNAL,SNP-COOLIT-20260925-BL,SCN-BASELINE,FCST-067-013,2026-H67,OPP-0013,OPPL-0013,ACC-003,PRG-005,CFG-CPL-02,PROPOSAL,0.55,BEST_CASE,2026-02-04,14,93800,0,CLOSED_PERIOD
TEN-COOLIT-SYN-001,SITE-COOLIT-SYN-01,CRM,FORECAST_SNAPSHOT,FCST-067-014,OPP-0014,RESOLVED,2026-01-09T18:00:00-06:00,2026-09-26T08:00:00-06:00,2026-06-29T00:00:00-06:00,,1,,false,ACTIVE,,USD,VALID,CURRENT,coolit-synthetic-v2.0.0,CUST-004,PRG-006,CFG-RM-03,SYNTHETIC_INTERNAL,SNP-COOLIT-20260925-BL,SCN-BASELINE,FCST-067-014,2026-H67,OPP-0014,OPPL-0014,ACC-004,PRG-006,CFG-RM-03,PROPOSAL,0.55,BEST_CASE,2026-02-11,18,140400,0,CLOSED_PERIOD
TEN-COOLIT-SYN-001,SITE-COOLIT-SYN-01,CRM,FORECAST_SNAPSHOT,FCST-067-015,OPP-0015,RESOLVED,2026-01-09T18:00:00-06:00,2026-09-26T08:00:00-06:00,2026-06-29T00:00:00-06:00,,1,,false,ACTIVE,,USD,VALID,CURRENT,coolit-synthetic-v2.0.0,CUST-005,PRG-007,CFG-CDU-04,SYNTHETIC_INTERNAL,SNP-COOLIT-20260925-BL,SCN-BASELINE,FCST-067-015,2026-H67,OPP-0015,OPPL-0015,ACC-005,PRG-007,CFG-CDU-04,NEGOTIATION,0.75,COMMIT,2026-02-18,30,3240000,0,CLOSED_PERIOD
TEN-COOLIT-SYN-001,SITE-COOLIT-SYN-01,CRM,FORECAST_SNAPSHOT,FCST-068-001,OPP-0001,RESOLVED,2026-01-16T18:00:00-06:00,2026-09-26T08:00:00-06:00,2026-06-29T00:00:00-06:00,,1,,false,ACTIVE,,USD,VALID,CURRENT,coolit-synthetic-v2.0.0,CUST-001,PRG-001,CFG-CPL-02,SYNTHETIC_INTERNAL,SNP-COOLIT-20260925-BL,SCN-BASELINE,FCST-068-001,2026-H68,OPP-0001,OPPL-0001,ACC-001,PRG-001,CFG-CPL-02,PROPOSAL,0.55,BEST_CASE,2026-02-08,6,40200,0,CLOSED_PERIOD
TEN-COOLIT-SYN-001,SITE-COOLIT-SYN-01,CRM,FORECAST_SNAPSHOT,FCST-068-002,OPP-0002,RESOLVED,2026-01-16T18:00:00-06:00,2026-09-26T08:00:00-06:00,2026-06-29T00:00:00-06:00,,1,,false,ACTIVE,,USD,VALID,CURRENT,coolit-synthetic-v2.0.0,CUST-002,PRG-002,CFG-RM-03,SYNTHETIC_INTERNAL,SNP-COOLIT-20260925-BL,SCN-BASELINE,FCST-068-002,2026-H68,OPP-0002,OPPL-0002,ACC-002,PRG-002,CFG-RM-03,PROPOSAL,0.55,BEST_CASE,2026-02-15,9,70200,0,CLOSED_PERIOD
TEN-COOLIT-SYN-001,SITE-COOLIT-SYN-01,CRM,FORECAST_SNAPSHOT,FCST-068-003,OPP-0003,RESOLVED,2026-01-16T18:00:00-06:00,2026-09-26T08:00:00-06:00,2026-06-29T00:00:00-06:00,,1,,false,ACTIVE,,USD,VALID,CURRENT,coolit-synthetic-v2.0.0,CUST-003,PRG-003,CFG-CDU-04,SYNTHETIC_INTERNAL,SNP-COOLIT-20260925-BL,SCN-BASELINE,FCST-068-003,2026-H68,OPP-0003,OPPL-0003,ACC-003,PRG-003,CFG-CDU-04,PROPOSAL,0.55,BEST_CASE,2026-02-22,13,1404000,0,CLOSED_PERIOD
TEN-COOLIT-SYN-001,SITE-COOLIT-SYN-01,CRM,FORECAST_SNAPSHOT,FCST-068-004,OPP-0004,RESOLVED,2026-01-16T18:00:00-06:00,2026-09-26T08:00:00-06:00,2026-06-29T00:00:00-06:00,,1,,false,ACTIVE,,USD,VALID,CURRENT,coolit-synthetic-v2.0.0,CUST-004,PRG-004,CFG-RM-01,SYNTHETIC_INTERNAL,SNP-COOLIT-20260925-BL,SCN-BASELINE,FCST-068-004,2026-H68,OPP-0004,OPPL-0004,ACC-004,PRG-004,CFG-RM-01,PROPOSAL,0.55,BEST_CASE,2026-03-01,14,78400,0,CLOSED_PERIOD
TEN-COOLIT-SYN-001,SITE-COOLIT-SYN-01,CRM,FORECAST_SNAPSHOT,FCST-068-005,OPP-0005,RESOLVED,2026-01-16T18:00:00-06:00,2026-09-26T08:00:00-06:00,2026-06-29T00:00:00-06:00,,1,,false,ACTIVE,,USD,VALID,CURRENT,coolit-synthetic-v2.0.0,CUST-005,PRG-005,CFG-CDU-02,SYNTHETIC_INTERNAL,SNP-COOLIT-20260925-BL,SCN-BASELINE,FCST-068-005,2026-H68,OPP-0005,OPPL-0005,ACC-005,PRG-005,CFG-CDU-02,PROPOSAL,0.55,BEST_CASE,2026-03-08,17,1530000,0,CLOSED_PERIOD
TEN-COOLIT-SYN-001,SITE-COOLIT-SYN-01,CRM,FORECAST_SNAPSHOT,FCST-068-006,OPP-0006,RESOLVED,2026-01-16T18:00:00-06:00,2026-09-26T08:00:00-06:00,2026-06-29T00:00:00-06:00,,1,,false,ACTIVE,,USD,VALID,CURRENT,coolit-synthetic-v2.0.0,CUST-006,PRG-006,CFG-CPL-03,SYNTHETIC_INTERNAL,SNP-COOLIT-20260925-BL,SCN-BASELINE,FCST-068-006,2026-H68,OPP-0006,OPPL-0006,ACC-006,PRG-006,CFG-CPL-03,NEGOTIATION,0.75,COMMIT,2026-03-15,29,226200,0,CLOSED_PERIOD
TEN-COOLIT-SYN-001,SITE-COOLIT-SYN-01,CRM,FORECAST_SNAPSHOT,FCST-068-007,OPP-0007,RESOLVED,2026-01-16T18:00:00-06:00,2026-09-26T08:00:00-06:00,2026-06-29T00:00:00-06:00,,1,,false,ACTIVE,,USD,VALID,CURRENT,coolit-synthetic-v2.0.0,CUST-007,PRG-007,CFG-RM-04,SYNTHETIC_INTERNAL,SNP-COOLIT-20260925-BL,SCN-BASELINE,FCST-068-007,2026-H68,OPP-0007,OPPL-0007,ACC-007,PRG-007,CFG-RM-04,NEGOTIATION,0.75,COMMIT,2026-03-22,34,302600,0,CLOSED_PERIOD
TEN-COOLIT-SYN-001,SITE-COOLIT-SYN-01,CRM,FORECAST_SNAPSHOT,FCST-068-008,OPP-0008,RESOLVED,2026-01-16T18:00:00-06:00,2026-09-26T08:00:00-06:00,2026-06-29T00:00:00-06:00,,1,,false,ACTIVE,,USD,VALID,CURRENT,coolit-synthetic-v2.0.0,CUST-008,PRG-008,CFG-CPL-01,SYNTHETIC_INTERNAL,SNP-COOLIT-20260925-BL,SCN-BASELINE,FCST-068-008,2026-H68,OPP-0008,OPPL-0008,ACC-008,PRG-008,CFG-CPL-01,NEGOTIATION,0.75,COMMIT,2026-03-29,40,224000,0,CLOSED_PERIOD
TEN-COOLIT-SYN-001,SITE-COOLIT-SYN-01,CRM,FORECAST_SNAPSHOT,FCST-068-009,OPP-0009,RESOLVED,2026-01-16T18:00:00-06:00,2026-09-26T08:00:00-06:00,2026-06-29T00:00:00-06:00,,1,,false,ACTIVE,,USD,VALID,CURRENT,coolit-synthetic-v2.0.0,CUST-009,PRG-001,CFG-RM-02,SYNTHETIC_INTERNAL,SNP-COOLIT-20260925-BL,SCN-BASELINE,FCST-068-009,2026-H68,OPP-0009,OPPL-0009,ACC-009,PRG-001,CFG-RM-02,PROPOSAL,0.55,BEST_CASE,2026-04-05,33,221100,0,CLOSED_PERIOD
TEN-COOLIT-SYN-001,SITE-COOLIT-SYN-01,CRM,FORECAST_SNAPSHOT,FCST-068-010,OPP-0010,RESOLVED,2026-01-16T18:00:00-06:00,2026-09-26T08:00:00-06:00,2026-06-29T00:00:00-06:00,,1,,false,ACTIVE,,USD,VALID,CURRENT,coolit-synthetic-v2.0.0,CUST-010,PRG-002,CFG-CDU-03,SYNTHETIC_INTERNAL,SNP-COOLIT-20260925-BL,SCN-BASELINE,FCST-068-010,2026-H68,OPP-0010,OPPL-0010,ACC-010,PRG-002,CFG-CDU-03,PROPOSAL,0.55,BEST_CASE,2026-04-12,6,594000,0,CLOSED_PERIOD
TEN-COOLIT-SYN-001,SITE-COOLIT-SYN-01,CRM,FORECAST_SNAPSHOT,FCST-068-011,OPP-0011,RESOLVED,2026-01-16T18:00:00-06:00,2026-09-26T08:00:00-06:00,2026-06-29T00:00:00-06:00,,1,,false,ACTIVE,,USD,VALID,CURRENT,coolit-synthetic-v2.0.0,CUST-001,PRG-003,CFG-CPL-04,SYNTHETIC_INTERNAL,SNP-COOLIT-20260925-BL,SCN-BASELINE,FCST-068-011,2026-H68,OPP-0011,OPPL-0011,ACC-001,PRG-003,CFG-CPL-04,PROPOSAL,0.55,BEST_CASE,2026-04-19,8,71200,0,CLOSED_PERIOD
TEN-COOLIT-SYN-001,SITE-COOLIT-SYN-01,CRM,FORECAST_SNAPSHOT,FCST-068-012,OPP-0012,RESOLVED,2026-01-16T18:00:00-06:00,2026-09-26T08:00:00-06:00,2026-06-29T00:00:00-06:00,,1,,false,ACTIVE,,USD,VALID,CURRENT,coolit-synthetic-v2.0.0,CUST-002,PRG-004,CFG-CDU-01,SYNTHETIC_INTERNAL,SNP-COOLIT-20260925-BL,SCN-BASELINE,FCST-068-012,2026-H68,OPP-0012,OPPL-0012,ACC-002,PRG-004,CFG-CDU-01,PROPOSAL,0.55,BEST_CASE,2026-04-26,11,891000,0,CLOSED_PERIOD
TEN-COOLIT-SYN-001,SITE-COOLIT-SYN-01,CRM,FORECAST_SNAPSHOT,FCST-068-013,OPP-0013,RESOLVED,2026-01-16T18:00:00-06:00,2026-09-26T08:00:00-06:00,2026-06-29T00:00:00-06:00,,1,,false,ACTIVE,,USD,VALID,CURRENT,coolit-synthetic-v2.0.0,CUST-003,PRG-005,CFG-CPL-02,SYNTHETIC_INTERNAL,SNP-COOLIT-20260925-BL,SCN-BASELINE,FCST-068-013,2026-H68,OPP-0013,OPPL-0013,ACC-003,PRG-005,CFG-CPL-02,PROPOSAL,0.55,BEST_CASE,2026-02-08,15,100500,0,CLOSED_PERIOD
TEN-COOLIT-SYN-001,SITE-COOLIT-SYN-01,CRM,FORECAST_SNAPSHOT,FCST-068-014,OPP-0014,RESOLVED,2026-01-16T18:00:00-06:00,2026-09-26T08:00:00-06:00,2026-06-29T00:00:00-06:00,,1,,false,ACTIVE,,USD,VALID,CURRENT,coolit-synthetic-v2.0.0,CUST-004,PRG-006,CFG-RM-03,SYNTHETIC_INTERNAL,SNP-COOLIT-20260925-BL,SCN-BASELINE,FCST-068-014,2026-H68,OPP-0014,OPPL-0014,ACC-004,PRG-006,CFG-RM-03,NEGOTIATION,0.75,COMMIT,2026-02-15,25,195000,0,CLOSED_PERIOD
TEN-COOLIT-SYN-001,SITE-COOLIT-SYN-01,CRM,FORECAST_SNAPSHOT,FCST-068-015,OPP-0015,RESOLVED,2026-01-16T18:00:00-06:00,2026-09-26T08:00:00-06:00,2026-06-29T00:00:00-06:00,,1,,false,ACTIVE,,USD,VALID,CURRENT,coolit-synthetic-v2.0.0,CUST-005,PRG-007,CFG-CDU-04,SYNTHETIC_INTERNAL,SNP-COOLIT-20260925-BL,SCN-BASELINE,FCST-068-015,2026-H68,OPP-0015,OPPL-0015,ACC-005,PRG-007,CFG-CDU-04,NEGOTIATION,0.75,COMMIT,2026-02-22,31,3348000,0,CLOSED_PERIOD
TEN-COOLIT-SYN-001,SITE-COOLIT-SYN-01,CRM,FORECAST_SNAPSHOT,FCST-069-001,OPP-0001,RESOLVED,2026-01-23T18:00:00-06:00,2026-09-26T08:00:00-06:00,2026-06-29T00:00:00-06:00,,1,,false,ACTIVE,,USD,VALID,CURRENT,coolit-synthetic-v2.0.0,CUST-001,PRG-001,CFG-CPL-02,SYNTHETIC_INTERNAL,SNP-COOLIT-20260925-BL,SCN-BASELINE,FCST-069-001,2026-H69,OPP-0001,OPPL-0001,ACC-001,PRG-001,CFG-CPL-02,PROPOSAL,0.55,BEST_CASE,2026-02-12,6,40200,0,CLOSED_PERIOD
TEN-COOLIT-SYN-001,SITE-COOLIT-SYN-01,CRM,FORECAST_SNAPSHOT,FCST-069-002,OPP-0002,RESOLVED,2026-01-23T18:00:00-06:00,2026-09-26T08:00:00-06:00,2026-06-29T00:00:00-06:00,,1,,false,ACTIVE,,USD,VALID,CURRENT,coolit-synthetic-v2.0.0,CUST-002,PRG-002,CFG-RM-03,SYNTHETIC_INTERNAL,SNP-COOLIT-20260925-BL,SCN-BASELINE,FCST-069-002,2026-H69,OPP-0002,OPPL-0002,ACC-002,PRG-002,CFG-RM-03,PROPOSAL,0.55,BEST_CASE,2026-02-19,10,78000,0,CLOSED_PERIOD
TEN-COOLIT-SYN-001,SITE-COOLIT-SYN-01,CRM,FORECAST_SNAPSHOT,FCST-069-003,OPP-0003,RESOLVED,2026-01-23T18:00:00-06:00,2026-09-26T08:00:00-06:00,2026-06-29T00:00:00-06:00,,1,,false,ACTIVE,,USD,VALID,CURRENT,coolit-synthetic-v2.0.0,CUST-003,PRG-003,CFG-CDU-04,SYNTHETIC_INTERNAL,SNP-COOLIT-20260925-BL,SCN-BASELINE,FCST-069-003,2026-H69,OPP-0003,OPPL-0003,ACC-003,PRG-003,CFG-CDU-04,PROPOSAL,0.55,BEST_CASE,2026-02-26,11,1188000,0,CLOSED_PERIOD
TEN-COOLIT-SYN-001,SITE-COOLIT-SYN-01,CRM,FORECAST_SNAPSHOT,FCST-069-004,OPP-0004,RESOLVED,2026-01-23T18:00:00-06:00,2026-09-26T08:00:00-06:00,2026-06-29T00:00:00-06:00,,1,,false,ACTIVE,,USD,VALID,CURRENT,coolit-synthetic-v2.0.0,CUST-004,PRG-004,CFG-RM-01,SYNTHETIC_INTERNAL,SNP-COOLIT-20260925-BL,SCN-BASELINE,FCST-069-004,2026-H69,OPP-0004,OPPL-0004,ACC-004,PRG-004,CFG-RM-01,PROPOSAL,0.55,BEST_CASE,2026-03-05,14,78400,0,CLOSED_PERIOD
TEN-COOLIT-SYN-001,SITE-COOLIT-SYN-01,CRM,FORECAST_SNAPSHOT,FCST-069-005,OPP-0005,RESOLVED,2026-01-23T18:00:00-06:00,2026-09-26T08:00:00-06:00,2026-06-29T00:00:00-06:00,,1,,false,ACTIVE,,USD,VALID,CURRENT,coolit-synthetic-v2.0.0,CUST-005,PRG-005,CFG-CDU-02,SYNTHETIC_INTERNAL,SNP-COOLIT-20260925-BL,SCN-BASELINE,FCST-069-005,2026-H69,OPP-0005,OPPL-0005,ACC-005,PRG-005,CFG-CDU-02,NEGOTIATION,0.75,COMMIT,2026-03-12,24,2160000,0,CLOSED_PERIOD
TEN-COOLIT-SYN-001,SITE-COOLIT-SYN-01,CRM,FORECAST_SNAPSHOT,FCST-069-006,OPP-0006,RESOLVED,2026-01-23T18:00:00-06:00,2026-09-26T08:00:00-06:00,2026-06-29T00:00:00-06:00,,1,,false,ACTIVE,,USD,VALID,CURRENT,coolit-synthetic-v2.0.0,CUST-006,PRG-006,CFG-CPL-03,SYNTHETIC_INTERNAL,SNP-COOLIT-20260925-BL,SCN-BASELINE,FCST-069-006,2026-H69,OPP-0006,OPPL-0006,ACC-006,PRG-006,CFG-CPL-03,NEGOTIATION,0.75,COMMIT,2026-03-19,30,234000,0,CLOSED_PERIOD
TEN-COOLIT-SYN-001,SITE-COOLIT-SYN-01,CRM,FORECAST_SNAPSHOT,FCST-069-007,OPP-0007,RESOLVED,2026-01-23T18:00:00-06:00,2026-09-26T08:00:00-06:00,2026-06-29T00:00:00-06:00,,1,,false,ACTIVE,,USD,VALID,CURRENT,coolit-synthetic-v2.0.0,CUST-007,PRG-007,CFG-RM-04,SYNTHETIC_INTERNAL,SNP-COOLIT-20260925-BL,SCN-BASELINE,FCST-069-007,2026-H69,OPP-0007,OPPL-0007,ACC-007,PRG-007,CFG-RM-04,NEGOTIATION,0.75,COMMIT,2026-03-26,35,311500,0,CLOSED_PERIOD
TEN-COOLIT-SYN-001,SITE-COOLIT-SYN-01,CRM,FORECAST_SNAPSHOT,FCST-069-008,OPP-0008,RESOLVED,2026-01-23T18:00:00-06:00,2026-09-26T08:00:00-06:00,2026-06-29T00:00:00-06:00,,1,,false,ACTIVE,,USD,VALID,CURRENT,coolit-synthetic-v2.0.0,CUST-008,PRG-008,CFG-CPL-01,SYNTHETIC_INTERNAL,SNP-COOLIT-20260925-BL,SCN-BASELINE,FCST-069-008,2026-H69,OPP-0008,OPPL-0008,ACC-008,PRG-008,CFG-CPL-01,NEGOTIATION,0.75,COMMIT,2026-04-02,41,229600,0,CLOSED_PERIOD
TEN-COOLIT-SYN-001,SITE-COOLIT-SYN-01,CRM,FORECAST_SNAPSHOT,FCST-069-009,OPP-0009,RESOLVED,2026-01-23T18:00:00-06:00,2026-09-26T08:00:00-06:00,2026-06-29T00:00:00-06:00,,1,,false,ACTIVE,,USD,VALID,CURRENT,coolit-synthetic-v2.0.0,CUST-009,PRG-001,CFG-RM-02,SYNTHETIC_INTERNAL,SNP-COOLIT-20260925-BL,SCN-BASELINE,FCST-069-009,2026-H69,OPP-0009,OPPL-0009,ACC-009,PRG-001,CFG-RM-02,PROPOSAL,0.55,BEST_CASE,2026-04-09,34,227800,0,CLOSED_PERIOD
TEN-COOLIT-SYN-001,SITE-COOLIT-SYN-01,CRM,FORECAST_SNAPSHOT,FCST-069-010,OPP-0010,RESOLVED,2026-01-23T18:00:00-06:00,2026-09-26T08:00:00-06:00,2026-06-29T00:00:00-06:00,,1,,false,ACTIVE,,USD,VALID,CURRENT,coolit-synthetic-v2.0.0,CUST-010,PRG-002,CFG-CDU-03,SYNTHETIC_INTERNAL,SNP-COOLIT-20260925-BL,SCN-BASELINE,FCST-069-010,2026-H69,OPP-0010,OPPL-0010,ACC-010,PRG-002,CFG-CDU-03,PROPOSAL,0.55,BEST_CASE,2026-04-16,5,495000,0,CLOSED_PERIOD
TEN-COOLIT-SYN-001,SITE-COOLIT-SYN-01,CRM,FORECAST_SNAPSHOT,FCST-069-011,OPP-0011,RESOLVED,2026-01-23T18:00:00-06:00,2026-09-26T08:00:00-06:00,2026-06-29T00:00:00-06:00,,1,,false,ACTIVE,,USD,VALID,CURRENT,coolit-synthetic-v2.0.0,CUST-001,PRG-003,CFG-CPL-04,SYNTHETIC_INTERNAL,SNP-COOLIT-20260925-BL,SCN-BASELINE,FCST-069-011,2026-H69,OPP-0011,OPPL-0011,ACC-001,PRG-003,CFG-CPL-04,PROPOSAL,0.55,BEST_CASE,2026-04-23,8,71200,0,CLOSED_PERIOD
TEN-COOLIT-SYN-001,SITE-COOLIT-SYN-01,CRM,FORECAST_SNAPSHOT,FCST-069-012,OPP-0012,RESOLVED,2026-01-23T18:00:00-06:00,2026-09-26T08:00:00-06:00,2026-06-29T00:00:00-06:00,,1,,false,ACTIVE,,USD,VALID,CURRENT,coolit-synthetic-v2.0.0,CUST-002,PRG-004,CFG-CDU-01,SYNTHETIC_INTERNAL,SNP-COOLIT-20260925-BL,SCN-BASELINE,FCST-069-012,2026-H69,OPP-0012,OPPL-0012,ACC-002,PRG-004,CFG-CDU-01,PROPOSAL,0.55,BEST_CASE,2026-04-30,12,972000,0,CLOSED_PERIOD
TEN-COOLIT-SYN-001,SITE-COOLIT-SYN-01,CRM,FORECAST_SNAPSHOT,FCST-069-013,OPP-0013,RESOLVED,2026-01-23T18:00:00-06:00,2026-09-26T08:00:00-06:00,2026-06-29T00:00:00-06:00,,1,,false,ACTIVE,,USD,VALID,CURRENT,coolit-synthetic-v2.0.0,CUST-003,PRG-005,CFG-CPL-02,SYNTHETIC_INTERNAL,SNP-COOLIT-20260925-BL,SCN-BASELINE,FCST-069-013,2026-H69,OPP-0013,OPPL-0013,ACC-003,PRG-005,CFG-CPL-02,NEGOTIATION,0.75,COMMIT,2026-02-12,21,140700,0,CLOSED_PERIOD
TEN-COOLIT-SYN-001,SITE-COOLIT-SYN-01,CRM,FORECAST_SNAPSHOT,FCST-069-014,OPP-0014,RESOLVED,2026-01-23T18:00:00-06:00,2026-09-26T08:00:00-06:00,2026-06-29T00:00:00-06:00,,1,,false,ACTIVE,,USD,VALID,CURRENT,coolit-synthetic-v2.0.0,CUST-004,PRG-006,CFG-RM-03,SYNTHETIC_INTERNAL,SNP-COOLIT-20260925-BL,SCN-BASELINE,FCST-069-014,2026-H69,OPP-0014,OPPL-0014,ACC-004,PRG-006,CFG-RM-03,NEGOTIATION,0.75,COMMIT,2026-02-19,26,202800,0,CLOSED_PERIOD
TEN-COOLIT-SYN-001,SITE-COOLIT-SYN-01,CRM,FORECAST_SNAPSHOT,FCST-069-015,OPP-0015,RESOLVED,2026-01-23T18:00:00-06:00,2026-09-26T08:00:00-06:00,2026-06-29T00:00:00-06:00,,1,,false,ACTIVE,,USD,VALID,CURRENT,coolit-synthetic-v2.0.0,CUST-005,PRG-007,CFG-CDU-04,SYNTHETIC_INTERNAL,SNP-COOLIT-20260925-BL,SCN-BASELINE,FCST-069-015,2026-H69,OPP-0015,OPPL-0015,ACC-005,PRG-007,CFG-CDU-04,NEGOTIATION,0.75,COMMIT,2026-02-26,32,3456000,0,CLOSED_PERIOD
TEN-COOLIT-SYN-001,SITE-COOLIT-SYN-01,CRM,FORECAST_SNAPSHOT,FCST-070-001,OPP-0001,RESOLVED,2026-01-30T18:00:00-06:00,2026-09-26T08:00:00-06:00,2026-06-29T00:00:00-06:00,,1,,false,ACTIVE,,USD,VALID,CURRENT,coolit-synthetic-v2.0.0,CUST-001,PRG-001,CFG-CPL-02,SYNTHETIC_INTERNAL,SNP-COOLIT-20260925-BL,SCN-BASELINE,FCST-070-001,2026-H70,OPP-0001,OPPL-0001,ACC-001,PRG-001,CFG-CPL-02,PROPOSAL,0.55,BEST_CASE,2026-02-16,6,40200,0,CLOSED_PERIOD
TEN-COOLIT-SYN-001,SITE-COOLIT-SYN-01,CRM,FORECAST_SNAPSHOT,FCST-070-002,OPP-0002,RESOLVED,2026-01-30T18:00:00-06:00,2026-09-26T08:00:00-06:00,2026-06-29T00:00:00-06:00,,1,,false,ACTIVE,,USD,VALID,CURRENT,coolit-synthetic-v2.0.0,CUST-002,PRG-002,CFG-RM-03,SYNTHETIC_INTERNAL,SNP-COOLIT-20260925-BL,SCN-BASELINE,FCST-070-002,2026-H70,OPP-0002,OPPL-0002,ACC-002,PRG-002,CFG-RM-03,PROPOSAL,0.55,BEST_CASE,2026-02-23,8,62400,0,CLOSED_PERIOD
TEN-COOLIT-SYN-001,SITE-COOLIT-SYN-01,CRM,FORECAST_SNAPSHOT,FCST-070-003,OPP-0003,RESOLVED,2026-01-30T18:00:00-06:00,2026-09-26T08:00:00-06:00,2026-06-29T00:00:00-06:00,,1,,false,ACTIVE,,USD,VALID,CURRENT,coolit-synthetic-v2.0.0,CUST-003,PRG-003,CFG-CDU-04,SYNTHETIC_INTERNAL,SNP-COOLIT-20260925-BL,SCN-BASELINE,FCST-070-003,2026-H70,OPP-0003,OPPL-0003,ACC-003,PRG-003,CFG-CDU-04,PROPOSAL,0.55,BEST_CASE,2026-03-02,11,1188000,0,CLOSED_PERIOD
TEN-COOLIT-SYN-001,SITE-COOLIT-SYN-01,CRM,FORECAST_SNAPSHOT,FCST-070-004,OPP-0004,RESOLVED,2026-01-30T18:00:00-06:00,2026-09-26T08:00:00-06:00,2026-06-29T00:00:00-06:00,,1,,false,ACTIVE,,USD,VALID,CURRENT,coolit-synthetic-v2.0.0,CUST-004,PRG-004,CFG-RM-01,SYNTHETIC_INTERNAL,SNP-COOLIT-20260925-BL,SCN-BASELINE,FCST-070-004,2026-H70,OPP-0004,OPPL-0004,ACC-004,PRG-004,CFG-RM-01,NEGOTIATION,0.75,COMMIT,2026-03-09,20,112000,0,CLOSED_PERIOD
TEN-COOLIT-SYN-001,SITE-COOLIT-SYN-01,CRM,FORECAST_SNAPSHOT,FCST-070-005,OPP-0005,RESOLVED,2026-01-30T18:00:00-06:00,2026-09-26T08:00:00-06:00,2026-06-29T00:00:00-06:00,,1,,false,ACTIVE,,USD,VALID,CURRENT,coolit-synthetic-v2.0.0,CUST-005,PRG-005,CFG-CDU-02,SYNTHETIC_INTERNAL,SNP-COOLIT-20260925-BL,SCN-BASELINE,FCST-070-005,2026-H70,OPP-0005,OPPL-0005,ACC-005,PRG-005,CFG-CDU-02,NEGOTIATION,0.75,COMMIT,2026-03-16,25,2250000,0,CLOSED_PERIOD
TEN-COOLIT-SYN-001,SITE-COOLIT-SYN-01,CRM,FORECAST_SNAPSHOT,FCST-070-006,OPP-0006,RESOLVED,2026-01-30T18:00:00-06:00,2026-09-26T08:00:00-06:00,2026-06-29T00:00:00-06:00,,1,,false,ACTIVE,,USD,VALID,CURRENT,coolit-synthetic-v2.0.0,CUST-006,PRG-006,CFG-CPL-03,SYNTHETIC_INTERNAL,SNP-COOLIT-20260925-BL,SCN-BASELINE,FCST-070-006,2026-H70,OPP-0006,OPPL-0006,ACC-006,PRG-006,CFG-CPL-03,NEGOTIATION,0.75,COMMIT,2026-03-23,31,241800,0,CLOSED_PERIOD
TEN-COOLIT-SYN-001,SITE-COOLIT-SYN-01,CRM,FORECAST_SNAPSHOT,FCST-070-007,OPP-0007,RESOLVED,2026-01-30T18:00:00-06:00,2026-09-26T08:00:00-06:00,2026-06-29T00:00:00-06:00,,1,,false,ACTIVE,,USD,VALID,CURRENT,coolit-synthetic-v2.0.0,CUST-007,PRG-007,CFG-RM-04,SYNTHETIC_INTERNAL,SNP-COOLIT-20260925-BL,SCN-BASELINE,FCST-070-007,2026-H70,OPP-0007,OPPL-0007,ACC-007,PRG-007,CFG-RM-04,NEGOTIATION,0.75,COMMIT,2026-03-30,36,320400,0,CLOSED_PERIOD
TEN-COOLIT-SYN-001,SITE-COOLIT-SYN-01,CRM,FORECAST_SNAPSHOT,FCST-070-008,OPP-0008,RESOLVED,2026-01-30T18:00:00-06:00,2026-09-26T08:00:00-06:00,2026-06-29T00:00:00-06:00,,1,,false,ACTIVE,,USD,VALID,CURRENT,coolit-synthetic-v2.0.0,CUST-008,PRG-008,CFG-CPL-01,SYNTHETIC_INTERNAL,SNP-COOLIT-20260925-BL,SCN-BASELINE,FCST-070-008,2026-H70,OPP-0008,OPPL-0008,ACC-008,PRG-008,CFG-CPL-01,NEGOTIATION,0.75,COMMIT,2026-04-06,42,235200,0,CLOSED_PERIOD
TEN-COOLIT-SYN-001,SITE-COOLIT-SYN-01,CRM,FORECAST_SNAPSHOT,FCST-070-009,OPP-0009,RESOLVED,2026-01-30T18:00:00-06:00,2026-09-26T08:00:00-06:00,2026-06-29T00:00:00-06:00,,1,,false,ACTIVE,,USD,VALID,CURRENT,coolit-synthetic-v2.0.0,CUST-009,PRG-001,CFG-RM-02,SYNTHETIC_INTERNAL,SNP-COOLIT-20260925-BL,SCN-BASELINE,FCST-070-009,2026-H70,OPP-0009,OPPL-0009,ACC-009,PRG-001,CFG-RM-02,PROPOSAL,0.55,BEST_CASE,2026-04-13,29,194300,0,CLOSED_PERIOD
TEN-COOLIT-SYN-001,SITE-COOLIT-SYN-01,CRM,FORECAST_SNAPSHOT,FCST-070-010,OPP-0010,RESOLVED,2026-01-30T18:00:00-06:00,2026-09-26T08:00:00-06:00,2026-06-29T00:00:00-06:00,,1,,false,ACTIVE,,USD,VALID,CURRENT,coolit-synthetic-v2.0.0,CUST-010,PRG-002,CFG-CDU-03,SYNTHETIC_INTERNAL,SNP-COOLIT-20260925-BL,SCN-BASELINE,FCST-070-010,2026-H70,OPP-0010,OPPL-0010,ACC-010,PRG-002,CFG-CDU-03,PROPOSAL,0.55,BEST_CASE,2026-04-20,5,495000,0,CLOSED_PERIOD
TEN-COOLIT-SYN-001,SITE-COOLIT-SYN-01,CRM,FORECAST_SNAPSHOT,FCST-070-011,OPP-0011,RESOLVED,2026-01-30T18:00:00-06:00,2026-09-26T08:00:00-06:00,2026-06-29T00:00:00-06:00,,1,,false,ACTIVE,,USD,VALID,CURRENT,coolit-synthetic-v2.0.0,CUST-001,PRG-003,CFG-CPL-04,SYNTHETIC_INTERNAL,SNP-COOLIT-20260925-BL,SCN-BASELINE,FCST-070-011,2026-H70,OPP-0011,OPPL-0011,ACC-001,PRG-003,CFG-CPL-04,PROPOSAL,0.55,BEST_CASE,2026-04-27,8,71200,0,CLOSED_PERIOD
TEN-COOLIT-SYN-001,SITE-COOLIT-SYN-01,CRM,FORECAST_SNAPSHOT,FCST-070-012,OPP-0012,RESOLVED,2026-01-30T18:00:00-06:00,2026-09-26T08:00:00-06:00,2026-06-29T00:00:00-06:00,,1,,false,ACTIVE,,USD,VALID,CURRENT,coolit-synthetic-v2.0.0,CUST-002,PRG-004,CFG-CDU-01,SYNTHETIC_INTERNAL,SNP-COOLIT-20260925-BL,SCN-BASELINE,FCST-070-012,2026-H70,OPP-0012,OPPL-0012,ACC-002,PRG-004,CFG-CDU-01,NEGOTIATION,0.75,COMMIT,2026-05-04,16,1296000,0,CLOSED_PERIOD
TEN-COOLIT-SYN-001,SITE-COOLIT-SYN-01,CRM,FORECAST_SNAPSHOT,FCST-070-013,OPP-0013,RESOLVED,2026-01-30T18:00:00-06:00,2026-09-26T08:00:00-06:00,2026-06-29T00:00:00-06:00,,1,,false,ACTIVE,,USD,VALID,CURRENT,coolit-synthetic-v2.0.0,CUST-003,PRG-005,CFG-CPL-02,SYNTHETIC_INTERNAL,SNP-COOLIT-20260925-BL,SCN-BASELINE,FCST-070-013,2026-H70,OPP-0013,OPPL-0013,ACC-003,PRG-005,CFG-CPL-02,NEGOTIATION,0.75,COMMIT,2026-02-16,21,140700,0,CLOSED_PERIOD
TEN-COOLIT-SYN-001,SITE-COOLIT-SYN-01,CRM,FORECAST_SNAPSHOT,FCST-070-014,OPP-0014,RESOLVED,2026-01-30T18:00:00-06:00,2026-09-26T08:00:00-06:00,2026-06-29T00:00:00-06:00,,1,,false,ACTIVE,,USD,VALID,CURRENT,coolit-synthetic-v2.0.0,CUST-004,PRG-006,CFG-RM-03,SYNTHETIC_INTERNAL,SNP-COOLIT-20260925-BL,SCN-BASELINE,FCST-070-014,2026-H70,OPP-0014,OPPL-0014,ACC-004,PRG-006,CFG-RM-03,NEGOTIATION,0.75,COMMIT,2026-02-23,27,210600,0,CLOSED_PERIOD
TEN-COOLIT-SYN-001,SITE-COOLIT-SYN-01,CRM,FORECAST_SNAPSHOT,FCST-070-015,OPP-0015,RESOLVED,2026-01-30T18:00:00-06:00,2026-09-26T08:00:00-06:00,2026-06-29T00:00:00-06:00,,1,,false,ACTIVE,,USD,VALID,CURRENT,coolit-synthetic-v2.0.0,CUST-005,PRG-007,CFG-CDU-04,SYNTHETIC_INTERNAL,SNP-COOLIT-20260925-BL,SCN-BASELINE,FCST-070-015,2026-H70,OPP-0015,OPPL-0015,ACC-005,PRG-007,CFG-CDU-04,NEGOTIATION,0.75,COMMIT,2026-03-02,32,3456000,0,CLOSED_PERIOD
TEN-COOLIT-SYN-001,SITE-COOLIT-SYN-01,CRM,FORECAST_SNAPSHOT,FCST-071-001,OPP-0001,RESOLVED,2026-02-06T18:00:00-06:00,2026-09-26T08:00:00-06:00,2026-06-29T00:00:00-06:00,,1,,false,ACTIVE,,USD,VALID,CURRENT,coolit-synthetic-v2.0.0,CUST-001,PRG-001,CFG-CPL-02,SYNTHETIC_INTERNAL,SNP-COOLIT-20260925-BL,SCN-BASELINE,FCST-071-001,2026-H71,OPP-0001,OPPL-0001,ACC-001,PRG-001,CFG-CPL-02,PROPOSAL,0.55,BEST_CASE,2026-02-20,5,33500,0,CLOSED_PERIOD
TEN-COOLIT-SYN-001,SITE-COOLIT-SYN-01,CRM,FORECAST_SNAPSHOT,FCST-071-002,OPP-0002,RESOLVED,2026-02-06T18:00:00-06:00,2026-09-26T08:00:00-06:00,2026-06-29T00:00:00-06:00,,1,,false,ACTIVE,,USD,VALID,CURRENT,coolit-synthetic-v2.0.0,CUST-002,PRG-002,CFG-RM-03,SYNTHETIC_INTERNAL,SNP-COOLIT-20260925-BL,SCN-BASELINE,FCST-071-002,2026-H71,OPP-0002,OPPL-0002,ACC-002,PRG-002,CFG-RM-03,PROPOSAL,0.55,BEST_CASE,2026-02-27,8,62400,0,CLOSED_PERIOD
TEN-COOLIT-SYN-001,SITE-COOLIT-SYN-01,CRM,FORECAST_SNAPSHOT,FCST-071-003,OPP-0003,RESOLVED,2026-02-06T18:00:00-06:00,2026-09-26T08:00:00-06:00,2026-06-29T00:00:00-06:00,,1,,false,ACTIVE,,USD,VALID,CURRENT,coolit-synthetic-v2.0.0,CUST-003,PRG-003,CFG-CDU-04,SYNTHETIC_INTERNAL,SNP-COOLIT-20260925-BL,SCN-BASELINE,FCST-071-003,2026-H71,OPP-0003,OPPL-0003,ACC-003,PRG-003,CFG-CDU-04,NEGOTIATION,0.75,COMMIT,2026-03-06,16,1728000,0,CLOSED_PERIOD
TEN-COOLIT-SYN-001,SITE-COOLIT-SYN-01,CRM,FORECAST_SNAPSHOT,FCST-071-004,OPP-0004,RESOLVED,2026-02-06T18:00:00-06:00,2026-09-26T08:00:00-06:00,2026-06-29T00:00:00-06:00,,1,,false,ACTIVE,,USD,VALID,CURRENT,coolit-synthetic-v2.0.0,CUST-004,PRG-004,CFG-RM-01,SYNTHETIC_INTERNAL,SNP-COOLIT-20260925-BL,SCN-BASELINE,FCST-071-004,2026-H71,OPP-0004,OPPL-0004,ACC-004,PRG-004,CFG-RM-01,NEGOTIATION,0.75,COMMIT,2026-03-13,21,117600,0,CLOSED_PERIOD
TEN-COOLIT-SYN-001,SITE-COOLIT-SYN-01,CRM,FORECAST_SNAPSHOT,FCST-071-005,OPP-0005,RESOLVED,2026-02-06T18:00:00-06:00,2026-09-26T08:00:00-06:00,2026-06-29T00:00:00-06:00,,1,,false,ACTIVE,,USD,VALID,CURRENT,coolit-synthetic-v2.0.0,CUST-005,PRG-005,CFG-CDU-02,SYNTHETIC_INTERNAL,SNP-COOLIT-20260925-BL,SCN-BASELINE,FCST-071-005,2026-H71,OPP-0005,OPPL-0005,ACC-005,PRG-005,CFG-CDU-02,NEGOTIATION,0.75,COMMIT,2026-03-20,26,2340000,0,CLOSED_PERIOD
TEN-COOLIT-SYN-001,SITE-COOLIT-SYN-01,CRM,FORECAST_SNAPSHOT,FCST-071-006,OPP-0006,RESOLVED,2026-02-06T18:00:00-06:00,2026-09-26T08:00:00-06:00,2026-06-29T00:00:00-06:00,,1,,false,ACTIVE,,USD,VALID,CURRENT,coolit-synthetic-v2.0.0,CUST-006,PRG-006,CFG-CPL-03,SYNTHETIC_INTERNAL,SNP-COOLIT-20260925-BL,SCN-BASELINE,FCST-071-006,2026-H71,OPP-0006,OPPL-0006,ACC-006,PRG-006,CFG-CPL-03,NEGOTIATION,0.75,COMMIT,2026-03-27,32,249600,0,CLOSED_PERIOD
TEN-COOLIT-SYN-001,SITE-COOLIT-SYN-01,CRM,FORECAST_SNAPSHOT,FCST-071-007,OPP-0007,RESOLVED,2026-02-06T18:00:00-06:00,2026-09-26T08:00:00-06:00,2026-06-29T00:00:00-06:00,,1,,false,ACTIVE,,USD,VALID,CURRENT,coolit-synthetic-v2.0.0,CUST-007,PRG-007,CFG-RM-04,SYNTHETIC_INTERNAL,SNP-COOLIT-20260925-BL,SCN-BASELINE,FCST-071-007,2026-H71,OPP-0007,OPPL-0007,ACC-007,PRG-007,CFG-RM-04,NEGOTIATION,0.75,COMMIT,2026-04-03,37,329300,0,CLOSED_PERIOD
TEN-COOLIT-SYN-001,SITE-COOLIT-SYN-01,CRM,FORECAST_SNAPSHOT,FCST-071-008,OPP-0008,RESOLVED,2026-02-06T18:00:00-06:00,2026-09-26T08:00:00-06:00,2026-06-29T00:00:00-06:00,,1,,false,ACTIVE,,USD,VALID,CURRENT,coolit-synthetic-v2.0.0,CUST-008,PRG-008,CFG-CPL-01,SYNTHETIC_INTERNAL,SNP-COOLIT-20260925-BL,SCN-BASELINE,FCST-071-008,2026-H71,OPP-0008,OPPL-0008,ACC-008,PRG-008,CFG-CPL-01,NEGOTIATION,0.75,COMMIT,2026-04-10,35,196000,0,CLOSED_PERIOD
TEN-COOLIT-SYN-001,SITE-COOLIT-SYN-01,CRM,FORECAST_SNAPSHOT,FCST-071-009,OPP-0009,RESOLVED,2026-02-06T18:00:00-06:00,2026-09-26T08:00:00-06:00,2026-06-29T00:00:00-06:00,,1,,false,ACTIVE,,USD,VALID,CURRENT,coolit-synthetic-v2.0.0,CUST-009,PRG-001,CFG-RM-02,SYNTHETIC_INTERNAL,SNP-COOLIT-20260925-BL,SCN-BASELINE,FCST-071-009,2026-H71,OPP-0009,OPPL-0009,ACC-009,PRG-001,CFG-RM-02,PROPOSAL,0.55,BEST_CASE,2026-04-17,30,201000,0,CLOSED_PERIOD
TEN-COOLIT-SYN-001,SITE-COOLIT-SYN-01,CRM,FORECAST_SNAPSHOT,FCST-071-010,OPP-0010,RESOLVED,2026-02-06T18:00:00-06:00,2026-09-26T08:00:00-06:00,2026-06-29T00:00:00-06:00,,1,,false,ACTIVE,,USD,VALID,CURRENT,coolit-synthetic-v2.0.0,CUST-010,PRG-002,CFG-CDU-03,SYNTHETIC_INTERNAL,SNP-COOLIT-20260925-BL,SCN-BASELINE,FCST-071-010,2026-H71,OPP-0010,OPPL-0010,ACC-010,PRG-002,CFG-CDU-03,PROPOSAL,0.55,BEST_CASE,2026-04-24,5,495000,0,CLOSED_PERIOD
TEN-COOLIT-SYN-001,SITE-COOLIT-SYN-01,CRM,FORECAST_SNAPSHOT,FCST-071-011,OPP-0011,RESOLVED,2026-02-06T18:00:00-06:00,2026-09-26T08:00:00-06:00,2026-06-29T00:00:00-06:00,,1,,false,ACTIVE,,USD,VALID,CURRENT,coolit-synthetic-v2.0.0,CUST-001,PRG-003,CFG-CPL-04,SYNTHETIC_INTERNAL,SNP-COOLIT-20260925-BL,SCN-BASELINE,FCST-071-011,2026-H71,OPP-0011,OPPL-0011,ACC-001,PRG-003,CFG-CPL-04,NEGOTIATION,0.75,COMMIT,2026-05-01,12,106800,0,CLOSED_PERIOD
TEN-COOLIT-SYN-001,SITE-COOLIT-SYN-01,CRM,FORECAST_SNAPSHOT,FCST-071-012,OPP-0012,RESOLVED,2026-02-06T18:00:00-06:00,2026-09-26T08:00:00-06:00,2026-06-29T00:00:00-06:00,,1,,false,ACTIVE,,USD,VALID,CURRENT,coolit-synthetic-v2.0.0,CUST-002,PRG-004,CFG-CDU-01,SYNTHETIC_INTERNAL,SNP-COOLIT-20260925-BL,SCN-BASELINE,FCST-071-012,2026-H71,OPP-0012,OPPL-0012,ACC-002,PRG-004,CFG-CDU-01,NEGOTIATION,0.75,COMMIT,2026-05-08,17,1377000,0,CLOSED_PERIOD
TEN-COOLIT-SYN-001,SITE-COOLIT-SYN-01,CRM,FORECAST_SNAPSHOT,FCST-071-013,OPP-0013,RESOLVED,2026-02-06T18:00:00-06:00,2026-09-26T08:00:00-06:00,2026-06-29T00:00:00-06:00,,1,,false,ACTIVE,,USD,VALID,CURRENT,coolit-synthetic-v2.0.0,CUST-003,PRG-005,CFG-CPL-02,SYNTHETIC_INTERNAL,SNP-COOLIT-20260925-BL,SCN-BASELINE,FCST-071-013,2026-H71,OPP-0013,OPPL-0013,ACC-003,PRG-005,CFG-CPL-02,NEGOTIATION,0.75,COMMIT,2026-02-20,22,147400,0,CLOSED_PERIOD
TEN-COOLIT-SYN-001,SITE-COOLIT-SYN-01,CRM,FORECAST_SNAPSHOT,FCST-071-014,OPP-0014,RESOLVED,2026-02-06T18:00:00-06:00,2026-09-26T08:00:00-06:00,2026-06-29T00:00:00-06:00,,1,,false,ACTIVE,,USD,VALID,CURRENT,coolit-synthetic-v2.0.0,CUST-004,PRG-006,CFG-RM-03,SYNTHETIC_INTERNAL,SNP-COOLIT-20260925-BL,SCN-BASELINE,FCST-071-014,2026-H71,OPP-0014,OPPL-0014,ACC-004,PRG-006,CFG-RM-03,NEGOTIATION,0.75,COMMIT,2026-02-27,28,218400,0,CLOSED_PERIOD
TEN-COOLIT-SYN-001,SITE-COOLIT-SYN-01,CRM,FORECAST_SNAPSHOT,FCST-071-015,OPP-0015,RESOLVED,2026-02-06T18:00:00-06:00,2026-09-26T08:00:00-06:00,2026-06-29T00:00:00-06:00,,1,,false,ACTIVE,,USD,VALID,CURRENT,coolit-synthetic-v2.0.0,CUST-005,PRG-007,CFG-CDU-04,SYNTHETIC_INTERNAL,SNP-COOLIT-20260925-BL,SCN-BASELINE,FCST-071-015,2026-H71,OPP-0015,OPPL-0015,ACC-005,PRG-007,CFG-CDU-04,NEGOTIATION,0.75,COMMIT,2026-03-06,27,2916000,0,CLOSED_PERIOD
TEN-COOLIT-SYN-001,SITE-COOLIT-SYN-01,CRM,FORECAST_SNAPSHOT,FCST-072-001,OPP-0001,RESOLVED,2026-02-13T18:00:00-06:00,2026-09-26T08:00:00-06:00,2026-06-29T00:00:00-06:00,,1,,false,ACTIVE,,USD,VALID,CURRENT,coolit-synthetic-v2.0.0,CUST-001,PRG-001,CFG-CPL-02,SYNTHETIC_INTERNAL,SNP-COOLIT-20260925-BL,SCN-BASELINE,FCST-072-001,2026-H72,OPP-0001,OPPL-0001,ACC-001,PRG-001,CFG-CPL-02,PROPOSAL,0.55,BEST_CASE,2026-02-24,5,33500,0,CLOSED_PERIOD
TEN-COOLIT-SYN-001,SITE-COOLIT-SYN-01,CRM,FORECAST_SNAPSHOT,FCST-072-002,OPP-0002,RESOLVED,2026-02-13T18:00:00-06:00,2026-09-26T08:00:00-06:00,2026-06-29T00:00:00-06:00,,1,,false,ACTIVE,,USD,VALID,CURRENT,coolit-synthetic-v2.0.0,CUST-002,PRG-002,CFG-RM-03,SYNTHETIC_INTERNAL,SNP-COOLIT-20260925-BL,SCN-BASELINE,FCST-072-002,2026-H72,OPP-0002,OPPL-0002,ACC-002,PRG-002,CFG-RM-03,NEGOTIATION,0.75,COMMIT,2026-03-03,12,93600,0,CLOSED_PERIOD
TEN-COOLIT-SYN-001,SITE-COOLIT-SYN-01,CRM,FORECAST_SNAPSHOT,FCST-072-003,OPP-0003,RESOLVED,2026-02-13T18:00:00-06:00,2026-09-26T08:00:00-06:00,2026-06-29T00:00:00-06:00,,1,,false,ACTIVE,,USD,VALID,CURRENT,coolit-synthetic-v2.0.0,CUST-003,PRG-003,CFG-CDU-04,SYNTHETIC_INTERNAL,SNP-COOLIT-20260925-BL,SCN-BASELINE,FCST-072-003,2026-H72,OPP-0003,OPPL-0003,ACC-003,PRG-003,CFG-CDU-04,NEGOTIATION,0.75,COMMIT,2026-03-10,16,1728000,0,CLOSED_PERIOD
TEN-COOLIT-SYN-001,SITE-COOLIT-SYN-01,CRM,FORECAST_SNAPSHOT,FCST-072-004,OPP-0004,RESOLVED,2026-02-13T18:00:00-06:00,2026-09-26T08:00:00-06:00,2026-06-29T00:00:00-06:00,,1,,false,ACTIVE,,USD,VALID,CURRENT,coolit-synthetic-v2.0.0,CUST-004,PRG-004,CFG-RM-01,SYNTHETIC_INTERNAL,SNP-COOLIT-20260925-BL,SCN-BASELINE,FCST-072-004,2026-H72,OPP-0004,OPPL-0004,ACC-004,PRG-004,CFG-RM-01,NEGOTIATION,0.75,COMMIT,2026-03-17,21,117600,0,CLOSED_PERIOD
TEN-COOLIT-SYN-001,SITE-COOLIT-SYN-01,CRM,FORECAST_SNAPSHOT,FCST-072-005,OPP-0005,RESOLVED,2026-02-13T18:00:00-06:00,2026-09-26T08:00:00-06:00,2026-06-29T00:00:00-06:00,,1,,false,ACTIVE,,USD,VALID,CURRENT,coolit-synthetic-v2.0.0,CUST-005,PRG-005,CFG-CDU-02,SYNTHETIC_INTERNAL,SNP-COOLIT-20260925-BL,SCN-BASELINE,FCST-072-005,2026-H72,OPP-0005,OPPL-0005,ACC-005,PRG-005,CFG-CDU-02,NEGOTIATION,0.75,COMMIT,2026-03-24,27,2430000,0,CLOSED_PERIOD
TEN-COOLIT-SYN-001,SITE-COOLIT-SYN-01,CRM,FORECAST_SNAPSHOT,FCST-072-006,OPP-0006,RESOLVED,2026-02-13T18:00:00-06:00,2026-09-26T08:00:00-06:00,2026-06-29T00:00:00-06:00,,1,,false,ACTIVE,,USD,VALID,CURRENT,coolit-synthetic-v2.0.0,CUST-006,PRG-006,CFG-CPL-03,SYNTHETIC_INTERNAL,SNP-COOLIT-20260925-BL,SCN-BASELINE,FCST-072-006,2026-H72,OPP-0006,OPPL-0006,ACC-006,PRG-006,CFG-CPL-03,NEGOTIATION,0.75,COMMIT,2026-03-31,32,249600,0,CLOSED_PERIOD
TEN-COOLIT-SYN-001,SITE-COOLIT-SYN-01,CRM,FORECAST_SNAPSHOT,FCST-072-007,OPP-0007,RESOLVED,2026-02-13T18:00:00-06:00,2026-09-26T08:00:00-06:00,2026-06-29T00:00:00-06:00,,1,,false,ACTIVE,,USD,VALID,CURRENT,coolit-synthetic-v2.0.0,CUST-007,PRG-007,CFG-RM-04,SYNTHETIC_INTERNAL,SNP-COOLIT-20260925-BL,SCN-BASELINE,FCST-072-007,2026-H72,OPP-0007,OPPL-0007,ACC-007,PRG-007,CFG-RM-04,NEGOTIATION,0.75,COMMIT,2026-04-07,31,275900,0,CLOSED_PERIOD
TEN-COOLIT-SYN-001,SITE-COOLIT-SYN-01,CRM,FORECAST_SNAPSHOT,FCST-072-008,OPP-0008,RESOLVED,2026-02-13T18:00:00-06:00,2026-09-26T08:00:00-06:00,2026-06-29T00:00:00-06:00,,1,,false,ACTIVE,,USD,VALID,CURRENT,coolit-synthetic-v2.0.0,CUST-008,PRG-008,CFG-CPL-01,SYNTHETIC_INTERNAL,SNP-COOLIT-20260925-BL,SCN-BASELINE,FCST-072-008,2026-H72,OPP-0008,OPPL-0008,ACC-008,PRG-008,CFG-CPL-01,NEGOTIATION,0.75,COMMIT,2026-04-14,36,201600,0,CLOSED_PERIOD
TEN-COOLIT-SYN-001,SITE-COOLIT-SYN-01,CRM,FORECAST_SNAPSHOT,FCST-072-009,OPP-0009,RESOLVED,2026-02-13T18:00:00-06:00,2026-09-26T08:00:00-06:00,2026-06-29T00:00:00-06:00,,1,,false,ACTIVE,,USD,VALID,CURRENT,coolit-synthetic-v2.0.0,CUST-009,PRG-001,CFG-RM-02,SYNTHETIC_INTERNAL,SNP-COOLIT-20260925-BL,SCN-BASELINE,FCST-072-009,2026-H72,OPP-0009,OPPL-0009,ACC-009,PRG-001,CFG-RM-02,PROPOSAL,0.55,BEST_CASE,2026-04-21,31,207700,0,CLOSED_PERIOD
TEN-COOLIT-SYN-001,SITE-COOLIT-SYN-01,CRM,FORECAST_SNAPSHOT,FCST-072-010,OPP-0010,RESOLVED,2026-02-13T18:00:00-06:00,2026-09-26T08:00:00-06:00,2026-06-29T00:00:00-06:00,,1,,false,ACTIVE,,USD,VALID,CURRENT,coolit-synthetic-v2.0.0,CUST-010,PRG-002,CFG-CDU-03,SYNTHETIC_INTERNAL,SNP-COOLIT-20260925-BL,SCN-BASELINE,FCST-072-010,2026-H72,OPP-0010,OPPL-0010,ACC-010,PRG-002,CFG-CDU-03,NEGOTIATION,0.75,COMMIT,2026-04-28,7,693000,0,CLOSED_PERIOD
TEN-COOLIT-SYN-001,SITE-COOLIT-SYN-01,CRM,FORECAST_SNAPSHOT,FCST-072-011,OPP-0011,RESOLVED,2026-02-13T18:00:00-06:00,2026-09-26T08:00:00-06:00,2026-06-29T00:00:00-06:00,,1,,false,ACTIVE,,USD,VALID,CURRENT,coolit-synthetic-v2.0.0,CUST-001,PRG-003,CFG-CPL-04,SYNTHETIC_INTERNAL,SNP-COOLIT-20260925-BL,SCN-BASELINE,FCST-072-011,2026-H72,OPP-0011,OPPL-0011,ACC-001,PRG-003,CFG-CPL-04,NEGOTIATION,0.75,COMMIT,2026-05-05,12,106800,0,CLOSED_PERIOD
TEN-COOLIT-SYN-001,SITE-COOLIT-SYN-01,CRM,FORECAST_SNAPSHOT,FCST-072-012,OPP-0012,RESOLVED,2026-02-13T18:00:00-06:00,2026-09-26T08:00:00-06:00,2026-06-29T00:00:00-06:00,,1,,false,ACTIVE,,USD,VALID,CURRENT,coolit-synthetic-v2.0.0,CUST-002,PRG-004,CFG-CDU-01,SYNTHETIC_INTERNAL,SNP-COOLIT-20260925-BL,SCN-BASELINE,FCST-072-012,2026-H72,OPP-0012,OPPL-0012,ACC-002,PRG-004,CFG-CDU-01,NEGOTIATION,0.75,COMMIT,2026-05-12,17,1377000,0,CLOSED_PERIOD
TEN-COOLIT-SYN-001,SITE-COOLIT-SYN-01,CRM,FORECAST_SNAPSHOT,FCST-072-013,OPP-0013,RESOLVED,2026-02-13T18:00:00-06:00,2026-09-26T08:00:00-06:00,2026-06-29T00:00:00-06:00,,1,,false,ACTIVE,,USD,VALID,CURRENT,coolit-synthetic-v2.0.0,CUST-003,PRG-005,CFG-CPL-02,SYNTHETIC_INTERNAL,SNP-COOLIT-20260925-BL,SCN-BASELINE,FCST-072-013,2026-H72,OPP-0013,OPPL-0013,ACC-003,PRG-005,CFG-CPL-02,NEGOTIATION,0.75,COMMIT,2026-02-24,23,154100,0,CLOSED_PERIOD
TEN-COOLIT-SYN-001,SITE-COOLIT-SYN-01,CRM,FORECAST_SNAPSHOT,FCST-072-014,OPP-0014,RESOLVED,2026-02-13T18:00:00-06:00,2026-09-26T08:00:00-06:00,2026-06-29T00:00:00-06:00,,1,,false,ACTIVE,,USD,VALID,CURRENT,coolit-synthetic-v2.0.0,CUST-004,PRG-006,CFG-RM-03,SYNTHETIC_INTERNAL,SNP-COOLIT-20260925-BL,SCN-BASELINE,FCST-072-014,2026-H72,OPP-0014,OPPL-0014,ACC-004,PRG-006,CFG-RM-03,NEGOTIATION,0.75,COMMIT,2026-03-03,23,179400,0,CLOSED_PERIOD
TEN-COOLIT-SYN-001,SITE-COOLIT-SYN-01,CRM,FORECAST_SNAPSHOT,FCST-072-015,OPP-0015,RESOLVED,2026-02-13T18:00:00-06:00,2026-09-26T08:00:00-06:00,2026-06-29T00:00:00-06:00,,1,,false,ACTIVE,,USD,VALID,CURRENT,coolit-synthetic-v2.0.0,CUST-005,PRG-007,CFG-CDU-04,SYNTHETIC_INTERNAL,SNP-COOLIT-20260925-BL,SCN-BASELINE,FCST-072-015,2026-H72,OPP-0015,OPPL-0015,ACC-005,PRG-007,CFG-CDU-04,NEGOTIATION,0.75,COMMIT,2026-03-10,28,3024000,0,CLOSED_PERIOD
TEN-COOLIT-SYN-001,SITE-COOLIT-SYN-01,CRM,FORECAST_SNAPSHOT,FCST-073-001,OPP-0001,RESOLVED,2026-02-20T18:00:00-06:00,2026-09-26T08:00:00-06:00,2026-06-29T00:00:00-06:00,,1,,false,ACTIVE,,USD,VALID,CURRENT,coolit-synthetic-v2.0.0,CUST-001,PRG-001,CFG-CPL-02,SYNTHETIC_INTERNAL,SNP-COOLIT-20260925-BL,SCN-BASELINE,FCST-073-001,2026-H73,OPP-0001,OPPL-0001,ACC-001,PRG-001,CFG-CPL-02,NEGOTIATION,0.75,COMMIT,2026-03-27,7,46900,0,CLOSED_PERIOD
TEN-COOLIT-SYN-001,SITE-COOLIT-SYN-01,CRM,FORECAST_SNAPSHOT,FCST-073-002,OPP-0002,RESOLVED,2026-02-20T18:00:00-06:00,2026-09-26T08:00:00-06:00,2026-06-29T00:00:00-06:00,,1,,false,ACTIVE,,USD,VALID,CURRENT,coolit-synthetic-v2.0.0,CUST-002,PRG-002,CFG-RM-03,SYNTHETIC_INTERNAL,SNP-COOLIT-20260925-BL,SCN-BASELINE,FCST-073-002,2026-H73,OPP-0002,OPPL-0002,ACC-002,PRG-002,CFG-RM-03,NEGOTIATION,0.75,COMMIT,2026-04-03,12,93600,0,CLOSED_PERIOD
TEN-COOLIT-SYN-001,SITE-COOLIT-SYN-01,CRM,FORECAST_SNAPSHOT,FCST-073-003,OPP-0003,RESOLVED,2026-02-20T18:00:00-06:00,2026-09-26T08:00:00-06:00,2026-06-29T00:00:00-06:00,,1,,false,ACTIVE,,USD,VALID,CURRENT,coolit-synthetic-v2.0.0,CUST-003,PRG-003,CFG-CDU-04,SYNTHETIC_INTERNAL,SNP-COOLIT-20260925-BL,SCN-BASELINE,FCST-073-003,2026-H73,OPP-0003,OPPL-0003,ACC-003,PRG-003,CFG-CDU-04,NEGOTIATION,0.75,COMMIT,2026-04-10,17,1836000,0,CLOSED_PERIOD
TEN-COOLIT-SYN-001,SITE-COOLIT-SYN-01,CRM,FORECAST_SNAPSHOT,FCST-073-004,OPP-0004,RESOLVED,2026-02-20T18:00:00-06:00,2026-09-26T08:00:00-06:00,2026-06-29T00:00:00-06:00,,1,,false,ACTIVE,,USD,VALID,CURRENT,coolit-synthetic-v2.0.0,CUST-004,PRG-004,CFG-RM-01,SYNTHETIC_INTERNAL,SNP-COOLIT-20260925-BL,SCN-BASELINE,FCST-073-004,2026-H73,OPP-0004,OPPL-0004,ACC-004,PRG-004,CFG-RM-01,NEGOTIATION,0.75,COMMIT,2026-04-17,22,123200,0,CLOSED_PERIOD
TEN-COOLIT-SYN-001,SITE-COOLIT-SYN-01,CRM,FORECAST_SNAPSHOT,FCST-073-005,OPP-0005,RESOLVED,2026-02-20T18:00:00-06:00,2026-09-26T08:00:00-06:00,2026-06-29T00:00:00-06:00,,1,,false,ACTIVE,,USD,VALID,CURRENT,coolit-synthetic-v2.0.0,CUST-005,PRG-005,CFG-CDU-02,SYNTHETIC_INTERNAL,SNP-COOLIT-20260925-BL,SCN-BASELINE,FCST-073-005,2026-H73,OPP-0005,OPPL-0005,ACC-005,PRG-005,CFG-CDU-02,NEGOTIATION,0.75,COMMIT,2026-04-24,28,2520000,0,CLOSED_PERIOD
TEN-COOLIT-SYN-001,SITE-COOLIT-SYN-01,CRM,FORECAST_SNAPSHOT,FCST-073-006,OPP-0006,RESOLVED,2026-02-20T18:00:00-06:00,2026-09-26T08:00:00-06:00,2026-06-29T00:00:00-06:00,,1,,false,ACTIVE,,USD,VALID,CURRENT,coolit-synthetic-v2.0.0,CUST-006,PRG-006,CFG-CPL-03,SYNTHETIC_INTERNAL,SNP-COOLIT-20260925-BL,SCN-BASELINE,FCST-073-006,2026-H73,OPP-0006,OPPL-0006,ACC-006,PRG-006,CFG-CPL-03,NEGOTIATION,0.75,COMMIT,2026-05-01,27,210600,0,CLOSED_PERIOD
TEN-COOLIT-SYN-001,SITE-COOLIT-SYN-01,CRM,FORECAST_SNAPSHOT,FCST-073-007,OPP-0007,RESOLVED,2026-02-20T18:00:00-06:00,2026-09-26T08:00:00-06:00,2026-06-29T00:00:00-06:00,,1,,false,ACTIVE,,USD,VALID,CURRENT,coolit-synthetic-v2.0.0,CUST-007,PRG-007,CFG-RM-04,SYNTHETIC_INTERNAL,SNP-COOLIT-20260925-BL,SCN-BASELINE,FCST-073-007,2026-H73,OPP-0007,OPPL-0007,ACC-007,PRG-007,CFG-RM-04,NEGOTIATION,0.75,COMMIT,2026-05-08,32,284800,0,CLOSED_PERIOD
TEN-COOLIT-SYN-001,SITE-COOLIT-SYN-01,CRM,FORECAST_SNAPSHOT,FCST-073-008,OPP-0008,RESOLVED,2026-02-20T18:00:00-06:00,2026-09-26T08:00:00-06:00,2026-06-29T00:00:00-06:00,,1,,false,ACTIVE,,USD,VALID,CURRENT,coolit-synthetic-v2.0.0,CUST-008,PRG-008,CFG-CPL-01,SYNTHETIC_INTERNAL,SNP-COOLIT-20260925-BL,SCN-BASELINE,FCST-073-008,2026-H73,OPP-0008,OPPL-0008,ACC-008,PRG-008,CFG-CPL-01,NEGOTIATION,0.75,COMMIT,2026-05-15,37,207200,0,CLOSED_PERIOD
TEN-COOLIT-SYN-001,SITE-COOLIT-SYN-01,CRM,FORECAST_SNAPSHOT,FCST-073-009,OPP-0009,RESOLVED,2026-02-20T18:00:00-06:00,2026-09-26T08:00:00-06:00,2026-06-29T00:00:00-06:00,,1,,false,ACTIVE,,USD,VALID,CURRENT,coolit-synthetic-v2.0.0,CUST-009,PRG-001,CFG-RM-02,SYNTHETIC_INTERNAL,SNP-COOLIT-20260925-BL,SCN-BASELINE,FCST-073-009,2026-H73,OPP-0009,OPPL-0009,ACC-009,PRG-001,CFG-RM-02,NEGOTIATION,0.75,COMMIT,2026-05-22,43,288100,0,CLOSED_PERIOD
TEN-COOLIT-SYN-001,SITE-COOLIT-SYN-01,CRM,FORECAST_SNAPSHOT,FCST-073-010,OPP-0010,RESOLVED,2026-02-20T18:00:00-06:00,2026-09-26T08:00:00-06:00,2026-06-29T00:00:00-06:00,,1,,false,ACTIVE,,USD,VALID,CURRENT,coolit-synthetic-v2.0.0,CUST-010,PRG-002,CFG-CDU-03,SYNTHETIC_INTERNAL,SNP-COOLIT-20260925-BL,SCN-BASELINE,FCST-073-010,2026-H73,OPP-0010,OPPL-0010,ACC-010,PRG-002,CFG-CDU-03,NEGOTIATION,0.75,COMMIT,2026-05-29,8,792000,0,CLOSED_PERIOD
TEN-COOLIT-SYN-001,SITE-COOLIT-SYN-01,CRM,FORECAST_SNAPSHOT,FCST-073-011,OPP-0011,RESOLVED,2026-02-20T18:00:00-06:00,2026-09-26T08:00:00-06:00,2026-06-29T00:00:00-06:00,,1,,false,ACTIVE,,USD,VALID,CURRENT,coolit-synthetic-v2.0.0,CUST-001,PRG-003,CFG-CPL-04,SYNTHETIC_INTERNAL,SNP-COOLIT-20260925-BL,SCN-BASELINE,FCST-073-011,2026-H73,OPP-0011,OPPL-0011,ACC-001,PRG-003,CFG-CPL-04,NEGOTIATION,0.75,COMMIT,2026-06-05,13,115700,0,CLOSED_PERIOD
TEN-COOLIT-SYN-001,SITE-COOLIT-SYN-01,CRM,FORECAST_SNAPSHOT,FCST-073-012,OPP-0012,RESOLVED,2026-02-20T18:00:00-06:00,2026-09-26T08:00:00-06:00,2026-06-29T00:00:00-06:00,,1,,false,ACTIVE,,USD,VALID,CURRENT,coolit-synthetic-v2.0.0,CUST-002,PRG-004,CFG-CDU-01,SYNTHETIC_INTERNAL,SNP-COOLIT-20260925-BL,SCN-BASELINE,FCST-073-012,2026-H73,OPP-0012,OPPL-0012,ACC-002,PRG-004,CFG-CDU-01,NEGOTIATION,0.75,COMMIT,2026-06-12,18,1458000,0,CLOSED_PERIOD
TEN-COOLIT-SYN-001,SITE-COOLIT-SYN-01,CRM,FORECAST_SNAPSHOT,FCST-073-013,OPP-0013,RESOLVED,2026-02-20T18:00:00-06:00,2026-09-26T08:00:00-06:00,2026-06-29T00:00:00-06:00,,1,,false,ACTIVE,,USD,VALID,CURRENT,coolit-synthetic-v2.0.0,CUST-003,PRG-005,CFG-CPL-02,SYNTHETIC_INTERNAL,SNP-COOLIT-20260925-BL,SCN-BASELINE,FCST-073-013,2026-H73,OPP-0013,OPPL-0013,ACC-003,PRG-005,CFG-CPL-02,NEGOTIATION,0.75,COMMIT,2026-03-27,19,127300,0,CLOSED_PERIOD
TEN-COOLIT-SYN-001,SITE-COOLIT-SYN-01,CRM,FORECAST_SNAPSHOT,FCST-073-014,OPP-0014,RESOLVED,2026-02-20T18:00:00-06:00,2026-09-26T08:00:00-06:00,2026-06-29T00:00:00-06:00,,1,,false,ACTIVE,,USD,VALID,CURRENT,coolit-synthetic-v2.0.0,CUST-004,PRG-006,CFG-RM-03,SYNTHETIC_INTERNAL,SNP-COOLIT-20260925-BL,SCN-BASELINE,FCST-073-014,2026-H73,OPP-0014,OPPL-0014,ACC-004,PRG-006,CFG-RM-03,NEGOTIATION,0.75,COMMIT,2026-04-03,24,187200,0,CLOSED_PERIOD
TEN-COOLIT-SYN-001,SITE-COOLIT-SYN-01,CRM,FORECAST_SNAPSHOT,FCST-073-015,OPP-0015,RESOLVED,2026-02-20T18:00:00-06:00,2026-09-26T08:00:00-06:00,2026-06-29T00:00:00-06:00,,1,,false,ACTIVE,,USD,VALID,CURRENT,coolit-synthetic-v2.0.0,CUST-005,PRG-007,CFG-CDU-04,SYNTHETIC_INTERNAL,SNP-COOLIT-20260925-BL,SCN-BASELINE,FCST-073-015,2026-H73,OPP-0015,OPPL-0015,ACC-005,PRG-007,CFG-CDU-04,NEGOTIATION,0.75,COMMIT,2026-04-10,29,3132000,0,CLOSED_PERIOD
TEN-COOLIT-SYN-001,SITE-COOLIT-SYN-01,CRM,FORECAST_SNAPSHOT,FCST-074-001,OPP-0001,RESOLVED,2026-02-27T18:00:00-06:00,2026-09-26T08:00:00-06:00,2026-06-29T00:00:00-06:00,,1,,false,ACTIVE,,USD,VALID,CURRENT,coolit-synthetic-v2.0.0,CUST-001,PRG-001,CFG-CPL-02,SYNTHETIC_INTERNAL,SNP-COOLIT-20260925-BL,SCN-BASELINE,FCST-074-001,2026-H74,OPP-0001,OPPL-0001,ACC-001,PRG-001,CFG-CPL-02,NEGOTIATION,0.75,COMMIT,2026-03-31,7,46900,0,CLOSED_PERIOD
TEN-COOLIT-SYN-001,SITE-COOLIT-SYN-01,CRM,FORECAST_SNAPSHOT,FCST-074-002,OPP-0002,RESOLVED,2026-02-27T18:00:00-06:00,2026-09-26T08:00:00-06:00,2026-06-29T00:00:00-06:00,,1,,false,ACTIVE,,USD,VALID,CURRENT,coolit-synthetic-v2.0.0,CUST-002,PRG-002,CFG-RM-03,SYNTHETIC_INTERNAL,SNP-COOLIT-20260925-BL,SCN-BASELINE,FCST-074-002,2026-H74,OPP-0002,OPPL-0002,ACC-002,PRG-002,CFG-RM-03,NEGOTIATION,0.75,COMMIT,2026-04-07,12,93600,0,CLOSED_PERIOD
TEN-COOLIT-SYN-001,SITE-COOLIT-SYN-01,CRM,FORECAST_SNAPSHOT,FCST-074-003,OPP-0003,RESOLVED,2026-02-27T18:00:00-06:00,2026-09-26T08:00:00-06:00,2026-06-29T00:00:00-06:00,,1,,false,ACTIVE,,USD,VALID,CURRENT,coolit-synthetic-v2.0.0,CUST-003,PRG-003,CFG-CDU-04,SYNTHETIC_INTERNAL,SNP-COOLIT-20260925-BL,SCN-BASELINE,FCST-074-003,2026-H74,OPP-0003,OPPL-0003,ACC-003,PRG-003,CFG-CDU-04,NEGOTIATION,0.75,COMMIT,2026-04-14,17,1836000,0,CLOSED_PERIOD
TEN-COOLIT-SYN-001,SITE-COOLIT-SYN-01,CRM,FORECAST_SNAPSHOT,FCST-074-004,OPP-0004,RESOLVED,2026-02-27T18:00:00-06:00,2026-09-26T08:00:00-06:00,2026-06-29T00:00:00-06:00,,1,,false,ACTIVE,,USD,VALID,CURRENT,coolit-synthetic-v2.0.0,CUST-004,PRG-004,CFG-RM-01,SYNTHETIC_INTERNAL,SNP-COOLIT-20260925-BL,SCN-BASELINE,FCST-074-004,2026-H74,OPP-0004,OPPL-0004,ACC-004,PRG-004,CFG-RM-01,NEGOTIATION,0.75,COMMIT,2026-04-21,23,128800,0,CLOSED_PERIOD
TEN-COOLIT-SYN-001,SITE-COOLIT-SYN-01,CRM,FORECAST_SNAPSHOT,FCST-074-005,OPP-0005,RESOLVED,2026-02-27T18:00:00-06:00,2026-09-26T08:00:00-06:00,2026-06-29T00:00:00-06:00,,1,,false,ACTIVE,,USD,VALID,CURRENT,coolit-synthetic-v2.0.0,CUST-005,PRG-005,CFG-CDU-02,SYNTHETIC_INTERNAL,SNP-COOLIT-20260925-BL,SCN-BASELINE,FCST-074-005,2026-H74,OPP-0005,OPPL-0005,ACC-005,PRG-005,CFG-CDU-02,NEGOTIATION,0.75,COMMIT,2026-04-28,23,2070000,0,CLOSED_PERIOD
TEN-COOLIT-SYN-001,SITE-COOLIT-SYN-01,CRM,FORECAST_SNAPSHOT,FCST-074-006,OPP-0006,RESOLVED,2026-02-27T18:00:00-06:00,2026-09-26T08:00:00-06:00,2026-06-29T00:00:00-06:00,,1,,false,ACTIVE,,USD,VALID,CURRENT,coolit-synthetic-v2.0.0,CUST-006,PRG-006,CFG-CPL-03,SYNTHETIC_INTERNAL,SNP-COOLIT-20260925-BL,SCN-BASELINE,FCST-074-006,2026-H74,OPP-0006,OPPL-0006,ACC-006,PRG-006,CFG-CPL-03,NEGOTIATION,0.75,COMMIT,2026-05-05,28,218400,0,CLOSED_PERIOD
TEN-COOLIT-SYN-001,SITE-COOLIT-SYN-01,CRM,FORECAST_SNAPSHOT,FCST-074-007,OPP-0007,RESOLVED,2026-02-27T18:00:00-06:00,2026-09-26T08:00:00-06:00,2026-06-29T00:00:00-06:00,,1,,false,ACTIVE,,USD,VALID,CURRENT,coolit-synthetic-v2.0.0,CUST-007,PRG-007,CFG-RM-04,SYNTHETIC_INTERNAL,SNP-COOLIT-20260925-BL,SCN-BASELINE,FCST-074-007,2026-H74,OPP-0007,OPPL-0007,ACC-007,PRG-007,CFG-RM-04,NEGOTIATION,0.75,COMMIT,2026-05-12,33,293700,0,CLOSED_PERIOD
TEN-COOLIT-SYN-001,SITE-COOLIT-SYN-01,CRM,FORECAST_SNAPSHOT,FCST-074-008,OPP-0008,RESOLVED,2026-02-27T18:00:00-06:00,2026-09-26T08:00:00-06:00,2026-06-29T00:00:00-06:00,,1,,false,ACTIVE,,USD,VALID,CURRENT,coolit-synthetic-v2.0.0,CUST-008,PRG-008,CFG-CPL-01,SYNTHETIC_INTERNAL,SNP-COOLIT-20260925-BL,SCN-BASELINE,FCST-074-008,2026-H74,OPP-0008,OPPL-0008,ACC-008,PRG-008,CFG-CPL-01,NEGOTIATION,0.75,COMMIT,2026-05-19,39,218400,0,CLOSED_PERIOD
TEN-COOLIT-SYN-001,SITE-COOLIT-SYN-01,CRM,FORECAST_SNAPSHOT,FCST-074-009,OPP-0009,RESOLVED,2026-02-27T18:00:00-06:00,2026-09-26T08:00:00-06:00,2026-06-29T00:00:00-06:00,,1,,false,ACTIVE,,USD,VALID,CURRENT,coolit-synthetic-v2.0.0,CUST-009,PRG-001,CFG-RM-02,SYNTHETIC_INTERNAL,SNP-COOLIT-20260925-BL,SCN-BASELINE,FCST-074-009,2026-H74,OPP-0009,OPPL-0009,ACC-009,PRG-001,CFG-RM-02,NEGOTIATION,0.75,COMMIT,2026-05-26,44,294800,0,CLOSED_PERIOD
TEN-COOLIT-SYN-001,SITE-COOLIT-SYN-01,CRM,FORECAST_SNAPSHOT,FCST-074-010,OPP-0010,RESOLVED,2026-02-27T18:00:00-06:00,2026-09-26T08:00:00-06:00,2026-06-29T00:00:00-06:00,,1,,false,ACTIVE,,USD,VALID,CURRENT,coolit-synthetic-v2.0.0,CUST-010,PRG-002,CFG-CDU-03,SYNTHETIC_INTERNAL,SNP-COOLIT-20260925-BL,SCN-BASELINE,FCST-074-010,2026-H74,OPP-0010,OPPL-0010,ACC-010,PRG-002,CFG-CDU-03,NEGOTIATION,0.75,COMMIT,2026-06-02,8,792000,0,CLOSED_PERIOD
TEN-COOLIT-SYN-001,SITE-COOLIT-SYN-01,CRM,FORECAST_SNAPSHOT,FCST-074-011,OPP-0011,RESOLVED,2026-02-27T18:00:00-06:00,2026-09-26T08:00:00-06:00,2026-06-29T00:00:00-06:00,,1,,false,ACTIVE,,USD,VALID,CURRENT,coolit-synthetic-v2.0.0,CUST-001,PRG-003,CFG-CPL-04,SYNTHETIC_INTERNAL,SNP-COOLIT-20260925-BL,SCN-BASELINE,FCST-074-011,2026-H74,OPP-0011,OPPL-0011,ACC-001,PRG-003,CFG-CPL-04,NEGOTIATION,0.75,COMMIT,2026-06-09,13,115700,0,CLOSED_PERIOD
TEN-COOLIT-SYN-001,SITE-COOLIT-SYN-01,CRM,FORECAST_SNAPSHOT,FCST-074-012,OPP-0012,RESOLVED,2026-02-27T18:00:00-06:00,2026-09-26T08:00:00-06:00,2026-06-29T00:00:00-06:00,,1,,false,ACTIVE,,USD,VALID,CURRENT,coolit-synthetic-v2.0.0,CUST-002,PRG-004,CFG-CDU-01,SYNTHETIC_INTERNAL,SNP-COOLIT-20260925-BL,SCN-BASELINE,FCST-074-012,2026-H74,OPP-0012,OPPL-0012,ACC-002,PRG-004,CFG-CDU-01,NEGOTIATION,0.75,COMMIT,2026-06-16,15,1215000,0,CLOSED_PERIOD
TEN-COOLIT-SYN-001,SITE-COOLIT-SYN-01,CRM,FORECAST_SNAPSHOT,FCST-074-013,OPP-0013,RESOLVED,2026-02-27T18:00:00-06:00,2026-09-26T08:00:00-06:00,2026-06-29T00:00:00-06:00,,1,,false,ACTIVE,,USD,VALID,CURRENT,coolit-synthetic-v2.0.0,CUST-003,PRG-005,CFG-CPL-02,SYNTHETIC_INTERNAL,SNP-COOLIT-20260925-BL,SCN-BASELINE,FCST-074-013,2026-H74,OPP-0013,OPPL-0013,ACC-003,PRG-005,CFG-CPL-02,NEGOTIATION,0.75,COMMIT,2026-03-31,20,134000,0,CLOSED_PERIOD
TEN-COOLIT-SYN-001,SITE-COOLIT-SYN-01,CRM,FORECAST_SNAPSHOT,FCST-074-014,OPP-0014,RESOLVED,2026-02-27T18:00:00-06:00,2026-09-26T08:00:00-06:00,2026-06-29T00:00:00-06:00,,1,,false,ACTIVE,,USD,VALID,CURRENT,coolit-synthetic-v2.0.0,CUST-004,PRG-006,CFG-RM-03,SYNTHETIC_INTERNAL,SNP-COOLIT-20260925-BL,SCN-BASELINE,FCST-074-014,2026-H74,OPP-0014,OPPL-0014,ACC-004,PRG-006,CFG-RM-03,NEGOTIATION,0.75,COMMIT,2026-04-07,24,187200,0,CLOSED_PERIOD
TEN-COOLIT-SYN-001,SITE-COOLIT-SYN-01,CRM,FORECAST_SNAPSHOT,FCST-074-015,OPP-0015,RESOLVED,2026-02-27T18:00:00-06:00,2026-09-26T08:00:00-06:00,2026-06-29T00:00:00-06:00,,1,,false,ACTIVE,,USD,VALID,CURRENT,coolit-synthetic-v2.0.0,CUST-005,PRG-007,CFG-CDU-04,SYNTHETIC_INTERNAL,SNP-COOLIT-20260925-BL,SCN-BASELINE,FCST-074-015,2026-H74,OPP-0015,OPPL-0015,ACC-005,PRG-007,CFG-CDU-04,NEGOTIATION,0.75,COMMIT,2026-04-14,30,3240000,0,CLOSED_PERIOD
TEN-COOLIT-SYN-001,SITE-COOLIT-SYN-01,CRM,FORECAST_SNAPSHOT,FCST-075-001,OPP-0001,RESOLVED,2026-03-06T18:00:00-06:00,2026-09-26T08:00:00-06:00,2026-06-29T00:00:00-06:00,,1,,false,ACTIVE,,USD,VALID,CURRENT,coolit-synthetic-v2.0.0,CUST-001,PRG-001,CFG-CPL-02,SYNTHETIC_INTERNAL,SNP-COOLIT-20260925-BL,SCN-BASELINE,FCST-075-001,2026-H75,OPP-0001,OPPL-0001,ACC-001,PRG-001,CFG-CPL-02,NEGOTIATION,0.75,COMMIT,2026-04-04,8,53600,0,CLOSED_PERIOD
TEN-COOLIT-SYN-001,SITE-COOLIT-SYN-01,CRM,FORECAST_SNAPSHOT,FCST-075-002,OPP-0002,RESOLVED,2026-03-06T18:00:00-06:00,2026-09-26T08:00:00-06:00,2026-06-29T00:00:00-06:00,,1,,false,ACTIVE,,USD,VALID,CURRENT,coolit-synthetic-v2.0.0,CUST-002,PRG-002,CFG-RM-03,SYNTHETIC_INTERNAL,SNP-COOLIT-20260925-BL,SCN-BASELINE,FCST-075-002,2026-H75,OPP-0002,OPPL-0002,ACC-002,PRG-002,CFG-RM-03,NEGOTIATION,0.75,COMMIT,2026-04-11,13,101400,0,CLOSED_PERIOD
TEN-COOLIT-SYN-001,SITE-COOLIT-SYN-01,CRM,FORECAST_SNAPSHOT,FCST-075-003,OPP-0003,RESOLVED,2026-03-06T18:00:00-06:00,2026-09-26T08:00:00-06:00,2026-06-29T00:00:00-06:00,,1,,false,ACTIVE,,USD,VALID,CURRENT,coolit-synthetic-v2.0.0,CUST-003,PRG-003,CFG-CDU-04,SYNTHETIC_INTERNAL,SNP-COOLIT-20260925-BL,SCN-BASELINE,FCST-075-003,2026-H75,OPP-0003,OPPL-0003,ACC-003,PRG-003,CFG-CDU-04,NEGOTIATION,0.75,COMMIT,2026-04-18,18,1944000,0,CLOSED_PERIOD
TEN-COOLIT-SYN-001,SITE-COOLIT-SYN-01,CRM,FORECAST_SNAPSHOT,FCST-075-004,OPP-0004,RESOLVED,2026-03-06T18:00:00-06:00,2026-09-26T08:00:00-06:00,2026-06-29T00:00:00-06:00,,1,,false,ACTIVE,,USD,VALID,CURRENT,coolit-synthetic-v2.0.0,CUST-004,PRG-004,CFG-RM-01,SYNTHETIC_INTERNAL,SNP-COOLIT-20260925-BL,SCN-BASELINE,FCST-075-004,2026-H75,OPP-0004,OPPL-0004,ACC-004,PRG-004,CFG-RM-01,NEGOTIATION,0.75,COMMIT,2026-04-25,19,106400,0,CLOSED_PERIOD
TEN-COOLIT-SYN-001,SITE-COOLIT-SYN-01,CRM,FORECAST_SNAPSHOT,FCST-075-005,OPP-0005,RESOLVED,2026-03-06T18:00:00-06:00,2026-09-26T08:00:00-06:00,2026-06-29T00:00:00-06:00,,1,,false,ACTIVE,,USD,VALID,CURRENT,coolit-synthetic-v2.0.0,CUST-005,PRG-005,CFG-CDU-02,SYNTHETIC_INTERNAL,SNP-COOLIT-20260925-BL,SCN-BASELINE,FCST-075-005,2026-H75,OPP-0005,OPPL-0005,ACC-005,PRG-005,CFG-CDU-02,NEGOTIATION,0.75,COMMIT,2026-05-02,24,2160000,0,CLOSED_PERIOD
TEN-COOLIT-SYN-001,SITE-COOLIT-SYN-01,CRM,FORECAST_SNAPSHOT,FCST-075-006,OPP-0006,RESOLVED,2026-03-06T18:00:00-06:00,2026-09-26T08:00:00-06:00,2026-06-29T00:00:00-06:00,,1,,false,ACTIVE,,USD,VALID,CURRENT,coolit-synthetic-v2.0.0,CUST-006,PRG-006,CFG-CPL-03,SYNTHETIC_INTERNAL,SNP-COOLIT-20260925-BL,SCN-BASELINE,FCST-075-006,2026-H75,OPP-0006,OPPL-0006,ACC-006,PRG-006,CFG-CPL-03,NEGOTIATION,0.75,COMMIT,2026-05-09,29,226200,0,CLOSED_PERIOD
TEN-COOLIT-SYN-001,SITE-COOLIT-SYN-01,CRM,FORECAST_SNAPSHOT,FCST-075-007,OPP-0007,RESOLVED,2026-03-06T18:00:00-06:00,2026-09-26T08:00:00-06:00,2026-06-29T00:00:00-06:00,,1,,false,ACTIVE,,USD,VALID,CURRENT,coolit-synthetic-v2.0.0,CUST-007,PRG-007,CFG-RM-04,SYNTHETIC_INTERNAL,SNP-COOLIT-20260925-BL,SCN-BASELINE,FCST-075-007,2026-H75,OPP-0007,OPPL-0007,ACC-007,PRG-007,CFG-RM-04,NEGOTIATION,0.75,COMMIT,2026-05-16,34,302600,0,CLOSED_PERIOD
TEN-COOLIT-SYN-001,SITE-COOLIT-SYN-01,CRM,FORECAST_SNAPSHOT,FCST-075-008,OPP-0008,RESOLVED,2026-03-06T18:00:00-06:00,2026-09-26T08:00:00-06:00,2026-06-29T00:00:00-06:00,,1,,false,ACTIVE,,USD,VALID,CURRENT,coolit-synthetic-v2.0.0,CUST-008,PRG-008,CFG-CPL-01,SYNTHETIC_INTERNAL,SNP-COOLIT-20260925-BL,SCN-BASELINE,FCST-075-008,2026-H75,OPP-0008,OPPL-0008,ACC-008,PRG-008,CFG-CPL-01,NEGOTIATION,0.75,COMMIT,2026-05-23,40,224000,0,CLOSED_PERIOD
TEN-COOLIT-SYN-001,SITE-COOLIT-SYN-01,CRM,FORECAST_SNAPSHOT,FCST-075-009,OPP-0009,RESOLVED,2026-03-06T18:00:00-06:00,2026-09-26T08:00:00-06:00,2026-06-29T00:00:00-06:00,,1,,false,ACTIVE,,USD,VALID,CURRENT,coolit-synthetic-v2.0.0,CUST-009,PRG-001,CFG-RM-02,SYNTHETIC_INTERNAL,SNP-COOLIT-20260925-BL,SCN-BASELINE,FCST-075-009,2026-H75,OPP-0009,OPPL-0009,ACC-009,PRG-001,CFG-RM-02,NEGOTIATION,0.75,COMMIT,2026-05-30,46,308200,0,CLOSED_PERIOD
TEN-COOLIT-SYN-001,SITE-COOLIT-SYN-01,CRM,FORECAST_SNAPSHOT,FCST-075-010,OPP-0010,RESOLVED,2026-03-06T18:00:00-06:00,2026-09-26T08:00:00-06:00,2026-06-29T00:00:00-06:00,,1,,false,ACTIVE,,USD,VALID,CURRENT,coolit-synthetic-v2.0.0,CUST-010,PRG-002,CFG-CDU-03,SYNTHETIC_INTERNAL,SNP-COOLIT-20260925-BL,SCN-BASELINE,FCST-075-010,2026-H75,OPP-0010,OPPL-0010,ACC-010,PRG-002,CFG-CDU-03,NEGOTIATION,0.75,COMMIT,2026-06-06,8,792000,0,CLOSED_PERIOD
TEN-COOLIT-SYN-001,SITE-COOLIT-SYN-01,CRM,FORECAST_SNAPSHOT,FCST-075-011,OPP-0011,RESOLVED,2026-03-06T18:00:00-06:00,2026-09-26T08:00:00-06:00,2026-06-29T00:00:00-06:00,,1,,false,ACTIVE,,USD,VALID,CURRENT,coolit-synthetic-v2.0.0,CUST-001,PRG-003,CFG-CPL-04,SYNTHETIC_INTERNAL,SNP-COOLIT-20260925-BL,SCN-BASELINE,FCST-075-011,2026-H75,OPP-0011,OPPL-0011,ACC-001,PRG-003,CFG-CPL-04,NEGOTIATION,0.75,COMMIT,2026-06-13,11,97900,0,CLOSED_PERIOD
TEN-COOLIT-SYN-001,SITE-COOLIT-SYN-01,CRM,FORECAST_SNAPSHOT,FCST-075-012,OPP-0012,RESOLVED,2026-03-06T18:00:00-06:00,2026-09-26T08:00:00-06:00,2026-06-29T00:00:00-06:00,,1,,false,ACTIVE,,USD,VALID,CURRENT,coolit-synthetic-v2.0.0,CUST-002,PRG-004,CFG-CDU-01,SYNTHETIC_INTERNAL,SNP-COOLIT-20260925-BL,SCN-BASELINE,FCST-075-012,2026-H75,OPP-0012,OPPL-0012,ACC-002,PRG-004,CFG-CDU-01,NEGOTIATION,0.75,COMMIT,2026-06-20,15,1215000,0,CLOSED_PERIOD
TEN-COOLIT-SYN-001,SITE-COOLIT-SYN-01,CRM,FORECAST_SNAPSHOT,FCST-075-013,OPP-0013,RESOLVED,2026-03-06T18:00:00-06:00,2026-09-26T08:00:00-06:00,2026-06-29T00:00:00-06:00,,1,,false,ACTIVE,,USD,VALID,CURRENT,coolit-synthetic-v2.0.0,CUST-003,PRG-005,CFG-CPL-02,SYNTHETIC_INTERNAL,SNP-COOLIT-20260925-BL,SCN-BASELINE,FCST-075-013,2026-H75,OPP-0013,OPPL-0013,ACC-003,PRG-005,CFG-CPL-02,NEGOTIATION,0.75,COMMIT,2026-04-04,20,134000,0,CLOSED_PERIOD
TEN-COOLIT-SYN-001,SITE-COOLIT-SYN-01,CRM,FORECAST_SNAPSHOT,FCST-075-014,OPP-0014,RESOLVED,2026-03-06T18:00:00-06:00,2026-09-26T08:00:00-06:00,2026-06-29T00:00:00-06:00,,1,,false,ACTIVE,,USD,VALID,CURRENT,coolit-synthetic-v2.0.0,CUST-004,PRG-006,CFG-RM-03,SYNTHETIC_INTERNAL,SNP-COOLIT-20260925-BL,SCN-BASELINE,FCST-075-014,2026-H75,OPP-0014,OPPL-0014,ACC-004,PRG-006,CFG-RM-03,NEGOTIATION,0.75,COMMIT,2026-04-11,25,195000,0,CLOSED_PERIOD
TEN-COOLIT-SYN-001,SITE-COOLIT-SYN-01,CRM,FORECAST_SNAPSHOT,FCST-075-015,OPP-0015,RESOLVED,2026-03-06T18:00:00-06:00,2026-09-26T08:00:00-06:00,2026-06-29T00:00:00-06:00,,1,,false,ACTIVE,,USD,VALID,CURRENT,coolit-synthetic-v2.0.0,CUST-005,PRG-007,CFG-CDU-04,SYNTHETIC_INTERNAL,SNP-COOLIT-20260925-BL,SCN-BASELINE,FCST-075-015,2026-H75,OPP-0015,OPPL-0015,ACC-005,PRG-007,CFG-CDU-04,NEGOTIATION,0.75,COMMIT,2026-04-18,31,3348000,0,CLOSED_PERIOD
TEN-COOLIT-SYN-001,SITE-COOLIT-SYN-01,CRM,FORECAST_SNAPSHOT,FCST-076-001,OPP-0001,RESOLVED,2026-03-13T18:00:00-06:00,2026-09-26T08:00:00-06:00,2026-06-29T00:00:00-06:00,,1,,false,ACTIVE,,USD,VALID,CURRENT,coolit-synthetic-v2.0.0,CUST-001,PRG-001,CFG-CPL-02,SYNTHETIC_INTERNAL,SNP-COOLIT-20260925-BL,SCN-BASELINE,FCST-076-001,2026-H76,OPP-0001,OPPL-0001,ACC-001,PRG-001,CFG-CPL-02,NEGOTIATION,0.75,COMMIT,2026-04-08,8,53600,0,CLOSED_PERIOD
TEN-COOLIT-SYN-001,SITE-COOLIT-SYN-01,CRM,FORECAST_SNAPSHOT,FCST-076-002,OPP-0002,RESOLVED,2026-03-13T18:00:00-06:00,2026-09-26T08:00:00-06:00,2026-06-29T00:00:00-06:00,,1,,false,ACTIVE,,USD,VALID,CURRENT,coolit-synthetic-v2.0.0,CUST-002,PRG-002,CFG-RM-03,SYNTHETIC_INTERNAL,SNP-COOLIT-20260925-BL,SCN-BASELINE,FCST-076-002,2026-H76,OPP-0002,OPPL-0002,ACC-002,PRG-002,CFG-RM-03,NEGOTIATION,0.75,COMMIT,2026-04-15,13,101400,0,CLOSED_PERIOD
TEN-COOLIT-SYN-001,SITE-COOLIT-SYN-01,CRM,FORECAST_SNAPSHOT,FCST-076-003,OPP-0003,RESOLVED,2026-03-13T18:00:00-06:00,2026-09-26T08:00:00-06:00,2026-06-29T00:00:00-06:00,,1,,false,ACTIVE,,USD,VALID,CURRENT,coolit-synthetic-v2.0.0,CUST-003,PRG-003,CFG-CDU-04,SYNTHETIC_INTERNAL,SNP-COOLIT-20260925-BL,SCN-BASELINE,FCST-076-003,2026-H76,OPP-0003,OPPL-0003,ACC-003,PRG-003,CFG-CDU-04,NEGOTIATION,0.75,COMMIT,2026-04-22,15,1620000,0,CLOSED_PERIOD
TEN-COOLIT-SYN-001,SITE-COOLIT-SYN-01,CRM,FORECAST_SNAPSHOT,FCST-076-004,OPP-0004,RESOLVED,2026-03-13T18:00:00-06:00,2026-09-26T08:00:00-06:00,2026-06-29T00:00:00-06:00,,1,,false,ACTIVE,,USD,VALID,CURRENT,coolit-synthetic-v2.0.0,CUST-004,PRG-004,CFG-RM-01,SYNTHETIC_INTERNAL,SNP-COOLIT-20260925-BL,SCN-BASELINE,FCST-076-004,2026-H76,OPP-0004,OPPL-0004,ACC-004,PRG-004,CFG-RM-01,NEGOTIATION,0.75,COMMIT,2026-04-29,20,112000,0,CLOSED_PERIOD
TEN-COOLIT-SYN-001,SITE-COOLIT-SYN-01,CRM,FORECAST_SNAPSHOT,FCST-076-005,OPP-0005,RESOLVED,2026-03-13T18:00:00-06:00,2026-09-26T08:00:00-06:00,2026-06-29T00:00:00-06:00,,1,,false,ACTIVE,,USD,VALID,CURRENT,coolit-synthetic-v2.0.0,CUST-005,PRG-005,CFG-CDU-02,SYNTHETIC_INTERNAL,SNP-COOLIT-20260925-BL,SCN-BASELINE,FCST-076-005,2026-H76,OPP-0005,OPPL-0005,ACC-005,PRG-005,CFG-CDU-02,NEGOTIATION,0.75,COMMIT,2026-05-06,24,2160000,0,CLOSED_PERIOD
TEN-COOLIT-SYN-001,SITE-COOLIT-SYN-01,CRM,FORECAST_SNAPSHOT,FCST-076-006,OPP-0006,RESOLVED,2026-03-13T18:00:00-06:00,2026-09-26T08:00:00-06:00,2026-06-29T00:00:00-06:00,,1,,false,ACTIVE,,USD,VALID,CURRENT,coolit-synthetic-v2.0.0,CUST-006,PRG-006,CFG-CPL-03,SYNTHETIC_INTERNAL,SNP-COOLIT-20260925-BL,SCN-BASELINE,FCST-076-006,2026-H76,OPP-0006,OPPL-0006,ACC-006,PRG-006,CFG-CPL-03,NEGOTIATION,0.75,COMMIT,2026-05-13,30,234000,0,CLOSED_PERIOD
TEN-COOLIT-SYN-001,SITE-COOLIT-SYN-01,CRM,FORECAST_SNAPSHOT,FCST-076-007,OPP-0007,RESOLVED,2026-03-13T18:00:00-06:00,2026-09-26T08:00:00-06:00,2026-06-29T00:00:00-06:00,,1,,false,ACTIVE,,USD,VALID,CURRENT,coolit-synthetic-v2.0.0,CUST-007,PRG-007,CFG-RM-04,SYNTHETIC_INTERNAL,SNP-COOLIT-20260925-BL,SCN-BASELINE,FCST-076-007,2026-H76,OPP-0007,OPPL-0007,ACC-007,PRG-007,CFG-RM-04,NEGOTIATION,0.75,COMMIT,2026-05-20,35,311500,0,CLOSED_PERIOD
TEN-COOLIT-SYN-001,SITE-COOLIT-SYN-01,CRM,FORECAST_SNAPSHOT,FCST-076-008,OPP-0008,RESOLVED,2026-03-13T18:00:00-06:00,2026-09-26T08:00:00-06:00,2026-06-29T00:00:00-06:00,,1,,false,ACTIVE,,USD,VALID,CURRENT,coolit-synthetic-v2.0.0,CUST-008,PRG-008,CFG-CPL-01,SYNTHETIC_INTERNAL,SNP-COOLIT-20260925-BL,SCN-BASELINE,FCST-076-008,2026-H76,OPP-0008,OPPL-0008,ACC-008,PRG-008,CFG-CPL-01,NEGOTIATION,0.75,COMMIT,2026-05-27,41,229600,0,CLOSED_PERIOD
TEN-COOLIT-SYN-001,SITE-COOLIT-SYN-01,CRM,FORECAST_SNAPSHOT,FCST-076-009,OPP-0009,RESOLVED,2026-03-13T18:00:00-06:00,2026-09-26T08:00:00-06:00,2026-06-29T00:00:00-06:00,,1,,false,ACTIVE,,USD,VALID,CURRENT,coolit-synthetic-v2.0.0,CUST-009,PRG-001,CFG-RM-02,SYNTHETIC_INTERNAL,SNP-COOLIT-20260925-BL,SCN-BASELINE,FCST-076-009,2026-H76,OPP-0009,OPPL-0009,ACC-009,PRG-001,CFG-RM-02,NEGOTIATION,0.75,COMMIT,2026-06-03,47,314900,0,CLOSED_PERIOD
TEN-COOLIT-SYN-001,SITE-COOLIT-SYN-01,CRM,FORECAST_SNAPSHOT,FCST-076-010,OPP-0010,RESOLVED,2026-03-13T18:00:00-06:00,2026-09-26T08:00:00-06:00,2026-06-29T00:00:00-06:00,,1,,false,ACTIVE,,USD,VALID,CURRENT,coolit-synthetic-v2.0.0,CUST-010,PRG-002,CFG-CDU-03,SYNTHETIC_INTERNAL,SNP-COOLIT-20260925-BL,SCN-BASELINE,FCST-076-010,2026-H76,OPP-0010,OPPL-0010,ACC-010,PRG-002,CFG-CDU-03,NEGOTIATION,0.75,COMMIT,2026-06-10,7,693000,0,CLOSED_PERIOD
TEN-COOLIT-SYN-001,SITE-COOLIT-SYN-01,CRM,FORECAST_SNAPSHOT,FCST-076-011,OPP-0011,RESOLVED,2026-03-13T18:00:00-06:00,2026-09-26T08:00:00-06:00,2026-06-29T00:00:00-06:00,,1,,false,ACTIVE,,USD,VALID,CURRENT,coolit-synthetic-v2.0.0,CUST-001,PRG-003,CFG-CPL-04,SYNTHETIC_INTERNAL,SNP-COOLIT-20260925-BL,SCN-BASELINE,FCST-076-011,2026-H76,OPP-0011,OPPL-0011,ACC-001,PRG-003,CFG-CPL-04,NEGOTIATION,0.75,COMMIT,2026-06-17,11,97900,0,CLOSED_PERIOD
TEN-COOLIT-SYN-001,SITE-COOLIT-SYN-01,CRM,FORECAST_SNAPSHOT,FCST-076-012,OPP-0012,RESOLVED,2026-03-13T18:00:00-06:00,2026-09-26T08:00:00-06:00,2026-06-29T00:00:00-06:00,,1,,false,ACTIVE,,USD,VALID,CURRENT,coolit-synthetic-v2.0.0,CUST-002,PRG-004,CFG-CDU-01,SYNTHETIC_INTERNAL,SNP-COOLIT-20260925-BL,SCN-BASELINE,FCST-076-012,2026-H76,OPP-0012,OPPL-0012,ACC-002,PRG-004,CFG-CDU-01,NEGOTIATION,0.75,COMMIT,2026-06-24,16,1296000,0,CLOSED_PERIOD
TEN-COOLIT-SYN-001,SITE-COOLIT-SYN-01,CRM,FORECAST_SNAPSHOT,FCST-076-013,OPP-0013,RESOLVED,2026-03-13T18:00:00-06:00,2026-09-26T08:00:00-06:00,2026-06-29T00:00:00-06:00,,1,,false,ACTIVE,,USD,VALID,CURRENT,coolit-synthetic-v2.0.0,CUST-003,PRG-005,CFG-CPL-02,SYNTHETIC_INTERNAL,SNP-COOLIT-20260925-BL,SCN-BASELINE,FCST-076-013,2026-H76,OPP-0013,OPPL-0013,ACC-003,PRG-005,CFG-CPL-02,NEGOTIATION,0.75,COMMIT,2026-04-08,21,140700,0,CLOSED_PERIOD
TEN-COOLIT-SYN-001,SITE-COOLIT-SYN-01,CRM,FORECAST_SNAPSHOT,FCST-076-014,OPP-0014,RESOLVED,2026-03-13T18:00:00-06:00,2026-09-26T08:00:00-06:00,2026-06-29T00:00:00-06:00,,1,,false,ACTIVE,,USD,VALID,CURRENT,coolit-synthetic-v2.0.0,CUST-004,PRG-006,CFG-RM-03,SYNTHETIC_INTERNAL,SNP-COOLIT-20260925-BL,SCN-BASELINE,FCST-076-014,2026-H76,OPP-0014,OPPL-0014,ACC-004,PRG-006,CFG-RM-03,NEGOTIATION,0.75,COMMIT,2026-04-15,26,202800,0,CLOSED_PERIOD
TEN-COOLIT-SYN-001,SITE-COOLIT-SYN-01,CRM,FORECAST_SNAPSHOT,FCST-076-015,OPP-0015,RESOLVED,2026-03-13T18:00:00-06:00,2026-09-26T08:00:00-06:00,2026-06-29T00:00:00-06:00,,1,,false,ACTIVE,,USD,VALID,CURRENT,coolit-synthetic-v2.0.0,CUST-005,PRG-007,CFG-CDU-04,SYNTHETIC_INTERNAL,SNP-COOLIT-20260925-BL,SCN-BASELINE,FCST-076-015,2026-H76,OPP-0015,OPPL-0015,ACC-005,PRG-007,CFG-CDU-04,NEGOTIATION,0.75,COMMIT,2026-04-22,32,3456000,0,CLOSED_PERIOD
TEN-COOLIT-SYN-001,SITE-COOLIT-SYN-01,CRM,FORECAST_SNAPSHOT,FCST-077-001,OPP-0001,RESOLVED,2026-03-20T18:00:00-06:00,2026-09-26T08:00:00-06:00,2026-06-29T00:00:00-06:00,,1,,false,ACTIVE,,USD,VALID,CURRENT,coolit-synthetic-v2.0.0,CUST-001,PRG-001,CFG-CPL-02,SYNTHETIC_INTERNAL,SNP-COOLIT-20260925-BL,SCN-BASELINE,FCST-077-001,2026-H77,OPP-0001,OPPL-0001,ACC-001,PRG-001,CFG-CPL-02,NEGOTIATION,0.75,COMMIT,2026-04-12,8,53600,0,CLOSED_PERIOD
TEN-COOLIT-SYN-001,SITE-COOLIT-SYN-01,CRM,FORECAST_SNAPSHOT,FCST-077-002,OPP-0002,RESOLVED,2026-03-20T18:00:00-06:00,2026-09-26T08:00:00-06:00,2026-06-29T00:00:00-06:00,,1,,false,ACTIVE,,USD,VALID,CURRENT,coolit-synthetic-v2.0.0,CUST-002,PRG-002,CFG-RM-03,SYNTHETIC_INTERNAL,SNP-COOLIT-20260925-BL,SCN-BASELINE,FCST-077-002,2026-H77,OPP-0002,OPPL-0002,ACC-002,PRG-002,CFG-RM-03,NEGOTIATION,0.75,COMMIT,2026-04-19,11,85800,0,CLOSED_PERIOD
TEN-COOLIT-SYN-001,SITE-COOLIT-SYN-01,CRM,FORECAST_SNAPSHOT,FCST-077-003,OPP-0003,RESOLVED,2026-03-20T18:00:00-06:00,2026-09-26T08:00:00-06:00,2026-06-29T00:00:00-06:00,,1,,false,ACTIVE,,USD,VALID,CURRENT,coolit-synthetic-v2.0.0,CUST-003,PRG-003,CFG-CDU-04,SYNTHETIC_INTERNAL,SNP-COOLIT-20260925-BL,SCN-BASELINE,FCST-077-003,2026-H77,OPP-0003,OPPL-0003,ACC-003,PRG-003,CFG-CDU-04,NEGOTIATION,0.75,COMMIT,2026-04-26,15,1620000,0,CLOSED_PERIOD
TEN-COOLIT-SYN-001,SITE-COOLIT-SYN-01,CRM,FORECAST_SNAPSHOT,FCST-077-004,OPP-0004,RESOLVED,2026-03-20T18:00:00-06:00,2026-09-26T08:00:00-06:00,2026-06-29T00:00:00-06:00,,1,,false,ACTIVE,,USD,VALID,CURRENT,coolit-synthetic-v2.0.0,CUST-004,PRG-004,CFG-RM-01,SYNTHETIC_INTERNAL,SNP-COOLIT-20260925-BL,SCN-BASELINE,FCST-077-004,2026-H77,OPP-0004,OPPL-0004,ACC-004,PRG-004,CFG-RM-01,NEGOTIATION,0.75,COMMIT,2026-05-03,20,112000,0,CLOSED_PERIOD
TEN-COOLIT-SYN-001,SITE-COOLIT-SYN-01,CRM,FORECAST_SNAPSHOT,FCST-077-005,OPP-0005,RESOLVED,2026-03-20T18:00:00-06:00,2026-09-26T08:00:00-06:00,2026-06-29T00:00:00-06:00,,1,,false,ACTIVE,,USD,VALID,CURRENT,coolit-synthetic-v2.0.0,CUST-005,PRG-005,CFG-CDU-02,SYNTHETIC_INTERNAL,SNP-COOLIT-20260925-BL,SCN-BASELINE,FCST-077-005,2026-H77,OPP-0005,OPPL-0005,ACC-005,PRG-005,CFG-CDU-02,NEGOTIATION,0.75,COMMIT,2026-05-10,25,2250000,0,CLOSED_PERIOD
TEN-COOLIT-SYN-001,SITE-COOLIT-SYN-01,CRM,FORECAST_SNAPSHOT,FCST-077-006,OPP-0006,RESOLVED,2026-03-20T18:00:00-06:00,2026-09-26T08:00:00-06:00,2026-06-29T00:00:00-06:00,,1,,false,ACTIVE,,USD,VALID,CURRENT,coolit-synthetic-v2.0.0,CUST-006,PRG-006,CFG-CPL-03,SYNTHETIC_INTERNAL,SNP-COOLIT-20260925-BL,SCN-BASELINE,FCST-077-006,2026-H77,OPP-0006,OPPL-0006,ACC-006,PRG-006,CFG-CPL-03,NEGOTIATION,0.75,COMMIT,2026-05-17,31,241800,0,CLOSED_PERIOD
TEN-COOLIT-SYN-001,SITE-COOLIT-SYN-01,CRM,FORECAST_SNAPSHOT,FCST-077-007,OPP-0007,RESOLVED,2026-03-20T18:00:00-06:00,2026-09-26T08:00:00-06:00,2026-06-29T00:00:00-06:00,,1,,false,ACTIVE,,USD,VALID,CURRENT,coolit-synthetic-v2.0.0,CUST-007,PRG-007,CFG-RM-04,SYNTHETIC_INTERNAL,SNP-COOLIT-20260925-BL,SCN-BASELINE,FCST-077-007,2026-H77,OPP-0007,OPPL-0007,ACC-007,PRG-007,CFG-RM-04,NEGOTIATION,0.75,COMMIT,2026-05-24,36,320400,0,CLOSED_PERIOD
TEN-COOLIT-SYN-001,SITE-COOLIT-SYN-01,CRM,FORECAST_SNAPSHOT,FCST-077-008,OPP-0008,RESOLVED,2026-03-20T18:00:00-06:00,2026-09-26T08:00:00-06:00,2026-06-29T00:00:00-06:00,,1,,false,ACTIVE,,USD,VALID,CURRENT,coolit-synthetic-v2.0.0,CUST-008,PRG-008,CFG-CPL-01,SYNTHETIC_INTERNAL,SNP-COOLIT-20260925-BL,SCN-BASELINE,FCST-077-008,2026-H77,OPP-0008,OPPL-0008,ACC-008,PRG-008,CFG-CPL-01,NEGOTIATION,0.75,COMMIT,2026-05-31,42,235200,0,CLOSED_PERIOD
TEN-COOLIT-SYN-001,SITE-COOLIT-SYN-01,CRM,FORECAST_SNAPSHOT,FCST-077-009,OPP-0009,RESOLVED,2026-03-20T18:00:00-06:00,2026-09-26T08:00:00-06:00,2026-06-29T00:00:00-06:00,,1,,false,ACTIVE,,USD,VALID,CURRENT,coolit-synthetic-v2.0.0,CUST-009,PRG-001,CFG-RM-02,SYNTHETIC_INTERNAL,SNP-COOLIT-20260925-BL,SCN-BASELINE,FCST-077-009,2026-H77,OPP-0009,OPPL-0009,ACC-009,PRG-001,CFG-RM-02,NEGOTIATION,0.75,COMMIT,2026-06-07,39,261300,0,CLOSED_PERIOD
TEN-COOLIT-SYN-001,SITE-COOLIT-SYN-01,CRM,FORECAST_SNAPSHOT,FCST-077-010,OPP-0010,RESOLVED,2026-03-20T18:00:00-06:00,2026-09-26T08:00:00-06:00,2026-06-29T00:00:00-06:00,,1,,false,ACTIVE,,USD,VALID,CURRENT,coolit-synthetic-v2.0.0,CUST-010,PRG-002,CFG-CDU-03,SYNTHETIC_INTERNAL,SNP-COOLIT-20260925-BL,SCN-BASELINE,FCST-077-010,2026-H77,OPP-0010,OPPL-0010,ACC-010,PRG-002,CFG-CDU-03,NEGOTIATION,0.75,COMMIT,2026-06-14,7,693000,0,CLOSED_PERIOD
TEN-COOLIT-SYN-001,SITE-COOLIT-SYN-01,CRM,FORECAST_SNAPSHOT,FCST-077-011,OPP-0011,RESOLVED,2026-03-20T18:00:00-06:00,2026-09-26T08:00:00-06:00,2026-06-29T00:00:00-06:00,,1,,false,ACTIVE,,USD,VALID,CURRENT,coolit-synthetic-v2.0.0,CUST-001,PRG-003,CFG-CPL-04,SYNTHETIC_INTERNAL,SNP-COOLIT-20260925-BL,SCN-BASELINE,FCST-077-011,2026-H77,OPP-0011,OPPL-0011,ACC-001,PRG-003,CFG-CPL-04,NEGOTIATION,0.75,COMMIT,2026-06-21,12,106800,0,CLOSED_PERIOD
TEN-COOLIT-SYN-001,SITE-COOLIT-SYN-01,CRM,FORECAST_SNAPSHOT,FCST-077-012,OPP-0012,RESOLVED,2026-03-20T18:00:00-06:00,2026-09-26T08:00:00-06:00,2026-06-29T00:00:00-06:00,,1,,false,ACTIVE,,USD,VALID,CURRENT,coolit-synthetic-v2.0.0,CUST-002,PRG-004,CFG-CDU-01,SYNTHETIC_INTERNAL,SNP-COOLIT-20260925-BL,SCN-BASELINE,FCST-077-012,2026-H77,OPP-0012,OPPL-0012,ACC-002,PRG-004,CFG-CDU-01,NEGOTIATION,0.75,COMMIT,2026-06-28,16,1296000,0,CLOSED_PERIOD
TEN-COOLIT-SYN-001,SITE-COOLIT-SYN-01,CRM,FORECAST_SNAPSHOT,FCST-077-013,OPP-0013,RESOLVED,2026-03-20T18:00:00-06:00,2026-09-26T08:00:00-06:00,2026-06-29T00:00:00-06:00,,1,,false,ACTIVE,,USD,VALID,CURRENT,coolit-synthetic-v2.0.0,CUST-003,PRG-005,CFG-CPL-02,SYNTHETIC_INTERNAL,SNP-COOLIT-20260925-BL,SCN-BASELINE,FCST-077-013,2026-H77,OPP-0013,OPPL-0013,ACC-003,PRG-005,CFG-CPL-02,NEGOTIATION,0.75,COMMIT,2026-04-12,21,140700,0,CLOSED_PERIOD
TEN-COOLIT-SYN-001,SITE-COOLIT-SYN-01,CRM,FORECAST_SNAPSHOT,FCST-077-014,OPP-0014,RESOLVED,2026-03-20T18:00:00-06:00,2026-09-26T08:00:00-06:00,2026-06-29T00:00:00-06:00,,1,,false,ACTIVE,,USD,VALID,CURRENT,coolit-synthetic-v2.0.0,CUST-004,PRG-006,CFG-RM-03,SYNTHETIC_INTERNAL,SNP-COOLIT-20260925-BL,SCN-BASELINE,FCST-077-014,2026-H77,OPP-0014,OPPL-0014,ACC-004,PRG-006,CFG-RM-03,NEGOTIATION,0.75,COMMIT,2026-04-19,27,210600,0,CLOSED_PERIOD
TEN-COOLIT-SYN-001,SITE-COOLIT-SYN-01,CRM,FORECAST_SNAPSHOT,FCST-077-015,OPP-0015,RESOLVED,2026-03-20T18:00:00-06:00,2026-09-26T08:00:00-06:00,2026-06-29T00:00:00-06:00,,1,,false,ACTIVE,,USD,VALID,CURRENT,coolit-synthetic-v2.0.0,CUST-005,PRG-007,CFG-CDU-04,SYNTHETIC_INTERNAL,SNP-COOLIT-20260925-BL,SCN-BASELINE,FCST-077-015,2026-H77,OPP-0015,OPPL-0015,ACC-005,PRG-007,CFG-CDU-04,NEGOTIATION,0.75,COMMIT,2026-04-26,32,3456000,0,CLOSED_PERIOD
TEN-COOLIT-SYN-001,SITE-COOLIT-SYN-01,CRM,FORECAST_SNAPSHOT,FCST-078-001,OPP-0001,RESOLVED,2026-03-27T18:00:00-06:00,2026-09-26T08:00:00-06:00,2026-06-29T00:00:00-06:00,,1,,false,ACTIVE,,USD,VALID,CURRENT,coolit-synthetic-v2.0.0,CUST-001,PRG-001,CFG-CPL-02,SYNTHETIC_INTERNAL,SNP-COOLIT-20260925-BL,SCN-BASELINE,FCST-078-001,2026-H78,OPP-0001,OPPL-0001,ACC-001,PRG-001,CFG-CPL-02,NEGOTIATION,0.75,COMMIT,2026-04-16,7,46900,0,CLOSED_PERIOD
TEN-COOLIT-SYN-001,SITE-COOLIT-SYN-01,CRM,FORECAST_SNAPSHOT,FCST-078-002,OPP-0002,RESOLVED,2026-03-27T18:00:00-06:00,2026-09-26T08:00:00-06:00,2026-06-29T00:00:00-06:00,,1,,false,ACTIVE,,USD,VALID,CURRENT,coolit-synthetic-v2.0.0,CUST-002,PRG-002,CFG-RM-03,SYNTHETIC_INTERNAL,SNP-COOLIT-20260925-BL,SCN-BASELINE,FCST-078-002,2026-H78,OPP-0002,OPPL-0002,ACC-002,PRG-002,CFG-RM-03,NEGOTIATION,0.75,COMMIT,2026-04-23,11,85800,0,CLOSED_PERIOD
TEN-COOLIT-SYN-001,SITE-COOLIT-SYN-01,CRM,FORECAST_SNAPSHOT,FCST-078-003,OPP-0003,RESOLVED,2026-03-27T18:00:00-06:00,2026-09-26T08:00:00-06:00,2026-06-29T00:00:00-06:00,,1,,false,ACTIVE,,USD,VALID,CURRENT,coolit-synthetic-v2.0.0,CUST-003,PRG-003,CFG-CDU-04,SYNTHETIC_INTERNAL,SNP-COOLIT-20260925-BL,SCN-BASELINE,FCST-078-003,2026-H78,OPP-0003,OPPL-0003,ACC-003,PRG-003,CFG-CDU-04,NEGOTIATION,0.75,COMMIT,2026-04-30,16,1728000,0,CLOSED_PERIOD
TEN-COOLIT-SYN-001,SITE-COOLIT-SYN-01,CRM,FORECAST_SNAPSHOT,FCST-078-004,OPP-0004,RESOLVED,2026-03-27T18:00:00-06:00,2026-09-26T08:00:00-06:00,2026-06-29T00:00:00-06:00,,1,,false,ACTIVE,,USD,VALID,CURRENT,coolit-synthetic-v2.0.0,CUST-004,PRG-004,CFG-RM-01,SYNTHETIC_INTERNAL,SNP-COOLIT-20260925-BL,SCN-BASELINE,FCST-078-004,2026-H78,OPP-0004,OPPL-0004,ACC-004,PRG-004,CFG-RM-01,NEGOTIATION,0.75,COMMIT,2026-05-07,21,117600,0,CLOSED_PERIOD
TEN-COOLIT-SYN-001,SITE-COOLIT-SYN-01,CRM,FORECAST_SNAPSHOT,FCST-078-005,OPP-0005,RESOLVED,2026-03-27T18:00:00-06:00,2026-09-26T08:00:00-06:00,2026-06-29T00:00:00-06:00,,1,,false,ACTIVE,,USD,VALID,CURRENT,coolit-synthetic-v2.0.0,CUST-005,PRG-005,CFG-CDU-02,SYNTHETIC_INTERNAL,SNP-COOLIT-20260925-BL,SCN-BASELINE,FCST-078-005,2026-H78,OPP-0005,OPPL-0005,ACC-005,PRG-005,CFG-CDU-02,NEGOTIATION,0.75,COMMIT,2026-05-14,26,2340000,0,CLOSED_PERIOD
TEN-COOLIT-SYN-001,SITE-COOLIT-SYN-01,CRM,FORECAST_SNAPSHOT,FCST-078-006,OPP-0006,RESOLVED,2026-03-27T18:00:00-06:00,2026-09-26T08:00:00-06:00,2026-06-29T00:00:00-06:00,,1,,false,ACTIVE,,USD,VALID,CURRENT,coolit-synthetic-v2.0.0,CUST-006,PRG-006,CFG-CPL-03,SYNTHETIC_INTERNAL,SNP-COOLIT-20260925-BL,SCN-BASELINE,FCST-078-006,2026-H78,OPP-0006,OPPL-0006,ACC-006,PRG-006,CFG-CPL-03,NEGOTIATION,0.75,COMMIT,2026-05-21,32,249600,0,CLOSED_PERIOD
TEN-COOLIT-SYN-001,SITE-COOLIT-SYN-01,CRM,FORECAST_SNAPSHOT,FCST-078-007,OPP-0007,RESOLVED,2026-03-27T18:00:00-06:00,2026-09-26T08:00:00-06:00,2026-06-29T00:00:00-06:00,,1,,false,ACTIVE,,USD,VALID,CURRENT,coolit-synthetic-v2.0.0,CUST-007,PRG-007,CFG-RM-04,SYNTHETIC_INTERNAL,SNP-COOLIT-20260925-BL,SCN-BASELINE,FCST-078-007,2026-H78,OPP-0007,OPPL-0007,ACC-007,PRG-007,CFG-RM-04,NEGOTIATION,0.75,COMMIT,2026-05-28,37,329300,0,CLOSED_PERIOD
TEN-COOLIT-SYN-001,SITE-COOLIT-SYN-01,CRM,FORECAST_SNAPSHOT,FCST-078-008,OPP-0008,RESOLVED,2026-03-27T18:00:00-06:00,2026-09-26T08:00:00-06:00,2026-06-29T00:00:00-06:00,,1,,false,ACTIVE,,USD,VALID,CURRENT,coolit-synthetic-v2.0.0,CUST-008,PRG-008,CFG-CPL-01,SYNTHETIC_INTERNAL,SNP-COOLIT-20260925-BL,SCN-BASELINE,FCST-078-008,2026-H78,OPP-0008,OPPL-0008,ACC-008,PRG-008,CFG-CPL-01,NEGOTIATION,0.75,COMMIT,2026-06-04,35,196000,0,CLOSED_PERIOD
TEN-COOLIT-SYN-001,SITE-COOLIT-SYN-01,CRM,FORECAST_SNAPSHOT,FCST-078-009,OPP-0009,RESOLVED,2026-03-27T18:00:00-06:00,2026-09-26T08:00:00-06:00,2026-06-29T00:00:00-06:00,,1,,false,ACTIVE,,USD,VALID,CURRENT,coolit-synthetic-v2.0.0,CUST-009,PRG-001,CFG-RM-02,SYNTHETIC_INTERNAL,SNP-COOLIT-20260925-BL,SCN-BASELINE,FCST-078-009,2026-H78,OPP-0009,OPPL-0009,ACC-009,PRG-001,CFG-RM-02,NEGOTIATION,0.75,COMMIT,2026-06-11,40,268000,0,CLOSED_PERIOD
TEN-COOLIT-SYN-001,SITE-COOLIT-SYN-01,CRM,FORECAST_SNAPSHOT,FCST-078-010,OPP-0010,RESOLVED,2026-03-27T18:00:00-06:00,2026-09-26T08:00:00-06:00,2026-06-29T00:00:00-06:00,,1,,false,ACTIVE,,USD,VALID,CURRENT,coolit-synthetic-v2.0.0,CUST-010,PRG-002,CFG-CDU-03,SYNTHETIC_INTERNAL,SNP-COOLIT-20260925-BL,SCN-BASELINE,FCST-078-010,2026-H78,OPP-0010,OPPL-0010,ACC-010,PRG-002,CFG-CDU-03,NEGOTIATION,0.75,COMMIT,2026-06-18,7,693000,0,CLOSED_PERIOD
TEN-COOLIT-SYN-001,SITE-COOLIT-SYN-01,CRM,FORECAST_SNAPSHOT,FCST-078-011,OPP-0011,RESOLVED,2026-03-27T18:00:00-06:00,2026-09-26T08:00:00-06:00,2026-06-29T00:00:00-06:00,,1,,false,ACTIVE,,USD,VALID,CURRENT,coolit-synthetic-v2.0.0,CUST-001,PRG-003,CFG-CPL-04,SYNTHETIC_INTERNAL,SNP-COOLIT-20260925-BL,SCN-BASELINE,FCST-078-011,2026-H78,OPP-0011,OPPL-0011,ACC-001,PRG-003,CFG-CPL-04,NEGOTIATION,0.75,COMMIT,2026-06-25,12,106800,0,CLOSED_PERIOD
TEN-COOLIT-SYN-001,SITE-COOLIT-SYN-01,CRM,FORECAST_SNAPSHOT,FCST-078-012,OPP-0012,RESOLVED,2026-03-27T18:00:00-06:00,2026-09-26T08:00:00-06:00,2026-06-29T00:00:00-06:00,,1,,false,ACTIVE,,USD,VALID,CURRENT,coolit-synthetic-v2.0.0,CUST-002,PRG-004,CFG-CDU-01,SYNTHETIC_INTERNAL,SNP-COOLIT-20260925-BL,SCN-BASELINE,FCST-078-012,2026-H78,OPP-0012,OPPL-0012,ACC-002,PRG-004,CFG-CDU-01,NEGOTIATION,0.75,COMMIT,2026-07-02,17,1377000,0,CLOSED_PERIOD
TEN-COOLIT-SYN-001,SITE-COOLIT-SYN-01,CRM,FORECAST_SNAPSHOT,FCST-078-013,OPP-0013,RESOLVED,2026-03-27T18:00:00-06:00,2026-09-26T08:00:00-06:00,2026-06-29T00:00:00-06:00,,1,,false,ACTIVE,,USD,VALID,CURRENT,coolit-synthetic-v2.0.0,CUST-003,PRG-005,CFG-CPL-02,SYNTHETIC_INTERNAL,SNP-COOLIT-20260925-BL,SCN-BASELINE,FCST-078-013,2026-H78,OPP-0013,OPPL-0013,ACC-003,PRG-005,CFG-CPL-02,NEGOTIATION,0.75,COMMIT,2026-04-16,22,147400,0,CLOSED_PERIOD
TEN-COOLIT-SYN-001,SITE-COOLIT-SYN-01,CRM,FORECAST_SNAPSHOT,FCST-078-014,OPP-0014,RESOLVED,2026-03-27T18:00:00-06:00,2026-09-26T08:00:00-06:00,2026-06-29T00:00:00-06:00,,1,,false,ACTIVE,,USD,VALID,CURRENT,coolit-synthetic-v2.0.0,CUST-004,PRG-006,CFG-RM-03,SYNTHETIC_INTERNAL,SNP-COOLIT-20260925-BL,SCN-BASELINE,FCST-078-014,2026-H78,OPP-0014,OPPL-0014,ACC-004,PRG-006,CFG-RM-03,NEGOTIATION,0.75,COMMIT,2026-04-23,28,218400,0,CLOSED_PERIOD
TEN-COOLIT-SYN-001,SITE-COOLIT-SYN-01,CRM,FORECAST_SNAPSHOT,FCST-078-015,OPP-0015,RESOLVED,2026-03-27T18:00:00-06:00,2026-09-26T08:00:00-06:00,2026-06-29T00:00:00-06:00,,1,,false,ACTIVE,,USD,VALID,CURRENT,coolit-synthetic-v2.0.0,CUST-005,PRG-007,CFG-CDU-04,SYNTHETIC_INTERNAL,SNP-COOLIT-20260925-BL,SCN-BASELINE,FCST-078-015,2026-H78,OPP-0015,OPPL-0015,ACC-005,PRG-007,CFG-CDU-04,NEGOTIATION,0.75,COMMIT,2026-04-30,27,2916000,0,CLOSED_PERIOD
TEN-COOLIT-SYN-001,SITE-COOLIT-SYN-01,CRM,FORECAST_SNAPSHOT,FCST-079-001,OPP-0001,RESOLVED,2026-04-03T18:00:00-06:00,2026-09-26T08:00:00-06:00,2026-06-29T00:00:00-06:00,,1,,false,ACTIVE,,USD,VALID,CURRENT,coolit-synthetic-v2.0.0,CUST-001,PRG-001,CFG-CPL-02,SYNTHETIC_INTERNAL,SNP-COOLIT-20260925-BL,SCN-BASELINE,FCST-079-001,2026-H79,OPP-0001,OPPL-0001,ACC-001,PRG-001,CFG-CPL-02,NEGOTIATION,0.75,COMMIT,2026-04-20,7,46900,0,CLOSED_PERIOD
TEN-COOLIT-SYN-001,SITE-COOLIT-SYN-01,CRM,FORECAST_SNAPSHOT,FCST-079-002,OPP-0002,RESOLVED,2026-04-03T18:00:00-06:00,2026-09-26T08:00:00-06:00,2026-06-29T00:00:00-06:00,,1,,false,ACTIVE,,USD,VALID,CURRENT,coolit-synthetic-v2.0.0,CUST-002,PRG-002,CFG-RM-03,SYNTHETIC_INTERNAL,SNP-COOLIT-20260925-BL,SCN-BASELINE,FCST-079-002,2026-H79,OPP-0002,OPPL-0002,ACC-002,PRG-002,CFG-RM-03,NEGOTIATION,0.75,COMMIT,2026-04-27,12,93600,0,CLOSED_PERIOD
TEN-COOLIT-SYN-001,SITE-COOLIT-SYN-01,CRM,FORECAST_SNAPSHOT,FCST-079-003,OPP-0003,RESOLVED,2026-04-03T18:00:00-06:00,2026-09-26T08:00:00-06:00,2026-06-29T00:00:00-06:00,,1,,false,ACTIVE,,USD,VALID,CURRENT,coolit-synthetic-v2.0.0,CUST-003,PRG-003,CFG-CDU-04,SYNTHETIC_INTERNAL,SNP-COOLIT-20260925-BL,SCN-BASELINE,FCST-079-003,2026-H79,OPP-0003,OPPL-0003,ACC-003,PRG-003,CFG-CDU-04,NEGOTIATION,0.75,COMMIT,2026-05-04,16,1728000,0,CLOSED_PERIOD
TEN-COOLIT-SYN-001,SITE-COOLIT-SYN-01,CRM,FORECAST_SNAPSHOT,FCST-079-004,OPP-0004,RESOLVED,2026-04-03T18:00:00-06:00,2026-09-26T08:00:00-06:00,2026-06-29T00:00:00-06:00,,1,,false,ACTIVE,,USD,VALID,CURRENT,coolit-synthetic-v2.0.0,CUST-004,PRG-004,CFG-RM-01,SYNTHETIC_INTERNAL,SNP-COOLIT-20260925-BL,SCN-BASELINE,FCST-079-004,2026-H79,OPP-0004,OPPL-0004,ACC-004,PRG-004,CFG-RM-01,NEGOTIATION,0.75,COMMIT,2026-05-11,21,117600,0,CLOSED_PERIOD
TEN-COOLIT-SYN-001,SITE-COOLIT-SYN-01,CRM,FORECAST_SNAPSHOT,FCST-079-005,OPP-0005,RESOLVED,2026-04-03T18:00:00-06:00,2026-09-26T08:00:00-06:00,2026-06-29T00:00:00-06:00,,1,,false,ACTIVE,,USD,VALID,CURRENT,coolit-synthetic-v2.0.0,CUST-005,PRG-005,CFG-CDU-02,SYNTHETIC_INTERNAL,SNP-COOLIT-20260925-BL,SCN-BASELINE,FCST-079-005,2026-H79,OPP-0005,OPPL-0005,ACC-005,PRG-005,CFG-CDU-02,NEGOTIATION,0.75,COMMIT,2026-05-18,27,2430000,0,CLOSED_PERIOD
TEN-COOLIT-SYN-001,SITE-COOLIT-SYN-01,CRM,FORECAST_SNAPSHOT,FCST-079-006,OPP-0006,RESOLVED,2026-04-03T18:00:00-06:00,2026-09-26T08:00:00-06:00,2026-06-29T00:00:00-06:00,,1,,false,ACTIVE,,USD,VALID,CURRENT,coolit-synthetic-v2.0.0,CUST-006,PRG-006,CFG-CPL-03,SYNTHETIC_INTERNAL,SNP-COOLIT-20260925-BL,SCN-BASELINE,FCST-079-006,2026-H79,OPP-0006,OPPL-0006,ACC-006,PRG-006,CFG-CPL-03,NEGOTIATION,0.75,COMMIT,2026-05-25,32,249600,0,CLOSED_PERIOD
TEN-COOLIT-SYN-001,SITE-COOLIT-SYN-01,CRM,FORECAST_SNAPSHOT,FCST-079-007,OPP-0007,RESOLVED,2026-04-03T18:00:00-06:00,2026-09-26T08:00:00-06:00,2026-06-29T00:00:00-06:00,,1,,false,ACTIVE,,USD,VALID,CURRENT,coolit-synthetic-v2.0.0,CUST-007,PRG-007,CFG-RM-04,SYNTHETIC_INTERNAL,SNP-COOLIT-20260925-BL,SCN-BASELINE,FCST-079-007,2026-H79,OPP-0007,OPPL-0007,ACC-007,PRG-007,CFG-RM-04,NEGOTIATION,0.75,COMMIT,2026-06-01,31,275900,0,CLOSED_PERIOD
TEN-COOLIT-SYN-001,SITE-COOLIT-SYN-01,CRM,FORECAST_SNAPSHOT,FCST-079-008,OPP-0008,RESOLVED,2026-04-03T18:00:00-06:00,2026-09-26T08:00:00-06:00,2026-06-29T00:00:00-06:00,,1,,false,ACTIVE,,USD,VALID,CURRENT,coolit-synthetic-v2.0.0,CUST-008,PRG-008,CFG-CPL-01,SYNTHETIC_INTERNAL,SNP-COOLIT-20260925-BL,SCN-BASELINE,FCST-079-008,2026-H79,OPP-0008,OPPL-0008,ACC-008,PRG-008,CFG-CPL-01,NEGOTIATION,0.75,COMMIT,2026-06-08,36,201600,0,CLOSED_PERIOD
TEN-COOLIT-SYN-001,SITE-COOLIT-SYN-01,CRM,FORECAST_SNAPSHOT,FCST-079-009,OPP-0009,RESOLVED,2026-04-03T18:00:00-06:00,2026-09-26T08:00:00-06:00,2026-06-29T00:00:00-06:00,,1,,false,ACTIVE,,USD,VALID,CURRENT,coolit-synthetic-v2.0.0,CUST-009,PRG-001,CFG-RM-02,SYNTHETIC_INTERNAL,SNP-COOLIT-20260925-BL,SCN-BASELINE,FCST-079-009,2026-H79,OPP-0009,OPPL-0009,ACC-009,PRG-001,CFG-RM-02,NEGOTIATION,0.75,COMMIT,2026-06-15,42,281400,0,CLOSED_PERIOD
TEN-COOLIT-SYN-001,SITE-COOLIT-SYN-01,CRM,FORECAST_SNAPSHOT,FCST-079-010,OPP-0010,RESOLVED,2026-04-03T18:00:00-06:00,2026-09-26T08:00:00-06:00,2026-06-29T00:00:00-06:00,,1,,false,ACTIVE,,USD,VALID,CURRENT,coolit-synthetic-v2.0.0,CUST-010,PRG-002,CFG-CDU-03,SYNTHETIC_INTERNAL,SNP-COOLIT-20260925-BL,SCN-BASELINE,FCST-079-010,2026-H79,OPP-0010,OPPL-0010,ACC-010,PRG-002,CFG-CDU-03,NEGOTIATION,0.75,COMMIT,2026-06-22,7,693000,0,CLOSED_PERIOD
TEN-COOLIT-SYN-001,SITE-COOLIT-SYN-01,CRM,FORECAST_SNAPSHOT,FCST-079-011,OPP-0011,RESOLVED,2026-04-03T18:00:00-06:00,2026-09-26T08:00:00-06:00,2026-06-29T00:00:00-06:00,,1,,false,ACTIVE,,USD,VALID,CURRENT,coolit-synthetic-v2.0.0,CUST-001,PRG-003,CFG-CPL-04,SYNTHETIC_INTERNAL,SNP-COOLIT-20260925-BL,SCN-BASELINE,FCST-079-011,2026-H79,OPP-0011,OPPL-0011,ACC-001,PRG-003,CFG-CPL-04,NEGOTIATION,0.75,COMMIT,2026-06-29,12,106800,0,CLOSED_PERIOD
TEN-COOLIT-SYN-001,SITE-COOLIT-SYN-01,CRM,FORECAST_SNAPSHOT,FCST-079-012,OPP-0012,RESOLVED,2026-04-03T18:00:00-06:00,2026-09-26T08:00:00-06:00,2026-06-29T00:00:00-06:00,,1,,false,ACTIVE,,USD,VALID,CURRENT,coolit-synthetic-v2.0.0,CUST-002,PRG-004,CFG-CDU-01,SYNTHETIC_INTERNAL,SNP-COOLIT-20260925-BL,SCN-BASELINE,FCST-079-012,2026-H79,OPP-0012,OPPL-0012,ACC-002,PRG-004,CFG-CDU-01,NEGOTIATION,0.75,COMMIT,2026-07-06,17,1377000,0,CLOSED_PERIOD
TEN-COOLIT-SYN-001,SITE-COOLIT-SYN-01,CRM,FORECAST_SNAPSHOT,FCST-079-013,OPP-0013,RESOLVED,2026-04-03T18:00:00-06:00,2026-09-26T08:00:00-06:00,2026-06-29T00:00:00-06:00,,1,,false,ACTIVE,,USD,VALID,CURRENT,coolit-synthetic-v2.0.0,CUST-003,PRG-005,CFG-CPL-02,SYNTHETIC_INTERNAL,SNP-COOLIT-20260925-BL,SCN-BASELINE,FCST-079-013,2026-H79,OPP-0013,OPPL-0013,ACC-003,PRG-005,CFG-CPL-02,NEGOTIATION,0.75,COMMIT,2026-04-20,23,154100,0,CLOSED_PERIOD
TEN-COOLIT-SYN-001,SITE-COOLIT-SYN-01,CRM,FORECAST_SNAPSHOT,FCST-079-014,OPP-0014,RESOLVED,2026-04-03T18:00:00-06:00,2026-09-26T08:00:00-06:00,2026-06-29T00:00:00-06:00,,1,,false,ACTIVE,,USD,VALID,CURRENT,coolit-synthetic-v2.0.0,CUST-004,PRG-006,CFG-RM-03,SYNTHETIC_INTERNAL,SNP-COOLIT-20260925-BL,SCN-BASELINE,FCST-079-014,2026-H79,OPP-0014,OPPL-0014,ACC-004,PRG-006,CFG-RM-03,NEGOTIATION,0.75,COMMIT,2026-04-27,23,179400,0,CLOSED_PERIOD
TEN-COOLIT-SYN-001,SITE-COOLIT-SYN-01,CRM,FORECAST_SNAPSHOT,FCST-079-015,OPP-0015,RESOLVED,2026-04-03T18:00:00-06:00,2026-09-26T08:00:00-06:00,2026-06-29T00:00:00-06:00,,1,,false,ACTIVE,,USD,VALID,CURRENT,coolit-synthetic-v2.0.0,CUST-005,PRG-007,CFG-CDU-04,SYNTHETIC_INTERNAL,SNP-COOLIT-20260925-BL,SCN-BASELINE,FCST-079-015,2026-H79,OPP-0015,OPPL-0015,ACC-005,PRG-007,CFG-CDU-04,NEGOTIATION,0.75,COMMIT,2026-05-04,28,3024000,0,CLOSED_PERIOD
TEN-COOLIT-SYN-001,SITE-COOLIT-SYN-01,CRM,FORECAST_SNAPSHOT,FCST-080-001,OPP-0001,RESOLVED,2026-04-10T18:00:00-06:00,2026-09-26T08:00:00-06:00,2026-06-29T00:00:00-06:00,,1,,false,ACTIVE,,USD,VALID,CURRENT,coolit-synthetic-v2.0.0,CUST-001,PRG-001,CFG-CPL-02,SYNTHETIC_INTERNAL,SNP-COOLIT-20260925-BL,SCN-BASELINE,FCST-080-001,2026-H80,OPP-0001,OPPL-0001,ACC-001,PRG-001,CFG-CPL-02,NEGOTIATION,0.75,COMMIT,2026-04-24,7,46900,0,CLOSED_PERIOD
TEN-COOLIT-SYN-001,SITE-COOLIT-SYN-01,CRM,FORECAST_SNAPSHOT,FCST-080-002,OPP-0002,RESOLVED,2026-04-10T18:00:00-06:00,2026-09-26T08:00:00-06:00,2026-06-29T00:00:00-06:00,,1,,false,ACTIVE,,USD,VALID,CURRENT,coolit-synthetic-v2.0.0,CUST-002,PRG-002,CFG-RM-03,SYNTHETIC_INTERNAL,SNP-COOLIT-20260925-BL,SCN-BASELINE,FCST-080-002,2026-H80,OPP-0002,OPPL-0002,ACC-002,PRG-002,CFG-RM-03,NEGOTIATION,0.75,COMMIT,2026-05-01,12,93600,0,CLOSED_PERIOD
TEN-COOLIT-SYN-001,SITE-COOLIT-SYN-01,CRM,FORECAST_SNAPSHOT,FCST-080-003,OPP-0003,RESOLVED,2026-04-10T18:00:00-06:00,2026-09-26T08:00:00-06:00,2026-06-29T00:00:00-06:00,,1,,false,ACTIVE,,USD,VALID,CURRENT,coolit-synthetic-v2.0.0,CUST-003,PRG-003,CFG-CDU-04,SYNTHETIC_INTERNAL,SNP-COOLIT-20260925-BL,SCN-BASELINE,FCST-080-003,2026-H80,OPP-0003,OPPL-0003,ACC-003,PRG-003,CFG-CDU-04,NEGOTIATION,0.75,COMMIT,2026-05-08,17,1836000,0,CLOSED_PERIOD
TEN-COOLIT-SYN-001,SITE-COOLIT-SYN-01,CRM,FORECAST_SNAPSHOT,FCST-080-004,OPP-0004,RESOLVED,2026-04-10T18:00:00-06:00,2026-09-26T08:00:00-06:00,2026-06-29T00:00:00-06:00,,1,,false,ACTIVE,,USD,VALID,CURRENT,coolit-synthetic-v2.0.0,CUST-004,PRG-004,CFG-RM-01,SYNTHETIC_INTERNAL,SNP-COOLIT-20260925-BL,SCN-BASELINE,FCST-080-004,2026-H80,OPP-0004,OPPL-0004,ACC-004,PRG-004,CFG-RM-01,NEGOTIATION,0.75,COMMIT,2026-05-15,22,123200,0,CLOSED_PERIOD
TEN-COOLIT-SYN-001,SITE-COOLIT-SYN-01,CRM,FORECAST_SNAPSHOT,FCST-080-005,OPP-0005,RESOLVED,2026-04-10T18:00:00-06:00,2026-09-26T08:00:00-06:00,2026-06-29T00:00:00-06:00,,1,,false,ACTIVE,,USD,VALID,CURRENT,coolit-synthetic-v2.0.0,CUST-005,PRG-005,CFG-CDU-02,SYNTHETIC_INTERNAL,SNP-COOLIT-20260925-BL,SCN-BASELINE,FCST-080-005,2026-H80,OPP-0005,OPPL-0005,ACC-005,PRG-005,CFG-CDU-02,NEGOTIATION,0.75,COMMIT,2026-05-22,28,2520000,0,CLOSED_PERIOD
TEN-COOLIT-SYN-001,SITE-COOLIT-SYN-01,CRM,FORECAST_SNAPSHOT,FCST-080-006,OPP-0006,RESOLVED,2026-04-10T18:00:00-06:00,2026-09-26T08:00:00-06:00,2026-06-29T00:00:00-06:00,,1,,false,ACTIVE,,USD,VALID,CURRENT,coolit-synthetic-v2.0.0,CUST-006,PRG-006,CFG-CPL-03,SYNTHETIC_INTERNAL,SNP-COOLIT-20260925-BL,SCN-BASELINE,FCST-080-006,2026-H80,OPP-0006,OPPL-0006,ACC-006,PRG-006,CFG-CPL-03,NEGOTIATION,0.75,COMMIT,2026-05-29,27,210600,0,CLOSED_PERIOD
TEN-COOLIT-SYN-001,SITE-COOLIT-SYN-01,CRM,FORECAST_SNAPSHOT,FCST-080-007,OPP-0007,RESOLVED,2026-04-10T18:00:00-06:00,2026-09-26T08:00:00-06:00,2026-06-29T00:00:00-06:00,,1,,false,ACTIVE,,USD,VALID,CURRENT,coolit-synthetic-v2.0.0,CUST-007,PRG-007,CFG-RM-04,SYNTHETIC_INTERNAL,SNP-COOLIT-20260925-BL,SCN-BASELINE,FCST-080-007,2026-H80,OPP-0007,OPPL-0007,ACC-007,PRG-007,CFG-RM-04,NEGOTIATION,0.75,COMMIT,2026-06-05,32,284800,0,CLOSED_PERIOD
TEN-COOLIT-SYN-001,SITE-COOLIT-SYN-01,CRM,FORECAST_SNAPSHOT,FCST-080-008,OPP-0008,RESOLVED,2026-04-10T18:00:00-06:00,2026-09-26T08:00:00-06:00,2026-06-29T00:00:00-06:00,,1,,false,ACTIVE,,USD,VALID,CURRENT,coolit-synthetic-v2.0.0,CUST-008,PRG-008,CFG-CPL-01,SYNTHETIC_INTERNAL,SNP-COOLIT-20260925-BL,SCN-BASELINE,FCST-080-008,2026-H80,OPP-0008,OPPL-0008,ACC-008,PRG-008,CFG-CPL-01,NEGOTIATION,0.75,COMMIT,2026-06-12,37,207200,0,CLOSED_PERIOD
TEN-COOLIT-SYN-001,SITE-COOLIT-SYN-01,CRM,FORECAST_SNAPSHOT,FCST-080-009,OPP-0009,RESOLVED,2026-04-10T18:00:00-06:00,2026-09-26T08:00:00-06:00,2026-06-29T00:00:00-06:00,,1,,false,ACTIVE,,USD,VALID,CURRENT,coolit-synthetic-v2.0.0,CUST-009,PRG-001,CFG-RM-02,SYNTHETIC_INTERNAL,SNP-COOLIT-20260925-BL,SCN-BASELINE,FCST-080-009,2026-H80,OPP-0009,OPPL-0009,ACC-009,PRG-001,CFG-RM-02,NEGOTIATION,0.75,COMMIT,2026-06-19,43,288100,0,CLOSED_PERIOD
TEN-COOLIT-SYN-001,SITE-COOLIT-SYN-01,CRM,FORECAST_SNAPSHOT,FCST-080-010,OPP-0010,RESOLVED,2026-04-10T18:00:00-06:00,2026-09-26T08:00:00-06:00,2026-06-29T00:00:00-06:00,,1,,false,ACTIVE,,USD,VALID,CURRENT,coolit-synthetic-v2.0.0,CUST-010,PRG-002,CFG-CDU-03,SYNTHETIC_INTERNAL,SNP-COOLIT-20260925-BL,SCN-BASELINE,FCST-080-010,2026-H80,OPP-0010,OPPL-0010,ACC-010,PRG-002,CFG-CDU-03,NEGOTIATION,0.75,COMMIT,2026-06-26,8,792000,0,CLOSED_PERIOD
TEN-COOLIT-SYN-001,SITE-COOLIT-SYN-01,CRM,FORECAST_SNAPSHOT,FCST-080-011,OPP-0011,RESOLVED,2026-04-10T18:00:00-06:00,2026-09-26T08:00:00-06:00,2026-06-29T00:00:00-06:00,,1,,false,ACTIVE,,USD,VALID,CURRENT,coolit-synthetic-v2.0.0,CUST-001,PRG-003,CFG-CPL-04,SYNTHETIC_INTERNAL,SNP-COOLIT-20260925-BL,SCN-BASELINE,FCST-080-011,2026-H80,OPP-0011,OPPL-0011,ACC-001,PRG-003,CFG-CPL-04,NEGOTIATION,0.75,COMMIT,2026-07-03,13,115700,0,CLOSED_PERIOD
TEN-COOLIT-SYN-001,SITE-COOLIT-SYN-01,CRM,FORECAST_SNAPSHOT,FCST-080-012,OPP-0012,RESOLVED,2026-04-10T18:00:00-06:00,2026-09-26T08:00:00-06:00,2026-06-29T00:00:00-06:00,,1,,false,ACTIVE,,USD,VALID,CURRENT,coolit-synthetic-v2.0.0,CUST-002,PRG-004,CFG-CDU-01,SYNTHETIC_INTERNAL,SNP-COOLIT-20260925-BL,SCN-BASELINE,FCST-080-012,2026-H80,OPP-0012,OPPL-0012,ACC-002,PRG-004,CFG-CDU-01,NEGOTIATION,0.75,COMMIT,2026-07-10,18,1458000,0,CLOSED_PERIOD
TEN-COOLIT-SYN-001,SITE-COOLIT-SYN-01,CRM,FORECAST_SNAPSHOT,FCST-080-013,OPP-0013,RESOLVED,2026-04-10T18:00:00-06:00,2026-09-26T08:00:00-06:00,2026-06-29T00:00:00-06:00,,1,,false,ACTIVE,,USD,VALID,CURRENT,coolit-synthetic-v2.0.0,CUST-003,PRG-005,CFG-CPL-02,SYNTHETIC_INTERNAL,SNP-COOLIT-20260925-BL,SCN-BASELINE,FCST-080-013,2026-H80,OPP-0013,OPPL-0013,ACC-003,PRG-005,CFG-CPL-02,NEGOTIATION,0.75,COMMIT,2026-04-24,19,127300,0,CLOSED_PERIOD
TEN-COOLIT-SYN-001,SITE-COOLIT-SYN-01,CRM,FORECAST_SNAPSHOT,FCST-080-014,OPP-0014,RESOLVED,2026-04-10T18:00:00-06:00,2026-09-26T08:00:00-06:00,2026-06-29T00:00:00-06:00,,1,,false,ACTIVE,,USD,VALID,CURRENT,coolit-synthetic-v2.0.0,CUST-004,PRG-006,CFG-RM-03,SYNTHETIC_INTERNAL,SNP-COOLIT-20260925-BL,SCN-BASELINE,FCST-080-014,2026-H80,OPP-0014,OPPL-0014,ACC-004,PRG-006,CFG-RM-03,NEGOTIATION,0.75,COMMIT,2026-05-01,24,187200,0,CLOSED_PERIOD
TEN-COOLIT-SYN-001,SITE-COOLIT-SYN-01,CRM,FORECAST_SNAPSHOT,FCST-080-015,OPP-0015,RESOLVED,2026-04-10T18:00:00-06:00,2026-09-26T08:00:00-06:00,2026-06-29T00:00:00-06:00,,1,,false,ACTIVE,,USD,VALID,CURRENT,coolit-synthetic-v2.0.0,CUST-005,PRG-007,CFG-CDU-04,SYNTHETIC_INTERNAL,SNP-COOLIT-20260925-BL,SCN-BASELINE,FCST-080-015,2026-H80,OPP-0015,OPPL-0015,ACC-005,PRG-007,CFG-CDU-04,NEGOTIATION,0.75,COMMIT,2026-05-08,29,3132000,0,CLOSED_PERIOD
TEN-COOLIT-SYN-001,SITE-COOLIT-SYN-01,CRM,FORECAST_SNAPSHOT,FCST-081-001,OPP-0001,RESOLVED,2026-04-17T18:00:00-06:00,2026-09-26T08:00:00-06:00,2026-06-29T00:00:00-06:00,,1,,false,ACTIVE,,USD,VALID,CURRENT,coolit-synthetic-v2.0.0,CUST-001,PRG-001,CFG-CPL-02,SYNTHETIC_INTERNAL,SNP-COOLIT-20260925-BL,SCN-BASELINE,FCST-081-001,2026-H81,OPP-0001,OPPL-0001,ACC-001,PRG-001,CFG-CPL-02,NEGOTIATION,0.75,COMMIT,2026-04-28,7,46900,0,CLOSED_PERIOD
TEN-COOLIT-SYN-001,SITE-COOLIT-SYN-01,CRM,FORECAST_SNAPSHOT,FCST-081-002,OPP-0002,RESOLVED,2026-04-17T18:00:00-06:00,2026-09-26T08:00:00-06:00,2026-06-29T00:00:00-06:00,,1,,false,ACTIVE,,USD,VALID,CURRENT,coolit-synthetic-v2.0.0,CUST-002,PRG-002,CFG-RM-03,SYNTHETIC_INTERNAL,SNP-COOLIT-20260925-BL,SCN-BASELINE,FCST-081-002,2026-H81,OPP-0002,OPPL-0002,ACC-002,PRG-002,CFG-RM-03,NEGOTIATION,0.75,COMMIT,2026-05-05,12,93600,0,CLOSED_PERIOD
TEN-COOLIT-SYN-001,SITE-COOLIT-SYN-01,CRM,FORECAST_SNAPSHOT,FCST-081-003,OPP-0003,RESOLVED,2026-04-17T18:00:00-06:00,2026-09-26T08:00:00-06:00,2026-06-29T00:00:00-06:00,,1,,false,ACTIVE,,USD,VALID,CURRENT,coolit-synthetic-v2.0.0,CUST-003,PRG-003,CFG-CDU-04,SYNTHETIC_INTERNAL,SNP-COOLIT-20260925-BL,SCN-BASELINE,FCST-081-003,2026-H81,OPP-0003,OPPL-0003,ACC-003,PRG-003,CFG-CDU-04,NEGOTIATION,0.75,COMMIT,2026-05-12,17,1836000,0,CLOSED_PERIOD
TEN-COOLIT-SYN-001,SITE-COOLIT-SYN-01,CRM,FORECAST_SNAPSHOT,FCST-081-004,OPP-0004,RESOLVED,2026-04-17T18:00:00-06:00,2026-09-26T08:00:00-06:00,2026-06-29T00:00:00-06:00,,1,,false,ACTIVE,,USD,VALID,CURRENT,coolit-synthetic-v2.0.0,CUST-004,PRG-004,CFG-RM-01,SYNTHETIC_INTERNAL,SNP-COOLIT-20260925-BL,SCN-BASELINE,FCST-081-004,2026-H81,OPP-0004,OPPL-0004,ACC-004,PRG-004,CFG-RM-01,NEGOTIATION,0.75,COMMIT,2026-05-19,23,128800,0,CLOSED_PERIOD
TEN-COOLIT-SYN-001,SITE-COOLIT-SYN-01,CRM,FORECAST_SNAPSHOT,FCST-081-005,OPP-0005,RESOLVED,2026-04-17T18:00:00-06:00,2026-09-26T08:00:00-06:00,2026-06-29T00:00:00-06:00,,1,,false,ACTIVE,,USD,VALID,CURRENT,coolit-synthetic-v2.0.0,CUST-005,PRG-005,CFG-CDU-02,SYNTHETIC_INTERNAL,SNP-COOLIT-20260925-BL,SCN-BASELINE,FCST-081-005,2026-H81,OPP-0005,OPPL-0005,ACC-005,PRG-005,CFG-CDU-02,NEGOTIATION,0.75,COMMIT,2026-05-26,23,2070000,0,CLOSED_PERIOD
TEN-COOLIT-SYN-001,SITE-COOLIT-SYN-01,CRM,FORECAST_SNAPSHOT,FCST-081-006,OPP-0006,RESOLVED,2026-04-17T18:00:00-06:00,2026-09-26T08:00:00-06:00,2026-06-29T00:00:00-06:00,,1,,false,ACTIVE,,USD,VALID,CURRENT,coolit-synthetic-v2.0.0,CUST-006,PRG-006,CFG-CPL-03,SYNTHETIC_INTERNAL,SNP-COOLIT-20260925-BL,SCN-BASELINE,FCST-081-006,2026-H81,OPP-0006,OPPL-0006,ACC-006,PRG-006,CFG-CPL-03,NEGOTIATION,0.75,COMMIT,2026-06-02,28,218400,0,CLOSED_PERIOD
TEN-COOLIT-SYN-001,SITE-COOLIT-SYN-01,CRM,FORECAST_SNAPSHOT,FCST-081-007,OPP-0007,RESOLVED,2026-04-17T18:00:00-06:00,2026-09-26T08:00:00-06:00,2026-06-29T00:00:00-06:00,,1,,false,ACTIVE,,USD,VALID,CURRENT,coolit-synthetic-v2.0.0,CUST-007,PRG-007,CFG-RM-04,SYNTHETIC_INTERNAL,SNP-COOLIT-20260925-BL,SCN-BASELINE,FCST-081-007,2026-H81,OPP-0007,OPPL-0007,ACC-007,PRG-007,CFG-RM-04,NEGOTIATION,0.75,COMMIT,2026-06-09,33,293700,0,CLOSED_PERIOD
TEN-COOLIT-SYN-001,SITE-COOLIT-SYN-01,CRM,FORECAST_SNAPSHOT,FCST-081-008,OPP-0008,RESOLVED,2026-04-17T18:00:00-06:00,2026-09-26T08:00:00-06:00,2026-06-29T00:00:00-06:00,,1,,false,ACTIVE,,USD,VALID,CURRENT,coolit-synthetic-v2.0.0,CUST-008,PRG-008,CFG-CPL-01,SYNTHETIC_INTERNAL,SNP-COOLIT-20260925-BL,SCN-BASELINE,FCST-081-008,2026-H81,OPP-0008,OPPL-0008,ACC-008,PRG-008,CFG-CPL-01,NEGOTIATION,0.75,COMMIT,2026-06-16,39,218400,0,CLOSED_PERIOD
TEN-COOLIT-SYN-001,SITE-COOLIT-SYN-01,CRM,FORECAST_SNAPSHOT,FCST-081-009,OPP-0009,RESOLVED,2026-04-17T18:00:00-06:00,2026-09-26T08:00:00-06:00,2026-06-29T00:00:00-06:00,,1,,false,ACTIVE,,USD,VALID,CURRENT,coolit-synthetic-v2.0.0,CUST-009,PRG-001,CFG-RM-02,SYNTHETIC_INTERNAL,SNP-COOLIT-20260925-BL,SCN-BASELINE,FCST-081-009,2026-H81,OPP-0009,OPPL-0009,ACC-009,PRG-001,CFG-RM-02,NEGOTIATION,0.75,COMMIT,2026-06-23,44,294800,0,CLOSED_PERIOD
TEN-COOLIT-SYN-001,SITE-COOLIT-SYN-01,CRM,FORECAST_SNAPSHOT,FCST-081-010,OPP-0010,RESOLVED,2026-04-17T18:00:00-06:00,2026-09-26T08:00:00-06:00,2026-06-29T00:00:00-06:00,,1,,false,ACTIVE,,USD,VALID,CURRENT,coolit-synthetic-v2.0.0,CUST-010,PRG-002,CFG-CDU-03,SYNTHETIC_INTERNAL,SNP-COOLIT-20260925-BL,SCN-BASELINE,FCST-081-010,2026-H81,OPP-0010,OPPL-0010,ACC-010,PRG-002,CFG-CDU-03,NEGOTIATION,0.75,COMMIT,2026-06-30,8,792000,0,CLOSED_PERIOD
TEN-COOLIT-SYN-001,SITE-COOLIT-SYN-01,CRM,FORECAST_SNAPSHOT,FCST-081-011,OPP-0011,RESOLVED,2026-04-17T18:00:00-06:00,2026-09-26T08:00:00-06:00,2026-06-29T00:00:00-06:00,,1,,false,ACTIVE,,USD,VALID,CURRENT,coolit-synthetic-v2.0.0,CUST-001,PRG-003,CFG-CPL-04,SYNTHETIC_INTERNAL,SNP-COOLIT-20260925-BL,SCN-BASELINE,FCST-081-011,2026-H81,OPP-0011,OPPL-0011,ACC-001,PRG-003,CFG-CPL-04,NEGOTIATION,0.75,COMMIT,2026-07-07,13,115700,0,CLOSED_PERIOD
TEN-COOLIT-SYN-001,SITE-COOLIT-SYN-01,CRM,FORECAST_SNAPSHOT,FCST-081-012,OPP-0012,RESOLVED,2026-04-17T18:00:00-06:00,2026-09-26T08:00:00-06:00,2026-06-29T00:00:00-06:00,,1,,false,ACTIVE,,USD,VALID,CURRENT,coolit-synthetic-v2.0.0,CUST-002,PRG-004,CFG-CDU-01,SYNTHETIC_INTERNAL,SNP-COOLIT-20260925-BL,SCN-BASELINE,FCST-081-012,2026-H81,OPP-0012,OPPL-0012,ACC-002,PRG-004,CFG-CDU-01,NEGOTIATION,0.75,COMMIT,2026-07-14,15,1215000,0,CLOSED_PERIOD
TEN-COOLIT-SYN-001,SITE-COOLIT-SYN-01,CRM,FORECAST_SNAPSHOT,FCST-081-013,OPP-0013,RESOLVED,2026-04-17T18:00:00-06:00,2026-09-26T08:00:00-06:00,2026-06-29T00:00:00-06:00,,1,,false,ACTIVE,,USD,VALID,CURRENT,coolit-synthetic-v2.0.0,CUST-003,PRG-005,CFG-CPL-02,SYNTHETIC_INTERNAL,SNP-COOLIT-20260925-BL,SCN-BASELINE,FCST-081-013,2026-H81,OPP-0013,OPPL-0013,ACC-003,PRG-005,CFG-CPL-02,NEGOTIATION,0.75,COMMIT,2026-04-28,20,134000,0,CLOSED_PERIOD
TEN-COOLIT-SYN-001,SITE-COOLIT-SYN-01,CRM,FORECAST_SNAPSHOT,FCST-081-014,OPP-0014,RESOLVED,2026-04-17T18:00:00-06:00,2026-09-26T08:00:00-06:00,2026-06-29T00:00:00-06:00,,1,,false,ACTIVE,,USD,VALID,CURRENT,coolit-synthetic-v2.0.0,CUST-004,PRG-006,CFG-RM-03,SYNTHETIC_INTERNAL,SNP-COOLIT-20260925-BL,SCN-BASELINE,FCST-081-014,2026-H81,OPP-0014,OPPL-0014,ACC-004,PRG-006,CFG-RM-03,NEGOTIATION,0.75,COMMIT,2026-05-05,24,187200,0,CLOSED_PERIOD
TEN-COOLIT-SYN-001,SITE-COOLIT-SYN-01,CRM,FORECAST_SNAPSHOT,FCST-081-015,OPP-0015,RESOLVED,2026-04-17T18:00:00-06:00,2026-09-26T08:00:00-06:00,2026-06-29T00:00:00-06:00,,1,,false,ACTIVE,,USD,VALID,CURRENT,coolit-synthetic-v2.0.0,CUST-005,PRG-007,CFG-CDU-04,SYNTHETIC_INTERNAL,SNP-COOLIT-20260925-BL,SCN-BASELINE,FCST-081-015,2026-H81,OPP-0015,OPPL-0015,ACC-005,PRG-007,CFG-CDU-04,NEGOTIATION,0.75,COMMIT,2026-05-12,30,3240000,0,CLOSED_PERIOD
TEN-COOLIT-SYN-001,SITE-COOLIT-SYN-01,CRM,FORECAST_SNAPSHOT,FCST-082-001,OPP-0001,RESOLVED,2026-04-24T18:00:00-06:00,2026-09-26T08:00:00-06:00,2026-06-29T00:00:00-06:00,,1,,false,ACTIVE,,USD,VALID,CURRENT,coolit-synthetic-v2.0.0,CUST-001,PRG-001,CFG-CPL-02,SYNTHETIC_INTERNAL,SNP-COOLIT-20260925-BL,SCN-BASELINE,FCST-082-001,2026-H82,OPP-0001,OPPL-0001,ACC-001,PRG-001,CFG-CPL-02,NEGOTIATION,0.75,COMMIT,2026-05-29,8,53600,0,CLOSED_PERIOD
TEN-COOLIT-SYN-001,SITE-COOLIT-SYN-01,CRM,FORECAST_SNAPSHOT,FCST-082-002,OPP-0002,RESOLVED,2026-04-24T18:00:00-06:00,2026-09-26T08:00:00-06:00,2026-06-29T00:00:00-06:00,,1,,false,ACTIVE,,USD,VALID,CURRENT,coolit-synthetic-v2.0.0,CUST-002,PRG-002,CFG-RM-03,SYNTHETIC_INTERNAL,SNP-COOLIT-20260925-BL,SCN-BASELINE,FCST-082-002,2026-H82,OPP-0002,OPPL-0002,ACC-002,PRG-002,CFG-RM-03,NEGOTIATION,0.75,COMMIT,2026-06-05,13,101400,0,CLOSED_PERIOD
TEN-COOLIT-SYN-001,SITE-COOLIT-SYN-01,CRM,FORECAST_SNAPSHOT,FCST-082-003,OPP-0003,RESOLVED,2026-04-24T18:00:00-06:00,2026-09-26T08:00:00-06:00,2026-06-29T00:00:00-06:00,,1,,false,ACTIVE,,USD,VALID,CURRENT,coolit-synthetic-v2.0.0,CUST-003,PRG-003,CFG-CDU-04,SYNTHETIC_INTERNAL,SNP-COOLIT-20260925-BL,SCN-BASELINE,FCST-082-003,2026-H82,OPP-0003,OPPL-0003,ACC-003,PRG-003,CFG-CDU-04,NEGOTIATION,0.75,COMMIT,2026-06-12,18,1944000,0,CLOSED_PERIOD
TEN-COOLIT-SYN-001,SITE-COOLIT-SYN-01,CRM,FORECAST_SNAPSHOT,FCST-082-004,OPP-0004,RESOLVED,2026-04-24T18:00:00-06:00,2026-09-26T08:00:00-06:00,2026-06-29T00:00:00-06:00,,1,,false,ACTIVE,,USD,VALID,CURRENT,coolit-synthetic-v2.0.0,CUST-004,PRG-004,CFG-RM-01,SYNTHETIC_INTERNAL,SNP-COOLIT-20260925-BL,SCN-BASELINE,FCST-082-004,2026-H82,OPP-0004,OPPL-0004,ACC-004,PRG-004,CFG-RM-01,NEGOTIATION,0.75,COMMIT,2026-06-19,19,106400,0,CLOSED_PERIOD
TEN-COOLIT-SYN-001,SITE-COOLIT-SYN-01,CRM,FORECAST_SNAPSHOT,FCST-082-005,OPP-0005,RESOLVED,2026-04-24T18:00:00-06:00,2026-09-26T08:00:00-06:00,2026-06-29T00:00:00-06:00,,1,,false,ACTIVE,,USD,VALID,CURRENT,coolit-synthetic-v2.0.0,CUST-005,PRG-005,CFG-CDU-02,SYNTHETIC_INTERNAL,SNP-COOLIT-20260925-BL,SCN-BASELINE,FCST-082-005,2026-H82,OPP-0005,OPPL-0005,ACC-005,PRG-005,CFG-CDU-02,NEGOTIATION,0.75,COMMIT,2026-06-26,24,2160000,0,CLOSED_PERIOD
TEN-COOLIT-SYN-001,SITE-COOLIT-SYN-01,CRM,FORECAST_SNAPSHOT,FCST-082-006,OPP-0006,RESOLVED,2026-04-24T18:00:00-06:00,2026-09-26T08:00:00-06:00,2026-06-29T00:00:00-06:00,,1,,false,ACTIVE,,USD,VALID,CURRENT,coolit-synthetic-v2.0.0,CUST-006,PRG-006,CFG-CPL-03,SYNTHETIC_INTERNAL,SNP-COOLIT-20260925-BL,SCN-BASELINE,FCST-082-006,2026-H82,OPP-0006,OPPL-0006,ACC-006,PRG-006,CFG-CPL-03,NEGOTIATION,0.75,COMMIT,2026-07-03,29,226200,0,CLOSED_PERIOD
TEN-COOLIT-SYN-001,SITE-COOLIT-SYN-01,CRM,FORECAST_SNAPSHOT,FCST-082-007,OPP-0007,RESOLVED,2026-04-24T18:00:00-06:00,2026-09-26T08:00:00-06:00,2026-06-29T00:00:00-06:00,,1,,false,ACTIVE,,USD,VALID,CURRENT,coolit-synthetic-v2.0.0,CUST-007,PRG-007,CFG-RM-04,SYNTHETIC_INTERNAL,SNP-COOLIT-20260925-BL,SCN-BASELINE,FCST-082-007,2026-H82,OPP-0007,OPPL-0007,ACC-007,PRG-007,CFG-RM-04,NEGOTIATION,0.75,COMMIT,2026-07-10,34,302600,0,CLOSED_PERIOD
TEN-COOLIT-SYN-001,SITE-COOLIT-SYN-01,CRM,FORECAST_SNAPSHOT,FCST-082-008,OPP-0008,RESOLVED,2026-04-24T18:00:00-06:00,2026-09-26T08:00:00-06:00,2026-06-29T00:00:00-06:00,,1,,false,ACTIVE,,USD,VALID,CURRENT,coolit-synthetic-v2.0.0,CUST-008,PRG-008,CFG-CPL-01,SYNTHETIC_INTERNAL,SNP-COOLIT-20260925-BL,SCN-BASELINE,FCST-082-008,2026-H82,OPP-0008,OPPL-0008,ACC-008,PRG-008,CFG-CPL-01,NEGOTIATION,0.75,COMMIT,2026-07-17,40,224000,0,CLOSED_PERIOD
TEN-COOLIT-SYN-001,SITE-COOLIT-SYN-01,CRM,FORECAST_SNAPSHOT,FCST-082-009,OPP-0009,RESOLVED,2026-04-24T18:00:00-06:00,2026-09-26T08:00:00-06:00,2026-06-29T00:00:00-06:00,,1,,false,ACTIVE,,USD,VALID,CURRENT,coolit-synthetic-v2.0.0,CUST-009,PRG-001,CFG-RM-02,SYNTHETIC_INTERNAL,SNP-COOLIT-20260925-BL,SCN-BASELINE,FCST-082-009,2026-H82,OPP-0009,OPPL-0009,ACC-009,PRG-001,CFG-RM-02,NEGOTIATION,0.75,COMMIT,2026-07-24,46,308200,0,CLOSED_PERIOD
TEN-COOLIT-SYN-001,SITE-COOLIT-SYN-01,CRM,FORECAST_SNAPSHOT,FCST-082-010,OPP-0010,RESOLVED,2026-04-24T18:00:00-06:00,2026-09-26T08:00:00-06:00,2026-06-29T00:00:00-06:00,,1,,false,ACTIVE,,USD,VALID,CURRENT,coolit-synthetic-v2.0.0,CUST-010,PRG-002,CFG-CDU-03,SYNTHETIC_INTERNAL,SNP-COOLIT-20260925-BL,SCN-BASELINE,FCST-082-010,2026-H82,OPP-0010,OPPL-0010,ACC-010,PRG-002,CFG-CDU-03,NEGOTIATION,0.75,COMMIT,2026-07-31,8,792000,0,CLOSED_PERIOD
TEN-COOLIT-SYN-001,SITE-COOLIT-SYN-01,CRM,FORECAST_SNAPSHOT,FCST-082-011,OPP-0011,RESOLVED,2026-04-24T18:00:00-06:00,2026-09-26T08:00:00-06:00,2026-06-29T00:00:00-06:00,,1,,false,ACTIVE,,USD,VALID,CURRENT,coolit-synthetic-v2.0.0,CUST-001,PRG-003,CFG-CPL-04,SYNTHETIC_INTERNAL,SNP-COOLIT-20260925-BL,SCN-BASELINE,FCST-082-011,2026-H82,OPP-0011,OPPL-0011,ACC-001,PRG-003,CFG-CPL-04,NEGOTIATION,0.75,COMMIT,2026-08-07,11,97900,0,CLOSED_PERIOD
TEN-COOLIT-SYN-001,SITE-COOLIT-SYN-01,CRM,FORECAST_SNAPSHOT,FCST-082-012,OPP-0012,RESOLVED,2026-04-24T18:00:00-06:00,2026-09-26T08:00:00-06:00,2026-06-29T00:00:00-06:00,,1,,false,ACTIVE,,USD,VALID,CURRENT,coolit-synthetic-v2.0.0,CUST-002,PRG-004,CFG-CDU-01,SYNTHETIC_INTERNAL,SNP-COOLIT-20260925-BL,SCN-BASELINE,FCST-082-012,2026-H82,OPP-0012,OPPL-0012,ACC-002,PRG-004,CFG-CDU-01,NEGOTIATION,0.75,COMMIT,2026-08-14,15,1215000,0,CLOSED_PERIOD
TEN-COOLIT-SYN-001,SITE-COOLIT-SYN-01,CRM,FORECAST_SNAPSHOT,FCST-082-013,OPP-0013,RESOLVED,2026-04-24T18:00:00-06:00,2026-09-26T08:00:00-06:00,2026-06-29T00:00:00-06:00,,1,,false,ACTIVE,,USD,VALID,CURRENT,coolit-synthetic-v2.0.0,CUST-003,PRG-005,CFG-CPL-02,SYNTHETIC_INTERNAL,SNP-COOLIT-20260925-BL,SCN-BASELINE,FCST-082-013,2026-H82,OPP-0013,OPPL-0013,ACC-003,PRG-005,CFG-CPL-02,NEGOTIATION,0.75,COMMIT,2026-05-29,20,134000,0,CLOSED_PERIOD
TEN-COOLIT-SYN-001,SITE-COOLIT-SYN-01,CRM,FORECAST_SNAPSHOT,FCST-082-014,OPP-0014,RESOLVED,2026-04-24T18:00:00-06:00,2026-09-26T08:00:00-06:00,2026-06-29T00:00:00-06:00,,1,,false,ACTIVE,,USD,VALID,CURRENT,coolit-synthetic-v2.0.0,CUST-004,PRG-006,CFG-RM-03,SYNTHETIC_INTERNAL,SNP-COOLIT-20260925-BL,SCN-BASELINE,FCST-082-014,2026-H82,OPP-0014,OPPL-0014,ACC-004,PRG-006,CFG-RM-03,NEGOTIATION,0.75,COMMIT,2026-06-05,25,195000,0,CLOSED_PERIOD
TEN-COOLIT-SYN-001,SITE-COOLIT-SYN-01,CRM,FORECAST_SNAPSHOT,FCST-082-015,OPP-0015,RESOLVED,2026-04-24T18:00:00-06:00,2026-09-26T08:00:00-06:00,2026-06-29T00:00:00-06:00,,1,,false,ACTIVE,,USD,VALID,CURRENT,coolit-synthetic-v2.0.0,CUST-005,PRG-007,CFG-CDU-04,SYNTHETIC_INTERNAL,SNP-COOLIT-20260925-BL,SCN-BASELINE,FCST-082-015,2026-H82,OPP-0015,OPPL-0015,ACC-005,PRG-007,CFG-CDU-04,NEGOTIATION,0.75,COMMIT,2026-06-12,31,3348000,0,CLOSED_PERIOD
TEN-COOLIT-SYN-001,SITE-COOLIT-SYN-01,CRM,FORECAST_SNAPSHOT,FCST-083-001,OPP-0001,RESOLVED,2026-05-01T18:00:00-06:00,2026-09-26T08:00:00-06:00,2026-06-29T00:00:00-06:00,,1,,false,ACTIVE,,USD,VALID,CURRENT,coolit-synthetic-v2.0.0,CUST-001,PRG-001,CFG-CPL-02,SYNTHETIC_INTERNAL,SNP-COOLIT-20260925-BL,SCN-BASELINE,FCST-083-001,2026-H83,OPP-0001,OPPL-0001,ACC-001,PRG-001,CFG-CPL-02,NEGOTIATION,0.75,COMMIT,2026-06-02,8,53600,0,CLOSED_PERIOD
TEN-COOLIT-SYN-001,SITE-COOLIT-SYN-01,CRM,FORECAST_SNAPSHOT,FCST-083-002,OPP-0002,RESOLVED,2026-05-01T18:00:00-06:00,2026-09-26T08:00:00-06:00,2026-06-29T00:00:00-06:00,,1,,false,ACTIVE,,USD,VALID,CURRENT,coolit-synthetic-v2.0.0,CUST-002,PRG-002,CFG-RM-03,SYNTHETIC_INTERNAL,SNP-COOLIT-20260925-BL,SCN-BASELINE,FCST-083-002,2026-H83,OPP-0002,OPPL-0002,ACC-002,PRG-002,CFG-RM-03,NEGOTIATION,0.75,COMMIT,2026-06-09,13,101400,0,CLOSED_PERIOD
TEN-COOLIT-SYN-001,SITE-COOLIT-SYN-01,CRM,FORECAST_SNAPSHOT,FCST-083-003,OPP-0003,RESOLVED,2026-05-01T18:00:00-06:00,2026-09-26T08:00:00-06:00,2026-06-29T00:00:00-06:00,,1,,false,ACTIVE,,USD,VALID,CURRENT,coolit-synthetic-v2.0.0,CUST-003,PRG-003,CFG-CDU-04,SYNTHETIC_INTERNAL,SNP-COOLIT-20260925-BL,SCN-BASELINE,FCST-083-003,2026-H83,OPP-0003,OPPL-0003,ACC-003,PRG-003,CFG-CDU-04,NEGOTIATION,0.75,COMMIT,2026-06-16,15,1620000,0,CLOSED_PERIOD
TEN-COOLIT-SYN-001,SITE-COOLIT-SYN-01,CRM,FORECAST_SNAPSHOT,FCST-083-004,OPP-0004,RESOLVED,2026-05-01T18:00:00-06:00,2026-09-26T08:00:00-06:00,2026-06-29T00:00:00-06:00,,1,,false,ACTIVE,,USD,VALID,CURRENT,coolit-synthetic-v2.0.0,CUST-004,PRG-004,CFG-RM-01,SYNTHETIC_INTERNAL,SNP-COOLIT-20260925-BL,SCN-BASELINE,FCST-083-004,2026-H83,OPP-0004,OPPL-0004,ACC-004,PRG-004,CFG-RM-01,NEGOTIATION,0.75,COMMIT,2026-06-23,20,112000,0,CLOSED_PERIOD
TEN-COOLIT-SYN-001,SITE-COOLIT-SYN-01,CRM,FORECAST_SNAPSHOT,FCST-083-005,OPP-0005,RESOLVED,2026-05-01T18:00:00-06:00,2026-09-26T08:00:00-06:00,2026-06-29T00:00:00-06:00,,1,,false,ACTIVE,,USD,VALID,CURRENT,coolit-synthetic-v2.0.0,CUST-005,PRG-005,CFG-CDU-02,SYNTHETIC_INTERNAL,SNP-COOLIT-20260925-BL,SCN-BASELINE,FCST-083-005,2026-H83,OPP-0005,OPPL-0005,ACC-005,PRG-005,CFG-CDU-02,NEGOTIATION,0.75,COMMIT,2026-06-30,24,2160000,0,CLOSED_PERIOD
TEN-COOLIT-SYN-001,SITE-COOLIT-SYN-01,CRM,FORECAST_SNAPSHOT,FCST-083-006,OPP-0006,RESOLVED,2026-05-01T18:00:00-06:00,2026-09-26T08:00:00-06:00,2026-06-29T00:00:00-06:00,,1,,false,ACTIVE,,USD,VALID,CURRENT,coolit-synthetic-v2.0.0,CUST-006,PRG-006,CFG-CPL-03,SYNTHETIC_INTERNAL,SNP-COOLIT-20260925-BL,SCN-BASELINE,FCST-083-006,2026-H83,OPP-0006,OPPL-0006,ACC-006,PRG-006,CFG-CPL-03,NEGOTIATION,0.75,COMMIT,2026-07-07,30,234000,0,CLOSED_PERIOD
TEN-COOLIT-SYN-001,SITE-COOLIT-SYN-01,CRM,FORECAST_SNAPSHOT,FCST-083-007,OPP-0007,RESOLVED,2026-05-01T18:00:00-06:00,2026-09-26T08:00:00-06:00,2026-06-29T00:00:00-06:00,,1,,false,ACTIVE,,USD,VALID,CURRENT,coolit-synthetic-v2.0.0,CUST-007,PRG-007,CFG-RM-04,SYNTHETIC_INTERNAL,SNP-COOLIT-20260925-BL,SCN-BASELINE,FCST-083-007,2026-H83,OPP-0007,OPPL-0007,ACC-007,PRG-007,CFG-RM-04,NEGOTIATION,0.75,COMMIT,2026-07-14,35,311500,0,CLOSED_PERIOD
TEN-COOLIT-SYN-001,SITE-COOLIT-SYN-01,CRM,FORECAST_SNAPSHOT,FCST-083-008,OPP-0008,RESOLVED,2026-05-01T18:00:00-06:00,2026-09-26T08:00:00-06:00,2026-06-29T00:00:00-06:00,,1,,false,ACTIVE,,USD,VALID,CURRENT,coolit-synthetic-v2.0.0,CUST-008,PRG-008,CFG-CPL-01,SYNTHETIC_INTERNAL,SNP-COOLIT-20260925-BL,SCN-BASELINE,FCST-083-008,2026-H83,OPP-0008,OPPL-0008,ACC-008,PRG-008,CFG-CPL-01,NEGOTIATION,0.75,COMMIT,2026-07-21,41,229600,0,CLOSED_PERIOD
TEN-COOLIT-SYN-001,SITE-COOLIT-SYN-01,CRM,FORECAST_SNAPSHOT,FCST-083-009,OPP-0009,RESOLVED,2026-05-01T18:00:00-06:00,2026-09-26T08:00:00-06:00,2026-06-29T00:00:00-06:00,,1,,false,ACTIVE,,USD,VALID,CURRENT,coolit-synthetic-v2.0.0,CUST-009,PRG-001,CFG-RM-02,SYNTHETIC_INTERNAL,SNP-COOLIT-20260925-BL,SCN-BASELINE,FCST-083-009,2026-H83,OPP-0009,OPPL-0009,ACC-009,PRG-001,CFG-RM-02,NEGOTIATION,0.75,COMMIT,2026-07-28,47,314900,0,CLOSED_PERIOD
TEN-COOLIT-SYN-001,SITE-COOLIT-SYN-01,CRM,FORECAST_SNAPSHOT,FCST-083-010,OPP-0010,RESOLVED,2026-05-01T18:00:00-06:00,2026-09-26T08:00:00-06:00,2026-06-29T00:00:00-06:00,,1,,false,ACTIVE,,USD,VALID,CURRENT,coolit-synthetic-v2.0.0,CUST-010,PRG-002,CFG-CDU-03,SYNTHETIC_INTERNAL,SNP-COOLIT-20260925-BL,SCN-BASELINE,FCST-083-010,2026-H83,OPP-0010,OPPL-0010,ACC-010,PRG-002,CFG-CDU-03,NEGOTIATION,0.75,COMMIT,2026-08-04,7,693000,0,CLOSED_PERIOD
TEN-COOLIT-SYN-001,SITE-COOLIT-SYN-01,CRM,FORECAST_SNAPSHOT,FCST-083-011,OPP-0011,RESOLVED,2026-05-01T18:00:00-06:00,2026-09-26T08:00:00-06:00,2026-06-29T00:00:00-06:00,,1,,false,ACTIVE,,USD,VALID,CURRENT,coolit-synthetic-v2.0.0,CUST-001,PRG-003,CFG-CPL-04,SYNTHETIC_INTERNAL,SNP-COOLIT-20260925-BL,SCN-BASELINE,FCST-083-011,2026-H83,OPP-0011,OPPL-0011,ACC-001,PRG-003,CFG-CPL-04,NEGOTIATION,0.75,COMMIT,2026-08-11,11,97900,0,CLOSED_PERIOD
TEN-COOLIT-SYN-001,SITE-COOLIT-SYN-01,CRM,FORECAST_SNAPSHOT,FCST-083-012,OPP-0012,RESOLVED,2026-05-01T18:00:00-06:00,2026-09-26T08:00:00-06:00,2026-06-29T00:00:00-06:00,,1,,false,ACTIVE,,USD,VALID,CURRENT,coolit-synthetic-v2.0.0,CUST-002,PRG-004,CFG-CDU-01,SYNTHETIC_INTERNAL,SNP-COOLIT-20260925-BL,SCN-BASELINE,FCST-083-012,2026-H83,OPP-0012,OPPL-0012,ACC-002,PRG-004,CFG-CDU-01,NEGOTIATION,0.75,COMMIT,2026-08-18,16,1296000,0,CLOSED_PERIOD
TEN-COOLIT-SYN-001,SITE-COOLIT-SYN-01,CRM,FORECAST_SNAPSHOT,FCST-083-013,OPP-0013,RESOLVED,2026-05-01T18:00:00-06:00,2026-09-26T08:00:00-06:00,2026-06-29T00:00:00-06:00,,1,,false,ACTIVE,,USD,VALID,CURRENT,coolit-synthetic-v2.0.0,CUST-003,PRG-005,CFG-CPL-02,SYNTHETIC_INTERNAL,SNP-COOLIT-20260925-BL,SCN-BASELINE,FCST-083-013,2026-H83,OPP-0013,OPPL-0013,ACC-003,PRG-005,CFG-CPL-02,NEGOTIATION,0.75,COMMIT,2026-06-02,21,140700,0,CLOSED_PERIOD
TEN-COOLIT-SYN-001,SITE-COOLIT-SYN-01,CRM,FORECAST_SNAPSHOT,FCST-083-014,OPP-0014,RESOLVED,2026-05-01T18:00:00-06:00,2026-09-26T08:00:00-06:00,2026-06-29T00:00:00-06:00,,1,,false,ACTIVE,,USD,VALID,CURRENT,coolit-synthetic-v2.0.0,CUST-004,PRG-006,CFG-RM-03,SYNTHETIC_INTERNAL,SNP-COOLIT-20260925-BL,SCN-BASELINE,FCST-083-014,2026-H83,OPP-0014,OPPL-0014,ACC-004,PRG-006,CFG-RM-03,NEGOTIATION,0.75,COMMIT,2026-06-09,26,202800,0,CLOSED_PERIOD
TEN-COOLIT-SYN-001,SITE-COOLIT-SYN-01,CRM,FORECAST_SNAPSHOT,FCST-083-015,OPP-0015,RESOLVED,2026-05-01T18:00:00-06:00,2026-09-26T08:00:00-06:00,2026-06-29T00:00:00-06:00,,1,,false,ACTIVE,,USD,VALID,CURRENT,coolit-synthetic-v2.0.0,CUST-005,PRG-007,CFG-CDU-04,SYNTHETIC_INTERNAL,SNP-COOLIT-20260925-BL,SCN-BASELINE,FCST-083-015,2026-H83,OPP-0015,OPPL-0015,ACC-005,PRG-007,CFG-CDU-04,NEGOTIATION,0.75,COMMIT,2026-06-16,32,3456000,0,CLOSED_PERIOD
TEN-COOLIT-SYN-001,SITE-COOLIT-SYN-01,CRM,FORECAST_SNAPSHOT,FCST-084-001,OPP-0001,RESOLVED,2026-05-08T18:00:00-06:00,2026-09-26T08:00:00-06:00,2026-06-29T00:00:00-06:00,,1,,false,ACTIVE,,USD,VALID,CURRENT,coolit-synthetic-v2.0.0,CUST-001,PRG-001,CFG-CPL-02,SYNTHETIC_INTERNAL,SNP-COOLIT-20260925-BL,SCN-BASELINE,FCST-084-001,2026-H84,OPP-0001,OPPL-0001,ACC-001,PRG-001,CFG-CPL-02,NEGOTIATION,0.75,COMMIT,2026-06-06,8,53600,0,CLOSED_PERIOD
TEN-COOLIT-SYN-001,SITE-COOLIT-SYN-01,CRM,FORECAST_SNAPSHOT,FCST-084-002,OPP-0002,RESOLVED,2026-05-08T18:00:00-06:00,2026-09-26T08:00:00-06:00,2026-06-29T00:00:00-06:00,,1,,false,ACTIVE,,USD,VALID,CURRENT,coolit-synthetic-v2.0.0,CUST-002,PRG-002,CFG-RM-03,SYNTHETIC_INTERNAL,SNP-COOLIT-20260925-BL,SCN-BASELINE,FCST-084-002,2026-H84,OPP-0002,OPPL-0002,ACC-002,PRG-002,CFG-RM-03,NEGOTIATION,0.75,COMMIT,2026-06-13,11,85800,0,CLOSED_PERIOD
TEN-COOLIT-SYN-001,SITE-COOLIT-SYN-01,CRM,FORECAST_SNAPSHOT,FCST-084-003,OPP-0003,RESOLVED,2026-05-08T18:00:00-06:00,2026-09-26T08:00:00-06:00,2026-06-29T00:00:00-06:00,,1,,false,ACTIVE,,USD,VALID,CURRENT,coolit-synthetic-v2.0.0,CUST-003,PRG-003,CFG-CDU-04,SYNTHETIC_INTERNAL,SNP-COOLIT-20260925-BL,SCN-BASELINE,FCST-084-003,2026-H84,OPP-0003,OPPL-0003,ACC-003,PRG-003,CFG-CDU-04,NEGOTIATION,0.75,COMMIT,2026-06-20,15,1620000,0,CLOSED_PERIOD
TEN-COOLIT-SYN-001,SITE-COOLIT-SYN-01,CRM,FORECAST_SNAPSHOT,FCST-084-004,OPP-0004,RESOLVED,2026-05-08T18:00:00-06:00,2026-09-26T08:00:00-06:00,2026-06-29T00:00:00-06:00,,1,,false,ACTIVE,,USD,VALID,CURRENT,coolit-synthetic-v2.0.0,CUST-004,PRG-004,CFG-RM-01,SYNTHETIC_INTERNAL,SNP-COOLIT-20260925-BL,SCN-BASELINE,FCST-084-004,2026-H84,OPP-0004,OPPL-0004,ACC-004,PRG-004,CFG-RM-01,NEGOTIATION,0.75,COMMIT,2026-06-27,20,112000,0,CLOSED_PERIOD
TEN-COOLIT-SYN-001,SITE-COOLIT-SYN-01,CRM,FORECAST_SNAPSHOT,FCST-084-005,OPP-0005,RESOLVED,2026-05-08T18:00:00-06:00,2026-09-26T08:00:00-06:00,2026-06-29T00:00:00-06:00,,1,,false,ACTIVE,,USD,VALID,CURRENT,coolit-synthetic-v2.0.0,CUST-005,PRG-005,CFG-CDU-02,SYNTHETIC_INTERNAL,SNP-COOLIT-20260925-BL,SCN-BASELINE,FCST-084-005,2026-H84,OPP-0005,OPPL-0005,ACC-005,PRG-005,CFG-CDU-02,NEGOTIATION,0.75,COMMIT,2026-07-04,25,2250000,0,CLOSED_PERIOD
TEN-COOLIT-SYN-001,SITE-COOLIT-SYN-01,CRM,FORECAST_SNAPSHOT,FCST-084-006,OPP-0006,RESOLVED,2026-05-08T18:00:00-06:00,2026-09-26T08:00:00-06:00,2026-06-29T00:00:00-06:00,,1,,false,ACTIVE,,USD,VALID,CURRENT,coolit-synthetic-v2.0.0,CUST-006,PRG-006,CFG-CPL-03,SYNTHETIC_INTERNAL,SNP-COOLIT-20260925-BL,SCN-BASELINE,FCST-084-006,2026-H84,OPP-0006,OPPL-0006,ACC-006,PRG-006,CFG-CPL-03,NEGOTIATION,0.75,COMMIT,2026-07-11,31,241800,0,CLOSED_PERIOD
TEN-COOLIT-SYN-001,SITE-COOLIT-SYN-01,CRM,FORECAST_SNAPSHOT,FCST-084-007,OPP-0007,RESOLVED,2026-05-08T18:00:00-06:00,2026-09-26T08:00:00-06:00,2026-06-29T00:00:00-06:00,,1,,false,ACTIVE,,USD,VALID,CURRENT,coolit-synthetic-v2.0.0,CUST-007,PRG-007,CFG-RM-04,SYNTHETIC_INTERNAL,SNP-COOLIT-20260925-BL,SCN-BASELINE,FCST-084-007,2026-H84,OPP-0007,OPPL-0007,ACC-007,PRG-007,CFG-RM-04,NEGOTIATION,0.75,COMMIT,2026-07-18,36,320400,0,CLOSED_PERIOD
TEN-COOLIT-SYN-001,SITE-COOLIT-SYN-01,CRM,FORECAST_SNAPSHOT,FCST-084-008,OPP-0008,RESOLVED,2026-05-08T18:00:00-06:00,2026-09-26T08:00:00-06:00,2026-06-29T00:00:00-06:00,,1,,false,ACTIVE,,USD,VALID,CURRENT,coolit-synthetic-v2.0.0,CUST-008,PRG-008,CFG-CPL-01,SYNTHETIC_INTERNAL,SNP-COOLIT-20260925-BL,SCN-BASELINE,FCST-084-008,2026-H84,OPP-0008,OPPL-0008,ACC-008,PRG-008,CFG-CPL-01,NEGOTIATION,0.75,COMMIT,2026-07-25,42,235200,0,CLOSED_PERIOD
TEN-COOLIT-SYN-001,SITE-COOLIT-SYN-01,CRM,FORECAST_SNAPSHOT,FCST-084-009,OPP-0009,RESOLVED,2026-05-08T18:00:00-06:00,2026-09-26T08:00:00-06:00,2026-06-29T00:00:00-06:00,,1,,false,ACTIVE,,USD,VALID,CURRENT,coolit-synthetic-v2.0.0,CUST-009,PRG-001,CFG-RM-02,SYNTHETIC_INTERNAL,SNP-COOLIT-20260925-BL,SCN-BASELINE,FCST-084-009,2026-H84,OPP-0009,OPPL-0009,ACC-009,PRG-001,CFG-RM-02,NEGOTIATION,0.75,COMMIT,2026-08-01,39,261300,0,CLOSED_PERIOD
TEN-COOLIT-SYN-001,SITE-COOLIT-SYN-01,CRM,FORECAST_SNAPSHOT,FCST-084-010,OPP-0010,RESOLVED,2026-05-08T18:00:00-06:00,2026-09-26T08:00:00-06:00,2026-06-29T00:00:00-06:00,,1,,false,ACTIVE,,USD,VALID,CURRENT,coolit-synthetic-v2.0.0,CUST-010,PRG-002,CFG-CDU-03,SYNTHETIC_INTERNAL,SNP-COOLIT-20260925-BL,SCN-BASELINE,FCST-084-010,2026-H84,OPP-0010,OPPL-0010,ACC-010,PRG-002,CFG-CDU-03,NEGOTIATION,0.75,COMMIT,2026-08-08,7,693000,0,CLOSED_PERIOD
TEN-COOLIT-SYN-001,SITE-COOLIT-SYN-01,CRM,FORECAST_SNAPSHOT,FCST-084-011,OPP-0011,RESOLVED,2026-05-08T18:00:00-06:00,2026-09-26T08:00:00-06:00,2026-06-29T00:00:00-06:00,,1,,false,ACTIVE,,USD,VALID,CURRENT,coolit-synthetic-v2.0.0,CUST-001,PRG-003,CFG-CPL-04,SYNTHETIC_INTERNAL,SNP-COOLIT-20260925-BL,SCN-BASELINE,FCST-084-011,2026-H84,OPP-0011,OPPL-0011,ACC-001,PRG-003,CFG-CPL-04,NEGOTIATION,0.75,COMMIT,2026-08-15,12,106800,0,CLOSED_PERIOD
TEN-COOLIT-SYN-001,SITE-COOLIT-SYN-01,CRM,FORECAST_SNAPSHOT,FCST-084-012,OPP-0012,RESOLVED,2026-05-08T18:00:00-06:00,2026-09-26T08:00:00-06:00,2026-06-29T00:00:00-06:00,,1,,false,ACTIVE,,USD,VALID,CURRENT,coolit-synthetic-v2.0.0,CUST-002,PRG-004,CFG-CDU-01,SYNTHETIC_INTERNAL,SNP-COOLIT-20260925-BL,SCN-BASELINE,FCST-084-012,2026-H84,OPP-0012,OPPL-0012,ACC-002,PRG-004,CFG-CDU-01,NEGOTIATION,0.75,COMMIT,2026-08-22,16,1296000,0,CLOSED_PERIOD
TEN-COOLIT-SYN-001,SITE-COOLIT-SYN-01,CRM,FORECAST_SNAPSHOT,FCST-084-013,OPP-0013,RESOLVED,2026-05-08T18:00:00-06:00,2026-09-26T08:00:00-06:00,2026-06-29T00:00:00-06:00,,1,,false,ACTIVE,,USD,VALID,CURRENT,coolit-synthetic-v2.0.0,CUST-003,PRG-005,CFG-CPL-02,SYNTHETIC_INTERNAL,SNP-COOLIT-20260925-BL,SCN-BASELINE,FCST-084-013,2026-H84,OPP-0013,OPPL-0013,ACC-003,PRG-005,CFG-CPL-02,NEGOTIATION,0.75,COMMIT,2026-06-06,21,140700,0,CLOSED_PERIOD
TEN-COOLIT-SYN-001,SITE-COOLIT-SYN-01,CRM,FORECAST_SNAPSHOT,FCST-084-014,OPP-0014,RESOLVED,2026-05-08T18:00:00-06:00,2026-09-26T08:00:00-06:00,2026-06-29T00:00:00-06:00,,1,,false,ACTIVE,,USD,VALID,CURRENT,coolit-synthetic-v2.0.0,CUST-004,PRG-006,CFG-RM-03,SYNTHETIC_INTERNAL,SNP-COOLIT-20260925-BL,SCN-BASELINE,FCST-084-014,2026-H84,OPP-0014,OPPL-0014,ACC-004,PRG-006,CFG-RM-03,NEGOTIATION,0.75,COMMIT,2026-06-13,27,210600,0,CLOSED_PERIOD
TEN-COOLIT-SYN-001,SITE-COOLIT-SYN-01,CRM,FORECAST_SNAPSHOT,FCST-084-015,OPP-0015,RESOLVED,2026-05-08T18:00:00-06:00,2026-09-26T08:00:00-06:00,2026-06-29T00:00:00-06:00,,1,,false,ACTIVE,,USD,VALID,CURRENT,coolit-synthetic-v2.0.0,CUST-005,PRG-007,CFG-CDU-04,SYNTHETIC_INTERNAL,SNP-COOLIT-20260925-BL,SCN-BASELINE,FCST-084-015,2026-H84,OPP-0015,OPPL-0015,ACC-005,PRG-007,CFG-CDU-04,NEGOTIATION,0.75,COMMIT,2026-06-20,32,3456000,0,CLOSED_PERIOD
TEN-COOLIT-SYN-001,SITE-COOLIT-SYN-01,CRM,FORECAST_SNAPSHOT,FCST-085-001,OPP-0001,RESOLVED,2026-05-15T18:00:00-06:00,2026-09-26T08:00:00-06:00,2026-06-29T00:00:00-06:00,,1,,false,ACTIVE,,USD,VALID,CURRENT,coolit-synthetic-v2.0.0,CUST-001,PRG-001,CFG-CPL-02,SYNTHETIC_INTERNAL,SNP-COOLIT-20260925-BL,SCN-BASELINE,FCST-085-001,2026-H85,OPP-0001,OPPL-0001,ACC-001,PRG-001,CFG-CPL-02,NEGOTIATION,0.75,COMMIT,2026-06-10,7,46900,0,CLOSED_PERIOD
TEN-COOLIT-SYN-001,SITE-COOLIT-SYN-01,CRM,FORECAST_SNAPSHOT,FCST-085-002,OPP-0002,RESOLVED,2026-05-15T18:00:00-06:00,2026-09-26T08:00:00-06:00,2026-06-29T00:00:00-06:00,,1,,false,ACTIVE,,USD,VALID,CURRENT,coolit-synthetic-v2.0.0,CUST-002,PRG-002,CFG-RM-03,SYNTHETIC_INTERNAL,SNP-COOLIT-20260925-BL,SCN-BASELINE,FCST-085-002,2026-H85,OPP-0002,OPPL-0002,ACC-002,PRG-002,CFG-RM-03,NEGOTIATION,0.75,COMMIT,2026-06-17,11,85800,0,CLOSED_PERIOD
TEN-COOLIT-SYN-001,SITE-COOLIT-SYN-01,CRM,FORECAST_SNAPSHOT,FCST-085-003,OPP-0003,RESOLVED,2026-05-15T18:00:00-06:00,2026-09-26T08:00:00-06:00,2026-06-29T00:00:00-06:00,,1,,false,ACTIVE,,USD,VALID,CURRENT,coolit-synthetic-v2.0.0,CUST-003,PRG-003,CFG-CDU-04,SYNTHETIC_INTERNAL,SNP-COOLIT-20260925-BL,SCN-BASELINE,FCST-085-003,2026-H85,OPP-0003,OPPL-0003,ACC-003,PRG-003,CFG-CDU-04,NEGOTIATION,0.75,COMMIT,2026-06-24,16,1728000,0,CLOSED_PERIOD
TEN-COOLIT-SYN-001,SITE-COOLIT-SYN-01,CRM,FORECAST_SNAPSHOT,FCST-085-004,OPP-0004,RESOLVED,2026-05-15T18:00:00-06:00,2026-09-26T08:00:00-06:00,2026-06-29T00:00:00-06:00,,1,,false,ACTIVE,,USD,VALID,CURRENT,coolit-synthetic-v2.0.0,CUST-004,PRG-004,CFG-RM-01,SYNTHETIC_INTERNAL,SNP-COOLIT-20260925-BL,SCN-BASELINE,FCST-085-004,2026-H85,OPP-0004,OPPL-0004,ACC-004,PRG-004,CFG-RM-01,NEGOTIATION,0.75,COMMIT,2026-07-01,21,117600,0,CLOSED_PERIOD
TEN-COOLIT-SYN-001,SITE-COOLIT-SYN-01,CRM,FORECAST_SNAPSHOT,FCST-085-005,OPP-0005,RESOLVED,2026-05-15T18:00:00-06:00,2026-09-26T08:00:00-06:00,2026-06-29T00:00:00-06:00,,1,,false,ACTIVE,,USD,VALID,CURRENT,coolit-synthetic-v2.0.0,CUST-005,PRG-005,CFG-CDU-02,SYNTHETIC_INTERNAL,SNP-COOLIT-20260925-BL,SCN-BASELINE,FCST-085-005,2026-H85,OPP-0005,OPPL-0005,ACC-005,PRG-005,CFG-CDU-02,NEGOTIATION,0.75,COMMIT,2026-07-08,26,2340000,0,CLOSED_PERIOD
TEN-COOLIT-SYN-001,SITE-COOLIT-SYN-01,CRM,FORECAST_SNAPSHOT,FCST-085-006,OPP-0006,RESOLVED,2026-05-15T18:00:00-06:00,2026-09-26T08:00:00-06:00,2026-06-29T00:00:00-06:00,,1,,false,ACTIVE,,USD,VALID,CURRENT,coolit-synthetic-v2.0.0,CUST-006,PRG-006,CFG-CPL-03,SYNTHETIC_INTERNAL,SNP-COOLIT-20260925-BL,SCN-BASELINE,FCST-085-006,2026-H85,OPP-0006,OPPL-0006,ACC-006,PRG-006,CFG-CPL-03,NEGOTIATION,0.75,COMMIT,2026-07-15,32,249600,0,CLOSED_PERIOD
TEN-COOLIT-SYN-001,SITE-COOLIT-SYN-01,CRM,FORECAST_SNAPSHOT,FCST-085-007,OPP-0007,RESOLVED,2026-05-15T18:00:00-06:00,2026-09-26T08:00:00-06:00,2026-06-29T00:00:00-06:00,,1,,false,ACTIVE,,USD,VALID,CURRENT,coolit-synthetic-v2.0.0,CUST-007,PRG-007,CFG-RM-04,SYNTHETIC_INTERNAL,SNP-COOLIT-20260925-BL,SCN-BASELINE,FCST-085-007,2026-H85,OPP-0007,OPPL-0007,ACC-007,PRG-007,CFG-RM-04,NEGOTIATION,0.75,COMMIT,2026-07-22,37,329300,0,CLOSED_PERIOD
TEN-COOLIT-SYN-001,SITE-COOLIT-SYN-01,CRM,FORECAST_SNAPSHOT,FCST-085-008,OPP-0008,RESOLVED,2026-05-15T18:00:00-06:00,2026-09-26T08:00:00-06:00,2026-06-29T00:00:00-06:00,,1,,false,ACTIVE,,USD,VALID,CURRENT,coolit-synthetic-v2.0.0,CUST-008,PRG-008,CFG-CPL-01,SYNTHETIC_INTERNAL,SNP-COOLIT-20260925-BL,SCN-BASELINE,FCST-085-008,2026-H85,OPP-0008,OPPL-0008,ACC-008,PRG-008,CFG-CPL-01,NEGOTIATION,0.75,COMMIT,2026-07-29,35,196000,0,CLOSED_PERIOD
TEN-COOLIT-SYN-001,SITE-COOLIT-SYN-01,CRM,FORECAST_SNAPSHOT,FCST-085-009,OPP-0009,RESOLVED,2026-05-15T18:00:00-06:00,2026-09-26T08:00:00-06:00,2026-06-29T00:00:00-06:00,,1,,false,ACTIVE,,USD,VALID,CURRENT,coolit-synthetic-v2.0.0,CUST-009,PRG-001,CFG-RM-02,SYNTHETIC_INTERNAL,SNP-COOLIT-20260925-BL,SCN-BASELINE,FCST-085-009,2026-H85,OPP-0009,OPPL-0009,ACC-009,PRG-001,CFG-RM-02,NEGOTIATION,0.75,COMMIT,2026-08-05,40,268000,0,CLOSED_PERIOD
TEN-COOLIT-SYN-001,SITE-COOLIT-SYN-01,CRM,FORECAST_SNAPSHOT,FCST-085-010,OPP-0010,RESOLVED,2026-05-15T18:00:00-06:00,2026-09-26T08:00:00-06:00,2026-06-29T00:00:00-06:00,,1,,false,ACTIVE,,USD,VALID,CURRENT,coolit-synthetic-v2.0.0,CUST-010,PRG-002,CFG-CDU-03,SYNTHETIC_INTERNAL,SNP-COOLIT-20260925-BL,SCN-BASELINE,FCST-085-010,2026-H85,OPP-0010,OPPL-0010,ACC-010,PRG-002,CFG-CDU-03,NEGOTIATION,0.75,COMMIT,2026-08-12,7,693000,0,CLOSED_PERIOD
TEN-COOLIT-SYN-001,SITE-COOLIT-SYN-01,CRM,FORECAST_SNAPSHOT,FCST-085-011,OPP-0011,RESOLVED,2026-05-15T18:00:00-06:00,2026-09-26T08:00:00-06:00,2026-06-29T00:00:00-06:00,,1,,false,ACTIVE,,USD,VALID,CURRENT,coolit-synthetic-v2.0.0,CUST-001,PRG-003,CFG-CPL-04,SYNTHETIC_INTERNAL,SNP-COOLIT-20260925-BL,SCN-BASELINE,FCST-085-011,2026-H85,OPP-0011,OPPL-0011,ACC-001,PRG-003,CFG-CPL-04,NEGOTIATION,0.75,COMMIT,2026-08-19,12,106800,0,CLOSED_PERIOD
TEN-COOLIT-SYN-001,SITE-COOLIT-SYN-01,CRM,FORECAST_SNAPSHOT,FCST-085-012,OPP-0012,RESOLVED,2026-05-15T18:00:00-06:00,2026-09-26T08:00:00-06:00,2026-06-29T00:00:00-06:00,,1,,false,ACTIVE,,USD,VALID,CURRENT,coolit-synthetic-v2.0.0,CUST-002,PRG-004,CFG-CDU-01,SYNTHETIC_INTERNAL,SNP-COOLIT-20260925-BL,SCN-BASELINE,FCST-085-012,2026-H85,OPP-0012,OPPL-0012,ACC-002,PRG-004,CFG-CDU-01,NEGOTIATION,0.75,COMMIT,2026-08-26,17,1377000,0,CLOSED_PERIOD
TEN-COOLIT-SYN-001,SITE-COOLIT-SYN-01,CRM,FORECAST_SNAPSHOT,FCST-085-013,OPP-0013,RESOLVED,2026-05-15T18:00:00-06:00,2026-09-26T08:00:00-06:00,2026-06-29T00:00:00-06:00,,1,,false,ACTIVE,,USD,VALID,CURRENT,coolit-synthetic-v2.0.0,CUST-003,PRG-005,CFG-CPL-02,SYNTHETIC_INTERNAL,SNP-COOLIT-20260925-BL,SCN-BASELINE,FCST-085-013,2026-H85,OPP-0013,OPPL-0013,ACC-003,PRG-005,CFG-CPL-02,NEGOTIATION,0.75,COMMIT,2026-06-10,22,147400,0,CLOSED_PERIOD
TEN-COOLIT-SYN-001,SITE-COOLIT-SYN-01,CRM,FORECAST_SNAPSHOT,FCST-085-014,OPP-0014,RESOLVED,2026-05-15T18:00:00-06:00,2026-09-26T08:00:00-06:00,2026-06-29T00:00:00-06:00,,1,,false,ACTIVE,,USD,VALID,CURRENT,coolit-synthetic-v2.0.0,CUST-004,PRG-006,CFG-RM-03,SYNTHETIC_INTERNAL,SNP-COOLIT-20260925-BL,SCN-BASELINE,FCST-085-014,2026-H85,OPP-0014,OPPL-0014,ACC-004,PRG-006,CFG-RM-03,NEGOTIATION,0.75,COMMIT,2026-06-17,28,218400,0,CLOSED_PERIOD
TEN-COOLIT-SYN-001,SITE-COOLIT-SYN-01,CRM,FORECAST_SNAPSHOT,FCST-085-015,OPP-0015,RESOLVED,2026-05-15T18:00:00-06:00,2026-09-26T08:00:00-06:00,2026-06-29T00:00:00-06:00,,1,,false,ACTIVE,,USD,VALID,CURRENT,coolit-synthetic-v2.0.0,CUST-005,PRG-007,CFG-CDU-04,SYNTHETIC_INTERNAL,SNP-COOLIT-20260925-BL,SCN-BASELINE,FCST-085-015,2026-H85,OPP-0015,OPPL-0015,ACC-005,PRG-007,CFG-CDU-04,NEGOTIATION,0.75,COMMIT,2026-06-24,27,2916000,0,CLOSED_PERIOD
TEN-COOLIT-SYN-001,SITE-COOLIT-SYN-01,CRM,FORECAST_SNAPSHOT,FCST-086-001,OPP-0001,RESOLVED,2026-05-22T18:00:00-06:00,2026-09-26T08:00:00-06:00,2026-06-29T00:00:00-06:00,,1,,false,ACTIVE,,USD,VALID,CURRENT,coolit-synthetic-v2.0.0,CUST-001,PRG-001,CFG-CPL-02,SYNTHETIC_INTERNAL,SNP-COOLIT-20260925-BL,SCN-BASELINE,FCST-086-001,2026-H86,OPP-0001,OPPL-0001,ACC-001,PRG-001,CFG-CPL-02,NEGOTIATION,0.75,COMMIT,2026-06-14,7,46900,0,CLOSED_PERIOD
TEN-COOLIT-SYN-001,SITE-COOLIT-SYN-01,CRM,FORECAST_SNAPSHOT,FCST-086-002,OPP-0002,RESOLVED,2026-05-22T18:00:00-06:00,2026-09-26T08:00:00-06:00,2026-06-29T00:00:00-06:00,,1,,false,ACTIVE,,USD,VALID,CURRENT,coolit-synthetic-v2.0.0,CUST-002,PRG-002,CFG-RM-03,SYNTHETIC_INTERNAL,SNP-COOLIT-20260925-BL,SCN-BASELINE,FCST-086-002,2026-H86,OPP-0002,OPPL-0002,ACC-002,PRG-002,CFG-RM-03,NEGOTIATION,0.75,COMMIT,2026-06-21,12,93600,0,CLOSED_PERIOD
TEN-COOLIT-SYN-001,SITE-COOLIT-SYN-01,CRM,FORECAST_SNAPSHOT,FCST-086-003,OPP-0003,RESOLVED,2026-05-22T18:00:00-06:00,2026-09-26T08:00:00-06:00,2026-06-29T00:00:00-06:00,,1,,false,ACTIVE,,USD,VALID,CURRENT,coolit-synthetic-v2.0.0,CUST-003,PRG-003,CFG-CDU-04,SYNTHETIC_INTERNAL,SNP-COOLIT-20260925-BL,SCN-BASELINE,FCST-086-003,2026-H86,OPP-0003,OPPL-0003,ACC-003,PRG-003,CFG-CDU-04,NEGOTIATION,0.75,COMMIT,2026-06-28,16,1728000,0,CLOSED_PERIOD
TEN-COOLIT-SYN-001,SITE-COOLIT-SYN-01,CRM,FORECAST_SNAPSHOT,FCST-086-004,OPP-0004,RESOLVED,2026-05-22T18:00:00-06:00,2026-09-26T08:00:00-06:00,2026-06-29T00:00:00-06:00,,1,,false,ACTIVE,,USD,VALID,CURRENT,coolit-synthetic-v2.0.0,CUST-004,PRG-004,CFG-RM-01,SYNTHETIC_INTERNAL,SNP-COOLIT-20260925-BL,SCN-BASELINE,FCST-086-004,2026-H86,OPP-0004,OPPL-0004,ACC-004,PRG-004,CFG-RM-01,NEGOTIATION,0.75,COMMIT,2026-07-05,21,117600,0,CLOSED_PERIOD
TEN-COOLIT-SYN-001,SITE-COOLIT-SYN-01,CRM,FORECAST_SNAPSHOT,FCST-086-005,OPP-0005,RESOLVED,2026-05-22T18:00:00-06:00,2026-09-26T08:00:00-06:00,2026-06-29T00:00:00-06:00,,1,,false,ACTIVE,,USD,VALID,CURRENT,coolit-synthetic-v2.0.0,CUST-005,PRG-005,CFG-CDU-02,SYNTHETIC_INTERNAL,SNP-COOLIT-20260925-BL,SCN-BASELINE,FCST-086-005,2026-H86,OPP-0005,OPPL-0005,ACC-005,PRG-005,CFG-CDU-02,NEGOTIATION,0.75,COMMIT,2026-07-12,27,2430000,0,CLOSED_PERIOD
TEN-COOLIT-SYN-001,SITE-COOLIT-SYN-01,CRM,FORECAST_SNAPSHOT,FCST-086-006,OPP-0006,RESOLVED,2026-05-22T18:00:00-06:00,2026-09-26T08:00:00-06:00,2026-06-29T00:00:00-06:00,,1,,false,ACTIVE,,USD,VALID,CURRENT,coolit-synthetic-v2.0.0,CUST-006,PRG-006,CFG-CPL-03,SYNTHETIC_INTERNAL,SNP-COOLIT-20260925-BL,SCN-BASELINE,FCST-086-006,2026-H86,OPP-0006,OPPL-0006,ACC-006,PRG-006,CFG-CPL-03,NEGOTIATION,0.75,COMMIT,2026-07-19,32,249600,0,CLOSED_PERIOD
TEN-COOLIT-SYN-001,SITE-COOLIT-SYN-01,CRM,FORECAST_SNAPSHOT,FCST-086-007,OPP-0007,RESOLVED,2026-05-22T18:00:00-06:00,2026-09-26T08:00:00-06:00,2026-06-29T00:00:00-06:00,,1,,false,ACTIVE,,USD,VALID,CURRENT,coolit-synthetic-v2.0.0,CUST-007,PRG-007,CFG-RM-04,SYNTHETIC_INTERNAL,SNP-COOLIT-20260925-BL,SCN-BASELINE,FCST-086-007,2026-H86,OPP-0007,OPPL-0007,ACC-007,PRG-007,CFG-RM-04,NEGOTIATION,0.75,COMMIT,2026-07-26,31,275900,0,CLOSED_PERIOD
TEN-COOLIT-SYN-001,SITE-COOLIT-SYN-01,CRM,FORECAST_SNAPSHOT,FCST-086-008,OPP-0008,RESOLVED,2026-05-22T18:00:00-06:00,2026-09-26T08:00:00-06:00,2026-06-29T00:00:00-06:00,,1,,false,ACTIVE,,USD,VALID,CURRENT,coolit-synthetic-v2.0.0,CUST-008,PRG-008,CFG-CPL-01,SYNTHETIC_INTERNAL,SNP-COOLIT-20260925-BL,SCN-BASELINE,FCST-086-008,2026-H86,OPP-0008,OPPL-0008,ACC-008,PRG-008,CFG-CPL-01,NEGOTIATION,0.75,COMMIT,2026-08-02,36,201600,0,CLOSED_PERIOD
TEN-COOLIT-SYN-001,SITE-COOLIT-SYN-01,CRM,FORECAST_SNAPSHOT,FCST-086-009,OPP-0009,RESOLVED,2026-05-22T18:00:00-06:00,2026-09-26T08:00:00-06:00,2026-06-29T00:00:00-06:00,,1,,false,ACTIVE,,USD,VALID,CURRENT,coolit-synthetic-v2.0.0,CUST-009,PRG-001,CFG-RM-02,SYNTHETIC_INTERNAL,SNP-COOLIT-20260925-BL,SCN-BASELINE,FCST-086-009,2026-H86,OPP-0009,OPPL-0009,ACC-009,PRG-001,CFG-RM-02,NEGOTIATION,0.75,COMMIT,2026-08-09,42,281400,0,CLOSED_PERIOD
TEN-COOLIT-SYN-001,SITE-COOLIT-SYN-01,CRM,FORECAST_SNAPSHOT,FCST-086-010,OPP-0010,RESOLVED,2026-05-22T18:00:00-06:00,2026-09-26T08:00:00-06:00,2026-06-29T00:00:00-06:00,,1,,false,ACTIVE,,USD,VALID,CURRENT,coolit-synthetic-v2.0.0,CUST-010,PRG-002,CFG-CDU-03,SYNTHETIC_INTERNAL,SNP-COOLIT-20260925-BL,SCN-BASELINE,FCST-086-010,2026-H86,OPP-0010,OPPL-0010,ACC-010,PRG-002,CFG-CDU-03,NEGOTIATION,0.75,COMMIT,2026-08-16,7,693000,0,CLOSED_PERIOD
TEN-COOLIT-SYN-001,SITE-COOLIT-SYN-01,CRM,FORECAST_SNAPSHOT,FCST-086-011,OPP-0011,RESOLVED,2026-05-22T18:00:00-06:00,2026-09-26T08:00:00-06:00,2026-06-29T00:00:00-06:00,,1,,false,ACTIVE,,USD,VALID,CURRENT,coolit-synthetic-v2.0.0,CUST-001,PRG-003,CFG-CPL-04,SYNTHETIC_INTERNAL,SNP-COOLIT-20260925-BL,SCN-BASELINE,FCST-086-011,2026-H86,OPP-0011,OPPL-0011,ACC-001,PRG-003,CFG-CPL-04,NEGOTIATION,0.75,COMMIT,2026-08-23,12,106800,0,CLOSED_PERIOD
TEN-COOLIT-SYN-001,SITE-COOLIT-SYN-01,CRM,FORECAST_SNAPSHOT,FCST-086-012,OPP-0012,RESOLVED,2026-05-22T18:00:00-06:00,2026-09-26T08:00:00-06:00,2026-06-29T00:00:00-06:00,,1,,false,ACTIVE,,USD,VALID,CURRENT,coolit-synthetic-v2.0.0,CUST-002,PRG-004,CFG-CDU-01,SYNTHETIC_INTERNAL,SNP-COOLIT-20260925-BL,SCN-BASELINE,FCST-086-012,2026-H86,OPP-0012,OPPL-0012,ACC-002,PRG-004,CFG-CDU-01,NEGOTIATION,0.75,COMMIT,2026-08-30,17,1377000,0,CLOSED_PERIOD
TEN-COOLIT-SYN-001,SITE-COOLIT-SYN-01,CRM,FORECAST_SNAPSHOT,FCST-086-013,OPP-0013,RESOLVED,2026-05-22T18:00:00-06:00,2026-09-26T08:00:00-06:00,2026-06-29T00:00:00-06:00,,1,,false,ACTIVE,,USD,VALID,CURRENT,coolit-synthetic-v2.0.0,CUST-003,PRG-005,CFG-CPL-02,SYNTHETIC_INTERNAL,SNP-COOLIT-20260925-BL,SCN-BASELINE,FCST-086-013,2026-H86,OPP-0013,OPPL-0013,ACC-003,PRG-005,CFG-CPL-02,NEGOTIATION,0.75,COMMIT,2026-06-14,23,154100,0,CLOSED_PERIOD
TEN-COOLIT-SYN-001,SITE-COOLIT-SYN-01,CRM,FORECAST_SNAPSHOT,FCST-086-014,OPP-0014,RESOLVED,2026-05-22T18:00:00-06:00,2026-09-26T08:00:00-06:00,2026-06-29T00:00:00-06:00,,1,,false,ACTIVE,,USD,VALID,CURRENT,coolit-synthetic-v2.0.0,CUST-004,PRG-006,CFG-RM-03,SYNTHETIC_INTERNAL,SNP-COOLIT-20260925-BL,SCN-BASELINE,FCST-086-014,2026-H86,OPP-0014,OPPL-0014,ACC-004,PRG-006,CFG-RM-03,NEGOTIATION,0.75,COMMIT,2026-06-21,23,179400,0,CLOSED_PERIOD
TEN-COOLIT-SYN-001,SITE-COOLIT-SYN-01,CRM,FORECAST_SNAPSHOT,FCST-086-015,OPP-0015,RESOLVED,2026-05-22T18:00:00-06:00,2026-09-26T08:00:00-06:00,2026-06-29T00:00:00-06:00,,1,,false,ACTIVE,,USD,VALID,CURRENT,coolit-synthetic-v2.0.0,CUST-005,PRG-007,CFG-CDU-04,SYNTHETIC_INTERNAL,SNP-COOLIT-20260925-BL,SCN-BASELINE,FCST-086-015,2026-H86,OPP-0015,OPPL-0015,ACC-005,PRG-007,CFG-CDU-04,NEGOTIATION,0.75,COMMIT,2026-06-28,28,3024000,0,CLOSED_PERIOD
TEN-COOLIT-SYN-001,SITE-COOLIT-SYN-01,CRM,FORECAST_SNAPSHOT,FCST-087-001,OPP-0001,RESOLVED,2026-05-29T18:00:00-06:00,2026-09-26T08:00:00-06:00,2026-06-29T00:00:00-06:00,,1,,false,ACTIVE,,USD,VALID,CURRENT,coolit-synthetic-v2.0.0,CUST-001,PRG-001,CFG-CPL-02,SYNTHETIC_INTERNAL,SNP-COOLIT-20260925-BL,SCN-BASELINE,FCST-087-001,2026-H87,OPP-0001,OPPL-0001,ACC-001,PRG-001,CFG-CPL-02,NEGOTIATION,0.75,COMMIT,2026-06-18,7,46900,0,CLOSED_PERIOD
TEN-COOLIT-SYN-001,SITE-COOLIT-SYN-01,CRM,FORECAST_SNAPSHOT,FCST-087-002,OPP-0002,RESOLVED,2026-05-29T18:00:00-06:00,2026-09-26T08:00:00-06:00,2026-06-29T00:00:00-06:00,,1,,false,ACTIVE,,USD,VALID,CURRENT,coolit-synthetic-v2.0.0,CUST-002,PRG-002,CFG-RM-03,SYNTHETIC_INTERNAL,SNP-COOLIT-20260925-BL,SCN-BASELINE,FCST-087-002,2026-H87,OPP-0002,OPPL-0002,ACC-002,PRG-002,CFG-RM-03,NEGOTIATION,0.75,COMMIT,2026-06-25,12,93600,0,CLOSED_PERIOD
TEN-COOLIT-SYN-001,SITE-COOLIT-SYN-01,CRM,FORECAST_SNAPSHOT,FCST-087-003,OPP-0003,RESOLVED,2026-05-29T18:00:00-06:00,2026-09-26T08:00:00-06:00,2026-06-29T00:00:00-06:00,,1,,false,ACTIVE,,USD,VALID,CURRENT,coolit-synthetic-v2.0.0,CUST-003,PRG-003,CFG-CDU-04,SYNTHETIC_INTERNAL,SNP-COOLIT-20260925-BL,SCN-BASELINE,FCST-087-003,2026-H87,OPP-0003,OPPL-0003,ACC-003,PRG-003,CFG-CDU-04,NEGOTIATION,0.75,COMMIT,2026-07-02,17,1836000,0,CLOSED_PERIOD
TEN-COOLIT-SYN-001,SITE-COOLIT-SYN-01,CRM,FORECAST_SNAPSHOT,FCST-087-004,OPP-0004,RESOLVED,2026-05-29T18:00:00-06:00,2026-09-26T08:00:00-06:00,2026-06-29T00:00:00-06:00,,1,,false,ACTIVE,,USD,VALID,CURRENT,coolit-synthetic-v2.0.0,CUST-004,PRG-004,CFG-RM-01,SYNTHETIC_INTERNAL,SNP-COOLIT-20260925-BL,SCN-BASELINE,FCST-087-004,2026-H87,OPP-0004,OPPL-0004,ACC-004,PRG-004,CFG-RM-01,NEGOTIATION,0.75,COMMIT,2026-07-09,22,123200,0,CLOSED_PERIOD
TEN-COOLIT-SYN-001,SITE-COOLIT-SYN-01,CRM,FORECAST_SNAPSHOT,FCST-087-005,OPP-0005,RESOLVED,2026-05-29T18:00:00-06:00,2026-09-26T08:00:00-06:00,2026-06-29T00:00:00-06:00,,1,,false,ACTIVE,,USD,VALID,CURRENT,coolit-synthetic-v2.0.0,CUST-005,PRG-005,CFG-CDU-02,SYNTHETIC_INTERNAL,SNP-COOLIT-20260925-BL,SCN-BASELINE,FCST-087-005,2026-H87,OPP-0005,OPPL-0005,ACC-005,PRG-005,CFG-CDU-02,NEGOTIATION,0.75,COMMIT,2026-07-16,28,2520000,0,CLOSED_PERIOD
TEN-COOLIT-SYN-001,SITE-COOLIT-SYN-01,CRM,FORECAST_SNAPSHOT,FCST-087-006,OPP-0006,RESOLVED,2026-05-29T18:00:00-06:00,2026-09-26T08:00:00-06:00,2026-06-29T00:00:00-06:00,,1,,false,ACTIVE,,USD,VALID,CURRENT,coolit-synthetic-v2.0.0,CUST-006,PRG-006,CFG-CPL-03,SYNTHETIC_INTERNAL,SNP-COOLIT-20260925-BL,SCN-BASELINE,FCST-087-006,2026-H87,OPP-0006,OPPL-0006,ACC-006,PRG-006,CFG-CPL-03,NEGOTIATION,0.75,COMMIT,2026-07-23,27,210600,0,CLOSED_PERIOD
TEN-COOLIT-SYN-001,SITE-COOLIT-SYN-01,CRM,FORECAST_SNAPSHOT,FCST-087-007,OPP-0007,RESOLVED,2026-05-29T18:00:00-06:00,2026-09-26T08:00:00-06:00,2026-06-29T00:00:00-06:00,,1,,false,ACTIVE,,USD,VALID,CURRENT,coolit-synthetic-v2.0.0,CUST-007,PRG-007,CFG-RM-04,SYNTHETIC_INTERNAL,SNP-COOLIT-20260925-BL,SCN-BASELINE,FCST-087-007,2026-H87,OPP-0007,OPPL-0007,ACC-007,PRG-007,CFG-RM-04,NEGOTIATION,0.75,COMMIT,2026-07-30,32,284800,0,CLOSED_PERIOD
TEN-COOLIT-SYN-001,SITE-COOLIT-SYN-01,CRM,FORECAST_SNAPSHOT,FCST-087-008,OPP-0008,RESOLVED,2026-05-29T18:00:00-06:00,2026-09-26T08:00:00-06:00,2026-06-29T00:00:00-06:00,,1,,false,ACTIVE,,USD,VALID,CURRENT,coolit-synthetic-v2.0.0,CUST-008,PRG-008,CFG-CPL-01,SYNTHETIC_INTERNAL,SNP-COOLIT-20260925-BL,SCN-BASELINE,FCST-087-008,2026-H87,OPP-0008,OPPL-0008,ACC-008,PRG-008,CFG-CPL-01,NEGOTIATION,0.75,COMMIT,2026-08-06,37,207200,0,CLOSED_PERIOD
TEN-COOLIT-SYN-001,SITE-COOLIT-SYN-01,CRM,FORECAST_SNAPSHOT,FCST-087-009,OPP-0009,RESOLVED,2026-05-29T18:00:00-06:00,2026-09-26T08:00:00-06:00,2026-06-29T00:00:00-06:00,,1,,false,ACTIVE,,USD,VALID,CURRENT,coolit-synthetic-v2.0.0,CUST-009,PRG-001,CFG-RM-02,SYNTHETIC_INTERNAL,SNP-COOLIT-20260925-BL,SCN-BASELINE,FCST-087-009,2026-H87,OPP-0009,OPPL-0009,ACC-009,PRG-001,CFG-RM-02,NEGOTIATION,0.75,COMMIT,2026-08-13,43,288100,0,CLOSED_PERIOD
TEN-COOLIT-SYN-001,SITE-COOLIT-SYN-01,CRM,FORECAST_SNAPSHOT,FCST-087-010,OPP-0010,RESOLVED,2026-05-29T18:00:00-06:00,2026-09-26T08:00:00-06:00,2026-06-29T00:00:00-06:00,,1,,false,ACTIVE,,USD,VALID,CURRENT,coolit-synthetic-v2.0.0,CUST-010,PRG-002,CFG-CDU-03,SYNTHETIC_INTERNAL,SNP-COOLIT-20260925-BL,SCN-BASELINE,FCST-087-010,2026-H87,OPP-0010,OPPL-0010,ACC-010,PRG-002,CFG-CDU-03,NEGOTIATION,0.75,COMMIT,2026-08-20,8,792000,0,CLOSED_PERIOD
TEN-COOLIT-SYN-001,SITE-COOLIT-SYN-01,CRM,FORECAST_SNAPSHOT,FCST-087-011,OPP-0011,RESOLVED,2026-05-29T18:00:00-06:00,2026-09-26T08:00:00-06:00,2026-06-29T00:00:00-06:00,,1,,false,ACTIVE,,USD,VALID,CURRENT,coolit-synthetic-v2.0.0,CUST-001,PRG-003,CFG-CPL-04,SYNTHETIC_INTERNAL,SNP-COOLIT-20260925-BL,SCN-BASELINE,FCST-087-011,2026-H87,OPP-0011,OPPL-0011,ACC-001,PRG-003,CFG-CPL-04,NEGOTIATION,0.75,COMMIT,2026-08-27,13,115700,0,CLOSED_PERIOD
TEN-COOLIT-SYN-001,SITE-COOLIT-SYN-01,CRM,FORECAST_SNAPSHOT,FCST-087-012,OPP-0012,RESOLVED,2026-05-29T18:00:00-06:00,2026-09-26T08:00:00-06:00,2026-06-29T00:00:00-06:00,,1,,false,ACTIVE,,USD,VALID,CURRENT,coolit-synthetic-v2.0.0,CUST-002,PRG-004,CFG-CDU-01,SYNTHETIC_INTERNAL,SNP-COOLIT-20260925-BL,SCN-BASELINE,FCST-087-012,2026-H87,OPP-0012,OPPL-0012,ACC-002,PRG-004,CFG-CDU-01,NEGOTIATION,0.75,COMMIT,2026-09-03,18,1458000,0,CLOSED_PERIOD
TEN-COOLIT-SYN-001,SITE-COOLIT-SYN-01,CRM,FORECAST_SNAPSHOT,FCST-087-013,OPP-0013,RESOLVED,2026-05-29T18:00:00-06:00,2026-09-26T08:00:00-06:00,2026-06-29T00:00:00-06:00,,1,,false,ACTIVE,,USD,VALID,CURRENT,coolit-synthetic-v2.0.0,CUST-003,PRG-005,CFG-CPL-02,SYNTHETIC_INTERNAL,SNP-COOLIT-20260925-BL,SCN-BASELINE,FCST-087-013,2026-H87,OPP-0013,OPPL-0013,ACC-003,PRG-005,CFG-CPL-02,NEGOTIATION,0.75,COMMIT,2026-06-18,19,127300,0,CLOSED_PERIOD
TEN-COOLIT-SYN-001,SITE-COOLIT-SYN-01,CRM,FORECAST_SNAPSHOT,FCST-087-014,OPP-0014,RESOLVED,2026-05-29T18:00:00-06:00,2026-09-26T08:00:00-06:00,2026-06-29T00:00:00-06:00,,1,,false,ACTIVE,,USD,VALID,CURRENT,coolit-synthetic-v2.0.0,CUST-004,PRG-006,CFG-RM-03,SYNTHETIC_INTERNAL,SNP-COOLIT-20260925-BL,SCN-BASELINE,FCST-087-014,2026-H87,OPP-0014,OPPL-0014,ACC-004,PRG-006,CFG-RM-03,NEGOTIATION,0.75,COMMIT,2026-06-25,24,187200,0,CLOSED_PERIOD
TEN-COOLIT-SYN-001,SITE-COOLIT-SYN-01,CRM,FORECAST_SNAPSHOT,FCST-087-015,OPP-0015,RESOLVED,2026-05-29T18:00:00-06:00,2026-09-26T08:00:00-06:00,2026-06-29T00:00:00-06:00,,1,,false,ACTIVE,,USD,VALID,CURRENT,coolit-synthetic-v2.0.0,CUST-005,PRG-007,CFG-CDU-04,SYNTHETIC_INTERNAL,SNP-COOLIT-20260925-BL,SCN-BASELINE,FCST-087-015,2026-H87,OPP-0015,OPPL-0015,ACC-005,PRG-007,CFG-CDU-04,NEGOTIATION,0.75,COMMIT,2026-07-02,29,3132000,0,CLOSED_PERIOD
TEN-COOLIT-SYN-001,SITE-COOLIT-SYN-01,CRM,FORECAST_SNAPSHOT,FCST-088-001,OPP-0001,RESOLVED,2026-06-05T18:00:00-06:00,2026-09-26T08:00:00-06:00,2026-06-29T00:00:00-06:00,,1,,false,ACTIVE,,USD,VALID,CURRENT,coolit-synthetic-v2.0.0,CUST-001,PRG-001,CFG-CPL-02,SYNTHETIC_INTERNAL,SNP-COOLIT-20260925-BL,SCN-BASELINE,FCST-088-001,2026-H88,OPP-0001,OPPL-0001,ACC-001,PRG-001,CFG-CPL-02,NEGOTIATION,0.75,COMMIT,2026-06-22,7,46900,0,CLOSED_PERIOD
TEN-COOLIT-SYN-001,SITE-COOLIT-SYN-01,CRM,FORECAST_SNAPSHOT,FCST-088-002,OPP-0002,RESOLVED,2026-06-05T18:00:00-06:00,2026-09-26T08:00:00-06:00,2026-06-29T00:00:00-06:00,,1,,false,ACTIVE,,USD,VALID,CURRENT,coolit-synthetic-v2.0.0,CUST-002,PRG-002,CFG-RM-03,SYNTHETIC_INTERNAL,SNP-COOLIT-20260925-BL,SCN-BASELINE,FCST-088-002,2026-H88,OPP-0002,OPPL-0002,ACC-002,PRG-002,CFG-RM-03,NEGOTIATION,0.75,COMMIT,2026-06-29,12,93600,0,CLOSED_PERIOD
TEN-COOLIT-SYN-001,SITE-COOLIT-SYN-01,CRM,FORECAST_SNAPSHOT,FCST-088-003,OPP-0003,RESOLVED,2026-06-05T18:00:00-06:00,2026-09-26T08:00:00-06:00,2026-06-29T00:00:00-06:00,,1,,false,ACTIVE,,USD,VALID,CURRENT,coolit-synthetic-v2.0.0,CUST-003,PRG-003,CFG-CDU-04,SYNTHETIC_INTERNAL,SNP-COOLIT-20260925-BL,SCN-BASELINE,FCST-088-003,2026-H88,OPP-0003,OPPL-0003,ACC-003,PRG-003,CFG-CDU-04,NEGOTIATION,0.75,COMMIT,2026-07-06,17,1836000,0,CLOSED_PERIOD
TEN-COOLIT-SYN-001,SITE-COOLIT-SYN-01,CRM,FORECAST_SNAPSHOT,FCST-088-004,OPP-0004,RESOLVED,2026-06-05T18:00:00-06:00,2026-09-26T08:00:00-06:00,2026-06-29T00:00:00-06:00,,1,,false,ACTIVE,,USD,VALID,CURRENT,coolit-synthetic-v2.0.0,CUST-004,PRG-004,CFG-RM-01,SYNTHETIC_INTERNAL,SNP-COOLIT-20260925-BL,SCN-BASELINE,FCST-088-004,2026-H88,OPP-0004,OPPL-0004,ACC-004,PRG-004,CFG-RM-01,NEGOTIATION,0.75,COMMIT,2026-07-13,23,128800,0,CLOSED_PERIOD
TEN-COOLIT-SYN-001,SITE-COOLIT-SYN-01,CRM,FORECAST_SNAPSHOT,FCST-088-005,OPP-0005,RESOLVED,2026-06-05T18:00:00-06:00,2026-09-26T08:00:00-06:00,2026-06-29T00:00:00-06:00,,1,,false,ACTIVE,,USD,VALID,CURRENT,coolit-synthetic-v2.0.0,CUST-005,PRG-005,CFG-CDU-02,SYNTHETIC_INTERNAL,SNP-COOLIT-20260925-BL,SCN-BASELINE,FCST-088-005,2026-H88,OPP-0005,OPPL-0005,ACC-005,PRG-005,CFG-CDU-02,NEGOTIATION,0.75,COMMIT,2026-07-20,23,2070000,0,CLOSED_PERIOD
TEN-COOLIT-SYN-001,SITE-COOLIT-SYN-01,CRM,FORECAST_SNAPSHOT,FCST-088-006,OPP-0006,RESOLVED,2026-06-05T18:00:00-06:00,2026-09-26T08:00:00-06:00,2026-06-29T00:00:00-06:00,,1,,false,ACTIVE,,USD,VALID,CURRENT,coolit-synthetic-v2.0.0,CUST-006,PRG-006,CFG-CPL-03,SYNTHETIC_INTERNAL,SNP-COOLIT-20260925-BL,SCN-BASELINE,FCST-088-006,2026-H88,OPP-0006,OPPL-0006,ACC-006,PRG-006,CFG-CPL-03,NEGOTIATION,0.75,COMMIT,2026-07-27,28,218400,0,CLOSED_PERIOD
TEN-COOLIT-SYN-001,SITE-COOLIT-SYN-01,CRM,FORECAST_SNAPSHOT,FCST-088-007,OPP-0007,RESOLVED,2026-06-05T18:00:00-06:00,2026-09-26T08:00:00-06:00,2026-06-29T00:00:00-06:00,,1,,false,ACTIVE,,USD,VALID,CURRENT,coolit-synthetic-v2.0.0,CUST-007,PRG-007,CFG-RM-04,SYNTHETIC_INTERNAL,SNP-COOLIT-20260925-BL,SCN-BASELINE,FCST-088-007,2026-H88,OPP-0007,OPPL-0007,ACC-007,PRG-007,CFG-RM-04,NEGOTIATION,0.75,COMMIT,2026-08-03,33,293700,0,CLOSED_PERIOD
TEN-COOLIT-SYN-001,SITE-COOLIT-SYN-01,CRM,FORECAST_SNAPSHOT,FCST-088-008,OPP-0008,RESOLVED,2026-06-05T18:00:00-06:00,2026-09-26T08:00:00-06:00,2026-06-29T00:00:00-06:00,,1,,false,ACTIVE,,USD,VALID,CURRENT,coolit-synthetic-v2.0.0,CUST-008,PRG-008,CFG-CPL-01,SYNTHETIC_INTERNAL,SNP-COOLIT-20260925-BL,SCN-BASELINE,FCST-088-008,2026-H88,OPP-0008,OPPL-0008,ACC-008,PRG-008,CFG-CPL-01,NEGOTIATION,0.75,COMMIT,2026-08-10,39,218400,0,CLOSED_PERIOD
TEN-COOLIT-SYN-001,SITE-COOLIT-SYN-01,CRM,FORECAST_SNAPSHOT,FCST-088-009,OPP-0009,RESOLVED,2026-06-05T18:00:00-06:00,2026-09-26T08:00:00-06:00,2026-06-29T00:00:00-06:00,,1,,false,ACTIVE,,USD,VALID,CURRENT,coolit-synthetic-v2.0.0,CUST-009,PRG-001,CFG-RM-02,SYNTHETIC_INTERNAL,SNP-COOLIT-20260925-BL,SCN-BASELINE,FCST-088-009,2026-H88,OPP-0009,OPPL-0009,ACC-009,PRG-001,CFG-RM-02,NEGOTIATION,0.75,COMMIT,2026-08-17,44,294800,0,CLOSED_PERIOD
TEN-COOLIT-SYN-001,SITE-COOLIT-SYN-01,CRM,FORECAST_SNAPSHOT,FCST-088-010,OPP-0010,RESOLVED,2026-06-05T18:00:00-06:00,2026-09-26T08:00:00-06:00,2026-06-29T00:00:00-06:00,,1,,false,ACTIVE,,USD,VALID,CURRENT,coolit-synthetic-v2.0.0,CUST-010,PRG-002,CFG-CDU-03,SYNTHETIC_INTERNAL,SNP-COOLIT-20260925-BL,SCN-BASELINE,FCST-088-010,2026-H88,OPP-0010,OPPL-0010,ACC-010,PRG-002,CFG-CDU-03,NEGOTIATION,0.75,COMMIT,2026-08-24,8,792000,0,CLOSED_PERIOD
TEN-COOLIT-SYN-001,SITE-COOLIT-SYN-01,CRM,FORECAST_SNAPSHOT,FCST-088-011,OPP-0011,RESOLVED,2026-06-05T18:00:00-06:00,2026-09-26T08:00:00-06:00,2026-06-29T00:00:00-06:00,,1,,false,ACTIVE,,USD,VALID,CURRENT,coolit-synthetic-v2.0.0,CUST-001,PRG-003,CFG-CPL-04,SYNTHETIC_INTERNAL,SNP-COOLIT-20260925-BL,SCN-BASELINE,FCST-088-011,2026-H88,OPP-0011,OPPL-0011,ACC-001,PRG-003,CFG-CPL-04,NEGOTIATION,0.75,COMMIT,2026-08-31,13,115700,0,CLOSED_PERIOD
TEN-COOLIT-SYN-001,SITE-COOLIT-SYN-01,CRM,FORECAST_SNAPSHOT,FCST-088-012,OPP-0012,RESOLVED,2026-06-05T18:00:00-06:00,2026-09-26T08:00:00-06:00,2026-06-29T00:00:00-06:00,,1,,false,ACTIVE,,USD,VALID,CURRENT,coolit-synthetic-v2.0.0,CUST-002,PRG-004,CFG-CDU-01,SYNTHETIC_INTERNAL,SNP-COOLIT-20260925-BL,SCN-BASELINE,FCST-088-012,2026-H88,OPP-0012,OPPL-0012,ACC-002,PRG-004,CFG-CDU-01,NEGOTIATION,0.75,COMMIT,2026-09-07,15,1215000,0,CLOSED_PERIOD
TEN-COOLIT-SYN-001,SITE-COOLIT-SYN-01,CRM,FORECAST_SNAPSHOT,FCST-088-013,OPP-0013,RESOLVED,2026-06-05T18:00:00-06:00,2026-09-26T08:00:00-06:00,2026-06-29T00:00:00-06:00,,1,,false,ACTIVE,,USD,VALID,CURRENT,coolit-synthetic-v2.0.0,CUST-003,PRG-005,CFG-CPL-02,SYNTHETIC_INTERNAL,SNP-COOLIT-20260925-BL,SCN-BASELINE,FCST-088-013,2026-H88,OPP-0013,OPPL-0013,ACC-003,PRG-005,CFG-CPL-02,NEGOTIATION,0.75,COMMIT,2026-06-22,20,134000,0,CLOSED_PERIOD
TEN-COOLIT-SYN-001,SITE-COOLIT-SYN-01,CRM,FORECAST_SNAPSHOT,FCST-088-014,OPP-0014,RESOLVED,2026-06-05T18:00:00-06:00,2026-09-26T08:00:00-06:00,2026-06-29T00:00:00-06:00,,1,,false,ACTIVE,,USD,VALID,CURRENT,coolit-synthetic-v2.0.0,CUST-004,PRG-006,CFG-RM-03,SYNTHETIC_INTERNAL,SNP-COOLIT-20260925-BL,SCN-BASELINE,FCST-088-014,2026-H88,OPP-0014,OPPL-0014,ACC-004,PRG-006,CFG-RM-03,NEGOTIATION,0.75,COMMIT,2026-06-29,24,187200,0,CLOSED_PERIOD
TEN-COOLIT-SYN-001,SITE-COOLIT-SYN-01,CRM,FORECAST_SNAPSHOT,FCST-088-015,OPP-0015,RESOLVED,2026-06-05T18:00:00-06:00,2026-09-26T08:00:00-06:00,2026-06-29T00:00:00-06:00,,1,,false,ACTIVE,,USD,VALID,CURRENT,coolit-synthetic-v2.0.0,CUST-005,PRG-007,CFG-CDU-04,SYNTHETIC_INTERNAL,SNP-COOLIT-20260925-BL,SCN-BASELINE,FCST-088-015,2026-H88,OPP-0015,OPPL-0015,ACC-005,PRG-007,CFG-CDU-04,NEGOTIATION,0.75,COMMIT,2026-07-06,30,3240000,0,CLOSED_PERIOD
TEN-COOLIT-SYN-001,SITE-COOLIT-SYN-01,CRM,FORECAST_SNAPSHOT,FCST-089-001,OPP-0001,RESOLVED,2026-06-12T18:00:00-06:00,2026-09-26T08:00:00-06:00,2026-06-29T00:00:00-06:00,,1,,false,ACTIVE,,USD,VALID,CURRENT,coolit-synthetic-v2.0.0,CUST-001,PRG-001,CFG-CPL-02,SYNTHETIC_INTERNAL,SNP-COOLIT-20260925-BL,SCN-BASELINE,FCST-089-001,2026-H89,OPP-0001,OPPL-0001,ACC-001,PRG-001,CFG-CPL-02,NEGOTIATION,0.75,COMMIT,2026-06-26,8,53600,0,CLOSED_PERIOD
TEN-COOLIT-SYN-001,SITE-COOLIT-SYN-01,CRM,FORECAST_SNAPSHOT,FCST-089-002,OPP-0002,RESOLVED,2026-06-12T18:00:00-06:00,2026-09-26T08:00:00-06:00,2026-06-29T00:00:00-06:00,,1,,false,ACTIVE,,USD,VALID,CURRENT,coolit-synthetic-v2.0.0,CUST-002,PRG-002,CFG-RM-03,SYNTHETIC_INTERNAL,SNP-COOLIT-20260925-BL,SCN-BASELINE,FCST-089-002,2026-H89,OPP-0002,OPPL-0002,ACC-002,PRG-002,CFG-RM-03,NEGOTIATION,0.75,COMMIT,2026-07-03,13,101400,0,CLOSED_PERIOD
TEN-COOLIT-SYN-001,SITE-COOLIT-SYN-01,CRM,FORECAST_SNAPSHOT,FCST-089-003,OPP-0003,RESOLVED,2026-06-12T18:00:00-06:00,2026-09-26T08:00:00-06:00,2026-06-29T00:00:00-06:00,,1,,false,ACTIVE,,USD,VALID,CURRENT,coolit-synthetic-v2.0.0,CUST-003,PRG-003,CFG-CDU-04,SYNTHETIC_INTERNAL,SNP-COOLIT-20260925-BL,SCN-BASELINE,FCST-089-003,2026-H89,OPP-0003,OPPL-0003,ACC-003,PRG-003,CFG-CDU-04,NEGOTIATION,0.75,COMMIT,2026-07-10,18,1944000,0,CLOSED_PERIOD
TEN-COOLIT-SYN-001,SITE-COOLIT-SYN-01,CRM,FORECAST_SNAPSHOT,FCST-089-004,OPP-0004,RESOLVED,2026-06-12T18:00:00-06:00,2026-09-26T08:00:00-06:00,2026-06-29T00:00:00-06:00,,1,,false,ACTIVE,,USD,VALID,CURRENT,coolit-synthetic-v2.0.0,CUST-004,PRG-004,CFG-RM-01,SYNTHETIC_INTERNAL,SNP-COOLIT-20260925-BL,SCN-BASELINE,FCST-089-004,2026-H89,OPP-0004,OPPL-0004,ACC-004,PRG-004,CFG-RM-01,NEGOTIATION,0.75,COMMIT,2026-07-17,19,106400,0,CLOSED_PERIOD
TEN-COOLIT-SYN-001,SITE-COOLIT-SYN-01,CRM,FORECAST_SNAPSHOT,FCST-089-005,OPP-0005,RESOLVED,2026-06-12T18:00:00-06:00,2026-09-26T08:00:00-06:00,2026-06-29T00:00:00-06:00,,1,,false,ACTIVE,,USD,VALID,CURRENT,coolit-synthetic-v2.0.0,CUST-005,PRG-005,CFG-CDU-02,SYNTHETIC_INTERNAL,SNP-COOLIT-20260925-BL,SCN-BASELINE,FCST-089-005,2026-H89,OPP-0005,OPPL-0005,ACC-005,PRG-005,CFG-CDU-02,NEGOTIATION,0.75,COMMIT,2026-07-24,24,2160000,0,CLOSED_PERIOD
TEN-COOLIT-SYN-001,SITE-COOLIT-SYN-01,CRM,FORECAST_SNAPSHOT,FCST-089-006,OPP-0006,RESOLVED,2026-06-12T18:00:00-06:00,2026-09-26T08:00:00-06:00,2026-06-29T00:00:00-06:00,,1,,false,ACTIVE,,USD,VALID,CURRENT,coolit-synthetic-v2.0.0,CUST-006,PRG-006,CFG-CPL-03,SYNTHETIC_INTERNAL,SNP-COOLIT-20260925-BL,SCN-BASELINE,FCST-089-006,2026-H89,OPP-0006,OPPL-0006,ACC-006,PRG-006,CFG-CPL-03,NEGOTIATION,0.75,COMMIT,2026-07-31,29,226200,0,CLOSED_PERIOD
TEN-COOLIT-SYN-001,SITE-COOLIT-SYN-01,CRM,FORECAST_SNAPSHOT,FCST-089-007,OPP-0007,RESOLVED,2026-06-12T18:00:00-06:00,2026-09-26T08:00:00-06:00,2026-06-29T00:00:00-06:00,,1,,false,ACTIVE,,USD,VALID,CURRENT,coolit-synthetic-v2.0.0,CUST-007,PRG-007,CFG-RM-04,SYNTHETIC_INTERNAL,SNP-COOLIT-20260925-BL,SCN-BASELINE,FCST-089-007,2026-H89,OPP-0007,OPPL-0007,ACC-007,PRG-007,CFG-RM-04,NEGOTIATION,0.75,COMMIT,2026-08-07,34,302600,0,CLOSED_PERIOD
TEN-COOLIT-SYN-001,SITE-COOLIT-SYN-01,CRM,FORECAST_SNAPSHOT,FCST-089-008,OPP-0008,RESOLVED,2026-06-12T18:00:00-06:00,2026-09-26T08:00:00-06:00,2026-06-29T00:00:00-06:00,,1,,false,ACTIVE,,USD,VALID,CURRENT,coolit-synthetic-v2.0.0,CUST-008,PRG-008,CFG-CPL-01,SYNTHETIC_INTERNAL,SNP-COOLIT-20260925-BL,SCN-BASELINE,FCST-089-008,2026-H89,OPP-0008,OPPL-0008,ACC-008,PRG-008,CFG-CPL-01,NEGOTIATION,0.75,COMMIT,2026-08-14,40,224000,0,CLOSED_PERIOD
TEN-COOLIT-SYN-001,SITE-COOLIT-SYN-01,CRM,FORECAST_SNAPSHOT,FCST-089-009,OPP-0009,RESOLVED,2026-06-12T18:00:00-06:00,2026-09-26T08:00:00-06:00,2026-06-29T00:00:00-06:00,,1,,false,ACTIVE,,USD,VALID,CURRENT,coolit-synthetic-v2.0.0,CUST-009,PRG-001,CFG-RM-02,SYNTHETIC_INTERNAL,SNP-COOLIT-20260925-BL,SCN-BASELINE,FCST-089-009,2026-H89,OPP-0009,OPPL-0009,ACC-009,PRG-001,CFG-RM-02,NEGOTIATION,0.75,COMMIT,2026-08-21,46,308200,0,CLOSED_PERIOD
TEN-COOLIT-SYN-001,SITE-COOLIT-SYN-01,CRM,FORECAST_SNAPSHOT,FCST-089-010,OPP-0010,RESOLVED,2026-06-12T18:00:00-06:00,2026-09-26T08:00:00-06:00,2026-06-29T00:00:00-06:00,,1,,false,ACTIVE,,USD,VALID,CURRENT,coolit-synthetic-v2.0.0,CUST-010,PRG-002,CFG-CDU-03,SYNTHETIC_INTERNAL,SNP-COOLIT-20260925-BL,SCN-BASELINE,FCST-089-010,2026-H89,OPP-0010,OPPL-0010,ACC-010,PRG-002,CFG-CDU-03,NEGOTIATION,0.75,COMMIT,2026-08-28,8,792000,0,CLOSED_PERIOD
TEN-COOLIT-SYN-001,SITE-COOLIT-SYN-01,CRM,FORECAST_SNAPSHOT,FCST-089-011,OPP-0011,RESOLVED,2026-06-12T18:00:00-06:00,2026-09-26T08:00:00-06:00,2026-06-29T00:00:00-06:00,,1,,false,ACTIVE,,USD,VALID,CURRENT,coolit-synthetic-v2.0.0,CUST-001,PRG-003,CFG-CPL-04,SYNTHETIC_INTERNAL,SNP-COOLIT-20260925-BL,SCN-BASELINE,FCST-089-011,2026-H89,OPP-0011,OPPL-0011,ACC-001,PRG-003,CFG-CPL-04,NEGOTIATION,0.75,COMMIT,2026-09-04,11,97900,0,CLOSED_PERIOD
TEN-COOLIT-SYN-001,SITE-COOLIT-SYN-01,CRM,FORECAST_SNAPSHOT,FCST-089-012,OPP-0012,RESOLVED,2026-06-12T18:00:00-06:00,2026-09-26T08:00:00-06:00,2026-06-29T00:00:00-06:00,,1,,false,ACTIVE,,USD,VALID,CURRENT,coolit-synthetic-v2.0.0,CUST-002,PRG-004,CFG-CDU-01,SYNTHETIC_INTERNAL,SNP-COOLIT-20260925-BL,SCN-BASELINE,FCST-089-012,2026-H89,OPP-0012,OPPL-0012,ACC-002,PRG-004,CFG-CDU-01,NEGOTIATION,0.75,COMMIT,2026-09-11,15,1215000,0,CLOSED_PERIOD
TEN-COOLIT-SYN-001,SITE-COOLIT-SYN-01,CRM,FORECAST_SNAPSHOT,FCST-089-013,OPP-0013,RESOLVED,2026-06-12T18:00:00-06:00,2026-09-26T08:00:00-06:00,2026-06-29T00:00:00-06:00,,1,,false,ACTIVE,,USD,VALID,CURRENT,coolit-synthetic-v2.0.0,CUST-003,PRG-005,CFG-CPL-02,SYNTHETIC_INTERNAL,SNP-COOLIT-20260925-BL,SCN-BASELINE,FCST-089-013,2026-H89,OPP-0013,OPPL-0013,ACC-003,PRG-005,CFG-CPL-02,NEGOTIATION,0.75,COMMIT,2026-06-26,20,134000,0,CLOSED_PERIOD
TEN-COOLIT-SYN-001,SITE-COOLIT-SYN-01,CRM,FORECAST_SNAPSHOT,FCST-089-014,OPP-0014,RESOLVED,2026-06-12T18:00:00-06:00,2026-09-26T08:00:00-06:00,2026-06-29T00:00:00-06:00,,1,,false,ACTIVE,,USD,VALID,CURRENT,coolit-synthetic-v2.0.0,CUST-004,PRG-006,CFG-RM-03,SYNTHETIC_INTERNAL,SNP-COOLIT-20260925-BL,SCN-BASELINE,FCST-089-014,2026-H89,OPP-0014,OPPL-0014,ACC-004,PRG-006,CFG-RM-03,NEGOTIATION,0.75,COMMIT,2026-07-03,25,195000,0,CLOSED_PERIOD
TEN-COOLIT-SYN-001,SITE-COOLIT-SYN-01,CRM,FORECAST_SNAPSHOT,FCST-089-015,OPP-0015,RESOLVED,2026-06-12T18:00:00-06:00,2026-09-26T08:00:00-06:00,2026-06-29T00:00:00-06:00,,1,,false,ACTIVE,,USD,VALID,CURRENT,coolit-synthetic-v2.0.0,CUST-005,PRG-007,CFG-CDU-04,SYNTHETIC_INTERNAL,SNP-COOLIT-20260925-BL,SCN-BASELINE,FCST-089-015,2026-H89,OPP-0015,OPPL-0015,ACC-005,PRG-007,CFG-CDU-04,NEGOTIATION,0.75,COMMIT,2026-07-10,31,3348000,0,CLOSED_PERIOD
TEN-COOLIT-SYN-001,SITE-COOLIT-SYN-01,CRM,FORECAST_SNAPSHOT,FCST-090-001,OPP-0001,RESOLVED,2026-06-19T18:00:00-06:00,2026-09-26T08:00:00-06:00,2026-06-29T00:00:00-06:00,,1,,false,ACTIVE,,USD,VALID,CURRENT,coolit-synthetic-v2.0.0,CUST-001,PRG-001,CFG-CPL-02,SYNTHETIC_INTERNAL,SNP-COOLIT-20260925-BL,SCN-BASELINE,FCST-090-001,2026-H90,OPP-0001,OPPL-0001,ACC-001,PRG-001,CFG-CPL-02,NEGOTIATION,0.75,COMMIT,2026-06-30,8,53600,0,CLOSED_PERIOD
TEN-COOLIT-SYN-001,SITE-COOLIT-SYN-01,CRM,FORECAST_SNAPSHOT,FCST-090-002,OPP-0002,RESOLVED,2026-06-19T18:00:00-06:00,2026-09-26T08:00:00-06:00,2026-06-29T00:00:00-06:00,,1,,false,ACTIVE,,USD,VALID,CURRENT,coolit-synthetic-v2.0.0,CUST-002,PRG-002,CFG-RM-03,SYNTHETIC_INTERNAL,SNP-COOLIT-20260925-BL,SCN-BASELINE,FCST-090-002,2026-H90,OPP-0002,OPPL-0002,ACC-002,PRG-002,CFG-RM-03,NEGOTIATION,0.75,COMMIT,2026-07-07,13,101400,0,CLOSED_PERIOD
TEN-COOLIT-SYN-001,SITE-COOLIT-SYN-01,CRM,FORECAST_SNAPSHOT,FCST-090-003,OPP-0003,RESOLVED,2026-06-19T18:00:00-06:00,2026-09-26T08:00:00-06:00,2026-06-29T00:00:00-06:00,,1,,false,ACTIVE,,USD,VALID,CURRENT,coolit-synthetic-v2.0.0,CUST-003,PRG-003,CFG-CDU-04,SYNTHETIC_INTERNAL,SNP-COOLIT-20260925-BL,SCN-BASELINE,FCST-090-003,2026-H90,OPP-0003,OPPL-0003,ACC-003,PRG-003,CFG-CDU-04,NEGOTIATION,0.75,COMMIT,2026-07-14,15,1620000,0,CLOSED_PERIOD
TEN-COOLIT-SYN-001,SITE-COOLIT-SYN-01,CRM,FORECAST_SNAPSHOT,FCST-090-004,OPP-0004,RESOLVED,2026-06-19T18:00:00-06:00,2026-09-26T08:00:00-06:00,2026-06-29T00:00:00-06:00,,1,,false,ACTIVE,,USD,VALID,CURRENT,coolit-synthetic-v2.0.0,CUST-004,PRG-004,CFG-RM-01,SYNTHETIC_INTERNAL,SNP-COOLIT-20260925-BL,SCN-BASELINE,FCST-090-004,2026-H90,OPP-0004,OPPL-0004,ACC-004,PRG-004,CFG-RM-01,NEGOTIATION,0.75,COMMIT,2026-07-21,20,112000,0,CLOSED_PERIOD
TEN-COOLIT-SYN-001,SITE-COOLIT-SYN-01,CRM,FORECAST_SNAPSHOT,FCST-090-005,OPP-0005,RESOLVED,2026-06-19T18:00:00-06:00,2026-09-26T08:00:00-06:00,2026-06-29T00:00:00-06:00,,1,,false,ACTIVE,,USD,VALID,CURRENT,coolit-synthetic-v2.0.0,CUST-005,PRG-005,CFG-CDU-02,SYNTHETIC_INTERNAL,SNP-COOLIT-20260925-BL,SCN-BASELINE,FCST-090-005,2026-H90,OPP-0005,OPPL-0005,ACC-005,PRG-005,CFG-CDU-02,NEGOTIATION,0.75,COMMIT,2026-07-28,24,2160000,0,CLOSED_PERIOD
TEN-COOLIT-SYN-001,SITE-COOLIT-SYN-01,CRM,FORECAST_SNAPSHOT,FCST-090-006,OPP-0006,RESOLVED,2026-06-19T18:00:00-06:00,2026-09-26T08:00:00-06:00,2026-06-29T00:00:00-06:00,,1,,false,ACTIVE,,USD,VALID,CURRENT,coolit-synthetic-v2.0.0,CUST-006,PRG-006,CFG-CPL-03,SYNTHETIC_INTERNAL,SNP-COOLIT-20260925-BL,SCN-BASELINE,FCST-090-006,2026-H90,OPP-0006,OPPL-0006,ACC-006,PRG-006,CFG-CPL-03,NEGOTIATION,0.75,COMMIT,2026-08-04,30,234000,0,CLOSED_PERIOD
TEN-COOLIT-SYN-001,SITE-COOLIT-SYN-01,CRM,FORECAST_SNAPSHOT,FCST-090-007,OPP-0007,RESOLVED,2026-06-19T18:00:00-06:00,2026-09-26T08:00:00-06:00,2026-06-29T00:00:00-06:00,,1,,false,ACTIVE,,USD,VALID,CURRENT,coolit-synthetic-v2.0.0,CUST-007,PRG-007,CFG-RM-04,SYNTHETIC_INTERNAL,SNP-COOLIT-20260925-BL,SCN-BASELINE,FCST-090-007,2026-H90,OPP-0007,OPPL-0007,ACC-007,PRG-007,CFG-RM-04,NEGOTIATION,0.75,COMMIT,2026-08-11,35,311500,0,CLOSED_PERIOD
TEN-COOLIT-SYN-001,SITE-COOLIT-SYN-01,CRM,FORECAST_SNAPSHOT,FCST-090-008,OPP-0008,RESOLVED,2026-06-19T18:00:00-06:00,2026-09-26T08:00:00-06:00,2026-06-29T00:00:00-06:00,,1,,false,ACTIVE,,USD,VALID,CURRENT,coolit-synthetic-v2.0.0,CUST-008,PRG-008,CFG-CPL-01,SYNTHETIC_INTERNAL,SNP-COOLIT-20260925-BL,SCN-BASELINE,FCST-090-008,2026-H90,OPP-0008,OPPL-0008,ACC-008,PRG-008,CFG-CPL-01,CLOSED_WON,1,CLOSED,2026-08-18,55,308000,52,CLOSED_PERIOD
TEN-COOLIT-SYN-001,SITE-COOLIT-SYN-01,CRM,FORECAST_SNAPSHOT,FCST-090-009,OPP-0009,RESOLVED,2026-06-19T18:00:00-06:00,2026-09-26T08:00:00-06:00,2026-06-29T00:00:00-06:00,,1,,false,ACTIVE,,USD,VALID,CURRENT,coolit-synthetic-v2.0.0,CUST-009,PRG-001,CFG-RM-02,SYNTHETIC_INTERNAL,SNP-COOLIT-20260925-BL,SCN-BASELINE,FCST-090-009,2026-H90,OPP-0009,OPPL-0009,ACC-009,PRG-001,CFG-RM-02,NEGOTIATION,0.75,COMMIT,2026-08-25,47,314900,0,CLOSED_PERIOD
TEN-COOLIT-SYN-001,SITE-COOLIT-SYN-01,CRM,FORECAST_SNAPSHOT,FCST-090-010,OPP-0010,RESOLVED,2026-06-19T18:00:00-06:00,2026-09-26T08:00:00-06:00,2026-06-29T00:00:00-06:00,,1,,false,ACTIVE,,USD,VALID,CURRENT,coolit-synthetic-v2.0.0,CUST-010,PRG-002,CFG-CDU-03,SYNTHETIC_INTERNAL,SNP-COOLIT-20260925-BL,SCN-BASELINE,FCST-090-010,2026-H90,OPP-0010,OPPL-0010,ACC-010,PRG-002,CFG-CDU-03,NEGOTIATION,0.75,COMMIT,2026-09-01,7,693000,0,CLOSED_PERIOD
TEN-COOLIT-SYN-001,SITE-COOLIT-SYN-01,CRM,FORECAST_SNAPSHOT,FCST-090-011,OPP-0011,RESOLVED,2026-06-19T18:00:00-06:00,2026-09-26T08:00:00-06:00,2026-06-29T00:00:00-06:00,,1,,false,ACTIVE,,USD,VALID,CURRENT,coolit-synthetic-v2.0.0,CUST-001,PRG-003,CFG-CPL-04,SYNTHETIC_INTERNAL,SNP-COOLIT-20260925-BL,SCN-BASELINE,FCST-090-011,2026-H90,OPP-0011,OPPL-0011,ACC-001,PRG-003,CFG-CPL-04,NEGOTIATION,0.75,COMMIT,2026-09-08,11,97900,0,CLOSED_PERIOD
TEN-COOLIT-SYN-001,SITE-COOLIT-SYN-01,CRM,FORECAST_SNAPSHOT,FCST-090-012,OPP-0012,RESOLVED,2026-06-19T18:00:00-06:00,2026-09-26T08:00:00-06:00,2026-06-29T00:00:00-06:00,,1,,false,ACTIVE,,USD,VALID,CURRENT,coolit-synthetic-v2.0.0,CUST-002,PRG-004,CFG-CDU-01,SYNTHETIC_INTERNAL,SNP-COOLIT-20260925-BL,SCN-BASELINE,FCST-090-012,2026-H90,OPP-0012,OPPL-0012,ACC-002,PRG-004,CFG-CDU-01,NEGOTIATION,0.75,COMMIT,2026-09-15,16,1296000,0,CLOSED_PERIOD
TEN-COOLIT-SYN-001,SITE-COOLIT-SYN-01,CRM,FORECAST_SNAPSHOT,FCST-090-013,OPP-0013,RESOLVED,2026-06-19T18:00:00-06:00,2026-09-26T08:00:00-06:00,2026-06-29T00:00:00-06:00,,1,,false,ACTIVE,,USD,VALID,CURRENT,coolit-synthetic-v2.0.0,CUST-003,PRG-005,CFG-CPL-02,SYNTHETIC_INTERNAL,SNP-COOLIT-20260925-BL,SCN-BASELINE,FCST-090-013,2026-H90,OPP-0013,OPPL-0013,ACC-003,PRG-005,CFG-CPL-02,NEGOTIATION,0.75,COMMIT,2026-06-30,21,140700,0,CLOSED_PERIOD
TEN-COOLIT-SYN-001,SITE-COOLIT-SYN-01,CRM,FORECAST_SNAPSHOT,FCST-090-014,OPP-0014,RESOLVED,2026-06-19T18:00:00-06:00,2026-09-26T08:00:00-06:00,2026-06-29T00:00:00-06:00,,1,,false,ACTIVE,,USD,VALID,CURRENT,coolit-synthetic-v2.0.0,CUST-004,PRG-006,CFG-RM-03,SYNTHETIC_INTERNAL,SNP-COOLIT-20260925-BL,SCN-BASELINE,FCST-090-014,2026-H90,OPP-0014,OPPL-0014,ACC-004,PRG-006,CFG-RM-03,NEGOTIATION,0.75,COMMIT,2026-07-07,26,202800,0,CLOSED_PERIOD
TEN-COOLIT-SYN-001,SITE-COOLIT-SYN-01,CRM,FORECAST_SNAPSHOT,FCST-090-015,OPP-0015,RESOLVED,2026-06-19T18:00:00-06:00,2026-09-26T08:00:00-06:00,2026-06-29T00:00:00-06:00,,1,,false,ACTIVE,,USD,VALID,CURRENT,coolit-synthetic-v2.0.0,CUST-005,PRG-007,CFG-CDU-04,SYNTHETIC_INTERNAL,SNP-COOLIT-20260925-BL,SCN-BASELINE,FCST-090-015,2026-H90,OPP-0015,OPPL-0015,ACC-005,PRG-007,CFG-CDU-04,NEGOTIATION,0.75,COMMIT,2026-07-14,32,3456000,0,CLOSED_PERIOD
TEN-COOLIT-SYN-001,SITE-COOLIT-SYN-01,CRM,FORECAST_SNAPSHOT,FCST-091-001,OPP-0001,RESOLVED,2026-06-26T18:00:00-06:00,2026-09-26T08:00:00-06:00,2026-06-29T00:00:00-06:00,,1,,false,ACTIVE,,USD,VALID,CURRENT,coolit-synthetic-v2.0.0,CUST-001,PRG-001,CFG-CPL-02,SYNTHETIC_INTERNAL,SNP-COOLIT-20260925-BL,SCN-BASELINE,FCST-091-001,2026-H91,OPP-0001,OPPL-0001,ACC-001,PRG-001,CFG-CPL-02,NEGOTIATION,0.75,COMMIT,2026-07-31,8,53600,0,CLOSED_PERIOD
TEN-COOLIT-SYN-001,SITE-COOLIT-SYN-01,CRM,FORECAST_SNAPSHOT,FCST-091-002,OPP-0002,RESOLVED,2026-06-26T18:00:00-06:00,2026-09-26T08:00:00-06:00,2026-06-29T00:00:00-06:00,,1,,false,ACTIVE,,USD,VALID,CURRENT,coolit-synthetic-v2.0.0,CUST-002,PRG-002,CFG-RM-03,SYNTHETIC_INTERNAL,SNP-COOLIT-20260925-BL,SCN-BASELINE,FCST-091-002,2026-H91,OPP-0002,OPPL-0002,ACC-002,PRG-002,CFG-RM-03,NEGOTIATION,0.75,COMMIT,2026-08-07,11,85800,0,CLOSED_PERIOD
TEN-COOLIT-SYN-001,SITE-COOLIT-SYN-01,CRM,FORECAST_SNAPSHOT,FCST-091-003,OPP-0003,RESOLVED,2026-06-26T18:00:00-06:00,2026-09-26T08:00:00-06:00,2026-06-29T00:00:00-06:00,,1,,false,ACTIVE,,USD,VALID,CURRENT,coolit-synthetic-v2.0.0,CUST-003,PRG-003,CFG-CDU-04,SYNTHETIC_INTERNAL,SNP-COOLIT-20260925-BL,SCN-BASELINE,FCST-091-003,2026-H91,OPP-0003,OPPL-0003,ACC-003,PRG-003,CFG-CDU-04,NEGOTIATION,0.75,COMMIT,2026-08-14,15,1620000,0,CLOSED_PERIOD
TEN-COOLIT-SYN-001,SITE-COOLIT-SYN-01,CRM,FORECAST_SNAPSHOT,FCST-091-004,OPP-0004,RESOLVED,2026-06-26T18:00:00-06:00,2026-09-26T08:00:00-06:00,2026-06-29T00:00:00-06:00,,1,,false,ACTIVE,,USD,VALID,CURRENT,coolit-synthetic-v2.0.0,CUST-004,PRG-004,CFG-RM-01,SYNTHETIC_INTERNAL,SNP-COOLIT-20260925-BL,SCN-BASELINE,FCST-091-004,2026-H91,OPP-0004,OPPL-0004,ACC-004,PRG-004,CFG-RM-01,NEGOTIATION,0.75,COMMIT,2026-08-21,20,112000,0,CLOSED_PERIOD
TEN-COOLIT-SYN-001,SITE-COOLIT-SYN-01,CRM,FORECAST_SNAPSHOT,FCST-091-005,OPP-0005,RESOLVED,2026-06-26T18:00:00-06:00,2026-09-26T08:00:00-06:00,2026-06-29T00:00:00-06:00,,1,,false,ACTIVE,,USD,VALID,CURRENT,coolit-synthetic-v2.0.0,CUST-005,PRG-005,CFG-CDU-02,SYNTHETIC_INTERNAL,SNP-COOLIT-20260925-BL,SCN-BASELINE,FCST-091-005,2026-H91,OPP-0005,OPPL-0005,ACC-005,PRG-005,CFG-CDU-02,NEGOTIATION,0.75,COMMIT,2026-08-28,25,2250000,0,CLOSED_PERIOD
TEN-COOLIT-SYN-001,SITE-COOLIT-SYN-01,CRM,FORECAST_SNAPSHOT,FCST-091-006,OPP-0006,RESOLVED,2026-06-26T18:00:00-06:00,2026-09-26T08:00:00-06:00,2026-06-29T00:00:00-06:00,,1,,false,ACTIVE,,USD,VALID,CURRENT,coolit-synthetic-v2.0.0,CUST-006,PRG-006,CFG-CPL-03,SYNTHETIC_INTERNAL,SNP-COOLIT-20260925-BL,SCN-BASELINE,FCST-091-006,2026-H91,OPP-0006,OPPL-0006,ACC-006,PRG-006,CFG-CPL-03,NEGOTIATION,0.75,COMMIT,2026-09-04,31,241800,0,CLOSED_PERIOD
TEN-COOLIT-SYN-001,SITE-COOLIT-SYN-01,CRM,FORECAST_SNAPSHOT,FCST-091-007,OPP-0007,RESOLVED,2026-06-26T18:00:00-06:00,2026-09-26T08:00:00-06:00,2026-06-29T00:00:00-06:00,,1,,false,ACTIVE,,USD,VALID,CURRENT,coolit-synthetic-v2.0.0,CUST-007,PRG-007,CFG-RM-04,SYNTHETIC_INTERNAL,SNP-COOLIT-20260925-BL,SCN-BASELINE,FCST-091-007,2026-H91,OPP-0007,OPPL-0007,ACC-007,PRG-007,CFG-RM-04,CLOSED_WON,1,CLOSED,2026-09-11,48,427200,46,CLOSED_PERIOD
TEN-COOLIT-SYN-001,SITE-COOLIT-SYN-01,CRM,FORECAST_SNAPSHOT,FCST-091-008,OPP-0008,RESOLVED,2026-06-26T18:00:00-06:00,2026-09-26T08:00:00-06:00,2026-06-29T00:00:00-06:00,,1,,false,ACTIVE,,USD,VALID,CURRENT,coolit-synthetic-v2.0.0,CUST-008,PRG-008,CFG-CPL-01,SYNTHETIC_INTERNAL,SNP-COOLIT-20260925-BL,SCN-BASELINE,FCST-091-008,2026-H91,OPP-0008,OPPL-0008,ACC-008,PRG-008,CFG-CPL-01,CLOSED_WON,1,CLOSED,2026-09-18,56,313600,52,CLOSED_PERIOD
TEN-COOLIT-SYN-001,SITE-COOLIT-SYN-01,CRM,FORECAST_SNAPSHOT,FCST-091-009,OPP-0009,RESOLVED,2026-06-26T18:00:00-06:00,2026-09-26T08:00:00-06:00,2026-06-29T00:00:00-06:00,,1,,false,ACTIVE,,USD,VALID,CURRENT,coolit-synthetic-v2.0.0,CUST-009,PRG-001,CFG-RM-02,SYNTHETIC_INTERNAL,SNP-COOLIT-20260925-BL,SCN-BASELINE,FCST-091-009,2026-H91,OPP-0009,OPPL-0009,ACC-009,PRG-001,CFG-RM-02,NEGOTIATION,0.75,COMMIT,2026-09-25,39,261300,0,CLOSED_PERIOD
TEN-COOLIT-SYN-001,SITE-COOLIT-SYN-01,CRM,FORECAST_SNAPSHOT,FCST-091-010,OPP-0010,RESOLVED,2026-06-26T18:00:00-06:00,2026-09-26T08:00:00-06:00,2026-06-29T00:00:00-06:00,,1,,false,ACTIVE,,USD,VALID,CURRENT,coolit-synthetic-v2.0.0,CUST-010,PRG-002,CFG-CDU-03,SYNTHETIC_INTERNAL,SNP-COOLIT-20260925-BL,SCN-BASELINE,FCST-091-010,2026-H91,OPP-0010,OPPL-0010,ACC-010,PRG-002,CFG-CDU-03,NEGOTIATION,0.75,COMMIT,2026-10-02,7,693000,0,CLOSED_PERIOD
TEN-COOLIT-SYN-001,SITE-COOLIT-SYN-01,CRM,FORECAST_SNAPSHOT,FCST-091-011,OPP-0011,RESOLVED,2026-06-26T18:00:00-06:00,2026-09-26T08:00:00-06:00,2026-06-29T00:00:00-06:00,,1,,false,ACTIVE,,USD,VALID,CURRENT,coolit-synthetic-v2.0.0,CUST-001,PRG-003,CFG-CPL-04,SYNTHETIC_INTERNAL,SNP-COOLIT-20260925-BL,SCN-BASELINE,FCST-091-011,2026-H91,OPP-0011,OPPL-0011,ACC-001,PRG-003,CFG-CPL-04,NEGOTIATION,0.75,COMMIT,2026-10-09,12,106800,0,CLOSED_PERIOD
TEN-COOLIT-SYN-001,SITE-COOLIT-SYN-01,CRM,FORECAST_SNAPSHOT,FCST-091-012,OPP-0012,RESOLVED,2026-06-26T18:00:00-06:00,2026-09-26T08:00:00-06:00,2026-06-29T00:00:00-06:00,,1,,false,ACTIVE,,USD,VALID,CURRENT,coolit-synthetic-v2.0.0,CUST-002,PRG-004,CFG-CDU-01,SYNTHETIC_INTERNAL,SNP-COOLIT-20260925-BL,SCN-BASELINE,FCST-091-012,2026-H91,OPP-0012,OPPL-0012,ACC-002,PRG-004,CFG-CDU-01,NEGOTIATION,0.75,COMMIT,2026-10-16,16,1296000,0,CLOSED_PERIOD
TEN-COOLIT-SYN-001,SITE-COOLIT-SYN-01,CRM,FORECAST_SNAPSHOT,FCST-091-013,OPP-0013,RESOLVED,2026-06-26T18:00:00-06:00,2026-09-26T08:00:00-06:00,2026-06-29T00:00:00-06:00,,1,,false,ACTIVE,,USD,VALID,CURRENT,coolit-synthetic-v2.0.0,CUST-003,PRG-005,CFG-CPL-02,SYNTHETIC_INTERNAL,SNP-COOLIT-20260925-BL,SCN-BASELINE,FCST-091-013,2026-H91,OPP-0013,OPPL-0013,ACC-003,PRG-005,CFG-CPL-02,NEGOTIATION,0.75,COMMIT,2026-07-31,21,140700,0,CLOSED_PERIOD
TEN-COOLIT-SYN-001,SITE-COOLIT-SYN-01,CRM,FORECAST_SNAPSHOT,FCST-091-014,OPP-0014,RESOLVED,2026-06-26T18:00:00-06:00,2026-09-26T08:00:00-06:00,2026-06-29T00:00:00-06:00,,1,,false,ACTIVE,,USD,VALID,CURRENT,coolit-synthetic-v2.0.0,CUST-004,PRG-006,CFG-RM-03,SYNTHETIC_INTERNAL,SNP-COOLIT-20260925-BL,SCN-BASELINE,FCST-091-014,2026-H91,OPP-0014,OPPL-0014,ACC-004,PRG-006,CFG-RM-03,NEGOTIATION,0.75,COMMIT,2026-08-07,27,210600,0,CLOSED_PERIOD
TEN-COOLIT-SYN-001,SITE-COOLIT-SYN-01,CRM,FORECAST_SNAPSHOT,FCST-091-015,OPP-0015,RESOLVED,2026-06-26T18:00:00-06:00,2026-09-26T08:00:00-06:00,2026-06-29T00:00:00-06:00,,1,,false,ACTIVE,,USD,VALID,CURRENT,coolit-synthetic-v2.0.0,CUST-005,PRG-007,CFG-CDU-04,SYNTHETIC_INTERNAL,SNP-COOLIT-20260925-BL,SCN-BASELINE,FCST-091-015,2026-H91,OPP-0015,OPPL-0015,ACC-005,PRG-007,CFG-CDU-04,CLOSED_WON,1,CLOSED,2026-08-14,43,4644000,40,CLOSED_PERIOD
TEN-COOLIT-SYN-001,SITE-COOLIT-SYN-01,CRM,FORECAST_SNAPSHOT,FCST-092-001,OPP-0001,RESOLVED,2026-07-03T18:00:00-06:00,2026-09-26T08:00:00-06:00,2026-06-29T00:00:00-06:00,,1,,false,ACTIVE,,USD,VALID,CURRENT,coolit-synthetic-v2.0.0,CUST-001,PRG-001,CFG-CPL-02,SYNTHETIC_INTERNAL,SNP-COOLIT-20260925-BL,SCN-BASELINE,FCST-092-001,2026-H92,OPP-0001,OPPL-0001,ACC-001,PRG-001,CFG-CPL-02,NEGOTIATION,0.75,COMMIT,2026-08-04,7,46900,0,CLOSED_PERIOD
TEN-COOLIT-SYN-001,SITE-COOLIT-SYN-01,CRM,FORECAST_SNAPSHOT,FCST-092-002,OPP-0002,RESOLVED,2026-07-03T18:00:00-06:00,2026-09-26T08:00:00-06:00,2026-06-29T00:00:00-06:00,,1,,false,ACTIVE,,USD,VALID,CURRENT,coolit-synthetic-v2.0.0,CUST-002,PRG-002,CFG-RM-03,SYNTHETIC_INTERNAL,SNP-COOLIT-20260925-BL,SCN-BASELINE,FCST-092-002,2026-H92,OPP-0002,OPPL-0002,ACC-002,PRG-002,CFG-RM-03,NEGOTIATION,0.75,COMMIT,2026-08-11,11,85800,0,CLOSED_PERIOD
TEN-COOLIT-SYN-001,SITE-COOLIT-SYN-01,CRM,FORECAST_SNAPSHOT,FCST-092-003,OPP-0003,RESOLVED,2026-07-03T18:00:00-06:00,2026-09-26T08:00:00-06:00,2026-06-29T00:00:00-06:00,,1,,false,ACTIVE,,USD,VALID,CURRENT,coolit-synthetic-v2.0.0,CUST-003,PRG-003,CFG-CDU-04,SYNTHETIC_INTERNAL,SNP-COOLIT-20260925-BL,SCN-BASELINE,FCST-092-003,2026-H92,OPP-0003,OPPL-0003,ACC-003,PRG-003,CFG-CDU-04,NEGOTIATION,0.75,COMMIT,2026-08-18,16,1728000,0,CLOSED_PERIOD
TEN-COOLIT-SYN-001,SITE-COOLIT-SYN-01,CRM,FORECAST_SNAPSHOT,FCST-092-004,OPP-0004,RESOLVED,2026-07-03T18:00:00-06:00,2026-09-26T08:00:00-06:00,2026-06-29T00:00:00-06:00,,1,,false,ACTIVE,,USD,VALID,CURRENT,coolit-synthetic-v2.0.0,CUST-004,PRG-004,CFG-RM-01,SYNTHETIC_INTERNAL,SNP-COOLIT-20260925-BL,SCN-BASELINE,FCST-092-004,2026-H92,OPP-0004,OPPL-0004,ACC-004,PRG-004,CFG-RM-01,NEGOTIATION,0.75,COMMIT,2026-08-25,21,117600,0,CLOSED_PERIOD
TEN-COOLIT-SYN-001,SITE-COOLIT-SYN-01,CRM,FORECAST_SNAPSHOT,FCST-092-005,OPP-0005,RESOLVED,2026-07-03T18:00:00-06:00,2026-09-26T08:00:00-06:00,2026-06-29T00:00:00-06:00,,1,,false,ACTIVE,,USD,VALID,CURRENT,coolit-synthetic-v2.0.0,CUST-005,PRG-005,CFG-CDU-02,SYNTHETIC_INTERNAL,SNP-COOLIT-20260925-BL,SCN-BASELINE,FCST-092-005,2026-H92,OPP-0005,OPPL-0005,ACC-005,PRG-005,CFG-CDU-02,NEGOTIATION,0.75,COMMIT,2026-09-01,26,2340000,0,CLOSED_PERIOD
TEN-COOLIT-SYN-001,SITE-COOLIT-SYN-01,CRM,FORECAST_SNAPSHOT,FCST-092-006,OPP-0006,RESOLVED,2026-07-03T18:00:00-06:00,2026-09-26T08:00:00-06:00,2026-06-29T00:00:00-06:00,,1,,false,ACTIVE,,USD,VALID,CURRENT,coolit-synthetic-v2.0.0,CUST-006,PRG-006,CFG-CPL-03,SYNTHETIC_INTERNAL,SNP-COOLIT-20260925-BL,SCN-BASELINE,FCST-092-006,2026-H92,OPP-0006,OPPL-0006,ACC-006,PRG-006,CFG-CPL-03,CLOSED_WON,1,CLOSED,2026-09-08,42,327600,40,CLOSED_PERIOD
TEN-COOLIT-SYN-001,SITE-COOLIT-SYN-01,CRM,FORECAST_SNAPSHOT,FCST-092-007,OPP-0007,RESOLVED,2026-07-03T18:00:00-06:00,2026-09-26T08:00:00-06:00,2026-06-29T00:00:00-06:00,,1,,false,ACTIVE,,USD,VALID,CURRENT,coolit-synthetic-v2.0.0,CUST-007,PRG-007,CFG-RM-04,SYNTHETIC_INTERNAL,SNP-COOLIT-20260925-BL,SCN-BASELINE,FCST-092-007,2026-H92,OPP-0007,OPPL-0007,ACC-007,PRG-007,CFG-RM-04,CLOSED_WON,1,CLOSED,2026-09-15,50,445000,46,CLOSED_PERIOD
TEN-COOLIT-SYN-001,SITE-COOLIT-SYN-01,CRM,FORECAST_SNAPSHOT,FCST-092-008,OPP-0008,RESOLVED,2026-07-03T18:00:00-06:00,2026-09-26T08:00:00-06:00,2026-06-29T00:00:00-06:00,,1,,false,ACTIVE,,USD,VALID,CURRENT,coolit-synthetic-v2.0.0,CUST-008,PRG-008,CFG-CPL-01,SYNTHETIC_INTERNAL,SNP-COOLIT-20260925-BL,SCN-BASELINE,FCST-092-008,2026-H92,OPP-0008,OPPL-0008,ACC-008,PRG-008,CFG-CPL-01,CLOSED_WON,1,CLOSED,2026-09-22,47,263200,52,CLOSED_PERIOD
TEN-COOLIT-SYN-001,SITE-COOLIT-SYN-01,CRM,FORECAST_SNAPSHOT,FCST-092-009,OPP-0009,RESOLVED,2026-07-03T18:00:00-06:00,2026-09-26T08:00:00-06:00,2026-06-29T00:00:00-06:00,,1,,false,ACTIVE,,USD,VALID,CURRENT,coolit-synthetic-v2.0.0,CUST-009,PRG-001,CFG-RM-02,SYNTHETIC_INTERNAL,SNP-COOLIT-20260925-BL,SCN-BASELINE,FCST-092-009,2026-H92,OPP-0009,OPPL-0009,ACC-009,PRG-001,CFG-RM-02,NEGOTIATION,0.75,COMMIT,2026-09-29,40,268000,0,CLOSED_PERIOD
TEN-COOLIT-SYN-001,SITE-COOLIT-SYN-01,CRM,FORECAST_SNAPSHOT,FCST-092-010,OPP-0010,RESOLVED,2026-07-03T18:00:00-06:00,2026-09-26T08:00:00-06:00,2026-06-29T00:00:00-06:00,,1,,false,ACTIVE,,USD,VALID,CURRENT,coolit-synthetic-v2.0.0,CUST-010,PRG-002,CFG-CDU-03,SYNTHETIC_INTERNAL,SNP-COOLIT-20260925-BL,SCN-BASELINE,FCST-092-010,2026-H92,OPP-0010,OPPL-0010,ACC-010,PRG-002,CFG-CDU-03,NEGOTIATION,0.75,COMMIT,2026-10-06,7,693000,0,CLOSED_PERIOD
TEN-COOLIT-SYN-001,SITE-COOLIT-SYN-01,CRM,FORECAST_SNAPSHOT,FCST-092-011,OPP-0011,RESOLVED,2026-07-03T18:00:00-06:00,2026-09-26T08:00:00-06:00,2026-06-29T00:00:00-06:00,,1,,false,ACTIVE,,USD,VALID,CURRENT,coolit-synthetic-v2.0.0,CUST-001,PRG-003,CFG-CPL-04,SYNTHETIC_INTERNAL,SNP-COOLIT-20260925-BL,SCN-BASELINE,FCST-092-011,2026-H92,OPP-0011,OPPL-0011,ACC-001,PRG-003,CFG-CPL-04,NEGOTIATION,0.75,COMMIT,2026-10-13,12,106800,0,CLOSED_PERIOD
TEN-COOLIT-SYN-001,SITE-COOLIT-SYN-01,CRM,FORECAST_SNAPSHOT,FCST-092-012,OPP-0012,RESOLVED,2026-07-03T18:00:00-06:00,2026-09-26T08:00:00-06:00,2026-06-29T00:00:00-06:00,,1,,false,ACTIVE,,USD,VALID,CURRENT,coolit-synthetic-v2.0.0,CUST-002,PRG-004,CFG-CDU-01,SYNTHETIC_INTERNAL,SNP-COOLIT-20260925-BL,SCN-BASELINE,FCST-092-012,2026-H92,OPP-0012,OPPL-0012,ACC-002,PRG-004,CFG-CDU-01,NEGOTIATION,0.75,COMMIT,2026-10-20,17,1377000,0,CLOSED_PERIOD
TEN-COOLIT-SYN-001,SITE-COOLIT-SYN-01,CRM,FORECAST_SNAPSHOT,FCST-092-013,OPP-0013,RESOLVED,2026-07-03T18:00:00-06:00,2026-09-26T08:00:00-06:00,2026-06-29T00:00:00-06:00,,1,,false,ACTIVE,,USD,VALID,CURRENT,coolit-synthetic-v2.0.0,CUST-003,PRG-005,CFG-CPL-02,SYNTHETIC_INTERNAL,SNP-COOLIT-20260925-BL,SCN-BASELINE,FCST-092-013,2026-H92,OPP-0013,OPPL-0013,ACC-003,PRG-005,CFG-CPL-02,NEGOTIATION,0.75,COMMIT,2026-08-04,22,147400,0,CLOSED_PERIOD
TEN-COOLIT-SYN-001,SITE-COOLIT-SYN-01,CRM,FORECAST_SNAPSHOT,FCST-092-014,OPP-0014,RESOLVED,2026-07-03T18:00:00-06:00,2026-09-26T08:00:00-06:00,2026-06-29T00:00:00-06:00,,1,,false,ACTIVE,,USD,VALID,CURRENT,coolit-synthetic-v2.0.0,CUST-004,PRG-006,CFG-RM-03,SYNTHETIC_INTERNAL,SNP-COOLIT-20260925-BL,SCN-BASELINE,FCST-092-014,2026-H92,OPP-0014,OPPL-0014,ACC-004,PRG-006,CFG-RM-03,CLOSED_WON,1,CLOSED,2026-08-11,37,288600,34,CLOSED_PERIOD
TEN-COOLIT-SYN-001,SITE-COOLIT-SYN-01,CRM,FORECAST_SNAPSHOT,FCST-092-015,OPP-0015,RESOLVED,2026-07-03T18:00:00-06:00,2026-09-26T08:00:00-06:00,2026-06-29T00:00:00-06:00,,1,,false,ACTIVE,,USD,VALID,CURRENT,coolit-synthetic-v2.0.0,CUST-005,PRG-007,CFG-CDU-04,SYNTHETIC_INTERNAL,SNP-COOLIT-20260925-BL,SCN-BASELINE,FCST-092-015,2026-H92,OPP-0015,OPPL-0015,ACC-005,PRG-007,CFG-CDU-04,CLOSED_WON,1,CLOSED,2026-08-18,36,3888000,40,CLOSED_PERIOD
TEN-COOLIT-SYN-001,SITE-COOLIT-SYN-01,CRM,FORECAST_SNAPSHOT,FCST-093-001,OPP-0001,RESOLVED,2026-07-10T18:00:00-06:00,2026-09-26T08:00:00-06:00,2026-06-29T00:00:00-06:00,,1,,false,ACTIVE,,USD,VALID,CURRENT,coolit-synthetic-v2.0.0,CUST-001,PRG-001,CFG-CPL-02,SYNTHETIC_INTERNAL,SNP-COOLIT-20260925-BL,SCN-BASELINE,FCST-093-001,2026-H93,OPP-0001,OPPL-0001,ACC-001,PRG-001,CFG-CPL-02,NEGOTIATION,0.75,COMMIT,2026-08-08,7,46900,0,CLOSED_PERIOD
TEN-COOLIT-SYN-001,SITE-COOLIT-SYN-01,CRM,FORECAST_SNAPSHOT,FCST-093-002,OPP-0002,RESOLVED,2026-07-10T18:00:00-06:00,2026-09-26T08:00:00-06:00,2026-06-29T00:00:00-06:00,,1,,false,ACTIVE,,USD,VALID,CURRENT,coolit-synthetic-v2.0.0,CUST-002,PRG-002,CFG-RM-03,SYNTHETIC_INTERNAL,SNP-COOLIT-20260925-BL,SCN-BASELINE,FCST-093-002,2026-H93,OPP-0002,OPPL-0002,ACC-002,PRG-002,CFG-RM-03,NEGOTIATION,0.75,COMMIT,2026-08-15,12,93600,0,CLOSED_PERIOD
TEN-COOLIT-SYN-001,SITE-COOLIT-SYN-01,CRM,FORECAST_SNAPSHOT,FCST-093-003,OPP-0003,RESOLVED,2026-07-10T18:00:00-06:00,2026-09-26T08:00:00-06:00,2026-06-29T00:00:00-06:00,,1,,false,ACTIVE,,USD,VALID,CURRENT,coolit-synthetic-v2.0.0,CUST-003,PRG-003,CFG-CDU-04,SYNTHETIC_INTERNAL,SNP-COOLIT-20260925-BL,SCN-BASELINE,FCST-093-003,2026-H93,OPP-0003,OPPL-0003,ACC-003,PRG-003,CFG-CDU-04,NEGOTIATION,0.75,COMMIT,2026-08-22,16,1728000,0,CLOSED_PERIOD
TEN-COOLIT-SYN-001,SITE-COOLIT-SYN-01,CRM,FORECAST_SNAPSHOT,FCST-093-004,OPP-0004,RESOLVED,2026-07-10T18:00:00-06:00,2026-09-26T08:00:00-06:00,2026-06-29T00:00:00-06:00,,1,,false,ACTIVE,,USD,VALID,CURRENT,coolit-synthetic-v2.0.0,CUST-004,PRG-004,CFG-RM-01,SYNTHETIC_INTERNAL,SNP-COOLIT-20260925-BL,SCN-BASELINE,FCST-093-004,2026-H93,OPP-0004,OPPL-0004,ACC-004,PRG-004,CFG-RM-01,NEGOTIATION,0.75,COMMIT,2026-08-29,21,117600,0,CLOSED_PERIOD
TEN-COOLIT-SYN-001,SITE-COOLIT-SYN-01,CRM,FORECAST_SNAPSHOT,FCST-093-005,OPP-0005,RESOLVED,2026-07-10T18:00:00-06:00,2026-09-26T08:00:00-06:00,2026-06-29T00:00:00-06:00,,1,,false,ACTIVE,,USD,VALID,CURRENT,coolit-synthetic-v2.0.0,CUST-005,PRG-005,CFG-CDU-02,SYNTHETIC_INTERNAL,SNP-COOLIT-20260925-BL,SCN-BASELINE,FCST-093-005,2026-H93,OPP-0005,OPPL-0005,ACC-005,PRG-005,CFG-CDU-02,CLOSED_WON,1,CLOSED,2026-09-05,36,3240000,34,CLOSED_PERIOD
TEN-COOLIT-SYN-001,SITE-COOLIT-SYN-01,CRM,FORECAST_SNAPSHOT,FCST-093-006,OPP-0006,RESOLVED,2026-07-10T18:00:00-06:00,2026-09-26T08:00:00-06:00,2026-06-29T00:00:00-06:00,,1,,false,ACTIVE,,USD,VALID,CURRENT,coolit-synthetic-v2.0.0,CUST-006,PRG-006,CFG-CPL-03,SYNTHETIC_INTERNAL,SNP-COOLIT-20260925-BL,SCN-BASELINE,FCST-093-006,2026-H93,OPP-0006,OPPL-0006,ACC-006,PRG-006,CFG-CPL-03,CLOSED_WON,1,CLOSED,2026-09-12,43,335400,40,CLOSED_PERIOD
TEN-COOLIT-SYN-001,SITE-COOLIT-SYN-01,CRM,FORECAST_SNAPSHOT,FCST-093-007,OPP-0007,RESOLVED,2026-07-10T18:00:00-06:00,2026-09-26T08:00:00-06:00,2026-06-29T00:00:00-06:00,,1,,false,ACTIVE,,USD,VALID,CURRENT,coolit-synthetic-v2.0.0,CUST-007,PRG-007,CFG-RM-04,SYNTHETIC_INTERNAL,SNP-COOLIT-20260925-BL,SCN-BASELINE,FCST-093-007,2026-H93,OPP-0007,OPPL-0007,ACC-007,PRG-007,CFG-RM-04,CLOSED_WON,1,CLOSED,2026-09-19,41,364900,46,CLOSED_PERIOD
TEN-COOLIT-SYN-001,SITE-COOLIT-SYN-01,CRM,FORECAST_SNAPSHOT,FCST-093-008,OPP-0008,RESOLVED,2026-07-10T18:00:00-06:00,2026-09-26T08:00:00-06:00,2026-06-29T00:00:00-06:00,,1,,false,ACTIVE,,USD,VALID,CURRENT,coolit-synthetic-v2.0.0,CUST-008,PRG-008,CFG-CPL-01,SYNTHETIC_INTERNAL,SNP-COOLIT-20260925-BL,SCN-BASELINE,FCST-093-008,2026-H93,OPP-0008,OPPL-0008,ACC-008,PRG-008,CFG-CPL-01,CLOSED_WON,1,CLOSED,2026-09-26,48,268800,52,CLOSED_PERIOD
TEN-COOLIT-SYN-001,SITE-COOLIT-SYN-01,CRM,FORECAST_SNAPSHOT,FCST-093-009,OPP-0009,RESOLVED,2026-07-10T18:00:00-06:00,2026-09-26T08:00:00-06:00,2026-06-29T00:00:00-06:00,,1,,false,ACTIVE,,USD,VALID,CURRENT,coolit-synthetic-v2.0.0,CUST-009,PRG-001,CFG-RM-02,SYNTHETIC_INTERNAL,SNP-COOLIT-20260925-BL,SCN-BASELINE,FCST-093-009,2026-H93,OPP-0009,OPPL-0009,ACC-009,PRG-001,CFG-RM-02,NEGOTIATION,0.75,COMMIT,2026-10-03,42,281400,0,CLOSED_PERIOD
TEN-COOLIT-SYN-001,SITE-COOLIT-SYN-01,CRM,FORECAST_SNAPSHOT,FCST-093-010,OPP-0010,RESOLVED,2026-07-10T18:00:00-06:00,2026-09-26T08:00:00-06:00,2026-06-29T00:00:00-06:00,,1,,false,ACTIVE,,USD,VALID,CURRENT,coolit-synthetic-v2.0.0,CUST-010,PRG-002,CFG-CDU-03,SYNTHETIC_INTERNAL,SNP-COOLIT-20260925-BL,SCN-BASELINE,FCST-093-010,2026-H93,OPP-0010,OPPL-0010,ACC-010,PRG-002,CFG-CDU-03,NEGOTIATION,0.75,COMMIT,2026-10-10,7,693000,0,CLOSED_PERIOD
TEN-COOLIT-SYN-001,SITE-COOLIT-SYN-01,CRM,FORECAST_SNAPSHOT,FCST-093-011,OPP-0011,RESOLVED,2026-07-10T18:00:00-06:00,2026-09-26T08:00:00-06:00,2026-06-29T00:00:00-06:00,,1,,false,ACTIVE,,USD,VALID,CURRENT,coolit-synthetic-v2.0.0,CUST-001,PRG-003,CFG-CPL-04,SYNTHETIC_INTERNAL,SNP-COOLIT-20260925-BL,SCN-BASELINE,FCST-093-011,2026-H93,OPP-0011,OPPL-0011,ACC-001,PRG-003,CFG-CPL-04,NEGOTIATION,0.75,COMMIT,2026-10-17,12,106800,0,CLOSED_PERIOD
TEN-COOLIT-SYN-001,SITE-COOLIT-SYN-01,CRM,FORECAST_SNAPSHOT,FCST-093-012,OPP-0012,RESOLVED,2026-07-10T18:00:00-06:00,2026-09-26T08:00:00-06:00,2026-06-29T00:00:00-06:00,,1,,false,ACTIVE,,USD,VALID,CURRENT,coolit-synthetic-v2.0.0,CUST-002,PRG-004,CFG-CDU-01,SYNTHETIC_INTERNAL,SNP-COOLIT-20260925-BL,SCN-BASELINE,FCST-093-012,2026-H93,OPP-0012,OPPL-0012,ACC-002,PRG-004,CFG-CDU-01,NEGOTIATION,0.75,COMMIT,2026-10-24,17,1377000,0,CLOSED_PERIOD
TEN-COOLIT-SYN-001,SITE-COOLIT-SYN-01,CRM,FORECAST_SNAPSHOT,FCST-093-013,OPP-0013,RESOLVED,2026-07-10T18:00:00-06:00,2026-09-26T08:00:00-06:00,2026-06-29T00:00:00-06:00,,1,,false,ACTIVE,,USD,VALID,CURRENT,coolit-synthetic-v2.0.0,CUST-003,PRG-005,CFG-CPL-02,SYNTHETIC_INTERNAL,SNP-COOLIT-20260925-BL,SCN-BASELINE,FCST-093-013,2026-H93,OPP-0013,OPPL-0013,ACC-003,PRG-005,CFG-CPL-02,CLOSED_WON,1,CLOSED,2026-08-08,30,201000,28,CLOSED_PERIOD
TEN-COOLIT-SYN-001,SITE-COOLIT-SYN-01,CRM,FORECAST_SNAPSHOT,FCST-093-014,OPP-0014,RESOLVED,2026-07-10T18:00:00-06:00,2026-09-26T08:00:00-06:00,2026-06-29T00:00:00-06:00,,1,,false,ACTIVE,,USD,VALID,CURRENT,coolit-synthetic-v2.0.0,CUST-004,PRG-006,CFG-RM-03,SYNTHETIC_INTERNAL,SNP-COOLIT-20260925-BL,SCN-BASELINE,FCST-093-014,2026-H93,OPP-0014,OPPL-0014,ACC-004,PRG-006,CFG-RM-03,CLOSED_WON,1,CLOSED,2026-08-15,31,241800,34,CLOSED_PERIOD
TEN-COOLIT-SYN-001,SITE-COOLIT-SYN-01,CRM,FORECAST_SNAPSHOT,FCST-093-015,OPP-0015,RESOLVED,2026-07-10T18:00:00-06:00,2026-09-26T08:00:00-06:00,2026-06-29T00:00:00-06:00,,1,,false,ACTIVE,,USD,VALID,CURRENT,coolit-synthetic-v2.0.0,CUST-005,PRG-007,CFG-CDU-04,SYNTHETIC_INTERNAL,SNP-COOLIT-20260925-BL,SCN-BASELINE,FCST-093-015,2026-H93,OPP-0015,OPPL-0015,ACC-005,PRG-007,CFG-CDU-04,CLOSED_WON,1,CLOSED,2026-08-22,37,3996000,40,CLOSED_PERIOD
TEN-COOLIT-SYN-001,SITE-COOLIT-SYN-01,CRM,FORECAST_SNAPSHOT,FCST-094-001,OPP-0001,RESOLVED,2026-07-17T18:00:00-06:00,2026-09-26T08:00:00-06:00,2026-06-29T00:00:00-06:00,,1,,false,ACTIVE,,USD,VALID,CURRENT,coolit-synthetic-v2.0.0,CUST-001,PRG-001,CFG-CPL-02,SYNTHETIC_INTERNAL,SNP-COOLIT-20260925-BL,SCN-BASELINE,FCST-094-001,2026-H94,OPP-0001,OPPL-0001,ACC-001,PRG-001,CFG-CPL-02,NEGOTIATION,0.75,COMMIT,2026-08-12,7,46900,0,CLOSED_PERIOD
TEN-COOLIT-SYN-001,SITE-COOLIT-SYN-01,CRM,FORECAST_SNAPSHOT,FCST-094-002,OPP-0002,RESOLVED,2026-07-17T18:00:00-06:00,2026-09-26T08:00:00-06:00,2026-06-29T00:00:00-06:00,,1,,false,ACTIVE,,USD,VALID,CURRENT,coolit-synthetic-v2.0.0,CUST-002,PRG-002,CFG-RM-03,SYNTHETIC_INTERNAL,SNP-COOLIT-20260925-BL,SCN-BASELINE,FCST-094-002,2026-H94,OPP-0002,OPPL-0002,ACC-002,PRG-002,CFG-RM-03,NEGOTIATION,0.75,COMMIT,2026-08-19,12,93600,0,CLOSED_PERIOD
TEN-COOLIT-SYN-001,SITE-COOLIT-SYN-01,CRM,FORECAST_SNAPSHOT,FCST-094-003,OPP-0003,RESOLVED,2026-07-17T18:00:00-06:00,2026-09-26T08:00:00-06:00,2026-06-29T00:00:00-06:00,,1,,false,ACTIVE,,USD,VALID,CURRENT,coolit-synthetic-v2.0.0,CUST-003,PRG-003,CFG-CDU-04,SYNTHETIC_INTERNAL,SNP-COOLIT-20260925-BL,SCN-BASELINE,FCST-094-003,2026-H94,OPP-0003,OPPL-0003,ACC-003,PRG-003,CFG-CDU-04,NEGOTIATION,0.75,COMMIT,2026-08-26,17,1836000,0,CLOSED_PERIOD
TEN-COOLIT-SYN-001,SITE-COOLIT-SYN-01,CRM,FORECAST_SNAPSHOT,FCST-094-004,OPP-0004,RESOLVED,2026-07-17T18:00:00-06:00,2026-09-26T08:00:00-06:00,2026-06-29T00:00:00-06:00,,1,,false,ACTIVE,,USD,VALID,CURRENT,coolit-synthetic-v2.0.0,CUST-004,PRG-004,CFG-RM-01,SYNTHETIC_INTERNAL,SNP-COOLIT-20260925-BL,SCN-BASELINE,FCST-094-004,2026-H94,OPP-0004,OPPL-0004,ACC-004,PRG-004,CFG-RM-01,CLOSED_WON,1,CLOSED,2026-09-02,29,162400,28,CLOSED_PERIOD
TEN-COOLIT-SYN-001,SITE-COOLIT-SYN-01,CRM,FORECAST_SNAPSHOT,FCST-094-005,OPP-0005,RESOLVED,2026-07-17T18:00:00-06:00,2026-09-26T08:00:00-06:00,2026-06-29T00:00:00-06:00,,1,,false,ACTIVE,,USD,VALID,CURRENT,coolit-synthetic-v2.0.0,CUST-005,PRG-005,CFG-CDU-02,SYNTHETIC_INTERNAL,SNP-COOLIT-20260925-BL,SCN-BASELINE,FCST-094-005,2026-H94,OPP-0005,OPPL-0005,ACC-005,PRG-005,CFG-CDU-02,CLOSED_WON,1,CLOSED,2026-09-09,37,3330000,34,CLOSED_PERIOD
TEN-COOLIT-SYN-001,SITE-COOLIT-SYN-01,CRM,FORECAST_SNAPSHOT,FCST-094-006,OPP-0006,RESOLVED,2026-07-17T18:00:00-06:00,2026-09-26T08:00:00-06:00,2026-06-29T00:00:00-06:00,,1,,false,ACTIVE,,USD,VALID,CURRENT,coolit-synthetic-v2.0.0,CUST-006,PRG-006,CFG-CPL-03,SYNTHETIC_INTERNAL,SNP-COOLIT-20260925-BL,SCN-BASELINE,FCST-094-006,2026-H94,OPP-0006,OPPL-0006,ACC-006,PRG-006,CFG-CPL-03,CLOSED_WON,1,CLOSED,2026-09-16,36,280800,40,CLOSED_PERIOD
TEN-COOLIT-SYN-001,SITE-COOLIT-SYN-01,CRM,FORECAST_SNAPSHOT,FCST-094-007,OPP-0007,RESOLVED,2026-07-17T18:00:00-06:00,2026-09-26T08:00:00-06:00,2026-06-29T00:00:00-06:00,,1,,false,ACTIVE,,USD,VALID,CURRENT,coolit-synthetic-v2.0.0,CUST-007,PRG-007,CFG-RM-04,SYNTHETIC_INTERNAL,SNP-COOLIT-20260925-BL,SCN-BASELINE,FCST-094-007,2026-H94,OPP-0007,OPPL-0007,ACC-007,PRG-007,CFG-RM-04,CLOSED_WON,1,CLOSED,2026-09-23,43,382700,46,CLOSED_PERIOD
TEN-COOLIT-SYN-001,SITE-COOLIT-SYN-01,CRM,FORECAST_SNAPSHOT,FCST-094-008,OPP-0008,RESOLVED,2026-07-17T18:00:00-06:00,2026-09-26T08:00:00-06:00,2026-06-29T00:00:00-06:00,,1,,false,ACTIVE,,USD,VALID,CURRENT,coolit-synthetic-v2.0.0,CUST-008,PRG-008,CFG-CPL-01,SYNTHETIC_INTERNAL,SNP-COOLIT-20260925-BL,SCN-BASELINE,FCST-094-008,2026-H94,OPP-0008,OPPL-0008,ACC-008,PRG-008,CFG-CPL-01,CLOSED_WON,1,CLOSED,2026-09-30,50,280000,52,CLOSED_PERIOD
TEN-COOLIT-SYN-001,SITE-COOLIT-SYN-01,CRM,FORECAST_SNAPSHOT,FCST-094-009,OPP-0009,RESOLVED,2026-07-17T18:00:00-06:00,2026-09-26T08:00:00-06:00,2026-06-29T00:00:00-06:00,,1,,false,ACTIVE,,USD,VALID,CURRENT,coolit-synthetic-v2.0.0,CUST-009,PRG-001,CFG-RM-02,SYNTHETIC_INTERNAL,SNP-COOLIT-20260925-BL,SCN-BASELINE,FCST-094-009,2026-H94,OPP-0009,OPPL-0009,ACC-009,PRG-001,CFG-RM-02,NEGOTIATION,0.75,COMMIT,2026-10-07,43,288100,0,CLOSED_PERIOD
TEN-COOLIT-SYN-001,SITE-COOLIT-SYN-01,CRM,FORECAST_SNAPSHOT,FCST-094-010,OPP-0010,RESOLVED,2026-07-17T18:00:00-06:00,2026-09-26T08:00:00-06:00,2026-06-29T00:00:00-06:00,,1,,false,ACTIVE,,USD,VALID,CURRENT,coolit-synthetic-v2.0.0,CUST-010,PRG-002,CFG-CDU-03,SYNTHETIC_INTERNAL,SNP-COOLIT-20260925-BL,SCN-BASELINE,FCST-094-010,2026-H94,OPP-0010,OPPL-0010,ACC-010,PRG-002,CFG-CDU-03,NEGOTIATION,0.75,COMMIT,2026-10-14,8,792000,0,CLOSED_PERIOD
TEN-COOLIT-SYN-001,SITE-COOLIT-SYN-01,CRM,FORECAST_SNAPSHOT,FCST-094-011,OPP-0011,RESOLVED,2026-07-17T18:00:00-06:00,2026-09-26T08:00:00-06:00,2026-06-29T00:00:00-06:00,,1,,false,ACTIVE,,USD,VALID,CURRENT,coolit-synthetic-v2.0.0,CUST-001,PRG-003,CFG-CPL-04,SYNTHETIC_INTERNAL,SNP-COOLIT-20260925-BL,SCN-BASELINE,FCST-094-011,2026-H94,OPP-0011,OPPL-0011,ACC-001,PRG-003,CFG-CPL-04,NEGOTIATION,0.75,COMMIT,2026-10-21,13,115700,0,CLOSED_PERIOD
TEN-COOLIT-SYN-001,SITE-COOLIT-SYN-01,CRM,FORECAST_SNAPSHOT,FCST-094-012,OPP-0012,RESOLVED,2026-07-17T18:00:00-06:00,2026-09-26T08:00:00-06:00,2026-06-29T00:00:00-06:00,,1,,false,ACTIVE,,USD,VALID,CURRENT,coolit-synthetic-v2.0.0,CUST-002,PRG-004,CFG-CDU-01,SYNTHETIC_INTERNAL,SNP-COOLIT-20260925-BL,SCN-BASELINE,FCST-094-012,2026-H94,OPP-0012,OPPL-0012,ACC-002,PRG-004,CFG-CDU-01,CLOSED_WON,1,CLOSED,2026-10-28,24,1944000,22,CLOSED_PERIOD
TEN-COOLIT-SYN-001,SITE-COOLIT-SYN-01,CRM,FORECAST_SNAPSHOT,FCST-094-013,OPP-0013,RESOLVED,2026-07-17T18:00:00-06:00,2026-09-26T08:00:00-06:00,2026-06-29T00:00:00-06:00,,1,,false,ACTIVE,,USD,VALID,CURRENT,coolit-synthetic-v2.0.0,CUST-003,PRG-005,CFG-CPL-02,SYNTHETIC_INTERNAL,SNP-COOLIT-20260925-BL,SCN-BASELINE,FCST-094-013,2026-H94,OPP-0013,OPPL-0013,ACC-003,PRG-005,CFG-CPL-02,CLOSED_WON,1,CLOSED,2026-08-12,25,167500,28,CLOSED_PERIOD
TEN-COOLIT-SYN-001,SITE-COOLIT-SYN-01,CRM,FORECAST_SNAPSHOT,FCST-094-014,OPP-0014,RESOLVED,2026-07-17T18:00:00-06:00,2026-09-26T08:00:00-06:00,2026-06-29T00:00:00-06:00,,1,,false,ACTIVE,,USD,VALID,CURRENT,coolit-synthetic-v2.0.0,CUST-004,PRG-006,CFG-RM-03,SYNTHETIC_INTERNAL,SNP-COOLIT-20260925-BL,SCN-BASELINE,FCST-094-014,2026-H94,OPP-0014,OPPL-0014,ACC-004,PRG-006,CFG-RM-03,CLOSED_WON,1,CLOSED,2026-08-19,32,249600,34,CLOSED_PERIOD
TEN-COOLIT-SYN-001,SITE-COOLIT-SYN-01,CRM,FORECAST_SNAPSHOT,FCST-094-015,OPP-0015,RESOLVED,2026-07-17T18:00:00-06:00,2026-09-26T08:00:00-06:00,2026-06-29T00:00:00-06:00,,1,,false,ACTIVE,,USD,VALID,CURRENT,coolit-synthetic-v2.0.0,CUST-005,PRG-007,CFG-CDU-04,SYNTHETIC_INTERNAL,SNP-COOLIT-20260925-BL,SCN-BASELINE,FCST-094-015,2026-H94,OPP-0015,OPPL-0015,ACC-005,PRG-007,CFG-CDU-04,CLOSED_WON,1,CLOSED,2026-08-26,38,4104000,40,CLOSED_PERIOD
TEN-COOLIT-SYN-001,SITE-COOLIT-SYN-01,CRM,FORECAST_SNAPSHOT,FCST-095-001,OPP-0001,RESOLVED,2026-07-24T18:00:00-06:00,2026-09-26T08:00:00-06:00,2026-06-29T00:00:00-06:00,,1,,false,ACTIVE,,USD,VALID,CURRENT,coolit-synthetic-v2.0.0,CUST-001,PRG-001,CFG-CPL-02,SYNTHETIC_INTERNAL,SNP-COOLIT-20260925-BL,SCN-BASELINE,FCST-095-001,2026-H95,OPP-0001,OPPL-0001,ACC-001,PRG-001,CFG-CPL-02,NEGOTIATION,0.75,COMMIT,2026-08-16,7,46900,0,CLOSED_PERIOD
TEN-COOLIT-SYN-001,SITE-COOLIT-SYN-01,CRM,FORECAST_SNAPSHOT,FCST-095-002,OPP-0002,RESOLVED,2026-07-24T18:00:00-06:00,2026-09-26T08:00:00-06:00,2026-06-29T00:00:00-06:00,,1,,false,ACTIVE,,USD,VALID,CURRENT,coolit-synthetic-v2.0.0,CUST-002,PRG-002,CFG-RM-03,SYNTHETIC_INTERNAL,SNP-COOLIT-20260925-BL,SCN-BASELINE,FCST-095-002,2026-H95,OPP-0002,OPPL-0002,ACC-002,PRG-002,CFG-RM-03,NEGOTIATION,0.75,COMMIT,2026-08-23,12,93600,0,CLOSED_PERIOD
TEN-COOLIT-SYN-001,SITE-COOLIT-SYN-01,CRM,FORECAST_SNAPSHOT,FCST-095-003,OPP-0003,RESOLVED,2026-07-24T18:00:00-06:00,2026-09-26T08:00:00-06:00,2026-06-29T00:00:00-06:00,,1,,false,ACTIVE,,USD,VALID,CURRENT,coolit-synthetic-v2.0.0,CUST-003,PRG-003,CFG-CDU-04,SYNTHETIC_INTERNAL,SNP-COOLIT-20260925-BL,SCN-BASELINE,FCST-095-003,2026-H95,OPP-0003,OPPL-0003,ACC-003,PRG-003,CFG-CDU-04,CLOSED_WON,1,CLOSED,2026-08-30,23,2484000,22,CLOSED_PERIOD
TEN-COOLIT-SYN-001,SITE-COOLIT-SYN-01,CRM,FORECAST_SNAPSHOT,FCST-095-004,OPP-0004,RESOLVED,2026-07-24T18:00:00-06:00,2026-09-26T08:00:00-06:00,2026-06-29T00:00:00-06:00,,1,,false,ACTIVE,,USD,VALID,CURRENT,coolit-synthetic-v2.0.0,CUST-004,PRG-004,CFG-RM-01,SYNTHETIC_INTERNAL,SNP-COOLIT-20260925-BL,SCN-BASELINE,FCST-095-004,2026-H95,OPP-0004,OPPL-0004,ACC-004,PRG-004,CFG-RM-01,CLOSED_WON,1,CLOSED,2026-09-06,30,168000,28,CLOSED_PERIOD
TEN-COOLIT-SYN-001,SITE-COOLIT-SYN-01,CRM,FORECAST_SNAPSHOT,FCST-095-005,OPP-0005,RESOLVED,2026-07-24T18:00:00-06:00,2026-09-26T08:00:00-06:00,2026-06-29T00:00:00-06:00,,1,,false,ACTIVE,,USD,VALID,CURRENT,coolit-synthetic-v2.0.0,CUST-005,PRG-005,CFG-CDU-02,SYNTHETIC_INTERNAL,SNP-COOLIT-20260925-BL,SCN-BASELINE,FCST-095-005,2026-H95,OPP-0005,OPPL-0005,ACC-005,PRG-005,CFG-CDU-02,CLOSED_WON,1,CLOSED,2026-09-13,31,2790000,34,CLOSED_PERIOD
TEN-COOLIT-SYN-001,SITE-COOLIT-SYN-01,CRM,FORECAST_SNAPSHOT,FCST-095-006,OPP-0006,RESOLVED,2026-07-24T18:00:00-06:00,2026-09-26T08:00:00-06:00,2026-06-29T00:00:00-06:00,,1,,false,ACTIVE,,USD,VALID,CURRENT,coolit-synthetic-v2.0.0,CUST-006,PRG-006,CFG-CPL-03,SYNTHETIC_INTERNAL,SNP-COOLIT-20260925-BL,SCN-BASELINE,FCST-095-006,2026-H95,OPP-0006,OPPL-0006,ACC-006,PRG-006,CFG-CPL-03,CLOSED_WON,1,CLOSED,2026-09-20,37,288600,40,CLOSED_PERIOD
TEN-COOLIT-SYN-001,SITE-COOLIT-SYN-01,CRM,FORECAST_SNAPSHOT,FCST-095-007,OPP-0007,RESOLVED,2026-07-24T18:00:00-06:00,2026-09-26T08:00:00-06:00,2026-06-29T00:00:00-06:00,,1,,false,ACTIVE,,USD,VALID,CURRENT,coolit-synthetic-v2.0.0,CUST-007,PRG-007,CFG-RM-04,SYNTHETIC_INTERNAL,SNP-COOLIT-20260925-BL,SCN-BASELINE,FCST-095-007,2026-H95,OPP-0007,OPPL-0007,ACC-007,PRG-007,CFG-RM-04,CLOSED_WON,1,CLOSED,2026-09-27,44,391600,46,CLOSED_PERIOD
TEN-COOLIT-SYN-001,SITE-COOLIT-SYN-01,CRM,FORECAST_SNAPSHOT,FCST-095-008,OPP-0008,RESOLVED,2026-07-24T18:00:00-06:00,2026-09-26T08:00:00-06:00,2026-06-29T00:00:00-06:00,,1,,false,ACTIVE,,USD,VALID,CURRENT,coolit-synthetic-v2.0.0,CUST-008,PRG-008,CFG-CPL-01,SYNTHETIC_INTERNAL,SNP-COOLIT-20260925-BL,SCN-BASELINE,FCST-095-008,2026-H95,OPP-0008,OPPL-0008,ACC-008,PRG-008,CFG-CPL-01,CLOSED_WON,1,CLOSED,2026-10-04,51,285600,52,CLOSED_PERIOD
TEN-COOLIT-SYN-001,SITE-COOLIT-SYN-01,CRM,FORECAST_SNAPSHOT,FCST-095-009,OPP-0009,RESOLVED,2026-07-24T18:00:00-06:00,2026-09-26T08:00:00-06:00,2026-06-29T00:00:00-06:00,,1,,false,ACTIVE,,USD,VALID,CURRENT,coolit-synthetic-v2.0.0,CUST-009,PRG-001,CFG-RM-02,SYNTHETIC_INTERNAL,SNP-COOLIT-20260925-BL,SCN-BASELINE,FCST-095-009,2026-H95,OPP-0009,OPPL-0009,ACC-009,PRG-001,CFG-RM-02,NEGOTIATION,0.75,COMMIT,2026-10-11,44,294800,0,CLOSED_PERIOD
TEN-COOLIT-SYN-001,SITE-COOLIT-SYN-01,CRM,FORECAST_SNAPSHOT,FCST-095-010,OPP-0010,RESOLVED,2026-07-24T18:00:00-06:00,2026-09-26T08:00:00-06:00,2026-06-29T00:00:00-06:00,,1,,false,ACTIVE,,USD,VALID,CURRENT,coolit-synthetic-v2.0.0,CUST-010,PRG-002,CFG-CDU-03,SYNTHETIC_INTERNAL,SNP-COOLIT-20260925-BL,SCN-BASELINE,FCST-095-010,2026-H95,OPP-0010,OPPL-0010,ACC-010,PRG-002,CFG-CDU-03,NEGOTIATION,0.75,COMMIT,2026-10-18,8,792000,0,CLOSED_PERIOD
TEN-COOLIT-SYN-001,SITE-COOLIT-SYN-01,CRM,FORECAST_SNAPSHOT,FCST-095-011,OPP-0011,RESOLVED,2026-07-24T18:00:00-06:00,2026-09-26T08:00:00-06:00,2026-06-29T00:00:00-06:00,,1,,false,ACTIVE,,USD,VALID,CURRENT,coolit-synthetic-v2.0.0,CUST-001,PRG-003,CFG-CPL-04,SYNTHETIC_INTERNAL,SNP-COOLIT-20260925-BL,SCN-BASELINE,FCST-095-011,2026-H95,OPP-0011,OPPL-0011,ACC-001,PRG-003,CFG-CPL-04,CLOSED_WON,1,CLOSED,2026-10-25,17,151300,16,CLOSED_PERIOD
TEN-COOLIT-SYN-001,SITE-COOLIT-SYN-01,CRM,FORECAST_SNAPSHOT,FCST-095-012,OPP-0012,RESOLVED,2026-07-24T18:00:00-06:00,2026-09-26T08:00:00-06:00,2026-06-29T00:00:00-06:00,,1,,false,ACTIVE,,USD,VALID,CURRENT,coolit-synthetic-v2.0.0,CUST-002,PRG-004,CFG-CDU-01,SYNTHETIC_INTERNAL,SNP-COOLIT-20260925-BL,SCN-BASELINE,FCST-095-012,2026-H95,OPP-0012,OPPL-0012,ACC-002,PRG-004,CFG-CDU-01,CLOSED_WON,1,CLOSED,2026-11-01,20,1620000,22,CLOSED_PERIOD
TEN-COOLIT-SYN-001,SITE-COOLIT-SYN-01,CRM,FORECAST_SNAPSHOT,FCST-095-013,OPP-0013,RESOLVED,2026-07-24T18:00:00-06:00,2026-09-26T08:00:00-06:00,2026-06-29T00:00:00-06:00,,1,,false,ACTIVE,,USD,VALID,CURRENT,coolit-synthetic-v2.0.0,CUST-003,PRG-005,CFG-CPL-02,SYNTHETIC_INTERNAL,SNP-COOLIT-20260925-BL,SCN-BASELINE,FCST-095-013,2026-H95,OPP-0013,OPPL-0013,ACC-003,PRG-005,CFG-CPL-02,CLOSED_WON,1,CLOSED,2026-08-16,26,174200,28,CLOSED_PERIOD
TEN-COOLIT-SYN-001,SITE-COOLIT-SYN-01,CRM,FORECAST_SNAPSHOT,FCST-095-014,OPP-0014,RESOLVED,2026-07-24T18:00:00-06:00,2026-09-26T08:00:00-06:00,2026-06-29T00:00:00-06:00,,1,,false,ACTIVE,,USD,VALID,CURRENT,coolit-synthetic-v2.0.0,CUST-004,PRG-006,CFG-RM-03,SYNTHETIC_INTERNAL,SNP-COOLIT-20260925-BL,SCN-BASELINE,FCST-095-014,2026-H95,OPP-0014,OPPL-0014,ACC-004,PRG-006,CFG-RM-03,CLOSED_WON,1,CLOSED,2026-08-23,33,257400,34,CLOSED_PERIOD
TEN-COOLIT-SYN-001,SITE-COOLIT-SYN-01,CRM,FORECAST_SNAPSHOT,FCST-095-015,OPP-0015,RESOLVED,2026-07-24T18:00:00-06:00,2026-09-26T08:00:00-06:00,2026-06-29T00:00:00-06:00,,1,,false,ACTIVE,,USD,VALID,CURRENT,coolit-synthetic-v2.0.0,CUST-005,PRG-007,CFG-CDU-04,SYNTHETIC_INTERNAL,SNP-COOLIT-20260925-BL,SCN-BASELINE,FCST-095-015,2026-H95,OPP-0015,OPPL-0015,ACC-005,PRG-007,CFG-CDU-04,CLOSED_WON,1,CLOSED,2026-08-30,40,4320000,40,CLOSED_PERIOD
TEN-COOLIT-SYN-001,SITE-COOLIT-SYN-01,CRM,FORECAST_SNAPSHOT,FCST-096-001,OPP-0001,RESOLVED,2026-07-31T18:00:00-06:00,2026-09-26T08:00:00-06:00,2026-06-29T00:00:00-06:00,,1,,false,ACTIVE,,USD,VALID,CURRENT,coolit-synthetic-v2.0.0,CUST-001,PRG-001,CFG-CPL-02,SYNTHETIC_INTERNAL,SNP-COOLIT-20260925-BL,SCN-BASELINE,FCST-096-001,2026-H96,OPP-0001,OPPL-0001,ACC-001,PRG-001,CFG-CPL-02,NEGOTIATION,0.75,COMMIT,2026-08-20,8,53600,0,CLOSED_PERIOD
TEN-COOLIT-SYN-001,SITE-COOLIT-SYN-01,CRM,FORECAST_SNAPSHOT,FCST-096-002,OPP-0002,RESOLVED,2026-07-31T18:00:00-06:00,2026-09-26T08:00:00-06:00,2026-06-29T00:00:00-06:00,,1,,false,ACTIVE,,USD,VALID,CURRENT,coolit-synthetic-v2.0.0,CUST-002,PRG-002,CFG-RM-03,SYNTHETIC_INTERNAL,SNP-COOLIT-20260925-BL,SCN-BASELINE,FCST-096-002,2026-H96,OPP-0002,OPPL-0002,ACC-002,PRG-002,CFG-RM-03,CLOSED_WON,1,CLOSED,2026-08-27,17,132600,16,CLOSED_PERIOD
TEN-COOLIT-SYN-001,SITE-COOLIT-SYN-01,CRM,FORECAST_SNAPSHOT,FCST-096-003,OPP-0003,RESOLVED,2026-07-31T18:00:00-06:00,2026-09-26T08:00:00-06:00,2026-06-29T00:00:00-06:00,,1,,false,ACTIVE,,USD,VALID,CURRENT,coolit-synthetic-v2.0.0,CUST-003,PRG-003,CFG-CDU-04,SYNTHETIC_INTERNAL,SNP-COOLIT-20260925-BL,SCN-BASELINE,FCST-096-003,2026-H96,OPP-0003,OPPL-0003,ACC-003,PRG-003,CFG-CDU-04,CLOSED_WON,1,CLOSED,2026-09-03,24,2592000,22,CLOSED_PERIOD
TEN-COOLIT-SYN-001,SITE-COOLIT-SYN-01,CRM,FORECAST_SNAPSHOT,FCST-096-004,OPP-0004,RESOLVED,2026-07-31T18:00:00-06:00,2026-09-26T08:00:00-06:00,2026-06-29T00:00:00-06:00,,1,,false,ACTIVE,,USD,VALID,CURRENT,coolit-synthetic-v2.0.0,CUST-004,PRG-004,CFG-RM-01,SYNTHETIC_INTERNAL,SNP-COOLIT-20260925-BL,SCN-BASELINE,FCST-096-004,2026-H96,OPP-0004,OPPL-0004,ACC-004,PRG-004,CFG-RM-01,CLOSED_WON,1,CLOSED,2026-09-10,25,140000,28,CLOSED_PERIOD
TEN-COOLIT-SYN-001,SITE-COOLIT-SYN-01,CRM,FORECAST_SNAPSHOT,FCST-096-005,OPP-0005,RESOLVED,2026-07-31T18:00:00-06:00,2026-09-26T08:00:00-06:00,2026-06-29T00:00:00-06:00,,1,,false,ACTIVE,,USD,VALID,CURRENT,coolit-synthetic-v2.0.0,CUST-005,PRG-005,CFG-CDU-02,SYNTHETIC_INTERNAL,SNP-COOLIT-20260925-BL,SCN-BASELINE,FCST-096-005,2026-H96,OPP-0005,OPPL-0005,ACC-005,PRG-005,CFG-CDU-02,CLOSED_WON,1,CLOSED,2026-09-17,32,2880000,34,CLOSED_PERIOD
TEN-COOLIT-SYN-001,SITE-COOLIT-SYN-01,CRM,FORECAST_SNAPSHOT,FCST-096-006,OPP-0006,RESOLVED,2026-07-31T18:00:00-06:00,2026-09-26T08:00:00-06:00,2026-06-29T00:00:00-06:00,,1,,false,ACTIVE,,USD,VALID,CURRENT,coolit-synthetic-v2.0.0,CUST-006,PRG-006,CFG-CPL-03,SYNTHETIC_INTERNAL,SNP-COOLIT-20260925-BL,SCN-BASELINE,FCST-096-006,2026-H96,OPP-0006,OPPL-0006,ACC-006,PRG-006,CFG-CPL-03,CLOSED_WON,1,CLOSED,2026-09-24,38,296400,40,CLOSED_PERIOD
TEN-COOLIT-SYN-001,SITE-COOLIT-SYN-01,CRM,FORECAST_SNAPSHOT,FCST-096-007,OPP-0007,RESOLVED,2026-07-31T18:00:00-06:00,2026-09-26T08:00:00-06:00,2026-06-29T00:00:00-06:00,,1,,false,ACTIVE,,USD,VALID,CURRENT,coolit-synthetic-v2.0.0,CUST-007,PRG-007,CFG-RM-04,SYNTHETIC_INTERNAL,SNP-COOLIT-20260925-BL,SCN-BASELINE,FCST-096-007,2026-H96,OPP-0007,OPPL-0007,ACC-007,PRG-007,CFG-RM-04,CLOSED_WON,1,CLOSED,2026-10-01,46,409400,46,CLOSED_PERIOD
TEN-COOLIT-SYN-001,SITE-COOLIT-SYN-01,CRM,FORECAST_SNAPSHOT,FCST-096-008,OPP-0008,RESOLVED,2026-07-31T18:00:00-06:00,2026-09-26T08:00:00-06:00,2026-06-29T00:00:00-06:00,,1,,false,ACTIVE,,USD,VALID,CURRENT,coolit-synthetic-v2.0.0,CUST-008,PRG-008,CFG-CPL-01,SYNTHETIC_INTERNAL,SNP-COOLIT-20260925-BL,SCN-BASELINE,FCST-096-008,2026-H96,OPP-0008,OPPL-0008,ACC-008,PRG-008,CFG-CPL-01,CLOSED_WON,1,CLOSED,2026-10-08,53,296800,52,CLOSED_PERIOD
TEN-COOLIT-SYN-001,SITE-COOLIT-SYN-01,CRM,FORECAST_SNAPSHOT,FCST-096-009,OPP-0009,RESOLVED,2026-07-31T18:00:00-06:00,2026-09-26T08:00:00-06:00,2026-06-29T00:00:00-06:00,,1,,false,ACTIVE,,USD,VALID,CURRENT,coolit-synthetic-v2.0.0,CUST-009,PRG-001,CFG-RM-02,SYNTHETIC_INTERNAL,SNP-COOLIT-20260925-BL,SCN-BASELINE,FCST-096-009,2026-H96,OPP-0009,OPPL-0009,ACC-009,PRG-001,CFG-RM-02,NEGOTIATION,0.75,COMMIT,2026-10-15,46,308200,0,CLOSED_PERIOD
TEN-COOLIT-SYN-001,SITE-COOLIT-SYN-01,CRM,FORECAST_SNAPSHOT,FCST-096-010,OPP-0010,RESOLVED,2026-07-31T18:00:00-06:00,2026-09-26T08:00:00-06:00,2026-06-29T00:00:00-06:00,,1,,false,ACTIVE,,USD,VALID,CURRENT,coolit-synthetic-v2.0.0,CUST-010,PRG-002,CFG-CDU-03,SYNTHETIC_INTERNAL,SNP-COOLIT-20260925-BL,SCN-BASELINE,FCST-096-010,2026-H96,OPP-0010,OPPL-0010,ACC-010,PRG-002,CFG-CDU-03,CLOSED_WON,1,CLOSED,2026-10-22,11,1089000,10,CLOSED_PERIOD
TEN-COOLIT-SYN-001,SITE-COOLIT-SYN-01,CRM,FORECAST_SNAPSHOT,FCST-096-011,OPP-0011,RESOLVED,2026-07-31T18:00:00-06:00,2026-09-26T08:00:00-06:00,2026-06-29T00:00:00-06:00,,1,,false,ACTIVE,,USD,VALID,CURRENT,coolit-synthetic-v2.0.0,CUST-001,PRG-003,CFG-CPL-04,SYNTHETIC_INTERNAL,SNP-COOLIT-20260925-BL,SCN-BASELINE,FCST-096-011,2026-H96,OPP-0011,OPPL-0011,ACC-001,PRG-003,CFG-CPL-04,CLOSED_WON,1,CLOSED,2026-10-29,14,124600,16,CLOSED_PERIOD
TEN-COOLIT-SYN-001,SITE-COOLIT-SYN-01,CRM,FORECAST_SNAPSHOT,FCST-096-012,OPP-0012,RESOLVED,2026-07-31T18:00:00-06:00,2026-09-26T08:00:00-06:00,2026-06-29T00:00:00-06:00,,1,,false,ACTIVE,,USD,VALID,CURRENT,coolit-synthetic-v2.0.0,CUST-002,PRG-004,CFG-CDU-01,SYNTHETIC_INTERNAL,SNP-COOLIT-20260925-BL,SCN-BASELINE,FCST-096-012,2026-H96,OPP-0012,OPPL-0012,ACC-002,PRG-004,CFG-CDU-01,CLOSED_WON,1,CLOSED,2026-11-05,20,1620000,22,CLOSED_PERIOD
TEN-COOLIT-SYN-001,SITE-COOLIT-SYN-01,CRM,FORECAST_SNAPSHOT,FCST-096-013,OPP-0013,RESOLVED,2026-07-31T18:00:00-06:00,2026-09-26T08:00:00-06:00,2026-06-29T00:00:00-06:00,,1,,false,ACTIVE,,USD,VALID,CURRENT,coolit-synthetic-v2.0.0,CUST-003,PRG-005,CFG-CPL-02,SYNTHETIC_INTERNAL,SNP-COOLIT-20260925-BL,SCN-BASELINE,FCST-096-013,2026-H96,OPP-0013,OPPL-0013,ACC-003,PRG-005,CFG-CPL-02,CLOSED_WON,1,CLOSED,2026-08-20,27,180900,28,CLOSED_PERIOD
TEN-COOLIT-SYN-001,SITE-COOLIT-SYN-01,CRM,FORECAST_SNAPSHOT,FCST-096-014,OPP-0014,RESOLVED,2026-07-31T18:00:00-06:00,2026-09-26T08:00:00-06:00,2026-06-29T00:00:00-06:00,,1,,false,ACTIVE,,USD,VALID,CURRENT,coolit-synthetic-v2.0.0,CUST-004,PRG-006,CFG-RM-03,SYNTHETIC_INTERNAL,SNP-COOLIT-20260925-BL,SCN-BASELINE,FCST-096-014,2026-H96,OPP-0014,OPPL-0014,ACC-004,PRG-006,CFG-RM-03,CLOSED_WON,1,CLOSED,2026-08-27,34,265200,34,CLOSED_PERIOD
TEN-COOLIT-SYN-001,SITE-COOLIT-SYN-01,CRM,FORECAST_SNAPSHOT,FCST-096-015,OPP-0015,RESOLVED,2026-07-31T18:00:00-06:00,2026-09-26T08:00:00-06:00,2026-06-29T00:00:00-06:00,,1,,false,ACTIVE,,USD,VALID,CURRENT,coolit-synthetic-v2.0.0,CUST-005,PRG-007,CFG-CDU-04,SYNTHETIC_INTERNAL,SNP-COOLIT-20260925-BL,SCN-BASELINE,FCST-096-015,2026-H96,OPP-0015,OPPL-0015,ACC-005,PRG-007,CFG-CDU-04,CLOSED_WON,1,CLOSED,2026-09-03,41,4428000,40,CLOSED_PERIOD
TEN-COOLIT-SYN-001,SITE-COOLIT-SYN-01,CRM,FORECAST_SNAPSHOT,FCST-097-001,OPP-0001,RESOLVED,2026-08-07T18:00:00-06:00,2026-09-26T08:00:00-06:00,2026-06-29T00:00:00-06:00,,1,,false,ACTIVE,,USD,VALID,CURRENT,coolit-synthetic-v2.0.0,CUST-001,PRG-001,CFG-CPL-02,SYNTHETIC_INTERNAL,SNP-COOLIT-20260925-BL,SCN-BASELINE,FCST-097-001,2026-H97,OPP-0001,OPPL-0001,ACC-001,PRG-001,CFG-CPL-02,CLOSED_WON,1,CLOSED,2026-08-24,11,73700,10,CLOSED_PERIOD
TEN-COOLIT-SYN-001,SITE-COOLIT-SYN-01,CRM,FORECAST_SNAPSHOT,FCST-097-002,OPP-0002,RESOLVED,2026-08-07T18:00:00-06:00,2026-09-26T08:00:00-06:00,2026-06-29T00:00:00-06:00,,1,,false,ACTIVE,,USD,VALID,CURRENT,coolit-synthetic-v2.0.0,CUST-002,PRG-002,CFG-RM-03,SYNTHETIC_INTERNAL,SNP-COOLIT-20260925-BL,SCN-BASELINE,FCST-097-002,2026-H97,OPP-0002,OPPL-0002,ACC-002,PRG-002,CFG-RM-03,CLOSED_WON,1,CLOSED,2026-08-31,17,132600,16,CLOSED_PERIOD
TEN-COOLIT-SYN-001,SITE-COOLIT-SYN-01,CRM,FORECAST_SNAPSHOT,FCST-097-003,OPP-0003,RESOLVED,2026-08-07T18:00:00-06:00,2026-09-26T08:00:00-06:00,2026-06-29T00:00:00-06:00,,1,,false,ACTIVE,,USD,VALID,CURRENT,coolit-synthetic-v2.0.0,CUST-003,PRG-003,CFG-CDU-04,SYNTHETIC_INTERNAL,SNP-COOLIT-20260925-BL,SCN-BASELINE,FCST-097-003,2026-H97,OPP-0003,OPPL-0003,ACC-003,PRG-003,CFG-CDU-04,CLOSED_WON,1,CLOSED,2026-09-07,20,2160000,22,CLOSED_PERIOD
TEN-COOLIT-SYN-001,SITE-COOLIT-SYN-01,CRM,FORECAST_SNAPSHOT,FCST-097-004,OPP-0004,RESOLVED,2026-08-07T18:00:00-06:00,2026-09-26T08:00:00-06:00,2026-06-29T00:00:00-06:00,,1,,false,ACTIVE,,USD,VALID,CURRENT,coolit-synthetic-v2.0.0,CUST-004,PRG-004,CFG-RM-01,SYNTHETIC_INTERNAL,SNP-COOLIT-20260925-BL,SCN-BASELINE,FCST-097-004,2026-H97,OPP-0004,OPPL-0004,ACC-004,PRG-004,CFG-RM-01,CLOSED_WON,1,CLOSED,2026-09-14,26,145600,28,CLOSED_PERIOD
TEN-COOLIT-SYN-001,SITE-COOLIT-SYN-01,CRM,FORECAST_SNAPSHOT,FCST-097-005,OPP-0005,RESOLVED,2026-08-07T18:00:00-06:00,2026-09-26T08:00:00-06:00,2026-06-29T00:00:00-06:00,,1,,false,ACTIVE,,USD,VALID,CURRENT,coolit-synthetic-v2.0.0,CUST-005,PRG-005,CFG-CDU-02,SYNTHETIC_INTERNAL,SNP-COOLIT-20260925-BL,SCN-BASELINE,FCST-097-005,2026-H97,OPP-0005,OPPL-0005,ACC-005,PRG-005,CFG-CDU-02,CLOSED_WON,1,CLOSED,2026-09-21,33,2970000,34,CLOSED_PERIOD
TEN-COOLIT-SYN-001,SITE-COOLIT-SYN-01,CRM,FORECAST_SNAPSHOT,FCST-097-006,OPP-0006,RESOLVED,2026-08-07T18:00:00-06:00,2026-09-26T08:00:00-06:00,2026-06-29T00:00:00-06:00,,1,,false,ACTIVE,,USD,VALID,CURRENT,coolit-synthetic-v2.0.0,CUST-006,PRG-006,CFG-CPL-03,SYNTHETIC_INTERNAL,SNP-COOLIT-20260925-BL,SCN-BASELINE,FCST-097-006,2026-H97,OPP-0006,OPPL-0006,ACC-006,PRG-006,CFG-CPL-03,CLOSED_WON,1,CLOSED,2026-09-28,40,312000,40,CLOSED_PERIOD
TEN-COOLIT-SYN-001,SITE-COOLIT-SYN-01,CRM,FORECAST_SNAPSHOT,FCST-097-007,OPP-0007,RESOLVED,2026-08-07T18:00:00-06:00,2026-09-26T08:00:00-06:00,2026-06-29T00:00:00-06:00,,1,,false,ACTIVE,,USD,VALID,CURRENT,coolit-synthetic-v2.0.0,CUST-007,PRG-007,CFG-RM-04,SYNTHETIC_INTERNAL,SNP-COOLIT-20260925-BL,SCN-BASELINE,FCST-097-007,2026-H97,OPP-0007,OPPL-0007,ACC-007,PRG-007,CFG-RM-04,CLOSED_WON,1,CLOSED,2026-10-05,47,418300,46,CLOSED_PERIOD
TEN-COOLIT-SYN-001,SITE-COOLIT-SYN-01,CRM,FORECAST_SNAPSHOT,FCST-097-008,OPP-0008,RESOLVED,2026-08-07T18:00:00-06:00,2026-09-26T08:00:00-06:00,2026-06-29T00:00:00-06:00,,1,,false,ACTIVE,,USD,VALID,CURRENT,coolit-synthetic-v2.0.0,CUST-008,PRG-008,CFG-CPL-01,SYNTHETIC_INTERNAL,SNP-COOLIT-20260925-BL,SCN-BASELINE,FCST-097-008,2026-H97,OPP-0008,OPPL-0008,ACC-008,PRG-008,CFG-CPL-01,CLOSED_WON,1,CLOSED,2026-10-12,55,308000,52,CLOSED_PERIOD
TEN-COOLIT-SYN-001,SITE-COOLIT-SYN-01,CRM,FORECAST_SNAPSHOT,FCST-097-009,OPP-0009,RESOLVED,2026-08-07T18:00:00-06:00,2026-09-26T08:00:00-06:00,2026-06-29T00:00:00-06:00,,1,,false,ACTIVE,,USD,VALID,CURRENT,coolit-synthetic-v2.0.0,CUST-009,PRG-001,CFG-RM-02,SYNTHETIC_INTERNAL,SNP-COOLIT-20260925-BL,SCN-BASELINE,FCST-097-009,2026-H97,OPP-0009,OPPL-0009,ACC-009,PRG-001,CFG-RM-02,CLOSED_WON,1,CLOSED,2026-10-19,63,422100,58,CLOSED_PERIOD
TEN-COOLIT-SYN-001,SITE-COOLIT-SYN-01,CRM,FORECAST_SNAPSHOT,FCST-097-010,OPP-0010,RESOLVED,2026-08-07T18:00:00-06:00,2026-09-26T08:00:00-06:00,2026-06-29T00:00:00-06:00,,1,,false,ACTIVE,,USD,VALID,CURRENT,coolit-synthetic-v2.0.0,CUST-010,PRG-002,CFG-CDU-03,SYNTHETIC_INTERNAL,SNP-COOLIT-20260925-BL,SCN-BASELINE,FCST-097-010,2026-H97,OPP-0010,OPPL-0010,ACC-010,PRG-002,CFG-CDU-03,CLOSED_WON,1,CLOSED,2026-10-26,9,891000,10,CLOSED_PERIOD
TEN-COOLIT-SYN-001,SITE-COOLIT-SYN-01,CRM,FORECAST_SNAPSHOT,FCST-097-011,OPP-0011,RESOLVED,2026-08-07T18:00:00-06:00,2026-09-26T08:00:00-06:00,2026-06-29T00:00:00-06:00,,1,,false,ACTIVE,,USD,VALID,CURRENT,coolit-synthetic-v2.0.0,CUST-001,PRG-003,CFG-CPL-04,SYNTHETIC_INTERNAL,SNP-COOLIT-20260925-BL,SCN-BASELINE,FCST-097-011,2026-H97,OPP-0011,OPPL-0011,ACC-001,PRG-003,CFG-CPL-04,CLOSED_WON,1,CLOSED,2026-11-02,15,133500,16,CLOSED_PERIOD
TEN-COOLIT-SYN-001,SITE-COOLIT-SYN-01,CRM,FORECAST_SNAPSHOT,FCST-097-012,OPP-0012,RESOLVED,2026-08-07T18:00:00-06:00,2026-09-26T08:00:00-06:00,2026-06-29T00:00:00-06:00,,1,,false,ACTIVE,,USD,VALID,CURRENT,coolit-synthetic-v2.0.0,CUST-002,PRG-004,CFG-CDU-01,SYNTHETIC_INTERNAL,SNP-COOLIT-20260925-BL,SCN-BASELINE,FCST-097-012,2026-H97,OPP-0012,OPPL-0012,ACC-002,PRG-004,CFG-CDU-01,CLOSED_WON,1,CLOSED,2026-11-09,21,1701000,22,CLOSED_PERIOD
TEN-COOLIT-SYN-001,SITE-COOLIT-SYN-01,CRM,FORECAST_SNAPSHOT,FCST-097-013,OPP-0013,RESOLVED,2026-08-07T18:00:00-06:00,2026-09-26T08:00:00-06:00,2026-06-29T00:00:00-06:00,,1,,false,ACTIVE,,USD,VALID,CURRENT,coolit-synthetic-v2.0.0,CUST-003,PRG-005,CFG-CPL-02,SYNTHETIC_INTERNAL,SNP-COOLIT-20260925-BL,SCN-BASELINE,FCST-097-013,2026-H97,OPP-0013,OPPL-0013,ACC-003,PRG-005,CFG-CPL-02,CLOSED_WON,1,CLOSED,2026-08-24,28,187600,28,CLOSED_PERIOD
TEN-COOLIT-SYN-001,SITE-COOLIT-SYN-01,CRM,FORECAST_SNAPSHOT,FCST-097-014,OPP-0014,RESOLVED,2026-08-07T18:00:00-06:00,2026-09-26T08:00:00-06:00,2026-06-29T00:00:00-06:00,,1,,false,ACTIVE,,USD,VALID,CURRENT,coolit-synthetic-v2.0.0,CUST-004,PRG-006,CFG-RM-03,SYNTHETIC_INTERNAL,SNP-COOLIT-20260925-BL,SCN-BASELINE,FCST-097-014,2026-H97,OPP-0014,OPPL-0014,ACC-004,PRG-006,CFG-RM-03,CLOSED_WON,1,CLOSED,2026-08-31,35,273000,34,CLOSED_PERIOD
TEN-COOLIT-SYN-001,SITE-COOLIT-SYN-01,CRM,FORECAST_SNAPSHOT,FCST-097-015,OPP-0015,RESOLVED,2026-08-07T18:00:00-06:00,2026-09-26T08:00:00-06:00,2026-06-29T00:00:00-06:00,,1,,false,ACTIVE,,USD,VALID,CURRENT,coolit-synthetic-v2.0.0,CUST-005,PRG-007,CFG-CDU-04,SYNTHETIC_INTERNAL,SNP-COOLIT-20260925-BL,SCN-BASELINE,FCST-097-015,2026-H97,OPP-0015,OPPL-0015,ACC-005,PRG-007,CFG-CDU-04,CLOSED_WON,1,CLOSED,2026-09-07,42,4536000,40,CLOSED_PERIOD
TEN-COOLIT-SYN-001,SITE-COOLIT-SYN-01,CRM,FORECAST_SNAPSHOT,FCST-098-001,OPP-0001,RESOLVED,2026-08-14T18:00:00-06:00,2026-09-26T08:00:00-06:00,2026-06-29T00:00:00-06:00,,1,,false,ACTIVE,,USD,VALID,CURRENT,coolit-synthetic-v2.0.0,CUST-001,PRG-001,CFG-CPL-02,SYNTHETIC_INTERNAL,SNP-COOLIT-20260925-BL,SCN-BASELINE,FCST-098-001,2026-H98,OPP-0001,OPPL-0001,ACC-001,PRG-001,CFG-CPL-02,CLOSED_WON,1,CLOSED,2026-08-28,11,73700,10,CLOSED_PERIOD
TEN-COOLIT-SYN-001,SITE-COOLIT-SYN-01,CRM,FORECAST_SNAPSHOT,FCST-098-002,OPP-0002,RESOLVED,2026-08-14T18:00:00-06:00,2026-09-26T08:00:00-06:00,2026-06-29T00:00:00-06:00,,1,,false,ACTIVE,,USD,VALID,CURRENT,coolit-synthetic-v2.0.0,CUST-002,PRG-002,CFG-RM-03,SYNTHETIC_INTERNAL,SNP-COOLIT-20260925-BL,SCN-BASELINE,FCST-098-002,2026-H98,OPP-0002,OPPL-0002,ACC-002,PRG-002,CFG-RM-03,CLOSED_WON,1,CLOSED,2026-09-04,14,109200,16,CLOSED_PERIOD
TEN-COOLIT-SYN-001,SITE-COOLIT-SYN-01,CRM,FORECAST_SNAPSHOT,FCST-098-003,OPP-0003,RESOLVED,2026-08-14T18:00:00-06:00,2026-09-26T08:00:00-06:00,2026-06-29T00:00:00-06:00,,1,,false,ACTIVE,,USD,VALID,CURRENT,coolit-synthetic-v2.0.0,CUST-003,PRG-003,CFG-CDU-04,SYNTHETIC_INTERNAL,SNP-COOLIT-20260925-BL,SCN-BASELINE,FCST-098-003,2026-H98,OPP-0003,OPPL-0003,ACC-003,PRG-003,CFG-CDU-04,CLOSED_WON,1,CLOSED,2026-09-11,20,2160000,22,CLOSED_PERIOD
TEN-COOLIT-SYN-001,SITE-COOLIT-SYN-01,CRM,FORECAST_SNAPSHOT,FCST-098-004,OPP-0004,RESOLVED,2026-08-14T18:00:00-06:00,2026-09-26T08:00:00-06:00,2026-06-29T00:00:00-06:00,,1,,false,ACTIVE,,USD,VALID,CURRENT,coolit-synthetic-v2.0.0,CUST-004,PRG-004,CFG-RM-01,SYNTHETIC_INTERNAL,SNP-COOLIT-20260925-BL,SCN-BASELINE,FCST-098-004,2026-H98,OPP-0004,OPPL-0004,ACC-004,PRG-004,CFG-RM-01,CLOSED_WON,1,CLOSED,2026-09-18,27,151200,28,CLOSED_PERIOD
TEN-COOLIT-SYN-001,SITE-COOLIT-SYN-01,CRM,FORECAST_SNAPSHOT,FCST-098-005,OPP-0005,RESOLVED,2026-08-14T18:00:00-06:00,2026-09-26T08:00:00-06:00,2026-06-29T00:00:00-06:00,,1,,false,ACTIVE,,USD,VALID,CURRENT,coolit-synthetic-v2.0.0,CUST-005,PRG-005,CFG-CDU-02,SYNTHETIC_INTERNAL,SNP-COOLIT-20260925-BL,SCN-BASELINE,FCST-098-005,2026-H98,OPP-0005,OPPL-0005,ACC-005,PRG-005,CFG-CDU-02,CLOSED_WON,1,CLOSED,2026-09-25,34,3060000,34,CLOSED_PERIOD
TEN-COOLIT-SYN-001,SITE-COOLIT-SYN-01,CRM,FORECAST_SNAPSHOT,FCST-098-006,OPP-0006,RESOLVED,2026-08-14T18:00:00-06:00,2026-09-26T08:00:00-06:00,2026-06-29T00:00:00-06:00,,1,,false,ACTIVE,,USD,VALID,CURRENT,coolit-synthetic-v2.0.0,CUST-006,PRG-006,CFG-CPL-03,SYNTHETIC_INTERNAL,SNP-COOLIT-20260925-BL,SCN-BASELINE,FCST-098-006,2026-H98,OPP-0006,OPPL-0006,ACC-006,PRG-006,CFG-CPL-03,CLOSED_WON,1,CLOSED,2026-10-02,41,319800,40,CLOSED_PERIOD
TEN-COOLIT-SYN-001,SITE-COOLIT-SYN-01,CRM,FORECAST_SNAPSHOT,FCST-098-007,OPP-0007,RESOLVED,2026-08-14T18:00:00-06:00,2026-09-26T08:00:00-06:00,2026-06-29T00:00:00-06:00,,1,,false,ACTIVE,,USD,VALID,CURRENT,coolit-synthetic-v2.0.0,CUST-007,PRG-007,CFG-RM-04,SYNTHETIC_INTERNAL,SNP-COOLIT-20260925-BL,SCN-BASELINE,FCST-098-007,2026-H98,OPP-0007,OPPL-0007,ACC-007,PRG-007,CFG-RM-04,CLOSED_WON,1,CLOSED,2026-10-09,48,427200,46,CLOSED_PERIOD
TEN-COOLIT-SYN-001,SITE-COOLIT-SYN-01,CRM,FORECAST_SNAPSHOT,FCST-098-008,OPP-0008,RESOLVED,2026-08-14T18:00:00-06:00,2026-09-26T08:00:00-06:00,2026-06-29T00:00:00-06:00,,1,,false,ACTIVE,,USD,VALID,CURRENT,coolit-synthetic-v2.0.0,CUST-008,PRG-008,CFG-CPL-01,SYNTHETIC_INTERNAL,SNP-COOLIT-20260925-BL,SCN-BASELINE,FCST-098-008,2026-H98,OPP-0008,OPPL-0008,ACC-008,PRG-008,CFG-CPL-01,CLOSED_WON,1,CLOSED,2026-10-16,56,313600,52,CLOSED_PERIOD
TEN-COOLIT-SYN-001,SITE-COOLIT-SYN-01,CRM,FORECAST_SNAPSHOT,FCST-098-009,OPP-0009,RESOLVED,2026-08-14T18:00:00-06:00,2026-09-26T08:00:00-06:00,2026-06-29T00:00:00-06:00,,1,,false,ACTIVE,,USD,VALID,CURRENT,coolit-synthetic-v2.0.0,CUST-009,PRG-001,CFG-RM-02,SYNTHETIC_INTERNAL,SNP-COOLIT-20260925-BL,SCN-BASELINE,FCST-098-009,2026-H98,OPP-0009,OPPL-0009,ACC-009,PRG-001,CFG-RM-02,CLOSED_WON,1,CLOSED,2026-10-23,52,348400,58,CLOSED_PERIOD
TEN-COOLIT-SYN-001,SITE-COOLIT-SYN-01,CRM,FORECAST_SNAPSHOT,FCST-098-010,OPP-0010,RESOLVED,2026-08-14T18:00:00-06:00,2026-09-26T08:00:00-06:00,2026-06-29T00:00:00-06:00,,1,,false,ACTIVE,,USD,VALID,CURRENT,coolit-synthetic-v2.0.0,CUST-010,PRG-002,CFG-CDU-03,SYNTHETIC_INTERNAL,SNP-COOLIT-20260925-BL,SCN-BASELINE,FCST-098-010,2026-H98,OPP-0010,OPPL-0010,ACC-010,PRG-002,CFG-CDU-03,CLOSED_WON,1,CLOSED,2026-10-30,9,891000,10,CLOSED_PERIOD
TEN-COOLIT-SYN-001,SITE-COOLIT-SYN-01,CRM,FORECAST_SNAPSHOT,FCST-098-011,OPP-0011,RESOLVED,2026-08-14T18:00:00-06:00,2026-09-26T08:00:00-06:00,2026-06-29T00:00:00-06:00,,1,,false,ACTIVE,,USD,VALID,CURRENT,coolit-synthetic-v2.0.0,CUST-001,PRG-003,CFG-CPL-04,SYNTHETIC_INTERNAL,SNP-COOLIT-20260925-BL,SCN-BASELINE,FCST-098-011,2026-H98,OPP-0011,OPPL-0011,ACC-001,PRG-003,CFG-CPL-04,CLOSED_WON,1,CLOSED,2026-11-06,15,133500,16,CLOSED_PERIOD
TEN-COOLIT-SYN-001,SITE-COOLIT-SYN-01,CRM,FORECAST_SNAPSHOT,FCST-098-012,OPP-0012,RESOLVED,2026-08-14T18:00:00-06:00,2026-09-26T08:00:00-06:00,2026-06-29T00:00:00-06:00,,1,,false,ACTIVE,,USD,VALID,CURRENT,coolit-synthetic-v2.0.0,CUST-002,PRG-004,CFG-CDU-01,SYNTHETIC_INTERNAL,SNP-COOLIT-20260925-BL,SCN-BASELINE,FCST-098-012,2026-H98,OPP-0012,OPPL-0012,ACC-002,PRG-004,CFG-CDU-01,CLOSED_WON,1,CLOSED,2026-11-13,22,1782000,22,CLOSED_PERIOD
TEN-COOLIT-SYN-001,SITE-COOLIT-SYN-01,CRM,FORECAST_SNAPSHOT,FCST-098-013,OPP-0013,RESOLVED,2026-08-14T18:00:00-06:00,2026-09-26T08:00:00-06:00,2026-06-29T00:00:00-06:00,,1,,false,ACTIVE,,USD,VALID,CURRENT,coolit-synthetic-v2.0.0,CUST-003,PRG-005,CFG-CPL-02,SYNTHETIC_INTERNAL,SNP-COOLIT-20260925-BL,SCN-BASELINE,FCST-098-013,2026-H98,OPP-0013,OPPL-0013,ACC-003,PRG-005,CFG-CPL-02,CLOSED_WON,1,CLOSED,2026-08-28,29,194300,28,CLOSED_PERIOD
TEN-COOLIT-SYN-001,SITE-COOLIT-SYN-01,CRM,FORECAST_SNAPSHOT,FCST-098-014,OPP-0014,RESOLVED,2026-08-14T18:00:00-06:00,2026-09-26T08:00:00-06:00,2026-06-29T00:00:00-06:00,,1,,false,ACTIVE,,USD,VALID,CURRENT,coolit-synthetic-v2.0.0,CUST-004,PRG-006,CFG-RM-03,SYNTHETIC_INTERNAL,SNP-COOLIT-20260925-BL,SCN-BASELINE,FCST-098-014,2026-H98,OPP-0014,OPPL-0014,ACC-004,PRG-006,CFG-RM-03,CLOSED_WON,1,CLOSED,2026-09-04,36,280800,34,CLOSED_PERIOD
TEN-COOLIT-SYN-001,SITE-COOLIT-SYN-01,CRM,FORECAST_SNAPSHOT,FCST-098-015,OPP-0015,RESOLVED,2026-08-14T18:00:00-06:00,2026-09-26T08:00:00-06:00,2026-06-29T00:00:00-06:00,,1,,false,ACTIVE,,USD,VALID,CURRENT,coolit-synthetic-v2.0.0,CUST-005,PRG-007,CFG-CDU-04,SYNTHETIC_INTERNAL,SNP-COOLIT-20260925-BL,SCN-BASELINE,FCST-098-015,2026-H98,OPP-0015,OPPL-0015,ACC-005,PRG-007,CFG-CDU-04,CLOSED_WON,1,CLOSED,2026-09-11,43,4644000,40,CLOSED_PERIOD
TEN-COOLIT-SYN-001,SITE-COOLIT-SYN-01,CRM,FORECAST_SNAPSHOT,FCST-099-001,OPP-0001,RESOLVED,2026-08-21T18:00:00-06:00,2026-09-26T08:00:00-06:00,2026-06-29T00:00:00-06:00,,1,,false,ACTIVE,,USD,VALID,CURRENT,coolit-synthetic-v2.0.0,CUST-001,PRG-001,CFG-CPL-02,SYNTHETIC_INTERNAL,SNP-COOLIT-20260925-BL,SCN-BASELINE,FCST-099-001,2026-H99,OPP-0001,OPPL-0001,ACC-001,PRG-001,CFG-CPL-02,CLOSED_WON,1,CLOSED,2026-09-01,9,60300,10,CLOSED_PERIOD
TEN-COOLIT-SYN-001,SITE-COOLIT-SYN-01,CRM,FORECAST_SNAPSHOT,FCST-099-002,OPP-0002,RESOLVED,2026-08-21T18:00:00-06:00,2026-09-26T08:00:00-06:00,2026-06-29T00:00:00-06:00,,1,,false,ACTIVE,,USD,VALID,CURRENT,coolit-synthetic-v2.0.0,CUST-002,PRG-002,CFG-RM-03,SYNTHETIC_INTERNAL,SNP-COOLIT-20260925-BL,SCN-BASELINE,FCST-099-002,2026-H99,OPP-0002,OPPL-0002,ACC-002,PRG-002,CFG-RM-03,CLOSED_WON,1,CLOSED,2026-09-08,15,117000,16,CLOSED_PERIOD
TEN-COOLIT-SYN-001,SITE-COOLIT-SYN-01,CRM,FORECAST_SNAPSHOT,FCST-099-003,OPP-0003,RESOLVED,2026-08-21T18:00:00-06:00,2026-09-26T08:00:00-06:00,2026-06-29T00:00:00-06:00,,1,,false,ACTIVE,,USD,VALID,CURRENT,coolit-synthetic-v2.0.0,CUST-003,PRG-003,CFG-CDU-04,SYNTHETIC_INTERNAL,SNP-COOLIT-20260925-BL,SCN-BASELINE,FCST-099-003,2026-H99,OPP-0003,OPPL-0003,ACC-003,PRG-003,CFG-CDU-04,CLOSED_WON,1,CLOSED,2026-09-15,21,2268000,22,CLOSED_PERIOD
TEN-COOLIT-SYN-001,SITE-COOLIT-SYN-01,CRM,FORECAST_SNAPSHOT,FCST-099-004,OPP-0004,RESOLVED,2026-08-21T18:00:00-06:00,2026-09-26T08:00:00-06:00,2026-06-29T00:00:00-06:00,,1,,false,ACTIVE,,USD,VALID,CURRENT,coolit-synthetic-v2.0.0,CUST-004,PRG-004,CFG-RM-01,SYNTHETIC_INTERNAL,SNP-COOLIT-20260925-BL,SCN-BASELINE,FCST-099-004,2026-H99,OPP-0004,OPPL-0004,ACC-004,PRG-004,CFG-RM-01,CLOSED_WON,1,CLOSED,2026-09-22,28,156800,28,CLOSED_PERIOD
TEN-COOLIT-SYN-001,SITE-COOLIT-SYN-01,CRM,FORECAST_SNAPSHOT,FCST-099-005,OPP-0005,RESOLVED,2026-08-21T18:00:00-06:00,2026-09-26T08:00:00-06:00,2026-06-29T00:00:00-06:00,,1,,false,ACTIVE,,USD,VALID,CURRENT,coolit-synthetic-v2.0.0,CUST-005,PRG-005,CFG-CDU-02,SYNTHETIC_INTERNAL,SNP-COOLIT-20260925-BL,SCN-BASELINE,FCST-099-005,2026-H99,OPP-0005,OPPL-0005,ACC-005,PRG-005,CFG-CDU-02,CLOSED_WON,1,CLOSED,2026-09-29,35,3150000,34,CLOSED_PERIOD
TEN-COOLIT-SYN-001,SITE-COOLIT-SYN-01,CRM,FORECAST_SNAPSHOT,FCST-099-006,OPP-0006,RESOLVED,2026-08-21T18:00:00-06:00,2026-09-26T08:00:00-06:00,2026-06-29T00:00:00-06:00,,1,,false,ACTIVE,,USD,VALID,CURRENT,coolit-synthetic-v2.0.0,CUST-006,PRG-006,CFG-CPL-03,SYNTHETIC_INTERNAL,SNP-COOLIT-20260925-BL,SCN-BASELINE,FCST-099-006,2026-H99,OPP-0006,OPPL-0006,ACC-006,PRG-006,CFG-CPL-03,CLOSED_WON,1,CLOSED,2026-10-06,42,327600,40,CLOSED_PERIOD
TEN-COOLIT-SYN-001,SITE-COOLIT-SYN-01,CRM,FORECAST_SNAPSHOT,FCST-099-007,OPP-0007,RESOLVED,2026-08-21T18:00:00-06:00,2026-09-26T08:00:00-06:00,2026-06-29T00:00:00-06:00,,1,,false,ACTIVE,,USD,VALID,CURRENT,coolit-synthetic-v2.0.0,CUST-007,PRG-007,CFG-RM-04,SYNTHETIC_INTERNAL,SNP-COOLIT-20260925-BL,SCN-BASELINE,FCST-099-007,2026-H99,OPP-0007,OPPL-0007,ACC-007,PRG-007,CFG-RM-04,CLOSED_WON,1,CLOSED,2026-10-13,50,445000,46,CLOSED_PERIOD
TEN-COOLIT-SYN-001,SITE-COOLIT-SYN-01,CRM,FORECAST_SNAPSHOT,FCST-099-008,OPP-0008,RESOLVED,2026-08-21T18:00:00-06:00,2026-09-26T08:00:00-06:00,2026-06-29T00:00:00-06:00,,1,,false,ACTIVE,,USD,VALID,CURRENT,coolit-synthetic-v2.0.0,CUST-008,PRG-008,CFG-CPL-01,SYNTHETIC_INTERNAL,SNP-COOLIT-20260925-BL,SCN-BASELINE,FCST-099-008,2026-H99,OPP-0008,OPPL-0008,ACC-008,PRG-008,CFG-CPL-01,CLOSED_WON,1,CLOSED,2026-10-20,47,263200,52,CLOSED_PERIOD
TEN-COOLIT-SYN-001,SITE-COOLIT-SYN-01,CRM,FORECAST_SNAPSHOT,FCST-099-009,OPP-0009,RESOLVED,2026-08-21T18:00:00-06:00,2026-09-26T08:00:00-06:00,2026-06-29T00:00:00-06:00,,1,,false,ACTIVE,,USD,VALID,CURRENT,coolit-synthetic-v2.0.0,CUST-009,PRG-001,CFG-RM-02,SYNTHETIC_INTERNAL,SNP-COOLIT-20260925-BL,SCN-BASELINE,FCST-099-009,2026-H99,OPP-0009,OPPL-0009,ACC-009,PRG-001,CFG-RM-02,CLOSED_WON,1,CLOSED,2026-10-27,54,361800,58,CLOSED_PERIOD
TEN-COOLIT-SYN-001,SITE-COOLIT-SYN-01,CRM,FORECAST_SNAPSHOT,FCST-099-010,OPP-0010,RESOLVED,2026-08-21T18:00:00-06:00,2026-09-26T08:00:00-06:00,2026-06-29T00:00:00-06:00,,1,,false,ACTIVE,,USD,VALID,CURRENT,coolit-synthetic-v2.0.0,CUST-010,PRG-002,CFG-CDU-03,SYNTHETIC_INTERNAL,SNP-COOLIT-20260925-BL,SCN-BASELINE,FCST-099-010,2026-H99,OPP-0010,OPPL-0010,ACC-010,PRG-002,CFG-CDU-03,CLOSED_WON,1,CLOSED,2026-11-03,10,990000,10,CLOSED_PERIOD
TEN-COOLIT-SYN-001,SITE-COOLIT-SYN-01,CRM,FORECAST_SNAPSHOT,FCST-099-011,OPP-0011,RESOLVED,2026-08-21T18:00:00-06:00,2026-09-26T08:00:00-06:00,2026-06-29T00:00:00-06:00,,1,,false,ACTIVE,,USD,VALID,CURRENT,coolit-synthetic-v2.0.0,CUST-001,PRG-003,CFG-CPL-04,SYNTHETIC_INTERNAL,SNP-COOLIT-20260925-BL,SCN-BASELINE,FCST-099-011,2026-H99,OPP-0011,OPPL-0011,ACC-001,PRG-003,CFG-CPL-04,CLOSED_WON,1,CLOSED,2026-11-10,16,142400,16,CLOSED_PERIOD
TEN-COOLIT-SYN-001,SITE-COOLIT-SYN-01,CRM,FORECAST_SNAPSHOT,FCST-099-012,OPP-0012,RESOLVED,2026-08-21T18:00:00-06:00,2026-09-26T08:00:00-06:00,2026-06-29T00:00:00-06:00,,1,,false,ACTIVE,,USD,VALID,CURRENT,coolit-synthetic-v2.0.0,CUST-002,PRG-004,CFG-CDU-01,SYNTHETIC_INTERNAL,SNP-COOLIT-20260925-BL,SCN-BASELINE,FCST-099-012,2026-H99,OPP-0012,OPPL-0012,ACC-002,PRG-004,CFG-CDU-01,CLOSED_WON,1,CLOSED,2026-11-17,22,1782000,22,CLOSED_PERIOD
TEN-COOLIT-SYN-001,SITE-COOLIT-SYN-01,CRM,FORECAST_SNAPSHOT,FCST-099-013,OPP-0013,RESOLVED,2026-08-21T18:00:00-06:00,2026-09-26T08:00:00-06:00,2026-06-29T00:00:00-06:00,,1,,false,ACTIVE,,USD,VALID,CURRENT,coolit-synthetic-v2.0.0,CUST-003,PRG-005,CFG-CPL-02,SYNTHETIC_INTERNAL,SNP-COOLIT-20260925-BL,SCN-BASELINE,FCST-099-013,2026-H99,OPP-0013,OPPL-0013,ACC-003,PRG-005,CFG-CPL-02,CLOSED_WON,1,CLOSED,2026-09-01,29,194300,28,CLOSED_PERIOD
TEN-COOLIT-SYN-001,SITE-COOLIT-SYN-01,CRM,FORECAST_SNAPSHOT,FCST-099-014,OPP-0014,RESOLVED,2026-08-21T18:00:00-06:00,2026-09-26T08:00:00-06:00,2026-06-29T00:00:00-06:00,,1,,false,ACTIVE,,USD,VALID,CURRENT,coolit-synthetic-v2.0.0,CUST-004,PRG-006,CFG-RM-03,SYNTHETIC_INTERNAL,SNP-COOLIT-20260925-BL,SCN-BASELINE,FCST-099-014,2026-H99,OPP-0014,OPPL-0014,ACC-004,PRG-006,CFG-RM-03,CLOSED_WON,1,CLOSED,2026-09-08,37,288600,34,CLOSED_PERIOD
TEN-COOLIT-SYN-001,SITE-COOLIT-SYN-01,CRM,FORECAST_SNAPSHOT,FCST-099-015,OPP-0015,RESOLVED,2026-08-21T18:00:00-06:00,2026-09-26T08:00:00-06:00,2026-06-29T00:00:00-06:00,,1,,false,ACTIVE,,USD,VALID,CURRENT,coolit-synthetic-v2.0.0,CUST-005,PRG-007,CFG-CDU-04,SYNTHETIC_INTERNAL,SNP-COOLIT-20260925-BL,SCN-BASELINE,FCST-099-015,2026-H99,OPP-0015,OPPL-0015,ACC-005,PRG-007,CFG-CDU-04,CLOSED_WON,1,CLOSED,2026-09-15,36,3888000,40,CLOSED_PERIOD
TEN-COOLIT-SYN-001,SITE-COOLIT-SYN-01,CRM,FORECAST_SNAPSHOT,FCST-100-001,OPP-0001,RESOLVED,2026-08-28T18:00:00-06:00,2026-09-26T08:00:00-06:00,2026-06-29T00:00:00-06:00,,1,,false,ACTIVE,,USD,VALID,CURRENT,coolit-synthetic-v2.0.0,CUST-001,PRG-001,CFG-CPL-02,SYNTHETIC_INTERNAL,SNP-COOLIT-20260925-BL,SCN-BASELINE,FCST-100-001,2026-H100,OPP-0001,OPPL-0001,ACC-001,PRG-001,CFG-CPL-02,CLOSED_WON,1,CLOSED,2026-10-02,9,60300,10,CLOSED_PERIOD
TEN-COOLIT-SYN-001,SITE-COOLIT-SYN-01,CRM,FORECAST_SNAPSHOT,FCST-100-002,OPP-0002,RESOLVED,2026-08-28T18:00:00-06:00,2026-09-26T08:00:00-06:00,2026-06-29T00:00:00-06:00,,1,,false,ACTIVE,,USD,VALID,CURRENT,coolit-synthetic-v2.0.0,CUST-002,PRG-002,CFG-RM-03,SYNTHETIC_INTERNAL,SNP-COOLIT-20260925-BL,SCN-BASELINE,FCST-100-002,2026-H100,OPP-0002,OPPL-0002,ACC-002,PRG-002,CFG-RM-03,CLOSED_WON,1,CLOSED,2026-10-09,15,117000,16,CLOSED_PERIOD
TEN-COOLIT-SYN-001,SITE-COOLIT-SYN-01,CRM,FORECAST_SNAPSHOT,FCST-100-003,OPP-0003,RESOLVED,2026-08-28T18:00:00-06:00,2026-09-26T08:00:00-06:00,2026-06-29T00:00:00-06:00,,1,,false,ACTIVE,,USD,VALID,CURRENT,coolit-synthetic-v2.0.0,CUST-003,PRG-003,CFG-CDU-04,SYNTHETIC_INTERNAL,SNP-COOLIT-20260925-BL,SCN-BASELINE,FCST-100-003,2026-H100,OPP-0003,OPPL-0003,ACC-003,PRG-003,CFG-CDU-04,CLOSED_WON,1,CLOSED,2026-10-16,22,2376000,22,CLOSED_PERIOD
TEN-COOLIT-SYN-001,SITE-COOLIT-SYN-01,CRM,FORECAST_SNAPSHOT,FCST-100-004,OPP-0004,RESOLVED,2026-08-28T18:00:00-06:00,2026-09-26T08:00:00-06:00,2026-06-29T00:00:00-06:00,,1,,false,ACTIVE,,USD,VALID,CURRENT,coolit-synthetic-v2.0.0,CUST-004,PRG-004,CFG-RM-01,SYNTHETIC_INTERNAL,SNP-COOLIT-20260925-BL,SCN-BASELINE,FCST-100-004,2026-H100,OPP-0004,OPPL-0004,ACC-004,PRG-004,CFG-RM-01,CLOSED_WON,1,CLOSED,2026-10-23,29,162400,28,CLOSED_PERIOD
TEN-COOLIT-SYN-001,SITE-COOLIT-SYN-01,CRM,FORECAST_SNAPSHOT,FCST-100-005,OPP-0005,RESOLVED,2026-08-28T18:00:00-06:00,2026-09-26T08:00:00-06:00,2026-06-29T00:00:00-06:00,,1,,false,ACTIVE,,USD,VALID,CURRENT,coolit-synthetic-v2.0.0,CUST-005,PRG-005,CFG-CDU-02,SYNTHETIC_INTERNAL,SNP-COOLIT-20260925-BL,SCN-BASELINE,FCST-100-005,2026-H100,OPP-0005,OPPL-0005,ACC-005,PRG-005,CFG-CDU-02,CLOSED_WON,1,CLOSED,2026-10-30,36,3240000,34,CLOSED_PERIOD
TEN-COOLIT-SYN-001,SITE-COOLIT-SYN-01,CRM,FORECAST_SNAPSHOT,FCST-100-006,OPP-0006,RESOLVED,2026-08-28T18:00:00-06:00,2026-09-26T08:00:00-06:00,2026-06-29T00:00:00-06:00,,1,,false,ACTIVE,,USD,VALID,CURRENT,coolit-synthetic-v2.0.0,CUST-006,PRG-006,CFG-CPL-03,SYNTHETIC_INTERNAL,SNP-COOLIT-20260925-BL,SCN-BASELINE,FCST-100-006,2026-H100,OPP-0006,OPPL-0006,ACC-006,PRG-006,CFG-CPL-03,CLOSED_WON,1,CLOSED,2026-11-06,43,335400,40,CLOSED_PERIOD
TEN-COOLIT-SYN-001,SITE-COOLIT-SYN-01,CRM,FORECAST_SNAPSHOT,FCST-100-007,OPP-0007,RESOLVED,2026-08-28T18:00:00-06:00,2026-09-26T08:00:00-06:00,2026-06-29T00:00:00-06:00,,1,,false,ACTIVE,,USD,VALID,CURRENT,coolit-synthetic-v2.0.0,CUST-007,PRG-007,CFG-RM-04,SYNTHETIC_INTERNAL,SNP-COOLIT-20260925-BL,SCN-BASELINE,FCST-100-007,2026-H100,OPP-0007,OPPL-0007,ACC-007,PRG-007,CFG-RM-04,CLOSED_WON,1,CLOSED,2026-11-13,41,364900,46,CLOSED_PERIOD
TEN-COOLIT-SYN-001,SITE-COOLIT-SYN-01,CRM,FORECAST_SNAPSHOT,FCST-100-008,OPP-0008,RESOLVED,2026-08-28T18:00:00-06:00,2026-09-26T08:00:00-06:00,2026-06-29T00:00:00-06:00,,1,,false,ACTIVE,,USD,VALID,CURRENT,coolit-synthetic-v2.0.0,CUST-008,PRG-008,CFG-CPL-01,SYNTHETIC_INTERNAL,SNP-COOLIT-20260925-BL,SCN-BASELINE,FCST-100-008,2026-H100,OPP-0008,OPPL-0008,ACC-008,PRG-008,CFG-CPL-01,CLOSED_WON,1,CLOSED,2026-11-20,48,268800,52,CLOSED_PERIOD
TEN-COOLIT-SYN-001,SITE-COOLIT-SYN-01,CRM,FORECAST_SNAPSHOT,FCST-100-009,OPP-0009,RESOLVED,2026-08-28T18:00:00-06:00,2026-09-26T08:00:00-06:00,2026-06-29T00:00:00-06:00,,1,,false,ACTIVE,,USD,VALID,CURRENT,coolit-synthetic-v2.0.0,CUST-009,PRG-001,CFG-RM-02,SYNTHETIC_INTERNAL,SNP-COOLIT-20260925-BL,SCN-BASELINE,FCST-100-009,2026-H100,OPP-0009,OPPL-0009,ACC-009,PRG-001,CFG-RM-02,CLOSED_WON,1,CLOSED,2026-11-27,56,375200,58,CLOSED_PERIOD
TEN-COOLIT-SYN-001,SITE-COOLIT-SYN-01,CRM,FORECAST_SNAPSHOT,FCST-100-010,OPP-0010,RESOLVED,2026-08-28T18:00:00-06:00,2026-09-26T08:00:00-06:00,2026-06-29T00:00:00-06:00,,1,,false,ACTIVE,,USD,VALID,CURRENT,coolit-synthetic-v2.0.0,CUST-010,PRG-002,CFG-CDU-03,SYNTHETIC_INTERNAL,SNP-COOLIT-20260925-BL,SCN-BASELINE,FCST-100-010,2026-H100,OPP-0010,OPPL-0010,ACC-010,PRG-002,CFG-CDU-03,CLOSED_WON,1,CLOSED,2026-12-04,10,990000,10,CLOSED_PERIOD
TEN-COOLIT-SYN-001,SITE-COOLIT-SYN-01,CRM,FORECAST_SNAPSHOT,FCST-100-011,OPP-0011,RESOLVED,2026-08-28T18:00:00-06:00,2026-09-26T08:00:00-06:00,2026-06-29T00:00:00-06:00,,1,,false,ACTIVE,,USD,VALID,CURRENT,coolit-synthetic-v2.0.0,CUST-001,PRG-003,CFG-CPL-04,SYNTHETIC_INTERNAL,SNP-COOLIT-20260925-BL,SCN-BASELINE,FCST-100-011,2026-H100,OPP-0011,OPPL-0011,ACC-001,PRG-003,CFG-CPL-04,CLOSED_WON,1,CLOSED,2026-12-11,16,142400,16,CLOSED_PERIOD
TEN-COOLIT-SYN-001,SITE-COOLIT-SYN-01,CRM,FORECAST_SNAPSHOT,FCST-100-012,OPP-0012,RESOLVED,2026-08-28T18:00:00-06:00,2026-09-26T08:00:00-06:00,2026-06-29T00:00:00-06:00,,1,,false,ACTIVE,,USD,VALID,CURRENT,coolit-synthetic-v2.0.0,CUST-002,PRG-004,CFG-CDU-01,SYNTHETIC_INTERNAL,SNP-COOLIT-20260925-BL,SCN-BASELINE,FCST-100-012,2026-H100,OPP-0012,OPPL-0012,ACC-002,PRG-004,CFG-CDU-01,CLOSED_WON,1,CLOSED,2026-12-18,23,1863000,22,CLOSED_PERIOD
TEN-COOLIT-SYN-001,SITE-COOLIT-SYN-01,CRM,FORECAST_SNAPSHOT,FCST-100-013,OPP-0013,RESOLVED,2026-08-28T18:00:00-06:00,2026-09-26T08:00:00-06:00,2026-06-29T00:00:00-06:00,,1,,false,ACTIVE,,USD,VALID,CURRENT,coolit-synthetic-v2.0.0,CUST-003,PRG-005,CFG-CPL-02,SYNTHETIC_INTERNAL,SNP-COOLIT-20260925-BL,SCN-BASELINE,FCST-100-013,2026-H100,OPP-0013,OPPL-0013,ACC-003,PRG-005,CFG-CPL-02,CLOSED_WON,1,CLOSED,2026-10-02,30,201000,28,CLOSED_PERIOD
TEN-COOLIT-SYN-001,SITE-COOLIT-SYN-01,CRM,FORECAST_SNAPSHOT,FCST-100-014,OPP-0014,RESOLVED,2026-08-28T18:00:00-06:00,2026-09-26T08:00:00-06:00,2026-06-29T00:00:00-06:00,,1,,false,ACTIVE,,USD,VALID,CURRENT,coolit-synthetic-v2.0.0,CUST-004,PRG-006,CFG-RM-03,SYNTHETIC_INTERNAL,SNP-COOLIT-20260925-BL,SCN-BASELINE,FCST-100-014,2026-H100,OPP-0014,OPPL-0014,ACC-004,PRG-006,CFG-RM-03,CLOSED_WON,1,CLOSED,2026-10-09,31,241800,34,CLOSED_PERIOD
TEN-COOLIT-SYN-001,SITE-COOLIT-SYN-01,CRM,FORECAST_SNAPSHOT,FCST-100-015,OPP-0015,RESOLVED,2026-08-28T18:00:00-06:00,2026-09-26T08:00:00-06:00,2026-06-29T00:00:00-06:00,,1,,false,ACTIVE,,USD,VALID,CURRENT,coolit-synthetic-v2.0.0,CUST-005,PRG-007,CFG-CDU-04,SYNTHETIC_INTERNAL,SNP-COOLIT-20260925-BL,SCN-BASELINE,FCST-100-015,2026-H100,OPP-0015,OPPL-0015,ACC-005,PRG-007,CFG-CDU-04,CLOSED_WON,1,CLOSED,2026-10-16,37,3996000,40,CLOSED_PERIOD
TEN-COOLIT-SYN-001,SITE-COOLIT-SYN-01,CRM,FORECAST_SNAPSHOT,FCST-101-001,OPP-0001,RESOLVED,2026-09-04T18:00:00-06:00,2026-09-26T08:00:00-06:00,2026-06-29T00:00:00-06:00,,1,,false,ACTIVE,,USD,VALID,CURRENT,coolit-synthetic-v2.0.0,CUST-001,PRG-001,CFG-CPL-02,SYNTHETIC_INTERNAL,SNP-COOLIT-20260925-BL,SCN-BASELINE,FCST-101-001,2026-H101,OPP-0001,OPPL-0001,ACC-001,PRG-001,CFG-CPL-02,CLOSED_WON,1,CLOSED,2026-10-06,10,67000,10,CLOSED_PERIOD
TEN-COOLIT-SYN-001,SITE-COOLIT-SYN-01,CRM,FORECAST_SNAPSHOT,FCST-101-002,OPP-0002,RESOLVED,2026-09-04T18:00:00-06:00,2026-09-26T08:00:00-06:00,2026-06-29T00:00:00-06:00,,1,,false,ACTIVE,,USD,VALID,CURRENT,coolit-synthetic-v2.0.0,CUST-002,PRG-002,CFG-RM-03,SYNTHETIC_INTERNAL,SNP-COOLIT-20260925-BL,SCN-BASELINE,FCST-101-002,2026-H101,OPP-0002,OPPL-0002,ACC-002,PRG-002,CFG-RM-03,CLOSED_WON,1,CLOSED,2026-10-13,16,124800,16,CLOSED_PERIOD
TEN-COOLIT-SYN-001,SITE-COOLIT-SYN-01,CRM,FORECAST_SNAPSHOT,FCST-101-003,OPP-0003,RESOLVED,2026-09-04T18:00:00-06:00,2026-09-26T08:00:00-06:00,2026-06-29T00:00:00-06:00,,1,,false,ACTIVE,,USD,VALID,CURRENT,coolit-synthetic-v2.0.0,CUST-003,PRG-003,CFG-CDU-04,SYNTHETIC_INTERNAL,SNP-COOLIT-20260925-BL,SCN-BASELINE,FCST-101-003,2026-H101,OPP-0003,OPPL-0003,ACC-003,PRG-003,CFG-CDU-04,CLOSED_WON,1,CLOSED,2026-10-20,22,2376000,22,CLOSED_PERIOD
TEN-COOLIT-SYN-001,SITE-COOLIT-SYN-01,CRM,FORECAST_SNAPSHOT,FCST-101-004,OPP-0004,RESOLVED,2026-09-04T18:00:00-06:00,2026-09-26T08:00:00-06:00,2026-06-29T00:00:00-06:00,,1,,false,ACTIVE,,USD,VALID,CURRENT,coolit-synthetic-v2.0.0,CUST-004,PRG-004,CFG-RM-01,SYNTHETIC_INTERNAL,SNP-COOLIT-20260925-BL,SCN-BASELINE,FCST-101-004,2026-H101,OPP-0004,OPPL-0004,ACC-004,PRG-004,CFG-RM-01,CLOSED_WON,1,CLOSED,2026-10-27,29,162400,28,CLOSED_PERIOD
TEN-COOLIT-SYN-001,SITE-COOLIT-SYN-01,CRM,FORECAST_SNAPSHOT,FCST-101-005,OPP-0005,RESOLVED,2026-09-04T18:00:00-06:00,2026-09-26T08:00:00-06:00,2026-06-29T00:00:00-06:00,,1,,false,ACTIVE,,USD,VALID,CURRENT,coolit-synthetic-v2.0.0,CUST-005,PRG-005,CFG-CDU-02,SYNTHETIC_INTERNAL,SNP-COOLIT-20260925-BL,SCN-BASELINE,FCST-101-005,2026-H101,OPP-0005,OPPL-0005,ACC-005,PRG-005,CFG-CDU-02,CLOSED_WON,1,CLOSED,2026-11-03,37,3330000,34,CLOSED_PERIOD
TEN-COOLIT-SYN-001,SITE-COOLIT-SYN-01,CRM,FORECAST_SNAPSHOT,FCST-101-006,OPP-0006,RESOLVED,2026-09-04T18:00:00-06:00,2026-09-26T08:00:00-06:00,2026-06-29T00:00:00-06:00,,1,,false,ACTIVE,,USD,VALID,CURRENT,coolit-synthetic-v2.0.0,CUST-006,PRG-006,CFG-CPL-03,SYNTHETIC_INTERNAL,SNP-COOLIT-20260925-BL,SCN-BASELINE,FCST-101-006,2026-H101,OPP-0006,OPPL-0006,ACC-006,PRG-006,CFG-CPL-03,CLOSED_WON,1,CLOSED,2026-11-10,36,280800,40,CLOSED_PERIOD
TEN-COOLIT-SYN-001,SITE-COOLIT-SYN-01,CRM,FORECAST_SNAPSHOT,FCST-101-007,OPP-0007,RESOLVED,2026-09-04T18:00:00-06:00,2026-09-26T08:00:00-06:00,2026-06-29T00:00:00-06:00,,1,,false,ACTIVE,,USD,VALID,CURRENT,coolit-synthetic-v2.0.0,CUST-007,PRG-007,CFG-RM-04,SYNTHETIC_INTERNAL,SNP-COOLIT-20260925-BL,SCN-BASELINE,FCST-101-007,2026-H101,OPP-0007,OPPL-0007,ACC-007,PRG-007,CFG-RM-04,CLOSED_WON,1,CLOSED,2026-11-17,43,382700,46,CLOSED_PERIOD
TEN-COOLIT-SYN-001,SITE-COOLIT-SYN-01,CRM,FORECAST_SNAPSHOT,FCST-101-008,OPP-0008,RESOLVED,2026-09-04T18:00:00-06:00,2026-09-26T08:00:00-06:00,2026-06-29T00:00:00-06:00,,1,,false,ACTIVE,,USD,VALID,CURRENT,coolit-synthetic-v2.0.0,CUST-008,PRG-008,CFG-CPL-01,SYNTHETIC_INTERNAL,SNP-COOLIT-20260925-BL,SCN-BASELINE,FCST-101-008,2026-H101,OPP-0008,OPPL-0008,ACC-008,PRG-008,CFG-CPL-01,CLOSED_WON,1,CLOSED,2026-11-24,50,280000,52,CLOSED_PERIOD
TEN-COOLIT-SYN-001,SITE-COOLIT-SYN-01,CRM,FORECAST_SNAPSHOT,FCST-101-009,OPP-0009,RESOLVED,2026-09-04T18:00:00-06:00,2026-09-26T08:00:00-06:00,2026-06-29T00:00:00-06:00,,1,,false,ACTIVE,,USD,VALID,CURRENT,coolit-synthetic-v2.0.0,CUST-009,PRG-001,CFG-RM-02,SYNTHETIC_INTERNAL,SNP-COOLIT-20260925-BL,SCN-BASELINE,FCST-101-009,2026-H101,OPP-0009,OPPL-0009,ACC-009,PRG-001,CFG-RM-02,CLOSED_WON,1,CLOSED,2026-12-01,57,381900,58,CLOSED_PERIOD
TEN-COOLIT-SYN-001,SITE-COOLIT-SYN-01,CRM,FORECAST_SNAPSHOT,FCST-101-010,OPP-0010,RESOLVED,2026-09-04T18:00:00-06:00,2026-09-26T08:00:00-06:00,2026-06-29T00:00:00-06:00,,1,,false,ACTIVE,,USD,VALID,CURRENT,coolit-synthetic-v2.0.0,CUST-010,PRG-002,CFG-CDU-03,SYNTHETIC_INTERNAL,SNP-COOLIT-20260925-BL,SCN-BASELINE,FCST-101-010,2026-H101,OPP-0010,OPPL-0010,ACC-010,PRG-002,CFG-CDU-03,CLOSED_WON,1,CLOSED,2026-12-08,10,990000,10,CLOSED_PERIOD
TEN-COOLIT-SYN-001,SITE-COOLIT-SYN-01,CRM,FORECAST_SNAPSHOT,FCST-101-011,OPP-0011,RESOLVED,2026-09-04T18:00:00-06:00,2026-09-26T08:00:00-06:00,2026-06-29T00:00:00-06:00,,1,,false,ACTIVE,,USD,VALID,CURRENT,coolit-synthetic-v2.0.0,CUST-001,PRG-003,CFG-CPL-04,SYNTHETIC_INTERNAL,SNP-COOLIT-20260925-BL,SCN-BASELINE,FCST-101-011,2026-H101,OPP-0011,OPPL-0011,ACC-001,PRG-003,CFG-CPL-04,CLOSED_WON,1,CLOSED,2026-12-15,17,151300,16,CLOSED_PERIOD
TEN-COOLIT-SYN-001,SITE-COOLIT-SYN-01,CRM,FORECAST_SNAPSHOT,FCST-101-012,OPP-0012,RESOLVED,2026-09-04T18:00:00-06:00,2026-09-26T08:00:00-06:00,2026-06-29T00:00:00-06:00,,1,,false,ACTIVE,,USD,VALID,CURRENT,coolit-synthetic-v2.0.0,CUST-002,PRG-004,CFG-CDU-01,SYNTHETIC_INTERNAL,SNP-COOLIT-20260925-BL,SCN-BASELINE,FCST-101-012,2026-H101,OPP-0012,OPPL-0012,ACC-002,PRG-004,CFG-CDU-01,CLOSED_WON,1,CLOSED,2026-12-22,24,1944000,22,CLOSED_PERIOD
TEN-COOLIT-SYN-001,SITE-COOLIT-SYN-01,CRM,FORECAST_SNAPSHOT,FCST-101-013,OPP-0013,RESOLVED,2026-09-04T18:00:00-06:00,2026-09-26T08:00:00-06:00,2026-06-29T00:00:00-06:00,,1,,false,ACTIVE,,USD,VALID,CURRENT,coolit-synthetic-v2.0.0,CUST-003,PRG-005,CFG-CPL-02,SYNTHETIC_INTERNAL,SNP-COOLIT-20260925-BL,SCN-BASELINE,FCST-101-013,2026-H101,OPP-0013,OPPL-0013,ACC-003,PRG-005,CFG-CPL-02,CLOSED_WON,1,CLOSED,2026-10-06,25,167500,28,CLOSED_PERIOD
TEN-COOLIT-SYN-001,SITE-COOLIT-SYN-01,CRM,FORECAST_SNAPSHOT,FCST-101-014,OPP-0014,RESOLVED,2026-09-04T18:00:00-06:00,2026-09-26T08:00:00-06:00,2026-06-29T00:00:00-06:00,,1,,false,ACTIVE,,USD,VALID,CURRENT,coolit-synthetic-v2.0.0,CUST-004,PRG-006,CFG-RM-03,SYNTHETIC_INTERNAL,SNP-COOLIT-20260925-BL,SCN-BASELINE,FCST-101-014,2026-H101,OPP-0014,OPPL-0014,ACC-004,PRG-006,CFG-RM-03,CLOSED_WON,1,CLOSED,2026-10-13,32,249600,34,CLOSED_PERIOD
TEN-COOLIT-SYN-001,SITE-COOLIT-SYN-01,CRM,FORECAST_SNAPSHOT,FCST-101-015,OPP-0015,RESOLVED,2026-09-04T18:00:00-06:00,2026-09-26T08:00:00-06:00,2026-06-29T00:00:00-06:00,,1,,false,ACTIVE,,USD,VALID,CURRENT,coolit-synthetic-v2.0.0,CUST-005,PRG-007,CFG-CDU-04,SYNTHETIC_INTERNAL,SNP-COOLIT-20260925-BL,SCN-BASELINE,FCST-101-015,2026-H101,OPP-0015,OPPL-0015,ACC-005,PRG-007,CFG-CDU-04,CLOSED_WON,1,CLOSED,2026-10-20,38,4104000,40,CLOSED_PERIOD
TEN-COOLIT-SYN-001,SITE-COOLIT-SYN-01,CRM,FORECAST_SNAPSHOT,FCST-102-001,OPP-0001,RESOLVED,2026-09-11T18:00:00-06:00,2026-09-26T08:00:00-06:00,2026-06-29T00:00:00-06:00,,1,,false,ACTIVE,,USD,VALID,CURRENT,coolit-synthetic-v2.0.0,CUST-001,PRG-001,CFG-CPL-02,SYNTHETIC_INTERNAL,SNP-COOLIT-20260925-BL,SCN-BASELINE,FCST-102-001,2026-H102,OPP-0001,OPPL-0001,ACC-001,PRG-001,CFG-CPL-02,CLOSED_WON,1,CLOSED,2026-10-10,10,67000,10,CLOSED_PERIOD
TEN-COOLIT-SYN-001,SITE-COOLIT-SYN-01,CRM,FORECAST_SNAPSHOT,FCST-102-002,OPP-0002,RESOLVED,2026-09-11T18:00:00-06:00,2026-09-26T08:00:00-06:00,2026-06-29T00:00:00-06:00,,1,,false,ACTIVE,,USD,VALID,CURRENT,coolit-synthetic-v2.0.0,CUST-002,PRG-002,CFG-RM-03,SYNTHETIC_INTERNAL,SNP-COOLIT-20260925-BL,SCN-BASELINE,FCST-102-002,2026-H102,OPP-0002,OPPL-0002,ACC-002,PRG-002,CFG-RM-03,CLOSED_WON,1,CLOSED,2026-10-17,16,124800,16,CLOSED_PERIOD
TEN-COOLIT-SYN-001,SITE-COOLIT-SYN-01,CRM,FORECAST_SNAPSHOT,FCST-102-003,OPP-0003,RESOLVED,2026-09-11T18:00:00-06:00,2026-09-26T08:00:00-06:00,2026-06-29T00:00:00-06:00,,1,,false,ACTIVE,,USD,VALID,CURRENT,coolit-synthetic-v2.0.0,CUST-003,PRG-003,CFG-CDU-04,SYNTHETIC_INTERNAL,SNP-COOLIT-20260925-BL,SCN-BASELINE,FCST-102-003,2026-H102,OPP-0003,OPPL-0003,ACC-003,PRG-003,CFG-CDU-04,CLOSED_WON,1,CLOSED,2026-10-24,23,2484000,22,CLOSED_PERIOD
TEN-COOLIT-SYN-001,SITE-COOLIT-SYN-01,CRM,FORECAST_SNAPSHOT,FCST-102-004,OPP-0004,RESOLVED,2026-09-11T18:00:00-06:00,2026-09-26T08:00:00-06:00,2026-06-29T00:00:00-06:00,,1,,false,ACTIVE,,USD,VALID,CURRENT,coolit-synthetic-v2.0.0,CUST-004,PRG-004,CFG-RM-01,SYNTHETIC_INTERNAL,SNP-COOLIT-20260925-BL,SCN-BASELINE,FCST-102-004,2026-H102,OPP-0004,OPPL-0004,ACC-004,PRG-004,CFG-RM-01,CLOSED_WON,1,CLOSED,2026-10-31,30,168000,28,CLOSED_PERIOD
TEN-COOLIT-SYN-001,SITE-COOLIT-SYN-01,CRM,FORECAST_SNAPSHOT,FCST-102-005,OPP-0005,RESOLVED,2026-09-11T18:00:00-06:00,2026-09-26T08:00:00-06:00,2026-06-29T00:00:00-06:00,,1,,false,ACTIVE,,USD,VALID,CURRENT,coolit-synthetic-v2.0.0,CUST-005,PRG-005,CFG-CDU-02,SYNTHETIC_INTERNAL,SNP-COOLIT-20260925-BL,SCN-BASELINE,FCST-102-005,2026-H102,OPP-0005,OPPL-0005,ACC-005,PRG-005,CFG-CDU-02,CLOSED_WON,1,CLOSED,2026-11-07,31,2790000,34,CLOSED_PERIOD
TEN-COOLIT-SYN-001,SITE-COOLIT-SYN-01,CRM,FORECAST_SNAPSHOT,FCST-102-006,OPP-0006,RESOLVED,2026-09-11T18:00:00-06:00,2026-09-26T08:00:00-06:00,2026-06-29T00:00:00-06:00,,1,,false,ACTIVE,,USD,VALID,CURRENT,coolit-synthetic-v2.0.0,CUST-006,PRG-006,CFG-CPL-03,SYNTHETIC_INTERNAL,SNP-COOLIT-20260925-BL,SCN-BASELINE,FCST-102-006,2026-H102,OPP-0006,OPPL-0006,ACC-006,PRG-006,CFG-CPL-03,CLOSED_WON,1,CLOSED,2026-11-14,37,288600,40,CLOSED_PERIOD
TEN-COOLIT-SYN-001,SITE-COOLIT-SYN-01,CRM,FORECAST_SNAPSHOT,FCST-102-007,OPP-0007,RESOLVED,2026-09-11T18:00:00-06:00,2026-09-26T08:00:00-06:00,2026-06-29T00:00:00-06:00,,1,,false,ACTIVE,,USD,VALID,CURRENT,coolit-synthetic-v2.0.0,CUST-007,PRG-007,CFG-RM-04,SYNTHETIC_INTERNAL,SNP-COOLIT-20260925-BL,SCN-BASELINE,FCST-102-007,2026-H102,OPP-0007,OPPL-0007,ACC-007,PRG-007,CFG-RM-04,CLOSED_WON,1,CLOSED,2026-11-21,44,391600,46,CLOSED_PERIOD
TEN-COOLIT-SYN-001,SITE-COOLIT-SYN-01,CRM,FORECAST_SNAPSHOT,FCST-102-008,OPP-0008,RESOLVED,2026-09-11T18:00:00-06:00,2026-09-26T08:00:00-06:00,2026-06-29T00:00:00-06:00,,1,,false,ACTIVE,,USD,VALID,CURRENT,coolit-synthetic-v2.0.0,CUST-008,PRG-008,CFG-CPL-01,SYNTHETIC_INTERNAL,SNP-COOLIT-20260925-BL,SCN-BASELINE,FCST-102-008,2026-H102,OPP-0008,OPPL-0008,ACC-008,PRG-008,CFG-CPL-01,CLOSED_WON,1,CLOSED,2026-11-28,51,285600,52,CLOSED_PERIOD
TEN-COOLIT-SYN-001,SITE-COOLIT-SYN-01,CRM,FORECAST_SNAPSHOT,FCST-102-009,OPP-0009,RESOLVED,2026-09-11T18:00:00-06:00,2026-09-26T08:00:00-06:00,2026-06-29T00:00:00-06:00,,1,,false,ACTIVE,,USD,VALID,CURRENT,coolit-synthetic-v2.0.0,CUST-009,PRG-001,CFG-RM-02,SYNTHETIC_INTERNAL,SNP-COOLIT-20260925-BL,SCN-BASELINE,FCST-102-009,2026-H102,OPP-0009,OPPL-0009,ACC-009,PRG-001,CFG-RM-02,CLOSED_WON,1,CLOSED,2026-12-05,59,395300,58,CLOSED_PERIOD
TEN-COOLIT-SYN-001,SITE-COOLIT-SYN-01,CRM,FORECAST_SNAPSHOT,FCST-102-010,OPP-0010,RESOLVED,2026-09-11T18:00:00-06:00,2026-09-26T08:00:00-06:00,2026-06-29T00:00:00-06:00,,1,,false,ACTIVE,,USD,VALID,CURRENT,coolit-synthetic-v2.0.0,CUST-010,PRG-002,CFG-CDU-03,SYNTHETIC_INTERNAL,SNP-COOLIT-20260925-BL,SCN-BASELINE,FCST-102-010,2026-H102,OPP-0010,OPPL-0010,ACC-010,PRG-002,CFG-CDU-03,CLOSED_WON,1,CLOSED,2026-12-12,11,1089000,10,CLOSED_PERIOD
TEN-COOLIT-SYN-001,SITE-COOLIT-SYN-01,CRM,FORECAST_SNAPSHOT,FCST-102-011,OPP-0011,RESOLVED,2026-09-11T18:00:00-06:00,2026-09-26T08:00:00-06:00,2026-06-29T00:00:00-06:00,,1,,false,ACTIVE,,USD,VALID,CURRENT,coolit-synthetic-v2.0.0,CUST-001,PRG-003,CFG-CPL-04,SYNTHETIC_INTERNAL,SNP-COOLIT-20260925-BL,SCN-BASELINE,FCST-102-011,2026-H102,OPP-0011,OPPL-0011,ACC-001,PRG-003,CFG-CPL-04,CLOSED_WON,1,CLOSED,2026-12-19,17,151300,16,CLOSED_PERIOD
TEN-COOLIT-SYN-001,SITE-COOLIT-SYN-01,CRM,FORECAST_SNAPSHOT,FCST-102-012,OPP-0012,RESOLVED,2026-09-11T18:00:00-06:00,2026-09-26T08:00:00-06:00,2026-06-29T00:00:00-06:00,,1,,false,ACTIVE,,USD,VALID,CURRENT,coolit-synthetic-v2.0.0,CUST-002,PRG-004,CFG-CDU-01,SYNTHETIC_INTERNAL,SNP-COOLIT-20260925-BL,SCN-BASELINE,FCST-102-012,2026-H102,OPP-0012,OPPL-0012,ACC-002,PRG-004,CFG-CDU-01,CLOSED_WON,1,CLOSED,2026-12-26,20,1620000,22,CLOSED_PERIOD
TEN-COOLIT-SYN-001,SITE-COOLIT-SYN-01,CRM,FORECAST_SNAPSHOT,FCST-102-013,OPP-0013,RESOLVED,2026-09-11T18:00:00-06:00,2026-09-26T08:00:00-06:00,2026-06-29T00:00:00-06:00,,1,,false,ACTIVE,,USD,VALID,CURRENT,coolit-synthetic-v2.0.0,CUST-003,PRG-005,CFG-CPL-02,SYNTHETIC_INTERNAL,SNP-COOLIT-20260925-BL,SCN-BASELINE,FCST-102-013,2026-H102,OPP-0013,OPPL-0013,ACC-003,PRG-005,CFG-CPL-02,CLOSED_WON,1,CLOSED,2026-10-10,26,174200,28,CLOSED_PERIOD
TEN-COOLIT-SYN-001,SITE-COOLIT-SYN-01,CRM,FORECAST_SNAPSHOT,FCST-102-014,OPP-0014,RESOLVED,2026-09-11T18:00:00-06:00,2026-09-26T08:00:00-06:00,2026-06-29T00:00:00-06:00,,1,,false,ACTIVE,,USD,VALID,CURRENT,coolit-synthetic-v2.0.0,CUST-004,PRG-006,CFG-RM-03,SYNTHETIC_INTERNAL,SNP-COOLIT-20260925-BL,SCN-BASELINE,FCST-102-014,2026-H102,OPP-0014,OPPL-0014,ACC-004,PRG-006,CFG-RM-03,CLOSED_WON,1,CLOSED,2026-10-17,33,257400,34,CLOSED_PERIOD
TEN-COOLIT-SYN-001,SITE-COOLIT-SYN-01,CRM,FORECAST_SNAPSHOT,FCST-102-015,OPP-0015,RESOLVED,2026-09-11T18:00:00-06:00,2026-09-26T08:00:00-06:00,2026-06-29T00:00:00-06:00,,1,,false,ACTIVE,,USD,VALID,CURRENT,coolit-synthetic-v2.0.0,CUST-005,PRG-007,CFG-CDU-04,SYNTHETIC_INTERNAL,SNP-COOLIT-20260925-BL,SCN-BASELINE,FCST-102-015,2026-H102,OPP-0015,OPPL-0015,ACC-005,PRG-007,CFG-CDU-04,CLOSED_WON,1,CLOSED,2026-10-24,40,4320000,40,CLOSED_PERIOD
TEN-COOLIT-SYN-001,SITE-COOLIT-SYN-01,CRM,FORECAST_SNAPSHOT,FCST-103-001,OPP-0001,RESOLVED,2026-09-18T18:00:00-06:00,2026-09-26T08:00:00-06:00,2026-06-29T00:00:00-06:00,,1,,false,ACTIVE,,USD,VALID,CURRENT,coolit-synthetic-v2.0.0,CUST-001,PRG-001,CFG-CPL-02,SYNTHETIC_INTERNAL,SNP-COOLIT-20260925-BL,SCN-BASELINE,FCST-103-001,2026-H103,OPP-0001,OPPL-0001,ACC-001,PRG-001,CFG-CPL-02,CLOSED_WON,1,CLOSED,2026-10-14,10,67000,10,CLOSED_PERIOD
TEN-COOLIT-SYN-001,SITE-COOLIT-SYN-01,CRM,FORECAST_SNAPSHOT,FCST-103-002,OPP-0002,RESOLVED,2026-09-18T18:00:00-06:00,2026-09-26T08:00:00-06:00,2026-06-29T00:00:00-06:00,,1,,false,ACTIVE,,USD,VALID,CURRENT,coolit-synthetic-v2.0.0,CUST-002,PRG-002,CFG-RM-03,SYNTHETIC_INTERNAL,SNP-COOLIT-20260925-BL,SCN-BASELINE,FCST-103-002,2026-H103,OPP-0002,OPPL-0002,ACC-002,PRG-002,CFG-RM-03,CLOSED_WON,1,CLOSED,2026-10-21,17,132600,16,CLOSED_PERIOD
TEN-COOLIT-SYN-001,SITE-COOLIT-SYN-01,CRM,FORECAST_SNAPSHOT,FCST-103-003,OPP-0003,RESOLVED,2026-09-18T18:00:00-06:00,2026-09-26T08:00:00-06:00,2026-06-29T00:00:00-06:00,,1,,false,ACTIVE,,USD,VALID,CURRENT,coolit-synthetic-v2.0.0,CUST-003,PRG-003,CFG-CDU-04,SYNTHETIC_INTERNAL,SNP-COOLIT-20260925-BL,SCN-BASELINE,FCST-103-003,2026-H103,OPP-0003,OPPL-0003,ACC-003,PRG-003,CFG-CDU-04,CLOSED_WON,1,CLOSED,2026-10-28,24,2592000,22,CLOSED_PERIOD
TEN-COOLIT-SYN-001,SITE-COOLIT-SYN-01,CRM,FORECAST_SNAPSHOT,FCST-103-004,OPP-0004,RESOLVED,2026-09-18T18:00:00-06:00,2026-09-26T08:00:00-06:00,2026-06-29T00:00:00-06:00,,1,,false,ACTIVE,,USD,VALID,CURRENT,coolit-synthetic-v2.0.0,CUST-004,PRG-004,CFG-RM-01,SYNTHETIC_INTERNAL,SNP-COOLIT-20260925-BL,SCN-BASELINE,FCST-103-004,2026-H103,OPP-0004,OPPL-0004,ACC-004,PRG-004,CFG-RM-01,CLOSED_WON,1,CLOSED,2026-11-04,25,140000,28,CLOSED_PERIOD
TEN-COOLIT-SYN-001,SITE-COOLIT-SYN-01,CRM,FORECAST_SNAPSHOT,FCST-103-005,OPP-0005,RESOLVED,2026-09-18T18:00:00-06:00,2026-09-26T08:00:00-06:00,2026-06-29T00:00:00-06:00,,1,,false,ACTIVE,,USD,VALID,CURRENT,coolit-synthetic-v2.0.0,CUST-005,PRG-005,CFG-CDU-02,SYNTHETIC_INTERNAL,SNP-COOLIT-20260925-BL,SCN-BASELINE,FCST-103-005,2026-H103,OPP-0005,OPPL-0005,ACC-005,PRG-005,CFG-CDU-02,CLOSED_WON,1,CLOSED,2026-11-11,32,2880000,34,CLOSED_PERIOD
TEN-COOLIT-SYN-001,SITE-COOLIT-SYN-01,CRM,FORECAST_SNAPSHOT,FCST-103-006,OPP-0006,RESOLVED,2026-09-18T18:00:00-06:00,2026-09-26T08:00:00-06:00,2026-06-29T00:00:00-06:00,,1,,false,ACTIVE,,USD,VALID,CURRENT,coolit-synthetic-v2.0.0,CUST-006,PRG-006,CFG-CPL-03,SYNTHETIC_INTERNAL,SNP-COOLIT-20260925-BL,SCN-BASELINE,FCST-103-006,2026-H103,OPP-0006,OPPL-0006,ACC-006,PRG-006,CFG-CPL-03,CLOSED_WON,1,CLOSED,2026-11-18,38,296400,40,CLOSED_PERIOD
TEN-COOLIT-SYN-001,SITE-COOLIT-SYN-01,CRM,FORECAST_SNAPSHOT,FCST-103-007,OPP-0007,RESOLVED,2026-09-18T18:00:00-06:00,2026-09-26T08:00:00-06:00,2026-06-29T00:00:00-06:00,,1,,false,ACTIVE,,USD,VALID,CURRENT,coolit-synthetic-v2.0.0,CUST-007,PRG-007,CFG-RM-04,SYNTHETIC_INTERNAL,SNP-COOLIT-20260925-BL,SCN-BASELINE,FCST-103-007,2026-H103,OPP-0007,OPPL-0007,ACC-007,PRG-007,CFG-RM-04,CLOSED_WON,1,CLOSED,2026-11-25,46,409400,46,CLOSED_PERIOD
TEN-COOLIT-SYN-001,SITE-COOLIT-SYN-01,CRM,FORECAST_SNAPSHOT,FCST-103-008,OPP-0008,RESOLVED,2026-09-18T18:00:00-06:00,2026-09-26T08:00:00-06:00,2026-06-29T00:00:00-06:00,,1,,false,ACTIVE,,USD,VALID,CURRENT,coolit-synthetic-v2.0.0,CUST-008,PRG-008,CFG-CPL-01,SYNTHETIC_INTERNAL,SNP-COOLIT-20260925-BL,SCN-BASELINE,FCST-103-008,2026-H103,OPP-0008,OPPL-0008,ACC-008,PRG-008,CFG-CPL-01,CLOSED_WON,1,CLOSED,2026-12-02,53,296800,52,CLOSED_PERIOD
TEN-COOLIT-SYN-001,SITE-COOLIT-SYN-01,CRM,FORECAST_SNAPSHOT,FCST-103-009,OPP-0009,RESOLVED,2026-09-18T18:00:00-06:00,2026-09-26T08:00:00-06:00,2026-06-29T00:00:00-06:00,,1,,false,ACTIVE,,USD,VALID,CURRENT,coolit-synthetic-v2.0.0,CUST-009,PRG-001,CFG-RM-02,SYNTHETIC_INTERNAL,SNP-COOLIT-20260925-BL,SCN-BASELINE,FCST-103-009,2026-H103,OPP-0009,OPPL-0009,ACC-009,PRG-001,CFG-RM-02,CLOSED_WON,1,CLOSED,2026-12-09,61,408700,58,CLOSED_PERIOD
TEN-COOLIT-SYN-001,SITE-COOLIT-SYN-01,CRM,FORECAST_SNAPSHOT,FCST-103-010,OPP-0010,RESOLVED,2026-09-18T18:00:00-06:00,2026-09-26T08:00:00-06:00,2026-06-29T00:00:00-06:00,,1,,false,ACTIVE,,USD,VALID,CURRENT,coolit-synthetic-v2.0.0,CUST-010,PRG-002,CFG-CDU-03,SYNTHETIC_INTERNAL,SNP-COOLIT-20260925-BL,SCN-BASELINE,FCST-103-010,2026-H103,OPP-0010,OPPL-0010,ACC-010,PRG-002,CFG-CDU-03,CLOSED_WON,1,CLOSED,2026-12-16,11,1089000,10,CLOSED_PERIOD
TEN-COOLIT-SYN-001,SITE-COOLIT-SYN-01,CRM,FORECAST_SNAPSHOT,FCST-103-011,OPP-0011,RESOLVED,2026-09-18T18:00:00-06:00,2026-09-26T08:00:00-06:00,2026-06-29T00:00:00-06:00,,1,,false,ACTIVE,,USD,VALID,CURRENT,coolit-synthetic-v2.0.0,CUST-001,PRG-003,CFG-CPL-04,SYNTHETIC_INTERNAL,SNP-COOLIT-20260925-BL,SCN-BASELINE,FCST-103-011,2026-H103,OPP-0011,OPPL-0011,ACC-001,PRG-003,CFG-CPL-04,CLOSED_WON,1,CLOSED,2026-12-23,14,124600,16,CLOSED_PERIOD
TEN-COOLIT-SYN-001,SITE-COOLIT-SYN-01,CRM,FORECAST_SNAPSHOT,FCST-103-012,OPP-0012,RESOLVED,2026-09-18T18:00:00-06:00,2026-09-26T08:00:00-06:00,2026-06-29T00:00:00-06:00,,1,,false,ACTIVE,,USD,VALID,CURRENT,coolit-synthetic-v2.0.0,CUST-002,PRG-004,CFG-CDU-01,SYNTHETIC_INTERNAL,SNP-COOLIT-20260925-BL,SCN-BASELINE,FCST-103-012,2026-H103,OPP-0012,OPPL-0012,ACC-002,PRG-004,CFG-CDU-01,CLOSED_WON,1,CLOSED,2026-12-30,20,1620000,22,CLOSED_PERIOD
TEN-COOLIT-SYN-001,SITE-COOLIT-SYN-01,CRM,FORECAST_SNAPSHOT,FCST-103-013,OPP-0013,RESOLVED,2026-09-18T18:00:00-06:00,2026-09-26T08:00:00-06:00,2026-06-29T00:00:00-06:00,,1,,false,ACTIVE,,USD,VALID,CURRENT,coolit-synthetic-v2.0.0,CUST-003,PRG-005,CFG-CPL-02,SYNTHETIC_INTERNAL,SNP-COOLIT-20260925-BL,SCN-BASELINE,FCST-103-013,2026-H103,OPP-0013,OPPL-0013,ACC-003,PRG-005,CFG-CPL-02,CLOSED_WON,1,CLOSED,2026-10-14,27,180900,28,CLOSED_PERIOD
TEN-COOLIT-SYN-001,SITE-COOLIT-SYN-01,CRM,FORECAST_SNAPSHOT,FCST-103-014,OPP-0014,RESOLVED,2026-09-18T18:00:00-06:00,2026-09-26T08:00:00-06:00,2026-06-29T00:00:00-06:00,,1,,false,ACTIVE,,USD,VALID,CURRENT,coolit-synthetic-v2.0.0,CUST-004,PRG-006,CFG-RM-03,SYNTHETIC_INTERNAL,SNP-COOLIT-20260925-BL,SCN-BASELINE,FCST-103-014,2026-H103,OPP-0014,OPPL-0014,ACC-004,PRG-006,CFG-RM-03,CLOSED_WON,1,CLOSED,2026-10-21,34,265200,34,CLOSED_PERIOD
TEN-COOLIT-SYN-001,SITE-COOLIT-SYN-01,CRM,FORECAST_SNAPSHOT,FCST-103-015,OPP-0015,RESOLVED,2026-09-18T18:00:00-06:00,2026-09-26T08:00:00-06:00,2026-06-29T00:00:00-06:00,,1,,false,ACTIVE,,USD,VALID,CURRENT,coolit-synthetic-v2.0.0,CUST-005,PRG-007,CFG-CDU-04,SYNTHETIC_INTERNAL,SNP-COOLIT-20260925-BL,SCN-BASELINE,FCST-103-015,2026-H103,OPP-0015,OPPL-0015,ACC-005,PRG-007,CFG-CDU-04,CLOSED_WON,1,CLOSED,2026-10-28,41,4428000,40,CLOSED_PERIOD
TEN-COOLIT-SYN-001,SITE-COOLIT-SYN-01,CRM,FORECAST_SNAPSHOT,FCST-104-001,OPP-0001,RESOLVED,2026-09-25T18:00:00-06:00,2026-09-26T08:00:00-06:00,2026-06-29T00:00:00-06:00,,1,,false,ACTIVE,,USD,VALID,CURRENT,coolit-synthetic-v2.0.0,CUST-001,PRG-001,CFG-CPL-02,SYNTHETIC_INTERNAL,SNP-COOLIT-20260925-BL,SCN-BASELINE,FCST-104-001,2026-H104,OPP-0001,OPPL-0001,ACC-001,PRG-001,CFG-CPL-02,CLOSED_WON,1,CLOSED,2026-10-18,11,73700,10,CLOSED_PERIOD
TEN-COOLIT-SYN-001,SITE-COOLIT-SYN-01,CRM,FORECAST_SNAPSHOT,FCST-104-002,OPP-0002,RESOLVED,2026-09-25T18:00:00-06:00,2026-09-26T08:00:00-06:00,2026-06-29T00:00:00-06:00,,1,,false,ACTIVE,,USD,VALID,CURRENT,coolit-synthetic-v2.0.0,CUST-002,PRG-002,CFG-RM-03,SYNTHETIC_INTERNAL,SNP-COOLIT-20260925-BL,SCN-BASELINE,FCST-104-002,2026-H104,OPP-0002,OPPL-0002,ACC-002,PRG-002,CFG-RM-03,CLOSED_WON,1,CLOSED,2026-10-25,17,132600,16,CLOSED_PERIOD
TEN-COOLIT-SYN-001,SITE-COOLIT-SYN-01,CRM,FORECAST_SNAPSHOT,FCST-104-003,OPP-0003,RESOLVED,2026-09-25T18:00:00-06:00,2026-09-26T08:00:00-06:00,2026-06-29T00:00:00-06:00,,1,,false,ACTIVE,,USD,VALID,CURRENT,coolit-synthetic-v2.0.0,CUST-003,PRG-003,CFG-CDU-04,SYNTHETIC_INTERNAL,SNP-COOLIT-20260925-BL,SCN-BASELINE,FCST-104-003,2026-H104,OPP-0003,OPPL-0003,ACC-003,PRG-003,CFG-CDU-04,CLOSED_WON,1,CLOSED,2026-11-01,20,2160000,22,CLOSED_PERIOD
TEN-COOLIT-SYN-001,SITE-COOLIT-SYN-01,CRM,FORECAST_SNAPSHOT,FCST-104-004,OPP-0004,RESOLVED,2026-09-25T18:00:00-06:00,2026-09-26T08:00:00-06:00,2026-06-29T00:00:00-06:00,,1,,false,ACTIVE,,USD,VALID,CURRENT,coolit-synthetic-v2.0.0,CUST-004,PRG-004,CFG-RM-01,SYNTHETIC_INTERNAL,SNP-COOLIT-20260925-BL,SCN-BASELINE,FCST-104-004,2026-H104,OPP-0004,OPPL-0004,ACC-004,PRG-004,CFG-RM-01,CLOSED_WON,1,CLOSED,2026-11-08,26,145600,28,CLOSED_PERIOD
TEN-COOLIT-SYN-001,SITE-COOLIT-SYN-01,CRM,FORECAST_SNAPSHOT,FCST-104-005,OPP-0005,RESOLVED,2026-09-25T18:00:00-06:00,2026-09-26T08:00:00-06:00,2026-06-29T00:00:00-06:00,,1,,false,ACTIVE,,USD,VALID,CURRENT,coolit-synthetic-v2.0.0,CUST-005,PRG-005,CFG-CDU-02,SYNTHETIC_INTERNAL,SNP-COOLIT-20260925-BL,SCN-BASELINE,FCST-104-005,2026-H104,OPP-0005,OPPL-0005,ACC-005,PRG-005,CFG-CDU-02,CLOSED_WON,1,CLOSED,2026-11-15,33,2970000,34,CLOSED_PERIOD
TEN-COOLIT-SYN-001,SITE-COOLIT-SYN-01,CRM,FORECAST_SNAPSHOT,FCST-104-006,OPP-0006,RESOLVED,2026-09-25T18:00:00-06:00,2026-09-26T08:00:00-06:00,2026-06-29T00:00:00-06:00,,1,,false,ACTIVE,,USD,VALID,CURRENT,coolit-synthetic-v2.0.0,CUST-006,PRG-006,CFG-CPL-03,SYNTHETIC_INTERNAL,SNP-COOLIT-20260925-BL,SCN-BASELINE,FCST-104-006,2026-H104,OPP-0006,OPPL-0006,ACC-006,PRG-006,CFG-CPL-03,CLOSED_WON,1,CLOSED,2026-11-22,40,312000,40,CLOSED_PERIOD
TEN-COOLIT-SYN-001,SITE-COOLIT-SYN-01,CRM,FORECAST_SNAPSHOT,FCST-104-007,OPP-0007,RESOLVED,2026-09-25T18:00:00-06:00,2026-09-26T08:00:00-06:00,2026-06-29T00:00:00-06:00,,1,,false,ACTIVE,,USD,VALID,CURRENT,coolit-synthetic-v2.0.0,CUST-007,PRG-007,CFG-RM-04,SYNTHETIC_INTERNAL,SNP-COOLIT-20260925-BL,SCN-BASELINE,FCST-104-007,2026-H104,OPP-0007,OPPL-0007,ACC-007,PRG-007,CFG-RM-04,CLOSED_WON,1,CLOSED,2026-11-29,47,418300,46,CLOSED_PERIOD
TEN-COOLIT-SYN-001,SITE-COOLIT-SYN-01,CRM,FORECAST_SNAPSHOT,FCST-104-008,OPP-0008,RESOLVED,2026-09-25T18:00:00-06:00,2026-09-26T08:00:00-06:00,2026-06-29T00:00:00-06:00,,1,,false,ACTIVE,,USD,VALID,CURRENT,coolit-synthetic-v2.0.0,CUST-008,PRG-008,CFG-CPL-01,SYNTHETIC_INTERNAL,SNP-COOLIT-20260925-BL,SCN-BASELINE,FCST-104-008,2026-H104,OPP-0008,OPPL-0008,ACC-008,PRG-008,CFG-CPL-01,CLOSED_WON,1,CLOSED,2026-12-06,55,308000,52,CLOSED_PERIOD
TEN-COOLIT-SYN-001,SITE-COOLIT-SYN-01,CRM,FORECAST_SNAPSHOT,FCST-104-009,OPP-0009,RESOLVED,2026-09-25T18:00:00-06:00,2026-09-26T08:00:00-06:00,2026-06-29T00:00:00-06:00,,1,,false,ACTIVE,,USD,VALID,CURRENT,coolit-synthetic-v2.0.0,CUST-009,PRG-001,CFG-RM-02,SYNTHETIC_INTERNAL,SNP-COOLIT-20260925-BL,SCN-BASELINE,FCST-104-009,2026-H104,OPP-0009,OPPL-0009,ACC-009,PRG-001,CFG-RM-02,CLOSED_WON,1,CLOSED,2026-12-13,63,422100,58,CLOSED_PERIOD
TEN-COOLIT-SYN-001,SITE-COOLIT-SYN-01,CRM,FORECAST_SNAPSHOT,FCST-104-010,OPP-0010,RESOLVED,2026-09-25T18:00:00-06:00,2026-09-26T08:00:00-06:00,2026-06-29T00:00:00-06:00,,1,,false,ACTIVE,,USD,VALID,CURRENT,coolit-synthetic-v2.0.0,CUST-010,PRG-002,CFG-CDU-03,SYNTHETIC_INTERNAL,SNP-COOLIT-20260925-BL,SCN-BASELINE,FCST-104-010,2026-H104,OPP-0010,OPPL-0010,ACC-010,PRG-002,CFG-CDU-03,CLOSED_WON,1,CLOSED,2026-12-20,9,891000,10,CLOSED_PERIOD
TEN-COOLIT-SYN-001,SITE-COOLIT-SYN-01,CRM,FORECAST_SNAPSHOT,FCST-104-011,OPP-0011,RESOLVED,2026-09-25T18:00:00-06:00,2026-09-26T08:00:00-06:00,2026-06-29T00:00:00-06:00,,1,,false,ACTIVE,,USD,VALID,CURRENT,coolit-synthetic-v2.0.0,CUST-001,PRG-003,CFG-CPL-04,SYNTHETIC_INTERNAL,SNP-COOLIT-20260925-BL,SCN-BASELINE,FCST-104-011,2026-H104,OPP-0011,OPPL-0011,ACC-001,PRG-003,CFG-CPL-04,CLOSED_WON,1,CLOSED,2026-12-27,15,133500,16,CLOSED_PERIOD
TEN-COOLIT-SYN-001,SITE-COOLIT-SYN-01,CRM,FORECAST_SNAPSHOT,FCST-104-012,OPP-0012,RESOLVED,2026-09-25T18:00:00-06:00,2026-09-26T08:00:00-06:00,2026-06-29T00:00:00-06:00,,1,,false,ACTIVE,,USD,VALID,CURRENT,coolit-synthetic-v2.0.0,CUST-002,PRG-004,CFG-CDU-01,SYNTHETIC_INTERNAL,SNP-COOLIT-20260925-BL,SCN-BASELINE,FCST-104-012,2026-H104,OPP-0012,OPPL-0012,ACC-002,PRG-004,CFG-CDU-01,CLOSED_WON,1,CLOSED,2027-01-03,21,1701000,22,CLOSED_PERIOD
TEN-COOLIT-SYN-001,SITE-COOLIT-SYN-01,CRM,FORECAST_SNAPSHOT,FCST-104-013,OPP-0013,RESOLVED,2026-09-25T18:00:00-06:00,2026-09-26T08:00:00-06:00,2026-06-29T00:00:00-06:00,,1,,false,ACTIVE,,USD,VALID,CURRENT,coolit-synthetic-v2.0.0,CUST-003,PRG-005,CFG-CPL-02,SYNTHETIC_INTERNAL,SNP-COOLIT-20260925-BL,SCN-BASELINE,FCST-104-013,2026-H104,OPP-0013,OPPL-0013,ACC-003,PRG-005,CFG-CPL-02,CLOSED_WON,1,CLOSED,2026-10-18,28,187600,28,CLOSED_PERIOD
TEN-COOLIT-SYN-001,SITE-COOLIT-SYN-01,CRM,FORECAST_SNAPSHOT,FCST-104-014,OPP-0014,RESOLVED,2026-09-25T18:00:00-06:00,2026-09-26T08:00:00-06:00,2026-06-29T00:00:00-06:00,,1,,false,ACTIVE,,USD,VALID,CURRENT,coolit-synthetic-v2.0.0,CUST-004,PRG-006,CFG-RM-03,SYNTHETIC_INTERNAL,SNP-COOLIT-20260925-BL,SCN-BASELINE,FCST-104-014,2026-H104,OPP-0014,OPPL-0014,ACC-004,PRG-006,CFG-RM-03,CLOSED_WON,1,CLOSED,2026-10-25,35,273000,34,CLOSED_PERIOD
TEN-COOLIT-SYN-001,SITE-COOLIT-SYN-01,CRM,FORECAST_SNAPSHOT,FCST-104-015,OPP-0015,RESOLVED,2026-09-25T18:00:00-06:00,2026-09-26T08:00:00-06:00,2026-06-29T00:00:00-06:00,,1,,false,ACTIVE,,USD,VALID,CURRENT,coolit-synthetic-v2.0.0,CUST-005,PRG-007,CFG-CDU-04,SYNTHETIC_INTERNAL,SNP-COOLIT-20260925-BL,SCN-BASELINE,FCST-104-015,2026-H104,OPP-0015,OPPL-0015,ACC-005,PRG-007,CFG-CDU-04,CLOSED_WON,1,CLOSED,2026-11-01,42,4536000,40,CLOSED_PERIOD
